prior_record_key	prior_kind	source_path	source_row_number	prior_id	prior_status	prior_record_sha256	current_disposition	successor_obligation_ids_json	successor_artifact_refs_json	closure_effect	record_sha256
R16B-PRIOR-RECORD:ed4f3bf4091f51789d3aa23a7f31a707f6c3280c6cfb49812c0efd48e80f0b02	ASSOCIATION_REVIEW_QUEUE	docs/audits/v49-exploration-higher-order-association-closure-round16b/raw/conditional-scoped-child-reroute-queue-tranche-a-v1.tsv	4	R16B-CONDITIONAL-REVIEW:24f4892aa686a0bd598d4804740a81645f02786ac523060e6370b7c66ccdfd4d	"{""counterevidence_review_status"":""OPEN_FALSIFICATION_AND_CONFLICT_SEARCH"",""human_review_status"":""OPEN_EXTERNAL_DESIGN_HISTORY_REVIEW"",""queue_status"":""CONDITIONAL_REVIEW_ONLY_NOT_ASSOCIATION"",""rights_review_status"":""OPEN"",""source_text_review_status"":""OPEN_REVIEW_LOCATOR_BEARING_INPUT_AGAINST_LAWFULLY_ACCESSED_TEXT""}"	32f02f8a81b716c779bcf6f042f18430504e68a0fd1b1cdf13c71d23352df25e	SUPERSEDED_BY_OPEN_OBLIGATION	"[""R16B-CURRENT-OBLIGATION:OPEN_ASSOCIATION_REVIEW_QUEUE""]"	"[""docs/audits/v49-exploration-higher-order-association-closure-round16b/raw/recursive-gap-current-obligation-ledger-checkpoint012-v1.tsv"",""docs/audits/v49-exploration-higher-order-association-closure-round16b/raw/round16a-global-reconciliation-census-v1.json""]"	CURRENT_SUCCESSOR_BLOCKS_AT_LEAST_ONE_CLOSURE	b5936fc0100bec8ead3af86dfc6bb82a0e5b5ef79359a29a39983d63e0d361b9
R16B-PRIOR-RECORD:0600dbfc22e95273d3eaa9c0ca11c9a989023807474ac63515e6e89920be1536	ASSOCIATION_REVIEW_QUEUE	docs/audits/v49-exploration-higher-order-association-closure-round16b/raw/conditional-scoped-child-reroute-queue-tranche-a-v1.tsv	2	R16B-CONDITIONAL-REVIEW:251bbaa02068013d0d52b8c3bff9017c91f4c91b993cf4a102e99d1a38114ead	"{""counterevidence_review_status"":""OPEN_FALSIFICATION_AND_CONFLICT_SEARCH"",""human_review_status"":""OPEN_EXTERNAL_DESIGN_HISTORY_REVIEW"",""queue_status"":""CONDITIONAL_REVIEW_ONLY_NOT_ASSOCIATION"",""rights_review_status"":""OPEN"",""source_text_review_status"":""OPEN_REVIEW_LOCATOR_BEARING_INPUT_AGAINST_LAWFULLY_ACCESSED_TEXT""}"	885857defed82dc4e10f76f904e54c66e3254c089c6d47f4f5b009e6d51da727	SUPERSEDED_BY_OPEN_OBLIGATION	"[""R16B-CURRENT-OBLIGATION:OPEN_ASSOCIATION_REVIEW_QUEUE""]"	"[""docs/audits/v49-exploration-higher-order-association-closure-round16b/raw/recursive-gap-current-obligation-ledger-checkpoint012-v1.tsv"",""docs/audits/v49-exploration-higher-order-association-closure-round16b/raw/round16a-global-reconciliation-census-v1.json""]"	CURRENT_SUCCESSOR_BLOCKS_AT_LEAST_ONE_CLOSURE	8079aa376be588807662d8c8c0d8d4798d5be775d54c676fd5a9fc2117f6d296
R16B-PRIOR-RECORD:e1780747e429f4b793dfc692bbcfda75c0774af2684378dc90a53a46aa0937b9	ASSOCIATION_REVIEW_QUEUE	docs/audits/v49-exploration-higher-order-association-closure-round16b/raw/conditional-scoped-child-reroute-queue-tranche-a-v1.tsv	9	R16B-CONDITIONAL-REVIEW:3bba26a900cbd349e62b0635c91dc5c120a0bea9d42952b46cb7585dda6e1774	"{""counterevidence_review_status"":""OPEN_FALSIFICATION_AND_CONFLICT_SEARCH"",""human_review_status"":""OPEN_EXTERNAL_DESIGN_HISTORY_REVIEW"",""queue_status"":""CONDITIONAL_REVIEW_ONLY_NOT_ASSOCIATION"",""rights_review_status"":""OPEN"",""source_text_review_status"":""OPEN_REVIEW_LOCATOR_BEARING_INPUT_AGAINST_LAWFULLY_ACCESSED_TEXT""}"	1dc5dde6edbe3996e1623e459915baa7259f1e6d8676d3fcf6ade566e923da40	SUPERSEDED_BY_OPEN_OBLIGATION	"[""R16B-CURRENT-OBLIGATION:OPEN_ASSOCIATION_REVIEW_QUEUE""]"	"[""docs/audits/v49-exploration-higher-order-association-closure-round16b/raw/recursive-gap-current-obligation-ledger-checkpoint012-v1.tsv"",""docs/audits/v49-exploration-higher-order-association-closure-round16b/raw/round16a-global-reconciliation-census-v1.json""]"	CURRENT_SUCCESSOR_BLOCKS_AT_LEAST_ONE_CLOSURE	fa3b6c32f65d7a90838a8309452cad46f7652ea7ac96cbbc3fffbb5ec8868abf
R16B-PRIOR-RECORD:ffbf496a81bbd8dc0d5b99c2d72c764249a5d57d387d9c9b0b9e71445e5a6808	ASSOCIATION_REVIEW_QUEUE	docs/audits/v49-exploration-higher-order-association-closure-round16b/raw/conditional-scoped-child-reroute-queue-tranche-a-v1.tsv	11	R16B-CONDITIONAL-REVIEW:65b4ec47b0ea30716909415ccd8a1aead033a00a22cb473e330484ecf5617105	"{""counterevidence_review_status"":""OPEN_FALSIFICATION_AND_CONFLICT_SEARCH"",""human_review_status"":""OPEN_EXTERNAL_DESIGN_HISTORY_REVIEW"",""queue_status"":""CONDITIONAL_REVIEW_ONLY_NOT_ASSOCIATION"",""rights_review_status"":""OPEN"",""source_text_review_status"":""OPEN_REVIEW_LOCATOR_BEARING_INPUT_AGAINST_LAWFULLY_ACCESSED_TEXT""}"	a5e074ff5298c777b1f0cbff8bfe4a8409c14a95e2339412980c0384cfb4ed3a	SUPERSEDED_BY_OPEN_OBLIGATION	"[""R16B-CURRENT-OBLIGATION:OPEN_ASSOCIATION_REVIEW_QUEUE""]"	"[""docs/audits/v49-exploration-higher-order-association-closure-round16b/raw/recursive-gap-current-obligation-ledger-checkpoint012-v1.tsv"",""docs/audits/v49-exploration-higher-order-association-closure-round16b/raw/round16a-global-reconciliation-census-v1.json""]"	CURRENT_SUCCESSOR_BLOCKS_AT_LEAST_ONE_CLOSURE	0a56c1097033699be9b51f14745bed3a184ef7ac9e3f378c914a4c81ad882497
R16B-PRIOR-RECORD:af10f0d9b6bb86dcd3ac4414ad659355266af9885e44bb424115851306dea028	ASSOCIATION_REVIEW_QUEUE	docs/audits/v49-exploration-higher-order-association-closure-round16b/raw/conditional-scoped-child-reroute-queue-tranche-a-v1.tsv	3	R16B-CONDITIONAL-REVIEW:8157d59902f23c6641afa9985973a61733c0196a97b7512223ba70ba47927d13	"{""counterevidence_review_status"":""OPEN_FALSIFICATION_AND_CONFLICT_SEARCH"",""human_review_status"":""OPEN_EXTERNAL_DESIGN_HISTORY_REVIEW"",""queue_status"":""CONDITIONAL_REVIEW_ONLY_NOT_ASSOCIATION"",""rights_review_status"":""OPEN"",""source_text_review_status"":""OPEN_REVIEW_LOCATOR_BEARING_INPUT_AGAINST_LAWFULLY_ACCESSED_TEXT""}"	4791e727b08c74985af927acb1b51b96579652818f9f63d4593f21e3d738dca0	SUPERSEDED_BY_OPEN_OBLIGATION	"[""R16B-CURRENT-OBLIGATION:OPEN_ASSOCIATION_REVIEW_QUEUE""]"	"[""docs/audits/v49-exploration-higher-order-association-closure-round16b/raw/recursive-gap-current-obligation-ledger-checkpoint012-v1.tsv"",""docs/audits/v49-exploration-higher-order-association-closure-round16b/raw/round16a-global-reconciliation-census-v1.json""]"	CURRENT_SUCCESSOR_BLOCKS_AT_LEAST_ONE_CLOSURE	578a7420b63445fbe2a3d8739a6cd95d6881f26c862d1ac38034dc27f34ecf03
R16B-PRIOR-RECORD:48a6bf5d5c9b4ad9228b5d65c56e7e6fb09f651052df15bfd62a6b1667a6621f	ASSOCIATION_REVIEW_QUEUE	docs/audits/v49-exploration-higher-order-association-closure-round16b/raw/conditional-scoped-child-reroute-queue-tranche-a-v1.tsv	8	R16B-CONDITIONAL-REVIEW:87b71ff3bd8457e09dd9672824f6e69b8418792f77595628113ca9574a9d4a91	"{""counterevidence_review_status"":""OPEN_FALSIFICATION_AND_CONFLICT_SEARCH"",""human_review_status"":""OPEN_EXTERNAL_DESIGN_HISTORY_REVIEW"",""queue_status"":""CONDITIONAL_REVIEW_ONLY_NOT_ASSOCIATION"",""rights_review_status"":""OPEN"",""source_text_review_status"":""OPEN_REVIEW_LOCATOR_BEARING_INPUT_AGAINST_LAWFULLY_ACCESSED_TEXT""}"	4eb304faf60603eded01c8dc51a1b601678d430d7c1e5cb3cab3fc4120051ffd	SUPERSEDED_BY_OPEN_OBLIGATION	"[""R16B-CURRENT-OBLIGATION:OPEN_ASSOCIATION_REVIEW_QUEUE""]"	"[""docs/audits/v49-exploration-higher-order-association-closure-round16b/raw/recursive-gap-current-obligation-ledger-checkpoint012-v1.tsv"",""docs/audits/v49-exploration-higher-order-association-closure-round16b/raw/round16a-global-reconciliation-census-v1.json""]"	CURRENT_SUCCESSOR_BLOCKS_AT_LEAST_ONE_CLOSURE	9d1423048a1770da22da14ca140483a3fa27b27949417e65d6fcf21be2aa2f69
R16B-PRIOR-RECORD:07b245b8868c02b9b40f34c2a1cc1fb8e80c04b0c726ab35725b3b6850a0f3f4	ASSOCIATION_REVIEW_QUEUE	docs/audits/v49-exploration-higher-order-association-closure-round16b/raw/conditional-scoped-child-reroute-queue-tranche-a-v1.tsv	7	R16B-CONDITIONAL-REVIEW:b0065d1fb00d086aa1e3fa76f10631f513bf363104789821521b67d1c8a08baf	"{""counterevidence_review_status"":""OPEN_FALSIFICATION_AND_CONFLICT_SEARCH"",""human_review_status"":""OPEN_EXTERNAL_DESIGN_HISTORY_REVIEW"",""queue_status"":""CONDITIONAL_REVIEW_ONLY_NOT_ASSOCIATION"",""rights_review_status"":""OPEN"",""source_text_review_status"":""OPEN_REVIEW_LOCATOR_BEARING_INPUT_AGAINST_LAWFULLY_ACCESSED_TEXT""}"	def9c0762e8ce9a42996c7dcf6ed5318a6aab4bffb7af10790ebd5551bea9e0a	SUPERSEDED_BY_OPEN_OBLIGATION	"[""R16B-CURRENT-OBLIGATION:OPEN_ASSOCIATION_REVIEW_QUEUE""]"	"[""docs/audits/v49-exploration-higher-order-association-closure-round16b/raw/recursive-gap-current-obligation-ledger-checkpoint012-v1.tsv"",""docs/audits/v49-exploration-higher-order-association-closure-round16b/raw/round16a-global-reconciliation-census-v1.json""]"	CURRENT_SUCCESSOR_BLOCKS_AT_LEAST_ONE_CLOSURE	50400d476f1eb5d6a0294a15d8029432d3fbbc042c45f133d528ef59cb5ceddd
R16B-PRIOR-RECORD:d96635281f5b45f747875884a975b9327d36f9c85ea9e9e1e339dff1788b8f21	ASSOCIATION_REVIEW_QUEUE	docs/audits/v49-exploration-higher-order-association-closure-round16b/raw/conditional-scoped-child-reroute-queue-tranche-a-v1.tsv	10	R16B-CONDITIONAL-REVIEW:b2ddc4ee99a29fb81d8e459fd81249deaab9fadbcce51ed932856afd7a40ae38	"{""counterevidence_review_status"":""OPEN_FALSIFICATION_AND_CONFLICT_SEARCH"",""human_review_status"":""OPEN_EXTERNAL_DESIGN_HISTORY_REVIEW"",""queue_status"":""CONDITIONAL_REVIEW_ONLY_NOT_ASSOCIATION"",""rights_review_status"":""OPEN"",""source_text_review_status"":""OPEN_REVIEW_LOCATOR_BEARING_INPUT_AGAINST_LAWFULLY_ACCESSED_TEXT""}"	9522e2a9d4d5c929bcf660156348edb72242c4db15884ce4583e52ecbbf78264	SUPERSEDED_BY_OPEN_OBLIGATION	"[""R16B-CURRENT-OBLIGATION:OPEN_ASSOCIATION_REVIEW_QUEUE""]"	"[""docs/audits/v49-exploration-higher-order-association-closure-round16b/raw/recursive-gap-current-obligation-ledger-checkpoint012-v1.tsv"",""docs/audits/v49-exploration-higher-order-association-closure-round16b/raw/round16a-global-reconciliation-census-v1.json""]"	CURRENT_SUCCESSOR_BLOCKS_AT_LEAST_ONE_CLOSURE	8b7c257dda203f0d84ccd06a7d0d82ed6cd27367783e0cc887f0666f5eadc1ce
R16B-PRIOR-RECORD:d78b7645d0cbc0e3dba2409ba93c0e0e506a793d1251f48f2f5920ce5c0dee31	ASSOCIATION_REVIEW_QUEUE	docs/audits/v49-exploration-higher-order-association-closure-round16b/raw/conditional-scoped-child-reroute-queue-tranche-a-v1.tsv	5	R16B-CONDITIONAL-REVIEW:d213e6bd28fbf04b860acccd1a463ac9980ab4441acaf2f20dd6f00e20803ce0	"{""counterevidence_review_status"":""OPEN_FALSIFICATION_AND_CONFLICT_SEARCH"",""human_review_status"":""OPEN_EXTERNAL_DESIGN_HISTORY_REVIEW"",""queue_status"":""CONDITIONAL_REVIEW_ONLY_NOT_ASSOCIATION"",""rights_review_status"":""OPEN"",""source_text_review_status"":""OPEN_REVIEW_LOCATOR_BEARING_INPUT_AGAINST_LAWFULLY_ACCESSED_TEXT""}"	58828e2e519cc1d4fcf019663676adfa339c423f0297502eec02bb55a4462c53	SUPERSEDED_BY_OPEN_OBLIGATION	"[""R16B-CURRENT-OBLIGATION:OPEN_ASSOCIATION_REVIEW_QUEUE""]"	"[""docs/audits/v49-exploration-higher-order-association-closure-round16b/raw/recursive-gap-current-obligation-ledger-checkpoint012-v1.tsv"",""docs/audits/v49-exploration-higher-order-association-closure-round16b/raw/round16a-global-reconciliation-census-v1.json""]"	CURRENT_SUCCESSOR_BLOCKS_AT_LEAST_ONE_CLOSURE	d550509d9a694e2f00188742e66fe369eb185bae9229a201cd26079c609f2edd
R16B-PRIOR-RECORD:17aa8ac858d0fe20a8b9a36a2ee54dd4e762056d566fa89d6c23655627a90544	ASSOCIATION_REVIEW_QUEUE	docs/audits/v49-exploration-higher-order-association-closure-round16b/raw/conditional-scoped-child-reroute-queue-tranche-a-v1.tsv	6	R16B-CONDITIONAL-REVIEW:fa7a32de6380b4a855b76044bf1d2e347fd25eb7a5d4403e74f17f23e5db7dd6	"{""counterevidence_review_status"":""OPEN_FALSIFICATION_AND_CONFLICT_SEARCH"",""human_review_status"":""OPEN_EXTERNAL_DESIGN_HISTORY_REVIEW"",""queue_status"":""CONDITIONAL_REVIEW_ONLY_NOT_ASSOCIATION"",""rights_review_status"":""OPEN"",""source_text_review_status"":""OPEN_REVIEW_LOCATOR_BEARING_INPUT_AGAINST_LAWFULLY_ACCESSED_TEXT""}"	13dee04a1dabb9913b673e744211db4b51cceb4304a59a6b4ea1d28b190a8fae	SUPERSEDED_BY_OPEN_OBLIGATION	"[""R16B-CURRENT-OBLIGATION:OPEN_ASSOCIATION_REVIEW_QUEUE""]"	"[""docs/audits/v49-exploration-higher-order-association-closure-round16b/raw/recursive-gap-current-obligation-ledger-checkpoint012-v1.tsv"",""docs/audits/v49-exploration-higher-order-association-closure-round16b/raw/round16a-global-reconciliation-census-v1.json""]"	CURRENT_SUCCESSOR_BLOCKS_AT_LEAST_ONE_CLOSURE	373641b23d456faac3cf357f3e41fbe28767ed5846054a1379f7dd6f14f122b6
R16B-PRIOR-RECORD:a5e244ae0534a0cb590acae15e138ec02da5981346adceaeb08ac24d42849041	ASSOCIATION_REVIEW_QUEUE	docs/audits/v49-exploration-higher-order-association-closure-round16b/raw/conditional-scoped-child-reroute-queue-tranche-b-v1.tsv	19	R16B-TRANCHE-B-QUEUE:060da422f8f6f0c9866bbc5334fb48495ff2d9d64bdc1e59179b370b02be8f79	"{""counterevidence_review_status"":""NOT_APPLICABLE_FINAL_PARENT_NON_SUPPORT"",""human_review_status"":""NOT_APPLICABLE_FINAL_PARENT_NON_SUPPORT"",""queue_status"":""CLOSED_PARENT_CONTROL_NOT_ASSOCIATION"",""rights_review_status"":""NOT_APPLICABLE_FINAL_PARENT_NON_SUPPORT"",""source_text_review_status"":""NOT_APPLICABLE_FINAL_PARENT_NON_SUPPORT""}"	6fcd963e35f2b3b6ae65a163a155d1c9b49321fd4fa11bfadd65eb591ce794ea	PRESERVED_TERMINAL_CONTROL	[]	"[""docs/audits/v49-exploration-higher-order-association-closure-round16b/raw/conditional-scoped-child-reroute-queue-tranche-b-v1.tsv""]"	TERMINAL_CONTROL_PRESERVED_NO_POSITIVE_CLOSURE_INFERENCE	b65db54fed5b5ec9415b4b1db2fe18e3fbf8a51786a168604b7bf2692900fc7f
R16B-PRIOR-RECORD:25f3cf736d9c130b225122d0d93e4878307148f8c119463a80176f091c43cf5d	ASSOCIATION_REVIEW_QUEUE	docs/audits/v49-exploration-higher-order-association-closure-round16b/raw/conditional-scoped-child-reroute-queue-tranche-b-v1.tsv	24	R16B-TRANCHE-B-QUEUE:1086c7f03ca51aa6bed962cf2283c48f2f88eec308991024196c437224173961	"{""counterevidence_review_status"":""NOT_APPLICABLE_FINAL_PARENT_NON_SUPPORT"",""human_review_status"":""NOT_APPLICABLE_FINAL_PARENT_NON_SUPPORT"",""queue_status"":""CLOSED_PARENT_CONTROL_NOT_ASSOCIATION"",""rights_review_status"":""NOT_APPLICABLE_FINAL_PARENT_NON_SUPPORT"",""source_text_review_status"":""NOT_APPLICABLE_FINAL_PARENT_NON_SUPPORT""}"	ae41b25f90a9f89afc564a799e0783ffc813acc026f6927ecd6184ac79e9ab6b	PRESERVED_TERMINAL_CONTROL	[]	"[""docs/audits/v49-exploration-higher-order-association-closure-round16b/raw/conditional-scoped-child-reroute-queue-tranche-b-v1.tsv""]"	TERMINAL_CONTROL_PRESERVED_NO_POSITIVE_CLOSURE_INFERENCE	bd57420d1d54650ddcaffafd1b462b25825df04e35b358279bf329a052d82806
R16B-PRIOR-RECORD:214c1423279bba3b419eed37646a7059acd588b7eed859ac4c1279ca1ee41c93	ASSOCIATION_REVIEW_QUEUE	docs/audits/v49-exploration-higher-order-association-closure-round16b/raw/conditional-scoped-child-reroute-queue-tranche-b-v1.tsv	32	R16B-TRANCHE-B-QUEUE:120a3783ef15191e147301da180d4331f2255fd0b87a7e9ce2ff60b2832e5602	"{""counterevidence_review_status"":""NOT_APPLICABLE_RECONCILIATION_CONTROL"",""human_review_status"":""NOT_APPLICABLE_RECONCILIATION_CONTROL"",""queue_status"":""OPEN_DERIVATIVE_RECONCILIATION_NOT_ASSOCIATION"",""rights_review_status"":""NOT_APPLICABLE_RECONCILIATION_CONTROL"",""source_text_review_status"":""NOT_APPLICABLE_RECONCILIATION_CONTROL""}"	f41f20ccd2cd6184690e7d0a6ba853514a45327f5dcbd40f0ce9d5f480299af4	PARTIALLY_RECONCILED_REMAINDER_OPEN	"[""R16B-CURRENT-OBLIGATION:PRODUCTION_POPULATION_AND_REACHABILITY"",""R16B-CURRENT-OBLIGATION:ROUND16A_SEMANTIC_RECONCILIATION""]"	"[""docs/audits/v49-exploration-higher-order-association-closure-round16b/raw/recursive-gap-current-obligation-ledger-checkpoint012-v1.tsv"",""docs/audits/v49-exploration-higher-order-association-closure-round16b/raw/round16a-global-reconciliation-census-v1.json""]"	COMPLETED_WORK_PRESERVED_CURRENT_REMAINDER_BLOCKS_CLOSURE	f83f58f8402ff3264bbc70ecc76cabc39a94f35ef5dc7d0cbe8b1722855580e8
R16B-PRIOR-RECORD:00604426871036539bef67ad9d9a6eb32b7e2d778dcaff9d22bebb0c5c640194	ASSOCIATION_REVIEW_QUEUE	docs/audits/v49-exploration-higher-order-association-closure-round16b/raw/conditional-scoped-child-reroute-queue-tranche-b-v1.tsv	14	R16B-TRANCHE-B-QUEUE:131fd88ffaefd3c90f8901b00b96302085473b5dcab29420fe19484484f94264	"{""counterevidence_review_status"":""NOT_APPLICABLE_RECONCILIATION_CONTROL"",""human_review_status"":""NOT_APPLICABLE_RECONCILIATION_CONTROL"",""queue_status"":""OPEN_DERIVATIVE_RECONCILIATION_NOT_ASSOCIATION"",""rights_review_status"":""NOT_APPLICABLE_RECONCILIATION_CONTROL"",""source_text_review_status"":""NOT_APPLICABLE_RECONCILIATION_CONTROL""}"	0f79d3a5f6fbc01a4707b213241a4ed8a1da7666e3c5fb3f94c524946b032b36	PARTIALLY_RECONCILED_REMAINDER_OPEN	"[""R16B-CURRENT-OBLIGATION:PRODUCTION_POPULATION_AND_REACHABILITY"",""R16B-CURRENT-OBLIGATION:ROUND16A_SEMANTIC_RECONCILIATION""]"	"[""docs/audits/v49-exploration-higher-order-association-closure-round16b/raw/recursive-gap-current-obligation-ledger-checkpoint012-v1.tsv"",""docs/audits/v49-exploration-higher-order-association-closure-round16b/raw/round16a-global-reconciliation-census-v1.json""]"	COMPLETED_WORK_PRESERVED_CURRENT_REMAINDER_BLOCKS_CLOSURE	e606ea14c9c5b2728759b1c12f16d111e9b37fba6ff1161da3e36b105c1cb72c
R16B-PRIOR-RECORD:61ca932797591677cec7ddbd1e0dfd638597b749c23c8e09e92775210773a957	ASSOCIATION_REVIEW_QUEUE	docs/audits/v49-exploration-higher-order-association-closure-round16b/raw/conditional-scoped-child-reroute-queue-tranche-b-v1.tsv	25	R16B-TRANCHE-B-QUEUE:1ce07de2a58fcad06aa81aed026e99b6e53561f570ec66b1ed3277489f3ea59b	"{""counterevidence_review_status"":""OPEN_NO_GATE_PASSED_BY_QUEUE"",""human_review_status"":""OPEN_NO_GATE_PASSED_BY_QUEUE"",""queue_status"":""OPEN_CONDITIONAL_REVIEW_NOT_ASSOCIATION"",""rights_review_status"":""OPEN_NO_GATE_PASSED_BY_QUEUE"",""source_text_review_status"":""OPEN_NO_GATE_PASSED_BY_QUEUE""}"	d8f450f9d23aa7c631d6b7df364181f630d4861df22c0ae26d4e981406680845	SUPERSEDED_BY_OPEN_OBLIGATION	"[""R16B-CURRENT-OBLIGATION:OPEN_ASSOCIATION_REVIEW_QUEUE""]"	"[""docs/audits/v49-exploration-higher-order-association-closure-round16b/raw/recursive-gap-current-obligation-ledger-checkpoint012-v1.tsv"",""docs/audits/v49-exploration-higher-order-association-closure-round16b/raw/round16a-global-reconciliation-census-v1.json""]"	CURRENT_SUCCESSOR_BLOCKS_AT_LEAST_ONE_CLOSURE	ec4f97045a5cda1479cb0a9f1b4bf7749f08f21046eea0aeae99ea685d0f8943
R16B-PRIOR-RECORD:40eba5c94505e46ff28c219c93a73106c37b143d20975f8722d17610b9d71756	ASSOCIATION_REVIEW_QUEUE	docs/audits/v49-exploration-higher-order-association-closure-round16b/raw/conditional-scoped-child-reroute-queue-tranche-b-v1.tsv	5	R16B-TRANCHE-B-QUEUE:2046715933e60e067409c53eb161d786d59302988418fe6d1f92e66d4d1ec458	"{""counterevidence_review_status"":""OPEN_NO_GATE_PASSED_BY_QUEUE"",""human_review_status"":""OPEN_NO_GATE_PASSED_BY_QUEUE"",""queue_status"":""OPEN_CONDITIONAL_REVIEW_NOT_ASSOCIATION"",""rights_review_status"":""OPEN_NO_GATE_PASSED_BY_QUEUE"",""source_text_review_status"":""OPEN_NO_GATE_PASSED_BY_QUEUE""}"	0bbe16a5d628bf32e0af2d4be96c52da5219a737eed2afbfdd21ef106c93cc77	SUPERSEDED_BY_OPEN_OBLIGATION	"[""R16B-CURRENT-OBLIGATION:OPEN_ASSOCIATION_REVIEW_QUEUE""]"	"[""docs/audits/v49-exploration-higher-order-association-closure-round16b/raw/recursive-gap-current-obligation-ledger-checkpoint012-v1.tsv"",""docs/audits/v49-exploration-higher-order-association-closure-round16b/raw/round16a-global-reconciliation-census-v1.json""]"	CURRENT_SUCCESSOR_BLOCKS_AT_LEAST_ONE_CLOSURE	990d4036726faef162c6133cfcfe1fe2f4cbe8251af7a27af7dcdf93b2d64f51
R16B-PRIOR-RECORD:97c3d22364127f31fe63993e694b3933399ca48f3d1a5f61f298f4e106f372e4	ASSOCIATION_REVIEW_QUEUE	docs/audits/v49-exploration-higher-order-association-closure-round16b/raw/conditional-scoped-child-reroute-queue-tranche-b-v1.tsv	31	R16B-TRANCHE-B-QUEUE:215d4a50f431fb0871fe7e530efdc56f081734bcf35c7780ae9f43ba7fa0934c	"{""counterevidence_review_status"":""OPEN_NO_GATE_PASSED_BY_QUEUE"",""human_review_status"":""OPEN_NO_GATE_PASSED_BY_QUEUE"",""queue_status"":""OPEN_CONDITIONAL_REVIEW_NOT_ASSOCIATION"",""rights_review_status"":""OPEN_NO_GATE_PASSED_BY_QUEUE"",""source_text_review_status"":""OPEN_NO_GATE_PASSED_BY_QUEUE""}"	9b41a6ceebdd516b25d0f20cf1674d7c4971bd4cc35edf885ef57020608a686e	SUPERSEDED_BY_OPEN_OBLIGATION	"[""R16B-CURRENT-OBLIGATION:OPEN_ASSOCIATION_REVIEW_QUEUE""]"	"[""docs/audits/v49-exploration-higher-order-association-closure-round16b/raw/recursive-gap-current-obligation-ledger-checkpoint012-v1.tsv"",""docs/audits/v49-exploration-higher-order-association-closure-round16b/raw/round16a-global-reconciliation-census-v1.json""]"	CURRENT_SUCCESSOR_BLOCKS_AT_LEAST_ONE_CLOSURE	69bafaa4a863485ed2c83b0bafdaa34715886f828eed2bf47dba8407f0472c7d
R16B-PRIOR-RECORD:494d319a9e29b6052de84354c3539ec7bf088a72be5a372988bf64e6e3359b2d	ASSOCIATION_REVIEW_QUEUE	docs/audits/v49-exploration-higher-order-association-closure-round16b/raw/conditional-scoped-child-reroute-queue-tranche-b-v1.tsv	8	R16B-TRANCHE-B-QUEUE:30341e102d30c5e2317aa87fee149ece2e3a85c7693fa9cea6666f864f823257	"{""counterevidence_review_status"":""OPEN_NO_GATE_PASSED_BY_QUEUE"",""human_review_status"":""OPEN_NO_GATE_PASSED_BY_QUEUE"",""queue_status"":""OPEN_CONDITIONAL_REVIEW_NOT_ASSOCIATION"",""rights_review_status"":""OPEN_NO_GATE_PASSED_BY_QUEUE"",""source_text_review_status"":""OPEN_NO_GATE_PASSED_BY_QUEUE""}"	41b980887fb90803402b84df6cdb70356e9a16dbee14e43b977c8f2d052764e5	SUPERSEDED_BY_OPEN_OBLIGATION	"[""R16B-CURRENT-OBLIGATION:OPEN_ASSOCIATION_REVIEW_QUEUE""]"	"[""docs/audits/v49-exploration-higher-order-association-closure-round16b/raw/recursive-gap-current-obligation-ledger-checkpoint012-v1.tsv"",""docs/audits/v49-exploration-higher-order-association-closure-round16b/raw/round16a-global-reconciliation-census-v1.json""]"	CURRENT_SUCCESSOR_BLOCKS_AT_LEAST_ONE_CLOSURE	cd37faeb7845621f7387c0e46e4f8d2e81e46413ffc1aa9244875cbab9668269
R16B-PRIOR-RECORD:c1c07c308dbc4c900a3686aea4a050caead74a5814a0deb0b8dbfe2ac738b02d	ASSOCIATION_REVIEW_QUEUE	docs/audits/v49-exploration-higher-order-association-closure-round16b/raw/conditional-scoped-child-reroute-queue-tranche-b-v1.tsv	2	R16B-TRANCHE-B-QUEUE:38fcd3d03508eef0a0d00776f17d583f5d9acd7edd4a0d1ae0f76d76ff169d48	"{""counterevidence_review_status"":""OPEN_NO_GATE_PASSED_BY_QUEUE"",""human_review_status"":""OPEN_NO_GATE_PASSED_BY_QUEUE"",""queue_status"":""OPEN_CONDITIONAL_REVIEW_NOT_ASSOCIATION"",""rights_review_status"":""OPEN_NO_GATE_PASSED_BY_QUEUE"",""source_text_review_status"":""OPEN_NO_GATE_PASSED_BY_QUEUE""}"	b8a33a763957c851e7c9ede4b8be7be1558983c6dd60f9ea548a7e31463741c9	SUPERSEDED_BY_OPEN_OBLIGATION	"[""R16B-CURRENT-OBLIGATION:OPEN_ASSOCIATION_REVIEW_QUEUE""]"	"[""docs/audits/v49-exploration-higher-order-association-closure-round16b/raw/recursive-gap-current-obligation-ledger-checkpoint012-v1.tsv"",""docs/audits/v49-exploration-higher-order-association-closure-round16b/raw/round16a-global-reconciliation-census-v1.json""]"	CURRENT_SUCCESSOR_BLOCKS_AT_LEAST_ONE_CLOSURE	b63ae8ff29918873c73425c683c5a7de8fac75ba032520422f490968bb47b667
R16B-PRIOR-RECORD:f74563f35f1087e269fb4858a3bfa41bc258f1225dcddfb0034385c250e90c79	ASSOCIATION_REVIEW_QUEUE	docs/audits/v49-exploration-higher-order-association-closure-round16b/raw/conditional-scoped-child-reroute-queue-tranche-b-v1.tsv	34	R16B-TRANCHE-B-QUEUE:39940e375d5273fee35738a3fda8b4f234b88756c94028eecb988010710b3bfc	"{""counterevidence_review_status"":""OPEN_NO_GATE_PASSED_BY_QUEUE"",""human_review_status"":""OPEN_NO_GATE_PASSED_BY_QUEUE"",""queue_status"":""OPEN_CONDITIONAL_REVIEW_NOT_ASSOCIATION"",""rights_review_status"":""OPEN_NO_GATE_PASSED_BY_QUEUE"",""source_text_review_status"":""OPEN_NO_GATE_PASSED_BY_QUEUE""}"	094f0324789a468b64d2b3c13a90725ee459ef1d3f92608497a3f69861f53001	SUPERSEDED_BY_OPEN_OBLIGATION	"[""R16B-CURRENT-OBLIGATION:OPEN_ASSOCIATION_REVIEW_QUEUE""]"	"[""docs/audits/v49-exploration-higher-order-association-closure-round16b/raw/recursive-gap-current-obligation-ledger-checkpoint012-v1.tsv"",""docs/audits/v49-exploration-higher-order-association-closure-round16b/raw/round16a-global-reconciliation-census-v1.json""]"	CURRENT_SUCCESSOR_BLOCKS_AT_LEAST_ONE_CLOSURE	d532540b469b3e754e77b4b43137d622bfe005abe7727f590384a0dcd4c69e12
R16B-PRIOR-RECORD:4d0aaa2cb26a901f546dc08f9fca0f202280fefe0cd05d9464779204bea8904c	ASSOCIATION_REVIEW_QUEUE	docs/audits/v49-exploration-higher-order-association-closure-round16b/raw/conditional-scoped-child-reroute-queue-tranche-b-v1.tsv	30	R16B-TRANCHE-B-QUEUE:3a16fc9ff63bb586586db9d08335650fbbc5f4e7fc84ae9c8135f9deb09752d9	"{""counterevidence_review_status"":""OPEN_NO_GATE_PASSED_BY_QUEUE"",""human_review_status"":""OPEN_NO_GATE_PASSED_BY_QUEUE"",""queue_status"":""OPEN_CONDITIONAL_REVIEW_NOT_ASSOCIATION"",""rights_review_status"":""OPEN_NO_GATE_PASSED_BY_QUEUE"",""source_text_review_status"":""OPEN_NO_GATE_PASSED_BY_QUEUE""}"	c0b9e9d37c02459534512ee094c9061724000ae0414c786dddb3d88ed9613aa6	SUPERSEDED_BY_OPEN_OBLIGATION	"[""R16B-CURRENT-OBLIGATION:OPEN_ASSOCIATION_REVIEW_QUEUE""]"	"[""docs/audits/v49-exploration-higher-order-association-closure-round16b/raw/recursive-gap-current-obligation-ledger-checkpoint012-v1.tsv"",""docs/audits/v49-exploration-higher-order-association-closure-round16b/raw/round16a-global-reconciliation-census-v1.json""]"	CURRENT_SUCCESSOR_BLOCKS_AT_LEAST_ONE_CLOSURE	2f0f6abf283d1caa3672bd429dfe504ea1ab363668eaaf730ef4638ea2046951
R16B-PRIOR-RECORD:2179f58d528a726fcaa23864f5ac627f78c56e2475907f003e60ce62212ab695	ASSOCIATION_REVIEW_QUEUE	docs/audits/v49-exploration-higher-order-association-closure-round16b/raw/conditional-scoped-child-reroute-queue-tranche-b-v1.tsv	35	R16B-TRANCHE-B-QUEUE:3ac3de10b94c0eac94f473199139083cc75c86a97790d4b277774f03e83beff3	"{""counterevidence_review_status"":""NOT_APPLICABLE_RECONCILIATION_CONTROL"",""human_review_status"":""NOT_APPLICABLE_RECONCILIATION_CONTROL"",""queue_status"":""OPEN_DERIVATIVE_RECONCILIATION_NOT_ASSOCIATION"",""rights_review_status"":""NOT_APPLICABLE_RECONCILIATION_CONTROL"",""source_text_review_status"":""NOT_APPLICABLE_RECONCILIATION_CONTROL""}"	19e351d0eb00d46c8e455ee26ba6e8dc10ffa9dc2066da055fc8cca96dc6748a	PARTIALLY_RECONCILED_REMAINDER_OPEN	"[""R16B-CURRENT-OBLIGATION:PRODUCTION_POPULATION_AND_REACHABILITY"",""R16B-CURRENT-OBLIGATION:ROUND16A_SEMANTIC_RECONCILIATION""]"	"[""docs/audits/v49-exploration-higher-order-association-closure-round16b/raw/recursive-gap-current-obligation-ledger-checkpoint012-v1.tsv"",""docs/audits/v49-exploration-higher-order-association-closure-round16b/raw/round16a-global-reconciliation-census-v1.json""]"	COMPLETED_WORK_PRESERVED_CURRENT_REMAINDER_BLOCKS_CLOSURE	f386bc22c1a0528744a390b103422bedb2339e7bfa16597a7eba7f4f0ac89a55
R16B-PRIOR-RECORD:69ec1009d9051e57af72942bf47529029f13a087a41b281e1d7db6c847874fed	ASSOCIATION_REVIEW_QUEUE	docs/audits/v49-exploration-higher-order-association-closure-round16b/raw/conditional-scoped-child-reroute-queue-tranche-b-v1.tsv	17	R16B-TRANCHE-B-QUEUE:435c17b019a852afeda66fe9973909a44a3222b461ab2d979749360c24e15802	"{""counterevidence_review_status"":""OPEN_NO_GATE_PASSED_BY_QUEUE"",""human_review_status"":""OPEN_NO_GATE_PASSED_BY_QUEUE"",""queue_status"":""OPEN_CONDITIONAL_REVIEW_NOT_ASSOCIATION"",""rights_review_status"":""OPEN_NO_GATE_PASSED_BY_QUEUE"",""source_text_review_status"":""OPEN_NO_GATE_PASSED_BY_QUEUE""}"	54d364648b1a2d8087bcc3d1e8a1dc04907fbbb118faef73682da818fb1e68f5	SUPERSEDED_BY_OPEN_OBLIGATION	"[""R16B-CURRENT-OBLIGATION:OPEN_ASSOCIATION_REVIEW_QUEUE""]"	"[""docs/audits/v49-exploration-higher-order-association-closure-round16b/raw/recursive-gap-current-obligation-ledger-checkpoint012-v1.tsv"",""docs/audits/v49-exploration-higher-order-association-closure-round16b/raw/round16a-global-reconciliation-census-v1.json""]"	CURRENT_SUCCESSOR_BLOCKS_AT_LEAST_ONE_CLOSURE	dd5e10c88f6f9a1dc3e09a55e8cd4b44cd27f1614bdf4733c1a4606a07d3e6bf
R16B-PRIOR-RECORD:1bf49d147d970232f052c157b481f333be107dabc8a5b77f091e250b6b69b3ec	ASSOCIATION_REVIEW_QUEUE	docs/audits/v49-exploration-higher-order-association-closure-round16b/raw/conditional-scoped-child-reroute-queue-tranche-b-v1.tsv	38	R16B-TRANCHE-B-QUEUE:45959649cb796d80da032e559652ced5562c132b4972ed6805855ae060d0a027	"{""counterevidence_review_status"":""NOT_APPLICABLE_FINAL_PARENT_NON_SUPPORT"",""human_review_status"":""NOT_APPLICABLE_FINAL_PARENT_NON_SUPPORT"",""queue_status"":""CLOSED_PARENT_CONTROL_NOT_ASSOCIATION"",""rights_review_status"":""NOT_APPLICABLE_FINAL_PARENT_NON_SUPPORT"",""source_text_review_status"":""NOT_APPLICABLE_FINAL_PARENT_NON_SUPPORT""}"	4f3c49e03b767fcbce4b37190a30ec026240c6926b006f7e6d7aef055e3c3724	PRESERVED_TERMINAL_CONTROL	[]	"[""docs/audits/v49-exploration-higher-order-association-closure-round16b/raw/conditional-scoped-child-reroute-queue-tranche-b-v1.tsv""]"	TERMINAL_CONTROL_PRESERVED_NO_POSITIVE_CLOSURE_INFERENCE	c8e324b1f5d12045c975cef4ff68ca3bf54df7e033d86080e66df9366e644784
R16B-PRIOR-RECORD:26060360028c8f655c103b25c889de19aff172e4a382a2e07a4349f5fb1d76c8	ASSOCIATION_REVIEW_QUEUE	docs/audits/v49-exploration-higher-order-association-closure-round16b/raw/conditional-scoped-child-reroute-queue-tranche-b-v1.tsv	27	R16B-TRANCHE-B-QUEUE:4cec281471a03195a1dd41a88236ed18f24f9b8963df272785f13749c3906a41	"{""counterevidence_review_status"":""OPEN_NO_GATE_PASSED_BY_QUEUE"",""human_review_status"":""OPEN_NO_GATE_PASSED_BY_QUEUE"",""queue_status"":""OPEN_CONDITIONAL_REVIEW_NOT_ASSOCIATION"",""rights_review_status"":""OPEN_NO_GATE_PASSED_BY_QUEUE"",""source_text_review_status"":""OPEN_NO_GATE_PASSED_BY_QUEUE""}"	09f9d72f1b5dbc922664c43937361e10a561279cf07bbfd8eb9632f5d43cd403	SUPERSEDED_BY_OPEN_OBLIGATION	"[""R16B-CURRENT-OBLIGATION:OPEN_ASSOCIATION_REVIEW_QUEUE""]"	"[""docs/audits/v49-exploration-higher-order-association-closure-round16b/raw/recursive-gap-current-obligation-ledger-checkpoint012-v1.tsv"",""docs/audits/v49-exploration-higher-order-association-closure-round16b/raw/round16a-global-reconciliation-census-v1.json""]"	CURRENT_SUCCESSOR_BLOCKS_AT_LEAST_ONE_CLOSURE	1dadac78899da6378072d6f5e1116c3cd681c5f3e4bd9f9f991b72657e624724
R16B-PRIOR-RECORD:8ab7459ad80ade616c833d033e1aa8cca465cea862c1ec7b74e52f37f5a02241	ASSOCIATION_REVIEW_QUEUE	docs/audits/v49-exploration-higher-order-association-closure-round16b/raw/conditional-scoped-child-reroute-queue-tranche-b-v1.tsv	37	R16B-TRANCHE-B-QUEUE:5b72b52b8c410b3f2ae1dc3edfcdd5a5ad09fae8861ab29ee08a61527d8661cc	"{""counterevidence_review_status"":""OPEN_NO_GATE_PASSED_BY_QUEUE"",""human_review_status"":""OPEN_NO_GATE_PASSED_BY_QUEUE"",""queue_status"":""OPEN_CONDITIONAL_REVIEW_NOT_ASSOCIATION"",""rights_review_status"":""OPEN_NO_GATE_PASSED_BY_QUEUE"",""source_text_review_status"":""OPEN_NO_GATE_PASSED_BY_QUEUE""}"	01318f829a448a6c6115c1500e349a72ca181d60a163b79ffe65eee5098bf088	SUPERSEDED_BY_OPEN_OBLIGATION	"[""R16B-CURRENT-OBLIGATION:OPEN_ASSOCIATION_REVIEW_QUEUE""]"	"[""docs/audits/v49-exploration-higher-order-association-closure-round16b/raw/recursive-gap-current-obligation-ledger-checkpoint012-v1.tsv"",""docs/audits/v49-exploration-higher-order-association-closure-round16b/raw/round16a-global-reconciliation-census-v1.json""]"	CURRENT_SUCCESSOR_BLOCKS_AT_LEAST_ONE_CLOSURE	0a21fefbb2916c79908f7a48711bd0d3612dc18046d37b4919db4f346c405622
R16B-PRIOR-RECORD:aff192059d3cbc1156f174360653c9b67ca13d575c3dfe4efbaa7f0b0f400881	ASSOCIATION_REVIEW_QUEUE	docs/audits/v49-exploration-higher-order-association-closure-round16b/raw/conditional-scoped-child-reroute-queue-tranche-b-v1.tsv	22	R16B-TRANCHE-B-QUEUE:5d2b63e18e333006437e9a8dc5be357847908bc53f476431f5467ca293acd671	"{""counterevidence_review_status"":""OPEN_NO_GATE_PASSED_BY_QUEUE"",""human_review_status"":""OPEN_NO_GATE_PASSED_BY_QUEUE"",""queue_status"":""OPEN_CONDITIONAL_REVIEW_NOT_ASSOCIATION"",""rights_review_status"":""OPEN_NO_GATE_PASSED_BY_QUEUE"",""source_text_review_status"":""OPEN_NO_GATE_PASSED_BY_QUEUE""}"	efc30672dc37c100e0aebd3c7fef34f6a716ee58f68ae28589bf6daa829098ed	SUPERSEDED_BY_OPEN_OBLIGATION	"[""R16B-CURRENT-OBLIGATION:OPEN_ASSOCIATION_REVIEW_QUEUE""]"	"[""docs/audits/v49-exploration-higher-order-association-closure-round16b/raw/recursive-gap-current-obligation-ledger-checkpoint012-v1.tsv"",""docs/audits/v49-exploration-higher-order-association-closure-round16b/raw/round16a-global-reconciliation-census-v1.json""]"	CURRENT_SUCCESSOR_BLOCKS_AT_LEAST_ONE_CLOSURE	ca939cddbf230bc15508dfda9f7171dff409c30c2298df3efc5784963bb6739e
R16B-PRIOR-RECORD:e8526d4627097c8ef697f4ff26420972666c352183ef890592e26e06d3cd226e	ASSOCIATION_REVIEW_QUEUE	docs/audits/v49-exploration-higher-order-association-closure-round16b/raw/conditional-scoped-child-reroute-queue-tranche-b-v1.tsv	12	R16B-TRANCHE-B-QUEUE:5e5a26f46d6471330294d44a39f3d66844f6a74acc00dad09ccd8054e9d76852	"{""counterevidence_review_status"":""OPEN_NO_GATE_PASSED_BY_QUEUE"",""human_review_status"":""OPEN_NO_GATE_PASSED_BY_QUEUE"",""queue_status"":""OPEN_CONDITIONAL_REVIEW_NOT_ASSOCIATION"",""rights_review_status"":""OPEN_NO_GATE_PASSED_BY_QUEUE"",""source_text_review_status"":""OPEN_NO_GATE_PASSED_BY_QUEUE""}"	c726dd91e41e8805406006ba7768930f2c985c35d600fd8cf27ab8c9ba5e937c	SUPERSEDED_BY_OPEN_OBLIGATION	"[""R16B-CURRENT-OBLIGATION:OPEN_ASSOCIATION_REVIEW_QUEUE""]"	"[""docs/audits/v49-exploration-higher-order-association-closure-round16b/raw/recursive-gap-current-obligation-ledger-checkpoint012-v1.tsv"",""docs/audits/v49-exploration-higher-order-association-closure-round16b/raw/round16a-global-reconciliation-census-v1.json""]"	CURRENT_SUCCESSOR_BLOCKS_AT_LEAST_ONE_CLOSURE	982ebe47ef224fbadbf37bacdf18cc025f98463851011d6056dbfcf838113a45
R16B-PRIOR-RECORD:e35394513fcee265bfc4c7a7ab5beccae1c7f5951e2beb03e91e882f0454c372	ASSOCIATION_REVIEW_QUEUE	docs/audits/v49-exploration-higher-order-association-closure-round16b/raw/conditional-scoped-child-reroute-queue-tranche-b-v1.tsv	10	R16B-TRANCHE-B-QUEUE:64bedfd46f055a6bb3a7b43de3570ea5d0e139ecbda4f0e4ac49833ab19fd3f8	"{""counterevidence_review_status"":""OPEN_NO_GATE_PASSED_BY_QUEUE"",""human_review_status"":""OPEN_NO_GATE_PASSED_BY_QUEUE"",""queue_status"":""OPEN_CONDITIONAL_REVIEW_NOT_ASSOCIATION"",""rights_review_status"":""OPEN_NO_GATE_PASSED_BY_QUEUE"",""source_text_review_status"":""OPEN_NO_GATE_PASSED_BY_QUEUE""}"	3b12050c449236c61d20ea9f7bf943d64e381657d7cd26ecb979a2e7b2ddf302	SUPERSEDED_BY_OPEN_OBLIGATION	"[""R16B-CURRENT-OBLIGATION:OPEN_ASSOCIATION_REVIEW_QUEUE""]"	"[""docs/audits/v49-exploration-higher-order-association-closure-round16b/raw/recursive-gap-current-obligation-ledger-checkpoint012-v1.tsv"",""docs/audits/v49-exploration-higher-order-association-closure-round16b/raw/round16a-global-reconciliation-census-v1.json""]"	CURRENT_SUCCESSOR_BLOCKS_AT_LEAST_ONE_CLOSURE	0d877b16fa249f2a84646ca68ec7ca8e9e74cf95ca059c56896850bc4e1dd441
R16B-PRIOR-RECORD:64c328dedbf867f1d9e9c67b4da38fbede010eadc5fca9e04e045965dfce34b4	ASSOCIATION_REVIEW_QUEUE	docs/audits/v49-exploration-higher-order-association-closure-round16b/raw/conditional-scoped-child-reroute-queue-tranche-b-v1.tsv	7	R16B-TRANCHE-B-QUEUE:67535d4d11ff7bd68ba4c01a0f36020ac6f3d0683fdb97cc21e236ed9f149ba0	"{""counterevidence_review_status"":""OPEN_NO_GATE_PASSED_BY_QUEUE"",""human_review_status"":""OPEN_NO_GATE_PASSED_BY_QUEUE"",""queue_status"":""OPEN_CONDITIONAL_REVIEW_NOT_ASSOCIATION"",""rights_review_status"":""OPEN_NO_GATE_PASSED_BY_QUEUE"",""source_text_review_status"":""OPEN_NO_GATE_PASSED_BY_QUEUE""}"	c782736e6f9688c49f33abe3e0a5cd1348854475f3540944575919da2e770455	SUPERSEDED_BY_OPEN_OBLIGATION	"[""R16B-CURRENT-OBLIGATION:OPEN_ASSOCIATION_REVIEW_QUEUE""]"	"[""docs/audits/v49-exploration-higher-order-association-closure-round16b/raw/recursive-gap-current-obligation-ledger-checkpoint012-v1.tsv"",""docs/audits/v49-exploration-higher-order-association-closure-round16b/raw/round16a-global-reconciliation-census-v1.json""]"	CURRENT_SUCCESSOR_BLOCKS_AT_LEAST_ONE_CLOSURE	18a445062383a8e477327be71fda50f365321ff308265204d697f157431c019b
R16B-PRIOR-RECORD:ca276e580676ad770e4d40cd9173df2b21f5917c8c6ceefb781501fb88618f68	ASSOCIATION_REVIEW_QUEUE	docs/audits/v49-exploration-higher-order-association-closure-round16b/raw/conditional-scoped-child-reroute-queue-tranche-b-v1.tsv	15	R16B-TRANCHE-B-QUEUE:6f7fcf5455ebcd0795407cd79e0a3c084c670d687114feae6e544cf63c4393c4	"{""counterevidence_review_status"":""OPEN_NO_GATE_PASSED_BY_QUEUE"",""human_review_status"":""OPEN_NO_GATE_PASSED_BY_QUEUE"",""queue_status"":""OPEN_CONDITIONAL_REVIEW_NOT_ASSOCIATION"",""rights_review_status"":""OPEN_NO_GATE_PASSED_BY_QUEUE"",""source_text_review_status"":""OPEN_NO_GATE_PASSED_BY_QUEUE""}"	f7905c72dda70ec41e0f45247ad287809c811cec92cbcf8a4600ae761b07e8e7	SUPERSEDED_BY_OPEN_OBLIGATION	"[""R16B-CURRENT-OBLIGATION:OPEN_ASSOCIATION_REVIEW_QUEUE""]"	"[""docs/audits/v49-exploration-higher-order-association-closure-round16b/raw/recursive-gap-current-obligation-ledger-checkpoint012-v1.tsv"",""docs/audits/v49-exploration-higher-order-association-closure-round16b/raw/round16a-global-reconciliation-census-v1.json""]"	CURRENT_SUCCESSOR_BLOCKS_AT_LEAST_ONE_CLOSURE	8e30ceed094e5e06d30dbd77588c0a8cdcb54179e97f378bba45104cc41db68f
R16B-PRIOR-RECORD:3a2e1ceaa374a608914508d831faa6d485021f7835f15e9cc072e697daa1e22d	ASSOCIATION_REVIEW_QUEUE	docs/audits/v49-exploration-higher-order-association-closure-round16b/raw/conditional-scoped-child-reroute-queue-tranche-b-v1.tsv	29	R16B-TRANCHE-B-QUEUE:7255b78f8bb7024ed102235078f50cb10d6d84113a7237ff88a3ef3f5e017efa	"{""counterevidence_review_status"":""NOT_APPLICABLE_RECONCILIATION_CONTROL"",""human_review_status"":""NOT_APPLICABLE_RECONCILIATION_CONTROL"",""queue_status"":""OPEN_DERIVATIVE_RECONCILIATION_NOT_ASSOCIATION"",""rights_review_status"":""NOT_APPLICABLE_RECONCILIATION_CONTROL"",""source_text_review_status"":""NOT_APPLICABLE_RECONCILIATION_CONTROL""}"	a733c6b1a6e2729f7cf11c39f346801ec8f741032c436e9d91af6c319e39a4fa	PARTIALLY_RECONCILED_REMAINDER_OPEN	"[""R16B-CURRENT-OBLIGATION:PRODUCTION_POPULATION_AND_REACHABILITY"",""R16B-CURRENT-OBLIGATION:ROUND16A_SEMANTIC_RECONCILIATION""]"	"[""docs/audits/v49-exploration-higher-order-association-closure-round16b/raw/recursive-gap-current-obligation-ledger-checkpoint012-v1.tsv"",""docs/audits/v49-exploration-higher-order-association-closure-round16b/raw/round16a-global-reconciliation-census-v1.json""]"	COMPLETED_WORK_PRESERVED_CURRENT_REMAINDER_BLOCKS_CLOSURE	2d1864a6b136f9f87d49a30066fb025758cb3537c9874aa08f9274b2b711120e
R16B-PRIOR-RECORD:f337b67e7153ab0375b9c1fb2d02389566095fff83ff30e8ad7fe73c6aaa13dc	ASSOCIATION_REVIEW_QUEUE	docs/audits/v49-exploration-higher-order-association-closure-round16b/raw/conditional-scoped-child-reroute-queue-tranche-b-v1.tsv	33	R16B-TRANCHE-B-QUEUE:77d07f2f28313cbee490ce9992463bd154f5b9158c4408423d56e053134ab5c3	"{""counterevidence_review_status"":""OPEN_NO_GATE_PASSED_BY_QUEUE"",""human_review_status"":""OPEN_NO_GATE_PASSED_BY_QUEUE"",""queue_status"":""OPEN_CONDITIONAL_REVIEW_NOT_ASSOCIATION"",""rights_review_status"":""OPEN_NO_GATE_PASSED_BY_QUEUE"",""source_text_review_status"":""OPEN_NO_GATE_PASSED_BY_QUEUE""}"	fa3672d7d4806e57215698b3ff199dad17532eeca83a2c5ed0681efce1a339ae	SUPERSEDED_BY_OPEN_OBLIGATION	"[""R16B-CURRENT-OBLIGATION:OPEN_ASSOCIATION_REVIEW_QUEUE""]"	"[""docs/audits/v49-exploration-higher-order-association-closure-round16b/raw/recursive-gap-current-obligation-ledger-checkpoint012-v1.tsv"",""docs/audits/v49-exploration-higher-order-association-closure-round16b/raw/round16a-global-reconciliation-census-v1.json""]"	CURRENT_SUCCESSOR_BLOCKS_AT_LEAST_ONE_CLOSURE	4b09713c7f518a08658d46aef40bf4b8dbf4b89501c9019913092905737d75b0
R16B-PRIOR-RECORD:3f88d0709f326a211a95feb92d12a687148d1b0152bc3d75dbcb8eada3c9fb7b	ASSOCIATION_REVIEW_QUEUE	docs/audits/v49-exploration-higher-order-association-closure-round16b/raw/conditional-scoped-child-reroute-queue-tranche-b-v1.tsv	23	R16B-TRANCHE-B-QUEUE:909a13e5989ae38abf9bac4cd8fc7f77c370739ec4493de6ff3821f9c1ca8c10	"{""counterevidence_review_status"":""OPEN_NO_GATE_PASSED_BY_QUEUE"",""human_review_status"":""OPEN_NO_GATE_PASSED_BY_QUEUE"",""queue_status"":""OPEN_CONDITIONAL_REVIEW_NOT_ASSOCIATION"",""rights_review_status"":""OPEN_NO_GATE_PASSED_BY_QUEUE"",""source_text_review_status"":""OPEN_NO_GATE_PASSED_BY_QUEUE""}"	69d5462a88e8a8c480089794db4502fcf31334278fcafe26e0d1e383aa37e0b9	SUPERSEDED_BY_OPEN_OBLIGATION	"[""R16B-CURRENT-OBLIGATION:OPEN_ASSOCIATION_REVIEW_QUEUE""]"	"[""docs/audits/v49-exploration-higher-order-association-closure-round16b/raw/recursive-gap-current-obligation-ledger-checkpoint012-v1.tsv"",""docs/audits/v49-exploration-higher-order-association-closure-round16b/raw/round16a-global-reconciliation-census-v1.json""]"	CURRENT_SUCCESSOR_BLOCKS_AT_LEAST_ONE_CLOSURE	dc2f936b04f3752134a9509868135ad25ffe48165fdda853967bc26e8a67ecc7
R16B-PRIOR-RECORD:989eba73cd7c73fc1e6b9b40c3bd80fb7c5fb8deaf51a4123df48c2ee40096e6	ASSOCIATION_REVIEW_QUEUE	docs/audits/v49-exploration-higher-order-association-closure-round16b/raw/conditional-scoped-child-reroute-queue-tranche-b-v1.tsv	28	R16B-TRANCHE-B-QUEUE:9e65b301914ae0923e7c4eeedcafe0c10e5aad503d54d71132ade4929ed5b4f5	"{""counterevidence_review_status"":""OPEN_NO_GATE_PASSED_BY_QUEUE"",""human_review_status"":""OPEN_NO_GATE_PASSED_BY_QUEUE"",""queue_status"":""OPEN_CONDITIONAL_REVIEW_NOT_ASSOCIATION"",""rights_review_status"":""OPEN_NO_GATE_PASSED_BY_QUEUE"",""source_text_review_status"":""OPEN_NO_GATE_PASSED_BY_QUEUE""}"	4615901baac3dc65b4125095d3ffab8f65af600b599162e1c608179994fb9d7b	SUPERSEDED_BY_OPEN_OBLIGATION	"[""R16B-CURRENT-OBLIGATION:OPEN_ASSOCIATION_REVIEW_QUEUE""]"	"[""docs/audits/v49-exploration-higher-order-association-closure-round16b/raw/recursive-gap-current-obligation-ledger-checkpoint012-v1.tsv"",""docs/audits/v49-exploration-higher-order-association-closure-round16b/raw/round16a-global-reconciliation-census-v1.json""]"	CURRENT_SUCCESSOR_BLOCKS_AT_LEAST_ONE_CLOSURE	659d2513366ed6408262b358bb937e7ea05da2242127b82f66c284fbe1a5eefa
R16B-PRIOR-RECORD:8f091292e0db0477bfc03b1eb609d6fb9bea2e9b84e9c2fbd60f21ea30312abf	ASSOCIATION_REVIEW_QUEUE	docs/audits/v49-exploration-higher-order-association-closure-round16b/raw/conditional-scoped-child-reroute-queue-tranche-b-v1.tsv	13	R16B-TRANCHE-B-QUEUE:9ffa0ea200599a06f4d4f8caf352ea656dca51dd222db8c2a958c72f72583e6f	"{""counterevidence_review_status"":""OPEN_NO_GATE_PASSED_BY_QUEUE"",""human_review_status"":""OPEN_NO_GATE_PASSED_BY_QUEUE"",""queue_status"":""OPEN_CONDITIONAL_REVIEW_NOT_ASSOCIATION"",""rights_review_status"":""OPEN_NO_GATE_PASSED_BY_QUEUE"",""source_text_review_status"":""OPEN_NO_GATE_PASSED_BY_QUEUE""}"	bb43f5f18dd31c8df9f1cb1ed5ee357fb7cb1e76c964f6de1a913ddb8929dda2	SUPERSEDED_BY_OPEN_OBLIGATION	"[""R16B-CURRENT-OBLIGATION:OPEN_ASSOCIATION_REVIEW_QUEUE""]"	"[""docs/audits/v49-exploration-higher-order-association-closure-round16b/raw/recursive-gap-current-obligation-ledger-checkpoint012-v1.tsv"",""docs/audits/v49-exploration-higher-order-association-closure-round16b/raw/round16a-global-reconciliation-census-v1.json""]"	CURRENT_SUCCESSOR_BLOCKS_AT_LEAST_ONE_CLOSURE	30b3d536d86d7b66bcf4da412e88a56f7977acd92ad1e1324efa8d05dbd8d596
R16B-PRIOR-RECORD:e3719348496df87f7913855db9f1c62e3ca2fed83f943ce9bab44c8220aa03e6	ASSOCIATION_REVIEW_QUEUE	docs/audits/v49-exploration-higher-order-association-closure-round16b/raw/conditional-scoped-child-reroute-queue-tranche-b-v1.tsv	11	R16B-TRANCHE-B-QUEUE:aa8584d9ef25e9bf79bbc89facd3477774d8c0ed56e4c79ac42d3ba11bdaa9af	"{""counterevidence_review_status"":""NOT_APPLICABLE_FINAL_PARENT_NON_SUPPORT"",""human_review_status"":""NOT_APPLICABLE_FINAL_PARENT_NON_SUPPORT"",""queue_status"":""CLOSED_PARENT_CONTROL_NOT_ASSOCIATION"",""rights_review_status"":""NOT_APPLICABLE_FINAL_PARENT_NON_SUPPORT"",""source_text_review_status"":""NOT_APPLICABLE_FINAL_PARENT_NON_SUPPORT""}"	5f017f007a3dfb4c2e559fa5626bf62131635e7cf8076ed372e145edda7afae1	PRESERVED_TERMINAL_CONTROL	[]	"[""docs/audits/v49-exploration-higher-order-association-closure-round16b/raw/conditional-scoped-child-reroute-queue-tranche-b-v1.tsv""]"	TERMINAL_CONTROL_PRESERVED_NO_POSITIVE_CLOSURE_INFERENCE	b41ff5b36f521087b144160ff4debba13edfcff165dee2543654a94d4fecdc63
R16B-PRIOR-RECORD:df59b6aea35fb2fafb5fbb5d6c5fcc824668b7ac690a41c1843f68369a961d9d	ASSOCIATION_REVIEW_QUEUE	docs/audits/v49-exploration-higher-order-association-closure-round16b/raw/conditional-scoped-child-reroute-queue-tranche-b-v1.tsv	9	R16B-TRANCHE-B-QUEUE:bfd0fbf5578820545ee1dd6f0ace384dd5de10c838411005a4d5c4967d17ba25	"{""counterevidence_review_status"":""OPEN_NO_GATE_PASSED_BY_QUEUE"",""human_review_status"":""OPEN_NO_GATE_PASSED_BY_QUEUE"",""queue_status"":""OPEN_CONDITIONAL_REVIEW_NOT_ASSOCIATION"",""rights_review_status"":""OPEN_NO_GATE_PASSED_BY_QUEUE"",""source_text_review_status"":""OPEN_NO_GATE_PASSED_BY_QUEUE""}"	a59856e07dd422b279081d03d3d4f02afc10094649efb67fa00ce73058092865	SUPERSEDED_BY_OPEN_OBLIGATION	"[""R16B-CURRENT-OBLIGATION:OPEN_ASSOCIATION_REVIEW_QUEUE""]"	"[""docs/audits/v49-exploration-higher-order-association-closure-round16b/raw/recursive-gap-current-obligation-ledger-checkpoint012-v1.tsv"",""docs/audits/v49-exploration-higher-order-association-closure-round16b/raw/round16a-global-reconciliation-census-v1.json""]"	CURRENT_SUCCESSOR_BLOCKS_AT_LEAST_ONE_CLOSURE	f93ac16caf72d526f5b1359aec12c33f225cef80ea2991c356deb944d07eef4a
R16B-PRIOR-RECORD:27b78000d802d10df248e8db49380b0eb78867355b400d9a8f258f62c3c78cca	ASSOCIATION_REVIEW_QUEUE	docs/audits/v49-exploration-higher-order-association-closure-round16b/raw/conditional-scoped-child-reroute-queue-tranche-b-v1.tsv	16	R16B-TRANCHE-B-QUEUE:d022609e7c64bc8fe04ac772f9e302bb6e7bdfc9e6a46fabe3a075b3b8541a32	"{""counterevidence_review_status"":""OPEN_NO_GATE_PASSED_BY_QUEUE"",""human_review_status"":""OPEN_NO_GATE_PASSED_BY_QUEUE"",""queue_status"":""OPEN_CONDITIONAL_REVIEW_NOT_ASSOCIATION"",""rights_review_status"":""OPEN_NO_GATE_PASSED_BY_QUEUE"",""source_text_review_status"":""OPEN_NO_GATE_PASSED_BY_QUEUE""}"	7e941d955f2ca53810b058a4bdf7d3b0aad1b15399d72b87f79efb50e9a806eb	SUPERSEDED_BY_OPEN_OBLIGATION	"[""R16B-CURRENT-OBLIGATION:OPEN_ASSOCIATION_REVIEW_QUEUE""]"	"[""docs/audits/v49-exploration-higher-order-association-closure-round16b/raw/recursive-gap-current-obligation-ledger-checkpoint012-v1.tsv"",""docs/audits/v49-exploration-higher-order-association-closure-round16b/raw/round16a-global-reconciliation-census-v1.json""]"	CURRENT_SUCCESSOR_BLOCKS_AT_LEAST_ONE_CLOSURE	6cfba2d297166379d2168ea597b4094928076edde349163af3b2e7c0107b1202
R16B-PRIOR-RECORD:3299402fbd2fe1a7dcfe6b4c32e1eff75b93cf41a17cc7068335f62b6c1f1383	ASSOCIATION_REVIEW_QUEUE	docs/audits/v49-exploration-higher-order-association-closure-round16b/raw/conditional-scoped-child-reroute-queue-tranche-b-v1.tsv	20	R16B-TRANCHE-B-QUEUE:d340eb4c16e6645c105e05cbe0b543c3cad1919232cd8ba145cfdac307582951	"{""counterevidence_review_status"":""OPEN_NO_GATE_PASSED_BY_QUEUE"",""human_review_status"":""OPEN_NO_GATE_PASSED_BY_QUEUE"",""queue_status"":""OPEN_CONDITIONAL_REVIEW_NOT_ASSOCIATION"",""rights_review_status"":""OPEN_NO_GATE_PASSED_BY_QUEUE"",""source_text_review_status"":""OPEN_NO_GATE_PASSED_BY_QUEUE""}"	a694ebea11e7ea12ca34c3a6ecd2f7208f1f44d2b53d050cc77120fc89f51ec3	SUPERSEDED_BY_OPEN_OBLIGATION	"[""R16B-CURRENT-OBLIGATION:OPEN_ASSOCIATION_REVIEW_QUEUE""]"	"[""docs/audits/v49-exploration-higher-order-association-closure-round16b/raw/recursive-gap-current-obligation-ledger-checkpoint012-v1.tsv"",""docs/audits/v49-exploration-higher-order-association-closure-round16b/raw/round16a-global-reconciliation-census-v1.json""]"	CURRENT_SUCCESSOR_BLOCKS_AT_LEAST_ONE_CLOSURE	718334283a773ed8f46bb99790cd9928576706837601632935185e7b60b1b3f6
R16B-PRIOR-RECORD:17d8a50fd8969228d57406babb8400125a52772e9e364e0c6140dfdcce65df8d	ASSOCIATION_REVIEW_QUEUE	docs/audits/v49-exploration-higher-order-association-closure-round16b/raw/conditional-scoped-child-reroute-queue-tranche-b-v1.tsv	6	R16B-TRANCHE-B-QUEUE:d3ef3a81257ec41f3fcf70154ff7e37b8f684b9ae657805b9d62de680278dfe1	"{""counterevidence_review_status"":""OPEN_NO_GATE_PASSED_BY_QUEUE"",""human_review_status"":""OPEN_NO_GATE_PASSED_BY_QUEUE"",""queue_status"":""OPEN_CONDITIONAL_REVIEW_NOT_ASSOCIATION"",""rights_review_status"":""OPEN_NO_GATE_PASSED_BY_QUEUE"",""source_text_review_status"":""OPEN_NO_GATE_PASSED_BY_QUEUE""}"	e8c9511e8d3758bbd8a9ca23510bae3cd3b3569e6210e05e1b096cac78dace85	SUPERSEDED_BY_OPEN_OBLIGATION	"[""R16B-CURRENT-OBLIGATION:OPEN_ASSOCIATION_REVIEW_QUEUE""]"	"[""docs/audits/v49-exploration-higher-order-association-closure-round16b/raw/recursive-gap-current-obligation-ledger-checkpoint012-v1.tsv"",""docs/audits/v49-exploration-higher-order-association-closure-round16b/raw/round16a-global-reconciliation-census-v1.json""]"	CURRENT_SUCCESSOR_BLOCKS_AT_LEAST_ONE_CLOSURE	6bc5e3e2cfc12e601804f7c63085faaac29fdb8275ea7a4698da520069b6d69b
R16B-PRIOR-RECORD:46eac88256fbb38be05009050e7b1fc4790e7b551dd3519804bfab9fc8f7938e	ASSOCIATION_REVIEW_QUEUE	docs/audits/v49-exploration-higher-order-association-closure-round16b/raw/conditional-scoped-child-reroute-queue-tranche-b-v1.tsv	18	R16B-TRANCHE-B-QUEUE:d5351f661887bd7987afcdb0da4e3afe2b9daf45ab59070c8f48b7e9fea4aa93	"{""counterevidence_review_status"":""NOT_APPLICABLE_RECONCILIATION_CONTROL"",""human_review_status"":""NOT_APPLICABLE_RECONCILIATION_CONTROL"",""queue_status"":""OPEN_DERIVATIVE_RECONCILIATION_NOT_ASSOCIATION"",""rights_review_status"":""NOT_APPLICABLE_RECONCILIATION_CONTROL"",""source_text_review_status"":""NOT_APPLICABLE_RECONCILIATION_CONTROL""}"	630292324620b9c5de2c023fd6649f8f7ed350e07dc376d55d681d9912976cc3	PARTIALLY_RECONCILED_REMAINDER_OPEN	"[""R16B-CURRENT-OBLIGATION:PRODUCTION_POPULATION_AND_REACHABILITY"",""R16B-CURRENT-OBLIGATION:ROUND16A_SEMANTIC_RECONCILIATION""]"	"[""docs/audits/v49-exploration-higher-order-association-closure-round16b/raw/recursive-gap-current-obligation-ledger-checkpoint012-v1.tsv"",""docs/audits/v49-exploration-higher-order-association-closure-round16b/raw/round16a-global-reconciliation-census-v1.json""]"	COMPLETED_WORK_PRESERVED_CURRENT_REMAINDER_BLOCKS_CLOSURE	1dd92108d0be7949c92f284a011dd47a86b357f0cf56b0a8ffc42e4e92514481
R16B-PRIOR-RECORD:c9011f33d026efd2ccda0899fa5b48a92d263357c9046368dfb86fdf7f056053	ASSOCIATION_REVIEW_QUEUE	docs/audits/v49-exploration-higher-order-association-closure-round16b/raw/conditional-scoped-child-reroute-queue-tranche-b-v1.tsv	26	R16B-TRANCHE-B-QUEUE:ec5883e6f1506dae9d583207ad739a26ada43a2e82ef9c380ceec2f79a065692	"{""counterevidence_review_status"":""OPEN_NO_GATE_PASSED_BY_QUEUE"",""human_review_status"":""OPEN_NO_GATE_PASSED_BY_QUEUE"",""queue_status"":""OPEN_CONDITIONAL_REVIEW_NOT_ASSOCIATION"",""rights_review_status"":""OPEN_NO_GATE_PASSED_BY_QUEUE"",""source_text_review_status"":""OPEN_NO_GATE_PASSED_BY_QUEUE""}"	023f77b8b2b687ea961870d86eae469088af43c8656f68166d4ebe3f1f354aa7	SUPERSEDED_BY_OPEN_OBLIGATION	"[""R16B-CURRENT-OBLIGATION:OPEN_ASSOCIATION_REVIEW_QUEUE""]"	"[""docs/audits/v49-exploration-higher-order-association-closure-round16b/raw/recursive-gap-current-obligation-ledger-checkpoint012-v1.tsv"",""docs/audits/v49-exploration-higher-order-association-closure-round16b/raw/round16a-global-reconciliation-census-v1.json""]"	CURRENT_SUCCESSOR_BLOCKS_AT_LEAST_ONE_CLOSURE	76dbbab58db927afb1c37c2785a568ed5a8b85d330adceecc5bd3ae61130ad72
R16B-PRIOR-RECORD:3816b0c536d5c260cb11ba2bf9f3bbac056a4271567b40f6d644d3a49de819a7	ASSOCIATION_REVIEW_QUEUE	docs/audits/v49-exploration-higher-order-association-closure-round16b/raw/conditional-scoped-child-reroute-queue-tranche-b-v1.tsv	21	R16B-TRANCHE-B-QUEUE:f4b862d962da943b73b8aed1c14092818320f64c4af3d6303a09c153f92c76d0	"{""counterevidence_review_status"":""NOT_APPLICABLE_RECONCILIATION_CONTROL"",""human_review_status"":""NOT_APPLICABLE_RECONCILIATION_CONTROL"",""queue_status"":""OPEN_DERIVATIVE_RECONCILIATION_NOT_ASSOCIATION"",""rights_review_status"":""NOT_APPLICABLE_RECONCILIATION_CONTROL"",""source_text_review_status"":""NOT_APPLICABLE_RECONCILIATION_CONTROL""}"	446c53bc51d5b11adbf202c709d6e5c96975736bc762d6179faddff631c91df8	PARTIALLY_RECONCILED_REMAINDER_OPEN	"[""R16B-CURRENT-OBLIGATION:PRODUCTION_POPULATION_AND_REACHABILITY"",""R16B-CURRENT-OBLIGATION:ROUND16A_SEMANTIC_RECONCILIATION""]"	"[""docs/audits/v49-exploration-higher-order-association-closure-round16b/raw/recursive-gap-current-obligation-ledger-checkpoint012-v1.tsv"",""docs/audits/v49-exploration-higher-order-association-closure-round16b/raw/round16a-global-reconciliation-census-v1.json""]"	COMPLETED_WORK_PRESERVED_CURRENT_REMAINDER_BLOCKS_CLOSURE	494463733bc3f5b9e7a69d16c7a50ead787534b2d679ada1d1b13d2760939597
R16B-PRIOR-RECORD:5e733ac5bd4e2ac61c443f1077cfb174fff254c557cc666b38b7b5f23053755a	ASSOCIATION_REVIEW_QUEUE	docs/audits/v49-exploration-higher-order-association-closure-round16b/raw/conditional-scoped-child-reroute-queue-tranche-b-v1.tsv	3	R16B-TRANCHE-B-QUEUE:f5dfb596464b74a23f67723a2d1f2fb5276fb215712e23180ea586fcfd2b56cd	"{""counterevidence_review_status"":""NOT_APPLICABLE_FINAL_PARENT_NON_SUPPORT"",""human_review_status"":""NOT_APPLICABLE_FINAL_PARENT_NON_SUPPORT"",""queue_status"":""CLOSED_PARENT_CONTROL_NOT_ASSOCIATION"",""rights_review_status"":""NOT_APPLICABLE_FINAL_PARENT_NON_SUPPORT"",""source_text_review_status"":""NOT_APPLICABLE_FINAL_PARENT_NON_SUPPORT""}"	1866646c488a6b3bc9f14cba272f787a834a23bd6add26c7b3c75c1aaa731d13	PRESERVED_TERMINAL_CONTROL	[]	"[""docs/audits/v49-exploration-higher-order-association-closure-round16b/raw/conditional-scoped-child-reroute-queue-tranche-b-v1.tsv""]"	TERMINAL_CONTROL_PRESERVED_NO_POSITIVE_CLOSURE_INFERENCE	14f406b8331a26bd463bfaa74a8e4128adab891f9c9a231aa9c7e4bc572dcb0a
R16B-PRIOR-RECORD:307a760c1d090011d667404af3b93210efacf55a020831e916499b5082da858e	ASSOCIATION_REVIEW_QUEUE	docs/audits/v49-exploration-higher-order-association-closure-round16b/raw/conditional-scoped-child-reroute-queue-tranche-b-v1.tsv	36	R16B-TRANCHE-B-QUEUE:f6afeb14e3e3b7ae151d14ecf6f564095c5bc816c37ace865fbfa1ba6612bdbc	"{""counterevidence_review_status"":""OPEN_NO_GATE_PASSED_BY_QUEUE"",""human_review_status"":""OPEN_NO_GATE_PASSED_BY_QUEUE"",""queue_status"":""OPEN_CONDITIONAL_REVIEW_NOT_ASSOCIATION"",""rights_review_status"":""OPEN_NO_GATE_PASSED_BY_QUEUE"",""source_text_review_status"":""OPEN_NO_GATE_PASSED_BY_QUEUE""}"	07007ba528184151ef56ede4034bdd7086824d9dbdfb554216bfbc2ed6df2e20	SUPERSEDED_BY_OPEN_OBLIGATION	"[""R16B-CURRENT-OBLIGATION:OPEN_ASSOCIATION_REVIEW_QUEUE""]"	"[""docs/audits/v49-exploration-higher-order-association-closure-round16b/raw/recursive-gap-current-obligation-ledger-checkpoint012-v1.tsv"",""docs/audits/v49-exploration-higher-order-association-closure-round16b/raw/round16a-global-reconciliation-census-v1.json""]"	CURRENT_SUCCESSOR_BLOCKS_AT_LEAST_ONE_CLOSURE	72bc14689066e682551c49a09018260d21f2e73edf25da537d12fe30936e27ab
R16B-PRIOR-RECORD:005a44814e6d67201d13b67be8a067ededb3c2a0418dd3a96dcc0eb597df3c1e	ASSOCIATION_REVIEW_QUEUE	docs/audits/v49-exploration-higher-order-association-closure-round16b/raw/conditional-scoped-child-reroute-queue-tranche-b-v1.tsv	4	R16B-TRANCHE-B-QUEUE:fb90098e6d059d163feb8bd6b2db48dbc60c81f34f9ea48ef52f5dc5d44ee107	"{""counterevidence_review_status"":""OPEN_NO_GATE_PASSED_BY_QUEUE"",""human_review_status"":""OPEN_NO_GATE_PASSED_BY_QUEUE"",""queue_status"":""OPEN_CONDITIONAL_REVIEW_NOT_ASSOCIATION"",""rights_review_status"":""OPEN_NO_GATE_PASSED_BY_QUEUE"",""source_text_review_status"":""OPEN_NO_GATE_PASSED_BY_QUEUE""}"	29a8d0631f9ff041395c700e52421814b56f06be19f4b82b138f7854f8926309	SUPERSEDED_BY_OPEN_OBLIGATION	"[""R16B-CURRENT-OBLIGATION:OPEN_ASSOCIATION_REVIEW_QUEUE""]"	"[""docs/audits/v49-exploration-higher-order-association-closure-round16b/raw/recursive-gap-current-obligation-ledger-checkpoint012-v1.tsv"",""docs/audits/v49-exploration-higher-order-association-closure-round16b/raw/round16a-global-reconciliation-census-v1.json""]"	CURRENT_SUCCESSOR_BLOCKS_AT_LEAST_ONE_CLOSURE	b8c796bddf3d261623a11583f394f5d371054bdef08e220ccb88de220aeda49e
R16B-PRIOR-RECORD:dea1039daa153030dcbf566faae0c732ab6b6b84f102b4020c0b43252b599a34	ASSOCIATION_REVIEW_QUEUE	docs/audits/v49-exploration-higher-order-association-closure-round16b/raw/scoped-higher-order-review-queue-tranche-c-v1.tsv	9	R16B-TRANCHE-C-QUEUE:2898183bac438ff521cd7af6b7f348ad61ea053ed29c239e6d8b8f6d1c230896	"{""active_pair_graph_status"":""ACTIVE_PAIRS_0_OF_15;COMPONENTS_6"",""association_activation_status"":""INACTIVE"",""counterevidence_review_status"":""NOT_PENDING_FOR_FINAL_NON_SUPPORTING_PARENT"",""human_review_status"":""NOT_PENDING_FOR_FINAL_NON_SUPPORTING_PARENT"",""queue_status"":""CLOSED_PARENT_CONTROL"",""rights_review_status"":""NOT_APPLICABLE_FINAL_PARENT_CONTROL"",""source_text_review_status"":""NOT_APPLICABLE_FINAL_PARENT_CONTROL""}"	f6f9b7268cdf8651b1b038029b5dc02ffcb299f5eab5aa82f8597522be70d2aa	PRESERVED_TERMINAL_CONTROL	[]	"[""docs/audits/v49-exploration-higher-order-association-closure-round16b/raw/scoped-higher-order-review-queue-tranche-c-v1.tsv""]"	TERMINAL_CONTROL_PRESERVED_NO_POSITIVE_CLOSURE_INFERENCE	69c4fa1c667ce5a72cdceb97e83d97812d63cfaf6976bcb8784d70f2266aa66f
R16B-PRIOR-RECORD:168610a8cfacfcdeb584c968cdc4e26d0de8a8664472bbfe8c2886904128ae60	ASSOCIATION_REVIEW_QUEUE	docs/audits/v49-exploration-higher-order-association-closure-round16b/raw/scoped-higher-order-review-queue-tranche-c-v1.tsv	8	R16B-TRANCHE-C-QUEUE:3528e9ccb85d94f47283c6a78e93db2ee4460ab61e90b17e5845e487d7c35782	"{""active_pair_graph_status"":""ACTIVE_PAIRS_4_OF_10;COMPONENTS_2"",""association_activation_status"":""INACTIVE"",""counterevidence_review_status"":""NOT_PENDING_FOR_FINAL_NON_SUPPORTING_PARENT"",""human_review_status"":""NOT_PENDING_FOR_FINAL_NON_SUPPORTING_PARENT"",""queue_status"":""OPEN_RECONCILIATION_CONTROL"",""rights_review_status"":""NOT_APPLICABLE_FINAL_PARENT_CONTROL"",""source_text_review_status"":""NOT_APPLICABLE_FINAL_PARENT_CONTROL""}"	9ccb5195f8946c226c9d102f3965e5145c24b312d7fc8c90b16b800d1e8e8774	SUPERSEDED_BY_OPEN_OBLIGATION	"[""R16B-CURRENT-OBLIGATION:OPEN_ASSOCIATION_REVIEW_QUEUE""]"	"[""docs/audits/v49-exploration-higher-order-association-closure-round16b/raw/recursive-gap-current-obligation-ledger-checkpoint012-v1.tsv"",""docs/audits/v49-exploration-higher-order-association-closure-round16b/raw/round16a-global-reconciliation-census-v1.json""]"	CURRENT_SUCCESSOR_BLOCKS_AT_LEAST_ONE_CLOSURE	520e4d2d109d35ea20bb5410f475985a51b3c45e1366407bc135411109602dd2
R16B-PRIOR-RECORD:74e7a3ba6a272f01df3d844db8e83cf8f7692108892ee47555444f09a000e9e1	ASSOCIATION_REVIEW_QUEUE	docs/audits/v49-exploration-higher-order-association-closure-round16b/raw/scoped-higher-order-review-queue-tranche-c-v1.tsv	10	R16B-TRANCHE-C-QUEUE:5f7f61a5396a7cf9c7d8cbce506a821880135041b003ffcd6958f81192bd1bdd	"{""active_pair_graph_status"":""ACTIVE_PAIRS_3_OF_15;COMPONENTS_3"",""association_activation_status"":""INACTIVE"",""counterevidence_review_status"":""NOT_PENDING_FOR_FINAL_NON_SUPPORTING_PARENT"",""human_review_status"":""NOT_PENDING_FOR_FINAL_NON_SUPPORTING_PARENT"",""queue_status"":""CLOSED_PARENT_CONTROL"",""rights_review_status"":""NOT_APPLICABLE_FINAL_PARENT_CONTROL"",""source_text_review_status"":""NOT_APPLICABLE_FINAL_PARENT_CONTROL""}"	3f47710ebff663595c68892a31fa681fc9d8fc5fafca0026aebf14b70eaaa76c	PRESERVED_TERMINAL_CONTROL	[]	"[""docs/audits/v49-exploration-higher-order-association-closure-round16b/raw/scoped-higher-order-review-queue-tranche-c-v1.tsv""]"	TERMINAL_CONTROL_PRESERVED_NO_POSITIVE_CLOSURE_INFERENCE	2ef750611b0a2f25f3ee57a2db1dd6e683463dec4894d8e6266361ef9e4d7756
R16B-PRIOR-RECORD:f541956681f7c45d96e33e29d1685489e0694662e3b81b5738c06a3412aa7340	ASSOCIATION_REVIEW_QUEUE	docs/audits/v49-exploration-higher-order-association-closure-round16b/raw/scoped-higher-order-review-queue-tranche-c-v1.tsv	5	R16B-TRANCHE-C-QUEUE:63c54879a5f71dd6f41b8b3c9c29bd7116557482fc602151d2d952feb759ae3b	"{""active_pair_graph_status"":""ACTIVE_PAIRS_5_OF_6;COMPONENTS_1"",""association_activation_status"":""INACTIVE"",""counterevidence_review_status"":""NOT_PENDING_FOR_FINAL_NON_SUPPORTING_PARENT"",""human_review_status"":""NOT_PENDING_FOR_FINAL_NON_SUPPORTING_PARENT"",""queue_status"":""OPEN_RECONCILIATION_CONTROL"",""rights_review_status"":""NOT_APPLICABLE_FINAL_PARENT_CONTROL"",""source_text_review_status"":""NOT_APPLICABLE_FINAL_PARENT_CONTROL""}"	bf4a8cacdc3efbfa2df05e40ab4f42c6f77810529eadc68baf76fcafcf315579	PARTIALLY_RECONCILED_REMAINDER_OPEN	"[""R16B-CURRENT-OBLIGATION:PRODUCTION_POPULATION_AND_REACHABILITY"",""R16B-CURRENT-OBLIGATION:ROUND16A_SEMANTIC_RECONCILIATION""]"	"[""docs/audits/v49-exploration-higher-order-association-closure-round16b/raw/recursive-gap-current-obligation-ledger-checkpoint012-v1.tsv"",""docs/audits/v49-exploration-higher-order-association-closure-round16b/raw/round16a-global-reconciliation-census-v1.json""]"	COMPLETED_WORK_PRESERVED_CURRENT_REMAINDER_BLOCKS_CLOSURE	cf7883767f48a4f0fe2091407446e5c056b80f611e1145d032a976508cb2e4d1
R16B-PRIOR-RECORD:4299d0ab6f6e860f039d1dbebf6ed9cbb266af8fafcc9fd8076232f2f61d3971	ASSOCIATION_REVIEW_QUEUE	docs/audits/v49-exploration-higher-order-association-closure-round16b/raw/scoped-higher-order-review-queue-tranche-c-v1.tsv	2	R16B-TRANCHE-C-QUEUE:9bde35561bbe8c184ea7da611d31514726f2fe5d0abcf398042b89f80ecfb60d	"{""active_pair_graph_status"":""ACTIVE_PAIRS_2_OF_6;COMPONENTS_2"",""association_activation_status"":""INACTIVE"",""counterevidence_review_status"":""NOT_PENDING_FOR_FINAL_NON_SUPPORTING_PARENT"",""human_review_status"":""NOT_PENDING_FOR_FINAL_NON_SUPPORTING_PARENT"",""queue_status"":""CLOSED_PARENT_CONTROL"",""rights_review_status"":""NOT_APPLICABLE_FINAL_PARENT_CONTROL"",""source_text_review_status"":""NOT_APPLICABLE_FINAL_PARENT_CONTROL""}"	553d966eada149032a212387b52b305a332acea666c9a00fa07238c1d722ce9c	PRESERVED_TERMINAL_CONTROL	[]	"[""docs/audits/v49-exploration-higher-order-association-closure-round16b/raw/scoped-higher-order-review-queue-tranche-c-v1.tsv""]"	TERMINAL_CONTROL_PRESERVED_NO_POSITIVE_CLOSURE_INFERENCE	299d31522282db55e58e3735fdf75f2677baa3a0f6b5f32a08741d9da4def1ec
R16B-PRIOR-RECORD:fc7cd954db87d50194f8e609a24ac703be44a60c5549acd6b1c38708968366bf	ASSOCIATION_REVIEW_QUEUE	docs/audits/v49-exploration-higher-order-association-closure-round16b/raw/scoped-higher-order-review-queue-tranche-c-v1.tsv	4	R16B-TRANCHE-C-QUEUE:a1faed61e2e06b8d1b35319fa789c548c6be121fbb240050e6b321c11f3b9703	"{""active_pair_graph_status"":""ACTIVE_PAIRS_5_OF_6;COMPONENTS_1"",""association_activation_status"":""INQUIRY_ONLY"",""counterevidence_review_status"":""OPEN_ADAPTIVE_FALSIFICATION_REVIEW"",""human_review_status"":""OPEN_EXTERNAL_DESIGN_HISTORY_REVIEW"",""queue_status"":""OPEN_INQUIRY_ONLY_NOT_ACTIVE"",""rights_review_status"":""OPEN_EXTERNAL_RIGHTS_AND_REDISTRIBUTION_REVIEW"",""source_text_review_status"":""OPEN_EXTERNAL_EXACT_TEXT_AND_LOCATOR_REVIEW""}"	3de85be7b6f3a3d9a34e53809f8977f1bf176bce152eef04a8dc5d2a28cdb30c	SUPERSEDED_BY_OPEN_OBLIGATION	"[""R16B-CURRENT-OBLIGATION:OPEN_ASSOCIATION_REVIEW_QUEUE""]"	"[""docs/audits/v49-exploration-higher-order-association-closure-round16b/raw/recursive-gap-current-obligation-ledger-checkpoint012-v1.tsv"",""docs/audits/v49-exploration-higher-order-association-closure-round16b/raw/round16a-global-reconciliation-census-v1.json""]"	CURRENT_SUCCESSOR_BLOCKS_AT_LEAST_ONE_CLOSURE	25fc626515d1bfcd1da0e8790a04ba3afaff432d50f8f0b8d0f461397b56910c
R16B-PRIOR-RECORD:d97260ed35e02716a2ede08a4045ac6fdc791d5056f3ce0dc4bcde7da94c0f9a	ASSOCIATION_REVIEW_QUEUE	docs/audits/v49-exploration-higher-order-association-closure-round16b/raw/scoped-higher-order-review-queue-tranche-c-v1.tsv	3	R16B-TRANCHE-C-QUEUE:b6904bf0be4be9985f23eab68bb402e7cd6dcee09cd839dfd9d740859eee6165	"{""active_pair_graph_status"":""ACTIVE_PAIRS_3_OF_6;COMPONENTS_2"",""association_activation_status"":""INACTIVE"",""counterevidence_review_status"":""NOT_PENDING_FOR_FINAL_NON_SUPPORTING_PARENT"",""human_review_status"":""NOT_PENDING_FOR_FINAL_NON_SUPPORTING_PARENT"",""queue_status"":""CLOSED_PARENT_CONTROL"",""rights_review_status"":""NOT_APPLICABLE_FINAL_PARENT_CONTROL"",""source_text_review_status"":""NOT_APPLICABLE_FINAL_PARENT_CONTROL""}"	a3bd456c1db502fd1a7835db8f663831f3fb14794fe318baf26de201bee9aa1d	PRESERVED_TERMINAL_CONTROL	[]	"[""docs/audits/v49-exploration-higher-order-association-closure-round16b/raw/scoped-higher-order-review-queue-tranche-c-v1.tsv""]"	TERMINAL_CONTROL_PRESERVED_NO_POSITIVE_CLOSURE_INFERENCE	e646b14f3bd1a8c1f42dad84b08da61429e6befa1c4abad060b9a6ecf7c9a055
R16B-PRIOR-RECORD:27625a155ccf4bf5b5ce53420c068ebf2e5d84181e149825f6282261ff9a63f5	ASSOCIATION_REVIEW_QUEUE	docs/audits/v49-exploration-higher-order-association-closure-round16b/raw/scoped-higher-order-review-queue-tranche-c-v1.tsv	11	R16B-TRANCHE-C-QUEUE:ba4cb95427a23e96b8e09a3e0b2775f778b8eaf2631cd9377c7e7a4187fe9319	"{""active_pair_graph_status"":""ACTIVE_PAIRS_0_OF_15;COMPONENTS_6"",""association_activation_status"":""INACTIVE"",""counterevidence_review_status"":""NOT_PENDING_FOR_FINAL_NON_SUPPORTING_PARENT"",""human_review_status"":""NOT_PENDING_FOR_FINAL_NON_SUPPORTING_PARENT"",""queue_status"":""CLOSED_PARENT_CONTROL"",""rights_review_status"":""NOT_APPLICABLE_FINAL_PARENT_CONTROL"",""source_text_review_status"":""NOT_APPLICABLE_FINAL_PARENT_CONTROL""}"	50c45fd82d9903e63d65a2b0e34d0a8b40b070abb3af53eb4b3cc92e47b01690	PRESERVED_TERMINAL_CONTROL	[]	"[""docs/audits/v49-exploration-higher-order-association-closure-round16b/raw/scoped-higher-order-review-queue-tranche-c-v1.tsv""]"	TERMINAL_CONTROL_PRESERVED_NO_POSITIVE_CLOSURE_INFERENCE	545e91f71fcb607880d4fa5cfb082af7f37e2e68ff0c76928b0ab8ef1f1bc88a
R16B-PRIOR-RECORD:25a507e142b77a0f27b78c366f60aa8a74b2c853455d0a877df689f685498784	ASSOCIATION_REVIEW_QUEUE	docs/audits/v49-exploration-higher-order-association-closure-round16b/raw/scoped-higher-order-review-queue-tranche-c-v1.tsv	7	R16B-TRANCHE-C-QUEUE:ec3a20322cc05343eacf985f57c66fed0a1deb4fae74f459265de74952aa81e7	"{""active_pair_graph_status"":""ACTIVE_PAIRS_4_OF_10;COMPONENTS_2"",""association_activation_status"":""INQUIRY_ONLY"",""counterevidence_review_status"":""OPEN_ADAPTIVE_FALSIFICATION_REVIEW"",""human_review_status"":""OPEN_EXTERNAL_DESIGN_HISTORY_REVIEW"",""queue_status"":""OPEN_INQUIRY_ONLY_NOT_ACTIVE"",""rights_review_status"":""OPEN_EXTERNAL_RIGHTS_AND_REDISTRIBUTION_REVIEW"",""source_text_review_status"":""OPEN_EXTERNAL_EXACT_TEXT_AND_LOCATOR_REVIEW""}"	a54a5c1d468657b59cafbe5f34f7de62c95dc75d0f560628d274f627e9db3254	SUPERSEDED_BY_OPEN_OBLIGATION	"[""R16B-CURRENT-OBLIGATION:OPEN_ASSOCIATION_REVIEW_QUEUE""]"	"[""docs/audits/v49-exploration-higher-order-association-closure-round16b/raw/recursive-gap-current-obligation-ledger-checkpoint012-v1.tsv"",""docs/audits/v49-exploration-higher-order-association-closure-round16b/raw/round16a-global-reconciliation-census-v1.json""]"	CURRENT_SUCCESSOR_BLOCKS_AT_LEAST_ONE_CLOSURE	94e23a373638f568fef5b3bfac7e1c455fa65f55da6b548b6fdfbc6000b108e6
R16B-PRIOR-RECORD:1de5ffefe412d8746f04cd40df6a35bb7af5e3ab22c54e9fa56e10b28f8aa511	ASSOCIATION_REVIEW_QUEUE	docs/audits/v49-exploration-higher-order-association-closure-round16b/raw/scoped-higher-order-review-queue-tranche-c-v1.tsv	6	R16B-TRANCHE-C-QUEUE:f7bbd0b86e08b0352bb82fbf9dc9b34adc7fc906a665a5a3adfcff7f869ec74d	"{""active_pair_graph_status"":""ACTIVE_PAIRS_2_OF_6;COMPONENTS_2"",""association_activation_status"":""INACTIVE"",""counterevidence_review_status"":""NOT_PENDING_FOR_FINAL_NON_SUPPORTING_PARENT"",""human_review_status"":""NOT_PENDING_FOR_FINAL_NON_SUPPORTING_PARENT"",""queue_status"":""CLOSED_PARENT_CONTROL"",""rights_review_status"":""NOT_APPLICABLE_FINAL_PARENT_CONTROL"",""source_text_review_status"":""NOT_APPLICABLE_FINAL_PARENT_CONTROL""}"	795e89b30e967d9af40bc99ae25369bed497591eb76f92e1daefd3cf196ac620	PRESERVED_TERMINAL_CONTROL	[]	"[""docs/audits/v49-exploration-higher-order-association-closure-round16b/raw/scoped-higher-order-review-queue-tranche-c-v1.tsv""]"	TERMINAL_CONTROL_PRESERVED_NO_POSITIVE_CLOSURE_INFERENCE	69212aa80796412bb8c8a3d47aa16c2c7f918382bd3b5465b6909675e35c21fd
R16B-PRIOR-RECORD:65e9b8c774840a240c43b161b75845a0ac5def2a70b90fc02da28d2ab391397f	ASSOCIATION_REVIEW_QUEUE	docs/audits/v49-exploration-higher-order-association-closure-round16b/raw/scoped-higher-order-review-queue-tranche-c-v1.tsv	13	R16B-TRANCHE-C-QUEUE:f9a00b20f44ca066ef085630b0d2e2dea27c3bcb6eeea4a7d76ef91e8f5b1bee	"{""active_pair_graph_status"":""ACTIVE_PAIRS_3_OF_28;COMPONENTS_5"",""association_activation_status"":""INACTIVE"",""counterevidence_review_status"":""NOT_PENDING_FOR_FINAL_NON_SUPPORTING_PARENT"",""human_review_status"":""NOT_PENDING_FOR_FINAL_NON_SUPPORTING_PARENT"",""queue_status"":""CLOSED_PARENT_CONTROL"",""rights_review_status"":""NOT_APPLICABLE_FINAL_PARENT_CONTROL"",""source_text_review_status"":""NOT_APPLICABLE_FINAL_PARENT_CONTROL""}"	28fd820f525c461d5368c252f7b503e86fbaab50deae7888c2a556b758685dac	PRESERVED_TERMINAL_CONTROL	[]	"[""docs/audits/v49-exploration-higher-order-association-closure-round16b/raw/scoped-higher-order-review-queue-tranche-c-v1.tsv""]"	TERMINAL_CONTROL_PRESERVED_NO_POSITIVE_CLOSURE_INFERENCE	267a205d6e1346d74f27cc1b997288fb4ce0118efee2b79772bc0eadc3b82d98
R16B-PRIOR-RECORD:7f9b2404fea60d11d9f55f56c337e73c31a682b0756052f7bf794e29614655bc	ASSOCIATION_REVIEW_QUEUE	docs/audits/v49-exploration-higher-order-association-closure-round16b/raw/scoped-higher-order-review-queue-tranche-c-v1.tsv	12	R16B-TRANCHE-C-QUEUE:fdf053ef4d312494ca15dc1c8df24156eb6a6e755ad5f1f062cff8ec20fcfbbb	"{""active_pair_graph_status"":""ACTIVE_PAIRS_0_OF_15;COMPONENTS_6"",""association_activation_status"":""INACTIVE"",""counterevidence_review_status"":""NOT_PENDING_FOR_FINAL_NON_SUPPORTING_PARENT"",""human_review_status"":""NOT_PENDING_FOR_FINAL_NON_SUPPORTING_PARENT"",""queue_status"":""CLOSED_PARENT_CONTROL"",""rights_review_status"":""NOT_APPLICABLE_FINAL_PARENT_CONTROL"",""source_text_review_status"":""NOT_APPLICABLE_FINAL_PARENT_CONTROL""}"	873c898a1977e7f41ebcb4631883c655f4fb937dee24a6d9718b8333cf8a5023	PRESERVED_TERMINAL_CONTROL	[]	"[""docs/audits/v49-exploration-higher-order-association-closure-round16b/raw/scoped-higher-order-review-queue-tranche-c-v1.tsv""]"	TERMINAL_CONTROL_PRESERVED_NO_POSITIVE_CLOSURE_INFERENCE	0be36eaa5c1357d9ce4e0a41c5b45f6d2f438f3d3d10b5205f439f47126ae748
R16B-PRIOR-RECORD:2b92fddaed7f2c97a2ba60699bb565813abc8435e7ca2ddb12ad9ff1e5f2ff7c	EXTERNAL_HUMAN_REVIEW_OBLIGATION	docs/research/trace-v49-exploration-composition-review-round1/16_EXTERNAL_DOMAIN_REVIEW_REGISTRY.tsv	24	REVIEW-ACT-023	"{""reviewer_answer_status"":""NOT_COMPLETED""}"	c97534651eef9c826f72e8a1dc416b3b6406f731866c66dfb26dcd3081af6684	SUPERSEDED_BY_OPEN_OBLIGATION	"[""R16B-CURRENT-OBLIGATION:EXTERNAL_HUMAN_AUTHORITY""]"	"[""docs/audits/v49-exploration-higher-order-association-closure-round16b/raw/recursive-gap-current-obligation-ledger-checkpoint012-v1.tsv""]"	CURRENT_SUCCESSOR_BLOCKS_AT_LEAST_ONE_CLOSURE	d765cc9ea810b4f022a9e012bb0f2e68a5502c854bd48859614c1f1372a3f566
R16B-PRIOR-RECORD:85b5b03b60f23e92dd60fddaff583515586eb51d8b0c8c9b0217e8c6c6a6aa89	EXTERNAL_HUMAN_REVIEW_OBLIGATION	docs/research/trace-v49-exploration-composition-review-round1/16_EXTERNAL_DOMAIN_REVIEW_REGISTRY.tsv	25	REVIEW-ACT-024	"{""reviewer_answer_status"":""NOT_COMPLETED""}"	cd25d8f832f4fcb09eda06b8a6531aacf83d0071589c77ebb25d4ea797dfdfa1	SUPERSEDED_BY_OPEN_OBLIGATION	"[""R16B-CURRENT-OBLIGATION:EXTERNAL_HUMAN_AUTHORITY""]"	"[""docs/audits/v49-exploration-higher-order-association-closure-round16b/raw/recursive-gap-current-obligation-ledger-checkpoint012-v1.tsv""]"	CURRENT_SUCCESSOR_BLOCKS_AT_LEAST_ONE_CLOSURE	52651d3a6d7e18ee9405b351ce3dc60bdde980eb25dacad0818f636cf255260c
R16B-PRIOR-RECORD:e0d272948f4fec398805141588e7a1b24abc97dbe111ecdfd05838036dc93dae	EXTERNAL_HUMAN_REVIEW_OBLIGATION	docs/research/trace-v49-exploration-composition-review-round1/16_EXTERNAL_DOMAIN_REVIEW_REGISTRY.tsv	26	REVIEW-ACT-025	"{""reviewer_answer_status"":""NOT_COMPLETED""}"	be7c882a9b194638d4bee7a7d087eb78b6b0b34ac7a390ed7f03a54841965102	SUPERSEDED_BY_OPEN_OBLIGATION	"[""R16B-CURRENT-OBLIGATION:EXTERNAL_HUMAN_AUTHORITY""]"	"[""docs/audits/v49-exploration-higher-order-association-closure-round16b/raw/recursive-gap-current-obligation-ledger-checkpoint012-v1.tsv""]"	CURRENT_SUCCESSOR_BLOCKS_AT_LEAST_ONE_CLOSURE	3289f4ddf794a6d832f410fc1fc672099ac8d06c22ba0c3431bf44800ee7b160
R16B-PRIOR-RECORD:0e2f9a289bea9a2a54d8632b31c4f5a7b03be42bf22565e9adad629b9785cc63	EXTERNAL_HUMAN_REVIEW_OBLIGATION	docs/research/trace-v49-exploration-composition-review-round1/16_EXTERNAL_DOMAIN_REVIEW_REGISTRY.tsv	27	REVIEW-ACT-026	"{""reviewer_answer_status"":""NOT_COMPLETED""}"	b2e186ebb0c4614f1cdc4319f9a7f56866138eaa1e3ac7e1319575d7ee992133	SUPERSEDED_BY_OPEN_OBLIGATION	"[""R16B-CURRENT-OBLIGATION:EXTERNAL_HUMAN_AUTHORITY""]"	"[""docs/audits/v49-exploration-higher-order-association-closure-round16b/raw/recursive-gap-current-obligation-ledger-checkpoint012-v1.tsv""]"	CURRENT_SUCCESSOR_BLOCKS_AT_LEAST_ONE_CLOSURE	74e69d964e416172a9b5e18fb86f93235ad146b75eba31f556651499a895fee6
R16B-PRIOR-RECORD:fc4b7b6e493e7e37cfdd947309ac0c8b06d3b79a613dfe8c24b10f68f66723d5	EXTERNAL_HUMAN_REVIEW_OBLIGATION	docs/research/trace-v49-exploration-composition-review-round1/16_EXTERNAL_DOMAIN_REVIEW_REGISTRY.tsv	28	REVIEW-ACT-027	"{""reviewer_answer_status"":""NOT_COMPLETED""}"	19458a5d0a3097008040dfa3be5260af9f1f07f4b370b83830374655066e9a50	SUPERSEDED_BY_OPEN_OBLIGATION	"[""R16B-CURRENT-OBLIGATION:EXTERNAL_HUMAN_AUTHORITY""]"	"[""docs/audits/v49-exploration-higher-order-association-closure-round16b/raw/recursive-gap-current-obligation-ledger-checkpoint012-v1.tsv""]"	CURRENT_SUCCESSOR_BLOCKS_AT_LEAST_ONE_CLOSURE	e7b8cae196072c1cc3289fdb4f4a88169c022bc5cba827ae3b539fb23ff724fa
R16B-PRIOR-RECORD:e619a3cd105e884e1d79f58781072511ab9c5eed34cfd1b68ab66f1a4fc5f7c6	EXTERNAL_HUMAN_REVIEW_OBLIGATION	docs/research/trace-v49-exploration-composition-review-round1/16_EXTERNAL_DOMAIN_REVIEW_REGISTRY.tsv	29	REVIEW-ACT-028	"{""reviewer_answer_status"":""NOT_COMPLETED""}"	e86c3a54d98d42b1f5d952ef262a8aafb9688829344ee2b177baa4373d2dd472	SUPERSEDED_BY_OPEN_OBLIGATION	"[""R16B-CURRENT-OBLIGATION:EXTERNAL_HUMAN_AUTHORITY""]"	"[""docs/audits/v49-exploration-higher-order-association-closure-round16b/raw/recursive-gap-current-obligation-ledger-checkpoint012-v1.tsv""]"	CURRENT_SUCCESSOR_BLOCKS_AT_LEAST_ONE_CLOSURE	4d36f35864609752ec981bf99cf855635cc7d1820a792260dbe0a0c19a441424
R16B-PRIOR-RECORD:a4f6cb70aaa71f2fdfeb621ecce8da8790b8ce3de6c6f0de414cfa83dfc4eccb	EXTERNAL_HUMAN_REVIEW_OBLIGATION	docs/research/trace-v49-exploration-composition-review-round1/16_EXTERNAL_DOMAIN_REVIEW_REGISTRY.tsv	30	REVIEW-ACT-029	"{""reviewer_answer_status"":""NOT_COMPLETED""}"	0fbec0c4241d0d4a9fd29d1ffce570db2e86d7b398f0b309c616ace9b012e57a	SUPERSEDED_BY_OPEN_OBLIGATION	"[""R16B-CURRENT-OBLIGATION:EXTERNAL_HUMAN_AUTHORITY""]"	"[""docs/audits/v49-exploration-higher-order-association-closure-round16b/raw/recursive-gap-current-obligation-ledger-checkpoint012-v1.tsv""]"	CURRENT_SUCCESSOR_BLOCKS_AT_LEAST_ONE_CLOSURE	597ca81615f6ec8e5a5f343046fb48a5505218a93b4177b05a9a544708e0c144
R16B-PRIOR-RECORD:a767e59689e9d627b968b13f477338a7434886283a02af4fddb19e0a7167f00c	EXTERNAL_HUMAN_REVIEW_OBLIGATION	docs/research/trace-v49-exploration-composition-review-round1/16_EXTERNAL_DOMAIN_REVIEW_REGISTRY.tsv	31	REVIEW-ACT-030	"{""reviewer_answer_status"":""NOT_COMPLETED""}"	3ddfa5d90669955ce79d341b7789a6069dd13e67d432b8d70ae5ab45f755838d	SUPERSEDED_BY_OPEN_OBLIGATION	"[""R16B-CURRENT-OBLIGATION:EXTERNAL_HUMAN_AUTHORITY""]"	"[""docs/audits/v49-exploration-higher-order-association-closure-round16b/raw/recursive-gap-current-obligation-ledger-checkpoint012-v1.tsv""]"	CURRENT_SUCCESSOR_BLOCKS_AT_LEAST_ONE_CLOSURE	0d5abad12203aff8e69a468dfb9a87abcab85662965bf267ea4c77ad69a7e07b
R16B-PRIOR-RECORD:e12520086d3b8e147684771e6e19413edcdc69b04083e822db4b0a367e14f9fb	EXTERNAL_HUMAN_REVIEW_OBLIGATION	docs/research/trace-v49-exploration-composition-review-round1/16_EXTERNAL_DOMAIN_REVIEW_REGISTRY.tsv	32	REVIEW-ACT-031	"{""reviewer_answer_status"":""NOT_COMPLETED""}"	7ced0c1adcb86eb854f3638822e6a7151a07c3757a8714261c70b189d744639c	SUPERSEDED_BY_OPEN_OBLIGATION	"[""R16B-CURRENT-OBLIGATION:EXTERNAL_HUMAN_AUTHORITY""]"	"[""docs/audits/v49-exploration-higher-order-association-closure-round16b/raw/recursive-gap-current-obligation-ledger-checkpoint012-v1.tsv""]"	CURRENT_SUCCESSOR_BLOCKS_AT_LEAST_ONE_CLOSURE	215e605b25de01be02958eaf3bd4687ef24927be5dab4b61a1e8286c859f0835
R16B-PRIOR-RECORD:039e0b103a1642b2af0e12746b0a1cb664faf56f23dd931fc79c7481ec8e953c	EXTERNAL_HUMAN_REVIEW_OBLIGATION	docs/research/trace-v49-exploration-composition-review-round1/16_EXTERNAL_DOMAIN_REVIEW_REGISTRY.tsv	33	REVIEW-ACT-032	"{""reviewer_answer_status"":""NOT_COMPLETED""}"	ca8db7974390d4a927f46f87b59421240955f4595dda124d21a5687c09362cbe	SUPERSEDED_BY_OPEN_OBLIGATION	"[""R16B-CURRENT-OBLIGATION:EXTERNAL_HUMAN_AUTHORITY""]"	"[""docs/audits/v49-exploration-higher-order-association-closure-round16b/raw/recursive-gap-current-obligation-ledger-checkpoint012-v1.tsv""]"	CURRENT_SUCCESSOR_BLOCKS_AT_LEAST_ONE_CLOSURE	cec6b412dabd8c945ecad575d5af3ee01399d6013cc5e805bdd0039dea5f74cc
R16B-PRIOR-RECORD:ac0639b0c0a92194d932549078377c2b704a5fcff53c6b74a996c73f5b780bf5	EXTERNAL_HUMAN_REVIEW_OBLIGATION	docs/research/trace-v49-exploration-composition-review-round1/16_EXTERNAL_DOMAIN_REVIEW_REGISTRY.tsv	34	REVIEW-ACT-033	"{""reviewer_answer_status"":""NOT_COMPLETED""}"	49d5a7968eed01ec71f7363479edab00ba25799807a61df7d8ea01b797c12a02	SUPERSEDED_BY_OPEN_OBLIGATION	"[""R16B-CURRENT-OBLIGATION:EXTERNAL_HUMAN_AUTHORITY""]"	"[""docs/audits/v49-exploration-higher-order-association-closure-round16b/raw/recursive-gap-current-obligation-ledger-checkpoint012-v1.tsv""]"	CURRENT_SUCCESSOR_BLOCKS_AT_LEAST_ONE_CLOSURE	72737b311a45b08b27e5abc440daa3b78e3fc04a726483f065c5d1dcb1e76944
R16B-PRIOR-RECORD:501fb154f2a0b0820323ea9e643a944e1636f137fdc88bdcbef5c7fd8deae91d	EXTERNAL_HUMAN_REVIEW_OBLIGATION	docs/research/trace-v49-exploration-composition-review-round1/16_EXTERNAL_DOMAIN_REVIEW_REGISTRY.tsv	35	REVIEW-ACT-034	"{""reviewer_answer_status"":""NOT_COMPLETED""}"	22985ead4bf09275bfd2e375ae69994af96dead00f807a0c5d48a43b797ede73	SUPERSEDED_BY_OPEN_OBLIGATION	"[""R16B-CURRENT-OBLIGATION:EXTERNAL_HUMAN_AUTHORITY""]"	"[""docs/audits/v49-exploration-higher-order-association-closure-round16b/raw/recursive-gap-current-obligation-ledger-checkpoint012-v1.tsv""]"	CURRENT_SUCCESSOR_BLOCKS_AT_LEAST_ONE_CLOSURE	4ef6b88c2017145801b54939148c6e2bcae84c63b204df05196b634591123433
R16B-PRIOR-RECORD:8e2c2bab21ec4d2177a4e999702a7901086d2897a783747465b47c91ffb5b228	EXTERNAL_HUMAN_REVIEW_OBLIGATION	docs/research/trace-v49-exploration-composition-review-round1/16_EXTERNAL_DOMAIN_REVIEW_REGISTRY.tsv	36	REVIEW-ACT-035	"{""reviewer_answer_status"":""NOT_COMPLETED""}"	797542f7d066bdab2d44c2ab663d242bd49bd2d9e6481c8bb57330628972618a	SUPERSEDED_BY_OPEN_OBLIGATION	"[""R16B-CURRENT-OBLIGATION:EXTERNAL_HUMAN_AUTHORITY""]"	"[""docs/audits/v49-exploration-higher-order-association-closure-round16b/raw/recursive-gap-current-obligation-ledger-checkpoint012-v1.tsv""]"	CURRENT_SUCCESSOR_BLOCKS_AT_LEAST_ONE_CLOSURE	aa194f03b405f333ce23dde86570d2cf778013b29e2530a5ab02b90c70a24ead
R16B-PRIOR-RECORD:062159fc2052392ce15d6195d32d558067f12f8097e47771975f43bbfa8b4864	EXTERNAL_HUMAN_REVIEW_OBLIGATION	docs/research/trace-v49-exploration-composition-review-round1/16_EXTERNAL_DOMAIN_REVIEW_REGISTRY.tsv	37	REVIEW-ACT-036	"{""reviewer_answer_status"":""NOT_COMPLETED""}"	dd6ed013eeeffce6d6122e405cac056fe4bd8921a38adf447db03e228370c4ec	SUPERSEDED_BY_OPEN_OBLIGATION	"[""R16B-CURRENT-OBLIGATION:EXTERNAL_HUMAN_AUTHORITY""]"	"[""docs/audits/v49-exploration-higher-order-association-closure-round16b/raw/recursive-gap-current-obligation-ledger-checkpoint012-v1.tsv""]"	CURRENT_SUCCESSOR_BLOCKS_AT_LEAST_ONE_CLOSURE	d28d592fba73095319bf0a76b4428124628222058a9763f0ea4847a61d9c264d
R16B-PRIOR-RECORD:4e9805b38a026a9a324859676730d90df27459ac30c03ca9ad8a78979c68dae3	EXTERNAL_HUMAN_REVIEW_OBLIGATION	docs/research/trace-v49-exploration-composition-review-round1/16_EXTERNAL_DOMAIN_REVIEW_REGISTRY.tsv	18	REVIEW-GAP-001	"{""reviewer_answer_status"":""NOT_COMPLETED""}"	6faeb83a19ec465626b3c82203e11b2d26c4291dcb80d6f630ed3587a8629ea5	SUPERSEDED_BY_OPEN_OBLIGATION	"[""R16B-CURRENT-OBLIGATION:EXTERNAL_HUMAN_AUTHORITY""]"	"[""docs/audits/v49-exploration-higher-order-association-closure-round16b/raw/recursive-gap-current-obligation-ledger-checkpoint012-v1.tsv""]"	CURRENT_SUCCESSOR_BLOCKS_AT_LEAST_ONE_CLOSURE	a73f49a8eaad7084b27961fd0a5b6a21c832c181e8b4eaa7127ca774653dfcc4
R16B-PRIOR-RECORD:b843f5c94a50e0993baee2d071210388574479cb4dd049324a95640ca34f1300	EXTERNAL_HUMAN_REVIEW_OBLIGATION	docs/research/trace-v49-exploration-composition-review-round1/16_EXTERNAL_DOMAIN_REVIEW_REGISTRY.tsv	19	REVIEW-GAP-002	"{""reviewer_answer_status"":""NOT_COMPLETED""}"	a2e1f37d0cecace43fb633a5dea8bc07519bd07aeb0360523682a246ef5cb8e3	SUPERSEDED_BY_OPEN_OBLIGATION	"[""R16B-CURRENT-OBLIGATION:EXTERNAL_HUMAN_AUTHORITY""]"	"[""docs/audits/v49-exploration-higher-order-association-closure-round16b/raw/recursive-gap-current-obligation-ledger-checkpoint012-v1.tsv""]"	CURRENT_SUCCESSOR_BLOCKS_AT_LEAST_ONE_CLOSURE	bdf5173ea40c736b49c776262f365e0f55aee373213474a0efb7b34e3500c068
R16B-PRIOR-RECORD:802a7875fb6ae0c7296418041c16b7a66e1bd4da0e6e42b8e89d7cafd2c18f65	EXTERNAL_HUMAN_REVIEW_OBLIGATION	docs/research/trace-v49-exploration-composition-review-round1/16_EXTERNAL_DOMAIN_REVIEW_REGISTRY.tsv	20	REVIEW-GAP-003	"{""reviewer_answer_status"":""NOT_COMPLETED""}"	f21ab050ba9612af9dadeaa81ad99b12212f8946ba0a296e3e9c3de660cd2bba	SUPERSEDED_BY_OPEN_OBLIGATION	"[""R16B-CURRENT-OBLIGATION:EXTERNAL_HUMAN_AUTHORITY""]"	"[""docs/audits/v49-exploration-higher-order-association-closure-round16b/raw/recursive-gap-current-obligation-ledger-checkpoint012-v1.tsv""]"	CURRENT_SUCCESSOR_BLOCKS_AT_LEAST_ONE_CLOSURE	8683a6c170f11e7d261bd7abf54f320698c7bd3714be2ed70b41c65aaba4c1c7
R16B-PRIOR-RECORD:b887e3be24bb63fac64b7e9d67b824ef00421403e31e7492dc0af38a9fe342d9	EXTERNAL_HUMAN_REVIEW_OBLIGATION	docs/research/trace-v49-exploration-composition-review-round1/16_EXTERNAL_DOMAIN_REVIEW_REGISTRY.tsv	21	REVIEW-GAP-004	"{""reviewer_answer_status"":""NOT_COMPLETED""}"	28bbb40ff9e35c5f1b5206376d1b79ee2714aa6346cd66ff794ebefaac3617d2	SUPERSEDED_BY_OPEN_OBLIGATION	"[""R16B-CURRENT-OBLIGATION:EXTERNAL_HUMAN_AUTHORITY""]"	"[""docs/audits/v49-exploration-higher-order-association-closure-round16b/raw/recursive-gap-current-obligation-ledger-checkpoint012-v1.tsv""]"	CURRENT_SUCCESSOR_BLOCKS_AT_LEAST_ONE_CLOSURE	1ebbcee6bbf1b5c5239322f95b3b8692a2cab4f1ba4d9c03b6cb5b91d6f6e605
R16B-PRIOR-RECORD:ea9338fce0c7698a83630b39b30b0b003663e4e8eac8a373769c3a98fae0b357	EXTERNAL_HUMAN_REVIEW_OBLIGATION	docs/research/trace-v49-exploration-composition-review-round1/16_EXTERNAL_DOMAIN_REVIEW_REGISTRY.tsv	22	REVIEW-GAP-005	"{""reviewer_answer_status"":""NOT_COMPLETED""}"	5db3d88af9e3407d81cefa12efd31dbf96bda9a5fa155a6fc6ddd901f37902d2	SUPERSEDED_BY_OPEN_OBLIGATION	"[""R16B-CURRENT-OBLIGATION:EXTERNAL_HUMAN_AUTHORITY""]"	"[""docs/audits/v49-exploration-higher-order-association-closure-round16b/raw/recursive-gap-current-obligation-ledger-checkpoint012-v1.tsv""]"	CURRENT_SUCCESSOR_BLOCKS_AT_LEAST_ONE_CLOSURE	f520c7de237590d8c3874018b2a3b495a257ab6f7599b04afcaab9c0d55f89e6
R16B-PRIOR-RECORD:2866f1d4a8c6dcf8821e7cb4380f68d57c3c0800bfed6ac8c23a87383ff1083c	EXTERNAL_HUMAN_REVIEW_OBLIGATION	docs/research/trace-v49-exploration-composition-review-round1/16_EXTERNAL_DOMAIN_REVIEW_REGISTRY.tsv	23	REVIEW-GAP-006	"{""reviewer_answer_status"":""NOT_COMPLETED""}"	f880d606378b11d95f1afb4534dcc482d586751843e47e03b0da43fa1a57a7f6	SUPERSEDED_BY_OPEN_OBLIGATION	"[""R16B-CURRENT-OBLIGATION:EXTERNAL_HUMAN_AUTHORITY""]"	"[""docs/audits/v49-exploration-higher-order-association-closure-round16b/raw/recursive-gap-current-obligation-ledger-checkpoint012-v1.tsv""]"	CURRENT_SUCCESSOR_BLOCKS_AT_LEAST_ONE_CLOSURE	a47f18848cdce8c46129ce2c5fc7dce9d98b3d720b109aba21270d96e57e36d6
R16B-PRIOR-RECORD:1713b564a41a57b9999cda60cec4a79e4ad52d37ab7b91181b8698b010ad9ba7	EXTERNAL_HUMAN_REVIEW_OBLIGATION	docs/research/trace-v49-exploration-composition-review-round1/16_EXTERNAL_DOMAIN_REVIEW_REGISTRY.tsv	13	REVIEW-INSTANCE-001	"{""reviewer_answer_status"":""NOT_COMPLETED""}"	dd8dbda9ac8d4fe5257fb0cc459d2e6c1e938ddb4665438b2714f9b0164512b3	SUPERSEDED_BY_OPEN_OBLIGATION	"[""R16B-CURRENT-OBLIGATION:EXTERNAL_HUMAN_AUTHORITY""]"	"[""docs/audits/v49-exploration-higher-order-association-closure-round16b/raw/recursive-gap-current-obligation-ledger-checkpoint012-v1.tsv""]"	CURRENT_SUCCESSOR_BLOCKS_AT_LEAST_ONE_CLOSURE	000add94f8f77d43c44e55808d6ccf3208d6f34d89f6af270df4e464c7b03e17
R16B-PRIOR-RECORD:1ff01254d87d9e2c7cd9438ff77b567f6efce2f319197006ddec7f07e519a6c5	EXTERNAL_HUMAN_REVIEW_OBLIGATION	docs/research/trace-v49-exploration-composition-review-round1/16_EXTERNAL_DOMAIN_REVIEW_REGISTRY.tsv	14	REVIEW-INSTANCE-002	"{""reviewer_answer_status"":""NOT_COMPLETED""}"	ac68ddac91e5c5e827a423f2730648b544a26d0e64ea1ddf7c213faeb905da6a	SUPERSEDED_BY_OPEN_OBLIGATION	"[""R16B-CURRENT-OBLIGATION:EXTERNAL_HUMAN_AUTHORITY""]"	"[""docs/audits/v49-exploration-higher-order-association-closure-round16b/raw/recursive-gap-current-obligation-ledger-checkpoint012-v1.tsv""]"	CURRENT_SUCCESSOR_BLOCKS_AT_LEAST_ONE_CLOSURE	80d7a5b15511bedf4fa7d11350748b9336c2bac21dcae9d4ef46242d83272c71
R16B-PRIOR-RECORD:a31e7e11efca09ec1e8427a501bdbf00718b09e1e32b19b63fab32e989c0ef7c	EXTERNAL_HUMAN_REVIEW_OBLIGATION	docs/research/trace-v49-exploration-composition-review-round1/16_EXTERNAL_DOMAIN_REVIEW_REGISTRY.tsv	15	REVIEW-INSTANCE-003	"{""reviewer_answer_status"":""NOT_COMPLETED""}"	49d40c27778409e4df6b97e3347a1d7aa92c09e124a6501e015073681b0dad0c	SUPERSEDED_BY_OPEN_OBLIGATION	"[""R16B-CURRENT-OBLIGATION:EXTERNAL_HUMAN_AUTHORITY""]"	"[""docs/audits/v49-exploration-higher-order-association-closure-round16b/raw/recursive-gap-current-obligation-ledger-checkpoint012-v1.tsv""]"	CURRENT_SUCCESSOR_BLOCKS_AT_LEAST_ONE_CLOSURE	d64c013ec1643eb9f289139b266bebc7e7bceb7edf62808ecf37c831ed5be23a
R16B-PRIOR-RECORD:31b52cacb9a6dde3c31ac2921b2e8c1b00d5bf190a5792cb651d7a0b70afe741	EXTERNAL_HUMAN_REVIEW_OBLIGATION	docs/research/trace-v49-exploration-composition-review-round1/16_EXTERNAL_DOMAIN_REVIEW_REGISTRY.tsv	16	REVIEW-INSTANCE-004	"{""reviewer_answer_status"":""NOT_COMPLETED""}"	69d612c96413193170d0b1f119c28ed232de6ee6a68f99a74d6afbcd9e8a25d8	SUPERSEDED_BY_OPEN_OBLIGATION	"[""R16B-CURRENT-OBLIGATION:EXTERNAL_HUMAN_AUTHORITY""]"	"[""docs/audits/v49-exploration-higher-order-association-closure-round16b/raw/recursive-gap-current-obligation-ledger-checkpoint012-v1.tsv""]"	CURRENT_SUCCESSOR_BLOCKS_AT_LEAST_ONE_CLOSURE	54801d8032d4ab9e0e01a881a655f820b7ba6ce8530e6d52f56c652089583206
R16B-PRIOR-RECORD:ae144d443265ce25862d22388315b1c43806d77ea2ae4aa3194be6b5b30c45dc	EXTERNAL_HUMAN_REVIEW_OBLIGATION	docs/research/trace-v49-exploration-composition-review-round1/16_EXTERNAL_DOMAIN_REVIEW_REGISTRY.tsv	17	REVIEW-INSTANCE-005	"{""reviewer_answer_status"":""NOT_COMPLETED""}"	7dffcf0a5f95b521bb418a795c638e35fb223afeff8314507e13d0757669e47c	SUPERSEDED_BY_OPEN_OBLIGATION	"[""R16B-CURRENT-OBLIGATION:EXTERNAL_HUMAN_AUTHORITY""]"	"[""docs/audits/v49-exploration-higher-order-association-closure-round16b/raw/recursive-gap-current-obligation-ledger-checkpoint012-v1.tsv""]"	CURRENT_SUCCESSOR_BLOCKS_AT_LEAST_ONE_CLOSURE	4abf3bbc2adb352d6f542c6f9a398ad5d941e56ddfbe227bd7b22555eeecc6c2
R16B-PRIOR-RECORD:6106595a23e3ea49c691c6e351a9b87396595e29fe39b4ccd17e6eda059a243c	EXTERNAL_HUMAN_REVIEW_OBLIGATION	docs/research/trace-v49-exploration-composition-review-round1/16_EXTERNAL_DOMAIN_REVIEW_REGISTRY.tsv	2	REVIEW-NODE-001	"{""reviewer_answer_status"":""NOT_COMPLETED""}"	6525d4e605ea2a2c71f72fb8d7964249d688b8d5d9b641c816a89f00533e06d6	SUPERSEDED_BY_OPEN_OBLIGATION	"[""R16B-CURRENT-OBLIGATION:EXTERNAL_HUMAN_AUTHORITY""]"	"[""docs/audits/v49-exploration-higher-order-association-closure-round16b/raw/recursive-gap-current-obligation-ledger-checkpoint012-v1.tsv""]"	CURRENT_SUCCESSOR_BLOCKS_AT_LEAST_ONE_CLOSURE	182f0f06a0270118a58904571c0cfa5ee47fa09f12c311c754a3425477adb6a8
R16B-PRIOR-RECORD:0cc03a35613a4aaa61a0e1566effdeddf30df84cb7e1fb4e7d3357849ecbc7fb	EXTERNAL_HUMAN_REVIEW_OBLIGATION	docs/research/trace-v49-exploration-composition-review-round1/16_EXTERNAL_DOMAIN_REVIEW_REGISTRY.tsv	3	REVIEW-NODE-002	"{""reviewer_answer_status"":""NOT_COMPLETED""}"	6e7fb01fd441f8b8b158b47497c1639c466b67acbe17cd2c79391f64d3c4d397	SUPERSEDED_BY_OPEN_OBLIGATION	"[""R16B-CURRENT-OBLIGATION:EXTERNAL_HUMAN_AUTHORITY""]"	"[""docs/audits/v49-exploration-higher-order-association-closure-round16b/raw/recursive-gap-current-obligation-ledger-checkpoint012-v1.tsv""]"	CURRENT_SUCCESSOR_BLOCKS_AT_LEAST_ONE_CLOSURE	85397d398e55f9f3fb59399de165f0f7c473438194046884b251feaa96ef053b
R16B-PRIOR-RECORD:79a23b1e52d4ea6a7d1011c725e7eff3105239097cf63fefb5e7724c0edbf208	EXTERNAL_HUMAN_REVIEW_OBLIGATION	docs/research/trace-v49-exploration-composition-review-round1/16_EXTERNAL_DOMAIN_REVIEW_REGISTRY.tsv	4	REVIEW-NODE-003	"{""reviewer_answer_status"":""NOT_COMPLETED""}"	1eb39eee2c03875359b9aa8ba51b44b31b12fe4f9ab30fa48b22623adbb43dd0	SUPERSEDED_BY_OPEN_OBLIGATION	"[""R16B-CURRENT-OBLIGATION:EXTERNAL_HUMAN_AUTHORITY""]"	"[""docs/audits/v49-exploration-higher-order-association-closure-round16b/raw/recursive-gap-current-obligation-ledger-checkpoint012-v1.tsv""]"	CURRENT_SUCCESSOR_BLOCKS_AT_LEAST_ONE_CLOSURE	01381d8b831ca9f87fde8b1bec59e0518d9d5fa07f3b9b59e1280c0a7d4f8cfb
R16B-PRIOR-RECORD:f72699bb197c3ba4d52c57faaa1ed7a358ef5c18e4dc5ee7d297e568d3b64706	EXTERNAL_HUMAN_REVIEW_OBLIGATION	docs/research/trace-v49-exploration-composition-review-round1/16_EXTERNAL_DOMAIN_REVIEW_REGISTRY.tsv	5	REVIEW-NODE-004	"{""reviewer_answer_status"":""NOT_COMPLETED""}"	2e2178761e6a980201e50bf6b3c326a169dd477b09a390ab3f4a6b566979c4fa	SUPERSEDED_BY_OPEN_OBLIGATION	"[""R16B-CURRENT-OBLIGATION:EXTERNAL_HUMAN_AUTHORITY""]"	"[""docs/audits/v49-exploration-higher-order-association-closure-round16b/raw/recursive-gap-current-obligation-ledger-checkpoint012-v1.tsv""]"	CURRENT_SUCCESSOR_BLOCKS_AT_LEAST_ONE_CLOSURE	4f1c57103a43a3d5b0e6987bf5274916c214fed318c967382b436d54d9e4ef9f
R16B-PRIOR-RECORD:51f35a110a1142aacc5cf2e8e12d92ae19ba463965a2873becd0051597e5c32f	EXTERNAL_HUMAN_REVIEW_OBLIGATION	docs/research/trace-v49-exploration-composition-review-round1/16_EXTERNAL_DOMAIN_REVIEW_REGISTRY.tsv	6	REVIEW-NODE-005	"{""reviewer_answer_status"":""NOT_COMPLETED""}"	93bbf57f136086c020c76bc770c063644b1e6dbab75a7092ef1f50837e5d92c5	SUPERSEDED_BY_OPEN_OBLIGATION	"[""R16B-CURRENT-OBLIGATION:EXTERNAL_HUMAN_AUTHORITY""]"	"[""docs/audits/v49-exploration-higher-order-association-closure-round16b/raw/recursive-gap-current-obligation-ledger-checkpoint012-v1.tsv""]"	CURRENT_SUCCESSOR_BLOCKS_AT_LEAST_ONE_CLOSURE	67ae2fc85462b507470be93a09e29b8a294768c7198668e2a7841718e7909968
R16B-PRIOR-RECORD:b8cf47f4b4f9d803300684fa0e45237e7c626be6513f4c848693be198834cc57	EXTERNAL_HUMAN_REVIEW_OBLIGATION	docs/research/trace-v49-exploration-composition-review-round1/16_EXTERNAL_DOMAIN_REVIEW_REGISTRY.tsv	7	REVIEW-NODE-006	"{""reviewer_answer_status"":""NOT_COMPLETED""}"	4fa1ec5cb04070d54b3ca72a7176b2aa89d4bd2504e1031059a59f0b725891b5	SUPERSEDED_BY_OPEN_OBLIGATION	"[""R16B-CURRENT-OBLIGATION:EXTERNAL_HUMAN_AUTHORITY""]"	"[""docs/audits/v49-exploration-higher-order-association-closure-round16b/raw/recursive-gap-current-obligation-ledger-checkpoint012-v1.tsv""]"	CURRENT_SUCCESSOR_BLOCKS_AT_LEAST_ONE_CLOSURE	c269264c6ce275166e555185aea2cf3f4c15a0d8c85aad6403f13512846f2db4
R16B-PRIOR-RECORD:8b551be5cd070ba74d2c3b26b4c48f5e6d925b3dec8a02fa3b706131fc8776e2	EXTERNAL_HUMAN_REVIEW_OBLIGATION	docs/research/trace-v49-exploration-composition-review-round1/16_EXTERNAL_DOMAIN_REVIEW_REGISTRY.tsv	8	REVIEW-NODE-007	"{""reviewer_answer_status"":""NOT_COMPLETED""}"	82d09442870ac7baa30272a6aa8eae0d349d6c042dd77cd5418b429d05a8f31d	SUPERSEDED_BY_OPEN_OBLIGATION	"[""R16B-CURRENT-OBLIGATION:EXTERNAL_HUMAN_AUTHORITY""]"	"[""docs/audits/v49-exploration-higher-order-association-closure-round16b/raw/recursive-gap-current-obligation-ledger-checkpoint012-v1.tsv""]"	CURRENT_SUCCESSOR_BLOCKS_AT_LEAST_ONE_CLOSURE	bdb0b19313553cbb187e5070262dd9ee49065c94777c1a205cd5c90d79d46177
R16B-PRIOR-RECORD:348a014e5a55857756158d2e7b961918e279b685df4bf2cb294a9ad50c1e6f0b	EXTERNAL_HUMAN_REVIEW_OBLIGATION	docs/research/trace-v49-exploration-composition-review-round1/16_EXTERNAL_DOMAIN_REVIEW_REGISTRY.tsv	9	REVIEW-NODE-008	"{""reviewer_answer_status"":""NOT_COMPLETED""}"	88c180253414cdef9b1254554fc80f25de2f9bfdfa5bc7c3bcf64756589caab5	SUPERSEDED_BY_OPEN_OBLIGATION	"[""R16B-CURRENT-OBLIGATION:EXTERNAL_HUMAN_AUTHORITY""]"	"[""docs/audits/v49-exploration-higher-order-association-closure-round16b/raw/recursive-gap-current-obligation-ledger-checkpoint012-v1.tsv""]"	CURRENT_SUCCESSOR_BLOCKS_AT_LEAST_ONE_CLOSURE	273e0e21edfcefcf297a07d5b79ba250cbb995f19492b640fa02b2169ee2ebbe
R16B-PRIOR-RECORD:a8aacf93ad136ad296d43a2a3519414d4ebe886864001e9a79d0737e2cac719b	EXTERNAL_HUMAN_REVIEW_OBLIGATION	docs/research/trace-v49-exploration-composition-review-round1/16_EXTERNAL_DOMAIN_REVIEW_REGISTRY.tsv	10	REVIEW-PAIR-A	"{""reviewer_answer_status"":""NOT_COMPLETED""}"	4408532a7c3162c19ad61348aeb5197f286691a7396855eb41e8a9839162c625	SUPERSEDED_BY_OPEN_OBLIGATION	"[""R16B-CURRENT-OBLIGATION:EXTERNAL_HUMAN_AUTHORITY""]"	"[""docs/audits/v49-exploration-higher-order-association-closure-round16b/raw/recursive-gap-current-obligation-ledger-checkpoint012-v1.tsv""]"	CURRENT_SUCCESSOR_BLOCKS_AT_LEAST_ONE_CLOSURE	713df96b227e1e47eba7132fa67febc66c1d3e0ecc469d5fff9ac6c8436486d2
R16B-PRIOR-RECORD:f0f4477843f7a5e82f5008ddb5b090228a2345d98e7327c2969f226bcf9f1f5f	EXTERNAL_HUMAN_REVIEW_OBLIGATION	docs/research/trace-v49-exploration-composition-review-round1/16_EXTERNAL_DOMAIN_REVIEW_REGISTRY.tsv	11	REVIEW-PAIR-B	"{""reviewer_answer_status"":""NOT_COMPLETED""}"	d2565ea3f72716d9e2db2b92b982613a1b577e673b138306479b7d202806e42f	SUPERSEDED_BY_OPEN_OBLIGATION	"[""R16B-CURRENT-OBLIGATION:EXTERNAL_HUMAN_AUTHORITY""]"	"[""docs/audits/v49-exploration-higher-order-association-closure-round16b/raw/recursive-gap-current-obligation-ledger-checkpoint012-v1.tsv""]"	CURRENT_SUCCESSOR_BLOCKS_AT_LEAST_ONE_CLOSURE	add6b83fc3501602cf89967931bc8a18378269fa7ef507158417a4b729c3b246
R16B-PRIOR-RECORD:8ccf1e69da83144ed2b2a3db46c22e5cfd5bb2331604b6460b81ae772522923e	EXTERNAL_HUMAN_REVIEW_OBLIGATION	docs/research/trace-v49-exploration-composition-review-round1/16_EXTERNAL_DOMAIN_REVIEW_REGISTRY.tsv	12	REVIEW-PAIR-C	"{""reviewer_answer_status"":""NOT_COMPLETED""}"	743750286b04e7f00519cd5a9f33fe30786a941595b63c08f5f466e5e0f9470a	SUPERSEDED_BY_OPEN_OBLIGATION	"[""R16B-CURRENT-OBLIGATION:EXTERNAL_HUMAN_AUTHORITY""]"	"[""docs/audits/v49-exploration-higher-order-association-closure-round16b/raw/recursive-gap-current-obligation-ledger-checkpoint012-v1.tsv""]"	CURRENT_SUCCESSOR_BLOCKS_AT_LEAST_ONE_CLOSURE	d46d43c767582bd9bc639ed205463bc95e68bb07397b6599805e1539bcfb2da0
R16B-PRIOR-RECORD:c3cfba352315722b2fb8aee081daa46068782d9a1a662ffb12dc8d70496cdb77	GAP	docs/audits/v49-exploration-higher-order-association-closure-round16b/raw/recursive-gap-ledger-adaptive-source-shard-1-v1.tsv	2	R16B-ADAPTIVE-SOURCE-GAP:0afc59ec3c1298bc3ffbe9f912511da277e44682decc4b914bf04e5de0710823	"{""status"":""OPEN""}"	5948f6fe27c3238ee4a5dda385e5bacb0cc3156e4c19f470c58e9c4e5cd46161	SUPERSEDED_BY_OPEN_OBLIGATION	"[""R16B-CURRENT-OBLIGATION:EXTERNAL_HUMAN_AUTHORITY""]"	"[""docs/audits/v49-exploration-higher-order-association-closure-round16b/raw/recursive-gap-current-obligation-ledger-checkpoint012-v1.tsv""]"	CURRENT_SUCCESSOR_BLOCKS_AT_LEAST_ONE_CLOSURE	193a9074c95600d5fd70f0234afb753f36d9a79830483b92e428e906df1fbb66
R16B-PRIOR-RECORD:cd04ea7d4f66be3a2fd88e826c715536cb0b01c96c07bb02b96a935c3165fe1d	GAP	docs/audits/v49-exploration-higher-order-association-closure-round16b/raw/recursive-gap-ledger-adaptive-source-shard-1-v1.tsv	8	R16B-ADAPTIVE-SOURCE-GAP:17a6758a9f19605c957407617309802e0ea990701be9efd46ff4d54c3d77dd88	"{""status"":""OPEN""}"	a9c5188b90c338f00e99c073a00dc9a90379800d24cf378ef5fedbdceadb218b	SUPERSEDED_BY_OPEN_OBLIGATION	"[""R16B-CURRENT-OBLIGATION:SOURCE_BYTE_REPRODUCIBILITY""]"	"[""docs/audits/v49-exploration-higher-order-association-closure-round16b/raw/recursive-gap-current-obligation-ledger-checkpoint012-v1.tsv""]"	CURRENT_SUCCESSOR_BLOCKS_AT_LEAST_ONE_CLOSURE	6c13ca4a77d2a0745abe63bcfd756b4f5ca0bb0ba0202d167b93111ef1a13ea4
R16B-PRIOR-RECORD:7c4cce23677f863d96b83b5fa8c0ed2bfe286700e349c9f81e64ae1e212c6322	GAP	docs/audits/v49-exploration-higher-order-association-closure-round16b/raw/recursive-gap-ledger-adaptive-source-shard-1-v1.tsv	9	R16B-ADAPTIVE-SOURCE-GAP:374f75ee7c228223417b215b6157270adba2aea14e62716b8249bc80b06e046f	"{""status"":""OPEN""}"	d2d12508320b02455b034aa7c26e0178afe9233fa06e4c538681368900704fbe	SUPERSEDED_BY_OPEN_OBLIGATION	"[""R16B-CURRENT-OBLIGATION:PRODUCTION_POPULATION_AND_REACHABILITY""]"	"[""docs/audits/v49-exploration-higher-order-association-closure-round16b/raw/recursive-gap-current-obligation-ledger-checkpoint012-v1.tsv""]"	CURRENT_SUCCESSOR_BLOCKS_AT_LEAST_ONE_CLOSURE	7bc785f0607fa95b2e4e1d7e01b34e2233bde372240b45be1fd19cd1697a2213
R16B-PRIOR-RECORD:041cf514781255db3bcc2e855591f4d675bbf707518c551947808c49b3288760	GAP	docs/audits/v49-exploration-higher-order-association-closure-round16b/raw/recursive-gap-ledger-adaptive-source-shard-1-v1.tsv	6	R16B-ADAPTIVE-SOURCE-GAP:711715ff0a111db59ec0e2536b6ebcc85ab31e41e1327e325865121e92bd2f73	"{""status"":""OPEN""}"	8af3ff96a7229091a31784481e67e174d648f3771880ededed7c5435d24d26a1	SUPERSEDED_BY_OPEN_OBLIGATION	"[""R16B-CURRENT-OBLIGATION:EXTERNAL_HUMAN_AUTHORITY"",""R16B-CURRENT-OBLIGATION:SCOPE_SENSE_AND_IDENTITY""]"	"[""docs/audits/v49-exploration-higher-order-association-closure-round16b/raw/recursive-gap-current-obligation-ledger-checkpoint012-v1.tsv""]"	CURRENT_SUCCESSOR_BLOCKS_AT_LEAST_ONE_CLOSURE	197d98ebdb80d6c992a24ae54939978e9b44d531019b135eaa5abf9738dcbe00
R16B-PRIOR-RECORD:de93c497a677516c672686b8a6884a145be9d1f968a4302f3fd2fa021ca43d14	GAP	docs/audits/v49-exploration-higher-order-association-closure-round16b/raw/recursive-gap-ledger-adaptive-source-shard-1-v1.tsv	4	R16B-ADAPTIVE-SOURCE-GAP:77315c825f65f9e6a4e193ec22bbd8537c8837020de4440eb0818728d19fea8b	"{""status"":""OPEN""}"	6a0c933f64ccae942a5331df0830b6f3935de3b6018e2c8423c6b4f244c2b9fd	SUPERSEDED_BY_OPEN_OBLIGATION	"[""R16B-CURRENT-OBLIGATION:SCOPE_SENSE_AND_IDENTITY""]"	"[""docs/audits/v49-exploration-higher-order-association-closure-round16b/raw/recursive-gap-current-obligation-ledger-checkpoint012-v1.tsv""]"	CURRENT_SUCCESSOR_BLOCKS_AT_LEAST_ONE_CLOSURE	07bcb5c163b3badacd94cb05049812d678114d61344f3e533f18e90e95025f72
R16B-PRIOR-RECORD:cea5fe99e2c23f988849b07cfca9ba5b3171f76cfff7be2dea2789a9630a9316	GAP	docs/audits/v49-exploration-higher-order-association-closure-round16b/raw/recursive-gap-ledger-adaptive-source-shard-1-v1.tsv	3	R16B-ADAPTIVE-SOURCE-GAP:8d7da37424b678e4a943fe109e5d93c6dfae74684eed17ebe2ddcc88e2d87f7f	"{""status"":""OPEN""}"	a07e42ac9e90412199f162033a4045327f290d59f3f7be146c666d7a7650f613	SUPERSEDED_BY_OPEN_OBLIGATION	"[""R16B-CURRENT-OBLIGATION:RIGHTS_AND_LAWFUL_TEXT""]"	"[""docs/audits/v49-exploration-higher-order-association-closure-round16b/raw/recursive-gap-current-obligation-ledger-checkpoint012-v1.tsv""]"	CURRENT_SUCCESSOR_BLOCKS_AT_LEAST_ONE_CLOSURE	150366bb2dc9ede424d8e475e40bd5566b04daa0e8c4b57360b975364a251cf4
R16B-PRIOR-RECORD:6d934e365ec11ad325d189e4bef816421b7956b73376262ecae745a9bce75c1e	GAP	docs/audits/v49-exploration-higher-order-association-closure-round16b/raw/recursive-gap-ledger-adaptive-source-shard-1-v1.tsv	7	R16B-ADAPTIVE-SOURCE-GAP:ad757abca4717e8fa253c0e44971730a7ae8fc55ac2b9253d94da008707bdb79	"{""status"":""OPEN""}"	5c343e16b4ef2cc8b06099b57807df156f13e4bce92d8f7d6525e7327735d1e5	SUPERSEDED_BY_OPEN_OBLIGATION	"[""R16B-CURRENT-OBLIGATION:GLOBAL_GROUP_COHERENCE"",""R16B-CURRENT-OBLIGATION:SCOPE_SENSE_AND_IDENTITY""]"	"[""docs/audits/v49-exploration-higher-order-association-closure-round16b/raw/recursive-gap-current-obligation-ledger-checkpoint012-v1.tsv""]"	CURRENT_SUCCESSOR_BLOCKS_AT_LEAST_ONE_CLOSURE	2e7dbc8c6029707f6c1b9f55222f064184e700a77f1911279e4a6a4e8e643fa9
R16B-PRIOR-RECORD:6483f080be8bab01cbe5e05edba0c415ce720c2d7cea5b47a060134896df9857	GAP	docs/audits/v49-exploration-higher-order-association-closure-round16b/raw/recursive-gap-ledger-adaptive-source-shard-1-v1.tsv	5	R16B-ADAPTIVE-SOURCE-GAP:e49d03f04994a3c1de47c3e08ebf63c09a6929f9fd14ba511a226a4650a953bf	"{""status"":""OPEN""}"	f30f04d9998f6bcfac1646cb24c4eca830f2d522fbab99ef9bd65bcc278cc028	SUPERSEDED_BY_OPEN_OBLIGATION	"[""R16B-CURRENT-OBLIGATION:SCOPE_SENSE_AND_IDENTITY""]"	"[""docs/audits/v49-exploration-higher-order-association-closure-round16b/raw/recursive-gap-current-obligation-ledger-checkpoint012-v1.tsv""]"	CURRENT_SUCCESSOR_BLOCKS_AT_LEAST_ONE_CLOSURE	6380875cf3e641d01df7f40e344592672869bdb7d3142c6077c64e23045dcf37
R16B-PRIOR-RECORD:a29847929eb712d6176c5404374305d5d2d03cf752ac23cd1dffedecc2b6e1dc	GAP	docs/audits/v49-exploration-higher-order-association-closure-round16b/raw/recursive-gap-ledger-adaptive-source-shard-2-v1.tsv	2	R16B-GAP-S2-001	"{""status"":""OPEN_BLOCKING""}"	b84c0eddb8f394a1aee6af2169ca1d35edc460ec474917f284e2adf5b9468cd4	SUPERSEDED_BY_OPEN_OBLIGATION	"[""R16B-CURRENT-OBLIGATION:EXTERNAL_HUMAN_AUTHORITY"",""R16B-CURRENT-OBLIGATION:GLOBAL_GROUP_COHERENCE""]"	"[""docs/audits/v49-exploration-higher-order-association-closure-round16b/raw/recursive-gap-current-obligation-ledger-checkpoint012-v1.tsv""]"	CURRENT_SUCCESSOR_BLOCKS_AT_LEAST_ONE_CLOSURE	8107dc402dcb78212f74379772fa5059683f1126a8ad6d0047ef08c6a905d48c
R16B-PRIOR-RECORD:af1328d2cc157e380c15e73dd637d3f40de0ed916a096c586034e935310e6da8	GAP	docs/audits/v49-exploration-higher-order-association-closure-round16b/raw/recursive-gap-ledger-adaptive-source-shard-2-v1.tsv	3	R16B-GAP-S2-002	"{""status"":""OPEN_BLOCKING""}"	e557bf3b87f0f291ddabf696e84ceef04bf0af9d3531fcf4205b387947f8ddd4	SUPERSEDED_BY_OPEN_OBLIGATION	"[""R16B-CURRENT-OBLIGATION:CULTURAL_TRANSFORMATION_REAUDIT""]"	"[""docs/audits/v49-exploration-higher-order-association-closure-round16b/raw/recursive-gap-current-obligation-ledger-checkpoint012-v1.tsv""]"	CURRENT_SUCCESSOR_BLOCKS_AT_LEAST_ONE_CLOSURE	52529bda05bc5e5faf3ea598d766ef90e65cef97e45fff9d893e4e8b10092400
R16B-PRIOR-RECORD:8106021c06a7e7be04cb4ff997ef145b5bb9bbf155a457a5680f4d888e43332d	GAP	docs/audits/v49-exploration-higher-order-association-closure-round16b/raw/recursive-gap-ledger-adaptive-source-shard-2-v1.tsv	4	R16B-GAP-S2-003	"{""status"":""OPEN_BLOCKING""}"	04b29fb14535e242beeca9364156f2f7092ecc0b2322061f4dc43d64ec0fa424	SUPERSEDED_BY_OPEN_OBLIGATION	"[""R16B-CURRENT-OBLIGATION:ACTIVE_VOCABULARY_REACHABILITY"",""R16B-CURRENT-OBLIGATION:PRODUCTION_POPULATION_AND_REACHABILITY""]"	"[""docs/audits/v49-exploration-higher-order-association-closure-round16b/raw/recursive-gap-current-obligation-ledger-checkpoint012-v1.tsv""]"	CURRENT_SUCCESSOR_BLOCKS_AT_LEAST_ONE_CLOSURE	73ae241536f57658db214fcbe171fb905a58e4a3b62e1615dc9b5cb0057b37ff
R16B-PRIOR-RECORD:dbc3a223b71416e07a833764f4050b1760d635cb56fc252214501977253cd2dd	GAP	docs/audits/v49-exploration-higher-order-association-closure-round16b/raw/recursive-gap-ledger-adaptive-source-shard-2-v1.tsv	5	R16B-GAP-S2-004	"{""status"":""OPEN_BLOCKING""}"	3680d4acba7324a38b189229fbcddd82a526034254eaea3e202628f663d82d4c	PARTIALLY_RECONCILED_REMAINDER_OPEN	"[""R16B-CURRENT-OBLIGATION:RIGHTS_AND_LAWFUL_TEXT""]"	"[""docs/audits/v49-exploration-higher-order-association-closure-round16b/raw/recursive-gap-current-obligation-ledger-checkpoint012-v1.tsv""]"	COMPLETED_WORK_PRESERVED_CURRENT_REMAINDER_BLOCKS_CLOSURE	8ffb7bdcbbcf2540540cb8913f2685fb33e3ba2b9718fa27a37258671729cc73
R16B-PRIOR-RECORD:5e360b1a4888efae1f0463959fb855cdfaace67f4e73d46e3d6a9c21bdc58321	GAP	docs/audits/v49-exploration-higher-order-association-closure-round16b/raw/recursive-gap-ledger-adaptive-source-shard-2-v1.tsv	6	R16B-GAP-S2-005	"{""status"":""OPEN_BLOCKING""}"	41575a9d376d4110b02639fe6b0358a883060c02fb0b505e0d2cb7946ffc2197	SUPERSEDED_BY_OPEN_OBLIGATION	"[""R16B-CURRENT-OBLIGATION:CANDIDATE_UNIVERSE_AND_EXCLUSION_PROOF""]"	"[""docs/audits/v49-exploration-higher-order-association-closure-round16b/raw/recursive-gap-current-obligation-ledger-checkpoint012-v1.tsv""]"	CURRENT_SUCCESSOR_BLOCKS_AT_LEAST_ONE_CLOSURE	f0f33e27236f867317bdb9b19b39e377f91d7040bec0e8deee0a3ce3397b6c39
R16B-PRIOR-RECORD:2f66d9e19b061b78bed3cbf59bfa96bc9e61c7a4b255c9d4ea62bac6fa26b2c2	GAP	docs/audits/v49-exploration-higher-order-association-closure-round16b/raw/recursive-gap-ledger-adaptive-source-shard-2-v1.tsv	7	R16B-GAP-S2-006	"{""status"":""OPEN_BLOCKING""}"	16ba25ba9b334bab400dc9fe48e01b54a3fdaee52d97711fd914d60a90da6979	PARTIALLY_RECONCILED_REMAINDER_OPEN	"[""R16B-CURRENT-OBLIGATION:PRODUCTION_POPULATION_AND_REACHABILITY"",""R16B-CURRENT-OBLIGATION:ROUND16A_SEMANTIC_RECONCILIATION""]"	"[""docs/audits/v49-exploration-higher-order-association-closure-round16b/raw/recursive-gap-current-obligation-ledger-checkpoint012-v1.tsv""]"	COMPLETED_WORK_PRESERVED_CURRENT_REMAINDER_BLOCKS_CLOSURE	52202525dfd4f7ecc3d1abeb785a77d0872d6b143029e8c88ae06c4095400f4d
R16B-PRIOR-RECORD:7b689c943e7dcc57d614bbc571793854a2de4126568e075d783901b2eedc6fd5	GAP	docs/audits/v49-exploration-higher-order-association-closure-round16b/raw/recursive-gap-ledger-checkpoint003-v1.tsv	2	GAP-001	"{""status"":""PARTIAL_LOCAL_SURFACE_ACCOUNTING""}"	40a72e410f2c823bd495be4fb96435364c6b0a638a3ee26ba14ca393e2b1699f	PARTIALLY_RECONCILED_REMAINDER_OPEN	"[""R16B-CURRENT-OBLIGATION:CANDIDATE_UNIVERSE_AND_EXCLUSION_PROOF""]"	"[""docs/audits/v49-exploration-higher-order-association-closure-round16b/raw/recursive-gap-current-obligation-ledger-checkpoint012-v1.tsv""]"	COMPLETED_WORK_PRESERVED_CURRENT_REMAINDER_BLOCKS_CLOSURE	7b6e3105ce492cf485d48964436574f5519a7e86203a23d66cad1c22dc217e79
R16B-PRIOR-RECORD:ce4776206d9281afe6c6bca62756090b8bc270c8d295a4e43ffa134f53f75a4a	GAP	docs/audits/v49-exploration-higher-order-association-closure-round16b/raw/recursive-gap-ledger-checkpoint003-v1.tsv	3	GAP-002	"{""status"":""OPEN""}"	7c03a3c4092ff2b776bb80f18d2273b04f3361f7a72c4c610d7869491fe57bac	PARTIALLY_RECONCILED_REMAINDER_OPEN	"[""R16B-CURRENT-OBLIGATION:PRODUCTION_POPULATION_AND_REACHABILITY""]"	"[""docs/audits/v49-exploration-higher-order-association-closure-round16b/raw/recursive-gap-current-obligation-ledger-checkpoint012-v1.tsv""]"	COMPLETED_WORK_PRESERVED_CURRENT_REMAINDER_BLOCKS_CLOSURE	5917204238c387160acdb9ecb3b8bdf97a8330002a37fc0686353956292fccf0
R16B-PRIOR-RECORD:a09e89e09094827334615d18e824a6140de1a538e10b8a22f4e690aeb1cf2922	GAP	docs/audits/v49-exploration-higher-order-association-closure-round16b/raw/recursive-gap-ledger-checkpoint003-v1.tsv	4	GAP-003	"{""status"":""OPEN""}"	e9e9748a5a20d3f5a5e56f0b2252c8e87e90e6315ce1b9891fea578ab6ba6bb9	SUPERSEDED_BY_OPEN_OBLIGATION	"[""R16B-CURRENT-OBLIGATION:GLOBAL_GROUP_COHERENCE"",""R16B-CURRENT-OBLIGATION:ROUND16A_SEMANTIC_RECONCILIATION""]"	"[""docs/audits/v49-exploration-higher-order-association-closure-round16b/raw/recursive-gap-current-obligation-ledger-checkpoint012-v1.tsv""]"	CURRENT_SUCCESSOR_BLOCKS_AT_LEAST_ONE_CLOSURE	f2f68de53e44a4b03b09c090aae1672c5b331613510bd16c7c3d67907829b321
R16B-PRIOR-RECORD:16ce354540bd88c24c4eed5e39474d2e8a712f6c7c43c543fa592470472ce3cd	GAP	docs/audits/v49-exploration-higher-order-association-closure-round16b/raw/recursive-gap-ledger-checkpoint003-v1.tsv	5	GAP-004	"{""status"":""OPEN""}"	82d5d88599b4995aeddb104bfa1d16265d141f3a4810bf56ad315ed7df5f4325	SUPERSEDED_BY_OPEN_OBLIGATION	"[""R16B-CURRENT-OBLIGATION:ACTIVE_VOCABULARY_REACHABILITY""]"	"[""docs/audits/v49-exploration-higher-order-association-closure-round16b/raw/recursive-gap-current-obligation-ledger-checkpoint012-v1.tsv""]"	CURRENT_SUCCESSOR_BLOCKS_AT_LEAST_ONE_CLOSURE	0980798c1ed6fd4d3e487a849a9b85f21de4adcd13958bf3ec0a2262014dc285
R16B-PRIOR-RECORD:7bf6e3ea6e3b5eed7294323fad41a774a6136113d70a0e19fd003caa9ad4bbe3	GAP	docs/audits/v49-exploration-higher-order-association-closure-round16b/raw/recursive-gap-ledger-checkpoint003-v1.tsv	6	GAP-005	"{""status"":""OPEN""}"	5162a06d772bb0fd5536df29c793ce6a7cd2450acdc814da734c86dcf37426ea	SUPERSEDED_BY_OPEN_OBLIGATION	"[""R16B-CURRENT-OBLIGATION:EXTERNAL_HUMAN_AUTHORITY""]"	"[""docs/audits/v49-exploration-higher-order-association-closure-round16b/raw/recursive-gap-current-obligation-ledger-checkpoint012-v1.tsv""]"	CURRENT_SUCCESSOR_BLOCKS_AT_LEAST_ONE_CLOSURE	ceb0070c44c32acbdc41121ea7611984ebd1b3791a14a8dab7f22eb0c4bbdd16
R16B-PRIOR-RECORD:8f0d7e2d90d27dd41dc1deacf37b11cee160ef6c77c74882ca456af87d417048	GAP	docs/audits/v49-exploration-higher-order-association-closure-round16b/raw/recursive-gap-ledger-checkpoint003-v1.tsv	7	GAP-006	"{""status"":""METHOD_CONTROL_ADDED_REVIEW_OPEN""}"	9cb9f1ce35ef91a2bc3ecf80ff4ade77508fdd2eab529015db80f5379e9e08f9	PARTIALLY_RECONCILED_REMAINDER_OPEN	"[""R16B-CURRENT-OBLIGATION:RIGHTS_AND_LAWFUL_TEXT""]"	"[""docs/audits/v49-exploration-higher-order-association-closure-round16b/raw/recursive-gap-current-obligation-ledger-checkpoint012-v1.tsv""]"	COMPLETED_WORK_PRESERVED_CURRENT_REMAINDER_BLOCKS_CLOSURE	9b1069f7a4725678e64bb85c2ad83fc63c012f14d94d017c1ba421410529111b
R16B-PRIOR-RECORD:165eb3f93107e8ac2bf6b948bc0a02a2fdb3dbbdba93d9384d9d2eb28ef4c2a6	GAP	docs/audits/v49-exploration-higher-order-association-closure-round16b/raw/recursive-gap-ledger-checkpoint003-v1.tsv	8	GAP-007	"{""status"":""OPEN""}"	a20c3deb3cad51b1c34b642c8a6efa3a8a6b6b00a2c0fb74d0496fedf72f59ec	SUPERSEDED_BY_OPEN_OBLIGATION	"[""R16B-CURRENT-OBLIGATION:SEMANTIC_AND_PRODUCT_ARITY_BOUND""]"	"[""docs/audits/v49-exploration-higher-order-association-closure-round16b/raw/recursive-gap-current-obligation-ledger-checkpoint012-v1.tsv""]"	CURRENT_SUCCESSOR_BLOCKS_AT_LEAST_ONE_CLOSURE	4cf7c9dac0a2e663cb6944d1b124c34c3a6797b452574e7f24ca6c004cf24d29
R16B-PRIOR-RECORD:af65d292aaeb7829ca830ab86b012ebc34fe902f1494b68086c8bfa8c8f2c186	GAP	docs/audits/v49-exploration-higher-order-association-closure-round16b/raw/recursive-gap-ledger-checkpoint003-v1.tsv	9	GAP-008	"{""status"":""PARTIAL_LOCAL_CENSUS_VERIFIER_PASS""}"	5816c88cdb5bdcf07d78107af209e678aefb228ecf9d83303fb2ad709f6469f4	PARTIALLY_RECONCILED_REMAINDER_OPEN	"[""R16B-CURRENT-OBLIGATION:GLOBAL_GROUP_COHERENCE"",""R16B-CURRENT-OBLIGATION:PAIR_ASSOCIATION_REAUDIT""]"	"[""docs/audits/v49-exploration-higher-order-association-closure-round16b/raw/recursive-gap-current-obligation-ledger-checkpoint012-v1.tsv""]"	COMPLETED_WORK_PRESERVED_CURRENT_REMAINDER_BLOCKS_CLOSURE	44db867f7967139f40b90c2475d4587163cb4d9ef06210a492af711cb42e0802
R16B-PRIOR-RECORD:edf1cec1f695efc8f6a9fb13936b7afe10511dd8e0ac5f8d2e558f63ab62e2cf	GAP	docs/audits/v49-exploration-higher-order-association-closure-round16b/raw/recursive-gap-ledger-checkpoint003-v1.tsv	10	GAP-009	"{""status"":""OPEN""}"	67f993831bbddba5a33223a314a967e097a1739b4218d225b96dcf9c323dc7ca	PARTIALLY_RECONCILED_REMAINDER_OPEN	"[""R16B-CURRENT-OBLIGATION:CANDIDATE_UNIVERSE_AND_EXCLUSION_PROOF"",""R16B-CURRENT-OBLIGATION:METADATA_TO_TEXT_REVIEW""]"	"[""docs/audits/v49-exploration-higher-order-association-closure-round16b/raw/recursive-gap-current-obligation-ledger-checkpoint012-v1.tsv""]"	COMPLETED_WORK_PRESERVED_CURRENT_REMAINDER_BLOCKS_CLOSURE	e8f987c0b2f0e141bcf746c458d618f395e3e0aa6cd6abcc3196a14df3b5a040
R16B-PRIOR-RECORD:8f1409926695bf65a981ca282d7eccc4d8e9a2a99dab192d8655278aabfc64eb	GAP	docs/audits/v49-exploration-higher-order-association-closure-round16b/raw/recursive-gap-ledger-checkpoint003-v1.tsv	11	GAP-010	"{""status"":""PARTIAL_NO_LOSS_UNIVERSE_BUILT""}"	aac61929fffba906adad741b2dbe51bbbf1be1036863a257c258ea6bb100c44d	PARTIALLY_RECONCILED_REMAINDER_OPEN	"[""R16B-CURRENT-OBLIGATION:PRODUCTION_POPULATION_AND_REACHABILITY"",""R16B-CURRENT-OBLIGATION:ROUND16A_SEMANTIC_RECONCILIATION""]"	"[""docs/audits/v49-exploration-higher-order-association-closure-round16b/raw/recursive-gap-current-obligation-ledger-checkpoint012-v1.tsv""]"	COMPLETED_WORK_PRESERVED_CURRENT_REMAINDER_BLOCKS_CLOSURE	e8163428905e336b4d080b676d9ba99ce8a561d4eac0ccc7f7d10a570224de17
R16B-PRIOR-RECORD:793aa23d8b2a0a53dd8fde6ce0e810e354d48691ca3de2653633a968e59f2ac2	GAP	docs/audits/v49-exploration-higher-order-association-closure-round16b/raw/recursive-gap-ledger-checkpoint003-v1.tsv	12	GAP-011	"{""status"":""METHOD_CONTROL_ADDED_DISCOVERY_OPEN""}"	bcd473e02f0a1eaaf8b52d56dbb767e0307cf898d81053caad409b6d2bba2860	PRESERVED_TERMINAL_CONTROL	[]	"[""COMMITTED_ROUND16B_ARTIFACTS_THROUGH_CHECKPOINT011""]"	TERMINAL_CONTROL_PRESERVED_NO_POSITIVE_CLOSURE_INFERENCE	55a501150a3c97d2bd06636cd7d86f455c34eb5301631d005e6922bf466c3e45
R16B-PRIOR-RECORD:15c2f7a8d495d19187aff0890b26af6a3be5143bff112d27e3ff03299421c5ba	GAP	docs/audits/v49-exploration-higher-order-association-closure-round16b/raw/recursive-gap-ledger-checkpoint003-v1.tsv	13	GAP-012	"{""status"":""PARTIAL_LOCAL_SELECTOR_EXACT_EXCLUSIONS_OPEN""}"	458a004a6931b5ea667a74cfdd0c9c25943ac940dc87c578c1c982c87be1ff61	SUPERSEDED_BY_OPEN_OBLIGATION	"[""R16B-CURRENT-OBLIGATION:CANDIDATE_UNIVERSE_AND_EXCLUSION_PROOF""]"	"[""docs/audits/v49-exploration-higher-order-association-closure-round16b/raw/recursive-gap-current-obligation-ledger-checkpoint012-v1.tsv""]"	CURRENT_SUCCESSOR_BLOCKS_AT_LEAST_ONE_CLOSURE	ad0e66198b0275086aefe5d0c0d80ea5771eea9eb5f62dfc6549fab66aa6b438
R16B-PRIOR-RECORD:f76562a5dfa03e3abcbd04b74e7a91b2d280f6766e2ad71adb9f3915332e01b6	GAP	docs/audits/v49-exploration-higher-order-association-closure-round16b/raw/recursive-gap-ledger-checkpoint003-v1.tsv	14	GAP-013	"{""status"":""RESOLVED_VERSIONED_CROSSWALK""}"	f8c96f88b9a1244d502357f1c422c08c2e631389aceec7575fed77b3c6c06f4b	RESOLVED_BY_COMMITTED_ARTIFACT	[]	"[""COMMITTED_ROUND16B_ARTIFACTS_THROUGH_CHECKPOINT011""]"	TECHNICAL_OR_METHOD_GAP_RESOLVED_NO_CLOSURE_INFERENCE	13fc8e12b5942d0426826d6de6597510f65d016896ba18cb6981649362f96a6f
R16B-PRIOR-RECORD:87ce4959662bdd6273f75d2b753cc42dba9100251b8a23580548985582db5bed	GAP	docs/audits/v49-exploration-higher-order-association-closure-round16b/raw/recursive-gap-ledger-checkpoint003-v1.tsv	15	GAP-014	"{""status"":""LOCAL_OCCURRENCE_TRANCHE_PARTIAL_DEFERRED_SURFACES_OPEN""}"	0f4b3e0e650d71741ff4e5abdc3f6dcd992e9611d884766a6cedd4029d9f26a8	PARTIALLY_RECONCILED_REMAINDER_OPEN	"[""R16B-CURRENT-OBLIGATION:CANDIDATE_UNIVERSE_AND_EXCLUSION_PROOF""]"	"[""docs/audits/v49-exploration-higher-order-association-closure-round16b/raw/recursive-gap-current-obligation-ledger-checkpoint012-v1.tsv""]"	COMPLETED_WORK_PRESERVED_CURRENT_REMAINDER_BLOCKS_CLOSURE	ae1b648a7b0945cd8ca91d41b3fe50ef18b44778eeefc21d79896e8a9ef4acfd
R16B-PRIOR-RECORD:f7c424666a97466bddc8e38b861913d42a658d74acab35de2f7d622bb84fdcdd	GAP	docs/audits/v49-exploration-higher-order-association-closure-round16b/raw/recursive-gap-ledger-checkpoint003-v1.tsv	16	GAP-015	"{""status"":""RESOLVED_INPUT_MANIFEST""}"	07a28cc24050ade524d17cb9dce63bdd449d9706e4c117ecc31192dcf6a5d665	RESOLVED_BY_COMMITTED_ARTIFACT	[]	"[""COMMITTED_ROUND16B_ARTIFACTS_THROUGH_CHECKPOINT011""]"	TECHNICAL_OR_METHOD_GAP_RESOLVED_NO_CLOSURE_INFERENCE	3e820512e50649597a5f5f04fc13ed3f238e94649f4b20046cbc68319f266473
R16B-PRIOR-RECORD:6bd33b039690ef34232c26c064258a64f67ba1c86d9402de80e3b11e98bb5e04	GAP	docs/audits/v49-exploration-higher-order-association-closure-round16b/raw/recursive-gap-ledger-checkpoint003-v1.tsv	17	GAP-016	"{""status"":""OPEN""}"	4e1de0dc3f9fbd26785431e597e2b09081ab6060752f9bc977b5cb516a1b703e	SUPERSEDED_BY_OPEN_OBLIGATION	"[""R16B-CURRENT-OBLIGATION:GLOBAL_GROUP_COHERENCE"",""R16B-CURRENT-OBLIGATION:OPEN_ASSOCIATION_REVIEW_QUEUE"",""R16B-CURRENT-OBLIGATION:SCOPE_SENSE_AND_IDENTITY""]"	"[""docs/audits/v49-exploration-higher-order-association-closure-round16b/raw/recursive-gap-current-obligation-ledger-checkpoint012-v1.tsv""]"	CURRENT_SUCCESSOR_BLOCKS_AT_LEAST_ONE_CLOSURE	2d1bd692ffa5a07d80bf36dd88e1354e5e41351fbd84459182ecccb53972ca88
R16B-PRIOR-RECORD:e3278c4d70368412b45624219be029b1775c73a47ebd72be3d6e267bd272e014	GAP	docs/audits/v49-exploration-higher-order-association-closure-round16b/raw/recursive-gap-ledger-checkpoint003-v1.tsv	18	GAP-017	"{""status"":""OPEN""}"	6fb9644934b3e23fce21e00f1f40507039a0155d7a2b8e9bf5ba5b566278d18d	PARTIALLY_RECONCILED_REMAINDER_OPEN	"[""R16B-CURRENT-OBLIGATION:EXTERNAL_HUMAN_AUTHORITY"",""R16B-CURRENT-OBLIGATION:GLOBAL_GROUP_COHERENCE"",""R16B-CURRENT-OBLIGATION:RIGHTS_AND_LAWFUL_TEXT""]"	"[""docs/audits/v49-exploration-higher-order-association-closure-round16b/raw/recursive-gap-current-obligation-ledger-checkpoint012-v1.tsv""]"	COMPLETED_WORK_PRESERVED_CURRENT_REMAINDER_BLOCKS_CLOSURE	debe4dee6da5438d82fdc609a8233a0cd0bf74f1c4adb332a59476f4cafff794
R16B-PRIOR-RECORD:b2a38ab358ec73da5bd189007c17a424c19d3d9b2d1e3484d7c7f49630fedb1c	GAP	docs/audits/v49-exploration-higher-order-association-closure-round16b/raw/recursive-gap-ledger-checkpoint003-v1.tsv	19	GAP-018	"{""status"":""OPEN""}"	f322766be7c4aaaf09ddf7804a001ebb02576e98b8a1c442edafd18907b130e9	PARTIALLY_RECONCILED_REMAINDER_OPEN	"[""R16B-CURRENT-OBLIGATION:RIGHTS_AND_LAWFUL_TEXT""]"	"[""docs/audits/v49-exploration-higher-order-association-closure-round16b/raw/recursive-gap-current-obligation-ledger-checkpoint012-v1.tsv""]"	COMPLETED_WORK_PRESERVED_CURRENT_REMAINDER_BLOCKS_CLOSURE	b225edd78ca0170339291b992f662d9fb73e2a22b9b77f1b5a20574972b7094a
R16B-PRIOR-RECORD:ff1cb4b567d4df58154727ead51575bd7f31a621ae8a28456cb35f53b5838311	GAP	docs/audits/v49-exploration-higher-order-association-closure-round16b/raw/recursive-gap-ledger-checkpoint003-v1.tsv	20	GAP-019	"{""status"":""OPEN""}"	707f4ca7a479bd2f8199b3d715e99e401960c3601bddbf340b057b351b1fee0d	PARTIALLY_RECONCILED_REMAINDER_OPEN	"[""R16B-CURRENT-OBLIGATION:CANDIDATE_UNIVERSE_AND_EXCLUSION_PROOF""]"	"[""docs/audits/v49-exploration-higher-order-association-closure-round16b/raw/recursive-gap-current-obligation-ledger-checkpoint012-v1.tsv""]"	COMPLETED_WORK_PRESERVED_CURRENT_REMAINDER_BLOCKS_CLOSURE	0e41f27cb3b9515e08d31aaf2bafd6eabfc2824961eb54b972dac6650fba9d1a
R16B-PRIOR-RECORD:5798ff63d883b516b9f4ad367d15be89b5917fcb89011be53ca3b74aad8b2354	GAP	docs/audits/v49-exploration-higher-order-association-closure-round16b/raw/recursive-gap-ledger-checkpoint003-v1.tsv	21	GAP-020	"{""status"":""OPEN""}"	8081d0934235300c27f88ec9d928c0780e17e7f18b0d80d837ed0c8450ec2e66	PARTIALLY_RECONCILED_REMAINDER_OPEN	"[""R16B-CURRENT-OBLIGATION:CANDIDATE_UNIVERSE_AND_EXCLUSION_PROOF"",""R16B-CURRENT-OBLIGATION:METADATA_TO_TEXT_REVIEW""]"	"[""docs/audits/v49-exploration-higher-order-association-closure-round16b/raw/recursive-gap-current-obligation-ledger-checkpoint012-v1.tsv""]"	COMPLETED_WORK_PRESERVED_CURRENT_REMAINDER_BLOCKS_CLOSURE	a5eb4488448f62790624ad1c84c696a8110c26450b5f9afe58e731d966fca644
R16B-PRIOR-RECORD:d5baf8fd30d749f197a9c0de5d8611ce114022e38b2070785b2dbe057ebe38af	GAP	docs/audits/v49-exploration-higher-order-association-closure-round16b/raw/recursive-gap-ledger-checkpoint003-v1.tsv	22	GAP-021	"{""status"":""OPEN""}"	dca7a5c168258ae322777759d7bb592fa7baac71183542eae7de8d006e557fe4	SUPERSEDED_BY_OPEN_OBLIGATION	"[""R16B-CURRENT-OBLIGATION:NARY_PARTICIPANT_RESOLUTION""]"	"[""docs/audits/v49-exploration-higher-order-association-closure-round16b/raw/recursive-gap-current-obligation-ledger-checkpoint012-v1.tsv""]"	CURRENT_SUCCESSOR_BLOCKS_AT_LEAST_ONE_CLOSURE	2519e41cc6ede6881a3bb5a55c86bee554b05a756454c3075c755999aee8456b
R16B-PRIOR-RECORD:05b5bd0f22f147ec20fada542a776269349cd3a42854eb073dad5b7dfaf63f89	GAP	docs/audits/v49-exploration-higher-order-association-closure-round16b/raw/recursive-gap-ledger-checkpoint003-v1.tsv	23	GAP-022	"{""status"":""OPEN""}"	c18c2384a8863cd90a442e513b3bd8dd1a3555d810b6d9c79e3acf3ac930c073	SUPERSEDED_BY_OPEN_OBLIGATION	"[""R16B-CURRENT-OBLIGATION:CANDIDATE_UNIVERSE_AND_EXCLUSION_PROOF""]"	"[""docs/audits/v49-exploration-higher-order-association-closure-round16b/raw/recursive-gap-current-obligation-ledger-checkpoint012-v1.tsv""]"	CURRENT_SUCCESSOR_BLOCKS_AT_LEAST_ONE_CLOSURE	17033dc720c73a873b044bcb5b248be1ac1a2a81702bfd19997d018028c13a1e
R16B-PRIOR-RECORD:a1ea90a5fe3d1f1ac8347de9e12d8ebb1b69aad65f949a018c63ffa8547643a0	GAP	docs/audits/v49-exploration-higher-order-association-closure-round16b/raw/recursive-gap-ledger-checkpoint003-v1.tsv	24	GAP-023	"{""status"":""OPEN""}"	45ec7f4dbd4dbbd24ec29212e30930b5348b7dcd68d4ab83900be6927bf0e7b1	PARTIALLY_RECONCILED_REMAINDER_OPEN	"[""R16B-CURRENT-OBLIGATION:PRODUCTION_POPULATION_AND_REACHABILITY"",""R16B-CURRENT-OBLIGATION:ROUND16A_SEMANTIC_RECONCILIATION""]"	"[""docs/audits/v49-exploration-higher-order-association-closure-round16b/raw/recursive-gap-current-obligation-ledger-checkpoint012-v1.tsv""]"	COMPLETED_WORK_PRESERVED_CURRENT_REMAINDER_BLOCKS_CLOSURE	d92adedbab09a0987f8eeb78d15b19c90d870008b8a3481e57c74aa8b0c5125b
R16B-PRIOR-RECORD:016ca10c30e857e2662c54900b5843d5a3fc75fc384e7ac76cf9395254e4d0a0	GAP	docs/audits/v49-exploration-higher-order-association-closure-round16b/raw/recursive-gap-ledger-checkpoint003-v1.tsv	25	GAP-024	"{""status"":""OPEN""}"	41ca5f5353dd1a7f8dc954fd719db7a02dda54f0e4f0ff6098b25ffcdd2a019a	SUPERSEDED_BY_OPEN_OBLIGATION	"[""R16B-CURRENT-OBLIGATION:ACTIVE_VOCABULARY_REACHABILITY""]"	"[""docs/audits/v49-exploration-higher-order-association-closure-round16b/raw/recursive-gap-current-obligation-ledger-checkpoint012-v1.tsv""]"	CURRENT_SUCCESSOR_BLOCKS_AT_LEAST_ONE_CLOSURE	94b6ead025265395fa6e6d6bdb969ddd196805e7d07fef85fcdcb36f0ce042ce
R16B-PRIOR-RECORD:4749386017a544a889faf1d0e12d5c5004c56d6e8358b6b31574cc2a4c8ca6bc	GAP	docs/audits/v49-exploration-higher-order-association-closure-round16b/raw/recursive-gap-ledger-checkpoint003-v1.tsv	26	GAP-025	"{""status"":""RESOLVED_BEFORE_COMMIT""}"	24376530122cbdab3eec2066dd94a8a7a09ee9431f527f0d221e51100675777d	RESOLVED_BY_COMMITTED_ARTIFACT	[]	"[""COMMITTED_ROUND16B_ARTIFACTS_THROUGH_CHECKPOINT011""]"	TECHNICAL_OR_METHOD_GAP_RESOLVED_NO_CLOSURE_INFERENCE	b6a3bab2487e37e3560011f9865e32f9c1f9027ab60ba41f16ee3b3260f1fbdd
R16B-PRIOR-RECORD:3839fe31c63c6bdfa293e6a5e0da3545c6fca0df62792a27617d8ce822a3aa03	GAP	docs/audits/v49-exploration-higher-order-association-closure-round16b/raw/recursive-gap-ledger-checkpoint003-v1.tsv	27	GAP-026	"{""status"":""RESOLVED_BEFORE_COMMIT""}"	122641d6145b7b1a80b6bdebe74bc9612c210011a1e8db42cc820bbe3d031bb9	RESOLVED_BY_COMMITTED_ARTIFACT	[]	"[""COMMITTED_ROUND16B_ARTIFACTS_THROUGH_CHECKPOINT011""]"	TECHNICAL_OR_METHOD_GAP_RESOLVED_NO_CLOSURE_INFERENCE	cce995c31fec255d20ec5579aec3252cb06c07ae06b585ee36180c5240e72322
R16B-PRIOR-RECORD:a4ca726cfa382d5ea4507288a6a6a45a866855497b30288dae0f191a8a50821d	GAP	docs/audits/v49-exploration-higher-order-association-closure-round16b/raw/recursive-gap-ledger-checkpoint003-v1.tsv	28	GAP-027	"{""status"":""OPEN_HISTORICAL_RECEIPT_GAP""}"	a5a9d6b82c65e59c6ed78c96787e1f7f2ff890818e794c8638f2789f4e788e9b	PRESERVED_HISTORICAL_LIMITATION	[]	"[""COMMITTED_ROUND16B_ARTIFACTS_THROUGH_CHECKPOINT011""]"	HISTORICAL_LIMITATION_PRESERVED_NO_CLOSURE_INFERENCE	d301158f8b88cc203b45b487cc98849f95449010d2a2003f83318d2b3bbc689e
R16B-PRIOR-RECORD:2f708ad707d30ce095b802b33b4e2d4e7e85cf4151a8d8e423c77b4cc9ee4b0d	GAP	docs/audits/v49-exploration-higher-order-association-closure-round16b/raw/recursive-gap-ledger-checkpoint003-v1.tsv	29	GAP-028	"{""status"":""RESOLVED_BEFORE_COMMIT""}"	84045733b51c14e8ea7ce517a7aea41358f4ad96fdea999418f3275938e90839	RESOLVED_BY_COMMITTED_ARTIFACT	[]	"[""COMMITTED_ROUND16B_ARTIFACTS_THROUGH_CHECKPOINT011""]"	TECHNICAL_OR_METHOD_GAP_RESOLVED_NO_CLOSURE_INFERENCE	729bb579ddeea1e55aa8051b39d4b9000f899c49f5dc35df68d84013e16ac9ac
R16B-PRIOR-RECORD:7debafd39a8bff02e39ed446980bd515b6bed497f2b892a87de4f34b1a1298ef	GAP	docs/audits/v49-exploration-higher-order-association-closure-round16b/raw/recursive-gap-ledger-checkpoint003-v1.tsv	30	GAP-029	"{""status"":""RESOLVED_BEFORE_COMMIT""}"	62d6e20a6a8bfbb5dc7d01f9e5019f97b4cc85dde8fb6b35326ea4bbc479b797	RESOLVED_BY_COMMITTED_ARTIFACT	[]	"[""COMMITTED_ROUND16B_ARTIFACTS_THROUGH_CHECKPOINT011""]"	TECHNICAL_OR_METHOD_GAP_RESOLVED_NO_CLOSURE_INFERENCE	a214e2ec6ace6e3b415104ce465705fb3f881944732269f039c117118fba1c83
R16B-PRIOR-RECORD:c20e289dd5b78b4e6fbbbb8bc6edb066d31758483fe28f83c3e222aac1b8050c	GAP	docs/audits/v49-exploration-higher-order-association-closure-round16b/raw/recursive-gap-ledger-checkpoint003-v1.tsv	31	GAP-030	"{""status"":""RESOLVED_BEFORE_COMMIT""}"	a2b9095275b81d4036821b015a8136e971d4ee578920204b44f8f5b9b4456a60	RESOLVED_BY_COMMITTED_ARTIFACT	[]	"[""COMMITTED_ROUND16B_ARTIFACTS_THROUGH_CHECKPOINT011""]"	TECHNICAL_OR_METHOD_GAP_RESOLVED_NO_CLOSURE_INFERENCE	ef2ca245cefa4feb59fce7171a9f6992d6043c9fe1ed2ff0495c238558b933e1
R16B-PRIOR-RECORD:893c77ce783e5e69427fc8efa4181081f8910c1706e38895858a296fd0b919f5	GAP	docs/audits/v49-exploration-higher-order-association-closure-round16b/raw/recursive-gap-ledger-checkpoint003-v1.tsv	32	GAP-031	"{""status"":""PARTIAL_RESOLUTION_DEFERRED_SURFACES_OPEN""}"	afff977554687857db297e60b3cbab69e61e765ecd7c37b647035b883104418c	PARTIALLY_RECONCILED_REMAINDER_OPEN	"[""R16B-CURRENT-OBLIGATION:CANDIDATE_UNIVERSE_AND_EXCLUSION_PROOF""]"	"[""docs/audits/v49-exploration-higher-order-association-closure-round16b/raw/recursive-gap-current-obligation-ledger-checkpoint012-v1.tsv""]"	COMPLETED_WORK_PRESERVED_CURRENT_REMAINDER_BLOCKS_CLOSURE	93c05392ebc3257ee6a668c465b93c38a4c23d0cdb743affb7ae89dac07b60af
R16B-PRIOR-RECORD:a092b02a32196a7906e0e271f03080c1b814885b1f8bee279ae8dc7e1a3967a7	GAP	docs/audits/v49-exploration-higher-order-association-closure-round16b/raw/recursive-gap-ledger-checkpoint003-v1.tsv	33	GAP-032	"{""status"":""RESOLVED_FILE_CONSERVATION_OBJECT_POLICY_OPEN""}"	a8a66579b37b1af07f9db2225e7ed93344a9bad82d1119885be9effce9d0c03f	PARTIALLY_RECONCILED_REMAINDER_OPEN	"[""R16B-CURRENT-OBLIGATION:PRODUCTION_POPULATION_AND_REACHABILITY"",""R16B-CURRENT-OBLIGATION:ROUND16A_SEMANTIC_RECONCILIATION""]"	"[""docs/audits/v49-exploration-higher-order-association-closure-round16b/raw/recursive-gap-current-obligation-ledger-checkpoint012-v1.tsv""]"	COMPLETED_WORK_PRESERVED_CURRENT_REMAINDER_BLOCKS_CLOSURE	f7b9e7f98e40791adfd710da4adf25f163a0a2ef1e16e7f963de83b370e57891
R16B-PRIOR-RECORD:0118b36010364dd442d65a10fc4302585ac27203ebb9aca74f300442f8e73c14	GAP	docs/audits/v49-exploration-higher-order-association-closure-round16b/raw/recursive-gap-ledger-checkpoint003-v1.tsv	34	GAP-033	"{""status"":""RESOLVED_BEFORE_COMMIT""}"	582f6bd7e56bdca17fbdf7ce1f9e3fb2ec4cb679d20d391eb26564488c4fd21b	RESOLVED_BY_COMMITTED_ARTIFACT	[]	"[""COMMITTED_ROUND16B_ARTIFACTS_THROUGH_CHECKPOINT011""]"	TECHNICAL_OR_METHOD_GAP_RESOLVED_NO_CLOSURE_INFERENCE	b5b6f79c97946aaa288d3f5762c1d4f05774cafe1d44296e888cbebd5899d846
R16B-PRIOR-RECORD:ccf48bb00e6d4f508edbf8a5e96a682bce92f39f6fbc46f45cd9c87441db7356	GAP	docs/audits/v49-exploration-higher-order-association-closure-round16b/raw/recursive-gap-ledger-checkpoint003-v1.tsv	35	GAP-034	"{""status"":""RESOLVED_BEFORE_COMMIT""}"	157a5123142bf05fca678ef0427b3d7c3c9ee78c493ed1abd6967d5a6b2b7ea0	RESOLVED_BY_COMMITTED_ARTIFACT	[]	"[""COMMITTED_ROUND16B_ARTIFACTS_THROUGH_CHECKPOINT011""]"	TECHNICAL_OR_METHOD_GAP_RESOLVED_NO_CLOSURE_INFERENCE	e12f04c513a334ce0c4db44177fb1a9134a139639c69386496d4b1f6d3d99998
R16B-PRIOR-RECORD:6c1e624bc57e150611b24949424da55b24582a8652b697be7b6c389b9bd9366d	GAP	docs/audits/v49-exploration-higher-order-association-closure-round16b/raw/recursive-gap-ledger-checkpoint004-v2.tsv	2	GAP-001	"{""status"":""SELECTOR_ACCOUNTED_EVIDENCE_OPEN""}"	4a3b1c41c404738b14aa2fa81be9c0532e75e7af7dc81198f0d1d3e9b6deee47	PARTIALLY_RECONCILED_REMAINDER_OPEN	"[""R16B-CURRENT-OBLIGATION:CANDIDATE_UNIVERSE_AND_EXCLUSION_PROOF"",""R16B-CURRENT-OBLIGATION:SCOPE_SENSE_AND_IDENTITY""]"	"[""docs/audits/v49-exploration-higher-order-association-closure-round16b/raw/recursive-gap-current-obligation-ledger-checkpoint012-v1.tsv""]"	COMPLETED_WORK_PRESERVED_CURRENT_REMAINDER_BLOCKS_CLOSURE	a11f9423d728c2af5720d2d2b9b8c8f93bc4b790c43eec2c9a73333bddf4c4a7
R16B-PRIOR-RECORD:997a5ac7b7e7217381ac696ce6bc4add3b6bc8b3191c30e5a77a3f0dc5f5ff3f	GAP	docs/audits/v49-exploration-higher-order-association-closure-round16b/raw/recursive-gap-ledger-checkpoint004-v2.tsv	3	GAP-002	"{""status"":""OPEN_94_CANONICAL_IDENTITIES""}"	df0a23b7707fbe4e2b78b490240c942cdd71dcb4f20b3c3676cd267d45bdf92b	PARTIALLY_RECONCILED_REMAINDER_OPEN	"[""R16B-CURRENT-OBLIGATION:RIGHTS_AND_LAWFUL_TEXT""]"	"[""docs/audits/v49-exploration-higher-order-association-closure-round16b/raw/recursive-gap-current-obligation-ledger-checkpoint012-v1.tsv""]"	COMPLETED_WORK_PRESERVED_CURRENT_REMAINDER_BLOCKS_CLOSURE	97fefd5820f62d74cc5a1cbfe4b279e7f4410908becafca455fed5d9c404660b
R16B-PRIOR-RECORD:d9bca186e76b7de77b8b093fdd04a01ba02ac276bc2ed5262d2b9cf5b2b3a4e7	GAP	docs/audits/v49-exploration-higher-order-association-closure-round16b/raw/recursive-gap-ledger-checkpoint004-v2.tsv	4	GAP-003	"{""status"":""OPEN_101_METADATA_LEADS""}"	1a72c78f141b46287e4408cbd9cfc27518afbe0699e064f6927e564476a852a0	PARTIALLY_RECONCILED_REMAINDER_OPEN	"[""R16B-CURRENT-OBLIGATION:METADATA_TO_TEXT_REVIEW""]"	"[""docs/audits/v49-exploration-higher-order-association-closure-round16b/raw/recursive-gap-current-obligation-ledger-checkpoint012-v1.tsv""]"	COMPLETED_WORK_PRESERVED_CURRENT_REMAINDER_BLOCKS_CLOSURE	b13219757d0aa78824ea18a5f962ecb61b0c6a9b998d6b08e826fe4b30b987aa
R16B-PRIOR-RECORD:50180294e72663acc4f4ffd6414ca9c1430b64bddcb01345525946acc4a32088	GAP	docs/audits/v49-exploration-higher-order-association-closure-round16b/raw/recursive-gap-ledger-checkpoint004-v2.tsv	5	GAP-004	"{""status"":""OPEN_11_LOCI_4_FAMILIES""}"	a966ebf7028a279a5c1e0946f1c58acc9353e219807cea6fef8632912db9bae9	PARTIALLY_RECONCILED_REMAINDER_OPEN	"[""R16B-CURRENT-OBLIGATION:CANDIDATE_UNIVERSE_AND_EXCLUSION_PROOF"",""R16B-CURRENT-OBLIGATION:SCOPE_SENSE_AND_IDENTITY""]"	"[""docs/audits/v49-exploration-higher-order-association-closure-round16b/raw/recursive-gap-current-obligation-ledger-checkpoint012-v1.tsv""]"	COMPLETED_WORK_PRESERVED_CURRENT_REMAINDER_BLOCKS_CLOSURE	fcc1a5d426bc44140429e225aaec63cec099383a84e51d4395a53f93f95af686
R16B-PRIOR-RECORD:20c41237993e0f5f2a72dec810105849d80bb33989353049f9f5b6c70abca14f	GAP	docs/audits/v49-exploration-higher-order-association-closure-round16b/raw/recursive-gap-ledger-checkpoint004-v2.tsv	6	GAP-005	"{""status"":""OPEN_36_HUMAN_REVIEW_UNITS""}"	1bd6d9e8d6458630473adcfebd23f3d5e4db8a75b053b48c028363c622d84a1c	SUPERSEDED_BY_OPEN_OBLIGATION	"[""R16B-CURRENT-OBLIGATION:EXTERNAL_HUMAN_AUTHORITY""]"	"[""docs/audits/v49-exploration-higher-order-association-closure-round16b/raw/recursive-gap-current-obligation-ledger-checkpoint012-v1.tsv""]"	CURRENT_SUCCESSOR_BLOCKS_AT_LEAST_ONE_CLOSURE	af52ef65c5122e85da82066faed1f4705cf682f9a2a50297ae4cceef05d7f032
R16B-PRIOR-RECORD:4080482ce9c004a2bf07bfbead92b8c8fddb20122858ae8f9633964a686f9e85	GAP	docs/audits/v49-exploration-higher-order-association-closure-round16b/raw/recursive-gap-ledger-checkpoint004-v2.tsv	7	GAP-006	"{""status"":""OPEN_9_SEMANTIC_OBLIGATIONS""}"	6a11d7b2441552bb604111afc0180bde2e0f8e43056dcbbfcb30385c72740f16	SUPERSEDED_BY_OPEN_OBLIGATION	"[""R16B-CURRENT-OBLIGATION:SEMANTIC_AND_PRODUCT_ARITY_BOUND""]"	"[""docs/audits/v49-exploration-higher-order-association-closure-round16b/raw/recursive-gap-current-obligation-ledger-checkpoint012-v1.tsv""]"	CURRENT_SUCCESSOR_BLOCKS_AT_LEAST_ONE_CLOSURE	0f367851f529ec31dbf2eed819efcfa911de1bd86cc7e5559d7dd759662f78a7
R16B-PRIOR-RECORD:e96e8a4052ff356e9d0393a552fb73defa7b0f3da5a95468f6ca485b25f12fcb	GAP	docs/audits/v49-exploration-higher-order-association-closure-round16b/raw/recursive-gap-ledger-checkpoint004-v2.tsv	8	GAP-007	"{""status"":""OPEN_35_REVIEW_FAMILIES""}"	f6010cec4e1d595725b82e258d74c0203feeb933f6fb4bf42572fff92ba1bd3d	PARTIALLY_RECONCILED_REMAINDER_OPEN	"[""R16B-CURRENT-OBLIGATION:GLOBAL_GROUP_COHERENCE"",""R16B-CURRENT-OBLIGATION:OPEN_ASSOCIATION_REVIEW_QUEUE"",""R16B-CURRENT-OBLIGATION:SCOPE_SENSE_AND_IDENTITY""]"	"[""docs/audits/v49-exploration-higher-order-association-closure-round16b/raw/recursive-gap-current-obligation-ledger-checkpoint012-v1.tsv""]"	COMPLETED_WORK_PRESERVED_CURRENT_REMAINDER_BLOCKS_CLOSURE	af93ef61bd1719b5bbd3c33d19b7f2f43fbd83ca16a39db0a2225fd0dc61528f
R16B-PRIOR-RECORD:2041745e51c57df27917ab0cf676d8dfbaaa9c0d6ff196af87e24e10abca284b	GAP	docs/audits/v49-exploration-higher-order-association-closure-round16b/raw/recursive-gap-ledger-checkpoint004-v2.tsv	9	GAP-008	"{""status"":""OPEN""}"	a6d4e361dad9ca1847974bf0121cf1fbbf2f10b4f9de149690a21d206ac56505	PARTIALLY_RECONCILED_REMAINDER_OPEN	"[""R16B-CURRENT-OBLIGATION:PRODUCTION_POPULATION_AND_REACHABILITY"",""R16B-CURRENT-OBLIGATION:ROUND16A_SEMANTIC_RECONCILIATION""]"	"[""docs/audits/v49-exploration-higher-order-association-closure-round16b/raw/recursive-gap-current-obligation-ledger-checkpoint012-v1.tsv""]"	COMPLETED_WORK_PRESERVED_CURRENT_REMAINDER_BLOCKS_CLOSURE	0c743311fda29ad0d6eb598215e6f6e58b48a8bdb14b56b633510f515b5ebf0e
R16B-PRIOR-RECORD:f17b4bd57038e54cc31397c3c83f0becc6f095c897ae976439216a374d9dacc7	GAP	docs/audits/v49-exploration-higher-order-association-closure-round16b/raw/recursive-gap-ledger-checkpoint004-v2.tsv	10	GAP-009	"{""status"":""DOCUMENTED_PRESERVED""}"	68d7780b172d86d7e989e21b419cac80beef61714e26d492f3d915e0126caa38	PRESERVED_HISTORICAL_LIMITATION	[]	"[""COMMITTED_ROUND16B_ARTIFACTS_THROUGH_CHECKPOINT011""]"	HISTORICAL_LIMITATION_PRESERVED_NO_CLOSURE_INFERENCE	941a09fc29f4ea46e51d4937d3d72b4963a8c1f97666b10413c36dff9b99aa68
R16B-PRIOR-RECORD:e456e1521734e69f3e03f04017bf6614eddc0300fcf9fa1a95c66f81e00d0f77	GAP	docs/audits/v49-exploration-higher-order-association-closure-round16b/raw/recursive-gap-ledger-checkpoint005-tranche-a-v1.tsv	2	GAP-010	"{""status"":""OPEN_24_FAMILIES""}"	7a2cf3e68eacd48a2c6dba6d8f2b6d3a33776848976687bcf51a53efe7788d08	PARTIALLY_RECONCILED_REMAINDER_OPEN	"[""R16B-CURRENT-OBLIGATION:GLOBAL_GROUP_COHERENCE"",""R16B-CURRENT-OBLIGATION:OPEN_ASSOCIATION_REVIEW_QUEUE""]"	"[""docs/audits/v49-exploration-higher-order-association-closure-round16b/raw/recursive-gap-current-obligation-ledger-checkpoint012-v1.tsv""]"	COMPLETED_WORK_PRESERVED_CURRENT_REMAINDER_BLOCKS_CLOSURE	2a564682e93cc3c1fea772aef667867a9eb1175db12e8c984e881c3c338cbc75
R16B-PRIOR-RECORD:6fad32606b52bfd4b1ecc46c597a878ea09328f948af8189b3361b780e9b22bb	GAP	docs/audits/v49-exploration-higher-order-association-closure-round16b/raw/recursive-gap-ledger-checkpoint005-tranche-a-v1.tsv	3	GAP-011	"{""status"":""OPEN_13_INPUTS""}"	b7c3477c17192c50bfb9e02af7a8e7a4652f8e136c632bc32d9d8eb6bf8ed059	PRESERVED_TERMINAL_CONTROL	[]	"[""COMMITTED_ROUND16B_ARTIFACTS_THROUGH_CHECKPOINT011""]"	TERMINAL_CONTROL_PRESERVED_NO_POSITIVE_CLOSURE_INFERENCE	3177e9dfe51ae6c139210453f3fe228147380dd9fe93bb5c6e379ef437b4c663
R16B-PRIOR-RECORD:0c10ec0d8c1f03882c5ffeed37178b92aba68d2e7da3bce044c4f5616d4f5b38	GAP	docs/audits/v49-exploration-higher-order-association-closure-round16b/raw/recursive-gap-ledger-checkpoint005-tranche-a-v1.tsv	4	GAP-012	"{""status"":""OPEN_10_CONDITIONAL_RECORDS""}"	1327ba67430df70156d0c5a5f78f219f096247650e856494bd0bd922087f2609	SUPERSEDED_BY_OPEN_OBLIGATION	"[""R16B-CURRENT-OBLIGATION:OPEN_ASSOCIATION_REVIEW_QUEUE"",""R16B-CURRENT-OBLIGATION:SCOPE_SENSE_AND_IDENTITY""]"	"[""docs/audits/v49-exploration-higher-order-association-closure-round16b/raw/recursive-gap-current-obligation-ledger-checkpoint012-v1.tsv""]"	CURRENT_SUCCESSOR_BLOCKS_AT_LEAST_ONE_CLOSURE	dddb4b014955257eb3bc6748345487ac65d2363aa90de131fadd3e820f6c25fe
R16B-PRIOR-RECORD:6a94207095056d7b3835426ac9aeb3f24abcf43c2929486c15ceb011051a93e9	GAP	docs/audits/v49-exploration-higher-order-association-closure-round16b/raw/recursive-gap-ledger-checkpoint005-tranche-a-v1.tsv	5	GAP-013	"{""status"":""NOT_STARTED""}"	c5865f2a10e6b9880e657fe52de468d6382a1b713af32edc8b9f1cda49a51a29	PARTIALLY_RECONCILED_REMAINDER_OPEN	"[""R16B-CURRENT-OBLIGATION:EXTERNAL_HUMAN_AUTHORITY"",""R16B-CURRENT-OBLIGATION:GLOBAL_GROUP_COHERENCE""]"	"[""docs/audits/v49-exploration-higher-order-association-closure-round16b/raw/recursive-gap-current-obligation-ledger-checkpoint012-v1.tsv""]"	COMPLETED_WORK_PRESERVED_CURRENT_REMAINDER_BLOCKS_CLOSURE	c6f057cb738991f0453750546e6ffb17710bb7b4171d5a713e4c59ce2a0154d4
R16B-PRIOR-RECORD:1892a65abebc3a8963ba193b75ed7569040614a89be9bd165786f64888eac613	GAP	docs/audits/v49-exploration-higher-order-association-closure-round16b/raw/recursive-gap-ledger-checkpoint005-tranche-a-v1.tsv	6	GAP-014	"{""status"":""CONTROLLED_IN_TRANCHE_A_CONTINUES_GLOBALLY""}"	e19ce34cd0aee42c703b1c85fef311c6ea8a698b440cd7b04e1f80edd1db9919	PRESERVED_TERMINAL_CONTROL	[]	"[""COMMITTED_ROUND16B_ARTIFACTS_THROUGH_CHECKPOINT011""]"	TERMINAL_CONTROL_PRESERVED_NO_POSITIVE_CLOSURE_INFERENCE	22515b73c7f1dccb8d6de7ec29c03bca3fd90cb7907e8e2c744f9e5d646051fe
R16B-PRIOR-RECORD:9f8d38e488c63ec988adf74e61352b524a674074927208ae2c7e490c90e7a2b9	GAP	docs/audits/v49-exploration-higher-order-association-closure-round16b/raw/recursive-gap-ledger-checkpoint005-tranche-a-v1.tsv	7	GAP-015	"{""status"":""CONTROLLED_NO_PROJECTIONS""}"	fce0281ee54c952296807a9601a99ea329f5f59bb02493f51be5926333ce0bfc	PRESERVED_TERMINAL_CONTROL	[]	"[""COMMITTED_ROUND16B_ARTIFACTS_THROUGH_CHECKPOINT011""]"	TERMINAL_CONTROL_PRESERVED_NO_POSITIVE_CLOSURE_INFERENCE	a1eb62d429b8850eee71ab438f4b1e2e32041eee83afd2fb17d7f408e7acb8d9
R16B-PRIOR-RECORD:ec71455b1ae55e311bb57a08b7879a09ace119f5a9846ddd10c5c936af7edb54	GAP	docs/audits/v49-exploration-higher-order-association-closure-round16b/raw/recursive-gap-ledger-checkpoint005-tranche-a-v1.tsv	8	GAP-016	"{""status"":""OPEN""}"	43f55527fb28873c54365f4a6c2bb84831827c369e600b7dea473b6e66034c2b	SUPERSEDED_BY_OPEN_OBLIGATION	"[""R16B-CURRENT-OBLIGATION:PRODUCTION_POPULATION_AND_REACHABILITY""]"	"[""docs/audits/v49-exploration-higher-order-association-closure-round16b/raw/recursive-gap-current-obligation-ledger-checkpoint012-v1.tsv""]"	CURRENT_SUCCESSOR_BLOCKS_AT_LEAST_ONE_CLOSURE	372fb4c60d013633abef2fc189a6393a36925e8da06e7678b2655c75a17f59cf
R16B-PRIOR-RECORD:1c018074ade251393d982f470724ceefb2882d2d8247a8ca0dbd65adfcea3f82	GAP	docs/audits/v49-exploration-higher-order-association-closure-round16b/raw/recursive-gap-ledger-checkpoint006-tranche-b-v1.tsv	2	GAP-017	"{""status"":""OPEN_10_FAMILIES_60_OCCURRENCES""}"	414c8f712618618027daacd07e425466096c09ed3632ecfc51e270044d06df11	PARTIALLY_RECONCILED_REMAINDER_OPEN	"[""R16B-CURRENT-OBLIGATION:GLOBAL_GROUP_COHERENCE"",""R16B-CURRENT-OBLIGATION:OPEN_ASSOCIATION_REVIEW_QUEUE""]"	"[""docs/audits/v49-exploration-higher-order-association-closure-round16b/raw/recursive-gap-current-obligation-ledger-checkpoint012-v1.tsv""]"	COMPLETED_WORK_PRESERVED_CURRENT_REMAINDER_BLOCKS_CLOSURE	828d3490932b5226b47bd81ba17a1368edc21a78daea008eeabf00e23cd13c0c
R16B-PRIOR-RECORD:30726ae72ed3018a4ba001c22d79cf87fbaaad17e7330605fb4861e9e64231d7	GAP	docs/audits/v49-exploration-higher-order-association-closure-round16b/raw/recursive-gap-ledger-checkpoint006-tranche-b-v1.tsv	3	GAP-018	"{""status"":""RESOLVED_FAIL_CLOSED_5_PAIRWISE_6_SCOPE_CONFLICT""}"	aa629a0b4dcd8cec8f70c1612b052035f739e0f07f74999b5c8c38be2764ade7	PRESERVED_TERMINAL_CONTROL	[]	"[""COMMITTED_ROUND16B_ARTIFACTS_THROUGH_CHECKPOINT011""]"	TERMINAL_CONTROL_PRESERVED_NO_POSITIVE_CLOSURE_INFERENCE	836236e5ac15fb84337ea0061d1e1e5543f99930c10e511c6803e48b81ecedcf
R16B-PRIOR-RECORD:224963b68b71b5bfafc7d975c2d73a05e767eb5e73af029156310844e73100ec	GAP	docs/audits/v49-exploration-higher-order-association-closure-round16b/raw/recursive-gap-ledger-checkpoint006-tranche-b-v1.tsv	4	GAP-019	"{""status"":""CONTROLLED_ZERO_IDENTITIES""}"	e2d4b16f2e894c0687661f8bbe604cb15ad613033af7fa2406a2d169856269bc	PARTIALLY_RECONCILED_REMAINDER_OPEN	"[""R16B-CURRENT-OBLIGATION:OPEN_ASSOCIATION_REVIEW_QUEUE""]"	"[""docs/audits/v49-exploration-higher-order-association-closure-round16b/raw/recursive-gap-current-obligation-ledger-checkpoint012-v1.tsv""]"	COMPLETED_WORK_PRESERVED_CURRENT_REMAINDER_BLOCKS_CLOSURE	212c21c598fe604a851721d62474c4c60e61fcf41ff46b876b15163dbd87319e
R16B-PRIOR-RECORD:bac5b0edb9fe8ad174f942eb32e7a7bfc06dde11618afe9d3d0deb8caf16ff9f	GAP	docs/audits/v49-exploration-higher-order-association-closure-round16b/raw/recursive-gap-ledger-checkpoint006-tranche-b-v1.tsv	5	GAP-020	"{""status"":""CONTROLLED_IN_TRANCHE_B_CONTINUES_GLOBALLY""}"	8ef6fb06620b8c83dd6793528fd8e7a42c17cfa46ee82e4eae790c90843e51ee	PRESERVED_TERMINAL_CONTROL	[]	"[""COMMITTED_ROUND16B_ARTIFACTS_THROUGH_CHECKPOINT011""]"	TERMINAL_CONTROL_PRESERVED_NO_POSITIVE_CLOSURE_INFERENCE	26101354aa52617467524b4b09738d45e9cac5ac0f3a1e9dffe7b7ec16ab27e0
R16B-PRIOR-RECORD:6aa006ca47267ee02d4ddaceed68a1df9fa59e8838bc4bf07dd5c3deebae259a	GAP	docs/audits/v49-exploration-higher-order-association-closure-round16b/raw/recursive-gap-ledger-checkpoint006-tranche-b-v1.tsv	6	GAP-021	"{""status"":""CONTROLLED_NO_PROJECTION_OR_ACTIVATION""}"	3c2a19a87ed0b7c26faf4ff3c6b6fb62867c467c3fe6773d1d85f963e214b1e6	PRESERVED_TERMINAL_CONTROL	[]	"[""COMMITTED_ROUND16B_ARTIFACTS_THROUGH_CHECKPOINT011""]"	TERMINAL_CONTROL_PRESERVED_NO_POSITIVE_CLOSURE_INFERENCE	2c612f4d45b3bfd2ed9f65aa9f1deec7b9d9bb4818c317fe5981a02db925010e
R16B-PRIOR-RECORD:88dd7a4438de95bae88b5353879333d53e3036cbf89db4b8c08da76844e20e55	GAP	docs/audits/v49-exploration-higher-order-association-closure-round16b/raw/recursive-gap-ledger-checkpoint006-tranche-b-v1.tsv	7	GAP-022	"{""status"":""OPEN_ARITY4_89817E7A_REVIEW""}"	01003e2d18ea950bc92603c650f2aeaccd445b605fa267415a2cef81059ff59c	SUPERSEDED_BY_OPEN_OBLIGATION	"[""R16B-CURRENT-OBLIGATION:EXTERNAL_HUMAN_AUTHORITY"",""R16B-CURRENT-OBLIGATION:GLOBAL_GROUP_COHERENCE"",""R16B-CURRENT-OBLIGATION:SCOPE_SENSE_AND_IDENTITY""]"	"[""docs/audits/v49-exploration-higher-order-association-closure-round16b/raw/recursive-gap-current-obligation-ledger-checkpoint012-v1.tsv""]"	CURRENT_SUCCESSOR_BLOCKS_AT_LEAST_ONE_CLOSURE	99636c2382ea0cd905b716f550081151e540ee96164db8ca63582f1972622e21
R16B-PRIOR-RECORD:70d0e66d90bde93a5dfdbaddd3779463cb1f2f8ab357dc2cc978061b649fd431	GAP	docs/audits/v49-exploration-higher-order-association-closure-round16b/raw/recursive-gap-ledger-checkpoint006-tranche-b-v1.tsv	8	GAP-023	"{""status"":""OPEN_ZERO_PRODUCT_ELIGIBILITY""}"	38d8e01a4bb4849914a0b8113d9f0ac22fbb2813a43bbcd13885cf1ff948fb26	SUPERSEDED_BY_OPEN_OBLIGATION	"[""R16B-CURRENT-OBLIGATION:PRODUCTION_POPULATION_AND_REACHABILITY"",""R16B-CURRENT-OBLIGATION:ROUND16A_SEMANTIC_RECONCILIATION""]"	"[""docs/audits/v49-exploration-higher-order-association-closure-round16b/raw/recursive-gap-current-obligation-ledger-checkpoint012-v1.tsv""]"	CURRENT_SUCCESSOR_BLOCKS_AT_LEAST_ONE_CLOSURE	bc3d496ce6bc310ee7876cf782644176539685a038af4cddbf7fad1f65280c11
R16B-PRIOR-RECORD:5a6aaef42585b5999843ef58800f24349e46a7a3206ae6f674aa6f8504f08d7d	GAP	docs/audits/v49-exploration-higher-order-association-closure-round16b/raw/recursive-gap-ledger-checkpoint006-tranche-b-v1.tsv	9	GAP-024	"{""status"":""OPEN""}"	b6b85576e0905d9af376824ba552fc118d8561a6221115c258b7284f8db10a34	SUPERSEDED_BY_OPEN_OBLIGATION	"[""R16B-CURRENT-OBLIGATION:EXTERNAL_HUMAN_AUTHORITY"",""R16B-CURRENT-OBLIGATION:GLOBAL_GROUP_COHERENCE"",""R16B-CURRENT-OBLIGATION:RIGHTS_AND_LAWFUL_TEXT""]"	"[""docs/audits/v49-exploration-higher-order-association-closure-round16b/raw/recursive-gap-current-obligation-ledger-checkpoint012-v1.tsv""]"	CURRENT_SUCCESSOR_BLOCKS_AT_LEAST_ONE_CLOSURE	9721a5edd50b167d5fd29400c4f799f1fa838b46d521639620a3cd7de2e77c67
R16B-PRIOR-RECORD:40911e1a9e65e6f99228ec58e5f574838b75a36a30dc02eec82cf1e41ffbc0ba	GAP	docs/audits/v49-exploration-higher-order-association-closure-round16b/raw/recursive-gap-ledger-checkpoint007-tranche-c-v1.tsv	2	GAP-025	"{""status"":""RESOLVED_LOCAL_PARENT_COVERAGE_CLOSURE_OPEN""}"	499a8056efb1cf5909a0154aab696678f38b849833bc1ff6700b0ad621905418	PARTIALLY_RECONCILED_REMAINDER_OPEN	"[""R16B-CURRENT-OBLIGATION:CANDIDATE_UNIVERSE_AND_EXCLUSION_PROOF""]"	"[""docs/audits/v49-exploration-higher-order-association-closure-round16b/raw/recursive-gap-current-obligation-ledger-checkpoint012-v1.tsv""]"	COMPLETED_WORK_PRESERVED_CURRENT_REMAINDER_BLOCKS_CLOSURE	0acdaaf9d7bd4c8731820c5c8cfa6c6901cb869f2f49e2fd06eefac23530d91c
R16B-PRIOR-RECORD:cf2009537ff305fbb059ebf58ac2d3487bb31d25e51741724505c83a94ea880f	GAP	docs/audits/v49-exploration-higher-order-association-closure-round16b/raw/recursive-gap-ledger-checkpoint007-tranche-c-v1.tsv	3	GAP-026	"{""status"":""OPEN_INQUIRY_ONLY_IDENTITY""}"	4289844c0134277e6a67d156e1186ab52397d4535becdd1326f573e215ebb0bf	SUPERSEDED_BY_OPEN_OBLIGATION	"[""R16B-CURRENT-OBLIGATION:EXTERNAL_HUMAN_AUTHORITY"",""R16B-CURRENT-OBLIGATION:GLOBAL_GROUP_COHERENCE"",""R16B-CURRENT-OBLIGATION:SCOPE_SENSE_AND_IDENTITY""]"	"[""docs/audits/v49-exploration-higher-order-association-closure-round16b/raw/recursive-gap-current-obligation-ledger-checkpoint012-v1.tsv""]"	CURRENT_SUCCESSOR_BLOCKS_AT_LEAST_ONE_CLOSURE	429ba6adf2b01b6bb701aa7a114971c7c67b6e75277fc377f9ff3588a8caffcc
R16B-PRIOR-RECORD:904652f6ff2e8c3c18d4a9be64cfe74951ac2d037477350bd3ba024f1b4e6ce5	GAP	docs/audits/v49-exploration-higher-order-association-closure-round16b/raw/recursive-gap-ledger-checkpoint007-tranche-c-v1.tsv	4	GAP-027	"{""status"":""OPEN_INQUIRY_ONLY_IDENTITY_AND_SPLIT_AUDIT""}"	bc4196cc574e29cc54b72bf041841bd48560790b8a1292d649589283b9ef1aaa	SUPERSEDED_BY_OPEN_OBLIGATION	"[""R16B-CURRENT-OBLIGATION:EXTERNAL_HUMAN_AUTHORITY"",""R16B-CURRENT-OBLIGATION:GLOBAL_GROUP_COHERENCE"",""R16B-CURRENT-OBLIGATION:SCOPE_SENSE_AND_IDENTITY""]"	"[""docs/audits/v49-exploration-higher-order-association-closure-round16b/raw/recursive-gap-current-obligation-ledger-checkpoint012-v1.tsv""]"	CURRENT_SUCCESSOR_BLOCKS_AT_LEAST_ONE_CLOSURE	5afdec20d76870f46463e7fe107102941ca3e111f54e7ba3dd4a3ceb233541ef
R16B-PRIOR-RECORD:7f864547c000b52f08494f4b4a074e4754b83a06e51a0c80b090052b92638652	GAP	docs/audits/v49-exploration-higher-order-association-closure-round16b/raw/recursive-gap-ledger-checkpoint007-tranche-c-v1.tsv	5	GAP-028	"{""status"":""CONTROLLED_FIVE_INHERITED_NONACTIVE_CLIQUES""}"	fa9f5f4cb82ae143cb50cd53aea02a74d1b5e7f31a42366d2e09ae12edd012b3	PRESERVED_TERMINAL_CONTROL	[]	"[""COMMITTED_ROUND16B_ARTIFACTS_THROUGH_CHECKPOINT011""]"	TERMINAL_CONTROL_PRESERVED_NO_POSITIVE_CLOSURE_INFERENCE	f30463a14be645d9eefd29f5693f9942ac78366517153cf0e135650fcc642bf6
R16B-PRIOR-RECORD:963ad6fd85a85a8a004532d4f79fbaf00fbe6c670b508e66450d83b3b1d32a52	GAP	docs/audits/v49-exploration-higher-order-association-closure-round16b/raw/recursive-gap-ledger-checkpoint007-tranche-c-v1.tsv	6	GAP-029	"{""status"":""CONTROLLED_TWO_SCOPED_INQUIRY_IDENTITIES_NO_PROJECTION""}"	6ccfccf00c60625f0f0608f0302df03615e0648925ce1464bc5b280f964879cc	PRESERVED_TERMINAL_CONTROL	[]	"[""COMMITTED_ROUND16B_ARTIFACTS_THROUGH_CHECKPOINT011""]"	TERMINAL_CONTROL_PRESERVED_NO_POSITIVE_CLOSURE_INFERENCE	ca80acb8f4ee6e1aa4fd1a1c6bf5d61d34510460e38d307b1e15b91bbff82334
R16B-PRIOR-RECORD:b220c242f3e01d7a801357c2c751420a4153f4bb3cbb6493c12939d7bde0deea	GAP	docs/audits/v49-exploration-higher-order-association-closure-round16b/raw/recursive-gap-ledger-checkpoint007-tranche-c-v1.tsv	7	GAP-030	"{""status"":""CONTROLLED_TWO_HARD_NEGATIVE_PARENTS""}"	999576312e8750825791b0ffea4650f401c0f6c0adebeed3acee22301e313bcc	PRESERVED_TERMINAL_CONTROL	[]	"[""COMMITTED_ROUND16B_ARTIFACTS_THROUGH_CHECKPOINT011""]"	TERMINAL_CONTROL_PRESERVED_NO_POSITIVE_CLOSURE_INFERENCE	cb1899803f2d4d757c6b7dd63f2bab2a2bafb3d53faa5bbb30c010c176175a34
R16B-PRIOR-RECORD:915146f36d19eb1ca58b51f14423f97bd38697b4a57bed6b7c7115f0d1a8aea0	GAP	docs/audits/v49-exploration-higher-order-association-closure-round16b/raw/recursive-gap-ledger-checkpoint007-tranche-c-v1.tsv	8	GAP-031	"{""status"":""OPEN_45_SWEDEN_DERIVATIVES_PLUS_GLOBAL_ROUND16A_RECONCILIATION""}"	548a0dff0bc9acd1fb0285648667d3afff06402e383382199457678c96d230a3	PARTIALLY_RECONCILED_REMAINDER_OPEN	"[""R16B-CURRENT-OBLIGATION:PRODUCTION_POPULATION_AND_REACHABILITY"",""R16B-CURRENT-OBLIGATION:ROUND16A_SEMANTIC_RECONCILIATION""]"	"[""docs/audits/v49-exploration-higher-order-association-closure-round16b/raw/recursive-gap-current-obligation-ledger-checkpoint012-v1.tsv""]"	COMPLETED_WORK_PRESERVED_CURRENT_REMAINDER_BLOCKS_CLOSURE	d38ea6c737682632d04fd3b618d016ae5f021379a906f15265f41fdc85df5926
R16B-PRIOR-RECORD:891475a7c4b10571aa8cc95399e8e3f0edb99a09e27b5dd102658a2c94cd3190	GAP	docs/audits/v49-exploration-higher-order-association-closure-round16b/raw/recursive-gap-ledger-checkpoint007-tranche-c-v1.tsv	9	GAP-032	"{""status"":""CONTROLLED_ALL_CLOSURE_FLAGS_FALSE""}"	a9518cce5f8a31f64d523fe79ad259aee307b9c07cdd941c345246827b7fcb4f	PRESERVED_TERMINAL_CONTROL	[]	"[""COMMITTED_ROUND16B_ARTIFACTS_THROUGH_CHECKPOINT011""]"	TERMINAL_CONTROL_PRESERVED_NO_POSITIVE_CLOSURE_INFERENCE	0af10419459532c8e3afa657c8ec6d27cf4c5def9957d44cd043656a6c35d025
R16B-PRIOR-RECORD:f3f8d871200bcf51543fa1190cc8dfcd0b2f0bf30029045a542388056a30f9bf	GAP	docs/audits/v49-exploration-higher-order-association-closure-round16b/raw/recursive-gap-ledger-checkpoint008-v1.tsv	2	GAP-R16B-008-001	"{""status"":""OPEN_CLOSURE_BLOCKING""}"	c69ab2fe38e46d178a7380a43e8189fdad5935a362be7541c6b819ff1605f8ac	SUPERSEDED_BY_OPEN_OBLIGATION	"[""R16B-CURRENT-OBLIGATION:EXTERNAL_HUMAN_AUTHORITY"",""R16B-CURRENT-OBLIGATION:PRODUCTION_POPULATION_AND_REACHABILITY""]"	"[""docs/audits/v49-exploration-higher-order-association-closure-round16b/raw/recursive-gap-current-obligation-ledger-checkpoint012-v1.tsv""]"	CURRENT_SUCCESSOR_BLOCKS_AT_LEAST_ONE_CLOSURE	0dd8beb07ee4be83652cc0d135d9baeae1ffef8306bc549d8c6b77f4cfab71e3
R16B-PRIOR-RECORD:2f87ff6980a15056db5237039f2bb3e7894357ebd1d80a6c8db2578e5f69c595	GAP	docs/audits/v49-exploration-higher-order-association-closure-round16b/raw/recursive-gap-ledger-checkpoint008-v1.tsv	3	GAP-R16B-008-002	"{""status"":""OPEN_CLOSURE_BLOCKING""}"	edc150261625ac3b346c97f6b97a369c251f07b54d66b646740a50c75dcc5461	PARTIALLY_RECONCILED_REMAINDER_OPEN	"[""R16B-CURRENT-OBLIGATION:GLOBAL_GROUP_COHERENCE"",""R16B-CURRENT-OBLIGATION:PRODUCTION_POPULATION_AND_REACHABILITY"",""R16B-CURRENT-OBLIGATION:ROUND16A_SEMANTIC_RECONCILIATION""]"	"[""docs/audits/v49-exploration-higher-order-association-closure-round16b/raw/recursive-gap-current-obligation-ledger-checkpoint012-v1.tsv""]"	COMPLETED_WORK_PRESERVED_CURRENT_REMAINDER_BLOCKS_CLOSURE	9e6f806c332ff6c158fafaf905cc4ab6b2cd35b74e51f443df50ad1576436d5e
R16B-PRIOR-RECORD:b47acd792a13594e94a31d782fce8e274ab8e9e92a925140dbc434631240e450	GAP	docs/audits/v49-exploration-higher-order-association-closure-round16b/raw/recursive-gap-ledger-checkpoint008-v1.tsv	4	GAP-R16B-008-003	"{""status"":""OPEN_CLOSURE_BLOCKING""}"	c5c594d85fed8666a1f3ed417286eaa7a1ce44f53562f477dd6d08557fdae73e	RESOLVED_BY_COMMITTED_ARTIFACT	[]	"[""COMMITTED_ROUND16B_ARTIFACTS_THROUGH_CHECKPOINT011""]"	TECHNICAL_OR_METHOD_GAP_RESOLVED_NO_CLOSURE_INFERENCE	2fc43cf399be34d4e0cc92184dbe285014e7051b8707869be07e4d421ebf7213
R16B-PRIOR-RECORD:02b6ba7a64c77eed1b847fe09e2c7978dd255fdf9030705cbabd3a8d80e45555	GAP	docs/audits/v49-exploration-higher-order-association-closure-round16b/raw/recursive-gap-ledger-checkpoint008-v1.tsv	5	GAP-R16B-008-004	"{""status"":""OPEN_CLOSURE_BLOCKING""}"	ccf627e6e7e9acc65dbce7f2d2b163118609ac89e278abd20bbac2313035c3a2	SUPERSEDED_BY_OPEN_OBLIGATION	"[""R16B-CURRENT-OBLIGATION:SEMANTIC_AND_PRODUCT_ARITY_BOUND""]"	"[""docs/audits/v49-exploration-higher-order-association-closure-round16b/raw/recursive-gap-current-obligation-ledger-checkpoint012-v1.tsv""]"	CURRENT_SUCCESSOR_BLOCKS_AT_LEAST_ONE_CLOSURE	77a2ce1cd73d5a6b2d7fcf92c364558b832a963aae3786e28186cab83e462de6
R16B-PRIOR-RECORD:8170ffca394006a1e94ac5ce2dc7e6cefe2c72d297cab5e190d507233c9e954b	GAP	docs/audits/v49-exploration-higher-order-association-closure-round16b/raw/recursive-gap-ledger-checkpoint008-v1.tsv	6	GAP-R16B-008-005	"{""status"":""OPEN_CHECKPOINT_GATE""}"	34cfe0fd98ef2f2f979063797529fd6aff82e469d774926cd8eb3507140a60e0	RESOLVED_BY_COMMITTED_ARTIFACT	[]	"[""COMMITTED_ROUND16B_ARTIFACTS_THROUGH_CHECKPOINT011""]"	TECHNICAL_OR_METHOD_GAP_RESOLVED_NO_CLOSURE_INFERENCE	96169339f94cd20c2f811f05356fa128ef778e9d4f9782c9b6da6568b1f6d5cf
R16B-PRIOR-RECORD:53673062a31a2e36ecad53289f2bf205556acaade9da2380cbec01b5cc8257b1	GAP	docs/audits/v49-exploration-higher-order-association-closure-round16b/raw/recursive-gap-ledger-round16a-global-reconciliation-v1.tsv	2	R16B-GLOBAL-GAP-001	"{""status"":""OPEN""}"	d5ae90b4622485ec0029279d2dc7d2929b7c0d55bfd27a508e1ccafd867cbb59	SUPERSEDED_BY_OPEN_OBLIGATION	"[""R16B-CURRENT-OBLIGATION:GLOBAL_GROUP_COHERENCE"",""R16B-CURRENT-OBLIGATION:ROUND16A_SEMANTIC_RECONCILIATION""]"	"[""docs/audits/v49-exploration-higher-order-association-closure-round16b/raw/recursive-gap-current-obligation-ledger-checkpoint012-v1.tsv""]"	CURRENT_SUCCESSOR_BLOCKS_AT_LEAST_ONE_CLOSURE	98c8ff8cc634bfc01f887ced156d1e72c61260eb0fcb2351c5b7197b68a43441
R16B-PRIOR-RECORD:a418820170f562d48a1cc4357470f010828c74f89320def5ad5175bc960e82e1	GAP	docs/audits/v49-exploration-higher-order-association-closure-round16b/raw/recursive-gap-ledger-round16a-global-reconciliation-v1.tsv	3	R16B-GLOBAL-GAP-002	"{""status"":""OPEN""}"	98334f87d2c98f08ab1335f3daaad300ddd2b63999ca5cab42f734bfca6b6850	SUPERSEDED_BY_OPEN_OBLIGATION	"[""R16B-CURRENT-OBLIGATION:GLOBAL_GROUP_COHERENCE"",""R16B-CURRENT-OBLIGATION:ROUND16A_SEMANTIC_RECONCILIATION""]"	"[""docs/audits/v49-exploration-higher-order-association-closure-round16b/raw/recursive-gap-current-obligation-ledger-checkpoint012-v1.tsv""]"	CURRENT_SUCCESSOR_BLOCKS_AT_LEAST_ONE_CLOSURE	a23d41fda2a7e656c8a8c71fd4c5e098cb9533b1d13ea023144d33bb3c1c62f4
R16B-PRIOR-RECORD:fdbbdfe7d8629d77386ecd599073356966eb8a71525050429382975cca2e1a0e	GAP	docs/audits/v49-exploration-higher-order-association-closure-round16b/raw/recursive-gap-ledger-round16a-global-reconciliation-v1.tsv	4	R16B-GLOBAL-GAP-003	"{""status"":""OPEN""}"	806ba8964a628548724d0036286f47cab98965c6bc2282c00f64cac297cbc5ad	SUPERSEDED_BY_OPEN_OBLIGATION	"[""R16B-CURRENT-OBLIGATION:GLOBAL_GROUP_COHERENCE"",""R16B-CURRENT-OBLIGATION:ROUND16A_SEMANTIC_RECONCILIATION""]"	"[""docs/audits/v49-exploration-higher-order-association-closure-round16b/raw/recursive-gap-current-obligation-ledger-checkpoint012-v1.tsv""]"	CURRENT_SUCCESSOR_BLOCKS_AT_LEAST_ONE_CLOSURE	bb0081df5554e775a4749f9244e8a5f31c54d32aca369da3d7c1d74e4743eed8
R16B-PRIOR-RECORD:e85679f4e868971194660e56bafc2246ad6274573e735114cc298d5f762ce7af	GAP	docs/audits/v49-exploration-higher-order-association-closure-round16b/raw/recursive-gap-ledger-round16a-global-reconciliation-v1.tsv	5	R16B-GLOBAL-GAP-004	"{""status"":""OPEN""}"	cd3b4b4e5604803ff3e3bdeae5d291c496d54abd96ab01b87e2d80cebad4c85e	SUPERSEDED_BY_OPEN_OBLIGATION	"[""R16B-CURRENT-OBLIGATION:CULTURAL_TRANSFORMATION_REAUDIT""]"	"[""docs/audits/v49-exploration-higher-order-association-closure-round16b/raw/recursive-gap-current-obligation-ledger-checkpoint012-v1.tsv""]"	CURRENT_SUCCESSOR_BLOCKS_AT_LEAST_ONE_CLOSURE	1dadfff8ce45e106861a8d6f9d278bf6b4817ef261bbbda9deb5e77b01331452
R16B-PRIOR-RECORD:c6dd578c714d9a223971cc86af4a3115a72a3be50a6fdd1b8ececa1d570cb842	GAP	docs/audits/v49-exploration-higher-order-association-closure-round16b/raw/recursive-gap-ledger-round16a-global-reconciliation-v1.tsv	6	R16B-GLOBAL-GAP-005	"{""status"":""OPEN""}"	f23b78384bc6101f285f84d71e6fb2d3600c5002431c95acdf8cbbe91b0bb502	PARTIALLY_RECONCILED_REMAINDER_OPEN	"[""R16B-CURRENT-OBLIGATION:PRODUCTION_POPULATION_AND_REACHABILITY""]"	"[""docs/audits/v49-exploration-higher-order-association-closure-round16b/raw/recursive-gap-current-obligation-ledger-checkpoint012-v1.tsv""]"	COMPLETED_WORK_PRESERVED_CURRENT_REMAINDER_BLOCKS_CLOSURE	76575b7f699a1024f74771ceaeab414a91eebff8b6147fbfc2383015f7a4d68a
R16B-PRIOR-RECORD:0308ecc87b040ceccf0afdb3caa91c8a6ce1885ba9f3aa693dd6dea2ed2a3b4b	GAP	docs/audits/v49-exploration-higher-order-association-closure-round16b/raw/recursive-gap-ledger-round16a-global-reconciliation-v1.tsv	7	R16B-GLOBAL-GAP-006	"{""status"":""OPEN""}"	745526f10b4915eca83748dae5777c60bf4d2aa54006dc0a6138055bc62daf84	PARTIALLY_RECONCILED_REMAINDER_OPEN	"[""R16B-CURRENT-OBLIGATION:FINAL_CLEAN_REPRODUCTION_GATE""]"	"[""docs/audits/v49-exploration-higher-order-association-closure-round16b/raw/recursive-gap-current-obligation-ledger-checkpoint012-v1.tsv""]"	COMPLETED_WORK_PRESERVED_CURRENT_REMAINDER_BLOCKS_CLOSURE	848215398a346fdf6e6f643d222c5d7139910dc09e4f6d25886ffee8377f1ba4
R16B-PRIOR-RECORD:335326bcebaae8ef93a636b8ed321723ddc1f50c2fa1933a8db996f9fd9b6534	GAP	docs/audits/v49-exploration-higher-order-association-closure-round16b/raw/recursive-gap-ledger.tsv	2	GAP-001	"{""status"":""RESOLVED_METHOD_SCOPE""}"	b015e02f96ddda1d69e6ffe2af6667fd5d1d22b26a5e2e9f2659973f58d67ade	PARTIALLY_RECONCILED_REMAINDER_OPEN	"[""R16B-CURRENT-OBLIGATION:CANDIDATE_UNIVERSE_AND_EXCLUSION_PROOF"",""R16B-CURRENT-OBLIGATION:NARY_PARTICIPANT_RESOLUTION""]"	"[""docs/audits/v49-exploration-higher-order-association-closure-round16b/raw/recursive-gap-current-obligation-ledger-checkpoint012-v1.tsv""]"	COMPLETED_WORK_PRESERVED_CURRENT_REMAINDER_BLOCKS_CLOSURE	d9abfe6d1b0011d8b787b4bc25f57b83f853a4bfa57d2394798efacf51e0e308
R16B-PRIOR-RECORD:1d1755c10ea8d628314f437bc540ce019d5eb1fc6d0a53a1b281609b6a401614	GAP	docs/audits/v49-exploration-higher-order-association-closure-round16b/raw/recursive-gap-ledger.tsv	3	GAP-002	"{""status"":""OPEN""}"	47f93b443e158463b1123d3df9e13cce888e5a15cdfcf8289242803cd590d847	PARTIALLY_RECONCILED_REMAINDER_OPEN	"[""R16B-CURRENT-OBLIGATION:PRODUCTION_POPULATION_AND_REACHABILITY""]"	"[""docs/audits/v49-exploration-higher-order-association-closure-round16b/raw/recursive-gap-current-obligation-ledger-checkpoint012-v1.tsv""]"	COMPLETED_WORK_PRESERVED_CURRENT_REMAINDER_BLOCKS_CLOSURE	d16f4d265563236293f1550fabf818189cdbc1551a6acf4083d0fd7990b630ce
R16B-PRIOR-RECORD:f18266e4cb587a4bb48eddddf444199aca4779d6256984bfc4440b42469129ba	GAP	docs/audits/v49-exploration-higher-order-association-closure-round16b/raw/recursive-gap-ledger.tsv	4	GAP-003	"{""status"":""OPEN""}"	cc975819852075a322313228d1502668e070d8fd0707e28c440ddff12ed5cacc	SUPERSEDED_BY_OPEN_OBLIGATION	"[""R16B-CURRENT-OBLIGATION:GLOBAL_GROUP_COHERENCE"",""R16B-CURRENT-OBLIGATION:ROUND16A_SEMANTIC_RECONCILIATION""]"	"[""docs/audits/v49-exploration-higher-order-association-closure-round16b/raw/recursive-gap-current-obligation-ledger-checkpoint012-v1.tsv""]"	CURRENT_SUCCESSOR_BLOCKS_AT_LEAST_ONE_CLOSURE	15a20bc29319b1ad001098640bca3d32d3441336f82a5f8cd1e7c7ba25aa4776
R16B-PRIOR-RECORD:a0f2be62a258d01b93c0318217abe1d94e55cdcc4c70732f18fb699040d74935	GAP	docs/audits/v49-exploration-higher-order-association-closure-round16b/raw/recursive-gap-ledger.tsv	5	GAP-004	"{""status"":""OPEN""}"	ab9a19a5443af001e9fea6bfaa98f32db61f410c59aa8ef80d723cc6465b6976	SUPERSEDED_BY_OPEN_OBLIGATION	"[""R16B-CURRENT-OBLIGATION:ACTIVE_VOCABULARY_REACHABILITY""]"	"[""docs/audits/v49-exploration-higher-order-association-closure-round16b/raw/recursive-gap-current-obligation-ledger-checkpoint012-v1.tsv""]"	CURRENT_SUCCESSOR_BLOCKS_AT_LEAST_ONE_CLOSURE	7069aa72d3c87defeaaff9a5b30328d7628b511ffde24b8529af9c5820434dc1
R16B-PRIOR-RECORD:fded78081d1de387c3f2d3cd060c93eef7d5492e67ba2bc0f8365faac331d030	GAP	docs/audits/v49-exploration-higher-order-association-closure-round16b/raw/recursive-gap-ledger.tsv	6	GAP-005	"{""status"":""OPEN""}"	8f5693079cd7a86582054edc883b0805ad7db8dd51ec74dcb210a1db171fb974	SUPERSEDED_BY_OPEN_OBLIGATION	"[""R16B-CURRENT-OBLIGATION:EXTERNAL_HUMAN_AUTHORITY""]"	"[""docs/audits/v49-exploration-higher-order-association-closure-round16b/raw/recursive-gap-current-obligation-ledger-checkpoint012-v1.tsv""]"	CURRENT_SUCCESSOR_BLOCKS_AT_LEAST_ONE_CLOSURE	deca65595b6b93d966c23da23a014ff424de3473da7e8c7054c63533469ffd41
R16B-PRIOR-RECORD:6ac5e86f2b011a27ea3285fb5e7ecb1070dd29ac566d185891f0c41cc2f4dbac	GAP	docs/audits/v49-exploration-higher-order-association-closure-round16b/raw/recursive-gap-ledger.tsv	7	GAP-006	"{""status"":""METHOD_CONTROL_ADDED_REVIEW_OPEN""}"	8d755baa4ba4d34fa3d6b2b7e501e8a212f6309f1cf7b790c8453e0b88119762	PARTIALLY_RECONCILED_REMAINDER_OPEN	"[""R16B-CURRENT-OBLIGATION:RIGHTS_AND_LAWFUL_TEXT""]"	"[""docs/audits/v49-exploration-higher-order-association-closure-round16b/raw/recursive-gap-current-obligation-ledger-checkpoint012-v1.tsv""]"	COMPLETED_WORK_PRESERVED_CURRENT_REMAINDER_BLOCKS_CLOSURE	0f338081637de5709092df65c9d17ff0087eea675120f85ab99dcd01900a83d4
R16B-PRIOR-RECORD:093d2ddf93f26f0c3218e9c08704fcefcd0ab997ecf0ae312050ba28baef5581	GAP	docs/audits/v49-exploration-higher-order-association-closure-round16b/raw/recursive-gap-ledger.tsv	8	GAP-007	"{""status"":""OPEN""}"	adf69af3e2f7776a9c73f2fb73a7fdcb57834c167b39cfd92b2beea2bfbfc74c	SUPERSEDED_BY_OPEN_OBLIGATION	"[""R16B-CURRENT-OBLIGATION:SEMANTIC_AND_PRODUCT_ARITY_BOUND""]"	"[""docs/audits/v49-exploration-higher-order-association-closure-round16b/raw/recursive-gap-current-obligation-ledger-checkpoint012-v1.tsv""]"	CURRENT_SUCCESSOR_BLOCKS_AT_LEAST_ONE_CLOSURE	c531bce0e2f6a6532c91250a14fd7153af8a30852de560accd03070a3e89900a
R16B-PRIOR-RECORD:76be396041c2b099ea0bb78cd4370c6ed15d2a33de43bb28fa64c63688023662	GAP	docs/audits/v49-exploration-higher-order-association-closure-round16b/raw/recursive-gap-ledger.tsv	9	GAP-008	"{""status"":""OPEN""}"	1b605f44054dabd58d273c50b8ea6253e30b0c216a5ba1b57a688b3343e49e52	PARTIALLY_RECONCILED_REMAINDER_OPEN	"[""R16B-CURRENT-OBLIGATION:GLOBAL_GROUP_COHERENCE"",""R16B-CURRENT-OBLIGATION:PAIR_ASSOCIATION_REAUDIT""]"	"[""docs/audits/v49-exploration-higher-order-association-closure-round16b/raw/recursive-gap-current-obligation-ledger-checkpoint012-v1.tsv""]"	COMPLETED_WORK_PRESERVED_CURRENT_REMAINDER_BLOCKS_CLOSURE	544ba3891b99779c9adeb9dabcb9eff003fb4b890f8ac23e07153b53c6b33d5e
R16B-PRIOR-RECORD:0c66fe0a1f42a1d01fa255a56070a7e7557b6f657fb99e472c5d2076d1542efa	GAP	docs/audits/v49-exploration-higher-order-association-closure-round16b/raw/recursive-gap-ledger.tsv	10	GAP-009	"{""status"":""OPEN""}"	5021f0118fefdd28185e90d10a45748308fb7f5c1c2f86bc77ba74c83555b795	SUPERSEDED_BY_OPEN_OBLIGATION	"[""R16B-CURRENT-OBLIGATION:CANDIDATE_UNIVERSE_AND_EXCLUSION_PROOF"",""R16B-CURRENT-OBLIGATION:METADATA_TO_TEXT_REVIEW""]"	"[""docs/audits/v49-exploration-higher-order-association-closure-round16b/raw/recursive-gap-current-obligation-ledger-checkpoint012-v1.tsv""]"	CURRENT_SUCCESSOR_BLOCKS_AT_LEAST_ONE_CLOSURE	27729301530420467d91c0863ce60ffe47b844da72f4e0ce84591e093a7ef9aa
R16B-PRIOR-RECORD:e698fe306da27e70d9a817c3b93b200ff17a4aba45f97ca962aa39ba3cb1e00b	GAP	docs/audits/v49-exploration-higher-order-association-closure-round16b/raw/recursive-gap-ledger.tsv	11	GAP-010	"{""status"":""OPEN""}"	377443c108b8954c18e65af42e1dd4563e7c5d8a5b2cb02d6cf382d8dabfb3c3	PARTIALLY_RECONCILED_REMAINDER_OPEN	"[""R16B-CURRENT-OBLIGATION:PRODUCTION_POPULATION_AND_REACHABILITY"",""R16B-CURRENT-OBLIGATION:ROUND16A_SEMANTIC_RECONCILIATION""]"	"[""docs/audits/v49-exploration-higher-order-association-closure-round16b/raw/recursive-gap-current-obligation-ledger-checkpoint012-v1.tsv""]"	COMPLETED_WORK_PRESERVED_CURRENT_REMAINDER_BLOCKS_CLOSURE	7bd5cd37a026309cc8632814fb53f48b42d89ea6c01db53efb1462ef112d44bc
R16B-PRIOR-RECORD:a85a58cf7013f2a53db0286c0cae1fe1bbdb2aef0dcac14962cb10c1bba28fee	GAP	docs/audits/v49-exploration-higher-order-association-closure-round16b/raw/recursive-gap-ledger.tsv	12	GAP-011	"{""status"":""METHOD_CONTROL_ADDED""}"	3fdd597c3d3cd26a916369bdd10328b3ace29a9c42941d10a863a59dfef0608e	PRESERVED_TERMINAL_CONTROL	[]	"[""COMMITTED_ROUND16B_ARTIFACTS_THROUGH_CHECKPOINT011""]"	TERMINAL_CONTROL_PRESERVED_NO_POSITIVE_CLOSURE_INFERENCE	268afac2c742180cff538104f3d0d6d9580d650465120d22c5d4b8f21b5c845c
R16B-PRIOR-RECORD:70ac7e14381509e222ef4365341c80935764927823992eea7829dc20a4eb7c8c	GAP	docs/audits/v49-exploration-higher-order-association-closure-round16b/raw/recursive-gap-ledger.tsv	13	GAP-012	"{""status"":""OPEN""}"	b4183ea703698ae9abfe3d67cf004f6072b382afc4f18c960373deeba81ba266	SUPERSEDED_BY_OPEN_OBLIGATION	"[""R16B-CURRENT-OBLIGATION:CANDIDATE_UNIVERSE_AND_EXCLUSION_PROOF""]"	"[""docs/audits/v49-exploration-higher-order-association-closure-round16b/raw/recursive-gap-current-obligation-ledger-checkpoint012-v1.tsv""]"	CURRENT_SUCCESSOR_BLOCKS_AT_LEAST_ONE_CLOSURE	4e6199f089f092e2d9753af0d76d21a55ffe9475d42ba53a45f0d2f4487334b5
R16B-PRIOR-RECORD:7afa8ec44e2e3c3621596bfaddefe0cde69f259e23650a77491b5d729f2045ba	GAP	docs/audits/v49-exploration-higher-order-association-closure-round16b/raw/recursive-gap-ledger.tsv	14	GAP-013	"{""status"":""OPEN""}"	d16e77ba986fb6791ebc7c32809c5cc913ad021e0736a0cf43da1e02e440dd55	RESOLVED_BY_COMMITTED_ARTIFACT	[]	"[""COMMITTED_ROUND16B_ARTIFACTS_THROUGH_CHECKPOINT011""]"	TECHNICAL_OR_METHOD_GAP_RESOLVED_NO_CLOSURE_INFERENCE	edd0640b8a0eeeaa0051d0248b467ba663d7fb23650adb93d3696bf631756ca6
R16B-PRIOR-RECORD:38de4cdd18d2a0d8a0a4dfadf6f1c4c3a6947026e6b38d9ebb4a471d17121ccb	GAP	docs/audits/v49-exploration-higher-order-association-closure-round16b/raw/recursive-gap-ledger.tsv	15	GAP-014	"{""status"":""OPEN""}"	8fd5345120d263d2d26f2957aa37b2529afdd5f45898064f9800712dd0f80b13	PARTIALLY_RECONCILED_REMAINDER_OPEN	"[""R16B-CURRENT-OBLIGATION:CANDIDATE_UNIVERSE_AND_EXCLUSION_PROOF""]"	"[""docs/audits/v49-exploration-higher-order-association-closure-round16b/raw/recursive-gap-current-obligation-ledger-checkpoint012-v1.tsv""]"	COMPLETED_WORK_PRESERVED_CURRENT_REMAINDER_BLOCKS_CLOSURE	f43d9edb86ead2b669963378d1f7f155417d08172cafe924c54408f30e97619a
R16B-PRIOR-RECORD:a29ada14fe8d750f299a937143aade77b61939828b3e258ad9c977105b36479b	METADATA_LEAD_OBLIGATION	docs/audits/v49-exploration-higher-order-association-closure-round16b/raw/metadata-search-lead-ledger-v2.tsv	40	R16B-METADATA-LEAD:00ecbefd218e9f9a7c793cfd7bc05d0cebec587edf0f86481f99dc2ebfd2d93c	"{""review_status"":""METADATA_ONLY_TEXT_NOT_REVIEWED"",""rights_and_access_status"":""PENDING_LAWFUL_ACCESS_AND_RIGHTS_REVIEW"",""support_status"":""NOT_ASSOCIATION_EVIDENCE""}"	7a01b7071bd7d710072e1a2b0a018b1d73eb206da52b8580be0c8529ad55bad3	SUPERSEDED_BY_OPEN_OBLIGATION	"[""R16B-CURRENT-OBLIGATION:METADATA_TO_TEXT_REVIEW""]"	"[""docs/audits/v49-exploration-higher-order-association-closure-round16b/raw/recursive-gap-current-obligation-ledger-checkpoint012-v1.tsv""]"	CURRENT_SUCCESSOR_BLOCKS_AT_LEAST_ONE_CLOSURE	a77b31144d71c4f2b20ad19a764c7ddf7fe7024567325ebf4d5b1bb41e3c5859
R16B-PRIOR-RECORD:6bea3acce8b397b3c0c63278cfbd21b43a9f8ceba2cfe5bbab3f66d813d108f5	METADATA_LEAD_OBLIGATION	docs/audits/v49-exploration-higher-order-association-closure-round16b/raw/metadata-search-lead-ledger-v2.tsv	61	R16B-METADATA-LEAD:01903fc66753042ee5f69b24e051e9497580d63180970d94e1d209bdd33597ff	"{""review_status"":""METADATA_ONLY_TEXT_NOT_REVIEWED"",""rights_and_access_status"":""PENDING_LAWFUL_ACCESS_AND_RIGHTS_REVIEW"",""support_status"":""NOT_ASSOCIATION_EVIDENCE""}"	31639d10e3a3b1c3a0ac279da037f8a8fb62ef34a6dd476456cd33d5709a9fc4	SUPERSEDED_BY_OPEN_OBLIGATION	"[""R16B-CURRENT-OBLIGATION:METADATA_TO_TEXT_REVIEW""]"	"[""docs/audits/v49-exploration-higher-order-association-closure-round16b/raw/recursive-gap-current-obligation-ledger-checkpoint012-v1.tsv""]"	CURRENT_SUCCESSOR_BLOCKS_AT_LEAST_ONE_CLOSURE	480628fb2bc4e5ae1e9bc7e4a5ce8860a409115e04948bcd243be18c213632e4
R16B-PRIOR-RECORD:b1bd9c6e445651cef332ff8558eb1a02ddfb42dd5153e0832803006469186ed2	METADATA_LEAD_OBLIGATION	docs/audits/v49-exploration-higher-order-association-closure-round16b/raw/metadata-search-lead-ledger-v2.tsv	50	R16B-METADATA-LEAD:022ea75f6dbbb845479942eb3d82ba047a3f6f7211329e149bfee66cade4fa6b	"{""review_status"":""METADATA_ONLY_TEXT_NOT_REVIEWED"",""rights_and_access_status"":""PENDING_LAWFUL_ACCESS_AND_RIGHTS_REVIEW"",""support_status"":""NOT_ASSOCIATION_EVIDENCE""}"	efc7d4b5b76ffe40b0a90c1ad4d36ea64982dd4e9ff0bd8ebb4a975144a88403	SUPERSEDED_BY_OPEN_OBLIGATION	"[""R16B-CURRENT-OBLIGATION:METADATA_TO_TEXT_REVIEW""]"	"[""docs/audits/v49-exploration-higher-order-association-closure-round16b/raw/recursive-gap-current-obligation-ledger-checkpoint012-v1.tsv""]"	CURRENT_SUCCESSOR_BLOCKS_AT_LEAST_ONE_CLOSURE	2d0b5b4295dcf64474176c12fd9427d71317e652f7d23c52a187f295a8b864cb
R16B-PRIOR-RECORD:aa17a02a414f2560a085a64105517fd3eba15c46c4ceed7de8a34054a5639783	METADATA_LEAD_OBLIGATION	docs/audits/v49-exploration-higher-order-association-closure-round16b/raw/metadata-search-lead-ledger-v2.tsv	2	R16B-METADATA-LEAD:0838e2298203ec2b2daed1ed1eaad4170b70bf93a500160a53340f77e3440a22	"{""review_status"":""METADATA_ONLY_TEXT_NOT_REVIEWED"",""rights_and_access_status"":""PENDING_LAWFUL_ACCESS_AND_RIGHTS_REVIEW"",""support_status"":""NOT_ASSOCIATION_EVIDENCE""}"	cd42cfad391d8ddbb3e3ab8d18a8c0dff549c53db19cc5594fd50602849fed5a	SUPERSEDED_BY_OPEN_OBLIGATION	"[""R16B-CURRENT-OBLIGATION:METADATA_TO_TEXT_REVIEW""]"	"[""docs/audits/v49-exploration-higher-order-association-closure-round16b/raw/recursive-gap-current-obligation-ledger-checkpoint012-v1.tsv""]"	CURRENT_SUCCESSOR_BLOCKS_AT_LEAST_ONE_CLOSURE	3a8658643aad8224c8bfc9aa331aae8ad507595d3807192f75ea23e39cdd25d6
R16B-PRIOR-RECORD:14a7f9d7d194d235cf137629e48c64f16677698497af204efdbe39465f835b52	METADATA_LEAD_OBLIGATION	docs/audits/v49-exploration-higher-order-association-closure-round16b/raw/metadata-search-lead-ledger-v2.tsv	57	R16B-METADATA-LEAD:08914720e7ded7a46c6d6a68c0e91326cba99b27cc223b649aa485ff2054ad00	"{""review_status"":""METADATA_ONLY_TEXT_NOT_REVIEWED"",""rights_and_access_status"":""PENDING_LAWFUL_ACCESS_AND_RIGHTS_REVIEW"",""support_status"":""NOT_ASSOCIATION_EVIDENCE""}"	b792897957e8d8860d884ca791d84e2aa60a4770f9ae5897e7026c30b5ecbce3	SUPERSEDED_BY_OPEN_OBLIGATION	"[""R16B-CURRENT-OBLIGATION:METADATA_TO_TEXT_REVIEW""]"	"[""docs/audits/v49-exploration-higher-order-association-closure-round16b/raw/recursive-gap-current-obligation-ledger-checkpoint012-v1.tsv""]"	CURRENT_SUCCESSOR_BLOCKS_AT_LEAST_ONE_CLOSURE	808841400ca4ef10e4e6cb7eed8caa0c0db07647bcf8af80168c4a47c852b31f
R16B-PRIOR-RECORD:6267e012bf53dd3bde066fc26b45e972200c08275660ac8036772ffdc50c25a5	METADATA_LEAD_OBLIGATION	docs/audits/v49-exploration-higher-order-association-closure-round16b/raw/metadata-search-lead-ledger-v2.tsv	25	R16B-METADATA-LEAD:102b5bdceabafc3f7a104bfc0dc5eaf68edc177278bd460e7ff92736a4c1e401	"{""review_status"":""METADATA_ONLY_TEXT_NOT_REVIEWED"",""rights_and_access_status"":""PENDING_LAWFUL_ACCESS_AND_RIGHTS_REVIEW"",""support_status"":""NOT_ASSOCIATION_EVIDENCE""}"	95285d3e92500ef49f810f599013820c04e3fa11af7afe674126c49921c8b7ec	SUPERSEDED_BY_OPEN_OBLIGATION	"[""R16B-CURRENT-OBLIGATION:METADATA_TO_TEXT_REVIEW""]"	"[""docs/audits/v49-exploration-higher-order-association-closure-round16b/raw/recursive-gap-current-obligation-ledger-checkpoint012-v1.tsv""]"	CURRENT_SUCCESSOR_BLOCKS_AT_LEAST_ONE_CLOSURE	fe38ac3368e0ffa2a0387059a6a27c57fe6dd239ffc81437385c355c3139f5c6
R16B-PRIOR-RECORD:fabf0f5ea5f6c2cd20b4598bfa469f44affefa95ab7794af9643a65b4dbe037d	METADATA_LEAD_OBLIGATION	docs/audits/v49-exploration-higher-order-association-closure-round16b/raw/metadata-search-lead-ledger-v2.tsv	89	R16B-METADATA-LEAD:113f4da0efd65cf3bbae01ed1e0b0474a7d7d90429d479e9f7c18fa592906756	"{""review_status"":""METADATA_ONLY_TEXT_NOT_REVIEWED"",""rights_and_access_status"":""PENDING_LAWFUL_ACCESS_AND_RIGHTS_REVIEW"",""support_status"":""NOT_ASSOCIATION_EVIDENCE""}"	28237d310f1761f16aed2a7a0172fd7de443c077a9cde9440ba00e246e1a13ea	SUPERSEDED_BY_OPEN_OBLIGATION	"[""R16B-CURRENT-OBLIGATION:METADATA_TO_TEXT_REVIEW""]"	"[""docs/audits/v49-exploration-higher-order-association-closure-round16b/raw/recursive-gap-current-obligation-ledger-checkpoint012-v1.tsv""]"	CURRENT_SUCCESSOR_BLOCKS_AT_LEAST_ONE_CLOSURE	a494717b1e5e8e232be9dfbafed06e586ec21d84e5a298beb6250b9c43495cad
R16B-PRIOR-RECORD:841aaa90cd06ba1b81669378f7e61c09bba957ae8bf7c808be3125dac122b897	METADATA_LEAD_OBLIGATION	docs/audits/v49-exploration-higher-order-association-closure-round16b/raw/metadata-search-lead-ledger-v2.tsv	15	R16B-METADATA-LEAD:11516374e7d7d1f8aa68bf0f50604590667874ff84a9d13960d63f601fb1ab0f	"{""review_status"":""METADATA_ONLY_TEXT_NOT_REVIEWED"",""rights_and_access_status"":""PENDING_LAWFUL_ACCESS_AND_RIGHTS_REVIEW"",""support_status"":""NOT_ASSOCIATION_EVIDENCE""}"	1bfe39b421c5bab20838505895da88e4cc5228010563be7151d094a29dc70797	SUPERSEDED_BY_OPEN_OBLIGATION	"[""R16B-CURRENT-OBLIGATION:METADATA_TO_TEXT_REVIEW""]"	"[""docs/audits/v49-exploration-higher-order-association-closure-round16b/raw/recursive-gap-current-obligation-ledger-checkpoint012-v1.tsv""]"	CURRENT_SUCCESSOR_BLOCKS_AT_LEAST_ONE_CLOSURE	794311e532b718059f42422e4e3808596ba58e64964c24fb4449d2e5626370c1
R16B-PRIOR-RECORD:d113473f2ee197f87a06aae911135225ec9ee8c4ecff64807ea23f164a244d4c	METADATA_LEAD_OBLIGATION	docs/audits/v49-exploration-higher-order-association-closure-round16b/raw/metadata-search-lead-ledger-v2.tsv	5	R16B-METADATA-LEAD:115589cb55d33b30ad281c4e87272428005e95fa56d8116661b5fb0dcb2d7913	"{""review_status"":""METADATA_ONLY_TEXT_NOT_REVIEWED"",""rights_and_access_status"":""PENDING_LAWFUL_ACCESS_AND_RIGHTS_REVIEW"",""support_status"":""NOT_ASSOCIATION_EVIDENCE""}"	098d0351ae0fe024c1a97f7878df2ec30bd44e78f15ea0ce9cb6205b0f8a0904	SUPERSEDED_BY_OPEN_OBLIGATION	"[""R16B-CURRENT-OBLIGATION:METADATA_TO_TEXT_REVIEW""]"	"[""docs/audits/v49-exploration-higher-order-association-closure-round16b/raw/recursive-gap-current-obligation-ledger-checkpoint012-v1.tsv""]"	CURRENT_SUCCESSOR_BLOCKS_AT_LEAST_ONE_CLOSURE	3da4c2b6e42d2b905e40ba648eb0e669d5ae50049deb1be0b327309b89a5a590
R16B-PRIOR-RECORD:151204088da14f27e406d1a1ed28ae26e720461a955509865769a5012739563d	METADATA_LEAD_OBLIGATION	docs/audits/v49-exploration-higher-order-association-closure-round16b/raw/metadata-search-lead-ledger-v2.tsv	41	R16B-METADATA-LEAD:183145280860a3a2c89804d54f1da84f3a1693b839912826f3a0a9d1d5a7984e	"{""review_status"":""METADATA_ONLY_TEXT_NOT_REVIEWED"",""rights_and_access_status"":""PENDING_LAWFUL_ACCESS_AND_RIGHTS_REVIEW"",""support_status"":""NOT_ASSOCIATION_EVIDENCE""}"	0d17b2f90699fcc4c0e3add3d39d2f2b982508f4e39771637f049a5dea2d22ab	SUPERSEDED_BY_OPEN_OBLIGATION	"[""R16B-CURRENT-OBLIGATION:METADATA_TO_TEXT_REVIEW""]"	"[""docs/audits/v49-exploration-higher-order-association-closure-round16b/raw/recursive-gap-current-obligation-ledger-checkpoint012-v1.tsv""]"	CURRENT_SUCCESSOR_BLOCKS_AT_LEAST_ONE_CLOSURE	329adfdfd34dc84015301da3221a0ac3f3e748888c6952963c781aed14065d06
R16B-PRIOR-RECORD:4b2d808494a19d63729dacd7eada4b7f23d928494b3c78acdca974bc2bf1ce89	METADATA_LEAD_OBLIGATION	docs/audits/v49-exploration-higher-order-association-closure-round16b/raw/metadata-search-lead-ledger-v2.tsv	33	R16B-METADATA-LEAD:19be158c53f5f864abb89db755f1c8d1a152357bd58d31d4ec880e51de0a268b	"{""review_status"":""METADATA_ONLY_TEXT_NOT_REVIEWED"",""rights_and_access_status"":""PENDING_LAWFUL_ACCESS_AND_RIGHTS_REVIEW"",""support_status"":""NOT_ASSOCIATION_EVIDENCE""}"	d032b1e47cf62e3c9c8fb3c76458dbaa34e5cdec12a7780f2c43a1b3c634b1d6	SUPERSEDED_BY_OPEN_OBLIGATION	"[""R16B-CURRENT-OBLIGATION:METADATA_TO_TEXT_REVIEW""]"	"[""docs/audits/v49-exploration-higher-order-association-closure-round16b/raw/recursive-gap-current-obligation-ledger-checkpoint012-v1.tsv""]"	CURRENT_SUCCESSOR_BLOCKS_AT_LEAST_ONE_CLOSURE	a3302c61668288fa993cdbffa907f02504b8291e9a99d9341abfbc27dab03829
R16B-PRIOR-RECORD:3999aebf0f97f5ca0bbd41f0ce1ff840d61ed5cb517ee6176b69917d186c3d81	METADATA_LEAD_OBLIGATION	docs/audits/v49-exploration-higher-order-association-closure-round16b/raw/metadata-search-lead-ledger-v2.tsv	59	R16B-METADATA-LEAD:1cd4e85c65276ea944488ab06807e36924a21a6ac06dec1356e933df77bcc64b	"{""review_status"":""METADATA_ONLY_TEXT_NOT_REVIEWED"",""rights_and_access_status"":""PENDING_LAWFUL_ACCESS_AND_RIGHTS_REVIEW"",""support_status"":""NOT_ASSOCIATION_EVIDENCE""}"	efc7247c1d7e318589d452a603313d31e661645be8fc2f78c82b596c817318b2	SUPERSEDED_BY_OPEN_OBLIGATION	"[""R16B-CURRENT-OBLIGATION:METADATA_TO_TEXT_REVIEW""]"	"[""docs/audits/v49-exploration-higher-order-association-closure-round16b/raw/recursive-gap-current-obligation-ledger-checkpoint012-v1.tsv""]"	CURRENT_SUCCESSOR_BLOCKS_AT_LEAST_ONE_CLOSURE	62d092eed5ff1e39b056a8787a1862561223c23ff3f6eb678c60de79e50f72d4
R16B-PRIOR-RECORD:bb0039d35bb7c30912c71346c3fc15025ab3dc24e210d1c0ddd49f9ac3a3e0f8	METADATA_LEAD_OBLIGATION	docs/audits/v49-exploration-higher-order-association-closure-round16b/raw/metadata-search-lead-ledger-v2.tsv	17	R16B-METADATA-LEAD:25fe7267411241128cec77566ce1eaeaff5f74eefaa0abb19c56bd5fc34f0036	"{""review_status"":""METADATA_ONLY_TEXT_NOT_REVIEWED"",""rights_and_access_status"":""PENDING_LAWFUL_ACCESS_AND_RIGHTS_REVIEW"",""support_status"":""NOT_ASSOCIATION_EVIDENCE""}"	975df757d2b7630023b3008af3145eb851eeb20ca7ce7205413198b6a80ff64e	SUPERSEDED_BY_OPEN_OBLIGATION	"[""R16B-CURRENT-OBLIGATION:METADATA_TO_TEXT_REVIEW""]"	"[""docs/audits/v49-exploration-higher-order-association-closure-round16b/raw/recursive-gap-current-obligation-ledger-checkpoint012-v1.tsv""]"	CURRENT_SUCCESSOR_BLOCKS_AT_LEAST_ONE_CLOSURE	8a172a3417220c6fb92765380b59ff003ea51bc71bfc1f6ae9acd61e9f74d61d
R16B-PRIOR-RECORD:a6852a97c418add6dcfa2cca72b6cd7a9b29476472599f45eddfc71640bd4d9b	METADATA_LEAD_OBLIGATION	docs/audits/v49-exploration-higher-order-association-closure-round16b/raw/metadata-search-lead-ledger-v2.tsv	56	R16B-METADATA-LEAD:2624106a2de604dc25944dabac4c47f34dcd2e487e918d5c4f712564f244f9ed	"{""review_status"":""METADATA_ONLY_TEXT_NOT_REVIEWED"",""rights_and_access_status"":""PENDING_LAWFUL_ACCESS_AND_RIGHTS_REVIEW"",""support_status"":""NOT_ASSOCIATION_EVIDENCE""}"	93aafaebe98b92300ffac6b79ce8861f37c60fa22520fba3a3e0ea2524facc0f	SUPERSEDED_BY_OPEN_OBLIGATION	"[""R16B-CURRENT-OBLIGATION:METADATA_TO_TEXT_REVIEW""]"	"[""docs/audits/v49-exploration-higher-order-association-closure-round16b/raw/recursive-gap-current-obligation-ledger-checkpoint012-v1.tsv""]"	CURRENT_SUCCESSOR_BLOCKS_AT_LEAST_ONE_CLOSURE	9ddcb5ce21c67c932e46941e88faed4309e6b8eff5e2d3197ec423269b0edc0f
R16B-PRIOR-RECORD:d75a25cc882492dd0f415408303a619406ea951f362c6c696624037c4923f856	METADATA_LEAD_OBLIGATION	docs/audits/v49-exploration-higher-order-association-closure-round16b/raw/metadata-search-lead-ledger-v2.tsv	70	R16B-METADATA-LEAD:28c61a0eec02ade332812218b614c21ecb22bbe461a1f5b4b5b8e6de77f1aa2f	"{""review_status"":""METADATA_ONLY_TEXT_NOT_REVIEWED"",""rights_and_access_status"":""PENDING_LAWFUL_ACCESS_AND_RIGHTS_REVIEW"",""support_status"":""NOT_ASSOCIATION_EVIDENCE""}"	a63e3c732a851564f626ce56bd4a69aaffb0e2e243e4e6c7c3503306f2af89f0	SUPERSEDED_BY_OPEN_OBLIGATION	"[""R16B-CURRENT-OBLIGATION:METADATA_TO_TEXT_REVIEW""]"	"[""docs/audits/v49-exploration-higher-order-association-closure-round16b/raw/recursive-gap-current-obligation-ledger-checkpoint012-v1.tsv""]"	CURRENT_SUCCESSOR_BLOCKS_AT_LEAST_ONE_CLOSURE	64fa99b7728280dd24bbc5ab259318002e680460de415b4cda42de4b8bfaa030
R16B-PRIOR-RECORD:0323684c04f76b198f540182af1e5d9504e0c4f9f3dd17062611158ec195cfad	METADATA_LEAD_OBLIGATION	docs/audits/v49-exploration-higher-order-association-closure-round16b/raw/metadata-search-lead-ledger-v2.tsv	20	R16B-METADATA-LEAD:29e99326c3a7b6136c1ebfbdcf56f169a4712c7ab2cd30f5b61b03a0f6d6d3ba	"{""review_status"":""METADATA_ONLY_TEXT_NOT_REVIEWED"",""rights_and_access_status"":""PENDING_LAWFUL_ACCESS_AND_RIGHTS_REVIEW"",""support_status"":""NOT_ASSOCIATION_EVIDENCE""}"	cb70466fc73e3e521a2a9d7c01a539196710a63c1c00b2d4363beb83d1c30828	SUPERSEDED_BY_OPEN_OBLIGATION	"[""R16B-CURRENT-OBLIGATION:METADATA_TO_TEXT_REVIEW""]"	"[""docs/audits/v49-exploration-higher-order-association-closure-round16b/raw/recursive-gap-current-obligation-ledger-checkpoint012-v1.tsv""]"	CURRENT_SUCCESSOR_BLOCKS_AT_LEAST_ONE_CLOSURE	ce9a47e4fe077c2ffef16bac81bb5b87e36dbb6329ea332f45cbfdc5ed314061
R16B-PRIOR-RECORD:93fb2a3ada5d55c0064d54eb801f0bf5dbabcf8d00bf65901633551222a0199c	METADATA_LEAD_OBLIGATION	docs/audits/v49-exploration-higher-order-association-closure-round16b/raw/metadata-search-lead-ledger-v2.tsv	42	R16B-METADATA-LEAD:2a090456041777d72f71d92dfc355b541e7e5ff3dfd9d85dfd26623b9a850b7d	"{""review_status"":""METADATA_ONLY_TEXT_NOT_REVIEWED"",""rights_and_access_status"":""PENDING_LAWFUL_ACCESS_AND_RIGHTS_REVIEW"",""support_status"":""NOT_ASSOCIATION_EVIDENCE""}"	bfced2cc8bd8f1bf16e5bec57daeb1f10af6f34de3489e3625eb06050cdecdec	SUPERSEDED_BY_OPEN_OBLIGATION	"[""R16B-CURRENT-OBLIGATION:METADATA_TO_TEXT_REVIEW""]"	"[""docs/audits/v49-exploration-higher-order-association-closure-round16b/raw/recursive-gap-current-obligation-ledger-checkpoint012-v1.tsv""]"	CURRENT_SUCCESSOR_BLOCKS_AT_LEAST_ONE_CLOSURE	5767a6b1fad09f8f56d72bbca755bf3c2b39d1b63f0a9c4090cd72d653ac8cd1
R16B-PRIOR-RECORD:080286bfb8a58c1d99b573c5e042e84d629828c530592cd26f02afce6b4701a2	METADATA_LEAD_OBLIGATION	docs/audits/v49-exploration-higher-order-association-closure-round16b/raw/metadata-search-lead-ledger-v2.tsv	9	R16B-METADATA-LEAD:2a9a16b2d5e7015e38c0acfb9ae6e7353916127d7ad030f6be1db8957a5d9742	"{""review_status"":""METADATA_ONLY_TEXT_NOT_REVIEWED"",""rights_and_access_status"":""PENDING_LAWFUL_ACCESS_AND_RIGHTS_REVIEW"",""support_status"":""NOT_ASSOCIATION_EVIDENCE""}"	965a03ff580616b964dac83bc510b968f287c891803ae72aed445a398e8474f8	SUPERSEDED_BY_OPEN_OBLIGATION	"[""R16B-CURRENT-OBLIGATION:METADATA_TO_TEXT_REVIEW""]"	"[""docs/audits/v49-exploration-higher-order-association-closure-round16b/raw/recursive-gap-current-obligation-ledger-checkpoint012-v1.tsv""]"	CURRENT_SUCCESSOR_BLOCKS_AT_LEAST_ONE_CLOSURE	3dfde81a93812fd0f60f5de6fa8b15158efdb3ecb768ebc81b32f72e97559a76
R16B-PRIOR-RECORD:577fe24bb03888cffe811f6a3d0289d07a17e5dd95eb2ddd16b70941e09672fc	METADATA_LEAD_OBLIGATION	docs/audits/v49-exploration-higher-order-association-closure-round16b/raw/metadata-search-lead-ledger-v2.tsv	46	R16B-METADATA-LEAD:2ba5b3fc78a6240a19b898b562427de5e4d45a530864cbcb5545cee1c7b57bdf	"{""review_status"":""METADATA_ONLY_TEXT_NOT_REVIEWED"",""rights_and_access_status"":""PENDING_LAWFUL_ACCESS_AND_RIGHTS_REVIEW"",""support_status"":""NOT_ASSOCIATION_EVIDENCE""}"	1a866d5486d9a23dfce0e06d272e1ed75b1da5c5c78896b4fbdeebd42a0abe75	SUPERSEDED_BY_OPEN_OBLIGATION	"[""R16B-CURRENT-OBLIGATION:METADATA_TO_TEXT_REVIEW""]"	"[""docs/audits/v49-exploration-higher-order-association-closure-round16b/raw/recursive-gap-current-obligation-ledger-checkpoint012-v1.tsv""]"	CURRENT_SUCCESSOR_BLOCKS_AT_LEAST_ONE_CLOSURE	da030089d5090994e25f16b515be1fe8547e733271bd6e13f201b7731d77a894
R16B-PRIOR-RECORD:7c521db2f12d4b8f8aa309146056f0c093ea4181097af6e939dcf2b1c3e1b742	METADATA_LEAD_OBLIGATION	docs/audits/v49-exploration-higher-order-association-closure-round16b/raw/metadata-search-lead-ledger-v2.tsv	78	R16B-METADATA-LEAD:2e049a416765bc87c2841c134292a0de94ed7238458549e61bddd418cc801627	"{""review_status"":""METADATA_ONLY_TEXT_NOT_REVIEWED"",""rights_and_access_status"":""PENDING_LAWFUL_ACCESS_AND_RIGHTS_REVIEW"",""support_status"":""NOT_ASSOCIATION_EVIDENCE""}"	088c54909679e41a16469a3f8728f68dc095644c782276ddf4dc7726aa806d2a	SUPERSEDED_BY_OPEN_OBLIGATION	"[""R16B-CURRENT-OBLIGATION:METADATA_TO_TEXT_REVIEW""]"	"[""docs/audits/v49-exploration-higher-order-association-closure-round16b/raw/recursive-gap-current-obligation-ledger-checkpoint012-v1.tsv""]"	CURRENT_SUCCESSOR_BLOCKS_AT_LEAST_ONE_CLOSURE	e4247eb27cd9605cb7a7d8333beda219d45ff4ddda3b6c114da72ade366073a2
R16B-PRIOR-RECORD:8a7eb6868b14c6174545d0cb2f8c25a8b94dda2c519d9895c7d55e08a8d69985	METADATA_LEAD_OBLIGATION	docs/audits/v49-exploration-higher-order-association-closure-round16b/raw/metadata-search-lead-ledger-v2.tsv	21	R16B-METADATA-LEAD:32fea0fc08f5e325cad64014d79fcfbff8ac1647dfbcf1867f21a71d6d7f67b3	"{""review_status"":""METADATA_ONLY_TEXT_NOT_REVIEWED"",""rights_and_access_status"":""PENDING_LAWFUL_ACCESS_AND_RIGHTS_REVIEW"",""support_status"":""NOT_ASSOCIATION_EVIDENCE""}"	dd6820e21417ffcaf6b5afa2347128282734ace74bde0552ae665ca4fcf8bd33	RESOLVED_BY_COMMITTED_ARTIFACT	[]	"[""docs/audits/v49-exploration-higher-order-association-closure-round16b/raw/source-rights-ledger-shard-1-v1.tsv#R16B-SOURCE-RIGHTS:2b52559c15daa087b990ef678263b19250d46f6b72433883a59dd76bb48c9be9""]"	TECHNICAL_OR_METHOD_GAP_RESOLVED_NO_CLOSURE_INFERENCE	50fae7ce8a70a79367edd2edf31da8bacc5f8798675eb64e223971281f447da4
R16B-PRIOR-RECORD:f552b5fb1cddbd6f7d180241756823124383a67d5d5b69256cb1cf9b4d612f0e	METADATA_LEAD_OBLIGATION	docs/audits/v49-exploration-higher-order-association-closure-round16b/raw/metadata-search-lead-ledger-v2.tsv	31	R16B-METADATA-LEAD:357f341ec22d5458717f00bf7520821cc66556bcd16af0a30b0dbd89fd4133bd	"{""review_status"":""METADATA_ONLY_TEXT_NOT_REVIEWED"",""rights_and_access_status"":""PENDING_LAWFUL_ACCESS_AND_RIGHTS_REVIEW"",""support_status"":""NOT_ASSOCIATION_EVIDENCE""}"	bf7e8583724bd8ad2ed787bc10553dfe6d6797f356cfffbbd40bb66c94011a9f	SUPERSEDED_BY_OPEN_OBLIGATION	"[""R16B-CURRENT-OBLIGATION:METADATA_TO_TEXT_REVIEW""]"	"[""docs/audits/v49-exploration-higher-order-association-closure-round16b/raw/recursive-gap-current-obligation-ledger-checkpoint012-v1.tsv""]"	CURRENT_SUCCESSOR_BLOCKS_AT_LEAST_ONE_CLOSURE	16d65091cffc86c586e46277adbac4fd8d855d4d25b21ff31f67d5919e3789d8
R16B-PRIOR-RECORD:c70590f80c4c3f84f4cb60e1de1737bb55ebe3a67824d5643954eb8ec63f2765	METADATA_LEAD_OBLIGATION	docs/audits/v49-exploration-higher-order-association-closure-round16b/raw/metadata-search-lead-ledger-v2.tsv	32	R16B-METADATA-LEAD:365801ad5f72115e1671fd2ade696ef1c4303b184632803f475ae2c139407ebc	"{""review_status"":""METADATA_ONLY_TEXT_NOT_REVIEWED"",""rights_and_access_status"":""PENDING_LAWFUL_ACCESS_AND_RIGHTS_REVIEW"",""support_status"":""NOT_ASSOCIATION_EVIDENCE""}"	6b7f697d99eb96fd66d0305f3bc868c5bee2e59a922e44619627798cffe5f54d	SUPERSEDED_BY_OPEN_OBLIGATION	"[""R16B-CURRENT-OBLIGATION:METADATA_TO_TEXT_REVIEW""]"	"[""docs/audits/v49-exploration-higher-order-association-closure-round16b/raw/recursive-gap-current-obligation-ledger-checkpoint012-v1.tsv""]"	CURRENT_SUCCESSOR_BLOCKS_AT_LEAST_ONE_CLOSURE	a4550dea83b39314360984eec55daf21899d4ef45f4e70b2b227f94c61414035
R16B-PRIOR-RECORD:2d56f3543d39c33c7e625f6540708843e62a5cf0ec7491b05775bf8c5ab35047	METADATA_LEAD_OBLIGATION	docs/audits/v49-exploration-higher-order-association-closure-round16b/raw/metadata-search-lead-ledger-v2.tsv	26	R16B-METADATA-LEAD:383db1fc268987357f8d31dbcbadf784b6d5585a28df5fcbd7fe6282ac460ae8	"{""review_status"":""METADATA_ONLY_TEXT_NOT_REVIEWED"",""rights_and_access_status"":""PENDING_LAWFUL_ACCESS_AND_RIGHTS_REVIEW"",""support_status"":""NOT_ASSOCIATION_EVIDENCE""}"	657f2a665c4192037fa15310bbf8bb72ad3aa8aaf8905f1cb2d3c83ec02be43c	SUPERSEDED_BY_OPEN_OBLIGATION	"[""R16B-CURRENT-OBLIGATION:METADATA_TO_TEXT_REVIEW""]"	"[""docs/audits/v49-exploration-higher-order-association-closure-round16b/raw/recursive-gap-current-obligation-ledger-checkpoint012-v1.tsv""]"	CURRENT_SUCCESSOR_BLOCKS_AT_LEAST_ONE_CLOSURE	bd4b75e53052cbf80a2f8bad0d49d6c32560d07f254832e90283e366b5671bf7
R16B-PRIOR-RECORD:f745cb813eae415309dd9ff93bce84d767a5acec4754f3c6d421deb1e03b1812	METADATA_LEAD_OBLIGATION	docs/audits/v49-exploration-higher-order-association-closure-round16b/raw/metadata-search-lead-ledger-v2.tsv	24	R16B-METADATA-LEAD:3aa7ec6067032ca7851419132460ee539c68deca6ab75c44e0deb924d4e376ac	"{""review_status"":""METADATA_ONLY_TEXT_NOT_REVIEWED"",""rights_and_access_status"":""PENDING_LAWFUL_ACCESS_AND_RIGHTS_REVIEW"",""support_status"":""NOT_ASSOCIATION_EVIDENCE""}"	5c06f39ab4430736efc3e24839bebccfabe2aa327e7941c9fe6c7ea778040801	SUPERSEDED_BY_OPEN_OBLIGATION	"[""R16B-CURRENT-OBLIGATION:METADATA_TO_TEXT_REVIEW""]"	"[""docs/audits/v49-exploration-higher-order-association-closure-round16b/raw/recursive-gap-current-obligation-ledger-checkpoint012-v1.tsv""]"	CURRENT_SUCCESSOR_BLOCKS_AT_LEAST_ONE_CLOSURE	d8f1ad6a5cae43a0a63cf61475035a1302a81c6088dd1b761cc9c2f1874e4e5b
R16B-PRIOR-RECORD:fadec388cd3ec73ac9f16584c03dfd727b16d108aab8ace2fc150ddf5a075c5a	METADATA_LEAD_OBLIGATION	docs/audits/v49-exploration-higher-order-association-closure-round16b/raw/metadata-search-lead-ledger-v2.tsv	16	R16B-METADATA-LEAD:3d0c1ab14152f6ff15dbf08f53129180872aded8fed0903d16485a7a84888c58	"{""review_status"":""METADATA_ONLY_TEXT_NOT_REVIEWED"",""rights_and_access_status"":""PENDING_LAWFUL_ACCESS_AND_RIGHTS_REVIEW"",""support_status"":""NOT_ASSOCIATION_EVIDENCE""}"	2f91d98b8a9ad2e06dcca96d7990b1b9c922bb9820d56c6f3d10035053072c36	SUPERSEDED_BY_OPEN_OBLIGATION	"[""R16B-CURRENT-OBLIGATION:METADATA_TO_TEXT_REVIEW""]"	"[""docs/audits/v49-exploration-higher-order-association-closure-round16b/raw/recursive-gap-current-obligation-ledger-checkpoint012-v1.tsv""]"	CURRENT_SUCCESSOR_BLOCKS_AT_LEAST_ONE_CLOSURE	66acbfe961ccdfa24fe9bd161866a228e610137434c82d0d5130d9e5171765e2
R16B-PRIOR-RECORD:a27fea93f68889b0a6ba3c66f43fa02c4ad0bd5a565e7baaa9540dc30ed5da3e	METADATA_LEAD_OBLIGATION	docs/audits/v49-exploration-higher-order-association-closure-round16b/raw/metadata-search-lead-ledger-v2.tsv	38	R16B-METADATA-LEAD:3dd8695547b81c90d49d56a5eee0056ce7968159a04e2980e7d0038628ecfc22	"{""review_status"":""METADATA_ONLY_TEXT_NOT_REVIEWED"",""rights_and_access_status"":""PENDING_LAWFUL_ACCESS_AND_RIGHTS_REVIEW"",""support_status"":""NOT_ASSOCIATION_EVIDENCE""}"	e5101de6854b5a6b0b7deb4a70efae47d406ca9643bae7a50e6fcde5866011ce	SUPERSEDED_BY_OPEN_OBLIGATION	"[""R16B-CURRENT-OBLIGATION:METADATA_TO_TEXT_REVIEW""]"	"[""docs/audits/v49-exploration-higher-order-association-closure-round16b/raw/recursive-gap-current-obligation-ledger-checkpoint012-v1.tsv""]"	CURRENT_SUCCESSOR_BLOCKS_AT_LEAST_ONE_CLOSURE	e53ccfe37f137f4e0129c27d1af62e644af06eeab54140500e2551c3f4d075b6
R16B-PRIOR-RECORD:a71a7344553596be4e4095c6915bef9ded3a796877f7ff2b2d7875a53b9b764d	METADATA_LEAD_OBLIGATION	docs/audits/v49-exploration-higher-order-association-closure-round16b/raw/metadata-search-lead-ledger-v2.tsv	93	R16B-METADATA-LEAD:427f69557c4fe18c2928062cd41e50406146f588d14f27f061386a5915c15846	"{""review_status"":""METADATA_ONLY_TEXT_NOT_REVIEWED"",""rights_and_access_status"":""PENDING_LAWFUL_ACCESS_AND_RIGHTS_REVIEW"",""support_status"":""NOT_ASSOCIATION_EVIDENCE""}"	a69bd6eb1b45e686c4c604fb256791f00bc3d7e19e8ef12185286f1f01bbee1e	SUPERSEDED_BY_OPEN_OBLIGATION	"[""R16B-CURRENT-OBLIGATION:METADATA_TO_TEXT_REVIEW""]"	"[""docs/audits/v49-exploration-higher-order-association-closure-round16b/raw/recursive-gap-current-obligation-ledger-checkpoint012-v1.tsv""]"	CURRENT_SUCCESSOR_BLOCKS_AT_LEAST_ONE_CLOSURE	4660c75d12a1958486245b933855cd1565c665a200db94256ce3dcf33d527c7e
R16B-PRIOR-RECORD:351bed891aed3d9c5cb700bc04ae848cd1a692e4b0a07f135d5d2c75013e7da3	METADATA_LEAD_OBLIGATION	docs/audits/v49-exploration-higher-order-association-closure-round16b/raw/metadata-search-lead-ledger-v2.tsv	35	R16B-METADATA-LEAD:442a50d5cf6c696cd4e013ef6399e5420922ceb4b5f316635cfdea2fc7b2b6dc	"{""review_status"":""METADATA_ONLY_TEXT_NOT_REVIEWED"",""rights_and_access_status"":""PENDING_LAWFUL_ACCESS_AND_RIGHTS_REVIEW"",""support_status"":""NOT_ASSOCIATION_EVIDENCE""}"	c3e4e87524ba1535882fe859691fecb014a4467363c9acf4e47d3dd2c64ee528	SUPERSEDED_BY_OPEN_OBLIGATION	"[""R16B-CURRENT-OBLIGATION:METADATA_TO_TEXT_REVIEW""]"	"[""docs/audits/v49-exploration-higher-order-association-closure-round16b/raw/recursive-gap-current-obligation-ledger-checkpoint012-v1.tsv""]"	CURRENT_SUCCESSOR_BLOCKS_AT_LEAST_ONE_CLOSURE	1888beba217baedd0f14ef0c8a31e4da2ab5de74cfba8e1a68b7d71a912e4c0d
R16B-PRIOR-RECORD:3e42c2be9007aa5e668ee8c7ced13f713893ac7b610522bd05d1da2c8823e8b7	METADATA_LEAD_OBLIGATION	docs/audits/v49-exploration-higher-order-association-closure-round16b/raw/metadata-search-lead-ledger-v2.tsv	65	R16B-METADATA-LEAD:4441e3b6993ab0c8717cc1ae4452a5ef55c9818c915c18653c393715980a668f	"{""review_status"":""METADATA_ONLY_TEXT_NOT_REVIEWED"",""rights_and_access_status"":""PENDING_LAWFUL_ACCESS_AND_RIGHTS_REVIEW"",""support_status"":""NOT_ASSOCIATION_EVIDENCE""}"	2a6ff54347f7eb251c98e80bfb6309673b2ef7f9b9f19bcf08801f0e569e0e22	SUPERSEDED_BY_OPEN_OBLIGATION	"[""R16B-CURRENT-OBLIGATION:METADATA_TO_TEXT_REVIEW""]"	"[""docs/audits/v49-exploration-higher-order-association-closure-round16b/raw/recursive-gap-current-obligation-ledger-checkpoint012-v1.tsv""]"	CURRENT_SUCCESSOR_BLOCKS_AT_LEAST_ONE_CLOSURE	9424fffc2084002d580fc664326375966fbb48906bb26a24121fbedeaa110e7d
R16B-PRIOR-RECORD:74b2d5a7c7c351a98ab568a63c61ea1d8a2b164be4e830d27b9a812dbaca0d79	METADATA_LEAD_OBLIGATION	docs/audits/v49-exploration-higher-order-association-closure-round16b/raw/metadata-search-lead-ledger-v2.tsv	37	R16B-METADATA-LEAD:44f6ac35b8419b14c9942194421a15759c94e7fb8f73b48fda99ef4be6c11671	"{""review_status"":""METADATA_ONLY_TEXT_NOT_REVIEWED"",""rights_and_access_status"":""PENDING_LAWFUL_ACCESS_AND_RIGHTS_REVIEW"",""support_status"":""NOT_ASSOCIATION_EVIDENCE""}"	15aec8c1ad179aa8542b7fadca6e58b21a6ea9c37aa002621b63a3244597a628	SUPERSEDED_BY_OPEN_OBLIGATION	"[""R16B-CURRENT-OBLIGATION:METADATA_TO_TEXT_REVIEW""]"	"[""docs/audits/v49-exploration-higher-order-association-closure-round16b/raw/recursive-gap-current-obligation-ledger-checkpoint012-v1.tsv""]"	CURRENT_SUCCESSOR_BLOCKS_AT_LEAST_ONE_CLOSURE	6a63838e63d283b1bb453d573f80b3698c651a70b17c2b45ce29774a51fcbaba
R16B-PRIOR-RECORD:468841b5af662a97922d6caf448d18f7142cdf6f6b4630d9eb035cd1df1b10cc	METADATA_LEAD_OBLIGATION	docs/audits/v49-exploration-higher-order-association-closure-round16b/raw/metadata-search-lead-ledger-v2.tsv	34	R16B-METADATA-LEAD:46c01908053534427093dc1549f4a1998d9e54dbae2088dcfee2de25bf61bf0c	"{""review_status"":""METADATA_ONLY_TEXT_NOT_REVIEWED"",""rights_and_access_status"":""PENDING_LAWFUL_ACCESS_AND_RIGHTS_REVIEW"",""support_status"":""NOT_ASSOCIATION_EVIDENCE""}"	3832af6bf548859741c9badbbd5bb82d6040b9b11f18dbddcffc5f919606208e	SUPERSEDED_BY_OPEN_OBLIGATION	"[""R16B-CURRENT-OBLIGATION:METADATA_TO_TEXT_REVIEW""]"	"[""docs/audits/v49-exploration-higher-order-association-closure-round16b/raw/recursive-gap-current-obligation-ledger-checkpoint012-v1.tsv""]"	CURRENT_SUCCESSOR_BLOCKS_AT_LEAST_ONE_CLOSURE	d5316c34ad3df0a8d8dc1c2f4a1c7cac962ffbfd13e82ae63b2e4dc1b8e3a9db
R16B-PRIOR-RECORD:a65d180ff12d553192e3ccf723d3a1fd8f7cf9e1665d7b7c464639794482ba24	METADATA_LEAD_OBLIGATION	docs/audits/v49-exploration-higher-order-association-closure-round16b/raw/metadata-search-lead-ledger-v2.tsv	14	R16B-METADATA-LEAD:4bd083abe2993a8161abcad1f3bdaf5dd0c1275a0ef1a53f020ebffde9f49e85	"{""review_status"":""METADATA_ONLY_TEXT_NOT_REVIEWED"",""rights_and_access_status"":""PENDING_LAWFUL_ACCESS_AND_RIGHTS_REVIEW"",""support_status"":""NOT_ASSOCIATION_EVIDENCE""}"	93296bbe93a6e0db6c0baab484d8b087ea65a41eaa570d1b9b12513e4846e173	SUPERSEDED_BY_OPEN_OBLIGATION	"[""R16B-CURRENT-OBLIGATION:METADATA_TO_TEXT_REVIEW""]"	"[""docs/audits/v49-exploration-higher-order-association-closure-round16b/raw/recursive-gap-current-obligation-ledger-checkpoint012-v1.tsv""]"	CURRENT_SUCCESSOR_BLOCKS_AT_LEAST_ONE_CLOSURE	8d508606e1bb23ddee8b74e751cd89e129cf7a12a27d0bbcd66f055c75670b84
R16B-PRIOR-RECORD:018e1fe8022e59d69e39af4a79c6021a1d6d668cad9ad5b624500a593c377ba3	METADATA_LEAD_OBLIGATION	docs/audits/v49-exploration-higher-order-association-closure-round16b/raw/metadata-search-lead-ledger-v2.tsv	11	R16B-METADATA-LEAD:4e37815d92e5104b80fe10b6734550ef8467e8b35b3387ed6513214ad83f8bd4	"{""review_status"":""METADATA_ONLY_TEXT_NOT_REVIEWED"",""rights_and_access_status"":""PENDING_LAWFUL_ACCESS_AND_RIGHTS_REVIEW"",""support_status"":""NOT_ASSOCIATION_EVIDENCE""}"	d2bfa6e8767be7d8f3653fd8fdbfde3109ab763aa8a4558900eb255776fc93af	SUPERSEDED_BY_OPEN_OBLIGATION	"[""R16B-CURRENT-OBLIGATION:METADATA_TO_TEXT_REVIEW""]"	"[""docs/audits/v49-exploration-higher-order-association-closure-round16b/raw/recursive-gap-current-obligation-ledger-checkpoint012-v1.tsv""]"	CURRENT_SUCCESSOR_BLOCKS_AT_LEAST_ONE_CLOSURE	3708e9b58d72495ee87dd5fb473873f3da7350699ce33a3d27f1e8ced8cd3070
R16B-PRIOR-RECORD:c38f6037e5ff752b41b8d904b573e0d08d60aeeed137f628463125eac4842cf4	METADATA_LEAD_OBLIGATION	docs/audits/v49-exploration-higher-order-association-closure-round16b/raw/metadata-search-lead-ledger-v2.tsv	90	R16B-METADATA-LEAD:52de047a3332e7192ea38d046efccb170ed38c7d430b794d4db35a03e69d38e0	"{""review_status"":""METADATA_ONLY_TEXT_NOT_REVIEWED"",""rights_and_access_status"":""PENDING_LAWFUL_ACCESS_AND_RIGHTS_REVIEW"",""support_status"":""NOT_ASSOCIATION_EVIDENCE""}"	52cff5c7284722daa16b3063bf163f0581569ae1c369548c1d00799763764b39	SUPERSEDED_BY_OPEN_OBLIGATION	"[""R16B-CURRENT-OBLIGATION:METADATA_TO_TEXT_REVIEW""]"	"[""docs/audits/v49-exploration-higher-order-association-closure-round16b/raw/recursive-gap-current-obligation-ledger-checkpoint012-v1.tsv""]"	CURRENT_SUCCESSOR_BLOCKS_AT_LEAST_ONE_CLOSURE	e406b9359bc22a839f6f1ee377cc6c4ecb472d276f64024921f8e04c852f092e
R16B-PRIOR-RECORD:56e0833ab33c98380886466f3b6a7c2855cd1e9d83c4d883135cd2c72540efb2	METADATA_LEAD_OBLIGATION	docs/audits/v49-exploration-higher-order-association-closure-round16b/raw/metadata-search-lead-ledger-v2.tsv	71	R16B-METADATA-LEAD:544fcc21e90adf2561ca2ec69a6c5d41df4eadfce22b097add2bc2b970cefd03	"{""review_status"":""METADATA_ONLY_TEXT_NOT_REVIEWED"",""rights_and_access_status"":""PENDING_LAWFUL_ACCESS_AND_RIGHTS_REVIEW"",""support_status"":""NOT_ASSOCIATION_EVIDENCE""}"	d90231d2e361622e73db6fc320ffee9b3f81bfc7548f23a02801dfcc34be1815	SUPERSEDED_BY_OPEN_OBLIGATION	"[""R16B-CURRENT-OBLIGATION:METADATA_TO_TEXT_REVIEW""]"	"[""docs/audits/v49-exploration-higher-order-association-closure-round16b/raw/recursive-gap-current-obligation-ledger-checkpoint012-v1.tsv""]"	CURRENT_SUCCESSOR_BLOCKS_AT_LEAST_ONE_CLOSURE	948abcad34ba2e3304a441c48ffc68a49e9fa74aba996e0034de99a9271d5fe5
R16B-PRIOR-RECORD:474196f79e882291b3ec0a95a7aecdfc3ec0b6f3a1d92db7a522d103c2fd20b7	METADATA_LEAD_OBLIGATION	docs/audits/v49-exploration-higher-order-association-closure-round16b/raw/metadata-search-lead-ledger-v2.tsv	3	R16B-METADATA-LEAD:56ba5d9bedad65feea69da6b4419ef13d041b5448b6479d0db7f6bf30f5f7205	"{""review_status"":""METADATA_ONLY_TEXT_NOT_REVIEWED"",""rights_and_access_status"":""PENDING_LAWFUL_ACCESS_AND_RIGHTS_REVIEW"",""support_status"":""NOT_ASSOCIATION_EVIDENCE""}"	66c0fdfca753abd859d3223bacfedba08d0cea1c7c11fcfd77f003e89511abd3	SUPERSEDED_BY_OPEN_OBLIGATION	"[""R16B-CURRENT-OBLIGATION:METADATA_TO_TEXT_REVIEW""]"	"[""docs/audits/v49-exploration-higher-order-association-closure-round16b/raw/recursive-gap-current-obligation-ledger-checkpoint012-v1.tsv""]"	CURRENT_SUCCESSOR_BLOCKS_AT_LEAST_ONE_CLOSURE	6f239e755472c41ad22314c813af20d0ad140740ec3ac96acbbf3128f15cb276
R16B-PRIOR-RECORD:a0f59cefe49d62df5a9c1153dcd234a66e145766cc58ef724c5f33d0e52ada73	METADATA_LEAD_OBLIGATION	docs/audits/v49-exploration-higher-order-association-closure-round16b/raw/metadata-search-lead-ledger-v2.tsv	81	R16B-METADATA-LEAD:57185fe0166ae1e0702871c5c81359e7a3014e94f2caab27c28f045aa024762b	"{""review_status"":""METADATA_ONLY_TEXT_NOT_REVIEWED"",""rights_and_access_status"":""PENDING_LAWFUL_ACCESS_AND_RIGHTS_REVIEW"",""support_status"":""NOT_ASSOCIATION_EVIDENCE""}"	0624d4653ecbc2348a6d6d0cf7389003ddebffce4fc4b3cb5e7827d59aca2d58	SUPERSEDED_BY_OPEN_OBLIGATION	"[""R16B-CURRENT-OBLIGATION:METADATA_TO_TEXT_REVIEW""]"	"[""docs/audits/v49-exploration-higher-order-association-closure-round16b/raw/recursive-gap-current-obligation-ledger-checkpoint012-v1.tsv""]"	CURRENT_SUCCESSOR_BLOCKS_AT_LEAST_ONE_CLOSURE	3b7c1f368c558e76aedef2aa7a926491cdf9b7851a00bb7c6ad6affc3ecda858
R16B-PRIOR-RECORD:df7d98fc1055c54c7aaa02556a64eef5d80656bfe07037ab16745153f3584f97	METADATA_LEAD_OBLIGATION	docs/audits/v49-exploration-higher-order-association-closure-round16b/raw/metadata-search-lead-ledger-v2.tsv	84	R16B-METADATA-LEAD:586a44163a057dce055a3afcc1cfadc6fbb0a04f606044631579519f24beb476	"{""review_status"":""METADATA_ONLY_TEXT_NOT_REVIEWED"",""rights_and_access_status"":""PENDING_LAWFUL_ACCESS_AND_RIGHTS_REVIEW"",""support_status"":""NOT_ASSOCIATION_EVIDENCE""}"	3565c68a3c7a467a5723d348c79020319c216b118df7ed90a2109128ff386398	SUPERSEDED_BY_OPEN_OBLIGATION	"[""R16B-CURRENT-OBLIGATION:METADATA_TO_TEXT_REVIEW""]"	"[""docs/audits/v49-exploration-higher-order-association-closure-round16b/raw/recursive-gap-current-obligation-ledger-checkpoint012-v1.tsv""]"	CURRENT_SUCCESSOR_BLOCKS_AT_LEAST_ONE_CLOSURE	51bcc858b055e675c03dd81e08089b936bbece565eb54317583e7305adbe8f22
R16B-PRIOR-RECORD:bdf4ba7ad28c9095b702778c722e675e4bf6dcd666bc0a6650a860828b6549c7	METADATA_LEAD_OBLIGATION	docs/audits/v49-exploration-higher-order-association-closure-round16b/raw/metadata-search-lead-ledger-v2.tsv	53	R16B-METADATA-LEAD:5948c3fd4e733f29523fe648c245f29527c1a1c757d204dc3de02711fb71f4f4	"{""review_status"":""METADATA_ONLY_TEXT_NOT_REVIEWED"",""rights_and_access_status"":""PENDING_LAWFUL_ACCESS_AND_RIGHTS_REVIEW"",""support_status"":""NOT_ASSOCIATION_EVIDENCE""}"	6c6962831b1b9c2e2f728b3f8659243e4c1c27f379e969fcd06ec46e7e00bd03	SUPERSEDED_BY_OPEN_OBLIGATION	"[""R16B-CURRENT-OBLIGATION:METADATA_TO_TEXT_REVIEW""]"	"[""docs/audits/v49-exploration-higher-order-association-closure-round16b/raw/recursive-gap-current-obligation-ledger-checkpoint012-v1.tsv""]"	CURRENT_SUCCESSOR_BLOCKS_AT_LEAST_ONE_CLOSURE	e706a4edfd64b0822f5c809f272bf9da791bba87d03323083a200b8946912458
R16B-PRIOR-RECORD:bdc9c0c5f2a1799bf048d2462368b75de54ef0c4197c5c3f01f9d50909d777f0	METADATA_LEAD_OBLIGATION	docs/audits/v49-exploration-higher-order-association-closure-round16b/raw/metadata-search-lead-ledger-v2.tsv	74	R16B-METADATA-LEAD:5bc15d9a547f3eef25c0cbadb1524377281a7116455be21ca832a76cc446ec8b	"{""review_status"":""METADATA_ONLY_TEXT_NOT_REVIEWED"",""rights_and_access_status"":""PENDING_LAWFUL_ACCESS_AND_RIGHTS_REVIEW"",""support_status"":""NOT_ASSOCIATION_EVIDENCE""}"	8b222a4527a5ed01890f683a8c5938fc11734a833a8787c311bdcafcffa4fc90	SUPERSEDED_BY_OPEN_OBLIGATION	"[""R16B-CURRENT-OBLIGATION:METADATA_TO_TEXT_REVIEW""]"	"[""docs/audits/v49-exploration-higher-order-association-closure-round16b/raw/recursive-gap-current-obligation-ledger-checkpoint012-v1.tsv""]"	CURRENT_SUCCESSOR_BLOCKS_AT_LEAST_ONE_CLOSURE	e43205585206a34552922e8bdf403359ebe0e90f23c69ad43b80c6ae16ffc93b
R16B-PRIOR-RECORD:b928f37b4a6c6f3804f9e8df3601d53867d6ad6bc9828e14aad86575facd5a98	METADATA_LEAD_OBLIGATION	docs/audits/v49-exploration-higher-order-association-closure-round16b/raw/metadata-search-lead-ledger-v2.tsv	39	R16B-METADATA-LEAD:5e2c6e7e0d0c852864c5feae50a52a84d02d25182cbc0ae6dbb4c6bf28537663	"{""review_status"":""METADATA_ONLY_TEXT_NOT_REVIEWED"",""rights_and_access_status"":""PENDING_LAWFUL_ACCESS_AND_RIGHTS_REVIEW"",""support_status"":""NOT_ASSOCIATION_EVIDENCE""}"	fb31c35a6f901f2420860d5eee9741da81ab3bb4f4706b814b0dbbfb3ba2a313	SUPERSEDED_BY_OPEN_OBLIGATION	"[""R16B-CURRENT-OBLIGATION:METADATA_TO_TEXT_REVIEW""]"	"[""docs/audits/v49-exploration-higher-order-association-closure-round16b/raw/recursive-gap-current-obligation-ledger-checkpoint012-v1.tsv""]"	CURRENT_SUCCESSOR_BLOCKS_AT_LEAST_ONE_CLOSURE	b02f8158c83d1710a8810d751f6691aa1dfd8e9386ffe91c747aa2bd964f1fbf
R16B-PRIOR-RECORD:68e15db657c5fb177eee4b039a0844f2e5c9bced0b4abf4776f8fecb594ebd3a	METADATA_LEAD_OBLIGATION	docs/audits/v49-exploration-higher-order-association-closure-round16b/raw/metadata-search-lead-ledger-v2.tsv	85	R16B-METADATA-LEAD:5eca9737292750670c63608001551685755e71c5b26bcaf0cc5276596e7d5d7f	"{""review_status"":""METADATA_ONLY_TEXT_NOT_REVIEWED"",""rights_and_access_status"":""PENDING_LAWFUL_ACCESS_AND_RIGHTS_REVIEW"",""support_status"":""NOT_ASSOCIATION_EVIDENCE""}"	7bddb313d240d9272fa0f57d8995874ff84e5b33a9a910710091fda30cee1f2e	SUPERSEDED_BY_OPEN_OBLIGATION	"[""R16B-CURRENT-OBLIGATION:METADATA_TO_TEXT_REVIEW""]"	"[""docs/audits/v49-exploration-higher-order-association-closure-round16b/raw/recursive-gap-current-obligation-ledger-checkpoint012-v1.tsv""]"	CURRENT_SUCCESSOR_BLOCKS_AT_LEAST_ONE_CLOSURE	c4c423cf1c92ce7bb557295d117b9d941db4ebe5010bf8893ae251d0f8e998dd
R16B-PRIOR-RECORD:f95c9a155ada33a3ae17718b87893a112042f4f187ff13639a69e648cc2d44d1	METADATA_LEAD_OBLIGATION	docs/audits/v49-exploration-higher-order-association-closure-round16b/raw/metadata-search-lead-ledger-v2.tsv	55	R16B-METADATA-LEAD:62be79882f43b2546759bb5b925789ca3bcb965bbf8c9ce709b90bf8eeb4ba0b	"{""review_status"":""METADATA_ONLY_TEXT_NOT_REVIEWED"",""rights_and_access_status"":""PENDING_LAWFUL_ACCESS_AND_RIGHTS_REVIEW"",""support_status"":""NOT_ASSOCIATION_EVIDENCE""}"	657d9102900c527e56f85f2a9e59ad518fb5303987484c9bc4aa5aad4086dd03	SUPERSEDED_BY_OPEN_OBLIGATION	"[""R16B-CURRENT-OBLIGATION:METADATA_TO_TEXT_REVIEW""]"	"[""docs/audits/v49-exploration-higher-order-association-closure-round16b/raw/recursive-gap-current-obligation-ledger-checkpoint012-v1.tsv""]"	CURRENT_SUCCESSOR_BLOCKS_AT_LEAST_ONE_CLOSURE	a31d6b604b3507a04ff2c142223b5f9ce9933ad85d83297e165c281d23caf348
R16B-PRIOR-RECORD:d6321c91a7f4c8316672a5fbcbd7f90b46ec8e7f88f453f8cf2f87c0421a68aa	METADATA_LEAD_OBLIGATION	docs/audits/v49-exploration-higher-order-association-closure-round16b/raw/metadata-search-lead-ledger-v2.tsv	73	R16B-METADATA-LEAD:64159518387889c0390610946d9ed4f0963f750a94b8f3d8d2e7207e682d56fe	"{""review_status"":""METADATA_ONLY_TEXT_NOT_REVIEWED"",""rights_and_access_status"":""PENDING_LAWFUL_ACCESS_AND_RIGHTS_REVIEW"",""support_status"":""NOT_ASSOCIATION_EVIDENCE""}"	65c486936d96bcff3704123331d6075cf276e955309e207f7855043fa8bb900c	SUPERSEDED_BY_OPEN_OBLIGATION	"[""R16B-CURRENT-OBLIGATION:METADATA_TO_TEXT_REVIEW""]"	"[""docs/audits/v49-exploration-higher-order-association-closure-round16b/raw/recursive-gap-current-obligation-ledger-checkpoint012-v1.tsv""]"	CURRENT_SUCCESSOR_BLOCKS_AT_LEAST_ONE_CLOSURE	7da787cc0ca2fb2f55ac243315be4bd86f40770f3d3f28d66b7a4d1ba91449c5
R16B-PRIOR-RECORD:11e895179f0df56b6af3877890b0f5279b7c18fec3dbfa2b60377361935ceaf4	METADATA_LEAD_OBLIGATION	docs/audits/v49-exploration-higher-order-association-closure-round16b/raw/metadata-search-lead-ledger-v2.tsv	83	R16B-METADATA-LEAD:653e5f716ba4438b1fade11bbe83a6410850d8e94291c9455da6c79a24e2fa60	"{""review_status"":""METADATA_ONLY_TEXT_NOT_REVIEWED"",""rights_and_access_status"":""PENDING_LAWFUL_ACCESS_AND_RIGHTS_REVIEW"",""support_status"":""NOT_ASSOCIATION_EVIDENCE""}"	556f6bb505e7c846dbd3337f1438713e90743e6803e9f63d321e71584d51b07a	SUPERSEDED_BY_OPEN_OBLIGATION	"[""R16B-CURRENT-OBLIGATION:METADATA_TO_TEXT_REVIEW""]"	"[""docs/audits/v49-exploration-higher-order-association-closure-round16b/raw/recursive-gap-current-obligation-ledger-checkpoint012-v1.tsv""]"	CURRENT_SUCCESSOR_BLOCKS_AT_LEAST_ONE_CLOSURE	b0e04ca002508492f11b8c53bae7cb8a166c2aee543be253d626620e335aee9a
R16B-PRIOR-RECORD:acdf3c6fe4144d981e36d5d055e2786e9568dfdd63ee2daa412b2f4220c8f7ff	METADATA_LEAD_OBLIGATION	docs/audits/v49-exploration-higher-order-association-closure-round16b/raw/metadata-search-lead-ledger-v2.tsv	94	R16B-METADATA-LEAD:66ed0f25ed36f505ce25e93fbee578e2f2727e87636b4b2e989707c919d28a7b	"{""review_status"":""METADATA_ONLY_TEXT_NOT_REVIEWED"",""rights_and_access_status"":""PENDING_LAWFUL_ACCESS_AND_RIGHTS_REVIEW"",""support_status"":""NOT_ASSOCIATION_EVIDENCE""}"	4ad16edf94e4fd6f45a4729c96ac82dcf0b0cc59f83744354df7ddaea0a74e6a	SUPERSEDED_BY_OPEN_OBLIGATION	"[""R16B-CURRENT-OBLIGATION:METADATA_TO_TEXT_REVIEW""]"	"[""docs/audits/v49-exploration-higher-order-association-closure-round16b/raw/recursive-gap-current-obligation-ledger-checkpoint012-v1.tsv""]"	CURRENT_SUCCESSOR_BLOCKS_AT_LEAST_ONE_CLOSURE	9026f03a9160e7359dd3c04b62c2f1f69871e1f521cab007fed95268516c33d9
R16B-PRIOR-RECORD:480006206e3a49951541553a43d7db25a0146fca25153170e6443621bb1c9cb0	METADATA_LEAD_OBLIGATION	docs/audits/v49-exploration-higher-order-association-closure-round16b/raw/metadata-search-lead-ledger-v2.tsv	58	R16B-METADATA-LEAD:684f98a3742fd60a77d8cdca676ad58ceac6b97d3297d7d2a3863aa8b3273a27	"{""review_status"":""METADATA_ONLY_TEXT_NOT_REVIEWED"",""rights_and_access_status"":""PENDING_LAWFUL_ACCESS_AND_RIGHTS_REVIEW"",""support_status"":""NOT_ASSOCIATION_EVIDENCE""}"	c6bf9bb0fbe3f29db94c9b1e0fa4eef468b1426d131a8c6909421f077c0c1c0a	SUPERSEDED_BY_OPEN_OBLIGATION	"[""R16B-CURRENT-OBLIGATION:METADATA_TO_TEXT_REVIEW""]"	"[""docs/audits/v49-exploration-higher-order-association-closure-round16b/raw/recursive-gap-current-obligation-ledger-checkpoint012-v1.tsv""]"	CURRENT_SUCCESSOR_BLOCKS_AT_LEAST_ONE_CLOSURE	aaa6fb7c27a8f4a420d89d5eded1330ae496b8d9f0babd8d2ae1a5243b84c2dc
R16B-PRIOR-RECORD:7da680bcec8ed8b9a81de60910f4653fee40f22d8f377a7943b6113481122713	METADATA_LEAD_OBLIGATION	docs/audits/v49-exploration-higher-order-association-closure-round16b/raw/metadata-search-lead-ledger-v2.tsv	91	R16B-METADATA-LEAD:696388c2fbd8047ac5f48bfd231cd852785124b3b97310b2eb0fceeb70de540f	"{""review_status"":""METADATA_ONLY_TEXT_NOT_REVIEWED"",""rights_and_access_status"":""PENDING_LAWFUL_ACCESS_AND_RIGHTS_REVIEW"",""support_status"":""NOT_ASSOCIATION_EVIDENCE""}"	2c5399459f9597caff48eb6602c83ebeadf15ec0e95c645108aaeacaad55c73e	SUPERSEDED_BY_OPEN_OBLIGATION	"[""R16B-CURRENT-OBLIGATION:METADATA_TO_TEXT_REVIEW""]"	"[""docs/audits/v49-exploration-higher-order-association-closure-round16b/raw/recursive-gap-current-obligation-ledger-checkpoint012-v1.tsv""]"	CURRENT_SUCCESSOR_BLOCKS_AT_LEAST_ONE_CLOSURE	94d2db75c220eb0abc3a815743d72454a5ee5fda88fed26e147420dbff173550
R16B-PRIOR-RECORD:ff066c4b809b1d994ed9d38781cf21a4e9ac3136c60c14a71f093306a366e573	METADATA_LEAD_OBLIGATION	docs/audits/v49-exploration-higher-order-association-closure-round16b/raw/metadata-search-lead-ledger-v2.tsv	77	R16B-METADATA-LEAD:6a5312bc2b24e742bae94e88728c26657ed080fa9f3ac9b36264a7a993325826	"{""review_status"":""METADATA_ONLY_TEXT_NOT_REVIEWED"",""rights_and_access_status"":""PENDING_LAWFUL_ACCESS_AND_RIGHTS_REVIEW"",""support_status"":""NOT_ASSOCIATION_EVIDENCE""}"	330eed49d71cfd4c8111d16f8f313fbfa7c50ddadde2102b3089a18eca223b79	SUPERSEDED_BY_OPEN_OBLIGATION	"[""R16B-CURRENT-OBLIGATION:METADATA_TO_TEXT_REVIEW""]"	"[""docs/audits/v49-exploration-higher-order-association-closure-round16b/raw/recursive-gap-current-obligation-ledger-checkpoint012-v1.tsv""]"	CURRENT_SUCCESSOR_BLOCKS_AT_LEAST_ONE_CLOSURE	43bfac1a629f0d06f6dbac19afb7de7a068831f85d961e3792c7d965dc0f5f87
R16B-PRIOR-RECORD:f852869940fb5cc7432db22729e29749ac30894947fd908429f8855d5ccf68b1	METADATA_LEAD_OBLIGATION	docs/audits/v49-exploration-higher-order-association-closure-round16b/raw/metadata-search-lead-ledger-v2.tsv	64	R16B-METADATA-LEAD:6c3bc0dd5561324c821c613f5c7a97c579418c087c93f97048da6fbac783d445	"{""review_status"":""METADATA_ONLY_TEXT_NOT_REVIEWED"",""rights_and_access_status"":""PENDING_LAWFUL_ACCESS_AND_RIGHTS_REVIEW"",""support_status"":""NOT_ASSOCIATION_EVIDENCE""}"	164b6c873a556049169f54b8d99cded305699477ceced63b750e102ae7ff72ae	SUPERSEDED_BY_OPEN_OBLIGATION	"[""R16B-CURRENT-OBLIGATION:METADATA_TO_TEXT_REVIEW""]"	"[""docs/audits/v49-exploration-higher-order-association-closure-round16b/raw/recursive-gap-current-obligation-ledger-checkpoint012-v1.tsv""]"	CURRENT_SUCCESSOR_BLOCKS_AT_LEAST_ONE_CLOSURE	922ac6c809858094ec99e25aa20b93351d2f8f8b9919514fd10a98a432a160ac
R16B-PRIOR-RECORD:d87b0d21428390276d851d0ab068fd0939270856fa2142645659eb93c07b6ea7	METADATA_LEAD_OBLIGATION	docs/audits/v49-exploration-higher-order-association-closure-round16b/raw/metadata-search-lead-ledger-v2.tsv	102	R16B-METADATA-LEAD:6c7e0afd6e5ff747576c460e3ddeb97821370e1d675a40c90998bec36ab6006d	"{""review_status"":""METADATA_ONLY_TEXT_NOT_REVIEWED"",""rights_and_access_status"":""PENDING_LAWFUL_ACCESS_AND_RIGHTS_REVIEW"",""support_status"":""NOT_ASSOCIATION_EVIDENCE""}"	fd834c2ed7b5f9b03e56f7566f20db678fc4e1966ea57446708582e679c9ca78	SUPERSEDED_BY_OPEN_OBLIGATION	"[""R16B-CURRENT-OBLIGATION:METADATA_TO_TEXT_REVIEW""]"	"[""docs/audits/v49-exploration-higher-order-association-closure-round16b/raw/recursive-gap-current-obligation-ledger-checkpoint012-v1.tsv""]"	CURRENT_SUCCESSOR_BLOCKS_AT_LEAST_ONE_CLOSURE	09d583276380ba7dffe6c49e4f5f82bfb8daa51e6d8ec04ed40206d31d82dd30
R16B-PRIOR-RECORD:7ad506623cb4a6973c3e0fcebbf6a148d3347cd001f5ac4b7d31696c29b1b5a7	METADATA_LEAD_OBLIGATION	docs/audits/v49-exploration-higher-order-association-closure-round16b/raw/metadata-search-lead-ledger-v2.tsv	72	R16B-METADATA-LEAD:6e6eddab3b9b6ac2bb8155ca6602b44005e31b7604b08c9034ed58ba3db8882a	"{""review_status"":""METADATA_ONLY_TEXT_NOT_REVIEWED"",""rights_and_access_status"":""PENDING_LAWFUL_ACCESS_AND_RIGHTS_REVIEW"",""support_status"":""NOT_ASSOCIATION_EVIDENCE""}"	287339127f6ce7352a40846ab4dbefaa56ffa263368241c4a70a5daf6b48cc65	SUPERSEDED_BY_OPEN_OBLIGATION	"[""R16B-CURRENT-OBLIGATION:METADATA_TO_TEXT_REVIEW""]"	"[""docs/audits/v49-exploration-higher-order-association-closure-round16b/raw/recursive-gap-current-obligation-ledger-checkpoint012-v1.tsv""]"	CURRENT_SUCCESSOR_BLOCKS_AT_LEAST_ONE_CLOSURE	3fa9a1b549fcad8b0d17f81c9b9095ebcad6bce0817445a924f0b0cf848a285e
R16B-PRIOR-RECORD:2d9dec3a7421aff9ac88b8e0fdc85843e83f533010fc7addb2344b1bb260360d	METADATA_LEAD_OBLIGATION	docs/audits/v49-exploration-higher-order-association-closure-round16b/raw/metadata-search-lead-ledger-v2.tsv	86	R16B-METADATA-LEAD:71ee12e7816e97489da8ee8edd34fc83512b7e87af7f6de4faa7507d173eee7f	"{""review_status"":""METADATA_ONLY_TEXT_NOT_REVIEWED"",""rights_and_access_status"":""PENDING_LAWFUL_ACCESS_AND_RIGHTS_REVIEW"",""support_status"":""NOT_ASSOCIATION_EVIDENCE""}"	83bc226582631bff54d57adb5d163557bdbee2ccb6b0b52d6306ae25b0b4c1cc	SUPERSEDED_BY_OPEN_OBLIGATION	"[""R16B-CURRENT-OBLIGATION:METADATA_TO_TEXT_REVIEW""]"	"[""docs/audits/v49-exploration-higher-order-association-closure-round16b/raw/recursive-gap-current-obligation-ledger-checkpoint012-v1.tsv""]"	CURRENT_SUCCESSOR_BLOCKS_AT_LEAST_ONE_CLOSURE	9b40003fa4b4c028412c4ac6e1ce19bea11ade938f9b1a70232e51b7effc8554
R16B-PRIOR-RECORD:a9557cdc91e72658585f8e717df35a1362ac3f2af718444f15d94721a0b24d2f	METADATA_LEAD_OBLIGATION	docs/audits/v49-exploration-higher-order-association-closure-round16b/raw/metadata-search-lead-ledger-v2.tsv	67	R16B-METADATA-LEAD:7820ba00d4aea49a0ee6220701d44526814e6382e94d8c5ff18274ef54d4c62a	"{""review_status"":""METADATA_ONLY_TEXT_NOT_REVIEWED"",""rights_and_access_status"":""PENDING_LAWFUL_ACCESS_AND_RIGHTS_REVIEW"",""support_status"":""NOT_ASSOCIATION_EVIDENCE""}"	f19a89c5586b5ce5efc982d7a352bcffdf34dc4e10915b82dc50bb43b08c649e	SUPERSEDED_BY_OPEN_OBLIGATION	"[""R16B-CURRENT-OBLIGATION:METADATA_TO_TEXT_REVIEW""]"	"[""docs/audits/v49-exploration-higher-order-association-closure-round16b/raw/recursive-gap-current-obligation-ledger-checkpoint012-v1.tsv""]"	CURRENT_SUCCESSOR_BLOCKS_AT_LEAST_ONE_CLOSURE	ff15be1483fb5770b4262e6774285ea443951266f65f78ccde91d3f652b9617d
R16B-PRIOR-RECORD:0369ff6ce196c2cd38b923e0c04d1381ce0533388d1754125248d11d0c4571b6	METADATA_LEAD_OBLIGATION	docs/audits/v49-exploration-higher-order-association-closure-round16b/raw/metadata-search-lead-ledger-v2.tsv	28	R16B-METADATA-LEAD:7fa7cd47f98c1230ea844b10bea38c2b8c230323adbcea7205dd913ab462eaac	"{""review_status"":""METADATA_ONLY_TEXT_NOT_REVIEWED"",""rights_and_access_status"":""PENDING_LAWFUL_ACCESS_AND_RIGHTS_REVIEW"",""support_status"":""NOT_ASSOCIATION_EVIDENCE""}"	21a1d320aa7a09edb5726c29e96eb0dc3396080f293c7c5851a9addcc7796cba	SUPERSEDED_BY_OPEN_OBLIGATION	"[""R16B-CURRENT-OBLIGATION:METADATA_TO_TEXT_REVIEW""]"	"[""docs/audits/v49-exploration-higher-order-association-closure-round16b/raw/recursive-gap-current-obligation-ledger-checkpoint012-v1.tsv""]"	CURRENT_SUCCESSOR_BLOCKS_AT_LEAST_ONE_CLOSURE	252ae836425b052323b51583b72832d96a80ae285a7d15e5621747cfa3961cc9
R16B-PRIOR-RECORD:f3ac1b577ff978ccd9784371af722ce85357fd6ca4f144e601e38bc39d59d781	METADATA_LEAD_OBLIGATION	docs/audits/v49-exploration-higher-order-association-closure-round16b/raw/metadata-search-lead-ledger-v2.tsv	27	R16B-METADATA-LEAD:86eeb10fbb1caddcf8fbd3595fd781148cdf15f0555941ba9a9a03b39c00218d	"{""review_status"":""METADATA_ONLY_TEXT_NOT_REVIEWED"",""rights_and_access_status"":""PENDING_LAWFUL_ACCESS_AND_RIGHTS_REVIEW"",""support_status"":""NOT_ASSOCIATION_EVIDENCE""}"	7e30cb0eb85441b4d4cf83c0c81edeaa008b5de012d6d9cb00644db4fbb87dbf	SUPERSEDED_BY_OPEN_OBLIGATION	"[""R16B-CURRENT-OBLIGATION:METADATA_TO_TEXT_REVIEW""]"	"[""docs/audits/v49-exploration-higher-order-association-closure-round16b/raw/recursive-gap-current-obligation-ledger-checkpoint012-v1.tsv""]"	CURRENT_SUCCESSOR_BLOCKS_AT_LEAST_ONE_CLOSURE	c6a487220ff155815e39e9837c9ac3bce68ddd40efe0c2f0da31806803a980ef
R16B-PRIOR-RECORD:119a13d5720a2ba397b78d50906da54e996951d033b00514024f10ef23ecdd3a	METADATA_LEAD_OBLIGATION	docs/audits/v49-exploration-higher-order-association-closure-round16b/raw/metadata-search-lead-ledger-v2.tsv	79	R16B-METADATA-LEAD:87a499fff393759e18fc3062c85a6feca5594fbd6f2109761fe183048b299950	"{""review_status"":""METADATA_ONLY_TEXT_NOT_REVIEWED"",""rights_and_access_status"":""PENDING_LAWFUL_ACCESS_AND_RIGHTS_REVIEW"",""support_status"":""NOT_ASSOCIATION_EVIDENCE""}"	ef042e6c90ce6ee70fabacd67675af080eafde5d46a7a24c1be63650e00d8f97	SUPERSEDED_BY_OPEN_OBLIGATION	"[""R16B-CURRENT-OBLIGATION:METADATA_TO_TEXT_REVIEW""]"	"[""docs/audits/v49-exploration-higher-order-association-closure-round16b/raw/recursive-gap-current-obligation-ledger-checkpoint012-v1.tsv""]"	CURRENT_SUCCESSOR_BLOCKS_AT_LEAST_ONE_CLOSURE	6f1b02da0ffc2ec156660b850c01a4718c30ed6c73ef643ca3df95dcc792bb46
R16B-PRIOR-RECORD:fb42e50aa42e8a8bfb428eb52a4acac636ac96dfd68cfa11320eef578eb5743c	METADATA_LEAD_OBLIGATION	docs/audits/v49-exploration-higher-order-association-closure-round16b/raw/metadata-search-lead-ledger-v2.tsv	6	R16B-METADATA-LEAD:8c48d24d7244436d681db9f748a78282f0f1f2c5bc3d0fd10d70264e7b48350b	"{""review_status"":""METADATA_ONLY_TEXT_NOT_REVIEWED"",""rights_and_access_status"":""PENDING_LAWFUL_ACCESS_AND_RIGHTS_REVIEW"",""support_status"":""NOT_ASSOCIATION_EVIDENCE""}"	b990e43ddd5167805f965a4a3f8bfe89bad6c7d21b2e7b8f2b6ef40bd3fcaba7	SUPERSEDED_BY_OPEN_OBLIGATION	"[""R16B-CURRENT-OBLIGATION:METADATA_TO_TEXT_REVIEW""]"	"[""docs/audits/v49-exploration-higher-order-association-closure-round16b/raw/recursive-gap-current-obligation-ledger-checkpoint012-v1.tsv""]"	CURRENT_SUCCESSOR_BLOCKS_AT_LEAST_ONE_CLOSURE	6b813f2d74c665604529ed5bd4b78e6f822958d0f577a5384a877f9dd1074074
R16B-PRIOR-RECORD:5aea942518fb384cd94decd0e2a2b484329cebd1f34320e55a2640ee8bd3149a	METADATA_LEAD_OBLIGATION	docs/audits/v49-exploration-higher-order-association-closure-round16b/raw/metadata-search-lead-ledger-v2.tsv	63	R16B-METADATA-LEAD:8f569dd7882fefdda004ef4ddf2fc730070e3064ea332a1f1b1d7b82a2ca4e59	"{""review_status"":""METADATA_ONLY_TEXT_NOT_REVIEWED"",""rights_and_access_status"":""PENDING_LAWFUL_ACCESS_AND_RIGHTS_REVIEW"",""support_status"":""NOT_ASSOCIATION_EVIDENCE""}"	3a1bbf2c4813f3d0a30b8bc4fc9c48ecbc8b5993916162a3cc7513d7c8ca2772	SUPERSEDED_BY_OPEN_OBLIGATION	"[""R16B-CURRENT-OBLIGATION:METADATA_TO_TEXT_REVIEW""]"	"[""docs/audits/v49-exploration-higher-order-association-closure-round16b/raw/recursive-gap-current-obligation-ledger-checkpoint012-v1.tsv""]"	CURRENT_SUCCESSOR_BLOCKS_AT_LEAST_ONE_CLOSURE	26cd87fb0ea31c6bb9113f3de45fd7f6ea81776fdbcd1ad5bf43be3314f16e27
R16B-PRIOR-RECORD:8d1d020a149bd9fd94c78f1c5bfb1bbc3d34d3c465a35452eae350d866769ee7	METADATA_LEAD_OBLIGATION	docs/audits/v49-exploration-higher-order-association-closure-round16b/raw/metadata-search-lead-ledger-v2.tsv	69	R16B-METADATA-LEAD:9449192cb47ebadc405c6fc35c84f56123670cdc4e94d41dbba6fa3845be2490	"{""review_status"":""METADATA_ONLY_TEXT_NOT_REVIEWED"",""rights_and_access_status"":""PENDING_LAWFUL_ACCESS_AND_RIGHTS_REVIEW"",""support_status"":""NOT_ASSOCIATION_EVIDENCE""}"	69f955f8c4b7d242dc24673aaa4e0ee3c87fd9175e357cfb35fa14981908ff85	SUPERSEDED_BY_OPEN_OBLIGATION	"[""R16B-CURRENT-OBLIGATION:METADATA_TO_TEXT_REVIEW""]"	"[""docs/audits/v49-exploration-higher-order-association-closure-round16b/raw/recursive-gap-current-obligation-ledger-checkpoint012-v1.tsv""]"	CURRENT_SUCCESSOR_BLOCKS_AT_LEAST_ONE_CLOSURE	ca912280cfcb92dd56b7d6054e1b7773bb0b6fdaf63fc6692b9d1a9bcfc4bc4c
R16B-PRIOR-RECORD:a67b3f6f0ead6aa9fe19c1901b67ae94711623fff7aa1c90687a835bf03f8826	METADATA_LEAD_OBLIGATION	docs/audits/v49-exploration-higher-order-association-closure-round16b/raw/metadata-search-lead-ledger-v2.tsv	12	R16B-METADATA-LEAD:983db0d9b65552d7499fd4a6cf8062af8a7eae78d34fa7593c1e58affaa33750	"{""review_status"":""METADATA_ONLY_TEXT_NOT_REVIEWED"",""rights_and_access_status"":""PENDING_LAWFUL_ACCESS_AND_RIGHTS_REVIEW"",""support_status"":""NOT_ASSOCIATION_EVIDENCE""}"	2fdca2e4028e52144978f61dc9fc2fc3428033d67f8c835843e9b5a70b7650d0	SUPERSEDED_BY_OPEN_OBLIGATION	"[""R16B-CURRENT-OBLIGATION:METADATA_TO_TEXT_REVIEW""]"	"[""docs/audits/v49-exploration-higher-order-association-closure-round16b/raw/recursive-gap-current-obligation-ledger-checkpoint012-v1.tsv""]"	CURRENT_SUCCESSOR_BLOCKS_AT_LEAST_ONE_CLOSURE	b60f19f933aff07df36f4b2b6da36e1cacc77a9b89d6802a30a494f02ddba2f3
R16B-PRIOR-RECORD:fed746e92145c5ddd6cf291b046d84de961f61605c96eeb49251566fb6ea3334	METADATA_LEAD_OBLIGATION	docs/audits/v49-exploration-higher-order-association-closure-round16b/raw/metadata-search-lead-ledger-v2.tsv	96	R16B-METADATA-LEAD:9c2bb5a831999a9a0bcfa28cb2a280849324a5a5a72dac1eae82e5f0b0538f97	"{""review_status"":""METADATA_ONLY_TEXT_NOT_REVIEWED"",""rights_and_access_status"":""PENDING_LAWFUL_ACCESS_AND_RIGHTS_REVIEW"",""support_status"":""NOT_ASSOCIATION_EVIDENCE""}"	22d55c250fc4581a43ec69ba4d59af7d7383671e5df9b1ac99c6995beaeeb0e1	SUPERSEDED_BY_OPEN_OBLIGATION	"[""R16B-CURRENT-OBLIGATION:METADATA_TO_TEXT_REVIEW""]"	"[""docs/audits/v49-exploration-higher-order-association-closure-round16b/raw/recursive-gap-current-obligation-ledger-checkpoint012-v1.tsv""]"	CURRENT_SUCCESSOR_BLOCKS_AT_LEAST_ONE_CLOSURE	68559014424a09bfd9fa9a7b11135454414be8a256dff9b5489bd791c0c6d228
R16B-PRIOR-RECORD:7b899395b60e0197131681023c982b07bf1fd010ce1147a1a5e7821cdb768c88	METADATA_LEAD_OBLIGATION	docs/audits/v49-exploration-higher-order-association-closure-round16b/raw/metadata-search-lead-ledger-v2.tsv	36	R16B-METADATA-LEAD:9c8c86e6f2a33d3456c37eaeb17a2e32a1f54a71f2908f57afb8fca99aa073d3	"{""review_status"":""METADATA_ONLY_TEXT_NOT_REVIEWED"",""rights_and_access_status"":""PENDING_LAWFUL_ACCESS_AND_RIGHTS_REVIEW"",""support_status"":""NOT_ASSOCIATION_EVIDENCE""}"	613981205052f2dc2f87b19b246398cfdcae8224f5d2659258928de26f7409f8	SUPERSEDED_BY_OPEN_OBLIGATION	"[""R16B-CURRENT-OBLIGATION:METADATA_TO_TEXT_REVIEW""]"	"[""docs/audits/v49-exploration-higher-order-association-closure-round16b/raw/recursive-gap-current-obligation-ledger-checkpoint012-v1.tsv""]"	CURRENT_SUCCESSOR_BLOCKS_AT_LEAST_ONE_CLOSURE	3c9c7271df72c4f084a44265634572690ae9d8f1c002150e76911a2ddce18b4e
R16B-PRIOR-RECORD:0ff8ff3e099a85a8233b89652f0f24a338997ceff044c93d750a225e0007aeb7	METADATA_LEAD_OBLIGATION	docs/audits/v49-exploration-higher-order-association-closure-round16b/raw/metadata-search-lead-ledger-v2.tsv	100	R16B-METADATA-LEAD:9d2d6c6ef9935545e62fcff2218cd7313309dd0d2087888069a8bf4e8dc13119	"{""review_status"":""METADATA_ONLY_TEXT_NOT_REVIEWED"",""rights_and_access_status"":""PENDING_LAWFUL_ACCESS_AND_RIGHTS_REVIEW"",""support_status"":""NOT_ASSOCIATION_EVIDENCE""}"	47ecfac01089139bfcac8e521b6905157a81814bb5a2538b774bb19d1d6481bd	SUPERSEDED_BY_OPEN_OBLIGATION	"[""R16B-CURRENT-OBLIGATION:METADATA_TO_TEXT_REVIEW""]"	"[""docs/audits/v49-exploration-higher-order-association-closure-round16b/raw/recursive-gap-current-obligation-ledger-checkpoint012-v1.tsv""]"	CURRENT_SUCCESSOR_BLOCKS_AT_LEAST_ONE_CLOSURE	9a8c4f17238916959aeec187fcbb373d5ba8b6b37de70801a7cf51d8e2a62ca5
R16B-PRIOR-RECORD:3b44abb122af1a901ba918cefee14095722aa18e0f8ffaecb52d3e7b72d3158d	METADATA_LEAD_OBLIGATION	docs/audits/v49-exploration-higher-order-association-closure-round16b/raw/metadata-search-lead-ledger-v2.tsv	43	R16B-METADATA-LEAD:a1ad4775933588334efb098e739da63af18e138cb592b7402161702d43089169	"{""review_status"":""METADATA_ONLY_TEXT_NOT_REVIEWED"",""rights_and_access_status"":""PENDING_LAWFUL_ACCESS_AND_RIGHTS_REVIEW"",""support_status"":""NOT_ASSOCIATION_EVIDENCE""}"	a10aa88e0dab50683508e91e14b1038cd13c8f2458687bfa161f55d116ed8b3c	SUPERSEDED_BY_OPEN_OBLIGATION	"[""R16B-CURRENT-OBLIGATION:METADATA_TO_TEXT_REVIEW""]"	"[""docs/audits/v49-exploration-higher-order-association-closure-round16b/raw/recursive-gap-current-obligation-ledger-checkpoint012-v1.tsv""]"	CURRENT_SUCCESSOR_BLOCKS_AT_LEAST_ONE_CLOSURE	5f001d45a44c818ffcdaedd2c0f996416223d252319037d8ac4d1f278169cd0d
R16B-PRIOR-RECORD:ffddfce7a8d788cbe87d5b2c3f59071474ee8c18682520bf843683f7d1c25f97	METADATA_LEAD_OBLIGATION	docs/audits/v49-exploration-higher-order-association-closure-round16b/raw/metadata-search-lead-ledger-v2.tsv	48	R16B-METADATA-LEAD:a4a61e5a7413211276cac37eea5b98c11cbcedc4979605869a2c961f5ffa8f0b	"{""review_status"":""METADATA_ONLY_TEXT_NOT_REVIEWED"",""rights_and_access_status"":""PENDING_LAWFUL_ACCESS_AND_RIGHTS_REVIEW"",""support_status"":""NOT_ASSOCIATION_EVIDENCE""}"	8a4aeddc6b2fddc5b80f48a01666f2d26f55184a16b469e8fa9abb6771e1d336	SUPERSEDED_BY_OPEN_OBLIGATION	"[""R16B-CURRENT-OBLIGATION:METADATA_TO_TEXT_REVIEW""]"	"[""docs/audits/v49-exploration-higher-order-association-closure-round16b/raw/recursive-gap-current-obligation-ledger-checkpoint012-v1.tsv""]"	CURRENT_SUCCESSOR_BLOCKS_AT_LEAST_ONE_CLOSURE	bfc205ee0a25980b5226419e0bf0ec2539ab1a84c404b0954805e6df5f970800
R16B-PRIOR-RECORD:2ee4c4f0a4e2a4993f0845bc23a3ad58bfcc90cab392b8066193286e5d176974	METADATA_LEAD_OBLIGATION	docs/audits/v49-exploration-higher-order-association-closure-round16b/raw/metadata-search-lead-ledger-v2.tsv	97	R16B-METADATA-LEAD:a53fec05b3e6a1a2de3a0c2a74359c72a6b72c6782cfc01e9d167fc589493ca1	"{""review_status"":""METADATA_ONLY_TEXT_NOT_REVIEWED"",""rights_and_access_status"":""PENDING_LAWFUL_ACCESS_AND_RIGHTS_REVIEW"",""support_status"":""NOT_ASSOCIATION_EVIDENCE""}"	5d23c78bbac36dbc36c28a9560e60b2a4959969b43436a82f8e75cdfe9a19ba1	SUPERSEDED_BY_OPEN_OBLIGATION	"[""R16B-CURRENT-OBLIGATION:METADATA_TO_TEXT_REVIEW""]"	"[""docs/audits/v49-exploration-higher-order-association-closure-round16b/raw/recursive-gap-current-obligation-ledger-checkpoint012-v1.tsv""]"	CURRENT_SUCCESSOR_BLOCKS_AT_LEAST_ONE_CLOSURE	06ff352e0ea74cc82bcb628dba5eac8b6b65424f9d229e1a32f0c38be038da24
R16B-PRIOR-RECORD:83887eca62b2b26b0434ae43fd078e764753a9f087b4db6e1e5a6adb4b3dbad0	METADATA_LEAD_OBLIGATION	docs/audits/v49-exploration-higher-order-association-closure-round16b/raw/metadata-search-lead-ledger-v2.tsv	92	R16B-METADATA-LEAD:a57156768b4d6ea77c9fcd30c7afe87be3c8a160e6474b2a838bfed2a8aac382	"{""review_status"":""METADATA_ONLY_TEXT_NOT_REVIEWED"",""rights_and_access_status"":""PENDING_LAWFUL_ACCESS_AND_RIGHTS_REVIEW"",""support_status"":""NOT_ASSOCIATION_EVIDENCE""}"	644451c659a9d1df4005d0a125c4a547a2045cd16d3c461474c0a101772ca3d8	SUPERSEDED_BY_OPEN_OBLIGATION	"[""R16B-CURRENT-OBLIGATION:METADATA_TO_TEXT_REVIEW""]"	"[""docs/audits/v49-exploration-higher-order-association-closure-round16b/raw/recursive-gap-current-obligation-ledger-checkpoint012-v1.tsv""]"	CURRENT_SUCCESSOR_BLOCKS_AT_LEAST_ONE_CLOSURE	4b27e6b2a6ede53c848198b2481171832af2f319b32d735e9908a950d53456b8
R16B-PRIOR-RECORD:cd6bc1276c64eeb5fdd73cd74f3c12f45caa850cf6af7bc8d969e59279d6e256	METADATA_LEAD_OBLIGATION	docs/audits/v49-exploration-higher-order-association-closure-round16b/raw/metadata-search-lead-ledger-v2.tsv	99	R16B-METADATA-LEAD:a5d43d110a57525dcbff94d62490f5d2a6cd0e713d6f13425d997bfe025d6feb	"{""review_status"":""METADATA_ONLY_TEXT_NOT_REVIEWED"",""rights_and_access_status"":""PENDING_LAWFUL_ACCESS_AND_RIGHTS_REVIEW"",""support_status"":""NOT_ASSOCIATION_EVIDENCE""}"	b47d52a7acbd0754662da1ccbb731abda0352cc5b6a64b3ce46aa79a80e04944	SUPERSEDED_BY_OPEN_OBLIGATION	"[""R16B-CURRENT-OBLIGATION:METADATA_TO_TEXT_REVIEW""]"	"[""docs/audits/v49-exploration-higher-order-association-closure-round16b/raw/recursive-gap-current-obligation-ledger-checkpoint012-v1.tsv""]"	CURRENT_SUCCESSOR_BLOCKS_AT_LEAST_ONE_CLOSURE	fbce387466ec1b8f2b41f66b4316e9c1acb8f94fc805522cdd92c9fd0bf54cd7
R16B-PRIOR-RECORD:35285352ff54fb2b14fa15755f9bbec47226080bcccd61da731fe428ba715b4a	METADATA_LEAD_OBLIGATION	docs/audits/v49-exploration-higher-order-association-closure-round16b/raw/metadata-search-lead-ledger-v2.tsv	22	R16B-METADATA-LEAD:a8b3d378496821ad1d73d0f32a114dd71a6fdfe322382f6383801abb6d60777e	"{""review_status"":""METADATA_ONLY_TEXT_NOT_REVIEWED"",""rights_and_access_status"":""PENDING_LAWFUL_ACCESS_AND_RIGHTS_REVIEW"",""support_status"":""NOT_ASSOCIATION_EVIDENCE""}"	3a5c5db7cc4a877e54632e9e8548aae898782584e3234f19a79ebceaf9ee8a2b	SUPERSEDED_BY_OPEN_OBLIGATION	"[""R16B-CURRENT-OBLIGATION:METADATA_TO_TEXT_REVIEW""]"	"[""docs/audits/v49-exploration-higher-order-association-closure-round16b/raw/recursive-gap-current-obligation-ledger-checkpoint012-v1.tsv""]"	CURRENT_SUCCESSOR_BLOCKS_AT_LEAST_ONE_CLOSURE	e0e248680150dd789971eaddb1efd0c9bb8769c17b1a4d51948043ec895ce8bb
R16B-PRIOR-RECORD:877ac71beb62a55ded3b68bce8893452787a0571d82a3ec49f1721fda1c3a7fb	METADATA_LEAD_OBLIGATION	docs/audits/v49-exploration-higher-order-association-closure-round16b/raw/metadata-search-lead-ledger-v2.tsv	95	R16B-METADATA-LEAD:aa2401f11bc3077637c19d4a8693d649a9086725940d575dca8894fc1a31713e	"{""review_status"":""METADATA_ONLY_TEXT_NOT_REVIEWED"",""rights_and_access_status"":""PENDING_LAWFUL_ACCESS_AND_RIGHTS_REVIEW"",""support_status"":""NOT_ASSOCIATION_EVIDENCE""}"	2345526933050fea2b603d33088bbcc16e3e794cc96a2651c6a935387a952df1	SUPERSEDED_BY_OPEN_OBLIGATION	"[""R16B-CURRENT-OBLIGATION:METADATA_TO_TEXT_REVIEW""]"	"[""docs/audits/v49-exploration-higher-order-association-closure-round16b/raw/recursive-gap-current-obligation-ledger-checkpoint012-v1.tsv""]"	CURRENT_SUCCESSOR_BLOCKS_AT_LEAST_ONE_CLOSURE	0eefbadc5d31f712b0560702cf92c39cb0ce1659eca9dc01e9a2bf837bf8c6dc
R16B-PRIOR-RECORD:23ec0145c46464262e480cba9e7a59e9123da9a3b79459a789ef0bc0a926e5cb	METADATA_LEAD_OBLIGATION	docs/audits/v49-exploration-higher-order-association-closure-round16b/raw/metadata-search-lead-ledger-v2.tsv	68	R16B-METADATA-LEAD:ae9ba340d1855413ed894f8b892d25dd97c4d3b22d53691e56aa5ac5a005ca7c	"{""review_status"":""METADATA_ONLY_TEXT_NOT_REVIEWED"",""rights_and_access_status"":""PENDING_LAWFUL_ACCESS_AND_RIGHTS_REVIEW"",""support_status"":""NOT_ASSOCIATION_EVIDENCE""}"	53724c32bfb4eff8b360f2e7b8810889a246bfc2b448498168cf56ed24fe6e6b	SUPERSEDED_BY_OPEN_OBLIGATION	"[""R16B-CURRENT-OBLIGATION:METADATA_TO_TEXT_REVIEW""]"	"[""docs/audits/v49-exploration-higher-order-association-closure-round16b/raw/recursive-gap-current-obligation-ledger-checkpoint012-v1.tsv""]"	CURRENT_SUCCESSOR_BLOCKS_AT_LEAST_ONE_CLOSURE	129d7fd8356e3d253c34140847990cdda003f800a4a4b9bc6be6426c66d0fce9
R16B-PRIOR-RECORD:739e206b72124e6c40c58b48d07f1e0b4514eaae5ded4698d45c91c6fcf8af64	METADATA_LEAD_OBLIGATION	docs/audits/v49-exploration-higher-order-association-closure-round16b/raw/metadata-search-lead-ledger-v2.tsv	87	R16B-METADATA-LEAD:afc6d640cc121194a8e727809c51f9c2fbe704f3d45a48af350d731e1f339a1b	"{""review_status"":""METADATA_ONLY_TEXT_NOT_REVIEWED"",""rights_and_access_status"":""PENDING_LAWFUL_ACCESS_AND_RIGHTS_REVIEW"",""support_status"":""NOT_ASSOCIATION_EVIDENCE""}"	347e26eeb870e1e455e6d4f2e495e498a8dac5f6d3dd6b0ed3d003bc2a14b735	SUPERSEDED_BY_OPEN_OBLIGATION	"[""R16B-CURRENT-OBLIGATION:METADATA_TO_TEXT_REVIEW""]"	"[""docs/audits/v49-exploration-higher-order-association-closure-round16b/raw/recursive-gap-current-obligation-ledger-checkpoint012-v1.tsv""]"	CURRENT_SUCCESSOR_BLOCKS_AT_LEAST_ONE_CLOSURE	3235cc0c7246e2be74a6bd3bf4864cd37601fe0e76d4788ff42e0bbd4c7885e9
R16B-PRIOR-RECORD:19d8a26dfe9e08b4c064cace9683ab82c96a2236917587cbd51f09fa00c1f391	METADATA_LEAD_OBLIGATION	docs/audits/v49-exploration-higher-order-association-closure-round16b/raw/metadata-search-lead-ledger-v2.tsv	8	R16B-METADATA-LEAD:b1576dc1ae913b3ff3442a8f389a1bb987d97182bb1faf9e67924b76fd4e8e3b	"{""review_status"":""METADATA_ONLY_TEXT_NOT_REVIEWED"",""rights_and_access_status"":""PENDING_LAWFUL_ACCESS_AND_RIGHTS_REVIEW"",""support_status"":""NOT_ASSOCIATION_EVIDENCE""}"	1b0aa8c13322a1fc2fc902bfa80115dfaa976c3309512a3a6ee1582cdfcfcf79	SUPERSEDED_BY_OPEN_OBLIGATION	"[""R16B-CURRENT-OBLIGATION:METADATA_TO_TEXT_REVIEW""]"	"[""docs/audits/v49-exploration-higher-order-association-closure-round16b/raw/recursive-gap-current-obligation-ledger-checkpoint012-v1.tsv""]"	CURRENT_SUCCESSOR_BLOCKS_AT_LEAST_ONE_CLOSURE	1ecbec2009e035ddd8943db8783772fdaa013ab9f31e9c775c316fd89a8ce7fa
R16B-PRIOR-RECORD:9177016cc7bf14432d6434a71ba32f502ecc90b5f59a6168af71056c05cdb223	METADATA_LEAD_OBLIGATION	docs/audits/v49-exploration-higher-order-association-closure-round16b/raw/metadata-search-lead-ledger-v2.tsv	52	R16B-METADATA-LEAD:b16c38ec7d399e6b069790ab6a6bef2af0637426e05e5fe93e12ed95633e75ed	"{""review_status"":""METADATA_ONLY_TEXT_NOT_REVIEWED"",""rights_and_access_status"":""PENDING_LAWFUL_ACCESS_AND_RIGHTS_REVIEW"",""support_status"":""NOT_ASSOCIATION_EVIDENCE""}"	d048ff9c6f870031f2511316336cfbace5d163aa5d5a58844ebf32ce3bee698f	SUPERSEDED_BY_OPEN_OBLIGATION	"[""R16B-CURRENT-OBLIGATION:METADATA_TO_TEXT_REVIEW""]"	"[""docs/audits/v49-exploration-higher-order-association-closure-round16b/raw/recursive-gap-current-obligation-ledger-checkpoint012-v1.tsv""]"	CURRENT_SUCCESSOR_BLOCKS_AT_LEAST_ONE_CLOSURE	51891b2c7f094f3c9589839c8a415c21fd5c1a0f86fcfeba64a8a60cf70fb86c
R16B-PRIOR-RECORD:6819dab01e37dfdc650b3ba153cb0957e7f222979f1bb1575d5f9accad29db8b	METADATA_LEAD_OBLIGATION	docs/audits/v49-exploration-higher-order-association-closure-round16b/raw/metadata-search-lead-ledger-v2.tsv	101	R16B-METADATA-LEAD:bdbe7c568c99e6aaf4df7ff2a2eb0bd824d4e666e273d72552f144315c700fe6	"{""review_status"":""METADATA_ONLY_TEXT_NOT_REVIEWED"",""rights_and_access_status"":""PENDING_LAWFUL_ACCESS_AND_RIGHTS_REVIEW"",""support_status"":""NOT_ASSOCIATION_EVIDENCE""}"	5c9fe25773d61bd812a67c2635fb8486431642be38bda39c5780afe327a7bf15	SUPERSEDED_BY_OPEN_OBLIGATION	"[""R16B-CURRENT-OBLIGATION:METADATA_TO_TEXT_REVIEW""]"	"[""docs/audits/v49-exploration-higher-order-association-closure-round16b/raw/recursive-gap-current-obligation-ledger-checkpoint012-v1.tsv""]"	CURRENT_SUCCESSOR_BLOCKS_AT_LEAST_ONE_CLOSURE	a6ab86fb1346f76257a9c3caf9897eae0ec8baa0dc20d1848ce320168918809a
R16B-PRIOR-RECORD:aab166389de4f0d10c9d62b3aa62da50bc776014baf46377234e2bcf960dce80	METADATA_LEAD_OBLIGATION	docs/audits/v49-exploration-higher-order-association-closure-round16b/raw/metadata-search-lead-ledger-v2.tsv	49	R16B-METADATA-LEAD:c0946d35cb8cb5d1f7ba001c9e28e53134f916cc6ed1c920040810dcafb95217	"{""review_status"":""METADATA_ONLY_TEXT_NOT_REVIEWED"",""rights_and_access_status"":""PENDING_LAWFUL_ACCESS_AND_RIGHTS_REVIEW"",""support_status"":""NOT_ASSOCIATION_EVIDENCE""}"	e21928a29f90b6f6fe52391a158674eaf6637c5598dbfe0a6b0d8274b6686ce2	SUPERSEDED_BY_OPEN_OBLIGATION	"[""R16B-CURRENT-OBLIGATION:METADATA_TO_TEXT_REVIEW""]"	"[""docs/audits/v49-exploration-higher-order-association-closure-round16b/raw/recursive-gap-current-obligation-ledger-checkpoint012-v1.tsv""]"	CURRENT_SUCCESSOR_BLOCKS_AT_LEAST_ONE_CLOSURE	bb7076e8192c22c258b25bfbb61e08eebbe167c725b7c9ded23cf08b5d2ecb00
R16B-PRIOR-RECORD:fb9ec9e1bfc65422c9889175cdc8b9b093f338092dac1d6df66eb97f2e5ed39c	METADATA_LEAD_OBLIGATION	docs/audits/v49-exploration-higher-order-association-closure-round16b/raw/metadata-search-lead-ledger-v2.tsv	60	R16B-METADATA-LEAD:c1a4f97355702645d90ca9d66b77c8e61fa2e05b809c3328b674896640b0526e	"{""review_status"":""METADATA_ONLY_TEXT_NOT_REVIEWED"",""rights_and_access_status"":""PENDING_LAWFUL_ACCESS_AND_RIGHTS_REVIEW"",""support_status"":""NOT_ASSOCIATION_EVIDENCE""}"	40f923067cdf5f1dd43ab1cf3626808c38b177754b73d1cc27edaccd05b67665	SUPERSEDED_BY_OPEN_OBLIGATION	"[""R16B-CURRENT-OBLIGATION:METADATA_TO_TEXT_REVIEW""]"	"[""docs/audits/v49-exploration-higher-order-association-closure-round16b/raw/recursive-gap-current-obligation-ledger-checkpoint012-v1.tsv""]"	CURRENT_SUCCESSOR_BLOCKS_AT_LEAST_ONE_CLOSURE	a90fecc78b4892b68f060d03e09162a621f137e9edd732bf2b50fb07d0df54d1
R16B-PRIOR-RECORD:b592c6cff07ba8ead0709c7c5e6a33b872008a571f26587402d010b5878cb41d	METADATA_LEAD_OBLIGATION	docs/audits/v49-exploration-higher-order-association-closure-round16b/raw/metadata-search-lead-ledger-v2.tsv	19	R16B-METADATA-LEAD:c46fe11e7c23e60c40420545c1b08b7c77c1c330e838ab13bc6b75b05c20d30f	"{""review_status"":""METADATA_ONLY_TEXT_NOT_REVIEWED"",""rights_and_access_status"":""PENDING_LAWFUL_ACCESS_AND_RIGHTS_REVIEW"",""support_status"":""NOT_ASSOCIATION_EVIDENCE""}"	b5aece215ddc16c56775a4897c5887e56be7f1a580eb6fbb727c786b65273c7f	SUPERSEDED_BY_OPEN_OBLIGATION	"[""R16B-CURRENT-OBLIGATION:METADATA_TO_TEXT_REVIEW""]"	"[""docs/audits/v49-exploration-higher-order-association-closure-round16b/raw/recursive-gap-current-obligation-ledger-checkpoint012-v1.tsv""]"	CURRENT_SUCCESSOR_BLOCKS_AT_LEAST_ONE_CLOSURE	a86bd01a37661cadd8c11fd2db785f29a3b1952c3bd72642d164fd529f1e544c
R16B-PRIOR-RECORD:00342f1c5963c78aa559f705f30fd27cabb2faa28dcd6989a671d2d724502537	METADATA_LEAD_OBLIGATION	docs/audits/v49-exploration-higher-order-association-closure-round16b/raw/metadata-search-lead-ledger-v2.tsv	51	R16B-METADATA-LEAD:c7f2963e351f6866550e64ce196ced242e19374bb69d9fbf2a621e792c65d98a	"{""review_status"":""METADATA_ONLY_TEXT_NOT_REVIEWED"",""rights_and_access_status"":""PENDING_LAWFUL_ACCESS_AND_RIGHTS_REVIEW"",""support_status"":""NOT_ASSOCIATION_EVIDENCE""}"	f725db966ee590a98e357008f98fb6805c02e3339211c6dcf766d4f39cb43ecc	SUPERSEDED_BY_OPEN_OBLIGATION	"[""R16B-CURRENT-OBLIGATION:METADATA_TO_TEXT_REVIEW""]"	"[""docs/audits/v49-exploration-higher-order-association-closure-round16b/raw/recursive-gap-current-obligation-ledger-checkpoint012-v1.tsv""]"	CURRENT_SUCCESSOR_BLOCKS_AT_LEAST_ONE_CLOSURE	3370d1e165853297d30d3e3feb412b2694d22e6e65a4512987422755f89262ff
R16B-PRIOR-RECORD:ea3688557150647cf4b0b36cfcab131fb6de38f6d67706eb8f9a02bcb44a7607	METADATA_LEAD_OBLIGATION	docs/audits/v49-exploration-higher-order-association-closure-round16b/raw/metadata-search-lead-ledger-v2.tsv	4	R16B-METADATA-LEAD:c89a884ad62e3474fb874d0dcef742673a8dba2648683ac52a7afbe6d1a7f92b	"{""review_status"":""METADATA_ONLY_TEXT_NOT_REVIEWED"",""rights_and_access_status"":""PENDING_LAWFUL_ACCESS_AND_RIGHTS_REVIEW"",""support_status"":""NOT_ASSOCIATION_EVIDENCE""}"	d28d754551d35a557770d05272ce151cc9e36a6ccca1c9ed99e213581086b3ea	SUPERSEDED_BY_OPEN_OBLIGATION	"[""R16B-CURRENT-OBLIGATION:METADATA_TO_TEXT_REVIEW""]"	"[""docs/audits/v49-exploration-higher-order-association-closure-round16b/raw/recursive-gap-current-obligation-ledger-checkpoint012-v1.tsv""]"	CURRENT_SUCCESSOR_BLOCKS_AT_LEAST_ONE_CLOSURE	9fd3a81983929f34b54a0c46a168234297d7eafa07ac1020dcffa68fdb83230e
R16B-PRIOR-RECORD:d5f847e8eec7923c5ada021a967a7f35eda367bfbc5cfc5f5155c92a56d5c23b	METADATA_LEAD_OBLIGATION	docs/audits/v49-exploration-higher-order-association-closure-round16b/raw/metadata-search-lead-ledger-v2.tsv	80	R16B-METADATA-LEAD:ca7da3a0e5874999b0051b8b5c7e3be082571d24e6fc4708147026f0eec28f27	"{""review_status"":""METADATA_ONLY_TEXT_NOT_REVIEWED"",""rights_and_access_status"":""PENDING_LAWFUL_ACCESS_AND_RIGHTS_REVIEW"",""support_status"":""NOT_ASSOCIATION_EVIDENCE""}"	44cf179749df4084300edf7b978b348308af046524993299870003180c6ab572	SUPERSEDED_BY_OPEN_OBLIGATION	"[""R16B-CURRENT-OBLIGATION:METADATA_TO_TEXT_REVIEW""]"	"[""docs/audits/v49-exploration-higher-order-association-closure-round16b/raw/recursive-gap-current-obligation-ledger-checkpoint012-v1.tsv""]"	CURRENT_SUCCESSOR_BLOCKS_AT_LEAST_ONE_CLOSURE	af850fa7ac6fcc5700984c4d4f382a94e4a7c5853c7817308df83b7bb61038e7
R16B-PRIOR-RECORD:d35707dfeb0a5cb0dc3b67cdc00a83702f9af6bf61c17c37941dfd75a859b308	METADATA_LEAD_OBLIGATION	docs/audits/v49-exploration-higher-order-association-closure-round16b/raw/metadata-search-lead-ledger-v2.tsv	30	R16B-METADATA-LEAD:cd79b9cc599ccec06a25f832eb610a06636db4fb347864df87235b8820c9709c	"{""review_status"":""METADATA_ONLY_TEXT_NOT_REVIEWED"",""rights_and_access_status"":""PENDING_LAWFUL_ACCESS_AND_RIGHTS_REVIEW"",""support_status"":""NOT_ASSOCIATION_EVIDENCE""}"	775c3fdf24e10623dfefdaf45387cb26faf3fc7eec14f4f06ea48b0a57d65c88	SUPERSEDED_BY_OPEN_OBLIGATION	"[""R16B-CURRENT-OBLIGATION:METADATA_TO_TEXT_REVIEW""]"	"[""docs/audits/v49-exploration-higher-order-association-closure-round16b/raw/recursive-gap-current-obligation-ledger-checkpoint012-v1.tsv""]"	CURRENT_SUCCESSOR_BLOCKS_AT_LEAST_ONE_CLOSURE	8f28dfd419987d905f31813416aefb85c35146d04859d7b05d37f8f775242394
R16B-PRIOR-RECORD:fae6d20c9f892c1382c2cd60951bbc7d52b052cdb4aeb86ddfcdc893b3ed4702	METADATA_LEAD_OBLIGATION	docs/audits/v49-exploration-higher-order-association-closure-round16b/raw/metadata-search-lead-ledger-v2.tsv	54	R16B-METADATA-LEAD:d29c93e607ffa65c03e9c0942bbc77cce88af0613fc91bb3c46e5bd5338ed28c	"{""review_status"":""METADATA_ONLY_TEXT_NOT_REVIEWED"",""rights_and_access_status"":""PENDING_LAWFUL_ACCESS_AND_RIGHTS_REVIEW"",""support_status"":""NOT_ASSOCIATION_EVIDENCE""}"	2142119f4542ee996f80e6119f616df7c912478b093d6b76cf6c82974b16a974	SUPERSEDED_BY_OPEN_OBLIGATION	"[""R16B-CURRENT-OBLIGATION:METADATA_TO_TEXT_REVIEW""]"	"[""docs/audits/v49-exploration-higher-order-association-closure-round16b/raw/recursive-gap-current-obligation-ledger-checkpoint012-v1.tsv""]"	CURRENT_SUCCESSOR_BLOCKS_AT_LEAST_ONE_CLOSURE	0d84080b6dd02c4e536858981094130ead7e641db2455b00ad86cae6a0e325e5
R16B-PRIOR-RECORD:92d281c876a3e1cefad599976ffd5cf969ddec86bfdb72a4f6973c6ee8d72804	METADATA_LEAD_OBLIGATION	docs/audits/v49-exploration-higher-order-association-closure-round16b/raw/metadata-search-lead-ledger-v2.tsv	13	R16B-METADATA-LEAD:d412fc36def7bf4f0d6531b02e33ceeead26158f4ccd4a098a9756c12b4d3f2d	"{""review_status"":""METADATA_ONLY_TEXT_NOT_REVIEWED"",""rights_and_access_status"":""PENDING_LAWFUL_ACCESS_AND_RIGHTS_REVIEW"",""support_status"":""NOT_ASSOCIATION_EVIDENCE""}"	1371f06fabd10fd3839fc74321d59484dbce30d6b7309c5e4e14bc841c872eea	SUPERSEDED_BY_OPEN_OBLIGATION	"[""R16B-CURRENT-OBLIGATION:METADATA_TO_TEXT_REVIEW""]"	"[""docs/audits/v49-exploration-higher-order-association-closure-round16b/raw/recursive-gap-current-obligation-ledger-checkpoint012-v1.tsv""]"	CURRENT_SUCCESSOR_BLOCKS_AT_LEAST_ONE_CLOSURE	4f9e9737fcd3045b5d533408834ecc5f1e269dd81279b2e66b8b1c9c574d4beb
R16B-PRIOR-RECORD:364b12e8c999ac8473d10428452c2e9b94f7968cafc48f3b0e23176840e1eead	METADATA_LEAD_OBLIGATION	docs/audits/v49-exploration-higher-order-association-closure-round16b/raw/metadata-search-lead-ledger-v2.tsv	45	R16B-METADATA-LEAD:d5165000133859aa8352a94657b9d5b708cc34322d51872e643c75bc1abb88eb	"{""review_status"":""METADATA_ONLY_TEXT_NOT_REVIEWED"",""rights_and_access_status"":""PENDING_LAWFUL_ACCESS_AND_RIGHTS_REVIEW"",""support_status"":""NOT_ASSOCIATION_EVIDENCE""}"	9c1aa231ecb0069ddb81affef6543cab496c45e1ce076e9dede7ff7348284d92	SUPERSEDED_BY_OPEN_OBLIGATION	"[""R16B-CURRENT-OBLIGATION:METADATA_TO_TEXT_REVIEW""]"	"[""docs/audits/v49-exploration-higher-order-association-closure-round16b/raw/recursive-gap-current-obligation-ledger-checkpoint012-v1.tsv""]"	CURRENT_SUCCESSOR_BLOCKS_AT_LEAST_ONE_CLOSURE	b61411d83d73435cafad478de426054b90956a4e40598f16fd5a554d73354c85
R16B-PRIOR-RECORD:c97fce207870773e4046a9b82e8767003550555c964e19a63861448e934b24c4	METADATA_LEAD_OBLIGATION	docs/audits/v49-exploration-higher-order-association-closure-round16b/raw/metadata-search-lead-ledger-v2.tsv	18	R16B-METADATA-LEAD:dd9a1bd701eccbc1181c2885451431e20c054166dcbb30ae4a09c38b5346bc2f	"{""review_status"":""METADATA_ONLY_TEXT_NOT_REVIEWED"",""rights_and_access_status"":""PENDING_LAWFUL_ACCESS_AND_RIGHTS_REVIEW"",""support_status"":""NOT_ASSOCIATION_EVIDENCE""}"	13c2cb56da188b964d8c53c7ccaace22ec20b19bb05e86a0773174daa9d79967	SUPERSEDED_BY_OPEN_OBLIGATION	"[""R16B-CURRENT-OBLIGATION:METADATA_TO_TEXT_REVIEW""]"	"[""docs/audits/v49-exploration-higher-order-association-closure-round16b/raw/recursive-gap-current-obligation-ledger-checkpoint012-v1.tsv""]"	CURRENT_SUCCESSOR_BLOCKS_AT_LEAST_ONE_CLOSURE	142f2cd26138131cd45211b9fe048efa82508c8a4d0da6c9a31e3e1110716c9d
R16B-PRIOR-RECORD:5823f1608d1fd2e7a13fc9fb141b74b868d80529bb2313c8586ab63822ee4426	METADATA_LEAD_OBLIGATION	docs/audits/v49-exploration-higher-order-association-closure-round16b/raw/metadata-search-lead-ledger-v2.tsv	10	R16B-METADATA-LEAD:e073e4bad033053c7ecba8f44ed81fcd337cfd2c1a21d35340bf4bc84303d0db	"{""review_status"":""METADATA_ONLY_TEXT_NOT_REVIEWED"",""rights_and_access_status"":""PENDING_LAWFUL_ACCESS_AND_RIGHTS_REVIEW"",""support_status"":""NOT_ASSOCIATION_EVIDENCE""}"	dee454e8001a8df39c110a5f80dd58b1dea803e2a168101d5549f439385e15a8	SUPERSEDED_BY_OPEN_OBLIGATION	"[""R16B-CURRENT-OBLIGATION:METADATA_TO_TEXT_REVIEW""]"	"[""docs/audits/v49-exploration-higher-order-association-closure-round16b/raw/recursive-gap-current-obligation-ledger-checkpoint012-v1.tsv""]"	CURRENT_SUCCESSOR_BLOCKS_AT_LEAST_ONE_CLOSURE	dee5a79b8f003c40f474a603fb0d4d0ffb4788df36ac8bd80d2cbf0af0eabee4
R16B-PRIOR-RECORD:e637b2a1be49278bf0c024255d6ce901985dc01e1470b427c8665c712944de52	METADATA_LEAD_OBLIGATION	docs/audits/v49-exploration-higher-order-association-closure-round16b/raw/metadata-search-lead-ledger-v2.tsv	23	R16B-METADATA-LEAD:e3f9d0aa12158af5fbc452430a99579e00c29d1d0dc88bcf0d9d84950b7c3c87	"{""review_status"":""METADATA_ONLY_TEXT_NOT_REVIEWED"",""rights_and_access_status"":""PENDING_LAWFUL_ACCESS_AND_RIGHTS_REVIEW"",""support_status"":""NOT_ASSOCIATION_EVIDENCE""}"	bb50b48cf66092e7ad497224abc874f03439d5a7f30dddbb1199fcde5e0b92b4	SUPERSEDED_BY_OPEN_OBLIGATION	"[""R16B-CURRENT-OBLIGATION:METADATA_TO_TEXT_REVIEW""]"	"[""docs/audits/v49-exploration-higher-order-association-closure-round16b/raw/recursive-gap-current-obligation-ledger-checkpoint012-v1.tsv""]"	CURRENT_SUCCESSOR_BLOCKS_AT_LEAST_ONE_CLOSURE	13b8db1b45df36533864c7bde8399942cc3d091b71a3c31de9577394dd3631e8
R16B-PRIOR-RECORD:af9cdc162381be0f36f9e7da6e92589fda8b8cb40e8daea0f9d58051165d5639	METADATA_LEAD_OBLIGATION	docs/audits/v49-exploration-higher-order-association-closure-round16b/raw/metadata-search-lead-ledger-v2.tsv	47	R16B-METADATA-LEAD:ec08b8551ac4fd63a0efac727a1fb471a8ea562020398d8989a0d0fa3db15c09	"{""review_status"":""METADATA_ONLY_TEXT_NOT_REVIEWED"",""rights_and_access_status"":""PENDING_LAWFUL_ACCESS_AND_RIGHTS_REVIEW"",""support_status"":""NOT_ASSOCIATION_EVIDENCE""}"	005df350b1010b551f398f60d4f638266a08a5ee0e00cd699d79af560b086f45	SUPERSEDED_BY_OPEN_OBLIGATION	"[""R16B-CURRENT-OBLIGATION:METADATA_TO_TEXT_REVIEW""]"	"[""docs/audits/v49-exploration-higher-order-association-closure-round16b/raw/recursive-gap-current-obligation-ledger-checkpoint012-v1.tsv""]"	CURRENT_SUCCESSOR_BLOCKS_AT_LEAST_ONE_CLOSURE	06625a53b61a99b1a511fa15582a8692030a98d9c31e009a7f1f5a4710393bc2
R16B-PRIOR-RECORD:eece4883a4765a97deb76f6311f4c7a2086de66e39fe035031024d97a59dc7a6	METADATA_LEAD_OBLIGATION	docs/audits/v49-exploration-higher-order-association-closure-round16b/raw/metadata-search-lead-ledger-v2.tsv	62	R16B-METADATA-LEAD:ec3fc1291b967f927f5cc864cc33cb0275ceb0eaef60618c3980cd7af450a5cd	"{""review_status"":""METADATA_ONLY_TEXT_NOT_REVIEWED"",""rights_and_access_status"":""PENDING_LAWFUL_ACCESS_AND_RIGHTS_REVIEW"",""support_status"":""NOT_ASSOCIATION_EVIDENCE""}"	f422064458ef4021592e2f6330627ee729c86f53954b6a7bedbd0ee6abcf74be	SUPERSEDED_BY_OPEN_OBLIGATION	"[""R16B-CURRENT-OBLIGATION:METADATA_TO_TEXT_REVIEW""]"	"[""docs/audits/v49-exploration-higher-order-association-closure-round16b/raw/recursive-gap-current-obligation-ledger-checkpoint012-v1.tsv""]"	CURRENT_SUCCESSOR_BLOCKS_AT_LEAST_ONE_CLOSURE	de6c49867a202eb7939650ddc30f762c4fd2d9934a29c83d3f1635cf07570daa
R16B-PRIOR-RECORD:d7d0bbf086f3bcc0d591e80c531778f2fe26a4c41203e52767cc507f86b85372	METADATA_LEAD_OBLIGATION	docs/audits/v49-exploration-higher-order-association-closure-round16b/raw/metadata-search-lead-ledger-v2.tsv	82	R16B-METADATA-LEAD:ef8d244424b06499ce4c383d132383ac15320857e7c5a75997d2888feb3eebab	"{""review_status"":""METADATA_ONLY_TEXT_NOT_REVIEWED"",""rights_and_access_status"":""PENDING_LAWFUL_ACCESS_AND_RIGHTS_REVIEW"",""support_status"":""NOT_ASSOCIATION_EVIDENCE""}"	c71e39ed9a38ba1c80c5a416b2a987bf5f382478a67015bb85b686e90cb971db	SUPERSEDED_BY_OPEN_OBLIGATION	"[""R16B-CURRENT-OBLIGATION:METADATA_TO_TEXT_REVIEW""]"	"[""docs/audits/v49-exploration-higher-order-association-closure-round16b/raw/recursive-gap-current-obligation-ledger-checkpoint012-v1.tsv""]"	CURRENT_SUCCESSOR_BLOCKS_AT_LEAST_ONE_CLOSURE	b8395f9f8030458b2135746087fb6665d6f9f03fa2d77b13dfa57eeb9b3eb378
R16B-PRIOR-RECORD:91900bf565604e55bdec15af38980c2431b1ec95d8d8dfe903f0dfef2b9b3413	METADATA_LEAD_OBLIGATION	docs/audits/v49-exploration-higher-order-association-closure-round16b/raw/metadata-search-lead-ledger-v2.tsv	29	R16B-METADATA-LEAD:f257e286d3868f58c2431056a33e39d8e2b55f771972a245a06247b9eafc073e	"{""review_status"":""METADATA_ONLY_TEXT_NOT_REVIEWED"",""rights_and_access_status"":""PENDING_LAWFUL_ACCESS_AND_RIGHTS_REVIEW"",""support_status"":""NOT_ASSOCIATION_EVIDENCE""}"	d0fcb975ad80a98fa7419ac110c610b4bc27c48622352f03e34dfd0d3d1ce0e1	SUPERSEDED_BY_OPEN_OBLIGATION	"[""R16B-CURRENT-OBLIGATION:METADATA_TO_TEXT_REVIEW""]"	"[""docs/audits/v49-exploration-higher-order-association-closure-round16b/raw/recursive-gap-current-obligation-ledger-checkpoint012-v1.tsv""]"	CURRENT_SUCCESSOR_BLOCKS_AT_LEAST_ONE_CLOSURE	ef0b85b052f7843fff94fd663a51afd08e6fc96f0c352e342cbad602be38ca90
R16B-PRIOR-RECORD:a136a6283d68e47b62bd25270348eef09e3a9807ed296d76757019c58663d6af	METADATA_LEAD_OBLIGATION	docs/audits/v49-exploration-higher-order-association-closure-round16b/raw/metadata-search-lead-ledger-v2.tsv	98	R16B-METADATA-LEAD:f26df39dce10e2524ebcb0b8b68f9a81ed36c8eeba35210a86768cc018223d43	"{""review_status"":""METADATA_ONLY_TEXT_NOT_REVIEWED"",""rights_and_access_status"":""PENDING_LAWFUL_ACCESS_AND_RIGHTS_REVIEW"",""support_status"":""NOT_ASSOCIATION_EVIDENCE""}"	90699e13a669caceed128ffd06c8b0310cc961ad123ff919fa767c365bdc95b5	SUPERSEDED_BY_OPEN_OBLIGATION	"[""R16B-CURRENT-OBLIGATION:METADATA_TO_TEXT_REVIEW""]"	"[""docs/audits/v49-exploration-higher-order-association-closure-round16b/raw/recursive-gap-current-obligation-ledger-checkpoint012-v1.tsv""]"	CURRENT_SUCCESSOR_BLOCKS_AT_LEAST_ONE_CLOSURE	3dc691fdbbafdc77d834a5406e97b5b6383e50f798255ab2667996b58bccce73
R16B-PRIOR-RECORD:31a84c81089e02b714085f73c76afbdf9d0f7ad65727ddab9c87b607d42b3a80	METADATA_LEAD_OBLIGATION	docs/audits/v49-exploration-higher-order-association-closure-round16b/raw/metadata-search-lead-ledger-v2.tsv	76	R16B-METADATA-LEAD:f3b145ce0d593749ff60c085295aa6f900139d43af4d718fa071f8e4d30e0ef1	"{""review_status"":""METADATA_ONLY_TEXT_NOT_REVIEWED"",""rights_and_access_status"":""PENDING_LAWFUL_ACCESS_AND_RIGHTS_REVIEW"",""support_status"":""NOT_ASSOCIATION_EVIDENCE""}"	818900912fd62fb15910921149d154442f17384ec462ff5cb3a1909173e617fd	SUPERSEDED_BY_OPEN_OBLIGATION	"[""R16B-CURRENT-OBLIGATION:METADATA_TO_TEXT_REVIEW""]"	"[""docs/audits/v49-exploration-higher-order-association-closure-round16b/raw/recursive-gap-current-obligation-ledger-checkpoint012-v1.tsv""]"	CURRENT_SUCCESSOR_BLOCKS_AT_LEAST_ONE_CLOSURE	12916ff8660b666b547e31ed07546e0ca3621caf3be9df3d136c28943b932bd5
R16B-PRIOR-RECORD:0dbd4196d8eaad815bde934d6ab0984f48fee09b53caaadd976d329c82cfd318	METADATA_LEAD_OBLIGATION	docs/audits/v49-exploration-higher-order-association-closure-round16b/raw/metadata-search-lead-ledger-v2.tsv	44	R16B-METADATA-LEAD:f448268dcae9c02183599e7b7299098dd96c925b6d722f715ba2ae6b3683d818	"{""review_status"":""METADATA_ONLY_TEXT_NOT_REVIEWED"",""rights_and_access_status"":""PENDING_LAWFUL_ACCESS_AND_RIGHTS_REVIEW"",""support_status"":""NOT_ASSOCIATION_EVIDENCE""}"	329b0650d135a1d499a132036a2692b5466c3174e2760b173d17fecb94e6ec87	SUPERSEDED_BY_OPEN_OBLIGATION	"[""R16B-CURRENT-OBLIGATION:METADATA_TO_TEXT_REVIEW""]"	"[""docs/audits/v49-exploration-higher-order-association-closure-round16b/raw/recursive-gap-current-obligation-ledger-checkpoint012-v1.tsv""]"	CURRENT_SUCCESSOR_BLOCKS_AT_LEAST_ONE_CLOSURE	1ddabcc3e47f6f0313d4fd4b1931320c19efab3b2d9ee5a8414bc912fc13e3da
R16B-PRIOR-RECORD:4e9f6a9d15ba68cdef218e4bda3f99b70ed343cd41ff5b6918cac8820f7fa496	METADATA_LEAD_OBLIGATION	docs/audits/v49-exploration-higher-order-association-closure-round16b/raw/metadata-search-lead-ledger-v2.tsv	88	R16B-METADATA-LEAD:f9cd0df89630072a11caf41617cb627924979ff8fa2500b0f60f821429c394bb	"{""review_status"":""METADATA_ONLY_TEXT_NOT_REVIEWED"",""rights_and_access_status"":""PENDING_LAWFUL_ACCESS_AND_RIGHTS_REVIEW"",""support_status"":""NOT_ASSOCIATION_EVIDENCE""}"	7343b891510826619cb7c2f99be9de6a989dd0710879de87899940f8cd18bc33	SUPERSEDED_BY_OPEN_OBLIGATION	"[""R16B-CURRENT-OBLIGATION:METADATA_TO_TEXT_REVIEW""]"	"[""docs/audits/v49-exploration-higher-order-association-closure-round16b/raw/recursive-gap-current-obligation-ledger-checkpoint012-v1.tsv""]"	CURRENT_SUCCESSOR_BLOCKS_AT_LEAST_ONE_CLOSURE	33463b825f053aa427bff8e1629e0f7bcf91b5b96362aa4ab53f565c1752f1a4
R16B-PRIOR-RECORD:e2dbc14d2be26d652b3c2da86b6af15d71d8315f22442986fed5f269746ceade	METADATA_LEAD_OBLIGATION	docs/audits/v49-exploration-higher-order-association-closure-round16b/raw/metadata-search-lead-ledger-v2.tsv	75	R16B-METADATA-LEAD:fa24713f88c217520a59ef7348dd2c8c77dec50da47558602b074c74e4bf2a31	"{""review_status"":""METADATA_ONLY_TEXT_NOT_REVIEWED"",""rights_and_access_status"":""PENDING_LAWFUL_ACCESS_AND_RIGHTS_REVIEW"",""support_status"":""NOT_ASSOCIATION_EVIDENCE""}"	6c19da6b297695a38f860bb6c900c7ac53c84b3b1515f52e83dddaf547082d0c	SUPERSEDED_BY_OPEN_OBLIGATION	"[""R16B-CURRENT-OBLIGATION:METADATA_TO_TEXT_REVIEW""]"	"[""docs/audits/v49-exploration-higher-order-association-closure-round16b/raw/recursive-gap-current-obligation-ledger-checkpoint012-v1.tsv""]"	CURRENT_SUCCESSOR_BLOCKS_AT_LEAST_ONE_CLOSURE	6904497687a5a30b941d013cd9ec175d8284b0d14c3d253d0b44af0ad336a46e
R16B-PRIOR-RECORD:6a0cbaae99f529402b9067587f09ef811c611c4a312811a28a105765b875c4fa	METADATA_LEAD_OBLIGATION	docs/audits/v49-exploration-higher-order-association-closure-round16b/raw/metadata-search-lead-ledger-v2.tsv	7	R16B-METADATA-LEAD:fe908026db09014d2f598c3f3231bca9811d9e43cdbca7d5828aa1e7e697b70c	"{""review_status"":""METADATA_ONLY_TEXT_NOT_REVIEWED"",""rights_and_access_status"":""PENDING_LAWFUL_ACCESS_AND_RIGHTS_REVIEW"",""support_status"":""NOT_ASSOCIATION_EVIDENCE""}"	fa4728ddd469bb171389abf32b4dea1cda097c36fe77357fa772cb3be1b0052b	SUPERSEDED_BY_OPEN_OBLIGATION	"[""R16B-CURRENT-OBLIGATION:METADATA_TO_TEXT_REVIEW""]"	"[""docs/audits/v49-exploration-higher-order-association-closure-round16b/raw/recursive-gap-current-obligation-ledger-checkpoint012-v1.tsv""]"	CURRENT_SUCCESSOR_BLOCKS_AT_LEAST_ONE_CLOSURE	ae1963da203cd5ab29935f9914a346c091c462100d4b8a872de3c230f5d9853f
R16B-PRIOR-RECORD:ee604e79edec9d3b45ac4af900dd5b1f9030f51c735530dab503404da82dc7c3	METADATA_LEAD_OBLIGATION	docs/audits/v49-exploration-higher-order-association-closure-round16b/raw/metadata-search-lead-ledger-v2.tsv	66	R16B-METADATA-LEAD:fe9c11412aa4c049b47cefce4e5aa357d4f7981e9ceb2c4f8ade4d39c6e0c1c0	"{""review_status"":""METADATA_ONLY_TEXT_NOT_REVIEWED"",""rights_and_access_status"":""PENDING_LAWFUL_ACCESS_AND_RIGHTS_REVIEW"",""support_status"":""NOT_ASSOCIATION_EVIDENCE""}"	6f72d3b33134595a914478f1dc5865cae4fcf58ab7d744d42a21240a40dc180c	SUPERSEDED_BY_OPEN_OBLIGATION	"[""R16B-CURRENT-OBLIGATION:METADATA_TO_TEXT_REVIEW""]"	"[""docs/audits/v49-exploration-higher-order-association-closure-round16b/raw/recursive-gap-current-obligation-ledger-checkpoint012-v1.tsv""]"	CURRENT_SUCCESSOR_BLOCKS_AT_LEAST_ONE_CLOSURE	bbc9f2a0220b805f6b31b6428f07c906ad44d85a584357d6576f80442956155c
R16B-PRIOR-RECORD:2ff8b061824740a85741ce554b513bda76e308d513f9116c4dfb5f87a10064c0	NARY_PARTICIPANT_OBLIGATION	docs/audits/v49-exploration-higher-order-association-closure-round16b/raw/open-participant-resolution-ledger-v1.tsv	6	R16B-PARTICIPANT-QUEUE:0f8cce4f2089328eb220207cdf7646e02bdae50327c4c567074544d055bbcd9c	"{""participant_resolution_status"":""OPEN""}"	0f8cce4f2089328eb220207cdf7646e02bdae50327c4c567074544d055bbcd9c	SUPERSEDED_BY_OPEN_OBLIGATION	"[""R16B-CURRENT-OBLIGATION:NARY_PARTICIPANT_RESOLUTION""]"	"[""docs/audits/v49-exploration-higher-order-association-closure-round16b/raw/recursive-gap-current-obligation-ledger-checkpoint012-v1.tsv""]"	CURRENT_SUCCESSOR_BLOCKS_AT_LEAST_ONE_CLOSURE	4afbf727b26d8adcd0737ee90ef15708d6165ec4d242cd690de34faa42c0139a
R16B-PRIOR-RECORD:d5d68b38216837786c3bfed28d05145134c29611ba40154ff871467316247b78	NARY_PARTICIPANT_OBLIGATION	docs/audits/v49-exploration-higher-order-association-closure-round16b/raw/open-participant-resolution-ledger-v1.tsv	7	R16B-PARTICIPANT-QUEUE:1bf5671bf242beef0fb8c1a0dd3f2ad150781ed1a0242b6d44b719d8dea39f56	"{""participant_resolution_status"":""OPEN""}"	1bf5671bf242beef0fb8c1a0dd3f2ad150781ed1a0242b6d44b719d8dea39f56	SUPERSEDED_BY_OPEN_OBLIGATION	"[""R16B-CURRENT-OBLIGATION:NARY_PARTICIPANT_RESOLUTION""]"	"[""docs/audits/v49-exploration-higher-order-association-closure-round16b/raw/recursive-gap-current-obligation-ledger-checkpoint012-v1.tsv""]"	CURRENT_SUCCESSOR_BLOCKS_AT_LEAST_ONE_CLOSURE	6a85241745ae4c0e68200d0ca7072ad2e2de93eaa1f5b095c74cd520a0068f25
R16B-PRIOR-RECORD:60b1b4ea5b057579241ebd6eb7e095fad4a35033a34a6b02c052f09466555d64	NARY_PARTICIPANT_OBLIGATION	docs/audits/v49-exploration-higher-order-association-closure-round16b/raw/open-participant-resolution-ledger-v1.tsv	2	R16B-PARTICIPANT-QUEUE:338b7c324d38e2f85a5460569864fcb7fd641ee695137a40dc1bb4a0c47fbd17	"{""participant_resolution_status"":""OPEN""}"	338b7c324d38e2f85a5460569864fcb7fd641ee695137a40dc1bb4a0c47fbd17	SUPERSEDED_BY_OPEN_OBLIGATION	"[""R16B-CURRENT-OBLIGATION:NARY_PARTICIPANT_RESOLUTION""]"	"[""docs/audits/v49-exploration-higher-order-association-closure-round16b/raw/recursive-gap-current-obligation-ledger-checkpoint012-v1.tsv""]"	CURRENT_SUCCESSOR_BLOCKS_AT_LEAST_ONE_CLOSURE	ae63ef01ed75a55ce6d3338b6f476e4547b78e12bd8f5e51af3fdecc6560d79a
R16B-PRIOR-RECORD:01c982fabba4f47c3611341ff00801d8fb1840dea6c997777db5bebe53d0b276	NARY_PARTICIPANT_OBLIGATION	docs/audits/v49-exploration-higher-order-association-closure-round16b/raw/open-participant-resolution-ledger-v1.tsv	9	R16B-PARTICIPANT-QUEUE:3fa83a2511429e0c4ba4327cac7699e1b6ba19d4b008868839ce8a126eb21da1	"{""participant_resolution_status"":""OPEN""}"	3fa83a2511429e0c4ba4327cac7699e1b6ba19d4b008868839ce8a126eb21da1	SUPERSEDED_BY_OPEN_OBLIGATION	"[""R16B-CURRENT-OBLIGATION:NARY_PARTICIPANT_RESOLUTION""]"	"[""docs/audits/v49-exploration-higher-order-association-closure-round16b/raw/recursive-gap-current-obligation-ledger-checkpoint012-v1.tsv""]"	CURRENT_SUCCESSOR_BLOCKS_AT_LEAST_ONE_CLOSURE	39fe19c0a918b7b2ac4ff27b9210aca2e8c35164f1ceedad8dd668af416738d0
R16B-PRIOR-RECORD:5fa9940b5d2b15755c2709adaf887be2bf916110cabfa6b13445944e4b25035c	NARY_PARTICIPANT_OBLIGATION	docs/audits/v49-exploration-higher-order-association-closure-round16b/raw/open-participant-resolution-ledger-v1.tsv	5	R16B-PARTICIPANT-QUEUE:7b1ed7f03a2b1195f1afe11c31460225be25f63539204a2f99d2a9478c9778ac	"{""participant_resolution_status"":""OPEN""}"	7b1ed7f03a2b1195f1afe11c31460225be25f63539204a2f99d2a9478c9778ac	SUPERSEDED_BY_OPEN_OBLIGATION	"[""R16B-CURRENT-OBLIGATION:NARY_PARTICIPANT_RESOLUTION""]"	"[""docs/audits/v49-exploration-higher-order-association-closure-round16b/raw/recursive-gap-current-obligation-ledger-checkpoint012-v1.tsv""]"	CURRENT_SUCCESSOR_BLOCKS_AT_LEAST_ONE_CLOSURE	2aa49d4852a2a59796ec06fc013e10ac9d5172e08c2c842470e7bb44cf52628d
R16B-PRIOR-RECORD:e82486896c5dc3132a90b29c9cf7918a02e167bbc89e02151e451934550f013b	NARY_PARTICIPANT_OBLIGATION	docs/audits/v49-exploration-higher-order-association-closure-round16b/raw/open-participant-resolution-ledger-v1.tsv	10	R16B-PARTICIPANT-QUEUE:81bbc609718a1ca278f19f5e58113a1e7895981cf0e81dd99d5eb56464e1410e	"{""participant_resolution_status"":""OPEN""}"	81bbc609718a1ca278f19f5e58113a1e7895981cf0e81dd99d5eb56464e1410e	SUPERSEDED_BY_OPEN_OBLIGATION	"[""R16B-CURRENT-OBLIGATION:NARY_PARTICIPANT_RESOLUTION""]"	"[""docs/audits/v49-exploration-higher-order-association-closure-round16b/raw/recursive-gap-current-obligation-ledger-checkpoint012-v1.tsv""]"	CURRENT_SUCCESSOR_BLOCKS_AT_LEAST_ONE_CLOSURE	7491f92a71c8761b333faaf3b21572f0aba930a626b3993f4673d88da24c4a08
R16B-PRIOR-RECORD:875d8b84ab191c6bc964039d7d32fadeb00a4c6a9eeb706a4189785ad22c6cef	NARY_PARTICIPANT_OBLIGATION	docs/audits/v49-exploration-higher-order-association-closure-round16b/raw/open-participant-resolution-ledger-v1.tsv	3	R16B-PARTICIPANT-QUEUE:cac8360feb9a00bbf1cf59bf598ac64b80351cf885993111815b5a463b008a18	"{""participant_resolution_status"":""OPEN""}"	cac8360feb9a00bbf1cf59bf598ac64b80351cf885993111815b5a463b008a18	SUPERSEDED_BY_OPEN_OBLIGATION	"[""R16B-CURRENT-OBLIGATION:NARY_PARTICIPANT_RESOLUTION""]"	"[""docs/audits/v49-exploration-higher-order-association-closure-round16b/raw/recursive-gap-current-obligation-ledger-checkpoint012-v1.tsv""]"	CURRENT_SUCCESSOR_BLOCKS_AT_LEAST_ONE_CLOSURE	5980d000d40747e38fc2141b670f5ec22a360ede98c68b3ba06d6508dd8e33e9
R16B-PRIOR-RECORD:44f697de806912854cc883841af404bf2ab2d10d2e3accf6499d342091bdcfd0	NARY_PARTICIPANT_OBLIGATION	docs/audits/v49-exploration-higher-order-association-closure-round16b/raw/open-participant-resolution-ledger-v1.tsv	4	R16B-PARTICIPANT-QUEUE:e0d381430a2d9e323b2827d2edc350930beee8a9a6704290a5f291534013e348	"{""participant_resolution_status"":""OPEN""}"	e0d381430a2d9e323b2827d2edc350930beee8a9a6704290a5f291534013e348	SUPERSEDED_BY_OPEN_OBLIGATION	"[""R16B-CURRENT-OBLIGATION:NARY_PARTICIPANT_RESOLUTION""]"	"[""docs/audits/v49-exploration-higher-order-association-closure-round16b/raw/recursive-gap-current-obligation-ledger-checkpoint012-v1.tsv""]"	CURRENT_SUCCESSOR_BLOCKS_AT_LEAST_ONE_CLOSURE	71425ab6a7e0a43df02d3d6e426e328c707de0711788223c8e15efb5ec3f84a9
R16B-PRIOR-RECORD:5c7e94e62c08e61a0a1a766f760145e9899d63f9eb578468cb61d3f885ed5df5	NARY_PARTICIPANT_OBLIGATION	docs/audits/v49-exploration-higher-order-association-closure-round16b/raw/open-participant-resolution-ledger-v1.tsv	8	R16B-PARTICIPANT-QUEUE:e313c7a802c9ef0d02523aa7967b0887af340c903b4ee4acd8263eef4a86b6c3	"{""participant_resolution_status"":""OPEN""}"	e313c7a802c9ef0d02523aa7967b0887af340c903b4ee4acd8263eef4a86b6c3	SUPERSEDED_BY_OPEN_OBLIGATION	"[""R16B-CURRENT-OBLIGATION:NARY_PARTICIPANT_RESOLUTION""]"	"[""docs/audits/v49-exploration-higher-order-association-closure-round16b/raw/recursive-gap-current-obligation-ledger-checkpoint012-v1.tsv""]"	CURRENT_SUCCESSOR_BLOCKS_AT_LEAST_ONE_CLOSURE	278b2e0f491c8ff2f35a92f6d1b6b0e76b2fa970aed80d8b14f0d64f3241c663
R16B-PRIOR-RECORD:bc06d9752b3f82333615405a863b8f63faf1a2ef732ff6299e6834e2fcbe45d9	NARY_PARTICIPANT_OBLIGATION	docs/audits/v49-exploration-higher-order-association-closure-round16b/raw/open-participant-resolution-ledger-v1.tsv	11	R16B-PARTICIPANT-QUEUE:f5cf41eb9c000316c96cc088efcb1d27949cbc56300017115018e0b783c71074	"{""participant_resolution_status"":""OPEN""}"	f5cf41eb9c000316c96cc088efcb1d27949cbc56300017115018e0b783c71074	SUPERSEDED_BY_OPEN_OBLIGATION	"[""R16B-CURRENT-OBLIGATION:NARY_PARTICIPANT_RESOLUTION""]"	"[""docs/audits/v49-exploration-higher-order-association-closure-round16b/raw/recursive-gap-current-obligation-ledger-checkpoint012-v1.tsv""]"	CURRENT_SUCCESSOR_BLOCKS_AT_LEAST_ONE_CLOSURE	ea30c179b6433214899e384f9096588876f003d6cce39a8b7c9e6f6d653d8522
R16B-PRIOR-RECORD:ea235b6739ad636298964c594c166973594b4835f31880a012123d7671d1735c	SEMANTIC_PARAMETER_OBLIGATION	docs/audits/v49-exploration-higher-order-association-closure-round16b/raw/parameter-reconciliation-ledger-v2.tsv	2	association_set	"{""round16a_assumption_status"":""REQUIRES_HIGHER_ORDER_REJUSTIFICATION""}"	4e741a3b3d2669452fcdc6fd073422ed8fd42e3d51cdc50ed68e481f27206b47	SUPERSEDED_BY_OPEN_OBLIGATION	"[""R16B-CURRENT-OBLIGATION:SEMANTIC_AND_PRODUCT_ARITY_BOUND""]"	"[""docs/audits/v49-exploration-higher-order-association-closure-round16b/raw/recursive-gap-current-obligation-ledger-checkpoint012-v1.tsv""]"	CURRENT_SUCCESSOR_BLOCKS_AT_LEAST_ONE_CLOSURE	9cc8d83cd6111d9725d359701fb361641e5d7a634bc159a287e3cff9c5e3a956
R16B-PRIOR-RECORD:b4450ce1914e9647b8152e56a4bbc59647714b60c0eee22558b8e04395a182bf	SEMANTIC_PARAMETER_OBLIGATION	docs/audits/v49-exploration-higher-order-association-closure-round16b/raw/parameter-reconciliation-ledger-v2.tsv	4	degree_bound	"{""round16a_assumption_status"":""REQUIRES_HIGHER_ORDER_REJUSTIFICATION""}"	a4758a424defa339bf717ef6ee0008976ea70d26536b823d1906ce2c4749de67	SUPERSEDED_BY_OPEN_OBLIGATION	"[""R16B-CURRENT-OBLIGATION:SEMANTIC_AND_PRODUCT_ARITY_BOUND""]"	"[""docs/audits/v49-exploration-higher-order-association-closure-round16b/raw/recursive-gap-current-obligation-ledger-checkpoint012-v1.tsv""]"	CURRENT_SUCCESSOR_BLOCKS_AT_LEAST_ONE_CLOSURE	957bca52e6c4d8c2c5d9576f6f39ddb770aa08775fb382d9749f198545142195
R16B-PRIOR-RECORD:f7804981d32a718a208259e2b11896c2576805558703cd4f3bba93a3babfc889	SEMANTIC_PARAMETER_OBLIGATION	docs/audits/v49-exploration-higher-order-association-closure-round16b/raw/parameter-reconciliation-ledger-v2.tsv	6	evidence_gap_node_ids	"{""round16a_assumption_status"":""REQUIRES_HIGHER_ORDER_REJUSTIFICATION""}"	0661c8ef9bcefccca28eacbeb30884ad1c0a6e3da20e2659614e4053806b7a56	SUPERSEDED_BY_OPEN_OBLIGATION	"[""R16B-CURRENT-OBLIGATION:SEMANTIC_AND_PRODUCT_ARITY_BOUND""]"	"[""docs/audits/v49-exploration-higher-order-association-closure-round16b/raw/recursive-gap-current-obligation-ledger-checkpoint012-v1.tsv""]"	CURRENT_SUCCESSOR_BLOCKS_AT_LEAST_ONE_CLOSURE	16052d8ea13a1ad31824e49202745bd904ed2a1b231ad391f8a904938d017461
R16B-PRIOR-RECORD:94fcbaf3c4891c1d35ec4cf01f464e59411986e01f75d6f4e3c7f0922b52b80f	SEMANTIC_PARAMETER_OBLIGATION	docs/audits/v49-exploration-higher-order-association-closure-round16b/raw/parameter-reconciliation-ledger-v2.tsv	10	maximum_node_count	"{""round16a_assumption_status"":""REQUIRES_HIGHER_ORDER_REJUSTIFICATION""}"	94160e29682515fc8c409cb106a61bba6b215a8c4c948912d3b386d8eff59332	SUPERSEDED_BY_OPEN_OBLIGATION	"[""R16B-CURRENT-OBLIGATION:SEMANTIC_AND_PRODUCT_ARITY_BOUND""]"	"[""docs/audits/v49-exploration-higher-order-association-closure-round16b/raw/recursive-gap-current-obligation-ledger-checkpoint012-v1.tsv""]"	CURRENT_SUCCESSOR_BLOCKS_AT_LEAST_ONE_CLOSURE	c9940dde30b455467daff2fbef2d31d55d9cf2f28f5f21ff2afb3e1ddd7e5a99
R16B-PRIOR-RECORD:1a02001185674738811931ad62071c2b288e2bbd79e6544d9fde37aa0a042013	SEMANTIC_PARAMETER_OBLIGATION	docs/audits/v49-exploration-higher-order-association-closure-round16b/raw/parameter-reconciliation-ledger-v2.tsv	12	node_set	"{""round16a_assumption_status"":""REQUIRES_HIGHER_ORDER_REJUSTIFICATION""}"	ad8e0162f9f8d6ad218d69f2b14f6c5a63e0478e76614605073b76a840237a0c	SUPERSEDED_BY_OPEN_OBLIGATION	"[""R16B-CURRENT-OBLIGATION:SEMANTIC_AND_PRODUCT_ARITY_BOUND""]"	"[""docs/audits/v49-exploration-higher-order-association-closure-round16b/raw/recursive-gap-current-obligation-ledger-checkpoint012-v1.tsv""]"	CURRENT_SUCCESSOR_BLOCKS_AT_LEAST_ONE_CLOSURE	ded02c34f3944d8e4ebd3f3715f7413d57175487e679fe248f1b53a13c530ce0
R16B-PRIOR-RECORD:11ea5699b1e3bb3416a50f40bc070afb699c46abf86fb364aad4393c4605512a	SEMANTIC_PARAMETER_OBLIGATION	docs/audits/v49-exploration-higher-order-association-closure-round16b/raw/parameter-reconciliation-ledger-v2.tsv	13	pruning	"{""round16a_assumption_status"":""REQUIRES_HIGHER_ORDER_REJUSTIFICATION""}"	9fb8a0a2ed9548d429601628d678275c6e85071a711ab0e7233631b4b8b77e06	SUPERSEDED_BY_OPEN_OBLIGATION	"[""R16B-CURRENT-OBLIGATION:SEMANTIC_AND_PRODUCT_ARITY_BOUND""]"	"[""docs/audits/v49-exploration-higher-order-association-closure-round16b/raw/recursive-gap-current-obligation-ledger-checkpoint012-v1.tsv""]"	CURRENT_SUCCESSOR_BLOCKS_AT_LEAST_ONE_CLOSURE	c994e93bf67b321032acf2abbf79a42dd3fa097cfb7d2e6cbe816839b79b57e1
R16B-PRIOR-RECORD:575cb7ddcd1e17dae0c58ddf7cc756c25f929270c12617fef3d8d376b9216386	SEMANTIC_PARAMETER_OBLIGATION	docs/audits/v49-exploration-higher-order-association-closure-round16b/raw/parameter-reconciliation-ledger-v2.tsv	14	qualification_gate	"{""round16a_assumption_status"":""REQUIRES_HIGHER_ORDER_REJUSTIFICATION""}"	2d4e39e0881055cc360733d31959d518d1a7dfce1c61aa7806e8842cbfeedd40	SUPERSEDED_BY_OPEN_OBLIGATION	"[""R16B-CURRENT-OBLIGATION:SEMANTIC_AND_PRODUCT_ARITY_BOUND""]"	"[""docs/audits/v49-exploration-higher-order-association-closure-round16b/raw/recursive-gap-current-obligation-ledger-checkpoint012-v1.tsv""]"	CURRENT_SUCCESSOR_BLOCKS_AT_LEAST_ONE_CLOSURE	e2dcf90a6a87f3cbb2e0aa1d9f56c86d4321112ac5f75c381af0e19e185929b5
R16B-PRIOR-RECORD:50ae8f91c2d56c58e2e6233f18e0679d0f57376f760b94407cd133bffeea9791	SEMANTIC_PARAMETER_OBLIGATION	docs/audits/v49-exploration-higher-order-association-closure-round16b/raw/parameter-reconciliation-ledger-v2.tsv	17	split	"{""round16a_assumption_status"":""REQUIRES_HIGHER_ORDER_REJUSTIFICATION""}"	46b43af04825d50677b867bb7f5ae0d02cc22166985437c37673be6e3164c1aa	SUPERSEDED_BY_OPEN_OBLIGATION	"[""R16B-CURRENT-OBLIGATION:SEMANTIC_AND_PRODUCT_ARITY_BOUND""]"	"[""docs/audits/v49-exploration-higher-order-association-closure-round16b/raw/recursive-gap-current-obligation-ledger-checkpoint012-v1.tsv""]"	CURRENT_SUCCESSOR_BLOCKS_AT_LEAST_ONE_CLOSURE	d118fdd4ed601e22648d887d9b76a3c6f529c3efad92667901b6353bf1dd90fa
R16B-PRIOR-RECORD:4f2e3cd74fb91d1d07710a6860f33f575b1f7195032286e13326be365b214b46	SEMANTIC_PARAMETER_OBLIGATION	docs/audits/v49-exploration-higher-order-association-closure-round16b/raw/parameter-reconciliation-ledger-v2.tsv	19	topology	"{""round16a_assumption_status"":""REQUIRES_HIGHER_ORDER_REJUSTIFICATION""}"	4c018011b15c8cbe190eef9b5fa05ca94f61f0e3a9780b97008908a7bc382ea9	SUPERSEDED_BY_OPEN_OBLIGATION	"[""R16B-CURRENT-OBLIGATION:SEMANTIC_AND_PRODUCT_ARITY_BOUND""]"	"[""docs/audits/v49-exploration-higher-order-association-closure-round16b/raw/recursive-gap-current-obligation-ledger-checkpoint012-v1.tsv""]"	CURRENT_SUCCESSOR_BLOCKS_AT_LEAST_ONE_CLOSURE	cd7be6c8d0182465c95443e012160b8e650dad3c11d589adf7163242576b4e46
R16B-PRIOR-RECORD:e9d5e37b41638bb01f9918038f471cd6e715684742cb8371c10e8b1bbe6a0696	SOURCE_RIGHTS_QUEUE	docs/audits/v49-exploration-higher-order-association-closure-round16b/raw/source-canonical-rights-queue-v2.tsv	2	R16B-SOURCE:02210c41d8e5caf902fe3fe7f7b49e8321f029f1d7d65354562caa95b4218407	"{""association_evidence_status"":""NOT_EVIDENCE_METADATA_IDENTITY_ONLY"",""locator_review_status"":""NOT_REVIEWED"",""rights_review_status"":""PENDING"",""text_access_status"":""NOT_REVIEWED""}"	d1124a542dbf4317edf9e82fce59f2c782b18f3c9a9d5774a59a7dc3d50ec772	SUPERSEDED_BY_OPEN_OBLIGATION	"[""R16B-CURRENT-OBLIGATION:RIGHTS_AND_LAWFUL_TEXT""]"	"[""docs/audits/v49-exploration-higher-order-association-closure-round16b/raw/recursive-gap-current-obligation-ledger-checkpoint012-v1.tsv""]"	CURRENT_SUCCESSOR_BLOCKS_AT_LEAST_ONE_CLOSURE	7a56a291d1ec35d598a6f3bdc18bbc4e1aae4ea3be297fd58845e79b329f99ac
R16B-PRIOR-RECORD:6fabc66a30b3421a1b5c986370c95fc0dd5145f8535e1c9b084dfa94d30a6a26	SOURCE_RIGHTS_QUEUE	docs/audits/v49-exploration-higher-order-association-closure-round16b/raw/source-canonical-rights-queue-v2.tsv	3	R16B-SOURCE:025d8e088073ab13069b5936bbb5b32f507578e3119955d2180e547233d03953	"{""association_evidence_status"":""NOT_EVIDENCE_METADATA_IDENTITY_ONLY"",""locator_review_status"":""NOT_REVIEWED"",""rights_review_status"":""PENDING"",""text_access_status"":""NOT_REVIEWED""}"	a874469201caae0691447ecc297c9d9c4d4dbf7e348047d1fe0cffd4d16c2246	SUPERSEDED_BY_OPEN_OBLIGATION	"[""R16B-CURRENT-OBLIGATION:RIGHTS_AND_LAWFUL_TEXT""]"	"[""docs/audits/v49-exploration-higher-order-association-closure-round16b/raw/recursive-gap-current-obligation-ledger-checkpoint012-v1.tsv""]"	CURRENT_SUCCESSOR_BLOCKS_AT_LEAST_ONE_CLOSURE	d7f3b220eb98f460f162145be15bcf7900cfd97ff4d918c56b139677bfc6fa20
R16B-PRIOR-RECORD:3d75cdc3b0f067f586dbe8961551c93bfef3440233bd95478522502059333ee6	SOURCE_RIGHTS_QUEUE	docs/audits/v49-exploration-higher-order-association-closure-round16b/raw/source-canonical-rights-queue-v2.tsv	4	R16B-SOURCE:030d41bc7e3b350d278c8cb8a7f716224873f628b3e19c64489a183c2065eadb	"{""association_evidence_status"":""NOT_EVIDENCE_METADATA_IDENTITY_ONLY"",""locator_review_status"":""NOT_REVIEWED"",""rights_review_status"":""PENDING"",""text_access_status"":""NOT_REVIEWED""}"	53f3609d755d0e33d1f6bec92f08dd13cdcde27705af4a7cf776e42517ac88c0	SUPERSEDED_BY_OPEN_OBLIGATION	"[""R16B-CURRENT-OBLIGATION:RIGHTS_AND_LAWFUL_TEXT""]"	"[""docs/audits/v49-exploration-higher-order-association-closure-round16b/raw/recursive-gap-current-obligation-ledger-checkpoint012-v1.tsv""]"	CURRENT_SUCCESSOR_BLOCKS_AT_LEAST_ONE_CLOSURE	8b412210d2cb962d6e88f4c4d3c8e8fba87ddd33c554610c2beb665bbfc7afce
R16B-PRIOR-RECORD:af0cccc6ca07c69a2e7836683b9c3fa39e9b5ce00a3d288e023f39ca81b87cd5	SOURCE_RIGHTS_QUEUE	docs/audits/v49-exploration-higher-order-association-closure-round16b/raw/source-canonical-rights-queue-v2.tsv	5	R16B-SOURCE:0b3a316a31cb9775bc3e43b849d639f4f5f2f23f8b828aa3b04523b45aa3b565	"{""association_evidence_status"":""NOT_EVIDENCE_METADATA_IDENTITY_ONLY"",""locator_review_status"":""NOT_REVIEWED"",""rights_review_status"":""PENDING"",""text_access_status"":""NOT_REVIEWED""}"	fcedd5a7bead2242800fd4d76985cf487a86cb0eff9b39bdab63252f3fd93890	SUPERSEDED_BY_OPEN_OBLIGATION	"[""R16B-CURRENT-OBLIGATION:RIGHTS_AND_LAWFUL_TEXT""]"	"[""docs/audits/v49-exploration-higher-order-association-closure-round16b/raw/recursive-gap-current-obligation-ledger-checkpoint012-v1.tsv""]"	CURRENT_SUCCESSOR_BLOCKS_AT_LEAST_ONE_CLOSURE	f7d42addf4a70e81399e9e1cad7cfa3e8a919013866171bb279b2ba6b78d5861
R16B-PRIOR-RECORD:c60552d2c76bc5a034f20e7237abcb01be3fcaeb073e4a08e0e1960804b4d762	SOURCE_RIGHTS_QUEUE	docs/audits/v49-exploration-higher-order-association-closure-round16b/raw/source-canonical-rights-queue-v2.tsv	6	R16B-SOURCE:0cc8437a2c1cfd309efe788c2bf0dbc4a2774137011dc0fbc2a769869443c91d	"{""association_evidence_status"":""NOT_EVIDENCE_METADATA_IDENTITY_ONLY"",""locator_review_status"":""NOT_REVIEWED"",""rights_review_status"":""PENDING"",""text_access_status"":""NOT_REVIEWED""}"	f70ea9870bc4a8c99c4b74f934981bbdea9a43ce8906a330dd51de1c32587957	SUPERSEDED_BY_OPEN_OBLIGATION	"[""R16B-CURRENT-OBLIGATION:RIGHTS_AND_LAWFUL_TEXT""]"	"[""docs/audits/v49-exploration-higher-order-association-closure-round16b/raw/recursive-gap-current-obligation-ledger-checkpoint012-v1.tsv""]"	CURRENT_SUCCESSOR_BLOCKS_AT_LEAST_ONE_CLOSURE	8ed910cf4708792ed542988454a1ec32b433522f9ae1dd41691a65d547fe3ded
R16B-PRIOR-RECORD:a20baf559c8d712f362a1bb93cc351289ed04043ef7a5d8b4122ca63fdf19dcb	SOURCE_RIGHTS_QUEUE	docs/audits/v49-exploration-higher-order-association-closure-round16b/raw/source-canonical-rights-queue-v2.tsv	7	R16B-SOURCE:126e8a358227bd7817e76e84dc4232a4fc262806a5a68d2f48139fff893cb644	"{""association_evidence_status"":""NOT_EVIDENCE_METADATA_IDENTITY_ONLY"",""locator_review_status"":""NOT_REVIEWED"",""rights_review_status"":""PENDING"",""text_access_status"":""NOT_REVIEWED""}"	4139955b8b26f4d21355b6842e1b17c40d75b9f72e4659697a2646b3a354c4e2	SUPERSEDED_BY_OPEN_OBLIGATION	"[""R16B-CURRENT-OBLIGATION:RIGHTS_AND_LAWFUL_TEXT""]"	"[""docs/audits/v49-exploration-higher-order-association-closure-round16b/raw/recursive-gap-current-obligation-ledger-checkpoint012-v1.tsv""]"	CURRENT_SUCCESSOR_BLOCKS_AT_LEAST_ONE_CLOSURE	8e65c03c70301901837abb56b17f642d74c04adadf3e469b2359a95dbb1b5257
R16B-PRIOR-RECORD:6a01e04ea9435d7c6a9daef64fb0b3ece313bae0f5b25d438a6f68b9173d0662	SOURCE_RIGHTS_QUEUE	docs/audits/v49-exploration-higher-order-association-closure-round16b/raw/source-canonical-rights-queue-v2.tsv	8	R16B-SOURCE:15c92feb3085387dc21480db3e669ecb03f01414d6dd6bd59be51fd1fafef6e2	"{""association_evidence_status"":""NOT_EVIDENCE_METADATA_IDENTITY_ONLY"",""locator_review_status"":""NOT_REVIEWED"",""rights_review_status"":""PENDING"",""text_access_status"":""NOT_REVIEWED""}"	c76d4ade924a4c334476682236efbeeed843def74c1e1becf70ec002827c743a	SUPERSEDED_BY_OPEN_OBLIGATION	"[""R16B-CURRENT-OBLIGATION:RIGHTS_AND_LAWFUL_TEXT""]"	"[""docs/audits/v49-exploration-higher-order-association-closure-round16b/raw/recursive-gap-current-obligation-ledger-checkpoint012-v1.tsv""]"	CURRENT_SUCCESSOR_BLOCKS_AT_LEAST_ONE_CLOSURE	efe75f62409f200fb937affab99888992770f644786bde2fbc16e4e13e9644b7
R16B-PRIOR-RECORD:8246cee2e4b4dc4e764efa3aeb41798b0c324615fd09782fb0c0e78c89cc96ea	SOURCE_RIGHTS_QUEUE	docs/audits/v49-exploration-higher-order-association-closure-round16b/raw/source-canonical-rights-queue-v2.tsv	9	R16B-SOURCE:1752fcde91a8d5c80af2c4971ac839f0f93a62ac08586547ccc7725abe4b7619	"{""association_evidence_status"":""NOT_EVIDENCE_METADATA_IDENTITY_ONLY"",""locator_review_status"":""NOT_REVIEWED"",""rights_review_status"":""PENDING"",""text_access_status"":""NOT_REVIEWED""}"	5e351d852f25d72d9d33c8f594e46729c10f2fb54c3172972acb78d16292a2d1	RESOLVED_BY_COMMITTED_ARTIFACT	[]	"[""docs/audits/v49-exploration-higher-order-association-closure-round16b/raw/source-rights-ledger-shard-1-v1.tsv#R16B-SOURCE-RIGHTS:569d85ded5c332bfc6fbb1676230e8ad38af543c9d3fc3e5b70eb10c28e2d35f""]"	TECHNICAL_OR_METHOD_GAP_RESOLVED_NO_CLOSURE_INFERENCE	3828e74dc2d2049a09dba79d99d798c2345e5ae8c6f5470fe1071db6763d4309
R16B-PRIOR-RECORD:ddbed29e9afd389b1aa89569bcffc3a06d9cf8cc3a9be4e0c5f5cee5096810ef	SOURCE_RIGHTS_QUEUE	docs/audits/v49-exploration-higher-order-association-closure-round16b/raw/source-canonical-rights-queue-v2.tsv	10	R16B-SOURCE:21f5bf1145bcd7e6ea6300e64efb27b57fa805ef2595db4918593fd74cead7fa	"{""association_evidence_status"":""NOT_EVIDENCE_METADATA_IDENTITY_ONLY"",""locator_review_status"":""NOT_REVIEWED"",""rights_review_status"":""PENDING"",""text_access_status"":""NOT_REVIEWED""}"	2730b6d88c270a5ad29974d4a7899ac2c30c80a31a52380d097364c7f98b444e	SUPERSEDED_BY_OPEN_OBLIGATION	"[""R16B-CURRENT-OBLIGATION:RIGHTS_AND_LAWFUL_TEXT""]"	"[""docs/audits/v49-exploration-higher-order-association-closure-round16b/raw/recursive-gap-current-obligation-ledger-checkpoint012-v1.tsv""]"	CURRENT_SUCCESSOR_BLOCKS_AT_LEAST_ONE_CLOSURE	4495f3ecea8005e98619d82a72c34ee3d963b7b542971c0f9974e81ddb81c2bf
R16B-PRIOR-RECORD:a19af595f5fa007c6560e06014e7ae4efb6dfd2b6e2134243a158c4ea33c143b	SOURCE_RIGHTS_QUEUE	docs/audits/v49-exploration-higher-order-association-closure-round16b/raw/source-canonical-rights-queue-v2.tsv	11	R16B-SOURCE:243d4cc2d34ac8278bb1e05be705790bea876262385649195b9a49099af51b55	"{""association_evidence_status"":""NOT_EVIDENCE_METADATA_IDENTITY_ONLY"",""locator_review_status"":""NOT_REVIEWED"",""rights_review_status"":""PENDING"",""text_access_status"":""NOT_REVIEWED""}"	5339d997bed006ede8272d0e17e13a7856ab19db4e84e9213876e536cb8c5cbf	SUPERSEDED_BY_OPEN_OBLIGATION	"[""R16B-CURRENT-OBLIGATION:RIGHTS_AND_LAWFUL_TEXT""]"	"[""docs/audits/v49-exploration-higher-order-association-closure-round16b/raw/recursive-gap-current-obligation-ledger-checkpoint012-v1.tsv""]"	CURRENT_SUCCESSOR_BLOCKS_AT_LEAST_ONE_CLOSURE	124a6efc51b335afa2c09c5b7c08c43f6afc255da42c51996a9ad6ef95a94eed
R16B-PRIOR-RECORD:f8d95d6bbc8ad2f73612d2a99a0b5e389e2e60ecc4cc7b79f415b93369978aef	SOURCE_RIGHTS_QUEUE	docs/audits/v49-exploration-higher-order-association-closure-round16b/raw/source-canonical-rights-queue-v2.tsv	12	R16B-SOURCE:25fe7267411241128cec77566ce1eaeaff5f74eefaa0abb19c56bd5fc34f0036	"{""association_evidence_status"":""NOT_EVIDENCE_METADATA_IDENTITY_ONLY"",""locator_review_status"":""NOT_REVIEWED"",""rights_review_status"":""PENDING"",""text_access_status"":""NOT_REVIEWED""}"	283e9a6a2888b6977d98d4269ee056cd5619db2970a7e47cce0801ea7c2ae63b	SUPERSEDED_BY_OPEN_OBLIGATION	"[""R16B-CURRENT-OBLIGATION:RIGHTS_AND_LAWFUL_TEXT""]"	"[""docs/audits/v49-exploration-higher-order-association-closure-round16b/raw/recursive-gap-current-obligation-ledger-checkpoint012-v1.tsv""]"	CURRENT_SUCCESSOR_BLOCKS_AT_LEAST_ONE_CLOSURE	d2bfb88caec209548a4bd5b452a6c8fab3e6446f18d57e9c4e481e42f1a0f133
R16B-PRIOR-RECORD:7f4556c0de263b3b8e03bf8d6068703d2473eb2124d4eff600a4836daf6a24bd	SOURCE_RIGHTS_QUEUE	docs/audits/v49-exploration-higher-order-association-closure-round16b/raw/source-canonical-rights-queue-v2.tsv	13	R16B-SOURCE:286ff9bdec25b954ad305aa1feca804d2623bd9d50adaa7581c30023cec4d33c	"{""association_evidence_status"":""NOT_EVIDENCE_METADATA_IDENTITY_ONLY"",""locator_review_status"":""NOT_REVIEWED"",""rights_review_status"":""PENDING"",""text_access_status"":""NOT_REVIEWED""}"	56d412e7e677359fe22457572c694051a43a0d584dd8dfd70cf811f3dc2b96c2	SUPERSEDED_BY_OPEN_OBLIGATION	"[""R16B-CURRENT-OBLIGATION:RIGHTS_AND_LAWFUL_TEXT""]"	"[""docs/audits/v49-exploration-higher-order-association-closure-round16b/raw/recursive-gap-current-obligation-ledger-checkpoint012-v1.tsv""]"	CURRENT_SUCCESSOR_BLOCKS_AT_LEAST_ONE_CLOSURE	deae7ba41c9f723747c1297abb426f357b6eea29154d15b42a89ab5fccda70d3
R16B-PRIOR-RECORD:d960afdfa484d5483d2c95f3ff6991e5e86f04a57568dcf49ed50fb90214a62b	SOURCE_RIGHTS_QUEUE	docs/audits/v49-exploration-higher-order-association-closure-round16b/raw/source-canonical-rights-queue-v2.tsv	14	R16B-SOURCE:2a0e8a5870d44c9986e4af9f6ffabf9b1691f7c2cb6a5b8dcbc5cedd284d873c	"{""association_evidence_status"":""NOT_EVIDENCE_METADATA_IDENTITY_ONLY"",""locator_review_status"":""NOT_REVIEWED"",""rights_review_status"":""PENDING"",""text_access_status"":""NOT_REVIEWED""}"	25ff209fb5116b7b7dc32f5755cec20040353e29cd01a753d3a460858a683697	SUPERSEDED_BY_OPEN_OBLIGATION	"[""R16B-CURRENT-OBLIGATION:RIGHTS_AND_LAWFUL_TEXT""]"	"[""docs/audits/v49-exploration-higher-order-association-closure-round16b/raw/recursive-gap-current-obligation-ledger-checkpoint012-v1.tsv""]"	CURRENT_SUCCESSOR_BLOCKS_AT_LEAST_ONE_CLOSURE	7d51b9987a0838ae6a2a410d10f202c4a22be2428f45cca278ad62adc2f37047
R16B-PRIOR-RECORD:13dce6977e853605d778acf7d3c845abb646855e45db87c19b2aa0d4ea69c101	SOURCE_RIGHTS_QUEUE	docs/audits/v49-exploration-higher-order-association-closure-round16b/raw/source-canonical-rights-queue-v2.tsv	15	R16B-SOURCE:2a36b972c2df052417ef3750f91556c2abb05dcab07df42239eef2e1b45eb6d8	"{""association_evidence_status"":""NOT_EVIDENCE_METADATA_IDENTITY_ONLY"",""locator_review_status"":""NOT_REVIEWED"",""rights_review_status"":""PENDING"",""text_access_status"":""NOT_REVIEWED""}"	f7d0c94af5582e7edb71c0f9afcd681b9695711942f502bab24484371e9ab022	SUPERSEDED_BY_OPEN_OBLIGATION	"[""R16B-CURRENT-OBLIGATION:RIGHTS_AND_LAWFUL_TEXT""]"	"[""docs/audits/v49-exploration-higher-order-association-closure-round16b/raw/recursive-gap-current-obligation-ledger-checkpoint012-v1.tsv""]"	CURRENT_SUCCESSOR_BLOCKS_AT_LEAST_ONE_CLOSURE	3451c4681707f6a45fa9db20caec51cd7ccb3602ec50ac0205ea82aa4b155d14
R16B-PRIOR-RECORD:aed753ffd089184f229f72b57ba35e56f1a404d480bda1891f1f6cb2a92a383d	SOURCE_RIGHTS_QUEUE	docs/audits/v49-exploration-higher-order-association-closure-round16b/raw/source-canonical-rights-queue-v2.tsv	16	R16B-SOURCE:2d5d3290c5f700ab1d7dcdb7ea103dbd8726600a12d64b9c912d87cf3f93a39b	"{""association_evidence_status"":""NOT_EVIDENCE_METADATA_IDENTITY_ONLY"",""locator_review_status"":""NOT_REVIEWED"",""rights_review_status"":""PENDING"",""text_access_status"":""NOT_REVIEWED""}"	de0af8a74be615286cceb3fc6d687012100e5b6faa3f399772c491a1f0c426ca	SUPERSEDED_BY_OPEN_OBLIGATION	"[""R16B-CURRENT-OBLIGATION:RIGHTS_AND_LAWFUL_TEXT""]"	"[""docs/audits/v49-exploration-higher-order-association-closure-round16b/raw/recursive-gap-current-obligation-ledger-checkpoint012-v1.tsv""]"	CURRENT_SUCCESSOR_BLOCKS_AT_LEAST_ONE_CLOSURE	f4af32d1f0cae30bfee0400c0567043b7e8a126fc41b80530225c237d37f310c
R16B-PRIOR-RECORD:0a53c2e48d03644f537087a4d3db3baea02346a141be27080ef4a089e47926bb	SOURCE_RIGHTS_QUEUE	docs/audits/v49-exploration-higher-order-association-closure-round16b/raw/source-canonical-rights-queue-v2.tsv	17	R16B-SOURCE:2f69dcdb257a4afefd3a4b46bdc833fe34c637fe89bc76b38f5aa4ab5eaa8e04	"{""association_evidence_status"":""NOT_EVIDENCE_METADATA_IDENTITY_ONLY"",""locator_review_status"":""NOT_REVIEWED"",""rights_review_status"":""PENDING"",""text_access_status"":""NOT_REVIEWED""}"	fce201f6fbfc30a5cf47bfe0d2deb45d2dce01535985a908df66203e18f575ea	SUPERSEDED_BY_OPEN_OBLIGATION	"[""R16B-CURRENT-OBLIGATION:RIGHTS_AND_LAWFUL_TEXT""]"	"[""docs/audits/v49-exploration-higher-order-association-closure-round16b/raw/recursive-gap-current-obligation-ledger-checkpoint012-v1.tsv""]"	CURRENT_SUCCESSOR_BLOCKS_AT_LEAST_ONE_CLOSURE	61f7fde69a7cdc48bae988c0f5fe67c334a0ae8480e0f4b7f5747958eb0ea2ae
R16B-PRIOR-RECORD:42dded8b7799aa2ff2007d44e4be6e3c6d3c18b98fd4b351633ed3e6939fd4a9	SOURCE_RIGHTS_QUEUE	docs/audits/v49-exploration-higher-order-association-closure-round16b/raw/source-canonical-rights-queue-v2.tsv	18	R16B-SOURCE:31cc56a4398e3a7a2cdf6d0e390aa18b480d0cc36959fa3e8a70e43e80801855	"{""association_evidence_status"":""NOT_EVIDENCE_METADATA_IDENTITY_ONLY"",""locator_review_status"":""NOT_REVIEWED"",""rights_review_status"":""PENDING"",""text_access_status"":""NOT_REVIEWED""}"	50a617906f73e82d895b693cf573b1a70079183a85aecd8b75e90b2dcf4a9a33	SUPERSEDED_BY_OPEN_OBLIGATION	"[""R16B-CURRENT-OBLIGATION:RIGHTS_AND_LAWFUL_TEXT""]"	"[""docs/audits/v49-exploration-higher-order-association-closure-round16b/raw/recursive-gap-current-obligation-ledger-checkpoint012-v1.tsv""]"	CURRENT_SUCCESSOR_BLOCKS_AT_LEAST_ONE_CLOSURE	a65738dd7efccdeef323380e3bbae7487c7d69f2161b85cc681298965dd77ed5
R16B-PRIOR-RECORD:442dab0e1572f6012314a4a028b53c0430505a965248a79ed5de30086dda6191	SOURCE_RIGHTS_QUEUE	docs/audits/v49-exploration-higher-order-association-closure-round16b/raw/source-canonical-rights-queue-v2.tsv	19	R16B-SOURCE:32fea0fc08f5e325cad64014d79fcfbff8ac1647dfbcf1867f21a71d6d7f67b3	"{""association_evidence_status"":""NOT_EVIDENCE_METADATA_IDENTITY_ONLY"",""locator_review_status"":""NOT_REVIEWED"",""rights_review_status"":""PENDING"",""text_access_status"":""NOT_REVIEWED""}"	eb7eaa79e10c40ac58deb1b0b9b10968831100c17c682ce01a733c4cacd7afd7	RESOLVED_BY_COMMITTED_ARTIFACT	[]	"[""docs/audits/v49-exploration-higher-order-association-closure-round16b/raw/source-rights-ledger-shard-1-v1.tsv#R16B-SOURCE-RIGHTS:2b52559c15daa087b990ef678263b19250d46f6b72433883a59dd76bb48c9be9""]"	TECHNICAL_OR_METHOD_GAP_RESOLVED_NO_CLOSURE_INFERENCE	2c8013d2db200994d067ac1544c890553ffe7151fe63f14483017c75ec03693e
R16B-PRIOR-RECORD:5c3ac83983cc5e03998b6938d25053a8ffd256d1faa00232cedf0aae67511ac4	SOURCE_RIGHTS_QUEUE	docs/audits/v49-exploration-higher-order-association-closure-round16b/raw/source-canonical-rights-queue-v2.tsv	20	R16B-SOURCE:344d06e3195edcc35feb0eb9943e907bca58dfbf41e76458c4a306126ecf39bc	"{""association_evidence_status"":""NOT_EVIDENCE_METADATA_IDENTITY_ONLY"",""locator_review_status"":""NOT_REVIEWED"",""rights_review_status"":""PENDING"",""text_access_status"":""NOT_REVIEWED""}"	ecd7ac7505172269a05ae5098b4a77fd433ff7fbec52f520b2cc56b202db7a1b	SUPERSEDED_BY_OPEN_OBLIGATION	"[""R16B-CURRENT-OBLIGATION:RIGHTS_AND_LAWFUL_TEXT""]"	"[""docs/audits/v49-exploration-higher-order-association-closure-round16b/raw/recursive-gap-current-obligation-ledger-checkpoint012-v1.tsv""]"	CURRENT_SUCCESSOR_BLOCKS_AT_LEAST_ONE_CLOSURE	11173f3ab8cea8b5b7f4e9ac65424cb8f9e2eb4f8706d5bd1c61e28f913cf8b7
R16B-PRIOR-RECORD:9cd3d2039cbd9248d0d1a90409a617caacd9e999d9c11818cb7c93ec76137d9e	SOURCE_RIGHTS_QUEUE	docs/audits/v49-exploration-higher-order-association-closure-round16b/raw/source-canonical-rights-queue-v2.tsv	21	R16B-SOURCE:35910c1de3b938bb64faa7a79dd21ba54d5690820638bfe60ba024ad43742fd7	"{""association_evidence_status"":""NOT_EVIDENCE_METADATA_IDENTITY_ONLY"",""locator_review_status"":""NOT_REVIEWED"",""rights_review_status"":""PENDING"",""text_access_status"":""NOT_REVIEWED""}"	dd7ec22ee6e3b6cb7e8cf03deb2d561c4f5bf1105de29d7062c324f14c59bf06	SUPERSEDED_BY_OPEN_OBLIGATION	"[""R16B-CURRENT-OBLIGATION:RIGHTS_AND_LAWFUL_TEXT""]"	"[""docs/audits/v49-exploration-higher-order-association-closure-round16b/raw/recursive-gap-current-obligation-ledger-checkpoint012-v1.tsv""]"	CURRENT_SUCCESSOR_BLOCKS_AT_LEAST_ONE_CLOSURE	2b400dfdd6d2e8c6eac29953284ad6489938ed160dd03bdb5ac088b38a4b31b9
R16B-PRIOR-RECORD:7c8c41cbc42bb74629102dadec0e7dd9b0b470a401a9cf53c1c6036d66bdd9e6	SOURCE_RIGHTS_QUEUE	docs/audits/v49-exploration-higher-order-association-closure-round16b/raw/source-canonical-rights-queue-v2.tsv	22	R16B-SOURCE:36f8bdee1ef2eca5af6cb410d72c1ddb70b1764095869c82d0a05096e5955f62	"{""association_evidence_status"":""NOT_EVIDENCE_METADATA_IDENTITY_ONLY"",""locator_review_status"":""NOT_REVIEWED"",""rights_review_status"":""PENDING"",""text_access_status"":""NOT_REVIEWED""}"	f0478e4e62b7a2c1ab2918c7daf58f48bab34a0d90c5b695c582983d4291668f	SUPERSEDED_BY_OPEN_OBLIGATION	"[""R16B-CURRENT-OBLIGATION:RIGHTS_AND_LAWFUL_TEXT""]"	"[""docs/audits/v49-exploration-higher-order-association-closure-round16b/raw/recursive-gap-current-obligation-ledger-checkpoint012-v1.tsv""]"	CURRENT_SUCCESSOR_BLOCKS_AT_LEAST_ONE_CLOSURE	029afebfe61c0067e4d107f9cba911d2c8498f68d3d78f6a7a7f33babaa14988
R16B-PRIOR-RECORD:a5a9154caccc0a19ee2d42cb048080bfbcfb7e32ff5d2e2fa4e75cf3b3654903	SOURCE_RIGHTS_QUEUE	docs/audits/v49-exploration-higher-order-association-closure-round16b/raw/source-canonical-rights-queue-v2.tsv	23	R16B-SOURCE:3a59bbd7d928188410254f0adcdbb21326cdaa8e8d91bf5e0f89a422245760c2	"{""association_evidence_status"":""NOT_EVIDENCE_METADATA_IDENTITY_ONLY"",""locator_review_status"":""NOT_REVIEWED"",""rights_review_status"":""PENDING"",""text_access_status"":""NOT_REVIEWED""}"	0ebf067ee19190f3a3d0b6825c8aa4e22ad7d5153b531e7b03a13131a98700cf	SUPERSEDED_BY_OPEN_OBLIGATION	"[""R16B-CURRENT-OBLIGATION:RIGHTS_AND_LAWFUL_TEXT""]"	"[""docs/audits/v49-exploration-higher-order-association-closure-round16b/raw/recursive-gap-current-obligation-ledger-checkpoint012-v1.tsv""]"	CURRENT_SUCCESSOR_BLOCKS_AT_LEAST_ONE_CLOSURE	e41b72d07e3ce4f0f229dd501de372bf6eed50f1bb04365f7919c91582d296cd
R16B-PRIOR-RECORD:bea2b44bce3d50e174f33bd9f75f07cf9f569e0a149baa4767026ca4d7c251fd	SOURCE_RIGHTS_QUEUE	docs/audits/v49-exploration-higher-order-association-closure-round16b/raw/source-canonical-rights-queue-v2.tsv	24	R16B-SOURCE:4600bf60cf9ef6cc2155bf938b57226df10b57c94a4409f21682f76cf70ecb3f	"{""association_evidence_status"":""NOT_EVIDENCE_METADATA_IDENTITY_ONLY"",""locator_review_status"":""NOT_REVIEWED"",""rights_review_status"":""PENDING"",""text_access_status"":""NOT_REVIEWED""}"	a6bff8ac07c197aa3ae9afa64e6e3b01b21c2bceb60802a61f936f7ce840ff61	SUPERSEDED_BY_OPEN_OBLIGATION	"[""R16B-CURRENT-OBLIGATION:RIGHTS_AND_LAWFUL_TEXT""]"	"[""docs/audits/v49-exploration-higher-order-association-closure-round16b/raw/recursive-gap-current-obligation-ledger-checkpoint012-v1.tsv""]"	CURRENT_SUCCESSOR_BLOCKS_AT_LEAST_ONE_CLOSURE	96f8014e4dd7181c29f612c4b320cb7710f15590b658ee71bea33efcd0c15c47
R16B-PRIOR-RECORD:280b7694d54df53da1670eec261d67291e608ca3238fabf412c44644e725052a	SOURCE_RIGHTS_QUEUE	docs/audits/v49-exploration-higher-order-association-closure-round16b/raw/source-canonical-rights-queue-v2.tsv	25	R16B-SOURCE:48096af6b4c8298e0d0d1fc59e4a88db4513bb1d7467f511fefe737b05cfd717	"{""association_evidence_status"":""NOT_EVIDENCE_METADATA_IDENTITY_ONLY"",""locator_review_status"":""NOT_REVIEWED"",""rights_review_status"":""PENDING"",""text_access_status"":""NOT_REVIEWED""}"	6d2841dc43b8bf1deb008b68b430932a15b1015b02f8f939b4061ce599b0468b	SUPERSEDED_BY_OPEN_OBLIGATION	"[""R16B-CURRENT-OBLIGATION:RIGHTS_AND_LAWFUL_TEXT""]"	"[""docs/audits/v49-exploration-higher-order-association-closure-round16b/raw/recursive-gap-current-obligation-ledger-checkpoint012-v1.tsv""]"	CURRENT_SUCCESSOR_BLOCKS_AT_LEAST_ONE_CLOSURE	bc61d671f5ec3a0ba774232fe3d65d5b3db302bd328279339719a92b76d1734a
R16B-PRIOR-RECORD:840b3ce885beb7d9c5938892f6d1399ddf79b0f2f1768277079449657b172ac1	SOURCE_RIGHTS_QUEUE	docs/audits/v49-exploration-higher-order-association-closure-round16b/raw/source-canonical-rights-queue-v2.tsv	26	R16B-SOURCE:4e0ae75c3628da42b43e1a46726c645afb41bf622108ce4510784739ab28c997	"{""association_evidence_status"":""NOT_EVIDENCE_METADATA_IDENTITY_ONLY"",""locator_review_status"":""NOT_REVIEWED"",""rights_review_status"":""PENDING"",""text_access_status"":""NOT_REVIEWED""}"	0cdb3de592b0aca3a487cc606b626d9db990b4458cd70dbbcbe395991f04bc48	SUPERSEDED_BY_OPEN_OBLIGATION	"[""R16B-CURRENT-OBLIGATION:RIGHTS_AND_LAWFUL_TEXT""]"	"[""docs/audits/v49-exploration-higher-order-association-closure-round16b/raw/recursive-gap-current-obligation-ledger-checkpoint012-v1.tsv""]"	CURRENT_SUCCESSOR_BLOCKS_AT_LEAST_ONE_CLOSURE	8d8e321dc4857765dfc49c50e417243322179aca9c7cb6dcb014aca5935530d7
R16B-PRIOR-RECORD:de0d3636492d2fcc5a607cf9cf51be328c803b0c37b6cfa2dac846def9c93413	SOURCE_RIGHTS_QUEUE	docs/audits/v49-exploration-higher-order-association-closure-round16b/raw/source-canonical-rights-queue-v2.tsv	27	R16B-SOURCE:4f7e4a2df6dde72a8ac903bd0a15568b252ea157e3b1ab633091a9ab182e1488	"{""association_evidence_status"":""NOT_EVIDENCE_METADATA_IDENTITY_ONLY"",""locator_review_status"":""NOT_REVIEWED"",""rights_review_status"":""PENDING"",""text_access_status"":""NOT_REVIEWED""}"	63002d337a578760946271413ef6cf5019ba52ed6dbd4132c2996552f6b44d30	SUPERSEDED_BY_OPEN_OBLIGATION	"[""R16B-CURRENT-OBLIGATION:RIGHTS_AND_LAWFUL_TEXT""]"	"[""docs/audits/v49-exploration-higher-order-association-closure-round16b/raw/recursive-gap-current-obligation-ledger-checkpoint012-v1.tsv""]"	CURRENT_SUCCESSOR_BLOCKS_AT_LEAST_ONE_CLOSURE	bbcffe5f4b2832e87a838234c8b9fdedd358e7251f80218149b752e9e6dfb0e3
R16B-PRIOR-RECORD:b016e2edfd69adc1684cc16da8d134802eec67b22218908f917644c11ce64ae3	SOURCE_RIGHTS_QUEUE	docs/audits/v49-exploration-higher-order-association-closure-round16b/raw/source-canonical-rights-queue-v2.tsv	28	R16B-SOURCE:505090d90266ff232b4fc63c36533b75cff8cc2625ca86898817629403440f82	"{""association_evidence_status"":""NOT_EVIDENCE_METADATA_IDENTITY_ONLY"",""locator_review_status"":""NOT_REVIEWED"",""rights_review_status"":""PENDING"",""text_access_status"":""NOT_REVIEWED""}"	f3174b035f92c45efc38b004db45952bed9a9eab9c58f9ef9b97b8af8ae1c163	SUPERSEDED_BY_OPEN_OBLIGATION	"[""R16B-CURRENT-OBLIGATION:RIGHTS_AND_LAWFUL_TEXT""]"	"[""docs/audits/v49-exploration-higher-order-association-closure-round16b/raw/recursive-gap-current-obligation-ledger-checkpoint012-v1.tsv""]"	CURRENT_SUCCESSOR_BLOCKS_AT_LEAST_ONE_CLOSURE	f3986b0841145a4833ff530df7c1f8003a4717f1898deff44a1a98f6229cd821
R16B-PRIOR-RECORD:8046b9a79c9c88da2a13efbbf58b7b2b1db155a82ef4907207cd7b5991eb4b02	SOURCE_RIGHTS_QUEUE	docs/audits/v49-exploration-higher-order-association-closure-round16b/raw/source-canonical-rights-queue-v2.tsv	29	R16B-SOURCE:515fe8763710342f982724acbe94d7b48d2dcc6672f6ee111d2390b8bd6af1db	"{""association_evidence_status"":""NOT_EVIDENCE_METADATA_IDENTITY_ONLY"",""locator_review_status"":""NOT_REVIEWED"",""rights_review_status"":""PENDING"",""text_access_status"":""NOT_REVIEWED""}"	f5d8599a29623a5cb5a3c2ccd928e1ad138bfde8549bfd32ed0a7253098680e8	SUPERSEDED_BY_OPEN_OBLIGATION	"[""R16B-CURRENT-OBLIGATION:RIGHTS_AND_LAWFUL_TEXT""]"	"[""docs/audits/v49-exploration-higher-order-association-closure-round16b/raw/recursive-gap-current-obligation-ledger-checkpoint012-v1.tsv""]"	CURRENT_SUCCESSOR_BLOCKS_AT_LEAST_ONE_CLOSURE	5de30fdb98508ffee0a7c94bfda7be62f25bfb53d3995dc958738798d1c4f992
R16B-PRIOR-RECORD:0253721bb305f4b75e16cd1a56df653ba947646ec4214ce8bbfe8e41bf124c06	SOURCE_RIGHTS_QUEUE	docs/audits/v49-exploration-higher-order-association-closure-round16b/raw/source-canonical-rights-queue-v2.tsv	30	R16B-SOURCE:524a429d0381d267c1dfa8f193ac2e198b4e5b446435d16c0951a4eeffb7483b	"{""association_evidence_status"":""NOT_EVIDENCE_METADATA_IDENTITY_ONLY"",""locator_review_status"":""NOT_REVIEWED"",""rights_review_status"":""PENDING"",""text_access_status"":""NOT_REVIEWED""}"	e49dafa50eeca4eb0ba0e74676d7571f8869743834272e0e70fb99f1797f4d44	SUPERSEDED_BY_OPEN_OBLIGATION	"[""R16B-CURRENT-OBLIGATION:RIGHTS_AND_LAWFUL_TEXT""]"	"[""docs/audits/v49-exploration-higher-order-association-closure-round16b/raw/recursive-gap-current-obligation-ledger-checkpoint012-v1.tsv""]"	CURRENT_SUCCESSOR_BLOCKS_AT_LEAST_ONE_CLOSURE	71fd7ed3aa928a22a6094d657dcaa6949b9326d75520afe4b8d6782dc84d306f
R16B-PRIOR-RECORD:a7955d25a57e908c9ebcd2b31cee982620854c305461b99d96307cc7512d2808	SOURCE_RIGHTS_QUEUE	docs/audits/v49-exploration-higher-order-association-closure-round16b/raw/source-canonical-rights-queue-v2.tsv	31	R16B-SOURCE:534ddd1ab4c72183b6146a69dff317fe530b56788e1efc3a0c0daf6587eb0c45	"{""association_evidence_status"":""NOT_EVIDENCE_METADATA_IDENTITY_ONLY"",""locator_review_status"":""NOT_REVIEWED"",""rights_review_status"":""PENDING"",""text_access_status"":""NOT_REVIEWED""}"	9447848bcd510c616000c4b3be113f7c20eda4281261b7aae630d43c0a713355	SUPERSEDED_BY_OPEN_OBLIGATION	"[""R16B-CURRENT-OBLIGATION:RIGHTS_AND_LAWFUL_TEXT""]"	"[""docs/audits/v49-exploration-higher-order-association-closure-round16b/raw/recursive-gap-current-obligation-ledger-checkpoint012-v1.tsv""]"	CURRENT_SUCCESSOR_BLOCKS_AT_LEAST_ONE_CLOSURE	6e143b4b85c18e274e4eb9d880b4fcbd7c470bc659f5650526843854dc416b3b
R16B-PRIOR-RECORD:59b00597f0ea462fc62b17ce64bc899ae8755b83995e7581b41b8587978db1ff	SOURCE_RIGHTS_QUEUE	docs/audits/v49-exploration-higher-order-association-closure-round16b/raw/source-canonical-rights-queue-v2.tsv	32	R16B-SOURCE:564db5875c0a65ed3b45ac8629f4a895316e7ef4f60ac3cf10925b276d17c757	"{""association_evidence_status"":""NOT_EVIDENCE_METADATA_IDENTITY_ONLY"",""locator_review_status"":""NOT_REVIEWED"",""rights_review_status"":""PENDING"",""text_access_status"":""NOT_REVIEWED""}"	61489468343dcead4ac80f5e1dd38f7103b42994df20c49ff7c8359de5bd0194	SUPERSEDED_BY_OPEN_OBLIGATION	"[""R16B-CURRENT-OBLIGATION:RIGHTS_AND_LAWFUL_TEXT""]"	"[""docs/audits/v49-exploration-higher-order-association-closure-round16b/raw/recursive-gap-current-obligation-ledger-checkpoint012-v1.tsv""]"	CURRENT_SUCCESSOR_BLOCKS_AT_LEAST_ONE_CLOSURE	45d427e54a52e1cba31888d5878d5aad9b9973b48b17358081182e62c8a60892
R16B-PRIOR-RECORD:c85eaaaf5f3b3625387018c499e5dfc0fa359cf909d0c6cc0b5fe3c76065f271	SOURCE_RIGHTS_QUEUE	docs/audits/v49-exploration-higher-order-association-closure-round16b/raw/source-canonical-rights-queue-v2.tsv	33	R16B-SOURCE:59ff541c0f8d45a00f7ca11ca246a54ac9771fdecb68ef88e152fe122cd7f794	"{""association_evidence_status"":""NOT_EVIDENCE_METADATA_IDENTITY_ONLY"",""locator_review_status"":""NOT_REVIEWED"",""rights_review_status"":""PENDING"",""text_access_status"":""NOT_REVIEWED""}"	610aeb3d5e3f558e32f23734f00d3b16f0fc71878253ed0bc3f1272b3e9de315	RESOLVED_BY_COMMITTED_ARTIFACT	[]	"[""docs/audits/v49-exploration-higher-order-association-closure-round16b/raw/source-rights-ledger-shard-1-v1.tsv#R16B-SOURCE-RIGHTS:287a7dab979b82cdcf23cc86d884cea00c0d796bad891986e18620c48b41fe0d""]"	TECHNICAL_OR_METHOD_GAP_RESOLVED_NO_CLOSURE_INFERENCE	81a97a639c88f14e8e49184c54d2ed8521a3efdb5f3ca6959c574bbe289d9ea1
R16B-PRIOR-RECORD:75113071d244cfc897305e79fc154bafd9855afd061e3153b76b0abad85c3105	SOURCE_RIGHTS_QUEUE	docs/audits/v49-exploration-higher-order-association-closure-round16b/raw/source-canonical-rights-queue-v2.tsv	34	R16B-SOURCE:5a680dc00a51b3ae166566cf49291864e94b7e216aff5d25d35546ef6e2b774a	"{""association_evidence_status"":""NOT_EVIDENCE_METADATA_IDENTITY_ONLY"",""locator_review_status"":""NOT_REVIEWED"",""rights_review_status"":""PENDING"",""text_access_status"":""NOT_REVIEWED""}"	b0aa641ce58aa715688815a9db5044c06319e4a5744320a8e8f016dbbc2f08d2	SUPERSEDED_BY_OPEN_OBLIGATION	"[""R16B-CURRENT-OBLIGATION:RIGHTS_AND_LAWFUL_TEXT""]"	"[""docs/audits/v49-exploration-higher-order-association-closure-round16b/raw/recursive-gap-current-obligation-ledger-checkpoint012-v1.tsv""]"	CURRENT_SUCCESSOR_BLOCKS_AT_LEAST_ONE_CLOSURE	99f21a19a7c360f0c50b991e2a5865ecb1ba4a3a6bd60a05044f056a35ce8988
R16B-PRIOR-RECORD:f44b2c1ed2b6bbeb7952d4b35ce095f6dd11ba45d0230e0e145301a6f161bac7	SOURCE_RIGHTS_QUEUE	docs/audits/v49-exploration-higher-order-association-closure-round16b/raw/source-canonical-rights-queue-v2.tsv	35	R16B-SOURCE:5ac08a34ab733e7c78c904b217a1b2306b112b0d0feec342d5bd45886b15e2b4	"{""association_evidence_status"":""NOT_EVIDENCE_METADATA_IDENTITY_ONLY"",""locator_review_status"":""NOT_REVIEWED"",""rights_review_status"":""PENDING"",""text_access_status"":""NOT_REVIEWED""}"	32d8d73523dd1f1555416f7fb649d2962c52d50a3d30bb638f45eff20e21a444	SUPERSEDED_BY_OPEN_OBLIGATION	"[""R16B-CURRENT-OBLIGATION:RIGHTS_AND_LAWFUL_TEXT""]"	"[""docs/audits/v49-exploration-higher-order-association-closure-round16b/raw/recursive-gap-current-obligation-ledger-checkpoint012-v1.tsv""]"	CURRENT_SUCCESSOR_BLOCKS_AT_LEAST_ONE_CLOSURE	b53e98599b35f56c158e05696421f1af26ba6b0a3ce25f21143ff4446d348e86
R16B-PRIOR-RECORD:bf935dd05d1aaa29ca7d81de9f85b40c00948c1533efe46bf9a1f650a367d3b4	SOURCE_RIGHTS_QUEUE	docs/audits/v49-exploration-higher-order-association-closure-round16b/raw/source-canonical-rights-queue-v2.tsv	36	R16B-SOURCE:5be20c9eaf34054d52e8786893381c5e256f88580450a85a22abe0f1b3a816ad	"{""association_evidence_status"":""NOT_EVIDENCE_METADATA_IDENTITY_ONLY"",""locator_review_status"":""NOT_REVIEWED"",""rights_review_status"":""PENDING"",""text_access_status"":""NOT_REVIEWED""}"	d40f01dd91b3ab8202fc1748e3a6a1f217ab909c6bc72922e81fe403564a7fa1	SUPERSEDED_BY_OPEN_OBLIGATION	"[""R16B-CURRENT-OBLIGATION:RIGHTS_AND_LAWFUL_TEXT""]"	"[""docs/audits/v49-exploration-higher-order-association-closure-round16b/raw/recursive-gap-current-obligation-ledger-checkpoint012-v1.tsv""]"	CURRENT_SUCCESSOR_BLOCKS_AT_LEAST_ONE_CLOSURE	a368bb2b3163af37ba9f84d6fe6b48e7d31c148e8209c6a6139f3e3054679979
R16B-PRIOR-RECORD:e2c4844061455f24f4eff927c0facd01e3d3545212fe1151f4573f94a143a68a	SOURCE_RIGHTS_QUEUE	docs/audits/v49-exploration-higher-order-association-closure-round16b/raw/source-canonical-rights-queue-v2.tsv	37	R16B-SOURCE:5d193c4d3a98f82da91159c05a3fefc51ea0a1d90ded438d86d4dfd59899336b	"{""association_evidence_status"":""NOT_EVIDENCE_METADATA_IDENTITY_ONLY"",""locator_review_status"":""NOT_REVIEWED"",""rights_review_status"":""PENDING"",""text_access_status"":""NOT_REVIEWED""}"	c40eb48032de02a19fb6ddaf0bbd328f3588ae9dbe52c4dfe6de4afefbaded05	SUPERSEDED_BY_OPEN_OBLIGATION	"[""R16B-CURRENT-OBLIGATION:RIGHTS_AND_LAWFUL_TEXT""]"	"[""docs/audits/v49-exploration-higher-order-association-closure-round16b/raw/recursive-gap-current-obligation-ledger-checkpoint012-v1.tsv""]"	CURRENT_SUCCESSOR_BLOCKS_AT_LEAST_ONE_CLOSURE	46e902421c0ea314be301367c31993054b390297f6efd17dbdeabb9393115764
R16B-PRIOR-RECORD:be8143513300a7f79ade3bb29018fea44df76372d10b6edb419d55158038ee15	SOURCE_RIGHTS_QUEUE	docs/audits/v49-exploration-higher-order-association-closure-round16b/raw/source-canonical-rights-queue-v2.tsv	38	R16B-SOURCE:605d28eeb3342629852452981730f1e808f68c4accb887475b5e824ede6ac9e0	"{""association_evidence_status"":""NOT_EVIDENCE_METADATA_IDENTITY_ONLY"",""locator_review_status"":""NOT_REVIEWED"",""rights_review_status"":""PENDING"",""text_access_status"":""NOT_REVIEWED""}"	0f87604d35bc83aa6c146fecadf116e68ea4d37873348e580caea4c7951436f6	SUPERSEDED_BY_OPEN_OBLIGATION	"[""R16B-CURRENT-OBLIGATION:RIGHTS_AND_LAWFUL_TEXT""]"	"[""docs/audits/v49-exploration-higher-order-association-closure-round16b/raw/recursive-gap-current-obligation-ledger-checkpoint012-v1.tsv""]"	CURRENT_SUCCESSOR_BLOCKS_AT_LEAST_ONE_CLOSURE	631f80a05b1a32cc560af03d2f06a912849957dd7a8d430b4332ddbe17ab1314
R16B-PRIOR-RECORD:6c412054c71aec4819cd09770169eff7fb2aa22a0142bfe198c97c8a3b26d0f7	SOURCE_RIGHTS_QUEUE	docs/audits/v49-exploration-higher-order-association-closure-round16b/raw/source-canonical-rights-queue-v2.tsv	39	R16B-SOURCE:62514ad085065f6b5933004d7bc07276154dbd30b43b434f5393adcd6615f194	"{""association_evidence_status"":""NOT_EVIDENCE_METADATA_IDENTITY_ONLY"",""locator_review_status"":""NOT_REVIEWED"",""rights_review_status"":""PENDING"",""text_access_status"":""NOT_REVIEWED""}"	6501ba89d766a91d2c45a7f79122f12052bc949caa775674cd19c20dde7b583d	RESOLVED_BY_COMMITTED_ARTIFACT	[]	"[""docs/audits/v49-exploration-higher-order-association-closure-round16b/raw/source-rights-ledger-shard-1-v1.tsv#R16B-SOURCE-RIGHTS:792deb978e44b23efaafec4d923a10daddcf58e09c438794429a4e460a10ec31""]"	TECHNICAL_OR_METHOD_GAP_RESOLVED_NO_CLOSURE_INFERENCE	6603ea1430e88a1d6ff66d7c8ca7a98199df8ed4831b271130944c99dabfd4d7
R16B-PRIOR-RECORD:842927ecd0c0913e7f3c0210985b2b7630033f25737b6a38325666cb9ecd3cbf	SOURCE_RIGHTS_QUEUE	docs/audits/v49-exploration-higher-order-association-closure-round16b/raw/source-canonical-rights-queue-v2.tsv	40	R16B-SOURCE:6766f325425788f10d060fec02ef73240660d33afe467dc5be3d12ab3216c5ee	"{""association_evidence_status"":""NOT_EVIDENCE_METADATA_IDENTITY_ONLY"",""locator_review_status"":""NOT_REVIEWED"",""rights_review_status"":""PENDING"",""text_access_status"":""NOT_REVIEWED""}"	7a3fbd0c5ae336dbf90c3a8c7359a74b7ab808835693354615dfec02eb54226f	SUPERSEDED_BY_OPEN_OBLIGATION	"[""R16B-CURRENT-OBLIGATION:RIGHTS_AND_LAWFUL_TEXT""]"	"[""docs/audits/v49-exploration-higher-order-association-closure-round16b/raw/recursive-gap-current-obligation-ledger-checkpoint012-v1.tsv""]"	CURRENT_SUCCESSOR_BLOCKS_AT_LEAST_ONE_CLOSURE	b5487a1e7c171a52a5ac30eb215a384654a8c3ec0bd5473de79949b2e4bf170b
R16B-PRIOR-RECORD:634a6170603e76afe18a9e676ddb4b7950092a88e8af452a99e43a10f0fa155e	SOURCE_RIGHTS_QUEUE	docs/audits/v49-exploration-higher-order-association-closure-round16b/raw/source-canonical-rights-queue-v2.tsv	41	R16B-SOURCE:6f88b0c2a4bda8ea096c4184bc82cb55f23dbe257dc8c164b47fbdebbe079f32	"{""association_evidence_status"":""NOT_EVIDENCE_METADATA_IDENTITY_ONLY"",""locator_review_status"":""NOT_REVIEWED"",""rights_review_status"":""PENDING"",""text_access_status"":""NOT_REVIEWED""}"	eda4b88b619dc8085d4713afb3bb0f0fcfad6a11b52e69227b863fe81b8d1f4f	SUPERSEDED_BY_OPEN_OBLIGATION	"[""R16B-CURRENT-OBLIGATION:RIGHTS_AND_LAWFUL_TEXT""]"	"[""docs/audits/v49-exploration-higher-order-association-closure-round16b/raw/recursive-gap-current-obligation-ledger-checkpoint012-v1.tsv""]"	CURRENT_SUCCESSOR_BLOCKS_AT_LEAST_ONE_CLOSURE	3595546318a6d53426edb20c24d1c94ef8be10a1311378fa74e7c3d1a8fed971
R16B-PRIOR-RECORD:65fb418f9e0661f8a697a7ce8c88daf1a559953d793b5d1dcf355bed0b49639a	SOURCE_RIGHTS_QUEUE	docs/audits/v49-exploration-higher-order-association-closure-round16b/raw/source-canonical-rights-queue-v2.tsv	42	R16B-SOURCE:76638f628458fbb80972fada891a2c2b05b3adb4c1bc85b78355e6c0c3a85b78	"{""association_evidence_status"":""NOT_EVIDENCE_METADATA_IDENTITY_ONLY"",""locator_review_status"":""NOT_REVIEWED"",""rights_review_status"":""PENDING"",""text_access_status"":""NOT_REVIEWED""}"	5a3fbe4a27cae4fa0b104ed4a772b1b8919711b23b2920d8f3fb69d89f085a86	SUPERSEDED_BY_OPEN_OBLIGATION	"[""R16B-CURRENT-OBLIGATION:RIGHTS_AND_LAWFUL_TEXT""]"	"[""docs/audits/v49-exploration-higher-order-association-closure-round16b/raw/recursive-gap-current-obligation-ledger-checkpoint012-v1.tsv""]"	CURRENT_SUCCESSOR_BLOCKS_AT_LEAST_ONE_CLOSURE	a62b5e7124bbc9d6e76525d7fa8e66f89aaa336270ce4d058881478765c7b5be
R16B-PRIOR-RECORD:23542609c9ec6c99a62cc15c1d1225feaa72d3a37e41dec5cc074bea586131aa	SOURCE_RIGHTS_QUEUE	docs/audits/v49-exploration-higher-order-association-closure-round16b/raw/source-canonical-rights-queue-v2.tsv	43	R16B-SOURCE:793f97084bb65ecf84629574db1d229732605ce26c2f6ab9a8728bf6cd5e6d92	"{""association_evidence_status"":""NOT_EVIDENCE_METADATA_IDENTITY_ONLY"",""locator_review_status"":""NOT_REVIEWED"",""rights_review_status"":""PENDING"",""text_access_status"":""NOT_REVIEWED""}"	4c3e4de9be347813cc6b8e56ad3b7d7d5a158bfc869857126a5bc56ef9b5fcaf	SUPERSEDED_BY_OPEN_OBLIGATION	"[""R16B-CURRENT-OBLIGATION:RIGHTS_AND_LAWFUL_TEXT""]"	"[""docs/audits/v49-exploration-higher-order-association-closure-round16b/raw/recursive-gap-current-obligation-ledger-checkpoint012-v1.tsv""]"	CURRENT_SUCCESSOR_BLOCKS_AT_LEAST_ONE_CLOSURE	d27ec9547d391c1ccc568799a8c8e161207a091c815996a88c3d9de8abc747dc
R16B-PRIOR-RECORD:f4c4c1756844c26947ecf0dd77ab3c14f0a7271e540aaa515ff29bf72861da3c	SOURCE_RIGHTS_QUEUE	docs/audits/v49-exploration-higher-order-association-closure-round16b/raw/source-canonical-rights-queue-v2.tsv	44	R16B-SOURCE:7fa7cd47f98c1230ea844b10bea38c2b8c230323adbcea7205dd913ab462eaac	"{""association_evidence_status"":""NOT_EVIDENCE_METADATA_IDENTITY_ONLY"",""locator_review_status"":""NOT_REVIEWED"",""rights_review_status"":""PENDING"",""text_access_status"":""NOT_REVIEWED""}"	ec9d140f7a1336e8a5f0eec117ede1987abd702ec9099972c63bfdc723c38e5c	SUPERSEDED_BY_OPEN_OBLIGATION	"[""R16B-CURRENT-OBLIGATION:RIGHTS_AND_LAWFUL_TEXT""]"	"[""docs/audits/v49-exploration-higher-order-association-closure-round16b/raw/recursive-gap-current-obligation-ledger-checkpoint012-v1.tsv""]"	CURRENT_SUCCESSOR_BLOCKS_AT_LEAST_ONE_CLOSURE	041287ad27200ed3d0b1afcc14adce64f2bcb71ef04c73d8762788084b789a39
R16B-PRIOR-RECORD:70c735ac43cb871fbb749c271147a06022f8e571883f5cf0e128807f035afc51	SOURCE_RIGHTS_QUEUE	docs/audits/v49-exploration-higher-order-association-closure-round16b/raw/source-canonical-rights-queue-v2.tsv	45	R16B-SOURCE:81f58d97133c9c3e2c6ef5af577705c458ad33661296d2daaa37d47c2d4b72f3	"{""association_evidence_status"":""NOT_EVIDENCE_METADATA_IDENTITY_ONLY"",""locator_review_status"":""NOT_REVIEWED"",""rights_review_status"":""PENDING"",""text_access_status"":""NOT_REVIEWED""}"	0cedc98ebb6accc345acb8fe0617858d26ccc2b60d572b227752aac0c7329f24	SUPERSEDED_BY_OPEN_OBLIGATION	"[""R16B-CURRENT-OBLIGATION:RIGHTS_AND_LAWFUL_TEXT""]"	"[""docs/audits/v49-exploration-higher-order-association-closure-round16b/raw/recursive-gap-current-obligation-ledger-checkpoint012-v1.tsv""]"	CURRENT_SUCCESSOR_BLOCKS_AT_LEAST_ONE_CLOSURE	8ffe1c574f75e6eb403882721c77c25296e0915bc75f592c6b0011d495dbeaab
R16B-PRIOR-RECORD:94c2cbf18d764ddd28f2cd39f4c18fd0025ec9a8d097c50d72b2e045f48c006e	SOURCE_RIGHTS_QUEUE	docs/audits/v49-exploration-higher-order-association-closure-round16b/raw/source-canonical-rights-queue-v2.tsv	46	R16B-SOURCE:863ee3bb3bca5cd3103e6dbbbfc6d4ecd662b8820bdbfd54d5c364f192990dc5	"{""association_evidence_status"":""NOT_EVIDENCE_METADATA_IDENTITY_ONLY"",""locator_review_status"":""NOT_REVIEWED"",""rights_review_status"":""PENDING"",""text_access_status"":""NOT_REVIEWED""}"	7ed0126925d558c179536ad709b76529919af4aa915a907f49858ea9f8a039b8	SUPERSEDED_BY_OPEN_OBLIGATION	"[""R16B-CURRENT-OBLIGATION:RIGHTS_AND_LAWFUL_TEXT""]"	"[""docs/audits/v49-exploration-higher-order-association-closure-round16b/raw/recursive-gap-current-obligation-ledger-checkpoint012-v1.tsv""]"	CURRENT_SUCCESSOR_BLOCKS_AT_LEAST_ONE_CLOSURE	dababf98d6fb6f77fec6bea9cf447018a1d507d4bb391745997d02c970c05045
R16B-PRIOR-RECORD:cb68d5c7bc254885bb84ec54cf83745a54893dcf54ab06eedf818423fa9f4b74	SOURCE_RIGHTS_QUEUE	docs/audits/v49-exploration-higher-order-association-closure-round16b/raw/source-canonical-rights-queue-v2.tsv	47	R16B-SOURCE:86eeb10fbb1caddcf8fbd3595fd781148cdf15f0555941ba9a9a03b39c00218d	"{""association_evidence_status"":""NOT_EVIDENCE_METADATA_IDENTITY_ONLY"",""locator_review_status"":""NOT_REVIEWED"",""rights_review_status"":""PENDING"",""text_access_status"":""NOT_REVIEWED""}"	500bc093df7a5930fb5c3da29a80819ba8d629da388fd4f074c5f820a7c23466	SUPERSEDED_BY_OPEN_OBLIGATION	"[""R16B-CURRENT-OBLIGATION:RIGHTS_AND_LAWFUL_TEXT""]"	"[""docs/audits/v49-exploration-higher-order-association-closure-round16b/raw/recursive-gap-current-obligation-ledger-checkpoint012-v1.tsv""]"	CURRENT_SUCCESSOR_BLOCKS_AT_LEAST_ONE_CLOSURE	4418217577ad55e341816bc35b02128f1647889d457cbc33425a9a3658be1b19
R16B-PRIOR-RECORD:0393664e06c7eed31f165ade53a3d36ac3b4ea3df7f5755b46e9f45d873f3784	SOURCE_RIGHTS_QUEUE	docs/audits/v49-exploration-higher-order-association-closure-round16b/raw/source-canonical-rights-queue-v2.tsv	48	R16B-SOURCE:8a4473c57d1fb1e45ac775173de154521bbc0a058267792e2c4bf05b948016ec	"{""association_evidence_status"":""NOT_EVIDENCE_METADATA_IDENTITY_ONLY"",""locator_review_status"":""NOT_REVIEWED"",""rights_review_status"":""PENDING"",""text_access_status"":""NOT_REVIEWED""}"	7d029398d7d0adebb04753ac4463c15400fffdb143cb8f82514e96bdeacbc486	SUPERSEDED_BY_OPEN_OBLIGATION	"[""R16B-CURRENT-OBLIGATION:RIGHTS_AND_LAWFUL_TEXT""]"	"[""docs/audits/v49-exploration-higher-order-association-closure-round16b/raw/recursive-gap-current-obligation-ledger-checkpoint012-v1.tsv""]"	CURRENT_SUCCESSOR_BLOCKS_AT_LEAST_ONE_CLOSURE	c88bbb4dfd22959ad939a289782d706b386ca24857cd1041cf2a04b9440536c4
R16B-PRIOR-RECORD:f2fe693f51498518bbb757cbe7ee2858f5c7bf4151ea1ee6d23ae26893265e3e	SOURCE_RIGHTS_QUEUE	docs/audits/v49-exploration-higher-order-association-closure-round16b/raw/source-canonical-rights-queue-v2.tsv	49	R16B-SOURCE:8bdd1e4fb535f6642815a51e57658446af31b196c6a54ff81e394eec71db8e53	"{""association_evidence_status"":""NOT_EVIDENCE_METADATA_IDENTITY_ONLY"",""locator_review_status"":""NOT_REVIEWED"",""rights_review_status"":""PENDING"",""text_access_status"":""NOT_REVIEWED""}"	a3a06f84bea45074aa34da36c95e480322a799584f882d6d0b45bf56cc900b8c	SUPERSEDED_BY_OPEN_OBLIGATION	"[""R16B-CURRENT-OBLIGATION:RIGHTS_AND_LAWFUL_TEXT""]"	"[""docs/audits/v49-exploration-higher-order-association-closure-round16b/raw/recursive-gap-current-obligation-ledger-checkpoint012-v1.tsv""]"	CURRENT_SUCCESSOR_BLOCKS_AT_LEAST_ONE_CLOSURE	863d564a3c427869653be1b4c5d7bb68147f768953ceb559bcaf98e6e02f8f4d
R16B-PRIOR-RECORD:983a9dc3c44a4dacc12e41c5a75ec1bb00593c3a65fb831a3b97c3bf7f5ef6cf	SOURCE_RIGHTS_QUEUE	docs/audits/v49-exploration-higher-order-association-closure-round16b/raw/source-canonical-rights-queue-v2.tsv	50	R16B-SOURCE:8ee17e9189170cf579911843496ee00458ef6bed6eab2372d277746f34487961	"{""association_evidence_status"":""NOT_EVIDENCE_METADATA_IDENTITY_ONLY"",""locator_review_status"":""NOT_REVIEWED"",""rights_review_status"":""PENDING"",""text_access_status"":""NOT_REVIEWED""}"	de0a253a7fdac317f4694e76749abdebfa5e5dc2931186b1748530c0bcb3cbd4	SUPERSEDED_BY_OPEN_OBLIGATION	"[""R16B-CURRENT-OBLIGATION:RIGHTS_AND_LAWFUL_TEXT""]"	"[""docs/audits/v49-exploration-higher-order-association-closure-round16b/raw/recursive-gap-current-obligation-ledger-checkpoint012-v1.tsv""]"	CURRENT_SUCCESSOR_BLOCKS_AT_LEAST_ONE_CLOSURE	4fcbf478c691cee942e2a50dcea35ab340253caced1802e19baeb3c5539129c2
R16B-PRIOR-RECORD:8e06912ca371f98a69de08aeabd71acd3b708e349fd93f573bbbac9d89998102	SOURCE_RIGHTS_QUEUE	docs/audits/v49-exploration-higher-order-association-closure-round16b/raw/source-canonical-rights-queue-v2.tsv	51	R16B-SOURCE:8f6aac6924c464305c937b9c21696ea514e0881b016a6e6f589ccda260faf093	"{""association_evidence_status"":""NOT_EVIDENCE_METADATA_IDENTITY_ONLY"",""locator_review_status"":""NOT_REVIEWED"",""rights_review_status"":""PENDING"",""text_access_status"":""NOT_REVIEWED""}"	ebeb130cdcc703a65f2d72f731fb68062eff5abf7e79af03f860ef92a8d55311	SUPERSEDED_BY_OPEN_OBLIGATION	"[""R16B-CURRENT-OBLIGATION:RIGHTS_AND_LAWFUL_TEXT""]"	"[""docs/audits/v49-exploration-higher-order-association-closure-round16b/raw/recursive-gap-current-obligation-ledger-checkpoint012-v1.tsv""]"	CURRENT_SUCCESSOR_BLOCKS_AT_LEAST_ONE_CLOSURE	245e99f38850b73f40b7af18cb728215c70a627a7e049a1769a91bc72fdfb69c
R16B-PRIOR-RECORD:fb998258860ba501dd20fac04fc326ee8863bb3c6bfe932b3478acece9a98474	SOURCE_RIGHTS_QUEUE	docs/audits/v49-exploration-higher-order-association-closure-round16b/raw/source-canonical-rights-queue-v2.tsv	52	R16B-SOURCE:90f4f59bbc7d8a6b72f76150e7fba4a6a5a7ad59237f41d77486af75c8a40d6f	"{""association_evidence_status"":""NOT_EVIDENCE_METADATA_IDENTITY_ONLY"",""locator_review_status"":""NOT_REVIEWED"",""rights_review_status"":""PENDING"",""text_access_status"":""NOT_REVIEWED""}"	7fb3ac98d1221cf36f628abd82bd082caec4bc33e3ba930bdf9d9ab6e4739663	SUPERSEDED_BY_OPEN_OBLIGATION	"[""R16B-CURRENT-OBLIGATION:RIGHTS_AND_LAWFUL_TEXT""]"	"[""docs/audits/v49-exploration-higher-order-association-closure-round16b/raw/recursive-gap-current-obligation-ledger-checkpoint012-v1.tsv""]"	CURRENT_SUCCESSOR_BLOCKS_AT_LEAST_ONE_CLOSURE	be1c8bb5c7a9d69a585ffbfcf710e975fa319b9be6a1344801239c82378bf179
R16B-PRIOR-RECORD:df4d530a23ceda17beb4c20765982a911138f74ee58488384b1df4931fc4b202	SOURCE_RIGHTS_QUEUE	docs/audits/v49-exploration-higher-order-association-closure-round16b/raw/source-canonical-rights-queue-v2.tsv	53	R16B-SOURCE:953906e05b565185e5432dacb3a361e3203904c1cf9b0393715daa0d59eca6e4	"{""association_evidence_status"":""NOT_EVIDENCE_METADATA_IDENTITY_ONLY"",""locator_review_status"":""NOT_REVIEWED"",""rights_review_status"":""PENDING"",""text_access_status"":""NOT_REVIEWED""}"	72d8544288b6dcc4baf99b5af9da8dd937d98803594cdd3a0146659f4a9cd035	SUPERSEDED_BY_OPEN_OBLIGATION	"[""R16B-CURRENT-OBLIGATION:RIGHTS_AND_LAWFUL_TEXT""]"	"[""docs/audits/v49-exploration-higher-order-association-closure-round16b/raw/recursive-gap-current-obligation-ledger-checkpoint012-v1.tsv""]"	CURRENT_SUCCESSOR_BLOCKS_AT_LEAST_ONE_CLOSURE	277aa1205725beb08dba2da1b569c57349fe186b437ace87654fca0617691278
R16B-PRIOR-RECORD:e548445439858006c75ecdd0caa5634c157064fefa98f8e25fb0c243f4d63ef1	SOURCE_RIGHTS_QUEUE	docs/audits/v49-exploration-higher-order-association-closure-round16b/raw/source-canonical-rights-queue-v2.tsv	54	R16B-SOURCE:95b17b085b52169a9d4ec05c928873ea68862bbbbdf03db4eaece174478f4808	"{""association_evidence_status"":""NOT_EVIDENCE_METADATA_IDENTITY_ONLY"",""locator_review_status"":""NOT_REVIEWED"",""rights_review_status"":""PENDING"",""text_access_status"":""NOT_REVIEWED""}"	d33d8da52a93254a41c0adfd15a7bc7cee69ef3b21d9cea5d9670a612d1eceab	SUPERSEDED_BY_OPEN_OBLIGATION	"[""R16B-CURRENT-OBLIGATION:RIGHTS_AND_LAWFUL_TEXT""]"	"[""docs/audits/v49-exploration-higher-order-association-closure-round16b/raw/recursive-gap-current-obligation-ledger-checkpoint012-v1.tsv""]"	CURRENT_SUCCESSOR_BLOCKS_AT_LEAST_ONE_CLOSURE	c31bd491764842254966d3cf2c79d4ac9475c93e729eae8be90c670ef8ac6c01
R16B-PRIOR-RECORD:d6f3a36ed9558a5e2bbb13367dd7060647bdf04d5d3080dfa5a7b93e9f0c2e80	SOURCE_RIGHTS_QUEUE	docs/audits/v49-exploration-higher-order-association-closure-round16b/raw/source-canonical-rights-queue-v2.tsv	55	R16B-SOURCE:96142d00fe9edfb319c8c1d9f84814e7f202e808e806da46b05d27e9810a4783	"{""association_evidence_status"":""NOT_EVIDENCE_METADATA_IDENTITY_ONLY"",""locator_review_status"":""NOT_REVIEWED"",""rights_review_status"":""PENDING"",""text_access_status"":""NOT_REVIEWED""}"	fcfedea6784f0143e6d89f655ef6d2369840b1d208ed9589ca469503c98fb8e6	SUPERSEDED_BY_OPEN_OBLIGATION	"[""R16B-CURRENT-OBLIGATION:RIGHTS_AND_LAWFUL_TEXT""]"	"[""docs/audits/v49-exploration-higher-order-association-closure-round16b/raw/recursive-gap-current-obligation-ledger-checkpoint012-v1.tsv""]"	CURRENT_SUCCESSOR_BLOCKS_AT_LEAST_ONE_CLOSURE	e6fead8a450729a770dd63e02cb9f65c0e91e6e751326ac1394401363795ecbd
R16B-PRIOR-RECORD:49780849f2c7f90895a92b36f5ce0b90dd1ec466b40871dce159f957fae3c71d	SOURCE_RIGHTS_QUEUE	docs/audits/v49-exploration-higher-order-association-closure-round16b/raw/source-canonical-rights-queue-v2.tsv	56	R16B-SOURCE:979d302c5e19d41640de80729f01a305910f63a90b63c30c2a013ad14779dc59	"{""association_evidence_status"":""NOT_EVIDENCE_METADATA_IDENTITY_ONLY"",""locator_review_status"":""NOT_REVIEWED"",""rights_review_status"":""PENDING"",""text_access_status"":""NOT_REVIEWED""}"	20daabe3d68b85c21f6f1ce8207067b46615fbfa1130c13fff42d85b0319e920	SUPERSEDED_BY_OPEN_OBLIGATION	"[""R16B-CURRENT-OBLIGATION:RIGHTS_AND_LAWFUL_TEXT""]"	"[""docs/audits/v49-exploration-higher-order-association-closure-round16b/raw/recursive-gap-current-obligation-ledger-checkpoint012-v1.tsv""]"	CURRENT_SUCCESSOR_BLOCKS_AT_LEAST_ONE_CLOSURE	5008da194aa3928704f3f7762d352e33023f8e59e4acd26b5e80a0bdb82eea81
R16B-PRIOR-RECORD:a6d7eb2f4c1c0752c77258d068a6c2bac878e107ce2760f2fd1a67f9f45b71a3	SOURCE_RIGHTS_QUEUE	docs/audits/v49-exploration-higher-order-association-closure-round16b/raw/source-canonical-rights-queue-v2.tsv	57	R16B-SOURCE:9aab755ae3440446d2c0407e39d2b2d78ff078e3b390e9ffe7a673bfd55e0f56	"{""association_evidence_status"":""NOT_EVIDENCE_METADATA_IDENTITY_ONLY"",""locator_review_status"":""NOT_REVIEWED"",""rights_review_status"":""PENDING"",""text_access_status"":""NOT_REVIEWED""}"	1d57cf5493a03b7a1d8a8ca4f5464df8332d312ed4685c0640e5db1b836145c0	SUPERSEDED_BY_OPEN_OBLIGATION	"[""R16B-CURRENT-OBLIGATION:RIGHTS_AND_LAWFUL_TEXT""]"	"[""docs/audits/v49-exploration-higher-order-association-closure-round16b/raw/recursive-gap-current-obligation-ledger-checkpoint012-v1.tsv""]"	CURRENT_SUCCESSOR_BLOCKS_AT_LEAST_ONE_CLOSURE	1a797b4367b43a9de4307917b708d94a2f06f1907473f3aa315ca0cc61d3871c
R16B-PRIOR-RECORD:9153606667b6d0ee27f6a04368532f038c7ab1ba4b3a06753ff7538df2aae750	SOURCE_RIGHTS_QUEUE	docs/audits/v49-exploration-higher-order-association-closure-round16b/raw/source-canonical-rights-queue-v2.tsv	58	R16B-SOURCE:9f1927990a30139c0eb3ccbc56f87e5c0bf143648cc00b7dab091dc8370c218c	"{""association_evidence_status"":""NOT_EVIDENCE_METADATA_IDENTITY_ONLY"",""locator_review_status"":""NOT_REVIEWED"",""rights_review_status"":""PENDING"",""text_access_status"":""NOT_REVIEWED""}"	f4fedc6ae42b79fab0cd34c49cf73673b0addc87842a9e727349f7cfe04a555d	SUPERSEDED_BY_OPEN_OBLIGATION	"[""R16B-CURRENT-OBLIGATION:RIGHTS_AND_LAWFUL_TEXT""]"	"[""docs/audits/v49-exploration-higher-order-association-closure-round16b/raw/recursive-gap-current-obligation-ledger-checkpoint012-v1.tsv""]"	CURRENT_SUCCESSOR_BLOCKS_AT_LEAST_ONE_CLOSURE	da9b5c7baddb9af7e17605a22bf10ff93d40c7adc9f992b56c6c32b091d4a6b0
R16B-PRIOR-RECORD:bb5b9b6574019785e080f54bddf03bc17dbec80afef10fd5a7be76f5150bdbf4	SOURCE_RIGHTS_QUEUE	docs/audits/v49-exploration-higher-order-association-closure-round16b/raw/source-canonical-rights-queue-v2.tsv	59	R16B-SOURCE:a31de9425194c3e2e5988f3fc941042b4a975c027ee92a5617be8e2c38ea752e	"{""association_evidence_status"":""NOT_EVIDENCE_METADATA_IDENTITY_ONLY"",""locator_review_status"":""NOT_REVIEWED"",""rights_review_status"":""PENDING"",""text_access_status"":""NOT_REVIEWED""}"	6a1616b1c9a5e2467700bcbd95bd742bf1ce0089d906641b88988436fc316c8d	SUPERSEDED_BY_OPEN_OBLIGATION	"[""R16B-CURRENT-OBLIGATION:RIGHTS_AND_LAWFUL_TEXT""]"	"[""docs/audits/v49-exploration-higher-order-association-closure-round16b/raw/recursive-gap-current-obligation-ledger-checkpoint012-v1.tsv""]"	CURRENT_SUCCESSOR_BLOCKS_AT_LEAST_ONE_CLOSURE	f8326fb6b26aee7369be9c5d911d6f546dd3ee2e5c73022ecd4b032b44c1c14a
R16B-PRIOR-RECORD:b776e32058c37cedff423bb8ef34478e81a1f66462fdd3382769fae90fc9489c	SOURCE_RIGHTS_QUEUE	docs/audits/v49-exploration-higher-order-association-closure-round16b/raw/source-canonical-rights-queue-v2.tsv	60	R16B-SOURCE:a371352fbb9d995f0447a0db19d0ed7d9fab06b731f66a2967f7a15af9126793	"{""association_evidence_status"":""NOT_EVIDENCE_METADATA_IDENTITY_ONLY"",""locator_review_status"":""NOT_REVIEWED"",""rights_review_status"":""PENDING"",""text_access_status"":""NOT_REVIEWED""}"	4e77535347f2601f9ffe4fede8eac28ee78ffdd0e69f8350587487ef357999d0	SUPERSEDED_BY_OPEN_OBLIGATION	"[""R16B-CURRENT-OBLIGATION:RIGHTS_AND_LAWFUL_TEXT""]"	"[""docs/audits/v49-exploration-higher-order-association-closure-round16b/raw/recursive-gap-current-obligation-ledger-checkpoint012-v1.tsv""]"	CURRENT_SUCCESSOR_BLOCKS_AT_LEAST_ONE_CLOSURE	4f8c78f6b2e7071d0cc596a0374747afa8a8c3794c76168387eb43e12d6e07f0
R16B-PRIOR-RECORD:6a73ef368ac461b144bd68d0046adb599f390ece89f1394c46801e84a75808dc	SOURCE_RIGHTS_QUEUE	docs/audits/v49-exploration-higher-order-association-closure-round16b/raw/source-canonical-rights-queue-v2.tsv	61	R16B-SOURCE:a3793eaef10631756cb09626d336f5a0452c5139fc5552b6d15d08da06a45504	"{""association_evidence_status"":""NOT_EVIDENCE_METADATA_IDENTITY_ONLY"",""locator_review_status"":""NOT_REVIEWED"",""rights_review_status"":""PENDING"",""text_access_status"":""NOT_REVIEWED""}"	b5c143847973d68f4c01205eb5a2107f97653c24cc1dd60f3fba50c9debf7b5d	SUPERSEDED_BY_OPEN_OBLIGATION	"[""R16B-CURRENT-OBLIGATION:RIGHTS_AND_LAWFUL_TEXT""]"	"[""docs/audits/v49-exploration-higher-order-association-closure-round16b/raw/recursive-gap-current-obligation-ledger-checkpoint012-v1.tsv""]"	CURRENT_SUCCESSOR_BLOCKS_AT_LEAST_ONE_CLOSURE	72f6b8aded084159f245d2d08184fcc9f7017c4a42739b47a2b56488ffe429d8
R16B-PRIOR-RECORD:e17f7e7dc83256137cfdd038a8070c192c3fdeeb12f0ed45b9c5ea286c773a08	SOURCE_RIGHTS_QUEUE	docs/audits/v49-exploration-higher-order-association-closure-round16b/raw/source-canonical-rights-queue-v2.tsv	62	R16B-SOURCE:a5d0469ac9518a10276fd96b7a24082d12592458001519efecb4779e1216ad95	"{""association_evidence_status"":""NOT_EVIDENCE_METADATA_IDENTITY_ONLY"",""locator_review_status"":""NOT_REVIEWED"",""rights_review_status"":""PENDING"",""text_access_status"":""NOT_REVIEWED""}"	4731214ac01de7d563e17506f3b8fecc64a4e76a2175db39681a6e079d8c6f7a	RESOLVED_BY_COMMITTED_ARTIFACT	[]	"[""docs/audits/v49-exploration-higher-order-association-closure-round16b/raw/source-rights-ledger-shard-1-v1.tsv#R16B-SOURCE-RIGHTS:46496cbb648d96b929b4a723925f8ebcbd97ccb95abab6dc96582641c5b61d54""]"	TECHNICAL_OR_METHOD_GAP_RESOLVED_NO_CLOSURE_INFERENCE	fe0b46d9dbe3a19e7bab1d04853f2331302ca95ded8c6351c6ef8c0f3c367ab2
R16B-PRIOR-RECORD:2212f723bbe0818cf1e40dbff6d7aab80c1252851819db8b8fb338381db36942	SOURCE_RIGHTS_QUEUE	docs/audits/v49-exploration-higher-order-association-closure-round16b/raw/source-canonical-rights-queue-v2.tsv	63	R16B-SOURCE:a61362442084e32693e94609080972c1be45d251fcf23e510d014a68aa43bd96	"{""association_evidence_status"":""NOT_EVIDENCE_METADATA_IDENTITY_ONLY"",""locator_review_status"":""NOT_REVIEWED"",""rights_review_status"":""PENDING"",""text_access_status"":""NOT_REVIEWED""}"	9aaa1a9ad8bf0e47e83a547199194b057844a788b411c7485cc959497d7631bd	SUPERSEDED_BY_OPEN_OBLIGATION	"[""R16B-CURRENT-OBLIGATION:RIGHTS_AND_LAWFUL_TEXT""]"	"[""docs/audits/v49-exploration-higher-order-association-closure-round16b/raw/recursive-gap-current-obligation-ledger-checkpoint012-v1.tsv""]"	CURRENT_SUCCESSOR_BLOCKS_AT_LEAST_ONE_CLOSURE	63480ca2eda80675228fb2fed87969ee8c1a928bb1da22f239c247a4c63dcb61
R16B-PRIOR-RECORD:3788debcfe0640f7ded0adb9cef934728b9ee64729611c93a3e5be76d36bb78d	SOURCE_RIGHTS_QUEUE	docs/audits/v49-exploration-higher-order-association-closure-round16b/raw/source-canonical-rights-queue-v2.tsv	64	R16B-SOURCE:a68fddc64401935b97e71d8b8cd396e4a5cd4196f843dc4c1c1dfc9b5725031b	"{""association_evidence_status"":""NOT_EVIDENCE_METADATA_IDENTITY_ONLY"",""locator_review_status"":""NOT_REVIEWED"",""rights_review_status"":""PENDING"",""text_access_status"":""NOT_REVIEWED""}"	cdb2b899cbb96ac659b28a2dad773fe3010b9c76a0527aa046cfa69c7842ff61	SUPERSEDED_BY_OPEN_OBLIGATION	"[""R16B-CURRENT-OBLIGATION:RIGHTS_AND_LAWFUL_TEXT""]"	"[""docs/audits/v49-exploration-higher-order-association-closure-round16b/raw/recursive-gap-current-obligation-ledger-checkpoint012-v1.tsv""]"	CURRENT_SUCCESSOR_BLOCKS_AT_LEAST_ONE_CLOSURE	7b33459b06d5bc070bc2e2666b07dbdebf6ada34f24bf414bc9822c2a88c1001
R16B-PRIOR-RECORD:8cec414512f45625fd1244b87c945eb854c659f50c2a84512a25d4a026609f07	SOURCE_RIGHTS_QUEUE	docs/audits/v49-exploration-higher-order-association-closure-round16b/raw/source-canonical-rights-queue-v2.tsv	65	R16B-SOURCE:aa14c44d31c2460df382a17aa8a659bf1c4f3298c02ee446eb8a665183f356fa	"{""association_evidence_status"":""NOT_EVIDENCE_METADATA_IDENTITY_ONLY"",""locator_review_status"":""NOT_REVIEWED"",""rights_review_status"":""PENDING"",""text_access_status"":""NOT_REVIEWED""}"	df6c4ba88305af9c7476326f99e32b99da19d768690187be0ab4674b0a7f7ab7	SUPERSEDED_BY_OPEN_OBLIGATION	"[""R16B-CURRENT-OBLIGATION:RIGHTS_AND_LAWFUL_TEXT""]"	"[""docs/audits/v49-exploration-higher-order-association-closure-round16b/raw/recursive-gap-current-obligation-ledger-checkpoint012-v1.tsv""]"	CURRENT_SUCCESSOR_BLOCKS_AT_LEAST_ONE_CLOSURE	99950c48af7dd6d4c97ac71e4cbe1c4ccd248bdbce51e12c99f0dc9944a9d954
R16B-PRIOR-RECORD:634f01845b17a98df25b2e5cdeef9d602bfdc6cce7a2c385a8bdc59a6baaadf2	SOURCE_RIGHTS_QUEUE	docs/audits/v49-exploration-higher-order-association-closure-round16b/raw/source-canonical-rights-queue-v2.tsv	66	R16B-SOURCE:aeb8ba5ca902ff32a3ffb8badf9a22efa52ecf73f19fd18a8ffe5d812845a5af	"{""association_evidence_status"":""NOT_EVIDENCE_METADATA_IDENTITY_ONLY"",""locator_review_status"":""NOT_REVIEWED"",""rights_review_status"":""PENDING"",""text_access_status"":""NOT_REVIEWED""}"	10c5cd6309b9aba17c817f1aa1343792714df404d064a7c374e1a8f1ffa0453a	SUPERSEDED_BY_OPEN_OBLIGATION	"[""R16B-CURRENT-OBLIGATION:RIGHTS_AND_LAWFUL_TEXT""]"	"[""docs/audits/v49-exploration-higher-order-association-closure-round16b/raw/recursive-gap-current-obligation-ledger-checkpoint012-v1.tsv""]"	CURRENT_SUCCESSOR_BLOCKS_AT_LEAST_ONE_CLOSURE	e2babba2b3e12352d6e7d714c1e69317ec52c0327dd499b9eda91261bb610cdf
R16B-PRIOR-RECORD:3022aee998c6b50a2b1314ba3925a728f33b2052e18b40702329e74ee42ed807	SOURCE_RIGHTS_QUEUE	docs/audits/v49-exploration-higher-order-association-closure-round16b/raw/source-canonical-rights-queue-v2.tsv	67	R16B-SOURCE:af274ce968440ea8e36528018346f0131ca50a49ee2df93f5c75060a2425233b	"{""association_evidence_status"":""NOT_EVIDENCE_METADATA_IDENTITY_ONLY"",""locator_review_status"":""NOT_REVIEWED"",""rights_review_status"":""PENDING"",""text_access_status"":""NOT_REVIEWED""}"	e19a2fc91f4d65d71d07a4f99dd79a25b42b3310a987e28cc57aa27a136af8ad	SUPERSEDED_BY_OPEN_OBLIGATION	"[""R16B-CURRENT-OBLIGATION:RIGHTS_AND_LAWFUL_TEXT""]"	"[""docs/audits/v49-exploration-higher-order-association-closure-round16b/raw/recursive-gap-current-obligation-ledger-checkpoint012-v1.tsv""]"	CURRENT_SUCCESSOR_BLOCKS_AT_LEAST_ONE_CLOSURE	a1bba1d38f68dbb189e45ad40b8236ce474fe4a1fa979c6fede8943cceac2883
R16B-PRIOR-RECORD:8c72adaaa45e1f19da6df38dd7d9818eeea2de2256211758b8afcd317a2bf0fc	SOURCE_RIGHTS_QUEUE	docs/audits/v49-exploration-higher-order-association-closure-round16b/raw/source-canonical-rights-queue-v2.tsv	68	R16B-SOURCE:b6623d505da775b7b65dc666857a55a3ecfcb1b901d595b8085f9db77e4c4bf4	"{""association_evidence_status"":""NOT_EVIDENCE_METADATA_IDENTITY_ONLY"",""locator_review_status"":""NOT_REVIEWED"",""rights_review_status"":""PENDING"",""text_access_status"":""NOT_REVIEWED""}"	115204b7245a89d615fa64780f6ba568a75c01cc66440473ba14402b28ba8103	SUPERSEDED_BY_OPEN_OBLIGATION	"[""R16B-CURRENT-OBLIGATION:RIGHTS_AND_LAWFUL_TEXT""]"	"[""docs/audits/v49-exploration-higher-order-association-closure-round16b/raw/recursive-gap-current-obligation-ledger-checkpoint012-v1.tsv""]"	CURRENT_SUCCESSOR_BLOCKS_AT_LEAST_ONE_CLOSURE	f9c6155fc13b00dda2f300e70d28d3973f00f382728b044d6512de7992422051
R16B-PRIOR-RECORD:663e5dcb9b33046b3bf4571c05a1e9bad03b9f47b89d68d4c1b9690bbf4f7d69	SOURCE_RIGHTS_QUEUE	docs/audits/v49-exploration-higher-order-association-closure-round16b/raw/source-canonical-rights-queue-v2.tsv	69	R16B-SOURCE:b9b7d57fab9202f94a9ed32019ac66e5b88b86d796f6b1a44683a9fd8bfc2931	"{""association_evidence_status"":""NOT_EVIDENCE_METADATA_IDENTITY_ONLY"",""locator_review_status"":""NOT_REVIEWED"",""rights_review_status"":""PENDING"",""text_access_status"":""NOT_REVIEWED""}"	8815ca24d705bbded6c14d2a9c9ec90f7f6c5b34bd06e77888933b193ad29ad4	SUPERSEDED_BY_OPEN_OBLIGATION	"[""R16B-CURRENT-OBLIGATION:RIGHTS_AND_LAWFUL_TEXT""]"	"[""docs/audits/v49-exploration-higher-order-association-closure-round16b/raw/recursive-gap-current-obligation-ledger-checkpoint012-v1.tsv""]"	CURRENT_SUCCESSOR_BLOCKS_AT_LEAST_ONE_CLOSURE	a85f1499e549e33a0ac6d1d29f326ed3d38bb8f41eca560be332873b5d1a5a5d
R16B-PRIOR-RECORD:a283b1d8ff4582a0e23978223c660d076fbb213dd662714fb7f3b0d23be67541	SOURCE_RIGHTS_QUEUE	docs/audits/v49-exploration-higher-order-association-closure-round16b/raw/source-canonical-rights-queue-v2.tsv	70	R16B-SOURCE:bf741d10261f2aee05c166e0eaeccc5d372212b205f6b0930f34cc02c3ff9085	"{""association_evidence_status"":""NOT_EVIDENCE_METADATA_IDENTITY_ONLY"",""locator_review_status"":""NOT_REVIEWED"",""rights_review_status"":""PENDING"",""text_access_status"":""NOT_REVIEWED""}"	4b1f0cc57335d16faaa310b4157fec1ff92ab807a239fb8826f3d9a168f18d20	SUPERSEDED_BY_OPEN_OBLIGATION	"[""R16B-CURRENT-OBLIGATION:RIGHTS_AND_LAWFUL_TEXT""]"	"[""docs/audits/v49-exploration-higher-order-association-closure-round16b/raw/recursive-gap-current-obligation-ledger-checkpoint012-v1.tsv""]"	CURRENT_SUCCESSOR_BLOCKS_AT_LEAST_ONE_CLOSURE	1ffa93f97dca6260c7809923be84f5e1bacff6aa09cbf14ddd3761acb6c61e27
R16B-PRIOR-RECORD:d73ad35600b5b4b767a0f7e43834487ea30392815966669dd88e8d8db1ef973e	SOURCE_RIGHTS_QUEUE	docs/audits/v49-exploration-higher-order-association-closure-round16b/raw/source-canonical-rights-queue-v2.tsv	71	R16B-SOURCE:c14a6e0d7158075b0f720379f0d5985f6d1123d3e34dc84eea482b5cbea24817	"{""association_evidence_status"":""NOT_EVIDENCE_METADATA_IDENTITY_ONLY"",""locator_review_status"":""NOT_REVIEWED"",""rights_review_status"":""PENDING"",""text_access_status"":""NOT_REVIEWED""}"	7e2c3cc54515e53a3b207bf3a406ab5d2f5eb734ae5627ccc53d315a360e9b5b	SUPERSEDED_BY_OPEN_OBLIGATION	"[""R16B-CURRENT-OBLIGATION:RIGHTS_AND_LAWFUL_TEXT""]"	"[""docs/audits/v49-exploration-higher-order-association-closure-round16b/raw/recursive-gap-current-obligation-ledger-checkpoint012-v1.tsv""]"	CURRENT_SUCCESSOR_BLOCKS_AT_LEAST_ONE_CLOSURE	88a08c97d83bada51b7b085af20aea4c9ea9be04b49072d73ce7a1771696a5e2
R16B-PRIOR-RECORD:fa9908dd6e6358b4ceb3e72dc662b35eadabf7554e22e07b2dcf73c4fad31947	SOURCE_RIGHTS_QUEUE	docs/audits/v49-exploration-higher-order-association-closure-round16b/raw/source-canonical-rights-queue-v2.tsv	72	R16B-SOURCE:c46fe11e7c23e60c40420545c1b08b7c77c1c330e838ab13bc6b75b05c20d30f	"{""association_evidence_status"":""NOT_EVIDENCE_METADATA_IDENTITY_ONLY"",""locator_review_status"":""NOT_REVIEWED"",""rights_review_status"":""PENDING"",""text_access_status"":""NOT_REVIEWED""}"	3f9e57765d9475de8416534a9c9283276db692eee8beb9fdd8632fdfdb20c91a	SUPERSEDED_BY_OPEN_OBLIGATION	"[""R16B-CURRENT-OBLIGATION:RIGHTS_AND_LAWFUL_TEXT""]"	"[""docs/audits/v49-exploration-higher-order-association-closure-round16b/raw/recursive-gap-current-obligation-ledger-checkpoint012-v1.tsv""]"	CURRENT_SUCCESSOR_BLOCKS_AT_LEAST_ONE_CLOSURE	590bbbe264a0afdfb618af837f847b48a62e6cc832abb3d13bea7011796811fd
R16B-PRIOR-RECORD:c4a14f8a57a26480b38595c736b4e5efe261f0134a3e73cb5a7abb91dcbac743	SOURCE_RIGHTS_QUEUE	docs/audits/v49-exploration-higher-order-association-closure-round16b/raw/source-canonical-rights-queue-v2.tsv	73	R16B-SOURCE:cd02a0c74bdd37683377c5e4ffde291a8c914b12bcdcbb92bc3ba5a9161d82e4	"{""association_evidence_status"":""NOT_EVIDENCE_METADATA_IDENTITY_ONLY"",""locator_review_status"":""NOT_REVIEWED"",""rights_review_status"":""PENDING"",""text_access_status"":""NOT_REVIEWED""}"	227dc041acacf8c4856c8e3722609b8527e290e6e90567e5f0d258f7232ed3dd	SUPERSEDED_BY_OPEN_OBLIGATION	"[""R16B-CURRENT-OBLIGATION:RIGHTS_AND_LAWFUL_TEXT""]"	"[""docs/audits/v49-exploration-higher-order-association-closure-round16b/raw/recursive-gap-current-obligation-ledger-checkpoint012-v1.tsv""]"	CURRENT_SUCCESSOR_BLOCKS_AT_LEAST_ONE_CLOSURE	d859f3e1060b2637cb3f97d10512fa383d265a967c8693c7cfc1ab624ae92c92
R16B-PRIOR-RECORD:12560a1f0d46ff428d0843fa05822de103d2687c7a66ae076828c999dbebdc16	SOURCE_RIGHTS_QUEUE	docs/audits/v49-exploration-higher-order-association-closure-round16b/raw/source-canonical-rights-queue-v2.tsv	74	R16B-SOURCE:d7a8d0048c8cdda2922adfc89d2e34500053e62a32c6a83d40905b6f39698940	"{""association_evidence_status"":""NOT_EVIDENCE_METADATA_IDENTITY_ONLY"",""locator_review_status"":""NOT_REVIEWED"",""rights_review_status"":""PENDING"",""text_access_status"":""NOT_REVIEWED""}"	cea1ad226ead617d352020ac7a6b4577fde4448d1892d515c3832baafd2396b9	RESOLVED_BY_COMMITTED_ARTIFACT	[]	"[""docs/audits/v49-exploration-higher-order-association-closure-round16b/raw/source-rights-ledger-shard-1-v1.tsv#R16B-SOURCE-RIGHTS:b44248800308cd9a650ce97a3213c359b8ac8a7a3e15e3714d196e64a36f44ab""]"	TECHNICAL_OR_METHOD_GAP_RESOLVED_NO_CLOSURE_INFERENCE	7067b44244319b8fcf53845f7d0df7f3baeb958dc16c67639b11987a05c28c2f
R16B-PRIOR-RECORD:b91ee6e2cde7aca215d5c4f7c91151cf91b82b4f91b4e7e7f47704cc39c5d795	SOURCE_RIGHTS_QUEUE	docs/audits/v49-exploration-higher-order-association-closure-round16b/raw/source-canonical-rights-queue-v2.tsv	75	R16B-SOURCE:d9080c02432742d71452b3c9d0627fa7f6ab5272928223f8e64d5031bc199773	"{""association_evidence_status"":""NOT_EVIDENCE_METADATA_IDENTITY_ONLY"",""locator_review_status"":""NOT_REVIEWED"",""rights_review_status"":""PENDING"",""text_access_status"":""NOT_REVIEWED""}"	33bd2a57d91ebb626acd343436c0ed9d0dcc39f75ea9cdb1076348739a59c625	RESOLVED_BY_COMMITTED_ARTIFACT	[]	"[""docs/audits/v49-exploration-higher-order-association-closure-round16b/raw/source-rights-ledger-shard-2-v2.tsv#R16B-SOURCE-RIGHTS:92d2748b46d894a8fc6b8ff4c2a35cc30422224e2766ca4ea875620340e5e30d""]"	TECHNICAL_OR_METHOD_GAP_RESOLVED_NO_CLOSURE_INFERENCE	9bfc2cc16844b3ae3767433631bb9746758131c138f7c5d44967174b77c6d1c3
R16B-PRIOR-RECORD:94a1e0e3c033fb8f4a7f7deaa2a3b55b195696c03433d30f2f5ea8a3baa59898	SOURCE_RIGHTS_QUEUE	docs/audits/v49-exploration-higher-order-association-closure-round16b/raw/source-canonical-rights-queue-v2.tsv	76	R16B-SOURCE:d9b85961469282c1d648d61ed267ca2bc0d1b39d96cc7a812ffb9f9d303436e5	"{""association_evidence_status"":""NOT_EVIDENCE_METADATA_IDENTITY_ONLY"",""locator_review_status"":""NOT_REVIEWED"",""rights_review_status"":""PENDING"",""text_access_status"":""NOT_REVIEWED""}"	2c89acc110387f8db2da21c34193f51300723eeb02b55c62fc492e89ac790fe3	SUPERSEDED_BY_OPEN_OBLIGATION	"[""R16B-CURRENT-OBLIGATION:RIGHTS_AND_LAWFUL_TEXT""]"	"[""docs/audits/v49-exploration-higher-order-association-closure-round16b/raw/recursive-gap-current-obligation-ledger-checkpoint012-v1.tsv""]"	CURRENT_SUCCESSOR_BLOCKS_AT_LEAST_ONE_CLOSURE	4e22ced37dbd02fa1cc5fcf4c4adb4c138bcebdd6160ace10bdb5d19daca6c6c
R16B-PRIOR-RECORD:f5b256ba1d578ed07c84201a8b2bd42ff37b71a160e0be1474a9ece07eba371a	SOURCE_RIGHTS_QUEUE	docs/audits/v49-exploration-higher-order-association-closure-round16b/raw/source-canonical-rights-queue-v2.tsv	77	R16B-SOURCE:db9f01e41845640146df158bc56758db27772d1717bfa0f496f8df4b84384998	"{""association_evidence_status"":""NOT_EVIDENCE_METADATA_IDENTITY_ONLY"",""locator_review_status"":""NOT_REVIEWED"",""rights_review_status"":""PENDING"",""text_access_status"":""NOT_REVIEWED""}"	1d30ad72e183d5e44422f6105506acb6a031e4ac3015948686f39be4e4c6d1f5	SUPERSEDED_BY_OPEN_OBLIGATION	"[""R16B-CURRENT-OBLIGATION:RIGHTS_AND_LAWFUL_TEXT""]"	"[""docs/audits/v49-exploration-higher-order-association-closure-round16b/raw/recursive-gap-current-obligation-ledger-checkpoint012-v1.tsv""]"	CURRENT_SUCCESSOR_BLOCKS_AT_LEAST_ONE_CLOSURE	9947f1e02c2020506d128ead48c5ebc3240df5ab78efa1ceb2beb8ef78c561f7
R16B-PRIOR-RECORD:b08422027fef502c2fa2885d64ccbd312a8b7c1054192f343064cc3736fb6668	SOURCE_RIGHTS_QUEUE	docs/audits/v49-exploration-higher-order-association-closure-round16b/raw/source-canonical-rights-queue-v2.tsv	78	R16B-SOURCE:dd566d198eba4f57120e153b7ad646391e60c782be73b48285500c473fdd866a	"{""association_evidence_status"":""NOT_EVIDENCE_METADATA_IDENTITY_ONLY"",""locator_review_status"":""NOT_REVIEWED"",""rights_review_status"":""PENDING"",""text_access_status"":""NOT_REVIEWED""}"	24741fb8229c5d7a662f9862a6e7059492f40b6e9d02cf755e8c8f33270a6d3a	SUPERSEDED_BY_OPEN_OBLIGATION	"[""R16B-CURRENT-OBLIGATION:RIGHTS_AND_LAWFUL_TEXT""]"	"[""docs/audits/v49-exploration-higher-order-association-closure-round16b/raw/recursive-gap-current-obligation-ledger-checkpoint012-v1.tsv""]"	CURRENT_SUCCESSOR_BLOCKS_AT_LEAST_ONE_CLOSURE	0541102e4d6fa7b3cf035673ae93452dde6d44ab9ee8e39f35c084f619d2ff47
R16B-PRIOR-RECORD:1526b091783148abf6cef6576ad5241e6cbbfce1530eff9a80f6bb47934093cb	SOURCE_RIGHTS_QUEUE	docs/audits/v49-exploration-higher-order-association-closure-round16b/raw/source-canonical-rights-queue-v2.tsv	79	R16B-SOURCE:e127327cdfaa1b6da7496ba67ee4dd54c6824d01dbe3166a2fdccd0da307384b	"{""association_evidence_status"":""NOT_EVIDENCE_METADATA_IDENTITY_ONLY"",""locator_review_status"":""NOT_REVIEWED"",""rights_review_status"":""PENDING"",""text_access_status"":""NOT_REVIEWED""}"	6fb47192695a1341b70158b99c8056f2acfe76c10c43c53b48ed0f63b99e6418	RESOLVED_BY_COMMITTED_ARTIFACT	[]	"[""docs/audits/v49-exploration-higher-order-association-closure-round16b/raw/source-rights-ledger-shard-2-v2.tsv#R16B-SOURCE-RIGHTS:43a09a2a57bd33641d23a12a863fe2422a6322564b5d351ecca52def42c6c38e""]"	TECHNICAL_OR_METHOD_GAP_RESOLVED_NO_CLOSURE_INFERENCE	6ff13d5931bfd8459483e30b7f360d29071ad85f21e8a22726fb874816734daf
R16B-PRIOR-RECORD:249d5232211e1eb63986ceb8ce04270aeeb958a5a09307f0ce023da1e7820294	SOURCE_RIGHTS_QUEUE	docs/audits/v49-exploration-higher-order-association-closure-round16b/raw/source-canonical-rights-queue-v2.tsv	80	R16B-SOURCE:e15ffb35e88ac734fdf734e5d302ac90be519f14d42162949fbc363d4375c639	"{""association_evidence_status"":""NOT_EVIDENCE_METADATA_IDENTITY_ONLY"",""locator_review_status"":""NOT_REVIEWED"",""rights_review_status"":""PENDING"",""text_access_status"":""NOT_REVIEWED""}"	223297a84a5a884beda87aafee8c8a3a34554631d253db271e4f96b8e6b33985	SUPERSEDED_BY_OPEN_OBLIGATION	"[""R16B-CURRENT-OBLIGATION:RIGHTS_AND_LAWFUL_TEXT""]"	"[""docs/audits/v49-exploration-higher-order-association-closure-round16b/raw/recursive-gap-current-obligation-ledger-checkpoint012-v1.tsv""]"	CURRENT_SUCCESSOR_BLOCKS_AT_LEAST_ONE_CLOSURE	0d37265fedb412319077a971f51746d918f0ef87d395c0e8cba7af7b82957084
R16B-PRIOR-RECORD:323c47c28a40cd9e8aeb75587f957b49093fd11ba123de8223742e275b4db12f	SOURCE_RIGHTS_QUEUE	docs/audits/v49-exploration-higher-order-association-closure-round16b/raw/source-canonical-rights-queue-v2.tsv	81	R16B-SOURCE:e3504136d2c0720f2f2a0e9e3b7df2ffe78df617612206c33ff7d254c9c53cc9	"{""association_evidence_status"":""NOT_EVIDENCE_METADATA_IDENTITY_ONLY"",""locator_review_status"":""NOT_REVIEWED"",""rights_review_status"":""PENDING"",""text_access_status"":""NOT_REVIEWED""}"	2a6d4eb4da2cb0b8858d3ad2957e4a504402e12caf23d4c6903675bfd2857d35	SUPERSEDED_BY_OPEN_OBLIGATION	"[""R16B-CURRENT-OBLIGATION:RIGHTS_AND_LAWFUL_TEXT""]"	"[""docs/audits/v49-exploration-higher-order-association-closure-round16b/raw/recursive-gap-current-obligation-ledger-checkpoint012-v1.tsv""]"	CURRENT_SUCCESSOR_BLOCKS_AT_LEAST_ONE_CLOSURE	0b17e71e972166270de8bad06bcefc74f03aecd00f5fe76bd203599787b43af7
R16B-PRIOR-RECORD:be3a6da8c2f7656d189234e75ce78fa17bbeefc079dda7028b69e2ca78d2516d	SOURCE_RIGHTS_QUEUE	docs/audits/v49-exploration-higher-order-association-closure-round16b/raw/source-canonical-rights-queue-v2.tsv	82	R16B-SOURCE:e39cea37c57a0334ae204a24b55f53dadfa1105336abf27f4b3b80c60cdbe134	"{""association_evidence_status"":""NOT_EVIDENCE_METADATA_IDENTITY_ONLY"",""locator_review_status"":""NOT_REVIEWED"",""rights_review_status"":""PENDING"",""text_access_status"":""NOT_REVIEWED""}"	18c36fab8f47b822982ae523eaa9cc45c47d887fa4f9f2291e1d99d564837faf	SUPERSEDED_BY_OPEN_OBLIGATION	"[""R16B-CURRENT-OBLIGATION:RIGHTS_AND_LAWFUL_TEXT""]"	"[""docs/audits/v49-exploration-higher-order-association-closure-round16b/raw/recursive-gap-current-obligation-ledger-checkpoint012-v1.tsv""]"	CURRENT_SUCCESSOR_BLOCKS_AT_LEAST_ONE_CLOSURE	e6db8470687ee624d7572f4da2c19d86c66074c851c5804abb4e23bbfc25e774
R16B-PRIOR-RECORD:0923f485a2f8d16e3213f29e9ff01a0008739ccb1290aaf550f2850498c3c383	SOURCE_RIGHTS_QUEUE	docs/audits/v49-exploration-higher-order-association-closure-round16b/raw/source-canonical-rights-queue-v2.tsv	83	R16B-SOURCE:e3f9d0aa12158af5fbc452430a99579e00c29d1d0dc88bcf0d9d84950b7c3c87	"{""association_evidence_status"":""NOT_EVIDENCE_METADATA_IDENTITY_ONLY"",""locator_review_status"":""NOT_REVIEWED"",""rights_review_status"":""PENDING"",""text_access_status"":""NOT_REVIEWED""}"	b320ef7688aba7e64ae057068a0fa729d05d399821f9d750ae7593d776dfef43	SUPERSEDED_BY_OPEN_OBLIGATION	"[""R16B-CURRENT-OBLIGATION:RIGHTS_AND_LAWFUL_TEXT""]"	"[""docs/audits/v49-exploration-higher-order-association-closure-round16b/raw/recursive-gap-current-obligation-ledger-checkpoint012-v1.tsv""]"	CURRENT_SUCCESSOR_BLOCKS_AT_LEAST_ONE_CLOSURE	ccf6f6c73d4c4c755cf48f3ddf2fccc1a9429286e49d3ac5a10d6f6d847bd7cd
R16B-PRIOR-RECORD:e25d520bdaf640e0663b3aa3804af90658548656021dc8266acb1c4a6d18692f	SOURCE_RIGHTS_QUEUE	docs/audits/v49-exploration-higher-order-association-closure-round16b/raw/source-canonical-rights-queue-v2.tsv	84	R16B-SOURCE:e61a90598c533c793a7d897a2b0f9f2438e14d010eda3f12bb0e84b770103f78	"{""association_evidence_status"":""NOT_EVIDENCE_METADATA_IDENTITY_ONLY"",""locator_review_status"":""NOT_REVIEWED"",""rights_review_status"":""PENDING"",""text_access_status"":""NOT_REVIEWED""}"	6c5d377940d2f9f6c994e65cd7892bd2e54df2af8d2bdbf63f14662073628a56	SUPERSEDED_BY_OPEN_OBLIGATION	"[""R16B-CURRENT-OBLIGATION:RIGHTS_AND_LAWFUL_TEXT""]"	"[""docs/audits/v49-exploration-higher-order-association-closure-round16b/raw/recursive-gap-current-obligation-ledger-checkpoint012-v1.tsv""]"	CURRENT_SUCCESSOR_BLOCKS_AT_LEAST_ONE_CLOSURE	566f3d74dbf2f9819363349871bb10085f1f6295b12e41ee97c8c971a0e4714e
R16B-PRIOR-RECORD:259cc21f8de12a7acae89ddd008131e3a69a4c723e87c715d138b58c8e100a82	SOURCE_RIGHTS_QUEUE	docs/audits/v49-exploration-higher-order-association-closure-round16b/raw/source-canonical-rights-queue-v2.tsv	85	R16B-SOURCE:e73bbc7109f50f783bd1acb1ba37d8a235100f7fab2118f7488484e8a42d5176	"{""association_evidence_status"":""NOT_EVIDENCE_METADATA_IDENTITY_ONLY"",""locator_review_status"":""NOT_REVIEWED"",""rights_review_status"":""PENDING"",""text_access_status"":""NOT_REVIEWED""}"	9177288bbf741494fe0beb60d92b3cace3377a6888081f966cf497da8d988004	SUPERSEDED_BY_OPEN_OBLIGATION	"[""R16B-CURRENT-OBLIGATION:RIGHTS_AND_LAWFUL_TEXT""]"	"[""docs/audits/v49-exploration-higher-order-association-closure-round16b/raw/recursive-gap-current-obligation-ledger-checkpoint012-v1.tsv""]"	CURRENT_SUCCESSOR_BLOCKS_AT_LEAST_ONE_CLOSURE	20df12b160e8ca5c1ddecb9cb0da218551af479dca419597b0d87148ad40ef7f
R16B-PRIOR-RECORD:28ba5d4ef7f0463ce8ffe1a0a258300f4cc663df37851098c41b736d95fc4b40	SOURCE_RIGHTS_QUEUE	docs/audits/v49-exploration-higher-order-association-closure-round16b/raw/source-canonical-rights-queue-v2.tsv	86	R16B-SOURCE:e841d51f238d31416d96aa601da8d26ad8f7647c18149157d695abcbf0178e57	"{""association_evidence_status"":""NOT_EVIDENCE_METADATA_IDENTITY_ONLY"",""locator_review_status"":""NOT_REVIEWED"",""rights_review_status"":""PENDING"",""text_access_status"":""NOT_REVIEWED""}"	e18f9a456ad667f5bd89efaa1c6269677d99e692381be9de528f2653af569eda	SUPERSEDED_BY_OPEN_OBLIGATION	"[""R16B-CURRENT-OBLIGATION:RIGHTS_AND_LAWFUL_TEXT""]"	"[""docs/audits/v49-exploration-higher-order-association-closure-round16b/raw/recursive-gap-current-obligation-ledger-checkpoint012-v1.tsv""]"	CURRENT_SUCCESSOR_BLOCKS_AT_LEAST_ONE_CLOSURE	eaada6c2bcc77ec4bf52917f6f48415fbc94e9543a68e8c72a23d18d63400767
R16B-PRIOR-RECORD:2c16f8a23d32dae223459ebfafcd47ef3391f032af932cdeed9e679871549dce	SOURCE_RIGHTS_QUEUE	docs/audits/v49-exploration-higher-order-association-closure-round16b/raw/source-canonical-rights-queue-v2.tsv	87	R16B-SOURCE:ef7f9e0cfef55da9a290e8bc6ec078d9d9771f932971f29f548972983d49553b	"{""association_evidence_status"":""NOT_EVIDENCE_METADATA_IDENTITY_ONLY"",""locator_review_status"":""NOT_REVIEWED"",""rights_review_status"":""PENDING"",""text_access_status"":""NOT_REVIEWED""}"	6623089dae0b7b2412cb096bfdf0696b1387e43e97ccf5f71e6539d4887f32b4	SUPERSEDED_BY_OPEN_OBLIGATION	"[""R16B-CURRENT-OBLIGATION:RIGHTS_AND_LAWFUL_TEXT""]"	"[""docs/audits/v49-exploration-higher-order-association-closure-round16b/raw/recursive-gap-current-obligation-ledger-checkpoint012-v1.tsv""]"	CURRENT_SUCCESSOR_BLOCKS_AT_LEAST_ONE_CLOSURE	ff83e155c5ea0e1ba3c5b1a90df8547d316488316138c6ab61e14c378b915619
R16B-PRIOR-RECORD:ba4ccb674a6fb3c0000db893283fed65e7d579b444ae364177e07d8c0ddc2ff0	SOURCE_RIGHTS_QUEUE	docs/audits/v49-exploration-higher-order-association-closure-round16b/raw/source-canonical-rights-queue-v2.tsv	88	R16B-SOURCE:f359bd53540ddd10ae6b604f1ec95c1be239a7b151d9d2513b40be591c3ff00e	"{""association_evidence_status"":""NOT_EVIDENCE_METADATA_IDENTITY_ONLY"",""locator_review_status"":""NOT_REVIEWED"",""rights_review_status"":""PENDING"",""text_access_status"":""NOT_REVIEWED""}"	0373f273ec645d241633e0a9a2e15c4d58aab330a9a916fc8bde98d7b356c7dc	RESOLVED_BY_COMMITTED_ARTIFACT	[]	"[""docs/audits/v49-exploration-higher-order-association-closure-round16b/raw/source-rights-ledger-shard-1-v1.tsv#R16B-SOURCE-RIGHTS:aa513f4c940dc4ca32700e382e85d9e596ac1baad63185332fcf705be1d1d900""]"	TECHNICAL_OR_METHOD_GAP_RESOLVED_NO_CLOSURE_INFERENCE	4f7d49f89f576bfe936651fa196716251f431dc5d06d5e73d215341212f251a5
R16B-PRIOR-RECORD:f81b1e983691b2681960b559084a014902822b128e41deaef27c11ff11a2980f	SOURCE_RIGHTS_QUEUE	docs/audits/v49-exploration-higher-order-association-closure-round16b/raw/source-canonical-rights-queue-v2.tsv	89	R16B-SOURCE:f4011046231472919bb509e9d9f327d8efa40f11c29fbcbb6e325000ece423d8	"{""association_evidence_status"":""NOT_EVIDENCE_METADATA_IDENTITY_ONLY"",""locator_review_status"":""NOT_REVIEWED"",""rights_review_status"":""PENDING"",""text_access_status"":""NOT_REVIEWED""}"	bc32e6aa13a9128a29c6cb6c94588c0466f28d427ef1d3aaa23bbab5d25c9822	SUPERSEDED_BY_OPEN_OBLIGATION	"[""R16B-CURRENT-OBLIGATION:RIGHTS_AND_LAWFUL_TEXT""]"	"[""docs/audits/v49-exploration-higher-order-association-closure-round16b/raw/recursive-gap-current-obligation-ledger-checkpoint012-v1.tsv""]"	CURRENT_SUCCESSOR_BLOCKS_AT_LEAST_ONE_CLOSURE	9dfd1937e49a2cce12124160558b4989e78cb6e10a28dfd8facaf95af7cf97a7
R16B-PRIOR-RECORD:cde374bb5b971490cbed1b83e891bda430a6086640ff2af56618e7aefbf3b321	SOURCE_RIGHTS_QUEUE	docs/audits/v49-exploration-higher-order-association-closure-round16b/raw/source-canonical-rights-queue-v2.tsv	90	R16B-SOURCE:f54adc258c636b68d9260a4dbaa752a4e03ddc8e5bcb51731b344b49d83f9da2	"{""association_evidence_status"":""NOT_EVIDENCE_METADATA_IDENTITY_ONLY"",""locator_review_status"":""NOT_REVIEWED"",""rights_review_status"":""PENDING"",""text_access_status"":""NOT_REVIEWED""}"	9b32d69b9298273c38accaab0b66a4102d988825cb98506c9966639f49b486c2	SUPERSEDED_BY_OPEN_OBLIGATION	"[""R16B-CURRENT-OBLIGATION:RIGHTS_AND_LAWFUL_TEXT""]"	"[""docs/audits/v49-exploration-higher-order-association-closure-round16b/raw/recursive-gap-current-obligation-ledger-checkpoint012-v1.tsv""]"	CURRENT_SUCCESSOR_BLOCKS_AT_LEAST_ONE_CLOSURE	ba20b09b1a6e46a007a95c23e79538ff09d356c0f1f00eed1cb325b99f208587
R16B-PRIOR-RECORD:a00c7626e280520f303a9a40e3c36531cf56557d72c96f448d0490aa1e044e1c	SOURCE_RIGHTS_QUEUE	docs/audits/v49-exploration-higher-order-association-closure-round16b/raw/source-canonical-rights-queue-v2.tsv	91	R16B-SOURCE:f57bc5bc529231f8129da728fef3477233387b27b676deee6af42b49a56c5fde	"{""association_evidence_status"":""NOT_EVIDENCE_METADATA_IDENTITY_ONLY"",""locator_review_status"":""NOT_REVIEWED"",""rights_review_status"":""PENDING"",""text_access_status"":""NOT_REVIEWED""}"	c37a5a588b39b11805e6644094fce979fe633f61e246493eff2b05e4284d143a	SUPERSEDED_BY_OPEN_OBLIGATION	"[""R16B-CURRENT-OBLIGATION:RIGHTS_AND_LAWFUL_TEXT""]"	"[""docs/audits/v49-exploration-higher-order-association-closure-round16b/raw/recursive-gap-current-obligation-ledger-checkpoint012-v1.tsv""]"	CURRENT_SUCCESSOR_BLOCKS_AT_LEAST_ONE_CLOSURE	45fee50714e3beba2acf3f260bcf31b0f47dbac8ed39bb62d04a29cc86a62e41
R16B-PRIOR-RECORD:2663cedd2984cb25723187625ae86458437015ec00dc7434984084c2d556b94b	SOURCE_RIGHTS_QUEUE	docs/audits/v49-exploration-higher-order-association-closure-round16b/raw/source-canonical-rights-queue-v2.tsv	92	R16B-SOURCE:f6a1196474daa078d41ca0109bc39231329d51a688101cc7232a90de3df35033	"{""association_evidence_status"":""NOT_EVIDENCE_METADATA_IDENTITY_ONLY"",""locator_review_status"":""NOT_REVIEWED"",""rights_review_status"":""PENDING"",""text_access_status"":""NOT_REVIEWED""}"	d4ef7b2c52808ce6493401935ab75b3b98d11a6381b590a61ce509fa2b97c94e	SUPERSEDED_BY_OPEN_OBLIGATION	"[""R16B-CURRENT-OBLIGATION:RIGHTS_AND_LAWFUL_TEXT""]"	"[""docs/audits/v49-exploration-higher-order-association-closure-round16b/raw/recursive-gap-current-obligation-ledger-checkpoint012-v1.tsv""]"	CURRENT_SUCCESSOR_BLOCKS_AT_LEAST_ONE_CLOSURE	24d99946fd67aa425ac56657a7b3deba1371edf879e486f560a791b4d16d0373
R16B-PRIOR-RECORD:67eaddccb6689f10ff57f4f690b09d9c17395726db2a1707a218728bd1339063	SOURCE_RIGHTS_QUEUE	docs/audits/v49-exploration-higher-order-association-closure-round16b/raw/source-canonical-rights-queue-v2.tsv	93	R16B-SOURCE:f9e47962608acfb3177c9ab05da468307f76b74ba87af9e8cd6ed16ee7ba29e0	"{""association_evidence_status"":""NOT_EVIDENCE_METADATA_IDENTITY_ONLY"",""locator_review_status"":""NOT_REVIEWED"",""rights_review_status"":""PENDING"",""text_access_status"":""NOT_REVIEWED""}"	61b32ba10b0e63ede6b0f8cd0b9c7366d718c509c2589b70023b68c14c667937	SUPERSEDED_BY_OPEN_OBLIGATION	"[""R16B-CURRENT-OBLIGATION:RIGHTS_AND_LAWFUL_TEXT""]"	"[""docs/audits/v49-exploration-higher-order-association-closure-round16b/raw/recursive-gap-current-obligation-ledger-checkpoint012-v1.tsv""]"	CURRENT_SUCCESSOR_BLOCKS_AT_LEAST_ONE_CLOSURE	eff171d40f174553a61413191c99b9d853510459ea198813bc0981bbafb43607
R16B-PRIOR-RECORD:130b733d43e4dd5c9367607d4ee8912d0293b11cf1888d14a7dd8a64296668de	SOURCE_RIGHTS_QUEUE	docs/audits/v49-exploration-higher-order-association-closure-round16b/raw/source-canonical-rights-queue-v2.tsv	94	R16B-SOURCE:fa2212fa202c6cdea4442062a03aef7fa580c939f75184aa39e953a2597167f1	"{""association_evidence_status"":""NOT_EVIDENCE_METADATA_IDENTITY_ONLY"",""locator_review_status"":""NOT_REVIEWED"",""rights_review_status"":""PENDING"",""text_access_status"":""NOT_REVIEWED""}"	0ce95e4bb26dcfdeaed167ea071fe181a0c463c6dde414fcce44dbf2159c37db	SUPERSEDED_BY_OPEN_OBLIGATION	"[""R16B-CURRENT-OBLIGATION:RIGHTS_AND_LAWFUL_TEXT""]"	"[""docs/audits/v49-exploration-higher-order-association-closure-round16b/raw/recursive-gap-current-obligation-ledger-checkpoint012-v1.tsv""]"	CURRENT_SUCCESSOR_BLOCKS_AT_LEAST_ONE_CLOSURE	32ccd24f3b748a78ebcd0673d5942074ef080529fb0d627d3ff2242a803216e2
R16B-PRIOR-RECORD:21047a217fe042c166563fec1daa145f89fa3cb0ec5201714adc259e49364b5b	SOURCE_RIGHTS_QUEUE	docs/audits/v49-exploration-higher-order-association-closure-round16b/raw/source-canonical-rights-queue-v2.tsv	95	R16B-SOURCE:fed134de9b688d78da043af7571fd5e324d3bd0736efb12f5ffd9315fd54e3d6	"{""association_evidence_status"":""NOT_EVIDENCE_METADATA_IDENTITY_ONLY"",""locator_review_status"":""NOT_REVIEWED"",""rights_review_status"":""PENDING"",""text_access_status"":""NOT_REVIEWED""}"	63a05af97dfd080f9ea0a21b3f8e0e42008f87a1c2333df7bc08f9f2cb4b15e2	SUPERSEDED_BY_OPEN_OBLIGATION	"[""R16B-CURRENT-OBLIGATION:RIGHTS_AND_LAWFUL_TEXT""]"	"[""docs/audits/v49-exploration-higher-order-association-closure-round16b/raw/recursive-gap-current-obligation-ledger-checkpoint012-v1.tsv""]"	CURRENT_SUCCESSOR_BLOCKS_AT_LEAST_ONE_CLOSURE	e62c75dbd69a73a1787b45c5d1f404bcae3e6e435b0bd670851494c29298b282
