authority_base_sha	source_sha	prior_object_type	prior_id	source_path	source_file_sha256	source_record_ref	source_record_sha256	participant_set_key	participant_sense_ids_json	candidate_ids_json	candidate_final_dispositions_json	upstream_object_ids_json	prior_association_ids_json	prior_status	prior_topology	reconciliation_outcome	outcome_basis	semantic_carry_forward_authorized	active_fact_created	product_eligible	pair_projection_eligible	required_next_action	record_sha256
468105499c7be102deec7d6555aced688dea9901	5419770959bdb8998b693fb2275b47e29b92367c	ROUND16A_PRODUCTION_COMPOSITION	R16A-PCOMP-0032182383B75CA3BAD2	frontend/generated/trace-exploration-v2/production-read-model.json	53eaf59c95446eeb3781a7153183c54b3ff59fd52f21744cc917053959dfdcc9	R16A-PCOMP-0032182383B75CA3BAD2	c347a4f3d4871f2d4fa1c02bc2942225812836b47f8bcdbc11b98c27bb7218ae	23b72032e8165ac9f164a43ac0e1932f2fe4354f1b89f62d67ebe7d497de7af1	"[""R16B-SENSE:4e14e64610176c44c8a9775fba3a7d484b4eee0fb06ee9553c17675cb7f0b634"",""R16B-SENSE:f26224717160ca63c45ca85fe7c23e1469baa3e10672a68beafb13d195d0915d"",""R16B-SENSE:fa3369a6eb4bebe96ee289987f963e539b8da9c27ea0f454e8a24b6bddf9306f""]"	"[""R16B-LOCAL-FAMILY:23b72032e8165ac9f164a43ac0e1932f2fe4354f1b89f62d67ebe7d497de7af1""]"	"[""PAIRWISE_SUPPORT_WITHOUT_GROUP_COHERENCE""]"	"[""R16A-ENTRY-4A1926332CA14C8BF6B4"",""R16A-SEED-04A366CB9FB7073DCA5A""]"	"[""R16A-PAIR:2ea00c84f44e9da21aae78f742f5cf6cba09fee7e94d77ff3420dc07dd64cbb5"",""R16A-PAIR:5841a12151ac0ce714f0b8e279e939bed009b3f2be71086cde6033cbbd11b4ea""]"	PRODUCT_VISIBLE_V2	BINARY_FORK	CORRECTED	FAMILY_FINAL_DISPOSITION:PAIRWISE_SUPPORT_WITHOUT_GROUP_COHERENCE	false	false	false	false	Preserve separately governed pair records, remove the unsupported group-coherence implication, and regenerate with corrected association provenance.	1b72d3d6c850c9fe9608a2ec998e5571fb88714a1a60bf8e32edc2c3a8538f83
468105499c7be102deec7d6555aced688dea9901	5419770959bdb8998b693fb2275b47e29b92367c	ROUND16A_PRODUCTION_COMPOSITION	R16A-PCOMP-00AEE71993B93492760D	frontend/generated/trace-exploration-v2/production-read-model.json	53eaf59c95446eeb3781a7153183c54b3ff59fd52f21744cc917053959dfdcc9	R16A-PCOMP-00AEE71993B93492760D	781e6dccc248fd590eecde780e81f2f805bc5b5b881088781e95f6ffe74b609d	7e0a0ee4f78d2f565c4f7771653ecc5a27828dd9fb704139d1e068f2a5fdce64	"[""R16B-SENSE:06c230c771547ee49390903e0bad7aaf44063613309c93bcbd72e808116af4c6"",""R16B-SENSE:35489187871bfd7b7be6e2d5268a3a922984d3bdad9e9a8ca61ea6edee84a5a7"",""R16B-SENSE:419a96e12217bfa4ed031510c32033cb2408489e3abb14eb28291b13c068e159""]"	"[""R16B-LOCAL-FAMILY:7e0a0ee4f78d2f565c4f7771653ecc5a27828dd9fb704139d1e068f2a5fdce64""]"	"[""BOUNDED_SENSE_OR_SCOPE_CONFLICT""]"	"[""R16A-ENTRY-BDB3156294C536B40036"",""R16A-SEED-6105E6BAB4A56F13825C""]"	"[""R16A-PAIR:27598c04934f3d33ad80dfb1aecc18d272cf86ee7fe3a726a95aae81144dfb06"",""R16A-PAIR:a364e4ea20e2f9e24e1fc980dc1ab703ae69a0fc86aa626a14e45cca0ea3bbb2""]"	PRODUCT_VISIBLE_V2	BINARY_CONVERGENCE	REJECTED	FAMILY_FINAL_DISPOSITION:BOUNDED_SENSE_OR_SCOPE_CONFLICT	false	false	false	false	Preserve the audit receipt, retire the prior object from active product eligibility, and do not project or synthesize a replacement association.	fa74aa6476f8a57e678099e5ad70ea1305d2dc555e764fd5baf8147f631e70bd
468105499c7be102deec7d6555aced688dea9901	5419770959bdb8998b693fb2275b47e29b92367c	ROUND16A_PRODUCTION_COMPOSITION	R16A-PCOMP-01337105A2F4C3333242	frontend/generated/trace-exploration-v2/production-read-model.json	53eaf59c95446eeb3781a7153183c54b3ff59fd52f21744cc917053959dfdcc9	R16A-PCOMP-01337105A2F4C3333242	ccf9046219d3c5929106b2bf98419ea0053920a20293f6a72c46c657880e1e8d	89817e7a449f1cc7b574fb1b89c9541f765e52825c5cb62bf0a2bb833e8f970a	"[""R16B-SENSE:4e14e64610176c44c8a9775fba3a7d484b4eee0fb06ee9553c17675cb7f0b634"",""R16B-SENSE:f0e28e13851d04c13b701f53d9b3911cb50fc572cc6203c64527804f0b37e909"",""R16B-SENSE:f26224717160ca63c45ca85fe7c23e1469baa3e10672a68beafb13d195d0915d"",""R16B-SENSE:fa3369a6eb4bebe96ee289987f963e539b8da9c27ea0f454e8a24b6bddf9306f""]"	"[""R16B-LOCAL-FAMILY:89817e7a449f1cc7b574fb1b89c9541f765e52825c5cb62bf0a2bb833e8f970a""]"	"[""INQUIRY_ONLY_OR_UNRESOLVED""]"	"[""R16A-ENTRY-62192DD170EB39DE1963"",""R16A-SEED-F868AEA9F124B13D73AD""]"	"[""R16A-PAIR:5841a12151ac0ce714f0b8e279e939bed009b3f2be71086cde6033cbbd11b4ea"",""R16A-PAIR:e153332b67669fdaa24f256bfcf61135e56eb2894e48481afc71ae4327c81422"",""R16A-PAIR:f82795fcaba53ac0c255461d014e82b9e563362b645b4c65a58e27644e22c54c""]"	PRODUCT_VISIBLE_V2	LINEAR_PATH	INQUIRY	FAMILY_FINAL_DISPOSITION:INQUIRY_ONLY_OR_UNRESOLVED	false	false	false	false	Preserve as an explicitly inquiry-only baseline artifact; do not activate a product path while evidence or authority remains unresolved.	386d5543ac7ae68e6fe007439a236d4372115dc22c76f3cfea3d0d4b9609907d
468105499c7be102deec7d6555aced688dea9901	5419770959bdb8998b693fb2275b47e29b92367c	ROUND16A_PRODUCTION_COMPOSITION	R16A-PCOMP-01CBA211DF6A59BA2AA2	frontend/generated/trace-exploration-v2/production-read-model.json	53eaf59c95446eeb3781a7153183c54b3ff59fd52f21744cc917053959dfdcc9	R16A-PCOMP-01CBA211DF6A59BA2AA2	c927851e8cd7b063db63eda51b64889382566fe228f067c12b18fe6006331ff6	7e0a0ee4f78d2f565c4f7771653ecc5a27828dd9fb704139d1e068f2a5fdce64	"[""R16B-SENSE:06c230c771547ee49390903e0bad7aaf44063613309c93bcbd72e808116af4c6"",""R16B-SENSE:35489187871bfd7b7be6e2d5268a3a922984d3bdad9e9a8ca61ea6edee84a5a7"",""R16B-SENSE:419a96e12217bfa4ed031510c32033cb2408489e3abb14eb28291b13c068e159""]"	"[""R16B-LOCAL-FAMILY:7e0a0ee4f78d2f565c4f7771653ecc5a27828dd9fb704139d1e068f2a5fdce64""]"	"[""BOUNDED_SENSE_OR_SCOPE_CONFLICT""]"	"[""R16A-ENTRY-BDB3156294C536B40036"",""R16A-SEED-09E282ECFC6AC8DD3F81""]"	"[""R16A-PAIR:27598c04934f3d33ad80dfb1aecc18d272cf86ee7fe3a726a95aae81144dfb06"",""R16A-PAIR:a364e4ea20e2f9e24e1fc980dc1ab703ae69a0fc86aa626a14e45cca0ea3bbb2""]"	PRODUCT_VISIBLE_V2	BINARY_CONVERGENCE	REJECTED	FAMILY_FINAL_DISPOSITION:BOUNDED_SENSE_OR_SCOPE_CONFLICT	false	false	false	false	Preserve the audit receipt, retire the prior object from active product eligibility, and do not project or synthesize a replacement association.	a97e86f82e409ec6204bbdc407416cbb39934b4329832caec3bceeb79e793801
468105499c7be102deec7d6555aced688dea9901	5419770959bdb8998b693fb2275b47e29b92367c	ROUND16A_PRODUCTION_COMPOSITION	R16A-PCOMP-0374D2B2AF8BCC1BB5B9	frontend/generated/trace-exploration-v2/production-read-model.json	53eaf59c95446eeb3781a7153183c54b3ff59fd52f21744cc917053959dfdcc9	R16A-PCOMP-0374D2B2AF8BCC1BB5B9	eab30af865273e9ae2d7ba54650cfe9e1a2725078292266cc5368af0660ab7f6	23b72032e8165ac9f164a43ac0e1932f2fe4354f1b89f62d67ebe7d497de7af1	"[""R16B-SENSE:4e14e64610176c44c8a9775fba3a7d484b4eee0fb06ee9553c17675cb7f0b634"",""R16B-SENSE:f26224717160ca63c45ca85fe7c23e1469baa3e10672a68beafb13d195d0915d"",""R16B-SENSE:fa3369a6eb4bebe96ee289987f963e539b8da9c27ea0f454e8a24b6bddf9306f""]"	"[""R16B-LOCAL-FAMILY:23b72032e8165ac9f164a43ac0e1932f2fe4354f1b89f62d67ebe7d497de7af1""]"	"[""PAIRWISE_SUPPORT_WITHOUT_GROUP_COHERENCE""]"	"[""R16A-ENTRY-4A1926332CA14C8BF6B4"",""R16A-SEED-BE9757D7092061BF20B1""]"	"[""R16A-PAIR:2ea00c84f44e9da21aae78f742f5cf6cba09fee7e94d77ff3420dc07dd64cbb5"",""R16A-PAIR:5841a12151ac0ce714f0b8e279e939bed009b3f2be71086cde6033cbbd11b4ea""]"	PRODUCT_VISIBLE_V2	BINARY_FORK	CORRECTED	FAMILY_FINAL_DISPOSITION:PAIRWISE_SUPPORT_WITHOUT_GROUP_COHERENCE	false	false	false	false	Preserve separately governed pair records, remove the unsupported group-coherence implication, and regenerate with corrected association provenance.	2674e56c6814628948c8364b696ced80a42b4432900ad70f151377656d758a61
468105499c7be102deec7d6555aced688dea9901	5419770959bdb8998b693fb2275b47e29b92367c	ROUND16A_PRODUCTION_COMPOSITION	R16A-PCOMP-05162A57D278D493D5DF	frontend/generated/trace-exploration-v2/production-read-model.json	53eaf59c95446eeb3781a7153183c54b3ff59fd52f21744cc917053959dfdcc9	R16A-PCOMP-05162A57D278D493D5DF	f4a36e543dd0b1ad33984038a73e15ef00a64f0aa56e34fd11db3955887bb993	c4afac7c6c94b2e075bfb9c17e91a565aa42b95b5fd461a769dad5a8e590b2e6	"[""R16B-SENSE:698710ef66f0d551cde028b8e54bdbf6051b96902a736be6b9ab45d1ad91f848"",""R16B-SENSE:9415fd18554090ac9dd2dfc28a1ec541d67a94b8421b1cefafa578a03302257d""]"	[]	[]	"[""R16A-ENTRY-7EDC285F24607D60BEA4"",""R16A-SEED-F2114ADBD5D29FDEA690""]"	"[""R16A-PAIR:4cf124f8588611ba0a2f76bce26ab0b5890dcfcf71d9283888d62d58bcdb974a""]"	PRODUCT_VISIBLE_V2	LINEAR_PATH	RETAINED	ROUND16A_ACTIVE_PAIR_BASELINE_NO_GROUP_CLAIM	false	false	false	false	Preserve the exact pair baseline without a manufactured group claim; regenerate any v3 product descendant before product activation.	2ec1b19379bfa02caf7cd93c68318dde3cb6a8accc094ba64b355e2f05b34961
468105499c7be102deec7d6555aced688dea9901	5419770959bdb8998b693fb2275b47e29b92367c	ROUND16A_PRODUCTION_COMPOSITION	R16A-PCOMP-0704554ABCC57AB565EF	frontend/generated/trace-exploration-v2/production-read-model.json	53eaf59c95446eeb3781a7153183c54b3ff59fd52f21744cc917053959dfdcc9	R16A-PCOMP-0704554ABCC57AB565EF	fc75498f8936e48f35fcfb0d376aa14dc34b52e1905f599c761ea9289fe0de36	1d76bf657bbdec293265d051268a2a1153be0108b15a8d63ebbf2cb98cf6f06a	"[""R16B-SENSE:0ebc966b965fc5703be0f4bae727d337f32d83eb7db9066e926a2530dcfa0171"",""R16B-SENSE:61aaade597c45243fcdef0d2514fc52f58a066ae5c9f4ad550727cb75b124f64"",""R16B-SENSE:697603bbe891d791295d478b3b16d10add9bdab1fd92826d63d8b630f3779cfb""]"	"[""R16B-LOCAL-FAMILY:1d76bf657bbdec293265d051268a2a1153be0108b15a8d63ebbf2cb98cf6f06a""]"	"[""INQUIRY_ONLY_OR_UNRESOLVED""]"	"[""R16A-ENTRY-5C66E3328B55C92AB100"",""R16A-SEED-001B5DA27C169711E492""]"	"[""R16A-PAIR:891e0c3d300d8c4af59fbef2f00d164ee9c22df4148122c54ed84daee1dcb37e"",""R16A-PAIR:c36555188472ea5287ed70295a1b85e92e2ba9468fc703d2fe8893de3fc55a1f""]"	PRODUCT_VISIBLE_V2	BINARY_CONVERGENCE	INQUIRY	FAMILY_FINAL_DISPOSITION:INQUIRY_ONLY_OR_UNRESOLVED	false	false	false	false	Preserve as an explicitly inquiry-only baseline artifact; do not activate a product path while evidence or authority remains unresolved.	415e348a80a9b9a118689a745488351d5082217c2b8ecba8f657f5ac2c7d8e65
468105499c7be102deec7d6555aced688dea9901	5419770959bdb8998b693fb2275b47e29b92367c	ROUND16A_PRODUCTION_COMPOSITION	R16A-PCOMP-0778D8A9A87A3E221A2D	frontend/generated/trace-exploration-v2/production-read-model.json	53eaf59c95446eeb3781a7153183c54b3ff59fd52f21744cc917053959dfdcc9	R16A-PCOMP-0778D8A9A87A3E221A2D	5cf8fbf65a0a684821414ce2a42a421f971f9960239fe800d6698f9572be0d45	28fa28aa1374006a914e4a6bc841082cc76b108b46a2955e13d8896cdf1cb3fd	"[""R16B-SENSE:35489187871bfd7b7be6e2d5268a3a922984d3bdad9e9a8ca61ea6edee84a5a7"",""R16B-SENSE:419a96e12217bfa4ed031510c32033cb2408489e3abb14eb28291b13c068e159""]"	[]	[]	"[""R16A-ENTRY-82CBD91839AAF6143CB1"",""R16A-SEED-8A95ACF20A5EE1E79A20""]"	"[""R16A-PAIR:27598c04934f3d33ad80dfb1aecc18d272cf86ee7fe3a726a95aae81144dfb06""]"	PRODUCT_VISIBLE_V2	LINEAR_PATH	RETAINED	ROUND16A_ACTIVE_PAIR_BASELINE_NO_GROUP_CLAIM	false	false	false	false	Preserve the exact pair baseline without a manufactured group claim; regenerate any v3 product descendant before product activation.	ba7c6ca99480882402444951c6dc8fefbaffd2ef6635d7975bb3425a6bbb7888
468105499c7be102deec7d6555aced688dea9901	5419770959bdb8998b693fb2275b47e29b92367c	ROUND16A_PRODUCTION_COMPOSITION	R16A-PCOMP-07C73A08724033D92462	frontend/generated/trace-exploration-v2/production-read-model.json	53eaf59c95446eeb3781a7153183c54b3ff59fd52f21744cc917053959dfdcc9	R16A-PCOMP-07C73A08724033D92462	e3e7f02a9d8bceedd57f333e243d54856bf8b410bf78a68db4e4a5d8179637ae	af25d1d4c93f79886769d53d071805bd5b6726130b153e4484121321d1122e3a	"[""R16B-SENSE:f0e28e13851d04c13b701f53d9b3911cb50fc572cc6203c64527804f0b37e909"",""R16B-SENSE:f26224717160ca63c45ca85fe7c23e1469baa3e10672a68beafb13d195d0915d"",""R16B-SENSE:fa3369a6eb4bebe96ee289987f963e539b8da9c27ea0f454e8a24b6bddf9306f""]"	"[""R16B-LOCAL-FAMILY:af25d1d4c93f79886769d53d071805bd5b6726130b153e4484121321d1122e3a""]"	"[""PAIRWISE_SUPPORT_WITHOUT_GROUP_COHERENCE""]"	"[""R16A-ENTRY-28C2D01E38228818A94A"",""R16A-SEED-3AF4CB8F2FFE4ED63C71""]"	"[""R16A-PAIR:2ea00c84f44e9da21aae78f742f5cf6cba09fee7e94d77ff3420dc07dd64cbb5"",""R16A-PAIR:e153332b67669fdaa24f256bfcf61135e56eb2894e48481afc71ae4327c81422""]"	PRODUCT_VISIBLE_V2	BINARY_CONVERGENCE	CORRECTED	FAMILY_FINAL_DISPOSITION:PAIRWISE_SUPPORT_WITHOUT_GROUP_COHERENCE	false	false	false	false	Preserve separately governed pair records, remove the unsupported group-coherence implication, and regenerate with corrected association provenance.	00badbed1670fa895c9241069476282c2b35de26ff3abe91690a8fcbc843cc95
468105499c7be102deec7d6555aced688dea9901	5419770959bdb8998b693fb2275b47e29b92367c	ROUND16A_PRODUCTION_COMPOSITION	R16A-PCOMP-07DA457407C10C3831C0	frontend/generated/trace-exploration-v2/production-read-model.json	53eaf59c95446eeb3781a7153183c54b3ff59fd52f21744cc917053959dfdcc9	R16A-PCOMP-07DA457407C10C3831C0	b52d286cd3bfeb60b21f51d3277d1aaed92aec23c7e7348f5b975609101c4be0	9c036d39cfa771ac40c78c9387c2f2d2dd13b71b49a5e41b3c2777e67f29fc61	"[""R16B-SENSE:b25cab95ecf4ca503def2a66d5d89c36131f18c819b00e5c0c06737222baf067"",""R16B-SENSE:fd509f4a9f5aea51e88d869076b1534b55b173e8fd71bf4eb97c1c907a76859a""]"	[]	[]	"[""R16A-ENTRY-0C7D6D082C227461ACD2"",""R16A-SEED-375679E72DA6BB8DBE3E""]"	"[""R16A-PAIR:0c8c2331a9ba240c16d983a310a9cb7e83f44710cb57828cca8860aaf7799937""]"	PRODUCT_VISIBLE_V2	LINEAR_PATH	RETAINED	ROUND16A_ACTIVE_PAIR_BASELINE_NO_GROUP_CLAIM	false	false	false	false	Preserve the exact pair baseline without a manufactured group claim; regenerate any v3 product descendant before product activation.	e18524892c3b995a746259d97e5c1ec0b639f7bc103b8e00dd4fe83e53c50e06
468105499c7be102deec7d6555aced688dea9901	5419770959bdb8998b693fb2275b47e29b92367c	ROUND16A_PRODUCTION_COMPOSITION	R16A-PCOMP-0982F9DC5A044913F785	frontend/generated/trace-exploration-v2/production-read-model.json	53eaf59c95446eeb3781a7153183c54b3ff59fd52f21744cc917053959dfdcc9	R16A-PCOMP-0982F9DC5A044913F785	19c5effd74f2f64fecfd704fb65640b6e7511646146df1229116100ca187c72a	ff6645755eade29ecd324141ecfe3446b328eeb144cc749608a6e20253e97edb	"[""R16B-SENSE:6672e4d46dd04d497061cde0fb1319f2795e43fafb72f047ac8a663d5c0dabfb"",""R16B-SENSE:9f5a38a6fb1ca9212921419af18b59d535ee2f944c89ce002dfa6db54090b9c8""]"	[]	[]	"[""R16A-ENTRY-54F9D8E59B304C12E7C1"",""R16A-SEED-3A3020B5BB4F93C1BD88""]"	"[""R16A-PAIR:09108fb32fbc17acaa1205d07d048a5e74371e81f8c5919a24f86af4ddc3d677""]"	PRODUCT_VISIBLE_V2	LINEAR_PATH	RETAINED	ROUND16A_ACTIVE_PAIR_BASELINE_NO_GROUP_CLAIM	false	false	false	false	Preserve the exact pair baseline without a manufactured group claim; regenerate any v3 product descendant before product activation.	0267f5e8f47923266f36460732ffa25e065c3ae6ec9717266d642f4bbf1bd090
468105499c7be102deec7d6555aced688dea9901	5419770959bdb8998b693fb2275b47e29b92367c	ROUND16A_PRODUCTION_COMPOSITION	R16A-PCOMP-0CA416B8A56B0BCCD5E4	frontend/generated/trace-exploration-v2/production-read-model.json	53eaf59c95446eeb3781a7153183c54b3ff59fd52f21744cc917053959dfdcc9	R16A-PCOMP-0CA416B8A56B0BCCD5E4	fb123fa620af181939ece1a40f83df1ee2a6454c017afef14135d54e2f27e122	83009b1d124d4635a57866eeffba5e1a1a33e499bd60b30c6346b94ff1a04f8e	"[""R16B-SENSE:698710ef66f0d551cde028b8e54bdbf6051b96902a736be6b9ab45d1ad91f848"",""R16B-SENSE:9415fd18554090ac9dd2dfc28a1ec541d67a94b8421b1cefafa578a03302257d"",""R16B-SENSE:9c499c8b62d5222b0be4049597c613d82925ede87bf34656671a6b1e4e491bc3""]"	"[""R16B-LOCAL-FAMILY:83009b1d124d4635a57866eeffba5e1a1a33e499bd60b30c6346b94ff1a04f8e""]"	"[""BOUNDED_SENSE_OR_SCOPE_CONFLICT""]"	"[""R16A-ENTRY-49EFB16A742B1F13E7CC"",""R16A-SEED-6029728116DD5C9E0394""]"	"[""R16A-PAIR:4cf124f8588611ba0a2f76bce26ab0b5890dcfcf71d9283888d62d58bcdb974a"",""R16A-PAIR:591aa3897c3e0e455ef4bc05b36550f3d010af9e84be8a08c199676025fdeb04""]"	PRODUCT_VISIBLE_V2	LINEAR_PATH	REJECTED	FAMILY_FINAL_DISPOSITION:BOUNDED_SENSE_OR_SCOPE_CONFLICT	false	false	false	false	Preserve the audit receipt, retire the prior object from active product eligibility, and do not project or synthesize a replacement association.	b7d97fc0f75c2216189c655f6e22023e4fa05ec1c89c7a0002749c83ae2514e0
468105499c7be102deec7d6555aced688dea9901	5419770959bdb8998b693fb2275b47e29b92367c	ROUND16A_PRODUCTION_COMPOSITION	R16A-PCOMP-0CC893F86B628A11B34E	frontend/generated/trace-exploration-v2/production-read-model.json	53eaf59c95446eeb3781a7153183c54b3ff59fd52f21744cc917053959dfdcc9	R16A-PCOMP-0CC893F86B628A11B34E	1dbb62c4c683908c7f261f7e103a65cfce5cd1aca52eb0257dd0c91ef047b07a	89817e7a449f1cc7b574fb1b89c9541f765e52825c5cb62bf0a2bb833e8f970a	"[""R16B-SENSE:4e14e64610176c44c8a9775fba3a7d484b4eee0fb06ee9553c17675cb7f0b634"",""R16B-SENSE:f0e28e13851d04c13b701f53d9b3911cb50fc572cc6203c64527804f0b37e909"",""R16B-SENSE:f26224717160ca63c45ca85fe7c23e1469baa3e10672a68beafb13d195d0915d"",""R16B-SENSE:fa3369a6eb4bebe96ee289987f963e539b8da9c27ea0f454e8a24b6bddf9306f""]"	"[""R16B-LOCAL-FAMILY:89817e7a449f1cc7b574fb1b89c9541f765e52825c5cb62bf0a2bb833e8f970a""]"	"[""INQUIRY_ONLY_OR_UNRESOLVED""]"	"[""R16A-ENTRY-E3E7F7FE5935F715005D"",""R16A-SEED-D9FCFA904A560C0F4D95""]"	"[""R16A-PAIR:2ea00c84f44e9da21aae78f742f5cf6cba09fee7e94d77ff3420dc07dd64cbb5"",""R16A-PAIR:db9e8b1d1d7e17983872e3600cd1a3ce5ae7f3c907ae70bdeafcbd0b2c6a0460"",""R16A-PAIR:e153332b67669fdaa24f256bfcf61135e56eb2894e48481afc71ae4327c81422""]"	PRODUCT_VISIBLE_V2	LINEAR_PATH	INQUIRY	FAMILY_FINAL_DISPOSITION:INQUIRY_ONLY_OR_UNRESOLVED	false	false	false	false	Preserve as an explicitly inquiry-only baseline artifact; do not activate a product path while evidence or authority remains unresolved.	a48a4f5d804b51df4859dce153159e17cfc94bcc00f7e6c740bd992b4d2c5e15
468105499c7be102deec7d6555aced688dea9901	5419770959bdb8998b693fb2275b47e29b92367c	ROUND16A_PRODUCTION_COMPOSITION	R16A-PCOMP-0D79DD06BB12234D961D	frontend/generated/trace-exploration-v2/production-read-model.json	53eaf59c95446eeb3781a7153183c54b3ff59fd52f21744cc917053959dfdcc9	R16A-PCOMP-0D79DD06BB12234D961D	47f2cdb1cc54bffd241c72c672a798d3aea76d2ac675cd067467429af0d2e90b	1d76bf657bbdec293265d051268a2a1153be0108b15a8d63ebbf2cb98cf6f06a	"[""R16B-SENSE:0ebc966b965fc5703be0f4bae727d337f32d83eb7db9066e926a2530dcfa0171"",""R16B-SENSE:61aaade597c45243fcdef0d2514fc52f58a066ae5c9f4ad550727cb75b124f64"",""R16B-SENSE:697603bbe891d791295d478b3b16d10add9bdab1fd92826d63d8b630f3779cfb""]"	"[""R16B-LOCAL-FAMILY:1d76bf657bbdec293265d051268a2a1153be0108b15a8d63ebbf2cb98cf6f06a""]"	"[""INQUIRY_ONLY_OR_UNRESOLVED""]"	"[""R16A-ENTRY-BF07DD1C1ADA7CC4D809"",""R16A-SEED-7F5468F823F6BC01DCDB""]"	"[""R16A-PAIR:43fa33f1a987090224619eb68e83d246be7705f94d1b2e364bdfb2b73fc1a94f"",""R16A-PAIR:c36555188472ea5287ed70295a1b85e92e2ba9468fc703d2fe8893de3fc55a1f""]"	PRODUCT_VISIBLE_V2	BINARY_CONVERGENCE	INQUIRY	FAMILY_FINAL_DISPOSITION:INQUIRY_ONLY_OR_UNRESOLVED	false	false	false	false	Preserve as an explicitly inquiry-only baseline artifact; do not activate a product path while evidence or authority remains unresolved.	cc744fe72020a66d3eb9e633a11040576e43b8e28e2e0ecdbbbab63c01c996a3
468105499c7be102deec7d6555aced688dea9901	5419770959bdb8998b693fb2275b47e29b92367c	ROUND16A_PRODUCTION_COMPOSITION	R16A-PCOMP-0D9983B15D906D9075FF	frontend/generated/trace-exploration-v2/production-read-model.json	53eaf59c95446eeb3781a7153183c54b3ff59fd52f21744cc917053959dfdcc9	R16A-PCOMP-0D9983B15D906D9075FF	65761c7295bcb7624234721f5a27c4100b73e60d57b8ef6effb456af59f96db7	89817e7a449f1cc7b574fb1b89c9541f765e52825c5cb62bf0a2bb833e8f970a	"[""R16B-SENSE:4e14e64610176c44c8a9775fba3a7d484b4eee0fb06ee9553c17675cb7f0b634"",""R16B-SENSE:f0e28e13851d04c13b701f53d9b3911cb50fc572cc6203c64527804f0b37e909"",""R16B-SENSE:f26224717160ca63c45ca85fe7c23e1469baa3e10672a68beafb13d195d0915d"",""R16B-SENSE:fa3369a6eb4bebe96ee289987f963e539b8da9c27ea0f454e8a24b6bddf9306f""]"	"[""R16B-LOCAL-FAMILY:89817e7a449f1cc7b574fb1b89c9541f765e52825c5cb62bf0a2bb833e8f970a""]"	"[""INQUIRY_ONLY_OR_UNRESOLVED""]"	"[""R16A-ENTRY-4BFE43E2A3DE9957FB93"",""R16A-SEED-E2CA88998569E13D72F5""]"	"[""R16A-PAIR:2ea00c84f44e9da21aae78f742f5cf6cba09fee7e94d77ff3420dc07dd64cbb5"",""R16A-PAIR:5841a12151ac0ce714f0b8e279e939bed009b3f2be71086cde6033cbbd11b4ea"",""R16A-PAIR:f82795fcaba53ac0c255461d014e82b9e563362b645b4c65a58e27644e22c54c""]"	PRODUCT_VISIBLE_V2	LINEAR_PATH	INQUIRY	FAMILY_FINAL_DISPOSITION:INQUIRY_ONLY_OR_UNRESOLVED	false	false	false	false	Preserve as an explicitly inquiry-only baseline artifact; do not activate a product path while evidence or authority remains unresolved.	00e77b39fd07b5b1707e941d88ea4c025863a9475230ebbffe8042f9bb41d065
468105499c7be102deec7d6555aced688dea9901	5419770959bdb8998b693fb2275b47e29b92367c	ROUND16A_PRODUCTION_COMPOSITION	R16A-PCOMP-0DBFCDB9B61C54D15FB7	frontend/generated/trace-exploration-v2/production-read-model.json	53eaf59c95446eeb3781a7153183c54b3ff59fd52f21744cc917053959dfdcc9	R16A-PCOMP-0DBFCDB9B61C54D15FB7	4b17809ec94cf63a25fc966c6af5db73c99c43c1e7014c1369a4cf766033b058	1d76bf657bbdec293265d051268a2a1153be0108b15a8d63ebbf2cb98cf6f06a	"[""R16B-SENSE:0ebc966b965fc5703be0f4bae727d337f32d83eb7db9066e926a2530dcfa0171"",""R16B-SENSE:61aaade597c45243fcdef0d2514fc52f58a066ae5c9f4ad550727cb75b124f64"",""R16B-SENSE:697603bbe891d791295d478b3b16d10add9bdab1fd92826d63d8b630f3779cfb""]"	"[""R16B-LOCAL-FAMILY:1d76bf657bbdec293265d051268a2a1153be0108b15a8d63ebbf2cb98cf6f06a""]"	"[""INQUIRY_ONLY_OR_UNRESOLVED""]"	"[""R16A-ENTRY-BF07DD1C1ADA7CC4D809"",""R16A-SEED-FD49CB35870D8DC49BB5""]"	"[""R16A-PAIR:43fa33f1a987090224619eb68e83d246be7705f94d1b2e364bdfb2b73fc1a94f"",""R16A-PAIR:c36555188472ea5287ed70295a1b85e92e2ba9468fc703d2fe8893de3fc55a1f""]"	PRODUCT_VISIBLE_V2	BINARY_CONVERGENCE	INQUIRY	FAMILY_FINAL_DISPOSITION:INQUIRY_ONLY_OR_UNRESOLVED	false	false	false	false	Preserve as an explicitly inquiry-only baseline artifact; do not activate a product path while evidence or authority remains unresolved.	5114803a447e64d03d3cf759d65c55e747170ff80394720089fa6a4202d156ef
468105499c7be102deec7d6555aced688dea9901	5419770959bdb8998b693fb2275b47e29b92367c	ROUND16A_PRODUCTION_COMPOSITION	R16A-PCOMP-0E83581BA86AA46106A8	frontend/generated/trace-exploration-v2/production-read-model.json	53eaf59c95446eeb3781a7153183c54b3ff59fd52f21744cc917053959dfdcc9	R16A-PCOMP-0E83581BA86AA46106A8	a18763eeb1c5b6c919a6799d10f6ad97088260adfca1eda9b2fbcce07865bd71	af25d1d4c93f79886769d53d071805bd5b6726130b153e4484121321d1122e3a	"[""R16B-SENSE:f0e28e13851d04c13b701f53d9b3911cb50fc572cc6203c64527804f0b37e909"",""R16B-SENSE:f26224717160ca63c45ca85fe7c23e1469baa3e10672a68beafb13d195d0915d"",""R16B-SENSE:fa3369a6eb4bebe96ee289987f963e539b8da9c27ea0f454e8a24b6bddf9306f""]"	"[""R16B-LOCAL-FAMILY:af25d1d4c93f79886769d53d071805bd5b6726130b153e4484121321d1122e3a""]"	"[""PAIRWISE_SUPPORT_WITHOUT_GROUP_COHERENCE""]"	"[""R16A-ENTRY-D029EB63743D246F4E72"",""R16A-SEED-C9074F023A706B73AD3A""]"	"[""R16A-PAIR:2ea00c84f44e9da21aae78f742f5cf6cba09fee7e94d77ff3420dc07dd64cbb5"",""R16A-PAIR:e153332b67669fdaa24f256bfcf61135e56eb2894e48481afc71ae4327c81422""]"	PRODUCT_VISIBLE_V2	LINEAR_PATH	CORRECTED	FAMILY_FINAL_DISPOSITION:PAIRWISE_SUPPORT_WITHOUT_GROUP_COHERENCE	false	false	false	false	Preserve separately governed pair records, remove the unsupported group-coherence implication, and regenerate with corrected association provenance.	26d26c8e93d8fbf94ac570015e658eca57ef56ee91395f21105336b94092ba71
468105499c7be102deec7d6555aced688dea9901	5419770959bdb8998b693fb2275b47e29b92367c	ROUND16A_PRODUCTION_COMPOSITION	R16A-PCOMP-0ECC32306DA6BB14E956	frontend/generated/trace-exploration-v2/production-read-model.json	53eaf59c95446eeb3781a7153183c54b3ff59fd52f21744cc917053959dfdcc9	R16A-PCOMP-0ECC32306DA6BB14E956	a983d8e454ebba533e4047f92ffb510dd3bbd2fa46a78bf2d0d06ccf772b825a	7d407e71f244548ca1c95b0c98357ea7cc8b55526ee27808ee5aa33942dac0ab	"[""R16B-SENSE:3d5f8270a50edbaf14edbc7ae48c1cd8d230d94dbd0d1e60e116afca491720d7"",""R16B-SENSE:c6a305bac0ba3a375015fd389d830c7eb5ed46f883ed720ddfcb0dfff588055a""]"	[]	[]	"[""R16A-ENTRY-54B19765209E346B0EB5"",""R16A-SEED-481DC7BEFC0577E02C65""]"	"[""R16A-PAIR:b4f5681b10410d082921b5dfe618fe94f639c10ae3dcb51eb904a4e02db3b9bf""]"	PRODUCT_VISIBLE_V2	LINEAR_PATH	RETAINED	ROUND16A_ACTIVE_PAIR_BASELINE_NO_GROUP_CLAIM	false	false	false	false	Preserve the exact pair baseline without a manufactured group claim; regenerate any v3 product descendant before product activation.	d0e4c8dea7d8b665a66087843dc6131eaa00aa71cb069b581abbd5fda8c1b23a
468105499c7be102deec7d6555aced688dea9901	5419770959bdb8998b693fb2275b47e29b92367c	ROUND16A_PRODUCTION_COMPOSITION	R16A-PCOMP-0ED27692FB4AB03E768C	frontend/generated/trace-exploration-v2/production-read-model.json	53eaf59c95446eeb3781a7153183c54b3ff59fd52f21744cc917053959dfdcc9	R16A-PCOMP-0ED27692FB4AB03E768C	493fa7526f3f617d7738787f4ef0a55149cb9d324308c004ba4c3ccadda7e488	83009b1d124d4635a57866eeffba5e1a1a33e499bd60b30c6346b94ff1a04f8e	"[""R16B-SENSE:698710ef66f0d551cde028b8e54bdbf6051b96902a736be6b9ab45d1ad91f848"",""R16B-SENSE:9415fd18554090ac9dd2dfc28a1ec541d67a94b8421b1cefafa578a03302257d"",""R16B-SENSE:9c499c8b62d5222b0be4049597c613d82925ede87bf34656671a6b1e4e491bc3""]"	"[""R16B-LOCAL-FAMILY:83009b1d124d4635a57866eeffba5e1a1a33e499bd60b30c6346b94ff1a04f8e""]"	"[""BOUNDED_SENSE_OR_SCOPE_CONFLICT""]"	"[""R16A-ENTRY-91C361126F28F4EB4753"",""R16A-SEED-83C1032D95869047A078""]"	"[""R16A-PAIR:4cf124f8588611ba0a2f76bce26ab0b5890dcfcf71d9283888d62d58bcdb974a"",""R16A-PAIR:591aa3897c3e0e455ef4bc05b36550f3d010af9e84be8a08c199676025fdeb04""]"	PRODUCT_VISIBLE_V2	BINARY_FORK	REJECTED	FAMILY_FINAL_DISPOSITION:BOUNDED_SENSE_OR_SCOPE_CONFLICT	false	false	false	false	Preserve the audit receipt, retire the prior object from active product eligibility, and do not project or synthesize a replacement association.	62171f62c59e74d9935c20499a967708105128c0cac5515c9cce9bf3254ffeff
468105499c7be102deec7d6555aced688dea9901	5419770959bdb8998b693fb2275b47e29b92367c	ROUND16A_PRODUCTION_COMPOSITION	R16A-PCOMP-100E1015334D913EE5FD	frontend/generated/trace-exploration-v2/production-read-model.json	53eaf59c95446eeb3781a7153183c54b3ff59fd52f21744cc917053959dfdcc9	R16A-PCOMP-100E1015334D913EE5FD	c47ebd1cc4cdf73b2bc0a57a62d43422e20efd4670df2fca0249b21ed46fe021	29152650715f1a122240a5331d1571c4ed6058325d732a0de76ce31ccc2524fc	"[""R16B-SENSE:f26224717160ca63c45ca85fe7c23e1469baa3e10672a68beafb13d195d0915d"",""R16B-SENSE:fa3369a6eb4bebe96ee289987f963e539b8da9c27ea0f454e8a24b6bddf9306f""]"	[]	[]	"[""R16A-ENTRY-F072B3EE453E9C394FDA"",""R16A-SEED-9A2EA8B48B5031D1AA53""]"	"[""R16A-PAIR:2ea00c84f44e9da21aae78f742f5cf6cba09fee7e94d77ff3420dc07dd64cbb5""]"	PRODUCT_VISIBLE_V2	LINEAR_PATH	RETAINED	ROUND16A_ACTIVE_PAIR_BASELINE_NO_GROUP_CLAIM	false	false	false	false	Preserve the exact pair baseline without a manufactured group claim; regenerate any v3 product descendant before product activation.	5bea0d020d7c639719f36da16ecfe6ed76dd397ad06d03f56e50f615b2387975
468105499c7be102deec7d6555aced688dea9901	5419770959bdb8998b693fb2275b47e29b92367c	ROUND16A_PRODUCTION_COMPOSITION	R16A-PCOMP-10340199BFF4918CE172	frontend/generated/trace-exploration-v2/production-read-model.json	53eaf59c95446eeb3781a7153183c54b3ff59fd52f21744cc917053959dfdcc9	R16A-PCOMP-10340199BFF4918CE172	e806ce9012728101e2964ff0aa4bc50de9af317cab209bf4eb3a63d24fd805ac	af25d1d4c93f79886769d53d071805bd5b6726130b153e4484121321d1122e3a	"[""R16B-SENSE:f0e28e13851d04c13b701f53d9b3911cb50fc572cc6203c64527804f0b37e909"",""R16B-SENSE:f26224717160ca63c45ca85fe7c23e1469baa3e10672a68beafb13d195d0915d"",""R16B-SENSE:fa3369a6eb4bebe96ee289987f963e539b8da9c27ea0f454e8a24b6bddf9306f""]"	"[""R16B-LOCAL-FAMILY:af25d1d4c93f79886769d53d071805bd5b6726130b153e4484121321d1122e3a""]"	"[""PAIRWISE_SUPPORT_WITHOUT_GROUP_COHERENCE""]"	"[""R16A-ENTRY-D029EB63743D246F4E72"",""R16A-SEED-FFE20216BA12E97FC1B7""]"	"[""R16A-PAIR:2ea00c84f44e9da21aae78f742f5cf6cba09fee7e94d77ff3420dc07dd64cbb5"",""R16A-PAIR:e153332b67669fdaa24f256bfcf61135e56eb2894e48481afc71ae4327c81422""]"	PRODUCT_VISIBLE_V2	LINEAR_PATH	CORRECTED	FAMILY_FINAL_DISPOSITION:PAIRWISE_SUPPORT_WITHOUT_GROUP_COHERENCE	false	false	false	false	Preserve separately governed pair records, remove the unsupported group-coherence implication, and regenerate with corrected association provenance.	b869d22fb5f767fcf0095568e834743b9f1b7830bff2c97bd7dfcef73acb8b9a
468105499c7be102deec7d6555aced688dea9901	5419770959bdb8998b693fb2275b47e29b92367c	ROUND16A_PRODUCTION_COMPOSITION	R16A-PCOMP-11517573CD39B2D5E696	frontend/generated/trace-exploration-v2/production-read-model.json	53eaf59c95446eeb3781a7153183c54b3ff59fd52f21744cc917053959dfdcc9	R16A-PCOMP-11517573CD39B2D5E696	1f3258a9fd545555e7873653a3a7811676817c54098d06e0a5eafdbd24686bec	15f5757830dfe043fb27e73c28ff3bfd902aaa9c938ab254fda8682d359a7249	"[""R16B-SENSE:6672e4d46dd04d497061cde0fb1319f2795e43fafb72f047ac8a663d5c0dabfb"",""R16B-SENSE:9f5a38a6fb1ca9212921419af18b59d535ee2f944c89ce002dfa6db54090b9c8"",""R16B-SENSE:aaba242b61f07fc7756aa5d54b3d132896c230e138451ec96ac3b40b8c2c3ec3""]"	"[""R16B-LOCAL-FAMILY:15f5757830dfe043fb27e73c28ff3bfd902aaa9c938ab254fda8682d359a7249""]"	"[""PAIRWISE_SUPPORT_WITHOUT_GROUP_COHERENCE""]"	"[""R16A-ENTRY-111DBBEB2F71DFDD32FF"",""R16A-SEED-5F5C4225215E4A9625C5""]"	"[""R16A-PAIR:09108fb32fbc17acaa1205d07d048a5e74371e81f8c5919a24f86af4ddc3d677"",""R16A-PAIR:9d6b149f9ea2e617d5b45153c18bed1eeff22bd4c979cc8d6767b8c213e4d419""]"	PRODUCT_VISIBLE_V2	BINARY_CONVERGENCE	CORRECTED	FAMILY_FINAL_DISPOSITION:PAIRWISE_SUPPORT_WITHOUT_GROUP_COHERENCE	false	false	false	false	Preserve separately governed pair records, remove the unsupported group-coherence implication, and regenerate with corrected association provenance.	dcf8b7263d4176e27c9a88f06ff55b5ee90414e7929c375a7b8a292335c20201
468105499c7be102deec7d6555aced688dea9901	5419770959bdb8998b693fb2275b47e29b92367c	ROUND16A_PRODUCTION_COMPOSITION	R16A-PCOMP-11B4CB49ECB912252D11	frontend/generated/trace-exploration-v2/production-read-model.json	53eaf59c95446eeb3781a7153183c54b3ff59fd52f21744cc917053959dfdcc9	R16A-PCOMP-11B4CB49ECB912252D11	32cbe12f0a9fb6ef9cfd264e527e8c9c7a3a6adfd658a338ef384cc9a4fe13e8	af25d1d4c93f79886769d53d071805bd5b6726130b153e4484121321d1122e3a	"[""R16B-SENSE:f0e28e13851d04c13b701f53d9b3911cb50fc572cc6203c64527804f0b37e909"",""R16B-SENSE:f26224717160ca63c45ca85fe7c23e1469baa3e10672a68beafb13d195d0915d"",""R16B-SENSE:fa3369a6eb4bebe96ee289987f963e539b8da9c27ea0f454e8a24b6bddf9306f""]"	"[""R16B-LOCAL-FAMILY:af25d1d4c93f79886769d53d071805bd5b6726130b153e4484121321d1122e3a""]"	"[""PAIRWISE_SUPPORT_WITHOUT_GROUP_COHERENCE""]"	"[""R16A-ENTRY-006D9BE268748B32931E"",""R16A-SEED-F3975222A1B6634AB4B5""]"	"[""R16A-PAIR:2ea00c84f44e9da21aae78f742f5cf6cba09fee7e94d77ff3420dc07dd64cbb5"",""R16A-PAIR:e153332b67669fdaa24f256bfcf61135e56eb2894e48481afc71ae4327c81422""]"	PRODUCT_VISIBLE_V2	BINARY_FORK	CORRECTED	FAMILY_FINAL_DISPOSITION:PAIRWISE_SUPPORT_WITHOUT_GROUP_COHERENCE	false	false	false	false	Preserve separately governed pair records, remove the unsupported group-coherence implication, and regenerate with corrected association provenance.	07aa29c22309ce994e26aae5320fce11f8b83aa740cfbdeaa13804ecd5417fef
468105499c7be102deec7d6555aced688dea9901	5419770959bdb8998b693fb2275b47e29b92367c	ROUND16A_PRODUCTION_COMPOSITION	R16A-PCOMP-1366961561B761A0F2C4	frontend/generated/trace-exploration-v2/production-read-model.json	53eaf59c95446eeb3781a7153183c54b3ff59fd52f21744cc917053959dfdcc9	R16A-PCOMP-1366961561B761A0F2C4	9c0523cb78c9e0b52a4835bd07771262ce03cecfa818d04060b583cabbdec81e	1d76bf657bbdec293265d051268a2a1153be0108b15a8d63ebbf2cb98cf6f06a	"[""R16B-SENSE:0ebc966b965fc5703be0f4bae727d337f32d83eb7db9066e926a2530dcfa0171"",""R16B-SENSE:61aaade597c45243fcdef0d2514fc52f58a066ae5c9f4ad550727cb75b124f64"",""R16B-SENSE:697603bbe891d791295d478b3b16d10add9bdab1fd92826d63d8b630f3779cfb""]"	"[""R16B-LOCAL-FAMILY:1d76bf657bbdec293265d051268a2a1153be0108b15a8d63ebbf2cb98cf6f06a""]"	"[""INQUIRY_ONLY_OR_UNRESOLVED""]"	"[""R16A-ENTRY-EF8BD27CDE521536B350"",""R16A-SEED-89154B18ECC367A1D3C5""]"	"[""R16A-PAIR:43fa33f1a987090224619eb68e83d246be7705f94d1b2e364bdfb2b73fc1a94f"",""R16A-PAIR:c36555188472ea5287ed70295a1b85e92e2ba9468fc703d2fe8893de3fc55a1f""]"	PRODUCT_VISIBLE_V2	LINEAR_PATH	INQUIRY	FAMILY_FINAL_DISPOSITION:INQUIRY_ONLY_OR_UNRESOLVED	false	false	false	false	Preserve as an explicitly inquiry-only baseline artifact; do not activate a product path while evidence or authority remains unresolved.	4f69fb8c4de9ceb052e771dbb87ccc10a36c3996d256119991673afd99c26ae0
468105499c7be102deec7d6555aced688dea9901	5419770959bdb8998b693fb2275b47e29b92367c	ROUND16A_PRODUCTION_COMPOSITION	R16A-PCOMP-138ECB107790C4DC4413	frontend/generated/trace-exploration-v2/production-read-model.json	53eaf59c95446eeb3781a7153183c54b3ff59fd52f21744cc917053959dfdcc9	R16A-PCOMP-138ECB107790C4DC4413	38dc97707dcbcfb86abeb0ecd5730dbbeef38a4ac859aac86bd146d548946204	23b72032e8165ac9f164a43ac0e1932f2fe4354f1b89f62d67ebe7d497de7af1	"[""R16B-SENSE:4e14e64610176c44c8a9775fba3a7d484b4eee0fb06ee9553c17675cb7f0b634"",""R16B-SENSE:f26224717160ca63c45ca85fe7c23e1469baa3e10672a68beafb13d195d0915d"",""R16B-SENSE:fa3369a6eb4bebe96ee289987f963e539b8da9c27ea0f454e8a24b6bddf9306f""]"	"[""R16B-LOCAL-FAMILY:23b72032e8165ac9f164a43ac0e1932f2fe4354f1b89f62d67ebe7d497de7af1""]"	"[""PAIRWISE_SUPPORT_WITHOUT_GROUP_COHERENCE""]"	"[""R16A-ENTRY-AB7FCECC3E294B8FBF9D"",""R16A-SEED-F874CF4B04B709EF916D""]"	"[""R16A-PAIR:5841a12151ac0ce714f0b8e279e939bed009b3f2be71086cde6033cbbd11b4ea"",""R16A-PAIR:db9e8b1d1d7e17983872e3600cd1a3ce5ae7f3c907ae70bdeafcbd0b2c6a0460""]"	PRODUCT_VISIBLE_V2	BINARY_CONVERGENCE	CORRECTED	FAMILY_FINAL_DISPOSITION:PAIRWISE_SUPPORT_WITHOUT_GROUP_COHERENCE	false	false	false	false	Preserve separately governed pair records, remove the unsupported group-coherence implication, and regenerate with corrected association provenance.	7bbe3368a0391d3f4f453202e0b4add5fc86d4c953f79a3cb936dc9344fc7828
468105499c7be102deec7d6555aced688dea9901	5419770959bdb8998b693fb2275b47e29b92367c	ROUND16A_PRODUCTION_COMPOSITION	R16A-PCOMP-160A6C7CA89D64FFE252	frontend/generated/trace-exploration-v2/production-read-model.json	53eaf59c95446eeb3781a7153183c54b3ff59fd52f21744cc917053959dfdcc9	R16A-PCOMP-160A6C7CA89D64FFE252	66bb7db2d4926c01554a100a3f3a1e0c57079a202ef38d4ce12f7786b9b54472	89817e7a449f1cc7b574fb1b89c9541f765e52825c5cb62bf0a2bb833e8f970a	"[""R16B-SENSE:4e14e64610176c44c8a9775fba3a7d484b4eee0fb06ee9553c17675cb7f0b634"",""R16B-SENSE:f0e28e13851d04c13b701f53d9b3911cb50fc572cc6203c64527804f0b37e909"",""R16B-SENSE:f26224717160ca63c45ca85fe7c23e1469baa3e10672a68beafb13d195d0915d"",""R16B-SENSE:fa3369a6eb4bebe96ee289987f963e539b8da9c27ea0f454e8a24b6bddf9306f""]"	"[""R16B-LOCAL-FAMILY:89817e7a449f1cc7b574fb1b89c9541f765e52825c5cb62bf0a2bb833e8f970a""]"	"[""INQUIRY_ONLY_OR_UNRESOLVED""]"	"[""R16A-ENTRY-62192DD170EB39DE1963"",""R16A-SEED-160C5D60FCA390968BC0""]"	"[""R16A-PAIR:5841a12151ac0ce714f0b8e279e939bed009b3f2be71086cde6033cbbd11b4ea"",""R16A-PAIR:e153332b67669fdaa24f256bfcf61135e56eb2894e48481afc71ae4327c81422"",""R16A-PAIR:f82795fcaba53ac0c255461d014e82b9e563362b645b4c65a58e27644e22c54c""]"	PRODUCT_VISIBLE_V2	LINEAR_PATH	INQUIRY	FAMILY_FINAL_DISPOSITION:INQUIRY_ONLY_OR_UNRESOLVED	false	false	false	false	Preserve as an explicitly inquiry-only baseline artifact; do not activate a product path while evidence or authority remains unresolved.	86d07cb111dc9f2eb085b582267d31dc87c7ad3e350d7f17ef2c2b513572171a
468105499c7be102deec7d6555aced688dea9901	5419770959bdb8998b693fb2275b47e29b92367c	ROUND16A_PRODUCTION_COMPOSITION	R16A-PCOMP-1676434ADAFD0F3BC199	frontend/generated/trace-exploration-v2/production-read-model.json	53eaf59c95446eeb3781a7153183c54b3ff59fd52f21744cc917053959dfdcc9	R16A-PCOMP-1676434ADAFD0F3BC199	534f26b72f95ae05fb5f703533d27e3d8400fb32de50bdd4f6b94f034a803f8d	23b72032e8165ac9f164a43ac0e1932f2fe4354f1b89f62d67ebe7d497de7af1	"[""R16B-SENSE:4e14e64610176c44c8a9775fba3a7d484b4eee0fb06ee9553c17675cb7f0b634"",""R16B-SENSE:f26224717160ca63c45ca85fe7c23e1469baa3e10672a68beafb13d195d0915d"",""R16B-SENSE:fa3369a6eb4bebe96ee289987f963e539b8da9c27ea0f454e8a24b6bddf9306f""]"	"[""R16B-LOCAL-FAMILY:23b72032e8165ac9f164a43ac0e1932f2fe4354f1b89f62d67ebe7d497de7af1""]"	"[""PAIRWISE_SUPPORT_WITHOUT_GROUP_COHERENCE""]"	"[""R16A-ENTRY-BBDF1E0FB4DFD49A58BD"",""R16A-SEED-FF96BE7E6E422E1B358D""]"	"[""R16A-PAIR:2ea00c84f44e9da21aae78f742f5cf6cba09fee7e94d77ff3420dc07dd64cbb5"",""R16A-PAIR:db9e8b1d1d7e17983872e3600cd1a3ce5ae7f3c907ae70bdeafcbd0b2c6a0460""]"	PRODUCT_VISIBLE_V2	BINARY_CONVERGENCE	CORRECTED	FAMILY_FINAL_DISPOSITION:PAIRWISE_SUPPORT_WITHOUT_GROUP_COHERENCE	false	false	false	false	Preserve separately governed pair records, remove the unsupported group-coherence implication, and regenerate with corrected association provenance.	1dc782dc26a3c49cc729cc813198cd886b4b88a997f6686951911c27ce1f794e
468105499c7be102deec7d6555aced688dea9901	5419770959bdb8998b693fb2275b47e29b92367c	ROUND16A_PRODUCTION_COMPOSITION	R16A-PCOMP-1711AD934C9176D552C9	frontend/generated/trace-exploration-v2/production-read-model.json	53eaf59c95446eeb3781a7153183c54b3ff59fd52f21744cc917053959dfdcc9	R16A-PCOMP-1711AD934C9176D552C9	fda53220024312a4af78ff97935ff43abde3fbc126924633235f859be219537b	7e0a0ee4f78d2f565c4f7771653ecc5a27828dd9fb704139d1e068f2a5fdce64	"[""R16B-SENSE:06c230c771547ee49390903e0bad7aaf44063613309c93bcbd72e808116af4c6"",""R16B-SENSE:35489187871bfd7b7be6e2d5268a3a922984d3bdad9e9a8ca61ea6edee84a5a7"",""R16B-SENSE:419a96e12217bfa4ed031510c32033cb2408489e3abb14eb28291b13c068e159""]"	"[""R16B-LOCAL-FAMILY:7e0a0ee4f78d2f565c4f7771653ecc5a27828dd9fb704139d1e068f2a5fdce64""]"	"[""BOUNDED_SENSE_OR_SCOPE_CONFLICT""]"	"[""R16A-ENTRY-581AD023EC2EBAE131E5"",""R16A-SEED-C280A32C1E84E93D8FCB""]"	"[""R16A-PAIR:27598c04934f3d33ad80dfb1aecc18d272cf86ee7fe3a726a95aae81144dfb06"",""R16A-PAIR:818cc370417319af9a65fec5211969862df5c48a821265533ba289932e57b18c""]"	PRODUCT_VISIBLE_V2	LINEAR_PATH	REJECTED	FAMILY_FINAL_DISPOSITION:BOUNDED_SENSE_OR_SCOPE_CONFLICT	false	false	false	false	Preserve the audit receipt, retire the prior object from active product eligibility, and do not project or synthesize a replacement association.	0198c8e5ba701029919dcbec08e509114d065ed1106c76a4fb10352543afe043
468105499c7be102deec7d6555aced688dea9901	5419770959bdb8998b693fb2275b47e29b92367c	ROUND16A_PRODUCTION_COMPOSITION	R16A-PCOMP-17B3C297A9ACF0075E2C	frontend/generated/trace-exploration-v2/production-read-model.json	53eaf59c95446eeb3781a7153183c54b3ff59fd52f21744cc917053959dfdcc9	R16A-PCOMP-17B3C297A9ACF0075E2C	aefab1ccf0c5fb259d298f2f9970073a47998390a70a78a182abbe86204996b0	3648ab4f374cda7a490244914de785b764e7e4f7c872f094e8a2d3f03a71a560	"[""R16B-SENSE:4e14e64610176c44c8a9775fba3a7d484b4eee0fb06ee9553c17675cb7f0b634"",""R16B-SENSE:f0e28e13851d04c13b701f53d9b3911cb50fc572cc6203c64527804f0b37e909"",""R16B-SENSE:fa3369a6eb4bebe96ee289987f963e539b8da9c27ea0f454e8a24b6bddf9306f""]"	"[""R16B-LOCAL-FAMILY:3648ab4f374cda7a490244914de785b764e7e4f7c872f094e8a2d3f03a71a560""]"	"[""PAIRWISE_SUPPORT_WITHOUT_GROUP_COHERENCE""]"	"[""R16A-ENTRY-430BB9381726BC21FB29"",""R16A-SEED-8F2CF90E6A8354E21BD8""]"	"[""R16A-PAIR:db9e8b1d1d7e17983872e3600cd1a3ce5ae7f3c907ae70bdeafcbd0b2c6a0460"",""R16A-PAIR:f82795fcaba53ac0c255461d014e82b9e563362b645b4c65a58e27644e22c54c""]"	PRODUCT_VISIBLE_V2	LINEAR_PATH	CORRECTED	FAMILY_FINAL_DISPOSITION:PAIRWISE_SUPPORT_WITHOUT_GROUP_COHERENCE	false	false	false	false	Preserve separately governed pair records, remove the unsupported group-coherence implication, and regenerate with corrected association provenance.	03110e8ebabaeea592d8e5c0650f1f28404b6911ae972dc1aed49f466bc5a13f
468105499c7be102deec7d6555aced688dea9901	5419770959bdb8998b693fb2275b47e29b92367c	ROUND16A_PRODUCTION_COMPOSITION	R16A-PCOMP-185FC99A208DDE8A4A99	frontend/generated/trace-exploration-v2/production-read-model.json	53eaf59c95446eeb3781a7153183c54b3ff59fd52f21744cc917053959dfdcc9	R16A-PCOMP-185FC99A208DDE8A4A99	ab7b002a014ee9028227c592e9c8626ff062ad4bb7931f34664bef72c4bed002	7e0a0ee4f78d2f565c4f7771653ecc5a27828dd9fb704139d1e068f2a5fdce64	"[""R16B-SENSE:06c230c771547ee49390903e0bad7aaf44063613309c93bcbd72e808116af4c6"",""R16B-SENSE:35489187871bfd7b7be6e2d5268a3a922984d3bdad9e9a8ca61ea6edee84a5a7"",""R16B-SENSE:419a96e12217bfa4ed031510c32033cb2408489e3abb14eb28291b13c068e159""]"	"[""R16B-LOCAL-FAMILY:7e0a0ee4f78d2f565c4f7771653ecc5a27828dd9fb704139d1e068f2a5fdce64""]"	"[""BOUNDED_SENSE_OR_SCOPE_CONFLICT""]"	"[""R16A-ENTRY-F0BB0E5BBF0EFD8FA646"",""R16A-SEED-3103A40D06495ABBEE2B""]"	"[""R16A-PAIR:27598c04934f3d33ad80dfb1aecc18d272cf86ee7fe3a726a95aae81144dfb06"",""R16A-PAIR:a364e4ea20e2f9e24e1fc980dc1ab703ae69a0fc86aa626a14e45cca0ea3bbb2""]"	PRODUCT_VISIBLE_V2	BINARY_FORK	REJECTED	FAMILY_FINAL_DISPOSITION:BOUNDED_SENSE_OR_SCOPE_CONFLICT	false	false	false	false	Preserve the audit receipt, retire the prior object from active product eligibility, and do not project or synthesize a replacement association.	bfe24cdf4b116ca03e1017f22ff6c88d2480099fd14955248a148ca2707ffb93
468105499c7be102deec7d6555aced688dea9901	5419770959bdb8998b693fb2275b47e29b92367c	ROUND16A_PRODUCTION_COMPOSITION	R16A-PCOMP-189E5D349ADC46EEC1DB	frontend/generated/trace-exploration-v2/production-read-model.json	53eaf59c95446eeb3781a7153183c54b3ff59fd52f21744cc917053959dfdcc9	R16A-PCOMP-189E5D349ADC46EEC1DB	6bb17478cea2f7478f34f4990efbf459a09fd074753363005a208600a6ee49eb	cc778f95f9e92ffc8e3b7ed3cf749211213e99a367ae19979e8d24c737e6d680	"[""R16B-SENSE:8b4838ede22f2afe50260d73a4ee4b986be96dd92b53e980d8f6312b9e8ca51a"",""R16B-SENSE:ffbea4357064ed41f3937f9e81c7425cc705fec020515cef904f2473a6e9302b""]"	[]	[]	"[""R16A-ENTRY-00EB327D36E2183C445E"",""R16A-SEED-DA39E57556A1A83088AE""]"	"[""R16A-PAIR:ddf7068abba0b034d15023b3a2a2a74b3a892cbbd7c38a505f9168dece946905""]"	PRODUCT_VISIBLE_V2	LINEAR_PATH	RETAINED	ROUND16A_ACTIVE_PAIR_BASELINE_NO_GROUP_CLAIM	false	false	false	false	Preserve the exact pair baseline without a manufactured group claim; regenerate any v3 product descendant before product activation.	1e01f964f58a1cb96c97925a61fcfb1b7df3b279169c1db94a0a6b1cde36aee5
468105499c7be102deec7d6555aced688dea9901	5419770959bdb8998b693fb2275b47e29b92367c	ROUND16A_PRODUCTION_COMPOSITION	R16A-PCOMP-18CCA5FDE75FB01FEBAC	frontend/generated/trace-exploration-v2/production-read-model.json	53eaf59c95446eeb3781a7153183c54b3ff59fd52f21744cc917053959dfdcc9	R16A-PCOMP-18CCA5FDE75FB01FEBAC	f36182af1a0a3b2a6897ef92649d639ddf3e9c81748234dcc4449c006d17dc35	1d76bf657bbdec293265d051268a2a1153be0108b15a8d63ebbf2cb98cf6f06a	"[""R16B-SENSE:0ebc966b965fc5703be0f4bae727d337f32d83eb7db9066e926a2530dcfa0171"",""R16B-SENSE:61aaade597c45243fcdef0d2514fc52f58a066ae5c9f4ad550727cb75b124f64"",""R16B-SENSE:697603bbe891d791295d478b3b16d10add9bdab1fd92826d63d8b630f3779cfb""]"	"[""R16B-LOCAL-FAMILY:1d76bf657bbdec293265d051268a2a1153be0108b15a8d63ebbf2cb98cf6f06a""]"	"[""INQUIRY_ONLY_OR_UNRESOLVED""]"	"[""R16A-ENTRY-25942392D2D1D97CC5B9"",""R16A-SEED-15FA6E80672CC2F72E38""]"	"[""R16A-PAIR:891e0c3d300d8c4af59fbef2f00d164ee9c22df4148122c54ed84daee1dcb37e"",""R16A-PAIR:c36555188472ea5287ed70295a1b85e92e2ba9468fc703d2fe8893de3fc55a1f""]"	PRODUCT_VISIBLE_V2	BINARY_FORK	INQUIRY	FAMILY_FINAL_DISPOSITION:INQUIRY_ONLY_OR_UNRESOLVED	false	false	false	false	Preserve as an explicitly inquiry-only baseline artifact; do not activate a product path while evidence or authority remains unresolved.	7d3c811111ca998b3c24eafc15c3ea40646cce1e220fc89bb34d849244b10fa1
468105499c7be102deec7d6555aced688dea9901	5419770959bdb8998b693fb2275b47e29b92367c	ROUND16A_PRODUCTION_COMPOSITION	R16A-PCOMP-1C62D22FA8AA031AC810	frontend/generated/trace-exploration-v2/production-read-model.json	53eaf59c95446eeb3781a7153183c54b3ff59fd52f21744cc917053959dfdcc9	R16A-PCOMP-1C62D22FA8AA031AC810	e694356b11150909f5944d7da14e00cf3eb6e4b502b1afc2bd85aff43f5a6a9b	1d76bf657bbdec293265d051268a2a1153be0108b15a8d63ebbf2cb98cf6f06a	"[""R16B-SENSE:0ebc966b965fc5703be0f4bae727d337f32d83eb7db9066e926a2530dcfa0171"",""R16B-SENSE:61aaade597c45243fcdef0d2514fc52f58a066ae5c9f4ad550727cb75b124f64"",""R16B-SENSE:697603bbe891d791295d478b3b16d10add9bdab1fd92826d63d8b630f3779cfb""]"	"[""R16B-LOCAL-FAMILY:1d76bf657bbdec293265d051268a2a1153be0108b15a8d63ebbf2cb98cf6f06a""]"	"[""INQUIRY_ONLY_OR_UNRESOLVED""]"	"[""R16A-ENTRY-1DE2FF3D67B53BD7BBE5"",""R16A-SEED-09930AFCAF2A0AA1FD88""]"	"[""R16A-PAIR:43fa33f1a987090224619eb68e83d246be7705f94d1b2e364bdfb2b73fc1a94f"",""R16A-PAIR:891e0c3d300d8c4af59fbef2f00d164ee9c22df4148122c54ed84daee1dcb37e""]"	PRODUCT_VISIBLE_V2	BINARY_FORK	INQUIRY	FAMILY_FINAL_DISPOSITION:INQUIRY_ONLY_OR_UNRESOLVED	false	false	false	false	Preserve as an explicitly inquiry-only baseline artifact; do not activate a product path while evidence or authority remains unresolved.	0dbc6b6f1b6bf432d361a4c6b186e58bcd18e10859ca16e47ab4cf387b027377
468105499c7be102deec7d6555aced688dea9901	5419770959bdb8998b693fb2275b47e29b92367c	ROUND16A_PRODUCTION_COMPOSITION	R16A-PCOMP-1C8B87447628958EFC64	frontend/generated/trace-exploration-v2/production-read-model.json	53eaf59c95446eeb3781a7153183c54b3ff59fd52f21744cc917053959dfdcc9	R16A-PCOMP-1C8B87447628958EFC64	78888e3ec8228d0a85b962154a7ca579f6da96060258f275690d29a3732aadd0	83009b1d124d4635a57866eeffba5e1a1a33e499bd60b30c6346b94ff1a04f8e	"[""R16B-SENSE:698710ef66f0d551cde028b8e54bdbf6051b96902a736be6b9ab45d1ad91f848"",""R16B-SENSE:9415fd18554090ac9dd2dfc28a1ec541d67a94b8421b1cefafa578a03302257d"",""R16B-SENSE:9c499c8b62d5222b0be4049597c613d82925ede87bf34656671a6b1e4e491bc3""]"	"[""R16B-LOCAL-FAMILY:83009b1d124d4635a57866eeffba5e1a1a33e499bd60b30c6346b94ff1a04f8e""]"	"[""BOUNDED_SENSE_OR_SCOPE_CONFLICT""]"	"[""R16A-ENTRY-91C361126F28F4EB4753"",""R16A-SEED-ACED273119C4EAD0D6B8""]"	"[""R16A-PAIR:4cf124f8588611ba0a2f76bce26ab0b5890dcfcf71d9283888d62d58bcdb974a"",""R16A-PAIR:591aa3897c3e0e455ef4bc05b36550f3d010af9e84be8a08c199676025fdeb04""]"	PRODUCT_VISIBLE_V2	BINARY_FORK	REJECTED	FAMILY_FINAL_DISPOSITION:BOUNDED_SENSE_OR_SCOPE_CONFLICT	false	false	false	false	Preserve the audit receipt, retire the prior object from active product eligibility, and do not project or synthesize a replacement association.	4308682015a5e17ab7f120f49fd9f566e07a154848527e26a11b36b35d4bcb98
468105499c7be102deec7d6555aced688dea9901	5419770959bdb8998b693fb2275b47e29b92367c	ROUND16A_PRODUCTION_COMPOSITION	R16A-PCOMP-1E921E87F90F94CD2BB7	frontend/generated/trace-exploration-v2/production-read-model.json	53eaf59c95446eeb3781a7153183c54b3ff59fd52f21744cc917053959dfdcc9	R16A-PCOMP-1E921E87F90F94CD2BB7	8bb6a2c12a5bd9078178c2deb6434135ebada94fbb9599321d3c4951f1a335d1	23b72032e8165ac9f164a43ac0e1932f2fe4354f1b89f62d67ebe7d497de7af1	"[""R16B-SENSE:4e14e64610176c44c8a9775fba3a7d484b4eee0fb06ee9553c17675cb7f0b634"",""R16B-SENSE:f26224717160ca63c45ca85fe7c23e1469baa3e10672a68beafb13d195d0915d"",""R16B-SENSE:fa3369a6eb4bebe96ee289987f963e539b8da9c27ea0f454e8a24b6bddf9306f""]"	"[""R16B-LOCAL-FAMILY:23b72032e8165ac9f164a43ac0e1932f2fe4354f1b89f62d67ebe7d497de7af1""]"	"[""PAIRWISE_SUPPORT_WITHOUT_GROUP_COHERENCE""]"	"[""R16A-ENTRY-53D7874729CD56B8FCBC"",""R16A-SEED-1833D6A08B83666184E8""]"	"[""R16A-PAIR:2ea00c84f44e9da21aae78f742f5cf6cba09fee7e94d77ff3420dc07dd64cbb5"",""R16A-PAIR:5841a12151ac0ce714f0b8e279e939bed009b3f2be71086cde6033cbbd11b4ea""]"	PRODUCT_VISIBLE_V2	LINEAR_PATH	CORRECTED	FAMILY_FINAL_DISPOSITION:PAIRWISE_SUPPORT_WITHOUT_GROUP_COHERENCE	false	false	false	false	Preserve separately governed pair records, remove the unsupported group-coherence implication, and regenerate with corrected association provenance.	4e463fa9e5ce3abc5daee1ec1cb14fb92d81564485d82e24c6f26b6d645e42b6
468105499c7be102deec7d6555aced688dea9901	5419770959bdb8998b693fb2275b47e29b92367c	ROUND16A_PRODUCTION_COMPOSITION	R16A-PCOMP-1ED3A4B1C37BA32AA5E1	frontend/generated/trace-exploration-v2/production-read-model.json	53eaf59c95446eeb3781a7153183c54b3ff59fd52f21744cc917053959dfdcc9	R16A-PCOMP-1ED3A4B1C37BA32AA5E1	912a260cdb9710b6beb63fa4da62c5ea0944015e140e261c0423a622a0df2011	83009b1d124d4635a57866eeffba5e1a1a33e499bd60b30c6346b94ff1a04f8e	"[""R16B-SENSE:698710ef66f0d551cde028b8e54bdbf6051b96902a736be6b9ab45d1ad91f848"",""R16B-SENSE:9415fd18554090ac9dd2dfc28a1ec541d67a94b8421b1cefafa578a03302257d"",""R16B-SENSE:9c499c8b62d5222b0be4049597c613d82925ede87bf34656671a6b1e4e491bc3""]"	"[""R16B-LOCAL-FAMILY:83009b1d124d4635a57866eeffba5e1a1a33e499bd60b30c6346b94ff1a04f8e""]"	"[""BOUNDED_SENSE_OR_SCOPE_CONFLICT""]"	"[""R16A-ENTRY-1E4A3BE36F4CFF335A70"",""R16A-SEED-410F8C83D0DD0A3AF8C5""]"	"[""R16A-PAIR:4cf124f8588611ba0a2f76bce26ab0b5890dcfcf71d9283888d62d58bcdb974a"",""R16A-PAIR:c58fe913fc06f2896c1022f7ccc0e9de1b0f7f1121f09c7d18162d40fe764cf9""]"	PRODUCT_VISIBLE_V2	BINARY_FORK	REJECTED	FAMILY_FINAL_DISPOSITION:BOUNDED_SENSE_OR_SCOPE_CONFLICT	false	false	false	false	Preserve the audit receipt, retire the prior object from active product eligibility, and do not project or synthesize a replacement association.	63b0e3fdb5c398038ba8e2a853c4f117820d9c66693c599bcb58e6dc4d7b6ca4
468105499c7be102deec7d6555aced688dea9901	5419770959bdb8998b693fb2275b47e29b92367c	ROUND16A_PRODUCTION_COMPOSITION	R16A-PCOMP-2022D6D38C3E8D946120	frontend/generated/trace-exploration-v2/production-read-model.json	53eaf59c95446eeb3781a7153183c54b3ff59fd52f21744cc917053959dfdcc9	R16A-PCOMP-2022D6D38C3E8D946120	b2509ad0728789df207dabd521f49a2ebf651875d330a055b990de4d4e47c626	7e0a0ee4f78d2f565c4f7771653ecc5a27828dd9fb704139d1e068f2a5fdce64	"[""R16B-SENSE:06c230c771547ee49390903e0bad7aaf44063613309c93bcbd72e808116af4c6"",""R16B-SENSE:35489187871bfd7b7be6e2d5268a3a922984d3bdad9e9a8ca61ea6edee84a5a7"",""R16B-SENSE:419a96e12217bfa4ed031510c32033cb2408489e3abb14eb28291b13c068e159""]"	"[""R16B-LOCAL-FAMILY:7e0a0ee4f78d2f565c4f7771653ecc5a27828dd9fb704139d1e068f2a5fdce64""]"	"[""BOUNDED_SENSE_OR_SCOPE_CONFLICT""]"	"[""R16A-ENTRY-36C7B54A958A5E163D77"",""R16A-SEED-FEC1B488FA1E3AAC87E6""]"	"[""R16A-PAIR:818cc370417319af9a65fec5211969862df5c48a821265533ba289932e57b18c"",""R16A-PAIR:a364e4ea20e2f9e24e1fc980dc1ab703ae69a0fc86aa626a14e45cca0ea3bbb2""]"	PRODUCT_VISIBLE_V2	BINARY_FORK	REJECTED	FAMILY_FINAL_DISPOSITION:BOUNDED_SENSE_OR_SCOPE_CONFLICT	false	false	false	false	Preserve the audit receipt, retire the prior object from active product eligibility, and do not project or synthesize a replacement association.	a9bcbf26874934621fa1160707b4bfdca6d06e0e309c94b351d2cba0804d34ec
468105499c7be102deec7d6555aced688dea9901	5419770959bdb8998b693fb2275b47e29b92367c	ROUND16A_PRODUCTION_COMPOSITION	R16A-PCOMP-207796BB1106A9B1944D	frontend/generated/trace-exploration-v2/production-read-model.json	53eaf59c95446eeb3781a7153183c54b3ff59fd52f21744cc917053959dfdcc9	R16A-PCOMP-207796BB1106A9B1944D	ad3c53acd0244103193a4b6b14d6b54afd6bd36e9a80470d4235f1dd00c5c563	e33bd6538eb80f04087e13b1896ff995a5523453a10e8f4aec460ef9fdd87376	"[""R16B-SENSE:4e14e64610176c44c8a9775fba3a7d484b4eee0fb06ee9553c17675cb7f0b634"",""R16B-SENSE:f0e28e13851d04c13b701f53d9b3911cb50fc572cc6203c64527804f0b37e909"",""R16B-SENSE:f26224717160ca63c45ca85fe7c23e1469baa3e10672a68beafb13d195d0915d""]"	"[""R16B-LOCAL-FAMILY:e33bd6538eb80f04087e13b1896ff995a5523453a10e8f4aec460ef9fdd87376""]"	"[""PAIRWISE_SUPPORT_WITHOUT_GROUP_COHERENCE""]"	"[""R16A-ENTRY-838873C85DA1094B688B"",""R16A-SEED-90C09BACCECA40360BF8""]"	"[""R16A-PAIR:5841a12151ac0ce714f0b8e279e939bed009b3f2be71086cde6033cbbd11b4ea"",""R16A-PAIR:e153332b67669fdaa24f256bfcf61135e56eb2894e48481afc71ae4327c81422""]"	PRODUCT_VISIBLE_V2	LINEAR_PATH	CORRECTED	FAMILY_FINAL_DISPOSITION:PAIRWISE_SUPPORT_WITHOUT_GROUP_COHERENCE	false	false	false	false	Preserve separately governed pair records, remove the unsupported group-coherence implication, and regenerate with corrected association provenance.	1dbb01f471bb239c2c78f0d2c5e4c575f93da7318fe686f9c540ca61dc68547b
468105499c7be102deec7d6555aced688dea9901	5419770959bdb8998b693fb2275b47e29b92367c	ROUND16A_PRODUCTION_COMPOSITION	R16A-PCOMP-21813FF31163A9967905	frontend/generated/trace-exploration-v2/production-read-model.json	53eaf59c95446eeb3781a7153183c54b3ff59fd52f21744cc917053959dfdcc9	R16A-PCOMP-21813FF31163A9967905	ea2225d585476151f6942d1fc91241b1023e57f95d33d826d2cbb9b81b6635f9	89817e7a449f1cc7b574fb1b89c9541f765e52825c5cb62bf0a2bb833e8f970a	"[""R16B-SENSE:4e14e64610176c44c8a9775fba3a7d484b4eee0fb06ee9553c17675cb7f0b634"",""R16B-SENSE:f0e28e13851d04c13b701f53d9b3911cb50fc572cc6203c64527804f0b37e909"",""R16B-SENSE:f26224717160ca63c45ca85fe7c23e1469baa3e10672a68beafb13d195d0915d"",""R16B-SENSE:fa3369a6eb4bebe96ee289987f963e539b8da9c27ea0f454e8a24b6bddf9306f""]"	"[""R16B-LOCAL-FAMILY:89817e7a449f1cc7b574fb1b89c9541f765e52825c5cb62bf0a2bb833e8f970a""]"	"[""INQUIRY_ONLY_OR_UNRESOLVED""]"	"[""R16A-ENTRY-62192DD170EB39DE1963"",""R16A-SEED-E9D28EC125FB3D3F3EA9""]"	"[""R16A-PAIR:5841a12151ac0ce714f0b8e279e939bed009b3f2be71086cde6033cbbd11b4ea"",""R16A-PAIR:e153332b67669fdaa24f256bfcf61135e56eb2894e48481afc71ae4327c81422"",""R16A-PAIR:f82795fcaba53ac0c255461d014e82b9e563362b645b4c65a58e27644e22c54c""]"	PRODUCT_VISIBLE_V2	LINEAR_PATH	INQUIRY	FAMILY_FINAL_DISPOSITION:INQUIRY_ONLY_OR_UNRESOLVED	false	false	false	false	Preserve as an explicitly inquiry-only baseline artifact; do not activate a product path while evidence or authority remains unresolved.	dd4f5658f356356202131cb48f4b57edf8baf4f2330213ef0a39ed4f177175aa
468105499c7be102deec7d6555aced688dea9901	5419770959bdb8998b693fb2275b47e29b92367c	ROUND16A_PRODUCTION_COMPOSITION	R16A-PCOMP-2282E2371F888C2ADA4D	frontend/generated/trace-exploration-v2/production-read-model.json	53eaf59c95446eeb3781a7153183c54b3ff59fd52f21744cc917053959dfdcc9	R16A-PCOMP-2282E2371F888C2ADA4D	7df3669f7bf4c575b4c4d5672f50f927186bd3fc9e4c11cce7ea556119037105	7e0a0ee4f78d2f565c4f7771653ecc5a27828dd9fb704139d1e068f2a5fdce64	"[""R16B-SENSE:06c230c771547ee49390903e0bad7aaf44063613309c93bcbd72e808116af4c6"",""R16B-SENSE:35489187871bfd7b7be6e2d5268a3a922984d3bdad9e9a8ca61ea6edee84a5a7"",""R16B-SENSE:419a96e12217bfa4ed031510c32033cb2408489e3abb14eb28291b13c068e159""]"	"[""R16B-LOCAL-FAMILY:7e0a0ee4f78d2f565c4f7771653ecc5a27828dd9fb704139d1e068f2a5fdce64""]"	"[""BOUNDED_SENSE_OR_SCOPE_CONFLICT""]"	"[""R16A-ENTRY-581AD023EC2EBAE131E5"",""R16A-SEED-EA3002CFA598B36A193B""]"	"[""R16A-PAIR:27598c04934f3d33ad80dfb1aecc18d272cf86ee7fe3a726a95aae81144dfb06"",""R16A-PAIR:818cc370417319af9a65fec5211969862df5c48a821265533ba289932e57b18c""]"	PRODUCT_VISIBLE_V2	LINEAR_PATH	REJECTED	FAMILY_FINAL_DISPOSITION:BOUNDED_SENSE_OR_SCOPE_CONFLICT	false	false	false	false	Preserve the audit receipt, retire the prior object from active product eligibility, and do not project or synthesize a replacement association.	a5ebc0ca34535038c73d60665bbc32a1ff6019154c19c0e27516ee66aeec4d07
468105499c7be102deec7d6555aced688dea9901	5419770959bdb8998b693fb2275b47e29b92367c	ROUND16A_PRODUCTION_COMPOSITION	R16A-PCOMP-254228D29DBA691F537C	frontend/generated/trace-exploration-v2/production-read-model.json	53eaf59c95446eeb3781a7153183c54b3ff59fd52f21744cc917053959dfdcc9	R16A-PCOMP-254228D29DBA691F537C	2eb37dd93d6114bf9fc736c59762671754ccf03a0a284383788638d0a11fab32	23b72032e8165ac9f164a43ac0e1932f2fe4354f1b89f62d67ebe7d497de7af1	"[""R16B-SENSE:4e14e64610176c44c8a9775fba3a7d484b4eee0fb06ee9553c17675cb7f0b634"",""R16B-SENSE:f26224717160ca63c45ca85fe7c23e1469baa3e10672a68beafb13d195d0915d"",""R16B-SENSE:fa3369a6eb4bebe96ee289987f963e539b8da9c27ea0f454e8a24b6bddf9306f""]"	"[""R16B-LOCAL-FAMILY:23b72032e8165ac9f164a43ac0e1932f2fe4354f1b89f62d67ebe7d497de7af1""]"	"[""PAIRWISE_SUPPORT_WITHOUT_GROUP_COHERENCE""]"	"[""R16A-ENTRY-602E47DAF2475D706A2B"",""R16A-SEED-D1FC1067C35CF6E5EC0D""]"	"[""R16A-PAIR:5841a12151ac0ce714f0b8e279e939bed009b3f2be71086cde6033cbbd11b4ea"",""R16A-PAIR:db9e8b1d1d7e17983872e3600cd1a3ce5ae7f3c907ae70bdeafcbd0b2c6a0460""]"	PRODUCT_VISIBLE_V2	LINEAR_PATH	CORRECTED	FAMILY_FINAL_DISPOSITION:PAIRWISE_SUPPORT_WITHOUT_GROUP_COHERENCE	false	false	false	false	Preserve separately governed pair records, remove the unsupported group-coherence implication, and regenerate with corrected association provenance.	daf66a230dd9faf2ba942fb9c2cf6f6f0742aebeca38ccb540277d85cb6b98ac
468105499c7be102deec7d6555aced688dea9901	5419770959bdb8998b693fb2275b47e29b92367c	ROUND16A_PRODUCTION_COMPOSITION	R16A-PCOMP-279AE0B5A4BD3D62E728	frontend/generated/trace-exploration-v2/production-read-model.json	53eaf59c95446eeb3781a7153183c54b3ff59fd52f21744cc917053959dfdcc9	R16A-PCOMP-279AE0B5A4BD3D62E728	b79eba39dc6bbedaafaaf4c62ad8c886232f99c1d02becd304ace941a6024f60	c4afac7c6c94b2e075bfb9c17e91a565aa42b95b5fd461a769dad5a8e590b2e6	"[""R16B-SENSE:698710ef66f0d551cde028b8e54bdbf6051b96902a736be6b9ab45d1ad91f848"",""R16B-SENSE:9415fd18554090ac9dd2dfc28a1ec541d67a94b8421b1cefafa578a03302257d""]"	[]	[]	"[""R16A-ENTRY-7EDC285F24607D60BEA4"",""R16A-SEED-1F4093B5D049C7E72E19""]"	"[""R16A-PAIR:4cf124f8588611ba0a2f76bce26ab0b5890dcfcf71d9283888d62d58bcdb974a""]"	PRODUCT_VISIBLE_V2	LINEAR_PATH	RETAINED	ROUND16A_ACTIVE_PAIR_BASELINE_NO_GROUP_CLAIM	false	false	false	false	Preserve the exact pair baseline without a manufactured group claim; regenerate any v3 product descendant before product activation.	8f5c296ab45b3d9fbf4fd449aca0f4915fef00340f8238a55ddb8d520b72d134
468105499c7be102deec7d6555aced688dea9901	5419770959bdb8998b693fb2275b47e29b92367c	ROUND16A_PRODUCTION_COMPOSITION	R16A-PCOMP-2899AB2E010B581F2389	frontend/generated/trace-exploration-v2/production-read-model.json	53eaf59c95446eeb3781a7153183c54b3ff59fd52f21744cc917053959dfdcc9	R16A-PCOMP-2899AB2E010B581F2389	f413334f9fbb852fee09240e1d777005e8db57b2a1071703661c507822ca1cea	af25d1d4c93f79886769d53d071805bd5b6726130b153e4484121321d1122e3a	"[""R16B-SENSE:f0e28e13851d04c13b701f53d9b3911cb50fc572cc6203c64527804f0b37e909"",""R16B-SENSE:f26224717160ca63c45ca85fe7c23e1469baa3e10672a68beafb13d195d0915d"",""R16B-SENSE:fa3369a6eb4bebe96ee289987f963e539b8da9c27ea0f454e8a24b6bddf9306f""]"	"[""R16B-LOCAL-FAMILY:af25d1d4c93f79886769d53d071805bd5b6726130b153e4484121321d1122e3a""]"	"[""PAIRWISE_SUPPORT_WITHOUT_GROUP_COHERENCE""]"	"[""R16A-ENTRY-0CD1B6E361265F2ECC6E"",""R16A-SEED-9725ED7A7103AD1DC603""]"	"[""R16A-PAIR:e153332b67669fdaa24f256bfcf61135e56eb2894e48481afc71ae4327c81422"",""R16A-PAIR:f82795fcaba53ac0c255461d014e82b9e563362b645b4c65a58e27644e22c54c""]"	PRODUCT_VISIBLE_V2	BINARY_CONVERGENCE	CORRECTED	FAMILY_FINAL_DISPOSITION:PAIRWISE_SUPPORT_WITHOUT_GROUP_COHERENCE	false	false	false	false	Preserve separately governed pair records, remove the unsupported group-coherence implication, and regenerate with corrected association provenance.	144012b5abc4e73eea90e71bbfa89c5af2d0f0f939074c4b59e7173b96ae726d
468105499c7be102deec7d6555aced688dea9901	5419770959bdb8998b693fb2275b47e29b92367c	ROUND16A_PRODUCTION_COMPOSITION	R16A-PCOMP-2A87426053517ADA1EDB	frontend/generated/trace-exploration-v2/production-read-model.json	53eaf59c95446eeb3781a7153183c54b3ff59fd52f21744cc917053959dfdcc9	R16A-PCOMP-2A87426053517ADA1EDB	b9b34f53aa61960fafcec79bbf583f38aeb8bca200bfd14a14098e439373c0bf	3648ab4f374cda7a490244914de785b764e7e4f7c872f094e8a2d3f03a71a560	"[""R16B-SENSE:4e14e64610176c44c8a9775fba3a7d484b4eee0fb06ee9553c17675cb7f0b634"",""R16B-SENSE:f0e28e13851d04c13b701f53d9b3911cb50fc572cc6203c64527804f0b37e909"",""R16B-SENSE:fa3369a6eb4bebe96ee289987f963e539b8da9c27ea0f454e8a24b6bddf9306f""]"	"[""R16B-LOCAL-FAMILY:3648ab4f374cda7a490244914de785b764e7e4f7c872f094e8a2d3f03a71a560""]"	"[""PAIRWISE_SUPPORT_WITHOUT_GROUP_COHERENCE""]"	"[""R16A-ENTRY-BCA65C910DD7522D16E5"",""R16A-SEED-E670085428E1EE1A7C34""]"	"[""R16A-PAIR:db9e8b1d1d7e17983872e3600cd1a3ce5ae7f3c907ae70bdeafcbd0b2c6a0460"",""R16A-PAIR:f82795fcaba53ac0c255461d014e82b9e563362b645b4c65a58e27644e22c54c""]"	PRODUCT_VISIBLE_V2	BINARY_CONVERGENCE	CORRECTED	FAMILY_FINAL_DISPOSITION:PAIRWISE_SUPPORT_WITHOUT_GROUP_COHERENCE	false	false	false	false	Preserve separately governed pair records, remove the unsupported group-coherence implication, and regenerate with corrected association provenance.	364badc04ccaccae3a5ec105634252a7cff133e32a5d1b83b0ae555e2e01a38d
468105499c7be102deec7d6555aced688dea9901	5419770959bdb8998b693fb2275b47e29b92367c	ROUND16A_PRODUCTION_COMPOSITION	R16A-PCOMP-2A8756FB5B686E7C2FA6	frontend/generated/trace-exploration-v2/production-read-model.json	53eaf59c95446eeb3781a7153183c54b3ff59fd52f21744cc917053959dfdcc9	R16A-PCOMP-2A8756FB5B686E7C2FA6	536ae798128979974873e08496bd931bace19eca1b4a8c46e4cf2f069c35b1fb	3648ab4f374cda7a490244914de785b764e7e4f7c872f094e8a2d3f03a71a560	"[""R16B-SENSE:4e14e64610176c44c8a9775fba3a7d484b4eee0fb06ee9553c17675cb7f0b634"",""R16B-SENSE:f0e28e13851d04c13b701f53d9b3911cb50fc572cc6203c64527804f0b37e909"",""R16B-SENSE:fa3369a6eb4bebe96ee289987f963e539b8da9c27ea0f454e8a24b6bddf9306f""]"	"[""R16B-LOCAL-FAMILY:3648ab4f374cda7a490244914de785b764e7e4f7c872f094e8a2d3f03a71a560""]"	"[""PAIRWISE_SUPPORT_WITHOUT_GROUP_COHERENCE""]"	"[""R16A-ENTRY-F5EC531FC9A672645000"",""R16A-SEED-0332C5D59C8E958549C2""]"	"[""R16A-PAIR:db9e8b1d1d7e17983872e3600cd1a3ce5ae7f3c907ae70bdeafcbd0b2c6a0460"",""R16A-PAIR:f82795fcaba53ac0c255461d014e82b9e563362b645b4c65a58e27644e22c54c""]"	PRODUCT_VISIBLE_V2	BINARY_FORK	CORRECTED	FAMILY_FINAL_DISPOSITION:PAIRWISE_SUPPORT_WITHOUT_GROUP_COHERENCE	false	false	false	false	Preserve separately governed pair records, remove the unsupported group-coherence implication, and regenerate with corrected association provenance.	cadaf42deeef431fab867aeba8793aeae312002a6f44e3a6605d51acc1bf24c8
468105499c7be102deec7d6555aced688dea9901	5419770959bdb8998b693fb2275b47e29b92367c	ROUND16A_PRODUCTION_COMPOSITION	R16A-PCOMP-2AC95E75B61D1C083CC6	frontend/generated/trace-exploration-v2/production-read-model.json	53eaf59c95446eeb3781a7153183c54b3ff59fd52f21744cc917053959dfdcc9	R16A-PCOMP-2AC95E75B61D1C083CC6	14732aa8280b2ec9d27f92def2d5f08052823b73c3a224b9b4b9674bd3e0bc82	af25d1d4c93f79886769d53d071805bd5b6726130b153e4484121321d1122e3a	"[""R16B-SENSE:f0e28e13851d04c13b701f53d9b3911cb50fc572cc6203c64527804f0b37e909"",""R16B-SENSE:f26224717160ca63c45ca85fe7c23e1469baa3e10672a68beafb13d195d0915d"",""R16B-SENSE:fa3369a6eb4bebe96ee289987f963e539b8da9c27ea0f454e8a24b6bddf9306f""]"	"[""R16B-LOCAL-FAMILY:af25d1d4c93f79886769d53d071805bd5b6726130b153e4484121321d1122e3a""]"	"[""PAIRWISE_SUPPORT_WITHOUT_GROUP_COHERENCE""]"	"[""R16A-ENTRY-0CD1B6E361265F2ECC6E"",""R16A-SEED-419101EADACDFD90499A""]"	"[""R16A-PAIR:e153332b67669fdaa24f256bfcf61135e56eb2894e48481afc71ae4327c81422"",""R16A-PAIR:f82795fcaba53ac0c255461d014e82b9e563362b645b4c65a58e27644e22c54c""]"	PRODUCT_VISIBLE_V2	BINARY_CONVERGENCE	CORRECTED	FAMILY_FINAL_DISPOSITION:PAIRWISE_SUPPORT_WITHOUT_GROUP_COHERENCE	false	false	false	false	Preserve separately governed pair records, remove the unsupported group-coherence implication, and regenerate with corrected association provenance.	c9334cedbe583f4553bd8864b603eedc63b079b614f8a053b7935b3e5f44f2b7
468105499c7be102deec7d6555aced688dea9901	5419770959bdb8998b693fb2275b47e29b92367c	ROUND16A_PRODUCTION_COMPOSITION	R16A-PCOMP-2C2394E537E6B7E30E53	frontend/generated/trace-exploration-v2/production-read-model.json	53eaf59c95446eeb3781a7153183c54b3ff59fd52f21744cc917053959dfdcc9	R16A-PCOMP-2C2394E537E6B7E30E53	13f0b464d9cf2c007f7f1ee61cd927f489797bd97c98f4fd09be844a0883a065	15f5757830dfe043fb27e73c28ff3bfd902aaa9c938ab254fda8682d359a7249	"[""R16B-SENSE:6672e4d46dd04d497061cde0fb1319f2795e43fafb72f047ac8a663d5c0dabfb"",""R16B-SENSE:9f5a38a6fb1ca9212921419af18b59d535ee2f944c89ce002dfa6db54090b9c8"",""R16B-SENSE:aaba242b61f07fc7756aa5d54b3d132896c230e138451ec96ac3b40b8c2c3ec3""]"	"[""R16B-LOCAL-FAMILY:15f5757830dfe043fb27e73c28ff3bfd902aaa9c938ab254fda8682d359a7249""]"	"[""PAIRWISE_SUPPORT_WITHOUT_GROUP_COHERENCE""]"	"[""R16A-ENTRY-C2891B6E634A555E9ACD"",""R16A-SEED-FDFDF94B05BE359B04AD""]"	"[""R16A-PAIR:09108fb32fbc17acaa1205d07d048a5e74371e81f8c5919a24f86af4ddc3d677"",""R16A-PAIR:9d6b149f9ea2e617d5b45153c18bed1eeff22bd4c979cc8d6767b8c213e4d419""]"	PRODUCT_VISIBLE_V2	LINEAR_PATH	CORRECTED	FAMILY_FINAL_DISPOSITION:PAIRWISE_SUPPORT_WITHOUT_GROUP_COHERENCE	false	false	false	false	Preserve separately governed pair records, remove the unsupported group-coherence implication, and regenerate with corrected association provenance.	917d1516f26d03c6e4bf5011f27398e41c1716f568e879ea984db08d03b9d978
468105499c7be102deec7d6555aced688dea9901	5419770959bdb8998b693fb2275b47e29b92367c	ROUND16A_PRODUCTION_COMPOSITION	R16A-PCOMP-2C6791E01A74788018C8	frontend/generated/trace-exploration-v2/production-read-model.json	53eaf59c95446eeb3781a7153183c54b3ff59fd52f21744cc917053959dfdcc9	R16A-PCOMP-2C6791E01A74788018C8	2c9800401bd76ebf3bad74d04a0870aaf488d91947061cd950c9019a9c153287	7e0a0ee4f78d2f565c4f7771653ecc5a27828dd9fb704139d1e068f2a5fdce64	"[""R16B-SENSE:06c230c771547ee49390903e0bad7aaf44063613309c93bcbd72e808116af4c6"",""R16B-SENSE:35489187871bfd7b7be6e2d5268a3a922984d3bdad9e9a8ca61ea6edee84a5a7"",""R16B-SENSE:419a96e12217bfa4ed031510c32033cb2408489e3abb14eb28291b13c068e159""]"	"[""R16B-LOCAL-FAMILY:7e0a0ee4f78d2f565c4f7771653ecc5a27828dd9fb704139d1e068f2a5fdce64""]"	"[""BOUNDED_SENSE_OR_SCOPE_CONFLICT""]"	"[""R16A-ENTRY-36C7B54A958A5E163D77"",""R16A-SEED-11FCA6C96BCA038A6B8E""]"	"[""R16A-PAIR:818cc370417319af9a65fec5211969862df5c48a821265533ba289932e57b18c"",""R16A-PAIR:a364e4ea20e2f9e24e1fc980dc1ab703ae69a0fc86aa626a14e45cca0ea3bbb2""]"	PRODUCT_VISIBLE_V2	BINARY_FORK	REJECTED	FAMILY_FINAL_DISPOSITION:BOUNDED_SENSE_OR_SCOPE_CONFLICT	false	false	false	false	Preserve the audit receipt, retire the prior object from active product eligibility, and do not project or synthesize a replacement association.	abe81c81e6981638b31780a71774ac62575d7aed18b0a8cf46a9bb5941ec7169
468105499c7be102deec7d6555aced688dea9901	5419770959bdb8998b693fb2275b47e29b92367c	ROUND16A_PRODUCTION_COMPOSITION	R16A-PCOMP-2CBC59D5B278709F5E25	frontend/generated/trace-exploration-v2/production-read-model.json	53eaf59c95446eeb3781a7153183c54b3ff59fd52f21744cc917053959dfdcc9	R16A-PCOMP-2CBC59D5B278709F5E25	6364805d06670ae477c592a7a635e110e68242a4647b4dd0ea7feb852e9b71ac	af25d1d4c93f79886769d53d071805bd5b6726130b153e4484121321d1122e3a	"[""R16B-SENSE:f0e28e13851d04c13b701f53d9b3911cb50fc572cc6203c64527804f0b37e909"",""R16B-SENSE:f26224717160ca63c45ca85fe7c23e1469baa3e10672a68beafb13d195d0915d"",""R16B-SENSE:fa3369a6eb4bebe96ee289987f963e539b8da9c27ea0f454e8a24b6bddf9306f""]"	"[""R16B-LOCAL-FAMILY:af25d1d4c93f79886769d53d071805bd5b6726130b153e4484121321d1122e3a""]"	"[""PAIRWISE_SUPPORT_WITHOUT_GROUP_COHERENCE""]"	"[""R16A-ENTRY-A2AA1DE24896163DF617"",""R16A-SEED-E9C5A7BE777828651A8D""]"	"[""R16A-PAIR:e153332b67669fdaa24f256bfcf61135e56eb2894e48481afc71ae4327c81422"",""R16A-PAIR:f82795fcaba53ac0c255461d014e82b9e563362b645b4c65a58e27644e22c54c""]"	PRODUCT_VISIBLE_V2	BINARY_FORK	CORRECTED	FAMILY_FINAL_DISPOSITION:PAIRWISE_SUPPORT_WITHOUT_GROUP_COHERENCE	false	false	false	false	Preserve separately governed pair records, remove the unsupported group-coherence implication, and regenerate with corrected association provenance.	a5c5b15f960837d535359add7b99359f60d89afa87428c5f8fe15c5ce6aa6c01
468105499c7be102deec7d6555aced688dea9901	5419770959bdb8998b693fb2275b47e29b92367c	ROUND16A_PRODUCTION_COMPOSITION	R16A-PCOMP-2D86E815DA0086ED7575	frontend/generated/trace-exploration-v2/production-read-model.json	53eaf59c95446eeb3781a7153183c54b3ff59fd52f21744cc917053959dfdcc9	R16A-PCOMP-2D86E815DA0086ED7575	52800b1857327163497b1ecfacc5cf72deb39103464d19df25869c2534446324	7a5e5e462f9ec57a467d34ca2d73644fee20727b25ec24ec2931b4be9cdcfa28	"[""R16B-SENSE:0ebc966b965fc5703be0f4bae727d337f32d83eb7db9066e926a2530dcfa0171"",""R16B-SENSE:61aaade597c45243fcdef0d2514fc52f58a066ae5c9f4ad550727cb75b124f64""]"	[]	[]	"[""R16A-ENTRY-1922FEE2B602A64A22A0"",""R16A-SEED-AF3F35E29AE9877A546A""]"	"[""R16A-PAIR:43fa33f1a987090224619eb68e83d246be7705f94d1b2e364bdfb2b73fc1a94f""]"	PRODUCT_VISIBLE_V2	LINEAR_PATH	RETAINED	ROUND16A_ACTIVE_PAIR_BASELINE_NO_GROUP_CLAIM	false	false	false	false	Preserve the exact pair baseline without a manufactured group claim; regenerate any v3 product descendant before product activation.	8570d9299d8d3877520c5f8487ca3e58ea7e2518e1dafc4e6f8cff6c39b967eb
468105499c7be102deec7d6555aced688dea9901	5419770959bdb8998b693fb2275b47e29b92367c	ROUND16A_PRODUCTION_COMPOSITION	R16A-PCOMP-309A80F6789F94FB8991	frontend/generated/trace-exploration-v2/production-read-model.json	53eaf59c95446eeb3781a7153183c54b3ff59fd52f21744cc917053959dfdcc9	R16A-PCOMP-309A80F6789F94FB8991	399e0d696762eaade02e031a516366e6886b08df92f6700f850a8d6780070ed1	af25d1d4c93f79886769d53d071805bd5b6726130b153e4484121321d1122e3a	"[""R16B-SENSE:f0e28e13851d04c13b701f53d9b3911cb50fc572cc6203c64527804f0b37e909"",""R16B-SENSE:f26224717160ca63c45ca85fe7c23e1469baa3e10672a68beafb13d195d0915d"",""R16B-SENSE:fa3369a6eb4bebe96ee289987f963e539b8da9c27ea0f454e8a24b6bddf9306f""]"	"[""R16B-LOCAL-FAMILY:af25d1d4c93f79886769d53d071805bd5b6726130b153e4484121321d1122e3a""]"	"[""PAIRWISE_SUPPORT_WITHOUT_GROUP_COHERENCE""]"	"[""R16A-ENTRY-DE8240444578E75B9464"",""R16A-SEED-5C035CB964F50B0F9F32""]"	"[""R16A-PAIR:2ea00c84f44e9da21aae78f742f5cf6cba09fee7e94d77ff3420dc07dd64cbb5"",""R16A-PAIR:f82795fcaba53ac0c255461d014e82b9e563362b645b4c65a58e27644e22c54c""]"	PRODUCT_VISIBLE_V2	BINARY_FORK	CORRECTED	FAMILY_FINAL_DISPOSITION:PAIRWISE_SUPPORT_WITHOUT_GROUP_COHERENCE	false	false	false	false	Preserve separately governed pair records, remove the unsupported group-coherence implication, and regenerate with corrected association provenance.	3d8c9416b64bf07ff4474827be302e33c52b80f02d523ae7fd6031069a4dbd37
468105499c7be102deec7d6555aced688dea9901	5419770959bdb8998b693fb2275b47e29b92367c	ROUND16A_PRODUCTION_COMPOSITION	R16A-PCOMP-31905158D955132DFC5C	frontend/generated/trace-exploration-v2/production-read-model.json	53eaf59c95446eeb3781a7153183c54b3ff59fd52f21744cc917053959dfdcc9	R16A-PCOMP-31905158D955132DFC5C	3f90ddb68ad9294fc9704069700d78214b4423f2364e9d1c79d53569c88f5bc2	f1788f06aeec1e88f42153accd9dfa68f910a9d46e1e99fa107fd54f0a7e6828	"[""R16B-SENSE:06c230c771547ee49390903e0bad7aaf44063613309c93bcbd72e808116af4c6"",""R16B-SENSE:419a96e12217bfa4ed031510c32033cb2408489e3abb14eb28291b13c068e159""]"	[]	[]	"[""R16A-ENTRY-1ABCE33598A65CC55FD1"",""R16A-SEED-827C6BC312C1DE79C323""]"	"[""R16A-PAIR:a364e4ea20e2f9e24e1fc980dc1ab703ae69a0fc86aa626a14e45cca0ea3bbb2""]"	PRODUCT_VISIBLE_V2	LINEAR_PATH	RETAINED	ROUND16A_ACTIVE_PAIR_BASELINE_NO_GROUP_CLAIM	false	false	false	false	Preserve the exact pair baseline without a manufactured group claim; regenerate any v3 product descendant before product activation.	d6662aedc0b8fccd5a7562c5c9f90a4b7e79624534602c3032c1916050b878ee
468105499c7be102deec7d6555aced688dea9901	5419770959bdb8998b693fb2275b47e29b92367c	ROUND16A_PRODUCTION_COMPOSITION	R16A-PCOMP-31ECBFAAA64AB619BA3E	frontend/generated/trace-exploration-v2/production-read-model.json	53eaf59c95446eeb3781a7153183c54b3ff59fd52f21744cc917053959dfdcc9	R16A-PCOMP-31ECBFAAA64AB619BA3E	ce6a7f75a239d03e48bf38da149d15296a441bfb4adda785d91d7bb50658009b	84c22d6e2e70c0a802e6d1f8f534e0748ceead84b84c97ad448bb419ea65a037	"[""R16B-SENSE:f0e28e13851d04c13b701f53d9b3911cb50fc572cc6203c64527804f0b37e909"",""R16B-SENSE:f26224717160ca63c45ca85fe7c23e1469baa3e10672a68beafb13d195d0915d""]"	[]	[]	"[""R16A-ENTRY-A706F1EEBFAC6A80DDE7"",""R16A-SEED-FBE58A432516E3D502B7""]"	"[""R16A-PAIR:e153332b67669fdaa24f256bfcf61135e56eb2894e48481afc71ae4327c81422""]"	PRODUCT_VISIBLE_V2	LINEAR_PATH	RETAINED	ROUND16A_ACTIVE_PAIR_BASELINE_NO_GROUP_CLAIM	false	false	false	false	Preserve the exact pair baseline without a manufactured group claim; regenerate any v3 product descendant before product activation.	858dad0b3e0374df977d0c45e883389eb9806e0dd936cadd432d416285625978
468105499c7be102deec7d6555aced688dea9901	5419770959bdb8998b693fb2275b47e29b92367c	ROUND16A_PRODUCTION_COMPOSITION	R16A-PCOMP-3208DA8095A09ACED7B8	frontend/generated/trace-exploration-v2/production-read-model.json	53eaf59c95446eeb3781a7153183c54b3ff59fd52f21744cc917053959dfdcc9	R16A-PCOMP-3208DA8095A09ACED7B8	9069dae7a0509c8b4186a8fb1928103a7a0bd88dbc91505d947e262df17f0527	89817e7a449f1cc7b574fb1b89c9541f765e52825c5cb62bf0a2bb833e8f970a	"[""R16B-SENSE:4e14e64610176c44c8a9775fba3a7d484b4eee0fb06ee9553c17675cb7f0b634"",""R16B-SENSE:f0e28e13851d04c13b701f53d9b3911cb50fc572cc6203c64527804f0b37e909"",""R16B-SENSE:f26224717160ca63c45ca85fe7c23e1469baa3e10672a68beafb13d195d0915d"",""R16B-SENSE:fa3369a6eb4bebe96ee289987f963e539b8da9c27ea0f454e8a24b6bddf9306f""]"	"[""R16B-LOCAL-FAMILY:89817e7a449f1cc7b574fb1b89c9541f765e52825c5cb62bf0a2bb833e8f970a""]"	"[""INQUIRY_ONLY_OR_UNRESOLVED""]"	"[""R16A-ENTRY-4BFE43E2A3DE9957FB93"",""R16A-SEED-43232EB89BDF38C32988""]"	"[""R16A-PAIR:2ea00c84f44e9da21aae78f742f5cf6cba09fee7e94d77ff3420dc07dd64cbb5"",""R16A-PAIR:5841a12151ac0ce714f0b8e279e939bed009b3f2be71086cde6033cbbd11b4ea"",""R16A-PAIR:f82795fcaba53ac0c255461d014e82b9e563362b645b4c65a58e27644e22c54c""]"	PRODUCT_VISIBLE_V2	LINEAR_PATH	INQUIRY	FAMILY_FINAL_DISPOSITION:INQUIRY_ONLY_OR_UNRESOLVED	false	false	false	false	Preserve as an explicitly inquiry-only baseline artifact; do not activate a product path while evidence or authority remains unresolved.	b7231c0708039e8c3b936791ef0f6d3ed2fe89fc3f4ad7448d9f5e4ee3327c46
468105499c7be102deec7d6555aced688dea9901	5419770959bdb8998b693fb2275b47e29b92367c	ROUND16A_PRODUCTION_COMPOSITION	R16A-PCOMP-32701ABAECD06D3B398F	frontend/generated/trace-exploration-v2/production-read-model.json	53eaf59c95446eeb3781a7153183c54b3ff59fd52f21744cc917053959dfdcc9	R16A-PCOMP-32701ABAECD06D3B398F	04616ac181485dc33d73ab0213c5fb4b488980cbf349392079543f4e7f7a31b5	23b72032e8165ac9f164a43ac0e1932f2fe4354f1b89f62d67ebe7d497de7af1	"[""R16B-SENSE:4e14e64610176c44c8a9775fba3a7d484b4eee0fb06ee9553c17675cb7f0b634"",""R16B-SENSE:f26224717160ca63c45ca85fe7c23e1469baa3e10672a68beafb13d195d0915d"",""R16B-SENSE:fa3369a6eb4bebe96ee289987f963e539b8da9c27ea0f454e8a24b6bddf9306f""]"	"[""R16B-LOCAL-FAMILY:23b72032e8165ac9f164a43ac0e1932f2fe4354f1b89f62d67ebe7d497de7af1""]"	"[""PAIRWISE_SUPPORT_WITHOUT_GROUP_COHERENCE""]"	"[""R16A-ENTRY-53D7874729CD56B8FCBC"",""R16A-SEED-2B53974ED15473B73D71""]"	"[""R16A-PAIR:2ea00c84f44e9da21aae78f742f5cf6cba09fee7e94d77ff3420dc07dd64cbb5"",""R16A-PAIR:5841a12151ac0ce714f0b8e279e939bed009b3f2be71086cde6033cbbd11b4ea""]"	PRODUCT_VISIBLE_V2	LINEAR_PATH	CORRECTED	FAMILY_FINAL_DISPOSITION:PAIRWISE_SUPPORT_WITHOUT_GROUP_COHERENCE	false	false	false	false	Preserve separately governed pair records, remove the unsupported group-coherence implication, and regenerate with corrected association provenance.	67e63f55b952b817be191bdbca83337bfb1bb9971ebbf5dc283eaa34b16c70ba
468105499c7be102deec7d6555aced688dea9901	5419770959bdb8998b693fb2275b47e29b92367c	ROUND16A_PRODUCTION_COMPOSITION	R16A-PCOMP-342AE02C7A8E404C99E9	frontend/generated/trace-exploration-v2/production-read-model.json	53eaf59c95446eeb3781a7153183c54b3ff59fd52f21744cc917053959dfdcc9	R16A-PCOMP-342AE02C7A8E404C99E9	cec266c1890fa859598f498a46c4c70976430e23b7dca66c4256f5a3956f2f3a	1d76bf657bbdec293265d051268a2a1153be0108b15a8d63ebbf2cb98cf6f06a	"[""R16B-SENSE:0ebc966b965fc5703be0f4bae727d337f32d83eb7db9066e926a2530dcfa0171"",""R16B-SENSE:61aaade597c45243fcdef0d2514fc52f58a066ae5c9f4ad550727cb75b124f64"",""R16B-SENSE:697603bbe891d791295d478b3b16d10add9bdab1fd92826d63d8b630f3779cfb""]"	"[""R16B-LOCAL-FAMILY:1d76bf657bbdec293265d051268a2a1153be0108b15a8d63ebbf2cb98cf6f06a""]"	"[""INQUIRY_ONLY_OR_UNRESOLVED""]"	"[""R16A-ENTRY-AEDF413DE2F27AA8FE03"",""R16A-SEED-58FAD6BA9B1BF49D9E4C""]"	"[""R16A-PAIR:891e0c3d300d8c4af59fbef2f00d164ee9c22df4148122c54ed84daee1dcb37e"",""R16A-PAIR:c36555188472ea5287ed70295a1b85e92e2ba9468fc703d2fe8893de3fc55a1f""]"	PRODUCT_VISIBLE_V2	LINEAR_PATH	INQUIRY	FAMILY_FINAL_DISPOSITION:INQUIRY_ONLY_OR_UNRESOLVED	false	false	false	false	Preserve as an explicitly inquiry-only baseline artifact; do not activate a product path while evidence or authority remains unresolved.	dc1d2d597ea2374377ede6a0aa48f0d1cc48e40615ca2bcd74e1efb62da9c935
468105499c7be102deec7d6555aced688dea9901	5419770959bdb8998b693fb2275b47e29b92367c	ROUND16A_PRODUCTION_COMPOSITION	R16A-PCOMP-35CD33B53B7B3BE7680C	frontend/generated/trace-exploration-v2/production-read-model.json	53eaf59c95446eeb3781a7153183c54b3ff59fd52f21744cc917053959dfdcc9	R16A-PCOMP-35CD33B53B7B3BE7680C	61a7ca208aa230c6d3eea6ad0dd92d430418ab1c9053098c9e1d7167eca4bde8	23b72032e8165ac9f164a43ac0e1932f2fe4354f1b89f62d67ebe7d497de7af1	"[""R16B-SENSE:4e14e64610176c44c8a9775fba3a7d484b4eee0fb06ee9553c17675cb7f0b634"",""R16B-SENSE:f26224717160ca63c45ca85fe7c23e1469baa3e10672a68beafb13d195d0915d"",""R16B-SENSE:fa3369a6eb4bebe96ee289987f963e539b8da9c27ea0f454e8a24b6bddf9306f""]"	"[""R16B-LOCAL-FAMILY:23b72032e8165ac9f164a43ac0e1932f2fe4354f1b89f62d67ebe7d497de7af1""]"	"[""PAIRWISE_SUPPORT_WITHOUT_GROUP_COHERENCE""]"	"[""R16A-ENTRY-CF22E24752529D5C7894"",""R16A-SEED-9AD9379C6F259A04E03D""]"	"[""R16A-PAIR:2ea00c84f44e9da21aae78f742f5cf6cba09fee7e94d77ff3420dc07dd64cbb5"",""R16A-PAIR:db9e8b1d1d7e17983872e3600cd1a3ce5ae7f3c907ae70bdeafcbd0b2c6a0460""]"	PRODUCT_VISIBLE_V2	BINARY_FORK	CORRECTED	FAMILY_FINAL_DISPOSITION:PAIRWISE_SUPPORT_WITHOUT_GROUP_COHERENCE	false	false	false	false	Preserve separately governed pair records, remove the unsupported group-coherence implication, and regenerate with corrected association provenance.	4a90cd10f58ae85968338b85046dd16394b4b7f6627fa33845f899092d65b8d3
468105499c7be102deec7d6555aced688dea9901	5419770959bdb8998b693fb2275b47e29b92367c	ROUND16A_PRODUCTION_COMPOSITION	R16A-PCOMP-36BC645F3237D9CD1330	frontend/generated/trace-exploration-v2/production-read-model.json	53eaf59c95446eeb3781a7153183c54b3ff59fd52f21744cc917053959dfdcc9	R16A-PCOMP-36BC645F3237D9CD1330	fb79eed33f39c87c9a25242dbfceedcdb625a4e1e5f3d2d8d2c318dc04de9f33	305df19741a47418dd7a3eb2c6ebd90bfab396b4bad14e293fa653d4b852db0a	"[""R16B-SENSE:049324b7a1f8dd02995e20043357b090b2357eb23e8fe588e78928f5306a82e1"",""R16B-SENSE:f587f40fcb14f9230306986bb2b2ea917544385afefe2e818002f3f3e7af0f2a""]"	[]	[]	"[""R16A-ENTRY-4F076155626057A5359F"",""R16A-SEED-7CB70836B50A86DE4523""]"	"[""R16A-PAIR:2f2ea4ddf1a964b76fab37c87c58dcc09f56dedf86f676fc6d2c6b17d3100ca0""]"	PRODUCT_VISIBLE_V2	LINEAR_PATH	RETAINED	ROUND16A_ACTIVE_PAIR_BASELINE_NO_GROUP_CLAIM	false	false	false	false	Preserve the exact pair baseline without a manufactured group claim; regenerate any v3 product descendant before product activation.	d7dc41ecdb229864f82370af86c91cf2cfd72edc7b2ef14388cff65170076c55
468105499c7be102deec7d6555aced688dea9901	5419770959bdb8998b693fb2275b47e29b92367c	ROUND16A_PRODUCTION_COMPOSITION	R16A-PCOMP-37B38F573360FC6E2E29	frontend/generated/trace-exploration-v2/production-read-model.json	53eaf59c95446eeb3781a7153183c54b3ff59fd52f21744cc917053959dfdcc9	R16A-PCOMP-37B38F573360FC6E2E29	9085aa027010699239bfdf26594fbda46ec5420e950d233a0815f8abcbe24eeb	af25d1d4c93f79886769d53d071805bd5b6726130b153e4484121321d1122e3a	"[""R16B-SENSE:f0e28e13851d04c13b701f53d9b3911cb50fc572cc6203c64527804f0b37e909"",""R16B-SENSE:f26224717160ca63c45ca85fe7c23e1469baa3e10672a68beafb13d195d0915d"",""R16B-SENSE:fa3369a6eb4bebe96ee289987f963e539b8da9c27ea0f454e8a24b6bddf9306f""]"	"[""R16B-LOCAL-FAMILY:af25d1d4c93f79886769d53d071805bd5b6726130b153e4484121321d1122e3a""]"	"[""PAIRWISE_SUPPORT_WITHOUT_GROUP_COHERENCE""]"	"[""R16A-ENTRY-BF997586D7587A182AD7"",""R16A-SEED-285CA99F13699E1DCF94""]"	"[""R16A-PAIR:2ea00c84f44e9da21aae78f742f5cf6cba09fee7e94d77ff3420dc07dd64cbb5"",""R16A-PAIR:f82795fcaba53ac0c255461d014e82b9e563362b645b4c65a58e27644e22c54c""]"	PRODUCT_VISIBLE_V2	LINEAR_PATH	CORRECTED	FAMILY_FINAL_DISPOSITION:PAIRWISE_SUPPORT_WITHOUT_GROUP_COHERENCE	false	false	false	false	Preserve separately governed pair records, remove the unsupported group-coherence implication, and regenerate with corrected association provenance.	c62572302ca695442b3f93c770296dffaa2d57d4a378f8fa32e40af4fb83e9e1
468105499c7be102deec7d6555aced688dea9901	5419770959bdb8998b693fb2275b47e29b92367c	ROUND16A_PRODUCTION_COMPOSITION	R16A-PCOMP-3839CA0B5AE959FDEC40	frontend/generated/trace-exploration-v2/production-read-model.json	53eaf59c95446eeb3781a7153183c54b3ff59fd52f21744cc917053959dfdcc9	R16A-PCOMP-3839CA0B5AE959FDEC40	fdb72bf4420c2a0d3f2a8d3dffabf454fb99334e60c10aef8fb98f64e0bb84c4	7e0a0ee4f78d2f565c4f7771653ecc5a27828dd9fb704139d1e068f2a5fdce64	"[""R16B-SENSE:06c230c771547ee49390903e0bad7aaf44063613309c93bcbd72e808116af4c6"",""R16B-SENSE:35489187871bfd7b7be6e2d5268a3a922984d3bdad9e9a8ca61ea6edee84a5a7"",""R16B-SENSE:419a96e12217bfa4ed031510c32033cb2408489e3abb14eb28291b13c068e159""]"	"[""R16B-LOCAL-FAMILY:7e0a0ee4f78d2f565c4f7771653ecc5a27828dd9fb704139d1e068f2a5fdce64""]"	"[""BOUNDED_SENSE_OR_SCOPE_CONFLICT""]"	"[""R16A-ENTRY-A66B2555C5B3B9098145"",""R16A-SEED-9CAC16DAE3008DC3B729""]"	"[""R16A-PAIR:27598c04934f3d33ad80dfb1aecc18d272cf86ee7fe3a726a95aae81144dfb06"",""R16A-PAIR:a364e4ea20e2f9e24e1fc980dc1ab703ae69a0fc86aa626a14e45cca0ea3bbb2""]"	PRODUCT_VISIBLE_V2	LINEAR_PATH	REJECTED	FAMILY_FINAL_DISPOSITION:BOUNDED_SENSE_OR_SCOPE_CONFLICT	false	false	false	false	Preserve the audit receipt, retire the prior object from active product eligibility, and do not project or synthesize a replacement association.	00a693475522ef7e54bb5700d06562a9704138b041683387bc1bc9c2ceb5faf4
468105499c7be102deec7d6555aced688dea9901	5419770959bdb8998b693fb2275b47e29b92367c	ROUND16A_PRODUCTION_COMPOSITION	R16A-PCOMP-38D47020F69FA0C39B90	frontend/generated/trace-exploration-v2/production-read-model.json	53eaf59c95446eeb3781a7153183c54b3ff59fd52f21744cc917053959dfdcc9	R16A-PCOMP-38D47020F69FA0C39B90	3afa6b659d5bd3bc26a6d69b12111c325d2e06b979e0cb9d60c4b42cd6a8cbbf	890a385d21853f5dd96b62838ec820a9d0a4cdb8d2ebf55117f4b15f7e59d2be	"[""R16B-SENSE:14bd96e324918cf3d87ed84253055004be79647294bf62a305ccf9a65a46b863"",""R16B-SENSE:f1dafc6df9c9a66b0b7c19d34606a2ed638c193dc7047afb8a1f83b3d564ebc1""]"	[]	[]	"[""R16A-ENTRY-21BCDB22B7FF410947C5"",""R16A-SEED-EBF92BBE526796267883""]"	"[""R16A-PAIR:85e32fbf7d295e72068df767318096879ed6af2c4af16cadd1313e3fca88fa26""]"	PRODUCT_VISIBLE_V2	LINEAR_PATH	RETAINED	ROUND16A_ACTIVE_PAIR_BASELINE_NO_GROUP_CLAIM	false	false	false	false	Preserve the exact pair baseline without a manufactured group claim; regenerate any v3 product descendant before product activation.	021c753921ec1e3a17bee4b4077a467e0b8fd5a98cef8a8a31ea1506f6f5d69e
468105499c7be102deec7d6555aced688dea9901	5419770959bdb8998b693fb2275b47e29b92367c	ROUND16A_PRODUCTION_COMPOSITION	R16A-PCOMP-396E79C8AD04F8883EED	frontend/generated/trace-exploration-v2/production-read-model.json	53eaf59c95446eeb3781a7153183c54b3ff59fd52f21744cc917053959dfdcc9	R16A-PCOMP-396E79C8AD04F8883EED	ba90a2f95ed1fe2fe67785cfb8641b4a80804e404cb958839fb3ed072a883295	305df19741a47418dd7a3eb2c6ebd90bfab396b4bad14e293fa653d4b852db0a	"[""R16B-SENSE:049324b7a1f8dd02995e20043357b090b2357eb23e8fe588e78928f5306a82e1"",""R16B-SENSE:f587f40fcb14f9230306986bb2b2ea917544385afefe2e818002f3f3e7af0f2a""]"	[]	[]	"[""R16A-ENTRY-4F076155626057A5359F"",""R16A-SEED-9DE3F5E644034F5B67EA""]"	"[""R16A-PAIR:2f2ea4ddf1a964b76fab37c87c58dcc09f56dedf86f676fc6d2c6b17d3100ca0""]"	PRODUCT_VISIBLE_V2	LINEAR_PATH	RETAINED	ROUND16A_ACTIVE_PAIR_BASELINE_NO_GROUP_CLAIM	false	false	false	false	Preserve the exact pair baseline without a manufactured group claim; regenerate any v3 product descendant before product activation.	e7da638dc5fb3e1be6654ead611b573ed35eb13d5fba652e38a4a6e7dc6b5654
468105499c7be102deec7d6555aced688dea9901	5419770959bdb8998b693fb2275b47e29b92367c	ROUND16A_PRODUCTION_COMPOSITION	R16A-PCOMP-3A73270A5E8FD0CB29A4	frontend/generated/trace-exploration-v2/production-read-model.json	53eaf59c95446eeb3781a7153183c54b3ff59fd52f21744cc917053959dfdcc9	R16A-PCOMP-3A73270A5E8FD0CB29A4	26cc713c9ecf679df447b40fcbf526a6c14da85810a7bdcd2f354ebc5b3107a3	3fea9b625add75da423f9ae2d9473361745be3b09669537df519b552b09940e7	"[""R16B-SENSE:4e14e64610176c44c8a9775fba3a7d484b4eee0fb06ee9553c17675cb7f0b634"",""R16B-SENSE:f26224717160ca63c45ca85fe7c23e1469baa3e10672a68beafb13d195d0915d""]"	[]	[]	"[""R16A-ENTRY-B8DF53B680BA0219F19A"",""R16A-SEED-E72194219485F9985B82""]"	"[""R16A-PAIR:5841a12151ac0ce714f0b8e279e939bed009b3f2be71086cde6033cbbd11b4ea""]"	PRODUCT_VISIBLE_V2	LINEAR_PATH	RETAINED	ROUND16A_ACTIVE_PAIR_BASELINE_NO_GROUP_CLAIM	false	false	false	false	Preserve the exact pair baseline without a manufactured group claim; regenerate any v3 product descendant before product activation.	ac07764f8f4fbd1865f936c9eb0475df891496d9ca8c907e2e4c379883f3d7d5
468105499c7be102deec7d6555aced688dea9901	5419770959bdb8998b693fb2275b47e29b92367c	ROUND16A_PRODUCTION_COMPOSITION	R16A-PCOMP-3AD169873D3AE05BF688	frontend/generated/trace-exploration-v2/production-read-model.json	53eaf59c95446eeb3781a7153183c54b3ff59fd52f21744cc917053959dfdcc9	R16A-PCOMP-3AD169873D3AE05BF688	a071ea52074a6351c66505e74ceb8140504169b63fb81b85eac9c8d330940aaf	83009b1d124d4635a57866eeffba5e1a1a33e499bd60b30c6346b94ff1a04f8e	"[""R16B-SENSE:698710ef66f0d551cde028b8e54bdbf6051b96902a736be6b9ab45d1ad91f848"",""R16B-SENSE:9415fd18554090ac9dd2dfc28a1ec541d67a94b8421b1cefafa578a03302257d"",""R16B-SENSE:9c499c8b62d5222b0be4049597c613d82925ede87bf34656671a6b1e4e491bc3""]"	"[""R16B-LOCAL-FAMILY:83009b1d124d4635a57866eeffba5e1a1a33e499bd60b30c6346b94ff1a04f8e""]"	"[""BOUNDED_SENSE_OR_SCOPE_CONFLICT""]"	"[""R16A-ENTRY-EFEAC8CD2CAC663F9A6D"",""R16A-SEED-336BD2E7BD478B9C0A63""]"	"[""R16A-PAIR:591aa3897c3e0e455ef4bc05b36550f3d010af9e84be8a08c199676025fdeb04"",""R16A-PAIR:c58fe913fc06f2896c1022f7ccc0e9de1b0f7f1121f09c7d18162d40fe764cf9""]"	PRODUCT_VISIBLE_V2	BINARY_CONVERGENCE	REJECTED	FAMILY_FINAL_DISPOSITION:BOUNDED_SENSE_OR_SCOPE_CONFLICT	false	false	false	false	Preserve the audit receipt, retire the prior object from active product eligibility, and do not project or synthesize a replacement association.	810c924e9dd31e932062be301fc758a860fd65fba09ed14a506710f37adce22c
468105499c7be102deec7d6555aced688dea9901	5419770959bdb8998b693fb2275b47e29b92367c	ROUND16A_PRODUCTION_COMPOSITION	R16A-PCOMP-3C4600EED84F5C7DBF22	frontend/generated/trace-exploration-v2/production-read-model.json	53eaf59c95446eeb3781a7153183c54b3ff59fd52f21744cc917053959dfdcc9	R16A-PCOMP-3C4600EED84F5C7DBF22	aaead2bde98dcbda0b6f4243e6396f172bc04019ab77f0c5516b19d4ad19f2f1	af25d1d4c93f79886769d53d071805bd5b6726130b153e4484121321d1122e3a	"[""R16B-SENSE:f0e28e13851d04c13b701f53d9b3911cb50fc572cc6203c64527804f0b37e909"",""R16B-SENSE:f26224717160ca63c45ca85fe7c23e1469baa3e10672a68beafb13d195d0915d"",""R16B-SENSE:fa3369a6eb4bebe96ee289987f963e539b8da9c27ea0f454e8a24b6bddf9306f""]"	"[""R16B-LOCAL-FAMILY:af25d1d4c93f79886769d53d071805bd5b6726130b153e4484121321d1122e3a""]"	"[""PAIRWISE_SUPPORT_WITHOUT_GROUP_COHERENCE""]"	"[""R16A-ENTRY-89D363CFA845AC8DCB9B"",""R16A-SEED-49BBF9C685C8448B0FD1""]"	"[""R16A-PAIR:2ea00c84f44e9da21aae78f742f5cf6cba09fee7e94d77ff3420dc07dd64cbb5"",""R16A-PAIR:f82795fcaba53ac0c255461d014e82b9e563362b645b4c65a58e27644e22c54c""]"	PRODUCT_VISIBLE_V2	BINARY_CONVERGENCE	CORRECTED	FAMILY_FINAL_DISPOSITION:PAIRWISE_SUPPORT_WITHOUT_GROUP_COHERENCE	false	false	false	false	Preserve separately governed pair records, remove the unsupported group-coherence implication, and regenerate with corrected association provenance.	a4fa8df6ff16a8b5a62c3a8b28bb454fea197d671f9a8ac4fd0736b48d9031b1
468105499c7be102deec7d6555aced688dea9901	5419770959bdb8998b693fb2275b47e29b92367c	ROUND16A_PRODUCTION_COMPOSITION	R16A-PCOMP-3DACB28D8502884C91C1	frontend/generated/trace-exploration-v2/production-read-model.json	53eaf59c95446eeb3781a7153183c54b3ff59fd52f21744cc917053959dfdcc9	R16A-PCOMP-3DACB28D8502884C91C1	e2a7c96d6befd5f47d78a5edceae910241177416b43c03a36a936caaacf083b0	7e0a0ee4f78d2f565c4f7771653ecc5a27828dd9fb704139d1e068f2a5fdce64	"[""R16B-SENSE:06c230c771547ee49390903e0bad7aaf44063613309c93bcbd72e808116af4c6"",""R16B-SENSE:35489187871bfd7b7be6e2d5268a3a922984d3bdad9e9a8ca61ea6edee84a5a7"",""R16B-SENSE:419a96e12217bfa4ed031510c32033cb2408489e3abb14eb28291b13c068e159""]"	"[""R16B-LOCAL-FAMILY:7e0a0ee4f78d2f565c4f7771653ecc5a27828dd9fb704139d1e068f2a5fdce64""]"	"[""BOUNDED_SENSE_OR_SCOPE_CONFLICT""]"	"[""R16A-ENTRY-0CF16C73328C5B90D338"",""R16A-SEED-88EDA25A8DFC18E2AB1E""]"	"[""R16A-PAIR:27598c04934f3d33ad80dfb1aecc18d272cf86ee7fe3a726a95aae81144dfb06"",""R16A-PAIR:818cc370417319af9a65fec5211969862df5c48a821265533ba289932e57b18c""]"	PRODUCT_VISIBLE_V2	BINARY_CONVERGENCE	REJECTED	FAMILY_FINAL_DISPOSITION:BOUNDED_SENSE_OR_SCOPE_CONFLICT	false	false	false	false	Preserve the audit receipt, retire the prior object from active product eligibility, and do not project or synthesize a replacement association.	9a87f1bdd54ea851e1124a7e501497d0a6a7dd4badcabd3798370fd90d2a258e
468105499c7be102deec7d6555aced688dea9901	5419770959bdb8998b693fb2275b47e29b92367c	ROUND16A_PRODUCTION_COMPOSITION	R16A-PCOMP-3DEA2876DDC4F4C2F03B	frontend/generated/trace-exploration-v2/production-read-model.json	53eaf59c95446eeb3781a7153183c54b3ff59fd52f21744cc917053959dfdcc9	R16A-PCOMP-3DEA2876DDC4F4C2F03B	01f899a023bdfcfd3f1b191bb8aa60d5f88265ef30e0c9989e03fa21cc6574c6	83009b1d124d4635a57866eeffba5e1a1a33e499bd60b30c6346b94ff1a04f8e	"[""R16B-SENSE:698710ef66f0d551cde028b8e54bdbf6051b96902a736be6b9ab45d1ad91f848"",""R16B-SENSE:9415fd18554090ac9dd2dfc28a1ec541d67a94b8421b1cefafa578a03302257d"",""R16B-SENSE:9c499c8b62d5222b0be4049597c613d82925ede87bf34656671a6b1e4e491bc3""]"	"[""R16B-LOCAL-FAMILY:83009b1d124d4635a57866eeffba5e1a1a33e499bd60b30c6346b94ff1a04f8e""]"	"[""BOUNDED_SENSE_OR_SCOPE_CONFLICT""]"	"[""R16A-ENTRY-1E4A3BE36F4CFF335A70"",""R16A-SEED-82DD5AFC5B686E41A12B""]"	"[""R16A-PAIR:4cf124f8588611ba0a2f76bce26ab0b5890dcfcf71d9283888d62d58bcdb974a"",""R16A-PAIR:c58fe913fc06f2896c1022f7ccc0e9de1b0f7f1121f09c7d18162d40fe764cf9""]"	PRODUCT_VISIBLE_V2	BINARY_FORK	REJECTED	FAMILY_FINAL_DISPOSITION:BOUNDED_SENSE_OR_SCOPE_CONFLICT	false	false	false	false	Preserve the audit receipt, retire the prior object from active product eligibility, and do not project or synthesize a replacement association.	4c93b45ae7d36b4930c2deb67c9e1219fa57e39994736229fb5a4034580cd62e
468105499c7be102deec7d6555aced688dea9901	5419770959bdb8998b693fb2275b47e29b92367c	ROUND16A_PRODUCTION_COMPOSITION	R16A-PCOMP-3E050B5A69CE84AA2287	frontend/generated/trace-exploration-v2/production-read-model.json	53eaf59c95446eeb3781a7153183c54b3ff59fd52f21744cc917053959dfdcc9	R16A-PCOMP-3E050B5A69CE84AA2287	993c6e566bd357b1becf36b60e481fdff14f02e1826bfe573b242c370de4079e	1d76bf657bbdec293265d051268a2a1153be0108b15a8d63ebbf2cb98cf6f06a	"[""R16B-SENSE:0ebc966b965fc5703be0f4bae727d337f32d83eb7db9066e926a2530dcfa0171"",""R16B-SENSE:61aaade597c45243fcdef0d2514fc52f58a066ae5c9f4ad550727cb75b124f64"",""R16B-SENSE:697603bbe891d791295d478b3b16d10add9bdab1fd92826d63d8b630f3779cfb""]"	"[""R16B-LOCAL-FAMILY:1d76bf657bbdec293265d051268a2a1153be0108b15a8d63ebbf2cb98cf6f06a""]"	"[""INQUIRY_ONLY_OR_UNRESOLVED""]"	"[""R16A-ENTRY-82CA5FBBB8348F7AE95B"",""R16A-SEED-A2F024A1E9548572C8F1""]"	"[""R16A-PAIR:43fa33f1a987090224619eb68e83d246be7705f94d1b2e364bdfb2b73fc1a94f"",""R16A-PAIR:891e0c3d300d8c4af59fbef2f00d164ee9c22df4148122c54ed84daee1dcb37e""]"	PRODUCT_VISIBLE_V2	BINARY_CONVERGENCE	INQUIRY	FAMILY_FINAL_DISPOSITION:INQUIRY_ONLY_OR_UNRESOLVED	false	false	false	false	Preserve as an explicitly inquiry-only baseline artifact; do not activate a product path while evidence or authority remains unresolved.	fe1d8f0e52624a84e041931732d78118db371dab2f3ad6b4b182f436ea4f3c01
468105499c7be102deec7d6555aced688dea9901	5419770959bdb8998b693fb2275b47e29b92367c	ROUND16A_PRODUCTION_COMPOSITION	R16A-PCOMP-3E984AB8622BDE820E58	frontend/generated/trace-exploration-v2/production-read-model.json	53eaf59c95446eeb3781a7153183c54b3ff59fd52f21744cc917053959dfdcc9	R16A-PCOMP-3E984AB8622BDE820E58	032b7a2e1b646a9ffe3ea437bd6bc025c72ec0f43bd0c6f53a55dea3d9ebf445	a4154fe215e8a597ea84576b98c56149211dfb35bb47845294b9c10c49d68066	"[""R16B-SENSE:4e14e64610176c44c8a9775fba3a7d484b4eee0fb06ee9553c17675cb7f0b634"",""R16B-SENSE:fa3369a6eb4bebe96ee289987f963e539b8da9c27ea0f454e8a24b6bddf9306f""]"	[]	[]	"[""R16A-ENTRY-2D029AE9295CC30452E8"",""R16A-SEED-7F7CA02458215074BBF6""]"	"[""R16A-PAIR:db9e8b1d1d7e17983872e3600cd1a3ce5ae7f3c907ae70bdeafcbd0b2c6a0460""]"	PRODUCT_VISIBLE_V2	LINEAR_PATH	RETAINED	ROUND16A_ACTIVE_PAIR_BASELINE_NO_GROUP_CLAIM	false	false	false	false	Preserve the exact pair baseline without a manufactured group claim; regenerate any v3 product descendant before product activation.	c5416a6e59a57aa5bce365137cca77428ef6822ff6222a33ca762a912798ed20
468105499c7be102deec7d6555aced688dea9901	5419770959bdb8998b693fb2275b47e29b92367c	ROUND16A_PRODUCTION_COMPOSITION	R16A-PCOMP-3F7A7C95533BFC98DCAD	frontend/generated/trace-exploration-v2/production-read-model.json	53eaf59c95446eeb3781a7153183c54b3ff59fd52f21744cc917053959dfdcc9	R16A-PCOMP-3F7A7C95533BFC98DCAD	8f05e6896cbe1e90f0af239fb101c16588a7613eb9f9342a5e60a8609e8c5513	15f5757830dfe043fb27e73c28ff3bfd902aaa9c938ab254fda8682d359a7249	"[""R16B-SENSE:6672e4d46dd04d497061cde0fb1319f2795e43fafb72f047ac8a663d5c0dabfb"",""R16B-SENSE:9f5a38a6fb1ca9212921419af18b59d535ee2f944c89ce002dfa6db54090b9c8"",""R16B-SENSE:aaba242b61f07fc7756aa5d54b3d132896c230e138451ec96ac3b40b8c2c3ec3""]"	"[""R16B-LOCAL-FAMILY:15f5757830dfe043fb27e73c28ff3bfd902aaa9c938ab254fda8682d359a7249""]"	"[""PAIRWISE_SUPPORT_WITHOUT_GROUP_COHERENCE""]"	"[""R16A-ENTRY-C2891B6E634A555E9ACD"",""R16A-SEED-189C41E914D9269DCCD8""]"	"[""R16A-PAIR:09108fb32fbc17acaa1205d07d048a5e74371e81f8c5919a24f86af4ddc3d677"",""R16A-PAIR:9d6b149f9ea2e617d5b45153c18bed1eeff22bd4c979cc8d6767b8c213e4d419""]"	PRODUCT_VISIBLE_V2	LINEAR_PATH	CORRECTED	FAMILY_FINAL_DISPOSITION:PAIRWISE_SUPPORT_WITHOUT_GROUP_COHERENCE	false	false	false	false	Preserve separately governed pair records, remove the unsupported group-coherence implication, and regenerate with corrected association provenance.	8575175f1a6627e534d1e8ad2ec87ef60d8ad74401dbc4c8458efe4a05624d19
468105499c7be102deec7d6555aced688dea9901	5419770959bdb8998b693fb2275b47e29b92367c	ROUND16A_PRODUCTION_COMPOSITION	R16A-PCOMP-40167CCF74A48267F34C	frontend/generated/trace-exploration-v2/production-read-model.json	53eaf59c95446eeb3781a7153183c54b3ff59fd52f21744cc917053959dfdcc9	R16A-PCOMP-40167CCF74A48267F34C	212799c908a0e47d530d3844f10ef5534848fb60a23e31af7453c1e740dca0ef	1d76bf657bbdec293265d051268a2a1153be0108b15a8d63ebbf2cb98cf6f06a	"[""R16B-SENSE:0ebc966b965fc5703be0f4bae727d337f32d83eb7db9066e926a2530dcfa0171"",""R16B-SENSE:61aaade597c45243fcdef0d2514fc52f58a066ae5c9f4ad550727cb75b124f64"",""R16B-SENSE:697603bbe891d791295d478b3b16d10add9bdab1fd92826d63d8b630f3779cfb""]"	"[""R16B-LOCAL-FAMILY:1d76bf657bbdec293265d051268a2a1153be0108b15a8d63ebbf2cb98cf6f06a""]"	"[""INQUIRY_ONLY_OR_UNRESOLVED""]"	"[""R16A-ENTRY-BF07DD1C1ADA7CC4D809"",""R16A-SEED-AF0348C6C058C3751502""]"	"[""R16A-PAIR:43fa33f1a987090224619eb68e83d246be7705f94d1b2e364bdfb2b73fc1a94f"",""R16A-PAIR:c36555188472ea5287ed70295a1b85e92e2ba9468fc703d2fe8893de3fc55a1f""]"	PRODUCT_VISIBLE_V2	BINARY_CONVERGENCE	INQUIRY	FAMILY_FINAL_DISPOSITION:INQUIRY_ONLY_OR_UNRESOLVED	false	false	false	false	Preserve as an explicitly inquiry-only baseline artifact; do not activate a product path while evidence or authority remains unresolved.	8e033c5d03af345d4db2c2fb42ed622f27db3a250e9db09b3795e790bc46b6cd
468105499c7be102deec7d6555aced688dea9901	5419770959bdb8998b693fb2275b47e29b92367c	ROUND16A_PRODUCTION_COMPOSITION	R16A-PCOMP-40B22C403345B9AEBE43	frontend/generated/trace-exploration-v2/production-read-model.json	53eaf59c95446eeb3781a7153183c54b3ff59fd52f21744cc917053959dfdcc9	R16A-PCOMP-40B22C403345B9AEBE43	7da7c42d48d406643221e23fd30681932dfb16a6a02d0ddd7a424cde446df32e	af25d1d4c93f79886769d53d071805bd5b6726130b153e4484121321d1122e3a	"[""R16B-SENSE:f0e28e13851d04c13b701f53d9b3911cb50fc572cc6203c64527804f0b37e909"",""R16B-SENSE:f26224717160ca63c45ca85fe7c23e1469baa3e10672a68beafb13d195d0915d"",""R16B-SENSE:fa3369a6eb4bebe96ee289987f963e539b8da9c27ea0f454e8a24b6bddf9306f""]"	"[""R16B-LOCAL-FAMILY:af25d1d4c93f79886769d53d071805bd5b6726130b153e4484121321d1122e3a""]"	"[""PAIRWISE_SUPPORT_WITHOUT_GROUP_COHERENCE""]"	"[""R16A-ENTRY-83E5BCDE4DF04E69528B"",""R16A-SEED-508026D58F5F80FE3CC7""]"	"[""R16A-PAIR:e153332b67669fdaa24f256bfcf61135e56eb2894e48481afc71ae4327c81422"",""R16A-PAIR:f82795fcaba53ac0c255461d014e82b9e563362b645b4c65a58e27644e22c54c""]"	PRODUCT_VISIBLE_V2	LINEAR_PATH	CORRECTED	FAMILY_FINAL_DISPOSITION:PAIRWISE_SUPPORT_WITHOUT_GROUP_COHERENCE	false	false	false	false	Preserve separately governed pair records, remove the unsupported group-coherence implication, and regenerate with corrected association provenance.	e3a8827fe20df65de7b194573f05083f5648edd37b9862d6e6b67080055db81e
468105499c7be102deec7d6555aced688dea9901	5419770959bdb8998b693fb2275b47e29b92367c	ROUND16A_PRODUCTION_COMPOSITION	R16A-PCOMP-41548491B6DA81ACF82B	frontend/generated/trace-exploration-v2/production-read-model.json	53eaf59c95446eeb3781a7153183c54b3ff59fd52f21744cc917053959dfdcc9	R16A-PCOMP-41548491B6DA81ACF82B	c07ac5e2230e751aad65318f5a06c8d1425e5f0d76475116d43352b3b908a7b1	23b72032e8165ac9f164a43ac0e1932f2fe4354f1b89f62d67ebe7d497de7af1	"[""R16B-SENSE:4e14e64610176c44c8a9775fba3a7d484b4eee0fb06ee9553c17675cb7f0b634"",""R16B-SENSE:f26224717160ca63c45ca85fe7c23e1469baa3e10672a68beafb13d195d0915d"",""R16B-SENSE:fa3369a6eb4bebe96ee289987f963e539b8da9c27ea0f454e8a24b6bddf9306f""]"	"[""R16B-LOCAL-FAMILY:23b72032e8165ac9f164a43ac0e1932f2fe4354f1b89f62d67ebe7d497de7af1""]"	"[""PAIRWISE_SUPPORT_WITHOUT_GROUP_COHERENCE""]"	"[""R16A-ENTRY-602E47DAF2475D706A2B"",""R16A-SEED-E333DD0B39BB87A5AD47""]"	"[""R16A-PAIR:5841a12151ac0ce714f0b8e279e939bed009b3f2be71086cde6033cbbd11b4ea"",""R16A-PAIR:db9e8b1d1d7e17983872e3600cd1a3ce5ae7f3c907ae70bdeafcbd0b2c6a0460""]"	PRODUCT_VISIBLE_V2	LINEAR_PATH	CORRECTED	FAMILY_FINAL_DISPOSITION:PAIRWISE_SUPPORT_WITHOUT_GROUP_COHERENCE	false	false	false	false	Preserve separately governed pair records, remove the unsupported group-coherence implication, and regenerate with corrected association provenance.	7a21011fa3c1797cfc9d723078c616f2d73f116f9f591d5203fecb90b2d20c7f
468105499c7be102deec7d6555aced688dea9901	5419770959bdb8998b693fb2275b47e29b92367c	ROUND16A_PRODUCTION_COMPOSITION	R16A-PCOMP-42261D526FA6E00A82BB	frontend/generated/trace-exploration-v2/production-read-model.json	53eaf59c95446eeb3781a7153183c54b3ff59fd52f21744cc917053959dfdcc9	R16A-PCOMP-42261D526FA6E00A82BB	90da7df5a8284ae677a40112a573ef33c479585c69d3f70eed23adedc1e0efd7	3648ab4f374cda7a490244914de785b764e7e4f7c872f094e8a2d3f03a71a560	"[""R16B-SENSE:4e14e64610176c44c8a9775fba3a7d484b4eee0fb06ee9553c17675cb7f0b634"",""R16B-SENSE:f0e28e13851d04c13b701f53d9b3911cb50fc572cc6203c64527804f0b37e909"",""R16B-SENSE:fa3369a6eb4bebe96ee289987f963e539b8da9c27ea0f454e8a24b6bddf9306f""]"	"[""R16B-LOCAL-FAMILY:3648ab4f374cda7a490244914de785b764e7e4f7c872f094e8a2d3f03a71a560""]"	"[""PAIRWISE_SUPPORT_WITHOUT_GROUP_COHERENCE""]"	"[""R16A-ENTRY-430BB9381726BC21FB29"",""R16A-SEED-FCB7C60141B935381454""]"	"[""R16A-PAIR:db9e8b1d1d7e17983872e3600cd1a3ce5ae7f3c907ae70bdeafcbd0b2c6a0460"",""R16A-PAIR:f82795fcaba53ac0c255461d014e82b9e563362b645b4c65a58e27644e22c54c""]"	PRODUCT_VISIBLE_V2	LINEAR_PATH	CORRECTED	FAMILY_FINAL_DISPOSITION:PAIRWISE_SUPPORT_WITHOUT_GROUP_COHERENCE	false	false	false	false	Preserve separately governed pair records, remove the unsupported group-coherence implication, and regenerate with corrected association provenance.	a51b1ab724743f5c49d3237932bb52f120ef44aaa5e385f3bfee64ee071b6c02
468105499c7be102deec7d6555aced688dea9901	5419770959bdb8998b693fb2275b47e29b92367c	ROUND16A_PRODUCTION_COMPOSITION	R16A-PCOMP-43045E9427CF183AAAC1	frontend/generated/trace-exploration-v2/production-read-model.json	53eaf59c95446eeb3781a7153183c54b3ff59fd52f21744cc917053959dfdcc9	R16A-PCOMP-43045E9427CF183AAAC1	a46eb50a43a521d048d77c1abdbea096bc7aad639ed2e2240cf8a1baf7ffdfa5	89817e7a449f1cc7b574fb1b89c9541f765e52825c5cb62bf0a2bb833e8f970a	"[""R16B-SENSE:4e14e64610176c44c8a9775fba3a7d484b4eee0fb06ee9553c17675cb7f0b634"",""R16B-SENSE:f0e28e13851d04c13b701f53d9b3911cb50fc572cc6203c64527804f0b37e909"",""R16B-SENSE:f26224717160ca63c45ca85fe7c23e1469baa3e10672a68beafb13d195d0915d"",""R16B-SENSE:fa3369a6eb4bebe96ee289987f963e539b8da9c27ea0f454e8a24b6bddf9306f""]"	"[""R16B-LOCAL-FAMILY:89817e7a449f1cc7b574fb1b89c9541f765e52825c5cb62bf0a2bb833e8f970a""]"	"[""INQUIRY_ONLY_OR_UNRESOLVED""]"	"[""R16A-ENTRY-34FE968144746CDA094A"",""R16A-SEED-6097F9211DB00AA752E5""]"	"[""R16A-PAIR:db9e8b1d1d7e17983872e3600cd1a3ce5ae7f3c907ae70bdeafcbd0b2c6a0460"",""R16A-PAIR:e153332b67669fdaa24f256bfcf61135e56eb2894e48481afc71ae4327c81422"",""R16A-PAIR:f82795fcaba53ac0c255461d014e82b9e563362b645b4c65a58e27644e22c54c""]"	PRODUCT_VISIBLE_V2	LINEAR_PATH	INQUIRY	FAMILY_FINAL_DISPOSITION:INQUIRY_ONLY_OR_UNRESOLVED	false	false	false	false	Preserve as an explicitly inquiry-only baseline artifact; do not activate a product path while evidence or authority remains unresolved.	cc94e09ce29a600cde4d4f6d6bddd08d91293d8a60f1c34aa532eae9c58aa9b3
468105499c7be102deec7d6555aced688dea9901	5419770959bdb8998b693fb2275b47e29b92367c	ROUND16A_PRODUCTION_COMPOSITION	R16A-PCOMP-4850E3B324231E416207	frontend/generated/trace-exploration-v2/production-read-model.json	53eaf59c95446eeb3781a7153183c54b3ff59fd52f21744cc917053959dfdcc9	R16A-PCOMP-4850E3B324231E416207	1d7685857b85c751e8036f57a9212db7e7c9d7affb46d2ea44365251f8bd2ebe	af25d1d4c93f79886769d53d071805bd5b6726130b153e4484121321d1122e3a	"[""R16B-SENSE:f0e28e13851d04c13b701f53d9b3911cb50fc572cc6203c64527804f0b37e909"",""R16B-SENSE:f26224717160ca63c45ca85fe7c23e1469baa3e10672a68beafb13d195d0915d"",""R16B-SENSE:fa3369a6eb4bebe96ee289987f963e539b8da9c27ea0f454e8a24b6bddf9306f""]"	"[""R16B-LOCAL-FAMILY:af25d1d4c93f79886769d53d071805bd5b6726130b153e4484121321d1122e3a""]"	"[""PAIRWISE_SUPPORT_WITHOUT_GROUP_COHERENCE""]"	"[""R16A-ENTRY-83E5BCDE4DF04E69528B"",""R16A-SEED-19FB03A8043D2A93F018""]"	"[""R16A-PAIR:e153332b67669fdaa24f256bfcf61135e56eb2894e48481afc71ae4327c81422"",""R16A-PAIR:f82795fcaba53ac0c255461d014e82b9e563362b645b4c65a58e27644e22c54c""]"	PRODUCT_VISIBLE_V2	LINEAR_PATH	CORRECTED	FAMILY_FINAL_DISPOSITION:PAIRWISE_SUPPORT_WITHOUT_GROUP_COHERENCE	false	false	false	false	Preserve separately governed pair records, remove the unsupported group-coherence implication, and regenerate with corrected association provenance.	ec0b4d493ef46d791f49cba520ef7b69c4bc9c36680e1e00f324959ed7e5f779
468105499c7be102deec7d6555aced688dea9901	5419770959bdb8998b693fb2275b47e29b92367c	ROUND16A_PRODUCTION_COMPOSITION	R16A-PCOMP-49B18C3B1129824BD8F1	frontend/generated/trace-exploration-v2/production-read-model.json	53eaf59c95446eeb3781a7153183c54b3ff59fd52f21744cc917053959dfdcc9	R16A-PCOMP-49B18C3B1129824BD8F1	feac93f01c602644ec5f0c332d575396e3bdb78fed5e69c5477192ae87b391b6	cc778f95f9e92ffc8e3b7ed3cf749211213e99a367ae19979e8d24c737e6d680	"[""R16B-SENSE:8b4838ede22f2afe50260d73a4ee4b986be96dd92b53e980d8f6312b9e8ca51a"",""R16B-SENSE:ffbea4357064ed41f3937f9e81c7425cc705fec020515cef904f2473a6e9302b""]"	[]	[]	"[""R16A-ENTRY-00EB327D36E2183C445E"",""R16A-SEED-393A9BBA668A344BB831""]"	"[""R16A-PAIR:ddf7068abba0b034d15023b3a2a2a74b3a892cbbd7c38a505f9168dece946905""]"	PRODUCT_VISIBLE_V2	LINEAR_PATH	RETAINED	ROUND16A_ACTIVE_PAIR_BASELINE_NO_GROUP_CLAIM	false	false	false	false	Preserve the exact pair baseline without a manufactured group claim; regenerate any v3 product descendant before product activation.	aaa4dbc6e68b6a724c90a2a92b453b13ac7b2cb2892c5de2881082c826e55f28
468105499c7be102deec7d6555aced688dea9901	5419770959bdb8998b693fb2275b47e29b92367c	ROUND16A_PRODUCTION_COMPOSITION	R16A-PCOMP-4A0597146840E87A03DC	frontend/generated/trace-exploration-v2/production-read-model.json	53eaf59c95446eeb3781a7153183c54b3ff59fd52f21744cc917053959dfdcc9	R16A-PCOMP-4A0597146840E87A03DC	49588fc0aabc8f321fd1afc75e75308902598601b49394f0d776d544f4f2afc5	e33bd6538eb80f04087e13b1896ff995a5523453a10e8f4aec460ef9fdd87376	"[""R16B-SENSE:4e14e64610176c44c8a9775fba3a7d484b4eee0fb06ee9553c17675cb7f0b634"",""R16B-SENSE:f0e28e13851d04c13b701f53d9b3911cb50fc572cc6203c64527804f0b37e909"",""R16B-SENSE:f26224717160ca63c45ca85fe7c23e1469baa3e10672a68beafb13d195d0915d""]"	"[""R16B-LOCAL-FAMILY:e33bd6538eb80f04087e13b1896ff995a5523453a10e8f4aec460ef9fdd87376""]"	"[""PAIRWISE_SUPPORT_WITHOUT_GROUP_COHERENCE""]"	"[""R16A-ENTRY-87BBEAB21D8FF1DF05A0"",""R16A-SEED-86E1309FD47F34125F1C""]"	"[""R16A-PAIR:5841a12151ac0ce714f0b8e279e939bed009b3f2be71086cde6033cbbd11b4ea"",""R16A-PAIR:e153332b67669fdaa24f256bfcf61135e56eb2894e48481afc71ae4327c81422""]"	PRODUCT_VISIBLE_V2	BINARY_FORK	CORRECTED	FAMILY_FINAL_DISPOSITION:PAIRWISE_SUPPORT_WITHOUT_GROUP_COHERENCE	false	false	false	false	Preserve separately governed pair records, remove the unsupported group-coherence implication, and regenerate with corrected association provenance.	9681c48d853b6e038126ff990b521416a740339ee8d66f49431c9d591e51d539
468105499c7be102deec7d6555aced688dea9901	5419770959bdb8998b693fb2275b47e29b92367c	ROUND16A_PRODUCTION_COMPOSITION	R16A-PCOMP-4B3E7A083FD416AD59F6	frontend/generated/trace-exploration-v2/production-read-model.json	53eaf59c95446eeb3781a7153183c54b3ff59fd52f21744cc917053959dfdcc9	R16A-PCOMP-4B3E7A083FD416AD59F6	4bdec1b5a7c7c17e7052d8b5d38e04fe05bbf98d82a32f62a9afbea0b3167230	e33bd6538eb80f04087e13b1896ff995a5523453a10e8f4aec460ef9fdd87376	"[""R16B-SENSE:4e14e64610176c44c8a9775fba3a7d484b4eee0fb06ee9553c17675cb7f0b634"",""R16B-SENSE:f0e28e13851d04c13b701f53d9b3911cb50fc572cc6203c64527804f0b37e909"",""R16B-SENSE:f26224717160ca63c45ca85fe7c23e1469baa3e10672a68beafb13d195d0915d""]"	"[""R16B-LOCAL-FAMILY:e33bd6538eb80f04087e13b1896ff995a5523453a10e8f4aec460ef9fdd87376""]"	"[""PAIRWISE_SUPPORT_WITHOUT_GROUP_COHERENCE""]"	"[""R16A-ENTRY-84E933E1ADFB3F455763"",""R16A-SEED-39C0C1F451B166FB5EC1""]"	"[""R16A-PAIR:5841a12151ac0ce714f0b8e279e939bed009b3f2be71086cde6033cbbd11b4ea"",""R16A-PAIR:e153332b67669fdaa24f256bfcf61135e56eb2894e48481afc71ae4327c81422""]"	PRODUCT_VISIBLE_V2	BINARY_CONVERGENCE	CORRECTED	FAMILY_FINAL_DISPOSITION:PAIRWISE_SUPPORT_WITHOUT_GROUP_COHERENCE	false	false	false	false	Preserve separately governed pair records, remove the unsupported group-coherence implication, and regenerate with corrected association provenance.	05f0db0869ee6a9889548ab74b8c0194336807226bdcacb9c7e2cb4effd813d1
468105499c7be102deec7d6555aced688dea9901	5419770959bdb8998b693fb2275b47e29b92367c	ROUND16A_PRODUCTION_COMPOSITION	R16A-PCOMP-4BA954891819FB879A8F	frontend/generated/trace-exploration-v2/production-read-model.json	53eaf59c95446eeb3781a7153183c54b3ff59fd52f21744cc917053959dfdcc9	R16A-PCOMP-4BA954891819FB879A8F	a9a71dbf097196f069a61bef2f1fa36c2260598c3ba29c6820786a9cb84544c7	1d76bf657bbdec293265d051268a2a1153be0108b15a8d63ebbf2cb98cf6f06a	"[""R16B-SENSE:0ebc966b965fc5703be0f4bae727d337f32d83eb7db9066e926a2530dcfa0171"",""R16B-SENSE:61aaade597c45243fcdef0d2514fc52f58a066ae5c9f4ad550727cb75b124f64"",""R16B-SENSE:697603bbe891d791295d478b3b16d10add9bdab1fd92826d63d8b630f3779cfb""]"	"[""R16B-LOCAL-FAMILY:1d76bf657bbdec293265d051268a2a1153be0108b15a8d63ebbf2cb98cf6f06a""]"	"[""INQUIRY_ONLY_OR_UNRESOLVED""]"	"[""R16A-ENTRY-82CA5FBBB8348F7AE95B"",""R16A-SEED-7E4F47AFCDEE7324EC5C""]"	"[""R16A-PAIR:43fa33f1a987090224619eb68e83d246be7705f94d1b2e364bdfb2b73fc1a94f"",""R16A-PAIR:891e0c3d300d8c4af59fbef2f00d164ee9c22df4148122c54ed84daee1dcb37e""]"	PRODUCT_VISIBLE_V2	BINARY_CONVERGENCE	INQUIRY	FAMILY_FINAL_DISPOSITION:INQUIRY_ONLY_OR_UNRESOLVED	false	false	false	false	Preserve as an explicitly inquiry-only baseline artifact; do not activate a product path while evidence or authority remains unresolved.	f751799b79365efa72836bd9aa5d77074e00871fcde23d1724a46d2b9b4dea13
468105499c7be102deec7d6555aced688dea9901	5419770959bdb8998b693fb2275b47e29b92367c	ROUND16A_PRODUCTION_COMPOSITION	R16A-PCOMP-4D2A4EBBF1CF70171146	frontend/generated/trace-exploration-v2/production-read-model.json	53eaf59c95446eeb3781a7153183c54b3ff59fd52f21744cc917053959dfdcc9	R16A-PCOMP-4D2A4EBBF1CF70171146	90488cb5a7e0519d901c077f4553f67f79f9af2553289724dfc337fefb18b709	d60f65a78468b7b363979142d045a56d3825f9fa3fecbdcc81f6ee3352c27289	"[""R16B-SENSE:f0e28e13851d04c13b701f53d9b3911cb50fc572cc6203c64527804f0b37e909"",""R16B-SENSE:fa3369a6eb4bebe96ee289987f963e539b8da9c27ea0f454e8a24b6bddf9306f""]"	[]	[]	"[""R16A-ENTRY-7C8AA4EB95499F733859"",""R16A-SEED-489444F14983EA01AD59""]"	"[""R16A-PAIR:f82795fcaba53ac0c255461d014e82b9e563362b645b4c65a58e27644e22c54c""]"	PRODUCT_VISIBLE_V2	LINEAR_PATH	RETAINED	ROUND16A_ACTIVE_PAIR_BASELINE_NO_GROUP_CLAIM	false	false	false	false	Preserve the exact pair baseline without a manufactured group claim; regenerate any v3 product descendant before product activation.	c07a741e23e1ae543c2b2799cbeebc00c4b66e9a97856a9756f3fa451e9b4511
468105499c7be102deec7d6555aced688dea9901	5419770959bdb8998b693fb2275b47e29b92367c	ROUND16A_PRODUCTION_COMPOSITION	R16A-PCOMP-4EF3A3E2DFDE164B5159	frontend/generated/trace-exploration-v2/production-read-model.json	53eaf59c95446eeb3781a7153183c54b3ff59fd52f21744cc917053959dfdcc9	R16A-PCOMP-4EF3A3E2DFDE164B5159	644d08449bd25c9b4fdb18051a872cabb9e0f7e6aeafa6d2dcf6f2ab29df0a97	15f5757830dfe043fb27e73c28ff3bfd902aaa9c938ab254fda8682d359a7249	"[""R16B-SENSE:6672e4d46dd04d497061cde0fb1319f2795e43fafb72f047ac8a663d5c0dabfb"",""R16B-SENSE:9f5a38a6fb1ca9212921419af18b59d535ee2f944c89ce002dfa6db54090b9c8"",""R16B-SENSE:aaba242b61f07fc7756aa5d54b3d132896c230e138451ec96ac3b40b8c2c3ec3""]"	"[""R16B-LOCAL-FAMILY:15f5757830dfe043fb27e73c28ff3bfd902aaa9c938ab254fda8682d359a7249""]"	"[""PAIRWISE_SUPPORT_WITHOUT_GROUP_COHERENCE""]"	"[""R16A-ENTRY-C2891B6E634A555E9ACD"",""R16A-SEED-B2C941C389192BB83025""]"	"[""R16A-PAIR:09108fb32fbc17acaa1205d07d048a5e74371e81f8c5919a24f86af4ddc3d677"",""R16A-PAIR:9d6b149f9ea2e617d5b45153c18bed1eeff22bd4c979cc8d6767b8c213e4d419""]"	PRODUCT_VISIBLE_V2	LINEAR_PATH	CORRECTED	FAMILY_FINAL_DISPOSITION:PAIRWISE_SUPPORT_WITHOUT_GROUP_COHERENCE	false	false	false	false	Preserve separately governed pair records, remove the unsupported group-coherence implication, and regenerate with corrected association provenance.	8970eeeac6c1c439382c5388324735a2c6e030ba6b2db2e7d5444e4e6f1747c5
468105499c7be102deec7d6555aced688dea9901	5419770959bdb8998b693fb2275b47e29b92367c	ROUND16A_PRODUCTION_COMPOSITION	R16A-PCOMP-4F3FB819761FE6F3DF08	frontend/generated/trace-exploration-v2/production-read-model.json	53eaf59c95446eeb3781a7153183c54b3ff59fd52f21744cc917053959dfdcc9	R16A-PCOMP-4F3FB819761FE6F3DF08	8dbb63125515de51b575b01bd450bd3093209121cad4865e73975952650d4ef8	89817e7a449f1cc7b574fb1b89c9541f765e52825c5cb62bf0a2bb833e8f970a	"[""R16B-SENSE:4e14e64610176c44c8a9775fba3a7d484b4eee0fb06ee9553c17675cb7f0b634"",""R16B-SENSE:f0e28e13851d04c13b701f53d9b3911cb50fc572cc6203c64527804f0b37e909"",""R16B-SENSE:f26224717160ca63c45ca85fe7c23e1469baa3e10672a68beafb13d195d0915d"",""R16B-SENSE:fa3369a6eb4bebe96ee289987f963e539b8da9c27ea0f454e8a24b6bddf9306f""]"	"[""R16B-LOCAL-FAMILY:89817e7a449f1cc7b574fb1b89c9541f765e52825c5cb62bf0a2bb833e8f970a""]"	"[""INQUIRY_ONLY_OR_UNRESOLVED""]"	"[""R16A-ENTRY-E3E7F7FE5935F715005D"",""R16A-SEED-CCDF2AEF54F996B0277D""]"	"[""R16A-PAIR:2ea00c84f44e9da21aae78f742f5cf6cba09fee7e94d77ff3420dc07dd64cbb5"",""R16A-PAIR:db9e8b1d1d7e17983872e3600cd1a3ce5ae7f3c907ae70bdeafcbd0b2c6a0460"",""R16A-PAIR:e153332b67669fdaa24f256bfcf61135e56eb2894e48481afc71ae4327c81422""]"	PRODUCT_VISIBLE_V2	LINEAR_PATH	INQUIRY	FAMILY_FINAL_DISPOSITION:INQUIRY_ONLY_OR_UNRESOLVED	false	false	false	false	Preserve as an explicitly inquiry-only baseline artifact; do not activate a product path while evidence or authority remains unresolved.	f48f7709bb61ffc749337878935660cb1e8afad3cc587ce845e63ccb1bdb509b
468105499c7be102deec7d6555aced688dea9901	5419770959bdb8998b693fb2275b47e29b92367c	ROUND16A_PRODUCTION_COMPOSITION	R16A-PCOMP-509B071B4919EF079753	frontend/generated/trace-exploration-v2/production-read-model.json	53eaf59c95446eeb3781a7153183c54b3ff59fd52f21744cc917053959dfdcc9	R16A-PCOMP-509B071B4919EF079753	29cf3edcb2aea5aac3843bbed78fa1815a7432fa88e0a662b4ea5c13cf327d3f	29152650715f1a122240a5331d1571c4ed6058325d732a0de76ce31ccc2524fc	"[""R16B-SENSE:f26224717160ca63c45ca85fe7c23e1469baa3e10672a68beafb13d195d0915d"",""R16B-SENSE:fa3369a6eb4bebe96ee289987f963e539b8da9c27ea0f454e8a24b6bddf9306f""]"	[]	[]	"[""R16A-ENTRY-F072B3EE453E9C394FDA"",""R16A-SEED-67702F722039A2DF28BC""]"	"[""R16A-PAIR:2ea00c84f44e9da21aae78f742f5cf6cba09fee7e94d77ff3420dc07dd64cbb5""]"	PRODUCT_VISIBLE_V2	LINEAR_PATH	RETAINED	ROUND16A_ACTIVE_PAIR_BASELINE_NO_GROUP_CLAIM	false	false	false	false	Preserve the exact pair baseline without a manufactured group claim; regenerate any v3 product descendant before product activation.	913789df74687cde493c062160030e737513a3209d213a806ae57e6cce995c98
468105499c7be102deec7d6555aced688dea9901	5419770959bdb8998b693fb2275b47e29b92367c	ROUND16A_PRODUCTION_COMPOSITION	R16A-PCOMP-50C6DEF0342FC33B88C8	frontend/generated/trace-exploration-v2/production-read-model.json	53eaf59c95446eeb3781a7153183c54b3ff59fd52f21744cc917053959dfdcc9	R16A-PCOMP-50C6DEF0342FC33B88C8	a4e4a5403d9950bba81eb27433e53773f14c25ec498208319cd0d154ff85ca4a	83009b1d124d4635a57866eeffba5e1a1a33e499bd60b30c6346b94ff1a04f8e	"[""R16B-SENSE:698710ef66f0d551cde028b8e54bdbf6051b96902a736be6b9ab45d1ad91f848"",""R16B-SENSE:9415fd18554090ac9dd2dfc28a1ec541d67a94b8421b1cefafa578a03302257d"",""R16B-SENSE:9c499c8b62d5222b0be4049597c613d82925ede87bf34656671a6b1e4e491bc3""]"	"[""R16B-LOCAL-FAMILY:83009b1d124d4635a57866eeffba5e1a1a33e499bd60b30c6346b94ff1a04f8e""]"	"[""BOUNDED_SENSE_OR_SCOPE_CONFLICT""]"	"[""R16A-ENTRY-EFEAC8CD2CAC663F9A6D"",""R16A-SEED-C8630F5F39AC321B3255""]"	"[""R16A-PAIR:591aa3897c3e0e455ef4bc05b36550f3d010af9e84be8a08c199676025fdeb04"",""R16A-PAIR:c58fe913fc06f2896c1022f7ccc0e9de1b0f7f1121f09c7d18162d40fe764cf9""]"	PRODUCT_VISIBLE_V2	BINARY_CONVERGENCE	REJECTED	FAMILY_FINAL_DISPOSITION:BOUNDED_SENSE_OR_SCOPE_CONFLICT	false	false	false	false	Preserve the audit receipt, retire the prior object from active product eligibility, and do not project or synthesize a replacement association.	dd6ef13a65e34131c2c2fa7f128f4bb4e49689671f285761a5ea3b49d35411c7
468105499c7be102deec7d6555aced688dea9901	5419770959bdb8998b693fb2275b47e29b92367c	ROUND16A_PRODUCTION_COMPOSITION	R16A-PCOMP-51A298827C427152D14F	frontend/generated/trace-exploration-v2/production-read-model.json	53eaf59c95446eeb3781a7153183c54b3ff59fd52f21744cc917053959dfdcc9	R16A-PCOMP-51A298827C427152D14F	73ced3f5a8a09d67d8745aa0ce8da0fc91131c0b77043fc08b350546e64a57d9	55e2d8e2f788817c5a3a41998e79b608a6b90bfd36d00abb9d14ef20c1da757a	"[""R16B-SENSE:9415fd18554090ac9dd2dfc28a1ec541d67a94b8421b1cefafa578a03302257d"",""R16B-SENSE:9c499c8b62d5222b0be4049597c613d82925ede87bf34656671a6b1e4e491bc3""]"	[]	[]	"[""R16A-ENTRY-1A99F275E5E5043703C2"",""R16A-SEED-26381608A6E03BF2075C""]"	"[""R16A-PAIR:591aa3897c3e0e455ef4bc05b36550f3d010af9e84be8a08c199676025fdeb04""]"	PRODUCT_VISIBLE_V2	LINEAR_PATH	RETAINED	ROUND16A_ACTIVE_PAIR_BASELINE_NO_GROUP_CLAIM	false	false	false	false	Preserve the exact pair baseline without a manufactured group claim; regenerate any v3 product descendant before product activation.	6649f448f8c09719cfc6d51fb371a350c67dc0e923e33961199afd1edcd7c794
468105499c7be102deec7d6555aced688dea9901	5419770959bdb8998b693fb2275b47e29b92367c	ROUND16A_PRODUCTION_COMPOSITION	R16A-PCOMP-53015A736A6AE3EA4585	frontend/generated/trace-exploration-v2/production-read-model.json	53eaf59c95446eeb3781a7153183c54b3ff59fd52f21744cc917053959dfdcc9	R16A-PCOMP-53015A736A6AE3EA4585	6b0cb1a9b8f7ab8c4ed6dd26f9d92668161b375416475ada0199c57496cd2d16	7e0a0ee4f78d2f565c4f7771653ecc5a27828dd9fb704139d1e068f2a5fdce64	"[""R16B-SENSE:06c230c771547ee49390903e0bad7aaf44063613309c93bcbd72e808116af4c6"",""R16B-SENSE:35489187871bfd7b7be6e2d5268a3a922984d3bdad9e9a8ca61ea6edee84a5a7"",""R16B-SENSE:419a96e12217bfa4ed031510c32033cb2408489e3abb14eb28291b13c068e159""]"	"[""R16B-LOCAL-FAMILY:7e0a0ee4f78d2f565c4f7771653ecc5a27828dd9fb704139d1e068f2a5fdce64""]"	"[""BOUNDED_SENSE_OR_SCOPE_CONFLICT""]"	"[""R16A-ENTRY-378B477BAD2CA5A0654A"",""R16A-SEED-845F8023D9D73BEBDAE9""]"	"[""R16A-PAIR:818cc370417319af9a65fec5211969862df5c48a821265533ba289932e57b18c"",""R16A-PAIR:a364e4ea20e2f9e24e1fc980dc1ab703ae69a0fc86aa626a14e45cca0ea3bbb2""]"	PRODUCT_VISIBLE_V2	LINEAR_PATH	REJECTED	FAMILY_FINAL_DISPOSITION:BOUNDED_SENSE_OR_SCOPE_CONFLICT	false	false	false	false	Preserve the audit receipt, retire the prior object from active product eligibility, and do not project or synthesize a replacement association.	3177d547d3f313e3a4670948740720c9d5813f116ca27c7b6f87ebf409695416
468105499c7be102deec7d6555aced688dea9901	5419770959bdb8998b693fb2275b47e29b92367c	ROUND16A_PRODUCTION_COMPOSITION	R16A-PCOMP-535EFE6B1BD800365498	frontend/generated/trace-exploration-v2/production-read-model.json	53eaf59c95446eeb3781a7153183c54b3ff59fd52f21744cc917053959dfdcc9	R16A-PCOMP-535EFE6B1BD800365498	5ddb0a8312c1e347616bf48778bc0bd8bb8df3e0e2269d3e55e5f0b5d9902fb8	7e0a0ee4f78d2f565c4f7771653ecc5a27828dd9fb704139d1e068f2a5fdce64	"[""R16B-SENSE:06c230c771547ee49390903e0bad7aaf44063613309c93bcbd72e808116af4c6"",""R16B-SENSE:35489187871bfd7b7be6e2d5268a3a922984d3bdad9e9a8ca61ea6edee84a5a7"",""R16B-SENSE:419a96e12217bfa4ed031510c32033cb2408489e3abb14eb28291b13c068e159""]"	"[""R16B-LOCAL-FAMILY:7e0a0ee4f78d2f565c4f7771653ecc5a27828dd9fb704139d1e068f2a5fdce64""]"	"[""BOUNDED_SENSE_OR_SCOPE_CONFLICT""]"	"[""R16A-ENTRY-F0BB0E5BBF0EFD8FA646"",""R16A-SEED-DDB89DB27A8FAC3D1458""]"	"[""R16A-PAIR:27598c04934f3d33ad80dfb1aecc18d272cf86ee7fe3a726a95aae81144dfb06"",""R16A-PAIR:a364e4ea20e2f9e24e1fc980dc1ab703ae69a0fc86aa626a14e45cca0ea3bbb2""]"	PRODUCT_VISIBLE_V2	BINARY_FORK	REJECTED	FAMILY_FINAL_DISPOSITION:BOUNDED_SENSE_OR_SCOPE_CONFLICT	false	false	false	false	Preserve the audit receipt, retire the prior object from active product eligibility, and do not project or synthesize a replacement association.	dedbd13bb14e2e5e2b21554816ef61ba0c2a88ed2bd9eaf9fe0c5a4ca52d421f
468105499c7be102deec7d6555aced688dea9901	5419770959bdb8998b693fb2275b47e29b92367c	ROUND16A_PRODUCTION_COMPOSITION	R16A-PCOMP-53C946421D66B19B34DF	frontend/generated/trace-exploration-v2/production-read-model.json	53eaf59c95446eeb3781a7153183c54b3ff59fd52f21744cc917053959dfdcc9	R16A-PCOMP-53C946421D66B19B34DF	495d379d18f685abcb88f9d0e2e04d7ab598018cb4e13d46f842f9e5378e3fe4	7e0a0ee4f78d2f565c4f7771653ecc5a27828dd9fb704139d1e068f2a5fdce64	"[""R16B-SENSE:06c230c771547ee49390903e0bad7aaf44063613309c93bcbd72e808116af4c6"",""R16B-SENSE:35489187871bfd7b7be6e2d5268a3a922984d3bdad9e9a8ca61ea6edee84a5a7"",""R16B-SENSE:419a96e12217bfa4ed031510c32033cb2408489e3abb14eb28291b13c068e159""]"	"[""R16B-LOCAL-FAMILY:7e0a0ee4f78d2f565c4f7771653ecc5a27828dd9fb704139d1e068f2a5fdce64""]"	"[""BOUNDED_SENSE_OR_SCOPE_CONFLICT""]"	"[""R16A-ENTRY-A66B2555C5B3B9098145"",""R16A-SEED-B5A2048A179DBA41ACB7""]"	"[""R16A-PAIR:27598c04934f3d33ad80dfb1aecc18d272cf86ee7fe3a726a95aae81144dfb06"",""R16A-PAIR:a364e4ea20e2f9e24e1fc980dc1ab703ae69a0fc86aa626a14e45cca0ea3bbb2""]"	PRODUCT_VISIBLE_V2	LINEAR_PATH	REJECTED	FAMILY_FINAL_DISPOSITION:BOUNDED_SENSE_OR_SCOPE_CONFLICT	false	false	false	false	Preserve the audit receipt, retire the prior object from active product eligibility, and do not project or synthesize a replacement association.	2434bbbdf3fc7a5e5e137750546c01ecbf4aaa2f5959573c36a0ee065a8395f0
468105499c7be102deec7d6555aced688dea9901	5419770959bdb8998b693fb2275b47e29b92367c	ROUND16A_PRODUCTION_COMPOSITION	R16A-PCOMP-53FFD1510D4A4B46F4AF	frontend/generated/trace-exploration-v2/production-read-model.json	53eaf59c95446eeb3781a7153183c54b3ff59fd52f21744cc917053959dfdcc9	R16A-PCOMP-53FFD1510D4A4B46F4AF	668af355359a9f6b11bc07974a03ffad8d679ea82cdc3bd2db8b3de74b92f877	15d87b20276af4f5b9c9277f9d8fed92ee450d29d3dab5858193375ba94e61a9	"[""R16B-SENSE:6672e4d46dd04d497061cde0fb1319f2795e43fafb72f047ac8a663d5c0dabfb"",""R16B-SENSE:aaba242b61f07fc7756aa5d54b3d132896c230e138451ec96ac3b40b8c2c3ec3""]"	[]	[]	"[""R16A-ENTRY-85401689737D363D4BD5"",""R16A-SEED-9407EA19930271D272DA""]"	"[""R16A-PAIR:9d6b149f9ea2e617d5b45153c18bed1eeff22bd4c979cc8d6767b8c213e4d419""]"	PRODUCT_VISIBLE_V2	LINEAR_PATH	RETAINED	ROUND16A_ACTIVE_PAIR_BASELINE_NO_GROUP_CLAIM	false	false	false	false	Preserve the exact pair baseline without a manufactured group claim; regenerate any v3 product descendant before product activation.	d2d716c069a5814d0c4d6c4473dbe7909b38e2b4d7b4600099fa5ad1f8c52cd7
468105499c7be102deec7d6555aced688dea9901	5419770959bdb8998b693fb2275b47e29b92367c	ROUND16A_PRODUCTION_COMPOSITION	R16A-PCOMP-54CEE28B38293A71D41F	frontend/generated/trace-exploration-v2/production-read-model.json	53eaf59c95446eeb3781a7153183c54b3ff59fd52f21744cc917053959dfdcc9	R16A-PCOMP-54CEE28B38293A71D41F	97dfa5fd1a6aef9b88252eccc0e692d2539569fae0c0db4bfd2ba399275267c3	28fa28aa1374006a914e4a6bc841082cc76b108b46a2955e13d8896cdf1cb3fd	"[""R16B-SENSE:35489187871bfd7b7be6e2d5268a3a922984d3bdad9e9a8ca61ea6edee84a5a7"",""R16B-SENSE:419a96e12217bfa4ed031510c32033cb2408489e3abb14eb28291b13c068e159""]"	[]	[]	"[""R16A-ENTRY-82CBD91839AAF6143CB1"",""R16A-SEED-52DD8216F54D7C2FC344""]"	"[""R16A-PAIR:27598c04934f3d33ad80dfb1aecc18d272cf86ee7fe3a726a95aae81144dfb06""]"	PRODUCT_VISIBLE_V2	LINEAR_PATH	RETAINED	ROUND16A_ACTIVE_PAIR_BASELINE_NO_GROUP_CLAIM	false	false	false	false	Preserve the exact pair baseline without a manufactured group claim; regenerate any v3 product descendant before product activation.	66b54afcf6e131e674e9e7d95d05596f3687e3729f27182e28a9391a0b65def6
468105499c7be102deec7d6555aced688dea9901	5419770959bdb8998b693fb2275b47e29b92367c	ROUND16A_PRODUCTION_COMPOSITION	R16A-PCOMP-56BD33397F85EAE89007	frontend/generated/trace-exploration-v2/production-read-model.json	53eaf59c95446eeb3781a7153183c54b3ff59fd52f21744cc917053959dfdcc9	R16A-PCOMP-56BD33397F85EAE89007	c34c404e594d4b8124c35608e642c4c63d524f768fcd4ed0d5a15719117e9273	23b72032e8165ac9f164a43ac0e1932f2fe4354f1b89f62d67ebe7d497de7af1	"[""R16B-SENSE:4e14e64610176c44c8a9775fba3a7d484b4eee0fb06ee9553c17675cb7f0b634"",""R16B-SENSE:f26224717160ca63c45ca85fe7c23e1469baa3e10672a68beafb13d195d0915d"",""R16B-SENSE:fa3369a6eb4bebe96ee289987f963e539b8da9c27ea0f454e8a24b6bddf9306f""]"	"[""R16B-LOCAL-FAMILY:23b72032e8165ac9f164a43ac0e1932f2fe4354f1b89f62d67ebe7d497de7af1""]"	"[""PAIRWISE_SUPPORT_WITHOUT_GROUP_COHERENCE""]"	"[""R16A-ENTRY-AB7FCECC3E294B8FBF9D"",""R16A-SEED-C4D67223DD7584B3667C""]"	"[""R16A-PAIR:5841a12151ac0ce714f0b8e279e939bed009b3f2be71086cde6033cbbd11b4ea"",""R16A-PAIR:db9e8b1d1d7e17983872e3600cd1a3ce5ae7f3c907ae70bdeafcbd0b2c6a0460""]"	PRODUCT_VISIBLE_V2	BINARY_CONVERGENCE	CORRECTED	FAMILY_FINAL_DISPOSITION:PAIRWISE_SUPPORT_WITHOUT_GROUP_COHERENCE	false	false	false	false	Preserve separately governed pair records, remove the unsupported group-coherence implication, and regenerate with corrected association provenance.	0768f16b9075326b154e5f22b9e4960a907ba36b75e2367614732faafbe6c88e
468105499c7be102deec7d6555aced688dea9901	5419770959bdb8998b693fb2275b47e29b92367c	ROUND16A_PRODUCTION_COMPOSITION	R16A-PCOMP-56D3196CE5809DC1BDB6	frontend/generated/trace-exploration-v2/production-read-model.json	53eaf59c95446eeb3781a7153183c54b3ff59fd52f21744cc917053959dfdcc9	R16A-PCOMP-56D3196CE5809DC1BDB6	d7f272d6c1eecaa5a5a91ae21c8a470244ba9c31a9854bc2f43b3f875bb38db0	e33bd6538eb80f04087e13b1896ff995a5523453a10e8f4aec460ef9fdd87376	"[""R16B-SENSE:4e14e64610176c44c8a9775fba3a7d484b4eee0fb06ee9553c17675cb7f0b634"",""R16B-SENSE:f0e28e13851d04c13b701f53d9b3911cb50fc572cc6203c64527804f0b37e909"",""R16B-SENSE:f26224717160ca63c45ca85fe7c23e1469baa3e10672a68beafb13d195d0915d""]"	"[""R16B-LOCAL-FAMILY:e33bd6538eb80f04087e13b1896ff995a5523453a10e8f4aec460ef9fdd87376""]"	"[""PAIRWISE_SUPPORT_WITHOUT_GROUP_COHERENCE""]"	"[""R16A-ENTRY-87BBEAB21D8FF1DF05A0"",""R16A-SEED-F4676E21C2D7950AAFFD""]"	"[""R16A-PAIR:5841a12151ac0ce714f0b8e279e939bed009b3f2be71086cde6033cbbd11b4ea"",""R16A-PAIR:e153332b67669fdaa24f256bfcf61135e56eb2894e48481afc71ae4327c81422""]"	PRODUCT_VISIBLE_V2	BINARY_FORK	CORRECTED	FAMILY_FINAL_DISPOSITION:PAIRWISE_SUPPORT_WITHOUT_GROUP_COHERENCE	false	false	false	false	Preserve separately governed pair records, remove the unsupported group-coherence implication, and regenerate with corrected association provenance.	0f448db85fb86ab2c7084aab6a5d7610b4d44bd58846021c3907918ac7d892d0
468105499c7be102deec7d6555aced688dea9901	5419770959bdb8998b693fb2275b47e29b92367c	ROUND16A_PRODUCTION_COMPOSITION	R16A-PCOMP-584740458A78B5ABC3D8	frontend/generated/trace-exploration-v2/production-read-model.json	53eaf59c95446eeb3781a7153183c54b3ff59fd52f21744cc917053959dfdcc9	R16A-PCOMP-584740458A78B5ABC3D8	85bfae8cac4657f7877cacfcd313cf051a2ea998b09d9505e9d42610a487ddec	83009b1d124d4635a57866eeffba5e1a1a33e499bd60b30c6346b94ff1a04f8e	"[""R16B-SENSE:698710ef66f0d551cde028b8e54bdbf6051b96902a736be6b9ab45d1ad91f848"",""R16B-SENSE:9415fd18554090ac9dd2dfc28a1ec541d67a94b8421b1cefafa578a03302257d"",""R16B-SENSE:9c499c8b62d5222b0be4049597c613d82925ede87bf34656671a6b1e4e491bc3""]"	"[""R16B-LOCAL-FAMILY:83009b1d124d4635a57866eeffba5e1a1a33e499bd60b30c6346b94ff1a04f8e""]"	"[""BOUNDED_SENSE_OR_SCOPE_CONFLICT""]"	"[""R16A-ENTRY-91C361126F28F4EB4753"",""R16A-SEED-3CBEEB38677F634C43C5""]"	"[""R16A-PAIR:4cf124f8588611ba0a2f76bce26ab0b5890dcfcf71d9283888d62d58bcdb974a"",""R16A-PAIR:591aa3897c3e0e455ef4bc05b36550f3d010af9e84be8a08c199676025fdeb04""]"	PRODUCT_VISIBLE_V2	BINARY_FORK	REJECTED	FAMILY_FINAL_DISPOSITION:BOUNDED_SENSE_OR_SCOPE_CONFLICT	false	false	false	false	Preserve the audit receipt, retire the prior object from active product eligibility, and do not project or synthesize a replacement association.	c71a01686d7df3ff7363af3003dcecb7604c7e18cc747ab244bb219c70431cc2
468105499c7be102deec7d6555aced688dea9901	5419770959bdb8998b693fb2275b47e29b92367c	ROUND16A_PRODUCTION_COMPOSITION	R16A-PCOMP-58BF0BDDF211BA2AA1D0	frontend/generated/trace-exploration-v2/production-read-model.json	53eaf59c95446eeb3781a7153183c54b3ff59fd52f21744cc917053959dfdcc9	R16A-PCOMP-58BF0BDDF211BA2AA1D0	10b284bcc306d3c82f2d4246e58ba3dbb7f859a3fe3a8f784db117216a191418	e33bd6538eb80f04087e13b1896ff995a5523453a10e8f4aec460ef9fdd87376	"[""R16B-SENSE:4e14e64610176c44c8a9775fba3a7d484b4eee0fb06ee9553c17675cb7f0b634"",""R16B-SENSE:f0e28e13851d04c13b701f53d9b3911cb50fc572cc6203c64527804f0b37e909"",""R16B-SENSE:f26224717160ca63c45ca85fe7c23e1469baa3e10672a68beafb13d195d0915d""]"	"[""R16B-LOCAL-FAMILY:e33bd6538eb80f04087e13b1896ff995a5523453a10e8f4aec460ef9fdd87376""]"	"[""PAIRWISE_SUPPORT_WITHOUT_GROUP_COHERENCE""]"	"[""R16A-ENTRY-87BBEAB21D8FF1DF05A0"",""R16A-SEED-7F0EC37CFC0D6C9D2CA0""]"	"[""R16A-PAIR:5841a12151ac0ce714f0b8e279e939bed009b3f2be71086cde6033cbbd11b4ea"",""R16A-PAIR:e153332b67669fdaa24f256bfcf61135e56eb2894e48481afc71ae4327c81422""]"	PRODUCT_VISIBLE_V2	BINARY_FORK	CORRECTED	FAMILY_FINAL_DISPOSITION:PAIRWISE_SUPPORT_WITHOUT_GROUP_COHERENCE	false	false	false	false	Preserve separately governed pair records, remove the unsupported group-coherence implication, and regenerate with corrected association provenance.	047d40d3ff7b437812fd653f59a824fa1bff9f8d58a42f957d97cfbf7faed035
468105499c7be102deec7d6555aced688dea9901	5419770959bdb8998b693fb2275b47e29b92367c	ROUND16A_PRODUCTION_COMPOSITION	R16A-PCOMP-5A55C3636BF464793711	frontend/generated/trace-exploration-v2/production-read-model.json	53eaf59c95446eeb3781a7153183c54b3ff59fd52f21744cc917053959dfdcc9	R16A-PCOMP-5A55C3636BF464793711	86521694d510266275a70091c2da35e486de058da4b8937ff972b1f3dcae5f84	83009b1d124d4635a57866eeffba5e1a1a33e499bd60b30c6346b94ff1a04f8e	"[""R16B-SENSE:698710ef66f0d551cde028b8e54bdbf6051b96902a736be6b9ab45d1ad91f848"",""R16B-SENSE:9415fd18554090ac9dd2dfc28a1ec541d67a94b8421b1cefafa578a03302257d"",""R16B-SENSE:9c499c8b62d5222b0be4049597c613d82925ede87bf34656671a6b1e4e491bc3""]"	"[""R16B-LOCAL-FAMILY:83009b1d124d4635a57866eeffba5e1a1a33e499bd60b30c6346b94ff1a04f8e""]"	"[""BOUNDED_SENSE_OR_SCOPE_CONFLICT""]"	"[""R16A-ENTRY-1D7017FE8F52F80A5CB0"",""R16A-SEED-5FA23BDA68282517FC59""]"	"[""R16A-PAIR:4cf124f8588611ba0a2f76bce26ab0b5890dcfcf71d9283888d62d58bcdb974a"",""R16A-PAIR:c58fe913fc06f2896c1022f7ccc0e9de1b0f7f1121f09c7d18162d40fe764cf9""]"	PRODUCT_VISIBLE_V2	BINARY_CONVERGENCE	REJECTED	FAMILY_FINAL_DISPOSITION:BOUNDED_SENSE_OR_SCOPE_CONFLICT	false	false	false	false	Preserve the audit receipt, retire the prior object from active product eligibility, and do not project or synthesize a replacement association.	179179c619abad8cefe59966cc77d14f2398fcf76b7e54c904f6a914bef23b59
468105499c7be102deec7d6555aced688dea9901	5419770959bdb8998b693fb2275b47e29b92367c	ROUND16A_PRODUCTION_COMPOSITION	R16A-PCOMP-5B443AFB6E10B39DE7DC	frontend/generated/trace-exploration-v2/production-read-model.json	53eaf59c95446eeb3781a7153183c54b3ff59fd52f21744cc917053959dfdcc9	R16A-PCOMP-5B443AFB6E10B39DE7DC	6a9780066dffe62cba248fda4bf03ec40a9c6bb19b4a7a6f1dd2994889fffa9e	89817e7a449f1cc7b574fb1b89c9541f765e52825c5cb62bf0a2bb833e8f970a	"[""R16B-SENSE:4e14e64610176c44c8a9775fba3a7d484b4eee0fb06ee9553c17675cb7f0b634"",""R16B-SENSE:f0e28e13851d04c13b701f53d9b3911cb50fc572cc6203c64527804f0b37e909"",""R16B-SENSE:f26224717160ca63c45ca85fe7c23e1469baa3e10672a68beafb13d195d0915d"",""R16B-SENSE:fa3369a6eb4bebe96ee289987f963e539b8da9c27ea0f454e8a24b6bddf9306f""]"	"[""R16B-LOCAL-FAMILY:89817e7a449f1cc7b574fb1b89c9541f765e52825c5cb62bf0a2bb833e8f970a""]"	"[""INQUIRY_ONLY_OR_UNRESOLVED""]"	"[""R16A-ENTRY-DCBCD4680AD1D43F8C27"",""R16A-SEED-DE3357F548702BD1D6B6""]"	"[""R16A-PAIR:5841a12151ac0ce714f0b8e279e939bed009b3f2be71086cde6033cbbd11b4ea"",""R16A-PAIR:db9e8b1d1d7e17983872e3600cd1a3ce5ae7f3c907ae70bdeafcbd0b2c6a0460"",""R16A-PAIR:f82795fcaba53ac0c255461d014e82b9e563362b645b4c65a58e27644e22c54c""]"	PRODUCT_VISIBLE_V2	LINEAR_PATH	INQUIRY	FAMILY_FINAL_DISPOSITION:INQUIRY_ONLY_OR_UNRESOLVED	false	false	false	false	Preserve as an explicitly inquiry-only baseline artifact; do not activate a product path while evidence or authority remains unresolved.	80d53c920547f8e28e4aae6d20cda8d8413cf35c862905e11137db353edddc46
468105499c7be102deec7d6555aced688dea9901	5419770959bdb8998b693fb2275b47e29b92367c	ROUND16A_PRODUCTION_COMPOSITION	R16A-PCOMP-5C747C6B4F50C4B1EE23	frontend/generated/trace-exploration-v2/production-read-model.json	53eaf59c95446eeb3781a7153183c54b3ff59fd52f21744cc917053959dfdcc9	R16A-PCOMP-5C747C6B4F50C4B1EE23	ccfbcd17aa36c78386ef95ed6140e1a466085ee4342ca0910d0e4a03308d0052	af25d1d4c93f79886769d53d071805bd5b6726130b153e4484121321d1122e3a	"[""R16B-SENSE:f0e28e13851d04c13b701f53d9b3911cb50fc572cc6203c64527804f0b37e909"",""R16B-SENSE:f26224717160ca63c45ca85fe7c23e1469baa3e10672a68beafb13d195d0915d"",""R16B-SENSE:fa3369a6eb4bebe96ee289987f963e539b8da9c27ea0f454e8a24b6bddf9306f""]"	"[""R16B-LOCAL-FAMILY:af25d1d4c93f79886769d53d071805bd5b6726130b153e4484121321d1122e3a""]"	"[""PAIRWISE_SUPPORT_WITHOUT_GROUP_COHERENCE""]"	"[""R16A-ENTRY-28C2D01E38228818A94A"",""R16A-SEED-12B50482E1DFC76801DF""]"	"[""R16A-PAIR:2ea00c84f44e9da21aae78f742f5cf6cba09fee7e94d77ff3420dc07dd64cbb5"",""R16A-PAIR:e153332b67669fdaa24f256bfcf61135e56eb2894e48481afc71ae4327c81422""]"	PRODUCT_VISIBLE_V2	BINARY_CONVERGENCE	CORRECTED	FAMILY_FINAL_DISPOSITION:PAIRWISE_SUPPORT_WITHOUT_GROUP_COHERENCE	false	false	false	false	Preserve separately governed pair records, remove the unsupported group-coherence implication, and regenerate with corrected association provenance.	624ae62d35685b9a553e8d05d4c2aca1962a74962b6d79fca8e49c7513714ab2
468105499c7be102deec7d6555aced688dea9901	5419770959bdb8998b693fb2275b47e29b92367c	ROUND16A_PRODUCTION_COMPOSITION	R16A-PCOMP-5DC1F64A3B6B558406C8	frontend/generated/trace-exploration-v2/production-read-model.json	53eaf59c95446eeb3781a7153183c54b3ff59fd52f21744cc917053959dfdcc9	R16A-PCOMP-5DC1F64A3B6B558406C8	40aa5de372be2ab049c9a9b8b233b056d5a9cc6862b9b669c6f108546f808776	83009b1d124d4635a57866eeffba5e1a1a33e499bd60b30c6346b94ff1a04f8e	"[""R16B-SENSE:698710ef66f0d551cde028b8e54bdbf6051b96902a736be6b9ab45d1ad91f848"",""R16B-SENSE:9415fd18554090ac9dd2dfc28a1ec541d67a94b8421b1cefafa578a03302257d"",""R16B-SENSE:9c499c8b62d5222b0be4049597c613d82925ede87bf34656671a6b1e4e491bc3""]"	"[""R16B-LOCAL-FAMILY:83009b1d124d4635a57866eeffba5e1a1a33e499bd60b30c6346b94ff1a04f8e""]"	"[""BOUNDED_SENSE_OR_SCOPE_CONFLICT""]"	"[""R16A-ENTRY-1D7017FE8F52F80A5CB0"",""R16A-SEED-99E80B3AFC4A46B78863""]"	"[""R16A-PAIR:4cf124f8588611ba0a2f76bce26ab0b5890dcfcf71d9283888d62d58bcdb974a"",""R16A-PAIR:c58fe913fc06f2896c1022f7ccc0e9de1b0f7f1121f09c7d18162d40fe764cf9""]"	PRODUCT_VISIBLE_V2	BINARY_CONVERGENCE	REJECTED	FAMILY_FINAL_DISPOSITION:BOUNDED_SENSE_OR_SCOPE_CONFLICT	false	false	false	false	Preserve the audit receipt, retire the prior object from active product eligibility, and do not project or synthesize a replacement association.	2b460855c08afd1c455e533e2ef6a7e2828fb6c63f743f76c0d546bad86c3046
468105499c7be102deec7d6555aced688dea9901	5419770959bdb8998b693fb2275b47e29b92367c	ROUND16A_PRODUCTION_COMPOSITION	R16A-PCOMP-60FC408A0027DCF3AF84	frontend/generated/trace-exploration-v2/production-read-model.json	53eaf59c95446eeb3781a7153183c54b3ff59fd52f21744cc917053959dfdcc9	R16A-PCOMP-60FC408A0027DCF3AF84	440a2b3bbc493fd76ecf5aa04a38c18ca429f535882d04da319b34f706755f4b	7e0a0ee4f78d2f565c4f7771653ecc5a27828dd9fb704139d1e068f2a5fdce64	"[""R16B-SENSE:06c230c771547ee49390903e0bad7aaf44063613309c93bcbd72e808116af4c6"",""R16B-SENSE:35489187871bfd7b7be6e2d5268a3a922984d3bdad9e9a8ca61ea6edee84a5a7"",""R16B-SENSE:419a96e12217bfa4ed031510c32033cb2408489e3abb14eb28291b13c068e159""]"	"[""R16B-LOCAL-FAMILY:7e0a0ee4f78d2f565c4f7771653ecc5a27828dd9fb704139d1e068f2a5fdce64""]"	"[""BOUNDED_SENSE_OR_SCOPE_CONFLICT""]"	"[""R16A-ENTRY-FE8BBA39CC3C6D4195D1"",""R16A-SEED-712B10E097D54B1EDE10""]"	"[""R16A-PAIR:818cc370417319af9a65fec5211969862df5c48a821265533ba289932e57b18c"",""R16A-PAIR:a364e4ea20e2f9e24e1fc980dc1ab703ae69a0fc86aa626a14e45cca0ea3bbb2""]"	PRODUCT_VISIBLE_V2	BINARY_CONVERGENCE	REJECTED	FAMILY_FINAL_DISPOSITION:BOUNDED_SENSE_OR_SCOPE_CONFLICT	false	false	false	false	Preserve the audit receipt, retire the prior object from active product eligibility, and do not project or synthesize a replacement association.	ba77e6646ae030aea18a20137517e79587fae246bdce53ea1abcec96d0005c51
468105499c7be102deec7d6555aced688dea9901	5419770959bdb8998b693fb2275b47e29b92367c	ROUND16A_PRODUCTION_COMPOSITION	R16A-PCOMP-632FFB10B3EB8895AC69	frontend/generated/trace-exploration-v2/production-read-model.json	53eaf59c95446eeb3781a7153183c54b3ff59fd52f21744cc917053959dfdcc9	R16A-PCOMP-632FFB10B3EB8895AC69	b03cee5c050a963a908f21b79a8b69c8520477358d8cb202327e7a030ee6ca58	e33bd6538eb80f04087e13b1896ff995a5523453a10e8f4aec460ef9fdd87376	"[""R16B-SENSE:4e14e64610176c44c8a9775fba3a7d484b4eee0fb06ee9553c17675cb7f0b634"",""R16B-SENSE:f0e28e13851d04c13b701f53d9b3911cb50fc572cc6203c64527804f0b37e909"",""R16B-SENSE:f26224717160ca63c45ca85fe7c23e1469baa3e10672a68beafb13d195d0915d""]"	"[""R16B-LOCAL-FAMILY:e33bd6538eb80f04087e13b1896ff995a5523453a10e8f4aec460ef9fdd87376""]"	"[""PAIRWISE_SUPPORT_WITHOUT_GROUP_COHERENCE""]"	"[""R16A-ENTRY-84E933E1ADFB3F455763"",""R16A-SEED-B94DA38289BD9E7F7EE8""]"	"[""R16A-PAIR:5841a12151ac0ce714f0b8e279e939bed009b3f2be71086cde6033cbbd11b4ea"",""R16A-PAIR:e153332b67669fdaa24f256bfcf61135e56eb2894e48481afc71ae4327c81422""]"	PRODUCT_VISIBLE_V2	BINARY_CONVERGENCE	CORRECTED	FAMILY_FINAL_DISPOSITION:PAIRWISE_SUPPORT_WITHOUT_GROUP_COHERENCE	false	false	false	false	Preserve separately governed pair records, remove the unsupported group-coherence implication, and regenerate with corrected association provenance.	1e2a203007214b51353fb46651c719891974c405e8eb1d82c2955773d43f9b9f
468105499c7be102deec7d6555aced688dea9901	5419770959bdb8998b693fb2275b47e29b92367c	ROUND16A_PRODUCTION_COMPOSITION	R16A-PCOMP-65D693987A006063BB8D	frontend/generated/trace-exploration-v2/production-read-model.json	53eaf59c95446eeb3781a7153183c54b3ff59fd52f21744cc917053959dfdcc9	R16A-PCOMP-65D693987A006063BB8D	073d2d28f1eb81fa4ef3c15358d317d10e77dcde4815e8e7c9df91050495c58e	af25d1d4c93f79886769d53d071805bd5b6726130b153e4484121321d1122e3a	"[""R16B-SENSE:f0e28e13851d04c13b701f53d9b3911cb50fc572cc6203c64527804f0b37e909"",""R16B-SENSE:f26224717160ca63c45ca85fe7c23e1469baa3e10672a68beafb13d195d0915d"",""R16B-SENSE:fa3369a6eb4bebe96ee289987f963e539b8da9c27ea0f454e8a24b6bddf9306f""]"	"[""R16B-LOCAL-FAMILY:af25d1d4c93f79886769d53d071805bd5b6726130b153e4484121321d1122e3a""]"	"[""PAIRWISE_SUPPORT_WITHOUT_GROUP_COHERENCE""]"	"[""R16A-ENTRY-BF997586D7587A182AD7"",""R16A-SEED-07D591568916143847EF""]"	"[""R16A-PAIR:2ea00c84f44e9da21aae78f742f5cf6cba09fee7e94d77ff3420dc07dd64cbb5"",""R16A-PAIR:f82795fcaba53ac0c255461d014e82b9e563362b645b4c65a58e27644e22c54c""]"	PRODUCT_VISIBLE_V2	LINEAR_PATH	CORRECTED	FAMILY_FINAL_DISPOSITION:PAIRWISE_SUPPORT_WITHOUT_GROUP_COHERENCE	false	false	false	false	Preserve separately governed pair records, remove the unsupported group-coherence implication, and regenerate with corrected association provenance.	5da9751cbcdbe2c625a56665f2dda38dc47de3f412e2c3cdf367603003fb32dc
468105499c7be102deec7d6555aced688dea9901	5419770959bdb8998b693fb2275b47e29b92367c	ROUND16A_PRODUCTION_COMPOSITION	R16A-PCOMP-6636BEE07EECFB298AEF	frontend/generated/trace-exploration-v2/production-read-model.json	53eaf59c95446eeb3781a7153183c54b3ff59fd52f21744cc917053959dfdcc9	R16A-PCOMP-6636BEE07EECFB298AEF	44b330489a20c24540e4877e0677245f9356c6095f4caae6fcd8ba0c3cd119fa	89817e7a449f1cc7b574fb1b89c9541f765e52825c5cb62bf0a2bb833e8f970a	"[""R16B-SENSE:4e14e64610176c44c8a9775fba3a7d484b4eee0fb06ee9553c17675cb7f0b634"",""R16B-SENSE:f0e28e13851d04c13b701f53d9b3911cb50fc572cc6203c64527804f0b37e909"",""R16B-SENSE:f26224717160ca63c45ca85fe7c23e1469baa3e10672a68beafb13d195d0915d"",""R16B-SENSE:fa3369a6eb4bebe96ee289987f963e539b8da9c27ea0f454e8a24b6bddf9306f""]"	"[""R16B-LOCAL-FAMILY:89817e7a449f1cc7b574fb1b89c9541f765e52825c5cb62bf0a2bb833e8f970a""]"	"[""INQUIRY_ONLY_OR_UNRESOLVED""]"	"[""R16A-ENTRY-4BFE43E2A3DE9957FB93"",""R16A-SEED-B34D714EA4C7F4CD833D""]"	"[""R16A-PAIR:2ea00c84f44e9da21aae78f742f5cf6cba09fee7e94d77ff3420dc07dd64cbb5"",""R16A-PAIR:5841a12151ac0ce714f0b8e279e939bed009b3f2be71086cde6033cbbd11b4ea"",""R16A-PAIR:f82795fcaba53ac0c255461d014e82b9e563362b645b4c65a58e27644e22c54c""]"	PRODUCT_VISIBLE_V2	LINEAR_PATH	INQUIRY	FAMILY_FINAL_DISPOSITION:INQUIRY_ONLY_OR_UNRESOLVED	false	false	false	false	Preserve as an explicitly inquiry-only baseline artifact; do not activate a product path while evidence or authority remains unresolved.	1369553ccbc86d32dde07b62a6b84c32ae352b3c0711b176da59d65367f42408
468105499c7be102deec7d6555aced688dea9901	5419770959bdb8998b693fb2275b47e29b92367c	ROUND16A_PRODUCTION_COMPOSITION	R16A-PCOMP-666EDB2671FA31C6E5D8	frontend/generated/trace-exploration-v2/production-read-model.json	53eaf59c95446eeb3781a7153183c54b3ff59fd52f21744cc917053959dfdcc9	R16A-PCOMP-666EDB2671FA31C6E5D8	822ec2a323abd88bd2121898f183cd6fc9abfe9f26557edca35dcbe9ebd7ab72	68d313b7b4441a37db360d9e82650e39c48f5fb1555ad13249165cbad9a5ea22	"[""R16B-SENSE:0ebc966b965fc5703be0f4bae727d337f32d83eb7db9066e926a2530dcfa0171"",""R16B-SENSE:697603bbe891d791295d478b3b16d10add9bdab1fd92826d63d8b630f3779cfb""]"	[]	[]	"[""R16A-ENTRY-72B17DD5501BC143E074"",""R16A-SEED-C65BDFE18CE4E47211F0""]"	"[""R16A-PAIR:891e0c3d300d8c4af59fbef2f00d164ee9c22df4148122c54ed84daee1dcb37e""]"	PRODUCT_VISIBLE_V2	LINEAR_PATH	RETAINED	ROUND16A_ACTIVE_PAIR_BASELINE_NO_GROUP_CLAIM	false	false	false	false	Preserve the exact pair baseline without a manufactured group claim; regenerate any v3 product descendant before product activation.	5379d4e4b6f638502b5a0974f3f3ed7288c439d2e7139d9a6fd7be61d70eb319
468105499c7be102deec7d6555aced688dea9901	5419770959bdb8998b693fb2275b47e29b92367c	ROUND16A_PRODUCTION_COMPOSITION	R16A-PCOMP-66803CE68A422BDE58A5	frontend/generated/trace-exploration-v2/production-read-model.json	53eaf59c95446eeb3781a7153183c54b3ff59fd52f21744cc917053959dfdcc9	R16A-PCOMP-66803CE68A422BDE58A5	a26e0e1ac14facb78da9452e28649f60910d50cd50aae95aa4c95decf793c19d	23b72032e8165ac9f164a43ac0e1932f2fe4354f1b89f62d67ebe7d497de7af1	"[""R16B-SENSE:4e14e64610176c44c8a9775fba3a7d484b4eee0fb06ee9553c17675cb7f0b634"",""R16B-SENSE:f26224717160ca63c45ca85fe7c23e1469baa3e10672a68beafb13d195d0915d"",""R16B-SENSE:fa3369a6eb4bebe96ee289987f963e539b8da9c27ea0f454e8a24b6bddf9306f""]"	"[""R16B-LOCAL-FAMILY:23b72032e8165ac9f164a43ac0e1932f2fe4354f1b89f62d67ebe7d497de7af1""]"	"[""PAIRWISE_SUPPORT_WITHOUT_GROUP_COHERENCE""]"	"[""R16A-ENTRY-4789191FD0787D7E461C"",""R16A-SEED-152E1B1C789595FF3FC8""]"	"[""R16A-PAIR:2ea00c84f44e9da21aae78f742f5cf6cba09fee7e94d77ff3420dc07dd64cbb5"",""R16A-PAIR:db9e8b1d1d7e17983872e3600cd1a3ce5ae7f3c907ae70bdeafcbd0b2c6a0460""]"	PRODUCT_VISIBLE_V2	LINEAR_PATH	CORRECTED	FAMILY_FINAL_DISPOSITION:PAIRWISE_SUPPORT_WITHOUT_GROUP_COHERENCE	false	false	false	false	Preserve separately governed pair records, remove the unsupported group-coherence implication, and regenerate with corrected association provenance.	ce107ba7a55194fddc9d63f30cc3b5741e9bdc575024a11e383aea1b8bdb7240
468105499c7be102deec7d6555aced688dea9901	5419770959bdb8998b693fb2275b47e29b92367c	ROUND16A_PRODUCTION_COMPOSITION	R16A-PCOMP-692610485B833285A57D	frontend/generated/trace-exploration-v2/production-read-model.json	53eaf59c95446eeb3781a7153183c54b3ff59fd52f21744cc917053959dfdcc9	R16A-PCOMP-692610485B833285A57D	f4bcc4468983232950c3d6080713798d75ea8603b3361613501d478deae08f2f	8208a2a8ad443f71238a7277ffa101d0fa1594c9e54aee950ec46d7c9a964922	"[""R16B-SENSE:698710ef66f0d551cde028b8e54bdbf6051b96902a736be6b9ab45d1ad91f848"",""R16B-SENSE:9c499c8b62d5222b0be4049597c613d82925ede87bf34656671a6b1e4e491bc3""]"	[]	[]	"[""R16A-ENTRY-AF6985C27CFF43F60656"",""R16A-SEED-8E92E6E85800E65EBA42""]"	"[""R16A-PAIR:c58fe913fc06f2896c1022f7ccc0e9de1b0f7f1121f09c7d18162d40fe764cf9""]"	PRODUCT_VISIBLE_V2	LINEAR_PATH	RETAINED	ROUND16A_ACTIVE_PAIR_BASELINE_NO_GROUP_CLAIM	false	false	false	false	Preserve the exact pair baseline without a manufactured group claim; regenerate any v3 product descendant before product activation.	537855409f0b9cdc432a1567795731cdab3a811d1d655c4b723131b8d9d4aa1f
468105499c7be102deec7d6555aced688dea9901	5419770959bdb8998b693fb2275b47e29b92367c	ROUND16A_PRODUCTION_COMPOSITION	R16A-PCOMP-69A1FFAFDE4F11FEC195	frontend/generated/trace-exploration-v2/production-read-model.json	53eaf59c95446eeb3781a7153183c54b3ff59fd52f21744cc917053959dfdcc9	R16A-PCOMP-69A1FFAFDE4F11FEC195	7d890a6074294a16b9923917f0853c82d9cf36d23feb690676381d0d77636026	8208a2a8ad443f71238a7277ffa101d0fa1594c9e54aee950ec46d7c9a964922	"[""R16B-SENSE:698710ef66f0d551cde028b8e54bdbf6051b96902a736be6b9ab45d1ad91f848"",""R16B-SENSE:9c499c8b62d5222b0be4049597c613d82925ede87bf34656671a6b1e4e491bc3""]"	[]	[]	"[""R16A-ENTRY-AF6985C27CFF43F60656"",""R16A-SEED-531CF9A345CE1FA3FF26""]"	"[""R16A-PAIR:c58fe913fc06f2896c1022f7ccc0e9de1b0f7f1121f09c7d18162d40fe764cf9""]"	PRODUCT_VISIBLE_V2	LINEAR_PATH	RETAINED	ROUND16A_ACTIVE_PAIR_BASELINE_NO_GROUP_CLAIM	false	false	false	false	Preserve the exact pair baseline without a manufactured group claim; regenerate any v3 product descendant before product activation.	357859a787275361a043615d6d53f68f85fe4cb5521d11da0ded529b519e5561
468105499c7be102deec7d6555aced688dea9901	5419770959bdb8998b693fb2275b47e29b92367c	ROUND16A_PRODUCTION_COMPOSITION	R16A-PCOMP-6A6E782EE110FEFBD6CE	frontend/generated/trace-exploration-v2/production-read-model.json	53eaf59c95446eeb3781a7153183c54b3ff59fd52f21744cc917053959dfdcc9	R16A-PCOMP-6A6E782EE110FEFBD6CE	11ef96eead77e5474a06ff7137f777e24f1dab52d14847a68284a6d465865941	1d76bf657bbdec293265d051268a2a1153be0108b15a8d63ebbf2cb98cf6f06a	"[""R16B-SENSE:0ebc966b965fc5703be0f4bae727d337f32d83eb7db9066e926a2530dcfa0171"",""R16B-SENSE:61aaade597c45243fcdef0d2514fc52f58a066ae5c9f4ad550727cb75b124f64"",""R16B-SENSE:697603bbe891d791295d478b3b16d10add9bdab1fd92826d63d8b630f3779cfb""]"	"[""R16B-LOCAL-FAMILY:1d76bf657bbdec293265d051268a2a1153be0108b15a8d63ebbf2cb98cf6f06a""]"	"[""INQUIRY_ONLY_OR_UNRESOLVED""]"	"[""R16A-ENTRY-1DE2FF3D67B53BD7BBE5"",""R16A-SEED-FEE3B57F413296934559""]"	"[""R16A-PAIR:43fa33f1a987090224619eb68e83d246be7705f94d1b2e364bdfb2b73fc1a94f"",""R16A-PAIR:891e0c3d300d8c4af59fbef2f00d164ee9c22df4148122c54ed84daee1dcb37e""]"	PRODUCT_VISIBLE_V2	BINARY_FORK	INQUIRY	FAMILY_FINAL_DISPOSITION:INQUIRY_ONLY_OR_UNRESOLVED	false	false	false	false	Preserve as an explicitly inquiry-only baseline artifact; do not activate a product path while evidence or authority remains unresolved.	c0d555e9e2a6558b5a0ec045bc7376d7a196a45d37363108f84fc7cdf799858f
468105499c7be102deec7d6555aced688dea9901	5419770959bdb8998b693fb2275b47e29b92367c	ROUND16A_PRODUCTION_COMPOSITION	R16A-PCOMP-6C4BADB4498053DF8BB9	frontend/generated/trace-exploration-v2/production-read-model.json	53eaf59c95446eeb3781a7153183c54b3ff59fd52f21744cc917053959dfdcc9	R16A-PCOMP-6C4BADB4498053DF8BB9	4f625be1427ecc0095dc8e8070aec1d02d75d2fcfac0333f6bd242abe9715e43	83009b1d124d4635a57866eeffba5e1a1a33e499bd60b30c6346b94ff1a04f8e	"[""R16B-SENSE:698710ef66f0d551cde028b8e54bdbf6051b96902a736be6b9ab45d1ad91f848"",""R16B-SENSE:9415fd18554090ac9dd2dfc28a1ec541d67a94b8421b1cefafa578a03302257d"",""R16B-SENSE:9c499c8b62d5222b0be4049597c613d82925ede87bf34656671a6b1e4e491bc3""]"	"[""R16B-LOCAL-FAMILY:83009b1d124d4635a57866eeffba5e1a1a33e499bd60b30c6346b94ff1a04f8e""]"	"[""BOUNDED_SENSE_OR_SCOPE_CONFLICT""]"	"[""R16A-ENTRY-2DC92F43571CF5579451"",""R16A-SEED-F60BCBDE7CA73ABDB152""]"	"[""R16A-PAIR:591aa3897c3e0e455ef4bc05b36550f3d010af9e84be8a08c199676025fdeb04"",""R16A-PAIR:c58fe913fc06f2896c1022f7ccc0e9de1b0f7f1121f09c7d18162d40fe764cf9""]"	PRODUCT_VISIBLE_V2	BINARY_FORK	REJECTED	FAMILY_FINAL_DISPOSITION:BOUNDED_SENSE_OR_SCOPE_CONFLICT	false	false	false	false	Preserve the audit receipt, retire the prior object from active product eligibility, and do not project or synthesize a replacement association.	c03cd8bc70637db435a830f73bd16637db35fca688ca4bc6d35a765954d0457e
468105499c7be102deec7d6555aced688dea9901	5419770959bdb8998b693fb2275b47e29b92367c	ROUND16A_PRODUCTION_COMPOSITION	R16A-PCOMP-70F983A52DBC9C82EC04	frontend/generated/trace-exploration-v2/production-read-model.json	53eaf59c95446eeb3781a7153183c54b3ff59fd52f21744cc917053959dfdcc9	R16A-PCOMP-70F983A52DBC9C82EC04	18d5e0c5e21a9dd9b199e6dd6d6561081c0be9376c019d0d80c20e6056dda8b6	83009b1d124d4635a57866eeffba5e1a1a33e499bd60b30c6346b94ff1a04f8e	"[""R16B-SENSE:698710ef66f0d551cde028b8e54bdbf6051b96902a736be6b9ab45d1ad91f848"",""R16B-SENSE:9415fd18554090ac9dd2dfc28a1ec541d67a94b8421b1cefafa578a03302257d"",""R16B-SENSE:9c499c8b62d5222b0be4049597c613d82925ede87bf34656671a6b1e4e491bc3""]"	"[""R16B-LOCAL-FAMILY:83009b1d124d4635a57866eeffba5e1a1a33e499bd60b30c6346b94ff1a04f8e""]"	"[""BOUNDED_SENSE_OR_SCOPE_CONFLICT""]"	"[""R16A-ENTRY-2DC92F43571CF5579451"",""R16A-SEED-3A64209B26438B97C77B""]"	"[""R16A-PAIR:591aa3897c3e0e455ef4bc05b36550f3d010af9e84be8a08c199676025fdeb04"",""R16A-PAIR:c58fe913fc06f2896c1022f7ccc0e9de1b0f7f1121f09c7d18162d40fe764cf9""]"	PRODUCT_VISIBLE_V2	BINARY_FORK	REJECTED	FAMILY_FINAL_DISPOSITION:BOUNDED_SENSE_OR_SCOPE_CONFLICT	false	false	false	false	Preserve the audit receipt, retire the prior object from active product eligibility, and do not project or synthesize a replacement association.	7b5821f4e5b483bb0dff2846b3c761e59c0ff1fba26cfef149aa3c9f86f33324
468105499c7be102deec7d6555aced688dea9901	5419770959bdb8998b693fb2275b47e29b92367c	ROUND16A_PRODUCTION_COMPOSITION	R16A-PCOMP-7374B0FBDC855BC819C6	frontend/generated/trace-exploration-v2/production-read-model.json	53eaf59c95446eeb3781a7153183c54b3ff59fd52f21744cc917053959dfdcc9	R16A-PCOMP-7374B0FBDC855BC819C6	68b0be451b6e507398c02a013f86c860e2c8bdd10c6f9fa46dfbc857520be32e	83009b1d124d4635a57866eeffba5e1a1a33e499bd60b30c6346b94ff1a04f8e	"[""R16B-SENSE:698710ef66f0d551cde028b8e54bdbf6051b96902a736be6b9ab45d1ad91f848"",""R16B-SENSE:9415fd18554090ac9dd2dfc28a1ec541d67a94b8421b1cefafa578a03302257d"",""R16B-SENSE:9c499c8b62d5222b0be4049597c613d82925ede87bf34656671a6b1e4e491bc3""]"	"[""R16B-LOCAL-FAMILY:83009b1d124d4635a57866eeffba5e1a1a33e499bd60b30c6346b94ff1a04f8e""]"	"[""BOUNDED_SENSE_OR_SCOPE_CONFLICT""]"	"[""R16A-ENTRY-EFEAC8CD2CAC663F9A6D"",""R16A-SEED-EF6E074073BFD251C1F7""]"	"[""R16A-PAIR:591aa3897c3e0e455ef4bc05b36550f3d010af9e84be8a08c199676025fdeb04"",""R16A-PAIR:c58fe913fc06f2896c1022f7ccc0e9de1b0f7f1121f09c7d18162d40fe764cf9""]"	PRODUCT_VISIBLE_V2	BINARY_CONVERGENCE	REJECTED	FAMILY_FINAL_DISPOSITION:BOUNDED_SENSE_OR_SCOPE_CONFLICT	false	false	false	false	Preserve the audit receipt, retire the prior object from active product eligibility, and do not project or synthesize a replacement association.	3918a8b561e9140ae4d2011274d9872d1157a4b134c24550ddd60e25410fdd2e
468105499c7be102deec7d6555aced688dea9901	5419770959bdb8998b693fb2275b47e29b92367c	ROUND16A_PRODUCTION_COMPOSITION	R16A-PCOMP-73FE88CDD02EBA09EC71	frontend/generated/trace-exploration-v2/production-read-model.json	53eaf59c95446eeb3781a7153183c54b3ff59fd52f21744cc917053959dfdcc9	R16A-PCOMP-73FE88CDD02EBA09EC71	3054199212a77cee0c0513620525cc60c2c69d6dd3d75d2fadd43e8f1a5f2e56	4b495df935f78f4c2bac0a899ec326275e7b8c4f755b75c98c15cdb6afeb59d1	"[""R16B-SENSE:61aaade597c45243fcdef0d2514fc52f58a066ae5c9f4ad550727cb75b124f64"",""R16B-SENSE:697603bbe891d791295d478b3b16d10add9bdab1fd92826d63d8b630f3779cfb""]"	[]	[]	"[""R16A-ENTRY-E0E3DBF0580D842CA879"",""R16A-SEED-CEDA942F4773743AB9BA""]"	"[""R16A-PAIR:c36555188472ea5287ed70295a1b85e92e2ba9468fc703d2fe8893de3fc55a1f""]"	PRODUCT_VISIBLE_V2	LINEAR_PATH	RETAINED	ROUND16A_ACTIVE_PAIR_BASELINE_NO_GROUP_CLAIM	false	false	false	false	Preserve the exact pair baseline without a manufactured group claim; regenerate any v3 product descendant before product activation.	896e737c2b81437ef9e3d7e5ddd7166e93d7c7b712e651961230245bb40121fd
468105499c7be102deec7d6555aced688dea9901	5419770959bdb8998b693fb2275b47e29b92367c	ROUND16A_PRODUCTION_COMPOSITION	R16A-PCOMP-751D74E78CC97057E168	frontend/generated/trace-exploration-v2/production-read-model.json	53eaf59c95446eeb3781a7153183c54b3ff59fd52f21744cc917053959dfdcc9	R16A-PCOMP-751D74E78CC97057E168	4f32d8d3dc530f8b819c7ff936278518d51825a64e1fcbd299c413e94197c5b7	e33bd6538eb80f04087e13b1896ff995a5523453a10e8f4aec460ef9fdd87376	"[""R16B-SENSE:4e14e64610176c44c8a9775fba3a7d484b4eee0fb06ee9553c17675cb7f0b634"",""R16B-SENSE:f0e28e13851d04c13b701f53d9b3911cb50fc572cc6203c64527804f0b37e909"",""R16B-SENSE:f26224717160ca63c45ca85fe7c23e1469baa3e10672a68beafb13d195d0915d""]"	"[""R16B-LOCAL-FAMILY:e33bd6538eb80f04087e13b1896ff995a5523453a10e8f4aec460ef9fdd87376""]"	"[""PAIRWISE_SUPPORT_WITHOUT_GROUP_COHERENCE""]"	"[""R16A-ENTRY-838873C85DA1094B688B"",""R16A-SEED-53B36C1B5E5B9D87755B""]"	"[""R16A-PAIR:5841a12151ac0ce714f0b8e279e939bed009b3f2be71086cde6033cbbd11b4ea"",""R16A-PAIR:e153332b67669fdaa24f256bfcf61135e56eb2894e48481afc71ae4327c81422""]"	PRODUCT_VISIBLE_V2	LINEAR_PATH	CORRECTED	FAMILY_FINAL_DISPOSITION:PAIRWISE_SUPPORT_WITHOUT_GROUP_COHERENCE	false	false	false	false	Preserve separately governed pair records, remove the unsupported group-coherence implication, and regenerate with corrected association provenance.	e8d076b92bf789eca6cbdcef0773bb2c6fce67bc0553aaeb3654dc0bf3b22e60
468105499c7be102deec7d6555aced688dea9901	5419770959bdb8998b693fb2275b47e29b92367c	ROUND16A_PRODUCTION_COMPOSITION	R16A-PCOMP-76193F5BF1E1C93464AE	frontend/generated/trace-exploration-v2/production-read-model.json	53eaf59c95446eeb3781a7153183c54b3ff59fd52f21744cc917053959dfdcc9	R16A-PCOMP-76193F5BF1E1C93464AE	2d55b7b6e2c3f429afeb7f7d5ed34d34f25310d44afeef4cae04488998c28929	7e0a0ee4f78d2f565c4f7771653ecc5a27828dd9fb704139d1e068f2a5fdce64	"[""R16B-SENSE:06c230c771547ee49390903e0bad7aaf44063613309c93bcbd72e808116af4c6"",""R16B-SENSE:35489187871bfd7b7be6e2d5268a3a922984d3bdad9e9a8ca61ea6edee84a5a7"",""R16B-SENSE:419a96e12217bfa4ed031510c32033cb2408489e3abb14eb28291b13c068e159""]"	"[""R16B-LOCAL-FAMILY:7e0a0ee4f78d2f565c4f7771653ecc5a27828dd9fb704139d1e068f2a5fdce64""]"	"[""BOUNDED_SENSE_OR_SCOPE_CONFLICT""]"	"[""R16A-ENTRY-0CF16C73328C5B90D338"",""R16A-SEED-3B3CDD6148ABD9394F43""]"	"[""R16A-PAIR:27598c04934f3d33ad80dfb1aecc18d272cf86ee7fe3a726a95aae81144dfb06"",""R16A-PAIR:818cc370417319af9a65fec5211969862df5c48a821265533ba289932e57b18c""]"	PRODUCT_VISIBLE_V2	BINARY_CONVERGENCE	REJECTED	FAMILY_FINAL_DISPOSITION:BOUNDED_SENSE_OR_SCOPE_CONFLICT	false	false	false	false	Preserve the audit receipt, retire the prior object from active product eligibility, and do not project or synthesize a replacement association.	5010aac4d7b3ebc194306beba2a197a47819f5afc20c7803a768cfb28eb6a43c
468105499c7be102deec7d6555aced688dea9901	5419770959bdb8998b693fb2275b47e29b92367c	ROUND16A_PRODUCTION_COMPOSITION	R16A-PCOMP-765F4B82E8E0BAADAA32	frontend/generated/trace-exploration-v2/production-read-model.json	53eaf59c95446eeb3781a7153183c54b3ff59fd52f21744cc917053959dfdcc9	R16A-PCOMP-765F4B82E8E0BAADAA32	2ec09a216489c1a7356801f177d28de20be89e6a44a6520ac34236408b488641	89817e7a449f1cc7b574fb1b89c9541f765e52825c5cb62bf0a2bb833e8f970a	"[""R16B-SENSE:4e14e64610176c44c8a9775fba3a7d484b4eee0fb06ee9553c17675cb7f0b634"",""R16B-SENSE:f0e28e13851d04c13b701f53d9b3911cb50fc572cc6203c64527804f0b37e909"",""R16B-SENSE:f26224717160ca63c45ca85fe7c23e1469baa3e10672a68beafb13d195d0915d"",""R16B-SENSE:fa3369a6eb4bebe96ee289987f963e539b8da9c27ea0f454e8a24b6bddf9306f""]"	"[""R16B-LOCAL-FAMILY:89817e7a449f1cc7b574fb1b89c9541f765e52825c5cb62bf0a2bb833e8f970a""]"	"[""INQUIRY_ONLY_OR_UNRESOLVED""]"	"[""R16A-ENTRY-34FE968144746CDA094A"",""R16A-SEED-D088A4EBAF829177BACD""]"	"[""R16A-PAIR:db9e8b1d1d7e17983872e3600cd1a3ce5ae7f3c907ae70bdeafcbd0b2c6a0460"",""R16A-PAIR:e153332b67669fdaa24f256bfcf61135e56eb2894e48481afc71ae4327c81422"",""R16A-PAIR:f82795fcaba53ac0c255461d014e82b9e563362b645b4c65a58e27644e22c54c""]"	PRODUCT_VISIBLE_V2	LINEAR_PATH	INQUIRY	FAMILY_FINAL_DISPOSITION:INQUIRY_ONLY_OR_UNRESOLVED	false	false	false	false	Preserve as an explicitly inquiry-only baseline artifact; do not activate a product path while evidence or authority remains unresolved.	d2e14717e758501edb9898155285eee6d0b74669674e3c0e7b494bff76581e42
468105499c7be102deec7d6555aced688dea9901	5419770959bdb8998b693fb2275b47e29b92367c	ROUND16A_PRODUCTION_COMPOSITION	R16A-PCOMP-766FC8DD7D1FAA8FD7CB	frontend/generated/trace-exploration-v2/production-read-model.json	53eaf59c95446eeb3781a7153183c54b3ff59fd52f21744cc917053959dfdcc9	R16A-PCOMP-766FC8DD7D1FAA8FD7CB	ff71353ae1cdebba85f6c014b006b9b7bac67b58549d78a6b491eacb509267a2	55e2d8e2f788817c5a3a41998e79b608a6b90bfd36d00abb9d14ef20c1da757a	"[""R16B-SENSE:9415fd18554090ac9dd2dfc28a1ec541d67a94b8421b1cefafa578a03302257d"",""R16B-SENSE:9c499c8b62d5222b0be4049597c613d82925ede87bf34656671a6b1e4e491bc3""]"	[]	[]	"[""R16A-ENTRY-1A99F275E5E5043703C2"",""R16A-SEED-6D975EF090DB821D0EE9""]"	"[""R16A-PAIR:591aa3897c3e0e455ef4bc05b36550f3d010af9e84be8a08c199676025fdeb04""]"	PRODUCT_VISIBLE_V2	LINEAR_PATH	RETAINED	ROUND16A_ACTIVE_PAIR_BASELINE_NO_GROUP_CLAIM	false	false	false	false	Preserve the exact pair baseline without a manufactured group claim; regenerate any v3 product descendant before product activation.	e8e64609918659a8e17cd81fbd711532401a719bf47bc1dbe5dafb63747d36b4
468105499c7be102deec7d6555aced688dea9901	5419770959bdb8998b693fb2275b47e29b92367c	ROUND16A_PRODUCTION_COMPOSITION	R16A-PCOMP-771B5DC30E644811BA72	frontend/generated/trace-exploration-v2/production-read-model.json	53eaf59c95446eeb3781a7153183c54b3ff59fd52f21744cc917053959dfdcc9	R16A-PCOMP-771B5DC30E644811BA72	9e4f436f76f477465ab6ffab49b15b80ea665f7e72059cac6b2767b7f92dec05	af25d1d4c93f79886769d53d071805bd5b6726130b153e4484121321d1122e3a	"[""R16B-SENSE:f0e28e13851d04c13b701f53d9b3911cb50fc572cc6203c64527804f0b37e909"",""R16B-SENSE:f26224717160ca63c45ca85fe7c23e1469baa3e10672a68beafb13d195d0915d"",""R16B-SENSE:fa3369a6eb4bebe96ee289987f963e539b8da9c27ea0f454e8a24b6bddf9306f""]"	"[""R16B-LOCAL-FAMILY:af25d1d4c93f79886769d53d071805bd5b6726130b153e4484121321d1122e3a""]"	"[""PAIRWISE_SUPPORT_WITHOUT_GROUP_COHERENCE""]"	"[""R16A-ENTRY-83E5BCDE4DF04E69528B"",""R16A-SEED-22C9600E2825D219E5D5""]"	"[""R16A-PAIR:e153332b67669fdaa24f256bfcf61135e56eb2894e48481afc71ae4327c81422"",""R16A-PAIR:f82795fcaba53ac0c255461d014e82b9e563362b645b4c65a58e27644e22c54c""]"	PRODUCT_VISIBLE_V2	LINEAR_PATH	CORRECTED	FAMILY_FINAL_DISPOSITION:PAIRWISE_SUPPORT_WITHOUT_GROUP_COHERENCE	false	false	false	false	Preserve separately governed pair records, remove the unsupported group-coherence implication, and regenerate with corrected association provenance.	5761cf1aa49cd859a9b4f2c26a83d397cccda7ab47ae7eca2a51b0d2882d4849
468105499c7be102deec7d6555aced688dea9901	5419770959bdb8998b693fb2275b47e29b92367c	ROUND16A_PRODUCTION_COMPOSITION	R16A-PCOMP-77C0FF14EB8DE48EF77F	frontend/generated/trace-exploration-v2/production-read-model.json	53eaf59c95446eeb3781a7153183c54b3ff59fd52f21744cc917053959dfdcc9	R16A-PCOMP-77C0FF14EB8DE48EF77F	9081fb14110880702f51c276fe75a0302d898df95cf5d39d00f725a0f8e85ed6	68d313b7b4441a37db360d9e82650e39c48f5fb1555ad13249165cbad9a5ea22	"[""R16B-SENSE:0ebc966b965fc5703be0f4bae727d337f32d83eb7db9066e926a2530dcfa0171"",""R16B-SENSE:697603bbe891d791295d478b3b16d10add9bdab1fd92826d63d8b630f3779cfb""]"	[]	[]	"[""R16A-ENTRY-72B17DD5501BC143E074"",""R16A-SEED-F059F0FCDEF47B0C2B86""]"	"[""R16A-PAIR:891e0c3d300d8c4af59fbef2f00d164ee9c22df4148122c54ed84daee1dcb37e""]"	PRODUCT_VISIBLE_V2	LINEAR_PATH	RETAINED	ROUND16A_ACTIVE_PAIR_BASELINE_NO_GROUP_CLAIM	false	false	false	false	Preserve the exact pair baseline without a manufactured group claim; regenerate any v3 product descendant before product activation.	1a642d7eaa7e58a62677e98d03772320e5b20eb18a0a3ffd25460e548a653234
468105499c7be102deec7d6555aced688dea9901	5419770959bdb8998b693fb2275b47e29b92367c	ROUND16A_PRODUCTION_COMPOSITION	R16A-PCOMP-77FCA98DEAB5817F6781	frontend/generated/trace-exploration-v2/production-read-model.json	53eaf59c95446eeb3781a7153183c54b3ff59fd52f21744cc917053959dfdcc9	R16A-PCOMP-77FCA98DEAB5817F6781	ef917526a74a9858791c78d381b5a9115c5a8c76912317a64d2c3b11d9e23667	1d76bf657bbdec293265d051268a2a1153be0108b15a8d63ebbf2cb98cf6f06a	"[""R16B-SENSE:0ebc966b965fc5703be0f4bae727d337f32d83eb7db9066e926a2530dcfa0171"",""R16B-SENSE:61aaade597c45243fcdef0d2514fc52f58a066ae5c9f4ad550727cb75b124f64"",""R16B-SENSE:697603bbe891d791295d478b3b16d10add9bdab1fd92826d63d8b630f3779cfb""]"	"[""R16B-LOCAL-FAMILY:1d76bf657bbdec293265d051268a2a1153be0108b15a8d63ebbf2cb98cf6f06a""]"	"[""INQUIRY_ONLY_OR_UNRESOLVED""]"	"[""R16A-ENTRY-25942392D2D1D97CC5B9"",""R16A-SEED-71576072822BDBC56FD3""]"	"[""R16A-PAIR:891e0c3d300d8c4af59fbef2f00d164ee9c22df4148122c54ed84daee1dcb37e"",""R16A-PAIR:c36555188472ea5287ed70295a1b85e92e2ba9468fc703d2fe8893de3fc55a1f""]"	PRODUCT_VISIBLE_V2	BINARY_FORK	INQUIRY	FAMILY_FINAL_DISPOSITION:INQUIRY_ONLY_OR_UNRESOLVED	false	false	false	false	Preserve as an explicitly inquiry-only baseline artifact; do not activate a product path while evidence or authority remains unresolved.	85b3644f0b258a07889c0f2e90d5f879e8e1fa5e1b4bb5119afe512d240a3e73
468105499c7be102deec7d6555aced688dea9901	5419770959bdb8998b693fb2275b47e29b92367c	ROUND16A_PRODUCTION_COMPOSITION	R16A-PCOMP-7853A3B308C1140BC8D3	frontend/generated/trace-exploration-v2/production-read-model.json	53eaf59c95446eeb3781a7153183c54b3ff59fd52f21744cc917053959dfdcc9	R16A-PCOMP-7853A3B308C1140BC8D3	31832ecab419c2511b6941a067259969ef6afbb9cc6506f82a8603541c8b3103	af25d1d4c93f79886769d53d071805bd5b6726130b153e4484121321d1122e3a	"[""R16B-SENSE:f0e28e13851d04c13b701f53d9b3911cb50fc572cc6203c64527804f0b37e909"",""R16B-SENSE:f26224717160ca63c45ca85fe7c23e1469baa3e10672a68beafb13d195d0915d"",""R16B-SENSE:fa3369a6eb4bebe96ee289987f963e539b8da9c27ea0f454e8a24b6bddf9306f""]"	"[""R16B-LOCAL-FAMILY:af25d1d4c93f79886769d53d071805bd5b6726130b153e4484121321d1122e3a""]"	"[""PAIRWISE_SUPPORT_WITHOUT_GROUP_COHERENCE""]"	"[""R16A-ENTRY-89D363CFA845AC8DCB9B"",""R16A-SEED-B54DFC7942D36E41D9C8""]"	"[""R16A-PAIR:2ea00c84f44e9da21aae78f742f5cf6cba09fee7e94d77ff3420dc07dd64cbb5"",""R16A-PAIR:f82795fcaba53ac0c255461d014e82b9e563362b645b4c65a58e27644e22c54c""]"	PRODUCT_VISIBLE_V2	BINARY_CONVERGENCE	CORRECTED	FAMILY_FINAL_DISPOSITION:PAIRWISE_SUPPORT_WITHOUT_GROUP_COHERENCE	false	false	false	false	Preserve separately governed pair records, remove the unsupported group-coherence implication, and regenerate with corrected association provenance.	b5dbf5f646a675572891921da90daa323b056a419f7e9c130428b6e296048ccd
468105499c7be102deec7d6555aced688dea9901	5419770959bdb8998b693fb2275b47e29b92367c	ROUND16A_PRODUCTION_COMPOSITION	R16A-PCOMP-7CAF0204D1F339FD0ED6	frontend/generated/trace-exploration-v2/production-read-model.json	53eaf59c95446eeb3781a7153183c54b3ff59fd52f21744cc917053959dfdcc9	R16A-PCOMP-7CAF0204D1F339FD0ED6	af8936fee5c58f1fad77f94db999b51c6d897a92aa9644d83333580b97f51938	7e0a0ee4f78d2f565c4f7771653ecc5a27828dd9fb704139d1e068f2a5fdce64	"[""R16B-SENSE:06c230c771547ee49390903e0bad7aaf44063613309c93bcbd72e808116af4c6"",""R16B-SENSE:35489187871bfd7b7be6e2d5268a3a922984d3bdad9e9a8ca61ea6edee84a5a7"",""R16B-SENSE:419a96e12217bfa4ed031510c32033cb2408489e3abb14eb28291b13c068e159""]"	"[""R16B-LOCAL-FAMILY:7e0a0ee4f78d2f565c4f7771653ecc5a27828dd9fb704139d1e068f2a5fdce64""]"	"[""BOUNDED_SENSE_OR_SCOPE_CONFLICT""]"	"[""R16A-ENTRY-FE8BBA39CC3C6D4195D1"",""R16A-SEED-E8F6DA1CDC8414E26A5F""]"	"[""R16A-PAIR:818cc370417319af9a65fec5211969862df5c48a821265533ba289932e57b18c"",""R16A-PAIR:a364e4ea20e2f9e24e1fc980dc1ab703ae69a0fc86aa626a14e45cca0ea3bbb2""]"	PRODUCT_VISIBLE_V2	BINARY_CONVERGENCE	REJECTED	FAMILY_FINAL_DISPOSITION:BOUNDED_SENSE_OR_SCOPE_CONFLICT	false	false	false	false	Preserve the audit receipt, retire the prior object from active product eligibility, and do not project or synthesize a replacement association.	4e90852e15e32dcd27ca2f328c3b3ace57869bbecd2990fe758124698d86c36a
468105499c7be102deec7d6555aced688dea9901	5419770959bdb8998b693fb2275b47e29b92367c	ROUND16A_PRODUCTION_COMPOSITION	R16A-PCOMP-7E4CEAE64479A82CF9C2	frontend/generated/trace-exploration-v2/production-read-model.json	53eaf59c95446eeb3781a7153183c54b3ff59fd52f21744cc917053959dfdcc9	R16A-PCOMP-7E4CEAE64479A82CF9C2	b7262be85847fcde8327dd2e5633038c385785ac5b90eb33008f1542209ed993	1d76bf657bbdec293265d051268a2a1153be0108b15a8d63ebbf2cb98cf6f06a	"[""R16B-SENSE:0ebc966b965fc5703be0f4bae727d337f32d83eb7db9066e926a2530dcfa0171"",""R16B-SENSE:61aaade597c45243fcdef0d2514fc52f58a066ae5c9f4ad550727cb75b124f64"",""R16B-SENSE:697603bbe891d791295d478b3b16d10add9bdab1fd92826d63d8b630f3779cfb""]"	"[""R16B-LOCAL-FAMILY:1d76bf657bbdec293265d051268a2a1153be0108b15a8d63ebbf2cb98cf6f06a""]"	"[""INQUIRY_ONLY_OR_UNRESOLVED""]"	"[""R16A-ENTRY-9A10AFD4676A2874B38C"",""R16A-SEED-0448FCFCA2F42BEB9B06""]"	"[""R16A-PAIR:43fa33f1a987090224619eb68e83d246be7705f94d1b2e364bdfb2b73fc1a94f"",""R16A-PAIR:c36555188472ea5287ed70295a1b85e92e2ba9468fc703d2fe8893de3fc55a1f""]"	PRODUCT_VISIBLE_V2	BINARY_FORK	INQUIRY	FAMILY_FINAL_DISPOSITION:INQUIRY_ONLY_OR_UNRESOLVED	false	false	false	false	Preserve as an explicitly inquiry-only baseline artifact; do not activate a product path while evidence or authority remains unresolved.	c04902dcde2b86e20f1dfefbd3069d8caeb3df6a4be6abf25b4a660facaf73ff
468105499c7be102deec7d6555aced688dea9901	5419770959bdb8998b693fb2275b47e29b92367c	ROUND16A_PRODUCTION_COMPOSITION	R16A-PCOMP-7E708CCBEB63403D8EF6	frontend/generated/trace-exploration-v2/production-read-model.json	53eaf59c95446eeb3781a7153183c54b3ff59fd52f21744cc917053959dfdcc9	R16A-PCOMP-7E708CCBEB63403D8EF6	6cf971d8775f314c135fb3b2bca40d9d7c81724be809565cb0b5bc1be6e1642e	7e0a0ee4f78d2f565c4f7771653ecc5a27828dd9fb704139d1e068f2a5fdce64	"[""R16B-SENSE:06c230c771547ee49390903e0bad7aaf44063613309c93bcbd72e808116af4c6"",""R16B-SENSE:35489187871bfd7b7be6e2d5268a3a922984d3bdad9e9a8ca61ea6edee84a5a7"",""R16B-SENSE:419a96e12217bfa4ed031510c32033cb2408489e3abb14eb28291b13c068e159""]"	"[""R16B-LOCAL-FAMILY:7e0a0ee4f78d2f565c4f7771653ecc5a27828dd9fb704139d1e068f2a5fdce64""]"	"[""BOUNDED_SENSE_OR_SCOPE_CONFLICT""]"	"[""R16A-ENTRY-52E13C75AB255B9D410E"",""R16A-SEED-77ECD1BB082BC945ED6E""]"	"[""R16A-PAIR:27598c04934f3d33ad80dfb1aecc18d272cf86ee7fe3a726a95aae81144dfb06"",""R16A-PAIR:818cc370417319af9a65fec5211969862df5c48a821265533ba289932e57b18c""]"	PRODUCT_VISIBLE_V2	BINARY_FORK	REJECTED	FAMILY_FINAL_DISPOSITION:BOUNDED_SENSE_OR_SCOPE_CONFLICT	false	false	false	false	Preserve the audit receipt, retire the prior object from active product eligibility, and do not project or synthesize a replacement association.	a7c992a02f40f4114f78689844dbe121c1b625b36f86e5de84d2b5f9c5807663
468105499c7be102deec7d6555aced688dea9901	5419770959bdb8998b693fb2275b47e29b92367c	ROUND16A_PRODUCTION_COMPOSITION	R16A-PCOMP-7EF07F6EEEC82FAA0955	frontend/generated/trace-exploration-v2/production-read-model.json	53eaf59c95446eeb3781a7153183c54b3ff59fd52f21744cc917053959dfdcc9	R16A-PCOMP-7EF07F6EEEC82FAA0955	83a4c3226237aeed9d20e4f2f6810068828318bfb1f7f45790e456559b4000b4	d60f65a78468b7b363979142d045a56d3825f9fa3fecbdcc81f6ee3352c27289	"[""R16B-SENSE:f0e28e13851d04c13b701f53d9b3911cb50fc572cc6203c64527804f0b37e909"",""R16B-SENSE:fa3369a6eb4bebe96ee289987f963e539b8da9c27ea0f454e8a24b6bddf9306f""]"	[]	[]	"[""R16A-ENTRY-7C8AA4EB95499F733859"",""R16A-SEED-7B7E3334A24CF8E74FBD""]"	"[""R16A-PAIR:f82795fcaba53ac0c255461d014e82b9e563362b645b4c65a58e27644e22c54c""]"	PRODUCT_VISIBLE_V2	LINEAR_PATH	RETAINED	ROUND16A_ACTIVE_PAIR_BASELINE_NO_GROUP_CLAIM	false	false	false	false	Preserve the exact pair baseline without a manufactured group claim; regenerate any v3 product descendant before product activation.	2eb466638d7c8c1594dd98dcb141fb4a502b78f78f695c906496e7df6b588cbc
468105499c7be102deec7d6555aced688dea9901	5419770959bdb8998b693fb2275b47e29b92367c	ROUND16A_PRODUCTION_COMPOSITION	R16A-PCOMP-80E63F579DDB20844156	frontend/generated/trace-exploration-v2/production-read-model.json	53eaf59c95446eeb3781a7153183c54b3ff59fd52f21744cc917053959dfdcc9	R16A-PCOMP-80E63F579DDB20844156	6f7dd282cb971906b8f540b547dbcfe45c55a78951d7f68182591e562ef961d3	89817e7a449f1cc7b574fb1b89c9541f765e52825c5cb62bf0a2bb833e8f970a	"[""R16B-SENSE:4e14e64610176c44c8a9775fba3a7d484b4eee0fb06ee9553c17675cb7f0b634"",""R16B-SENSE:f0e28e13851d04c13b701f53d9b3911cb50fc572cc6203c64527804f0b37e909"",""R16B-SENSE:f26224717160ca63c45ca85fe7c23e1469baa3e10672a68beafb13d195d0915d"",""R16B-SENSE:fa3369a6eb4bebe96ee289987f963e539b8da9c27ea0f454e8a24b6bddf9306f""]"	"[""R16B-LOCAL-FAMILY:89817e7a449f1cc7b574fb1b89c9541f765e52825c5cb62bf0a2bb833e8f970a""]"	"[""INQUIRY_ONLY_OR_UNRESOLVED""]"	"[""R16A-ENTRY-DCBCD4680AD1D43F8C27"",""R16A-SEED-B2C21E815E1273F74EC0""]"	"[""R16A-PAIR:5841a12151ac0ce714f0b8e279e939bed009b3f2be71086cde6033cbbd11b4ea"",""R16A-PAIR:db9e8b1d1d7e17983872e3600cd1a3ce5ae7f3c907ae70bdeafcbd0b2c6a0460"",""R16A-PAIR:f82795fcaba53ac0c255461d014e82b9e563362b645b4c65a58e27644e22c54c""]"	PRODUCT_VISIBLE_V2	LINEAR_PATH	INQUIRY	FAMILY_FINAL_DISPOSITION:INQUIRY_ONLY_OR_UNRESOLVED	false	false	false	false	Preserve as an explicitly inquiry-only baseline artifact; do not activate a product path while evidence or authority remains unresolved.	9740ec3378baca0d00e17a4e2e2098d7e109c956f84336101776e517fccfe641
468105499c7be102deec7d6555aced688dea9901	5419770959bdb8998b693fb2275b47e29b92367c	ROUND16A_PRODUCTION_COMPOSITION	R16A-PCOMP-82911CB46830539C8647	frontend/generated/trace-exploration-v2/production-read-model.json	53eaf59c95446eeb3781a7153183c54b3ff59fd52f21744cc917053959dfdcc9	R16A-PCOMP-82911CB46830539C8647	5158f44c1bdc2a493bb86161a82327f902f51f46b1f07b417f5f31c2b7e3655d	7e0a0ee4f78d2f565c4f7771653ecc5a27828dd9fb704139d1e068f2a5fdce64	"[""R16B-SENSE:06c230c771547ee49390903e0bad7aaf44063613309c93bcbd72e808116af4c6"",""R16B-SENSE:35489187871bfd7b7be6e2d5268a3a922984d3bdad9e9a8ca61ea6edee84a5a7"",""R16B-SENSE:419a96e12217bfa4ed031510c32033cb2408489e3abb14eb28291b13c068e159""]"	"[""R16B-LOCAL-FAMILY:7e0a0ee4f78d2f565c4f7771653ecc5a27828dd9fb704139d1e068f2a5fdce64""]"	"[""BOUNDED_SENSE_OR_SCOPE_CONFLICT""]"	"[""R16A-ENTRY-378B477BAD2CA5A0654A"",""R16A-SEED-E1BEF21097CD6E8077BF""]"	"[""R16A-PAIR:818cc370417319af9a65fec5211969862df5c48a821265533ba289932e57b18c"",""R16A-PAIR:a364e4ea20e2f9e24e1fc980dc1ab703ae69a0fc86aa626a14e45cca0ea3bbb2""]"	PRODUCT_VISIBLE_V2	LINEAR_PATH	REJECTED	FAMILY_FINAL_DISPOSITION:BOUNDED_SENSE_OR_SCOPE_CONFLICT	false	false	false	false	Preserve the audit receipt, retire the prior object from active product eligibility, and do not project or synthesize a replacement association.	d01b8b0fd3bf6aec44b7994780baa069def019914c665aa4f45b6d1a3ddb9901
468105499c7be102deec7d6555aced688dea9901	5419770959bdb8998b693fb2275b47e29b92367c	ROUND16A_PRODUCTION_COMPOSITION	R16A-PCOMP-837436F8392820809D98	frontend/generated/trace-exploration-v2/production-read-model.json	53eaf59c95446eeb3781a7153183c54b3ff59fd52f21744cc917053959dfdcc9	R16A-PCOMP-837436F8392820809D98	f41e15cb705a0f79741be37491e1226244e2539fbbd244a99a899f85121dd66f	1d76bf657bbdec293265d051268a2a1153be0108b15a8d63ebbf2cb98cf6f06a	"[""R16B-SENSE:0ebc966b965fc5703be0f4bae727d337f32d83eb7db9066e926a2530dcfa0171"",""R16B-SENSE:61aaade597c45243fcdef0d2514fc52f58a066ae5c9f4ad550727cb75b124f64"",""R16B-SENSE:697603bbe891d791295d478b3b16d10add9bdab1fd92826d63d8b630f3779cfb""]"	"[""R16B-LOCAL-FAMILY:1d76bf657bbdec293265d051268a2a1153be0108b15a8d63ebbf2cb98cf6f06a""]"	"[""INQUIRY_ONLY_OR_UNRESOLVED""]"	"[""R16A-ENTRY-AEDF413DE2F27AA8FE03"",""R16A-SEED-2BFB100BB2F6534A2DF4""]"	"[""R16A-PAIR:891e0c3d300d8c4af59fbef2f00d164ee9c22df4148122c54ed84daee1dcb37e"",""R16A-PAIR:c36555188472ea5287ed70295a1b85e92e2ba9468fc703d2fe8893de3fc55a1f""]"	PRODUCT_VISIBLE_V2	LINEAR_PATH	INQUIRY	FAMILY_FINAL_DISPOSITION:INQUIRY_ONLY_OR_UNRESOLVED	false	false	false	false	Preserve as an explicitly inquiry-only baseline artifact; do not activate a product path while evidence or authority remains unresolved.	ba53a0701c565d4ad386480762c268d101703a38f9917c92ef28aec7ef1c855f
468105499c7be102deec7d6555aced688dea9901	5419770959bdb8998b693fb2275b47e29b92367c	ROUND16A_PRODUCTION_COMPOSITION	R16A-PCOMP-837F33233067C62218C3	frontend/generated/trace-exploration-v2/production-read-model.json	53eaf59c95446eeb3781a7153183c54b3ff59fd52f21744cc917053959dfdcc9	R16A-PCOMP-837F33233067C62218C3	3d441121a41c2bd2a7b4a902bfc4335b9496567ce6fb4191f01bb5ede4c12912	3b62255abc8ef0a877c0a06cfd81096b2b5c868e043d0e9a705b2d0ec997c4a0	"[""R16B-SENSE:06c230c771547ee49390903e0bad7aaf44063613309c93bcbd72e808116af4c6"",""R16B-SENSE:35489187871bfd7b7be6e2d5268a3a922984d3bdad9e9a8ca61ea6edee84a5a7""]"	[]	[]	"[""R16A-ENTRY-666718734C6948B5C92F"",""R16A-SEED-168B7AD2E746516864EF""]"	"[""R16A-PAIR:818cc370417319af9a65fec5211969862df5c48a821265533ba289932e57b18c""]"	PRODUCT_VISIBLE_V2	LINEAR_PATH	RETAINED	ROUND16A_ACTIVE_PAIR_BASELINE_NO_GROUP_CLAIM	false	false	false	false	Preserve the exact pair baseline without a manufactured group claim; regenerate any v3 product descendant before product activation.	dfa154e4e681c9c606fc1c7fe9c344c5e9749f548a3f4b4c3a4294b5c4a12f75
468105499c7be102deec7d6555aced688dea9901	5419770959bdb8998b693fb2275b47e29b92367c	ROUND16A_PRODUCTION_COMPOSITION	R16A-PCOMP-8380935AB49D32903CC1	frontend/generated/trace-exploration-v2/production-read-model.json	53eaf59c95446eeb3781a7153183c54b3ff59fd52f21744cc917053959dfdcc9	R16A-PCOMP-8380935AB49D32903CC1	ba077936256dd7d4e04d10ccf0d57efd41591179b8a2c40114c90ac22d6e3426	23b72032e8165ac9f164a43ac0e1932f2fe4354f1b89f62d67ebe7d497de7af1	"[""R16B-SENSE:4e14e64610176c44c8a9775fba3a7d484b4eee0fb06ee9553c17675cb7f0b634"",""R16B-SENSE:f26224717160ca63c45ca85fe7c23e1469baa3e10672a68beafb13d195d0915d"",""R16B-SENSE:fa3369a6eb4bebe96ee289987f963e539b8da9c27ea0f454e8a24b6bddf9306f""]"	"[""R16B-LOCAL-FAMILY:23b72032e8165ac9f164a43ac0e1932f2fe4354f1b89f62d67ebe7d497de7af1""]"	"[""PAIRWISE_SUPPORT_WITHOUT_GROUP_COHERENCE""]"	"[""R16A-ENTRY-602E47DAF2475D706A2B"",""R16A-SEED-C2EEBAD93D1415782EA0""]"	"[""R16A-PAIR:5841a12151ac0ce714f0b8e279e939bed009b3f2be71086cde6033cbbd11b4ea"",""R16A-PAIR:db9e8b1d1d7e17983872e3600cd1a3ce5ae7f3c907ae70bdeafcbd0b2c6a0460""]"	PRODUCT_VISIBLE_V2	LINEAR_PATH	CORRECTED	FAMILY_FINAL_DISPOSITION:PAIRWISE_SUPPORT_WITHOUT_GROUP_COHERENCE	false	false	false	false	Preserve separately governed pair records, remove the unsupported group-coherence implication, and regenerate with corrected association provenance.	d83e21b79ab3bc00f1dcc08b49aed2ddb0d015cb293a894ce38386bd03f8b866
468105499c7be102deec7d6555aced688dea9901	5419770959bdb8998b693fb2275b47e29b92367c	ROUND16A_PRODUCTION_COMPOSITION	R16A-PCOMP-83C4612A13B5FDB3F4A4	frontend/generated/trace-exploration-v2/production-read-model.json	53eaf59c95446eeb3781a7153183c54b3ff59fd52f21744cc917053959dfdcc9	R16A-PCOMP-83C4612A13B5FDB3F4A4	a1b350db2ab6a1af505d2deee7f9734838b968e95be663d8f348722a95f13caf	3648ab4f374cda7a490244914de785b764e7e4f7c872f094e8a2d3f03a71a560	"[""R16B-SENSE:4e14e64610176c44c8a9775fba3a7d484b4eee0fb06ee9553c17675cb7f0b634"",""R16B-SENSE:f0e28e13851d04c13b701f53d9b3911cb50fc572cc6203c64527804f0b37e909"",""R16B-SENSE:fa3369a6eb4bebe96ee289987f963e539b8da9c27ea0f454e8a24b6bddf9306f""]"	"[""R16B-LOCAL-FAMILY:3648ab4f374cda7a490244914de785b764e7e4f7c872f094e8a2d3f03a71a560""]"	"[""PAIRWISE_SUPPORT_WITHOUT_GROUP_COHERENCE""]"	"[""R16A-ENTRY-F5EC531FC9A672645000"",""R16A-SEED-A20CA3C53972B04F7033""]"	"[""R16A-PAIR:db9e8b1d1d7e17983872e3600cd1a3ce5ae7f3c907ae70bdeafcbd0b2c6a0460"",""R16A-PAIR:f82795fcaba53ac0c255461d014e82b9e563362b645b4c65a58e27644e22c54c""]"	PRODUCT_VISIBLE_V2	BINARY_FORK	CORRECTED	FAMILY_FINAL_DISPOSITION:PAIRWISE_SUPPORT_WITHOUT_GROUP_COHERENCE	false	false	false	false	Preserve separately governed pair records, remove the unsupported group-coherence implication, and regenerate with corrected association provenance.	a5f1421849815f1ce749a12619c2d0b14abae61cfb9331834b54b2790b84f580
468105499c7be102deec7d6555aced688dea9901	5419770959bdb8998b693fb2275b47e29b92367c	ROUND16A_PRODUCTION_COMPOSITION	R16A-PCOMP-8555C559B484EB985A20	frontend/generated/trace-exploration-v2/production-read-model.json	53eaf59c95446eeb3781a7153183c54b3ff59fd52f21744cc917053959dfdcc9	R16A-PCOMP-8555C559B484EB985A20	cc8f6fa51926e706f3a15dfe95ebec94f398b712a2cff04d7653062bf7da66a8	83009b1d124d4635a57866eeffba5e1a1a33e499bd60b30c6346b94ff1a04f8e	"[""R16B-SENSE:698710ef66f0d551cde028b8e54bdbf6051b96902a736be6b9ab45d1ad91f848"",""R16B-SENSE:9415fd18554090ac9dd2dfc28a1ec541d67a94b8421b1cefafa578a03302257d"",""R16B-SENSE:9c499c8b62d5222b0be4049597c613d82925ede87bf34656671a6b1e4e491bc3""]"	"[""R16B-LOCAL-FAMILY:83009b1d124d4635a57866eeffba5e1a1a33e499bd60b30c6346b94ff1a04f8e""]"	"[""BOUNDED_SENSE_OR_SCOPE_CONFLICT""]"	"[""R16A-ENTRY-9931A04C86743C7CD592"",""R16A-SEED-D4120F95EB27A80EB7B2""]"	"[""R16A-PAIR:591aa3897c3e0e455ef4bc05b36550f3d010af9e84be8a08c199676025fdeb04"",""R16A-PAIR:c58fe913fc06f2896c1022f7ccc0e9de1b0f7f1121f09c7d18162d40fe764cf9""]"	PRODUCT_VISIBLE_V2	LINEAR_PATH	REJECTED	FAMILY_FINAL_DISPOSITION:BOUNDED_SENSE_OR_SCOPE_CONFLICT	false	false	false	false	Preserve the audit receipt, retire the prior object from active product eligibility, and do not project or synthesize a replacement association.	0303de920f4c74de7aefc9bed2303f732bfb9c36b58309a625e5f3f2a2c2a1bb
468105499c7be102deec7d6555aced688dea9901	5419770959bdb8998b693fb2275b47e29b92367c	ROUND16A_PRODUCTION_COMPOSITION	R16A-PCOMP-8B6EC57A586CA2DC2933	frontend/generated/trace-exploration-v2/production-read-model.json	53eaf59c95446eeb3781a7153183c54b3ff59fd52f21744cc917053959dfdcc9	R16A-PCOMP-8B6EC57A586CA2DC2933	cc9b1f203297519056bcab20a37d8b5433b38262a045e03440d95a8780db737c	1d76bf657bbdec293265d051268a2a1153be0108b15a8d63ebbf2cb98cf6f06a	"[""R16B-SENSE:0ebc966b965fc5703be0f4bae727d337f32d83eb7db9066e926a2530dcfa0171"",""R16B-SENSE:61aaade597c45243fcdef0d2514fc52f58a066ae5c9f4ad550727cb75b124f64"",""R16B-SENSE:697603bbe891d791295d478b3b16d10add9bdab1fd92826d63d8b630f3779cfb""]"	"[""R16B-LOCAL-FAMILY:1d76bf657bbdec293265d051268a2a1153be0108b15a8d63ebbf2cb98cf6f06a""]"	"[""INQUIRY_ONLY_OR_UNRESOLVED""]"	"[""R16A-ENTRY-AEDF413DE2F27AA8FE03"",""R16A-SEED-531D31063553108CCFDC""]"	"[""R16A-PAIR:891e0c3d300d8c4af59fbef2f00d164ee9c22df4148122c54ed84daee1dcb37e"",""R16A-PAIR:c36555188472ea5287ed70295a1b85e92e2ba9468fc703d2fe8893de3fc55a1f""]"	PRODUCT_VISIBLE_V2	LINEAR_PATH	INQUIRY	FAMILY_FINAL_DISPOSITION:INQUIRY_ONLY_OR_UNRESOLVED	false	false	false	false	Preserve as an explicitly inquiry-only baseline artifact; do not activate a product path while evidence or authority remains unresolved.	616c24542f382166f58b7b88b4c0cfbc415646386362d5d979063febcd0afa86
468105499c7be102deec7d6555aced688dea9901	5419770959bdb8998b693fb2275b47e29b92367c	ROUND16A_PRODUCTION_COMPOSITION	R16A-PCOMP-8C2576153FAF88D5FE62	frontend/generated/trace-exploration-v2/production-read-model.json	53eaf59c95446eeb3781a7153183c54b3ff59fd52f21744cc917053959dfdcc9	R16A-PCOMP-8C2576153FAF88D5FE62	4c35f8f726ec71087fa7207b1c981ba03a46747128dd725bfde5c3b6a082f5b7	84c22d6e2e70c0a802e6d1f8f534e0748ceead84b84c97ad448bb419ea65a037	"[""R16B-SENSE:f0e28e13851d04c13b701f53d9b3911cb50fc572cc6203c64527804f0b37e909"",""R16B-SENSE:f26224717160ca63c45ca85fe7c23e1469baa3e10672a68beafb13d195d0915d""]"	[]	[]	"[""R16A-ENTRY-A706F1EEBFAC6A80DDE7"",""R16A-SEED-C55BC230F6697DCE1A8F""]"	"[""R16A-PAIR:e153332b67669fdaa24f256bfcf61135e56eb2894e48481afc71ae4327c81422""]"	PRODUCT_VISIBLE_V2	LINEAR_PATH	RETAINED	ROUND16A_ACTIVE_PAIR_BASELINE_NO_GROUP_CLAIM	false	false	false	false	Preserve the exact pair baseline without a manufactured group claim; regenerate any v3 product descendant before product activation.	e62112db3b3f66f4c8d28f1d156d61206f7c945bef893bc6fafbc10fd5b98b7a
468105499c7be102deec7d6555aced688dea9901	5419770959bdb8998b693fb2275b47e29b92367c	ROUND16A_PRODUCTION_COMPOSITION	R16A-PCOMP-90A37A1E9AE2AD0FFD06	frontend/generated/trace-exploration-v2/production-read-model.json	53eaf59c95446eeb3781a7153183c54b3ff59fd52f21744cc917053959dfdcc9	R16A-PCOMP-90A37A1E9AE2AD0FFD06	9a095dac05e6088cfe7a27c0fa9317166d35f538eb7eb46516a508fef6c5b6b2	af25d1d4c93f79886769d53d071805bd5b6726130b153e4484121321d1122e3a	"[""R16B-SENSE:f0e28e13851d04c13b701f53d9b3911cb50fc572cc6203c64527804f0b37e909"",""R16B-SENSE:f26224717160ca63c45ca85fe7c23e1469baa3e10672a68beafb13d195d0915d"",""R16B-SENSE:fa3369a6eb4bebe96ee289987f963e539b8da9c27ea0f454e8a24b6bddf9306f""]"	"[""R16B-LOCAL-FAMILY:af25d1d4c93f79886769d53d071805bd5b6726130b153e4484121321d1122e3a""]"	"[""PAIRWISE_SUPPORT_WITHOUT_GROUP_COHERENCE""]"	"[""R16A-ENTRY-BF997586D7587A182AD7"",""R16A-SEED-7FD15AD7DDEB78153BBA""]"	"[""R16A-PAIR:2ea00c84f44e9da21aae78f742f5cf6cba09fee7e94d77ff3420dc07dd64cbb5"",""R16A-PAIR:f82795fcaba53ac0c255461d014e82b9e563362b645b4c65a58e27644e22c54c""]"	PRODUCT_VISIBLE_V2	LINEAR_PATH	CORRECTED	FAMILY_FINAL_DISPOSITION:PAIRWISE_SUPPORT_WITHOUT_GROUP_COHERENCE	false	false	false	false	Preserve separately governed pair records, remove the unsupported group-coherence implication, and regenerate with corrected association provenance.	9f9771c6b4149cd1ee0501dfc7c6431b2bcbf6140e0df8a4b8337189a35be475
468105499c7be102deec7d6555aced688dea9901	5419770959bdb8998b693fb2275b47e29b92367c	ROUND16A_PRODUCTION_COMPOSITION	R16A-PCOMP-90FF68DAFB1D06E172C3	frontend/generated/trace-exploration-v2/production-read-model.json	53eaf59c95446eeb3781a7153183c54b3ff59fd52f21744cc917053959dfdcc9	R16A-PCOMP-90FF68DAFB1D06E172C3	17b9234f29ebe49bebdb7da7776513002b27f66088b0185db74807c66dee2b59	7d407e71f244548ca1c95b0c98357ea7cc8b55526ee27808ee5aa33942dac0ab	"[""R16B-SENSE:3d5f8270a50edbaf14edbc7ae48c1cd8d230d94dbd0d1e60e116afca491720d7"",""R16B-SENSE:c6a305bac0ba3a375015fd389d830c7eb5ed46f883ed720ddfcb0dfff588055a""]"	[]	[]	"[""R16A-ENTRY-54B19765209E346B0EB5"",""R16A-SEED-EB4BC851C86771AC18ED""]"	"[""R16A-PAIR:b4f5681b10410d082921b5dfe618fe94f639c10ae3dcb51eb904a4e02db3b9bf""]"	PRODUCT_VISIBLE_V2	LINEAR_PATH	RETAINED	ROUND16A_ACTIVE_PAIR_BASELINE_NO_GROUP_CLAIM	false	false	false	false	Preserve the exact pair baseline without a manufactured group claim; regenerate any v3 product descendant before product activation.	df992b7cc2a788ca89732ad12b5268756af7102355f52a466c6202e89a081ea5
468105499c7be102deec7d6555aced688dea9901	5419770959bdb8998b693fb2275b47e29b92367c	ROUND16A_PRODUCTION_COMPOSITION	R16A-PCOMP-91C566F47547D9BE6037	frontend/generated/trace-exploration-v2/production-read-model.json	53eaf59c95446eeb3781a7153183c54b3ff59fd52f21744cc917053959dfdcc9	R16A-PCOMP-91C566F47547D9BE6037	e37f9ba562698ec452ffcb191f01a9ce44b7f95c8ec31a95577b1ab46b38d9c3	1d76bf657bbdec293265d051268a2a1153be0108b15a8d63ebbf2cb98cf6f06a	"[""R16B-SENSE:0ebc966b965fc5703be0f4bae727d337f32d83eb7db9066e926a2530dcfa0171"",""R16B-SENSE:61aaade597c45243fcdef0d2514fc52f58a066ae5c9f4ad550727cb75b124f64"",""R16B-SENSE:697603bbe891d791295d478b3b16d10add9bdab1fd92826d63d8b630f3779cfb""]"	"[""R16B-LOCAL-FAMILY:1d76bf657bbdec293265d051268a2a1153be0108b15a8d63ebbf2cb98cf6f06a""]"	"[""INQUIRY_ONLY_OR_UNRESOLVED""]"	"[""R16A-ENTRY-9A10AFD4676A2874B38C"",""R16A-SEED-AEF4C77820C0EB70E5A6""]"	"[""R16A-PAIR:43fa33f1a987090224619eb68e83d246be7705f94d1b2e364bdfb2b73fc1a94f"",""R16A-PAIR:c36555188472ea5287ed70295a1b85e92e2ba9468fc703d2fe8893de3fc55a1f""]"	PRODUCT_VISIBLE_V2	BINARY_FORK	INQUIRY	FAMILY_FINAL_DISPOSITION:INQUIRY_ONLY_OR_UNRESOLVED	false	false	false	false	Preserve as an explicitly inquiry-only baseline artifact; do not activate a product path while evidence or authority remains unresolved.	4e8cae575b5c713cc046fa771fe3ef5534e72e7719e824bd349e3357fd39ed52
468105499c7be102deec7d6555aced688dea9901	5419770959bdb8998b693fb2275b47e29b92367c	ROUND16A_PRODUCTION_COMPOSITION	R16A-PCOMP-91EB791E43E94F17129E	frontend/generated/trace-exploration-v2/production-read-model.json	53eaf59c95446eeb3781a7153183c54b3ff59fd52f21744cc917053959dfdcc9	R16A-PCOMP-91EB791E43E94F17129E	100006ef34dc47ed33e7ac2583f5a50413a91870f94d2582bd5e846c6ab75878	890a385d21853f5dd96b62838ec820a9d0a4cdb8d2ebf55117f4b15f7e59d2be	"[""R16B-SENSE:14bd96e324918cf3d87ed84253055004be79647294bf62a305ccf9a65a46b863"",""R16B-SENSE:f1dafc6df9c9a66b0b7c19d34606a2ed638c193dc7047afb8a1f83b3d564ebc1""]"	[]	[]	"[""R16A-ENTRY-21BCDB22B7FF410947C5"",""R16A-SEED-917CF9E7BE49A25B456A""]"	"[""R16A-PAIR:85e32fbf7d295e72068df767318096879ed6af2c4af16cadd1313e3fca88fa26""]"	PRODUCT_VISIBLE_V2	LINEAR_PATH	RETAINED	ROUND16A_ACTIVE_PAIR_BASELINE_NO_GROUP_CLAIM	false	false	false	false	Preserve the exact pair baseline without a manufactured group claim; regenerate any v3 product descendant before product activation.	31862fd1f948b69fbd4a134bcef9af06538a266ec050b5b10ae6c4a242be6edb
468105499c7be102deec7d6555aced688dea9901	5419770959bdb8998b693fb2275b47e29b92367c	ROUND16A_PRODUCTION_COMPOSITION	R16A-PCOMP-933FC0AE97A433065CB9	frontend/generated/trace-exploration-v2/production-read-model.json	53eaf59c95446eeb3781a7153183c54b3ff59fd52f21744cc917053959dfdcc9	R16A-PCOMP-933FC0AE97A433065CB9	07893261a5f06b9f173b480bdba4d0b30c3747a7f037931bf3782e61e302d97c	83009b1d124d4635a57866eeffba5e1a1a33e499bd60b30c6346b94ff1a04f8e	"[""R16B-SENSE:698710ef66f0d551cde028b8e54bdbf6051b96902a736be6b9ab45d1ad91f848"",""R16B-SENSE:9415fd18554090ac9dd2dfc28a1ec541d67a94b8421b1cefafa578a03302257d"",""R16B-SENSE:9c499c8b62d5222b0be4049597c613d82925ede87bf34656671a6b1e4e491bc3""]"	"[""R16B-LOCAL-FAMILY:83009b1d124d4635a57866eeffba5e1a1a33e499bd60b30c6346b94ff1a04f8e""]"	"[""BOUNDED_SENSE_OR_SCOPE_CONFLICT""]"	"[""R16A-ENTRY-2E25F921A6B607F45ADA"",""R16A-SEED-6FB2D4FB4E30EBDD77A1""]"	"[""R16A-PAIR:4cf124f8588611ba0a2f76bce26ab0b5890dcfcf71d9283888d62d58bcdb974a"",""R16A-PAIR:c58fe913fc06f2896c1022f7ccc0e9de1b0f7f1121f09c7d18162d40fe764cf9""]"	PRODUCT_VISIBLE_V2	LINEAR_PATH	REJECTED	FAMILY_FINAL_DISPOSITION:BOUNDED_SENSE_OR_SCOPE_CONFLICT	false	false	false	false	Preserve the audit receipt, retire the prior object from active product eligibility, and do not project or synthesize a replacement association.	2e777e97d2beb2d92b3387bd2731ecc22593a268151eb3f982104249ef99046d
468105499c7be102deec7d6555aced688dea9901	5419770959bdb8998b693fb2275b47e29b92367c	ROUND16A_PRODUCTION_COMPOSITION	R16A-PCOMP-94D02688D5AA8947285B	frontend/generated/trace-exploration-v2/production-read-model.json	53eaf59c95446eeb3781a7153183c54b3ff59fd52f21744cc917053959dfdcc9	R16A-PCOMP-94D02688D5AA8947285B	ca1d8a3c0873bec36621f030f53b6bcec48a2618a54057fd9c8963aecbb4cac6	89817e7a449f1cc7b574fb1b89c9541f765e52825c5cb62bf0a2bb833e8f970a	"[""R16B-SENSE:4e14e64610176c44c8a9775fba3a7d484b4eee0fb06ee9553c17675cb7f0b634"",""R16B-SENSE:f0e28e13851d04c13b701f53d9b3911cb50fc572cc6203c64527804f0b37e909"",""R16B-SENSE:f26224717160ca63c45ca85fe7c23e1469baa3e10672a68beafb13d195d0915d"",""R16B-SENSE:fa3369a6eb4bebe96ee289987f963e539b8da9c27ea0f454e8a24b6bddf9306f""]"	"[""R16B-LOCAL-FAMILY:89817e7a449f1cc7b574fb1b89c9541f765e52825c5cb62bf0a2bb833e8f970a""]"	"[""INQUIRY_ONLY_OR_UNRESOLVED""]"	"[""R16A-ENTRY-E3E7F7FE5935F715005D"",""R16A-SEED-327CF448C0149098832C""]"	"[""R16A-PAIR:2ea00c84f44e9da21aae78f742f5cf6cba09fee7e94d77ff3420dc07dd64cbb5"",""R16A-PAIR:db9e8b1d1d7e17983872e3600cd1a3ce5ae7f3c907ae70bdeafcbd0b2c6a0460"",""R16A-PAIR:e153332b67669fdaa24f256bfcf61135e56eb2894e48481afc71ae4327c81422""]"	PRODUCT_VISIBLE_V2	LINEAR_PATH	INQUIRY	FAMILY_FINAL_DISPOSITION:INQUIRY_ONLY_OR_UNRESOLVED	false	false	false	false	Preserve as an explicitly inquiry-only baseline artifact; do not activate a product path while evidence or authority remains unresolved.	ed49d61347a56c460a9619be02f46e67edafad8971ab732d8563498568d80312
468105499c7be102deec7d6555aced688dea9901	5419770959bdb8998b693fb2275b47e29b92367c	ROUND16A_PRODUCTION_COMPOSITION	R16A-PCOMP-95215E543ACB5E8F5D4C	frontend/generated/trace-exploration-v2/production-read-model.json	53eaf59c95446eeb3781a7153183c54b3ff59fd52f21744cc917053959dfdcc9	R16A-PCOMP-95215E543ACB5E8F5D4C	50ae86e6f2decc37415c2bf0be4224d2e47f2ebbd485ff51a58175d4bfcc6bb1	83009b1d124d4635a57866eeffba5e1a1a33e499bd60b30c6346b94ff1a04f8e	"[""R16B-SENSE:698710ef66f0d551cde028b8e54bdbf6051b96902a736be6b9ab45d1ad91f848"",""R16B-SENSE:9415fd18554090ac9dd2dfc28a1ec541d67a94b8421b1cefafa578a03302257d"",""R16B-SENSE:9c499c8b62d5222b0be4049597c613d82925ede87bf34656671a6b1e4e491bc3""]"	"[""R16B-LOCAL-FAMILY:83009b1d124d4635a57866eeffba5e1a1a33e499bd60b30c6346b94ff1a04f8e""]"	"[""BOUNDED_SENSE_OR_SCOPE_CONFLICT""]"	"[""R16A-ENTRY-9931A04C86743C7CD592"",""R16A-SEED-2D4C54976D641315F303""]"	"[""R16A-PAIR:591aa3897c3e0e455ef4bc05b36550f3d010af9e84be8a08c199676025fdeb04"",""R16A-PAIR:c58fe913fc06f2896c1022f7ccc0e9de1b0f7f1121f09c7d18162d40fe764cf9""]"	PRODUCT_VISIBLE_V2	LINEAR_PATH	REJECTED	FAMILY_FINAL_DISPOSITION:BOUNDED_SENSE_OR_SCOPE_CONFLICT	false	false	false	false	Preserve the audit receipt, retire the prior object from active product eligibility, and do not project or synthesize a replacement association.	a12089b5af0f56d9bf95654e5fce5081de287e0808dbcec5afc5aa4c4c7d2538
468105499c7be102deec7d6555aced688dea9901	5419770959bdb8998b693fb2275b47e29b92367c	ROUND16A_PRODUCTION_COMPOSITION	R16A-PCOMP-9568A00F1BB879D242D1	frontend/generated/trace-exploration-v2/production-read-model.json	53eaf59c95446eeb3781a7153183c54b3ff59fd52f21744cc917053959dfdcc9	R16A-PCOMP-9568A00F1BB879D242D1	59d577ee8c78c9615b5365c4eb38cc3d1be9e0ca3a71aa37cfae88e46820e1e9	83009b1d124d4635a57866eeffba5e1a1a33e499bd60b30c6346b94ff1a04f8e	"[""R16B-SENSE:698710ef66f0d551cde028b8e54bdbf6051b96902a736be6b9ab45d1ad91f848"",""R16B-SENSE:9415fd18554090ac9dd2dfc28a1ec541d67a94b8421b1cefafa578a03302257d"",""R16B-SENSE:9c499c8b62d5222b0be4049597c613d82925ede87bf34656671a6b1e4e491bc3""]"	"[""R16B-LOCAL-FAMILY:83009b1d124d4635a57866eeffba5e1a1a33e499bd60b30c6346b94ff1a04f8e""]"	"[""BOUNDED_SENSE_OR_SCOPE_CONFLICT""]"	"[""R16A-ENTRY-8E56DCCFD296100BB104"",""R16A-SEED-AF9169BC610047A44DCE""]"	"[""R16A-PAIR:4cf124f8588611ba0a2f76bce26ab0b5890dcfcf71d9283888d62d58bcdb974a"",""R16A-PAIR:591aa3897c3e0e455ef4bc05b36550f3d010af9e84be8a08c199676025fdeb04""]"	PRODUCT_VISIBLE_V2	BINARY_CONVERGENCE	REJECTED	FAMILY_FINAL_DISPOSITION:BOUNDED_SENSE_OR_SCOPE_CONFLICT	false	false	false	false	Preserve the audit receipt, retire the prior object from active product eligibility, and do not project or synthesize a replacement association.	89184338ee4b4e652daa04f25c49c66f6940c0212674ffa9038a7f08a17ea720
468105499c7be102deec7d6555aced688dea9901	5419770959bdb8998b693fb2275b47e29b92367c	ROUND16A_PRODUCTION_COMPOSITION	R16A-PCOMP-95C4825A049407F782CA	frontend/generated/trace-exploration-v2/production-read-model.json	53eaf59c95446eeb3781a7153183c54b3ff59fd52f21744cc917053959dfdcc9	R16A-PCOMP-95C4825A049407F782CA	7a8d2be5701b770bc8528739f71cc67fff38ed7269c31e4d98593d5cd4e58c6e	83009b1d124d4635a57866eeffba5e1a1a33e499bd60b30c6346b94ff1a04f8e	"[""R16B-SENSE:698710ef66f0d551cde028b8e54bdbf6051b96902a736be6b9ab45d1ad91f848"",""R16B-SENSE:9415fd18554090ac9dd2dfc28a1ec541d67a94b8421b1cefafa578a03302257d"",""R16B-SENSE:9c499c8b62d5222b0be4049597c613d82925ede87bf34656671a6b1e4e491bc3""]"	"[""R16B-LOCAL-FAMILY:83009b1d124d4635a57866eeffba5e1a1a33e499bd60b30c6346b94ff1a04f8e""]"	"[""BOUNDED_SENSE_OR_SCOPE_CONFLICT""]"	"[""R16A-ENTRY-8E56DCCFD296100BB104"",""R16A-SEED-89A0990EEC79791F3787""]"	"[""R16A-PAIR:4cf124f8588611ba0a2f76bce26ab0b5890dcfcf71d9283888d62d58bcdb974a"",""R16A-PAIR:591aa3897c3e0e455ef4bc05b36550f3d010af9e84be8a08c199676025fdeb04""]"	PRODUCT_VISIBLE_V2	BINARY_CONVERGENCE	REJECTED	FAMILY_FINAL_DISPOSITION:BOUNDED_SENSE_OR_SCOPE_CONFLICT	false	false	false	false	Preserve the audit receipt, retire the prior object from active product eligibility, and do not project or synthesize a replacement association.	a05a2655b38131e7f12ab312fe11aed49468c392896aa1e71bbf9a4d8f960545
468105499c7be102deec7d6555aced688dea9901	5419770959bdb8998b693fb2275b47e29b92367c	ROUND16A_PRODUCTION_COMPOSITION	R16A-PCOMP-9727C78F3674778FFC42	frontend/generated/trace-exploration-v2/production-read-model.json	53eaf59c95446eeb3781a7153183c54b3ff59fd52f21744cc917053959dfdcc9	R16A-PCOMP-9727C78F3674778FFC42	3ae2e263cbdee39ee79d6b5e03a4a9e2180d29773b16faf36a54bd72064a7d0a	83009b1d124d4635a57866eeffba5e1a1a33e499bd60b30c6346b94ff1a04f8e	"[""R16B-SENSE:698710ef66f0d551cde028b8e54bdbf6051b96902a736be6b9ab45d1ad91f848"",""R16B-SENSE:9415fd18554090ac9dd2dfc28a1ec541d67a94b8421b1cefafa578a03302257d"",""R16B-SENSE:9c499c8b62d5222b0be4049597c613d82925ede87bf34656671a6b1e4e491bc3""]"	"[""R16B-LOCAL-FAMILY:83009b1d124d4635a57866eeffba5e1a1a33e499bd60b30c6346b94ff1a04f8e""]"	"[""BOUNDED_SENSE_OR_SCOPE_CONFLICT""]"	"[""R16A-ENTRY-1E4A3BE36F4CFF335A70"",""R16A-SEED-86110B2DDFD2D34B634F""]"	"[""R16A-PAIR:4cf124f8588611ba0a2f76bce26ab0b5890dcfcf71d9283888d62d58bcdb974a"",""R16A-PAIR:c58fe913fc06f2896c1022f7ccc0e9de1b0f7f1121f09c7d18162d40fe764cf9""]"	PRODUCT_VISIBLE_V2	BINARY_FORK	REJECTED	FAMILY_FINAL_DISPOSITION:BOUNDED_SENSE_OR_SCOPE_CONFLICT	false	false	false	false	Preserve the audit receipt, retire the prior object from active product eligibility, and do not project or synthesize a replacement association.	e629a593efe888645db723f7b7340ac9388e0b8b9650c9cf878a569debf2f3ae
468105499c7be102deec7d6555aced688dea9901	5419770959bdb8998b693fb2275b47e29b92367c	ROUND16A_PRODUCTION_COMPOSITION	R16A-PCOMP-9966F3A37371F957CFD5	frontend/generated/trace-exploration-v2/production-read-model.json	53eaf59c95446eeb3781a7153183c54b3ff59fd52f21744cc917053959dfdcc9	R16A-PCOMP-9966F3A37371F957CFD5	8038a7fa892cc503d9019207a321b3367db2ffc592eba5417e194acaeab86049	23b72032e8165ac9f164a43ac0e1932f2fe4354f1b89f62d67ebe7d497de7af1	"[""R16B-SENSE:4e14e64610176c44c8a9775fba3a7d484b4eee0fb06ee9553c17675cb7f0b634"",""R16B-SENSE:f26224717160ca63c45ca85fe7c23e1469baa3e10672a68beafb13d195d0915d"",""R16B-SENSE:fa3369a6eb4bebe96ee289987f963e539b8da9c27ea0f454e8a24b6bddf9306f""]"	"[""R16B-LOCAL-FAMILY:23b72032e8165ac9f164a43ac0e1932f2fe4354f1b89f62d67ebe7d497de7af1""]"	"[""PAIRWISE_SUPPORT_WITHOUT_GROUP_COHERENCE""]"	"[""R16A-ENTRY-CF22E24752529D5C7894"",""R16A-SEED-9489F1F78ADD9695F5C5""]"	"[""R16A-PAIR:2ea00c84f44e9da21aae78f742f5cf6cba09fee7e94d77ff3420dc07dd64cbb5"",""R16A-PAIR:db9e8b1d1d7e17983872e3600cd1a3ce5ae7f3c907ae70bdeafcbd0b2c6a0460""]"	PRODUCT_VISIBLE_V2	BINARY_FORK	CORRECTED	FAMILY_FINAL_DISPOSITION:PAIRWISE_SUPPORT_WITHOUT_GROUP_COHERENCE	false	false	false	false	Preserve separately governed pair records, remove the unsupported group-coherence implication, and regenerate with corrected association provenance.	b7e9b85d94bb7f52e900df5c1558714cf73c5a989b5b58d6828de290408c78eb
468105499c7be102deec7d6555aced688dea9901	5419770959bdb8998b693fb2275b47e29b92367c	ROUND16A_PRODUCTION_COMPOSITION	R16A-PCOMP-9997899DC2630315B016	frontend/generated/trace-exploration-v2/production-read-model.json	53eaf59c95446eeb3781a7153183c54b3ff59fd52f21744cc917053959dfdcc9	R16A-PCOMP-9997899DC2630315B016	b15183e0ced3eb4e671f879dfe26c2ac9039aefb8132ed593f288958340516b2	3648ab4f374cda7a490244914de785b764e7e4f7c872f094e8a2d3f03a71a560	"[""R16B-SENSE:4e14e64610176c44c8a9775fba3a7d484b4eee0fb06ee9553c17675cb7f0b634"",""R16B-SENSE:f0e28e13851d04c13b701f53d9b3911cb50fc572cc6203c64527804f0b37e909"",""R16B-SENSE:fa3369a6eb4bebe96ee289987f963e539b8da9c27ea0f454e8a24b6bddf9306f""]"	"[""R16B-LOCAL-FAMILY:3648ab4f374cda7a490244914de785b764e7e4f7c872f094e8a2d3f03a71a560""]"	"[""PAIRWISE_SUPPORT_WITHOUT_GROUP_COHERENCE""]"	"[""R16A-ENTRY-BCA65C910DD7522D16E5"",""R16A-SEED-45B276FB53FAFF21113B""]"	"[""R16A-PAIR:db9e8b1d1d7e17983872e3600cd1a3ce5ae7f3c907ae70bdeafcbd0b2c6a0460"",""R16A-PAIR:f82795fcaba53ac0c255461d014e82b9e563362b645b4c65a58e27644e22c54c""]"	PRODUCT_VISIBLE_V2	BINARY_CONVERGENCE	CORRECTED	FAMILY_FINAL_DISPOSITION:PAIRWISE_SUPPORT_WITHOUT_GROUP_COHERENCE	false	false	false	false	Preserve separately governed pair records, remove the unsupported group-coherence implication, and regenerate with corrected association provenance.	1dece679c720f03d8effc751385a68e424b723e0af41af14175df322ed7d0ecb
468105499c7be102deec7d6555aced688dea9901	5419770959bdb8998b693fb2275b47e29b92367c	ROUND16A_PRODUCTION_COMPOSITION	R16A-PCOMP-9B2E6A48F4613D381EB9	frontend/generated/trace-exploration-v2/production-read-model.json	53eaf59c95446eeb3781a7153183c54b3ff59fd52f21744cc917053959dfdcc9	R16A-PCOMP-9B2E6A48F4613D381EB9	153ea33ae8a2afabaa86beaedd03635780670c9feee504d16d42265d85cb13ea	83009b1d124d4635a57866eeffba5e1a1a33e499bd60b30c6346b94ff1a04f8e	"[""R16B-SENSE:698710ef66f0d551cde028b8e54bdbf6051b96902a736be6b9ab45d1ad91f848"",""R16B-SENSE:9415fd18554090ac9dd2dfc28a1ec541d67a94b8421b1cefafa578a03302257d"",""R16B-SENSE:9c499c8b62d5222b0be4049597c613d82925ede87bf34656671a6b1e4e491bc3""]"	"[""R16B-LOCAL-FAMILY:83009b1d124d4635a57866eeffba5e1a1a33e499bd60b30c6346b94ff1a04f8e""]"	"[""BOUNDED_SENSE_OR_SCOPE_CONFLICT""]"	"[""R16A-ENTRY-8E56DCCFD296100BB104"",""R16A-SEED-46FA918F3D1F1C13E29B""]"	"[""R16A-PAIR:4cf124f8588611ba0a2f76bce26ab0b5890dcfcf71d9283888d62d58bcdb974a"",""R16A-PAIR:591aa3897c3e0e455ef4bc05b36550f3d010af9e84be8a08c199676025fdeb04""]"	PRODUCT_VISIBLE_V2	BINARY_CONVERGENCE	REJECTED	FAMILY_FINAL_DISPOSITION:BOUNDED_SENSE_OR_SCOPE_CONFLICT	false	false	false	false	Preserve the audit receipt, retire the prior object from active product eligibility, and do not project or synthesize a replacement association.	d2966ff8f2f8dd9a13f4ba475130ff1b83650822567fb1d479ceac74c92b69a0
468105499c7be102deec7d6555aced688dea9901	5419770959bdb8998b693fb2275b47e29b92367c	ROUND16A_PRODUCTION_COMPOSITION	R16A-PCOMP-9C3E77281BD090381F78	frontend/generated/trace-exploration-v2/production-read-model.json	53eaf59c95446eeb3781a7153183c54b3ff59fd52f21744cc917053959dfdcc9	R16A-PCOMP-9C3E77281BD090381F78	4b1bb0cf33671cbefc25a1001eabab1def4bde1d419f55a51a69ef1d9090c672	ff6645755eade29ecd324141ecfe3446b328eeb144cc749608a6e20253e97edb	"[""R16B-SENSE:6672e4d46dd04d497061cde0fb1319f2795e43fafb72f047ac8a663d5c0dabfb"",""R16B-SENSE:9f5a38a6fb1ca9212921419af18b59d535ee2f944c89ce002dfa6db54090b9c8""]"	[]	[]	"[""R16A-ENTRY-54F9D8E59B304C12E7C1"",""R16A-SEED-AE2E527052A2A3B73553""]"	"[""R16A-PAIR:09108fb32fbc17acaa1205d07d048a5e74371e81f8c5919a24f86af4ddc3d677""]"	PRODUCT_VISIBLE_V2	LINEAR_PATH	RETAINED	ROUND16A_ACTIVE_PAIR_BASELINE_NO_GROUP_CLAIM	false	false	false	false	Preserve the exact pair baseline without a manufactured group claim; regenerate any v3 product descendant before product activation.	0259d701685869765b2d71349761b50e74613331fabf09458da9fead2455387d
468105499c7be102deec7d6555aced688dea9901	5419770959bdb8998b693fb2275b47e29b92367c	ROUND16A_PRODUCTION_COMPOSITION	R16A-PCOMP-9C75870125A7EB6DB1D3	frontend/generated/trace-exploration-v2/production-read-model.json	53eaf59c95446eeb3781a7153183c54b3ff59fd52f21744cc917053959dfdcc9	R16A-PCOMP-9C75870125A7EB6DB1D3	085932561079bca55027a1ccb9577c45fdade25520d4ecae2c0f7e370b1ed128	15d87b20276af4f5b9c9277f9d8fed92ee450d29d3dab5858193375ba94e61a9	"[""R16B-SENSE:6672e4d46dd04d497061cde0fb1319f2795e43fafb72f047ac8a663d5c0dabfb"",""R16B-SENSE:aaba242b61f07fc7756aa5d54b3d132896c230e138451ec96ac3b40b8c2c3ec3""]"	[]	[]	"[""R16A-ENTRY-85401689737D363D4BD5"",""R16A-SEED-2C0A7A2096928600FF8B""]"	"[""R16A-PAIR:9d6b149f9ea2e617d5b45153c18bed1eeff22bd4c979cc8d6767b8c213e4d419""]"	PRODUCT_VISIBLE_V2	LINEAR_PATH	RETAINED	ROUND16A_ACTIVE_PAIR_BASELINE_NO_GROUP_CLAIM	false	false	false	false	Preserve the exact pair baseline without a manufactured group claim; regenerate any v3 product descendant before product activation.	28b3d26a043336a6ac7c814fba70be493afa545c4522639caa34b3d0fb79a85e
468105499c7be102deec7d6555aced688dea9901	5419770959bdb8998b693fb2275b47e29b92367c	ROUND16A_PRODUCTION_COMPOSITION	R16A-PCOMP-9D01A6B08F7E9BE1FB81	frontend/generated/trace-exploration-v2/production-read-model.json	53eaf59c95446eeb3781a7153183c54b3ff59fd52f21744cc917053959dfdcc9	R16A-PCOMP-9D01A6B08F7E9BE1FB81	cc01d155ddc5cd2f02b5ed149566aa28f21d226408c3e5309c24e5bfd9101525	83009b1d124d4635a57866eeffba5e1a1a33e499bd60b30c6346b94ff1a04f8e	"[""R16B-SENSE:698710ef66f0d551cde028b8e54bdbf6051b96902a736be6b9ab45d1ad91f848"",""R16B-SENSE:9415fd18554090ac9dd2dfc28a1ec541d67a94b8421b1cefafa578a03302257d"",""R16B-SENSE:9c499c8b62d5222b0be4049597c613d82925ede87bf34656671a6b1e4e491bc3""]"	"[""R16B-LOCAL-FAMILY:83009b1d124d4635a57866eeffba5e1a1a33e499bd60b30c6346b94ff1a04f8e""]"	"[""BOUNDED_SENSE_OR_SCOPE_CONFLICT""]"	"[""R16A-ENTRY-1D7017FE8F52F80A5CB0"",""R16A-SEED-112A08B6B412ACA3BFA2""]"	"[""R16A-PAIR:4cf124f8588611ba0a2f76bce26ab0b5890dcfcf71d9283888d62d58bcdb974a"",""R16A-PAIR:c58fe913fc06f2896c1022f7ccc0e9de1b0f7f1121f09c7d18162d40fe764cf9""]"	PRODUCT_VISIBLE_V2	BINARY_CONVERGENCE	REJECTED	FAMILY_FINAL_DISPOSITION:BOUNDED_SENSE_OR_SCOPE_CONFLICT	false	false	false	false	Preserve the audit receipt, retire the prior object from active product eligibility, and do not project or synthesize a replacement association.	f78445422a34d044071740fbeb20276acce75986f957856f80085529349415e6
468105499c7be102deec7d6555aced688dea9901	5419770959bdb8998b693fb2275b47e29b92367c	ROUND16A_PRODUCTION_COMPOSITION	R16A-PCOMP-9E11CB30C5A66D57F31C	frontend/generated/trace-exploration-v2/production-read-model.json	53eaf59c95446eeb3781a7153183c54b3ff59fd52f21744cc917053959dfdcc9	R16A-PCOMP-9E11CB30C5A66D57F31C	959c06930f811b12f46b165d123ee3efcf5e7d27c2a0d9feda1ecfe8170b1c3e	3648ab4f374cda7a490244914de785b764e7e4f7c872f094e8a2d3f03a71a560	"[""R16B-SENSE:4e14e64610176c44c8a9775fba3a7d484b4eee0fb06ee9553c17675cb7f0b634"",""R16B-SENSE:f0e28e13851d04c13b701f53d9b3911cb50fc572cc6203c64527804f0b37e909"",""R16B-SENSE:fa3369a6eb4bebe96ee289987f963e539b8da9c27ea0f454e8a24b6bddf9306f""]"	"[""R16B-LOCAL-FAMILY:3648ab4f374cda7a490244914de785b764e7e4f7c872f094e8a2d3f03a71a560""]"	"[""PAIRWISE_SUPPORT_WITHOUT_GROUP_COHERENCE""]"	"[""R16A-ENTRY-430BB9381726BC21FB29"",""R16A-SEED-ACD401C10AF581C9942F""]"	"[""R16A-PAIR:db9e8b1d1d7e17983872e3600cd1a3ce5ae7f3c907ae70bdeafcbd0b2c6a0460"",""R16A-PAIR:f82795fcaba53ac0c255461d014e82b9e563362b645b4c65a58e27644e22c54c""]"	PRODUCT_VISIBLE_V2	LINEAR_PATH	CORRECTED	FAMILY_FINAL_DISPOSITION:PAIRWISE_SUPPORT_WITHOUT_GROUP_COHERENCE	false	false	false	false	Preserve separately governed pair records, remove the unsupported group-coherence implication, and regenerate with corrected association provenance.	76f80190a2c4e2d987f0ba545ac90bad9e5e9a935427d756f4894a5ba87525bc
468105499c7be102deec7d6555aced688dea9901	5419770959bdb8998b693fb2275b47e29b92367c	ROUND16A_PRODUCTION_COMPOSITION	R16A-PCOMP-A08F0A2D41741D3BF333	frontend/generated/trace-exploration-v2/production-read-model.json	53eaf59c95446eeb3781a7153183c54b3ff59fd52f21744cc917053959dfdcc9	R16A-PCOMP-A08F0A2D41741D3BF333	34697ef99b1692dbd816a0afa7b71e28b147d37f278c9250308ad8f187a6d6f1	15f5757830dfe043fb27e73c28ff3bfd902aaa9c938ab254fda8682d359a7249	"[""R16B-SENSE:6672e4d46dd04d497061cde0fb1319f2795e43fafb72f047ac8a663d5c0dabfb"",""R16B-SENSE:9f5a38a6fb1ca9212921419af18b59d535ee2f944c89ce002dfa6db54090b9c8"",""R16B-SENSE:aaba242b61f07fc7756aa5d54b3d132896c230e138451ec96ac3b40b8c2c3ec3""]"	"[""R16B-LOCAL-FAMILY:15f5757830dfe043fb27e73c28ff3bfd902aaa9c938ab254fda8682d359a7249""]"	"[""PAIRWISE_SUPPORT_WITHOUT_GROUP_COHERENCE""]"	"[""R16A-ENTRY-111DBBEB2F71DFDD32FF"",""R16A-SEED-232ADE9D26CF6E294909""]"	"[""R16A-PAIR:09108fb32fbc17acaa1205d07d048a5e74371e81f8c5919a24f86af4ddc3d677"",""R16A-PAIR:9d6b149f9ea2e617d5b45153c18bed1eeff22bd4c979cc8d6767b8c213e4d419""]"	PRODUCT_VISIBLE_V2	BINARY_CONVERGENCE	CORRECTED	FAMILY_FINAL_DISPOSITION:PAIRWISE_SUPPORT_WITHOUT_GROUP_COHERENCE	false	false	false	false	Preserve separately governed pair records, remove the unsupported group-coherence implication, and regenerate with corrected association provenance.	c101459acb831a80bafeafea4f25fda32d710d2f1f3b7e69016cccc12e1ab00a
468105499c7be102deec7d6555aced688dea9901	5419770959bdb8998b693fb2275b47e29b92367c	ROUND16A_PRODUCTION_COMPOSITION	R16A-PCOMP-A26E8C9D50CE5D4B7CAD	frontend/generated/trace-exploration-v2/production-read-model.json	53eaf59c95446eeb3781a7153183c54b3ff59fd52f21744cc917053959dfdcc9	R16A-PCOMP-A26E8C9D50CE5D4B7CAD	d2641443c1fdf951dee4ae45aab642c1620f4fcee2bf79300c33e05902364382	23b72032e8165ac9f164a43ac0e1932f2fe4354f1b89f62d67ebe7d497de7af1	"[""R16B-SENSE:4e14e64610176c44c8a9775fba3a7d484b4eee0fb06ee9553c17675cb7f0b634"",""R16B-SENSE:f26224717160ca63c45ca85fe7c23e1469baa3e10672a68beafb13d195d0915d"",""R16B-SENSE:fa3369a6eb4bebe96ee289987f963e539b8da9c27ea0f454e8a24b6bddf9306f""]"	"[""R16B-LOCAL-FAMILY:23b72032e8165ac9f164a43ac0e1932f2fe4354f1b89f62d67ebe7d497de7af1""]"	"[""PAIRWISE_SUPPORT_WITHOUT_GROUP_COHERENCE""]"	"[""R16A-ENTRY-54148ACF0E6203E0DE04"",""R16A-SEED-3CF6D31F7730480B5A0D""]"	"[""R16A-PAIR:2ea00c84f44e9da21aae78f742f5cf6cba09fee7e94d77ff3420dc07dd64cbb5"",""R16A-PAIR:5841a12151ac0ce714f0b8e279e939bed009b3f2be71086cde6033cbbd11b4ea""]"	PRODUCT_VISIBLE_V2	BINARY_CONVERGENCE	CORRECTED	FAMILY_FINAL_DISPOSITION:PAIRWISE_SUPPORT_WITHOUT_GROUP_COHERENCE	false	false	false	false	Preserve separately governed pair records, remove the unsupported group-coherence implication, and regenerate with corrected association provenance.	76bdb23aa1fb3b61bb8d5c2a5656e31492c587c1bfab7c6d4f4cd25b2a59ca85
468105499c7be102deec7d6555aced688dea9901	5419770959bdb8998b693fb2275b47e29b92367c	ROUND16A_PRODUCTION_COMPOSITION	R16A-PCOMP-A3522EA5339918825DAB	frontend/generated/trace-exploration-v2/production-read-model.json	53eaf59c95446eeb3781a7153183c54b3ff59fd52f21744cc917053959dfdcc9	R16A-PCOMP-A3522EA5339918825DAB	634a0f16989dc5748fad33f3a91a97d5110bbe81a9a36f0ed2218b70ee0325d2	e33bd6538eb80f04087e13b1896ff995a5523453a10e8f4aec460ef9fdd87376	"[""R16B-SENSE:4e14e64610176c44c8a9775fba3a7d484b4eee0fb06ee9553c17675cb7f0b634"",""R16B-SENSE:f0e28e13851d04c13b701f53d9b3911cb50fc572cc6203c64527804f0b37e909"",""R16B-SENSE:f26224717160ca63c45ca85fe7c23e1469baa3e10672a68beafb13d195d0915d""]"	"[""R16B-LOCAL-FAMILY:e33bd6538eb80f04087e13b1896ff995a5523453a10e8f4aec460ef9fdd87376""]"	"[""PAIRWISE_SUPPORT_WITHOUT_GROUP_COHERENCE""]"	"[""R16A-ENTRY-838873C85DA1094B688B"",""R16A-SEED-746422EC25D108EFC990""]"	"[""R16A-PAIR:5841a12151ac0ce714f0b8e279e939bed009b3f2be71086cde6033cbbd11b4ea"",""R16A-PAIR:e153332b67669fdaa24f256bfcf61135e56eb2894e48481afc71ae4327c81422""]"	PRODUCT_VISIBLE_V2	LINEAR_PATH	CORRECTED	FAMILY_FINAL_DISPOSITION:PAIRWISE_SUPPORT_WITHOUT_GROUP_COHERENCE	false	false	false	false	Preserve separately governed pair records, remove the unsupported group-coherence implication, and regenerate with corrected association provenance.	9adf5f1d63c19bd6a01e70b45570db9cb28093fe1c32db09fc291b99253978d7
468105499c7be102deec7d6555aced688dea9901	5419770959bdb8998b693fb2275b47e29b92367c	ROUND16A_PRODUCTION_COMPOSITION	R16A-PCOMP-A4BDE85A7EED89E9194D	frontend/generated/trace-exploration-v2/production-read-model.json	53eaf59c95446eeb3781a7153183c54b3ff59fd52f21744cc917053959dfdcc9	R16A-PCOMP-A4BDE85A7EED89E9194D	07aba8224e9b18f65732d02f9d5f2bcf14677d7949a23c07f11a39d0a7a614c2	1d76bf657bbdec293265d051268a2a1153be0108b15a8d63ebbf2cb98cf6f06a	"[""R16B-SENSE:0ebc966b965fc5703be0f4bae727d337f32d83eb7db9066e926a2530dcfa0171"",""R16B-SENSE:61aaade597c45243fcdef0d2514fc52f58a066ae5c9f4ad550727cb75b124f64"",""R16B-SENSE:697603bbe891d791295d478b3b16d10add9bdab1fd92826d63d8b630f3779cfb""]"	"[""R16B-LOCAL-FAMILY:1d76bf657bbdec293265d051268a2a1153be0108b15a8d63ebbf2cb98cf6f06a""]"	"[""INQUIRY_ONLY_OR_UNRESOLVED""]"	"[""R16A-ENTRY-1DE2FF3D67B53BD7BBE5"",""R16A-SEED-454F211E9344171CE198""]"	"[""R16A-PAIR:43fa33f1a987090224619eb68e83d246be7705f94d1b2e364bdfb2b73fc1a94f"",""R16A-PAIR:891e0c3d300d8c4af59fbef2f00d164ee9c22df4148122c54ed84daee1dcb37e""]"	PRODUCT_VISIBLE_V2	BINARY_FORK	INQUIRY	FAMILY_FINAL_DISPOSITION:INQUIRY_ONLY_OR_UNRESOLVED	false	false	false	false	Preserve as an explicitly inquiry-only baseline artifact; do not activate a product path while evidence or authority remains unresolved.	e7adfc70a196c2402e64f90e9a05582dde618a239453664e33db00ac87200efe
468105499c7be102deec7d6555aced688dea9901	5419770959bdb8998b693fb2275b47e29b92367c	ROUND16A_PRODUCTION_COMPOSITION	R16A-PCOMP-A4D63743BF118A6B5EEB	frontend/generated/trace-exploration-v2/production-read-model.json	53eaf59c95446eeb3781a7153183c54b3ff59fd52f21744cc917053959dfdcc9	R16A-PCOMP-A4D63743BF118A6B5EEB	ab71306a06e25120bf6320ea2691147371565b13c12e6e7c63867d3b8774ed27	af25d1d4c93f79886769d53d071805bd5b6726130b153e4484121321d1122e3a	"[""R16B-SENSE:f0e28e13851d04c13b701f53d9b3911cb50fc572cc6203c64527804f0b37e909"",""R16B-SENSE:f26224717160ca63c45ca85fe7c23e1469baa3e10672a68beafb13d195d0915d"",""R16B-SENSE:fa3369a6eb4bebe96ee289987f963e539b8da9c27ea0f454e8a24b6bddf9306f""]"	"[""R16B-LOCAL-FAMILY:af25d1d4c93f79886769d53d071805bd5b6726130b153e4484121321d1122e3a""]"	"[""PAIRWISE_SUPPORT_WITHOUT_GROUP_COHERENCE""]"	"[""R16A-ENTRY-D029EB63743D246F4E72"",""R16A-SEED-21629B4791B6489C5567""]"	"[""R16A-PAIR:2ea00c84f44e9da21aae78f742f5cf6cba09fee7e94d77ff3420dc07dd64cbb5"",""R16A-PAIR:e153332b67669fdaa24f256bfcf61135e56eb2894e48481afc71ae4327c81422""]"	PRODUCT_VISIBLE_V2	LINEAR_PATH	CORRECTED	FAMILY_FINAL_DISPOSITION:PAIRWISE_SUPPORT_WITHOUT_GROUP_COHERENCE	false	false	false	false	Preserve separately governed pair records, remove the unsupported group-coherence implication, and regenerate with corrected association provenance.	db4f0bfa63c8ae641ad11743293806bf9e7fe67f288ef083a466bd4968f18060
468105499c7be102deec7d6555aced688dea9901	5419770959bdb8998b693fb2275b47e29b92367c	ROUND16A_PRODUCTION_COMPOSITION	R16A-PCOMP-A602BB9F2DAB8F8483EB	frontend/generated/trace-exploration-v2/production-read-model.json	53eaf59c95446eeb3781a7153183c54b3ff59fd52f21744cc917053959dfdcc9	R16A-PCOMP-A602BB9F2DAB8F8483EB	6eec0d24d95a581ef69fea95b86de2585372f3fd9bb2f765fbeb4ab1f6c4af89	89817e7a449f1cc7b574fb1b89c9541f765e52825c5cb62bf0a2bb833e8f970a	"[""R16B-SENSE:4e14e64610176c44c8a9775fba3a7d484b4eee0fb06ee9553c17675cb7f0b634"",""R16B-SENSE:f0e28e13851d04c13b701f53d9b3911cb50fc572cc6203c64527804f0b37e909"",""R16B-SENSE:f26224717160ca63c45ca85fe7c23e1469baa3e10672a68beafb13d195d0915d"",""R16B-SENSE:fa3369a6eb4bebe96ee289987f963e539b8da9c27ea0f454e8a24b6bddf9306f""]"	"[""R16B-LOCAL-FAMILY:89817e7a449f1cc7b574fb1b89c9541f765e52825c5cb62bf0a2bb833e8f970a""]"	"[""INQUIRY_ONLY_OR_UNRESOLVED""]"	"[""R16A-ENTRY-9BFF07A47538126EA0E2"",""R16A-SEED-51B032F87E2717172268""]"	"[""R16A-PAIR:5841a12151ac0ce714f0b8e279e939bed009b3f2be71086cde6033cbbd11b4ea"",""R16A-PAIR:db9e8b1d1d7e17983872e3600cd1a3ce5ae7f3c907ae70bdeafcbd0b2c6a0460"",""R16A-PAIR:e153332b67669fdaa24f256bfcf61135e56eb2894e48481afc71ae4327c81422""]"	PRODUCT_VISIBLE_V2	LINEAR_PATH	INQUIRY	FAMILY_FINAL_DISPOSITION:INQUIRY_ONLY_OR_UNRESOLVED	false	false	false	false	Preserve as an explicitly inquiry-only baseline artifact; do not activate a product path while evidence or authority remains unresolved.	ce2df9e9e8baf0c31eb4ea17f30bc7180e0fcc39e0773303d0f29e50b77b09ca
468105499c7be102deec7d6555aced688dea9901	5419770959bdb8998b693fb2275b47e29b92367c	ROUND16A_PRODUCTION_COMPOSITION	R16A-PCOMP-A9F2BF8BC47DDFB0DADF	frontend/generated/trace-exploration-v2/production-read-model.json	53eaf59c95446eeb3781a7153183c54b3ff59fd52f21744cc917053959dfdcc9	R16A-PCOMP-A9F2BF8BC47DDFB0DADF	0c2258acf88cb62c50dfd5de556937b6e4cb2b1d31ef14bccce2f2271e387287	89817e7a449f1cc7b574fb1b89c9541f765e52825c5cb62bf0a2bb833e8f970a	"[""R16B-SENSE:4e14e64610176c44c8a9775fba3a7d484b4eee0fb06ee9553c17675cb7f0b634"",""R16B-SENSE:f0e28e13851d04c13b701f53d9b3911cb50fc572cc6203c64527804f0b37e909"",""R16B-SENSE:f26224717160ca63c45ca85fe7c23e1469baa3e10672a68beafb13d195d0915d"",""R16B-SENSE:fa3369a6eb4bebe96ee289987f963e539b8da9c27ea0f454e8a24b6bddf9306f""]"	"[""R16B-LOCAL-FAMILY:89817e7a449f1cc7b574fb1b89c9541f765e52825c5cb62bf0a2bb833e8f970a""]"	"[""INQUIRY_ONLY_OR_UNRESOLVED""]"	"[""R16A-ENTRY-4BFE43E2A3DE9957FB93"",""R16A-SEED-EB9B1BDC8C214F1C9BB9""]"	"[""R16A-PAIR:2ea00c84f44e9da21aae78f742f5cf6cba09fee7e94d77ff3420dc07dd64cbb5"",""R16A-PAIR:5841a12151ac0ce714f0b8e279e939bed009b3f2be71086cde6033cbbd11b4ea"",""R16A-PAIR:f82795fcaba53ac0c255461d014e82b9e563362b645b4c65a58e27644e22c54c""]"	PRODUCT_VISIBLE_V2	LINEAR_PATH	INQUIRY	FAMILY_FINAL_DISPOSITION:INQUIRY_ONLY_OR_UNRESOLVED	false	false	false	false	Preserve as an explicitly inquiry-only baseline artifact; do not activate a product path while evidence or authority remains unresolved.	1222f4d8f8dcdea24a424fe2329c36ab74d04832241f3168dada8b56784815fe
468105499c7be102deec7d6555aced688dea9901	5419770959bdb8998b693fb2275b47e29b92367c	ROUND16A_PRODUCTION_COMPOSITION	R16A-PCOMP-AAFBB9C4518A72E53307	frontend/generated/trace-exploration-v2/production-read-model.json	53eaf59c95446eeb3781a7153183c54b3ff59fd52f21744cc917053959dfdcc9	R16A-PCOMP-AAFBB9C4518A72E53307	36e2639ea98079c83a010470d77c4f665cf2db55d0a845d9501b6c695acbacf9	89817e7a449f1cc7b574fb1b89c9541f765e52825c5cb62bf0a2bb833e8f970a	"[""R16B-SENSE:4e14e64610176c44c8a9775fba3a7d484b4eee0fb06ee9553c17675cb7f0b634"",""R16B-SENSE:f0e28e13851d04c13b701f53d9b3911cb50fc572cc6203c64527804f0b37e909"",""R16B-SENSE:f26224717160ca63c45ca85fe7c23e1469baa3e10672a68beafb13d195d0915d"",""R16B-SENSE:fa3369a6eb4bebe96ee289987f963e539b8da9c27ea0f454e8a24b6bddf9306f""]"	"[""R16B-LOCAL-FAMILY:89817e7a449f1cc7b574fb1b89c9541f765e52825c5cb62bf0a2bb833e8f970a""]"	"[""INQUIRY_ONLY_OR_UNRESOLVED""]"	"[""R16A-ENTRY-34FE968144746CDA094A"",""R16A-SEED-C3CC2CBD63E086FA5E98""]"	"[""R16A-PAIR:db9e8b1d1d7e17983872e3600cd1a3ce5ae7f3c907ae70bdeafcbd0b2c6a0460"",""R16A-PAIR:e153332b67669fdaa24f256bfcf61135e56eb2894e48481afc71ae4327c81422"",""R16A-PAIR:f82795fcaba53ac0c255461d014e82b9e563362b645b4c65a58e27644e22c54c""]"	PRODUCT_VISIBLE_V2	LINEAR_PATH	INQUIRY	FAMILY_FINAL_DISPOSITION:INQUIRY_ONLY_OR_UNRESOLVED	false	false	false	false	Preserve as an explicitly inquiry-only baseline artifact; do not activate a product path while evidence or authority remains unresolved.	38400531016cdfac5ea6dfdec308b0df42c604daa596969223589932956c1aa1
468105499c7be102deec7d6555aced688dea9901	5419770959bdb8998b693fb2275b47e29b92367c	ROUND16A_PRODUCTION_COMPOSITION	R16A-PCOMP-AFC0F9671CA9A882FD24	frontend/generated/trace-exploration-v2/production-read-model.json	53eaf59c95446eeb3781a7153183c54b3ff59fd52f21744cc917053959dfdcc9	R16A-PCOMP-AFC0F9671CA9A882FD24	debdf2ee4eb07297779f54146495c4ea4bec69c912225bef43fda1f1b54ad639	23b72032e8165ac9f164a43ac0e1932f2fe4354f1b89f62d67ebe7d497de7af1	"[""R16B-SENSE:4e14e64610176c44c8a9775fba3a7d484b4eee0fb06ee9553c17675cb7f0b634"",""R16B-SENSE:f26224717160ca63c45ca85fe7c23e1469baa3e10672a68beafb13d195d0915d"",""R16B-SENSE:fa3369a6eb4bebe96ee289987f963e539b8da9c27ea0f454e8a24b6bddf9306f""]"	"[""R16B-LOCAL-FAMILY:23b72032e8165ac9f164a43ac0e1932f2fe4354f1b89f62d67ebe7d497de7af1""]"	"[""PAIRWISE_SUPPORT_WITHOUT_GROUP_COHERENCE""]"	"[""R16A-ENTRY-BBDF1E0FB4DFD49A58BD"",""R16A-SEED-DA83AA378EAF4DAA0B40""]"	"[""R16A-PAIR:2ea00c84f44e9da21aae78f742f5cf6cba09fee7e94d77ff3420dc07dd64cbb5"",""R16A-PAIR:db9e8b1d1d7e17983872e3600cd1a3ce5ae7f3c907ae70bdeafcbd0b2c6a0460""]"	PRODUCT_VISIBLE_V2	BINARY_CONVERGENCE	CORRECTED	FAMILY_FINAL_DISPOSITION:PAIRWISE_SUPPORT_WITHOUT_GROUP_COHERENCE	false	false	false	false	Preserve separately governed pair records, remove the unsupported group-coherence implication, and regenerate with corrected association provenance.	6015178eb71e1651082ba90e3d2ada7a176b02414d0e552766a104c82ad0da11
468105499c7be102deec7d6555aced688dea9901	5419770959bdb8998b693fb2275b47e29b92367c	ROUND16A_PRODUCTION_COMPOSITION	R16A-PCOMP-B587B0DFF7C7AAFD92DE	frontend/generated/trace-exploration-v2/production-read-model.json	53eaf59c95446eeb3781a7153183c54b3ff59fd52f21744cc917053959dfdcc9	R16A-PCOMP-B587B0DFF7C7AAFD92DE	6a3efe03456ac77e82b3fb7292306a0f32aa388c28efeb870906d189bcf0ffcd	7e0a0ee4f78d2f565c4f7771653ecc5a27828dd9fb704139d1e068f2a5fdce64	"[""R16B-SENSE:06c230c771547ee49390903e0bad7aaf44063613309c93bcbd72e808116af4c6"",""R16B-SENSE:35489187871bfd7b7be6e2d5268a3a922984d3bdad9e9a8ca61ea6edee84a5a7"",""R16B-SENSE:419a96e12217bfa4ed031510c32033cb2408489e3abb14eb28291b13c068e159""]"	"[""R16B-LOCAL-FAMILY:7e0a0ee4f78d2f565c4f7771653ecc5a27828dd9fb704139d1e068f2a5fdce64""]"	"[""BOUNDED_SENSE_OR_SCOPE_CONFLICT""]"	"[""R16A-ENTRY-0CF16C73328C5B90D338"",""R16A-SEED-8B36FCBD1CF323D8CA35""]"	"[""R16A-PAIR:27598c04934f3d33ad80dfb1aecc18d272cf86ee7fe3a726a95aae81144dfb06"",""R16A-PAIR:818cc370417319af9a65fec5211969862df5c48a821265533ba289932e57b18c""]"	PRODUCT_VISIBLE_V2	BINARY_CONVERGENCE	REJECTED	FAMILY_FINAL_DISPOSITION:BOUNDED_SENSE_OR_SCOPE_CONFLICT	false	false	false	false	Preserve the audit receipt, retire the prior object from active product eligibility, and do not project or synthesize a replacement association.	436e868db2a5d17829ac80b3af6fd0ae5fd7e7361af87156fb503243f1c301e3
468105499c7be102deec7d6555aced688dea9901	5419770959bdb8998b693fb2275b47e29b92367c	ROUND16A_PRODUCTION_COMPOSITION	R16A-PCOMP-B6A8D346972E06763D12	frontend/generated/trace-exploration-v2/production-read-model.json	53eaf59c95446eeb3781a7153183c54b3ff59fd52f21744cc917053959dfdcc9	R16A-PCOMP-B6A8D346972E06763D12	38174b9657d266e9c1dcf2aa122db36e7e801f110dd352592e486ece94ec1277	7e0a0ee4f78d2f565c4f7771653ecc5a27828dd9fb704139d1e068f2a5fdce64	"[""R16B-SENSE:06c230c771547ee49390903e0bad7aaf44063613309c93bcbd72e808116af4c6"",""R16B-SENSE:35489187871bfd7b7be6e2d5268a3a922984d3bdad9e9a8ca61ea6edee84a5a7"",""R16B-SENSE:419a96e12217bfa4ed031510c32033cb2408489e3abb14eb28291b13c068e159""]"	"[""R16B-LOCAL-FAMILY:7e0a0ee4f78d2f565c4f7771653ecc5a27828dd9fb704139d1e068f2a5fdce64""]"	"[""BOUNDED_SENSE_OR_SCOPE_CONFLICT""]"	"[""R16A-ENTRY-A66B2555C5B3B9098145"",""R16A-SEED-A048E12F43068B254386""]"	"[""R16A-PAIR:27598c04934f3d33ad80dfb1aecc18d272cf86ee7fe3a726a95aae81144dfb06"",""R16A-PAIR:a364e4ea20e2f9e24e1fc980dc1ab703ae69a0fc86aa626a14e45cca0ea3bbb2""]"	PRODUCT_VISIBLE_V2	LINEAR_PATH	REJECTED	FAMILY_FINAL_DISPOSITION:BOUNDED_SENSE_OR_SCOPE_CONFLICT	false	false	false	false	Preserve the audit receipt, retire the prior object from active product eligibility, and do not project or synthesize a replacement association.	4902514d988ac71ac58416e110406a92541b6005e4e16ec62a39a598d5a90ae5
468105499c7be102deec7d6555aced688dea9901	5419770959bdb8998b693fb2275b47e29b92367c	ROUND16A_PRODUCTION_COMPOSITION	R16A-PCOMP-B8776B46860254CE5167	frontend/generated/trace-exploration-v2/production-read-model.json	53eaf59c95446eeb3781a7153183c54b3ff59fd52f21744cc917053959dfdcc9	R16A-PCOMP-B8776B46860254CE5167	620863ec45545bb3d07683d117a8b69a5d5ddfa2fbaaf52be822b58d541ca119	23b72032e8165ac9f164a43ac0e1932f2fe4354f1b89f62d67ebe7d497de7af1	"[""R16B-SENSE:4e14e64610176c44c8a9775fba3a7d484b4eee0fb06ee9553c17675cb7f0b634"",""R16B-SENSE:f26224717160ca63c45ca85fe7c23e1469baa3e10672a68beafb13d195d0915d"",""R16B-SENSE:fa3369a6eb4bebe96ee289987f963e539b8da9c27ea0f454e8a24b6bddf9306f""]"	"[""R16B-LOCAL-FAMILY:23b72032e8165ac9f164a43ac0e1932f2fe4354f1b89f62d67ebe7d497de7af1""]"	"[""PAIRWISE_SUPPORT_WITHOUT_GROUP_COHERENCE""]"	"[""R16A-ENTRY-AB7FCECC3E294B8FBF9D"",""R16A-SEED-08F5D232D5C75DD636B7""]"	"[""R16A-PAIR:5841a12151ac0ce714f0b8e279e939bed009b3f2be71086cde6033cbbd11b4ea"",""R16A-PAIR:db9e8b1d1d7e17983872e3600cd1a3ce5ae7f3c907ae70bdeafcbd0b2c6a0460""]"	PRODUCT_VISIBLE_V2	BINARY_CONVERGENCE	CORRECTED	FAMILY_FINAL_DISPOSITION:PAIRWISE_SUPPORT_WITHOUT_GROUP_COHERENCE	false	false	false	false	Preserve separately governed pair records, remove the unsupported group-coherence implication, and regenerate with corrected association provenance.	9ae75bccec1a59cf61538ca805f890f3f909f4b2b53436d69d2be8e6e2e81b45
468105499c7be102deec7d6555aced688dea9901	5419770959bdb8998b693fb2275b47e29b92367c	ROUND16A_PRODUCTION_COMPOSITION	R16A-PCOMP-B88F606C91EA118DF996	frontend/generated/trace-exploration-v2/production-read-model.json	53eaf59c95446eeb3781a7153183c54b3ff59fd52f21744cc917053959dfdcc9	R16A-PCOMP-B88F606C91EA118DF996	c1914507b52122ccdc5351f185eee6bdb84891114549b102d3ff644c494bceb8	89817e7a449f1cc7b574fb1b89c9541f765e52825c5cb62bf0a2bb833e8f970a	"[""R16B-SENSE:4e14e64610176c44c8a9775fba3a7d484b4eee0fb06ee9553c17675cb7f0b634"",""R16B-SENSE:f0e28e13851d04c13b701f53d9b3911cb50fc572cc6203c64527804f0b37e909"",""R16B-SENSE:f26224717160ca63c45ca85fe7c23e1469baa3e10672a68beafb13d195d0915d"",""R16B-SENSE:fa3369a6eb4bebe96ee289987f963e539b8da9c27ea0f454e8a24b6bddf9306f""]"	"[""R16B-LOCAL-FAMILY:89817e7a449f1cc7b574fb1b89c9541f765e52825c5cb62bf0a2bb833e8f970a""]"	"[""INQUIRY_ONLY_OR_UNRESOLVED""]"	"[""R16A-ENTRY-9BFF07A47538126EA0E2"",""R16A-SEED-CB11AD83DDCE3836D1ED""]"	"[""R16A-PAIR:5841a12151ac0ce714f0b8e279e939bed009b3f2be71086cde6033cbbd11b4ea"",""R16A-PAIR:db9e8b1d1d7e17983872e3600cd1a3ce5ae7f3c907ae70bdeafcbd0b2c6a0460"",""R16A-PAIR:e153332b67669fdaa24f256bfcf61135e56eb2894e48481afc71ae4327c81422""]"	PRODUCT_VISIBLE_V2	LINEAR_PATH	INQUIRY	FAMILY_FINAL_DISPOSITION:INQUIRY_ONLY_OR_UNRESOLVED	false	false	false	false	Preserve as an explicitly inquiry-only baseline artifact; do not activate a product path while evidence or authority remains unresolved.	d319276e9e1259087a3d79a48240bca51654b7e2318068bee4210cff0a534990
468105499c7be102deec7d6555aced688dea9901	5419770959bdb8998b693fb2275b47e29b92367c	ROUND16A_PRODUCTION_COMPOSITION	R16A-PCOMP-B89CF80F1962096CE97B	frontend/generated/trace-exploration-v2/production-read-model.json	53eaf59c95446eeb3781a7153183c54b3ff59fd52f21744cc917053959dfdcc9	R16A-PCOMP-B89CF80F1962096CE97B	407bcc753e9c18aa55d4a1e690c4ab5086ca9e107ed82f454a10b9ad6ca49969	7e0a0ee4f78d2f565c4f7771653ecc5a27828dd9fb704139d1e068f2a5fdce64	"[""R16B-SENSE:06c230c771547ee49390903e0bad7aaf44063613309c93bcbd72e808116af4c6"",""R16B-SENSE:35489187871bfd7b7be6e2d5268a3a922984d3bdad9e9a8ca61ea6edee84a5a7"",""R16B-SENSE:419a96e12217bfa4ed031510c32033cb2408489e3abb14eb28291b13c068e159""]"	"[""R16B-LOCAL-FAMILY:7e0a0ee4f78d2f565c4f7771653ecc5a27828dd9fb704139d1e068f2a5fdce64""]"	"[""BOUNDED_SENSE_OR_SCOPE_CONFLICT""]"	"[""R16A-ENTRY-581AD023EC2EBAE131E5"",""R16A-SEED-5D5B9B0E54ECDCBB7F0E""]"	"[""R16A-PAIR:27598c04934f3d33ad80dfb1aecc18d272cf86ee7fe3a726a95aae81144dfb06"",""R16A-PAIR:818cc370417319af9a65fec5211969862df5c48a821265533ba289932e57b18c""]"	PRODUCT_VISIBLE_V2	LINEAR_PATH	REJECTED	FAMILY_FINAL_DISPOSITION:BOUNDED_SENSE_OR_SCOPE_CONFLICT	false	false	false	false	Preserve the audit receipt, retire the prior object from active product eligibility, and do not project or synthesize a replacement association.	c452c90167ef7289fd0d13874f16362f15d42b552ae568854f5383353559e53f
468105499c7be102deec7d6555aced688dea9901	5419770959bdb8998b693fb2275b47e29b92367c	ROUND16A_PRODUCTION_COMPOSITION	R16A-PCOMP-BBF31442BB323BF620E9	frontend/generated/trace-exploration-v2/production-read-model.json	53eaf59c95446eeb3781a7153183c54b3ff59fd52f21744cc917053959dfdcc9	R16A-PCOMP-BBF31442BB323BF620E9	91ca763752180af72b2acf90ce2ea1f8d3b272c0ad712f061162a431807a2823	7e0a0ee4f78d2f565c4f7771653ecc5a27828dd9fb704139d1e068f2a5fdce64	"[""R16B-SENSE:06c230c771547ee49390903e0bad7aaf44063613309c93bcbd72e808116af4c6"",""R16B-SENSE:35489187871bfd7b7be6e2d5268a3a922984d3bdad9e9a8ca61ea6edee84a5a7"",""R16B-SENSE:419a96e12217bfa4ed031510c32033cb2408489e3abb14eb28291b13c068e159""]"	"[""R16B-LOCAL-FAMILY:7e0a0ee4f78d2f565c4f7771653ecc5a27828dd9fb704139d1e068f2a5fdce64""]"	"[""BOUNDED_SENSE_OR_SCOPE_CONFLICT""]"	"[""R16A-ENTRY-378B477BAD2CA5A0654A"",""R16A-SEED-51773AF0976D7C0F508B""]"	"[""R16A-PAIR:818cc370417319af9a65fec5211969862df5c48a821265533ba289932e57b18c"",""R16A-PAIR:a364e4ea20e2f9e24e1fc980dc1ab703ae69a0fc86aa626a14e45cca0ea3bbb2""]"	PRODUCT_VISIBLE_V2	LINEAR_PATH	REJECTED	FAMILY_FINAL_DISPOSITION:BOUNDED_SENSE_OR_SCOPE_CONFLICT	false	false	false	false	Preserve the audit receipt, retire the prior object from active product eligibility, and do not project or synthesize a replacement association.	2e1429e4c16da57bca2df81fffd623846f8b7f03ee6cc50234ff004d51340e39
468105499c7be102deec7d6555aced688dea9901	5419770959bdb8998b693fb2275b47e29b92367c	ROUND16A_PRODUCTION_COMPOSITION	R16A-PCOMP-BECA2223572D1F42CB33	frontend/generated/trace-exploration-v2/production-read-model.json	53eaf59c95446eeb3781a7153183c54b3ff59fd52f21744cc917053959dfdcc9	R16A-PCOMP-BECA2223572D1F42CB33	06adb99118f46b4535453c5c093b86b141d1f437e2f98850f152932837457ada	af25d1d4c93f79886769d53d071805bd5b6726130b153e4484121321d1122e3a	"[""R16B-SENSE:f0e28e13851d04c13b701f53d9b3911cb50fc572cc6203c64527804f0b37e909"",""R16B-SENSE:f26224717160ca63c45ca85fe7c23e1469baa3e10672a68beafb13d195d0915d"",""R16B-SENSE:fa3369a6eb4bebe96ee289987f963e539b8da9c27ea0f454e8a24b6bddf9306f""]"	"[""R16B-LOCAL-FAMILY:af25d1d4c93f79886769d53d071805bd5b6726130b153e4484121321d1122e3a""]"	"[""PAIRWISE_SUPPORT_WITHOUT_GROUP_COHERENCE""]"	"[""R16A-ENTRY-006D9BE268748B32931E"",""R16A-SEED-70BA0BBAE5A75B4D1707""]"	"[""R16A-PAIR:2ea00c84f44e9da21aae78f742f5cf6cba09fee7e94d77ff3420dc07dd64cbb5"",""R16A-PAIR:e153332b67669fdaa24f256bfcf61135e56eb2894e48481afc71ae4327c81422""]"	PRODUCT_VISIBLE_V2	BINARY_FORK	CORRECTED	FAMILY_FINAL_DISPOSITION:PAIRWISE_SUPPORT_WITHOUT_GROUP_COHERENCE	false	false	false	false	Preserve separately governed pair records, remove the unsupported group-coherence implication, and regenerate with corrected association provenance.	bf2a4cfef591b3f5aa9346dd711e718015d978adede1ad397a19446e93b63c2a
468105499c7be102deec7d6555aced688dea9901	5419770959bdb8998b693fb2275b47e29b92367c	ROUND16A_PRODUCTION_COMPOSITION	R16A-PCOMP-C03149A4922793B8501B	frontend/generated/trace-exploration-v2/production-read-model.json	53eaf59c95446eeb3781a7153183c54b3ff59fd52f21744cc917053959dfdcc9	R16A-PCOMP-C03149A4922793B8501B	cc5dbcc0c2103bbddf2434a58f4cface3d3daed2868b996df6478215200cbc01	23b72032e8165ac9f164a43ac0e1932f2fe4354f1b89f62d67ebe7d497de7af1	"[""R16B-SENSE:4e14e64610176c44c8a9775fba3a7d484b4eee0fb06ee9553c17675cb7f0b634"",""R16B-SENSE:f26224717160ca63c45ca85fe7c23e1469baa3e10672a68beafb13d195d0915d"",""R16B-SENSE:fa3369a6eb4bebe96ee289987f963e539b8da9c27ea0f454e8a24b6bddf9306f""]"	"[""R16B-LOCAL-FAMILY:23b72032e8165ac9f164a43ac0e1932f2fe4354f1b89f62d67ebe7d497de7af1""]"	"[""PAIRWISE_SUPPORT_WITHOUT_GROUP_COHERENCE""]"	"[""R16A-ENTRY-CF22E24752529D5C7894"",""R16A-SEED-3E74DFC23549F26A9062""]"	"[""R16A-PAIR:2ea00c84f44e9da21aae78f742f5cf6cba09fee7e94d77ff3420dc07dd64cbb5"",""R16A-PAIR:db9e8b1d1d7e17983872e3600cd1a3ce5ae7f3c907ae70bdeafcbd0b2c6a0460""]"	PRODUCT_VISIBLE_V2	BINARY_FORK	CORRECTED	FAMILY_FINAL_DISPOSITION:PAIRWISE_SUPPORT_WITHOUT_GROUP_COHERENCE	false	false	false	false	Preserve separately governed pair records, remove the unsupported group-coherence implication, and regenerate with corrected association provenance.	8a1eeaf112b78e46b8a1833565f8b31db0ccdcfea6644d91df0a21d89641aea7
468105499c7be102deec7d6555aced688dea9901	5419770959bdb8998b693fb2275b47e29b92367c	ROUND16A_PRODUCTION_COMPOSITION	R16A-PCOMP-C19F9339DD10B635AD0D	frontend/generated/trace-exploration-v2/production-read-model.json	53eaf59c95446eeb3781a7153183c54b3ff59fd52f21744cc917053959dfdcc9	R16A-PCOMP-C19F9339DD10B635AD0D	7756c39ab67a33be20419c7cc8845f520ab96b49c8675a00e61c8ce97e11fff1	9c036d39cfa771ac40c78c9387c2f2d2dd13b71b49a5e41b3c2777e67f29fc61	"[""R16B-SENSE:b25cab95ecf4ca503def2a66d5d89c36131f18c819b00e5c0c06737222baf067"",""R16B-SENSE:fd509f4a9f5aea51e88d869076b1534b55b173e8fd71bf4eb97c1c907a76859a""]"	[]	[]	"[""R16A-ENTRY-0C7D6D082C227461ACD2"",""R16A-SEED-BC0DBAC30CA3F276A335""]"	"[""R16A-PAIR:0c8c2331a9ba240c16d983a310a9cb7e83f44710cb57828cca8860aaf7799937""]"	PRODUCT_VISIBLE_V2	LINEAR_PATH	RETAINED	ROUND16A_ACTIVE_PAIR_BASELINE_NO_GROUP_CLAIM	false	false	false	false	Preserve the exact pair baseline without a manufactured group claim; regenerate any v3 product descendant before product activation.	b8f44799353159327d19079e72c93724683765112efc55b1518df796338eebf0
468105499c7be102deec7d6555aced688dea9901	5419770959bdb8998b693fb2275b47e29b92367c	ROUND16A_PRODUCTION_COMPOSITION	R16A-PCOMP-C266290FECA688658447	frontend/generated/trace-exploration-v2/production-read-model.json	53eaf59c95446eeb3781a7153183c54b3ff59fd52f21744cc917053959dfdcc9	R16A-PCOMP-C266290FECA688658447	c8b7d00a573aa9adfcc0e0972b6782f307dc47de7c4a7990f82bb9ae948dde04	23b72032e8165ac9f164a43ac0e1932f2fe4354f1b89f62d67ebe7d497de7af1	"[""R16B-SENSE:4e14e64610176c44c8a9775fba3a7d484b4eee0fb06ee9553c17675cb7f0b634"",""R16B-SENSE:f26224717160ca63c45ca85fe7c23e1469baa3e10672a68beafb13d195d0915d"",""R16B-SENSE:fa3369a6eb4bebe96ee289987f963e539b8da9c27ea0f454e8a24b6bddf9306f""]"	"[""R16B-LOCAL-FAMILY:23b72032e8165ac9f164a43ac0e1932f2fe4354f1b89f62d67ebe7d497de7af1""]"	"[""PAIRWISE_SUPPORT_WITHOUT_GROUP_COHERENCE""]"	"[""R16A-ENTRY-4A1926332CA14C8BF6B4"",""R16A-SEED-E3F2BD284FD38AB5D3B3""]"	"[""R16A-PAIR:2ea00c84f44e9da21aae78f742f5cf6cba09fee7e94d77ff3420dc07dd64cbb5"",""R16A-PAIR:5841a12151ac0ce714f0b8e279e939bed009b3f2be71086cde6033cbbd11b4ea""]"	PRODUCT_VISIBLE_V2	BINARY_FORK	CORRECTED	FAMILY_FINAL_DISPOSITION:PAIRWISE_SUPPORT_WITHOUT_GROUP_COHERENCE	false	false	false	false	Preserve separately governed pair records, remove the unsupported group-coherence implication, and regenerate with corrected association provenance.	75ea96760c036fc5b664ebdbea1f75f2dbc2bcd1d135dee6b4f81e730670ef9b
468105499c7be102deec7d6555aced688dea9901	5419770959bdb8998b693fb2275b47e29b92367c	ROUND16A_PRODUCTION_COMPOSITION	R16A-PCOMP-C49E86F7CD2BACDCA032	frontend/generated/trace-exploration-v2/production-read-model.json	53eaf59c95446eeb3781a7153183c54b3ff59fd52f21744cc917053959dfdcc9	R16A-PCOMP-C49E86F7CD2BACDCA032	7b741aa58ec20fb5a6a9e2bc79137c5bf8ecc560ace645af92e7a505fa912447	15f5757830dfe043fb27e73c28ff3bfd902aaa9c938ab254fda8682d359a7249	"[""R16B-SENSE:6672e4d46dd04d497061cde0fb1319f2795e43fafb72f047ac8a663d5c0dabfb"",""R16B-SENSE:9f5a38a6fb1ca9212921419af18b59d535ee2f944c89ce002dfa6db54090b9c8"",""R16B-SENSE:aaba242b61f07fc7756aa5d54b3d132896c230e138451ec96ac3b40b8c2c3ec3""]"	"[""R16B-LOCAL-FAMILY:15f5757830dfe043fb27e73c28ff3bfd902aaa9c938ab254fda8682d359a7249""]"	"[""PAIRWISE_SUPPORT_WITHOUT_GROUP_COHERENCE""]"	"[""R16A-ENTRY-BA03C3421E0AE166F87E"",""R16A-SEED-7245A28BDB8E54E49522""]"	"[""R16A-PAIR:09108fb32fbc17acaa1205d07d048a5e74371e81f8c5919a24f86af4ddc3d677"",""R16A-PAIR:9d6b149f9ea2e617d5b45153c18bed1eeff22bd4c979cc8d6767b8c213e4d419""]"	PRODUCT_VISIBLE_V2	BINARY_FORK	CORRECTED	FAMILY_FINAL_DISPOSITION:PAIRWISE_SUPPORT_WITHOUT_GROUP_COHERENCE	false	false	false	false	Preserve separately governed pair records, remove the unsupported group-coherence implication, and regenerate with corrected association provenance.	64d8129331e72f3588591d92368f3b9a7332c7dd0cf3f4beafa83a0f70a025cd
468105499c7be102deec7d6555aced688dea9901	5419770959bdb8998b693fb2275b47e29b92367c	ROUND16A_PRODUCTION_COMPOSITION	R16A-PCOMP-CA4FBF62D5331DFD039B	frontend/generated/trace-exploration-v2/production-read-model.json	53eaf59c95446eeb3781a7153183c54b3ff59fd52f21744cc917053959dfdcc9	R16A-PCOMP-CA4FBF62D5331DFD039B	451dff5068091bc79720bc789b28226fcf35df408f6355583f62d8a4454b3632	3b62255abc8ef0a877c0a06cfd81096b2b5c868e043d0e9a705b2d0ec997c4a0	"[""R16B-SENSE:06c230c771547ee49390903e0bad7aaf44063613309c93bcbd72e808116af4c6"",""R16B-SENSE:35489187871bfd7b7be6e2d5268a3a922984d3bdad9e9a8ca61ea6edee84a5a7""]"	[]	[]	"[""R16A-ENTRY-666718734C6948B5C92F"",""R16A-SEED-7C2763D837F2B6A31DC3""]"	"[""R16A-PAIR:818cc370417319af9a65fec5211969862df5c48a821265533ba289932e57b18c""]"	PRODUCT_VISIBLE_V2	LINEAR_PATH	RETAINED	ROUND16A_ACTIVE_PAIR_BASELINE_NO_GROUP_CLAIM	false	false	false	false	Preserve the exact pair baseline without a manufactured group claim; regenerate any v3 product descendant before product activation.	3b724273fdbf84c8d45cd2637545a555c64f3e7324afd3a59331a62c462687ea
468105499c7be102deec7d6555aced688dea9901	5419770959bdb8998b693fb2275b47e29b92367c	ROUND16A_PRODUCTION_COMPOSITION	R16A-PCOMP-CC5CE0DB07DCB0566D8A	frontend/generated/trace-exploration-v2/production-read-model.json	53eaf59c95446eeb3781a7153183c54b3ff59fd52f21744cc917053959dfdcc9	R16A-PCOMP-CC5CE0DB07DCB0566D8A	22bcaa27ba29926f47f34db06db7a78dd12897e2537e0d2eb7fc986332886e6c	1d76bf657bbdec293265d051268a2a1153be0108b15a8d63ebbf2cb98cf6f06a	"[""R16B-SENSE:0ebc966b965fc5703be0f4bae727d337f32d83eb7db9066e926a2530dcfa0171"",""R16B-SENSE:61aaade597c45243fcdef0d2514fc52f58a066ae5c9f4ad550727cb75b124f64"",""R16B-SENSE:697603bbe891d791295d478b3b16d10add9bdab1fd92826d63d8b630f3779cfb""]"	"[""R16B-LOCAL-FAMILY:1d76bf657bbdec293265d051268a2a1153be0108b15a8d63ebbf2cb98cf6f06a""]"	"[""INQUIRY_ONLY_OR_UNRESOLVED""]"	"[""R16A-ENTRY-EF8BD27CDE521536B350"",""R16A-SEED-DA2CDDBE2D057F3724F4""]"	"[""R16A-PAIR:43fa33f1a987090224619eb68e83d246be7705f94d1b2e364bdfb2b73fc1a94f"",""R16A-PAIR:c36555188472ea5287ed70295a1b85e92e2ba9468fc703d2fe8893de3fc55a1f""]"	PRODUCT_VISIBLE_V2	LINEAR_PATH	INQUIRY	FAMILY_FINAL_DISPOSITION:INQUIRY_ONLY_OR_UNRESOLVED	false	false	false	false	Preserve as an explicitly inquiry-only baseline artifact; do not activate a product path while evidence or authority remains unresolved.	06c71d1b331e742f5e6d96679945f0d4f0d96d3a112ebdb5dfc78ab8b84f5597
468105499c7be102deec7d6555aced688dea9901	5419770959bdb8998b693fb2275b47e29b92367c	ROUND16A_PRODUCTION_COMPOSITION	R16A-PCOMP-CCA7DE5535D0FC0A9367	frontend/generated/trace-exploration-v2/production-read-model.json	53eaf59c95446eeb3781a7153183c54b3ff59fd52f21744cc917053959dfdcc9	R16A-PCOMP-CCA7DE5535D0FC0A9367	eaa8ac73d60bedfc68f436bc202dea3fe15550dd171196b814ce55714e4f2f2f	7a5e5e462f9ec57a467d34ca2d73644fee20727b25ec24ec2931b4be9cdcfa28	"[""R16B-SENSE:0ebc966b965fc5703be0f4bae727d337f32d83eb7db9066e926a2530dcfa0171"",""R16B-SENSE:61aaade597c45243fcdef0d2514fc52f58a066ae5c9f4ad550727cb75b124f64""]"	[]	[]	"[""R16A-ENTRY-1922FEE2B602A64A22A0"",""R16A-SEED-822F738B6DC92D47C986""]"	"[""R16A-PAIR:43fa33f1a987090224619eb68e83d246be7705f94d1b2e364bdfb2b73fc1a94f""]"	PRODUCT_VISIBLE_V2	LINEAR_PATH	RETAINED	ROUND16A_ACTIVE_PAIR_BASELINE_NO_GROUP_CLAIM	false	false	false	false	Preserve the exact pair baseline without a manufactured group claim; regenerate any v3 product descendant before product activation.	d9f716d3bcfc7b571dc2b493099d23a5c4717c875db27c1176a6790458ef6ea1
468105499c7be102deec7d6555aced688dea9901	5419770959bdb8998b693fb2275b47e29b92367c	ROUND16A_PRODUCTION_COMPOSITION	R16A-PCOMP-CEC6FF399BE7CB57A893	frontend/generated/trace-exploration-v2/production-read-model.json	53eaf59c95446eeb3781a7153183c54b3ff59fd52f21744cc917053959dfdcc9	R16A-PCOMP-CEC6FF399BE7CB57A893	7c1a15b6eb12b0dcac89f9d32a673701e9991a32a391d441074695968617267a	83009b1d124d4635a57866eeffba5e1a1a33e499bd60b30c6346b94ff1a04f8e	"[""R16B-SENSE:698710ef66f0d551cde028b8e54bdbf6051b96902a736be6b9ab45d1ad91f848"",""R16B-SENSE:9415fd18554090ac9dd2dfc28a1ec541d67a94b8421b1cefafa578a03302257d"",""R16B-SENSE:9c499c8b62d5222b0be4049597c613d82925ede87bf34656671a6b1e4e491bc3""]"	"[""R16B-LOCAL-FAMILY:83009b1d124d4635a57866eeffba5e1a1a33e499bd60b30c6346b94ff1a04f8e""]"	"[""BOUNDED_SENSE_OR_SCOPE_CONFLICT""]"	"[""R16A-ENTRY-2E25F921A6B607F45ADA"",""R16A-SEED-BF0BF472EB979E15D3F6""]"	"[""R16A-PAIR:4cf124f8588611ba0a2f76bce26ab0b5890dcfcf71d9283888d62d58bcdb974a"",""R16A-PAIR:c58fe913fc06f2896c1022f7ccc0e9de1b0f7f1121f09c7d18162d40fe764cf9""]"	PRODUCT_VISIBLE_V2	LINEAR_PATH	REJECTED	FAMILY_FINAL_DISPOSITION:BOUNDED_SENSE_OR_SCOPE_CONFLICT	false	false	false	false	Preserve the audit receipt, retire the prior object from active product eligibility, and do not project or synthesize a replacement association.	dc9a131b9387a53dbdacf95fc5b7a0a391b1910ed90ac4a5f6cf450f437a9534
468105499c7be102deec7d6555aced688dea9901	5419770959bdb8998b693fb2275b47e29b92367c	ROUND16A_PRODUCTION_COMPOSITION	R16A-PCOMP-CF0BA4B60EDFEC80FB72	frontend/generated/trace-exploration-v2/production-read-model.json	53eaf59c95446eeb3781a7153183c54b3ff59fd52f21744cc917053959dfdcc9	R16A-PCOMP-CF0BA4B60EDFEC80FB72	0a2f67f6bdc5be775597880521de0dfd8b84ebab8b457b254b3a23be5c52f0a5	1d76bf657bbdec293265d051268a2a1153be0108b15a8d63ebbf2cb98cf6f06a	"[""R16B-SENSE:0ebc966b965fc5703be0f4bae727d337f32d83eb7db9066e926a2530dcfa0171"",""R16B-SENSE:61aaade597c45243fcdef0d2514fc52f58a066ae5c9f4ad550727cb75b124f64"",""R16B-SENSE:697603bbe891d791295d478b3b16d10add9bdab1fd92826d63d8b630f3779cfb""]"	"[""R16B-LOCAL-FAMILY:1d76bf657bbdec293265d051268a2a1153be0108b15a8d63ebbf2cb98cf6f06a""]"	"[""INQUIRY_ONLY_OR_UNRESOLVED""]"	"[""R16A-ENTRY-5210759542ADC353072B"",""R16A-SEED-DC6EEA4DE0DE2F42DAE4""]"	"[""R16A-PAIR:43fa33f1a987090224619eb68e83d246be7705f94d1b2e364bdfb2b73fc1a94f"",""R16A-PAIR:891e0c3d300d8c4af59fbef2f00d164ee9c22df4148122c54ed84daee1dcb37e""]"	PRODUCT_VISIBLE_V2	LINEAR_PATH	INQUIRY	FAMILY_FINAL_DISPOSITION:INQUIRY_ONLY_OR_UNRESOLVED	false	false	false	false	Preserve as an explicitly inquiry-only baseline artifact; do not activate a product path while evidence or authority remains unresolved.	cf9f98e5c02e6d5a53ba616a808c56e4781ea6c12e0a7b35cd2b600efcfc7bcb
468105499c7be102deec7d6555aced688dea9901	5419770959bdb8998b693fb2275b47e29b92367c	ROUND16A_PRODUCTION_COMPOSITION	R16A-PCOMP-CF9A7035F4902CC42E5A	frontend/generated/trace-exploration-v2/production-read-model.json	53eaf59c95446eeb3781a7153183c54b3ff59fd52f21744cc917053959dfdcc9	R16A-PCOMP-CF9A7035F4902CC42E5A	7f4f6848d4d25c8f62ab99c4ed60b57f4c55cd53c31918a2aa825914d79fa892	89817e7a449f1cc7b574fb1b89c9541f765e52825c5cb62bf0a2bb833e8f970a	"[""R16B-SENSE:4e14e64610176c44c8a9775fba3a7d484b4eee0fb06ee9553c17675cb7f0b634"",""R16B-SENSE:f0e28e13851d04c13b701f53d9b3911cb50fc572cc6203c64527804f0b37e909"",""R16B-SENSE:f26224717160ca63c45ca85fe7c23e1469baa3e10672a68beafb13d195d0915d"",""R16B-SENSE:fa3369a6eb4bebe96ee289987f963e539b8da9c27ea0f454e8a24b6bddf9306f""]"	"[""R16B-LOCAL-FAMILY:89817e7a449f1cc7b574fb1b89c9541f765e52825c5cb62bf0a2bb833e8f970a""]"	"[""INQUIRY_ONLY_OR_UNRESOLVED""]"	"[""R16A-ENTRY-9BFF07A47538126EA0E2"",""R16A-SEED-8E2796428AC34D8B1551""]"	"[""R16A-PAIR:5841a12151ac0ce714f0b8e279e939bed009b3f2be71086cde6033cbbd11b4ea"",""R16A-PAIR:db9e8b1d1d7e17983872e3600cd1a3ce5ae7f3c907ae70bdeafcbd0b2c6a0460"",""R16A-PAIR:e153332b67669fdaa24f256bfcf61135e56eb2894e48481afc71ae4327c81422""]"	PRODUCT_VISIBLE_V2	LINEAR_PATH	INQUIRY	FAMILY_FINAL_DISPOSITION:INQUIRY_ONLY_OR_UNRESOLVED	false	false	false	false	Preserve as an explicitly inquiry-only baseline artifact; do not activate a product path while evidence or authority remains unresolved.	9b6db2610db713f26be5ed539f1784dfcd3bbbaba7117c8f3ea9251e62fb3c7c
468105499c7be102deec7d6555aced688dea9901	5419770959bdb8998b693fb2275b47e29b92367c	ROUND16A_PRODUCTION_COMPOSITION	R16A-PCOMP-CFDC17EEFDE18C2B6385	frontend/generated/trace-exploration-v2/production-read-model.json	53eaf59c95446eeb3781a7153183c54b3ff59fd52f21744cc917053959dfdcc9	R16A-PCOMP-CFDC17EEFDE18C2B6385	ebdda82bdd5a798f24c2ecc777f486e1b43c872caaadf20a159e915cd6ef63a8	af25d1d4c93f79886769d53d071805bd5b6726130b153e4484121321d1122e3a	"[""R16B-SENSE:f0e28e13851d04c13b701f53d9b3911cb50fc572cc6203c64527804f0b37e909"",""R16B-SENSE:f26224717160ca63c45ca85fe7c23e1469baa3e10672a68beafb13d195d0915d"",""R16B-SENSE:fa3369a6eb4bebe96ee289987f963e539b8da9c27ea0f454e8a24b6bddf9306f""]"	"[""R16B-LOCAL-FAMILY:af25d1d4c93f79886769d53d071805bd5b6726130b153e4484121321d1122e3a""]"	"[""PAIRWISE_SUPPORT_WITHOUT_GROUP_COHERENCE""]"	"[""R16A-ENTRY-0CD1B6E361265F2ECC6E"",""R16A-SEED-0AE2757FC9BFBEF8743D""]"	"[""R16A-PAIR:e153332b67669fdaa24f256bfcf61135e56eb2894e48481afc71ae4327c81422"",""R16A-PAIR:f82795fcaba53ac0c255461d014e82b9e563362b645b4c65a58e27644e22c54c""]"	PRODUCT_VISIBLE_V2	BINARY_CONVERGENCE	CORRECTED	FAMILY_FINAL_DISPOSITION:PAIRWISE_SUPPORT_WITHOUT_GROUP_COHERENCE	false	false	false	false	Preserve separately governed pair records, remove the unsupported group-coherence implication, and regenerate with corrected association provenance.	141a969135cf5e438b486e308693c2a3ae52688e6ea4a73f0d33f560bb154732
468105499c7be102deec7d6555aced688dea9901	5419770959bdb8998b693fb2275b47e29b92367c	ROUND16A_PRODUCTION_COMPOSITION	R16A-PCOMP-D206260935F2E4594E17	frontend/generated/trace-exploration-v2/production-read-model.json	53eaf59c95446eeb3781a7153183c54b3ff59fd52f21744cc917053959dfdcc9	R16A-PCOMP-D206260935F2E4594E17	eb2a8b5aa4f2152f548dc3ff850c44a2de53b5ba3efd5db43f97771626547487	23b72032e8165ac9f164a43ac0e1932f2fe4354f1b89f62d67ebe7d497de7af1	"[""R16B-SENSE:4e14e64610176c44c8a9775fba3a7d484b4eee0fb06ee9553c17675cb7f0b634"",""R16B-SENSE:f26224717160ca63c45ca85fe7c23e1469baa3e10672a68beafb13d195d0915d"",""R16B-SENSE:fa3369a6eb4bebe96ee289987f963e539b8da9c27ea0f454e8a24b6bddf9306f""]"	"[""R16B-LOCAL-FAMILY:23b72032e8165ac9f164a43ac0e1932f2fe4354f1b89f62d67ebe7d497de7af1""]"	"[""PAIRWISE_SUPPORT_WITHOUT_GROUP_COHERENCE""]"	"[""R16A-ENTRY-4789191FD0787D7E461C"",""R16A-SEED-88D33982DE975643A2F3""]"	"[""R16A-PAIR:2ea00c84f44e9da21aae78f742f5cf6cba09fee7e94d77ff3420dc07dd64cbb5"",""R16A-PAIR:db9e8b1d1d7e17983872e3600cd1a3ce5ae7f3c907ae70bdeafcbd0b2c6a0460""]"	PRODUCT_VISIBLE_V2	LINEAR_PATH	CORRECTED	FAMILY_FINAL_DISPOSITION:PAIRWISE_SUPPORT_WITHOUT_GROUP_COHERENCE	false	false	false	false	Preserve separately governed pair records, remove the unsupported group-coherence implication, and regenerate with corrected association provenance.	a602efed4b9069b40ff47aa7ffeeefaac1a27e05ee250ce39122ad16dc8f3923
468105499c7be102deec7d6555aced688dea9901	5419770959bdb8998b693fb2275b47e29b92367c	ROUND16A_PRODUCTION_COMPOSITION	R16A-PCOMP-D268035B0BC3AFDABDB6	frontend/generated/trace-exploration-v2/production-read-model.json	53eaf59c95446eeb3781a7153183c54b3ff59fd52f21744cc917053959dfdcc9	R16A-PCOMP-D268035B0BC3AFDABDB6	c2a4c29e13f75647bec6f7bf122edde0d25f7af5b9c50933ec1b74d902a70d9a	7e0a0ee4f78d2f565c4f7771653ecc5a27828dd9fb704139d1e068f2a5fdce64	"[""R16B-SENSE:06c230c771547ee49390903e0bad7aaf44063613309c93bcbd72e808116af4c6"",""R16B-SENSE:35489187871bfd7b7be6e2d5268a3a922984d3bdad9e9a8ca61ea6edee84a5a7"",""R16B-SENSE:419a96e12217bfa4ed031510c32033cb2408489e3abb14eb28291b13c068e159""]"	"[""R16B-LOCAL-FAMILY:7e0a0ee4f78d2f565c4f7771653ecc5a27828dd9fb704139d1e068f2a5fdce64""]"	"[""BOUNDED_SENSE_OR_SCOPE_CONFLICT""]"	"[""R16A-ENTRY-FE8BBA39CC3C6D4195D1"",""R16A-SEED-51F855097FA2A5D0C858""]"	"[""R16A-PAIR:818cc370417319af9a65fec5211969862df5c48a821265533ba289932e57b18c"",""R16A-PAIR:a364e4ea20e2f9e24e1fc980dc1ab703ae69a0fc86aa626a14e45cca0ea3bbb2""]"	PRODUCT_VISIBLE_V2	BINARY_CONVERGENCE	REJECTED	FAMILY_FINAL_DISPOSITION:BOUNDED_SENSE_OR_SCOPE_CONFLICT	false	false	false	false	Preserve the audit receipt, retire the prior object from active product eligibility, and do not project or synthesize a replacement association.	316b88b2602cf55d1f58372f223219f169570fb7be84f5c8e1602af706925e99
468105499c7be102deec7d6555aced688dea9901	5419770959bdb8998b693fb2275b47e29b92367c	ROUND16A_PRODUCTION_COMPOSITION	R16A-PCOMP-D700904C1808D9D24052	frontend/generated/trace-exploration-v2/production-read-model.json	53eaf59c95446eeb3781a7153183c54b3ff59fd52f21744cc917053959dfdcc9	R16A-PCOMP-D700904C1808D9D24052	24cd0c9b0c3f699a93f536d6cad2e48d19b86b56ad07cdcf995626f4c8131f81	a4154fe215e8a597ea84576b98c56149211dfb35bb47845294b9c10c49d68066	"[""R16B-SENSE:4e14e64610176c44c8a9775fba3a7d484b4eee0fb06ee9553c17675cb7f0b634"",""R16B-SENSE:fa3369a6eb4bebe96ee289987f963e539b8da9c27ea0f454e8a24b6bddf9306f""]"	[]	[]	"[""R16A-ENTRY-2D029AE9295CC30452E8"",""R16A-SEED-244E2B418CB5FD48C863""]"	"[""R16A-PAIR:db9e8b1d1d7e17983872e3600cd1a3ce5ae7f3c907ae70bdeafcbd0b2c6a0460""]"	PRODUCT_VISIBLE_V2	LINEAR_PATH	RETAINED	ROUND16A_ACTIVE_PAIR_BASELINE_NO_GROUP_CLAIM	false	false	false	false	Preserve the exact pair baseline without a manufactured group claim; regenerate any v3 product descendant before product activation.	eacdc4e6a471bc9d72aaaab4ed2cc7c30131043e550b9ba4fc7341ce07bcbb5d
468105499c7be102deec7d6555aced688dea9901	5419770959bdb8998b693fb2275b47e29b92367c	ROUND16A_PRODUCTION_COMPOSITION	R16A-PCOMP-D79536C1D53818832B86	frontend/generated/trace-exploration-v2/production-read-model.json	53eaf59c95446eeb3781a7153183c54b3ff59fd52f21744cc917053959dfdcc9	R16A-PCOMP-D79536C1D53818832B86	d1627c8a32f1bd85b15ee955d502914efb827343f1984eea4785c18dabf45f6e	15f5757830dfe043fb27e73c28ff3bfd902aaa9c938ab254fda8682d359a7249	"[""R16B-SENSE:6672e4d46dd04d497061cde0fb1319f2795e43fafb72f047ac8a663d5c0dabfb"",""R16B-SENSE:9f5a38a6fb1ca9212921419af18b59d535ee2f944c89ce002dfa6db54090b9c8"",""R16B-SENSE:aaba242b61f07fc7756aa5d54b3d132896c230e138451ec96ac3b40b8c2c3ec3""]"	"[""R16B-LOCAL-FAMILY:15f5757830dfe043fb27e73c28ff3bfd902aaa9c938ab254fda8682d359a7249""]"	"[""PAIRWISE_SUPPORT_WITHOUT_GROUP_COHERENCE""]"	"[""R16A-ENTRY-111DBBEB2F71DFDD32FF"",""R16A-SEED-39ECA93CB339C45B132F""]"	"[""R16A-PAIR:09108fb32fbc17acaa1205d07d048a5e74371e81f8c5919a24f86af4ddc3d677"",""R16A-PAIR:9d6b149f9ea2e617d5b45153c18bed1eeff22bd4c979cc8d6767b8c213e4d419""]"	PRODUCT_VISIBLE_V2	BINARY_CONVERGENCE	CORRECTED	FAMILY_FINAL_DISPOSITION:PAIRWISE_SUPPORT_WITHOUT_GROUP_COHERENCE	false	false	false	false	Preserve separately governed pair records, remove the unsupported group-coherence implication, and regenerate with corrected association provenance.	97f68f733d207186e496a12fe7c0b581fe2a9f558a7b9d1a506545d37251e11c
468105499c7be102deec7d6555aced688dea9901	5419770959bdb8998b693fb2275b47e29b92367c	ROUND16A_PRODUCTION_COMPOSITION	R16A-PCOMP-D7B06C96BCEDC3BEF7EB	frontend/generated/trace-exploration-v2/production-read-model.json	53eaf59c95446eeb3781a7153183c54b3ff59fd52f21744cc917053959dfdcc9	R16A-PCOMP-D7B06C96BCEDC3BEF7EB	1c0a8d8191d94f2d921288256789bbfe721e556504a1c1b769425b5d2c93358d	15f5757830dfe043fb27e73c28ff3bfd902aaa9c938ab254fda8682d359a7249	"[""R16B-SENSE:6672e4d46dd04d497061cde0fb1319f2795e43fafb72f047ac8a663d5c0dabfb"",""R16B-SENSE:9f5a38a6fb1ca9212921419af18b59d535ee2f944c89ce002dfa6db54090b9c8"",""R16B-SENSE:aaba242b61f07fc7756aa5d54b3d132896c230e138451ec96ac3b40b8c2c3ec3""]"	"[""R16B-LOCAL-FAMILY:15f5757830dfe043fb27e73c28ff3bfd902aaa9c938ab254fda8682d359a7249""]"	"[""PAIRWISE_SUPPORT_WITHOUT_GROUP_COHERENCE""]"	"[""R16A-ENTRY-BA03C3421E0AE166F87E"",""R16A-SEED-24064433B073D706E21C""]"	"[""R16A-PAIR:09108fb32fbc17acaa1205d07d048a5e74371e81f8c5919a24f86af4ddc3d677"",""R16A-PAIR:9d6b149f9ea2e617d5b45153c18bed1eeff22bd4c979cc8d6767b8c213e4d419""]"	PRODUCT_VISIBLE_V2	BINARY_FORK	CORRECTED	FAMILY_FINAL_DISPOSITION:PAIRWISE_SUPPORT_WITHOUT_GROUP_COHERENCE	false	false	false	false	Preserve separately governed pair records, remove the unsupported group-coherence implication, and regenerate with corrected association provenance.	a3f73c13c06da7dec4751ba1baee43884893209737d020fb54451c55bb1a8e79
468105499c7be102deec7d6555aced688dea9901	5419770959bdb8998b693fb2275b47e29b92367c	ROUND16A_PRODUCTION_COMPOSITION	R16A-PCOMP-D88ED36225C8E3B4A392	frontend/generated/trace-exploration-v2/production-read-model.json	53eaf59c95446eeb3781a7153183c54b3ff59fd52f21744cc917053959dfdcc9	R16A-PCOMP-D88ED36225C8E3B4A392	7134820551efe245c1430bc5a30a2f81c610c45db2b3493d567f7e8cfa500b35	23b72032e8165ac9f164a43ac0e1932f2fe4354f1b89f62d67ebe7d497de7af1	"[""R16B-SENSE:4e14e64610176c44c8a9775fba3a7d484b4eee0fb06ee9553c17675cb7f0b634"",""R16B-SENSE:f26224717160ca63c45ca85fe7c23e1469baa3e10672a68beafb13d195d0915d"",""R16B-SENSE:fa3369a6eb4bebe96ee289987f963e539b8da9c27ea0f454e8a24b6bddf9306f""]"	"[""R16B-LOCAL-FAMILY:23b72032e8165ac9f164a43ac0e1932f2fe4354f1b89f62d67ebe7d497de7af1""]"	"[""PAIRWISE_SUPPORT_WITHOUT_GROUP_COHERENCE""]"	"[""R16A-ENTRY-53D7874729CD56B8FCBC"",""R16A-SEED-BFA5264AC7DC524154AC""]"	"[""R16A-PAIR:2ea00c84f44e9da21aae78f742f5cf6cba09fee7e94d77ff3420dc07dd64cbb5"",""R16A-PAIR:5841a12151ac0ce714f0b8e279e939bed009b3f2be71086cde6033cbbd11b4ea""]"	PRODUCT_VISIBLE_V2	LINEAR_PATH	CORRECTED	FAMILY_FINAL_DISPOSITION:PAIRWISE_SUPPORT_WITHOUT_GROUP_COHERENCE	false	false	false	false	Preserve separately governed pair records, remove the unsupported group-coherence implication, and regenerate with corrected association provenance.	a926a7a4c8c6bd7905ecc7057e2942fb6433b538820a064efae9b6fffc583c33
468105499c7be102deec7d6555aced688dea9901	5419770959bdb8998b693fb2275b47e29b92367c	ROUND16A_PRODUCTION_COMPOSITION	R16A-PCOMP-D90A5F3D7FB1B34121E6	frontend/generated/trace-exploration-v2/production-read-model.json	53eaf59c95446eeb3781a7153183c54b3ff59fd52f21744cc917053959dfdcc9	R16A-PCOMP-D90A5F3D7FB1B34121E6	8b9669e8e0f71d535984efbc0142b7cee54b0eb46518800ee1fc44aa8f3fbfbe	3648ab4f374cda7a490244914de785b764e7e4f7c872f094e8a2d3f03a71a560	"[""R16B-SENSE:4e14e64610176c44c8a9775fba3a7d484b4eee0fb06ee9553c17675cb7f0b634"",""R16B-SENSE:f0e28e13851d04c13b701f53d9b3911cb50fc572cc6203c64527804f0b37e909"",""R16B-SENSE:fa3369a6eb4bebe96ee289987f963e539b8da9c27ea0f454e8a24b6bddf9306f""]"	"[""R16B-LOCAL-FAMILY:3648ab4f374cda7a490244914de785b764e7e4f7c872f094e8a2d3f03a71a560""]"	"[""PAIRWISE_SUPPORT_WITHOUT_GROUP_COHERENCE""]"	"[""R16A-ENTRY-F5EC531FC9A672645000"",""R16A-SEED-7BB427A3EC4D7FB5725E""]"	"[""R16A-PAIR:db9e8b1d1d7e17983872e3600cd1a3ce5ae7f3c907ae70bdeafcbd0b2c6a0460"",""R16A-PAIR:f82795fcaba53ac0c255461d014e82b9e563362b645b4c65a58e27644e22c54c""]"	PRODUCT_VISIBLE_V2	BINARY_FORK	CORRECTED	FAMILY_FINAL_DISPOSITION:PAIRWISE_SUPPORT_WITHOUT_GROUP_COHERENCE	false	false	false	false	Preserve separately governed pair records, remove the unsupported group-coherence implication, and regenerate with corrected association provenance.	9dca8732c9d0f203fcaa6b585fd9c80f6716c8f88f652ef1e279dcd86bfc3bbf
468105499c7be102deec7d6555aced688dea9901	5419770959bdb8998b693fb2275b47e29b92367c	ROUND16A_PRODUCTION_COMPOSITION	R16A-PCOMP-D9429E0AD31FC55E0F40	frontend/generated/trace-exploration-v2/production-read-model.json	53eaf59c95446eeb3781a7153183c54b3ff59fd52f21744cc917053959dfdcc9	R16A-PCOMP-D9429E0AD31FC55E0F40	4cf1cd1083cd4f2d86fa2c9ba2b5654b0bf1f792314002b2ef8275440dcfb507	83009b1d124d4635a57866eeffba5e1a1a33e499bd60b30c6346b94ff1a04f8e	"[""R16B-SENSE:698710ef66f0d551cde028b8e54bdbf6051b96902a736be6b9ab45d1ad91f848"",""R16B-SENSE:9415fd18554090ac9dd2dfc28a1ec541d67a94b8421b1cefafa578a03302257d"",""R16B-SENSE:9c499c8b62d5222b0be4049597c613d82925ede87bf34656671a6b1e4e491bc3""]"	"[""R16B-LOCAL-FAMILY:83009b1d124d4635a57866eeffba5e1a1a33e499bd60b30c6346b94ff1a04f8e""]"	"[""BOUNDED_SENSE_OR_SCOPE_CONFLICT""]"	"[""R16A-ENTRY-9931A04C86743C7CD592"",""R16A-SEED-672638B68309F227AB10""]"	"[""R16A-PAIR:591aa3897c3e0e455ef4bc05b36550f3d010af9e84be8a08c199676025fdeb04"",""R16A-PAIR:c58fe913fc06f2896c1022f7ccc0e9de1b0f7f1121f09c7d18162d40fe764cf9""]"	PRODUCT_VISIBLE_V2	LINEAR_PATH	REJECTED	FAMILY_FINAL_DISPOSITION:BOUNDED_SENSE_OR_SCOPE_CONFLICT	false	false	false	false	Preserve the audit receipt, retire the prior object from active product eligibility, and do not project or synthesize a replacement association.	2b45c3d7828653619428a01ad41c978b28a471f9a8f87029cc39bbaabdb649d8
468105499c7be102deec7d6555aced688dea9901	5419770959bdb8998b693fb2275b47e29b92367c	ROUND16A_PRODUCTION_COMPOSITION	R16A-PCOMP-D9FB09749D75F6BED59C	frontend/generated/trace-exploration-v2/production-read-model.json	53eaf59c95446eeb3781a7153183c54b3ff59fd52f21744cc917053959dfdcc9	R16A-PCOMP-D9FB09749D75F6BED59C	198eb5d9ca485ec0a7cf56d432f86fd5a175535aea2dbde2400636d879d0b919	1d76bf657bbdec293265d051268a2a1153be0108b15a8d63ebbf2cb98cf6f06a	"[""R16B-SENSE:0ebc966b965fc5703be0f4bae727d337f32d83eb7db9066e926a2530dcfa0171"",""R16B-SENSE:61aaade597c45243fcdef0d2514fc52f58a066ae5c9f4ad550727cb75b124f64"",""R16B-SENSE:697603bbe891d791295d478b3b16d10add9bdab1fd92826d63d8b630f3779cfb""]"	"[""R16B-LOCAL-FAMILY:1d76bf657bbdec293265d051268a2a1153be0108b15a8d63ebbf2cb98cf6f06a""]"	"[""INQUIRY_ONLY_OR_UNRESOLVED""]"	"[""R16A-ENTRY-5C66E3328B55C92AB100"",""R16A-SEED-71DB7814B680AA350729""]"	"[""R16A-PAIR:891e0c3d300d8c4af59fbef2f00d164ee9c22df4148122c54ed84daee1dcb37e"",""R16A-PAIR:c36555188472ea5287ed70295a1b85e92e2ba9468fc703d2fe8893de3fc55a1f""]"	PRODUCT_VISIBLE_V2	BINARY_CONVERGENCE	INQUIRY	FAMILY_FINAL_DISPOSITION:INQUIRY_ONLY_OR_UNRESOLVED	false	false	false	false	Preserve as an explicitly inquiry-only baseline artifact; do not activate a product path while evidence or authority remains unresolved.	c5ca0f0d76b34e4e79d11ad1268c697c52653a0f113eb057c3f016faf8c30495
468105499c7be102deec7d6555aced688dea9901	5419770959bdb8998b693fb2275b47e29b92367c	ROUND16A_PRODUCTION_COMPOSITION	R16A-PCOMP-DA79475F314F154BBFF0	frontend/generated/trace-exploration-v2/production-read-model.json	53eaf59c95446eeb3781a7153183c54b3ff59fd52f21744cc917053959dfdcc9	R16A-PCOMP-DA79475F314F154BBFF0	061d38ff12dc15be3a59217b6df4fd0cc4d22841fd93a18918b877d7dcef820d	15f5757830dfe043fb27e73c28ff3bfd902aaa9c938ab254fda8682d359a7249	"[""R16B-SENSE:6672e4d46dd04d497061cde0fb1319f2795e43fafb72f047ac8a663d5c0dabfb"",""R16B-SENSE:9f5a38a6fb1ca9212921419af18b59d535ee2f944c89ce002dfa6db54090b9c8"",""R16B-SENSE:aaba242b61f07fc7756aa5d54b3d132896c230e138451ec96ac3b40b8c2c3ec3""]"	"[""R16B-LOCAL-FAMILY:15f5757830dfe043fb27e73c28ff3bfd902aaa9c938ab254fda8682d359a7249""]"	"[""PAIRWISE_SUPPORT_WITHOUT_GROUP_COHERENCE""]"	"[""R16A-ENTRY-BA03C3421E0AE166F87E"",""R16A-SEED-CA144420E6F8B41BBF3C""]"	"[""R16A-PAIR:09108fb32fbc17acaa1205d07d048a5e74371e81f8c5919a24f86af4ddc3d677"",""R16A-PAIR:9d6b149f9ea2e617d5b45153c18bed1eeff22bd4c979cc8d6767b8c213e4d419""]"	PRODUCT_VISIBLE_V2	BINARY_FORK	CORRECTED	FAMILY_FINAL_DISPOSITION:PAIRWISE_SUPPORT_WITHOUT_GROUP_COHERENCE	false	false	false	false	Preserve separately governed pair records, remove the unsupported group-coherence implication, and regenerate with corrected association provenance.	1953bd2197583e87b2214b543ff803c4898fbffb5f97411919e69d2f6ef1ae5b
468105499c7be102deec7d6555aced688dea9901	5419770959bdb8998b693fb2275b47e29b92367c	ROUND16A_PRODUCTION_COMPOSITION	R16A-PCOMP-DC86D11669D0A2BE1254	frontend/generated/trace-exploration-v2/production-read-model.json	53eaf59c95446eeb3781a7153183c54b3ff59fd52f21744cc917053959dfdcc9	R16A-PCOMP-DC86D11669D0A2BE1254	52d715d72b882df95c911f54c68bbcbfdf21fa5087761b516580294ea4c5527b	e33bd6538eb80f04087e13b1896ff995a5523453a10e8f4aec460ef9fdd87376	"[""R16B-SENSE:4e14e64610176c44c8a9775fba3a7d484b4eee0fb06ee9553c17675cb7f0b634"",""R16B-SENSE:f0e28e13851d04c13b701f53d9b3911cb50fc572cc6203c64527804f0b37e909"",""R16B-SENSE:f26224717160ca63c45ca85fe7c23e1469baa3e10672a68beafb13d195d0915d""]"	"[""R16B-LOCAL-FAMILY:e33bd6538eb80f04087e13b1896ff995a5523453a10e8f4aec460ef9fdd87376""]"	"[""PAIRWISE_SUPPORT_WITHOUT_GROUP_COHERENCE""]"	"[""R16A-ENTRY-84E933E1ADFB3F455763"",""R16A-SEED-47C27F5AD207645C3A83""]"	"[""R16A-PAIR:5841a12151ac0ce714f0b8e279e939bed009b3f2be71086cde6033cbbd11b4ea"",""R16A-PAIR:e153332b67669fdaa24f256bfcf61135e56eb2894e48481afc71ae4327c81422""]"	PRODUCT_VISIBLE_V2	BINARY_CONVERGENCE	CORRECTED	FAMILY_FINAL_DISPOSITION:PAIRWISE_SUPPORT_WITHOUT_GROUP_COHERENCE	false	false	false	false	Preserve separately governed pair records, remove the unsupported group-coherence implication, and regenerate with corrected association provenance.	f0cdc33f4d7e2ff4a5f348025242046ba7695061eebe600198443bcd429ff331
468105499c7be102deec7d6555aced688dea9901	5419770959bdb8998b693fb2275b47e29b92367c	ROUND16A_PRODUCTION_COMPOSITION	R16A-PCOMP-DE9A91E306D83C3D6F29	frontend/generated/trace-exploration-v2/production-read-model.json	53eaf59c95446eeb3781a7153183c54b3ff59fd52f21744cc917053959dfdcc9	R16A-PCOMP-DE9A91E306D83C3D6F29	2dbfd35feede684a206fbc2f3f24d826d4644434706cbe6121e124223c5dd45c	1d76bf657bbdec293265d051268a2a1153be0108b15a8d63ebbf2cb98cf6f06a	"[""R16B-SENSE:0ebc966b965fc5703be0f4bae727d337f32d83eb7db9066e926a2530dcfa0171"",""R16B-SENSE:61aaade597c45243fcdef0d2514fc52f58a066ae5c9f4ad550727cb75b124f64"",""R16B-SENSE:697603bbe891d791295d478b3b16d10add9bdab1fd92826d63d8b630f3779cfb""]"	"[""R16B-LOCAL-FAMILY:1d76bf657bbdec293265d051268a2a1153be0108b15a8d63ebbf2cb98cf6f06a""]"	"[""INQUIRY_ONLY_OR_UNRESOLVED""]"	"[""R16A-ENTRY-EF8BD27CDE521536B350"",""R16A-SEED-A5BF28A61DD38A95D576""]"	"[""R16A-PAIR:43fa33f1a987090224619eb68e83d246be7705f94d1b2e364bdfb2b73fc1a94f"",""R16A-PAIR:c36555188472ea5287ed70295a1b85e92e2ba9468fc703d2fe8893de3fc55a1f""]"	PRODUCT_VISIBLE_V2	LINEAR_PATH	INQUIRY	FAMILY_FINAL_DISPOSITION:INQUIRY_ONLY_OR_UNRESOLVED	false	false	false	false	Preserve as an explicitly inquiry-only baseline artifact; do not activate a product path while evidence or authority remains unresolved.	603596ce7a099108fecfc5475ec9a012c77562be5eff7bfab8c348722fc70a12
468105499c7be102deec7d6555aced688dea9901	5419770959bdb8998b693fb2275b47e29b92367c	ROUND16A_PRODUCTION_COMPOSITION	R16A-PCOMP-DEFDAE82AF82AD5D0B49	frontend/generated/trace-exploration-v2/production-read-model.json	53eaf59c95446eeb3781a7153183c54b3ff59fd52f21744cc917053959dfdcc9	R16A-PCOMP-DEFDAE82AF82AD5D0B49	57f6cae5011d4dd66fc71abfb4b4d4a8cbcc6b3c2105a4a48f7b8161e2c074a4	89817e7a449f1cc7b574fb1b89c9541f765e52825c5cb62bf0a2bb833e8f970a	"[""R16B-SENSE:4e14e64610176c44c8a9775fba3a7d484b4eee0fb06ee9553c17675cb7f0b634"",""R16B-SENSE:f0e28e13851d04c13b701f53d9b3911cb50fc572cc6203c64527804f0b37e909"",""R16B-SENSE:f26224717160ca63c45ca85fe7c23e1469baa3e10672a68beafb13d195d0915d"",""R16B-SENSE:fa3369a6eb4bebe96ee289987f963e539b8da9c27ea0f454e8a24b6bddf9306f""]"	"[""R16B-LOCAL-FAMILY:89817e7a449f1cc7b574fb1b89c9541f765e52825c5cb62bf0a2bb833e8f970a""]"	"[""INQUIRY_ONLY_OR_UNRESOLVED""]"	"[""R16A-ENTRY-34FE968144746CDA094A"",""R16A-SEED-80BD6FA3957FB56BA56D""]"	"[""R16A-PAIR:db9e8b1d1d7e17983872e3600cd1a3ce5ae7f3c907ae70bdeafcbd0b2c6a0460"",""R16A-PAIR:e153332b67669fdaa24f256bfcf61135e56eb2894e48481afc71ae4327c81422"",""R16A-PAIR:f82795fcaba53ac0c255461d014e82b9e563362b645b4c65a58e27644e22c54c""]"	PRODUCT_VISIBLE_V2	LINEAR_PATH	INQUIRY	FAMILY_FINAL_DISPOSITION:INQUIRY_ONLY_OR_UNRESOLVED	false	false	false	false	Preserve as an explicitly inquiry-only baseline artifact; do not activate a product path while evidence or authority remains unresolved.	e8185b052f1f46a25d62578869dbdf7562052d5d525e7a65d3794c21436cf92c
468105499c7be102deec7d6555aced688dea9901	5419770959bdb8998b693fb2275b47e29b92367c	ROUND16A_PRODUCTION_COMPOSITION	R16A-PCOMP-E035D01C3994F8A62E7F	frontend/generated/trace-exploration-v2/production-read-model.json	53eaf59c95446eeb3781a7153183c54b3ff59fd52f21744cc917053959dfdcc9	R16A-PCOMP-E035D01C3994F8A62E7F	2e5c2dea9062d4f94e1439fbf3cdf1d1052f775e162d8870b9b290fc9a0a4d49	af25d1d4c93f79886769d53d071805bd5b6726130b153e4484121321d1122e3a	"[""R16B-SENSE:f0e28e13851d04c13b701f53d9b3911cb50fc572cc6203c64527804f0b37e909"",""R16B-SENSE:f26224717160ca63c45ca85fe7c23e1469baa3e10672a68beafb13d195d0915d"",""R16B-SENSE:fa3369a6eb4bebe96ee289987f963e539b8da9c27ea0f454e8a24b6bddf9306f""]"	"[""R16B-LOCAL-FAMILY:af25d1d4c93f79886769d53d071805bd5b6726130b153e4484121321d1122e3a""]"	"[""PAIRWISE_SUPPORT_WITHOUT_GROUP_COHERENCE""]"	"[""R16A-ENTRY-28C2D01E38228818A94A"",""R16A-SEED-0D23C72B31DA2D55D231""]"	"[""R16A-PAIR:2ea00c84f44e9da21aae78f742f5cf6cba09fee7e94d77ff3420dc07dd64cbb5"",""R16A-PAIR:e153332b67669fdaa24f256bfcf61135e56eb2894e48481afc71ae4327c81422""]"	PRODUCT_VISIBLE_V2	BINARY_CONVERGENCE	CORRECTED	FAMILY_FINAL_DISPOSITION:PAIRWISE_SUPPORT_WITHOUT_GROUP_COHERENCE	false	false	false	false	Preserve separately governed pair records, remove the unsupported group-coherence implication, and regenerate with corrected association provenance.	4d5b8d608984ee8fd42d9f6514f6c45ae4120121df70052a44227c657182a297
468105499c7be102deec7d6555aced688dea9901	5419770959bdb8998b693fb2275b47e29b92367c	ROUND16A_PRODUCTION_COMPOSITION	R16A-PCOMP-E14846E575673B0306AB	frontend/generated/trace-exploration-v2/production-read-model.json	53eaf59c95446eeb3781a7153183c54b3ff59fd52f21744cc917053959dfdcc9	R16A-PCOMP-E14846E575673B0306AB	a3775e2b58eb8407bba118d3065f6177905e0db0a881dded8db5a0a0fe711339	7e0a0ee4f78d2f565c4f7771653ecc5a27828dd9fb704139d1e068f2a5fdce64	"[""R16B-SENSE:06c230c771547ee49390903e0bad7aaf44063613309c93bcbd72e808116af4c6"",""R16B-SENSE:35489187871bfd7b7be6e2d5268a3a922984d3bdad9e9a8ca61ea6edee84a5a7"",""R16B-SENSE:419a96e12217bfa4ed031510c32033cb2408489e3abb14eb28291b13c068e159""]"	"[""R16B-LOCAL-FAMILY:7e0a0ee4f78d2f565c4f7771653ecc5a27828dd9fb704139d1e068f2a5fdce64""]"	"[""BOUNDED_SENSE_OR_SCOPE_CONFLICT""]"	"[""R16A-ENTRY-36C7B54A958A5E163D77"",""R16A-SEED-FFE36E30379DE7E7AA8C""]"	"[""R16A-PAIR:818cc370417319af9a65fec5211969862df5c48a821265533ba289932e57b18c"",""R16A-PAIR:a364e4ea20e2f9e24e1fc980dc1ab703ae69a0fc86aa626a14e45cca0ea3bbb2""]"	PRODUCT_VISIBLE_V2	BINARY_FORK	REJECTED	FAMILY_FINAL_DISPOSITION:BOUNDED_SENSE_OR_SCOPE_CONFLICT	false	false	false	false	Preserve the audit receipt, retire the prior object from active product eligibility, and do not project or synthesize a replacement association.	f19bc5439e95ed2a593b06d9fac829ff6776c2fc773213019d757e61794051d8
468105499c7be102deec7d6555aced688dea9901	5419770959bdb8998b693fb2275b47e29b92367c	ROUND16A_PRODUCTION_COMPOSITION	R16A-PCOMP-E176E44A6D418733CD45	frontend/generated/trace-exploration-v2/production-read-model.json	53eaf59c95446eeb3781a7153183c54b3ff59fd52f21744cc917053959dfdcc9	R16A-PCOMP-E176E44A6D418733CD45	e9af1b866fa0fae27c5b1c49f0d3af4526c5011679d5ad1e3e997d51012bba2b	af25d1d4c93f79886769d53d071805bd5b6726130b153e4484121321d1122e3a	"[""R16B-SENSE:f0e28e13851d04c13b701f53d9b3911cb50fc572cc6203c64527804f0b37e909"",""R16B-SENSE:f26224717160ca63c45ca85fe7c23e1469baa3e10672a68beafb13d195d0915d"",""R16B-SENSE:fa3369a6eb4bebe96ee289987f963e539b8da9c27ea0f454e8a24b6bddf9306f""]"	"[""R16B-LOCAL-FAMILY:af25d1d4c93f79886769d53d071805bd5b6726130b153e4484121321d1122e3a""]"	"[""PAIRWISE_SUPPORT_WITHOUT_GROUP_COHERENCE""]"	"[""R16A-ENTRY-89D363CFA845AC8DCB9B"",""R16A-SEED-23C1B3EBB40AE6D4B460""]"	"[""R16A-PAIR:2ea00c84f44e9da21aae78f742f5cf6cba09fee7e94d77ff3420dc07dd64cbb5"",""R16A-PAIR:f82795fcaba53ac0c255461d014e82b9e563362b645b4c65a58e27644e22c54c""]"	PRODUCT_VISIBLE_V2	BINARY_CONVERGENCE	CORRECTED	FAMILY_FINAL_DISPOSITION:PAIRWISE_SUPPORT_WITHOUT_GROUP_COHERENCE	false	false	false	false	Preserve separately governed pair records, remove the unsupported group-coherence implication, and regenerate with corrected association provenance.	f792ed6eee2bc53d06e780add770eff5ba89f517ef0f63b2ae341bdccdc3e871
468105499c7be102deec7d6555aced688dea9901	5419770959bdb8998b693fb2275b47e29b92367c	ROUND16A_PRODUCTION_COMPOSITION	R16A-PCOMP-E1B8FC234BF6C35B830E	frontend/generated/trace-exploration-v2/production-read-model.json	53eaf59c95446eeb3781a7153183c54b3ff59fd52f21744cc917053959dfdcc9	R16A-PCOMP-E1B8FC234BF6C35B830E	5f7e6608b5e40783f027912ac73a250a259675cdd2a5f6e6c240ea76969fa9cd	f1788f06aeec1e88f42153accd9dfa68f910a9d46e1e99fa107fd54f0a7e6828	"[""R16B-SENSE:06c230c771547ee49390903e0bad7aaf44063613309c93bcbd72e808116af4c6"",""R16B-SENSE:419a96e12217bfa4ed031510c32033cb2408489e3abb14eb28291b13c068e159""]"	[]	[]	"[""R16A-ENTRY-1ABCE33598A65CC55FD1"",""R16A-SEED-7BFF2C31DFBBF1DC0060""]"	"[""R16A-PAIR:a364e4ea20e2f9e24e1fc980dc1ab703ae69a0fc86aa626a14e45cca0ea3bbb2""]"	PRODUCT_VISIBLE_V2	LINEAR_PATH	RETAINED	ROUND16A_ACTIVE_PAIR_BASELINE_NO_GROUP_CLAIM	false	false	false	false	Preserve the exact pair baseline without a manufactured group claim; regenerate any v3 product descendant before product activation.	4e1314da366c1273080561a97197b3bf14e829709328f51d61d7349a75aed4a0
468105499c7be102deec7d6555aced688dea9901	5419770959bdb8998b693fb2275b47e29b92367c	ROUND16A_PRODUCTION_COMPOSITION	R16A-PCOMP-E27806123653719D8EF7	frontend/generated/trace-exploration-v2/production-read-model.json	53eaf59c95446eeb3781a7153183c54b3ff59fd52f21744cc917053959dfdcc9	R16A-PCOMP-E27806123653719D8EF7	811275535ba8a4d9bdeb6961c8f5c77d245c39c790a427cc1a030737843a743d	4b495df935f78f4c2bac0a899ec326275e7b8c4f755b75c98c15cdb6afeb59d1	"[""R16B-SENSE:61aaade597c45243fcdef0d2514fc52f58a066ae5c9f4ad550727cb75b124f64"",""R16B-SENSE:697603bbe891d791295d478b3b16d10add9bdab1fd92826d63d8b630f3779cfb""]"	[]	[]	"[""R16A-ENTRY-E0E3DBF0580D842CA879"",""R16A-SEED-916DE25A388AECD2DD64""]"	"[""R16A-PAIR:c36555188472ea5287ed70295a1b85e92e2ba9468fc703d2fe8893de3fc55a1f""]"	PRODUCT_VISIBLE_V2	LINEAR_PATH	RETAINED	ROUND16A_ACTIVE_PAIR_BASELINE_NO_GROUP_CLAIM	false	false	false	false	Preserve the exact pair baseline without a manufactured group claim; regenerate any v3 product descendant before product activation.	f48aad1b1a735b2d69f1316b83c7f16b5144b1a77864abfec9d1ab4fe585e7e1
468105499c7be102deec7d6555aced688dea9901	5419770959bdb8998b693fb2275b47e29b92367c	ROUND16A_PRODUCTION_COMPOSITION	R16A-PCOMP-E49E5AC8851B779D93F2	frontend/generated/trace-exploration-v2/production-read-model.json	53eaf59c95446eeb3781a7153183c54b3ff59fd52f21744cc917053959dfdcc9	R16A-PCOMP-E49E5AC8851B779D93F2	4f334c07cfd16e186af2d70c51e796fcbd89635c5aa6289e8e4626bd2ef69a4c	af25d1d4c93f79886769d53d071805bd5b6726130b153e4484121321d1122e3a	"[""R16B-SENSE:f0e28e13851d04c13b701f53d9b3911cb50fc572cc6203c64527804f0b37e909"",""R16B-SENSE:f26224717160ca63c45ca85fe7c23e1469baa3e10672a68beafb13d195d0915d"",""R16B-SENSE:fa3369a6eb4bebe96ee289987f963e539b8da9c27ea0f454e8a24b6bddf9306f""]"	"[""R16B-LOCAL-FAMILY:af25d1d4c93f79886769d53d071805bd5b6726130b153e4484121321d1122e3a""]"	"[""PAIRWISE_SUPPORT_WITHOUT_GROUP_COHERENCE""]"	"[""R16A-ENTRY-A2AA1DE24896163DF617"",""R16A-SEED-0A45E567613D85FCDFF6""]"	"[""R16A-PAIR:e153332b67669fdaa24f256bfcf61135e56eb2894e48481afc71ae4327c81422"",""R16A-PAIR:f82795fcaba53ac0c255461d014e82b9e563362b645b4c65a58e27644e22c54c""]"	PRODUCT_VISIBLE_V2	BINARY_FORK	CORRECTED	FAMILY_FINAL_DISPOSITION:PAIRWISE_SUPPORT_WITHOUT_GROUP_COHERENCE	false	false	false	false	Preserve separately governed pair records, remove the unsupported group-coherence implication, and regenerate with corrected association provenance.	4e026ca43f2bf1f9559d48d919a25216e1ea95d64ef77251239a61c6da0c33e4
468105499c7be102deec7d6555aced688dea9901	5419770959bdb8998b693fb2275b47e29b92367c	ROUND16A_PRODUCTION_COMPOSITION	R16A-PCOMP-E56A8C78C1B3E19CD64A	frontend/generated/trace-exploration-v2/production-read-model.json	53eaf59c95446eeb3781a7153183c54b3ff59fd52f21744cc917053959dfdcc9	R16A-PCOMP-E56A8C78C1B3E19CD64A	4f37fc958ec7fc4c325d76a45d9516e1d0872f968ca1bca483b2e54e51974d39	89817e7a449f1cc7b574fb1b89c9541f765e52825c5cb62bf0a2bb833e8f970a	"[""R16B-SENSE:4e14e64610176c44c8a9775fba3a7d484b4eee0fb06ee9553c17675cb7f0b634"",""R16B-SENSE:f0e28e13851d04c13b701f53d9b3911cb50fc572cc6203c64527804f0b37e909"",""R16B-SENSE:f26224717160ca63c45ca85fe7c23e1469baa3e10672a68beafb13d195d0915d"",""R16B-SENSE:fa3369a6eb4bebe96ee289987f963e539b8da9c27ea0f454e8a24b6bddf9306f""]"	"[""R16B-LOCAL-FAMILY:89817e7a449f1cc7b574fb1b89c9541f765e52825c5cb62bf0a2bb833e8f970a""]"	"[""INQUIRY_ONLY_OR_UNRESOLVED""]"	"[""R16A-ENTRY-62192DD170EB39DE1963"",""R16A-SEED-FF88F7B88B8674198E27""]"	"[""R16A-PAIR:5841a12151ac0ce714f0b8e279e939bed009b3f2be71086cde6033cbbd11b4ea"",""R16A-PAIR:e153332b67669fdaa24f256bfcf61135e56eb2894e48481afc71ae4327c81422"",""R16A-PAIR:f82795fcaba53ac0c255461d014e82b9e563362b645b4c65a58e27644e22c54c""]"	PRODUCT_VISIBLE_V2	LINEAR_PATH	INQUIRY	FAMILY_FINAL_DISPOSITION:INQUIRY_ONLY_OR_UNRESOLVED	false	false	false	false	Preserve as an explicitly inquiry-only baseline artifact; do not activate a product path while evidence or authority remains unresolved.	3a9ce81c082f9262136fa2a77fb732843c5d2fc3652487517af7708c36f781a9
468105499c7be102deec7d6555aced688dea9901	5419770959bdb8998b693fb2275b47e29b92367c	ROUND16A_PRODUCTION_COMPOSITION	R16A-PCOMP-E5CFA3F74D766C919186	frontend/generated/trace-exploration-v2/production-read-model.json	53eaf59c95446eeb3781a7153183c54b3ff59fd52f21744cc917053959dfdcc9	R16A-PCOMP-E5CFA3F74D766C919186	95aec54ed9351ff70674ab57c6c6dd56a1224c35d5a1d6b260bbc6f279e6b6c0	af25d1d4c93f79886769d53d071805bd5b6726130b153e4484121321d1122e3a	"[""R16B-SENSE:f0e28e13851d04c13b701f53d9b3911cb50fc572cc6203c64527804f0b37e909"",""R16B-SENSE:f26224717160ca63c45ca85fe7c23e1469baa3e10672a68beafb13d195d0915d"",""R16B-SENSE:fa3369a6eb4bebe96ee289987f963e539b8da9c27ea0f454e8a24b6bddf9306f""]"	"[""R16B-LOCAL-FAMILY:af25d1d4c93f79886769d53d071805bd5b6726130b153e4484121321d1122e3a""]"	"[""PAIRWISE_SUPPORT_WITHOUT_GROUP_COHERENCE""]"	"[""R16A-ENTRY-DE8240444578E75B9464"",""R16A-SEED-7A71A77FF669C633B9D7""]"	"[""R16A-PAIR:2ea00c84f44e9da21aae78f742f5cf6cba09fee7e94d77ff3420dc07dd64cbb5"",""R16A-PAIR:f82795fcaba53ac0c255461d014e82b9e563362b645b4c65a58e27644e22c54c""]"	PRODUCT_VISIBLE_V2	BINARY_FORK	CORRECTED	FAMILY_FINAL_DISPOSITION:PAIRWISE_SUPPORT_WITHOUT_GROUP_COHERENCE	false	false	false	false	Preserve separately governed pair records, remove the unsupported group-coherence implication, and regenerate with corrected association provenance.	a7e1fa8e46c271579cccf3f33d1462ed136005d05cbde2c9b4b7ae3cc5178549
468105499c7be102deec7d6555aced688dea9901	5419770959bdb8998b693fb2275b47e29b92367c	ROUND16A_PRODUCTION_COMPOSITION	R16A-PCOMP-E6F38028503B12CFEE7C	frontend/generated/trace-exploration-v2/production-read-model.json	53eaf59c95446eeb3781a7153183c54b3ff59fd52f21744cc917053959dfdcc9	R16A-PCOMP-E6F38028503B12CFEE7C	233da1166425b7b42300d6c95931f976a3875377d534d25833eb44efb07bb9bd	1d76bf657bbdec293265d051268a2a1153be0108b15a8d63ebbf2cb98cf6f06a	"[""R16B-SENSE:0ebc966b965fc5703be0f4bae727d337f32d83eb7db9066e926a2530dcfa0171"",""R16B-SENSE:61aaade597c45243fcdef0d2514fc52f58a066ae5c9f4ad550727cb75b124f64"",""R16B-SENSE:697603bbe891d791295d478b3b16d10add9bdab1fd92826d63d8b630f3779cfb""]"	"[""R16B-LOCAL-FAMILY:1d76bf657bbdec293265d051268a2a1153be0108b15a8d63ebbf2cb98cf6f06a""]"	"[""INQUIRY_ONLY_OR_UNRESOLVED""]"	"[""R16A-ENTRY-5210759542ADC353072B"",""R16A-SEED-E9BBABEEA42E345CB6A3""]"	"[""R16A-PAIR:43fa33f1a987090224619eb68e83d246be7705f94d1b2e364bdfb2b73fc1a94f"",""R16A-PAIR:891e0c3d300d8c4af59fbef2f00d164ee9c22df4148122c54ed84daee1dcb37e""]"	PRODUCT_VISIBLE_V2	LINEAR_PATH	INQUIRY	FAMILY_FINAL_DISPOSITION:INQUIRY_ONLY_OR_UNRESOLVED	false	false	false	false	Preserve as an explicitly inquiry-only baseline artifact; do not activate a product path while evidence or authority remains unresolved.	d5a9c0073347352f3546981df7a66f7730e373732b8973c9806901dfc0404709
468105499c7be102deec7d6555aced688dea9901	5419770959bdb8998b693fb2275b47e29b92367c	ROUND16A_PRODUCTION_COMPOSITION	R16A-PCOMP-E702F8142D006CA9FAFD	frontend/generated/trace-exploration-v2/production-read-model.json	53eaf59c95446eeb3781a7153183c54b3ff59fd52f21744cc917053959dfdcc9	R16A-PCOMP-E702F8142D006CA9FAFD	b1022d53f0e94e1b5f5d6697ad71ae4628e35ef3a879b6a6b7bc464c41728cf1	af25d1d4c93f79886769d53d071805bd5b6726130b153e4484121321d1122e3a	"[""R16B-SENSE:f0e28e13851d04c13b701f53d9b3911cb50fc572cc6203c64527804f0b37e909"",""R16B-SENSE:f26224717160ca63c45ca85fe7c23e1469baa3e10672a68beafb13d195d0915d"",""R16B-SENSE:fa3369a6eb4bebe96ee289987f963e539b8da9c27ea0f454e8a24b6bddf9306f""]"	"[""R16B-LOCAL-FAMILY:af25d1d4c93f79886769d53d071805bd5b6726130b153e4484121321d1122e3a""]"	"[""PAIRWISE_SUPPORT_WITHOUT_GROUP_COHERENCE""]"	"[""R16A-ENTRY-DE8240444578E75B9464"",""R16A-SEED-D888E80D6A5C612F985D""]"	"[""R16A-PAIR:2ea00c84f44e9da21aae78f742f5cf6cba09fee7e94d77ff3420dc07dd64cbb5"",""R16A-PAIR:f82795fcaba53ac0c255461d014e82b9e563362b645b4c65a58e27644e22c54c""]"	PRODUCT_VISIBLE_V2	BINARY_FORK	CORRECTED	FAMILY_FINAL_DISPOSITION:PAIRWISE_SUPPORT_WITHOUT_GROUP_COHERENCE	false	false	false	false	Preserve separately governed pair records, remove the unsupported group-coherence implication, and regenerate with corrected association provenance.	1b2825f5eae4d896ea367f3740604039a9c1b8484d0120419be93e4f816ff940
468105499c7be102deec7d6555aced688dea9901	5419770959bdb8998b693fb2275b47e29b92367c	ROUND16A_PRODUCTION_COMPOSITION	R16A-PCOMP-E72AF8553AA8614E2682	frontend/generated/trace-exploration-v2/production-read-model.json	53eaf59c95446eeb3781a7153183c54b3ff59fd52f21744cc917053959dfdcc9	R16A-PCOMP-E72AF8553AA8614E2682	d597f8700bf7d0cdeeda5d139e0e47bb0b630abff7e9c9823a3e02493aff685e	1d76bf657bbdec293265d051268a2a1153be0108b15a8d63ebbf2cb98cf6f06a	"[""R16B-SENSE:0ebc966b965fc5703be0f4bae727d337f32d83eb7db9066e926a2530dcfa0171"",""R16B-SENSE:61aaade597c45243fcdef0d2514fc52f58a066ae5c9f4ad550727cb75b124f64"",""R16B-SENSE:697603bbe891d791295d478b3b16d10add9bdab1fd92826d63d8b630f3779cfb""]"	"[""R16B-LOCAL-FAMILY:1d76bf657bbdec293265d051268a2a1153be0108b15a8d63ebbf2cb98cf6f06a""]"	"[""INQUIRY_ONLY_OR_UNRESOLVED""]"	"[""R16A-ENTRY-25942392D2D1D97CC5B9"",""R16A-SEED-ADEA52FB1004F7A22535""]"	"[""R16A-PAIR:891e0c3d300d8c4af59fbef2f00d164ee9c22df4148122c54ed84daee1dcb37e"",""R16A-PAIR:c36555188472ea5287ed70295a1b85e92e2ba9468fc703d2fe8893de3fc55a1f""]"	PRODUCT_VISIBLE_V2	BINARY_FORK	INQUIRY	FAMILY_FINAL_DISPOSITION:INQUIRY_ONLY_OR_UNRESOLVED	false	false	false	false	Preserve as an explicitly inquiry-only baseline artifact; do not activate a product path while evidence or authority remains unresolved.	9515622fbf0c323f81c524454ecc02bdb79655cc3e1b7ef992c90f26be740fd1
468105499c7be102deec7d6555aced688dea9901	5419770959bdb8998b693fb2275b47e29b92367c	ROUND16A_PRODUCTION_COMPOSITION	R16A-PCOMP-E7DEA69C6AC32A645D8B	frontend/generated/trace-exploration-v2/production-read-model.json	53eaf59c95446eeb3781a7153183c54b3ff59fd52f21744cc917053959dfdcc9	R16A-PCOMP-E7DEA69C6AC32A645D8B	6bf0b55b7e4f98ef80098cb764281bbf5d680dcba7ddf22da62ea235ab44f0f3	23b72032e8165ac9f164a43ac0e1932f2fe4354f1b89f62d67ebe7d497de7af1	"[""R16B-SENSE:4e14e64610176c44c8a9775fba3a7d484b4eee0fb06ee9553c17675cb7f0b634"",""R16B-SENSE:f26224717160ca63c45ca85fe7c23e1469baa3e10672a68beafb13d195d0915d"",""R16B-SENSE:fa3369a6eb4bebe96ee289987f963e539b8da9c27ea0f454e8a24b6bddf9306f""]"	"[""R16B-LOCAL-FAMILY:23b72032e8165ac9f164a43ac0e1932f2fe4354f1b89f62d67ebe7d497de7af1""]"	"[""PAIRWISE_SUPPORT_WITHOUT_GROUP_COHERENCE""]"	"[""R16A-ENTRY-CB9B84CE82AE4B5167C1"",""R16A-SEED-4E5D90C771ED6A798C75""]"	"[""R16A-PAIR:5841a12151ac0ce714f0b8e279e939bed009b3f2be71086cde6033cbbd11b4ea"",""R16A-PAIR:db9e8b1d1d7e17983872e3600cd1a3ce5ae7f3c907ae70bdeafcbd0b2c6a0460""]"	PRODUCT_VISIBLE_V2	BINARY_FORK	CORRECTED	FAMILY_FINAL_DISPOSITION:PAIRWISE_SUPPORT_WITHOUT_GROUP_COHERENCE	false	false	false	false	Preserve separately governed pair records, remove the unsupported group-coherence implication, and regenerate with corrected association provenance.	bd4265df50dab72068ec7c9e9252c2d669bcc84d081b8c664c6a44de0e27cb32
468105499c7be102deec7d6555aced688dea9901	5419770959bdb8998b693fb2275b47e29b92367c	ROUND16A_PRODUCTION_COMPOSITION	R16A-PCOMP-E8CE9E4CCD02060BD878	frontend/generated/trace-exploration-v2/production-read-model.json	53eaf59c95446eeb3781a7153183c54b3ff59fd52f21744cc917053959dfdcc9	R16A-PCOMP-E8CE9E4CCD02060BD878	836070229069e4ce6a9b01424b5be2178dd49b0a2af500e670739a7239523520	3fea9b625add75da423f9ae2d9473361745be3b09669537df519b552b09940e7	"[""R16B-SENSE:4e14e64610176c44c8a9775fba3a7d484b4eee0fb06ee9553c17675cb7f0b634"",""R16B-SENSE:f26224717160ca63c45ca85fe7c23e1469baa3e10672a68beafb13d195d0915d""]"	[]	[]	"[""R16A-ENTRY-B8DF53B680BA0219F19A"",""R16A-SEED-D142C2F75DA183C84323""]"	"[""R16A-PAIR:5841a12151ac0ce714f0b8e279e939bed009b3f2be71086cde6033cbbd11b4ea""]"	PRODUCT_VISIBLE_V2	LINEAR_PATH	RETAINED	ROUND16A_ACTIVE_PAIR_BASELINE_NO_GROUP_CLAIM	false	false	false	false	Preserve the exact pair baseline without a manufactured group claim; regenerate any v3 product descendant before product activation.	4fb35261344fed47ede9d27b631a21f319b182670e00cc9c9ad5992168746f33
468105499c7be102deec7d6555aced688dea9901	5419770959bdb8998b693fb2275b47e29b92367c	ROUND16A_PRODUCTION_COMPOSITION	R16A-PCOMP-EC122160F5E5CAF59F0D	frontend/generated/trace-exploration-v2/production-read-model.json	53eaf59c95446eeb3781a7153183c54b3ff59fd52f21744cc917053959dfdcc9	R16A-PCOMP-EC122160F5E5CAF59F0D	c862efdc9ab49bd50e1f800d3182f31f535113011119db9d8461094c9de5b26b	7e0a0ee4f78d2f565c4f7771653ecc5a27828dd9fb704139d1e068f2a5fdce64	"[""R16B-SENSE:06c230c771547ee49390903e0bad7aaf44063613309c93bcbd72e808116af4c6"",""R16B-SENSE:35489187871bfd7b7be6e2d5268a3a922984d3bdad9e9a8ca61ea6edee84a5a7"",""R16B-SENSE:419a96e12217bfa4ed031510c32033cb2408489e3abb14eb28291b13c068e159""]"	"[""R16B-LOCAL-FAMILY:7e0a0ee4f78d2f565c4f7771653ecc5a27828dd9fb704139d1e068f2a5fdce64""]"	"[""BOUNDED_SENSE_OR_SCOPE_CONFLICT""]"	"[""R16A-ENTRY-52E13C75AB255B9D410E"",""R16A-SEED-2EAADEB564E69D86764E""]"	"[""R16A-PAIR:27598c04934f3d33ad80dfb1aecc18d272cf86ee7fe3a726a95aae81144dfb06"",""R16A-PAIR:818cc370417319af9a65fec5211969862df5c48a821265533ba289932e57b18c""]"	PRODUCT_VISIBLE_V2	BINARY_FORK	REJECTED	FAMILY_FINAL_DISPOSITION:BOUNDED_SENSE_OR_SCOPE_CONFLICT	false	false	false	false	Preserve the audit receipt, retire the prior object from active product eligibility, and do not project or synthesize a replacement association.	e6ebdcb1b0d7e4208b758dff4083d5f9a215941e5d6b49ecf51edec424d17c29
468105499c7be102deec7d6555aced688dea9901	5419770959bdb8998b693fb2275b47e29b92367c	ROUND16A_PRODUCTION_COMPOSITION	R16A-PCOMP-EC272F6D6B96A0F25F62	frontend/generated/trace-exploration-v2/production-read-model.json	53eaf59c95446eeb3781a7153183c54b3ff59fd52f21744cc917053959dfdcc9	R16A-PCOMP-EC272F6D6B96A0F25F62	b55599419391b549d8be4970be2d4ff5ac69aab2e74ffb49829d8ee0a1551958	83009b1d124d4635a57866eeffba5e1a1a33e499bd60b30c6346b94ff1a04f8e	"[""R16B-SENSE:698710ef66f0d551cde028b8e54bdbf6051b96902a736be6b9ab45d1ad91f848"",""R16B-SENSE:9415fd18554090ac9dd2dfc28a1ec541d67a94b8421b1cefafa578a03302257d"",""R16B-SENSE:9c499c8b62d5222b0be4049597c613d82925ede87bf34656671a6b1e4e491bc3""]"	"[""R16B-LOCAL-FAMILY:83009b1d124d4635a57866eeffba5e1a1a33e499bd60b30c6346b94ff1a04f8e""]"	"[""BOUNDED_SENSE_OR_SCOPE_CONFLICT""]"	"[""R16A-ENTRY-2E25F921A6B607F45ADA"",""R16A-SEED-591FA94E63CCFC066A39""]"	"[""R16A-PAIR:4cf124f8588611ba0a2f76bce26ab0b5890dcfcf71d9283888d62d58bcdb974a"",""R16A-PAIR:c58fe913fc06f2896c1022f7ccc0e9de1b0f7f1121f09c7d18162d40fe764cf9""]"	PRODUCT_VISIBLE_V2	LINEAR_PATH	REJECTED	FAMILY_FINAL_DISPOSITION:BOUNDED_SENSE_OR_SCOPE_CONFLICT	false	false	false	false	Preserve the audit receipt, retire the prior object from active product eligibility, and do not project or synthesize a replacement association.	3bccbb42a964fd46d8a4a2e8cce31607b948c2feaa6b8d609d6b70aa820b1480
468105499c7be102deec7d6555aced688dea9901	5419770959bdb8998b693fb2275b47e29b92367c	ROUND16A_PRODUCTION_COMPOSITION	R16A-PCOMP-EC8BF4D73663AFD0BE83	frontend/generated/trace-exploration-v2/production-read-model.json	53eaf59c95446eeb3781a7153183c54b3ff59fd52f21744cc917053959dfdcc9	R16A-PCOMP-EC8BF4D73663AFD0BE83	dcd81616247024c942af8fdfd08db2238ef0420aceccae1e48a1bc3922c864fb	83009b1d124d4635a57866eeffba5e1a1a33e499bd60b30c6346b94ff1a04f8e	"[""R16B-SENSE:698710ef66f0d551cde028b8e54bdbf6051b96902a736be6b9ab45d1ad91f848"",""R16B-SENSE:9415fd18554090ac9dd2dfc28a1ec541d67a94b8421b1cefafa578a03302257d"",""R16B-SENSE:9c499c8b62d5222b0be4049597c613d82925ede87bf34656671a6b1e4e491bc3""]"	"[""R16B-LOCAL-FAMILY:83009b1d124d4635a57866eeffba5e1a1a33e499bd60b30c6346b94ff1a04f8e""]"	"[""BOUNDED_SENSE_OR_SCOPE_CONFLICT""]"	"[""R16A-ENTRY-49EFB16A742B1F13E7CC"",""R16A-SEED-BE313A9E04E1D8E0341D""]"	"[""R16A-PAIR:4cf124f8588611ba0a2f76bce26ab0b5890dcfcf71d9283888d62d58bcdb974a"",""R16A-PAIR:591aa3897c3e0e455ef4bc05b36550f3d010af9e84be8a08c199676025fdeb04""]"	PRODUCT_VISIBLE_V2	LINEAR_PATH	REJECTED	FAMILY_FINAL_DISPOSITION:BOUNDED_SENSE_OR_SCOPE_CONFLICT	false	false	false	false	Preserve the audit receipt, retire the prior object from active product eligibility, and do not project or synthesize a replacement association.	d0e87ffba4e9d7aa46efac15d04e235f603b6fcfe3d0d0ed09846c00909eaa2a
468105499c7be102deec7d6555aced688dea9901	5419770959bdb8998b693fb2275b47e29b92367c	ROUND16A_PRODUCTION_COMPOSITION	R16A-PCOMP-ECCE0FD481A2C7C58502	frontend/generated/trace-exploration-v2/production-read-model.json	53eaf59c95446eeb3781a7153183c54b3ff59fd52f21744cc917053959dfdcc9	R16A-PCOMP-ECCE0FD481A2C7C58502	a87197d0956b88cb2c472735c25d292aad5bb975125ca97b76584199996961ea	23b72032e8165ac9f164a43ac0e1932f2fe4354f1b89f62d67ebe7d497de7af1	"[""R16B-SENSE:4e14e64610176c44c8a9775fba3a7d484b4eee0fb06ee9553c17675cb7f0b634"",""R16B-SENSE:f26224717160ca63c45ca85fe7c23e1469baa3e10672a68beafb13d195d0915d"",""R16B-SENSE:fa3369a6eb4bebe96ee289987f963e539b8da9c27ea0f454e8a24b6bddf9306f""]"	"[""R16B-LOCAL-FAMILY:23b72032e8165ac9f164a43ac0e1932f2fe4354f1b89f62d67ebe7d497de7af1""]"	"[""PAIRWISE_SUPPORT_WITHOUT_GROUP_COHERENCE""]"	"[""R16A-ENTRY-54148ACF0E6203E0DE04"",""R16A-SEED-51654A48C5F8932193D3""]"	"[""R16A-PAIR:2ea00c84f44e9da21aae78f742f5cf6cba09fee7e94d77ff3420dc07dd64cbb5"",""R16A-PAIR:5841a12151ac0ce714f0b8e279e939bed009b3f2be71086cde6033cbbd11b4ea""]"	PRODUCT_VISIBLE_V2	BINARY_CONVERGENCE	CORRECTED	FAMILY_FINAL_DISPOSITION:PAIRWISE_SUPPORT_WITHOUT_GROUP_COHERENCE	false	false	false	false	Preserve separately governed pair records, remove the unsupported group-coherence implication, and regenerate with corrected association provenance.	3f763bcf014cdceff2c9215e36229b607d6c4a1ccd6ae73f719c9de2a3dbaffa
468105499c7be102deec7d6555aced688dea9901	5419770959bdb8998b693fb2275b47e29b92367c	ROUND16A_PRODUCTION_COMPOSITION	R16A-PCOMP-EDB3DA123E818A43D254	frontend/generated/trace-exploration-v2/production-read-model.json	53eaf59c95446eeb3781a7153183c54b3ff59fd52f21744cc917053959dfdcc9	R16A-PCOMP-EDB3DA123E818A43D254	4180b5bfc79f0a1208588e0069eccd4fd0c04ffc430100b2640301f2dbda8be4	7e0a0ee4f78d2f565c4f7771653ecc5a27828dd9fb704139d1e068f2a5fdce64	"[""R16B-SENSE:06c230c771547ee49390903e0bad7aaf44063613309c93bcbd72e808116af4c6"",""R16B-SENSE:35489187871bfd7b7be6e2d5268a3a922984d3bdad9e9a8ca61ea6edee84a5a7"",""R16B-SENSE:419a96e12217bfa4ed031510c32033cb2408489e3abb14eb28291b13c068e159""]"	"[""R16B-LOCAL-FAMILY:7e0a0ee4f78d2f565c4f7771653ecc5a27828dd9fb704139d1e068f2a5fdce64""]"	"[""BOUNDED_SENSE_OR_SCOPE_CONFLICT""]"	"[""R16A-ENTRY-52E13C75AB255B9D410E"",""R16A-SEED-89B95E11BF38C41A551B""]"	"[""R16A-PAIR:27598c04934f3d33ad80dfb1aecc18d272cf86ee7fe3a726a95aae81144dfb06"",""R16A-PAIR:818cc370417319af9a65fec5211969862df5c48a821265533ba289932e57b18c""]"	PRODUCT_VISIBLE_V2	BINARY_FORK	REJECTED	FAMILY_FINAL_DISPOSITION:BOUNDED_SENSE_OR_SCOPE_CONFLICT	false	false	false	false	Preserve the audit receipt, retire the prior object from active product eligibility, and do not project or synthesize a replacement association.	23838095b94a010a9e83f407f63eddaaf28b15d0c5bf64fb6bb1fba77721cbca
468105499c7be102deec7d6555aced688dea9901	5419770959bdb8998b693fb2275b47e29b92367c	ROUND16A_PRODUCTION_COMPOSITION	R16A-PCOMP-EF5D47CFCA2FCE36B63D	frontend/generated/trace-exploration-v2/production-read-model.json	53eaf59c95446eeb3781a7153183c54b3ff59fd52f21744cc917053959dfdcc9	R16A-PCOMP-EF5D47CFCA2FCE36B63D	3bce44a012544db4f6ab28143eded68b6e5cea58065c517ce2d5a818842f60ba	3648ab4f374cda7a490244914de785b764e7e4f7c872f094e8a2d3f03a71a560	"[""R16B-SENSE:4e14e64610176c44c8a9775fba3a7d484b4eee0fb06ee9553c17675cb7f0b634"",""R16B-SENSE:f0e28e13851d04c13b701f53d9b3911cb50fc572cc6203c64527804f0b37e909"",""R16B-SENSE:fa3369a6eb4bebe96ee289987f963e539b8da9c27ea0f454e8a24b6bddf9306f""]"	"[""R16B-LOCAL-FAMILY:3648ab4f374cda7a490244914de785b764e7e4f7c872f094e8a2d3f03a71a560""]"	"[""PAIRWISE_SUPPORT_WITHOUT_GROUP_COHERENCE""]"	"[""R16A-ENTRY-BCA65C910DD7522D16E5"",""R16A-SEED-0CAF10AF596486792D40""]"	"[""R16A-PAIR:db9e8b1d1d7e17983872e3600cd1a3ce5ae7f3c907ae70bdeafcbd0b2c6a0460"",""R16A-PAIR:f82795fcaba53ac0c255461d014e82b9e563362b645b4c65a58e27644e22c54c""]"	PRODUCT_VISIBLE_V2	BINARY_CONVERGENCE	CORRECTED	FAMILY_FINAL_DISPOSITION:PAIRWISE_SUPPORT_WITHOUT_GROUP_COHERENCE	false	false	false	false	Preserve separately governed pair records, remove the unsupported group-coherence implication, and regenerate with corrected association provenance.	f1c200d8fd97d5fa4d7151605d2c6fc772aed7735805a5436ad71d10eefa7656
468105499c7be102deec7d6555aced688dea9901	5419770959bdb8998b693fb2275b47e29b92367c	ROUND16A_PRODUCTION_COMPOSITION	R16A-PCOMP-EF917AD23AB2EDDC022B	frontend/generated/trace-exploration-v2/production-read-model.json	53eaf59c95446eeb3781a7153183c54b3ff59fd52f21744cc917053959dfdcc9	R16A-PCOMP-EF917AD23AB2EDDC022B	48fc2181e516d9ef540785decd7c52e37184cd12c9c87d1ce590bd109566cc91	1d76bf657bbdec293265d051268a2a1153be0108b15a8d63ebbf2cb98cf6f06a	"[""R16B-SENSE:0ebc966b965fc5703be0f4bae727d337f32d83eb7db9066e926a2530dcfa0171"",""R16B-SENSE:61aaade597c45243fcdef0d2514fc52f58a066ae5c9f4ad550727cb75b124f64"",""R16B-SENSE:697603bbe891d791295d478b3b16d10add9bdab1fd92826d63d8b630f3779cfb""]"	"[""R16B-LOCAL-FAMILY:1d76bf657bbdec293265d051268a2a1153be0108b15a8d63ebbf2cb98cf6f06a""]"	"[""INQUIRY_ONLY_OR_UNRESOLVED""]"	"[""R16A-ENTRY-5C66E3328B55C92AB100"",""R16A-SEED-DFA473B23F143E32BF0C""]"	"[""R16A-PAIR:891e0c3d300d8c4af59fbef2f00d164ee9c22df4148122c54ed84daee1dcb37e"",""R16A-PAIR:c36555188472ea5287ed70295a1b85e92e2ba9468fc703d2fe8893de3fc55a1f""]"	PRODUCT_VISIBLE_V2	BINARY_CONVERGENCE	INQUIRY	FAMILY_FINAL_DISPOSITION:INQUIRY_ONLY_OR_UNRESOLVED	false	false	false	false	Preserve as an explicitly inquiry-only baseline artifact; do not activate a product path while evidence or authority remains unresolved.	56ebb45244f6fe2d3d6c23db5366b3c90ff5559d64fe60a3416cbba7af5630d8
468105499c7be102deec7d6555aced688dea9901	5419770959bdb8998b693fb2275b47e29b92367c	ROUND16A_PRODUCTION_COMPOSITION	R16A-PCOMP-EF9449592F847C54F53B	frontend/generated/trace-exploration-v2/production-read-model.json	53eaf59c95446eeb3781a7153183c54b3ff59fd52f21744cc917053959dfdcc9	R16A-PCOMP-EF9449592F847C54F53B	49913996b5f41751ea42d6401b01e4f79535e8f2bc6eddd4af07bf94cc6a886a	af25d1d4c93f79886769d53d071805bd5b6726130b153e4484121321d1122e3a	"[""R16B-SENSE:f0e28e13851d04c13b701f53d9b3911cb50fc572cc6203c64527804f0b37e909"",""R16B-SENSE:f26224717160ca63c45ca85fe7c23e1469baa3e10672a68beafb13d195d0915d"",""R16B-SENSE:fa3369a6eb4bebe96ee289987f963e539b8da9c27ea0f454e8a24b6bddf9306f""]"	"[""R16B-LOCAL-FAMILY:af25d1d4c93f79886769d53d071805bd5b6726130b153e4484121321d1122e3a""]"	"[""PAIRWISE_SUPPORT_WITHOUT_GROUP_COHERENCE""]"	"[""R16A-ENTRY-A2AA1DE24896163DF617"",""R16A-SEED-5EA33AACF83A715D8EA7""]"	"[""R16A-PAIR:e153332b67669fdaa24f256bfcf61135e56eb2894e48481afc71ae4327c81422"",""R16A-PAIR:f82795fcaba53ac0c255461d014e82b9e563362b645b4c65a58e27644e22c54c""]"	PRODUCT_VISIBLE_V2	BINARY_FORK	CORRECTED	FAMILY_FINAL_DISPOSITION:PAIRWISE_SUPPORT_WITHOUT_GROUP_COHERENCE	false	false	false	false	Preserve separately governed pair records, remove the unsupported group-coherence implication, and regenerate with corrected association provenance.	84ad5d3daa7aed3bf421a959a8874579c72b1901f8f7a4b3be150b56ec6e4246
468105499c7be102deec7d6555aced688dea9901	5419770959bdb8998b693fb2275b47e29b92367c	ROUND16A_PRODUCTION_COMPOSITION	R16A-PCOMP-F0131C483FA362184F95	frontend/generated/trace-exploration-v2/production-read-model.json	53eaf59c95446eeb3781a7153183c54b3ff59fd52f21744cc917053959dfdcc9	R16A-PCOMP-F0131C483FA362184F95	c05413d5cccfc00bacca84d4af2b5ee9e5b756ae797ce9a15a763373ec157877	23b72032e8165ac9f164a43ac0e1932f2fe4354f1b89f62d67ebe7d497de7af1	"[""R16B-SENSE:4e14e64610176c44c8a9775fba3a7d484b4eee0fb06ee9553c17675cb7f0b634"",""R16B-SENSE:f26224717160ca63c45ca85fe7c23e1469baa3e10672a68beafb13d195d0915d"",""R16B-SENSE:fa3369a6eb4bebe96ee289987f963e539b8da9c27ea0f454e8a24b6bddf9306f""]"	"[""R16B-LOCAL-FAMILY:23b72032e8165ac9f164a43ac0e1932f2fe4354f1b89f62d67ebe7d497de7af1""]"	"[""PAIRWISE_SUPPORT_WITHOUT_GROUP_COHERENCE""]"	"[""R16A-ENTRY-4789191FD0787D7E461C"",""R16A-SEED-1078FBF1F5A457E46B6D""]"	"[""R16A-PAIR:2ea00c84f44e9da21aae78f742f5cf6cba09fee7e94d77ff3420dc07dd64cbb5"",""R16A-PAIR:db9e8b1d1d7e17983872e3600cd1a3ce5ae7f3c907ae70bdeafcbd0b2c6a0460""]"	PRODUCT_VISIBLE_V2	LINEAR_PATH	CORRECTED	FAMILY_FINAL_DISPOSITION:PAIRWISE_SUPPORT_WITHOUT_GROUP_COHERENCE	false	false	false	false	Preserve separately governed pair records, remove the unsupported group-coherence implication, and regenerate with corrected association provenance.	5de6da494e51c683b3e6b728c907beb208c8b6e10c1da378a1a63abd8ca13571
468105499c7be102deec7d6555aced688dea9901	5419770959bdb8998b693fb2275b47e29b92367c	ROUND16A_PRODUCTION_COMPOSITION	R16A-PCOMP-F10C6779B0F92622B3A4	frontend/generated/trace-exploration-v2/production-read-model.json	53eaf59c95446eeb3781a7153183c54b3ff59fd52f21744cc917053959dfdcc9	R16A-PCOMP-F10C6779B0F92622B3A4	e98e165a9557847aa675a574344be213e03ab15e9c29380d1cdf77a5654c08d8	23b72032e8165ac9f164a43ac0e1932f2fe4354f1b89f62d67ebe7d497de7af1	"[""R16B-SENSE:4e14e64610176c44c8a9775fba3a7d484b4eee0fb06ee9553c17675cb7f0b634"",""R16B-SENSE:f26224717160ca63c45ca85fe7c23e1469baa3e10672a68beafb13d195d0915d"",""R16B-SENSE:fa3369a6eb4bebe96ee289987f963e539b8da9c27ea0f454e8a24b6bddf9306f""]"	"[""R16B-LOCAL-FAMILY:23b72032e8165ac9f164a43ac0e1932f2fe4354f1b89f62d67ebe7d497de7af1""]"	"[""PAIRWISE_SUPPORT_WITHOUT_GROUP_COHERENCE""]"	"[""R16A-ENTRY-54148ACF0E6203E0DE04"",""R16A-SEED-BA678571D2BF370565A5""]"	"[""R16A-PAIR:2ea00c84f44e9da21aae78f742f5cf6cba09fee7e94d77ff3420dc07dd64cbb5"",""R16A-PAIR:5841a12151ac0ce714f0b8e279e939bed009b3f2be71086cde6033cbbd11b4ea""]"	PRODUCT_VISIBLE_V2	BINARY_CONVERGENCE	CORRECTED	FAMILY_FINAL_DISPOSITION:PAIRWISE_SUPPORT_WITHOUT_GROUP_COHERENCE	false	false	false	false	Preserve separately governed pair records, remove the unsupported group-coherence implication, and regenerate with corrected association provenance.	c30837d3ec629d999dedc5dcb9ff66e3ccc826423ca510af124fa4cec8d1d54c
468105499c7be102deec7d6555aced688dea9901	5419770959bdb8998b693fb2275b47e29b92367c	ROUND16A_PRODUCTION_COMPOSITION	R16A-PCOMP-F1485C5856D6E5C28D80	frontend/generated/trace-exploration-v2/production-read-model.json	53eaf59c95446eeb3781a7153183c54b3ff59fd52f21744cc917053959dfdcc9	R16A-PCOMP-F1485C5856D6E5C28D80	b6e0716a6427929d1e275b868c3b0a277134bbde3c5f84cec021dfe190b6d115	7e0a0ee4f78d2f565c4f7771653ecc5a27828dd9fb704139d1e068f2a5fdce64	"[""R16B-SENSE:06c230c771547ee49390903e0bad7aaf44063613309c93bcbd72e808116af4c6"",""R16B-SENSE:35489187871bfd7b7be6e2d5268a3a922984d3bdad9e9a8ca61ea6edee84a5a7"",""R16B-SENSE:419a96e12217bfa4ed031510c32033cb2408489e3abb14eb28291b13c068e159""]"	"[""R16B-LOCAL-FAMILY:7e0a0ee4f78d2f565c4f7771653ecc5a27828dd9fb704139d1e068f2a5fdce64""]"	"[""BOUNDED_SENSE_OR_SCOPE_CONFLICT""]"	"[""R16A-ENTRY-F0BB0E5BBF0EFD8FA646"",""R16A-SEED-189DC775530F02713640""]"	"[""R16A-PAIR:27598c04934f3d33ad80dfb1aecc18d272cf86ee7fe3a726a95aae81144dfb06"",""R16A-PAIR:a364e4ea20e2f9e24e1fc980dc1ab703ae69a0fc86aa626a14e45cca0ea3bbb2""]"	PRODUCT_VISIBLE_V2	BINARY_FORK	REJECTED	FAMILY_FINAL_DISPOSITION:BOUNDED_SENSE_OR_SCOPE_CONFLICT	false	false	false	false	Preserve the audit receipt, retire the prior object from active product eligibility, and do not project or synthesize a replacement association.	bccdc766876574f89e4cccdfd5bc71f875310330d4b7712ffb8700e6674f2c88
468105499c7be102deec7d6555aced688dea9901	5419770959bdb8998b693fb2275b47e29b92367c	ROUND16A_PRODUCTION_COMPOSITION	R16A-PCOMP-F2E9F3E76623F3718EF1	frontend/generated/trace-exploration-v2/production-read-model.json	53eaf59c95446eeb3781a7153183c54b3ff59fd52f21744cc917053959dfdcc9	R16A-PCOMP-F2E9F3E76623F3718EF1	a3bda676965f493bae21bb133ea4b29a98b989b20092085c55f29f41f1c035f5	89817e7a449f1cc7b574fb1b89c9541f765e52825c5cb62bf0a2bb833e8f970a	"[""R16B-SENSE:4e14e64610176c44c8a9775fba3a7d484b4eee0fb06ee9553c17675cb7f0b634"",""R16B-SENSE:f0e28e13851d04c13b701f53d9b3911cb50fc572cc6203c64527804f0b37e909"",""R16B-SENSE:f26224717160ca63c45ca85fe7c23e1469baa3e10672a68beafb13d195d0915d"",""R16B-SENSE:fa3369a6eb4bebe96ee289987f963e539b8da9c27ea0f454e8a24b6bddf9306f""]"	"[""R16B-LOCAL-FAMILY:89817e7a449f1cc7b574fb1b89c9541f765e52825c5cb62bf0a2bb833e8f970a""]"	"[""INQUIRY_ONLY_OR_UNRESOLVED""]"	"[""R16A-ENTRY-9BFF07A47538126EA0E2"",""R16A-SEED-DE56B1B206845D50FF18""]"	"[""R16A-PAIR:5841a12151ac0ce714f0b8e279e939bed009b3f2be71086cde6033cbbd11b4ea"",""R16A-PAIR:db9e8b1d1d7e17983872e3600cd1a3ce5ae7f3c907ae70bdeafcbd0b2c6a0460"",""R16A-PAIR:e153332b67669fdaa24f256bfcf61135e56eb2894e48481afc71ae4327c81422""]"	PRODUCT_VISIBLE_V2	LINEAR_PATH	INQUIRY	FAMILY_FINAL_DISPOSITION:INQUIRY_ONLY_OR_UNRESOLVED	false	false	false	false	Preserve as an explicitly inquiry-only baseline artifact; do not activate a product path while evidence or authority remains unresolved.	4cbcf98e76137d91bfc5b6e27a8b7ceac71b6ab4221265fdf7f2e1f158a09eec
468105499c7be102deec7d6555aced688dea9901	5419770959bdb8998b693fb2275b47e29b92367c	ROUND16A_PRODUCTION_COMPOSITION	R16A-PCOMP-F3E9FBB24680C96BDDD2	frontend/generated/trace-exploration-v2/production-read-model.json	53eaf59c95446eeb3781a7153183c54b3ff59fd52f21744cc917053959dfdcc9	R16A-PCOMP-F3E9FBB24680C96BDDD2	29acfd49fc1503bd1b02ab7d0e96f66c511a6fba2bee817f223ad0ac032bee0a	1d76bf657bbdec293265d051268a2a1153be0108b15a8d63ebbf2cb98cf6f06a	"[""R16B-SENSE:0ebc966b965fc5703be0f4bae727d337f32d83eb7db9066e926a2530dcfa0171"",""R16B-SENSE:61aaade597c45243fcdef0d2514fc52f58a066ae5c9f4ad550727cb75b124f64"",""R16B-SENSE:697603bbe891d791295d478b3b16d10add9bdab1fd92826d63d8b630f3779cfb""]"	"[""R16B-LOCAL-FAMILY:1d76bf657bbdec293265d051268a2a1153be0108b15a8d63ebbf2cb98cf6f06a""]"	"[""INQUIRY_ONLY_OR_UNRESOLVED""]"	"[""R16A-ENTRY-5210759542ADC353072B"",""R16A-SEED-68C5BA5CFC907E6BD4FC""]"	"[""R16A-PAIR:43fa33f1a987090224619eb68e83d246be7705f94d1b2e364bdfb2b73fc1a94f"",""R16A-PAIR:891e0c3d300d8c4af59fbef2f00d164ee9c22df4148122c54ed84daee1dcb37e""]"	PRODUCT_VISIBLE_V2	LINEAR_PATH	INQUIRY	FAMILY_FINAL_DISPOSITION:INQUIRY_ONLY_OR_UNRESOLVED	false	false	false	false	Preserve as an explicitly inquiry-only baseline artifact; do not activate a product path while evidence or authority remains unresolved.	152d2072474709303e6deb692b6136a1fbb9bb8f51a547b55f5394737ebbea96
468105499c7be102deec7d6555aced688dea9901	5419770959bdb8998b693fb2275b47e29b92367c	ROUND16A_PRODUCTION_COMPOSITION	R16A-PCOMP-F5587A147A768401ACA9	frontend/generated/trace-exploration-v2/production-read-model.json	53eaf59c95446eeb3781a7153183c54b3ff59fd52f21744cc917053959dfdcc9	R16A-PCOMP-F5587A147A768401ACA9	b6e815d71752ebfe69a62d0d3ad680d810d57bf7881b7845613d2557d56e2161	83009b1d124d4635a57866eeffba5e1a1a33e499bd60b30c6346b94ff1a04f8e	"[""R16B-SENSE:698710ef66f0d551cde028b8e54bdbf6051b96902a736be6b9ab45d1ad91f848"",""R16B-SENSE:9415fd18554090ac9dd2dfc28a1ec541d67a94b8421b1cefafa578a03302257d"",""R16B-SENSE:9c499c8b62d5222b0be4049597c613d82925ede87bf34656671a6b1e4e491bc3""]"	"[""R16B-LOCAL-FAMILY:83009b1d124d4635a57866eeffba5e1a1a33e499bd60b30c6346b94ff1a04f8e""]"	"[""BOUNDED_SENSE_OR_SCOPE_CONFLICT""]"	"[""R16A-ENTRY-49EFB16A742B1F13E7CC"",""R16A-SEED-181C6E61B97EA5C3AB3B""]"	"[""R16A-PAIR:4cf124f8588611ba0a2f76bce26ab0b5890dcfcf71d9283888d62d58bcdb974a"",""R16A-PAIR:591aa3897c3e0e455ef4bc05b36550f3d010af9e84be8a08c199676025fdeb04""]"	PRODUCT_VISIBLE_V2	LINEAR_PATH	REJECTED	FAMILY_FINAL_DISPOSITION:BOUNDED_SENSE_OR_SCOPE_CONFLICT	false	false	false	false	Preserve the audit receipt, retire the prior object from active product eligibility, and do not project or synthesize a replacement association.	bb362fc0931f501149887e7737215bfa08d1f8b71ee95e66612d24b0c0561052
468105499c7be102deec7d6555aced688dea9901	5419770959bdb8998b693fb2275b47e29b92367c	ROUND16A_PRODUCTION_COMPOSITION	R16A-PCOMP-F567D0C892E22A989B48	frontend/generated/trace-exploration-v2/production-read-model.json	53eaf59c95446eeb3781a7153183c54b3ff59fd52f21744cc917053959dfdcc9	R16A-PCOMP-F567D0C892E22A989B48	d6bf7af1c161c661b94e7892ad6383238c9f3e305921ce7b7c438da9e08c7d8f	89817e7a449f1cc7b574fb1b89c9541f765e52825c5cb62bf0a2bb833e8f970a	"[""R16B-SENSE:4e14e64610176c44c8a9775fba3a7d484b4eee0fb06ee9553c17675cb7f0b634"",""R16B-SENSE:f0e28e13851d04c13b701f53d9b3911cb50fc572cc6203c64527804f0b37e909"",""R16B-SENSE:f26224717160ca63c45ca85fe7c23e1469baa3e10672a68beafb13d195d0915d"",""R16B-SENSE:fa3369a6eb4bebe96ee289987f963e539b8da9c27ea0f454e8a24b6bddf9306f""]"	"[""R16B-LOCAL-FAMILY:89817e7a449f1cc7b574fb1b89c9541f765e52825c5cb62bf0a2bb833e8f970a""]"	"[""INQUIRY_ONLY_OR_UNRESOLVED""]"	"[""R16A-ENTRY-E3E7F7FE5935F715005D"",""R16A-SEED-B4DB1DB383E5BD215484""]"	"[""R16A-PAIR:2ea00c84f44e9da21aae78f742f5cf6cba09fee7e94d77ff3420dc07dd64cbb5"",""R16A-PAIR:db9e8b1d1d7e17983872e3600cd1a3ce5ae7f3c907ae70bdeafcbd0b2c6a0460"",""R16A-PAIR:e153332b67669fdaa24f256bfcf61135e56eb2894e48481afc71ae4327c81422""]"	PRODUCT_VISIBLE_V2	LINEAR_PATH	INQUIRY	FAMILY_FINAL_DISPOSITION:INQUIRY_ONLY_OR_UNRESOLVED	false	false	false	false	Preserve as an explicitly inquiry-only baseline artifact; do not activate a product path while evidence or authority remains unresolved.	8804201dc764afcbb68262faf7e6425f7f679cf72e0aeccde2424899b4df71ee
468105499c7be102deec7d6555aced688dea9901	5419770959bdb8998b693fb2275b47e29b92367c	ROUND16A_PRODUCTION_COMPOSITION	R16A-PCOMP-F63F29CDC6FA953855B1	frontend/generated/trace-exploration-v2/production-read-model.json	53eaf59c95446eeb3781a7153183c54b3ff59fd52f21744cc917053959dfdcc9	R16A-PCOMP-F63F29CDC6FA953855B1	d62b8515c77567bf0ea05ce4b320ee82feb7dfd1ff94043af6b62c6c7d074213	89817e7a449f1cc7b574fb1b89c9541f765e52825c5cb62bf0a2bb833e8f970a	"[""R16B-SENSE:4e14e64610176c44c8a9775fba3a7d484b4eee0fb06ee9553c17675cb7f0b634"",""R16B-SENSE:f0e28e13851d04c13b701f53d9b3911cb50fc572cc6203c64527804f0b37e909"",""R16B-SENSE:f26224717160ca63c45ca85fe7c23e1469baa3e10672a68beafb13d195d0915d"",""R16B-SENSE:fa3369a6eb4bebe96ee289987f963e539b8da9c27ea0f454e8a24b6bddf9306f""]"	"[""R16B-LOCAL-FAMILY:89817e7a449f1cc7b574fb1b89c9541f765e52825c5cb62bf0a2bb833e8f970a""]"	"[""INQUIRY_ONLY_OR_UNRESOLVED""]"	"[""R16A-ENTRY-DCBCD4680AD1D43F8C27"",""R16A-SEED-D9CC3FB91791C37F5425""]"	"[""R16A-PAIR:5841a12151ac0ce714f0b8e279e939bed009b3f2be71086cde6033cbbd11b4ea"",""R16A-PAIR:db9e8b1d1d7e17983872e3600cd1a3ce5ae7f3c907ae70bdeafcbd0b2c6a0460"",""R16A-PAIR:f82795fcaba53ac0c255461d014e82b9e563362b645b4c65a58e27644e22c54c""]"	PRODUCT_VISIBLE_V2	LINEAR_PATH	INQUIRY	FAMILY_FINAL_DISPOSITION:INQUIRY_ONLY_OR_UNRESOLVED	false	false	false	false	Preserve as an explicitly inquiry-only baseline artifact; do not activate a product path while evidence or authority remains unresolved.	8ac1eac49246438cf352866a586441e1726951cc718612ef39fcf2c88e1b91d0
468105499c7be102deec7d6555aced688dea9901	5419770959bdb8998b693fb2275b47e29b92367c	ROUND16A_PRODUCTION_COMPOSITION	R16A-PCOMP-F6BDDD3A9B6ED8BB8BE2	frontend/generated/trace-exploration-v2/production-read-model.json	53eaf59c95446eeb3781a7153183c54b3ff59fd52f21744cc917053959dfdcc9	R16A-PCOMP-F6BDDD3A9B6ED8BB8BE2	183c64baa953bd317499f87d12f02bc79f185e2da8a4b2140914133271275caa	89817e7a449f1cc7b574fb1b89c9541f765e52825c5cb62bf0a2bb833e8f970a	"[""R16B-SENSE:4e14e64610176c44c8a9775fba3a7d484b4eee0fb06ee9553c17675cb7f0b634"",""R16B-SENSE:f0e28e13851d04c13b701f53d9b3911cb50fc572cc6203c64527804f0b37e909"",""R16B-SENSE:f26224717160ca63c45ca85fe7c23e1469baa3e10672a68beafb13d195d0915d"",""R16B-SENSE:fa3369a6eb4bebe96ee289987f963e539b8da9c27ea0f454e8a24b6bddf9306f""]"	"[""R16B-LOCAL-FAMILY:89817e7a449f1cc7b574fb1b89c9541f765e52825c5cb62bf0a2bb833e8f970a""]"	"[""INQUIRY_ONLY_OR_UNRESOLVED""]"	"[""R16A-ENTRY-DCBCD4680AD1D43F8C27"",""R16A-SEED-5E8E33A085FE926F73E6""]"	"[""R16A-PAIR:5841a12151ac0ce714f0b8e279e939bed009b3f2be71086cde6033cbbd11b4ea"",""R16A-PAIR:db9e8b1d1d7e17983872e3600cd1a3ce5ae7f3c907ae70bdeafcbd0b2c6a0460"",""R16A-PAIR:f82795fcaba53ac0c255461d014e82b9e563362b645b4c65a58e27644e22c54c""]"	PRODUCT_VISIBLE_V2	LINEAR_PATH	INQUIRY	FAMILY_FINAL_DISPOSITION:INQUIRY_ONLY_OR_UNRESOLVED	false	false	false	false	Preserve as an explicitly inquiry-only baseline artifact; do not activate a product path while evidence or authority remains unresolved.	c025be18e1d22400d32ad286c7b17b02d6b9ec28c70a6683a9386c647508a74d
468105499c7be102deec7d6555aced688dea9901	5419770959bdb8998b693fb2275b47e29b92367c	ROUND16A_PRODUCTION_COMPOSITION	R16A-PCOMP-F88BD02DA09064CDBDE0	frontend/generated/trace-exploration-v2/production-read-model.json	53eaf59c95446eeb3781a7153183c54b3ff59fd52f21744cc917053959dfdcc9	R16A-PCOMP-F88BD02DA09064CDBDE0	0bbe379303673eafba5c74145136aa1d5ee4a8705b3cc476fdb32dcff9121ddb	af25d1d4c93f79886769d53d071805bd5b6726130b153e4484121321d1122e3a	"[""R16B-SENSE:f0e28e13851d04c13b701f53d9b3911cb50fc572cc6203c64527804f0b37e909"",""R16B-SENSE:f26224717160ca63c45ca85fe7c23e1469baa3e10672a68beafb13d195d0915d"",""R16B-SENSE:fa3369a6eb4bebe96ee289987f963e539b8da9c27ea0f454e8a24b6bddf9306f""]"	"[""R16B-LOCAL-FAMILY:af25d1d4c93f79886769d53d071805bd5b6726130b153e4484121321d1122e3a""]"	"[""PAIRWISE_SUPPORT_WITHOUT_GROUP_COHERENCE""]"	"[""R16A-ENTRY-006D9BE268748B32931E"",""R16A-SEED-68DDBCC9432E3BEC349B""]"	"[""R16A-PAIR:2ea00c84f44e9da21aae78f742f5cf6cba09fee7e94d77ff3420dc07dd64cbb5"",""R16A-PAIR:e153332b67669fdaa24f256bfcf61135e56eb2894e48481afc71ae4327c81422""]"	PRODUCT_VISIBLE_V2	BINARY_FORK	CORRECTED	FAMILY_FINAL_DISPOSITION:PAIRWISE_SUPPORT_WITHOUT_GROUP_COHERENCE	false	false	false	false	Preserve separately governed pair records, remove the unsupported group-coherence implication, and regenerate with corrected association provenance.	ec67e8b223c5c5f58820fb3458cc36409301051506327072d3893385aec291f3
468105499c7be102deec7d6555aced688dea9901	5419770959bdb8998b693fb2275b47e29b92367c	ROUND16A_PRODUCTION_COMPOSITION	R16A-PCOMP-F8D8739057E8DE6A6AD8	frontend/generated/trace-exploration-v2/production-read-model.json	53eaf59c95446eeb3781a7153183c54b3ff59fd52f21744cc917053959dfdcc9	R16A-PCOMP-F8D8739057E8DE6A6AD8	83defb053f9c0b02658313543b6bc4f6d9e1475eb598ded96a5d5b254bf77d7c	7e0a0ee4f78d2f565c4f7771653ecc5a27828dd9fb704139d1e068f2a5fdce64	"[""R16B-SENSE:06c230c771547ee49390903e0bad7aaf44063613309c93bcbd72e808116af4c6"",""R16B-SENSE:35489187871bfd7b7be6e2d5268a3a922984d3bdad9e9a8ca61ea6edee84a5a7"",""R16B-SENSE:419a96e12217bfa4ed031510c32033cb2408489e3abb14eb28291b13c068e159""]"	"[""R16B-LOCAL-FAMILY:7e0a0ee4f78d2f565c4f7771653ecc5a27828dd9fb704139d1e068f2a5fdce64""]"	"[""BOUNDED_SENSE_OR_SCOPE_CONFLICT""]"	"[""R16A-ENTRY-BDB3156294C536B40036"",""R16A-SEED-F5021F92AEBFAAA9E0E3""]"	"[""R16A-PAIR:27598c04934f3d33ad80dfb1aecc18d272cf86ee7fe3a726a95aae81144dfb06"",""R16A-PAIR:a364e4ea20e2f9e24e1fc980dc1ab703ae69a0fc86aa626a14e45cca0ea3bbb2""]"	PRODUCT_VISIBLE_V2	BINARY_CONVERGENCE	REJECTED	FAMILY_FINAL_DISPOSITION:BOUNDED_SENSE_OR_SCOPE_CONFLICT	false	false	false	false	Preserve the audit receipt, retire the prior object from active product eligibility, and do not project or synthesize a replacement association.	42418534c4cc8e342799a87084c9a7c5f9ca493f7f8a8157ddeb9b6dad28b716
468105499c7be102deec7d6555aced688dea9901	5419770959bdb8998b693fb2275b47e29b92367c	ROUND16A_PRODUCTION_COMPOSITION	R16A-PCOMP-F977A00A83E2973B80F7	frontend/generated/trace-exploration-v2/production-read-model.json	53eaf59c95446eeb3781a7153183c54b3ff59fd52f21744cc917053959dfdcc9	R16A-PCOMP-F977A00A83E2973B80F7	f403efff0cf24d4fd42199869eb973230cdd0a46d42e9d9689121dc122c446bc	83009b1d124d4635a57866eeffba5e1a1a33e499bd60b30c6346b94ff1a04f8e	"[""R16B-SENSE:698710ef66f0d551cde028b8e54bdbf6051b96902a736be6b9ab45d1ad91f848"",""R16B-SENSE:9415fd18554090ac9dd2dfc28a1ec541d67a94b8421b1cefafa578a03302257d"",""R16B-SENSE:9c499c8b62d5222b0be4049597c613d82925ede87bf34656671a6b1e4e491bc3""]"	"[""R16B-LOCAL-FAMILY:83009b1d124d4635a57866eeffba5e1a1a33e499bd60b30c6346b94ff1a04f8e""]"	"[""BOUNDED_SENSE_OR_SCOPE_CONFLICT""]"	"[""R16A-ENTRY-2DC92F43571CF5579451"",""R16A-SEED-D532B8938426577473F8""]"	"[""R16A-PAIR:591aa3897c3e0e455ef4bc05b36550f3d010af9e84be8a08c199676025fdeb04"",""R16A-PAIR:c58fe913fc06f2896c1022f7ccc0e9de1b0f7f1121f09c7d18162d40fe764cf9""]"	PRODUCT_VISIBLE_V2	BINARY_FORK	REJECTED	FAMILY_FINAL_DISPOSITION:BOUNDED_SENSE_OR_SCOPE_CONFLICT	false	false	false	false	Preserve the audit receipt, retire the prior object from active product eligibility, and do not project or synthesize a replacement association.	a9173e0969833a97572c8a168f1e79c849cef34ff9acbf14ffb02422b8609471
468105499c7be102deec7d6555aced688dea9901	5419770959bdb8998b693fb2275b47e29b92367c	ROUND16A_PRODUCTION_COMPOSITION	R16A-PCOMP-FB98C7D70C7129EC3E28	frontend/generated/trace-exploration-v2/production-read-model.json	53eaf59c95446eeb3781a7153183c54b3ff59fd52f21744cc917053959dfdcc9	R16A-PCOMP-FB98C7D70C7129EC3E28	570b916f80c2510d2000382fbf3e171789b3e7366eb1569f0916de68863bdddb	1d76bf657bbdec293265d051268a2a1153be0108b15a8d63ebbf2cb98cf6f06a	"[""R16B-SENSE:0ebc966b965fc5703be0f4bae727d337f32d83eb7db9066e926a2530dcfa0171"",""R16B-SENSE:61aaade597c45243fcdef0d2514fc52f58a066ae5c9f4ad550727cb75b124f64"",""R16B-SENSE:697603bbe891d791295d478b3b16d10add9bdab1fd92826d63d8b630f3779cfb""]"	"[""R16B-LOCAL-FAMILY:1d76bf657bbdec293265d051268a2a1153be0108b15a8d63ebbf2cb98cf6f06a""]"	"[""INQUIRY_ONLY_OR_UNRESOLVED""]"	"[""R16A-ENTRY-9A10AFD4676A2874B38C"",""R16A-SEED-0737A7F3E4B463A660DC""]"	"[""R16A-PAIR:43fa33f1a987090224619eb68e83d246be7705f94d1b2e364bdfb2b73fc1a94f"",""R16A-PAIR:c36555188472ea5287ed70295a1b85e92e2ba9468fc703d2fe8893de3fc55a1f""]"	PRODUCT_VISIBLE_V2	BINARY_FORK	INQUIRY	FAMILY_FINAL_DISPOSITION:INQUIRY_ONLY_OR_UNRESOLVED	false	false	false	false	Preserve as an explicitly inquiry-only baseline artifact; do not activate a product path while evidence or authority remains unresolved.	b662cfcd7a7b796084b1040f1ca95862d39f9bce3522841b4837c45a23ca9ce6
468105499c7be102deec7d6555aced688dea9901	5419770959bdb8998b693fb2275b47e29b92367c	ROUND16A_PRODUCTION_COMPOSITION	R16A-PCOMP-FC6117E9D1DBF209F9C3	frontend/generated/trace-exploration-v2/production-read-model.json	53eaf59c95446eeb3781a7153183c54b3ff59fd52f21744cc917053959dfdcc9	R16A-PCOMP-FC6117E9D1DBF209F9C3	435a988bdf9116f6b029ec6e4cade090b0a5f1ce8df45454d24fde2ac03000a6	1d76bf657bbdec293265d051268a2a1153be0108b15a8d63ebbf2cb98cf6f06a	"[""R16B-SENSE:0ebc966b965fc5703be0f4bae727d337f32d83eb7db9066e926a2530dcfa0171"",""R16B-SENSE:61aaade597c45243fcdef0d2514fc52f58a066ae5c9f4ad550727cb75b124f64"",""R16B-SENSE:697603bbe891d791295d478b3b16d10add9bdab1fd92826d63d8b630f3779cfb""]"	"[""R16B-LOCAL-FAMILY:1d76bf657bbdec293265d051268a2a1153be0108b15a8d63ebbf2cb98cf6f06a""]"	"[""INQUIRY_ONLY_OR_UNRESOLVED""]"	"[""R16A-ENTRY-82CA5FBBB8348F7AE95B"",""R16A-SEED-6513395057F8585C1896""]"	"[""R16A-PAIR:43fa33f1a987090224619eb68e83d246be7705f94d1b2e364bdfb2b73fc1a94f"",""R16A-PAIR:891e0c3d300d8c4af59fbef2f00d164ee9c22df4148122c54ed84daee1dcb37e""]"	PRODUCT_VISIBLE_V2	BINARY_CONVERGENCE	INQUIRY	FAMILY_FINAL_DISPOSITION:INQUIRY_ONLY_OR_UNRESOLVED	false	false	false	false	Preserve as an explicitly inquiry-only baseline artifact; do not activate a product path while evidence or authority remains unresolved.	a55cfd445c8a1cd8393fdc11a982b1946dd579e4056f6b16f6e10b5a1253eb5b
468105499c7be102deec7d6555aced688dea9901	5419770959bdb8998b693fb2275b47e29b92367c	ROUND16A_PRODUCTION_COMPOSITION	R16A-PCOMP-FDFBBDCACA7F524B636D	frontend/generated/trace-exploration-v2/production-read-model.json	53eaf59c95446eeb3781a7153183c54b3ff59fd52f21744cc917053959dfdcc9	R16A-PCOMP-FDFBBDCACA7F524B636D	7e76431536c7053920342dcc073cf6c7bf91f013580593d8a92ff7150de43751	23b72032e8165ac9f164a43ac0e1932f2fe4354f1b89f62d67ebe7d497de7af1	"[""R16B-SENSE:4e14e64610176c44c8a9775fba3a7d484b4eee0fb06ee9553c17675cb7f0b634"",""R16B-SENSE:f26224717160ca63c45ca85fe7c23e1469baa3e10672a68beafb13d195d0915d"",""R16B-SENSE:fa3369a6eb4bebe96ee289987f963e539b8da9c27ea0f454e8a24b6bddf9306f""]"	"[""R16B-LOCAL-FAMILY:23b72032e8165ac9f164a43ac0e1932f2fe4354f1b89f62d67ebe7d497de7af1""]"	"[""PAIRWISE_SUPPORT_WITHOUT_GROUP_COHERENCE""]"	"[""R16A-ENTRY-BBDF1E0FB4DFD49A58BD"",""R16A-SEED-4929AB6F04125FB7B1DC""]"	"[""R16A-PAIR:2ea00c84f44e9da21aae78f742f5cf6cba09fee7e94d77ff3420dc07dd64cbb5"",""R16A-PAIR:db9e8b1d1d7e17983872e3600cd1a3ce5ae7f3c907ae70bdeafcbd0b2c6a0460""]"	PRODUCT_VISIBLE_V2	BINARY_CONVERGENCE	CORRECTED	FAMILY_FINAL_DISPOSITION:PAIRWISE_SUPPORT_WITHOUT_GROUP_COHERENCE	false	false	false	false	Preserve separately governed pair records, remove the unsupported group-coherence implication, and regenerate with corrected association provenance.	fc2c8df55061a39edb63d7b4101700b4644ddae2be5d91ba267f377b444976ed
468105499c7be102deec7d6555aced688dea9901	5419770959bdb8998b693fb2275b47e29b92367c	ROUND16A_PRODUCTION_COMPOSITION	R16A-PCOMP-FE347BF663FF7F0EB064	frontend/generated/trace-exploration-v2/production-read-model.json	53eaf59c95446eeb3781a7153183c54b3ff59fd52f21744cc917053959dfdcc9	R16A-PCOMP-FE347BF663FF7F0EB064	0a80b2f324c3ce776c1d76f8c91075f99df2bedd7c21b673134a3882cf4fdb43	23b72032e8165ac9f164a43ac0e1932f2fe4354f1b89f62d67ebe7d497de7af1	"[""R16B-SENSE:4e14e64610176c44c8a9775fba3a7d484b4eee0fb06ee9553c17675cb7f0b634"",""R16B-SENSE:f26224717160ca63c45ca85fe7c23e1469baa3e10672a68beafb13d195d0915d"",""R16B-SENSE:fa3369a6eb4bebe96ee289987f963e539b8da9c27ea0f454e8a24b6bddf9306f""]"	"[""R16B-LOCAL-FAMILY:23b72032e8165ac9f164a43ac0e1932f2fe4354f1b89f62d67ebe7d497de7af1""]"	"[""PAIRWISE_SUPPORT_WITHOUT_GROUP_COHERENCE""]"	"[""R16A-ENTRY-CB9B84CE82AE4B5167C1"",""R16A-SEED-7D5FE3A895EF07506328""]"	"[""R16A-PAIR:5841a12151ac0ce714f0b8e279e939bed009b3f2be71086cde6033cbbd11b4ea"",""R16A-PAIR:db9e8b1d1d7e17983872e3600cd1a3ce5ae7f3c907ae70bdeafcbd0b2c6a0460""]"	PRODUCT_VISIBLE_V2	BINARY_FORK	CORRECTED	FAMILY_FINAL_DISPOSITION:PAIRWISE_SUPPORT_WITHOUT_GROUP_COHERENCE	false	false	false	false	Preserve separately governed pair records, remove the unsupported group-coherence implication, and regenerate with corrected association provenance.	9aae081a3658e6990bceb18f9095caba5af0789d41681c96fce186de5ec0fb63
468105499c7be102deec7d6555aced688dea9901	5419770959bdb8998b693fb2275b47e29b92367c	ROUND16A_PRODUCTION_COMPOSITION	R16A-PCOMP-FE9ADA3029A2FC5C3072	frontend/generated/trace-exploration-v2/production-read-model.json	53eaf59c95446eeb3781a7153183c54b3ff59fd52f21744cc917053959dfdcc9	R16A-PCOMP-FE9ADA3029A2FC5C3072	63c74cd8ba6153ae14f6d06cf05ffb1bd8608d0f3309e10e65d6d72752292785	23b72032e8165ac9f164a43ac0e1932f2fe4354f1b89f62d67ebe7d497de7af1	"[""R16B-SENSE:4e14e64610176c44c8a9775fba3a7d484b4eee0fb06ee9553c17675cb7f0b634"",""R16B-SENSE:f26224717160ca63c45ca85fe7c23e1469baa3e10672a68beafb13d195d0915d"",""R16B-SENSE:fa3369a6eb4bebe96ee289987f963e539b8da9c27ea0f454e8a24b6bddf9306f""]"	"[""R16B-LOCAL-FAMILY:23b72032e8165ac9f164a43ac0e1932f2fe4354f1b89f62d67ebe7d497de7af1""]"	"[""PAIRWISE_SUPPORT_WITHOUT_GROUP_COHERENCE""]"	"[""R16A-ENTRY-CB9B84CE82AE4B5167C1"",""R16A-SEED-5D38AF5AAB86E476740A""]"	"[""R16A-PAIR:5841a12151ac0ce714f0b8e279e939bed009b3f2be71086cde6033cbbd11b4ea"",""R16A-PAIR:db9e8b1d1d7e17983872e3600cd1a3ce5ae7f3c907ae70bdeafcbd0b2c6a0460""]"	PRODUCT_VISIBLE_V2	BINARY_FORK	CORRECTED	FAMILY_FINAL_DISPOSITION:PAIRWISE_SUPPORT_WITHOUT_GROUP_COHERENCE	false	false	false	false	Preserve separately governed pair records, remove the unsupported group-coherence implication, and regenerate with corrected association provenance.	9316c7fd8c283ee28da578f11284ddb13ccbf56f33bb934de669a962af1ee32a
