authority_base_sha	source_sha	prior_object_type	prior_id	source_path	source_file_sha256	source_record_ref	source_record_sha256	participant_set_key	participant_sense_ids_json	candidate_ids_json	candidate_final_dispositions_json	upstream_object_ids_json	prior_association_ids_json	prior_status	prior_topology	reconciliation_outcome	outcome_basis	semantic_carry_forward_authorized	active_fact_created	product_eligible	pair_projection_eligible	required_next_action	record_sha256
468105499c7be102deec7d6555aced688dea9901	5419770959bdb8998b693fb2275b47e29b92367c	ROUND16A_TOPOLOGY_ENUMERATION_RESULT	R16A-SUBGRAPH-00B971C7EB5D1624FC80|BINARY_CONVERGENCE	docs/audits/v49-exploration-full-space-closure-round1/raw/composition-enumeration-v2.tsv	75efbe8f0e5d18d431b1e525900da6eb30ff6abe1a97d407058e637680ada2cd	3	6955c5db1ff4fe383556d07bc0414c0eb65b8d157590001ec01923f45adc9729	1d76bf657bbdec293265d051268a2a1153be0108b15a8d63ebbf2cb98cf6f06a	"[""R16B-SENSE:0ebc966b965fc5703be0f4bae727d337f32d83eb7db9066e926a2530dcfa0171"",""R16B-SENSE:61aaade597c45243fcdef0d2514fc52f58a066ae5c9f4ad550727cb75b124f64"",""R16B-SENSE:697603bbe891d791295d478b3b16d10add9bdab1fd92826d63d8b630f3779cfb""]"	"[""R16B-LOCAL-FAMILY:1d76bf657bbdec293265d051268a2a1153be0108b15a8d63ebbf2cb98cf6f06a""]"	"[""INQUIRY_ONLY_OR_UNRESOLVED""]"	"[""R16A-SUBGRAPH-00B971C7EB5D1624FC80""]"	"[""R16A-PAIR:43fa33f1a987090224619eb68e83d246be7705f94d1b2e364bdfb2b73fc1a94f"",""R16A-PAIR:c36555188472ea5287ed70295a1b85e92e2ba9468fc703d2fe8893de3fc55a1f""]"	VALID	BINARY_CONVERGENCE	INQUIRY	FAMILY_FINAL_DISPOSITION:INQUIRY_ONLY_OR_UNRESOLVED	false	false	false	false	Preserve the exact prior VALID/INVALID attempt while applying the independently derived semantic outcome; never equate topology validity with group support.	e1fb5024474d1731a5ba37211f53b5a12e632797c98d59918ad917be9c64c3ff
468105499c7be102deec7d6555aced688dea9901	5419770959bdb8998b693fb2275b47e29b92367c	ROUND16A_TOPOLOGY_ENUMERATION_RESULT	R16A-SUBGRAPH-00B971C7EB5D1624FC80|BINARY_FORK	docs/audits/v49-exploration-full-space-closure-round1/raw/composition-enumeration-v2.tsv	75efbe8f0e5d18d431b1e525900da6eb30ff6abe1a97d407058e637680ada2cd	2	5152a0b60c87ee65b529c333320ab5a13c578578fb95e94041b7a3c31565f6d9	1d76bf657bbdec293265d051268a2a1153be0108b15a8d63ebbf2cb98cf6f06a	"[""R16B-SENSE:0ebc966b965fc5703be0f4bae727d337f32d83eb7db9066e926a2530dcfa0171"",""R16B-SENSE:61aaade597c45243fcdef0d2514fc52f58a066ae5c9f4ad550727cb75b124f64"",""R16B-SENSE:697603bbe891d791295d478b3b16d10add9bdab1fd92826d63d8b630f3779cfb""]"	"[""R16B-LOCAL-FAMILY:1d76bf657bbdec293265d051268a2a1153be0108b15a8d63ebbf2cb98cf6f06a""]"	"[""INQUIRY_ONLY_OR_UNRESOLVED""]"	"[""R16A-SUBGRAPH-00B971C7EB5D1624FC80""]"	"[""R16A-PAIR:43fa33f1a987090224619eb68e83d246be7705f94d1b2e364bdfb2b73fc1a94f"",""R16A-PAIR:c36555188472ea5287ed70295a1b85e92e2ba9468fc703d2fe8893de3fc55a1f""]"	VALID	BINARY_FORK	INQUIRY	FAMILY_FINAL_DISPOSITION:INQUIRY_ONLY_OR_UNRESOLVED	false	false	false	false	Preserve the exact prior VALID/INVALID attempt while applying the independently derived semantic outcome; never equate topology validity with group support.	849b09b171a90325b0300ebe3909fe8cd0086304154744cd2b7b3b9cb84410e5
468105499c7be102deec7d6555aced688dea9901	5419770959bdb8998b693fb2275b47e29b92367c	ROUND16A_TOPOLOGY_ENUMERATION_RESULT	R16A-SUBGRAPH-00B971C7EB5D1624FC80|EVIDENCE_GAP_TREE	docs/audits/v49-exploration-full-space-closure-round1/raw/composition-enumeration-v2.tsv	75efbe8f0e5d18d431b1e525900da6eb30ff6abe1a97d407058e637680ada2cd	6	cd5254373e3df4e8a36ae6c268caa143a5f56afc909cf7d8cf7fd93a2377eb31	1d76bf657bbdec293265d051268a2a1153be0108b15a8d63ebbf2cb98cf6f06a	"[""R16B-SENSE:0ebc966b965fc5703be0f4bae727d337f32d83eb7db9066e926a2530dcfa0171"",""R16B-SENSE:61aaade597c45243fcdef0d2514fc52f58a066ae5c9f4ad550727cb75b124f64"",""R16B-SENSE:697603bbe891d791295d478b3b16d10add9bdab1fd92826d63d8b630f3779cfb""]"	"[""R16B-LOCAL-FAMILY:1d76bf657bbdec293265d051268a2a1153be0108b15a8d63ebbf2cb98cf6f06a""]"	"[""INQUIRY_ONLY_OR_UNRESOLVED""]"	"[""R16A-SUBGRAPH-00B971C7EB5D1624FC80""]"	"[""R16A-PAIR:43fa33f1a987090224619eb68e83d246be7705f94d1b2e364bdfb2b73fc1a94f"",""R16A-PAIR:c36555188472ea5287ed70295a1b85e92e2ba9468fc703d2fe8893de3fc55a1f""]"	INVALID	EVIDENCE_GAP_TREE	INQUIRY	FAMILY_FINAL_DISPOSITION:INQUIRY_ONLY_OR_UNRESOLVED	false	false	false	false	Preserve the exact prior VALID/INVALID attempt while applying the independently derived semantic outcome; never equate topology validity with group support.	509652858bfcca7248eb92815e0ade0b1e4b6489be9ad7ed87659bed6240b342
468105499c7be102deec7d6555aced688dea9901	5419770959bdb8998b693fb2275b47e29b92367c	ROUND16A_TOPOLOGY_ENUMERATION_RESULT	R16A-SUBGRAPH-00B971C7EB5D1624FC80|LINEAR_PATH	docs/audits/v49-exploration-full-space-closure-round1/raw/composition-enumeration-v2.tsv	75efbe8f0e5d18d431b1e525900da6eb30ff6abe1a97d407058e637680ada2cd	1	bb2615f5eace8fdc1a61c9f40d86e9bfce1ccc3e212823727302059a851d3b69	1d76bf657bbdec293265d051268a2a1153be0108b15a8d63ebbf2cb98cf6f06a	"[""R16B-SENSE:0ebc966b965fc5703be0f4bae727d337f32d83eb7db9066e926a2530dcfa0171"",""R16B-SENSE:61aaade597c45243fcdef0d2514fc52f58a066ae5c9f4ad550727cb75b124f64"",""R16B-SENSE:697603bbe891d791295d478b3b16d10add9bdab1fd92826d63d8b630f3779cfb""]"	"[""R16B-LOCAL-FAMILY:1d76bf657bbdec293265d051268a2a1153be0108b15a8d63ebbf2cb98cf6f06a""]"	"[""INQUIRY_ONLY_OR_UNRESOLVED""]"	"[""R16A-SUBGRAPH-00B971C7EB5D1624FC80""]"	"[""R16A-PAIR:43fa33f1a987090224619eb68e83d246be7705f94d1b2e364bdfb2b73fc1a94f"",""R16A-PAIR:c36555188472ea5287ed70295a1b85e92e2ba9468fc703d2fe8893de3fc55a1f""]"	VALID	LINEAR_PATH	INQUIRY	FAMILY_FINAL_DISPOSITION:INQUIRY_ONLY_OR_UNRESOLVED	false	false	false	false	Preserve the exact prior VALID/INVALID attempt while applying the independently derived semantic outcome; never equate topology validity with group support.	19db8477b842c0004ce5b089b9cf4fe9031306b573e5bd666eb7682799cc0f01
468105499c7be102deec7d6555aced688dea9901	5419770959bdb8998b693fb2275b47e29b92367c	ROUND16A_TOPOLOGY_ENUMERATION_RESULT	R16A-SUBGRAPH-00B971C7EB5D1624FC80|QUALIFIED_PATH	docs/audits/v49-exploration-full-space-closure-round1/raw/composition-enumeration-v2.tsv	75efbe8f0e5d18d431b1e525900da6eb30ff6abe1a97d407058e637680ada2cd	4	dda5c071b5b606d1cf58f22ab1840f3dc2d18a57ec6273ca79b11d44bd9270e2	1d76bf657bbdec293265d051268a2a1153be0108b15a8d63ebbf2cb98cf6f06a	"[""R16B-SENSE:0ebc966b965fc5703be0f4bae727d337f32d83eb7db9066e926a2530dcfa0171"",""R16B-SENSE:61aaade597c45243fcdef0d2514fc52f58a066ae5c9f4ad550727cb75b124f64"",""R16B-SENSE:697603bbe891d791295d478b3b16d10add9bdab1fd92826d63d8b630f3779cfb""]"	"[""R16B-LOCAL-FAMILY:1d76bf657bbdec293265d051268a2a1153be0108b15a8d63ebbf2cb98cf6f06a""]"	"[""INQUIRY_ONLY_OR_UNRESOLVED""]"	"[""R16A-SUBGRAPH-00B971C7EB5D1624FC80""]"	"[""R16A-PAIR:43fa33f1a987090224619eb68e83d246be7705f94d1b2e364bdfb2b73fc1a94f"",""R16A-PAIR:c36555188472ea5287ed70295a1b85e92e2ba9468fc703d2fe8893de3fc55a1f""]"	INVALID	QUALIFIED_PATH	INQUIRY	FAMILY_FINAL_DISPOSITION:INQUIRY_ONLY_OR_UNRESOLVED	false	false	false	false	Preserve the exact prior VALID/INVALID attempt while applying the independently derived semantic outcome; never equate topology validity with group support.	1d27addeb0cc6b1652939b318d885a301fbf54ea04f43b1648b1a6ba57780980
468105499c7be102deec7d6555aced688dea9901	5419770959bdb8998b693fb2275b47e29b92367c	ROUND16A_TOPOLOGY_ENUMERATION_RESULT	R16A-SUBGRAPH-00B971C7EB5D1624FC80|REFLEXIVE_RETURN	docs/audits/v49-exploration-full-space-closure-round1/raw/composition-enumeration-v2.tsv	75efbe8f0e5d18d431b1e525900da6eb30ff6abe1a97d407058e637680ada2cd	5	c1cf8f5bde54a3b0a58558f7e01ed81f9a6632c5e61532af5c9ac5d54aa8768e	1d76bf657bbdec293265d051268a2a1153be0108b15a8d63ebbf2cb98cf6f06a	"[""R16B-SENSE:0ebc966b965fc5703be0f4bae727d337f32d83eb7db9066e926a2530dcfa0171"",""R16B-SENSE:61aaade597c45243fcdef0d2514fc52f58a066ae5c9f4ad550727cb75b124f64"",""R16B-SENSE:697603bbe891d791295d478b3b16d10add9bdab1fd92826d63d8b630f3779cfb""]"	"[""R16B-LOCAL-FAMILY:1d76bf657bbdec293265d051268a2a1153be0108b15a8d63ebbf2cb98cf6f06a""]"	"[""INQUIRY_ONLY_OR_UNRESOLVED""]"	"[""R16A-SUBGRAPH-00B971C7EB5D1624FC80""]"	"[""R16A-PAIR:43fa33f1a987090224619eb68e83d246be7705f94d1b2e364bdfb2b73fc1a94f"",""R16A-PAIR:c36555188472ea5287ed70295a1b85e92e2ba9468fc703d2fe8893de3fc55a1f""]"	INVALID	REFLEXIVE_RETURN	INQUIRY	FAMILY_FINAL_DISPOSITION:INQUIRY_ONLY_OR_UNRESOLVED	false	false	false	false	Preserve the exact prior VALID/INVALID attempt while applying the independently derived semantic outcome; never equate topology validity with group support.	b778f20fe4348884596ec73dc498c4cf81db2525d6fa00bf9b0c5a62fa3df2a4
468105499c7be102deec7d6555aced688dea9901	5419770959bdb8998b693fb2275b47e29b92367c	ROUND16A_TOPOLOGY_ENUMERATION_RESULT	R16A-SUBGRAPH-04642FA41A8BAECE3876|BINARY_CONVERGENCE	docs/audits/v49-exploration-full-space-closure-round1/raw/composition-enumeration-v2.tsv	75efbe8f0e5d18d431b1e525900da6eb30ff6abe1a97d407058e637680ada2cd	9	b982e3295732bb8a754cc696a2980ae173745f36e168a2777a774fa1592ccb67	3648ab4f374cda7a490244914de785b764e7e4f7c872f094e8a2d3f03a71a560	"[""R16B-SENSE:4e14e64610176c44c8a9775fba3a7d484b4eee0fb06ee9553c17675cb7f0b634"",""R16B-SENSE:f0e28e13851d04c13b701f53d9b3911cb50fc572cc6203c64527804f0b37e909"",""R16B-SENSE:fa3369a6eb4bebe96ee289987f963e539b8da9c27ea0f454e8a24b6bddf9306f""]"	"[""R16B-LOCAL-FAMILY:3648ab4f374cda7a490244914de785b764e7e4f7c872f094e8a2d3f03a71a560""]"	"[""PAIRWISE_SUPPORT_WITHOUT_GROUP_COHERENCE""]"	"[""R16A-SUBGRAPH-04642FA41A8BAECE3876""]"	"[""R16A-PAIR:db9e8b1d1d7e17983872e3600cd1a3ce5ae7f3c907ae70bdeafcbd0b2c6a0460"",""R16A-PAIR:f82795fcaba53ac0c255461d014e82b9e563362b645b4c65a58e27644e22c54c""]"	VALID	BINARY_CONVERGENCE	CORRECTED	FAMILY_FINAL_DISPOSITION:PAIRWISE_SUPPORT_WITHOUT_GROUP_COHERENCE	false	false	false	false	Preserve the exact prior VALID/INVALID attempt while applying the independently derived semantic outcome; never equate topology validity with group support.	c0e3a94f0fcb3ff9b0eb1251d16062ca2e6ed34c0865fa14070de75bd7dfdad3
468105499c7be102deec7d6555aced688dea9901	5419770959bdb8998b693fb2275b47e29b92367c	ROUND16A_TOPOLOGY_ENUMERATION_RESULT	R16A-SUBGRAPH-04642FA41A8BAECE3876|BINARY_FORK	docs/audits/v49-exploration-full-space-closure-round1/raw/composition-enumeration-v2.tsv	75efbe8f0e5d18d431b1e525900da6eb30ff6abe1a97d407058e637680ada2cd	8	c5aa0c74a45cebe8283c9c74160d035d936241cb4d46c851e4d9bd6e35896dab	3648ab4f374cda7a490244914de785b764e7e4f7c872f094e8a2d3f03a71a560	"[""R16B-SENSE:4e14e64610176c44c8a9775fba3a7d484b4eee0fb06ee9553c17675cb7f0b634"",""R16B-SENSE:f0e28e13851d04c13b701f53d9b3911cb50fc572cc6203c64527804f0b37e909"",""R16B-SENSE:fa3369a6eb4bebe96ee289987f963e539b8da9c27ea0f454e8a24b6bddf9306f""]"	"[""R16B-LOCAL-FAMILY:3648ab4f374cda7a490244914de785b764e7e4f7c872f094e8a2d3f03a71a560""]"	"[""PAIRWISE_SUPPORT_WITHOUT_GROUP_COHERENCE""]"	"[""R16A-SUBGRAPH-04642FA41A8BAECE3876""]"	"[""R16A-PAIR:db9e8b1d1d7e17983872e3600cd1a3ce5ae7f3c907ae70bdeafcbd0b2c6a0460"",""R16A-PAIR:f82795fcaba53ac0c255461d014e82b9e563362b645b4c65a58e27644e22c54c""]"	VALID	BINARY_FORK	CORRECTED	FAMILY_FINAL_DISPOSITION:PAIRWISE_SUPPORT_WITHOUT_GROUP_COHERENCE	false	false	false	false	Preserve the exact prior VALID/INVALID attempt while applying the independently derived semantic outcome; never equate topology validity with group support.	b7efbc354ac5021ffcd5eef99a6fa90d9a3ad86ed6cf42eb18c41e5ce1d922f9
468105499c7be102deec7d6555aced688dea9901	5419770959bdb8998b693fb2275b47e29b92367c	ROUND16A_TOPOLOGY_ENUMERATION_RESULT	R16A-SUBGRAPH-04642FA41A8BAECE3876|EVIDENCE_GAP_TREE	docs/audits/v49-exploration-full-space-closure-round1/raw/composition-enumeration-v2.tsv	75efbe8f0e5d18d431b1e525900da6eb30ff6abe1a97d407058e637680ada2cd	12	779993d8d3c6f24cfac00517e2096b6d74a159f0fb363c59592bbe10a0658f06	3648ab4f374cda7a490244914de785b764e7e4f7c872f094e8a2d3f03a71a560	"[""R16B-SENSE:4e14e64610176c44c8a9775fba3a7d484b4eee0fb06ee9553c17675cb7f0b634"",""R16B-SENSE:f0e28e13851d04c13b701f53d9b3911cb50fc572cc6203c64527804f0b37e909"",""R16B-SENSE:fa3369a6eb4bebe96ee289987f963e539b8da9c27ea0f454e8a24b6bddf9306f""]"	"[""R16B-LOCAL-FAMILY:3648ab4f374cda7a490244914de785b764e7e4f7c872f094e8a2d3f03a71a560""]"	"[""PAIRWISE_SUPPORT_WITHOUT_GROUP_COHERENCE""]"	"[""R16A-SUBGRAPH-04642FA41A8BAECE3876""]"	"[""R16A-PAIR:db9e8b1d1d7e17983872e3600cd1a3ce5ae7f3c907ae70bdeafcbd0b2c6a0460"",""R16A-PAIR:f82795fcaba53ac0c255461d014e82b9e563362b645b4c65a58e27644e22c54c""]"	INVALID	EVIDENCE_GAP_TREE	CORRECTED	FAMILY_FINAL_DISPOSITION:PAIRWISE_SUPPORT_WITHOUT_GROUP_COHERENCE	false	false	false	false	Preserve the exact prior VALID/INVALID attempt while applying the independently derived semantic outcome; never equate topology validity with group support.	d485fec0d65bfce8348140dcfc202932cb389fa5b76422c7ec4ac6b559595cd8
468105499c7be102deec7d6555aced688dea9901	5419770959bdb8998b693fb2275b47e29b92367c	ROUND16A_TOPOLOGY_ENUMERATION_RESULT	R16A-SUBGRAPH-04642FA41A8BAECE3876|LINEAR_PATH	docs/audits/v49-exploration-full-space-closure-round1/raw/composition-enumeration-v2.tsv	75efbe8f0e5d18d431b1e525900da6eb30ff6abe1a97d407058e637680ada2cd	7	91b4d376407b694f1056d84c7541e05ded9717c34dfc770b4f35928deb4850c3	3648ab4f374cda7a490244914de785b764e7e4f7c872f094e8a2d3f03a71a560	"[""R16B-SENSE:4e14e64610176c44c8a9775fba3a7d484b4eee0fb06ee9553c17675cb7f0b634"",""R16B-SENSE:f0e28e13851d04c13b701f53d9b3911cb50fc572cc6203c64527804f0b37e909"",""R16B-SENSE:fa3369a6eb4bebe96ee289987f963e539b8da9c27ea0f454e8a24b6bddf9306f""]"	"[""R16B-LOCAL-FAMILY:3648ab4f374cda7a490244914de785b764e7e4f7c872f094e8a2d3f03a71a560""]"	"[""PAIRWISE_SUPPORT_WITHOUT_GROUP_COHERENCE""]"	"[""R16A-SUBGRAPH-04642FA41A8BAECE3876""]"	"[""R16A-PAIR:db9e8b1d1d7e17983872e3600cd1a3ce5ae7f3c907ae70bdeafcbd0b2c6a0460"",""R16A-PAIR:f82795fcaba53ac0c255461d014e82b9e563362b645b4c65a58e27644e22c54c""]"	VALID	LINEAR_PATH	CORRECTED	FAMILY_FINAL_DISPOSITION:PAIRWISE_SUPPORT_WITHOUT_GROUP_COHERENCE	false	false	false	false	Preserve the exact prior VALID/INVALID attempt while applying the independently derived semantic outcome; never equate topology validity with group support.	61c688d267695788681bcd5bb61e61b3038d6edf6524fb13079ed96f9b75dd18
468105499c7be102deec7d6555aced688dea9901	5419770959bdb8998b693fb2275b47e29b92367c	ROUND16A_TOPOLOGY_ENUMERATION_RESULT	R16A-SUBGRAPH-04642FA41A8BAECE3876|QUALIFIED_PATH	docs/audits/v49-exploration-full-space-closure-round1/raw/composition-enumeration-v2.tsv	75efbe8f0e5d18d431b1e525900da6eb30ff6abe1a97d407058e637680ada2cd	10	f3dcdc1e30e01caab05526fd586f01cfdc91c49459843cab2560ca49cfb127e2	3648ab4f374cda7a490244914de785b764e7e4f7c872f094e8a2d3f03a71a560	"[""R16B-SENSE:4e14e64610176c44c8a9775fba3a7d484b4eee0fb06ee9553c17675cb7f0b634"",""R16B-SENSE:f0e28e13851d04c13b701f53d9b3911cb50fc572cc6203c64527804f0b37e909"",""R16B-SENSE:fa3369a6eb4bebe96ee289987f963e539b8da9c27ea0f454e8a24b6bddf9306f""]"	"[""R16B-LOCAL-FAMILY:3648ab4f374cda7a490244914de785b764e7e4f7c872f094e8a2d3f03a71a560""]"	"[""PAIRWISE_SUPPORT_WITHOUT_GROUP_COHERENCE""]"	"[""R16A-SUBGRAPH-04642FA41A8BAECE3876""]"	"[""R16A-PAIR:db9e8b1d1d7e17983872e3600cd1a3ce5ae7f3c907ae70bdeafcbd0b2c6a0460"",""R16A-PAIR:f82795fcaba53ac0c255461d014e82b9e563362b645b4c65a58e27644e22c54c""]"	INVALID	QUALIFIED_PATH	CORRECTED	FAMILY_FINAL_DISPOSITION:PAIRWISE_SUPPORT_WITHOUT_GROUP_COHERENCE	false	false	false	false	Preserve the exact prior VALID/INVALID attempt while applying the independently derived semantic outcome; never equate topology validity with group support.	786a30e6e8b6faf68b7e065220b793a09f5c3a631d17498164f69dfc14164187
468105499c7be102deec7d6555aced688dea9901	5419770959bdb8998b693fb2275b47e29b92367c	ROUND16A_TOPOLOGY_ENUMERATION_RESULT	R16A-SUBGRAPH-04642FA41A8BAECE3876|REFLEXIVE_RETURN	docs/audits/v49-exploration-full-space-closure-round1/raw/composition-enumeration-v2.tsv	75efbe8f0e5d18d431b1e525900da6eb30ff6abe1a97d407058e637680ada2cd	11	29adf0974e545525e81436d278c8371217f4eb5823b927eb5150a28f5bee6240	3648ab4f374cda7a490244914de785b764e7e4f7c872f094e8a2d3f03a71a560	"[""R16B-SENSE:4e14e64610176c44c8a9775fba3a7d484b4eee0fb06ee9553c17675cb7f0b634"",""R16B-SENSE:f0e28e13851d04c13b701f53d9b3911cb50fc572cc6203c64527804f0b37e909"",""R16B-SENSE:fa3369a6eb4bebe96ee289987f963e539b8da9c27ea0f454e8a24b6bddf9306f""]"	"[""R16B-LOCAL-FAMILY:3648ab4f374cda7a490244914de785b764e7e4f7c872f094e8a2d3f03a71a560""]"	"[""PAIRWISE_SUPPORT_WITHOUT_GROUP_COHERENCE""]"	"[""R16A-SUBGRAPH-04642FA41A8BAECE3876""]"	"[""R16A-PAIR:db9e8b1d1d7e17983872e3600cd1a3ce5ae7f3c907ae70bdeafcbd0b2c6a0460"",""R16A-PAIR:f82795fcaba53ac0c255461d014e82b9e563362b645b4c65a58e27644e22c54c""]"	INVALID	REFLEXIVE_RETURN	CORRECTED	FAMILY_FINAL_DISPOSITION:PAIRWISE_SUPPORT_WITHOUT_GROUP_COHERENCE	false	false	false	false	Preserve the exact prior VALID/INVALID attempt while applying the independently derived semantic outcome; never equate topology validity with group support.	629887772a5f34d39a210fa24da05fa5597ea3b6acc7376dfa551d4be52c4fc9
468105499c7be102deec7d6555aced688dea9901	5419770959bdb8998b693fb2275b47e29b92367c	ROUND16A_TOPOLOGY_ENUMERATION_RESULT	R16A-SUBGRAPH-0A2E4153F4C4551023C1|BINARY_CONVERGENCE	docs/audits/v49-exploration-full-space-closure-round1/raw/composition-enumeration-v2.tsv	75efbe8f0e5d18d431b1e525900da6eb30ff6abe1a97d407058e637680ada2cd	15	9fe22f93aaba38b8750c40871537f5cf682ad7210d7c2afd4384440d28288735	29152650715f1a122240a5331d1571c4ed6058325d732a0de76ce31ccc2524fc	"[""R16B-SENSE:f26224717160ca63c45ca85fe7c23e1469baa3e10672a68beafb13d195d0915d"",""R16B-SENSE:fa3369a6eb4bebe96ee289987f963e539b8da9c27ea0f454e8a24b6bddf9306f""]"	[]	[]	"[""R16A-SUBGRAPH-0A2E4153F4C4551023C1""]"	"[""R16A-PAIR:2ea00c84f44e9da21aae78f742f5cf6cba09fee7e94d77ff3420dc07dd64cbb5""]"	INVALID	BINARY_CONVERGENCE	RETAINED	ROUND16A_ACTIVE_PAIR_BASELINE_NO_GROUP_CLAIM	false	false	false	false	Preserve the exact prior VALID/INVALID attempt while applying the independently derived semantic outcome; never equate topology validity with group support.	07935564181dba9480d6bec03841e31b3c76957e4f6b86c05c03abcf7ef08543
468105499c7be102deec7d6555aced688dea9901	5419770959bdb8998b693fb2275b47e29b92367c	ROUND16A_TOPOLOGY_ENUMERATION_RESULT	R16A-SUBGRAPH-0A2E4153F4C4551023C1|BINARY_FORK	docs/audits/v49-exploration-full-space-closure-round1/raw/composition-enumeration-v2.tsv	75efbe8f0e5d18d431b1e525900da6eb30ff6abe1a97d407058e637680ada2cd	14	b91f1aa13cfa72d76d78e8dc96a9d958dbef0d93bd939e60efe79923d8fa4270	29152650715f1a122240a5331d1571c4ed6058325d732a0de76ce31ccc2524fc	"[""R16B-SENSE:f26224717160ca63c45ca85fe7c23e1469baa3e10672a68beafb13d195d0915d"",""R16B-SENSE:fa3369a6eb4bebe96ee289987f963e539b8da9c27ea0f454e8a24b6bddf9306f""]"	[]	[]	"[""R16A-SUBGRAPH-0A2E4153F4C4551023C1""]"	"[""R16A-PAIR:2ea00c84f44e9da21aae78f742f5cf6cba09fee7e94d77ff3420dc07dd64cbb5""]"	INVALID	BINARY_FORK	RETAINED	ROUND16A_ACTIVE_PAIR_BASELINE_NO_GROUP_CLAIM	false	false	false	false	Preserve the exact prior VALID/INVALID attempt while applying the independently derived semantic outcome; never equate topology validity with group support.	2a93e2d2648d7115f6d1742b45c76c2a185b5a7cf1393efa7ae3f366c1c870d4
468105499c7be102deec7d6555aced688dea9901	5419770959bdb8998b693fb2275b47e29b92367c	ROUND16A_TOPOLOGY_ENUMERATION_RESULT	R16A-SUBGRAPH-0A2E4153F4C4551023C1|EVIDENCE_GAP_TREE	docs/audits/v49-exploration-full-space-closure-round1/raw/composition-enumeration-v2.tsv	75efbe8f0e5d18d431b1e525900da6eb30ff6abe1a97d407058e637680ada2cd	18	771c90eead0f4dec332eccef53ac4fdd6fc06833ca31b4ae47ad6f689d1de402	29152650715f1a122240a5331d1571c4ed6058325d732a0de76ce31ccc2524fc	"[""R16B-SENSE:f26224717160ca63c45ca85fe7c23e1469baa3e10672a68beafb13d195d0915d"",""R16B-SENSE:fa3369a6eb4bebe96ee289987f963e539b8da9c27ea0f454e8a24b6bddf9306f""]"	[]	[]	"[""R16A-SUBGRAPH-0A2E4153F4C4551023C1""]"	"[""R16A-PAIR:2ea00c84f44e9da21aae78f742f5cf6cba09fee7e94d77ff3420dc07dd64cbb5""]"	INVALID	EVIDENCE_GAP_TREE	RETAINED	ROUND16A_ACTIVE_PAIR_BASELINE_NO_GROUP_CLAIM	false	false	false	false	Preserve the exact prior VALID/INVALID attempt while applying the independently derived semantic outcome; never equate topology validity with group support.	f9a1d343f54072b9e10eed5078cb89bed0cc37cbfb66d90c8cc84539dc98aaa4
468105499c7be102deec7d6555aced688dea9901	5419770959bdb8998b693fb2275b47e29b92367c	ROUND16A_TOPOLOGY_ENUMERATION_RESULT	R16A-SUBGRAPH-0A2E4153F4C4551023C1|LINEAR_PATH	docs/audits/v49-exploration-full-space-closure-round1/raw/composition-enumeration-v2.tsv	75efbe8f0e5d18d431b1e525900da6eb30ff6abe1a97d407058e637680ada2cd	13	c57ecf37bb1ad76a390ba8c4c15456e7c39beb9f48807f9ecf2482d9b7fc3bd8	29152650715f1a122240a5331d1571c4ed6058325d732a0de76ce31ccc2524fc	"[""R16B-SENSE:f26224717160ca63c45ca85fe7c23e1469baa3e10672a68beafb13d195d0915d"",""R16B-SENSE:fa3369a6eb4bebe96ee289987f963e539b8da9c27ea0f454e8a24b6bddf9306f""]"	[]	[]	"[""R16A-SUBGRAPH-0A2E4153F4C4551023C1""]"	"[""R16A-PAIR:2ea00c84f44e9da21aae78f742f5cf6cba09fee7e94d77ff3420dc07dd64cbb5""]"	VALID	LINEAR_PATH	RETAINED	ROUND16A_ACTIVE_PAIR_BASELINE_NO_GROUP_CLAIM	false	false	false	false	Preserve the exact prior VALID/INVALID attempt while applying the independently derived semantic outcome; never equate topology validity with group support.	2d9a0ee6b5140636d8cacb8403927be4cd021a71f2599fb9de27cb91ee52885d
468105499c7be102deec7d6555aced688dea9901	5419770959bdb8998b693fb2275b47e29b92367c	ROUND16A_TOPOLOGY_ENUMERATION_RESULT	R16A-SUBGRAPH-0A2E4153F4C4551023C1|QUALIFIED_PATH	docs/audits/v49-exploration-full-space-closure-round1/raw/composition-enumeration-v2.tsv	75efbe8f0e5d18d431b1e525900da6eb30ff6abe1a97d407058e637680ada2cd	16	e6fdf8cdd082846a52a77f6ae617725823b60c8ad18d563af359c5678f3d2850	29152650715f1a122240a5331d1571c4ed6058325d732a0de76ce31ccc2524fc	"[""R16B-SENSE:f26224717160ca63c45ca85fe7c23e1469baa3e10672a68beafb13d195d0915d"",""R16B-SENSE:fa3369a6eb4bebe96ee289987f963e539b8da9c27ea0f454e8a24b6bddf9306f""]"	[]	[]	"[""R16A-SUBGRAPH-0A2E4153F4C4551023C1""]"	"[""R16A-PAIR:2ea00c84f44e9da21aae78f742f5cf6cba09fee7e94d77ff3420dc07dd64cbb5""]"	INVALID	QUALIFIED_PATH	RETAINED	ROUND16A_ACTIVE_PAIR_BASELINE_NO_GROUP_CLAIM	false	false	false	false	Preserve the exact prior VALID/INVALID attempt while applying the independently derived semantic outcome; never equate topology validity with group support.	4e5374e9f95609bdece01964cc7bcec3c06a7ea16d1a1e8a29f4b3556b609e32
468105499c7be102deec7d6555aced688dea9901	5419770959bdb8998b693fb2275b47e29b92367c	ROUND16A_TOPOLOGY_ENUMERATION_RESULT	R16A-SUBGRAPH-0A2E4153F4C4551023C1|REFLEXIVE_RETURN	docs/audits/v49-exploration-full-space-closure-round1/raw/composition-enumeration-v2.tsv	75efbe8f0e5d18d431b1e525900da6eb30ff6abe1a97d407058e637680ada2cd	17	755b4b12e7fdf1a97f90561ff02e9c1960417c72cb952170f38fe1144ef71915	29152650715f1a122240a5331d1571c4ed6058325d732a0de76ce31ccc2524fc	"[""R16B-SENSE:f26224717160ca63c45ca85fe7c23e1469baa3e10672a68beafb13d195d0915d"",""R16B-SENSE:fa3369a6eb4bebe96ee289987f963e539b8da9c27ea0f454e8a24b6bddf9306f""]"	[]	[]	"[""R16A-SUBGRAPH-0A2E4153F4C4551023C1""]"	"[""R16A-PAIR:2ea00c84f44e9da21aae78f742f5cf6cba09fee7e94d77ff3420dc07dd64cbb5""]"	INVALID	REFLEXIVE_RETURN	RETAINED	ROUND16A_ACTIVE_PAIR_BASELINE_NO_GROUP_CLAIM	false	false	false	false	Preserve the exact prior VALID/INVALID attempt while applying the independently derived semantic outcome; never equate topology validity with group support.	a9d4ae397a9297abe305b4c1b3282555a158aaa398cf2b403944f152304dbd95
468105499c7be102deec7d6555aced688dea9901	5419770959bdb8998b693fb2275b47e29b92367c	ROUND16A_TOPOLOGY_ENUMERATION_RESULT	R16A-SUBGRAPH-0CC125369072803F71DE|BINARY_CONVERGENCE	docs/audits/v49-exploration-full-space-closure-round1/raw/composition-enumeration-v2.tsv	75efbe8f0e5d18d431b1e525900da6eb30ff6abe1a97d407058e637680ada2cd	21	441930c7f370843d33938cfe0320461b265fcc18ce52a2c7d9362b38655dab72	1d76bf657bbdec293265d051268a2a1153be0108b15a8d63ebbf2cb98cf6f06a	"[""R16B-SENSE:0ebc966b965fc5703be0f4bae727d337f32d83eb7db9066e926a2530dcfa0171"",""R16B-SENSE:61aaade597c45243fcdef0d2514fc52f58a066ae5c9f4ad550727cb75b124f64"",""R16B-SENSE:697603bbe891d791295d478b3b16d10add9bdab1fd92826d63d8b630f3779cfb""]"	"[""R16B-LOCAL-FAMILY:1d76bf657bbdec293265d051268a2a1153be0108b15a8d63ebbf2cb98cf6f06a""]"	"[""INQUIRY_ONLY_OR_UNRESOLVED""]"	"[""R16A-SUBGRAPH-0CC125369072803F71DE""]"	"[""R16A-PAIR:43fa33f1a987090224619eb68e83d246be7705f94d1b2e364bdfb2b73fc1a94f"",""R16A-PAIR:891e0c3d300d8c4af59fbef2f00d164ee9c22df4148122c54ed84daee1dcb37e""]"	VALID	BINARY_CONVERGENCE	INQUIRY	FAMILY_FINAL_DISPOSITION:INQUIRY_ONLY_OR_UNRESOLVED	false	false	false	false	Preserve the exact prior VALID/INVALID attempt while applying the independently derived semantic outcome; never equate topology validity with group support.	3702b5ca61697951280da09e6fed2ca2ecdf9286a40a46a47f9acf50405d2898
468105499c7be102deec7d6555aced688dea9901	5419770959bdb8998b693fb2275b47e29b92367c	ROUND16A_TOPOLOGY_ENUMERATION_RESULT	R16A-SUBGRAPH-0CC125369072803F71DE|BINARY_FORK	docs/audits/v49-exploration-full-space-closure-round1/raw/composition-enumeration-v2.tsv	75efbe8f0e5d18d431b1e525900da6eb30ff6abe1a97d407058e637680ada2cd	20	3a6325da5641196f2f07be5db321e6fb875d6ea665decd9c47405706d1a7fb26	1d76bf657bbdec293265d051268a2a1153be0108b15a8d63ebbf2cb98cf6f06a	"[""R16B-SENSE:0ebc966b965fc5703be0f4bae727d337f32d83eb7db9066e926a2530dcfa0171"",""R16B-SENSE:61aaade597c45243fcdef0d2514fc52f58a066ae5c9f4ad550727cb75b124f64"",""R16B-SENSE:697603bbe891d791295d478b3b16d10add9bdab1fd92826d63d8b630f3779cfb""]"	"[""R16B-LOCAL-FAMILY:1d76bf657bbdec293265d051268a2a1153be0108b15a8d63ebbf2cb98cf6f06a""]"	"[""INQUIRY_ONLY_OR_UNRESOLVED""]"	"[""R16A-SUBGRAPH-0CC125369072803F71DE""]"	"[""R16A-PAIR:43fa33f1a987090224619eb68e83d246be7705f94d1b2e364bdfb2b73fc1a94f"",""R16A-PAIR:891e0c3d300d8c4af59fbef2f00d164ee9c22df4148122c54ed84daee1dcb37e""]"	VALID	BINARY_FORK	INQUIRY	FAMILY_FINAL_DISPOSITION:INQUIRY_ONLY_OR_UNRESOLVED	false	false	false	false	Preserve the exact prior VALID/INVALID attempt while applying the independently derived semantic outcome; never equate topology validity with group support.	7120d54ad198fbc59dc11d27e7a1ebac7b978e48da8cf5a532ce56ae8d3ce8cb
468105499c7be102deec7d6555aced688dea9901	5419770959bdb8998b693fb2275b47e29b92367c	ROUND16A_TOPOLOGY_ENUMERATION_RESULT	R16A-SUBGRAPH-0CC125369072803F71DE|EVIDENCE_GAP_TREE	docs/audits/v49-exploration-full-space-closure-round1/raw/composition-enumeration-v2.tsv	75efbe8f0e5d18d431b1e525900da6eb30ff6abe1a97d407058e637680ada2cd	24	632e5783c0e4132f3f5ee14b664e5b4635d84bfc259e14a867fe2ffb18142fa9	1d76bf657bbdec293265d051268a2a1153be0108b15a8d63ebbf2cb98cf6f06a	"[""R16B-SENSE:0ebc966b965fc5703be0f4bae727d337f32d83eb7db9066e926a2530dcfa0171"",""R16B-SENSE:61aaade597c45243fcdef0d2514fc52f58a066ae5c9f4ad550727cb75b124f64"",""R16B-SENSE:697603bbe891d791295d478b3b16d10add9bdab1fd92826d63d8b630f3779cfb""]"	"[""R16B-LOCAL-FAMILY:1d76bf657bbdec293265d051268a2a1153be0108b15a8d63ebbf2cb98cf6f06a""]"	"[""INQUIRY_ONLY_OR_UNRESOLVED""]"	"[""R16A-SUBGRAPH-0CC125369072803F71DE""]"	"[""R16A-PAIR:43fa33f1a987090224619eb68e83d246be7705f94d1b2e364bdfb2b73fc1a94f"",""R16A-PAIR:891e0c3d300d8c4af59fbef2f00d164ee9c22df4148122c54ed84daee1dcb37e""]"	INVALID	EVIDENCE_GAP_TREE	INQUIRY	FAMILY_FINAL_DISPOSITION:INQUIRY_ONLY_OR_UNRESOLVED	false	false	false	false	Preserve the exact prior VALID/INVALID attempt while applying the independently derived semantic outcome; never equate topology validity with group support.	c204e09bd8bae0930172b0a8f2e96164a2c779c6d4289d61a9096b2511314c9b
468105499c7be102deec7d6555aced688dea9901	5419770959bdb8998b693fb2275b47e29b92367c	ROUND16A_TOPOLOGY_ENUMERATION_RESULT	R16A-SUBGRAPH-0CC125369072803F71DE|LINEAR_PATH	docs/audits/v49-exploration-full-space-closure-round1/raw/composition-enumeration-v2.tsv	75efbe8f0e5d18d431b1e525900da6eb30ff6abe1a97d407058e637680ada2cd	19	1aaa2bd626aea182b8e6227da1e353dfe95bbbb9eeb996b1f0e4e06b75e26985	1d76bf657bbdec293265d051268a2a1153be0108b15a8d63ebbf2cb98cf6f06a	"[""R16B-SENSE:0ebc966b965fc5703be0f4bae727d337f32d83eb7db9066e926a2530dcfa0171"",""R16B-SENSE:61aaade597c45243fcdef0d2514fc52f58a066ae5c9f4ad550727cb75b124f64"",""R16B-SENSE:697603bbe891d791295d478b3b16d10add9bdab1fd92826d63d8b630f3779cfb""]"	"[""R16B-LOCAL-FAMILY:1d76bf657bbdec293265d051268a2a1153be0108b15a8d63ebbf2cb98cf6f06a""]"	"[""INQUIRY_ONLY_OR_UNRESOLVED""]"	"[""R16A-SUBGRAPH-0CC125369072803F71DE""]"	"[""R16A-PAIR:43fa33f1a987090224619eb68e83d246be7705f94d1b2e364bdfb2b73fc1a94f"",""R16A-PAIR:891e0c3d300d8c4af59fbef2f00d164ee9c22df4148122c54ed84daee1dcb37e""]"	VALID	LINEAR_PATH	INQUIRY	FAMILY_FINAL_DISPOSITION:INQUIRY_ONLY_OR_UNRESOLVED	false	false	false	false	Preserve the exact prior VALID/INVALID attempt while applying the independently derived semantic outcome; never equate topology validity with group support.	877335f05f4d8a4c9ced240bf636fc25ed647a8c4f86faedd86a6b1a1fb48df3
468105499c7be102deec7d6555aced688dea9901	5419770959bdb8998b693fb2275b47e29b92367c	ROUND16A_TOPOLOGY_ENUMERATION_RESULT	R16A-SUBGRAPH-0CC125369072803F71DE|QUALIFIED_PATH	docs/audits/v49-exploration-full-space-closure-round1/raw/composition-enumeration-v2.tsv	75efbe8f0e5d18d431b1e525900da6eb30ff6abe1a97d407058e637680ada2cd	22	8e46a0b461929ec48c33a45360ff240ac3cb152d3e3597ce97f2ec82bfd831eb	1d76bf657bbdec293265d051268a2a1153be0108b15a8d63ebbf2cb98cf6f06a	"[""R16B-SENSE:0ebc966b965fc5703be0f4bae727d337f32d83eb7db9066e926a2530dcfa0171"",""R16B-SENSE:61aaade597c45243fcdef0d2514fc52f58a066ae5c9f4ad550727cb75b124f64"",""R16B-SENSE:697603bbe891d791295d478b3b16d10add9bdab1fd92826d63d8b630f3779cfb""]"	"[""R16B-LOCAL-FAMILY:1d76bf657bbdec293265d051268a2a1153be0108b15a8d63ebbf2cb98cf6f06a""]"	"[""INQUIRY_ONLY_OR_UNRESOLVED""]"	"[""R16A-SUBGRAPH-0CC125369072803F71DE""]"	"[""R16A-PAIR:43fa33f1a987090224619eb68e83d246be7705f94d1b2e364bdfb2b73fc1a94f"",""R16A-PAIR:891e0c3d300d8c4af59fbef2f00d164ee9c22df4148122c54ed84daee1dcb37e""]"	INVALID	QUALIFIED_PATH	INQUIRY	FAMILY_FINAL_DISPOSITION:INQUIRY_ONLY_OR_UNRESOLVED	false	false	false	false	Preserve the exact prior VALID/INVALID attempt while applying the independently derived semantic outcome; never equate topology validity with group support.	e8a1098dd3a5a2ecd7810f97b76aae2e9d57d78619bc97914c28da0c90a66c54
468105499c7be102deec7d6555aced688dea9901	5419770959bdb8998b693fb2275b47e29b92367c	ROUND16A_TOPOLOGY_ENUMERATION_RESULT	R16A-SUBGRAPH-0CC125369072803F71DE|REFLEXIVE_RETURN	docs/audits/v49-exploration-full-space-closure-round1/raw/composition-enumeration-v2.tsv	75efbe8f0e5d18d431b1e525900da6eb30ff6abe1a97d407058e637680ada2cd	23	fe1a5727d2bd5b37e6abedd2fd4940cb9f80576da3739691e0a40fda2846dddc	1d76bf657bbdec293265d051268a2a1153be0108b15a8d63ebbf2cb98cf6f06a	"[""R16B-SENSE:0ebc966b965fc5703be0f4bae727d337f32d83eb7db9066e926a2530dcfa0171"",""R16B-SENSE:61aaade597c45243fcdef0d2514fc52f58a066ae5c9f4ad550727cb75b124f64"",""R16B-SENSE:697603bbe891d791295d478b3b16d10add9bdab1fd92826d63d8b630f3779cfb""]"	"[""R16B-LOCAL-FAMILY:1d76bf657bbdec293265d051268a2a1153be0108b15a8d63ebbf2cb98cf6f06a""]"	"[""INQUIRY_ONLY_OR_UNRESOLVED""]"	"[""R16A-SUBGRAPH-0CC125369072803F71DE""]"	"[""R16A-PAIR:43fa33f1a987090224619eb68e83d246be7705f94d1b2e364bdfb2b73fc1a94f"",""R16A-PAIR:891e0c3d300d8c4af59fbef2f00d164ee9c22df4148122c54ed84daee1dcb37e""]"	INVALID	REFLEXIVE_RETURN	INQUIRY	FAMILY_FINAL_DISPOSITION:INQUIRY_ONLY_OR_UNRESOLVED	false	false	false	false	Preserve the exact prior VALID/INVALID attempt while applying the independently derived semantic outcome; never equate topology validity with group support.	50bb3e608d8ee7c9e927ae41ebb326de7e11724a6bc4469096568af7409e16dc
468105499c7be102deec7d6555aced688dea9901	5419770959bdb8998b693fb2275b47e29b92367c	ROUND16A_TOPOLOGY_ENUMERATION_RESULT	R16A-SUBGRAPH-0F5A2717CE4EFC148031|BINARY_CONVERGENCE	docs/audits/v49-exploration-full-space-closure-round1/raw/composition-enumeration-v2.tsv	75efbe8f0e5d18d431b1e525900da6eb30ff6abe1a97d407058e637680ada2cd	27	df44d310e76c9dcde0d6a29e0114d20fcae466c1f8182b57b4c5c8ac8326096b	305df19741a47418dd7a3eb2c6ebd90bfab396b4bad14e293fa653d4b852db0a	"[""R16B-SENSE:049324b7a1f8dd02995e20043357b090b2357eb23e8fe588e78928f5306a82e1"",""R16B-SENSE:f587f40fcb14f9230306986bb2b2ea917544385afefe2e818002f3f3e7af0f2a""]"	[]	[]	"[""R16A-SUBGRAPH-0F5A2717CE4EFC148031""]"	"[""R16A-PAIR:2f2ea4ddf1a964b76fab37c87c58dcc09f56dedf86f676fc6d2c6b17d3100ca0""]"	INVALID	BINARY_CONVERGENCE	RETAINED	ROUND16A_ACTIVE_PAIR_BASELINE_NO_GROUP_CLAIM	false	false	false	false	Preserve the exact prior VALID/INVALID attempt while applying the independently derived semantic outcome; never equate topology validity with group support.	f836482e7177372110c0b2cc1c9aa54de43713960c8f29546fb4c774f560f9d6
468105499c7be102deec7d6555aced688dea9901	5419770959bdb8998b693fb2275b47e29b92367c	ROUND16A_TOPOLOGY_ENUMERATION_RESULT	R16A-SUBGRAPH-0F5A2717CE4EFC148031|BINARY_FORK	docs/audits/v49-exploration-full-space-closure-round1/raw/composition-enumeration-v2.tsv	75efbe8f0e5d18d431b1e525900da6eb30ff6abe1a97d407058e637680ada2cd	26	9733f9df3c34aa5536d91b266902ff194a682e9a47837fa02bca312d5fd91465	305df19741a47418dd7a3eb2c6ebd90bfab396b4bad14e293fa653d4b852db0a	"[""R16B-SENSE:049324b7a1f8dd02995e20043357b090b2357eb23e8fe588e78928f5306a82e1"",""R16B-SENSE:f587f40fcb14f9230306986bb2b2ea917544385afefe2e818002f3f3e7af0f2a""]"	[]	[]	"[""R16A-SUBGRAPH-0F5A2717CE4EFC148031""]"	"[""R16A-PAIR:2f2ea4ddf1a964b76fab37c87c58dcc09f56dedf86f676fc6d2c6b17d3100ca0""]"	INVALID	BINARY_FORK	RETAINED	ROUND16A_ACTIVE_PAIR_BASELINE_NO_GROUP_CLAIM	false	false	false	false	Preserve the exact prior VALID/INVALID attempt while applying the independently derived semantic outcome; never equate topology validity with group support.	e60ac2ae1c6cf9bf33714adf71b7309cf9e0ca2209e7b92f43998f9b8715d169
468105499c7be102deec7d6555aced688dea9901	5419770959bdb8998b693fb2275b47e29b92367c	ROUND16A_TOPOLOGY_ENUMERATION_RESULT	R16A-SUBGRAPH-0F5A2717CE4EFC148031|EVIDENCE_GAP_TREE	docs/audits/v49-exploration-full-space-closure-round1/raw/composition-enumeration-v2.tsv	75efbe8f0e5d18d431b1e525900da6eb30ff6abe1a97d407058e637680ada2cd	30	d06d472e7bd9ca771cfd2fe489a06bae5ce582614049cfe3763b6f3977b9a988	305df19741a47418dd7a3eb2c6ebd90bfab396b4bad14e293fa653d4b852db0a	"[""R16B-SENSE:049324b7a1f8dd02995e20043357b090b2357eb23e8fe588e78928f5306a82e1"",""R16B-SENSE:f587f40fcb14f9230306986bb2b2ea917544385afefe2e818002f3f3e7af0f2a""]"	[]	[]	"[""R16A-SUBGRAPH-0F5A2717CE4EFC148031""]"	"[""R16A-PAIR:2f2ea4ddf1a964b76fab37c87c58dcc09f56dedf86f676fc6d2c6b17d3100ca0""]"	INVALID	EVIDENCE_GAP_TREE	RETAINED	ROUND16A_ACTIVE_PAIR_BASELINE_NO_GROUP_CLAIM	false	false	false	false	Preserve the exact prior VALID/INVALID attempt while applying the independently derived semantic outcome; never equate topology validity with group support.	ebc3132941f10dcc63c850ff58aee51340882a1eadae2504e91e6b17e6bdbb1a
468105499c7be102deec7d6555aced688dea9901	5419770959bdb8998b693fb2275b47e29b92367c	ROUND16A_TOPOLOGY_ENUMERATION_RESULT	R16A-SUBGRAPH-0F5A2717CE4EFC148031|LINEAR_PATH	docs/audits/v49-exploration-full-space-closure-round1/raw/composition-enumeration-v2.tsv	75efbe8f0e5d18d431b1e525900da6eb30ff6abe1a97d407058e637680ada2cd	25	7dc882d895c7747005098c6913eabe4cf4868addd04b0e187feec443893d31c6	305df19741a47418dd7a3eb2c6ebd90bfab396b4bad14e293fa653d4b852db0a	"[""R16B-SENSE:049324b7a1f8dd02995e20043357b090b2357eb23e8fe588e78928f5306a82e1"",""R16B-SENSE:f587f40fcb14f9230306986bb2b2ea917544385afefe2e818002f3f3e7af0f2a""]"	[]	[]	"[""R16A-SUBGRAPH-0F5A2717CE4EFC148031""]"	"[""R16A-PAIR:2f2ea4ddf1a964b76fab37c87c58dcc09f56dedf86f676fc6d2c6b17d3100ca0""]"	VALID	LINEAR_PATH	RETAINED	ROUND16A_ACTIVE_PAIR_BASELINE_NO_GROUP_CLAIM	false	false	false	false	Preserve the exact prior VALID/INVALID attempt while applying the independently derived semantic outcome; never equate topology validity with group support.	4ad67e73d439d5ceccf9a28079f5d2bafbf9a2b33b6ac47af4c9b654195e7763
468105499c7be102deec7d6555aced688dea9901	5419770959bdb8998b693fb2275b47e29b92367c	ROUND16A_TOPOLOGY_ENUMERATION_RESULT	R16A-SUBGRAPH-0F5A2717CE4EFC148031|QUALIFIED_PATH	docs/audits/v49-exploration-full-space-closure-round1/raw/composition-enumeration-v2.tsv	75efbe8f0e5d18d431b1e525900da6eb30ff6abe1a97d407058e637680ada2cd	28	c2e756836be77bd4e74801e1e573683d535126b5b3634b5edd243794a2e702ed	305df19741a47418dd7a3eb2c6ebd90bfab396b4bad14e293fa653d4b852db0a	"[""R16B-SENSE:049324b7a1f8dd02995e20043357b090b2357eb23e8fe588e78928f5306a82e1"",""R16B-SENSE:f587f40fcb14f9230306986bb2b2ea917544385afefe2e818002f3f3e7af0f2a""]"	[]	[]	"[""R16A-SUBGRAPH-0F5A2717CE4EFC148031""]"	"[""R16A-PAIR:2f2ea4ddf1a964b76fab37c87c58dcc09f56dedf86f676fc6d2c6b17d3100ca0""]"	INVALID	QUALIFIED_PATH	RETAINED	ROUND16A_ACTIVE_PAIR_BASELINE_NO_GROUP_CLAIM	false	false	false	false	Preserve the exact prior VALID/INVALID attempt while applying the independently derived semantic outcome; never equate topology validity with group support.	7fcff9eff22cc5e8d73b0da5a80d190d5e14f0c69545a49d02fa0d6f55f46805
468105499c7be102deec7d6555aced688dea9901	5419770959bdb8998b693fb2275b47e29b92367c	ROUND16A_TOPOLOGY_ENUMERATION_RESULT	R16A-SUBGRAPH-0F5A2717CE4EFC148031|REFLEXIVE_RETURN	docs/audits/v49-exploration-full-space-closure-round1/raw/composition-enumeration-v2.tsv	75efbe8f0e5d18d431b1e525900da6eb30ff6abe1a97d407058e637680ada2cd	29	731ac06321a02a3c11abfd9b0a0774006435558321fc1ae22988982168ee79e6	305df19741a47418dd7a3eb2c6ebd90bfab396b4bad14e293fa653d4b852db0a	"[""R16B-SENSE:049324b7a1f8dd02995e20043357b090b2357eb23e8fe588e78928f5306a82e1"",""R16B-SENSE:f587f40fcb14f9230306986bb2b2ea917544385afefe2e818002f3f3e7af0f2a""]"	[]	[]	"[""R16A-SUBGRAPH-0F5A2717CE4EFC148031""]"	"[""R16A-PAIR:2f2ea4ddf1a964b76fab37c87c58dcc09f56dedf86f676fc6d2c6b17d3100ca0""]"	INVALID	REFLEXIVE_RETURN	RETAINED	ROUND16A_ACTIVE_PAIR_BASELINE_NO_GROUP_CLAIM	false	false	false	false	Preserve the exact prior VALID/INVALID attempt while applying the independently derived semantic outcome; never equate topology validity with group support.	5d9eefd7b4720c47791264f0306262a2314df10138cc39154210fea68f5e026a
468105499c7be102deec7d6555aced688dea9901	5419770959bdb8998b693fb2275b47e29b92367c	ROUND16A_TOPOLOGY_ENUMERATION_RESULT	R16A-SUBGRAPH-12C11703DD95F1FBC57B|BINARY_CONVERGENCE	docs/audits/v49-exploration-full-space-closure-round1/raw/composition-enumeration-v2.tsv	75efbe8f0e5d18d431b1e525900da6eb30ff6abe1a97d407058e637680ada2cd	33	cc3c3c131616103d34edec37bbead1b194073b7069dd6541f71f478028a220a3	af25d1d4c93f79886769d53d071805bd5b6726130b153e4484121321d1122e3a	"[""R16B-SENSE:f0e28e13851d04c13b701f53d9b3911cb50fc572cc6203c64527804f0b37e909"",""R16B-SENSE:f26224717160ca63c45ca85fe7c23e1469baa3e10672a68beafb13d195d0915d"",""R16B-SENSE:fa3369a6eb4bebe96ee289987f963e539b8da9c27ea0f454e8a24b6bddf9306f""]"	"[""R16B-LOCAL-FAMILY:af25d1d4c93f79886769d53d071805bd5b6726130b153e4484121321d1122e3a""]"	"[""PAIRWISE_SUPPORT_WITHOUT_GROUP_COHERENCE""]"	"[""R16A-SUBGRAPH-12C11703DD95F1FBC57B""]"	"[""R16A-PAIR:2ea00c84f44e9da21aae78f742f5cf6cba09fee7e94d77ff3420dc07dd64cbb5"",""R16A-PAIR:f82795fcaba53ac0c255461d014e82b9e563362b645b4c65a58e27644e22c54c""]"	VALID	BINARY_CONVERGENCE	CORRECTED	FAMILY_FINAL_DISPOSITION:PAIRWISE_SUPPORT_WITHOUT_GROUP_COHERENCE	false	false	false	false	Preserve the exact prior VALID/INVALID attempt while applying the independently derived semantic outcome; never equate topology validity with group support.	193261028f472e1e5ffa54d64c537dc4ed7c6003f43fcbbcd4963a2b590d0eb7
468105499c7be102deec7d6555aced688dea9901	5419770959bdb8998b693fb2275b47e29b92367c	ROUND16A_TOPOLOGY_ENUMERATION_RESULT	R16A-SUBGRAPH-12C11703DD95F1FBC57B|BINARY_FORK	docs/audits/v49-exploration-full-space-closure-round1/raw/composition-enumeration-v2.tsv	75efbe8f0e5d18d431b1e525900da6eb30ff6abe1a97d407058e637680ada2cd	32	e5b7c90a628364b5d2894d5644b486bbeecc36e23f31226451c459241f4e9d73	af25d1d4c93f79886769d53d071805bd5b6726130b153e4484121321d1122e3a	"[""R16B-SENSE:f0e28e13851d04c13b701f53d9b3911cb50fc572cc6203c64527804f0b37e909"",""R16B-SENSE:f26224717160ca63c45ca85fe7c23e1469baa3e10672a68beafb13d195d0915d"",""R16B-SENSE:fa3369a6eb4bebe96ee289987f963e539b8da9c27ea0f454e8a24b6bddf9306f""]"	"[""R16B-LOCAL-FAMILY:af25d1d4c93f79886769d53d071805bd5b6726130b153e4484121321d1122e3a""]"	"[""PAIRWISE_SUPPORT_WITHOUT_GROUP_COHERENCE""]"	"[""R16A-SUBGRAPH-12C11703DD95F1FBC57B""]"	"[""R16A-PAIR:2ea00c84f44e9da21aae78f742f5cf6cba09fee7e94d77ff3420dc07dd64cbb5"",""R16A-PAIR:f82795fcaba53ac0c255461d014e82b9e563362b645b4c65a58e27644e22c54c""]"	VALID	BINARY_FORK	CORRECTED	FAMILY_FINAL_DISPOSITION:PAIRWISE_SUPPORT_WITHOUT_GROUP_COHERENCE	false	false	false	false	Preserve the exact prior VALID/INVALID attempt while applying the independently derived semantic outcome; never equate topology validity with group support.	c1e29d0632de89059d928690f3f63571c5bb6b935450bb8ffbb9c5baa2b3f948
468105499c7be102deec7d6555aced688dea9901	5419770959bdb8998b693fb2275b47e29b92367c	ROUND16A_TOPOLOGY_ENUMERATION_RESULT	R16A-SUBGRAPH-12C11703DD95F1FBC57B|EVIDENCE_GAP_TREE	docs/audits/v49-exploration-full-space-closure-round1/raw/composition-enumeration-v2.tsv	75efbe8f0e5d18d431b1e525900da6eb30ff6abe1a97d407058e637680ada2cd	36	4251594d04514fc9dc8e2f2e71a3b43fa1c3dec717a29c5b851953d4f1aa2161	af25d1d4c93f79886769d53d071805bd5b6726130b153e4484121321d1122e3a	"[""R16B-SENSE:f0e28e13851d04c13b701f53d9b3911cb50fc572cc6203c64527804f0b37e909"",""R16B-SENSE:f26224717160ca63c45ca85fe7c23e1469baa3e10672a68beafb13d195d0915d"",""R16B-SENSE:fa3369a6eb4bebe96ee289987f963e539b8da9c27ea0f454e8a24b6bddf9306f""]"	"[""R16B-LOCAL-FAMILY:af25d1d4c93f79886769d53d071805bd5b6726130b153e4484121321d1122e3a""]"	"[""PAIRWISE_SUPPORT_WITHOUT_GROUP_COHERENCE""]"	"[""R16A-SUBGRAPH-12C11703DD95F1FBC57B""]"	"[""R16A-PAIR:2ea00c84f44e9da21aae78f742f5cf6cba09fee7e94d77ff3420dc07dd64cbb5"",""R16A-PAIR:f82795fcaba53ac0c255461d014e82b9e563362b645b4c65a58e27644e22c54c""]"	INVALID	EVIDENCE_GAP_TREE	CORRECTED	FAMILY_FINAL_DISPOSITION:PAIRWISE_SUPPORT_WITHOUT_GROUP_COHERENCE	false	false	false	false	Preserve the exact prior VALID/INVALID attempt while applying the independently derived semantic outcome; never equate topology validity with group support.	66e3278729d2ae1330c0226d359be24bbfa53970ec4dc9fd0ab0a4a69977a696
468105499c7be102deec7d6555aced688dea9901	5419770959bdb8998b693fb2275b47e29b92367c	ROUND16A_TOPOLOGY_ENUMERATION_RESULT	R16A-SUBGRAPH-12C11703DD95F1FBC57B|LINEAR_PATH	docs/audits/v49-exploration-full-space-closure-round1/raw/composition-enumeration-v2.tsv	75efbe8f0e5d18d431b1e525900da6eb30ff6abe1a97d407058e637680ada2cd	31	82ae6e2db451cd7193becc92c0f2fcc2ec0b361c3529154017e53a4639c03776	af25d1d4c93f79886769d53d071805bd5b6726130b153e4484121321d1122e3a	"[""R16B-SENSE:f0e28e13851d04c13b701f53d9b3911cb50fc572cc6203c64527804f0b37e909"",""R16B-SENSE:f26224717160ca63c45ca85fe7c23e1469baa3e10672a68beafb13d195d0915d"",""R16B-SENSE:fa3369a6eb4bebe96ee289987f963e539b8da9c27ea0f454e8a24b6bddf9306f""]"	"[""R16B-LOCAL-FAMILY:af25d1d4c93f79886769d53d071805bd5b6726130b153e4484121321d1122e3a""]"	"[""PAIRWISE_SUPPORT_WITHOUT_GROUP_COHERENCE""]"	"[""R16A-SUBGRAPH-12C11703DD95F1FBC57B""]"	"[""R16A-PAIR:2ea00c84f44e9da21aae78f742f5cf6cba09fee7e94d77ff3420dc07dd64cbb5"",""R16A-PAIR:f82795fcaba53ac0c255461d014e82b9e563362b645b4c65a58e27644e22c54c""]"	VALID	LINEAR_PATH	CORRECTED	FAMILY_FINAL_DISPOSITION:PAIRWISE_SUPPORT_WITHOUT_GROUP_COHERENCE	false	false	false	false	Preserve the exact prior VALID/INVALID attempt while applying the independently derived semantic outcome; never equate topology validity with group support.	de764b2597a5d73a06f8c8448c11cd6242e58501c94d0578cb864976076a1a43
468105499c7be102deec7d6555aced688dea9901	5419770959bdb8998b693fb2275b47e29b92367c	ROUND16A_TOPOLOGY_ENUMERATION_RESULT	R16A-SUBGRAPH-12C11703DD95F1FBC57B|QUALIFIED_PATH	docs/audits/v49-exploration-full-space-closure-round1/raw/composition-enumeration-v2.tsv	75efbe8f0e5d18d431b1e525900da6eb30ff6abe1a97d407058e637680ada2cd	34	3076ad1c9da65e938dc7a033da45ed02a89e6ed7c370b14d46ec5914efbacacd	af25d1d4c93f79886769d53d071805bd5b6726130b153e4484121321d1122e3a	"[""R16B-SENSE:f0e28e13851d04c13b701f53d9b3911cb50fc572cc6203c64527804f0b37e909"",""R16B-SENSE:f26224717160ca63c45ca85fe7c23e1469baa3e10672a68beafb13d195d0915d"",""R16B-SENSE:fa3369a6eb4bebe96ee289987f963e539b8da9c27ea0f454e8a24b6bddf9306f""]"	"[""R16B-LOCAL-FAMILY:af25d1d4c93f79886769d53d071805bd5b6726130b153e4484121321d1122e3a""]"	"[""PAIRWISE_SUPPORT_WITHOUT_GROUP_COHERENCE""]"	"[""R16A-SUBGRAPH-12C11703DD95F1FBC57B""]"	"[""R16A-PAIR:2ea00c84f44e9da21aae78f742f5cf6cba09fee7e94d77ff3420dc07dd64cbb5"",""R16A-PAIR:f82795fcaba53ac0c255461d014e82b9e563362b645b4c65a58e27644e22c54c""]"	INVALID	QUALIFIED_PATH	CORRECTED	FAMILY_FINAL_DISPOSITION:PAIRWISE_SUPPORT_WITHOUT_GROUP_COHERENCE	false	false	false	false	Preserve the exact prior VALID/INVALID attempt while applying the independently derived semantic outcome; never equate topology validity with group support.	0f259aa04f5a5ed48ca6a977e1d2765942737d7c3a34b24dc7dd01339543b522
468105499c7be102deec7d6555aced688dea9901	5419770959bdb8998b693fb2275b47e29b92367c	ROUND16A_TOPOLOGY_ENUMERATION_RESULT	R16A-SUBGRAPH-12C11703DD95F1FBC57B|REFLEXIVE_RETURN	docs/audits/v49-exploration-full-space-closure-round1/raw/composition-enumeration-v2.tsv	75efbe8f0e5d18d431b1e525900da6eb30ff6abe1a97d407058e637680ada2cd	35	6ae3f45435142475e771e569a2ccc1f30fb410756199fa57d598c23ad5acd5e4	af25d1d4c93f79886769d53d071805bd5b6726130b153e4484121321d1122e3a	"[""R16B-SENSE:f0e28e13851d04c13b701f53d9b3911cb50fc572cc6203c64527804f0b37e909"",""R16B-SENSE:f26224717160ca63c45ca85fe7c23e1469baa3e10672a68beafb13d195d0915d"",""R16B-SENSE:fa3369a6eb4bebe96ee289987f963e539b8da9c27ea0f454e8a24b6bddf9306f""]"	"[""R16B-LOCAL-FAMILY:af25d1d4c93f79886769d53d071805bd5b6726130b153e4484121321d1122e3a""]"	"[""PAIRWISE_SUPPORT_WITHOUT_GROUP_COHERENCE""]"	"[""R16A-SUBGRAPH-12C11703DD95F1FBC57B""]"	"[""R16A-PAIR:2ea00c84f44e9da21aae78f742f5cf6cba09fee7e94d77ff3420dc07dd64cbb5"",""R16A-PAIR:f82795fcaba53ac0c255461d014e82b9e563362b645b4c65a58e27644e22c54c""]"	INVALID	REFLEXIVE_RETURN	CORRECTED	FAMILY_FINAL_DISPOSITION:PAIRWISE_SUPPORT_WITHOUT_GROUP_COHERENCE	false	false	false	false	Preserve the exact prior VALID/INVALID attempt while applying the independently derived semantic outcome; never equate topology validity with group support.	45bd479fd221f27037e28f659922d08225bd4a4983216424d4c2c30617e7399c
468105499c7be102deec7d6555aced688dea9901	5419770959bdb8998b693fb2275b47e29b92367c	ROUND16A_TOPOLOGY_ENUMERATION_RESULT	R16A-SUBGRAPH-143FE39FE4134DBCC12B|BINARY_CONVERGENCE	docs/audits/v49-exploration-full-space-closure-round1/raw/composition-enumeration-v2.tsv	75efbe8f0e5d18d431b1e525900da6eb30ff6abe1a97d407058e637680ada2cd	39	f70a345b6b9ebecfbcc305fd2def2e762d775aeb1315d23300184d36362a4221	a4154fe215e8a597ea84576b98c56149211dfb35bb47845294b9c10c49d68066	"[""R16B-SENSE:4e14e64610176c44c8a9775fba3a7d484b4eee0fb06ee9553c17675cb7f0b634"",""R16B-SENSE:fa3369a6eb4bebe96ee289987f963e539b8da9c27ea0f454e8a24b6bddf9306f""]"	[]	[]	"[""R16A-SUBGRAPH-143FE39FE4134DBCC12B""]"	"[""R16A-PAIR:db9e8b1d1d7e17983872e3600cd1a3ce5ae7f3c907ae70bdeafcbd0b2c6a0460""]"	INVALID	BINARY_CONVERGENCE	RETAINED	ROUND16A_ACTIVE_PAIR_BASELINE_NO_GROUP_CLAIM	false	false	false	false	Preserve the exact prior VALID/INVALID attempt while applying the independently derived semantic outcome; never equate topology validity with group support.	4cb54ecbb44a6da5e62347e744472811fb62d1f247391886ddf34966df612a34
468105499c7be102deec7d6555aced688dea9901	5419770959bdb8998b693fb2275b47e29b92367c	ROUND16A_TOPOLOGY_ENUMERATION_RESULT	R16A-SUBGRAPH-143FE39FE4134DBCC12B|BINARY_FORK	docs/audits/v49-exploration-full-space-closure-round1/raw/composition-enumeration-v2.tsv	75efbe8f0e5d18d431b1e525900da6eb30ff6abe1a97d407058e637680ada2cd	38	9b9bbf7d7513037d31548ef0f30c5ead06c79a06f43fb4663f43f069914c822d	a4154fe215e8a597ea84576b98c56149211dfb35bb47845294b9c10c49d68066	"[""R16B-SENSE:4e14e64610176c44c8a9775fba3a7d484b4eee0fb06ee9553c17675cb7f0b634"",""R16B-SENSE:fa3369a6eb4bebe96ee289987f963e539b8da9c27ea0f454e8a24b6bddf9306f""]"	[]	[]	"[""R16A-SUBGRAPH-143FE39FE4134DBCC12B""]"	"[""R16A-PAIR:db9e8b1d1d7e17983872e3600cd1a3ce5ae7f3c907ae70bdeafcbd0b2c6a0460""]"	INVALID	BINARY_FORK	RETAINED	ROUND16A_ACTIVE_PAIR_BASELINE_NO_GROUP_CLAIM	false	false	false	false	Preserve the exact prior VALID/INVALID attempt while applying the independently derived semantic outcome; never equate topology validity with group support.	dceb7a7944f06219195e63284d8b0b065d0c36ef9d90e8856e075436c123f190
468105499c7be102deec7d6555aced688dea9901	5419770959bdb8998b693fb2275b47e29b92367c	ROUND16A_TOPOLOGY_ENUMERATION_RESULT	R16A-SUBGRAPH-143FE39FE4134DBCC12B|EVIDENCE_GAP_TREE	docs/audits/v49-exploration-full-space-closure-round1/raw/composition-enumeration-v2.tsv	75efbe8f0e5d18d431b1e525900da6eb30ff6abe1a97d407058e637680ada2cd	42	36504ee109ebba582e7c0685e95cfd0b716c22d3eb13579c8af276c3ead91909	a4154fe215e8a597ea84576b98c56149211dfb35bb47845294b9c10c49d68066	"[""R16B-SENSE:4e14e64610176c44c8a9775fba3a7d484b4eee0fb06ee9553c17675cb7f0b634"",""R16B-SENSE:fa3369a6eb4bebe96ee289987f963e539b8da9c27ea0f454e8a24b6bddf9306f""]"	[]	[]	"[""R16A-SUBGRAPH-143FE39FE4134DBCC12B""]"	"[""R16A-PAIR:db9e8b1d1d7e17983872e3600cd1a3ce5ae7f3c907ae70bdeafcbd0b2c6a0460""]"	INVALID	EVIDENCE_GAP_TREE	RETAINED	ROUND16A_ACTIVE_PAIR_BASELINE_NO_GROUP_CLAIM	false	false	false	false	Preserve the exact prior VALID/INVALID attempt while applying the independently derived semantic outcome; never equate topology validity with group support.	4d4a11bf4e3091199531e7740e291858dec6e1065cd1591b08be40976d2c2697
468105499c7be102deec7d6555aced688dea9901	5419770959bdb8998b693fb2275b47e29b92367c	ROUND16A_TOPOLOGY_ENUMERATION_RESULT	R16A-SUBGRAPH-143FE39FE4134DBCC12B|LINEAR_PATH	docs/audits/v49-exploration-full-space-closure-round1/raw/composition-enumeration-v2.tsv	75efbe8f0e5d18d431b1e525900da6eb30ff6abe1a97d407058e637680ada2cd	37	52c36024647d3de841f20801f22d5c77d97aacf952f2027749a4ff4c2be761a6	a4154fe215e8a597ea84576b98c56149211dfb35bb47845294b9c10c49d68066	"[""R16B-SENSE:4e14e64610176c44c8a9775fba3a7d484b4eee0fb06ee9553c17675cb7f0b634"",""R16B-SENSE:fa3369a6eb4bebe96ee289987f963e539b8da9c27ea0f454e8a24b6bddf9306f""]"	[]	[]	"[""R16A-SUBGRAPH-143FE39FE4134DBCC12B""]"	"[""R16A-PAIR:db9e8b1d1d7e17983872e3600cd1a3ce5ae7f3c907ae70bdeafcbd0b2c6a0460""]"	VALID	LINEAR_PATH	RETAINED	ROUND16A_ACTIVE_PAIR_BASELINE_NO_GROUP_CLAIM	false	false	false	false	Preserve the exact prior VALID/INVALID attempt while applying the independently derived semantic outcome; never equate topology validity with group support.	26325e7a7c550be793a4255b5dabccf4fdfe196783f55733ea57689d4eeab5da
468105499c7be102deec7d6555aced688dea9901	5419770959bdb8998b693fb2275b47e29b92367c	ROUND16A_TOPOLOGY_ENUMERATION_RESULT	R16A-SUBGRAPH-143FE39FE4134DBCC12B|QUALIFIED_PATH	docs/audits/v49-exploration-full-space-closure-round1/raw/composition-enumeration-v2.tsv	75efbe8f0e5d18d431b1e525900da6eb30ff6abe1a97d407058e637680ada2cd	40	1a3cfc43dab40c1b35c99cf202062df0a64b9de2fe6300135ae7a5e8616df7a5	a4154fe215e8a597ea84576b98c56149211dfb35bb47845294b9c10c49d68066	"[""R16B-SENSE:4e14e64610176c44c8a9775fba3a7d484b4eee0fb06ee9553c17675cb7f0b634"",""R16B-SENSE:fa3369a6eb4bebe96ee289987f963e539b8da9c27ea0f454e8a24b6bddf9306f""]"	[]	[]	"[""R16A-SUBGRAPH-143FE39FE4134DBCC12B""]"	"[""R16A-PAIR:db9e8b1d1d7e17983872e3600cd1a3ce5ae7f3c907ae70bdeafcbd0b2c6a0460""]"	INVALID	QUALIFIED_PATH	RETAINED	ROUND16A_ACTIVE_PAIR_BASELINE_NO_GROUP_CLAIM	false	false	false	false	Preserve the exact prior VALID/INVALID attempt while applying the independently derived semantic outcome; never equate topology validity with group support.	051bb5261cdd0e919ff2ea5a3f2a6618d2f58e1cfbac38ea7fbc658cda409799
468105499c7be102deec7d6555aced688dea9901	5419770959bdb8998b693fb2275b47e29b92367c	ROUND16A_TOPOLOGY_ENUMERATION_RESULT	R16A-SUBGRAPH-143FE39FE4134DBCC12B|REFLEXIVE_RETURN	docs/audits/v49-exploration-full-space-closure-round1/raw/composition-enumeration-v2.tsv	75efbe8f0e5d18d431b1e525900da6eb30ff6abe1a97d407058e637680ada2cd	41	9ffd7da68005da4293d797bfbad45fb03db0e4e10cd5566e24555e6ef83adc7c	a4154fe215e8a597ea84576b98c56149211dfb35bb47845294b9c10c49d68066	"[""R16B-SENSE:4e14e64610176c44c8a9775fba3a7d484b4eee0fb06ee9553c17675cb7f0b634"",""R16B-SENSE:fa3369a6eb4bebe96ee289987f963e539b8da9c27ea0f454e8a24b6bddf9306f""]"	[]	[]	"[""R16A-SUBGRAPH-143FE39FE4134DBCC12B""]"	"[""R16A-PAIR:db9e8b1d1d7e17983872e3600cd1a3ce5ae7f3c907ae70bdeafcbd0b2c6a0460""]"	INVALID	REFLEXIVE_RETURN	RETAINED	ROUND16A_ACTIVE_PAIR_BASELINE_NO_GROUP_CLAIM	false	false	false	false	Preserve the exact prior VALID/INVALID attempt while applying the independently derived semantic outcome; never equate topology validity with group support.	a639581f3bd9e6f1a70f172a9de1e8c6f6bf0df73b3ae6e70b7d072695355266
468105499c7be102deec7d6555aced688dea9901	5419770959bdb8998b693fb2275b47e29b92367c	ROUND16A_TOPOLOGY_ENUMERATION_RESULT	R16A-SUBGRAPH-15EA485255A03C25C5D5|BINARY_CONVERGENCE	docs/audits/v49-exploration-full-space-closure-round1/raw/composition-enumeration-v2.tsv	75efbe8f0e5d18d431b1e525900da6eb30ff6abe1a97d407058e637680ada2cd	45	d587df5e8b9e6341dfc3aac924e74a4b17e5daabb737088771f43a8c34323ac5	1d76bf657bbdec293265d051268a2a1153be0108b15a8d63ebbf2cb98cf6f06a	"[""R16B-SENSE:0ebc966b965fc5703be0f4bae727d337f32d83eb7db9066e926a2530dcfa0171"",""R16B-SENSE:61aaade597c45243fcdef0d2514fc52f58a066ae5c9f4ad550727cb75b124f64"",""R16B-SENSE:697603bbe891d791295d478b3b16d10add9bdab1fd92826d63d8b630f3779cfb""]"	"[""R16B-LOCAL-FAMILY:1d76bf657bbdec293265d051268a2a1153be0108b15a8d63ebbf2cb98cf6f06a""]"	"[""INQUIRY_ONLY_OR_UNRESOLVED""]"	"[""R16A-SUBGRAPH-15EA485255A03C25C5D5""]"	"[""R16A-PAIR:891e0c3d300d8c4af59fbef2f00d164ee9c22df4148122c54ed84daee1dcb37e"",""R16A-PAIR:c36555188472ea5287ed70295a1b85e92e2ba9468fc703d2fe8893de3fc55a1f""]"	VALID	BINARY_CONVERGENCE	INQUIRY	FAMILY_FINAL_DISPOSITION:INQUIRY_ONLY_OR_UNRESOLVED	false	false	false	false	Preserve the exact prior VALID/INVALID attempt while applying the independently derived semantic outcome; never equate topology validity with group support.	fb032d5cba6e79dcbee03f20dafd60396f026d3a2cc62ae6644771b19bee528a
468105499c7be102deec7d6555aced688dea9901	5419770959bdb8998b693fb2275b47e29b92367c	ROUND16A_TOPOLOGY_ENUMERATION_RESULT	R16A-SUBGRAPH-15EA485255A03C25C5D5|BINARY_FORK	docs/audits/v49-exploration-full-space-closure-round1/raw/composition-enumeration-v2.tsv	75efbe8f0e5d18d431b1e525900da6eb30ff6abe1a97d407058e637680ada2cd	44	48fe7eac01f061fe427eac46abc92b478b2b9e2416d8aad0f78e2bbd1db46396	1d76bf657bbdec293265d051268a2a1153be0108b15a8d63ebbf2cb98cf6f06a	"[""R16B-SENSE:0ebc966b965fc5703be0f4bae727d337f32d83eb7db9066e926a2530dcfa0171"",""R16B-SENSE:61aaade597c45243fcdef0d2514fc52f58a066ae5c9f4ad550727cb75b124f64"",""R16B-SENSE:697603bbe891d791295d478b3b16d10add9bdab1fd92826d63d8b630f3779cfb""]"	"[""R16B-LOCAL-FAMILY:1d76bf657bbdec293265d051268a2a1153be0108b15a8d63ebbf2cb98cf6f06a""]"	"[""INQUIRY_ONLY_OR_UNRESOLVED""]"	"[""R16A-SUBGRAPH-15EA485255A03C25C5D5""]"	"[""R16A-PAIR:891e0c3d300d8c4af59fbef2f00d164ee9c22df4148122c54ed84daee1dcb37e"",""R16A-PAIR:c36555188472ea5287ed70295a1b85e92e2ba9468fc703d2fe8893de3fc55a1f""]"	VALID	BINARY_FORK	INQUIRY	FAMILY_FINAL_DISPOSITION:INQUIRY_ONLY_OR_UNRESOLVED	false	false	false	false	Preserve the exact prior VALID/INVALID attempt while applying the independently derived semantic outcome; never equate topology validity with group support.	f5fe7966433e8500bf02cc765b09d6b647737515e175009a414cd94b205db8ff
468105499c7be102deec7d6555aced688dea9901	5419770959bdb8998b693fb2275b47e29b92367c	ROUND16A_TOPOLOGY_ENUMERATION_RESULT	R16A-SUBGRAPH-15EA485255A03C25C5D5|EVIDENCE_GAP_TREE	docs/audits/v49-exploration-full-space-closure-round1/raw/composition-enumeration-v2.tsv	75efbe8f0e5d18d431b1e525900da6eb30ff6abe1a97d407058e637680ada2cd	48	68a0b34582e5df67bb9bd68fe4f0a0029d51b7d57318d9e7dbdad8eeae07f9c5	1d76bf657bbdec293265d051268a2a1153be0108b15a8d63ebbf2cb98cf6f06a	"[""R16B-SENSE:0ebc966b965fc5703be0f4bae727d337f32d83eb7db9066e926a2530dcfa0171"",""R16B-SENSE:61aaade597c45243fcdef0d2514fc52f58a066ae5c9f4ad550727cb75b124f64"",""R16B-SENSE:697603bbe891d791295d478b3b16d10add9bdab1fd92826d63d8b630f3779cfb""]"	"[""R16B-LOCAL-FAMILY:1d76bf657bbdec293265d051268a2a1153be0108b15a8d63ebbf2cb98cf6f06a""]"	"[""INQUIRY_ONLY_OR_UNRESOLVED""]"	"[""R16A-SUBGRAPH-15EA485255A03C25C5D5""]"	"[""R16A-PAIR:891e0c3d300d8c4af59fbef2f00d164ee9c22df4148122c54ed84daee1dcb37e"",""R16A-PAIR:c36555188472ea5287ed70295a1b85e92e2ba9468fc703d2fe8893de3fc55a1f""]"	INVALID	EVIDENCE_GAP_TREE	INQUIRY	FAMILY_FINAL_DISPOSITION:INQUIRY_ONLY_OR_UNRESOLVED	false	false	false	false	Preserve the exact prior VALID/INVALID attempt while applying the independently derived semantic outcome; never equate topology validity with group support.	da831a8bf4737a9099722725a6c13604e27a556e3974c107388f08f2f208ab44
468105499c7be102deec7d6555aced688dea9901	5419770959bdb8998b693fb2275b47e29b92367c	ROUND16A_TOPOLOGY_ENUMERATION_RESULT	R16A-SUBGRAPH-15EA485255A03C25C5D5|LINEAR_PATH	docs/audits/v49-exploration-full-space-closure-round1/raw/composition-enumeration-v2.tsv	75efbe8f0e5d18d431b1e525900da6eb30ff6abe1a97d407058e637680ada2cd	43	4820624e80a82c74b121d1f3881942682249029f0677ef256d449e6f1636194c	1d76bf657bbdec293265d051268a2a1153be0108b15a8d63ebbf2cb98cf6f06a	"[""R16B-SENSE:0ebc966b965fc5703be0f4bae727d337f32d83eb7db9066e926a2530dcfa0171"",""R16B-SENSE:61aaade597c45243fcdef0d2514fc52f58a066ae5c9f4ad550727cb75b124f64"",""R16B-SENSE:697603bbe891d791295d478b3b16d10add9bdab1fd92826d63d8b630f3779cfb""]"	"[""R16B-LOCAL-FAMILY:1d76bf657bbdec293265d051268a2a1153be0108b15a8d63ebbf2cb98cf6f06a""]"	"[""INQUIRY_ONLY_OR_UNRESOLVED""]"	"[""R16A-SUBGRAPH-15EA485255A03C25C5D5""]"	"[""R16A-PAIR:891e0c3d300d8c4af59fbef2f00d164ee9c22df4148122c54ed84daee1dcb37e"",""R16A-PAIR:c36555188472ea5287ed70295a1b85e92e2ba9468fc703d2fe8893de3fc55a1f""]"	VALID	LINEAR_PATH	INQUIRY	FAMILY_FINAL_DISPOSITION:INQUIRY_ONLY_OR_UNRESOLVED	false	false	false	false	Preserve the exact prior VALID/INVALID attempt while applying the independently derived semantic outcome; never equate topology validity with group support.	b6087bf762cd13c17d4c010f79ae69cc8eb74f7599215c6de04af0b28fd3756a
468105499c7be102deec7d6555aced688dea9901	5419770959bdb8998b693fb2275b47e29b92367c	ROUND16A_TOPOLOGY_ENUMERATION_RESULT	R16A-SUBGRAPH-15EA485255A03C25C5D5|QUALIFIED_PATH	docs/audits/v49-exploration-full-space-closure-round1/raw/composition-enumeration-v2.tsv	75efbe8f0e5d18d431b1e525900da6eb30ff6abe1a97d407058e637680ada2cd	46	3cadc58d2e34709ff08a0854ddd60253a0600b820011629083752b6f1a5561c5	1d76bf657bbdec293265d051268a2a1153be0108b15a8d63ebbf2cb98cf6f06a	"[""R16B-SENSE:0ebc966b965fc5703be0f4bae727d337f32d83eb7db9066e926a2530dcfa0171"",""R16B-SENSE:61aaade597c45243fcdef0d2514fc52f58a066ae5c9f4ad550727cb75b124f64"",""R16B-SENSE:697603bbe891d791295d478b3b16d10add9bdab1fd92826d63d8b630f3779cfb""]"	"[""R16B-LOCAL-FAMILY:1d76bf657bbdec293265d051268a2a1153be0108b15a8d63ebbf2cb98cf6f06a""]"	"[""INQUIRY_ONLY_OR_UNRESOLVED""]"	"[""R16A-SUBGRAPH-15EA485255A03C25C5D5""]"	"[""R16A-PAIR:891e0c3d300d8c4af59fbef2f00d164ee9c22df4148122c54ed84daee1dcb37e"",""R16A-PAIR:c36555188472ea5287ed70295a1b85e92e2ba9468fc703d2fe8893de3fc55a1f""]"	INVALID	QUALIFIED_PATH	INQUIRY	FAMILY_FINAL_DISPOSITION:INQUIRY_ONLY_OR_UNRESOLVED	false	false	false	false	Preserve the exact prior VALID/INVALID attempt while applying the independently derived semantic outcome; never equate topology validity with group support.	90383adcea444e48a319c020b646f28e89ce632fa14493e4691f937b17329fb4
468105499c7be102deec7d6555aced688dea9901	5419770959bdb8998b693fb2275b47e29b92367c	ROUND16A_TOPOLOGY_ENUMERATION_RESULT	R16A-SUBGRAPH-15EA485255A03C25C5D5|REFLEXIVE_RETURN	docs/audits/v49-exploration-full-space-closure-round1/raw/composition-enumeration-v2.tsv	75efbe8f0e5d18d431b1e525900da6eb30ff6abe1a97d407058e637680ada2cd	47	26f3ae3a536568905b1b5d129a343ce1d9429eaf7e5841fb2d9a0951756645ab	1d76bf657bbdec293265d051268a2a1153be0108b15a8d63ebbf2cb98cf6f06a	"[""R16B-SENSE:0ebc966b965fc5703be0f4bae727d337f32d83eb7db9066e926a2530dcfa0171"",""R16B-SENSE:61aaade597c45243fcdef0d2514fc52f58a066ae5c9f4ad550727cb75b124f64"",""R16B-SENSE:697603bbe891d791295d478b3b16d10add9bdab1fd92826d63d8b630f3779cfb""]"	"[""R16B-LOCAL-FAMILY:1d76bf657bbdec293265d051268a2a1153be0108b15a8d63ebbf2cb98cf6f06a""]"	"[""INQUIRY_ONLY_OR_UNRESOLVED""]"	"[""R16A-SUBGRAPH-15EA485255A03C25C5D5""]"	"[""R16A-PAIR:891e0c3d300d8c4af59fbef2f00d164ee9c22df4148122c54ed84daee1dcb37e"",""R16A-PAIR:c36555188472ea5287ed70295a1b85e92e2ba9468fc703d2fe8893de3fc55a1f""]"	INVALID	REFLEXIVE_RETURN	INQUIRY	FAMILY_FINAL_DISPOSITION:INQUIRY_ONLY_OR_UNRESOLVED	false	false	false	false	Preserve the exact prior VALID/INVALID attempt while applying the independently derived semantic outcome; never equate topology validity with group support.	d8725feaa5eeb4977ee1117f5f237d1697ccbf111acb1771ad676b85057b4fbc
468105499c7be102deec7d6555aced688dea9901	5419770959bdb8998b693fb2275b47e29b92367c	ROUND16A_TOPOLOGY_ENUMERATION_RESULT	R16A-SUBGRAPH-19C085F5BC097E4B0674|BINARY_CONVERGENCE	docs/audits/v49-exploration-full-space-closure-round1/raw/composition-enumeration-v2.tsv	75efbe8f0e5d18d431b1e525900da6eb30ff6abe1a97d407058e637680ada2cd	51	55b8f80739390fc417c62a43d2b3faa4b2581e9468eba3681de1639cccdb85f7	89817e7a449f1cc7b574fb1b89c9541f765e52825c5cb62bf0a2bb833e8f970a	"[""R16B-SENSE:4e14e64610176c44c8a9775fba3a7d484b4eee0fb06ee9553c17675cb7f0b634"",""R16B-SENSE:f0e28e13851d04c13b701f53d9b3911cb50fc572cc6203c64527804f0b37e909"",""R16B-SENSE:f26224717160ca63c45ca85fe7c23e1469baa3e10672a68beafb13d195d0915d"",""R16B-SENSE:fa3369a6eb4bebe96ee289987f963e539b8da9c27ea0f454e8a24b6bddf9306f""]"	"[""R16B-LOCAL-FAMILY:89817e7a449f1cc7b574fb1b89c9541f765e52825c5cb62bf0a2bb833e8f970a""]"	"[""INQUIRY_ONLY_OR_UNRESOLVED""]"	"[""R16A-SUBGRAPH-19C085F5BC097E4B0674""]"	"[""R16A-PAIR:2ea00c84f44e9da21aae78f742f5cf6cba09fee7e94d77ff3420dc07dd64cbb5"",""R16A-PAIR:db9e8b1d1d7e17983872e3600cd1a3ce5ae7f3c907ae70bdeafcbd0b2c6a0460"",""R16A-PAIR:f82795fcaba53ac0c255461d014e82b9e563362b645b4c65a58e27644e22c54c""]"	INVALID	BINARY_CONVERGENCE	INQUIRY	FAMILY_FINAL_DISPOSITION:INQUIRY_ONLY_OR_UNRESOLVED	false	false	false	false	Preserve the exact prior VALID/INVALID attempt while applying the independently derived semantic outcome; never equate topology validity with group support.	1d18082873798d952e0f77bee1f9173f3de4a0d9c7c10ebe7f20ebfe52a74b71
468105499c7be102deec7d6555aced688dea9901	5419770959bdb8998b693fb2275b47e29b92367c	ROUND16A_TOPOLOGY_ENUMERATION_RESULT	R16A-SUBGRAPH-19C085F5BC097E4B0674|BINARY_FORK	docs/audits/v49-exploration-full-space-closure-round1/raw/composition-enumeration-v2.tsv	75efbe8f0e5d18d431b1e525900da6eb30ff6abe1a97d407058e637680ada2cd	50	2afa18737eb0fc4e8d6e7a70fc6d182f45b42e76e3aed66ca60de65dba0ca3d4	89817e7a449f1cc7b574fb1b89c9541f765e52825c5cb62bf0a2bb833e8f970a	"[""R16B-SENSE:4e14e64610176c44c8a9775fba3a7d484b4eee0fb06ee9553c17675cb7f0b634"",""R16B-SENSE:f0e28e13851d04c13b701f53d9b3911cb50fc572cc6203c64527804f0b37e909"",""R16B-SENSE:f26224717160ca63c45ca85fe7c23e1469baa3e10672a68beafb13d195d0915d"",""R16B-SENSE:fa3369a6eb4bebe96ee289987f963e539b8da9c27ea0f454e8a24b6bddf9306f""]"	"[""R16B-LOCAL-FAMILY:89817e7a449f1cc7b574fb1b89c9541f765e52825c5cb62bf0a2bb833e8f970a""]"	"[""INQUIRY_ONLY_OR_UNRESOLVED""]"	"[""R16A-SUBGRAPH-19C085F5BC097E4B0674""]"	"[""R16A-PAIR:2ea00c84f44e9da21aae78f742f5cf6cba09fee7e94d77ff3420dc07dd64cbb5"",""R16A-PAIR:db9e8b1d1d7e17983872e3600cd1a3ce5ae7f3c907ae70bdeafcbd0b2c6a0460"",""R16A-PAIR:f82795fcaba53ac0c255461d014e82b9e563362b645b4c65a58e27644e22c54c""]"	INVALID	BINARY_FORK	INQUIRY	FAMILY_FINAL_DISPOSITION:INQUIRY_ONLY_OR_UNRESOLVED	false	false	false	false	Preserve the exact prior VALID/INVALID attempt while applying the independently derived semantic outcome; never equate topology validity with group support.	ab1f40646f086de254b860a424185337edf87dde044584ca946aa07b931dca11
468105499c7be102deec7d6555aced688dea9901	5419770959bdb8998b693fb2275b47e29b92367c	ROUND16A_TOPOLOGY_ENUMERATION_RESULT	R16A-SUBGRAPH-19C085F5BC097E4B0674|EVIDENCE_GAP_TREE	docs/audits/v49-exploration-full-space-closure-round1/raw/composition-enumeration-v2.tsv	75efbe8f0e5d18d431b1e525900da6eb30ff6abe1a97d407058e637680ada2cd	54	57eca8282899a6f005d314a2124e8577f5c37104dd46abb99f38ee7523af02bc	89817e7a449f1cc7b574fb1b89c9541f765e52825c5cb62bf0a2bb833e8f970a	"[""R16B-SENSE:4e14e64610176c44c8a9775fba3a7d484b4eee0fb06ee9553c17675cb7f0b634"",""R16B-SENSE:f0e28e13851d04c13b701f53d9b3911cb50fc572cc6203c64527804f0b37e909"",""R16B-SENSE:f26224717160ca63c45ca85fe7c23e1469baa3e10672a68beafb13d195d0915d"",""R16B-SENSE:fa3369a6eb4bebe96ee289987f963e539b8da9c27ea0f454e8a24b6bddf9306f""]"	"[""R16B-LOCAL-FAMILY:89817e7a449f1cc7b574fb1b89c9541f765e52825c5cb62bf0a2bb833e8f970a""]"	"[""INQUIRY_ONLY_OR_UNRESOLVED""]"	"[""R16A-SUBGRAPH-19C085F5BC097E4B0674""]"	"[""R16A-PAIR:2ea00c84f44e9da21aae78f742f5cf6cba09fee7e94d77ff3420dc07dd64cbb5"",""R16A-PAIR:db9e8b1d1d7e17983872e3600cd1a3ce5ae7f3c907ae70bdeafcbd0b2c6a0460"",""R16A-PAIR:f82795fcaba53ac0c255461d014e82b9e563362b645b4c65a58e27644e22c54c""]"	INVALID	EVIDENCE_GAP_TREE	INQUIRY	FAMILY_FINAL_DISPOSITION:INQUIRY_ONLY_OR_UNRESOLVED	false	false	false	false	Preserve the exact prior VALID/INVALID attempt while applying the independently derived semantic outcome; never equate topology validity with group support.	0d8dc0eef469cae43354b95c72493d746b01875883d9d610566375a78202be45
468105499c7be102deec7d6555aced688dea9901	5419770959bdb8998b693fb2275b47e29b92367c	ROUND16A_TOPOLOGY_ENUMERATION_RESULT	R16A-SUBGRAPH-19C085F5BC097E4B0674|LINEAR_PATH	docs/audits/v49-exploration-full-space-closure-round1/raw/composition-enumeration-v2.tsv	75efbe8f0e5d18d431b1e525900da6eb30ff6abe1a97d407058e637680ada2cd	49	b486268cba19ac4b3d65221468307069c75675261323788642dfd93d42662052	89817e7a449f1cc7b574fb1b89c9541f765e52825c5cb62bf0a2bb833e8f970a	"[""R16B-SENSE:4e14e64610176c44c8a9775fba3a7d484b4eee0fb06ee9553c17675cb7f0b634"",""R16B-SENSE:f0e28e13851d04c13b701f53d9b3911cb50fc572cc6203c64527804f0b37e909"",""R16B-SENSE:f26224717160ca63c45ca85fe7c23e1469baa3e10672a68beafb13d195d0915d"",""R16B-SENSE:fa3369a6eb4bebe96ee289987f963e539b8da9c27ea0f454e8a24b6bddf9306f""]"	"[""R16B-LOCAL-FAMILY:89817e7a449f1cc7b574fb1b89c9541f765e52825c5cb62bf0a2bb833e8f970a""]"	"[""INQUIRY_ONLY_OR_UNRESOLVED""]"	"[""R16A-SUBGRAPH-19C085F5BC097E4B0674""]"	"[""R16A-PAIR:2ea00c84f44e9da21aae78f742f5cf6cba09fee7e94d77ff3420dc07dd64cbb5"",""R16A-PAIR:db9e8b1d1d7e17983872e3600cd1a3ce5ae7f3c907ae70bdeafcbd0b2c6a0460"",""R16A-PAIR:f82795fcaba53ac0c255461d014e82b9e563362b645b4c65a58e27644e22c54c""]"	INVALID	LINEAR_PATH	INQUIRY	FAMILY_FINAL_DISPOSITION:INQUIRY_ONLY_OR_UNRESOLVED	false	false	false	false	Preserve the exact prior VALID/INVALID attempt while applying the independently derived semantic outcome; never equate topology validity with group support.	9f007b522c4110698c0de2069135aa393764438f29c9dcf288e5209e88403e19
468105499c7be102deec7d6555aced688dea9901	5419770959bdb8998b693fb2275b47e29b92367c	ROUND16A_TOPOLOGY_ENUMERATION_RESULT	R16A-SUBGRAPH-19C085F5BC097E4B0674|QUALIFIED_PATH	docs/audits/v49-exploration-full-space-closure-round1/raw/composition-enumeration-v2.tsv	75efbe8f0e5d18d431b1e525900da6eb30ff6abe1a97d407058e637680ada2cd	52	1ccb4116cd122ca1cab1964571092e6f8f98e39b0c830e1a01de32a18ef4e413	89817e7a449f1cc7b574fb1b89c9541f765e52825c5cb62bf0a2bb833e8f970a	"[""R16B-SENSE:4e14e64610176c44c8a9775fba3a7d484b4eee0fb06ee9553c17675cb7f0b634"",""R16B-SENSE:f0e28e13851d04c13b701f53d9b3911cb50fc572cc6203c64527804f0b37e909"",""R16B-SENSE:f26224717160ca63c45ca85fe7c23e1469baa3e10672a68beafb13d195d0915d"",""R16B-SENSE:fa3369a6eb4bebe96ee289987f963e539b8da9c27ea0f454e8a24b6bddf9306f""]"	"[""R16B-LOCAL-FAMILY:89817e7a449f1cc7b574fb1b89c9541f765e52825c5cb62bf0a2bb833e8f970a""]"	"[""INQUIRY_ONLY_OR_UNRESOLVED""]"	"[""R16A-SUBGRAPH-19C085F5BC097E4B0674""]"	"[""R16A-PAIR:2ea00c84f44e9da21aae78f742f5cf6cba09fee7e94d77ff3420dc07dd64cbb5"",""R16A-PAIR:db9e8b1d1d7e17983872e3600cd1a3ce5ae7f3c907ae70bdeafcbd0b2c6a0460"",""R16A-PAIR:f82795fcaba53ac0c255461d014e82b9e563362b645b4c65a58e27644e22c54c""]"	INVALID	QUALIFIED_PATH	INQUIRY	FAMILY_FINAL_DISPOSITION:INQUIRY_ONLY_OR_UNRESOLVED	false	false	false	false	Preserve the exact prior VALID/INVALID attempt while applying the independently derived semantic outcome; never equate topology validity with group support.	46f2c64fb0b1b880ea9f9379bfb70a27df9ad29020a34418fca215f10ea2b55e
468105499c7be102deec7d6555aced688dea9901	5419770959bdb8998b693fb2275b47e29b92367c	ROUND16A_TOPOLOGY_ENUMERATION_RESULT	R16A-SUBGRAPH-19C085F5BC097E4B0674|REFLEXIVE_RETURN	docs/audits/v49-exploration-full-space-closure-round1/raw/composition-enumeration-v2.tsv	75efbe8f0e5d18d431b1e525900da6eb30ff6abe1a97d407058e637680ada2cd	53	34be943088563603330abfab6d6cccc0b3cb7a021ce2ccceeae8f1de1edaf650	89817e7a449f1cc7b574fb1b89c9541f765e52825c5cb62bf0a2bb833e8f970a	"[""R16B-SENSE:4e14e64610176c44c8a9775fba3a7d484b4eee0fb06ee9553c17675cb7f0b634"",""R16B-SENSE:f0e28e13851d04c13b701f53d9b3911cb50fc572cc6203c64527804f0b37e909"",""R16B-SENSE:f26224717160ca63c45ca85fe7c23e1469baa3e10672a68beafb13d195d0915d"",""R16B-SENSE:fa3369a6eb4bebe96ee289987f963e539b8da9c27ea0f454e8a24b6bddf9306f""]"	"[""R16B-LOCAL-FAMILY:89817e7a449f1cc7b574fb1b89c9541f765e52825c5cb62bf0a2bb833e8f970a""]"	"[""INQUIRY_ONLY_OR_UNRESOLVED""]"	"[""R16A-SUBGRAPH-19C085F5BC097E4B0674""]"	"[""R16A-PAIR:2ea00c84f44e9da21aae78f742f5cf6cba09fee7e94d77ff3420dc07dd64cbb5"",""R16A-PAIR:db9e8b1d1d7e17983872e3600cd1a3ce5ae7f3c907ae70bdeafcbd0b2c6a0460"",""R16A-PAIR:f82795fcaba53ac0c255461d014e82b9e563362b645b4c65a58e27644e22c54c""]"	INVALID	REFLEXIVE_RETURN	INQUIRY	FAMILY_FINAL_DISPOSITION:INQUIRY_ONLY_OR_UNRESOLVED	false	false	false	false	Preserve the exact prior VALID/INVALID attempt while applying the independently derived semantic outcome; never equate topology validity with group support.	338f2373f9e21f0cb2d43ac0cf7a5dff8194d6e30b2458d1b2399ee45efc49ec
468105499c7be102deec7d6555aced688dea9901	5419770959bdb8998b693fb2275b47e29b92367c	ROUND16A_TOPOLOGY_ENUMERATION_RESULT	R16A-SUBGRAPH-1AF4D36ADC2F29C8231A|BINARY_CONVERGENCE	docs/audits/v49-exploration-full-space-closure-round1/raw/composition-enumeration-v2.tsv	75efbe8f0e5d18d431b1e525900da6eb30ff6abe1a97d407058e637680ada2cd	57	1373e47bee5834520748000942b6f4536fdaa665d5d7a15221771da4d3375799	83009b1d124d4635a57866eeffba5e1a1a33e499bd60b30c6346b94ff1a04f8e	"[""R16B-SENSE:698710ef66f0d551cde028b8e54bdbf6051b96902a736be6b9ab45d1ad91f848"",""R16B-SENSE:9415fd18554090ac9dd2dfc28a1ec541d67a94b8421b1cefafa578a03302257d"",""R16B-SENSE:9c499c8b62d5222b0be4049597c613d82925ede87bf34656671a6b1e4e491bc3""]"	"[""R16B-LOCAL-FAMILY:83009b1d124d4635a57866eeffba5e1a1a33e499bd60b30c6346b94ff1a04f8e""]"	"[""BOUNDED_SENSE_OR_SCOPE_CONFLICT""]"	"[""R16A-SUBGRAPH-1AF4D36ADC2F29C8231A""]"	"[""R16A-PAIR:4cf124f8588611ba0a2f76bce26ab0b5890dcfcf71d9283888d62d58bcdb974a"",""R16A-PAIR:591aa3897c3e0e455ef4bc05b36550f3d010af9e84be8a08c199676025fdeb04"",""R16A-PAIR:c58fe913fc06f2896c1022f7ccc0e9de1b0f7f1121f09c7d18162d40fe764cf9""]"	INVALID	BINARY_CONVERGENCE	REJECTED	FAMILY_FINAL_DISPOSITION:BOUNDED_SENSE_OR_SCOPE_CONFLICT	false	false	false	false	Preserve the exact prior VALID/INVALID attempt while applying the independently derived semantic outcome; never equate topology validity with group support.	821318314eff22ee77e464ba4c7b956c3d6ad51af193cc5a361146eea9960e39
468105499c7be102deec7d6555aced688dea9901	5419770959bdb8998b693fb2275b47e29b92367c	ROUND16A_TOPOLOGY_ENUMERATION_RESULT	R16A-SUBGRAPH-1AF4D36ADC2F29C8231A|BINARY_FORK	docs/audits/v49-exploration-full-space-closure-round1/raw/composition-enumeration-v2.tsv	75efbe8f0e5d18d431b1e525900da6eb30ff6abe1a97d407058e637680ada2cd	56	e37cdbb682bca6ba44c031465a12200bc19f55589d535279db40345229b78d54	83009b1d124d4635a57866eeffba5e1a1a33e499bd60b30c6346b94ff1a04f8e	"[""R16B-SENSE:698710ef66f0d551cde028b8e54bdbf6051b96902a736be6b9ab45d1ad91f848"",""R16B-SENSE:9415fd18554090ac9dd2dfc28a1ec541d67a94b8421b1cefafa578a03302257d"",""R16B-SENSE:9c499c8b62d5222b0be4049597c613d82925ede87bf34656671a6b1e4e491bc3""]"	"[""R16B-LOCAL-FAMILY:83009b1d124d4635a57866eeffba5e1a1a33e499bd60b30c6346b94ff1a04f8e""]"	"[""BOUNDED_SENSE_OR_SCOPE_CONFLICT""]"	"[""R16A-SUBGRAPH-1AF4D36ADC2F29C8231A""]"	"[""R16A-PAIR:4cf124f8588611ba0a2f76bce26ab0b5890dcfcf71d9283888d62d58bcdb974a"",""R16A-PAIR:591aa3897c3e0e455ef4bc05b36550f3d010af9e84be8a08c199676025fdeb04"",""R16A-PAIR:c58fe913fc06f2896c1022f7ccc0e9de1b0f7f1121f09c7d18162d40fe764cf9""]"	INVALID	BINARY_FORK	REJECTED	FAMILY_FINAL_DISPOSITION:BOUNDED_SENSE_OR_SCOPE_CONFLICT	false	false	false	false	Preserve the exact prior VALID/INVALID attempt while applying the independently derived semantic outcome; never equate topology validity with group support.	616328db04e0b902a324cf122d4ee2c89476fc8365eb8ef0177d9049cca98901
468105499c7be102deec7d6555aced688dea9901	5419770959bdb8998b693fb2275b47e29b92367c	ROUND16A_TOPOLOGY_ENUMERATION_RESULT	R16A-SUBGRAPH-1AF4D36ADC2F29C8231A|EVIDENCE_GAP_TREE	docs/audits/v49-exploration-full-space-closure-round1/raw/composition-enumeration-v2.tsv	75efbe8f0e5d18d431b1e525900da6eb30ff6abe1a97d407058e637680ada2cd	60	62a816835d8c30d82e305a882a7e16fb07dbd8db020ffafc280a424c3bdf2668	83009b1d124d4635a57866eeffba5e1a1a33e499bd60b30c6346b94ff1a04f8e	"[""R16B-SENSE:698710ef66f0d551cde028b8e54bdbf6051b96902a736be6b9ab45d1ad91f848"",""R16B-SENSE:9415fd18554090ac9dd2dfc28a1ec541d67a94b8421b1cefafa578a03302257d"",""R16B-SENSE:9c499c8b62d5222b0be4049597c613d82925ede87bf34656671a6b1e4e491bc3""]"	"[""R16B-LOCAL-FAMILY:83009b1d124d4635a57866eeffba5e1a1a33e499bd60b30c6346b94ff1a04f8e""]"	"[""BOUNDED_SENSE_OR_SCOPE_CONFLICT""]"	"[""R16A-SUBGRAPH-1AF4D36ADC2F29C8231A""]"	"[""R16A-PAIR:4cf124f8588611ba0a2f76bce26ab0b5890dcfcf71d9283888d62d58bcdb974a"",""R16A-PAIR:591aa3897c3e0e455ef4bc05b36550f3d010af9e84be8a08c199676025fdeb04"",""R16A-PAIR:c58fe913fc06f2896c1022f7ccc0e9de1b0f7f1121f09c7d18162d40fe764cf9""]"	INVALID	EVIDENCE_GAP_TREE	REJECTED	FAMILY_FINAL_DISPOSITION:BOUNDED_SENSE_OR_SCOPE_CONFLICT	false	false	false	false	Preserve the exact prior VALID/INVALID attempt while applying the independently derived semantic outcome; never equate topology validity with group support.	a5d1473c6018d1432ed072f3f311be663225be7b7112881bd5bdedd86b6a5a16
468105499c7be102deec7d6555aced688dea9901	5419770959bdb8998b693fb2275b47e29b92367c	ROUND16A_TOPOLOGY_ENUMERATION_RESULT	R16A-SUBGRAPH-1AF4D36ADC2F29C8231A|LINEAR_PATH	docs/audits/v49-exploration-full-space-closure-round1/raw/composition-enumeration-v2.tsv	75efbe8f0e5d18d431b1e525900da6eb30ff6abe1a97d407058e637680ada2cd	55	81ed178d250b4feda6cbae5454679dd16cf7bf541b8b964d8cf5f05009a33eb3	83009b1d124d4635a57866eeffba5e1a1a33e499bd60b30c6346b94ff1a04f8e	"[""R16B-SENSE:698710ef66f0d551cde028b8e54bdbf6051b96902a736be6b9ab45d1ad91f848"",""R16B-SENSE:9415fd18554090ac9dd2dfc28a1ec541d67a94b8421b1cefafa578a03302257d"",""R16B-SENSE:9c499c8b62d5222b0be4049597c613d82925ede87bf34656671a6b1e4e491bc3""]"	"[""R16B-LOCAL-FAMILY:83009b1d124d4635a57866eeffba5e1a1a33e499bd60b30c6346b94ff1a04f8e""]"	"[""BOUNDED_SENSE_OR_SCOPE_CONFLICT""]"	"[""R16A-SUBGRAPH-1AF4D36ADC2F29C8231A""]"	"[""R16A-PAIR:4cf124f8588611ba0a2f76bce26ab0b5890dcfcf71d9283888d62d58bcdb974a"",""R16A-PAIR:591aa3897c3e0e455ef4bc05b36550f3d010af9e84be8a08c199676025fdeb04"",""R16A-PAIR:c58fe913fc06f2896c1022f7ccc0e9de1b0f7f1121f09c7d18162d40fe764cf9""]"	INVALID	LINEAR_PATH	REJECTED	FAMILY_FINAL_DISPOSITION:BOUNDED_SENSE_OR_SCOPE_CONFLICT	false	false	false	false	Preserve the exact prior VALID/INVALID attempt while applying the independently derived semantic outcome; never equate topology validity with group support.	b5092ad482f9d01f93b0ce60c59fd99eec42ea4fb25e9ba73d030ee07a2b8bf2
468105499c7be102deec7d6555aced688dea9901	5419770959bdb8998b693fb2275b47e29b92367c	ROUND16A_TOPOLOGY_ENUMERATION_RESULT	R16A-SUBGRAPH-1AF4D36ADC2F29C8231A|QUALIFIED_PATH	docs/audits/v49-exploration-full-space-closure-round1/raw/composition-enumeration-v2.tsv	75efbe8f0e5d18d431b1e525900da6eb30ff6abe1a97d407058e637680ada2cd	58	6a35388dbda8fe68268a9450ff81a6e920f3adb1e9745c47d241f3235fe6c64a	83009b1d124d4635a57866eeffba5e1a1a33e499bd60b30c6346b94ff1a04f8e	"[""R16B-SENSE:698710ef66f0d551cde028b8e54bdbf6051b96902a736be6b9ab45d1ad91f848"",""R16B-SENSE:9415fd18554090ac9dd2dfc28a1ec541d67a94b8421b1cefafa578a03302257d"",""R16B-SENSE:9c499c8b62d5222b0be4049597c613d82925ede87bf34656671a6b1e4e491bc3""]"	"[""R16B-LOCAL-FAMILY:83009b1d124d4635a57866eeffba5e1a1a33e499bd60b30c6346b94ff1a04f8e""]"	"[""BOUNDED_SENSE_OR_SCOPE_CONFLICT""]"	"[""R16A-SUBGRAPH-1AF4D36ADC2F29C8231A""]"	"[""R16A-PAIR:4cf124f8588611ba0a2f76bce26ab0b5890dcfcf71d9283888d62d58bcdb974a"",""R16A-PAIR:591aa3897c3e0e455ef4bc05b36550f3d010af9e84be8a08c199676025fdeb04"",""R16A-PAIR:c58fe913fc06f2896c1022f7ccc0e9de1b0f7f1121f09c7d18162d40fe764cf9""]"	INVALID	QUALIFIED_PATH	REJECTED	FAMILY_FINAL_DISPOSITION:BOUNDED_SENSE_OR_SCOPE_CONFLICT	false	false	false	false	Preserve the exact prior VALID/INVALID attempt while applying the independently derived semantic outcome; never equate topology validity with group support.	79a8e23a8981acc1ec920de0d5dc7ff8e35dca8c04b594794cdb39418ead1566
468105499c7be102deec7d6555aced688dea9901	5419770959bdb8998b693fb2275b47e29b92367c	ROUND16A_TOPOLOGY_ENUMERATION_RESULT	R16A-SUBGRAPH-1AF4D36ADC2F29C8231A|REFLEXIVE_RETURN	docs/audits/v49-exploration-full-space-closure-round1/raw/composition-enumeration-v2.tsv	75efbe8f0e5d18d431b1e525900da6eb30ff6abe1a97d407058e637680ada2cd	59	4539962b30fd96cf02deccd64346a426b530fec8d2639ccdcc9ddb3f08326f39	83009b1d124d4635a57866eeffba5e1a1a33e499bd60b30c6346b94ff1a04f8e	"[""R16B-SENSE:698710ef66f0d551cde028b8e54bdbf6051b96902a736be6b9ab45d1ad91f848"",""R16B-SENSE:9415fd18554090ac9dd2dfc28a1ec541d67a94b8421b1cefafa578a03302257d"",""R16B-SENSE:9c499c8b62d5222b0be4049597c613d82925ede87bf34656671a6b1e4e491bc3""]"	"[""R16B-LOCAL-FAMILY:83009b1d124d4635a57866eeffba5e1a1a33e499bd60b30c6346b94ff1a04f8e""]"	"[""BOUNDED_SENSE_OR_SCOPE_CONFLICT""]"	"[""R16A-SUBGRAPH-1AF4D36ADC2F29C8231A""]"	"[""R16A-PAIR:4cf124f8588611ba0a2f76bce26ab0b5890dcfcf71d9283888d62d58bcdb974a"",""R16A-PAIR:591aa3897c3e0e455ef4bc05b36550f3d010af9e84be8a08c199676025fdeb04"",""R16A-PAIR:c58fe913fc06f2896c1022f7ccc0e9de1b0f7f1121f09c7d18162d40fe764cf9""]"	INVALID	REFLEXIVE_RETURN	REJECTED	FAMILY_FINAL_DISPOSITION:BOUNDED_SENSE_OR_SCOPE_CONFLICT	false	false	false	false	Preserve the exact prior VALID/INVALID attempt while applying the independently derived semantic outcome; never equate topology validity with group support.	af9f8b982204cddddf975b6dbbaee8d99df4ae797899d12ca86d734e258fa3a9
468105499c7be102deec7d6555aced688dea9901	5419770959bdb8998b693fb2275b47e29b92367c	ROUND16A_TOPOLOGY_ENUMERATION_RESULT	R16A-SUBGRAPH-1B3121AC08F0E3129660|BINARY_CONVERGENCE	docs/audits/v49-exploration-full-space-closure-round1/raw/composition-enumeration-v2.tsv	75efbe8f0e5d18d431b1e525900da6eb30ff6abe1a97d407058e637680ada2cd	63	676b1a5501caa1d058223555e4a1d73b5cb9ef380fce99cae486d7345e5b1336	af25d1d4c93f79886769d53d071805bd5b6726130b153e4484121321d1122e3a	"[""R16B-SENSE:f0e28e13851d04c13b701f53d9b3911cb50fc572cc6203c64527804f0b37e909"",""R16B-SENSE:f26224717160ca63c45ca85fe7c23e1469baa3e10672a68beafb13d195d0915d"",""R16B-SENSE:fa3369a6eb4bebe96ee289987f963e539b8da9c27ea0f454e8a24b6bddf9306f""]"	"[""R16B-LOCAL-FAMILY:af25d1d4c93f79886769d53d071805bd5b6726130b153e4484121321d1122e3a""]"	"[""PAIRWISE_SUPPORT_WITHOUT_GROUP_COHERENCE""]"	"[""R16A-SUBGRAPH-1B3121AC08F0E3129660""]"	"[""R16A-PAIR:2ea00c84f44e9da21aae78f742f5cf6cba09fee7e94d77ff3420dc07dd64cbb5"",""R16A-PAIR:e153332b67669fdaa24f256bfcf61135e56eb2894e48481afc71ae4327c81422""]"	VALID	BINARY_CONVERGENCE	CORRECTED	FAMILY_FINAL_DISPOSITION:PAIRWISE_SUPPORT_WITHOUT_GROUP_COHERENCE	false	false	false	false	Preserve the exact prior VALID/INVALID attempt while applying the independently derived semantic outcome; never equate topology validity with group support.	bc2b8f278169a044304dd40e207fae622bcd1af6ab9a5ebe240fea3766443e45
468105499c7be102deec7d6555aced688dea9901	5419770959bdb8998b693fb2275b47e29b92367c	ROUND16A_TOPOLOGY_ENUMERATION_RESULT	R16A-SUBGRAPH-1B3121AC08F0E3129660|BINARY_FORK	docs/audits/v49-exploration-full-space-closure-round1/raw/composition-enumeration-v2.tsv	75efbe8f0e5d18d431b1e525900da6eb30ff6abe1a97d407058e637680ada2cd	62	cc764d0eac2f4bff62f86945d9b5774791dfc967396465bf4c9080f58556d8ac	af25d1d4c93f79886769d53d071805bd5b6726130b153e4484121321d1122e3a	"[""R16B-SENSE:f0e28e13851d04c13b701f53d9b3911cb50fc572cc6203c64527804f0b37e909"",""R16B-SENSE:f26224717160ca63c45ca85fe7c23e1469baa3e10672a68beafb13d195d0915d"",""R16B-SENSE:fa3369a6eb4bebe96ee289987f963e539b8da9c27ea0f454e8a24b6bddf9306f""]"	"[""R16B-LOCAL-FAMILY:af25d1d4c93f79886769d53d071805bd5b6726130b153e4484121321d1122e3a""]"	"[""PAIRWISE_SUPPORT_WITHOUT_GROUP_COHERENCE""]"	"[""R16A-SUBGRAPH-1B3121AC08F0E3129660""]"	"[""R16A-PAIR:2ea00c84f44e9da21aae78f742f5cf6cba09fee7e94d77ff3420dc07dd64cbb5"",""R16A-PAIR:e153332b67669fdaa24f256bfcf61135e56eb2894e48481afc71ae4327c81422""]"	VALID	BINARY_FORK	CORRECTED	FAMILY_FINAL_DISPOSITION:PAIRWISE_SUPPORT_WITHOUT_GROUP_COHERENCE	false	false	false	false	Preserve the exact prior VALID/INVALID attempt while applying the independently derived semantic outcome; never equate topology validity with group support.	84d37252ed858402b6621330846ab58981d9e9f49c4a8d33a4c6205fc9edecec
468105499c7be102deec7d6555aced688dea9901	5419770959bdb8998b693fb2275b47e29b92367c	ROUND16A_TOPOLOGY_ENUMERATION_RESULT	R16A-SUBGRAPH-1B3121AC08F0E3129660|EVIDENCE_GAP_TREE	docs/audits/v49-exploration-full-space-closure-round1/raw/composition-enumeration-v2.tsv	75efbe8f0e5d18d431b1e525900da6eb30ff6abe1a97d407058e637680ada2cd	66	cb9522f96922fb83cdb50568cda324087fd1f8f0ece50fc43d01505025357879	af25d1d4c93f79886769d53d071805bd5b6726130b153e4484121321d1122e3a	"[""R16B-SENSE:f0e28e13851d04c13b701f53d9b3911cb50fc572cc6203c64527804f0b37e909"",""R16B-SENSE:f26224717160ca63c45ca85fe7c23e1469baa3e10672a68beafb13d195d0915d"",""R16B-SENSE:fa3369a6eb4bebe96ee289987f963e539b8da9c27ea0f454e8a24b6bddf9306f""]"	"[""R16B-LOCAL-FAMILY:af25d1d4c93f79886769d53d071805bd5b6726130b153e4484121321d1122e3a""]"	"[""PAIRWISE_SUPPORT_WITHOUT_GROUP_COHERENCE""]"	"[""R16A-SUBGRAPH-1B3121AC08F0E3129660""]"	"[""R16A-PAIR:2ea00c84f44e9da21aae78f742f5cf6cba09fee7e94d77ff3420dc07dd64cbb5"",""R16A-PAIR:e153332b67669fdaa24f256bfcf61135e56eb2894e48481afc71ae4327c81422""]"	INVALID	EVIDENCE_GAP_TREE	CORRECTED	FAMILY_FINAL_DISPOSITION:PAIRWISE_SUPPORT_WITHOUT_GROUP_COHERENCE	false	false	false	false	Preserve the exact prior VALID/INVALID attempt while applying the independently derived semantic outcome; never equate topology validity with group support.	b1d55859d05be21881df3c3806199f6096f7177e22922a55d3558b406c2eb7b7
468105499c7be102deec7d6555aced688dea9901	5419770959bdb8998b693fb2275b47e29b92367c	ROUND16A_TOPOLOGY_ENUMERATION_RESULT	R16A-SUBGRAPH-1B3121AC08F0E3129660|LINEAR_PATH	docs/audits/v49-exploration-full-space-closure-round1/raw/composition-enumeration-v2.tsv	75efbe8f0e5d18d431b1e525900da6eb30ff6abe1a97d407058e637680ada2cd	61	1fb03785a3ad363e98a92cd9f4ca95d80697ee56722db166d8b03ed25778acd2	af25d1d4c93f79886769d53d071805bd5b6726130b153e4484121321d1122e3a	"[""R16B-SENSE:f0e28e13851d04c13b701f53d9b3911cb50fc572cc6203c64527804f0b37e909"",""R16B-SENSE:f26224717160ca63c45ca85fe7c23e1469baa3e10672a68beafb13d195d0915d"",""R16B-SENSE:fa3369a6eb4bebe96ee289987f963e539b8da9c27ea0f454e8a24b6bddf9306f""]"	"[""R16B-LOCAL-FAMILY:af25d1d4c93f79886769d53d071805bd5b6726130b153e4484121321d1122e3a""]"	"[""PAIRWISE_SUPPORT_WITHOUT_GROUP_COHERENCE""]"	"[""R16A-SUBGRAPH-1B3121AC08F0E3129660""]"	"[""R16A-PAIR:2ea00c84f44e9da21aae78f742f5cf6cba09fee7e94d77ff3420dc07dd64cbb5"",""R16A-PAIR:e153332b67669fdaa24f256bfcf61135e56eb2894e48481afc71ae4327c81422""]"	VALID	LINEAR_PATH	CORRECTED	FAMILY_FINAL_DISPOSITION:PAIRWISE_SUPPORT_WITHOUT_GROUP_COHERENCE	false	false	false	false	Preserve the exact prior VALID/INVALID attempt while applying the independently derived semantic outcome; never equate topology validity with group support.	bb69c34e1514ec327198f25c3f0cede58559e6448d4521dfea75c635ddce93cd
468105499c7be102deec7d6555aced688dea9901	5419770959bdb8998b693fb2275b47e29b92367c	ROUND16A_TOPOLOGY_ENUMERATION_RESULT	R16A-SUBGRAPH-1B3121AC08F0E3129660|QUALIFIED_PATH	docs/audits/v49-exploration-full-space-closure-round1/raw/composition-enumeration-v2.tsv	75efbe8f0e5d18d431b1e525900da6eb30ff6abe1a97d407058e637680ada2cd	64	29065818af0e5475aee0dd5d33fd0e4f537e6dcb766ed99458df0f2a1ea531bd	af25d1d4c93f79886769d53d071805bd5b6726130b153e4484121321d1122e3a	"[""R16B-SENSE:f0e28e13851d04c13b701f53d9b3911cb50fc572cc6203c64527804f0b37e909"",""R16B-SENSE:f26224717160ca63c45ca85fe7c23e1469baa3e10672a68beafb13d195d0915d"",""R16B-SENSE:fa3369a6eb4bebe96ee289987f963e539b8da9c27ea0f454e8a24b6bddf9306f""]"	"[""R16B-LOCAL-FAMILY:af25d1d4c93f79886769d53d071805bd5b6726130b153e4484121321d1122e3a""]"	"[""PAIRWISE_SUPPORT_WITHOUT_GROUP_COHERENCE""]"	"[""R16A-SUBGRAPH-1B3121AC08F0E3129660""]"	"[""R16A-PAIR:2ea00c84f44e9da21aae78f742f5cf6cba09fee7e94d77ff3420dc07dd64cbb5"",""R16A-PAIR:e153332b67669fdaa24f256bfcf61135e56eb2894e48481afc71ae4327c81422""]"	INVALID	QUALIFIED_PATH	CORRECTED	FAMILY_FINAL_DISPOSITION:PAIRWISE_SUPPORT_WITHOUT_GROUP_COHERENCE	false	false	false	false	Preserve the exact prior VALID/INVALID attempt while applying the independently derived semantic outcome; never equate topology validity with group support.	b5f6b5cbac62a23d11a4881b904ca9ad94fb662706ed6f5de1e453477e4e5935
468105499c7be102deec7d6555aced688dea9901	5419770959bdb8998b693fb2275b47e29b92367c	ROUND16A_TOPOLOGY_ENUMERATION_RESULT	R16A-SUBGRAPH-1B3121AC08F0E3129660|REFLEXIVE_RETURN	docs/audits/v49-exploration-full-space-closure-round1/raw/composition-enumeration-v2.tsv	75efbe8f0e5d18d431b1e525900da6eb30ff6abe1a97d407058e637680ada2cd	65	0c74aa91abf5d93541b1868a2c2ab680b5e4aa5a2c9ea5a19126ad56a2f267f9	af25d1d4c93f79886769d53d071805bd5b6726130b153e4484121321d1122e3a	"[""R16B-SENSE:f0e28e13851d04c13b701f53d9b3911cb50fc572cc6203c64527804f0b37e909"",""R16B-SENSE:f26224717160ca63c45ca85fe7c23e1469baa3e10672a68beafb13d195d0915d"",""R16B-SENSE:fa3369a6eb4bebe96ee289987f963e539b8da9c27ea0f454e8a24b6bddf9306f""]"	"[""R16B-LOCAL-FAMILY:af25d1d4c93f79886769d53d071805bd5b6726130b153e4484121321d1122e3a""]"	"[""PAIRWISE_SUPPORT_WITHOUT_GROUP_COHERENCE""]"	"[""R16A-SUBGRAPH-1B3121AC08F0E3129660""]"	"[""R16A-PAIR:2ea00c84f44e9da21aae78f742f5cf6cba09fee7e94d77ff3420dc07dd64cbb5"",""R16A-PAIR:e153332b67669fdaa24f256bfcf61135e56eb2894e48481afc71ae4327c81422""]"	INVALID	REFLEXIVE_RETURN	CORRECTED	FAMILY_FINAL_DISPOSITION:PAIRWISE_SUPPORT_WITHOUT_GROUP_COHERENCE	false	false	false	false	Preserve the exact prior VALID/INVALID attempt while applying the independently derived semantic outcome; never equate topology validity with group support.	9782f5c7258e706e2baa76441185100fe71e256321395c4ab14bf40f41804823
468105499c7be102deec7d6555aced688dea9901	5419770959bdb8998b693fb2275b47e29b92367c	ROUND16A_TOPOLOGY_ENUMERATION_RESULT	R16A-SUBGRAPH-2C56C22A2E189CB7ED85|BINARY_CONVERGENCE	docs/audits/v49-exploration-full-space-closure-round1/raw/composition-enumeration-v2.tsv	75efbe8f0e5d18d431b1e525900da6eb30ff6abe1a97d407058e637680ada2cd	69	51d797d8b53b76b20129eaf38528e216a9da0504b9d5a1a72759dc26ff3dc265	e33bd6538eb80f04087e13b1896ff995a5523453a10e8f4aec460ef9fdd87376	"[""R16B-SENSE:4e14e64610176c44c8a9775fba3a7d484b4eee0fb06ee9553c17675cb7f0b634"",""R16B-SENSE:f0e28e13851d04c13b701f53d9b3911cb50fc572cc6203c64527804f0b37e909"",""R16B-SENSE:f26224717160ca63c45ca85fe7c23e1469baa3e10672a68beafb13d195d0915d""]"	"[""R16B-LOCAL-FAMILY:e33bd6538eb80f04087e13b1896ff995a5523453a10e8f4aec460ef9fdd87376""]"	"[""PAIRWISE_SUPPORT_WITHOUT_GROUP_COHERENCE""]"	"[""R16A-SUBGRAPH-2C56C22A2E189CB7ED85""]"	"[""R16A-PAIR:5841a12151ac0ce714f0b8e279e939bed009b3f2be71086cde6033cbbd11b4ea"",""R16A-PAIR:e153332b67669fdaa24f256bfcf61135e56eb2894e48481afc71ae4327c81422""]"	VALID	BINARY_CONVERGENCE	CORRECTED	FAMILY_FINAL_DISPOSITION:PAIRWISE_SUPPORT_WITHOUT_GROUP_COHERENCE	false	false	false	false	Preserve the exact prior VALID/INVALID attempt while applying the independently derived semantic outcome; never equate topology validity with group support.	3e63dd9c699d68c1c42947dcc628b53c22ccb815b6d2fc95ef9555461dfdff4a
468105499c7be102deec7d6555aced688dea9901	5419770959bdb8998b693fb2275b47e29b92367c	ROUND16A_TOPOLOGY_ENUMERATION_RESULT	R16A-SUBGRAPH-2C56C22A2E189CB7ED85|BINARY_FORK	docs/audits/v49-exploration-full-space-closure-round1/raw/composition-enumeration-v2.tsv	75efbe8f0e5d18d431b1e525900da6eb30ff6abe1a97d407058e637680ada2cd	68	38b707a9cb68656b331d81af6eb04470a7f4ea4deb67d474eba307732a9c4957	e33bd6538eb80f04087e13b1896ff995a5523453a10e8f4aec460ef9fdd87376	"[""R16B-SENSE:4e14e64610176c44c8a9775fba3a7d484b4eee0fb06ee9553c17675cb7f0b634"",""R16B-SENSE:f0e28e13851d04c13b701f53d9b3911cb50fc572cc6203c64527804f0b37e909"",""R16B-SENSE:f26224717160ca63c45ca85fe7c23e1469baa3e10672a68beafb13d195d0915d""]"	"[""R16B-LOCAL-FAMILY:e33bd6538eb80f04087e13b1896ff995a5523453a10e8f4aec460ef9fdd87376""]"	"[""PAIRWISE_SUPPORT_WITHOUT_GROUP_COHERENCE""]"	"[""R16A-SUBGRAPH-2C56C22A2E189CB7ED85""]"	"[""R16A-PAIR:5841a12151ac0ce714f0b8e279e939bed009b3f2be71086cde6033cbbd11b4ea"",""R16A-PAIR:e153332b67669fdaa24f256bfcf61135e56eb2894e48481afc71ae4327c81422""]"	VALID	BINARY_FORK	CORRECTED	FAMILY_FINAL_DISPOSITION:PAIRWISE_SUPPORT_WITHOUT_GROUP_COHERENCE	false	false	false	false	Preserve the exact prior VALID/INVALID attempt while applying the independently derived semantic outcome; never equate topology validity with group support.	1c6b7ebbac32957cfe1b8499f33795bff45dac2cd21d8d39793a010aaa2e364b
468105499c7be102deec7d6555aced688dea9901	5419770959bdb8998b693fb2275b47e29b92367c	ROUND16A_TOPOLOGY_ENUMERATION_RESULT	R16A-SUBGRAPH-2C56C22A2E189CB7ED85|EVIDENCE_GAP_TREE	docs/audits/v49-exploration-full-space-closure-round1/raw/composition-enumeration-v2.tsv	75efbe8f0e5d18d431b1e525900da6eb30ff6abe1a97d407058e637680ada2cd	72	5cded3d093c03eabfda530c8e7fd2dadb9fc1d5e7b6ed22c684b815df0aa7021	e33bd6538eb80f04087e13b1896ff995a5523453a10e8f4aec460ef9fdd87376	"[""R16B-SENSE:4e14e64610176c44c8a9775fba3a7d484b4eee0fb06ee9553c17675cb7f0b634"",""R16B-SENSE:f0e28e13851d04c13b701f53d9b3911cb50fc572cc6203c64527804f0b37e909"",""R16B-SENSE:f26224717160ca63c45ca85fe7c23e1469baa3e10672a68beafb13d195d0915d""]"	"[""R16B-LOCAL-FAMILY:e33bd6538eb80f04087e13b1896ff995a5523453a10e8f4aec460ef9fdd87376""]"	"[""PAIRWISE_SUPPORT_WITHOUT_GROUP_COHERENCE""]"	"[""R16A-SUBGRAPH-2C56C22A2E189CB7ED85""]"	"[""R16A-PAIR:5841a12151ac0ce714f0b8e279e939bed009b3f2be71086cde6033cbbd11b4ea"",""R16A-PAIR:e153332b67669fdaa24f256bfcf61135e56eb2894e48481afc71ae4327c81422""]"	INVALID	EVIDENCE_GAP_TREE	CORRECTED	FAMILY_FINAL_DISPOSITION:PAIRWISE_SUPPORT_WITHOUT_GROUP_COHERENCE	false	false	false	false	Preserve the exact prior VALID/INVALID attempt while applying the independently derived semantic outcome; never equate topology validity with group support.	ea1e96b8f1c92d143936400ddd13b312f9eb6aa9a155e74b05cf1666bb18c502
468105499c7be102deec7d6555aced688dea9901	5419770959bdb8998b693fb2275b47e29b92367c	ROUND16A_TOPOLOGY_ENUMERATION_RESULT	R16A-SUBGRAPH-2C56C22A2E189CB7ED85|LINEAR_PATH	docs/audits/v49-exploration-full-space-closure-round1/raw/composition-enumeration-v2.tsv	75efbe8f0e5d18d431b1e525900da6eb30ff6abe1a97d407058e637680ada2cd	67	d618e82a24b4b311b5ef519dd27a93bb94f0154b7d08863c9c189e68b5ab43e8	e33bd6538eb80f04087e13b1896ff995a5523453a10e8f4aec460ef9fdd87376	"[""R16B-SENSE:4e14e64610176c44c8a9775fba3a7d484b4eee0fb06ee9553c17675cb7f0b634"",""R16B-SENSE:f0e28e13851d04c13b701f53d9b3911cb50fc572cc6203c64527804f0b37e909"",""R16B-SENSE:f26224717160ca63c45ca85fe7c23e1469baa3e10672a68beafb13d195d0915d""]"	"[""R16B-LOCAL-FAMILY:e33bd6538eb80f04087e13b1896ff995a5523453a10e8f4aec460ef9fdd87376""]"	"[""PAIRWISE_SUPPORT_WITHOUT_GROUP_COHERENCE""]"	"[""R16A-SUBGRAPH-2C56C22A2E189CB7ED85""]"	"[""R16A-PAIR:5841a12151ac0ce714f0b8e279e939bed009b3f2be71086cde6033cbbd11b4ea"",""R16A-PAIR:e153332b67669fdaa24f256bfcf61135e56eb2894e48481afc71ae4327c81422""]"	VALID	LINEAR_PATH	CORRECTED	FAMILY_FINAL_DISPOSITION:PAIRWISE_SUPPORT_WITHOUT_GROUP_COHERENCE	false	false	false	false	Preserve the exact prior VALID/INVALID attempt while applying the independently derived semantic outcome; never equate topology validity with group support.	90063c00cf00149e688a840693b38eb2de3dc969b4b75b18d1e6f5a92b163d44
468105499c7be102deec7d6555aced688dea9901	5419770959bdb8998b693fb2275b47e29b92367c	ROUND16A_TOPOLOGY_ENUMERATION_RESULT	R16A-SUBGRAPH-2C56C22A2E189CB7ED85|QUALIFIED_PATH	docs/audits/v49-exploration-full-space-closure-round1/raw/composition-enumeration-v2.tsv	75efbe8f0e5d18d431b1e525900da6eb30ff6abe1a97d407058e637680ada2cd	70	a1b0e93070e9e75cede81fb51f044fa02764bff4305f650ae60f2246602793f5	e33bd6538eb80f04087e13b1896ff995a5523453a10e8f4aec460ef9fdd87376	"[""R16B-SENSE:4e14e64610176c44c8a9775fba3a7d484b4eee0fb06ee9553c17675cb7f0b634"",""R16B-SENSE:f0e28e13851d04c13b701f53d9b3911cb50fc572cc6203c64527804f0b37e909"",""R16B-SENSE:f26224717160ca63c45ca85fe7c23e1469baa3e10672a68beafb13d195d0915d""]"	"[""R16B-LOCAL-FAMILY:e33bd6538eb80f04087e13b1896ff995a5523453a10e8f4aec460ef9fdd87376""]"	"[""PAIRWISE_SUPPORT_WITHOUT_GROUP_COHERENCE""]"	"[""R16A-SUBGRAPH-2C56C22A2E189CB7ED85""]"	"[""R16A-PAIR:5841a12151ac0ce714f0b8e279e939bed009b3f2be71086cde6033cbbd11b4ea"",""R16A-PAIR:e153332b67669fdaa24f256bfcf61135e56eb2894e48481afc71ae4327c81422""]"	INVALID	QUALIFIED_PATH	CORRECTED	FAMILY_FINAL_DISPOSITION:PAIRWISE_SUPPORT_WITHOUT_GROUP_COHERENCE	false	false	false	false	Preserve the exact prior VALID/INVALID attempt while applying the independently derived semantic outcome; never equate topology validity with group support.	ddf3b7b4ba672e0543a5d3dce8e523a2c0f40f520be3623bf46c2cb815ae2871
468105499c7be102deec7d6555aced688dea9901	5419770959bdb8998b693fb2275b47e29b92367c	ROUND16A_TOPOLOGY_ENUMERATION_RESULT	R16A-SUBGRAPH-2C56C22A2E189CB7ED85|REFLEXIVE_RETURN	docs/audits/v49-exploration-full-space-closure-round1/raw/composition-enumeration-v2.tsv	75efbe8f0e5d18d431b1e525900da6eb30ff6abe1a97d407058e637680ada2cd	71	d9e11be688cf42ce9882d50d2331a12050834f1796a905ebc97d632a5047c29f	e33bd6538eb80f04087e13b1896ff995a5523453a10e8f4aec460ef9fdd87376	"[""R16B-SENSE:4e14e64610176c44c8a9775fba3a7d484b4eee0fb06ee9553c17675cb7f0b634"",""R16B-SENSE:f0e28e13851d04c13b701f53d9b3911cb50fc572cc6203c64527804f0b37e909"",""R16B-SENSE:f26224717160ca63c45ca85fe7c23e1469baa3e10672a68beafb13d195d0915d""]"	"[""R16B-LOCAL-FAMILY:e33bd6538eb80f04087e13b1896ff995a5523453a10e8f4aec460ef9fdd87376""]"	"[""PAIRWISE_SUPPORT_WITHOUT_GROUP_COHERENCE""]"	"[""R16A-SUBGRAPH-2C56C22A2E189CB7ED85""]"	"[""R16A-PAIR:5841a12151ac0ce714f0b8e279e939bed009b3f2be71086cde6033cbbd11b4ea"",""R16A-PAIR:e153332b67669fdaa24f256bfcf61135e56eb2894e48481afc71ae4327c81422""]"	INVALID	REFLEXIVE_RETURN	CORRECTED	FAMILY_FINAL_DISPOSITION:PAIRWISE_SUPPORT_WITHOUT_GROUP_COHERENCE	false	false	false	false	Preserve the exact prior VALID/INVALID attempt while applying the independently derived semantic outcome; never equate topology validity with group support.	668a5747154b793af548458a69012b2e4c1ba729b14f6c472800588775105fad
468105499c7be102deec7d6555aced688dea9901	5419770959bdb8998b693fb2275b47e29b92367c	ROUND16A_TOPOLOGY_ENUMERATION_RESULT	R16A-SUBGRAPH-2EAB4F43682B174F0AC6|BINARY_CONVERGENCE	docs/audits/v49-exploration-full-space-closure-round1/raw/composition-enumeration-v2.tsv	75efbe8f0e5d18d431b1e525900da6eb30ff6abe1a97d407058e637680ada2cd	75	0228b95a15533ddccf4fe28c213baa900091e2d53bc6fb1cb37bd5751afebd02	7a5e5e462f9ec57a467d34ca2d73644fee20727b25ec24ec2931b4be9cdcfa28	"[""R16B-SENSE:0ebc966b965fc5703be0f4bae727d337f32d83eb7db9066e926a2530dcfa0171"",""R16B-SENSE:61aaade597c45243fcdef0d2514fc52f58a066ae5c9f4ad550727cb75b124f64""]"	[]	[]	"[""R16A-SUBGRAPH-2EAB4F43682B174F0AC6""]"	"[""R16A-PAIR:43fa33f1a987090224619eb68e83d246be7705f94d1b2e364bdfb2b73fc1a94f""]"	INVALID	BINARY_CONVERGENCE	RETAINED	ROUND16A_ACTIVE_PAIR_BASELINE_NO_GROUP_CLAIM	false	false	false	false	Preserve the exact prior VALID/INVALID attempt while applying the independently derived semantic outcome; never equate topology validity with group support.	d04188dac9e9f71813685c365225694e64336cfbb570c1c2c24a6f77121baf0e
468105499c7be102deec7d6555aced688dea9901	5419770959bdb8998b693fb2275b47e29b92367c	ROUND16A_TOPOLOGY_ENUMERATION_RESULT	R16A-SUBGRAPH-2EAB4F43682B174F0AC6|BINARY_FORK	docs/audits/v49-exploration-full-space-closure-round1/raw/composition-enumeration-v2.tsv	75efbe8f0e5d18d431b1e525900da6eb30ff6abe1a97d407058e637680ada2cd	74	517d140c9a39bb27b5ce6bdb0df90c3da0525e2fde460cff63c844dd03f69772	7a5e5e462f9ec57a467d34ca2d73644fee20727b25ec24ec2931b4be9cdcfa28	"[""R16B-SENSE:0ebc966b965fc5703be0f4bae727d337f32d83eb7db9066e926a2530dcfa0171"",""R16B-SENSE:61aaade597c45243fcdef0d2514fc52f58a066ae5c9f4ad550727cb75b124f64""]"	[]	[]	"[""R16A-SUBGRAPH-2EAB4F43682B174F0AC6""]"	"[""R16A-PAIR:43fa33f1a987090224619eb68e83d246be7705f94d1b2e364bdfb2b73fc1a94f""]"	INVALID	BINARY_FORK	RETAINED	ROUND16A_ACTIVE_PAIR_BASELINE_NO_GROUP_CLAIM	false	false	false	false	Preserve the exact prior VALID/INVALID attempt while applying the independently derived semantic outcome; never equate topology validity with group support.	ac378ac136e9608b1696e9b566ec5357037302d34217ffac1d63c39754cde126
468105499c7be102deec7d6555aced688dea9901	5419770959bdb8998b693fb2275b47e29b92367c	ROUND16A_TOPOLOGY_ENUMERATION_RESULT	R16A-SUBGRAPH-2EAB4F43682B174F0AC6|EVIDENCE_GAP_TREE	docs/audits/v49-exploration-full-space-closure-round1/raw/composition-enumeration-v2.tsv	75efbe8f0e5d18d431b1e525900da6eb30ff6abe1a97d407058e637680ada2cd	78	225586e3daba15e64c8661b11e5e5a749512eeac215d35ba689c425bb7ed6b5b	7a5e5e462f9ec57a467d34ca2d73644fee20727b25ec24ec2931b4be9cdcfa28	"[""R16B-SENSE:0ebc966b965fc5703be0f4bae727d337f32d83eb7db9066e926a2530dcfa0171"",""R16B-SENSE:61aaade597c45243fcdef0d2514fc52f58a066ae5c9f4ad550727cb75b124f64""]"	[]	[]	"[""R16A-SUBGRAPH-2EAB4F43682B174F0AC6""]"	"[""R16A-PAIR:43fa33f1a987090224619eb68e83d246be7705f94d1b2e364bdfb2b73fc1a94f""]"	INVALID	EVIDENCE_GAP_TREE	RETAINED	ROUND16A_ACTIVE_PAIR_BASELINE_NO_GROUP_CLAIM	false	false	false	false	Preserve the exact prior VALID/INVALID attempt while applying the independently derived semantic outcome; never equate topology validity with group support.	fb144a76ae9b6778b1f89a7da9cc6dd1d2ad4f7d7bda608f501a415af94ffce3
468105499c7be102deec7d6555aced688dea9901	5419770959bdb8998b693fb2275b47e29b92367c	ROUND16A_TOPOLOGY_ENUMERATION_RESULT	R16A-SUBGRAPH-2EAB4F43682B174F0AC6|LINEAR_PATH	docs/audits/v49-exploration-full-space-closure-round1/raw/composition-enumeration-v2.tsv	75efbe8f0e5d18d431b1e525900da6eb30ff6abe1a97d407058e637680ada2cd	73	978f04a2b74d46a726e92d70c7870a619371d9b80e8eeda23eb64836587c873a	7a5e5e462f9ec57a467d34ca2d73644fee20727b25ec24ec2931b4be9cdcfa28	"[""R16B-SENSE:0ebc966b965fc5703be0f4bae727d337f32d83eb7db9066e926a2530dcfa0171"",""R16B-SENSE:61aaade597c45243fcdef0d2514fc52f58a066ae5c9f4ad550727cb75b124f64""]"	[]	[]	"[""R16A-SUBGRAPH-2EAB4F43682B174F0AC6""]"	"[""R16A-PAIR:43fa33f1a987090224619eb68e83d246be7705f94d1b2e364bdfb2b73fc1a94f""]"	VALID	LINEAR_PATH	RETAINED	ROUND16A_ACTIVE_PAIR_BASELINE_NO_GROUP_CLAIM	false	false	false	false	Preserve the exact prior VALID/INVALID attempt while applying the independently derived semantic outcome; never equate topology validity with group support.	9a1f8d348460aef7514e80cc27643995ccd75262c34969597a5a5afac3cf27b1
468105499c7be102deec7d6555aced688dea9901	5419770959bdb8998b693fb2275b47e29b92367c	ROUND16A_TOPOLOGY_ENUMERATION_RESULT	R16A-SUBGRAPH-2EAB4F43682B174F0AC6|QUALIFIED_PATH	docs/audits/v49-exploration-full-space-closure-round1/raw/composition-enumeration-v2.tsv	75efbe8f0e5d18d431b1e525900da6eb30ff6abe1a97d407058e637680ada2cd	76	b35f0c0d675e7db1f2dc4e907a04439caf90aaf21ba7523ea4eb7d0bde82b32c	7a5e5e462f9ec57a467d34ca2d73644fee20727b25ec24ec2931b4be9cdcfa28	"[""R16B-SENSE:0ebc966b965fc5703be0f4bae727d337f32d83eb7db9066e926a2530dcfa0171"",""R16B-SENSE:61aaade597c45243fcdef0d2514fc52f58a066ae5c9f4ad550727cb75b124f64""]"	[]	[]	"[""R16A-SUBGRAPH-2EAB4F43682B174F0AC6""]"	"[""R16A-PAIR:43fa33f1a987090224619eb68e83d246be7705f94d1b2e364bdfb2b73fc1a94f""]"	INVALID	QUALIFIED_PATH	RETAINED	ROUND16A_ACTIVE_PAIR_BASELINE_NO_GROUP_CLAIM	false	false	false	false	Preserve the exact prior VALID/INVALID attempt while applying the independently derived semantic outcome; never equate topology validity with group support.	4dbb70447dd2283db2ca54301591ca6edc1f7d3f0109733307d9d34072005cae
468105499c7be102deec7d6555aced688dea9901	5419770959bdb8998b693fb2275b47e29b92367c	ROUND16A_TOPOLOGY_ENUMERATION_RESULT	R16A-SUBGRAPH-2EAB4F43682B174F0AC6|REFLEXIVE_RETURN	docs/audits/v49-exploration-full-space-closure-round1/raw/composition-enumeration-v2.tsv	75efbe8f0e5d18d431b1e525900da6eb30ff6abe1a97d407058e637680ada2cd	77	b11925eec067ece4bc0c0b96f2edc9a4a0a5aacec7454665a165927920507009	7a5e5e462f9ec57a467d34ca2d73644fee20727b25ec24ec2931b4be9cdcfa28	"[""R16B-SENSE:0ebc966b965fc5703be0f4bae727d337f32d83eb7db9066e926a2530dcfa0171"",""R16B-SENSE:61aaade597c45243fcdef0d2514fc52f58a066ae5c9f4ad550727cb75b124f64""]"	[]	[]	"[""R16A-SUBGRAPH-2EAB4F43682B174F0AC6""]"	"[""R16A-PAIR:43fa33f1a987090224619eb68e83d246be7705f94d1b2e364bdfb2b73fc1a94f""]"	INVALID	REFLEXIVE_RETURN	RETAINED	ROUND16A_ACTIVE_PAIR_BASELINE_NO_GROUP_CLAIM	false	false	false	false	Preserve the exact prior VALID/INVALID attempt while applying the independently derived semantic outcome; never equate topology validity with group support.	55a54612f8e324ce31295a7eec4b8d37b1b49fc3ae53d0c68953ce7c5826b776
468105499c7be102deec7d6555aced688dea9901	5419770959bdb8998b693fb2275b47e29b92367c	ROUND16A_TOPOLOGY_ENUMERATION_RESULT	R16A-SUBGRAPH-37F8E3DA7DBDF89DD184|BINARY_CONVERGENCE	docs/audits/v49-exploration-full-space-closure-round1/raw/composition-enumeration-v2.tsv	75efbe8f0e5d18d431b1e525900da6eb30ff6abe1a97d407058e637680ada2cd	81	a949a9ca93888b2b16db8d442445545d19f7d4170f91045fe90ce9fbd350181e	89817e7a449f1cc7b574fb1b89c9541f765e52825c5cb62bf0a2bb833e8f970a	"[""R16B-SENSE:4e14e64610176c44c8a9775fba3a7d484b4eee0fb06ee9553c17675cb7f0b634"",""R16B-SENSE:f0e28e13851d04c13b701f53d9b3911cb50fc572cc6203c64527804f0b37e909"",""R16B-SENSE:f26224717160ca63c45ca85fe7c23e1469baa3e10672a68beafb13d195d0915d"",""R16B-SENSE:fa3369a6eb4bebe96ee289987f963e539b8da9c27ea0f454e8a24b6bddf9306f""]"	"[""R16B-LOCAL-FAMILY:89817e7a449f1cc7b574fb1b89c9541f765e52825c5cb62bf0a2bb833e8f970a""]"	"[""INQUIRY_ONLY_OR_UNRESOLVED""]"	"[""R16A-SUBGRAPH-37F8E3DA7DBDF89DD184""]"	"[""R16A-PAIR:db9e8b1d1d7e17983872e3600cd1a3ce5ae7f3c907ae70bdeafcbd0b2c6a0460"",""R16A-PAIR:e153332b67669fdaa24f256bfcf61135e56eb2894e48481afc71ae4327c81422"",""R16A-PAIR:f82795fcaba53ac0c255461d014e82b9e563362b645b4c65a58e27644e22c54c""]"	INVALID	BINARY_CONVERGENCE	INQUIRY	FAMILY_FINAL_DISPOSITION:INQUIRY_ONLY_OR_UNRESOLVED	false	false	false	false	Preserve the exact prior VALID/INVALID attempt while applying the independently derived semantic outcome; never equate topology validity with group support.	cb056cbfa931cf844c7afd36f7552cd8a20cb04b700224d22ff1cf524833b2cb
468105499c7be102deec7d6555aced688dea9901	5419770959bdb8998b693fb2275b47e29b92367c	ROUND16A_TOPOLOGY_ENUMERATION_RESULT	R16A-SUBGRAPH-37F8E3DA7DBDF89DD184|BINARY_FORK	docs/audits/v49-exploration-full-space-closure-round1/raw/composition-enumeration-v2.tsv	75efbe8f0e5d18d431b1e525900da6eb30ff6abe1a97d407058e637680ada2cd	80	69556201977d0b669390b86c9579d33d76d72bcc28906b60f25e2bbaced8d999	89817e7a449f1cc7b574fb1b89c9541f765e52825c5cb62bf0a2bb833e8f970a	"[""R16B-SENSE:4e14e64610176c44c8a9775fba3a7d484b4eee0fb06ee9553c17675cb7f0b634"",""R16B-SENSE:f0e28e13851d04c13b701f53d9b3911cb50fc572cc6203c64527804f0b37e909"",""R16B-SENSE:f26224717160ca63c45ca85fe7c23e1469baa3e10672a68beafb13d195d0915d"",""R16B-SENSE:fa3369a6eb4bebe96ee289987f963e539b8da9c27ea0f454e8a24b6bddf9306f""]"	"[""R16B-LOCAL-FAMILY:89817e7a449f1cc7b574fb1b89c9541f765e52825c5cb62bf0a2bb833e8f970a""]"	"[""INQUIRY_ONLY_OR_UNRESOLVED""]"	"[""R16A-SUBGRAPH-37F8E3DA7DBDF89DD184""]"	"[""R16A-PAIR:db9e8b1d1d7e17983872e3600cd1a3ce5ae7f3c907ae70bdeafcbd0b2c6a0460"",""R16A-PAIR:e153332b67669fdaa24f256bfcf61135e56eb2894e48481afc71ae4327c81422"",""R16A-PAIR:f82795fcaba53ac0c255461d014e82b9e563362b645b4c65a58e27644e22c54c""]"	INVALID	BINARY_FORK	INQUIRY	FAMILY_FINAL_DISPOSITION:INQUIRY_ONLY_OR_UNRESOLVED	false	false	false	false	Preserve the exact prior VALID/INVALID attempt while applying the independently derived semantic outcome; never equate topology validity with group support.	6da30e536afef1e3c9ac41f710fc3aa9f4df52428696438df6425f309de6ef47
468105499c7be102deec7d6555aced688dea9901	5419770959bdb8998b693fb2275b47e29b92367c	ROUND16A_TOPOLOGY_ENUMERATION_RESULT	R16A-SUBGRAPH-37F8E3DA7DBDF89DD184|EVIDENCE_GAP_TREE	docs/audits/v49-exploration-full-space-closure-round1/raw/composition-enumeration-v2.tsv	75efbe8f0e5d18d431b1e525900da6eb30ff6abe1a97d407058e637680ada2cd	84	c9f160139808990c1648a7757c741c3a4b1882fb3743611c0e3a3edcfce23d85	89817e7a449f1cc7b574fb1b89c9541f765e52825c5cb62bf0a2bb833e8f970a	"[""R16B-SENSE:4e14e64610176c44c8a9775fba3a7d484b4eee0fb06ee9553c17675cb7f0b634"",""R16B-SENSE:f0e28e13851d04c13b701f53d9b3911cb50fc572cc6203c64527804f0b37e909"",""R16B-SENSE:f26224717160ca63c45ca85fe7c23e1469baa3e10672a68beafb13d195d0915d"",""R16B-SENSE:fa3369a6eb4bebe96ee289987f963e539b8da9c27ea0f454e8a24b6bddf9306f""]"	"[""R16B-LOCAL-FAMILY:89817e7a449f1cc7b574fb1b89c9541f765e52825c5cb62bf0a2bb833e8f970a""]"	"[""INQUIRY_ONLY_OR_UNRESOLVED""]"	"[""R16A-SUBGRAPH-37F8E3DA7DBDF89DD184""]"	"[""R16A-PAIR:db9e8b1d1d7e17983872e3600cd1a3ce5ae7f3c907ae70bdeafcbd0b2c6a0460"",""R16A-PAIR:e153332b67669fdaa24f256bfcf61135e56eb2894e48481afc71ae4327c81422"",""R16A-PAIR:f82795fcaba53ac0c255461d014e82b9e563362b645b4c65a58e27644e22c54c""]"	INVALID	EVIDENCE_GAP_TREE	INQUIRY	FAMILY_FINAL_DISPOSITION:INQUIRY_ONLY_OR_UNRESOLVED	false	false	false	false	Preserve the exact prior VALID/INVALID attempt while applying the independently derived semantic outcome; never equate topology validity with group support.	4cd0e6685559fd0fd6e2760b864c275eda81d1429fe62d98e72be04b1dcae95a
468105499c7be102deec7d6555aced688dea9901	5419770959bdb8998b693fb2275b47e29b92367c	ROUND16A_TOPOLOGY_ENUMERATION_RESULT	R16A-SUBGRAPH-37F8E3DA7DBDF89DD184|LINEAR_PATH	docs/audits/v49-exploration-full-space-closure-round1/raw/composition-enumeration-v2.tsv	75efbe8f0e5d18d431b1e525900da6eb30ff6abe1a97d407058e637680ada2cd	79	ca4005c4ede6546508da37a1504307c2b9acfd6079b6fe1fbda5585f23fb652b	89817e7a449f1cc7b574fb1b89c9541f765e52825c5cb62bf0a2bb833e8f970a	"[""R16B-SENSE:4e14e64610176c44c8a9775fba3a7d484b4eee0fb06ee9553c17675cb7f0b634"",""R16B-SENSE:f0e28e13851d04c13b701f53d9b3911cb50fc572cc6203c64527804f0b37e909"",""R16B-SENSE:f26224717160ca63c45ca85fe7c23e1469baa3e10672a68beafb13d195d0915d"",""R16B-SENSE:fa3369a6eb4bebe96ee289987f963e539b8da9c27ea0f454e8a24b6bddf9306f""]"	"[""R16B-LOCAL-FAMILY:89817e7a449f1cc7b574fb1b89c9541f765e52825c5cb62bf0a2bb833e8f970a""]"	"[""INQUIRY_ONLY_OR_UNRESOLVED""]"	"[""R16A-SUBGRAPH-37F8E3DA7DBDF89DD184""]"	"[""R16A-PAIR:db9e8b1d1d7e17983872e3600cd1a3ce5ae7f3c907ae70bdeafcbd0b2c6a0460"",""R16A-PAIR:e153332b67669fdaa24f256bfcf61135e56eb2894e48481afc71ae4327c81422"",""R16A-PAIR:f82795fcaba53ac0c255461d014e82b9e563362b645b4c65a58e27644e22c54c""]"	VALID	LINEAR_PATH	INQUIRY	FAMILY_FINAL_DISPOSITION:INQUIRY_ONLY_OR_UNRESOLVED	false	false	false	false	Preserve the exact prior VALID/INVALID attempt while applying the independently derived semantic outcome; never equate topology validity with group support.	6590c88f1adf6c83068c35f040815e6dd91829584492b7f915a6653bb461b782
468105499c7be102deec7d6555aced688dea9901	5419770959bdb8998b693fb2275b47e29b92367c	ROUND16A_TOPOLOGY_ENUMERATION_RESULT	R16A-SUBGRAPH-37F8E3DA7DBDF89DD184|QUALIFIED_PATH	docs/audits/v49-exploration-full-space-closure-round1/raw/composition-enumeration-v2.tsv	75efbe8f0e5d18d431b1e525900da6eb30ff6abe1a97d407058e637680ada2cd	82	a19db668e92dc249cd24e12f4b040334803039bbbfa9f52953003a740d237539	89817e7a449f1cc7b574fb1b89c9541f765e52825c5cb62bf0a2bb833e8f970a	"[""R16B-SENSE:4e14e64610176c44c8a9775fba3a7d484b4eee0fb06ee9553c17675cb7f0b634"",""R16B-SENSE:f0e28e13851d04c13b701f53d9b3911cb50fc572cc6203c64527804f0b37e909"",""R16B-SENSE:f26224717160ca63c45ca85fe7c23e1469baa3e10672a68beafb13d195d0915d"",""R16B-SENSE:fa3369a6eb4bebe96ee289987f963e539b8da9c27ea0f454e8a24b6bddf9306f""]"	"[""R16B-LOCAL-FAMILY:89817e7a449f1cc7b574fb1b89c9541f765e52825c5cb62bf0a2bb833e8f970a""]"	"[""INQUIRY_ONLY_OR_UNRESOLVED""]"	"[""R16A-SUBGRAPH-37F8E3DA7DBDF89DD184""]"	"[""R16A-PAIR:db9e8b1d1d7e17983872e3600cd1a3ce5ae7f3c907ae70bdeafcbd0b2c6a0460"",""R16A-PAIR:e153332b67669fdaa24f256bfcf61135e56eb2894e48481afc71ae4327c81422"",""R16A-PAIR:f82795fcaba53ac0c255461d014e82b9e563362b645b4c65a58e27644e22c54c""]"	INVALID	QUALIFIED_PATH	INQUIRY	FAMILY_FINAL_DISPOSITION:INQUIRY_ONLY_OR_UNRESOLVED	false	false	false	false	Preserve the exact prior VALID/INVALID attempt while applying the independently derived semantic outcome; never equate topology validity with group support.	58300358ea1806f7f2d92412a5c5d9b9867c02562d144bb067320758e10cd59d
468105499c7be102deec7d6555aced688dea9901	5419770959bdb8998b693fb2275b47e29b92367c	ROUND16A_TOPOLOGY_ENUMERATION_RESULT	R16A-SUBGRAPH-37F8E3DA7DBDF89DD184|REFLEXIVE_RETURN	docs/audits/v49-exploration-full-space-closure-round1/raw/composition-enumeration-v2.tsv	75efbe8f0e5d18d431b1e525900da6eb30ff6abe1a97d407058e637680ada2cd	83	c3157965e438f334b0a036888b299af95164a85a0a54ff9273853515169d081a	89817e7a449f1cc7b574fb1b89c9541f765e52825c5cb62bf0a2bb833e8f970a	"[""R16B-SENSE:4e14e64610176c44c8a9775fba3a7d484b4eee0fb06ee9553c17675cb7f0b634"",""R16B-SENSE:f0e28e13851d04c13b701f53d9b3911cb50fc572cc6203c64527804f0b37e909"",""R16B-SENSE:f26224717160ca63c45ca85fe7c23e1469baa3e10672a68beafb13d195d0915d"",""R16B-SENSE:fa3369a6eb4bebe96ee289987f963e539b8da9c27ea0f454e8a24b6bddf9306f""]"	"[""R16B-LOCAL-FAMILY:89817e7a449f1cc7b574fb1b89c9541f765e52825c5cb62bf0a2bb833e8f970a""]"	"[""INQUIRY_ONLY_OR_UNRESOLVED""]"	"[""R16A-SUBGRAPH-37F8E3DA7DBDF89DD184""]"	"[""R16A-PAIR:db9e8b1d1d7e17983872e3600cd1a3ce5ae7f3c907ae70bdeafcbd0b2c6a0460"",""R16A-PAIR:e153332b67669fdaa24f256bfcf61135e56eb2894e48481afc71ae4327c81422"",""R16A-PAIR:f82795fcaba53ac0c255461d014e82b9e563362b645b4c65a58e27644e22c54c""]"	INVALID	REFLEXIVE_RETURN	INQUIRY	FAMILY_FINAL_DISPOSITION:INQUIRY_ONLY_OR_UNRESOLVED	false	false	false	false	Preserve the exact prior VALID/INVALID attempt while applying the independently derived semantic outcome; never equate topology validity with group support.	41e09bdd5bbdd5392c426f8f66abf583eea791ab07f07dd51b66aa13c906c6a6
468105499c7be102deec7d6555aced688dea9901	5419770959bdb8998b693fb2275b47e29b92367c	ROUND16A_TOPOLOGY_ENUMERATION_RESULT	R16A-SUBGRAPH-3B11A4A73B8C15135410|BINARY_CONVERGENCE	docs/audits/v49-exploration-full-space-closure-round1/raw/composition-enumeration-v2.tsv	75efbe8f0e5d18d431b1e525900da6eb30ff6abe1a97d407058e637680ada2cd	87	faf15827f693a6925dc78913261d686d114b4ee68918664c8e602a51fe1a0c0c	7e0a0ee4f78d2f565c4f7771653ecc5a27828dd9fb704139d1e068f2a5fdce64	"[""R16B-SENSE:06c230c771547ee49390903e0bad7aaf44063613309c93bcbd72e808116af4c6"",""R16B-SENSE:35489187871bfd7b7be6e2d5268a3a922984d3bdad9e9a8ca61ea6edee84a5a7"",""R16B-SENSE:419a96e12217bfa4ed031510c32033cb2408489e3abb14eb28291b13c068e159""]"	"[""R16B-LOCAL-FAMILY:7e0a0ee4f78d2f565c4f7771653ecc5a27828dd9fb704139d1e068f2a5fdce64""]"	"[""BOUNDED_SENSE_OR_SCOPE_CONFLICT""]"	"[""R16A-SUBGRAPH-3B11A4A73B8C15135410""]"	"[""R16A-PAIR:27598c04934f3d33ad80dfb1aecc18d272cf86ee7fe3a726a95aae81144dfb06"",""R16A-PAIR:818cc370417319af9a65fec5211969862df5c48a821265533ba289932e57b18c""]"	VALID	BINARY_CONVERGENCE	REJECTED	FAMILY_FINAL_DISPOSITION:BOUNDED_SENSE_OR_SCOPE_CONFLICT	false	false	false	false	Preserve the exact prior VALID/INVALID attempt while applying the independently derived semantic outcome; never equate topology validity with group support.	68c13ba5d7066cd2d191b8ffec8af8c1b2d673b792a9deb1c48127f20ee6f386
468105499c7be102deec7d6555aced688dea9901	5419770959bdb8998b693fb2275b47e29b92367c	ROUND16A_TOPOLOGY_ENUMERATION_RESULT	R16A-SUBGRAPH-3B11A4A73B8C15135410|BINARY_FORK	docs/audits/v49-exploration-full-space-closure-round1/raw/composition-enumeration-v2.tsv	75efbe8f0e5d18d431b1e525900da6eb30ff6abe1a97d407058e637680ada2cd	86	3d4df241fc20ab51347c3af1778d5efe02bd417348c75c93c02d8ba4ef95c005	7e0a0ee4f78d2f565c4f7771653ecc5a27828dd9fb704139d1e068f2a5fdce64	"[""R16B-SENSE:06c230c771547ee49390903e0bad7aaf44063613309c93bcbd72e808116af4c6"",""R16B-SENSE:35489187871bfd7b7be6e2d5268a3a922984d3bdad9e9a8ca61ea6edee84a5a7"",""R16B-SENSE:419a96e12217bfa4ed031510c32033cb2408489e3abb14eb28291b13c068e159""]"	"[""R16B-LOCAL-FAMILY:7e0a0ee4f78d2f565c4f7771653ecc5a27828dd9fb704139d1e068f2a5fdce64""]"	"[""BOUNDED_SENSE_OR_SCOPE_CONFLICT""]"	"[""R16A-SUBGRAPH-3B11A4A73B8C15135410""]"	"[""R16A-PAIR:27598c04934f3d33ad80dfb1aecc18d272cf86ee7fe3a726a95aae81144dfb06"",""R16A-PAIR:818cc370417319af9a65fec5211969862df5c48a821265533ba289932e57b18c""]"	VALID	BINARY_FORK	REJECTED	FAMILY_FINAL_DISPOSITION:BOUNDED_SENSE_OR_SCOPE_CONFLICT	false	false	false	false	Preserve the exact prior VALID/INVALID attempt while applying the independently derived semantic outcome; never equate topology validity with group support.	cda73c155cd42b75a953bf5f5627468dc6a9b53ba81ec63006136e70bcdb6a78
468105499c7be102deec7d6555aced688dea9901	5419770959bdb8998b693fb2275b47e29b92367c	ROUND16A_TOPOLOGY_ENUMERATION_RESULT	R16A-SUBGRAPH-3B11A4A73B8C15135410|EVIDENCE_GAP_TREE	docs/audits/v49-exploration-full-space-closure-round1/raw/composition-enumeration-v2.tsv	75efbe8f0e5d18d431b1e525900da6eb30ff6abe1a97d407058e637680ada2cd	90	ff07e2567909dfb6aeb9874e6b4dad95340d4ce7cf3b964dd835556c5a87d8d0	7e0a0ee4f78d2f565c4f7771653ecc5a27828dd9fb704139d1e068f2a5fdce64	"[""R16B-SENSE:06c230c771547ee49390903e0bad7aaf44063613309c93bcbd72e808116af4c6"",""R16B-SENSE:35489187871bfd7b7be6e2d5268a3a922984d3bdad9e9a8ca61ea6edee84a5a7"",""R16B-SENSE:419a96e12217bfa4ed031510c32033cb2408489e3abb14eb28291b13c068e159""]"	"[""R16B-LOCAL-FAMILY:7e0a0ee4f78d2f565c4f7771653ecc5a27828dd9fb704139d1e068f2a5fdce64""]"	"[""BOUNDED_SENSE_OR_SCOPE_CONFLICT""]"	"[""R16A-SUBGRAPH-3B11A4A73B8C15135410""]"	"[""R16A-PAIR:27598c04934f3d33ad80dfb1aecc18d272cf86ee7fe3a726a95aae81144dfb06"",""R16A-PAIR:818cc370417319af9a65fec5211969862df5c48a821265533ba289932e57b18c""]"	INVALID	EVIDENCE_GAP_TREE	REJECTED	FAMILY_FINAL_DISPOSITION:BOUNDED_SENSE_OR_SCOPE_CONFLICT	false	false	false	false	Preserve the exact prior VALID/INVALID attempt while applying the independently derived semantic outcome; never equate topology validity with group support.	4eac242b9348102329c38821275b077f7c67d3e558fcc0fa0dcd9ec9722c055c
468105499c7be102deec7d6555aced688dea9901	5419770959bdb8998b693fb2275b47e29b92367c	ROUND16A_TOPOLOGY_ENUMERATION_RESULT	R16A-SUBGRAPH-3B11A4A73B8C15135410|LINEAR_PATH	docs/audits/v49-exploration-full-space-closure-round1/raw/composition-enumeration-v2.tsv	75efbe8f0e5d18d431b1e525900da6eb30ff6abe1a97d407058e637680ada2cd	85	f67efd224357d383f68d94ebb10a7a39d82ac7ab77945be332015ac1ef8ccdd0	7e0a0ee4f78d2f565c4f7771653ecc5a27828dd9fb704139d1e068f2a5fdce64	"[""R16B-SENSE:06c230c771547ee49390903e0bad7aaf44063613309c93bcbd72e808116af4c6"",""R16B-SENSE:35489187871bfd7b7be6e2d5268a3a922984d3bdad9e9a8ca61ea6edee84a5a7"",""R16B-SENSE:419a96e12217bfa4ed031510c32033cb2408489e3abb14eb28291b13c068e159""]"	"[""R16B-LOCAL-FAMILY:7e0a0ee4f78d2f565c4f7771653ecc5a27828dd9fb704139d1e068f2a5fdce64""]"	"[""BOUNDED_SENSE_OR_SCOPE_CONFLICT""]"	"[""R16A-SUBGRAPH-3B11A4A73B8C15135410""]"	"[""R16A-PAIR:27598c04934f3d33ad80dfb1aecc18d272cf86ee7fe3a726a95aae81144dfb06"",""R16A-PAIR:818cc370417319af9a65fec5211969862df5c48a821265533ba289932e57b18c""]"	VALID	LINEAR_PATH	REJECTED	FAMILY_FINAL_DISPOSITION:BOUNDED_SENSE_OR_SCOPE_CONFLICT	false	false	false	false	Preserve the exact prior VALID/INVALID attempt while applying the independently derived semantic outcome; never equate topology validity with group support.	f2ad24ce92c05f2e03891f0fb57b98e0bc9b29155fc524c48c7c23c5ac8f6356
468105499c7be102deec7d6555aced688dea9901	5419770959bdb8998b693fb2275b47e29b92367c	ROUND16A_TOPOLOGY_ENUMERATION_RESULT	R16A-SUBGRAPH-3B11A4A73B8C15135410|QUALIFIED_PATH	docs/audits/v49-exploration-full-space-closure-round1/raw/composition-enumeration-v2.tsv	75efbe8f0e5d18d431b1e525900da6eb30ff6abe1a97d407058e637680ada2cd	88	92bac43cbef98a66d57da29c032a9c86c011b1f66f5ca705dd322a8f864c2936	7e0a0ee4f78d2f565c4f7771653ecc5a27828dd9fb704139d1e068f2a5fdce64	"[""R16B-SENSE:06c230c771547ee49390903e0bad7aaf44063613309c93bcbd72e808116af4c6"",""R16B-SENSE:35489187871bfd7b7be6e2d5268a3a922984d3bdad9e9a8ca61ea6edee84a5a7"",""R16B-SENSE:419a96e12217bfa4ed031510c32033cb2408489e3abb14eb28291b13c068e159""]"	"[""R16B-LOCAL-FAMILY:7e0a0ee4f78d2f565c4f7771653ecc5a27828dd9fb704139d1e068f2a5fdce64""]"	"[""BOUNDED_SENSE_OR_SCOPE_CONFLICT""]"	"[""R16A-SUBGRAPH-3B11A4A73B8C15135410""]"	"[""R16A-PAIR:27598c04934f3d33ad80dfb1aecc18d272cf86ee7fe3a726a95aae81144dfb06"",""R16A-PAIR:818cc370417319af9a65fec5211969862df5c48a821265533ba289932e57b18c""]"	INVALID	QUALIFIED_PATH	REJECTED	FAMILY_FINAL_DISPOSITION:BOUNDED_SENSE_OR_SCOPE_CONFLICT	false	false	false	false	Preserve the exact prior VALID/INVALID attempt while applying the independently derived semantic outcome; never equate topology validity with group support.	ac6e015a80019b9ae22c5d2eabce4ab5ec7be5fb27b922f4bf0fb10294f2c5fd
468105499c7be102deec7d6555aced688dea9901	5419770959bdb8998b693fb2275b47e29b92367c	ROUND16A_TOPOLOGY_ENUMERATION_RESULT	R16A-SUBGRAPH-3B11A4A73B8C15135410|REFLEXIVE_RETURN	docs/audits/v49-exploration-full-space-closure-round1/raw/composition-enumeration-v2.tsv	75efbe8f0e5d18d431b1e525900da6eb30ff6abe1a97d407058e637680ada2cd	89	857bb8abca5d4a8b1aa6d503e5f1d59dc21700530f9e6eb3a0269e802c336da9	7e0a0ee4f78d2f565c4f7771653ecc5a27828dd9fb704139d1e068f2a5fdce64	"[""R16B-SENSE:06c230c771547ee49390903e0bad7aaf44063613309c93bcbd72e808116af4c6"",""R16B-SENSE:35489187871bfd7b7be6e2d5268a3a922984d3bdad9e9a8ca61ea6edee84a5a7"",""R16B-SENSE:419a96e12217bfa4ed031510c32033cb2408489e3abb14eb28291b13c068e159""]"	"[""R16B-LOCAL-FAMILY:7e0a0ee4f78d2f565c4f7771653ecc5a27828dd9fb704139d1e068f2a5fdce64""]"	"[""BOUNDED_SENSE_OR_SCOPE_CONFLICT""]"	"[""R16A-SUBGRAPH-3B11A4A73B8C15135410""]"	"[""R16A-PAIR:27598c04934f3d33ad80dfb1aecc18d272cf86ee7fe3a726a95aae81144dfb06"",""R16A-PAIR:818cc370417319af9a65fec5211969862df5c48a821265533ba289932e57b18c""]"	INVALID	REFLEXIVE_RETURN	REJECTED	FAMILY_FINAL_DISPOSITION:BOUNDED_SENSE_OR_SCOPE_CONFLICT	false	false	false	false	Preserve the exact prior VALID/INVALID attempt while applying the independently derived semantic outcome; never equate topology validity with group support.	1f2580ba1d31b4e96e2424c52f09d341f9c924c5d0687f345f7cbf3f1e6d7c65
468105499c7be102deec7d6555aced688dea9901	5419770959bdb8998b693fb2275b47e29b92367c	ROUND16A_TOPOLOGY_ENUMERATION_RESULT	R16A-SUBGRAPH-3B55AF2A756E0F57505E|BINARY_CONVERGENCE	docs/audits/v49-exploration-full-space-closure-round1/raw/composition-enumeration-v2.tsv	75efbe8f0e5d18d431b1e525900da6eb30ff6abe1a97d407058e637680ada2cd	93	9b768a0dec2a22f52e8524548cc4248d2d29b08828a4cdcdd08ea1061b2d3b03	89817e7a449f1cc7b574fb1b89c9541f765e52825c5cb62bf0a2bb833e8f970a	"[""R16B-SENSE:4e14e64610176c44c8a9775fba3a7d484b4eee0fb06ee9553c17675cb7f0b634"",""R16B-SENSE:f0e28e13851d04c13b701f53d9b3911cb50fc572cc6203c64527804f0b37e909"",""R16B-SENSE:f26224717160ca63c45ca85fe7c23e1469baa3e10672a68beafb13d195d0915d"",""R16B-SENSE:fa3369a6eb4bebe96ee289987f963e539b8da9c27ea0f454e8a24b6bddf9306f""]"	"[""R16B-LOCAL-FAMILY:89817e7a449f1cc7b574fb1b89c9541f765e52825c5cb62bf0a2bb833e8f970a""]"	"[""INQUIRY_ONLY_OR_UNRESOLVED""]"	"[""R16A-SUBGRAPH-3B55AF2A756E0F57505E""]"	"[""R16A-PAIR:2ea00c84f44e9da21aae78f742f5cf6cba09fee7e94d77ff3420dc07dd64cbb5"",""R16A-PAIR:db9e8b1d1d7e17983872e3600cd1a3ce5ae7f3c907ae70bdeafcbd0b2c6a0460"",""R16A-PAIR:e153332b67669fdaa24f256bfcf61135e56eb2894e48481afc71ae4327c81422"",""R16A-PAIR:f82795fcaba53ac0c255461d014e82b9e563362b645b4c65a58e27644e22c54c""]"	INVALID	BINARY_CONVERGENCE	INQUIRY	FAMILY_FINAL_DISPOSITION:INQUIRY_ONLY_OR_UNRESOLVED	false	false	false	false	Preserve the exact prior VALID/INVALID attempt while applying the independently derived semantic outcome; never equate topology validity with group support.	4f70e5fe66c80962ec27a5a9200cd21b9000d00e2e99a1bccc3db46cccceaaae
468105499c7be102deec7d6555aced688dea9901	5419770959bdb8998b693fb2275b47e29b92367c	ROUND16A_TOPOLOGY_ENUMERATION_RESULT	R16A-SUBGRAPH-3B55AF2A756E0F57505E|BINARY_FORK	docs/audits/v49-exploration-full-space-closure-round1/raw/composition-enumeration-v2.tsv	75efbe8f0e5d18d431b1e525900da6eb30ff6abe1a97d407058e637680ada2cd	92	1f051084dbf82ae551e48531588c1e191ae32c50806dc73ca60d6a892670640b	89817e7a449f1cc7b574fb1b89c9541f765e52825c5cb62bf0a2bb833e8f970a	"[""R16B-SENSE:4e14e64610176c44c8a9775fba3a7d484b4eee0fb06ee9553c17675cb7f0b634"",""R16B-SENSE:f0e28e13851d04c13b701f53d9b3911cb50fc572cc6203c64527804f0b37e909"",""R16B-SENSE:f26224717160ca63c45ca85fe7c23e1469baa3e10672a68beafb13d195d0915d"",""R16B-SENSE:fa3369a6eb4bebe96ee289987f963e539b8da9c27ea0f454e8a24b6bddf9306f""]"	"[""R16B-LOCAL-FAMILY:89817e7a449f1cc7b574fb1b89c9541f765e52825c5cb62bf0a2bb833e8f970a""]"	"[""INQUIRY_ONLY_OR_UNRESOLVED""]"	"[""R16A-SUBGRAPH-3B55AF2A756E0F57505E""]"	"[""R16A-PAIR:2ea00c84f44e9da21aae78f742f5cf6cba09fee7e94d77ff3420dc07dd64cbb5"",""R16A-PAIR:db9e8b1d1d7e17983872e3600cd1a3ce5ae7f3c907ae70bdeafcbd0b2c6a0460"",""R16A-PAIR:e153332b67669fdaa24f256bfcf61135e56eb2894e48481afc71ae4327c81422"",""R16A-PAIR:f82795fcaba53ac0c255461d014e82b9e563362b645b4c65a58e27644e22c54c""]"	INVALID	BINARY_FORK	INQUIRY	FAMILY_FINAL_DISPOSITION:INQUIRY_ONLY_OR_UNRESOLVED	false	false	false	false	Preserve the exact prior VALID/INVALID attempt while applying the independently derived semantic outcome; never equate topology validity with group support.	e607d99403ac8d25225752a79bb360015b39fbb12c8bd14dcfc5c7b3dabb7533
468105499c7be102deec7d6555aced688dea9901	5419770959bdb8998b693fb2275b47e29b92367c	ROUND16A_TOPOLOGY_ENUMERATION_RESULT	R16A-SUBGRAPH-3B55AF2A756E0F57505E|EVIDENCE_GAP_TREE	docs/audits/v49-exploration-full-space-closure-round1/raw/composition-enumeration-v2.tsv	75efbe8f0e5d18d431b1e525900da6eb30ff6abe1a97d407058e637680ada2cd	96	37f13b14010a6b413c27e3fd62e68bd7ccc9b6dfea46e5e94eea0b942f63062e	89817e7a449f1cc7b574fb1b89c9541f765e52825c5cb62bf0a2bb833e8f970a	"[""R16B-SENSE:4e14e64610176c44c8a9775fba3a7d484b4eee0fb06ee9553c17675cb7f0b634"",""R16B-SENSE:f0e28e13851d04c13b701f53d9b3911cb50fc572cc6203c64527804f0b37e909"",""R16B-SENSE:f26224717160ca63c45ca85fe7c23e1469baa3e10672a68beafb13d195d0915d"",""R16B-SENSE:fa3369a6eb4bebe96ee289987f963e539b8da9c27ea0f454e8a24b6bddf9306f""]"	"[""R16B-LOCAL-FAMILY:89817e7a449f1cc7b574fb1b89c9541f765e52825c5cb62bf0a2bb833e8f970a""]"	"[""INQUIRY_ONLY_OR_UNRESOLVED""]"	"[""R16A-SUBGRAPH-3B55AF2A756E0F57505E""]"	"[""R16A-PAIR:2ea00c84f44e9da21aae78f742f5cf6cba09fee7e94d77ff3420dc07dd64cbb5"",""R16A-PAIR:db9e8b1d1d7e17983872e3600cd1a3ce5ae7f3c907ae70bdeafcbd0b2c6a0460"",""R16A-PAIR:e153332b67669fdaa24f256bfcf61135e56eb2894e48481afc71ae4327c81422"",""R16A-PAIR:f82795fcaba53ac0c255461d014e82b9e563362b645b4c65a58e27644e22c54c""]"	INVALID	EVIDENCE_GAP_TREE	INQUIRY	FAMILY_FINAL_DISPOSITION:INQUIRY_ONLY_OR_UNRESOLVED	false	false	false	false	Preserve the exact prior VALID/INVALID attempt while applying the independently derived semantic outcome; never equate topology validity with group support.	d308e1794e554616bd5d8820192cbe38ec4864a90b082e708779dafed26062b9
468105499c7be102deec7d6555aced688dea9901	5419770959bdb8998b693fb2275b47e29b92367c	ROUND16A_TOPOLOGY_ENUMERATION_RESULT	R16A-SUBGRAPH-3B55AF2A756E0F57505E|LINEAR_PATH	docs/audits/v49-exploration-full-space-closure-round1/raw/composition-enumeration-v2.tsv	75efbe8f0e5d18d431b1e525900da6eb30ff6abe1a97d407058e637680ada2cd	91	e9c0c0b47c4cfe24a27f305202915d96210af29decd54a3a6755046a68addd9e	89817e7a449f1cc7b574fb1b89c9541f765e52825c5cb62bf0a2bb833e8f970a	"[""R16B-SENSE:4e14e64610176c44c8a9775fba3a7d484b4eee0fb06ee9553c17675cb7f0b634"",""R16B-SENSE:f0e28e13851d04c13b701f53d9b3911cb50fc572cc6203c64527804f0b37e909"",""R16B-SENSE:f26224717160ca63c45ca85fe7c23e1469baa3e10672a68beafb13d195d0915d"",""R16B-SENSE:fa3369a6eb4bebe96ee289987f963e539b8da9c27ea0f454e8a24b6bddf9306f""]"	"[""R16B-LOCAL-FAMILY:89817e7a449f1cc7b574fb1b89c9541f765e52825c5cb62bf0a2bb833e8f970a""]"	"[""INQUIRY_ONLY_OR_UNRESOLVED""]"	"[""R16A-SUBGRAPH-3B55AF2A756E0F57505E""]"	"[""R16A-PAIR:2ea00c84f44e9da21aae78f742f5cf6cba09fee7e94d77ff3420dc07dd64cbb5"",""R16A-PAIR:db9e8b1d1d7e17983872e3600cd1a3ce5ae7f3c907ae70bdeafcbd0b2c6a0460"",""R16A-PAIR:e153332b67669fdaa24f256bfcf61135e56eb2894e48481afc71ae4327c81422"",""R16A-PAIR:f82795fcaba53ac0c255461d014e82b9e563362b645b4c65a58e27644e22c54c""]"	INVALID	LINEAR_PATH	INQUIRY	FAMILY_FINAL_DISPOSITION:INQUIRY_ONLY_OR_UNRESOLVED	false	false	false	false	Preserve the exact prior VALID/INVALID attempt while applying the independently derived semantic outcome; never equate topology validity with group support.	65869c379f1c1819d430eb01b1bbb3fdb0c15216191af76e3573e7b4c7d6abb8
468105499c7be102deec7d6555aced688dea9901	5419770959bdb8998b693fb2275b47e29b92367c	ROUND16A_TOPOLOGY_ENUMERATION_RESULT	R16A-SUBGRAPH-3B55AF2A756E0F57505E|QUALIFIED_PATH	docs/audits/v49-exploration-full-space-closure-round1/raw/composition-enumeration-v2.tsv	75efbe8f0e5d18d431b1e525900da6eb30ff6abe1a97d407058e637680ada2cd	94	1c22a1e1275f4bf8925009fc18088cc99ecddbc176dbeeb9de5a280b62edafde	89817e7a449f1cc7b574fb1b89c9541f765e52825c5cb62bf0a2bb833e8f970a	"[""R16B-SENSE:4e14e64610176c44c8a9775fba3a7d484b4eee0fb06ee9553c17675cb7f0b634"",""R16B-SENSE:f0e28e13851d04c13b701f53d9b3911cb50fc572cc6203c64527804f0b37e909"",""R16B-SENSE:f26224717160ca63c45ca85fe7c23e1469baa3e10672a68beafb13d195d0915d"",""R16B-SENSE:fa3369a6eb4bebe96ee289987f963e539b8da9c27ea0f454e8a24b6bddf9306f""]"	"[""R16B-LOCAL-FAMILY:89817e7a449f1cc7b574fb1b89c9541f765e52825c5cb62bf0a2bb833e8f970a""]"	"[""INQUIRY_ONLY_OR_UNRESOLVED""]"	"[""R16A-SUBGRAPH-3B55AF2A756E0F57505E""]"	"[""R16A-PAIR:2ea00c84f44e9da21aae78f742f5cf6cba09fee7e94d77ff3420dc07dd64cbb5"",""R16A-PAIR:db9e8b1d1d7e17983872e3600cd1a3ce5ae7f3c907ae70bdeafcbd0b2c6a0460"",""R16A-PAIR:e153332b67669fdaa24f256bfcf61135e56eb2894e48481afc71ae4327c81422"",""R16A-PAIR:f82795fcaba53ac0c255461d014e82b9e563362b645b4c65a58e27644e22c54c""]"	INVALID	QUALIFIED_PATH	INQUIRY	FAMILY_FINAL_DISPOSITION:INQUIRY_ONLY_OR_UNRESOLVED	false	false	false	false	Preserve the exact prior VALID/INVALID attempt while applying the independently derived semantic outcome; never equate topology validity with group support.	284105c16f1b34f072f18425cf86103635424c00f3549ad9c64ca8a6409f0800
468105499c7be102deec7d6555aced688dea9901	5419770959bdb8998b693fb2275b47e29b92367c	ROUND16A_TOPOLOGY_ENUMERATION_RESULT	R16A-SUBGRAPH-3B55AF2A756E0F57505E|REFLEXIVE_RETURN	docs/audits/v49-exploration-full-space-closure-round1/raw/composition-enumeration-v2.tsv	75efbe8f0e5d18d431b1e525900da6eb30ff6abe1a97d407058e637680ada2cd	95	5151fa77a33a9e1ef9d4d05612903051b6a624eeb5777a84a961f947d5497cac	89817e7a449f1cc7b574fb1b89c9541f765e52825c5cb62bf0a2bb833e8f970a	"[""R16B-SENSE:4e14e64610176c44c8a9775fba3a7d484b4eee0fb06ee9553c17675cb7f0b634"",""R16B-SENSE:f0e28e13851d04c13b701f53d9b3911cb50fc572cc6203c64527804f0b37e909"",""R16B-SENSE:f26224717160ca63c45ca85fe7c23e1469baa3e10672a68beafb13d195d0915d"",""R16B-SENSE:fa3369a6eb4bebe96ee289987f963e539b8da9c27ea0f454e8a24b6bddf9306f""]"	"[""R16B-LOCAL-FAMILY:89817e7a449f1cc7b574fb1b89c9541f765e52825c5cb62bf0a2bb833e8f970a""]"	"[""INQUIRY_ONLY_OR_UNRESOLVED""]"	"[""R16A-SUBGRAPH-3B55AF2A756E0F57505E""]"	"[""R16A-PAIR:2ea00c84f44e9da21aae78f742f5cf6cba09fee7e94d77ff3420dc07dd64cbb5"",""R16A-PAIR:db9e8b1d1d7e17983872e3600cd1a3ce5ae7f3c907ae70bdeafcbd0b2c6a0460"",""R16A-PAIR:e153332b67669fdaa24f256bfcf61135e56eb2894e48481afc71ae4327c81422"",""R16A-PAIR:f82795fcaba53ac0c255461d014e82b9e563362b645b4c65a58e27644e22c54c""]"	INVALID	REFLEXIVE_RETURN	INQUIRY	FAMILY_FINAL_DISPOSITION:INQUIRY_ONLY_OR_UNRESOLVED	false	false	false	false	Preserve the exact prior VALID/INVALID attempt while applying the independently derived semantic outcome; never equate topology validity with group support.	e123b7dd09a526ca77f933a25819f2f843a5979b9277e104babc89ae4d108005
468105499c7be102deec7d6555aced688dea9901	5419770959bdb8998b693fb2275b47e29b92367c	ROUND16A_TOPOLOGY_ENUMERATION_RESULT	R16A-SUBGRAPH-3EC1DE84B90EBAD54C14|BINARY_CONVERGENCE	docs/audits/v49-exploration-full-space-closure-round1/raw/composition-enumeration-v2.tsv	75efbe8f0e5d18d431b1e525900da6eb30ff6abe1a97d407058e637680ada2cd	99	029b17c7c8617ac6bb1f9d970cbee1ed0547796ed71420e9e425c9952e606f28	68d313b7b4441a37db360d9e82650e39c48f5fb1555ad13249165cbad9a5ea22	"[""R16B-SENSE:0ebc966b965fc5703be0f4bae727d337f32d83eb7db9066e926a2530dcfa0171"",""R16B-SENSE:697603bbe891d791295d478b3b16d10add9bdab1fd92826d63d8b630f3779cfb""]"	[]	[]	"[""R16A-SUBGRAPH-3EC1DE84B90EBAD54C14""]"	"[""R16A-PAIR:891e0c3d300d8c4af59fbef2f00d164ee9c22df4148122c54ed84daee1dcb37e""]"	INVALID	BINARY_CONVERGENCE	RETAINED	ROUND16A_ACTIVE_PAIR_BASELINE_NO_GROUP_CLAIM	false	false	false	false	Preserve the exact prior VALID/INVALID attempt while applying the independently derived semantic outcome; never equate topology validity with group support.	34630d61605801c78648a5a3843201ac73b6c51fb27915bf95d0c5850816aef6
468105499c7be102deec7d6555aced688dea9901	5419770959bdb8998b693fb2275b47e29b92367c	ROUND16A_TOPOLOGY_ENUMERATION_RESULT	R16A-SUBGRAPH-3EC1DE84B90EBAD54C14|BINARY_FORK	docs/audits/v49-exploration-full-space-closure-round1/raw/composition-enumeration-v2.tsv	75efbe8f0e5d18d431b1e525900da6eb30ff6abe1a97d407058e637680ada2cd	98	3dcb7bee77b1a12170e9834f6077a19bf0befb3673b7cbbab85533a5987b906d	68d313b7b4441a37db360d9e82650e39c48f5fb1555ad13249165cbad9a5ea22	"[""R16B-SENSE:0ebc966b965fc5703be0f4bae727d337f32d83eb7db9066e926a2530dcfa0171"",""R16B-SENSE:697603bbe891d791295d478b3b16d10add9bdab1fd92826d63d8b630f3779cfb""]"	[]	[]	"[""R16A-SUBGRAPH-3EC1DE84B90EBAD54C14""]"	"[""R16A-PAIR:891e0c3d300d8c4af59fbef2f00d164ee9c22df4148122c54ed84daee1dcb37e""]"	INVALID	BINARY_FORK	RETAINED	ROUND16A_ACTIVE_PAIR_BASELINE_NO_GROUP_CLAIM	false	false	false	false	Preserve the exact prior VALID/INVALID attempt while applying the independently derived semantic outcome; never equate topology validity with group support.	46eef55b94d5a70bb4dfa19344d5d9689c098f20c1537c726c09f4c582b36426
468105499c7be102deec7d6555aced688dea9901	5419770959bdb8998b693fb2275b47e29b92367c	ROUND16A_TOPOLOGY_ENUMERATION_RESULT	R16A-SUBGRAPH-3EC1DE84B90EBAD54C14|EVIDENCE_GAP_TREE	docs/audits/v49-exploration-full-space-closure-round1/raw/composition-enumeration-v2.tsv	75efbe8f0e5d18d431b1e525900da6eb30ff6abe1a97d407058e637680ada2cd	102	cabe213d3f3609e0174124e5e4db46d9c7e4f16830a2380f586e2d45e274743a	68d313b7b4441a37db360d9e82650e39c48f5fb1555ad13249165cbad9a5ea22	"[""R16B-SENSE:0ebc966b965fc5703be0f4bae727d337f32d83eb7db9066e926a2530dcfa0171"",""R16B-SENSE:697603bbe891d791295d478b3b16d10add9bdab1fd92826d63d8b630f3779cfb""]"	[]	[]	"[""R16A-SUBGRAPH-3EC1DE84B90EBAD54C14""]"	"[""R16A-PAIR:891e0c3d300d8c4af59fbef2f00d164ee9c22df4148122c54ed84daee1dcb37e""]"	INVALID	EVIDENCE_GAP_TREE	RETAINED	ROUND16A_ACTIVE_PAIR_BASELINE_NO_GROUP_CLAIM	false	false	false	false	Preserve the exact prior VALID/INVALID attempt while applying the independently derived semantic outcome; never equate topology validity with group support.	7311247f0a905875d8e8265265fcff2d97ff7efb8eb0275627ef6ccfa4db3948
468105499c7be102deec7d6555aced688dea9901	5419770959bdb8998b693fb2275b47e29b92367c	ROUND16A_TOPOLOGY_ENUMERATION_RESULT	R16A-SUBGRAPH-3EC1DE84B90EBAD54C14|LINEAR_PATH	docs/audits/v49-exploration-full-space-closure-round1/raw/composition-enumeration-v2.tsv	75efbe8f0e5d18d431b1e525900da6eb30ff6abe1a97d407058e637680ada2cd	97	945044fe7c36063ac0ff3498fb6a835a4ae090119cb47145a4ccc70940fd3abe	68d313b7b4441a37db360d9e82650e39c48f5fb1555ad13249165cbad9a5ea22	"[""R16B-SENSE:0ebc966b965fc5703be0f4bae727d337f32d83eb7db9066e926a2530dcfa0171"",""R16B-SENSE:697603bbe891d791295d478b3b16d10add9bdab1fd92826d63d8b630f3779cfb""]"	[]	[]	"[""R16A-SUBGRAPH-3EC1DE84B90EBAD54C14""]"	"[""R16A-PAIR:891e0c3d300d8c4af59fbef2f00d164ee9c22df4148122c54ed84daee1dcb37e""]"	VALID	LINEAR_PATH	RETAINED	ROUND16A_ACTIVE_PAIR_BASELINE_NO_GROUP_CLAIM	false	false	false	false	Preserve the exact prior VALID/INVALID attempt while applying the independently derived semantic outcome; never equate topology validity with group support.	88c7ba14ae1ad4a1f7c5a8f444b83006e37acad898ed2b2d71501b97b81c5777
468105499c7be102deec7d6555aced688dea9901	5419770959bdb8998b693fb2275b47e29b92367c	ROUND16A_TOPOLOGY_ENUMERATION_RESULT	R16A-SUBGRAPH-3EC1DE84B90EBAD54C14|QUALIFIED_PATH	docs/audits/v49-exploration-full-space-closure-round1/raw/composition-enumeration-v2.tsv	75efbe8f0e5d18d431b1e525900da6eb30ff6abe1a97d407058e637680ada2cd	100	33dfe3b62bf01938a48ae91fe13254277f4fad7a7dda872827fe1052a29b255d	68d313b7b4441a37db360d9e82650e39c48f5fb1555ad13249165cbad9a5ea22	"[""R16B-SENSE:0ebc966b965fc5703be0f4bae727d337f32d83eb7db9066e926a2530dcfa0171"",""R16B-SENSE:697603bbe891d791295d478b3b16d10add9bdab1fd92826d63d8b630f3779cfb""]"	[]	[]	"[""R16A-SUBGRAPH-3EC1DE84B90EBAD54C14""]"	"[""R16A-PAIR:891e0c3d300d8c4af59fbef2f00d164ee9c22df4148122c54ed84daee1dcb37e""]"	INVALID	QUALIFIED_PATH	RETAINED	ROUND16A_ACTIVE_PAIR_BASELINE_NO_GROUP_CLAIM	false	false	false	false	Preserve the exact prior VALID/INVALID attempt while applying the independently derived semantic outcome; never equate topology validity with group support.	f1d90d5360b64726150d37482de832ef7dc6a5471c2d8c2fc8cf139f0888cffe
468105499c7be102deec7d6555aced688dea9901	5419770959bdb8998b693fb2275b47e29b92367c	ROUND16A_TOPOLOGY_ENUMERATION_RESULT	R16A-SUBGRAPH-3EC1DE84B90EBAD54C14|REFLEXIVE_RETURN	docs/audits/v49-exploration-full-space-closure-round1/raw/composition-enumeration-v2.tsv	75efbe8f0e5d18d431b1e525900da6eb30ff6abe1a97d407058e637680ada2cd	101	5213196054a633099251d9fd7168222356d3c0b2a77f0249937f466d34af9921	68d313b7b4441a37db360d9e82650e39c48f5fb1555ad13249165cbad9a5ea22	"[""R16B-SENSE:0ebc966b965fc5703be0f4bae727d337f32d83eb7db9066e926a2530dcfa0171"",""R16B-SENSE:697603bbe891d791295d478b3b16d10add9bdab1fd92826d63d8b630f3779cfb""]"	[]	[]	"[""R16A-SUBGRAPH-3EC1DE84B90EBAD54C14""]"	"[""R16A-PAIR:891e0c3d300d8c4af59fbef2f00d164ee9c22df4148122c54ed84daee1dcb37e""]"	INVALID	REFLEXIVE_RETURN	RETAINED	ROUND16A_ACTIVE_PAIR_BASELINE_NO_GROUP_CLAIM	false	false	false	false	Preserve the exact prior VALID/INVALID attempt while applying the independently derived semantic outcome; never equate topology validity with group support.	60024a28de7384cf5bfa720464eb5fdbc7930c3f3cd5089fb2ddf5c1e98da179
468105499c7be102deec7d6555aced688dea9901	5419770959bdb8998b693fb2275b47e29b92367c	ROUND16A_TOPOLOGY_ENUMERATION_RESULT	R16A-SUBGRAPH-47B047556040D1C7EEBB|BINARY_CONVERGENCE	docs/audits/v49-exploration-full-space-closure-round1/raw/composition-enumeration-v2.tsv	75efbe8f0e5d18d431b1e525900da6eb30ff6abe1a97d407058e637680ada2cd	105	f02ebada4520f7724cbfde957b8690720759135aa15ed0152de4f1919bb25632	89817e7a449f1cc7b574fb1b89c9541f765e52825c5cb62bf0a2bb833e8f970a	"[""R16B-SENSE:4e14e64610176c44c8a9775fba3a7d484b4eee0fb06ee9553c17675cb7f0b634"",""R16B-SENSE:f0e28e13851d04c13b701f53d9b3911cb50fc572cc6203c64527804f0b37e909"",""R16B-SENSE:f26224717160ca63c45ca85fe7c23e1469baa3e10672a68beafb13d195d0915d"",""R16B-SENSE:fa3369a6eb4bebe96ee289987f963e539b8da9c27ea0f454e8a24b6bddf9306f""]"	"[""R16B-LOCAL-FAMILY:89817e7a449f1cc7b574fb1b89c9541f765e52825c5cb62bf0a2bb833e8f970a""]"	"[""INQUIRY_ONLY_OR_UNRESOLVED""]"	"[""R16A-SUBGRAPH-47B047556040D1C7EEBB""]"	"[""R16A-PAIR:5841a12151ac0ce714f0b8e279e939bed009b3f2be71086cde6033cbbd11b4ea"",""R16A-PAIR:db9e8b1d1d7e17983872e3600cd1a3ce5ae7f3c907ae70bdeafcbd0b2c6a0460"",""R16A-PAIR:e153332b67669fdaa24f256bfcf61135e56eb2894e48481afc71ae4327c81422"",""R16A-PAIR:f82795fcaba53ac0c255461d014e82b9e563362b645b4c65a58e27644e22c54c""]"	INVALID	BINARY_CONVERGENCE	INQUIRY	FAMILY_FINAL_DISPOSITION:INQUIRY_ONLY_OR_UNRESOLVED	false	false	false	false	Preserve the exact prior VALID/INVALID attempt while applying the independently derived semantic outcome; never equate topology validity with group support.	64be9e4a1e35ec415ff4a01784ab4c9efc29b66a1776b501e830725bbf1e9ced
468105499c7be102deec7d6555aced688dea9901	5419770959bdb8998b693fb2275b47e29b92367c	ROUND16A_TOPOLOGY_ENUMERATION_RESULT	R16A-SUBGRAPH-47B047556040D1C7EEBB|BINARY_FORK	docs/audits/v49-exploration-full-space-closure-round1/raw/composition-enumeration-v2.tsv	75efbe8f0e5d18d431b1e525900da6eb30ff6abe1a97d407058e637680ada2cd	104	36da878e0c00066489b4a64d56c33357fc0da60893612c14f99f3ac17a4b9794	89817e7a449f1cc7b574fb1b89c9541f765e52825c5cb62bf0a2bb833e8f970a	"[""R16B-SENSE:4e14e64610176c44c8a9775fba3a7d484b4eee0fb06ee9553c17675cb7f0b634"",""R16B-SENSE:f0e28e13851d04c13b701f53d9b3911cb50fc572cc6203c64527804f0b37e909"",""R16B-SENSE:f26224717160ca63c45ca85fe7c23e1469baa3e10672a68beafb13d195d0915d"",""R16B-SENSE:fa3369a6eb4bebe96ee289987f963e539b8da9c27ea0f454e8a24b6bddf9306f""]"	"[""R16B-LOCAL-FAMILY:89817e7a449f1cc7b574fb1b89c9541f765e52825c5cb62bf0a2bb833e8f970a""]"	"[""INQUIRY_ONLY_OR_UNRESOLVED""]"	"[""R16A-SUBGRAPH-47B047556040D1C7EEBB""]"	"[""R16A-PAIR:5841a12151ac0ce714f0b8e279e939bed009b3f2be71086cde6033cbbd11b4ea"",""R16A-PAIR:db9e8b1d1d7e17983872e3600cd1a3ce5ae7f3c907ae70bdeafcbd0b2c6a0460"",""R16A-PAIR:e153332b67669fdaa24f256bfcf61135e56eb2894e48481afc71ae4327c81422"",""R16A-PAIR:f82795fcaba53ac0c255461d014e82b9e563362b645b4c65a58e27644e22c54c""]"	INVALID	BINARY_FORK	INQUIRY	FAMILY_FINAL_DISPOSITION:INQUIRY_ONLY_OR_UNRESOLVED	false	false	false	false	Preserve the exact prior VALID/INVALID attempt while applying the independently derived semantic outcome; never equate topology validity with group support.	626f62e69d225387528e1a016f0ac3d26d508a75ada078fbfa66f029d2033995
468105499c7be102deec7d6555aced688dea9901	5419770959bdb8998b693fb2275b47e29b92367c	ROUND16A_TOPOLOGY_ENUMERATION_RESULT	R16A-SUBGRAPH-47B047556040D1C7EEBB|EVIDENCE_GAP_TREE	docs/audits/v49-exploration-full-space-closure-round1/raw/composition-enumeration-v2.tsv	75efbe8f0e5d18d431b1e525900da6eb30ff6abe1a97d407058e637680ada2cd	108	9006208a2000eed5267f5814115fe3410dad1ca8e8d9dbd369f0ecd4521be1af	89817e7a449f1cc7b574fb1b89c9541f765e52825c5cb62bf0a2bb833e8f970a	"[""R16B-SENSE:4e14e64610176c44c8a9775fba3a7d484b4eee0fb06ee9553c17675cb7f0b634"",""R16B-SENSE:f0e28e13851d04c13b701f53d9b3911cb50fc572cc6203c64527804f0b37e909"",""R16B-SENSE:f26224717160ca63c45ca85fe7c23e1469baa3e10672a68beafb13d195d0915d"",""R16B-SENSE:fa3369a6eb4bebe96ee289987f963e539b8da9c27ea0f454e8a24b6bddf9306f""]"	"[""R16B-LOCAL-FAMILY:89817e7a449f1cc7b574fb1b89c9541f765e52825c5cb62bf0a2bb833e8f970a""]"	"[""INQUIRY_ONLY_OR_UNRESOLVED""]"	"[""R16A-SUBGRAPH-47B047556040D1C7EEBB""]"	"[""R16A-PAIR:5841a12151ac0ce714f0b8e279e939bed009b3f2be71086cde6033cbbd11b4ea"",""R16A-PAIR:db9e8b1d1d7e17983872e3600cd1a3ce5ae7f3c907ae70bdeafcbd0b2c6a0460"",""R16A-PAIR:e153332b67669fdaa24f256bfcf61135e56eb2894e48481afc71ae4327c81422"",""R16A-PAIR:f82795fcaba53ac0c255461d014e82b9e563362b645b4c65a58e27644e22c54c""]"	INVALID	EVIDENCE_GAP_TREE	INQUIRY	FAMILY_FINAL_DISPOSITION:INQUIRY_ONLY_OR_UNRESOLVED	false	false	false	false	Preserve the exact prior VALID/INVALID attempt while applying the independently derived semantic outcome; never equate topology validity with group support.	23ea767164613544527405ebf0959cfc98f9a359ffefa35ae85e8765a1554d75
468105499c7be102deec7d6555aced688dea9901	5419770959bdb8998b693fb2275b47e29b92367c	ROUND16A_TOPOLOGY_ENUMERATION_RESULT	R16A-SUBGRAPH-47B047556040D1C7EEBB|LINEAR_PATH	docs/audits/v49-exploration-full-space-closure-round1/raw/composition-enumeration-v2.tsv	75efbe8f0e5d18d431b1e525900da6eb30ff6abe1a97d407058e637680ada2cd	103	33c246f3c0cddd392b97ec898f49f65d82487f824c654b105cbd120e23a4661d	89817e7a449f1cc7b574fb1b89c9541f765e52825c5cb62bf0a2bb833e8f970a	"[""R16B-SENSE:4e14e64610176c44c8a9775fba3a7d484b4eee0fb06ee9553c17675cb7f0b634"",""R16B-SENSE:f0e28e13851d04c13b701f53d9b3911cb50fc572cc6203c64527804f0b37e909"",""R16B-SENSE:f26224717160ca63c45ca85fe7c23e1469baa3e10672a68beafb13d195d0915d"",""R16B-SENSE:fa3369a6eb4bebe96ee289987f963e539b8da9c27ea0f454e8a24b6bddf9306f""]"	"[""R16B-LOCAL-FAMILY:89817e7a449f1cc7b574fb1b89c9541f765e52825c5cb62bf0a2bb833e8f970a""]"	"[""INQUIRY_ONLY_OR_UNRESOLVED""]"	"[""R16A-SUBGRAPH-47B047556040D1C7EEBB""]"	"[""R16A-PAIR:5841a12151ac0ce714f0b8e279e939bed009b3f2be71086cde6033cbbd11b4ea"",""R16A-PAIR:db9e8b1d1d7e17983872e3600cd1a3ce5ae7f3c907ae70bdeafcbd0b2c6a0460"",""R16A-PAIR:e153332b67669fdaa24f256bfcf61135e56eb2894e48481afc71ae4327c81422"",""R16A-PAIR:f82795fcaba53ac0c255461d014e82b9e563362b645b4c65a58e27644e22c54c""]"	INVALID	LINEAR_PATH	INQUIRY	FAMILY_FINAL_DISPOSITION:INQUIRY_ONLY_OR_UNRESOLVED	false	false	false	false	Preserve the exact prior VALID/INVALID attempt while applying the independently derived semantic outcome; never equate topology validity with group support.	9a2514a83f3a02e1558f6efb918e425e640cb3dbe579aee999c2bdd5dbe01aca
468105499c7be102deec7d6555aced688dea9901	5419770959bdb8998b693fb2275b47e29b92367c	ROUND16A_TOPOLOGY_ENUMERATION_RESULT	R16A-SUBGRAPH-47B047556040D1C7EEBB|QUALIFIED_PATH	docs/audits/v49-exploration-full-space-closure-round1/raw/composition-enumeration-v2.tsv	75efbe8f0e5d18d431b1e525900da6eb30ff6abe1a97d407058e637680ada2cd	106	588a8f4bdf9da2c56997cfb6a769c6a6b4b4a136f95e0ae78de160b87601655a	89817e7a449f1cc7b574fb1b89c9541f765e52825c5cb62bf0a2bb833e8f970a	"[""R16B-SENSE:4e14e64610176c44c8a9775fba3a7d484b4eee0fb06ee9553c17675cb7f0b634"",""R16B-SENSE:f0e28e13851d04c13b701f53d9b3911cb50fc572cc6203c64527804f0b37e909"",""R16B-SENSE:f26224717160ca63c45ca85fe7c23e1469baa3e10672a68beafb13d195d0915d"",""R16B-SENSE:fa3369a6eb4bebe96ee289987f963e539b8da9c27ea0f454e8a24b6bddf9306f""]"	"[""R16B-LOCAL-FAMILY:89817e7a449f1cc7b574fb1b89c9541f765e52825c5cb62bf0a2bb833e8f970a""]"	"[""INQUIRY_ONLY_OR_UNRESOLVED""]"	"[""R16A-SUBGRAPH-47B047556040D1C7EEBB""]"	"[""R16A-PAIR:5841a12151ac0ce714f0b8e279e939bed009b3f2be71086cde6033cbbd11b4ea"",""R16A-PAIR:db9e8b1d1d7e17983872e3600cd1a3ce5ae7f3c907ae70bdeafcbd0b2c6a0460"",""R16A-PAIR:e153332b67669fdaa24f256bfcf61135e56eb2894e48481afc71ae4327c81422"",""R16A-PAIR:f82795fcaba53ac0c255461d014e82b9e563362b645b4c65a58e27644e22c54c""]"	INVALID	QUALIFIED_PATH	INQUIRY	FAMILY_FINAL_DISPOSITION:INQUIRY_ONLY_OR_UNRESOLVED	false	false	false	false	Preserve the exact prior VALID/INVALID attempt while applying the independently derived semantic outcome; never equate topology validity with group support.	f77519cac31d0ddec8c4fafa08a217bbae566b4723fac3a58f8534873797cc3c
468105499c7be102deec7d6555aced688dea9901	5419770959bdb8998b693fb2275b47e29b92367c	ROUND16A_TOPOLOGY_ENUMERATION_RESULT	R16A-SUBGRAPH-47B047556040D1C7EEBB|REFLEXIVE_RETURN	docs/audits/v49-exploration-full-space-closure-round1/raw/composition-enumeration-v2.tsv	75efbe8f0e5d18d431b1e525900da6eb30ff6abe1a97d407058e637680ada2cd	107	3e9546fc3968d43fcb0eb2d96760809f23e6e9ed4a65f2ef97715111420a8d45	89817e7a449f1cc7b574fb1b89c9541f765e52825c5cb62bf0a2bb833e8f970a	"[""R16B-SENSE:4e14e64610176c44c8a9775fba3a7d484b4eee0fb06ee9553c17675cb7f0b634"",""R16B-SENSE:f0e28e13851d04c13b701f53d9b3911cb50fc572cc6203c64527804f0b37e909"",""R16B-SENSE:f26224717160ca63c45ca85fe7c23e1469baa3e10672a68beafb13d195d0915d"",""R16B-SENSE:fa3369a6eb4bebe96ee289987f963e539b8da9c27ea0f454e8a24b6bddf9306f""]"	"[""R16B-LOCAL-FAMILY:89817e7a449f1cc7b574fb1b89c9541f765e52825c5cb62bf0a2bb833e8f970a""]"	"[""INQUIRY_ONLY_OR_UNRESOLVED""]"	"[""R16A-SUBGRAPH-47B047556040D1C7EEBB""]"	"[""R16A-PAIR:5841a12151ac0ce714f0b8e279e939bed009b3f2be71086cde6033cbbd11b4ea"",""R16A-PAIR:db9e8b1d1d7e17983872e3600cd1a3ce5ae7f3c907ae70bdeafcbd0b2c6a0460"",""R16A-PAIR:e153332b67669fdaa24f256bfcf61135e56eb2894e48481afc71ae4327c81422"",""R16A-PAIR:f82795fcaba53ac0c255461d014e82b9e563362b645b4c65a58e27644e22c54c""]"	INVALID	REFLEXIVE_RETURN	INQUIRY	FAMILY_FINAL_DISPOSITION:INQUIRY_ONLY_OR_UNRESOLVED	false	false	false	false	Preserve the exact prior VALID/INVALID attempt while applying the independently derived semantic outcome; never equate topology validity with group support.	dbbd53ea45cc39befe8baf0f65d8855bdf817124488d3dab8bb2ab1044c71108
468105499c7be102deec7d6555aced688dea9901	5419770959bdb8998b693fb2275b47e29b92367c	ROUND16A_TOPOLOGY_ENUMERATION_RESULT	R16A-SUBGRAPH-48D9A7909436AE28275B|BINARY_CONVERGENCE	docs/audits/v49-exploration-full-space-closure-round1/raw/composition-enumeration-v2.tsv	75efbe8f0e5d18d431b1e525900da6eb30ff6abe1a97d407058e637680ada2cd	111	7b2cf4278dee2c090ebeeb810c240fc9476cb16bea4f3047c0f1ff7d30c67f51	890a385d21853f5dd96b62838ec820a9d0a4cdb8d2ebf55117f4b15f7e59d2be	"[""R16B-SENSE:14bd96e324918cf3d87ed84253055004be79647294bf62a305ccf9a65a46b863"",""R16B-SENSE:f1dafc6df9c9a66b0b7c19d34606a2ed638c193dc7047afb8a1f83b3d564ebc1""]"	[]	[]	"[""R16A-SUBGRAPH-48D9A7909436AE28275B""]"	"[""R16A-PAIR:85e32fbf7d295e72068df767318096879ed6af2c4af16cadd1313e3fca88fa26""]"	INVALID	BINARY_CONVERGENCE	RETAINED	ROUND16A_ACTIVE_PAIR_BASELINE_NO_GROUP_CLAIM	false	false	false	false	Preserve the exact prior VALID/INVALID attempt while applying the independently derived semantic outcome; never equate topology validity with group support.	614c1938c37d38844ac7cd2af2e75aaa4dafff4e447d2abf4383c0ffc597611a
468105499c7be102deec7d6555aced688dea9901	5419770959bdb8998b693fb2275b47e29b92367c	ROUND16A_TOPOLOGY_ENUMERATION_RESULT	R16A-SUBGRAPH-48D9A7909436AE28275B|BINARY_FORK	docs/audits/v49-exploration-full-space-closure-round1/raw/composition-enumeration-v2.tsv	75efbe8f0e5d18d431b1e525900da6eb30ff6abe1a97d407058e637680ada2cd	110	07ef483f871d1b95340eb0486e1b4a5598aa767e53f0b17c9cf13390790f7ff3	890a385d21853f5dd96b62838ec820a9d0a4cdb8d2ebf55117f4b15f7e59d2be	"[""R16B-SENSE:14bd96e324918cf3d87ed84253055004be79647294bf62a305ccf9a65a46b863"",""R16B-SENSE:f1dafc6df9c9a66b0b7c19d34606a2ed638c193dc7047afb8a1f83b3d564ebc1""]"	[]	[]	"[""R16A-SUBGRAPH-48D9A7909436AE28275B""]"	"[""R16A-PAIR:85e32fbf7d295e72068df767318096879ed6af2c4af16cadd1313e3fca88fa26""]"	INVALID	BINARY_FORK	RETAINED	ROUND16A_ACTIVE_PAIR_BASELINE_NO_GROUP_CLAIM	false	false	false	false	Preserve the exact prior VALID/INVALID attempt while applying the independently derived semantic outcome; never equate topology validity with group support.	9626bfe6a1e2cae757693bb4977ed0d4fe95205ef91ee097dc460998aca00a5a
468105499c7be102deec7d6555aced688dea9901	5419770959bdb8998b693fb2275b47e29b92367c	ROUND16A_TOPOLOGY_ENUMERATION_RESULT	R16A-SUBGRAPH-48D9A7909436AE28275B|EVIDENCE_GAP_TREE	docs/audits/v49-exploration-full-space-closure-round1/raw/composition-enumeration-v2.tsv	75efbe8f0e5d18d431b1e525900da6eb30ff6abe1a97d407058e637680ada2cd	114	5024d132adcde02ed410f67d7fd7b506930f8ec48016d8f30b3c20bc87425653	890a385d21853f5dd96b62838ec820a9d0a4cdb8d2ebf55117f4b15f7e59d2be	"[""R16B-SENSE:14bd96e324918cf3d87ed84253055004be79647294bf62a305ccf9a65a46b863"",""R16B-SENSE:f1dafc6df9c9a66b0b7c19d34606a2ed638c193dc7047afb8a1f83b3d564ebc1""]"	[]	[]	"[""R16A-SUBGRAPH-48D9A7909436AE28275B""]"	"[""R16A-PAIR:85e32fbf7d295e72068df767318096879ed6af2c4af16cadd1313e3fca88fa26""]"	INVALID	EVIDENCE_GAP_TREE	RETAINED	ROUND16A_ACTIVE_PAIR_BASELINE_NO_GROUP_CLAIM	false	false	false	false	Preserve the exact prior VALID/INVALID attempt while applying the independently derived semantic outcome; never equate topology validity with group support.	b57276aa63fee9a461210d58bf2849bfddc4a6fedaea0bf7386d97aa7c354bf0
468105499c7be102deec7d6555aced688dea9901	5419770959bdb8998b693fb2275b47e29b92367c	ROUND16A_TOPOLOGY_ENUMERATION_RESULT	R16A-SUBGRAPH-48D9A7909436AE28275B|LINEAR_PATH	docs/audits/v49-exploration-full-space-closure-round1/raw/composition-enumeration-v2.tsv	75efbe8f0e5d18d431b1e525900da6eb30ff6abe1a97d407058e637680ada2cd	109	f084fa7106ef4c72d9ef4827fe8186613795574a021d1ea7695afd75112ee9b8	890a385d21853f5dd96b62838ec820a9d0a4cdb8d2ebf55117f4b15f7e59d2be	"[""R16B-SENSE:14bd96e324918cf3d87ed84253055004be79647294bf62a305ccf9a65a46b863"",""R16B-SENSE:f1dafc6df9c9a66b0b7c19d34606a2ed638c193dc7047afb8a1f83b3d564ebc1""]"	[]	[]	"[""R16A-SUBGRAPH-48D9A7909436AE28275B""]"	"[""R16A-PAIR:85e32fbf7d295e72068df767318096879ed6af2c4af16cadd1313e3fca88fa26""]"	VALID	LINEAR_PATH	RETAINED	ROUND16A_ACTIVE_PAIR_BASELINE_NO_GROUP_CLAIM	false	false	false	false	Preserve the exact prior VALID/INVALID attempt while applying the independently derived semantic outcome; never equate topology validity with group support.	adc0e02b589bcae376b4086f15a37be7ab7c3f33b3077eece858bc3d287f065f
468105499c7be102deec7d6555aced688dea9901	5419770959bdb8998b693fb2275b47e29b92367c	ROUND16A_TOPOLOGY_ENUMERATION_RESULT	R16A-SUBGRAPH-48D9A7909436AE28275B|QUALIFIED_PATH	docs/audits/v49-exploration-full-space-closure-round1/raw/composition-enumeration-v2.tsv	75efbe8f0e5d18d431b1e525900da6eb30ff6abe1a97d407058e637680ada2cd	112	c71a155c64190b2b4a13c324de050e5254c1bc35824c80ae1c3f404c5436dd32	890a385d21853f5dd96b62838ec820a9d0a4cdb8d2ebf55117f4b15f7e59d2be	"[""R16B-SENSE:14bd96e324918cf3d87ed84253055004be79647294bf62a305ccf9a65a46b863"",""R16B-SENSE:f1dafc6df9c9a66b0b7c19d34606a2ed638c193dc7047afb8a1f83b3d564ebc1""]"	[]	[]	"[""R16A-SUBGRAPH-48D9A7909436AE28275B""]"	"[""R16A-PAIR:85e32fbf7d295e72068df767318096879ed6af2c4af16cadd1313e3fca88fa26""]"	INVALID	QUALIFIED_PATH	RETAINED	ROUND16A_ACTIVE_PAIR_BASELINE_NO_GROUP_CLAIM	false	false	false	false	Preserve the exact prior VALID/INVALID attempt while applying the independently derived semantic outcome; never equate topology validity with group support.	fb72ac6edf97a5bd2166368ed49c7f6f3d3a3c232d9e328117034210fccd8b8d
468105499c7be102deec7d6555aced688dea9901	5419770959bdb8998b693fb2275b47e29b92367c	ROUND16A_TOPOLOGY_ENUMERATION_RESULT	R16A-SUBGRAPH-48D9A7909436AE28275B|REFLEXIVE_RETURN	docs/audits/v49-exploration-full-space-closure-round1/raw/composition-enumeration-v2.tsv	75efbe8f0e5d18d431b1e525900da6eb30ff6abe1a97d407058e637680ada2cd	113	30a1b78c16c5385f65bc9ad5d8bbd92c3785ab0c5e804d5f7d5432d556aceca1	890a385d21853f5dd96b62838ec820a9d0a4cdb8d2ebf55117f4b15f7e59d2be	"[""R16B-SENSE:14bd96e324918cf3d87ed84253055004be79647294bf62a305ccf9a65a46b863"",""R16B-SENSE:f1dafc6df9c9a66b0b7c19d34606a2ed638c193dc7047afb8a1f83b3d564ebc1""]"	[]	[]	"[""R16A-SUBGRAPH-48D9A7909436AE28275B""]"	"[""R16A-PAIR:85e32fbf7d295e72068df767318096879ed6af2c4af16cadd1313e3fca88fa26""]"	INVALID	REFLEXIVE_RETURN	RETAINED	ROUND16A_ACTIVE_PAIR_BASELINE_NO_GROUP_CLAIM	false	false	false	false	Preserve the exact prior VALID/INVALID attempt while applying the independently derived semantic outcome; never equate topology validity with group support.	80a6973550fa26d49c0847eb511a692dfb952132f930d6719ded6bf1335cdf51
468105499c7be102deec7d6555aced688dea9901	5419770959bdb8998b693fb2275b47e29b92367c	ROUND16A_TOPOLOGY_ENUMERATION_RESULT	R16A-SUBGRAPH-4B13242E1BA43813F66A|BINARY_CONVERGENCE	docs/audits/v49-exploration-full-space-closure-round1/raw/composition-enumeration-v2.tsv	75efbe8f0e5d18d431b1e525900da6eb30ff6abe1a97d407058e637680ada2cd	117	b018419a8a241169b25cf0cc28dafbb642bc90dcb9a1ebffe53547569c18eae3	7d407e71f244548ca1c95b0c98357ea7cc8b55526ee27808ee5aa33942dac0ab	"[""R16B-SENSE:3d5f8270a50edbaf14edbc7ae48c1cd8d230d94dbd0d1e60e116afca491720d7"",""R16B-SENSE:c6a305bac0ba3a375015fd389d830c7eb5ed46f883ed720ddfcb0dfff588055a""]"	[]	[]	"[""R16A-SUBGRAPH-4B13242E1BA43813F66A""]"	"[""R16A-PAIR:b4f5681b10410d082921b5dfe618fe94f639c10ae3dcb51eb904a4e02db3b9bf""]"	INVALID	BINARY_CONVERGENCE	RETAINED	ROUND16A_ACTIVE_PAIR_BASELINE_NO_GROUP_CLAIM	false	false	false	false	Preserve the exact prior VALID/INVALID attempt while applying the independently derived semantic outcome; never equate topology validity with group support.	a11616131cea458b57b52c56d8611e17b68ca5b512cb8035ed3e8428928b143a
468105499c7be102deec7d6555aced688dea9901	5419770959bdb8998b693fb2275b47e29b92367c	ROUND16A_TOPOLOGY_ENUMERATION_RESULT	R16A-SUBGRAPH-4B13242E1BA43813F66A|BINARY_FORK	docs/audits/v49-exploration-full-space-closure-round1/raw/composition-enumeration-v2.tsv	75efbe8f0e5d18d431b1e525900da6eb30ff6abe1a97d407058e637680ada2cd	116	8e08023454c1fe5471dd0bbf2147803c951176580d8e025bc22de93caf74cc40	7d407e71f244548ca1c95b0c98357ea7cc8b55526ee27808ee5aa33942dac0ab	"[""R16B-SENSE:3d5f8270a50edbaf14edbc7ae48c1cd8d230d94dbd0d1e60e116afca491720d7"",""R16B-SENSE:c6a305bac0ba3a375015fd389d830c7eb5ed46f883ed720ddfcb0dfff588055a""]"	[]	[]	"[""R16A-SUBGRAPH-4B13242E1BA43813F66A""]"	"[""R16A-PAIR:b4f5681b10410d082921b5dfe618fe94f639c10ae3dcb51eb904a4e02db3b9bf""]"	INVALID	BINARY_FORK	RETAINED	ROUND16A_ACTIVE_PAIR_BASELINE_NO_GROUP_CLAIM	false	false	false	false	Preserve the exact prior VALID/INVALID attempt while applying the independently derived semantic outcome; never equate topology validity with group support.	7d95e7c7a60a566bbb7a000fe1a91f0d22214fed4418e3406642bee325b92d64
468105499c7be102deec7d6555aced688dea9901	5419770959bdb8998b693fb2275b47e29b92367c	ROUND16A_TOPOLOGY_ENUMERATION_RESULT	R16A-SUBGRAPH-4B13242E1BA43813F66A|EVIDENCE_GAP_TREE	docs/audits/v49-exploration-full-space-closure-round1/raw/composition-enumeration-v2.tsv	75efbe8f0e5d18d431b1e525900da6eb30ff6abe1a97d407058e637680ada2cd	120	3be7935b4d7ce62c09bdb82c9eb1ead3f53abc731f51361c4088f9be652f8ccb	7d407e71f244548ca1c95b0c98357ea7cc8b55526ee27808ee5aa33942dac0ab	"[""R16B-SENSE:3d5f8270a50edbaf14edbc7ae48c1cd8d230d94dbd0d1e60e116afca491720d7"",""R16B-SENSE:c6a305bac0ba3a375015fd389d830c7eb5ed46f883ed720ddfcb0dfff588055a""]"	[]	[]	"[""R16A-SUBGRAPH-4B13242E1BA43813F66A""]"	"[""R16A-PAIR:b4f5681b10410d082921b5dfe618fe94f639c10ae3dcb51eb904a4e02db3b9bf""]"	INVALID	EVIDENCE_GAP_TREE	RETAINED	ROUND16A_ACTIVE_PAIR_BASELINE_NO_GROUP_CLAIM	false	false	false	false	Preserve the exact prior VALID/INVALID attempt while applying the independently derived semantic outcome; never equate topology validity with group support.	3110aa6423a033d35857570c18935bc862d9c7adcafb0a4323d4f62c222aeb1e
468105499c7be102deec7d6555aced688dea9901	5419770959bdb8998b693fb2275b47e29b92367c	ROUND16A_TOPOLOGY_ENUMERATION_RESULT	R16A-SUBGRAPH-4B13242E1BA43813F66A|LINEAR_PATH	docs/audits/v49-exploration-full-space-closure-round1/raw/composition-enumeration-v2.tsv	75efbe8f0e5d18d431b1e525900da6eb30ff6abe1a97d407058e637680ada2cd	115	1c9ad94bf4edcf627271c41abb84a499b8d27f967263284dfe1d4c23cc15a917	7d407e71f244548ca1c95b0c98357ea7cc8b55526ee27808ee5aa33942dac0ab	"[""R16B-SENSE:3d5f8270a50edbaf14edbc7ae48c1cd8d230d94dbd0d1e60e116afca491720d7"",""R16B-SENSE:c6a305bac0ba3a375015fd389d830c7eb5ed46f883ed720ddfcb0dfff588055a""]"	[]	[]	"[""R16A-SUBGRAPH-4B13242E1BA43813F66A""]"	"[""R16A-PAIR:b4f5681b10410d082921b5dfe618fe94f639c10ae3dcb51eb904a4e02db3b9bf""]"	VALID	LINEAR_PATH	RETAINED	ROUND16A_ACTIVE_PAIR_BASELINE_NO_GROUP_CLAIM	false	false	false	false	Preserve the exact prior VALID/INVALID attempt while applying the independently derived semantic outcome; never equate topology validity with group support.	88b36d37d27ef2885473115b44f016ccf3b43b02c2ddcd07bf372c0a8e6bacd6
468105499c7be102deec7d6555aced688dea9901	5419770959bdb8998b693fb2275b47e29b92367c	ROUND16A_TOPOLOGY_ENUMERATION_RESULT	R16A-SUBGRAPH-4B13242E1BA43813F66A|QUALIFIED_PATH	docs/audits/v49-exploration-full-space-closure-round1/raw/composition-enumeration-v2.tsv	75efbe8f0e5d18d431b1e525900da6eb30ff6abe1a97d407058e637680ada2cd	118	6ce439c6a41d41dd1c129801c0fdcbaff92d506af1e87ea3411942186f6d04f0	7d407e71f244548ca1c95b0c98357ea7cc8b55526ee27808ee5aa33942dac0ab	"[""R16B-SENSE:3d5f8270a50edbaf14edbc7ae48c1cd8d230d94dbd0d1e60e116afca491720d7"",""R16B-SENSE:c6a305bac0ba3a375015fd389d830c7eb5ed46f883ed720ddfcb0dfff588055a""]"	[]	[]	"[""R16A-SUBGRAPH-4B13242E1BA43813F66A""]"	"[""R16A-PAIR:b4f5681b10410d082921b5dfe618fe94f639c10ae3dcb51eb904a4e02db3b9bf""]"	INVALID	QUALIFIED_PATH	RETAINED	ROUND16A_ACTIVE_PAIR_BASELINE_NO_GROUP_CLAIM	false	false	false	false	Preserve the exact prior VALID/INVALID attempt while applying the independently derived semantic outcome; never equate topology validity with group support.	58b5496ff4e99519de8f315d47ddf0deb494caf0518c7a3b7179f75b75f8a9f8
468105499c7be102deec7d6555aced688dea9901	5419770959bdb8998b693fb2275b47e29b92367c	ROUND16A_TOPOLOGY_ENUMERATION_RESULT	R16A-SUBGRAPH-4B13242E1BA43813F66A|REFLEXIVE_RETURN	docs/audits/v49-exploration-full-space-closure-round1/raw/composition-enumeration-v2.tsv	75efbe8f0e5d18d431b1e525900da6eb30ff6abe1a97d407058e637680ada2cd	119	8abc07b5bc01ee525f756e2c3cf2231102e502f57764edf673087b2997c87774	7d407e71f244548ca1c95b0c98357ea7cc8b55526ee27808ee5aa33942dac0ab	"[""R16B-SENSE:3d5f8270a50edbaf14edbc7ae48c1cd8d230d94dbd0d1e60e116afca491720d7"",""R16B-SENSE:c6a305bac0ba3a375015fd389d830c7eb5ed46f883ed720ddfcb0dfff588055a""]"	[]	[]	"[""R16A-SUBGRAPH-4B13242E1BA43813F66A""]"	"[""R16A-PAIR:b4f5681b10410d082921b5dfe618fe94f639c10ae3dcb51eb904a4e02db3b9bf""]"	INVALID	REFLEXIVE_RETURN	RETAINED	ROUND16A_ACTIVE_PAIR_BASELINE_NO_GROUP_CLAIM	false	false	false	false	Preserve the exact prior VALID/INVALID attempt while applying the independently derived semantic outcome; never equate topology validity with group support.	fe0e232fb691e03c3dee8164136937324fe63d0e067b4f0a5f47cc827171ef17
468105499c7be102deec7d6555aced688dea9901	5419770959bdb8998b693fb2275b47e29b92367c	ROUND16A_TOPOLOGY_ENUMERATION_RESULT	R16A-SUBGRAPH-549258FB630681011B31|BINARY_CONVERGENCE	docs/audits/v49-exploration-full-space-closure-round1/raw/composition-enumeration-v2.tsv	75efbe8f0e5d18d431b1e525900da6eb30ff6abe1a97d407058e637680ada2cd	123	8aa97a9834471c7a41a2e500b9e5b611eec726ffb08b90e2689ca9bb7e086406	cc778f95f9e92ffc8e3b7ed3cf749211213e99a367ae19979e8d24c737e6d680	"[""R16B-SENSE:8b4838ede22f2afe50260d73a4ee4b986be96dd92b53e980d8f6312b9e8ca51a"",""R16B-SENSE:ffbea4357064ed41f3937f9e81c7425cc705fec020515cef904f2473a6e9302b""]"	[]	[]	"[""R16A-SUBGRAPH-549258FB630681011B31""]"	"[""R16A-PAIR:ddf7068abba0b034d15023b3a2a2a74b3a892cbbd7c38a505f9168dece946905""]"	INVALID	BINARY_CONVERGENCE	RETAINED	ROUND16A_ACTIVE_PAIR_BASELINE_NO_GROUP_CLAIM	false	false	false	false	Preserve the exact prior VALID/INVALID attempt while applying the independently derived semantic outcome; never equate topology validity with group support.	23db6da998997c794a845734f9b140a1a72b4688c1c5c8ec3254892e7eaf2743
468105499c7be102deec7d6555aced688dea9901	5419770959bdb8998b693fb2275b47e29b92367c	ROUND16A_TOPOLOGY_ENUMERATION_RESULT	R16A-SUBGRAPH-549258FB630681011B31|BINARY_FORK	docs/audits/v49-exploration-full-space-closure-round1/raw/composition-enumeration-v2.tsv	75efbe8f0e5d18d431b1e525900da6eb30ff6abe1a97d407058e637680ada2cd	122	809f21d0ee86577c339ce6b0c8beb0b42120d7a30584ba4bb4484dff0f01e410	cc778f95f9e92ffc8e3b7ed3cf749211213e99a367ae19979e8d24c737e6d680	"[""R16B-SENSE:8b4838ede22f2afe50260d73a4ee4b986be96dd92b53e980d8f6312b9e8ca51a"",""R16B-SENSE:ffbea4357064ed41f3937f9e81c7425cc705fec020515cef904f2473a6e9302b""]"	[]	[]	"[""R16A-SUBGRAPH-549258FB630681011B31""]"	"[""R16A-PAIR:ddf7068abba0b034d15023b3a2a2a74b3a892cbbd7c38a505f9168dece946905""]"	INVALID	BINARY_FORK	RETAINED	ROUND16A_ACTIVE_PAIR_BASELINE_NO_GROUP_CLAIM	false	false	false	false	Preserve the exact prior VALID/INVALID attempt while applying the independently derived semantic outcome; never equate topology validity with group support.	e497ef8ce1d8eaf0f9b5c0a5167c18137a67e0d653c45822fc1c5ca1c7ade170
468105499c7be102deec7d6555aced688dea9901	5419770959bdb8998b693fb2275b47e29b92367c	ROUND16A_TOPOLOGY_ENUMERATION_RESULT	R16A-SUBGRAPH-549258FB630681011B31|EVIDENCE_GAP_TREE	docs/audits/v49-exploration-full-space-closure-round1/raw/composition-enumeration-v2.tsv	75efbe8f0e5d18d431b1e525900da6eb30ff6abe1a97d407058e637680ada2cd	126	f5064fb185e0b09231afad0c33df0ae19dc26094399265e595e23e3db39ed014	cc778f95f9e92ffc8e3b7ed3cf749211213e99a367ae19979e8d24c737e6d680	"[""R16B-SENSE:8b4838ede22f2afe50260d73a4ee4b986be96dd92b53e980d8f6312b9e8ca51a"",""R16B-SENSE:ffbea4357064ed41f3937f9e81c7425cc705fec020515cef904f2473a6e9302b""]"	[]	[]	"[""R16A-SUBGRAPH-549258FB630681011B31""]"	"[""R16A-PAIR:ddf7068abba0b034d15023b3a2a2a74b3a892cbbd7c38a505f9168dece946905""]"	INVALID	EVIDENCE_GAP_TREE	RETAINED	ROUND16A_ACTIVE_PAIR_BASELINE_NO_GROUP_CLAIM	false	false	false	false	Preserve the exact prior VALID/INVALID attempt while applying the independently derived semantic outcome; never equate topology validity with group support.	12d5091c19df4dc92fd3925d7e128a84faf1b3a423fc50d7e847029f544abcfc
468105499c7be102deec7d6555aced688dea9901	5419770959bdb8998b693fb2275b47e29b92367c	ROUND16A_TOPOLOGY_ENUMERATION_RESULT	R16A-SUBGRAPH-549258FB630681011B31|LINEAR_PATH	docs/audits/v49-exploration-full-space-closure-round1/raw/composition-enumeration-v2.tsv	75efbe8f0e5d18d431b1e525900da6eb30ff6abe1a97d407058e637680ada2cd	121	b721d559136af570977dc2081de8f1a38fe1b08ed1e32b4a4c00745c792e31aa	cc778f95f9e92ffc8e3b7ed3cf749211213e99a367ae19979e8d24c737e6d680	"[""R16B-SENSE:8b4838ede22f2afe50260d73a4ee4b986be96dd92b53e980d8f6312b9e8ca51a"",""R16B-SENSE:ffbea4357064ed41f3937f9e81c7425cc705fec020515cef904f2473a6e9302b""]"	[]	[]	"[""R16A-SUBGRAPH-549258FB630681011B31""]"	"[""R16A-PAIR:ddf7068abba0b034d15023b3a2a2a74b3a892cbbd7c38a505f9168dece946905""]"	VALID	LINEAR_PATH	RETAINED	ROUND16A_ACTIVE_PAIR_BASELINE_NO_GROUP_CLAIM	false	false	false	false	Preserve the exact prior VALID/INVALID attempt while applying the independently derived semantic outcome; never equate topology validity with group support.	d6d01c0949e98cc0399c759da4c7921cb6a348492bf6c6553a8a5c6e3efe4db0
468105499c7be102deec7d6555aced688dea9901	5419770959bdb8998b693fb2275b47e29b92367c	ROUND16A_TOPOLOGY_ENUMERATION_RESULT	R16A-SUBGRAPH-549258FB630681011B31|QUALIFIED_PATH	docs/audits/v49-exploration-full-space-closure-round1/raw/composition-enumeration-v2.tsv	75efbe8f0e5d18d431b1e525900da6eb30ff6abe1a97d407058e637680ada2cd	124	b3273b2cafda8af6eeb4d2de50df53e8bfc9fb25999bfcf4cf3ce2432f4132d6	cc778f95f9e92ffc8e3b7ed3cf749211213e99a367ae19979e8d24c737e6d680	"[""R16B-SENSE:8b4838ede22f2afe50260d73a4ee4b986be96dd92b53e980d8f6312b9e8ca51a"",""R16B-SENSE:ffbea4357064ed41f3937f9e81c7425cc705fec020515cef904f2473a6e9302b""]"	[]	[]	"[""R16A-SUBGRAPH-549258FB630681011B31""]"	"[""R16A-PAIR:ddf7068abba0b034d15023b3a2a2a74b3a892cbbd7c38a505f9168dece946905""]"	INVALID	QUALIFIED_PATH	RETAINED	ROUND16A_ACTIVE_PAIR_BASELINE_NO_GROUP_CLAIM	false	false	false	false	Preserve the exact prior VALID/INVALID attempt while applying the independently derived semantic outcome; never equate topology validity with group support.	a887307f99e9a32b8743fe49d35d0ba2158e029b167b5feb5f1d6088aaf8442d
468105499c7be102deec7d6555aced688dea9901	5419770959bdb8998b693fb2275b47e29b92367c	ROUND16A_TOPOLOGY_ENUMERATION_RESULT	R16A-SUBGRAPH-549258FB630681011B31|REFLEXIVE_RETURN	docs/audits/v49-exploration-full-space-closure-round1/raw/composition-enumeration-v2.tsv	75efbe8f0e5d18d431b1e525900da6eb30ff6abe1a97d407058e637680ada2cd	125	dd1b8163c33a87e6f118f85c65b33c8ac84024ee2e9b684e2368c0cf3539eb10	cc778f95f9e92ffc8e3b7ed3cf749211213e99a367ae19979e8d24c737e6d680	"[""R16B-SENSE:8b4838ede22f2afe50260d73a4ee4b986be96dd92b53e980d8f6312b9e8ca51a"",""R16B-SENSE:ffbea4357064ed41f3937f9e81c7425cc705fec020515cef904f2473a6e9302b""]"	[]	[]	"[""R16A-SUBGRAPH-549258FB630681011B31""]"	"[""R16A-PAIR:ddf7068abba0b034d15023b3a2a2a74b3a892cbbd7c38a505f9168dece946905""]"	INVALID	REFLEXIVE_RETURN	RETAINED	ROUND16A_ACTIVE_PAIR_BASELINE_NO_GROUP_CLAIM	false	false	false	false	Preserve the exact prior VALID/INVALID attempt while applying the independently derived semantic outcome; never equate topology validity with group support.	61689ba8523305fc12d1f1487d71b3412de2f138b90bc109ed99f90a89941300
468105499c7be102deec7d6555aced688dea9901	5419770959bdb8998b693fb2275b47e29b92367c	ROUND16A_TOPOLOGY_ENUMERATION_RESULT	R16A-SUBGRAPH-5864EACF9ED32676903D|BINARY_CONVERGENCE	docs/audits/v49-exploration-full-space-closure-round1/raw/composition-enumeration-v2.tsv	75efbe8f0e5d18d431b1e525900da6eb30ff6abe1a97d407058e637680ada2cd	129	eca60743825bd6f25f8b63165f1d10248dd03cb1a33fc883dfcb9392a3b40754	7e0a0ee4f78d2f565c4f7771653ecc5a27828dd9fb704139d1e068f2a5fdce64	"[""R16B-SENSE:06c230c771547ee49390903e0bad7aaf44063613309c93bcbd72e808116af4c6"",""R16B-SENSE:35489187871bfd7b7be6e2d5268a3a922984d3bdad9e9a8ca61ea6edee84a5a7"",""R16B-SENSE:419a96e12217bfa4ed031510c32033cb2408489e3abb14eb28291b13c068e159""]"	"[""R16B-LOCAL-FAMILY:7e0a0ee4f78d2f565c4f7771653ecc5a27828dd9fb704139d1e068f2a5fdce64""]"	"[""BOUNDED_SENSE_OR_SCOPE_CONFLICT""]"	"[""R16A-SUBGRAPH-5864EACF9ED32676903D""]"	"[""R16A-PAIR:27598c04934f3d33ad80dfb1aecc18d272cf86ee7fe3a726a95aae81144dfb06"",""R16A-PAIR:818cc370417319af9a65fec5211969862df5c48a821265533ba289932e57b18c"",""R16A-PAIR:a364e4ea20e2f9e24e1fc980dc1ab703ae69a0fc86aa626a14e45cca0ea3bbb2""]"	INVALID	BINARY_CONVERGENCE	REJECTED	FAMILY_FINAL_DISPOSITION:BOUNDED_SENSE_OR_SCOPE_CONFLICT	false	false	false	false	Preserve the exact prior VALID/INVALID attempt while applying the independently derived semantic outcome; never equate topology validity with group support.	492905bce4d2be074e8c654f7779d95e74c0e5d2153e690597fac8b1ea881854
468105499c7be102deec7d6555aced688dea9901	5419770959bdb8998b693fb2275b47e29b92367c	ROUND16A_TOPOLOGY_ENUMERATION_RESULT	R16A-SUBGRAPH-5864EACF9ED32676903D|BINARY_FORK	docs/audits/v49-exploration-full-space-closure-round1/raw/composition-enumeration-v2.tsv	75efbe8f0e5d18d431b1e525900da6eb30ff6abe1a97d407058e637680ada2cd	128	d202c4b288117162f580ca5aaa450870f0e3cc8231e3e7f9a520ac355c9b8860	7e0a0ee4f78d2f565c4f7771653ecc5a27828dd9fb704139d1e068f2a5fdce64	"[""R16B-SENSE:06c230c771547ee49390903e0bad7aaf44063613309c93bcbd72e808116af4c6"",""R16B-SENSE:35489187871bfd7b7be6e2d5268a3a922984d3bdad9e9a8ca61ea6edee84a5a7"",""R16B-SENSE:419a96e12217bfa4ed031510c32033cb2408489e3abb14eb28291b13c068e159""]"	"[""R16B-LOCAL-FAMILY:7e0a0ee4f78d2f565c4f7771653ecc5a27828dd9fb704139d1e068f2a5fdce64""]"	"[""BOUNDED_SENSE_OR_SCOPE_CONFLICT""]"	"[""R16A-SUBGRAPH-5864EACF9ED32676903D""]"	"[""R16A-PAIR:27598c04934f3d33ad80dfb1aecc18d272cf86ee7fe3a726a95aae81144dfb06"",""R16A-PAIR:818cc370417319af9a65fec5211969862df5c48a821265533ba289932e57b18c"",""R16A-PAIR:a364e4ea20e2f9e24e1fc980dc1ab703ae69a0fc86aa626a14e45cca0ea3bbb2""]"	INVALID	BINARY_FORK	REJECTED	FAMILY_FINAL_DISPOSITION:BOUNDED_SENSE_OR_SCOPE_CONFLICT	false	false	false	false	Preserve the exact prior VALID/INVALID attempt while applying the independently derived semantic outcome; never equate topology validity with group support.	e80579090d5bfe7f976cca53c2aefb028788d0c93cd71495fcbb3c23d91f6eb6
468105499c7be102deec7d6555aced688dea9901	5419770959bdb8998b693fb2275b47e29b92367c	ROUND16A_TOPOLOGY_ENUMERATION_RESULT	R16A-SUBGRAPH-5864EACF9ED32676903D|EVIDENCE_GAP_TREE	docs/audits/v49-exploration-full-space-closure-round1/raw/composition-enumeration-v2.tsv	75efbe8f0e5d18d431b1e525900da6eb30ff6abe1a97d407058e637680ada2cd	132	cf9d99f34c3d562438743b8bc6c82a1a24726c376418b1494c9cd251cf8bd40b	7e0a0ee4f78d2f565c4f7771653ecc5a27828dd9fb704139d1e068f2a5fdce64	"[""R16B-SENSE:06c230c771547ee49390903e0bad7aaf44063613309c93bcbd72e808116af4c6"",""R16B-SENSE:35489187871bfd7b7be6e2d5268a3a922984d3bdad9e9a8ca61ea6edee84a5a7"",""R16B-SENSE:419a96e12217bfa4ed031510c32033cb2408489e3abb14eb28291b13c068e159""]"	"[""R16B-LOCAL-FAMILY:7e0a0ee4f78d2f565c4f7771653ecc5a27828dd9fb704139d1e068f2a5fdce64""]"	"[""BOUNDED_SENSE_OR_SCOPE_CONFLICT""]"	"[""R16A-SUBGRAPH-5864EACF9ED32676903D""]"	"[""R16A-PAIR:27598c04934f3d33ad80dfb1aecc18d272cf86ee7fe3a726a95aae81144dfb06"",""R16A-PAIR:818cc370417319af9a65fec5211969862df5c48a821265533ba289932e57b18c"",""R16A-PAIR:a364e4ea20e2f9e24e1fc980dc1ab703ae69a0fc86aa626a14e45cca0ea3bbb2""]"	INVALID	EVIDENCE_GAP_TREE	REJECTED	FAMILY_FINAL_DISPOSITION:BOUNDED_SENSE_OR_SCOPE_CONFLICT	false	false	false	false	Preserve the exact prior VALID/INVALID attempt while applying the independently derived semantic outcome; never equate topology validity with group support.	718e8158ad465b6318c314de6509d93aaf9eea194232baabf0eaa8267a24fb31
468105499c7be102deec7d6555aced688dea9901	5419770959bdb8998b693fb2275b47e29b92367c	ROUND16A_TOPOLOGY_ENUMERATION_RESULT	R16A-SUBGRAPH-5864EACF9ED32676903D|LINEAR_PATH	docs/audits/v49-exploration-full-space-closure-round1/raw/composition-enumeration-v2.tsv	75efbe8f0e5d18d431b1e525900da6eb30ff6abe1a97d407058e637680ada2cd	127	ce7e3c9ecfeee73120ded0856324cf84b8a65b951bf8915e85e0fa0b015603dc	7e0a0ee4f78d2f565c4f7771653ecc5a27828dd9fb704139d1e068f2a5fdce64	"[""R16B-SENSE:06c230c771547ee49390903e0bad7aaf44063613309c93bcbd72e808116af4c6"",""R16B-SENSE:35489187871bfd7b7be6e2d5268a3a922984d3bdad9e9a8ca61ea6edee84a5a7"",""R16B-SENSE:419a96e12217bfa4ed031510c32033cb2408489e3abb14eb28291b13c068e159""]"	"[""R16B-LOCAL-FAMILY:7e0a0ee4f78d2f565c4f7771653ecc5a27828dd9fb704139d1e068f2a5fdce64""]"	"[""BOUNDED_SENSE_OR_SCOPE_CONFLICT""]"	"[""R16A-SUBGRAPH-5864EACF9ED32676903D""]"	"[""R16A-PAIR:27598c04934f3d33ad80dfb1aecc18d272cf86ee7fe3a726a95aae81144dfb06"",""R16A-PAIR:818cc370417319af9a65fec5211969862df5c48a821265533ba289932e57b18c"",""R16A-PAIR:a364e4ea20e2f9e24e1fc980dc1ab703ae69a0fc86aa626a14e45cca0ea3bbb2""]"	INVALID	LINEAR_PATH	REJECTED	FAMILY_FINAL_DISPOSITION:BOUNDED_SENSE_OR_SCOPE_CONFLICT	false	false	false	false	Preserve the exact prior VALID/INVALID attempt while applying the independently derived semantic outcome; never equate topology validity with group support.	354caa1a92cc276383b961e49163ce04d046179d5dc71bcfa393999dfb0326ae
468105499c7be102deec7d6555aced688dea9901	5419770959bdb8998b693fb2275b47e29b92367c	ROUND16A_TOPOLOGY_ENUMERATION_RESULT	R16A-SUBGRAPH-5864EACF9ED32676903D|QUALIFIED_PATH	docs/audits/v49-exploration-full-space-closure-round1/raw/composition-enumeration-v2.tsv	75efbe8f0e5d18d431b1e525900da6eb30ff6abe1a97d407058e637680ada2cd	130	cf1f3eded08f9b06bbafb6bbd7a476134c3a7bdc8b9303c17cf63bb9fe93522d	7e0a0ee4f78d2f565c4f7771653ecc5a27828dd9fb704139d1e068f2a5fdce64	"[""R16B-SENSE:06c230c771547ee49390903e0bad7aaf44063613309c93bcbd72e808116af4c6"",""R16B-SENSE:35489187871bfd7b7be6e2d5268a3a922984d3bdad9e9a8ca61ea6edee84a5a7"",""R16B-SENSE:419a96e12217bfa4ed031510c32033cb2408489e3abb14eb28291b13c068e159""]"	"[""R16B-LOCAL-FAMILY:7e0a0ee4f78d2f565c4f7771653ecc5a27828dd9fb704139d1e068f2a5fdce64""]"	"[""BOUNDED_SENSE_OR_SCOPE_CONFLICT""]"	"[""R16A-SUBGRAPH-5864EACF9ED32676903D""]"	"[""R16A-PAIR:27598c04934f3d33ad80dfb1aecc18d272cf86ee7fe3a726a95aae81144dfb06"",""R16A-PAIR:818cc370417319af9a65fec5211969862df5c48a821265533ba289932e57b18c"",""R16A-PAIR:a364e4ea20e2f9e24e1fc980dc1ab703ae69a0fc86aa626a14e45cca0ea3bbb2""]"	INVALID	QUALIFIED_PATH	REJECTED	FAMILY_FINAL_DISPOSITION:BOUNDED_SENSE_OR_SCOPE_CONFLICT	false	false	false	false	Preserve the exact prior VALID/INVALID attempt while applying the independently derived semantic outcome; never equate topology validity with group support.	e60ff08f926d120690825de390e94b73d9d8a986378a379bd18bb09a8e612d0c
468105499c7be102deec7d6555aced688dea9901	5419770959bdb8998b693fb2275b47e29b92367c	ROUND16A_TOPOLOGY_ENUMERATION_RESULT	R16A-SUBGRAPH-5864EACF9ED32676903D|REFLEXIVE_RETURN	docs/audits/v49-exploration-full-space-closure-round1/raw/composition-enumeration-v2.tsv	75efbe8f0e5d18d431b1e525900da6eb30ff6abe1a97d407058e637680ada2cd	131	e8caad371b49b154b4bc8bc821157a59482b2d98083515b560f57e24c5f225c1	7e0a0ee4f78d2f565c4f7771653ecc5a27828dd9fb704139d1e068f2a5fdce64	"[""R16B-SENSE:06c230c771547ee49390903e0bad7aaf44063613309c93bcbd72e808116af4c6"",""R16B-SENSE:35489187871bfd7b7be6e2d5268a3a922984d3bdad9e9a8ca61ea6edee84a5a7"",""R16B-SENSE:419a96e12217bfa4ed031510c32033cb2408489e3abb14eb28291b13c068e159""]"	"[""R16B-LOCAL-FAMILY:7e0a0ee4f78d2f565c4f7771653ecc5a27828dd9fb704139d1e068f2a5fdce64""]"	"[""BOUNDED_SENSE_OR_SCOPE_CONFLICT""]"	"[""R16A-SUBGRAPH-5864EACF9ED32676903D""]"	"[""R16A-PAIR:27598c04934f3d33ad80dfb1aecc18d272cf86ee7fe3a726a95aae81144dfb06"",""R16A-PAIR:818cc370417319af9a65fec5211969862df5c48a821265533ba289932e57b18c"",""R16A-PAIR:a364e4ea20e2f9e24e1fc980dc1ab703ae69a0fc86aa626a14e45cca0ea3bbb2""]"	INVALID	REFLEXIVE_RETURN	REJECTED	FAMILY_FINAL_DISPOSITION:BOUNDED_SENSE_OR_SCOPE_CONFLICT	false	false	false	false	Preserve the exact prior VALID/INVALID attempt while applying the independently derived semantic outcome; never equate topology validity with group support.	045c1d07563cc15511613c9525cf788d6fa7c2cfc0d199e037aa4b4132ef88ab
468105499c7be102deec7d6555aced688dea9901	5419770959bdb8998b693fb2275b47e29b92367c	ROUND16A_TOPOLOGY_ENUMERATION_RESULT	R16A-SUBGRAPH-5AD0FF2B8DFB96439315|BINARY_CONVERGENCE	docs/audits/v49-exploration-full-space-closure-round1/raw/composition-enumeration-v2.tsv	75efbe8f0e5d18d431b1e525900da6eb30ff6abe1a97d407058e637680ada2cd	135	5da42914acdf9d5c6fbae30edb49d952a3b2732e2c22be8ae6485962558e7f19	89817e7a449f1cc7b574fb1b89c9541f765e52825c5cb62bf0a2bb833e8f970a	"[""R16B-SENSE:4e14e64610176c44c8a9775fba3a7d484b4eee0fb06ee9553c17675cb7f0b634"",""R16B-SENSE:f0e28e13851d04c13b701f53d9b3911cb50fc572cc6203c64527804f0b37e909"",""R16B-SENSE:f26224717160ca63c45ca85fe7c23e1469baa3e10672a68beafb13d195d0915d"",""R16B-SENSE:fa3369a6eb4bebe96ee289987f963e539b8da9c27ea0f454e8a24b6bddf9306f""]"	"[""R16B-LOCAL-FAMILY:89817e7a449f1cc7b574fb1b89c9541f765e52825c5cb62bf0a2bb833e8f970a""]"	"[""INQUIRY_ONLY_OR_UNRESOLVED""]"	"[""R16A-SUBGRAPH-5AD0FF2B8DFB96439315""]"	"[""R16A-PAIR:2ea00c84f44e9da21aae78f742f5cf6cba09fee7e94d77ff3420dc07dd64cbb5"",""R16A-PAIR:5841a12151ac0ce714f0b8e279e939bed009b3f2be71086cde6033cbbd11b4ea"",""R16A-PAIR:e153332b67669fdaa24f256bfcf61135e56eb2894e48481afc71ae4327c81422""]"	INVALID	BINARY_CONVERGENCE	INQUIRY	FAMILY_FINAL_DISPOSITION:INQUIRY_ONLY_OR_UNRESOLVED	false	false	false	false	Preserve the exact prior VALID/INVALID attempt while applying the independently derived semantic outcome; never equate topology validity with group support.	67b68d24d511ec9a589453fe44bb8845dd365b8e8d217afa1bb61cb87a1bb685
468105499c7be102deec7d6555aced688dea9901	5419770959bdb8998b693fb2275b47e29b92367c	ROUND16A_TOPOLOGY_ENUMERATION_RESULT	R16A-SUBGRAPH-5AD0FF2B8DFB96439315|BINARY_FORK	docs/audits/v49-exploration-full-space-closure-round1/raw/composition-enumeration-v2.tsv	75efbe8f0e5d18d431b1e525900da6eb30ff6abe1a97d407058e637680ada2cd	134	c7bfdb9198bcdaed892ad610a7e2d7502ba236c9c9fec864e8ff9ae4351236b5	89817e7a449f1cc7b574fb1b89c9541f765e52825c5cb62bf0a2bb833e8f970a	"[""R16B-SENSE:4e14e64610176c44c8a9775fba3a7d484b4eee0fb06ee9553c17675cb7f0b634"",""R16B-SENSE:f0e28e13851d04c13b701f53d9b3911cb50fc572cc6203c64527804f0b37e909"",""R16B-SENSE:f26224717160ca63c45ca85fe7c23e1469baa3e10672a68beafb13d195d0915d"",""R16B-SENSE:fa3369a6eb4bebe96ee289987f963e539b8da9c27ea0f454e8a24b6bddf9306f""]"	"[""R16B-LOCAL-FAMILY:89817e7a449f1cc7b574fb1b89c9541f765e52825c5cb62bf0a2bb833e8f970a""]"	"[""INQUIRY_ONLY_OR_UNRESOLVED""]"	"[""R16A-SUBGRAPH-5AD0FF2B8DFB96439315""]"	"[""R16A-PAIR:2ea00c84f44e9da21aae78f742f5cf6cba09fee7e94d77ff3420dc07dd64cbb5"",""R16A-PAIR:5841a12151ac0ce714f0b8e279e939bed009b3f2be71086cde6033cbbd11b4ea"",""R16A-PAIR:e153332b67669fdaa24f256bfcf61135e56eb2894e48481afc71ae4327c81422""]"	INVALID	BINARY_FORK	INQUIRY	FAMILY_FINAL_DISPOSITION:INQUIRY_ONLY_OR_UNRESOLVED	false	false	false	false	Preserve the exact prior VALID/INVALID attempt while applying the independently derived semantic outcome; never equate topology validity with group support.	37acbd7c1bcf27c035df76919ce5942956eccc95519721ddce8a3a190b925bb4
468105499c7be102deec7d6555aced688dea9901	5419770959bdb8998b693fb2275b47e29b92367c	ROUND16A_TOPOLOGY_ENUMERATION_RESULT	R16A-SUBGRAPH-5AD0FF2B8DFB96439315|EVIDENCE_GAP_TREE	docs/audits/v49-exploration-full-space-closure-round1/raw/composition-enumeration-v2.tsv	75efbe8f0e5d18d431b1e525900da6eb30ff6abe1a97d407058e637680ada2cd	138	86c35606a81d253ac489d58f4104b38d4d3fcef1abca8c40cb3053b2eb8ce041	89817e7a449f1cc7b574fb1b89c9541f765e52825c5cb62bf0a2bb833e8f970a	"[""R16B-SENSE:4e14e64610176c44c8a9775fba3a7d484b4eee0fb06ee9553c17675cb7f0b634"",""R16B-SENSE:f0e28e13851d04c13b701f53d9b3911cb50fc572cc6203c64527804f0b37e909"",""R16B-SENSE:f26224717160ca63c45ca85fe7c23e1469baa3e10672a68beafb13d195d0915d"",""R16B-SENSE:fa3369a6eb4bebe96ee289987f963e539b8da9c27ea0f454e8a24b6bddf9306f""]"	"[""R16B-LOCAL-FAMILY:89817e7a449f1cc7b574fb1b89c9541f765e52825c5cb62bf0a2bb833e8f970a""]"	"[""INQUIRY_ONLY_OR_UNRESOLVED""]"	"[""R16A-SUBGRAPH-5AD0FF2B8DFB96439315""]"	"[""R16A-PAIR:2ea00c84f44e9da21aae78f742f5cf6cba09fee7e94d77ff3420dc07dd64cbb5"",""R16A-PAIR:5841a12151ac0ce714f0b8e279e939bed009b3f2be71086cde6033cbbd11b4ea"",""R16A-PAIR:e153332b67669fdaa24f256bfcf61135e56eb2894e48481afc71ae4327c81422""]"	INVALID	EVIDENCE_GAP_TREE	INQUIRY	FAMILY_FINAL_DISPOSITION:INQUIRY_ONLY_OR_UNRESOLVED	false	false	false	false	Preserve the exact prior VALID/INVALID attempt while applying the independently derived semantic outcome; never equate topology validity with group support.	9892f78322f0b9b60af63c022920c64defc5bfc5184cc14a6bddf8d8cad05000
468105499c7be102deec7d6555aced688dea9901	5419770959bdb8998b693fb2275b47e29b92367c	ROUND16A_TOPOLOGY_ENUMERATION_RESULT	R16A-SUBGRAPH-5AD0FF2B8DFB96439315|LINEAR_PATH	docs/audits/v49-exploration-full-space-closure-round1/raw/composition-enumeration-v2.tsv	75efbe8f0e5d18d431b1e525900da6eb30ff6abe1a97d407058e637680ada2cd	133	555a3623f78a1bfb645a7ca585035ccf28ef48f525a8338a1abde48f1a74c4e8	89817e7a449f1cc7b574fb1b89c9541f765e52825c5cb62bf0a2bb833e8f970a	"[""R16B-SENSE:4e14e64610176c44c8a9775fba3a7d484b4eee0fb06ee9553c17675cb7f0b634"",""R16B-SENSE:f0e28e13851d04c13b701f53d9b3911cb50fc572cc6203c64527804f0b37e909"",""R16B-SENSE:f26224717160ca63c45ca85fe7c23e1469baa3e10672a68beafb13d195d0915d"",""R16B-SENSE:fa3369a6eb4bebe96ee289987f963e539b8da9c27ea0f454e8a24b6bddf9306f""]"	"[""R16B-LOCAL-FAMILY:89817e7a449f1cc7b574fb1b89c9541f765e52825c5cb62bf0a2bb833e8f970a""]"	"[""INQUIRY_ONLY_OR_UNRESOLVED""]"	"[""R16A-SUBGRAPH-5AD0FF2B8DFB96439315""]"	"[""R16A-PAIR:2ea00c84f44e9da21aae78f742f5cf6cba09fee7e94d77ff3420dc07dd64cbb5"",""R16A-PAIR:5841a12151ac0ce714f0b8e279e939bed009b3f2be71086cde6033cbbd11b4ea"",""R16A-PAIR:e153332b67669fdaa24f256bfcf61135e56eb2894e48481afc71ae4327c81422""]"	INVALID	LINEAR_PATH	INQUIRY	FAMILY_FINAL_DISPOSITION:INQUIRY_ONLY_OR_UNRESOLVED	false	false	false	false	Preserve the exact prior VALID/INVALID attempt while applying the independently derived semantic outcome; never equate topology validity with group support.	b344db431077a800e141959e796aea40c59f5f389178565327231c0468e7e6fb
468105499c7be102deec7d6555aced688dea9901	5419770959bdb8998b693fb2275b47e29b92367c	ROUND16A_TOPOLOGY_ENUMERATION_RESULT	R16A-SUBGRAPH-5AD0FF2B8DFB96439315|QUALIFIED_PATH	docs/audits/v49-exploration-full-space-closure-round1/raw/composition-enumeration-v2.tsv	75efbe8f0e5d18d431b1e525900da6eb30ff6abe1a97d407058e637680ada2cd	136	c602daa66fcc3aa9f09e719ba7030e35c9ea522a19fdf45a28f697de664fe86b	89817e7a449f1cc7b574fb1b89c9541f765e52825c5cb62bf0a2bb833e8f970a	"[""R16B-SENSE:4e14e64610176c44c8a9775fba3a7d484b4eee0fb06ee9553c17675cb7f0b634"",""R16B-SENSE:f0e28e13851d04c13b701f53d9b3911cb50fc572cc6203c64527804f0b37e909"",""R16B-SENSE:f26224717160ca63c45ca85fe7c23e1469baa3e10672a68beafb13d195d0915d"",""R16B-SENSE:fa3369a6eb4bebe96ee289987f963e539b8da9c27ea0f454e8a24b6bddf9306f""]"	"[""R16B-LOCAL-FAMILY:89817e7a449f1cc7b574fb1b89c9541f765e52825c5cb62bf0a2bb833e8f970a""]"	"[""INQUIRY_ONLY_OR_UNRESOLVED""]"	"[""R16A-SUBGRAPH-5AD0FF2B8DFB96439315""]"	"[""R16A-PAIR:2ea00c84f44e9da21aae78f742f5cf6cba09fee7e94d77ff3420dc07dd64cbb5"",""R16A-PAIR:5841a12151ac0ce714f0b8e279e939bed009b3f2be71086cde6033cbbd11b4ea"",""R16A-PAIR:e153332b67669fdaa24f256bfcf61135e56eb2894e48481afc71ae4327c81422""]"	INVALID	QUALIFIED_PATH	INQUIRY	FAMILY_FINAL_DISPOSITION:INQUIRY_ONLY_OR_UNRESOLVED	false	false	false	false	Preserve the exact prior VALID/INVALID attempt while applying the independently derived semantic outcome; never equate topology validity with group support.	c7ad4d975f15e3c30b661b1c4e1ddb899c412f9a318721139176ef52a2d02ccd
468105499c7be102deec7d6555aced688dea9901	5419770959bdb8998b693fb2275b47e29b92367c	ROUND16A_TOPOLOGY_ENUMERATION_RESULT	R16A-SUBGRAPH-5AD0FF2B8DFB96439315|REFLEXIVE_RETURN	docs/audits/v49-exploration-full-space-closure-round1/raw/composition-enumeration-v2.tsv	75efbe8f0e5d18d431b1e525900da6eb30ff6abe1a97d407058e637680ada2cd	137	ba7e198e5788682269518c5a211adc01b1c8d451f6f77e6b5e22c4c8a2910143	89817e7a449f1cc7b574fb1b89c9541f765e52825c5cb62bf0a2bb833e8f970a	"[""R16B-SENSE:4e14e64610176c44c8a9775fba3a7d484b4eee0fb06ee9553c17675cb7f0b634"",""R16B-SENSE:f0e28e13851d04c13b701f53d9b3911cb50fc572cc6203c64527804f0b37e909"",""R16B-SENSE:f26224717160ca63c45ca85fe7c23e1469baa3e10672a68beafb13d195d0915d"",""R16B-SENSE:fa3369a6eb4bebe96ee289987f963e539b8da9c27ea0f454e8a24b6bddf9306f""]"	"[""R16B-LOCAL-FAMILY:89817e7a449f1cc7b574fb1b89c9541f765e52825c5cb62bf0a2bb833e8f970a""]"	"[""INQUIRY_ONLY_OR_UNRESOLVED""]"	"[""R16A-SUBGRAPH-5AD0FF2B8DFB96439315""]"	"[""R16A-PAIR:2ea00c84f44e9da21aae78f742f5cf6cba09fee7e94d77ff3420dc07dd64cbb5"",""R16A-PAIR:5841a12151ac0ce714f0b8e279e939bed009b3f2be71086cde6033cbbd11b4ea"",""R16A-PAIR:e153332b67669fdaa24f256bfcf61135e56eb2894e48481afc71ae4327c81422""]"	INVALID	REFLEXIVE_RETURN	INQUIRY	FAMILY_FINAL_DISPOSITION:INQUIRY_ONLY_OR_UNRESOLVED	false	false	false	false	Preserve the exact prior VALID/INVALID attempt while applying the independently derived semantic outcome; never equate topology validity with group support.	1d2f0ceda9e9a492f78b2efb0a48741b3710ca361a5359fd21d44d3be18dcde9
468105499c7be102deec7d6555aced688dea9901	5419770959bdb8998b693fb2275b47e29b92367c	ROUND16A_TOPOLOGY_ENUMERATION_RESULT	R16A-SUBGRAPH-5EA8EA6ADCB918F85D76|BINARY_CONVERGENCE	docs/audits/v49-exploration-full-space-closure-round1/raw/composition-enumeration-v2.tsv	75efbe8f0e5d18d431b1e525900da6eb30ff6abe1a97d407058e637680ada2cd	141	3a505fa81c502d75bb4f7623597c0b0ffaa1d617263f84eb91c95a9503331d3c	f1788f06aeec1e88f42153accd9dfa68f910a9d46e1e99fa107fd54f0a7e6828	"[""R16B-SENSE:06c230c771547ee49390903e0bad7aaf44063613309c93bcbd72e808116af4c6"",""R16B-SENSE:419a96e12217bfa4ed031510c32033cb2408489e3abb14eb28291b13c068e159""]"	[]	[]	"[""R16A-SUBGRAPH-5EA8EA6ADCB918F85D76""]"	"[""R16A-PAIR:a364e4ea20e2f9e24e1fc980dc1ab703ae69a0fc86aa626a14e45cca0ea3bbb2""]"	INVALID	BINARY_CONVERGENCE	RETAINED	ROUND16A_ACTIVE_PAIR_BASELINE_NO_GROUP_CLAIM	false	false	false	false	Preserve the exact prior VALID/INVALID attempt while applying the independently derived semantic outcome; never equate topology validity with group support.	54db82ad00d336f5a3a4b8577976431fbc9109b0a18864bc6dd31f4838803099
468105499c7be102deec7d6555aced688dea9901	5419770959bdb8998b693fb2275b47e29b92367c	ROUND16A_TOPOLOGY_ENUMERATION_RESULT	R16A-SUBGRAPH-5EA8EA6ADCB918F85D76|BINARY_FORK	docs/audits/v49-exploration-full-space-closure-round1/raw/composition-enumeration-v2.tsv	75efbe8f0e5d18d431b1e525900da6eb30ff6abe1a97d407058e637680ada2cd	140	d737a8545aa1f433b2ca611fb629637888cbd14c2c7263deb0450b603882e171	f1788f06aeec1e88f42153accd9dfa68f910a9d46e1e99fa107fd54f0a7e6828	"[""R16B-SENSE:06c230c771547ee49390903e0bad7aaf44063613309c93bcbd72e808116af4c6"",""R16B-SENSE:419a96e12217bfa4ed031510c32033cb2408489e3abb14eb28291b13c068e159""]"	[]	[]	"[""R16A-SUBGRAPH-5EA8EA6ADCB918F85D76""]"	"[""R16A-PAIR:a364e4ea20e2f9e24e1fc980dc1ab703ae69a0fc86aa626a14e45cca0ea3bbb2""]"	INVALID	BINARY_FORK	RETAINED	ROUND16A_ACTIVE_PAIR_BASELINE_NO_GROUP_CLAIM	false	false	false	false	Preserve the exact prior VALID/INVALID attempt while applying the independently derived semantic outcome; never equate topology validity with group support.	1d94232b892c72748d3781f1f4630263020c63ae61e38dfec1bbba0b11848e89
468105499c7be102deec7d6555aced688dea9901	5419770959bdb8998b693fb2275b47e29b92367c	ROUND16A_TOPOLOGY_ENUMERATION_RESULT	R16A-SUBGRAPH-5EA8EA6ADCB918F85D76|EVIDENCE_GAP_TREE	docs/audits/v49-exploration-full-space-closure-round1/raw/composition-enumeration-v2.tsv	75efbe8f0e5d18d431b1e525900da6eb30ff6abe1a97d407058e637680ada2cd	144	817d0eeb2577688b4d7426f17fe9e0bec33019015ff5ad0bc0aa28f11c37098f	f1788f06aeec1e88f42153accd9dfa68f910a9d46e1e99fa107fd54f0a7e6828	"[""R16B-SENSE:06c230c771547ee49390903e0bad7aaf44063613309c93bcbd72e808116af4c6"",""R16B-SENSE:419a96e12217bfa4ed031510c32033cb2408489e3abb14eb28291b13c068e159""]"	[]	[]	"[""R16A-SUBGRAPH-5EA8EA6ADCB918F85D76""]"	"[""R16A-PAIR:a364e4ea20e2f9e24e1fc980dc1ab703ae69a0fc86aa626a14e45cca0ea3bbb2""]"	INVALID	EVIDENCE_GAP_TREE	RETAINED	ROUND16A_ACTIVE_PAIR_BASELINE_NO_GROUP_CLAIM	false	false	false	false	Preserve the exact prior VALID/INVALID attempt while applying the independently derived semantic outcome; never equate topology validity with group support.	e818ddf1b60e2852b6211ccdaf92e853249377f29406f7c4dc1b63dd5ed551db
468105499c7be102deec7d6555aced688dea9901	5419770959bdb8998b693fb2275b47e29b92367c	ROUND16A_TOPOLOGY_ENUMERATION_RESULT	R16A-SUBGRAPH-5EA8EA6ADCB918F85D76|LINEAR_PATH	docs/audits/v49-exploration-full-space-closure-round1/raw/composition-enumeration-v2.tsv	75efbe8f0e5d18d431b1e525900da6eb30ff6abe1a97d407058e637680ada2cd	139	29e05ec031a1068cb9bdbcf4d3190ed6087f90e905624ab66be50fbebf892a9a	f1788f06aeec1e88f42153accd9dfa68f910a9d46e1e99fa107fd54f0a7e6828	"[""R16B-SENSE:06c230c771547ee49390903e0bad7aaf44063613309c93bcbd72e808116af4c6"",""R16B-SENSE:419a96e12217bfa4ed031510c32033cb2408489e3abb14eb28291b13c068e159""]"	[]	[]	"[""R16A-SUBGRAPH-5EA8EA6ADCB918F85D76""]"	"[""R16A-PAIR:a364e4ea20e2f9e24e1fc980dc1ab703ae69a0fc86aa626a14e45cca0ea3bbb2""]"	VALID	LINEAR_PATH	RETAINED	ROUND16A_ACTIVE_PAIR_BASELINE_NO_GROUP_CLAIM	false	false	false	false	Preserve the exact prior VALID/INVALID attempt while applying the independently derived semantic outcome; never equate topology validity with group support.	bc5d2b90b13b7dc161d819aa42dbc7c23d2fc1a3fd4903c6eaad9cc6b26c4d36
468105499c7be102deec7d6555aced688dea9901	5419770959bdb8998b693fb2275b47e29b92367c	ROUND16A_TOPOLOGY_ENUMERATION_RESULT	R16A-SUBGRAPH-5EA8EA6ADCB918F85D76|QUALIFIED_PATH	docs/audits/v49-exploration-full-space-closure-round1/raw/composition-enumeration-v2.tsv	75efbe8f0e5d18d431b1e525900da6eb30ff6abe1a97d407058e637680ada2cd	142	7954a12a833c00cc853f6026080c639f34e47ea2105578f36280e7a3d8e1de64	f1788f06aeec1e88f42153accd9dfa68f910a9d46e1e99fa107fd54f0a7e6828	"[""R16B-SENSE:06c230c771547ee49390903e0bad7aaf44063613309c93bcbd72e808116af4c6"",""R16B-SENSE:419a96e12217bfa4ed031510c32033cb2408489e3abb14eb28291b13c068e159""]"	[]	[]	"[""R16A-SUBGRAPH-5EA8EA6ADCB918F85D76""]"	"[""R16A-PAIR:a364e4ea20e2f9e24e1fc980dc1ab703ae69a0fc86aa626a14e45cca0ea3bbb2""]"	INVALID	QUALIFIED_PATH	RETAINED	ROUND16A_ACTIVE_PAIR_BASELINE_NO_GROUP_CLAIM	false	false	false	false	Preserve the exact prior VALID/INVALID attempt while applying the independently derived semantic outcome; never equate topology validity with group support.	3a3775b578bb8f69d3f0b718d8744a2fb649c6815236757531bcf36405458344
468105499c7be102deec7d6555aced688dea9901	5419770959bdb8998b693fb2275b47e29b92367c	ROUND16A_TOPOLOGY_ENUMERATION_RESULT	R16A-SUBGRAPH-5EA8EA6ADCB918F85D76|REFLEXIVE_RETURN	docs/audits/v49-exploration-full-space-closure-round1/raw/composition-enumeration-v2.tsv	75efbe8f0e5d18d431b1e525900da6eb30ff6abe1a97d407058e637680ada2cd	143	7b1eb8d66a96953714e1a8ccba67af972848274791ddc262f2de4091251cc3f8	f1788f06aeec1e88f42153accd9dfa68f910a9d46e1e99fa107fd54f0a7e6828	"[""R16B-SENSE:06c230c771547ee49390903e0bad7aaf44063613309c93bcbd72e808116af4c6"",""R16B-SENSE:419a96e12217bfa4ed031510c32033cb2408489e3abb14eb28291b13c068e159""]"	[]	[]	"[""R16A-SUBGRAPH-5EA8EA6ADCB918F85D76""]"	"[""R16A-PAIR:a364e4ea20e2f9e24e1fc980dc1ab703ae69a0fc86aa626a14e45cca0ea3bbb2""]"	INVALID	REFLEXIVE_RETURN	RETAINED	ROUND16A_ACTIVE_PAIR_BASELINE_NO_GROUP_CLAIM	false	false	false	false	Preserve the exact prior VALID/INVALID attempt while applying the independently derived semantic outcome; never equate topology validity with group support.	66a89c7ff1ecbfa86ec9155c496fe6480e15b093e23c9193aae0538e3f23ae94
468105499c7be102deec7d6555aced688dea9901	5419770959bdb8998b693fb2275b47e29b92367c	ROUND16A_TOPOLOGY_ENUMERATION_RESULT	R16A-SUBGRAPH-62E86E6F8D9B949D1C82|BINARY_CONVERGENCE	docs/audits/v49-exploration-full-space-closure-round1/raw/composition-enumeration-v2.tsv	75efbe8f0e5d18d431b1e525900da6eb30ff6abe1a97d407058e637680ada2cd	147	08cb28c160bd390496833c4a12be70b7395a99d96fa7e6682ee799ce6d7dc5ad	c4afac7c6c94b2e075bfb9c17e91a565aa42b95b5fd461a769dad5a8e590b2e6	"[""R16B-SENSE:698710ef66f0d551cde028b8e54bdbf6051b96902a736be6b9ab45d1ad91f848"",""R16B-SENSE:9415fd18554090ac9dd2dfc28a1ec541d67a94b8421b1cefafa578a03302257d""]"	[]	[]	"[""R16A-SUBGRAPH-62E86E6F8D9B949D1C82""]"	"[""R16A-PAIR:4cf124f8588611ba0a2f76bce26ab0b5890dcfcf71d9283888d62d58bcdb974a""]"	INVALID	BINARY_CONVERGENCE	RETAINED	ROUND16A_ACTIVE_PAIR_BASELINE_NO_GROUP_CLAIM	false	false	false	false	Preserve the exact prior VALID/INVALID attempt while applying the independently derived semantic outcome; never equate topology validity with group support.	5bb8daaf4a2e4c8c336ede9b1171663edb9ceffb3d945d27ef30a97f92497937
468105499c7be102deec7d6555aced688dea9901	5419770959bdb8998b693fb2275b47e29b92367c	ROUND16A_TOPOLOGY_ENUMERATION_RESULT	R16A-SUBGRAPH-62E86E6F8D9B949D1C82|BINARY_FORK	docs/audits/v49-exploration-full-space-closure-round1/raw/composition-enumeration-v2.tsv	75efbe8f0e5d18d431b1e525900da6eb30ff6abe1a97d407058e637680ada2cd	146	0154ef87e56eea25d916bdb31610c213a72bc6458ca622b5c2fab74609e9ca8c	c4afac7c6c94b2e075bfb9c17e91a565aa42b95b5fd461a769dad5a8e590b2e6	"[""R16B-SENSE:698710ef66f0d551cde028b8e54bdbf6051b96902a736be6b9ab45d1ad91f848"",""R16B-SENSE:9415fd18554090ac9dd2dfc28a1ec541d67a94b8421b1cefafa578a03302257d""]"	[]	[]	"[""R16A-SUBGRAPH-62E86E6F8D9B949D1C82""]"	"[""R16A-PAIR:4cf124f8588611ba0a2f76bce26ab0b5890dcfcf71d9283888d62d58bcdb974a""]"	INVALID	BINARY_FORK	RETAINED	ROUND16A_ACTIVE_PAIR_BASELINE_NO_GROUP_CLAIM	false	false	false	false	Preserve the exact prior VALID/INVALID attempt while applying the independently derived semantic outcome; never equate topology validity with group support.	d958a0c22013286b3c31e4c21d880e900a6bb68c239a40fe7ef2db979c457998
468105499c7be102deec7d6555aced688dea9901	5419770959bdb8998b693fb2275b47e29b92367c	ROUND16A_TOPOLOGY_ENUMERATION_RESULT	R16A-SUBGRAPH-62E86E6F8D9B949D1C82|EVIDENCE_GAP_TREE	docs/audits/v49-exploration-full-space-closure-round1/raw/composition-enumeration-v2.tsv	75efbe8f0e5d18d431b1e525900da6eb30ff6abe1a97d407058e637680ada2cd	150	92859f85f4d27f6582a9a665bd0b05c9c38fa3a1654f1d794e837c04e48ab1fd	c4afac7c6c94b2e075bfb9c17e91a565aa42b95b5fd461a769dad5a8e590b2e6	"[""R16B-SENSE:698710ef66f0d551cde028b8e54bdbf6051b96902a736be6b9ab45d1ad91f848"",""R16B-SENSE:9415fd18554090ac9dd2dfc28a1ec541d67a94b8421b1cefafa578a03302257d""]"	[]	[]	"[""R16A-SUBGRAPH-62E86E6F8D9B949D1C82""]"	"[""R16A-PAIR:4cf124f8588611ba0a2f76bce26ab0b5890dcfcf71d9283888d62d58bcdb974a""]"	INVALID	EVIDENCE_GAP_TREE	RETAINED	ROUND16A_ACTIVE_PAIR_BASELINE_NO_GROUP_CLAIM	false	false	false	false	Preserve the exact prior VALID/INVALID attempt while applying the independently derived semantic outcome; never equate topology validity with group support.	0f6f71947846677a97de9514856b2cf27deb480f9fa8a30d344763928904abfb
468105499c7be102deec7d6555aced688dea9901	5419770959bdb8998b693fb2275b47e29b92367c	ROUND16A_TOPOLOGY_ENUMERATION_RESULT	R16A-SUBGRAPH-62E86E6F8D9B949D1C82|LINEAR_PATH	docs/audits/v49-exploration-full-space-closure-round1/raw/composition-enumeration-v2.tsv	75efbe8f0e5d18d431b1e525900da6eb30ff6abe1a97d407058e637680ada2cd	145	6bd467767468414c1a57437b45d88260f2288606e852db7d189045674ad151ae	c4afac7c6c94b2e075bfb9c17e91a565aa42b95b5fd461a769dad5a8e590b2e6	"[""R16B-SENSE:698710ef66f0d551cde028b8e54bdbf6051b96902a736be6b9ab45d1ad91f848"",""R16B-SENSE:9415fd18554090ac9dd2dfc28a1ec541d67a94b8421b1cefafa578a03302257d""]"	[]	[]	"[""R16A-SUBGRAPH-62E86E6F8D9B949D1C82""]"	"[""R16A-PAIR:4cf124f8588611ba0a2f76bce26ab0b5890dcfcf71d9283888d62d58bcdb974a""]"	VALID	LINEAR_PATH	RETAINED	ROUND16A_ACTIVE_PAIR_BASELINE_NO_GROUP_CLAIM	false	false	false	false	Preserve the exact prior VALID/INVALID attempt while applying the independently derived semantic outcome; never equate topology validity with group support.	6bec04a622ff50f36a5653a18fe58b8ba043aa0050417e0210b6e071fdfbef4b
468105499c7be102deec7d6555aced688dea9901	5419770959bdb8998b693fb2275b47e29b92367c	ROUND16A_TOPOLOGY_ENUMERATION_RESULT	R16A-SUBGRAPH-62E86E6F8D9B949D1C82|QUALIFIED_PATH	docs/audits/v49-exploration-full-space-closure-round1/raw/composition-enumeration-v2.tsv	75efbe8f0e5d18d431b1e525900da6eb30ff6abe1a97d407058e637680ada2cd	148	45880428f4157327ad756d31ec657fb29360eb694e2b6f8f439feb015691a250	c4afac7c6c94b2e075bfb9c17e91a565aa42b95b5fd461a769dad5a8e590b2e6	"[""R16B-SENSE:698710ef66f0d551cde028b8e54bdbf6051b96902a736be6b9ab45d1ad91f848"",""R16B-SENSE:9415fd18554090ac9dd2dfc28a1ec541d67a94b8421b1cefafa578a03302257d""]"	[]	[]	"[""R16A-SUBGRAPH-62E86E6F8D9B949D1C82""]"	"[""R16A-PAIR:4cf124f8588611ba0a2f76bce26ab0b5890dcfcf71d9283888d62d58bcdb974a""]"	INVALID	QUALIFIED_PATH	RETAINED	ROUND16A_ACTIVE_PAIR_BASELINE_NO_GROUP_CLAIM	false	false	false	false	Preserve the exact prior VALID/INVALID attempt while applying the independently derived semantic outcome; never equate topology validity with group support.	744d1442bf357b89c1f0868fa14699c7d7a890e657d48044dccc079b1989fddf
468105499c7be102deec7d6555aced688dea9901	5419770959bdb8998b693fb2275b47e29b92367c	ROUND16A_TOPOLOGY_ENUMERATION_RESULT	R16A-SUBGRAPH-62E86E6F8D9B949D1C82|REFLEXIVE_RETURN	docs/audits/v49-exploration-full-space-closure-round1/raw/composition-enumeration-v2.tsv	75efbe8f0e5d18d431b1e525900da6eb30ff6abe1a97d407058e637680ada2cd	149	ba5c9295d0b73b16d7d1841ac85f0edb9a67560732e1ba4c41d028e95cf75d14	c4afac7c6c94b2e075bfb9c17e91a565aa42b95b5fd461a769dad5a8e590b2e6	"[""R16B-SENSE:698710ef66f0d551cde028b8e54bdbf6051b96902a736be6b9ab45d1ad91f848"",""R16B-SENSE:9415fd18554090ac9dd2dfc28a1ec541d67a94b8421b1cefafa578a03302257d""]"	[]	[]	"[""R16A-SUBGRAPH-62E86E6F8D9B949D1C82""]"	"[""R16A-PAIR:4cf124f8588611ba0a2f76bce26ab0b5890dcfcf71d9283888d62d58bcdb974a""]"	INVALID	REFLEXIVE_RETURN	RETAINED	ROUND16A_ACTIVE_PAIR_BASELINE_NO_GROUP_CLAIM	false	false	false	false	Preserve the exact prior VALID/INVALID attempt while applying the independently derived semantic outcome; never equate topology validity with group support.	261a3be5bf5d64dd7f08292e2a954532bfcc0b6a8ad3507b9a915c2d3b54666c
468105499c7be102deec7d6555aced688dea9901	5419770959bdb8998b693fb2275b47e29b92367c	ROUND16A_TOPOLOGY_ENUMERATION_RESULT	R16A-SUBGRAPH-66C26404F497FDDBC992|BINARY_CONVERGENCE	docs/audits/v49-exploration-full-space-closure-round1/raw/composition-enumeration-v2.tsv	75efbe8f0e5d18d431b1e525900da6eb30ff6abe1a97d407058e637680ada2cd	153	f342c5dcb46ff334b9dcdd56134cd7d88ce3e2b586c60ab6bb255e024ee34bbb	28fa28aa1374006a914e4a6bc841082cc76b108b46a2955e13d8896cdf1cb3fd	"[""R16B-SENSE:35489187871bfd7b7be6e2d5268a3a922984d3bdad9e9a8ca61ea6edee84a5a7"",""R16B-SENSE:419a96e12217bfa4ed031510c32033cb2408489e3abb14eb28291b13c068e159""]"	[]	[]	"[""R16A-SUBGRAPH-66C26404F497FDDBC992""]"	"[""R16A-PAIR:27598c04934f3d33ad80dfb1aecc18d272cf86ee7fe3a726a95aae81144dfb06""]"	INVALID	BINARY_CONVERGENCE	RETAINED	ROUND16A_ACTIVE_PAIR_BASELINE_NO_GROUP_CLAIM	false	false	false	false	Preserve the exact prior VALID/INVALID attempt while applying the independently derived semantic outcome; never equate topology validity with group support.	5e9fa0ca254f84d98a5857ca341de2385541f0184173f9853ff8eed0e5aa3770
468105499c7be102deec7d6555aced688dea9901	5419770959bdb8998b693fb2275b47e29b92367c	ROUND16A_TOPOLOGY_ENUMERATION_RESULT	R16A-SUBGRAPH-66C26404F497FDDBC992|BINARY_FORK	docs/audits/v49-exploration-full-space-closure-round1/raw/composition-enumeration-v2.tsv	75efbe8f0e5d18d431b1e525900da6eb30ff6abe1a97d407058e637680ada2cd	152	d906fce291a778c78ac60bf382b4b2f87fb04f7c602cff2bbdaf43469229761d	28fa28aa1374006a914e4a6bc841082cc76b108b46a2955e13d8896cdf1cb3fd	"[""R16B-SENSE:35489187871bfd7b7be6e2d5268a3a922984d3bdad9e9a8ca61ea6edee84a5a7"",""R16B-SENSE:419a96e12217bfa4ed031510c32033cb2408489e3abb14eb28291b13c068e159""]"	[]	[]	"[""R16A-SUBGRAPH-66C26404F497FDDBC992""]"	"[""R16A-PAIR:27598c04934f3d33ad80dfb1aecc18d272cf86ee7fe3a726a95aae81144dfb06""]"	INVALID	BINARY_FORK	RETAINED	ROUND16A_ACTIVE_PAIR_BASELINE_NO_GROUP_CLAIM	false	false	false	false	Preserve the exact prior VALID/INVALID attempt while applying the independently derived semantic outcome; never equate topology validity with group support.	828f2187b58c55fee7c2f90215f5e0147c41ce1ee2613bbf87b018f6eec984b9
468105499c7be102deec7d6555aced688dea9901	5419770959bdb8998b693fb2275b47e29b92367c	ROUND16A_TOPOLOGY_ENUMERATION_RESULT	R16A-SUBGRAPH-66C26404F497FDDBC992|EVIDENCE_GAP_TREE	docs/audits/v49-exploration-full-space-closure-round1/raw/composition-enumeration-v2.tsv	75efbe8f0e5d18d431b1e525900da6eb30ff6abe1a97d407058e637680ada2cd	156	9e2d33ef9548543fceaf87527bdb6eefc6d286a26a9a2cb7a8d5252de5b5cf0e	28fa28aa1374006a914e4a6bc841082cc76b108b46a2955e13d8896cdf1cb3fd	"[""R16B-SENSE:35489187871bfd7b7be6e2d5268a3a922984d3bdad9e9a8ca61ea6edee84a5a7"",""R16B-SENSE:419a96e12217bfa4ed031510c32033cb2408489e3abb14eb28291b13c068e159""]"	[]	[]	"[""R16A-SUBGRAPH-66C26404F497FDDBC992""]"	"[""R16A-PAIR:27598c04934f3d33ad80dfb1aecc18d272cf86ee7fe3a726a95aae81144dfb06""]"	INVALID	EVIDENCE_GAP_TREE	RETAINED	ROUND16A_ACTIVE_PAIR_BASELINE_NO_GROUP_CLAIM	false	false	false	false	Preserve the exact prior VALID/INVALID attempt while applying the independently derived semantic outcome; never equate topology validity with group support.	9c86d8c831da009d099c6866b26b0c6b274f91ea331e27b02c042f589edfa19a
468105499c7be102deec7d6555aced688dea9901	5419770959bdb8998b693fb2275b47e29b92367c	ROUND16A_TOPOLOGY_ENUMERATION_RESULT	R16A-SUBGRAPH-66C26404F497FDDBC992|LINEAR_PATH	docs/audits/v49-exploration-full-space-closure-round1/raw/composition-enumeration-v2.tsv	75efbe8f0e5d18d431b1e525900da6eb30ff6abe1a97d407058e637680ada2cd	151	1c3ea1a13fa3b79c317cf98891b908ff0eb3f046ecb30f4c3a0c0af4bb602794	28fa28aa1374006a914e4a6bc841082cc76b108b46a2955e13d8896cdf1cb3fd	"[""R16B-SENSE:35489187871bfd7b7be6e2d5268a3a922984d3bdad9e9a8ca61ea6edee84a5a7"",""R16B-SENSE:419a96e12217bfa4ed031510c32033cb2408489e3abb14eb28291b13c068e159""]"	[]	[]	"[""R16A-SUBGRAPH-66C26404F497FDDBC992""]"	"[""R16A-PAIR:27598c04934f3d33ad80dfb1aecc18d272cf86ee7fe3a726a95aae81144dfb06""]"	VALID	LINEAR_PATH	RETAINED	ROUND16A_ACTIVE_PAIR_BASELINE_NO_GROUP_CLAIM	false	false	false	false	Preserve the exact prior VALID/INVALID attempt while applying the independently derived semantic outcome; never equate topology validity with group support.	859ee1d964a11a1739d76e0872214659b5a3df0040730c680d83554a275930d1
468105499c7be102deec7d6555aced688dea9901	5419770959bdb8998b693fb2275b47e29b92367c	ROUND16A_TOPOLOGY_ENUMERATION_RESULT	R16A-SUBGRAPH-66C26404F497FDDBC992|QUALIFIED_PATH	docs/audits/v49-exploration-full-space-closure-round1/raw/composition-enumeration-v2.tsv	75efbe8f0e5d18d431b1e525900da6eb30ff6abe1a97d407058e637680ada2cd	154	2f1bd581573abe6b3e3e21dc5bbbdee64290bc5d31ab1ed9da4dadb08b997c53	28fa28aa1374006a914e4a6bc841082cc76b108b46a2955e13d8896cdf1cb3fd	"[""R16B-SENSE:35489187871bfd7b7be6e2d5268a3a922984d3bdad9e9a8ca61ea6edee84a5a7"",""R16B-SENSE:419a96e12217bfa4ed031510c32033cb2408489e3abb14eb28291b13c068e159""]"	[]	[]	"[""R16A-SUBGRAPH-66C26404F497FDDBC992""]"	"[""R16A-PAIR:27598c04934f3d33ad80dfb1aecc18d272cf86ee7fe3a726a95aae81144dfb06""]"	INVALID	QUALIFIED_PATH	RETAINED	ROUND16A_ACTIVE_PAIR_BASELINE_NO_GROUP_CLAIM	false	false	false	false	Preserve the exact prior VALID/INVALID attempt while applying the independently derived semantic outcome; never equate topology validity with group support.	7cc33786769329a98f14b0c8ca96d3a84a1ade35001040a89d5a3d87bc30e38b
468105499c7be102deec7d6555aced688dea9901	5419770959bdb8998b693fb2275b47e29b92367c	ROUND16A_TOPOLOGY_ENUMERATION_RESULT	R16A-SUBGRAPH-66C26404F497FDDBC992|REFLEXIVE_RETURN	docs/audits/v49-exploration-full-space-closure-round1/raw/composition-enumeration-v2.tsv	75efbe8f0e5d18d431b1e525900da6eb30ff6abe1a97d407058e637680ada2cd	155	7f048e88118fcd17f0b0af0a08bb6b7a7064252dfe5ad39c425e65e812dbc01f	28fa28aa1374006a914e4a6bc841082cc76b108b46a2955e13d8896cdf1cb3fd	"[""R16B-SENSE:35489187871bfd7b7be6e2d5268a3a922984d3bdad9e9a8ca61ea6edee84a5a7"",""R16B-SENSE:419a96e12217bfa4ed031510c32033cb2408489e3abb14eb28291b13c068e159""]"	[]	[]	"[""R16A-SUBGRAPH-66C26404F497FDDBC992""]"	"[""R16A-PAIR:27598c04934f3d33ad80dfb1aecc18d272cf86ee7fe3a726a95aae81144dfb06""]"	INVALID	REFLEXIVE_RETURN	RETAINED	ROUND16A_ACTIVE_PAIR_BASELINE_NO_GROUP_CLAIM	false	false	false	false	Preserve the exact prior VALID/INVALID attempt while applying the independently derived semantic outcome; never equate topology validity with group support.	ec9517c6312eb15599598d6014cf3f5ec49c0ae92d28c094d8334b21fff23a09
468105499c7be102deec7d6555aced688dea9901	5419770959bdb8998b693fb2275b47e29b92367c	ROUND16A_TOPOLOGY_ENUMERATION_RESULT	R16A-SUBGRAPH-6775233A5E9A6DE2D6BA|BINARY_CONVERGENCE	docs/audits/v49-exploration-full-space-closure-round1/raw/composition-enumeration-v2.tsv	75efbe8f0e5d18d431b1e525900da6eb30ff6abe1a97d407058e637680ada2cd	159	bfdfb4c5d7102f1d43725a2f8321afe0c7ca939560ae4ab1360c397198ab80a7	1d76bf657bbdec293265d051268a2a1153be0108b15a8d63ebbf2cb98cf6f06a	"[""R16B-SENSE:0ebc966b965fc5703be0f4bae727d337f32d83eb7db9066e926a2530dcfa0171"",""R16B-SENSE:61aaade597c45243fcdef0d2514fc52f58a066ae5c9f4ad550727cb75b124f64"",""R16B-SENSE:697603bbe891d791295d478b3b16d10add9bdab1fd92826d63d8b630f3779cfb""]"	"[""R16B-LOCAL-FAMILY:1d76bf657bbdec293265d051268a2a1153be0108b15a8d63ebbf2cb98cf6f06a""]"	"[""INQUIRY_ONLY_OR_UNRESOLVED""]"	"[""R16A-SUBGRAPH-6775233A5E9A6DE2D6BA""]"	"[""R16A-PAIR:43fa33f1a987090224619eb68e83d246be7705f94d1b2e364bdfb2b73fc1a94f"",""R16A-PAIR:891e0c3d300d8c4af59fbef2f00d164ee9c22df4148122c54ed84daee1dcb37e"",""R16A-PAIR:c36555188472ea5287ed70295a1b85e92e2ba9468fc703d2fe8893de3fc55a1f""]"	INVALID	BINARY_CONVERGENCE	INQUIRY	FAMILY_FINAL_DISPOSITION:INQUIRY_ONLY_OR_UNRESOLVED	false	false	false	false	Preserve the exact prior VALID/INVALID attempt while applying the independently derived semantic outcome; never equate topology validity with group support.	64e44bbf9d9d48cba60f79807b6fb3e81e5d8d27acb7e0a1d769716023fdf246
468105499c7be102deec7d6555aced688dea9901	5419770959bdb8998b693fb2275b47e29b92367c	ROUND16A_TOPOLOGY_ENUMERATION_RESULT	R16A-SUBGRAPH-6775233A5E9A6DE2D6BA|BINARY_FORK	docs/audits/v49-exploration-full-space-closure-round1/raw/composition-enumeration-v2.tsv	75efbe8f0e5d18d431b1e525900da6eb30ff6abe1a97d407058e637680ada2cd	158	04ced577cd40f817bdfd13505e2bd7958e8ca5da3df7a31995a70b4d5c2d13da	1d76bf657bbdec293265d051268a2a1153be0108b15a8d63ebbf2cb98cf6f06a	"[""R16B-SENSE:0ebc966b965fc5703be0f4bae727d337f32d83eb7db9066e926a2530dcfa0171"",""R16B-SENSE:61aaade597c45243fcdef0d2514fc52f58a066ae5c9f4ad550727cb75b124f64"",""R16B-SENSE:697603bbe891d791295d478b3b16d10add9bdab1fd92826d63d8b630f3779cfb""]"	"[""R16B-LOCAL-FAMILY:1d76bf657bbdec293265d051268a2a1153be0108b15a8d63ebbf2cb98cf6f06a""]"	"[""INQUIRY_ONLY_OR_UNRESOLVED""]"	"[""R16A-SUBGRAPH-6775233A5E9A6DE2D6BA""]"	"[""R16A-PAIR:43fa33f1a987090224619eb68e83d246be7705f94d1b2e364bdfb2b73fc1a94f"",""R16A-PAIR:891e0c3d300d8c4af59fbef2f00d164ee9c22df4148122c54ed84daee1dcb37e"",""R16A-PAIR:c36555188472ea5287ed70295a1b85e92e2ba9468fc703d2fe8893de3fc55a1f""]"	INVALID	BINARY_FORK	INQUIRY	FAMILY_FINAL_DISPOSITION:INQUIRY_ONLY_OR_UNRESOLVED	false	false	false	false	Preserve the exact prior VALID/INVALID attempt while applying the independently derived semantic outcome; never equate topology validity with group support.	f3203e49f5ea8c5a61e8b51e801f82d74926f1efae7236fc030a971efdfb03a8
468105499c7be102deec7d6555aced688dea9901	5419770959bdb8998b693fb2275b47e29b92367c	ROUND16A_TOPOLOGY_ENUMERATION_RESULT	R16A-SUBGRAPH-6775233A5E9A6DE2D6BA|EVIDENCE_GAP_TREE	docs/audits/v49-exploration-full-space-closure-round1/raw/composition-enumeration-v2.tsv	75efbe8f0e5d18d431b1e525900da6eb30ff6abe1a97d407058e637680ada2cd	162	5ba7bc45c50d195445c202b8a7e1ad2ee1f161f7ecd6353352602f4ffd481af2	1d76bf657bbdec293265d051268a2a1153be0108b15a8d63ebbf2cb98cf6f06a	"[""R16B-SENSE:0ebc966b965fc5703be0f4bae727d337f32d83eb7db9066e926a2530dcfa0171"",""R16B-SENSE:61aaade597c45243fcdef0d2514fc52f58a066ae5c9f4ad550727cb75b124f64"",""R16B-SENSE:697603bbe891d791295d478b3b16d10add9bdab1fd92826d63d8b630f3779cfb""]"	"[""R16B-LOCAL-FAMILY:1d76bf657bbdec293265d051268a2a1153be0108b15a8d63ebbf2cb98cf6f06a""]"	"[""INQUIRY_ONLY_OR_UNRESOLVED""]"	"[""R16A-SUBGRAPH-6775233A5E9A6DE2D6BA""]"	"[""R16A-PAIR:43fa33f1a987090224619eb68e83d246be7705f94d1b2e364bdfb2b73fc1a94f"",""R16A-PAIR:891e0c3d300d8c4af59fbef2f00d164ee9c22df4148122c54ed84daee1dcb37e"",""R16A-PAIR:c36555188472ea5287ed70295a1b85e92e2ba9468fc703d2fe8893de3fc55a1f""]"	INVALID	EVIDENCE_GAP_TREE	INQUIRY	FAMILY_FINAL_DISPOSITION:INQUIRY_ONLY_OR_UNRESOLVED	false	false	false	false	Preserve the exact prior VALID/INVALID attempt while applying the independently derived semantic outcome; never equate topology validity with group support.	2732abfb79dfdb5bf5a13b54a95f6e500887433c9ee061a21a8cfb52145fa8ec
468105499c7be102deec7d6555aced688dea9901	5419770959bdb8998b693fb2275b47e29b92367c	ROUND16A_TOPOLOGY_ENUMERATION_RESULT	R16A-SUBGRAPH-6775233A5E9A6DE2D6BA|LINEAR_PATH	docs/audits/v49-exploration-full-space-closure-round1/raw/composition-enumeration-v2.tsv	75efbe8f0e5d18d431b1e525900da6eb30ff6abe1a97d407058e637680ada2cd	157	eacd4bad0263b6876c8863ceb50e79dc55fa6329ffffb29401ac06447dc671ce	1d76bf657bbdec293265d051268a2a1153be0108b15a8d63ebbf2cb98cf6f06a	"[""R16B-SENSE:0ebc966b965fc5703be0f4bae727d337f32d83eb7db9066e926a2530dcfa0171"",""R16B-SENSE:61aaade597c45243fcdef0d2514fc52f58a066ae5c9f4ad550727cb75b124f64"",""R16B-SENSE:697603bbe891d791295d478b3b16d10add9bdab1fd92826d63d8b630f3779cfb""]"	"[""R16B-LOCAL-FAMILY:1d76bf657bbdec293265d051268a2a1153be0108b15a8d63ebbf2cb98cf6f06a""]"	"[""INQUIRY_ONLY_OR_UNRESOLVED""]"	"[""R16A-SUBGRAPH-6775233A5E9A6DE2D6BA""]"	"[""R16A-PAIR:43fa33f1a987090224619eb68e83d246be7705f94d1b2e364bdfb2b73fc1a94f"",""R16A-PAIR:891e0c3d300d8c4af59fbef2f00d164ee9c22df4148122c54ed84daee1dcb37e"",""R16A-PAIR:c36555188472ea5287ed70295a1b85e92e2ba9468fc703d2fe8893de3fc55a1f""]"	INVALID	LINEAR_PATH	INQUIRY	FAMILY_FINAL_DISPOSITION:INQUIRY_ONLY_OR_UNRESOLVED	false	false	false	false	Preserve the exact prior VALID/INVALID attempt while applying the independently derived semantic outcome; never equate topology validity with group support.	f8982f2f1409fdb5335c32c33fd79bd8e1debb6426d7646b9bc30a6de3db5a39
468105499c7be102deec7d6555aced688dea9901	5419770959bdb8998b693fb2275b47e29b92367c	ROUND16A_TOPOLOGY_ENUMERATION_RESULT	R16A-SUBGRAPH-6775233A5E9A6DE2D6BA|QUALIFIED_PATH	docs/audits/v49-exploration-full-space-closure-round1/raw/composition-enumeration-v2.tsv	75efbe8f0e5d18d431b1e525900da6eb30ff6abe1a97d407058e637680ada2cd	160	3e63f13c94a2025b36b846b0f76ce0ab340564bfbf47326e1fb080134c39be9d	1d76bf657bbdec293265d051268a2a1153be0108b15a8d63ebbf2cb98cf6f06a	"[""R16B-SENSE:0ebc966b965fc5703be0f4bae727d337f32d83eb7db9066e926a2530dcfa0171"",""R16B-SENSE:61aaade597c45243fcdef0d2514fc52f58a066ae5c9f4ad550727cb75b124f64"",""R16B-SENSE:697603bbe891d791295d478b3b16d10add9bdab1fd92826d63d8b630f3779cfb""]"	"[""R16B-LOCAL-FAMILY:1d76bf657bbdec293265d051268a2a1153be0108b15a8d63ebbf2cb98cf6f06a""]"	"[""INQUIRY_ONLY_OR_UNRESOLVED""]"	"[""R16A-SUBGRAPH-6775233A5E9A6DE2D6BA""]"	"[""R16A-PAIR:43fa33f1a987090224619eb68e83d246be7705f94d1b2e364bdfb2b73fc1a94f"",""R16A-PAIR:891e0c3d300d8c4af59fbef2f00d164ee9c22df4148122c54ed84daee1dcb37e"",""R16A-PAIR:c36555188472ea5287ed70295a1b85e92e2ba9468fc703d2fe8893de3fc55a1f""]"	INVALID	QUALIFIED_PATH	INQUIRY	FAMILY_FINAL_DISPOSITION:INQUIRY_ONLY_OR_UNRESOLVED	false	false	false	false	Preserve the exact prior VALID/INVALID attempt while applying the independently derived semantic outcome; never equate topology validity with group support.	fcdd017715ee4e3e44f16a8011aee7bb747bed4d8e7d2303f2a9a1ecc541e979
468105499c7be102deec7d6555aced688dea9901	5419770959bdb8998b693fb2275b47e29b92367c	ROUND16A_TOPOLOGY_ENUMERATION_RESULT	R16A-SUBGRAPH-6775233A5E9A6DE2D6BA|REFLEXIVE_RETURN	docs/audits/v49-exploration-full-space-closure-round1/raw/composition-enumeration-v2.tsv	75efbe8f0e5d18d431b1e525900da6eb30ff6abe1a97d407058e637680ada2cd	161	41ef762845e774bb6034fa8b401140cc7113bfa548f6cab1fa331d7989e0c95a	1d76bf657bbdec293265d051268a2a1153be0108b15a8d63ebbf2cb98cf6f06a	"[""R16B-SENSE:0ebc966b965fc5703be0f4bae727d337f32d83eb7db9066e926a2530dcfa0171"",""R16B-SENSE:61aaade597c45243fcdef0d2514fc52f58a066ae5c9f4ad550727cb75b124f64"",""R16B-SENSE:697603bbe891d791295d478b3b16d10add9bdab1fd92826d63d8b630f3779cfb""]"	"[""R16B-LOCAL-FAMILY:1d76bf657bbdec293265d051268a2a1153be0108b15a8d63ebbf2cb98cf6f06a""]"	"[""INQUIRY_ONLY_OR_UNRESOLVED""]"	"[""R16A-SUBGRAPH-6775233A5E9A6DE2D6BA""]"	"[""R16A-PAIR:43fa33f1a987090224619eb68e83d246be7705f94d1b2e364bdfb2b73fc1a94f"",""R16A-PAIR:891e0c3d300d8c4af59fbef2f00d164ee9c22df4148122c54ed84daee1dcb37e"",""R16A-PAIR:c36555188472ea5287ed70295a1b85e92e2ba9468fc703d2fe8893de3fc55a1f""]"	INVALID	REFLEXIVE_RETURN	INQUIRY	FAMILY_FINAL_DISPOSITION:INQUIRY_ONLY_OR_UNRESOLVED	false	false	false	false	Preserve the exact prior VALID/INVALID attempt while applying the independently derived semantic outcome; never equate topology validity with group support.	94234957221de35ebe370705b7aa90139c00245ec89f1bfc78cebcec86279025
468105499c7be102deec7d6555aced688dea9901	5419770959bdb8998b693fb2275b47e29b92367c	ROUND16A_TOPOLOGY_ENUMERATION_RESULT	R16A-SUBGRAPH-67AB99A934E7823497D1|BINARY_CONVERGENCE	docs/audits/v49-exploration-full-space-closure-round1/raw/composition-enumeration-v2.tsv	75efbe8f0e5d18d431b1e525900da6eb30ff6abe1a97d407058e637680ada2cd	165	b2e318acc4e81f432394fb0550a2c2c55919ea9c38440c028493c135abe1a038	9c036d39cfa771ac40c78c9387c2f2d2dd13b71b49a5e41b3c2777e67f29fc61	"[""R16B-SENSE:b25cab95ecf4ca503def2a66d5d89c36131f18c819b00e5c0c06737222baf067"",""R16B-SENSE:fd509f4a9f5aea51e88d869076b1534b55b173e8fd71bf4eb97c1c907a76859a""]"	[]	[]	"[""R16A-SUBGRAPH-67AB99A934E7823497D1""]"	"[""R16A-PAIR:0c8c2331a9ba240c16d983a310a9cb7e83f44710cb57828cca8860aaf7799937""]"	INVALID	BINARY_CONVERGENCE	RETAINED	ROUND16A_ACTIVE_PAIR_BASELINE_NO_GROUP_CLAIM	false	false	false	false	Preserve the exact prior VALID/INVALID attempt while applying the independently derived semantic outcome; never equate topology validity with group support.	5b8fac3ee3feb211959e12c1f65fea17b5f59473be2c4bf8a357e041070d5519
468105499c7be102deec7d6555aced688dea9901	5419770959bdb8998b693fb2275b47e29b92367c	ROUND16A_TOPOLOGY_ENUMERATION_RESULT	R16A-SUBGRAPH-67AB99A934E7823497D1|BINARY_FORK	docs/audits/v49-exploration-full-space-closure-round1/raw/composition-enumeration-v2.tsv	75efbe8f0e5d18d431b1e525900da6eb30ff6abe1a97d407058e637680ada2cd	164	e4e8fd556a1e9ab5091cf9b8f2ef395d739e6c426b777ead4394f9e7f94a5d5c	9c036d39cfa771ac40c78c9387c2f2d2dd13b71b49a5e41b3c2777e67f29fc61	"[""R16B-SENSE:b25cab95ecf4ca503def2a66d5d89c36131f18c819b00e5c0c06737222baf067"",""R16B-SENSE:fd509f4a9f5aea51e88d869076b1534b55b173e8fd71bf4eb97c1c907a76859a""]"	[]	[]	"[""R16A-SUBGRAPH-67AB99A934E7823497D1""]"	"[""R16A-PAIR:0c8c2331a9ba240c16d983a310a9cb7e83f44710cb57828cca8860aaf7799937""]"	INVALID	BINARY_FORK	RETAINED	ROUND16A_ACTIVE_PAIR_BASELINE_NO_GROUP_CLAIM	false	false	false	false	Preserve the exact prior VALID/INVALID attempt while applying the independently derived semantic outcome; never equate topology validity with group support.	c515b1da9847d4f04def2aae583ac68d2486eec011666095605c447163502434
468105499c7be102deec7d6555aced688dea9901	5419770959bdb8998b693fb2275b47e29b92367c	ROUND16A_TOPOLOGY_ENUMERATION_RESULT	R16A-SUBGRAPH-67AB99A934E7823497D1|EVIDENCE_GAP_TREE	docs/audits/v49-exploration-full-space-closure-round1/raw/composition-enumeration-v2.tsv	75efbe8f0e5d18d431b1e525900da6eb30ff6abe1a97d407058e637680ada2cd	168	6832ccad8591661f8bf884c06ae666e92ae69484d02a2afb742adba566b6757f	9c036d39cfa771ac40c78c9387c2f2d2dd13b71b49a5e41b3c2777e67f29fc61	"[""R16B-SENSE:b25cab95ecf4ca503def2a66d5d89c36131f18c819b00e5c0c06737222baf067"",""R16B-SENSE:fd509f4a9f5aea51e88d869076b1534b55b173e8fd71bf4eb97c1c907a76859a""]"	[]	[]	"[""R16A-SUBGRAPH-67AB99A934E7823497D1""]"	"[""R16A-PAIR:0c8c2331a9ba240c16d983a310a9cb7e83f44710cb57828cca8860aaf7799937""]"	INVALID	EVIDENCE_GAP_TREE	RETAINED	ROUND16A_ACTIVE_PAIR_BASELINE_NO_GROUP_CLAIM	false	false	false	false	Preserve the exact prior VALID/INVALID attempt while applying the independently derived semantic outcome; never equate topology validity with group support.	835f2f509b31fee8ad2f3e16fee87fee409e1e325e0dd53506693664b2561b37
468105499c7be102deec7d6555aced688dea9901	5419770959bdb8998b693fb2275b47e29b92367c	ROUND16A_TOPOLOGY_ENUMERATION_RESULT	R16A-SUBGRAPH-67AB99A934E7823497D1|LINEAR_PATH	docs/audits/v49-exploration-full-space-closure-round1/raw/composition-enumeration-v2.tsv	75efbe8f0e5d18d431b1e525900da6eb30ff6abe1a97d407058e637680ada2cd	163	ac084efe26f1d1ec59ab9b4904fd933c127d1cb0e613a51684fa8378d38bbcb0	9c036d39cfa771ac40c78c9387c2f2d2dd13b71b49a5e41b3c2777e67f29fc61	"[""R16B-SENSE:b25cab95ecf4ca503def2a66d5d89c36131f18c819b00e5c0c06737222baf067"",""R16B-SENSE:fd509f4a9f5aea51e88d869076b1534b55b173e8fd71bf4eb97c1c907a76859a""]"	[]	[]	"[""R16A-SUBGRAPH-67AB99A934E7823497D1""]"	"[""R16A-PAIR:0c8c2331a9ba240c16d983a310a9cb7e83f44710cb57828cca8860aaf7799937""]"	VALID	LINEAR_PATH	RETAINED	ROUND16A_ACTIVE_PAIR_BASELINE_NO_GROUP_CLAIM	false	false	false	false	Preserve the exact prior VALID/INVALID attempt while applying the independently derived semantic outcome; never equate topology validity with group support.	faab53dc1e4b27c22e799b9dc06b76424ed973b37bd5e42cc230d86843e38590
468105499c7be102deec7d6555aced688dea9901	5419770959bdb8998b693fb2275b47e29b92367c	ROUND16A_TOPOLOGY_ENUMERATION_RESULT	R16A-SUBGRAPH-67AB99A934E7823497D1|QUALIFIED_PATH	docs/audits/v49-exploration-full-space-closure-round1/raw/composition-enumeration-v2.tsv	75efbe8f0e5d18d431b1e525900da6eb30ff6abe1a97d407058e637680ada2cd	166	f59a5f9087535138063a30f0ba6abf37f4936785aef542116a23ffa5bfa9c5aa	9c036d39cfa771ac40c78c9387c2f2d2dd13b71b49a5e41b3c2777e67f29fc61	"[""R16B-SENSE:b25cab95ecf4ca503def2a66d5d89c36131f18c819b00e5c0c06737222baf067"",""R16B-SENSE:fd509f4a9f5aea51e88d869076b1534b55b173e8fd71bf4eb97c1c907a76859a""]"	[]	[]	"[""R16A-SUBGRAPH-67AB99A934E7823497D1""]"	"[""R16A-PAIR:0c8c2331a9ba240c16d983a310a9cb7e83f44710cb57828cca8860aaf7799937""]"	INVALID	QUALIFIED_PATH	RETAINED	ROUND16A_ACTIVE_PAIR_BASELINE_NO_GROUP_CLAIM	false	false	false	false	Preserve the exact prior VALID/INVALID attempt while applying the independently derived semantic outcome; never equate topology validity with group support.	7c50f38d513a82425ba30983e671c977fb0bd108b30c30213eac744653d69976
468105499c7be102deec7d6555aced688dea9901	5419770959bdb8998b693fb2275b47e29b92367c	ROUND16A_TOPOLOGY_ENUMERATION_RESULT	R16A-SUBGRAPH-67AB99A934E7823497D1|REFLEXIVE_RETURN	docs/audits/v49-exploration-full-space-closure-round1/raw/composition-enumeration-v2.tsv	75efbe8f0e5d18d431b1e525900da6eb30ff6abe1a97d407058e637680ada2cd	167	2a088aeb1f379fa3d37112a38ff6808802c53a8b583d3d4922469c11a1e271ae	9c036d39cfa771ac40c78c9387c2f2d2dd13b71b49a5e41b3c2777e67f29fc61	"[""R16B-SENSE:b25cab95ecf4ca503def2a66d5d89c36131f18c819b00e5c0c06737222baf067"",""R16B-SENSE:fd509f4a9f5aea51e88d869076b1534b55b173e8fd71bf4eb97c1c907a76859a""]"	[]	[]	"[""R16A-SUBGRAPH-67AB99A934E7823497D1""]"	"[""R16A-PAIR:0c8c2331a9ba240c16d983a310a9cb7e83f44710cb57828cca8860aaf7799937""]"	INVALID	REFLEXIVE_RETURN	RETAINED	ROUND16A_ACTIVE_PAIR_BASELINE_NO_GROUP_CLAIM	false	false	false	false	Preserve the exact prior VALID/INVALID attempt while applying the independently derived semantic outcome; never equate topology validity with group support.	164129eec7df6dd910ad2ae342d3f0d3b74184c59604941aea309954eff771dd
468105499c7be102deec7d6555aced688dea9901	5419770959bdb8998b693fb2275b47e29b92367c	ROUND16A_TOPOLOGY_ENUMERATION_RESULT	R16A-SUBGRAPH-75E9DA0C22CC720AE050|BINARY_CONVERGENCE	docs/audits/v49-exploration-full-space-closure-round1/raw/composition-enumeration-v2.tsv	75efbe8f0e5d18d431b1e525900da6eb30ff6abe1a97d407058e637680ada2cd	171	898a44b88d527fae67dae7e305df7a56727a6a907f5cc8f268e9e1b2a7f6a40d	83009b1d124d4635a57866eeffba5e1a1a33e499bd60b30c6346b94ff1a04f8e	"[""R16B-SENSE:698710ef66f0d551cde028b8e54bdbf6051b96902a736be6b9ab45d1ad91f848"",""R16B-SENSE:9415fd18554090ac9dd2dfc28a1ec541d67a94b8421b1cefafa578a03302257d"",""R16B-SENSE:9c499c8b62d5222b0be4049597c613d82925ede87bf34656671a6b1e4e491bc3""]"	"[""R16B-LOCAL-FAMILY:83009b1d124d4635a57866eeffba5e1a1a33e499bd60b30c6346b94ff1a04f8e""]"	"[""BOUNDED_SENSE_OR_SCOPE_CONFLICT""]"	"[""R16A-SUBGRAPH-75E9DA0C22CC720AE050""]"	"[""R16A-PAIR:4cf124f8588611ba0a2f76bce26ab0b5890dcfcf71d9283888d62d58bcdb974a"",""R16A-PAIR:591aa3897c3e0e455ef4bc05b36550f3d010af9e84be8a08c199676025fdeb04""]"	VALID	BINARY_CONVERGENCE	REJECTED	FAMILY_FINAL_DISPOSITION:BOUNDED_SENSE_OR_SCOPE_CONFLICT	false	false	false	false	Preserve the exact prior VALID/INVALID attempt while applying the independently derived semantic outcome; never equate topology validity with group support.	3ae0fe8e8b7ebc1ad1c227440b29449e7ec55533f69404d89a5a1a7d48ba33a7
468105499c7be102deec7d6555aced688dea9901	5419770959bdb8998b693fb2275b47e29b92367c	ROUND16A_TOPOLOGY_ENUMERATION_RESULT	R16A-SUBGRAPH-75E9DA0C22CC720AE050|BINARY_FORK	docs/audits/v49-exploration-full-space-closure-round1/raw/composition-enumeration-v2.tsv	75efbe8f0e5d18d431b1e525900da6eb30ff6abe1a97d407058e637680ada2cd	170	d5d9e5eb4d9dce9db4bf4cab3bb7fbfe92e223b013ab697d6acb3818493baa58	83009b1d124d4635a57866eeffba5e1a1a33e499bd60b30c6346b94ff1a04f8e	"[""R16B-SENSE:698710ef66f0d551cde028b8e54bdbf6051b96902a736be6b9ab45d1ad91f848"",""R16B-SENSE:9415fd18554090ac9dd2dfc28a1ec541d67a94b8421b1cefafa578a03302257d"",""R16B-SENSE:9c499c8b62d5222b0be4049597c613d82925ede87bf34656671a6b1e4e491bc3""]"	"[""R16B-LOCAL-FAMILY:83009b1d124d4635a57866eeffba5e1a1a33e499bd60b30c6346b94ff1a04f8e""]"	"[""BOUNDED_SENSE_OR_SCOPE_CONFLICT""]"	"[""R16A-SUBGRAPH-75E9DA0C22CC720AE050""]"	"[""R16A-PAIR:4cf124f8588611ba0a2f76bce26ab0b5890dcfcf71d9283888d62d58bcdb974a"",""R16A-PAIR:591aa3897c3e0e455ef4bc05b36550f3d010af9e84be8a08c199676025fdeb04""]"	VALID	BINARY_FORK	REJECTED	FAMILY_FINAL_DISPOSITION:BOUNDED_SENSE_OR_SCOPE_CONFLICT	false	false	false	false	Preserve the exact prior VALID/INVALID attempt while applying the independently derived semantic outcome; never equate topology validity with group support.	e947d07634b2c9e6bded859f7eae30e8c60573ef1c08ab4362679b409b35afd4
468105499c7be102deec7d6555aced688dea9901	5419770959bdb8998b693fb2275b47e29b92367c	ROUND16A_TOPOLOGY_ENUMERATION_RESULT	R16A-SUBGRAPH-75E9DA0C22CC720AE050|EVIDENCE_GAP_TREE	docs/audits/v49-exploration-full-space-closure-round1/raw/composition-enumeration-v2.tsv	75efbe8f0e5d18d431b1e525900da6eb30ff6abe1a97d407058e637680ada2cd	174	607ed9d1426ce64e54ef0260c0b2c6547b3b3ad13fd0372f5ae64b21f4030d11	83009b1d124d4635a57866eeffba5e1a1a33e499bd60b30c6346b94ff1a04f8e	"[""R16B-SENSE:698710ef66f0d551cde028b8e54bdbf6051b96902a736be6b9ab45d1ad91f848"",""R16B-SENSE:9415fd18554090ac9dd2dfc28a1ec541d67a94b8421b1cefafa578a03302257d"",""R16B-SENSE:9c499c8b62d5222b0be4049597c613d82925ede87bf34656671a6b1e4e491bc3""]"	"[""R16B-LOCAL-FAMILY:83009b1d124d4635a57866eeffba5e1a1a33e499bd60b30c6346b94ff1a04f8e""]"	"[""BOUNDED_SENSE_OR_SCOPE_CONFLICT""]"	"[""R16A-SUBGRAPH-75E9DA0C22CC720AE050""]"	"[""R16A-PAIR:4cf124f8588611ba0a2f76bce26ab0b5890dcfcf71d9283888d62d58bcdb974a"",""R16A-PAIR:591aa3897c3e0e455ef4bc05b36550f3d010af9e84be8a08c199676025fdeb04""]"	INVALID	EVIDENCE_GAP_TREE	REJECTED	FAMILY_FINAL_DISPOSITION:BOUNDED_SENSE_OR_SCOPE_CONFLICT	false	false	false	false	Preserve the exact prior VALID/INVALID attempt while applying the independently derived semantic outcome; never equate topology validity with group support.	8d4fce4eddf0adac3f03a4999a30b1111131375bfbc84805616d38426ab10519
468105499c7be102deec7d6555aced688dea9901	5419770959bdb8998b693fb2275b47e29b92367c	ROUND16A_TOPOLOGY_ENUMERATION_RESULT	R16A-SUBGRAPH-75E9DA0C22CC720AE050|LINEAR_PATH	docs/audits/v49-exploration-full-space-closure-round1/raw/composition-enumeration-v2.tsv	75efbe8f0e5d18d431b1e525900da6eb30ff6abe1a97d407058e637680ada2cd	169	f7ae2538ebdb69f647d2767940c30fac54c54a44c220f28ff8e08ea202d7df61	83009b1d124d4635a57866eeffba5e1a1a33e499bd60b30c6346b94ff1a04f8e	"[""R16B-SENSE:698710ef66f0d551cde028b8e54bdbf6051b96902a736be6b9ab45d1ad91f848"",""R16B-SENSE:9415fd18554090ac9dd2dfc28a1ec541d67a94b8421b1cefafa578a03302257d"",""R16B-SENSE:9c499c8b62d5222b0be4049597c613d82925ede87bf34656671a6b1e4e491bc3""]"	"[""R16B-LOCAL-FAMILY:83009b1d124d4635a57866eeffba5e1a1a33e499bd60b30c6346b94ff1a04f8e""]"	"[""BOUNDED_SENSE_OR_SCOPE_CONFLICT""]"	"[""R16A-SUBGRAPH-75E9DA0C22CC720AE050""]"	"[""R16A-PAIR:4cf124f8588611ba0a2f76bce26ab0b5890dcfcf71d9283888d62d58bcdb974a"",""R16A-PAIR:591aa3897c3e0e455ef4bc05b36550f3d010af9e84be8a08c199676025fdeb04""]"	VALID	LINEAR_PATH	REJECTED	FAMILY_FINAL_DISPOSITION:BOUNDED_SENSE_OR_SCOPE_CONFLICT	false	false	false	false	Preserve the exact prior VALID/INVALID attempt while applying the independently derived semantic outcome; never equate topology validity with group support.	815d1f47b5a4517ac0d9febf14f02d4dd5b6b907bfc5f0a09e0826e7addf7be1
468105499c7be102deec7d6555aced688dea9901	5419770959bdb8998b693fb2275b47e29b92367c	ROUND16A_TOPOLOGY_ENUMERATION_RESULT	R16A-SUBGRAPH-75E9DA0C22CC720AE050|QUALIFIED_PATH	docs/audits/v49-exploration-full-space-closure-round1/raw/composition-enumeration-v2.tsv	75efbe8f0e5d18d431b1e525900da6eb30ff6abe1a97d407058e637680ada2cd	172	7d94e65d82eead1bbba89bd112a06a2fb86ce4ba3db3d21517149727ccc60161	83009b1d124d4635a57866eeffba5e1a1a33e499bd60b30c6346b94ff1a04f8e	"[""R16B-SENSE:698710ef66f0d551cde028b8e54bdbf6051b96902a736be6b9ab45d1ad91f848"",""R16B-SENSE:9415fd18554090ac9dd2dfc28a1ec541d67a94b8421b1cefafa578a03302257d"",""R16B-SENSE:9c499c8b62d5222b0be4049597c613d82925ede87bf34656671a6b1e4e491bc3""]"	"[""R16B-LOCAL-FAMILY:83009b1d124d4635a57866eeffba5e1a1a33e499bd60b30c6346b94ff1a04f8e""]"	"[""BOUNDED_SENSE_OR_SCOPE_CONFLICT""]"	"[""R16A-SUBGRAPH-75E9DA0C22CC720AE050""]"	"[""R16A-PAIR:4cf124f8588611ba0a2f76bce26ab0b5890dcfcf71d9283888d62d58bcdb974a"",""R16A-PAIR:591aa3897c3e0e455ef4bc05b36550f3d010af9e84be8a08c199676025fdeb04""]"	INVALID	QUALIFIED_PATH	REJECTED	FAMILY_FINAL_DISPOSITION:BOUNDED_SENSE_OR_SCOPE_CONFLICT	false	false	false	false	Preserve the exact prior VALID/INVALID attempt while applying the independently derived semantic outcome; never equate topology validity with group support.	a55372d397f599b26cd1fc3a4a18c2cbb867001e913dca4ec1181180729c0a5b
468105499c7be102deec7d6555aced688dea9901	5419770959bdb8998b693fb2275b47e29b92367c	ROUND16A_TOPOLOGY_ENUMERATION_RESULT	R16A-SUBGRAPH-75E9DA0C22CC720AE050|REFLEXIVE_RETURN	docs/audits/v49-exploration-full-space-closure-round1/raw/composition-enumeration-v2.tsv	75efbe8f0e5d18d431b1e525900da6eb30ff6abe1a97d407058e637680ada2cd	173	c1af0494a1765a07d608dd4b451bb087d93fd75e9e985da296151c626259265b	83009b1d124d4635a57866eeffba5e1a1a33e499bd60b30c6346b94ff1a04f8e	"[""R16B-SENSE:698710ef66f0d551cde028b8e54bdbf6051b96902a736be6b9ab45d1ad91f848"",""R16B-SENSE:9415fd18554090ac9dd2dfc28a1ec541d67a94b8421b1cefafa578a03302257d"",""R16B-SENSE:9c499c8b62d5222b0be4049597c613d82925ede87bf34656671a6b1e4e491bc3""]"	"[""R16B-LOCAL-FAMILY:83009b1d124d4635a57866eeffba5e1a1a33e499bd60b30c6346b94ff1a04f8e""]"	"[""BOUNDED_SENSE_OR_SCOPE_CONFLICT""]"	"[""R16A-SUBGRAPH-75E9DA0C22CC720AE050""]"	"[""R16A-PAIR:4cf124f8588611ba0a2f76bce26ab0b5890dcfcf71d9283888d62d58bcdb974a"",""R16A-PAIR:591aa3897c3e0e455ef4bc05b36550f3d010af9e84be8a08c199676025fdeb04""]"	INVALID	REFLEXIVE_RETURN	REJECTED	FAMILY_FINAL_DISPOSITION:BOUNDED_SENSE_OR_SCOPE_CONFLICT	false	false	false	false	Preserve the exact prior VALID/INVALID attempt while applying the independently derived semantic outcome; never equate topology validity with group support.	acc8ae3d7c56bcd0ebd95f7dfffe77cb180bdc810c4e5c8b6d20cbc520b3c73e
468105499c7be102deec7d6555aced688dea9901	5419770959bdb8998b693fb2275b47e29b92367c	ROUND16A_TOPOLOGY_ENUMERATION_RESULT	R16A-SUBGRAPH-79C0D024084B65B35470|BINARY_CONVERGENCE	docs/audits/v49-exploration-full-space-closure-round1/raw/composition-enumeration-v2.tsv	75efbe8f0e5d18d431b1e525900da6eb30ff6abe1a97d407058e637680ada2cd	177	05f66fa1cf057097f504bd8abd00bdcc4fe17f85f051bc1ed12a337cc8e5b22f	83009b1d124d4635a57866eeffba5e1a1a33e499bd60b30c6346b94ff1a04f8e	"[""R16B-SENSE:698710ef66f0d551cde028b8e54bdbf6051b96902a736be6b9ab45d1ad91f848"",""R16B-SENSE:9415fd18554090ac9dd2dfc28a1ec541d67a94b8421b1cefafa578a03302257d"",""R16B-SENSE:9c499c8b62d5222b0be4049597c613d82925ede87bf34656671a6b1e4e491bc3""]"	"[""R16B-LOCAL-FAMILY:83009b1d124d4635a57866eeffba5e1a1a33e499bd60b30c6346b94ff1a04f8e""]"	"[""BOUNDED_SENSE_OR_SCOPE_CONFLICT""]"	"[""R16A-SUBGRAPH-79C0D024084B65B35470""]"	"[""R16A-PAIR:4cf124f8588611ba0a2f76bce26ab0b5890dcfcf71d9283888d62d58bcdb974a"",""R16A-PAIR:c58fe913fc06f2896c1022f7ccc0e9de1b0f7f1121f09c7d18162d40fe764cf9""]"	VALID	BINARY_CONVERGENCE	REJECTED	FAMILY_FINAL_DISPOSITION:BOUNDED_SENSE_OR_SCOPE_CONFLICT	false	false	false	false	Preserve the exact prior VALID/INVALID attempt while applying the independently derived semantic outcome; never equate topology validity with group support.	487a78ef439ad9a1f28790c03064eb892cb3cd7a49d8412116aaf6e884d45b19
468105499c7be102deec7d6555aced688dea9901	5419770959bdb8998b693fb2275b47e29b92367c	ROUND16A_TOPOLOGY_ENUMERATION_RESULT	R16A-SUBGRAPH-79C0D024084B65B35470|BINARY_FORK	docs/audits/v49-exploration-full-space-closure-round1/raw/composition-enumeration-v2.tsv	75efbe8f0e5d18d431b1e525900da6eb30ff6abe1a97d407058e637680ada2cd	176	d0ccf756cb7beea8b75b5d8476f21315ce52201d6db130ada28c210a78d2097f	83009b1d124d4635a57866eeffba5e1a1a33e499bd60b30c6346b94ff1a04f8e	"[""R16B-SENSE:698710ef66f0d551cde028b8e54bdbf6051b96902a736be6b9ab45d1ad91f848"",""R16B-SENSE:9415fd18554090ac9dd2dfc28a1ec541d67a94b8421b1cefafa578a03302257d"",""R16B-SENSE:9c499c8b62d5222b0be4049597c613d82925ede87bf34656671a6b1e4e491bc3""]"	"[""R16B-LOCAL-FAMILY:83009b1d124d4635a57866eeffba5e1a1a33e499bd60b30c6346b94ff1a04f8e""]"	"[""BOUNDED_SENSE_OR_SCOPE_CONFLICT""]"	"[""R16A-SUBGRAPH-79C0D024084B65B35470""]"	"[""R16A-PAIR:4cf124f8588611ba0a2f76bce26ab0b5890dcfcf71d9283888d62d58bcdb974a"",""R16A-PAIR:c58fe913fc06f2896c1022f7ccc0e9de1b0f7f1121f09c7d18162d40fe764cf9""]"	VALID	BINARY_FORK	REJECTED	FAMILY_FINAL_DISPOSITION:BOUNDED_SENSE_OR_SCOPE_CONFLICT	false	false	false	false	Preserve the exact prior VALID/INVALID attempt while applying the independently derived semantic outcome; never equate topology validity with group support.	3b1a1c03db93aadc483e05325df9442501dc72f76fb9fe6de614d69f57960ec6
468105499c7be102deec7d6555aced688dea9901	5419770959bdb8998b693fb2275b47e29b92367c	ROUND16A_TOPOLOGY_ENUMERATION_RESULT	R16A-SUBGRAPH-79C0D024084B65B35470|EVIDENCE_GAP_TREE	docs/audits/v49-exploration-full-space-closure-round1/raw/composition-enumeration-v2.tsv	75efbe8f0e5d18d431b1e525900da6eb30ff6abe1a97d407058e637680ada2cd	180	92efc833902dae7c6fa6f5a63692c3caba643b775457c7b58328bd9176a35f3f	83009b1d124d4635a57866eeffba5e1a1a33e499bd60b30c6346b94ff1a04f8e	"[""R16B-SENSE:698710ef66f0d551cde028b8e54bdbf6051b96902a736be6b9ab45d1ad91f848"",""R16B-SENSE:9415fd18554090ac9dd2dfc28a1ec541d67a94b8421b1cefafa578a03302257d"",""R16B-SENSE:9c499c8b62d5222b0be4049597c613d82925ede87bf34656671a6b1e4e491bc3""]"	"[""R16B-LOCAL-FAMILY:83009b1d124d4635a57866eeffba5e1a1a33e499bd60b30c6346b94ff1a04f8e""]"	"[""BOUNDED_SENSE_OR_SCOPE_CONFLICT""]"	"[""R16A-SUBGRAPH-79C0D024084B65B35470""]"	"[""R16A-PAIR:4cf124f8588611ba0a2f76bce26ab0b5890dcfcf71d9283888d62d58bcdb974a"",""R16A-PAIR:c58fe913fc06f2896c1022f7ccc0e9de1b0f7f1121f09c7d18162d40fe764cf9""]"	INVALID	EVIDENCE_GAP_TREE	REJECTED	FAMILY_FINAL_DISPOSITION:BOUNDED_SENSE_OR_SCOPE_CONFLICT	false	false	false	false	Preserve the exact prior VALID/INVALID attempt while applying the independently derived semantic outcome; never equate topology validity with group support.	d09ec0ccdf45db277ae43d4f8bf56e9408a4c74828ce7e7d0be42b2293d493a1
468105499c7be102deec7d6555aced688dea9901	5419770959bdb8998b693fb2275b47e29b92367c	ROUND16A_TOPOLOGY_ENUMERATION_RESULT	R16A-SUBGRAPH-79C0D024084B65B35470|LINEAR_PATH	docs/audits/v49-exploration-full-space-closure-round1/raw/composition-enumeration-v2.tsv	75efbe8f0e5d18d431b1e525900da6eb30ff6abe1a97d407058e637680ada2cd	175	391a510f55d266be2a6b35385d42fe9f540ca755b521bc63fb1ef6cc7d2a8db3	83009b1d124d4635a57866eeffba5e1a1a33e499bd60b30c6346b94ff1a04f8e	"[""R16B-SENSE:698710ef66f0d551cde028b8e54bdbf6051b96902a736be6b9ab45d1ad91f848"",""R16B-SENSE:9415fd18554090ac9dd2dfc28a1ec541d67a94b8421b1cefafa578a03302257d"",""R16B-SENSE:9c499c8b62d5222b0be4049597c613d82925ede87bf34656671a6b1e4e491bc3""]"	"[""R16B-LOCAL-FAMILY:83009b1d124d4635a57866eeffba5e1a1a33e499bd60b30c6346b94ff1a04f8e""]"	"[""BOUNDED_SENSE_OR_SCOPE_CONFLICT""]"	"[""R16A-SUBGRAPH-79C0D024084B65B35470""]"	"[""R16A-PAIR:4cf124f8588611ba0a2f76bce26ab0b5890dcfcf71d9283888d62d58bcdb974a"",""R16A-PAIR:c58fe913fc06f2896c1022f7ccc0e9de1b0f7f1121f09c7d18162d40fe764cf9""]"	VALID	LINEAR_PATH	REJECTED	FAMILY_FINAL_DISPOSITION:BOUNDED_SENSE_OR_SCOPE_CONFLICT	false	false	false	false	Preserve the exact prior VALID/INVALID attempt while applying the independently derived semantic outcome; never equate topology validity with group support.	01873dbf74adbda3fc802ce537759984d4389ef9f8cf67be94924091c79428a8
468105499c7be102deec7d6555aced688dea9901	5419770959bdb8998b693fb2275b47e29b92367c	ROUND16A_TOPOLOGY_ENUMERATION_RESULT	R16A-SUBGRAPH-79C0D024084B65B35470|QUALIFIED_PATH	docs/audits/v49-exploration-full-space-closure-round1/raw/composition-enumeration-v2.tsv	75efbe8f0e5d18d431b1e525900da6eb30ff6abe1a97d407058e637680ada2cd	178	0c89309b4b617e8609e86fd306e3431c0288fdd710d2c9aae5e468b53410e89e	83009b1d124d4635a57866eeffba5e1a1a33e499bd60b30c6346b94ff1a04f8e	"[""R16B-SENSE:698710ef66f0d551cde028b8e54bdbf6051b96902a736be6b9ab45d1ad91f848"",""R16B-SENSE:9415fd18554090ac9dd2dfc28a1ec541d67a94b8421b1cefafa578a03302257d"",""R16B-SENSE:9c499c8b62d5222b0be4049597c613d82925ede87bf34656671a6b1e4e491bc3""]"	"[""R16B-LOCAL-FAMILY:83009b1d124d4635a57866eeffba5e1a1a33e499bd60b30c6346b94ff1a04f8e""]"	"[""BOUNDED_SENSE_OR_SCOPE_CONFLICT""]"	"[""R16A-SUBGRAPH-79C0D024084B65B35470""]"	"[""R16A-PAIR:4cf124f8588611ba0a2f76bce26ab0b5890dcfcf71d9283888d62d58bcdb974a"",""R16A-PAIR:c58fe913fc06f2896c1022f7ccc0e9de1b0f7f1121f09c7d18162d40fe764cf9""]"	INVALID	QUALIFIED_PATH	REJECTED	FAMILY_FINAL_DISPOSITION:BOUNDED_SENSE_OR_SCOPE_CONFLICT	false	false	false	false	Preserve the exact prior VALID/INVALID attempt while applying the independently derived semantic outcome; never equate topology validity with group support.	4918010102b7c64fb91036b80728389a101980560a0591333701c44b5fe220ff
468105499c7be102deec7d6555aced688dea9901	5419770959bdb8998b693fb2275b47e29b92367c	ROUND16A_TOPOLOGY_ENUMERATION_RESULT	R16A-SUBGRAPH-79C0D024084B65B35470|REFLEXIVE_RETURN	docs/audits/v49-exploration-full-space-closure-round1/raw/composition-enumeration-v2.tsv	75efbe8f0e5d18d431b1e525900da6eb30ff6abe1a97d407058e637680ada2cd	179	afed8c89eacf79a2844910429d7390d14d70194e9c6a2194466067317f2984cc	83009b1d124d4635a57866eeffba5e1a1a33e499bd60b30c6346b94ff1a04f8e	"[""R16B-SENSE:698710ef66f0d551cde028b8e54bdbf6051b96902a736be6b9ab45d1ad91f848"",""R16B-SENSE:9415fd18554090ac9dd2dfc28a1ec541d67a94b8421b1cefafa578a03302257d"",""R16B-SENSE:9c499c8b62d5222b0be4049597c613d82925ede87bf34656671a6b1e4e491bc3""]"	"[""R16B-LOCAL-FAMILY:83009b1d124d4635a57866eeffba5e1a1a33e499bd60b30c6346b94ff1a04f8e""]"	"[""BOUNDED_SENSE_OR_SCOPE_CONFLICT""]"	"[""R16A-SUBGRAPH-79C0D024084B65B35470""]"	"[""R16A-PAIR:4cf124f8588611ba0a2f76bce26ab0b5890dcfcf71d9283888d62d58bcdb974a"",""R16A-PAIR:c58fe913fc06f2896c1022f7ccc0e9de1b0f7f1121f09c7d18162d40fe764cf9""]"	INVALID	REFLEXIVE_RETURN	REJECTED	FAMILY_FINAL_DISPOSITION:BOUNDED_SENSE_OR_SCOPE_CONFLICT	false	false	false	false	Preserve the exact prior VALID/INVALID attempt while applying the independently derived semantic outcome; never equate topology validity with group support.	eeaab99f0f0e0c9b2fb7e6624a2cb5069138189dee0121d89fc4e9a8dce4808f
468105499c7be102deec7d6555aced688dea9901	5419770959bdb8998b693fb2275b47e29b92367c	ROUND16A_TOPOLOGY_ENUMERATION_RESULT	R16A-SUBGRAPH-7BCF077B210539ABB07A|BINARY_CONVERGENCE	docs/audits/v49-exploration-full-space-closure-round1/raw/composition-enumeration-v2.tsv	75efbe8f0e5d18d431b1e525900da6eb30ff6abe1a97d407058e637680ada2cd	183	1577d117f57cb328e6b277896fe6e131bbd83a681b640fb53f6d14b2f87b835f	8208a2a8ad443f71238a7277ffa101d0fa1594c9e54aee950ec46d7c9a964922	"[""R16B-SENSE:698710ef66f0d551cde028b8e54bdbf6051b96902a736be6b9ab45d1ad91f848"",""R16B-SENSE:9c499c8b62d5222b0be4049597c613d82925ede87bf34656671a6b1e4e491bc3""]"	[]	[]	"[""R16A-SUBGRAPH-7BCF077B210539ABB07A""]"	"[""R16A-PAIR:c58fe913fc06f2896c1022f7ccc0e9de1b0f7f1121f09c7d18162d40fe764cf9""]"	INVALID	BINARY_CONVERGENCE	RETAINED	ROUND16A_ACTIVE_PAIR_BASELINE_NO_GROUP_CLAIM	false	false	false	false	Preserve the exact prior VALID/INVALID attempt while applying the independently derived semantic outcome; never equate topology validity with group support.	647c47f2a75f18eb5220845058c6288819b10a1f2bc509f0d4e9987d85049a59
468105499c7be102deec7d6555aced688dea9901	5419770959bdb8998b693fb2275b47e29b92367c	ROUND16A_TOPOLOGY_ENUMERATION_RESULT	R16A-SUBGRAPH-7BCF077B210539ABB07A|BINARY_FORK	docs/audits/v49-exploration-full-space-closure-round1/raw/composition-enumeration-v2.tsv	75efbe8f0e5d18d431b1e525900da6eb30ff6abe1a97d407058e637680ada2cd	182	e53384fae2e72485e03059c484c798451ed1745199b2ab70758c72825cd78904	8208a2a8ad443f71238a7277ffa101d0fa1594c9e54aee950ec46d7c9a964922	"[""R16B-SENSE:698710ef66f0d551cde028b8e54bdbf6051b96902a736be6b9ab45d1ad91f848"",""R16B-SENSE:9c499c8b62d5222b0be4049597c613d82925ede87bf34656671a6b1e4e491bc3""]"	[]	[]	"[""R16A-SUBGRAPH-7BCF077B210539ABB07A""]"	"[""R16A-PAIR:c58fe913fc06f2896c1022f7ccc0e9de1b0f7f1121f09c7d18162d40fe764cf9""]"	INVALID	BINARY_FORK	RETAINED	ROUND16A_ACTIVE_PAIR_BASELINE_NO_GROUP_CLAIM	false	false	false	false	Preserve the exact prior VALID/INVALID attempt while applying the independently derived semantic outcome; never equate topology validity with group support.	53e9df7520ad04003e276f30150f727aa513e3b696b86e33aa190c772b192d18
468105499c7be102deec7d6555aced688dea9901	5419770959bdb8998b693fb2275b47e29b92367c	ROUND16A_TOPOLOGY_ENUMERATION_RESULT	R16A-SUBGRAPH-7BCF077B210539ABB07A|EVIDENCE_GAP_TREE	docs/audits/v49-exploration-full-space-closure-round1/raw/composition-enumeration-v2.tsv	75efbe8f0e5d18d431b1e525900da6eb30ff6abe1a97d407058e637680ada2cd	186	6d83ccd876a7d60662376ca7af3bc50542d945a011bd571306646f5e66040b29	8208a2a8ad443f71238a7277ffa101d0fa1594c9e54aee950ec46d7c9a964922	"[""R16B-SENSE:698710ef66f0d551cde028b8e54bdbf6051b96902a736be6b9ab45d1ad91f848"",""R16B-SENSE:9c499c8b62d5222b0be4049597c613d82925ede87bf34656671a6b1e4e491bc3""]"	[]	[]	"[""R16A-SUBGRAPH-7BCF077B210539ABB07A""]"	"[""R16A-PAIR:c58fe913fc06f2896c1022f7ccc0e9de1b0f7f1121f09c7d18162d40fe764cf9""]"	INVALID	EVIDENCE_GAP_TREE	RETAINED	ROUND16A_ACTIVE_PAIR_BASELINE_NO_GROUP_CLAIM	false	false	false	false	Preserve the exact prior VALID/INVALID attempt while applying the independently derived semantic outcome; never equate topology validity with group support.	892e394dec5f58a0cf0c8214bf74e144559eda9fff1756a4c37918de4edb46bd
468105499c7be102deec7d6555aced688dea9901	5419770959bdb8998b693fb2275b47e29b92367c	ROUND16A_TOPOLOGY_ENUMERATION_RESULT	R16A-SUBGRAPH-7BCF077B210539ABB07A|LINEAR_PATH	docs/audits/v49-exploration-full-space-closure-round1/raw/composition-enumeration-v2.tsv	75efbe8f0e5d18d431b1e525900da6eb30ff6abe1a97d407058e637680ada2cd	181	e543e0c64b25387fc5bb1eeaf005f68a50cc498b3e57d62526c5e7f764e464cc	8208a2a8ad443f71238a7277ffa101d0fa1594c9e54aee950ec46d7c9a964922	"[""R16B-SENSE:698710ef66f0d551cde028b8e54bdbf6051b96902a736be6b9ab45d1ad91f848"",""R16B-SENSE:9c499c8b62d5222b0be4049597c613d82925ede87bf34656671a6b1e4e491bc3""]"	[]	[]	"[""R16A-SUBGRAPH-7BCF077B210539ABB07A""]"	"[""R16A-PAIR:c58fe913fc06f2896c1022f7ccc0e9de1b0f7f1121f09c7d18162d40fe764cf9""]"	VALID	LINEAR_PATH	RETAINED	ROUND16A_ACTIVE_PAIR_BASELINE_NO_GROUP_CLAIM	false	false	false	false	Preserve the exact prior VALID/INVALID attempt while applying the independently derived semantic outcome; never equate topology validity with group support.	c20f04bef327faee163f12578704fdc3ad1ea951d436e144bfa7d559b0a7a0f1
468105499c7be102deec7d6555aced688dea9901	5419770959bdb8998b693fb2275b47e29b92367c	ROUND16A_TOPOLOGY_ENUMERATION_RESULT	R16A-SUBGRAPH-7BCF077B210539ABB07A|QUALIFIED_PATH	docs/audits/v49-exploration-full-space-closure-round1/raw/composition-enumeration-v2.tsv	75efbe8f0e5d18d431b1e525900da6eb30ff6abe1a97d407058e637680ada2cd	184	638178c166f25616278a49ba24228856af8870078e3a8827483b7297fe860c6c	8208a2a8ad443f71238a7277ffa101d0fa1594c9e54aee950ec46d7c9a964922	"[""R16B-SENSE:698710ef66f0d551cde028b8e54bdbf6051b96902a736be6b9ab45d1ad91f848"",""R16B-SENSE:9c499c8b62d5222b0be4049597c613d82925ede87bf34656671a6b1e4e491bc3""]"	[]	[]	"[""R16A-SUBGRAPH-7BCF077B210539ABB07A""]"	"[""R16A-PAIR:c58fe913fc06f2896c1022f7ccc0e9de1b0f7f1121f09c7d18162d40fe764cf9""]"	INVALID	QUALIFIED_PATH	RETAINED	ROUND16A_ACTIVE_PAIR_BASELINE_NO_GROUP_CLAIM	false	false	false	false	Preserve the exact prior VALID/INVALID attempt while applying the independently derived semantic outcome; never equate topology validity with group support.	46ab68bbbe8c7303ac9e2f20ad97d218e92fe6b9e40b2d28ee2b99af84d46eb1
468105499c7be102deec7d6555aced688dea9901	5419770959bdb8998b693fb2275b47e29b92367c	ROUND16A_TOPOLOGY_ENUMERATION_RESULT	R16A-SUBGRAPH-7BCF077B210539ABB07A|REFLEXIVE_RETURN	docs/audits/v49-exploration-full-space-closure-round1/raw/composition-enumeration-v2.tsv	75efbe8f0e5d18d431b1e525900da6eb30ff6abe1a97d407058e637680ada2cd	185	bad3f7404ee022b7c996c62f4afa29a1f8804583a46708dded1d8bc4211be3e3	8208a2a8ad443f71238a7277ffa101d0fa1594c9e54aee950ec46d7c9a964922	"[""R16B-SENSE:698710ef66f0d551cde028b8e54bdbf6051b96902a736be6b9ab45d1ad91f848"",""R16B-SENSE:9c499c8b62d5222b0be4049597c613d82925ede87bf34656671a6b1e4e491bc3""]"	[]	[]	"[""R16A-SUBGRAPH-7BCF077B210539ABB07A""]"	"[""R16A-PAIR:c58fe913fc06f2896c1022f7ccc0e9de1b0f7f1121f09c7d18162d40fe764cf9""]"	INVALID	REFLEXIVE_RETURN	RETAINED	ROUND16A_ACTIVE_PAIR_BASELINE_NO_GROUP_CLAIM	false	false	false	false	Preserve the exact prior VALID/INVALID attempt while applying the independently derived semantic outcome; never equate topology validity with group support.	2551e17393c97742b1ebf01e4148cd04eec7f94b7129bb6f1bf2da7416a49fde
468105499c7be102deec7d6555aced688dea9901	5419770959bdb8998b693fb2275b47e29b92367c	ROUND16A_TOPOLOGY_ENUMERATION_RESULT	R16A-SUBGRAPH-7C0BE9DC5178DC5CC4FE|BINARY_CONVERGENCE	docs/audits/v49-exploration-full-space-closure-round1/raw/composition-enumeration-v2.tsv	75efbe8f0e5d18d431b1e525900da6eb30ff6abe1a97d407058e637680ada2cd	189	d7201bc0fe00f14398e129330e53c97efb9aaab7857f6588d74a127ae5bc9931	89817e7a449f1cc7b574fb1b89c9541f765e52825c5cb62bf0a2bb833e8f970a	"[""R16B-SENSE:4e14e64610176c44c8a9775fba3a7d484b4eee0fb06ee9553c17675cb7f0b634"",""R16B-SENSE:f0e28e13851d04c13b701f53d9b3911cb50fc572cc6203c64527804f0b37e909"",""R16B-SENSE:f26224717160ca63c45ca85fe7c23e1469baa3e10672a68beafb13d195d0915d"",""R16B-SENSE:fa3369a6eb4bebe96ee289987f963e539b8da9c27ea0f454e8a24b6bddf9306f""]"	"[""R16B-LOCAL-FAMILY:89817e7a449f1cc7b574fb1b89c9541f765e52825c5cb62bf0a2bb833e8f970a""]"	"[""INQUIRY_ONLY_OR_UNRESOLVED""]"	"[""R16A-SUBGRAPH-7C0BE9DC5178DC5CC4FE""]"	"[""R16A-PAIR:2ea00c84f44e9da21aae78f742f5cf6cba09fee7e94d77ff3420dc07dd64cbb5"",""R16A-PAIR:db9e8b1d1d7e17983872e3600cd1a3ce5ae7f3c907ae70bdeafcbd0b2c6a0460"",""R16A-PAIR:e153332b67669fdaa24f256bfcf61135e56eb2894e48481afc71ae4327c81422""]"	INVALID	BINARY_CONVERGENCE	INQUIRY	FAMILY_FINAL_DISPOSITION:INQUIRY_ONLY_OR_UNRESOLVED	false	false	false	false	Preserve the exact prior VALID/INVALID attempt while applying the independently derived semantic outcome; never equate topology validity with group support.	1ce984581cfd63f57bd266f7d31303f67d9cfd67224f50949103dbd369c5f74a
468105499c7be102deec7d6555aced688dea9901	5419770959bdb8998b693fb2275b47e29b92367c	ROUND16A_TOPOLOGY_ENUMERATION_RESULT	R16A-SUBGRAPH-7C0BE9DC5178DC5CC4FE|BINARY_FORK	docs/audits/v49-exploration-full-space-closure-round1/raw/composition-enumeration-v2.tsv	75efbe8f0e5d18d431b1e525900da6eb30ff6abe1a97d407058e637680ada2cd	188	dc210d03c459cc25155fe0b0e10d84655901d942a858ee9b3ec7c0595ebffd93	89817e7a449f1cc7b574fb1b89c9541f765e52825c5cb62bf0a2bb833e8f970a	"[""R16B-SENSE:4e14e64610176c44c8a9775fba3a7d484b4eee0fb06ee9553c17675cb7f0b634"",""R16B-SENSE:f0e28e13851d04c13b701f53d9b3911cb50fc572cc6203c64527804f0b37e909"",""R16B-SENSE:f26224717160ca63c45ca85fe7c23e1469baa3e10672a68beafb13d195d0915d"",""R16B-SENSE:fa3369a6eb4bebe96ee289987f963e539b8da9c27ea0f454e8a24b6bddf9306f""]"	"[""R16B-LOCAL-FAMILY:89817e7a449f1cc7b574fb1b89c9541f765e52825c5cb62bf0a2bb833e8f970a""]"	"[""INQUIRY_ONLY_OR_UNRESOLVED""]"	"[""R16A-SUBGRAPH-7C0BE9DC5178DC5CC4FE""]"	"[""R16A-PAIR:2ea00c84f44e9da21aae78f742f5cf6cba09fee7e94d77ff3420dc07dd64cbb5"",""R16A-PAIR:db9e8b1d1d7e17983872e3600cd1a3ce5ae7f3c907ae70bdeafcbd0b2c6a0460"",""R16A-PAIR:e153332b67669fdaa24f256bfcf61135e56eb2894e48481afc71ae4327c81422""]"	INVALID	BINARY_FORK	INQUIRY	FAMILY_FINAL_DISPOSITION:INQUIRY_ONLY_OR_UNRESOLVED	false	false	false	false	Preserve the exact prior VALID/INVALID attempt while applying the independently derived semantic outcome; never equate topology validity with group support.	5ab5f849e0a2a244912661ef58e451ae942f5756203743180415f63eeab83693
468105499c7be102deec7d6555aced688dea9901	5419770959bdb8998b693fb2275b47e29b92367c	ROUND16A_TOPOLOGY_ENUMERATION_RESULT	R16A-SUBGRAPH-7C0BE9DC5178DC5CC4FE|EVIDENCE_GAP_TREE	docs/audits/v49-exploration-full-space-closure-round1/raw/composition-enumeration-v2.tsv	75efbe8f0e5d18d431b1e525900da6eb30ff6abe1a97d407058e637680ada2cd	192	a8011f64833c3f4f5d6bb5085293f48c564daabbce485d3490c85fe0cd79aa41	89817e7a449f1cc7b574fb1b89c9541f765e52825c5cb62bf0a2bb833e8f970a	"[""R16B-SENSE:4e14e64610176c44c8a9775fba3a7d484b4eee0fb06ee9553c17675cb7f0b634"",""R16B-SENSE:f0e28e13851d04c13b701f53d9b3911cb50fc572cc6203c64527804f0b37e909"",""R16B-SENSE:f26224717160ca63c45ca85fe7c23e1469baa3e10672a68beafb13d195d0915d"",""R16B-SENSE:fa3369a6eb4bebe96ee289987f963e539b8da9c27ea0f454e8a24b6bddf9306f""]"	"[""R16B-LOCAL-FAMILY:89817e7a449f1cc7b574fb1b89c9541f765e52825c5cb62bf0a2bb833e8f970a""]"	"[""INQUIRY_ONLY_OR_UNRESOLVED""]"	"[""R16A-SUBGRAPH-7C0BE9DC5178DC5CC4FE""]"	"[""R16A-PAIR:2ea00c84f44e9da21aae78f742f5cf6cba09fee7e94d77ff3420dc07dd64cbb5"",""R16A-PAIR:db9e8b1d1d7e17983872e3600cd1a3ce5ae7f3c907ae70bdeafcbd0b2c6a0460"",""R16A-PAIR:e153332b67669fdaa24f256bfcf61135e56eb2894e48481afc71ae4327c81422""]"	INVALID	EVIDENCE_GAP_TREE	INQUIRY	FAMILY_FINAL_DISPOSITION:INQUIRY_ONLY_OR_UNRESOLVED	false	false	false	false	Preserve the exact prior VALID/INVALID attempt while applying the independently derived semantic outcome; never equate topology validity with group support.	8b51c972ec2d063381502298356f3bb83372596ce52a9568e6034652cf27c8e6
468105499c7be102deec7d6555aced688dea9901	5419770959bdb8998b693fb2275b47e29b92367c	ROUND16A_TOPOLOGY_ENUMERATION_RESULT	R16A-SUBGRAPH-7C0BE9DC5178DC5CC4FE|LINEAR_PATH	docs/audits/v49-exploration-full-space-closure-round1/raw/composition-enumeration-v2.tsv	75efbe8f0e5d18d431b1e525900da6eb30ff6abe1a97d407058e637680ada2cd	187	a39041a177e469891fce5bd4e145fc284fca19a5847d225eb93f6ba8463222cc	89817e7a449f1cc7b574fb1b89c9541f765e52825c5cb62bf0a2bb833e8f970a	"[""R16B-SENSE:4e14e64610176c44c8a9775fba3a7d484b4eee0fb06ee9553c17675cb7f0b634"",""R16B-SENSE:f0e28e13851d04c13b701f53d9b3911cb50fc572cc6203c64527804f0b37e909"",""R16B-SENSE:f26224717160ca63c45ca85fe7c23e1469baa3e10672a68beafb13d195d0915d"",""R16B-SENSE:fa3369a6eb4bebe96ee289987f963e539b8da9c27ea0f454e8a24b6bddf9306f""]"	"[""R16B-LOCAL-FAMILY:89817e7a449f1cc7b574fb1b89c9541f765e52825c5cb62bf0a2bb833e8f970a""]"	"[""INQUIRY_ONLY_OR_UNRESOLVED""]"	"[""R16A-SUBGRAPH-7C0BE9DC5178DC5CC4FE""]"	"[""R16A-PAIR:2ea00c84f44e9da21aae78f742f5cf6cba09fee7e94d77ff3420dc07dd64cbb5"",""R16A-PAIR:db9e8b1d1d7e17983872e3600cd1a3ce5ae7f3c907ae70bdeafcbd0b2c6a0460"",""R16A-PAIR:e153332b67669fdaa24f256bfcf61135e56eb2894e48481afc71ae4327c81422""]"	VALID	LINEAR_PATH	INQUIRY	FAMILY_FINAL_DISPOSITION:INQUIRY_ONLY_OR_UNRESOLVED	false	false	false	false	Preserve the exact prior VALID/INVALID attempt while applying the independently derived semantic outcome; never equate topology validity with group support.	4826fce5772f0d7f2cd5f87e8b0afe72c2688e2f4ed44110ee3fbf56e0441ecc
468105499c7be102deec7d6555aced688dea9901	5419770959bdb8998b693fb2275b47e29b92367c	ROUND16A_TOPOLOGY_ENUMERATION_RESULT	R16A-SUBGRAPH-7C0BE9DC5178DC5CC4FE|QUALIFIED_PATH	docs/audits/v49-exploration-full-space-closure-round1/raw/composition-enumeration-v2.tsv	75efbe8f0e5d18d431b1e525900da6eb30ff6abe1a97d407058e637680ada2cd	190	e3c74b4442f76cabe3b72cec29e111c4f8bdaf41f859afcc153dbb034b0f5c20	89817e7a449f1cc7b574fb1b89c9541f765e52825c5cb62bf0a2bb833e8f970a	"[""R16B-SENSE:4e14e64610176c44c8a9775fba3a7d484b4eee0fb06ee9553c17675cb7f0b634"",""R16B-SENSE:f0e28e13851d04c13b701f53d9b3911cb50fc572cc6203c64527804f0b37e909"",""R16B-SENSE:f26224717160ca63c45ca85fe7c23e1469baa3e10672a68beafb13d195d0915d"",""R16B-SENSE:fa3369a6eb4bebe96ee289987f963e539b8da9c27ea0f454e8a24b6bddf9306f""]"	"[""R16B-LOCAL-FAMILY:89817e7a449f1cc7b574fb1b89c9541f765e52825c5cb62bf0a2bb833e8f970a""]"	"[""INQUIRY_ONLY_OR_UNRESOLVED""]"	"[""R16A-SUBGRAPH-7C0BE9DC5178DC5CC4FE""]"	"[""R16A-PAIR:2ea00c84f44e9da21aae78f742f5cf6cba09fee7e94d77ff3420dc07dd64cbb5"",""R16A-PAIR:db9e8b1d1d7e17983872e3600cd1a3ce5ae7f3c907ae70bdeafcbd0b2c6a0460"",""R16A-PAIR:e153332b67669fdaa24f256bfcf61135e56eb2894e48481afc71ae4327c81422""]"	INVALID	QUALIFIED_PATH	INQUIRY	FAMILY_FINAL_DISPOSITION:INQUIRY_ONLY_OR_UNRESOLVED	false	false	false	false	Preserve the exact prior VALID/INVALID attempt while applying the independently derived semantic outcome; never equate topology validity with group support.	9cf8ddbae765e5e4e259fd945ac7f285a724619eccd54552a5ccf3062744d780
468105499c7be102deec7d6555aced688dea9901	5419770959bdb8998b693fb2275b47e29b92367c	ROUND16A_TOPOLOGY_ENUMERATION_RESULT	R16A-SUBGRAPH-7C0BE9DC5178DC5CC4FE|REFLEXIVE_RETURN	docs/audits/v49-exploration-full-space-closure-round1/raw/composition-enumeration-v2.tsv	75efbe8f0e5d18d431b1e525900da6eb30ff6abe1a97d407058e637680ada2cd	191	cbf896f178dbf1ab7fb7c2f6292e9d31ca7d86636f756d55bbc8382d9ce1c401	89817e7a449f1cc7b574fb1b89c9541f765e52825c5cb62bf0a2bb833e8f970a	"[""R16B-SENSE:4e14e64610176c44c8a9775fba3a7d484b4eee0fb06ee9553c17675cb7f0b634"",""R16B-SENSE:f0e28e13851d04c13b701f53d9b3911cb50fc572cc6203c64527804f0b37e909"",""R16B-SENSE:f26224717160ca63c45ca85fe7c23e1469baa3e10672a68beafb13d195d0915d"",""R16B-SENSE:fa3369a6eb4bebe96ee289987f963e539b8da9c27ea0f454e8a24b6bddf9306f""]"	"[""R16B-LOCAL-FAMILY:89817e7a449f1cc7b574fb1b89c9541f765e52825c5cb62bf0a2bb833e8f970a""]"	"[""INQUIRY_ONLY_OR_UNRESOLVED""]"	"[""R16A-SUBGRAPH-7C0BE9DC5178DC5CC4FE""]"	"[""R16A-PAIR:2ea00c84f44e9da21aae78f742f5cf6cba09fee7e94d77ff3420dc07dd64cbb5"",""R16A-PAIR:db9e8b1d1d7e17983872e3600cd1a3ce5ae7f3c907ae70bdeafcbd0b2c6a0460"",""R16A-PAIR:e153332b67669fdaa24f256bfcf61135e56eb2894e48481afc71ae4327c81422""]"	INVALID	REFLEXIVE_RETURN	INQUIRY	FAMILY_FINAL_DISPOSITION:INQUIRY_ONLY_OR_UNRESOLVED	false	false	false	false	Preserve the exact prior VALID/INVALID attempt while applying the independently derived semantic outcome; never equate topology validity with group support.	b109be356da1a231294712ab27bfc3572f8661c0b854303549fcdb7bb66e0aea
468105499c7be102deec7d6555aced688dea9901	5419770959bdb8998b693fb2275b47e29b92367c	ROUND16A_TOPOLOGY_ENUMERATION_RESULT	R16A-SUBGRAPH-7CA138E26F911B673E59|BINARY_CONVERGENCE	docs/audits/v49-exploration-full-space-closure-round1/raw/composition-enumeration-v2.tsv	75efbe8f0e5d18d431b1e525900da6eb30ff6abe1a97d407058e637680ada2cd	195	2093942219245f527ba444e67cdac1babb4f0f4c9ad8a8ecade375e1e31f0712	23b72032e8165ac9f164a43ac0e1932f2fe4354f1b89f62d67ebe7d497de7af1	"[""R16B-SENSE:4e14e64610176c44c8a9775fba3a7d484b4eee0fb06ee9553c17675cb7f0b634"",""R16B-SENSE:f26224717160ca63c45ca85fe7c23e1469baa3e10672a68beafb13d195d0915d"",""R16B-SENSE:fa3369a6eb4bebe96ee289987f963e539b8da9c27ea0f454e8a24b6bddf9306f""]"	"[""R16B-LOCAL-FAMILY:23b72032e8165ac9f164a43ac0e1932f2fe4354f1b89f62d67ebe7d497de7af1""]"	"[""PAIRWISE_SUPPORT_WITHOUT_GROUP_COHERENCE""]"	"[""R16A-SUBGRAPH-7CA138E26F911B673E59""]"	"[""R16A-PAIR:2ea00c84f44e9da21aae78f742f5cf6cba09fee7e94d77ff3420dc07dd64cbb5"",""R16A-PAIR:5841a12151ac0ce714f0b8e279e939bed009b3f2be71086cde6033cbbd11b4ea"",""R16A-PAIR:db9e8b1d1d7e17983872e3600cd1a3ce5ae7f3c907ae70bdeafcbd0b2c6a0460""]"	INVALID	BINARY_CONVERGENCE	CORRECTED	FAMILY_FINAL_DISPOSITION:PAIRWISE_SUPPORT_WITHOUT_GROUP_COHERENCE	false	false	false	false	Preserve the exact prior VALID/INVALID attempt while applying the independently derived semantic outcome; never equate topology validity with group support.	588c52fab5fbe3ac968d6034a30e6ff35a6ce7e938347b9f086e6da5c5adfb6d
468105499c7be102deec7d6555aced688dea9901	5419770959bdb8998b693fb2275b47e29b92367c	ROUND16A_TOPOLOGY_ENUMERATION_RESULT	R16A-SUBGRAPH-7CA138E26F911B673E59|BINARY_FORK	docs/audits/v49-exploration-full-space-closure-round1/raw/composition-enumeration-v2.tsv	75efbe8f0e5d18d431b1e525900da6eb30ff6abe1a97d407058e637680ada2cd	194	944e49d76b19dc223029d91ffb4a27e5a809200dd9bc74044007c1d849593cac	23b72032e8165ac9f164a43ac0e1932f2fe4354f1b89f62d67ebe7d497de7af1	"[""R16B-SENSE:4e14e64610176c44c8a9775fba3a7d484b4eee0fb06ee9553c17675cb7f0b634"",""R16B-SENSE:f26224717160ca63c45ca85fe7c23e1469baa3e10672a68beafb13d195d0915d"",""R16B-SENSE:fa3369a6eb4bebe96ee289987f963e539b8da9c27ea0f454e8a24b6bddf9306f""]"	"[""R16B-LOCAL-FAMILY:23b72032e8165ac9f164a43ac0e1932f2fe4354f1b89f62d67ebe7d497de7af1""]"	"[""PAIRWISE_SUPPORT_WITHOUT_GROUP_COHERENCE""]"	"[""R16A-SUBGRAPH-7CA138E26F911B673E59""]"	"[""R16A-PAIR:2ea00c84f44e9da21aae78f742f5cf6cba09fee7e94d77ff3420dc07dd64cbb5"",""R16A-PAIR:5841a12151ac0ce714f0b8e279e939bed009b3f2be71086cde6033cbbd11b4ea"",""R16A-PAIR:db9e8b1d1d7e17983872e3600cd1a3ce5ae7f3c907ae70bdeafcbd0b2c6a0460""]"	INVALID	BINARY_FORK	CORRECTED	FAMILY_FINAL_DISPOSITION:PAIRWISE_SUPPORT_WITHOUT_GROUP_COHERENCE	false	false	false	false	Preserve the exact prior VALID/INVALID attempt while applying the independently derived semantic outcome; never equate topology validity with group support.	32892ecfafc6f39fe76244af1e6c2d4641cb82fcf65c37b0170150b66e1503f3
468105499c7be102deec7d6555aced688dea9901	5419770959bdb8998b693fb2275b47e29b92367c	ROUND16A_TOPOLOGY_ENUMERATION_RESULT	R16A-SUBGRAPH-7CA138E26F911B673E59|EVIDENCE_GAP_TREE	docs/audits/v49-exploration-full-space-closure-round1/raw/composition-enumeration-v2.tsv	75efbe8f0e5d18d431b1e525900da6eb30ff6abe1a97d407058e637680ada2cd	198	684bdaf2ca5f1df396a422729aed7a88f1830655c047a10dd04bc1048a4fd99b	23b72032e8165ac9f164a43ac0e1932f2fe4354f1b89f62d67ebe7d497de7af1	"[""R16B-SENSE:4e14e64610176c44c8a9775fba3a7d484b4eee0fb06ee9553c17675cb7f0b634"",""R16B-SENSE:f26224717160ca63c45ca85fe7c23e1469baa3e10672a68beafb13d195d0915d"",""R16B-SENSE:fa3369a6eb4bebe96ee289987f963e539b8da9c27ea0f454e8a24b6bddf9306f""]"	"[""R16B-LOCAL-FAMILY:23b72032e8165ac9f164a43ac0e1932f2fe4354f1b89f62d67ebe7d497de7af1""]"	"[""PAIRWISE_SUPPORT_WITHOUT_GROUP_COHERENCE""]"	"[""R16A-SUBGRAPH-7CA138E26F911B673E59""]"	"[""R16A-PAIR:2ea00c84f44e9da21aae78f742f5cf6cba09fee7e94d77ff3420dc07dd64cbb5"",""R16A-PAIR:5841a12151ac0ce714f0b8e279e939bed009b3f2be71086cde6033cbbd11b4ea"",""R16A-PAIR:db9e8b1d1d7e17983872e3600cd1a3ce5ae7f3c907ae70bdeafcbd0b2c6a0460""]"	INVALID	EVIDENCE_GAP_TREE	CORRECTED	FAMILY_FINAL_DISPOSITION:PAIRWISE_SUPPORT_WITHOUT_GROUP_COHERENCE	false	false	false	false	Preserve the exact prior VALID/INVALID attempt while applying the independently derived semantic outcome; never equate topology validity with group support.	f2dfee1fe837ccee96b46aa7e4a4aa354228c3ba0c16957683f32cae0fc47fdf
468105499c7be102deec7d6555aced688dea9901	5419770959bdb8998b693fb2275b47e29b92367c	ROUND16A_TOPOLOGY_ENUMERATION_RESULT	R16A-SUBGRAPH-7CA138E26F911B673E59|LINEAR_PATH	docs/audits/v49-exploration-full-space-closure-round1/raw/composition-enumeration-v2.tsv	75efbe8f0e5d18d431b1e525900da6eb30ff6abe1a97d407058e637680ada2cd	193	94eb5b3dae08461200ac638ee143857120fc3b81454c2a2b99d093a0a6f20424	23b72032e8165ac9f164a43ac0e1932f2fe4354f1b89f62d67ebe7d497de7af1	"[""R16B-SENSE:4e14e64610176c44c8a9775fba3a7d484b4eee0fb06ee9553c17675cb7f0b634"",""R16B-SENSE:f26224717160ca63c45ca85fe7c23e1469baa3e10672a68beafb13d195d0915d"",""R16B-SENSE:fa3369a6eb4bebe96ee289987f963e539b8da9c27ea0f454e8a24b6bddf9306f""]"	"[""R16B-LOCAL-FAMILY:23b72032e8165ac9f164a43ac0e1932f2fe4354f1b89f62d67ebe7d497de7af1""]"	"[""PAIRWISE_SUPPORT_WITHOUT_GROUP_COHERENCE""]"	"[""R16A-SUBGRAPH-7CA138E26F911B673E59""]"	"[""R16A-PAIR:2ea00c84f44e9da21aae78f742f5cf6cba09fee7e94d77ff3420dc07dd64cbb5"",""R16A-PAIR:5841a12151ac0ce714f0b8e279e939bed009b3f2be71086cde6033cbbd11b4ea"",""R16A-PAIR:db9e8b1d1d7e17983872e3600cd1a3ce5ae7f3c907ae70bdeafcbd0b2c6a0460""]"	INVALID	LINEAR_PATH	CORRECTED	FAMILY_FINAL_DISPOSITION:PAIRWISE_SUPPORT_WITHOUT_GROUP_COHERENCE	false	false	false	false	Preserve the exact prior VALID/INVALID attempt while applying the independently derived semantic outcome; never equate topology validity with group support.	4456f61a476ca595e15dfb7af0c3507c5cbcdb60607eb805bfae82f173a099fb
468105499c7be102deec7d6555aced688dea9901	5419770959bdb8998b693fb2275b47e29b92367c	ROUND16A_TOPOLOGY_ENUMERATION_RESULT	R16A-SUBGRAPH-7CA138E26F911B673E59|QUALIFIED_PATH	docs/audits/v49-exploration-full-space-closure-round1/raw/composition-enumeration-v2.tsv	75efbe8f0e5d18d431b1e525900da6eb30ff6abe1a97d407058e637680ada2cd	196	a8261e722856d6f039a5e8afd95682e619c81921e2fbdbe8a4cc3c5c12dc249f	23b72032e8165ac9f164a43ac0e1932f2fe4354f1b89f62d67ebe7d497de7af1	"[""R16B-SENSE:4e14e64610176c44c8a9775fba3a7d484b4eee0fb06ee9553c17675cb7f0b634"",""R16B-SENSE:f26224717160ca63c45ca85fe7c23e1469baa3e10672a68beafb13d195d0915d"",""R16B-SENSE:fa3369a6eb4bebe96ee289987f963e539b8da9c27ea0f454e8a24b6bddf9306f""]"	"[""R16B-LOCAL-FAMILY:23b72032e8165ac9f164a43ac0e1932f2fe4354f1b89f62d67ebe7d497de7af1""]"	"[""PAIRWISE_SUPPORT_WITHOUT_GROUP_COHERENCE""]"	"[""R16A-SUBGRAPH-7CA138E26F911B673E59""]"	"[""R16A-PAIR:2ea00c84f44e9da21aae78f742f5cf6cba09fee7e94d77ff3420dc07dd64cbb5"",""R16A-PAIR:5841a12151ac0ce714f0b8e279e939bed009b3f2be71086cde6033cbbd11b4ea"",""R16A-PAIR:db9e8b1d1d7e17983872e3600cd1a3ce5ae7f3c907ae70bdeafcbd0b2c6a0460""]"	INVALID	QUALIFIED_PATH	CORRECTED	FAMILY_FINAL_DISPOSITION:PAIRWISE_SUPPORT_WITHOUT_GROUP_COHERENCE	false	false	false	false	Preserve the exact prior VALID/INVALID attempt while applying the independently derived semantic outcome; never equate topology validity with group support.	73f8acf888483c7bfdc39f25dc01ab5e3db3ae63d47b64a3b9ee168d60909d52
468105499c7be102deec7d6555aced688dea9901	5419770959bdb8998b693fb2275b47e29b92367c	ROUND16A_TOPOLOGY_ENUMERATION_RESULT	R16A-SUBGRAPH-7CA138E26F911B673E59|REFLEXIVE_RETURN	docs/audits/v49-exploration-full-space-closure-round1/raw/composition-enumeration-v2.tsv	75efbe8f0e5d18d431b1e525900da6eb30ff6abe1a97d407058e637680ada2cd	197	1deb41132b9b5064b9850bafd834a7cbc519b47b6218fe0ceae23d5718348f54	23b72032e8165ac9f164a43ac0e1932f2fe4354f1b89f62d67ebe7d497de7af1	"[""R16B-SENSE:4e14e64610176c44c8a9775fba3a7d484b4eee0fb06ee9553c17675cb7f0b634"",""R16B-SENSE:f26224717160ca63c45ca85fe7c23e1469baa3e10672a68beafb13d195d0915d"",""R16B-SENSE:fa3369a6eb4bebe96ee289987f963e539b8da9c27ea0f454e8a24b6bddf9306f""]"	"[""R16B-LOCAL-FAMILY:23b72032e8165ac9f164a43ac0e1932f2fe4354f1b89f62d67ebe7d497de7af1""]"	"[""PAIRWISE_SUPPORT_WITHOUT_GROUP_COHERENCE""]"	"[""R16A-SUBGRAPH-7CA138E26F911B673E59""]"	"[""R16A-PAIR:2ea00c84f44e9da21aae78f742f5cf6cba09fee7e94d77ff3420dc07dd64cbb5"",""R16A-PAIR:5841a12151ac0ce714f0b8e279e939bed009b3f2be71086cde6033cbbd11b4ea"",""R16A-PAIR:db9e8b1d1d7e17983872e3600cd1a3ce5ae7f3c907ae70bdeafcbd0b2c6a0460""]"	INVALID	REFLEXIVE_RETURN	CORRECTED	FAMILY_FINAL_DISPOSITION:PAIRWISE_SUPPORT_WITHOUT_GROUP_COHERENCE	false	false	false	false	Preserve the exact prior VALID/INVALID attempt while applying the independently derived semantic outcome; never equate topology validity with group support.	0bf85a1bc049e203f669730e441d690e3583b441aca50e230854718df9a005bf
468105499c7be102deec7d6555aced688dea9901	5419770959bdb8998b693fb2275b47e29b92367c	ROUND16A_TOPOLOGY_ENUMERATION_RESULT	R16A-SUBGRAPH-7E7023EF90B89B67B80A|BINARY_CONVERGENCE	docs/audits/v49-exploration-full-space-closure-round1/raw/composition-enumeration-v2.tsv	75efbe8f0e5d18d431b1e525900da6eb30ff6abe1a97d407058e637680ada2cd	201	3ff46232406949d126be329e20b5db873cd128f3fb000134265497d6fb5f835e	15d87b20276af4f5b9c9277f9d8fed92ee450d29d3dab5858193375ba94e61a9	"[""R16B-SENSE:6672e4d46dd04d497061cde0fb1319f2795e43fafb72f047ac8a663d5c0dabfb"",""R16B-SENSE:aaba242b61f07fc7756aa5d54b3d132896c230e138451ec96ac3b40b8c2c3ec3""]"	[]	[]	"[""R16A-SUBGRAPH-7E7023EF90B89B67B80A""]"	"[""R16A-PAIR:9d6b149f9ea2e617d5b45153c18bed1eeff22bd4c979cc8d6767b8c213e4d419""]"	INVALID	BINARY_CONVERGENCE	RETAINED	ROUND16A_ACTIVE_PAIR_BASELINE_NO_GROUP_CLAIM	false	false	false	false	Preserve the exact prior VALID/INVALID attempt while applying the independently derived semantic outcome; never equate topology validity with group support.	559790be842b2951544dd3f693dca116c49ce992ec76f9548c8c8c9b1ad50010
468105499c7be102deec7d6555aced688dea9901	5419770959bdb8998b693fb2275b47e29b92367c	ROUND16A_TOPOLOGY_ENUMERATION_RESULT	R16A-SUBGRAPH-7E7023EF90B89B67B80A|BINARY_FORK	docs/audits/v49-exploration-full-space-closure-round1/raw/composition-enumeration-v2.tsv	75efbe8f0e5d18d431b1e525900da6eb30ff6abe1a97d407058e637680ada2cd	200	7d7406f697917f311de5a467c656c73d3c28f6b43c6112a0cf67fac9809c9f2e	15d87b20276af4f5b9c9277f9d8fed92ee450d29d3dab5858193375ba94e61a9	"[""R16B-SENSE:6672e4d46dd04d497061cde0fb1319f2795e43fafb72f047ac8a663d5c0dabfb"",""R16B-SENSE:aaba242b61f07fc7756aa5d54b3d132896c230e138451ec96ac3b40b8c2c3ec3""]"	[]	[]	"[""R16A-SUBGRAPH-7E7023EF90B89B67B80A""]"	"[""R16A-PAIR:9d6b149f9ea2e617d5b45153c18bed1eeff22bd4c979cc8d6767b8c213e4d419""]"	INVALID	BINARY_FORK	RETAINED	ROUND16A_ACTIVE_PAIR_BASELINE_NO_GROUP_CLAIM	false	false	false	false	Preserve the exact prior VALID/INVALID attempt while applying the independently derived semantic outcome; never equate topology validity with group support.	14d9d21b3932abf80c8e6ef56301d30e8188e5ea45690739607e382f2b7ac5e7
468105499c7be102deec7d6555aced688dea9901	5419770959bdb8998b693fb2275b47e29b92367c	ROUND16A_TOPOLOGY_ENUMERATION_RESULT	R16A-SUBGRAPH-7E7023EF90B89B67B80A|EVIDENCE_GAP_TREE	docs/audits/v49-exploration-full-space-closure-round1/raw/composition-enumeration-v2.tsv	75efbe8f0e5d18d431b1e525900da6eb30ff6abe1a97d407058e637680ada2cd	204	125cac91b8c62a9c320e2c968c56ad59fa42186f5fc313d535d508b048d8d405	15d87b20276af4f5b9c9277f9d8fed92ee450d29d3dab5858193375ba94e61a9	"[""R16B-SENSE:6672e4d46dd04d497061cde0fb1319f2795e43fafb72f047ac8a663d5c0dabfb"",""R16B-SENSE:aaba242b61f07fc7756aa5d54b3d132896c230e138451ec96ac3b40b8c2c3ec3""]"	[]	[]	"[""R16A-SUBGRAPH-7E7023EF90B89B67B80A""]"	"[""R16A-PAIR:9d6b149f9ea2e617d5b45153c18bed1eeff22bd4c979cc8d6767b8c213e4d419""]"	INVALID	EVIDENCE_GAP_TREE	RETAINED	ROUND16A_ACTIVE_PAIR_BASELINE_NO_GROUP_CLAIM	false	false	false	false	Preserve the exact prior VALID/INVALID attempt while applying the independently derived semantic outcome; never equate topology validity with group support.	ad1ecc49a5b5fdde4f086da43f74cd997154cfcdc82dff2e98285797b925f521
468105499c7be102deec7d6555aced688dea9901	5419770959bdb8998b693fb2275b47e29b92367c	ROUND16A_TOPOLOGY_ENUMERATION_RESULT	R16A-SUBGRAPH-7E7023EF90B89B67B80A|LINEAR_PATH	docs/audits/v49-exploration-full-space-closure-round1/raw/composition-enumeration-v2.tsv	75efbe8f0e5d18d431b1e525900da6eb30ff6abe1a97d407058e637680ada2cd	199	f065869e72a1cd3abce4f8b7f394e26aed247007e8de177a26b7496a8954a9d3	15d87b20276af4f5b9c9277f9d8fed92ee450d29d3dab5858193375ba94e61a9	"[""R16B-SENSE:6672e4d46dd04d497061cde0fb1319f2795e43fafb72f047ac8a663d5c0dabfb"",""R16B-SENSE:aaba242b61f07fc7756aa5d54b3d132896c230e138451ec96ac3b40b8c2c3ec3""]"	[]	[]	"[""R16A-SUBGRAPH-7E7023EF90B89B67B80A""]"	"[""R16A-PAIR:9d6b149f9ea2e617d5b45153c18bed1eeff22bd4c979cc8d6767b8c213e4d419""]"	VALID	LINEAR_PATH	RETAINED	ROUND16A_ACTIVE_PAIR_BASELINE_NO_GROUP_CLAIM	false	false	false	false	Preserve the exact prior VALID/INVALID attempt while applying the independently derived semantic outcome; never equate topology validity with group support.	e011ea92ccdc1ad3d470a39cd84263bae286c54823836a1f8d7a9c675645647f
468105499c7be102deec7d6555aced688dea9901	5419770959bdb8998b693fb2275b47e29b92367c	ROUND16A_TOPOLOGY_ENUMERATION_RESULT	R16A-SUBGRAPH-7E7023EF90B89B67B80A|QUALIFIED_PATH	docs/audits/v49-exploration-full-space-closure-round1/raw/composition-enumeration-v2.tsv	75efbe8f0e5d18d431b1e525900da6eb30ff6abe1a97d407058e637680ada2cd	202	9a84251864f278e6ec4ddfe9d6a41816c8698c7010d45bdf262fa13247fa85c7	15d87b20276af4f5b9c9277f9d8fed92ee450d29d3dab5858193375ba94e61a9	"[""R16B-SENSE:6672e4d46dd04d497061cde0fb1319f2795e43fafb72f047ac8a663d5c0dabfb"",""R16B-SENSE:aaba242b61f07fc7756aa5d54b3d132896c230e138451ec96ac3b40b8c2c3ec3""]"	[]	[]	"[""R16A-SUBGRAPH-7E7023EF90B89B67B80A""]"	"[""R16A-PAIR:9d6b149f9ea2e617d5b45153c18bed1eeff22bd4c979cc8d6767b8c213e4d419""]"	INVALID	QUALIFIED_PATH	RETAINED	ROUND16A_ACTIVE_PAIR_BASELINE_NO_GROUP_CLAIM	false	false	false	false	Preserve the exact prior VALID/INVALID attempt while applying the independently derived semantic outcome; never equate topology validity with group support.	03efe1d374b239385a01d00dbc06d6ae9c733831a06e8345639b48e54ccd85c9
468105499c7be102deec7d6555aced688dea9901	5419770959bdb8998b693fb2275b47e29b92367c	ROUND16A_TOPOLOGY_ENUMERATION_RESULT	R16A-SUBGRAPH-7E7023EF90B89B67B80A|REFLEXIVE_RETURN	docs/audits/v49-exploration-full-space-closure-round1/raw/composition-enumeration-v2.tsv	75efbe8f0e5d18d431b1e525900da6eb30ff6abe1a97d407058e637680ada2cd	203	75ff673a7bb2b2245a0e72b7f9768682ca62b853476ddbc9f777cad6c42c0724	15d87b20276af4f5b9c9277f9d8fed92ee450d29d3dab5858193375ba94e61a9	"[""R16B-SENSE:6672e4d46dd04d497061cde0fb1319f2795e43fafb72f047ac8a663d5c0dabfb"",""R16B-SENSE:aaba242b61f07fc7756aa5d54b3d132896c230e138451ec96ac3b40b8c2c3ec3""]"	[]	[]	"[""R16A-SUBGRAPH-7E7023EF90B89B67B80A""]"	"[""R16A-PAIR:9d6b149f9ea2e617d5b45153c18bed1eeff22bd4c979cc8d6767b8c213e4d419""]"	INVALID	REFLEXIVE_RETURN	RETAINED	ROUND16A_ACTIVE_PAIR_BASELINE_NO_GROUP_CLAIM	false	false	false	false	Preserve the exact prior VALID/INVALID attempt while applying the independently derived semantic outcome; never equate topology validity with group support.	3379fbd13f73baab32ffa599a3c44f423d67f6367937fb03d9669c8539059bf0
468105499c7be102deec7d6555aced688dea9901	5419770959bdb8998b693fb2275b47e29b92367c	ROUND16A_TOPOLOGY_ENUMERATION_RESULT	R16A-SUBGRAPH-80D093986C07DD00CEFA|BINARY_CONVERGENCE	docs/audits/v49-exploration-full-space-closure-round1/raw/composition-enumeration-v2.tsv	75efbe8f0e5d18d431b1e525900da6eb30ff6abe1a97d407058e637680ada2cd	207	a643fc30a38642ff89d87029d4bbf6029b6f9380049bd922beae84fdecb59fda	3fea9b625add75da423f9ae2d9473361745be3b09669537df519b552b09940e7	"[""R16B-SENSE:4e14e64610176c44c8a9775fba3a7d484b4eee0fb06ee9553c17675cb7f0b634"",""R16B-SENSE:f26224717160ca63c45ca85fe7c23e1469baa3e10672a68beafb13d195d0915d""]"	[]	[]	"[""R16A-SUBGRAPH-80D093986C07DD00CEFA""]"	"[""R16A-PAIR:5841a12151ac0ce714f0b8e279e939bed009b3f2be71086cde6033cbbd11b4ea""]"	INVALID	BINARY_CONVERGENCE	RETAINED	ROUND16A_ACTIVE_PAIR_BASELINE_NO_GROUP_CLAIM	false	false	false	false	Preserve the exact prior VALID/INVALID attempt while applying the independently derived semantic outcome; never equate topology validity with group support.	98215e86b83572db9807eee346657c590554456d0ece8548486b4c1a983d76e9
468105499c7be102deec7d6555aced688dea9901	5419770959bdb8998b693fb2275b47e29b92367c	ROUND16A_TOPOLOGY_ENUMERATION_RESULT	R16A-SUBGRAPH-80D093986C07DD00CEFA|BINARY_FORK	docs/audits/v49-exploration-full-space-closure-round1/raw/composition-enumeration-v2.tsv	75efbe8f0e5d18d431b1e525900da6eb30ff6abe1a97d407058e637680ada2cd	206	8a05e000af9fd84c02a2bf172fec8d0c483a3fdea072bf978f95ba5d57ae063f	3fea9b625add75da423f9ae2d9473361745be3b09669537df519b552b09940e7	"[""R16B-SENSE:4e14e64610176c44c8a9775fba3a7d484b4eee0fb06ee9553c17675cb7f0b634"",""R16B-SENSE:f26224717160ca63c45ca85fe7c23e1469baa3e10672a68beafb13d195d0915d""]"	[]	[]	"[""R16A-SUBGRAPH-80D093986C07DD00CEFA""]"	"[""R16A-PAIR:5841a12151ac0ce714f0b8e279e939bed009b3f2be71086cde6033cbbd11b4ea""]"	INVALID	BINARY_FORK	RETAINED	ROUND16A_ACTIVE_PAIR_BASELINE_NO_GROUP_CLAIM	false	false	false	false	Preserve the exact prior VALID/INVALID attempt while applying the independently derived semantic outcome; never equate topology validity with group support.	e4b66527cc9064b1c1993868a28b1336c14693a75bcd8167b5c700e08465f8f0
468105499c7be102deec7d6555aced688dea9901	5419770959bdb8998b693fb2275b47e29b92367c	ROUND16A_TOPOLOGY_ENUMERATION_RESULT	R16A-SUBGRAPH-80D093986C07DD00CEFA|EVIDENCE_GAP_TREE	docs/audits/v49-exploration-full-space-closure-round1/raw/composition-enumeration-v2.tsv	75efbe8f0e5d18d431b1e525900da6eb30ff6abe1a97d407058e637680ada2cd	210	96262e3dc354aec179616513b014fbbf20a9eda41d740513e7f0e3055937ad75	3fea9b625add75da423f9ae2d9473361745be3b09669537df519b552b09940e7	"[""R16B-SENSE:4e14e64610176c44c8a9775fba3a7d484b4eee0fb06ee9553c17675cb7f0b634"",""R16B-SENSE:f26224717160ca63c45ca85fe7c23e1469baa3e10672a68beafb13d195d0915d""]"	[]	[]	"[""R16A-SUBGRAPH-80D093986C07DD00CEFA""]"	"[""R16A-PAIR:5841a12151ac0ce714f0b8e279e939bed009b3f2be71086cde6033cbbd11b4ea""]"	INVALID	EVIDENCE_GAP_TREE	RETAINED	ROUND16A_ACTIVE_PAIR_BASELINE_NO_GROUP_CLAIM	false	false	false	false	Preserve the exact prior VALID/INVALID attempt while applying the independently derived semantic outcome; never equate topology validity with group support.	a56f7f57e6069f5df1dcb6d5289fa64aa221dc3ce8b26d7e171433adcaf760c7
468105499c7be102deec7d6555aced688dea9901	5419770959bdb8998b693fb2275b47e29b92367c	ROUND16A_TOPOLOGY_ENUMERATION_RESULT	R16A-SUBGRAPH-80D093986C07DD00CEFA|LINEAR_PATH	docs/audits/v49-exploration-full-space-closure-round1/raw/composition-enumeration-v2.tsv	75efbe8f0e5d18d431b1e525900da6eb30ff6abe1a97d407058e637680ada2cd	205	85ae8168e763fedf543d9af744d77faf2ed0446defce30f34608e25d0a3c1199	3fea9b625add75da423f9ae2d9473361745be3b09669537df519b552b09940e7	"[""R16B-SENSE:4e14e64610176c44c8a9775fba3a7d484b4eee0fb06ee9553c17675cb7f0b634"",""R16B-SENSE:f26224717160ca63c45ca85fe7c23e1469baa3e10672a68beafb13d195d0915d""]"	[]	[]	"[""R16A-SUBGRAPH-80D093986C07DD00CEFA""]"	"[""R16A-PAIR:5841a12151ac0ce714f0b8e279e939bed009b3f2be71086cde6033cbbd11b4ea""]"	VALID	LINEAR_PATH	RETAINED	ROUND16A_ACTIVE_PAIR_BASELINE_NO_GROUP_CLAIM	false	false	false	false	Preserve the exact prior VALID/INVALID attempt while applying the independently derived semantic outcome; never equate topology validity with group support.	ec5088a449ed132e4ca6e140df00d98c8c01a5e018d741457bf4672547787d84
468105499c7be102deec7d6555aced688dea9901	5419770959bdb8998b693fb2275b47e29b92367c	ROUND16A_TOPOLOGY_ENUMERATION_RESULT	R16A-SUBGRAPH-80D093986C07DD00CEFA|QUALIFIED_PATH	docs/audits/v49-exploration-full-space-closure-round1/raw/composition-enumeration-v2.tsv	75efbe8f0e5d18d431b1e525900da6eb30ff6abe1a97d407058e637680ada2cd	208	7f0af3de5e9ab55119a58a5cc10ba2627dec933fe1c67d4785d8fbd737dd4974	3fea9b625add75da423f9ae2d9473361745be3b09669537df519b552b09940e7	"[""R16B-SENSE:4e14e64610176c44c8a9775fba3a7d484b4eee0fb06ee9553c17675cb7f0b634"",""R16B-SENSE:f26224717160ca63c45ca85fe7c23e1469baa3e10672a68beafb13d195d0915d""]"	[]	[]	"[""R16A-SUBGRAPH-80D093986C07DD00CEFA""]"	"[""R16A-PAIR:5841a12151ac0ce714f0b8e279e939bed009b3f2be71086cde6033cbbd11b4ea""]"	INVALID	QUALIFIED_PATH	RETAINED	ROUND16A_ACTIVE_PAIR_BASELINE_NO_GROUP_CLAIM	false	false	false	false	Preserve the exact prior VALID/INVALID attempt while applying the independently derived semantic outcome; never equate topology validity with group support.	3256021989db7c49f2d0531cfcd74729c7a62a93d37fe9b169503fe753d20740
468105499c7be102deec7d6555aced688dea9901	5419770959bdb8998b693fb2275b47e29b92367c	ROUND16A_TOPOLOGY_ENUMERATION_RESULT	R16A-SUBGRAPH-80D093986C07DD00CEFA|REFLEXIVE_RETURN	docs/audits/v49-exploration-full-space-closure-round1/raw/composition-enumeration-v2.tsv	75efbe8f0e5d18d431b1e525900da6eb30ff6abe1a97d407058e637680ada2cd	209	c255ec84427b73718054c22e5939099b6e2101d0ea023b2912552365c1a0ee39	3fea9b625add75da423f9ae2d9473361745be3b09669537df519b552b09940e7	"[""R16B-SENSE:4e14e64610176c44c8a9775fba3a7d484b4eee0fb06ee9553c17675cb7f0b634"",""R16B-SENSE:f26224717160ca63c45ca85fe7c23e1469baa3e10672a68beafb13d195d0915d""]"	[]	[]	"[""R16A-SUBGRAPH-80D093986C07DD00CEFA""]"	"[""R16A-PAIR:5841a12151ac0ce714f0b8e279e939bed009b3f2be71086cde6033cbbd11b4ea""]"	INVALID	REFLEXIVE_RETURN	RETAINED	ROUND16A_ACTIVE_PAIR_BASELINE_NO_GROUP_CLAIM	false	false	false	false	Preserve the exact prior VALID/INVALID attempt while applying the independently derived semantic outcome; never equate topology validity with group support.	3a6fc13a8f610e06da9bcb1e910da31ebaa5b6760abcc4390a42cc246c62472e
468105499c7be102deec7d6555aced688dea9901	5419770959bdb8998b693fb2275b47e29b92367c	ROUND16A_TOPOLOGY_ENUMERATION_RESULT	R16A-SUBGRAPH-8626D7F8F98388E2D8B1|BINARY_CONVERGENCE	docs/audits/v49-exploration-full-space-closure-round1/raw/composition-enumeration-v2.tsv	75efbe8f0e5d18d431b1e525900da6eb30ff6abe1a97d407058e637680ada2cd	213	f498c5024bdb607b9c435f47a4c93c6431ef29c3a897363da1a27219bd98f6f0	7e0a0ee4f78d2f565c4f7771653ecc5a27828dd9fb704139d1e068f2a5fdce64	"[""R16B-SENSE:06c230c771547ee49390903e0bad7aaf44063613309c93bcbd72e808116af4c6"",""R16B-SENSE:35489187871bfd7b7be6e2d5268a3a922984d3bdad9e9a8ca61ea6edee84a5a7"",""R16B-SENSE:419a96e12217bfa4ed031510c32033cb2408489e3abb14eb28291b13c068e159""]"	"[""R16B-LOCAL-FAMILY:7e0a0ee4f78d2f565c4f7771653ecc5a27828dd9fb704139d1e068f2a5fdce64""]"	"[""BOUNDED_SENSE_OR_SCOPE_CONFLICT""]"	"[""R16A-SUBGRAPH-8626D7F8F98388E2D8B1""]"	"[""R16A-PAIR:818cc370417319af9a65fec5211969862df5c48a821265533ba289932e57b18c"",""R16A-PAIR:a364e4ea20e2f9e24e1fc980dc1ab703ae69a0fc86aa626a14e45cca0ea3bbb2""]"	VALID	BINARY_CONVERGENCE	REJECTED	FAMILY_FINAL_DISPOSITION:BOUNDED_SENSE_OR_SCOPE_CONFLICT	false	false	false	false	Preserve the exact prior VALID/INVALID attempt while applying the independently derived semantic outcome; never equate topology validity with group support.	67059c64b55f4ffbda5f744f8f0a1ab1825fc826681a23f2de579da2d14ee8eb
468105499c7be102deec7d6555aced688dea9901	5419770959bdb8998b693fb2275b47e29b92367c	ROUND16A_TOPOLOGY_ENUMERATION_RESULT	R16A-SUBGRAPH-8626D7F8F98388E2D8B1|BINARY_FORK	docs/audits/v49-exploration-full-space-closure-round1/raw/composition-enumeration-v2.tsv	75efbe8f0e5d18d431b1e525900da6eb30ff6abe1a97d407058e637680ada2cd	212	09d60e5cb1f07106210b7bb5560da4eceec6061195250548953c1996aa5b7cf1	7e0a0ee4f78d2f565c4f7771653ecc5a27828dd9fb704139d1e068f2a5fdce64	"[""R16B-SENSE:06c230c771547ee49390903e0bad7aaf44063613309c93bcbd72e808116af4c6"",""R16B-SENSE:35489187871bfd7b7be6e2d5268a3a922984d3bdad9e9a8ca61ea6edee84a5a7"",""R16B-SENSE:419a96e12217bfa4ed031510c32033cb2408489e3abb14eb28291b13c068e159""]"	"[""R16B-LOCAL-FAMILY:7e0a0ee4f78d2f565c4f7771653ecc5a27828dd9fb704139d1e068f2a5fdce64""]"	"[""BOUNDED_SENSE_OR_SCOPE_CONFLICT""]"	"[""R16A-SUBGRAPH-8626D7F8F98388E2D8B1""]"	"[""R16A-PAIR:818cc370417319af9a65fec5211969862df5c48a821265533ba289932e57b18c"",""R16A-PAIR:a364e4ea20e2f9e24e1fc980dc1ab703ae69a0fc86aa626a14e45cca0ea3bbb2""]"	VALID	BINARY_FORK	REJECTED	FAMILY_FINAL_DISPOSITION:BOUNDED_SENSE_OR_SCOPE_CONFLICT	false	false	false	false	Preserve the exact prior VALID/INVALID attempt while applying the independently derived semantic outcome; never equate topology validity with group support.	e505e00358c83dfe9ce692d305f333683cb284aba6e7f1021792c05e00a6a383
468105499c7be102deec7d6555aced688dea9901	5419770959bdb8998b693fb2275b47e29b92367c	ROUND16A_TOPOLOGY_ENUMERATION_RESULT	R16A-SUBGRAPH-8626D7F8F98388E2D8B1|EVIDENCE_GAP_TREE	docs/audits/v49-exploration-full-space-closure-round1/raw/composition-enumeration-v2.tsv	75efbe8f0e5d18d431b1e525900da6eb30ff6abe1a97d407058e637680ada2cd	216	0c9416a73e9dde327cfeaa1d8eac7bbb7f36fbd1d2a0b445078399545bbc9890	7e0a0ee4f78d2f565c4f7771653ecc5a27828dd9fb704139d1e068f2a5fdce64	"[""R16B-SENSE:06c230c771547ee49390903e0bad7aaf44063613309c93bcbd72e808116af4c6"",""R16B-SENSE:35489187871bfd7b7be6e2d5268a3a922984d3bdad9e9a8ca61ea6edee84a5a7"",""R16B-SENSE:419a96e12217bfa4ed031510c32033cb2408489e3abb14eb28291b13c068e159""]"	"[""R16B-LOCAL-FAMILY:7e0a0ee4f78d2f565c4f7771653ecc5a27828dd9fb704139d1e068f2a5fdce64""]"	"[""BOUNDED_SENSE_OR_SCOPE_CONFLICT""]"	"[""R16A-SUBGRAPH-8626D7F8F98388E2D8B1""]"	"[""R16A-PAIR:818cc370417319af9a65fec5211969862df5c48a821265533ba289932e57b18c"",""R16A-PAIR:a364e4ea20e2f9e24e1fc980dc1ab703ae69a0fc86aa626a14e45cca0ea3bbb2""]"	INVALID	EVIDENCE_GAP_TREE	REJECTED	FAMILY_FINAL_DISPOSITION:BOUNDED_SENSE_OR_SCOPE_CONFLICT	false	false	false	false	Preserve the exact prior VALID/INVALID attempt while applying the independently derived semantic outcome; never equate topology validity with group support.	533107e7f61f423b1d591018dce72d0705edfc5a12e037e69f7851c7b739d9c8
468105499c7be102deec7d6555aced688dea9901	5419770959bdb8998b693fb2275b47e29b92367c	ROUND16A_TOPOLOGY_ENUMERATION_RESULT	R16A-SUBGRAPH-8626D7F8F98388E2D8B1|LINEAR_PATH	docs/audits/v49-exploration-full-space-closure-round1/raw/composition-enumeration-v2.tsv	75efbe8f0e5d18d431b1e525900da6eb30ff6abe1a97d407058e637680ada2cd	211	8e223567b194780204490427644d7a907a08fce7eb21c9879a672fe58f942a28	7e0a0ee4f78d2f565c4f7771653ecc5a27828dd9fb704139d1e068f2a5fdce64	"[""R16B-SENSE:06c230c771547ee49390903e0bad7aaf44063613309c93bcbd72e808116af4c6"",""R16B-SENSE:35489187871bfd7b7be6e2d5268a3a922984d3bdad9e9a8ca61ea6edee84a5a7"",""R16B-SENSE:419a96e12217bfa4ed031510c32033cb2408489e3abb14eb28291b13c068e159""]"	"[""R16B-LOCAL-FAMILY:7e0a0ee4f78d2f565c4f7771653ecc5a27828dd9fb704139d1e068f2a5fdce64""]"	"[""BOUNDED_SENSE_OR_SCOPE_CONFLICT""]"	"[""R16A-SUBGRAPH-8626D7F8F98388E2D8B1""]"	"[""R16A-PAIR:818cc370417319af9a65fec5211969862df5c48a821265533ba289932e57b18c"",""R16A-PAIR:a364e4ea20e2f9e24e1fc980dc1ab703ae69a0fc86aa626a14e45cca0ea3bbb2""]"	VALID	LINEAR_PATH	REJECTED	FAMILY_FINAL_DISPOSITION:BOUNDED_SENSE_OR_SCOPE_CONFLICT	false	false	false	false	Preserve the exact prior VALID/INVALID attempt while applying the independently derived semantic outcome; never equate topology validity with group support.	e1a029a40d378ecabae84033987e3ac36b5b0451767434d67f471a44f6b15d00
468105499c7be102deec7d6555aced688dea9901	5419770959bdb8998b693fb2275b47e29b92367c	ROUND16A_TOPOLOGY_ENUMERATION_RESULT	R16A-SUBGRAPH-8626D7F8F98388E2D8B1|QUALIFIED_PATH	docs/audits/v49-exploration-full-space-closure-round1/raw/composition-enumeration-v2.tsv	75efbe8f0e5d18d431b1e525900da6eb30ff6abe1a97d407058e637680ada2cd	214	300faafba931e4affec318d8ab818f5ab0117c49b6dc8b51ebe6ae2a45b1b664	7e0a0ee4f78d2f565c4f7771653ecc5a27828dd9fb704139d1e068f2a5fdce64	"[""R16B-SENSE:06c230c771547ee49390903e0bad7aaf44063613309c93bcbd72e808116af4c6"",""R16B-SENSE:35489187871bfd7b7be6e2d5268a3a922984d3bdad9e9a8ca61ea6edee84a5a7"",""R16B-SENSE:419a96e12217bfa4ed031510c32033cb2408489e3abb14eb28291b13c068e159""]"	"[""R16B-LOCAL-FAMILY:7e0a0ee4f78d2f565c4f7771653ecc5a27828dd9fb704139d1e068f2a5fdce64""]"	"[""BOUNDED_SENSE_OR_SCOPE_CONFLICT""]"	"[""R16A-SUBGRAPH-8626D7F8F98388E2D8B1""]"	"[""R16A-PAIR:818cc370417319af9a65fec5211969862df5c48a821265533ba289932e57b18c"",""R16A-PAIR:a364e4ea20e2f9e24e1fc980dc1ab703ae69a0fc86aa626a14e45cca0ea3bbb2""]"	INVALID	QUALIFIED_PATH	REJECTED	FAMILY_FINAL_DISPOSITION:BOUNDED_SENSE_OR_SCOPE_CONFLICT	false	false	false	false	Preserve the exact prior VALID/INVALID attempt while applying the independently derived semantic outcome; never equate topology validity with group support.	2071788d0a8742f33545e13e488bfb5acee637b89487c7692cbf44a73b5b1b1f
468105499c7be102deec7d6555aced688dea9901	5419770959bdb8998b693fb2275b47e29b92367c	ROUND16A_TOPOLOGY_ENUMERATION_RESULT	R16A-SUBGRAPH-8626D7F8F98388E2D8B1|REFLEXIVE_RETURN	docs/audits/v49-exploration-full-space-closure-round1/raw/composition-enumeration-v2.tsv	75efbe8f0e5d18d431b1e525900da6eb30ff6abe1a97d407058e637680ada2cd	215	4dd12bfbeddfbbfe895a6f5b16452c4033f5595438e0508f6bf01c6c171eba58	7e0a0ee4f78d2f565c4f7771653ecc5a27828dd9fb704139d1e068f2a5fdce64	"[""R16B-SENSE:06c230c771547ee49390903e0bad7aaf44063613309c93bcbd72e808116af4c6"",""R16B-SENSE:35489187871bfd7b7be6e2d5268a3a922984d3bdad9e9a8ca61ea6edee84a5a7"",""R16B-SENSE:419a96e12217bfa4ed031510c32033cb2408489e3abb14eb28291b13c068e159""]"	"[""R16B-LOCAL-FAMILY:7e0a0ee4f78d2f565c4f7771653ecc5a27828dd9fb704139d1e068f2a5fdce64""]"	"[""BOUNDED_SENSE_OR_SCOPE_CONFLICT""]"	"[""R16A-SUBGRAPH-8626D7F8F98388E2D8B1""]"	"[""R16A-PAIR:818cc370417319af9a65fec5211969862df5c48a821265533ba289932e57b18c"",""R16A-PAIR:a364e4ea20e2f9e24e1fc980dc1ab703ae69a0fc86aa626a14e45cca0ea3bbb2""]"	INVALID	REFLEXIVE_RETURN	REJECTED	FAMILY_FINAL_DISPOSITION:BOUNDED_SENSE_OR_SCOPE_CONFLICT	false	false	false	false	Preserve the exact prior VALID/INVALID attempt while applying the independently derived semantic outcome; never equate topology validity with group support.	2ab83e1f8049fec63e2644ac1f5dc643afa8bf8b0d0a04542e25e174fa36bc22
468105499c7be102deec7d6555aced688dea9901	5419770959bdb8998b693fb2275b47e29b92367c	ROUND16A_TOPOLOGY_ENUMERATION_RESULT	R16A-SUBGRAPH-8B0692D9400E5F27AC41|BINARY_CONVERGENCE	docs/audits/v49-exploration-full-space-closure-round1/raw/composition-enumeration-v2.tsv	75efbe8f0e5d18d431b1e525900da6eb30ff6abe1a97d407058e637680ada2cd	219	033297d4ab7603a2a486eb53c403a3089f5f8a81a7cb950ce90b2727fb201c5b	3b62255abc8ef0a877c0a06cfd81096b2b5c868e043d0e9a705b2d0ec997c4a0	"[""R16B-SENSE:06c230c771547ee49390903e0bad7aaf44063613309c93bcbd72e808116af4c6"",""R16B-SENSE:35489187871bfd7b7be6e2d5268a3a922984d3bdad9e9a8ca61ea6edee84a5a7""]"	[]	[]	"[""R16A-SUBGRAPH-8B0692D9400E5F27AC41""]"	"[""R16A-PAIR:818cc370417319af9a65fec5211969862df5c48a821265533ba289932e57b18c""]"	INVALID	BINARY_CONVERGENCE	RETAINED	ROUND16A_ACTIVE_PAIR_BASELINE_NO_GROUP_CLAIM	false	false	false	false	Preserve the exact prior VALID/INVALID attempt while applying the independently derived semantic outcome; never equate topology validity with group support.	d4cf31f6da40dc864a947d5eca75fa75f19c4fadf75f9903d9b410341f170695
468105499c7be102deec7d6555aced688dea9901	5419770959bdb8998b693fb2275b47e29b92367c	ROUND16A_TOPOLOGY_ENUMERATION_RESULT	R16A-SUBGRAPH-8B0692D9400E5F27AC41|BINARY_FORK	docs/audits/v49-exploration-full-space-closure-round1/raw/composition-enumeration-v2.tsv	75efbe8f0e5d18d431b1e525900da6eb30ff6abe1a97d407058e637680ada2cd	218	e19c414ba9ec3587069092034596fd7133d1176365f2c968928e6e0452846c6a	3b62255abc8ef0a877c0a06cfd81096b2b5c868e043d0e9a705b2d0ec997c4a0	"[""R16B-SENSE:06c230c771547ee49390903e0bad7aaf44063613309c93bcbd72e808116af4c6"",""R16B-SENSE:35489187871bfd7b7be6e2d5268a3a922984d3bdad9e9a8ca61ea6edee84a5a7""]"	[]	[]	"[""R16A-SUBGRAPH-8B0692D9400E5F27AC41""]"	"[""R16A-PAIR:818cc370417319af9a65fec5211969862df5c48a821265533ba289932e57b18c""]"	INVALID	BINARY_FORK	RETAINED	ROUND16A_ACTIVE_PAIR_BASELINE_NO_GROUP_CLAIM	false	false	false	false	Preserve the exact prior VALID/INVALID attempt while applying the independently derived semantic outcome; never equate topology validity with group support.	2e71b5b335698473b3f5531373bf1da99d258d12d25a0cebe6faf4517f0dcd34
468105499c7be102deec7d6555aced688dea9901	5419770959bdb8998b693fb2275b47e29b92367c	ROUND16A_TOPOLOGY_ENUMERATION_RESULT	R16A-SUBGRAPH-8B0692D9400E5F27AC41|EVIDENCE_GAP_TREE	docs/audits/v49-exploration-full-space-closure-round1/raw/composition-enumeration-v2.tsv	75efbe8f0e5d18d431b1e525900da6eb30ff6abe1a97d407058e637680ada2cd	222	8f0dcf6f2f4dc589714be0df9af738ece9532e38325e7919d81c1ec44e1ff98b	3b62255abc8ef0a877c0a06cfd81096b2b5c868e043d0e9a705b2d0ec997c4a0	"[""R16B-SENSE:06c230c771547ee49390903e0bad7aaf44063613309c93bcbd72e808116af4c6"",""R16B-SENSE:35489187871bfd7b7be6e2d5268a3a922984d3bdad9e9a8ca61ea6edee84a5a7""]"	[]	[]	"[""R16A-SUBGRAPH-8B0692D9400E5F27AC41""]"	"[""R16A-PAIR:818cc370417319af9a65fec5211969862df5c48a821265533ba289932e57b18c""]"	INVALID	EVIDENCE_GAP_TREE	RETAINED	ROUND16A_ACTIVE_PAIR_BASELINE_NO_GROUP_CLAIM	false	false	false	false	Preserve the exact prior VALID/INVALID attempt while applying the independently derived semantic outcome; never equate topology validity with group support.	4fb372cf073be09fe8e600ed10e071bb9260319da5f72a2c5ffe5eb627c4387d
468105499c7be102deec7d6555aced688dea9901	5419770959bdb8998b693fb2275b47e29b92367c	ROUND16A_TOPOLOGY_ENUMERATION_RESULT	R16A-SUBGRAPH-8B0692D9400E5F27AC41|LINEAR_PATH	docs/audits/v49-exploration-full-space-closure-round1/raw/composition-enumeration-v2.tsv	75efbe8f0e5d18d431b1e525900da6eb30ff6abe1a97d407058e637680ada2cd	217	2088ce10e304369646bdf40b88f7e037f17bb0b9189220d05f61f453b0910a81	3b62255abc8ef0a877c0a06cfd81096b2b5c868e043d0e9a705b2d0ec997c4a0	"[""R16B-SENSE:06c230c771547ee49390903e0bad7aaf44063613309c93bcbd72e808116af4c6"",""R16B-SENSE:35489187871bfd7b7be6e2d5268a3a922984d3bdad9e9a8ca61ea6edee84a5a7""]"	[]	[]	"[""R16A-SUBGRAPH-8B0692D9400E5F27AC41""]"	"[""R16A-PAIR:818cc370417319af9a65fec5211969862df5c48a821265533ba289932e57b18c""]"	VALID	LINEAR_PATH	RETAINED	ROUND16A_ACTIVE_PAIR_BASELINE_NO_GROUP_CLAIM	false	false	false	false	Preserve the exact prior VALID/INVALID attempt while applying the independently derived semantic outcome; never equate topology validity with group support.	7fdc580a6bccbafc9b18add0691ecc268f1859b3ffd600dca64a788b1334aa08
468105499c7be102deec7d6555aced688dea9901	5419770959bdb8998b693fb2275b47e29b92367c	ROUND16A_TOPOLOGY_ENUMERATION_RESULT	R16A-SUBGRAPH-8B0692D9400E5F27AC41|QUALIFIED_PATH	docs/audits/v49-exploration-full-space-closure-round1/raw/composition-enumeration-v2.tsv	75efbe8f0e5d18d431b1e525900da6eb30ff6abe1a97d407058e637680ada2cd	220	c10bd69b316c3d358f4525d79acac17ced930df0b53783aee9b36413dcf42757	3b62255abc8ef0a877c0a06cfd81096b2b5c868e043d0e9a705b2d0ec997c4a0	"[""R16B-SENSE:06c230c771547ee49390903e0bad7aaf44063613309c93bcbd72e808116af4c6"",""R16B-SENSE:35489187871bfd7b7be6e2d5268a3a922984d3bdad9e9a8ca61ea6edee84a5a7""]"	[]	[]	"[""R16A-SUBGRAPH-8B0692D9400E5F27AC41""]"	"[""R16A-PAIR:818cc370417319af9a65fec5211969862df5c48a821265533ba289932e57b18c""]"	INVALID	QUALIFIED_PATH	RETAINED	ROUND16A_ACTIVE_PAIR_BASELINE_NO_GROUP_CLAIM	false	false	false	false	Preserve the exact prior VALID/INVALID attempt while applying the independently derived semantic outcome; never equate topology validity with group support.	d250ba16ff6d80f32600129f02f56ec90859e20ff09ccae5d9e6e983040848d1
468105499c7be102deec7d6555aced688dea9901	5419770959bdb8998b693fb2275b47e29b92367c	ROUND16A_TOPOLOGY_ENUMERATION_RESULT	R16A-SUBGRAPH-8B0692D9400E5F27AC41|REFLEXIVE_RETURN	docs/audits/v49-exploration-full-space-closure-round1/raw/composition-enumeration-v2.tsv	75efbe8f0e5d18d431b1e525900da6eb30ff6abe1a97d407058e637680ada2cd	221	8ae6369dcc3dc1a98745c3ce87da964d7c27afe79249d421ec6866352ad20b9a	3b62255abc8ef0a877c0a06cfd81096b2b5c868e043d0e9a705b2d0ec997c4a0	"[""R16B-SENSE:06c230c771547ee49390903e0bad7aaf44063613309c93bcbd72e808116af4c6"",""R16B-SENSE:35489187871bfd7b7be6e2d5268a3a922984d3bdad9e9a8ca61ea6edee84a5a7""]"	[]	[]	"[""R16A-SUBGRAPH-8B0692D9400E5F27AC41""]"	"[""R16A-PAIR:818cc370417319af9a65fec5211969862df5c48a821265533ba289932e57b18c""]"	INVALID	REFLEXIVE_RETURN	RETAINED	ROUND16A_ACTIVE_PAIR_BASELINE_NO_GROUP_CLAIM	false	false	false	false	Preserve the exact prior VALID/INVALID attempt while applying the independently derived semantic outcome; never equate topology validity with group support.	8a4a591a6235ca0738135b08c43fbb976d23e88d42235a4f8f0b822c38d2147b
468105499c7be102deec7d6555aced688dea9901	5419770959bdb8998b693fb2275b47e29b92367c	ROUND16A_TOPOLOGY_ENUMERATION_RESULT	R16A-SUBGRAPH-8ED19D3F0FD732316BA6|BINARY_CONVERGENCE	docs/audits/v49-exploration-full-space-closure-round1/raw/composition-enumeration-v2.tsv	75efbe8f0e5d18d431b1e525900da6eb30ff6abe1a97d407058e637680ada2cd	225	ea540414c4a466c7256493b1ba8a224b2afc97ca806c219073ab6d79e626ba31	89817e7a449f1cc7b574fb1b89c9541f765e52825c5cb62bf0a2bb833e8f970a	"[""R16B-SENSE:4e14e64610176c44c8a9775fba3a7d484b4eee0fb06ee9553c17675cb7f0b634"",""R16B-SENSE:f0e28e13851d04c13b701f53d9b3911cb50fc572cc6203c64527804f0b37e909"",""R16B-SENSE:f26224717160ca63c45ca85fe7c23e1469baa3e10672a68beafb13d195d0915d"",""R16B-SENSE:fa3369a6eb4bebe96ee289987f963e539b8da9c27ea0f454e8a24b6bddf9306f""]"	"[""R16B-LOCAL-FAMILY:89817e7a449f1cc7b574fb1b89c9541f765e52825c5cb62bf0a2bb833e8f970a""]"	"[""INQUIRY_ONLY_OR_UNRESOLVED""]"	"[""R16A-SUBGRAPH-8ED19D3F0FD732316BA6""]"	"[""R16A-PAIR:2ea00c84f44e9da21aae78f742f5cf6cba09fee7e94d77ff3420dc07dd64cbb5"",""R16A-PAIR:5841a12151ac0ce714f0b8e279e939bed009b3f2be71086cde6033cbbd11b4ea"",""R16A-PAIR:e153332b67669fdaa24f256bfcf61135e56eb2894e48481afc71ae4327c81422"",""R16A-PAIR:f82795fcaba53ac0c255461d014e82b9e563362b645b4c65a58e27644e22c54c""]"	INVALID	BINARY_CONVERGENCE	INQUIRY	FAMILY_FINAL_DISPOSITION:INQUIRY_ONLY_OR_UNRESOLVED	false	false	false	false	Preserve the exact prior VALID/INVALID attempt while applying the independently derived semantic outcome; never equate topology validity with group support.	2572fa753b4b85c580376da7b45736899fb77b003017b58f73172a04eb80a195
468105499c7be102deec7d6555aced688dea9901	5419770959bdb8998b693fb2275b47e29b92367c	ROUND16A_TOPOLOGY_ENUMERATION_RESULT	R16A-SUBGRAPH-8ED19D3F0FD732316BA6|BINARY_FORK	docs/audits/v49-exploration-full-space-closure-round1/raw/composition-enumeration-v2.tsv	75efbe8f0e5d18d431b1e525900da6eb30ff6abe1a97d407058e637680ada2cd	224	47e7ef8d3b2aa4a1e02c6e956fdad0ab4b43f05eb64a9202b88d283fa62f9da6	89817e7a449f1cc7b574fb1b89c9541f765e52825c5cb62bf0a2bb833e8f970a	"[""R16B-SENSE:4e14e64610176c44c8a9775fba3a7d484b4eee0fb06ee9553c17675cb7f0b634"",""R16B-SENSE:f0e28e13851d04c13b701f53d9b3911cb50fc572cc6203c64527804f0b37e909"",""R16B-SENSE:f26224717160ca63c45ca85fe7c23e1469baa3e10672a68beafb13d195d0915d"",""R16B-SENSE:fa3369a6eb4bebe96ee289987f963e539b8da9c27ea0f454e8a24b6bddf9306f""]"	"[""R16B-LOCAL-FAMILY:89817e7a449f1cc7b574fb1b89c9541f765e52825c5cb62bf0a2bb833e8f970a""]"	"[""INQUIRY_ONLY_OR_UNRESOLVED""]"	"[""R16A-SUBGRAPH-8ED19D3F0FD732316BA6""]"	"[""R16A-PAIR:2ea00c84f44e9da21aae78f742f5cf6cba09fee7e94d77ff3420dc07dd64cbb5"",""R16A-PAIR:5841a12151ac0ce714f0b8e279e939bed009b3f2be71086cde6033cbbd11b4ea"",""R16A-PAIR:e153332b67669fdaa24f256bfcf61135e56eb2894e48481afc71ae4327c81422"",""R16A-PAIR:f82795fcaba53ac0c255461d014e82b9e563362b645b4c65a58e27644e22c54c""]"	INVALID	BINARY_FORK	INQUIRY	FAMILY_FINAL_DISPOSITION:INQUIRY_ONLY_OR_UNRESOLVED	false	false	false	false	Preserve the exact prior VALID/INVALID attempt while applying the independently derived semantic outcome; never equate topology validity with group support.	7237ed9c4dbe2a80ea4cbbdb3453895bde8a83a508ee6b80a1f7bed58b0bb7c9
468105499c7be102deec7d6555aced688dea9901	5419770959bdb8998b693fb2275b47e29b92367c	ROUND16A_TOPOLOGY_ENUMERATION_RESULT	R16A-SUBGRAPH-8ED19D3F0FD732316BA6|EVIDENCE_GAP_TREE	docs/audits/v49-exploration-full-space-closure-round1/raw/composition-enumeration-v2.tsv	75efbe8f0e5d18d431b1e525900da6eb30ff6abe1a97d407058e637680ada2cd	228	4c52754eb22bfc5c86ae29fc466ff4c5d55d9f069b65c2a1f212127f49437df9	89817e7a449f1cc7b574fb1b89c9541f765e52825c5cb62bf0a2bb833e8f970a	"[""R16B-SENSE:4e14e64610176c44c8a9775fba3a7d484b4eee0fb06ee9553c17675cb7f0b634"",""R16B-SENSE:f0e28e13851d04c13b701f53d9b3911cb50fc572cc6203c64527804f0b37e909"",""R16B-SENSE:f26224717160ca63c45ca85fe7c23e1469baa3e10672a68beafb13d195d0915d"",""R16B-SENSE:fa3369a6eb4bebe96ee289987f963e539b8da9c27ea0f454e8a24b6bddf9306f""]"	"[""R16B-LOCAL-FAMILY:89817e7a449f1cc7b574fb1b89c9541f765e52825c5cb62bf0a2bb833e8f970a""]"	"[""INQUIRY_ONLY_OR_UNRESOLVED""]"	"[""R16A-SUBGRAPH-8ED19D3F0FD732316BA6""]"	"[""R16A-PAIR:2ea00c84f44e9da21aae78f742f5cf6cba09fee7e94d77ff3420dc07dd64cbb5"",""R16A-PAIR:5841a12151ac0ce714f0b8e279e939bed009b3f2be71086cde6033cbbd11b4ea"",""R16A-PAIR:e153332b67669fdaa24f256bfcf61135e56eb2894e48481afc71ae4327c81422"",""R16A-PAIR:f82795fcaba53ac0c255461d014e82b9e563362b645b4c65a58e27644e22c54c""]"	INVALID	EVIDENCE_GAP_TREE	INQUIRY	FAMILY_FINAL_DISPOSITION:INQUIRY_ONLY_OR_UNRESOLVED	false	false	false	false	Preserve the exact prior VALID/INVALID attempt while applying the independently derived semantic outcome; never equate topology validity with group support.	03c1fc0c8596ea63cd945c3efe2af58366281e9e61412eba7765a81072a30699
468105499c7be102deec7d6555aced688dea9901	5419770959bdb8998b693fb2275b47e29b92367c	ROUND16A_TOPOLOGY_ENUMERATION_RESULT	R16A-SUBGRAPH-8ED19D3F0FD732316BA6|LINEAR_PATH	docs/audits/v49-exploration-full-space-closure-round1/raw/composition-enumeration-v2.tsv	75efbe8f0e5d18d431b1e525900da6eb30ff6abe1a97d407058e637680ada2cd	223	16850b4b066915b499a22dce4dd93a7481cdbfcc99773d0a6570b44baaac70ea	89817e7a449f1cc7b574fb1b89c9541f765e52825c5cb62bf0a2bb833e8f970a	"[""R16B-SENSE:4e14e64610176c44c8a9775fba3a7d484b4eee0fb06ee9553c17675cb7f0b634"",""R16B-SENSE:f0e28e13851d04c13b701f53d9b3911cb50fc572cc6203c64527804f0b37e909"",""R16B-SENSE:f26224717160ca63c45ca85fe7c23e1469baa3e10672a68beafb13d195d0915d"",""R16B-SENSE:fa3369a6eb4bebe96ee289987f963e539b8da9c27ea0f454e8a24b6bddf9306f""]"	"[""R16B-LOCAL-FAMILY:89817e7a449f1cc7b574fb1b89c9541f765e52825c5cb62bf0a2bb833e8f970a""]"	"[""INQUIRY_ONLY_OR_UNRESOLVED""]"	"[""R16A-SUBGRAPH-8ED19D3F0FD732316BA6""]"	"[""R16A-PAIR:2ea00c84f44e9da21aae78f742f5cf6cba09fee7e94d77ff3420dc07dd64cbb5"",""R16A-PAIR:5841a12151ac0ce714f0b8e279e939bed009b3f2be71086cde6033cbbd11b4ea"",""R16A-PAIR:e153332b67669fdaa24f256bfcf61135e56eb2894e48481afc71ae4327c81422"",""R16A-PAIR:f82795fcaba53ac0c255461d014e82b9e563362b645b4c65a58e27644e22c54c""]"	INVALID	LINEAR_PATH	INQUIRY	FAMILY_FINAL_DISPOSITION:INQUIRY_ONLY_OR_UNRESOLVED	false	false	false	false	Preserve the exact prior VALID/INVALID attempt while applying the independently derived semantic outcome; never equate topology validity with group support.	174e664cd32f858bca37b7c775149d8f095f44ad06ab9bac22c84b545d0fa7ff
468105499c7be102deec7d6555aced688dea9901	5419770959bdb8998b693fb2275b47e29b92367c	ROUND16A_TOPOLOGY_ENUMERATION_RESULT	R16A-SUBGRAPH-8ED19D3F0FD732316BA6|QUALIFIED_PATH	docs/audits/v49-exploration-full-space-closure-round1/raw/composition-enumeration-v2.tsv	75efbe8f0e5d18d431b1e525900da6eb30ff6abe1a97d407058e637680ada2cd	226	24f46f9e13b29261b6aaa7966f1170298f6e8758bfe5562e53e064fd2992c9da	89817e7a449f1cc7b574fb1b89c9541f765e52825c5cb62bf0a2bb833e8f970a	"[""R16B-SENSE:4e14e64610176c44c8a9775fba3a7d484b4eee0fb06ee9553c17675cb7f0b634"",""R16B-SENSE:f0e28e13851d04c13b701f53d9b3911cb50fc572cc6203c64527804f0b37e909"",""R16B-SENSE:f26224717160ca63c45ca85fe7c23e1469baa3e10672a68beafb13d195d0915d"",""R16B-SENSE:fa3369a6eb4bebe96ee289987f963e539b8da9c27ea0f454e8a24b6bddf9306f""]"	"[""R16B-LOCAL-FAMILY:89817e7a449f1cc7b574fb1b89c9541f765e52825c5cb62bf0a2bb833e8f970a""]"	"[""INQUIRY_ONLY_OR_UNRESOLVED""]"	"[""R16A-SUBGRAPH-8ED19D3F0FD732316BA6""]"	"[""R16A-PAIR:2ea00c84f44e9da21aae78f742f5cf6cba09fee7e94d77ff3420dc07dd64cbb5"",""R16A-PAIR:5841a12151ac0ce714f0b8e279e939bed009b3f2be71086cde6033cbbd11b4ea"",""R16A-PAIR:e153332b67669fdaa24f256bfcf61135e56eb2894e48481afc71ae4327c81422"",""R16A-PAIR:f82795fcaba53ac0c255461d014e82b9e563362b645b4c65a58e27644e22c54c""]"	INVALID	QUALIFIED_PATH	INQUIRY	FAMILY_FINAL_DISPOSITION:INQUIRY_ONLY_OR_UNRESOLVED	false	false	false	false	Preserve the exact prior VALID/INVALID attempt while applying the independently derived semantic outcome; never equate topology validity with group support.	172f4771018134fe313bcb36ca6dbe56e899f990328de6de8c3b16f4eb221975
468105499c7be102deec7d6555aced688dea9901	5419770959bdb8998b693fb2275b47e29b92367c	ROUND16A_TOPOLOGY_ENUMERATION_RESULT	R16A-SUBGRAPH-8ED19D3F0FD732316BA6|REFLEXIVE_RETURN	docs/audits/v49-exploration-full-space-closure-round1/raw/composition-enumeration-v2.tsv	75efbe8f0e5d18d431b1e525900da6eb30ff6abe1a97d407058e637680ada2cd	227	b82ef9c6009066a520912dfb856896bbcf620e42d4ccdb03147ce27ba27c629c	89817e7a449f1cc7b574fb1b89c9541f765e52825c5cb62bf0a2bb833e8f970a	"[""R16B-SENSE:4e14e64610176c44c8a9775fba3a7d484b4eee0fb06ee9553c17675cb7f0b634"",""R16B-SENSE:f0e28e13851d04c13b701f53d9b3911cb50fc572cc6203c64527804f0b37e909"",""R16B-SENSE:f26224717160ca63c45ca85fe7c23e1469baa3e10672a68beafb13d195d0915d"",""R16B-SENSE:fa3369a6eb4bebe96ee289987f963e539b8da9c27ea0f454e8a24b6bddf9306f""]"	"[""R16B-LOCAL-FAMILY:89817e7a449f1cc7b574fb1b89c9541f765e52825c5cb62bf0a2bb833e8f970a""]"	"[""INQUIRY_ONLY_OR_UNRESOLVED""]"	"[""R16A-SUBGRAPH-8ED19D3F0FD732316BA6""]"	"[""R16A-PAIR:2ea00c84f44e9da21aae78f742f5cf6cba09fee7e94d77ff3420dc07dd64cbb5"",""R16A-PAIR:5841a12151ac0ce714f0b8e279e939bed009b3f2be71086cde6033cbbd11b4ea"",""R16A-PAIR:e153332b67669fdaa24f256bfcf61135e56eb2894e48481afc71ae4327c81422"",""R16A-PAIR:f82795fcaba53ac0c255461d014e82b9e563362b645b4c65a58e27644e22c54c""]"	INVALID	REFLEXIVE_RETURN	INQUIRY	FAMILY_FINAL_DISPOSITION:INQUIRY_ONLY_OR_UNRESOLVED	false	false	false	false	Preserve the exact prior VALID/INVALID attempt while applying the independently derived semantic outcome; never equate topology validity with group support.	7a12f566b32717dac894545a1ca4b5d64b55976e49f21ba19f15b0a337769d7b
468105499c7be102deec7d6555aced688dea9901	5419770959bdb8998b693fb2275b47e29b92367c	ROUND16A_TOPOLOGY_ENUMERATION_RESULT	R16A-SUBGRAPH-95003E05F03532B0DC65|BINARY_CONVERGENCE	docs/audits/v49-exploration-full-space-closure-round1/raw/composition-enumeration-v2.tsv	75efbe8f0e5d18d431b1e525900da6eb30ff6abe1a97d407058e637680ada2cd	231	ec17f86b6dd60bb977fe37c0da031b7cb74f8b416953994164d0828af35782fe	84c22d6e2e70c0a802e6d1f8f534e0748ceead84b84c97ad448bb419ea65a037	"[""R16B-SENSE:f0e28e13851d04c13b701f53d9b3911cb50fc572cc6203c64527804f0b37e909"",""R16B-SENSE:f26224717160ca63c45ca85fe7c23e1469baa3e10672a68beafb13d195d0915d""]"	[]	[]	"[""R16A-SUBGRAPH-95003E05F03532B0DC65""]"	"[""R16A-PAIR:e153332b67669fdaa24f256bfcf61135e56eb2894e48481afc71ae4327c81422""]"	INVALID	BINARY_CONVERGENCE	RETAINED	ROUND16A_ACTIVE_PAIR_BASELINE_NO_GROUP_CLAIM	false	false	false	false	Preserve the exact prior VALID/INVALID attempt while applying the independently derived semantic outcome; never equate topology validity with group support.	abb5ce9f3093a8be8d4b069a0f02bc00afb475400fc6db835f76655cd516b31d
468105499c7be102deec7d6555aced688dea9901	5419770959bdb8998b693fb2275b47e29b92367c	ROUND16A_TOPOLOGY_ENUMERATION_RESULT	R16A-SUBGRAPH-95003E05F03532B0DC65|BINARY_FORK	docs/audits/v49-exploration-full-space-closure-round1/raw/composition-enumeration-v2.tsv	75efbe8f0e5d18d431b1e525900da6eb30ff6abe1a97d407058e637680ada2cd	230	abfbf3a55357c3f8961f1d1a8610b36a484b466a6600a63937e102dce22c43db	84c22d6e2e70c0a802e6d1f8f534e0748ceead84b84c97ad448bb419ea65a037	"[""R16B-SENSE:f0e28e13851d04c13b701f53d9b3911cb50fc572cc6203c64527804f0b37e909"",""R16B-SENSE:f26224717160ca63c45ca85fe7c23e1469baa3e10672a68beafb13d195d0915d""]"	[]	[]	"[""R16A-SUBGRAPH-95003E05F03532B0DC65""]"	"[""R16A-PAIR:e153332b67669fdaa24f256bfcf61135e56eb2894e48481afc71ae4327c81422""]"	INVALID	BINARY_FORK	RETAINED	ROUND16A_ACTIVE_PAIR_BASELINE_NO_GROUP_CLAIM	false	false	false	false	Preserve the exact prior VALID/INVALID attempt while applying the independently derived semantic outcome; never equate topology validity with group support.	d55ee357bcbcce78cfd8826923633a00a614015b0f4bb7efbc5839a9600379e7
468105499c7be102deec7d6555aced688dea9901	5419770959bdb8998b693fb2275b47e29b92367c	ROUND16A_TOPOLOGY_ENUMERATION_RESULT	R16A-SUBGRAPH-95003E05F03532B0DC65|EVIDENCE_GAP_TREE	docs/audits/v49-exploration-full-space-closure-round1/raw/composition-enumeration-v2.tsv	75efbe8f0e5d18d431b1e525900da6eb30ff6abe1a97d407058e637680ada2cd	234	9ac9029f7bb0579c3d37d0b42cbb5b6a2b3291ef15db3e7472f09e4d784f8802	84c22d6e2e70c0a802e6d1f8f534e0748ceead84b84c97ad448bb419ea65a037	"[""R16B-SENSE:f0e28e13851d04c13b701f53d9b3911cb50fc572cc6203c64527804f0b37e909"",""R16B-SENSE:f26224717160ca63c45ca85fe7c23e1469baa3e10672a68beafb13d195d0915d""]"	[]	[]	"[""R16A-SUBGRAPH-95003E05F03532B0DC65""]"	"[""R16A-PAIR:e153332b67669fdaa24f256bfcf61135e56eb2894e48481afc71ae4327c81422""]"	INVALID	EVIDENCE_GAP_TREE	RETAINED	ROUND16A_ACTIVE_PAIR_BASELINE_NO_GROUP_CLAIM	false	false	false	false	Preserve the exact prior VALID/INVALID attempt while applying the independently derived semantic outcome; never equate topology validity with group support.	bfdc63f7c8610b7adcce6dc5c7435af88704dff37da8ca06433bd65564ef464f
468105499c7be102deec7d6555aced688dea9901	5419770959bdb8998b693fb2275b47e29b92367c	ROUND16A_TOPOLOGY_ENUMERATION_RESULT	R16A-SUBGRAPH-95003E05F03532B0DC65|LINEAR_PATH	docs/audits/v49-exploration-full-space-closure-round1/raw/composition-enumeration-v2.tsv	75efbe8f0e5d18d431b1e525900da6eb30ff6abe1a97d407058e637680ada2cd	229	398f8c2ced5ef9bee8a14b990eff4222f593cc43a0e9d5abeb9d12101c6f257f	84c22d6e2e70c0a802e6d1f8f534e0748ceead84b84c97ad448bb419ea65a037	"[""R16B-SENSE:f0e28e13851d04c13b701f53d9b3911cb50fc572cc6203c64527804f0b37e909"",""R16B-SENSE:f26224717160ca63c45ca85fe7c23e1469baa3e10672a68beafb13d195d0915d""]"	[]	[]	"[""R16A-SUBGRAPH-95003E05F03532B0DC65""]"	"[""R16A-PAIR:e153332b67669fdaa24f256bfcf61135e56eb2894e48481afc71ae4327c81422""]"	VALID	LINEAR_PATH	RETAINED	ROUND16A_ACTIVE_PAIR_BASELINE_NO_GROUP_CLAIM	false	false	false	false	Preserve the exact prior VALID/INVALID attempt while applying the independently derived semantic outcome; never equate topology validity with group support.	ab8550a228c0b0fe636caabd502435f36027072c4a4f9ac92856101eedd5c62e
468105499c7be102deec7d6555aced688dea9901	5419770959bdb8998b693fb2275b47e29b92367c	ROUND16A_TOPOLOGY_ENUMERATION_RESULT	R16A-SUBGRAPH-95003E05F03532B0DC65|QUALIFIED_PATH	docs/audits/v49-exploration-full-space-closure-round1/raw/composition-enumeration-v2.tsv	75efbe8f0e5d18d431b1e525900da6eb30ff6abe1a97d407058e637680ada2cd	232	69970932ff9d6cbe39987af3802ad03c802aa826035e305413d84e026d4954b2	84c22d6e2e70c0a802e6d1f8f534e0748ceead84b84c97ad448bb419ea65a037	"[""R16B-SENSE:f0e28e13851d04c13b701f53d9b3911cb50fc572cc6203c64527804f0b37e909"",""R16B-SENSE:f26224717160ca63c45ca85fe7c23e1469baa3e10672a68beafb13d195d0915d""]"	[]	[]	"[""R16A-SUBGRAPH-95003E05F03532B0DC65""]"	"[""R16A-PAIR:e153332b67669fdaa24f256bfcf61135e56eb2894e48481afc71ae4327c81422""]"	INVALID	QUALIFIED_PATH	RETAINED	ROUND16A_ACTIVE_PAIR_BASELINE_NO_GROUP_CLAIM	false	false	false	false	Preserve the exact prior VALID/INVALID attempt while applying the independently derived semantic outcome; never equate topology validity with group support.	74035c4657b725c61a4a4b9b94930584405af495ac41a0b199a3b152cf8e830b
468105499c7be102deec7d6555aced688dea9901	5419770959bdb8998b693fb2275b47e29b92367c	ROUND16A_TOPOLOGY_ENUMERATION_RESULT	R16A-SUBGRAPH-95003E05F03532B0DC65|REFLEXIVE_RETURN	docs/audits/v49-exploration-full-space-closure-round1/raw/composition-enumeration-v2.tsv	75efbe8f0e5d18d431b1e525900da6eb30ff6abe1a97d407058e637680ada2cd	233	9da24a7d41dc595911650afb49684ab05b984419240047fb38bde635efb32539	84c22d6e2e70c0a802e6d1f8f534e0748ceead84b84c97ad448bb419ea65a037	"[""R16B-SENSE:f0e28e13851d04c13b701f53d9b3911cb50fc572cc6203c64527804f0b37e909"",""R16B-SENSE:f26224717160ca63c45ca85fe7c23e1469baa3e10672a68beafb13d195d0915d""]"	[]	[]	"[""R16A-SUBGRAPH-95003E05F03532B0DC65""]"	"[""R16A-PAIR:e153332b67669fdaa24f256bfcf61135e56eb2894e48481afc71ae4327c81422""]"	INVALID	REFLEXIVE_RETURN	RETAINED	ROUND16A_ACTIVE_PAIR_BASELINE_NO_GROUP_CLAIM	false	false	false	false	Preserve the exact prior VALID/INVALID attempt while applying the independently derived semantic outcome; never equate topology validity with group support.	5c9b1a88aed30049a8ba9a86f2dcef9d51b372b1404501526bce98873537d871
468105499c7be102deec7d6555aced688dea9901	5419770959bdb8998b693fb2275b47e29b92367c	ROUND16A_TOPOLOGY_ENUMERATION_RESULT	R16A-SUBGRAPH-95D4380E9A37906AD091|BINARY_CONVERGENCE	docs/audits/v49-exploration-full-space-closure-round1/raw/composition-enumeration-v2.tsv	75efbe8f0e5d18d431b1e525900da6eb30ff6abe1a97d407058e637680ada2cd	237	8b563bb437c971a1115d23c1d5e7dc9cfd2226a30e0d3bbb4c1ec24dd847c920	89817e7a449f1cc7b574fb1b89c9541f765e52825c5cb62bf0a2bb833e8f970a	"[""R16B-SENSE:4e14e64610176c44c8a9775fba3a7d484b4eee0fb06ee9553c17675cb7f0b634"",""R16B-SENSE:f0e28e13851d04c13b701f53d9b3911cb50fc572cc6203c64527804f0b37e909"",""R16B-SENSE:f26224717160ca63c45ca85fe7c23e1469baa3e10672a68beafb13d195d0915d"",""R16B-SENSE:fa3369a6eb4bebe96ee289987f963e539b8da9c27ea0f454e8a24b6bddf9306f""]"	"[""R16B-LOCAL-FAMILY:89817e7a449f1cc7b574fb1b89c9541f765e52825c5cb62bf0a2bb833e8f970a""]"	"[""INQUIRY_ONLY_OR_UNRESOLVED""]"	"[""R16A-SUBGRAPH-95D4380E9A37906AD091""]"	"[""R16A-PAIR:5841a12151ac0ce714f0b8e279e939bed009b3f2be71086cde6033cbbd11b4ea"",""R16A-PAIR:db9e8b1d1d7e17983872e3600cd1a3ce5ae7f3c907ae70bdeafcbd0b2c6a0460"",""R16A-PAIR:e153332b67669fdaa24f256bfcf61135e56eb2894e48481afc71ae4327c81422""]"	INVALID	BINARY_CONVERGENCE	INQUIRY	FAMILY_FINAL_DISPOSITION:INQUIRY_ONLY_OR_UNRESOLVED	false	false	false	false	Preserve the exact prior VALID/INVALID attempt while applying the independently derived semantic outcome; never equate topology validity with group support.	1bdb72f261373e2f2b97008de3cc1375c9c5bccfa17cb6117acd0ede1762a24e
468105499c7be102deec7d6555aced688dea9901	5419770959bdb8998b693fb2275b47e29b92367c	ROUND16A_TOPOLOGY_ENUMERATION_RESULT	R16A-SUBGRAPH-95D4380E9A37906AD091|BINARY_FORK	docs/audits/v49-exploration-full-space-closure-round1/raw/composition-enumeration-v2.tsv	75efbe8f0e5d18d431b1e525900da6eb30ff6abe1a97d407058e637680ada2cd	236	026dc814d1f1b36c56087652f1501e544aada9eaa3411e51caeff61d174901cd	89817e7a449f1cc7b574fb1b89c9541f765e52825c5cb62bf0a2bb833e8f970a	"[""R16B-SENSE:4e14e64610176c44c8a9775fba3a7d484b4eee0fb06ee9553c17675cb7f0b634"",""R16B-SENSE:f0e28e13851d04c13b701f53d9b3911cb50fc572cc6203c64527804f0b37e909"",""R16B-SENSE:f26224717160ca63c45ca85fe7c23e1469baa3e10672a68beafb13d195d0915d"",""R16B-SENSE:fa3369a6eb4bebe96ee289987f963e539b8da9c27ea0f454e8a24b6bddf9306f""]"	"[""R16B-LOCAL-FAMILY:89817e7a449f1cc7b574fb1b89c9541f765e52825c5cb62bf0a2bb833e8f970a""]"	"[""INQUIRY_ONLY_OR_UNRESOLVED""]"	"[""R16A-SUBGRAPH-95D4380E9A37906AD091""]"	"[""R16A-PAIR:5841a12151ac0ce714f0b8e279e939bed009b3f2be71086cde6033cbbd11b4ea"",""R16A-PAIR:db9e8b1d1d7e17983872e3600cd1a3ce5ae7f3c907ae70bdeafcbd0b2c6a0460"",""R16A-PAIR:e153332b67669fdaa24f256bfcf61135e56eb2894e48481afc71ae4327c81422""]"	INVALID	BINARY_FORK	INQUIRY	FAMILY_FINAL_DISPOSITION:INQUIRY_ONLY_OR_UNRESOLVED	false	false	false	false	Preserve the exact prior VALID/INVALID attempt while applying the independently derived semantic outcome; never equate topology validity with group support.	eacd4ef4cc594010411d98f3780677ee79bc3a232de6220120b18d9d0c5a4fb1
468105499c7be102deec7d6555aced688dea9901	5419770959bdb8998b693fb2275b47e29b92367c	ROUND16A_TOPOLOGY_ENUMERATION_RESULT	R16A-SUBGRAPH-95D4380E9A37906AD091|EVIDENCE_GAP_TREE	docs/audits/v49-exploration-full-space-closure-round1/raw/composition-enumeration-v2.tsv	75efbe8f0e5d18d431b1e525900da6eb30ff6abe1a97d407058e637680ada2cd	240	13d961eb771760a4c61d3b8652b74ca5f9fa5afb6a2204f90d98ccd4b96338b5	89817e7a449f1cc7b574fb1b89c9541f765e52825c5cb62bf0a2bb833e8f970a	"[""R16B-SENSE:4e14e64610176c44c8a9775fba3a7d484b4eee0fb06ee9553c17675cb7f0b634"",""R16B-SENSE:f0e28e13851d04c13b701f53d9b3911cb50fc572cc6203c64527804f0b37e909"",""R16B-SENSE:f26224717160ca63c45ca85fe7c23e1469baa3e10672a68beafb13d195d0915d"",""R16B-SENSE:fa3369a6eb4bebe96ee289987f963e539b8da9c27ea0f454e8a24b6bddf9306f""]"	"[""R16B-LOCAL-FAMILY:89817e7a449f1cc7b574fb1b89c9541f765e52825c5cb62bf0a2bb833e8f970a""]"	"[""INQUIRY_ONLY_OR_UNRESOLVED""]"	"[""R16A-SUBGRAPH-95D4380E9A37906AD091""]"	"[""R16A-PAIR:5841a12151ac0ce714f0b8e279e939bed009b3f2be71086cde6033cbbd11b4ea"",""R16A-PAIR:db9e8b1d1d7e17983872e3600cd1a3ce5ae7f3c907ae70bdeafcbd0b2c6a0460"",""R16A-PAIR:e153332b67669fdaa24f256bfcf61135e56eb2894e48481afc71ae4327c81422""]"	INVALID	EVIDENCE_GAP_TREE	INQUIRY	FAMILY_FINAL_DISPOSITION:INQUIRY_ONLY_OR_UNRESOLVED	false	false	false	false	Preserve the exact prior VALID/INVALID attempt while applying the independently derived semantic outcome; never equate topology validity with group support.	72d52b275fcbb61aabb48643120609e58ae63eedf6dec773661b7bac5612aba0
468105499c7be102deec7d6555aced688dea9901	5419770959bdb8998b693fb2275b47e29b92367c	ROUND16A_TOPOLOGY_ENUMERATION_RESULT	R16A-SUBGRAPH-95D4380E9A37906AD091|LINEAR_PATH	docs/audits/v49-exploration-full-space-closure-round1/raw/composition-enumeration-v2.tsv	75efbe8f0e5d18d431b1e525900da6eb30ff6abe1a97d407058e637680ada2cd	235	c4057abc22f8b0d46839926bd0d4b1cc941e4d309e5ebf29fd76380d59ffb8e8	89817e7a449f1cc7b574fb1b89c9541f765e52825c5cb62bf0a2bb833e8f970a	"[""R16B-SENSE:4e14e64610176c44c8a9775fba3a7d484b4eee0fb06ee9553c17675cb7f0b634"",""R16B-SENSE:f0e28e13851d04c13b701f53d9b3911cb50fc572cc6203c64527804f0b37e909"",""R16B-SENSE:f26224717160ca63c45ca85fe7c23e1469baa3e10672a68beafb13d195d0915d"",""R16B-SENSE:fa3369a6eb4bebe96ee289987f963e539b8da9c27ea0f454e8a24b6bddf9306f""]"	"[""R16B-LOCAL-FAMILY:89817e7a449f1cc7b574fb1b89c9541f765e52825c5cb62bf0a2bb833e8f970a""]"	"[""INQUIRY_ONLY_OR_UNRESOLVED""]"	"[""R16A-SUBGRAPH-95D4380E9A37906AD091""]"	"[""R16A-PAIR:5841a12151ac0ce714f0b8e279e939bed009b3f2be71086cde6033cbbd11b4ea"",""R16A-PAIR:db9e8b1d1d7e17983872e3600cd1a3ce5ae7f3c907ae70bdeafcbd0b2c6a0460"",""R16A-PAIR:e153332b67669fdaa24f256bfcf61135e56eb2894e48481afc71ae4327c81422""]"	VALID	LINEAR_PATH	INQUIRY	FAMILY_FINAL_DISPOSITION:INQUIRY_ONLY_OR_UNRESOLVED	false	false	false	false	Preserve the exact prior VALID/INVALID attempt while applying the independently derived semantic outcome; never equate topology validity with group support.	1974a63913bb506a8b102790aec326b1956572027e91f05171d5e2e354a237bf
468105499c7be102deec7d6555aced688dea9901	5419770959bdb8998b693fb2275b47e29b92367c	ROUND16A_TOPOLOGY_ENUMERATION_RESULT	R16A-SUBGRAPH-95D4380E9A37906AD091|QUALIFIED_PATH	docs/audits/v49-exploration-full-space-closure-round1/raw/composition-enumeration-v2.tsv	75efbe8f0e5d18d431b1e525900da6eb30ff6abe1a97d407058e637680ada2cd	238	8bff1378015ed1fbf97a8e0f15465619d1c4b92d0e873d89114d823888bd9c93	89817e7a449f1cc7b574fb1b89c9541f765e52825c5cb62bf0a2bb833e8f970a	"[""R16B-SENSE:4e14e64610176c44c8a9775fba3a7d484b4eee0fb06ee9553c17675cb7f0b634"",""R16B-SENSE:f0e28e13851d04c13b701f53d9b3911cb50fc572cc6203c64527804f0b37e909"",""R16B-SENSE:f26224717160ca63c45ca85fe7c23e1469baa3e10672a68beafb13d195d0915d"",""R16B-SENSE:fa3369a6eb4bebe96ee289987f963e539b8da9c27ea0f454e8a24b6bddf9306f""]"	"[""R16B-LOCAL-FAMILY:89817e7a449f1cc7b574fb1b89c9541f765e52825c5cb62bf0a2bb833e8f970a""]"	"[""INQUIRY_ONLY_OR_UNRESOLVED""]"	"[""R16A-SUBGRAPH-95D4380E9A37906AD091""]"	"[""R16A-PAIR:5841a12151ac0ce714f0b8e279e939bed009b3f2be71086cde6033cbbd11b4ea"",""R16A-PAIR:db9e8b1d1d7e17983872e3600cd1a3ce5ae7f3c907ae70bdeafcbd0b2c6a0460"",""R16A-PAIR:e153332b67669fdaa24f256bfcf61135e56eb2894e48481afc71ae4327c81422""]"	INVALID	QUALIFIED_PATH	INQUIRY	FAMILY_FINAL_DISPOSITION:INQUIRY_ONLY_OR_UNRESOLVED	false	false	false	false	Preserve the exact prior VALID/INVALID attempt while applying the independently derived semantic outcome; never equate topology validity with group support.	239290319b7ea5416919b6827f0f17cbb909165deb0fb8e5dd87223f16b4d317
468105499c7be102deec7d6555aced688dea9901	5419770959bdb8998b693fb2275b47e29b92367c	ROUND16A_TOPOLOGY_ENUMERATION_RESULT	R16A-SUBGRAPH-95D4380E9A37906AD091|REFLEXIVE_RETURN	docs/audits/v49-exploration-full-space-closure-round1/raw/composition-enumeration-v2.tsv	75efbe8f0e5d18d431b1e525900da6eb30ff6abe1a97d407058e637680ada2cd	239	e809ddf51c9291c13687c9b1998444924f3ae4edc13dac0c66346749c238c1aa	89817e7a449f1cc7b574fb1b89c9541f765e52825c5cb62bf0a2bb833e8f970a	"[""R16B-SENSE:4e14e64610176c44c8a9775fba3a7d484b4eee0fb06ee9553c17675cb7f0b634"",""R16B-SENSE:f0e28e13851d04c13b701f53d9b3911cb50fc572cc6203c64527804f0b37e909"",""R16B-SENSE:f26224717160ca63c45ca85fe7c23e1469baa3e10672a68beafb13d195d0915d"",""R16B-SENSE:fa3369a6eb4bebe96ee289987f963e539b8da9c27ea0f454e8a24b6bddf9306f""]"	"[""R16B-LOCAL-FAMILY:89817e7a449f1cc7b574fb1b89c9541f765e52825c5cb62bf0a2bb833e8f970a""]"	"[""INQUIRY_ONLY_OR_UNRESOLVED""]"	"[""R16A-SUBGRAPH-95D4380E9A37906AD091""]"	"[""R16A-PAIR:5841a12151ac0ce714f0b8e279e939bed009b3f2be71086cde6033cbbd11b4ea"",""R16A-PAIR:db9e8b1d1d7e17983872e3600cd1a3ce5ae7f3c907ae70bdeafcbd0b2c6a0460"",""R16A-PAIR:e153332b67669fdaa24f256bfcf61135e56eb2894e48481afc71ae4327c81422""]"	INVALID	REFLEXIVE_RETURN	INQUIRY	FAMILY_FINAL_DISPOSITION:INQUIRY_ONLY_OR_UNRESOLVED	false	false	false	false	Preserve the exact prior VALID/INVALID attempt while applying the independently derived semantic outcome; never equate topology validity with group support.	a53da8cd6b2f2e870b77d76666fe1bc06e9a867c9842678552a02576afe0a5dc
468105499c7be102deec7d6555aced688dea9901	5419770959bdb8998b693fb2275b47e29b92367c	ROUND16A_TOPOLOGY_ENUMERATION_RESULT	R16A-SUBGRAPH-A16E84162E109BC20A70|BINARY_CONVERGENCE	docs/audits/v49-exploration-full-space-closure-round1/raw/composition-enumeration-v2.tsv	75efbe8f0e5d18d431b1e525900da6eb30ff6abe1a97d407058e637680ada2cd	243	2e0058711fb07d48f872bdf4a3c026e16887af3cec18ab0a1bef8a8a5e66751b	15f5757830dfe043fb27e73c28ff3bfd902aaa9c938ab254fda8682d359a7249	"[""R16B-SENSE:6672e4d46dd04d497061cde0fb1319f2795e43fafb72f047ac8a663d5c0dabfb"",""R16B-SENSE:9f5a38a6fb1ca9212921419af18b59d535ee2f944c89ce002dfa6db54090b9c8"",""R16B-SENSE:aaba242b61f07fc7756aa5d54b3d132896c230e138451ec96ac3b40b8c2c3ec3""]"	"[""R16B-LOCAL-FAMILY:15f5757830dfe043fb27e73c28ff3bfd902aaa9c938ab254fda8682d359a7249""]"	"[""PAIRWISE_SUPPORT_WITHOUT_GROUP_COHERENCE""]"	"[""R16A-SUBGRAPH-A16E84162E109BC20A70""]"	"[""R16A-PAIR:09108fb32fbc17acaa1205d07d048a5e74371e81f8c5919a24f86af4ddc3d677"",""R16A-PAIR:9d6b149f9ea2e617d5b45153c18bed1eeff22bd4c979cc8d6767b8c213e4d419""]"	VALID	BINARY_CONVERGENCE	CORRECTED	FAMILY_FINAL_DISPOSITION:PAIRWISE_SUPPORT_WITHOUT_GROUP_COHERENCE	false	false	false	false	Preserve the exact prior VALID/INVALID attempt while applying the independently derived semantic outcome; never equate topology validity with group support.	c60ec76f8c4b0457fbd8396ad4046085b5f546759c33bb21555ded68b318ea02
468105499c7be102deec7d6555aced688dea9901	5419770959bdb8998b693fb2275b47e29b92367c	ROUND16A_TOPOLOGY_ENUMERATION_RESULT	R16A-SUBGRAPH-A16E84162E109BC20A70|BINARY_FORK	docs/audits/v49-exploration-full-space-closure-round1/raw/composition-enumeration-v2.tsv	75efbe8f0e5d18d431b1e525900da6eb30ff6abe1a97d407058e637680ada2cd	242	34687b18f1d5d8632a89f43c1c6714f73b021ed4120fc9c428c6b3009bccfff2	15f5757830dfe043fb27e73c28ff3bfd902aaa9c938ab254fda8682d359a7249	"[""R16B-SENSE:6672e4d46dd04d497061cde0fb1319f2795e43fafb72f047ac8a663d5c0dabfb"",""R16B-SENSE:9f5a38a6fb1ca9212921419af18b59d535ee2f944c89ce002dfa6db54090b9c8"",""R16B-SENSE:aaba242b61f07fc7756aa5d54b3d132896c230e138451ec96ac3b40b8c2c3ec3""]"	"[""R16B-LOCAL-FAMILY:15f5757830dfe043fb27e73c28ff3bfd902aaa9c938ab254fda8682d359a7249""]"	"[""PAIRWISE_SUPPORT_WITHOUT_GROUP_COHERENCE""]"	"[""R16A-SUBGRAPH-A16E84162E109BC20A70""]"	"[""R16A-PAIR:09108fb32fbc17acaa1205d07d048a5e74371e81f8c5919a24f86af4ddc3d677"",""R16A-PAIR:9d6b149f9ea2e617d5b45153c18bed1eeff22bd4c979cc8d6767b8c213e4d419""]"	VALID	BINARY_FORK	CORRECTED	FAMILY_FINAL_DISPOSITION:PAIRWISE_SUPPORT_WITHOUT_GROUP_COHERENCE	false	false	false	false	Preserve the exact prior VALID/INVALID attempt while applying the independently derived semantic outcome; never equate topology validity with group support.	f7664780bf93a98e8c43cb6c71e51db7072a0d9b1179b9eabc66b5a01cab3b5d
468105499c7be102deec7d6555aced688dea9901	5419770959bdb8998b693fb2275b47e29b92367c	ROUND16A_TOPOLOGY_ENUMERATION_RESULT	R16A-SUBGRAPH-A16E84162E109BC20A70|EVIDENCE_GAP_TREE	docs/audits/v49-exploration-full-space-closure-round1/raw/composition-enumeration-v2.tsv	75efbe8f0e5d18d431b1e525900da6eb30ff6abe1a97d407058e637680ada2cd	246	abd239a09b79cb271a241606745b09643a8fd971551de6e8e6a2228c397fc18c	15f5757830dfe043fb27e73c28ff3bfd902aaa9c938ab254fda8682d359a7249	"[""R16B-SENSE:6672e4d46dd04d497061cde0fb1319f2795e43fafb72f047ac8a663d5c0dabfb"",""R16B-SENSE:9f5a38a6fb1ca9212921419af18b59d535ee2f944c89ce002dfa6db54090b9c8"",""R16B-SENSE:aaba242b61f07fc7756aa5d54b3d132896c230e138451ec96ac3b40b8c2c3ec3""]"	"[""R16B-LOCAL-FAMILY:15f5757830dfe043fb27e73c28ff3bfd902aaa9c938ab254fda8682d359a7249""]"	"[""PAIRWISE_SUPPORT_WITHOUT_GROUP_COHERENCE""]"	"[""R16A-SUBGRAPH-A16E84162E109BC20A70""]"	"[""R16A-PAIR:09108fb32fbc17acaa1205d07d048a5e74371e81f8c5919a24f86af4ddc3d677"",""R16A-PAIR:9d6b149f9ea2e617d5b45153c18bed1eeff22bd4c979cc8d6767b8c213e4d419""]"	INVALID	EVIDENCE_GAP_TREE	CORRECTED	FAMILY_FINAL_DISPOSITION:PAIRWISE_SUPPORT_WITHOUT_GROUP_COHERENCE	false	false	false	false	Preserve the exact prior VALID/INVALID attempt while applying the independently derived semantic outcome; never equate topology validity with group support.	7ec0aa97a45fff08f69c8a9762203abca45e1a91a8800725a3914d250256cdff
468105499c7be102deec7d6555aced688dea9901	5419770959bdb8998b693fb2275b47e29b92367c	ROUND16A_TOPOLOGY_ENUMERATION_RESULT	R16A-SUBGRAPH-A16E84162E109BC20A70|LINEAR_PATH	docs/audits/v49-exploration-full-space-closure-round1/raw/composition-enumeration-v2.tsv	75efbe8f0e5d18d431b1e525900da6eb30ff6abe1a97d407058e637680ada2cd	241	111ff9425b4d57dfdebc599e3e2e6a9f51949fa75b029dcc5cae63fc392118bb	15f5757830dfe043fb27e73c28ff3bfd902aaa9c938ab254fda8682d359a7249	"[""R16B-SENSE:6672e4d46dd04d497061cde0fb1319f2795e43fafb72f047ac8a663d5c0dabfb"",""R16B-SENSE:9f5a38a6fb1ca9212921419af18b59d535ee2f944c89ce002dfa6db54090b9c8"",""R16B-SENSE:aaba242b61f07fc7756aa5d54b3d132896c230e138451ec96ac3b40b8c2c3ec3""]"	"[""R16B-LOCAL-FAMILY:15f5757830dfe043fb27e73c28ff3bfd902aaa9c938ab254fda8682d359a7249""]"	"[""PAIRWISE_SUPPORT_WITHOUT_GROUP_COHERENCE""]"	"[""R16A-SUBGRAPH-A16E84162E109BC20A70""]"	"[""R16A-PAIR:09108fb32fbc17acaa1205d07d048a5e74371e81f8c5919a24f86af4ddc3d677"",""R16A-PAIR:9d6b149f9ea2e617d5b45153c18bed1eeff22bd4c979cc8d6767b8c213e4d419""]"	VALID	LINEAR_PATH	CORRECTED	FAMILY_FINAL_DISPOSITION:PAIRWISE_SUPPORT_WITHOUT_GROUP_COHERENCE	false	false	false	false	Preserve the exact prior VALID/INVALID attempt while applying the independently derived semantic outcome; never equate topology validity with group support.	f93e6a589eed645e59ce0f0a7af65b794d99825fe6f83024d2a4d1c8b5ef029a
468105499c7be102deec7d6555aced688dea9901	5419770959bdb8998b693fb2275b47e29b92367c	ROUND16A_TOPOLOGY_ENUMERATION_RESULT	R16A-SUBGRAPH-A16E84162E109BC20A70|QUALIFIED_PATH	docs/audits/v49-exploration-full-space-closure-round1/raw/composition-enumeration-v2.tsv	75efbe8f0e5d18d431b1e525900da6eb30ff6abe1a97d407058e637680ada2cd	244	a62b00fb82203c1b5983ad4a8a987321938a4cbcbe014b17cf3ee49fc07ba83b	15f5757830dfe043fb27e73c28ff3bfd902aaa9c938ab254fda8682d359a7249	"[""R16B-SENSE:6672e4d46dd04d497061cde0fb1319f2795e43fafb72f047ac8a663d5c0dabfb"",""R16B-SENSE:9f5a38a6fb1ca9212921419af18b59d535ee2f944c89ce002dfa6db54090b9c8"",""R16B-SENSE:aaba242b61f07fc7756aa5d54b3d132896c230e138451ec96ac3b40b8c2c3ec3""]"	"[""R16B-LOCAL-FAMILY:15f5757830dfe043fb27e73c28ff3bfd902aaa9c938ab254fda8682d359a7249""]"	"[""PAIRWISE_SUPPORT_WITHOUT_GROUP_COHERENCE""]"	"[""R16A-SUBGRAPH-A16E84162E109BC20A70""]"	"[""R16A-PAIR:09108fb32fbc17acaa1205d07d048a5e74371e81f8c5919a24f86af4ddc3d677"",""R16A-PAIR:9d6b149f9ea2e617d5b45153c18bed1eeff22bd4c979cc8d6767b8c213e4d419""]"	INVALID	QUALIFIED_PATH	CORRECTED	FAMILY_FINAL_DISPOSITION:PAIRWISE_SUPPORT_WITHOUT_GROUP_COHERENCE	false	false	false	false	Preserve the exact prior VALID/INVALID attempt while applying the independently derived semantic outcome; never equate topology validity with group support.	064be9562c5cea355809480cb48db8512ac04256873209027a689cfa13cc8a5d
468105499c7be102deec7d6555aced688dea9901	5419770959bdb8998b693fb2275b47e29b92367c	ROUND16A_TOPOLOGY_ENUMERATION_RESULT	R16A-SUBGRAPH-A16E84162E109BC20A70|REFLEXIVE_RETURN	docs/audits/v49-exploration-full-space-closure-round1/raw/composition-enumeration-v2.tsv	75efbe8f0e5d18d431b1e525900da6eb30ff6abe1a97d407058e637680ada2cd	245	66fd5577342c4b97486be9d54b10bb75e97495f2a2f8274bad7fa7415e5aa833	15f5757830dfe043fb27e73c28ff3bfd902aaa9c938ab254fda8682d359a7249	"[""R16B-SENSE:6672e4d46dd04d497061cde0fb1319f2795e43fafb72f047ac8a663d5c0dabfb"",""R16B-SENSE:9f5a38a6fb1ca9212921419af18b59d535ee2f944c89ce002dfa6db54090b9c8"",""R16B-SENSE:aaba242b61f07fc7756aa5d54b3d132896c230e138451ec96ac3b40b8c2c3ec3""]"	"[""R16B-LOCAL-FAMILY:15f5757830dfe043fb27e73c28ff3bfd902aaa9c938ab254fda8682d359a7249""]"	"[""PAIRWISE_SUPPORT_WITHOUT_GROUP_COHERENCE""]"	"[""R16A-SUBGRAPH-A16E84162E109BC20A70""]"	"[""R16A-PAIR:09108fb32fbc17acaa1205d07d048a5e74371e81f8c5919a24f86af4ddc3d677"",""R16A-PAIR:9d6b149f9ea2e617d5b45153c18bed1eeff22bd4c979cc8d6767b8c213e4d419""]"	INVALID	REFLEXIVE_RETURN	CORRECTED	FAMILY_FINAL_DISPOSITION:PAIRWISE_SUPPORT_WITHOUT_GROUP_COHERENCE	false	false	false	false	Preserve the exact prior VALID/INVALID attempt while applying the independently derived semantic outcome; never equate topology validity with group support.	7a57f5a86cd138dbf1f65ae2d62e94dee97e00baf98cf6fdae6e6c78dd979fc9
468105499c7be102deec7d6555aced688dea9901	5419770959bdb8998b693fb2275b47e29b92367c	ROUND16A_TOPOLOGY_ENUMERATION_RESULT	R16A-SUBGRAPH-AF507B7EF5B9F89FC7CE|BINARY_CONVERGENCE	docs/audits/v49-exploration-full-space-closure-round1/raw/composition-enumeration-v2.tsv	75efbe8f0e5d18d431b1e525900da6eb30ff6abe1a97d407058e637680ada2cd	249	dfd4dfe77a8579811e4fef7cba13c4b10845a67235c93171b743cef98cdbe330	23b72032e8165ac9f164a43ac0e1932f2fe4354f1b89f62d67ebe7d497de7af1	"[""R16B-SENSE:4e14e64610176c44c8a9775fba3a7d484b4eee0fb06ee9553c17675cb7f0b634"",""R16B-SENSE:f26224717160ca63c45ca85fe7c23e1469baa3e10672a68beafb13d195d0915d"",""R16B-SENSE:fa3369a6eb4bebe96ee289987f963e539b8da9c27ea0f454e8a24b6bddf9306f""]"	"[""R16B-LOCAL-FAMILY:23b72032e8165ac9f164a43ac0e1932f2fe4354f1b89f62d67ebe7d497de7af1""]"	"[""PAIRWISE_SUPPORT_WITHOUT_GROUP_COHERENCE""]"	"[""R16A-SUBGRAPH-AF507B7EF5B9F89FC7CE""]"	"[""R16A-PAIR:5841a12151ac0ce714f0b8e279e939bed009b3f2be71086cde6033cbbd11b4ea"",""R16A-PAIR:db9e8b1d1d7e17983872e3600cd1a3ce5ae7f3c907ae70bdeafcbd0b2c6a0460""]"	VALID	BINARY_CONVERGENCE	CORRECTED	FAMILY_FINAL_DISPOSITION:PAIRWISE_SUPPORT_WITHOUT_GROUP_COHERENCE	false	false	false	false	Preserve the exact prior VALID/INVALID attempt while applying the independently derived semantic outcome; never equate topology validity with group support.	1a4f01c2af10b9114a34b00ee199919da22df9075097c0dd0f81b4d0051fccbb
468105499c7be102deec7d6555aced688dea9901	5419770959bdb8998b693fb2275b47e29b92367c	ROUND16A_TOPOLOGY_ENUMERATION_RESULT	R16A-SUBGRAPH-AF507B7EF5B9F89FC7CE|BINARY_FORK	docs/audits/v49-exploration-full-space-closure-round1/raw/composition-enumeration-v2.tsv	75efbe8f0e5d18d431b1e525900da6eb30ff6abe1a97d407058e637680ada2cd	248	3f32e20602c11a66485144e25e397b386ca6b8e6480142472e9e5bab9d77d33a	23b72032e8165ac9f164a43ac0e1932f2fe4354f1b89f62d67ebe7d497de7af1	"[""R16B-SENSE:4e14e64610176c44c8a9775fba3a7d484b4eee0fb06ee9553c17675cb7f0b634"",""R16B-SENSE:f26224717160ca63c45ca85fe7c23e1469baa3e10672a68beafb13d195d0915d"",""R16B-SENSE:fa3369a6eb4bebe96ee289987f963e539b8da9c27ea0f454e8a24b6bddf9306f""]"	"[""R16B-LOCAL-FAMILY:23b72032e8165ac9f164a43ac0e1932f2fe4354f1b89f62d67ebe7d497de7af1""]"	"[""PAIRWISE_SUPPORT_WITHOUT_GROUP_COHERENCE""]"	"[""R16A-SUBGRAPH-AF507B7EF5B9F89FC7CE""]"	"[""R16A-PAIR:5841a12151ac0ce714f0b8e279e939bed009b3f2be71086cde6033cbbd11b4ea"",""R16A-PAIR:db9e8b1d1d7e17983872e3600cd1a3ce5ae7f3c907ae70bdeafcbd0b2c6a0460""]"	VALID	BINARY_FORK	CORRECTED	FAMILY_FINAL_DISPOSITION:PAIRWISE_SUPPORT_WITHOUT_GROUP_COHERENCE	false	false	false	false	Preserve the exact prior VALID/INVALID attempt while applying the independently derived semantic outcome; never equate topology validity with group support.	3b8b71f4c383a38ae54ce19edc839e5a5e47bc3737f1b333ce4c75a0650c5bb2
468105499c7be102deec7d6555aced688dea9901	5419770959bdb8998b693fb2275b47e29b92367c	ROUND16A_TOPOLOGY_ENUMERATION_RESULT	R16A-SUBGRAPH-AF507B7EF5B9F89FC7CE|EVIDENCE_GAP_TREE	docs/audits/v49-exploration-full-space-closure-round1/raw/composition-enumeration-v2.tsv	75efbe8f0e5d18d431b1e525900da6eb30ff6abe1a97d407058e637680ada2cd	252	1bc415bc764f4d90ec3c801caecedde91dedacdd34f1707ccd8cebc255a14cec	23b72032e8165ac9f164a43ac0e1932f2fe4354f1b89f62d67ebe7d497de7af1	"[""R16B-SENSE:4e14e64610176c44c8a9775fba3a7d484b4eee0fb06ee9553c17675cb7f0b634"",""R16B-SENSE:f26224717160ca63c45ca85fe7c23e1469baa3e10672a68beafb13d195d0915d"",""R16B-SENSE:fa3369a6eb4bebe96ee289987f963e539b8da9c27ea0f454e8a24b6bddf9306f""]"	"[""R16B-LOCAL-FAMILY:23b72032e8165ac9f164a43ac0e1932f2fe4354f1b89f62d67ebe7d497de7af1""]"	"[""PAIRWISE_SUPPORT_WITHOUT_GROUP_COHERENCE""]"	"[""R16A-SUBGRAPH-AF507B7EF5B9F89FC7CE""]"	"[""R16A-PAIR:5841a12151ac0ce714f0b8e279e939bed009b3f2be71086cde6033cbbd11b4ea"",""R16A-PAIR:db9e8b1d1d7e17983872e3600cd1a3ce5ae7f3c907ae70bdeafcbd0b2c6a0460""]"	INVALID	EVIDENCE_GAP_TREE	CORRECTED	FAMILY_FINAL_DISPOSITION:PAIRWISE_SUPPORT_WITHOUT_GROUP_COHERENCE	false	false	false	false	Preserve the exact prior VALID/INVALID attempt while applying the independently derived semantic outcome; never equate topology validity with group support.	680fc2cd1df61c4dabbee953c2bd9fb4640a411013b46d16cc2d9cdb146099d4
468105499c7be102deec7d6555aced688dea9901	5419770959bdb8998b693fb2275b47e29b92367c	ROUND16A_TOPOLOGY_ENUMERATION_RESULT	R16A-SUBGRAPH-AF507B7EF5B9F89FC7CE|LINEAR_PATH	docs/audits/v49-exploration-full-space-closure-round1/raw/composition-enumeration-v2.tsv	75efbe8f0e5d18d431b1e525900da6eb30ff6abe1a97d407058e637680ada2cd	247	e55c399e257497255989cffb9f2648848b8e406153eb9a2582b8e5be55e5afad	23b72032e8165ac9f164a43ac0e1932f2fe4354f1b89f62d67ebe7d497de7af1	"[""R16B-SENSE:4e14e64610176c44c8a9775fba3a7d484b4eee0fb06ee9553c17675cb7f0b634"",""R16B-SENSE:f26224717160ca63c45ca85fe7c23e1469baa3e10672a68beafb13d195d0915d"",""R16B-SENSE:fa3369a6eb4bebe96ee289987f963e539b8da9c27ea0f454e8a24b6bddf9306f""]"	"[""R16B-LOCAL-FAMILY:23b72032e8165ac9f164a43ac0e1932f2fe4354f1b89f62d67ebe7d497de7af1""]"	"[""PAIRWISE_SUPPORT_WITHOUT_GROUP_COHERENCE""]"	"[""R16A-SUBGRAPH-AF507B7EF5B9F89FC7CE""]"	"[""R16A-PAIR:5841a12151ac0ce714f0b8e279e939bed009b3f2be71086cde6033cbbd11b4ea"",""R16A-PAIR:db9e8b1d1d7e17983872e3600cd1a3ce5ae7f3c907ae70bdeafcbd0b2c6a0460""]"	VALID	LINEAR_PATH	CORRECTED	FAMILY_FINAL_DISPOSITION:PAIRWISE_SUPPORT_WITHOUT_GROUP_COHERENCE	false	false	false	false	Preserve the exact prior VALID/INVALID attempt while applying the independently derived semantic outcome; never equate topology validity with group support.	9f7a7ce7cac6f8e229171735a2672110c78a43cb97f516f0c0d2572cf896d501
468105499c7be102deec7d6555aced688dea9901	5419770959bdb8998b693fb2275b47e29b92367c	ROUND16A_TOPOLOGY_ENUMERATION_RESULT	R16A-SUBGRAPH-AF507B7EF5B9F89FC7CE|QUALIFIED_PATH	docs/audits/v49-exploration-full-space-closure-round1/raw/composition-enumeration-v2.tsv	75efbe8f0e5d18d431b1e525900da6eb30ff6abe1a97d407058e637680ada2cd	250	a83bf897095150735418d2668abdb447d1c1dbba3dc5e77c310157d041eb53e6	23b72032e8165ac9f164a43ac0e1932f2fe4354f1b89f62d67ebe7d497de7af1	"[""R16B-SENSE:4e14e64610176c44c8a9775fba3a7d484b4eee0fb06ee9553c17675cb7f0b634"",""R16B-SENSE:f26224717160ca63c45ca85fe7c23e1469baa3e10672a68beafb13d195d0915d"",""R16B-SENSE:fa3369a6eb4bebe96ee289987f963e539b8da9c27ea0f454e8a24b6bddf9306f""]"	"[""R16B-LOCAL-FAMILY:23b72032e8165ac9f164a43ac0e1932f2fe4354f1b89f62d67ebe7d497de7af1""]"	"[""PAIRWISE_SUPPORT_WITHOUT_GROUP_COHERENCE""]"	"[""R16A-SUBGRAPH-AF507B7EF5B9F89FC7CE""]"	"[""R16A-PAIR:5841a12151ac0ce714f0b8e279e939bed009b3f2be71086cde6033cbbd11b4ea"",""R16A-PAIR:db9e8b1d1d7e17983872e3600cd1a3ce5ae7f3c907ae70bdeafcbd0b2c6a0460""]"	INVALID	QUALIFIED_PATH	CORRECTED	FAMILY_FINAL_DISPOSITION:PAIRWISE_SUPPORT_WITHOUT_GROUP_COHERENCE	false	false	false	false	Preserve the exact prior VALID/INVALID attempt while applying the independently derived semantic outcome; never equate topology validity with group support.	182e7f8a06b9982f575e75d269d4b0e63016b23087ddc82aad8ff3c678793f30
468105499c7be102deec7d6555aced688dea9901	5419770959bdb8998b693fb2275b47e29b92367c	ROUND16A_TOPOLOGY_ENUMERATION_RESULT	R16A-SUBGRAPH-AF507B7EF5B9F89FC7CE|REFLEXIVE_RETURN	docs/audits/v49-exploration-full-space-closure-round1/raw/composition-enumeration-v2.tsv	75efbe8f0e5d18d431b1e525900da6eb30ff6abe1a97d407058e637680ada2cd	251	4a95349cb114f91690396dee9a91de0e9ab35f48d74d0adcabe4950f6687f8f2	23b72032e8165ac9f164a43ac0e1932f2fe4354f1b89f62d67ebe7d497de7af1	"[""R16B-SENSE:4e14e64610176c44c8a9775fba3a7d484b4eee0fb06ee9553c17675cb7f0b634"",""R16B-SENSE:f26224717160ca63c45ca85fe7c23e1469baa3e10672a68beafb13d195d0915d"",""R16B-SENSE:fa3369a6eb4bebe96ee289987f963e539b8da9c27ea0f454e8a24b6bddf9306f""]"	"[""R16B-LOCAL-FAMILY:23b72032e8165ac9f164a43ac0e1932f2fe4354f1b89f62d67ebe7d497de7af1""]"	"[""PAIRWISE_SUPPORT_WITHOUT_GROUP_COHERENCE""]"	"[""R16A-SUBGRAPH-AF507B7EF5B9F89FC7CE""]"	"[""R16A-PAIR:5841a12151ac0ce714f0b8e279e939bed009b3f2be71086cde6033cbbd11b4ea"",""R16A-PAIR:db9e8b1d1d7e17983872e3600cd1a3ce5ae7f3c907ae70bdeafcbd0b2c6a0460""]"	INVALID	REFLEXIVE_RETURN	CORRECTED	FAMILY_FINAL_DISPOSITION:PAIRWISE_SUPPORT_WITHOUT_GROUP_COHERENCE	false	false	false	false	Preserve the exact prior VALID/INVALID attempt while applying the independently derived semantic outcome; never equate topology validity with group support.	d22dba4446d06cf0534178135747e00b3d13a21c75b9af68c91430c19c576eb4
468105499c7be102deec7d6555aced688dea9901	5419770959bdb8998b693fb2275b47e29b92367c	ROUND16A_TOPOLOGY_ENUMERATION_RESULT	R16A-SUBGRAPH-B095D655C9303D8A92E8|BINARY_CONVERGENCE	docs/audits/v49-exploration-full-space-closure-round1/raw/composition-enumeration-v2.tsv	75efbe8f0e5d18d431b1e525900da6eb30ff6abe1a97d407058e637680ada2cd	255	5b825cc5ebd99c9508f9df5a4a206de3943863781fd5cfeea1703fce2fb70b78	ff6645755eade29ecd324141ecfe3446b328eeb144cc749608a6e20253e97edb	"[""R16B-SENSE:6672e4d46dd04d497061cde0fb1319f2795e43fafb72f047ac8a663d5c0dabfb"",""R16B-SENSE:9f5a38a6fb1ca9212921419af18b59d535ee2f944c89ce002dfa6db54090b9c8""]"	[]	[]	"[""R16A-SUBGRAPH-B095D655C9303D8A92E8""]"	"[""R16A-PAIR:09108fb32fbc17acaa1205d07d048a5e74371e81f8c5919a24f86af4ddc3d677""]"	INVALID	BINARY_CONVERGENCE	RETAINED	ROUND16A_ACTIVE_PAIR_BASELINE_NO_GROUP_CLAIM	false	false	false	false	Preserve the exact prior VALID/INVALID attempt while applying the independently derived semantic outcome; never equate topology validity with group support.	0043247a0e39fbaefff2b53e1265453cb795978418093dc9f5aacd71e455e696
468105499c7be102deec7d6555aced688dea9901	5419770959bdb8998b693fb2275b47e29b92367c	ROUND16A_TOPOLOGY_ENUMERATION_RESULT	R16A-SUBGRAPH-B095D655C9303D8A92E8|BINARY_FORK	docs/audits/v49-exploration-full-space-closure-round1/raw/composition-enumeration-v2.tsv	75efbe8f0e5d18d431b1e525900da6eb30ff6abe1a97d407058e637680ada2cd	254	dcf1ee30e910d129b9d46545e1b0bc3544a16d02e497d8a69afec1b14562ac2e	ff6645755eade29ecd324141ecfe3446b328eeb144cc749608a6e20253e97edb	"[""R16B-SENSE:6672e4d46dd04d497061cde0fb1319f2795e43fafb72f047ac8a663d5c0dabfb"",""R16B-SENSE:9f5a38a6fb1ca9212921419af18b59d535ee2f944c89ce002dfa6db54090b9c8""]"	[]	[]	"[""R16A-SUBGRAPH-B095D655C9303D8A92E8""]"	"[""R16A-PAIR:09108fb32fbc17acaa1205d07d048a5e74371e81f8c5919a24f86af4ddc3d677""]"	INVALID	BINARY_FORK	RETAINED	ROUND16A_ACTIVE_PAIR_BASELINE_NO_GROUP_CLAIM	false	false	false	false	Preserve the exact prior VALID/INVALID attempt while applying the independently derived semantic outcome; never equate topology validity with group support.	59ee535c1bdf7c0879a3314298b99d348c3e52981978cddd63e248f932a0f5a4
468105499c7be102deec7d6555aced688dea9901	5419770959bdb8998b693fb2275b47e29b92367c	ROUND16A_TOPOLOGY_ENUMERATION_RESULT	R16A-SUBGRAPH-B095D655C9303D8A92E8|EVIDENCE_GAP_TREE	docs/audits/v49-exploration-full-space-closure-round1/raw/composition-enumeration-v2.tsv	75efbe8f0e5d18d431b1e525900da6eb30ff6abe1a97d407058e637680ada2cd	258	f8af7d8da5593e48f88c16969360f440a2b788e9c3975e2131d3949f8a5abad0	ff6645755eade29ecd324141ecfe3446b328eeb144cc749608a6e20253e97edb	"[""R16B-SENSE:6672e4d46dd04d497061cde0fb1319f2795e43fafb72f047ac8a663d5c0dabfb"",""R16B-SENSE:9f5a38a6fb1ca9212921419af18b59d535ee2f944c89ce002dfa6db54090b9c8""]"	[]	[]	"[""R16A-SUBGRAPH-B095D655C9303D8A92E8""]"	"[""R16A-PAIR:09108fb32fbc17acaa1205d07d048a5e74371e81f8c5919a24f86af4ddc3d677""]"	INVALID	EVIDENCE_GAP_TREE	RETAINED	ROUND16A_ACTIVE_PAIR_BASELINE_NO_GROUP_CLAIM	false	false	false	false	Preserve the exact prior VALID/INVALID attempt while applying the independently derived semantic outcome; never equate topology validity with group support.	79e83754120a9ce52926685b5fe020dd94958e817ef8145b0114370a36fef37b
468105499c7be102deec7d6555aced688dea9901	5419770959bdb8998b693fb2275b47e29b92367c	ROUND16A_TOPOLOGY_ENUMERATION_RESULT	R16A-SUBGRAPH-B095D655C9303D8A92E8|LINEAR_PATH	docs/audits/v49-exploration-full-space-closure-round1/raw/composition-enumeration-v2.tsv	75efbe8f0e5d18d431b1e525900da6eb30ff6abe1a97d407058e637680ada2cd	253	9649e40fdf364f47c0ef6d47aa7c835590005314f8bfa6d2ebd0b6b8c64f0a98	ff6645755eade29ecd324141ecfe3446b328eeb144cc749608a6e20253e97edb	"[""R16B-SENSE:6672e4d46dd04d497061cde0fb1319f2795e43fafb72f047ac8a663d5c0dabfb"",""R16B-SENSE:9f5a38a6fb1ca9212921419af18b59d535ee2f944c89ce002dfa6db54090b9c8""]"	[]	[]	"[""R16A-SUBGRAPH-B095D655C9303D8A92E8""]"	"[""R16A-PAIR:09108fb32fbc17acaa1205d07d048a5e74371e81f8c5919a24f86af4ddc3d677""]"	VALID	LINEAR_PATH	RETAINED	ROUND16A_ACTIVE_PAIR_BASELINE_NO_GROUP_CLAIM	false	false	false	false	Preserve the exact prior VALID/INVALID attempt while applying the independently derived semantic outcome; never equate topology validity with group support.	d9df71612ee924d1a7afaee0c4112b0364fe40fd73cf76944cbdb14927fe06ba
468105499c7be102deec7d6555aced688dea9901	5419770959bdb8998b693fb2275b47e29b92367c	ROUND16A_TOPOLOGY_ENUMERATION_RESULT	R16A-SUBGRAPH-B095D655C9303D8A92E8|QUALIFIED_PATH	docs/audits/v49-exploration-full-space-closure-round1/raw/composition-enumeration-v2.tsv	75efbe8f0e5d18d431b1e525900da6eb30ff6abe1a97d407058e637680ada2cd	256	b0266e2fce7afc0691a5f9a5c9ef2545a17611e3137ea00992fa887907ff7f06	ff6645755eade29ecd324141ecfe3446b328eeb144cc749608a6e20253e97edb	"[""R16B-SENSE:6672e4d46dd04d497061cde0fb1319f2795e43fafb72f047ac8a663d5c0dabfb"",""R16B-SENSE:9f5a38a6fb1ca9212921419af18b59d535ee2f944c89ce002dfa6db54090b9c8""]"	[]	[]	"[""R16A-SUBGRAPH-B095D655C9303D8A92E8""]"	"[""R16A-PAIR:09108fb32fbc17acaa1205d07d048a5e74371e81f8c5919a24f86af4ddc3d677""]"	INVALID	QUALIFIED_PATH	RETAINED	ROUND16A_ACTIVE_PAIR_BASELINE_NO_GROUP_CLAIM	false	false	false	false	Preserve the exact prior VALID/INVALID attempt while applying the independently derived semantic outcome; never equate topology validity with group support.	ea2c6713f731859d7ff08d54d08c3688c2d46bc85ee6be5a633dd4fd9074b068
468105499c7be102deec7d6555aced688dea9901	5419770959bdb8998b693fb2275b47e29b92367c	ROUND16A_TOPOLOGY_ENUMERATION_RESULT	R16A-SUBGRAPH-B095D655C9303D8A92E8|REFLEXIVE_RETURN	docs/audits/v49-exploration-full-space-closure-round1/raw/composition-enumeration-v2.tsv	75efbe8f0e5d18d431b1e525900da6eb30ff6abe1a97d407058e637680ada2cd	257	d883f50f63c13c379ee199b66055aaa66679d17d287d7e5f4c444c4a9423d354	ff6645755eade29ecd324141ecfe3446b328eeb144cc749608a6e20253e97edb	"[""R16B-SENSE:6672e4d46dd04d497061cde0fb1319f2795e43fafb72f047ac8a663d5c0dabfb"",""R16B-SENSE:9f5a38a6fb1ca9212921419af18b59d535ee2f944c89ce002dfa6db54090b9c8""]"	[]	[]	"[""R16A-SUBGRAPH-B095D655C9303D8A92E8""]"	"[""R16A-PAIR:09108fb32fbc17acaa1205d07d048a5e74371e81f8c5919a24f86af4ddc3d677""]"	INVALID	REFLEXIVE_RETURN	RETAINED	ROUND16A_ACTIVE_PAIR_BASELINE_NO_GROUP_CLAIM	false	false	false	false	Preserve the exact prior VALID/INVALID attempt while applying the independently derived semantic outcome; never equate topology validity with group support.	c306173e85b4580f3c8368e539251769e977816a296869321c08c9c580ce5797
468105499c7be102deec7d6555aced688dea9901	5419770959bdb8998b693fb2275b47e29b92367c	ROUND16A_TOPOLOGY_ENUMERATION_RESULT	R16A-SUBGRAPH-C055B0817F1314E6EE60|BINARY_CONVERGENCE	docs/audits/v49-exploration-full-space-closure-round1/raw/composition-enumeration-v2.tsv	75efbe8f0e5d18d431b1e525900da6eb30ff6abe1a97d407058e637680ada2cd	261	b40d080ba1075226eb24920711892c20ed763b9cf23ca35814418421ff551953	83009b1d124d4635a57866eeffba5e1a1a33e499bd60b30c6346b94ff1a04f8e	"[""R16B-SENSE:698710ef66f0d551cde028b8e54bdbf6051b96902a736be6b9ab45d1ad91f848"",""R16B-SENSE:9415fd18554090ac9dd2dfc28a1ec541d67a94b8421b1cefafa578a03302257d"",""R16B-SENSE:9c499c8b62d5222b0be4049597c613d82925ede87bf34656671a6b1e4e491bc3""]"	"[""R16B-LOCAL-FAMILY:83009b1d124d4635a57866eeffba5e1a1a33e499bd60b30c6346b94ff1a04f8e""]"	"[""BOUNDED_SENSE_OR_SCOPE_CONFLICT""]"	"[""R16A-SUBGRAPH-C055B0817F1314E6EE60""]"	"[""R16A-PAIR:591aa3897c3e0e455ef4bc05b36550f3d010af9e84be8a08c199676025fdeb04"",""R16A-PAIR:c58fe913fc06f2896c1022f7ccc0e9de1b0f7f1121f09c7d18162d40fe764cf9""]"	VALID	BINARY_CONVERGENCE	REJECTED	FAMILY_FINAL_DISPOSITION:BOUNDED_SENSE_OR_SCOPE_CONFLICT	false	false	false	false	Preserve the exact prior VALID/INVALID attempt while applying the independently derived semantic outcome; never equate topology validity with group support.	65d697969bf596277e062d67771e1ca835422a85548393f60e91f60229fe302c
468105499c7be102deec7d6555aced688dea9901	5419770959bdb8998b693fb2275b47e29b92367c	ROUND16A_TOPOLOGY_ENUMERATION_RESULT	R16A-SUBGRAPH-C055B0817F1314E6EE60|BINARY_FORK	docs/audits/v49-exploration-full-space-closure-round1/raw/composition-enumeration-v2.tsv	75efbe8f0e5d18d431b1e525900da6eb30ff6abe1a97d407058e637680ada2cd	260	5292be86fcef82607ecd576aa1b58a8dea5ff39bbf41cc865d1afe81e05385f1	83009b1d124d4635a57866eeffba5e1a1a33e499bd60b30c6346b94ff1a04f8e	"[""R16B-SENSE:698710ef66f0d551cde028b8e54bdbf6051b96902a736be6b9ab45d1ad91f848"",""R16B-SENSE:9415fd18554090ac9dd2dfc28a1ec541d67a94b8421b1cefafa578a03302257d"",""R16B-SENSE:9c499c8b62d5222b0be4049597c613d82925ede87bf34656671a6b1e4e491bc3""]"	"[""R16B-LOCAL-FAMILY:83009b1d124d4635a57866eeffba5e1a1a33e499bd60b30c6346b94ff1a04f8e""]"	"[""BOUNDED_SENSE_OR_SCOPE_CONFLICT""]"	"[""R16A-SUBGRAPH-C055B0817F1314E6EE60""]"	"[""R16A-PAIR:591aa3897c3e0e455ef4bc05b36550f3d010af9e84be8a08c199676025fdeb04"",""R16A-PAIR:c58fe913fc06f2896c1022f7ccc0e9de1b0f7f1121f09c7d18162d40fe764cf9""]"	VALID	BINARY_FORK	REJECTED	FAMILY_FINAL_DISPOSITION:BOUNDED_SENSE_OR_SCOPE_CONFLICT	false	false	false	false	Preserve the exact prior VALID/INVALID attempt while applying the independently derived semantic outcome; never equate topology validity with group support.	3580e28a93e4e74afeabf6b90c407c4e66c9618ddf7fd9c822aad722a31e2eba
468105499c7be102deec7d6555aced688dea9901	5419770959bdb8998b693fb2275b47e29b92367c	ROUND16A_TOPOLOGY_ENUMERATION_RESULT	R16A-SUBGRAPH-C055B0817F1314E6EE60|EVIDENCE_GAP_TREE	docs/audits/v49-exploration-full-space-closure-round1/raw/composition-enumeration-v2.tsv	75efbe8f0e5d18d431b1e525900da6eb30ff6abe1a97d407058e637680ada2cd	264	9a6739cbd3c96835cd0f818749870c3461ec5f8ef8f46fc3f9221d2ed5d2a712	83009b1d124d4635a57866eeffba5e1a1a33e499bd60b30c6346b94ff1a04f8e	"[""R16B-SENSE:698710ef66f0d551cde028b8e54bdbf6051b96902a736be6b9ab45d1ad91f848"",""R16B-SENSE:9415fd18554090ac9dd2dfc28a1ec541d67a94b8421b1cefafa578a03302257d"",""R16B-SENSE:9c499c8b62d5222b0be4049597c613d82925ede87bf34656671a6b1e4e491bc3""]"	"[""R16B-LOCAL-FAMILY:83009b1d124d4635a57866eeffba5e1a1a33e499bd60b30c6346b94ff1a04f8e""]"	"[""BOUNDED_SENSE_OR_SCOPE_CONFLICT""]"	"[""R16A-SUBGRAPH-C055B0817F1314E6EE60""]"	"[""R16A-PAIR:591aa3897c3e0e455ef4bc05b36550f3d010af9e84be8a08c199676025fdeb04"",""R16A-PAIR:c58fe913fc06f2896c1022f7ccc0e9de1b0f7f1121f09c7d18162d40fe764cf9""]"	INVALID	EVIDENCE_GAP_TREE	REJECTED	FAMILY_FINAL_DISPOSITION:BOUNDED_SENSE_OR_SCOPE_CONFLICT	false	false	false	false	Preserve the exact prior VALID/INVALID attempt while applying the independently derived semantic outcome; never equate topology validity with group support.	753f530f0bb3692a6d479c1c5adebd1488d3b6f128d96b5913af608dc0bf091f
468105499c7be102deec7d6555aced688dea9901	5419770959bdb8998b693fb2275b47e29b92367c	ROUND16A_TOPOLOGY_ENUMERATION_RESULT	R16A-SUBGRAPH-C055B0817F1314E6EE60|LINEAR_PATH	docs/audits/v49-exploration-full-space-closure-round1/raw/composition-enumeration-v2.tsv	75efbe8f0e5d18d431b1e525900da6eb30ff6abe1a97d407058e637680ada2cd	259	440a86b7d9859151631d6df873a700ce4072328fedc26cdd78f8766a1d2efd71	83009b1d124d4635a57866eeffba5e1a1a33e499bd60b30c6346b94ff1a04f8e	"[""R16B-SENSE:698710ef66f0d551cde028b8e54bdbf6051b96902a736be6b9ab45d1ad91f848"",""R16B-SENSE:9415fd18554090ac9dd2dfc28a1ec541d67a94b8421b1cefafa578a03302257d"",""R16B-SENSE:9c499c8b62d5222b0be4049597c613d82925ede87bf34656671a6b1e4e491bc3""]"	"[""R16B-LOCAL-FAMILY:83009b1d124d4635a57866eeffba5e1a1a33e499bd60b30c6346b94ff1a04f8e""]"	"[""BOUNDED_SENSE_OR_SCOPE_CONFLICT""]"	"[""R16A-SUBGRAPH-C055B0817F1314E6EE60""]"	"[""R16A-PAIR:591aa3897c3e0e455ef4bc05b36550f3d010af9e84be8a08c199676025fdeb04"",""R16A-PAIR:c58fe913fc06f2896c1022f7ccc0e9de1b0f7f1121f09c7d18162d40fe764cf9""]"	VALID	LINEAR_PATH	REJECTED	FAMILY_FINAL_DISPOSITION:BOUNDED_SENSE_OR_SCOPE_CONFLICT	false	false	false	false	Preserve the exact prior VALID/INVALID attempt while applying the independently derived semantic outcome; never equate topology validity with group support.	8037d24b746e4772e2d3e0bbafd2d92dcaead561e448aa7bea753b6c46413935
468105499c7be102deec7d6555aced688dea9901	5419770959bdb8998b693fb2275b47e29b92367c	ROUND16A_TOPOLOGY_ENUMERATION_RESULT	R16A-SUBGRAPH-C055B0817F1314E6EE60|QUALIFIED_PATH	docs/audits/v49-exploration-full-space-closure-round1/raw/composition-enumeration-v2.tsv	75efbe8f0e5d18d431b1e525900da6eb30ff6abe1a97d407058e637680ada2cd	262	5ecdd9f5cae4a6dcb8a17377cd9b61354a11658a76ca796fe6391c2ef7da8b18	83009b1d124d4635a57866eeffba5e1a1a33e499bd60b30c6346b94ff1a04f8e	"[""R16B-SENSE:698710ef66f0d551cde028b8e54bdbf6051b96902a736be6b9ab45d1ad91f848"",""R16B-SENSE:9415fd18554090ac9dd2dfc28a1ec541d67a94b8421b1cefafa578a03302257d"",""R16B-SENSE:9c499c8b62d5222b0be4049597c613d82925ede87bf34656671a6b1e4e491bc3""]"	"[""R16B-LOCAL-FAMILY:83009b1d124d4635a57866eeffba5e1a1a33e499bd60b30c6346b94ff1a04f8e""]"	"[""BOUNDED_SENSE_OR_SCOPE_CONFLICT""]"	"[""R16A-SUBGRAPH-C055B0817F1314E6EE60""]"	"[""R16A-PAIR:591aa3897c3e0e455ef4bc05b36550f3d010af9e84be8a08c199676025fdeb04"",""R16A-PAIR:c58fe913fc06f2896c1022f7ccc0e9de1b0f7f1121f09c7d18162d40fe764cf9""]"	INVALID	QUALIFIED_PATH	REJECTED	FAMILY_FINAL_DISPOSITION:BOUNDED_SENSE_OR_SCOPE_CONFLICT	false	false	false	false	Preserve the exact prior VALID/INVALID attempt while applying the independently derived semantic outcome; never equate topology validity with group support.	32eb0eda5ea7451694ed76aaa8cf3573bfd0d8e41b39e33fa951c36ba70c4d81
468105499c7be102deec7d6555aced688dea9901	5419770959bdb8998b693fb2275b47e29b92367c	ROUND16A_TOPOLOGY_ENUMERATION_RESULT	R16A-SUBGRAPH-C055B0817F1314E6EE60|REFLEXIVE_RETURN	docs/audits/v49-exploration-full-space-closure-round1/raw/composition-enumeration-v2.tsv	75efbe8f0e5d18d431b1e525900da6eb30ff6abe1a97d407058e637680ada2cd	263	83c13ecee171a6fe114d2e415dee24adc03f3ba69c8a6920136cfdf5e0623e1b	83009b1d124d4635a57866eeffba5e1a1a33e499bd60b30c6346b94ff1a04f8e	"[""R16B-SENSE:698710ef66f0d551cde028b8e54bdbf6051b96902a736be6b9ab45d1ad91f848"",""R16B-SENSE:9415fd18554090ac9dd2dfc28a1ec541d67a94b8421b1cefafa578a03302257d"",""R16B-SENSE:9c499c8b62d5222b0be4049597c613d82925ede87bf34656671a6b1e4e491bc3""]"	"[""R16B-LOCAL-FAMILY:83009b1d124d4635a57866eeffba5e1a1a33e499bd60b30c6346b94ff1a04f8e""]"	"[""BOUNDED_SENSE_OR_SCOPE_CONFLICT""]"	"[""R16A-SUBGRAPH-C055B0817F1314E6EE60""]"	"[""R16A-PAIR:591aa3897c3e0e455ef4bc05b36550f3d010af9e84be8a08c199676025fdeb04"",""R16A-PAIR:c58fe913fc06f2896c1022f7ccc0e9de1b0f7f1121f09c7d18162d40fe764cf9""]"	INVALID	REFLEXIVE_RETURN	REJECTED	FAMILY_FINAL_DISPOSITION:BOUNDED_SENSE_OR_SCOPE_CONFLICT	false	false	false	false	Preserve the exact prior VALID/INVALID attempt while applying the independently derived semantic outcome; never equate topology validity with group support.	8801433ec5cb1c2017cec55a509c2208f6b9985c4376315a590858aab2aaa69b
468105499c7be102deec7d6555aced688dea9901	5419770959bdb8998b693fb2275b47e29b92367c	ROUND16A_TOPOLOGY_ENUMERATION_RESULT	R16A-SUBGRAPH-C94160E62A220EB3B75B|BINARY_CONVERGENCE	docs/audits/v49-exploration-full-space-closure-round1/raw/composition-enumeration-v2.tsv	75efbe8f0e5d18d431b1e525900da6eb30ff6abe1a97d407058e637680ada2cd	267	60a1a10a10957c419f9adf654f69a1611fe650ef4a518b1b48f6bb0a848c0c65	89817e7a449f1cc7b574fb1b89c9541f765e52825c5cb62bf0a2bb833e8f970a	"[""R16B-SENSE:4e14e64610176c44c8a9775fba3a7d484b4eee0fb06ee9553c17675cb7f0b634"",""R16B-SENSE:f0e28e13851d04c13b701f53d9b3911cb50fc572cc6203c64527804f0b37e909"",""R16B-SENSE:f26224717160ca63c45ca85fe7c23e1469baa3e10672a68beafb13d195d0915d"",""R16B-SENSE:fa3369a6eb4bebe96ee289987f963e539b8da9c27ea0f454e8a24b6bddf9306f""]"	"[""R16B-LOCAL-FAMILY:89817e7a449f1cc7b574fb1b89c9541f765e52825c5cb62bf0a2bb833e8f970a""]"	"[""INQUIRY_ONLY_OR_UNRESOLVED""]"	"[""R16A-SUBGRAPH-C94160E62A220EB3B75B""]"	"[""R16A-PAIR:2ea00c84f44e9da21aae78f742f5cf6cba09fee7e94d77ff3420dc07dd64cbb5"",""R16A-PAIR:5841a12151ac0ce714f0b8e279e939bed009b3f2be71086cde6033cbbd11b4ea"",""R16A-PAIR:f82795fcaba53ac0c255461d014e82b9e563362b645b4c65a58e27644e22c54c""]"	INVALID	BINARY_CONVERGENCE	INQUIRY	FAMILY_FINAL_DISPOSITION:INQUIRY_ONLY_OR_UNRESOLVED	false	false	false	false	Preserve the exact prior VALID/INVALID attempt while applying the independently derived semantic outcome; never equate topology validity with group support.	46899f87927f8d94758263817b63b29852dbcc8771e0bb8d92c2a3a4356c625a
468105499c7be102deec7d6555aced688dea9901	5419770959bdb8998b693fb2275b47e29b92367c	ROUND16A_TOPOLOGY_ENUMERATION_RESULT	R16A-SUBGRAPH-C94160E62A220EB3B75B|BINARY_FORK	docs/audits/v49-exploration-full-space-closure-round1/raw/composition-enumeration-v2.tsv	75efbe8f0e5d18d431b1e525900da6eb30ff6abe1a97d407058e637680ada2cd	266	11f121c706db1d340decfc48c46a9306ca30db853ad5a048f0be040ec741c806	89817e7a449f1cc7b574fb1b89c9541f765e52825c5cb62bf0a2bb833e8f970a	"[""R16B-SENSE:4e14e64610176c44c8a9775fba3a7d484b4eee0fb06ee9553c17675cb7f0b634"",""R16B-SENSE:f0e28e13851d04c13b701f53d9b3911cb50fc572cc6203c64527804f0b37e909"",""R16B-SENSE:f26224717160ca63c45ca85fe7c23e1469baa3e10672a68beafb13d195d0915d"",""R16B-SENSE:fa3369a6eb4bebe96ee289987f963e539b8da9c27ea0f454e8a24b6bddf9306f""]"	"[""R16B-LOCAL-FAMILY:89817e7a449f1cc7b574fb1b89c9541f765e52825c5cb62bf0a2bb833e8f970a""]"	"[""INQUIRY_ONLY_OR_UNRESOLVED""]"	"[""R16A-SUBGRAPH-C94160E62A220EB3B75B""]"	"[""R16A-PAIR:2ea00c84f44e9da21aae78f742f5cf6cba09fee7e94d77ff3420dc07dd64cbb5"",""R16A-PAIR:5841a12151ac0ce714f0b8e279e939bed009b3f2be71086cde6033cbbd11b4ea"",""R16A-PAIR:f82795fcaba53ac0c255461d014e82b9e563362b645b4c65a58e27644e22c54c""]"	INVALID	BINARY_FORK	INQUIRY	FAMILY_FINAL_DISPOSITION:INQUIRY_ONLY_OR_UNRESOLVED	false	false	false	false	Preserve the exact prior VALID/INVALID attempt while applying the independently derived semantic outcome; never equate topology validity with group support.	73a3c81b31781fe8943607ae4f0e918c973da808907ce402352ec4a2731b0faa
468105499c7be102deec7d6555aced688dea9901	5419770959bdb8998b693fb2275b47e29b92367c	ROUND16A_TOPOLOGY_ENUMERATION_RESULT	R16A-SUBGRAPH-C94160E62A220EB3B75B|EVIDENCE_GAP_TREE	docs/audits/v49-exploration-full-space-closure-round1/raw/composition-enumeration-v2.tsv	75efbe8f0e5d18d431b1e525900da6eb30ff6abe1a97d407058e637680ada2cd	270	e862ab50f8eb499517c4b472e0e969bef1eabf4d76eddc95841d3780f532c492	89817e7a449f1cc7b574fb1b89c9541f765e52825c5cb62bf0a2bb833e8f970a	"[""R16B-SENSE:4e14e64610176c44c8a9775fba3a7d484b4eee0fb06ee9553c17675cb7f0b634"",""R16B-SENSE:f0e28e13851d04c13b701f53d9b3911cb50fc572cc6203c64527804f0b37e909"",""R16B-SENSE:f26224717160ca63c45ca85fe7c23e1469baa3e10672a68beafb13d195d0915d"",""R16B-SENSE:fa3369a6eb4bebe96ee289987f963e539b8da9c27ea0f454e8a24b6bddf9306f""]"	"[""R16B-LOCAL-FAMILY:89817e7a449f1cc7b574fb1b89c9541f765e52825c5cb62bf0a2bb833e8f970a""]"	"[""INQUIRY_ONLY_OR_UNRESOLVED""]"	"[""R16A-SUBGRAPH-C94160E62A220EB3B75B""]"	"[""R16A-PAIR:2ea00c84f44e9da21aae78f742f5cf6cba09fee7e94d77ff3420dc07dd64cbb5"",""R16A-PAIR:5841a12151ac0ce714f0b8e279e939bed009b3f2be71086cde6033cbbd11b4ea"",""R16A-PAIR:f82795fcaba53ac0c255461d014e82b9e563362b645b4c65a58e27644e22c54c""]"	INVALID	EVIDENCE_GAP_TREE	INQUIRY	FAMILY_FINAL_DISPOSITION:INQUIRY_ONLY_OR_UNRESOLVED	false	false	false	false	Preserve the exact prior VALID/INVALID attempt while applying the independently derived semantic outcome; never equate topology validity with group support.	ac5ab3a745e23c918dccc13b9226dd0748df7631c411c4f1cc73b46d8936b7e2
468105499c7be102deec7d6555aced688dea9901	5419770959bdb8998b693fb2275b47e29b92367c	ROUND16A_TOPOLOGY_ENUMERATION_RESULT	R16A-SUBGRAPH-C94160E62A220EB3B75B|LINEAR_PATH	docs/audits/v49-exploration-full-space-closure-round1/raw/composition-enumeration-v2.tsv	75efbe8f0e5d18d431b1e525900da6eb30ff6abe1a97d407058e637680ada2cd	265	54ae23185366437245c928f36dfd0ccf35a1b99f05218b2bcfa5a07d3c24ef83	89817e7a449f1cc7b574fb1b89c9541f765e52825c5cb62bf0a2bb833e8f970a	"[""R16B-SENSE:4e14e64610176c44c8a9775fba3a7d484b4eee0fb06ee9553c17675cb7f0b634"",""R16B-SENSE:f0e28e13851d04c13b701f53d9b3911cb50fc572cc6203c64527804f0b37e909"",""R16B-SENSE:f26224717160ca63c45ca85fe7c23e1469baa3e10672a68beafb13d195d0915d"",""R16B-SENSE:fa3369a6eb4bebe96ee289987f963e539b8da9c27ea0f454e8a24b6bddf9306f""]"	"[""R16B-LOCAL-FAMILY:89817e7a449f1cc7b574fb1b89c9541f765e52825c5cb62bf0a2bb833e8f970a""]"	"[""INQUIRY_ONLY_OR_UNRESOLVED""]"	"[""R16A-SUBGRAPH-C94160E62A220EB3B75B""]"	"[""R16A-PAIR:2ea00c84f44e9da21aae78f742f5cf6cba09fee7e94d77ff3420dc07dd64cbb5"",""R16A-PAIR:5841a12151ac0ce714f0b8e279e939bed009b3f2be71086cde6033cbbd11b4ea"",""R16A-PAIR:f82795fcaba53ac0c255461d014e82b9e563362b645b4c65a58e27644e22c54c""]"	VALID	LINEAR_PATH	INQUIRY	FAMILY_FINAL_DISPOSITION:INQUIRY_ONLY_OR_UNRESOLVED	false	false	false	false	Preserve the exact prior VALID/INVALID attempt while applying the independently derived semantic outcome; never equate topology validity with group support.	fe9663c967e348821b535406abfa1a3ea0cf1f2fb32382f7540f25a73aac1573
468105499c7be102deec7d6555aced688dea9901	5419770959bdb8998b693fb2275b47e29b92367c	ROUND16A_TOPOLOGY_ENUMERATION_RESULT	R16A-SUBGRAPH-C94160E62A220EB3B75B|QUALIFIED_PATH	docs/audits/v49-exploration-full-space-closure-round1/raw/composition-enumeration-v2.tsv	75efbe8f0e5d18d431b1e525900da6eb30ff6abe1a97d407058e637680ada2cd	268	62c4a836da0d9c45a07d043daa1e6c69000ef82b9c5e8b9ef1df3ee628ff58ae	89817e7a449f1cc7b574fb1b89c9541f765e52825c5cb62bf0a2bb833e8f970a	"[""R16B-SENSE:4e14e64610176c44c8a9775fba3a7d484b4eee0fb06ee9553c17675cb7f0b634"",""R16B-SENSE:f0e28e13851d04c13b701f53d9b3911cb50fc572cc6203c64527804f0b37e909"",""R16B-SENSE:f26224717160ca63c45ca85fe7c23e1469baa3e10672a68beafb13d195d0915d"",""R16B-SENSE:fa3369a6eb4bebe96ee289987f963e539b8da9c27ea0f454e8a24b6bddf9306f""]"	"[""R16B-LOCAL-FAMILY:89817e7a449f1cc7b574fb1b89c9541f765e52825c5cb62bf0a2bb833e8f970a""]"	"[""INQUIRY_ONLY_OR_UNRESOLVED""]"	"[""R16A-SUBGRAPH-C94160E62A220EB3B75B""]"	"[""R16A-PAIR:2ea00c84f44e9da21aae78f742f5cf6cba09fee7e94d77ff3420dc07dd64cbb5"",""R16A-PAIR:5841a12151ac0ce714f0b8e279e939bed009b3f2be71086cde6033cbbd11b4ea"",""R16A-PAIR:f82795fcaba53ac0c255461d014e82b9e563362b645b4c65a58e27644e22c54c""]"	INVALID	QUALIFIED_PATH	INQUIRY	FAMILY_FINAL_DISPOSITION:INQUIRY_ONLY_OR_UNRESOLVED	false	false	false	false	Preserve the exact prior VALID/INVALID attempt while applying the independently derived semantic outcome; never equate topology validity with group support.	625df3d67df9e3b316d3f5aa88d7a5f886f29c2e1d188efd990b70a556a6db1c
468105499c7be102deec7d6555aced688dea9901	5419770959bdb8998b693fb2275b47e29b92367c	ROUND16A_TOPOLOGY_ENUMERATION_RESULT	R16A-SUBGRAPH-C94160E62A220EB3B75B|REFLEXIVE_RETURN	docs/audits/v49-exploration-full-space-closure-round1/raw/composition-enumeration-v2.tsv	75efbe8f0e5d18d431b1e525900da6eb30ff6abe1a97d407058e637680ada2cd	269	2a4f3602d6349d053caa31e4b5911e97f2a63058a6d3dc9cbf5015cb8878461b	89817e7a449f1cc7b574fb1b89c9541f765e52825c5cb62bf0a2bb833e8f970a	"[""R16B-SENSE:4e14e64610176c44c8a9775fba3a7d484b4eee0fb06ee9553c17675cb7f0b634"",""R16B-SENSE:f0e28e13851d04c13b701f53d9b3911cb50fc572cc6203c64527804f0b37e909"",""R16B-SENSE:f26224717160ca63c45ca85fe7c23e1469baa3e10672a68beafb13d195d0915d"",""R16B-SENSE:fa3369a6eb4bebe96ee289987f963e539b8da9c27ea0f454e8a24b6bddf9306f""]"	"[""R16B-LOCAL-FAMILY:89817e7a449f1cc7b574fb1b89c9541f765e52825c5cb62bf0a2bb833e8f970a""]"	"[""INQUIRY_ONLY_OR_UNRESOLVED""]"	"[""R16A-SUBGRAPH-C94160E62A220EB3B75B""]"	"[""R16A-PAIR:2ea00c84f44e9da21aae78f742f5cf6cba09fee7e94d77ff3420dc07dd64cbb5"",""R16A-PAIR:5841a12151ac0ce714f0b8e279e939bed009b3f2be71086cde6033cbbd11b4ea"",""R16A-PAIR:f82795fcaba53ac0c255461d014e82b9e563362b645b4c65a58e27644e22c54c""]"	INVALID	REFLEXIVE_RETURN	INQUIRY	FAMILY_FINAL_DISPOSITION:INQUIRY_ONLY_OR_UNRESOLVED	false	false	false	false	Preserve the exact prior VALID/INVALID attempt while applying the independently derived semantic outcome; never equate topology validity with group support.	1d5e0ef9a088e9ba632e7db073f9c2bdf72625eb1872ec805e7b51740f4385fa
468105499c7be102deec7d6555aced688dea9901	5419770959bdb8998b693fb2275b47e29b92367c	ROUND16A_TOPOLOGY_ENUMERATION_RESULT	R16A-SUBGRAPH-CD1725030190F2060E72|BINARY_CONVERGENCE	docs/audits/v49-exploration-full-space-closure-round1/raw/composition-enumeration-v2.tsv	75efbe8f0e5d18d431b1e525900da6eb30ff6abe1a97d407058e637680ada2cd	273	a8b768af320ece6aa40493d05141523194c044f012be8f7dc051f60fde44d5a8	23b72032e8165ac9f164a43ac0e1932f2fe4354f1b89f62d67ebe7d497de7af1	"[""R16B-SENSE:4e14e64610176c44c8a9775fba3a7d484b4eee0fb06ee9553c17675cb7f0b634"",""R16B-SENSE:f26224717160ca63c45ca85fe7c23e1469baa3e10672a68beafb13d195d0915d"",""R16B-SENSE:fa3369a6eb4bebe96ee289987f963e539b8da9c27ea0f454e8a24b6bddf9306f""]"	"[""R16B-LOCAL-FAMILY:23b72032e8165ac9f164a43ac0e1932f2fe4354f1b89f62d67ebe7d497de7af1""]"	"[""PAIRWISE_SUPPORT_WITHOUT_GROUP_COHERENCE""]"	"[""R16A-SUBGRAPH-CD1725030190F2060E72""]"	"[""R16A-PAIR:2ea00c84f44e9da21aae78f742f5cf6cba09fee7e94d77ff3420dc07dd64cbb5"",""R16A-PAIR:5841a12151ac0ce714f0b8e279e939bed009b3f2be71086cde6033cbbd11b4ea""]"	VALID	BINARY_CONVERGENCE	CORRECTED	FAMILY_FINAL_DISPOSITION:PAIRWISE_SUPPORT_WITHOUT_GROUP_COHERENCE	false	false	false	false	Preserve the exact prior VALID/INVALID attempt while applying the independently derived semantic outcome; never equate topology validity with group support.	6f19124da2b0b0f9f8c638de62143047143dcd8e76c0ccefeaf9b9f29cf84810
468105499c7be102deec7d6555aced688dea9901	5419770959bdb8998b693fb2275b47e29b92367c	ROUND16A_TOPOLOGY_ENUMERATION_RESULT	R16A-SUBGRAPH-CD1725030190F2060E72|BINARY_FORK	docs/audits/v49-exploration-full-space-closure-round1/raw/composition-enumeration-v2.tsv	75efbe8f0e5d18d431b1e525900da6eb30ff6abe1a97d407058e637680ada2cd	272	aa0c364608fe6857e20dfdfdd4d82b7540dfc30fc5c47cd5f00720b654f1cefb	23b72032e8165ac9f164a43ac0e1932f2fe4354f1b89f62d67ebe7d497de7af1	"[""R16B-SENSE:4e14e64610176c44c8a9775fba3a7d484b4eee0fb06ee9553c17675cb7f0b634"",""R16B-SENSE:f26224717160ca63c45ca85fe7c23e1469baa3e10672a68beafb13d195d0915d"",""R16B-SENSE:fa3369a6eb4bebe96ee289987f963e539b8da9c27ea0f454e8a24b6bddf9306f""]"	"[""R16B-LOCAL-FAMILY:23b72032e8165ac9f164a43ac0e1932f2fe4354f1b89f62d67ebe7d497de7af1""]"	"[""PAIRWISE_SUPPORT_WITHOUT_GROUP_COHERENCE""]"	"[""R16A-SUBGRAPH-CD1725030190F2060E72""]"	"[""R16A-PAIR:2ea00c84f44e9da21aae78f742f5cf6cba09fee7e94d77ff3420dc07dd64cbb5"",""R16A-PAIR:5841a12151ac0ce714f0b8e279e939bed009b3f2be71086cde6033cbbd11b4ea""]"	VALID	BINARY_FORK	CORRECTED	FAMILY_FINAL_DISPOSITION:PAIRWISE_SUPPORT_WITHOUT_GROUP_COHERENCE	false	false	false	false	Preserve the exact prior VALID/INVALID attempt while applying the independently derived semantic outcome; never equate topology validity with group support.	c8de35557561af484cff4050b39de9b6cc87ff187aabc2ff9d4b594fe0f0b229
468105499c7be102deec7d6555aced688dea9901	5419770959bdb8998b693fb2275b47e29b92367c	ROUND16A_TOPOLOGY_ENUMERATION_RESULT	R16A-SUBGRAPH-CD1725030190F2060E72|EVIDENCE_GAP_TREE	docs/audits/v49-exploration-full-space-closure-round1/raw/composition-enumeration-v2.tsv	75efbe8f0e5d18d431b1e525900da6eb30ff6abe1a97d407058e637680ada2cd	276	6273445d555e1c1a7e49fb3aa7469741e44fee159006e5d499dc428683040924	23b72032e8165ac9f164a43ac0e1932f2fe4354f1b89f62d67ebe7d497de7af1	"[""R16B-SENSE:4e14e64610176c44c8a9775fba3a7d484b4eee0fb06ee9553c17675cb7f0b634"",""R16B-SENSE:f26224717160ca63c45ca85fe7c23e1469baa3e10672a68beafb13d195d0915d"",""R16B-SENSE:fa3369a6eb4bebe96ee289987f963e539b8da9c27ea0f454e8a24b6bddf9306f""]"	"[""R16B-LOCAL-FAMILY:23b72032e8165ac9f164a43ac0e1932f2fe4354f1b89f62d67ebe7d497de7af1""]"	"[""PAIRWISE_SUPPORT_WITHOUT_GROUP_COHERENCE""]"	"[""R16A-SUBGRAPH-CD1725030190F2060E72""]"	"[""R16A-PAIR:2ea00c84f44e9da21aae78f742f5cf6cba09fee7e94d77ff3420dc07dd64cbb5"",""R16A-PAIR:5841a12151ac0ce714f0b8e279e939bed009b3f2be71086cde6033cbbd11b4ea""]"	INVALID	EVIDENCE_GAP_TREE	CORRECTED	FAMILY_FINAL_DISPOSITION:PAIRWISE_SUPPORT_WITHOUT_GROUP_COHERENCE	false	false	false	false	Preserve the exact prior VALID/INVALID attempt while applying the independently derived semantic outcome; never equate topology validity with group support.	773fae6586a80c2989009476b55333eb16b17cbf94976a964c38b69152b3671c
468105499c7be102deec7d6555aced688dea9901	5419770959bdb8998b693fb2275b47e29b92367c	ROUND16A_TOPOLOGY_ENUMERATION_RESULT	R16A-SUBGRAPH-CD1725030190F2060E72|LINEAR_PATH	docs/audits/v49-exploration-full-space-closure-round1/raw/composition-enumeration-v2.tsv	75efbe8f0e5d18d431b1e525900da6eb30ff6abe1a97d407058e637680ada2cd	271	cf6d70b18d40e9341bf43a080de07efb5d5a4687612de0052f6ca024b9e69053	23b72032e8165ac9f164a43ac0e1932f2fe4354f1b89f62d67ebe7d497de7af1	"[""R16B-SENSE:4e14e64610176c44c8a9775fba3a7d484b4eee0fb06ee9553c17675cb7f0b634"",""R16B-SENSE:f26224717160ca63c45ca85fe7c23e1469baa3e10672a68beafb13d195d0915d"",""R16B-SENSE:fa3369a6eb4bebe96ee289987f963e539b8da9c27ea0f454e8a24b6bddf9306f""]"	"[""R16B-LOCAL-FAMILY:23b72032e8165ac9f164a43ac0e1932f2fe4354f1b89f62d67ebe7d497de7af1""]"	"[""PAIRWISE_SUPPORT_WITHOUT_GROUP_COHERENCE""]"	"[""R16A-SUBGRAPH-CD1725030190F2060E72""]"	"[""R16A-PAIR:2ea00c84f44e9da21aae78f742f5cf6cba09fee7e94d77ff3420dc07dd64cbb5"",""R16A-PAIR:5841a12151ac0ce714f0b8e279e939bed009b3f2be71086cde6033cbbd11b4ea""]"	VALID	LINEAR_PATH	CORRECTED	FAMILY_FINAL_DISPOSITION:PAIRWISE_SUPPORT_WITHOUT_GROUP_COHERENCE	false	false	false	false	Preserve the exact prior VALID/INVALID attempt while applying the independently derived semantic outcome; never equate topology validity with group support.	3246a330229049e237f1acba7151262d2c8c536a04edd02f965247d3cea4bf96
468105499c7be102deec7d6555aced688dea9901	5419770959bdb8998b693fb2275b47e29b92367c	ROUND16A_TOPOLOGY_ENUMERATION_RESULT	R16A-SUBGRAPH-CD1725030190F2060E72|QUALIFIED_PATH	docs/audits/v49-exploration-full-space-closure-round1/raw/composition-enumeration-v2.tsv	75efbe8f0e5d18d431b1e525900da6eb30ff6abe1a97d407058e637680ada2cd	274	95ddca792bbccc0f1f48b54e190012d7f78a8adadd71091c0bce955c821e626f	23b72032e8165ac9f164a43ac0e1932f2fe4354f1b89f62d67ebe7d497de7af1	"[""R16B-SENSE:4e14e64610176c44c8a9775fba3a7d484b4eee0fb06ee9553c17675cb7f0b634"",""R16B-SENSE:f26224717160ca63c45ca85fe7c23e1469baa3e10672a68beafb13d195d0915d"",""R16B-SENSE:fa3369a6eb4bebe96ee289987f963e539b8da9c27ea0f454e8a24b6bddf9306f""]"	"[""R16B-LOCAL-FAMILY:23b72032e8165ac9f164a43ac0e1932f2fe4354f1b89f62d67ebe7d497de7af1""]"	"[""PAIRWISE_SUPPORT_WITHOUT_GROUP_COHERENCE""]"	"[""R16A-SUBGRAPH-CD1725030190F2060E72""]"	"[""R16A-PAIR:2ea00c84f44e9da21aae78f742f5cf6cba09fee7e94d77ff3420dc07dd64cbb5"",""R16A-PAIR:5841a12151ac0ce714f0b8e279e939bed009b3f2be71086cde6033cbbd11b4ea""]"	INVALID	QUALIFIED_PATH	CORRECTED	FAMILY_FINAL_DISPOSITION:PAIRWISE_SUPPORT_WITHOUT_GROUP_COHERENCE	false	false	false	false	Preserve the exact prior VALID/INVALID attempt while applying the independently derived semantic outcome; never equate topology validity with group support.	c4a3df32f524330b184af2e36fa340eba479b1e985ff315ae631573d462b25dd
468105499c7be102deec7d6555aced688dea9901	5419770959bdb8998b693fb2275b47e29b92367c	ROUND16A_TOPOLOGY_ENUMERATION_RESULT	R16A-SUBGRAPH-CD1725030190F2060E72|REFLEXIVE_RETURN	docs/audits/v49-exploration-full-space-closure-round1/raw/composition-enumeration-v2.tsv	75efbe8f0e5d18d431b1e525900da6eb30ff6abe1a97d407058e637680ada2cd	275	da5c3296b8c4d5697d8dcb3368509fa7857a38a1e2f12f56dfd0a015516bdaf4	23b72032e8165ac9f164a43ac0e1932f2fe4354f1b89f62d67ebe7d497de7af1	"[""R16B-SENSE:4e14e64610176c44c8a9775fba3a7d484b4eee0fb06ee9553c17675cb7f0b634"",""R16B-SENSE:f26224717160ca63c45ca85fe7c23e1469baa3e10672a68beafb13d195d0915d"",""R16B-SENSE:fa3369a6eb4bebe96ee289987f963e539b8da9c27ea0f454e8a24b6bddf9306f""]"	"[""R16B-LOCAL-FAMILY:23b72032e8165ac9f164a43ac0e1932f2fe4354f1b89f62d67ebe7d497de7af1""]"	"[""PAIRWISE_SUPPORT_WITHOUT_GROUP_COHERENCE""]"	"[""R16A-SUBGRAPH-CD1725030190F2060E72""]"	"[""R16A-PAIR:2ea00c84f44e9da21aae78f742f5cf6cba09fee7e94d77ff3420dc07dd64cbb5"",""R16A-PAIR:5841a12151ac0ce714f0b8e279e939bed009b3f2be71086cde6033cbbd11b4ea""]"	INVALID	REFLEXIVE_RETURN	CORRECTED	FAMILY_FINAL_DISPOSITION:PAIRWISE_SUPPORT_WITHOUT_GROUP_COHERENCE	false	false	false	false	Preserve the exact prior VALID/INVALID attempt while applying the independently derived semantic outcome; never equate topology validity with group support.	8b7698a9cc5ebea7632fa5899cae5d4ef6054d6123ba811f41599b244035e4d4
468105499c7be102deec7d6555aced688dea9901	5419770959bdb8998b693fb2275b47e29b92367c	ROUND16A_TOPOLOGY_ENUMERATION_RESULT	R16A-SUBGRAPH-D1CE6EDF4995F6C2B6BA|BINARY_CONVERGENCE	docs/audits/v49-exploration-full-space-closure-round1/raw/composition-enumeration-v2.tsv	75efbe8f0e5d18d431b1e525900da6eb30ff6abe1a97d407058e637680ada2cd	279	777b9914272db3df3b277d16dfed9d382423201cdb7cc44584656cc3fe6b3097	89817e7a449f1cc7b574fb1b89c9541f765e52825c5cb62bf0a2bb833e8f970a	"[""R16B-SENSE:4e14e64610176c44c8a9775fba3a7d484b4eee0fb06ee9553c17675cb7f0b634"",""R16B-SENSE:f0e28e13851d04c13b701f53d9b3911cb50fc572cc6203c64527804f0b37e909"",""R16B-SENSE:f26224717160ca63c45ca85fe7c23e1469baa3e10672a68beafb13d195d0915d"",""R16B-SENSE:fa3369a6eb4bebe96ee289987f963e539b8da9c27ea0f454e8a24b6bddf9306f""]"	"[""R16B-LOCAL-FAMILY:89817e7a449f1cc7b574fb1b89c9541f765e52825c5cb62bf0a2bb833e8f970a""]"	"[""INQUIRY_ONLY_OR_UNRESOLVED""]"	"[""R16A-SUBGRAPH-D1CE6EDF4995F6C2B6BA""]"	"[""R16A-PAIR:2ea00c84f44e9da21aae78f742f5cf6cba09fee7e94d77ff3420dc07dd64cbb5"",""R16A-PAIR:5841a12151ac0ce714f0b8e279e939bed009b3f2be71086cde6033cbbd11b4ea"",""R16A-PAIR:db9e8b1d1d7e17983872e3600cd1a3ce5ae7f3c907ae70bdeafcbd0b2c6a0460"",""R16A-PAIR:e153332b67669fdaa24f256bfcf61135e56eb2894e48481afc71ae4327c81422""]"	INVALID	BINARY_CONVERGENCE	INQUIRY	FAMILY_FINAL_DISPOSITION:INQUIRY_ONLY_OR_UNRESOLVED	false	false	false	false	Preserve the exact prior VALID/INVALID attempt while applying the independently derived semantic outcome; never equate topology validity with group support.	bde79dcb94860708b39af1edb0046dc8e4b746a2ebf09a1dfa92004d659541c2
468105499c7be102deec7d6555aced688dea9901	5419770959bdb8998b693fb2275b47e29b92367c	ROUND16A_TOPOLOGY_ENUMERATION_RESULT	R16A-SUBGRAPH-D1CE6EDF4995F6C2B6BA|BINARY_FORK	docs/audits/v49-exploration-full-space-closure-round1/raw/composition-enumeration-v2.tsv	75efbe8f0e5d18d431b1e525900da6eb30ff6abe1a97d407058e637680ada2cd	278	0646400089cf1656493accfa8996b80d89a24fcae0f4a63dc37514a0f8a3cbbb	89817e7a449f1cc7b574fb1b89c9541f765e52825c5cb62bf0a2bb833e8f970a	"[""R16B-SENSE:4e14e64610176c44c8a9775fba3a7d484b4eee0fb06ee9553c17675cb7f0b634"",""R16B-SENSE:f0e28e13851d04c13b701f53d9b3911cb50fc572cc6203c64527804f0b37e909"",""R16B-SENSE:f26224717160ca63c45ca85fe7c23e1469baa3e10672a68beafb13d195d0915d"",""R16B-SENSE:fa3369a6eb4bebe96ee289987f963e539b8da9c27ea0f454e8a24b6bddf9306f""]"	"[""R16B-LOCAL-FAMILY:89817e7a449f1cc7b574fb1b89c9541f765e52825c5cb62bf0a2bb833e8f970a""]"	"[""INQUIRY_ONLY_OR_UNRESOLVED""]"	"[""R16A-SUBGRAPH-D1CE6EDF4995F6C2B6BA""]"	"[""R16A-PAIR:2ea00c84f44e9da21aae78f742f5cf6cba09fee7e94d77ff3420dc07dd64cbb5"",""R16A-PAIR:5841a12151ac0ce714f0b8e279e939bed009b3f2be71086cde6033cbbd11b4ea"",""R16A-PAIR:db9e8b1d1d7e17983872e3600cd1a3ce5ae7f3c907ae70bdeafcbd0b2c6a0460"",""R16A-PAIR:e153332b67669fdaa24f256bfcf61135e56eb2894e48481afc71ae4327c81422""]"	INVALID	BINARY_FORK	INQUIRY	FAMILY_FINAL_DISPOSITION:INQUIRY_ONLY_OR_UNRESOLVED	false	false	false	false	Preserve the exact prior VALID/INVALID attempt while applying the independently derived semantic outcome; never equate topology validity with group support.	ae17706265475ab569b3bb86dda1276886e6ccecd2f4e39d433412fd6a27ba0d
468105499c7be102deec7d6555aced688dea9901	5419770959bdb8998b693fb2275b47e29b92367c	ROUND16A_TOPOLOGY_ENUMERATION_RESULT	R16A-SUBGRAPH-D1CE6EDF4995F6C2B6BA|EVIDENCE_GAP_TREE	docs/audits/v49-exploration-full-space-closure-round1/raw/composition-enumeration-v2.tsv	75efbe8f0e5d18d431b1e525900da6eb30ff6abe1a97d407058e637680ada2cd	282	4f478d75efaea879c9391c832ed1c4fae400e7e48b1505babaaabcc477ca3243	89817e7a449f1cc7b574fb1b89c9541f765e52825c5cb62bf0a2bb833e8f970a	"[""R16B-SENSE:4e14e64610176c44c8a9775fba3a7d484b4eee0fb06ee9553c17675cb7f0b634"",""R16B-SENSE:f0e28e13851d04c13b701f53d9b3911cb50fc572cc6203c64527804f0b37e909"",""R16B-SENSE:f26224717160ca63c45ca85fe7c23e1469baa3e10672a68beafb13d195d0915d"",""R16B-SENSE:fa3369a6eb4bebe96ee289987f963e539b8da9c27ea0f454e8a24b6bddf9306f""]"	"[""R16B-LOCAL-FAMILY:89817e7a449f1cc7b574fb1b89c9541f765e52825c5cb62bf0a2bb833e8f970a""]"	"[""INQUIRY_ONLY_OR_UNRESOLVED""]"	"[""R16A-SUBGRAPH-D1CE6EDF4995F6C2B6BA""]"	"[""R16A-PAIR:2ea00c84f44e9da21aae78f742f5cf6cba09fee7e94d77ff3420dc07dd64cbb5"",""R16A-PAIR:5841a12151ac0ce714f0b8e279e939bed009b3f2be71086cde6033cbbd11b4ea"",""R16A-PAIR:db9e8b1d1d7e17983872e3600cd1a3ce5ae7f3c907ae70bdeafcbd0b2c6a0460"",""R16A-PAIR:e153332b67669fdaa24f256bfcf61135e56eb2894e48481afc71ae4327c81422""]"	INVALID	EVIDENCE_GAP_TREE	INQUIRY	FAMILY_FINAL_DISPOSITION:INQUIRY_ONLY_OR_UNRESOLVED	false	false	false	false	Preserve the exact prior VALID/INVALID attempt while applying the independently derived semantic outcome; never equate topology validity with group support.	8747c77f837bf4f66d6c8c14e10bde218ac45ae234c5d2168daf4f9d92959c80
468105499c7be102deec7d6555aced688dea9901	5419770959bdb8998b693fb2275b47e29b92367c	ROUND16A_TOPOLOGY_ENUMERATION_RESULT	R16A-SUBGRAPH-D1CE6EDF4995F6C2B6BA|LINEAR_PATH	docs/audits/v49-exploration-full-space-closure-round1/raw/composition-enumeration-v2.tsv	75efbe8f0e5d18d431b1e525900da6eb30ff6abe1a97d407058e637680ada2cd	277	77710f4dc20048315e607a0d283f402cda90cc00f9f4fbb1b641497453b1554d	89817e7a449f1cc7b574fb1b89c9541f765e52825c5cb62bf0a2bb833e8f970a	"[""R16B-SENSE:4e14e64610176c44c8a9775fba3a7d484b4eee0fb06ee9553c17675cb7f0b634"",""R16B-SENSE:f0e28e13851d04c13b701f53d9b3911cb50fc572cc6203c64527804f0b37e909"",""R16B-SENSE:f26224717160ca63c45ca85fe7c23e1469baa3e10672a68beafb13d195d0915d"",""R16B-SENSE:fa3369a6eb4bebe96ee289987f963e539b8da9c27ea0f454e8a24b6bddf9306f""]"	"[""R16B-LOCAL-FAMILY:89817e7a449f1cc7b574fb1b89c9541f765e52825c5cb62bf0a2bb833e8f970a""]"	"[""INQUIRY_ONLY_OR_UNRESOLVED""]"	"[""R16A-SUBGRAPH-D1CE6EDF4995F6C2B6BA""]"	"[""R16A-PAIR:2ea00c84f44e9da21aae78f742f5cf6cba09fee7e94d77ff3420dc07dd64cbb5"",""R16A-PAIR:5841a12151ac0ce714f0b8e279e939bed009b3f2be71086cde6033cbbd11b4ea"",""R16A-PAIR:db9e8b1d1d7e17983872e3600cd1a3ce5ae7f3c907ae70bdeafcbd0b2c6a0460"",""R16A-PAIR:e153332b67669fdaa24f256bfcf61135e56eb2894e48481afc71ae4327c81422""]"	INVALID	LINEAR_PATH	INQUIRY	FAMILY_FINAL_DISPOSITION:INQUIRY_ONLY_OR_UNRESOLVED	false	false	false	false	Preserve the exact prior VALID/INVALID attempt while applying the independently derived semantic outcome; never equate topology validity with group support.	27eb634acf54daa611b405c0dbc2283c09de9e14a0af036c9b01043ccdb8f28e
468105499c7be102deec7d6555aced688dea9901	5419770959bdb8998b693fb2275b47e29b92367c	ROUND16A_TOPOLOGY_ENUMERATION_RESULT	R16A-SUBGRAPH-D1CE6EDF4995F6C2B6BA|QUALIFIED_PATH	docs/audits/v49-exploration-full-space-closure-round1/raw/composition-enumeration-v2.tsv	75efbe8f0e5d18d431b1e525900da6eb30ff6abe1a97d407058e637680ada2cd	280	3ee6fbc816d72e3bbc29f11486a755a471e3f43f63b1534e736247cd4a25cb39	89817e7a449f1cc7b574fb1b89c9541f765e52825c5cb62bf0a2bb833e8f970a	"[""R16B-SENSE:4e14e64610176c44c8a9775fba3a7d484b4eee0fb06ee9553c17675cb7f0b634"",""R16B-SENSE:f0e28e13851d04c13b701f53d9b3911cb50fc572cc6203c64527804f0b37e909"",""R16B-SENSE:f26224717160ca63c45ca85fe7c23e1469baa3e10672a68beafb13d195d0915d"",""R16B-SENSE:fa3369a6eb4bebe96ee289987f963e539b8da9c27ea0f454e8a24b6bddf9306f""]"	"[""R16B-LOCAL-FAMILY:89817e7a449f1cc7b574fb1b89c9541f765e52825c5cb62bf0a2bb833e8f970a""]"	"[""INQUIRY_ONLY_OR_UNRESOLVED""]"	"[""R16A-SUBGRAPH-D1CE6EDF4995F6C2B6BA""]"	"[""R16A-PAIR:2ea00c84f44e9da21aae78f742f5cf6cba09fee7e94d77ff3420dc07dd64cbb5"",""R16A-PAIR:5841a12151ac0ce714f0b8e279e939bed009b3f2be71086cde6033cbbd11b4ea"",""R16A-PAIR:db9e8b1d1d7e17983872e3600cd1a3ce5ae7f3c907ae70bdeafcbd0b2c6a0460"",""R16A-PAIR:e153332b67669fdaa24f256bfcf61135e56eb2894e48481afc71ae4327c81422""]"	INVALID	QUALIFIED_PATH	INQUIRY	FAMILY_FINAL_DISPOSITION:INQUIRY_ONLY_OR_UNRESOLVED	false	false	false	false	Preserve the exact prior VALID/INVALID attempt while applying the independently derived semantic outcome; never equate topology validity with group support.	63e26463c9444df3cbfb4fe1778187ab1c96146476b5f77b136d77d929642194
468105499c7be102deec7d6555aced688dea9901	5419770959bdb8998b693fb2275b47e29b92367c	ROUND16A_TOPOLOGY_ENUMERATION_RESULT	R16A-SUBGRAPH-D1CE6EDF4995F6C2B6BA|REFLEXIVE_RETURN	docs/audits/v49-exploration-full-space-closure-round1/raw/composition-enumeration-v2.tsv	75efbe8f0e5d18d431b1e525900da6eb30ff6abe1a97d407058e637680ada2cd	281	b54c9819ef93dc7cd71a39cd9c5873f77600e048ed46a2276b11364869745799	89817e7a449f1cc7b574fb1b89c9541f765e52825c5cb62bf0a2bb833e8f970a	"[""R16B-SENSE:4e14e64610176c44c8a9775fba3a7d484b4eee0fb06ee9553c17675cb7f0b634"",""R16B-SENSE:f0e28e13851d04c13b701f53d9b3911cb50fc572cc6203c64527804f0b37e909"",""R16B-SENSE:f26224717160ca63c45ca85fe7c23e1469baa3e10672a68beafb13d195d0915d"",""R16B-SENSE:fa3369a6eb4bebe96ee289987f963e539b8da9c27ea0f454e8a24b6bddf9306f""]"	"[""R16B-LOCAL-FAMILY:89817e7a449f1cc7b574fb1b89c9541f765e52825c5cb62bf0a2bb833e8f970a""]"	"[""INQUIRY_ONLY_OR_UNRESOLVED""]"	"[""R16A-SUBGRAPH-D1CE6EDF4995F6C2B6BA""]"	"[""R16A-PAIR:2ea00c84f44e9da21aae78f742f5cf6cba09fee7e94d77ff3420dc07dd64cbb5"",""R16A-PAIR:5841a12151ac0ce714f0b8e279e939bed009b3f2be71086cde6033cbbd11b4ea"",""R16A-PAIR:db9e8b1d1d7e17983872e3600cd1a3ce5ae7f3c907ae70bdeafcbd0b2c6a0460"",""R16A-PAIR:e153332b67669fdaa24f256bfcf61135e56eb2894e48481afc71ae4327c81422""]"	INVALID	REFLEXIVE_RETURN	INQUIRY	FAMILY_FINAL_DISPOSITION:INQUIRY_ONLY_OR_UNRESOLVED	false	false	false	false	Preserve the exact prior VALID/INVALID attempt while applying the independently derived semantic outcome; never equate topology validity with group support.	b28a7e1bb40723bd57259a86de471fc407cfd00973c238958855087a202e8128
468105499c7be102deec7d6555aced688dea9901	5419770959bdb8998b693fb2275b47e29b92367c	ROUND16A_TOPOLOGY_ENUMERATION_RESULT	R16A-SUBGRAPH-D30D267A21A6CCE32B05|BINARY_CONVERGENCE	docs/audits/v49-exploration-full-space-closure-round1/raw/composition-enumeration-v2.tsv	75efbe8f0e5d18d431b1e525900da6eb30ff6abe1a97d407058e637680ada2cd	285	c0365a638f20092aeb00b1b57a80488660c84fcf918f1d6f0d861cc417667343	89817e7a449f1cc7b574fb1b89c9541f765e52825c5cb62bf0a2bb833e8f970a	"[""R16B-SENSE:4e14e64610176c44c8a9775fba3a7d484b4eee0fb06ee9553c17675cb7f0b634"",""R16B-SENSE:f0e28e13851d04c13b701f53d9b3911cb50fc572cc6203c64527804f0b37e909"",""R16B-SENSE:f26224717160ca63c45ca85fe7c23e1469baa3e10672a68beafb13d195d0915d"",""R16B-SENSE:fa3369a6eb4bebe96ee289987f963e539b8da9c27ea0f454e8a24b6bddf9306f""]"	"[""R16B-LOCAL-FAMILY:89817e7a449f1cc7b574fb1b89c9541f765e52825c5cb62bf0a2bb833e8f970a""]"	"[""INQUIRY_ONLY_OR_UNRESOLVED""]"	"[""R16A-SUBGRAPH-D30D267A21A6CCE32B05""]"	"[""R16A-PAIR:5841a12151ac0ce714f0b8e279e939bed009b3f2be71086cde6033cbbd11b4ea"",""R16A-PAIR:e153332b67669fdaa24f256bfcf61135e56eb2894e48481afc71ae4327c81422"",""R16A-PAIR:f82795fcaba53ac0c255461d014e82b9e563362b645b4c65a58e27644e22c54c""]"	INVALID	BINARY_CONVERGENCE	INQUIRY	FAMILY_FINAL_DISPOSITION:INQUIRY_ONLY_OR_UNRESOLVED	false	false	false	false	Preserve the exact prior VALID/INVALID attempt while applying the independently derived semantic outcome; never equate topology validity with group support.	6a7409fa21d761ea3ab3a90fa0c532ba6f16212ef010704a0145f82da96bebf4
468105499c7be102deec7d6555aced688dea9901	5419770959bdb8998b693fb2275b47e29b92367c	ROUND16A_TOPOLOGY_ENUMERATION_RESULT	R16A-SUBGRAPH-D30D267A21A6CCE32B05|BINARY_FORK	docs/audits/v49-exploration-full-space-closure-round1/raw/composition-enumeration-v2.tsv	75efbe8f0e5d18d431b1e525900da6eb30ff6abe1a97d407058e637680ada2cd	284	6d38f5e0dbb8735a7e181ce9cc860186abccbd08db3f02d51e0076a3ed1fc7ce	89817e7a449f1cc7b574fb1b89c9541f765e52825c5cb62bf0a2bb833e8f970a	"[""R16B-SENSE:4e14e64610176c44c8a9775fba3a7d484b4eee0fb06ee9553c17675cb7f0b634"",""R16B-SENSE:f0e28e13851d04c13b701f53d9b3911cb50fc572cc6203c64527804f0b37e909"",""R16B-SENSE:f26224717160ca63c45ca85fe7c23e1469baa3e10672a68beafb13d195d0915d"",""R16B-SENSE:fa3369a6eb4bebe96ee289987f963e539b8da9c27ea0f454e8a24b6bddf9306f""]"	"[""R16B-LOCAL-FAMILY:89817e7a449f1cc7b574fb1b89c9541f765e52825c5cb62bf0a2bb833e8f970a""]"	"[""INQUIRY_ONLY_OR_UNRESOLVED""]"	"[""R16A-SUBGRAPH-D30D267A21A6CCE32B05""]"	"[""R16A-PAIR:5841a12151ac0ce714f0b8e279e939bed009b3f2be71086cde6033cbbd11b4ea"",""R16A-PAIR:e153332b67669fdaa24f256bfcf61135e56eb2894e48481afc71ae4327c81422"",""R16A-PAIR:f82795fcaba53ac0c255461d014e82b9e563362b645b4c65a58e27644e22c54c""]"	INVALID	BINARY_FORK	INQUIRY	FAMILY_FINAL_DISPOSITION:INQUIRY_ONLY_OR_UNRESOLVED	false	false	false	false	Preserve the exact prior VALID/INVALID attempt while applying the independently derived semantic outcome; never equate topology validity with group support.	97bc15b5b8c40a6e1919297c0e75c5d4989caf59bb5e6f9024e73da00b25189c
468105499c7be102deec7d6555aced688dea9901	5419770959bdb8998b693fb2275b47e29b92367c	ROUND16A_TOPOLOGY_ENUMERATION_RESULT	R16A-SUBGRAPH-D30D267A21A6CCE32B05|EVIDENCE_GAP_TREE	docs/audits/v49-exploration-full-space-closure-round1/raw/composition-enumeration-v2.tsv	75efbe8f0e5d18d431b1e525900da6eb30ff6abe1a97d407058e637680ada2cd	288	139f89c78cf7266c9bc6fbe5e3cd188cf73044fee65386db33aaebd1c2bd34db	89817e7a449f1cc7b574fb1b89c9541f765e52825c5cb62bf0a2bb833e8f970a	"[""R16B-SENSE:4e14e64610176c44c8a9775fba3a7d484b4eee0fb06ee9553c17675cb7f0b634"",""R16B-SENSE:f0e28e13851d04c13b701f53d9b3911cb50fc572cc6203c64527804f0b37e909"",""R16B-SENSE:f26224717160ca63c45ca85fe7c23e1469baa3e10672a68beafb13d195d0915d"",""R16B-SENSE:fa3369a6eb4bebe96ee289987f963e539b8da9c27ea0f454e8a24b6bddf9306f""]"	"[""R16B-LOCAL-FAMILY:89817e7a449f1cc7b574fb1b89c9541f765e52825c5cb62bf0a2bb833e8f970a""]"	"[""INQUIRY_ONLY_OR_UNRESOLVED""]"	"[""R16A-SUBGRAPH-D30D267A21A6CCE32B05""]"	"[""R16A-PAIR:5841a12151ac0ce714f0b8e279e939bed009b3f2be71086cde6033cbbd11b4ea"",""R16A-PAIR:e153332b67669fdaa24f256bfcf61135e56eb2894e48481afc71ae4327c81422"",""R16A-PAIR:f82795fcaba53ac0c255461d014e82b9e563362b645b4c65a58e27644e22c54c""]"	INVALID	EVIDENCE_GAP_TREE	INQUIRY	FAMILY_FINAL_DISPOSITION:INQUIRY_ONLY_OR_UNRESOLVED	false	false	false	false	Preserve the exact prior VALID/INVALID attempt while applying the independently derived semantic outcome; never equate topology validity with group support.	233948a11d57caa561120332bbf0b7f45dc1e63846ed4fc176e59b16e6bbc3db
468105499c7be102deec7d6555aced688dea9901	5419770959bdb8998b693fb2275b47e29b92367c	ROUND16A_TOPOLOGY_ENUMERATION_RESULT	R16A-SUBGRAPH-D30D267A21A6CCE32B05|LINEAR_PATH	docs/audits/v49-exploration-full-space-closure-round1/raw/composition-enumeration-v2.tsv	75efbe8f0e5d18d431b1e525900da6eb30ff6abe1a97d407058e637680ada2cd	283	d67c483bed577da093733d81d982f9253db4ea8fe08030a4941cc1bd6e90b38e	89817e7a449f1cc7b574fb1b89c9541f765e52825c5cb62bf0a2bb833e8f970a	"[""R16B-SENSE:4e14e64610176c44c8a9775fba3a7d484b4eee0fb06ee9553c17675cb7f0b634"",""R16B-SENSE:f0e28e13851d04c13b701f53d9b3911cb50fc572cc6203c64527804f0b37e909"",""R16B-SENSE:f26224717160ca63c45ca85fe7c23e1469baa3e10672a68beafb13d195d0915d"",""R16B-SENSE:fa3369a6eb4bebe96ee289987f963e539b8da9c27ea0f454e8a24b6bddf9306f""]"	"[""R16B-LOCAL-FAMILY:89817e7a449f1cc7b574fb1b89c9541f765e52825c5cb62bf0a2bb833e8f970a""]"	"[""INQUIRY_ONLY_OR_UNRESOLVED""]"	"[""R16A-SUBGRAPH-D30D267A21A6CCE32B05""]"	"[""R16A-PAIR:5841a12151ac0ce714f0b8e279e939bed009b3f2be71086cde6033cbbd11b4ea"",""R16A-PAIR:e153332b67669fdaa24f256bfcf61135e56eb2894e48481afc71ae4327c81422"",""R16A-PAIR:f82795fcaba53ac0c255461d014e82b9e563362b645b4c65a58e27644e22c54c""]"	VALID	LINEAR_PATH	INQUIRY	FAMILY_FINAL_DISPOSITION:INQUIRY_ONLY_OR_UNRESOLVED	false	false	false	false	Preserve the exact prior VALID/INVALID attempt while applying the independently derived semantic outcome; never equate topology validity with group support.	420e44e2d492d30697272f8fa47ce8a8c8fabc4554749d7632b5c8701737cb3d
468105499c7be102deec7d6555aced688dea9901	5419770959bdb8998b693fb2275b47e29b92367c	ROUND16A_TOPOLOGY_ENUMERATION_RESULT	R16A-SUBGRAPH-D30D267A21A6CCE32B05|QUALIFIED_PATH	docs/audits/v49-exploration-full-space-closure-round1/raw/composition-enumeration-v2.tsv	75efbe8f0e5d18d431b1e525900da6eb30ff6abe1a97d407058e637680ada2cd	286	333822a743782ca1f169b76ca6123952fa7976aab42c949a75b170c1b93f3574	89817e7a449f1cc7b574fb1b89c9541f765e52825c5cb62bf0a2bb833e8f970a	"[""R16B-SENSE:4e14e64610176c44c8a9775fba3a7d484b4eee0fb06ee9553c17675cb7f0b634"",""R16B-SENSE:f0e28e13851d04c13b701f53d9b3911cb50fc572cc6203c64527804f0b37e909"",""R16B-SENSE:f26224717160ca63c45ca85fe7c23e1469baa3e10672a68beafb13d195d0915d"",""R16B-SENSE:fa3369a6eb4bebe96ee289987f963e539b8da9c27ea0f454e8a24b6bddf9306f""]"	"[""R16B-LOCAL-FAMILY:89817e7a449f1cc7b574fb1b89c9541f765e52825c5cb62bf0a2bb833e8f970a""]"	"[""INQUIRY_ONLY_OR_UNRESOLVED""]"	"[""R16A-SUBGRAPH-D30D267A21A6CCE32B05""]"	"[""R16A-PAIR:5841a12151ac0ce714f0b8e279e939bed009b3f2be71086cde6033cbbd11b4ea"",""R16A-PAIR:e153332b67669fdaa24f256bfcf61135e56eb2894e48481afc71ae4327c81422"",""R16A-PAIR:f82795fcaba53ac0c255461d014e82b9e563362b645b4c65a58e27644e22c54c""]"	INVALID	QUALIFIED_PATH	INQUIRY	FAMILY_FINAL_DISPOSITION:INQUIRY_ONLY_OR_UNRESOLVED	false	false	false	false	Preserve the exact prior VALID/INVALID attempt while applying the independently derived semantic outcome; never equate topology validity with group support.	d6d830033a819d0ffe7911051e7146ee02ab148650d90dd6942045a3abe73cbb
468105499c7be102deec7d6555aced688dea9901	5419770959bdb8998b693fb2275b47e29b92367c	ROUND16A_TOPOLOGY_ENUMERATION_RESULT	R16A-SUBGRAPH-D30D267A21A6CCE32B05|REFLEXIVE_RETURN	docs/audits/v49-exploration-full-space-closure-round1/raw/composition-enumeration-v2.tsv	75efbe8f0e5d18d431b1e525900da6eb30ff6abe1a97d407058e637680ada2cd	287	2b58fbb9afd62412aa20c140f0b1505ab69cf77510d0ea5baeb2205431a3fdb0	89817e7a449f1cc7b574fb1b89c9541f765e52825c5cb62bf0a2bb833e8f970a	"[""R16B-SENSE:4e14e64610176c44c8a9775fba3a7d484b4eee0fb06ee9553c17675cb7f0b634"",""R16B-SENSE:f0e28e13851d04c13b701f53d9b3911cb50fc572cc6203c64527804f0b37e909"",""R16B-SENSE:f26224717160ca63c45ca85fe7c23e1469baa3e10672a68beafb13d195d0915d"",""R16B-SENSE:fa3369a6eb4bebe96ee289987f963e539b8da9c27ea0f454e8a24b6bddf9306f""]"	"[""R16B-LOCAL-FAMILY:89817e7a449f1cc7b574fb1b89c9541f765e52825c5cb62bf0a2bb833e8f970a""]"	"[""INQUIRY_ONLY_OR_UNRESOLVED""]"	"[""R16A-SUBGRAPH-D30D267A21A6CCE32B05""]"	"[""R16A-PAIR:5841a12151ac0ce714f0b8e279e939bed009b3f2be71086cde6033cbbd11b4ea"",""R16A-PAIR:e153332b67669fdaa24f256bfcf61135e56eb2894e48481afc71ae4327c81422"",""R16A-PAIR:f82795fcaba53ac0c255461d014e82b9e563362b645b4c65a58e27644e22c54c""]"	INVALID	REFLEXIVE_RETURN	INQUIRY	FAMILY_FINAL_DISPOSITION:INQUIRY_ONLY_OR_UNRESOLVED	false	false	false	false	Preserve the exact prior VALID/INVALID attempt while applying the independently derived semantic outcome; never equate topology validity with group support.	fe947e2a2573df0e0a2197d6dadad4be7a954d8f06374fc52a4d65ed397a05d8
468105499c7be102deec7d6555aced688dea9901	5419770959bdb8998b693fb2275b47e29b92367c	ROUND16A_TOPOLOGY_ENUMERATION_RESULT	R16A-SUBGRAPH-D561EED608514B45C08E|BINARY_CONVERGENCE	docs/audits/v49-exploration-full-space-closure-round1/raw/composition-enumeration-v2.tsv	75efbe8f0e5d18d431b1e525900da6eb30ff6abe1a97d407058e637680ada2cd	291	4166e64ac24a172a3136f862f7924b9e8d29a00b7ceec4bb7723d84b904eb9e3	af25d1d4c93f79886769d53d071805bd5b6726130b153e4484121321d1122e3a	"[""R16B-SENSE:f0e28e13851d04c13b701f53d9b3911cb50fc572cc6203c64527804f0b37e909"",""R16B-SENSE:f26224717160ca63c45ca85fe7c23e1469baa3e10672a68beafb13d195d0915d"",""R16B-SENSE:fa3369a6eb4bebe96ee289987f963e539b8da9c27ea0f454e8a24b6bddf9306f""]"	"[""R16B-LOCAL-FAMILY:af25d1d4c93f79886769d53d071805bd5b6726130b153e4484121321d1122e3a""]"	"[""PAIRWISE_SUPPORT_WITHOUT_GROUP_COHERENCE""]"	"[""R16A-SUBGRAPH-D561EED608514B45C08E""]"	"[""R16A-PAIR:2ea00c84f44e9da21aae78f742f5cf6cba09fee7e94d77ff3420dc07dd64cbb5"",""R16A-PAIR:e153332b67669fdaa24f256bfcf61135e56eb2894e48481afc71ae4327c81422"",""R16A-PAIR:f82795fcaba53ac0c255461d014e82b9e563362b645b4c65a58e27644e22c54c""]"	INVALID	BINARY_CONVERGENCE	CORRECTED	FAMILY_FINAL_DISPOSITION:PAIRWISE_SUPPORT_WITHOUT_GROUP_COHERENCE	false	false	false	false	Preserve the exact prior VALID/INVALID attempt while applying the independently derived semantic outcome; never equate topology validity with group support.	deb79710c0844d86c70999ce00d642e9ad42a0c8d2cd2e23042fbd869d2f9ec1
468105499c7be102deec7d6555aced688dea9901	5419770959bdb8998b693fb2275b47e29b92367c	ROUND16A_TOPOLOGY_ENUMERATION_RESULT	R16A-SUBGRAPH-D561EED608514B45C08E|BINARY_FORK	docs/audits/v49-exploration-full-space-closure-round1/raw/composition-enumeration-v2.tsv	75efbe8f0e5d18d431b1e525900da6eb30ff6abe1a97d407058e637680ada2cd	290	8023906a33180fc95ac452395ceb0810d178e19c5017ec33e4c7b777d01f1c36	af25d1d4c93f79886769d53d071805bd5b6726130b153e4484121321d1122e3a	"[""R16B-SENSE:f0e28e13851d04c13b701f53d9b3911cb50fc572cc6203c64527804f0b37e909"",""R16B-SENSE:f26224717160ca63c45ca85fe7c23e1469baa3e10672a68beafb13d195d0915d"",""R16B-SENSE:fa3369a6eb4bebe96ee289987f963e539b8da9c27ea0f454e8a24b6bddf9306f""]"	"[""R16B-LOCAL-FAMILY:af25d1d4c93f79886769d53d071805bd5b6726130b153e4484121321d1122e3a""]"	"[""PAIRWISE_SUPPORT_WITHOUT_GROUP_COHERENCE""]"	"[""R16A-SUBGRAPH-D561EED608514B45C08E""]"	"[""R16A-PAIR:2ea00c84f44e9da21aae78f742f5cf6cba09fee7e94d77ff3420dc07dd64cbb5"",""R16A-PAIR:e153332b67669fdaa24f256bfcf61135e56eb2894e48481afc71ae4327c81422"",""R16A-PAIR:f82795fcaba53ac0c255461d014e82b9e563362b645b4c65a58e27644e22c54c""]"	INVALID	BINARY_FORK	CORRECTED	FAMILY_FINAL_DISPOSITION:PAIRWISE_SUPPORT_WITHOUT_GROUP_COHERENCE	false	false	false	false	Preserve the exact prior VALID/INVALID attempt while applying the independently derived semantic outcome; never equate topology validity with group support.	85ef33f5c4ab0880ce5d6d231363b02dd0813330125f9b5abd98e45d5e721b1a
468105499c7be102deec7d6555aced688dea9901	5419770959bdb8998b693fb2275b47e29b92367c	ROUND16A_TOPOLOGY_ENUMERATION_RESULT	R16A-SUBGRAPH-D561EED608514B45C08E|EVIDENCE_GAP_TREE	docs/audits/v49-exploration-full-space-closure-round1/raw/composition-enumeration-v2.tsv	75efbe8f0e5d18d431b1e525900da6eb30ff6abe1a97d407058e637680ada2cd	294	5b9c97511011c26a13d4a843f36d7c69a90dbafb6c511e3d606e234dfaba27fd	af25d1d4c93f79886769d53d071805bd5b6726130b153e4484121321d1122e3a	"[""R16B-SENSE:f0e28e13851d04c13b701f53d9b3911cb50fc572cc6203c64527804f0b37e909"",""R16B-SENSE:f26224717160ca63c45ca85fe7c23e1469baa3e10672a68beafb13d195d0915d"",""R16B-SENSE:fa3369a6eb4bebe96ee289987f963e539b8da9c27ea0f454e8a24b6bddf9306f""]"	"[""R16B-LOCAL-FAMILY:af25d1d4c93f79886769d53d071805bd5b6726130b153e4484121321d1122e3a""]"	"[""PAIRWISE_SUPPORT_WITHOUT_GROUP_COHERENCE""]"	"[""R16A-SUBGRAPH-D561EED608514B45C08E""]"	"[""R16A-PAIR:2ea00c84f44e9da21aae78f742f5cf6cba09fee7e94d77ff3420dc07dd64cbb5"",""R16A-PAIR:e153332b67669fdaa24f256bfcf61135e56eb2894e48481afc71ae4327c81422"",""R16A-PAIR:f82795fcaba53ac0c255461d014e82b9e563362b645b4c65a58e27644e22c54c""]"	INVALID	EVIDENCE_GAP_TREE	CORRECTED	FAMILY_FINAL_DISPOSITION:PAIRWISE_SUPPORT_WITHOUT_GROUP_COHERENCE	false	false	false	false	Preserve the exact prior VALID/INVALID attempt while applying the independently derived semantic outcome; never equate topology validity with group support.	6d7f7d4a229e36ca00263459e5c1023079d584ff30fe97e5a9caf9be95fa63b7
468105499c7be102deec7d6555aced688dea9901	5419770959bdb8998b693fb2275b47e29b92367c	ROUND16A_TOPOLOGY_ENUMERATION_RESULT	R16A-SUBGRAPH-D561EED608514B45C08E|LINEAR_PATH	docs/audits/v49-exploration-full-space-closure-round1/raw/composition-enumeration-v2.tsv	75efbe8f0e5d18d431b1e525900da6eb30ff6abe1a97d407058e637680ada2cd	289	96f9c4603c4b9b44726fedf90ccb4bd25e7ff1cafd1ec570178b0ac7ca62592b	af25d1d4c93f79886769d53d071805bd5b6726130b153e4484121321d1122e3a	"[""R16B-SENSE:f0e28e13851d04c13b701f53d9b3911cb50fc572cc6203c64527804f0b37e909"",""R16B-SENSE:f26224717160ca63c45ca85fe7c23e1469baa3e10672a68beafb13d195d0915d"",""R16B-SENSE:fa3369a6eb4bebe96ee289987f963e539b8da9c27ea0f454e8a24b6bddf9306f""]"	"[""R16B-LOCAL-FAMILY:af25d1d4c93f79886769d53d071805bd5b6726130b153e4484121321d1122e3a""]"	"[""PAIRWISE_SUPPORT_WITHOUT_GROUP_COHERENCE""]"	"[""R16A-SUBGRAPH-D561EED608514B45C08E""]"	"[""R16A-PAIR:2ea00c84f44e9da21aae78f742f5cf6cba09fee7e94d77ff3420dc07dd64cbb5"",""R16A-PAIR:e153332b67669fdaa24f256bfcf61135e56eb2894e48481afc71ae4327c81422"",""R16A-PAIR:f82795fcaba53ac0c255461d014e82b9e563362b645b4c65a58e27644e22c54c""]"	INVALID	LINEAR_PATH	CORRECTED	FAMILY_FINAL_DISPOSITION:PAIRWISE_SUPPORT_WITHOUT_GROUP_COHERENCE	false	false	false	false	Preserve the exact prior VALID/INVALID attempt while applying the independently derived semantic outcome; never equate topology validity with group support.	71b2a768b9b7a12d72d1ca7a3042fcf1dd15a6c682ccc666addbdaa494e33d12
468105499c7be102deec7d6555aced688dea9901	5419770959bdb8998b693fb2275b47e29b92367c	ROUND16A_TOPOLOGY_ENUMERATION_RESULT	R16A-SUBGRAPH-D561EED608514B45C08E|QUALIFIED_PATH	docs/audits/v49-exploration-full-space-closure-round1/raw/composition-enumeration-v2.tsv	75efbe8f0e5d18d431b1e525900da6eb30ff6abe1a97d407058e637680ada2cd	292	ed11324d63f3fc37a9a0a7c01117a4e322d017a7c8c5f8f3da0052101f34732a	af25d1d4c93f79886769d53d071805bd5b6726130b153e4484121321d1122e3a	"[""R16B-SENSE:f0e28e13851d04c13b701f53d9b3911cb50fc572cc6203c64527804f0b37e909"",""R16B-SENSE:f26224717160ca63c45ca85fe7c23e1469baa3e10672a68beafb13d195d0915d"",""R16B-SENSE:fa3369a6eb4bebe96ee289987f963e539b8da9c27ea0f454e8a24b6bddf9306f""]"	"[""R16B-LOCAL-FAMILY:af25d1d4c93f79886769d53d071805bd5b6726130b153e4484121321d1122e3a""]"	"[""PAIRWISE_SUPPORT_WITHOUT_GROUP_COHERENCE""]"	"[""R16A-SUBGRAPH-D561EED608514B45C08E""]"	"[""R16A-PAIR:2ea00c84f44e9da21aae78f742f5cf6cba09fee7e94d77ff3420dc07dd64cbb5"",""R16A-PAIR:e153332b67669fdaa24f256bfcf61135e56eb2894e48481afc71ae4327c81422"",""R16A-PAIR:f82795fcaba53ac0c255461d014e82b9e563362b645b4c65a58e27644e22c54c""]"	INVALID	QUALIFIED_PATH	CORRECTED	FAMILY_FINAL_DISPOSITION:PAIRWISE_SUPPORT_WITHOUT_GROUP_COHERENCE	false	false	false	false	Preserve the exact prior VALID/INVALID attempt while applying the independently derived semantic outcome; never equate topology validity with group support.	6923b5daa13b11d0ee5ed850aa49a341f26c0babe2169120996eadc8fc8a0eab
468105499c7be102deec7d6555aced688dea9901	5419770959bdb8998b693fb2275b47e29b92367c	ROUND16A_TOPOLOGY_ENUMERATION_RESULT	R16A-SUBGRAPH-D561EED608514B45C08E|REFLEXIVE_RETURN	docs/audits/v49-exploration-full-space-closure-round1/raw/composition-enumeration-v2.tsv	75efbe8f0e5d18d431b1e525900da6eb30ff6abe1a97d407058e637680ada2cd	293	0a549f3830498cb2fb13ea288777112796b80108022c56b87d1732c06d2b947f	af25d1d4c93f79886769d53d071805bd5b6726130b153e4484121321d1122e3a	"[""R16B-SENSE:f0e28e13851d04c13b701f53d9b3911cb50fc572cc6203c64527804f0b37e909"",""R16B-SENSE:f26224717160ca63c45ca85fe7c23e1469baa3e10672a68beafb13d195d0915d"",""R16B-SENSE:fa3369a6eb4bebe96ee289987f963e539b8da9c27ea0f454e8a24b6bddf9306f""]"	"[""R16B-LOCAL-FAMILY:af25d1d4c93f79886769d53d071805bd5b6726130b153e4484121321d1122e3a""]"	"[""PAIRWISE_SUPPORT_WITHOUT_GROUP_COHERENCE""]"	"[""R16A-SUBGRAPH-D561EED608514B45C08E""]"	"[""R16A-PAIR:2ea00c84f44e9da21aae78f742f5cf6cba09fee7e94d77ff3420dc07dd64cbb5"",""R16A-PAIR:e153332b67669fdaa24f256bfcf61135e56eb2894e48481afc71ae4327c81422"",""R16A-PAIR:f82795fcaba53ac0c255461d014e82b9e563362b645b4c65a58e27644e22c54c""]"	INVALID	REFLEXIVE_RETURN	CORRECTED	FAMILY_FINAL_DISPOSITION:PAIRWISE_SUPPORT_WITHOUT_GROUP_COHERENCE	false	false	false	false	Preserve the exact prior VALID/INVALID attempt while applying the independently derived semantic outcome; never equate topology validity with group support.	02a9de894b6d0ffd862c27d10ed2dd9f5981e2aa0d397626853ae0f7d9922edf
468105499c7be102deec7d6555aced688dea9901	5419770959bdb8998b693fb2275b47e29b92367c	ROUND16A_TOPOLOGY_ENUMERATION_RESULT	R16A-SUBGRAPH-DA88A78578BD92B43923|BINARY_CONVERGENCE	docs/audits/v49-exploration-full-space-closure-round1/raw/composition-enumeration-v2.tsv	75efbe8f0e5d18d431b1e525900da6eb30ff6abe1a97d407058e637680ada2cd	297	53d44c61a879061df3e8d16ceb1d20407a7b2f0dd68c305da6ed66b49344ee49	d60f65a78468b7b363979142d045a56d3825f9fa3fecbdcc81f6ee3352c27289	"[""R16B-SENSE:f0e28e13851d04c13b701f53d9b3911cb50fc572cc6203c64527804f0b37e909"",""R16B-SENSE:fa3369a6eb4bebe96ee289987f963e539b8da9c27ea0f454e8a24b6bddf9306f""]"	[]	[]	"[""R16A-SUBGRAPH-DA88A78578BD92B43923""]"	"[""R16A-PAIR:f82795fcaba53ac0c255461d014e82b9e563362b645b4c65a58e27644e22c54c""]"	INVALID	BINARY_CONVERGENCE	RETAINED	ROUND16A_ACTIVE_PAIR_BASELINE_NO_GROUP_CLAIM	false	false	false	false	Preserve the exact prior VALID/INVALID attempt while applying the independently derived semantic outcome; never equate topology validity with group support.	186887590dffb7cb8ca3f401bb111cfc30a013cf689128ef938d5b605d7b0abd
468105499c7be102deec7d6555aced688dea9901	5419770959bdb8998b693fb2275b47e29b92367c	ROUND16A_TOPOLOGY_ENUMERATION_RESULT	R16A-SUBGRAPH-DA88A78578BD92B43923|BINARY_FORK	docs/audits/v49-exploration-full-space-closure-round1/raw/composition-enumeration-v2.tsv	75efbe8f0e5d18d431b1e525900da6eb30ff6abe1a97d407058e637680ada2cd	296	0c5fe4a8d5a327cee1bd24bd9437b7709877f7edb792306477d8a25bcd6c306d	d60f65a78468b7b363979142d045a56d3825f9fa3fecbdcc81f6ee3352c27289	"[""R16B-SENSE:f0e28e13851d04c13b701f53d9b3911cb50fc572cc6203c64527804f0b37e909"",""R16B-SENSE:fa3369a6eb4bebe96ee289987f963e539b8da9c27ea0f454e8a24b6bddf9306f""]"	[]	[]	"[""R16A-SUBGRAPH-DA88A78578BD92B43923""]"	"[""R16A-PAIR:f82795fcaba53ac0c255461d014e82b9e563362b645b4c65a58e27644e22c54c""]"	INVALID	BINARY_FORK	RETAINED	ROUND16A_ACTIVE_PAIR_BASELINE_NO_GROUP_CLAIM	false	false	false	false	Preserve the exact prior VALID/INVALID attempt while applying the independently derived semantic outcome; never equate topology validity with group support.	b259171482d349d6388451b64a957fcd2735977a6e1182be9a6dbda2c1d614b4
468105499c7be102deec7d6555aced688dea9901	5419770959bdb8998b693fb2275b47e29b92367c	ROUND16A_TOPOLOGY_ENUMERATION_RESULT	R16A-SUBGRAPH-DA88A78578BD92B43923|EVIDENCE_GAP_TREE	docs/audits/v49-exploration-full-space-closure-round1/raw/composition-enumeration-v2.tsv	75efbe8f0e5d18d431b1e525900da6eb30ff6abe1a97d407058e637680ada2cd	300	4df362b6e34dfa583de031005957e015cbd1a3ccb64338ed2e1aa7f47e46ebf5	d60f65a78468b7b363979142d045a56d3825f9fa3fecbdcc81f6ee3352c27289	"[""R16B-SENSE:f0e28e13851d04c13b701f53d9b3911cb50fc572cc6203c64527804f0b37e909"",""R16B-SENSE:fa3369a6eb4bebe96ee289987f963e539b8da9c27ea0f454e8a24b6bddf9306f""]"	[]	[]	"[""R16A-SUBGRAPH-DA88A78578BD92B43923""]"	"[""R16A-PAIR:f82795fcaba53ac0c255461d014e82b9e563362b645b4c65a58e27644e22c54c""]"	INVALID	EVIDENCE_GAP_TREE	RETAINED	ROUND16A_ACTIVE_PAIR_BASELINE_NO_GROUP_CLAIM	false	false	false	false	Preserve the exact prior VALID/INVALID attempt while applying the independently derived semantic outcome; never equate topology validity with group support.	a1451ae5d3927069c9a62232a620f5c4b148ba845efde0cdbe56f40c389b644f
468105499c7be102deec7d6555aced688dea9901	5419770959bdb8998b693fb2275b47e29b92367c	ROUND16A_TOPOLOGY_ENUMERATION_RESULT	R16A-SUBGRAPH-DA88A78578BD92B43923|LINEAR_PATH	docs/audits/v49-exploration-full-space-closure-round1/raw/composition-enumeration-v2.tsv	75efbe8f0e5d18d431b1e525900da6eb30ff6abe1a97d407058e637680ada2cd	295	d5e397dd0534bd71241234e40eccd0ea271b213d02caeddfc039f0baa9072939	d60f65a78468b7b363979142d045a56d3825f9fa3fecbdcc81f6ee3352c27289	"[""R16B-SENSE:f0e28e13851d04c13b701f53d9b3911cb50fc572cc6203c64527804f0b37e909"",""R16B-SENSE:fa3369a6eb4bebe96ee289987f963e539b8da9c27ea0f454e8a24b6bddf9306f""]"	[]	[]	"[""R16A-SUBGRAPH-DA88A78578BD92B43923""]"	"[""R16A-PAIR:f82795fcaba53ac0c255461d014e82b9e563362b645b4c65a58e27644e22c54c""]"	VALID	LINEAR_PATH	RETAINED	ROUND16A_ACTIVE_PAIR_BASELINE_NO_GROUP_CLAIM	false	false	false	false	Preserve the exact prior VALID/INVALID attempt while applying the independently derived semantic outcome; never equate topology validity with group support.	6ac149bf49c836548711fe4a6918601f0a942e13784b6a00aafb7d66504e4ac8
468105499c7be102deec7d6555aced688dea9901	5419770959bdb8998b693fb2275b47e29b92367c	ROUND16A_TOPOLOGY_ENUMERATION_RESULT	R16A-SUBGRAPH-DA88A78578BD92B43923|QUALIFIED_PATH	docs/audits/v49-exploration-full-space-closure-round1/raw/composition-enumeration-v2.tsv	75efbe8f0e5d18d431b1e525900da6eb30ff6abe1a97d407058e637680ada2cd	298	15e8bf13dfdd13a774cb807ed5373df95a27bc3d684c85c54c9688eaab5e2144	d60f65a78468b7b363979142d045a56d3825f9fa3fecbdcc81f6ee3352c27289	"[""R16B-SENSE:f0e28e13851d04c13b701f53d9b3911cb50fc572cc6203c64527804f0b37e909"",""R16B-SENSE:fa3369a6eb4bebe96ee289987f963e539b8da9c27ea0f454e8a24b6bddf9306f""]"	[]	[]	"[""R16A-SUBGRAPH-DA88A78578BD92B43923""]"	"[""R16A-PAIR:f82795fcaba53ac0c255461d014e82b9e563362b645b4c65a58e27644e22c54c""]"	INVALID	QUALIFIED_PATH	RETAINED	ROUND16A_ACTIVE_PAIR_BASELINE_NO_GROUP_CLAIM	false	false	false	false	Preserve the exact prior VALID/INVALID attempt while applying the independently derived semantic outcome; never equate topology validity with group support.	11ecac82762e95af9c2fe1dbccbf29ad90280610ac3794400f2baddb340b97b5
468105499c7be102deec7d6555aced688dea9901	5419770959bdb8998b693fb2275b47e29b92367c	ROUND16A_TOPOLOGY_ENUMERATION_RESULT	R16A-SUBGRAPH-DA88A78578BD92B43923|REFLEXIVE_RETURN	docs/audits/v49-exploration-full-space-closure-round1/raw/composition-enumeration-v2.tsv	75efbe8f0e5d18d431b1e525900da6eb30ff6abe1a97d407058e637680ada2cd	299	603428cfe0c8c912ac9c28fd33ce72441580b8aaf077a63eb45fe8ce258726d4	d60f65a78468b7b363979142d045a56d3825f9fa3fecbdcc81f6ee3352c27289	"[""R16B-SENSE:f0e28e13851d04c13b701f53d9b3911cb50fc572cc6203c64527804f0b37e909"",""R16B-SENSE:fa3369a6eb4bebe96ee289987f963e539b8da9c27ea0f454e8a24b6bddf9306f""]"	[]	[]	"[""R16A-SUBGRAPH-DA88A78578BD92B43923""]"	"[""R16A-PAIR:f82795fcaba53ac0c255461d014e82b9e563362b645b4c65a58e27644e22c54c""]"	INVALID	REFLEXIVE_RETURN	RETAINED	ROUND16A_ACTIVE_PAIR_BASELINE_NO_GROUP_CLAIM	false	false	false	false	Preserve the exact prior VALID/INVALID attempt while applying the independently derived semantic outcome; never equate topology validity with group support.	828d762db0b4af4affdbc429e1e536887bd37a6291cf885380e6c43522db350d
468105499c7be102deec7d6555aced688dea9901	5419770959bdb8998b693fb2275b47e29b92367c	ROUND16A_TOPOLOGY_ENUMERATION_RESULT	R16A-SUBGRAPH-DE7B402C24AAB93C037C|BINARY_CONVERGENCE	docs/audits/v49-exploration-full-space-closure-round1/raw/composition-enumeration-v2.tsv	75efbe8f0e5d18d431b1e525900da6eb30ff6abe1a97d407058e637680ada2cd	303	8f2c89d79056577c1badeb17fbe129467196326e2b01dd4ba4274c6205b28b33	89817e7a449f1cc7b574fb1b89c9541f765e52825c5cb62bf0a2bb833e8f970a	"[""R16B-SENSE:4e14e64610176c44c8a9775fba3a7d484b4eee0fb06ee9553c17675cb7f0b634"",""R16B-SENSE:f0e28e13851d04c13b701f53d9b3911cb50fc572cc6203c64527804f0b37e909"",""R16B-SENSE:f26224717160ca63c45ca85fe7c23e1469baa3e10672a68beafb13d195d0915d"",""R16B-SENSE:fa3369a6eb4bebe96ee289987f963e539b8da9c27ea0f454e8a24b6bddf9306f""]"	"[""R16B-LOCAL-FAMILY:89817e7a449f1cc7b574fb1b89c9541f765e52825c5cb62bf0a2bb833e8f970a""]"	"[""INQUIRY_ONLY_OR_UNRESOLVED""]"	"[""R16A-SUBGRAPH-DE7B402C24AAB93C037C""]"	"[""R16A-PAIR:2ea00c84f44e9da21aae78f742f5cf6cba09fee7e94d77ff3420dc07dd64cbb5"",""R16A-PAIR:5841a12151ac0ce714f0b8e279e939bed009b3f2be71086cde6033cbbd11b4ea"",""R16A-PAIR:db9e8b1d1d7e17983872e3600cd1a3ce5ae7f3c907ae70bdeafcbd0b2c6a0460"",""R16A-PAIR:f82795fcaba53ac0c255461d014e82b9e563362b645b4c65a58e27644e22c54c""]"	INVALID	BINARY_CONVERGENCE	INQUIRY	FAMILY_FINAL_DISPOSITION:INQUIRY_ONLY_OR_UNRESOLVED	false	false	false	false	Preserve the exact prior VALID/INVALID attempt while applying the independently derived semantic outcome; never equate topology validity with group support.	5e131b4964875cbc1c25ed0968c8ff4b21f6b0f842414155d6089708afb1d989
468105499c7be102deec7d6555aced688dea9901	5419770959bdb8998b693fb2275b47e29b92367c	ROUND16A_TOPOLOGY_ENUMERATION_RESULT	R16A-SUBGRAPH-DE7B402C24AAB93C037C|BINARY_FORK	docs/audits/v49-exploration-full-space-closure-round1/raw/composition-enumeration-v2.tsv	75efbe8f0e5d18d431b1e525900da6eb30ff6abe1a97d407058e637680ada2cd	302	b2c0c5d2a1408414a5272d612ad6f11a33b53301d5fe9aca705f7c3d9228fce7	89817e7a449f1cc7b574fb1b89c9541f765e52825c5cb62bf0a2bb833e8f970a	"[""R16B-SENSE:4e14e64610176c44c8a9775fba3a7d484b4eee0fb06ee9553c17675cb7f0b634"",""R16B-SENSE:f0e28e13851d04c13b701f53d9b3911cb50fc572cc6203c64527804f0b37e909"",""R16B-SENSE:f26224717160ca63c45ca85fe7c23e1469baa3e10672a68beafb13d195d0915d"",""R16B-SENSE:fa3369a6eb4bebe96ee289987f963e539b8da9c27ea0f454e8a24b6bddf9306f""]"	"[""R16B-LOCAL-FAMILY:89817e7a449f1cc7b574fb1b89c9541f765e52825c5cb62bf0a2bb833e8f970a""]"	"[""INQUIRY_ONLY_OR_UNRESOLVED""]"	"[""R16A-SUBGRAPH-DE7B402C24AAB93C037C""]"	"[""R16A-PAIR:2ea00c84f44e9da21aae78f742f5cf6cba09fee7e94d77ff3420dc07dd64cbb5"",""R16A-PAIR:5841a12151ac0ce714f0b8e279e939bed009b3f2be71086cde6033cbbd11b4ea"",""R16A-PAIR:db9e8b1d1d7e17983872e3600cd1a3ce5ae7f3c907ae70bdeafcbd0b2c6a0460"",""R16A-PAIR:f82795fcaba53ac0c255461d014e82b9e563362b645b4c65a58e27644e22c54c""]"	INVALID	BINARY_FORK	INQUIRY	FAMILY_FINAL_DISPOSITION:INQUIRY_ONLY_OR_UNRESOLVED	false	false	false	false	Preserve the exact prior VALID/INVALID attempt while applying the independently derived semantic outcome; never equate topology validity with group support.	a2d14cb75bf608252096c411911396800b955992c2eca700bc16edef14762409
468105499c7be102deec7d6555aced688dea9901	5419770959bdb8998b693fb2275b47e29b92367c	ROUND16A_TOPOLOGY_ENUMERATION_RESULT	R16A-SUBGRAPH-DE7B402C24AAB93C037C|EVIDENCE_GAP_TREE	docs/audits/v49-exploration-full-space-closure-round1/raw/composition-enumeration-v2.tsv	75efbe8f0e5d18d431b1e525900da6eb30ff6abe1a97d407058e637680ada2cd	306	8a72089c9d1b22c99febdc7000da637c5fd0551134db1578a96375b158af9135	89817e7a449f1cc7b574fb1b89c9541f765e52825c5cb62bf0a2bb833e8f970a	"[""R16B-SENSE:4e14e64610176c44c8a9775fba3a7d484b4eee0fb06ee9553c17675cb7f0b634"",""R16B-SENSE:f0e28e13851d04c13b701f53d9b3911cb50fc572cc6203c64527804f0b37e909"",""R16B-SENSE:f26224717160ca63c45ca85fe7c23e1469baa3e10672a68beafb13d195d0915d"",""R16B-SENSE:fa3369a6eb4bebe96ee289987f963e539b8da9c27ea0f454e8a24b6bddf9306f""]"	"[""R16B-LOCAL-FAMILY:89817e7a449f1cc7b574fb1b89c9541f765e52825c5cb62bf0a2bb833e8f970a""]"	"[""INQUIRY_ONLY_OR_UNRESOLVED""]"	"[""R16A-SUBGRAPH-DE7B402C24AAB93C037C""]"	"[""R16A-PAIR:2ea00c84f44e9da21aae78f742f5cf6cba09fee7e94d77ff3420dc07dd64cbb5"",""R16A-PAIR:5841a12151ac0ce714f0b8e279e939bed009b3f2be71086cde6033cbbd11b4ea"",""R16A-PAIR:db9e8b1d1d7e17983872e3600cd1a3ce5ae7f3c907ae70bdeafcbd0b2c6a0460"",""R16A-PAIR:f82795fcaba53ac0c255461d014e82b9e563362b645b4c65a58e27644e22c54c""]"	INVALID	EVIDENCE_GAP_TREE	INQUIRY	FAMILY_FINAL_DISPOSITION:INQUIRY_ONLY_OR_UNRESOLVED	false	false	false	false	Preserve the exact prior VALID/INVALID attempt while applying the independently derived semantic outcome; never equate topology validity with group support.	e44220d2f915943e7f8b8e0b08a5044e72eecafcf5330bffc981e9e63e379bc1
468105499c7be102deec7d6555aced688dea9901	5419770959bdb8998b693fb2275b47e29b92367c	ROUND16A_TOPOLOGY_ENUMERATION_RESULT	R16A-SUBGRAPH-DE7B402C24AAB93C037C|LINEAR_PATH	docs/audits/v49-exploration-full-space-closure-round1/raw/composition-enumeration-v2.tsv	75efbe8f0e5d18d431b1e525900da6eb30ff6abe1a97d407058e637680ada2cd	301	3edd92454ec31fdfb8106b41b13222cfd2cbad8cd14210df1c904dc9771882f2	89817e7a449f1cc7b574fb1b89c9541f765e52825c5cb62bf0a2bb833e8f970a	"[""R16B-SENSE:4e14e64610176c44c8a9775fba3a7d484b4eee0fb06ee9553c17675cb7f0b634"",""R16B-SENSE:f0e28e13851d04c13b701f53d9b3911cb50fc572cc6203c64527804f0b37e909"",""R16B-SENSE:f26224717160ca63c45ca85fe7c23e1469baa3e10672a68beafb13d195d0915d"",""R16B-SENSE:fa3369a6eb4bebe96ee289987f963e539b8da9c27ea0f454e8a24b6bddf9306f""]"	"[""R16B-LOCAL-FAMILY:89817e7a449f1cc7b574fb1b89c9541f765e52825c5cb62bf0a2bb833e8f970a""]"	"[""INQUIRY_ONLY_OR_UNRESOLVED""]"	"[""R16A-SUBGRAPH-DE7B402C24AAB93C037C""]"	"[""R16A-PAIR:2ea00c84f44e9da21aae78f742f5cf6cba09fee7e94d77ff3420dc07dd64cbb5"",""R16A-PAIR:5841a12151ac0ce714f0b8e279e939bed009b3f2be71086cde6033cbbd11b4ea"",""R16A-PAIR:db9e8b1d1d7e17983872e3600cd1a3ce5ae7f3c907ae70bdeafcbd0b2c6a0460"",""R16A-PAIR:f82795fcaba53ac0c255461d014e82b9e563362b645b4c65a58e27644e22c54c""]"	INVALID	LINEAR_PATH	INQUIRY	FAMILY_FINAL_DISPOSITION:INQUIRY_ONLY_OR_UNRESOLVED	false	false	false	false	Preserve the exact prior VALID/INVALID attempt while applying the independently derived semantic outcome; never equate topology validity with group support.	3626c1d702d71a6362930f2fbca231166f215565b7b0a4d6d70c146e3e3c1bbe
468105499c7be102deec7d6555aced688dea9901	5419770959bdb8998b693fb2275b47e29b92367c	ROUND16A_TOPOLOGY_ENUMERATION_RESULT	R16A-SUBGRAPH-DE7B402C24AAB93C037C|QUALIFIED_PATH	docs/audits/v49-exploration-full-space-closure-round1/raw/composition-enumeration-v2.tsv	75efbe8f0e5d18d431b1e525900da6eb30ff6abe1a97d407058e637680ada2cd	304	c7a1f447900cd7ef7a3d783a0e951f950f83ec0f6f8b788d95ba38421ae3a136	89817e7a449f1cc7b574fb1b89c9541f765e52825c5cb62bf0a2bb833e8f970a	"[""R16B-SENSE:4e14e64610176c44c8a9775fba3a7d484b4eee0fb06ee9553c17675cb7f0b634"",""R16B-SENSE:f0e28e13851d04c13b701f53d9b3911cb50fc572cc6203c64527804f0b37e909"",""R16B-SENSE:f26224717160ca63c45ca85fe7c23e1469baa3e10672a68beafb13d195d0915d"",""R16B-SENSE:fa3369a6eb4bebe96ee289987f963e539b8da9c27ea0f454e8a24b6bddf9306f""]"	"[""R16B-LOCAL-FAMILY:89817e7a449f1cc7b574fb1b89c9541f765e52825c5cb62bf0a2bb833e8f970a""]"	"[""INQUIRY_ONLY_OR_UNRESOLVED""]"	"[""R16A-SUBGRAPH-DE7B402C24AAB93C037C""]"	"[""R16A-PAIR:2ea00c84f44e9da21aae78f742f5cf6cba09fee7e94d77ff3420dc07dd64cbb5"",""R16A-PAIR:5841a12151ac0ce714f0b8e279e939bed009b3f2be71086cde6033cbbd11b4ea"",""R16A-PAIR:db9e8b1d1d7e17983872e3600cd1a3ce5ae7f3c907ae70bdeafcbd0b2c6a0460"",""R16A-PAIR:f82795fcaba53ac0c255461d014e82b9e563362b645b4c65a58e27644e22c54c""]"	INVALID	QUALIFIED_PATH	INQUIRY	FAMILY_FINAL_DISPOSITION:INQUIRY_ONLY_OR_UNRESOLVED	false	false	false	false	Preserve the exact prior VALID/INVALID attempt while applying the independently derived semantic outcome; never equate topology validity with group support.	146d105ca689b4015aaae14b1b096f1d7e7e79a3f468f102a6e720293c9d587c
468105499c7be102deec7d6555aced688dea9901	5419770959bdb8998b693fb2275b47e29b92367c	ROUND16A_TOPOLOGY_ENUMERATION_RESULT	R16A-SUBGRAPH-DE7B402C24AAB93C037C|REFLEXIVE_RETURN	docs/audits/v49-exploration-full-space-closure-round1/raw/composition-enumeration-v2.tsv	75efbe8f0e5d18d431b1e525900da6eb30ff6abe1a97d407058e637680ada2cd	305	f9e014b803a053dbbf573c3eae344fc9e7ff8700abc6b90e4320d79d1cffaf0c	89817e7a449f1cc7b574fb1b89c9541f765e52825c5cb62bf0a2bb833e8f970a	"[""R16B-SENSE:4e14e64610176c44c8a9775fba3a7d484b4eee0fb06ee9553c17675cb7f0b634"",""R16B-SENSE:f0e28e13851d04c13b701f53d9b3911cb50fc572cc6203c64527804f0b37e909"",""R16B-SENSE:f26224717160ca63c45ca85fe7c23e1469baa3e10672a68beafb13d195d0915d"",""R16B-SENSE:fa3369a6eb4bebe96ee289987f963e539b8da9c27ea0f454e8a24b6bddf9306f""]"	"[""R16B-LOCAL-FAMILY:89817e7a449f1cc7b574fb1b89c9541f765e52825c5cb62bf0a2bb833e8f970a""]"	"[""INQUIRY_ONLY_OR_UNRESOLVED""]"	"[""R16A-SUBGRAPH-DE7B402C24AAB93C037C""]"	"[""R16A-PAIR:2ea00c84f44e9da21aae78f742f5cf6cba09fee7e94d77ff3420dc07dd64cbb5"",""R16A-PAIR:5841a12151ac0ce714f0b8e279e939bed009b3f2be71086cde6033cbbd11b4ea"",""R16A-PAIR:db9e8b1d1d7e17983872e3600cd1a3ce5ae7f3c907ae70bdeafcbd0b2c6a0460"",""R16A-PAIR:f82795fcaba53ac0c255461d014e82b9e563362b645b4c65a58e27644e22c54c""]"	INVALID	REFLEXIVE_RETURN	INQUIRY	FAMILY_FINAL_DISPOSITION:INQUIRY_ONLY_OR_UNRESOLVED	false	false	false	false	Preserve the exact prior VALID/INVALID attempt while applying the independently derived semantic outcome; never equate topology validity with group support.	539828842a78dfabed086a5d58fec3bbe76d2738ffb3154098c41eafa88d19c2
468105499c7be102deec7d6555aced688dea9901	5419770959bdb8998b693fb2275b47e29b92367c	ROUND16A_TOPOLOGY_ENUMERATION_RESULT	R16A-SUBGRAPH-DFA219F50E1ECBE69535|BINARY_CONVERGENCE	docs/audits/v49-exploration-full-space-closure-round1/raw/composition-enumeration-v2.tsv	75efbe8f0e5d18d431b1e525900da6eb30ff6abe1a97d407058e637680ada2cd	309	b4a9a05fb92f1f407577ef496c4c9c801957bb37fd602e84c3722c8b5af492c4	4b495df935f78f4c2bac0a899ec326275e7b8c4f755b75c98c15cdb6afeb59d1	"[""R16B-SENSE:61aaade597c45243fcdef0d2514fc52f58a066ae5c9f4ad550727cb75b124f64"",""R16B-SENSE:697603bbe891d791295d478b3b16d10add9bdab1fd92826d63d8b630f3779cfb""]"	[]	[]	"[""R16A-SUBGRAPH-DFA219F50E1ECBE69535""]"	"[""R16A-PAIR:c36555188472ea5287ed70295a1b85e92e2ba9468fc703d2fe8893de3fc55a1f""]"	INVALID	BINARY_CONVERGENCE	RETAINED	ROUND16A_ACTIVE_PAIR_BASELINE_NO_GROUP_CLAIM	false	false	false	false	Preserve the exact prior VALID/INVALID attempt while applying the independently derived semantic outcome; never equate topology validity with group support.	a150fe449f2cb44da9f638caa505ad47fe71629f7b2b15c395ab935c2533a664
468105499c7be102deec7d6555aced688dea9901	5419770959bdb8998b693fb2275b47e29b92367c	ROUND16A_TOPOLOGY_ENUMERATION_RESULT	R16A-SUBGRAPH-DFA219F50E1ECBE69535|BINARY_FORK	docs/audits/v49-exploration-full-space-closure-round1/raw/composition-enumeration-v2.tsv	75efbe8f0e5d18d431b1e525900da6eb30ff6abe1a97d407058e637680ada2cd	308	e3edc7deb5ff3ac82e29aad792b1be102a2e3b89e35fbc174488e1e6da9fff3a	4b495df935f78f4c2bac0a899ec326275e7b8c4f755b75c98c15cdb6afeb59d1	"[""R16B-SENSE:61aaade597c45243fcdef0d2514fc52f58a066ae5c9f4ad550727cb75b124f64"",""R16B-SENSE:697603bbe891d791295d478b3b16d10add9bdab1fd92826d63d8b630f3779cfb""]"	[]	[]	"[""R16A-SUBGRAPH-DFA219F50E1ECBE69535""]"	"[""R16A-PAIR:c36555188472ea5287ed70295a1b85e92e2ba9468fc703d2fe8893de3fc55a1f""]"	INVALID	BINARY_FORK	RETAINED	ROUND16A_ACTIVE_PAIR_BASELINE_NO_GROUP_CLAIM	false	false	false	false	Preserve the exact prior VALID/INVALID attempt while applying the independently derived semantic outcome; never equate topology validity with group support.	80205f0f126035b8cdd2f08934d5dafc31b438dfabf273260c63d2d42c1fabca
468105499c7be102deec7d6555aced688dea9901	5419770959bdb8998b693fb2275b47e29b92367c	ROUND16A_TOPOLOGY_ENUMERATION_RESULT	R16A-SUBGRAPH-DFA219F50E1ECBE69535|EVIDENCE_GAP_TREE	docs/audits/v49-exploration-full-space-closure-round1/raw/composition-enumeration-v2.tsv	75efbe8f0e5d18d431b1e525900da6eb30ff6abe1a97d407058e637680ada2cd	312	735c0056fd3fda22ccacd4a06df6af00ee8bb2a4e7dd6d57494ac5ad69a2042a	4b495df935f78f4c2bac0a899ec326275e7b8c4f755b75c98c15cdb6afeb59d1	"[""R16B-SENSE:61aaade597c45243fcdef0d2514fc52f58a066ae5c9f4ad550727cb75b124f64"",""R16B-SENSE:697603bbe891d791295d478b3b16d10add9bdab1fd92826d63d8b630f3779cfb""]"	[]	[]	"[""R16A-SUBGRAPH-DFA219F50E1ECBE69535""]"	"[""R16A-PAIR:c36555188472ea5287ed70295a1b85e92e2ba9468fc703d2fe8893de3fc55a1f""]"	INVALID	EVIDENCE_GAP_TREE	RETAINED	ROUND16A_ACTIVE_PAIR_BASELINE_NO_GROUP_CLAIM	false	false	false	false	Preserve the exact prior VALID/INVALID attempt while applying the independently derived semantic outcome; never equate topology validity with group support.	b0043c5b6ab27b231b76a07030f745dbe52311760818c788ecdb470a0b5679b6
468105499c7be102deec7d6555aced688dea9901	5419770959bdb8998b693fb2275b47e29b92367c	ROUND16A_TOPOLOGY_ENUMERATION_RESULT	R16A-SUBGRAPH-DFA219F50E1ECBE69535|LINEAR_PATH	docs/audits/v49-exploration-full-space-closure-round1/raw/composition-enumeration-v2.tsv	75efbe8f0e5d18d431b1e525900da6eb30ff6abe1a97d407058e637680ada2cd	307	c843e1419509ee09c4144ff7beef6381e33d25e80297bbb6e0c758cf1ad9cce0	4b495df935f78f4c2bac0a899ec326275e7b8c4f755b75c98c15cdb6afeb59d1	"[""R16B-SENSE:61aaade597c45243fcdef0d2514fc52f58a066ae5c9f4ad550727cb75b124f64"",""R16B-SENSE:697603bbe891d791295d478b3b16d10add9bdab1fd92826d63d8b630f3779cfb""]"	[]	[]	"[""R16A-SUBGRAPH-DFA219F50E1ECBE69535""]"	"[""R16A-PAIR:c36555188472ea5287ed70295a1b85e92e2ba9468fc703d2fe8893de3fc55a1f""]"	VALID	LINEAR_PATH	RETAINED	ROUND16A_ACTIVE_PAIR_BASELINE_NO_GROUP_CLAIM	false	false	false	false	Preserve the exact prior VALID/INVALID attempt while applying the independently derived semantic outcome; never equate topology validity with group support.	dd21f6f73605532f96bfbf4476d2580c6a3c1609b8acb8f71a93f64ce1e75c39
468105499c7be102deec7d6555aced688dea9901	5419770959bdb8998b693fb2275b47e29b92367c	ROUND16A_TOPOLOGY_ENUMERATION_RESULT	R16A-SUBGRAPH-DFA219F50E1ECBE69535|QUALIFIED_PATH	docs/audits/v49-exploration-full-space-closure-round1/raw/composition-enumeration-v2.tsv	75efbe8f0e5d18d431b1e525900da6eb30ff6abe1a97d407058e637680ada2cd	310	c9bed6d020b5e935c793b204b9f0d86bd97381e8a293bf2d2bf0cfcee0206eb1	4b495df935f78f4c2bac0a899ec326275e7b8c4f755b75c98c15cdb6afeb59d1	"[""R16B-SENSE:61aaade597c45243fcdef0d2514fc52f58a066ae5c9f4ad550727cb75b124f64"",""R16B-SENSE:697603bbe891d791295d478b3b16d10add9bdab1fd92826d63d8b630f3779cfb""]"	[]	[]	"[""R16A-SUBGRAPH-DFA219F50E1ECBE69535""]"	"[""R16A-PAIR:c36555188472ea5287ed70295a1b85e92e2ba9468fc703d2fe8893de3fc55a1f""]"	INVALID	QUALIFIED_PATH	RETAINED	ROUND16A_ACTIVE_PAIR_BASELINE_NO_GROUP_CLAIM	false	false	false	false	Preserve the exact prior VALID/INVALID attempt while applying the independently derived semantic outcome; never equate topology validity with group support.	42fa8382ec1fc51ba2e3f1ffe9c9276b5c02ee6e121de7634c0ae314a25c2402
468105499c7be102deec7d6555aced688dea9901	5419770959bdb8998b693fb2275b47e29b92367c	ROUND16A_TOPOLOGY_ENUMERATION_RESULT	R16A-SUBGRAPH-DFA219F50E1ECBE69535|REFLEXIVE_RETURN	docs/audits/v49-exploration-full-space-closure-round1/raw/composition-enumeration-v2.tsv	75efbe8f0e5d18d431b1e525900da6eb30ff6abe1a97d407058e637680ada2cd	311	2f86d6e18e7024a3e68567d149c724d50c040701a57347b937c935ac9d1ce42c	4b495df935f78f4c2bac0a899ec326275e7b8c4f755b75c98c15cdb6afeb59d1	"[""R16B-SENSE:61aaade597c45243fcdef0d2514fc52f58a066ae5c9f4ad550727cb75b124f64"",""R16B-SENSE:697603bbe891d791295d478b3b16d10add9bdab1fd92826d63d8b630f3779cfb""]"	[]	[]	"[""R16A-SUBGRAPH-DFA219F50E1ECBE69535""]"	"[""R16A-PAIR:c36555188472ea5287ed70295a1b85e92e2ba9468fc703d2fe8893de3fc55a1f""]"	INVALID	REFLEXIVE_RETURN	RETAINED	ROUND16A_ACTIVE_PAIR_BASELINE_NO_GROUP_CLAIM	false	false	false	false	Preserve the exact prior VALID/INVALID attempt while applying the independently derived semantic outcome; never equate topology validity with group support.	b427d2c8e33af348c06c0cb1f50b5312b8b4b1b7ac8cf6dad13b2547b0075805
468105499c7be102deec7d6555aced688dea9901	5419770959bdb8998b693fb2275b47e29b92367c	ROUND16A_TOPOLOGY_ENUMERATION_RESULT	R16A-SUBGRAPH-E0919986FAC2FE26ED15|BINARY_CONVERGENCE	docs/audits/v49-exploration-full-space-closure-round1/raw/composition-enumeration-v2.tsv	75efbe8f0e5d18d431b1e525900da6eb30ff6abe1a97d407058e637680ada2cd	315	75c2c81f12d63265235fe2b78acfd9b75efad2d72039a05fadbbc28a248b19d5	23b72032e8165ac9f164a43ac0e1932f2fe4354f1b89f62d67ebe7d497de7af1	"[""R16B-SENSE:4e14e64610176c44c8a9775fba3a7d484b4eee0fb06ee9553c17675cb7f0b634"",""R16B-SENSE:f26224717160ca63c45ca85fe7c23e1469baa3e10672a68beafb13d195d0915d"",""R16B-SENSE:fa3369a6eb4bebe96ee289987f963e539b8da9c27ea0f454e8a24b6bddf9306f""]"	"[""R16B-LOCAL-FAMILY:23b72032e8165ac9f164a43ac0e1932f2fe4354f1b89f62d67ebe7d497de7af1""]"	"[""PAIRWISE_SUPPORT_WITHOUT_GROUP_COHERENCE""]"	"[""R16A-SUBGRAPH-E0919986FAC2FE26ED15""]"	"[""R16A-PAIR:2ea00c84f44e9da21aae78f742f5cf6cba09fee7e94d77ff3420dc07dd64cbb5"",""R16A-PAIR:db9e8b1d1d7e17983872e3600cd1a3ce5ae7f3c907ae70bdeafcbd0b2c6a0460""]"	VALID	BINARY_CONVERGENCE	CORRECTED	FAMILY_FINAL_DISPOSITION:PAIRWISE_SUPPORT_WITHOUT_GROUP_COHERENCE	false	false	false	false	Preserve the exact prior VALID/INVALID attempt while applying the independently derived semantic outcome; never equate topology validity with group support.	a3a36b473794bf40a6bd91234b8b9b9188ae17b3f0b94ba8e1027611c638a5fc
468105499c7be102deec7d6555aced688dea9901	5419770959bdb8998b693fb2275b47e29b92367c	ROUND16A_TOPOLOGY_ENUMERATION_RESULT	R16A-SUBGRAPH-E0919986FAC2FE26ED15|BINARY_FORK	docs/audits/v49-exploration-full-space-closure-round1/raw/composition-enumeration-v2.tsv	75efbe8f0e5d18d431b1e525900da6eb30ff6abe1a97d407058e637680ada2cd	314	3c1b86ca6c33284ef33f164832e837d6763f93fd4c6bb6b2ec55d3d43243ca0d	23b72032e8165ac9f164a43ac0e1932f2fe4354f1b89f62d67ebe7d497de7af1	"[""R16B-SENSE:4e14e64610176c44c8a9775fba3a7d484b4eee0fb06ee9553c17675cb7f0b634"",""R16B-SENSE:f26224717160ca63c45ca85fe7c23e1469baa3e10672a68beafb13d195d0915d"",""R16B-SENSE:fa3369a6eb4bebe96ee289987f963e539b8da9c27ea0f454e8a24b6bddf9306f""]"	"[""R16B-LOCAL-FAMILY:23b72032e8165ac9f164a43ac0e1932f2fe4354f1b89f62d67ebe7d497de7af1""]"	"[""PAIRWISE_SUPPORT_WITHOUT_GROUP_COHERENCE""]"	"[""R16A-SUBGRAPH-E0919986FAC2FE26ED15""]"	"[""R16A-PAIR:2ea00c84f44e9da21aae78f742f5cf6cba09fee7e94d77ff3420dc07dd64cbb5"",""R16A-PAIR:db9e8b1d1d7e17983872e3600cd1a3ce5ae7f3c907ae70bdeafcbd0b2c6a0460""]"	VALID	BINARY_FORK	CORRECTED	FAMILY_FINAL_DISPOSITION:PAIRWISE_SUPPORT_WITHOUT_GROUP_COHERENCE	false	false	false	false	Preserve the exact prior VALID/INVALID attempt while applying the independently derived semantic outcome; never equate topology validity with group support.	bbf8aa98fdd692aed5c63b99752df2dfb79ddbf16662b6d2d7bdb867699b5b09
468105499c7be102deec7d6555aced688dea9901	5419770959bdb8998b693fb2275b47e29b92367c	ROUND16A_TOPOLOGY_ENUMERATION_RESULT	R16A-SUBGRAPH-E0919986FAC2FE26ED15|EVIDENCE_GAP_TREE	docs/audits/v49-exploration-full-space-closure-round1/raw/composition-enumeration-v2.tsv	75efbe8f0e5d18d431b1e525900da6eb30ff6abe1a97d407058e637680ada2cd	318	d8b97051c946d4450cf67f4c444e69bf0c67d6d464c511c92fe384cdd6ce9d5a	23b72032e8165ac9f164a43ac0e1932f2fe4354f1b89f62d67ebe7d497de7af1	"[""R16B-SENSE:4e14e64610176c44c8a9775fba3a7d484b4eee0fb06ee9553c17675cb7f0b634"",""R16B-SENSE:f26224717160ca63c45ca85fe7c23e1469baa3e10672a68beafb13d195d0915d"",""R16B-SENSE:fa3369a6eb4bebe96ee289987f963e539b8da9c27ea0f454e8a24b6bddf9306f""]"	"[""R16B-LOCAL-FAMILY:23b72032e8165ac9f164a43ac0e1932f2fe4354f1b89f62d67ebe7d497de7af1""]"	"[""PAIRWISE_SUPPORT_WITHOUT_GROUP_COHERENCE""]"	"[""R16A-SUBGRAPH-E0919986FAC2FE26ED15""]"	"[""R16A-PAIR:2ea00c84f44e9da21aae78f742f5cf6cba09fee7e94d77ff3420dc07dd64cbb5"",""R16A-PAIR:db9e8b1d1d7e17983872e3600cd1a3ce5ae7f3c907ae70bdeafcbd0b2c6a0460""]"	INVALID	EVIDENCE_GAP_TREE	CORRECTED	FAMILY_FINAL_DISPOSITION:PAIRWISE_SUPPORT_WITHOUT_GROUP_COHERENCE	false	false	false	false	Preserve the exact prior VALID/INVALID attempt while applying the independently derived semantic outcome; never equate topology validity with group support.	de58b8e4182a148cecba7d1970254876b6e24e7d07d88eec3cb565c6c102e482
468105499c7be102deec7d6555aced688dea9901	5419770959bdb8998b693fb2275b47e29b92367c	ROUND16A_TOPOLOGY_ENUMERATION_RESULT	R16A-SUBGRAPH-E0919986FAC2FE26ED15|LINEAR_PATH	docs/audits/v49-exploration-full-space-closure-round1/raw/composition-enumeration-v2.tsv	75efbe8f0e5d18d431b1e525900da6eb30ff6abe1a97d407058e637680ada2cd	313	071d416e98f9d8483532b2be01a56f01bba6fd560cb603d99ebf86e0b449adc6	23b72032e8165ac9f164a43ac0e1932f2fe4354f1b89f62d67ebe7d497de7af1	"[""R16B-SENSE:4e14e64610176c44c8a9775fba3a7d484b4eee0fb06ee9553c17675cb7f0b634"",""R16B-SENSE:f26224717160ca63c45ca85fe7c23e1469baa3e10672a68beafb13d195d0915d"",""R16B-SENSE:fa3369a6eb4bebe96ee289987f963e539b8da9c27ea0f454e8a24b6bddf9306f""]"	"[""R16B-LOCAL-FAMILY:23b72032e8165ac9f164a43ac0e1932f2fe4354f1b89f62d67ebe7d497de7af1""]"	"[""PAIRWISE_SUPPORT_WITHOUT_GROUP_COHERENCE""]"	"[""R16A-SUBGRAPH-E0919986FAC2FE26ED15""]"	"[""R16A-PAIR:2ea00c84f44e9da21aae78f742f5cf6cba09fee7e94d77ff3420dc07dd64cbb5"",""R16A-PAIR:db9e8b1d1d7e17983872e3600cd1a3ce5ae7f3c907ae70bdeafcbd0b2c6a0460""]"	VALID	LINEAR_PATH	CORRECTED	FAMILY_FINAL_DISPOSITION:PAIRWISE_SUPPORT_WITHOUT_GROUP_COHERENCE	false	false	false	false	Preserve the exact prior VALID/INVALID attempt while applying the independently derived semantic outcome; never equate topology validity with group support.	df2f4893e62bbfa81fb1370237a4120da6e52eae181192a8b5dda613f2b45fbc
468105499c7be102deec7d6555aced688dea9901	5419770959bdb8998b693fb2275b47e29b92367c	ROUND16A_TOPOLOGY_ENUMERATION_RESULT	R16A-SUBGRAPH-E0919986FAC2FE26ED15|QUALIFIED_PATH	docs/audits/v49-exploration-full-space-closure-round1/raw/composition-enumeration-v2.tsv	75efbe8f0e5d18d431b1e525900da6eb30ff6abe1a97d407058e637680ada2cd	316	1cf9ee9883400e343e5da83dbc6615685925ff6dc453418409a444a865975474	23b72032e8165ac9f164a43ac0e1932f2fe4354f1b89f62d67ebe7d497de7af1	"[""R16B-SENSE:4e14e64610176c44c8a9775fba3a7d484b4eee0fb06ee9553c17675cb7f0b634"",""R16B-SENSE:f26224717160ca63c45ca85fe7c23e1469baa3e10672a68beafb13d195d0915d"",""R16B-SENSE:fa3369a6eb4bebe96ee289987f963e539b8da9c27ea0f454e8a24b6bddf9306f""]"	"[""R16B-LOCAL-FAMILY:23b72032e8165ac9f164a43ac0e1932f2fe4354f1b89f62d67ebe7d497de7af1""]"	"[""PAIRWISE_SUPPORT_WITHOUT_GROUP_COHERENCE""]"	"[""R16A-SUBGRAPH-E0919986FAC2FE26ED15""]"	"[""R16A-PAIR:2ea00c84f44e9da21aae78f742f5cf6cba09fee7e94d77ff3420dc07dd64cbb5"",""R16A-PAIR:db9e8b1d1d7e17983872e3600cd1a3ce5ae7f3c907ae70bdeafcbd0b2c6a0460""]"	INVALID	QUALIFIED_PATH	CORRECTED	FAMILY_FINAL_DISPOSITION:PAIRWISE_SUPPORT_WITHOUT_GROUP_COHERENCE	false	false	false	false	Preserve the exact prior VALID/INVALID attempt while applying the independently derived semantic outcome; never equate topology validity with group support.	ba415a7ddbe262d4afd98166f1bde7f14d7fbf3b9852334ba0944c618ad72f58
468105499c7be102deec7d6555aced688dea9901	5419770959bdb8998b693fb2275b47e29b92367c	ROUND16A_TOPOLOGY_ENUMERATION_RESULT	R16A-SUBGRAPH-E0919986FAC2FE26ED15|REFLEXIVE_RETURN	docs/audits/v49-exploration-full-space-closure-round1/raw/composition-enumeration-v2.tsv	75efbe8f0e5d18d431b1e525900da6eb30ff6abe1a97d407058e637680ada2cd	317	6fa02cc99a2f2a5fbe95043c0050470e2bf4460a3b2017ffe4f0b710981d9fd8	23b72032e8165ac9f164a43ac0e1932f2fe4354f1b89f62d67ebe7d497de7af1	"[""R16B-SENSE:4e14e64610176c44c8a9775fba3a7d484b4eee0fb06ee9553c17675cb7f0b634"",""R16B-SENSE:f26224717160ca63c45ca85fe7c23e1469baa3e10672a68beafb13d195d0915d"",""R16B-SENSE:fa3369a6eb4bebe96ee289987f963e539b8da9c27ea0f454e8a24b6bddf9306f""]"	"[""R16B-LOCAL-FAMILY:23b72032e8165ac9f164a43ac0e1932f2fe4354f1b89f62d67ebe7d497de7af1""]"	"[""PAIRWISE_SUPPORT_WITHOUT_GROUP_COHERENCE""]"	"[""R16A-SUBGRAPH-E0919986FAC2FE26ED15""]"	"[""R16A-PAIR:2ea00c84f44e9da21aae78f742f5cf6cba09fee7e94d77ff3420dc07dd64cbb5"",""R16A-PAIR:db9e8b1d1d7e17983872e3600cd1a3ce5ae7f3c907ae70bdeafcbd0b2c6a0460""]"	INVALID	REFLEXIVE_RETURN	CORRECTED	FAMILY_FINAL_DISPOSITION:PAIRWISE_SUPPORT_WITHOUT_GROUP_COHERENCE	false	false	false	false	Preserve the exact prior VALID/INVALID attempt while applying the independently derived semantic outcome; never equate topology validity with group support.	1bda57081183f8eb3ebf780745d964b6b87028c06eb553637da663d69eaeff7f
468105499c7be102deec7d6555aced688dea9901	5419770959bdb8998b693fb2275b47e29b92367c	ROUND16A_TOPOLOGY_ENUMERATION_RESULT	R16A-SUBGRAPH-E7175FBB08506D3EAD55|BINARY_CONVERGENCE	docs/audits/v49-exploration-full-space-closure-round1/raw/composition-enumeration-v2.tsv	75efbe8f0e5d18d431b1e525900da6eb30ff6abe1a97d407058e637680ada2cd	321	a4151dee93c3e5aa631601f1e27a53c592fa3087238e8445e3e2754dea50939c	af25d1d4c93f79886769d53d071805bd5b6726130b153e4484121321d1122e3a	"[""R16B-SENSE:f0e28e13851d04c13b701f53d9b3911cb50fc572cc6203c64527804f0b37e909"",""R16B-SENSE:f26224717160ca63c45ca85fe7c23e1469baa3e10672a68beafb13d195d0915d"",""R16B-SENSE:fa3369a6eb4bebe96ee289987f963e539b8da9c27ea0f454e8a24b6bddf9306f""]"	"[""R16B-LOCAL-FAMILY:af25d1d4c93f79886769d53d071805bd5b6726130b153e4484121321d1122e3a""]"	"[""PAIRWISE_SUPPORT_WITHOUT_GROUP_COHERENCE""]"	"[""R16A-SUBGRAPH-E7175FBB08506D3EAD55""]"	"[""R16A-PAIR:e153332b67669fdaa24f256bfcf61135e56eb2894e48481afc71ae4327c81422"",""R16A-PAIR:f82795fcaba53ac0c255461d014e82b9e563362b645b4c65a58e27644e22c54c""]"	VALID	BINARY_CONVERGENCE	CORRECTED	FAMILY_FINAL_DISPOSITION:PAIRWISE_SUPPORT_WITHOUT_GROUP_COHERENCE	false	false	false	false	Preserve the exact prior VALID/INVALID attempt while applying the independently derived semantic outcome; never equate topology validity with group support.	76195348e57a9ada2b37d63a82cd8ec4135985ffa5e8e0449d95928a15f43c77
468105499c7be102deec7d6555aced688dea9901	5419770959bdb8998b693fb2275b47e29b92367c	ROUND16A_TOPOLOGY_ENUMERATION_RESULT	R16A-SUBGRAPH-E7175FBB08506D3EAD55|BINARY_FORK	docs/audits/v49-exploration-full-space-closure-round1/raw/composition-enumeration-v2.tsv	75efbe8f0e5d18d431b1e525900da6eb30ff6abe1a97d407058e637680ada2cd	320	a1d11100e2b3f996536314bfbda9bffb85b01c34a84faf5ce203198c1f27ea84	af25d1d4c93f79886769d53d071805bd5b6726130b153e4484121321d1122e3a	"[""R16B-SENSE:f0e28e13851d04c13b701f53d9b3911cb50fc572cc6203c64527804f0b37e909"",""R16B-SENSE:f26224717160ca63c45ca85fe7c23e1469baa3e10672a68beafb13d195d0915d"",""R16B-SENSE:fa3369a6eb4bebe96ee289987f963e539b8da9c27ea0f454e8a24b6bddf9306f""]"	"[""R16B-LOCAL-FAMILY:af25d1d4c93f79886769d53d071805bd5b6726130b153e4484121321d1122e3a""]"	"[""PAIRWISE_SUPPORT_WITHOUT_GROUP_COHERENCE""]"	"[""R16A-SUBGRAPH-E7175FBB08506D3EAD55""]"	"[""R16A-PAIR:e153332b67669fdaa24f256bfcf61135e56eb2894e48481afc71ae4327c81422"",""R16A-PAIR:f82795fcaba53ac0c255461d014e82b9e563362b645b4c65a58e27644e22c54c""]"	VALID	BINARY_FORK	CORRECTED	FAMILY_FINAL_DISPOSITION:PAIRWISE_SUPPORT_WITHOUT_GROUP_COHERENCE	false	false	false	false	Preserve the exact prior VALID/INVALID attempt while applying the independently derived semantic outcome; never equate topology validity with group support.	cf2d6cd1dd26ffbf534dd46a55ca2328c8151467a79999fdc365a7d5bc0d70d2
468105499c7be102deec7d6555aced688dea9901	5419770959bdb8998b693fb2275b47e29b92367c	ROUND16A_TOPOLOGY_ENUMERATION_RESULT	R16A-SUBGRAPH-E7175FBB08506D3EAD55|EVIDENCE_GAP_TREE	docs/audits/v49-exploration-full-space-closure-round1/raw/composition-enumeration-v2.tsv	75efbe8f0e5d18d431b1e525900da6eb30ff6abe1a97d407058e637680ada2cd	324	d7a382d6a3e237d2e0eab3c7f1eb1a1586d28eed4680c416fb35288e125fb20d	af25d1d4c93f79886769d53d071805bd5b6726130b153e4484121321d1122e3a	"[""R16B-SENSE:f0e28e13851d04c13b701f53d9b3911cb50fc572cc6203c64527804f0b37e909"",""R16B-SENSE:f26224717160ca63c45ca85fe7c23e1469baa3e10672a68beafb13d195d0915d"",""R16B-SENSE:fa3369a6eb4bebe96ee289987f963e539b8da9c27ea0f454e8a24b6bddf9306f""]"	"[""R16B-LOCAL-FAMILY:af25d1d4c93f79886769d53d071805bd5b6726130b153e4484121321d1122e3a""]"	"[""PAIRWISE_SUPPORT_WITHOUT_GROUP_COHERENCE""]"	"[""R16A-SUBGRAPH-E7175FBB08506D3EAD55""]"	"[""R16A-PAIR:e153332b67669fdaa24f256bfcf61135e56eb2894e48481afc71ae4327c81422"",""R16A-PAIR:f82795fcaba53ac0c255461d014e82b9e563362b645b4c65a58e27644e22c54c""]"	INVALID	EVIDENCE_GAP_TREE	CORRECTED	FAMILY_FINAL_DISPOSITION:PAIRWISE_SUPPORT_WITHOUT_GROUP_COHERENCE	false	false	false	false	Preserve the exact prior VALID/INVALID attempt while applying the independently derived semantic outcome; never equate topology validity with group support.	85a3f822996e70e9ee6c36fc82186d157a565d6f69ef34c9b104fc75b9c36e37
468105499c7be102deec7d6555aced688dea9901	5419770959bdb8998b693fb2275b47e29b92367c	ROUND16A_TOPOLOGY_ENUMERATION_RESULT	R16A-SUBGRAPH-E7175FBB08506D3EAD55|LINEAR_PATH	docs/audits/v49-exploration-full-space-closure-round1/raw/composition-enumeration-v2.tsv	75efbe8f0e5d18d431b1e525900da6eb30ff6abe1a97d407058e637680ada2cd	319	b0865373b13dfb31ab2267068e788a25133fb47af7837a3cacd6132dcd40dcbe	af25d1d4c93f79886769d53d071805bd5b6726130b153e4484121321d1122e3a	"[""R16B-SENSE:f0e28e13851d04c13b701f53d9b3911cb50fc572cc6203c64527804f0b37e909"",""R16B-SENSE:f26224717160ca63c45ca85fe7c23e1469baa3e10672a68beafb13d195d0915d"",""R16B-SENSE:fa3369a6eb4bebe96ee289987f963e539b8da9c27ea0f454e8a24b6bddf9306f""]"	"[""R16B-LOCAL-FAMILY:af25d1d4c93f79886769d53d071805bd5b6726130b153e4484121321d1122e3a""]"	"[""PAIRWISE_SUPPORT_WITHOUT_GROUP_COHERENCE""]"	"[""R16A-SUBGRAPH-E7175FBB08506D3EAD55""]"	"[""R16A-PAIR:e153332b67669fdaa24f256bfcf61135e56eb2894e48481afc71ae4327c81422"",""R16A-PAIR:f82795fcaba53ac0c255461d014e82b9e563362b645b4c65a58e27644e22c54c""]"	VALID	LINEAR_PATH	CORRECTED	FAMILY_FINAL_DISPOSITION:PAIRWISE_SUPPORT_WITHOUT_GROUP_COHERENCE	false	false	false	false	Preserve the exact prior VALID/INVALID attempt while applying the independently derived semantic outcome; never equate topology validity with group support.	3dc2b64d66f354f49f8680d48861d738c8b7c0fc3a1e2f57cccfea1c670d5392
468105499c7be102deec7d6555aced688dea9901	5419770959bdb8998b693fb2275b47e29b92367c	ROUND16A_TOPOLOGY_ENUMERATION_RESULT	R16A-SUBGRAPH-E7175FBB08506D3EAD55|QUALIFIED_PATH	docs/audits/v49-exploration-full-space-closure-round1/raw/composition-enumeration-v2.tsv	75efbe8f0e5d18d431b1e525900da6eb30ff6abe1a97d407058e637680ada2cd	322	d2f2f4f7700ba74802cf4f108a2e5d72c4af3aa728dbc29cfba561f35a802e3a	af25d1d4c93f79886769d53d071805bd5b6726130b153e4484121321d1122e3a	"[""R16B-SENSE:f0e28e13851d04c13b701f53d9b3911cb50fc572cc6203c64527804f0b37e909"",""R16B-SENSE:f26224717160ca63c45ca85fe7c23e1469baa3e10672a68beafb13d195d0915d"",""R16B-SENSE:fa3369a6eb4bebe96ee289987f963e539b8da9c27ea0f454e8a24b6bddf9306f""]"	"[""R16B-LOCAL-FAMILY:af25d1d4c93f79886769d53d071805bd5b6726130b153e4484121321d1122e3a""]"	"[""PAIRWISE_SUPPORT_WITHOUT_GROUP_COHERENCE""]"	"[""R16A-SUBGRAPH-E7175FBB08506D3EAD55""]"	"[""R16A-PAIR:e153332b67669fdaa24f256bfcf61135e56eb2894e48481afc71ae4327c81422"",""R16A-PAIR:f82795fcaba53ac0c255461d014e82b9e563362b645b4c65a58e27644e22c54c""]"	INVALID	QUALIFIED_PATH	CORRECTED	FAMILY_FINAL_DISPOSITION:PAIRWISE_SUPPORT_WITHOUT_GROUP_COHERENCE	false	false	false	false	Preserve the exact prior VALID/INVALID attempt while applying the independently derived semantic outcome; never equate topology validity with group support.	99e544a7bee5565984a758436155c6a4ea7bae8ea2260e08152e09ef5ac213b4
468105499c7be102deec7d6555aced688dea9901	5419770959bdb8998b693fb2275b47e29b92367c	ROUND16A_TOPOLOGY_ENUMERATION_RESULT	R16A-SUBGRAPH-E7175FBB08506D3EAD55|REFLEXIVE_RETURN	docs/audits/v49-exploration-full-space-closure-round1/raw/composition-enumeration-v2.tsv	75efbe8f0e5d18d431b1e525900da6eb30ff6abe1a97d407058e637680ada2cd	323	3902d197e958f1e90c61c3c0b884805d82977a75e6aece405881d93920f56dd2	af25d1d4c93f79886769d53d071805bd5b6726130b153e4484121321d1122e3a	"[""R16B-SENSE:f0e28e13851d04c13b701f53d9b3911cb50fc572cc6203c64527804f0b37e909"",""R16B-SENSE:f26224717160ca63c45ca85fe7c23e1469baa3e10672a68beafb13d195d0915d"",""R16B-SENSE:fa3369a6eb4bebe96ee289987f963e539b8da9c27ea0f454e8a24b6bddf9306f""]"	"[""R16B-LOCAL-FAMILY:af25d1d4c93f79886769d53d071805bd5b6726130b153e4484121321d1122e3a""]"	"[""PAIRWISE_SUPPORT_WITHOUT_GROUP_COHERENCE""]"	"[""R16A-SUBGRAPH-E7175FBB08506D3EAD55""]"	"[""R16A-PAIR:e153332b67669fdaa24f256bfcf61135e56eb2894e48481afc71ae4327c81422"",""R16A-PAIR:f82795fcaba53ac0c255461d014e82b9e563362b645b4c65a58e27644e22c54c""]"	INVALID	REFLEXIVE_RETURN	CORRECTED	FAMILY_FINAL_DISPOSITION:PAIRWISE_SUPPORT_WITHOUT_GROUP_COHERENCE	false	false	false	false	Preserve the exact prior VALID/INVALID attempt while applying the independently derived semantic outcome; never equate topology validity with group support.	f80fb772829ddf2f18f1cc24adb54b041ee0f70695196bec603309ac68f67a9e
468105499c7be102deec7d6555aced688dea9901	5419770959bdb8998b693fb2275b47e29b92367c	ROUND16A_TOPOLOGY_ENUMERATION_RESULT	R16A-SUBGRAPH-E7C15FA5CD45AC12C958|BINARY_CONVERGENCE	docs/audits/v49-exploration-full-space-closure-round1/raw/composition-enumeration-v2.tsv	75efbe8f0e5d18d431b1e525900da6eb30ff6abe1a97d407058e637680ada2cd	327	cf5824e14bdb9045479c300ca0c8a2782d1ac7274225310fb5f50ea2235b5a7b	7e0a0ee4f78d2f565c4f7771653ecc5a27828dd9fb704139d1e068f2a5fdce64	"[""R16B-SENSE:06c230c771547ee49390903e0bad7aaf44063613309c93bcbd72e808116af4c6"",""R16B-SENSE:35489187871bfd7b7be6e2d5268a3a922984d3bdad9e9a8ca61ea6edee84a5a7"",""R16B-SENSE:419a96e12217bfa4ed031510c32033cb2408489e3abb14eb28291b13c068e159""]"	"[""R16B-LOCAL-FAMILY:7e0a0ee4f78d2f565c4f7771653ecc5a27828dd9fb704139d1e068f2a5fdce64""]"	"[""BOUNDED_SENSE_OR_SCOPE_CONFLICT""]"	"[""R16A-SUBGRAPH-E7C15FA5CD45AC12C958""]"	"[""R16A-PAIR:27598c04934f3d33ad80dfb1aecc18d272cf86ee7fe3a726a95aae81144dfb06"",""R16A-PAIR:a364e4ea20e2f9e24e1fc980dc1ab703ae69a0fc86aa626a14e45cca0ea3bbb2""]"	VALID	BINARY_CONVERGENCE	REJECTED	FAMILY_FINAL_DISPOSITION:BOUNDED_SENSE_OR_SCOPE_CONFLICT	false	false	false	false	Preserve the exact prior VALID/INVALID attempt while applying the independently derived semantic outcome; never equate topology validity with group support.	94129b4d152596bad4025d9f9a8cf30f06c70c6f509162dd51cd1ccae8a7e3f8
468105499c7be102deec7d6555aced688dea9901	5419770959bdb8998b693fb2275b47e29b92367c	ROUND16A_TOPOLOGY_ENUMERATION_RESULT	R16A-SUBGRAPH-E7C15FA5CD45AC12C958|BINARY_FORK	docs/audits/v49-exploration-full-space-closure-round1/raw/composition-enumeration-v2.tsv	75efbe8f0e5d18d431b1e525900da6eb30ff6abe1a97d407058e637680ada2cd	326	df9b02541081a0844298ee6265ce5fe35958a7e547a9e67cd1c830869dca1396	7e0a0ee4f78d2f565c4f7771653ecc5a27828dd9fb704139d1e068f2a5fdce64	"[""R16B-SENSE:06c230c771547ee49390903e0bad7aaf44063613309c93bcbd72e808116af4c6"",""R16B-SENSE:35489187871bfd7b7be6e2d5268a3a922984d3bdad9e9a8ca61ea6edee84a5a7"",""R16B-SENSE:419a96e12217bfa4ed031510c32033cb2408489e3abb14eb28291b13c068e159""]"	"[""R16B-LOCAL-FAMILY:7e0a0ee4f78d2f565c4f7771653ecc5a27828dd9fb704139d1e068f2a5fdce64""]"	"[""BOUNDED_SENSE_OR_SCOPE_CONFLICT""]"	"[""R16A-SUBGRAPH-E7C15FA5CD45AC12C958""]"	"[""R16A-PAIR:27598c04934f3d33ad80dfb1aecc18d272cf86ee7fe3a726a95aae81144dfb06"",""R16A-PAIR:a364e4ea20e2f9e24e1fc980dc1ab703ae69a0fc86aa626a14e45cca0ea3bbb2""]"	VALID	BINARY_FORK	REJECTED	FAMILY_FINAL_DISPOSITION:BOUNDED_SENSE_OR_SCOPE_CONFLICT	false	false	false	false	Preserve the exact prior VALID/INVALID attempt while applying the independently derived semantic outcome; never equate topology validity with group support.	dd8e4f87035394801ccfecc611b21ce692e7948a1bffb01b1261d0e66f3f342b
468105499c7be102deec7d6555aced688dea9901	5419770959bdb8998b693fb2275b47e29b92367c	ROUND16A_TOPOLOGY_ENUMERATION_RESULT	R16A-SUBGRAPH-E7C15FA5CD45AC12C958|EVIDENCE_GAP_TREE	docs/audits/v49-exploration-full-space-closure-round1/raw/composition-enumeration-v2.tsv	75efbe8f0e5d18d431b1e525900da6eb30ff6abe1a97d407058e637680ada2cd	330	3fec18fa38a47dbb64b34ece95448dbe5bed390bec99723c2ede63fbf030f07c	7e0a0ee4f78d2f565c4f7771653ecc5a27828dd9fb704139d1e068f2a5fdce64	"[""R16B-SENSE:06c230c771547ee49390903e0bad7aaf44063613309c93bcbd72e808116af4c6"",""R16B-SENSE:35489187871bfd7b7be6e2d5268a3a922984d3bdad9e9a8ca61ea6edee84a5a7"",""R16B-SENSE:419a96e12217bfa4ed031510c32033cb2408489e3abb14eb28291b13c068e159""]"	"[""R16B-LOCAL-FAMILY:7e0a0ee4f78d2f565c4f7771653ecc5a27828dd9fb704139d1e068f2a5fdce64""]"	"[""BOUNDED_SENSE_OR_SCOPE_CONFLICT""]"	"[""R16A-SUBGRAPH-E7C15FA5CD45AC12C958""]"	"[""R16A-PAIR:27598c04934f3d33ad80dfb1aecc18d272cf86ee7fe3a726a95aae81144dfb06"",""R16A-PAIR:a364e4ea20e2f9e24e1fc980dc1ab703ae69a0fc86aa626a14e45cca0ea3bbb2""]"	INVALID	EVIDENCE_GAP_TREE	REJECTED	FAMILY_FINAL_DISPOSITION:BOUNDED_SENSE_OR_SCOPE_CONFLICT	false	false	false	false	Preserve the exact prior VALID/INVALID attempt while applying the independently derived semantic outcome; never equate topology validity with group support.	270358e537f8dfb5979ccc4a3c06d742cf5b5191a06d4ff6e8f34e9989652d92
468105499c7be102deec7d6555aced688dea9901	5419770959bdb8998b693fb2275b47e29b92367c	ROUND16A_TOPOLOGY_ENUMERATION_RESULT	R16A-SUBGRAPH-E7C15FA5CD45AC12C958|LINEAR_PATH	docs/audits/v49-exploration-full-space-closure-round1/raw/composition-enumeration-v2.tsv	75efbe8f0e5d18d431b1e525900da6eb30ff6abe1a97d407058e637680ada2cd	325	8b79ac6148f438bca40c3bd21ea9a39fff6d61fe6f906d964fc42cef4ae30853	7e0a0ee4f78d2f565c4f7771653ecc5a27828dd9fb704139d1e068f2a5fdce64	"[""R16B-SENSE:06c230c771547ee49390903e0bad7aaf44063613309c93bcbd72e808116af4c6"",""R16B-SENSE:35489187871bfd7b7be6e2d5268a3a922984d3bdad9e9a8ca61ea6edee84a5a7"",""R16B-SENSE:419a96e12217bfa4ed031510c32033cb2408489e3abb14eb28291b13c068e159""]"	"[""R16B-LOCAL-FAMILY:7e0a0ee4f78d2f565c4f7771653ecc5a27828dd9fb704139d1e068f2a5fdce64""]"	"[""BOUNDED_SENSE_OR_SCOPE_CONFLICT""]"	"[""R16A-SUBGRAPH-E7C15FA5CD45AC12C958""]"	"[""R16A-PAIR:27598c04934f3d33ad80dfb1aecc18d272cf86ee7fe3a726a95aae81144dfb06"",""R16A-PAIR:a364e4ea20e2f9e24e1fc980dc1ab703ae69a0fc86aa626a14e45cca0ea3bbb2""]"	VALID	LINEAR_PATH	REJECTED	FAMILY_FINAL_DISPOSITION:BOUNDED_SENSE_OR_SCOPE_CONFLICT	false	false	false	false	Preserve the exact prior VALID/INVALID attempt while applying the independently derived semantic outcome; never equate topology validity with group support.	b8fe38fd2439bc8f8bd0aaf09a812e94a9f77e4547c7890fcd5813258a2cf08d
468105499c7be102deec7d6555aced688dea9901	5419770959bdb8998b693fb2275b47e29b92367c	ROUND16A_TOPOLOGY_ENUMERATION_RESULT	R16A-SUBGRAPH-E7C15FA5CD45AC12C958|QUALIFIED_PATH	docs/audits/v49-exploration-full-space-closure-round1/raw/composition-enumeration-v2.tsv	75efbe8f0e5d18d431b1e525900da6eb30ff6abe1a97d407058e637680ada2cd	328	65399f75f30c1cc725819228964dcd3fc5587e3bca94a548d60f6d463635bafa	7e0a0ee4f78d2f565c4f7771653ecc5a27828dd9fb704139d1e068f2a5fdce64	"[""R16B-SENSE:06c230c771547ee49390903e0bad7aaf44063613309c93bcbd72e808116af4c6"",""R16B-SENSE:35489187871bfd7b7be6e2d5268a3a922984d3bdad9e9a8ca61ea6edee84a5a7"",""R16B-SENSE:419a96e12217bfa4ed031510c32033cb2408489e3abb14eb28291b13c068e159""]"	"[""R16B-LOCAL-FAMILY:7e0a0ee4f78d2f565c4f7771653ecc5a27828dd9fb704139d1e068f2a5fdce64""]"	"[""BOUNDED_SENSE_OR_SCOPE_CONFLICT""]"	"[""R16A-SUBGRAPH-E7C15FA5CD45AC12C958""]"	"[""R16A-PAIR:27598c04934f3d33ad80dfb1aecc18d272cf86ee7fe3a726a95aae81144dfb06"",""R16A-PAIR:a364e4ea20e2f9e24e1fc980dc1ab703ae69a0fc86aa626a14e45cca0ea3bbb2""]"	INVALID	QUALIFIED_PATH	REJECTED	FAMILY_FINAL_DISPOSITION:BOUNDED_SENSE_OR_SCOPE_CONFLICT	false	false	false	false	Preserve the exact prior VALID/INVALID attempt while applying the independently derived semantic outcome; never equate topology validity with group support.	6c410b5600a9a92b2c6ce3770885f56987b6458f015ac30810f6dd35df5da0d5
468105499c7be102deec7d6555aced688dea9901	5419770959bdb8998b693fb2275b47e29b92367c	ROUND16A_TOPOLOGY_ENUMERATION_RESULT	R16A-SUBGRAPH-E7C15FA5CD45AC12C958|REFLEXIVE_RETURN	docs/audits/v49-exploration-full-space-closure-round1/raw/composition-enumeration-v2.tsv	75efbe8f0e5d18d431b1e525900da6eb30ff6abe1a97d407058e637680ada2cd	329	e440bd5f72505b2ee616afb2230cd7a2f04dd445be62d6af4d5679e32e971616	7e0a0ee4f78d2f565c4f7771653ecc5a27828dd9fb704139d1e068f2a5fdce64	"[""R16B-SENSE:06c230c771547ee49390903e0bad7aaf44063613309c93bcbd72e808116af4c6"",""R16B-SENSE:35489187871bfd7b7be6e2d5268a3a922984d3bdad9e9a8ca61ea6edee84a5a7"",""R16B-SENSE:419a96e12217bfa4ed031510c32033cb2408489e3abb14eb28291b13c068e159""]"	"[""R16B-LOCAL-FAMILY:7e0a0ee4f78d2f565c4f7771653ecc5a27828dd9fb704139d1e068f2a5fdce64""]"	"[""BOUNDED_SENSE_OR_SCOPE_CONFLICT""]"	"[""R16A-SUBGRAPH-E7C15FA5CD45AC12C958""]"	"[""R16A-PAIR:27598c04934f3d33ad80dfb1aecc18d272cf86ee7fe3a726a95aae81144dfb06"",""R16A-PAIR:a364e4ea20e2f9e24e1fc980dc1ab703ae69a0fc86aa626a14e45cca0ea3bbb2""]"	INVALID	REFLEXIVE_RETURN	REJECTED	FAMILY_FINAL_DISPOSITION:BOUNDED_SENSE_OR_SCOPE_CONFLICT	false	false	false	false	Preserve the exact prior VALID/INVALID attempt while applying the independently derived semantic outcome; never equate topology validity with group support.	7a2f55ccb8c3ec8896b29cc8f4803e4d01d9e571e0972b94c5639173a064a181
468105499c7be102deec7d6555aced688dea9901	5419770959bdb8998b693fb2275b47e29b92367c	ROUND16A_TOPOLOGY_ENUMERATION_RESULT	R16A-SUBGRAPH-EDE74C528D9161D59276|BINARY_CONVERGENCE	docs/audits/v49-exploration-full-space-closure-round1/raw/composition-enumeration-v2.tsv	75efbe8f0e5d18d431b1e525900da6eb30ff6abe1a97d407058e637680ada2cd	333	89819b23784713991a03b1c69f7fd7418ea6104f696277f6890346d5ab39dba3	89817e7a449f1cc7b574fb1b89c9541f765e52825c5cb62bf0a2bb833e8f970a	"[""R16B-SENSE:4e14e64610176c44c8a9775fba3a7d484b4eee0fb06ee9553c17675cb7f0b634"",""R16B-SENSE:f0e28e13851d04c13b701f53d9b3911cb50fc572cc6203c64527804f0b37e909"",""R16B-SENSE:f26224717160ca63c45ca85fe7c23e1469baa3e10672a68beafb13d195d0915d"",""R16B-SENSE:fa3369a6eb4bebe96ee289987f963e539b8da9c27ea0f454e8a24b6bddf9306f""]"	"[""R16B-LOCAL-FAMILY:89817e7a449f1cc7b574fb1b89c9541f765e52825c5cb62bf0a2bb833e8f970a""]"	"[""INQUIRY_ONLY_OR_UNRESOLVED""]"	"[""R16A-SUBGRAPH-EDE74C528D9161D59276""]"	"[""R16A-PAIR:2ea00c84f44e9da21aae78f742f5cf6cba09fee7e94d77ff3420dc07dd64cbb5"",""R16A-PAIR:5841a12151ac0ce714f0b8e279e939bed009b3f2be71086cde6033cbbd11b4ea"",""R16A-PAIR:db9e8b1d1d7e17983872e3600cd1a3ce5ae7f3c907ae70bdeafcbd0b2c6a0460"",""R16A-PAIR:e153332b67669fdaa24f256bfcf61135e56eb2894e48481afc71ae4327c81422"",""R16A-PAIR:f82795fcaba53ac0c255461d014e82b9e563362b645b4c65a58e27644e22c54c""]"	INVALID	BINARY_CONVERGENCE	INQUIRY	FAMILY_FINAL_DISPOSITION:INQUIRY_ONLY_OR_UNRESOLVED	false	false	false	false	Preserve the exact prior VALID/INVALID attempt while applying the independently derived semantic outcome; never equate topology validity with group support.	7a2d4ca8c863a56a7f57603b0520d5cb881d12f3be1756c4a216daa72f695220
468105499c7be102deec7d6555aced688dea9901	5419770959bdb8998b693fb2275b47e29b92367c	ROUND16A_TOPOLOGY_ENUMERATION_RESULT	R16A-SUBGRAPH-EDE74C528D9161D59276|BINARY_FORK	docs/audits/v49-exploration-full-space-closure-round1/raw/composition-enumeration-v2.tsv	75efbe8f0e5d18d431b1e525900da6eb30ff6abe1a97d407058e637680ada2cd	332	e5fce71b88897ee2fb45ae14878cbfb073ea9fea9534f4e6fcd1c83463c0e7da	89817e7a449f1cc7b574fb1b89c9541f765e52825c5cb62bf0a2bb833e8f970a	"[""R16B-SENSE:4e14e64610176c44c8a9775fba3a7d484b4eee0fb06ee9553c17675cb7f0b634"",""R16B-SENSE:f0e28e13851d04c13b701f53d9b3911cb50fc572cc6203c64527804f0b37e909"",""R16B-SENSE:f26224717160ca63c45ca85fe7c23e1469baa3e10672a68beafb13d195d0915d"",""R16B-SENSE:fa3369a6eb4bebe96ee289987f963e539b8da9c27ea0f454e8a24b6bddf9306f""]"	"[""R16B-LOCAL-FAMILY:89817e7a449f1cc7b574fb1b89c9541f765e52825c5cb62bf0a2bb833e8f970a""]"	"[""INQUIRY_ONLY_OR_UNRESOLVED""]"	"[""R16A-SUBGRAPH-EDE74C528D9161D59276""]"	"[""R16A-PAIR:2ea00c84f44e9da21aae78f742f5cf6cba09fee7e94d77ff3420dc07dd64cbb5"",""R16A-PAIR:5841a12151ac0ce714f0b8e279e939bed009b3f2be71086cde6033cbbd11b4ea"",""R16A-PAIR:db9e8b1d1d7e17983872e3600cd1a3ce5ae7f3c907ae70bdeafcbd0b2c6a0460"",""R16A-PAIR:e153332b67669fdaa24f256bfcf61135e56eb2894e48481afc71ae4327c81422"",""R16A-PAIR:f82795fcaba53ac0c255461d014e82b9e563362b645b4c65a58e27644e22c54c""]"	INVALID	BINARY_FORK	INQUIRY	FAMILY_FINAL_DISPOSITION:INQUIRY_ONLY_OR_UNRESOLVED	false	false	false	false	Preserve the exact prior VALID/INVALID attempt while applying the independently derived semantic outcome; never equate topology validity with group support.	8755382a2c350173743a853e9490a6717c9b0b84e4a6582b0b95350b8b03871d
468105499c7be102deec7d6555aced688dea9901	5419770959bdb8998b693fb2275b47e29b92367c	ROUND16A_TOPOLOGY_ENUMERATION_RESULT	R16A-SUBGRAPH-EDE74C528D9161D59276|EVIDENCE_GAP_TREE	docs/audits/v49-exploration-full-space-closure-round1/raw/composition-enumeration-v2.tsv	75efbe8f0e5d18d431b1e525900da6eb30ff6abe1a97d407058e637680ada2cd	336	2358023c29ab0ac9694955e4d7b758fe3fb95725bbc81c0890a3d44e187d83d8	89817e7a449f1cc7b574fb1b89c9541f765e52825c5cb62bf0a2bb833e8f970a	"[""R16B-SENSE:4e14e64610176c44c8a9775fba3a7d484b4eee0fb06ee9553c17675cb7f0b634"",""R16B-SENSE:f0e28e13851d04c13b701f53d9b3911cb50fc572cc6203c64527804f0b37e909"",""R16B-SENSE:f26224717160ca63c45ca85fe7c23e1469baa3e10672a68beafb13d195d0915d"",""R16B-SENSE:fa3369a6eb4bebe96ee289987f963e539b8da9c27ea0f454e8a24b6bddf9306f""]"	"[""R16B-LOCAL-FAMILY:89817e7a449f1cc7b574fb1b89c9541f765e52825c5cb62bf0a2bb833e8f970a""]"	"[""INQUIRY_ONLY_OR_UNRESOLVED""]"	"[""R16A-SUBGRAPH-EDE74C528D9161D59276""]"	"[""R16A-PAIR:2ea00c84f44e9da21aae78f742f5cf6cba09fee7e94d77ff3420dc07dd64cbb5"",""R16A-PAIR:5841a12151ac0ce714f0b8e279e939bed009b3f2be71086cde6033cbbd11b4ea"",""R16A-PAIR:db9e8b1d1d7e17983872e3600cd1a3ce5ae7f3c907ae70bdeafcbd0b2c6a0460"",""R16A-PAIR:e153332b67669fdaa24f256bfcf61135e56eb2894e48481afc71ae4327c81422"",""R16A-PAIR:f82795fcaba53ac0c255461d014e82b9e563362b645b4c65a58e27644e22c54c""]"	INVALID	EVIDENCE_GAP_TREE	INQUIRY	FAMILY_FINAL_DISPOSITION:INQUIRY_ONLY_OR_UNRESOLVED	false	false	false	false	Preserve the exact prior VALID/INVALID attempt while applying the independently derived semantic outcome; never equate topology validity with group support.	a59b339912c16ea834bfc93a3437f5597de9126753c62df14133453099e92a3c
468105499c7be102deec7d6555aced688dea9901	5419770959bdb8998b693fb2275b47e29b92367c	ROUND16A_TOPOLOGY_ENUMERATION_RESULT	R16A-SUBGRAPH-EDE74C528D9161D59276|LINEAR_PATH	docs/audits/v49-exploration-full-space-closure-round1/raw/composition-enumeration-v2.tsv	75efbe8f0e5d18d431b1e525900da6eb30ff6abe1a97d407058e637680ada2cd	331	082aac98d92fe1cedbd43e42230db84a4e3ae75bb17e6956fdbd9e2ac6292966	89817e7a449f1cc7b574fb1b89c9541f765e52825c5cb62bf0a2bb833e8f970a	"[""R16B-SENSE:4e14e64610176c44c8a9775fba3a7d484b4eee0fb06ee9553c17675cb7f0b634"",""R16B-SENSE:f0e28e13851d04c13b701f53d9b3911cb50fc572cc6203c64527804f0b37e909"",""R16B-SENSE:f26224717160ca63c45ca85fe7c23e1469baa3e10672a68beafb13d195d0915d"",""R16B-SENSE:fa3369a6eb4bebe96ee289987f963e539b8da9c27ea0f454e8a24b6bddf9306f""]"	"[""R16B-LOCAL-FAMILY:89817e7a449f1cc7b574fb1b89c9541f765e52825c5cb62bf0a2bb833e8f970a""]"	"[""INQUIRY_ONLY_OR_UNRESOLVED""]"	"[""R16A-SUBGRAPH-EDE74C528D9161D59276""]"	"[""R16A-PAIR:2ea00c84f44e9da21aae78f742f5cf6cba09fee7e94d77ff3420dc07dd64cbb5"",""R16A-PAIR:5841a12151ac0ce714f0b8e279e939bed009b3f2be71086cde6033cbbd11b4ea"",""R16A-PAIR:db9e8b1d1d7e17983872e3600cd1a3ce5ae7f3c907ae70bdeafcbd0b2c6a0460"",""R16A-PAIR:e153332b67669fdaa24f256bfcf61135e56eb2894e48481afc71ae4327c81422"",""R16A-PAIR:f82795fcaba53ac0c255461d014e82b9e563362b645b4c65a58e27644e22c54c""]"	INVALID	LINEAR_PATH	INQUIRY	FAMILY_FINAL_DISPOSITION:INQUIRY_ONLY_OR_UNRESOLVED	false	false	false	false	Preserve the exact prior VALID/INVALID attempt while applying the independently derived semantic outcome; never equate topology validity with group support.	ba5255b3065bf3b34744fd8304a326c00ec388f499fa267ebc176bc078657389
468105499c7be102deec7d6555aced688dea9901	5419770959bdb8998b693fb2275b47e29b92367c	ROUND16A_TOPOLOGY_ENUMERATION_RESULT	R16A-SUBGRAPH-EDE74C528D9161D59276|QUALIFIED_PATH	docs/audits/v49-exploration-full-space-closure-round1/raw/composition-enumeration-v2.tsv	75efbe8f0e5d18d431b1e525900da6eb30ff6abe1a97d407058e637680ada2cd	334	b2115486d34e55f09e75be23b7c08aab81ca9646fc5aa7c19cf2b9649ee8645e	89817e7a449f1cc7b574fb1b89c9541f765e52825c5cb62bf0a2bb833e8f970a	"[""R16B-SENSE:4e14e64610176c44c8a9775fba3a7d484b4eee0fb06ee9553c17675cb7f0b634"",""R16B-SENSE:f0e28e13851d04c13b701f53d9b3911cb50fc572cc6203c64527804f0b37e909"",""R16B-SENSE:f26224717160ca63c45ca85fe7c23e1469baa3e10672a68beafb13d195d0915d"",""R16B-SENSE:fa3369a6eb4bebe96ee289987f963e539b8da9c27ea0f454e8a24b6bddf9306f""]"	"[""R16B-LOCAL-FAMILY:89817e7a449f1cc7b574fb1b89c9541f765e52825c5cb62bf0a2bb833e8f970a""]"	"[""INQUIRY_ONLY_OR_UNRESOLVED""]"	"[""R16A-SUBGRAPH-EDE74C528D9161D59276""]"	"[""R16A-PAIR:2ea00c84f44e9da21aae78f742f5cf6cba09fee7e94d77ff3420dc07dd64cbb5"",""R16A-PAIR:5841a12151ac0ce714f0b8e279e939bed009b3f2be71086cde6033cbbd11b4ea"",""R16A-PAIR:db9e8b1d1d7e17983872e3600cd1a3ce5ae7f3c907ae70bdeafcbd0b2c6a0460"",""R16A-PAIR:e153332b67669fdaa24f256bfcf61135e56eb2894e48481afc71ae4327c81422"",""R16A-PAIR:f82795fcaba53ac0c255461d014e82b9e563362b645b4c65a58e27644e22c54c""]"	INVALID	QUALIFIED_PATH	INQUIRY	FAMILY_FINAL_DISPOSITION:INQUIRY_ONLY_OR_UNRESOLVED	false	false	false	false	Preserve the exact prior VALID/INVALID attempt while applying the independently derived semantic outcome; never equate topology validity with group support.	8d4141e46e96959c53e074f24ec13929eaba13524b54d0371519e7228421f1f8
468105499c7be102deec7d6555aced688dea9901	5419770959bdb8998b693fb2275b47e29b92367c	ROUND16A_TOPOLOGY_ENUMERATION_RESULT	R16A-SUBGRAPH-EDE74C528D9161D59276|REFLEXIVE_RETURN	docs/audits/v49-exploration-full-space-closure-round1/raw/composition-enumeration-v2.tsv	75efbe8f0e5d18d431b1e525900da6eb30ff6abe1a97d407058e637680ada2cd	335	2c7756904764a0a14758d64c6cf02c7438245d583ab14412eb8a1cbbbc5e156e	89817e7a449f1cc7b574fb1b89c9541f765e52825c5cb62bf0a2bb833e8f970a	"[""R16B-SENSE:4e14e64610176c44c8a9775fba3a7d484b4eee0fb06ee9553c17675cb7f0b634"",""R16B-SENSE:f0e28e13851d04c13b701f53d9b3911cb50fc572cc6203c64527804f0b37e909"",""R16B-SENSE:f26224717160ca63c45ca85fe7c23e1469baa3e10672a68beafb13d195d0915d"",""R16B-SENSE:fa3369a6eb4bebe96ee289987f963e539b8da9c27ea0f454e8a24b6bddf9306f""]"	"[""R16B-LOCAL-FAMILY:89817e7a449f1cc7b574fb1b89c9541f765e52825c5cb62bf0a2bb833e8f970a""]"	"[""INQUIRY_ONLY_OR_UNRESOLVED""]"	"[""R16A-SUBGRAPH-EDE74C528D9161D59276""]"	"[""R16A-PAIR:2ea00c84f44e9da21aae78f742f5cf6cba09fee7e94d77ff3420dc07dd64cbb5"",""R16A-PAIR:5841a12151ac0ce714f0b8e279e939bed009b3f2be71086cde6033cbbd11b4ea"",""R16A-PAIR:db9e8b1d1d7e17983872e3600cd1a3ce5ae7f3c907ae70bdeafcbd0b2c6a0460"",""R16A-PAIR:e153332b67669fdaa24f256bfcf61135e56eb2894e48481afc71ae4327c81422"",""R16A-PAIR:f82795fcaba53ac0c255461d014e82b9e563362b645b4c65a58e27644e22c54c""]"	INVALID	REFLEXIVE_RETURN	INQUIRY	FAMILY_FINAL_DISPOSITION:INQUIRY_ONLY_OR_UNRESOLVED	false	false	false	false	Preserve the exact prior VALID/INVALID attempt while applying the independently derived semantic outcome; never equate topology validity with group support.	7ac3449bd9b5a7323f2be646e39f94297939078624bf10e7df87beef4393948b
468105499c7be102deec7d6555aced688dea9901	5419770959bdb8998b693fb2275b47e29b92367c	ROUND16A_TOPOLOGY_ENUMERATION_RESULT	R16A-SUBGRAPH-F7CE9082FC65E34BBED8|BINARY_CONVERGENCE	docs/audits/v49-exploration-full-space-closure-round1/raw/composition-enumeration-v2.tsv	75efbe8f0e5d18d431b1e525900da6eb30ff6abe1a97d407058e637680ada2cd	339	9f1c5ab38a1a5c9f3f0a5a5ec5c13ea32a91762d3dd7603276fbbcf9909444a4	89817e7a449f1cc7b574fb1b89c9541f765e52825c5cb62bf0a2bb833e8f970a	"[""R16B-SENSE:4e14e64610176c44c8a9775fba3a7d484b4eee0fb06ee9553c17675cb7f0b634"",""R16B-SENSE:f0e28e13851d04c13b701f53d9b3911cb50fc572cc6203c64527804f0b37e909"",""R16B-SENSE:f26224717160ca63c45ca85fe7c23e1469baa3e10672a68beafb13d195d0915d"",""R16B-SENSE:fa3369a6eb4bebe96ee289987f963e539b8da9c27ea0f454e8a24b6bddf9306f""]"	"[""R16B-LOCAL-FAMILY:89817e7a449f1cc7b574fb1b89c9541f765e52825c5cb62bf0a2bb833e8f970a""]"	"[""INQUIRY_ONLY_OR_UNRESOLVED""]"	"[""R16A-SUBGRAPH-F7CE9082FC65E34BBED8""]"	"[""R16A-PAIR:5841a12151ac0ce714f0b8e279e939bed009b3f2be71086cde6033cbbd11b4ea"",""R16A-PAIR:db9e8b1d1d7e17983872e3600cd1a3ce5ae7f3c907ae70bdeafcbd0b2c6a0460"",""R16A-PAIR:f82795fcaba53ac0c255461d014e82b9e563362b645b4c65a58e27644e22c54c""]"	INVALID	BINARY_CONVERGENCE	INQUIRY	FAMILY_FINAL_DISPOSITION:INQUIRY_ONLY_OR_UNRESOLVED	false	false	false	false	Preserve the exact prior VALID/INVALID attempt while applying the independently derived semantic outcome; never equate topology validity with group support.	5b774019c0e444810b1be8f25501327cd4e1595548339f4c313a3517e5592af8
468105499c7be102deec7d6555aced688dea9901	5419770959bdb8998b693fb2275b47e29b92367c	ROUND16A_TOPOLOGY_ENUMERATION_RESULT	R16A-SUBGRAPH-F7CE9082FC65E34BBED8|BINARY_FORK	docs/audits/v49-exploration-full-space-closure-round1/raw/composition-enumeration-v2.tsv	75efbe8f0e5d18d431b1e525900da6eb30ff6abe1a97d407058e637680ada2cd	338	ab6973686af569e9a5a00cd16723d46e2d3284652c57b5dc18bf11d6d66972eb	89817e7a449f1cc7b574fb1b89c9541f765e52825c5cb62bf0a2bb833e8f970a	"[""R16B-SENSE:4e14e64610176c44c8a9775fba3a7d484b4eee0fb06ee9553c17675cb7f0b634"",""R16B-SENSE:f0e28e13851d04c13b701f53d9b3911cb50fc572cc6203c64527804f0b37e909"",""R16B-SENSE:f26224717160ca63c45ca85fe7c23e1469baa3e10672a68beafb13d195d0915d"",""R16B-SENSE:fa3369a6eb4bebe96ee289987f963e539b8da9c27ea0f454e8a24b6bddf9306f""]"	"[""R16B-LOCAL-FAMILY:89817e7a449f1cc7b574fb1b89c9541f765e52825c5cb62bf0a2bb833e8f970a""]"	"[""INQUIRY_ONLY_OR_UNRESOLVED""]"	"[""R16A-SUBGRAPH-F7CE9082FC65E34BBED8""]"	"[""R16A-PAIR:5841a12151ac0ce714f0b8e279e939bed009b3f2be71086cde6033cbbd11b4ea"",""R16A-PAIR:db9e8b1d1d7e17983872e3600cd1a3ce5ae7f3c907ae70bdeafcbd0b2c6a0460"",""R16A-PAIR:f82795fcaba53ac0c255461d014e82b9e563362b645b4c65a58e27644e22c54c""]"	INVALID	BINARY_FORK	INQUIRY	FAMILY_FINAL_DISPOSITION:INQUIRY_ONLY_OR_UNRESOLVED	false	false	false	false	Preserve the exact prior VALID/INVALID attempt while applying the independently derived semantic outcome; never equate topology validity with group support.	b01cd7d27d82f290feee2ed02c99027934dfa53128e46c1d2855af77be8e94dc
468105499c7be102deec7d6555aced688dea9901	5419770959bdb8998b693fb2275b47e29b92367c	ROUND16A_TOPOLOGY_ENUMERATION_RESULT	R16A-SUBGRAPH-F7CE9082FC65E34BBED8|EVIDENCE_GAP_TREE	docs/audits/v49-exploration-full-space-closure-round1/raw/composition-enumeration-v2.tsv	75efbe8f0e5d18d431b1e525900da6eb30ff6abe1a97d407058e637680ada2cd	342	b62d211c6bebff4280544dccb5035d30492c4f92fb7087a6df87bd1a2790675e	89817e7a449f1cc7b574fb1b89c9541f765e52825c5cb62bf0a2bb833e8f970a	"[""R16B-SENSE:4e14e64610176c44c8a9775fba3a7d484b4eee0fb06ee9553c17675cb7f0b634"",""R16B-SENSE:f0e28e13851d04c13b701f53d9b3911cb50fc572cc6203c64527804f0b37e909"",""R16B-SENSE:f26224717160ca63c45ca85fe7c23e1469baa3e10672a68beafb13d195d0915d"",""R16B-SENSE:fa3369a6eb4bebe96ee289987f963e539b8da9c27ea0f454e8a24b6bddf9306f""]"	"[""R16B-LOCAL-FAMILY:89817e7a449f1cc7b574fb1b89c9541f765e52825c5cb62bf0a2bb833e8f970a""]"	"[""INQUIRY_ONLY_OR_UNRESOLVED""]"	"[""R16A-SUBGRAPH-F7CE9082FC65E34BBED8""]"	"[""R16A-PAIR:5841a12151ac0ce714f0b8e279e939bed009b3f2be71086cde6033cbbd11b4ea"",""R16A-PAIR:db9e8b1d1d7e17983872e3600cd1a3ce5ae7f3c907ae70bdeafcbd0b2c6a0460"",""R16A-PAIR:f82795fcaba53ac0c255461d014e82b9e563362b645b4c65a58e27644e22c54c""]"	INVALID	EVIDENCE_GAP_TREE	INQUIRY	FAMILY_FINAL_DISPOSITION:INQUIRY_ONLY_OR_UNRESOLVED	false	false	false	false	Preserve the exact prior VALID/INVALID attempt while applying the independently derived semantic outcome; never equate topology validity with group support.	38343e4b40fbf095ca20d0d0d39dce3b76785f74e44c34837a86b499dfb54256
468105499c7be102deec7d6555aced688dea9901	5419770959bdb8998b693fb2275b47e29b92367c	ROUND16A_TOPOLOGY_ENUMERATION_RESULT	R16A-SUBGRAPH-F7CE9082FC65E34BBED8|LINEAR_PATH	docs/audits/v49-exploration-full-space-closure-round1/raw/composition-enumeration-v2.tsv	75efbe8f0e5d18d431b1e525900da6eb30ff6abe1a97d407058e637680ada2cd	337	627b011bc2efe1d00b2005c4f28232b0cf2822ae722a75dea27f274b3b190f84	89817e7a449f1cc7b574fb1b89c9541f765e52825c5cb62bf0a2bb833e8f970a	"[""R16B-SENSE:4e14e64610176c44c8a9775fba3a7d484b4eee0fb06ee9553c17675cb7f0b634"",""R16B-SENSE:f0e28e13851d04c13b701f53d9b3911cb50fc572cc6203c64527804f0b37e909"",""R16B-SENSE:f26224717160ca63c45ca85fe7c23e1469baa3e10672a68beafb13d195d0915d"",""R16B-SENSE:fa3369a6eb4bebe96ee289987f963e539b8da9c27ea0f454e8a24b6bddf9306f""]"	"[""R16B-LOCAL-FAMILY:89817e7a449f1cc7b574fb1b89c9541f765e52825c5cb62bf0a2bb833e8f970a""]"	"[""INQUIRY_ONLY_OR_UNRESOLVED""]"	"[""R16A-SUBGRAPH-F7CE9082FC65E34BBED8""]"	"[""R16A-PAIR:5841a12151ac0ce714f0b8e279e939bed009b3f2be71086cde6033cbbd11b4ea"",""R16A-PAIR:db9e8b1d1d7e17983872e3600cd1a3ce5ae7f3c907ae70bdeafcbd0b2c6a0460"",""R16A-PAIR:f82795fcaba53ac0c255461d014e82b9e563362b645b4c65a58e27644e22c54c""]"	VALID	LINEAR_PATH	INQUIRY	FAMILY_FINAL_DISPOSITION:INQUIRY_ONLY_OR_UNRESOLVED	false	false	false	false	Preserve the exact prior VALID/INVALID attempt while applying the independently derived semantic outcome; never equate topology validity with group support.	4c64a0cefbdb0fa26944b79205bc12ffb6d808422f5d3d268ab09eee1ebb5c31
468105499c7be102deec7d6555aced688dea9901	5419770959bdb8998b693fb2275b47e29b92367c	ROUND16A_TOPOLOGY_ENUMERATION_RESULT	R16A-SUBGRAPH-F7CE9082FC65E34BBED8|QUALIFIED_PATH	docs/audits/v49-exploration-full-space-closure-round1/raw/composition-enumeration-v2.tsv	75efbe8f0e5d18d431b1e525900da6eb30ff6abe1a97d407058e637680ada2cd	340	d5ecf2a42fd7fb049183e1ccd7808260dbeca77bc709a594f93a09ff52422d2e	89817e7a449f1cc7b574fb1b89c9541f765e52825c5cb62bf0a2bb833e8f970a	"[""R16B-SENSE:4e14e64610176c44c8a9775fba3a7d484b4eee0fb06ee9553c17675cb7f0b634"",""R16B-SENSE:f0e28e13851d04c13b701f53d9b3911cb50fc572cc6203c64527804f0b37e909"",""R16B-SENSE:f26224717160ca63c45ca85fe7c23e1469baa3e10672a68beafb13d195d0915d"",""R16B-SENSE:fa3369a6eb4bebe96ee289987f963e539b8da9c27ea0f454e8a24b6bddf9306f""]"	"[""R16B-LOCAL-FAMILY:89817e7a449f1cc7b574fb1b89c9541f765e52825c5cb62bf0a2bb833e8f970a""]"	"[""INQUIRY_ONLY_OR_UNRESOLVED""]"	"[""R16A-SUBGRAPH-F7CE9082FC65E34BBED8""]"	"[""R16A-PAIR:5841a12151ac0ce714f0b8e279e939bed009b3f2be71086cde6033cbbd11b4ea"",""R16A-PAIR:db9e8b1d1d7e17983872e3600cd1a3ce5ae7f3c907ae70bdeafcbd0b2c6a0460"",""R16A-PAIR:f82795fcaba53ac0c255461d014e82b9e563362b645b4c65a58e27644e22c54c""]"	INVALID	QUALIFIED_PATH	INQUIRY	FAMILY_FINAL_DISPOSITION:INQUIRY_ONLY_OR_UNRESOLVED	false	false	false	false	Preserve the exact prior VALID/INVALID attempt while applying the independently derived semantic outcome; never equate topology validity with group support.	7ce1591fea35f023b18ab3f93e4c69484e9d585b230ec873a08a9f96197f2ef2
468105499c7be102deec7d6555aced688dea9901	5419770959bdb8998b693fb2275b47e29b92367c	ROUND16A_TOPOLOGY_ENUMERATION_RESULT	R16A-SUBGRAPH-F7CE9082FC65E34BBED8|REFLEXIVE_RETURN	docs/audits/v49-exploration-full-space-closure-round1/raw/composition-enumeration-v2.tsv	75efbe8f0e5d18d431b1e525900da6eb30ff6abe1a97d407058e637680ada2cd	341	087762942d4a7840ce8724ca8fc0a07358fb3a1d57b6ee24d586e1eb7c4922d3	89817e7a449f1cc7b574fb1b89c9541f765e52825c5cb62bf0a2bb833e8f970a	"[""R16B-SENSE:4e14e64610176c44c8a9775fba3a7d484b4eee0fb06ee9553c17675cb7f0b634"",""R16B-SENSE:f0e28e13851d04c13b701f53d9b3911cb50fc572cc6203c64527804f0b37e909"",""R16B-SENSE:f26224717160ca63c45ca85fe7c23e1469baa3e10672a68beafb13d195d0915d"",""R16B-SENSE:fa3369a6eb4bebe96ee289987f963e539b8da9c27ea0f454e8a24b6bddf9306f""]"	"[""R16B-LOCAL-FAMILY:89817e7a449f1cc7b574fb1b89c9541f765e52825c5cb62bf0a2bb833e8f970a""]"	"[""INQUIRY_ONLY_OR_UNRESOLVED""]"	"[""R16A-SUBGRAPH-F7CE9082FC65E34BBED8""]"	"[""R16A-PAIR:5841a12151ac0ce714f0b8e279e939bed009b3f2be71086cde6033cbbd11b4ea"",""R16A-PAIR:db9e8b1d1d7e17983872e3600cd1a3ce5ae7f3c907ae70bdeafcbd0b2c6a0460"",""R16A-PAIR:f82795fcaba53ac0c255461d014e82b9e563362b645b4c65a58e27644e22c54c""]"	INVALID	REFLEXIVE_RETURN	INQUIRY	FAMILY_FINAL_DISPOSITION:INQUIRY_ONLY_OR_UNRESOLVED	false	false	false	false	Preserve the exact prior VALID/INVALID attempt while applying the independently derived semantic outcome; never equate topology validity with group support.	84867135ac57b1269a3e15c82364685c72d256620391ff8da1616b7f28830b3b
468105499c7be102deec7d6555aced688dea9901	5419770959bdb8998b693fb2275b47e29b92367c	ROUND16A_TOPOLOGY_ENUMERATION_RESULT	R16A-SUBGRAPH-FC5650812195A5BD76D6|BINARY_CONVERGENCE	docs/audits/v49-exploration-full-space-closure-round1/raw/composition-enumeration-v2.tsv	75efbe8f0e5d18d431b1e525900da6eb30ff6abe1a97d407058e637680ada2cd	345	a20183bc21b45f67fc1330651a307b75c0ef67ee3d83d1fe439d01b631363377	55e2d8e2f788817c5a3a41998e79b608a6b90bfd36d00abb9d14ef20c1da757a	"[""R16B-SENSE:9415fd18554090ac9dd2dfc28a1ec541d67a94b8421b1cefafa578a03302257d"",""R16B-SENSE:9c499c8b62d5222b0be4049597c613d82925ede87bf34656671a6b1e4e491bc3""]"	[]	[]	"[""R16A-SUBGRAPH-FC5650812195A5BD76D6""]"	"[""R16A-PAIR:591aa3897c3e0e455ef4bc05b36550f3d010af9e84be8a08c199676025fdeb04""]"	INVALID	BINARY_CONVERGENCE	RETAINED	ROUND16A_ACTIVE_PAIR_BASELINE_NO_GROUP_CLAIM	false	false	false	false	Preserve the exact prior VALID/INVALID attempt while applying the independently derived semantic outcome; never equate topology validity with group support.	cdcd36372861b3820f50f8492bce72a25a685694eda90536f17c70639a41b41d
468105499c7be102deec7d6555aced688dea9901	5419770959bdb8998b693fb2275b47e29b92367c	ROUND16A_TOPOLOGY_ENUMERATION_RESULT	R16A-SUBGRAPH-FC5650812195A5BD76D6|BINARY_FORK	docs/audits/v49-exploration-full-space-closure-round1/raw/composition-enumeration-v2.tsv	75efbe8f0e5d18d431b1e525900da6eb30ff6abe1a97d407058e637680ada2cd	344	aebc6c98638b91845d58ff8001b2d43ec8534f1f1fdbfe67e85c1e703511ef79	55e2d8e2f788817c5a3a41998e79b608a6b90bfd36d00abb9d14ef20c1da757a	"[""R16B-SENSE:9415fd18554090ac9dd2dfc28a1ec541d67a94b8421b1cefafa578a03302257d"",""R16B-SENSE:9c499c8b62d5222b0be4049597c613d82925ede87bf34656671a6b1e4e491bc3""]"	[]	[]	"[""R16A-SUBGRAPH-FC5650812195A5BD76D6""]"	"[""R16A-PAIR:591aa3897c3e0e455ef4bc05b36550f3d010af9e84be8a08c199676025fdeb04""]"	INVALID	BINARY_FORK	RETAINED	ROUND16A_ACTIVE_PAIR_BASELINE_NO_GROUP_CLAIM	false	false	false	false	Preserve the exact prior VALID/INVALID attempt while applying the independently derived semantic outcome; never equate topology validity with group support.	567186e12ff92239ec54516ab335e31f20ba86d02bc0560e2a87802011b8ac66
468105499c7be102deec7d6555aced688dea9901	5419770959bdb8998b693fb2275b47e29b92367c	ROUND16A_TOPOLOGY_ENUMERATION_RESULT	R16A-SUBGRAPH-FC5650812195A5BD76D6|EVIDENCE_GAP_TREE	docs/audits/v49-exploration-full-space-closure-round1/raw/composition-enumeration-v2.tsv	75efbe8f0e5d18d431b1e525900da6eb30ff6abe1a97d407058e637680ada2cd	348	48af8ec670bbb54ad0c24c8230ab8ebc1c058a368cb3793639caff181c9e893d	55e2d8e2f788817c5a3a41998e79b608a6b90bfd36d00abb9d14ef20c1da757a	"[""R16B-SENSE:9415fd18554090ac9dd2dfc28a1ec541d67a94b8421b1cefafa578a03302257d"",""R16B-SENSE:9c499c8b62d5222b0be4049597c613d82925ede87bf34656671a6b1e4e491bc3""]"	[]	[]	"[""R16A-SUBGRAPH-FC5650812195A5BD76D6""]"	"[""R16A-PAIR:591aa3897c3e0e455ef4bc05b36550f3d010af9e84be8a08c199676025fdeb04""]"	INVALID	EVIDENCE_GAP_TREE	RETAINED	ROUND16A_ACTIVE_PAIR_BASELINE_NO_GROUP_CLAIM	false	false	false	false	Preserve the exact prior VALID/INVALID attempt while applying the independently derived semantic outcome; never equate topology validity with group support.	53d0e98688a3a529a32aa6e7ccaf2d8b1d87dfe9820071b58962189274d28aa6
468105499c7be102deec7d6555aced688dea9901	5419770959bdb8998b693fb2275b47e29b92367c	ROUND16A_TOPOLOGY_ENUMERATION_RESULT	R16A-SUBGRAPH-FC5650812195A5BD76D6|LINEAR_PATH	docs/audits/v49-exploration-full-space-closure-round1/raw/composition-enumeration-v2.tsv	75efbe8f0e5d18d431b1e525900da6eb30ff6abe1a97d407058e637680ada2cd	343	f3392d04f63cbf6837381c3b8a28b8a273301e91d1784f5485f3545ba797b95e	55e2d8e2f788817c5a3a41998e79b608a6b90bfd36d00abb9d14ef20c1da757a	"[""R16B-SENSE:9415fd18554090ac9dd2dfc28a1ec541d67a94b8421b1cefafa578a03302257d"",""R16B-SENSE:9c499c8b62d5222b0be4049597c613d82925ede87bf34656671a6b1e4e491bc3""]"	[]	[]	"[""R16A-SUBGRAPH-FC5650812195A5BD76D6""]"	"[""R16A-PAIR:591aa3897c3e0e455ef4bc05b36550f3d010af9e84be8a08c199676025fdeb04""]"	VALID	LINEAR_PATH	RETAINED	ROUND16A_ACTIVE_PAIR_BASELINE_NO_GROUP_CLAIM	false	false	false	false	Preserve the exact prior VALID/INVALID attempt while applying the independently derived semantic outcome; never equate topology validity with group support.	e60bafc2c86edb8948e48f78f906ce000756eb33031b78c971214e03a0433123
468105499c7be102deec7d6555aced688dea9901	5419770959bdb8998b693fb2275b47e29b92367c	ROUND16A_TOPOLOGY_ENUMERATION_RESULT	R16A-SUBGRAPH-FC5650812195A5BD76D6|QUALIFIED_PATH	docs/audits/v49-exploration-full-space-closure-round1/raw/composition-enumeration-v2.tsv	75efbe8f0e5d18d431b1e525900da6eb30ff6abe1a97d407058e637680ada2cd	346	3d767be25824828ea8b9f7db4cc5825ea1c291aa31802e8374a87dd2c9c88f08	55e2d8e2f788817c5a3a41998e79b608a6b90bfd36d00abb9d14ef20c1da757a	"[""R16B-SENSE:9415fd18554090ac9dd2dfc28a1ec541d67a94b8421b1cefafa578a03302257d"",""R16B-SENSE:9c499c8b62d5222b0be4049597c613d82925ede87bf34656671a6b1e4e491bc3""]"	[]	[]	"[""R16A-SUBGRAPH-FC5650812195A5BD76D6""]"	"[""R16A-PAIR:591aa3897c3e0e455ef4bc05b36550f3d010af9e84be8a08c199676025fdeb04""]"	INVALID	QUALIFIED_PATH	RETAINED	ROUND16A_ACTIVE_PAIR_BASELINE_NO_GROUP_CLAIM	false	false	false	false	Preserve the exact prior VALID/INVALID attempt while applying the independently derived semantic outcome; never equate topology validity with group support.	22f0cf5a9aa1eb9f459500bb880c4ff3bb173dd402f0a3e10068a9ebf79b230e
468105499c7be102deec7d6555aced688dea9901	5419770959bdb8998b693fb2275b47e29b92367c	ROUND16A_TOPOLOGY_ENUMERATION_RESULT	R16A-SUBGRAPH-FC5650812195A5BD76D6|REFLEXIVE_RETURN	docs/audits/v49-exploration-full-space-closure-round1/raw/composition-enumeration-v2.tsv	75efbe8f0e5d18d431b1e525900da6eb30ff6abe1a97d407058e637680ada2cd	347	5c14a5e32f9cf39c823c072cab1a8078a2e12d2235b126483f302409f4fadda1	55e2d8e2f788817c5a3a41998e79b608a6b90bfd36d00abb9d14ef20c1da757a	"[""R16B-SENSE:9415fd18554090ac9dd2dfc28a1ec541d67a94b8421b1cefafa578a03302257d"",""R16B-SENSE:9c499c8b62d5222b0be4049597c613d82925ede87bf34656671a6b1e4e491bc3""]"	[]	[]	"[""R16A-SUBGRAPH-FC5650812195A5BD76D6""]"	"[""R16A-PAIR:591aa3897c3e0e455ef4bc05b36550f3d010af9e84be8a08c199676025fdeb04""]"	INVALID	REFLEXIVE_RETURN	RETAINED	ROUND16A_ACTIVE_PAIR_BASELINE_NO_GROUP_CLAIM	false	false	false	false	Preserve the exact prior VALID/INVALID attempt while applying the independently derived semantic outcome; never equate topology validity with group support.	fe115e647f4f4824e36c97f9492b3fe6eac2068fe1eb14fc531687c612032937
