psql:/private/tmp/graphic_design_archive_v49_repository_hygiene/database/tests/009_release_projection_snapshot_performance_scale.sql:31: LOG:  duration: 2.920 ms  plan:
{
  "Query Text": "SELECT release.create_research_release(\n  'a1000000-0000-4000-8000-000000000001'::uuid, 'fresh-d-1000'::core.release_token, 'schema-v49.0','model-v49.0',\n  'a1000000-0000-4000-8000-000000000002'::uuid, repeat('d',64));",
  "Plan": {
    "Node Type": "Result",
    "Parallel Aware": false,
    "Async Capable": false,
    "Startup Cost": 0.00,
    "Total Cost": 0.27,
    "Plan Rows": 1,
    "Plan Width": 4,
    "Actual Startup Time": 2.918,
    "Actual Total Time": 2.918,
    "Actual Rows": 1,
    "Actual Loops": 1,
    "Output": ["release.create_research_release('a1000000-0000-4000-8000-000000000001'::uuid, ('fresh-d-1000'::text)::core.release_token, ('schema-v49.0'::text)::core.release_token, ('model-v49.0'::text)::core.release_token, 'a1000000-0000-4000-8000-000000000002'::uuid, ('dddddddddddddddddddddddddddddddddddddddddddddddddddddddddddddddd'::text)::core.sha256_hex)"],
    "Shared Hit Blocks": 1113,
    "Shared Read Blocks": 2,
    "Shared Dirtied Blocks": 14,
    "Shared Written Blocks": 8,
    "Local Hit Blocks": 0,
    "Local Read Blocks": 0,
    "Local Dirtied Blocks": 0,
    "Local Written Blocks": 0,
    "Temp Read Blocks": 0,
    "Temp Written Blocks": 0,
    "I/O Read Time": 0.041,
    "I/O Write Time": 0.145,
    "Temp I/O Read Time": 0.000,
    "Temp I/O Write Time": 0.000,
    "WAL Records": 20,
    "WAL FPI": 0,
    "WAL Bytes": 1729
  }
}
psql:/private/tmp/graphic_design_archive_v49_repository_hygiene/database/tests/009_release_projection_snapshot_performance_scale.sql:34: LOG:  duration: 38.072 ms  plan:
{
  "Query Text": "CREATE TEMPORARY TABLE gda_v5_effective_decisions ON COMMIT DROP AS\n  SELECT d.assignment_review_decision_id,d.canonical_assignment_id,\n    encode(sha256(convert_to(jsonb_build_object('decision',jsonb_build_array(\n      d.assignment_review_decision_id,d.canonical_assignment_id,d.outcome,d.supersedes_decision_id),\n      'supports',jsonb_agg(jsonb_build_array(e.evidence_item_id,e.evidence_role)\n        ORDER BY e.evidence_item_id,e.evidence_role))::text,'UTF8')),'hex')::core.sha256_hex AS decision_snapshot_sha256\n  FROM provenance.assignment_review_decision d\n  JOIN provenance.canonical_assignment a ON a.canonical_assignment_id=d.canonical_assignment_id\n  JOIN provenance.assignment_decision_evidence e ON e.assignment_review_decision_id=d.assignment_review_decision_id\n    AND e.evidence_role='supports'\n  WHERE a.assignment_kind='folder_membership' AND a.status='accepted'\n    AND NOT EXISTS (SELECT 1 FROM provenance.canonical_assignment newer\n      WHERE newer.supersedes_assignment_id=a.canonical_assignment_id)\n    AND d.outcome='accept'\n    AND NOT EXISTS (SELECT 1 FROM provenance.assignment_review_decision newer\n      WHERE newer.supersedes_decision_id=d.assignment_review_decision_id)\n  GROUP BY d.assignment_review_decision_id,d.canonical_assignment_id,d.outcome,d.supersedes_decision_id",
  "Plan": {
    "Node Type": "Aggregate",
    "Strategy": "Sorted",
    "Partial Mode": "Simple",
    "Parallel Aware": false,
    "Async Capable": false,
    "Startup Cost": 612.79,
    "Total Cost": 744.84,
    "Plan Rows": 3107,
    "Plan Width": 84,
    "Actual Startup Time": 3.868,
    "Actual Total Time": 36.445,
    "Actual Rows": 3107,
    "Actual Loops": 1,
    "Output": ["d.assignment_review_decision_id", "d.canonical_assignment_id", "(encode(sha256(convert_to((jsonb_build_object('decision', jsonb_build_array(d.assignment_review_decision_id, d.canonical_assignment_id, d.outcome, d.supersedes_decision_id), 'supports', jsonb_agg(jsonb_build_array(e.evidence_item_id, e.evidence_role) ORDER BY e.evidence_item_id, e.evidence_role)))::text, 'UTF8'::name)), 'hex'::text))::core.sha256_hex", "d.outcome", "d.supersedes_decision_id"],
    "Group Key": ["d.assignment_review_decision_id"],
    "Shared Hit Blocks": 111,
    "Shared Read Blocks": 0,
    "Shared Dirtied Blocks": 0,
    "Shared Written Blocks": 0,
    "Local Hit Blocks": 0,
    "Local Read Blocks": 0,
    "Local Dirtied Blocks": 0,
    "Local Written Blocks": 0,
    "Temp Read Blocks": 0,
    "Temp Written Blocks": 0,
    "I/O Read Time": 0.000,
    "I/O Write Time": 0.000,
    "Temp I/O Read Time": 0.000,
    "Temp I/O Write Time": 0.000,
    "WAL Records": 0,
    "WAL FPI": 0,
    "WAL Bytes": 0,
    "Plans": [
      {
        "Node Type": "Sort",
        "Parent Relationship": "Outer",
        "Parallel Aware": false,
        "Async Capable": false,
        "Startup Cost": 612.79,
        "Total Cost": 620.56,
        "Plan Rows": 3107,
        "Plan Width": 72,
        "Actual Startup Time": 3.649,
        "Actual Total Time": 3.766,
        "Actual Rows": 3107,
        "Actual Loops": 1,
        "Output": ["d.assignment_review_decision_id", "d.canonical_assignment_id", "d.outcome", "d.supersedes_decision_id", "e.evidence_item_id", "e.evidence_role"],
        "Sort Key": ["d.assignment_review_decision_id", "e.evidence_item_id"],
        "Sort Method": "quicksort",
        "Sort Space Used": 339,
        "Sort Space Type": "Memory",
        "Shared Hit Blocks": 102,
        "Shared Read Blocks": 0,
        "Shared Dirtied Blocks": 0,
        "Shared Written Blocks": 0,
        "Local Hit Blocks": 0,
        "Local Read Blocks": 0,
        "Local Dirtied Blocks": 0,
        "Local Written Blocks": 0,
        "Temp Read Blocks": 0,
        "Temp Written Blocks": 0,
        "I/O Read Time": 0.000,
        "I/O Write Time": 0.000,
        "Temp I/O Read Time": 0.000,
        "Temp I/O Write Time": 0.000,
        "WAL Records": 0,
        "WAL FPI": 0,
        "WAL Bytes": 0,
        "Plans": [
          {
            "Node Type": "Hash Join",
            "Parent Relationship": "Outer",
            "Parallel Aware": false,
            "Async Capable": false,
            "Join Type": "Right Anti",
            "Startup Cost": 412.89,
            "Total Cost": 432.57,
            "Plan Rows": 3107,
            "Plan Width": 72,
            "Actual Startup Time": 2.643,
            "Actual Total Time": 2.805,
            "Actual Rows": 3107,
            "Actual Loops": 1,
            "Output": ["d.assignment_review_decision_id", "d.canonical_assignment_id", "d.outcome", "d.supersedes_decision_id", "e.evidence_item_id", "e.evidence_role"],
            "Inner Unique": false,
            "Hash Cond": "(newer_1.supersedes_decision_id = d.assignment_review_decision_id)",
            "Shared Hit Blocks": 99,
            "Shared Read Blocks": 0,
            "Shared Dirtied Blocks": 0,
            "Shared Written Blocks": 0,
            "Local Hit Blocks": 0,
            "Local Read Blocks": 0,
            "Local Dirtied Blocks": 0,
            "Local Written Blocks": 0,
            "Temp Read Blocks": 0,
            "Temp Written Blocks": 0,
            "I/O Read Time": 0.000,
            "I/O Write Time": 0.000,
            "Temp I/O Read Time": 0.000,
            "Temp I/O Write Time": 0.000,
            "WAL Records": 0,
            "WAL FPI": 0,
            "WAL Bytes": 0,
            "Plans": [
              {
                "Node Type": "Index Only Scan",
                "Parent Relationship": "Outer",
                "Parallel Aware": false,
                "Async Capable": false,
                "Scan Direction": "Forward",
                "Index Name": "assignment_review_decision_current_leaf_v5_idx",
                "Relation Name": "assignment_review_decision",
                "Schema": "provenance",
                "Alias": "newer_1",
                "Startup Cost": 0.12,
                "Total Cost": 8.14,
                "Plan Rows": 3107,
                "Plan Width": 16,
                "Actual Startup Time": 0.002,
                "Actual Total Time": 0.002,
                "Actual Rows": 0,
                "Actual Loops": 1,
                "Output": ["newer_1.supersedes_decision_id"],
                "Heap Fetches": 0,
                "Shared Hit Blocks": 1,
                "Shared Read Blocks": 0,
                "Shared Dirtied Blocks": 0,
                "Shared Written Blocks": 0,
                "Local Hit Blocks": 0,
                "Local Read Blocks": 0,
                "Local Dirtied Blocks": 0,
                "Local Written Blocks": 0,
                "Temp Read Blocks": 0,
                "Temp Written Blocks": 0,
                "I/O Read Time": 0.000,
                "I/O Write Time": 0.000,
                "Temp I/O Read Time": 0.000,
                "Temp I/O Write Time": 0.000,
                "WAL Records": 0,
                "WAL FPI": 0,
                "WAL Bytes": 0
              },
              {
                "Node Type": "Hash",
                "Parent Relationship": "Inner",
                "Parallel Aware": false,
                "Async Capable": false,
                "Startup Cost": 373.93,
                "Total Cost": 373.93,
                "Plan Rows": 3107,
                "Plan Width": 72,
                "Actual Startup Time": 2.636,
                "Actual Total Time": 2.637,
                "Actual Rows": 3107,
                "Actual Loops": 1,
                "Output": ["d.assignment_review_decision_id", "d.canonical_assignment_id", "d.outcome", "d.supersedes_decision_id", "e.evidence_item_id", "e.evidence_role"],
                "Hash Buckets": 4096,
                "Original Hash Buckets": 4096,
                "Hash Batches": 1,
                "Original Hash Batches": 1,
                "Peak Memory Usage": 300,
                "Shared Hit Blocks": 98,
                "Shared Read Blocks": 0,
                "Shared Dirtied Blocks": 0,
                "Shared Written Blocks": 0,
                "Local Hit Blocks": 0,
                "Local Read Blocks": 0,
                "Local Dirtied Blocks": 0,
                "Local Written Blocks": 0,
                "Temp Read Blocks": 0,
                "Temp Written Blocks": 0,
                "I/O Read Time": 0.000,
                "I/O Write Time": 0.000,
                "Temp I/O Read Time": 0.000,
                "Temp I/O Write Time": 0.000,
                "WAL Records": 0,
                "WAL FPI": 0,
                "WAL Bytes": 0,
                "Plans": [
                  {
                    "Node Type": "Hash Join",
                    "Parent Relationship": "Outer",
                    "Parallel Aware": false,
                    "Async Capable": false,
                    "Join Type": "Right Anti",
                    "Startup Cost": 354.25,
                    "Total Cost": 373.93,
                    "Plan Rows": 3107,
                    "Plan Width": 72,
                    "Actual Startup Time": 2.188,
                    "Actual Total Time": 2.368,
                    "Actual Rows": 3107,
                    "Actual Loops": 1,
                    "Output": ["d.assignment_review_decision_id", "d.canonical_assignment_id", "d.outcome", "d.supersedes_decision_id", "e.evidence_item_id", "e.evidence_role"],
                    "Inner Unique": false,
                    "Hash Cond": "(newer.supersedes_assignment_id = a.canonical_assignment_id)",
                    "Shared Hit Blocks": 98,
                    "Shared Read Blocks": 0,
                    "Shared Dirtied Blocks": 0,
                    "Shared Written Blocks": 0,
                    "Local Hit Blocks": 0,
                    "Local Read Blocks": 0,
                    "Local Dirtied Blocks": 0,
                    "Local Written Blocks": 0,
                    "Temp Read Blocks": 0,
                    "Temp Written Blocks": 0,
                    "I/O Read Time": 0.000,
                    "I/O Write Time": 0.000,
                    "Temp I/O Read Time": 0.000,
                    "Temp I/O Write Time": 0.000,
                    "WAL Records": 0,
                    "WAL FPI": 0,
                    "WAL Bytes": 0,
                    "Plans": [
                      {
                        "Node Type": "Index Only Scan",
                        "Parent Relationship": "Outer",
                        "Parallel Aware": false,
                        "Async Capable": false,
                        "Scan Direction": "Forward",
                        "Index Name": "canonical_assignment_current_leaf_v5_idx",
                        "Relation Name": "canonical_assignment",
                        "Schema": "provenance",
                        "Alias": "newer",
                        "Startup Cost": 0.12,
                        "Total Cost": 8.14,
                        "Plan Rows": 3107,
                        "Plan Width": 16,
                        "Actual Startup Time": 0.003,
                        "Actual Total Time": 0.003,
                        "Actual Rows": 0,
                        "Actual Loops": 1,
                        "Output": ["newer.supersedes_assignment_id"],
                        "Heap Fetches": 0,
                        "Shared Hit Blocks": 1,
                        "Shared Read Blocks": 0,
                        "Shared Dirtied Blocks": 0,
                        "Shared Written Blocks": 0,
                        "Local Hit Blocks": 0,
                        "Local Read Blocks": 0,
                        "Local Dirtied Blocks": 0,
                        "Local Written Blocks": 0,
                        "Temp Read Blocks": 0,
                        "Temp Written Blocks": 0,
                        "I/O Read Time": 0.000,
                        "I/O Write Time": 0.000,
                        "Temp I/O Read Time": 0.000,
                        "Temp I/O Write Time": 0.000,
                        "WAL Records": 0,
                        "WAL FPI": 0,
                        "WAL Bytes": 0
                      },
                      {
                        "Node Type": "Hash",
                        "Parent Relationship": "Inner",
                        "Parallel Aware": false,
                        "Async Capable": false,
                        "Startup Cost": 315.29,
                        "Total Cost": 315.29,
                        "Plan Rows": 3107,
                        "Plan Width": 88,
                        "Actual Startup Time": 2.179,
                        "Actual Total Time": 2.180,
                        "Actual Rows": 3107,
                        "Actual Loops": 1,
                        "Output": ["d.assignment_review_decision_id", "d.canonical_assignment_id", "d.outcome", "d.supersedes_decision_id", "a.canonical_assignment_id", "e.evidence_item_id", "e.evidence_role"],
                        "Hash Buckets": 4096,
                        "Original Hash Buckets": 4096,
                        "Hash Batches": 1,
                        "Original Hash Batches": 1,
                        "Peak Memory Usage": 348,
                        "Shared Hit Blocks": 97,
                        "Shared Read Blocks": 0,
                        "Shared Dirtied Blocks": 0,
                        "Shared Written Blocks": 0,
                        "Local Hit Blocks": 0,
                        "Local Read Blocks": 0,
                        "Local Dirtied Blocks": 0,
                        "Local Written Blocks": 0,
                        "Temp Read Blocks": 0,
                        "Temp Written Blocks": 0,
                        "I/O Read Time": 0.000,
                        "I/O Write Time": 0.000,
                        "Temp I/O Read Time": 0.000,
                        "Temp I/O Write Time": 0.000,
                        "WAL Records": 0,
                        "WAL FPI": 0,
                        "WAL Bytes": 0,
                        "Plans": [
                          {
                            "Node Type": "Hash Join",
                            "Parent Relationship": "Outer",
                            "Parallel Aware": false,
                            "Async Capable": false,
                            "Join Type": "Inner",
                            "Startup Cost": 234.12,
                            "Total Cost": 315.29,
                            "Plan Rows": 3107,
                            "Plan Width": 88,
                            "Actual Startup Time": 0.996,
                            "Actual Total Time": 1.869,
                            "Actual Rows": 3107,
                            "Actual Loops": 1,
                            "Output": ["d.assignment_review_decision_id", "d.canonical_assignment_id", "d.outcome", "d.supersedes_decision_id", "a.canonical_assignment_id", "e.evidence_item_id", "e.evidence_role"],
                            "Inner Unique": true,
                            "Hash Cond": "(d.canonical_assignment_id = a.canonical_assignment_id)",
                            "Shared Hit Blocks": 97,
                            "Shared Read Blocks": 0,
                            "Shared Dirtied Blocks": 0,
                            "Shared Written Blocks": 0,
                            "Local Hit Blocks": 0,
                            "Local Read Blocks": 0,
                            "Local Dirtied Blocks": 0,
                            "Local Written Blocks": 0,
                            "Temp Read Blocks": 0,
                            "Temp Written Blocks": 0,
                            "I/O Read Time": 0.000,
                            "I/O Write Time": 0.000,
                            "Temp I/O Read Time": 0.000,
                            "Temp I/O Write Time": 0.000,
                            "WAL Records": 0,
                            "WAL FPI": 0,
                            "WAL Bytes": 0,
                            "Plans": [
                              {
                                "Node Type": "Hash Join",
                                "Parent Relationship": "Outer",
                                "Parallel Aware": false,
                                "Async Capable": false,
                                "Join Type": "Inner",
                                "Startup Cost": 125.68,
                                "Total Cost": 198.68,
                                "Plan Rows": 3107,
                                "Plan Width": 72,
                                "Actual Startup Time": 0.581,
                                "Actual Total Time": 1.137,
                                "Actual Rows": 3107,
                                "Actual Loops": 1,
                                "Output": ["d.assignment_review_decision_id", "d.canonical_assignment_id", "d.outcome", "d.supersedes_decision_id", "e.evidence_item_id", "e.evidence_role"],
                                "Inner Unique": true,
                                "Hash Cond": "(e.assignment_review_decision_id = d.assignment_review_decision_id)",
                                "Shared Hit Blocks": 74,
                                "Shared Read Blocks": 0,
                                "Shared Dirtied Blocks": 0,
                                "Shared Written Blocks": 0,
                                "Local Hit Blocks": 0,
                                "Local Read Blocks": 0,
                                "Local Dirtied Blocks": 0,
                                "Local Written Blocks": 0,
                                "Temp Read Blocks": 0,
                                "Temp Written Blocks": 0,
                                "I/O Read Time": 0.000,
                                "I/O Write Time": 0.000,
                                "Temp I/O Read Time": 0.000,
                                "Temp I/O Write Time": 0.000,
                                "WAL Records": 0,
                                "WAL FPI": 0,
                                "WAL Bytes": 0,
                                "Plans": [
                                  {
                                    "Node Type": "Seq Scan",
                                    "Parent Relationship": "Outer",
                                    "Parallel Aware": false,
                                    "Async Capable": false,
                                    "Relation Name": "assignment_decision_evidence",
                                    "Schema": "provenance",
                                    "Alias": "e",
                                    "Startup Cost": 0.00,
                                    "Total Cost": 64.84,
                                    "Plan Rows": 3107,
                                    "Plan Width": 36,
                                    "Actual Startup Time": 0.003,
                                    "Actual Total Time": 0.209,
                                    "Actual Rows": 3107,
                                    "Actual Loops": 1,
                                    "Output": ["e.assignment_review_decision_id", "e.evidence_item_id", "e.evidence_role"],
                                    "Filter": "(e.evidence_role = 'supports'::provenance.evidence_role)",
                                    "Rows Removed by Filter": 0,
                                    "Shared Hit Blocks": 26,
                                    "Shared Read Blocks": 0,
                                    "Shared Dirtied Blocks": 0,
                                    "Shared Written Blocks": 0,
                                    "Local Hit Blocks": 0,
                                    "Local Read Blocks": 0,
                                    "Local Dirtied Blocks": 0,
                                    "Local Written Blocks": 0,
                                    "Temp Read Blocks": 0,
                                    "Temp Written Blocks": 0,
                                    "I/O Read Time": 0.000,
                                    "I/O Write Time": 0.000,
                                    "Temp I/O Read Time": 0.000,
                                    "Temp I/O Write Time": 0.000,
                                    "WAL Records": 0,
                                    "WAL FPI": 0,
                                    "WAL Bytes": 0
                                  },
                                  {
                                    "Node Type": "Hash",
                                    "Parent Relationship": "Inner",
                                    "Parallel Aware": false,
                                    "Async Capable": false,
                                    "Startup Cost": 86.84,
                                    "Total Cost": 86.84,
                                    "Plan Rows": 3107,
                                    "Plan Width": 52,
                                    "Actual Startup Time": 0.571,
                                    "Actual Total Time": 0.571,
                                    "Actual Rows": 3107,
                                    "Actual Loops": 1,
                                    "Output": ["d.assignment_review_decision_id", "d.canonical_assignment_id", "d.outcome", "d.supersedes_decision_id"],
                                    "Hash Buckets": 4096,
                                    "Original Hash Buckets": 4096,
                                    "Hash Batches": 1,
                                    "Original Hash Batches": 1,
                                    "Peak Memory Usage": 239,
                                    "Shared Hit Blocks": 48,
                                    "Shared Read Blocks": 0,
                                    "Shared Dirtied Blocks": 0,
                                    "Shared Written Blocks": 0,
                                    "Local Hit Blocks": 0,
                                    "Local Read Blocks": 0,
                                    "Local Dirtied Blocks": 0,
                                    "Local Written Blocks": 0,
                                    "Temp Read Blocks": 0,
                                    "Temp Written Blocks": 0,
                                    "I/O Read Time": 0.000,
                                    "I/O Write Time": 0.000,
                                    "Temp I/O Read Time": 0.000,
                                    "Temp I/O Write Time": 0.000,
                                    "WAL Records": 0,
                                    "WAL FPI": 0,
                                    "WAL Bytes": 0,
                                    "Plans": [
                                      {
                                        "Node Type": "Seq Scan",
                                        "Parent Relationship": "Outer",
                                        "Parallel Aware": false,
                                        "Async Capable": false,
                                        "Relation Name": "assignment_review_decision",
                                        "Schema": "provenance",
                                        "Alias": "d",
                                        "Startup Cost": 0.00,
                                        "Total Cost": 86.84,
                                        "Plan Rows": 3107,
                                        "Plan Width": 52,
                                        "Actual Startup Time": 0.003,
                                        "Actual Total Time": 0.319,
                                        "Actual Rows": 3107,
                                        "Actual Loops": 1,
                                        "Output": ["d.assignment_review_decision_id", "d.canonical_assignment_id", "d.outcome", "d.supersedes_decision_id"],
                                        "Filter": "(d.outcome = 'accept'::workflow.review_outcome)",
                                        "Rows Removed by Filter": 0,
                                        "Shared Hit Blocks": 48,
                                        "Shared Read Blocks": 0,
                                        "Shared Dirtied Blocks": 0,
                                        "Shared Written Blocks": 0,
                                        "Local Hit Blocks": 0,
                                        "Local Read Blocks": 0,
                                        "Local Dirtied Blocks": 0,
                                        "Local Written Blocks": 0,
                                        "Temp Read Blocks": 0,
                                        "Temp Written Blocks": 0,
                                        "I/O Read Time": 0.000,
                                        "I/O Write Time": 0.000,
                                        "Temp I/O Read Time": 0.000,
                                        "Temp I/O Write Time": 0.000,
                                        "WAL Records": 0,
                                        "WAL FPI": 0,
                                        "WAL Bytes": 0
                                      }
                                    ]
                                  }
                                ]
                              },
                              {
                                "Node Type": "Hash",
                                "Parent Relationship": "Inner",
                                "Parallel Aware": false,
                                "Async Capable": false,
                                "Startup Cost": 69.60,
                                "Total Cost": 69.60,
                                "Plan Rows": 3107,
                                "Plan Width": 16,
                                "Actual Startup Time": 0.409,
                                "Actual Total Time": 0.409,
                                "Actual Rows": 3107,
                                "Actual Loops": 1,
                                "Output": ["a.canonical_assignment_id"],
                                "Hash Buckets": 4096,
                                "Original Hash Buckets": 4096,
                                "Hash Batches": 1,
                                "Original Hash Batches": 1,
                                "Peak Memory Usage": 178,
                                "Shared Hit Blocks": 23,
                                "Shared Read Blocks": 0,
                                "Shared Dirtied Blocks": 0,
                                "Shared Written Blocks": 0,
                                "Local Hit Blocks": 0,
                                "Local Read Blocks": 0,
                                "Local Dirtied Blocks": 0,
                                "Local Written Blocks": 0,
                                "Temp Read Blocks": 0,
                                "Temp Written Blocks": 0,
                                "I/O Read Time": 0.000,
                                "I/O Write Time": 0.000,
                                "Temp I/O Read Time": 0.000,
                                "Temp I/O Write Time": 0.000,
                                "WAL Records": 0,
                                "WAL FPI": 0,
                                "WAL Bytes": 0,
                                "Plans": [
                                  {
                                    "Node Type": "Seq Scan",
                                    "Parent Relationship": "Outer",
                                    "Parallel Aware": false,
                                    "Async Capable": false,
                                    "Relation Name": "canonical_assignment",
                                    "Schema": "provenance",
                                    "Alias": "a",
                                    "Startup Cost": 0.00,
                                    "Total Cost": 69.60,
                                    "Plan Rows": 3107,
                                    "Plan Width": 16,
                                    "Actual Startup Time": 0.005,
                                    "Actual Total Time": 0.243,
                                    "Actual Rows": 3107,
                                    "Actual Loops": 1,
                                    "Output": ["a.canonical_assignment_id"],
                                    "Filter": "((a.assignment_kind = 'folder_membership'::provenance.assignment_kind) AND (a.status = 'accepted'::provenance.assertion_status))",
                                    "Rows Removed by Filter": 0,
                                    "Shared Hit Blocks": 23,
                                    "Shared Read Blocks": 0,
                                    "Shared Dirtied Blocks": 0,
                                    "Shared Written Blocks": 0,
                                    "Local Hit Blocks": 0,
                                    "Local Read Blocks": 0,
                                    "Local Dirtied Blocks": 0,
                                    "Local Written Blocks": 0,
                                    "Temp Read Blocks": 0,
                                    "Temp Written Blocks": 0,
                                    "I/O Read Time": 0.000,
                                    "I/O Write Time": 0.000,
                                    "Temp I/O Read Time": 0.000,
                                    "Temp I/O Write Time": 0.000,
                                    "WAL Records": 0,
                                    "WAL FPI": 0,
                                    "WAL Bytes": 0
                                  }
                                ]
                              }
                            ]
                          }
                        ]
                      }
                    ]
                  }
                ]
              }
            ]
          }
        ]
      }
    ]
  }
}
psql:/private/tmp/graphic_design_archive_v49_repository_hygiene/database/tests/009_release_projection_snapshot_performance_scale.sql:34: LOG:  duration: 44.155 ms  plan:
{
  "Query Text": "CREATE TEMPORARY TABLE gda_v5_expected_memberships ON COMMIT DROP AS\n  WITH current_assignment AS MATERIALIZED (\n    SELECT a.canonical_assignment_id,a.assignment_kind,a.status,a.supersedes_assignment_id\n    FROM provenance.canonical_assignment a\n    WHERE a.assignment_kind='folder_membership' AND a.status='accepted'\n      AND NOT EXISTS (SELECT 1 FROM provenance.canonical_assignment newer\n        WHERE newer.supersedes_assignment_id=a.canonical_assignment_id)\n  ), assignment_snapshots AS MATERIALIZED (\n    SELECT a.canonical_assignment_id,encode(sha256(convert_to(jsonb_build_object(\n      'assignment',jsonb_build_array(a.canonical_assignment_id,a.assignment_kind,a.status,a.supersedes_assignment_id),\n      'memberships',jsonb_agg(jsonb_build_array(fm.folder_id,fm.archive_object_id,fm.membership_role,fm.member_ordinal)\n        ORDER BY fm.folder_id,fm.membership_role,fm.member_ordinal,fm.archive_object_id))::text,'UTF8')),'hex')::core.sha256_hex AS assignment_snapshot_sha256\n    FROM current_assignment a JOIN provenance.assignment_folder_membership fm ON fm.canonical_assignment_id=a.canonical_assignment_id\n    GROUP BY a.canonical_assignment_id,a.assignment_kind,a.status,a.supersedes_assignment_id\n  )\n  SELECT fm.folder_id,fm.archive_object_id,a.canonical_assignment_id AS source_assignment_id,\n    fm.membership_role,fm.member_ordinal,d.assignment_review_decision_id AS effective_decision_id,\n    s.assignment_snapshot_sha256,d.decision_snapshot_sha256\n  FROM current_assignment a JOIN provenance.assignment_folder_membership fm ON fm.canonical_assignment_id=a.canonical_assignment_id\n  JOIN gda_v5_effective_decisions d ON d.canonical_assignment_id=a.canonical_assignment_id\n  JOIN assignment_snapshots s ON s.canonical_assignment_id=a.canonical_assignment_id\n  JOIN raw.legacy_surface_ledger l ON l.archive_object_id=fm.archive_object_id\n    AND l.migration_batch_id=p_migration_batch_id AND l.import_disposition='accounted'\n  JOIN research.corpus_membership cm ON cm.archive_object_id=fm.archive_object_id\n    AND cm.corpus_version_id=v_corpus_version_id AND cm.disposition='eligible'",
  "Plan": {
    "Node Type": "Hash Join",
    "Parallel Aware": false,
    "Async Capable": false,
    "Join Type": "Inner",
    "Startup Cost": 842.77,
    "Total Cost": 989.85,
    "Plan Rows": 564,
    "Plan Width": 140,
    "Actual Startup Time": 41.940,
    "Actual Total Time": 42.580,
    "Actual Rows": 3107,
    "Actual Loops": 1,
    "Output": ["fm.folder_id", "fm.archive_object_id", "a.canonical_assignment_id", "fm.membership_role", "fm.member_ordinal", "d.assignment_review_decision_id", "s.assignment_snapshot_sha256", "d.decision_snapshot_sha256"],
    "Inner Unique": false,
    "Hash Cond": "(d.canonical_assignment_id = fm.canonical_assignment_id)",
    "Shared Hit Blocks": 154,
    "Shared Read Blocks": 0,
    "Shared Dirtied Blocks": 0,
    "Shared Written Blocks": 0,
    "Local Hit Blocks": 64,
    "Local Read Blocks": 0,
    "Local Dirtied Blocks": 0,
    "Local Written Blocks": 0,
    "Temp Read Blocks": 0,
    "Temp Written Blocks": 0,
    "I/O Read Time": 0.000,
    "I/O Write Time": 0.000,
    "Temp I/O Read Time": 0.000,
    "Temp I/O Write Time": 0.000,
    "WAL Records": 0,
    "WAL FPI": 0,
    "WAL Bytes": 0,
    "Plans": [
      {
        "Node Type": "Hash Join",
        "Parent Relationship": "InitPlan",
        "Subplan Name": "CTE current_assignment",
        "Parallel Aware": false,
        "Async Capable": false,
        "Join Type": "Right Anti",
        "Startup Cost": 108.57,
        "Total Cost": 124.74,
        "Plan Rows": 3107,
        "Plan Width": 40,
        "Actual Startup Time": 0.478,
        "Actual Total Time": 0.624,
        "Actual Rows": 3107,
        "Actual Loops": 1,
        "Output": ["a_1.canonical_assignment_id", "a_1.assignment_kind", "a_1.status", "a_1.supersedes_assignment_id"],
        "Inner Unique": true,
        "Hash Cond": "(newer.supersedes_assignment_id = a_1.canonical_assignment_id)",
        "Shared Hit Blocks": 24,
        "Shared Read Blocks": 0,
        "Shared Dirtied Blocks": 0,
        "Shared Written Blocks": 0,
        "Local Hit Blocks": 0,
        "Local Read Blocks": 0,
        "Local Dirtied Blocks": 0,
        "Local Written Blocks": 0,
        "Temp Read Blocks": 0,
        "Temp Written Blocks": 0,
        "I/O Read Time": 0.000,
        "I/O Write Time": 0.000,
        "Temp I/O Read Time": 0.000,
        "Temp I/O Write Time": 0.000,
        "WAL Records": 0,
        "WAL FPI": 0,
        "WAL Bytes": 0,
        "Plans": [
          {
            "Node Type": "Index Only Scan",
            "Parent Relationship": "Outer",
            "Parallel Aware": false,
            "Async Capable": false,
            "Scan Direction": "Forward",
            "Index Name": "canonical_assignment_current_leaf_v5_idx",
            "Relation Name": "canonical_assignment",
            "Schema": "provenance",
            "Alias": "newer",
            "Startup Cost": 0.12,
            "Total Cost": 8.14,
            "Plan Rows": 3107,
            "Plan Width": 16,
            "Actual Startup Time": 0.001,
            "Actual Total Time": 0.001,
            "Actual Rows": 0,
            "Actual Loops": 1,
            "Output": ["newer.supersedes_assignment_id"],
            "Heap Fetches": 0,
            "Shared Hit Blocks": 1,
            "Shared Read Blocks": 0,
            "Shared Dirtied Blocks": 0,
            "Shared Written Blocks": 0,
            "Local Hit Blocks": 0,
            "Local Read Blocks": 0,
            "Local Dirtied Blocks": 0,
            "Local Written Blocks": 0,
            "Temp Read Blocks": 0,
            "Temp Written Blocks": 0,
            "I/O Read Time": 0.000,
            "I/O Write Time": 0.000,
            "Temp I/O Read Time": 0.000,
            "Temp I/O Write Time": 0.000,
            "WAL Records": 0,
            "WAL FPI": 0,
            "WAL Bytes": 0
          },
          {
            "Node Type": "Hash",
            "Parent Relationship": "Inner",
            "Parallel Aware": false,
            "Async Capable": false,
            "Startup Cost": 69.60,
            "Total Cost": 69.60,
            "Plan Rows": 3107,
            "Plan Width": 40,
            "Actual Startup Time": 0.477,
            "Actual Total Time": 0.477,
            "Actual Rows": 3107,
            "Actual Loops": 1,
            "Output": ["a_1.canonical_assignment_id", "a_1.assignment_kind", "a_1.status", "a_1.supersedes_assignment_id"],
            "Hash Buckets": 4096,
            "Original Hash Buckets": 4096,
            "Hash Batches": 1,
            "Original Hash Batches": 1,
            "Peak Memory Usage": 202,
            "Shared Hit Blocks": 23,
            "Shared Read Blocks": 0,
            "Shared Dirtied Blocks": 0,
            "Shared Written Blocks": 0,
            "Local Hit Blocks": 0,
            "Local Read Blocks": 0,
            "Local Dirtied Blocks": 0,
            "Local Written Blocks": 0,
            "Temp Read Blocks": 0,
            "Temp Written Blocks": 0,
            "I/O Read Time": 0.000,
            "I/O Write Time": 0.000,
            "Temp I/O Read Time": 0.000,
            "Temp I/O Write Time": 0.000,
            "WAL Records": 0,
            "WAL FPI": 0,
            "WAL Bytes": 0,
            "Plans": [
              {
                "Node Type": "Seq Scan",
                "Parent Relationship": "Outer",
                "Parallel Aware": false,
                "Async Capable": false,
                "Relation Name": "canonical_assignment",
                "Schema": "provenance",
                "Alias": "a_1",
                "Startup Cost": 0.00,
                "Total Cost": 69.60,
                "Plan Rows": 3107,
                "Plan Width": 40,
                "Actual Startup Time": 0.004,
                "Actual Total Time": 0.250,
                "Actual Rows": 3107,
                "Actual Loops": 1,
                "Output": ["a_1.canonical_assignment_id", "a_1.assignment_kind", "a_1.status", "a_1.supersedes_assignment_id"],
                "Filter": "((a_1.assignment_kind = 'folder_membership'::provenance.assignment_kind) AND (a_1.status = 'accepted'::provenance.assertion_status))",
                "Rows Removed by Filter": 0,
                "Shared Hit Blocks": 23,
                "Shared Read Blocks": 0,
                "Shared Dirtied Blocks": 0,
                "Shared Written Blocks": 0,
                "Local Hit Blocks": 0,
                "Local Read Blocks": 0,
                "Local Dirtied Blocks": 0,
                "Local Written Blocks": 0,
                "Temp Read Blocks": 0,
                "Temp Written Blocks": 0,
                "I/O Read Time": 0.000,
                "I/O Write Time": 0.000,
                "Temp I/O Read Time": 0.000,
                "Temp I/O Write Time": 0.000,
                "WAL Records": 0,
                "WAL FPI": 0,
                "WAL Bytes": 0
              }
            ]
          }
        ]
      },
      {
        "Node Type": "Aggregate",
        "Strategy": "Sorted",
        "Partial Mode": "Simple",
        "Parent Relationship": "InitPlan",
        "Subplan Name": "CTE assignment_snapshots",
        "Parallel Aware": false,
        "Async Capable": false,
        "Startup Cost": 356.44,
        "Total Cost": 420.92,
        "Plan Rows": 311,
        "Plan Width": 72,
        "Actual Startup Time": 2.422,
        "Actual Total Time": 36.886,
        "Actual Rows": 3107,
        "Actual Loops": 1,
        "Output": ["a_2.canonical_assignment_id", "(encode(sha256(convert_to((jsonb_build_object('assignment', jsonb_build_array(a_2.canonical_assignment_id, a_2.assignment_kind, a_2.status, a_2.supersedes_assignment_id), 'memberships', jsonb_agg(jsonb_build_array(fm_1.folder_id, fm_1.archive_object_id, fm_1.membership_role, fm_1.member_ordinal) ORDER BY fm_1.folder_id, fm_1.membership_role, fm_1.member_ordinal, fm_1.archive_object_id)))::text, 'UTF8'::name)), 'hex'::text))::core.sha256_hex", "a_2.assignment_kind", "a_2.status", "a_2.supersedes_assignment_id"],
        "Group Key": ["a_2.canonical_assignment_id", "a_2.assignment_kind", "a_2.status", "a_2.supersedes_assignment_id"],
        "Shared Hit Blocks": 46,
        "Shared Read Blocks": 0,
        "Shared Dirtied Blocks": 0,
        "Shared Written Blocks": 0,
        "Local Hit Blocks": 0,
        "Local Read Blocks": 0,
        "Local Dirtied Blocks": 0,
        "Local Written Blocks": 0,
        "Temp Read Blocks": 0,
        "Temp Written Blocks": 0,
        "I/O Read Time": 0.000,
        "I/O Write Time": 0.000,
        "Temp I/O Read Time": 0.000,
        "Temp I/O Write Time": 0.000,
        "WAL Records": 0,
        "WAL FPI": 0,
        "WAL Bytes": 0,
        "Plans": [
          {
            "Node Type": "Sort",
            "Parent Relationship": "Outer",
            "Parallel Aware": false,
            "Async Capable": false,
            "Startup Cost": 356.44,
            "Total Cost": 364.21,
            "Plan Rows": 3107,
            "Plan Width": 84,
            "Actual Startup Time": 2.390,
            "Actual Total Time": 2.514,
            "Actual Rows": 3107,
            "Actual Loops": 1,
            "Output": ["a_2.canonical_assignment_id", "a_2.assignment_kind", "a_2.status", "a_2.supersedes_assignment_id", "fm_1.folder_id", "fm_1.archive_object_id", "fm_1.membership_role", "fm_1.member_ordinal"],
            "Sort Key": ["a_2.canonical_assignment_id", "a_2.assignment_kind", "a_2.status", "a_2.supersedes_assignment_id", "fm_1.folder_id", "fm_1.membership_role", "fm_1.member_ordinal", "fm_1.archive_object_id"],
            "Sort Method": "quicksort",
            "Sort Space Used": 388,
            "Sort Space Type": "Memory",
            "Shared Hit Blocks": 44,
            "Shared Read Blocks": 0,
            "Shared Dirtied Blocks": 0,
            "Shared Written Blocks": 0,
            "Local Hit Blocks": 0,
            "Local Read Blocks": 0,
            "Local Dirtied Blocks": 0,
            "Local Written Blocks": 0,
            "Temp Read Blocks": 0,
            "Temp Written Blocks": 0,
            "I/O Read Time": 0.000,
            "I/O Write Time": 0.000,
            "Temp I/O Read Time": 0.000,
            "Temp I/O Write Time": 0.000,
            "WAL Records": 0,
            "WAL FPI": 0,
            "WAL Bytes": 0,
            "Plans": [
              {
                "Node Type": "Hash Join",
                "Parent Relationship": "Outer",
                "Parallel Aware": false,
                "Async Capable": false,
                "Join Type": "Inner",
                "Startup Cost": 105.91,
                "Total Cost": 176.21,
                "Plan Rows": 3107,
                "Plan Width": 84,
                "Actual Startup Time": 0.529,
                "Actual Total Time": 1.483,
                "Actual Rows": 3107,
                "Actual Loops": 1,
                "Output": ["a_2.canonical_assignment_id", "a_2.assignment_kind", "a_2.status", "a_2.supersedes_assignment_id", "fm_1.folder_id", "fm_1.archive_object_id", "fm_1.membership_role", "fm_1.member_ordinal"],
                "Inner Unique": true,
                "Hash Cond": "(a_2.canonical_assignment_id = fm_1.canonical_assignment_id)",
                "Shared Hit Blocks": 36,
                "Shared Read Blocks": 0,
                "Shared Dirtied Blocks": 0,
                "Shared Written Blocks": 0,
                "Local Hit Blocks": 0,
                "Local Read Blocks": 0,
                "Local Dirtied Blocks": 0,
                "Local Written Blocks": 0,
                "Temp Read Blocks": 0,
                "Temp Written Blocks": 0,
                "I/O Read Time": 0.000,
                "I/O Write Time": 0.000,
                "Temp I/O Read Time": 0.000,
                "Temp I/O Write Time": 0.000,
                "WAL Records": 0,
                "WAL FPI": 0,
                "WAL Bytes": 0,
                "Plans": [
                  {
                    "Node Type": "CTE Scan",
                    "Parent Relationship": "Outer",
                    "Parallel Aware": false,
                    "Async Capable": false,
                    "CTE Name": "current_assignment",
                    "Alias": "a_2",
                    "Startup Cost": 0.00,
                    "Total Cost": 62.14,
                    "Plan Rows": 3107,
                    "Plan Width": 40,
                    "Actual Startup Time": 0.000,
                    "Actual Total Time": 0.531,
                    "Actual Rows": 3107,
                    "Actual Loops": 1,
                    "Output": ["a_2.canonical_assignment_id", "a_2.assignment_kind", "a_2.status", "a_2.supersedes_assignment_id"],
                    "Shared Hit Blocks": 0,
                    "Shared Read Blocks": 0,
                    "Shared Dirtied Blocks": 0,
                    "Shared Written Blocks": 0,
                    "Local Hit Blocks": 0,
                    "Local Read Blocks": 0,
                    "Local Dirtied Blocks": 0,
                    "Local Written Blocks": 0,
                    "Temp Read Blocks": 0,
                    "Temp Written Blocks": 0,
                    "I/O Read Time": 0.000,
                    "I/O Write Time": 0.000,
                    "Temp I/O Read Time": 0.000,
                    "Temp I/O Write Time": 0.000,
                    "WAL Records": 0,
                    "WAL FPI": 0,
                    "WAL Bytes": 0
                  },
                  {
                    "Node Type": "Hash",
                    "Parent Relationship": "Inner",
                    "Parallel Aware": false,
                    "Async Capable": false,
                    "Startup Cost": 67.07,
                    "Total Cost": 67.07,
                    "Plan Rows": 3107,
                    "Plan Width": 60,
                    "Actual Startup Time": 0.525,
                    "Actual Total Time": 0.525,
                    "Actual Rows": 3107,
                    "Actual Loops": 1,
                    "Output": ["fm_1.folder_id", "fm_1.archive_object_id", "fm_1.membership_role", "fm_1.member_ordinal", "fm_1.canonical_assignment_id"],
                    "Hash Buckets": 4096,
                    "Original Hash Buckets": 4096,
                    "Hash Batches": 1,
                    "Original Hash Batches": 1,
                    "Peak Memory Usage": 312,
                    "Shared Hit Blocks": 36,
                    "Shared Read Blocks": 0,
                    "Shared Dirtied Blocks": 0,
                    "Shared Written Blocks": 0,
                    "Local Hit Blocks": 0,
                    "Local Read Blocks": 0,
                    "Local Dirtied Blocks": 0,
                    "Local Written Blocks": 0,
                    "Temp Read Blocks": 0,
                    "Temp Written Blocks": 0,
                    "I/O Read Time": 0.000,
                    "I/O Write Time": 0.000,
                    "Temp I/O Read Time": 0.000,
                    "Temp I/O Write Time": 0.000,
                    "WAL Records": 0,
                    "WAL FPI": 0,
                    "WAL Bytes": 0,
                    "Plans": [
                      {
                        "Node Type": "Seq Scan",
                        "Parent Relationship": "Outer",
                        "Parallel Aware": false,
                        "Async Capable": false,
                        "Relation Name": "assignment_folder_membership",
                        "Schema": "provenance",
                        "Alias": "fm_1",
                        "Startup Cost": 0.00,
                        "Total Cost": 67.07,
                        "Plan Rows": 3107,
                        "Plan Width": 60,
                        "Actual Startup Time": 0.005,
                        "Actual Total Time": 0.254,
                        "Actual Rows": 3107,
                        "Actual Loops": 1,
                        "Output": ["fm_1.folder_id", "fm_1.archive_object_id", "fm_1.membership_role", "fm_1.member_ordinal", "fm_1.canonical_assignment_id"],
                        "Shared Hit Blocks": 36,
                        "Shared Read Blocks": 0,
                        "Shared Dirtied Blocks": 0,
                        "Shared Written Blocks": 0,
                        "Local Hit Blocks": 0,
                        "Local Read Blocks": 0,
                        "Local Dirtied Blocks": 0,
                        "Local Written Blocks": 0,
                        "Temp Read Blocks": 0,
                        "Temp Written Blocks": 0,
                        "I/O Read Time": 0.000,
                        "I/O Write Time": 0.000,
                        "Temp I/O Read Time": 0.000,
                        "Temp I/O Write Time": 0.000,
                        "WAL Records": 0,
                        "WAL FPI": 0,
                        "WAL Bytes": 0
                      }
                    ]
                  }
                ]
              }
            ]
          }
        ]
      },
      {
        "Node Type": "Seq Scan",
        "Parent Relationship": "Outer",
        "Parallel Aware": false,
        "Async Capable": false,
        "Relation Name": "gda_v5_effective_decisions",
        "Schema": "pg_temp",
        "Alias": "d",
        "Startup Cost": 0.00,
        "Total Cost": 120.32,
        "Plan Rows": 5632,
        "Plan Width": 64,
        "Actual Startup Time": 0.001,
        "Actual Total Time": 0.123,
        "Actual Rows": 3107,
        "Actual Loops": 1,
        "Output": ["d.assignment_review_decision_id", "d.canonical_assignment_id", "d.decision_snapshot_sha256"],
        "Shared Hit Blocks": 0,
        "Shared Read Blocks": 0,
        "Shared Dirtied Blocks": 0,
        "Shared Written Blocks": 0,
        "Local Hit Blocks": 64,
        "Local Read Blocks": 0,
        "Local Dirtied Blocks": 0,
        "Local Written Blocks": 0,
        "Temp Read Blocks": 0,
        "Temp Written Blocks": 0,
        "I/O Read Time": 0.000,
        "I/O Write Time": 0.000,
        "Temp I/O Read Time": 0.000,
        "Temp I/O Write Time": 0.000,
        "WAL Records": 0,
        "WAL FPI": 0,
        "WAL Bytes": 0
      },
      {
        "Node Type": "Hash",
        "Parent Relationship": "Inner",
        "Parallel Aware": false,
        "Async Capable": false,
        "Startup Cost": 293.23,
        "Total Cost": 293.23,
        "Plan Rows": 311,
        "Plan Width": 124,
        "Actual Startup Time": 41.935,
        "Actual Total Time": 41.936,
        "Actual Rows": 3107,
        "Actual Loops": 1,
        "Output": ["a.canonical_assignment_id", "fm.folder_id", "fm.archive_object_id", "fm.membership_role", "fm.member_ordinal", "fm.canonical_assignment_id", "s.assignment_snapshot_sha256", "s.canonical_assignment_id"],
        "Hash Buckets": 4096,
        "Original Hash Buckets": 1024,
        "Hash Batches": 1,
        "Original Hash Batches": 1,
        "Peak Memory Usage": 606,
        "Shared Hit Blocks": 154,
        "Shared Read Blocks": 0,
        "Shared Dirtied Blocks": 0,
        "Shared Written Blocks": 0,
        "Local Hit Blocks": 0,
        "Local Read Blocks": 0,
        "Local Dirtied Blocks": 0,
        "Local Written Blocks": 0,
        "Temp Read Blocks": 0,
        "Temp Written Blocks": 0,
        "I/O Read Time": 0.000,
        "I/O Write Time": 0.000,
        "Temp I/O Read Time": 0.000,
        "Temp I/O Write Time": 0.000,
        "WAL Records": 0,
        "WAL FPI": 0,
        "WAL Bytes": 0,
        "Plans": [
          {
            "Node Type": "Hash Join",
            "Parent Relationship": "Outer",
            "Parallel Aware": false,
            "Async Capable": false,
            "Join Type": "Inner",
            "Startup Cost": 216.33,
            "Total Cost": 293.23,
            "Plan Rows": 311,
            "Plan Width": 124,
            "Actual Startup Time": 40.999,
            "Actual Total Time": 41.563,
            "Actual Rows": 3107,
            "Actual Loops": 1,
            "Output": ["a.canonical_assignment_id", "fm.folder_id", "fm.archive_object_id", "fm.membership_role", "fm.member_ordinal", "fm.canonical_assignment_id", "s.assignment_snapshot_sha256", "s.canonical_assignment_id"],
            "Inner Unique": false,
            "Hash Cond": "(a.canonical_assignment_id = fm.canonical_assignment_id)",
            "Shared Hit Blocks": 154,
            "Shared Read Blocks": 0,
            "Shared Dirtied Blocks": 0,
            "Shared Written Blocks": 0,
            "Local Hit Blocks": 0,
            "Local Read Blocks": 0,
            "Local Dirtied Blocks": 0,
            "Local Written Blocks": 0,
            "Temp Read Blocks": 0,
            "Temp Written Blocks": 0,
            "I/O Read Time": 0.000,
            "I/O Write Time": 0.000,
            "Temp I/O Read Time": 0.000,
            "Temp I/O Write Time": 0.000,
            "WAL Records": 0,
            "WAL FPI": 0,
            "WAL Bytes": 0,
            "Plans": [
              {
                "Node Type": "CTE Scan",
                "Parent Relationship": "Outer",
                "Parallel Aware": false,
                "Async Capable": false,
                "CTE Name": "current_assignment",
                "Alias": "a",
                "Startup Cost": 0.00,
                "Total Cost": 62.14,
                "Plan Rows": 3107,
                "Plan Width": 16,
                "Actual Startup Time": 0.479,
                "Actual Total Time": 0.572,
                "Actual Rows": 3107,
                "Actual Loops": 1,
                "Output": ["a.canonical_assignment_id", "a.assignment_kind", "a.status", "a.supersedes_assignment_id"],
                "Shared Hit Blocks": 24,
                "Shared Read Blocks": 0,
                "Shared Dirtied Blocks": 0,
                "Shared Written Blocks": 0,
                "Local Hit Blocks": 0,
                "Local Read Blocks": 0,
                "Local Dirtied Blocks": 0,
                "Local Written Blocks": 0,
                "Temp Read Blocks": 0,
                "Temp Written Blocks": 0,
                "I/O Read Time": 0.000,
                "I/O Write Time": 0.000,
                "Temp I/O Read Time": 0.000,
                "Temp I/O Write Time": 0.000,
                "WAL Records": 0,
                "WAL FPI": 0,
                "WAL Bytes": 0
              },
              {
                "Node Type": "Hash",
                "Parent Relationship": "Inner",
                "Parallel Aware": false,
                "Async Capable": false,
                "Startup Cost": 212.44,
                "Total Cost": 212.44,
                "Plan Rows": 311,
                "Plan Width": 108,
                "Actual Startup Time": 40.515,
                "Actual Total Time": 40.516,
                "Actual Rows": 3107,
                "Actual Loops": 1,
                "Output": ["fm.folder_id", "fm.archive_object_id", "fm.membership_role", "fm.member_ordinal", "fm.canonical_assignment_id", "s.assignment_snapshot_sha256", "s.canonical_assignment_id"],
                "Hash Buckets": 4096,
                "Original Hash Buckets": 1024,
                "Hash Batches": 1,
                "Original Hash Batches": 1,
                "Peak Memory Usage": 557,
                "Shared Hit Blocks": 130,
                "Shared Read Blocks": 0,
                "Shared Dirtied Blocks": 0,
                "Shared Written Blocks": 0,
                "Local Hit Blocks": 0,
                "Local Read Blocks": 0,
                "Local Dirtied Blocks": 0,
                "Local Written Blocks": 0,
                "Temp Read Blocks": 0,
                "Temp Written Blocks": 0,
                "I/O Read Time": 0.000,
                "I/O Write Time": 0.000,
                "Temp I/O Read Time": 0.000,
                "Temp I/O Write Time": 0.000,
                "WAL Records": 0,
                "WAL FPI": 0,
                "WAL Bytes": 0,
                "Plans": [
                  {
                    "Node Type": "Hash Join",
                    "Parent Relationship": "Outer",
                    "Parallel Aware": false,
                    "Async Capable": false,
                    "Join Type": "Inner",
                    "Startup Cost": 158.58,
                    "Total Cost": 212.44,
                    "Plan Rows": 311,
                    "Plan Width": 108,
                    "Actual Startup Time": 39.649,
                    "Actual Total Time": 40.115,
                    "Actual Rows": 3107,
                    "Actual Loops": 1,
                    "Output": ["fm.folder_id", "fm.archive_object_id", "fm.membership_role", "fm.member_ordinal", "fm.canonical_assignment_id", "s.assignment_snapshot_sha256", "s.canonical_assignment_id"],
                    "Inner Unique": false,
                    "Hash Cond": "(l.archive_object_id = fm.archive_object_id)",
                    "Shared Hit Blocks": 130,
                    "Shared Read Blocks": 0,
                    "Shared Dirtied Blocks": 0,
                    "Shared Written Blocks": 0,
                    "Local Hit Blocks": 0,
                    "Local Read Blocks": 0,
                    "Local Dirtied Blocks": 0,
                    "Local Written Blocks": 0,
                    "Temp Read Blocks": 0,
                    "Temp Written Blocks": 0,
                    "I/O Read Time": 0.000,
                    "I/O Write Time": 0.000,
                    "Temp I/O Read Time": 0.000,
                    "Temp I/O Write Time": 0.000,
                    "WAL Records": 0,
                    "WAL FPI": 0,
                    "WAL Bytes": 0,
                    "Plans": [
                      {
                        "Node Type": "Seq Scan",
                        "Parent Relationship": "Outer",
                        "Parallel Aware": false,
                        "Async Capable": false,
                        "Relation Name": "legacy_surface_ledger",
                        "Schema": "raw",
                        "Alias": "l",
                        "Startup Cost": 0.00,
                        "Total Cost": 47.00,
                        "Plan Rows": 1000,
                        "Plan Width": 16,
                        "Actual Startup Time": 0.005,
                        "Actual Total Time": 0.156,
                        "Actual Rows": 1000,
                        "Actual Loops": 1,
                        "Output": ["l.legacy_surface_ledger_id", "l.migration_batch_id", "l.source_record_id", "l.canonical_input_asset_id", "l.input_ordinal", "l.surface_id", "l.legacy_source_record_id", "l.source_fingerprint", "l.import_disposition", "l.archive_object_id", "l.reason_code"],
                        "Filter": "((l.migration_batch_id = 'a0000000-0000-4000-8000-000000000003'::uuid) AND (l.import_disposition = 'accounted'::raw.import_disposition))",
                        "Rows Removed by Filter": 0,
                        "Shared Hit Blocks": 32,
                        "Shared Read Blocks": 0,
                        "Shared Dirtied Blocks": 0,
                        "Shared Written Blocks": 0,
                        "Local Hit Blocks": 0,
                        "Local Read Blocks": 0,
                        "Local Dirtied Blocks": 0,
                        "Local Written Blocks": 0,
                        "Temp Read Blocks": 0,
                        "Temp Written Blocks": 0,
                        "I/O Read Time": 0.000,
                        "I/O Write Time": 0.000,
                        "Temp I/O Read Time": 0.000,
                        "Temp I/O Write Time": 0.000,
                        "WAL Records": 0,
                        "WAL FPI": 0,
                        "WAL Bytes": 0
                      },
                      {
                        "Node Type": "Hash",
                        "Parent Relationship": "Inner",
                        "Parallel Aware": false,
                        "Async Capable": false,
                        "Startup Cost": 154.69,
                        "Total Cost": 154.69,
                        "Plan Rows": 311,
                        "Plan Width": 124,
                        "Actual Startup Time": 39.641,
                        "Actual Total Time": 39.641,
                        "Actual Rows": 3107,
                        "Actual Loops": 1,
                        "Output": ["fm.folder_id", "fm.archive_object_id", "fm.membership_role", "fm.member_ordinal", "fm.canonical_assignment_id", "s.assignment_snapshot_sha256", "s.canonical_assignment_id", "cm.archive_object_id"],
                        "Hash Buckets": 4096,
                        "Original Hash Buckets": 1024,
                        "Hash Batches": 1,
                        "Original Hash Batches": 1,
                        "Peak Memory Usage": 606,
                        "Shared Hit Blocks": 98,
                        "Shared Read Blocks": 0,
                        "Shared Dirtied Blocks": 0,
                        "Shared Written Blocks": 0,
                        "Local Hit Blocks": 0,
                        "Local Read Blocks": 0,
                        "Local Dirtied Blocks": 0,
                        "Local Written Blocks": 0,
                        "Temp Read Blocks": 0,
                        "Temp Written Blocks": 0,
                        "I/O Read Time": 0.000,
                        "I/O Write Time": 0.000,
                        "Temp I/O Read Time": 0.000,
                        "Temp I/O Write Time": 0.000,
                        "WAL Records": 0,
                        "WAL FPI": 0,
                        "WAL Bytes": 0,
                        "Plans": [
                          {
                            "Node Type": "Hash Join",
                            "Parent Relationship": "Outer",
                            "Parallel Aware": false,
                            "Async Capable": false,
                            "Join Type": "Inner",
                            "Startup Cost": 116.83,
                            "Total Cost": 154.69,
                            "Plan Rows": 311,
                            "Plan Width": 124,
                            "Actual Startup Time": 38.823,
                            "Actual Total Time": 39.241,
                            "Actual Rows": 3107,
                            "Actual Loops": 1,
                            "Output": ["fm.folder_id", "fm.archive_object_id", "fm.membership_role", "fm.member_ordinal", "fm.canonical_assignment_id", "s.assignment_snapshot_sha256", "s.canonical_assignment_id", "cm.archive_object_id"],
                            "Inner Unique": false,
                            "Hash Cond": "(cm.archive_object_id = fm.archive_object_id)",
                            "Shared Hit Blocks": 98,
                            "Shared Read Blocks": 0,
                            "Shared Dirtied Blocks": 0,
                            "Shared Written Blocks": 0,
                            "Local Hit Blocks": 0,
                            "Local Read Blocks": 0,
                            "Local Dirtied Blocks": 0,
                            "Local Written Blocks": 0,
                            "Temp Read Blocks": 0,
                            "Temp Written Blocks": 0,
                            "I/O Read Time": 0.000,
                            "I/O Write Time": 0.000,
                            "Temp I/O Read Time": 0.000,
                            "Temp I/O Write Time": 0.000,
                            "WAL Records": 0,
                            "WAL FPI": 0,
                            "WAL Bytes": 0,
                            "Plans": [
                              {
                                "Node Type": "Seq Scan",
                                "Parent Relationship": "Outer",
                                "Parallel Aware": false,
                                "Async Capable": false,
                                "Relation Name": "corpus_membership",
                                "Schema": "research",
                                "Alias": "cm",
                                "Startup Cost": 0.00,
                                "Total Cost": 31.00,
                                "Plan Rows": 1000,
                                "Plan Width": 16,
                                "Actual Startup Time": 0.003,
                                "Actual Total Time": 0.093,
                                "Actual Rows": 1000,
                                "Actual Loops": 1,
                                "Output": ["cm.corpus_version_id", "cm.archive_object_id", "cm.disposition", "cm.reason_code", "cm.evidence_item_id", "cm.decided_by", "cm.decided_at"],
                                "Filter": "((cm.corpus_version_id = 'a4000000-0000-4000-8000-000000000002'::uuid) AND (cm.disposition = 'eligible'::research.membership_disposition))",
                                "Rows Removed by Filter": 0,
                                "Shared Hit Blocks": 16,
                                "Shared Read Blocks": 0,
                                "Shared Dirtied Blocks": 0,
                                "Shared Written Blocks": 0,
                                "Local Hit Blocks": 0,
                                "Local Read Blocks": 0,
                                "Local Dirtied Blocks": 0,
                                "Local Written Blocks": 0,
                                "Temp Read Blocks": 0,
                                "Temp Written Blocks": 0,
                                "I/O Read Time": 0.000,
                                "I/O Write Time": 0.000,
                                "Temp I/O Read Time": 0.000,
                                "Temp I/O Write Time": 0.000,
                                "WAL Records": 0,
                                "WAL FPI": 0,
                                "WAL Bytes": 0
                              },
                              {
                                "Node Type": "Hash",
                                "Parent Relationship": "Inner",
                                "Parallel Aware": false,
                                "Async Capable": false,
                                "Startup Cost": 112.94,
                                "Total Cost": 112.94,
                                "Plan Rows": 311,
                                "Plan Width": 108,
                                "Actual Startup Time": 38.817,
                                "Actual Total Time": 38.818,
                                "Actual Rows": 3107,
                                "Actual Loops": 1,
                                "Output": ["fm.folder_id", "fm.archive_object_id", "fm.membership_role", "fm.member_ordinal", "fm.canonical_assignment_id", "s.assignment_snapshot_sha256", "s.canonical_assignment_id"],
                                "Hash Buckets": 4096,
                                "Original Hash Buckets": 1024,
                                "Hash Batches": 1,
                                "Original Hash Batches": 1,
                                "Peak Memory Usage": 557,
                                "Shared Hit Blocks": 82,
                                "Shared Read Blocks": 0,
                                "Shared Dirtied Blocks": 0,
                                "Shared Written Blocks": 0,
                                "Local Hit Blocks": 0,
                                "Local Read Blocks": 0,
                                "Local Dirtied Blocks": 0,
                                "Local Written Blocks": 0,
                                "Temp Read Blocks": 0,
                                "Temp Written Blocks": 0,
                                "I/O Read Time": 0.000,
                                "I/O Write Time": 0.000,
                                "Temp I/O Read Time": 0.000,
                                "Temp I/O Write Time": 0.000,
                                "WAL Records": 0,
                                "WAL FPI": 0,
                                "WAL Bytes": 0,
                                "Plans": [
                                  {
                                    "Node Type": "Hash Join",
                                    "Parent Relationship": "Outer",
                                    "Parallel Aware": false,
                                    "Async Capable": false,
                                    "Join Type": "Inner",
                                    "Startup Cost": 105.91,
                                    "Total Cost": 112.94,
                                    "Plan Rows": 311,
                                    "Plan Width": 108,
                                    "Actual Startup Time": 2.908,
                                    "Actual Total Time": 38.376,
                                    "Actual Rows": 3107,
                                    "Actual Loops": 1,
                                    "Output": ["fm.folder_id", "fm.archive_object_id", "fm.membership_role", "fm.member_ordinal", "fm.canonical_assignment_id", "s.assignment_snapshot_sha256", "s.canonical_assignment_id"],
                                    "Inner Unique": true,
                                    "Hash Cond": "(s.canonical_assignment_id = fm.canonical_assignment_id)",
                                    "Shared Hit Blocks": 82,
                                    "Shared Read Blocks": 0,
                                    "Shared Dirtied Blocks": 0,
                                    "Shared Written Blocks": 0,
                                    "Local Hit Blocks": 0,
                                    "Local Read Blocks": 0,
                                    "Local Dirtied Blocks": 0,
                                    "Local Written Blocks": 0,
                                    "Temp Read Blocks": 0,
                                    "Temp Written Blocks": 0,
                                    "I/O Read Time": 0.000,
                                    "I/O Write Time": 0.000,
                                    "Temp I/O Read Time": 0.000,
                                    "Temp I/O Write Time": 0.000,
                                    "WAL Records": 0,
                                    "WAL FPI": 0,
                                    "WAL Bytes": 0,
                                    "Plans": [
                                      {
                                        "Node Type": "CTE Scan",
                                        "Parent Relationship": "Outer",
                                        "Parallel Aware": false,
                                        "Async Capable": false,
                                        "CTE Name": "assignment_snapshots",
                                        "Alias": "s",
                                        "Startup Cost": 0.00,
                                        "Total Cost": 6.22,
                                        "Plan Rows": 311,
                                        "Plan Width": 48,
                                        "Actual Startup Time": 2.423,
                                        "Actual Total Time": 37.502,
                                        "Actual Rows": 3107,
                                        "Actual Loops": 1,
                                        "Output": ["s.canonical_assignment_id", "s.assignment_snapshot_sha256"],
                                        "Shared Hit Blocks": 46,
                                        "Shared Read Blocks": 0,
                                        "Shared Dirtied Blocks": 0,
                                        "Shared Written Blocks": 0,
                                        "Local Hit Blocks": 0,
                                        "Local Read Blocks": 0,
                                        "Local Dirtied Blocks": 0,
                                        "Local Written Blocks": 0,
                                        "Temp Read Blocks": 0,
                                        "Temp Written Blocks": 0,
                                        "I/O Read Time": 0.000,
                                        "I/O Write Time": 0.000,
                                        "Temp I/O Read Time": 0.000,
                                        "Temp I/O Write Time": 0.000,
                                        "WAL Records": 0,
                                        "WAL FPI": 0,
                                        "WAL Bytes": 0
                                      },
                                      {
                                        "Node Type": "Hash",
                                        "Parent Relationship": "Inner",
                                        "Parallel Aware": false,
                                        "Async Capable": false,
                                        "Startup Cost": 67.07,
                                        "Total Cost": 67.07,
                                        "Plan Rows": 3107,
                                        "Plan Width": 60,
                                        "Actual Startup Time": 0.481,
                                        "Actual Total Time": 0.482,
                                        "Actual Rows": 3107,
                                        "Actual Loops": 1,
                                        "Output": ["fm.folder_id", "fm.archive_object_id", "fm.membership_role", "fm.member_ordinal", "fm.canonical_assignment_id"],
                                        "Hash Buckets": 4096,
                                        "Original Hash Buckets": 4096,
                                        "Hash Batches": 1,
                                        "Original Hash Batches": 1,
                                        "Peak Memory Usage": 312,
                                        "Shared Hit Blocks": 36,
                                        "Shared Read Blocks": 0,
                                        "Shared Dirtied Blocks": 0,
                                        "Shared Written Blocks": 0,
                                        "Local Hit Blocks": 0,
                                        "Local Read Blocks": 0,
                                        "Local Dirtied Blocks": 0,
                                        "Local Written Blocks": 0,
                                        "Temp Read Blocks": 0,
                                        "Temp Written Blocks": 0,
                                        "I/O Read Time": 0.000,
                                        "I/O Write Time": 0.000,
                                        "Temp I/O Read Time": 0.000,
                                        "Temp I/O Write Time": 0.000,
                                        "WAL Records": 0,
                                        "WAL FPI": 0,
                                        "WAL Bytes": 0,
                                        "Plans": [
                                          {
                                            "Node Type": "Seq Scan",
                                            "Parent Relationship": "Outer",
                                            "Parallel Aware": false,
                                            "Async Capable": false,
                                            "Relation Name": "assignment_folder_membership",
                                            "Schema": "provenance",
                                            "Alias": "fm",
                                            "Startup Cost": 0.00,
                                            "Total Cost": 67.07,
                                            "Plan Rows": 3107,
                                            "Plan Width": 60,
                                            "Actual Startup Time": 0.002,
                                            "Actual Total Time": 0.194,
                                            "Actual Rows": 3107,
                                            "Actual Loops": 1,
                                            "Output": ["fm.folder_id", "fm.archive_object_id", "fm.membership_role", "fm.member_ordinal", "fm.canonical_assignment_id"],
                                            "Shared Hit Blocks": 36,
                                            "Shared Read Blocks": 0,
                                            "Shared Dirtied Blocks": 0,
                                            "Shared Written Blocks": 0,
                                            "Local Hit Blocks": 0,
                                            "Local Read Blocks": 0,
                                            "Local Dirtied Blocks": 0,
                                            "Local Written Blocks": 0,
                                            "Temp Read Blocks": 0,
                                            "Temp Written Blocks": 0,
                                            "I/O Read Time": 0.000,
                                            "I/O Write Time": 0.000,
                                            "Temp I/O Read Time": 0.000,
                                            "Temp I/O Write Time": 0.000,
                                            "WAL Records": 0,
                                            "WAL FPI": 0,
                                            "WAL Bytes": 0
                                          }
                                        ]
                                      }
                                    ]
                                  }
                                ]
                              }
                            ]
                          }
                        ]
                      }
                    ]
                  }
                ]
              }
            ]
          }
        ]
      }
    ]
  }
}
psql:/private/tmp/graphic_design_archive_v49_repository_hygiene/database/tests/009_release_projection_snapshot_performance_scale.sql:34: LOG:  duration: 1.285 ms  plan:
{
  "Query Text": "EXISTS (SELECT 1 FROM gda_v5_expected_memberships e LEFT JOIN research.folder_publication_metadata m ON m.folder_id=e.folder_id WHERE m.folder_id IS NULL)",
  "Plan": {
    "Node Type": "Result",
    "Parallel Aware": false,
    "Async Capable": false,
    "Startup Cost": 0.61,
    "Total Cost": 0.62,
    "Plan Rows": 1,
    "Plan Width": 1,
    "Actual Startup Time": 1.284,
    "Actual Total Time": 1.284,
    "Actual Rows": 1,
    "Actual Loops": 1,
    "Output": ["$1"],
    "Shared Hit Blocks": 6214,
    "Shared Read Blocks": 0,
    "Shared Dirtied Blocks": 0,
    "Shared Written Blocks": 0,
    "Local Hit Blocks": 128,
    "Local Read Blocks": 0,
    "Local Dirtied Blocks": 0,
    "Local Written Blocks": 0,
    "Temp Read Blocks": 0,
    "Temp Written Blocks": 0,
    "I/O Read Time": 0.000,
    "I/O Write Time": 0.000,
    "Temp I/O Read Time": 0.000,
    "Temp I/O Write Time": 0.000,
    "WAL Records": 0,
    "WAL FPI": 0,
    "WAL Bytes": 0,
    "Plans": [
      {
        "Node Type": "Nested Loop",
        "Parent Relationship": "InitPlan",
        "Subplan Name": "InitPlan 1 (returns $1)",
        "Parallel Aware": false,
        "Async Capable": false,
        "Join Type": "Anti",
        "Startup Cost": 0.15,
        "Total Cost": 720.78,
        "Plan Rows": 1554,
        "Plan Width": 0,
        "Actual Startup Time": 1.283,
        "Actual Total Time": 1.283,
        "Actual Rows": 0,
        "Actual Loops": 1,
        "Inner Unique": false,
        "Shared Hit Blocks": 6214,
        "Shared Read Blocks": 0,
        "Shared Dirtied Blocks": 0,
        "Shared Written Blocks": 0,
        "Local Hit Blocks": 128,
        "Local Read Blocks": 0,
        "Local Dirtied Blocks": 0,
        "Local Written Blocks": 0,
        "Temp Read Blocks": 0,
        "Temp Written Blocks": 0,
        "I/O Read Time": 0.000,
        "I/O Write Time": 0.000,
        "Temp I/O Read Time": 0.000,
        "Temp I/O Write Time": 0.000,
        "WAL Records": 0,
        "WAL FPI": 0,
        "WAL Bytes": 0,
        "Plans": [
          {
            "Node Type": "Seq Scan",
            "Parent Relationship": "Outer",
            "Parallel Aware": false,
            "Async Capable": false,
            "Relation Name": "gda_v5_expected_memberships",
            "Schema": "pg_temp",
            "Alias": "e",
            "Startup Cost": 0.00,
            "Total Cost": 159.07,
            "Plan Rows": 3107,
            "Plan Width": 16,
            "Actual Startup Time": 0.002,
            "Actual Total Time": 0.113,
            "Actual Rows": 3107,
            "Actual Loops": 1,
            "Output": ["e.folder_id", "e.archive_object_id", "e.source_assignment_id", "e.membership_role", "e.member_ordinal", "e.effective_decision_id", "e.assignment_snapshot_sha256", "e.decision_snapshot_sha256"],
            "Shared Hit Blocks": 0,
            "Shared Read Blocks": 0,
            "Shared Dirtied Blocks": 0,
            "Shared Written Blocks": 0,
            "Local Hit Blocks": 128,
            "Local Read Blocks": 0,
            "Local Dirtied Blocks": 0,
            "Local Written Blocks": 0,
            "Temp Read Blocks": 0,
            "Temp Written Blocks": 0,
            "I/O Read Time": 0.000,
            "I/O Write Time": 0.000,
            "Temp I/O Read Time": 0.000,
            "Temp I/O Write Time": 0.000,
            "WAL Records": 0,
            "WAL FPI": 0,
            "WAL Bytes": 0
          },
          {
            "Node Type": "Index Only Scan",
            "Parent Relationship": "Inner",
            "Parallel Aware": false,
            "Async Capable": false,
            "Scan Direction": "Forward",
            "Index Name": "folder_publication_metadata_pkey",
            "Relation Name": "folder_publication_metadata",
            "Schema": "research",
            "Alias": "m",
            "Startup Cost": 0.15,
            "Total Cost": 0.18,
            "Plan Rows": 1,
            "Plan Width": 16,
            "Actual Startup Time": 0.000,
            "Actual Total Time": 0.000,
            "Actual Rows": 1,
            "Actual Loops": 3107,
            "Output": ["m.folder_id"],
            "Index Cond": "(m.folder_id = e.folder_id)",
            "Rows Removed by Index Recheck": 0,
            "Heap Fetches": 3107,
            "Shared Hit Blocks": 6214,
            "Shared Read Blocks": 0,
            "Shared Dirtied Blocks": 0,
            "Shared Written Blocks": 0,
            "Local Hit Blocks": 0,
            "Local Read Blocks": 0,
            "Local Dirtied Blocks": 0,
            "Local Written Blocks": 0,
            "Temp Read Blocks": 0,
            "Temp Written Blocks": 0,
            "I/O Read Time": 0.000,
            "I/O Write Time": 0.000,
            "Temp I/O Read Time": 0.000,
            "Temp I/O Write Time": 0.000,
            "WAL Records": 0,
            "WAL FPI": 0,
            "WAL Bytes": 0
          }
        ]
      }
    ]
  }
}
psql:/private/tmp/graphic_design_archive_v49_repository_hygiene/database/tests/009_release_projection_snapshot_performance_scale.sql:34: LOG:  duration: 1.391 ms  plan:
{
  "Query Text": "CREATE TEMPORARY TABLE gda_v5_expected_objects ON COMMIT DROP AS\n  SELECT l.archive_object_id,l.surface_id,o.object_urn,o.preferred_label\n  FROM raw.legacy_surface_ledger l JOIN core.archive_object o ON o.archive_object_id=l.archive_object_id\n  JOIN research.corpus_membership cm ON cm.archive_object_id=l.archive_object_id\n    AND cm.corpus_version_id=v_corpus_version_id AND cm.disposition='eligible'\n  WHERE l.migration_batch_id=p_migration_batch_id AND l.import_disposition='accounted'\n    AND l.archive_object_id IS NOT NULL",
  "Plan": {
    "Node Type": "Hash Join",
    "Parallel Aware": false,
    "Async Capable": false,
    "Join Type": "Inner",
    "Startup Cost": 89.07,
    "Total Cost": 141.34,
    "Plan Rows": 916,
    "Plan Width": 105,
    "Actual Startup Time": 0.325,
    "Actual Total Time": 0.647,
    "Actual Rows": 1000,
    "Actual Loops": 1,
    "Output": ["l.archive_object_id", "l.surface_id", "o.object_urn", "o.preferred_label"],
    "Inner Unique": true,
    "Hash Cond": "(o.archive_object_id = cm.archive_object_id)",
    "Shared Hit Blocks": 69,
    "Shared Read Blocks": 0,
    "Shared Dirtied Blocks": 0,
    "Shared Written Blocks": 0,
    "Local Hit Blocks": 0,
    "Local Read Blocks": 0,
    "Local Dirtied Blocks": 0,
    "Local Written Blocks": 0,
    "Temp Read Blocks": 0,
    "Temp Written Blocks": 0,
    "I/O Read Time": 0.000,
    "I/O Write Time": 0.000,
    "Temp I/O Read Time": 0.000,
    "Temp I/O Write Time": 0.000,
    "WAL Records": 0,
    "WAL FPI": 0,
    "WAL Bytes": 0,
    "Plans": [
      {
        "Node Type": "Hash Join",
        "Parent Relationship": "Outer",
        "Parallel Aware": false,
        "Async Capable": false,
        "Join Type": "Inner",
        "Startup Cost": 45.57,
        "Total Cost": 95.21,
        "Plan Rows": 1000,
        "Plan Width": 121,
        "Actual Startup Time": 0.198,
        "Actual Total Time": 0.422,
        "Actual Rows": 1000,
        "Actual Loops": 1,
        "Output": ["l.archive_object_id", "l.surface_id", "o.object_urn", "o.preferred_label", "o.archive_object_id"],
        "Inner Unique": true,
        "Hash Cond": "(l.archive_object_id = o.archive_object_id)",
        "Shared Hit Blocks": 53,
        "Shared Read Blocks": 0,
        "Shared Dirtied Blocks": 0,
        "Shared Written Blocks": 0,
        "Local Hit Blocks": 0,
        "Local Read Blocks": 0,
        "Local Dirtied Blocks": 0,
        "Local Written Blocks": 0,
        "Temp Read Blocks": 0,
        "Temp Written Blocks": 0,
        "I/O Read Time": 0.000,
        "I/O Write Time": 0.000,
        "Temp I/O Read Time": 0.000,
        "Temp I/O Write Time": 0.000,
        "WAL Records": 0,
        "WAL FPI": 0,
        "WAL Bytes": 0,
        "Plans": [
          {
            "Node Type": "Seq Scan",
            "Parent Relationship": "Outer",
            "Parallel Aware": false,
            "Async Capable": false,
            "Relation Name": "legacy_surface_ledger",
            "Schema": "raw",
            "Alias": "l",
            "Startup Cost": 0.00,
            "Total Cost": 47.00,
            "Plan Rows": 1000,
            "Plan Width": 41,
            "Actual Startup Time": 0.002,
            "Actual Total Time": 0.120,
            "Actual Rows": 1000,
            "Actual Loops": 1,
            "Output": ["l.legacy_surface_ledger_id", "l.migration_batch_id", "l.source_record_id", "l.canonical_input_asset_id", "l.input_ordinal", "l.surface_id", "l.legacy_source_record_id", "l.source_fingerprint", "l.import_disposition", "l.archive_object_id", "l.reason_code"],
            "Filter": "((l.archive_object_id IS NOT NULL) AND (l.migration_batch_id = 'a0000000-0000-4000-8000-000000000003'::uuid) AND (l.import_disposition = 'accounted'::raw.import_disposition))",
            "Rows Removed by Filter": 0,
            "Shared Hit Blocks": 32,
            "Shared Read Blocks": 0,
            "Shared Dirtied Blocks": 0,
            "Shared Written Blocks": 0,
            "Local Hit Blocks": 0,
            "Local Read Blocks": 0,
            "Local Dirtied Blocks": 0,
            "Local Written Blocks": 0,
            "Temp Read Blocks": 0,
            "Temp Written Blocks": 0,
            "I/O Read Time": 0.000,
            "I/O Write Time": 0.000,
            "Temp I/O Read Time": 0.000,
            "Temp I/O Write Time": 0.000,
            "WAL Records": 0,
            "WAL FPI": 0,
            "WAL Bytes": 0
          },
          {
            "Node Type": "Hash",
            "Parent Relationship": "Inner",
            "Parallel Aware": false,
            "Async Capable": false,
            "Startup Cost": 31.92,
            "Total Cost": 31.92,
            "Plan Rows": 1092,
            "Plan Width": 80,
            "Actual Startup Time": 0.194,
            "Actual Total Time": 0.194,
            "Actual Rows": 1000,
            "Actual Loops": 1,
            "Output": ["o.object_urn", "o.preferred_label", "o.archive_object_id"],
            "Hash Buckets": 2048,
            "Original Hash Buckets": 2048,
            "Hash Batches": 1,
            "Original Hash Batches": 1,
            "Peak Memory Usage": 145,
            "Shared Hit Blocks": 21,
            "Shared Read Blocks": 0,
            "Shared Dirtied Blocks": 0,
            "Shared Written Blocks": 0,
            "Local Hit Blocks": 0,
            "Local Read Blocks": 0,
            "Local Dirtied Blocks": 0,
            "Local Written Blocks": 0,
            "Temp Read Blocks": 0,
            "Temp Written Blocks": 0,
            "I/O Read Time": 0.000,
            "I/O Write Time": 0.000,
            "Temp I/O Read Time": 0.000,
            "Temp I/O Write Time": 0.000,
            "WAL Records": 0,
            "WAL FPI": 0,
            "WAL Bytes": 0,
            "Plans": [
              {
                "Node Type": "Seq Scan",
                "Parent Relationship": "Outer",
                "Parallel Aware": false,
                "Async Capable": false,
                "Relation Name": "archive_object",
                "Schema": "core",
                "Alias": "o",
                "Startup Cost": 0.00,
                "Total Cost": 31.92,
                "Plan Rows": 1092,
                "Plan Width": 80,
                "Actual Startup Time": 0.008,
                "Actual Total Time": 0.123,
                "Actual Rows": 1000,
                "Actual Loops": 1,
                "Output": ["o.object_urn", "o.preferred_label", "o.archive_object_id"],
                "Shared Hit Blocks": 21,
                "Shared Read Blocks": 0,
                "Shared Dirtied Blocks": 0,
                "Shared Written Blocks": 0,
                "Local Hit Blocks": 0,
                "Local Read Blocks": 0,
                "Local Dirtied Blocks": 0,
                "Local Written Blocks": 0,
                "Temp Read Blocks": 0,
                "Temp Written Blocks": 0,
                "I/O Read Time": 0.000,
                "I/O Write Time": 0.000,
                "Temp I/O Read Time": 0.000,
                "Temp I/O Write Time": 0.000,
                "WAL Records": 0,
                "WAL FPI": 0,
                "WAL Bytes": 0
              }
            ]
          }
        ]
      },
      {
        "Node Type": "Hash",
        "Parent Relationship": "Inner",
        "Parallel Aware": false,
        "Async Capable": false,
        "Startup Cost": 31.00,
        "Total Cost": 31.00,
        "Plan Rows": 1000,
        "Plan Width": 16,
        "Actual Startup Time": 0.126,
        "Actual Total Time": 0.126,
        "Actual Rows": 1000,
        "Actual Loops": 1,
        "Output": ["cm.archive_object_id"],
        "Hash Buckets": 1024,
        "Original Hash Buckets": 1024,
        "Hash Batches": 1,
        "Original Hash Batches": 1,
        "Peak Memory Usage": 55,
        "Shared Hit Blocks": 16,
        "Shared Read Blocks": 0,
        "Shared Dirtied Blocks": 0,
        "Shared Written Blocks": 0,
        "Local Hit Blocks": 0,
        "Local Read Blocks": 0,
        "Local Dirtied Blocks": 0,
        "Local Written Blocks": 0,
        "Temp Read Blocks": 0,
        "Temp Written Blocks": 0,
        "I/O Read Time": 0.000,
        "I/O Write Time": 0.000,
        "Temp I/O Read Time": 0.000,
        "Temp I/O Write Time": 0.000,
        "WAL Records": 0,
        "WAL FPI": 0,
        "WAL Bytes": 0,
        "Plans": [
          {
            "Node Type": "Seq Scan",
            "Parent Relationship": "Outer",
            "Parallel Aware": false,
            "Async Capable": false,
            "Relation Name": "corpus_membership",
            "Schema": "research",
            "Alias": "cm",
            "Startup Cost": 0.00,
            "Total Cost": 31.00,
            "Plan Rows": 1000,
            "Plan Width": 16,
            "Actual Startup Time": 0.003,
            "Actual Total Time": 0.078,
            "Actual Rows": 1000,
            "Actual Loops": 1,
            "Output": ["cm.archive_object_id"],
            "Filter": "((cm.corpus_version_id = 'a4000000-0000-4000-8000-000000000002'::uuid) AND (cm.disposition = 'eligible'::research.membership_disposition))",
            "Rows Removed by Filter": 0,
            "Shared Hit Blocks": 16,
            "Shared Read Blocks": 0,
            "Shared Dirtied Blocks": 0,
            "Shared Written Blocks": 0,
            "Local Hit Blocks": 0,
            "Local Read Blocks": 0,
            "Local Dirtied Blocks": 0,
            "Local Written Blocks": 0,
            "Temp Read Blocks": 0,
            "Temp Written Blocks": 0,
            "I/O Read Time": 0.000,
            "I/O Write Time": 0.000,
            "Temp I/O Read Time": 0.000,
            "Temp I/O Write Time": 0.000,
            "WAL Records": 0,
            "WAL FPI": 0,
            "WAL Bytes": 0
          }
        ]
      }
    ]
  }
}
psql:/private/tmp/graphic_design_archive_v49_repository_hygiene/database/tests/009_release_projection_snapshot_performance_scale.sql:34: LOG:  duration: 26.087 ms  plan:
{
  "Query Text": "INSERT INTO release.research_release_object(research_release_id,archive_object_id,object_urn,legacy_surface_id,title,publication_layer,acceptance_state,workflow_state)\n  SELECT p_release_id,archive_object_id,object_urn,surface_id,preferred_label,'active','accepted','resolved'\n  FROM gda_v5_expected_objects",
  "Plan": {
    "Node Type": "ModifyTable",
    "Operation": "Insert",
    "Parallel Aware": false,
    "Async Capable": false,
    "Relation Name": "research_release_object",
    "Schema": "release",
    "Alias": "research_release_object",
    "Startup Cost": 0.00,
    "Total Cost": 42.00,
    "Plan Rows": 0,
    "Plan Width": 0,
    "Actual Startup Time": 20.580,
    "Actual Total Time": 20.580,
    "Actual Rows": 0,
    "Actual Loops": 1,
    "Shared Hit Blocks": 18531,
    "Shared Read Blocks": 0,
    "Shared Dirtied Blocks": 96,
    "Shared Written Blocks": 93,
    "Local Hit Blocks": 32,
    "Local Read Blocks": 0,
    "Local Dirtied Blocks": 0,
    "Local Written Blocks": 0,
    "Temp Read Blocks": 0,
    "Temp Written Blocks": 0,
    "I/O Read Time": 0.000,
    "I/O Write Time": 0.687,
    "Temp I/O Read Time": 0.000,
    "Temp I/O Write Time": 0.000,
    "WAL Records": 6063,
    "WAL FPI": 0,
    "WAL Bytes": 901888,
    "Plans": [
      {
        "Node Type": "Seq Scan",
        "Parent Relationship": "Outer",
        "Parallel Aware": false,
        "Async Capable": false,
        "Relation Name": "gda_v5_expected_objects",
        "Schema": "pg_temp",
        "Alias": "gda_v5_expected_objects",
        "Startup Cost": 0.00,
        "Total Cost": 42.00,
        "Plan Rows": 1000,
        "Plan Width": 140,
        "Actual Startup Time": 0.002,
        "Actual Total Time": 0.126,
        "Actual Rows": 1000,
        "Actual Loops": 1,
        "Output": ["'a1000000-0000-4000-8000-000000000001'::uuid", "gda_v5_expected_objects.archive_object_id", "gda_v5_expected_objects.object_urn", "gda_v5_expected_objects.surface_id", "gda_v5_expected_objects.preferred_label", "'active'::release.publication_layer", "'accepted'::provenance.assertion_status", "'resolved'::workflow.queue_state"],
        "Shared Hit Blocks": 0,
        "Shared Read Blocks": 0,
        "Shared Dirtied Blocks": 0,
        "Shared Written Blocks": 0,
        "Local Hit Blocks": 32,
        "Local Read Blocks": 0,
        "Local Dirtied Blocks": 0,
        "Local Written Blocks": 0,
        "Temp Read Blocks": 0,
        "Temp Written Blocks": 0,
        "I/O Read Time": 0.000,
        "I/O Write Time": 0.000,
        "Temp I/O Read Time": 0.000,
        "Temp I/O Write Time": 0.000,
        "WAL Records": 0,
        "WAL FPI": 0,
        "WAL Bytes": 0
      }
    ]
  }
}
psql:/private/tmp/graphic_design_archive_v49_repository_hygiene/database/tests/009_release_projection_snapshot_performance_scale.sql:34: LOG:  duration: 28.198 ms  plan:
{
  "Query Text": "INSERT INTO release.research_surface_presentation_projection_v3(research_release_id,archive_object_id,public_surface_id,title,title_missingness,display_date,display_date_missingness,normalized_year,normalized_year_missingness,place_label,place_missingness,medium_label,medium_missingness,type_label,type_missingness,source_label,description,description_missingness,public_citation_label,public_source_route,publication_layer)\n  SELECT p_release_id,ro.archive_object_id,ro.legacy_surface_id,ro.title,\n    CASE WHEN ro.title IS NULL THEN 'missing' ELSE 'present' END,NULL,'missing',NULL,'missing',NULL,'missing',NULL,'missing',NULL,'missing',allow.citation_label,NULL,'missing',allow.citation_label,\n    '/sources/'||encode(sha256(convert_to(allow.citation_label,'UTF8')),'hex'),ro.publication_layer\n  FROM release.research_release_object ro CROSS JOIN research.public_source_citation_allowlist_v3 allow\n  WHERE ro.research_release_id=p_release_id AND allow.source_asset_id=v_asset_id",
  "Plan": {
    "Node Type": "ModifyTable",
    "Operation": "Insert",
    "Parallel Aware": false,
    "Async Capable": false,
    "Relation Name": "research_surface_presentation_projection_v3",
    "Schema": "release",
    "Alias": "research_surface_presentation_projection_v3",
    "Startup Cost": 4.47,
    "Total Cost": 27.69,
    "Plan Rows": 0,
    "Plan Width": 0,
    "Actual Startup Time": 25.004,
    "Actual Total Time": 25.005,
    "Actual Rows": 0,
    "Actual Loops": 1,
    "Shared Hit Blocks": 9879,
    "Shared Read Blocks": 2,
    "Shared Dirtied Blocks": 67,
    "Shared Written Blocks": 67,
    "Local Hit Blocks": 0,
    "Local Read Blocks": 0,
    "Local Dirtied Blocks": 0,
    "Local Written Blocks": 0,
    "Temp Read Blocks": 0,
    "Temp Written Blocks": 0,
    "I/O Read Time": 0.060,
    "I/O Write Time": 0.443,
    "Temp I/O Read Time": 0.000,
    "Temp I/O Write Time": 0.000,
    "WAL Records": 3021,
    "WAL FPI": 0,
    "WAL Bytes": 605333,
    "Plans": [
      {
        "Node Type": "Nested Loop",
        "Parent Relationship": "Outer",
        "Parallel Aware": false,
        "Async Capable": false,
        "Join Type": "Inner",
        "Startup Cost": 4.47,
        "Total Cost": 27.69,
        "Plan Rows": 6,
        "Plan Width": 584,
        "Actual Startup Time": 0.042,
        "Actual Total Time": 1.106,
        "Actual Rows": 1000,
        "Actual Loops": 1,
        "Output": ["'a1000000-0000-4000-8000-000000000001'::uuid", "ro.archive_object_id", "ro.legacy_surface_id", "ro.title", "CASE WHEN (ro.title IS NULL) THEN 'missing'::text ELSE 'present'::text END", "NULL::text", "'missing'::text", "NULL::integer", "'missing'::text", "NULL::text", "'missing'::text", "NULL::text", "'missing'::text", "NULL::text", "'missing'::text", "allow.citation_label", "NULL::text", "'missing'::text", "allow.citation_label", "('/sources/'::text || encode(sha256(convert_to(allow.citation_label, 'UTF8'::name)), 'hex'::text))", "ro.publication_layer"],
        "Inner Unique": false,
        "Shared Hit Blocks": 41,
        "Shared Read Blocks": 0,
        "Shared Dirtied Blocks": 0,
        "Shared Written Blocks": 0,
        "Local Hit Blocks": 0,
        "Local Read Blocks": 0,
        "Local Dirtied Blocks": 0,
        "Local Written Blocks": 0,
        "Temp Read Blocks": 0,
        "Temp Written Blocks": 0,
        "I/O Read Time": 0.000,
        "I/O Write Time": 0.000,
        "Temp I/O Read Time": 0.000,
        "Temp I/O Write Time": 0.000,
        "WAL Records": 0,
        "WAL FPI": 0,
        "WAL Bytes": 0,
        "Plans": [
          {
            "Node Type": "Index Scan",
            "Parent Relationship": "Outer",
            "Parallel Aware": false,
            "Async Capable": false,
            "Scan Direction": "Forward",
            "Index Name": "public_source_citation_allowlist_v3_pkey",
            "Relation Name": "public_source_citation_allowlist_v3",
            "Schema": "research",
            "Alias": "allow",
            "Startup Cost": 0.15,
            "Total Cost": 8.17,
            "Plan Rows": 1,
            "Plan Width": 32,
            "Actual Startup Time": 0.002,
            "Actual Total Time": 0.002,
            "Actual Rows": 1,
            "Actual Loops": 1,
            "Output": ["allow.source_asset_id", "allow.citation_label", "allow.created_at"],
            "Index Cond": "(allow.source_asset_id = 'a0000000-0000-4000-8000-000000000001'::uuid)",
            "Rows Removed by Index Recheck": 0,
            "Shared Hit Blocks": 2,
            "Shared Read Blocks": 0,
            "Shared Dirtied Blocks": 0,
            "Shared Written Blocks": 0,
            "Local Hit Blocks": 0,
            "Local Read Blocks": 0,
            "Local Dirtied Blocks": 0,
            "Local Written Blocks": 0,
            "Temp Read Blocks": 0,
            "Temp Written Blocks": 0,
            "I/O Read Time": 0.000,
            "I/O Write Time": 0.000,
            "Temp I/O Read Time": 0.000,
            "Temp I/O Write Time": 0.000,
            "WAL Records": 0,
            "WAL FPI": 0,
            "WAL Bytes": 0
          },
          {
            "Node Type": "Bitmap Heap Scan",
            "Parent Relationship": "Inner",
            "Parallel Aware": false,
            "Async Capable": false,
            "Relation Name": "research_release_object",
            "Schema": "release",
            "Alias": "ro",
            "Startup Cost": 4.32,
            "Total Cost": 19.40,
            "Plan Rows": 6,
            "Plan Width": 84,
            "Actual Startup Time": 0.027,
            "Actual Total Time": 0.090,
            "Actual Rows": 1000,
            "Actual Loops": 1,
            "Output": ["ro.research_release_id", "ro.archive_object_id", "ro.object_urn", "ro.legacy_surface_id", "ro.title", "ro.publication_layer", "ro.acceptance_state", "ro.workflow_state"],
            "Recheck Cond": "(ro.research_release_id = 'a1000000-0000-4000-8000-000000000001'::uuid)",
            "Rows Removed by Index Recheck": 0,
            "Exact Heap Blocks": 24,
            "Lossy Heap Blocks": 0,
            "Shared Hit Blocks": 39,
            "Shared Read Blocks": 0,
            "Shared Dirtied Blocks": 0,
            "Shared Written Blocks": 0,
            "Local Hit Blocks": 0,
            "Local Read Blocks": 0,
            "Local Dirtied Blocks": 0,
            "Local Written Blocks": 0,
            "Temp Read Blocks": 0,
            "Temp Written Blocks": 0,
            "I/O Read Time": 0.000,
            "I/O Write Time": 0.000,
            "Temp I/O Read Time": 0.000,
            "Temp I/O Write Time": 0.000,
            "WAL Records": 0,
            "WAL FPI": 0,
            "WAL Bytes": 0,
            "Plans": [
              {
                "Node Type": "Bitmap Index Scan",
                "Parent Relationship": "Outer",
                "Parallel Aware": false,
                "Async Capable": false,
                "Index Name": "research_release_object_legacy_idx",
                "Startup Cost": 0.00,
                "Total Cost": 4.32,
                "Plan Rows": 6,
                "Plan Width": 0,
                "Actual Startup Time": 0.024,
                "Actual Total Time": 0.024,
                "Actual Rows": 1000,
                "Actual Loops": 1,
                "Index Cond": "(ro.research_release_id = 'a1000000-0000-4000-8000-000000000001'::uuid)",
                "Shared Hit Blocks": 15,
                "Shared Read Blocks": 0,
                "Shared Dirtied Blocks": 0,
                "Shared Written Blocks": 0,
                "Local Hit Blocks": 0,
                "Local Read Blocks": 0,
                "Local Dirtied Blocks": 0,
                "Local Written Blocks": 0,
                "Temp Read Blocks": 0,
                "Temp Written Blocks": 0,
                "I/O Read Time": 0.000,
                "I/O Write Time": 0.000,
                "Temp I/O Read Time": 0.000,
                "Temp I/O Write Time": 0.000,
                "WAL Records": 0,
                "WAL FPI": 0,
                "WAL Bytes": 0
              }
            ]
          }
        ]
      }
    ]
  }
}
psql:/private/tmp/graphic_design_archive_v49_repository_hygiene/database/tests/009_release_projection_snapshot_performance_scale.sql:34: LOG:  duration: 21.894 ms  plan:
{
  "Query Text": "INSERT INTO release.research_surface_citation_projection_v3\n  SELECT p_release_id,archive_object_id,0,public_citation_label,public_source_route\n  FROM release.research_surface_presentation_projection_v3 WHERE research_release_id=p_release_id",
  "Plan": {
    "Node Type": "ModifyTable",
    "Operation": "Insert",
    "Parallel Aware": false,
    "Async Capable": false,
    "Relation Name": "research_surface_citation_projection_v3",
    "Schema": "release",
    "Alias": "research_surface_citation_projection_v3",
    "Startup Cost": 4.30,
    "Total Cost": 13.93,
    "Plan Rows": 0,
    "Plan Width": 0,
    "Actual Startup Time": 18.770,
    "Actual Total Time": 18.770,
    "Actual Rows": 0,
    "Actual Loops": 1,
    "Shared Hit Blocks": 7987,
    "Shared Read Blocks": 1,
    "Shared Dirtied Blocks": 34,
    "Shared Written Blocks": 35,
    "Local Hit Blocks": 0,
    "Local Read Blocks": 0,
    "Local Dirtied Blocks": 0,
    "Local Written Blocks": 0,
    "Temp Read Blocks": 0,
    "Temp Written Blocks": 0,
    "I/O Read Time": 0.023,
    "I/O Write Time": 0.323,
    "Temp I/O Read Time": 0.000,
    "Temp I/O Write Time": 0.000,
    "WAL Records": 2008,
    "WAL FPI": 0,
    "WAL Bytes": 307580,
    "Plans": [
      {
        "Node Type": "Bitmap Heap Scan",
        "Parent Relationship": "Outer",
        "Parallel Aware": false,
        "Async Capable": false,
        "Relation Name": "research_surface_presentation_projection_v3",
        "Schema": "release",
        "Alias": "research_surface_presentation_projection_v3",
        "Startup Cost": 4.30,
        "Total Cost": 13.93,
        "Plan Rows": 3,
        "Plan Width": 100,
        "Actual Startup Time": 0.039,
        "Actual Total Time": 0.197,
        "Actual Rows": 1000,
        "Actual Loops": 1,
        "Output": ["'a1000000-0000-4000-8000-000000000001'::uuid", "research_surface_presentation_projection_v3.archive_object_id", "0", "research_surface_presentation_projection_v3.public_citation_label", "research_surface_presentation_projection_v3.public_source_route"],
        "Recheck Cond": "(research_surface_presentation_projection_v3.research_release_id = 'a1000000-0000-4000-8000-000000000001'::uuid)",
        "Rows Removed by Index Recheck": 0,
        "Exact Heap Blocks": 42,
        "Lossy Heap Blocks": 0,
        "Shared Hit Blocks": 57,
        "Shared Read Blocks": 0,
        "Shared Dirtied Blocks": 0,
        "Shared Written Blocks": 0,
        "Local Hit Blocks": 0,
        "Local Read Blocks": 0,
        "Local Dirtied Blocks": 0,
        "Local Written Blocks": 0,
        "Temp Read Blocks": 0,
        "Temp Written Blocks": 0,
        "I/O Read Time": 0.000,
        "I/O Write Time": 0.000,
        "Temp I/O Read Time": 0.000,
        "Temp I/O Write Time": 0.000,
        "WAL Records": 0,
        "WAL FPI": 0,
        "WAL Bytes": 0,
        "Plans": [
          {
            "Node Type": "Bitmap Index Scan",
            "Parent Relationship": "Outer",
            "Parallel Aware": false,
            "Async Capable": false,
            "Index Name": "research_surface_presentation_research_release_id_public_su_key",
            "Startup Cost": 0.00,
            "Total Cost": 4.30,
            "Plan Rows": 3,
            "Plan Width": 0,
            "Actual Startup Time": 0.035,
            "Actual Total Time": 0.035,
            "Actual Rows": 1000,
            "Actual Loops": 1,
            "Index Cond": "(research_surface_presentation_projection_v3.research_release_id = 'a1000000-0000-4000-8000-000000000001'::uuid)",
            "Shared Hit Blocks": 15,
            "Shared Read Blocks": 0,
            "Shared Dirtied Blocks": 0,
            "Shared Written Blocks": 0,
            "Local Hit Blocks": 0,
            "Local Read Blocks": 0,
            "Local Dirtied Blocks": 0,
            "Local Written Blocks": 0,
            "Temp Read Blocks": 0,
            "Temp Written Blocks": 0,
            "I/O Read Time": 0.000,
            "I/O Write Time": 0.000,
            "Temp I/O Read Time": 0.000,
            "Temp I/O Write Time": 0.000,
            "WAL Records": 0,
            "WAL FPI": 0,
            "WAL Bytes": 0
          }
        ]
      }
    ]
  }
}
psql:/private/tmp/graphic_design_archive_v49_repository_hygiene/database/tests/009_release_projection_snapshot_performance_scale.sql:34: LOG:  duration: 1.528 ms  plan:
{
  "Query Text": "INSERT INTO release.research_folder_type_projection_v3\n  SELECT DISTINCT p_release_id,t.folder_type_code,t.type_label,t.type_sort_ordinal\n  FROM research.folder_type_registry t JOIN research.folder_publication_metadata md ON md.folder_type_code=t.folder_type_code\n  JOIN gda_v5_expected_memberships e ON e.folder_id=md.folder_id",
  "Plan": {
    "Node Type": "ModifyTable",
    "Operation": "Insert",
    "Parallel Aware": false,
    "Async Capable": false,
    "Relation Name": "research_folder_type_projection_v3",
    "Schema": "release",
    "Alias": "research_folder_type_projection_v3",
    "Startup Cost": 250.52,
    "Total Cost": 259.02,
    "Plan Rows": 0,
    "Plan Width": 0,
    "Actual Startup Time": 1.496,
    "Actual Total Time": 1.496,
    "Actual Rows": 0,
    "Actual Loops": 1,
    "Shared Hit Blocks": 49,
    "Shared Read Blocks": 2,
    "Shared Dirtied Blocks": 5,
    "Shared Written Blocks": 3,
    "Local Hit Blocks": 128,
    "Local Read Blocks": 0,
    "Local Dirtied Blocks": 0,
    "Local Written Blocks": 0,
    "Temp Read Blocks": 0,
    "Temp Written Blocks": 0,
    "I/O Read Time": 0.057,
    "I/O Write Time": 0.048,
    "Temp I/O Read Time": 0.000,
    "Temp I/O Write Time": 0.000,
    "WAL Records": 5,
    "WAL FPI": 0,
    "WAL Bytes": 431,
    "Plans": [
      {
        "Node Type": "Aggregate",
        "Strategy": "Hashed",
        "Partial Mode": "Simple",
        "Parent Relationship": "Outer",
        "Parallel Aware": false,
        "Async Capable": false,
        "Startup Cost": 250.52,
        "Total Cost": 259.02,
        "Plan Rows": 850,
        "Plan Width": 84,
        "Actual Startup Time": 1.181,
        "Actual Total Time": 1.183,
        "Actual Rows": 1,
        "Actual Loops": 1,
        "Output": ["('a1000000-0000-4000-8000-000000000001'::uuid)", "t.folder_type_code", "t.type_label", "t.type_sort_ordinal"],
        "Group Key": ["t.folder_type_code", "t.type_label", "t.type_sort_ordinal"],
        "Planned Partitions": 0,
        "HashAgg Batches": 1,
        "Peak Memory Usage": 49,
        "Disk Usage": 0,
        "Shared Hit Blocks": 2,
        "Shared Read Blocks": 0,
        "Shared Dirtied Blocks": 0,
        "Shared Written Blocks": 0,
        "Local Hit Blocks": 128,
        "Local Read Blocks": 0,
        "Local Dirtied Blocks": 0,
        "Local Written Blocks": 0,
        "Temp Read Blocks": 0,
        "Temp Written Blocks": 0,
        "I/O Read Time": 0.000,
        "I/O Write Time": 0.000,
        "Temp I/O Read Time": 0.000,
        "Temp I/O Write Time": 0.000,
        "WAL Records": 0,
        "WAL FPI": 0,
        "WAL Bytes": 0,
        "Plans": [
          {
            "Node Type": "Hash Join",
            "Parent Relationship": "Outer",
            "Parallel Aware": false,
            "Async Capable": false,
            "Join Type": "Inner",
            "Startup Cost": 51.73,
            "Total Cost": 227.22,
            "Plan Rows": 3107,
            "Plan Width": 84,
            "Actual Startup Time": 0.015,
            "Actual Total Time": 0.777,
            "Actual Rows": 3107,
            "Actual Loops": 1,
            "Output": ["'a1000000-0000-4000-8000-000000000001'::uuid", "t.folder_type_code", "t.type_label", "t.type_sort_ordinal"],
            "Inner Unique": true,
            "Hash Cond": "(md.folder_type_code = t.folder_type_code)",
            "Shared Hit Blocks": 2,
            "Shared Read Blocks": 0,
            "Shared Dirtied Blocks": 0,
            "Shared Written Blocks": 0,
            "Local Hit Blocks": 128,
            "Local Read Blocks": 0,
            "Local Dirtied Blocks": 0,
            "Local Written Blocks": 0,
            "Temp Read Blocks": 0,
            "Temp Written Blocks": 0,
            "I/O Read Time": 0.000,
            "I/O Write Time": 0.000,
            "Temp I/O Read Time": 0.000,
            "Temp I/O Write Time": 0.000,
            "WAL Records": 0,
            "WAL FPI": 0,
            "WAL Bytes": 0,
            "Plans": [
              {
                "Node Type": "Hash Join",
                "Parent Relationship": "Outer",
                "Parallel Aware": false,
                "Async Capable": false,
                "Join Type": "Inner",
                "Startup Cost": 22.60,
                "Total Cost": 189.89,
                "Plan Rows": 3107,
                "Plan Width": 32,
                "Actual Startup Time": 0.008,
                "Actual Total Time": 0.441,
                "Actual Rows": 3107,
                "Actual Loops": 1,
                "Output": ["md.folder_type_code"],
                "Inner Unique": true,
                "Hash Cond": "(e.folder_id = md.folder_id)",
                "Shared Hit Blocks": 1,
                "Shared Read Blocks": 0,
                "Shared Dirtied Blocks": 0,
                "Shared Written Blocks": 0,
                "Local Hit Blocks": 128,
                "Local Read Blocks": 0,
                "Local Dirtied Blocks": 0,
                "Local Written Blocks": 0,
                "Temp Read Blocks": 0,
                "Temp Written Blocks": 0,
                "I/O Read Time": 0.000,
                "I/O Write Time": 0.000,
                "Temp I/O Read Time": 0.000,
                "Temp I/O Write Time": 0.000,
                "WAL Records": 0,
                "WAL FPI": 0,
                "WAL Bytes": 0,
                "Plans": [
                  {
                    "Node Type": "Seq Scan",
                    "Parent Relationship": "Outer",
                    "Parallel Aware": false,
                    "Async Capable": false,
                    "Relation Name": "gda_v5_expected_memberships",
                    "Schema": "pg_temp",
                    "Alias": "e",
                    "Startup Cost": 0.00,
                    "Total Cost": 159.07,
                    "Plan Rows": 3107,
                    "Plan Width": 16,
                    "Actual Startup Time": 0.002,
                    "Actual Total Time": 0.172,
                    "Actual Rows": 3107,
                    "Actual Loops": 1,
                    "Output": ["e.folder_id", "e.archive_object_id", "e.source_assignment_id", "e.membership_role", "e.member_ordinal", "e.effective_decision_id", "e.assignment_snapshot_sha256", "e.decision_snapshot_sha256"],
                    "Shared Hit Blocks": 0,
                    "Shared Read Blocks": 0,
                    "Shared Dirtied Blocks": 0,
                    "Shared Written Blocks": 0,
                    "Local Hit Blocks": 128,
                    "Local Read Blocks": 0,
                    "Local Dirtied Blocks": 0,
                    "Local Written Blocks": 0,
                    "Temp Read Blocks": 0,
                    "Temp Written Blocks": 0,
                    "I/O Read Time": 0.000,
                    "I/O Write Time": 0.000,
                    "Temp I/O Read Time": 0.000,
                    "Temp I/O Write Time": 0.000,
                    "WAL Records": 0,
                    "WAL FPI": 0,
                    "WAL Bytes": 0
                  },
                  {
                    "Node Type": "Hash",
                    "Parent Relationship": "Inner",
                    "Parallel Aware": false,
                    "Async Capable": false,
                    "Startup Cost": 15.60,
                    "Total Cost": 15.60,
                    "Plan Rows": 560,
                    "Plan Width": 48,
                    "Actual Startup Time": 0.004,
                    "Actual Total Time": 0.004,
                    "Actual Rows": 4,
                    "Actual Loops": 1,
                    "Output": ["md.folder_type_code", "md.folder_id"],
                    "Hash Buckets": 1024,
                    "Original Hash Buckets": 1024,
                    "Hash Batches": 1,
                    "Original Hash Batches": 1,
                    "Peak Memory Usage": 9,
                    "Shared Hit Blocks": 1,
                    "Shared Read Blocks": 0,
                    "Shared Dirtied Blocks": 0,
                    "Shared Written Blocks": 0,
                    "Local Hit Blocks": 0,
                    "Local Read Blocks": 0,
                    "Local Dirtied Blocks": 0,
                    "Local Written Blocks": 0,
                    "Temp Read Blocks": 0,
                    "Temp Written Blocks": 0,
                    "I/O Read Time": 0.000,
                    "I/O Write Time": 0.000,
                    "Temp I/O Read Time": 0.000,
                    "Temp I/O Write Time": 0.000,
                    "WAL Records": 0,
                    "WAL FPI": 0,
                    "WAL Bytes": 0,
                    "Plans": [
                      {
                        "Node Type": "Seq Scan",
                        "Parent Relationship": "Outer",
                        "Parallel Aware": false,
                        "Async Capable": false,
                        "Relation Name": "folder_publication_metadata",
                        "Schema": "research",
                        "Alias": "md",
                        "Startup Cost": 0.00,
                        "Total Cost": 15.60,
                        "Plan Rows": 560,
                        "Plan Width": 48,
                        "Actual Startup Time": 0.002,
                        "Actual Total Time": 0.003,
                        "Actual Rows": 4,
                        "Actual Loops": 1,
                        "Output": ["md.folder_type_code", "md.folder_id"],
                        "Shared Hit Blocks": 1,
                        "Shared Read Blocks": 0,
                        "Shared Dirtied Blocks": 0,
                        "Shared Written Blocks": 0,
                        "Local Hit Blocks": 0,
                        "Local Read Blocks": 0,
                        "Local Dirtied Blocks": 0,
                        "Local Written Blocks": 0,
                        "Temp Read Blocks": 0,
                        "Temp Written Blocks": 0,
                        "I/O Read Time": 0.000,
                        "I/O Write Time": 0.000,
                        "Temp I/O Read Time": 0.000,
                        "Temp I/O Write Time": 0.000,
                        "WAL Records": 0,
                        "WAL FPI": 0,
                        "WAL Bytes": 0
                      }
                    ]
                  }
                ]
              },
              {
                "Node Type": "Hash",
                "Parent Relationship": "Inner",
                "Parallel Aware": false,
                "Async Capable": false,
                "Startup Cost": 18.50,
                "Total Cost": 18.50,
                "Plan Rows": 850,
                "Plan Width": 68,
                "Actual Startup Time": 0.005,
                "Actual Total Time": 0.006,
                "Actual Rows": 1,
                "Actual Loops": 1,
                "Output": ["t.folder_type_code", "t.type_label", "t.type_sort_ordinal"],
                "Hash Buckets": 1024,
                "Original Hash Buckets": 1024,
                "Hash Batches": 1,
                "Original Hash Batches": 1,
                "Peak Memory Usage": 9,
                "Shared Hit Blocks": 1,
                "Shared Read Blocks": 0,
                "Shared Dirtied Blocks": 0,
                "Shared Written Blocks": 0,
                "Local Hit Blocks": 0,
                "Local Read Blocks": 0,
                "Local Dirtied Blocks": 0,
                "Local Written Blocks": 0,
                "Temp Read Blocks": 0,
                "Temp Written Blocks": 0,
                "I/O Read Time": 0.000,
                "I/O Write Time": 0.000,
                "Temp I/O Read Time": 0.000,
                "Temp I/O Write Time": 0.000,
                "WAL Records": 0,
                "WAL FPI": 0,
                "WAL Bytes": 0,
                "Plans": [
                  {
                    "Node Type": "Seq Scan",
                    "Parent Relationship": "Outer",
                    "Parallel Aware": false,
                    "Async Capable": false,
                    "Relation Name": "folder_type_registry",
                    "Schema": "research",
                    "Alias": "t",
                    "Startup Cost": 0.00,
                    "Total Cost": 18.50,
                    "Plan Rows": 850,
                    "Plan Width": 68,
                    "Actual Startup Time": 0.004,
                    "Actual Total Time": 0.004,
                    "Actual Rows": 1,
                    "Actual Loops": 1,
                    "Output": ["t.folder_type_code", "t.type_label", "t.type_sort_ordinal"],
                    "Shared Hit Blocks": 1,
                    "Shared Read Blocks": 0,
                    "Shared Dirtied Blocks": 0,
                    "Shared Written Blocks": 0,
                    "Local Hit Blocks": 0,
                    "Local Read Blocks": 0,
                    "Local Dirtied Blocks": 0,
                    "Local Written Blocks": 0,
                    "Temp Read Blocks": 0,
                    "Temp Written Blocks": 0,
                    "I/O Read Time": 0.000,
                    "I/O Write Time": 0.000,
                    "Temp I/O Read Time": 0.000,
                    "Temp I/O Write Time": 0.000,
                    "WAL Records": 0,
                    "WAL FPI": 0,
                    "WAL Bytes": 0
                  }
                ]
              }
            ]
          }
        ]
      }
    ]
  }
}
psql:/private/tmp/graphic_design_archive_v49_repository_hygiene/database/tests/009_release_projection_snapshot_performance_scale.sql:34: LOG:  duration: 69.842 ms  plan:
{
  "Query Text": "INSERT INTO release.research_folder_membership_projection_v3\n  SELECT p_release_id,e.folder_id,e.archive_object_id,e.source_assignment_id,e.membership_role,e.member_ordinal,\n    'accepted',e.assignment_snapshot_sha256,e.effective_decision_id,e.decision_snapshot_sha256\n  FROM gda_v5_expected_memberships e",
  "Plan": {
    "Node Type": "ModifyTable",
    "Operation": "Insert",
    "Parallel Aware": false,
    "Async Capable": false,
    "Relation Name": "research_folder_membership_projection_v3",
    "Schema": "release",
    "Alias": "research_folder_membership_projection_v3",
    "Startup Cost": 0.00,
    "Total Cost": 159.07,
    "Plan Rows": 0,
    "Plan Width": 0,
    "Actual Startup Time": 41.504,
    "Actual Total Time": 41.504,
    "Actual Rows": 0,
    "Actual Loops": 1,
    "Shared Hit Blocks": 43478,
    "Shared Read Blocks": 4,
    "Shared Dirtied Blocks": 237,
    "Shared Written Blocks": 235,
    "Local Hit Blocks": 128,
    "Local Read Blocks": 0,
    "Local Dirtied Blocks": 0,
    "Local Written Blocks": 0,
    "Temp Read Blocks": 0,
    "Temp Written Blocks": 0,
    "I/O Read Time": 0.092,
    "I/O Write Time": 1.305,
    "Temp I/O Read Time": 0.000,
    "Temp I/O Write Time": 0.000,
    "WAL Records": 15662,
    "WAL FPI": 0,
    "WAL Bytes": 2471523,
    "Plans": [
      {
        "Node Type": "Seq Scan",
        "Parent Relationship": "Outer",
        "Parallel Aware": false,
        "Async Capable": false,
        "Relation Name": "gda_v5_expected_memberships",
        "Schema": "pg_temp",
        "Alias": "e",
        "Startup Cost": 0.00,
        "Total Cost": 159.07,
        "Plan Rows": 3107,
        "Plan Width": 184,
        "Actual Startup Time": 0.002,
        "Actual Total Time": 0.449,
        "Actual Rows": 3107,
        "Actual Loops": 1,
        "Output": ["'a1000000-0000-4000-8000-000000000001'::uuid", "e.folder_id", "e.archive_object_id", "e.source_assignment_id", "e.membership_role", "e.member_ordinal", "'accepted'::provenance.assertion_status", "e.assignment_snapshot_sha256", "e.effective_decision_id", "e.decision_snapshot_sha256"],
        "Shared Hit Blocks": 0,
        "Shared Read Blocks": 0,
        "Shared Dirtied Blocks": 0,
        "Shared Written Blocks": 0,
        "Local Hit Blocks": 128,
        "Local Read Blocks": 0,
        "Local Dirtied Blocks": 0,
        "Local Written Blocks": 0,
        "Temp Read Blocks": 0,
        "Temp Written Blocks": 0,
        "I/O Read Time": 0.000,
        "I/O Write Time": 0.000,
        "Temp I/O Read Time": 0.000,
        "Temp I/O Write Time": 0.000,
        "WAL Records": 0,
        "WAL FPI": 0,
        "WAL Bytes": 0
      }
    ]
  }
}
psql:/private/tmp/graphic_design_archive_v49_repository_hygiene/database/tests/009_release_projection_snapshot_performance_scale.sql:34: LOG:  duration: 13.937 ms  plan:
{
  "Query Text": "INSERT INTO release.research_search_document_projection_v3\n  SELECT p_release_id,archive_object_id,public_surface_id,title,coalesce(title,'')||' '||source_label,coalesce(title,'')||' '||public_surface_id\n  FROM release.research_surface_presentation_projection_v3 WHERE research_release_id=p_release_id",
  "Plan": {
    "Node Type": "ModifyTable",
    "Operation": "Insert",
    "Parallel Aware": false,
    "Async Capable": false,
    "Relation Name": "research_search_document_projection_v3",
    "Schema": "release",
    "Alias": "research_search_document_projection_v3",
    "Startup Cost": 4.30,
    "Total Cost": 13.96,
    "Plan Rows": 0,
    "Plan Width": 0,
    "Actual Startup Time": 10.895,
    "Actual Total Time": 10.896,
    "Actual Rows": 0,
    "Actual Loops": 1,
    "Shared Hit Blocks": 9869,
    "Shared Read Blocks": 2,
    "Shared Dirtied Blocks": 55,
    "Shared Written Blocks": 55,
    "Local Hit Blocks": 0,
    "Local Read Blocks": 0,
    "Local Dirtied Blocks": 0,
    "Local Written Blocks": 0,
    "Temp Read Blocks": 0,
    "Temp Written Blocks": 0,
    "I/O Read Time": 0.061,
    "I/O Write Time": 0.370,
    "Temp I/O Read Time": 0.000,
    "Temp I/O Write Time": 0.000,
    "WAL Records": 3020,
    "WAL FPI": 0,
    "WAL Bytes": 499097,
    "Plans": [
      {
        "Node Type": "Bitmap Heap Scan",
        "Parent Relationship": "Outer",
        "Parallel Aware": false,
        "Async Capable": false,
        "Relation Name": "research_surface_presentation_projection_v3",
        "Schema": "release",
        "Alias": "research_surface_presentation_projection_v3",
        "Startup Cost": 4.30,
        "Total Cost": 13.96,
        "Plan Rows": 3,
        "Plan Width": 160,
        "Actual Startup Time": 0.038,
        "Actual Total Time": 0.291,
        "Actual Rows": 1000,
        "Actual Loops": 1,
        "Output": ["'a1000000-0000-4000-8000-000000000001'::uuid", "research_surface_presentation_projection_v3.archive_object_id", "research_surface_presentation_projection_v3.public_surface_id", "research_surface_presentation_projection_v3.title", "((COALESCE(research_surface_presentation_projection_v3.title, ''::text) || ' '::text) || research_surface_presentation_projection_v3.source_label)", "((COALESCE(research_surface_presentation_projection_v3.title, ''::text) || ' '::text) || research_surface_presentation_projection_v3.public_surface_id)"],
        "Recheck Cond": "(research_surface_presentation_projection_v3.research_release_id = 'a1000000-0000-4000-8000-000000000001'::uuid)",
        "Rows Removed by Index Recheck": 0,
        "Exact Heap Blocks": 42,
        "Lossy Heap Blocks": 0,
        "Shared Hit Blocks": 57,
        "Shared Read Blocks": 0,
        "Shared Dirtied Blocks": 0,
        "Shared Written Blocks": 0,
        "Local Hit Blocks": 0,
        "Local Read Blocks": 0,
        "Local Dirtied Blocks": 0,
        "Local Written Blocks": 0,
        "Temp Read Blocks": 0,
        "Temp Written Blocks": 0,
        "I/O Read Time": 0.000,
        "I/O Write Time": 0.000,
        "Temp I/O Read Time": 0.000,
        "Temp I/O Write Time": 0.000,
        "WAL Records": 0,
        "WAL FPI": 0,
        "WAL Bytes": 0,
        "Plans": [
          {
            "Node Type": "Bitmap Index Scan",
            "Parent Relationship": "Outer",
            "Parallel Aware": false,
            "Async Capable": false,
            "Index Name": "research_surface_presentation_research_release_id_public_su_key",
            "Startup Cost": 0.00,
            "Total Cost": 4.30,
            "Plan Rows": 3,
            "Plan Width": 0,
            "Actual Startup Time": 0.033,
            "Actual Total Time": 0.033,
            "Actual Rows": 1000,
            "Actual Loops": 1,
            "Index Cond": "(research_surface_presentation_projection_v3.research_release_id = 'a1000000-0000-4000-8000-000000000001'::uuid)",
            "Shared Hit Blocks": 15,
            "Shared Read Blocks": 0,
            "Shared Dirtied Blocks": 0,
            "Shared Written Blocks": 0,
            "Local Hit Blocks": 0,
            "Local Read Blocks": 0,
            "Local Dirtied Blocks": 0,
            "Local Written Blocks": 0,
            "Temp Read Blocks": 0,
            "Temp Written Blocks": 0,
            "I/O Read Time": 0.000,
            "I/O Write Time": 0.000,
            "Temp I/O Read Time": 0.000,
            "Temp I/O Write Time": 0.000,
            "WAL Records": 0,
            "WAL FPI": 0,
            "WAL Bytes": 0
          }
        ]
      }
    ]
  }
}
psql:/private/tmp/graphic_design_archive_v49_repository_hygiene/database/tests/009_release_projection_snapshot_performance_scale.sql:34: LOG:  duration: 2.326 ms  plan:
{
  "Query Text": "INSERT INTO release.research_launch_source_disposition_count_v3\n  SELECT p_release_id,'corpusMemberships',x.disposition,count(cm.*)\n  FROM (VALUES ('eligible'),('held'),('rejected'),('excluded')) x(disposition)\n  LEFT JOIN research.corpus_membership cm ON cm.corpus_version_id=v_corpus_version_id AND cm.disposition::text=x.disposition\n  GROUP BY x.disposition\n  UNION ALL\n  SELECT p_release_id,'folderAssignments',x.disposition,count(a.*)\n  FROM (VALUES ('proposed'),('accepted'),('rejected'),('superseded')) x(disposition)\n  LEFT JOIN provenance.canonical_assignment a ON a.assignment_kind='folder_membership' AND a.status::text=x.disposition\n  GROUP BY x.disposition",
  "Plan": {
    "Node Type": "ModifyTable",
    "Operation": "Insert",
    "Parallel Aware": false,
    "Async Capable": false,
    "Relation Name": "research_launch_source_disposition_count_v3",
    "Schema": "release",
    "Alias": "research_launch_source_disposition_count_v3",
    "Startup Cost": 35.15,
    "Total Cost": 117.56,
    "Plan Rows": 0,
    "Plan Width": 0,
    "Actual Startup Time": 2.234,
    "Actual Total Time": 2.235,
    "Actual Rows": 0,
    "Actual Loops": 1,
    "Shared Hit Blocks": 127,
    "Shared Read Blocks": 1,
    "Shared Dirtied Blocks": 3,
    "Shared Written Blocks": 2,
    "Local Hit Blocks": 0,
    "Local Read Blocks": 0,
    "Local Dirtied Blocks": 0,
    "Local Written Blocks": 0,
    "Temp Read Blocks": 0,
    "Temp Written Blocks": 0,
    "I/O Read Time": 0.029,
    "I/O Write Time": 0.025,
    "Temp I/O Read Time": 0.000,
    "Temp I/O Write Time": 0.000,
    "WAL Records": 17,
    "WAL FPI": 0,
    "WAL Bytes": 1794,
    "Plans": [
      {
        "Node Type": "Append",
        "Parent Relationship": "Outer",
        "Parallel Aware": false,
        "Async Capable": false,
        "Startup Cost": 35.15,
        "Total Cost": 117.56,
        "Plan Rows": 8,
        "Plan Width": 88,
        "Actual Startup Time": 0.468,
        "Actual Total Time": 1.817,
        "Actual Rows": 8,
        "Actual Loops": 1,
        "Shared Hit Blocks": 39,
        "Shared Read Blocks": 0,
        "Shared Dirtied Blocks": 0,
        "Shared Written Blocks": 0,
        "Local Hit Blocks": 0,
        "Local Read Blocks": 0,
        "Local Dirtied Blocks": 0,
        "Local Written Blocks": 0,
        "Temp Read Blocks": 0,
        "Temp Written Blocks": 0,
        "I/O Read Time": 0.000,
        "I/O Write Time": 0.000,
        "Temp I/O Read Time": 0.000,
        "Temp I/O Write Time": 0.000,
        "WAL Records": 0,
        "WAL FPI": 0,
        "WAL Bytes": 0,
        "Subplans Removed": 0,
        "Plans": [
          {
            "Node Type": "Aggregate",
            "Strategy": "Hashed",
            "Partial Mode": "Simple",
            "Parent Relationship": "Member",
            "Parallel Aware": false,
            "Async Capable": false,
            "Startup Cost": 35.15,
            "Total Cost": 35.19,
            "Plan Rows": 4,
            "Plan Width": 88,
            "Actual Startup Time": 0.468,
            "Actual Total Time": 0.469,
            "Actual Rows": 4,
            "Actual Loops": 1,
            "Output": ["'a1000000-0000-4000-8000-000000000001'::uuid", "'corpusMemberships'::text", "\"*VALUES*\".column1", "count(cm.*)"],
            "Group Key": ["\"*VALUES*\".column1"],
            "Planned Partitions": 0,
            "HashAgg Batches": 1,
            "Peak Memory Usage": 24,
            "Disk Usage": 0,
            "Shared Hit Blocks": 16,
            "Shared Read Blocks": 0,
            "Shared Dirtied Blocks": 0,
            "Shared Written Blocks": 0,
            "Local Hit Blocks": 0,
            "Local Read Blocks": 0,
            "Local Dirtied Blocks": 0,
            "Local Written Blocks": 0,
            "Temp Read Blocks": 0,
            "Temp Written Blocks": 0,
            "I/O Read Time": 0.000,
            "I/O Write Time": 0.000,
            "Temp I/O Read Time": 0.000,
            "Temp I/O Write Time": 0.000,
            "WAL Records": 0,
            "WAL FPI": 0,
            "WAL Bytes": 0,
            "Plans": [
              {
                "Node Type": "Hash Join",
                "Parent Relationship": "Outer",
                "Parallel Aware": false,
                "Async Capable": false,
                "Join Type": "Right",
                "Startup Cost": 0.10,
                "Total Cost": 35.05,
                "Plan Rows": 20,
                "Plan Width": 146,
                "Actual Startup Time": 0.008,
                "Actual Total Time": 0.384,
                "Actual Rows": 1003,
                "Actual Loops": 1,
                "Output": ["\"*VALUES*\".column1", "cm.*"],
                "Inner Unique": false,
                "Hash Cond": "((cm.disposition)::text = \"*VALUES*\".column1)",
                "Shared Hit Blocks": 16,
                "Shared Read Blocks": 0,
                "Shared Dirtied Blocks": 0,
                "Shared Written Blocks": 0,
                "Local Hit Blocks": 0,
                "Local Read Blocks": 0,
                "Local Dirtied Blocks": 0,
                "Local Written Blocks": 0,
                "Temp Read Blocks": 0,
                "Temp Written Blocks": 0,
                "I/O Read Time": 0.000,
                "I/O Write Time": 0.000,
                "Temp I/O Read Time": 0.000,
                "Temp I/O Write Time": 0.000,
                "WAL Records": 0,
                "WAL FPI": 0,
                "WAL Bytes": 0,
                "Plans": [
                  {
                    "Node Type": "Seq Scan",
                    "Parent Relationship": "Outer",
                    "Parallel Aware": false,
                    "Async Capable": false,
                    "Relation Name": "corpus_membership",
                    "Schema": "research",
                    "Alias": "cm",
                    "Startup Cost": 0.00,
                    "Total Cost": 28.50,
                    "Plan Rows": 1000,
                    "Plan Width": 118,
                    "Actual Startup Time": 0.004,
                    "Actual Total Time": 0.186,
                    "Actual Rows": 1000,
                    "Actual Loops": 1,
                    "Output": ["cm.*", "cm.disposition"],
                    "Filter": "(cm.corpus_version_id = 'a4000000-0000-4000-8000-000000000002'::uuid)",
                    "Rows Removed by Filter": 0,
                    "Shared Hit Blocks": 16,
                    "Shared Read Blocks": 0,
                    "Shared Dirtied Blocks": 0,
                    "Shared Written Blocks": 0,
                    "Local Hit Blocks": 0,
                    "Local Read Blocks": 0,
                    "Local Dirtied Blocks": 0,
                    "Local Written Blocks": 0,
                    "Temp Read Blocks": 0,
                    "Temp Written Blocks": 0,
                    "I/O Read Time": 0.000,
                    "I/O Write Time": 0.000,
                    "Temp I/O Read Time": 0.000,
                    "Temp I/O Write Time": 0.000,
                    "WAL Records": 0,
                    "WAL FPI": 0,
                    "WAL Bytes": 0
                  },
                  {
                    "Node Type": "Hash",
                    "Parent Relationship": "Inner",
                    "Parallel Aware": false,
                    "Async Capable": false,
                    "Startup Cost": 0.05,
                    "Total Cost": 0.05,
                    "Plan Rows": 4,
                    "Plan Width": 32,
                    "Actual Startup Time": 0.002,
                    "Actual Total Time": 0.002,
                    "Actual Rows": 4,
                    "Actual Loops": 1,
                    "Output": ["\"*VALUES*\".column1"],
                    "Hash Buckets": 1024,
                    "Original Hash Buckets": 1024,
                    "Hash Batches": 1,
                    "Original Hash Batches": 1,
                    "Peak Memory Usage": 9,
                    "Shared Hit Blocks": 0,
                    "Shared Read Blocks": 0,
                    "Shared Dirtied Blocks": 0,
                    "Shared Written Blocks": 0,
                    "Local Hit Blocks": 0,
                    "Local Read Blocks": 0,
                    "Local Dirtied Blocks": 0,
                    "Local Written Blocks": 0,
                    "Temp Read Blocks": 0,
                    "Temp Written Blocks": 0,
                    "I/O Read Time": 0.000,
                    "I/O Write Time": 0.000,
                    "Temp I/O Read Time": 0.000,
                    "Temp I/O Write Time": 0.000,
                    "WAL Records": 0,
                    "WAL FPI": 0,
                    "WAL Bytes": 0,
                    "Plans": [
                      {
                        "Node Type": "Values Scan",
                        "Parent Relationship": "Outer",
                        "Parallel Aware": false,
                        "Async Capable": false,
                        "Alias": "*VALUES*",
                        "Startup Cost": 0.00,
                        "Total Cost": 0.05,
                        "Plan Rows": 4,
                        "Plan Width": 32,
                        "Actual Startup Time": 0.000,
                        "Actual Total Time": 0.001,
                        "Actual Rows": 4,
                        "Actual Loops": 1,
                        "Output": ["\"*VALUES*\".column1"],
                        "Shared Hit Blocks": 0,
                        "Shared Read Blocks": 0,
                        "Shared Dirtied Blocks": 0,
                        "Shared Written Blocks": 0,
                        "Local Hit Blocks": 0,
                        "Local Read Blocks": 0,
                        "Local Dirtied Blocks": 0,
                        "Local Written Blocks": 0,
                        "Temp Read Blocks": 0,
                        "Temp Written Blocks": 0,
                        "I/O Read Time": 0.000,
                        "I/O Write Time": 0.000,
                        "Temp I/O Read Time": 0.000,
                        "Temp I/O Write Time": 0.000,
                        "WAL Records": 0,
                        "WAL FPI": 0,
                        "WAL Bytes": 0
                      }
                    ]
                  }
                ]
              }
            ]
          },
          {
            "Node Type": "Aggregate",
            "Strategy": "Hashed",
            "Partial Mode": "Simple",
            "Parent Relationship": "Member",
            "Parallel Aware": false,
            "Async Capable": false,
            "Startup Cost": 82.29,
            "Total Cost": 82.33,
            "Plan Rows": 4,
            "Plan Width": 88,
            "Actual Startup Time": 1.346,
            "Actual Total Time": 1.347,
            "Actual Rows": 4,
            "Actual Loops": 1,
            "Output": ["'a1000000-0000-4000-8000-000000000001'::uuid", "'folderAssignments'::text", "\"*VALUES*_1\".column1", "count(a.*)"],
            "Group Key": ["\"*VALUES*_1\".column1"],
            "Planned Partitions": 0,
            "HashAgg Batches": 1,
            "Peak Memory Usage": 24,
            "Disk Usage": 0,
            "Shared Hit Blocks": 23,
            "Shared Read Blocks": 0,
            "Shared Dirtied Blocks": 0,
            "Shared Written Blocks": 0,
            "Local Hit Blocks": 0,
            "Local Read Blocks": 0,
            "Local Dirtied Blocks": 0,
            "Local Written Blocks": 0,
            "Temp Read Blocks": 0,
            "Temp Written Blocks": 0,
            "I/O Read Time": 0.000,
            "I/O Write Time": 0.000,
            "Temp I/O Read Time": 0.000,
            "Temp I/O Write Time": 0.000,
            "WAL Records": 0,
            "WAL FPI": 0,
            "WAL Bytes": 0,
            "Plans": [
              {
                "Node Type": "Hash Join",
                "Parent Relationship": "Outer",
                "Parallel Aware": false,
                "Async Capable": false,
                "Join Type": "Right",
                "Startup Cost": 0.10,
                "Total Cost": 81.98,
                "Plan Rows": 62,
                "Plan Width": 104,
                "Actual Startup Time": 0.007,
                "Actual Total Time": 1.088,
                "Actual Rows": 3110,
                "Actual Loops": 1,
                "Output": ["\"*VALUES*_1\".column1", "a.*"],
                "Inner Unique": false,
                "Hash Cond": "((a.status)::text = \"*VALUES*_1\".column1)",
                "Shared Hit Blocks": 23,
                "Shared Read Blocks": 0,
                "Shared Dirtied Blocks": 0,
                "Shared Written Blocks": 0,
                "Local Hit Blocks": 0,
                "Local Read Blocks": 0,
                "Local Dirtied Blocks": 0,
                "Local Written Blocks": 0,
                "Temp Read Blocks": 0,
                "Temp Written Blocks": 0,
                "I/O Read Time": 0.000,
                "I/O Write Time": 0.000,
                "Temp I/O Read Time": 0.000,
                "Temp I/O Write Time": 0.000,
                "WAL Records": 0,
                "WAL FPI": 0,
                "WAL Bytes": 0,
                "Plans": [
                  {
                    "Node Type": "Seq Scan",
                    "Parent Relationship": "Outer",
                    "Parallel Aware": false,
                    "Async Capable": false,
                    "Relation Name": "canonical_assignment",
                    "Schema": "provenance",
                    "Alias": "a",
                    "Startup Cost": 0.00,
                    "Total Cost": 61.84,
                    "Plan Rows": 3107,
                    "Plan Width": 76,
                    "Actual Startup Time": 0.004,
                    "Actual Total Time": 0.474,
                    "Actual Rows": 3107,
                    "Actual Loops": 1,
                    "Output": ["a.*", "a.status"],
                    "Filter": "(a.assignment_kind = 'folder_membership'::provenance.assignment_kind)",
                    "Rows Removed by Filter": 0,
                    "Shared Hit Blocks": 23,
                    "Shared Read Blocks": 0,
                    "Shared Dirtied Blocks": 0,
                    "Shared Written Blocks": 0,
                    "Local Hit Blocks": 0,
                    "Local Read Blocks": 0,
                    "Local Dirtied Blocks": 0,
                    "Local Written Blocks": 0,
                    "Temp Read Blocks": 0,
                    "Temp Written Blocks": 0,
                    "I/O Read Time": 0.000,
                    "I/O Write Time": 0.000,
                    "Temp I/O Read Time": 0.000,
                    "Temp I/O Write Time": 0.000,
                    "WAL Records": 0,
                    "WAL FPI": 0,
                    "WAL Bytes": 0
                  },
                  {
                    "Node Type": "Hash",
                    "Parent Relationship": "Inner",
                    "Parallel Aware": false,
                    "Async Capable": false,
                    "Startup Cost": 0.05,
                    "Total Cost": 0.05,
                    "Plan Rows": 4,
                    "Plan Width": 32,
                    "Actual Startup Time": 0.001,
                    "Actual Total Time": 0.001,
                    "Actual Rows": 4,
                    "Actual Loops": 1,
                    "Output": ["\"*VALUES*_1\".column1"],
                    "Hash Buckets": 1024,
                    "Original Hash Buckets": 1024,
                    "Hash Batches": 1,
                    "Original Hash Batches": 1,
                    "Peak Memory Usage": 9,
                    "Shared Hit Blocks": 0,
                    "Shared Read Blocks": 0,
                    "Shared Dirtied Blocks": 0,
                    "Shared Written Blocks": 0,
                    "Local Hit Blocks": 0,
                    "Local Read Blocks": 0,
                    "Local Dirtied Blocks": 0,
                    "Local Written Blocks": 0,
                    "Temp Read Blocks": 0,
                    "Temp Written Blocks": 0,
                    "I/O Read Time": 0.000,
                    "I/O Write Time": 0.000,
                    "Temp I/O Read Time": 0.000,
                    "Temp I/O Write Time": 0.000,
                    "WAL Records": 0,
                    "WAL FPI": 0,
                    "WAL Bytes": 0,
                    "Plans": [
                      {
                        "Node Type": "Values Scan",
                        "Parent Relationship": "Outer",
                        "Parallel Aware": false,
                        "Async Capable": false,
                        "Alias": "*VALUES*_1",
                        "Startup Cost": 0.00,
                        "Total Cost": 0.05,
                        "Plan Rows": 4,
                        "Plan Width": 32,
                        "Actual Startup Time": 0.000,
                        "Actual Total Time": 0.001,
                        "Actual Rows": 4,
                        "Actual Loops": 1,
                        "Output": ["\"*VALUES*_1\".column1"],
                        "Shared Hit Blocks": 0,
                        "Shared Read Blocks": 0,
                        "Shared Dirtied Blocks": 0,
                        "Shared Written Blocks": 0,
                        "Local Hit Blocks": 0,
                        "Local Read Blocks": 0,
                        "Local Dirtied Blocks": 0,
                        "Local Written Blocks": 0,
                        "Temp Read Blocks": 0,
                        "Temp Written Blocks": 0,
                        "I/O Read Time": 0.000,
                        "I/O Write Time": 0.000,
                        "Temp I/O Read Time": 0.000,
                        "Temp I/O Write Time": 0.000,
                        "WAL Records": 0,
                        "WAL FPI": 0,
                        "WAL Bytes": 0
                      }
                    ]
                  }
                ]
              }
            ]
          }
        ]
      }
    ]
  }
}
psql:/private/tmp/graphic_design_archive_v49_repository_hygiene/database/tests/009_release_projection_snapshot_performance_scale.sql:34: LOG:  duration: 74.557 ms  plan:
{
  "Query Text": "INSERT INTO gda_v5_component_rows\n  SELECT 'releaseObjects',archive_object_id::text,encode(sha256(convert_to(jsonb_build_array(archive_object_id,object_urn,legacy_surface_id,title,publication_layer,acceptance_state,workflow_state)::text,'UTF8')),'hex')::core.sha256_hex FROM release.research_release_object WHERE research_release_id=p_release_id\n  UNION ALL SELECT 'surfacePresentation',archive_object_id::text,encode(sha256(convert_to(jsonb_build_array(archive_object_id,public_surface_id,title,title_missingness,display_date,display_date_missingness,normalized_year,normalized_year_missingness,place_label,place_missingness,medium_label,medium_missingness,type_label,type_missingness,source_label,description,description_missingness,public_citation_label,public_source_route,publication_layer)::text,'UTF8')),'hex')::core.sha256_hex FROM release.research_surface_presentation_projection_v3 WHERE research_release_id=p_release_id\n  UNION ALL SELECT 'surfaceCredits',archive_object_id::text||':'||lpad(credit_ordinal::text,12,'0'),encode(sha256(convert_to(jsonb_build_array(archive_object_id,credit_ordinal,credited_label,credit_role)::text,'UTF8')),'hex')::core.sha256_hex FROM release.research_surface_credit_projection_v3 WHERE research_release_id=p_release_id\n  UNION ALL SELECT 'surfaceCitations',archive_object_id::text||':'||lpad(citation_ordinal::text,12,'0'),encode(sha256(convert_to(jsonb_build_array(archive_object_id,citation_ordinal,citation_label,public_source_route)::text,'UTF8')),'hex')::core.sha256_hex FROM release.research_surface_citation_projection_v3 WHERE research_release_id=p_release_id\n  UNION ALL SELECT 'folderTypes',lpad(sort_ordinal::text,12,'0')||':'||folder_type_code,encode(sha256(convert_to(jsonb_build_array(folder_type_code,type_label,sort_ordinal)::text,'UTF8')),'hex')::core.sha256_hex FROM release.research_folder_type_projection_v3 WHERE research_release_id=p_release_id\n  UNION ALL SELECT 'folders',folder_type_code||':'||lpad(sort_ordinal::text,12,'0')||':'||folder_id::text,encode(sha256(convert_to(jsonb_build_array(folder_id,folder_token,folder_type_code,slug,label,scope_note,sort_ordinal)::text,'UTF8')),'hex')::core.sha256_hex FROM release.research_folder_projection_v3 WHERE research_release_id=p_release_id\n  UNION ALL SELECT 'folderMemberships',folder_id::text||':'||membership_role||':'||lpad(member_ordinal::text,12,'0')||':'||archive_object_id::text,encode(sha256(convert_to(jsonb_build_array(folder_id,archive_object_id,source_assignment_id,membership_role,member_ordinal,source_assignment_status,source_assignment_snapshot_sha256,effective_decision_id,effective_decision_snapshot_sha256)::text,'UTF8')),'hex')::core.sha256_hex FROM release.research_folder_membership_projection_v3 WHERE research_release_id=p_release_id\n  UNION ALL SELECT 'searchDocuments',sort_key||':'||archive_object_id::text,encode(sha256(convert_to(jsonb_build_array(archive_object_id,public_surface_id,title,search_document,sort_key)::text,'UTF8')),'hex')::core.sha256_hex FROM release.research_search_document_projection_v3 WHERE research_release_id=p_release_id\n  UNION ALL SELECT 'corpusSummary',corpus_version_id::text,encode(sha256(convert_to(jsonb_build_array(corpus_version_id,corpus_token,corpus_version_token,corpus_label,eligible_object_count,held_object_count)::text,'UTF8')),'hex')::core.sha256_hex FROM release.research_corpus_summary_projection_v3 WHERE research_release_id=p_release_id\n  UNION ALL SELECT 'traceAvailability',research_release_id::text,encode(sha256(convert_to(jsonb_build_array(trace_eligible_object_count,trace_relation_count,availability_reason)::text,'UTF8')),'hex')::core.sha256_hex FROM release.research_trace_availability_projection_v3 WHERE research_release_id=p_release_id",
  "Plan": {
    "Node Type": "ModifyTable",
    "Operation": "Insert",
    "Parallel Aware": false,
    "Async Capable": false,
    "Relation Name": "gda_v5_component_rows",
    "Schema": "pg_temp",
    "Alias": "gda_v5_component_rows",
    "Startup Cost": 4.32,
    "Total Cost": 181.68,
    "Plan Rows": 0,
    "Plan Width": 0,
    "Actual Startup Time": 74.555,
    "Actual Total Time": 74.556,
    "Actual Rows": 0,
    "Actual Loops": 1,
    "Shared Hit Blocks": 325,
    "Shared Read Blocks": 0,
    "Shared Dirtied Blocks": 0,
    "Shared Written Blocks": 0,
    "Local Hit Blocks": 7440,
    "Local Read Blocks": 0,
    "Local Dirtied Blocks": 166,
    "Local Written Blocks": 168,
    "Temp Read Blocks": 0,
    "Temp Written Blocks": 0,
    "I/O Read Time": 0.000,
    "I/O Write Time": 0.000,
    "Temp I/O Read Time": 0.000,
    "Temp I/O Write Time": 0.000,
    "WAL Records": 0,
    "WAL FPI": 0,
    "WAL Bytes": 0,
    "Plans": [
      {
        "Node Type": "Append",
        "Parent Relationship": "Outer",
        "Parallel Aware": false,
        "Async Capable": false,
        "Startup Cost": 4.32,
        "Total Cost": 181.68,
        "Plan Rows": 53,
        "Plan Width": 96,
        "Actual Startup Time": 0.063,
        "Actual Total Time": 71.516,
        "Actual Rows": 7114,
        "Actual Loops": 1,
        "Shared Hit Blocks": 325,
        "Shared Read Blocks": 0,
        "Shared Dirtied Blocks": 0,
        "Shared Written Blocks": 0,
        "Local Hit Blocks": 0,
        "Local Read Blocks": 0,
        "Local Dirtied Blocks": 0,
        "Local Written Blocks": 0,
        "Temp Read Blocks": 0,
        "Temp Written Blocks": 0,
        "I/O Read Time": 0.000,
        "I/O Write Time": 0.000,
        "Temp I/O Read Time": 0.000,
        "Temp I/O Write Time": 0.000,
        "WAL Records": 0,
        "WAL FPI": 0,
        "WAL Bytes": 0,
        "Subplans Removed": 0,
        "Plans": [
          {
            "Node Type": "Bitmap Heap Scan",
            "Parent Relationship": "Member",
            "Parallel Aware": false,
            "Async Capable": false,
            "Relation Name": "research_release_object",
            "Schema": "release",
            "Alias": "research_release_object",
            "Startup Cost": 4.32,
            "Total Cost": 19.53,
            "Plan Rows": 6,
            "Plan Width": 96,
            "Actual Startup Time": 0.063,
            "Actual Total Time": 9.630,
            "Actual Rows": 1000,
            "Actual Loops": 1,
            "Output": ["'releaseObjects'::text", "(research_release_object.archive_object_id)::text", "(encode(sha256(convert_to((jsonb_build_array(research_release_object.archive_object_id, research_release_object.object_urn, research_release_object.legacy_surface_id, research_release_object.title, research_release_object.publication_layer, research_release_object.acceptance_state, research_release_object.workflow_state))::text, 'UTF8'::name)), 'hex'::text))::core.sha256_hex"],
            "Recheck Cond": "(research_release_object.research_release_id = 'a1000000-0000-4000-8000-000000000001'::uuid)",
            "Rows Removed by Index Recheck": 0,
            "Exact Heap Blocks": 24,
            "Lossy Heap Blocks": 0,
            "Shared Hit Blocks": 39,
            "Shared Read Blocks": 0,
            "Shared Dirtied Blocks": 0,
            "Shared Written Blocks": 0,
            "Local Hit Blocks": 0,
            "Local Read Blocks": 0,
            "Local Dirtied Blocks": 0,
            "Local Written Blocks": 0,
            "Temp Read Blocks": 0,
            "Temp Written Blocks": 0,
            "I/O Read Time": 0.000,
            "I/O Write Time": 0.000,
            "Temp I/O Read Time": 0.000,
            "Temp I/O Write Time": 0.000,
            "WAL Records": 0,
            "WAL FPI": 0,
            "WAL Bytes": 0,
            "Plans": [
              {
                "Node Type": "Bitmap Index Scan",
                "Parent Relationship": "Outer",
                "Parallel Aware": false,
                "Async Capable": false,
                "Index Name": "research_release_object_legacy_idx",
                "Startup Cost": 0.00,
                "Total Cost": 4.32,
                "Plan Rows": 6,
                "Plan Width": 0,
                "Actual Startup Time": 0.032,
                "Actual Total Time": 0.032,
                "Actual Rows": 1000,
                "Actual Loops": 1,
                "Index Cond": "(research_release_object.research_release_id = 'a1000000-0000-4000-8000-000000000001'::uuid)",
                "Shared Hit Blocks": 15,
                "Shared Read Blocks": 0,
                "Shared Dirtied Blocks": 0,
                "Shared Written Blocks": 0,
                "Local Hit Blocks": 0,
                "Local Read Blocks": 0,
                "Local Dirtied Blocks": 0,
                "Local Written Blocks": 0,
                "Temp Read Blocks": 0,
                "Temp Written Blocks": 0,
                "I/O Read Time": 0.000,
                "I/O Write Time": 0.000,
                "Temp I/O Read Time": 0.000,
                "Temp I/O Write Time": 0.000,
                "WAL Records": 0,
                "WAL FPI": 0,
                "WAL Bytes": 0
              }
            ]
          },
          {
            "Node Type": "Bitmap Heap Scan",
            "Parent Relationship": "Member",
            "Parallel Aware": false,
            "Async Capable": false,
            "Relation Name": "research_surface_presentation_projection_v3",
            "Schema": "release",
            "Alias": "research_surface_presentation_projection_v3",
            "Startup Cost": 4.30,
            "Total Cost": 14.00,
            "Plan Rows": 3,
            "Plan Width": 96,
            "Actual Startup Time": 0.049,
            "Actual Total Time": 10.949,
            "Actual Rows": 1000,
            "Actual Loops": 1,
            "Output": ["'surfacePresentation'::text", "(research_surface_presentation_projection_v3.archive_object_id)::text", "(encode(sha256(convert_to((jsonb_build_array(research_surface_presentation_projection_v3.archive_object_id, research_surface_presentation_projection_v3.public_surface_id, research_surface_presentation_projection_v3.title, research_surface_presentation_projection_v3.title_missingness, research_surface_presentation_projection_v3.display_date, research_surface_presentation_projection_v3.display_date_missingness, research_surface_presentation_projection_v3.normalized_year, research_surface_presentation_projection_v3.normalized_year_missingness, research_surface_presentation_projection_v3.place_label, research_surface_presentation_projection_v3.place_missingness, research_surface_presentation_projection_v3.medium_label, research_surface_presentation_projection_v3.medium_missingness, research_surface_presentation_projection_v3.type_label, research_surface_presentation_projection_v3.type_missingness, research_surface_presentation_projection_v3.source_label, research_surface_presentation_projection_v3.description, research_surface_presentation_projection_v3.description_missingness, research_surface_presentation_projection_v3.public_citation_label, research_surface_presentation_projection_v3.public_source_route, research_surface_presentation_projection_v3.publication_layer))::text, 'UTF8'::name)), 'hex'::text))::core.sha256_hex"],
            "Recheck Cond": "(research_surface_presentation_projection_v3.research_release_id = 'a1000000-0000-4000-8000-000000000001'::uuid)",
            "Rows Removed by Index Recheck": 0,
            "Exact Heap Blocks": 42,
            "Lossy Heap Blocks": 0,
            "Shared Hit Blocks": 57,
            "Shared Read Blocks": 0,
            "Shared Dirtied Blocks": 0,
            "Shared Written Blocks": 0,
            "Local Hit Blocks": 0,
            "Local Read Blocks": 0,
            "Local Dirtied Blocks": 0,
            "Local Written Blocks": 0,
            "Temp Read Blocks": 0,
            "Temp Written Blocks": 0,
            "I/O Read Time": 0.000,
            "I/O Write Time": 0.000,
            "Temp I/O Read Time": 0.000,
            "Temp I/O Write Time": 0.000,
            "WAL Records": 0,
            "WAL FPI": 0,
            "WAL Bytes": 0,
            "Plans": [
              {
                "Node Type": "Bitmap Index Scan",
                "Parent Relationship": "Outer",
                "Parallel Aware": false,
                "Async Capable": false,
                "Index Name": "research_surface_presentation_research_release_id_public_su_key",
                "Startup Cost": 0.00,
                "Total Cost": 4.30,
                "Plan Rows": 3,
                "Plan Width": 0,
                "Actual Startup Time": 0.031,
                "Actual Total Time": 0.031,
                "Actual Rows": 1000,
                "Actual Loops": 1,
                "Index Cond": "(research_surface_presentation_projection_v3.research_release_id = 'a1000000-0000-4000-8000-000000000001'::uuid)",
                "Shared Hit Blocks": 15,
                "Shared Read Blocks": 0,
                "Shared Dirtied Blocks": 0,
                "Shared Written Blocks": 0,
                "Local Hit Blocks": 0,
                "Local Read Blocks": 0,
                "Local Dirtied Blocks": 0,
                "Local Written Blocks": 0,
                "Temp Read Blocks": 0,
                "Temp Written Blocks": 0,
                "I/O Read Time": 0.000,
                "I/O Write Time": 0.000,
                "Temp I/O Read Time": 0.000,
                "Temp I/O Write Time": 0.000,
                "WAL Records": 0,
                "WAL FPI": 0,
                "WAL Bytes": 0
              }
            ]
          },
          {
            "Node Type": "Bitmap Heap Scan",
            "Parent Relationship": "Member",
            "Parallel Aware": false,
            "Async Capable": false,
            "Relation Name": "research_surface_credit_projection_v3",
            "Schema": "release",
            "Alias": "research_surface_credit_projection_v3",
            "Startup Cost": 4.17,
            "Total Cost": 11.39,
            "Plan Rows": 3,
            "Plan Width": 96,
            "Actual Startup Time": 0.004,
            "Actual Total Time": 0.004,
            "Actual Rows": 0,
            "Actual Loops": 1,
            "Output": ["'surfaceCredits'::text", "(((research_surface_credit_projection_v3.archive_object_id)::text || ':'::text) || lpad((research_surface_credit_projection_v3.credit_ordinal)::text, 12, '0'::text))", "(encode(sha256(convert_to((jsonb_build_array(research_surface_credit_projection_v3.archive_object_id, research_surface_credit_projection_v3.credit_ordinal, research_surface_credit_projection_v3.credited_label, research_surface_credit_projection_v3.credit_role))::text, 'UTF8'::name)), 'hex'::text))::core.sha256_hex"],
            "Recheck Cond": "(research_surface_credit_projection_v3.research_release_id = 'a1000000-0000-4000-8000-000000000001'::uuid)",
            "Rows Removed by Index Recheck": 0,
            "Exact Heap Blocks": 0,
            "Lossy Heap Blocks": 0,
            "Shared Hit Blocks": 3,
            "Shared Read Blocks": 0,
            "Shared Dirtied Blocks": 0,
            "Shared Written Blocks": 0,
            "Local Hit Blocks": 0,
            "Local Read Blocks": 0,
            "Local Dirtied Blocks": 0,
            "Local Written Blocks": 0,
            "Temp Read Blocks": 0,
            "Temp Written Blocks": 0,
            "I/O Read Time": 0.000,
            "I/O Write Time": 0.000,
            "Temp I/O Read Time": 0.000,
            "Temp I/O Write Time": 0.000,
            "WAL Records": 0,
            "WAL FPI": 0,
            "WAL Bytes": 0,
            "Plans": [
              {
                "Node Type": "Bitmap Index Scan",
                "Parent Relationship": "Outer",
                "Parallel Aware": false,
                "Async Capable": false,
                "Index Name": "research_surface_credit_projection_v3_pkey",
                "Startup Cost": 0.00,
                "Total Cost": 4.17,
                "Plan Rows": 3,
                "Plan Width": 0,
                "Actual Startup Time": 0.004,
                "Actual Total Time": 0.004,
                "Actual Rows": 0,
                "Actual Loops": 1,
                "Index Cond": "(research_surface_credit_projection_v3.research_release_id = 'a1000000-0000-4000-8000-000000000001'::uuid)",
                "Shared Hit Blocks": 3,
                "Shared Read Blocks": 0,
                "Shared Dirtied Blocks": 0,
                "Shared Written Blocks": 0,
                "Local Hit Blocks": 0,
                "Local Read Blocks": 0,
                "Local Dirtied Blocks": 0,
                "Local Written Blocks": 0,
                "Temp Read Blocks": 0,
                "Temp Written Blocks": 0,
                "I/O Read Time": 0.000,
                "I/O Write Time": 0.000,
                "Temp I/O Read Time": 0.000,
                "Temp I/O Write Time": 0.000,
                "WAL Records": 0,
                "WAL FPI": 0,
                "WAL Bytes": 0
              }
            ]
          },
          {
            "Node Type": "Bitmap Heap Scan",
            "Parent Relationship": "Member",
            "Parallel Aware": false,
            "Async Capable": false,
            "Relation Name": "research_surface_citation_projection_v3",
            "Schema": "release",
            "Alias": "research_surface_citation_projection_v3",
            "Startup Cost": 4.33,
            "Total Cost": 21.08,
            "Plan Rows": 7,
            "Plan Width": 96,
            "Actual Startup Time": 0.044,
            "Actual Total Time": 8.937,
            "Actual Rows": 1000,
            "Actual Loops": 1,
            "Output": ["'surfaceCitations'::text", "(((research_surface_citation_projection_v3.archive_object_id)::text || ':'::text) || lpad((research_surface_citation_projection_v3.citation_ordinal)::text, 12, '0'::text))", "(encode(sha256(convert_to((jsonb_build_array(research_surface_citation_projection_v3.archive_object_id, research_surface_citation_projection_v3.citation_ordinal, research_surface_citation_projection_v3.citation_label, research_surface_citation_projection_v3.public_source_route))::text, 'UTF8'::name)), 'hex'::text))::core.sha256_hex"],
            "Recheck Cond": "(research_surface_citation_projection_v3.research_release_id = 'a1000000-0000-4000-8000-000000000001'::uuid)",
            "Rows Removed by Index Recheck": 0,
            "Exact Heap Blocks": 23,
            "Lossy Heap Blocks": 0,
            "Shared Hit Blocks": 32,
            "Shared Read Blocks": 0,
            "Shared Dirtied Blocks": 0,
            "Shared Written Blocks": 0,
            "Local Hit Blocks": 0,
            "Local Read Blocks": 0,
            "Local Dirtied Blocks": 0,
            "Local Written Blocks": 0,
            "Temp Read Blocks": 0,
            "Temp Written Blocks": 0,
            "I/O Read Time": 0.000,
            "I/O Write Time": 0.000,
            "Temp I/O Read Time": 0.000,
            "Temp I/O Write Time": 0.000,
            "WAL Records": 0,
            "WAL FPI": 0,
            "WAL Bytes": 0,
            "Plans": [
              {
                "Node Type": "Bitmap Index Scan",
                "Parent Relationship": "Outer",
                "Parallel Aware": false,
                "Async Capable": false,
                "Index Name": "research_surface_citation_projection_v3_pkey",
                "Startup Cost": 0.00,
                "Total Cost": 4.33,
                "Plan Rows": 7,
                "Plan Width": 0,
                "Actual Startup Time": 0.029,
                "Actual Total Time": 0.029,
                "Actual Rows": 1000,
                "Actual Loops": 1,
                "Index Cond": "(research_surface_citation_projection_v3.research_release_id = 'a1000000-0000-4000-8000-000000000001'::uuid)",
                "Shared Hit Blocks": 9,
                "Shared Read Blocks": 0,
                "Shared Dirtied Blocks": 0,
                "Shared Written Blocks": 0,
                "Local Hit Blocks": 0,
                "Local Read Blocks": 0,
                "Local Dirtied Blocks": 0,
                "Local Written Blocks": 0,
                "Temp Read Blocks": 0,
                "Temp Written Blocks": 0,
                "I/O Read Time": 0.000,
                "I/O Write Time": 0.000,
                "Temp I/O Read Time": 0.000,
                "Temp I/O Write Time": 0.000,
                "WAL Records": 0,
                "WAL FPI": 0,
                "WAL Bytes": 0
              }
            ]
          },
          {
            "Node Type": "Bitmap Heap Scan",
            "Parent Relationship": "Member",
            "Parallel Aware": false,
            "Async Capable": false,
            "Relation Name": "research_folder_type_projection_v3",
            "Schema": "release",
            "Alias": "research_folder_type_projection_v3",
            "Startup Cost": 4.18,
            "Total Cost": 12.76,
            "Plan Rows": 4,
            "Plan Width": 96,
            "Actual Startup Time": 0.012,
            "Actual Total Time": 0.012,
            "Actual Rows": 1,
            "Actual Loops": 1,
            "Output": ["'folderTypes'::text", "((lpad((research_folder_type_projection_v3.sort_ordinal)::text, 12, '0'::text) || ':'::text) || research_folder_type_projection_v3.folder_type_code)", "(encode(sha256(convert_to((jsonb_build_array(research_folder_type_projection_v3.folder_type_code, research_folder_type_projection_v3.type_label, research_folder_type_projection_v3.sort_ordinal))::text, 'UTF8'::name)), 'hex'::text))::core.sha256_hex"],
            "Recheck Cond": "(research_folder_type_projection_v3.research_release_id = 'a1000000-0000-4000-8000-000000000001'::uuid)",
            "Rows Removed by Index Recheck": 0,
            "Exact Heap Blocks": 1,
            "Lossy Heap Blocks": 0,
            "Shared Hit Blocks": 2,
            "Shared Read Blocks": 0,
            "Shared Dirtied Blocks": 0,
            "Shared Written Blocks": 0,
            "Local Hit Blocks": 0,
            "Local Read Blocks": 0,
            "Local Dirtied Blocks": 0,
            "Local Written Blocks": 0,
            "Temp Read Blocks": 0,
            "Temp Written Blocks": 0,
            "I/O Read Time": 0.000,
            "I/O Write Time": 0.000,
            "Temp I/O Read Time": 0.000,
            "Temp I/O Write Time": 0.000,
            "WAL Records": 0,
            "WAL FPI": 0,
            "WAL Bytes": 0,
            "Plans": [
              {
                "Node Type": "Bitmap Index Scan",
                "Parent Relationship": "Outer",
                "Parallel Aware": false,
                "Async Capable": false,
                "Index Name": "research_folder_type_projecti_research_release_id_sort_ordi_key",
                "Startup Cost": 0.00,
                "Total Cost": 4.18,
                "Plan Rows": 4,
                "Plan Width": 0,
                "Actual Startup Time": 0.002,
                "Actual Total Time": 0.002,
                "Actual Rows": 1,
                "Actual Loops": 1,
                "Index Cond": "(research_folder_type_projection_v3.research_release_id = 'a1000000-0000-4000-8000-000000000001'::uuid)",
                "Shared Hit Blocks": 1,
                "Shared Read Blocks": 0,
                "Shared Dirtied Blocks": 0,
                "Shared Written Blocks": 0,
                "Local Hit Blocks": 0,
                "Local Read Blocks": 0,
                "Local Dirtied Blocks": 0,
                "Local Written Blocks": 0,
                "Temp Read Blocks": 0,
                "Temp Written Blocks": 0,
                "I/O Read Time": 0.000,
                "I/O Write Time": 0.000,
                "Temp I/O Read Time": 0.000,
                "Temp I/O Write Time": 0.000,
                "WAL Records": 0,
                "WAL FPI": 0,
                "WAL Bytes": 0
              }
            ]
          },
          {
            "Node Type": "Bitmap Heap Scan",
            "Parent Relationship": "Member",
            "Parallel Aware": false,
            "Async Capable": false,
            "Relation Name": "research_folder_projection_v3",
            "Schema": "release",
            "Alias": "research_folder_projection_v3",
            "Startup Cost": 4.16,
            "Total Cost": 9.58,
            "Plan Rows": 2,
            "Plan Width": 96,
            "Actual Startup Time": 0.014,
            "Actual Total Time": 0.043,
            "Actual Rows": 4,
            "Actual Loops": 1,
            "Output": ["'folders'::text", "((((research_folder_projection_v3.folder_type_code || ':'::text) || lpad((research_folder_projection_v3.sort_ordinal)::text, 12, '0'::text)) || ':'::text) || (research_folder_projection_v3.folder_id)::text)", "(encode(sha256(convert_to((jsonb_build_array(research_folder_projection_v3.folder_id, research_folder_projection_v3.folder_token, research_folder_projection_v3.folder_type_code, research_folder_projection_v3.slug, research_folder_projection_v3.label, research_folder_projection_v3.scope_note, research_folder_projection_v3.sort_ordinal))::text, 'UTF8'::name)), 'hex'::text))::core.sha256_hex"],
            "Recheck Cond": "(research_folder_projection_v3.research_release_id = 'a1000000-0000-4000-8000-000000000001'::uuid)",
            "Rows Removed by Index Recheck": 0,
            "Exact Heap Blocks": 1,
            "Lossy Heap Blocks": 0,
            "Shared Hit Blocks": 2,
            "Shared Read Blocks": 0,
            "Shared Dirtied Blocks": 0,
            "Shared Written Blocks": 0,
            "Local Hit Blocks": 0,
            "Local Read Blocks": 0,
            "Local Dirtied Blocks": 0,
            "Local Written Blocks": 0,
            "Temp Read Blocks": 0,
            "Temp Written Blocks": 0,
            "I/O Read Time": 0.000,
            "I/O Write Time": 0.000,
            "Temp I/O Read Time": 0.000,
            "Temp I/O Write Time": 0.000,
            "WAL Records": 0,
            "WAL FPI": 0,
            "WAL Bytes": 0,
            "Plans": [
              {
                "Node Type": "Bitmap Index Scan",
                "Parent Relationship": "Outer",
                "Parallel Aware": false,
                "Async Capable": false,
                "Index Name": "research_folder_projection_v3_type_sort_idx",
                "Startup Cost": 0.00,
                "Total Cost": 4.16,
                "Plan Rows": 2,
                "Plan Width": 0,
                "Actual Startup Time": 0.002,
                "Actual Total Time": 0.002,
                "Actual Rows": 4,
                "Actual Loops": 1,
                "Index Cond": "(research_folder_projection_v3.research_release_id = 'a1000000-0000-4000-8000-000000000001'::uuid)",
                "Shared Hit Blocks": 1,
                "Shared Read Blocks": 0,
                "Shared Dirtied Blocks": 0,
                "Shared Written Blocks": 0,
                "Local Hit Blocks": 0,
                "Local Read Blocks": 0,
                "Local Dirtied Blocks": 0,
                "Local Written Blocks": 0,
                "Temp Read Blocks": 0,
                "Temp Written Blocks": 0,
                "I/O Read Time": 0.000,
                "I/O Write Time": 0.000,
                "Temp I/O Read Time": 0.000,
                "Temp I/O Write Time": 0.000,
                "WAL Records": 0,
                "WAL FPI": 0,
                "WAL Bytes": 0
              }
            ]
          },
          {
            "Node Type": "Bitmap Heap Scan",
            "Parent Relationship": "Member",
            "Parallel Aware": false,
            "Async Capable": false,
            "Relation Name": "research_folder_membership_projection_v3",
            "Schema": "release",
            "Alias": "research_folder_membership_projection_v3",
            "Startup Cost": 4.43,
            "Total Cost": 54.82,
            "Plan Rows": 19,
            "Plan Width": 96,
            "Actual Startup Time": 0.131,
            "Actual Total Time": 32.547,
            "Actual Rows": 3107,
            "Actual Loops": 1,
            "Output": ["'folderMemberships'::text", "(((((((research_folder_membership_projection_v3.folder_id)::text || ':'::text) || research_folder_membership_projection_v3.membership_role) || ':'::text) || lpad((research_folder_membership_projection_v3.member_ordinal)::text, 12, '0'::text)) || ':'::text) || (research_folder_membership_projection_v3.archive_object_id)::text)", "(encode(sha256(convert_to((jsonb_build_array(research_folder_membership_projection_v3.folder_id, research_folder_membership_projection_v3.archive_object_id, research_folder_membership_projection_v3.source_assignment_id, research_folder_membership_projection_v3.membership_role, research_folder_membership_projection_v3.member_ordinal, research_folder_membership_projection_v3.source_assignment_status, research_folder_membership_projection_v3.source_assignment_snapshot_sha256, research_folder_membership_projection_v3.effective_decision_id, research_folder_membership_projection_v3.effective_decision_snapshot_sha256))::text, 'UTF8'::name)), 'hex'::text))::core.sha256_hex"],
            "Recheck Cond": "(research_folder_membership_projection_v3.research_release_id = 'a1000000-0000-4000-8000-000000000001'::uuid)",
            "Rows Removed by Index Recheck": 0,
            "Exact Heap Blocks": 101,
            "Lossy Heap Blocks": 0,
            "Shared Hit Blocks": 141,
            "Shared Read Blocks": 0,
            "Shared Dirtied Blocks": 0,
            "Shared Written Blocks": 0,
            "Local Hit Blocks": 0,
            "Local Read Blocks": 0,
            "Local Dirtied Blocks": 0,
            "Local Written Blocks": 0,
            "Temp Read Blocks": 0,
            "Temp Written Blocks": 0,
            "I/O Read Time": 0.000,
            "I/O Write Time": 0.000,
            "Temp I/O Read Time": 0.000,
            "Temp I/O Write Time": 0.000,
            "WAL Records": 0,
            "WAL FPI": 0,
            "WAL Bytes": 0,
            "Plans": [
              {
                "Node Type": "Bitmap Index Scan",
                "Parent Relationship": "Outer",
                "Parallel Aware": false,
                "Async Capable": false,
                "Index Name": "research_folder_membership_v3_object_idx",
                "Startup Cost": 0.00,
                "Total Cost": 4.42,
                "Plan Rows": 19,
                "Plan Width": 0,
                "Actual Startup Time": 0.111,
                "Actual Total Time": 0.111,
                "Actual Rows": 3107,
                "Actual Loops": 1,
                "Index Cond": "(research_folder_membership_projection_v3.research_release_id = 'a1000000-0000-4000-8000-000000000001'::uuid)",
                "Shared Hit Blocks": 40,
                "Shared Read Blocks": 0,
                "Shared Dirtied Blocks": 0,
                "Shared Written Blocks": 0,
                "Local Hit Blocks": 0,
                "Local Read Blocks": 0,
                "Local Dirtied Blocks": 0,
                "Local Written Blocks": 0,
                "Temp Read Blocks": 0,
                "Temp Written Blocks": 0,
                "I/O Read Time": 0.000,
                "I/O Write Time": 0.000,
                "Temp I/O Read Time": 0.000,
                "Temp I/O Write Time": 0.000,
                "WAL Records": 0,
                "WAL FPI": 0,
                "WAL Bytes": 0
              }
            ]
          },
          {
            "Node Type": "Bitmap Heap Scan",
            "Parent Relationship": "Member",
            "Parallel Aware": false,
            "Async Capable": false,
            "Relation Name": "research_search_document_projection_v3",
            "Schema": "release",
            "Alias": "research_search_document_projection_v3",
            "Startup Cost": 4.32,
            "Total Cost": 20.51,
            "Plan Rows": 6,
            "Plan Width": 96,
            "Actual Startup Time": 0.050,
            "Actual Total Time": 9.080,
            "Actual Rows": 1000,
            "Actual Loops": 1,
            "Output": ["'searchDocuments'::text", "((research_search_document_projection_v3.sort_key || ':'::text) || (research_search_document_projection_v3.archive_object_id)::text)", "(encode(sha256(convert_to((jsonb_build_array(research_search_document_projection_v3.archive_object_id, research_search_document_projection_v3.public_surface_id, research_search_document_projection_v3.title, research_search_document_projection_v3.search_document, research_search_document_projection_v3.sort_key))::text, 'UTF8'::name)), 'hex'::text))::core.sha256_hex"],
            "Recheck Cond": "(research_search_document_projection_v3.research_release_id = 'a1000000-0000-4000-8000-000000000001'::uuid)",
            "Rows Removed by Index Recheck": 0,
            "Exact Heap Blocks": 30,
            "Lossy Heap Blocks": 0,
            "Shared Hit Blocks": 45,
            "Shared Read Blocks": 0,
            "Shared Dirtied Blocks": 0,
            "Shared Written Blocks": 0,
            "Local Hit Blocks": 0,
            "Local Read Blocks": 0,
            "Local Dirtied Blocks": 0,
            "Local Written Blocks": 0,
            "Temp Read Blocks": 0,
            "Temp Written Blocks": 0,
            "I/O Read Time": 0.000,
            "I/O Write Time": 0.000,
            "Temp I/O Read Time": 0.000,
            "Temp I/O Write Time": 0.000,
            "WAL Records": 0,
            "WAL FPI": 0,
            "WAL Bytes": 0,
            "Plans": [
              {
                "Node Type": "Bitmap Index Scan",
                "Parent Relationship": "Outer",
                "Parallel Aware": false,
                "Async Capable": false,
                "Index Name": "research_search_document_proj_research_release_id_public_su_key",
                "Startup Cost": 0.00,
                "Total Cost": 4.32,
                "Plan Rows": 6,
                "Plan Width": 0,
                "Actual Startup Time": 0.036,
                "Actual Total Time": 0.036,
                "Actual Rows": 1000,
                "Actual Loops": 1,
                "Index Cond": "(research_search_document_projection_v3.research_release_id = 'a1000000-0000-4000-8000-000000000001'::uuid)",
                "Shared Hit Blocks": 15,
                "Shared Read Blocks": 0,
                "Shared Dirtied Blocks": 0,
                "Shared Written Blocks": 0,
                "Local Hit Blocks": 0,
                "Local Read Blocks": 0,
                "Local Dirtied Blocks": 0,
                "Local Written Blocks": 0,
                "Temp Read Blocks": 0,
                "Temp Written Blocks": 0,
                "I/O Read Time": 0.000,
                "I/O Write Time": 0.000,
                "Temp I/O Read Time": 0.000,
                "Temp I/O Write Time": 0.000,
                "WAL Records": 0,
                "WAL FPI": 0,
                "WAL Bytes": 0
              }
            ]
          },
          {
            "Node Type": "Bitmap Heap Scan",
            "Parent Relationship": "Member",
            "Parallel Aware": false,
            "Async Capable": false,
            "Relation Name": "research_corpus_summary_projection_v3",
            "Schema": "release",
            "Alias": "research_corpus_summary_projection_v3",
            "Startup Cost": 4.16,
            "Total Cost": 9.55,
            "Plan Rows": 2,
            "Plan Width": 96,
            "Actual Startup Time": 0.014,
            "Actual Total Time": 0.014,
            "Actual Rows": 1,
            "Actual Loops": 1,
            "Output": ["'corpusSummary'::text", "(research_corpus_summary_projection_v3.corpus_version_id)::text", "(encode(sha256(convert_to((jsonb_build_array(research_corpus_summary_projection_v3.corpus_version_id, research_corpus_summary_projection_v3.corpus_token, research_corpus_summary_projection_v3.corpus_version_token, research_corpus_summary_projection_v3.corpus_label, research_corpus_summary_projection_v3.eligible_object_count, research_corpus_summary_projection_v3.held_object_count))::text, 'UTF8'::name)), 'hex'::text))::core.sha256_hex"],
            "Recheck Cond": "(research_corpus_summary_projection_v3.research_release_id = 'a1000000-0000-4000-8000-000000000001'::uuid)",
            "Rows Removed by Index Recheck": 0,
            "Exact Heap Blocks": 1,
            "Lossy Heap Blocks": 0,
            "Shared Hit Blocks": 2,
            "Shared Read Blocks": 0,
            "Shared Dirtied Blocks": 0,
            "Shared Written Blocks": 0,
            "Local Hit Blocks": 0,
            "Local Read Blocks": 0,
            "Local Dirtied Blocks": 0,
            "Local Written Blocks": 0,
            "Temp Read Blocks": 0,
            "Temp Written Blocks": 0,
            "I/O Read Time": 0.000,
            "I/O Write Time": 0.000,
            "Temp I/O Read Time": 0.000,
            "Temp I/O Write Time": 0.000,
            "WAL Records": 0,
            "WAL FPI": 0,
            "WAL Bytes": 0,
            "Plans": [
              {
                "Node Type": "Bitmap Index Scan",
                "Parent Relationship": "Outer",
                "Parallel Aware": false,
                "Async Capable": false,
                "Index Name": "research_corpus_summary_projection_v3_pkey",
                "Startup Cost": 0.00,
                "Total Cost": 4.16,
                "Plan Rows": 2,
                "Plan Width": 0,
                "Actual Startup Time": 0.002,
                "Actual Total Time": 0.002,
                "Actual Rows": 1,
                "Actual Loops": 1,
                "Index Cond": "(research_corpus_summary_projection_v3.research_release_id = 'a1000000-0000-4000-8000-000000000001'::uuid)",
                "Shared Hit Blocks": 1,
                "Shared Read Blocks": 0,
                "Shared Dirtied Blocks": 0,
                "Shared Written Blocks": 0,
                "Local Hit Blocks": 0,
                "Local Read Blocks": 0,
                "Local Dirtied Blocks": 0,
                "Local Written Blocks": 0,
                "Temp Read Blocks": 0,
                "Temp Written Blocks": 0,
                "I/O Read Time": 0.000,
                "I/O Write Time": 0.000,
                "Temp I/O Read Time": 0.000,
                "Temp I/O Write Time": 0.000,
                "WAL Records": 0,
                "WAL FPI": 0,
                "WAL Bytes": 0
              }
            ]
          },
          {
            "Node Type": "Index Scan",
            "Parent Relationship": "Member",
            "Parallel Aware": false,
            "Async Capable": false,
            "Scan Direction": "Forward",
            "Index Name": "research_trace_availability_projection_v3_pkey",
            "Relation Name": "research_trace_availability_projection_v3",
            "Schema": "release",
            "Alias": "research_trace_availability_projection_v3",
            "Startup Cost": 0.15,
            "Total Cost": 8.19,
            "Plan Rows": 1,
            "Plan Width": 96,
            "Actual Startup Time": 0.014,
            "Actual Total Time": 0.015,
            "Actual Rows": 1,
            "Actual Loops": 1,
            "Output": ["'traceAvailability'::text", "(research_trace_availability_projection_v3.research_release_id)::text", "(encode(sha256(convert_to((jsonb_build_array(research_trace_availability_projection_v3.trace_eligible_object_count, research_trace_availability_projection_v3.trace_relation_count, research_trace_availability_projection_v3.availability_reason))::text, 'UTF8'::name)), 'hex'::text))::core.sha256_hex"],
            "Index Cond": "(research_trace_availability_projection_v3.research_release_id = 'a1000000-0000-4000-8000-000000000001'::uuid)",
            "Rows Removed by Index Recheck": 0,
            "Shared Hit Blocks": 2,
            "Shared Read Blocks": 0,
            "Shared Dirtied Blocks": 0,
            "Shared Written Blocks": 0,
            "Local Hit Blocks": 0,
            "Local Read Blocks": 0,
            "Local Dirtied Blocks": 0,
            "Local Written Blocks": 0,
            "Temp Read Blocks": 0,
            "Temp Written Blocks": 0,
            "I/O Read Time": 0.000,
            "I/O Write Time": 0.000,
            "Temp I/O Read Time": 0.000,
            "Temp I/O Write Time": 0.000,
            "WAL Records": 0,
            "WAL FPI": 0,
            "WAL Bytes": 0
          }
        ]
      }
    ]
  }
}
psql:/private/tmp/graphic_design_archive_v49_repository_hygiene/database/tests/009_release_projection_snapshot_performance_scale.sql:34: LOG:  duration: 2.615 ms  plan:
{
  "Query Text": "WITH chunks AS (\n    SELECT ((row_number-1)/1024)::bigint AS chunk_ordinal,count(*)::bigint AS chunk_row_count,\n      encode(sha256(convert_to(jsonb_build_object(\n        'format','gda-v49-research-component-chunk-v5','component',p_component,\n        'chunkSize',1024,'chunkOrdinal',((row_number-1)/1024)::bigint,\n        'rowDigests',jsonb_agg(row_digest ORDER BY row_number)\n      )::text,'UTF8')),'hex') AS chunk_digest\n    FROM (\n      SELECT row_number() OVER (ORDER BY semantic_key) AS row_number,row_digest\n      FROM pg_temp.gda_v5_component_rows WHERE component_code=p_component\n    ) rows GROUP BY ((row_number-1)/1024)\n  )\n  SELECT encode(sha256(convert_to(jsonb_build_object(\n    'format','gda-v49-research-component-merkle-v5','component',p_component,\n    'rowCount',coalesce((SELECT sum(chunk_row_count) FROM chunks),0),\n    'chunkSize',1024,\n    'chunks',coalesce((SELECT jsonb_agg(jsonb_build_array(chunk_ordinal,chunk_row_count,chunk_digest)\n      ORDER BY chunk_ordinal) FROM chunks),'[]'::jsonb)\n  )::text,'UTF8')),'hex')::core.sha256_hex",
  "Plan": {
    "Node Type": "Result",
    "Parallel Aware": false,
    "Async Capable": false,
    "Startup Cost": 100.36,
    "Total Cost": 100.39,
    "Plan Rows": 1,
    "Plan Width": 32,
    "Actual Startup Time": 2.614,
    "Actual Total Time": 2.615,
    "Actual Rows": 1,
    "Actual Loops": 1,
    "Output": ["(encode(sha256(convert_to((jsonb_build_object('format', 'gda-v49-research-component-merkle-v5', 'component', $1, 'rowCount', COALESCE($1, '0'::numeric), 'chunkSize', 1024, 'chunks', COALESCE($2, '[]'::jsonb)))::text, 'UTF8'::name)), 'hex'::text))::core.sha256_hex"],
    "Shared Hit Blocks": 0,
    "Shared Read Blocks": 0,
    "Shared Dirtied Blocks": 0,
    "Shared Written Blocks": 0,
    "Local Hit Blocks": 85,
    "Local Read Blocks": 57,
    "Local Dirtied Blocks": 0,
    "Local Written Blocks": 0,
    "Temp Read Blocks": 0,
    "Temp Written Blocks": 0,
    "I/O Read Time": 0.000,
    "I/O Write Time": 0.000,
    "Temp I/O Read Time": 0.000,
    "Temp I/O Write Time": 0.000,
    "WAL Records": 0,
    "WAL FPI": 0,
    "WAL Bytes": 0,
    "Plans": [
      {
        "Node Type": "Aggregate",
        "Strategy": "Sorted",
        "Partial Mode": "Simple",
        "Parent Relationship": "InitPlan",
        "Subplan Name": "CTE chunks",
        "Parallel Aware": false,
        "Async Capable": false,
        "Startup Cost": 95.89,
        "Total Cost": 97.60,
        "Plan Rows": 36,
        "Plan Width": 48,
        "Actual Startup Time": 1.739,
        "Actual Total Time": 2.594,
        "Actual Rows": 4,
        "Actual Loops": 1,
        "Output": ["(((rows.row_number - 1) / 1024))", "count(*)", "encode(sha256(convert_to((jsonb_build_object('format', 'gda-v49-research-component-chunk-v5', 'component', $1, 'chunkSize', 1024, 'chunkOrdinal', (((rows.row_number - 1) / 1024)), 'rowDigests', jsonb_agg(rows.row_digest ORDER BY rows.row_number)))::text, 'UTF8'::name)), 'hex'::text)"],
        "Group Key": ["(((rows.row_number - 1) / 1024))"],
        "Shared Hit Blocks": 0,
        "Shared Read Blocks": 0,
        "Shared Dirtied Blocks": 0,
        "Shared Written Blocks": 0,
        "Local Hit Blocks": 85,
        "Local Read Blocks": 57,
        "Local Dirtied Blocks": 0,
        "Local Written Blocks": 0,
        "Temp Read Blocks": 0,
        "Temp Written Blocks": 0,
        "I/O Read Time": 0.000,
        "I/O Write Time": 0.000,
        "Temp I/O Read Time": 0.000,
        "Temp I/O Write Time": 0.000,
        "WAL Records": 0,
        "WAL FPI": 0,
        "WAL Bytes": 0,
        "Plans": [
          {
            "Node Type": "Sort",
            "Parent Relationship": "Outer",
            "Parallel Aware": false,
            "Async Capable": false,
            "Startup Cost": 95.89,
            "Total Cost": 95.98,
            "Plan Rows": 36,
            "Plan Width": 48,
            "Actual Startup Time": 1.318,
            "Actual Total Time": 1.387,
            "Actual Rows": 3107,
            "Actual Loops": 1,
            "Output": ["(((rows.row_number - 1) / 1024))", "rows.row_number", "rows.row_digest"],
            "Sort Key": ["(((rows.row_number - 1) / 1024))", "rows.row_number"],
            "Sort Method": "quicksort",
            "Sort Space Used": 436,
            "Sort Space Type": "Memory",
            "Shared Hit Blocks": 0,
            "Shared Read Blocks": 0,
            "Shared Dirtied Blocks": 0,
            "Shared Written Blocks": 0,
            "Local Hit Blocks": 85,
            "Local Read Blocks": 57,
            "Local Dirtied Blocks": 0,
            "Local Written Blocks": 0,
            "Temp Read Blocks": 0,
            "Temp Written Blocks": 0,
            "I/O Read Time": 0.000,
            "I/O Write Time": 0.000,
            "Temp I/O Read Time": 0.000,
            "Temp I/O Write Time": 0.000,
            "WAL Records": 0,
            "WAL FPI": 0,
            "WAL Bytes": 0,
            "Plans": [
              {
                "Node Type": "Subquery Scan",
                "Parent Relationship": "Outer",
                "Parallel Aware": false,
                "Async Capable": false,
                "Alias": "rows",
                "Startup Cost": 93.79,
                "Total Cost": 94.96,
                "Plan Rows": 36,
                "Plan Width": 48,
                "Actual Startup Time": 0.566,
                "Actual Total Time": 1.129,
                "Actual Rows": 3107,
                "Actual Loops": 1,
                "Output": ["((rows.row_number - 1) / 1024)", "rows.row_number", "rows.row_digest"],
                "Shared Hit Blocks": 0,
                "Shared Read Blocks": 0,
                "Shared Dirtied Blocks": 0,
                "Shared Written Blocks": 0,
                "Local Hit Blocks": 85,
                "Local Read Blocks": 57,
                "Local Dirtied Blocks": 0,
                "Local Written Blocks": 0,
                "Temp Read Blocks": 0,
                "Temp Written Blocks": 0,
                "I/O Read Time": 0.000,
                "I/O Write Time": 0.000,
                "Temp I/O Read Time": 0.000,
                "Temp I/O Write Time": 0.000,
                "WAL Records": 0,
                "WAL FPI": 0,
                "WAL Bytes": 0,
                "Plans": [
                  {
                    "Node Type": "WindowAgg",
                    "Parent Relationship": "Subquery",
                    "Parallel Aware": false,
                    "Async Capable": false,
                    "Startup Cost": 93.79,
                    "Total Cost": 94.42,
                    "Plan Rows": 36,
                    "Plan Width": 72,
                    "Actual Startup Time": 0.566,
                    "Actual Total Time": 0.968,
                    "Actual Rows": 3107,
                    "Actual Loops": 1,
                    "Output": ["row_number() OVER (?)", "gda_v5_component_rows.row_digest", "gda_v5_component_rows.semantic_key"],
                    "Shared Hit Blocks": 0,
                    "Shared Read Blocks": 0,
                    "Shared Dirtied Blocks": 0,
                    "Shared Written Blocks": 0,
                    "Local Hit Blocks": 85,
                    "Local Read Blocks": 57,
                    "Local Dirtied Blocks": 0,
                    "Local Written Blocks": 0,
                    "Temp Read Blocks": 0,
                    "Temp Written Blocks": 0,
                    "I/O Read Time": 0.000,
                    "I/O Write Time": 0.000,
                    "Temp I/O Read Time": 0.000,
                    "Temp I/O Write Time": 0.000,
                    "WAL Records": 0,
                    "WAL FPI": 0,
                    "WAL Bytes": 0,
                    "Plans": [
                      {
                        "Node Type": "Sort",
                        "Parent Relationship": "Outer",
                        "Parallel Aware": false,
                        "Async Capable": false,
                        "Startup Cost": 93.79,
                        "Total Cost": 93.88,
                        "Plan Rows": 36,
                        "Plan Width": 64,
                        "Actual Startup Time": 0.565,
                        "Actual Total Time": 0.632,
                        "Actual Rows": 3107,
                        "Actual Loops": 1,
                        "Output": ["gda_v5_component_rows.semantic_key", "gda_v5_component_rows.row_digest"],
                        "Sort Key": ["gda_v5_component_rows.semantic_key"],
                        "Sort Method": "quicksort",
                        "Sort Space Used": 655,
                        "Sort Space Type": "Memory",
                        "Shared Hit Blocks": 0,
                        "Shared Read Blocks": 0,
                        "Shared Dirtied Blocks": 0,
                        "Shared Written Blocks": 0,
                        "Local Hit Blocks": 85,
                        "Local Read Blocks": 57,
                        "Local Dirtied Blocks": 0,
                        "Local Written Blocks": 0,
                        "Temp Read Blocks": 0,
                        "Temp Written Blocks": 0,
                        "I/O Read Time": 0.000,
                        "I/O Write Time": 0.000,
                        "Temp I/O Read Time": 0.000,
                        "Temp I/O Write Time": 0.000,
                        "WAL Records": 0,
                        "WAL FPI": 0,
                        "WAL Bytes": 0,
                        "Plans": [
                          {
                            "Node Type": "Bitmap Heap Scan",
                            "Parent Relationship": "Outer",
                            "Parallel Aware": false,
                            "Async Capable": false,
                            "Relation Name": "gda_v5_component_rows",
                            "Schema": "pg_temp",
                            "Alias": "gda_v5_component_rows",
                            "Startup Cost": 4.69,
                            "Total Cost": 92.86,
                            "Plan Rows": 36,
                            "Plan Width": 64,
                            "Actual Startup Time": 0.171,
                            "Actual Total Time": 0.369,
                            "Actual Rows": 3107,
                            "Actual Loops": 1,
                            "Output": ["gda_v5_component_rows.semantic_key", "gda_v5_component_rows.row_digest"],
                            "Recheck Cond": "(gda_v5_component_rows.component_code = $1)",
                            "Rows Removed by Index Recheck": 0,
                            "Exact Heap Blocks": 83,
                            "Lossy Heap Blocks": 0,
                            "Shared Hit Blocks": 0,
                            "Shared Read Blocks": 0,
                            "Shared Dirtied Blocks": 0,
                            "Shared Written Blocks": 0,
                            "Local Hit Blocks": 85,
                            "Local Read Blocks": 57,
                            "Local Dirtied Blocks": 0,
                            "Local Written Blocks": 0,
                            "Temp Read Blocks": 0,
                            "Temp Written Blocks": 0,
                            "I/O Read Time": 0.000,
                            "I/O Write Time": 0.000,
                            "Temp I/O Read Time": 0.000,
                            "Temp I/O Write Time": 0.000,
                            "WAL Records": 0,
                            "WAL FPI": 0,
                            "WAL Bytes": 0,
                            "Plans": [
                              {
                                "Node Type": "Bitmap Index Scan",
                                "Parent Relationship": "Outer",
                                "Parallel Aware": false,
                                "Async Capable": false,
                                "Index Name": "gda_v5_component_rows_component_code_semantic_key_idx",
                                "Startup Cost": 0.00,
                                "Total Cost": 4.68,
                                "Plan Rows": 36,
                                "Plan Width": 0,
                                "Actual Startup Time": 0.166,
                                "Actual Total Time": 0.166,
                                "Actual Rows": 3107,
                                "Actual Loops": 1,
                                "Index Cond": "(gda_v5_component_rows.component_code = $1)",
                                "Shared Hit Blocks": 0,
                                "Shared Read Blocks": 0,
                                "Shared Dirtied Blocks": 0,
                                "Shared Written Blocks": 0,
                                "Local Hit Blocks": 2,
                                "Local Read Blocks": 57,
                                "Local Dirtied Blocks": 0,
                                "Local Written Blocks": 0,
                                "Temp Read Blocks": 0,
                                "Temp Written Blocks": 0,
                                "I/O Read Time": 0.000,
                                "I/O Write Time": 0.000,
                                "Temp I/O Read Time": 0.000,
                                "Temp I/O Write Time": 0.000,
                                "WAL Records": 0,
                                "WAL FPI": 0,
                                "WAL Bytes": 0
                              }
                            ]
                          }
                        ]
                      }
                    ]
                  }
                ]
              }
            ]
          }
        ]
      },
      {
        "Node Type": "Aggregate",
        "Strategy": "Plain",
        "Partial Mode": "Simple",
        "Parent Relationship": "InitPlan",
        "Subplan Name": "InitPlan 2 (returns $1)",
        "Parallel Aware": false,
        "Async Capable": false,
        "Startup Cost": 0.81,
        "Total Cost": 0.82,
        "Plan Rows": 1,
        "Plan Width": 32,
        "Actual Startup Time": 2.596,
        "Actual Total Time": 2.596,
        "Actual Rows": 1,
        "Actual Loops": 1,
        "Output": ["sum(chunks.chunk_row_count)"],
        "Shared Hit Blocks": 0,
        "Shared Read Blocks": 0,
        "Shared Dirtied Blocks": 0,
        "Shared Written Blocks": 0,
        "Local Hit Blocks": 85,
        "Local Read Blocks": 57,
        "Local Dirtied Blocks": 0,
        "Local Written Blocks": 0,
        "Temp Read Blocks": 0,
        "Temp Written Blocks": 0,
        "I/O Read Time": 0.000,
        "I/O Write Time": 0.000,
        "Temp I/O Read Time": 0.000,
        "Temp I/O Write Time": 0.000,
        "WAL Records": 0,
        "WAL FPI": 0,
        "WAL Bytes": 0,
        "Plans": [
          {
            "Node Type": "CTE Scan",
            "Parent Relationship": "Outer",
            "Parallel Aware": false,
            "Async Capable": false,
            "CTE Name": "chunks",
            "Alias": "chunks",
            "Startup Cost": 0.00,
            "Total Cost": 0.72,
            "Plan Rows": 36,
            "Plan Width": 8,
            "Actual Startup Time": 1.740,
            "Actual Total Time": 2.595,
            "Actual Rows": 4,
            "Actual Loops": 1,
            "Output": ["chunks.chunk_ordinal", "chunks.chunk_row_count", "chunks.chunk_digest"],
            "Shared Hit Blocks": 0,
            "Shared Read Blocks": 0,
            "Shared Dirtied Blocks": 0,
            "Shared Written Blocks": 0,
            "Local Hit Blocks": 85,
            "Local Read Blocks": 57,
            "Local Dirtied Blocks": 0,
            "Local Written Blocks": 0,
            "Temp Read Blocks": 0,
            "Temp Written Blocks": 0,
            "I/O Read Time": 0.000,
            "I/O Write Time": 0.000,
            "Temp I/O Read Time": 0.000,
            "Temp I/O Write Time": 0.000,
            "WAL Records": 0,
            "WAL FPI": 0,
            "WAL Bytes": 0
          }
        ]
      },
      {
        "Node Type": "Aggregate",
        "Strategy": "Plain",
        "Partial Mode": "Simple",
        "Parent Relationship": "InitPlan",
        "Subplan Name": "InitPlan 3 (returns $2)",
        "Parallel Aware": false,
        "Async Capable": false,
        "Startup Cost": 1.92,
        "Total Cost": 1.93,
        "Plan Rows": 1,
        "Plan Width": 32,
        "Actual Startup Time": 0.005,
        "Actual Total Time": 0.005,
        "Actual Rows": 1,
        "Actual Loops": 1,
        "Output": ["jsonb_agg(jsonb_build_array(chunks_1.chunk_ordinal, chunks_1.chunk_row_count, chunks_1.chunk_digest) ORDER BY chunks_1.chunk_ordinal)"],
        "Shared Hit Blocks": 0,
        "Shared Read Blocks": 0,
        "Shared Dirtied Blocks": 0,
        "Shared Written Blocks": 0,
        "Local Hit Blocks": 0,
        "Local Read Blocks": 0,
        "Local Dirtied Blocks": 0,
        "Local Written Blocks": 0,
        "Temp Read Blocks": 0,
        "Temp Written Blocks": 0,
        "I/O Read Time": 0.000,
        "I/O Write Time": 0.000,
        "Temp I/O Read Time": 0.000,
        "Temp I/O Write Time": 0.000,
        "WAL Records": 0,
        "WAL FPI": 0,
        "WAL Bytes": 0,
        "Plans": [
          {
            "Node Type": "Sort",
            "Parent Relationship": "Outer",
            "Parallel Aware": false,
            "Async Capable": false,
            "Startup Cost": 1.65,
            "Total Cost": 1.74,
            "Plan Rows": 36,
            "Plan Width": 48,
            "Actual Startup Time": 0.001,
            "Actual Total Time": 0.001,
            "Actual Rows": 4,
            "Actual Loops": 1,
            "Output": ["chunks_1.chunk_ordinal", "chunks_1.chunk_row_count", "chunks_1.chunk_digest"],
            "Sort Key": ["chunks_1.chunk_ordinal"],
            "Sort Method": "quicksort",
            "Sort Space Used": 25,
            "Sort Space Type": "Memory",
            "Shared Hit Blocks": 0,
            "Shared Read Blocks": 0,
            "Shared Dirtied Blocks": 0,
            "Shared Written Blocks": 0,
            "Local Hit Blocks": 0,
            "Local Read Blocks": 0,
            "Local Dirtied Blocks": 0,
            "Local Written Blocks": 0,
            "Temp Read Blocks": 0,
            "Temp Written Blocks": 0,
            "I/O Read Time": 0.000,
            "I/O Write Time": 0.000,
            "Temp I/O Read Time": 0.000,
            "Temp I/O Write Time": 0.000,
            "WAL Records": 0,
            "WAL FPI": 0,
            "WAL Bytes": 0,
            "Plans": [
              {
                "Node Type": "CTE Scan",
                "Parent Relationship": "Outer",
                "Parallel Aware": false,
                "Async Capable": false,
                "CTE Name": "chunks",
                "Alias": "chunks_1",
                "Startup Cost": 0.00,
                "Total Cost": 0.72,
                "Plan Rows": 36,
                "Plan Width": 48,
                "Actual Startup Time": 0.000,
                "Actual Total Time": 0.000,
                "Actual Rows": 4,
                "Actual Loops": 1,
                "Output": ["chunks_1.chunk_ordinal", "chunks_1.chunk_row_count", "chunks_1.chunk_digest"],
                "Shared Hit Blocks": 0,
                "Shared Read Blocks": 0,
                "Shared Dirtied Blocks": 0,
                "Shared Written Blocks": 0,
                "Local Hit Blocks": 0,
                "Local Read Blocks": 0,
                "Local Dirtied Blocks": 0,
                "Local Written Blocks": 0,
                "Temp Read Blocks": 0,
                "Temp Written Blocks": 0,
                "I/O Read Time": 0.000,
                "I/O Write Time": 0.000,
                "Temp I/O Read Time": 0.000,
                "Temp I/O Write Time": 0.000,
                "WAL Records": 0,
                "WAL FPI": 0,
                "WAL Bytes": 0
              }
            ]
          }
        ]
      }
    ]
  }
}
psql:/private/tmp/graphic_design_archive_v49_repository_hygiene/database/tests/009_release_projection_snapshot_performance_scale.sql:34: LOG:  duration: 8.698 ms  plan:
{
  "Query Text": "INSERT INTO release.research_launch_component_manifest_v3\n  SELECT p_release_id,x.component_code,x.row_count,release.research_launch_component_hash_staged_v5(x.component_code)\n  FROM (VALUES\n    ('releaseObjects',(SELECT count(*) FROM release.research_release_object WHERE research_release_id=p_release_id)),\n    ('surfacePresentation',(SELECT count(*) FROM release.research_surface_presentation_projection_v3 WHERE research_release_id=p_release_id)),\n    ('surfaceCredits',0::bigint),('surfaceCitations',(SELECT count(*) FROM release.research_surface_citation_projection_v3 WHERE research_release_id=p_release_id)),\n    ('folderTypes',(SELECT count(*) FROM release.research_folder_type_projection_v3 WHERE research_release_id=p_release_id)),\n    ('folders',(SELECT count(*) FROM release.research_folder_projection_v3 WHERE research_release_id=p_release_id)),\n    ('folderMemberships',(SELECT count(*) FROM release.research_folder_membership_projection_v3 WHERE research_release_id=p_release_id)),\n    ('searchDocuments',(SELECT count(*) FROM release.research_search_document_projection_v3 WHERE research_release_id=p_release_id)),\n    ('corpusSummary',(SELECT count(*) FROM release.research_corpus_summary_projection_v3 WHERE research_release_id=p_release_id)),\n    ('traceAvailability',(SELECT count(*) FROM release.research_trace_availability_projection_v3 WHERE research_release_id=p_release_id))\n  ) x(component_code,row_count)",
  "Plan": {
    "Node Type": "ModifyTable",
    "Operation": "Insert",
    "Parallel Aware": false,
    "Async Capable": false,
    "Relation Name": "research_launch_component_manifest_v3",
    "Schema": "release",
    "Alias": "research_launch_component_manifest_v3",
    "Startup Cost": 168.41,
    "Total Cost": 171.04,
    "Plan Rows": 0,
    "Plan Width": 0,
    "Actual Startup Time": 8.694,
    "Actual Total Time": 8.697,
    "Actual Rows": 0,
    "Actual Loops": 1,
    "Shared Hit Blocks": 570,
    "Shared Read Blocks": 1,
    "Shared Dirtied Blocks": 3,
    "Shared Written Blocks": 2,
    "Local Hit Blocks": 198,
    "Local Read Blocks": 110,
    "Local Dirtied Blocks": 0,
    "Local Written Blocks": 0,
    "Temp Read Blocks": 0,
    "Temp Written Blocks": 0,
    "I/O Read Time": 0.025,
    "I/O Write Time": 0.039,
    "Temp I/O Read Time": 0.000,
    "Temp I/O Write Time": 0.000,
    "WAL Records": 22,
    "WAL FPI": 0,
    "WAL Bytes": 2675,
    "Plans": [
      {
        "Node Type": "Values Scan",
        "Parent Relationship": "Outer",
        "Parallel Aware": false,
        "Async Capable": false,
        "Alias": "*VALUES*",
        "Startup Cost": 168.41,
        "Total Cost": 171.04,
        "Plan Rows": 10,
        "Plan Width": 88,
        "Actual Startup Time": 1.419,
        "Actual Total Time": 8.181,
        "Actual Rows": 10,
        "Actual Loops": 1,
        "Output": ["'a1000000-0000-4000-8000-000000000001'::uuid", "\"*VALUES*\".column1", "\"*VALUES*\".column2", "release.research_launch_component_hash_staged_v5(\"*VALUES*\".column1)"],
        "Shared Hit Blocks": 470,
        "Shared Read Blocks": 0,
        "Shared Dirtied Blocks": 0,
        "Shared Written Blocks": 0,
        "Local Hit Blocks": 198,
        "Local Read Blocks": 110,
        "Local Dirtied Blocks": 0,
        "Local Written Blocks": 0,
        "Temp Read Blocks": 0,
        "Temp Written Blocks": 0,
        "I/O Read Time": 0.000,
        "I/O Write Time": 0.000,
        "Temp I/O Read Time": 0.000,
        "Temp I/O Write Time": 0.000,
        "WAL Records": 1,
        "WAL FPI": 0,
        "WAL Bytes": 57,
        "Plans": [
          {
            "Node Type": "Aggregate",
            "Strategy": "Plain",
            "Partial Mode": "Simple",
            "Parent Relationship": "InitPlan",
            "Subplan Name": "InitPlan 1 (returns $0)",
            "Parallel Aware": false,
            "Async Capable": false,
            "Startup Cost": 19.41,
            "Total Cost": 19.42,
            "Plan Rows": 1,
            "Plan Width": 8,
            "Actual Startup Time": 0.141,
            "Actual Total Time": 0.142,
            "Actual Rows": 1,
            "Actual Loops": 1,
            "Output": ["count(*)"],
            "Shared Hit Blocks": 39,
            "Shared Read Blocks": 0,
            "Shared Dirtied Blocks": 0,
            "Shared Written Blocks": 0,
            "Local Hit Blocks": 0,
            "Local Read Blocks": 0,
            "Local Dirtied Blocks": 0,
            "Local Written Blocks": 0,
            "Temp Read Blocks": 0,
            "Temp Written Blocks": 0,
            "I/O Read Time": 0.000,
            "I/O Write Time": 0.000,
            "Temp I/O Read Time": 0.000,
            "Temp I/O Write Time": 0.000,
            "WAL Records": 0,
            "WAL FPI": 0,
            "WAL Bytes": 0,
            "Plans": [
              {
                "Node Type": "Bitmap Heap Scan",
                "Parent Relationship": "Outer",
                "Parallel Aware": false,
                "Async Capable": false,
                "Relation Name": "research_release_object",
                "Schema": "release",
                "Alias": "research_release_object",
                "Startup Cost": 4.32,
                "Total Cost": 19.40,
                "Plan Rows": 6,
                "Plan Width": 0,
                "Actual Startup Time": 0.038,
                "Actual Total Time": 0.114,
                "Actual Rows": 1000,
                "Actual Loops": 1,
                "Recheck Cond": "(research_release_object.research_release_id = 'a1000000-0000-4000-8000-000000000001'::uuid)",
                "Rows Removed by Index Recheck": 0,
                "Exact Heap Blocks": 24,
                "Lossy Heap Blocks": 0,
                "Shared Hit Blocks": 39,
                "Shared Read Blocks": 0,
                "Shared Dirtied Blocks": 0,
                "Shared Written Blocks": 0,
                "Local Hit Blocks": 0,
                "Local Read Blocks": 0,
                "Local Dirtied Blocks": 0,
                "Local Written Blocks": 0,
                "Temp Read Blocks": 0,
                "Temp Written Blocks": 0,
                "I/O Read Time": 0.000,
                "I/O Write Time": 0.000,
                "Temp I/O Read Time": 0.000,
                "Temp I/O Write Time": 0.000,
                "WAL Records": 0,
                "WAL FPI": 0,
                "WAL Bytes": 0,
                "Plans": [
                  {
                    "Node Type": "Bitmap Index Scan",
                    "Parent Relationship": "Outer",
                    "Parallel Aware": false,
                    "Async Capable": false,
                    "Index Name": "research_release_object_legacy_idx",
                    "Startup Cost": 0.00,
                    "Total Cost": 4.32,
                    "Plan Rows": 6,
                    "Plan Width": 0,
                    "Actual Startup Time": 0.035,
                    "Actual Total Time": 0.035,
                    "Actual Rows": 1000,
                    "Actual Loops": 1,
                    "Index Cond": "(research_release_object.research_release_id = 'a1000000-0000-4000-8000-000000000001'::uuid)",
                    "Shared Hit Blocks": 15,
                    "Shared Read Blocks": 0,
                    "Shared Dirtied Blocks": 0,
                    "Shared Written Blocks": 0,
                    "Local Hit Blocks": 0,
                    "Local Read Blocks": 0,
                    "Local Dirtied Blocks": 0,
                    "Local Written Blocks": 0,
                    "Temp Read Blocks": 0,
                    "Temp Written Blocks": 0,
                    "I/O Read Time": 0.000,
                    "I/O Write Time": 0.000,
                    "Temp I/O Read Time": 0.000,
                    "Temp I/O Write Time": 0.000,
                    "WAL Records": 0,
                    "WAL FPI": 0,
                    "WAL Bytes": 0
                  }
                ]
              }
            ]
          },
          {
            "Node Type": "Aggregate",
            "Strategy": "Plain",
            "Partial Mode": "Simple",
            "Parent Relationship": "InitPlan",
            "Subplan Name": "InitPlan 2 (returns $1)",
            "Parallel Aware": false,
            "Async Capable": false,
            "Startup Cost": 13.94,
            "Total Cost": 13.95,
            "Plan Rows": 1,
            "Plan Width": 8,
            "Actual Startup Time": 0.160,
            "Actual Total Time": 0.160,
            "Actual Rows": 1,
            "Actual Loops": 1,
            "Output": ["count(*)"],
            "Shared Hit Blocks": 57,
            "Shared Read Blocks": 0,
            "Shared Dirtied Blocks": 0,
            "Shared Written Blocks": 0,
            "Local Hit Blocks": 0,
            "Local Read Blocks": 0,
            "Local Dirtied Blocks": 0,
            "Local Written Blocks": 0,
            "Temp Read Blocks": 0,
            "Temp Written Blocks": 0,
            "I/O Read Time": 0.000,
            "I/O Write Time": 0.000,
            "Temp I/O Read Time": 0.000,
            "Temp I/O Write Time": 0.000,
            "WAL Records": 0,
            "WAL FPI": 0,
            "WAL Bytes": 0,
            "Plans": [
              {
                "Node Type": "Bitmap Heap Scan",
                "Parent Relationship": "Outer",
                "Parallel Aware": false,
                "Async Capable": false,
                "Relation Name": "research_surface_presentation_projection_v3",
                "Schema": "release",
                "Alias": "research_surface_presentation_projection_v3",
                "Startup Cost": 4.30,
                "Total Cost": 13.93,
                "Plan Rows": 3,
                "Plan Width": 0,
                "Actual Startup Time": 0.036,
                "Actual Total Time": 0.136,
                "Actual Rows": 1000,
                "Actual Loops": 1,
                "Recheck Cond": "(research_surface_presentation_projection_v3.research_release_id = 'a1000000-0000-4000-8000-000000000001'::uuid)",
                "Rows Removed by Index Recheck": 0,
                "Exact Heap Blocks": 42,
                "Lossy Heap Blocks": 0,
                "Shared Hit Blocks": 57,
                "Shared Read Blocks": 0,
                "Shared Dirtied Blocks": 0,
                "Shared Written Blocks": 0,
                "Local Hit Blocks": 0,
                "Local Read Blocks": 0,
                "Local Dirtied Blocks": 0,
                "Local Written Blocks": 0,
                "Temp Read Blocks": 0,
                "Temp Written Blocks": 0,
                "I/O Read Time": 0.000,
                "I/O Write Time": 0.000,
                "Temp I/O Read Time": 0.000,
                "Temp I/O Write Time": 0.000,
                "WAL Records": 0,
                "WAL FPI": 0,
                "WAL Bytes": 0,
                "Plans": [
                  {
                    "Node Type": "Bitmap Index Scan",
                    "Parent Relationship": "Outer",
                    "Parallel Aware": false,
                    "Async Capable": false,
                    "Index Name": "research_surface_presentation_research_release_id_public_su_key",
                    "Startup Cost": 0.00,
                    "Total Cost": 4.30,
                    "Plan Rows": 3,
                    "Plan Width": 0,
                    "Actual Startup Time": 0.031,
                    "Actual Total Time": 0.032,
                    "Actual Rows": 1000,
                    "Actual Loops": 1,
                    "Index Cond": "(research_surface_presentation_projection_v3.research_release_id = 'a1000000-0000-4000-8000-000000000001'::uuid)",
                    "Shared Hit Blocks": 15,
                    "Shared Read Blocks": 0,
                    "Shared Dirtied Blocks": 0,
                    "Shared Written Blocks": 0,
                    "Local Hit Blocks": 0,
                    "Local Read Blocks": 0,
                    "Local Dirtied Blocks": 0,
                    "Local Written Blocks": 0,
                    "Temp Read Blocks": 0,
                    "Temp Written Blocks": 0,
                    "I/O Read Time": 0.000,
                    "I/O Write Time": 0.000,
                    "Temp I/O Read Time": 0.000,
                    "Temp I/O Write Time": 0.000,
                    "WAL Records": 0,
                    "WAL FPI": 0,
                    "WAL Bytes": 0
                  }
                ]
              }
            ]
          },
          {
            "Node Type": "Aggregate",
            "Strategy": "Plain",
            "Partial Mode": "Simple",
            "Parent Relationship": "InitPlan",
            "Subplan Name": "InitPlan 3 (returns $2)",
            "Parallel Aware": false,
            "Async Capable": false,
            "Startup Cost": 20.85,
            "Total Cost": 20.86,
            "Plan Rows": 1,
            "Plan Width": 8,
            "Actual Startup Time": 0.119,
            "Actual Total Time": 0.119,
            "Actual Rows": 1,
            "Actual Loops": 1,
            "Output": ["count(*)"],
            "Shared Hit Blocks": 32,
            "Shared Read Blocks": 0,
            "Shared Dirtied Blocks": 0,
            "Shared Written Blocks": 0,
            "Local Hit Blocks": 0,
            "Local Read Blocks": 0,
            "Local Dirtied Blocks": 0,
            "Local Written Blocks": 0,
            "Temp Read Blocks": 0,
            "Temp Written Blocks": 0,
            "I/O Read Time": 0.000,
            "I/O Write Time": 0.000,
            "Temp I/O Read Time": 0.000,
            "Temp I/O Write Time": 0.000,
            "WAL Records": 0,
            "WAL FPI": 0,
            "WAL Bytes": 0,
            "Plans": [
              {
                "Node Type": "Bitmap Heap Scan",
                "Parent Relationship": "Outer",
                "Parallel Aware": false,
                "Async Capable": false,
                "Relation Name": "research_surface_citation_projection_v3",
                "Schema": "release",
                "Alias": "research_surface_citation_projection_v3",
                "Startup Cost": 4.33,
                "Total Cost": 20.83,
                "Plan Rows": 7,
                "Plan Width": 0,
                "Actual Startup Time": 0.031,
                "Actual Total Time": 0.095,
                "Actual Rows": 1000,
                "Actual Loops": 1,
                "Recheck Cond": "(research_surface_citation_projection_v3.research_release_id = 'a1000000-0000-4000-8000-000000000001'::uuid)",
                "Rows Removed by Index Recheck": 0,
                "Exact Heap Blocks": 23,
                "Lossy Heap Blocks": 0,
                "Shared Hit Blocks": 32,
                "Shared Read Blocks": 0,
                "Shared Dirtied Blocks": 0,
                "Shared Written Blocks": 0,
                "Local Hit Blocks": 0,
                "Local Read Blocks": 0,
                "Local Dirtied Blocks": 0,
                "Local Written Blocks": 0,
                "Temp Read Blocks": 0,
                "Temp Written Blocks": 0,
                "I/O Read Time": 0.000,
                "I/O Write Time": 0.000,
                "Temp I/O Read Time": 0.000,
                "Temp I/O Write Time": 0.000,
                "WAL Records": 0,
                "WAL FPI": 0,
                "WAL Bytes": 0,
                "Plans": [
                  {
                    "Node Type": "Bitmap Index Scan",
                    "Parent Relationship": "Outer",
                    "Parallel Aware": false,
                    "Async Capable": false,
                    "Index Name": "research_surface_citation_projection_v3_pkey",
                    "Startup Cost": 0.00,
                    "Total Cost": 4.33,
                    "Plan Rows": 7,
                    "Plan Width": 0,
                    "Actual Startup Time": 0.027,
                    "Actual Total Time": 0.027,
                    "Actual Rows": 1000,
                    "Actual Loops": 1,
                    "Index Cond": "(research_surface_citation_projection_v3.research_release_id = 'a1000000-0000-4000-8000-000000000001'::uuid)",
                    "Shared Hit Blocks": 9,
                    "Shared Read Blocks": 0,
                    "Shared Dirtied Blocks": 0,
                    "Shared Written Blocks": 0,
                    "Local Hit Blocks": 0,
                    "Local Read Blocks": 0,
                    "Local Dirtied Blocks": 0,
                    "Local Written Blocks": 0,
                    "Temp Read Blocks": 0,
                    "Temp Written Blocks": 0,
                    "I/O Read Time": 0.000,
                    "I/O Write Time": 0.000,
                    "Temp I/O Read Time": 0.000,
                    "Temp I/O Write Time": 0.000,
                    "WAL Records": 0,
                    "WAL FPI": 0,
                    "WAL Bytes": 0
                  }
                ]
              }
            ]
          },
          {
            "Node Type": "Aggregate",
            "Strategy": "Plain",
            "Partial Mode": "Simple",
            "Parent Relationship": "InitPlan",
            "Subplan Name": "InitPlan 4 (returns $3)",
            "Parallel Aware": false,
            "Async Capable": false,
            "Startup Cost": 12.65,
            "Total Cost": 12.66,
            "Plan Rows": 1,
            "Plan Width": 8,
            "Actual Startup Time": 0.002,
            "Actual Total Time": 0.003,
            "Actual Rows": 1,
            "Actual Loops": 1,
            "Output": ["count(*)"],
            "Shared Hit Blocks": 2,
            "Shared Read Blocks": 0,
            "Shared Dirtied Blocks": 0,
            "Shared Written Blocks": 0,
            "Local Hit Blocks": 0,
            "Local Read Blocks": 0,
            "Local Dirtied Blocks": 0,
            "Local Written Blocks": 0,
            "Temp Read Blocks": 0,
            "Temp Written Blocks": 0,
            "I/O Read Time": 0.000,
            "I/O Write Time": 0.000,
            "Temp I/O Read Time": 0.000,
            "Temp I/O Write Time": 0.000,
            "WAL Records": 0,
            "WAL FPI": 0,
            "WAL Bytes": 0,
            "Plans": [
              {
                "Node Type": "Bitmap Heap Scan",
                "Parent Relationship": "Outer",
                "Parallel Aware": false,
                "Async Capable": false,
                "Relation Name": "research_folder_type_projection_v3",
                "Schema": "release",
                "Alias": "research_folder_type_projection_v3",
                "Startup Cost": 4.18,
                "Total Cost": 12.64,
                "Plan Rows": 4,
                "Plan Width": 0,
                "Actual Startup Time": 0.002,
                "Actual Total Time": 0.002,
                "Actual Rows": 1,
                "Actual Loops": 1,
                "Recheck Cond": "(research_folder_type_projection_v3.research_release_id = 'a1000000-0000-4000-8000-000000000001'::uuid)",
                "Rows Removed by Index Recheck": 0,
                "Exact Heap Blocks": 1,
                "Lossy Heap Blocks": 0,
                "Shared Hit Blocks": 2,
                "Shared Read Blocks": 0,
                "Shared Dirtied Blocks": 0,
                "Shared Written Blocks": 0,
                "Local Hit Blocks": 0,
                "Local Read Blocks": 0,
                "Local Dirtied Blocks": 0,
                "Local Written Blocks": 0,
                "Temp Read Blocks": 0,
                "Temp Written Blocks": 0,
                "I/O Read Time": 0.000,
                "I/O Write Time": 0.000,
                "Temp I/O Read Time": 0.000,
                "Temp I/O Write Time": 0.000,
                "WAL Records": 0,
                "WAL FPI": 0,
                "WAL Bytes": 0,
                "Plans": [
                  {
                    "Node Type": "Bitmap Index Scan",
                    "Parent Relationship": "Outer",
                    "Parallel Aware": false,
                    "Async Capable": false,
                    "Index Name": "research_folder_type_projecti_research_release_id_sort_ordi_key",
                    "Startup Cost": 0.00,
                    "Total Cost": 4.18,
                    "Plan Rows": 4,
                    "Plan Width": 0,
                    "Actual Startup Time": 0.001,
                    "Actual Total Time": 0.002,
                    "Actual Rows": 1,
                    "Actual Loops": 1,
                    "Index Cond": "(research_folder_type_projection_v3.research_release_id = 'a1000000-0000-4000-8000-000000000001'::uuid)",
                    "Shared Hit Blocks": 1,
                    "Shared Read Blocks": 0,
                    "Shared Dirtied Blocks": 0,
                    "Shared Written Blocks": 0,
                    "Local Hit Blocks": 0,
                    "Local Read Blocks": 0,
                    "Local Dirtied Blocks": 0,
                    "Local Written Blocks": 0,
                    "Temp Read Blocks": 0,
                    "Temp Written Blocks": 0,
                    "I/O Read Time": 0.000,
                    "I/O Write Time": 0.000,
                    "Temp I/O Read Time": 0.000,
                    "Temp I/O Write Time": 0.000,
                    "WAL Records": 0,
                    "WAL FPI": 0,
                    "WAL Bytes": 0
                  }
                ]
              }
            ]
          },
          {
            "Node Type": "Aggregate",
            "Strategy": "Plain",
            "Partial Mode": "Simple",
            "Parent Relationship": "InitPlan",
            "Subplan Name": "InitPlan 5 (returns $4)",
            "Parallel Aware": false,
            "Async Capable": false,
            "Startup Cost": 9.51,
            "Total Cost": 9.52,
            "Plan Rows": 1,
            "Plan Width": 8,
            "Actual Startup Time": 0.003,
            "Actual Total Time": 0.003,
            "Actual Rows": 1,
            "Actual Loops": 1,
            "Output": ["count(*)"],
            "Shared Hit Blocks": 2,
            "Shared Read Blocks": 0,
            "Shared Dirtied Blocks": 0,
            "Shared Written Blocks": 0,
            "Local Hit Blocks": 0,
            "Local Read Blocks": 0,
            "Local Dirtied Blocks": 0,
            "Local Written Blocks": 0,
            "Temp Read Blocks": 0,
            "Temp Written Blocks": 0,
            "I/O Read Time": 0.000,
            "I/O Write Time": 0.000,
            "Temp I/O Read Time": 0.000,
            "Temp I/O Write Time": 0.000,
            "WAL Records": 0,
            "WAL FPI": 0,
            "WAL Bytes": 0,
            "Plans": [
              {
                "Node Type": "Bitmap Heap Scan",
                "Parent Relationship": "Outer",
                "Parallel Aware": false,
                "Async Capable": false,
                "Relation Name": "research_folder_projection_v3",
                "Schema": "release",
                "Alias": "research_folder_projection_v3",
                "Startup Cost": 4.16,
                "Total Cost": 9.50,
                "Plan Rows": 2,
                "Plan Width": 0,
                "Actual Startup Time": 0.002,
                "Actual Total Time": 0.003,
                "Actual Rows": 4,
                "Actual Loops": 1,
                "Recheck Cond": "(research_folder_projection_v3.research_release_id = 'a1000000-0000-4000-8000-000000000001'::uuid)",
                "Rows Removed by Index Recheck": 0,
                "Exact Heap Blocks": 1,
                "Lossy Heap Blocks": 0,
                "Shared Hit Blocks": 2,
                "Shared Read Blocks": 0,
                "Shared Dirtied Blocks": 0,
                "Shared Written Blocks": 0,
                "Local Hit Blocks": 0,
                "Local Read Blocks": 0,
                "Local Dirtied Blocks": 0,
                "Local Written Blocks": 0,
                "Temp Read Blocks": 0,
                "Temp Written Blocks": 0,
                "I/O Read Time": 0.000,
                "I/O Write Time": 0.000,
                "Temp I/O Read Time": 0.000,
                "Temp I/O Write Time": 0.000,
                "WAL Records": 0,
                "WAL FPI": 0,
                "WAL Bytes": 0,
                "Plans": [
                  {
                    "Node Type": "Bitmap Index Scan",
                    "Parent Relationship": "Outer",
                    "Parallel Aware": false,
                    "Async Capable": false,
                    "Index Name": "research_folder_projection_v3_type_sort_idx",
                    "Startup Cost": 0.00,
                    "Total Cost": 4.16,
                    "Plan Rows": 2,
                    "Plan Width": 0,
                    "Actual Startup Time": 0.001,
                    "Actual Total Time": 0.001,
                    "Actual Rows": 4,
                    "Actual Loops": 1,
                    "Index Cond": "(research_folder_projection_v3.research_release_id = 'a1000000-0000-4000-8000-000000000001'::uuid)",
                    "Shared Hit Blocks": 1,
                    "Shared Read Blocks": 0,
                    "Shared Dirtied Blocks": 0,
                    "Shared Written Blocks": 0,
                    "Local Hit Blocks": 0,
                    "Local Read Blocks": 0,
                    "Local Dirtied Blocks": 0,
                    "Local Written Blocks": 0,
                    "Temp Read Blocks": 0,
                    "Temp Written Blocks": 0,
                    "I/O Read Time": 0.000,
                    "I/O Write Time": 0.000,
                    "Temp I/O Read Time": 0.000,
                    "Temp I/O Write Time": 0.000,
                    "WAL Records": 0,
                    "WAL FPI": 0,
                    "WAL Bytes": 0
                  }
                ]
              }
            ]
          },
          {
            "Node Type": "Aggregate",
            "Strategy": "Plain",
            "Partial Mode": "Simple",
            "Parent Relationship": "InitPlan",
            "Subplan Name": "InitPlan 6 (returns $5)",
            "Parallel Aware": false,
            "Async Capable": false,
            "Startup Cost": 53.92,
            "Total Cost": 53.93,
            "Plan Rows": 1,
            "Plan Width": 8,
            "Actual Startup Time": 0.386,
            "Actual Total Time": 0.386,
            "Actual Rows": 1,
            "Actual Loops": 1,
            "Output": ["count(*)"],
            "Shared Hit Blocks": 141,
            "Shared Read Blocks": 0,
            "Shared Dirtied Blocks": 0,
            "Shared Written Blocks": 0,
            "Local Hit Blocks": 0,
            "Local Read Blocks": 0,
            "Local Dirtied Blocks": 0,
            "Local Written Blocks": 0,
            "Temp Read Blocks": 0,
            "Temp Written Blocks": 0,
            "I/O Read Time": 0.000,
            "I/O Write Time": 0.000,
            "Temp I/O Read Time": 0.000,
            "Temp I/O Write Time": 0.000,
            "WAL Records": 0,
            "WAL FPI": 0,
            "WAL Bytes": 0,
            "Plans": [
              {
                "Node Type": "Bitmap Heap Scan",
                "Parent Relationship": "Outer",
                "Parallel Aware": false,
                "Async Capable": false,
                "Relation Name": "research_folder_membership_projection_v3",
                "Schema": "release",
                "Alias": "research_folder_membership_projection_v3",
                "Startup Cost": 4.43,
                "Total Cost": 53.87,
                "Plan Rows": 19,
                "Plan Width": 0,
                "Actual Startup Time": 0.102,
                "Actual Total Time": 0.310,
                "Actual Rows": 3107,
                "Actual Loops": 1,
                "Recheck Cond": "(research_folder_membership_projection_v3.research_release_id = 'a1000000-0000-4000-8000-000000000001'::uuid)",
                "Rows Removed by Index Recheck": 0,
                "Exact Heap Blocks": 101,
                "Lossy Heap Blocks": 0,
                "Shared Hit Blocks": 141,
                "Shared Read Blocks": 0,
                "Shared Dirtied Blocks": 0,
                "Shared Written Blocks": 0,
                "Local Hit Blocks": 0,
                "Local Read Blocks": 0,
                "Local Dirtied Blocks": 0,
                "Local Written Blocks": 0,
                "Temp Read Blocks": 0,
                "Temp Written Blocks": 0,
                "I/O Read Time": 0.000,
                "I/O Write Time": 0.000,
                "Temp I/O Read Time": 0.000,
                "Temp I/O Write Time": 0.000,
                "WAL Records": 0,
                "WAL FPI": 0,
                "WAL Bytes": 0,
                "Plans": [
                  {
                    "Node Type": "Bitmap Index Scan",
                    "Parent Relationship": "Outer",
                    "Parallel Aware": false,
                    "Async Capable": false,
                    "Index Name": "research_folder_membership_v3_object_idx",
                    "Startup Cost": 0.00,
                    "Total Cost": 4.42,
                    "Plan Rows": 19,
                    "Plan Width": 0,
                    "Actual Startup Time": 0.095,
                    "Actual Total Time": 0.095,
                    "Actual Rows": 3107,
                    "Actual Loops": 1,
                    "Index Cond": "(research_folder_membership_projection_v3.research_release_id = 'a1000000-0000-4000-8000-000000000001'::uuid)",
                    "Shared Hit Blocks": 40,
                    "Shared Read Blocks": 0,
                    "Shared Dirtied Blocks": 0,
                    "Shared Written Blocks": 0,
                    "Local Hit Blocks": 0,
                    "Local Read Blocks": 0,
                    "Local Dirtied Blocks": 0,
                    "Local Written Blocks": 0,
                    "Temp Read Blocks": 0,
                    "Temp Written Blocks": 0,
                    "I/O Read Time": 0.000,
                    "I/O Write Time": 0.000,
                    "Temp I/O Read Time": 0.000,
                    "Temp I/O Write Time": 0.000,
                    "WAL Records": 0,
                    "WAL FPI": 0,
                    "WAL Bytes": 0
                  }
                ]
              }
            ]
          },
          {
            "Node Type": "Aggregate",
            "Strategy": "Plain",
            "Partial Mode": "Simple",
            "Parent Relationship": "InitPlan",
            "Subplan Name": "InitPlan 7 (returns $6)",
            "Parallel Aware": false,
            "Async Capable": false,
            "Startup Cost": 20.36,
            "Total Cost": 20.37,
            "Plan Rows": 1,
            "Plan Width": 8,
            "Actual Startup Time": 0.152,
            "Actual Total Time": 0.152,
            "Actual Rows": 1,
            "Actual Loops": 1,
            "Output": ["count(*)"],
            "Shared Hit Blocks": 45,
            "Shared Read Blocks": 0,
            "Shared Dirtied Blocks": 0,
            "Shared Written Blocks": 0,
            "Local Hit Blocks": 0,
            "Local Read Blocks": 0,
            "Local Dirtied Blocks": 0,
            "Local Written Blocks": 0,
            "Temp Read Blocks": 0,
            "Temp Written Blocks": 0,
            "I/O Read Time": 0.000,
            "I/O Write Time": 0.000,
            "Temp I/O Read Time": 0.000,
            "Temp I/O Write Time": 0.000,
            "WAL Records": 0,
            "WAL FPI": 0,
            "WAL Bytes": 0,
            "Plans": [
              {
                "Node Type": "Bitmap Heap Scan",
                "Parent Relationship": "Outer",
                "Parallel Aware": false,
                "Async Capable": false,
                "Relation Name": "research_search_document_projection_v3",
                "Schema": "release",
                "Alias": "research_search_document_projection_v3",
                "Startup Cost": 4.32,
                "Total Cost": 20.35,
                "Plan Rows": 6,
                "Plan Width": 0,
                "Actual Startup Time": 0.037,
                "Actual Total Time": 0.126,
                "Actual Rows": 1000,
                "Actual Loops": 1,
                "Recheck Cond": "(research_search_document_projection_v3.research_release_id = 'a1000000-0000-4000-8000-000000000001'::uuid)",
                "Rows Removed by Index Recheck": 0,
                "Exact Heap Blocks": 30,
                "Lossy Heap Blocks": 0,
                "Shared Hit Blocks": 45,
                "Shared Read Blocks": 0,
                "Shared Dirtied Blocks": 0,
                "Shared Written Blocks": 0,
                "Local Hit Blocks": 0,
                "Local Read Blocks": 0,
                "Local Dirtied Blocks": 0,
                "Local Written Blocks": 0,
                "Temp Read Blocks": 0,
                "Temp Written Blocks": 0,
                "I/O Read Time": 0.000,
                "I/O Write Time": 0.000,
                "Temp I/O Read Time": 0.000,
                "Temp I/O Write Time": 0.000,
                "WAL Records": 0,
                "WAL FPI": 0,
                "WAL Bytes": 0,
                "Plans": [
                  {
                    "Node Type": "Bitmap Index Scan",
                    "Parent Relationship": "Outer",
                    "Parallel Aware": false,
                    "Async Capable": false,
                    "Index Name": "research_search_document_proj_research_release_id_public_su_key",
                    "Startup Cost": 0.00,
                    "Total Cost": 4.32,
                    "Plan Rows": 6,
                    "Plan Width": 0,
                    "Actual Startup Time": 0.033,
                    "Actual Total Time": 0.033,
                    "Actual Rows": 1000,
                    "Actual Loops": 1,
                    "Index Cond": "(research_search_document_projection_v3.research_release_id = 'a1000000-0000-4000-8000-000000000001'::uuid)",
                    "Shared Hit Blocks": 15,
                    "Shared Read Blocks": 0,
                    "Shared Dirtied Blocks": 0,
                    "Shared Written Blocks": 0,
                    "Local Hit Blocks": 0,
                    "Local Read Blocks": 0,
                    "Local Dirtied Blocks": 0,
                    "Local Written Blocks": 0,
                    "Temp Read Blocks": 0,
                    "Temp Written Blocks": 0,
                    "I/O Read Time": 0.000,
                    "I/O Write Time": 0.000,
                    "Temp I/O Read Time": 0.000,
                    "Temp I/O Write Time": 0.000,
                    "WAL Records": 0,
                    "WAL FPI": 0,
                    "WAL Bytes": 0
                  }
                ]
              }
            ]
          },
          {
            "Node Type": "Aggregate",
            "Strategy": "Plain",
            "Partial Mode": "Simple",
            "Parent Relationship": "InitPlan",
            "Subplan Name": "InitPlan 8 (returns $7)",
            "Parallel Aware": false,
            "Async Capable": false,
            "Startup Cost": 9.51,
            "Total Cost": 9.52,
            "Plan Rows": 1,
            "Plan Width": 8,
            "Actual Startup Time": 0.003,
            "Actual Total Time": 0.003,
            "Actual Rows": 1,
            "Actual Loops": 1,
            "Output": ["count(*)"],
            "Shared Hit Blocks": 2,
            "Shared Read Blocks": 0,
            "Shared Dirtied Blocks": 0,
            "Shared Written Blocks": 0,
            "Local Hit Blocks": 0,
            "Local Read Blocks": 0,
            "Local Dirtied Blocks": 0,
            "Local Written Blocks": 0,
            "Temp Read Blocks": 0,
            "Temp Written Blocks": 0,
            "I/O Read Time": 0.000,
            "I/O Write Time": 0.000,
            "Temp I/O Read Time": 0.000,
            "Temp I/O Write Time": 0.000,
            "WAL Records": 0,
            "WAL FPI": 0,
            "WAL Bytes": 0,
            "Plans": [
              {
                "Node Type": "Bitmap Heap Scan",
                "Parent Relationship": "Outer",
                "Parallel Aware": false,
                "Async Capable": false,
                "Relation Name": "research_corpus_summary_projection_v3",
                "Schema": "release",
                "Alias": "research_corpus_summary_projection_v3",
                "Startup Cost": 4.16,
                "Total Cost": 9.50,
                "Plan Rows": 2,
                "Plan Width": 0,
                "Actual Startup Time": 0.002,
                "Actual Total Time": 0.002,
                "Actual Rows": 1,
                "Actual Loops": 1,
                "Recheck Cond": "(research_corpus_summary_projection_v3.research_release_id = 'a1000000-0000-4000-8000-000000000001'::uuid)",
                "Rows Removed by Index Recheck": 0,
                "Exact Heap Blocks": 1,
                "Lossy Heap Blocks": 0,
                "Shared Hit Blocks": 2,
                "Shared Read Blocks": 0,
                "Shared Dirtied Blocks": 0,
                "Shared Written Blocks": 0,
                "Local Hit Blocks": 0,
                "Local Read Blocks": 0,
                "Local Dirtied Blocks": 0,
                "Local Written Blocks": 0,
                "Temp Read Blocks": 0,
                "Temp Written Blocks": 0,
                "I/O Read Time": 0.000,
                "I/O Write Time": 0.000,
                "Temp I/O Read Time": 0.000,
                "Temp I/O Write Time": 0.000,
                "WAL Records": 0,
                "WAL FPI": 0,
                "WAL Bytes": 0,
                "Plans": [
                  {
                    "Node Type": "Bitmap Index Scan",
                    "Parent Relationship": "Outer",
                    "Parallel Aware": false,
                    "Async Capable": false,
                    "Index Name": "research_corpus_summary_projection_v3_pkey",
                    "Startup Cost": 0.00,
                    "Total Cost": 4.16,
                    "Plan Rows": 2,
                    "Plan Width": 0,
                    "Actual Startup Time": 0.001,
                    "Actual Total Time": 0.001,
                    "Actual Rows": 1,
                    "Actual Loops": 1,
                    "Index Cond": "(research_corpus_summary_projection_v3.research_release_id = 'a1000000-0000-4000-8000-000000000001'::uuid)",
                    "Shared Hit Blocks": 1,
                    "Shared Read Blocks": 0,
                    "Shared Dirtied Blocks": 0,
                    "Shared Written Blocks": 0,
                    "Local Hit Blocks": 0,
                    "Local Read Blocks": 0,
                    "Local Dirtied Blocks": 0,
                    "Local Written Blocks": 0,
                    "Temp Read Blocks": 0,
                    "Temp Written Blocks": 0,
                    "I/O Read Time": 0.000,
                    "I/O Write Time": 0.000,
                    "Temp I/O Read Time": 0.000,
                    "Temp I/O Write Time": 0.000,
                    "WAL Records": 0,
                    "WAL FPI": 0,
                    "WAL Bytes": 0
                  }
                ]
              }
            ]
          },
          {
            "Node Type": "Aggregate",
            "Strategy": "Plain",
            "Partial Mode": "Simple",
            "Parent Relationship": "InitPlan",
            "Subplan Name": "InitPlan 9 (returns $8)",
            "Parallel Aware": false,
            "Async Capable": false,
            "Startup Cost": 8.17,
            "Total Cost": 8.18,
            "Plan Rows": 1,
            "Plan Width": 8,
            "Actual Startup Time": 0.014,
            "Actual Total Time": 0.014,
            "Actual Rows": 1,
            "Actual Loops": 1,
            "Output": ["count(*)"],
            "Shared Hit Blocks": 2,
            "Shared Read Blocks": 0,
            "Shared Dirtied Blocks": 0,
            "Shared Written Blocks": 0,
            "Local Hit Blocks": 0,
            "Local Read Blocks": 0,
            "Local Dirtied Blocks": 0,
            "Local Written Blocks": 0,
            "Temp Read Blocks": 0,
            "Temp Written Blocks": 0,
            "I/O Read Time": 0.000,
            "I/O Write Time": 0.000,
            "Temp I/O Read Time": 0.000,
            "Temp I/O Write Time": 0.000,
            "WAL Records": 0,
            "WAL FPI": 0,
            "WAL Bytes": 0,
            "Plans": [
              {
                "Node Type": "Index Only Scan",
                "Parent Relationship": "Outer",
                "Parallel Aware": false,
                "Async Capable": false,
                "Scan Direction": "Forward",
                "Index Name": "research_trace_availability_projection_v3_pkey",
                "Relation Name": "research_trace_availability_projection_v3",
                "Schema": "release",
                "Alias": "research_trace_availability_projection_v3",
                "Startup Cost": 0.15,
                "Total Cost": 8.17,
                "Plan Rows": 1,
                "Plan Width": 0,
                "Actual Startup Time": 0.012,
                "Actual Total Time": 0.013,
                "Actual Rows": 1,
                "Actual Loops": 1,
                "Output": ["research_trace_availability_projection_v3.research_release_id"],
                "Index Cond": "(research_trace_availability_projection_v3.research_release_id = 'a1000000-0000-4000-8000-000000000001'::uuid)",
                "Rows Removed by Index Recheck": 0,
                "Heap Fetches": 1,
                "Shared Hit Blocks": 2,
                "Shared Read Blocks": 0,
                "Shared Dirtied Blocks": 0,
                "Shared Written Blocks": 0,
                "Local Hit Blocks": 0,
                "Local Read Blocks": 0,
                "Local Dirtied Blocks": 0,
                "Local Written Blocks": 0,
                "Temp Read Blocks": 0,
                "Temp Written Blocks": 0,
                "I/O Read Time": 0.000,
                "I/O Write Time": 0.000,
                "Temp I/O Read Time": 0.000,
                "Temp I/O Write Time": 0.000,
                "WAL Records": 0,
                "WAL FPI": 0,
                "WAL Bytes": 0
              }
            ]
          }
        ]
      }
    ]
  }
}
psql:/private/tmp/graphic_design_archive_v49_repository_hygiene/database/tests/009_release_projection_snapshot_performance_scale.sql:34: LOG:  duration: 2.735 ms  plan:
{
  "Query Text": "(SELECT count(*) FROM gda_v5_expected_objects)<>(SELECT count(*) FROM release.research_release_object WHERE research_release_id=p_release_id)\n    OR EXISTS (SELECT 1 FROM gda_v5_expected_objects e LEFT JOIN release.research_release_object r ON r.research_release_id=p_release_id AND r.archive_object_id=e.archive_object_id WHERE r.archive_object_id IS NULL)\n    OR (SELECT count(*) FROM gda_v5_expected_memberships)<>(SELECT count(*) FROM release.research_folder_membership_projection_v3 WHERE research_release_id=p_release_id)\n    OR EXISTS (SELECT 1 FROM gda_v5_expected_memberships e LEFT JOIN release.research_folder_membership_projection_v3 r ON r.research_release_id=p_release_id AND r.folder_id=e.folder_id AND r.archive_object_id=e.archive_object_id\n      AND r.membership_role=e.membership_role AND r.member_ordinal=e.member_ordinal\n      WHERE r.archive_object_id IS NULL)",
  "Plan": {
    "Node Type": "Result",
    "Parallel Aware": false,
    "Async Capable": false,
    "Startup Cost": 286.25,
    "Total Cost": 286.27,
    "Plan Rows": 1,
    "Plan Width": 1,
    "Actual Startup Time": 2.734,
    "Actual Total Time": 2.735,
    "Actual Rows": 1,
    "Actual Loops": 1,
    "Output": ["(($0 <> $1) OR $3 OR ($4 <> $5) OR $6)"],
    "Shared Hit Blocks": 3315,
    "Shared Read Blocks": 0,
    "Shared Dirtied Blocks": 0,
    "Shared Written Blocks": 0,
    "Local Hit Blocks": 284,
    "Local Read Blocks": 20,
    "Local Dirtied Blocks": 0,
    "Local Written Blocks": 0,
    "Temp Read Blocks": 0,
    "Temp Written Blocks": 0,
    "I/O Read Time": 0.000,
    "I/O Write Time": 0.000,
    "Temp I/O Read Time": 0.000,
    "Temp I/O Write Time": 0.000,
    "WAL Records": 0,
    "WAL FPI": 0,
    "WAL Bytes": 0,
    "Plans": [
      {
        "Node Type": "Aggregate",
        "Strategy": "Plain",
        "Partial Mode": "Simple",
        "Parent Relationship": "InitPlan",
        "Subplan Name": "InitPlan 1 (returns $0)",
        "Parallel Aware": false,
        "Async Capable": false,
        "Startup Cost": 44.50,
        "Total Cost": 44.51,
        "Plan Rows": 1,
        "Plan Width": 8,
        "Actual Startup Time": 0.070,
        "Actual Total Time": 0.070,
        "Actual Rows": 1,
        "Actual Loops": 1,
        "Output": ["count(*)"],
        "Shared Hit Blocks": 0,
        "Shared Read Blocks": 0,
        "Shared Dirtied Blocks": 0,
        "Shared Written Blocks": 0,
        "Local Hit Blocks": 32,
        "Local Read Blocks": 0,
        "Local Dirtied Blocks": 0,
        "Local Written Blocks": 0,
        "Temp Read Blocks": 0,
        "Temp Written Blocks": 0,
        "I/O Read Time": 0.000,
        "I/O Write Time": 0.000,
        "Temp I/O Read Time": 0.000,
        "Temp I/O Write Time": 0.000,
        "WAL Records": 0,
        "WAL FPI": 0,
        "WAL Bytes": 0,
        "Plans": [
          {
            "Node Type": "Seq Scan",
            "Parent Relationship": "Outer",
            "Parallel Aware": false,
            "Async Capable": false,
            "Relation Name": "gda_v5_expected_objects",
            "Schema": "pg_temp",
            "Alias": "gda_v5_expected_objects",
            "Startup Cost": 0.00,
            "Total Cost": 42.00,
            "Plan Rows": 1000,
            "Plan Width": 0,
            "Actual Startup Time": 0.003,
            "Actual Total Time": 0.044,
            "Actual Rows": 1000,
            "Actual Loops": 1,
            "Output": ["gda_v5_expected_objects.archive_object_id", "gda_v5_expected_objects.surface_id", "gda_v5_expected_objects.object_urn", "gda_v5_expected_objects.preferred_label"],
            "Shared Hit Blocks": 0,
            "Shared Read Blocks": 0,
            "Shared Dirtied Blocks": 0,
            "Shared Written Blocks": 0,
            "Local Hit Blocks": 32,
            "Local Read Blocks": 0,
            "Local Dirtied Blocks": 0,
            "Local Written Blocks": 0,
            "Temp Read Blocks": 0,
            "Temp Written Blocks": 0,
            "I/O Read Time": 0.000,
            "I/O Write Time": 0.000,
            "Temp I/O Read Time": 0.000,
            "Temp I/O Write Time": 0.000,
            "WAL Records": 0,
            "WAL FPI": 0,
            "WAL Bytes": 0
          }
        ]
      },
      {
        "Node Type": "Aggregate",
        "Strategy": "Plain",
        "Partial Mode": "Simple",
        "Parent Relationship": "InitPlan",
        "Subplan Name": "InitPlan 2 (returns $1)",
        "Parallel Aware": false,
        "Async Capable": false,
        "Startup Cost": 19.41,
        "Total Cost": 19.42,
        "Plan Rows": 1,
        "Plan Width": 8,
        "Actual Startup Time": 0.132,
        "Actual Total Time": 0.132,
        "Actual Rows": 1,
        "Actual Loops": 1,
        "Output": ["count(*)"],
        "Shared Hit Blocks": 39,
        "Shared Read Blocks": 0,
        "Shared Dirtied Blocks": 0,
        "Shared Written Blocks": 0,
        "Local Hit Blocks": 0,
        "Local Read Blocks": 0,
        "Local Dirtied Blocks": 0,
        "Local Written Blocks": 0,
        "Temp Read Blocks": 0,
        "Temp Written Blocks": 0,
        "I/O Read Time": 0.000,
        "I/O Write Time": 0.000,
        "Temp I/O Read Time": 0.000,
        "Temp I/O Write Time": 0.000,
        "WAL Records": 0,
        "WAL FPI": 0,
        "WAL Bytes": 0,
        "Plans": [
          {
            "Node Type": "Bitmap Heap Scan",
            "Parent Relationship": "Outer",
            "Parallel Aware": false,
            "Async Capable": false,
            "Relation Name": "research_release_object",
            "Schema": "release",
            "Alias": "research_release_object",
            "Startup Cost": 4.32,
            "Total Cost": 19.40,
            "Plan Rows": 6,
            "Plan Width": 0,
            "Actual Startup Time": 0.035,
            "Actual Total Time": 0.106,
            "Actual Rows": 1000,
            "Actual Loops": 1,
            "Recheck Cond": "(research_release_object.research_release_id = 'a1000000-0000-4000-8000-000000000001'::uuid)",
            "Rows Removed by Index Recheck": 0,
            "Exact Heap Blocks": 24,
            "Lossy Heap Blocks": 0,
            "Shared Hit Blocks": 39,
            "Shared Read Blocks": 0,
            "Shared Dirtied Blocks": 0,
            "Shared Written Blocks": 0,
            "Local Hit Blocks": 0,
            "Local Read Blocks": 0,
            "Local Dirtied Blocks": 0,
            "Local Written Blocks": 0,
            "Temp Read Blocks": 0,
            "Temp Written Blocks": 0,
            "I/O Read Time": 0.000,
            "I/O Write Time": 0.000,
            "Temp I/O Read Time": 0.000,
            "Temp I/O Write Time": 0.000,
            "WAL Records": 0,
            "WAL FPI": 0,
            "WAL Bytes": 0,
            "Plans": [
              {
                "Node Type": "Bitmap Index Scan",
                "Parent Relationship": "Outer",
                "Parallel Aware": false,
                "Async Capable": false,
                "Index Name": "research_release_object_legacy_idx",
                "Startup Cost": 0.00,
                "Total Cost": 4.32,
                "Plan Rows": 6,
                "Plan Width": 0,
                "Actual Startup Time": 0.032,
                "Actual Total Time": 0.032,
                "Actual Rows": 1000,
                "Actual Loops": 1,
                "Index Cond": "(research_release_object.research_release_id = 'a1000000-0000-4000-8000-000000000001'::uuid)",
                "Shared Hit Blocks": 15,
                "Shared Read Blocks": 0,
                "Shared Dirtied Blocks": 0,
                "Shared Written Blocks": 0,
                "Local Hit Blocks": 0,
                "Local Read Blocks": 0,
                "Local Dirtied Blocks": 0,
                "Local Written Blocks": 0,
                "Temp Read Blocks": 0,
                "Temp Written Blocks": 0,
                "I/O Read Time": 0.000,
                "I/O Write Time": 0.000,
                "Temp I/O Read Time": 0.000,
                "Temp I/O Write Time": 0.000,
                "WAL Records": 0,
                "WAL FPI": 0,
                "WAL Bytes": 0
              }
            ]
          }
        ]
      },
      {
        "Node Type": "Nested Loop",
        "Parent Relationship": "InitPlan",
        "Subplan Name": "InitPlan 3 (returns $3)",
        "Parallel Aware": false,
        "Async Capable": false,
        "Join Type": "Anti",
        "Startup Cost": 0.28,
        "Total Cost": 467.56,
        "Plan Rows": 994,
        "Plan Width": 0,
        "Actual Startup Time": 0.662,
        "Actual Total Time": 0.662,
        "Actual Rows": 0,
        "Actual Loops": 1,
        "Inner Unique": false,
        "Shared Hit Blocks": 3000,
        "Shared Read Blocks": 0,
        "Shared Dirtied Blocks": 0,
        "Shared Written Blocks": 0,
        "Local Hit Blocks": 32,
        "Local Read Blocks": 0,
        "Local Dirtied Blocks": 0,
        "Local Written Blocks": 0,
        "Temp Read Blocks": 0,
        "Temp Written Blocks": 0,
        "I/O Read Time": 0.000,
        "I/O Write Time": 0.000,
        "Temp I/O Read Time": 0.000,
        "Temp I/O Write Time": 0.000,
        "WAL Records": 0,
        "WAL FPI": 0,
        "WAL Bytes": 0,
        "Plans": [
          {
            "Node Type": "Seq Scan",
            "Parent Relationship": "Outer",
            "Parallel Aware": false,
            "Async Capable": false,
            "Relation Name": "gda_v5_expected_objects",
            "Schema": "pg_temp",
            "Alias": "e",
            "Startup Cost": 0.00,
            "Total Cost": 42.00,
            "Plan Rows": 1000,
            "Plan Width": 16,
            "Actual Startup Time": 0.001,
            "Actual Total Time": 0.036,
            "Actual Rows": 1000,
            "Actual Loops": 1,
            "Output": ["e.archive_object_id", "e.surface_id", "e.object_urn", "e.preferred_label"],
            "Shared Hit Blocks": 0,
            "Shared Read Blocks": 0,
            "Shared Dirtied Blocks": 0,
            "Shared Written Blocks": 0,
            "Local Hit Blocks": 32,
            "Local Read Blocks": 0,
            "Local Dirtied Blocks": 0,
            "Local Written Blocks": 0,
            "Temp Read Blocks": 0,
            "Temp Written Blocks": 0,
            "I/O Read Time": 0.000,
            "I/O Write Time": 0.000,
            "Temp I/O Read Time": 0.000,
            "Temp I/O Write Time": 0.000,
            "WAL Records": 0,
            "WAL FPI": 0,
            "WAL Bytes": 0
          },
          {
            "Node Type": "Index Only Scan",
            "Parent Relationship": "Inner",
            "Parallel Aware": false,
            "Async Capable": false,
            "Scan Direction": "Forward",
            "Index Name": "research_release_object_pkey",
            "Relation Name": "research_release_object",
            "Schema": "release",
            "Alias": "r",
            "Startup Cost": 0.28,
            "Total Cost": 0.43,
            "Plan Rows": 1,
            "Plan Width": 16,
            "Actual Startup Time": 0.001,
            "Actual Total Time": 0.001,
            "Actual Rows": 1,
            "Actual Loops": 1000,
            "Output": ["r.research_release_id", "r.archive_object_id"],
            "Index Cond": "((r.research_release_id = 'a1000000-0000-4000-8000-000000000001'::uuid) AND (r.archive_object_id = e.archive_object_id))",
            "Rows Removed by Index Recheck": 0,
            "Heap Fetches": 1000,
            "Shared Hit Blocks": 3000,
            "Shared Read Blocks": 0,
            "Shared Dirtied Blocks": 0,
            "Shared Written Blocks": 0,
            "Local Hit Blocks": 0,
            "Local Read Blocks": 0,
            "Local Dirtied Blocks": 0,
            "Local Written Blocks": 0,
            "Temp Read Blocks": 0,
            "Temp Written Blocks": 0,
            "I/O Read Time": 0.000,
            "I/O Write Time": 0.000,
            "Temp I/O Read Time": 0.000,
            "Temp I/O Write Time": 0.000,
            "WAL Records": 0,
            "WAL FPI": 0,
            "WAL Bytes": 0
          }
        ]
      },
      {
        "Node Type": "Aggregate",
        "Strategy": "Plain",
        "Partial Mode": "Simple",
        "Parent Relationship": "InitPlan",
        "Subplan Name": "InitPlan 4 (returns $4)",
        "Parallel Aware": false,
        "Async Capable": false,
        "Startup Cost": 166.84,
        "Total Cost": 166.85,
        "Plan Rows": 1,
        "Plan Width": 8,
        "Actual Startup Time": 0.261,
        "Actual Total Time": 0.261,
        "Actual Rows": 1,
        "Actual Loops": 1,
        "Output": ["count(*)"],
        "Shared Hit Blocks": 0,
        "Shared Read Blocks": 0,
        "Shared Dirtied Blocks": 0,
        "Shared Written Blocks": 0,
        "Local Hit Blocks": 128,
        "Local Read Blocks": 0,
        "Local Dirtied Blocks": 0,
        "Local Written Blocks": 0,
        "Temp Read Blocks": 0,
        "Temp Written Blocks": 0,
        "I/O Read Time": 0.000,
        "I/O Write Time": 0.000,
        "Temp I/O Read Time": 0.000,
        "Temp I/O Write Time": 0.000,
        "WAL Records": 0,
        "WAL FPI": 0,
        "WAL Bytes": 0,
        "Plans": [
          {
            "Node Type": "Seq Scan",
            "Parent Relationship": "Outer",
            "Parallel Aware": false,
            "Async Capable": false,
            "Relation Name": "gda_v5_expected_memberships",
            "Schema": "pg_temp",
            "Alias": "gda_v5_expected_memberships",
            "Startup Cost": 0.00,
            "Total Cost": 159.07,
            "Plan Rows": 3107,
            "Plan Width": 0,
            "Actual Startup Time": 0.002,
            "Actual Total Time": 0.185,
            "Actual Rows": 3107,
            "Actual Loops": 1,
            "Output": ["gda_v5_expected_memberships.folder_id", "gda_v5_expected_memberships.archive_object_id", "gda_v5_expected_memberships.source_assignment_id", "gda_v5_expected_memberships.membership_role", "gda_v5_expected_memberships.member_ordinal", "gda_v5_expected_memberships.effective_decision_id", "gda_v5_expected_memberships.assignment_snapshot_sha256", "gda_v5_expected_memberships.decision_snapshot_sha256"],
            "Shared Hit Blocks": 0,
            "Shared Read Blocks": 0,
            "Shared Dirtied Blocks": 0,
            "Shared Written Blocks": 0,
            "Local Hit Blocks": 128,
            "Local Read Blocks": 0,
            "Local Dirtied Blocks": 0,
            "Local Written Blocks": 0,
            "Temp Read Blocks": 0,
            "Temp Written Blocks": 0,
            "I/O Read Time": 0.000,
            "I/O Write Time": 0.000,
            "Temp I/O Read Time": 0.000,
            "Temp I/O Write Time": 0.000,
            "WAL Records": 0,
            "WAL FPI": 0,
            "WAL Bytes": 0
          }
        ]
      },
      {
        "Node Type": "Aggregate",
        "Strategy": "Plain",
        "Partial Mode": "Simple",
        "Parent Relationship": "InitPlan",
        "Subplan Name": "InitPlan 5 (returns $5)",
        "Parallel Aware": false,
        "Async Capable": false,
        "Startup Cost": 53.92,
        "Total Cost": 53.93,
        "Plan Rows": 1,
        "Plan Width": 8,
        "Actual Startup Time": 0.355,
        "Actual Total Time": 0.355,
        "Actual Rows": 1,
        "Actual Loops": 1,
        "Output": ["count(*)"],
        "Shared Hit Blocks": 141,
        "Shared Read Blocks": 0,
        "Shared Dirtied Blocks": 0,
        "Shared Written Blocks": 0,
        "Local Hit Blocks": 0,
        "Local Read Blocks": 0,
        "Local Dirtied Blocks": 0,
        "Local Written Blocks": 0,
        "Temp Read Blocks": 0,
        "Temp Written Blocks": 0,
        "I/O Read Time": 0.000,
        "I/O Write Time": 0.000,
        "Temp I/O Read Time": 0.000,
        "Temp I/O Write Time": 0.000,
        "WAL Records": 0,
        "WAL FPI": 0,
        "WAL Bytes": 0,
        "Plans": [
          {
            "Node Type": "Bitmap Heap Scan",
            "Parent Relationship": "Outer",
            "Parallel Aware": false,
            "Async Capable": false,
            "Relation Name": "research_folder_membership_projection_v3",
            "Schema": "release",
            "Alias": "research_folder_membership_projection_v3",
            "Startup Cost": 4.43,
            "Total Cost": 53.87,
            "Plan Rows": 19,
            "Plan Width": 0,
            "Actual Startup Time": 0.092,
            "Actual Total Time": 0.279,
            "Actual Rows": 3107,
            "Actual Loops": 1,
            "Recheck Cond": "(research_folder_membership_projection_v3.research_release_id = 'a1000000-0000-4000-8000-000000000001'::uuid)",
            "Rows Removed by Index Recheck": 0,
            "Exact Heap Blocks": 101,
            "Lossy Heap Blocks": 0,
            "Shared Hit Blocks": 141,
            "Shared Read Blocks": 0,
            "Shared Dirtied Blocks": 0,
            "Shared Written Blocks": 0,
            "Local Hit Blocks": 0,
            "Local Read Blocks": 0,
            "Local Dirtied Blocks": 0,
            "Local Written Blocks": 0,
            "Temp Read Blocks": 0,
            "Temp Written Blocks": 0,
            "I/O Read Time": 0.000,
            "I/O Write Time": 0.000,
            "Temp I/O Read Time": 0.000,
            "Temp I/O Write Time": 0.000,
            "WAL Records": 0,
            "WAL FPI": 0,
            "WAL Bytes": 0,
            "Plans": [
              {
                "Node Type": "Bitmap Index Scan",
                "Parent Relationship": "Outer",
                "Parallel Aware": false,
                "Async Capable": false,
                "Index Name": "research_folder_membership_v3_object_idx",
                "Startup Cost": 0.00,
                "Total Cost": 4.42,
                "Plan Rows": 19,
                "Plan Width": 0,
                "Actual Startup Time": 0.085,
                "Actual Total Time": 0.085,
                "Actual Rows": 3107,
                "Actual Loops": 1,
                "Index Cond": "(research_folder_membership_projection_v3.research_release_id = 'a1000000-0000-4000-8000-000000000001'::uuid)",
                "Shared Hit Blocks": 40,
                "Shared Read Blocks": 0,
                "Shared Dirtied Blocks": 0,
                "Shared Written Blocks": 0,
                "Local Hit Blocks": 0,
                "Local Read Blocks": 0,
                "Local Dirtied Blocks": 0,
                "Local Written Blocks": 0,
                "Temp Read Blocks": 0,
                "Temp Written Blocks": 0,
                "I/O Read Time": 0.000,
                "I/O Write Time": 0.000,
                "Temp I/O Read Time": 0.000,
                "Temp I/O Write Time": 0.000,
                "WAL Records": 0,
                "WAL FPI": 0,
                "WAL Bytes": 0
              }
            ]
          }
        ]
      },
      {
        "Node Type": "Merge Join",
        "Parent Relationship": "InitPlan",
        "Subplan Name": "InitPlan 6 (returns $6)",
        "Parallel Aware": false,
        "Async Capable": false,
        "Join Type": "Anti",
        "Startup Cost": 0.56,
        "Total Cost": 742.96,
        "Plan Rows": 3107,
        "Plan Width": 0,
        "Actual Startup Time": 1.254,
        "Actual Total Time": 1.254,
        "Actual Rows": 0,
        "Actual Loops": 1,
        "Inner Unique": false,
        "Merge Cond": "((e_1.folder_id = r_1.folder_id) AND (e_1.membership_role = r_1.membership_role) AND (e_1.member_ordinal = r_1.member_ordinal))",
        "Join Filter": "(r_1.archive_object_id = e_1.archive_object_id)",
        "Rows Removed by Join Filter": 0,
        "Shared Hit Blocks": 135,
        "Shared Read Blocks": 0,
        "Shared Dirtied Blocks": 0,
        "Shared Written Blocks": 0,
        "Local Hit Blocks": 92,
        "Local Read Blocks": 20,
        "Local Dirtied Blocks": 0,
        "Local Written Blocks": 0,
        "Temp Read Blocks": 0,
        "Temp Written Blocks": 0,
        "I/O Read Time": 0.000,
        "I/O Write Time": 0.000,
        "Temp I/O Read Time": 0.000,
        "Temp I/O Write Time": 0.000,
        "WAL Records": 0,
        "WAL FPI": 0,
        "WAL Bytes": 0,
        "Plans": [
          {
            "Node Type": "Index Scan",
            "Parent Relationship": "Outer",
            "Parallel Aware": false,
            "Async Capable": false,
            "Scan Direction": "Forward",
            "Index Name": "gda_v5_expected_memberships_folder_id_membership_role_membe_idx",
            "Relation Name": "gda_v5_expected_memberships",
            "Schema": "pg_temp",
            "Alias": "e_1",
            "Startup Cost": 0.28,
            "Total Cost": 642.88,
            "Plan Rows": 3107,
            "Plan Width": 68,
            "Actual Startup Time": 0.006,
            "Actual Total Time": 0.200,
            "Actual Rows": 3107,
            "Actual Loops": 1,
            "Output": ["e_1.folder_id", "e_1.archive_object_id", "e_1.source_assignment_id", "e_1.membership_role", "e_1.member_ordinal", "e_1.effective_decision_id", "e_1.assignment_snapshot_sha256", "e_1.decision_snapshot_sha256"],
            "Shared Hit Blocks": 0,
            "Shared Read Blocks": 0,
            "Shared Dirtied Blocks": 0,
            "Shared Written Blocks": 0,
            "Local Hit Blocks": 92,
            "Local Read Blocks": 20,
            "Local Dirtied Blocks": 0,
            "Local Written Blocks": 0,
            "Temp Read Blocks": 0,
            "Temp Written Blocks": 0,
            "I/O Read Time": 0.000,
            "I/O Write Time": 0.000,
            "Temp I/O Read Time": 0.000,
            "Temp I/O Write Time": 0.000,
            "WAL Records": 0,
            "WAL FPI": 0,
            "WAL Bytes": 0
          },
          {
            "Node Type": "Index Only Scan",
            "Parent Relationship": "Inner",
            "Parallel Aware": false,
            "Async Capable": false,
            "Scan Direction": "Forward",
            "Index Name": "research_folder_membership_v3_folder_idx",
            "Relation Name": "research_folder_membership_projection_v3",
            "Schema": "release",
            "Alias": "r_1",
            "Startup Cost": 0.28,
            "Total Cost": 76.61,
            "Plan Rows": 19,
            "Plan Width": 68,
            "Actual Startup Time": 0.015,
            "Actual Total Time": 0.403,
            "Actual Rows": 3107,
            "Actual Loops": 1,
            "Output": ["r_1.research_release_id", "r_1.folder_id", "r_1.membership_role", "r_1.member_ordinal", "r_1.archive_object_id"],
            "Index Cond": "(r_1.research_release_id = 'a1000000-0000-4000-8000-000000000001'::uuid)",
            "Rows Removed by Index Recheck": 0,
            "Heap Fetches": 3107,
            "Shared Hit Blocks": 135,
            "Shared Read Blocks": 0,
            "Shared Dirtied Blocks": 0,
            "Shared Written Blocks": 0,
            "Local Hit Blocks": 0,
            "Local Read Blocks": 0,
            "Local Dirtied Blocks": 0,
            "Local Written Blocks": 0,
            "Temp Read Blocks": 0,
            "Temp Written Blocks": 0,
            "I/O Read Time": 0.000,
            "I/O Write Time": 0.000,
            "Temp I/O Read Time": 0.000,
            "Temp I/O Write Time": 0.000,
            "WAL Records": 0,
            "WAL FPI": 0,
            "WAL Bytes": 0
          }
        ]
      }
    ]
  }
}
psql:/private/tmp/graphic_design_archive_v49_repository_hygiene/database/tests/009_release_projection_snapshot_performance_scale.sql:34: LOG:  duration: 363.736 ms  plan:
{
  "Query Text": "SELECT release.build_research_launch_snapshot_v5(\n  'a1000000-0000-4000-8000-000000000001'::uuid,'a0000000-0000-4000-8000-000000000003',\n  'a8000000-0000-4000-8000-000000000010','a1000000-0000-4000-8000-000000000003'::uuid,repeat('e',64)) AS candidate_fingerprint ",
  "Plan": {
    "Node Type": "Result",
    "Parallel Aware": false,
    "Async Capable": false,
    "Startup Cost": 0.00,
    "Total Cost": 0.26,
    "Plan Rows": 1,
    "Plan Width": 32,
    "Actual Startup Time": 363.735,
    "Actual Total Time": 363.735,
    "Actual Rows": 1,
    "Actual Loops": 1,
    "Output": ["release.build_research_launch_snapshot_v5('a1000000-0000-4000-8000-000000000001'::uuid, 'a0000000-0000-4000-8000-000000000003'::uuid, 'a8000000-0000-4000-8000-000000000010'::uuid, 'a1000000-0000-4000-8000-000000000003'::uuid, ('eeeeeeeeeeeeeeeeeeeeeeeeeeeeeeeeeeeeeeeeeeeeeeeeeeeeeeeeeeeeeeee'::text)::core.sha256_hex)"],
    "Shared Hit Blocks": 174416,
    "Shared Read Blocks": 31,
    "Shared Dirtied Blocks": 526,
    "Shared Written Blocks": 509,
    "Local Hit Blocks": 9189,
    "Local Read Blocks": 133,
    "Local Dirtied Blocks": 329,
    "Local Written Blocks": 392,
    "Temp Read Blocks": 0,
    "Temp Written Blocks": 0,
    "I/O Read Time": 0.542,
    "I/O Write Time": 3.505,
    "Temp I/O Read Time": 0.000,
    "Temp I/O Write Time": 0.000,
    "WAL Records": 33372,
    "WAL FPI": 0,
    "WAL Bytes": 5015529
  }
}
