psql:/private/tmp/graphic_design_archive_v49_repository_hygiene/database/tests/009_release_projection_snapshot_performance_scale.sql:31: LOG:  duration: 2.957 ms  plan:
{
  "Query Text": "SELECT release.create_research_release(\n  'a3200000-0000-4000-8000-000000000001'::uuid, 'fresh-d-32'::core.release_token, 'schema-v49.0','model-v49.0',\n  'a3200000-0000-4000-8000-000000000002'::uuid, repeat('d',64));",
  "Plan": {
    "Node Type": "Result",
    "Parallel Aware": false,
    "Async Capable": false,
    "Startup Cost": 0.00,
    "Total Cost": 0.27,
    "Plan Rows": 1,
    "Plan Width": 4,
    "Actual Startup Time": 2.954,
    "Actual Total Time": 2.954,
    "Actual Rows": 1,
    "Actual Loops": 1,
    "Output": ["release.create_research_release('a3200000-0000-4000-8000-000000000001'::uuid, ('fresh-d-32'::text)::core.release_token, ('schema-v49.0'::text)::core.release_token, ('model-v49.0'::text)::core.release_token, 'a3200000-0000-4000-8000-000000000002'::uuid, ('dddddddddddddddddddddddddddddddddddddddddddddddddddddddddddddddd'::text)::core.sha256_hex)"],
    "Shared Hit Blocks": 1113,
    "Shared Read Blocks": 2,
    "Shared Dirtied Blocks": 14,
    "Shared Written Blocks": 8,
    "Local Hit Blocks": 0,
    "Local Read Blocks": 0,
    "Local Dirtied Blocks": 0,
    "Local Written Blocks": 0,
    "Temp Read Blocks": 0,
    "Temp Written Blocks": 0,
    "I/O Read Time": 0.044,
    "I/O Write Time": 0.171,
    "Temp I/O Read Time": 0.000,
    "Temp I/O Write Time": 0.000,
    "WAL Records": 20,
    "WAL FPI": 0,
    "WAL Bytes": 1729
  }
}
psql:/private/tmp/graphic_design_archive_v49_repository_hygiene/database/tests/009_release_projection_snapshot_performance_scale.sql:34: LOG:  duration: 2.802 ms  plan:
{
  "Query Text": "CREATE TEMPORARY TABLE gda_v5_effective_decisions ON COMMIT DROP AS\n  SELECT d.assignment_review_decision_id,d.canonical_assignment_id,\n    encode(sha256(convert_to(jsonb_build_object('decision',jsonb_build_array(\n      d.assignment_review_decision_id,d.canonical_assignment_id,d.outcome,d.supersedes_decision_id),\n      'supports',jsonb_agg(jsonb_build_array(e.evidence_item_id,e.evidence_role)\n        ORDER BY e.evidence_item_id,e.evidence_role))::text,'UTF8')),'hex')::core.sha256_hex AS decision_snapshot_sha256\n  FROM provenance.assignment_review_decision d\n  JOIN provenance.canonical_assignment a ON a.canonical_assignment_id=d.canonical_assignment_id\n  JOIN provenance.assignment_decision_evidence e ON e.assignment_review_decision_id=d.assignment_review_decision_id\n    AND e.evidence_role='supports'\n  WHERE a.assignment_kind='folder_membership' AND a.status='accepted'\n    AND NOT EXISTS (SELECT 1 FROM provenance.canonical_assignment newer\n      WHERE newer.supersedes_assignment_id=a.canonical_assignment_id)\n    AND d.outcome='accept'\n    AND NOT EXISTS (SELECT 1 FROM provenance.assignment_review_decision newer\n      WHERE newer.supersedes_decision_id=d.assignment_review_decision_id)\n  GROUP BY d.assignment_review_decision_id,d.canonical_assignment_id,d.outcome,d.supersedes_decision_id",
  "Plan": {
    "Node Type": "Aggregate",
    "Strategy": "Sorted",
    "Partial Mode": "Simple",
    "Parallel Aware": false,
    "Async Capable": false,
    "Startup Cost": 28.23,
    "Total Cost": 33.67,
    "Plan Rows": 128,
    "Plan Width": 84,
    "Actual Startup Time": 0.358,
    "Actual Total Time": 1.707,
    "Actual Rows": 128,
    "Actual Loops": 1,
    "Output": ["d.assignment_review_decision_id", "d.canonical_assignment_id", "(encode(sha256(convert_to((jsonb_build_object('decision', jsonb_build_array(d.assignment_review_decision_id, d.canonical_assignment_id, d.outcome, d.supersedes_decision_id), 'supports', jsonb_agg(jsonb_build_array(e.evidence_item_id, e.evidence_role) ORDER BY e.evidence_item_id, e.evidence_role)))::text, 'UTF8'::name)), 'hex'::text))::core.sha256_hex", "d.outcome", "d.supersedes_decision_id"],
    "Group Key": ["d.assignment_review_decision_id"],
    "Shared Hit Blocks": 20,
    "Shared Read Blocks": 0,
    "Shared Dirtied Blocks": 0,
    "Shared Written Blocks": 0,
    "Local Hit Blocks": 0,
    "Local Read Blocks": 0,
    "Local Dirtied Blocks": 0,
    "Local Written Blocks": 0,
    "Temp Read Blocks": 0,
    "Temp Written Blocks": 0,
    "I/O Read Time": 0.000,
    "I/O Write Time": 0.000,
    "Temp I/O Read Time": 0.000,
    "Temp I/O Write Time": 0.000,
    "WAL Records": 0,
    "WAL FPI": 0,
    "WAL Bytes": 0,
    "Plans": [
      {
        "Node Type": "Sort",
        "Parent Relationship": "Outer",
        "Parallel Aware": false,
        "Async Capable": false,
        "Startup Cost": 28.23,
        "Total Cost": 28.55,
        "Plan Rows": 128,
        "Plan Width": 72,
        "Actual Startup Time": 0.186,
        "Actual Total Time": 0.191,
        "Actual Rows": 128,
        "Actual Loops": 1,
        "Output": ["d.assignment_review_decision_id", "d.canonical_assignment_id", "d.outcome", "d.supersedes_decision_id", "e.evidence_item_id", "e.evidence_role"],
        "Sort Key": ["d.assignment_review_decision_id", "e.evidence_item_id"],
        "Sort Method": "quicksort",
        "Sort Space Used": 35,
        "Sort Space Type": "Memory",
        "Shared Hit Blocks": 11,
        "Shared Read Blocks": 0,
        "Shared Dirtied Blocks": 0,
        "Shared Written Blocks": 0,
        "Local Hit Blocks": 0,
        "Local Read Blocks": 0,
        "Local Dirtied Blocks": 0,
        "Local Written Blocks": 0,
        "Temp Read Blocks": 0,
        "Temp Written Blocks": 0,
        "I/O Read Time": 0.000,
        "I/O Write Time": 0.000,
        "Temp I/O Read Time": 0.000,
        "Temp I/O Write Time": 0.000,
        "WAL Records": 0,
        "WAL FPI": 0,
        "WAL Bytes": 0,
        "Plans": [
          {
            "Node Type": "Hash Join",
            "Parent Relationship": "Outer",
            "Parallel Aware": false,
            "Async Capable": false,
            "Join Type": "Right Anti",
            "Startup Cost": 19.98,
            "Total Cost": 23.75,
            "Plan Rows": 128,
            "Plan Width": 72,
            "Actual Startup Time": 0.148,
            "Actual Total Time": 0.158,
            "Actual Rows": 128,
            "Actual Loops": 1,
            "Output": ["d.assignment_review_decision_id", "d.canonical_assignment_id", "d.outcome", "d.supersedes_decision_id", "e.evidence_item_id", "e.evidence_role"],
            "Inner Unique": false,
            "Hash Cond": "(newer_1.supersedes_decision_id = d.assignment_review_decision_id)",
            "Shared Hit Blocks": 8,
            "Shared Read Blocks": 0,
            "Shared Dirtied Blocks": 0,
            "Shared Written Blocks": 0,
            "Local Hit Blocks": 0,
            "Local Read Blocks": 0,
            "Local Dirtied Blocks": 0,
            "Local Written Blocks": 0,
            "Temp Read Blocks": 0,
            "Temp Written Blocks": 0,
            "I/O Read Time": 0.000,
            "I/O Write Time": 0.000,
            "Temp I/O Read Time": 0.000,
            "Temp I/O Write Time": 0.000,
            "WAL Records": 0,
            "WAL FPI": 0,
            "WAL Bytes": 0,
            "Plans": [
              {
                "Node Type": "Seq Scan",
                "Parent Relationship": "Outer",
                "Parallel Aware": false,
                "Async Capable": false,
                "Relation Name": "assignment_review_decision",
                "Schema": "provenance",
                "Alias": "newer_1",
                "Startup Cost": 0.00,
                "Total Cost": 3.28,
                "Plan Rows": 128,
                "Plan Width": 16,
                "Actual Startup Time": 0.001,
                "Actual Total Time": 0.005,
                "Actual Rows": 128,
                "Actual Loops": 1,
                "Output": ["newer_1.assignment_review_decision_id", "newer_1.canonical_assignment_id", "newer_1.outcome", "newer_1.reviewer_actor", "newer_1.rationale", "newer_1.supersedes_decision_id", "newer_1.decided_at"],
                "Shared Hit Blocks": 2,
                "Shared Read Blocks": 0,
                "Shared Dirtied Blocks": 0,
                "Shared Written Blocks": 0,
                "Local Hit Blocks": 0,
                "Local Read Blocks": 0,
                "Local Dirtied Blocks": 0,
                "Local Written Blocks": 0,
                "Temp Read Blocks": 0,
                "Temp Written Blocks": 0,
                "I/O Read Time": 0.000,
                "I/O Write Time": 0.000,
                "Temp I/O Read Time": 0.000,
                "Temp I/O Write Time": 0.000,
                "WAL Records": 0,
                "WAL FPI": 0,
                "WAL Bytes": 0
              },
              {
                "Node Type": "Hash",
                "Parent Relationship": "Inner",
                "Parallel Aware": false,
                "Async Capable": false,
                "Startup Cost": 18.38,
                "Total Cost": 18.38,
                "Plan Rows": 128,
                "Plan Width": 72,
                "Actual Startup Time": 0.136,
                "Actual Total Time": 0.137,
                "Actual Rows": 128,
                "Actual Loops": 1,
                "Output": ["d.assignment_review_decision_id", "d.canonical_assignment_id", "d.outcome", "d.supersedes_decision_id", "e.evidence_item_id", "e.evidence_role"],
                "Hash Buckets": 1024,
                "Original Hash Buckets": 1024,
                "Hash Batches": 1,
                "Original Hash Batches": 1,
                "Peak Memory Usage": 19,
                "Shared Hit Blocks": 6,
                "Shared Read Blocks": 0,
                "Shared Dirtied Blocks": 0,
                "Shared Written Blocks": 0,
                "Local Hit Blocks": 0,
                "Local Read Blocks": 0,
                "Local Dirtied Blocks": 0,
                "Local Written Blocks": 0,
                "Temp Read Blocks": 0,
                "Temp Written Blocks": 0,
                "I/O Read Time": 0.000,
                "I/O Write Time": 0.000,
                "Temp I/O Read Time": 0.000,
                "Temp I/O Write Time": 0.000,
                "WAL Records": 0,
                "WAL FPI": 0,
                "WAL Bytes": 0,
                "Plans": [
                  {
                    "Node Type": "Hash Join",
                    "Parent Relationship": "Outer",
                    "Parallel Aware": false,
                    "Async Capable": false,
                    "Join Type": "Right Anti",
                    "Startup Cost": 15.61,
                    "Total Cost": 18.38,
                    "Plan Rows": 128,
                    "Plan Width": 72,
                    "Actual Startup Time": 0.115,
                    "Actual Total Time": 0.125,
                    "Actual Rows": 128,
                    "Actual Loops": 1,
                    "Output": ["d.assignment_review_decision_id", "d.canonical_assignment_id", "d.outcome", "d.supersedes_decision_id", "e.evidence_item_id", "e.evidence_role"],
                    "Inner Unique": false,
                    "Hash Cond": "(newer.supersedes_assignment_id = a.canonical_assignment_id)",
                    "Shared Hit Blocks": 6,
                    "Shared Read Blocks": 0,
                    "Shared Dirtied Blocks": 0,
                    "Shared Written Blocks": 0,
                    "Local Hit Blocks": 0,
                    "Local Read Blocks": 0,
                    "Local Dirtied Blocks": 0,
                    "Local Written Blocks": 0,
                    "Temp Read Blocks": 0,
                    "Temp Written Blocks": 0,
                    "I/O Read Time": 0.000,
                    "I/O Write Time": 0.000,
                    "Temp I/O Read Time": 0.000,
                    "Temp I/O Write Time": 0.000,
                    "WAL Records": 0,
                    "WAL FPI": 0,
                    "WAL Bytes": 0,
                    "Plans": [
                      {
                        "Node Type": "Seq Scan",
                        "Parent Relationship": "Outer",
                        "Parallel Aware": false,
                        "Async Capable": false,
                        "Relation Name": "canonical_assignment",
                        "Schema": "provenance",
                        "Alias": "newer",
                        "Startup Cost": 0.00,
                        "Total Cost": 2.28,
                        "Plan Rows": 128,
                        "Plan Width": 16,
                        "Actual Startup Time": 0.003,
                        "Actual Total Time": 0.006,
                        "Actual Rows": 128,
                        "Actual Loops": 1,
                        "Output": ["newer.canonical_assignment_id", "newer.assignment_kind", "newer.status", "newer.supersedes_assignment_id", "newer.created_at"],
                        "Shared Hit Blocks": 1,
                        "Shared Read Blocks": 0,
                        "Shared Dirtied Blocks": 0,
                        "Shared Written Blocks": 0,
                        "Local Hit Blocks": 0,
                        "Local Read Blocks": 0,
                        "Local Dirtied Blocks": 0,
                        "Local Written Blocks": 0,
                        "Temp Read Blocks": 0,
                        "Temp Written Blocks": 0,
                        "I/O Read Time": 0.000,
                        "I/O Write Time": 0.000,
                        "Temp I/O Read Time": 0.000,
                        "Temp I/O Write Time": 0.000,
                        "WAL Records": 0,
                        "WAL FPI": 0,
                        "WAL Bytes": 0
                      },
                      {
                        "Node Type": "Hash",
                        "Parent Relationship": "Inner",
                        "Parallel Aware": false,
                        "Async Capable": false,
                        "Startup Cost": 14.01,
                        "Total Cost": 14.01,
                        "Plan Rows": 128,
                        "Plan Width": 88,
                        "Actual Startup Time": 0.101,
                        "Actual Total Time": 0.101,
                        "Actual Rows": 128,
                        "Actual Loops": 1,
                        "Output": ["d.assignment_review_decision_id", "d.canonical_assignment_id", "d.outcome", "d.supersedes_decision_id", "a.canonical_assignment_id", "e.evidence_item_id", "e.evidence_role"],
                        "Hash Buckets": 1024,
                        "Original Hash Buckets": 1024,
                        "Hash Batches": 1,
                        "Original Hash Batches": 1,
                        "Peak Memory Usage": 21,
                        "Shared Hit Blocks": 5,
                        "Shared Read Blocks": 0,
                        "Shared Dirtied Blocks": 0,
                        "Shared Written Blocks": 0,
                        "Local Hit Blocks": 0,
                        "Local Read Blocks": 0,
                        "Local Dirtied Blocks": 0,
                        "Local Written Blocks": 0,
                        "Temp Read Blocks": 0,
                        "Temp Written Blocks": 0,
                        "I/O Read Time": 0.000,
                        "I/O Write Time": 0.000,
                        "Temp I/O Read Time": 0.000,
                        "Temp I/O Write Time": 0.000,
                        "WAL Records": 0,
                        "WAL FPI": 0,
                        "WAL Bytes": 0,
                        "Plans": [
                          {
                            "Node Type": "Hash Join",
                            "Parent Relationship": "Outer",
                            "Parallel Aware": false,
                            "Async Capable": false,
                            "Join Type": "Inner",
                            "Startup Cost": 9.72,
                            "Total Cost": 14.01,
                            "Plan Rows": 128,
                            "Plan Width": 88,
                            "Actual Startup Time": 0.057,
                            "Actual Total Time": 0.088,
                            "Actual Rows": 128,
                            "Actual Loops": 1,
                            "Output": ["d.assignment_review_decision_id", "d.canonical_assignment_id", "d.outcome", "d.supersedes_decision_id", "a.canonical_assignment_id", "e.evidence_item_id", "e.evidence_role"],
                            "Inner Unique": true,
                            "Hash Cond": "(d.canonical_assignment_id = a.canonical_assignment_id)",
                            "Shared Hit Blocks": 5,
                            "Shared Read Blocks": 0,
                            "Shared Dirtied Blocks": 0,
                            "Shared Written Blocks": 0,
                            "Local Hit Blocks": 0,
                            "Local Read Blocks": 0,
                            "Local Dirtied Blocks": 0,
                            "Local Written Blocks": 0,
                            "Temp Read Blocks": 0,
                            "Temp Written Blocks": 0,
                            "I/O Read Time": 0.000,
                            "I/O Write Time": 0.000,
                            "Temp I/O Read Time": 0.000,
                            "Temp I/O Write Time": 0.000,
                            "WAL Records": 0,
                            "WAL FPI": 0,
                            "WAL Bytes": 0,
                            "Plans": [
                              {
                                "Node Type": "Hash Join",
                                "Parent Relationship": "Outer",
                                "Parallel Aware": false,
                                "Async Capable": false,
                                "Join Type": "Inner",
                                "Startup Cost": 5.20,
                                "Total Cost": 9.15,
                                "Plan Rows": 128,
                                "Plan Width": 72,
                                "Actual Startup Time": 0.032,
                                "Actual Total Time": 0.051,
                                "Actual Rows": 128,
                                "Actual Loops": 1,
                                "Output": ["d.assignment_review_decision_id", "d.canonical_assignment_id", "d.outcome", "d.supersedes_decision_id", "e.evidence_item_id", "e.evidence_role"],
                                "Inner Unique": true,
                                "Hash Cond": "(e.assignment_review_decision_id = d.assignment_review_decision_id)",
                                "Shared Hit Blocks": 4,
                                "Shared Read Blocks": 0,
                                "Shared Dirtied Blocks": 0,
                                "Shared Written Blocks": 0,
                                "Local Hit Blocks": 0,
                                "Local Read Blocks": 0,
                                "Local Dirtied Blocks": 0,
                                "Local Written Blocks": 0,
                                "Temp Read Blocks": 0,
                                "Temp Written Blocks": 0,
                                "I/O Read Time": 0.000,
                                "I/O Write Time": 0.000,
                                "Temp I/O Read Time": 0.000,
                                "Temp I/O Write Time": 0.000,
                                "WAL Records": 0,
                                "WAL FPI": 0,
                                "WAL Bytes": 0,
                                "Plans": [
                                  {
                                    "Node Type": "Seq Scan",
                                    "Parent Relationship": "Outer",
                                    "Parallel Aware": false,
                                    "Async Capable": false,
                                    "Relation Name": "assignment_decision_evidence",
                                    "Schema": "provenance",
                                    "Alias": "e",
                                    "Startup Cost": 0.00,
                                    "Total Cost": 3.60,
                                    "Plan Rows": 128,
                                    "Plan Width": 36,
                                    "Actual Startup Time": 0.004,
                                    "Actual Total Time": 0.010,
                                    "Actual Rows": 128,
                                    "Actual Loops": 1,
                                    "Output": ["e.assignment_review_decision_id", "e.evidence_item_id", "e.evidence_role"],
                                    "Filter": "(e.evidence_role = 'supports'::provenance.evidence_role)",
                                    "Rows Removed by Filter": 0,
                                    "Shared Hit Blocks": 2,
                                    "Shared Read Blocks": 0,
                                    "Shared Dirtied Blocks": 0,
                                    "Shared Written Blocks": 0,
                                    "Local Hit Blocks": 0,
                                    "Local Read Blocks": 0,
                                    "Local Dirtied Blocks": 0,
                                    "Local Written Blocks": 0,
                                    "Temp Read Blocks": 0,
                                    "Temp Written Blocks": 0,
                                    "I/O Read Time": 0.000,
                                    "I/O Write Time": 0.000,
                                    "Temp I/O Read Time": 0.000,
                                    "Temp I/O Write Time": 0.000,
                                    "WAL Records": 0,
                                    "WAL FPI": 0,
                                    "WAL Bytes": 0
                                  },
                                  {
                                    "Node Type": "Hash",
                                    "Parent Relationship": "Inner",
                                    "Parallel Aware": false,
                                    "Async Capable": false,
                                    "Startup Cost": 3.60,
                                    "Total Cost": 3.60,
                                    "Plan Rows": 128,
                                    "Plan Width": 52,
                                    "Actual Startup Time": 0.024,
                                    "Actual Total Time": 0.024,
                                    "Actual Rows": 128,
                                    "Actual Loops": 1,
                                    "Output": ["d.assignment_review_decision_id", "d.canonical_assignment_id", "d.outcome", "d.supersedes_decision_id"],
                                    "Hash Buckets": 1024,
                                    "Original Hash Buckets": 1024,
                                    "Hash Batches": 1,
                                    "Original Hash Batches": 1,
                                    "Peak Memory Usage": 17,
                                    "Shared Hit Blocks": 2,
                                    "Shared Read Blocks": 0,
                                    "Shared Dirtied Blocks": 0,
                                    "Shared Written Blocks": 0,
                                    "Local Hit Blocks": 0,
                                    "Local Read Blocks": 0,
                                    "Local Dirtied Blocks": 0,
                                    "Local Written Blocks": 0,
                                    "Temp Read Blocks": 0,
                                    "Temp Written Blocks": 0,
                                    "I/O Read Time": 0.000,
                                    "I/O Write Time": 0.000,
                                    "Temp I/O Read Time": 0.000,
                                    "Temp I/O Write Time": 0.000,
                                    "WAL Records": 0,
                                    "WAL FPI": 0,
                                    "WAL Bytes": 0,
                                    "Plans": [
                                      {
                                        "Node Type": "Seq Scan",
                                        "Parent Relationship": "Outer",
                                        "Parallel Aware": false,
                                        "Async Capable": false,
                                        "Relation Name": "assignment_review_decision",
                                        "Schema": "provenance",
                                        "Alias": "d",
                                        "Startup Cost": 0.00,
                                        "Total Cost": 3.60,
                                        "Plan Rows": 128,
                                        "Plan Width": 52,
                                        "Actual Startup Time": 0.002,
                                        "Actual Total Time": 0.012,
                                        "Actual Rows": 128,
                                        "Actual Loops": 1,
                                        "Output": ["d.assignment_review_decision_id", "d.canonical_assignment_id", "d.outcome", "d.supersedes_decision_id"],
                                        "Filter": "(d.outcome = 'accept'::workflow.review_outcome)",
                                        "Rows Removed by Filter": 0,
                                        "Shared Hit Blocks": 2,
                                        "Shared Read Blocks": 0,
                                        "Shared Dirtied Blocks": 0,
                                        "Shared Written Blocks": 0,
                                        "Local Hit Blocks": 0,
                                        "Local Read Blocks": 0,
                                        "Local Dirtied Blocks": 0,
                                        "Local Written Blocks": 0,
                                        "Temp Read Blocks": 0,
                                        "Temp Written Blocks": 0,
                                        "I/O Read Time": 0.000,
                                        "I/O Write Time": 0.000,
                                        "Temp I/O Read Time": 0.000,
                                        "Temp I/O Write Time": 0.000,
                                        "WAL Records": 0,
                                        "WAL FPI": 0,
                                        "WAL Bytes": 0
                                      }
                                    ]
                                  }
                                ]
                              },
                              {
                                "Node Type": "Hash",
                                "Parent Relationship": "Inner",
                                "Parallel Aware": false,
                                "Async Capable": false,
                                "Startup Cost": 2.92,
                                "Total Cost": 2.92,
                                "Plan Rows": 128,
                                "Plan Width": 16,
                                "Actual Startup Time": 0.022,
                                "Actual Total Time": 0.022,
                                "Actual Rows": 128,
                                "Actual Loops": 1,
                                "Output": ["a.canonical_assignment_id"],
                                "Hash Buckets": 1024,
                                "Original Hash Buckets": 1024,
                                "Hash Batches": 1,
                                "Original Hash Batches": 1,
                                "Peak Memory Usage": 14,
                                "Shared Hit Blocks": 1,
                                "Shared Read Blocks": 0,
                                "Shared Dirtied Blocks": 0,
                                "Shared Written Blocks": 0,
                                "Local Hit Blocks": 0,
                                "Local Read Blocks": 0,
                                "Local Dirtied Blocks": 0,
                                "Local Written Blocks": 0,
                                "Temp Read Blocks": 0,
                                "Temp Written Blocks": 0,
                                "I/O Read Time": 0.000,
                                "I/O Write Time": 0.000,
                                "Temp I/O Read Time": 0.000,
                                "Temp I/O Write Time": 0.000,
                                "WAL Records": 0,
                                "WAL FPI": 0,
                                "WAL Bytes": 0,
                                "Plans": [
                                  {
                                    "Node Type": "Seq Scan",
                                    "Parent Relationship": "Outer",
                                    "Parallel Aware": false,
                                    "Async Capable": false,
                                    "Relation Name": "canonical_assignment",
                                    "Schema": "provenance",
                                    "Alias": "a",
                                    "Startup Cost": 0.00,
                                    "Total Cost": 2.92,
                                    "Plan Rows": 128,
                                    "Plan Width": 16,
                                    "Actual Startup Time": 0.006,
                                    "Actual Total Time": 0.014,
                                    "Actual Rows": 128,
                                    "Actual Loops": 1,
                                    "Output": ["a.canonical_assignment_id"],
                                    "Filter": "((a.assignment_kind = 'folder_membership'::provenance.assignment_kind) AND (a.status = 'accepted'::provenance.assertion_status))",
                                    "Rows Removed by Filter": 0,
                                    "Shared Hit Blocks": 1,
                                    "Shared Read Blocks": 0,
                                    "Shared Dirtied Blocks": 0,
                                    "Shared Written Blocks": 0,
                                    "Local Hit Blocks": 0,
                                    "Local Read Blocks": 0,
                                    "Local Dirtied Blocks": 0,
                                    "Local Written Blocks": 0,
                                    "Temp Read Blocks": 0,
                                    "Temp Written Blocks": 0,
                                    "I/O Read Time": 0.000,
                                    "I/O Write Time": 0.000,
                                    "Temp I/O Read Time": 0.000,
                                    "Temp I/O Write Time": 0.000,
                                    "WAL Records": 0,
                                    "WAL FPI": 0,
                                    "WAL Bytes": 0
                                  }
                                ]
                              }
                            ]
                          }
                        ]
                      }
                    ]
                  }
                ]
              }
            ]
          }
        ]
      }
    ]
  }
}
psql:/private/tmp/graphic_design_archive_v49_repository_hygiene/database/tests/009_release_projection_snapshot_performance_scale.sql:34: LOG:  duration: 2.364 ms  plan:
{
  "Query Text": "CREATE TEMPORARY TABLE gda_v5_expected_memberships ON COMMIT DROP AS\n  WITH current_assignment AS MATERIALIZED (\n    SELECT a.canonical_assignment_id,a.assignment_kind,a.status,a.supersedes_assignment_id\n    FROM provenance.canonical_assignment a\n    WHERE a.assignment_kind='folder_membership' AND a.status='accepted'\n      AND NOT EXISTS (SELECT 1 FROM provenance.canonical_assignment newer\n        WHERE newer.supersedes_assignment_id=a.canonical_assignment_id)\n  ), assignment_snapshots AS MATERIALIZED (\n    SELECT a.canonical_assignment_id,encode(sha256(convert_to(jsonb_build_object(\n      'assignment',jsonb_build_array(a.canonical_assignment_id,a.assignment_kind,a.status,a.supersedes_assignment_id),\n      'memberships',jsonb_agg(jsonb_build_array(fm.folder_id,fm.archive_object_id,fm.membership_role,fm.member_ordinal)\n        ORDER BY fm.folder_id,fm.membership_role,fm.member_ordinal,fm.archive_object_id))::text,'UTF8')),'hex')::core.sha256_hex AS assignment_snapshot_sha256\n    FROM current_assignment a JOIN provenance.assignment_folder_membership fm ON fm.canonical_assignment_id=a.canonical_assignment_id\n    GROUP BY a.canonical_assignment_id,a.assignment_kind,a.status,a.supersedes_assignment_id\n  )\n  SELECT fm.folder_id,fm.archive_object_id,a.canonical_assignment_id AS source_assignment_id,\n    fm.membership_role,fm.member_ordinal,d.assignment_review_decision_id AS effective_decision_id,\n    s.assignment_snapshot_sha256,d.decision_snapshot_sha256\n  FROM current_assignment a JOIN provenance.assignment_folder_membership fm ON fm.canonical_assignment_id=a.canonical_assignment_id\n  JOIN gda_v5_effective_decisions d ON d.canonical_assignment_id=a.canonical_assignment_id\n  JOIN assignment_snapshots s ON s.canonical_assignment_id=a.canonical_assignment_id\n  JOIN raw.legacy_surface_ledger l ON l.archive_object_id=fm.archive_object_id\n    AND l.migration_batch_id=p_migration_batch_id AND l.import_disposition='accounted'\n  JOIN research.corpus_membership cm ON cm.archive_object_id=fm.archive_object_id\n    AND cm.corpus_version_id=v_corpus_version_id AND cm.disposition='eligible'",
  "Plan": {
    "Node Type": "Hash Join",
    "Parallel Aware": false,
    "Async Capable": false,
    "Join Type": "Inner",
    "Startup Cost": 46.73,
    "Total Cost": 74.46,
    "Plan Rows": 563,
    "Plan Width": 140,
    "Actual Startup Time": 1.772,
    "Actual Total Time": 1.800,
    "Actual Rows": 128,
    "Actual Loops": 1,
    "Output": ["fm.folder_id", "fm.archive_object_id", "a.canonical_assignment_id", "fm.membership_role", "fm.member_ordinal", "d.assignment_review_decision_id", "s.assignment_snapshot_sha256", "d.decision_snapshot_sha256"],
    "Inner Unique": false,
    "Hash Cond": "(d.canonical_assignment_id = fm.canonical_assignment_id)",
    "Shared Hit Blocks": 18,
    "Shared Read Blocks": 0,
    "Shared Dirtied Blocks": 0,
    "Shared Written Blocks": 0,
    "Local Hit Blocks": 4,
    "Local Read Blocks": 0,
    "Local Dirtied Blocks": 0,
    "Local Written Blocks": 0,
    "Temp Read Blocks": 0,
    "Temp Written Blocks": 0,
    "I/O Read Time": 0.000,
    "I/O Write Time": 0.000,
    "Temp I/O Read Time": 0.000,
    "Temp I/O Write Time": 0.000,
    "WAL Records": 0,
    "WAL FPI": 0,
    "WAL Bytes": 0,
    "Plans": [
      {
        "Node Type": "Hash Join",
        "Parent Relationship": "InitPlan",
        "Subplan Name": "CTE current_assignment",
        "Parallel Aware": false,
        "Async Capable": false,
        "Join Type": "Right Anti",
        "Startup Cost": 4.52,
        "Total Cost": 7.14,
        "Plan Rows": 128,
        "Plan Width": 40,
        "Actual Startup Time": 0.034,
        "Actual Total Time": 0.042,
        "Actual Rows": 128,
        "Actual Loops": 1,
        "Output": ["a_1.canonical_assignment_id", "a_1.assignment_kind", "a_1.status", "a_1.supersedes_assignment_id"],
        "Inner Unique": true,
        "Hash Cond": "(newer.supersedes_assignment_id = a_1.canonical_assignment_id)",
        "Shared Hit Blocks": 2,
        "Shared Read Blocks": 0,
        "Shared Dirtied Blocks": 0,
        "Shared Written Blocks": 0,
        "Local Hit Blocks": 0,
        "Local Read Blocks": 0,
        "Local Dirtied Blocks": 0,
        "Local Written Blocks": 0,
        "Temp Read Blocks": 0,
        "Temp Written Blocks": 0,
        "I/O Read Time": 0.000,
        "I/O Write Time": 0.000,
        "Temp I/O Read Time": 0.000,
        "Temp I/O Write Time": 0.000,
        "WAL Records": 0,
        "WAL FPI": 0,
        "WAL Bytes": 0,
        "Plans": [
          {
            "Node Type": "Seq Scan",
            "Parent Relationship": "Outer",
            "Parallel Aware": false,
            "Async Capable": false,
            "Relation Name": "canonical_assignment",
            "Schema": "provenance",
            "Alias": "newer",
            "Startup Cost": 0.00,
            "Total Cost": 2.28,
            "Plan Rows": 128,
            "Plan Width": 16,
            "Actual Startup Time": 0.002,
            "Actual Total Time": 0.005,
            "Actual Rows": 128,
            "Actual Loops": 1,
            "Output": ["newer.canonical_assignment_id", "newer.assignment_kind", "newer.status", "newer.supersedes_assignment_id", "newer.created_at"],
            "Shared Hit Blocks": 1,
            "Shared Read Blocks": 0,
            "Shared Dirtied Blocks": 0,
            "Shared Written Blocks": 0,
            "Local Hit Blocks": 0,
            "Local Read Blocks": 0,
            "Local Dirtied Blocks": 0,
            "Local Written Blocks": 0,
            "Temp Read Blocks": 0,
            "Temp Written Blocks": 0,
            "I/O Read Time": 0.000,
            "I/O Write Time": 0.000,
            "Temp I/O Read Time": 0.000,
            "Temp I/O Write Time": 0.000,
            "WAL Records": 0,
            "WAL FPI": 0,
            "WAL Bytes": 0
          },
          {
            "Node Type": "Hash",
            "Parent Relationship": "Inner",
            "Parallel Aware": false,
            "Async Capable": false,
            "Startup Cost": 2.92,
            "Total Cost": 2.92,
            "Plan Rows": 128,
            "Plan Width": 40,
            "Actual Startup Time": 0.022,
            "Actual Total Time": 0.023,
            "Actual Rows": 128,
            "Actual Loops": 1,
            "Output": ["a_1.canonical_assignment_id", "a_1.assignment_kind", "a_1.status", "a_1.supersedes_assignment_id"],
            "Hash Buckets": 1024,
            "Original Hash Buckets": 1024,
            "Hash Batches": 1,
            "Original Hash Batches": 1,
            "Peak Memory Usage": 15,
            "Shared Hit Blocks": 1,
            "Shared Read Blocks": 0,
            "Shared Dirtied Blocks": 0,
            "Shared Written Blocks": 0,
            "Local Hit Blocks": 0,
            "Local Read Blocks": 0,
            "Local Dirtied Blocks": 0,
            "Local Written Blocks": 0,
            "Temp Read Blocks": 0,
            "Temp Written Blocks": 0,
            "I/O Read Time": 0.000,
            "I/O Write Time": 0.000,
            "Temp I/O Read Time": 0.000,
            "Temp I/O Write Time": 0.000,
            "WAL Records": 0,
            "WAL FPI": 0,
            "WAL Bytes": 0,
            "Plans": [
              {
                "Node Type": "Seq Scan",
                "Parent Relationship": "Outer",
                "Parallel Aware": false,
                "Async Capable": false,
                "Relation Name": "canonical_assignment",
                "Schema": "provenance",
                "Alias": "a_1",
                "Startup Cost": 0.00,
                "Total Cost": 2.92,
                "Plan Rows": 128,
                "Plan Width": 40,
                "Actual Startup Time": 0.003,
                "Actual Total Time": 0.012,
                "Actual Rows": 128,
                "Actual Loops": 1,
                "Output": ["a_1.canonical_assignment_id", "a_1.assignment_kind", "a_1.status", "a_1.supersedes_assignment_id"],
                "Filter": "((a_1.assignment_kind = 'folder_membership'::provenance.assignment_kind) AND (a_1.status = 'accepted'::provenance.assertion_status))",
                "Rows Removed by Filter": 0,
                "Shared Hit Blocks": 1,
                "Shared Read Blocks": 0,
                "Shared Dirtied Blocks": 0,
                "Shared Written Blocks": 0,
                "Local Hit Blocks": 0,
                "Local Read Blocks": 0,
                "Local Dirtied Blocks": 0,
                "Local Written Blocks": 0,
                "Temp Read Blocks": 0,
                "Temp Written Blocks": 0,
                "I/O Read Time": 0.000,
                "I/O Write Time": 0.000,
                "Temp I/O Read Time": 0.000,
                "Temp I/O Write Time": 0.000,
                "WAL Records": 0,
                "WAL FPI": 0,
                "WAL Bytes": 0
              }
            ]
          }
        ]
      },
      {
        "Node Type": "Aggregate",
        "Strategy": "Sorted",
        "Partial Mode": "Simple",
        "Parent Relationship": "InitPlan",
        "Subplan Name": "CTE assignment_snapshots",
        "Parallel Aware": false,
        "Async Capable": false,
        "Startup Cost": 12.27,
        "Total Cost": 18.67,
        "Plan Rows": 128,
        "Plan Width": 72,
        "Actual Startup Time": 0.167,
        "Actual Total Time": 1.597,
        "Actual Rows": 128,
        "Actual Loops": 1,
        "Output": ["a_2.canonical_assignment_id", "(encode(sha256(convert_to((jsonb_build_object('assignment', jsonb_build_array(a_2.canonical_assignment_id, a_2.assignment_kind, a_2.status, a_2.supersedes_assignment_id), 'memberships', jsonb_agg(jsonb_build_array(fm_1.folder_id, fm_1.archive_object_id, fm_1.membership_role, fm_1.member_ordinal) ORDER BY fm_1.folder_id, fm_1.membership_role, fm_1.member_ordinal, fm_1.archive_object_id)))::text, 'UTF8'::name)), 'hex'::text))::core.sha256_hex", "a_2.assignment_kind", "a_2.status", "a_2.supersedes_assignment_id"],
        "Group Key": ["a_2.canonical_assignment_id", "a_2.assignment_kind", "a_2.status", "a_2.supersedes_assignment_id"],
        "Shared Hit Blocks": 14,
        "Shared Read Blocks": 0,
        "Shared Dirtied Blocks": 0,
        "Shared Written Blocks": 0,
        "Local Hit Blocks": 0,
        "Local Read Blocks": 0,
        "Local Dirtied Blocks": 0,
        "Local Written Blocks": 0,
        "Temp Read Blocks": 0,
        "Temp Written Blocks": 0,
        "I/O Read Time": 0.000,
        "I/O Write Time": 0.000,
        "Temp I/O Read Time": 0.000,
        "Temp I/O Write Time": 0.000,
        "WAL Records": 0,
        "WAL FPI": 0,
        "WAL Bytes": 0,
        "Plans": [
          {
            "Node Type": "Sort",
            "Parent Relationship": "Outer",
            "Parallel Aware": false,
            "Async Capable": false,
            "Startup Cost": 12.27,
            "Total Cost": 12.59,
            "Plan Rows": 128,
            "Plan Width": 84,
            "Actual Startup Time": 0.140,
            "Actual Total Time": 0.144,
            "Actual Rows": 128,
            "Actual Loops": 1,
            "Output": ["a_2.canonical_assignment_id", "a_2.assignment_kind", "a_2.status", "a_2.supersedes_assignment_id", "fm_1.folder_id", "fm_1.archive_object_id", "fm_1.membership_role", "fm_1.member_ordinal"],
            "Sort Key": ["a_2.canonical_assignment_id", "a_2.assignment_kind", "a_2.status", "a_2.supersedes_assignment_id", "fm_1.folder_id", "fm_1.membership_role", "fm_1.member_ordinal", "fm_1.archive_object_id"],
            "Sort Method": "quicksort",
            "Sort Space Used": 37,
            "Sort Space Type": "Memory",
            "Shared Hit Blocks": 12,
            "Shared Read Blocks": 0,
            "Shared Dirtied Blocks": 0,
            "Shared Written Blocks": 0,
            "Local Hit Blocks": 0,
            "Local Read Blocks": 0,
            "Local Dirtied Blocks": 0,
            "Local Written Blocks": 0,
            "Temp Read Blocks": 0,
            "Temp Written Blocks": 0,
            "I/O Read Time": 0.000,
            "I/O Write Time": 0.000,
            "Temp I/O Read Time": 0.000,
            "Temp I/O Write Time": 0.000,
            "WAL Records": 0,
            "WAL FPI": 0,
            "WAL Bytes": 0,
            "Plans": [
              {
                "Node Type": "Hash Join",
                "Parent Relationship": "Outer",
                "Parallel Aware": false,
                "Async Capable": false,
                "Join Type": "Inner",
                "Startup Cost": 4.88,
                "Total Cost": 7.79,
                "Plan Rows": 128,
                "Plan Width": 84,
                "Actual Startup Time": 0.065,
                "Actual Total Time": 0.105,
                "Actual Rows": 128,
                "Actual Loops": 1,
                "Output": ["a_2.canonical_assignment_id", "a_2.assignment_kind", "a_2.status", "a_2.supersedes_assignment_id", "fm_1.folder_id", "fm_1.archive_object_id", "fm_1.membership_role", "fm_1.member_ordinal"],
                "Inner Unique": true,
                "Hash Cond": "(a_2.canonical_assignment_id = fm_1.canonical_assignment_id)",
                "Shared Hit Blocks": 4,
                "Shared Read Blocks": 0,
                "Shared Dirtied Blocks": 0,
                "Shared Written Blocks": 0,
                "Local Hit Blocks": 0,
                "Local Read Blocks": 0,
                "Local Dirtied Blocks": 0,
                "Local Written Blocks": 0,
                "Temp Read Blocks": 0,
                "Temp Written Blocks": 0,
                "I/O Read Time": 0.000,
                "I/O Write Time": 0.000,
                "Temp I/O Read Time": 0.000,
                "Temp I/O Write Time": 0.000,
                "WAL Records": 0,
                "WAL FPI": 0,
                "WAL Bytes": 0,
                "Plans": [
                  {
                    "Node Type": "CTE Scan",
                    "Parent Relationship": "Outer",
                    "Parallel Aware": false,
                    "Async Capable": false,
                    "CTE Name": "current_assignment",
                    "Alias": "a_2",
                    "Startup Cost": 0.00,
                    "Total Cost": 2.56,
                    "Plan Rows": 128,
                    "Plan Width": 40,
                    "Actual Startup Time": 0.034,
                    "Actual Total Time": 0.058,
                    "Actual Rows": 128,
                    "Actual Loops": 1,
                    "Output": ["a_2.canonical_assignment_id", "a_2.assignment_kind", "a_2.status", "a_2.supersedes_assignment_id"],
                    "Shared Hit Blocks": 2,
                    "Shared Read Blocks": 0,
                    "Shared Dirtied Blocks": 0,
                    "Shared Written Blocks": 0,
                    "Local Hit Blocks": 0,
                    "Local Read Blocks": 0,
                    "Local Dirtied Blocks": 0,
                    "Local Written Blocks": 0,
                    "Temp Read Blocks": 0,
                    "Temp Written Blocks": 0,
                    "I/O Read Time": 0.000,
                    "I/O Write Time": 0.000,
                    "Temp I/O Read Time": 0.000,
                    "Temp I/O Write Time": 0.000,
                    "WAL Records": 0,
                    "WAL FPI": 0,
                    "WAL Bytes": 0
                  },
                  {
                    "Node Type": "Hash",
                    "Parent Relationship": "Inner",
                    "Parallel Aware": false,
                    "Async Capable": false,
                    "Startup Cost": 3.28,
                    "Total Cost": 3.28,
                    "Plan Rows": 128,
                    "Plan Width": 60,
                    "Actual Startup Time": 0.026,
                    "Actual Total Time": 0.026,
                    "Actual Rows": 128,
                    "Actual Loops": 1,
                    "Output": ["fm_1.folder_id", "fm_1.archive_object_id", "fm_1.membership_role", "fm_1.member_ordinal", "fm_1.canonical_assignment_id"],
                    "Hash Buckets": 1024,
                    "Original Hash Buckets": 1024,
                    "Hash Batches": 1,
                    "Original Hash Batches": 1,
                    "Peak Memory Usage": 20,
                    "Shared Hit Blocks": 2,
                    "Shared Read Blocks": 0,
                    "Shared Dirtied Blocks": 0,
                    "Shared Written Blocks": 0,
                    "Local Hit Blocks": 0,
                    "Local Read Blocks": 0,
                    "Local Dirtied Blocks": 0,
                    "Local Written Blocks": 0,
                    "Temp Read Blocks": 0,
                    "Temp Written Blocks": 0,
                    "I/O Read Time": 0.000,
                    "I/O Write Time": 0.000,
                    "Temp I/O Read Time": 0.000,
                    "Temp I/O Write Time": 0.000,
                    "WAL Records": 0,
                    "WAL FPI": 0,
                    "WAL Bytes": 0,
                    "Plans": [
                      {
                        "Node Type": "Seq Scan",
                        "Parent Relationship": "Outer",
                        "Parallel Aware": false,
                        "Async Capable": false,
                        "Relation Name": "assignment_folder_membership",
                        "Schema": "provenance",
                        "Alias": "fm_1",
                        "Startup Cost": 0.00,
                        "Total Cost": 3.28,
                        "Plan Rows": 128,
                        "Plan Width": 60,
                        "Actual Startup Time": 0.006,
                        "Actual Total Time": 0.015,
                        "Actual Rows": 128,
                        "Actual Loops": 1,
                        "Output": ["fm_1.folder_id", "fm_1.archive_object_id", "fm_1.membership_role", "fm_1.member_ordinal", "fm_1.canonical_assignment_id"],
                        "Shared Hit Blocks": 2,
                        "Shared Read Blocks": 0,
                        "Shared Dirtied Blocks": 0,
                        "Shared Written Blocks": 0,
                        "Local Hit Blocks": 0,
                        "Local Read Blocks": 0,
                        "Local Dirtied Blocks": 0,
                        "Local Written Blocks": 0,
                        "Temp Read Blocks": 0,
                        "Temp Written Blocks": 0,
                        "I/O Read Time": 0.000,
                        "I/O Write Time": 0.000,
                        "Temp I/O Read Time": 0.000,
                        "Temp I/O Write Time": 0.000,
                        "WAL Records": 0,
                        "WAL FPI": 0,
                        "WAL Bytes": 0
                      }
                    ]
                  }
                ]
              }
            ]
          }
        ]
      },
      {
        "Node Type": "Seq Scan",
        "Parent Relationship": "Outer",
        "Parallel Aware": false,
        "Async Capable": false,
        "Relation Name": "gda_v5_effective_decisions",
        "Schema": "pg_temp",
        "Alias": "d",
        "Startup Cost": 0.00,
        "Total Cost": 18.80,
        "Plan Rows": 880,
        "Plan Width": 64,
        "Actual Startup Time": 0.002,
        "Actual Total Time": 0.006,
        "Actual Rows": 128,
        "Actual Loops": 1,
        "Output": ["d.assignment_review_decision_id", "d.canonical_assignment_id", "d.decision_snapshot_sha256"],
        "Shared Hit Blocks": 0,
        "Shared Read Blocks": 0,
        "Shared Dirtied Blocks": 0,
        "Shared Written Blocks": 0,
        "Local Hit Blocks": 4,
        "Local Read Blocks": 0,
        "Local Dirtied Blocks": 0,
        "Local Written Blocks": 0,
        "Temp Read Blocks": 0,
        "Temp Written Blocks": 0,
        "I/O Read Time": 0.000,
        "I/O Write Time": 0.000,
        "Temp I/O Read Time": 0.000,
        "Temp I/O Write Time": 0.000,
        "WAL Records": 0,
        "WAL FPI": 0,
        "WAL Bytes": 0
      },
      {
        "Node Type": "Hash",
        "Parent Relationship": "Inner",
        "Parallel Aware": false,
        "Async Capable": false,
        "Startup Cost": 19.32,
        "Total Cost": 19.32,
        "Plan Rows": 128,
        "Plan Width": 124,
        "Actual Startup Time": 1.769,
        "Actual Total Time": 1.769,
        "Actual Rows": 128,
        "Actual Loops": 1,
        "Output": ["a.canonical_assignment_id", "fm.folder_id", "fm.archive_object_id", "fm.membership_role", "fm.member_ordinal", "fm.canonical_assignment_id", "s.assignment_snapshot_sha256", "s.canonical_assignment_id"],
        "Hash Buckets": 1024,
        "Original Hash Buckets": 1024,
        "Hash Batches": 1,
        "Original Hash Batches": 1,
        "Peak Memory Usage": 32,
        "Shared Hit Blocks": 18,
        "Shared Read Blocks": 0,
        "Shared Dirtied Blocks": 0,
        "Shared Written Blocks": 0,
        "Local Hit Blocks": 0,
        "Local Read Blocks": 0,
        "Local Dirtied Blocks": 0,
        "Local Written Blocks": 0,
        "Temp Read Blocks": 0,
        "Temp Written Blocks": 0,
        "I/O Read Time": 0.000,
        "I/O Write Time": 0.000,
        "Temp I/O Read Time": 0.000,
        "Temp I/O Write Time": 0.000,
        "WAL Records": 0,
        "WAL FPI": 0,
        "WAL Bytes": 0,
        "Plans": [
          {
            "Node Type": "Hash Join",
            "Parent Relationship": "Outer",
            "Parallel Aware": false,
            "Async Capable": false,
            "Join Type": "Inner",
            "Startup Cost": 12.90,
            "Total Cost": 19.32,
            "Plan Rows": 128,
            "Plan Width": 124,
            "Actual Startup Time": 1.705,
            "Actual Total Time": 1.753,
            "Actual Rows": 128,
            "Actual Loops": 1,
            "Output": ["a.canonical_assignment_id", "fm.folder_id", "fm.archive_object_id", "fm.membership_role", "fm.member_ordinal", "fm.canonical_assignment_id", "s.assignment_snapshot_sha256", "s.canonical_assignment_id"],
            "Inner Unique": false,
            "Hash Cond": "(fm.canonical_assignment_id = s.canonical_assignment_id)",
            "Shared Hit Blocks": 18,
            "Shared Read Blocks": 0,
            "Shared Dirtied Blocks": 0,
            "Shared Written Blocks": 0,
            "Local Hit Blocks": 0,
            "Local Read Blocks": 0,
            "Local Dirtied Blocks": 0,
            "Local Written Blocks": 0,
            "Temp Read Blocks": 0,
            "Temp Written Blocks": 0,
            "I/O Read Time": 0.000,
            "I/O Write Time": 0.000,
            "Temp I/O Read Time": 0.000,
            "Temp I/O Write Time": 0.000,
            "WAL Records": 0,
            "WAL FPI": 0,
            "WAL Bytes": 0,
            "Plans": [
              {
                "Node Type": "Hash Join",
                "Parent Relationship": "Outer",
                "Parallel Aware": false,
                "Async Capable": false,
                "Join Type": "Inner",
                "Startup Cost": 8.74,
                "Total Cost": 13.40,
                "Plan Rows": 128,
                "Plan Width": 76,
                "Actual Startup Time": 0.069,
                "Actual Total Time": 0.102,
                "Actual Rows": 128,
                "Actual Loops": 1,
                "Output": ["a.canonical_assignment_id", "fm.folder_id", "fm.archive_object_id", "fm.membership_role", "fm.member_ordinal", "fm.canonical_assignment_id"],
                "Inner Unique": false,
                "Hash Cond": "(fm.archive_object_id = l.archive_object_id)",
                "Shared Hit Blocks": 4,
                "Shared Read Blocks": 0,
                "Shared Dirtied Blocks": 0,
                "Shared Written Blocks": 0,
                "Local Hit Blocks": 0,
                "Local Read Blocks": 0,
                "Local Dirtied Blocks": 0,
                "Local Written Blocks": 0,
                "Temp Read Blocks": 0,
                "Temp Written Blocks": 0,
                "I/O Read Time": 0.000,
                "I/O Write Time": 0.000,
                "Temp I/O Read Time": 0.000,
                "Temp I/O Write Time": 0.000,
                "WAL Records": 0,
                "WAL FPI": 0,
                "WAL Bytes": 0,
                "Plans": [
                  {
                    "Node Type": "Hash Join",
                    "Parent Relationship": "Outer",
                    "Parallel Aware": false,
                    "Async Capable": false,
                    "Join Type": "Inner",
                    "Startup Cost": 4.88,
                    "Total Cost": 7.79,
                    "Plan Rows": 128,
                    "Plan Width": 76,
                    "Actual Startup Time": 0.027,
                    "Actual Total Time": 0.046,
                    "Actual Rows": 128,
                    "Actual Loops": 1,
                    "Output": ["a.canonical_assignment_id", "fm.folder_id", "fm.archive_object_id", "fm.membership_role", "fm.member_ordinal", "fm.canonical_assignment_id"],
                    "Inner Unique": true,
                    "Hash Cond": "(a.canonical_assignment_id = fm.canonical_assignment_id)",
                    "Shared Hit Blocks": 2,
                    "Shared Read Blocks": 0,
                    "Shared Dirtied Blocks": 0,
                    "Shared Written Blocks": 0,
                    "Local Hit Blocks": 0,
                    "Local Read Blocks": 0,
                    "Local Dirtied Blocks": 0,
                    "Local Written Blocks": 0,
                    "Temp Read Blocks": 0,
                    "Temp Written Blocks": 0,
                    "I/O Read Time": 0.000,
                    "I/O Write Time": 0.000,
                    "Temp I/O Read Time": 0.000,
                    "Temp I/O Write Time": 0.000,
                    "WAL Records": 0,
                    "WAL FPI": 0,
                    "WAL Bytes": 0,
                    "Plans": [
                      {
                        "Node Type": "CTE Scan",
                        "Parent Relationship": "Outer",
                        "Parallel Aware": false,
                        "Async Capable": false,
                        "CTE Name": "current_assignment",
                        "Alias": "a",
                        "Startup Cost": 0.00,
                        "Total Cost": 2.56,
                        "Plan Rows": 128,
                        "Plan Width": 16,
                        "Actual Startup Time": 0.000,
                        "Actual Total Time": 0.004,
                        "Actual Rows": 128,
                        "Actual Loops": 1,
                        "Output": ["a.canonical_assignment_id", "a.assignment_kind", "a.status", "a.supersedes_assignment_id"],
                        "Shared Hit Blocks": 0,
                        "Shared Read Blocks": 0,
                        "Shared Dirtied Blocks": 0,
                        "Shared Written Blocks": 0,
                        "Local Hit Blocks": 0,
                        "Local Read Blocks": 0,
                        "Local Dirtied Blocks": 0,
                        "Local Written Blocks": 0,
                        "Temp Read Blocks": 0,
                        "Temp Written Blocks": 0,
                        "I/O Read Time": 0.000,
                        "I/O Write Time": 0.000,
                        "Temp I/O Read Time": 0.000,
                        "Temp I/O Write Time": 0.000,
                        "WAL Records": 0,
                        "WAL FPI": 0,
                        "WAL Bytes": 0
                      },
                      {
                        "Node Type": "Hash",
                        "Parent Relationship": "Inner",
                        "Parallel Aware": false,
                        "Async Capable": false,
                        "Startup Cost": 3.28,
                        "Total Cost": 3.28,
                        "Plan Rows": 128,
                        "Plan Width": 60,
                        "Actual Startup Time": 0.022,
                        "Actual Total Time": 0.022,
                        "Actual Rows": 128,
                        "Actual Loops": 1,
                        "Output": ["fm.folder_id", "fm.archive_object_id", "fm.membership_role", "fm.member_ordinal", "fm.canonical_assignment_id"],
                        "Hash Buckets": 1024,
                        "Original Hash Buckets": 1024,
                        "Hash Batches": 1,
                        "Original Hash Batches": 1,
                        "Peak Memory Usage": 20,
                        "Shared Hit Blocks": 2,
                        "Shared Read Blocks": 0,
                        "Shared Dirtied Blocks": 0,
                        "Shared Written Blocks": 0,
                        "Local Hit Blocks": 0,
                        "Local Read Blocks": 0,
                        "Local Dirtied Blocks": 0,
                        "Local Written Blocks": 0,
                        "Temp Read Blocks": 0,
                        "Temp Written Blocks": 0,
                        "I/O Read Time": 0.000,
                        "I/O Write Time": 0.000,
                        "Temp I/O Read Time": 0.000,
                        "Temp I/O Write Time": 0.000,
                        "WAL Records": 0,
                        "WAL FPI": 0,
                        "WAL Bytes": 0,
                        "Plans": [
                          {
                            "Node Type": "Seq Scan",
                            "Parent Relationship": "Outer",
                            "Parallel Aware": false,
                            "Async Capable": false,
                            "Relation Name": "assignment_folder_membership",
                            "Schema": "provenance",
                            "Alias": "fm",
                            "Startup Cost": 0.00,
                            "Total Cost": 3.28,
                            "Plan Rows": 128,
                            "Plan Width": 60,
                            "Actual Startup Time": 0.002,
                            "Actual Total Time": 0.010,
                            "Actual Rows": 128,
                            "Actual Loops": 1,
                            "Output": ["fm.folder_id", "fm.archive_object_id", "fm.membership_role", "fm.member_ordinal", "fm.canonical_assignment_id"],
                            "Shared Hit Blocks": 2,
                            "Shared Read Blocks": 0,
                            "Shared Dirtied Blocks": 0,
                            "Shared Written Blocks": 0,
                            "Local Hit Blocks": 0,
                            "Local Read Blocks": 0,
                            "Local Dirtied Blocks": 0,
                            "Local Written Blocks": 0,
                            "Temp Read Blocks": 0,
                            "Temp Written Blocks": 0,
                            "I/O Read Time": 0.000,
                            "I/O Write Time": 0.000,
                            "Temp I/O Read Time": 0.000,
                            "Temp I/O Write Time": 0.000,
                            "WAL Records": 0,
                            "WAL FPI": 0,
                            "WAL Bytes": 0
                          }
                        ]
                      }
                    ]
                  },
                  {
                    "Node Type": "Hash",
                    "Parent Relationship": "Inner",
                    "Parallel Aware": false,
                    "Async Capable": false,
                    "Startup Cost": 3.46,
                    "Total Cost": 3.46,
                    "Plan Rows": 32,
                    "Plan Width": 32,
                    "Actual Startup Time": 0.037,
                    "Actual Total Time": 0.037,
                    "Actual Rows": 32,
                    "Actual Loops": 1,
                    "Output": ["l.archive_object_id", "cm.archive_object_id"],
                    "Hash Buckets": 1024,
                    "Original Hash Buckets": 1024,
                    "Hash Batches": 1,
                    "Original Hash Batches": 1,
                    "Peak Memory Usage": 10,
                    "Shared Hit Blocks": 2,
                    "Shared Read Blocks": 0,
                    "Shared Dirtied Blocks": 0,
                    "Shared Written Blocks": 0,
                    "Local Hit Blocks": 0,
                    "Local Read Blocks": 0,
                    "Local Dirtied Blocks": 0,
                    "Local Written Blocks": 0,
                    "Temp Read Blocks": 0,
                    "Temp Written Blocks": 0,
                    "I/O Read Time": 0.000,
                    "I/O Write Time": 0.000,
                    "Temp I/O Read Time": 0.000,
                    "Temp I/O Write Time": 0.000,
                    "WAL Records": 0,
                    "WAL FPI": 0,
                    "WAL Bytes": 0,
                    "Plans": [
                      {
                        "Node Type": "Hash Join",
                        "Parent Relationship": "Outer",
                        "Parallel Aware": false,
                        "Async Capable": false,
                        "Join Type": "Inner",
                        "Startup Cost": 1.88,
                        "Total Cost": 3.46,
                        "Plan Rows": 32,
                        "Plan Width": 32,
                        "Actual Startup Time": 0.028,
                        "Actual Total Time": 0.034,
                        "Actual Rows": 32,
                        "Actual Loops": 1,
                        "Output": ["l.archive_object_id", "cm.archive_object_id"],
                        "Inner Unique": true,
                        "Hash Cond": "(l.archive_object_id = cm.archive_object_id)",
                        "Shared Hit Blocks": 2,
                        "Shared Read Blocks": 0,
                        "Shared Dirtied Blocks": 0,
                        "Shared Written Blocks": 0,
                        "Local Hit Blocks": 0,
                        "Local Read Blocks": 0,
                        "Local Dirtied Blocks": 0,
                        "Local Written Blocks": 0,
                        "Temp Read Blocks": 0,
                        "Temp Written Blocks": 0,
                        "I/O Read Time": 0.000,
                        "I/O Write Time": 0.000,
                        "Temp I/O Read Time": 0.000,
                        "Temp I/O Write Time": 0.000,
                        "WAL Records": 0,
                        "WAL FPI": 0,
                        "WAL Bytes": 0,
                        "Plans": [
                          {
                            "Node Type": "Seq Scan",
                            "Parent Relationship": "Outer",
                            "Parallel Aware": false,
                            "Async Capable": false,
                            "Relation Name": "legacy_surface_ledger",
                            "Schema": "raw",
                            "Alias": "l",
                            "Startup Cost": 0.00,
                            "Total Cost": 1.48,
                            "Plan Rows": 32,
                            "Plan Width": 16,
                            "Actual Startup Time": 0.005,
                            "Actual Total Time": 0.008,
                            "Actual Rows": 32,
                            "Actual Loops": 1,
                            "Output": ["l.legacy_surface_ledger_id", "l.migration_batch_id", "l.source_record_id", "l.canonical_input_asset_id", "l.input_ordinal", "l.surface_id", "l.legacy_source_record_id", "l.source_fingerprint", "l.import_disposition", "l.archive_object_id", "l.reason_code"],
                            "Filter": "((l.migration_batch_id = 'a0000000-0000-4000-8000-000000000003'::uuid) AND (l.import_disposition = 'accounted'::raw.import_disposition))",
                            "Rows Removed by Filter": 0,
                            "Shared Hit Blocks": 1,
                            "Shared Read Blocks": 0,
                            "Shared Dirtied Blocks": 0,
                            "Shared Written Blocks": 0,
                            "Local Hit Blocks": 0,
                            "Local Read Blocks": 0,
                            "Local Dirtied Blocks": 0,
                            "Local Written Blocks": 0,
                            "Temp Read Blocks": 0,
                            "Temp Written Blocks": 0,
                            "I/O Read Time": 0.000,
                            "I/O Write Time": 0.000,
                            "Temp I/O Read Time": 0.000,
                            "Temp I/O Write Time": 0.000,
                            "WAL Records": 0,
                            "WAL FPI": 0,
                            "WAL Bytes": 0
                          },
                          {
                            "Node Type": "Hash",
                            "Parent Relationship": "Inner",
                            "Parallel Aware": false,
                            "Async Capable": false,
                            "Startup Cost": 1.48,
                            "Total Cost": 1.48,
                            "Plan Rows": 32,
                            "Plan Width": 16,
                            "Actual Startup Time": 0.018,
                            "Actual Total Time": 0.018,
                            "Actual Rows": 32,
                            "Actual Loops": 1,
                            "Output": ["cm.archive_object_id"],
                            "Hash Buckets": 1024,
                            "Original Hash Buckets": 1024,
                            "Hash Batches": 1,
                            "Original Hash Batches": 1,
                            "Peak Memory Usage": 10,
                            "Shared Hit Blocks": 1,
                            "Shared Read Blocks": 0,
                            "Shared Dirtied Blocks": 0,
                            "Shared Written Blocks": 0,
                            "Local Hit Blocks": 0,
                            "Local Read Blocks": 0,
                            "Local Dirtied Blocks": 0,
                            "Local Written Blocks": 0,
                            "Temp Read Blocks": 0,
                            "Temp Written Blocks": 0,
                            "I/O Read Time": 0.000,
                            "I/O Write Time": 0.000,
                            "Temp I/O Read Time": 0.000,
                            "Temp I/O Write Time": 0.000,
                            "WAL Records": 0,
                            "WAL FPI": 0,
                            "WAL Bytes": 0,
                            "Plans": [
                              {
                                "Node Type": "Seq Scan",
                                "Parent Relationship": "Outer",
                                "Parallel Aware": false,
                                "Async Capable": false,
                                "Relation Name": "corpus_membership",
                                "Schema": "research",
                                "Alias": "cm",
                                "Startup Cost": 0.00,
                                "Total Cost": 1.48,
                                "Plan Rows": 32,
                                "Plan Width": 16,
                                "Actual Startup Time": 0.002,
                                "Actual Total Time": 0.004,
                                "Actual Rows": 32,
                                "Actual Loops": 1,
                                "Output": ["cm.archive_object_id"],
                                "Filter": "((cm.corpus_version_id = 'a4000000-0000-4000-8000-000000000002'::uuid) AND (cm.disposition = 'eligible'::research.membership_disposition))",
                                "Rows Removed by Filter": 0,
                                "Shared Hit Blocks": 1,
                                "Shared Read Blocks": 0,
                                "Shared Dirtied Blocks": 0,
                                "Shared Written Blocks": 0,
                                "Local Hit Blocks": 0,
                                "Local Read Blocks": 0,
                                "Local Dirtied Blocks": 0,
                                "Local Written Blocks": 0,
                                "Temp Read Blocks": 0,
                                "Temp Written Blocks": 0,
                                "I/O Read Time": 0.000,
                                "I/O Write Time": 0.000,
                                "Temp I/O Read Time": 0.000,
                                "Temp I/O Write Time": 0.000,
                                "WAL Records": 0,
                                "WAL FPI": 0,
                                "WAL Bytes": 0
                              }
                            ]
                          }
                        ]
                      }
                    ]
                  }
                ]
              },
              {
                "Node Type": "Hash",
                "Parent Relationship": "Inner",
                "Parallel Aware": false,
                "Async Capable": false,
                "Startup Cost": 2.56,
                "Total Cost": 2.56,
                "Plan Rows": 128,
                "Plan Width": 48,
                "Actual Startup Time": 1.633,
                "Actual Total Time": 1.633,
                "Actual Rows": 128,
                "Actual Loops": 1,
                "Output": ["s.assignment_snapshot_sha256", "s.canonical_assignment_id"],
                "Hash Buckets": 1024,
                "Original Hash Buckets": 1024,
                "Hash Batches": 1,
                "Original Hash Batches": 1,
                "Peak Memory Usage": 23,
                "Shared Hit Blocks": 14,
                "Shared Read Blocks": 0,
                "Shared Dirtied Blocks": 0,
                "Shared Written Blocks": 0,
                "Local Hit Blocks": 0,
                "Local Read Blocks": 0,
                "Local Dirtied Blocks": 0,
                "Local Written Blocks": 0,
                "Temp Read Blocks": 0,
                "Temp Written Blocks": 0,
                "I/O Read Time": 0.000,
                "I/O Write Time": 0.000,
                "Temp I/O Read Time": 0.000,
                "Temp I/O Write Time": 0.000,
                "WAL Records": 0,
                "WAL FPI": 0,
                "WAL Bytes": 0,
                "Plans": [
                  {
                    "Node Type": "CTE Scan",
                    "Parent Relationship": "Outer",
                    "Parallel Aware": false,
                    "Async Capable": false,
                    "CTE Name": "assignment_snapshots",
                    "Alias": "s",
                    "Startup Cost": 0.00,
                    "Total Cost": 2.56,
                    "Plan Rows": 128,
                    "Plan Width": 48,
                    "Actual Startup Time": 0.168,
                    "Actual Total Time": 1.621,
                    "Actual Rows": 128,
                    "Actual Loops": 1,
                    "Output": ["s.assignment_snapshot_sha256", "s.canonical_assignment_id"],
                    "Shared Hit Blocks": 14,
                    "Shared Read Blocks": 0,
                    "Shared Dirtied Blocks": 0,
                    "Shared Written Blocks": 0,
                    "Local Hit Blocks": 0,
                    "Local Read Blocks": 0,
                    "Local Dirtied Blocks": 0,
                    "Local Written Blocks": 0,
                    "Temp Read Blocks": 0,
                    "Temp Written Blocks": 0,
                    "I/O Read Time": 0.000,
                    "I/O Write Time": 0.000,
                    "Temp I/O Read Time": 0.000,
                    "Temp I/O Write Time": 0.000,
                    "WAL Records": 0,
                    "WAL FPI": 0,
                    "WAL Bytes": 0
                  }
                ]
              }
            ]
          }
        ]
      }
    ]
  }
}
psql:/private/tmp/graphic_design_archive_v49_repository_hygiene/database/tests/009_release_projection_snapshot_performance_scale.sql:34: LOG:  duration: 1.547 ms  plan:
{
  "Query Text": "INSERT INTO release.research_release_object(research_release_id,archive_object_id,object_urn,legacy_surface_id,title,publication_layer,acceptance_state,workflow_state)\n  SELECT p_release_id,archive_object_id,object_urn,surface_id,preferred_label,'active','accepted','resolved'\n  FROM gda_v5_expected_objects",
  "Plan": {
    "Node Type": "ModifyTable",
    "Operation": "Insert",
    "Parallel Aware": false,
    "Async Capable": false,
    "Relation Name": "research_release_object",
    "Schema": "release",
    "Alias": "research_release_object",
    "Startup Cost": 0.00,
    "Total Cost": 1.32,
    "Plan Rows": 0,
    "Plan Width": 0,
    "Actual Startup Time": 1.245,
    "Actual Total Time": 1.245,
    "Actual Rows": 0,
    "Actual Loops": 1,
    "Shared Hit Blocks": 524,
    "Shared Read Blocks": 0,
    "Shared Dirtied Blocks": 11,
    "Shared Written Blocks": 6,
    "Local Hit Blocks": 1,
    "Local Read Blocks": 0,
    "Local Dirtied Blocks": 0,
    "Local Written Blocks": 0,
    "Temp Read Blocks": 0,
    "Temp Written Blocks": 0,
    "I/O Read Time": 0.000,
    "I/O Write Time": 0.079,
    "Temp I/O Read Time": 0.000,
    "Temp I/O Write Time": 0.000,
    "WAL Records": 199,
    "WAL FPI": 0,
    "WAL Bytes": 24178,
    "Plans": [
      {
        "Node Type": "Seq Scan",
        "Parent Relationship": "Outer",
        "Parallel Aware": false,
        "Async Capable": false,
        "Relation Name": "gda_v5_expected_objects",
        "Schema": "pg_temp",
        "Alias": "gda_v5_expected_objects",
        "Startup Cost": 0.00,
        "Total Cost": 1.32,
        "Plan Rows": 32,
        "Plan Width": 140,
        "Actual Startup Time": 0.002,
        "Actual Total Time": 0.006,
        "Actual Rows": 32,
        "Actual Loops": 1,
        "Output": ["'a3200000-0000-4000-8000-000000000001'::uuid", "gda_v5_expected_objects.archive_object_id", "gda_v5_expected_objects.object_urn", "gda_v5_expected_objects.surface_id", "gda_v5_expected_objects.preferred_label", "'active'::release.publication_layer", "'accepted'::provenance.assertion_status", "'resolved'::workflow.queue_state"],
        "Shared Hit Blocks": 0,
        "Shared Read Blocks": 0,
        "Shared Dirtied Blocks": 0,
        "Shared Written Blocks": 0,
        "Local Hit Blocks": 1,
        "Local Read Blocks": 0,
        "Local Dirtied Blocks": 0,
        "Local Written Blocks": 0,
        "Temp Read Blocks": 0,
        "Temp Written Blocks": 0,
        "I/O Read Time": 0.000,
        "I/O Write Time": 0.000,
        "Temp I/O Read Time": 0.000,
        "Temp I/O Write Time": 0.000,
        "WAL Records": 0,
        "WAL FPI": 0,
        "WAL Bytes": 0
      }
    ]
  }
}
psql:/private/tmp/graphic_design_archive_v49_repository_hygiene/database/tests/009_release_projection_snapshot_performance_scale.sql:34: LOG:  duration: 1.602 ms  plan:
{
  "Query Text": "INSERT INTO release.research_surface_presentation_projection_v3(research_release_id,archive_object_id,public_surface_id,title,title_missingness,display_date,display_date_missingness,normalized_year,normalized_year_missingness,place_label,place_missingness,medium_label,medium_missingness,type_label,type_missingness,source_label,description,description_missingness,public_citation_label,public_source_route,publication_layer)\n  SELECT p_release_id,ro.archive_object_id,ro.legacy_surface_id,ro.title,\n    CASE WHEN ro.title IS NULL THEN 'missing' ELSE 'present' END,NULL,'missing',NULL,'missing',NULL,'missing',NULL,'missing',NULL,'missing',allow.citation_label,NULL,'missing',allow.citation_label,\n    '/sources/'||encode(sha256(convert_to(allow.citation_label,'UTF8')),'hex'),ro.publication_layer\n  FROM release.research_release_object ro CROSS JOIN research.public_source_citation_allowlist_v3 allow\n  WHERE ro.research_release_id=p_release_id AND allow.source_asset_id=v_asset_id",
  "Plan": {
    "Node Type": "ModifyTable",
    "Operation": "Insert",
    "Parallel Aware": false,
    "Async Capable": false,
    "Relation Name": "research_surface_presentation_projection_v3",
    "Schema": "release",
    "Alias": "research_surface_presentation_projection_v3",
    "Startup Cost": 4.31,
    "Total Cost": 17.71,
    "Plan Rows": 0,
    "Plan Width": 0,
    "Actual Startup Time": 1.416,
    "Actual Total Time": 1.416,
    "Actual Rows": 0,
    "Actual Loops": 1,
    "Shared Hit Blocks": 309,
    "Shared Read Blocks": 2,
    "Shared Dirtied Blocks": 7,
    "Shared Written Blocks": 7,
    "Local Hit Blocks": 0,
    "Local Read Blocks": 0,
    "Local Dirtied Blocks": 0,
    "Local Written Blocks": 0,
    "Temp Read Blocks": 0,
    "Temp Written Blocks": 0,
    "I/O Read Time": 0.044,
    "I/O Write Time": 0.074,
    "Temp I/O Read Time": 0.000,
    "Temp I/O Write Time": 0.000,
    "WAL Records": 99,
    "WAL FPI": 0,
    "WAL Bytes": 17837,
    "Plans": [
      {
        "Node Type": "Nested Loop",
        "Parent Relationship": "Outer",
        "Parallel Aware": false,
        "Async Capable": false,
        "Join Type": "Inner",
        "Startup Cost": 4.31,
        "Total Cost": 17.71,
        "Plan Rows": 2,
        "Plan Width": 584,
        "Actual Startup Time": 0.012,
        "Actual Total Time": 0.051,
        "Actual Rows": 32,
        "Actual Loops": 1,
        "Output": ["'a3200000-0000-4000-8000-000000000001'::uuid", "ro.archive_object_id", "ro.legacy_surface_id", "ro.title", "CASE WHEN (ro.title IS NULL) THEN 'missing'::text ELSE 'present'::text END", "NULL::text", "'missing'::text", "NULL::integer", "'missing'::text", "NULL::text", "'missing'::text", "NULL::text", "'missing'::text", "NULL::text", "'missing'::text", "allow.citation_label", "NULL::text", "'missing'::text", "allow.citation_label", "('/sources/'::text || encode(sha256(convert_to(allow.citation_label, 'UTF8'::name)), 'hex'::text))", "ro.publication_layer"],
        "Inner Unique": false,
        "Shared Hit Blocks": 4,
        "Shared Read Blocks": 0,
        "Shared Dirtied Blocks": 0,
        "Shared Written Blocks": 0,
        "Local Hit Blocks": 0,
        "Local Read Blocks": 0,
        "Local Dirtied Blocks": 0,
        "Local Written Blocks": 0,
        "Temp Read Blocks": 0,
        "Temp Written Blocks": 0,
        "I/O Read Time": 0.000,
        "I/O Write Time": 0.000,
        "Temp I/O Read Time": 0.000,
        "Temp I/O Write Time": 0.000,
        "WAL Records": 0,
        "WAL FPI": 0,
        "WAL Bytes": 0,
        "Plans": [
          {
            "Node Type": "Index Scan",
            "Parent Relationship": "Outer",
            "Parallel Aware": false,
            "Async Capable": false,
            "Scan Direction": "Forward",
            "Index Name": "public_source_citation_allowlist_v3_pkey",
            "Relation Name": "public_source_citation_allowlist_v3",
            "Schema": "research",
            "Alias": "allow",
            "Startup Cost": 0.15,
            "Total Cost": 8.17,
            "Plan Rows": 1,
            "Plan Width": 32,
            "Actual Startup Time": 0.002,
            "Actual Total Time": 0.002,
            "Actual Rows": 1,
            "Actual Loops": 1,
            "Output": ["allow.source_asset_id", "allow.citation_label", "allow.created_at"],
            "Index Cond": "(allow.source_asset_id = 'a0000000-0000-4000-8000-000000000001'::uuid)",
            "Rows Removed by Index Recheck": 0,
            "Shared Hit Blocks": 2,
            "Shared Read Blocks": 0,
            "Shared Dirtied Blocks": 0,
            "Shared Written Blocks": 0,
            "Local Hit Blocks": 0,
            "Local Read Blocks": 0,
            "Local Dirtied Blocks": 0,
            "Local Written Blocks": 0,
            "Temp Read Blocks": 0,
            "Temp Written Blocks": 0,
            "I/O Read Time": 0.000,
            "I/O Write Time": 0.000,
            "Temp I/O Read Time": 0.000,
            "Temp I/O Write Time": 0.000,
            "WAL Records": 0,
            "WAL FPI": 0,
            "WAL Bytes": 0
          },
          {
            "Node Type": "Bitmap Heap Scan",
            "Parent Relationship": "Inner",
            "Parallel Aware": false,
            "Async Capable": false,
            "Relation Name": "research_release_object",
            "Schema": "release",
            "Alias": "ro",
            "Startup Cost": 4.16,
            "Total Cost": 9.50,
            "Plan Rows": 2,
            "Plan Width": 84,
            "Actual Startup Time": 0.003,
            "Actual Total Time": 0.004,
            "Actual Rows": 32,
            "Actual Loops": 1,
            "Output": ["ro.research_release_id", "ro.archive_object_id", "ro.object_urn", "ro.legacy_surface_id", "ro.title", "ro.publication_layer", "ro.acceptance_state", "ro.workflow_state"],
            "Recheck Cond": "(ro.research_release_id = 'a3200000-0000-4000-8000-000000000001'::uuid)",
            "Rows Removed by Index Recheck": 0,
            "Exact Heap Blocks": 1,
            "Lossy Heap Blocks": 0,
            "Shared Hit Blocks": 2,
            "Shared Read Blocks": 0,
            "Shared Dirtied Blocks": 0,
            "Shared Written Blocks": 0,
            "Local Hit Blocks": 0,
            "Local Read Blocks": 0,
            "Local Dirtied Blocks": 0,
            "Local Written Blocks": 0,
            "Temp Read Blocks": 0,
            "Temp Written Blocks": 0,
            "I/O Read Time": 0.000,
            "I/O Write Time": 0.000,
            "Temp I/O Read Time": 0.000,
            "Temp I/O Write Time": 0.000,
            "WAL Records": 0,
            "WAL FPI": 0,
            "WAL Bytes": 0,
            "Plans": [
              {
                "Node Type": "Bitmap Index Scan",
                "Parent Relationship": "Outer",
                "Parallel Aware": false,
                "Async Capable": false,
                "Index Name": "research_release_object_legacy_idx",
                "Startup Cost": 0.00,
                "Total Cost": 4.16,
                "Plan Rows": 2,
                "Plan Width": 0,
                "Actual Startup Time": 0.001,
                "Actual Total Time": 0.001,
                "Actual Rows": 32,
                "Actual Loops": 1,
                "Index Cond": "(ro.research_release_id = 'a3200000-0000-4000-8000-000000000001'::uuid)",
                "Shared Hit Blocks": 1,
                "Shared Read Blocks": 0,
                "Shared Dirtied Blocks": 0,
                "Shared Written Blocks": 0,
                "Local Hit Blocks": 0,
                "Local Read Blocks": 0,
                "Local Dirtied Blocks": 0,
                "Local Written Blocks": 0,
                "Temp Read Blocks": 0,
                "Temp Written Blocks": 0,
                "I/O Read Time": 0.000,
                "I/O Write Time": 0.000,
                "Temp I/O Read Time": 0.000,
                "Temp I/O Write Time": 0.000,
                "WAL Records": 0,
                "WAL FPI": 0,
                "WAL Bytes": 0
              }
            ]
          }
        ]
      }
    ]
  }
}
psql:/private/tmp/graphic_design_archive_v49_repository_hygiene/database/tests/009_release_projection_snapshot_performance_scale.sql:34: LOG:  duration: 1.236 ms  plan:
{
  "Query Text": "INSERT INTO release.research_surface_citation_projection_v3\n  SELECT p_release_id,archive_object_id,0,public_citation_label,public_source_route\n  FROM release.research_surface_presentation_projection_v3 WHERE research_release_id=p_release_id",
  "Plan": {
    "Node Type": "ModifyTable",
    "Operation": "Insert",
    "Parallel Aware": false,
    "Async Capable": false,
    "Relation Name": "research_surface_citation_projection_v3",
    "Schema": "release",
    "Alias": "research_surface_citation_projection_v3",
    "Startup Cost": 0.14,
    "Total Cost": 8.16,
    "Plan Rows": 0,
    "Plan Width": 0,
    "Actual Startup Time": 0.995,
    "Actual Total Time": 0.995,
    "Actual Rows": 0,
    "Actual Loops": 1,
    "Shared Hit Blocks": 265,
    "Shared Read Blocks": 1,
    "Shared Dirtied Blocks": 3,
    "Shared Written Blocks": 2,
    "Local Hit Blocks": 0,
    "Local Read Blocks": 0,
    "Local Dirtied Blocks": 0,
    "Local Written Blocks": 0,
    "Temp Read Blocks": 0,
    "Temp Written Blocks": 0,
    "I/O Read Time": 0.025,
    "I/O Write Time": 0.033,
    "Temp I/O Read Time": 0.000,
    "Temp I/O Write Time": 0.000,
    "WAL Records": 65,
    "WAL FPI": 0,
    "WAL Bytes": 9722,
    "Plans": [
      {
        "Node Type": "Index Scan",
        "Parent Relationship": "Outer",
        "Parallel Aware": false,
        "Async Capable": false,
        "Scan Direction": "Forward",
        "Index Name": "research_surface_presentation_research_release_id_public_su_key",
        "Relation Name": "research_surface_presentation_projection_v3",
        "Schema": "release",
        "Alias": "research_surface_presentation_projection_v3",
        "Startup Cost": 0.14,
        "Total Cost": 8.16,
        "Plan Rows": 1,
        "Plan Width": 100,
        "Actual Startup Time": 0.005,
        "Actual Total Time": 0.012,
        "Actual Rows": 32,
        "Actual Loops": 1,
        "Output": ["'a3200000-0000-4000-8000-000000000001'::uuid", "research_surface_presentation_projection_v3.archive_object_id", "0", "research_surface_presentation_projection_v3.public_citation_label", "research_surface_presentation_projection_v3.public_source_route"],
        "Index Cond": "(research_surface_presentation_projection_v3.research_release_id = 'a3200000-0000-4000-8000-000000000001'::uuid)",
        "Rows Removed by Index Recheck": 0,
        "Shared Hit Blocks": 6,
        "Shared Read Blocks": 0,
        "Shared Dirtied Blocks": 0,
        "Shared Written Blocks": 0,
        "Local Hit Blocks": 0,
        "Local Read Blocks": 0,
        "Local Dirtied Blocks": 0,
        "Local Written Blocks": 0,
        "Temp Read Blocks": 0,
        "Temp Written Blocks": 0,
        "I/O Read Time": 0.000,
        "I/O Write Time": 0.000,
        "Temp I/O Read Time": 0.000,
        "Temp I/O Write Time": 0.000,
        "WAL Records": 0,
        "WAL FPI": 0,
        "WAL Bytes": 0
      }
    ]
  }
}
psql:/private/tmp/graphic_design_archive_v49_repository_hygiene/database/tests/009_release_projection_snapshot_performance_scale.sql:34: LOG:  duration: 3.880 ms  plan:
{
  "Query Text": "INSERT INTO release.research_folder_membership_projection_v3\n  SELECT p_release_id,e.folder_id,e.archive_object_id,e.source_assignment_id,e.membership_role,e.member_ordinal,\n    'accepted',e.assignment_snapshot_sha256,e.effective_decision_id,e.decision_snapshot_sha256\n  FROM gda_v5_expected_memberships e",
  "Plan": {
    "Node Type": "ModifyTable",
    "Operation": "Insert",
    "Parallel Aware": false,
    "Async Capable": false,
    "Relation Name": "research_folder_membership_projection_v3",
    "Schema": "release",
    "Alias": "research_folder_membership_projection_v3",
    "Startup Cost": 0.00,
    "Total Cost": 5.28,
    "Plan Rows": 0,
    "Plan Width": 0,
    "Actual Startup Time": 2.298,
    "Actual Total Time": 2.298,
    "Actual Rows": 0,
    "Actual Loops": 1,
    "Shared Hit Blocks": 1437,
    "Shared Read Blocks": 4,
    "Shared Dirtied Blocks": 20,
    "Shared Written Blocks": 18,
    "Local Hit Blocks": 4,
    "Local Read Blocks": 0,
    "Local Dirtied Blocks": 0,
    "Local Written Blocks": 0,
    "Temp Read Blocks": 0,
    "Temp Written Blocks": 0,
    "I/O Read Time": 0.086,
    "I/O Write Time": 0.166,
    "Temp I/O Read Time": 0.000,
    "Temp I/O Write Time": 0.000,
    "WAL Records": 647,
    "WAL FPI": 0,
    "WAL Bytes": 96638,
    "Plans": [
      {
        "Node Type": "Seq Scan",
        "Parent Relationship": "Outer",
        "Parallel Aware": false,
        "Async Capable": false,
        "Relation Name": "gda_v5_expected_memberships",
        "Schema": "pg_temp",
        "Alias": "e",
        "Startup Cost": 0.00,
        "Total Cost": 5.28,
        "Plan Rows": 128,
        "Plan Width": 184,
        "Actual Startup Time": 0.002,
        "Actual Total Time": 0.018,
        "Actual Rows": 128,
        "Actual Loops": 1,
        "Output": ["'a3200000-0000-4000-8000-000000000001'::uuid", "e.folder_id", "e.archive_object_id", "e.source_assignment_id", "e.membership_role", "e.member_ordinal", "'accepted'::provenance.assertion_status", "e.assignment_snapshot_sha256", "e.effective_decision_id", "e.decision_snapshot_sha256"],
        "Shared Hit Blocks": 0,
        "Shared Read Blocks": 0,
        "Shared Dirtied Blocks": 0,
        "Shared Written Blocks": 0,
        "Local Hit Blocks": 4,
        "Local Read Blocks": 0,
        "Local Dirtied Blocks": 0,
        "Local Written Blocks": 0,
        "Temp Read Blocks": 0,
        "Temp Written Blocks": 0,
        "I/O Read Time": 0.000,
        "I/O Write Time": 0.000,
        "Temp I/O Read Time": 0.000,
        "Temp I/O Write Time": 0.000,
        "WAL Records": 0,
        "WAL FPI": 0,
        "WAL Bytes": 0
      }
    ]
  }
}
psql:/private/tmp/graphic_design_archive_v49_repository_hygiene/database/tests/009_release_projection_snapshot_performance_scale.sql:34: LOG:  duration: 2.948 ms  plan:
{
  "Query Text": "INSERT INTO gda_v5_component_rows\n  SELECT 'releaseObjects',archive_object_id::text,encode(sha256(convert_to(jsonb_build_array(archive_object_id,object_urn,legacy_surface_id,title,publication_layer,acceptance_state,workflow_state)::text,'UTF8')),'hex')::core.sha256_hex FROM release.research_release_object WHERE research_release_id=p_release_id\n  UNION ALL SELECT 'surfacePresentation',archive_object_id::text,encode(sha256(convert_to(jsonb_build_array(archive_object_id,public_surface_id,title,title_missingness,display_date,display_date_missingness,normalized_year,normalized_year_missingness,place_label,place_missingness,medium_label,medium_missingness,type_label,type_missingness,source_label,description,description_missingness,public_citation_label,public_source_route,publication_layer)::text,'UTF8')),'hex')::core.sha256_hex FROM release.research_surface_presentation_projection_v3 WHERE research_release_id=p_release_id\n  UNION ALL SELECT 'surfaceCredits',archive_object_id::text||':'||lpad(credit_ordinal::text,12,'0'),encode(sha256(convert_to(jsonb_build_array(archive_object_id,credit_ordinal,credited_label,credit_role)::text,'UTF8')),'hex')::core.sha256_hex FROM release.research_surface_credit_projection_v3 WHERE research_release_id=p_release_id\n  UNION ALL SELECT 'surfaceCitations',archive_object_id::text||':'||lpad(citation_ordinal::text,12,'0'),encode(sha256(convert_to(jsonb_build_array(archive_object_id,citation_ordinal,citation_label,public_source_route)::text,'UTF8')),'hex')::core.sha256_hex FROM release.research_surface_citation_projection_v3 WHERE research_release_id=p_release_id\n  UNION ALL SELECT 'folderTypes',lpad(sort_ordinal::text,12,'0')||':'||folder_type_code,encode(sha256(convert_to(jsonb_build_array(folder_type_code,type_label,sort_ordinal)::text,'UTF8')),'hex')::core.sha256_hex FROM release.research_folder_type_projection_v3 WHERE research_release_id=p_release_id\n  UNION ALL SELECT 'folders',folder_type_code||':'||lpad(sort_ordinal::text,12,'0')||':'||folder_id::text,encode(sha256(convert_to(jsonb_build_array(folder_id,folder_token,folder_type_code,slug,label,scope_note,sort_ordinal)::text,'UTF8')),'hex')::core.sha256_hex FROM release.research_folder_projection_v3 WHERE research_release_id=p_release_id\n  UNION ALL SELECT 'folderMemberships',folder_id::text||':'||membership_role||':'||lpad(member_ordinal::text,12,'0')||':'||archive_object_id::text,encode(sha256(convert_to(jsonb_build_array(folder_id,archive_object_id,source_assignment_id,membership_role,member_ordinal,source_assignment_status,source_assignment_snapshot_sha256,effective_decision_id,effective_decision_snapshot_sha256)::text,'UTF8')),'hex')::core.sha256_hex FROM release.research_folder_membership_projection_v3 WHERE research_release_id=p_release_id\n  UNION ALL SELECT 'searchDocuments',sort_key||':'||archive_object_id::text,encode(sha256(convert_to(jsonb_build_array(archive_object_id,public_surface_id,title,search_document,sort_key)::text,'UTF8')),'hex')::core.sha256_hex FROM release.research_search_document_projection_v3 WHERE research_release_id=p_release_id\n  UNION ALL SELECT 'corpusSummary',corpus_version_id::text,encode(sha256(convert_to(jsonb_build_array(corpus_version_id,corpus_token,corpus_version_token,corpus_label,eligible_object_count,held_object_count)::text,'UTF8')),'hex')::core.sha256_hex FROM release.research_corpus_summary_projection_v3 WHERE research_release_id=p_release_id\n  UNION ALL SELECT 'traceAvailability',research_release_id::text,encode(sha256(convert_to(jsonb_build_array(trace_eligible_object_count,trace_relation_count,availability_reason)::text,'UTF8')),'hex')::core.sha256_hex FROM release.research_trace_availability_projection_v3 WHERE research_release_id=p_release_id",
  "Plan": {
    "Node Type": "ModifyTable",
    "Operation": "Insert",
    "Parallel Aware": false,
    "Async Capable": false,
    "Relation Name": "gda_v5_component_rows",
    "Schema": "pg_temp",
    "Alias": "gda_v5_component_rows",
    "Startup Cost": 4.16,
    "Total Cost": 99.87,
    "Plan Rows": 0,
    "Plan Width": 0,
    "Actual Startup Time": 2.947,
    "Actual Total Time": 2.948,
    "Actual Rows": 0,
    "Actual Loops": 1,
    "Shared Hit Blocks": 29,
    "Shared Read Blocks": 0,
    "Shared Dirtied Blocks": 0,
    "Shared Written Blocks": 0,
    "Local Hit Blocks": 273,
    "Local Read Blocks": 0,
    "Local Dirtied Blocks": 8,
    "Local Written Blocks": 10,
    "Temp Read Blocks": 0,
    "Temp Written Blocks": 0,
    "I/O Read Time": 0.000,
    "I/O Write Time": 0.000,
    "Temp I/O Read Time": 0.000,
    "Temp I/O Write Time": 0.000,
    "WAL Records": 0,
    "WAL FPI": 0,
    "WAL Bytes": 0,
    "Plans": [
      {
        "Node Type": "Append",
        "Parent Relationship": "Outer",
        "Parallel Aware": false,
        "Async Capable": false,
        "Startup Cost": 4.16,
        "Total Cost": 99.87,
        "Plan Rows": 22,
        "Plan Width": 96,
        "Actual Startup Time": 0.026,
        "Actual Total Time": 2.724,
        "Actual Rows": 263,
        "Actual Loops": 1,
        "Shared Hit Blocks": 29,
        "Shared Read Blocks": 0,
        "Shared Dirtied Blocks": 0,
        "Shared Written Blocks": 0,
        "Local Hit Blocks": 0,
        "Local Read Blocks": 0,
        "Local Dirtied Blocks": 0,
        "Local Written Blocks": 0,
        "Temp Read Blocks": 0,
        "Temp Written Blocks": 0,
        "I/O Read Time": 0.000,
        "I/O Write Time": 0.000,
        "Temp I/O Read Time": 0.000,
        "Temp I/O Write Time": 0.000,
        "WAL Records": 0,
        "WAL FPI": 0,
        "WAL Bytes": 0,
        "Subplans Removed": 0,
        "Plans": [
          {
            "Node Type": "Bitmap Heap Scan",
            "Parent Relationship": "Member",
            "Parallel Aware": false,
            "Async Capable": false,
            "Relation Name": "research_release_object",
            "Schema": "release",
            "Alias": "research_release_object",
            "Startup Cost": 4.16,
            "Total Cost": 9.55,
            "Plan Rows": 2,
            "Plan Width": 96,
            "Actual Startup Time": 0.026,
            "Actual Total Time": 0.329,
            "Actual Rows": 32,
            "Actual Loops": 1,
            "Output": ["'releaseObjects'::text", "(research_release_object.archive_object_id)::text", "(encode(sha256(convert_to((jsonb_build_array(research_release_object.archive_object_id, research_release_object.object_urn, research_release_object.legacy_surface_id, research_release_object.title, research_release_object.publication_layer, research_release_object.acceptance_state, research_release_object.workflow_state))::text, 'UTF8'::name)), 'hex'::text))::core.sha256_hex"],
            "Recheck Cond": "(research_release_object.research_release_id = 'a3200000-0000-4000-8000-000000000001'::uuid)",
            "Rows Removed by Index Recheck": 0,
            "Exact Heap Blocks": 1,
            "Lossy Heap Blocks": 0,
            "Shared Hit Blocks": 2,
            "Shared Read Blocks": 0,
            "Shared Dirtied Blocks": 0,
            "Shared Written Blocks": 0,
            "Local Hit Blocks": 0,
            "Local Read Blocks": 0,
            "Local Dirtied Blocks": 0,
            "Local Written Blocks": 0,
            "Temp Read Blocks": 0,
            "Temp Written Blocks": 0,
            "I/O Read Time": 0.000,
            "I/O Write Time": 0.000,
            "Temp I/O Read Time": 0.000,
            "Temp I/O Write Time": 0.000,
            "WAL Records": 0,
            "WAL FPI": 0,
            "WAL Bytes": 0,
            "Plans": [
              {
                "Node Type": "Bitmap Index Scan",
                "Parent Relationship": "Outer",
                "Parallel Aware": false,
                "Async Capable": false,
                "Index Name": "research_release_object_legacy_idx",
                "Startup Cost": 0.00,
                "Total Cost": 4.16,
                "Plan Rows": 2,
                "Plan Width": 0,
                "Actual Startup Time": 0.002,
                "Actual Total Time": 0.002,
                "Actual Rows": 32,
                "Actual Loops": 1,
                "Index Cond": "(research_release_object.research_release_id = 'a3200000-0000-4000-8000-000000000001'::uuid)",
                "Shared Hit Blocks": 1,
                "Shared Read Blocks": 0,
                "Shared Dirtied Blocks": 0,
                "Shared Written Blocks": 0,
                "Local Hit Blocks": 0,
                "Local Read Blocks": 0,
                "Local Dirtied Blocks": 0,
                "Local Written Blocks": 0,
                "Temp Read Blocks": 0,
                "Temp Written Blocks": 0,
                "I/O Read Time": 0.000,
                "I/O Write Time": 0.000,
                "Temp I/O Read Time": 0.000,
                "Temp I/O Write Time": 0.000,
                "WAL Records": 0,
                "WAL FPI": 0,
                "WAL Bytes": 0
              }
            ]
          },
          {
            "Node Type": "Index Scan",
            "Parent Relationship": "Member",
            "Parallel Aware": false,
            "Async Capable": false,
            "Scan Direction": "Forward",
            "Index Name": "research_surface_presentation_research_release_id_public_su_key",
            "Relation Name": "research_surface_presentation_projection_v3",
            "Schema": "release",
            "Alias": "research_surface_presentation_projection_v3",
            "Startup Cost": 0.14,
            "Total Cost": 8.19,
            "Plan Rows": 1,
            "Plan Width": 96,
            "Actual Startup Time": 0.017,
            "Actual Total Time": 0.361,
            "Actual Rows": 32,
            "Actual Loops": 1,
            "Output": ["'surfacePresentation'::text", "(research_surface_presentation_projection_v3.archive_object_id)::text", "(encode(sha256(convert_to((jsonb_build_array(research_surface_presentation_projection_v3.archive_object_id, research_surface_presentation_projection_v3.public_surface_id, research_surface_presentation_projection_v3.title, research_surface_presentation_projection_v3.title_missingness, research_surface_presentation_projection_v3.display_date, research_surface_presentation_projection_v3.display_date_missingness, research_surface_presentation_projection_v3.normalized_year, research_surface_presentation_projection_v3.normalized_year_missingness, research_surface_presentation_projection_v3.place_label, research_surface_presentation_projection_v3.place_missingness, research_surface_presentation_projection_v3.medium_label, research_surface_presentation_projection_v3.medium_missingness, research_surface_presentation_projection_v3.type_label, research_surface_presentation_projection_v3.type_missingness, research_surface_presentation_projection_v3.source_label, research_surface_presentation_projection_v3.description, research_surface_presentation_projection_v3.description_missingness, research_surface_presentation_projection_v3.public_citation_label, research_surface_presentation_projection_v3.public_source_route, research_surface_presentation_projection_v3.publication_layer))::text, 'UTF8'::name)), 'hex'::text))::core.sha256_hex"],
            "Index Cond": "(research_surface_presentation_projection_v3.research_release_id = 'a3200000-0000-4000-8000-000000000001'::uuid)",
            "Rows Removed by Index Recheck": 0,
            "Shared Hit Blocks": 6,
            "Shared Read Blocks": 0,
            "Shared Dirtied Blocks": 0,
            "Shared Written Blocks": 0,
            "Local Hit Blocks": 0,
            "Local Read Blocks": 0,
            "Local Dirtied Blocks": 0,
            "Local Written Blocks": 0,
            "Temp Read Blocks": 0,
            "Temp Written Blocks": 0,
            "I/O Read Time": 0.000,
            "I/O Write Time": 0.000,
            "Temp I/O Read Time": 0.000,
            "Temp I/O Write Time": 0.000,
            "WAL Records": 0,
            "WAL FPI": 0,
            "WAL Bytes": 0
          },
          {
            "Node Type": "Bitmap Heap Scan",
            "Parent Relationship": "Member",
            "Parallel Aware": false,
            "Async Capable": false,
            "Relation Name": "research_surface_credit_projection_v3",
            "Schema": "release",
            "Alias": "research_surface_credit_projection_v3",
            "Startup Cost": 4.17,
            "Total Cost": 11.39,
            "Plan Rows": 3,
            "Plan Width": 96,
            "Actual Startup Time": 0.002,
            "Actual Total Time": 0.002,
            "Actual Rows": 0,
            "Actual Loops": 1,
            "Output": ["'surfaceCredits'::text", "(((research_surface_credit_projection_v3.archive_object_id)::text || ':'::text) || lpad((research_surface_credit_projection_v3.credit_ordinal)::text, 12, '0'::text))", "(encode(sha256(convert_to((jsonb_build_array(research_surface_credit_projection_v3.archive_object_id, research_surface_credit_projection_v3.credit_ordinal, research_surface_credit_projection_v3.credited_label, research_surface_credit_projection_v3.credit_role))::text, 'UTF8'::name)), 'hex'::text))::core.sha256_hex"],
            "Recheck Cond": "(research_surface_credit_projection_v3.research_release_id = 'a3200000-0000-4000-8000-000000000001'::uuid)",
            "Rows Removed by Index Recheck": 0,
            "Exact Heap Blocks": 0,
            "Lossy Heap Blocks": 0,
            "Shared Hit Blocks": 3,
            "Shared Read Blocks": 0,
            "Shared Dirtied Blocks": 0,
            "Shared Written Blocks": 0,
            "Local Hit Blocks": 0,
            "Local Read Blocks": 0,
            "Local Dirtied Blocks": 0,
            "Local Written Blocks": 0,
            "Temp Read Blocks": 0,
            "Temp Written Blocks": 0,
            "I/O Read Time": 0.000,
            "I/O Write Time": 0.000,
            "Temp I/O Read Time": 0.000,
            "Temp I/O Write Time": 0.000,
            "WAL Records": 0,
            "WAL FPI": 0,
            "WAL Bytes": 0,
            "Plans": [
              {
                "Node Type": "Bitmap Index Scan",
                "Parent Relationship": "Outer",
                "Parallel Aware": false,
                "Async Capable": false,
                "Index Name": "research_surface_credit_projection_v3_pkey",
                "Startup Cost": 0.00,
                "Total Cost": 4.17,
                "Plan Rows": 3,
                "Plan Width": 0,
                "Actual Startup Time": 0.001,
                "Actual Total Time": 0.001,
                "Actual Rows": 0,
                "Actual Loops": 1,
                "Index Cond": "(research_surface_credit_projection_v3.research_release_id = 'a3200000-0000-4000-8000-000000000001'::uuid)",
                "Shared Hit Blocks": 3,
                "Shared Read Blocks": 0,
                "Shared Dirtied Blocks": 0,
                "Shared Written Blocks": 0,
                "Local Hit Blocks": 0,
                "Local Read Blocks": 0,
                "Local Dirtied Blocks": 0,
                "Local Written Blocks": 0,
                "Temp Read Blocks": 0,
                "Temp Written Blocks": 0,
                "I/O Read Time": 0.000,
                "I/O Write Time": 0.000,
                "Temp I/O Read Time": 0.000,
                "Temp I/O Write Time": 0.000,
                "WAL Records": 0,
                "WAL FPI": 0,
                "WAL Bytes": 0
              }
            ]
          },
          {
            "Node Type": "Bitmap Heap Scan",
            "Parent Relationship": "Member",
            "Parallel Aware": false,
            "Async Capable": false,
            "Relation Name": "research_surface_citation_projection_v3",
            "Schema": "release",
            "Alias": "research_surface_citation_projection_v3",
            "Startup Cost": 4.17,
            "Total Cost": 11.39,
            "Plan Rows": 3,
            "Plan Width": 96,
            "Actual Startup Time": 0.014,
            "Actual Total Time": 0.282,
            "Actual Rows": 32,
            "Actual Loops": 1,
            "Output": ["'surfaceCitations'::text", "(((research_surface_citation_projection_v3.archive_object_id)::text || ':'::text) || lpad((research_surface_citation_projection_v3.citation_ordinal)::text, 12, '0'::text))", "(encode(sha256(convert_to((jsonb_build_array(research_surface_citation_projection_v3.archive_object_id, research_surface_citation_projection_v3.citation_ordinal, research_surface_citation_projection_v3.citation_label, research_surface_citation_projection_v3.public_source_route))::text, 'UTF8'::name)), 'hex'::text))::core.sha256_hex"],
            "Recheck Cond": "(research_surface_citation_projection_v3.research_release_id = 'a3200000-0000-4000-8000-000000000001'::uuid)",
            "Rows Removed by Index Recheck": 0,
            "Exact Heap Blocks": 1,
            "Lossy Heap Blocks": 0,
            "Shared Hit Blocks": 2,
            "Shared Read Blocks": 0,
            "Shared Dirtied Blocks": 0,
            "Shared Written Blocks": 0,
            "Local Hit Blocks": 0,
            "Local Read Blocks": 0,
            "Local Dirtied Blocks": 0,
            "Local Written Blocks": 0,
            "Temp Read Blocks": 0,
            "Temp Written Blocks": 0,
            "I/O Read Time": 0.000,
            "I/O Write Time": 0.000,
            "Temp I/O Read Time": 0.000,
            "Temp I/O Write Time": 0.000,
            "WAL Records": 0,
            "WAL FPI": 0,
            "WAL Bytes": 0,
            "Plans": [
              {
                "Node Type": "Bitmap Index Scan",
                "Parent Relationship": "Outer",
                "Parallel Aware": false,
                "Async Capable": false,
                "Index Name": "research_surface_citation_projection_v3_pkey",
                "Startup Cost": 0.00,
                "Total Cost": 4.17,
                "Plan Rows": 3,
                "Plan Width": 0,
                "Actual Startup Time": 0.002,
                "Actual Total Time": 0.002,
                "Actual Rows": 32,
                "Actual Loops": 1,
                "Index Cond": "(research_surface_citation_projection_v3.research_release_id = 'a3200000-0000-4000-8000-000000000001'::uuid)",
                "Shared Hit Blocks": 1,
                "Shared Read Blocks": 0,
                "Shared Dirtied Blocks": 0,
                "Shared Written Blocks": 0,
                "Local Hit Blocks": 0,
                "Local Read Blocks": 0,
                "Local Dirtied Blocks": 0,
                "Local Written Blocks": 0,
                "Temp Read Blocks": 0,
                "Temp Written Blocks": 0,
                "I/O Read Time": 0.000,
                "I/O Write Time": 0.000,
                "Temp I/O Read Time": 0.000,
                "Temp I/O Write Time": 0.000,
                "WAL Records": 0,
                "WAL FPI": 0,
                "WAL Bytes": 0
              }
            ]
          },
          {
            "Node Type": "Bitmap Heap Scan",
            "Parent Relationship": "Member",
            "Parallel Aware": false,
            "Async Capable": false,
            "Relation Name": "research_folder_type_projection_v3",
            "Schema": "release",
            "Alias": "research_folder_type_projection_v3",
            "Startup Cost": 4.18,
            "Total Cost": 12.76,
            "Plan Rows": 4,
            "Plan Width": 96,
            "Actual Startup Time": 0.011,
            "Actual Total Time": 0.011,
            "Actual Rows": 1,
            "Actual Loops": 1,
            "Output": ["'folderTypes'::text", "((lpad((research_folder_type_projection_v3.sort_ordinal)::text, 12, '0'::text) || ':'::text) || research_folder_type_projection_v3.folder_type_code)", "(encode(sha256(convert_to((jsonb_build_array(research_folder_type_projection_v3.folder_type_code, research_folder_type_projection_v3.type_label, research_folder_type_projection_v3.sort_ordinal))::text, 'UTF8'::name)), 'hex'::text))::core.sha256_hex"],
            "Recheck Cond": "(research_folder_type_projection_v3.research_release_id = 'a3200000-0000-4000-8000-000000000001'::uuid)",
            "Rows Removed by Index Recheck": 0,
            "Exact Heap Blocks": 1,
            "Lossy Heap Blocks": 0,
            "Shared Hit Blocks": 2,
            "Shared Read Blocks": 0,
            "Shared Dirtied Blocks": 0,
            "Shared Written Blocks": 0,
            "Local Hit Blocks": 0,
            "Local Read Blocks": 0,
            "Local Dirtied Blocks": 0,
            "Local Written Blocks": 0,
            "Temp Read Blocks": 0,
            "Temp Written Blocks": 0,
            "I/O Read Time": 0.000,
            "I/O Write Time": 0.000,
            "Temp I/O Read Time": 0.000,
            "Temp I/O Write Time": 0.000,
            "WAL Records": 0,
            "WAL FPI": 0,
            "WAL Bytes": 0,
            "Plans": [
              {
                "Node Type": "Bitmap Index Scan",
                "Parent Relationship": "Outer",
                "Parallel Aware": false,
                "Async Capable": false,
                "Index Name": "research_folder_type_projecti_research_release_id_sort_ordi_key",
                "Startup Cost": 0.00,
                "Total Cost": 4.18,
                "Plan Rows": 4,
                "Plan Width": 0,
                "Actual Startup Time": 0.001,
                "Actual Total Time": 0.001,
                "Actual Rows": 1,
                "Actual Loops": 1,
                "Index Cond": "(research_folder_type_projection_v3.research_release_id = 'a3200000-0000-4000-8000-000000000001'::uuid)",
                "Shared Hit Blocks": 1,
                "Shared Read Blocks": 0,
                "Shared Dirtied Blocks": 0,
                "Shared Written Blocks": 0,
                "Local Hit Blocks": 0,
                "Local Read Blocks": 0,
                "Local Dirtied Blocks": 0,
                "Local Written Blocks": 0,
                "Temp Read Blocks": 0,
                "Temp Written Blocks": 0,
                "I/O Read Time": 0.000,
                "I/O Write Time": 0.000,
                "Temp I/O Read Time": 0.000,
                "Temp I/O Write Time": 0.000,
                "WAL Records": 0,
                "WAL FPI": 0,
                "WAL Bytes": 0
              }
            ]
          },
          {
            "Node Type": "Bitmap Heap Scan",
            "Parent Relationship": "Member",
            "Parallel Aware": false,
            "Async Capable": false,
            "Relation Name": "research_folder_projection_v3",
            "Schema": "release",
            "Alias": "research_folder_projection_v3",
            "Startup Cost": 4.16,
            "Total Cost": 9.58,
            "Plan Rows": 2,
            "Plan Width": 96,
            "Actual Startup Time": 0.012,
            "Actual Total Time": 0.040,
            "Actual Rows": 4,
            "Actual Loops": 1,
            "Output": ["'folders'::text", "((((research_folder_projection_v3.folder_type_code || ':'::text) || lpad((research_folder_projection_v3.sort_ordinal)::text, 12, '0'::text)) || ':'::text) || (research_folder_projection_v3.folder_id)::text)", "(encode(sha256(convert_to((jsonb_build_array(research_folder_projection_v3.folder_id, research_folder_projection_v3.folder_token, research_folder_projection_v3.folder_type_code, research_folder_projection_v3.slug, research_folder_projection_v3.label, research_folder_projection_v3.scope_note, research_folder_projection_v3.sort_ordinal))::text, 'UTF8'::name)), 'hex'::text))::core.sha256_hex"],
            "Recheck Cond": "(research_folder_projection_v3.research_release_id = 'a3200000-0000-4000-8000-000000000001'::uuid)",
            "Rows Removed by Index Recheck": 0,
            "Exact Heap Blocks": 1,
            "Lossy Heap Blocks": 0,
            "Shared Hit Blocks": 2,
            "Shared Read Blocks": 0,
            "Shared Dirtied Blocks": 0,
            "Shared Written Blocks": 0,
            "Local Hit Blocks": 0,
            "Local Read Blocks": 0,
            "Local Dirtied Blocks": 0,
            "Local Written Blocks": 0,
            "Temp Read Blocks": 0,
            "Temp Written Blocks": 0,
            "I/O Read Time": 0.000,
            "I/O Write Time": 0.000,
            "Temp I/O Read Time": 0.000,
            "Temp I/O Write Time": 0.000,
            "WAL Records": 0,
            "WAL FPI": 0,
            "WAL Bytes": 0,
            "Plans": [
              {
                "Node Type": "Bitmap Index Scan",
                "Parent Relationship": "Outer",
                "Parallel Aware": false,
                "Async Capable": false,
                "Index Name": "research_folder_projection_v3_type_sort_idx",
                "Startup Cost": 0.00,
                "Total Cost": 4.16,
                "Plan Rows": 2,
                "Plan Width": 0,
                "Actual Startup Time": 0.001,
                "Actual Total Time": 0.001,
                "Actual Rows": 4,
                "Actual Loops": 1,
                "Index Cond": "(research_folder_projection_v3.research_release_id = 'a3200000-0000-4000-8000-000000000001'::uuid)",
                "Shared Hit Blocks": 1,
                "Shared Read Blocks": 0,
                "Shared Dirtied Blocks": 0,
                "Shared Written Blocks": 0,
                "Local Hit Blocks": 0,
                "Local Read Blocks": 0,
                "Local Dirtied Blocks": 0,
                "Local Written Blocks": 0,
                "Temp Read Blocks": 0,
                "Temp Written Blocks": 0,
                "I/O Read Time": 0.000,
                "I/O Write Time": 0.000,
                "Temp I/O Read Time": 0.000,
                "Temp I/O Write Time": 0.000,
                "WAL Records": 0,
                "WAL FPI": 0,
                "WAL Bytes": 0
              }
            ]
          },
          {
            "Node Type": "Bitmap Heap Scan",
            "Parent Relationship": "Member",
            "Parallel Aware": false,
            "Async Capable": false,
            "Relation Name": "research_folder_membership_projection_v3",
            "Schema": "release",
            "Alias": "research_folder_membership_projection_v3",
            "Startup Cost": 4.16,
            "Total Cost": 9.60,
            "Plan Rows": 2,
            "Plan Width": 96,
            "Actual Startup Time": 0.022,
            "Actual Total Time": 1.366,
            "Actual Rows": 128,
            "Actual Loops": 1,
            "Output": ["'folderMemberships'::text", "(((((((research_folder_membership_projection_v3.folder_id)::text || ':'::text) || research_folder_membership_projection_v3.membership_role) || ':'::text) || lpad((research_folder_membership_projection_v3.member_ordinal)::text, 12, '0'::text)) || ':'::text) || (research_folder_membership_projection_v3.archive_object_id)::text)", "(encode(sha256(convert_to((jsonb_build_array(research_folder_membership_projection_v3.folder_id, research_folder_membership_projection_v3.archive_object_id, research_folder_membership_projection_v3.source_assignment_id, research_folder_membership_projection_v3.membership_role, research_folder_membership_projection_v3.member_ordinal, research_folder_membership_projection_v3.source_assignment_status, research_folder_membership_projection_v3.source_assignment_snapshot_sha256, research_folder_membership_projection_v3.effective_decision_id, research_folder_membership_projection_v3.effective_decision_snapshot_sha256))::text, 'UTF8'::name)), 'hex'::text))::core.sha256_hex"],
            "Recheck Cond": "(research_folder_membership_projection_v3.research_release_id = 'a3200000-0000-4000-8000-000000000001'::uuid)",
            "Rows Removed by Index Recheck": 0,
            "Exact Heap Blocks": 5,
            "Lossy Heap Blocks": 0,
            "Shared Hit Blocks": 6,
            "Shared Read Blocks": 0,
            "Shared Dirtied Blocks": 0,
            "Shared Written Blocks": 0,
            "Local Hit Blocks": 0,
            "Local Read Blocks": 0,
            "Local Dirtied Blocks": 0,
            "Local Written Blocks": 0,
            "Temp Read Blocks": 0,
            "Temp Written Blocks": 0,
            "I/O Read Time": 0.000,
            "I/O Write Time": 0.000,
            "Temp I/O Read Time": 0.000,
            "Temp I/O Write Time": 0.000,
            "WAL Records": 0,
            "WAL FPI": 0,
            "WAL Bytes": 0,
            "Plans": [
              {
                "Node Type": "Bitmap Index Scan",
                "Parent Relationship": "Outer",
                "Parallel Aware": false,
                "Async Capable": false,
                "Index Name": "research_folder_membership_pr_research_release_id_folder_id_key",
                "Startup Cost": 0.00,
                "Total Cost": 4.16,
                "Plan Rows": 2,
                "Plan Width": 0,
                "Actual Startup Time": 0.004,
                "Actual Total Time": 0.004,
                "Actual Rows": 128,
                "Actual Loops": 1,
                "Index Cond": "(research_folder_membership_projection_v3.research_release_id = 'a3200000-0000-4000-8000-000000000001'::uuid)",
                "Shared Hit Blocks": 1,
                "Shared Read Blocks": 0,
                "Shared Dirtied Blocks": 0,
                "Shared Written Blocks": 0,
                "Local Hit Blocks": 0,
                "Local Read Blocks": 0,
                "Local Dirtied Blocks": 0,
                "Local Written Blocks": 0,
                "Temp Read Blocks": 0,
                "Temp Written Blocks": 0,
                "I/O Read Time": 0.000,
                "I/O Write Time": 0.000,
                "Temp I/O Read Time": 0.000,
                "Temp I/O Write Time": 0.000,
                "WAL Records": 0,
                "WAL FPI": 0,
                "WAL Bytes": 0
              }
            ]
          },
          {
            "Node Type": "Bitmap Heap Scan",
            "Parent Relationship": "Member",
            "Parallel Aware": false,
            "Async Capable": false,
            "Relation Name": "research_search_document_projection_v3",
            "Schema": "release",
            "Alias": "research_search_document_projection_v3",
            "Startup Cost": 4.16,
            "Total Cost": 9.56,
            "Plan Rows": 2,
            "Plan Width": 96,
            "Actual Startup Time": 0.013,
            "Actual Total Time": 0.296,
            "Actual Rows": 32,
            "Actual Loops": 1,
            "Output": ["'searchDocuments'::text", "((research_search_document_projection_v3.sort_key || ':'::text) || (research_search_document_projection_v3.archive_object_id)::text)", "(encode(sha256(convert_to((jsonb_build_array(research_search_document_projection_v3.archive_object_id, research_search_document_projection_v3.public_surface_id, research_search_document_projection_v3.title, research_search_document_projection_v3.search_document, research_search_document_projection_v3.sort_key))::text, 'UTF8'::name)), 'hex'::text))::core.sha256_hex"],
            "Recheck Cond": "(research_search_document_projection_v3.research_release_id = 'a3200000-0000-4000-8000-000000000001'::uuid)",
            "Rows Removed by Index Recheck": 0,
            "Exact Heap Blocks": 1,
            "Lossy Heap Blocks": 0,
            "Shared Hit Blocks": 2,
            "Shared Read Blocks": 0,
            "Shared Dirtied Blocks": 0,
            "Shared Written Blocks": 0,
            "Local Hit Blocks": 0,
            "Local Read Blocks": 0,
            "Local Dirtied Blocks": 0,
            "Local Written Blocks": 0,
            "Temp Read Blocks": 0,
            "Temp Written Blocks": 0,
            "I/O Read Time": 0.000,
            "I/O Write Time": 0.000,
            "Temp I/O Read Time": 0.000,
            "Temp I/O Write Time": 0.000,
            "WAL Records": 0,
            "WAL FPI": 0,
            "WAL Bytes": 0,
            "Plans": [
              {
                "Node Type": "Bitmap Index Scan",
                "Parent Relationship": "Outer",
                "Parallel Aware": false,
                "Async Capable": false,
                "Index Name": "research_search_document_proj_research_release_id_public_su_key",
                "Startup Cost": 0.00,
                "Total Cost": 4.16,
                "Plan Rows": 2,
                "Plan Width": 0,
                "Actual Startup Time": 0.002,
                "Actual Total Time": 0.002,
                "Actual Rows": 32,
                "Actual Loops": 1,
                "Index Cond": "(research_search_document_projection_v3.research_release_id = 'a3200000-0000-4000-8000-000000000001'::uuid)",
                "Shared Hit Blocks": 1,
                "Shared Read Blocks": 0,
                "Shared Dirtied Blocks": 0,
                "Shared Written Blocks": 0,
                "Local Hit Blocks": 0,
                "Local Read Blocks": 0,
                "Local Dirtied Blocks": 0,
                "Local Written Blocks": 0,
                "Temp Read Blocks": 0,
                "Temp Written Blocks": 0,
                "I/O Read Time": 0.000,
                "I/O Write Time": 0.000,
                "Temp I/O Read Time": 0.000,
                "Temp I/O Write Time": 0.000,
                "WAL Records": 0,
                "WAL FPI": 0,
                "WAL Bytes": 0
              }
            ]
          },
          {
            "Node Type": "Bitmap Heap Scan",
            "Parent Relationship": "Member",
            "Parallel Aware": false,
            "Async Capable": false,
            "Relation Name": "research_corpus_summary_projection_v3",
            "Schema": "release",
            "Alias": "research_corpus_summary_projection_v3",
            "Startup Cost": 4.16,
            "Total Cost": 9.55,
            "Plan Rows": 2,
            "Plan Width": 96,
            "Actual Startup Time": 0.012,
            "Actual Total Time": 0.012,
            "Actual Rows": 1,
            "Actual Loops": 1,
            "Output": ["'corpusSummary'::text", "(research_corpus_summary_projection_v3.corpus_version_id)::text", "(encode(sha256(convert_to((jsonb_build_array(research_corpus_summary_projection_v3.corpus_version_id, research_corpus_summary_projection_v3.corpus_token, research_corpus_summary_projection_v3.corpus_version_token, research_corpus_summary_projection_v3.corpus_label, research_corpus_summary_projection_v3.eligible_object_count, research_corpus_summary_projection_v3.held_object_count))::text, 'UTF8'::name)), 'hex'::text))::core.sha256_hex"],
            "Recheck Cond": "(research_corpus_summary_projection_v3.research_release_id = 'a3200000-0000-4000-8000-000000000001'::uuid)",
            "Rows Removed by Index Recheck": 0,
            "Exact Heap Blocks": 1,
            "Lossy Heap Blocks": 0,
            "Shared Hit Blocks": 2,
            "Shared Read Blocks": 0,
            "Shared Dirtied Blocks": 0,
            "Shared Written Blocks": 0,
            "Local Hit Blocks": 0,
            "Local Read Blocks": 0,
            "Local Dirtied Blocks": 0,
            "Local Written Blocks": 0,
            "Temp Read Blocks": 0,
            "Temp Written Blocks": 0,
            "I/O Read Time": 0.000,
            "I/O Write Time": 0.000,
            "Temp I/O Read Time": 0.000,
            "Temp I/O Write Time": 0.000,
            "WAL Records": 0,
            "WAL FPI": 0,
            "WAL Bytes": 0,
            "Plans": [
              {
                "Node Type": "Bitmap Index Scan",
                "Parent Relationship": "Outer",
                "Parallel Aware": false,
                "Async Capable": false,
                "Index Name": "research_corpus_summary_projection_v3_pkey",
                "Startup Cost": 0.00,
                "Total Cost": 4.16,
                "Plan Rows": 2,
                "Plan Width": 0,
                "Actual Startup Time": 0.001,
                "Actual Total Time": 0.001,
                "Actual Rows": 1,
                "Actual Loops": 1,
                "Index Cond": "(research_corpus_summary_projection_v3.research_release_id = 'a3200000-0000-4000-8000-000000000001'::uuid)",
                "Shared Hit Blocks": 1,
                "Shared Read Blocks": 0,
                "Shared Dirtied Blocks": 0,
                "Shared Written Blocks": 0,
                "Local Hit Blocks": 0,
                "Local Read Blocks": 0,
                "Local Dirtied Blocks": 0,
                "Local Written Blocks": 0,
                "Temp Read Blocks": 0,
                "Temp Written Blocks": 0,
                "I/O Read Time": 0.000,
                "I/O Write Time": 0.000,
                "Temp I/O Read Time": 0.000,
                "Temp I/O Write Time": 0.000,
                "WAL Records": 0,
                "WAL FPI": 0,
                "WAL Bytes": 0
              }
            ]
          },
          {
            "Node Type": "Index Scan",
            "Parent Relationship": "Member",
            "Parallel Aware": false,
            "Async Capable": false,
            "Scan Direction": "Forward",
            "Index Name": "research_trace_availability_projection_v3_pkey",
            "Relation Name": "research_trace_availability_projection_v3",
            "Schema": "release",
            "Alias": "research_trace_availability_projection_v3",
            "Startup Cost": 0.15,
            "Total Cost": 8.19,
            "Plan Rows": 1,
            "Plan Width": 96,
            "Actual Startup Time": 0.013,
            "Actual Total Time": 0.013,
            "Actual Rows": 1,
            "Actual Loops": 1,
            "Output": ["'traceAvailability'::text", "(research_trace_availability_projection_v3.research_release_id)::text", "(encode(sha256(convert_to((jsonb_build_array(research_trace_availability_projection_v3.trace_eligible_object_count, research_trace_availability_projection_v3.trace_relation_count, research_trace_availability_projection_v3.availability_reason))::text, 'UTF8'::name)), 'hex'::text))::core.sha256_hex"],
            "Index Cond": "(research_trace_availability_projection_v3.research_release_id = 'a3200000-0000-4000-8000-000000000001'::uuid)",
            "Rows Removed by Index Recheck": 0,
            "Shared Hit Blocks": 2,
            "Shared Read Blocks": 0,
            "Shared Dirtied Blocks": 0,
            "Shared Written Blocks": 0,
            "Local Hit Blocks": 0,
            "Local Read Blocks": 0,
            "Local Dirtied Blocks": 0,
            "Local Written Blocks": 0,
            "Temp Read Blocks": 0,
            "Temp Written Blocks": 0,
            "I/O Read Time": 0.000,
            "I/O Write Time": 0.000,
            "Temp I/O Read Time": 0.000,
            "Temp I/O Write Time": 0.000,
            "WAL Records": 0,
            "WAL FPI": 0,
            "WAL Bytes": 0
          }
        ]
      }
    ]
  }
}
psql:/private/tmp/graphic_design_archive_v49_repository_hygiene/database/tests/009_release_projection_snapshot_performance_scale.sql:34: LOG:  duration: 1.690 ms  plan:
{
  "Query Text": "INSERT INTO release.research_launch_component_manifest_v3\n  SELECT p_release_id,x.component_code,x.row_count,release.research_launch_component_hash_staged_v5(x.component_code)\n  FROM (VALUES\n    ('releaseObjects',(SELECT count(*) FROM release.research_release_object WHERE research_release_id=p_release_id)),\n    ('surfacePresentation',(SELECT count(*) FROM release.research_surface_presentation_projection_v3 WHERE research_release_id=p_release_id)),\n    ('surfaceCredits',0::bigint),('surfaceCitations',(SELECT count(*) FROM release.research_surface_citation_projection_v3 WHERE research_release_id=p_release_id)),\n    ('folderTypes',(SELECT count(*) FROM release.research_folder_type_projection_v3 WHERE research_release_id=p_release_id)),\n    ('folders',(SELECT count(*) FROM release.research_folder_projection_v3 WHERE research_release_id=p_release_id)),\n    ('folderMemberships',(SELECT count(*) FROM release.research_folder_membership_projection_v3 WHERE research_release_id=p_release_id)),\n    ('searchDocuments',(SELECT count(*) FROM release.research_search_document_projection_v3 WHERE research_release_id=p_release_id)),\n    ('corpusSummary',(SELECT count(*) FROM release.research_corpus_summary_projection_v3 WHERE research_release_id=p_release_id)),\n    ('traceAvailability',(SELECT count(*) FROM release.research_trace_availability_projection_v3 WHERE research_release_id=p_release_id))\n  ) x(component_code,row_count)",
  "Plan": {
    "Node Type": "ModifyTable",
    "Operation": "Insert",
    "Parallel Aware": false,
    "Async Capable": false,
    "Relation Name": "research_launch_component_manifest_v3",
    "Schema": "release",
    "Alias": "research_launch_component_manifest_v3",
    "Startup Cost": 87.91,
    "Total Cost": 90.54,
    "Plan Rows": 0,
    "Plan Width": 0,
    "Actual Startup Time": 1.688,
    "Actual Total Time": 1.690,
    "Actual Rows": 0,
    "Actual Loops": 1,
    "Shared Hit Blocks": 271,
    "Shared Read Blocks": 1,
    "Shared Dirtied Blocks": 3,
    "Shared Written Blocks": 2,
    "Local Hit Blocks": 35,
    "Local Read Blocks": 6,
    "Local Dirtied Blocks": 0,
    "Local Written Blocks": 0,
    "Temp Read Blocks": 0,
    "Temp Written Blocks": 0,
    "I/O Read Time": 0.021,
    "I/O Write Time": 0.042,
    "Temp I/O Read Time": 0.000,
    "Temp I/O Write Time": 0.000,
    "WAL Records": 22,
    "WAL FPI": 0,
    "WAL Bytes": 2675,
    "Plans": [
      {
        "Node Type": "Values Scan",
        "Parent Relationship": "Outer",
        "Parallel Aware": false,
        "Async Capable": false,
        "Alias": "*VALUES*",
        "Startup Cost": 87.91,
        "Total Cost": 90.54,
        "Plan Rows": 10,
        "Plan Width": 88,
        "Actual Startup Time": 0.440,
        "Actual Total Time": 1.199,
        "Actual Rows": 10,
        "Actual Loops": 1,
        "Output": ["'a3200000-0000-4000-8000-000000000001'::uuid", "\"*VALUES*\".column1", "\"*VALUES*\".column2", "release.research_launch_component_hash_staged_v5(\"*VALUES*\".column1)"],
        "Shared Hit Blocks": 171,
        "Shared Read Blocks": 0,
        "Shared Dirtied Blocks": 0,
        "Shared Written Blocks": 0,
        "Local Hit Blocks": 35,
        "Local Read Blocks": 6,
        "Local Dirtied Blocks": 0,
        "Local Written Blocks": 0,
        "Temp Read Blocks": 0,
        "Temp Written Blocks": 0,
        "I/O Read Time": 0.000,
        "I/O Write Time": 0.000,
        "Temp I/O Read Time": 0.000,
        "Temp I/O Write Time": 0.000,
        "WAL Records": 1,
        "WAL FPI": 0,
        "WAL Bytes": 57,
        "Plans": [
          {
            "Node Type": "Aggregate",
            "Strategy": "Plain",
            "Partial Mode": "Simple",
            "Parent Relationship": "InitPlan",
            "Subplan Name": "InitPlan 1 (returns $0)",
            "Parallel Aware": false,
            "Async Capable": false,
            "Startup Cost": 9.51,
            "Total Cost": 9.52,
            "Plan Rows": 1,
            "Plan Width": 8,
            "Actual Startup Time": 0.006,
            "Actual Total Time": 0.006,
            "Actual Rows": 1,
            "Actual Loops": 1,
            "Output": ["count(*)"],
            "Shared Hit Blocks": 2,
            "Shared Read Blocks": 0,
            "Shared Dirtied Blocks": 0,
            "Shared Written Blocks": 0,
            "Local Hit Blocks": 0,
            "Local Read Blocks": 0,
            "Local Dirtied Blocks": 0,
            "Local Written Blocks": 0,
            "Temp Read Blocks": 0,
            "Temp Written Blocks": 0,
            "I/O Read Time": 0.000,
            "I/O Write Time": 0.000,
            "Temp I/O Read Time": 0.000,
            "Temp I/O Write Time": 0.000,
            "WAL Records": 0,
            "WAL FPI": 0,
            "WAL Bytes": 0,
            "Plans": [
              {
                "Node Type": "Bitmap Heap Scan",
                "Parent Relationship": "Outer",
                "Parallel Aware": false,
                "Async Capable": false,
                "Relation Name": "research_release_object",
                "Schema": "release",
                "Alias": "research_release_object",
                "Startup Cost": 4.16,
                "Total Cost": 9.50,
                "Plan Rows": 2,
                "Plan Width": 0,
                "Actual Startup Time": 0.003,
                "Actual Total Time": 0.004,
                "Actual Rows": 32,
                "Actual Loops": 1,
                "Recheck Cond": "(research_release_object.research_release_id = 'a3200000-0000-4000-8000-000000000001'::uuid)",
                "Rows Removed by Index Recheck": 0,
                "Exact Heap Blocks": 1,
                "Lossy Heap Blocks": 0,
                "Shared Hit Blocks": 2,
                "Shared Read Blocks": 0,
                "Shared Dirtied Blocks": 0,
                "Shared Written Blocks": 0,
                "Local Hit Blocks": 0,
                "Local Read Blocks": 0,
                "Local Dirtied Blocks": 0,
                "Local Written Blocks": 0,
                "Temp Read Blocks": 0,
                "Temp Written Blocks": 0,
                "I/O Read Time": 0.000,
                "I/O Write Time": 0.000,
                "Temp I/O Read Time": 0.000,
                "Temp I/O Write Time": 0.000,
                "WAL Records": 0,
                "WAL FPI": 0,
                "WAL Bytes": 0,
                "Plans": [
                  {
                    "Node Type": "Bitmap Index Scan",
                    "Parent Relationship": "Outer",
                    "Parallel Aware": false,
                    "Async Capable": false,
                    "Index Name": "research_release_object_legacy_idx",
                    "Startup Cost": 0.00,
                    "Total Cost": 4.16,
                    "Plan Rows": 2,
                    "Plan Width": 0,
                    "Actual Startup Time": 0.002,
                    "Actual Total Time": 0.002,
                    "Actual Rows": 32,
                    "Actual Loops": 1,
                    "Index Cond": "(research_release_object.research_release_id = 'a3200000-0000-4000-8000-000000000001'::uuid)",
                    "Shared Hit Blocks": 1,
                    "Shared Read Blocks": 0,
                    "Shared Dirtied Blocks": 0,
                    "Shared Written Blocks": 0,
                    "Local Hit Blocks": 0,
                    "Local Read Blocks": 0,
                    "Local Dirtied Blocks": 0,
                    "Local Written Blocks": 0,
                    "Temp Read Blocks": 0,
                    "Temp Written Blocks": 0,
                    "I/O Read Time": 0.000,
                    "I/O Write Time": 0.000,
                    "Temp I/O Read Time": 0.000,
                    "Temp I/O Write Time": 0.000,
                    "WAL Records": 0,
                    "WAL FPI": 0,
                    "WAL Bytes": 0
                  }
                ]
              }
            ]
          },
          {
            "Node Type": "Aggregate",
            "Strategy": "Plain",
            "Partial Mode": "Simple",
            "Parent Relationship": "InitPlan",
            "Subplan Name": "InitPlan 2 (returns $1)",
            "Parallel Aware": false,
            "Async Capable": false,
            "Startup Cost": 8.16,
            "Total Cost": 8.17,
            "Plan Rows": 1,
            "Plan Width": 8,
            "Actual Startup Time": 0.011,
            "Actual Total Time": 0.011,
            "Actual Rows": 1,
            "Actual Loops": 1,
            "Output": ["count(*)"],
            "Shared Hit Blocks": 6,
            "Shared Read Blocks": 0,
            "Shared Dirtied Blocks": 0,
            "Shared Written Blocks": 0,
            "Local Hit Blocks": 0,
            "Local Read Blocks": 0,
            "Local Dirtied Blocks": 0,
            "Local Written Blocks": 0,
            "Temp Read Blocks": 0,
            "Temp Written Blocks": 0,
            "I/O Read Time": 0.000,
            "I/O Write Time": 0.000,
            "Temp I/O Read Time": 0.000,
            "Temp I/O Write Time": 0.000,
            "WAL Records": 0,
            "WAL FPI": 0,
            "WAL Bytes": 0,
            "Plans": [
              {
                "Node Type": "Index Only Scan",
                "Parent Relationship": "Outer",
                "Parallel Aware": false,
                "Async Capable": false,
                "Scan Direction": "Forward",
                "Index Name": "research_surface_presentation_research_release_id_public_su_key",
                "Relation Name": "research_surface_presentation_projection_v3",
                "Schema": "release",
                "Alias": "research_surface_presentation_projection_v3",
                "Startup Cost": 0.14,
                "Total Cost": 8.16,
                "Plan Rows": 1,
                "Plan Width": 0,
                "Actual Startup Time": 0.006,
                "Actual Total Time": 0.010,
                "Actual Rows": 32,
                "Actual Loops": 1,
                "Output": ["research_surface_presentation_projection_v3.research_release_id", "research_surface_presentation_projection_v3.public_surface_id"],
                "Index Cond": "(research_surface_presentation_projection_v3.research_release_id = 'a3200000-0000-4000-8000-000000000001'::uuid)",
                "Rows Removed by Index Recheck": 0,
                "Heap Fetches": 32,
                "Shared Hit Blocks": 6,
                "Shared Read Blocks": 0,
                "Shared Dirtied Blocks": 0,
                "Shared Written Blocks": 0,
                "Local Hit Blocks": 0,
                "Local Read Blocks": 0,
                "Local Dirtied Blocks": 0,
                "Local Written Blocks": 0,
                "Temp Read Blocks": 0,
                "Temp Written Blocks": 0,
                "I/O Read Time": 0.000,
                "I/O Write Time": 0.000,
                "Temp I/O Read Time": 0.000,
                "Temp I/O Write Time": 0.000,
                "WAL Records": 0,
                "WAL FPI": 0,
                "WAL Bytes": 0
              }
            ]
          },
          {
            "Node Type": "Aggregate",
            "Strategy": "Plain",
            "Partial Mode": "Simple",
            "Parent Relationship": "InitPlan",
            "Subplan Name": "InitPlan 3 (returns $2)",
            "Parallel Aware": false,
            "Async Capable": false,
            "Startup Cost": 11.29,
            "Total Cost": 11.30,
            "Plan Rows": 1,
            "Plan Width": 8,
            "Actual Startup Time": 0.005,
            "Actual Total Time": 0.005,
            "Actual Rows": 1,
            "Actual Loops": 1,
            "Output": ["count(*)"],
            "Shared Hit Blocks": 2,
            "Shared Read Blocks": 0,
            "Shared Dirtied Blocks": 0,
            "Shared Written Blocks": 0,
            "Local Hit Blocks": 0,
            "Local Read Blocks": 0,
            "Local Dirtied Blocks": 0,
            "Local Written Blocks": 0,
            "Temp Read Blocks": 0,
            "Temp Written Blocks": 0,
            "I/O Read Time": 0.000,
            "I/O Write Time": 0.000,
            "Temp I/O Read Time": 0.000,
            "Temp I/O Write Time": 0.000,
            "WAL Records": 0,
            "WAL FPI": 0,
            "WAL Bytes": 0,
            "Plans": [
              {
                "Node Type": "Bitmap Heap Scan",
                "Parent Relationship": "Outer",
                "Parallel Aware": false,
                "Async Capable": false,
                "Relation Name": "research_surface_citation_projection_v3",
                "Schema": "release",
                "Alias": "research_surface_citation_projection_v3",
                "Startup Cost": 4.17,
                "Total Cost": 11.28,
                "Plan Rows": 3,
                "Plan Width": 0,
                "Actual Startup Time": 0.002,
                "Actual Total Time": 0.003,
                "Actual Rows": 32,
                "Actual Loops": 1,
                "Recheck Cond": "(research_surface_citation_projection_v3.research_release_id = 'a3200000-0000-4000-8000-000000000001'::uuid)",
                "Rows Removed by Index Recheck": 0,
                "Exact Heap Blocks": 1,
                "Lossy Heap Blocks": 0,
                "Shared Hit Blocks": 2,
                "Shared Read Blocks": 0,
                "Shared Dirtied Blocks": 0,
                "Shared Written Blocks": 0,
                "Local Hit Blocks": 0,
                "Local Read Blocks": 0,
                "Local Dirtied Blocks": 0,
                "Local Written Blocks": 0,
                "Temp Read Blocks": 0,
                "Temp Written Blocks": 0,
                "I/O Read Time": 0.000,
                "I/O Write Time": 0.000,
                "Temp I/O Read Time": 0.000,
                "Temp I/O Write Time": 0.000,
                "WAL Records": 0,
                "WAL FPI": 0,
                "WAL Bytes": 0,
                "Plans": [
                  {
                    "Node Type": "Bitmap Index Scan",
                    "Parent Relationship": "Outer",
                    "Parallel Aware": false,
                    "Async Capable": false,
                    "Index Name": "research_surface_citation_projection_v3_pkey",
                    "Startup Cost": 0.00,
                    "Total Cost": 4.17,
                    "Plan Rows": 3,
                    "Plan Width": 0,
                    "Actual Startup Time": 0.001,
                    "Actual Total Time": 0.001,
                    "Actual Rows": 32,
                    "Actual Loops": 1,
                    "Index Cond": "(research_surface_citation_projection_v3.research_release_id = 'a3200000-0000-4000-8000-000000000001'::uuid)",
                    "Shared Hit Blocks": 1,
                    "Shared Read Blocks": 0,
                    "Shared Dirtied Blocks": 0,
                    "Shared Written Blocks": 0,
                    "Local Hit Blocks": 0,
                    "Local Read Blocks": 0,
                    "Local Dirtied Blocks": 0,
                    "Local Written Blocks": 0,
                    "Temp Read Blocks": 0,
                    "Temp Written Blocks": 0,
                    "I/O Read Time": 0.000,
                    "I/O Write Time": 0.000,
                    "Temp I/O Read Time": 0.000,
                    "Temp I/O Write Time": 0.000,
                    "WAL Records": 0,
                    "WAL FPI": 0,
                    "WAL Bytes": 0
                  }
                ]
              }
            ]
          },
          {
            "Node Type": "Aggregate",
            "Strategy": "Plain",
            "Partial Mode": "Simple",
            "Parent Relationship": "InitPlan",
            "Subplan Name": "InitPlan 4 (returns $3)",
            "Parallel Aware": false,
            "Async Capable": false,
            "Startup Cost": 12.65,
            "Total Cost": 12.66,
            "Plan Rows": 1,
            "Plan Width": 8,
            "Actual Startup Time": 0.001,
            "Actual Total Time": 0.002,
            "Actual Rows": 1,
            "Actual Loops": 1,
            "Output": ["count(*)"],
            "Shared Hit Blocks": 2,
            "Shared Read Blocks": 0,
            "Shared Dirtied Blocks": 0,
            "Shared Written Blocks": 0,
            "Local Hit Blocks": 0,
            "Local Read Blocks": 0,
            "Local Dirtied Blocks": 0,
            "Local Written Blocks": 0,
            "Temp Read Blocks": 0,
            "Temp Written Blocks": 0,
            "I/O Read Time": 0.000,
            "I/O Write Time": 0.000,
            "Temp I/O Read Time": 0.000,
            "Temp I/O Write Time": 0.000,
            "WAL Records": 0,
            "WAL FPI": 0,
            "WAL Bytes": 0,
            "Plans": [
              {
                "Node Type": "Bitmap Heap Scan",
                "Parent Relationship": "Outer",
                "Parallel Aware": false,
                "Async Capable": false,
                "Relation Name": "research_folder_type_projection_v3",
                "Schema": "release",
                "Alias": "research_folder_type_projection_v3",
                "Startup Cost": 4.18,
                "Total Cost": 12.64,
                "Plan Rows": 4,
                "Plan Width": 0,
                "Actual Startup Time": 0.001,
                "Actual Total Time": 0.001,
                "Actual Rows": 1,
                "Actual Loops": 1,
                "Recheck Cond": "(research_folder_type_projection_v3.research_release_id = 'a3200000-0000-4000-8000-000000000001'::uuid)",
                "Rows Removed by Index Recheck": 0,
                "Exact Heap Blocks": 1,
                "Lossy Heap Blocks": 0,
                "Shared Hit Blocks": 2,
                "Shared Read Blocks": 0,
                "Shared Dirtied Blocks": 0,
                "Shared Written Blocks": 0,
                "Local Hit Blocks": 0,
                "Local Read Blocks": 0,
                "Local Dirtied Blocks": 0,
                "Local Written Blocks": 0,
                "Temp Read Blocks": 0,
                "Temp Written Blocks": 0,
                "I/O Read Time": 0.000,
                "I/O Write Time": 0.000,
                "Temp I/O Read Time": 0.000,
                "Temp I/O Write Time": 0.000,
                "WAL Records": 0,
                "WAL FPI": 0,
                "WAL Bytes": 0,
                "Plans": [
                  {
                    "Node Type": "Bitmap Index Scan",
                    "Parent Relationship": "Outer",
                    "Parallel Aware": false,
                    "Async Capable": false,
                    "Index Name": "research_folder_type_projecti_research_release_id_sort_ordi_key",
                    "Startup Cost": 0.00,
                    "Total Cost": 4.18,
                    "Plan Rows": 4,
                    "Plan Width": 0,
                    "Actual Startup Time": 0.001,
                    "Actual Total Time": 0.001,
                    "Actual Rows": 1,
                    "Actual Loops": 1,
                    "Index Cond": "(research_folder_type_projection_v3.research_release_id = 'a3200000-0000-4000-8000-000000000001'::uuid)",
                    "Shared Hit Blocks": 1,
                    "Shared Read Blocks": 0,
                    "Shared Dirtied Blocks": 0,
                    "Shared Written Blocks": 0,
                    "Local Hit Blocks": 0,
                    "Local Read Blocks": 0,
                    "Local Dirtied Blocks": 0,
                    "Local Written Blocks": 0,
                    "Temp Read Blocks": 0,
                    "Temp Written Blocks": 0,
                    "I/O Read Time": 0.000,
                    "I/O Write Time": 0.000,
                    "Temp I/O Read Time": 0.000,
                    "Temp I/O Write Time": 0.000,
                    "WAL Records": 0,
                    "WAL FPI": 0,
                    "WAL Bytes": 0
                  }
                ]
              }
            ]
          },
          {
            "Node Type": "Aggregate",
            "Strategy": "Plain",
            "Partial Mode": "Simple",
            "Parent Relationship": "InitPlan",
            "Subplan Name": "InitPlan 5 (returns $4)",
            "Parallel Aware": false,
            "Async Capable": false,
            "Startup Cost": 9.51,
            "Total Cost": 9.52,
            "Plan Rows": 1,
            "Plan Width": 8,
            "Actual Startup Time": 0.002,
            "Actual Total Time": 0.002,
            "Actual Rows": 1,
            "Actual Loops": 1,
            "Output": ["count(*)"],
            "Shared Hit Blocks": 2,
            "Shared Read Blocks": 0,
            "Shared Dirtied Blocks": 0,
            "Shared Written Blocks": 0,
            "Local Hit Blocks": 0,
            "Local Read Blocks": 0,
            "Local Dirtied Blocks": 0,
            "Local Written Blocks": 0,
            "Temp Read Blocks": 0,
            "Temp Written Blocks": 0,
            "I/O Read Time": 0.000,
            "I/O Write Time": 0.000,
            "Temp I/O Read Time": 0.000,
            "Temp I/O Write Time": 0.000,
            "WAL Records": 0,
            "WAL FPI": 0,
            "WAL Bytes": 0,
            "Plans": [
              {
                "Node Type": "Bitmap Heap Scan",
                "Parent Relationship": "Outer",
                "Parallel Aware": false,
                "Async Capable": false,
                "Relation Name": "research_folder_projection_v3",
                "Schema": "release",
                "Alias": "research_folder_projection_v3",
                "Startup Cost": 4.16,
                "Total Cost": 9.50,
                "Plan Rows": 2,
                "Plan Width": 0,
                "Actual Startup Time": 0.001,
                "Actual Total Time": 0.001,
                "Actual Rows": 4,
                "Actual Loops": 1,
                "Recheck Cond": "(research_folder_projection_v3.research_release_id = 'a3200000-0000-4000-8000-000000000001'::uuid)",
                "Rows Removed by Index Recheck": 0,
                "Exact Heap Blocks": 1,
                "Lossy Heap Blocks": 0,
                "Shared Hit Blocks": 2,
                "Shared Read Blocks": 0,
                "Shared Dirtied Blocks": 0,
                "Shared Written Blocks": 0,
                "Local Hit Blocks": 0,
                "Local Read Blocks": 0,
                "Local Dirtied Blocks": 0,
                "Local Written Blocks": 0,
                "Temp Read Blocks": 0,
                "Temp Written Blocks": 0,
                "I/O Read Time": 0.000,
                "I/O Write Time": 0.000,
                "Temp I/O Read Time": 0.000,
                "Temp I/O Write Time": 0.000,
                "WAL Records": 0,
                "WAL FPI": 0,
                "WAL Bytes": 0,
                "Plans": [
                  {
                    "Node Type": "Bitmap Index Scan",
                    "Parent Relationship": "Outer",
                    "Parallel Aware": false,
                    "Async Capable": false,
                    "Index Name": "research_folder_projection_v3_type_sort_idx",
                    "Startup Cost": 0.00,
                    "Total Cost": 4.16,
                    "Plan Rows": 2,
                    "Plan Width": 0,
                    "Actual Startup Time": 0.001,
                    "Actual Total Time": 0.001,
                    "Actual Rows": 4,
                    "Actual Loops": 1,
                    "Index Cond": "(research_folder_projection_v3.research_release_id = 'a3200000-0000-4000-8000-000000000001'::uuid)",
                    "Shared Hit Blocks": 1,
                    "Shared Read Blocks": 0,
                    "Shared Dirtied Blocks": 0,
                    "Shared Written Blocks": 0,
                    "Local Hit Blocks": 0,
                    "Local Read Blocks": 0,
                    "Local Dirtied Blocks": 0,
                    "Local Written Blocks": 0,
                    "Temp Read Blocks": 0,
                    "Temp Written Blocks": 0,
                    "I/O Read Time": 0.000,
                    "I/O Write Time": 0.000,
                    "Temp I/O Read Time": 0.000,
                    "Temp I/O Write Time": 0.000,
                    "WAL Records": 0,
                    "WAL FPI": 0,
                    "WAL Bytes": 0
                  }
                ]
              }
            ]
          },
          {
            "Node Type": "Aggregate",
            "Strategy": "Plain",
            "Partial Mode": "Simple",
            "Parent Relationship": "InitPlan",
            "Subplan Name": "InitPlan 6 (returns $5)",
            "Parallel Aware": false,
            "Async Capable": false,
            "Startup Cost": 9.51,
            "Total Cost": 9.52,
            "Plan Rows": 1,
            "Plan Width": 8,
            "Actual Startup Time": 0.016,
            "Actual Total Time": 0.016,
            "Actual Rows": 1,
            "Actual Loops": 1,
            "Output": ["count(*)"],
            "Shared Hit Blocks": 6,
            "Shared Read Blocks": 0,
            "Shared Dirtied Blocks": 0,
            "Shared Written Blocks": 0,
            "Local Hit Blocks": 0,
            "Local Read Blocks": 0,
            "Local Dirtied Blocks": 0,
            "Local Written Blocks": 0,
            "Temp Read Blocks": 0,
            "Temp Written Blocks": 0,
            "I/O Read Time": 0.000,
            "I/O Write Time": 0.000,
            "Temp I/O Read Time": 0.000,
            "Temp I/O Write Time": 0.000,
            "WAL Records": 0,
            "WAL FPI": 0,
            "WAL Bytes": 0,
            "Plans": [
              {
                "Node Type": "Bitmap Heap Scan",
                "Parent Relationship": "Outer",
                "Parallel Aware": false,
                "Async Capable": false,
                "Relation Name": "research_folder_membership_projection_v3",
                "Schema": "release",
                "Alias": "research_folder_membership_projection_v3",
                "Startup Cost": 4.16,
                "Total Cost": 9.50,
                "Plan Rows": 2,
                "Plan Width": 0,
                "Actual Startup Time": 0.006,
                "Actual Total Time": 0.012,
                "Actual Rows": 128,
                "Actual Loops": 1,
                "Recheck Cond": "(research_folder_membership_projection_v3.research_release_id = 'a3200000-0000-4000-8000-000000000001'::uuid)",
                "Rows Removed by Index Recheck": 0,
                "Exact Heap Blocks": 5,
                "Lossy Heap Blocks": 0,
                "Shared Hit Blocks": 6,
                "Shared Read Blocks": 0,
                "Shared Dirtied Blocks": 0,
                "Shared Written Blocks": 0,
                "Local Hit Blocks": 0,
                "Local Read Blocks": 0,
                "Local Dirtied Blocks": 0,
                "Local Written Blocks": 0,
                "Temp Read Blocks": 0,
                "Temp Written Blocks": 0,
                "I/O Read Time": 0.000,
                "I/O Write Time": 0.000,
                "Temp I/O Read Time": 0.000,
                "Temp I/O Write Time": 0.000,
                "WAL Records": 0,
                "WAL FPI": 0,
                "WAL Bytes": 0,
                "Plans": [
                  {
                    "Node Type": "Bitmap Index Scan",
                    "Parent Relationship": "Outer",
                    "Parallel Aware": false,
                    "Async Capable": false,
                    "Index Name": "research_folder_membership_pr_research_release_id_folder_id_key",
                    "Startup Cost": 0.00,
                    "Total Cost": 4.16,
                    "Plan Rows": 2,
                    "Plan Width": 0,
                    "Actual Startup Time": 0.004,
                    "Actual Total Time": 0.004,
                    "Actual Rows": 128,
                    "Actual Loops": 1,
                    "Index Cond": "(research_folder_membership_projection_v3.research_release_id = 'a3200000-0000-4000-8000-000000000001'::uuid)",
                    "Shared Hit Blocks": 1,
                    "Shared Read Blocks": 0,
                    "Shared Dirtied Blocks": 0,
                    "Shared Written Blocks": 0,
                    "Local Hit Blocks": 0,
                    "Local Read Blocks": 0,
                    "Local Dirtied Blocks": 0,
                    "Local Written Blocks": 0,
                    "Temp Read Blocks": 0,
                    "Temp Written Blocks": 0,
                    "I/O Read Time": 0.000,
                    "I/O Write Time": 0.000,
                    "Temp I/O Read Time": 0.000,
                    "Temp I/O Write Time": 0.000,
                    "WAL Records": 0,
                    "WAL FPI": 0,
                    "WAL Bytes": 0
                  }
                ]
              }
            ]
          },
          {
            "Node Type": "Aggregate",
            "Strategy": "Plain",
            "Partial Mode": "Simple",
            "Parent Relationship": "InitPlan",
            "Subplan Name": "InitPlan 7 (returns $6)",
            "Parallel Aware": false,
            "Async Capable": false,
            "Startup Cost": 9.51,
            "Total Cost": 9.52,
            "Plan Rows": 1,
            "Plan Width": 8,
            "Actual Startup Time": 0.004,
            "Actual Total Time": 0.005,
            "Actual Rows": 1,
            "Actual Loops": 1,
            "Output": ["count(*)"],
            "Shared Hit Blocks": 2,
            "Shared Read Blocks": 0,
            "Shared Dirtied Blocks": 0,
            "Shared Written Blocks": 0,
            "Local Hit Blocks": 0,
            "Local Read Blocks": 0,
            "Local Dirtied Blocks": 0,
            "Local Written Blocks": 0,
            "Temp Read Blocks": 0,
            "Temp Written Blocks": 0,
            "I/O Read Time": 0.000,
            "I/O Write Time": 0.000,
            "Temp I/O Read Time": 0.000,
            "Temp I/O Write Time": 0.000,
            "WAL Records": 0,
            "WAL FPI": 0,
            "WAL Bytes": 0,
            "Plans": [
              {
                "Node Type": "Bitmap Heap Scan",
                "Parent Relationship": "Outer",
                "Parallel Aware": false,
                "Async Capable": false,
                "Relation Name": "research_search_document_projection_v3",
                "Schema": "release",
                "Alias": "research_search_document_projection_v3",
                "Startup Cost": 4.16,
                "Total Cost": 9.50,
                "Plan Rows": 2,
                "Plan Width": 0,
                "Actual Startup Time": 0.002,
                "Actual Total Time": 0.003,
                "Actual Rows": 32,
                "Actual Loops": 1,
                "Recheck Cond": "(research_search_document_projection_v3.research_release_id = 'a3200000-0000-4000-8000-000000000001'::uuid)",
                "Rows Removed by Index Recheck": 0,
                "Exact Heap Blocks": 1,
                "Lossy Heap Blocks": 0,
                "Shared Hit Blocks": 2,
                "Shared Read Blocks": 0,
                "Shared Dirtied Blocks": 0,
                "Shared Written Blocks": 0,
                "Local Hit Blocks": 0,
                "Local Read Blocks": 0,
                "Local Dirtied Blocks": 0,
                "Local Written Blocks": 0,
                "Temp Read Blocks": 0,
                "Temp Written Blocks": 0,
                "I/O Read Time": 0.000,
                "I/O Write Time": 0.000,
                "Temp I/O Read Time": 0.000,
                "Temp I/O Write Time": 0.000,
                "WAL Records": 0,
                "WAL FPI": 0,
                "WAL Bytes": 0,
                "Plans": [
                  {
                    "Node Type": "Bitmap Index Scan",
                    "Parent Relationship": "Outer",
                    "Parallel Aware": false,
                    "Async Capable": false,
                    "Index Name": "research_search_document_proj_research_release_id_public_su_key",
                    "Startup Cost": 0.00,
                    "Total Cost": 4.16,
                    "Plan Rows": 2,
                    "Plan Width": 0,
                    "Actual Startup Time": 0.001,
                    "Actual Total Time": 0.001,
                    "Actual Rows": 32,
                    "Actual Loops": 1,
                    "Index Cond": "(research_search_document_projection_v3.research_release_id = 'a3200000-0000-4000-8000-000000000001'::uuid)",
                    "Shared Hit Blocks": 1,
                    "Shared Read Blocks": 0,
                    "Shared Dirtied Blocks": 0,
                    "Shared Written Blocks": 0,
                    "Local Hit Blocks": 0,
                    "Local Read Blocks": 0,
                    "Local Dirtied Blocks": 0,
                    "Local Written Blocks": 0,
                    "Temp Read Blocks": 0,
                    "Temp Written Blocks": 0,
                    "I/O Read Time": 0.000,
                    "I/O Write Time": 0.000,
                    "Temp I/O Read Time": 0.000,
                    "Temp I/O Write Time": 0.000,
                    "WAL Records": 0,
                    "WAL FPI": 0,
                    "WAL Bytes": 0
                  }
                ]
              }
            ]
          },
          {
            "Node Type": "Aggregate",
            "Strategy": "Plain",
            "Partial Mode": "Simple",
            "Parent Relationship": "InitPlan",
            "Subplan Name": "InitPlan 8 (returns $7)",
            "Parallel Aware": false,
            "Async Capable": false,
            "Startup Cost": 9.51,
            "Total Cost": 9.52,
            "Plan Rows": 1,
            "Plan Width": 8,
            "Actual Startup Time": 0.001,
            "Actual Total Time": 0.001,
            "Actual Rows": 1,
            "Actual Loops": 1,
            "Output": ["count(*)"],
            "Shared Hit Blocks": 2,
            "Shared Read Blocks": 0,
            "Shared Dirtied Blocks": 0,
            "Shared Written Blocks": 0,
            "Local Hit Blocks": 0,
            "Local Read Blocks": 0,
            "Local Dirtied Blocks": 0,
            "Local Written Blocks": 0,
            "Temp Read Blocks": 0,
            "Temp Written Blocks": 0,
            "I/O Read Time": 0.000,
            "I/O Write Time": 0.000,
            "Temp I/O Read Time": 0.000,
            "Temp I/O Write Time": 0.000,
            "WAL Records": 0,
            "WAL FPI": 0,
            "WAL Bytes": 0,
            "Plans": [
              {
                "Node Type": "Bitmap Heap Scan",
                "Parent Relationship": "Outer",
                "Parallel Aware": false,
                "Async Capable": false,
                "Relation Name": "research_corpus_summary_projection_v3",
                "Schema": "release",
                "Alias": "research_corpus_summary_projection_v3",
                "Startup Cost": 4.16,
                "Total Cost": 9.50,
                "Plan Rows": 2,
                "Plan Width": 0,
                "Actual Startup Time": 0.001,
                "Actual Total Time": 0.001,
                "Actual Rows": 1,
                "Actual Loops": 1,
                "Recheck Cond": "(research_corpus_summary_projection_v3.research_release_id = 'a3200000-0000-4000-8000-000000000001'::uuid)",
                "Rows Removed by Index Recheck": 0,
                "Exact Heap Blocks": 1,
                "Lossy Heap Blocks": 0,
                "Shared Hit Blocks": 2,
                "Shared Read Blocks": 0,
                "Shared Dirtied Blocks": 0,
                "Shared Written Blocks": 0,
                "Local Hit Blocks": 0,
                "Local Read Blocks": 0,
                "Local Dirtied Blocks": 0,
                "Local Written Blocks": 0,
                "Temp Read Blocks": 0,
                "Temp Written Blocks": 0,
                "I/O Read Time": 0.000,
                "I/O Write Time": 0.000,
                "Temp I/O Read Time": 0.000,
                "Temp I/O Write Time": 0.000,
                "WAL Records": 0,
                "WAL FPI": 0,
                "WAL Bytes": 0,
                "Plans": [
                  {
                    "Node Type": "Bitmap Index Scan",
                    "Parent Relationship": "Outer",
                    "Parallel Aware": false,
                    "Async Capable": false,
                    "Index Name": "research_corpus_summary_projection_v3_pkey",
                    "Startup Cost": 0.00,
                    "Total Cost": 4.16,
                    "Plan Rows": 2,
                    "Plan Width": 0,
                    "Actual Startup Time": 0.000,
                    "Actual Total Time": 0.001,
                    "Actual Rows": 1,
                    "Actual Loops": 1,
                    "Index Cond": "(research_corpus_summary_projection_v3.research_release_id = 'a3200000-0000-4000-8000-000000000001'::uuid)",
                    "Shared Hit Blocks": 1,
                    "Shared Read Blocks": 0,
                    "Shared Dirtied Blocks": 0,
                    "Shared Written Blocks": 0,
                    "Local Hit Blocks": 0,
                    "Local Read Blocks": 0,
                    "Local Dirtied Blocks": 0,
                    "Local Written Blocks": 0,
                    "Temp Read Blocks": 0,
                    "Temp Written Blocks": 0,
                    "I/O Read Time": 0.000,
                    "I/O Write Time": 0.000,
                    "Temp I/O Read Time": 0.000,
                    "Temp I/O Write Time": 0.000,
                    "WAL Records": 0,
                    "WAL FPI": 0,
                    "WAL Bytes": 0
                  }
                ]
              }
            ]
          },
          {
            "Node Type": "Aggregate",
            "Strategy": "Plain",
            "Partial Mode": "Simple",
            "Parent Relationship": "InitPlan",
            "Subplan Name": "InitPlan 9 (returns $8)",
            "Parallel Aware": false,
            "Async Capable": false,
            "Startup Cost": 8.17,
            "Total Cost": 8.18,
            "Plan Rows": 1,
            "Plan Width": 8,
            "Actual Startup Time": 0.009,
            "Actual Total Time": 0.009,
            "Actual Rows": 1,
            "Actual Loops": 1,
            "Output": ["count(*)"],
            "Shared Hit Blocks": 2,
            "Shared Read Blocks": 0,
            "Shared Dirtied Blocks": 0,
            "Shared Written Blocks": 0,
            "Local Hit Blocks": 0,
            "Local Read Blocks": 0,
            "Local Dirtied Blocks": 0,
            "Local Written Blocks": 0,
            "Temp Read Blocks": 0,
            "Temp Written Blocks": 0,
            "I/O Read Time": 0.000,
            "I/O Write Time": 0.000,
            "Temp I/O Read Time": 0.000,
            "Temp I/O Write Time": 0.000,
            "WAL Records": 0,
            "WAL FPI": 0,
            "WAL Bytes": 0,
            "Plans": [
              {
                "Node Type": "Index Only Scan",
                "Parent Relationship": "Outer",
                "Parallel Aware": false,
                "Async Capable": false,
                "Scan Direction": "Forward",
                "Index Name": "research_trace_availability_projection_v3_pkey",
                "Relation Name": "research_trace_availability_projection_v3",
                "Schema": "release",
                "Alias": "research_trace_availability_projection_v3",
                "Startup Cost": 0.15,
                "Total Cost": 8.17,
                "Plan Rows": 1,
                "Plan Width": 0,
                "Actual Startup Time": 0.008,
                "Actual Total Time": 0.009,
                "Actual Rows": 1,
                "Actual Loops": 1,
                "Output": ["research_trace_availability_projection_v3.research_release_id"],
                "Index Cond": "(research_trace_availability_projection_v3.research_release_id = 'a3200000-0000-4000-8000-000000000001'::uuid)",
                "Rows Removed by Index Recheck": 0,
                "Heap Fetches": 1,
                "Shared Hit Blocks": 2,
                "Shared Read Blocks": 0,
                "Shared Dirtied Blocks": 0,
                "Shared Written Blocks": 0,
                "Local Hit Blocks": 0,
                "Local Read Blocks": 0,
                "Local Dirtied Blocks": 0,
                "Local Written Blocks": 0,
                "Temp Read Blocks": 0,
                "Temp Written Blocks": 0,
                "I/O Read Time": 0.000,
                "I/O Write Time": 0.000,
                "Temp I/O Read Time": 0.000,
                "Temp I/O Write Time": 0.000,
                "WAL Records": 0,
                "WAL FPI": 0,
                "WAL Bytes": 0
              }
            ]
          }
        ]
      }
    ]
  }
}
psql:/private/tmp/graphic_design_archive_v49_repository_hygiene/database/tests/009_release_projection_snapshot_performance_scale.sql:34: LOG:  duration: 36.508 ms  plan:
{
  "Query Text": "SELECT release.build_research_launch_snapshot_v5(\n  'a3200000-0000-4000-8000-000000000001'::uuid,'a0000000-0000-4000-8000-000000000003',\n  'a8000000-0000-4000-8000-000000000010','a3200000-0000-4000-8000-000000000003'::uuid,repeat('e',64)) AS candidate_fingerprint ",
  "Plan": {
    "Node Type": "Result",
    "Parallel Aware": false,
    "Async Capable": false,
    "Startup Cost": 0.00,
    "Total Cost": 0.26,
    "Plan Rows": 1,
    "Plan Width": 32,
    "Actual Startup Time": 36.507,
    "Actual Total Time": 36.507,
    "Actual Rows": 1,
    "Actual Loops": 1,
    "Output": ["release.build_research_launch_snapshot_v5('a3200000-0000-4000-8000-000000000001'::uuid, 'a0000000-0000-4000-8000-000000000003'::uuid, 'a8000000-0000-4000-8000-000000000010'::uuid, 'a3200000-0000-4000-8000-000000000003'::uuid, ('eeeeeeeeeeeeeeeeeeeeeeeeeeeeeeeeeeeeeeeeeeeeeeeeeeeeeeeeeeeeeeee'::text)::core.sha256_hex)"],
    "Shared Hit Blocks": 12073,
    "Shared Read Blocks": 31,
    "Shared Dirtied Blocks": 83,
    "Shared Written Blocks": 60,
    "Local Hit Blocks": 360,
    "Local Read Blocks": 11,
    "Local Dirtied Blocks": 16,
    "Local Written Blocks": 19,
    "Temp Read Blocks": 0,
    "Temp Written Blocks": 0,
    "I/O Read Time": 0.490,
    "I/O Write Time": 0.793,
    "Temp I/O Read Time": 0.000,
    "Temp I/O Write Time": 0.000,
    "WAL Records": 1802,
    "WAL FPI": 0,
    "WAL Bytes": 235942
  }
}
