case_id	phase	method	path	expected_status	actual_status	outcome	latency_ms	response_bytes	response_sha256	error
A001	ARTIFACT_CHECK	FILE	frontend/generated/trace-exploration-v3/CHECKSUMS.sha256	SHA256_BOUND	SHA256_BOUND	PASS	0.000000	149033	df452f70e5d4806fed3274cce68df861ded5d92b57f0129746ae326d92dafb7d	
C01-W00-R0000	CONCURRENCY_C1	GET	/api/trace/v3/exploration/association-realizations	200	200	PASS	1.861833	725	2055daed0bcf6b8683685111e1a08e80f77c46c3c857699a40af3bee93d456d1	
C01-W00-R0001	CONCURRENCY_C1	GET	/api/trace/v3/exploration/associations	200	200	PASS	1.655750	713	112656881141e3e6fe08e84889d751d97594a486f7395a82fa0259bf56e1e546	
C01-W00-R0002	CONCURRENCY_C1	GET	/api/trace/v3/exploration/baseline/reconciliation	200	200	PASS	2.863375	2189	b47499950063363bb5f9ab4fc5980ba0456e03891bd08b3812dfbecadb42775b	
C01-W00-R0003	CONCURRENCY_C1	GET	/api/trace/v3/exploration/capabilities	200	200	PASS	1.475959	3161	45893bee2ee38d5b79f1060c05c65fed9715a572368a3ddcf339afaf2f9cc33a	
C01-W00-R0004	CONCURRENCY_C1	GET	/api/trace/v3/exploration/composition-coherence-reviews	200	200	PASS	1.357083	730	8c9d2305760164516c357a83df743c9bbf90641939f104481c3a9da17377b9a7	
C01-W00-R0005	CONCURRENCY_C1	GET	/api/trace/v3/exploration/compositions	200	200	PASS	1.175125	713	f24bf8431d2e48ebf0ea9bf33a2e75f5a59b2a37a40dc09fca99db228c4c53cd	
C01-W00-R0006	CONCURRENCY_C1	GET	/api/trace/v3/exploration/concept-senses	200	200	PASS	1.656375	715	31f3e8c824758ad9bc595bf0d5b335f902933b1d04fee360bf36e3a292dd2676	
C01-W00-R0007	CONCURRENCY_C1	GET	/api/trace/v3/exploration/concepts	200	200	PASS	2.455667	709	e868697ef6929bb232c46bc4900fea0a65999ee7b3012bc6d31c9f3b7011f002	
C01-W00-R0008	CONCURRENCY_C1	GET	/api/trace/v3/exploration/exports	200	200	PASS	1.925958	708	0c76ad647e7a38cfe75d0185b0343abb847a0f5835903d30bd680c78a0d5a8e8	
C01-W00-R0009	CONCURRENCY_C1	GET	/api/trace/v3/exploration/incidences	200	200	PASS	1.397042	711	66defbdbbce3dbe5717864f006dac588011c9ed4f3631c259468f3cdaca99325	
C01-W00-R0010	CONCURRENCY_C1	GET	/api/trace/v3/exploration/navigation-states	200	200	PASS	1.460417	718	f0f645ac4f89bbf8b653d376f1e8962f8f76aa12d51a06b8cb8b45f3ab448122	
C01-W00-R0011	CONCURRENCY_C1	GET	/api/trace/v3/exploration/scopes	200	200	PASS	2.994125	707	41e92088169e46435c20c42666bd8c6f967b2292c06887856eadbbc478d6c5ba	
C01-W00-R0012	CONCURRENCY_C1	GET	/api/trace/v3/exploration/transitions	200	200	PASS	2.114500	712	b56a5b695427007bb25f80c4ceb9393c99d446a32a7202993082b002e2b836c1	
C01-W00-R0013	CONCURRENCY_C1	GET	/api/trace/v3/exploration/workflows	200	200	PASS	1.358125	710	de531bba5fb596fa2cabaf6f85964fce9b235e1696e6da98ba6a287aebd129c5	
C01-W00-R0014	CONCURRENCY_C1	GET	/api/trace/v3/exploration/association-realizations	200	200	PASS	1.338500	725	2055daed0bcf6b8683685111e1a08e80f77c46c3c857699a40af3bee93d456d1	
C01-W00-R0015	CONCURRENCY_C1	GET	/api/trace/v3/exploration/associations	200	200	PASS	1.704208	713	112656881141e3e6fe08e84889d751d97594a486f7395a82fa0259bf56e1e546	
C01-W00-R0016	CONCURRENCY_C1	GET	/api/trace/v3/exploration/baseline/reconciliation	200	200	PASS	2.498833	2189	b47499950063363bb5f9ab4fc5980ba0456e03891bd08b3812dfbecadb42775b	
C01-W00-R0017	CONCURRENCY_C1	GET	/api/trace/v3/exploration/capabilities	200	200	PASS	1.640791	3161	45893bee2ee38d5b79f1060c05c65fed9715a572368a3ddcf339afaf2f9cc33a	
C01-W00-R0018	CONCURRENCY_C1	GET	/api/trace/v3/exploration/composition-coherence-reviews	200	200	PASS	1.802958	730	8c9d2305760164516c357a83df743c9bbf90641939f104481c3a9da17377b9a7	
C01-W00-R0019	CONCURRENCY_C1	GET	/api/trace/v3/exploration/compositions	200	200	PASS	2.028708	713	f24bf8431d2e48ebf0ea9bf33a2e75f5a59b2a37a40dc09fca99db228c4c53cd	
C01-W00-R0020	CONCURRENCY_C1	GET	/api/trace/v3/exploration/concept-senses	200	200	PASS	2.506584	715	31f3e8c824758ad9bc595bf0d5b335f902933b1d04fee360bf36e3a292dd2676	
C01-W00-R0021	CONCURRENCY_C1	GET	/api/trace/v3/exploration/concepts	200	200	PASS	1.518167	709	e868697ef6929bb232c46bc4900fea0a65999ee7b3012bc6d31c9f3b7011f002	
C01-W00-R0022	CONCURRENCY_C1	GET	/api/trace/v3/exploration/exports	200	200	PASS	1.276834	708	0c76ad647e7a38cfe75d0185b0343abb847a0f5835903d30bd680c78a0d5a8e8	
C01-W00-R0023	CONCURRENCY_C1	GET	/api/trace/v3/exploration/incidences	200	200	PASS	1.192541	711	66defbdbbce3dbe5717864f006dac588011c9ed4f3631c259468f3cdaca99325	
C01-W00-R0024	CONCURRENCY_C1	GET	/api/trace/v3/exploration/navigation-states	200	200	PASS	1.594667	718	f0f645ac4f89bbf8b653d376f1e8962f8f76aa12d51a06b8cb8b45f3ab448122	
C01-W00-R0025	CONCURRENCY_C1	GET	/api/trace/v3/exploration/scopes	200	200	PASS	2.134625	707	41e92088169e46435c20c42666bd8c6f967b2292c06887856eadbbc478d6c5ba	
C01-W00-R0026	CONCURRENCY_C1	GET	/api/trace/v3/exploration/transitions	200	200	PASS	1.601875	712	b56a5b695427007bb25f80c4ceb9393c99d446a32a7202993082b002e2b836c1	
C01-W00-R0027	CONCURRENCY_C1	GET	/api/trace/v3/exploration/workflows	200	200	PASS	1.440042	710	de531bba5fb596fa2cabaf6f85964fce9b235e1696e6da98ba6a287aebd129c5	
C01-W00-R0028	CONCURRENCY_C1	GET	/api/trace/v3/exploration/association-realizations	200	200	PASS	1.653167	725	2055daed0bcf6b8683685111e1a08e80f77c46c3c857699a40af3bee93d456d1	
C01-W00-R0029	CONCURRENCY_C1	GET	/api/trace/v3/exploration/associations	200	200	PASS	2.602333	713	112656881141e3e6fe08e84889d751d97594a486f7395a82fa0259bf56e1e546	
C01-W00-R0030	CONCURRENCY_C1	GET	/api/trace/v3/exploration/baseline/reconciliation	200	200	PASS	1.769125	2189	b47499950063363bb5f9ab4fc5980ba0456e03891bd08b3812dfbecadb42775b	
C01-W00-R0031	CONCURRENCY_C1	GET	/api/trace/v3/exploration/capabilities	200	200	PASS	1.338500	3161	45893bee2ee38d5b79f1060c05c65fed9715a572368a3ddcf339afaf2f9cc33a	
C01-W00-R0032	CONCURRENCY_C1	GET	/api/trace/v3/exploration/composition-coherence-reviews	200	200	PASS	1.327500	730	8c9d2305760164516c357a83df743c9bbf90641939f104481c3a9da17377b9a7	
C01-W00-R0033	CONCURRENCY_C1	GET	/api/trace/v3/exploration/compositions	200	200	PASS	1.343750	713	f24bf8431d2e48ebf0ea9bf33a2e75f5a59b2a37a40dc09fca99db228c4c53cd	
C01-W00-R0034	CONCURRENCY_C1	GET	/api/trace/v3/exploration/concept-senses	200	200	PASS	1.422583	715	31f3e8c824758ad9bc595bf0d5b335f902933b1d04fee360bf36e3a292dd2676	
C01-W00-R0035	CONCURRENCY_C1	GET	/api/trace/v3/exploration/concepts	200	200	PASS	2.118250	709	e868697ef6929bb232c46bc4900fea0a65999ee7b3012bc6d31c9f3b7011f002	
C01-W00-R0036	CONCURRENCY_C1	GET	/api/trace/v3/exploration/exports	200	200	PASS	1.469042	708	0c76ad647e7a38cfe75d0185b0343abb847a0f5835903d30bd680c78a0d5a8e8	
C01-W00-R0037	CONCURRENCY_C1	GET	/api/trace/v3/exploration/incidences	200	200	PASS	1.306000	711	66defbdbbce3dbe5717864f006dac588011c9ed4f3631c259468f3cdaca99325	
C01-W00-R0038	CONCURRENCY_C1	GET	/api/trace/v3/exploration/navigation-states	200	200	PASS	1.447458	718	f0f645ac4f89bbf8b653d376f1e8962f8f76aa12d51a06b8cb8b45f3ab448122	
C01-W00-R0039	CONCURRENCY_C1	GET	/api/trace/v3/exploration/scopes	200	200	PASS	2.172250	707	41e92088169e46435c20c42666bd8c6f967b2292c06887856eadbbc478d6c5ba	
C01-W00-R0040	CONCURRENCY_C1	GET	/api/trace/v3/exploration/transitions	200	200	PASS	1.963500	712	b56a5b695427007bb25f80c4ceb9393c99d446a32a7202993082b002e2b836c1	
C01-W00-R0041	CONCURRENCY_C1	GET	/api/trace/v3/exploration/workflows	200	200	PASS	1.431000	710	de531bba5fb596fa2cabaf6f85964fce9b235e1696e6da98ba6a287aebd129c5	
C01-W00-R0042	CONCURRENCY_C1	GET	/api/trace/v3/exploration/association-realizations	200	200	PASS	1.272542	725	2055daed0bcf6b8683685111e1a08e80f77c46c3c857699a40af3bee93d456d1	
C01-W00-R0043	CONCURRENCY_C1	GET	/api/trace/v3/exploration/associations	200	200	PASS	1.328167	713	112656881141e3e6fe08e84889d751d97594a486f7395a82fa0259bf56e1e546	
C01-W00-R0044	CONCURRENCY_C1	GET	/api/trace/v3/exploration/baseline/reconciliation	200	200	PASS	1.457542	2189	b47499950063363bb5f9ab4fc5980ba0456e03891bd08b3812dfbecadb42775b	
C01-W00-R0045	CONCURRENCY_C1	GET	/api/trace/v3/exploration/capabilities	200	200	PASS	1.642708	3161	45893bee2ee38d5b79f1060c05c65fed9715a572368a3ddcf339afaf2f9cc33a	
C01-W00-R0046	CONCURRENCY_C1	GET	/api/trace/v3/exploration/composition-coherence-reviews	200	200	PASS	1.943667	730	8c9d2305760164516c357a83df743c9bbf90641939f104481c3a9da17377b9a7	
C01-W00-R0047	CONCURRENCY_C1	GET	/api/trace/v3/exploration/compositions	200	200	PASS	1.655542	713	f24bf8431d2e48ebf0ea9bf33a2e75f5a59b2a37a40dc09fca99db228c4c53cd	
C01-W00-R0048	CONCURRENCY_C1	GET	/api/trace/v3/exploration/concept-senses	200	200	PASS	1.832292	715	31f3e8c824758ad9bc595bf0d5b335f902933b1d04fee360bf36e3a292dd2676	
C01-W00-R0049	CONCURRENCY_C1	GET	/api/trace/v3/exploration/concepts	200	200	PASS	2.293375	709	e868697ef6929bb232c46bc4900fea0a65999ee7b3012bc6d31c9f3b7011f002	
C01-W00-R0050	CONCURRENCY_C1	GET	/api/trace/v3/exploration/exports	200	200	PASS	1.843042	708	0c76ad647e7a38cfe75d0185b0343abb847a0f5835903d30bd680c78a0d5a8e8	
C01-W00-R0051	CONCURRENCY_C1	GET	/api/trace/v3/exploration/incidences	200	200	PASS	1.325291	711	66defbdbbce3dbe5717864f006dac588011c9ed4f3631c259468f3cdaca99325	
C01-W00-R0052	CONCURRENCY_C1	GET	/api/trace/v3/exploration/navigation-states	200	200	PASS	1.132542	718	f0f645ac4f89bbf8b653d376f1e8962f8f76aa12d51a06b8cb8b45f3ab448122	
C01-W00-R0053	CONCURRENCY_C1	GET	/api/trace/v3/exploration/scopes	200	200	PASS	1.376750	707	41e92088169e46435c20c42666bd8c6f967b2292c06887856eadbbc478d6c5ba	
C01-W00-R0054	CONCURRENCY_C1	GET	/api/trace/v3/exploration/transitions	200	200	PASS	1.734708	712	b56a5b695427007bb25f80c4ceb9393c99d446a32a7202993082b002e2b836c1	
C01-W00-R0055	CONCURRENCY_C1	GET	/api/trace/v3/exploration/workflows	200	200	PASS	2.213292	710	de531bba5fb596fa2cabaf6f85964fce9b235e1696e6da98ba6a287aebd129c5	
C01-W00-R0056	CONCURRENCY_C1	GET	/api/trace/v3/exploration/association-realizations	200	200	PASS	1.580083	725	2055daed0bcf6b8683685111e1a08e80f77c46c3c857699a40af3bee93d456d1	
C01-W00-R0057	CONCURRENCY_C1	GET	/api/trace/v3/exploration/associations	200	200	PASS	1.348041	713	112656881141e3e6fe08e84889d751d97594a486f7395a82fa0259bf56e1e546	
C01-W00-R0058	CONCURRENCY_C1	GET	/api/trace/v3/exploration/baseline/reconciliation	200	200	PASS	2.243208	2189	b47499950063363bb5f9ab4fc5980ba0456e03891bd08b3812dfbecadb42775b	
C01-W00-R0059	CONCURRENCY_C1	GET	/api/trace/v3/exploration/capabilities	200	200	PASS	1.577375	3161	45893bee2ee38d5b79f1060c05c65fed9715a572368a3ddcf339afaf2f9cc33a	
C01-W00-R0060	CONCURRENCY_C1	GET	/api/trace/v3/exploration/composition-coherence-reviews	200	200	PASS	1.201209	730	8c9d2305760164516c357a83df743c9bbf90641939f104481c3a9da17377b9a7	
C01-W00-R0061	CONCURRENCY_C1	GET	/api/trace/v3/exploration/compositions	200	200	PASS	1.333250	713	f24bf8431d2e48ebf0ea9bf33a2e75f5a59b2a37a40dc09fca99db228c4c53cd	
C01-W00-R0062	CONCURRENCY_C1	GET	/api/trace/v3/exploration/concept-senses	200	200	PASS	1.520500	715	31f3e8c824758ad9bc595bf0d5b335f902933b1d04fee360bf36e3a292dd2676	
C01-W00-R0063	CONCURRENCY_C1	GET	/api/trace/v3/exploration/concepts	200	200	PASS	1.487500	709	e868697ef6929bb232c46bc4900fea0a65999ee7b3012bc6d31c9f3b7011f002	
C01-W00-R0064	CONCURRENCY_C1	GET	/api/trace/v3/exploration/exports	200	200	PASS	1.774041	708	0c76ad647e7a38cfe75d0185b0343abb847a0f5835903d30bd680c78a0d5a8e8	
C01-W00-R0065	CONCURRENCY_C1	GET	/api/trace/v3/exploration/incidences	200	200	PASS	2.171000	711	66defbdbbce3dbe5717864f006dac588011c9ed4f3631c259468f3cdaca99325	
C01-W00-R0066	CONCURRENCY_C1	GET	/api/trace/v3/exploration/navigation-states	200	200	PASS	1.878000	718	f0f645ac4f89bbf8b653d376f1e8962f8f76aa12d51a06b8cb8b45f3ab448122	
C01-W00-R0067	CONCURRENCY_C1	GET	/api/trace/v3/exploration/scopes	200	200	PASS	2.114958	707	41e92088169e46435c20c42666bd8c6f967b2292c06887856eadbbc478d6c5ba	
C01-W00-R0068	CONCURRENCY_C1	GET	/api/trace/v3/exploration/transitions	200	200	PASS	2.168333	712	b56a5b695427007bb25f80c4ceb9393c99d446a32a7202993082b002e2b836c1	
C01-W00-R0069	CONCURRENCY_C1	GET	/api/trace/v3/exploration/workflows	200	200	PASS	1.983541	710	de531bba5fb596fa2cabaf6f85964fce9b235e1696e6da98ba6a287aebd129c5	
C01-W00-R0070	CONCURRENCY_C1	GET	/api/trace/v3/exploration/association-realizations	200	200	PASS	1.365958	725	2055daed0bcf6b8683685111e1a08e80f77c46c3c857699a40af3bee93d456d1	
C01-W00-R0071	CONCURRENCY_C1	GET	/api/trace/v3/exploration/associations	200	200	PASS	1.286083	713	112656881141e3e6fe08e84889d751d97594a486f7395a82fa0259bf56e1e546	
C01-W00-R0072	CONCURRENCY_C1	GET	/api/trace/v3/exploration/baseline/reconciliation	200	200	PASS	1.295708	2189	b47499950063363bb5f9ab4fc5980ba0456e03891bd08b3812dfbecadb42775b	
C01-W00-R0073	CONCURRENCY_C1	GET	/api/trace/v3/exploration/capabilities	200	200	PASS	1.355875	3161	45893bee2ee38d5b79f1060c05c65fed9715a572368a3ddcf339afaf2f9cc33a	
C01-W00-R0074	CONCURRENCY_C1	GET	/api/trace/v3/exploration/composition-coherence-reviews	200	200	PASS	1.772417	730	8c9d2305760164516c357a83df743c9bbf90641939f104481c3a9da17377b9a7	
C01-W00-R0075	CONCURRENCY_C1	GET	/api/trace/v3/exploration/compositions	200	200	PASS	1.932208	713	f24bf8431d2e48ebf0ea9bf33a2e75f5a59b2a37a40dc09fca99db228c4c53cd	
C01-W00-R0076	CONCURRENCY_C1	GET	/api/trace/v3/exploration/concept-senses	200	200	PASS	1.400875	715	31f3e8c824758ad9bc595bf0d5b335f902933b1d04fee360bf36e3a292dd2676	
C01-W00-R0077	CONCURRENCY_C1	GET	/api/trace/v3/exploration/concepts	200	200	PASS	1.354250	709	e868697ef6929bb232c46bc4900fea0a65999ee7b3012bc6d31c9f3b7011f002	
C01-W00-R0078	CONCURRENCY_C1	GET	/api/trace/v3/exploration/exports	200	200	PASS	2.812792	708	0c76ad647e7a38cfe75d0185b0343abb847a0f5835903d30bd680c78a0d5a8e8	
C01-W00-R0079	CONCURRENCY_C1	GET	/api/trace/v3/exploration/incidences	200	200	PASS	1.553875	711	66defbdbbce3dbe5717864f006dac588011c9ed4f3631c259468f3cdaca99325	
C01-W00-R0080	CONCURRENCY_C1	GET	/api/trace/v3/exploration/navigation-states	200	200	PASS	1.403000	718	f0f645ac4f89bbf8b653d376f1e8962f8f76aa12d51a06b8cb8b45f3ab448122	
C01-W00-R0081	CONCURRENCY_C1	GET	/api/trace/v3/exploration/scopes	200	200	PASS	1.178792	707	41e92088169e46435c20c42666bd8c6f967b2292c06887856eadbbc478d6c5ba	
C01-W00-R0082	CONCURRENCY_C1	GET	/api/trace/v3/exploration/transitions	200	200	PASS	1.358958	712	b56a5b695427007bb25f80c4ceb9393c99d446a32a7202993082b002e2b836c1	
C01-W00-R0083	CONCURRENCY_C1	GET	/api/trace/v3/exploration/workflows	200	200	PASS	1.687334	710	de531bba5fb596fa2cabaf6f85964fce9b235e1696e6da98ba6a287aebd129c5	
C01-W00-R0084	CONCURRENCY_C1	GET	/api/trace/v3/exploration/association-realizations	200	200	PASS	2.169792	725	2055daed0bcf6b8683685111e1a08e80f77c46c3c857699a40af3bee93d456d1	
C01-W00-R0085	CONCURRENCY_C1	GET	/api/trace/v3/exploration/associations	200	200	PASS	2.365167	713	112656881141e3e6fe08e84889d751d97594a486f7395a82fa0259bf56e1e546	
C01-W00-R0086	CONCURRENCY_C1	GET	/api/trace/v3/exploration/baseline/reconciliation	200	200	PASS	1.507792	2189	b47499950063363bb5f9ab4fc5980ba0456e03891bd08b3812dfbecadb42775b	
C01-W00-R0087	CONCURRENCY_C1	GET	/api/trace/v3/exploration/capabilities	200	200	PASS	1.428000	3161	45893bee2ee38d5b79f1060c05c65fed9715a572368a3ddcf339afaf2f9cc33a	
C01-W00-R0088	CONCURRENCY_C1	GET	/api/trace/v3/exploration/composition-coherence-reviews	200	200	PASS	2.295708	730	8c9d2305760164516c357a83df743c9bbf90641939f104481c3a9da17377b9a7	
C01-W00-R0089	CONCURRENCY_C1	GET	/api/trace/v3/exploration/compositions	200	200	PASS	1.541125	713	f24bf8431d2e48ebf0ea9bf33a2e75f5a59b2a37a40dc09fca99db228c4c53cd	
C01-W00-R0090	CONCURRENCY_C1	GET	/api/trace/v3/exploration/concept-senses	200	200	PASS	1.310667	715	31f3e8c824758ad9bc595bf0d5b335f902933b1d04fee360bf36e3a292dd2676	
C01-W00-R0091	CONCURRENCY_C1	GET	/api/trace/v3/exploration/concepts	200	200	PASS	1.230125	709	e868697ef6929bb232c46bc4900fea0a65999ee7b3012bc6d31c9f3b7011f002	
C01-W00-R0092	CONCURRENCY_C1	GET	/api/trace/v3/exploration/exports	200	200	PASS	1.393000	708	0c76ad647e7a38cfe75d0185b0343abb847a0f5835903d30bd680c78a0d5a8e8	
C01-W00-R0093	CONCURRENCY_C1	GET	/api/trace/v3/exploration/incidences	200	200	PASS	1.552167	711	66defbdbbce3dbe5717864f006dac588011c9ed4f3631c259468f3cdaca99325	
C01-W00-R0094	CONCURRENCY_C1	GET	/api/trace/v3/exploration/navigation-states	200	200	PASS	1.890250	718	f0f645ac4f89bbf8b653d376f1e8962f8f76aa12d51a06b8cb8b45f3ab448122	
C01-W00-R0095	CONCURRENCY_C1	GET	/api/trace/v3/exploration/scopes	200	200	PASS	1.771083	707	41e92088169e46435c20c42666bd8c6f967b2292c06887856eadbbc478d6c5ba	
C01-W00-R0096	CONCURRENCY_C1	GET	/api/trace/v3/exploration/transitions	200	200	PASS	1.362375	712	b56a5b695427007bb25f80c4ceb9393c99d446a32a7202993082b002e2b836c1	
C01-W00-R0097	CONCURRENCY_C1	GET	/api/trace/v3/exploration/workflows	200	200	PASS	1.381584	710	de531bba5fb596fa2cabaf6f85964fce9b235e1696e6da98ba6a287aebd129c5	
C01-W00-R0098	CONCURRENCY_C1	GET	/api/trace/v3/exploration/association-realizations	200	200	PASS	2.441250	725	2055daed0bcf6b8683685111e1a08e80f77c46c3c857699a40af3bee93d456d1	
C01-W00-R0099	CONCURRENCY_C1	GET	/api/trace/v3/exploration/associations	200	200	PASS	1.657333	713	112656881141e3e6fe08e84889d751d97594a486f7395a82fa0259bf56e1e546	
C05-W00-R0000	CONCURRENCY_C5	GET	/api/trace/v3/exploration/association-realizations	200	200	PASS	2.042750	725	2055daed0bcf6b8683685111e1a08e80f77c46c3c857699a40af3bee93d456d1	
C05-W00-R0001	CONCURRENCY_C5	GET	/api/trace/v3/exploration/associations	200	200	PASS	5.231333	713	112656881141e3e6fe08e84889d751d97594a486f7395a82fa0259bf56e1e546	
C05-W00-R0002	CONCURRENCY_C5	GET	/api/trace/v3/exploration/baseline/reconciliation	200	200	PASS	5.529291	2189	b47499950063363bb5f9ab4fc5980ba0456e03891bd08b3812dfbecadb42775b	
C05-W00-R0003	CONCURRENCY_C5	GET	/api/trace/v3/exploration/capabilities	200	200	PASS	5.847958	3161	45893bee2ee38d5b79f1060c05c65fed9715a572368a3ddcf339afaf2f9cc33a	
C05-W00-R0004	CONCURRENCY_C5	GET	/api/trace/v3/exploration/composition-coherence-reviews	200	200	PASS	5.656666	730	8c9d2305760164516c357a83df743c9bbf90641939f104481c3a9da17377b9a7	
C05-W00-R0005	CONCURRENCY_C5	GET	/api/trace/v3/exploration/compositions	200	200	PASS	6.646625	713	f24bf8431d2e48ebf0ea9bf33a2e75f5a59b2a37a40dc09fca99db228c4c53cd	
C05-W00-R0006	CONCURRENCY_C5	GET	/api/trace/v3/exploration/concept-senses	200	200	PASS	6.172625	715	31f3e8c824758ad9bc595bf0d5b335f902933b1d04fee360bf36e3a292dd2676	
C05-W00-R0007	CONCURRENCY_C5	GET	/api/trace/v3/exploration/concepts	200	200	PASS	5.384916	709	e868697ef6929bb232c46bc4900fea0a65999ee7b3012bc6d31c9f3b7011f002	
C05-W00-R0008	CONCURRENCY_C5	GET	/api/trace/v3/exploration/exports	200	200	PASS	5.544125	708	0c76ad647e7a38cfe75d0185b0343abb847a0f5835903d30bd680c78a0d5a8e8	
C05-W00-R0009	CONCURRENCY_C5	GET	/api/trace/v3/exploration/incidences	200	200	PASS	4.476667	711	66defbdbbce3dbe5717864f006dac588011c9ed4f3631c259468f3cdaca99325	
C05-W00-R0010	CONCURRENCY_C5	GET	/api/trace/v3/exploration/navigation-states	200	200	PASS	6.149875	718	f0f645ac4f89bbf8b653d376f1e8962f8f76aa12d51a06b8cb8b45f3ab448122	
C05-W00-R0011	CONCURRENCY_C5	GET	/api/trace/v3/exploration/scopes	200	200	PASS	8.140459	707	41e92088169e46435c20c42666bd8c6f967b2292c06887856eadbbc478d6c5ba	
C05-W00-R0012	CONCURRENCY_C5	GET	/api/trace/v3/exploration/transitions	200	200	PASS	7.700792	712	b56a5b695427007bb25f80c4ceb9393c99d446a32a7202993082b002e2b836c1	
C05-W00-R0013	CONCURRENCY_C5	GET	/api/trace/v3/exploration/workflows	200	200	PASS	5.449292	710	de531bba5fb596fa2cabaf6f85964fce9b235e1696e6da98ba6a287aebd129c5	
C05-W00-R0014	CONCURRENCY_C5	GET	/api/trace/v3/exploration/association-realizations	200	200	PASS	5.576458	725	2055daed0bcf6b8683685111e1a08e80f77c46c3c857699a40af3bee93d456d1	
C05-W00-R0015	CONCURRENCY_C5	GET	/api/trace/v3/exploration/associations	200	200	PASS	5.303042	713	112656881141e3e6fe08e84889d751d97594a486f7395a82fa0259bf56e1e546	
C05-W00-R0016	CONCURRENCY_C5	GET	/api/trace/v3/exploration/baseline/reconciliation	200	200	PASS	4.812375	2189	b47499950063363bb5f9ab4fc5980ba0456e03891bd08b3812dfbecadb42775b	
C05-W00-R0017	CONCURRENCY_C5	GET	/api/trace/v3/exploration/capabilities	200	200	PASS	6.342125	3161	45893bee2ee38d5b79f1060c05c65fed9715a572368a3ddcf339afaf2f9cc33a	
C05-W00-R0018	CONCURRENCY_C5	GET	/api/trace/v3/exploration/composition-coherence-reviews	200	200	PASS	5.316500	730	8c9d2305760164516c357a83df743c9bbf90641939f104481c3a9da17377b9a7	
C05-W00-R0019	CONCURRENCY_C5	GET	/api/trace/v3/exploration/compositions	200	200	PASS	5.523500	713	f24bf8431d2e48ebf0ea9bf33a2e75f5a59b2a37a40dc09fca99db228c4c53cd	
C05-W01-R0000	CONCURRENCY_C5	GET	/api/trace/v3/exploration/associations	200	200	PASS	5.755458	713	112656881141e3e6fe08e84889d751d97594a486f7395a82fa0259bf56e1e546	
C05-W01-R0001	CONCURRENCY_C5	GET	/api/trace/v3/exploration/baseline/reconciliation	200	200	PASS	5.919375	2189	b47499950063363bb5f9ab4fc5980ba0456e03891bd08b3812dfbecadb42775b	
C05-W01-R0002	CONCURRENCY_C5	GET	/api/trace/v3/exploration/capabilities	200	200	PASS	6.211500	3161	45893bee2ee38d5b79f1060c05c65fed9715a572368a3ddcf339afaf2f9cc33a	
C05-W01-R0003	CONCURRENCY_C5	GET	/api/trace/v3/exploration/composition-coherence-reviews	200	200	PASS	4.835500	730	8c9d2305760164516c357a83df743c9bbf90641939f104481c3a9da17377b9a7	
C05-W01-R0004	CONCURRENCY_C5	GET	/api/trace/v3/exploration/compositions	200	200	PASS	6.577959	713	f24bf8431d2e48ebf0ea9bf33a2e75f5a59b2a37a40dc09fca99db228c4c53cd	
C05-W01-R0005	CONCURRENCY_C5	GET	/api/trace/v3/exploration/concept-senses	200	200	PASS	6.786542	715	31f3e8c824758ad9bc595bf0d5b335f902933b1d04fee360bf36e3a292dd2676	
C05-W01-R0006	CONCURRENCY_C5	GET	/api/trace/v3/exploration/concepts	200	200	PASS	5.664666	709	e868697ef6929bb232c46bc4900fea0a65999ee7b3012bc6d31c9f3b7011f002	
C05-W01-R0007	CONCURRENCY_C5	GET	/api/trace/v3/exploration/exports	200	200	PASS	4.283916	708	0c76ad647e7a38cfe75d0185b0343abb847a0f5835903d30bd680c78a0d5a8e8	
C05-W01-R0008	CONCURRENCY_C5	GET	/api/trace/v3/exploration/incidences	200	200	PASS	6.024166	711	66defbdbbce3dbe5717864f006dac588011c9ed4f3631c259468f3cdaca99325	
C05-W01-R0009	CONCURRENCY_C5	GET	/api/trace/v3/exploration/navigation-states	200	200	PASS	5.254542	718	f0f645ac4f89bbf8b653d376f1e8962f8f76aa12d51a06b8cb8b45f3ab448122	
C05-W01-R0010	CONCURRENCY_C5	GET	/api/trace/v3/exploration/scopes	200	200	PASS	8.114750	707	41e92088169e46435c20c42666bd8c6f967b2292c06887856eadbbc478d6c5ba	
C05-W01-R0011	CONCURRENCY_C5	GET	/api/trace/v3/exploration/transitions	200	200	PASS	7.766625	712	b56a5b695427007bb25f80c4ceb9393c99d446a32a7202993082b002e2b836c1	
C05-W01-R0012	CONCURRENCY_C5	GET	/api/trace/v3/exploration/workflows	200	200	PASS	5.630500	710	de531bba5fb596fa2cabaf6f85964fce9b235e1696e6da98ba6a287aebd129c5	
C05-W01-R0013	CONCURRENCY_C5	GET	/api/trace/v3/exploration/association-realizations	200	200	PASS	6.081375	725	2055daed0bcf6b8683685111e1a08e80f77c46c3c857699a40af3bee93d456d1	
C05-W01-R0014	CONCURRENCY_C5	GET	/api/trace/v3/exploration/associations	200	200	PASS	4.730167	713	112656881141e3e6fe08e84889d751d97594a486f7395a82fa0259bf56e1e546	
C05-W01-R0015	CONCURRENCY_C5	GET	/api/trace/v3/exploration/baseline/reconciliation	200	200	PASS	4.771000	2189	b47499950063363bb5f9ab4fc5980ba0456e03891bd08b3812dfbecadb42775b	
C05-W01-R0016	CONCURRENCY_C5	GET	/api/trace/v3/exploration/capabilities	200	200	PASS	7.017125	3161	45893bee2ee38d5b79f1060c05c65fed9715a572368a3ddcf339afaf2f9cc33a	
C05-W01-R0017	CONCURRENCY_C5	GET	/api/trace/v3/exploration/composition-coherence-reviews	200	200	PASS	4.379041	730	8c9d2305760164516c357a83df743c9bbf90641939f104481c3a9da17377b9a7	
C05-W01-R0018	CONCURRENCY_C5	GET	/api/trace/v3/exploration/compositions	200	200	PASS	5.125250	713	f24bf8431d2e48ebf0ea9bf33a2e75f5a59b2a37a40dc09fca99db228c4c53cd	
C05-W01-R0019	CONCURRENCY_C5	GET	/api/trace/v3/exploration/concept-senses	200	200	PASS	6.680459	715	31f3e8c824758ad9bc595bf0d5b335f902933b1d04fee360bf36e3a292dd2676	
C05-W02-R0000	CONCURRENCY_C5	GET	/api/trace/v3/exploration/baseline/reconciliation	200	200	PASS	4.717375	2189	b47499950063363bb5f9ab4fc5980ba0456e03891bd08b3812dfbecadb42775b	
C05-W02-R0001	CONCURRENCY_C5	GET	/api/trace/v3/exploration/capabilities	200	200	PASS	5.963625	3161	45893bee2ee38d5b79f1060c05c65fed9715a572368a3ddcf339afaf2f9cc33a	
C05-W02-R0002	CONCURRENCY_C5	GET	/api/trace/v3/exploration/composition-coherence-reviews	200	200	PASS	6.197042	730	8c9d2305760164516c357a83df743c9bbf90641939f104481c3a9da17377b9a7	
C05-W02-R0003	CONCURRENCY_C5	GET	/api/trace/v3/exploration/compositions	200	200	PASS	4.609667	713	f24bf8431d2e48ebf0ea9bf33a2e75f5a59b2a37a40dc09fca99db228c4c53cd	
C05-W02-R0004	CONCURRENCY_C5	GET	/api/trace/v3/exploration/concept-senses	200	200	PASS	6.832458	715	31f3e8c824758ad9bc595bf0d5b335f902933b1d04fee360bf36e3a292dd2676	
C05-W02-R0005	CONCURRENCY_C5	GET	/api/trace/v3/exploration/concepts	200	200	PASS	6.698041	709	e868697ef6929bb232c46bc4900fea0a65999ee7b3012bc6d31c9f3b7011f002	
C05-W02-R0006	CONCURRENCY_C5	GET	/api/trace/v3/exploration/exports	200	200	PASS	5.270667	708	0c76ad647e7a38cfe75d0185b0343abb847a0f5835903d30bd680c78a0d5a8e8	
C05-W02-R0007	CONCURRENCY_C5	GET	/api/trace/v3/exploration/incidences	200	200	PASS	4.757375	711	66defbdbbce3dbe5717864f006dac588011c9ed4f3631c259468f3cdaca99325	
C05-W02-R0008	CONCURRENCY_C5	GET	/api/trace/v3/exploration/navigation-states	200	200	PASS	5.941541	718	f0f645ac4f89bbf8b653d376f1e8962f8f76aa12d51a06b8cb8b45f3ab448122	
C05-W02-R0009	CONCURRENCY_C5	GET	/api/trace/v3/exploration/scopes	200	200	PASS	4.611833	707	41e92088169e46435c20c42666bd8c6f967b2292c06887856eadbbc478d6c5ba	
C05-W02-R0010	CONCURRENCY_C5	GET	/api/trace/v3/exploration/transitions	200	200	PASS	6.578334	712	b56a5b695427007bb25f80c4ceb9393c99d446a32a7202993082b002e2b836c1	
C05-W02-R0011	CONCURRENCY_C5	GET	/api/trace/v3/exploration/workflows	200	200	PASS	8.088417	710	de531bba5fb596fa2cabaf6f85964fce9b235e1696e6da98ba6a287aebd129c5	
C05-W02-R0012	CONCURRENCY_C5	GET	/api/trace/v3/exploration/association-realizations	200	200	PASS	7.596625	725	2055daed0bcf6b8683685111e1a08e80f77c46c3c857699a40af3bee93d456d1	
C05-W02-R0013	CONCURRENCY_C5	GET	/api/trace/v3/exploration/associations	200	200	PASS	6.114708	713	112656881141e3e6fe08e84889d751d97594a486f7395a82fa0259bf56e1e546	
C05-W02-R0014	CONCURRENCY_C5	GET	/api/trace/v3/exploration/baseline/reconciliation	200	200	PASS	4.372667	2189	b47499950063363bb5f9ab4fc5980ba0456e03891bd08b3812dfbecadb42775b	
C05-W02-R0015	CONCURRENCY_C5	GET	/api/trace/v3/exploration/capabilities	200	200	PASS	5.257542	3161	45893bee2ee38d5b79f1060c05c65fed9715a572368a3ddcf339afaf2f9cc33a	
C05-W02-R0016	CONCURRENCY_C5	GET	/api/trace/v3/exploration/composition-coherence-reviews	200	200	PASS	7.022041	730	8c9d2305760164516c357a83df743c9bbf90641939f104481c3a9da17377b9a7	
C05-W02-R0017	CONCURRENCY_C5	GET	/api/trace/v3/exploration/compositions	200	200	PASS	4.018208	713	f24bf8431d2e48ebf0ea9bf33a2e75f5a59b2a37a40dc09fca99db228c4c53cd	
C05-W02-R0018	CONCURRENCY_C5	GET	/api/trace/v3/exploration/concept-senses	200	200	PASS	5.408834	715	31f3e8c824758ad9bc595bf0d5b335f902933b1d04fee360bf36e3a292dd2676	
C05-W02-R0019	CONCURRENCY_C5	GET	/api/trace/v3/exploration/concepts	200	200	PASS	6.808333	709	e868697ef6929bb232c46bc4900fea0a65999ee7b3012bc6d31c9f3b7011f002	
C05-W03-R0000	CONCURRENCY_C5	GET	/api/trace/v3/exploration/capabilities	200	200	PASS	3.574083	3161	45893bee2ee38d5b79f1060c05c65fed9715a572368a3ddcf339afaf2f9cc33a	
C05-W03-R0001	CONCURRENCY_C5	GET	/api/trace/v3/exploration/composition-coherence-reviews	200	200	PASS	6.312875	730	8c9d2305760164516c357a83df743c9bbf90641939f104481c3a9da17377b9a7	
C05-W03-R0002	CONCURRENCY_C5	GET	/api/trace/v3/exploration/compositions	200	200	PASS	6.077750	713	f24bf8431d2e48ebf0ea9bf33a2e75f5a59b2a37a40dc09fca99db228c4c53cd	
C05-W03-R0003	CONCURRENCY_C5	GET	/api/trace/v3/exploration/concept-senses	200	200	PASS	4.302792	715	31f3e8c824758ad9bc595bf0d5b335f902933b1d04fee360bf36e3a292dd2676	
C05-W03-R0004	CONCURRENCY_C5	GET	/api/trace/v3/exploration/concepts	200	200	PASS	7.229666	709	e868697ef6929bb232c46bc4900fea0a65999ee7b3012bc6d31c9f3b7011f002	
C05-W03-R0005	CONCURRENCY_C5	GET	/api/trace/v3/exploration/exports	200	200	PASS	6.548917	708	0c76ad647e7a38cfe75d0185b0343abb847a0f5835903d30bd680c78a0d5a8e8	
C05-W03-R0006	CONCURRENCY_C5	GET	/api/trace/v3/exploration/incidences	200	200	PASS	4.843625	711	66defbdbbce3dbe5717864f006dac588011c9ed4f3631c259468f3cdaca99325	
C05-W03-R0007	CONCURRENCY_C5	GET	/api/trace/v3/exploration/navigation-states	200	200	PASS	5.277667	718	f0f645ac4f89bbf8b653d376f1e8962f8f76aa12d51a06b8cb8b45f3ab448122	
C05-W03-R0008	CONCURRENCY_C5	GET	/api/trace/v3/exploration/scopes	200	200	PASS	6.069250	707	41e92088169e46435c20c42666bd8c6f967b2292c06887856eadbbc478d6c5ba	
C05-W03-R0009	CONCURRENCY_C5	GET	/api/trace/v3/exploration/transitions	200	200	PASS	4.194458	712	b56a5b695427007bb25f80c4ceb9393c99d446a32a7202993082b002e2b836c1	
C05-W03-R0010	CONCURRENCY_C5	GET	/api/trace/v3/exploration/workflows	200	200	PASS	6.519958	710	de531bba5fb596fa2cabaf6f85964fce9b235e1696e6da98ba6a287aebd129c5	
C05-W03-R0011	CONCURRENCY_C5	GET	/api/trace/v3/exploration/association-realizations	200	200	PASS	8.023625	725	2055daed0bcf6b8683685111e1a08e80f77c46c3c857699a40af3bee93d456d1	
C05-W03-R0012	CONCURRENCY_C5	GET	/api/trace/v3/exploration/associations	200	200	PASS	7.889708	713	112656881141e3e6fe08e84889d751d97594a486f7395a82fa0259bf56e1e546	
C05-W03-R0013	CONCURRENCY_C5	GET	/api/trace/v3/exploration/baseline/reconciliation	200	200	PASS	6.187500	2189	b47499950063363bb5f9ab4fc5980ba0456e03891bd08b3812dfbecadb42775b	
C05-W03-R0014	CONCURRENCY_C5	GET	/api/trace/v3/exploration/capabilities	200	200	PASS	4.459708	3161	45893bee2ee38d5b79f1060c05c65fed9715a572368a3ddcf339afaf2f9cc33a	
C05-W03-R0015	CONCURRENCY_C5	GET	/api/trace/v3/exploration/composition-coherence-reviews	200	200	PASS	5.201334	730	8c9d2305760164516c357a83df743c9bbf90641939f104481c3a9da17377b9a7	
C05-W03-R0016	CONCURRENCY_C5	GET	/api/trace/v3/exploration/compositions	200	200	PASS	7.176417	713	f24bf8431d2e48ebf0ea9bf33a2e75f5a59b2a37a40dc09fca99db228c4c53cd	
C05-W03-R0017	CONCURRENCY_C5	GET	/api/trace/v3/exploration/concept-senses	200	200	PASS	3.864959	715	31f3e8c824758ad9bc595bf0d5b335f902933b1d04fee360bf36e3a292dd2676	
C05-W03-R0018	CONCURRENCY_C5	GET	/api/trace/v3/exploration/concepts	200	200	PASS	5.646333	709	e868697ef6929bb232c46bc4900fea0a65999ee7b3012bc6d31c9f3b7011f002	
C05-W03-R0019	CONCURRENCY_C5	GET	/api/trace/v3/exploration/exports	200	200	PASS	6.803625	708	0c76ad647e7a38cfe75d0185b0343abb847a0f5835903d30bd680c78a0d5a8e8	
C05-W04-R0000	CONCURRENCY_C5	GET	/api/trace/v3/exploration/composition-coherence-reviews	200	200	PASS	2.860791	730	8c9d2305760164516c357a83df743c9bbf90641939f104481c3a9da17377b9a7	
C05-W04-R0001	CONCURRENCY_C5	GET	/api/trace/v3/exploration/compositions	200	200	PASS	5.907666	713	f24bf8431d2e48ebf0ea9bf33a2e75f5a59b2a37a40dc09fca99db228c4c53cd	
C05-W04-R0002	CONCURRENCY_C5	GET	/api/trace/v3/exploration/concept-senses	200	200	PASS	5.587291	715	31f3e8c824758ad9bc595bf0d5b335f902933b1d04fee360bf36e3a292dd2676	
C05-W04-R0003	CONCURRENCY_C5	GET	/api/trace/v3/exploration/concepts	200	200	PASS	5.102958	709	e868697ef6929bb232c46bc4900fea0a65999ee7b3012bc6d31c9f3b7011f002	
C05-W04-R0004	CONCURRENCY_C5	GET	/api/trace/v3/exploration/exports	200	200	PASS	6.072958	708	0c76ad647e7a38cfe75d0185b0343abb847a0f5835903d30bd680c78a0d5a8e8	
C05-W04-R0005	CONCURRENCY_C5	GET	/api/trace/v3/exploration/incidences	200	200	PASS	7.392625	711	66defbdbbce3dbe5717864f006dac588011c9ed4f3631c259468f3cdaca99325	
C05-W04-R0006	CONCURRENCY_C5	GET	/api/trace/v3/exploration/navigation-states	200	200	PASS	5.190334	718	f0f645ac4f89bbf8b653d376f1e8962f8f76aa12d51a06b8cb8b45f3ab448122	
C05-W04-R0007	CONCURRENCY_C5	GET	/api/trace/v3/exploration/scopes	200	200	PASS	5.447834	707	41e92088169e46435c20c42666bd8c6f967b2292c06887856eadbbc478d6c5ba	
C05-W04-R0008	CONCURRENCY_C5	GET	/api/trace/v3/exploration/transitions	200	200	PASS	5.974875	712	b56a5b695427007bb25f80c4ceb9393c99d446a32a7202993082b002e2b836c1	
C05-W04-R0009	CONCURRENCY_C5	GET	/api/trace/v3/exploration/workflows	200	200	PASS	4.005583	710	de531bba5fb596fa2cabaf6f85964fce9b235e1696e6da98ba6a287aebd129c5	
C05-W04-R0010	CONCURRENCY_C5	GET	/api/trace/v3/exploration/association-realizations	200	200	PASS	6.484000	725	2055daed0bcf6b8683685111e1a08e80f77c46c3c857699a40af3bee93d456d1	
C05-W04-R0011	CONCURRENCY_C5	GET	/api/trace/v3/exploration/associations	200	200	PASS	7.931125	713	112656881141e3e6fe08e84889d751d97594a486f7395a82fa0259bf56e1e546	
C05-W04-R0012	CONCURRENCY_C5	GET	/api/trace/v3/exploration/baseline/reconciliation	200	200	PASS	8.017375	2189	b47499950063363bb5f9ab4fc5980ba0456e03891bd08b3812dfbecadb42775b	
C05-W04-R0013	CONCURRENCY_C5	GET	/api/trace/v3/exploration/capabilities	200	200	PASS	5.569167	3161	45893bee2ee38d5b79f1060c05c65fed9715a572368a3ddcf339afaf2f9cc33a	
C05-W04-R0014	CONCURRENCY_C5	GET	/api/trace/v3/exploration/composition-coherence-reviews	200	200	PASS	5.245500	730	8c9d2305760164516c357a83df743c9bbf90641939f104481c3a9da17377b9a7	
C05-W04-R0015	CONCURRENCY_C5	GET	/api/trace/v3/exploration/compositions	200	200	PASS	5.191084	713	f24bf8431d2e48ebf0ea9bf33a2e75f5a59b2a37a40dc09fca99db228c4c53cd	
C05-W04-R0016	CONCURRENCY_C5	GET	/api/trace/v3/exploration/concept-senses	200	200	PASS	6.912917	715	31f3e8c824758ad9bc595bf0d5b335f902933b1d04fee360bf36e3a292dd2676	
C05-W04-R0017	CONCURRENCY_C5	GET	/api/trace/v3/exploration/concepts	200	200	PASS	3.947250	709	e868697ef6929bb232c46bc4900fea0a65999ee7b3012bc6d31c9f3b7011f002	
C05-W04-R0018	CONCURRENCY_C5	GET	/api/trace/v3/exploration/exports	200	200	PASS	5.702792	708	0c76ad647e7a38cfe75d0185b0343abb847a0f5835903d30bd680c78a0d5a8e8	
C05-W04-R0019	CONCURRENCY_C5	GET	/api/trace/v3/exploration/incidences	200	200	PASS	6.860916	711	66defbdbbce3dbe5717864f006dac588011c9ed4f3631c259468f3cdaca99325	
C10-W00-R0000	CONCURRENCY_C10	GET	/api/trace/v3/exploration/association-realizations	200	200	PASS	3.512167	725	2055daed0bcf6b8683685111e1a08e80f77c46c3c857699a40af3bee93d456d1	
C10-W00-R0001	CONCURRENCY_C10	GET	/api/trace/v3/exploration/associations	200	200	PASS	11.159708	713	112656881141e3e6fe08e84889d751d97594a486f7395a82fa0259bf56e1e546	
C10-W00-R0002	CONCURRENCY_C10	GET	/api/trace/v3/exploration/baseline/reconciliation	200	200	PASS	10.143209	2189	b47499950063363bb5f9ab4fc5980ba0456e03891bd08b3812dfbecadb42775b	
C10-W00-R0003	CONCURRENCY_C10	GET	/api/trace/v3/exploration/capabilities	200	200	PASS	9.179375	3161	45893bee2ee38d5b79f1060c05c65fed9715a572368a3ddcf339afaf2f9cc33a	
C10-W00-R0004	CONCURRENCY_C10	GET	/api/trace/v3/exploration/composition-coherence-reviews	200	200	PASS	10.425209	730	8c9d2305760164516c357a83df743c9bbf90641939f104481c3a9da17377b9a7	
C10-W00-R0005	CONCURRENCY_C10	GET	/api/trace/v3/exploration/compositions	200	200	PASS	10.821500	713	f24bf8431d2e48ebf0ea9bf33a2e75f5a59b2a37a40dc09fca99db228c4c53cd	
C10-W00-R0006	CONCURRENCY_C10	GET	/api/trace/v3/exploration/concept-senses	200	200	PASS	10.690291	715	31f3e8c824758ad9bc595bf0d5b335f902933b1d04fee360bf36e3a292dd2676	
C10-W00-R0007	CONCURRENCY_C10	GET	/api/trace/v3/exploration/concepts	200	200	PASS	9.372000	709	e868697ef6929bb232c46bc4900fea0a65999ee7b3012bc6d31c9f3b7011f002	
C10-W00-R0008	CONCURRENCY_C10	GET	/api/trace/v3/exploration/exports	200	200	PASS	11.652459	708	0c76ad647e7a38cfe75d0185b0343abb847a0f5835903d30bd680c78a0d5a8e8	
C10-W00-R0009	CONCURRENCY_C10	GET	/api/trace/v3/exploration/incidences	200	200	PASS	11.095375	711	66defbdbbce3dbe5717864f006dac588011c9ed4f3631c259468f3cdaca99325	
C10-W01-R0000	CONCURRENCY_C10	GET	/api/trace/v3/exploration/associations	200	200	PASS	4.565000	713	112656881141e3e6fe08e84889d751d97594a486f7395a82fa0259bf56e1e546	
C10-W01-R0001	CONCURRENCY_C10	GET	/api/trace/v3/exploration/baseline/reconciliation	200	200	PASS	10.580917	2189	b47499950063363bb5f9ab4fc5980ba0456e03891bd08b3812dfbecadb42775b	
C10-W01-R0002	CONCURRENCY_C10	GET	/api/trace/v3/exploration/capabilities	200	200	PASS	10.290750	3161	45893bee2ee38d5b79f1060c05c65fed9715a572368a3ddcf339afaf2f9cc33a	
C10-W01-R0003	CONCURRENCY_C10	GET	/api/trace/v3/exploration/composition-coherence-reviews	200	200	PASS	8.942375	730	8c9d2305760164516c357a83df743c9bbf90641939f104481c3a9da17377b9a7	
C10-W01-R0004	CONCURRENCY_C10	GET	/api/trace/v3/exploration/compositions	200	200	PASS	11.237958	713	f24bf8431d2e48ebf0ea9bf33a2e75f5a59b2a37a40dc09fca99db228c4c53cd	
C10-W01-R0005	CONCURRENCY_C10	GET	/api/trace/v3/exploration/concept-senses	200	200	PASS	10.813084	715	31f3e8c824758ad9bc595bf0d5b335f902933b1d04fee360bf36e3a292dd2676	
C10-W01-R0006	CONCURRENCY_C10	GET	/api/trace/v3/exploration/concepts	200	200	PASS	10.144709	709	e868697ef6929bb232c46bc4900fea0a65999ee7b3012bc6d31c9f3b7011f002	
C10-W01-R0007	CONCURRENCY_C10	GET	/api/trace/v3/exploration/exports	200	200	PASS	11.063708	708	0c76ad647e7a38cfe75d0185b0343abb847a0f5835903d30bd680c78a0d5a8e8	
C10-W01-R0008	CONCURRENCY_C10	GET	/api/trace/v3/exploration/incidences	200	200	PASS	10.951958	711	66defbdbbce3dbe5717864f006dac588011c9ed4f3631c259468f3cdaca99325	
C10-W01-R0009	CONCURRENCY_C10	GET	/api/trace/v3/exploration/navigation-states	200	200	PASS	10.056875	718	f0f645ac4f89bbf8b653d376f1e8962f8f76aa12d51a06b8cb8b45f3ab448122	
C10-W02-R0000	CONCURRENCY_C10	GET	/api/trace/v3/exploration/baseline/reconciliation	200	200	PASS	9.064917	2189	b47499950063363bb5f9ab4fc5980ba0456e03891bd08b3812dfbecadb42775b	
C10-W02-R0001	CONCURRENCY_C10	GET	/api/trace/v3/exploration/capabilities	200	200	PASS	10.887083	3161	45893bee2ee38d5b79f1060c05c65fed9715a572368a3ddcf339afaf2f9cc33a	
C10-W02-R0002	CONCURRENCY_C10	GET	/api/trace/v3/exploration/composition-coherence-reviews	200	200	PASS	10.764583	730	8c9d2305760164516c357a83df743c9bbf90641939f104481c3a9da17377b9a7	
C10-W02-R0003	CONCURRENCY_C10	GET	/api/trace/v3/exploration/compositions	200	200	PASS	9.842041	713	f24bf8431d2e48ebf0ea9bf33a2e75f5a59b2a37a40dc09fca99db228c4c53cd	
C10-W02-R0004	CONCURRENCY_C10	GET	/api/trace/v3/exploration/concept-senses	200	200	PASS	9.215875	715	31f3e8c824758ad9bc595bf0d5b335f902933b1d04fee360bf36e3a292dd2676	
C10-W02-R0005	CONCURRENCY_C10	GET	/api/trace/v3/exploration/concepts	200	200	PASS	12.944625	709	e868697ef6929bb232c46bc4900fea0a65999ee7b3012bc6d31c9f3b7011f002	
C10-W02-R0006	CONCURRENCY_C10	GET	/api/trace/v3/exploration/exports	200	200	PASS	8.885209	708	0c76ad647e7a38cfe75d0185b0343abb847a0f5835903d30bd680c78a0d5a8e8	
C10-W02-R0007	CONCURRENCY_C10	GET	/api/trace/v3/exploration/incidences	200	200	PASS	11.552792	711	66defbdbbce3dbe5717864f006dac588011c9ed4f3631c259468f3cdaca99325	
C10-W02-R0008	CONCURRENCY_C10	GET	/api/trace/v3/exploration/navigation-states	200	200	PASS	10.362542	718	f0f645ac4f89bbf8b653d376f1e8962f8f76aa12d51a06b8cb8b45f3ab448122	
C10-W02-R0009	CONCURRENCY_C10	GET	/api/trace/v3/exploration/scopes	200	200	PASS	8.638625	707	41e92088169e46435c20c42666bd8c6f967b2292c06887856eadbbc478d6c5ba	
C10-W03-R0000	CONCURRENCY_C10	GET	/api/trace/v3/exploration/capabilities	200	200	PASS	7.554708	3161	45893bee2ee38d5b79f1060c05c65fed9715a572368a3ddcf339afaf2f9cc33a	
C10-W03-R0001	CONCURRENCY_C10	GET	/api/trace/v3/exploration/composition-coherence-reviews	200	200	PASS	10.203833	730	8c9d2305760164516c357a83df743c9bbf90641939f104481c3a9da17377b9a7	
C10-W03-R0002	CONCURRENCY_C10	GET	/api/trace/v3/exploration/compositions	200	200	PASS	11.228042	713	f24bf8431d2e48ebf0ea9bf33a2e75f5a59b2a37a40dc09fca99db228c4c53cd	
C10-W03-R0003	CONCURRENCY_C10	GET	/api/trace/v3/exploration/concept-senses	200	200	PASS	9.991209	715	31f3e8c824758ad9bc595bf0d5b335f902933b1d04fee360bf36e3a292dd2676	
C10-W03-R0004	CONCURRENCY_C10	GET	/api/trace/v3/exploration/concepts	200	200	PASS	9.255584	709	e868697ef6929bb232c46bc4900fea0a65999ee7b3012bc6d31c9f3b7011f002	
C10-W03-R0005	CONCURRENCY_C10	GET	/api/trace/v3/exploration/exports	200	200	PASS	11.227125	708	0c76ad647e7a38cfe75d0185b0343abb847a0f5835903d30bd680c78a0d5a8e8	
C10-W03-R0006	CONCURRENCY_C10	GET	/api/trace/v3/exploration/incidences	200	200	PASS	9.597250	711	66defbdbbce3dbe5717864f006dac588011c9ed4f3631c259468f3cdaca99325	
C10-W03-R0007	CONCURRENCY_C10	GET	/api/trace/v3/exploration/navigation-states	200	200	PASS	12.527959	718	f0f645ac4f89bbf8b653d376f1e8962f8f76aa12d51a06b8cb8b45f3ab448122	
C10-W03-R0008	CONCURRENCY_C10	GET	/api/trace/v3/exploration/scopes	200	200	PASS	9.849584	707	41e92088169e46435c20c42666bd8c6f967b2292c06887856eadbbc478d6c5ba	
C10-W03-R0009	CONCURRENCY_C10	GET	/api/trace/v3/exploration/transitions	200	200	PASS	9.090208	712	b56a5b695427007bb25f80c4ceb9393c99d446a32a7202993082b002e2b836c1	
C10-W04-R0000	CONCURRENCY_C10	GET	/api/trace/v3/exploration/composition-coherence-reviews	200	200	PASS	12.235334	730	8c9d2305760164516c357a83df743c9bbf90641939f104481c3a9da17377b9a7	
C10-W04-R0001	CONCURRENCY_C10	GET	/api/trace/v3/exploration/compositions	200	200	PASS	10.707042	713	f24bf8431d2e48ebf0ea9bf33a2e75f5a59b2a37a40dc09fca99db228c4c53cd	
C10-W04-R0002	CONCURRENCY_C10	GET	/api/trace/v3/exploration/concept-senses	200	200	PASS	9.422917	715	31f3e8c824758ad9bc595bf0d5b335f902933b1d04fee360bf36e3a292dd2676	
C10-W04-R0003	CONCURRENCY_C10	GET	/api/trace/v3/exploration/concepts	200	200	PASS	10.073250	709	e868697ef6929bb232c46bc4900fea0a65999ee7b3012bc6d31c9f3b7011f002	
C10-W04-R0004	CONCURRENCY_C10	GET	/api/trace/v3/exploration/exports	200	200	PASS	9.543959	708	0c76ad647e7a38cfe75d0185b0343abb847a0f5835903d30bd680c78a0d5a8e8	
C10-W04-R0005	CONCURRENCY_C10	GET	/api/trace/v3/exploration/incidences	200	200	PASS	12.669042	711	66defbdbbce3dbe5717864f006dac588011c9ed4f3631c259468f3cdaca99325	
C10-W04-R0006	CONCURRENCY_C10	GET	/api/trace/v3/exploration/navigation-states	200	200	PASS	9.110458	718	f0f645ac4f89bbf8b653d376f1e8962f8f76aa12d51a06b8cb8b45f3ab448122	
C10-W04-R0007	CONCURRENCY_C10	GET	/api/trace/v3/exploration/scopes	200	200	PASS	11.430000	707	41e92088169e46435c20c42666bd8c6f967b2292c06887856eadbbc478d6c5ba	
C10-W04-R0008	CONCURRENCY_C10	GET	/api/trace/v3/exploration/transitions	200	200	PASS	11.289292	712	b56a5b695427007bb25f80c4ceb9393c99d446a32a7202993082b002e2b836c1	
C10-W04-R0009	CONCURRENCY_C10	GET	/api/trace/v3/exploration/workflows	200	200	PASS	7.740166	710	de531bba5fb596fa2cabaf6f85964fce9b235e1696e6da98ba6a287aebd129c5	
C10-W05-R0000	CONCURRENCY_C10	GET	/api/trace/v3/exploration/compositions	200	200	PASS	2.506375	713	f24bf8431d2e48ebf0ea9bf33a2e75f5a59b2a37a40dc09fca99db228c4c53cd	
C10-W05-R0001	CONCURRENCY_C10	GET	/api/trace/v3/exploration/concept-senses	200	200	PASS	11.011166	715	31f3e8c824758ad9bc595bf0d5b335f902933b1d04fee360bf36e3a292dd2676	
C10-W05-R0002	CONCURRENCY_C10	GET	/api/trace/v3/exploration/concepts	200	200	PASS	10.382875	709	e868697ef6929bb232c46bc4900fea0a65999ee7b3012bc6d31c9f3b7011f002	
C10-W05-R0003	CONCURRENCY_C10	GET	/api/trace/v3/exploration/exports	200	200	PASS	9.128334	708	0c76ad647e7a38cfe75d0185b0343abb847a0f5835903d30bd680c78a0d5a8e8	
C10-W05-R0004	CONCURRENCY_C10	GET	/api/trace/v3/exploration/incidences	200	200	PASS	10.261792	711	66defbdbbce3dbe5717864f006dac588011c9ed4f3631c259468f3cdaca99325	
C10-W05-R0005	CONCURRENCY_C10	GET	/api/trace/v3/exploration/navigation-states	200	200	PASS	9.954041	718	f0f645ac4f89bbf8b653d376f1e8962f8f76aa12d51a06b8cb8b45f3ab448122	
C10-W05-R0006	CONCURRENCY_C10	GET	/api/trace/v3/exploration/scopes	200	200	PASS	12.065167	707	41e92088169e46435c20c42666bd8c6f967b2292c06887856eadbbc478d6c5ba	
C10-W05-R0007	CONCURRENCY_C10	GET	/api/trace/v3/exploration/transitions	200	200	PASS	9.301291	712	b56a5b695427007bb25f80c4ceb9393c99d446a32a7202993082b002e2b836c1	
C10-W05-R0008	CONCURRENCY_C10	GET	/api/trace/v3/exploration/workflows	200	200	PASS	11.387000	710	de531bba5fb596fa2cabaf6f85964fce9b235e1696e6da98ba6a287aebd129c5	
C10-W05-R0009	CONCURRENCY_C10	GET	/api/trace/v3/exploration/association-realizations	200	200	PASS	11.370833	725	2055daed0bcf6b8683685111e1a08e80f77c46c3c857699a40af3bee93d456d1	
C10-W06-R0000	CONCURRENCY_C10	GET	/api/trace/v3/exploration/concept-senses	200	200	PASS	9.675833	715	31f3e8c824758ad9bc595bf0d5b335f902933b1d04fee360bf36e3a292dd2676	
C10-W06-R0001	CONCURRENCY_C10	GET	/api/trace/v3/exploration/concepts	200	200	PASS	11.466625	709	e868697ef6929bb232c46bc4900fea0a65999ee7b3012bc6d31c9f3b7011f002	
C10-W06-R0002	CONCURRENCY_C10	GET	/api/trace/v3/exploration/exports	200	200	PASS	10.118542	708	0c76ad647e7a38cfe75d0185b0343abb847a0f5835903d30bd680c78a0d5a8e8	
C10-W06-R0003	CONCURRENCY_C10	GET	/api/trace/v3/exploration/incidences	200	200	PASS	9.855667	711	66defbdbbce3dbe5717864f006dac588011c9ed4f3631c259468f3cdaca99325	
C10-W06-R0004	CONCURRENCY_C10	GET	/api/trace/v3/exploration/navigation-states	200	200	PASS	9.376000	718	f0f645ac4f89bbf8b653d376f1e8962f8f76aa12d51a06b8cb8b45f3ab448122	
C10-W06-R0005	CONCURRENCY_C10	GET	/api/trace/v3/exploration/scopes	200	200	PASS	13.078666	707	41e92088169e46435c20c42666bd8c6f967b2292c06887856eadbbc478d6c5ba	
C10-W06-R0006	CONCURRENCY_C10	GET	/api/trace/v3/exploration/transitions	200	200	PASS	8.942541	712	b56a5b695427007bb25f80c4ceb9393c99d446a32a7202993082b002e2b836c1	
C10-W06-R0007	CONCURRENCY_C10	GET	/api/trace/v3/exploration/workflows	200	200	PASS	11.233333	710	de531bba5fb596fa2cabaf6f85964fce9b235e1696e6da98ba6a287aebd129c5	
C10-W06-R0008	CONCURRENCY_C10	GET	/api/trace/v3/exploration/association-realizations	200	200	PASS	11.392166	725	2055daed0bcf6b8683685111e1a08e80f77c46c3c857699a40af3bee93d456d1	
C10-W06-R0009	CONCURRENCY_C10	GET	/api/trace/v3/exploration/associations	200	200	PASS	7.544125	713	112656881141e3e6fe08e84889d751d97594a486f7395a82fa0259bf56e1e546	
C10-W07-R0000	CONCURRENCY_C10	GET	/api/trace/v3/exploration/concepts	200	200	PASS	6.992167	709	e868697ef6929bb232c46bc4900fea0a65999ee7b3012bc6d31c9f3b7011f002	
C10-W07-R0001	CONCURRENCY_C10	GET	/api/trace/v3/exploration/exports	200	200	PASS	10.157291	708	0c76ad647e7a38cfe75d0185b0343abb847a0f5835903d30bd680c78a0d5a8e8	
C10-W07-R0002	CONCURRENCY_C10	GET	/api/trace/v3/exploration/incidences	200	200	PASS	10.862208	711	66defbdbbce3dbe5717864f006dac588011c9ed4f3631c259468f3cdaca99325	
C10-W07-R0003	CONCURRENCY_C10	GET	/api/trace/v3/exploration/navigation-states	200	200	PASS	10.134667	718	f0f645ac4f89bbf8b653d376f1e8962f8f76aa12d51a06b8cb8b45f3ab448122	
C10-W07-R0004	CONCURRENCY_C10	GET	/api/trace/v3/exploration/scopes	200	200	PASS	9.694417	707	41e92088169e46435c20c42666bd8c6f967b2292c06887856eadbbc478d6c5ba	
C10-W07-R0005	CONCURRENCY_C10	GET	/api/trace/v3/exploration/transitions	200	200	PASS	10.905042	712	b56a5b695427007bb25f80c4ceb9393c99d446a32a7202993082b002e2b836c1	
C10-W07-R0006	CONCURRENCY_C10	GET	/api/trace/v3/exploration/workflows	200	200	PASS	9.694500	710	de531bba5fb596fa2cabaf6f85964fce9b235e1696e6da98ba6a287aebd129c5	
C10-W07-R0007	CONCURRENCY_C10	GET	/api/trace/v3/exploration/association-realizations	200	200	PASS	12.495750	725	2055daed0bcf6b8683685111e1a08e80f77c46c3c857699a40af3bee93d456d1	
C10-W07-R0008	CONCURRENCY_C10	GET	/api/trace/v3/exploration/associations	200	200	PASS	10.162375	713	112656881141e3e6fe08e84889d751d97594a486f7395a82fa0259bf56e1e546	
C10-W07-R0009	CONCURRENCY_C10	GET	/api/trace/v3/exploration/baseline/reconciliation	200	200	PASS	9.202833	2189	b47499950063363bb5f9ab4fc5980ba0456e03891bd08b3812dfbecadb42775b	
C10-W08-R0000	CONCURRENCY_C10	GET	/api/trace/v3/exploration/exports	200	200	PASS	5.818333	708	0c76ad647e7a38cfe75d0185b0343abb847a0f5835903d30bd680c78a0d5a8e8	
C10-W08-R0001	CONCURRENCY_C10	GET	/api/trace/v3/exploration/incidences	200	200	PASS	10.169500	711	66defbdbbce3dbe5717864f006dac588011c9ed4f3631c259468f3cdaca99325	
C10-W08-R0002	CONCURRENCY_C10	GET	/api/trace/v3/exploration/navigation-states	200	200	PASS	10.181959	718	f0f645ac4f89bbf8b653d376f1e8962f8f76aa12d51a06b8cb8b45f3ab448122	
C10-W08-R0003	CONCURRENCY_C10	GET	/api/trace/v3/exploration/scopes	200	200	PASS	9.133125	707	41e92088169e46435c20c42666bd8c6f967b2292c06887856eadbbc478d6c5ba	
C10-W08-R0004	CONCURRENCY_C10	GET	/api/trace/v3/exploration/transitions	200	200	PASS	11.546959	712	b56a5b695427007bb25f80c4ceb9393c99d446a32a7202993082b002e2b836c1	
C10-W08-R0005	CONCURRENCY_C10	GET	/api/trace/v3/exploration/workflows	200	200	PASS	10.680833	710	de531bba5fb596fa2cabaf6f85964fce9b235e1696e6da98ba6a287aebd129c5	
C10-W08-R0006	CONCURRENCY_C10	GET	/api/trace/v3/exploration/association-realizations	200	200	PASS	9.561708	725	2055daed0bcf6b8683685111e1a08e80f77c46c3c857699a40af3bee93d456d1	
C10-W08-R0007	CONCURRENCY_C10	GET	/api/trace/v3/exploration/associations	200	200	PASS	12.294916	713	112656881141e3e6fe08e84889d751d97594a486f7395a82fa0259bf56e1e546	
C10-W08-R0008	CONCURRENCY_C10	GET	/api/trace/v3/exploration/baseline/reconciliation	200	200	PASS	10.290791	2189	b47499950063363bb5f9ab4fc5980ba0456e03891bd08b3812dfbecadb42775b	
C10-W08-R0009	CONCURRENCY_C10	GET	/api/trace/v3/exploration/capabilities	200	200	PASS	9.549542	3161	45893bee2ee38d5b79f1060c05c65fed9715a572368a3ddcf339afaf2f9cc33a	
C10-W09-R0000	CONCURRENCY_C10	GET	/api/trace/v3/exploration/incidences	200	200	PASS	8.786000	711	66defbdbbce3dbe5717864f006dac588011c9ed4f3631c259468f3cdaca99325	
C10-W09-R0001	CONCURRENCY_C10	GET	/api/trace/v3/exploration/navigation-states	200	200	PASS	10.577000	718	f0f645ac4f89bbf8b653d376f1e8962f8f76aa12d51a06b8cb8b45f3ab448122	
C10-W09-R0002	CONCURRENCY_C10	GET	/api/trace/v3/exploration/scopes	200	200	PASS	11.106583	707	41e92088169e46435c20c42666bd8c6f967b2292c06887856eadbbc478d6c5ba	
C10-W09-R0003	CONCURRENCY_C10	GET	/api/trace/v3/exploration/transitions	200	200	PASS	9.835583	712	b56a5b695427007bb25f80c4ceb9393c99d446a32a7202993082b002e2b836c1	
C10-W09-R0004	CONCURRENCY_C10	GET	/api/trace/v3/exploration/workflows	200	200	PASS	9.200834	710	de531bba5fb596fa2cabaf6f85964fce9b235e1696e6da98ba6a287aebd129c5	
C10-W09-R0005	CONCURRENCY_C10	GET	/api/trace/v3/exploration/association-realizations	200	200	PASS	12.097458	725	2055daed0bcf6b8683685111e1a08e80f77c46c3c857699a40af3bee93d456d1	
C10-W09-R0006	CONCURRENCY_C10	GET	/api/trace/v3/exploration/associations	200	200	PASS	8.613500	713	112656881141e3e6fe08e84889d751d97594a486f7395a82fa0259bf56e1e546	
C10-W09-R0007	CONCURRENCY_C10	GET	/api/trace/v3/exploration/baseline/reconciliation	200	200	PASS	12.571333	2189	b47499950063363bb5f9ab4fc5980ba0456e03891bd08b3812dfbecadb42775b	
C10-W09-R0008	CONCURRENCY_C10	GET	/api/trace/v3/exploration/capabilities	200	200	PASS	10.097625	3161	45893bee2ee38d5b79f1060c05c65fed9715a572368a3ddcf339afaf2f9cc33a	
C10-W09-R0009	CONCURRENCY_C10	GET	/api/trace/v3/exploration/composition-coherence-reviews	200	200	PASS	8.895708	730	8c9d2305760164516c357a83df743c9bbf90641939f104481c3a9da17377b9a7	
C25-W00-R0000	CONCURRENCY_C25	GET	/api/trace/v3/exploration/association-realizations	200	200	PASS	9.542750	725	2055daed0bcf6b8683685111e1a08e80f77c46c3c857699a40af3bee93d456d1	
C25-W00-R0001	CONCURRENCY_C25	GET	/api/trace/v3/exploration/associations	200	200	PASS	25.849875	713	112656881141e3e6fe08e84889d751d97594a486f7395a82fa0259bf56e1e546	
C25-W00-R0002	CONCURRENCY_C25	GET	/api/trace/v3/exploration/baseline/reconciliation	200	200	PASS	22.972167	2189	b47499950063363bb5f9ab4fc5980ba0456e03891bd08b3812dfbecadb42775b	
C25-W00-R0003	CONCURRENCY_C25	GET	/api/trace/v3/exploration/capabilities	200	200	PASS	21.293375	3161	45893bee2ee38d5b79f1060c05c65fed9715a572368a3ddcf339afaf2f9cc33a	
C25-W01-R0000	CONCURRENCY_C25	GET	/api/trace/v3/exploration/associations	200	200	PASS	9.598333	713	112656881141e3e6fe08e84889d751d97594a486f7395a82fa0259bf56e1e546	
C25-W01-R0001	CONCURRENCY_C25	GET	/api/trace/v3/exploration/baseline/reconciliation	200	200	PASS	25.748083	2189	b47499950063363bb5f9ab4fc5980ba0456e03891bd08b3812dfbecadb42775b	
C25-W01-R0002	CONCURRENCY_C25	GET	/api/trace/v3/exploration/capabilities	200	200	PASS	23.153750	3161	45893bee2ee38d5b79f1060c05c65fed9715a572368a3ddcf339afaf2f9cc33a	
C25-W01-R0003	CONCURRENCY_C25	GET	/api/trace/v3/exploration/composition-coherence-reviews	200	200	PASS	21.107375	730	8c9d2305760164516c357a83df743c9bbf90641939f104481c3a9da17377b9a7	
C25-W02-R0000	CONCURRENCY_C25	GET	/api/trace/v3/exploration/baseline/reconciliation	200	200	PASS	24.452584	2189	b47499950063363bb5f9ab4fc5980ba0456e03891bd08b3812dfbecadb42775b	
C25-W02-R0001	CONCURRENCY_C25	GET	/api/trace/v3/exploration/capabilities	200	200	PASS	22.552667	3161	45893bee2ee38d5b79f1060c05c65fed9715a572368a3ddcf339afaf2f9cc33a	
C25-W02-R0002	CONCURRENCY_C25	GET	/api/trace/v3/exploration/composition-coherence-reviews	200	200	PASS	22.783084	730	8c9d2305760164516c357a83df743c9bbf90641939f104481c3a9da17377b9a7	
C25-W02-R0003	CONCURRENCY_C25	GET	/api/trace/v3/exploration/compositions	200	200	PASS	22.971584	713	f24bf8431d2e48ebf0ea9bf33a2e75f5a59b2a37a40dc09fca99db228c4c53cd	
C25-W03-R0000	CONCURRENCY_C25	GET	/api/trace/v3/exploration/capabilities	200	200	PASS	3.748875	3161	45893bee2ee38d5b79f1060c05c65fed9715a572368a3ddcf339afaf2f9cc33a	
C25-W03-R0001	CONCURRENCY_C25	GET	/api/trace/v3/exploration/composition-coherence-reviews	200	200	PASS	23.089583	730	8c9d2305760164516c357a83df743c9bbf90641939f104481c3a9da17377b9a7	
C25-W03-R0002	CONCURRENCY_C25	GET	/api/trace/v3/exploration/compositions	200	200	PASS	24.064166	713	f24bf8431d2e48ebf0ea9bf33a2e75f5a59b2a37a40dc09fca99db228c4c53cd	
C25-W03-R0003	CONCURRENCY_C25	GET	/api/trace/v3/exploration/concept-senses	200	200	PASS	22.139167	715	31f3e8c824758ad9bc595bf0d5b335f902933b1d04fee360bf36e3a292dd2676	
C25-W04-R0000	CONCURRENCY_C25	GET	/api/trace/v3/exploration/composition-coherence-reviews	200	200	PASS	23.257334	730	8c9d2305760164516c357a83df743c9bbf90641939f104481c3a9da17377b9a7	
C25-W04-R0001	CONCURRENCY_C25	GET	/api/trace/v3/exploration/compositions	200	200	PASS	22.111417	713	f24bf8431d2e48ebf0ea9bf33a2e75f5a59b2a37a40dc09fca99db228c4c53cd	
C25-W04-R0002	CONCURRENCY_C25	GET	/api/trace/v3/exploration/concept-senses	200	200	PASS	23.432375	715	31f3e8c824758ad9bc595bf0d5b335f902933b1d04fee360bf36e3a292dd2676	
C25-W04-R0003	CONCURRENCY_C25	GET	/api/trace/v3/exploration/concepts	200	200	PASS	23.026917	709	e868697ef6929bb232c46bc4900fea0a65999ee7b3012bc6d31c9f3b7011f002	
C25-W05-R0000	CONCURRENCY_C25	GET	/api/trace/v3/exploration/compositions	200	200	PASS	5.137167	713	f24bf8431d2e48ebf0ea9bf33a2e75f5a59b2a37a40dc09fca99db228c4c53cd	
C25-W05-R0001	CONCURRENCY_C25	GET	/api/trace/v3/exploration/concept-senses	200	200	PASS	23.143375	715	31f3e8c824758ad9bc595bf0d5b335f902933b1d04fee360bf36e3a292dd2676	
C25-W05-R0002	CONCURRENCY_C25	GET	/api/trace/v3/exploration/concepts	200	200	PASS	24.050791	709	e868697ef6929bb232c46bc4900fea0a65999ee7b3012bc6d31c9f3b7011f002	
C25-W05-R0003	CONCURRENCY_C25	GET	/api/trace/v3/exploration/exports	200	200	PASS	22.332583	708	0c76ad647e7a38cfe75d0185b0343abb847a0f5835903d30bd680c78a0d5a8e8	
C25-W06-R0000	CONCURRENCY_C25	GET	/api/trace/v3/exploration/concept-senses	200	200	PASS	7.638958	715	31f3e8c824758ad9bc595bf0d5b335f902933b1d04fee360bf36e3a292dd2676	
C25-W06-R0001	CONCURRENCY_C25	GET	/api/trace/v3/exploration/concepts	200	200	PASS	24.151500	709	e868697ef6929bb232c46bc4900fea0a65999ee7b3012bc6d31c9f3b7011f002	
C25-W06-R0002	CONCURRENCY_C25	GET	/api/trace/v3/exploration/exports	200	200	PASS	23.066625	708	0c76ad647e7a38cfe75d0185b0343abb847a0f5835903d30bd680c78a0d5a8e8	
C25-W06-R0003	CONCURRENCY_C25	GET	/api/trace/v3/exploration/incidences	200	200	PASS	22.191916	711	66defbdbbce3dbe5717864f006dac588011c9ed4f3631c259468f3cdaca99325	
C25-W07-R0000	CONCURRENCY_C25	GET	/api/trace/v3/exploration/concepts	200	200	PASS	17.142166	709	e868697ef6929bb232c46bc4900fea0a65999ee7b3012bc6d31c9f3b7011f002	
C25-W07-R0001	CONCURRENCY_C25	GET	/api/trace/v3/exploration/exports	200	200	PASS	23.885709	708	0c76ad647e7a38cfe75d0185b0343abb847a0f5835903d30bd680c78a0d5a8e8	
C25-W07-R0002	CONCURRENCY_C25	GET	/api/trace/v3/exploration/incidences	200	200	PASS	22.084875	711	66defbdbbce3dbe5717864f006dac588011c9ed4f3631c259468f3cdaca99325	
C25-W07-R0003	CONCURRENCY_C25	GET	/api/trace/v3/exploration/navigation-states	200	200	PASS	23.187000	718	f0f645ac4f89bbf8b653d376f1e8962f8f76aa12d51a06b8cb8b45f3ab448122	
C25-W08-R0000	CONCURRENCY_C25	GET	/api/trace/v3/exploration/exports	200	200	PASS	14.973167	708	0c76ad647e7a38cfe75d0185b0343abb847a0f5835903d30bd680c78a0d5a8e8	
C25-W08-R0001	CONCURRENCY_C25	GET	/api/trace/v3/exploration/incidences	200	200	PASS	24.553291	711	66defbdbbce3dbe5717864f006dac588011c9ed4f3631c259468f3cdaca99325	
C25-W08-R0002	CONCURRENCY_C25	GET	/api/trace/v3/exploration/navigation-states	200	200	PASS	21.948833	718	f0f645ac4f89bbf8b653d376f1e8962f8f76aa12d51a06b8cb8b45f3ab448122	
C25-W08-R0003	CONCURRENCY_C25	GET	/api/trace/v3/exploration/scopes	200	200	PASS	22.222458	707	41e92088169e46435c20c42666bd8c6f967b2292c06887856eadbbc478d6c5ba	
C25-W09-R0000	CONCURRENCY_C25	GET	/api/trace/v3/exploration/incidences	200	200	PASS	6.888250	711	66defbdbbce3dbe5717864f006dac588011c9ed4f3631c259468f3cdaca99325	
C25-W09-R0001	CONCURRENCY_C25	GET	/api/trace/v3/exploration/navigation-states	200	200	PASS	23.432250	718	f0f645ac4f89bbf8b653d376f1e8962f8f76aa12d51a06b8cb8b45f3ab448122	
C25-W09-R0002	CONCURRENCY_C25	GET	/api/trace/v3/exploration/scopes	200	200	PASS	23.446208	707	41e92088169e46435c20c42666bd8c6f967b2292c06887856eadbbc478d6c5ba	
C25-W09-R0003	CONCURRENCY_C25	GET	/api/trace/v3/exploration/transitions	200	200	PASS	22.551833	712	b56a5b695427007bb25f80c4ceb9393c99d446a32a7202993082b002e2b836c1	
C25-W10-R0000	CONCURRENCY_C25	GET	/api/trace/v3/exploration/navigation-states	200	200	PASS	22.569291	718	f0f645ac4f89bbf8b653d376f1e8962f8f76aa12d51a06b8cb8b45f3ab448122	
C25-W10-R0001	CONCURRENCY_C25	GET	/api/trace/v3/exploration/scopes	200	200	PASS	22.549167	707	41e92088169e46435c20c42666bd8c6f967b2292c06887856eadbbc478d6c5ba	
C25-W10-R0002	CONCURRENCY_C25	GET	/api/trace/v3/exploration/transitions	200	200	PASS	23.512417	712	b56a5b695427007bb25f80c4ceb9393c99d446a32a7202993082b002e2b836c1	
C25-W10-R0003	CONCURRENCY_C25	GET	/api/trace/v3/exploration/workflows	200	200	PASS	23.042542	710	de531bba5fb596fa2cabaf6f85964fce9b235e1696e6da98ba6a287aebd129c5	
C25-W11-R0000	CONCURRENCY_C25	GET	/api/trace/v3/exploration/scopes	200	200	PASS	6.020250	707	41e92088169e46435c20c42666bd8c6f967b2292c06887856eadbbc478d6c5ba	
C25-W11-R0001	CONCURRENCY_C25	GET	/api/trace/v3/exploration/transitions	200	200	PASS	23.417291	712	b56a5b695427007bb25f80c4ceb9393c99d446a32a7202993082b002e2b836c1	
C25-W11-R0002	CONCURRENCY_C25	GET	/api/trace/v3/exploration/workflows	200	200	PASS	23.719750	710	de531bba5fb596fa2cabaf6f85964fce9b235e1696e6da98ba6a287aebd129c5	
C25-W11-R0003	CONCURRENCY_C25	GET	/api/trace/v3/exploration/association-realizations	200	200	PASS	22.383666	725	2055daed0bcf6b8683685111e1a08e80f77c46c3c857699a40af3bee93d456d1	
C25-W12-R0000	CONCURRENCY_C25	GET	/api/trace/v3/exploration/transitions	200	200	PASS	18.783250	712	b56a5b695427007bb25f80c4ceb9393c99d446a32a7202993082b002e2b836c1	
C25-W12-R0001	CONCURRENCY_C25	GET	/api/trace/v3/exploration/workflows	200	200	PASS	23.813000	710	de531bba5fb596fa2cabaf6f85964fce9b235e1696e6da98ba6a287aebd129c5	
C25-W12-R0002	CONCURRENCY_C25	GET	/api/trace/v3/exploration/association-realizations	200	200	PASS	23.531625	725	2055daed0bcf6b8683685111e1a08e80f77c46c3c857699a40af3bee93d456d1	
C25-W12-R0003	CONCURRENCY_C25	GET	/api/trace/v3/exploration/associations	200	200	PASS	23.173875	713	112656881141e3e6fe08e84889d751d97594a486f7395a82fa0259bf56e1e546	
C25-W13-R0000	CONCURRENCY_C25	GET	/api/trace/v3/exploration/workflows	200	200	PASS	4.215167	710	de531bba5fb596fa2cabaf6f85964fce9b235e1696e6da98ba6a287aebd129c5	
C25-W13-R0001	CONCURRENCY_C25	GET	/api/trace/v3/exploration/association-realizations	200	200	PASS	22.940917	725	2055daed0bcf6b8683685111e1a08e80f77c46c3c857699a40af3bee93d456d1	
C25-W13-R0002	CONCURRENCY_C25	GET	/api/trace/v3/exploration/associations	200	200	PASS	24.431042	713	112656881141e3e6fe08e84889d751d97594a486f7395a82fa0259bf56e1e546	
C25-W13-R0003	CONCURRENCY_C25	GET	/api/trace/v3/exploration/baseline/reconciliation	200	200	PASS	22.273875	2189	b47499950063363bb5f9ab4fc5980ba0456e03891bd08b3812dfbecadb42775b	
C25-W14-R0000	CONCURRENCY_C25	GET	/api/trace/v3/exploration/association-realizations	200	200	PASS	18.495417	725	2055daed0bcf6b8683685111e1a08e80f77c46c3c857699a40af3bee93d456d1	
C25-W14-R0001	CONCURRENCY_C25	GET	/api/trace/v3/exploration/associations	200	200	PASS	23.859000	713	112656881141e3e6fe08e84889d751d97594a486f7395a82fa0259bf56e1e546	
C25-W14-R0002	CONCURRENCY_C25	GET	/api/trace/v3/exploration/baseline/reconciliation	200	200	PASS	23.154458	2189	b47499950063363bb5f9ab4fc5980ba0456e03891bd08b3812dfbecadb42775b	
C25-W14-R0003	CONCURRENCY_C25	GET	/api/trace/v3/exploration/capabilities	200	200	PASS	22.685375	3161	45893bee2ee38d5b79f1060c05c65fed9715a572368a3ddcf339afaf2f9cc33a	
C25-W15-R0000	CONCURRENCY_C25	GET	/api/trace/v3/exploration/associations	200	200	PASS	8.133334	713	112656881141e3e6fe08e84889d751d97594a486f7395a82fa0259bf56e1e546	
C25-W15-R0001	CONCURRENCY_C25	GET	/api/trace/v3/exploration/baseline/reconciliation	200	200	PASS	25.412292	2189	b47499950063363bb5f9ab4fc5980ba0456e03891bd08b3812dfbecadb42775b	
C25-W15-R0002	CONCURRENCY_C25	GET	/api/trace/v3/exploration/capabilities	200	200	PASS	23.486708	3161	45893bee2ee38d5b79f1060c05c65fed9715a572368a3ddcf339afaf2f9cc33a	
C25-W15-R0003	CONCURRENCY_C25	GET	/api/trace/v3/exploration/composition-coherence-reviews	200	200	PASS	20.962667	730	8c9d2305760164516c357a83df743c9bbf90641939f104481c3a9da17377b9a7	
C25-W16-R0000	CONCURRENCY_C25	GET	/api/trace/v3/exploration/baseline/reconciliation	200	200	PASS	7.540417	2189	b47499950063363bb5f9ab4fc5980ba0456e03891bd08b3812dfbecadb42775b	
C25-W16-R0001	CONCURRENCY_C25	GET	/api/trace/v3/exploration/capabilities	200	200	PASS	24.924084	3161	45893bee2ee38d5b79f1060c05c65fed9715a572368a3ddcf339afaf2f9cc33a	
C25-W16-R0002	CONCURRENCY_C25	GET	/api/trace/v3/exploration/composition-coherence-reviews	200	200	PASS	23.132000	730	8c9d2305760164516c357a83df743c9bbf90641939f104481c3a9da17377b9a7	
C25-W16-R0003	CONCURRENCY_C25	GET	/api/trace/v3/exploration/compositions	200	200	PASS	21.639166	713	f24bf8431d2e48ebf0ea9bf33a2e75f5a59b2a37a40dc09fca99db228c4c53cd	
C25-W17-R0000	CONCURRENCY_C25	GET	/api/trace/v3/exploration/capabilities	200	200	PASS	23.940250	3161	45893bee2ee38d5b79f1060c05c65fed9715a572368a3ddcf339afaf2f9cc33a	
C25-W17-R0001	CONCURRENCY_C25	GET	/api/trace/v3/exploration/composition-coherence-reviews	200	200	PASS	22.054375	730	8c9d2305760164516c357a83df743c9bbf90641939f104481c3a9da17377b9a7	
C25-W17-R0002	CONCURRENCY_C25	GET	/api/trace/v3/exploration/compositions	200	200	PASS	23.265666	713	f24bf8431d2e48ebf0ea9bf33a2e75f5a59b2a37a40dc09fca99db228c4c53cd	
C25-W17-R0003	CONCURRENCY_C25	GET	/api/trace/v3/exploration/concept-senses	200	200	PASS	23.241750	715	31f3e8c824758ad9bc595bf0d5b335f902933b1d04fee360bf36e3a292dd2676	
C25-W18-R0000	CONCURRENCY_C25	GET	/api/trace/v3/exploration/composition-coherence-reviews	200	200	PASS	15.754125	730	8c9d2305760164516c357a83df743c9bbf90641939f104481c3a9da17377b9a7	
C25-W18-R0001	CONCURRENCY_C25	GET	/api/trace/v3/exploration/compositions	200	200	PASS	24.099958	713	f24bf8431d2e48ebf0ea9bf33a2e75f5a59b2a37a40dc09fca99db228c4c53cd	
C25-W18-R0002	CONCURRENCY_C25	GET	/api/trace/v3/exploration/concept-senses	200	200	PASS	22.035625	715	31f3e8c824758ad9bc595bf0d5b335f902933b1d04fee360bf36e3a292dd2676	
C25-W18-R0003	CONCURRENCY_C25	GET	/api/trace/v3/exploration/concepts	200	200	PASS	23.396125	709	e868697ef6929bb232c46bc4900fea0a65999ee7b3012bc6d31c9f3b7011f002	
C25-W19-R0000	CONCURRENCY_C25	GET	/api/trace/v3/exploration/compositions	200	200	PASS	17.148416	713	f24bf8431d2e48ebf0ea9bf33a2e75f5a59b2a37a40dc09fca99db228c4c53cd	
C25-W19-R0001	CONCURRENCY_C25	GET	/api/trace/v3/exploration/concept-senses	200	200	PASS	23.809084	715	31f3e8c824758ad9bc595bf0d5b335f902933b1d04fee360bf36e3a292dd2676	
C25-W19-R0002	CONCURRENCY_C25	GET	/api/trace/v3/exploration/concepts	200	200	PASS	22.480333	709	e868697ef6929bb232c46bc4900fea0a65999ee7b3012bc6d31c9f3b7011f002	
C25-W19-R0003	CONCURRENCY_C25	GET	/api/trace/v3/exploration/exports	200	200	PASS	22.725000	708	0c76ad647e7a38cfe75d0185b0343abb847a0f5835903d30bd680c78a0d5a8e8	
C25-W20-R0000	CONCURRENCY_C25	GET	/api/trace/v3/exploration/concept-senses	200	200	PASS	20.148875	715	31f3e8c824758ad9bc595bf0d5b335f902933b1d04fee360bf36e3a292dd2676	
C25-W20-R0001	CONCURRENCY_C25	GET	/api/trace/v3/exploration/concepts	200	200	PASS	23.838000	709	e868697ef6929bb232c46bc4900fea0a65999ee7b3012bc6d31c9f3b7011f002	
C25-W20-R0002	CONCURRENCY_C25	GET	/api/trace/v3/exploration/exports	200	200	PASS	23.585250	708	0c76ad647e7a38cfe75d0185b0343abb847a0f5835903d30bd680c78a0d5a8e8	
C25-W20-R0003	CONCURRENCY_C25	GET	/api/trace/v3/exploration/incidences	200	200	PASS	23.118500	711	66defbdbbce3dbe5717864f006dac588011c9ed4f3631c259468f3cdaca99325	
C25-W21-R0000	CONCURRENCY_C25	GET	/api/trace/v3/exploration/concepts	200	200	PASS	18.762291	709	e868697ef6929bb232c46bc4900fea0a65999ee7b3012bc6d31c9f3b7011f002	
C25-W21-R0001	CONCURRENCY_C25	GET	/api/trace/v3/exploration/exports	200	200	PASS	23.856458	708	0c76ad647e7a38cfe75d0185b0343abb847a0f5835903d30bd680c78a0d5a8e8	
C25-W21-R0002	CONCURRENCY_C25	GET	/api/trace/v3/exploration/incidences	200	200	PASS	23.499333	711	66defbdbbce3dbe5717864f006dac588011c9ed4f3631c259468f3cdaca99325	
C25-W21-R0003	CONCURRENCY_C25	GET	/api/trace/v3/exploration/navigation-states	200	200	PASS	23.035209	718	f0f645ac4f89bbf8b653d376f1e8962f8f76aa12d51a06b8cb8b45f3ab448122	
C25-W22-R0000	CONCURRENCY_C25	GET	/api/trace/v3/exploration/exports	200	200	PASS	12.148416	708	0c76ad647e7a38cfe75d0185b0343abb847a0f5835903d30bd680c78a0d5a8e8	
C25-W22-R0001	CONCURRENCY_C25	GET	/api/trace/v3/exploration/incidences	200	200	PASS	25.362875	711	66defbdbbce3dbe5717864f006dac588011c9ed4f3631c259468f3cdaca99325	
C25-W22-R0002	CONCURRENCY_C25	GET	/api/trace/v3/exploration/navigation-states	200	200	PASS	21.835333	718	f0f645ac4f89bbf8b653d376f1e8962f8f76aa12d51a06b8cb8b45f3ab448122	
C25-W22-R0003	CONCURRENCY_C25	GET	/api/trace/v3/exploration/scopes	200	200	PASS	22.108333	707	41e92088169e46435c20c42666bd8c6f967b2292c06887856eadbbc478d6c5ba	
C25-W23-R0000	CONCURRENCY_C25	GET	/api/trace/v3/exploration/incidences	200	200	PASS	10.656375	711	66defbdbbce3dbe5717864f006dac588011c9ed4f3631c259468f3cdaca99325	
C25-W23-R0001	CONCURRENCY_C25	GET	/api/trace/v3/exploration/navigation-states	200	200	PASS	26.438042	718	f0f645ac4f89bbf8b653d376f1e8962f8f76aa12d51a06b8cb8b45f3ab448122	
C25-W23-R0002	CONCURRENCY_C25	GET	/api/trace/v3/exploration/scopes	200	200	PASS	22.228333	707	41e92088169e46435c20c42666bd8c6f967b2292c06887856eadbbc478d6c5ba	
C25-W23-R0003	CONCURRENCY_C25	GET	/api/trace/v3/exploration/transitions	200	200	PASS	21.510791	712	b56a5b695427007bb25f80c4ceb9393c99d446a32a7202993082b002e2b836c1	
C25-W24-R0000	CONCURRENCY_C25	GET	/api/trace/v3/exploration/navigation-states	200	200	PASS	14.221333	718	f0f645ac4f89bbf8b653d376f1e8962f8f76aa12d51a06b8cb8b45f3ab448122	
C25-W24-R0001	CONCURRENCY_C25	GET	/api/trace/v3/exploration/scopes	200	200	PASS	25.318750	707	41e92088169e46435c20c42666bd8c6f967b2292c06887856eadbbc478d6c5ba	
C25-W24-R0002	CONCURRENCY_C25	GET	/api/trace/v3/exploration/transitions	200	200	PASS	21.858584	712	b56a5b695427007bb25f80c4ceb9393c99d446a32a7202993082b002e2b836c1	
C25-W24-R0003	CONCURRENCY_C25	GET	/api/trace/v3/exploration/workflows	200	200	PASS	22.279000	710	de531bba5fb596fa2cabaf6f85964fce9b235e1696e6da98ba6a287aebd129c5	
C50-W00-R0000	CONCURRENCY_C50	GET	/api/trace/v3/exploration/association-realizations	200	200	PASS	9.154375	725	2055daed0bcf6b8683685111e1a08e80f77c46c3c857699a40af3bee93d456d1	
C50-W00-R0001	CONCURRENCY_C50	GET	/api/trace/v3/exploration/associations	200	200	PASS	46.630167	713	112656881141e3e6fe08e84889d751d97594a486f7395a82fa0259bf56e1e546	
C50-W01-R0000	CONCURRENCY_C50	GET	/api/trace/v3/exploration/associations	200	200	PASS	12.802708	713	112656881141e3e6fe08e84889d751d97594a486f7395a82fa0259bf56e1e546	
C50-W01-R0001	CONCURRENCY_C50	GET	/api/trace/v3/exploration/baseline/reconciliation	200	200	PASS	47.171958	2189	b47499950063363bb5f9ab4fc5980ba0456e03891bd08b3812dfbecadb42775b	
C50-W02-R0000	CONCURRENCY_C50	GET	/api/trace/v3/exploration/baseline/reconciliation	200	200	PASS	42.604875	2189	b47499950063363bb5f9ab4fc5980ba0456e03891bd08b3812dfbecadb42775b	
C50-W02-R0001	CONCURRENCY_C50	GET	/api/trace/v3/exploration/capabilities	200	200	PASS	46.159125	3161	45893bee2ee38d5b79f1060c05c65fed9715a572368a3ddcf339afaf2f9cc33a	
C50-W03-R0000	CONCURRENCY_C50	GET	/api/trace/v3/exploration/capabilities	200	200	PASS	9.073958	3161	45893bee2ee38d5b79f1060c05c65fed9715a572368a3ddcf339afaf2f9cc33a	
C50-W03-R0001	CONCURRENCY_C50	GET	/api/trace/v3/exploration/composition-coherence-reviews	200	200	PASS	46.035125	730	8c9d2305760164516c357a83df743c9bbf90641939f104481c3a9da17377b9a7	
C50-W04-R0000	CONCURRENCY_C50	GET	/api/trace/v3/exploration/composition-coherence-reviews	200	200	PASS	21.900583	730	8c9d2305760164516c357a83df743c9bbf90641939f104481c3a9da17377b9a7	
C50-W04-R0001	CONCURRENCY_C50	GET	/api/trace/v3/exploration/compositions	200	200	PASS	49.924000	713	f24bf8431d2e48ebf0ea9bf33a2e75f5a59b2a37a40dc09fca99db228c4c53cd	
C50-W05-R0000	CONCURRENCY_C50	GET	/api/trace/v3/exploration/compositions	200	200	PASS	21.184583	713	f24bf8431d2e48ebf0ea9bf33a2e75f5a59b2a37a40dc09fca99db228c4c53cd	
C50-W05-R0001	CONCURRENCY_C50	GET	/api/trace/v3/exploration/concept-senses	200	200	PASS	49.950417	715	31f3e8c824758ad9bc595bf0d5b335f902933b1d04fee360bf36e3a292dd2676	
C50-W06-R0000	CONCURRENCY_C50	GET	/api/trace/v3/exploration/concept-senses	200	200	PASS	29.859916	715	31f3e8c824758ad9bc595bf0d5b335f902933b1d04fee360bf36e3a292dd2676	
C50-W06-R0001	CONCURRENCY_C50	GET	/api/trace/v3/exploration/concepts	200	200	PASS	47.673167	709	e868697ef6929bb232c46bc4900fea0a65999ee7b3012bc6d31c9f3b7011f002	
C50-W07-R0000	CONCURRENCY_C50	GET	/api/trace/v3/exploration/concepts	200	200	PASS	7.395916	709	e868697ef6929bb232c46bc4900fea0a65999ee7b3012bc6d31c9f3b7011f002	
C50-W07-R0001	CONCURRENCY_C50	GET	/api/trace/v3/exploration/exports	200	200	PASS	45.834708	708	0c76ad647e7a38cfe75d0185b0343abb847a0f5835903d30bd680c78a0d5a8e8	
C50-W08-R0000	CONCURRENCY_C50	GET	/api/trace/v3/exploration/exports	200	200	PASS	40.867084	708	0c76ad647e7a38cfe75d0185b0343abb847a0f5835903d30bd680c78a0d5a8e8	
C50-W08-R0001	CONCURRENCY_C50	GET	/api/trace/v3/exploration/incidences	200	200	PASS	45.636125	711	66defbdbbce3dbe5717864f006dac588011c9ed4f3631c259468f3cdaca99325	
C50-W09-R0000	CONCURRENCY_C50	GET	/api/trace/v3/exploration/incidences	200	200	PASS	41.949333	711	66defbdbbce3dbe5717864f006dac588011c9ed4f3631c259468f3cdaca99325	
C50-W09-R0001	CONCURRENCY_C50	GET	/api/trace/v3/exploration/navigation-states	200	200	PASS	45.102166	718	f0f645ac4f89bbf8b653d376f1e8962f8f76aa12d51a06b8cb8b45f3ab448122	
C50-W10-R0000	CONCURRENCY_C50	GET	/api/trace/v3/exploration/navigation-states	200	200	PASS	12.455375	718	f0f645ac4f89bbf8b653d376f1e8962f8f76aa12d51a06b8cb8b45f3ab448122	
C50-W10-R0001	CONCURRENCY_C50	GET	/api/trace/v3/exploration/scopes	200	200	PASS	46.625958	707	41e92088169e46435c20c42666bd8c6f967b2292c06887856eadbbc478d6c5ba	
C50-W11-R0000	CONCURRENCY_C50	GET	/api/trace/v3/exploration/scopes	200	200	PASS	39.562041	707	41e92088169e46435c20c42666bd8c6f967b2292c06887856eadbbc478d6c5ba	
C50-W11-R0001	CONCURRENCY_C50	GET	/api/trace/v3/exploration/transitions	200	200	PASS	47.184792	712	b56a5b695427007bb25f80c4ceb9393c99d446a32a7202993082b002e2b836c1	
C50-W12-R0000	CONCURRENCY_C50	GET	/api/trace/v3/exploration/transitions	200	200	PASS	44.980000	712	b56a5b695427007bb25f80c4ceb9393c99d446a32a7202993082b002e2b836c1	
C50-W12-R0001	CONCURRENCY_C50	GET	/api/trace/v3/exploration/workflows	200	200	PASS	46.636209	710	de531bba5fb596fa2cabaf6f85964fce9b235e1696e6da98ba6a287aebd129c5	
C50-W13-R0000	CONCURRENCY_C50	GET	/api/trace/v3/exploration/workflows	200	200	PASS	21.450541	710	de531bba5fb596fa2cabaf6f85964fce9b235e1696e6da98ba6a287aebd129c5	
C50-W13-R0001	CONCURRENCY_C50	GET	/api/trace/v3/exploration/association-realizations	200	200	PASS	49.916000	725	2055daed0bcf6b8683685111e1a08e80f77c46c3c857699a40af3bee93d456d1	
C50-W14-R0000	CONCURRENCY_C50	GET	/api/trace/v3/exploration/association-realizations	200	200	PASS	12.483500	725	2055daed0bcf6b8683685111e1a08e80f77c46c3c857699a40af3bee93d456d1	
C50-W14-R0001	CONCURRENCY_C50	GET	/api/trace/v3/exploration/associations	200	200	PASS	47.449542	713	112656881141e3e6fe08e84889d751d97594a486f7395a82fa0259bf56e1e546	
C50-W15-R0000	CONCURRENCY_C50	GET	/api/trace/v3/exploration/associations	200	200	PASS	12.831583	713	112656881141e3e6fe08e84889d751d97594a486f7395a82fa0259bf56e1e546	
C50-W15-R0001	CONCURRENCY_C50	GET	/api/trace/v3/exploration/baseline/reconciliation	200	200	PASS	47.734125	2189	b47499950063363bb5f9ab4fc5980ba0456e03891bd08b3812dfbecadb42775b	
C50-W16-R0000	CONCURRENCY_C50	GET	/api/trace/v3/exploration/baseline/reconciliation	200	200	PASS	31.355750	2189	b47499950063363bb5f9ab4fc5980ba0456e03891bd08b3812dfbecadb42775b	
C50-W16-R0001	CONCURRENCY_C50	GET	/api/trace/v3/exploration/capabilities	200	200	PASS	47.461584	3161	45893bee2ee38d5b79f1060c05c65fed9715a572368a3ddcf339afaf2f9cc33a	
C50-W17-R0000	CONCURRENCY_C50	GET	/api/trace/v3/exploration/capabilities	200	200	PASS	32.929250	3161	45893bee2ee38d5b79f1060c05c65fed9715a572368a3ddcf339afaf2f9cc33a	
C50-W17-R0001	CONCURRENCY_C50	GET	/api/trace/v3/exploration/composition-coherence-reviews	200	200	PASS	46.959459	730	8c9d2305760164516c357a83df743c9bbf90641939f104481c3a9da17377b9a7	
C50-W18-R0000	CONCURRENCY_C50	GET	/api/trace/v3/exploration/composition-coherence-reviews	200	200	PASS	47.398292	730	8c9d2305760164516c357a83df743c9bbf90641939f104481c3a9da17377b9a7	
C50-W18-R0001	CONCURRENCY_C50	GET	/api/trace/v3/exploration/compositions	200	200	PASS	45.590500	713	f24bf8431d2e48ebf0ea9bf33a2e75f5a59b2a37a40dc09fca99db228c4c53cd	
C50-W19-R0000	CONCURRENCY_C50	GET	/api/trace/v3/exploration/compositions	200	200	PASS	7.965584	713	f24bf8431d2e48ebf0ea9bf33a2e75f5a59b2a37a40dc09fca99db228c4c53cd	
C50-W19-R0001	CONCURRENCY_C50	GET	/api/trace/v3/exploration/concept-senses	200	200	PASS	45.861333	715	31f3e8c824758ad9bc595bf0d5b335f902933b1d04fee360bf36e3a292dd2676	
C50-W20-R0000	CONCURRENCY_C50	GET	/api/trace/v3/exploration/concept-senses	200	200	PASS	15.430333	715	31f3e8c824758ad9bc595bf0d5b335f902933b1d04fee360bf36e3a292dd2676	
C50-W20-R0001	CONCURRENCY_C50	GET	/api/trace/v3/exploration/concepts	200	200	PASS	47.926541	709	e868697ef6929bb232c46bc4900fea0a65999ee7b3012bc6d31c9f3b7011f002	
C50-W21-R0000	CONCURRENCY_C50	GET	/api/trace/v3/exploration/concepts	200	200	PASS	48.060000	709	e868697ef6929bb232c46bc4900fea0a65999ee7b3012bc6d31c9f3b7011f002	
C50-W21-R0001	CONCURRENCY_C50	GET	/api/trace/v3/exploration/exports	200	200	PASS	46.369084	708	0c76ad647e7a38cfe75d0185b0343abb847a0f5835903d30bd680c78a0d5a8e8	
C50-W22-R0000	CONCURRENCY_C50	GET	/api/trace/v3/exploration/exports	200	200	PASS	21.461750	708	0c76ad647e7a38cfe75d0185b0343abb847a0f5835903d30bd680c78a0d5a8e8	
C50-W22-R0001	CONCURRENCY_C50	GET	/api/trace/v3/exploration/incidences	200	200	PASS	49.886041	711	66defbdbbce3dbe5717864f006dac588011c9ed4f3631c259468f3cdaca99325	
C50-W23-R0000	CONCURRENCY_C50	GET	/api/trace/v3/exploration/incidences	200	200	PASS	14.121083	711	66defbdbbce3dbe5717864f006dac588011c9ed4f3631c259468f3cdaca99325	
C50-W23-R0001	CONCURRENCY_C50	GET	/api/trace/v3/exploration/navigation-states	200	200	PASS	47.914000	718	f0f645ac4f89bbf8b653d376f1e8962f8f76aa12d51a06b8cb8b45f3ab448122	
C50-W24-R0000	CONCURRENCY_C50	GET	/api/trace/v3/exploration/navigation-states	200	200	PASS	24.076834	718	f0f645ac4f89bbf8b653d376f1e8962f8f76aa12d51a06b8cb8b45f3ab448122	
C50-W24-R0001	CONCURRENCY_C50	GET	/api/trace/v3/exploration/scopes	200	200	PASS	49.348000	707	41e92088169e46435c20c42666bd8c6f967b2292c06887856eadbbc478d6c5ba	
C50-W25-R0000	CONCURRENCY_C50	GET	/api/trace/v3/exploration/scopes	200	200	PASS	23.634333	707	41e92088169e46435c20c42666bd8c6f967b2292c06887856eadbbc478d6c5ba	
C50-W25-R0001	CONCURRENCY_C50	GET	/api/trace/v3/exploration/transitions	200	200	PASS	49.746791	712	b56a5b695427007bb25f80c4ceb9393c99d446a32a7202993082b002e2b836c1	
C50-W26-R0000	CONCURRENCY_C50	GET	/api/trace/v3/exploration/transitions	200	200	PASS	17.078208	712	b56a5b695427007bb25f80c4ceb9393c99d446a32a7202993082b002e2b836c1	
C50-W26-R0001	CONCURRENCY_C50	GET	/api/trace/v3/exploration/workflows	200	200	PASS	48.261500	710	de531bba5fb596fa2cabaf6f85964fce9b235e1696e6da98ba6a287aebd129c5	
C50-W27-R0000	CONCURRENCY_C50	GET	/api/trace/v3/exploration/workflows	200	200	PASS	38.149500	710	de531bba5fb596fa2cabaf6f85964fce9b235e1696e6da98ba6a287aebd129c5	
C50-W27-R0001	CONCURRENCY_C50	GET	/api/trace/v3/exploration/association-realizations	200	200	PASS	47.014583	725	2055daed0bcf6b8683685111e1a08e80f77c46c3c857699a40af3bee93d456d1	
C50-W28-R0000	CONCURRENCY_C50	GET	/api/trace/v3/exploration/association-realizations	200	200	PASS	37.018542	725	2055daed0bcf6b8683685111e1a08e80f77c46c3c857699a40af3bee93d456d1	
C50-W28-R0001	CONCURRENCY_C50	GET	/api/trace/v3/exploration/associations	200	200	PASS	46.203625	713	112656881141e3e6fe08e84889d751d97594a486f7395a82fa0259bf56e1e546	
C50-W29-R0000	CONCURRENCY_C50	GET	/api/trace/v3/exploration/associations	200	200	PASS	14.000583	713	112656881141e3e6fe08e84889d751d97594a486f7395a82fa0259bf56e1e546	
C50-W29-R0001	CONCURRENCY_C50	GET	/api/trace/v3/exploration/baseline/reconciliation	200	200	PASS	47.920667	2189	b47499950063363bb5f9ab4fc5980ba0456e03891bd08b3812dfbecadb42775b	
C50-W30-R0000	CONCURRENCY_C50	GET	/api/trace/v3/exploration/baseline/reconciliation	200	200	PASS	43.214583	2189	b47499950063363bb5f9ab4fc5980ba0456e03891bd08b3812dfbecadb42775b	
C50-W30-R0001	CONCURRENCY_C50	GET	/api/trace/v3/exploration/capabilities	200	200	PASS	46.636542	3161	45893bee2ee38d5b79f1060c05c65fed9715a572368a3ddcf339afaf2f9cc33a	
C50-W31-R0000	CONCURRENCY_C50	GET	/api/trace/v3/exploration/capabilities	200	200	PASS	41.173500	3161	45893bee2ee38d5b79f1060c05c65fed9715a572368a3ddcf339afaf2f9cc33a	
C50-W31-R0001	CONCURRENCY_C50	GET	/api/trace/v3/exploration/composition-coherence-reviews	200	200	PASS	46.404041	730	8c9d2305760164516c357a83df743c9bbf90641939f104481c3a9da17377b9a7	
C50-W32-R0000	CONCURRENCY_C50	GET	/api/trace/v3/exploration/composition-coherence-reviews	200	200	PASS	35.040041	730	8c9d2305760164516c357a83df743c9bbf90641939f104481c3a9da17377b9a7	
C50-W32-R0001	CONCURRENCY_C50	GET	/api/trace/v3/exploration/compositions	200	200	PASS	46.168041	713	f24bf8431d2e48ebf0ea9bf33a2e75f5a59b2a37a40dc09fca99db228c4c53cd	
C50-W33-R0000	CONCURRENCY_C50	GET	/api/trace/v3/exploration/compositions	200	200	PASS	16.065042	713	f24bf8431d2e48ebf0ea9bf33a2e75f5a59b2a37a40dc09fca99db228c4c53cd	
C50-W33-R0001	CONCURRENCY_C50	GET	/api/trace/v3/exploration/concept-senses	200	200	PASS	47.948875	715	31f3e8c824758ad9bc595bf0d5b335f902933b1d04fee360bf36e3a292dd2676	
C50-W34-R0000	CONCURRENCY_C50	GET	/api/trace/v3/exploration/concept-senses	200	200	PASS	24.963209	715	31f3e8c824758ad9bc595bf0d5b335f902933b1d04fee360bf36e3a292dd2676	
C50-W34-R0001	CONCURRENCY_C50	GET	/api/trace/v3/exploration/concepts	200	200	PASS	49.600916	709	e868697ef6929bb232c46bc4900fea0a65999ee7b3012bc6d31c9f3b7011f002	
C50-W35-R0000	CONCURRENCY_C50	GET	/api/trace/v3/exploration/concepts	200	200	PASS	33.785125	709	e868697ef6929bb232c46bc4900fea0a65999ee7b3012bc6d31c9f3b7011f002	
C50-W35-R0001	CONCURRENCY_C50	GET	/api/trace/v3/exploration/exports	200	200	PASS	46.345417	708	0c76ad647e7a38cfe75d0185b0343abb847a0f5835903d30bd680c78a0d5a8e8	
C50-W36-R0000	CONCURRENCY_C50	GET	/api/trace/v3/exploration/exports	200	200	PASS	16.714917	708	0c76ad647e7a38cfe75d0185b0343abb847a0f5835903d30bd680c78a0d5a8e8	
C50-W36-R0001	CONCURRENCY_C50	GET	/api/trace/v3/exploration/incidences	200	200	PASS	48.287375	711	66defbdbbce3dbe5717864f006dac588011c9ed4f3631c259468f3cdaca99325	
C50-W37-R0000	CONCURRENCY_C50	GET	/api/trace/v3/exploration/incidences	200	200	PASS	18.949875	711	66defbdbbce3dbe5717864f006dac588011c9ed4f3631c259468f3cdaca99325	
C50-W37-R0001	CONCURRENCY_C50	GET	/api/trace/v3/exploration/navigation-states	200	200	PASS	48.075791	718	f0f645ac4f89bbf8b653d376f1e8962f8f76aa12d51a06b8cb8b45f3ab448122	
C50-W38-R0000	CONCURRENCY_C50	GET	/api/trace/v3/exploration/navigation-states	200	200	PASS	27.036042	718	f0f645ac4f89bbf8b653d376f1e8962f8f76aa12d51a06b8cb8b45f3ab448122	
C50-W38-R0001	CONCURRENCY_C50	GET	/api/trace/v3/exploration/scopes	200	200	PASS	49.388791	707	41e92088169e46435c20c42666bd8c6f967b2292c06887856eadbbc478d6c5ba	
C50-W39-R0000	CONCURRENCY_C50	GET	/api/trace/v3/exploration/scopes	200	200	PASS	5.931375	707	41e92088169e46435c20c42666bd8c6f967b2292c06887856eadbbc478d6c5ba	
C50-W39-R0001	CONCURRENCY_C50	GET	/api/trace/v3/exploration/transitions	200	200	PASS	44.945334	712	b56a5b695427007bb25f80c4ceb9393c99d446a32a7202993082b002e2b836c1	
C50-W40-R0000	CONCURRENCY_C50	GET	/api/trace/v3/exploration/transitions	200	200	PASS	26.810250	712	b56a5b695427007bb25f80c4ceb9393c99d446a32a7202993082b002e2b836c1	
C50-W40-R0001	CONCURRENCY_C50	GET	/api/trace/v3/exploration/workflows	200	200	PASS	49.516500	710	de531bba5fb596fa2cabaf6f85964fce9b235e1696e6da98ba6a287aebd129c5	
C50-W41-R0000	CONCURRENCY_C50	GET	/api/trace/v3/exploration/workflows	200	200	PASS	37.407000	710	de531bba5fb596fa2cabaf6f85964fce9b235e1696e6da98ba6a287aebd129c5	
C50-W41-R0001	CONCURRENCY_C50	GET	/api/trace/v3/exploration/association-realizations	200	200	PASS	46.880334	725	2055daed0bcf6b8683685111e1a08e80f77c46c3c857699a40af3bee93d456d1	
C50-W42-R0000	CONCURRENCY_C50	GET	/api/trace/v3/exploration/association-realizations	200	200	PASS	44.346292	725	2055daed0bcf6b8683685111e1a08e80f77c46c3c857699a40af3bee93d456d1	
C50-W42-R0001	CONCURRENCY_C50	GET	/api/trace/v3/exploration/associations	200	200	PASS	46.703167	713	112656881141e3e6fe08e84889d751d97594a486f7395a82fa0259bf56e1e546	
C50-W43-R0000	CONCURRENCY_C50	GET	/api/trace/v3/exploration/associations	200	200	PASS	29.537833	713	112656881141e3e6fe08e84889d751d97594a486f7395a82fa0259bf56e1e546	
C50-W43-R0001	CONCURRENCY_C50	GET	/api/trace/v3/exploration/baseline/reconciliation	200	200	PASS	47.953792	2189	b47499950063363bb5f9ab4fc5980ba0456e03891bd08b3812dfbecadb42775b	
C50-W44-R0000	CONCURRENCY_C50	GET	/api/trace/v3/exploration/baseline/reconciliation	200	200	PASS	46.858083	2189	b47499950063363bb5f9ab4fc5980ba0456e03891bd08b3812dfbecadb42775b	
C50-W44-R0001	CONCURRENCY_C50	GET	/api/trace/v3/exploration/capabilities	200	200	PASS	45.896541	3161	45893bee2ee38d5b79f1060c05c65fed9715a572368a3ddcf339afaf2f9cc33a	
C50-W45-R0000	CONCURRENCY_C50	GET	/api/trace/v3/exploration/capabilities	200	200	PASS	27.431208	3161	45893bee2ee38d5b79f1060c05c65fed9715a572368a3ddcf339afaf2f9cc33a	
C50-W45-R0001	CONCURRENCY_C50	GET	/api/trace/v3/exploration/composition-coherence-reviews	200	200	PASS	49.494250	730	8c9d2305760164516c357a83df743c9bbf90641939f104481c3a9da17377b9a7	
C50-W46-R0000	CONCURRENCY_C50	GET	/api/trace/v3/exploration/composition-coherence-reviews	200	200	PASS	18.996250	730	8c9d2305760164516c357a83df743c9bbf90641939f104481c3a9da17377b9a7	
C50-W46-R0001	CONCURRENCY_C50	GET	/api/trace/v3/exploration/compositions	200	200	PASS	49.785792	713	f24bf8431d2e48ebf0ea9bf33a2e75f5a59b2a37a40dc09fca99db228c4c53cd	
C50-W47-R0000	CONCURRENCY_C50	GET	/api/trace/v3/exploration/compositions	200	200	PASS	37.957625	713	f24bf8431d2e48ebf0ea9bf33a2e75f5a59b2a37a40dc09fca99db228c4c53cd	
C50-W47-R0001	CONCURRENCY_C50	GET	/api/trace/v3/exploration/concept-senses	200	200	PASS	47.385375	715	31f3e8c824758ad9bc595bf0d5b335f902933b1d04fee360bf36e3a292dd2676	
C50-W48-R0000	CONCURRENCY_C50	GET	/api/trace/v3/exploration/concept-senses	200	200	PASS	31.158000	715	31f3e8c824758ad9bc595bf0d5b335f902933b1d04fee360bf36e3a292dd2676	
C50-W48-R0001	CONCURRENCY_C50	GET	/api/trace/v3/exploration/concepts	200	200	PASS	47.606291	709	e868697ef6929bb232c46bc4900fea0a65999ee7b3012bc6d31c9f3b7011f002	
C50-W49-R0000	CONCURRENCY_C50	GET	/api/trace/v3/exploration/concepts	200	200	PASS	11.430667	709	e868697ef6929bb232c46bc4900fea0a65999ee7b3012bc6d31c9f3b7011f002	
C50-W49-R0001	CONCURRENCY_C50	GET	/api/trace/v3/exploration/exports	200	200	PASS	47.136167	708	0c76ad647e7a38cfe75d0185b0343abb847a0f5835903d30bd680c78a0d5a8e8	
E-POST-001	CONTROL_EXPORT_REPLAY_POSTLOAD	GET	/api/trace/v3/exploration/controls/exports	200	200	PASS	1.326375	2384	dacf2b46caba5aa7f5af21af71578ba530c926d355e2487fc63da385e15d5aa6	
E-POST-002	CONTROL_EXPORT_REPLAY_POSTLOAD	GET	/api/trace/v3/exploration/controls/exports	200	200	PASS	1.074334	2384	dacf2b46caba5aa7f5af21af71578ba530c926d355e2487fc63da385e15d5aa6	
E-PRE-001	CONTROL_EXPORT_REPLAY_PRELOAD	GET	/api/trace/v3/exploration/controls/exports	200	200	PASS	2.736834	2384	dacf2b46caba5aa7f5af21af71578ba530c926d355e2487fc63da385e15d5aa6	
E-PRE-002	CONTROL_EXPORT_REPLAY_PRELOAD	GET	/api/trace/v3/exploration/controls/exports	200	200	PASS	1.713209	2384	dacf2b46caba5aa7f5af21af71578ba530c926d355e2487fc63da385e15d5aa6	
E-PRE-003	CONTROL_EXPORT_REPLAY_PRELOAD	GET	/api/trace/v3/exploration/controls/exports	200	200	PASS	1.452458	2384	dacf2b46caba5aa7f5af21af71578ba530c926d355e2487fc63da385e15d5aa6	
E-PRE-004	CONTROL_EXPORT_REPLAY_PRELOAD	GET	/api/trace/v3/exploration/controls/exports	200	200	PASS	1.238750	2384	dacf2b46caba5aa7f5af21af71578ba530c926d355e2487fc63da385e15d5aa6	
E-PRE-005	CONTROL_EXPORT_REPLAY_PRELOAD	GET	/api/trace/v3/exploration/controls/exports	200	200	PASS	1.642916	2384	dacf2b46caba5aa7f5af21af71578ba530c926d355e2487fc63da385e15d5aa6	
F001	FUNCTIONAL_HTTP	GET	/api/trace/v3/exploration	308	308	PASS	8.083084	0	e3b0c44298fc1c149afbf4c8996fb92427ae41e4649b934ca495991b7852b855	
F002	FUNCTIONAL_HTTP	HEAD	/api/trace/v3/exploration	308	308	PASS	2.813459	0	e3b0c44298fc1c149afbf4c8996fb92427ae41e4649b934ca495991b7852b855	
F003	FUNCTIONAL_HTTP	OPTIONS	/api/trace/v3/exploration	204	204	PASS	3.253917	0	e3b0c44298fc1c149afbf4c8996fb92427ae41e4649b934ca495991b7852b855	
F004	FUNCTIONAL_HTTP	GET	/api/trace/v3/exploration/capabilities	200	200	PASS	3.250000	3161	45893bee2ee38d5b79f1060c05c65fed9715a572368a3ddcf339afaf2f9cc33a	
F005	FUNCTIONAL_HTTP	HEAD	/api/trace/v3/exploration/capabilities	200	200	PASS	2.513958	0	e3b0c44298fc1c149afbf4c8996fb92427ae41e4649b934ca495991b7852b855	
F006	FUNCTIONAL_HTTP	OPTIONS	/api/trace/v3/exploration/capabilities	204	204	PASS	3.557542	0	e3b0c44298fc1c149afbf4c8996fb92427ae41e4649b934ca495991b7852b855	
F007	FUNCTIONAL_HTTP	POST	/api/trace/v3/exploration/capabilities	405	405	PASS	3.671125	360	d354a4ab2c24aea1dc83a76096a7c56f5f2001bb317ef6fa95a01be968930bf5	
F008	FUNCTIONAL_HTTP	PUT	/api/trace/v3/exploration/capabilities	405	405	PASS	5.656584	360	d354a4ab2c24aea1dc83a76096a7c56f5f2001bb317ef6fa95a01be968930bf5	
F009	FUNCTIONAL_HTTP	PATCH	/api/trace/v3/exploration/capabilities	405	405	PASS	2.976334	360	d354a4ab2c24aea1dc83a76096a7c56f5f2001bb317ef6fa95a01be968930bf5	
F010	FUNCTIONAL_HTTP	DELETE	/api/trace/v3/exploration/capabilities	405	405	PASS	2.783500	360	d354a4ab2c24aea1dc83a76096a7c56f5f2001bb317ef6fa95a01be968930bf5	
F011	FUNCTIONAL_HTTP	POST	/api/trace/v3/exploration	405	405	PASS	2.017333	360	d354a4ab2c24aea1dc83a76096a7c56f5f2001bb317ef6fa95a01be968930bf5	
F012	FUNCTIONAL_HTTP	GET	/api/trace/v3/exploration/unknown-route/deeper	404	404	PASS	2.185959	354	d9b08f346d1f1fa7d4b1b0d268dbb0b5da143b7b72f122f46bfcb79b00886053	
F013	FUNCTIONAL_HTTP	HEAD	/api/trace/v3/exploration/unknown-route/deeper	404	404	PASS	3.079000	0	e3b0c44298fc1c149afbf4c8996fb92427ae41e4649b934ca495991b7852b855	
F014	FUNCTIONAL_HTTP	POST	/api/trace/v3/exploration/unknown-route/deeper	404	404	PASS	2.650209	354	d9b08f346d1f1fa7d4b1b0d268dbb0b5da143b7b72f122f46bfcb79b00886053	
F015	FUNCTIONAL_HTTP	OPTIONS	/api/trace/v3/exploration/unknown-route/deeper	204	204	PASS	1.481125	0	e3b0c44298fc1c149afbf4c8996fb92427ae41e4649b934ca495991b7852b855	
F016	FUNCTIONAL_HTTP	GET	/api/trace/v3/exploration/baseline/reconciliation	200	200	PASS	2.035833	2189	b47499950063363bb5f9ab4fc5980ba0456e03891bd08b3812dfbecadb42775b	
F017	FUNCTIONAL_HTTP	GET	/api/trace/v3/exploration/association-realizations	200	200	PASS	2.856000	725	2055daed0bcf6b8683685111e1a08e80f77c46c3c857699a40af3bee93d456d1	
F018	FUNCTIONAL_HTTP	GET	/api/trace/v3/exploration/controls/association-realizations	200	200	PASS	2.100583	9287	eb1ed34efddf1f64089e4e0c35013baa3884187c1dc972d5419b9e73d8a23ec2	
F019	FUNCTIONAL_HTTP	GET	/api/trace/v3/exploration/associations	200	200	PASS	1.500083	713	112656881141e3e6fe08e84889d751d97594a486f7395a82fa0259bf56e1e546	
F020	FUNCTIONAL_HTTP	GET	/api/trace/v3/exploration/controls/associations	200	200	PASS	2.627750	58817	c69979ea428b321345988bfa7ed92d42134441be75d4b9ee6e5f30720b5bd174	
F021	FUNCTIONAL_HTTP	GET	/api/trace/v3/exploration/controls/associations/association%3Av3%3Af7ce2e398d04ce4ae2292216	200	200	PASS	1.828125	4341	d04abda169b305a633b338980fbde9102db80aed8980162851e2340360ed71d9	
F022	FUNCTIONAL_HTTP	GET	/api/trace/v3/exploration/associations/association%3Av3%3Af7ce2e398d04ce4ae2292216	404	404	PASS	1.493416	447	e37b0ecdaebc72595dd1154ff3376ba2ba3068b65a77d24ec75d887525e64f46	
F023	FUNCTIONAL_HTTP	GET	/api/trace/v3/exploration/composition-coherence-reviews	200	200	PASS	1.298333	730	8c9d2305760164516c357a83df743c9bbf90641939f104481c3a9da17377b9a7	
F024	FUNCTIONAL_HTTP	GET	/api/trace/v3/exploration/controls/composition-coherence-reviews	200	200	PASS	1.621583	4307	57046e83b5b144ebaa056692594a8c4762ff9969618b59fbef34a8d038fe19e8	
F025	FUNCTIONAL_HTTP	GET	/api/trace/v3/exploration/compositions	200	200	PASS	2.102666	713	f24bf8431d2e48ebf0ea9bf33a2e75f5a59b2a37a40dc09fca99db228c4c53cd	
F026	FUNCTIONAL_HTTP	GET	/api/trace/v3/exploration/controls/compositions	200	200	PASS	2.068167	12581	9e3c0b4ffa3d3bee3e8fd1c0d538a77ee0557e22a821237743604f949a4b06a8	
F027	FUNCTIONAL_HTTP	GET	/api/trace/v3/exploration/controls/compositions/composition%3Av3%3Aafb08a5e8c8e7524e633d455	200	200	PASS	2.873292	5149	436950ceddf4082c0bb3a51bdbf293ccde0befbd82e33ea64d9fa5dc1682127a	
F028	FUNCTIONAL_HTTP	GET	/api/trace/v3/exploration/compositions/composition%3Av3%3Aafb08a5e8c8e7524e633d455	404	404	PASS	2.965708	447	aa45a0ede2fe0471d312c9c32c69676c66ca1d2e35af3eca44e053bc278058ff	
F029	FUNCTIONAL_HTTP	GET	/api/trace/v3/exploration/concept-senses	200	200	PASS	1.924708	715	31f3e8c824758ad9bc595bf0d5b335f902933b1d04fee360bf36e3a292dd2676	
F030	FUNCTIONAL_HTTP	GET	/api/trace/v3/exploration/controls/concept-senses	200	200	PASS	1.578542	20344	869e1143ef0eadb8818a9d41e2576603cd0f7203e617fd67b87a0f65ee5ddd6d	
F031	FUNCTIONAL_HTTP	GET	/api/trace/v3/exploration/concepts	200	200	PASS	1.359500	709	e868697ef6929bb232c46bc4900fea0a65999ee7b3012bc6d31c9f3b7011f002	
F032	FUNCTIONAL_HTTP	GET	/api/trace/v3/exploration/controls/concepts	200	200	PASS	1.622500	16028	81d545c0d11b56bdaf324e2246e84998debdf14ccc250bc66734e0be3d4608ad	
F033	FUNCTIONAL_HTTP	GET	/api/trace/v3/exploration/exports	200	200	PASS	2.096042	708	0c76ad647e7a38cfe75d0185b0343abb847a0f5835903d30bd680c78a0d5a8e8	
F034	FUNCTIONAL_HTTP	GET	/api/trace/v3/exploration/controls/exports	200	200	PASS	1.947000	2384	dacf2b46caba5aa7f5af21af71578ba530c926d355e2487fc63da385e15d5aa6	
F035	FUNCTIONAL_HTTP	GET	/api/trace/v3/exploration/incidences	200	200	PASS	1.684750	711	66defbdbbce3dbe5717864f006dac588011c9ed4f3631c259468f3cdaca99325	
F036	FUNCTIONAL_HTTP	GET	/api/trace/v3/exploration/controls/incidences	200	200	PASS	1.965125	20423	cea5b2081815c2f6ad916662de30c50e7d7512e78d73b12099ed10691178a350	
F037	FUNCTIONAL_HTTP	GET	/api/trace/v3/exploration/navigation-states	200	200	PASS	2.171083	718	f0f645ac4f89bbf8b653d376f1e8962f8f76aa12d51a06b8cb8b45f3ab448122	
F038	FUNCTIONAL_HTTP	GET	/api/trace/v3/exploration/controls/navigation-states	200	200	PASS	1.566250	2287	9b85f72fda458c27d9baa2fefc12ade6e3f1513e302c8f3f95d4f7618f83fbe1	
F039	FUNCTIONAL_HTTP	GET	/api/trace/v3/exploration/scopes	200	200	PASS	1.332750	707	41e92088169e46435c20c42666bd8c6f967b2292c06887856eadbbc478d6c5ba	
F040	FUNCTIONAL_HTTP	GET	/api/trace/v3/exploration/controls/scopes	200	200	PASS	1.376958	3745	0485e59aef35d033c6453d696e4dad8dd1adcd8d39a4a260ef56e2fb603a8546	
F041	FUNCTIONAL_HTTP	GET	/api/trace/v3/exploration/transitions	200	200	PASS	1.547250	712	b56a5b695427007bb25f80c4ceb9393c99d446a32a7202993082b002e2b836c1	
F042	FUNCTIONAL_HTTP	GET	/api/trace/v3/exploration/controls/transitions	200	200	PASS	1.873500	710	befc2aefcdbf7af264b236ea7c795c2dcf2a58ee494aeb322ea96d116b1189e2	
F043	FUNCTIONAL_HTTP	GET	/api/trace/v3/exploration/workflows	200	200	PASS	1.689041	710	de531bba5fb596fa2cabaf6f85964fce9b235e1696e6da98ba6a287aebd129c5	
F044	FUNCTIONAL_HTTP	GET	/api/trace/v3/exploration/controls/workflows	200	200	PASS	1.389208	1474	e19f4a331739a2dd52d60c9079c68d986101550c7d1a17e4ae0276e687448ac8	
F045	FUNCTIONAL_HTTP	GET	/api/trace/v3/exploration/controls/scopes/scope%3Abounded-sense-conflict	404	404	PASS	1.431125	378	f13d7facd107c53620c356f39c8c3d4a39e6c3e244efc4af7ab902d8759960ba	
S-W00-R00000	SUSTAINED_READ	GET	/api/trace/v3/exploration/association-realizations	200	200	PASS	4.590625	725	2055daed0bcf6b8683685111e1a08e80f77c46c3c857699a40af3bee93d456d1	
S-W00-R00001	SUSTAINED_READ	GET	/api/trace/v3/exploration/associations	200	200	PASS	4.332292	713	112656881141e3e6fe08e84889d751d97594a486f7395a82fa0259bf56e1e546	
S-W00-R00002	SUSTAINED_READ	GET	/api/trace/v3/exploration/baseline/reconciliation	200	200	PASS	10.972000	2189	b47499950063363bb5f9ab4fc5980ba0456e03891bd08b3812dfbecadb42775b	
S-W00-R00003	SUSTAINED_READ	GET	/api/trace/v3/exploration/capabilities	200	200	PASS	7.320000	3161	45893bee2ee38d5b79f1060c05c65fed9715a572368a3ddcf339afaf2f9cc33a	
S-W00-R00004	SUSTAINED_READ	GET	/api/trace/v3/exploration/composition-coherence-reviews	200	200	PASS	4.102417	730	8c9d2305760164516c357a83df743c9bbf90641939f104481c3a9da17377b9a7	
S-W00-R00005	SUSTAINED_READ	GET	/api/trace/v3/exploration/compositions	200	200	PASS	2.676750	713	f24bf8431d2e48ebf0ea9bf33a2e75f5a59b2a37a40dc09fca99db228c4c53cd	
S-W00-R00006	SUSTAINED_READ	GET	/api/trace/v3/exploration/concept-senses	200	200	PASS	3.934625	715	31f3e8c824758ad9bc595bf0d5b335f902933b1d04fee360bf36e3a292dd2676	
S-W00-R00007	SUSTAINED_READ	GET	/api/trace/v3/exploration/concepts	200	200	PASS	6.158750	709	e868697ef6929bb232c46bc4900fea0a65999ee7b3012bc6d31c9f3b7011f002	
S-W00-R00008	SUSTAINED_READ	GET	/api/trace/v3/exploration/exports	200	200	PASS	2.809000	708	0c76ad647e7a38cfe75d0185b0343abb847a0f5835903d30bd680c78a0d5a8e8	
S-W00-R00009	SUSTAINED_READ	GET	/api/trace/v3/exploration/incidences	200	200	PASS	6.963959	711	66defbdbbce3dbe5717864f006dac588011c9ed4f3631c259468f3cdaca99325	
S-W00-R00010	SUSTAINED_READ	GET	/api/trace/v3/exploration/navigation-states	200	200	PASS	6.718375	718	f0f645ac4f89bbf8b653d376f1e8962f8f76aa12d51a06b8cb8b45f3ab448122	
S-W00-R00011	SUSTAINED_READ	GET	/api/trace/v3/exploration/scopes	200	200	PASS	9.659541	707	41e92088169e46435c20c42666bd8c6f967b2292c06887856eadbbc478d6c5ba	
S-W00-R00012	SUSTAINED_READ	GET	/api/trace/v3/exploration/transitions	200	200	PASS	4.530709	712	b56a5b695427007bb25f80c4ceb9393c99d446a32a7202993082b002e2b836c1	
S-W00-R00013	SUSTAINED_READ	GET	/api/trace/v3/exploration/workflows	200	200	PASS	8.724792	710	de531bba5fb596fa2cabaf6f85964fce9b235e1696e6da98ba6a287aebd129c5	
S-W00-R00014	SUSTAINED_READ	GET	/api/trace/v3/exploration/association-realizations	200	200	PASS	10.477458	725	2055daed0bcf6b8683685111e1a08e80f77c46c3c857699a40af3bee93d456d1	
S-W00-R00015	SUSTAINED_READ	GET	/api/trace/v3/exploration/associations	200	200	PASS	9.272125	713	112656881141e3e6fe08e84889d751d97594a486f7395a82fa0259bf56e1e546	
S-W00-R00016	SUSTAINED_READ	GET	/api/trace/v3/exploration/baseline/reconciliation	200	200	PASS	8.774041	2189	b47499950063363bb5f9ab4fc5980ba0456e03891bd08b3812dfbecadb42775b	
S-W00-R00017	SUSTAINED_READ	GET	/api/trace/v3/exploration/capabilities	200	200	PASS	4.561375	3161	45893bee2ee38d5b79f1060c05c65fed9715a572368a3ddcf339afaf2f9cc33a	
S-W00-R00018	SUSTAINED_READ	GET	/api/trace/v3/exploration/composition-coherence-reviews	200	200	PASS	3.729291	730	8c9d2305760164516c357a83df743c9bbf90641939f104481c3a9da17377b9a7	
S-W00-R00019	SUSTAINED_READ	GET	/api/trace/v3/exploration/compositions	200	200	PASS	8.822667	713	f24bf8431d2e48ebf0ea9bf33a2e75f5a59b2a37a40dc09fca99db228c4c53cd	
S-W00-R00020	SUSTAINED_READ	GET	/api/trace/v3/exploration/concept-senses	200	200	PASS	9.888250	715	31f3e8c824758ad9bc595bf0d5b335f902933b1d04fee360bf36e3a292dd2676	
S-W00-R00021	SUSTAINED_READ	GET	/api/trace/v3/exploration/concepts	200	200	PASS	3.831292	709	e868697ef6929bb232c46bc4900fea0a65999ee7b3012bc6d31c9f3b7011f002	
S-W00-R00022	SUSTAINED_READ	GET	/api/trace/v3/exploration/exports	200	200	PASS	4.666666	708	0c76ad647e7a38cfe75d0185b0343abb847a0f5835903d30bd680c78a0d5a8e8	
S-W00-R00023	SUSTAINED_READ	GET	/api/trace/v3/exploration/incidences	200	200	PASS	6.405334	711	66defbdbbce3dbe5717864f006dac588011c9ed4f3631c259468f3cdaca99325	
S-W00-R00024	SUSTAINED_READ	GET	/api/trace/v3/exploration/navigation-states	200	200	PASS	4.933375	718	f0f645ac4f89bbf8b653d376f1e8962f8f76aa12d51a06b8cb8b45f3ab448122	
S-W00-R00025	SUSTAINED_READ	GET	/api/trace/v3/exploration/scopes	200	200	PASS	5.591083	707	41e92088169e46435c20c42666bd8c6f967b2292c06887856eadbbc478d6c5ba	
S-W00-R00026	SUSTAINED_READ	GET	/api/trace/v3/exploration/transitions	200	200	PASS	9.628875	712	b56a5b695427007bb25f80c4ceb9393c99d446a32a7202993082b002e2b836c1	
S-W00-R00027	SUSTAINED_READ	GET	/api/trace/v3/exploration/workflows	200	200	PASS	5.406834	710	de531bba5fb596fa2cabaf6f85964fce9b235e1696e6da98ba6a287aebd129c5	
S-W00-R00028	SUSTAINED_READ	GET	/api/trace/v3/exploration/association-realizations	200	200	PASS	7.679250	725	2055daed0bcf6b8683685111e1a08e80f77c46c3c857699a40af3bee93d456d1	
S-W00-R00029	SUSTAINED_READ	GET	/api/trace/v3/exploration/associations	200	200	PASS	7.582667	713	112656881141e3e6fe08e84889d751d97594a486f7395a82fa0259bf56e1e546	
S-W00-R00030	SUSTAINED_READ	GET	/api/trace/v3/exploration/baseline/reconciliation	200	200	PASS	5.927500	2189	b47499950063363bb5f9ab4fc5980ba0456e03891bd08b3812dfbecadb42775b	
S-W00-R00031	SUSTAINED_READ	GET	/api/trace/v3/exploration/capabilities	200	200	PASS	5.257667	3161	45893bee2ee38d5b79f1060c05c65fed9715a572368a3ddcf339afaf2f9cc33a	
S-W00-R00032	SUSTAINED_READ	GET	/api/trace/v3/exploration/composition-coherence-reviews	200	200	PASS	8.582875	730	8c9d2305760164516c357a83df743c9bbf90641939f104481c3a9da17377b9a7	
S-W00-R00033	SUSTAINED_READ	GET	/api/trace/v3/exploration/compositions	200	200	PASS	5.128167	713	f24bf8431d2e48ebf0ea9bf33a2e75f5a59b2a37a40dc09fca99db228c4c53cd	
S-W00-R00034	SUSTAINED_READ	GET	/api/trace/v3/exploration/concept-senses	200	200	PASS	7.939708	715	31f3e8c824758ad9bc595bf0d5b335f902933b1d04fee360bf36e3a292dd2676	
S-W00-R00035	SUSTAINED_READ	GET	/api/trace/v3/exploration/concepts	200	200	PASS	4.035667	709	e868697ef6929bb232c46bc4900fea0a65999ee7b3012bc6d31c9f3b7011f002	
S-W00-R00036	SUSTAINED_READ	GET	/api/trace/v3/exploration/exports	200	200	PASS	4.909291	708	0c76ad647e7a38cfe75d0185b0343abb847a0f5835903d30bd680c78a0d5a8e8	
S-W00-R00037	SUSTAINED_READ	GET	/api/trace/v3/exploration/incidences	200	200	PASS	9.353417	711	66defbdbbce3dbe5717864f006dac588011c9ed4f3631c259468f3cdaca99325	
S-W00-R00038	SUSTAINED_READ	GET	/api/trace/v3/exploration/navigation-states	200	200	PASS	2.146375	718	f0f645ac4f89bbf8b653d376f1e8962f8f76aa12d51a06b8cb8b45f3ab448122	
S-W00-R00039	SUSTAINED_READ	GET	/api/trace/v3/exploration/scopes	200	200	PASS	10.545042	707	41e92088169e46435c20c42666bd8c6f967b2292c06887856eadbbc478d6c5ba	
S-W00-R00040	SUSTAINED_READ	GET	/api/trace/v3/exploration/transitions	200	200	PASS	9.740750	712	b56a5b695427007bb25f80c4ceb9393c99d446a32a7202993082b002e2b836c1	
S-W00-R00041	SUSTAINED_READ	GET	/api/trace/v3/exploration/workflows	200	200	PASS	10.268500	710	de531bba5fb596fa2cabaf6f85964fce9b235e1696e6da98ba6a287aebd129c5	
S-W00-R00042	SUSTAINED_READ	GET	/api/trace/v3/exploration/association-realizations	200	200	PASS	14.307875	725	2055daed0bcf6b8683685111e1a08e80f77c46c3c857699a40af3bee93d456d1	
S-W00-R00043	SUSTAINED_READ	GET	/api/trace/v3/exploration/associations	200	200	PASS	5.945083	713	112656881141e3e6fe08e84889d751d97594a486f7395a82fa0259bf56e1e546	
S-W00-R00044	SUSTAINED_READ	GET	/api/trace/v3/exploration/baseline/reconciliation	200	200	PASS	3.131500	2189	b47499950063363bb5f9ab4fc5980ba0456e03891bd08b3812dfbecadb42775b	
S-W00-R00045	SUSTAINED_READ	GET	/api/trace/v3/exploration/capabilities	200	200	PASS	15.317375	3161	45893bee2ee38d5b79f1060c05c65fed9715a572368a3ddcf339afaf2f9cc33a	
S-W00-R00046	SUSTAINED_READ	GET	/api/trace/v3/exploration/composition-coherence-reviews	200	200	PASS	11.151667	730	8c9d2305760164516c357a83df743c9bbf90641939f104481c3a9da17377b9a7	
S-W00-R00047	SUSTAINED_READ	GET	/api/trace/v3/exploration/compositions	200	200	PASS	7.836708	713	f24bf8431d2e48ebf0ea9bf33a2e75f5a59b2a37a40dc09fca99db228c4c53cd	
S-W00-R00048	SUSTAINED_READ	GET	/api/trace/v3/exploration/concept-senses	200	200	PASS	10.625584	715	31f3e8c824758ad9bc595bf0d5b335f902933b1d04fee360bf36e3a292dd2676	
S-W00-R00049	SUSTAINED_READ	GET	/api/trace/v3/exploration/concepts	200	200	PASS	3.148542	709	e868697ef6929bb232c46bc4900fea0a65999ee7b3012bc6d31c9f3b7011f002	
S-W01-R00000	SUSTAINED_READ	GET	/api/trace/v3/exploration/associations	200	200	PASS	10.823333	713	112656881141e3e6fe08e84889d751d97594a486f7395a82fa0259bf56e1e546	
S-W01-R00001	SUSTAINED_READ	GET	/api/trace/v3/exploration/baseline/reconciliation	200	200	PASS	5.721750	2189	b47499950063363bb5f9ab4fc5980ba0456e03891bd08b3812dfbecadb42775b	
S-W01-R00002	SUSTAINED_READ	GET	/api/trace/v3/exploration/capabilities	200	200	PASS	9.984833	3161	45893bee2ee38d5b79f1060c05c65fed9715a572368a3ddcf339afaf2f9cc33a	
S-W01-R00003	SUSTAINED_READ	GET	/api/trace/v3/exploration/composition-coherence-reviews	200	200	PASS	5.391583	730	8c9d2305760164516c357a83df743c9bbf90641939f104481c3a9da17377b9a7	
S-W01-R00004	SUSTAINED_READ	GET	/api/trace/v3/exploration/compositions	200	200	PASS	2.759542	713	f24bf8431d2e48ebf0ea9bf33a2e75f5a59b2a37a40dc09fca99db228c4c53cd	
S-W01-R00005	SUSTAINED_READ	GET	/api/trace/v3/exploration/concept-senses	200	200	PASS	11.162375	715	31f3e8c824758ad9bc595bf0d5b335f902933b1d04fee360bf36e3a292dd2676	
S-W01-R00006	SUSTAINED_READ	GET	/api/trace/v3/exploration/concepts	200	200	PASS	6.715625	709	e868697ef6929bb232c46bc4900fea0a65999ee7b3012bc6d31c9f3b7011f002	
S-W01-R00007	SUSTAINED_READ	GET	/api/trace/v3/exploration/exports	200	200	PASS	3.809167	708	0c76ad647e7a38cfe75d0185b0343abb847a0f5835903d30bd680c78a0d5a8e8	
S-W01-R00008	SUSTAINED_READ	GET	/api/trace/v3/exploration/incidences	200	200	PASS	12.086959	711	66defbdbbce3dbe5717864f006dac588011c9ed4f3631c259468f3cdaca99325	
S-W01-R00009	SUSTAINED_READ	GET	/api/trace/v3/exploration/navigation-states	200	200	PASS	4.121416	718	f0f645ac4f89bbf8b653d376f1e8962f8f76aa12d51a06b8cb8b45f3ab448122	
S-W01-R00010	SUSTAINED_READ	GET	/api/trace/v3/exploration/scopes	200	200	PASS	7.200584	707	41e92088169e46435c20c42666bd8c6f967b2292c06887856eadbbc478d6c5ba	
S-W01-R00011	SUSTAINED_READ	GET	/api/trace/v3/exploration/transitions	200	200	PASS	7.746209	712	b56a5b695427007bb25f80c4ceb9393c99d446a32a7202993082b002e2b836c1	
S-W01-R00012	SUSTAINED_READ	GET	/api/trace/v3/exploration/workflows	200	200	PASS	8.988000	710	de531bba5fb596fa2cabaf6f85964fce9b235e1696e6da98ba6a287aebd129c5	
S-W01-R00013	SUSTAINED_READ	GET	/api/trace/v3/exploration/association-realizations	200	200	PASS	9.596833	725	2055daed0bcf6b8683685111e1a08e80f77c46c3c857699a40af3bee93d456d1	
S-W01-R00014	SUSTAINED_READ	GET	/api/trace/v3/exploration/associations	200	200	PASS	5.746708	713	112656881141e3e6fe08e84889d751d97594a486f7395a82fa0259bf56e1e546	
S-W01-R00015	SUSTAINED_READ	GET	/api/trace/v3/exploration/baseline/reconciliation	200	200	PASS	5.141166	2189	b47499950063363bb5f9ab4fc5980ba0456e03891bd08b3812dfbecadb42775b	
S-W01-R00016	SUSTAINED_READ	GET	/api/trace/v3/exploration/capabilities	200	200	PASS	6.971250	3161	45893bee2ee38d5b79f1060c05c65fed9715a572368a3ddcf339afaf2f9cc33a	
S-W01-R00017	SUSTAINED_READ	GET	/api/trace/v3/exploration/composition-coherence-reviews	200	200	PASS	6.974250	730	8c9d2305760164516c357a83df743c9bbf90641939f104481c3a9da17377b9a7	
S-W01-R00018	SUSTAINED_READ	GET	/api/trace/v3/exploration/compositions	200	200	PASS	1.495208	713	f24bf8431d2e48ebf0ea9bf33a2e75f5a59b2a37a40dc09fca99db228c4c53cd	
S-W01-R00019	SUSTAINED_READ	GET	/api/trace/v3/exploration/concept-senses	200	200	PASS	9.884459	715	31f3e8c824758ad9bc595bf0d5b335f902933b1d04fee360bf36e3a292dd2676	
S-W01-R00020	SUSTAINED_READ	GET	/api/trace/v3/exploration/concepts	200	200	PASS	5.419250	709	e868697ef6929bb232c46bc4900fea0a65999ee7b3012bc6d31c9f3b7011f002	
S-W01-R00021	SUSTAINED_READ	GET	/api/trace/v3/exploration/exports	200	200	PASS	3.308166	708	0c76ad647e7a38cfe75d0185b0343abb847a0f5835903d30bd680c78a0d5a8e8	
S-W01-R00022	SUSTAINED_READ	GET	/api/trace/v3/exploration/incidences	200	200	PASS	12.770584	711	66defbdbbce3dbe5717864f006dac588011c9ed4f3631c259468f3cdaca99325	
S-W01-R00023	SUSTAINED_READ	GET	/api/trace/v3/exploration/navigation-states	200	200	PASS	7.219916	718	f0f645ac4f89bbf8b653d376f1e8962f8f76aa12d51a06b8cb8b45f3ab448122	
S-W01-R00024	SUSTAINED_READ	GET	/api/trace/v3/exploration/scopes	200	200	PASS	4.125792	707	41e92088169e46435c20c42666bd8c6f967b2292c06887856eadbbc478d6c5ba	
S-W01-R00025	SUSTAINED_READ	GET	/api/trace/v3/exploration/transitions	200	200	PASS	6.356250	712	b56a5b695427007bb25f80c4ceb9393c99d446a32a7202993082b002e2b836c1	
S-W01-R00026	SUSTAINED_READ	GET	/api/trace/v3/exploration/workflows	200	200	PASS	4.208375	710	de531bba5fb596fa2cabaf6f85964fce9b235e1696e6da98ba6a287aebd129c5	
S-W01-R00027	SUSTAINED_READ	GET	/api/trace/v3/exploration/association-realizations	200	200	PASS	7.581708	725	2055daed0bcf6b8683685111e1a08e80f77c46c3c857699a40af3bee93d456d1	
S-W01-R00028	SUSTAINED_READ	GET	/api/trace/v3/exploration/associations	200	200	PASS	5.132500	713	112656881141e3e6fe08e84889d751d97594a486f7395a82fa0259bf56e1e546	
S-W01-R00029	SUSTAINED_READ	GET	/api/trace/v3/exploration/baseline/reconciliation	200	200	PASS	3.921709	2189	b47499950063363bb5f9ab4fc5980ba0456e03891bd08b3812dfbecadb42775b	
S-W01-R00030	SUSTAINED_READ	GET	/api/trace/v3/exploration/capabilities	200	200	PASS	5.294500	3161	45893bee2ee38d5b79f1060c05c65fed9715a572368a3ddcf339afaf2f9cc33a	
S-W01-R00031	SUSTAINED_READ	GET	/api/trace/v3/exploration/composition-coherence-reviews	200	200	PASS	3.243625	730	8c9d2305760164516c357a83df743c9bbf90641939f104481c3a9da17377b9a7	
S-W01-R00032	SUSTAINED_READ	GET	/api/trace/v3/exploration/compositions	200	200	PASS	7.574750	713	f24bf8431d2e48ebf0ea9bf33a2e75f5a59b2a37a40dc09fca99db228c4c53cd	
S-W01-R00033	SUSTAINED_READ	GET	/api/trace/v3/exploration/concept-senses	200	200	PASS	3.582334	715	31f3e8c824758ad9bc595bf0d5b335f902933b1d04fee360bf36e3a292dd2676	
S-W01-R00034	SUSTAINED_READ	GET	/api/trace/v3/exploration/concepts	200	200	PASS	4.210667	709	e868697ef6929bb232c46bc4900fea0a65999ee7b3012bc6d31c9f3b7011f002	
S-W01-R00035	SUSTAINED_READ	GET	/api/trace/v3/exploration/exports	200	200	PASS	2.684375	708	0c76ad647e7a38cfe75d0185b0343abb847a0f5835903d30bd680c78a0d5a8e8	
S-W01-R00036	SUSTAINED_READ	GET	/api/trace/v3/exploration/incidences	200	200	PASS	5.442542	711	66defbdbbce3dbe5717864f006dac588011c9ed4f3631c259468f3cdaca99325	
S-W01-R00037	SUSTAINED_READ	GET	/api/trace/v3/exploration/navigation-states	200	200	PASS	3.918458	718	f0f645ac4f89bbf8b653d376f1e8962f8f76aa12d51a06b8cb8b45f3ab448122	
S-W01-R00038	SUSTAINED_READ	GET	/api/trace/v3/exploration/scopes	200	200	PASS	5.353042	707	41e92088169e46435c20c42666bd8c6f967b2292c06887856eadbbc478d6c5ba	
S-W01-R00039	SUSTAINED_READ	GET	/api/trace/v3/exploration/transitions	200	200	PASS	8.983000	712	b56a5b695427007bb25f80c4ceb9393c99d446a32a7202993082b002e2b836c1	
S-W01-R00040	SUSTAINED_READ	GET	/api/trace/v3/exploration/workflows	200	200	PASS	10.333709	710	de531bba5fb596fa2cabaf6f85964fce9b235e1696e6da98ba6a287aebd129c5	
S-W01-R00041	SUSTAINED_READ	GET	/api/trace/v3/exploration/association-realizations	200	200	PASS	11.551292	725	2055daed0bcf6b8683685111e1a08e80f77c46c3c857699a40af3bee93d456d1	
S-W01-R00042	SUSTAINED_READ	GET	/api/trace/v3/exploration/associations	200	200	PASS	14.776458	713	112656881141e3e6fe08e84889d751d97594a486f7395a82fa0259bf56e1e546	
S-W01-R00043	SUSTAINED_READ	GET	/api/trace/v3/exploration/baseline/reconciliation	200	200	PASS	5.289458	2189	b47499950063363bb5f9ab4fc5980ba0456e03891bd08b3812dfbecadb42775b	
S-W01-R00044	SUSTAINED_READ	GET	/api/trace/v3/exploration/capabilities	200	200	PASS	2.854583	3161	45893bee2ee38d5b79f1060c05c65fed9715a572368a3ddcf339afaf2f9cc33a	
S-W01-R00045	SUSTAINED_READ	GET	/api/trace/v3/exploration/composition-coherence-reviews	200	200	PASS	14.210167	730	8c9d2305760164516c357a83df743c9bbf90641939f104481c3a9da17377b9a7	
S-W01-R00046	SUSTAINED_READ	GET	/api/trace/v3/exploration/compositions	200	200	PASS	10.883250	713	f24bf8431d2e48ebf0ea9bf33a2e75f5a59b2a37a40dc09fca99db228c4c53cd	
S-W01-R00047	SUSTAINED_READ	GET	/api/trace/v3/exploration/concept-senses	200	200	PASS	3.478459	715	31f3e8c824758ad9bc595bf0d5b335f902933b1d04fee360bf36e3a292dd2676	
S-W01-R00048	SUSTAINED_READ	GET	/api/trace/v3/exploration/concepts	200	200	PASS	4.964834	709	e868697ef6929bb232c46bc4900fea0a65999ee7b3012bc6d31c9f3b7011f002	
S-W01-R00049	SUSTAINED_READ	GET	/api/trace/v3/exploration/exports	200	200	PASS	5.310500	708	0c76ad647e7a38cfe75d0185b0343abb847a0f5835903d30bd680c78a0d5a8e8	
S-W02-R00000	SUSTAINED_READ	GET	/api/trace/v3/exploration/baseline/reconciliation	200	200	PASS	12.429291	2189	b47499950063363bb5f9ab4fc5980ba0456e03891bd08b3812dfbecadb42775b	
S-W02-R00001	SUSTAINED_READ	GET	/api/trace/v3/exploration/capabilities	200	200	PASS	2.940542	3161	45893bee2ee38d5b79f1060c05c65fed9715a572368a3ddcf339afaf2f9cc33a	
S-W02-R00002	SUSTAINED_READ	GET	/api/trace/v3/exploration/composition-coherence-reviews	200	200	PASS	12.733333	730	8c9d2305760164516c357a83df743c9bbf90641939f104481c3a9da17377b9a7	
S-W02-R00003	SUSTAINED_READ	GET	/api/trace/v3/exploration/compositions	200	200	PASS	3.625125	713	f24bf8431d2e48ebf0ea9bf33a2e75f5a59b2a37a40dc09fca99db228c4c53cd	
S-W02-R00004	SUSTAINED_READ	GET	/api/trace/v3/exploration/concept-senses	200	200	PASS	10.601417	715	31f3e8c824758ad9bc595bf0d5b335f902933b1d04fee360bf36e3a292dd2676	
S-W02-R00005	SUSTAINED_READ	GET	/api/trace/v3/exploration/concepts	200	200	PASS	9.804125	709	e868697ef6929bb232c46bc4900fea0a65999ee7b3012bc6d31c9f3b7011f002	
S-W02-R00006	SUSTAINED_READ	GET	/api/trace/v3/exploration/exports	200	200	PASS	7.865458	708	0c76ad647e7a38cfe75d0185b0343abb847a0f5835903d30bd680c78a0d5a8e8	
S-W02-R00007	SUSTAINED_READ	GET	/api/trace/v3/exploration/incidences	200	200	PASS	10.724083	711	66defbdbbce3dbe5717864f006dac588011c9ed4f3631c259468f3cdaca99325	
S-W02-R00008	SUSTAINED_READ	GET	/api/trace/v3/exploration/navigation-states	200	200	PASS	5.162875	718	f0f645ac4f89bbf8b653d376f1e8962f8f76aa12d51a06b8cb8b45f3ab448122	
S-W02-R00009	SUSTAINED_READ	GET	/api/trace/v3/exploration/scopes	200	200	PASS	4.912584	707	41e92088169e46435c20c42666bd8c6f967b2292c06887856eadbbc478d6c5ba	
S-W02-R00010	SUSTAINED_READ	GET	/api/trace/v3/exploration/transitions	200	200	PASS	5.309292	712	b56a5b695427007bb25f80c4ceb9393c99d446a32a7202993082b002e2b836c1	
S-W02-R00011	SUSTAINED_READ	GET	/api/trace/v3/exploration/workflows	200	200	PASS	12.088834	710	de531bba5fb596fa2cabaf6f85964fce9b235e1696e6da98ba6a287aebd129c5	
S-W02-R00012	SUSTAINED_READ	GET	/api/trace/v3/exploration/association-realizations	200	200	PASS	9.302584	725	2055daed0bcf6b8683685111e1a08e80f77c46c3c857699a40af3bee93d456d1	
S-W02-R00013	SUSTAINED_READ	GET	/api/trace/v3/exploration/associations	200	200	PASS	11.574666	713	112656881141e3e6fe08e84889d751d97594a486f7395a82fa0259bf56e1e546	
S-W02-R00014	SUSTAINED_READ	GET	/api/trace/v3/exploration/baseline/reconciliation	200	200	PASS	9.098042	2189	b47499950063363bb5f9ab4fc5980ba0456e03891bd08b3812dfbecadb42775b	
S-W02-R00015	SUSTAINED_READ	GET	/api/trace/v3/exploration/capabilities	200	200	PASS	8.321208	3161	45893bee2ee38d5b79f1060c05c65fed9715a572368a3ddcf339afaf2f9cc33a	
S-W02-R00016	SUSTAINED_READ	GET	/api/trace/v3/exploration/composition-coherence-reviews	200	200	PASS	5.895750	730	8c9d2305760164516c357a83df743c9bbf90641939f104481c3a9da17377b9a7	
S-W02-R00017	SUSTAINED_READ	GET	/api/trace/v3/exploration/compositions	200	200	PASS	2.609458	713	f24bf8431d2e48ebf0ea9bf33a2e75f5a59b2a37a40dc09fca99db228c4c53cd	
S-W02-R00018	SUSTAINED_READ	GET	/api/trace/v3/exploration/concept-senses	200	200	PASS	4.186000	715	31f3e8c824758ad9bc595bf0d5b335f902933b1d04fee360bf36e3a292dd2676	
S-W02-R00019	SUSTAINED_READ	GET	/api/trace/v3/exploration/concepts	200	200	PASS	10.436167	709	e868697ef6929bb232c46bc4900fea0a65999ee7b3012bc6d31c9f3b7011f002	
S-W02-R00020	SUSTAINED_READ	GET	/api/trace/v3/exploration/exports	200	200	PASS	5.039375	708	0c76ad647e7a38cfe75d0185b0343abb847a0f5835903d30bd680c78a0d5a8e8	
S-W02-R00021	SUSTAINED_READ	GET	/api/trace/v3/exploration/incidences	200	200	PASS	4.919625	711	66defbdbbce3dbe5717864f006dac588011c9ed4f3631c259468f3cdaca99325	
S-W02-R00022	SUSTAINED_READ	GET	/api/trace/v3/exploration/navigation-states	200	200	PASS	3.988334	718	f0f645ac4f89bbf8b653d376f1e8962f8f76aa12d51a06b8cb8b45f3ab448122	
S-W02-R00023	SUSTAINED_READ	GET	/api/trace/v3/exploration/scopes	200	200	PASS	6.023042	707	41e92088169e46435c20c42666bd8c6f967b2292c06887856eadbbc478d6c5ba	
S-W02-R00024	SUSTAINED_READ	GET	/api/trace/v3/exploration/transitions	200	200	PASS	3.736541	712	b56a5b695427007bb25f80c4ceb9393c99d446a32a7202993082b002e2b836c1	
S-W02-R00025	SUSTAINED_READ	GET	/api/trace/v3/exploration/workflows	200	200	PASS	4.155958	710	de531bba5fb596fa2cabaf6f85964fce9b235e1696e6da98ba6a287aebd129c5	
S-W02-R00026	SUSTAINED_READ	GET	/api/trace/v3/exploration/association-realizations	200	200	PASS	5.986083	725	2055daed0bcf6b8683685111e1a08e80f77c46c3c857699a40af3bee93d456d1	
S-W02-R00027	SUSTAINED_READ	GET	/api/trace/v3/exploration/associations	200	200	PASS	8.954958	713	112656881141e3e6fe08e84889d751d97594a486f7395a82fa0259bf56e1e546	
S-W02-R00028	SUSTAINED_READ	GET	/api/trace/v3/exploration/baseline/reconciliation	200	200	PASS	9.844458	2189	b47499950063363bb5f9ab4fc5980ba0456e03891bd08b3812dfbecadb42775b	
S-W02-R00029	SUSTAINED_READ	GET	/api/trace/v3/exploration/capabilities	200	200	PASS	4.004875	3161	45893bee2ee38d5b79f1060c05c65fed9715a572368a3ddcf339afaf2f9cc33a	
S-W02-R00030	SUSTAINED_READ	GET	/api/trace/v3/exploration/composition-coherence-reviews	200	200	PASS	3.844958	730	8c9d2305760164516c357a83df743c9bbf90641939f104481c3a9da17377b9a7	
S-W02-R00031	SUSTAINED_READ	GET	/api/trace/v3/exploration/compositions	200	200	PASS	4.335875	713	f24bf8431d2e48ebf0ea9bf33a2e75f5a59b2a37a40dc09fca99db228c4c53cd	
S-W02-R00032	SUSTAINED_READ	GET	/api/trace/v3/exploration/concept-senses	200	200	PASS	6.133250	715	31f3e8c824758ad9bc595bf0d5b335f902933b1d04fee360bf36e3a292dd2676	
S-W02-R00033	SUSTAINED_READ	GET	/api/trace/v3/exploration/concepts	200	200	PASS	8.713000	709	e868697ef6929bb232c46bc4900fea0a65999ee7b3012bc6d31c9f3b7011f002	
S-W02-R00034	SUSTAINED_READ	GET	/api/trace/v3/exploration/exports	200	200	PASS	3.889208	708	0c76ad647e7a38cfe75d0185b0343abb847a0f5835903d30bd680c78a0d5a8e8	
S-W02-R00035	SUSTAINED_READ	GET	/api/trace/v3/exploration/incidences	200	200	PASS	2.937916	711	66defbdbbce3dbe5717864f006dac588011c9ed4f3631c259468f3cdaca99325	
S-W02-R00036	SUSTAINED_READ	GET	/api/trace/v3/exploration/navigation-states	200	200	PASS	7.142000	718	f0f645ac4f89bbf8b653d376f1e8962f8f76aa12d51a06b8cb8b45f3ab448122	
S-W02-R00037	SUSTAINED_READ	GET	/api/trace/v3/exploration/scopes	200	200	PASS	10.905875	707	41e92088169e46435c20c42666bd8c6f967b2292c06887856eadbbc478d6c5ba	
S-W02-R00038	SUSTAINED_READ	GET	/api/trace/v3/exploration/transitions	200	200	PASS	6.920250	712	b56a5b695427007bb25f80c4ceb9393c99d446a32a7202993082b002e2b836c1	
S-W02-R00039	SUSTAINED_READ	GET	/api/trace/v3/exploration/workflows	200	200	PASS	10.985083	710	de531bba5fb596fa2cabaf6f85964fce9b235e1696e6da98ba6a287aebd129c5	
S-W02-R00040	SUSTAINED_READ	GET	/api/trace/v3/exploration/association-realizations	200	200	PASS	3.743625	725	2055daed0bcf6b8683685111e1a08e80f77c46c3c857699a40af3bee93d456d1	
S-W02-R00041	SUSTAINED_READ	GET	/api/trace/v3/exploration/associations	200	200	PASS	5.052500	713	112656881141e3e6fe08e84889d751d97594a486f7395a82fa0259bf56e1e546	
S-W02-R00042	SUSTAINED_READ	GET	/api/trace/v3/exploration/baseline/reconciliation	200	200	PASS	10.775292	2189	b47499950063363bb5f9ab4fc5980ba0456e03891bd08b3812dfbecadb42775b	
S-W02-R00043	SUSTAINED_READ	GET	/api/trace/v3/exploration/capabilities	200	200	PASS	3.684000	3161	45893bee2ee38d5b79f1060c05c65fed9715a572368a3ddcf339afaf2f9cc33a	
S-W02-R00044	SUSTAINED_READ	GET	/api/trace/v3/exploration/composition-coherence-reviews	200	200	PASS	3.896959	730	8c9d2305760164516c357a83df743c9bbf90641939f104481c3a9da17377b9a7	
S-W02-R00045	SUSTAINED_READ	GET	/api/trace/v3/exploration/compositions	200	200	PASS	8.971292	713	f24bf8431d2e48ebf0ea9bf33a2e75f5a59b2a37a40dc09fca99db228c4c53cd	
S-W02-R00046	SUSTAINED_READ	GET	/api/trace/v3/exploration/concept-senses	200	200	PASS	5.474750	715	31f3e8c824758ad9bc595bf0d5b335f902933b1d04fee360bf36e3a292dd2676	
S-W02-R00047	SUSTAINED_READ	GET	/api/trace/v3/exploration/concepts	200	200	PASS	2.473709	709	e868697ef6929bb232c46bc4900fea0a65999ee7b3012bc6d31c9f3b7011f002	
S-W02-R00048	SUSTAINED_READ	GET	/api/trace/v3/exploration/exports	200	200	PASS	11.589833	708	0c76ad647e7a38cfe75d0185b0343abb847a0f5835903d30bd680c78a0d5a8e8	
S-W02-R00049	SUSTAINED_READ	GET	/api/trace/v3/exploration/incidences	200	200	PASS	4.656917	711	66defbdbbce3dbe5717864f006dac588011c9ed4f3631c259468f3cdaca99325	
S-W03-R00000	SUSTAINED_READ	GET	/api/trace/v3/exploration/capabilities	200	200	PASS	6.188959	3161	45893bee2ee38d5b79f1060c05c65fed9715a572368a3ddcf339afaf2f9cc33a	
S-W03-R00001	SUSTAINED_READ	GET	/api/trace/v3/exploration/composition-coherence-reviews	200	200	PASS	2.506708	730	8c9d2305760164516c357a83df743c9bbf90641939f104481c3a9da17377b9a7	
S-W03-R00002	SUSTAINED_READ	GET	/api/trace/v3/exploration/compositions	200	200	PASS	11.190667	713	f24bf8431d2e48ebf0ea9bf33a2e75f5a59b2a37a40dc09fca99db228c4c53cd	
S-W03-R00003	SUSTAINED_READ	GET	/api/trace/v3/exploration/concept-senses	200	200	PASS	4.668625	715	31f3e8c824758ad9bc595bf0d5b335f902933b1d04fee360bf36e3a292dd2676	
S-W03-R00004	SUSTAINED_READ	GET	/api/trace/v3/exploration/concepts	200	200	PASS	11.546958	709	e868697ef6929bb232c46bc4900fea0a65999ee7b3012bc6d31c9f3b7011f002	
S-W03-R00005	SUSTAINED_READ	GET	/api/trace/v3/exploration/exports	200	200	PASS	4.706500	708	0c76ad647e7a38cfe75d0185b0343abb847a0f5835903d30bd680c78a0d5a8e8	
S-W03-R00006	SUSTAINED_READ	GET	/api/trace/v3/exploration/incidences	200	200	PASS	5.058417	711	66defbdbbce3dbe5717864f006dac588011c9ed4f3631c259468f3cdaca99325	
S-W03-R00007	SUSTAINED_READ	GET	/api/trace/v3/exploration/navigation-states	200	200	PASS	6.134250	718	f0f645ac4f89bbf8b653d376f1e8962f8f76aa12d51a06b8cb8b45f3ab448122	
S-W03-R00008	SUSTAINED_READ	GET	/api/trace/v3/exploration/scopes	200	200	PASS	4.234083	707	41e92088169e46435c20c42666bd8c6f967b2292c06887856eadbbc478d6c5ba	
S-W03-R00009	SUSTAINED_READ	GET	/api/trace/v3/exploration/transitions	200	200	PASS	3.865291	712	b56a5b695427007bb25f80c4ceb9393c99d446a32a7202993082b002e2b836c1	
S-W03-R00010	SUSTAINED_READ	GET	/api/trace/v3/exploration/workflows	200	200	PASS	3.645125	710	de531bba5fb596fa2cabaf6f85964fce9b235e1696e6da98ba6a287aebd129c5	
S-W03-R00011	SUSTAINED_READ	GET	/api/trace/v3/exploration/association-realizations	200	200	PASS	4.119042	725	2055daed0bcf6b8683685111e1a08e80f77c46c3c857699a40af3bee93d456d1	
S-W03-R00012	SUSTAINED_READ	GET	/api/trace/v3/exploration/associations	200	200	PASS	10.627834	713	112656881141e3e6fe08e84889d751d97594a486f7395a82fa0259bf56e1e546	
S-W03-R00013	SUSTAINED_READ	GET	/api/trace/v3/exploration/baseline/reconciliation	200	200	PASS	5.950417	2189	b47499950063363bb5f9ab4fc5980ba0456e03891bd08b3812dfbecadb42775b	
S-W03-R00014	SUSTAINED_READ	GET	/api/trace/v3/exploration/capabilities	200	200	PASS	9.923875	3161	45893bee2ee38d5b79f1060c05c65fed9715a572368a3ddcf339afaf2f9cc33a	
S-W03-R00015	SUSTAINED_READ	GET	/api/trace/v3/exploration/composition-coherence-reviews	200	200	PASS	6.501875	730	8c9d2305760164516c357a83df743c9bbf90641939f104481c3a9da17377b9a7	
S-W03-R00016	SUSTAINED_READ	GET	/api/trace/v3/exploration/compositions	200	200	PASS	3.044250	713	f24bf8431d2e48ebf0ea9bf33a2e75f5a59b2a37a40dc09fca99db228c4c53cd	
S-W03-R00017	SUSTAINED_READ	GET	/api/trace/v3/exploration/concept-senses	200	200	PASS	5.988833	715	31f3e8c824758ad9bc595bf0d5b335f902933b1d04fee360bf36e3a292dd2676	
S-W03-R00018	SUSTAINED_READ	GET	/api/trace/v3/exploration/concepts	200	200	PASS	3.663958	709	e868697ef6929bb232c46bc4900fea0a65999ee7b3012bc6d31c9f3b7011f002	
S-W03-R00019	SUSTAINED_READ	GET	/api/trace/v3/exploration/exports	200	200	PASS	11.994041	708	0c76ad647e7a38cfe75d0185b0343abb847a0f5835903d30bd680c78a0d5a8e8	
S-W03-R00020	SUSTAINED_READ	GET	/api/trace/v3/exploration/incidences	200	200	PASS	11.193792	711	66defbdbbce3dbe5717864f006dac588011c9ed4f3631c259468f3cdaca99325	
S-W03-R00021	SUSTAINED_READ	GET	/api/trace/v3/exploration/navigation-states	200	200	PASS	3.095042	718	f0f645ac4f89bbf8b653d376f1e8962f8f76aa12d51a06b8cb8b45f3ab448122	
S-W03-R00022	SUSTAINED_READ	GET	/api/trace/v3/exploration/scopes	200	200	PASS	4.599917	707	41e92088169e46435c20c42666bd8c6f967b2292c06887856eadbbc478d6c5ba	
S-W03-R00023	SUSTAINED_READ	GET	/api/trace/v3/exploration/transitions	200	200	PASS	9.593834	712	b56a5b695427007bb25f80c4ceb9393c99d446a32a7202993082b002e2b836c1	
S-W03-R00024	SUSTAINED_READ	GET	/api/trace/v3/exploration/workflows	200	200	PASS	6.730209	710	de531bba5fb596fa2cabaf6f85964fce9b235e1696e6da98ba6a287aebd129c5	
S-W03-R00025	SUSTAINED_READ	GET	/api/trace/v3/exploration/association-realizations	200	200	PASS	1.157583	725	2055daed0bcf6b8683685111e1a08e80f77c46c3c857699a40af3bee93d456d1	
S-W03-R00026	SUSTAINED_READ	GET	/api/trace/v3/exploration/associations	200	200	PASS	7.996584	713	112656881141e3e6fe08e84889d751d97594a486f7395a82fa0259bf56e1e546	
S-W03-R00027	SUSTAINED_READ	GET	/api/trace/v3/exploration/baseline/reconciliation	200	200	PASS	4.907875	2189	b47499950063363bb5f9ab4fc5980ba0456e03891bd08b3812dfbecadb42775b	
S-W03-R00028	SUSTAINED_READ	GET	/api/trace/v3/exploration/capabilities	200	200	PASS	6.293333	3161	45893bee2ee38d5b79f1060c05c65fed9715a572368a3ddcf339afaf2f9cc33a	
S-W03-R00029	SUSTAINED_READ	GET	/api/trace/v3/exploration/composition-coherence-reviews	200	200	PASS	2.368166	730	8c9d2305760164516c357a83df743c9bbf90641939f104481c3a9da17377b9a7	
S-W03-R00030	SUSTAINED_READ	GET	/api/trace/v3/exploration/compositions	200	200	PASS	7.212125	713	f24bf8431d2e48ebf0ea9bf33a2e75f5a59b2a37a40dc09fca99db228c4c53cd	
S-W03-R00031	SUSTAINED_READ	GET	/api/trace/v3/exploration/concept-senses	200	200	PASS	4.489917	715	31f3e8c824758ad9bc595bf0d5b335f902933b1d04fee360bf36e3a292dd2676	
S-W03-R00032	SUSTAINED_READ	GET	/api/trace/v3/exploration/concepts	200	200	PASS	2.973333	709	e868697ef6929bb232c46bc4900fea0a65999ee7b3012bc6d31c9f3b7011f002	
S-W03-R00033	SUSTAINED_READ	GET	/api/trace/v3/exploration/exports	200	200	PASS	4.374625	708	0c76ad647e7a38cfe75d0185b0343abb847a0f5835903d30bd680c78a0d5a8e8	
S-W03-R00034	SUSTAINED_READ	GET	/api/trace/v3/exploration/incidences	200	200	PASS	9.420459	711	66defbdbbce3dbe5717864f006dac588011c9ed4f3631c259468f3cdaca99325	
S-W03-R00035	SUSTAINED_READ	GET	/api/trace/v3/exploration/navigation-states	200	200	PASS	2.861375	718	f0f645ac4f89bbf8b653d376f1e8962f8f76aa12d51a06b8cb8b45f3ab448122	
S-W03-R00036	SUSTAINED_READ	GET	/api/trace/v3/exploration/scopes	200	200	PASS	3.235250	707	41e92088169e46435c20c42666bd8c6f967b2292c06887856eadbbc478d6c5ba	
S-W03-R00037	SUSTAINED_READ	GET	/api/trace/v3/exploration/transitions	200	200	PASS	5.184167	712	b56a5b695427007bb25f80c4ceb9393c99d446a32a7202993082b002e2b836c1	
S-W03-R00038	SUSTAINED_READ	GET	/api/trace/v3/exploration/workflows	200	200	PASS	3.958875	710	de531bba5fb596fa2cabaf6f85964fce9b235e1696e6da98ba6a287aebd129c5	
S-W03-R00039	SUSTAINED_READ	GET	/api/trace/v3/exploration/association-realizations	200	200	PASS	4.555750	725	2055daed0bcf6b8683685111e1a08e80f77c46c3c857699a40af3bee93d456d1	
S-W03-R00040	SUSTAINED_READ	GET	/api/trace/v3/exploration/associations	200	200	PASS	4.177125	713	112656881141e3e6fe08e84889d751d97594a486f7395a82fa0259bf56e1e546	
S-W03-R00041	SUSTAINED_READ	GET	/api/trace/v3/exploration/baseline/reconciliation	200	200	PASS	11.150083	2189	b47499950063363bb5f9ab4fc5980ba0456e03891bd08b3812dfbecadb42775b	
S-W03-R00042	SUSTAINED_READ	GET	/api/trace/v3/exploration/capabilities	200	200	PASS	19.396750	3161	45893bee2ee38d5b79f1060c05c65fed9715a572368a3ddcf339afaf2f9cc33a	
S-W03-R00043	SUSTAINED_READ	GET	/api/trace/v3/exploration/composition-coherence-reviews	200	200	PASS	4.174292	730	8c9d2305760164516c357a83df743c9bbf90641939f104481c3a9da17377b9a7	
S-W03-R00044	SUSTAINED_READ	GET	/api/trace/v3/exploration/compositions	200	200	PASS	5.038084	713	f24bf8431d2e48ebf0ea9bf33a2e75f5a59b2a37a40dc09fca99db228c4c53cd	
S-W03-R00045	SUSTAINED_READ	GET	/api/trace/v3/exploration/concept-senses	200	200	PASS	8.326708	715	31f3e8c824758ad9bc595bf0d5b335f902933b1d04fee360bf36e3a292dd2676	
S-W03-R00046	SUSTAINED_READ	GET	/api/trace/v3/exploration/concepts	200	200	PASS	7.597416	709	e868697ef6929bb232c46bc4900fea0a65999ee7b3012bc6d31c9f3b7011f002	
S-W03-R00047	SUSTAINED_READ	GET	/api/trace/v3/exploration/exports	200	200	PASS	2.433584	708	0c76ad647e7a38cfe75d0185b0343abb847a0f5835903d30bd680c78a0d5a8e8	
S-W03-R00048	SUSTAINED_READ	GET	/api/trace/v3/exploration/incidences	200	200	PASS	9.612500	711	66defbdbbce3dbe5717864f006dac588011c9ed4f3631c259468f3cdaca99325	
S-W03-R00049	SUSTAINED_READ	GET	/api/trace/v3/exploration/navigation-states	200	200	PASS	2.428542	718	f0f645ac4f89bbf8b653d376f1e8962f8f76aa12d51a06b8cb8b45f3ab448122	
S-W04-R00000	SUSTAINED_READ	GET	/api/trace/v3/exploration/composition-coherence-reviews	200	200	PASS	11.218458	730	8c9d2305760164516c357a83df743c9bbf90641939f104481c3a9da17377b9a7	
S-W04-R00001	SUSTAINED_READ	GET	/api/trace/v3/exploration/compositions	200	200	PASS	3.814375	713	f24bf8431d2e48ebf0ea9bf33a2e75f5a59b2a37a40dc09fca99db228c4c53cd	
S-W04-R00002	SUSTAINED_READ	GET	/api/trace/v3/exploration/concept-senses	200	200	PASS	8.889167	715	31f3e8c824758ad9bc595bf0d5b335f902933b1d04fee360bf36e3a292dd2676	
S-W04-R00003	SUSTAINED_READ	GET	/api/trace/v3/exploration/concepts	200	200	PASS	4.321542	709	e868697ef6929bb232c46bc4900fea0a65999ee7b3012bc6d31c9f3b7011f002	
S-W04-R00004	SUSTAINED_READ	GET	/api/trace/v3/exploration/exports	200	200	PASS	5.531708	708	0c76ad647e7a38cfe75d0185b0343abb847a0f5835903d30bd680c78a0d5a8e8	
S-W04-R00005	SUSTAINED_READ	GET	/api/trace/v3/exploration/incidences	200	200	PASS	3.641333	711	66defbdbbce3dbe5717864f006dac588011c9ed4f3631c259468f3cdaca99325	
S-W04-R00006	SUSTAINED_READ	GET	/api/trace/v3/exploration/navigation-states	200	200	PASS	5.347709	718	f0f645ac4f89bbf8b653d376f1e8962f8f76aa12d51a06b8cb8b45f3ab448122	
S-W04-R00007	SUSTAINED_READ	GET	/api/trace/v3/exploration/scopes	200	200	PASS	4.583833	707	41e92088169e46435c20c42666bd8c6f967b2292c06887856eadbbc478d6c5ba	
S-W04-R00008	SUSTAINED_READ	GET	/api/trace/v3/exploration/transitions	200	200	PASS	9.692667	712	b56a5b695427007bb25f80c4ceb9393c99d446a32a7202993082b002e2b836c1	
S-W04-R00009	SUSTAINED_READ	GET	/api/trace/v3/exploration/workflows	200	200	PASS	5.479417	710	de531bba5fb596fa2cabaf6f85964fce9b235e1696e6da98ba6a287aebd129c5	
S-W04-R00010	SUSTAINED_READ	GET	/api/trace/v3/exploration/association-realizations	200	200	PASS	6.144583	725	2055daed0bcf6b8683685111e1a08e80f77c46c3c857699a40af3bee93d456d1	
S-W04-R00011	SUSTAINED_READ	GET	/api/trace/v3/exploration/associations	200	200	PASS	8.647666	713	112656881141e3e6fe08e84889d751d97594a486f7395a82fa0259bf56e1e546	
S-W04-R00012	SUSTAINED_READ	GET	/api/trace/v3/exploration/baseline/reconciliation	200	200	PASS	10.345958	2189	b47499950063363bb5f9ab4fc5980ba0456e03891bd08b3812dfbecadb42775b	
S-W04-R00013	SUSTAINED_READ	GET	/api/trace/v3/exploration/capabilities	200	200	PASS	10.790500	3161	45893bee2ee38d5b79f1060c05c65fed9715a572368a3ddcf339afaf2f9cc33a	
S-W04-R00014	SUSTAINED_READ	GET	/api/trace/v3/exploration/composition-coherence-reviews	200	200	PASS	9.918667	730	8c9d2305760164516c357a83df743c9bbf90641939f104481c3a9da17377b9a7	
S-W04-R00015	SUSTAINED_READ	GET	/api/trace/v3/exploration/compositions	200	200	PASS	4.734000	713	f24bf8431d2e48ebf0ea9bf33a2e75f5a59b2a37a40dc09fca99db228c4c53cd	
S-W04-R00016	SUSTAINED_READ	GET	/api/trace/v3/exploration/concept-senses	200	200	PASS	6.719084	715	31f3e8c824758ad9bc595bf0d5b335f902933b1d04fee360bf36e3a292dd2676	
S-W04-R00017	SUSTAINED_READ	GET	/api/trace/v3/exploration/concepts	200	200	PASS	5.542750	709	e868697ef6929bb232c46bc4900fea0a65999ee7b3012bc6d31c9f3b7011f002	
S-W04-R00018	SUSTAINED_READ	GET	/api/trace/v3/exploration/exports	200	200	PASS	2.438709	708	0c76ad647e7a38cfe75d0185b0343abb847a0f5835903d30bd680c78a0d5a8e8	
S-W04-R00019	SUSTAINED_READ	GET	/api/trace/v3/exploration/incidences	200	200	PASS	6.427000	711	66defbdbbce3dbe5717864f006dac588011c9ed4f3631c259468f3cdaca99325	
S-W04-R00020	SUSTAINED_READ	GET	/api/trace/v3/exploration/navigation-states	200	200	PASS	6.176042	718	f0f645ac4f89bbf8b653d376f1e8962f8f76aa12d51a06b8cb8b45f3ab448122	
S-W04-R00021	SUSTAINED_READ	GET	/api/trace/v3/exploration/scopes	200	200	PASS	2.241541	707	41e92088169e46435c20c42666bd8c6f967b2292c06887856eadbbc478d6c5ba	
S-W04-R00022	SUSTAINED_READ	GET	/api/trace/v3/exploration/transitions	200	200	PASS	5.276250	712	b56a5b695427007bb25f80c4ceb9393c99d446a32a7202993082b002e2b836c1	
S-W04-R00023	SUSTAINED_READ	GET	/api/trace/v3/exploration/workflows	200	200	PASS	12.771125	710	de531bba5fb596fa2cabaf6f85964fce9b235e1696e6da98ba6a287aebd129c5	
S-W04-R00024	SUSTAINED_READ	GET	/api/trace/v3/exploration/association-realizations	200	200	PASS	10.012416	725	2055daed0bcf6b8683685111e1a08e80f77c46c3c857699a40af3bee93d456d1	
S-W04-R00025	SUSTAINED_READ	GET	/api/trace/v3/exploration/associations	200	200	PASS	1.558792	713	112656881141e3e6fe08e84889d751d97594a486f7395a82fa0259bf56e1e546	
S-W04-R00026	SUSTAINED_READ	GET	/api/trace/v3/exploration/baseline/reconciliation	200	200	PASS	5.204042	2189	b47499950063363bb5f9ab4fc5980ba0456e03891bd08b3812dfbecadb42775b	
S-W04-R00027	SUSTAINED_READ	GET	/api/trace/v3/exploration/capabilities	200	200	PASS	10.985541	3161	45893bee2ee38d5b79f1060c05c65fed9715a572368a3ddcf339afaf2f9cc33a	
S-W04-R00028	SUSTAINED_READ	GET	/api/trace/v3/exploration/composition-coherence-reviews	200	200	PASS	6.949792	730	8c9d2305760164516c357a83df743c9bbf90641939f104481c3a9da17377b9a7	
S-W04-R00029	SUSTAINED_READ	GET	/api/trace/v3/exploration/compositions	200	200	PASS	3.228375	713	f24bf8431d2e48ebf0ea9bf33a2e75f5a59b2a37a40dc09fca99db228c4c53cd	
S-W04-R00030	SUSTAINED_READ	GET	/api/trace/v3/exploration/concept-senses	200	200	PASS	9.508750	715	31f3e8c824758ad9bc595bf0d5b335f902933b1d04fee360bf36e3a292dd2676	
S-W04-R00031	SUSTAINED_READ	GET	/api/trace/v3/exploration/concepts	200	200	PASS	3.968084	709	e868697ef6929bb232c46bc4900fea0a65999ee7b3012bc6d31c9f3b7011f002	
S-W04-R00032	SUSTAINED_READ	GET	/api/trace/v3/exploration/exports	200	200	PASS	5.417583	708	0c76ad647e7a38cfe75d0185b0343abb847a0f5835903d30bd680c78a0d5a8e8	
S-W04-R00033	SUSTAINED_READ	GET	/api/trace/v3/exploration/incidences	200	200	PASS	6.207750	711	66defbdbbce3dbe5717864f006dac588011c9ed4f3631c259468f3cdaca99325	
S-W04-R00034	SUSTAINED_READ	GET	/api/trace/v3/exploration/navigation-states	200	200	PASS	3.885625	718	f0f645ac4f89bbf8b653d376f1e8962f8f76aa12d51a06b8cb8b45f3ab448122	
S-W04-R00035	SUSTAINED_READ	GET	/api/trace/v3/exploration/scopes	200	200	PASS	5.149583	707	41e92088169e46435c20c42666bd8c6f967b2292c06887856eadbbc478d6c5ba	
S-W04-R00036	SUSTAINED_READ	GET	/api/trace/v3/exploration/transitions	200	200	PASS	2.745750	712	b56a5b695427007bb25f80c4ceb9393c99d446a32a7202993082b002e2b836c1	
S-W04-R00037	SUSTAINED_READ	GET	/api/trace/v3/exploration/workflows	200	200	PASS	8.277292	710	de531bba5fb596fa2cabaf6f85964fce9b235e1696e6da98ba6a287aebd129c5	
S-W04-R00038	SUSTAINED_READ	GET	/api/trace/v3/exploration/association-realizations	200	200	PASS	3.541375	725	2055daed0bcf6b8683685111e1a08e80f77c46c3c857699a40af3bee93d456d1	
S-W04-R00039	SUSTAINED_READ	GET	/api/trace/v3/exploration/associations	200	200	PASS	3.857791	713	112656881141e3e6fe08e84889d751d97594a486f7395a82fa0259bf56e1e546	
S-W04-R00040	SUSTAINED_READ	GET	/api/trace/v3/exploration/baseline/reconciliation	200	200	PASS	10.677083	2189	b47499950063363bb5f9ab4fc5980ba0456e03891bd08b3812dfbecadb42775b	
S-W04-R00041	SUSTAINED_READ	GET	/api/trace/v3/exploration/capabilities	200	200	PASS	9.972667	3161	45893bee2ee38d5b79f1060c05c65fed9715a572368a3ddcf339afaf2f9cc33a	
S-W04-R00042	SUSTAINED_READ	GET	/api/trace/v3/exploration/composition-coherence-reviews	200	200	PASS	12.361084	730	8c9d2305760164516c357a83df743c9bbf90641939f104481c3a9da17377b9a7	
S-W04-R00043	SUSTAINED_READ	GET	/api/trace/v3/exploration/compositions	200	200	PASS	4.823583	713	f24bf8431d2e48ebf0ea9bf33a2e75f5a59b2a37a40dc09fca99db228c4c53cd	
S-W04-R00044	SUSTAINED_READ	GET	/api/trace/v3/exploration/concept-senses	200	200	PASS	3.133208	715	31f3e8c824758ad9bc595bf0d5b335f902933b1d04fee360bf36e3a292dd2676	
S-W04-R00045	SUSTAINED_READ	GET	/api/trace/v3/exploration/concepts	200	200	PASS	12.429917	709	e868697ef6929bb232c46bc4900fea0a65999ee7b3012bc6d31c9f3b7011f002	
S-W04-R00046	SUSTAINED_READ	GET	/api/trace/v3/exploration/exports	200	200	PASS	10.256875	708	0c76ad647e7a38cfe75d0185b0343abb847a0f5835903d30bd680c78a0d5a8e8	
S-W04-R00047	SUSTAINED_READ	GET	/api/trace/v3/exploration/incidences	200	200	PASS	5.212625	711	66defbdbbce3dbe5717864f006dac588011c9ed4f3631c259468f3cdaca99325	
S-W04-R00048	SUSTAINED_READ	GET	/api/trace/v3/exploration/navigation-states	200	200	PASS	7.296417	718	f0f645ac4f89bbf8b653d376f1e8962f8f76aa12d51a06b8cb8b45f3ab448122	
S-W04-R00049	SUSTAINED_READ	GET	/api/trace/v3/exploration/scopes	200	200	PASS	2.459666	707	41e92088169e46435c20c42666bd8c6f967b2292c06887856eadbbc478d6c5ba	
S-W05-R00000	SUSTAINED_READ	GET	/api/trace/v3/exploration/compositions	200	200	PASS	6.753375	713	f24bf8431d2e48ebf0ea9bf33a2e75f5a59b2a37a40dc09fca99db228c4c53cd	
S-W05-R00001	SUSTAINED_READ	GET	/api/trace/v3/exploration/concept-senses	200	200	PASS	3.635750	715	31f3e8c824758ad9bc595bf0d5b335f902933b1d04fee360bf36e3a292dd2676	
S-W05-R00002	SUSTAINED_READ	GET	/api/trace/v3/exploration/concepts	200	200	PASS	7.637250	709	e868697ef6929bb232c46bc4900fea0a65999ee7b3012bc6d31c9f3b7011f002	
S-W05-R00003	SUSTAINED_READ	GET	/api/trace/v3/exploration/exports	200	200	PASS	5.940958	708	0c76ad647e7a38cfe75d0185b0343abb847a0f5835903d30bd680c78a0d5a8e8	
S-W05-R00004	SUSTAINED_READ	GET	/api/trace/v3/exploration/incidences	200	200	PASS	5.263042	711	66defbdbbce3dbe5717864f006dac588011c9ed4f3631c259468f3cdaca99325	
S-W05-R00005	SUSTAINED_READ	GET	/api/trace/v3/exploration/navigation-states	200	200	PASS	5.360958	718	f0f645ac4f89bbf8b653d376f1e8962f8f76aa12d51a06b8cb8b45f3ab448122	
S-W05-R00006	SUSTAINED_READ	GET	/api/trace/v3/exploration/scopes	200	200	PASS	2.569292	707	41e92088169e46435c20c42666bd8c6f967b2292c06887856eadbbc478d6c5ba	
S-W05-R00007	SUSTAINED_READ	GET	/api/trace/v3/exploration/transitions	200	200	PASS	8.784250	712	b56a5b695427007bb25f80c4ceb9393c99d446a32a7202993082b002e2b836c1	
S-W05-R00008	SUSTAINED_READ	GET	/api/trace/v3/exploration/workflows	200	200	PASS	6.185333	710	de531bba5fb596fa2cabaf6f85964fce9b235e1696e6da98ba6a287aebd129c5	
S-W05-R00009	SUSTAINED_READ	GET	/api/trace/v3/exploration/association-realizations	200	200	PASS	2.682250	725	2055daed0bcf6b8683685111e1a08e80f77c46c3c857699a40af3bee93d456d1	
S-W05-R00010	SUSTAINED_READ	GET	/api/trace/v3/exploration/associations	200	200	PASS	6.734125	713	112656881141e3e6fe08e84889d751d97594a486f7395a82fa0259bf56e1e546	
S-W05-R00011	SUSTAINED_READ	GET	/api/trace/v3/exploration/baseline/reconciliation	200	200	PASS	7.370000	2189	b47499950063363bb5f9ab4fc5980ba0456e03891bd08b3812dfbecadb42775b	
S-W05-R00012	SUSTAINED_READ	GET	/api/trace/v3/exploration/capabilities	200	200	PASS	6.445958	3161	45893bee2ee38d5b79f1060c05c65fed9715a572368a3ddcf339afaf2f9cc33a	
S-W05-R00013	SUSTAINED_READ	GET	/api/trace/v3/exploration/composition-coherence-reviews	200	200	PASS	7.293500	730	8c9d2305760164516c357a83df743c9bbf90641939f104481c3a9da17377b9a7	
S-W05-R00014	SUSTAINED_READ	GET	/api/trace/v3/exploration/compositions	200	200	PASS	10.159709	713	f24bf8431d2e48ebf0ea9bf33a2e75f5a59b2a37a40dc09fca99db228c4c53cd	
S-W05-R00015	SUSTAINED_READ	GET	/api/trace/v3/exploration/concept-senses	200	200	PASS	9.910500	715	31f3e8c824758ad9bc595bf0d5b335f902933b1d04fee360bf36e3a292dd2676	
S-W05-R00016	SUSTAINED_READ	GET	/api/trace/v3/exploration/concepts	200	200	PASS	4.310708	709	e868697ef6929bb232c46bc4900fea0a65999ee7b3012bc6d31c9f3b7011f002	
S-W05-R00017	SUSTAINED_READ	GET	/api/trace/v3/exploration/exports	200	200	PASS	8.720084	708	0c76ad647e7a38cfe75d0185b0343abb847a0f5835903d30bd680c78a0d5a8e8	
S-W05-R00018	SUSTAINED_READ	GET	/api/trace/v3/exploration/incidences	200	200	PASS	5.872834	711	66defbdbbce3dbe5717864f006dac588011c9ed4f3631c259468f3cdaca99325	
S-W05-R00019	SUSTAINED_READ	GET	/api/trace/v3/exploration/navigation-states	200	200	PASS	11.949875	718	f0f645ac4f89bbf8b653d376f1e8962f8f76aa12d51a06b8cb8b45f3ab448122	
S-W05-R00020	SUSTAINED_READ	GET	/api/trace/v3/exploration/scopes	200	200	PASS	4.852041	707	41e92088169e46435c20c42666bd8c6f967b2292c06887856eadbbc478d6c5ba	
S-W05-R00021	SUSTAINED_READ	GET	/api/trace/v3/exploration/transitions	200	200	PASS	2.449625	712	b56a5b695427007bb25f80c4ceb9393c99d446a32a7202993082b002e2b836c1	
S-W05-R00022	SUSTAINED_READ	GET	/api/trace/v3/exploration/workflows	200	200	PASS	9.928125	710	de531bba5fb596fa2cabaf6f85964fce9b235e1696e6da98ba6a287aebd129c5	
S-W05-R00023	SUSTAINED_READ	GET	/api/trace/v3/exploration/association-realizations	200	200	PASS	11.735375	725	2055daed0bcf6b8683685111e1a08e80f77c46c3c857699a40af3bee93d456d1	
S-W05-R00024	SUSTAINED_READ	GET	/api/trace/v3/exploration/associations	200	200	PASS	5.084458	713	112656881141e3e6fe08e84889d751d97594a486f7395a82fa0259bf56e1e546	
S-W05-R00025	SUSTAINED_READ	GET	/api/trace/v3/exploration/baseline/reconciliation	200	200	PASS	3.263458	2189	b47499950063363bb5f9ab4fc5980ba0456e03891bd08b3812dfbecadb42775b	
S-W05-R00026	SUSTAINED_READ	GET	/api/trace/v3/exploration/capabilities	200	200	PASS	8.503375	3161	45893bee2ee38d5b79f1060c05c65fed9715a572368a3ddcf339afaf2f9cc33a	
S-W05-R00027	SUSTAINED_READ	GET	/api/trace/v3/exploration/composition-coherence-reviews	200	200	PASS	4.019750	730	8c9d2305760164516c357a83df743c9bbf90641939f104481c3a9da17377b9a7	
S-W05-R00028	SUSTAINED_READ	GET	/api/trace/v3/exploration/compositions	200	200	PASS	5.277834	713	f24bf8431d2e48ebf0ea9bf33a2e75f5a59b2a37a40dc09fca99db228c4c53cd	
S-W05-R00029	SUSTAINED_READ	GET	/api/trace/v3/exploration/concept-senses	200	200	PASS	5.402917	715	31f3e8c824758ad9bc595bf0d5b335f902933b1d04fee360bf36e3a292dd2676	
S-W05-R00030	SUSTAINED_READ	GET	/api/trace/v3/exploration/concepts	200	200	PASS	4.663084	709	e868697ef6929bb232c46bc4900fea0a65999ee7b3012bc6d31c9f3b7011f002	
S-W05-R00031	SUSTAINED_READ	GET	/api/trace/v3/exploration/exports	200	200	PASS	3.874000	708	0c76ad647e7a38cfe75d0185b0343abb847a0f5835903d30bd680c78a0d5a8e8	
S-W05-R00032	SUSTAINED_READ	GET	/api/trace/v3/exploration/incidences	200	200	PASS	4.717458	711	66defbdbbce3dbe5717864f006dac588011c9ed4f3631c259468f3cdaca99325	
S-W05-R00033	SUSTAINED_READ	GET	/api/trace/v3/exploration/navigation-states	200	200	PASS	9.256917	718	f0f645ac4f89bbf8b653d376f1e8962f8f76aa12d51a06b8cb8b45f3ab448122	
S-W05-R00034	SUSTAINED_READ	GET	/api/trace/v3/exploration/scopes	200	200	PASS	7.427750	707	41e92088169e46435c20c42666bd8c6f967b2292c06887856eadbbc478d6c5ba	
S-W05-R00035	SUSTAINED_READ	GET	/api/trace/v3/exploration/transitions	200	200	PASS	3.735167	712	b56a5b695427007bb25f80c4ceb9393c99d446a32a7202993082b002e2b836c1	
S-W05-R00036	SUSTAINED_READ	GET	/api/trace/v3/exploration/workflows	200	200	PASS	4.462750	710	de531bba5fb596fa2cabaf6f85964fce9b235e1696e6da98ba6a287aebd129c5	
S-W05-R00037	SUSTAINED_READ	GET	/api/trace/v3/exploration/association-realizations	200	200	PASS	10.491875	725	2055daed0bcf6b8683685111e1a08e80f77c46c3c857699a40af3bee93d456d1	
S-W05-R00038	SUSTAINED_READ	GET	/api/trace/v3/exploration/associations	200	200	PASS	4.856417	713	112656881141e3e6fe08e84889d751d97594a486f7395a82fa0259bf56e1e546	
S-W05-R00039	SUSTAINED_READ	GET	/api/trace/v3/exploration/baseline/reconciliation	200	200	PASS	5.010250	2189	b47499950063363bb5f9ab4fc5980ba0456e03891bd08b3812dfbecadb42775b	
S-W05-R00040	SUSTAINED_READ	GET	/api/trace/v3/exploration/capabilities	200	200	PASS	9.072875	3161	45893bee2ee38d5b79f1060c05c65fed9715a572368a3ddcf339afaf2f9cc33a	
S-W05-R00041	SUSTAINED_READ	GET	/api/trace/v3/exploration/composition-coherence-reviews	200	200	PASS	7.207458	730	8c9d2305760164516c357a83df743c9bbf90641939f104481c3a9da17377b9a7	
S-W05-R00042	SUSTAINED_READ	GET	/api/trace/v3/exploration/compositions	200	200	PASS	9.895042	713	f24bf8431d2e48ebf0ea9bf33a2e75f5a59b2a37a40dc09fca99db228c4c53cd	
S-W05-R00043	SUSTAINED_READ	GET	/api/trace/v3/exploration/concept-senses	200	200	PASS	7.059709	715	31f3e8c824758ad9bc595bf0d5b335f902933b1d04fee360bf36e3a292dd2676	
S-W05-R00044	SUSTAINED_READ	GET	/api/trace/v3/exploration/concepts	200	200	PASS	5.635750	709	e868697ef6929bb232c46bc4900fea0a65999ee7b3012bc6d31c9f3b7011f002	
S-W05-R00045	SUSTAINED_READ	GET	/api/trace/v3/exploration/exports	200	200	PASS	6.113917	708	0c76ad647e7a38cfe75d0185b0343abb847a0f5835903d30bd680c78a0d5a8e8	
S-W05-R00046	SUSTAINED_READ	GET	/api/trace/v3/exploration/incidences	200	200	PASS	6.924167	711	66defbdbbce3dbe5717864f006dac588011c9ed4f3631c259468f3cdaca99325	
S-W05-R00047	SUSTAINED_READ	GET	/api/trace/v3/exploration/navigation-states	200	200	PASS	6.302375	718	f0f645ac4f89bbf8b653d376f1e8962f8f76aa12d51a06b8cb8b45f3ab448122	
S-W05-R00048	SUSTAINED_READ	GET	/api/trace/v3/exploration/scopes	200	200	PASS	12.516958	707	41e92088169e46435c20c42666bd8c6f967b2292c06887856eadbbc478d6c5ba	
S-W05-R00049	SUSTAINED_READ	GET	/api/trace/v3/exploration/transitions	200	200	PASS	4.114917	712	b56a5b695427007bb25f80c4ceb9393c99d446a32a7202993082b002e2b836c1	
S-W06-R00000	SUSTAINED_READ	GET	/api/trace/v3/exploration/concept-senses	200	200	PASS	7.275709	715	31f3e8c824758ad9bc595bf0d5b335f902933b1d04fee360bf36e3a292dd2676	
S-W06-R00001	SUSTAINED_READ	GET	/api/trace/v3/exploration/concepts	200	200	PASS	4.166375	709	e868697ef6929bb232c46bc4900fea0a65999ee7b3012bc6d31c9f3b7011f002	
S-W06-R00002	SUSTAINED_READ	GET	/api/trace/v3/exploration/exports	200	200	PASS	12.889375	708	0c76ad647e7a38cfe75d0185b0343abb847a0f5835903d30bd680c78a0d5a8e8	
S-W06-R00003	SUSTAINED_READ	GET	/api/trace/v3/exploration/incidences	200	200	PASS	2.373625	711	66defbdbbce3dbe5717864f006dac588011c9ed4f3631c259468f3cdaca99325	
S-W06-R00004	SUSTAINED_READ	GET	/api/trace/v3/exploration/navigation-states	200	200	PASS	9.471083	718	f0f645ac4f89bbf8b653d376f1e8962f8f76aa12d51a06b8cb8b45f3ab448122	
S-W06-R00005	SUSTAINED_READ	GET	/api/trace/v3/exploration/scopes	200	200	PASS	6.544250	707	41e92088169e46435c20c42666bd8c6f967b2292c06887856eadbbc478d6c5ba	
S-W06-R00006	SUSTAINED_READ	GET	/api/trace/v3/exploration/transitions	200	200	PASS	2.657875	712	b56a5b695427007bb25f80c4ceb9393c99d446a32a7202993082b002e2b836c1	
S-W06-R00007	SUSTAINED_READ	GET	/api/trace/v3/exploration/workflows	200	200	PASS	4.920750	710	de531bba5fb596fa2cabaf6f85964fce9b235e1696e6da98ba6a287aebd129c5	
S-W06-R00008	SUSTAINED_READ	GET	/api/trace/v3/exploration/association-realizations	200	200	PASS	3.824208	725	2055daed0bcf6b8683685111e1a08e80f77c46c3c857699a40af3bee93d456d1	
S-W06-R00009	SUSTAINED_READ	GET	/api/trace/v3/exploration/associations	200	200	PASS	7.286542	713	112656881141e3e6fe08e84889d751d97594a486f7395a82fa0259bf56e1e546	
S-W06-R00010	SUSTAINED_READ	GET	/api/trace/v3/exploration/baseline/reconciliation	200	200	PASS	5.745833	2189	b47499950063363bb5f9ab4fc5980ba0456e03891bd08b3812dfbecadb42775b	
S-W06-R00011	SUSTAINED_READ	GET	/api/trace/v3/exploration/capabilities	200	200	PASS	6.324209	3161	45893bee2ee38d5b79f1060c05c65fed9715a572368a3ddcf339afaf2f9cc33a	
S-W06-R00012	SUSTAINED_READ	GET	/api/trace/v3/exploration/composition-coherence-reviews	200	200	PASS	7.345708	730	8c9d2305760164516c357a83df743c9bbf90641939f104481c3a9da17377b9a7	
S-W06-R00013	SUSTAINED_READ	GET	/api/trace/v3/exploration/compositions	200	200	PASS	6.852792	713	f24bf8431d2e48ebf0ea9bf33a2e75f5a59b2a37a40dc09fca99db228c4c53cd	
S-W06-R00014	SUSTAINED_READ	GET	/api/trace/v3/exploration/concept-senses	200	200	PASS	10.975666	715	31f3e8c824758ad9bc595bf0d5b335f902933b1d04fee360bf36e3a292dd2676	
S-W06-R00015	SUSTAINED_READ	GET	/api/trace/v3/exploration/concepts	200	200	PASS	7.155833	709	e868697ef6929bb232c46bc4900fea0a65999ee7b3012bc6d31c9f3b7011f002	
S-W06-R00016	SUSTAINED_READ	GET	/api/trace/v3/exploration/exports	200	200	PASS	4.521958	708	0c76ad647e7a38cfe75d0185b0343abb847a0f5835903d30bd680c78a0d5a8e8	
S-W06-R00017	SUSTAINED_READ	GET	/api/trace/v3/exploration/incidences	200	200	PASS	10.382875	711	66defbdbbce3dbe5717864f006dac588011c9ed4f3631c259468f3cdaca99325	
S-W06-R00018	SUSTAINED_READ	GET	/api/trace/v3/exploration/navigation-states	200	200	PASS	4.161750	718	f0f645ac4f89bbf8b653d376f1e8962f8f76aa12d51a06b8cb8b45f3ab448122	
S-W06-R00019	SUSTAINED_READ	GET	/api/trace/v3/exploration/scopes	200	200	PASS	7.749875	707	41e92088169e46435c20c42666bd8c6f967b2292c06887856eadbbc478d6c5ba	
S-W06-R00020	SUSTAINED_READ	GET	/api/trace/v3/exploration/transitions	200	200	PASS	11.179167	712	b56a5b695427007bb25f80c4ceb9393c99d446a32a7202993082b002e2b836c1	
S-W06-R00021	SUSTAINED_READ	GET	/api/trace/v3/exploration/workflows	200	200	PASS	3.663791	710	de531bba5fb596fa2cabaf6f85964fce9b235e1696e6da98ba6a287aebd129c5	
S-W06-R00022	SUSTAINED_READ	GET	/api/trace/v3/exploration/association-realizations	200	200	PASS	4.795750	725	2055daed0bcf6b8683685111e1a08e80f77c46c3c857699a40af3bee93d456d1	
S-W06-R00023	SUSTAINED_READ	GET	/api/trace/v3/exploration/associations	200	200	PASS	7.355250	713	112656881141e3e6fe08e84889d751d97594a486f7395a82fa0259bf56e1e546	
S-W06-R00024	SUSTAINED_READ	GET	/api/trace/v3/exploration/baseline/reconciliation	200	200	PASS	3.065000	2189	b47499950063363bb5f9ab4fc5980ba0456e03891bd08b3812dfbecadb42775b	
S-W06-R00025	SUSTAINED_READ	GET	/api/trace/v3/exploration/capabilities	200	200	PASS	5.078125	3161	45893bee2ee38d5b79f1060c05c65fed9715a572368a3ddcf339afaf2f9cc33a	
S-W06-R00026	SUSTAINED_READ	GET	/api/trace/v3/exploration/composition-coherence-reviews	200	200	PASS	8.612417	730	8c9d2305760164516c357a83df743c9bbf90641939f104481c3a9da17377b9a7	
S-W06-R00027	SUSTAINED_READ	GET	/api/trace/v3/exploration/compositions	200	200	PASS	6.367333	713	f24bf8431d2e48ebf0ea9bf33a2e75f5a59b2a37a40dc09fca99db228c4c53cd	
S-W06-R00028	SUSTAINED_READ	GET	/api/trace/v3/exploration/concept-senses	200	200	PASS	5.139667	715	31f3e8c824758ad9bc595bf0d5b335f902933b1d04fee360bf36e3a292dd2676	
S-W06-R00029	SUSTAINED_READ	GET	/api/trace/v3/exploration/concepts	200	200	PASS	4.527208	709	e868697ef6929bb232c46bc4900fea0a65999ee7b3012bc6d31c9f3b7011f002	
S-W06-R00030	SUSTAINED_READ	GET	/api/trace/v3/exploration/exports	200	200	PASS	2.159458	708	0c76ad647e7a38cfe75d0185b0343abb847a0f5835903d30bd680c78a0d5a8e8	
S-W06-R00031	SUSTAINED_READ	GET	/api/trace/v3/exploration/incidences	200	200	PASS	4.819750	711	66defbdbbce3dbe5717864f006dac588011c9ed4f3631c259468f3cdaca99325	
S-W06-R00032	SUSTAINED_READ	GET	/api/trace/v3/exploration/navigation-states	200	200	PASS	8.116416	718	f0f645ac4f89bbf8b653d376f1e8962f8f76aa12d51a06b8cb8b45f3ab448122	
S-W06-R00033	SUSTAINED_READ	GET	/api/trace/v3/exploration/scopes	200	200	PASS	7.183708	707	41e92088169e46435c20c42666bd8c6f967b2292c06887856eadbbc478d6c5ba	
S-W06-R00034	SUSTAINED_READ	GET	/api/trace/v3/exploration/transitions	200	200	PASS	11.823792	712	b56a5b695427007bb25f80c4ceb9393c99d446a32a7202993082b002e2b836c1	
S-W06-R00035	SUSTAINED_READ	GET	/api/trace/v3/exploration/workflows	200	200	PASS	2.214000	710	de531bba5fb596fa2cabaf6f85964fce9b235e1696e6da98ba6a287aebd129c5	
S-W06-R00036	SUSTAINED_READ	GET	/api/trace/v3/exploration/association-realizations	200	200	PASS	4.971084	725	2055daed0bcf6b8683685111e1a08e80f77c46c3c857699a40af3bee93d456d1	
S-W06-R00037	SUSTAINED_READ	GET	/api/trace/v3/exploration/associations	200	200	PASS	7.890667	713	112656881141e3e6fe08e84889d751d97594a486f7395a82fa0259bf56e1e546	
S-W06-R00038	SUSTAINED_READ	GET	/api/trace/v3/exploration/baseline/reconciliation	200	200	PASS	6.060375	2189	b47499950063363bb5f9ab4fc5980ba0456e03891bd08b3812dfbecadb42775b	
S-W06-R00039	SUSTAINED_READ	GET	/api/trace/v3/exploration/capabilities	200	200	PASS	5.482791	3161	45893bee2ee38d5b79f1060c05c65fed9715a572368a3ddcf339afaf2f9cc33a	
S-W06-R00040	SUSTAINED_READ	GET	/api/trace/v3/exploration/composition-coherence-reviews	200	200	PASS	8.473333	730	8c9d2305760164516c357a83df743c9bbf90641939f104481c3a9da17377b9a7	
S-W06-R00041	SUSTAINED_READ	GET	/api/trace/v3/exploration/compositions	200	200	PASS	12.610959	713	f24bf8431d2e48ebf0ea9bf33a2e75f5a59b2a37a40dc09fca99db228c4c53cd	
S-W06-R00042	SUSTAINED_READ	GET	/api/trace/v3/exploration/concept-senses	200	200	PASS	14.589083	715	31f3e8c824758ad9bc595bf0d5b335f902933b1d04fee360bf36e3a292dd2676	
S-W06-R00043	SUSTAINED_READ	GET	/api/trace/v3/exploration/concepts	200	200	PASS	2.691917	709	e868697ef6929bb232c46bc4900fea0a65999ee7b3012bc6d31c9f3b7011f002	
S-W06-R00044	SUSTAINED_READ	GET	/api/trace/v3/exploration/exports	200	200	PASS	4.241500	708	0c76ad647e7a38cfe75d0185b0343abb847a0f5835903d30bd680c78a0d5a8e8	
S-W06-R00045	SUSTAINED_READ	GET	/api/trace/v3/exploration/incidences	200	200	PASS	10.024458	711	66defbdbbce3dbe5717864f006dac588011c9ed4f3631c259468f3cdaca99325	
S-W06-R00046	SUSTAINED_READ	GET	/api/trace/v3/exploration/navigation-states	200	200	PASS	7.054208	718	f0f645ac4f89bbf8b653d376f1e8962f8f76aa12d51a06b8cb8b45f3ab448122	
S-W06-R00047	SUSTAINED_READ	GET	/api/trace/v3/exploration/scopes	200	200	PASS	3.868959	707	41e92088169e46435c20c42666bd8c6f967b2292c06887856eadbbc478d6c5ba	
S-W06-R00048	SUSTAINED_READ	GET	/api/trace/v3/exploration/transitions	200	200	PASS	11.075916	712	b56a5b695427007bb25f80c4ceb9393c99d446a32a7202993082b002e2b836c1	
S-W06-R00049	SUSTAINED_READ	GET	/api/trace/v3/exploration/workflows	200	200	PASS	2.380958	710	de531bba5fb596fa2cabaf6f85964fce9b235e1696e6da98ba6a287aebd129c5	
S-W07-R00000	SUSTAINED_READ	GET	/api/trace/v3/exploration/concepts	200	200	PASS	2.963625	709	e868697ef6929bb232c46bc4900fea0a65999ee7b3012bc6d31c9f3b7011f002	
S-W07-R00001	SUSTAINED_READ	GET	/api/trace/v3/exploration/exports	200	200	PASS	2.185875	708	0c76ad647e7a38cfe75d0185b0343abb847a0f5835903d30bd680c78a0d5a8e8	
S-W07-R00002	SUSTAINED_READ	GET	/api/trace/v3/exploration/incidences	200	200	PASS	13.908833	711	66defbdbbce3dbe5717864f006dac588011c9ed4f3631c259468f3cdaca99325	
S-W07-R00003	SUSTAINED_READ	GET	/api/trace/v3/exploration/navigation-states	200	200	PASS	2.082625	718	f0f645ac4f89bbf8b653d376f1e8962f8f76aa12d51a06b8cb8b45f3ab448122	
S-W07-R00004	SUSTAINED_READ	GET	/api/trace/v3/exploration/scopes	200	200	PASS	7.646417	707	41e92088169e46435c20c42666bd8c6f967b2292c06887856eadbbc478d6c5ba	
S-W07-R00005	SUSTAINED_READ	GET	/api/trace/v3/exploration/transitions	200	200	PASS	7.707291	712	b56a5b695427007bb25f80c4ceb9393c99d446a32a7202993082b002e2b836c1	
S-W07-R00006	SUSTAINED_READ	GET	/api/trace/v3/exploration/workflows	200	200	PASS	3.386000	710	de531bba5fb596fa2cabaf6f85964fce9b235e1696e6da98ba6a287aebd129c5	
S-W07-R00007	SUSTAINED_READ	GET	/api/trace/v3/exploration/association-realizations	200	200	PASS	3.029084	725	2055daed0bcf6b8683685111e1a08e80f77c46c3c857699a40af3bee93d456d1	
S-W07-R00008	SUSTAINED_READ	GET	/api/trace/v3/exploration/associations	200	200	PASS	4.958667	713	112656881141e3e6fe08e84889d751d97594a486f7395a82fa0259bf56e1e546	
S-W07-R00009	SUSTAINED_READ	GET	/api/trace/v3/exploration/baseline/reconciliation	200	200	PASS	5.788167	2189	b47499950063363bb5f9ab4fc5980ba0456e03891bd08b3812dfbecadb42775b	
S-W07-R00010	SUSTAINED_READ	GET	/api/trace/v3/exploration/capabilities	200	200	PASS	5.471334	3161	45893bee2ee38d5b79f1060c05c65fed9715a572368a3ddcf339afaf2f9cc33a	
S-W07-R00011	SUSTAINED_READ	GET	/api/trace/v3/exploration/composition-coherence-reviews	200	200	PASS	5.228875	730	8c9d2305760164516c357a83df743c9bbf90641939f104481c3a9da17377b9a7	
S-W07-R00012	SUSTAINED_READ	GET	/api/trace/v3/exploration/compositions	200	200	PASS	8.005417	713	f24bf8431d2e48ebf0ea9bf33a2e75f5a59b2a37a40dc09fca99db228c4c53cd	
S-W07-R00013	SUSTAINED_READ	GET	/api/trace/v3/exploration/concept-senses	200	200	PASS	6.792625	715	31f3e8c824758ad9bc595bf0d5b335f902933b1d04fee360bf36e3a292dd2676	
S-W07-R00014	SUSTAINED_READ	GET	/api/trace/v3/exploration/concepts	200	200	PASS	11.758500	709	e868697ef6929bb232c46bc4900fea0a65999ee7b3012bc6d31c9f3b7011f002	
S-W07-R00015	SUSTAINED_READ	GET	/api/trace/v3/exploration/exports	200	200	PASS	4.716500	708	0c76ad647e7a38cfe75d0185b0343abb847a0f5835903d30bd680c78a0d5a8e8	
S-W07-R00016	SUSTAINED_READ	GET	/api/trace/v3/exploration/incidences	200	200	PASS	3.867541	711	66defbdbbce3dbe5717864f006dac588011c9ed4f3631c259468f3cdaca99325	
S-W07-R00017	SUSTAINED_READ	GET	/api/trace/v3/exploration/navigation-states	200	200	PASS	3.251375	718	f0f645ac4f89bbf8b653d376f1e8962f8f76aa12d51a06b8cb8b45f3ab448122	
S-W07-R00018	SUSTAINED_READ	GET	/api/trace/v3/exploration/scopes	200	200	PASS	5.128958	707	41e92088169e46435c20c42666bd8c6f967b2292c06887856eadbbc478d6c5ba	
S-W07-R00019	SUSTAINED_READ	GET	/api/trace/v3/exploration/transitions	200	200	PASS	15.232375	712	b56a5b695427007bb25f80c4ceb9393c99d446a32a7202993082b002e2b836c1	
S-W07-R00020	SUSTAINED_READ	GET	/api/trace/v3/exploration/workflows	200	200	PASS	12.243375	710	de531bba5fb596fa2cabaf6f85964fce9b235e1696e6da98ba6a287aebd129c5	
S-W07-R00021	SUSTAINED_READ	GET	/api/trace/v3/exploration/association-realizations	200	200	PASS	4.197458	725	2055daed0bcf6b8683685111e1a08e80f77c46c3c857699a40af3bee93d456d1	
S-W07-R00022	SUSTAINED_READ	GET	/api/trace/v3/exploration/associations	200	200	PASS	6.698959	713	112656881141e3e6fe08e84889d751d97594a486f7395a82fa0259bf56e1e546	
S-W07-R00023	SUSTAINED_READ	GET	/api/trace/v3/exploration/baseline/reconciliation	200	200	PASS	9.909792	2189	b47499950063363bb5f9ab4fc5980ba0456e03891bd08b3812dfbecadb42775b	
S-W07-R00024	SUSTAINED_READ	GET	/api/trace/v3/exploration/capabilities	200	200	PASS	9.905833	3161	45893bee2ee38d5b79f1060c05c65fed9715a572368a3ddcf339afaf2f9cc33a	
S-W07-R00025	SUSTAINED_READ	GET	/api/trace/v3/exploration/composition-coherence-reviews	200	200	PASS	6.675459	730	8c9d2305760164516c357a83df743c9bbf90641939f104481c3a9da17377b9a7	
S-W07-R00026	SUSTAINED_READ	GET	/api/trace/v3/exploration/compositions	200	200	PASS	4.997583	713	f24bf8431d2e48ebf0ea9bf33a2e75f5a59b2a37a40dc09fca99db228c4c53cd	
S-W07-R00027	SUSTAINED_READ	GET	/api/trace/v3/exploration/concept-senses	200	200	PASS	5.373375	715	31f3e8c824758ad9bc595bf0d5b335f902933b1d04fee360bf36e3a292dd2676	
S-W07-R00028	SUSTAINED_READ	GET	/api/trace/v3/exploration/concepts	200	200	PASS	4.661792	709	e868697ef6929bb232c46bc4900fea0a65999ee7b3012bc6d31c9f3b7011f002	
S-W07-R00029	SUSTAINED_READ	GET	/api/trace/v3/exploration/exports	200	200	PASS	3.984541	708	0c76ad647e7a38cfe75d0185b0343abb847a0f5835903d30bd680c78a0d5a8e8	
S-W07-R00030	SUSTAINED_READ	GET	/api/trace/v3/exploration/incidences	200	200	PASS	6.693709	711	66defbdbbce3dbe5717864f006dac588011c9ed4f3631c259468f3cdaca99325	
S-W07-R00031	SUSTAINED_READ	GET	/api/trace/v3/exploration/navigation-states	200	200	PASS	1.991542	718	f0f645ac4f89bbf8b653d376f1e8962f8f76aa12d51a06b8cb8b45f3ab448122	
S-W07-R00032	SUSTAINED_READ	GET	/api/trace/v3/exploration/scopes	200	200	PASS	5.966750	707	41e92088169e46435c20c42666bd8c6f967b2292c06887856eadbbc478d6c5ba	
S-W07-R00033	SUSTAINED_READ	GET	/api/trace/v3/exploration/transitions	200	200	PASS	5.323875	712	b56a5b695427007bb25f80c4ceb9393c99d446a32a7202993082b002e2b836c1	
S-W07-R00034	SUSTAINED_READ	GET	/api/trace/v3/exploration/workflows	200	200	PASS	10.607250	710	de531bba5fb596fa2cabaf6f85964fce9b235e1696e6da98ba6a287aebd129c5	
S-W07-R00035	SUSTAINED_READ	GET	/api/trace/v3/exploration/association-realizations	200	200	PASS	3.626917	725	2055daed0bcf6b8683685111e1a08e80f77c46c3c857699a40af3bee93d456d1	
S-W07-R00036	SUSTAINED_READ	GET	/api/trace/v3/exploration/associations	200	200	PASS	5.981875	713	112656881141e3e6fe08e84889d751d97594a486f7395a82fa0259bf56e1e546	
S-W07-R00037	SUSTAINED_READ	GET	/api/trace/v3/exploration/baseline/reconciliation	200	200	PASS	10.383292	2189	b47499950063363bb5f9ab4fc5980ba0456e03891bd08b3812dfbecadb42775b	
S-W07-R00038	SUSTAINED_READ	GET	/api/trace/v3/exploration/capabilities	200	200	PASS	7.359833	3161	45893bee2ee38d5b79f1060c05c65fed9715a572368a3ddcf339afaf2f9cc33a	
S-W07-R00039	SUSTAINED_READ	GET	/api/trace/v3/exploration/composition-coherence-reviews	200	200	PASS	6.149833	730	8c9d2305760164516c357a83df743c9bbf90641939f104481c3a9da17377b9a7	
S-W07-R00040	SUSTAINED_READ	GET	/api/trace/v3/exploration/compositions	200	200	PASS	4.758708	713	f24bf8431d2e48ebf0ea9bf33a2e75f5a59b2a37a40dc09fca99db228c4c53cd	
S-W07-R00041	SUSTAINED_READ	GET	/api/trace/v3/exploration/concept-senses	200	200	PASS	9.020667	715	31f3e8c824758ad9bc595bf0d5b335f902933b1d04fee360bf36e3a292dd2676	
S-W07-R00042	SUSTAINED_READ	GET	/api/trace/v3/exploration/concepts	200	200	PASS	11.603958	709	e868697ef6929bb232c46bc4900fea0a65999ee7b3012bc6d31c9f3b7011f002	
S-W07-R00043	SUSTAINED_READ	GET	/api/trace/v3/exploration/exports	200	200	PASS	4.784166	708	0c76ad647e7a38cfe75d0185b0343abb847a0f5835903d30bd680c78a0d5a8e8	
S-W07-R00044	SUSTAINED_READ	GET	/api/trace/v3/exploration/incidences	200	200	PASS	7.279209	711	66defbdbbce3dbe5717864f006dac588011c9ed4f3631c259468f3cdaca99325	
S-W07-R00045	SUSTAINED_READ	GET	/api/trace/v3/exploration/navigation-states	200	200	PASS	13.585333	718	f0f645ac4f89bbf8b653d376f1e8962f8f76aa12d51a06b8cb8b45f3ab448122	
S-W07-R00046	SUSTAINED_READ	GET	/api/trace/v3/exploration/scopes	200	200	PASS	7.651500	707	41e92088169e46435c20c42666bd8c6f967b2292c06887856eadbbc478d6c5ba	
S-W07-R00047	SUSTAINED_READ	GET	/api/trace/v3/exploration/transitions	200	200	PASS	4.442666	712	b56a5b695427007bb25f80c4ceb9393c99d446a32a7202993082b002e2b836c1	
S-W07-R00048	SUSTAINED_READ	GET	/api/trace/v3/exploration/workflows	200	200	PASS	5.989208	710	de531bba5fb596fa2cabaf6f85964fce9b235e1696e6da98ba6a287aebd129c5	
S-W07-R00049	SUSTAINED_READ	GET	/api/trace/v3/exploration/association-realizations	200	200	PASS	4.251667	725	2055daed0bcf6b8683685111e1a08e80f77c46c3c857699a40af3bee93d456d1	
S-W08-R00000	SUSTAINED_READ	GET	/api/trace/v3/exploration/exports	200	200	PASS	11.726000	708	0c76ad647e7a38cfe75d0185b0343abb847a0f5835903d30bd680c78a0d5a8e8	
S-W08-R00001	SUSTAINED_READ	GET	/api/trace/v3/exploration/incidences	200	200	PASS	4.987667	711	66defbdbbce3dbe5717864f006dac588011c9ed4f3631c259468f3cdaca99325	
S-W08-R00002	SUSTAINED_READ	GET	/api/trace/v3/exploration/navigation-states	200	200	PASS	13.871250	718	f0f645ac4f89bbf8b653d376f1e8962f8f76aa12d51a06b8cb8b45f3ab448122	
S-W08-R00003	SUSTAINED_READ	GET	/api/trace/v3/exploration/scopes	200	200	PASS	2.815667	707	41e92088169e46435c20c42666bd8c6f967b2292c06887856eadbbc478d6c5ba	
S-W08-R00004	SUSTAINED_READ	GET	/api/trace/v3/exploration/transitions	200	200	PASS	3.118000	712	b56a5b695427007bb25f80c4ceb9393c99d446a32a7202993082b002e2b836c1	
S-W08-R00005	SUSTAINED_READ	GET	/api/trace/v3/exploration/workflows	200	200	PASS	8.201375	710	de531bba5fb596fa2cabaf6f85964fce9b235e1696e6da98ba6a287aebd129c5	
S-W08-R00006	SUSTAINED_READ	GET	/api/trace/v3/exploration/association-realizations	200	200	PASS	4.259208	725	2055daed0bcf6b8683685111e1a08e80f77c46c3c857699a40af3bee93d456d1	
S-W08-R00007	SUSTAINED_READ	GET	/api/trace/v3/exploration/associations	200	200	PASS	6.853333	713	112656881141e3e6fe08e84889d751d97594a486f7395a82fa0259bf56e1e546	
S-W08-R00008	SUSTAINED_READ	GET	/api/trace/v3/exploration/baseline/reconciliation	200	200	PASS	8.798791	2189	b47499950063363bb5f9ab4fc5980ba0456e03891bd08b3812dfbecadb42775b	
S-W08-R00009	SUSTAINED_READ	GET	/api/trace/v3/exploration/capabilities	200	200	PASS	3.630334	3161	45893bee2ee38d5b79f1060c05c65fed9715a572368a3ddcf339afaf2f9cc33a	
S-W08-R00010	SUSTAINED_READ	GET	/api/trace/v3/exploration/composition-coherence-reviews	200	200	PASS	4.122542	730	8c9d2305760164516c357a83df743c9bbf90641939f104481c3a9da17377b9a7	
S-W08-R00011	SUSTAINED_READ	GET	/api/trace/v3/exploration/compositions	200	200	PASS	12.008042	713	f24bf8431d2e48ebf0ea9bf33a2e75f5a59b2a37a40dc09fca99db228c4c53cd	
S-W08-R00012	SUSTAINED_READ	GET	/api/trace/v3/exploration/concept-senses	200	200	PASS	7.037417	715	31f3e8c824758ad9bc595bf0d5b335f902933b1d04fee360bf36e3a292dd2676	
S-W08-R00013	SUSTAINED_READ	GET	/api/trace/v3/exploration/concepts	200	200	PASS	8.802042	709	e868697ef6929bb232c46bc4900fea0a65999ee7b3012bc6d31c9f3b7011f002	
S-W08-R00014	SUSTAINED_READ	GET	/api/trace/v3/exploration/exports	200	200	PASS	8.280500	708	0c76ad647e7a38cfe75d0185b0343abb847a0f5835903d30bd680c78a0d5a8e8	
S-W08-R00015	SUSTAINED_READ	GET	/api/trace/v3/exploration/incidences	200	200	PASS	5.770333	711	66defbdbbce3dbe5717864f006dac588011c9ed4f3631c259468f3cdaca99325	
S-W08-R00016	SUSTAINED_READ	GET	/api/trace/v3/exploration/navigation-states	200	200	PASS	2.343292	718	f0f645ac4f89bbf8b653d376f1e8962f8f76aa12d51a06b8cb8b45f3ab448122	
S-W08-R00017	SUSTAINED_READ	GET	/api/trace/v3/exploration/scopes	200	200	PASS	4.918917	707	41e92088169e46435c20c42666bd8c6f967b2292c06887856eadbbc478d6c5ba	
S-W08-R00018	SUSTAINED_READ	GET	/api/trace/v3/exploration/transitions	200	200	PASS	4.892833	712	b56a5b695427007bb25f80c4ceb9393c99d446a32a7202993082b002e2b836c1	
S-W08-R00019	SUSTAINED_READ	GET	/api/trace/v3/exploration/workflows	200	200	PASS	13.104333	710	de531bba5fb596fa2cabaf6f85964fce9b235e1696e6da98ba6a287aebd129c5	
S-W08-R00020	SUSTAINED_READ	GET	/api/trace/v3/exploration/association-realizations	200	200	PASS	8.738625	725	2055daed0bcf6b8683685111e1a08e80f77c46c3c857699a40af3bee93d456d1	
S-W08-R00021	SUSTAINED_READ	GET	/api/trace/v3/exploration/associations	200	200	PASS	5.204166	713	112656881141e3e6fe08e84889d751d97594a486f7395a82fa0259bf56e1e546	
S-W08-R00022	SUSTAINED_READ	GET	/api/trace/v3/exploration/baseline/reconciliation	200	200	PASS	10.724667	2189	b47499950063363bb5f9ab4fc5980ba0456e03891bd08b3812dfbecadb42775b	
S-W08-R00023	SUSTAINED_READ	GET	/api/trace/v3/exploration/capabilities	200	200	PASS	8.101291	3161	45893bee2ee38d5b79f1060c05c65fed9715a572368a3ddcf339afaf2f9cc33a	
S-W08-R00024	SUSTAINED_READ	GET	/api/trace/v3/exploration/composition-coherence-reviews	200	200	PASS	7.750083	730	8c9d2305760164516c357a83df743c9bbf90641939f104481c3a9da17377b9a7	
S-W08-R00025	SUSTAINED_READ	GET	/api/trace/v3/exploration/compositions	200	200	PASS	3.294416	713	f24bf8431d2e48ebf0ea9bf33a2e75f5a59b2a37a40dc09fca99db228c4c53cd	
S-W08-R00026	SUSTAINED_READ	GET	/api/trace/v3/exploration/concept-senses	200	200	PASS	10.545292	715	31f3e8c824758ad9bc595bf0d5b335f902933b1d04fee360bf36e3a292dd2676	
S-W08-R00027	SUSTAINED_READ	GET	/api/trace/v3/exploration/concepts	200	200	PASS	4.380125	709	e868697ef6929bb232c46bc4900fea0a65999ee7b3012bc6d31c9f3b7011f002	
S-W08-R00028	SUSTAINED_READ	GET	/api/trace/v3/exploration/exports	200	200	PASS	8.719625	708	0c76ad647e7a38cfe75d0185b0343abb847a0f5835903d30bd680c78a0d5a8e8	
S-W08-R00029	SUSTAINED_READ	GET	/api/trace/v3/exploration/incidences	200	200	PASS	7.267583	711	66defbdbbce3dbe5717864f006dac588011c9ed4f3631c259468f3cdaca99325	
S-W08-R00030	SUSTAINED_READ	GET	/api/trace/v3/exploration/navigation-states	200	200	PASS	4.527834	718	f0f645ac4f89bbf8b653d376f1e8962f8f76aa12d51a06b8cb8b45f3ab448122	
S-W08-R00031	SUSTAINED_READ	GET	/api/trace/v3/exploration/scopes	200	200	PASS	1.425125	707	41e92088169e46435c20c42666bd8c6f967b2292c06887856eadbbc478d6c5ba	
S-W08-R00032	SUSTAINED_READ	GET	/api/trace/v3/exploration/transitions	200	200	PASS	7.113709	712	b56a5b695427007bb25f80c4ceb9393c99d446a32a7202993082b002e2b836c1	
S-W08-R00033	SUSTAINED_READ	GET	/api/trace/v3/exploration/workflows	200	200	PASS	3.073834	710	de531bba5fb596fa2cabaf6f85964fce9b235e1696e6da98ba6a287aebd129c5	
S-W08-R00034	SUSTAINED_READ	GET	/api/trace/v3/exploration/association-realizations	200	200	PASS	2.967916	725	2055daed0bcf6b8683685111e1a08e80f77c46c3c857699a40af3bee93d456d1	
S-W08-R00035	SUSTAINED_READ	GET	/api/trace/v3/exploration/associations	200	200	PASS	4.164917	713	112656881141e3e6fe08e84889d751d97594a486f7395a82fa0259bf56e1e546	
S-W08-R00036	SUSTAINED_READ	GET	/api/trace/v3/exploration/baseline/reconciliation	200	200	PASS	8.262792	2189	b47499950063363bb5f9ab4fc5980ba0456e03891bd08b3812dfbecadb42775b	
S-W08-R00037	SUSTAINED_READ	GET	/api/trace/v3/exploration/capabilities	200	200	PASS	6.549041	3161	45893bee2ee38d5b79f1060c05c65fed9715a572368a3ddcf339afaf2f9cc33a	
S-W08-R00038	SUSTAINED_READ	GET	/api/trace/v3/exploration/composition-coherence-reviews	200	200	PASS	4.856583	730	8c9d2305760164516c357a83df743c9bbf90641939f104481c3a9da17377b9a7	
S-W08-R00039	SUSTAINED_READ	GET	/api/trace/v3/exploration/compositions	200	200	PASS	8.949500	713	f24bf8431d2e48ebf0ea9bf33a2e75f5a59b2a37a40dc09fca99db228c4c53cd	
S-W08-R00040	SUSTAINED_READ	GET	/api/trace/v3/exploration/concept-senses	200	200	PASS	7.493416	715	31f3e8c824758ad9bc595bf0d5b335f902933b1d04fee360bf36e3a292dd2676	
S-W08-R00041	SUSTAINED_READ	GET	/api/trace/v3/exploration/concepts	200	200	PASS	12.391416	709	e868697ef6929bb232c46bc4900fea0a65999ee7b3012bc6d31c9f3b7011f002	
S-W08-R00042	SUSTAINED_READ	GET	/api/trace/v3/exploration/exports	200	200	PASS	19.636875	708	0c76ad647e7a38cfe75d0185b0343abb847a0f5835903d30bd680c78a0d5a8e8	
S-W08-R00043	SUSTAINED_READ	GET	/api/trace/v3/exploration/incidences	200	200	PASS	9.026500	711	66defbdbbce3dbe5717864f006dac588011c9ed4f3631c259468f3cdaca99325	
S-W08-R00044	SUSTAINED_READ	GET	/api/trace/v3/exploration/navigation-states	200	200	PASS	2.152292	718	f0f645ac4f89bbf8b653d376f1e8962f8f76aa12d51a06b8cb8b45f3ab448122	
S-W08-R00045	SUSTAINED_READ	GET	/api/trace/v3/exploration/scopes	200	200	PASS	15.399125	707	41e92088169e46435c20c42666bd8c6f967b2292c06887856eadbbc478d6c5ba	
S-W08-R00046	SUSTAINED_READ	GET	/api/trace/v3/exploration/transitions	200	200	PASS	7.069084	712	b56a5b695427007bb25f80c4ceb9393c99d446a32a7202993082b002e2b836c1	
S-W08-R00047	SUSTAINED_READ	GET	/api/trace/v3/exploration/workflows	200	200	PASS	6.930958	710	de531bba5fb596fa2cabaf6f85964fce9b235e1696e6da98ba6a287aebd129c5	
S-W08-R00048	SUSTAINED_READ	GET	/api/trace/v3/exploration/association-realizations	200	200	PASS	6.592167	725	2055daed0bcf6b8683685111e1a08e80f77c46c3c857699a40af3bee93d456d1	
S-W08-R00049	SUSTAINED_READ	GET	/api/trace/v3/exploration/associations	200	200	PASS	3.258125	713	112656881141e3e6fe08e84889d751d97594a486f7395a82fa0259bf56e1e546	
S-W09-R00000	SUSTAINED_READ	GET	/api/trace/v3/exploration/incidences	200	200	PASS	5.573500	711	66defbdbbce3dbe5717864f006dac588011c9ed4f3631c259468f3cdaca99325	
S-W09-R00001	SUSTAINED_READ	GET	/api/trace/v3/exploration/navigation-states	200	200	PASS	6.028083	718	f0f645ac4f89bbf8b653d376f1e8962f8f76aa12d51a06b8cb8b45f3ab448122	
S-W09-R00002	SUSTAINED_READ	GET	/api/trace/v3/exploration/scopes	200	200	PASS	13.121708	707	41e92088169e46435c20c42666bd8c6f967b2292c06887856eadbbc478d6c5ba	
S-W09-R00003	SUSTAINED_READ	GET	/api/trace/v3/exploration/transitions	200	200	PASS	6.415584	712	b56a5b695427007bb25f80c4ceb9393c99d446a32a7202993082b002e2b836c1	
S-W09-R00004	SUSTAINED_READ	GET	/api/trace/v3/exploration/workflows	200	200	PASS	3.722416	710	de531bba5fb596fa2cabaf6f85964fce9b235e1696e6da98ba6a287aebd129c5	
S-W09-R00005	SUSTAINED_READ	GET	/api/trace/v3/exploration/association-realizations	200	200	PASS	5.610667	725	2055daed0bcf6b8683685111e1a08e80f77c46c3c857699a40af3bee93d456d1	
S-W09-R00006	SUSTAINED_READ	GET	/api/trace/v3/exploration/associations	200	200	PASS	6.727917	713	112656881141e3e6fe08e84889d751d97594a486f7395a82fa0259bf56e1e546	
S-W09-R00007	SUSTAINED_READ	GET	/api/trace/v3/exploration/baseline/reconciliation	200	200	PASS	8.727041	2189	b47499950063363bb5f9ab4fc5980ba0456e03891bd08b3812dfbecadb42775b	
S-W09-R00008	SUSTAINED_READ	GET	/api/trace/v3/exploration/capabilities	200	200	PASS	11.060750	3161	45893bee2ee38d5b79f1060c05c65fed9715a572368a3ddcf339afaf2f9cc33a	
S-W09-R00009	SUSTAINED_READ	GET	/api/trace/v3/exploration/composition-coherence-reviews	200	200	PASS	5.712958	730	8c9d2305760164516c357a83df743c9bbf90641939f104481c3a9da17377b9a7	
S-W09-R00010	SUSTAINED_READ	GET	/api/trace/v3/exploration/compositions	200	200	PASS	6.271750	713	f24bf8431d2e48ebf0ea9bf33a2e75f5a59b2a37a40dc09fca99db228c4c53cd	
S-W09-R00011	SUSTAINED_READ	GET	/api/trace/v3/exploration/concept-senses	200	200	PASS	4.927208	715	31f3e8c824758ad9bc595bf0d5b335f902933b1d04fee360bf36e3a292dd2676	
S-W09-R00012	SUSTAINED_READ	GET	/api/trace/v3/exploration/concepts	200	200	PASS	9.956792	709	e868697ef6929bb232c46bc4900fea0a65999ee7b3012bc6d31c9f3b7011f002	
S-W09-R00013	SUSTAINED_READ	GET	/api/trace/v3/exploration/exports	200	200	PASS	9.526000	708	0c76ad647e7a38cfe75d0185b0343abb847a0f5835903d30bd680c78a0d5a8e8	
S-W09-R00014	SUSTAINED_READ	GET	/api/trace/v3/exploration/incidences	200	200	PASS	11.419583	711	66defbdbbce3dbe5717864f006dac588011c9ed4f3631c259468f3cdaca99325	
S-W09-R00015	SUSTAINED_READ	GET	/api/trace/v3/exploration/navigation-states	200	200	PASS	5.201250	718	f0f645ac4f89bbf8b653d376f1e8962f8f76aa12d51a06b8cb8b45f3ab448122	
S-W09-R00016	SUSTAINED_READ	GET	/api/trace/v3/exploration/scopes	200	200	PASS	7.704417	707	41e92088169e46435c20c42666bd8c6f967b2292c06887856eadbbc478d6c5ba	
S-W09-R00017	SUSTAINED_READ	GET	/api/trace/v3/exploration/transitions	200	200	PASS	4.197292	712	b56a5b695427007bb25f80c4ceb9393c99d446a32a7202993082b002e2b836c1	
S-W09-R00018	SUSTAINED_READ	GET	/api/trace/v3/exploration/workflows	200	200	PASS	5.342959	710	de531bba5fb596fa2cabaf6f85964fce9b235e1696e6da98ba6a287aebd129c5	
S-W09-R00019	SUSTAINED_READ	GET	/api/trace/v3/exploration/association-realizations	200	200	PASS	13.029958	725	2055daed0bcf6b8683685111e1a08e80f77c46c3c857699a40af3bee93d456d1	
S-W09-R00020	SUSTAINED_READ	GET	/api/trace/v3/exploration/associations	200	200	PASS	7.128416	713	112656881141e3e6fe08e84889d751d97594a486f7395a82fa0259bf56e1e546	
S-W09-R00021	SUSTAINED_READ	GET	/api/trace/v3/exploration/baseline/reconciliation	200	200	PASS	3.015500	2189	b47499950063363bb5f9ab4fc5980ba0456e03891bd08b3812dfbecadb42775b	
S-W09-R00022	SUSTAINED_READ	GET	/api/trace/v3/exploration/capabilities	200	200	PASS	7.865458	3161	45893bee2ee38d5b79f1060c05c65fed9715a572368a3ddcf339afaf2f9cc33a	
S-W09-R00023	SUSTAINED_READ	GET	/api/trace/v3/exploration/composition-coherence-reviews	200	200	PASS	10.143375	730	8c9d2305760164516c357a83df743c9bbf90641939f104481c3a9da17377b9a7	
S-W09-R00024	SUSTAINED_READ	GET	/api/trace/v3/exploration/compositions	200	200	PASS	9.372666	713	f24bf8431d2e48ebf0ea9bf33a2e75f5a59b2a37a40dc09fca99db228c4c53cd	
S-W09-R00025	SUSTAINED_READ	GET	/api/trace/v3/exploration/concept-senses	200	200	PASS	7.256250	715	31f3e8c824758ad9bc595bf0d5b335f902933b1d04fee360bf36e3a292dd2676	
S-W09-R00026	SUSTAINED_READ	GET	/api/trace/v3/exploration/concepts	200	200	PASS	2.442875	709	e868697ef6929bb232c46bc4900fea0a65999ee7b3012bc6d31c9f3b7011f002	
S-W09-R00027	SUSTAINED_READ	GET	/api/trace/v3/exploration/exports	200	200	PASS	11.386875	708	0c76ad647e7a38cfe75d0185b0343abb847a0f5835903d30bd680c78a0d5a8e8	
S-W09-R00028	SUSTAINED_READ	GET	/api/trace/v3/exploration/incidences	200	200	PASS	5.708542	711	66defbdbbce3dbe5717864f006dac588011c9ed4f3631c259468f3cdaca99325	
S-W09-R00029	SUSTAINED_READ	GET	/api/trace/v3/exploration/navigation-states	200	200	PASS	3.680125	718	f0f645ac4f89bbf8b653d376f1e8962f8f76aa12d51a06b8cb8b45f3ab448122	
S-W09-R00030	SUSTAINED_READ	GET	/api/trace/v3/exploration/scopes	200	200	PASS	9.021375	707	41e92088169e46435c20c42666bd8c6f967b2292c06887856eadbbc478d6c5ba	
S-W09-R00031	SUSTAINED_READ	GET	/api/trace/v3/exploration/transitions	200	200	PASS	2.436750	712	b56a5b695427007bb25f80c4ceb9393c99d446a32a7202993082b002e2b836c1	
S-W09-R00032	SUSTAINED_READ	GET	/api/trace/v3/exploration/workflows	200	200	PASS	3.846625	710	de531bba5fb596fa2cabaf6f85964fce9b235e1696e6da98ba6a287aebd129c5	
S-W09-R00033	SUSTAINED_READ	GET	/api/trace/v3/exploration/association-realizations	200	200	PASS	6.467500	725	2055daed0bcf6b8683685111e1a08e80f77c46c3c857699a40af3bee93d456d1	
S-W09-R00034	SUSTAINED_READ	GET	/api/trace/v3/exploration/associations	200	200	PASS	4.986875	713	112656881141e3e6fe08e84889d751d97594a486f7395a82fa0259bf56e1e546	
S-W09-R00035	SUSTAINED_READ	GET	/api/trace/v3/exploration/baseline/reconciliation	200	200	PASS	4.846750	2189	b47499950063363bb5f9ab4fc5980ba0456e03891bd08b3812dfbecadb42775b	
S-W09-R00036	SUSTAINED_READ	GET	/api/trace/v3/exploration/capabilities	200	200	PASS	3.966584	3161	45893bee2ee38d5b79f1060c05c65fed9715a572368a3ddcf339afaf2f9cc33a	
S-W09-R00037	SUSTAINED_READ	GET	/api/trace/v3/exploration/composition-coherence-reviews	200	200	PASS	6.041417	730	8c9d2305760164516c357a83df743c9bbf90641939f104481c3a9da17377b9a7	
S-W09-R00038	SUSTAINED_READ	GET	/api/trace/v3/exploration/compositions	200	200	PASS	5.375041	713	f24bf8431d2e48ebf0ea9bf33a2e75f5a59b2a37a40dc09fca99db228c4c53cd	
S-W09-R00039	SUSTAINED_READ	GET	/api/trace/v3/exploration/concept-senses	200	200	PASS	9.671084	715	31f3e8c824758ad9bc595bf0d5b335f902933b1d04fee360bf36e3a292dd2676	
S-W09-R00040	SUSTAINED_READ	GET	/api/trace/v3/exploration/concepts	200	200	PASS	3.088875	709	e868697ef6929bb232c46bc4900fea0a65999ee7b3012bc6d31c9f3b7011f002	
S-W09-R00041	SUSTAINED_READ	GET	/api/trace/v3/exploration/exports	200	200	PASS	9.531834	708	0c76ad647e7a38cfe75d0185b0343abb847a0f5835903d30bd680c78a0d5a8e8	
S-W09-R00042	SUSTAINED_READ	GET	/api/trace/v3/exploration/incidences	200	200	PASS	17.986375	711	66defbdbbce3dbe5717864f006dac588011c9ed4f3631c259468f3cdaca99325	
S-W09-R00043	SUSTAINED_READ	GET	/api/trace/v3/exploration/navigation-states	200	200	PASS	7.141042	718	f0f645ac4f89bbf8b653d376f1e8962f8f76aa12d51a06b8cb8b45f3ab448122	
S-W09-R00044	SUSTAINED_READ	GET	/api/trace/v3/exploration/scopes	200	200	PASS	6.378208	707	41e92088169e46435c20c42666bd8c6f967b2292c06887856eadbbc478d6c5ba	
S-W09-R00045	SUSTAINED_READ	GET	/api/trace/v3/exploration/transitions	200	200	PASS	11.489250	712	b56a5b695427007bb25f80c4ceb9393c99d446a32a7202993082b002e2b836c1	
S-W09-R00046	SUSTAINED_READ	GET	/api/trace/v3/exploration/workflows	200	200	PASS	8.740458	710	de531bba5fb596fa2cabaf6f85964fce9b235e1696e6da98ba6a287aebd129c5	
S-W09-R00047	SUSTAINED_READ	GET	/api/trace/v3/exploration/association-realizations	200	200	PASS	5.513750	725	2055daed0bcf6b8683685111e1a08e80f77c46c3c857699a40af3bee93d456d1	
S-W09-R00048	SUSTAINED_READ	GET	/api/trace/v3/exploration/associations	200	200	PASS	5.324708	713	112656881141e3e6fe08e84889d751d97594a486f7395a82fa0259bf56e1e546	
S-W09-R00049	SUSTAINED_READ	GET	/api/trace/v3/exploration/baseline/reconciliation	200	200	PASS	4.231458	2189	b47499950063363bb5f9ab4fc5980ba0456e03891bd08b3812dfbecadb42775b	
