association_subgraph_id	association_subgraph_hash	node_ids	association_ids	round14_assessment_ids	node_count	edge_count	maximal_induced_for_node_set	topology_family	decision	reason_code	topology_composition_hash	round15_fixture_id	round15_semantic_hash	round15_selected_topology	round15_admitted_count	round15_pruned_count	round15_split_count	round15_frozen_unresolved_count	adapter_unresolved
R16A-SUBGRAPH-00B971C7EB5D1624FC80	00b971c7eb5d1624fc80030adf13e1cbcf7d293e7dfabcdaa5f03ca1d56c61ac	"[""TRV:177025b0eec6e5e441b7f637224e31440c6cc60afd1d06ced1ad993d4ac8988c"",""TRV:be33e16d8f585c08bb0efe6f0df92659a22d534298639f5318d2a2580546fdcc"",""TRV:d366de58d3002458bfb404ee505621e926c518871a4caeffcdfb89b45f8112ef""]"	"[""R16A-PAIR:43fa33f1a987090224619eb68e83d246be7705f94d1b2e364bdfb2b73fc1a94f"",""R16A-PAIR:c36555188472ea5287ed70295a1b85e92e2ba9468fc703d2fe8893de3fc55a1f""]"	"[""R14-ASSOC-010"",""R14-ASSOC-012""]"	3	2	false	LINEAR_PATH	VALID	CONNECTED_TREE_MAX_DEGREE_TWO	66757a325d99cbd58b1470660843c11097249964345115ecd02ec0324e4d8c93	R16A-ENUM-0001	2639191a6c9908b21b5698e8cd45037153f1c4291e7aa95c63d6f8bfe6016d05	UNRESOLVED	2	0	0	1	false
R16A-SUBGRAPH-00B971C7EB5D1624FC80	00b971c7eb5d1624fc80030adf13e1cbcf7d293e7dfabcdaa5f03ca1d56c61ac	"[""TRV:177025b0eec6e5e441b7f637224e31440c6cc60afd1d06ced1ad993d4ac8988c"",""TRV:be33e16d8f585c08bb0efe6f0df92659a22d534298639f5318d2a2580546fdcc"",""TRV:d366de58d3002458bfb404ee505621e926c518871a4caeffcdfb89b45f8112ef""]"	"[""R16A-PAIR:43fa33f1a987090224619eb68e83d246be7705f94d1b2e364bdfb2b73fc1a94f"",""R16A-PAIR:c36555188472ea5287ed70295a1b85e92e2ba9468fc703d2fe8893de3fc55a1f""]"	"[""R14-ASSOC-010"",""R14-ASSOC-012""]"	3	2	false	BINARY_FORK	VALID	EXACT_THREE_NODE_TWO_EDGE_BINARY_SHAPE	a9529a7967d2fe590c2cc4fa249808f729d1f3b353c9c883b3ceb63e52c1f2ab	R16A-ENUM-0001	2639191a6c9908b21b5698e8cd45037153f1c4291e7aa95c63d6f8bfe6016d05	UNRESOLVED	2	0	0	1	false
R16A-SUBGRAPH-00B971C7EB5D1624FC80	00b971c7eb5d1624fc80030adf13e1cbcf7d293e7dfabcdaa5f03ca1d56c61ac	"[""TRV:177025b0eec6e5e441b7f637224e31440c6cc60afd1d06ced1ad993d4ac8988c"",""TRV:be33e16d8f585c08bb0efe6f0df92659a22d534298639f5318d2a2580546fdcc"",""TRV:d366de58d3002458bfb404ee505621e926c518871a4caeffcdfb89b45f8112ef""]"	"[""R16A-PAIR:43fa33f1a987090224619eb68e83d246be7705f94d1b2e364bdfb2b73fc1a94f"",""R16A-PAIR:c36555188472ea5287ed70295a1b85e92e2ba9468fc703d2fe8893de3fc55a1f""]"	"[""R14-ASSOC-010"",""R14-ASSOC-012""]"	3	2	false	BINARY_CONVERGENCE	VALID	EXACT_THREE_NODE_TWO_EDGE_BINARY_SHAPE	f0b83479b2ba8e71ce26c1179231fd19dbe07cfbbfd536bb56738235bf67ea3b	R16A-ENUM-0001	2639191a6c9908b21b5698e8cd45037153f1c4291e7aa95c63d6f8bfe6016d05	UNRESOLVED	2	0	0	1	false
R16A-SUBGRAPH-00B971C7EB5D1624FC80	00b971c7eb5d1624fc80030adf13e1cbcf7d293e7dfabcdaa5f03ca1d56c61ac	"[""TRV:177025b0eec6e5e441b7f637224e31440c6cc60afd1d06ced1ad993d4ac8988c"",""TRV:be33e16d8f585c08bb0efe6f0df92659a22d534298639f5318d2a2580546fdcc"",""TRV:d366de58d3002458bfb404ee505621e926c518871a4caeffcdfb89b45f8112ef""]"	"[""R16A-PAIR:43fa33f1a987090224619eb68e83d246be7705f94d1b2e364bdfb2b73fc1a94f"",""R16A-PAIR:c36555188472ea5287ed70295a1b85e92e2ba9468fc703d2fe8893de3fc55a1f""]"	"[""R14-ASSOC-010"",""R14-ASSOC-012""]"	3	2	false	QUALIFIED_PATH	INVALID	NO_EXPLICIT_GOVERNED_QUALIFICATION_GATE		R16A-ENUM-0001	2639191a6c9908b21b5698e8cd45037153f1c4291e7aa95c63d6f8bfe6016d05	UNRESOLVED	2	0	0	1	false
R16A-SUBGRAPH-00B971C7EB5D1624FC80	00b971c7eb5d1624fc80030adf13e1cbcf7d293e7dfabcdaa5f03ca1d56c61ac	"[""TRV:177025b0eec6e5e441b7f637224e31440c6cc60afd1d06ced1ad993d4ac8988c"",""TRV:be33e16d8f585c08bb0efe6f0df92659a22d534298639f5318d2a2580546fdcc"",""TRV:d366de58d3002458bfb404ee505621e926c518871a4caeffcdfb89b45f8112ef""]"	"[""R16A-PAIR:43fa33f1a987090224619eb68e83d246be7705f94d1b2e364bdfb2b73fc1a94f"",""R16A-PAIR:c36555188472ea5287ed70295a1b85e92e2ba9468fc703d2fe8893de3fc55a1f""]"	"[""R14-ASSOC-010"",""R14-ASSOC-012""]"	3	2	false	REFLEXIVE_RETURN	INVALID	NO_EXPLICIT_GOVERNED_NAVIGATION_RETURN		R16A-ENUM-0001	2639191a6c9908b21b5698e8cd45037153f1c4291e7aa95c63d6f8bfe6016d05	UNRESOLVED	2	0	0	1	false
R16A-SUBGRAPH-00B971C7EB5D1624FC80	00b971c7eb5d1624fc80030adf13e1cbcf7d293e7dfabcdaa5f03ca1d56c61ac	"[""TRV:177025b0eec6e5e441b7f637224e31440c6cc60afd1d06ced1ad993d4ac8988c"",""TRV:be33e16d8f585c08bb0efe6f0df92659a22d534298639f5318d2a2580546fdcc"",""TRV:d366de58d3002458bfb404ee505621e926c518871a4caeffcdfb89b45f8112ef""]"	"[""R16A-PAIR:43fa33f1a987090224619eb68e83d246be7705f94d1b2e364bdfb2b73fc1a94f"",""R16A-PAIR:c36555188472ea5287ed70295a1b85e92e2ba9468fc703d2fe8893de3fc55a1f""]"	"[""R14-ASSOC-010"",""R14-ASSOC-012""]"	3	2	false	EVIDENCE_GAP_TREE	INVALID	NO_EXPLICIT_GOVERNED_EVIDENCE_GAP_NODE		R16A-ENUM-0001	2639191a6c9908b21b5698e8cd45037153f1c4291e7aa95c63d6f8bfe6016d05	UNRESOLVED	2	0	0	1	false
R16A-SUBGRAPH-04642FA41A8BAECE3876	04642fa41a8baece3876cae3cd6f5113cefd4870427f14337c4e83ec70a4fefb	"[""TRV:276446ba01e3aa387c83b06f54fccc5ac65bdc6099157a2a828716eac9c6fd4d"",""TRV:303eafd7c2afb63e99e140c4ba2abd1de5f78f9e8ebbb3040b4531b6df568639"",""TRV:83a2bff84b1d599d9eed884a09666501c96224a0b3b7457699ef0be145e76e73""]"	"[""R16A-PAIR:db9e8b1d1d7e17983872e3600cd1a3ce5ae7f3c907ae70bdeafcbd0b2c6a0460"",""R16A-PAIR:f82795fcaba53ac0c255461d014e82b9e563362b645b4c65a58e27644e22c54c""]"	"[""R14-ASSOC-005"",""R14-ASSOC-009""]"	3	2	true	LINEAR_PATH	VALID	CONNECTED_TREE_MAX_DEGREE_TWO	9ef165e1d2c89f7f0f461904978c92539d7b914541c64744e5eaa82206f95cb3	R16A-ENUM-0002	4a00ebf3e0825104439dcb5a25b679e1bcdd596fcf5ce6f29c42439d0df00110	UNRESOLVED	2	0	0	1	false
R16A-SUBGRAPH-04642FA41A8BAECE3876	04642fa41a8baece3876cae3cd6f5113cefd4870427f14337c4e83ec70a4fefb	"[""TRV:276446ba01e3aa387c83b06f54fccc5ac65bdc6099157a2a828716eac9c6fd4d"",""TRV:303eafd7c2afb63e99e140c4ba2abd1de5f78f9e8ebbb3040b4531b6df568639"",""TRV:83a2bff84b1d599d9eed884a09666501c96224a0b3b7457699ef0be145e76e73""]"	"[""R16A-PAIR:db9e8b1d1d7e17983872e3600cd1a3ce5ae7f3c907ae70bdeafcbd0b2c6a0460"",""R16A-PAIR:f82795fcaba53ac0c255461d014e82b9e563362b645b4c65a58e27644e22c54c""]"	"[""R14-ASSOC-005"",""R14-ASSOC-009""]"	3	2	true	BINARY_FORK	VALID	EXACT_THREE_NODE_TWO_EDGE_BINARY_SHAPE	e6088f7fddbfbbf39fa5664abcccd1fab6b0f465821169639f9ffe0160585a8a	R16A-ENUM-0002	4a00ebf3e0825104439dcb5a25b679e1bcdd596fcf5ce6f29c42439d0df00110	UNRESOLVED	2	0	0	1	false
R16A-SUBGRAPH-04642FA41A8BAECE3876	04642fa41a8baece3876cae3cd6f5113cefd4870427f14337c4e83ec70a4fefb	"[""TRV:276446ba01e3aa387c83b06f54fccc5ac65bdc6099157a2a828716eac9c6fd4d"",""TRV:303eafd7c2afb63e99e140c4ba2abd1de5f78f9e8ebbb3040b4531b6df568639"",""TRV:83a2bff84b1d599d9eed884a09666501c96224a0b3b7457699ef0be145e76e73""]"	"[""R16A-PAIR:db9e8b1d1d7e17983872e3600cd1a3ce5ae7f3c907ae70bdeafcbd0b2c6a0460"",""R16A-PAIR:f82795fcaba53ac0c255461d014e82b9e563362b645b4c65a58e27644e22c54c""]"	"[""R14-ASSOC-005"",""R14-ASSOC-009""]"	3	2	true	BINARY_CONVERGENCE	VALID	EXACT_THREE_NODE_TWO_EDGE_BINARY_SHAPE	6893bb8c7b413553a8fe1a7e691e779b060c1d0c42e24ae7f93650af5a5bb096	R16A-ENUM-0002	4a00ebf3e0825104439dcb5a25b679e1bcdd596fcf5ce6f29c42439d0df00110	UNRESOLVED	2	0	0	1	false
R16A-SUBGRAPH-04642FA41A8BAECE3876	04642fa41a8baece3876cae3cd6f5113cefd4870427f14337c4e83ec70a4fefb	"[""TRV:276446ba01e3aa387c83b06f54fccc5ac65bdc6099157a2a828716eac9c6fd4d"",""TRV:303eafd7c2afb63e99e140c4ba2abd1de5f78f9e8ebbb3040b4531b6df568639"",""TRV:83a2bff84b1d599d9eed884a09666501c96224a0b3b7457699ef0be145e76e73""]"	"[""R16A-PAIR:db9e8b1d1d7e17983872e3600cd1a3ce5ae7f3c907ae70bdeafcbd0b2c6a0460"",""R16A-PAIR:f82795fcaba53ac0c255461d014e82b9e563362b645b4c65a58e27644e22c54c""]"	"[""R14-ASSOC-005"",""R14-ASSOC-009""]"	3	2	true	QUALIFIED_PATH	INVALID	NO_EXPLICIT_GOVERNED_QUALIFICATION_GATE		R16A-ENUM-0002	4a00ebf3e0825104439dcb5a25b679e1bcdd596fcf5ce6f29c42439d0df00110	UNRESOLVED	2	0	0	1	false
R16A-SUBGRAPH-04642FA41A8BAECE3876	04642fa41a8baece3876cae3cd6f5113cefd4870427f14337c4e83ec70a4fefb	"[""TRV:276446ba01e3aa387c83b06f54fccc5ac65bdc6099157a2a828716eac9c6fd4d"",""TRV:303eafd7c2afb63e99e140c4ba2abd1de5f78f9e8ebbb3040b4531b6df568639"",""TRV:83a2bff84b1d599d9eed884a09666501c96224a0b3b7457699ef0be145e76e73""]"	"[""R16A-PAIR:db9e8b1d1d7e17983872e3600cd1a3ce5ae7f3c907ae70bdeafcbd0b2c6a0460"",""R16A-PAIR:f82795fcaba53ac0c255461d014e82b9e563362b645b4c65a58e27644e22c54c""]"	"[""R14-ASSOC-005"",""R14-ASSOC-009""]"	3	2	true	REFLEXIVE_RETURN	INVALID	NO_EXPLICIT_GOVERNED_NAVIGATION_RETURN		R16A-ENUM-0002	4a00ebf3e0825104439dcb5a25b679e1bcdd596fcf5ce6f29c42439d0df00110	UNRESOLVED	2	0	0	1	false
R16A-SUBGRAPH-04642FA41A8BAECE3876	04642fa41a8baece3876cae3cd6f5113cefd4870427f14337c4e83ec70a4fefb	"[""TRV:276446ba01e3aa387c83b06f54fccc5ac65bdc6099157a2a828716eac9c6fd4d"",""TRV:303eafd7c2afb63e99e140c4ba2abd1de5f78f9e8ebbb3040b4531b6df568639"",""TRV:83a2bff84b1d599d9eed884a09666501c96224a0b3b7457699ef0be145e76e73""]"	"[""R16A-PAIR:db9e8b1d1d7e17983872e3600cd1a3ce5ae7f3c907ae70bdeafcbd0b2c6a0460"",""R16A-PAIR:f82795fcaba53ac0c255461d014e82b9e563362b645b4c65a58e27644e22c54c""]"	"[""R14-ASSOC-005"",""R14-ASSOC-009""]"	3	2	true	EVIDENCE_GAP_TREE	INVALID	NO_EXPLICIT_GOVERNED_EVIDENCE_GAP_NODE		R16A-ENUM-0002	4a00ebf3e0825104439dcb5a25b679e1bcdd596fcf5ce6f29c42439d0df00110	UNRESOLVED	2	0	0	1	false
R16A-SUBGRAPH-0A2E4153F4C4551023C1	0a2e4153f4c4551023c16f5347a1bdf195d05d29cc1b750fc0c555f9bfc512a3	"[""TRV:303eafd7c2afb63e99e140c4ba2abd1de5f78f9e8ebbb3040b4531b6df568639"",""TRV:c82d3d4865e41e2a263ff0427c4df2b8e3e43a85c835404d033d764468b3ba55""]"	"[""R16A-PAIR:2ea00c84f44e9da21aae78f742f5cf6cba09fee7e94d77ff3420dc07dd64cbb5""]"	"[""R14-ASSOC-006""]"	2	1	true	LINEAR_PATH	VALID	CONNECTED_TREE_MAX_DEGREE_TWO	d571ad3c0df3185e95cbefa1504a62a0492c926f20c9880dbb6ab9bd0c70380f	R16A-ENUM-0003	7003f146751d07ff619f167f8f1823808665617f947d09f2308c373f6e4a4e8b	LINEAR_PATH	1	0	0	0	false
R16A-SUBGRAPH-0A2E4153F4C4551023C1	0a2e4153f4c4551023c16f5347a1bdf195d05d29cc1b750fc0c555f9bfc512a3	"[""TRV:303eafd7c2afb63e99e140c4ba2abd1de5f78f9e8ebbb3040b4531b6df568639"",""TRV:c82d3d4865e41e2a263ff0427c4df2b8e3e43a85c835404d033d764468b3ba55""]"	"[""R16A-PAIR:2ea00c84f44e9da21aae78f742f5cf6cba09fee7e94d77ff3420dc07dd64cbb5""]"	"[""R14-ASSOC-006""]"	2	1	true	BINARY_FORK	INVALID	BINARY_REQUIRES_EXACTLY_THREE_NODES_TWO_EDGES		R16A-ENUM-0003	7003f146751d07ff619f167f8f1823808665617f947d09f2308c373f6e4a4e8b	LINEAR_PATH	1	0	0	0	false
R16A-SUBGRAPH-0A2E4153F4C4551023C1	0a2e4153f4c4551023c16f5347a1bdf195d05d29cc1b750fc0c555f9bfc512a3	"[""TRV:303eafd7c2afb63e99e140c4ba2abd1de5f78f9e8ebbb3040b4531b6df568639"",""TRV:c82d3d4865e41e2a263ff0427c4df2b8e3e43a85c835404d033d764468b3ba55""]"	"[""R16A-PAIR:2ea00c84f44e9da21aae78f742f5cf6cba09fee7e94d77ff3420dc07dd64cbb5""]"	"[""R14-ASSOC-006""]"	2	1	true	BINARY_CONVERGENCE	INVALID	BINARY_REQUIRES_EXACTLY_THREE_NODES_TWO_EDGES		R16A-ENUM-0003	7003f146751d07ff619f167f8f1823808665617f947d09f2308c373f6e4a4e8b	LINEAR_PATH	1	0	0	0	false
R16A-SUBGRAPH-0A2E4153F4C4551023C1	0a2e4153f4c4551023c16f5347a1bdf195d05d29cc1b750fc0c555f9bfc512a3	"[""TRV:303eafd7c2afb63e99e140c4ba2abd1de5f78f9e8ebbb3040b4531b6df568639"",""TRV:c82d3d4865e41e2a263ff0427c4df2b8e3e43a85c835404d033d764468b3ba55""]"	"[""R16A-PAIR:2ea00c84f44e9da21aae78f742f5cf6cba09fee7e94d77ff3420dc07dd64cbb5""]"	"[""R14-ASSOC-006""]"	2	1	true	QUALIFIED_PATH	INVALID	NO_EXPLICIT_GOVERNED_QUALIFICATION_GATE		R16A-ENUM-0003	7003f146751d07ff619f167f8f1823808665617f947d09f2308c373f6e4a4e8b	LINEAR_PATH	1	0	0	0	false
R16A-SUBGRAPH-0A2E4153F4C4551023C1	0a2e4153f4c4551023c16f5347a1bdf195d05d29cc1b750fc0c555f9bfc512a3	"[""TRV:303eafd7c2afb63e99e140c4ba2abd1de5f78f9e8ebbb3040b4531b6df568639"",""TRV:c82d3d4865e41e2a263ff0427c4df2b8e3e43a85c835404d033d764468b3ba55""]"	"[""R16A-PAIR:2ea00c84f44e9da21aae78f742f5cf6cba09fee7e94d77ff3420dc07dd64cbb5""]"	"[""R14-ASSOC-006""]"	2	1	true	REFLEXIVE_RETURN	INVALID	NO_EXPLICIT_GOVERNED_NAVIGATION_RETURN		R16A-ENUM-0003	7003f146751d07ff619f167f8f1823808665617f947d09f2308c373f6e4a4e8b	LINEAR_PATH	1	0	0	0	false
R16A-SUBGRAPH-0A2E4153F4C4551023C1	0a2e4153f4c4551023c16f5347a1bdf195d05d29cc1b750fc0c555f9bfc512a3	"[""TRV:303eafd7c2afb63e99e140c4ba2abd1de5f78f9e8ebbb3040b4531b6df568639"",""TRV:c82d3d4865e41e2a263ff0427c4df2b8e3e43a85c835404d033d764468b3ba55""]"	"[""R16A-PAIR:2ea00c84f44e9da21aae78f742f5cf6cba09fee7e94d77ff3420dc07dd64cbb5""]"	"[""R14-ASSOC-006""]"	2	1	true	EVIDENCE_GAP_TREE	INVALID	NO_EXPLICIT_GOVERNED_EVIDENCE_GAP_NODE		R16A-ENUM-0003	7003f146751d07ff619f167f8f1823808665617f947d09f2308c373f6e4a4e8b	LINEAR_PATH	1	0	0	0	false
R16A-SUBGRAPH-0CC125369072803F71DE	0cc125369072803f71de5c81c185662a40b30375507656e99212822ef56eda07	"[""TRV:177025b0eec6e5e441b7f637224e31440c6cc60afd1d06ced1ad993d4ac8988c"",""TRV:be33e16d8f585c08bb0efe6f0df92659a22d534298639f5318d2a2580546fdcc"",""TRV:d366de58d3002458bfb404ee505621e926c518871a4caeffcdfb89b45f8112ef""]"	"[""R16A-PAIR:43fa33f1a987090224619eb68e83d246be7705f94d1b2e364bdfb2b73fc1a94f"",""R16A-PAIR:891e0c3d300d8c4af59fbef2f00d164ee9c22df4148122c54ed84daee1dcb37e""]"	"[""R14-ASSOC-011"",""R14-ASSOC-012""]"	3	2	false	LINEAR_PATH	VALID	CONNECTED_TREE_MAX_DEGREE_TWO	646911993c280a6a4a0822e25bb65f9ebf0b9d9995299a71be1dd32cc9732311	R16A-ENUM-0004	a60750d4cc1993d27f592b61450a6d73b99dd63c0b6588e24bcca37eb17edfe9	UNRESOLVED	2	0	0	1	false
R16A-SUBGRAPH-0CC125369072803F71DE	0cc125369072803f71de5c81c185662a40b30375507656e99212822ef56eda07	"[""TRV:177025b0eec6e5e441b7f637224e31440c6cc60afd1d06ced1ad993d4ac8988c"",""TRV:be33e16d8f585c08bb0efe6f0df92659a22d534298639f5318d2a2580546fdcc"",""TRV:d366de58d3002458bfb404ee505621e926c518871a4caeffcdfb89b45f8112ef""]"	"[""R16A-PAIR:43fa33f1a987090224619eb68e83d246be7705f94d1b2e364bdfb2b73fc1a94f"",""R16A-PAIR:891e0c3d300d8c4af59fbef2f00d164ee9c22df4148122c54ed84daee1dcb37e""]"	"[""R14-ASSOC-011"",""R14-ASSOC-012""]"	3	2	false	BINARY_FORK	VALID	EXACT_THREE_NODE_TWO_EDGE_BINARY_SHAPE	1b6cf9621277bc103bb226c81abef7fb6b4137ec6d3e8e711d7447f126487297	R16A-ENUM-0004	a60750d4cc1993d27f592b61450a6d73b99dd63c0b6588e24bcca37eb17edfe9	UNRESOLVED	2	0	0	1	false
R16A-SUBGRAPH-0CC125369072803F71DE	0cc125369072803f71de5c81c185662a40b30375507656e99212822ef56eda07	"[""TRV:177025b0eec6e5e441b7f637224e31440c6cc60afd1d06ced1ad993d4ac8988c"",""TRV:be33e16d8f585c08bb0efe6f0df92659a22d534298639f5318d2a2580546fdcc"",""TRV:d366de58d3002458bfb404ee505621e926c518871a4caeffcdfb89b45f8112ef""]"	"[""R16A-PAIR:43fa33f1a987090224619eb68e83d246be7705f94d1b2e364bdfb2b73fc1a94f"",""R16A-PAIR:891e0c3d300d8c4af59fbef2f00d164ee9c22df4148122c54ed84daee1dcb37e""]"	"[""R14-ASSOC-011"",""R14-ASSOC-012""]"	3	2	false	BINARY_CONVERGENCE	VALID	EXACT_THREE_NODE_TWO_EDGE_BINARY_SHAPE	0dde3305a3b881ed487a614757a03fdf7e1b799e398d5a4ce0796b67a29e2d8a	R16A-ENUM-0004	a60750d4cc1993d27f592b61450a6d73b99dd63c0b6588e24bcca37eb17edfe9	UNRESOLVED	2	0	0	1	false
R16A-SUBGRAPH-0CC125369072803F71DE	0cc125369072803f71de5c81c185662a40b30375507656e99212822ef56eda07	"[""TRV:177025b0eec6e5e441b7f637224e31440c6cc60afd1d06ced1ad993d4ac8988c"",""TRV:be33e16d8f585c08bb0efe6f0df92659a22d534298639f5318d2a2580546fdcc"",""TRV:d366de58d3002458bfb404ee505621e926c518871a4caeffcdfb89b45f8112ef""]"	"[""R16A-PAIR:43fa33f1a987090224619eb68e83d246be7705f94d1b2e364bdfb2b73fc1a94f"",""R16A-PAIR:891e0c3d300d8c4af59fbef2f00d164ee9c22df4148122c54ed84daee1dcb37e""]"	"[""R14-ASSOC-011"",""R14-ASSOC-012""]"	3	2	false	QUALIFIED_PATH	INVALID	NO_EXPLICIT_GOVERNED_QUALIFICATION_GATE		R16A-ENUM-0004	a60750d4cc1993d27f592b61450a6d73b99dd63c0b6588e24bcca37eb17edfe9	UNRESOLVED	2	0	0	1	false
R16A-SUBGRAPH-0CC125369072803F71DE	0cc125369072803f71de5c81c185662a40b30375507656e99212822ef56eda07	"[""TRV:177025b0eec6e5e441b7f637224e31440c6cc60afd1d06ced1ad993d4ac8988c"",""TRV:be33e16d8f585c08bb0efe6f0df92659a22d534298639f5318d2a2580546fdcc"",""TRV:d366de58d3002458bfb404ee505621e926c518871a4caeffcdfb89b45f8112ef""]"	"[""R16A-PAIR:43fa33f1a987090224619eb68e83d246be7705f94d1b2e364bdfb2b73fc1a94f"",""R16A-PAIR:891e0c3d300d8c4af59fbef2f00d164ee9c22df4148122c54ed84daee1dcb37e""]"	"[""R14-ASSOC-011"",""R14-ASSOC-012""]"	3	2	false	REFLEXIVE_RETURN	INVALID	NO_EXPLICIT_GOVERNED_NAVIGATION_RETURN		R16A-ENUM-0004	a60750d4cc1993d27f592b61450a6d73b99dd63c0b6588e24bcca37eb17edfe9	UNRESOLVED	2	0	0	1	false
R16A-SUBGRAPH-0CC125369072803F71DE	0cc125369072803f71de5c81c185662a40b30375507656e99212822ef56eda07	"[""TRV:177025b0eec6e5e441b7f637224e31440c6cc60afd1d06ced1ad993d4ac8988c"",""TRV:be33e16d8f585c08bb0efe6f0df92659a22d534298639f5318d2a2580546fdcc"",""TRV:d366de58d3002458bfb404ee505621e926c518871a4caeffcdfb89b45f8112ef""]"	"[""R16A-PAIR:43fa33f1a987090224619eb68e83d246be7705f94d1b2e364bdfb2b73fc1a94f"",""R16A-PAIR:891e0c3d300d8c4af59fbef2f00d164ee9c22df4148122c54ed84daee1dcb37e""]"	"[""R14-ASSOC-011"",""R14-ASSOC-012""]"	3	2	false	EVIDENCE_GAP_TREE	INVALID	NO_EXPLICIT_GOVERNED_EVIDENCE_GAP_NODE		R16A-ENUM-0004	a60750d4cc1993d27f592b61450a6d73b99dd63c0b6588e24bcca37eb17edfe9	UNRESOLVED	2	0	0	1	false
R16A-SUBGRAPH-0F5A2717CE4EFC148031	0f5a2717ce4efc1480312431cb4eaa4721bc39fb8ac7e65068423297998272a9	"[""TRV:12c360cc0c3231a45d5841e63ee7f3377be76ee0fa28c3f4dda803186cbbc829"",""TRV:d27a4a1080657098835b014b8f47529c5be746cb60b043fb2400fec1a6948185""]"	"[""R16A-PAIR:2f2ea4ddf1a964b76fab37c87c58dcc09f56dedf86f676fc6d2c6b17d3100ca0""]"	"[""R14-ASSOC-019""]"	2	1	true	LINEAR_PATH	VALID	CONNECTED_TREE_MAX_DEGREE_TWO	d82a0ae0fb276ad31541d1504c90aa03e645d5f84d1c85d87985d430f3a57294	R16A-ENUM-0005	aa023a076d9f5c4686f3e57266b735cdd4c454b7ca768e64a1b561a65bcafa28	LINEAR_PATH	1	0	0	0	false
R16A-SUBGRAPH-0F5A2717CE4EFC148031	0f5a2717ce4efc1480312431cb4eaa4721bc39fb8ac7e65068423297998272a9	"[""TRV:12c360cc0c3231a45d5841e63ee7f3377be76ee0fa28c3f4dda803186cbbc829"",""TRV:d27a4a1080657098835b014b8f47529c5be746cb60b043fb2400fec1a6948185""]"	"[""R16A-PAIR:2f2ea4ddf1a964b76fab37c87c58dcc09f56dedf86f676fc6d2c6b17d3100ca0""]"	"[""R14-ASSOC-019""]"	2	1	true	BINARY_FORK	INVALID	BINARY_REQUIRES_EXACTLY_THREE_NODES_TWO_EDGES		R16A-ENUM-0005	aa023a076d9f5c4686f3e57266b735cdd4c454b7ca768e64a1b561a65bcafa28	LINEAR_PATH	1	0	0	0	false
R16A-SUBGRAPH-0F5A2717CE4EFC148031	0f5a2717ce4efc1480312431cb4eaa4721bc39fb8ac7e65068423297998272a9	"[""TRV:12c360cc0c3231a45d5841e63ee7f3377be76ee0fa28c3f4dda803186cbbc829"",""TRV:d27a4a1080657098835b014b8f47529c5be746cb60b043fb2400fec1a6948185""]"	"[""R16A-PAIR:2f2ea4ddf1a964b76fab37c87c58dcc09f56dedf86f676fc6d2c6b17d3100ca0""]"	"[""R14-ASSOC-019""]"	2	1	true	BINARY_CONVERGENCE	INVALID	BINARY_REQUIRES_EXACTLY_THREE_NODES_TWO_EDGES		R16A-ENUM-0005	aa023a076d9f5c4686f3e57266b735cdd4c454b7ca768e64a1b561a65bcafa28	LINEAR_PATH	1	0	0	0	false
R16A-SUBGRAPH-0F5A2717CE4EFC148031	0f5a2717ce4efc1480312431cb4eaa4721bc39fb8ac7e65068423297998272a9	"[""TRV:12c360cc0c3231a45d5841e63ee7f3377be76ee0fa28c3f4dda803186cbbc829"",""TRV:d27a4a1080657098835b014b8f47529c5be746cb60b043fb2400fec1a6948185""]"	"[""R16A-PAIR:2f2ea4ddf1a964b76fab37c87c58dcc09f56dedf86f676fc6d2c6b17d3100ca0""]"	"[""R14-ASSOC-019""]"	2	1	true	QUALIFIED_PATH	INVALID	NO_EXPLICIT_GOVERNED_QUALIFICATION_GATE		R16A-ENUM-0005	aa023a076d9f5c4686f3e57266b735cdd4c454b7ca768e64a1b561a65bcafa28	LINEAR_PATH	1	0	0	0	false
R16A-SUBGRAPH-0F5A2717CE4EFC148031	0f5a2717ce4efc1480312431cb4eaa4721bc39fb8ac7e65068423297998272a9	"[""TRV:12c360cc0c3231a45d5841e63ee7f3377be76ee0fa28c3f4dda803186cbbc829"",""TRV:d27a4a1080657098835b014b8f47529c5be746cb60b043fb2400fec1a6948185""]"	"[""R16A-PAIR:2f2ea4ddf1a964b76fab37c87c58dcc09f56dedf86f676fc6d2c6b17d3100ca0""]"	"[""R14-ASSOC-019""]"	2	1	true	REFLEXIVE_RETURN	INVALID	NO_EXPLICIT_GOVERNED_NAVIGATION_RETURN		R16A-ENUM-0005	aa023a076d9f5c4686f3e57266b735cdd4c454b7ca768e64a1b561a65bcafa28	LINEAR_PATH	1	0	0	0	false
R16A-SUBGRAPH-0F5A2717CE4EFC148031	0f5a2717ce4efc1480312431cb4eaa4721bc39fb8ac7e65068423297998272a9	"[""TRV:12c360cc0c3231a45d5841e63ee7f3377be76ee0fa28c3f4dda803186cbbc829"",""TRV:d27a4a1080657098835b014b8f47529c5be746cb60b043fb2400fec1a6948185""]"	"[""R16A-PAIR:2f2ea4ddf1a964b76fab37c87c58dcc09f56dedf86f676fc6d2c6b17d3100ca0""]"	"[""R14-ASSOC-019""]"	2	1	true	EVIDENCE_GAP_TREE	INVALID	NO_EXPLICIT_GOVERNED_EVIDENCE_GAP_NODE		R16A-ENUM-0005	aa023a076d9f5c4686f3e57266b735cdd4c454b7ca768e64a1b561a65bcafa28	LINEAR_PATH	1	0	0	0	false
R16A-SUBGRAPH-12C11703DD95F1FBC57B	12c11703dd95f1fbc57b8f3e9a80793689e54498ed9eb0cbca965c2c3f437264	"[""TRV:276446ba01e3aa387c83b06f54fccc5ac65bdc6099157a2a828716eac9c6fd4d"",""TRV:303eafd7c2afb63e99e140c4ba2abd1de5f78f9e8ebbb3040b4531b6df568639"",""TRV:c82d3d4865e41e2a263ff0427c4df2b8e3e43a85c835404d033d764468b3ba55""]"	"[""R16A-PAIR:2ea00c84f44e9da21aae78f742f5cf6cba09fee7e94d77ff3420dc07dd64cbb5"",""R16A-PAIR:f82795fcaba53ac0c255461d014e82b9e563362b645b4c65a58e27644e22c54c""]"	"[""R14-ASSOC-006"",""R14-ASSOC-009""]"	3	2	false	LINEAR_PATH	VALID	CONNECTED_TREE_MAX_DEGREE_TWO	20a4c0be16721230a076369ccdee09f584fc7ce8fd2fb9409f46cca2802ca8de	R16A-ENUM-0006	9c6c2172a4ab098c60471e61fbe4b38f97318f9bbcc7ab4070599dec2a548f21	UNRESOLVED	2	0	0	1	false
R16A-SUBGRAPH-12C11703DD95F1FBC57B	12c11703dd95f1fbc57b8f3e9a80793689e54498ed9eb0cbca965c2c3f437264	"[""TRV:276446ba01e3aa387c83b06f54fccc5ac65bdc6099157a2a828716eac9c6fd4d"",""TRV:303eafd7c2afb63e99e140c4ba2abd1de5f78f9e8ebbb3040b4531b6df568639"",""TRV:c82d3d4865e41e2a263ff0427c4df2b8e3e43a85c835404d033d764468b3ba55""]"	"[""R16A-PAIR:2ea00c84f44e9da21aae78f742f5cf6cba09fee7e94d77ff3420dc07dd64cbb5"",""R16A-PAIR:f82795fcaba53ac0c255461d014e82b9e563362b645b4c65a58e27644e22c54c""]"	"[""R14-ASSOC-006"",""R14-ASSOC-009""]"	3	2	false	BINARY_FORK	VALID	EXACT_THREE_NODE_TWO_EDGE_BINARY_SHAPE	2d53286ed659eacc1ea0a2b771933697db05b3c812e6a88432101343c91e8ef7	R16A-ENUM-0006	9c6c2172a4ab098c60471e61fbe4b38f97318f9bbcc7ab4070599dec2a548f21	UNRESOLVED	2	0	0	1	false
R16A-SUBGRAPH-12C11703DD95F1FBC57B	12c11703dd95f1fbc57b8f3e9a80793689e54498ed9eb0cbca965c2c3f437264	"[""TRV:276446ba01e3aa387c83b06f54fccc5ac65bdc6099157a2a828716eac9c6fd4d"",""TRV:303eafd7c2afb63e99e140c4ba2abd1de5f78f9e8ebbb3040b4531b6df568639"",""TRV:c82d3d4865e41e2a263ff0427c4df2b8e3e43a85c835404d033d764468b3ba55""]"	"[""R16A-PAIR:2ea00c84f44e9da21aae78f742f5cf6cba09fee7e94d77ff3420dc07dd64cbb5"",""R16A-PAIR:f82795fcaba53ac0c255461d014e82b9e563362b645b4c65a58e27644e22c54c""]"	"[""R14-ASSOC-006"",""R14-ASSOC-009""]"	3	2	false	BINARY_CONVERGENCE	VALID	EXACT_THREE_NODE_TWO_EDGE_BINARY_SHAPE	3bb31598d844265bbb494ad432cdc02fed1533116360d09de628649b9a0d30ae	R16A-ENUM-0006	9c6c2172a4ab098c60471e61fbe4b38f97318f9bbcc7ab4070599dec2a548f21	UNRESOLVED	2	0	0	1	false
R16A-SUBGRAPH-12C11703DD95F1FBC57B	12c11703dd95f1fbc57b8f3e9a80793689e54498ed9eb0cbca965c2c3f437264	"[""TRV:276446ba01e3aa387c83b06f54fccc5ac65bdc6099157a2a828716eac9c6fd4d"",""TRV:303eafd7c2afb63e99e140c4ba2abd1de5f78f9e8ebbb3040b4531b6df568639"",""TRV:c82d3d4865e41e2a263ff0427c4df2b8e3e43a85c835404d033d764468b3ba55""]"	"[""R16A-PAIR:2ea00c84f44e9da21aae78f742f5cf6cba09fee7e94d77ff3420dc07dd64cbb5"",""R16A-PAIR:f82795fcaba53ac0c255461d014e82b9e563362b645b4c65a58e27644e22c54c""]"	"[""R14-ASSOC-006"",""R14-ASSOC-009""]"	3	2	false	QUALIFIED_PATH	INVALID	NO_EXPLICIT_GOVERNED_QUALIFICATION_GATE		R16A-ENUM-0006	9c6c2172a4ab098c60471e61fbe4b38f97318f9bbcc7ab4070599dec2a548f21	UNRESOLVED	2	0	0	1	false
R16A-SUBGRAPH-12C11703DD95F1FBC57B	12c11703dd95f1fbc57b8f3e9a80793689e54498ed9eb0cbca965c2c3f437264	"[""TRV:276446ba01e3aa387c83b06f54fccc5ac65bdc6099157a2a828716eac9c6fd4d"",""TRV:303eafd7c2afb63e99e140c4ba2abd1de5f78f9e8ebbb3040b4531b6df568639"",""TRV:c82d3d4865e41e2a263ff0427c4df2b8e3e43a85c835404d033d764468b3ba55""]"	"[""R16A-PAIR:2ea00c84f44e9da21aae78f742f5cf6cba09fee7e94d77ff3420dc07dd64cbb5"",""R16A-PAIR:f82795fcaba53ac0c255461d014e82b9e563362b645b4c65a58e27644e22c54c""]"	"[""R14-ASSOC-006"",""R14-ASSOC-009""]"	3	2	false	REFLEXIVE_RETURN	INVALID	NO_EXPLICIT_GOVERNED_NAVIGATION_RETURN		R16A-ENUM-0006	9c6c2172a4ab098c60471e61fbe4b38f97318f9bbcc7ab4070599dec2a548f21	UNRESOLVED	2	0	0	1	false
R16A-SUBGRAPH-12C11703DD95F1FBC57B	12c11703dd95f1fbc57b8f3e9a80793689e54498ed9eb0cbca965c2c3f437264	"[""TRV:276446ba01e3aa387c83b06f54fccc5ac65bdc6099157a2a828716eac9c6fd4d"",""TRV:303eafd7c2afb63e99e140c4ba2abd1de5f78f9e8ebbb3040b4531b6df568639"",""TRV:c82d3d4865e41e2a263ff0427c4df2b8e3e43a85c835404d033d764468b3ba55""]"	"[""R16A-PAIR:2ea00c84f44e9da21aae78f742f5cf6cba09fee7e94d77ff3420dc07dd64cbb5"",""R16A-PAIR:f82795fcaba53ac0c255461d014e82b9e563362b645b4c65a58e27644e22c54c""]"	"[""R14-ASSOC-006"",""R14-ASSOC-009""]"	3	2	false	EVIDENCE_GAP_TREE	INVALID	NO_EXPLICIT_GOVERNED_EVIDENCE_GAP_NODE		R16A-ENUM-0006	9c6c2172a4ab098c60471e61fbe4b38f97318f9bbcc7ab4070599dec2a548f21	UNRESOLVED	2	0	0	1	false
R16A-SUBGRAPH-143FE39FE4134DBCC12B	143fe39fe4134dbcc12b01a17a65455170d7728ee43d848b63e72bae8bf484a7	"[""TRV:303eafd7c2afb63e99e140c4ba2abd1de5f78f9e8ebbb3040b4531b6df568639"",""TRV:83a2bff84b1d599d9eed884a09666501c96224a0b3b7457699ef0be145e76e73""]"	"[""R16A-PAIR:db9e8b1d1d7e17983872e3600cd1a3ce5ae7f3c907ae70bdeafcbd0b2c6a0460""]"	"[""R14-ASSOC-005""]"	2	1	true	LINEAR_PATH	VALID	CONNECTED_TREE_MAX_DEGREE_TWO	1f52699eebda17969aa0ee3ed2d2949f6a75ca77e69a5c980f8af72373bff7b1	R16A-ENUM-0007	e42f575908ad0cb776807df01f7641be0f530647219af48329f2fc92b10fa56a	LINEAR_PATH	1	0	0	0	false
R16A-SUBGRAPH-143FE39FE4134DBCC12B	143fe39fe4134dbcc12b01a17a65455170d7728ee43d848b63e72bae8bf484a7	"[""TRV:303eafd7c2afb63e99e140c4ba2abd1de5f78f9e8ebbb3040b4531b6df568639"",""TRV:83a2bff84b1d599d9eed884a09666501c96224a0b3b7457699ef0be145e76e73""]"	"[""R16A-PAIR:db9e8b1d1d7e17983872e3600cd1a3ce5ae7f3c907ae70bdeafcbd0b2c6a0460""]"	"[""R14-ASSOC-005""]"	2	1	true	BINARY_FORK	INVALID	BINARY_REQUIRES_EXACTLY_THREE_NODES_TWO_EDGES		R16A-ENUM-0007	e42f575908ad0cb776807df01f7641be0f530647219af48329f2fc92b10fa56a	LINEAR_PATH	1	0	0	0	false
R16A-SUBGRAPH-143FE39FE4134DBCC12B	143fe39fe4134dbcc12b01a17a65455170d7728ee43d848b63e72bae8bf484a7	"[""TRV:303eafd7c2afb63e99e140c4ba2abd1de5f78f9e8ebbb3040b4531b6df568639"",""TRV:83a2bff84b1d599d9eed884a09666501c96224a0b3b7457699ef0be145e76e73""]"	"[""R16A-PAIR:db9e8b1d1d7e17983872e3600cd1a3ce5ae7f3c907ae70bdeafcbd0b2c6a0460""]"	"[""R14-ASSOC-005""]"	2	1	true	BINARY_CONVERGENCE	INVALID	BINARY_REQUIRES_EXACTLY_THREE_NODES_TWO_EDGES		R16A-ENUM-0007	e42f575908ad0cb776807df01f7641be0f530647219af48329f2fc92b10fa56a	LINEAR_PATH	1	0	0	0	false
R16A-SUBGRAPH-143FE39FE4134DBCC12B	143fe39fe4134dbcc12b01a17a65455170d7728ee43d848b63e72bae8bf484a7	"[""TRV:303eafd7c2afb63e99e140c4ba2abd1de5f78f9e8ebbb3040b4531b6df568639"",""TRV:83a2bff84b1d599d9eed884a09666501c96224a0b3b7457699ef0be145e76e73""]"	"[""R16A-PAIR:db9e8b1d1d7e17983872e3600cd1a3ce5ae7f3c907ae70bdeafcbd0b2c6a0460""]"	"[""R14-ASSOC-005""]"	2	1	true	QUALIFIED_PATH	INVALID	NO_EXPLICIT_GOVERNED_QUALIFICATION_GATE		R16A-ENUM-0007	e42f575908ad0cb776807df01f7641be0f530647219af48329f2fc92b10fa56a	LINEAR_PATH	1	0	0	0	false
R16A-SUBGRAPH-143FE39FE4134DBCC12B	143fe39fe4134dbcc12b01a17a65455170d7728ee43d848b63e72bae8bf484a7	"[""TRV:303eafd7c2afb63e99e140c4ba2abd1de5f78f9e8ebbb3040b4531b6df568639"",""TRV:83a2bff84b1d599d9eed884a09666501c96224a0b3b7457699ef0be145e76e73""]"	"[""R16A-PAIR:db9e8b1d1d7e17983872e3600cd1a3ce5ae7f3c907ae70bdeafcbd0b2c6a0460""]"	"[""R14-ASSOC-005""]"	2	1	true	REFLEXIVE_RETURN	INVALID	NO_EXPLICIT_GOVERNED_NAVIGATION_RETURN		R16A-ENUM-0007	e42f575908ad0cb776807df01f7641be0f530647219af48329f2fc92b10fa56a	LINEAR_PATH	1	0	0	0	false
R16A-SUBGRAPH-143FE39FE4134DBCC12B	143fe39fe4134dbcc12b01a17a65455170d7728ee43d848b63e72bae8bf484a7	"[""TRV:303eafd7c2afb63e99e140c4ba2abd1de5f78f9e8ebbb3040b4531b6df568639"",""TRV:83a2bff84b1d599d9eed884a09666501c96224a0b3b7457699ef0be145e76e73""]"	"[""R16A-PAIR:db9e8b1d1d7e17983872e3600cd1a3ce5ae7f3c907ae70bdeafcbd0b2c6a0460""]"	"[""R14-ASSOC-005""]"	2	1	true	EVIDENCE_GAP_TREE	INVALID	NO_EXPLICIT_GOVERNED_EVIDENCE_GAP_NODE		R16A-ENUM-0007	e42f575908ad0cb776807df01f7641be0f530647219af48329f2fc92b10fa56a	LINEAR_PATH	1	0	0	0	false
R16A-SUBGRAPH-15EA485255A03C25C5D5	15ea485255a03c25c5d504210e586634cb1f1d1bf32cb9e9084f3b64ef239ff4	"[""TRV:177025b0eec6e5e441b7f637224e31440c6cc60afd1d06ced1ad993d4ac8988c"",""TRV:be33e16d8f585c08bb0efe6f0df92659a22d534298639f5318d2a2580546fdcc"",""TRV:d366de58d3002458bfb404ee505621e926c518871a4caeffcdfb89b45f8112ef""]"	"[""R16A-PAIR:891e0c3d300d8c4af59fbef2f00d164ee9c22df4148122c54ed84daee1dcb37e"",""R16A-PAIR:c36555188472ea5287ed70295a1b85e92e2ba9468fc703d2fe8893de3fc55a1f""]"	"[""R14-ASSOC-010"",""R14-ASSOC-011""]"	3	2	false	LINEAR_PATH	VALID	CONNECTED_TREE_MAX_DEGREE_TWO	af321464ee819f9787a4ce95f599ae72d80bf7d3e5ed6b08b614ec42f0d89a51	R16A-ENUM-0008	2e3c7c9bfc7ea21a0dad555d3b23b34d5691de89cfd27c11516c8c954ee66f1a	UNRESOLVED	2	0	0	1	false
R16A-SUBGRAPH-15EA485255A03C25C5D5	15ea485255a03c25c5d504210e586634cb1f1d1bf32cb9e9084f3b64ef239ff4	"[""TRV:177025b0eec6e5e441b7f637224e31440c6cc60afd1d06ced1ad993d4ac8988c"",""TRV:be33e16d8f585c08bb0efe6f0df92659a22d534298639f5318d2a2580546fdcc"",""TRV:d366de58d3002458bfb404ee505621e926c518871a4caeffcdfb89b45f8112ef""]"	"[""R16A-PAIR:891e0c3d300d8c4af59fbef2f00d164ee9c22df4148122c54ed84daee1dcb37e"",""R16A-PAIR:c36555188472ea5287ed70295a1b85e92e2ba9468fc703d2fe8893de3fc55a1f""]"	"[""R14-ASSOC-010"",""R14-ASSOC-011""]"	3	2	false	BINARY_FORK	VALID	EXACT_THREE_NODE_TWO_EDGE_BINARY_SHAPE	c7f0e661f303dde5467b0d6dd6155e93966b66aeb0fad6d6f68c44964ea671b1	R16A-ENUM-0008	2e3c7c9bfc7ea21a0dad555d3b23b34d5691de89cfd27c11516c8c954ee66f1a	UNRESOLVED	2	0	0	1	false
R16A-SUBGRAPH-15EA485255A03C25C5D5	15ea485255a03c25c5d504210e586634cb1f1d1bf32cb9e9084f3b64ef239ff4	"[""TRV:177025b0eec6e5e441b7f637224e31440c6cc60afd1d06ced1ad993d4ac8988c"",""TRV:be33e16d8f585c08bb0efe6f0df92659a22d534298639f5318d2a2580546fdcc"",""TRV:d366de58d3002458bfb404ee505621e926c518871a4caeffcdfb89b45f8112ef""]"	"[""R16A-PAIR:891e0c3d300d8c4af59fbef2f00d164ee9c22df4148122c54ed84daee1dcb37e"",""R16A-PAIR:c36555188472ea5287ed70295a1b85e92e2ba9468fc703d2fe8893de3fc55a1f""]"	"[""R14-ASSOC-010"",""R14-ASSOC-011""]"	3	2	false	BINARY_CONVERGENCE	VALID	EXACT_THREE_NODE_TWO_EDGE_BINARY_SHAPE	17b6aea60241bc2dcb2316160658961abc41125f3f0b718a42336f9fee38ec9b	R16A-ENUM-0008	2e3c7c9bfc7ea21a0dad555d3b23b34d5691de89cfd27c11516c8c954ee66f1a	UNRESOLVED	2	0	0	1	false
R16A-SUBGRAPH-15EA485255A03C25C5D5	15ea485255a03c25c5d504210e586634cb1f1d1bf32cb9e9084f3b64ef239ff4	"[""TRV:177025b0eec6e5e441b7f637224e31440c6cc60afd1d06ced1ad993d4ac8988c"",""TRV:be33e16d8f585c08bb0efe6f0df92659a22d534298639f5318d2a2580546fdcc"",""TRV:d366de58d3002458bfb404ee505621e926c518871a4caeffcdfb89b45f8112ef""]"	"[""R16A-PAIR:891e0c3d300d8c4af59fbef2f00d164ee9c22df4148122c54ed84daee1dcb37e"",""R16A-PAIR:c36555188472ea5287ed70295a1b85e92e2ba9468fc703d2fe8893de3fc55a1f""]"	"[""R14-ASSOC-010"",""R14-ASSOC-011""]"	3	2	false	QUALIFIED_PATH	INVALID	NO_EXPLICIT_GOVERNED_QUALIFICATION_GATE		R16A-ENUM-0008	2e3c7c9bfc7ea21a0dad555d3b23b34d5691de89cfd27c11516c8c954ee66f1a	UNRESOLVED	2	0	0	1	false
R16A-SUBGRAPH-15EA485255A03C25C5D5	15ea485255a03c25c5d504210e586634cb1f1d1bf32cb9e9084f3b64ef239ff4	"[""TRV:177025b0eec6e5e441b7f637224e31440c6cc60afd1d06ced1ad993d4ac8988c"",""TRV:be33e16d8f585c08bb0efe6f0df92659a22d534298639f5318d2a2580546fdcc"",""TRV:d366de58d3002458bfb404ee505621e926c518871a4caeffcdfb89b45f8112ef""]"	"[""R16A-PAIR:891e0c3d300d8c4af59fbef2f00d164ee9c22df4148122c54ed84daee1dcb37e"",""R16A-PAIR:c36555188472ea5287ed70295a1b85e92e2ba9468fc703d2fe8893de3fc55a1f""]"	"[""R14-ASSOC-010"",""R14-ASSOC-011""]"	3	2	false	REFLEXIVE_RETURN	INVALID	NO_EXPLICIT_GOVERNED_NAVIGATION_RETURN		R16A-ENUM-0008	2e3c7c9bfc7ea21a0dad555d3b23b34d5691de89cfd27c11516c8c954ee66f1a	UNRESOLVED	2	0	0	1	false
R16A-SUBGRAPH-15EA485255A03C25C5D5	15ea485255a03c25c5d504210e586634cb1f1d1bf32cb9e9084f3b64ef239ff4	"[""TRV:177025b0eec6e5e441b7f637224e31440c6cc60afd1d06ced1ad993d4ac8988c"",""TRV:be33e16d8f585c08bb0efe6f0df92659a22d534298639f5318d2a2580546fdcc"",""TRV:d366de58d3002458bfb404ee505621e926c518871a4caeffcdfb89b45f8112ef""]"	"[""R16A-PAIR:891e0c3d300d8c4af59fbef2f00d164ee9c22df4148122c54ed84daee1dcb37e"",""R16A-PAIR:c36555188472ea5287ed70295a1b85e92e2ba9468fc703d2fe8893de3fc55a1f""]"	"[""R14-ASSOC-010"",""R14-ASSOC-011""]"	3	2	false	EVIDENCE_GAP_TREE	INVALID	NO_EXPLICIT_GOVERNED_EVIDENCE_GAP_NODE		R16A-ENUM-0008	2e3c7c9bfc7ea21a0dad555d3b23b34d5691de89cfd27c11516c8c954ee66f1a	UNRESOLVED	2	0	0	1	false
R16A-SUBGRAPH-19C085F5BC097E4B0674	19c085f5bc097e4b0674091546efbd589f482cec6a989def9713eff53214960a	"[""TRV:276446ba01e3aa387c83b06f54fccc5ac65bdc6099157a2a828716eac9c6fd4d"",""TRV:303eafd7c2afb63e99e140c4ba2abd1de5f78f9e8ebbb3040b4531b6df568639"",""TRV:83a2bff84b1d599d9eed884a09666501c96224a0b3b7457699ef0be145e76e73"",""TRV:c82d3d4865e41e2a263ff0427c4df2b8e3e43a85c835404d033d764468b3ba55""]"	"[""R16A-PAIR:2ea00c84f44e9da21aae78f742f5cf6cba09fee7e94d77ff3420dc07dd64cbb5"",""R16A-PAIR:db9e8b1d1d7e17983872e3600cd1a3ce5ae7f3c907ae70bdeafcbd0b2c6a0460"",""R16A-PAIR:f82795fcaba53ac0c255461d014e82b9e563362b645b4c65a58e27644e22c54c""]"	"[""R14-ASSOC-005"",""R14-ASSOC-006"",""R14-ASSOC-009""]"	4	3	false	LINEAR_PATH	INVALID	NOT_A_CONNECTED_LINEAR_TREE		R16A-ENUM-0009	f9376e494d282dbb7785ee3194763b60d36572d52732e559c42d42bdd8e80252	UNRESOLVED	2	1	1	1	false
R16A-SUBGRAPH-19C085F5BC097E4B0674	19c085f5bc097e4b0674091546efbd589f482cec6a989def9713eff53214960a	"[""TRV:276446ba01e3aa387c83b06f54fccc5ac65bdc6099157a2a828716eac9c6fd4d"",""TRV:303eafd7c2afb63e99e140c4ba2abd1de5f78f9e8ebbb3040b4531b6df568639"",""TRV:83a2bff84b1d599d9eed884a09666501c96224a0b3b7457699ef0be145e76e73"",""TRV:c82d3d4865e41e2a263ff0427c4df2b8e3e43a85c835404d033d764468b3ba55""]"	"[""R16A-PAIR:2ea00c84f44e9da21aae78f742f5cf6cba09fee7e94d77ff3420dc07dd64cbb5"",""R16A-PAIR:db9e8b1d1d7e17983872e3600cd1a3ce5ae7f3c907ae70bdeafcbd0b2c6a0460"",""R16A-PAIR:f82795fcaba53ac0c255461d014e82b9e563362b645b4c65a58e27644e22c54c""]"	"[""R14-ASSOC-005"",""R14-ASSOC-006"",""R14-ASSOC-009""]"	4	3	false	BINARY_FORK	INVALID	BINARY_REQUIRES_EXACTLY_THREE_NODES_TWO_EDGES		R16A-ENUM-0009	f9376e494d282dbb7785ee3194763b60d36572d52732e559c42d42bdd8e80252	UNRESOLVED	2	1	1	1	false
R16A-SUBGRAPH-19C085F5BC097E4B0674	19c085f5bc097e4b0674091546efbd589f482cec6a989def9713eff53214960a	"[""TRV:276446ba01e3aa387c83b06f54fccc5ac65bdc6099157a2a828716eac9c6fd4d"",""TRV:303eafd7c2afb63e99e140c4ba2abd1de5f78f9e8ebbb3040b4531b6df568639"",""TRV:83a2bff84b1d599d9eed884a09666501c96224a0b3b7457699ef0be145e76e73"",""TRV:c82d3d4865e41e2a263ff0427c4df2b8e3e43a85c835404d033d764468b3ba55""]"	"[""R16A-PAIR:2ea00c84f44e9da21aae78f742f5cf6cba09fee7e94d77ff3420dc07dd64cbb5"",""R16A-PAIR:db9e8b1d1d7e17983872e3600cd1a3ce5ae7f3c907ae70bdeafcbd0b2c6a0460"",""R16A-PAIR:f82795fcaba53ac0c255461d014e82b9e563362b645b4c65a58e27644e22c54c""]"	"[""R14-ASSOC-005"",""R14-ASSOC-006"",""R14-ASSOC-009""]"	4	3	false	BINARY_CONVERGENCE	INVALID	BINARY_REQUIRES_EXACTLY_THREE_NODES_TWO_EDGES		R16A-ENUM-0009	f9376e494d282dbb7785ee3194763b60d36572d52732e559c42d42bdd8e80252	UNRESOLVED	2	1	1	1	false
R16A-SUBGRAPH-19C085F5BC097E4B0674	19c085f5bc097e4b0674091546efbd589f482cec6a989def9713eff53214960a	"[""TRV:276446ba01e3aa387c83b06f54fccc5ac65bdc6099157a2a828716eac9c6fd4d"",""TRV:303eafd7c2afb63e99e140c4ba2abd1de5f78f9e8ebbb3040b4531b6df568639"",""TRV:83a2bff84b1d599d9eed884a09666501c96224a0b3b7457699ef0be145e76e73"",""TRV:c82d3d4865e41e2a263ff0427c4df2b8e3e43a85c835404d033d764468b3ba55""]"	"[""R16A-PAIR:2ea00c84f44e9da21aae78f742f5cf6cba09fee7e94d77ff3420dc07dd64cbb5"",""R16A-PAIR:db9e8b1d1d7e17983872e3600cd1a3ce5ae7f3c907ae70bdeafcbd0b2c6a0460"",""R16A-PAIR:f82795fcaba53ac0c255461d014e82b9e563362b645b4c65a58e27644e22c54c""]"	"[""R14-ASSOC-005"",""R14-ASSOC-006"",""R14-ASSOC-009""]"	4	3	false	QUALIFIED_PATH	INVALID	NO_EXPLICIT_GOVERNED_QUALIFICATION_GATE		R16A-ENUM-0009	f9376e494d282dbb7785ee3194763b60d36572d52732e559c42d42bdd8e80252	UNRESOLVED	2	1	1	1	false
R16A-SUBGRAPH-19C085F5BC097E4B0674	19c085f5bc097e4b0674091546efbd589f482cec6a989def9713eff53214960a	"[""TRV:276446ba01e3aa387c83b06f54fccc5ac65bdc6099157a2a828716eac9c6fd4d"",""TRV:303eafd7c2afb63e99e140c4ba2abd1de5f78f9e8ebbb3040b4531b6df568639"",""TRV:83a2bff84b1d599d9eed884a09666501c96224a0b3b7457699ef0be145e76e73"",""TRV:c82d3d4865e41e2a263ff0427c4df2b8e3e43a85c835404d033d764468b3ba55""]"	"[""R16A-PAIR:2ea00c84f44e9da21aae78f742f5cf6cba09fee7e94d77ff3420dc07dd64cbb5"",""R16A-PAIR:db9e8b1d1d7e17983872e3600cd1a3ce5ae7f3c907ae70bdeafcbd0b2c6a0460"",""R16A-PAIR:f82795fcaba53ac0c255461d014e82b9e563362b645b4c65a58e27644e22c54c""]"	"[""R14-ASSOC-005"",""R14-ASSOC-006"",""R14-ASSOC-009""]"	4	3	false	REFLEXIVE_RETURN	INVALID	NO_EXPLICIT_GOVERNED_NAVIGATION_RETURN		R16A-ENUM-0009	f9376e494d282dbb7785ee3194763b60d36572d52732e559c42d42bdd8e80252	UNRESOLVED	2	1	1	1	false
R16A-SUBGRAPH-19C085F5BC097E4B0674	19c085f5bc097e4b0674091546efbd589f482cec6a989def9713eff53214960a	"[""TRV:276446ba01e3aa387c83b06f54fccc5ac65bdc6099157a2a828716eac9c6fd4d"",""TRV:303eafd7c2afb63e99e140c4ba2abd1de5f78f9e8ebbb3040b4531b6df568639"",""TRV:83a2bff84b1d599d9eed884a09666501c96224a0b3b7457699ef0be145e76e73"",""TRV:c82d3d4865e41e2a263ff0427c4df2b8e3e43a85c835404d033d764468b3ba55""]"	"[""R16A-PAIR:2ea00c84f44e9da21aae78f742f5cf6cba09fee7e94d77ff3420dc07dd64cbb5"",""R16A-PAIR:db9e8b1d1d7e17983872e3600cd1a3ce5ae7f3c907ae70bdeafcbd0b2c6a0460"",""R16A-PAIR:f82795fcaba53ac0c255461d014e82b9e563362b645b4c65a58e27644e22c54c""]"	"[""R14-ASSOC-005"",""R14-ASSOC-006"",""R14-ASSOC-009""]"	4	3	false	EVIDENCE_GAP_TREE	INVALID	NO_EXPLICIT_GOVERNED_EVIDENCE_GAP_NODE		R16A-ENUM-0009	f9376e494d282dbb7785ee3194763b60d36572d52732e559c42d42bdd8e80252	UNRESOLVED	2	1	1	1	false
R16A-SUBGRAPH-1AF4D36ADC2F29C8231A	1af4d36adc2f29c8231aa92fe348ffb2185a944a0ae3843df704f11065c0b029	"[""TRV:2fe1d615f7fb24b99fb828c5ceadcf06635e7fb6f47910f32d2daf1f6bd763f0"",""TRV:5660ce124250ffd0ecbcf64a7359315bd26afdb0d89c559c03a491cc2138e4ed"",""TRV:fd793986cd6d45968d3c7103e778813542e6a9979a85e9cf512450307c9f7342""]"	"[""R16A-PAIR:4cf124f8588611ba0a2f76bce26ab0b5890dcfcf71d9283888d62d58bcdb974a"",""R16A-PAIR:591aa3897c3e0e455ef4bc05b36550f3d010af9e84be8a08c199676025fdeb04"",""R16A-PAIR:c58fe913fc06f2896c1022f7ccc0e9de1b0f7f1121f09c7d18162d40fe764cf9""]"	"[""R14-ASSOC-013"",""R14-ASSOC-014"",""R14-ASSOC-015""]"	3	3	true	LINEAR_PATH	INVALID	NOT_A_CONNECTED_LINEAR_TREE		R16A-ENUM-0010	b6d7810d788618f5bd7436ec0c30909781ee734056c6223111ebb4813cc280df	UNRESOLVED	3	0	0	1	false
R16A-SUBGRAPH-1AF4D36ADC2F29C8231A	1af4d36adc2f29c8231aa92fe348ffb2185a944a0ae3843df704f11065c0b029	"[""TRV:2fe1d615f7fb24b99fb828c5ceadcf06635e7fb6f47910f32d2daf1f6bd763f0"",""TRV:5660ce124250ffd0ecbcf64a7359315bd26afdb0d89c559c03a491cc2138e4ed"",""TRV:fd793986cd6d45968d3c7103e778813542e6a9979a85e9cf512450307c9f7342""]"	"[""R16A-PAIR:4cf124f8588611ba0a2f76bce26ab0b5890dcfcf71d9283888d62d58bcdb974a"",""R16A-PAIR:591aa3897c3e0e455ef4bc05b36550f3d010af9e84be8a08c199676025fdeb04"",""R16A-PAIR:c58fe913fc06f2896c1022f7ccc0e9de1b0f7f1121f09c7d18162d40fe764cf9""]"	"[""R14-ASSOC-013"",""R14-ASSOC-014"",""R14-ASSOC-015""]"	3	3	true	BINARY_FORK	INVALID	BINARY_REQUIRES_EXACTLY_THREE_NODES_TWO_EDGES		R16A-ENUM-0010	b6d7810d788618f5bd7436ec0c30909781ee734056c6223111ebb4813cc280df	UNRESOLVED	3	0	0	1	false
R16A-SUBGRAPH-1AF4D36ADC2F29C8231A	1af4d36adc2f29c8231aa92fe348ffb2185a944a0ae3843df704f11065c0b029	"[""TRV:2fe1d615f7fb24b99fb828c5ceadcf06635e7fb6f47910f32d2daf1f6bd763f0"",""TRV:5660ce124250ffd0ecbcf64a7359315bd26afdb0d89c559c03a491cc2138e4ed"",""TRV:fd793986cd6d45968d3c7103e778813542e6a9979a85e9cf512450307c9f7342""]"	"[""R16A-PAIR:4cf124f8588611ba0a2f76bce26ab0b5890dcfcf71d9283888d62d58bcdb974a"",""R16A-PAIR:591aa3897c3e0e455ef4bc05b36550f3d010af9e84be8a08c199676025fdeb04"",""R16A-PAIR:c58fe913fc06f2896c1022f7ccc0e9de1b0f7f1121f09c7d18162d40fe764cf9""]"	"[""R14-ASSOC-013"",""R14-ASSOC-014"",""R14-ASSOC-015""]"	3	3	true	BINARY_CONVERGENCE	INVALID	BINARY_REQUIRES_EXACTLY_THREE_NODES_TWO_EDGES		R16A-ENUM-0010	b6d7810d788618f5bd7436ec0c30909781ee734056c6223111ebb4813cc280df	UNRESOLVED	3	0	0	1	false
R16A-SUBGRAPH-1AF4D36ADC2F29C8231A	1af4d36adc2f29c8231aa92fe348ffb2185a944a0ae3843df704f11065c0b029	"[""TRV:2fe1d615f7fb24b99fb828c5ceadcf06635e7fb6f47910f32d2daf1f6bd763f0"",""TRV:5660ce124250ffd0ecbcf64a7359315bd26afdb0d89c559c03a491cc2138e4ed"",""TRV:fd793986cd6d45968d3c7103e778813542e6a9979a85e9cf512450307c9f7342""]"	"[""R16A-PAIR:4cf124f8588611ba0a2f76bce26ab0b5890dcfcf71d9283888d62d58bcdb974a"",""R16A-PAIR:591aa3897c3e0e455ef4bc05b36550f3d010af9e84be8a08c199676025fdeb04"",""R16A-PAIR:c58fe913fc06f2896c1022f7ccc0e9de1b0f7f1121f09c7d18162d40fe764cf9""]"	"[""R14-ASSOC-013"",""R14-ASSOC-014"",""R14-ASSOC-015""]"	3	3	true	QUALIFIED_PATH	INVALID	NO_EXPLICIT_GOVERNED_QUALIFICATION_GATE		R16A-ENUM-0010	b6d7810d788618f5bd7436ec0c30909781ee734056c6223111ebb4813cc280df	UNRESOLVED	3	0	0	1	false
R16A-SUBGRAPH-1AF4D36ADC2F29C8231A	1af4d36adc2f29c8231aa92fe348ffb2185a944a0ae3843df704f11065c0b029	"[""TRV:2fe1d615f7fb24b99fb828c5ceadcf06635e7fb6f47910f32d2daf1f6bd763f0"",""TRV:5660ce124250ffd0ecbcf64a7359315bd26afdb0d89c559c03a491cc2138e4ed"",""TRV:fd793986cd6d45968d3c7103e778813542e6a9979a85e9cf512450307c9f7342""]"	"[""R16A-PAIR:4cf124f8588611ba0a2f76bce26ab0b5890dcfcf71d9283888d62d58bcdb974a"",""R16A-PAIR:591aa3897c3e0e455ef4bc05b36550f3d010af9e84be8a08c199676025fdeb04"",""R16A-PAIR:c58fe913fc06f2896c1022f7ccc0e9de1b0f7f1121f09c7d18162d40fe764cf9""]"	"[""R14-ASSOC-013"",""R14-ASSOC-014"",""R14-ASSOC-015""]"	3	3	true	REFLEXIVE_RETURN	INVALID	NO_EXPLICIT_GOVERNED_NAVIGATION_RETURN		R16A-ENUM-0010	b6d7810d788618f5bd7436ec0c30909781ee734056c6223111ebb4813cc280df	UNRESOLVED	3	0	0	1	false
R16A-SUBGRAPH-1AF4D36ADC2F29C8231A	1af4d36adc2f29c8231aa92fe348ffb2185a944a0ae3843df704f11065c0b029	"[""TRV:2fe1d615f7fb24b99fb828c5ceadcf06635e7fb6f47910f32d2daf1f6bd763f0"",""TRV:5660ce124250ffd0ecbcf64a7359315bd26afdb0d89c559c03a491cc2138e4ed"",""TRV:fd793986cd6d45968d3c7103e778813542e6a9979a85e9cf512450307c9f7342""]"	"[""R16A-PAIR:4cf124f8588611ba0a2f76bce26ab0b5890dcfcf71d9283888d62d58bcdb974a"",""R16A-PAIR:591aa3897c3e0e455ef4bc05b36550f3d010af9e84be8a08c199676025fdeb04"",""R16A-PAIR:c58fe913fc06f2896c1022f7ccc0e9de1b0f7f1121f09c7d18162d40fe764cf9""]"	"[""R14-ASSOC-013"",""R14-ASSOC-014"",""R14-ASSOC-015""]"	3	3	true	EVIDENCE_GAP_TREE	INVALID	NO_EXPLICIT_GOVERNED_EVIDENCE_GAP_NODE		R16A-ENUM-0010	b6d7810d788618f5bd7436ec0c30909781ee734056c6223111ebb4813cc280df	UNRESOLVED	3	0	0	1	false
R16A-SUBGRAPH-1B3121AC08F0E3129660	1b3121ac08f0e3129660c036358e8ff1e7356b0e2ce0a3d10cea5f4e41cc0480	"[""TRV:276446ba01e3aa387c83b06f54fccc5ac65bdc6099157a2a828716eac9c6fd4d"",""TRV:303eafd7c2afb63e99e140c4ba2abd1de5f78f9e8ebbb3040b4531b6df568639"",""TRV:c82d3d4865e41e2a263ff0427c4df2b8e3e43a85c835404d033d764468b3ba55""]"	"[""R16A-PAIR:2ea00c84f44e9da21aae78f742f5cf6cba09fee7e94d77ff3420dc07dd64cbb5"",""R16A-PAIR:e153332b67669fdaa24f256bfcf61135e56eb2894e48481afc71ae4327c81422""]"	"[""R14-ASSOC-006"",""R14-ASSOC-007""]"	3	2	false	LINEAR_PATH	VALID	CONNECTED_TREE_MAX_DEGREE_TWO	30dfafdd337553210aa8fdc7102701ff5ee6195ead03d678cd6443a9df96ca7f	R16A-ENUM-0011	6fd219065134eebcb1642ec7925270b35ef33be653b9f01af309761e61f74355	UNRESOLVED	2	0	0	1	false
R16A-SUBGRAPH-1B3121AC08F0E3129660	1b3121ac08f0e3129660c036358e8ff1e7356b0e2ce0a3d10cea5f4e41cc0480	"[""TRV:276446ba01e3aa387c83b06f54fccc5ac65bdc6099157a2a828716eac9c6fd4d"",""TRV:303eafd7c2afb63e99e140c4ba2abd1de5f78f9e8ebbb3040b4531b6df568639"",""TRV:c82d3d4865e41e2a263ff0427c4df2b8e3e43a85c835404d033d764468b3ba55""]"	"[""R16A-PAIR:2ea00c84f44e9da21aae78f742f5cf6cba09fee7e94d77ff3420dc07dd64cbb5"",""R16A-PAIR:e153332b67669fdaa24f256bfcf61135e56eb2894e48481afc71ae4327c81422""]"	"[""R14-ASSOC-006"",""R14-ASSOC-007""]"	3	2	false	BINARY_FORK	VALID	EXACT_THREE_NODE_TWO_EDGE_BINARY_SHAPE	c0456f14eae3680c284c02202f8072063d79e118a5eb4103707a2d9ddc5ff5b5	R16A-ENUM-0011	6fd219065134eebcb1642ec7925270b35ef33be653b9f01af309761e61f74355	UNRESOLVED	2	0	0	1	false
R16A-SUBGRAPH-1B3121AC08F0E3129660	1b3121ac08f0e3129660c036358e8ff1e7356b0e2ce0a3d10cea5f4e41cc0480	"[""TRV:276446ba01e3aa387c83b06f54fccc5ac65bdc6099157a2a828716eac9c6fd4d"",""TRV:303eafd7c2afb63e99e140c4ba2abd1de5f78f9e8ebbb3040b4531b6df568639"",""TRV:c82d3d4865e41e2a263ff0427c4df2b8e3e43a85c835404d033d764468b3ba55""]"	"[""R16A-PAIR:2ea00c84f44e9da21aae78f742f5cf6cba09fee7e94d77ff3420dc07dd64cbb5"",""R16A-PAIR:e153332b67669fdaa24f256bfcf61135e56eb2894e48481afc71ae4327c81422""]"	"[""R14-ASSOC-006"",""R14-ASSOC-007""]"	3	2	false	BINARY_CONVERGENCE	VALID	EXACT_THREE_NODE_TWO_EDGE_BINARY_SHAPE	e5b81e1b6a999bcc348173c562a5a12229facb3dda680b02fdd6e315575cf03b	R16A-ENUM-0011	6fd219065134eebcb1642ec7925270b35ef33be653b9f01af309761e61f74355	UNRESOLVED	2	0	0	1	false
R16A-SUBGRAPH-1B3121AC08F0E3129660	1b3121ac08f0e3129660c036358e8ff1e7356b0e2ce0a3d10cea5f4e41cc0480	"[""TRV:276446ba01e3aa387c83b06f54fccc5ac65bdc6099157a2a828716eac9c6fd4d"",""TRV:303eafd7c2afb63e99e140c4ba2abd1de5f78f9e8ebbb3040b4531b6df568639"",""TRV:c82d3d4865e41e2a263ff0427c4df2b8e3e43a85c835404d033d764468b3ba55""]"	"[""R16A-PAIR:2ea00c84f44e9da21aae78f742f5cf6cba09fee7e94d77ff3420dc07dd64cbb5"",""R16A-PAIR:e153332b67669fdaa24f256bfcf61135e56eb2894e48481afc71ae4327c81422""]"	"[""R14-ASSOC-006"",""R14-ASSOC-007""]"	3	2	false	QUALIFIED_PATH	INVALID	NO_EXPLICIT_GOVERNED_QUALIFICATION_GATE		R16A-ENUM-0011	6fd219065134eebcb1642ec7925270b35ef33be653b9f01af309761e61f74355	UNRESOLVED	2	0	0	1	false
R16A-SUBGRAPH-1B3121AC08F0E3129660	1b3121ac08f0e3129660c036358e8ff1e7356b0e2ce0a3d10cea5f4e41cc0480	"[""TRV:276446ba01e3aa387c83b06f54fccc5ac65bdc6099157a2a828716eac9c6fd4d"",""TRV:303eafd7c2afb63e99e140c4ba2abd1de5f78f9e8ebbb3040b4531b6df568639"",""TRV:c82d3d4865e41e2a263ff0427c4df2b8e3e43a85c835404d033d764468b3ba55""]"	"[""R16A-PAIR:2ea00c84f44e9da21aae78f742f5cf6cba09fee7e94d77ff3420dc07dd64cbb5"",""R16A-PAIR:e153332b67669fdaa24f256bfcf61135e56eb2894e48481afc71ae4327c81422""]"	"[""R14-ASSOC-006"",""R14-ASSOC-007""]"	3	2	false	REFLEXIVE_RETURN	INVALID	NO_EXPLICIT_GOVERNED_NAVIGATION_RETURN		R16A-ENUM-0011	6fd219065134eebcb1642ec7925270b35ef33be653b9f01af309761e61f74355	UNRESOLVED	2	0	0	1	false
R16A-SUBGRAPH-1B3121AC08F0E3129660	1b3121ac08f0e3129660c036358e8ff1e7356b0e2ce0a3d10cea5f4e41cc0480	"[""TRV:276446ba01e3aa387c83b06f54fccc5ac65bdc6099157a2a828716eac9c6fd4d"",""TRV:303eafd7c2afb63e99e140c4ba2abd1de5f78f9e8ebbb3040b4531b6df568639"",""TRV:c82d3d4865e41e2a263ff0427c4df2b8e3e43a85c835404d033d764468b3ba55""]"	"[""R16A-PAIR:2ea00c84f44e9da21aae78f742f5cf6cba09fee7e94d77ff3420dc07dd64cbb5"",""R16A-PAIR:e153332b67669fdaa24f256bfcf61135e56eb2894e48481afc71ae4327c81422""]"	"[""R14-ASSOC-006"",""R14-ASSOC-007""]"	3	2	false	EVIDENCE_GAP_TREE	INVALID	NO_EXPLICIT_GOVERNED_EVIDENCE_GAP_NODE		R16A-ENUM-0011	6fd219065134eebcb1642ec7925270b35ef33be653b9f01af309761e61f74355	UNRESOLVED	2	0	0	1	false
R16A-SUBGRAPH-2C56C22A2E189CB7ED85	2c56c22a2e189cb7ed85d38179658fc69806da1f587dfec6b31130bc996467cc	"[""TRV:276446ba01e3aa387c83b06f54fccc5ac65bdc6099157a2a828716eac9c6fd4d"",""TRV:83a2bff84b1d599d9eed884a09666501c96224a0b3b7457699ef0be145e76e73"",""TRV:c82d3d4865e41e2a263ff0427c4df2b8e3e43a85c835404d033d764468b3ba55""]"	"[""R16A-PAIR:5841a12151ac0ce714f0b8e279e939bed009b3f2be71086cde6033cbbd11b4ea"",""R16A-PAIR:e153332b67669fdaa24f256bfcf61135e56eb2894e48481afc71ae4327c81422""]"	"[""R14-ASSOC-007"",""R14-ASSOC-008""]"	3	2	true	LINEAR_PATH	VALID	CONNECTED_TREE_MAX_DEGREE_TWO	fed0fa6dc8137077c07fd609beaf6b05bf08f622be4ecd8e635cbf330d772951	R16A-ENUM-0012	4385f8227369e044cce0fd121635460310f75ff5f0566cf9334d85ff1f1635c2	UNRESOLVED	2	0	0	1	false
R16A-SUBGRAPH-2C56C22A2E189CB7ED85	2c56c22a2e189cb7ed85d38179658fc69806da1f587dfec6b31130bc996467cc	"[""TRV:276446ba01e3aa387c83b06f54fccc5ac65bdc6099157a2a828716eac9c6fd4d"",""TRV:83a2bff84b1d599d9eed884a09666501c96224a0b3b7457699ef0be145e76e73"",""TRV:c82d3d4865e41e2a263ff0427c4df2b8e3e43a85c835404d033d764468b3ba55""]"	"[""R16A-PAIR:5841a12151ac0ce714f0b8e279e939bed009b3f2be71086cde6033cbbd11b4ea"",""R16A-PAIR:e153332b67669fdaa24f256bfcf61135e56eb2894e48481afc71ae4327c81422""]"	"[""R14-ASSOC-007"",""R14-ASSOC-008""]"	3	2	true	BINARY_FORK	VALID	EXACT_THREE_NODE_TWO_EDGE_BINARY_SHAPE	1aa970274e9fb3eaf4f94d98b4fcff2f31cae48f8a4074effbd75e98b6014735	R16A-ENUM-0012	4385f8227369e044cce0fd121635460310f75ff5f0566cf9334d85ff1f1635c2	UNRESOLVED	2	0	0	1	false
R16A-SUBGRAPH-2C56C22A2E189CB7ED85	2c56c22a2e189cb7ed85d38179658fc69806da1f587dfec6b31130bc996467cc	"[""TRV:276446ba01e3aa387c83b06f54fccc5ac65bdc6099157a2a828716eac9c6fd4d"",""TRV:83a2bff84b1d599d9eed884a09666501c96224a0b3b7457699ef0be145e76e73"",""TRV:c82d3d4865e41e2a263ff0427c4df2b8e3e43a85c835404d033d764468b3ba55""]"	"[""R16A-PAIR:5841a12151ac0ce714f0b8e279e939bed009b3f2be71086cde6033cbbd11b4ea"",""R16A-PAIR:e153332b67669fdaa24f256bfcf61135e56eb2894e48481afc71ae4327c81422""]"	"[""R14-ASSOC-007"",""R14-ASSOC-008""]"	3	2	true	BINARY_CONVERGENCE	VALID	EXACT_THREE_NODE_TWO_EDGE_BINARY_SHAPE	0f2c32c45d7c8a4e3027829a5691149d4a88d5b9da30e0cff8b46f4efde08268	R16A-ENUM-0012	4385f8227369e044cce0fd121635460310f75ff5f0566cf9334d85ff1f1635c2	UNRESOLVED	2	0	0	1	false
R16A-SUBGRAPH-2C56C22A2E189CB7ED85	2c56c22a2e189cb7ed85d38179658fc69806da1f587dfec6b31130bc996467cc	"[""TRV:276446ba01e3aa387c83b06f54fccc5ac65bdc6099157a2a828716eac9c6fd4d"",""TRV:83a2bff84b1d599d9eed884a09666501c96224a0b3b7457699ef0be145e76e73"",""TRV:c82d3d4865e41e2a263ff0427c4df2b8e3e43a85c835404d033d764468b3ba55""]"	"[""R16A-PAIR:5841a12151ac0ce714f0b8e279e939bed009b3f2be71086cde6033cbbd11b4ea"",""R16A-PAIR:e153332b67669fdaa24f256bfcf61135e56eb2894e48481afc71ae4327c81422""]"	"[""R14-ASSOC-007"",""R14-ASSOC-008""]"	3	2	true	QUALIFIED_PATH	INVALID	NO_EXPLICIT_GOVERNED_QUALIFICATION_GATE		R16A-ENUM-0012	4385f8227369e044cce0fd121635460310f75ff5f0566cf9334d85ff1f1635c2	UNRESOLVED	2	0	0	1	false
R16A-SUBGRAPH-2C56C22A2E189CB7ED85	2c56c22a2e189cb7ed85d38179658fc69806da1f587dfec6b31130bc996467cc	"[""TRV:276446ba01e3aa387c83b06f54fccc5ac65bdc6099157a2a828716eac9c6fd4d"",""TRV:83a2bff84b1d599d9eed884a09666501c96224a0b3b7457699ef0be145e76e73"",""TRV:c82d3d4865e41e2a263ff0427c4df2b8e3e43a85c835404d033d764468b3ba55""]"	"[""R16A-PAIR:5841a12151ac0ce714f0b8e279e939bed009b3f2be71086cde6033cbbd11b4ea"",""R16A-PAIR:e153332b67669fdaa24f256bfcf61135e56eb2894e48481afc71ae4327c81422""]"	"[""R14-ASSOC-007"",""R14-ASSOC-008""]"	3	2	true	REFLEXIVE_RETURN	INVALID	NO_EXPLICIT_GOVERNED_NAVIGATION_RETURN		R16A-ENUM-0012	4385f8227369e044cce0fd121635460310f75ff5f0566cf9334d85ff1f1635c2	UNRESOLVED	2	0	0	1	false
R16A-SUBGRAPH-2C56C22A2E189CB7ED85	2c56c22a2e189cb7ed85d38179658fc69806da1f587dfec6b31130bc996467cc	"[""TRV:276446ba01e3aa387c83b06f54fccc5ac65bdc6099157a2a828716eac9c6fd4d"",""TRV:83a2bff84b1d599d9eed884a09666501c96224a0b3b7457699ef0be145e76e73"",""TRV:c82d3d4865e41e2a263ff0427c4df2b8e3e43a85c835404d033d764468b3ba55""]"	"[""R16A-PAIR:5841a12151ac0ce714f0b8e279e939bed009b3f2be71086cde6033cbbd11b4ea"",""R16A-PAIR:e153332b67669fdaa24f256bfcf61135e56eb2894e48481afc71ae4327c81422""]"	"[""R14-ASSOC-007"",""R14-ASSOC-008""]"	3	2	true	EVIDENCE_GAP_TREE	INVALID	NO_EXPLICIT_GOVERNED_EVIDENCE_GAP_NODE		R16A-ENUM-0012	4385f8227369e044cce0fd121635460310f75ff5f0566cf9334d85ff1f1635c2	UNRESOLVED	2	0	0	1	false
R16A-SUBGRAPH-2EAB4F43682B174F0AC6	2eab4f43682b174f0ac67f0903052c579fa0289c1fa169191a173162086caa49	"[""TRV:be33e16d8f585c08bb0efe6f0df92659a22d534298639f5318d2a2580546fdcc"",""TRV:d366de58d3002458bfb404ee505621e926c518871a4caeffcdfb89b45f8112ef""]"	"[""R16A-PAIR:43fa33f1a987090224619eb68e83d246be7705f94d1b2e364bdfb2b73fc1a94f""]"	"[""R14-ASSOC-012""]"	2	1	true	LINEAR_PATH	VALID	CONNECTED_TREE_MAX_DEGREE_TWO	1418f4f9e09532a6d5bbeb02cc4142a9ba939d054b093a8564ee68aaeda23ece	R16A-ENUM-0013	e3964365213df2c50e2662903a7b68a983b3195fc6690ac83506777fa8124efb	LINEAR_PATH	1	0	0	0	false
R16A-SUBGRAPH-2EAB4F43682B174F0AC6	2eab4f43682b174f0ac67f0903052c579fa0289c1fa169191a173162086caa49	"[""TRV:be33e16d8f585c08bb0efe6f0df92659a22d534298639f5318d2a2580546fdcc"",""TRV:d366de58d3002458bfb404ee505621e926c518871a4caeffcdfb89b45f8112ef""]"	"[""R16A-PAIR:43fa33f1a987090224619eb68e83d246be7705f94d1b2e364bdfb2b73fc1a94f""]"	"[""R14-ASSOC-012""]"	2	1	true	BINARY_FORK	INVALID	BINARY_REQUIRES_EXACTLY_THREE_NODES_TWO_EDGES		R16A-ENUM-0013	e3964365213df2c50e2662903a7b68a983b3195fc6690ac83506777fa8124efb	LINEAR_PATH	1	0	0	0	false
R16A-SUBGRAPH-2EAB4F43682B174F0AC6	2eab4f43682b174f0ac67f0903052c579fa0289c1fa169191a173162086caa49	"[""TRV:be33e16d8f585c08bb0efe6f0df92659a22d534298639f5318d2a2580546fdcc"",""TRV:d366de58d3002458bfb404ee505621e926c518871a4caeffcdfb89b45f8112ef""]"	"[""R16A-PAIR:43fa33f1a987090224619eb68e83d246be7705f94d1b2e364bdfb2b73fc1a94f""]"	"[""R14-ASSOC-012""]"	2	1	true	BINARY_CONVERGENCE	INVALID	BINARY_REQUIRES_EXACTLY_THREE_NODES_TWO_EDGES		R16A-ENUM-0013	e3964365213df2c50e2662903a7b68a983b3195fc6690ac83506777fa8124efb	LINEAR_PATH	1	0	0	0	false
R16A-SUBGRAPH-2EAB4F43682B174F0AC6	2eab4f43682b174f0ac67f0903052c579fa0289c1fa169191a173162086caa49	"[""TRV:be33e16d8f585c08bb0efe6f0df92659a22d534298639f5318d2a2580546fdcc"",""TRV:d366de58d3002458bfb404ee505621e926c518871a4caeffcdfb89b45f8112ef""]"	"[""R16A-PAIR:43fa33f1a987090224619eb68e83d246be7705f94d1b2e364bdfb2b73fc1a94f""]"	"[""R14-ASSOC-012""]"	2	1	true	QUALIFIED_PATH	INVALID	NO_EXPLICIT_GOVERNED_QUALIFICATION_GATE		R16A-ENUM-0013	e3964365213df2c50e2662903a7b68a983b3195fc6690ac83506777fa8124efb	LINEAR_PATH	1	0	0	0	false
R16A-SUBGRAPH-2EAB4F43682B174F0AC6	2eab4f43682b174f0ac67f0903052c579fa0289c1fa169191a173162086caa49	"[""TRV:be33e16d8f585c08bb0efe6f0df92659a22d534298639f5318d2a2580546fdcc"",""TRV:d366de58d3002458bfb404ee505621e926c518871a4caeffcdfb89b45f8112ef""]"	"[""R16A-PAIR:43fa33f1a987090224619eb68e83d246be7705f94d1b2e364bdfb2b73fc1a94f""]"	"[""R14-ASSOC-012""]"	2	1	true	REFLEXIVE_RETURN	INVALID	NO_EXPLICIT_GOVERNED_NAVIGATION_RETURN		R16A-ENUM-0013	e3964365213df2c50e2662903a7b68a983b3195fc6690ac83506777fa8124efb	LINEAR_PATH	1	0	0	0	false
R16A-SUBGRAPH-2EAB4F43682B174F0AC6	2eab4f43682b174f0ac67f0903052c579fa0289c1fa169191a173162086caa49	"[""TRV:be33e16d8f585c08bb0efe6f0df92659a22d534298639f5318d2a2580546fdcc"",""TRV:d366de58d3002458bfb404ee505621e926c518871a4caeffcdfb89b45f8112ef""]"	"[""R16A-PAIR:43fa33f1a987090224619eb68e83d246be7705f94d1b2e364bdfb2b73fc1a94f""]"	"[""R14-ASSOC-012""]"	2	1	true	EVIDENCE_GAP_TREE	INVALID	NO_EXPLICIT_GOVERNED_EVIDENCE_GAP_NODE		R16A-ENUM-0013	e3964365213df2c50e2662903a7b68a983b3195fc6690ac83506777fa8124efb	LINEAR_PATH	1	0	0	0	false
R16A-SUBGRAPH-37F8E3DA7DBDF89DD184	37f8e3da7dbdf89dd1842259f080714a14a19de35222a31b8d053b1e0f09150d	"[""TRV:276446ba01e3aa387c83b06f54fccc5ac65bdc6099157a2a828716eac9c6fd4d"",""TRV:303eafd7c2afb63e99e140c4ba2abd1de5f78f9e8ebbb3040b4531b6df568639"",""TRV:83a2bff84b1d599d9eed884a09666501c96224a0b3b7457699ef0be145e76e73"",""TRV:c82d3d4865e41e2a263ff0427c4df2b8e3e43a85c835404d033d764468b3ba55""]"	"[""R16A-PAIR:db9e8b1d1d7e17983872e3600cd1a3ce5ae7f3c907ae70bdeafcbd0b2c6a0460"",""R16A-PAIR:e153332b67669fdaa24f256bfcf61135e56eb2894e48481afc71ae4327c81422"",""R16A-PAIR:f82795fcaba53ac0c255461d014e82b9e563362b645b4c65a58e27644e22c54c""]"	"[""R14-ASSOC-005"",""R14-ASSOC-007"",""R14-ASSOC-009""]"	4	3	false	LINEAR_PATH	VALID	CONNECTED_TREE_MAX_DEGREE_TWO	e9ba47b78852a848d1899ecad76c2e05c0b91d4cc39f1adfd729bb5fec0bb09d	R16A-ENUM-0014	41433afb8d007adcd79c828c641758ee35118fc85884ad647ba3d11fed3e5588	LINEAR_PATH	3	0	0	0	false
R16A-SUBGRAPH-37F8E3DA7DBDF89DD184	37f8e3da7dbdf89dd1842259f080714a14a19de35222a31b8d053b1e0f09150d	"[""TRV:276446ba01e3aa387c83b06f54fccc5ac65bdc6099157a2a828716eac9c6fd4d"",""TRV:303eafd7c2afb63e99e140c4ba2abd1de5f78f9e8ebbb3040b4531b6df568639"",""TRV:83a2bff84b1d599d9eed884a09666501c96224a0b3b7457699ef0be145e76e73"",""TRV:c82d3d4865e41e2a263ff0427c4df2b8e3e43a85c835404d033d764468b3ba55""]"	"[""R16A-PAIR:db9e8b1d1d7e17983872e3600cd1a3ce5ae7f3c907ae70bdeafcbd0b2c6a0460"",""R16A-PAIR:e153332b67669fdaa24f256bfcf61135e56eb2894e48481afc71ae4327c81422"",""R16A-PAIR:f82795fcaba53ac0c255461d014e82b9e563362b645b4c65a58e27644e22c54c""]"	"[""R14-ASSOC-005"",""R14-ASSOC-007"",""R14-ASSOC-009""]"	4	3	false	BINARY_FORK	INVALID	BINARY_REQUIRES_EXACTLY_THREE_NODES_TWO_EDGES		R16A-ENUM-0014	41433afb8d007adcd79c828c641758ee35118fc85884ad647ba3d11fed3e5588	LINEAR_PATH	3	0	0	0	false
R16A-SUBGRAPH-37F8E3DA7DBDF89DD184	37f8e3da7dbdf89dd1842259f080714a14a19de35222a31b8d053b1e0f09150d	"[""TRV:276446ba01e3aa387c83b06f54fccc5ac65bdc6099157a2a828716eac9c6fd4d"",""TRV:303eafd7c2afb63e99e140c4ba2abd1de5f78f9e8ebbb3040b4531b6df568639"",""TRV:83a2bff84b1d599d9eed884a09666501c96224a0b3b7457699ef0be145e76e73"",""TRV:c82d3d4865e41e2a263ff0427c4df2b8e3e43a85c835404d033d764468b3ba55""]"	"[""R16A-PAIR:db9e8b1d1d7e17983872e3600cd1a3ce5ae7f3c907ae70bdeafcbd0b2c6a0460"",""R16A-PAIR:e153332b67669fdaa24f256bfcf61135e56eb2894e48481afc71ae4327c81422"",""R16A-PAIR:f82795fcaba53ac0c255461d014e82b9e563362b645b4c65a58e27644e22c54c""]"	"[""R14-ASSOC-005"",""R14-ASSOC-007"",""R14-ASSOC-009""]"	4	3	false	BINARY_CONVERGENCE	INVALID	BINARY_REQUIRES_EXACTLY_THREE_NODES_TWO_EDGES		R16A-ENUM-0014	41433afb8d007adcd79c828c641758ee35118fc85884ad647ba3d11fed3e5588	LINEAR_PATH	3	0	0	0	false
R16A-SUBGRAPH-37F8E3DA7DBDF89DD184	37f8e3da7dbdf89dd1842259f080714a14a19de35222a31b8d053b1e0f09150d	"[""TRV:276446ba01e3aa387c83b06f54fccc5ac65bdc6099157a2a828716eac9c6fd4d"",""TRV:303eafd7c2afb63e99e140c4ba2abd1de5f78f9e8ebbb3040b4531b6df568639"",""TRV:83a2bff84b1d599d9eed884a09666501c96224a0b3b7457699ef0be145e76e73"",""TRV:c82d3d4865e41e2a263ff0427c4df2b8e3e43a85c835404d033d764468b3ba55""]"	"[""R16A-PAIR:db9e8b1d1d7e17983872e3600cd1a3ce5ae7f3c907ae70bdeafcbd0b2c6a0460"",""R16A-PAIR:e153332b67669fdaa24f256bfcf61135e56eb2894e48481afc71ae4327c81422"",""R16A-PAIR:f82795fcaba53ac0c255461d014e82b9e563362b645b4c65a58e27644e22c54c""]"	"[""R14-ASSOC-005"",""R14-ASSOC-007"",""R14-ASSOC-009""]"	4	3	false	QUALIFIED_PATH	INVALID	NO_EXPLICIT_GOVERNED_QUALIFICATION_GATE		R16A-ENUM-0014	41433afb8d007adcd79c828c641758ee35118fc85884ad647ba3d11fed3e5588	LINEAR_PATH	3	0	0	0	false
R16A-SUBGRAPH-37F8E3DA7DBDF89DD184	37f8e3da7dbdf89dd1842259f080714a14a19de35222a31b8d053b1e0f09150d	"[""TRV:276446ba01e3aa387c83b06f54fccc5ac65bdc6099157a2a828716eac9c6fd4d"",""TRV:303eafd7c2afb63e99e140c4ba2abd1de5f78f9e8ebbb3040b4531b6df568639"",""TRV:83a2bff84b1d599d9eed884a09666501c96224a0b3b7457699ef0be145e76e73"",""TRV:c82d3d4865e41e2a263ff0427c4df2b8e3e43a85c835404d033d764468b3ba55""]"	"[""R16A-PAIR:db9e8b1d1d7e17983872e3600cd1a3ce5ae7f3c907ae70bdeafcbd0b2c6a0460"",""R16A-PAIR:e153332b67669fdaa24f256bfcf61135e56eb2894e48481afc71ae4327c81422"",""R16A-PAIR:f82795fcaba53ac0c255461d014e82b9e563362b645b4c65a58e27644e22c54c""]"	"[""R14-ASSOC-005"",""R14-ASSOC-007"",""R14-ASSOC-009""]"	4	3	false	REFLEXIVE_RETURN	INVALID	NO_EXPLICIT_GOVERNED_NAVIGATION_RETURN		R16A-ENUM-0014	41433afb8d007adcd79c828c641758ee35118fc85884ad647ba3d11fed3e5588	LINEAR_PATH	3	0	0	0	false
R16A-SUBGRAPH-37F8E3DA7DBDF89DD184	37f8e3da7dbdf89dd1842259f080714a14a19de35222a31b8d053b1e0f09150d	"[""TRV:276446ba01e3aa387c83b06f54fccc5ac65bdc6099157a2a828716eac9c6fd4d"",""TRV:303eafd7c2afb63e99e140c4ba2abd1de5f78f9e8ebbb3040b4531b6df568639"",""TRV:83a2bff84b1d599d9eed884a09666501c96224a0b3b7457699ef0be145e76e73"",""TRV:c82d3d4865e41e2a263ff0427c4df2b8e3e43a85c835404d033d764468b3ba55""]"	"[""R16A-PAIR:db9e8b1d1d7e17983872e3600cd1a3ce5ae7f3c907ae70bdeafcbd0b2c6a0460"",""R16A-PAIR:e153332b67669fdaa24f256bfcf61135e56eb2894e48481afc71ae4327c81422"",""R16A-PAIR:f82795fcaba53ac0c255461d014e82b9e563362b645b4c65a58e27644e22c54c""]"	"[""R14-ASSOC-005"",""R14-ASSOC-007"",""R14-ASSOC-009""]"	4	3	false	EVIDENCE_GAP_TREE	INVALID	NO_EXPLICIT_GOVERNED_EVIDENCE_GAP_NODE		R16A-ENUM-0014	41433afb8d007adcd79c828c641758ee35118fc85884ad647ba3d11fed3e5588	LINEAR_PATH	3	0	0	0	false
R16A-SUBGRAPH-3B11A4A73B8C15135410	3b11a4a73b8c151354106cabe9217b3e3db6505cfa215b2ecbf6144955917b5f	"[""TRV:9e44dae2c5ca8dc916878b28f5ec3720e42ea22d2add139759780727e6f487ce"",""TRV:ab8e18ef4ebebeddc0b3152ce9c9006e14fc05242e3fc9ce32246ea6a9543074"",""TRV:ad8c6f6e417a6d2db992c155701ed13494624142922d58eda2e4ad0fa4672fa8""]"	"[""R16A-PAIR:27598c04934f3d33ad80dfb1aecc18d272cf86ee7fe3a726a95aae81144dfb06"",""R16A-PAIR:818cc370417319af9a65fec5211969862df5c48a821265533ba289932e57b18c""]"	"[""R14-ASSOC-002"",""R14-ASSOC-003""]"	3	2	false	LINEAR_PATH	VALID	CONNECTED_TREE_MAX_DEGREE_TWO	f9c253d359466b36ee1674f795faf1eb474975edf2d43815b50c0b8eb48c3bf9	R16A-ENUM-0015	ffe30bb02826132b5543c5b4df17eebc0add424645dfd7c819de937c55c195b5	UNRESOLVED	2	0	0	1	false
R16A-SUBGRAPH-3B11A4A73B8C15135410	3b11a4a73b8c151354106cabe9217b3e3db6505cfa215b2ecbf6144955917b5f	"[""TRV:9e44dae2c5ca8dc916878b28f5ec3720e42ea22d2add139759780727e6f487ce"",""TRV:ab8e18ef4ebebeddc0b3152ce9c9006e14fc05242e3fc9ce32246ea6a9543074"",""TRV:ad8c6f6e417a6d2db992c155701ed13494624142922d58eda2e4ad0fa4672fa8""]"	"[""R16A-PAIR:27598c04934f3d33ad80dfb1aecc18d272cf86ee7fe3a726a95aae81144dfb06"",""R16A-PAIR:818cc370417319af9a65fec5211969862df5c48a821265533ba289932e57b18c""]"	"[""R14-ASSOC-002"",""R14-ASSOC-003""]"	3	2	false	BINARY_FORK	VALID	EXACT_THREE_NODE_TWO_EDGE_BINARY_SHAPE	24c5b3fd644b907a33ae9c76e94d648a43f3ca68853d1f4496baba5b3f155176	R16A-ENUM-0015	ffe30bb02826132b5543c5b4df17eebc0add424645dfd7c819de937c55c195b5	UNRESOLVED	2	0	0	1	false
R16A-SUBGRAPH-3B11A4A73B8C15135410	3b11a4a73b8c151354106cabe9217b3e3db6505cfa215b2ecbf6144955917b5f	"[""TRV:9e44dae2c5ca8dc916878b28f5ec3720e42ea22d2add139759780727e6f487ce"",""TRV:ab8e18ef4ebebeddc0b3152ce9c9006e14fc05242e3fc9ce32246ea6a9543074"",""TRV:ad8c6f6e417a6d2db992c155701ed13494624142922d58eda2e4ad0fa4672fa8""]"	"[""R16A-PAIR:27598c04934f3d33ad80dfb1aecc18d272cf86ee7fe3a726a95aae81144dfb06"",""R16A-PAIR:818cc370417319af9a65fec5211969862df5c48a821265533ba289932e57b18c""]"	"[""R14-ASSOC-002"",""R14-ASSOC-003""]"	3	2	false	BINARY_CONVERGENCE	VALID	EXACT_THREE_NODE_TWO_EDGE_BINARY_SHAPE	ed64f4b1e1638365793afe460df80ea862f3b1c558abb8eb1df36f91218059a2	R16A-ENUM-0015	ffe30bb02826132b5543c5b4df17eebc0add424645dfd7c819de937c55c195b5	UNRESOLVED	2	0	0	1	false
R16A-SUBGRAPH-3B11A4A73B8C15135410	3b11a4a73b8c151354106cabe9217b3e3db6505cfa215b2ecbf6144955917b5f	"[""TRV:9e44dae2c5ca8dc916878b28f5ec3720e42ea22d2add139759780727e6f487ce"",""TRV:ab8e18ef4ebebeddc0b3152ce9c9006e14fc05242e3fc9ce32246ea6a9543074"",""TRV:ad8c6f6e417a6d2db992c155701ed13494624142922d58eda2e4ad0fa4672fa8""]"	"[""R16A-PAIR:27598c04934f3d33ad80dfb1aecc18d272cf86ee7fe3a726a95aae81144dfb06"",""R16A-PAIR:818cc370417319af9a65fec5211969862df5c48a821265533ba289932e57b18c""]"	"[""R14-ASSOC-002"",""R14-ASSOC-003""]"	3	2	false	QUALIFIED_PATH	INVALID	NO_EXPLICIT_GOVERNED_QUALIFICATION_GATE		R16A-ENUM-0015	ffe30bb02826132b5543c5b4df17eebc0add424645dfd7c819de937c55c195b5	UNRESOLVED	2	0	0	1	false
R16A-SUBGRAPH-3B11A4A73B8C15135410	3b11a4a73b8c151354106cabe9217b3e3db6505cfa215b2ecbf6144955917b5f	"[""TRV:9e44dae2c5ca8dc916878b28f5ec3720e42ea22d2add139759780727e6f487ce"",""TRV:ab8e18ef4ebebeddc0b3152ce9c9006e14fc05242e3fc9ce32246ea6a9543074"",""TRV:ad8c6f6e417a6d2db992c155701ed13494624142922d58eda2e4ad0fa4672fa8""]"	"[""R16A-PAIR:27598c04934f3d33ad80dfb1aecc18d272cf86ee7fe3a726a95aae81144dfb06"",""R16A-PAIR:818cc370417319af9a65fec5211969862df5c48a821265533ba289932e57b18c""]"	"[""R14-ASSOC-002"",""R14-ASSOC-003""]"	3	2	false	REFLEXIVE_RETURN	INVALID	NO_EXPLICIT_GOVERNED_NAVIGATION_RETURN		R16A-ENUM-0015	ffe30bb02826132b5543c5b4df17eebc0add424645dfd7c819de937c55c195b5	UNRESOLVED	2	0	0	1	false
R16A-SUBGRAPH-3B11A4A73B8C15135410	3b11a4a73b8c151354106cabe9217b3e3db6505cfa215b2ecbf6144955917b5f	"[""TRV:9e44dae2c5ca8dc916878b28f5ec3720e42ea22d2add139759780727e6f487ce"",""TRV:ab8e18ef4ebebeddc0b3152ce9c9006e14fc05242e3fc9ce32246ea6a9543074"",""TRV:ad8c6f6e417a6d2db992c155701ed13494624142922d58eda2e4ad0fa4672fa8""]"	"[""R16A-PAIR:27598c04934f3d33ad80dfb1aecc18d272cf86ee7fe3a726a95aae81144dfb06"",""R16A-PAIR:818cc370417319af9a65fec5211969862df5c48a821265533ba289932e57b18c""]"	"[""R14-ASSOC-002"",""R14-ASSOC-003""]"	3	2	false	EVIDENCE_GAP_TREE	INVALID	NO_EXPLICIT_GOVERNED_EVIDENCE_GAP_NODE		R16A-ENUM-0015	ffe30bb02826132b5543c5b4df17eebc0add424645dfd7c819de937c55c195b5	UNRESOLVED	2	0	0	1	false
R16A-SUBGRAPH-3B55AF2A756E0F57505E	3b55af2a756e0f57505ed9133e043fec3c96e1c93a73b7df1badccd9dd6fde09	"[""TRV:276446ba01e3aa387c83b06f54fccc5ac65bdc6099157a2a828716eac9c6fd4d"",""TRV:303eafd7c2afb63e99e140c4ba2abd1de5f78f9e8ebbb3040b4531b6df568639"",""TRV:83a2bff84b1d599d9eed884a09666501c96224a0b3b7457699ef0be145e76e73"",""TRV:c82d3d4865e41e2a263ff0427c4df2b8e3e43a85c835404d033d764468b3ba55""]"	"[""R16A-PAIR:2ea00c84f44e9da21aae78f742f5cf6cba09fee7e94d77ff3420dc07dd64cbb5"",""R16A-PAIR:db9e8b1d1d7e17983872e3600cd1a3ce5ae7f3c907ae70bdeafcbd0b2c6a0460"",""R16A-PAIR:e153332b67669fdaa24f256bfcf61135e56eb2894e48481afc71ae4327c81422"",""R16A-PAIR:f82795fcaba53ac0c255461d014e82b9e563362b645b4c65a58e27644e22c54c""]"	"[""R14-ASSOC-005"",""R14-ASSOC-006"",""R14-ASSOC-007"",""R14-ASSOC-009""]"	4	4	false	LINEAR_PATH	INVALID	NOT_A_CONNECTED_LINEAR_TREE		R16A-ENUM-0016	7eda6074da4f76c72e4d90f911c66601189d438c52ea18d28007db30f6552ae1	UNRESOLVED	2	1	1	2	false
R16A-SUBGRAPH-3B55AF2A756E0F57505E	3b55af2a756e0f57505ed9133e043fec3c96e1c93a73b7df1badccd9dd6fde09	"[""TRV:276446ba01e3aa387c83b06f54fccc5ac65bdc6099157a2a828716eac9c6fd4d"",""TRV:303eafd7c2afb63e99e140c4ba2abd1de5f78f9e8ebbb3040b4531b6df568639"",""TRV:83a2bff84b1d599d9eed884a09666501c96224a0b3b7457699ef0be145e76e73"",""TRV:c82d3d4865e41e2a263ff0427c4df2b8e3e43a85c835404d033d764468b3ba55""]"	"[""R16A-PAIR:2ea00c84f44e9da21aae78f742f5cf6cba09fee7e94d77ff3420dc07dd64cbb5"",""R16A-PAIR:db9e8b1d1d7e17983872e3600cd1a3ce5ae7f3c907ae70bdeafcbd0b2c6a0460"",""R16A-PAIR:e153332b67669fdaa24f256bfcf61135e56eb2894e48481afc71ae4327c81422"",""R16A-PAIR:f82795fcaba53ac0c255461d014e82b9e563362b645b4c65a58e27644e22c54c""]"	"[""R14-ASSOC-005"",""R14-ASSOC-006"",""R14-ASSOC-007"",""R14-ASSOC-009""]"	4	4	false	BINARY_FORK	INVALID	BINARY_REQUIRES_EXACTLY_THREE_NODES_TWO_EDGES		R16A-ENUM-0016	7eda6074da4f76c72e4d90f911c66601189d438c52ea18d28007db30f6552ae1	UNRESOLVED	2	1	1	2	false
R16A-SUBGRAPH-3B55AF2A756E0F57505E	3b55af2a756e0f57505ed9133e043fec3c96e1c93a73b7df1badccd9dd6fde09	"[""TRV:276446ba01e3aa387c83b06f54fccc5ac65bdc6099157a2a828716eac9c6fd4d"",""TRV:303eafd7c2afb63e99e140c4ba2abd1de5f78f9e8ebbb3040b4531b6df568639"",""TRV:83a2bff84b1d599d9eed884a09666501c96224a0b3b7457699ef0be145e76e73"",""TRV:c82d3d4865e41e2a263ff0427c4df2b8e3e43a85c835404d033d764468b3ba55""]"	"[""R16A-PAIR:2ea00c84f44e9da21aae78f742f5cf6cba09fee7e94d77ff3420dc07dd64cbb5"",""R16A-PAIR:db9e8b1d1d7e17983872e3600cd1a3ce5ae7f3c907ae70bdeafcbd0b2c6a0460"",""R16A-PAIR:e153332b67669fdaa24f256bfcf61135e56eb2894e48481afc71ae4327c81422"",""R16A-PAIR:f82795fcaba53ac0c255461d014e82b9e563362b645b4c65a58e27644e22c54c""]"	"[""R14-ASSOC-005"",""R14-ASSOC-006"",""R14-ASSOC-007"",""R14-ASSOC-009""]"	4	4	false	BINARY_CONVERGENCE	INVALID	BINARY_REQUIRES_EXACTLY_THREE_NODES_TWO_EDGES		R16A-ENUM-0016	7eda6074da4f76c72e4d90f911c66601189d438c52ea18d28007db30f6552ae1	UNRESOLVED	2	1	1	2	false
R16A-SUBGRAPH-3B55AF2A756E0F57505E	3b55af2a756e0f57505ed9133e043fec3c96e1c93a73b7df1badccd9dd6fde09	"[""TRV:276446ba01e3aa387c83b06f54fccc5ac65bdc6099157a2a828716eac9c6fd4d"",""TRV:303eafd7c2afb63e99e140c4ba2abd1de5f78f9e8ebbb3040b4531b6df568639"",""TRV:83a2bff84b1d599d9eed884a09666501c96224a0b3b7457699ef0be145e76e73"",""TRV:c82d3d4865e41e2a263ff0427c4df2b8e3e43a85c835404d033d764468b3ba55""]"	"[""R16A-PAIR:2ea00c84f44e9da21aae78f742f5cf6cba09fee7e94d77ff3420dc07dd64cbb5"",""R16A-PAIR:db9e8b1d1d7e17983872e3600cd1a3ce5ae7f3c907ae70bdeafcbd0b2c6a0460"",""R16A-PAIR:e153332b67669fdaa24f256bfcf61135e56eb2894e48481afc71ae4327c81422"",""R16A-PAIR:f82795fcaba53ac0c255461d014e82b9e563362b645b4c65a58e27644e22c54c""]"	"[""R14-ASSOC-005"",""R14-ASSOC-006"",""R14-ASSOC-007"",""R14-ASSOC-009""]"	4	4	false	QUALIFIED_PATH	INVALID	NO_EXPLICIT_GOVERNED_QUALIFICATION_GATE		R16A-ENUM-0016	7eda6074da4f76c72e4d90f911c66601189d438c52ea18d28007db30f6552ae1	UNRESOLVED	2	1	1	2	false
R16A-SUBGRAPH-3B55AF2A756E0F57505E	3b55af2a756e0f57505ed9133e043fec3c96e1c93a73b7df1badccd9dd6fde09	"[""TRV:276446ba01e3aa387c83b06f54fccc5ac65bdc6099157a2a828716eac9c6fd4d"",""TRV:303eafd7c2afb63e99e140c4ba2abd1de5f78f9e8ebbb3040b4531b6df568639"",""TRV:83a2bff84b1d599d9eed884a09666501c96224a0b3b7457699ef0be145e76e73"",""TRV:c82d3d4865e41e2a263ff0427c4df2b8e3e43a85c835404d033d764468b3ba55""]"	"[""R16A-PAIR:2ea00c84f44e9da21aae78f742f5cf6cba09fee7e94d77ff3420dc07dd64cbb5"",""R16A-PAIR:db9e8b1d1d7e17983872e3600cd1a3ce5ae7f3c907ae70bdeafcbd0b2c6a0460"",""R16A-PAIR:e153332b67669fdaa24f256bfcf61135e56eb2894e48481afc71ae4327c81422"",""R16A-PAIR:f82795fcaba53ac0c255461d014e82b9e563362b645b4c65a58e27644e22c54c""]"	"[""R14-ASSOC-005"",""R14-ASSOC-006"",""R14-ASSOC-007"",""R14-ASSOC-009""]"	4	4	false	REFLEXIVE_RETURN	INVALID	NO_EXPLICIT_GOVERNED_NAVIGATION_RETURN		R16A-ENUM-0016	7eda6074da4f76c72e4d90f911c66601189d438c52ea18d28007db30f6552ae1	UNRESOLVED	2	1	1	2	false
R16A-SUBGRAPH-3B55AF2A756E0F57505E	3b55af2a756e0f57505ed9133e043fec3c96e1c93a73b7df1badccd9dd6fde09	"[""TRV:276446ba01e3aa387c83b06f54fccc5ac65bdc6099157a2a828716eac9c6fd4d"",""TRV:303eafd7c2afb63e99e140c4ba2abd1de5f78f9e8ebbb3040b4531b6df568639"",""TRV:83a2bff84b1d599d9eed884a09666501c96224a0b3b7457699ef0be145e76e73"",""TRV:c82d3d4865e41e2a263ff0427c4df2b8e3e43a85c835404d033d764468b3ba55""]"	"[""R16A-PAIR:2ea00c84f44e9da21aae78f742f5cf6cba09fee7e94d77ff3420dc07dd64cbb5"",""R16A-PAIR:db9e8b1d1d7e17983872e3600cd1a3ce5ae7f3c907ae70bdeafcbd0b2c6a0460"",""R16A-PAIR:e153332b67669fdaa24f256bfcf61135e56eb2894e48481afc71ae4327c81422"",""R16A-PAIR:f82795fcaba53ac0c255461d014e82b9e563362b645b4c65a58e27644e22c54c""]"	"[""R14-ASSOC-005"",""R14-ASSOC-006"",""R14-ASSOC-007"",""R14-ASSOC-009""]"	4	4	false	EVIDENCE_GAP_TREE	INVALID	NO_EXPLICIT_GOVERNED_EVIDENCE_GAP_NODE		R16A-ENUM-0016	7eda6074da4f76c72e4d90f911c66601189d438c52ea18d28007db30f6552ae1	UNRESOLVED	2	1	1	2	false
R16A-SUBGRAPH-3EC1DE84B90EBAD54C14	3ec1de84b90ebad54c140e050ecae6b2294a4450d7295e4a8866a8b08e219cc2	"[""TRV:177025b0eec6e5e441b7f637224e31440c6cc60afd1d06ced1ad993d4ac8988c"",""TRV:be33e16d8f585c08bb0efe6f0df92659a22d534298639f5318d2a2580546fdcc""]"	"[""R16A-PAIR:891e0c3d300d8c4af59fbef2f00d164ee9c22df4148122c54ed84daee1dcb37e""]"	"[""R14-ASSOC-011""]"	2	1	true	LINEAR_PATH	VALID	CONNECTED_TREE_MAX_DEGREE_TWO	89976f424967f9e1294bd8a9b5b64f20974d1fbbad91a0d06d2d7a88fe021e59	R16A-ENUM-0017	5ef8965a078fb1a3c5cff64434d541c4478c5f5a0627b9aa45c1950eea29c8c0	LINEAR_PATH	1	0	0	0	false
R16A-SUBGRAPH-3EC1DE84B90EBAD54C14	3ec1de84b90ebad54c140e050ecae6b2294a4450d7295e4a8866a8b08e219cc2	"[""TRV:177025b0eec6e5e441b7f637224e31440c6cc60afd1d06ced1ad993d4ac8988c"",""TRV:be33e16d8f585c08bb0efe6f0df92659a22d534298639f5318d2a2580546fdcc""]"	"[""R16A-PAIR:891e0c3d300d8c4af59fbef2f00d164ee9c22df4148122c54ed84daee1dcb37e""]"	"[""R14-ASSOC-011""]"	2	1	true	BINARY_FORK	INVALID	BINARY_REQUIRES_EXACTLY_THREE_NODES_TWO_EDGES		R16A-ENUM-0017	5ef8965a078fb1a3c5cff64434d541c4478c5f5a0627b9aa45c1950eea29c8c0	LINEAR_PATH	1	0	0	0	false
R16A-SUBGRAPH-3EC1DE84B90EBAD54C14	3ec1de84b90ebad54c140e050ecae6b2294a4450d7295e4a8866a8b08e219cc2	"[""TRV:177025b0eec6e5e441b7f637224e31440c6cc60afd1d06ced1ad993d4ac8988c"",""TRV:be33e16d8f585c08bb0efe6f0df92659a22d534298639f5318d2a2580546fdcc""]"	"[""R16A-PAIR:891e0c3d300d8c4af59fbef2f00d164ee9c22df4148122c54ed84daee1dcb37e""]"	"[""R14-ASSOC-011""]"	2	1	true	BINARY_CONVERGENCE	INVALID	BINARY_REQUIRES_EXACTLY_THREE_NODES_TWO_EDGES		R16A-ENUM-0017	5ef8965a078fb1a3c5cff64434d541c4478c5f5a0627b9aa45c1950eea29c8c0	LINEAR_PATH	1	0	0	0	false
R16A-SUBGRAPH-3EC1DE84B90EBAD54C14	3ec1de84b90ebad54c140e050ecae6b2294a4450d7295e4a8866a8b08e219cc2	"[""TRV:177025b0eec6e5e441b7f637224e31440c6cc60afd1d06ced1ad993d4ac8988c"",""TRV:be33e16d8f585c08bb0efe6f0df92659a22d534298639f5318d2a2580546fdcc""]"	"[""R16A-PAIR:891e0c3d300d8c4af59fbef2f00d164ee9c22df4148122c54ed84daee1dcb37e""]"	"[""R14-ASSOC-011""]"	2	1	true	QUALIFIED_PATH	INVALID	NO_EXPLICIT_GOVERNED_QUALIFICATION_GATE		R16A-ENUM-0017	5ef8965a078fb1a3c5cff64434d541c4478c5f5a0627b9aa45c1950eea29c8c0	LINEAR_PATH	1	0	0	0	false
R16A-SUBGRAPH-3EC1DE84B90EBAD54C14	3ec1de84b90ebad54c140e050ecae6b2294a4450d7295e4a8866a8b08e219cc2	"[""TRV:177025b0eec6e5e441b7f637224e31440c6cc60afd1d06ced1ad993d4ac8988c"",""TRV:be33e16d8f585c08bb0efe6f0df92659a22d534298639f5318d2a2580546fdcc""]"	"[""R16A-PAIR:891e0c3d300d8c4af59fbef2f00d164ee9c22df4148122c54ed84daee1dcb37e""]"	"[""R14-ASSOC-011""]"	2	1	true	REFLEXIVE_RETURN	INVALID	NO_EXPLICIT_GOVERNED_NAVIGATION_RETURN		R16A-ENUM-0017	5ef8965a078fb1a3c5cff64434d541c4478c5f5a0627b9aa45c1950eea29c8c0	LINEAR_PATH	1	0	0	0	false
R16A-SUBGRAPH-3EC1DE84B90EBAD54C14	3ec1de84b90ebad54c140e050ecae6b2294a4450d7295e4a8866a8b08e219cc2	"[""TRV:177025b0eec6e5e441b7f637224e31440c6cc60afd1d06ced1ad993d4ac8988c"",""TRV:be33e16d8f585c08bb0efe6f0df92659a22d534298639f5318d2a2580546fdcc""]"	"[""R16A-PAIR:891e0c3d300d8c4af59fbef2f00d164ee9c22df4148122c54ed84daee1dcb37e""]"	"[""R14-ASSOC-011""]"	2	1	true	EVIDENCE_GAP_TREE	INVALID	NO_EXPLICIT_GOVERNED_EVIDENCE_GAP_NODE		R16A-ENUM-0017	5ef8965a078fb1a3c5cff64434d541c4478c5f5a0627b9aa45c1950eea29c8c0	LINEAR_PATH	1	0	0	0	false
R16A-SUBGRAPH-47B047556040D1C7EEBB	47b047556040d1c7eebb2472bc6c1c40d40fd9fdb9f16ae13407c0cd3e7df8aa	"[""TRV:276446ba01e3aa387c83b06f54fccc5ac65bdc6099157a2a828716eac9c6fd4d"",""TRV:303eafd7c2afb63e99e140c4ba2abd1de5f78f9e8ebbb3040b4531b6df568639"",""TRV:83a2bff84b1d599d9eed884a09666501c96224a0b3b7457699ef0be145e76e73"",""TRV:c82d3d4865e41e2a263ff0427c4df2b8e3e43a85c835404d033d764468b3ba55""]"	"[""R16A-PAIR:5841a12151ac0ce714f0b8e279e939bed009b3f2be71086cde6033cbbd11b4ea"",""R16A-PAIR:db9e8b1d1d7e17983872e3600cd1a3ce5ae7f3c907ae70bdeafcbd0b2c6a0460"",""R16A-PAIR:e153332b67669fdaa24f256bfcf61135e56eb2894e48481afc71ae4327c81422"",""R16A-PAIR:f82795fcaba53ac0c255461d014e82b9e563362b645b4c65a58e27644e22c54c""]"	"[""R14-ASSOC-005"",""R14-ASSOC-007"",""R14-ASSOC-008"",""R14-ASSOC-009""]"	4	4	false	LINEAR_PATH	INVALID	NOT_A_CONNECTED_LINEAR_TREE		R16A-ENUM-0018	1ddaa017cd8874f623dcd0fc3e6a2e705327f82e6c4e73a30cc1546396b897fb	UNRESOLVED	4	0	0	1	false
R16A-SUBGRAPH-47B047556040D1C7EEBB	47b047556040d1c7eebb2472bc6c1c40d40fd9fdb9f16ae13407c0cd3e7df8aa	"[""TRV:276446ba01e3aa387c83b06f54fccc5ac65bdc6099157a2a828716eac9c6fd4d"",""TRV:303eafd7c2afb63e99e140c4ba2abd1de5f78f9e8ebbb3040b4531b6df568639"",""TRV:83a2bff84b1d599d9eed884a09666501c96224a0b3b7457699ef0be145e76e73"",""TRV:c82d3d4865e41e2a263ff0427c4df2b8e3e43a85c835404d033d764468b3ba55""]"	"[""R16A-PAIR:5841a12151ac0ce714f0b8e279e939bed009b3f2be71086cde6033cbbd11b4ea"",""R16A-PAIR:db9e8b1d1d7e17983872e3600cd1a3ce5ae7f3c907ae70bdeafcbd0b2c6a0460"",""R16A-PAIR:e153332b67669fdaa24f256bfcf61135e56eb2894e48481afc71ae4327c81422"",""R16A-PAIR:f82795fcaba53ac0c255461d014e82b9e563362b645b4c65a58e27644e22c54c""]"	"[""R14-ASSOC-005"",""R14-ASSOC-007"",""R14-ASSOC-008"",""R14-ASSOC-009""]"	4	4	false	BINARY_FORK	INVALID	BINARY_REQUIRES_EXACTLY_THREE_NODES_TWO_EDGES		R16A-ENUM-0018	1ddaa017cd8874f623dcd0fc3e6a2e705327f82e6c4e73a30cc1546396b897fb	UNRESOLVED	4	0	0	1	false
R16A-SUBGRAPH-47B047556040D1C7EEBB	47b047556040d1c7eebb2472bc6c1c40d40fd9fdb9f16ae13407c0cd3e7df8aa	"[""TRV:276446ba01e3aa387c83b06f54fccc5ac65bdc6099157a2a828716eac9c6fd4d"",""TRV:303eafd7c2afb63e99e140c4ba2abd1de5f78f9e8ebbb3040b4531b6df568639"",""TRV:83a2bff84b1d599d9eed884a09666501c96224a0b3b7457699ef0be145e76e73"",""TRV:c82d3d4865e41e2a263ff0427c4df2b8e3e43a85c835404d033d764468b3ba55""]"	"[""R16A-PAIR:5841a12151ac0ce714f0b8e279e939bed009b3f2be71086cde6033cbbd11b4ea"",""R16A-PAIR:db9e8b1d1d7e17983872e3600cd1a3ce5ae7f3c907ae70bdeafcbd0b2c6a0460"",""R16A-PAIR:e153332b67669fdaa24f256bfcf61135e56eb2894e48481afc71ae4327c81422"",""R16A-PAIR:f82795fcaba53ac0c255461d014e82b9e563362b645b4c65a58e27644e22c54c""]"	"[""R14-ASSOC-005"",""R14-ASSOC-007"",""R14-ASSOC-008"",""R14-ASSOC-009""]"	4	4	false	BINARY_CONVERGENCE	INVALID	BINARY_REQUIRES_EXACTLY_THREE_NODES_TWO_EDGES		R16A-ENUM-0018	1ddaa017cd8874f623dcd0fc3e6a2e705327f82e6c4e73a30cc1546396b897fb	UNRESOLVED	4	0	0	1	false
R16A-SUBGRAPH-47B047556040D1C7EEBB	47b047556040d1c7eebb2472bc6c1c40d40fd9fdb9f16ae13407c0cd3e7df8aa	"[""TRV:276446ba01e3aa387c83b06f54fccc5ac65bdc6099157a2a828716eac9c6fd4d"",""TRV:303eafd7c2afb63e99e140c4ba2abd1de5f78f9e8ebbb3040b4531b6df568639"",""TRV:83a2bff84b1d599d9eed884a09666501c96224a0b3b7457699ef0be145e76e73"",""TRV:c82d3d4865e41e2a263ff0427c4df2b8e3e43a85c835404d033d764468b3ba55""]"	"[""R16A-PAIR:5841a12151ac0ce714f0b8e279e939bed009b3f2be71086cde6033cbbd11b4ea"",""R16A-PAIR:db9e8b1d1d7e17983872e3600cd1a3ce5ae7f3c907ae70bdeafcbd0b2c6a0460"",""R16A-PAIR:e153332b67669fdaa24f256bfcf61135e56eb2894e48481afc71ae4327c81422"",""R16A-PAIR:f82795fcaba53ac0c255461d014e82b9e563362b645b4c65a58e27644e22c54c""]"	"[""R14-ASSOC-005"",""R14-ASSOC-007"",""R14-ASSOC-008"",""R14-ASSOC-009""]"	4	4	false	QUALIFIED_PATH	INVALID	NO_EXPLICIT_GOVERNED_QUALIFICATION_GATE		R16A-ENUM-0018	1ddaa017cd8874f623dcd0fc3e6a2e705327f82e6c4e73a30cc1546396b897fb	UNRESOLVED	4	0	0	1	false
R16A-SUBGRAPH-47B047556040D1C7EEBB	47b047556040d1c7eebb2472bc6c1c40d40fd9fdb9f16ae13407c0cd3e7df8aa	"[""TRV:276446ba01e3aa387c83b06f54fccc5ac65bdc6099157a2a828716eac9c6fd4d"",""TRV:303eafd7c2afb63e99e140c4ba2abd1de5f78f9e8ebbb3040b4531b6df568639"",""TRV:83a2bff84b1d599d9eed884a09666501c96224a0b3b7457699ef0be145e76e73"",""TRV:c82d3d4865e41e2a263ff0427c4df2b8e3e43a85c835404d033d764468b3ba55""]"	"[""R16A-PAIR:5841a12151ac0ce714f0b8e279e939bed009b3f2be71086cde6033cbbd11b4ea"",""R16A-PAIR:db9e8b1d1d7e17983872e3600cd1a3ce5ae7f3c907ae70bdeafcbd0b2c6a0460"",""R16A-PAIR:e153332b67669fdaa24f256bfcf61135e56eb2894e48481afc71ae4327c81422"",""R16A-PAIR:f82795fcaba53ac0c255461d014e82b9e563362b645b4c65a58e27644e22c54c""]"	"[""R14-ASSOC-005"",""R14-ASSOC-007"",""R14-ASSOC-008"",""R14-ASSOC-009""]"	4	4	false	REFLEXIVE_RETURN	INVALID	NO_EXPLICIT_GOVERNED_NAVIGATION_RETURN		R16A-ENUM-0018	1ddaa017cd8874f623dcd0fc3e6a2e705327f82e6c4e73a30cc1546396b897fb	UNRESOLVED	4	0	0	1	false
R16A-SUBGRAPH-47B047556040D1C7EEBB	47b047556040d1c7eebb2472bc6c1c40d40fd9fdb9f16ae13407c0cd3e7df8aa	"[""TRV:276446ba01e3aa387c83b06f54fccc5ac65bdc6099157a2a828716eac9c6fd4d"",""TRV:303eafd7c2afb63e99e140c4ba2abd1de5f78f9e8ebbb3040b4531b6df568639"",""TRV:83a2bff84b1d599d9eed884a09666501c96224a0b3b7457699ef0be145e76e73"",""TRV:c82d3d4865e41e2a263ff0427c4df2b8e3e43a85c835404d033d764468b3ba55""]"	"[""R16A-PAIR:5841a12151ac0ce714f0b8e279e939bed009b3f2be71086cde6033cbbd11b4ea"",""R16A-PAIR:db9e8b1d1d7e17983872e3600cd1a3ce5ae7f3c907ae70bdeafcbd0b2c6a0460"",""R16A-PAIR:e153332b67669fdaa24f256bfcf61135e56eb2894e48481afc71ae4327c81422"",""R16A-PAIR:f82795fcaba53ac0c255461d014e82b9e563362b645b4c65a58e27644e22c54c""]"	"[""R14-ASSOC-005"",""R14-ASSOC-007"",""R14-ASSOC-008"",""R14-ASSOC-009""]"	4	4	false	EVIDENCE_GAP_TREE	INVALID	NO_EXPLICIT_GOVERNED_EVIDENCE_GAP_NODE		R16A-ENUM-0018	1ddaa017cd8874f623dcd0fc3e6a2e705327f82e6c4e73a30cc1546396b897fb	UNRESOLVED	4	0	0	1	false
R16A-SUBGRAPH-48D9A7909436AE28275B	48d9a7909436ae28275b2f5583bd300d8e269d56ce2439e93c90b24cae7f8310	"[""TRV:628bbc2d6553accb5320993afff75b39993c7ae9514d1f39d8a28834bfaf8170"",""TRV:b57559d1d19ef1967b6015fa23577c3fac4b79ae3ca54ef4eb760e18300875a3""]"	"[""R16A-PAIR:85e32fbf7d295e72068df767318096879ed6af2c4af16cadd1313e3fca88fa26""]"	"[""R14-ASSOC-016""]"	2	1	true	LINEAR_PATH	VALID	CONNECTED_TREE_MAX_DEGREE_TWO	33575b9ab35d02e19d8f1e551f0fa9c00e291c86db3280033fcddf9ff809d63e	R16A-ENUM-0019	19826a999d6b6121fd4761975224bfb7685273874377396b06fdda847d15ac77	LINEAR_PATH	1	0	0	0	false
R16A-SUBGRAPH-48D9A7909436AE28275B	48d9a7909436ae28275b2f5583bd300d8e269d56ce2439e93c90b24cae7f8310	"[""TRV:628bbc2d6553accb5320993afff75b39993c7ae9514d1f39d8a28834bfaf8170"",""TRV:b57559d1d19ef1967b6015fa23577c3fac4b79ae3ca54ef4eb760e18300875a3""]"	"[""R16A-PAIR:85e32fbf7d295e72068df767318096879ed6af2c4af16cadd1313e3fca88fa26""]"	"[""R14-ASSOC-016""]"	2	1	true	BINARY_FORK	INVALID	BINARY_REQUIRES_EXACTLY_THREE_NODES_TWO_EDGES		R16A-ENUM-0019	19826a999d6b6121fd4761975224bfb7685273874377396b06fdda847d15ac77	LINEAR_PATH	1	0	0	0	false
R16A-SUBGRAPH-48D9A7909436AE28275B	48d9a7909436ae28275b2f5583bd300d8e269d56ce2439e93c90b24cae7f8310	"[""TRV:628bbc2d6553accb5320993afff75b39993c7ae9514d1f39d8a28834bfaf8170"",""TRV:b57559d1d19ef1967b6015fa23577c3fac4b79ae3ca54ef4eb760e18300875a3""]"	"[""R16A-PAIR:85e32fbf7d295e72068df767318096879ed6af2c4af16cadd1313e3fca88fa26""]"	"[""R14-ASSOC-016""]"	2	1	true	BINARY_CONVERGENCE	INVALID	BINARY_REQUIRES_EXACTLY_THREE_NODES_TWO_EDGES		R16A-ENUM-0019	19826a999d6b6121fd4761975224bfb7685273874377396b06fdda847d15ac77	LINEAR_PATH	1	0	0	0	false
R16A-SUBGRAPH-48D9A7909436AE28275B	48d9a7909436ae28275b2f5583bd300d8e269d56ce2439e93c90b24cae7f8310	"[""TRV:628bbc2d6553accb5320993afff75b39993c7ae9514d1f39d8a28834bfaf8170"",""TRV:b57559d1d19ef1967b6015fa23577c3fac4b79ae3ca54ef4eb760e18300875a3""]"	"[""R16A-PAIR:85e32fbf7d295e72068df767318096879ed6af2c4af16cadd1313e3fca88fa26""]"	"[""R14-ASSOC-016""]"	2	1	true	QUALIFIED_PATH	INVALID	NO_EXPLICIT_GOVERNED_QUALIFICATION_GATE		R16A-ENUM-0019	19826a999d6b6121fd4761975224bfb7685273874377396b06fdda847d15ac77	LINEAR_PATH	1	0	0	0	false
R16A-SUBGRAPH-48D9A7909436AE28275B	48d9a7909436ae28275b2f5583bd300d8e269d56ce2439e93c90b24cae7f8310	"[""TRV:628bbc2d6553accb5320993afff75b39993c7ae9514d1f39d8a28834bfaf8170"",""TRV:b57559d1d19ef1967b6015fa23577c3fac4b79ae3ca54ef4eb760e18300875a3""]"	"[""R16A-PAIR:85e32fbf7d295e72068df767318096879ed6af2c4af16cadd1313e3fca88fa26""]"	"[""R14-ASSOC-016""]"	2	1	true	REFLEXIVE_RETURN	INVALID	NO_EXPLICIT_GOVERNED_NAVIGATION_RETURN		R16A-ENUM-0019	19826a999d6b6121fd4761975224bfb7685273874377396b06fdda847d15ac77	LINEAR_PATH	1	0	0	0	false
R16A-SUBGRAPH-48D9A7909436AE28275B	48d9a7909436ae28275b2f5583bd300d8e269d56ce2439e93c90b24cae7f8310	"[""TRV:628bbc2d6553accb5320993afff75b39993c7ae9514d1f39d8a28834bfaf8170"",""TRV:b57559d1d19ef1967b6015fa23577c3fac4b79ae3ca54ef4eb760e18300875a3""]"	"[""R16A-PAIR:85e32fbf7d295e72068df767318096879ed6af2c4af16cadd1313e3fca88fa26""]"	"[""R14-ASSOC-016""]"	2	1	true	EVIDENCE_GAP_TREE	INVALID	NO_EXPLICIT_GOVERNED_EVIDENCE_GAP_NODE		R16A-ENUM-0019	19826a999d6b6121fd4761975224bfb7685273874377396b06fdda847d15ac77	LINEAR_PATH	1	0	0	0	false
R16A-SUBGRAPH-4B13242E1BA43813F66A	4b13242e1ba43813f66afa4468d23aefadebe18b574993d5c33014a1e9e680f7	"[""TRV:c460d6a56db8d84e6ee3a5c96c4a72ce1170116cab3ad0659544494547ecae77"",""TRV:f921321aaedb0bb53398796772f843dc4a5963edfba778ee3a6bd9f592e21795""]"	"[""R16A-PAIR:b4f5681b10410d082921b5dfe618fe94f639c10ae3dcb51eb904a4e02db3b9bf""]"	"[""R14-ASSOC-017""]"	2	1	true	LINEAR_PATH	VALID	CONNECTED_TREE_MAX_DEGREE_TWO	4469c396d1835e807eede5d70a3e3e23032d8d2b810c0a04f7366c8f01adadef	R16A-ENUM-0020	74fa25e7b49b66dc3450d21d6eef6c8351d2ba43b988d6ae4919b2115f172036	LINEAR_PATH	1	0	0	0	false
R16A-SUBGRAPH-4B13242E1BA43813F66A	4b13242e1ba43813f66afa4468d23aefadebe18b574993d5c33014a1e9e680f7	"[""TRV:c460d6a56db8d84e6ee3a5c96c4a72ce1170116cab3ad0659544494547ecae77"",""TRV:f921321aaedb0bb53398796772f843dc4a5963edfba778ee3a6bd9f592e21795""]"	"[""R16A-PAIR:b4f5681b10410d082921b5dfe618fe94f639c10ae3dcb51eb904a4e02db3b9bf""]"	"[""R14-ASSOC-017""]"	2	1	true	BINARY_FORK	INVALID	BINARY_REQUIRES_EXACTLY_THREE_NODES_TWO_EDGES		R16A-ENUM-0020	74fa25e7b49b66dc3450d21d6eef6c8351d2ba43b988d6ae4919b2115f172036	LINEAR_PATH	1	0	0	0	false
R16A-SUBGRAPH-4B13242E1BA43813F66A	4b13242e1ba43813f66afa4468d23aefadebe18b574993d5c33014a1e9e680f7	"[""TRV:c460d6a56db8d84e6ee3a5c96c4a72ce1170116cab3ad0659544494547ecae77"",""TRV:f921321aaedb0bb53398796772f843dc4a5963edfba778ee3a6bd9f592e21795""]"	"[""R16A-PAIR:b4f5681b10410d082921b5dfe618fe94f639c10ae3dcb51eb904a4e02db3b9bf""]"	"[""R14-ASSOC-017""]"	2	1	true	BINARY_CONVERGENCE	INVALID	BINARY_REQUIRES_EXACTLY_THREE_NODES_TWO_EDGES		R16A-ENUM-0020	74fa25e7b49b66dc3450d21d6eef6c8351d2ba43b988d6ae4919b2115f172036	LINEAR_PATH	1	0	0	0	false
R16A-SUBGRAPH-4B13242E1BA43813F66A	4b13242e1ba43813f66afa4468d23aefadebe18b574993d5c33014a1e9e680f7	"[""TRV:c460d6a56db8d84e6ee3a5c96c4a72ce1170116cab3ad0659544494547ecae77"",""TRV:f921321aaedb0bb53398796772f843dc4a5963edfba778ee3a6bd9f592e21795""]"	"[""R16A-PAIR:b4f5681b10410d082921b5dfe618fe94f639c10ae3dcb51eb904a4e02db3b9bf""]"	"[""R14-ASSOC-017""]"	2	1	true	QUALIFIED_PATH	INVALID	NO_EXPLICIT_GOVERNED_QUALIFICATION_GATE		R16A-ENUM-0020	74fa25e7b49b66dc3450d21d6eef6c8351d2ba43b988d6ae4919b2115f172036	LINEAR_PATH	1	0	0	0	false
R16A-SUBGRAPH-4B13242E1BA43813F66A	4b13242e1ba43813f66afa4468d23aefadebe18b574993d5c33014a1e9e680f7	"[""TRV:c460d6a56db8d84e6ee3a5c96c4a72ce1170116cab3ad0659544494547ecae77"",""TRV:f921321aaedb0bb53398796772f843dc4a5963edfba778ee3a6bd9f592e21795""]"	"[""R16A-PAIR:b4f5681b10410d082921b5dfe618fe94f639c10ae3dcb51eb904a4e02db3b9bf""]"	"[""R14-ASSOC-017""]"	2	1	true	REFLEXIVE_RETURN	INVALID	NO_EXPLICIT_GOVERNED_NAVIGATION_RETURN		R16A-ENUM-0020	74fa25e7b49b66dc3450d21d6eef6c8351d2ba43b988d6ae4919b2115f172036	LINEAR_PATH	1	0	0	0	false
R16A-SUBGRAPH-4B13242E1BA43813F66A	4b13242e1ba43813f66afa4468d23aefadebe18b574993d5c33014a1e9e680f7	"[""TRV:c460d6a56db8d84e6ee3a5c96c4a72ce1170116cab3ad0659544494547ecae77"",""TRV:f921321aaedb0bb53398796772f843dc4a5963edfba778ee3a6bd9f592e21795""]"	"[""R16A-PAIR:b4f5681b10410d082921b5dfe618fe94f639c10ae3dcb51eb904a4e02db3b9bf""]"	"[""R14-ASSOC-017""]"	2	1	true	EVIDENCE_GAP_TREE	INVALID	NO_EXPLICIT_GOVERNED_EVIDENCE_GAP_NODE		R16A-ENUM-0020	74fa25e7b49b66dc3450d21d6eef6c8351d2ba43b988d6ae4919b2115f172036	LINEAR_PATH	1	0	0	0	false
R16A-SUBGRAPH-549258FB630681011B31	549258fb630681011b318d0bb3c8db253e50b4a0c0b2f553e2f93193c9e59de1	"[""TRV:355543f790a3b210ecf36c82a2738896d9574c17e963a63633febac1f2386737"",""TRV:68bf0109c6f8a87bfa96d1ecd9503326ba35cf4a6086988a1d2c8a20fbef00d1""]"	"[""R16A-PAIR:ddf7068abba0b034d15023b3a2a2a74b3a892cbbd7c38a505f9168dece946905""]"	"[""R14-ASSOC-020""]"	2	1	true	LINEAR_PATH	VALID	CONNECTED_TREE_MAX_DEGREE_TWO	f9d1b27dae9289782b551d7d4d2ba75f56e00c7879a3cbd236370f83053883f8	R16A-ENUM-0021	d616014c17f769e8e637efdfdaef464393ca3771b3a5bb4fc83001574d9cce48	LINEAR_PATH	1	0	0	0	false
R16A-SUBGRAPH-549258FB630681011B31	549258fb630681011b318d0bb3c8db253e50b4a0c0b2f553e2f93193c9e59de1	"[""TRV:355543f790a3b210ecf36c82a2738896d9574c17e963a63633febac1f2386737"",""TRV:68bf0109c6f8a87bfa96d1ecd9503326ba35cf4a6086988a1d2c8a20fbef00d1""]"	"[""R16A-PAIR:ddf7068abba0b034d15023b3a2a2a74b3a892cbbd7c38a505f9168dece946905""]"	"[""R14-ASSOC-020""]"	2	1	true	BINARY_FORK	INVALID	BINARY_REQUIRES_EXACTLY_THREE_NODES_TWO_EDGES		R16A-ENUM-0021	d616014c17f769e8e637efdfdaef464393ca3771b3a5bb4fc83001574d9cce48	LINEAR_PATH	1	0	0	0	false
R16A-SUBGRAPH-549258FB630681011B31	549258fb630681011b318d0bb3c8db253e50b4a0c0b2f553e2f93193c9e59de1	"[""TRV:355543f790a3b210ecf36c82a2738896d9574c17e963a63633febac1f2386737"",""TRV:68bf0109c6f8a87bfa96d1ecd9503326ba35cf4a6086988a1d2c8a20fbef00d1""]"	"[""R16A-PAIR:ddf7068abba0b034d15023b3a2a2a74b3a892cbbd7c38a505f9168dece946905""]"	"[""R14-ASSOC-020""]"	2	1	true	BINARY_CONVERGENCE	INVALID	BINARY_REQUIRES_EXACTLY_THREE_NODES_TWO_EDGES		R16A-ENUM-0021	d616014c17f769e8e637efdfdaef464393ca3771b3a5bb4fc83001574d9cce48	LINEAR_PATH	1	0	0	0	false
R16A-SUBGRAPH-549258FB630681011B31	549258fb630681011b318d0bb3c8db253e50b4a0c0b2f553e2f93193c9e59de1	"[""TRV:355543f790a3b210ecf36c82a2738896d9574c17e963a63633febac1f2386737"",""TRV:68bf0109c6f8a87bfa96d1ecd9503326ba35cf4a6086988a1d2c8a20fbef00d1""]"	"[""R16A-PAIR:ddf7068abba0b034d15023b3a2a2a74b3a892cbbd7c38a505f9168dece946905""]"	"[""R14-ASSOC-020""]"	2	1	true	QUALIFIED_PATH	INVALID	NO_EXPLICIT_GOVERNED_QUALIFICATION_GATE		R16A-ENUM-0021	d616014c17f769e8e637efdfdaef464393ca3771b3a5bb4fc83001574d9cce48	LINEAR_PATH	1	0	0	0	false
R16A-SUBGRAPH-549258FB630681011B31	549258fb630681011b318d0bb3c8db253e50b4a0c0b2f553e2f93193c9e59de1	"[""TRV:355543f790a3b210ecf36c82a2738896d9574c17e963a63633febac1f2386737"",""TRV:68bf0109c6f8a87bfa96d1ecd9503326ba35cf4a6086988a1d2c8a20fbef00d1""]"	"[""R16A-PAIR:ddf7068abba0b034d15023b3a2a2a74b3a892cbbd7c38a505f9168dece946905""]"	"[""R14-ASSOC-020""]"	2	1	true	REFLEXIVE_RETURN	INVALID	NO_EXPLICIT_GOVERNED_NAVIGATION_RETURN		R16A-ENUM-0021	d616014c17f769e8e637efdfdaef464393ca3771b3a5bb4fc83001574d9cce48	LINEAR_PATH	1	0	0	0	false
R16A-SUBGRAPH-549258FB630681011B31	549258fb630681011b318d0bb3c8db253e50b4a0c0b2f553e2f93193c9e59de1	"[""TRV:355543f790a3b210ecf36c82a2738896d9574c17e963a63633febac1f2386737"",""TRV:68bf0109c6f8a87bfa96d1ecd9503326ba35cf4a6086988a1d2c8a20fbef00d1""]"	"[""R16A-PAIR:ddf7068abba0b034d15023b3a2a2a74b3a892cbbd7c38a505f9168dece946905""]"	"[""R14-ASSOC-020""]"	2	1	true	EVIDENCE_GAP_TREE	INVALID	NO_EXPLICIT_GOVERNED_EVIDENCE_GAP_NODE		R16A-ENUM-0021	d616014c17f769e8e637efdfdaef464393ca3771b3a5bb4fc83001574d9cce48	LINEAR_PATH	1	0	0	0	false
R16A-SUBGRAPH-5864EACF9ED32676903D	5864eacf9ed32676903d5476b6bb67ca5c132dcdf1230d7346febb5b060e2522	"[""TRV:9e44dae2c5ca8dc916878b28f5ec3720e42ea22d2add139759780727e6f487ce"",""TRV:ab8e18ef4ebebeddc0b3152ce9c9006e14fc05242e3fc9ce32246ea6a9543074"",""TRV:ad8c6f6e417a6d2db992c155701ed13494624142922d58eda2e4ad0fa4672fa8""]"	"[""R16A-PAIR:27598c04934f3d33ad80dfb1aecc18d272cf86ee7fe3a726a95aae81144dfb06"",""R16A-PAIR:818cc370417319af9a65fec5211969862df5c48a821265533ba289932e57b18c"",""R16A-PAIR:a364e4ea20e2f9e24e1fc980dc1ab703ae69a0fc86aa626a14e45cca0ea3bbb2""]"	"[""R14-ASSOC-002"",""R14-ASSOC-003"",""R14-ASSOC-004""]"	3	3	true	LINEAR_PATH	INVALID	NOT_A_CONNECTED_LINEAR_TREE		R16A-ENUM-0022	5f7512781e6331fba8a3fac7214d7803500340bc53ccaefae4e940558a49d5ec	UNRESOLVED	3	0	0	1	false
R16A-SUBGRAPH-5864EACF9ED32676903D	5864eacf9ed32676903d5476b6bb67ca5c132dcdf1230d7346febb5b060e2522	"[""TRV:9e44dae2c5ca8dc916878b28f5ec3720e42ea22d2add139759780727e6f487ce"",""TRV:ab8e18ef4ebebeddc0b3152ce9c9006e14fc05242e3fc9ce32246ea6a9543074"",""TRV:ad8c6f6e417a6d2db992c155701ed13494624142922d58eda2e4ad0fa4672fa8""]"	"[""R16A-PAIR:27598c04934f3d33ad80dfb1aecc18d272cf86ee7fe3a726a95aae81144dfb06"",""R16A-PAIR:818cc370417319af9a65fec5211969862df5c48a821265533ba289932e57b18c"",""R16A-PAIR:a364e4ea20e2f9e24e1fc980dc1ab703ae69a0fc86aa626a14e45cca0ea3bbb2""]"	"[""R14-ASSOC-002"",""R14-ASSOC-003"",""R14-ASSOC-004""]"	3	3	true	BINARY_FORK	INVALID	BINARY_REQUIRES_EXACTLY_THREE_NODES_TWO_EDGES		R16A-ENUM-0022	5f7512781e6331fba8a3fac7214d7803500340bc53ccaefae4e940558a49d5ec	UNRESOLVED	3	0	0	1	false
R16A-SUBGRAPH-5864EACF9ED32676903D	5864eacf9ed32676903d5476b6bb67ca5c132dcdf1230d7346febb5b060e2522	"[""TRV:9e44dae2c5ca8dc916878b28f5ec3720e42ea22d2add139759780727e6f487ce"",""TRV:ab8e18ef4ebebeddc0b3152ce9c9006e14fc05242e3fc9ce32246ea6a9543074"",""TRV:ad8c6f6e417a6d2db992c155701ed13494624142922d58eda2e4ad0fa4672fa8""]"	"[""R16A-PAIR:27598c04934f3d33ad80dfb1aecc18d272cf86ee7fe3a726a95aae81144dfb06"",""R16A-PAIR:818cc370417319af9a65fec5211969862df5c48a821265533ba289932e57b18c"",""R16A-PAIR:a364e4ea20e2f9e24e1fc980dc1ab703ae69a0fc86aa626a14e45cca0ea3bbb2""]"	"[""R14-ASSOC-002"",""R14-ASSOC-003"",""R14-ASSOC-004""]"	3	3	true	BINARY_CONVERGENCE	INVALID	BINARY_REQUIRES_EXACTLY_THREE_NODES_TWO_EDGES		R16A-ENUM-0022	5f7512781e6331fba8a3fac7214d7803500340bc53ccaefae4e940558a49d5ec	UNRESOLVED	3	0	0	1	false
R16A-SUBGRAPH-5864EACF9ED32676903D	5864eacf9ed32676903d5476b6bb67ca5c132dcdf1230d7346febb5b060e2522	"[""TRV:9e44dae2c5ca8dc916878b28f5ec3720e42ea22d2add139759780727e6f487ce"",""TRV:ab8e18ef4ebebeddc0b3152ce9c9006e14fc05242e3fc9ce32246ea6a9543074"",""TRV:ad8c6f6e417a6d2db992c155701ed13494624142922d58eda2e4ad0fa4672fa8""]"	"[""R16A-PAIR:27598c04934f3d33ad80dfb1aecc18d272cf86ee7fe3a726a95aae81144dfb06"",""R16A-PAIR:818cc370417319af9a65fec5211969862df5c48a821265533ba289932e57b18c"",""R16A-PAIR:a364e4ea20e2f9e24e1fc980dc1ab703ae69a0fc86aa626a14e45cca0ea3bbb2""]"	"[""R14-ASSOC-002"",""R14-ASSOC-003"",""R14-ASSOC-004""]"	3	3	true	QUALIFIED_PATH	INVALID	NO_EXPLICIT_GOVERNED_QUALIFICATION_GATE		R16A-ENUM-0022	5f7512781e6331fba8a3fac7214d7803500340bc53ccaefae4e940558a49d5ec	UNRESOLVED	3	0	0	1	false
R16A-SUBGRAPH-5864EACF9ED32676903D	5864eacf9ed32676903d5476b6bb67ca5c132dcdf1230d7346febb5b060e2522	"[""TRV:9e44dae2c5ca8dc916878b28f5ec3720e42ea22d2add139759780727e6f487ce"",""TRV:ab8e18ef4ebebeddc0b3152ce9c9006e14fc05242e3fc9ce32246ea6a9543074"",""TRV:ad8c6f6e417a6d2db992c155701ed13494624142922d58eda2e4ad0fa4672fa8""]"	"[""R16A-PAIR:27598c04934f3d33ad80dfb1aecc18d272cf86ee7fe3a726a95aae81144dfb06"",""R16A-PAIR:818cc370417319af9a65fec5211969862df5c48a821265533ba289932e57b18c"",""R16A-PAIR:a364e4ea20e2f9e24e1fc980dc1ab703ae69a0fc86aa626a14e45cca0ea3bbb2""]"	"[""R14-ASSOC-002"",""R14-ASSOC-003"",""R14-ASSOC-004""]"	3	3	true	REFLEXIVE_RETURN	INVALID	NO_EXPLICIT_GOVERNED_NAVIGATION_RETURN		R16A-ENUM-0022	5f7512781e6331fba8a3fac7214d7803500340bc53ccaefae4e940558a49d5ec	UNRESOLVED	3	0	0	1	false
R16A-SUBGRAPH-5864EACF9ED32676903D	5864eacf9ed32676903d5476b6bb67ca5c132dcdf1230d7346febb5b060e2522	"[""TRV:9e44dae2c5ca8dc916878b28f5ec3720e42ea22d2add139759780727e6f487ce"",""TRV:ab8e18ef4ebebeddc0b3152ce9c9006e14fc05242e3fc9ce32246ea6a9543074"",""TRV:ad8c6f6e417a6d2db992c155701ed13494624142922d58eda2e4ad0fa4672fa8""]"	"[""R16A-PAIR:27598c04934f3d33ad80dfb1aecc18d272cf86ee7fe3a726a95aae81144dfb06"",""R16A-PAIR:818cc370417319af9a65fec5211969862df5c48a821265533ba289932e57b18c"",""R16A-PAIR:a364e4ea20e2f9e24e1fc980dc1ab703ae69a0fc86aa626a14e45cca0ea3bbb2""]"	"[""R14-ASSOC-002"",""R14-ASSOC-003"",""R14-ASSOC-004""]"	3	3	true	EVIDENCE_GAP_TREE	INVALID	NO_EXPLICIT_GOVERNED_EVIDENCE_GAP_NODE		R16A-ENUM-0022	5f7512781e6331fba8a3fac7214d7803500340bc53ccaefae4e940558a49d5ec	UNRESOLVED	3	0	0	1	false
R16A-SUBGRAPH-5AD0FF2B8DFB96439315	5ad0ff2b8dfb96439315b6706dbc41a871e714470c86bdda33b5a87da35b92ea	"[""TRV:276446ba01e3aa387c83b06f54fccc5ac65bdc6099157a2a828716eac9c6fd4d"",""TRV:303eafd7c2afb63e99e140c4ba2abd1de5f78f9e8ebbb3040b4531b6df568639"",""TRV:83a2bff84b1d599d9eed884a09666501c96224a0b3b7457699ef0be145e76e73"",""TRV:c82d3d4865e41e2a263ff0427c4df2b8e3e43a85c835404d033d764468b3ba55""]"	"[""R16A-PAIR:2ea00c84f44e9da21aae78f742f5cf6cba09fee7e94d77ff3420dc07dd64cbb5"",""R16A-PAIR:5841a12151ac0ce714f0b8e279e939bed009b3f2be71086cde6033cbbd11b4ea"",""R16A-PAIR:e153332b67669fdaa24f256bfcf61135e56eb2894e48481afc71ae4327c81422""]"	"[""R14-ASSOC-006"",""R14-ASSOC-007"",""R14-ASSOC-008""]"	4	3	false	LINEAR_PATH	INVALID	NOT_A_CONNECTED_LINEAR_TREE		R16A-ENUM-0023	ebf4ad1a085b79edd6ddc648eeefbc11be5d49f238056ab1f5bb1adfc07e302e	UNRESOLVED	2	1	1	1	false
R16A-SUBGRAPH-5AD0FF2B8DFB96439315	5ad0ff2b8dfb96439315b6706dbc41a871e714470c86bdda33b5a87da35b92ea	"[""TRV:276446ba01e3aa387c83b06f54fccc5ac65bdc6099157a2a828716eac9c6fd4d"",""TRV:303eafd7c2afb63e99e140c4ba2abd1de5f78f9e8ebbb3040b4531b6df568639"",""TRV:83a2bff84b1d599d9eed884a09666501c96224a0b3b7457699ef0be145e76e73"",""TRV:c82d3d4865e41e2a263ff0427c4df2b8e3e43a85c835404d033d764468b3ba55""]"	"[""R16A-PAIR:2ea00c84f44e9da21aae78f742f5cf6cba09fee7e94d77ff3420dc07dd64cbb5"",""R16A-PAIR:5841a12151ac0ce714f0b8e279e939bed009b3f2be71086cde6033cbbd11b4ea"",""R16A-PAIR:e153332b67669fdaa24f256bfcf61135e56eb2894e48481afc71ae4327c81422""]"	"[""R14-ASSOC-006"",""R14-ASSOC-007"",""R14-ASSOC-008""]"	4	3	false	BINARY_FORK	INVALID	BINARY_REQUIRES_EXACTLY_THREE_NODES_TWO_EDGES		R16A-ENUM-0023	ebf4ad1a085b79edd6ddc648eeefbc11be5d49f238056ab1f5bb1adfc07e302e	UNRESOLVED	2	1	1	1	false
R16A-SUBGRAPH-5AD0FF2B8DFB96439315	5ad0ff2b8dfb96439315b6706dbc41a871e714470c86bdda33b5a87da35b92ea	"[""TRV:276446ba01e3aa387c83b06f54fccc5ac65bdc6099157a2a828716eac9c6fd4d"",""TRV:303eafd7c2afb63e99e140c4ba2abd1de5f78f9e8ebbb3040b4531b6df568639"",""TRV:83a2bff84b1d599d9eed884a09666501c96224a0b3b7457699ef0be145e76e73"",""TRV:c82d3d4865e41e2a263ff0427c4df2b8e3e43a85c835404d033d764468b3ba55""]"	"[""R16A-PAIR:2ea00c84f44e9da21aae78f742f5cf6cba09fee7e94d77ff3420dc07dd64cbb5"",""R16A-PAIR:5841a12151ac0ce714f0b8e279e939bed009b3f2be71086cde6033cbbd11b4ea"",""R16A-PAIR:e153332b67669fdaa24f256bfcf61135e56eb2894e48481afc71ae4327c81422""]"	"[""R14-ASSOC-006"",""R14-ASSOC-007"",""R14-ASSOC-008""]"	4	3	false	BINARY_CONVERGENCE	INVALID	BINARY_REQUIRES_EXACTLY_THREE_NODES_TWO_EDGES		R16A-ENUM-0023	ebf4ad1a085b79edd6ddc648eeefbc11be5d49f238056ab1f5bb1adfc07e302e	UNRESOLVED	2	1	1	1	false
R16A-SUBGRAPH-5AD0FF2B8DFB96439315	5ad0ff2b8dfb96439315b6706dbc41a871e714470c86bdda33b5a87da35b92ea	"[""TRV:276446ba01e3aa387c83b06f54fccc5ac65bdc6099157a2a828716eac9c6fd4d"",""TRV:303eafd7c2afb63e99e140c4ba2abd1de5f78f9e8ebbb3040b4531b6df568639"",""TRV:83a2bff84b1d599d9eed884a09666501c96224a0b3b7457699ef0be145e76e73"",""TRV:c82d3d4865e41e2a263ff0427c4df2b8e3e43a85c835404d033d764468b3ba55""]"	"[""R16A-PAIR:2ea00c84f44e9da21aae78f742f5cf6cba09fee7e94d77ff3420dc07dd64cbb5"",""R16A-PAIR:5841a12151ac0ce714f0b8e279e939bed009b3f2be71086cde6033cbbd11b4ea"",""R16A-PAIR:e153332b67669fdaa24f256bfcf61135e56eb2894e48481afc71ae4327c81422""]"	"[""R14-ASSOC-006"",""R14-ASSOC-007"",""R14-ASSOC-008""]"	4	3	false	QUALIFIED_PATH	INVALID	NO_EXPLICIT_GOVERNED_QUALIFICATION_GATE		R16A-ENUM-0023	ebf4ad1a085b79edd6ddc648eeefbc11be5d49f238056ab1f5bb1adfc07e302e	UNRESOLVED	2	1	1	1	false
R16A-SUBGRAPH-5AD0FF2B8DFB96439315	5ad0ff2b8dfb96439315b6706dbc41a871e714470c86bdda33b5a87da35b92ea	"[""TRV:276446ba01e3aa387c83b06f54fccc5ac65bdc6099157a2a828716eac9c6fd4d"",""TRV:303eafd7c2afb63e99e140c4ba2abd1de5f78f9e8ebbb3040b4531b6df568639"",""TRV:83a2bff84b1d599d9eed884a09666501c96224a0b3b7457699ef0be145e76e73"",""TRV:c82d3d4865e41e2a263ff0427c4df2b8e3e43a85c835404d033d764468b3ba55""]"	"[""R16A-PAIR:2ea00c84f44e9da21aae78f742f5cf6cba09fee7e94d77ff3420dc07dd64cbb5"",""R16A-PAIR:5841a12151ac0ce714f0b8e279e939bed009b3f2be71086cde6033cbbd11b4ea"",""R16A-PAIR:e153332b67669fdaa24f256bfcf61135e56eb2894e48481afc71ae4327c81422""]"	"[""R14-ASSOC-006"",""R14-ASSOC-007"",""R14-ASSOC-008""]"	4	3	false	REFLEXIVE_RETURN	INVALID	NO_EXPLICIT_GOVERNED_NAVIGATION_RETURN		R16A-ENUM-0023	ebf4ad1a085b79edd6ddc648eeefbc11be5d49f238056ab1f5bb1adfc07e302e	UNRESOLVED	2	1	1	1	false
R16A-SUBGRAPH-5AD0FF2B8DFB96439315	5ad0ff2b8dfb96439315b6706dbc41a871e714470c86bdda33b5a87da35b92ea	"[""TRV:276446ba01e3aa387c83b06f54fccc5ac65bdc6099157a2a828716eac9c6fd4d"",""TRV:303eafd7c2afb63e99e140c4ba2abd1de5f78f9e8ebbb3040b4531b6df568639"",""TRV:83a2bff84b1d599d9eed884a09666501c96224a0b3b7457699ef0be145e76e73"",""TRV:c82d3d4865e41e2a263ff0427c4df2b8e3e43a85c835404d033d764468b3ba55""]"	"[""R16A-PAIR:2ea00c84f44e9da21aae78f742f5cf6cba09fee7e94d77ff3420dc07dd64cbb5"",""R16A-PAIR:5841a12151ac0ce714f0b8e279e939bed009b3f2be71086cde6033cbbd11b4ea"",""R16A-PAIR:e153332b67669fdaa24f256bfcf61135e56eb2894e48481afc71ae4327c81422""]"	"[""R14-ASSOC-006"",""R14-ASSOC-007"",""R14-ASSOC-008""]"	4	3	false	EVIDENCE_GAP_TREE	INVALID	NO_EXPLICIT_GOVERNED_EVIDENCE_GAP_NODE		R16A-ENUM-0023	ebf4ad1a085b79edd6ddc648eeefbc11be5d49f238056ab1f5bb1adfc07e302e	UNRESOLVED	2	1	1	1	false
R16A-SUBGRAPH-5EA8EA6ADCB918F85D76	5ea8ea6adcb918f85d76161a49fc55327a6ed66e3c25937b0400067df6233020	"[""TRV:ab8e18ef4ebebeddc0b3152ce9c9006e14fc05242e3fc9ce32246ea6a9543074"",""TRV:ad8c6f6e417a6d2db992c155701ed13494624142922d58eda2e4ad0fa4672fa8""]"	"[""R16A-PAIR:a364e4ea20e2f9e24e1fc980dc1ab703ae69a0fc86aa626a14e45cca0ea3bbb2""]"	"[""R14-ASSOC-004""]"	2	1	true	LINEAR_PATH	VALID	CONNECTED_TREE_MAX_DEGREE_TWO	6286bd4eb7547e725a21ab1600b322a3ce4cc24d994a1c7b34dec4a22ca98e29	R16A-ENUM-0024	4c4ff875dfb83fc529038aa3c5691d5bf3a398f4917d8c5286332b5ed55192c7	LINEAR_PATH	1	0	0	0	false
R16A-SUBGRAPH-5EA8EA6ADCB918F85D76	5ea8ea6adcb918f85d76161a49fc55327a6ed66e3c25937b0400067df6233020	"[""TRV:ab8e18ef4ebebeddc0b3152ce9c9006e14fc05242e3fc9ce32246ea6a9543074"",""TRV:ad8c6f6e417a6d2db992c155701ed13494624142922d58eda2e4ad0fa4672fa8""]"	"[""R16A-PAIR:a364e4ea20e2f9e24e1fc980dc1ab703ae69a0fc86aa626a14e45cca0ea3bbb2""]"	"[""R14-ASSOC-004""]"	2	1	true	BINARY_FORK	INVALID	BINARY_REQUIRES_EXACTLY_THREE_NODES_TWO_EDGES		R16A-ENUM-0024	4c4ff875dfb83fc529038aa3c5691d5bf3a398f4917d8c5286332b5ed55192c7	LINEAR_PATH	1	0	0	0	false
R16A-SUBGRAPH-5EA8EA6ADCB918F85D76	5ea8ea6adcb918f85d76161a49fc55327a6ed66e3c25937b0400067df6233020	"[""TRV:ab8e18ef4ebebeddc0b3152ce9c9006e14fc05242e3fc9ce32246ea6a9543074"",""TRV:ad8c6f6e417a6d2db992c155701ed13494624142922d58eda2e4ad0fa4672fa8""]"	"[""R16A-PAIR:a364e4ea20e2f9e24e1fc980dc1ab703ae69a0fc86aa626a14e45cca0ea3bbb2""]"	"[""R14-ASSOC-004""]"	2	1	true	BINARY_CONVERGENCE	INVALID	BINARY_REQUIRES_EXACTLY_THREE_NODES_TWO_EDGES		R16A-ENUM-0024	4c4ff875dfb83fc529038aa3c5691d5bf3a398f4917d8c5286332b5ed55192c7	LINEAR_PATH	1	0	0	0	false
R16A-SUBGRAPH-5EA8EA6ADCB918F85D76	5ea8ea6adcb918f85d76161a49fc55327a6ed66e3c25937b0400067df6233020	"[""TRV:ab8e18ef4ebebeddc0b3152ce9c9006e14fc05242e3fc9ce32246ea6a9543074"",""TRV:ad8c6f6e417a6d2db992c155701ed13494624142922d58eda2e4ad0fa4672fa8""]"	"[""R16A-PAIR:a364e4ea20e2f9e24e1fc980dc1ab703ae69a0fc86aa626a14e45cca0ea3bbb2""]"	"[""R14-ASSOC-004""]"	2	1	true	QUALIFIED_PATH	INVALID	NO_EXPLICIT_GOVERNED_QUALIFICATION_GATE		R16A-ENUM-0024	4c4ff875dfb83fc529038aa3c5691d5bf3a398f4917d8c5286332b5ed55192c7	LINEAR_PATH	1	0	0	0	false
R16A-SUBGRAPH-5EA8EA6ADCB918F85D76	5ea8ea6adcb918f85d76161a49fc55327a6ed66e3c25937b0400067df6233020	"[""TRV:ab8e18ef4ebebeddc0b3152ce9c9006e14fc05242e3fc9ce32246ea6a9543074"",""TRV:ad8c6f6e417a6d2db992c155701ed13494624142922d58eda2e4ad0fa4672fa8""]"	"[""R16A-PAIR:a364e4ea20e2f9e24e1fc980dc1ab703ae69a0fc86aa626a14e45cca0ea3bbb2""]"	"[""R14-ASSOC-004""]"	2	1	true	REFLEXIVE_RETURN	INVALID	NO_EXPLICIT_GOVERNED_NAVIGATION_RETURN		R16A-ENUM-0024	4c4ff875dfb83fc529038aa3c5691d5bf3a398f4917d8c5286332b5ed55192c7	LINEAR_PATH	1	0	0	0	false
R16A-SUBGRAPH-5EA8EA6ADCB918F85D76	5ea8ea6adcb918f85d76161a49fc55327a6ed66e3c25937b0400067df6233020	"[""TRV:ab8e18ef4ebebeddc0b3152ce9c9006e14fc05242e3fc9ce32246ea6a9543074"",""TRV:ad8c6f6e417a6d2db992c155701ed13494624142922d58eda2e4ad0fa4672fa8""]"	"[""R16A-PAIR:a364e4ea20e2f9e24e1fc980dc1ab703ae69a0fc86aa626a14e45cca0ea3bbb2""]"	"[""R14-ASSOC-004""]"	2	1	true	EVIDENCE_GAP_TREE	INVALID	NO_EXPLICIT_GOVERNED_EVIDENCE_GAP_NODE		R16A-ENUM-0024	4c4ff875dfb83fc529038aa3c5691d5bf3a398f4917d8c5286332b5ed55192c7	LINEAR_PATH	1	0	0	0	false
R16A-SUBGRAPH-62E86E6F8D9B949D1C82	62e86e6f8d9b949d1c82885f4400faa621a9974cf83653b5e5cc07ebd59e1a05	"[""TRV:2fe1d615f7fb24b99fb828c5ceadcf06635e7fb6f47910f32d2daf1f6bd763f0"",""TRV:5660ce124250ffd0ecbcf64a7359315bd26afdb0d89c559c03a491cc2138e4ed""]"	"[""R16A-PAIR:4cf124f8588611ba0a2f76bce26ab0b5890dcfcf71d9283888d62d58bcdb974a""]"	"[""R14-ASSOC-013""]"	2	1	true	LINEAR_PATH	VALID	CONNECTED_TREE_MAX_DEGREE_TWO	273f91a3099eba547c2532c1aa38c8bd482ee190d1b105411911326c1c0d3c8a	R16A-ENUM-0025	ff408ee7f3646241916d7bfc31fe16fc3ff24210b4d7d370497e7bd0a63e57f5	LINEAR_PATH	1	0	0	0	false
R16A-SUBGRAPH-62E86E6F8D9B949D1C82	62e86e6f8d9b949d1c82885f4400faa621a9974cf83653b5e5cc07ebd59e1a05	"[""TRV:2fe1d615f7fb24b99fb828c5ceadcf06635e7fb6f47910f32d2daf1f6bd763f0"",""TRV:5660ce124250ffd0ecbcf64a7359315bd26afdb0d89c559c03a491cc2138e4ed""]"	"[""R16A-PAIR:4cf124f8588611ba0a2f76bce26ab0b5890dcfcf71d9283888d62d58bcdb974a""]"	"[""R14-ASSOC-013""]"	2	1	true	BINARY_FORK	INVALID	BINARY_REQUIRES_EXACTLY_THREE_NODES_TWO_EDGES		R16A-ENUM-0025	ff408ee7f3646241916d7bfc31fe16fc3ff24210b4d7d370497e7bd0a63e57f5	LINEAR_PATH	1	0	0	0	false
R16A-SUBGRAPH-62E86E6F8D9B949D1C82	62e86e6f8d9b949d1c82885f4400faa621a9974cf83653b5e5cc07ebd59e1a05	"[""TRV:2fe1d615f7fb24b99fb828c5ceadcf06635e7fb6f47910f32d2daf1f6bd763f0"",""TRV:5660ce124250ffd0ecbcf64a7359315bd26afdb0d89c559c03a491cc2138e4ed""]"	"[""R16A-PAIR:4cf124f8588611ba0a2f76bce26ab0b5890dcfcf71d9283888d62d58bcdb974a""]"	"[""R14-ASSOC-013""]"	2	1	true	BINARY_CONVERGENCE	INVALID	BINARY_REQUIRES_EXACTLY_THREE_NODES_TWO_EDGES		R16A-ENUM-0025	ff408ee7f3646241916d7bfc31fe16fc3ff24210b4d7d370497e7bd0a63e57f5	LINEAR_PATH	1	0	0	0	false
R16A-SUBGRAPH-62E86E6F8D9B949D1C82	62e86e6f8d9b949d1c82885f4400faa621a9974cf83653b5e5cc07ebd59e1a05	"[""TRV:2fe1d615f7fb24b99fb828c5ceadcf06635e7fb6f47910f32d2daf1f6bd763f0"",""TRV:5660ce124250ffd0ecbcf64a7359315bd26afdb0d89c559c03a491cc2138e4ed""]"	"[""R16A-PAIR:4cf124f8588611ba0a2f76bce26ab0b5890dcfcf71d9283888d62d58bcdb974a""]"	"[""R14-ASSOC-013""]"	2	1	true	QUALIFIED_PATH	INVALID	NO_EXPLICIT_GOVERNED_QUALIFICATION_GATE		R16A-ENUM-0025	ff408ee7f3646241916d7bfc31fe16fc3ff24210b4d7d370497e7bd0a63e57f5	LINEAR_PATH	1	0	0	0	false
R16A-SUBGRAPH-62E86E6F8D9B949D1C82	62e86e6f8d9b949d1c82885f4400faa621a9974cf83653b5e5cc07ebd59e1a05	"[""TRV:2fe1d615f7fb24b99fb828c5ceadcf06635e7fb6f47910f32d2daf1f6bd763f0"",""TRV:5660ce124250ffd0ecbcf64a7359315bd26afdb0d89c559c03a491cc2138e4ed""]"	"[""R16A-PAIR:4cf124f8588611ba0a2f76bce26ab0b5890dcfcf71d9283888d62d58bcdb974a""]"	"[""R14-ASSOC-013""]"	2	1	true	REFLEXIVE_RETURN	INVALID	NO_EXPLICIT_GOVERNED_NAVIGATION_RETURN		R16A-ENUM-0025	ff408ee7f3646241916d7bfc31fe16fc3ff24210b4d7d370497e7bd0a63e57f5	LINEAR_PATH	1	0	0	0	false
R16A-SUBGRAPH-62E86E6F8D9B949D1C82	62e86e6f8d9b949d1c82885f4400faa621a9974cf83653b5e5cc07ebd59e1a05	"[""TRV:2fe1d615f7fb24b99fb828c5ceadcf06635e7fb6f47910f32d2daf1f6bd763f0"",""TRV:5660ce124250ffd0ecbcf64a7359315bd26afdb0d89c559c03a491cc2138e4ed""]"	"[""R16A-PAIR:4cf124f8588611ba0a2f76bce26ab0b5890dcfcf71d9283888d62d58bcdb974a""]"	"[""R14-ASSOC-013""]"	2	1	true	EVIDENCE_GAP_TREE	INVALID	NO_EXPLICIT_GOVERNED_EVIDENCE_GAP_NODE		R16A-ENUM-0025	ff408ee7f3646241916d7bfc31fe16fc3ff24210b4d7d370497e7bd0a63e57f5	LINEAR_PATH	1	0	0	0	false
R16A-SUBGRAPH-66C26404F497FDDBC992	66c26404f497fddbc992b988795da186652e8210ea61766304fbf0543c8502f8	"[""TRV:9e44dae2c5ca8dc916878b28f5ec3720e42ea22d2add139759780727e6f487ce"",""TRV:ab8e18ef4ebebeddc0b3152ce9c9006e14fc05242e3fc9ce32246ea6a9543074""]"	"[""R16A-PAIR:27598c04934f3d33ad80dfb1aecc18d272cf86ee7fe3a726a95aae81144dfb06""]"	"[""R14-ASSOC-002""]"	2	1	true	LINEAR_PATH	VALID	CONNECTED_TREE_MAX_DEGREE_TWO	8daf14effebdfc544fc673e1e942b0458676d32b57c4f3ae5006bd1b8c2cbfdd	R16A-ENUM-0026	20ad520f90462f0fc04c2582a8995447c59a165177a5dca147b3e917cd483bc2	LINEAR_PATH	1	0	0	0	false
R16A-SUBGRAPH-66C26404F497FDDBC992	66c26404f497fddbc992b988795da186652e8210ea61766304fbf0543c8502f8	"[""TRV:9e44dae2c5ca8dc916878b28f5ec3720e42ea22d2add139759780727e6f487ce"",""TRV:ab8e18ef4ebebeddc0b3152ce9c9006e14fc05242e3fc9ce32246ea6a9543074""]"	"[""R16A-PAIR:27598c04934f3d33ad80dfb1aecc18d272cf86ee7fe3a726a95aae81144dfb06""]"	"[""R14-ASSOC-002""]"	2	1	true	BINARY_FORK	INVALID	BINARY_REQUIRES_EXACTLY_THREE_NODES_TWO_EDGES		R16A-ENUM-0026	20ad520f90462f0fc04c2582a8995447c59a165177a5dca147b3e917cd483bc2	LINEAR_PATH	1	0	0	0	false
R16A-SUBGRAPH-66C26404F497FDDBC992	66c26404f497fddbc992b988795da186652e8210ea61766304fbf0543c8502f8	"[""TRV:9e44dae2c5ca8dc916878b28f5ec3720e42ea22d2add139759780727e6f487ce"",""TRV:ab8e18ef4ebebeddc0b3152ce9c9006e14fc05242e3fc9ce32246ea6a9543074""]"	"[""R16A-PAIR:27598c04934f3d33ad80dfb1aecc18d272cf86ee7fe3a726a95aae81144dfb06""]"	"[""R14-ASSOC-002""]"	2	1	true	BINARY_CONVERGENCE	INVALID	BINARY_REQUIRES_EXACTLY_THREE_NODES_TWO_EDGES		R16A-ENUM-0026	20ad520f90462f0fc04c2582a8995447c59a165177a5dca147b3e917cd483bc2	LINEAR_PATH	1	0	0	0	false
R16A-SUBGRAPH-66C26404F497FDDBC992	66c26404f497fddbc992b988795da186652e8210ea61766304fbf0543c8502f8	"[""TRV:9e44dae2c5ca8dc916878b28f5ec3720e42ea22d2add139759780727e6f487ce"",""TRV:ab8e18ef4ebebeddc0b3152ce9c9006e14fc05242e3fc9ce32246ea6a9543074""]"	"[""R16A-PAIR:27598c04934f3d33ad80dfb1aecc18d272cf86ee7fe3a726a95aae81144dfb06""]"	"[""R14-ASSOC-002""]"	2	1	true	QUALIFIED_PATH	INVALID	NO_EXPLICIT_GOVERNED_QUALIFICATION_GATE		R16A-ENUM-0026	20ad520f90462f0fc04c2582a8995447c59a165177a5dca147b3e917cd483bc2	LINEAR_PATH	1	0	0	0	false
R16A-SUBGRAPH-66C26404F497FDDBC992	66c26404f497fddbc992b988795da186652e8210ea61766304fbf0543c8502f8	"[""TRV:9e44dae2c5ca8dc916878b28f5ec3720e42ea22d2add139759780727e6f487ce"",""TRV:ab8e18ef4ebebeddc0b3152ce9c9006e14fc05242e3fc9ce32246ea6a9543074""]"	"[""R16A-PAIR:27598c04934f3d33ad80dfb1aecc18d272cf86ee7fe3a726a95aae81144dfb06""]"	"[""R14-ASSOC-002""]"	2	1	true	REFLEXIVE_RETURN	INVALID	NO_EXPLICIT_GOVERNED_NAVIGATION_RETURN		R16A-ENUM-0026	20ad520f90462f0fc04c2582a8995447c59a165177a5dca147b3e917cd483bc2	LINEAR_PATH	1	0	0	0	false
R16A-SUBGRAPH-66C26404F497FDDBC992	66c26404f497fddbc992b988795da186652e8210ea61766304fbf0543c8502f8	"[""TRV:9e44dae2c5ca8dc916878b28f5ec3720e42ea22d2add139759780727e6f487ce"",""TRV:ab8e18ef4ebebeddc0b3152ce9c9006e14fc05242e3fc9ce32246ea6a9543074""]"	"[""R16A-PAIR:27598c04934f3d33ad80dfb1aecc18d272cf86ee7fe3a726a95aae81144dfb06""]"	"[""R14-ASSOC-002""]"	2	1	true	EVIDENCE_GAP_TREE	INVALID	NO_EXPLICIT_GOVERNED_EVIDENCE_GAP_NODE		R16A-ENUM-0026	20ad520f90462f0fc04c2582a8995447c59a165177a5dca147b3e917cd483bc2	LINEAR_PATH	1	0	0	0	false
R16A-SUBGRAPH-6775233A5E9A6DE2D6BA	6775233a5e9a6de2d6ba9a01553edc0e7ebf5ac0b891ebef9c08bcfc0266d62c	"[""TRV:177025b0eec6e5e441b7f637224e31440c6cc60afd1d06ced1ad993d4ac8988c"",""TRV:be33e16d8f585c08bb0efe6f0df92659a22d534298639f5318d2a2580546fdcc"",""TRV:d366de58d3002458bfb404ee505621e926c518871a4caeffcdfb89b45f8112ef""]"	"[""R16A-PAIR:43fa33f1a987090224619eb68e83d246be7705f94d1b2e364bdfb2b73fc1a94f"",""R16A-PAIR:891e0c3d300d8c4af59fbef2f00d164ee9c22df4148122c54ed84daee1dcb37e"",""R16A-PAIR:c36555188472ea5287ed70295a1b85e92e2ba9468fc703d2fe8893de3fc55a1f""]"	"[""R14-ASSOC-010"",""R14-ASSOC-011"",""R14-ASSOC-012""]"	3	3	true	LINEAR_PATH	INVALID	NOT_A_CONNECTED_LINEAR_TREE		R16A-ENUM-0027	fc8af2345188e6c3cbe7917d280b1966d687718313d86a8d5e6b80b2ebcbee15	UNRESOLVED	3	0	0	1	false
R16A-SUBGRAPH-6775233A5E9A6DE2D6BA	6775233a5e9a6de2d6ba9a01553edc0e7ebf5ac0b891ebef9c08bcfc0266d62c	"[""TRV:177025b0eec6e5e441b7f637224e31440c6cc60afd1d06ced1ad993d4ac8988c"",""TRV:be33e16d8f585c08bb0efe6f0df92659a22d534298639f5318d2a2580546fdcc"",""TRV:d366de58d3002458bfb404ee505621e926c518871a4caeffcdfb89b45f8112ef""]"	"[""R16A-PAIR:43fa33f1a987090224619eb68e83d246be7705f94d1b2e364bdfb2b73fc1a94f"",""R16A-PAIR:891e0c3d300d8c4af59fbef2f00d164ee9c22df4148122c54ed84daee1dcb37e"",""R16A-PAIR:c36555188472ea5287ed70295a1b85e92e2ba9468fc703d2fe8893de3fc55a1f""]"	"[""R14-ASSOC-010"",""R14-ASSOC-011"",""R14-ASSOC-012""]"	3	3	true	BINARY_FORK	INVALID	BINARY_REQUIRES_EXACTLY_THREE_NODES_TWO_EDGES		R16A-ENUM-0027	fc8af2345188e6c3cbe7917d280b1966d687718313d86a8d5e6b80b2ebcbee15	UNRESOLVED	3	0	0	1	false
R16A-SUBGRAPH-6775233A5E9A6DE2D6BA	6775233a5e9a6de2d6ba9a01553edc0e7ebf5ac0b891ebef9c08bcfc0266d62c	"[""TRV:177025b0eec6e5e441b7f637224e31440c6cc60afd1d06ced1ad993d4ac8988c"",""TRV:be33e16d8f585c08bb0efe6f0df92659a22d534298639f5318d2a2580546fdcc"",""TRV:d366de58d3002458bfb404ee505621e926c518871a4caeffcdfb89b45f8112ef""]"	"[""R16A-PAIR:43fa33f1a987090224619eb68e83d246be7705f94d1b2e364bdfb2b73fc1a94f"",""R16A-PAIR:891e0c3d300d8c4af59fbef2f00d164ee9c22df4148122c54ed84daee1dcb37e"",""R16A-PAIR:c36555188472ea5287ed70295a1b85e92e2ba9468fc703d2fe8893de3fc55a1f""]"	"[""R14-ASSOC-010"",""R14-ASSOC-011"",""R14-ASSOC-012""]"	3	3	true	BINARY_CONVERGENCE	INVALID	BINARY_REQUIRES_EXACTLY_THREE_NODES_TWO_EDGES		R16A-ENUM-0027	fc8af2345188e6c3cbe7917d280b1966d687718313d86a8d5e6b80b2ebcbee15	UNRESOLVED	3	0	0	1	false
R16A-SUBGRAPH-6775233A5E9A6DE2D6BA	6775233a5e9a6de2d6ba9a01553edc0e7ebf5ac0b891ebef9c08bcfc0266d62c	"[""TRV:177025b0eec6e5e441b7f637224e31440c6cc60afd1d06ced1ad993d4ac8988c"",""TRV:be33e16d8f585c08bb0efe6f0df92659a22d534298639f5318d2a2580546fdcc"",""TRV:d366de58d3002458bfb404ee505621e926c518871a4caeffcdfb89b45f8112ef""]"	"[""R16A-PAIR:43fa33f1a987090224619eb68e83d246be7705f94d1b2e364bdfb2b73fc1a94f"",""R16A-PAIR:891e0c3d300d8c4af59fbef2f00d164ee9c22df4148122c54ed84daee1dcb37e"",""R16A-PAIR:c36555188472ea5287ed70295a1b85e92e2ba9468fc703d2fe8893de3fc55a1f""]"	"[""R14-ASSOC-010"",""R14-ASSOC-011"",""R14-ASSOC-012""]"	3	3	true	QUALIFIED_PATH	INVALID	NO_EXPLICIT_GOVERNED_QUALIFICATION_GATE		R16A-ENUM-0027	fc8af2345188e6c3cbe7917d280b1966d687718313d86a8d5e6b80b2ebcbee15	UNRESOLVED	3	0	0	1	false
R16A-SUBGRAPH-6775233A5E9A6DE2D6BA	6775233a5e9a6de2d6ba9a01553edc0e7ebf5ac0b891ebef9c08bcfc0266d62c	"[""TRV:177025b0eec6e5e441b7f637224e31440c6cc60afd1d06ced1ad993d4ac8988c"",""TRV:be33e16d8f585c08bb0efe6f0df92659a22d534298639f5318d2a2580546fdcc"",""TRV:d366de58d3002458bfb404ee505621e926c518871a4caeffcdfb89b45f8112ef""]"	"[""R16A-PAIR:43fa33f1a987090224619eb68e83d246be7705f94d1b2e364bdfb2b73fc1a94f"",""R16A-PAIR:891e0c3d300d8c4af59fbef2f00d164ee9c22df4148122c54ed84daee1dcb37e"",""R16A-PAIR:c36555188472ea5287ed70295a1b85e92e2ba9468fc703d2fe8893de3fc55a1f""]"	"[""R14-ASSOC-010"",""R14-ASSOC-011"",""R14-ASSOC-012""]"	3	3	true	REFLEXIVE_RETURN	INVALID	NO_EXPLICIT_GOVERNED_NAVIGATION_RETURN		R16A-ENUM-0027	fc8af2345188e6c3cbe7917d280b1966d687718313d86a8d5e6b80b2ebcbee15	UNRESOLVED	3	0	0	1	false
R16A-SUBGRAPH-6775233A5E9A6DE2D6BA	6775233a5e9a6de2d6ba9a01553edc0e7ebf5ac0b891ebef9c08bcfc0266d62c	"[""TRV:177025b0eec6e5e441b7f637224e31440c6cc60afd1d06ced1ad993d4ac8988c"",""TRV:be33e16d8f585c08bb0efe6f0df92659a22d534298639f5318d2a2580546fdcc"",""TRV:d366de58d3002458bfb404ee505621e926c518871a4caeffcdfb89b45f8112ef""]"	"[""R16A-PAIR:43fa33f1a987090224619eb68e83d246be7705f94d1b2e364bdfb2b73fc1a94f"",""R16A-PAIR:891e0c3d300d8c4af59fbef2f00d164ee9c22df4148122c54ed84daee1dcb37e"",""R16A-PAIR:c36555188472ea5287ed70295a1b85e92e2ba9468fc703d2fe8893de3fc55a1f""]"	"[""R14-ASSOC-010"",""R14-ASSOC-011"",""R14-ASSOC-012""]"	3	3	true	EVIDENCE_GAP_TREE	INVALID	NO_EXPLICIT_GOVERNED_EVIDENCE_GAP_NODE		R16A-ENUM-0027	fc8af2345188e6c3cbe7917d280b1966d687718313d86a8d5e6b80b2ebcbee15	UNRESOLVED	3	0	0	1	false
R16A-SUBGRAPH-67AB99A934E7823497D1	67ab99a934e7823497d1ed1bd5227ef82c61afc7261684ea6e9819073cebc62d	"[""TRV:25f3aeb51f1cc784d9d0bcc166bd876f80678d5528c3e5db0e627a3991ab8fea"",""TRV:48047b49b975ee8880742ea2544b30e8965f1675df787e9d832f8e0c2db87630""]"	"[""R16A-PAIR:0c8c2331a9ba240c16d983a310a9cb7e83f44710cb57828cca8860aaf7799937""]"	"[""R14-ASSOC-018""]"	2	1	true	LINEAR_PATH	VALID	CONNECTED_TREE_MAX_DEGREE_TWO	008bd5741f2fe39eaae17a0e905ac4a6530c7bd4884bbfa500a30dd062305f33	R16A-ENUM-0028	af1ce21d5a3cedd29f6dc28cf50483703c7e88463c0c290f8cefdb11ca05cbc4	LINEAR_PATH	1	0	0	0	false
R16A-SUBGRAPH-67AB99A934E7823497D1	67ab99a934e7823497d1ed1bd5227ef82c61afc7261684ea6e9819073cebc62d	"[""TRV:25f3aeb51f1cc784d9d0bcc166bd876f80678d5528c3e5db0e627a3991ab8fea"",""TRV:48047b49b975ee8880742ea2544b30e8965f1675df787e9d832f8e0c2db87630""]"	"[""R16A-PAIR:0c8c2331a9ba240c16d983a310a9cb7e83f44710cb57828cca8860aaf7799937""]"	"[""R14-ASSOC-018""]"	2	1	true	BINARY_FORK	INVALID	BINARY_REQUIRES_EXACTLY_THREE_NODES_TWO_EDGES		R16A-ENUM-0028	af1ce21d5a3cedd29f6dc28cf50483703c7e88463c0c290f8cefdb11ca05cbc4	LINEAR_PATH	1	0	0	0	false
R16A-SUBGRAPH-67AB99A934E7823497D1	67ab99a934e7823497d1ed1bd5227ef82c61afc7261684ea6e9819073cebc62d	"[""TRV:25f3aeb51f1cc784d9d0bcc166bd876f80678d5528c3e5db0e627a3991ab8fea"",""TRV:48047b49b975ee8880742ea2544b30e8965f1675df787e9d832f8e0c2db87630""]"	"[""R16A-PAIR:0c8c2331a9ba240c16d983a310a9cb7e83f44710cb57828cca8860aaf7799937""]"	"[""R14-ASSOC-018""]"	2	1	true	BINARY_CONVERGENCE	INVALID	BINARY_REQUIRES_EXACTLY_THREE_NODES_TWO_EDGES		R16A-ENUM-0028	af1ce21d5a3cedd29f6dc28cf50483703c7e88463c0c290f8cefdb11ca05cbc4	LINEAR_PATH	1	0	0	0	false
R16A-SUBGRAPH-67AB99A934E7823497D1	67ab99a934e7823497d1ed1bd5227ef82c61afc7261684ea6e9819073cebc62d	"[""TRV:25f3aeb51f1cc784d9d0bcc166bd876f80678d5528c3e5db0e627a3991ab8fea"",""TRV:48047b49b975ee8880742ea2544b30e8965f1675df787e9d832f8e0c2db87630""]"	"[""R16A-PAIR:0c8c2331a9ba240c16d983a310a9cb7e83f44710cb57828cca8860aaf7799937""]"	"[""R14-ASSOC-018""]"	2	1	true	QUALIFIED_PATH	INVALID	NO_EXPLICIT_GOVERNED_QUALIFICATION_GATE		R16A-ENUM-0028	af1ce21d5a3cedd29f6dc28cf50483703c7e88463c0c290f8cefdb11ca05cbc4	LINEAR_PATH	1	0	0	0	false
R16A-SUBGRAPH-67AB99A934E7823497D1	67ab99a934e7823497d1ed1bd5227ef82c61afc7261684ea6e9819073cebc62d	"[""TRV:25f3aeb51f1cc784d9d0bcc166bd876f80678d5528c3e5db0e627a3991ab8fea"",""TRV:48047b49b975ee8880742ea2544b30e8965f1675df787e9d832f8e0c2db87630""]"	"[""R16A-PAIR:0c8c2331a9ba240c16d983a310a9cb7e83f44710cb57828cca8860aaf7799937""]"	"[""R14-ASSOC-018""]"	2	1	true	REFLEXIVE_RETURN	INVALID	NO_EXPLICIT_GOVERNED_NAVIGATION_RETURN		R16A-ENUM-0028	af1ce21d5a3cedd29f6dc28cf50483703c7e88463c0c290f8cefdb11ca05cbc4	LINEAR_PATH	1	0	0	0	false
R16A-SUBGRAPH-67AB99A934E7823497D1	67ab99a934e7823497d1ed1bd5227ef82c61afc7261684ea6e9819073cebc62d	"[""TRV:25f3aeb51f1cc784d9d0bcc166bd876f80678d5528c3e5db0e627a3991ab8fea"",""TRV:48047b49b975ee8880742ea2544b30e8965f1675df787e9d832f8e0c2db87630""]"	"[""R16A-PAIR:0c8c2331a9ba240c16d983a310a9cb7e83f44710cb57828cca8860aaf7799937""]"	"[""R14-ASSOC-018""]"	2	1	true	EVIDENCE_GAP_TREE	INVALID	NO_EXPLICIT_GOVERNED_EVIDENCE_GAP_NODE		R16A-ENUM-0028	af1ce21d5a3cedd29f6dc28cf50483703c7e88463c0c290f8cefdb11ca05cbc4	LINEAR_PATH	1	0	0	0	false
R16A-SUBGRAPH-75E9DA0C22CC720AE050	75e9da0c22cc720ae050cfa6b65063d359f12d738bb0d33649b0cfea75499fc8	"[""TRV:2fe1d615f7fb24b99fb828c5ceadcf06635e7fb6f47910f32d2daf1f6bd763f0"",""TRV:5660ce124250ffd0ecbcf64a7359315bd26afdb0d89c559c03a491cc2138e4ed"",""TRV:fd793986cd6d45968d3c7103e778813542e6a9979a85e9cf512450307c9f7342""]"	"[""R16A-PAIR:4cf124f8588611ba0a2f76bce26ab0b5890dcfcf71d9283888d62d58bcdb974a"",""R16A-PAIR:591aa3897c3e0e455ef4bc05b36550f3d010af9e84be8a08c199676025fdeb04""]"	"[""R14-ASSOC-013"",""R14-ASSOC-015""]"	3	2	false	LINEAR_PATH	VALID	CONNECTED_TREE_MAX_DEGREE_TWO	6a0e215f1ff7924b4169681dce4e2cd4ed29eaff0192dc5733b9a532cbdac825	R16A-ENUM-0029	bc5b0a22c0b44cb952b01c2d44eaf7309f78b6d7195fd2f179d7240577a27dbc	UNRESOLVED	2	0	0	1	false
R16A-SUBGRAPH-75E9DA0C22CC720AE050	75e9da0c22cc720ae050cfa6b65063d359f12d738bb0d33649b0cfea75499fc8	"[""TRV:2fe1d615f7fb24b99fb828c5ceadcf06635e7fb6f47910f32d2daf1f6bd763f0"",""TRV:5660ce124250ffd0ecbcf64a7359315bd26afdb0d89c559c03a491cc2138e4ed"",""TRV:fd793986cd6d45968d3c7103e778813542e6a9979a85e9cf512450307c9f7342""]"	"[""R16A-PAIR:4cf124f8588611ba0a2f76bce26ab0b5890dcfcf71d9283888d62d58bcdb974a"",""R16A-PAIR:591aa3897c3e0e455ef4bc05b36550f3d010af9e84be8a08c199676025fdeb04""]"	"[""R14-ASSOC-013"",""R14-ASSOC-015""]"	3	2	false	BINARY_FORK	VALID	EXACT_THREE_NODE_TWO_EDGE_BINARY_SHAPE	ef29609fcc3f92db2291ad11178a9d81271f762c506c97297feef6ce33df6617	R16A-ENUM-0029	bc5b0a22c0b44cb952b01c2d44eaf7309f78b6d7195fd2f179d7240577a27dbc	UNRESOLVED	2	0	0	1	false
R16A-SUBGRAPH-75E9DA0C22CC720AE050	75e9da0c22cc720ae050cfa6b65063d359f12d738bb0d33649b0cfea75499fc8	"[""TRV:2fe1d615f7fb24b99fb828c5ceadcf06635e7fb6f47910f32d2daf1f6bd763f0"",""TRV:5660ce124250ffd0ecbcf64a7359315bd26afdb0d89c559c03a491cc2138e4ed"",""TRV:fd793986cd6d45968d3c7103e778813542e6a9979a85e9cf512450307c9f7342""]"	"[""R16A-PAIR:4cf124f8588611ba0a2f76bce26ab0b5890dcfcf71d9283888d62d58bcdb974a"",""R16A-PAIR:591aa3897c3e0e455ef4bc05b36550f3d010af9e84be8a08c199676025fdeb04""]"	"[""R14-ASSOC-013"",""R14-ASSOC-015""]"	3	2	false	BINARY_CONVERGENCE	VALID	EXACT_THREE_NODE_TWO_EDGE_BINARY_SHAPE	3f3b003997bcecf3c10480822aae7f3e64a6108efc16df00318f87ba0b980e51	R16A-ENUM-0029	bc5b0a22c0b44cb952b01c2d44eaf7309f78b6d7195fd2f179d7240577a27dbc	UNRESOLVED	2	0	0	1	false
R16A-SUBGRAPH-75E9DA0C22CC720AE050	75e9da0c22cc720ae050cfa6b65063d359f12d738bb0d33649b0cfea75499fc8	"[""TRV:2fe1d615f7fb24b99fb828c5ceadcf06635e7fb6f47910f32d2daf1f6bd763f0"",""TRV:5660ce124250ffd0ecbcf64a7359315bd26afdb0d89c559c03a491cc2138e4ed"",""TRV:fd793986cd6d45968d3c7103e778813542e6a9979a85e9cf512450307c9f7342""]"	"[""R16A-PAIR:4cf124f8588611ba0a2f76bce26ab0b5890dcfcf71d9283888d62d58bcdb974a"",""R16A-PAIR:591aa3897c3e0e455ef4bc05b36550f3d010af9e84be8a08c199676025fdeb04""]"	"[""R14-ASSOC-013"",""R14-ASSOC-015""]"	3	2	false	QUALIFIED_PATH	INVALID	NO_EXPLICIT_GOVERNED_QUALIFICATION_GATE		R16A-ENUM-0029	bc5b0a22c0b44cb952b01c2d44eaf7309f78b6d7195fd2f179d7240577a27dbc	UNRESOLVED	2	0	0	1	false
R16A-SUBGRAPH-75E9DA0C22CC720AE050	75e9da0c22cc720ae050cfa6b65063d359f12d738bb0d33649b0cfea75499fc8	"[""TRV:2fe1d615f7fb24b99fb828c5ceadcf06635e7fb6f47910f32d2daf1f6bd763f0"",""TRV:5660ce124250ffd0ecbcf64a7359315bd26afdb0d89c559c03a491cc2138e4ed"",""TRV:fd793986cd6d45968d3c7103e778813542e6a9979a85e9cf512450307c9f7342""]"	"[""R16A-PAIR:4cf124f8588611ba0a2f76bce26ab0b5890dcfcf71d9283888d62d58bcdb974a"",""R16A-PAIR:591aa3897c3e0e455ef4bc05b36550f3d010af9e84be8a08c199676025fdeb04""]"	"[""R14-ASSOC-013"",""R14-ASSOC-015""]"	3	2	false	REFLEXIVE_RETURN	INVALID	NO_EXPLICIT_GOVERNED_NAVIGATION_RETURN		R16A-ENUM-0029	bc5b0a22c0b44cb952b01c2d44eaf7309f78b6d7195fd2f179d7240577a27dbc	UNRESOLVED	2	0	0	1	false
R16A-SUBGRAPH-75E9DA0C22CC720AE050	75e9da0c22cc720ae050cfa6b65063d359f12d738bb0d33649b0cfea75499fc8	"[""TRV:2fe1d615f7fb24b99fb828c5ceadcf06635e7fb6f47910f32d2daf1f6bd763f0"",""TRV:5660ce124250ffd0ecbcf64a7359315bd26afdb0d89c559c03a491cc2138e4ed"",""TRV:fd793986cd6d45968d3c7103e778813542e6a9979a85e9cf512450307c9f7342""]"	"[""R16A-PAIR:4cf124f8588611ba0a2f76bce26ab0b5890dcfcf71d9283888d62d58bcdb974a"",""R16A-PAIR:591aa3897c3e0e455ef4bc05b36550f3d010af9e84be8a08c199676025fdeb04""]"	"[""R14-ASSOC-013"",""R14-ASSOC-015""]"	3	2	false	EVIDENCE_GAP_TREE	INVALID	NO_EXPLICIT_GOVERNED_EVIDENCE_GAP_NODE		R16A-ENUM-0029	bc5b0a22c0b44cb952b01c2d44eaf7309f78b6d7195fd2f179d7240577a27dbc	UNRESOLVED	2	0	0	1	false
R16A-SUBGRAPH-79C0D024084B65B35470	79c0d024084b65b3547035c259fa688c1a3dfc23b775343a1e00ffbf5e398a33	"[""TRV:2fe1d615f7fb24b99fb828c5ceadcf06635e7fb6f47910f32d2daf1f6bd763f0"",""TRV:5660ce124250ffd0ecbcf64a7359315bd26afdb0d89c559c03a491cc2138e4ed"",""TRV:fd793986cd6d45968d3c7103e778813542e6a9979a85e9cf512450307c9f7342""]"	"[""R16A-PAIR:4cf124f8588611ba0a2f76bce26ab0b5890dcfcf71d9283888d62d58bcdb974a"",""R16A-PAIR:c58fe913fc06f2896c1022f7ccc0e9de1b0f7f1121f09c7d18162d40fe764cf9""]"	"[""R14-ASSOC-013"",""R14-ASSOC-014""]"	3	2	false	LINEAR_PATH	VALID	CONNECTED_TREE_MAX_DEGREE_TWO	56748cc23f16fe87e427f1582f5b4ebb6ecae663a1d050cc0acfa585c8132644	R16A-ENUM-0030	f9350ffcb33db2e1c825f64cca3b2f996cb71cc69a818eedd4f49729537c2344	UNRESOLVED	2	0	0	1	false
R16A-SUBGRAPH-79C0D024084B65B35470	79c0d024084b65b3547035c259fa688c1a3dfc23b775343a1e00ffbf5e398a33	"[""TRV:2fe1d615f7fb24b99fb828c5ceadcf06635e7fb6f47910f32d2daf1f6bd763f0"",""TRV:5660ce124250ffd0ecbcf64a7359315bd26afdb0d89c559c03a491cc2138e4ed"",""TRV:fd793986cd6d45968d3c7103e778813542e6a9979a85e9cf512450307c9f7342""]"	"[""R16A-PAIR:4cf124f8588611ba0a2f76bce26ab0b5890dcfcf71d9283888d62d58bcdb974a"",""R16A-PAIR:c58fe913fc06f2896c1022f7ccc0e9de1b0f7f1121f09c7d18162d40fe764cf9""]"	"[""R14-ASSOC-013"",""R14-ASSOC-014""]"	3	2	false	BINARY_FORK	VALID	EXACT_THREE_NODE_TWO_EDGE_BINARY_SHAPE	2b3b8d7c5af03b42652bbbaa4fc47fe1c2f88e4408a9f030bfd11d1a1cbf1616	R16A-ENUM-0030	f9350ffcb33db2e1c825f64cca3b2f996cb71cc69a818eedd4f49729537c2344	UNRESOLVED	2	0	0	1	false
R16A-SUBGRAPH-79C0D024084B65B35470	79c0d024084b65b3547035c259fa688c1a3dfc23b775343a1e00ffbf5e398a33	"[""TRV:2fe1d615f7fb24b99fb828c5ceadcf06635e7fb6f47910f32d2daf1f6bd763f0"",""TRV:5660ce124250ffd0ecbcf64a7359315bd26afdb0d89c559c03a491cc2138e4ed"",""TRV:fd793986cd6d45968d3c7103e778813542e6a9979a85e9cf512450307c9f7342""]"	"[""R16A-PAIR:4cf124f8588611ba0a2f76bce26ab0b5890dcfcf71d9283888d62d58bcdb974a"",""R16A-PAIR:c58fe913fc06f2896c1022f7ccc0e9de1b0f7f1121f09c7d18162d40fe764cf9""]"	"[""R14-ASSOC-013"",""R14-ASSOC-014""]"	3	2	false	BINARY_CONVERGENCE	VALID	EXACT_THREE_NODE_TWO_EDGE_BINARY_SHAPE	148beccbebca23c546243b992ccbfda310f49bac8d56b595be8f8dfafc68451e	R16A-ENUM-0030	f9350ffcb33db2e1c825f64cca3b2f996cb71cc69a818eedd4f49729537c2344	UNRESOLVED	2	0	0	1	false
R16A-SUBGRAPH-79C0D024084B65B35470	79c0d024084b65b3547035c259fa688c1a3dfc23b775343a1e00ffbf5e398a33	"[""TRV:2fe1d615f7fb24b99fb828c5ceadcf06635e7fb6f47910f32d2daf1f6bd763f0"",""TRV:5660ce124250ffd0ecbcf64a7359315bd26afdb0d89c559c03a491cc2138e4ed"",""TRV:fd793986cd6d45968d3c7103e778813542e6a9979a85e9cf512450307c9f7342""]"	"[""R16A-PAIR:4cf124f8588611ba0a2f76bce26ab0b5890dcfcf71d9283888d62d58bcdb974a"",""R16A-PAIR:c58fe913fc06f2896c1022f7ccc0e9de1b0f7f1121f09c7d18162d40fe764cf9""]"	"[""R14-ASSOC-013"",""R14-ASSOC-014""]"	3	2	false	QUALIFIED_PATH	INVALID	NO_EXPLICIT_GOVERNED_QUALIFICATION_GATE		R16A-ENUM-0030	f9350ffcb33db2e1c825f64cca3b2f996cb71cc69a818eedd4f49729537c2344	UNRESOLVED	2	0	0	1	false
R16A-SUBGRAPH-79C0D024084B65B35470	79c0d024084b65b3547035c259fa688c1a3dfc23b775343a1e00ffbf5e398a33	"[""TRV:2fe1d615f7fb24b99fb828c5ceadcf06635e7fb6f47910f32d2daf1f6bd763f0"",""TRV:5660ce124250ffd0ecbcf64a7359315bd26afdb0d89c559c03a491cc2138e4ed"",""TRV:fd793986cd6d45968d3c7103e778813542e6a9979a85e9cf512450307c9f7342""]"	"[""R16A-PAIR:4cf124f8588611ba0a2f76bce26ab0b5890dcfcf71d9283888d62d58bcdb974a"",""R16A-PAIR:c58fe913fc06f2896c1022f7ccc0e9de1b0f7f1121f09c7d18162d40fe764cf9""]"	"[""R14-ASSOC-013"",""R14-ASSOC-014""]"	3	2	false	REFLEXIVE_RETURN	INVALID	NO_EXPLICIT_GOVERNED_NAVIGATION_RETURN		R16A-ENUM-0030	f9350ffcb33db2e1c825f64cca3b2f996cb71cc69a818eedd4f49729537c2344	UNRESOLVED	2	0	0	1	false
R16A-SUBGRAPH-79C0D024084B65B35470	79c0d024084b65b3547035c259fa688c1a3dfc23b775343a1e00ffbf5e398a33	"[""TRV:2fe1d615f7fb24b99fb828c5ceadcf06635e7fb6f47910f32d2daf1f6bd763f0"",""TRV:5660ce124250ffd0ecbcf64a7359315bd26afdb0d89c559c03a491cc2138e4ed"",""TRV:fd793986cd6d45968d3c7103e778813542e6a9979a85e9cf512450307c9f7342""]"	"[""R16A-PAIR:4cf124f8588611ba0a2f76bce26ab0b5890dcfcf71d9283888d62d58bcdb974a"",""R16A-PAIR:c58fe913fc06f2896c1022f7ccc0e9de1b0f7f1121f09c7d18162d40fe764cf9""]"	"[""R14-ASSOC-013"",""R14-ASSOC-014""]"	3	2	false	EVIDENCE_GAP_TREE	INVALID	NO_EXPLICIT_GOVERNED_EVIDENCE_GAP_NODE		R16A-ENUM-0030	f9350ffcb33db2e1c825f64cca3b2f996cb71cc69a818eedd4f49729537c2344	UNRESOLVED	2	0	0	1	false
R16A-SUBGRAPH-7BCF077B210539ABB07A	7bcf077b210539abb07a2dc275d74b216c1d369b7a7d3f7544d9b0042b0fe192	"[""TRV:2fe1d615f7fb24b99fb828c5ceadcf06635e7fb6f47910f32d2daf1f6bd763f0"",""TRV:fd793986cd6d45968d3c7103e778813542e6a9979a85e9cf512450307c9f7342""]"	"[""R16A-PAIR:c58fe913fc06f2896c1022f7ccc0e9de1b0f7f1121f09c7d18162d40fe764cf9""]"	"[""R14-ASSOC-014""]"	2	1	true	LINEAR_PATH	VALID	CONNECTED_TREE_MAX_DEGREE_TWO	f989d2f99f1041ee44c1ab53bb283ebac69ba3e2ca109ae2fab0a960bf90e40d	R16A-ENUM-0031	06b45172e17aa1d9ec6097097356458fc29bb29f555317e137543527314e0868	LINEAR_PATH	1	0	0	0	false
R16A-SUBGRAPH-7BCF077B210539ABB07A	7bcf077b210539abb07a2dc275d74b216c1d369b7a7d3f7544d9b0042b0fe192	"[""TRV:2fe1d615f7fb24b99fb828c5ceadcf06635e7fb6f47910f32d2daf1f6bd763f0"",""TRV:fd793986cd6d45968d3c7103e778813542e6a9979a85e9cf512450307c9f7342""]"	"[""R16A-PAIR:c58fe913fc06f2896c1022f7ccc0e9de1b0f7f1121f09c7d18162d40fe764cf9""]"	"[""R14-ASSOC-014""]"	2	1	true	BINARY_FORK	INVALID	BINARY_REQUIRES_EXACTLY_THREE_NODES_TWO_EDGES		R16A-ENUM-0031	06b45172e17aa1d9ec6097097356458fc29bb29f555317e137543527314e0868	LINEAR_PATH	1	0	0	0	false
R16A-SUBGRAPH-7BCF077B210539ABB07A	7bcf077b210539abb07a2dc275d74b216c1d369b7a7d3f7544d9b0042b0fe192	"[""TRV:2fe1d615f7fb24b99fb828c5ceadcf06635e7fb6f47910f32d2daf1f6bd763f0"",""TRV:fd793986cd6d45968d3c7103e778813542e6a9979a85e9cf512450307c9f7342""]"	"[""R16A-PAIR:c58fe913fc06f2896c1022f7ccc0e9de1b0f7f1121f09c7d18162d40fe764cf9""]"	"[""R14-ASSOC-014""]"	2	1	true	BINARY_CONVERGENCE	INVALID	BINARY_REQUIRES_EXACTLY_THREE_NODES_TWO_EDGES		R16A-ENUM-0031	06b45172e17aa1d9ec6097097356458fc29bb29f555317e137543527314e0868	LINEAR_PATH	1	0	0	0	false
R16A-SUBGRAPH-7BCF077B210539ABB07A	7bcf077b210539abb07a2dc275d74b216c1d369b7a7d3f7544d9b0042b0fe192	"[""TRV:2fe1d615f7fb24b99fb828c5ceadcf06635e7fb6f47910f32d2daf1f6bd763f0"",""TRV:fd793986cd6d45968d3c7103e778813542e6a9979a85e9cf512450307c9f7342""]"	"[""R16A-PAIR:c58fe913fc06f2896c1022f7ccc0e9de1b0f7f1121f09c7d18162d40fe764cf9""]"	"[""R14-ASSOC-014""]"	2	1	true	QUALIFIED_PATH	INVALID	NO_EXPLICIT_GOVERNED_QUALIFICATION_GATE		R16A-ENUM-0031	06b45172e17aa1d9ec6097097356458fc29bb29f555317e137543527314e0868	LINEAR_PATH	1	0	0	0	false
R16A-SUBGRAPH-7BCF077B210539ABB07A	7bcf077b210539abb07a2dc275d74b216c1d369b7a7d3f7544d9b0042b0fe192	"[""TRV:2fe1d615f7fb24b99fb828c5ceadcf06635e7fb6f47910f32d2daf1f6bd763f0"",""TRV:fd793986cd6d45968d3c7103e778813542e6a9979a85e9cf512450307c9f7342""]"	"[""R16A-PAIR:c58fe913fc06f2896c1022f7ccc0e9de1b0f7f1121f09c7d18162d40fe764cf9""]"	"[""R14-ASSOC-014""]"	2	1	true	REFLEXIVE_RETURN	INVALID	NO_EXPLICIT_GOVERNED_NAVIGATION_RETURN		R16A-ENUM-0031	06b45172e17aa1d9ec6097097356458fc29bb29f555317e137543527314e0868	LINEAR_PATH	1	0	0	0	false
R16A-SUBGRAPH-7BCF077B210539ABB07A	7bcf077b210539abb07a2dc275d74b216c1d369b7a7d3f7544d9b0042b0fe192	"[""TRV:2fe1d615f7fb24b99fb828c5ceadcf06635e7fb6f47910f32d2daf1f6bd763f0"",""TRV:fd793986cd6d45968d3c7103e778813542e6a9979a85e9cf512450307c9f7342""]"	"[""R16A-PAIR:c58fe913fc06f2896c1022f7ccc0e9de1b0f7f1121f09c7d18162d40fe764cf9""]"	"[""R14-ASSOC-014""]"	2	1	true	EVIDENCE_GAP_TREE	INVALID	NO_EXPLICIT_GOVERNED_EVIDENCE_GAP_NODE		R16A-ENUM-0031	06b45172e17aa1d9ec6097097356458fc29bb29f555317e137543527314e0868	LINEAR_PATH	1	0	0	0	false
R16A-SUBGRAPH-7C0BE9DC5178DC5CC4FE	7c0be9dc5178dc5cc4fe7cfaec474677cf4b71c55d599043e72a1941f359ecb8	"[""TRV:276446ba01e3aa387c83b06f54fccc5ac65bdc6099157a2a828716eac9c6fd4d"",""TRV:303eafd7c2afb63e99e140c4ba2abd1de5f78f9e8ebbb3040b4531b6df568639"",""TRV:83a2bff84b1d599d9eed884a09666501c96224a0b3b7457699ef0be145e76e73"",""TRV:c82d3d4865e41e2a263ff0427c4df2b8e3e43a85c835404d033d764468b3ba55""]"	"[""R16A-PAIR:2ea00c84f44e9da21aae78f742f5cf6cba09fee7e94d77ff3420dc07dd64cbb5"",""R16A-PAIR:db9e8b1d1d7e17983872e3600cd1a3ce5ae7f3c907ae70bdeafcbd0b2c6a0460"",""R16A-PAIR:e153332b67669fdaa24f256bfcf61135e56eb2894e48481afc71ae4327c81422""]"	"[""R14-ASSOC-005"",""R14-ASSOC-006"",""R14-ASSOC-007""]"	4	3	false	LINEAR_PATH	VALID	CONNECTED_TREE_MAX_DEGREE_TWO	cb5bb3359e0f1d9f8a156b42cfcc5f4888a28dd1b1b6833413c4e786ebdf2b61	R16A-ENUM-0032	83541f843d266d995ad97b09c2649c355c979aa92568700eec9d87068f2add71	LINEAR_PATH	3	0	0	0	false
R16A-SUBGRAPH-7C0BE9DC5178DC5CC4FE	7c0be9dc5178dc5cc4fe7cfaec474677cf4b71c55d599043e72a1941f359ecb8	"[""TRV:276446ba01e3aa387c83b06f54fccc5ac65bdc6099157a2a828716eac9c6fd4d"",""TRV:303eafd7c2afb63e99e140c4ba2abd1de5f78f9e8ebbb3040b4531b6df568639"",""TRV:83a2bff84b1d599d9eed884a09666501c96224a0b3b7457699ef0be145e76e73"",""TRV:c82d3d4865e41e2a263ff0427c4df2b8e3e43a85c835404d033d764468b3ba55""]"	"[""R16A-PAIR:2ea00c84f44e9da21aae78f742f5cf6cba09fee7e94d77ff3420dc07dd64cbb5"",""R16A-PAIR:db9e8b1d1d7e17983872e3600cd1a3ce5ae7f3c907ae70bdeafcbd0b2c6a0460"",""R16A-PAIR:e153332b67669fdaa24f256bfcf61135e56eb2894e48481afc71ae4327c81422""]"	"[""R14-ASSOC-005"",""R14-ASSOC-006"",""R14-ASSOC-007""]"	4	3	false	BINARY_FORK	INVALID	BINARY_REQUIRES_EXACTLY_THREE_NODES_TWO_EDGES		R16A-ENUM-0032	83541f843d266d995ad97b09c2649c355c979aa92568700eec9d87068f2add71	LINEAR_PATH	3	0	0	0	false
R16A-SUBGRAPH-7C0BE9DC5178DC5CC4FE	7c0be9dc5178dc5cc4fe7cfaec474677cf4b71c55d599043e72a1941f359ecb8	"[""TRV:276446ba01e3aa387c83b06f54fccc5ac65bdc6099157a2a828716eac9c6fd4d"",""TRV:303eafd7c2afb63e99e140c4ba2abd1de5f78f9e8ebbb3040b4531b6df568639"",""TRV:83a2bff84b1d599d9eed884a09666501c96224a0b3b7457699ef0be145e76e73"",""TRV:c82d3d4865e41e2a263ff0427c4df2b8e3e43a85c835404d033d764468b3ba55""]"	"[""R16A-PAIR:2ea00c84f44e9da21aae78f742f5cf6cba09fee7e94d77ff3420dc07dd64cbb5"",""R16A-PAIR:db9e8b1d1d7e17983872e3600cd1a3ce5ae7f3c907ae70bdeafcbd0b2c6a0460"",""R16A-PAIR:e153332b67669fdaa24f256bfcf61135e56eb2894e48481afc71ae4327c81422""]"	"[""R14-ASSOC-005"",""R14-ASSOC-006"",""R14-ASSOC-007""]"	4	3	false	BINARY_CONVERGENCE	INVALID	BINARY_REQUIRES_EXACTLY_THREE_NODES_TWO_EDGES		R16A-ENUM-0032	83541f843d266d995ad97b09c2649c355c979aa92568700eec9d87068f2add71	LINEAR_PATH	3	0	0	0	false
R16A-SUBGRAPH-7C0BE9DC5178DC5CC4FE	7c0be9dc5178dc5cc4fe7cfaec474677cf4b71c55d599043e72a1941f359ecb8	"[""TRV:276446ba01e3aa387c83b06f54fccc5ac65bdc6099157a2a828716eac9c6fd4d"",""TRV:303eafd7c2afb63e99e140c4ba2abd1de5f78f9e8ebbb3040b4531b6df568639"",""TRV:83a2bff84b1d599d9eed884a09666501c96224a0b3b7457699ef0be145e76e73"",""TRV:c82d3d4865e41e2a263ff0427c4df2b8e3e43a85c835404d033d764468b3ba55""]"	"[""R16A-PAIR:2ea00c84f44e9da21aae78f742f5cf6cba09fee7e94d77ff3420dc07dd64cbb5"",""R16A-PAIR:db9e8b1d1d7e17983872e3600cd1a3ce5ae7f3c907ae70bdeafcbd0b2c6a0460"",""R16A-PAIR:e153332b67669fdaa24f256bfcf61135e56eb2894e48481afc71ae4327c81422""]"	"[""R14-ASSOC-005"",""R14-ASSOC-006"",""R14-ASSOC-007""]"	4	3	false	QUALIFIED_PATH	INVALID	NO_EXPLICIT_GOVERNED_QUALIFICATION_GATE		R16A-ENUM-0032	83541f843d266d995ad97b09c2649c355c979aa92568700eec9d87068f2add71	LINEAR_PATH	3	0	0	0	false
R16A-SUBGRAPH-7C0BE9DC5178DC5CC4FE	7c0be9dc5178dc5cc4fe7cfaec474677cf4b71c55d599043e72a1941f359ecb8	"[""TRV:276446ba01e3aa387c83b06f54fccc5ac65bdc6099157a2a828716eac9c6fd4d"",""TRV:303eafd7c2afb63e99e140c4ba2abd1de5f78f9e8ebbb3040b4531b6df568639"",""TRV:83a2bff84b1d599d9eed884a09666501c96224a0b3b7457699ef0be145e76e73"",""TRV:c82d3d4865e41e2a263ff0427c4df2b8e3e43a85c835404d033d764468b3ba55""]"	"[""R16A-PAIR:2ea00c84f44e9da21aae78f742f5cf6cba09fee7e94d77ff3420dc07dd64cbb5"",""R16A-PAIR:db9e8b1d1d7e17983872e3600cd1a3ce5ae7f3c907ae70bdeafcbd0b2c6a0460"",""R16A-PAIR:e153332b67669fdaa24f256bfcf61135e56eb2894e48481afc71ae4327c81422""]"	"[""R14-ASSOC-005"",""R14-ASSOC-006"",""R14-ASSOC-007""]"	4	3	false	REFLEXIVE_RETURN	INVALID	NO_EXPLICIT_GOVERNED_NAVIGATION_RETURN		R16A-ENUM-0032	83541f843d266d995ad97b09c2649c355c979aa92568700eec9d87068f2add71	LINEAR_PATH	3	0	0	0	false
R16A-SUBGRAPH-7C0BE9DC5178DC5CC4FE	7c0be9dc5178dc5cc4fe7cfaec474677cf4b71c55d599043e72a1941f359ecb8	"[""TRV:276446ba01e3aa387c83b06f54fccc5ac65bdc6099157a2a828716eac9c6fd4d"",""TRV:303eafd7c2afb63e99e140c4ba2abd1de5f78f9e8ebbb3040b4531b6df568639"",""TRV:83a2bff84b1d599d9eed884a09666501c96224a0b3b7457699ef0be145e76e73"",""TRV:c82d3d4865e41e2a263ff0427c4df2b8e3e43a85c835404d033d764468b3ba55""]"	"[""R16A-PAIR:2ea00c84f44e9da21aae78f742f5cf6cba09fee7e94d77ff3420dc07dd64cbb5"",""R16A-PAIR:db9e8b1d1d7e17983872e3600cd1a3ce5ae7f3c907ae70bdeafcbd0b2c6a0460"",""R16A-PAIR:e153332b67669fdaa24f256bfcf61135e56eb2894e48481afc71ae4327c81422""]"	"[""R14-ASSOC-005"",""R14-ASSOC-006"",""R14-ASSOC-007""]"	4	3	false	EVIDENCE_GAP_TREE	INVALID	NO_EXPLICIT_GOVERNED_EVIDENCE_GAP_NODE		R16A-ENUM-0032	83541f843d266d995ad97b09c2649c355c979aa92568700eec9d87068f2add71	LINEAR_PATH	3	0	0	0	false
R16A-SUBGRAPH-7CA138E26F911B673E59	7ca138e26f911b673e59cdd978edfef56aab353dc29e7ea3cdf8a1721682c32a	"[""TRV:303eafd7c2afb63e99e140c4ba2abd1de5f78f9e8ebbb3040b4531b6df568639"",""TRV:83a2bff84b1d599d9eed884a09666501c96224a0b3b7457699ef0be145e76e73"",""TRV:c82d3d4865e41e2a263ff0427c4df2b8e3e43a85c835404d033d764468b3ba55""]"	"[""R16A-PAIR:2ea00c84f44e9da21aae78f742f5cf6cba09fee7e94d77ff3420dc07dd64cbb5"",""R16A-PAIR:5841a12151ac0ce714f0b8e279e939bed009b3f2be71086cde6033cbbd11b4ea"",""R16A-PAIR:db9e8b1d1d7e17983872e3600cd1a3ce5ae7f3c907ae70bdeafcbd0b2c6a0460""]"	"[""R14-ASSOC-005"",""R14-ASSOC-006"",""R14-ASSOC-008""]"	3	3	true	LINEAR_PATH	INVALID	NOT_A_CONNECTED_LINEAR_TREE		R16A-ENUM-0033	354c54d7cfc353251ecbb1af7206755e5a7dcecb4d7769506901cd412ec0a50c	UNRESOLVED	3	0	0	1	false
R16A-SUBGRAPH-7CA138E26F911B673E59	7ca138e26f911b673e59cdd978edfef56aab353dc29e7ea3cdf8a1721682c32a	"[""TRV:303eafd7c2afb63e99e140c4ba2abd1de5f78f9e8ebbb3040b4531b6df568639"",""TRV:83a2bff84b1d599d9eed884a09666501c96224a0b3b7457699ef0be145e76e73"",""TRV:c82d3d4865e41e2a263ff0427c4df2b8e3e43a85c835404d033d764468b3ba55""]"	"[""R16A-PAIR:2ea00c84f44e9da21aae78f742f5cf6cba09fee7e94d77ff3420dc07dd64cbb5"",""R16A-PAIR:5841a12151ac0ce714f0b8e279e939bed009b3f2be71086cde6033cbbd11b4ea"",""R16A-PAIR:db9e8b1d1d7e17983872e3600cd1a3ce5ae7f3c907ae70bdeafcbd0b2c6a0460""]"	"[""R14-ASSOC-005"",""R14-ASSOC-006"",""R14-ASSOC-008""]"	3	3	true	BINARY_FORK	INVALID	BINARY_REQUIRES_EXACTLY_THREE_NODES_TWO_EDGES		R16A-ENUM-0033	354c54d7cfc353251ecbb1af7206755e5a7dcecb4d7769506901cd412ec0a50c	UNRESOLVED	3	0	0	1	false
R16A-SUBGRAPH-7CA138E26F911B673E59	7ca138e26f911b673e59cdd978edfef56aab353dc29e7ea3cdf8a1721682c32a	"[""TRV:303eafd7c2afb63e99e140c4ba2abd1de5f78f9e8ebbb3040b4531b6df568639"",""TRV:83a2bff84b1d599d9eed884a09666501c96224a0b3b7457699ef0be145e76e73"",""TRV:c82d3d4865e41e2a263ff0427c4df2b8e3e43a85c835404d033d764468b3ba55""]"	"[""R16A-PAIR:2ea00c84f44e9da21aae78f742f5cf6cba09fee7e94d77ff3420dc07dd64cbb5"",""R16A-PAIR:5841a12151ac0ce714f0b8e279e939bed009b3f2be71086cde6033cbbd11b4ea"",""R16A-PAIR:db9e8b1d1d7e17983872e3600cd1a3ce5ae7f3c907ae70bdeafcbd0b2c6a0460""]"	"[""R14-ASSOC-005"",""R14-ASSOC-006"",""R14-ASSOC-008""]"	3	3	true	BINARY_CONVERGENCE	INVALID	BINARY_REQUIRES_EXACTLY_THREE_NODES_TWO_EDGES		R16A-ENUM-0033	354c54d7cfc353251ecbb1af7206755e5a7dcecb4d7769506901cd412ec0a50c	UNRESOLVED	3	0	0	1	false
R16A-SUBGRAPH-7CA138E26F911B673E59	7ca138e26f911b673e59cdd978edfef56aab353dc29e7ea3cdf8a1721682c32a	"[""TRV:303eafd7c2afb63e99e140c4ba2abd1de5f78f9e8ebbb3040b4531b6df568639"",""TRV:83a2bff84b1d599d9eed884a09666501c96224a0b3b7457699ef0be145e76e73"",""TRV:c82d3d4865e41e2a263ff0427c4df2b8e3e43a85c835404d033d764468b3ba55""]"	"[""R16A-PAIR:2ea00c84f44e9da21aae78f742f5cf6cba09fee7e94d77ff3420dc07dd64cbb5"",""R16A-PAIR:5841a12151ac0ce714f0b8e279e939bed009b3f2be71086cde6033cbbd11b4ea"",""R16A-PAIR:db9e8b1d1d7e17983872e3600cd1a3ce5ae7f3c907ae70bdeafcbd0b2c6a0460""]"	"[""R14-ASSOC-005"",""R14-ASSOC-006"",""R14-ASSOC-008""]"	3	3	true	QUALIFIED_PATH	INVALID	NO_EXPLICIT_GOVERNED_QUALIFICATION_GATE		R16A-ENUM-0033	354c54d7cfc353251ecbb1af7206755e5a7dcecb4d7769506901cd412ec0a50c	UNRESOLVED	3	0	0	1	false
R16A-SUBGRAPH-7CA138E26F911B673E59	7ca138e26f911b673e59cdd978edfef56aab353dc29e7ea3cdf8a1721682c32a	"[""TRV:303eafd7c2afb63e99e140c4ba2abd1de5f78f9e8ebbb3040b4531b6df568639"",""TRV:83a2bff84b1d599d9eed884a09666501c96224a0b3b7457699ef0be145e76e73"",""TRV:c82d3d4865e41e2a263ff0427c4df2b8e3e43a85c835404d033d764468b3ba55""]"	"[""R16A-PAIR:2ea00c84f44e9da21aae78f742f5cf6cba09fee7e94d77ff3420dc07dd64cbb5"",""R16A-PAIR:5841a12151ac0ce714f0b8e279e939bed009b3f2be71086cde6033cbbd11b4ea"",""R16A-PAIR:db9e8b1d1d7e17983872e3600cd1a3ce5ae7f3c907ae70bdeafcbd0b2c6a0460""]"	"[""R14-ASSOC-005"",""R14-ASSOC-006"",""R14-ASSOC-008""]"	3	3	true	REFLEXIVE_RETURN	INVALID	NO_EXPLICIT_GOVERNED_NAVIGATION_RETURN		R16A-ENUM-0033	354c54d7cfc353251ecbb1af7206755e5a7dcecb4d7769506901cd412ec0a50c	UNRESOLVED	3	0	0	1	false
R16A-SUBGRAPH-7CA138E26F911B673E59	7ca138e26f911b673e59cdd978edfef56aab353dc29e7ea3cdf8a1721682c32a	"[""TRV:303eafd7c2afb63e99e140c4ba2abd1de5f78f9e8ebbb3040b4531b6df568639"",""TRV:83a2bff84b1d599d9eed884a09666501c96224a0b3b7457699ef0be145e76e73"",""TRV:c82d3d4865e41e2a263ff0427c4df2b8e3e43a85c835404d033d764468b3ba55""]"	"[""R16A-PAIR:2ea00c84f44e9da21aae78f742f5cf6cba09fee7e94d77ff3420dc07dd64cbb5"",""R16A-PAIR:5841a12151ac0ce714f0b8e279e939bed009b3f2be71086cde6033cbbd11b4ea"",""R16A-PAIR:db9e8b1d1d7e17983872e3600cd1a3ce5ae7f3c907ae70bdeafcbd0b2c6a0460""]"	"[""R14-ASSOC-005"",""R14-ASSOC-006"",""R14-ASSOC-008""]"	3	3	true	EVIDENCE_GAP_TREE	INVALID	NO_EXPLICIT_GOVERNED_EVIDENCE_GAP_NODE		R16A-ENUM-0033	354c54d7cfc353251ecbb1af7206755e5a7dcecb4d7769506901cd412ec0a50c	UNRESOLVED	3	0	0	1	false
R16A-SUBGRAPH-7E7023EF90B89B67B80A	7e7023ef90b89b67b80ac454ebe3383d740ea63e7ad233b82f753575d7051329	"[""TRV:54d55704f5d7e2caa927feedf94edf8b9dd2ebfafc4b0aa68875bcbcbabaaa79"",""TRV:b1195fbfc5f343ebd84eb46acece15907e639a564f04af5d04d58c70e127a14b""]"	"[""R16A-PAIR:9d6b149f9ea2e617d5b45153c18bed1eeff22bd4c979cc8d6767b8c213e4d419""]"	"[""R14-ASSOC-001""]"	2	1	true	LINEAR_PATH	VALID	CONNECTED_TREE_MAX_DEGREE_TWO	1df5f5f05ae4bce14827048bba4c2424827ddd8a70ccf9195382258f28fa383c	R16A-ENUM-0034	054bc881e3ea601d5d60ae7220cdfa9a4cb5c9866424f5c95b154fc4759f52ff	LINEAR_PATH	1	0	0	0	false
R16A-SUBGRAPH-7E7023EF90B89B67B80A	7e7023ef90b89b67b80ac454ebe3383d740ea63e7ad233b82f753575d7051329	"[""TRV:54d55704f5d7e2caa927feedf94edf8b9dd2ebfafc4b0aa68875bcbcbabaaa79"",""TRV:b1195fbfc5f343ebd84eb46acece15907e639a564f04af5d04d58c70e127a14b""]"	"[""R16A-PAIR:9d6b149f9ea2e617d5b45153c18bed1eeff22bd4c979cc8d6767b8c213e4d419""]"	"[""R14-ASSOC-001""]"	2	1	true	BINARY_FORK	INVALID	BINARY_REQUIRES_EXACTLY_THREE_NODES_TWO_EDGES		R16A-ENUM-0034	054bc881e3ea601d5d60ae7220cdfa9a4cb5c9866424f5c95b154fc4759f52ff	LINEAR_PATH	1	0	0	0	false
R16A-SUBGRAPH-7E7023EF90B89B67B80A	7e7023ef90b89b67b80ac454ebe3383d740ea63e7ad233b82f753575d7051329	"[""TRV:54d55704f5d7e2caa927feedf94edf8b9dd2ebfafc4b0aa68875bcbcbabaaa79"",""TRV:b1195fbfc5f343ebd84eb46acece15907e639a564f04af5d04d58c70e127a14b""]"	"[""R16A-PAIR:9d6b149f9ea2e617d5b45153c18bed1eeff22bd4c979cc8d6767b8c213e4d419""]"	"[""R14-ASSOC-001""]"	2	1	true	BINARY_CONVERGENCE	INVALID	BINARY_REQUIRES_EXACTLY_THREE_NODES_TWO_EDGES		R16A-ENUM-0034	054bc881e3ea601d5d60ae7220cdfa9a4cb5c9866424f5c95b154fc4759f52ff	LINEAR_PATH	1	0	0	0	false
R16A-SUBGRAPH-7E7023EF90B89B67B80A	7e7023ef90b89b67b80ac454ebe3383d740ea63e7ad233b82f753575d7051329	"[""TRV:54d55704f5d7e2caa927feedf94edf8b9dd2ebfafc4b0aa68875bcbcbabaaa79"",""TRV:b1195fbfc5f343ebd84eb46acece15907e639a564f04af5d04d58c70e127a14b""]"	"[""R16A-PAIR:9d6b149f9ea2e617d5b45153c18bed1eeff22bd4c979cc8d6767b8c213e4d419""]"	"[""R14-ASSOC-001""]"	2	1	true	QUALIFIED_PATH	INVALID	NO_EXPLICIT_GOVERNED_QUALIFICATION_GATE		R16A-ENUM-0034	054bc881e3ea601d5d60ae7220cdfa9a4cb5c9866424f5c95b154fc4759f52ff	LINEAR_PATH	1	0	0	0	false
R16A-SUBGRAPH-7E7023EF90B89B67B80A	7e7023ef90b89b67b80ac454ebe3383d740ea63e7ad233b82f753575d7051329	"[""TRV:54d55704f5d7e2caa927feedf94edf8b9dd2ebfafc4b0aa68875bcbcbabaaa79"",""TRV:b1195fbfc5f343ebd84eb46acece15907e639a564f04af5d04d58c70e127a14b""]"	"[""R16A-PAIR:9d6b149f9ea2e617d5b45153c18bed1eeff22bd4c979cc8d6767b8c213e4d419""]"	"[""R14-ASSOC-001""]"	2	1	true	REFLEXIVE_RETURN	INVALID	NO_EXPLICIT_GOVERNED_NAVIGATION_RETURN		R16A-ENUM-0034	054bc881e3ea601d5d60ae7220cdfa9a4cb5c9866424f5c95b154fc4759f52ff	LINEAR_PATH	1	0	0	0	false
R16A-SUBGRAPH-7E7023EF90B89B67B80A	7e7023ef90b89b67b80ac454ebe3383d740ea63e7ad233b82f753575d7051329	"[""TRV:54d55704f5d7e2caa927feedf94edf8b9dd2ebfafc4b0aa68875bcbcbabaaa79"",""TRV:b1195fbfc5f343ebd84eb46acece15907e639a564f04af5d04d58c70e127a14b""]"	"[""R16A-PAIR:9d6b149f9ea2e617d5b45153c18bed1eeff22bd4c979cc8d6767b8c213e4d419""]"	"[""R14-ASSOC-001""]"	2	1	true	EVIDENCE_GAP_TREE	INVALID	NO_EXPLICIT_GOVERNED_EVIDENCE_GAP_NODE		R16A-ENUM-0034	054bc881e3ea601d5d60ae7220cdfa9a4cb5c9866424f5c95b154fc4759f52ff	LINEAR_PATH	1	0	0	0	false
R16A-SUBGRAPH-80D093986C07DD00CEFA	80d093986c07dd00cefacc46ad48cff309cb0c1288d3dda626329856eff45a47	"[""TRV:83a2bff84b1d599d9eed884a09666501c96224a0b3b7457699ef0be145e76e73"",""TRV:c82d3d4865e41e2a263ff0427c4df2b8e3e43a85c835404d033d764468b3ba55""]"	"[""R16A-PAIR:5841a12151ac0ce714f0b8e279e939bed009b3f2be71086cde6033cbbd11b4ea""]"	"[""R14-ASSOC-008""]"	2	1	true	LINEAR_PATH	VALID	CONNECTED_TREE_MAX_DEGREE_TWO	b1954df654cc81ceb751f89e4368e9cfa315e27941046f6945cd6d1fa6c27c8c	R16A-ENUM-0035	4732423481f1abba0e2a761aa289566af7179f638ced35d9f7600177b678cb42	LINEAR_PATH	1	0	0	0	false
R16A-SUBGRAPH-80D093986C07DD00CEFA	80d093986c07dd00cefacc46ad48cff309cb0c1288d3dda626329856eff45a47	"[""TRV:83a2bff84b1d599d9eed884a09666501c96224a0b3b7457699ef0be145e76e73"",""TRV:c82d3d4865e41e2a263ff0427c4df2b8e3e43a85c835404d033d764468b3ba55""]"	"[""R16A-PAIR:5841a12151ac0ce714f0b8e279e939bed009b3f2be71086cde6033cbbd11b4ea""]"	"[""R14-ASSOC-008""]"	2	1	true	BINARY_FORK	INVALID	BINARY_REQUIRES_EXACTLY_THREE_NODES_TWO_EDGES		R16A-ENUM-0035	4732423481f1abba0e2a761aa289566af7179f638ced35d9f7600177b678cb42	LINEAR_PATH	1	0	0	0	false
R16A-SUBGRAPH-80D093986C07DD00CEFA	80d093986c07dd00cefacc46ad48cff309cb0c1288d3dda626329856eff45a47	"[""TRV:83a2bff84b1d599d9eed884a09666501c96224a0b3b7457699ef0be145e76e73"",""TRV:c82d3d4865e41e2a263ff0427c4df2b8e3e43a85c835404d033d764468b3ba55""]"	"[""R16A-PAIR:5841a12151ac0ce714f0b8e279e939bed009b3f2be71086cde6033cbbd11b4ea""]"	"[""R14-ASSOC-008""]"	2	1	true	BINARY_CONVERGENCE	INVALID	BINARY_REQUIRES_EXACTLY_THREE_NODES_TWO_EDGES		R16A-ENUM-0035	4732423481f1abba0e2a761aa289566af7179f638ced35d9f7600177b678cb42	LINEAR_PATH	1	0	0	0	false
R16A-SUBGRAPH-80D093986C07DD00CEFA	80d093986c07dd00cefacc46ad48cff309cb0c1288d3dda626329856eff45a47	"[""TRV:83a2bff84b1d599d9eed884a09666501c96224a0b3b7457699ef0be145e76e73"",""TRV:c82d3d4865e41e2a263ff0427c4df2b8e3e43a85c835404d033d764468b3ba55""]"	"[""R16A-PAIR:5841a12151ac0ce714f0b8e279e939bed009b3f2be71086cde6033cbbd11b4ea""]"	"[""R14-ASSOC-008""]"	2	1	true	QUALIFIED_PATH	INVALID	NO_EXPLICIT_GOVERNED_QUALIFICATION_GATE		R16A-ENUM-0035	4732423481f1abba0e2a761aa289566af7179f638ced35d9f7600177b678cb42	LINEAR_PATH	1	0	0	0	false
R16A-SUBGRAPH-80D093986C07DD00CEFA	80d093986c07dd00cefacc46ad48cff309cb0c1288d3dda626329856eff45a47	"[""TRV:83a2bff84b1d599d9eed884a09666501c96224a0b3b7457699ef0be145e76e73"",""TRV:c82d3d4865e41e2a263ff0427c4df2b8e3e43a85c835404d033d764468b3ba55""]"	"[""R16A-PAIR:5841a12151ac0ce714f0b8e279e939bed009b3f2be71086cde6033cbbd11b4ea""]"	"[""R14-ASSOC-008""]"	2	1	true	REFLEXIVE_RETURN	INVALID	NO_EXPLICIT_GOVERNED_NAVIGATION_RETURN		R16A-ENUM-0035	4732423481f1abba0e2a761aa289566af7179f638ced35d9f7600177b678cb42	LINEAR_PATH	1	0	0	0	false
R16A-SUBGRAPH-80D093986C07DD00CEFA	80d093986c07dd00cefacc46ad48cff309cb0c1288d3dda626329856eff45a47	"[""TRV:83a2bff84b1d599d9eed884a09666501c96224a0b3b7457699ef0be145e76e73"",""TRV:c82d3d4865e41e2a263ff0427c4df2b8e3e43a85c835404d033d764468b3ba55""]"	"[""R16A-PAIR:5841a12151ac0ce714f0b8e279e939bed009b3f2be71086cde6033cbbd11b4ea""]"	"[""R14-ASSOC-008""]"	2	1	true	EVIDENCE_GAP_TREE	INVALID	NO_EXPLICIT_GOVERNED_EVIDENCE_GAP_NODE		R16A-ENUM-0035	4732423481f1abba0e2a761aa289566af7179f638ced35d9f7600177b678cb42	LINEAR_PATH	1	0	0	0	false
R16A-SUBGRAPH-8626D7F8F98388E2D8B1	8626d7f8f98388e2d8b1b536bf1332caea5771a992f7dcc067f86a63a1ba2a93	"[""TRV:9e44dae2c5ca8dc916878b28f5ec3720e42ea22d2add139759780727e6f487ce"",""TRV:ab8e18ef4ebebeddc0b3152ce9c9006e14fc05242e3fc9ce32246ea6a9543074"",""TRV:ad8c6f6e417a6d2db992c155701ed13494624142922d58eda2e4ad0fa4672fa8""]"	"[""R16A-PAIR:818cc370417319af9a65fec5211969862df5c48a821265533ba289932e57b18c"",""R16A-PAIR:a364e4ea20e2f9e24e1fc980dc1ab703ae69a0fc86aa626a14e45cca0ea3bbb2""]"	"[""R14-ASSOC-003"",""R14-ASSOC-004""]"	3	2	false	LINEAR_PATH	VALID	CONNECTED_TREE_MAX_DEGREE_TWO	aa88558e7d38bf883600d2c2ecc227cb0e2ce56abdd18a2ae453e7166c69f898	R16A-ENUM-0036	1a1847b128d505f30b7ca48812ee5f399a62671b4e48d93935a958bdcea281cb	UNRESOLVED	2	0	0	1	false
R16A-SUBGRAPH-8626D7F8F98388E2D8B1	8626d7f8f98388e2d8b1b536bf1332caea5771a992f7dcc067f86a63a1ba2a93	"[""TRV:9e44dae2c5ca8dc916878b28f5ec3720e42ea22d2add139759780727e6f487ce"",""TRV:ab8e18ef4ebebeddc0b3152ce9c9006e14fc05242e3fc9ce32246ea6a9543074"",""TRV:ad8c6f6e417a6d2db992c155701ed13494624142922d58eda2e4ad0fa4672fa8""]"	"[""R16A-PAIR:818cc370417319af9a65fec5211969862df5c48a821265533ba289932e57b18c"",""R16A-PAIR:a364e4ea20e2f9e24e1fc980dc1ab703ae69a0fc86aa626a14e45cca0ea3bbb2""]"	"[""R14-ASSOC-003"",""R14-ASSOC-004""]"	3	2	false	BINARY_FORK	VALID	EXACT_THREE_NODE_TWO_EDGE_BINARY_SHAPE	55cc88b59bc566f8befee38aa59f230be102a2e25c4db4950cb8b7c70d93c215	R16A-ENUM-0036	1a1847b128d505f30b7ca48812ee5f399a62671b4e48d93935a958bdcea281cb	UNRESOLVED	2	0	0	1	false
R16A-SUBGRAPH-8626D7F8F98388E2D8B1	8626d7f8f98388e2d8b1b536bf1332caea5771a992f7dcc067f86a63a1ba2a93	"[""TRV:9e44dae2c5ca8dc916878b28f5ec3720e42ea22d2add139759780727e6f487ce"",""TRV:ab8e18ef4ebebeddc0b3152ce9c9006e14fc05242e3fc9ce32246ea6a9543074"",""TRV:ad8c6f6e417a6d2db992c155701ed13494624142922d58eda2e4ad0fa4672fa8""]"	"[""R16A-PAIR:818cc370417319af9a65fec5211969862df5c48a821265533ba289932e57b18c"",""R16A-PAIR:a364e4ea20e2f9e24e1fc980dc1ab703ae69a0fc86aa626a14e45cca0ea3bbb2""]"	"[""R14-ASSOC-003"",""R14-ASSOC-004""]"	3	2	false	BINARY_CONVERGENCE	VALID	EXACT_THREE_NODE_TWO_EDGE_BINARY_SHAPE	71c155bd05f0839e12126f2d6aec669b52de86171800d50daa46416e9e1fc921	R16A-ENUM-0036	1a1847b128d505f30b7ca48812ee5f399a62671b4e48d93935a958bdcea281cb	UNRESOLVED	2	0	0	1	false
R16A-SUBGRAPH-8626D7F8F98388E2D8B1	8626d7f8f98388e2d8b1b536bf1332caea5771a992f7dcc067f86a63a1ba2a93	"[""TRV:9e44dae2c5ca8dc916878b28f5ec3720e42ea22d2add139759780727e6f487ce"",""TRV:ab8e18ef4ebebeddc0b3152ce9c9006e14fc05242e3fc9ce32246ea6a9543074"",""TRV:ad8c6f6e417a6d2db992c155701ed13494624142922d58eda2e4ad0fa4672fa8""]"	"[""R16A-PAIR:818cc370417319af9a65fec5211969862df5c48a821265533ba289932e57b18c"",""R16A-PAIR:a364e4ea20e2f9e24e1fc980dc1ab703ae69a0fc86aa626a14e45cca0ea3bbb2""]"	"[""R14-ASSOC-003"",""R14-ASSOC-004""]"	3	2	false	QUALIFIED_PATH	INVALID	NO_EXPLICIT_GOVERNED_QUALIFICATION_GATE		R16A-ENUM-0036	1a1847b128d505f30b7ca48812ee5f399a62671b4e48d93935a958bdcea281cb	UNRESOLVED	2	0	0	1	false
R16A-SUBGRAPH-8626D7F8F98388E2D8B1	8626d7f8f98388e2d8b1b536bf1332caea5771a992f7dcc067f86a63a1ba2a93	"[""TRV:9e44dae2c5ca8dc916878b28f5ec3720e42ea22d2add139759780727e6f487ce"",""TRV:ab8e18ef4ebebeddc0b3152ce9c9006e14fc05242e3fc9ce32246ea6a9543074"",""TRV:ad8c6f6e417a6d2db992c155701ed13494624142922d58eda2e4ad0fa4672fa8""]"	"[""R16A-PAIR:818cc370417319af9a65fec5211969862df5c48a821265533ba289932e57b18c"",""R16A-PAIR:a364e4ea20e2f9e24e1fc980dc1ab703ae69a0fc86aa626a14e45cca0ea3bbb2""]"	"[""R14-ASSOC-003"",""R14-ASSOC-004""]"	3	2	false	REFLEXIVE_RETURN	INVALID	NO_EXPLICIT_GOVERNED_NAVIGATION_RETURN		R16A-ENUM-0036	1a1847b128d505f30b7ca48812ee5f399a62671b4e48d93935a958bdcea281cb	UNRESOLVED	2	0	0	1	false
R16A-SUBGRAPH-8626D7F8F98388E2D8B1	8626d7f8f98388e2d8b1b536bf1332caea5771a992f7dcc067f86a63a1ba2a93	"[""TRV:9e44dae2c5ca8dc916878b28f5ec3720e42ea22d2add139759780727e6f487ce"",""TRV:ab8e18ef4ebebeddc0b3152ce9c9006e14fc05242e3fc9ce32246ea6a9543074"",""TRV:ad8c6f6e417a6d2db992c155701ed13494624142922d58eda2e4ad0fa4672fa8""]"	"[""R16A-PAIR:818cc370417319af9a65fec5211969862df5c48a821265533ba289932e57b18c"",""R16A-PAIR:a364e4ea20e2f9e24e1fc980dc1ab703ae69a0fc86aa626a14e45cca0ea3bbb2""]"	"[""R14-ASSOC-003"",""R14-ASSOC-004""]"	3	2	false	EVIDENCE_GAP_TREE	INVALID	NO_EXPLICIT_GOVERNED_EVIDENCE_GAP_NODE		R16A-ENUM-0036	1a1847b128d505f30b7ca48812ee5f399a62671b4e48d93935a958bdcea281cb	UNRESOLVED	2	0	0	1	false
R16A-SUBGRAPH-8B0692D9400E5F27AC41	8b0692d9400e5f27ac4117d4569ce3348efe9c8eca1ef0b1b7cdf0a2e25becfc	"[""TRV:9e44dae2c5ca8dc916878b28f5ec3720e42ea22d2add139759780727e6f487ce"",""TRV:ad8c6f6e417a6d2db992c155701ed13494624142922d58eda2e4ad0fa4672fa8""]"	"[""R16A-PAIR:818cc370417319af9a65fec5211969862df5c48a821265533ba289932e57b18c""]"	"[""R14-ASSOC-003""]"	2	1	true	LINEAR_PATH	VALID	CONNECTED_TREE_MAX_DEGREE_TWO	a9cea84a924f16506376525087b66e40abb59b2fcfb7a9bf93bea0c01786a82d	R16A-ENUM-0037	84eeebbcaa81adecb6f6e7a38c63a5fb36739bc351e2d163ca4ad1b60e7b93f9	LINEAR_PATH	1	0	0	0	false
R16A-SUBGRAPH-8B0692D9400E5F27AC41	8b0692d9400e5f27ac4117d4569ce3348efe9c8eca1ef0b1b7cdf0a2e25becfc	"[""TRV:9e44dae2c5ca8dc916878b28f5ec3720e42ea22d2add139759780727e6f487ce"",""TRV:ad8c6f6e417a6d2db992c155701ed13494624142922d58eda2e4ad0fa4672fa8""]"	"[""R16A-PAIR:818cc370417319af9a65fec5211969862df5c48a821265533ba289932e57b18c""]"	"[""R14-ASSOC-003""]"	2	1	true	BINARY_FORK	INVALID	BINARY_REQUIRES_EXACTLY_THREE_NODES_TWO_EDGES		R16A-ENUM-0037	84eeebbcaa81adecb6f6e7a38c63a5fb36739bc351e2d163ca4ad1b60e7b93f9	LINEAR_PATH	1	0	0	0	false
R16A-SUBGRAPH-8B0692D9400E5F27AC41	8b0692d9400e5f27ac4117d4569ce3348efe9c8eca1ef0b1b7cdf0a2e25becfc	"[""TRV:9e44dae2c5ca8dc916878b28f5ec3720e42ea22d2add139759780727e6f487ce"",""TRV:ad8c6f6e417a6d2db992c155701ed13494624142922d58eda2e4ad0fa4672fa8""]"	"[""R16A-PAIR:818cc370417319af9a65fec5211969862df5c48a821265533ba289932e57b18c""]"	"[""R14-ASSOC-003""]"	2	1	true	BINARY_CONVERGENCE	INVALID	BINARY_REQUIRES_EXACTLY_THREE_NODES_TWO_EDGES		R16A-ENUM-0037	84eeebbcaa81adecb6f6e7a38c63a5fb36739bc351e2d163ca4ad1b60e7b93f9	LINEAR_PATH	1	0	0	0	false
R16A-SUBGRAPH-8B0692D9400E5F27AC41	8b0692d9400e5f27ac4117d4569ce3348efe9c8eca1ef0b1b7cdf0a2e25becfc	"[""TRV:9e44dae2c5ca8dc916878b28f5ec3720e42ea22d2add139759780727e6f487ce"",""TRV:ad8c6f6e417a6d2db992c155701ed13494624142922d58eda2e4ad0fa4672fa8""]"	"[""R16A-PAIR:818cc370417319af9a65fec5211969862df5c48a821265533ba289932e57b18c""]"	"[""R14-ASSOC-003""]"	2	1	true	QUALIFIED_PATH	INVALID	NO_EXPLICIT_GOVERNED_QUALIFICATION_GATE		R16A-ENUM-0037	84eeebbcaa81adecb6f6e7a38c63a5fb36739bc351e2d163ca4ad1b60e7b93f9	LINEAR_PATH	1	0	0	0	false
R16A-SUBGRAPH-8B0692D9400E5F27AC41	8b0692d9400e5f27ac4117d4569ce3348efe9c8eca1ef0b1b7cdf0a2e25becfc	"[""TRV:9e44dae2c5ca8dc916878b28f5ec3720e42ea22d2add139759780727e6f487ce"",""TRV:ad8c6f6e417a6d2db992c155701ed13494624142922d58eda2e4ad0fa4672fa8""]"	"[""R16A-PAIR:818cc370417319af9a65fec5211969862df5c48a821265533ba289932e57b18c""]"	"[""R14-ASSOC-003""]"	2	1	true	REFLEXIVE_RETURN	INVALID	NO_EXPLICIT_GOVERNED_NAVIGATION_RETURN		R16A-ENUM-0037	84eeebbcaa81adecb6f6e7a38c63a5fb36739bc351e2d163ca4ad1b60e7b93f9	LINEAR_PATH	1	0	0	0	false
R16A-SUBGRAPH-8B0692D9400E5F27AC41	8b0692d9400e5f27ac4117d4569ce3348efe9c8eca1ef0b1b7cdf0a2e25becfc	"[""TRV:9e44dae2c5ca8dc916878b28f5ec3720e42ea22d2add139759780727e6f487ce"",""TRV:ad8c6f6e417a6d2db992c155701ed13494624142922d58eda2e4ad0fa4672fa8""]"	"[""R16A-PAIR:818cc370417319af9a65fec5211969862df5c48a821265533ba289932e57b18c""]"	"[""R14-ASSOC-003""]"	2	1	true	EVIDENCE_GAP_TREE	INVALID	NO_EXPLICIT_GOVERNED_EVIDENCE_GAP_NODE		R16A-ENUM-0037	84eeebbcaa81adecb6f6e7a38c63a5fb36739bc351e2d163ca4ad1b60e7b93f9	LINEAR_PATH	1	0	0	0	false
R16A-SUBGRAPH-8ED19D3F0FD732316BA6	8ed19d3f0fd732316ba6969f128e712c335f4590656ea39ac3d2c224c763cef7	"[""TRV:276446ba01e3aa387c83b06f54fccc5ac65bdc6099157a2a828716eac9c6fd4d"",""TRV:303eafd7c2afb63e99e140c4ba2abd1de5f78f9e8ebbb3040b4531b6df568639"",""TRV:83a2bff84b1d599d9eed884a09666501c96224a0b3b7457699ef0be145e76e73"",""TRV:c82d3d4865e41e2a263ff0427c4df2b8e3e43a85c835404d033d764468b3ba55""]"	"[""R16A-PAIR:2ea00c84f44e9da21aae78f742f5cf6cba09fee7e94d77ff3420dc07dd64cbb5"",""R16A-PAIR:5841a12151ac0ce714f0b8e279e939bed009b3f2be71086cde6033cbbd11b4ea"",""R16A-PAIR:e153332b67669fdaa24f256bfcf61135e56eb2894e48481afc71ae4327c81422"",""R16A-PAIR:f82795fcaba53ac0c255461d014e82b9e563362b645b4c65a58e27644e22c54c""]"	"[""R14-ASSOC-006"",""R14-ASSOC-007"",""R14-ASSOC-008"",""R14-ASSOC-009""]"	4	4	false	LINEAR_PATH	INVALID	NOT_A_CONNECTED_LINEAR_TREE		R16A-ENUM-0038	b9c0fc95c8c786afb1cf86485b5f88d12aaaef350b57be63d5c0535378dd2a72	UNRESOLVED	2	1	1	2	false
R16A-SUBGRAPH-8ED19D3F0FD732316BA6	8ed19d3f0fd732316ba6969f128e712c335f4590656ea39ac3d2c224c763cef7	"[""TRV:276446ba01e3aa387c83b06f54fccc5ac65bdc6099157a2a828716eac9c6fd4d"",""TRV:303eafd7c2afb63e99e140c4ba2abd1de5f78f9e8ebbb3040b4531b6df568639"",""TRV:83a2bff84b1d599d9eed884a09666501c96224a0b3b7457699ef0be145e76e73"",""TRV:c82d3d4865e41e2a263ff0427c4df2b8e3e43a85c835404d033d764468b3ba55""]"	"[""R16A-PAIR:2ea00c84f44e9da21aae78f742f5cf6cba09fee7e94d77ff3420dc07dd64cbb5"",""R16A-PAIR:5841a12151ac0ce714f0b8e279e939bed009b3f2be71086cde6033cbbd11b4ea"",""R16A-PAIR:e153332b67669fdaa24f256bfcf61135e56eb2894e48481afc71ae4327c81422"",""R16A-PAIR:f82795fcaba53ac0c255461d014e82b9e563362b645b4c65a58e27644e22c54c""]"	"[""R14-ASSOC-006"",""R14-ASSOC-007"",""R14-ASSOC-008"",""R14-ASSOC-009""]"	4	4	false	BINARY_FORK	INVALID	BINARY_REQUIRES_EXACTLY_THREE_NODES_TWO_EDGES		R16A-ENUM-0038	b9c0fc95c8c786afb1cf86485b5f88d12aaaef350b57be63d5c0535378dd2a72	UNRESOLVED	2	1	1	2	false
R16A-SUBGRAPH-8ED19D3F0FD732316BA6	8ed19d3f0fd732316ba6969f128e712c335f4590656ea39ac3d2c224c763cef7	"[""TRV:276446ba01e3aa387c83b06f54fccc5ac65bdc6099157a2a828716eac9c6fd4d"",""TRV:303eafd7c2afb63e99e140c4ba2abd1de5f78f9e8ebbb3040b4531b6df568639"",""TRV:83a2bff84b1d599d9eed884a09666501c96224a0b3b7457699ef0be145e76e73"",""TRV:c82d3d4865e41e2a263ff0427c4df2b8e3e43a85c835404d033d764468b3ba55""]"	"[""R16A-PAIR:2ea00c84f44e9da21aae78f742f5cf6cba09fee7e94d77ff3420dc07dd64cbb5"",""R16A-PAIR:5841a12151ac0ce714f0b8e279e939bed009b3f2be71086cde6033cbbd11b4ea"",""R16A-PAIR:e153332b67669fdaa24f256bfcf61135e56eb2894e48481afc71ae4327c81422"",""R16A-PAIR:f82795fcaba53ac0c255461d014e82b9e563362b645b4c65a58e27644e22c54c""]"	"[""R14-ASSOC-006"",""R14-ASSOC-007"",""R14-ASSOC-008"",""R14-ASSOC-009""]"	4	4	false	BINARY_CONVERGENCE	INVALID	BINARY_REQUIRES_EXACTLY_THREE_NODES_TWO_EDGES		R16A-ENUM-0038	b9c0fc95c8c786afb1cf86485b5f88d12aaaef350b57be63d5c0535378dd2a72	UNRESOLVED	2	1	1	2	false
R16A-SUBGRAPH-8ED19D3F0FD732316BA6	8ed19d3f0fd732316ba6969f128e712c335f4590656ea39ac3d2c224c763cef7	"[""TRV:276446ba01e3aa387c83b06f54fccc5ac65bdc6099157a2a828716eac9c6fd4d"",""TRV:303eafd7c2afb63e99e140c4ba2abd1de5f78f9e8ebbb3040b4531b6df568639"",""TRV:83a2bff84b1d599d9eed884a09666501c96224a0b3b7457699ef0be145e76e73"",""TRV:c82d3d4865e41e2a263ff0427c4df2b8e3e43a85c835404d033d764468b3ba55""]"	"[""R16A-PAIR:2ea00c84f44e9da21aae78f742f5cf6cba09fee7e94d77ff3420dc07dd64cbb5"",""R16A-PAIR:5841a12151ac0ce714f0b8e279e939bed009b3f2be71086cde6033cbbd11b4ea"",""R16A-PAIR:e153332b67669fdaa24f256bfcf61135e56eb2894e48481afc71ae4327c81422"",""R16A-PAIR:f82795fcaba53ac0c255461d014e82b9e563362b645b4c65a58e27644e22c54c""]"	"[""R14-ASSOC-006"",""R14-ASSOC-007"",""R14-ASSOC-008"",""R14-ASSOC-009""]"	4	4	false	QUALIFIED_PATH	INVALID	NO_EXPLICIT_GOVERNED_QUALIFICATION_GATE		R16A-ENUM-0038	b9c0fc95c8c786afb1cf86485b5f88d12aaaef350b57be63d5c0535378dd2a72	UNRESOLVED	2	1	1	2	false
R16A-SUBGRAPH-8ED19D3F0FD732316BA6	8ed19d3f0fd732316ba6969f128e712c335f4590656ea39ac3d2c224c763cef7	"[""TRV:276446ba01e3aa387c83b06f54fccc5ac65bdc6099157a2a828716eac9c6fd4d"",""TRV:303eafd7c2afb63e99e140c4ba2abd1de5f78f9e8ebbb3040b4531b6df568639"",""TRV:83a2bff84b1d599d9eed884a09666501c96224a0b3b7457699ef0be145e76e73"",""TRV:c82d3d4865e41e2a263ff0427c4df2b8e3e43a85c835404d033d764468b3ba55""]"	"[""R16A-PAIR:2ea00c84f44e9da21aae78f742f5cf6cba09fee7e94d77ff3420dc07dd64cbb5"",""R16A-PAIR:5841a12151ac0ce714f0b8e279e939bed009b3f2be71086cde6033cbbd11b4ea"",""R16A-PAIR:e153332b67669fdaa24f256bfcf61135e56eb2894e48481afc71ae4327c81422"",""R16A-PAIR:f82795fcaba53ac0c255461d014e82b9e563362b645b4c65a58e27644e22c54c""]"	"[""R14-ASSOC-006"",""R14-ASSOC-007"",""R14-ASSOC-008"",""R14-ASSOC-009""]"	4	4	false	REFLEXIVE_RETURN	INVALID	NO_EXPLICIT_GOVERNED_NAVIGATION_RETURN		R16A-ENUM-0038	b9c0fc95c8c786afb1cf86485b5f88d12aaaef350b57be63d5c0535378dd2a72	UNRESOLVED	2	1	1	2	false
R16A-SUBGRAPH-8ED19D3F0FD732316BA6	8ed19d3f0fd732316ba6969f128e712c335f4590656ea39ac3d2c224c763cef7	"[""TRV:276446ba01e3aa387c83b06f54fccc5ac65bdc6099157a2a828716eac9c6fd4d"",""TRV:303eafd7c2afb63e99e140c4ba2abd1de5f78f9e8ebbb3040b4531b6df568639"",""TRV:83a2bff84b1d599d9eed884a09666501c96224a0b3b7457699ef0be145e76e73"",""TRV:c82d3d4865e41e2a263ff0427c4df2b8e3e43a85c835404d033d764468b3ba55""]"	"[""R16A-PAIR:2ea00c84f44e9da21aae78f742f5cf6cba09fee7e94d77ff3420dc07dd64cbb5"",""R16A-PAIR:5841a12151ac0ce714f0b8e279e939bed009b3f2be71086cde6033cbbd11b4ea"",""R16A-PAIR:e153332b67669fdaa24f256bfcf61135e56eb2894e48481afc71ae4327c81422"",""R16A-PAIR:f82795fcaba53ac0c255461d014e82b9e563362b645b4c65a58e27644e22c54c""]"	"[""R14-ASSOC-006"",""R14-ASSOC-007"",""R14-ASSOC-008"",""R14-ASSOC-009""]"	4	4	false	EVIDENCE_GAP_TREE	INVALID	NO_EXPLICIT_GOVERNED_EVIDENCE_GAP_NODE		R16A-ENUM-0038	b9c0fc95c8c786afb1cf86485b5f88d12aaaef350b57be63d5c0535378dd2a72	UNRESOLVED	2	1	1	2	false
R16A-SUBGRAPH-95003E05F03532B0DC65	95003e05f03532b0dc65a61cf4fcd46eaee5ce78d52364e8b32f4163e167bde2	"[""TRV:276446ba01e3aa387c83b06f54fccc5ac65bdc6099157a2a828716eac9c6fd4d"",""TRV:c82d3d4865e41e2a263ff0427c4df2b8e3e43a85c835404d033d764468b3ba55""]"	"[""R16A-PAIR:e153332b67669fdaa24f256bfcf61135e56eb2894e48481afc71ae4327c81422""]"	"[""R14-ASSOC-007""]"	2	1	true	LINEAR_PATH	VALID	CONNECTED_TREE_MAX_DEGREE_TWO	69fe71886137e989ecd293b7001fd73775529503d80b78e5368494ab38805722	R16A-ENUM-0039	81ab16478504fda3a84fe9384391faabc6cf16f1f8d529f463a652cd50749d1c	LINEAR_PATH	1	0	0	0	false
R16A-SUBGRAPH-95003E05F03532B0DC65	95003e05f03532b0dc65a61cf4fcd46eaee5ce78d52364e8b32f4163e167bde2	"[""TRV:276446ba01e3aa387c83b06f54fccc5ac65bdc6099157a2a828716eac9c6fd4d"",""TRV:c82d3d4865e41e2a263ff0427c4df2b8e3e43a85c835404d033d764468b3ba55""]"	"[""R16A-PAIR:e153332b67669fdaa24f256bfcf61135e56eb2894e48481afc71ae4327c81422""]"	"[""R14-ASSOC-007""]"	2	1	true	BINARY_FORK	INVALID	BINARY_REQUIRES_EXACTLY_THREE_NODES_TWO_EDGES		R16A-ENUM-0039	81ab16478504fda3a84fe9384391faabc6cf16f1f8d529f463a652cd50749d1c	LINEAR_PATH	1	0	0	0	false
R16A-SUBGRAPH-95003E05F03532B0DC65	95003e05f03532b0dc65a61cf4fcd46eaee5ce78d52364e8b32f4163e167bde2	"[""TRV:276446ba01e3aa387c83b06f54fccc5ac65bdc6099157a2a828716eac9c6fd4d"",""TRV:c82d3d4865e41e2a263ff0427c4df2b8e3e43a85c835404d033d764468b3ba55""]"	"[""R16A-PAIR:e153332b67669fdaa24f256bfcf61135e56eb2894e48481afc71ae4327c81422""]"	"[""R14-ASSOC-007""]"	2	1	true	BINARY_CONVERGENCE	INVALID	BINARY_REQUIRES_EXACTLY_THREE_NODES_TWO_EDGES		R16A-ENUM-0039	81ab16478504fda3a84fe9384391faabc6cf16f1f8d529f463a652cd50749d1c	LINEAR_PATH	1	0	0	0	false
R16A-SUBGRAPH-95003E05F03532B0DC65	95003e05f03532b0dc65a61cf4fcd46eaee5ce78d52364e8b32f4163e167bde2	"[""TRV:276446ba01e3aa387c83b06f54fccc5ac65bdc6099157a2a828716eac9c6fd4d"",""TRV:c82d3d4865e41e2a263ff0427c4df2b8e3e43a85c835404d033d764468b3ba55""]"	"[""R16A-PAIR:e153332b67669fdaa24f256bfcf61135e56eb2894e48481afc71ae4327c81422""]"	"[""R14-ASSOC-007""]"	2	1	true	QUALIFIED_PATH	INVALID	NO_EXPLICIT_GOVERNED_QUALIFICATION_GATE		R16A-ENUM-0039	81ab16478504fda3a84fe9384391faabc6cf16f1f8d529f463a652cd50749d1c	LINEAR_PATH	1	0	0	0	false
R16A-SUBGRAPH-95003E05F03532B0DC65	95003e05f03532b0dc65a61cf4fcd46eaee5ce78d52364e8b32f4163e167bde2	"[""TRV:276446ba01e3aa387c83b06f54fccc5ac65bdc6099157a2a828716eac9c6fd4d"",""TRV:c82d3d4865e41e2a263ff0427c4df2b8e3e43a85c835404d033d764468b3ba55""]"	"[""R16A-PAIR:e153332b67669fdaa24f256bfcf61135e56eb2894e48481afc71ae4327c81422""]"	"[""R14-ASSOC-007""]"	2	1	true	REFLEXIVE_RETURN	INVALID	NO_EXPLICIT_GOVERNED_NAVIGATION_RETURN		R16A-ENUM-0039	81ab16478504fda3a84fe9384391faabc6cf16f1f8d529f463a652cd50749d1c	LINEAR_PATH	1	0	0	0	false
R16A-SUBGRAPH-95003E05F03532B0DC65	95003e05f03532b0dc65a61cf4fcd46eaee5ce78d52364e8b32f4163e167bde2	"[""TRV:276446ba01e3aa387c83b06f54fccc5ac65bdc6099157a2a828716eac9c6fd4d"",""TRV:c82d3d4865e41e2a263ff0427c4df2b8e3e43a85c835404d033d764468b3ba55""]"	"[""R16A-PAIR:e153332b67669fdaa24f256bfcf61135e56eb2894e48481afc71ae4327c81422""]"	"[""R14-ASSOC-007""]"	2	1	true	EVIDENCE_GAP_TREE	INVALID	NO_EXPLICIT_GOVERNED_EVIDENCE_GAP_NODE		R16A-ENUM-0039	81ab16478504fda3a84fe9384391faabc6cf16f1f8d529f463a652cd50749d1c	LINEAR_PATH	1	0	0	0	false
R16A-SUBGRAPH-95D4380E9A37906AD091	95d4380e9a37906ad091f92c99619e3a3109a1194626705051e0faccfe67337a	"[""TRV:276446ba01e3aa387c83b06f54fccc5ac65bdc6099157a2a828716eac9c6fd4d"",""TRV:303eafd7c2afb63e99e140c4ba2abd1de5f78f9e8ebbb3040b4531b6df568639"",""TRV:83a2bff84b1d599d9eed884a09666501c96224a0b3b7457699ef0be145e76e73"",""TRV:c82d3d4865e41e2a263ff0427c4df2b8e3e43a85c835404d033d764468b3ba55""]"	"[""R16A-PAIR:5841a12151ac0ce714f0b8e279e939bed009b3f2be71086cde6033cbbd11b4ea"",""R16A-PAIR:db9e8b1d1d7e17983872e3600cd1a3ce5ae7f3c907ae70bdeafcbd0b2c6a0460"",""R16A-PAIR:e153332b67669fdaa24f256bfcf61135e56eb2894e48481afc71ae4327c81422""]"	"[""R14-ASSOC-005"",""R14-ASSOC-007"",""R14-ASSOC-008""]"	4	3	false	LINEAR_PATH	VALID	CONNECTED_TREE_MAX_DEGREE_TWO	d2ad87d542521bf69e74a2936912a876032d6761c628623707c1b9f4557ce1e1	R16A-ENUM-0040	eb4aa77e891e946c0ce37407f3e1b19fdba98d831f9892c3cbf4a5c9a5fff975	LINEAR_PATH	3	0	0	0	false
R16A-SUBGRAPH-95D4380E9A37906AD091	95d4380e9a37906ad091f92c99619e3a3109a1194626705051e0faccfe67337a	"[""TRV:276446ba01e3aa387c83b06f54fccc5ac65bdc6099157a2a828716eac9c6fd4d"",""TRV:303eafd7c2afb63e99e140c4ba2abd1de5f78f9e8ebbb3040b4531b6df568639"",""TRV:83a2bff84b1d599d9eed884a09666501c96224a0b3b7457699ef0be145e76e73"",""TRV:c82d3d4865e41e2a263ff0427c4df2b8e3e43a85c835404d033d764468b3ba55""]"	"[""R16A-PAIR:5841a12151ac0ce714f0b8e279e939bed009b3f2be71086cde6033cbbd11b4ea"",""R16A-PAIR:db9e8b1d1d7e17983872e3600cd1a3ce5ae7f3c907ae70bdeafcbd0b2c6a0460"",""R16A-PAIR:e153332b67669fdaa24f256bfcf61135e56eb2894e48481afc71ae4327c81422""]"	"[""R14-ASSOC-005"",""R14-ASSOC-007"",""R14-ASSOC-008""]"	4	3	false	BINARY_FORK	INVALID	BINARY_REQUIRES_EXACTLY_THREE_NODES_TWO_EDGES		R16A-ENUM-0040	eb4aa77e891e946c0ce37407f3e1b19fdba98d831f9892c3cbf4a5c9a5fff975	LINEAR_PATH	3	0	0	0	false
R16A-SUBGRAPH-95D4380E9A37906AD091	95d4380e9a37906ad091f92c99619e3a3109a1194626705051e0faccfe67337a	"[""TRV:276446ba01e3aa387c83b06f54fccc5ac65bdc6099157a2a828716eac9c6fd4d"",""TRV:303eafd7c2afb63e99e140c4ba2abd1de5f78f9e8ebbb3040b4531b6df568639"",""TRV:83a2bff84b1d599d9eed884a09666501c96224a0b3b7457699ef0be145e76e73"",""TRV:c82d3d4865e41e2a263ff0427c4df2b8e3e43a85c835404d033d764468b3ba55""]"	"[""R16A-PAIR:5841a12151ac0ce714f0b8e279e939bed009b3f2be71086cde6033cbbd11b4ea"",""R16A-PAIR:db9e8b1d1d7e17983872e3600cd1a3ce5ae7f3c907ae70bdeafcbd0b2c6a0460"",""R16A-PAIR:e153332b67669fdaa24f256bfcf61135e56eb2894e48481afc71ae4327c81422""]"	"[""R14-ASSOC-005"",""R14-ASSOC-007"",""R14-ASSOC-008""]"	4	3	false	BINARY_CONVERGENCE	INVALID	BINARY_REQUIRES_EXACTLY_THREE_NODES_TWO_EDGES		R16A-ENUM-0040	eb4aa77e891e946c0ce37407f3e1b19fdba98d831f9892c3cbf4a5c9a5fff975	LINEAR_PATH	3	0	0	0	false
R16A-SUBGRAPH-95D4380E9A37906AD091	95d4380e9a37906ad091f92c99619e3a3109a1194626705051e0faccfe67337a	"[""TRV:276446ba01e3aa387c83b06f54fccc5ac65bdc6099157a2a828716eac9c6fd4d"",""TRV:303eafd7c2afb63e99e140c4ba2abd1de5f78f9e8ebbb3040b4531b6df568639"",""TRV:83a2bff84b1d599d9eed884a09666501c96224a0b3b7457699ef0be145e76e73"",""TRV:c82d3d4865e41e2a263ff0427c4df2b8e3e43a85c835404d033d764468b3ba55""]"	"[""R16A-PAIR:5841a12151ac0ce714f0b8e279e939bed009b3f2be71086cde6033cbbd11b4ea"",""R16A-PAIR:db9e8b1d1d7e17983872e3600cd1a3ce5ae7f3c907ae70bdeafcbd0b2c6a0460"",""R16A-PAIR:e153332b67669fdaa24f256bfcf61135e56eb2894e48481afc71ae4327c81422""]"	"[""R14-ASSOC-005"",""R14-ASSOC-007"",""R14-ASSOC-008""]"	4	3	false	QUALIFIED_PATH	INVALID	NO_EXPLICIT_GOVERNED_QUALIFICATION_GATE		R16A-ENUM-0040	eb4aa77e891e946c0ce37407f3e1b19fdba98d831f9892c3cbf4a5c9a5fff975	LINEAR_PATH	3	0	0	0	false
R16A-SUBGRAPH-95D4380E9A37906AD091	95d4380e9a37906ad091f92c99619e3a3109a1194626705051e0faccfe67337a	"[""TRV:276446ba01e3aa387c83b06f54fccc5ac65bdc6099157a2a828716eac9c6fd4d"",""TRV:303eafd7c2afb63e99e140c4ba2abd1de5f78f9e8ebbb3040b4531b6df568639"",""TRV:83a2bff84b1d599d9eed884a09666501c96224a0b3b7457699ef0be145e76e73"",""TRV:c82d3d4865e41e2a263ff0427c4df2b8e3e43a85c835404d033d764468b3ba55""]"	"[""R16A-PAIR:5841a12151ac0ce714f0b8e279e939bed009b3f2be71086cde6033cbbd11b4ea"",""R16A-PAIR:db9e8b1d1d7e17983872e3600cd1a3ce5ae7f3c907ae70bdeafcbd0b2c6a0460"",""R16A-PAIR:e153332b67669fdaa24f256bfcf61135e56eb2894e48481afc71ae4327c81422""]"	"[""R14-ASSOC-005"",""R14-ASSOC-007"",""R14-ASSOC-008""]"	4	3	false	REFLEXIVE_RETURN	INVALID	NO_EXPLICIT_GOVERNED_NAVIGATION_RETURN		R16A-ENUM-0040	eb4aa77e891e946c0ce37407f3e1b19fdba98d831f9892c3cbf4a5c9a5fff975	LINEAR_PATH	3	0	0	0	false
R16A-SUBGRAPH-95D4380E9A37906AD091	95d4380e9a37906ad091f92c99619e3a3109a1194626705051e0faccfe67337a	"[""TRV:276446ba01e3aa387c83b06f54fccc5ac65bdc6099157a2a828716eac9c6fd4d"",""TRV:303eafd7c2afb63e99e140c4ba2abd1de5f78f9e8ebbb3040b4531b6df568639"",""TRV:83a2bff84b1d599d9eed884a09666501c96224a0b3b7457699ef0be145e76e73"",""TRV:c82d3d4865e41e2a263ff0427c4df2b8e3e43a85c835404d033d764468b3ba55""]"	"[""R16A-PAIR:5841a12151ac0ce714f0b8e279e939bed009b3f2be71086cde6033cbbd11b4ea"",""R16A-PAIR:db9e8b1d1d7e17983872e3600cd1a3ce5ae7f3c907ae70bdeafcbd0b2c6a0460"",""R16A-PAIR:e153332b67669fdaa24f256bfcf61135e56eb2894e48481afc71ae4327c81422""]"	"[""R14-ASSOC-005"",""R14-ASSOC-007"",""R14-ASSOC-008""]"	4	3	false	EVIDENCE_GAP_TREE	INVALID	NO_EXPLICIT_GOVERNED_EVIDENCE_GAP_NODE		R16A-ENUM-0040	eb4aa77e891e946c0ce37407f3e1b19fdba98d831f9892c3cbf4a5c9a5fff975	LINEAR_PATH	3	0	0	0	false
R16A-SUBGRAPH-A16E84162E109BC20A70	a16e84162e109bc20a702257dfb88b1fcbde3d3fa0545df303ec5192a99b2237	"[""TRV:20f9f4ed48de5d0e333c767bae2d1a50022c17b7aa2d67b9a00007ee179e4a97"",""TRV:54d55704f5d7e2caa927feedf94edf8b9dd2ebfafc4b0aa68875bcbcbabaaa79"",""TRV:b1195fbfc5f343ebd84eb46acece15907e639a564f04af5d04d58c70e127a14b""]"	"[""R16A-PAIR:09108fb32fbc17acaa1205d07d048a5e74371e81f8c5919a24f86af4ddc3d677"",""R16A-PAIR:9d6b149f9ea2e617d5b45153c18bed1eeff22bd4c979cc8d6767b8c213e4d419""]"	"[""R14-ASSOC-001"",""R14-ASSOC-021""]"	3	2	true	LINEAR_PATH	VALID	CONNECTED_TREE_MAX_DEGREE_TWO	3926ffd6932d5c12323096d4b5cb87aedda93f39b1ce1d1a039ff686d131534f	R16A-ENUM-0041	5ec3811bdc174c9bd44fef2887568a847d200f755b18ed24c98dd2650f65f7e5	UNRESOLVED	2	0	0	1	false
R16A-SUBGRAPH-A16E84162E109BC20A70	a16e84162e109bc20a702257dfb88b1fcbde3d3fa0545df303ec5192a99b2237	"[""TRV:20f9f4ed48de5d0e333c767bae2d1a50022c17b7aa2d67b9a00007ee179e4a97"",""TRV:54d55704f5d7e2caa927feedf94edf8b9dd2ebfafc4b0aa68875bcbcbabaaa79"",""TRV:b1195fbfc5f343ebd84eb46acece15907e639a564f04af5d04d58c70e127a14b""]"	"[""R16A-PAIR:09108fb32fbc17acaa1205d07d048a5e74371e81f8c5919a24f86af4ddc3d677"",""R16A-PAIR:9d6b149f9ea2e617d5b45153c18bed1eeff22bd4c979cc8d6767b8c213e4d419""]"	"[""R14-ASSOC-001"",""R14-ASSOC-021""]"	3	2	true	BINARY_FORK	VALID	EXACT_THREE_NODE_TWO_EDGE_BINARY_SHAPE	547f0edf7cbd38c251276d304a917bd498462041d33621f63438f93300a1acf7	R16A-ENUM-0041	5ec3811bdc174c9bd44fef2887568a847d200f755b18ed24c98dd2650f65f7e5	UNRESOLVED	2	0	0	1	false
R16A-SUBGRAPH-A16E84162E109BC20A70	a16e84162e109bc20a702257dfb88b1fcbde3d3fa0545df303ec5192a99b2237	"[""TRV:20f9f4ed48de5d0e333c767bae2d1a50022c17b7aa2d67b9a00007ee179e4a97"",""TRV:54d55704f5d7e2caa927feedf94edf8b9dd2ebfafc4b0aa68875bcbcbabaaa79"",""TRV:b1195fbfc5f343ebd84eb46acece15907e639a564f04af5d04d58c70e127a14b""]"	"[""R16A-PAIR:09108fb32fbc17acaa1205d07d048a5e74371e81f8c5919a24f86af4ddc3d677"",""R16A-PAIR:9d6b149f9ea2e617d5b45153c18bed1eeff22bd4c979cc8d6767b8c213e4d419""]"	"[""R14-ASSOC-001"",""R14-ASSOC-021""]"	3	2	true	BINARY_CONVERGENCE	VALID	EXACT_THREE_NODE_TWO_EDGE_BINARY_SHAPE	35ae60ebe87bb3762a855b2153b09472531ffd9ec195f0ca5a0537a276ad696a	R16A-ENUM-0041	5ec3811bdc174c9bd44fef2887568a847d200f755b18ed24c98dd2650f65f7e5	UNRESOLVED	2	0	0	1	false
R16A-SUBGRAPH-A16E84162E109BC20A70	a16e84162e109bc20a702257dfb88b1fcbde3d3fa0545df303ec5192a99b2237	"[""TRV:20f9f4ed48de5d0e333c767bae2d1a50022c17b7aa2d67b9a00007ee179e4a97"",""TRV:54d55704f5d7e2caa927feedf94edf8b9dd2ebfafc4b0aa68875bcbcbabaaa79"",""TRV:b1195fbfc5f343ebd84eb46acece15907e639a564f04af5d04d58c70e127a14b""]"	"[""R16A-PAIR:09108fb32fbc17acaa1205d07d048a5e74371e81f8c5919a24f86af4ddc3d677"",""R16A-PAIR:9d6b149f9ea2e617d5b45153c18bed1eeff22bd4c979cc8d6767b8c213e4d419""]"	"[""R14-ASSOC-001"",""R14-ASSOC-021""]"	3	2	true	QUALIFIED_PATH	INVALID	NO_EXPLICIT_GOVERNED_QUALIFICATION_GATE		R16A-ENUM-0041	5ec3811bdc174c9bd44fef2887568a847d200f755b18ed24c98dd2650f65f7e5	UNRESOLVED	2	0	0	1	false
R16A-SUBGRAPH-A16E84162E109BC20A70	a16e84162e109bc20a702257dfb88b1fcbde3d3fa0545df303ec5192a99b2237	"[""TRV:20f9f4ed48de5d0e333c767bae2d1a50022c17b7aa2d67b9a00007ee179e4a97"",""TRV:54d55704f5d7e2caa927feedf94edf8b9dd2ebfafc4b0aa68875bcbcbabaaa79"",""TRV:b1195fbfc5f343ebd84eb46acece15907e639a564f04af5d04d58c70e127a14b""]"	"[""R16A-PAIR:09108fb32fbc17acaa1205d07d048a5e74371e81f8c5919a24f86af4ddc3d677"",""R16A-PAIR:9d6b149f9ea2e617d5b45153c18bed1eeff22bd4c979cc8d6767b8c213e4d419""]"	"[""R14-ASSOC-001"",""R14-ASSOC-021""]"	3	2	true	REFLEXIVE_RETURN	INVALID	NO_EXPLICIT_GOVERNED_NAVIGATION_RETURN		R16A-ENUM-0041	5ec3811bdc174c9bd44fef2887568a847d200f755b18ed24c98dd2650f65f7e5	UNRESOLVED	2	0	0	1	false
R16A-SUBGRAPH-A16E84162E109BC20A70	a16e84162e109bc20a702257dfb88b1fcbde3d3fa0545df303ec5192a99b2237	"[""TRV:20f9f4ed48de5d0e333c767bae2d1a50022c17b7aa2d67b9a00007ee179e4a97"",""TRV:54d55704f5d7e2caa927feedf94edf8b9dd2ebfafc4b0aa68875bcbcbabaaa79"",""TRV:b1195fbfc5f343ebd84eb46acece15907e639a564f04af5d04d58c70e127a14b""]"	"[""R16A-PAIR:09108fb32fbc17acaa1205d07d048a5e74371e81f8c5919a24f86af4ddc3d677"",""R16A-PAIR:9d6b149f9ea2e617d5b45153c18bed1eeff22bd4c979cc8d6767b8c213e4d419""]"	"[""R14-ASSOC-001"",""R14-ASSOC-021""]"	3	2	true	EVIDENCE_GAP_TREE	INVALID	NO_EXPLICIT_GOVERNED_EVIDENCE_GAP_NODE		R16A-ENUM-0041	5ec3811bdc174c9bd44fef2887568a847d200f755b18ed24c98dd2650f65f7e5	UNRESOLVED	2	0	0	1	false
R16A-SUBGRAPH-AF507B7EF5B9F89FC7CE	af507b7ef5b9f89fc7ce980ace287cbcd8906ce36ecac565be9aa1de67fd398b	"[""TRV:303eafd7c2afb63e99e140c4ba2abd1de5f78f9e8ebbb3040b4531b6df568639"",""TRV:83a2bff84b1d599d9eed884a09666501c96224a0b3b7457699ef0be145e76e73"",""TRV:c82d3d4865e41e2a263ff0427c4df2b8e3e43a85c835404d033d764468b3ba55""]"	"[""R16A-PAIR:5841a12151ac0ce714f0b8e279e939bed009b3f2be71086cde6033cbbd11b4ea"",""R16A-PAIR:db9e8b1d1d7e17983872e3600cd1a3ce5ae7f3c907ae70bdeafcbd0b2c6a0460""]"	"[""R14-ASSOC-005"",""R14-ASSOC-008""]"	3	2	false	LINEAR_PATH	VALID	CONNECTED_TREE_MAX_DEGREE_TWO	46c5896d504954cbd21fd3d4a5e422761ef565abc3a17751bd8932232d020858	R16A-ENUM-0042	cda55815bad31e953e55fb7fb60d2c5ed81b9f5920d8cf5226ff98a4b942ac94	UNRESOLVED	2	0	0	1	false
R16A-SUBGRAPH-AF507B7EF5B9F89FC7CE	af507b7ef5b9f89fc7ce980ace287cbcd8906ce36ecac565be9aa1de67fd398b	"[""TRV:303eafd7c2afb63e99e140c4ba2abd1de5f78f9e8ebbb3040b4531b6df568639"",""TRV:83a2bff84b1d599d9eed884a09666501c96224a0b3b7457699ef0be145e76e73"",""TRV:c82d3d4865e41e2a263ff0427c4df2b8e3e43a85c835404d033d764468b3ba55""]"	"[""R16A-PAIR:5841a12151ac0ce714f0b8e279e939bed009b3f2be71086cde6033cbbd11b4ea"",""R16A-PAIR:db9e8b1d1d7e17983872e3600cd1a3ce5ae7f3c907ae70bdeafcbd0b2c6a0460""]"	"[""R14-ASSOC-005"",""R14-ASSOC-008""]"	3	2	false	BINARY_FORK	VALID	EXACT_THREE_NODE_TWO_EDGE_BINARY_SHAPE	0e33436025149bf94fbaca4d48bdde087b8f9806782585fd2ea2be1b4fbd8579	R16A-ENUM-0042	cda55815bad31e953e55fb7fb60d2c5ed81b9f5920d8cf5226ff98a4b942ac94	UNRESOLVED	2	0	0	1	false
R16A-SUBGRAPH-AF507B7EF5B9F89FC7CE	af507b7ef5b9f89fc7ce980ace287cbcd8906ce36ecac565be9aa1de67fd398b	"[""TRV:303eafd7c2afb63e99e140c4ba2abd1de5f78f9e8ebbb3040b4531b6df568639"",""TRV:83a2bff84b1d599d9eed884a09666501c96224a0b3b7457699ef0be145e76e73"",""TRV:c82d3d4865e41e2a263ff0427c4df2b8e3e43a85c835404d033d764468b3ba55""]"	"[""R16A-PAIR:5841a12151ac0ce714f0b8e279e939bed009b3f2be71086cde6033cbbd11b4ea"",""R16A-PAIR:db9e8b1d1d7e17983872e3600cd1a3ce5ae7f3c907ae70bdeafcbd0b2c6a0460""]"	"[""R14-ASSOC-005"",""R14-ASSOC-008""]"	3	2	false	BINARY_CONVERGENCE	VALID	EXACT_THREE_NODE_TWO_EDGE_BINARY_SHAPE	c4354c80783d363d55e1d469ef5e25e9210fa3de4265749ec3ce53c4000dde6c	R16A-ENUM-0042	cda55815bad31e953e55fb7fb60d2c5ed81b9f5920d8cf5226ff98a4b942ac94	UNRESOLVED	2	0	0	1	false
R16A-SUBGRAPH-AF507B7EF5B9F89FC7CE	af507b7ef5b9f89fc7ce980ace287cbcd8906ce36ecac565be9aa1de67fd398b	"[""TRV:303eafd7c2afb63e99e140c4ba2abd1de5f78f9e8ebbb3040b4531b6df568639"",""TRV:83a2bff84b1d599d9eed884a09666501c96224a0b3b7457699ef0be145e76e73"",""TRV:c82d3d4865e41e2a263ff0427c4df2b8e3e43a85c835404d033d764468b3ba55""]"	"[""R16A-PAIR:5841a12151ac0ce714f0b8e279e939bed009b3f2be71086cde6033cbbd11b4ea"",""R16A-PAIR:db9e8b1d1d7e17983872e3600cd1a3ce5ae7f3c907ae70bdeafcbd0b2c6a0460""]"	"[""R14-ASSOC-005"",""R14-ASSOC-008""]"	3	2	false	QUALIFIED_PATH	INVALID	NO_EXPLICIT_GOVERNED_QUALIFICATION_GATE		R16A-ENUM-0042	cda55815bad31e953e55fb7fb60d2c5ed81b9f5920d8cf5226ff98a4b942ac94	UNRESOLVED	2	0	0	1	false
R16A-SUBGRAPH-AF507B7EF5B9F89FC7CE	af507b7ef5b9f89fc7ce980ace287cbcd8906ce36ecac565be9aa1de67fd398b	"[""TRV:303eafd7c2afb63e99e140c4ba2abd1de5f78f9e8ebbb3040b4531b6df568639"",""TRV:83a2bff84b1d599d9eed884a09666501c96224a0b3b7457699ef0be145e76e73"",""TRV:c82d3d4865e41e2a263ff0427c4df2b8e3e43a85c835404d033d764468b3ba55""]"	"[""R16A-PAIR:5841a12151ac0ce714f0b8e279e939bed009b3f2be71086cde6033cbbd11b4ea"",""R16A-PAIR:db9e8b1d1d7e17983872e3600cd1a3ce5ae7f3c907ae70bdeafcbd0b2c6a0460""]"	"[""R14-ASSOC-005"",""R14-ASSOC-008""]"	3	2	false	REFLEXIVE_RETURN	INVALID	NO_EXPLICIT_GOVERNED_NAVIGATION_RETURN		R16A-ENUM-0042	cda55815bad31e953e55fb7fb60d2c5ed81b9f5920d8cf5226ff98a4b942ac94	UNRESOLVED	2	0	0	1	false
R16A-SUBGRAPH-AF507B7EF5B9F89FC7CE	af507b7ef5b9f89fc7ce980ace287cbcd8906ce36ecac565be9aa1de67fd398b	"[""TRV:303eafd7c2afb63e99e140c4ba2abd1de5f78f9e8ebbb3040b4531b6df568639"",""TRV:83a2bff84b1d599d9eed884a09666501c96224a0b3b7457699ef0be145e76e73"",""TRV:c82d3d4865e41e2a263ff0427c4df2b8e3e43a85c835404d033d764468b3ba55""]"	"[""R16A-PAIR:5841a12151ac0ce714f0b8e279e939bed009b3f2be71086cde6033cbbd11b4ea"",""R16A-PAIR:db9e8b1d1d7e17983872e3600cd1a3ce5ae7f3c907ae70bdeafcbd0b2c6a0460""]"	"[""R14-ASSOC-005"",""R14-ASSOC-008""]"	3	2	false	EVIDENCE_GAP_TREE	INVALID	NO_EXPLICIT_GOVERNED_EVIDENCE_GAP_NODE		R16A-ENUM-0042	cda55815bad31e953e55fb7fb60d2c5ed81b9f5920d8cf5226ff98a4b942ac94	UNRESOLVED	2	0	0	1	false
R16A-SUBGRAPH-B095D655C9303D8A92E8	b095d655c9303d8a92e831e021d2e0ab3c10441ee33b74d66e168c7112fe6dff	"[""TRV:20f9f4ed48de5d0e333c767bae2d1a50022c17b7aa2d67b9a00007ee179e4a97"",""TRV:54d55704f5d7e2caa927feedf94edf8b9dd2ebfafc4b0aa68875bcbcbabaaa79""]"	"[""R16A-PAIR:09108fb32fbc17acaa1205d07d048a5e74371e81f8c5919a24f86af4ddc3d677""]"	"[""R14-ASSOC-021""]"	2	1	true	LINEAR_PATH	VALID	CONNECTED_TREE_MAX_DEGREE_TWO	685e4990d0f97454241929750ebab4f9011e171eb81af2a049aea04a212a03cd	R16A-ENUM-0043	87f2db8e83b9c97b6a154d10daf900558420ff965b483c2d0c29259316a416ac	LINEAR_PATH	1	0	0	0	false
R16A-SUBGRAPH-B095D655C9303D8A92E8	b095d655c9303d8a92e831e021d2e0ab3c10441ee33b74d66e168c7112fe6dff	"[""TRV:20f9f4ed48de5d0e333c767bae2d1a50022c17b7aa2d67b9a00007ee179e4a97"",""TRV:54d55704f5d7e2caa927feedf94edf8b9dd2ebfafc4b0aa68875bcbcbabaaa79""]"	"[""R16A-PAIR:09108fb32fbc17acaa1205d07d048a5e74371e81f8c5919a24f86af4ddc3d677""]"	"[""R14-ASSOC-021""]"	2	1	true	BINARY_FORK	INVALID	BINARY_REQUIRES_EXACTLY_THREE_NODES_TWO_EDGES		R16A-ENUM-0043	87f2db8e83b9c97b6a154d10daf900558420ff965b483c2d0c29259316a416ac	LINEAR_PATH	1	0	0	0	false
R16A-SUBGRAPH-B095D655C9303D8A92E8	b095d655c9303d8a92e831e021d2e0ab3c10441ee33b74d66e168c7112fe6dff	"[""TRV:20f9f4ed48de5d0e333c767bae2d1a50022c17b7aa2d67b9a00007ee179e4a97"",""TRV:54d55704f5d7e2caa927feedf94edf8b9dd2ebfafc4b0aa68875bcbcbabaaa79""]"	"[""R16A-PAIR:09108fb32fbc17acaa1205d07d048a5e74371e81f8c5919a24f86af4ddc3d677""]"	"[""R14-ASSOC-021""]"	2	1	true	BINARY_CONVERGENCE	INVALID	BINARY_REQUIRES_EXACTLY_THREE_NODES_TWO_EDGES		R16A-ENUM-0043	87f2db8e83b9c97b6a154d10daf900558420ff965b483c2d0c29259316a416ac	LINEAR_PATH	1	0	0	0	false
R16A-SUBGRAPH-B095D655C9303D8A92E8	b095d655c9303d8a92e831e021d2e0ab3c10441ee33b74d66e168c7112fe6dff	"[""TRV:20f9f4ed48de5d0e333c767bae2d1a50022c17b7aa2d67b9a00007ee179e4a97"",""TRV:54d55704f5d7e2caa927feedf94edf8b9dd2ebfafc4b0aa68875bcbcbabaaa79""]"	"[""R16A-PAIR:09108fb32fbc17acaa1205d07d048a5e74371e81f8c5919a24f86af4ddc3d677""]"	"[""R14-ASSOC-021""]"	2	1	true	QUALIFIED_PATH	INVALID	NO_EXPLICIT_GOVERNED_QUALIFICATION_GATE		R16A-ENUM-0043	87f2db8e83b9c97b6a154d10daf900558420ff965b483c2d0c29259316a416ac	LINEAR_PATH	1	0	0	0	false
R16A-SUBGRAPH-B095D655C9303D8A92E8	b095d655c9303d8a92e831e021d2e0ab3c10441ee33b74d66e168c7112fe6dff	"[""TRV:20f9f4ed48de5d0e333c767bae2d1a50022c17b7aa2d67b9a00007ee179e4a97"",""TRV:54d55704f5d7e2caa927feedf94edf8b9dd2ebfafc4b0aa68875bcbcbabaaa79""]"	"[""R16A-PAIR:09108fb32fbc17acaa1205d07d048a5e74371e81f8c5919a24f86af4ddc3d677""]"	"[""R14-ASSOC-021""]"	2	1	true	REFLEXIVE_RETURN	INVALID	NO_EXPLICIT_GOVERNED_NAVIGATION_RETURN		R16A-ENUM-0043	87f2db8e83b9c97b6a154d10daf900558420ff965b483c2d0c29259316a416ac	LINEAR_PATH	1	0	0	0	false
R16A-SUBGRAPH-B095D655C9303D8A92E8	b095d655c9303d8a92e831e021d2e0ab3c10441ee33b74d66e168c7112fe6dff	"[""TRV:20f9f4ed48de5d0e333c767bae2d1a50022c17b7aa2d67b9a00007ee179e4a97"",""TRV:54d55704f5d7e2caa927feedf94edf8b9dd2ebfafc4b0aa68875bcbcbabaaa79""]"	"[""R16A-PAIR:09108fb32fbc17acaa1205d07d048a5e74371e81f8c5919a24f86af4ddc3d677""]"	"[""R14-ASSOC-021""]"	2	1	true	EVIDENCE_GAP_TREE	INVALID	NO_EXPLICIT_GOVERNED_EVIDENCE_GAP_NODE		R16A-ENUM-0043	87f2db8e83b9c97b6a154d10daf900558420ff965b483c2d0c29259316a416ac	LINEAR_PATH	1	0	0	0	false
R16A-SUBGRAPH-C055B0817F1314E6EE60	c055b0817f1314e6ee60d5a011b079803f7e8d0f21961f338321627e1eff55d9	"[""TRV:2fe1d615f7fb24b99fb828c5ceadcf06635e7fb6f47910f32d2daf1f6bd763f0"",""TRV:5660ce124250ffd0ecbcf64a7359315bd26afdb0d89c559c03a491cc2138e4ed"",""TRV:fd793986cd6d45968d3c7103e778813542e6a9979a85e9cf512450307c9f7342""]"	"[""R16A-PAIR:591aa3897c3e0e455ef4bc05b36550f3d010af9e84be8a08c199676025fdeb04"",""R16A-PAIR:c58fe913fc06f2896c1022f7ccc0e9de1b0f7f1121f09c7d18162d40fe764cf9""]"	"[""R14-ASSOC-014"",""R14-ASSOC-015""]"	3	2	false	LINEAR_PATH	VALID	CONNECTED_TREE_MAX_DEGREE_TWO	88db161ca6003a4b8fcf6ca19fd463af93a89eb078c1de645e795bbcc2740418	R16A-ENUM-0044	90d80791a709beda9596139be9ca6d72ada4b8ad47ff456d0a41921827c3cf81	UNRESOLVED	2	0	0	1	false
R16A-SUBGRAPH-C055B0817F1314E6EE60	c055b0817f1314e6ee60d5a011b079803f7e8d0f21961f338321627e1eff55d9	"[""TRV:2fe1d615f7fb24b99fb828c5ceadcf06635e7fb6f47910f32d2daf1f6bd763f0"",""TRV:5660ce124250ffd0ecbcf64a7359315bd26afdb0d89c559c03a491cc2138e4ed"",""TRV:fd793986cd6d45968d3c7103e778813542e6a9979a85e9cf512450307c9f7342""]"	"[""R16A-PAIR:591aa3897c3e0e455ef4bc05b36550f3d010af9e84be8a08c199676025fdeb04"",""R16A-PAIR:c58fe913fc06f2896c1022f7ccc0e9de1b0f7f1121f09c7d18162d40fe764cf9""]"	"[""R14-ASSOC-014"",""R14-ASSOC-015""]"	3	2	false	BINARY_FORK	VALID	EXACT_THREE_NODE_TWO_EDGE_BINARY_SHAPE	46deed5c98fe35de83d67478c9b684fb02b55059ddc4e093214abf2511daafc6	R16A-ENUM-0044	90d80791a709beda9596139be9ca6d72ada4b8ad47ff456d0a41921827c3cf81	UNRESOLVED	2	0	0	1	false
R16A-SUBGRAPH-C055B0817F1314E6EE60	c055b0817f1314e6ee60d5a011b079803f7e8d0f21961f338321627e1eff55d9	"[""TRV:2fe1d615f7fb24b99fb828c5ceadcf06635e7fb6f47910f32d2daf1f6bd763f0"",""TRV:5660ce124250ffd0ecbcf64a7359315bd26afdb0d89c559c03a491cc2138e4ed"",""TRV:fd793986cd6d45968d3c7103e778813542e6a9979a85e9cf512450307c9f7342""]"	"[""R16A-PAIR:591aa3897c3e0e455ef4bc05b36550f3d010af9e84be8a08c199676025fdeb04"",""R16A-PAIR:c58fe913fc06f2896c1022f7ccc0e9de1b0f7f1121f09c7d18162d40fe764cf9""]"	"[""R14-ASSOC-014"",""R14-ASSOC-015""]"	3	2	false	BINARY_CONVERGENCE	VALID	EXACT_THREE_NODE_TWO_EDGE_BINARY_SHAPE	62728d4819be5011f2d06853bc515b36d1fd81d597acd06667cc245315647e6c	R16A-ENUM-0044	90d80791a709beda9596139be9ca6d72ada4b8ad47ff456d0a41921827c3cf81	UNRESOLVED	2	0	0	1	false
R16A-SUBGRAPH-C055B0817F1314E6EE60	c055b0817f1314e6ee60d5a011b079803f7e8d0f21961f338321627e1eff55d9	"[""TRV:2fe1d615f7fb24b99fb828c5ceadcf06635e7fb6f47910f32d2daf1f6bd763f0"",""TRV:5660ce124250ffd0ecbcf64a7359315bd26afdb0d89c559c03a491cc2138e4ed"",""TRV:fd793986cd6d45968d3c7103e778813542e6a9979a85e9cf512450307c9f7342""]"	"[""R16A-PAIR:591aa3897c3e0e455ef4bc05b36550f3d010af9e84be8a08c199676025fdeb04"",""R16A-PAIR:c58fe913fc06f2896c1022f7ccc0e9de1b0f7f1121f09c7d18162d40fe764cf9""]"	"[""R14-ASSOC-014"",""R14-ASSOC-015""]"	3	2	false	QUALIFIED_PATH	INVALID	NO_EXPLICIT_GOVERNED_QUALIFICATION_GATE		R16A-ENUM-0044	90d80791a709beda9596139be9ca6d72ada4b8ad47ff456d0a41921827c3cf81	UNRESOLVED	2	0	0	1	false
R16A-SUBGRAPH-C055B0817F1314E6EE60	c055b0817f1314e6ee60d5a011b079803f7e8d0f21961f338321627e1eff55d9	"[""TRV:2fe1d615f7fb24b99fb828c5ceadcf06635e7fb6f47910f32d2daf1f6bd763f0"",""TRV:5660ce124250ffd0ecbcf64a7359315bd26afdb0d89c559c03a491cc2138e4ed"",""TRV:fd793986cd6d45968d3c7103e778813542e6a9979a85e9cf512450307c9f7342""]"	"[""R16A-PAIR:591aa3897c3e0e455ef4bc05b36550f3d010af9e84be8a08c199676025fdeb04"",""R16A-PAIR:c58fe913fc06f2896c1022f7ccc0e9de1b0f7f1121f09c7d18162d40fe764cf9""]"	"[""R14-ASSOC-014"",""R14-ASSOC-015""]"	3	2	false	REFLEXIVE_RETURN	INVALID	NO_EXPLICIT_GOVERNED_NAVIGATION_RETURN		R16A-ENUM-0044	90d80791a709beda9596139be9ca6d72ada4b8ad47ff456d0a41921827c3cf81	UNRESOLVED	2	0	0	1	false
R16A-SUBGRAPH-C055B0817F1314E6EE60	c055b0817f1314e6ee60d5a011b079803f7e8d0f21961f338321627e1eff55d9	"[""TRV:2fe1d615f7fb24b99fb828c5ceadcf06635e7fb6f47910f32d2daf1f6bd763f0"",""TRV:5660ce124250ffd0ecbcf64a7359315bd26afdb0d89c559c03a491cc2138e4ed"",""TRV:fd793986cd6d45968d3c7103e778813542e6a9979a85e9cf512450307c9f7342""]"	"[""R16A-PAIR:591aa3897c3e0e455ef4bc05b36550f3d010af9e84be8a08c199676025fdeb04"",""R16A-PAIR:c58fe913fc06f2896c1022f7ccc0e9de1b0f7f1121f09c7d18162d40fe764cf9""]"	"[""R14-ASSOC-014"",""R14-ASSOC-015""]"	3	2	false	EVIDENCE_GAP_TREE	INVALID	NO_EXPLICIT_GOVERNED_EVIDENCE_GAP_NODE		R16A-ENUM-0044	90d80791a709beda9596139be9ca6d72ada4b8ad47ff456d0a41921827c3cf81	UNRESOLVED	2	0	0	1	false
R16A-SUBGRAPH-C94160E62A220EB3B75B	c94160e62a220eb3b75b6864936bcb335f6daba3f9cb170371b794c3c860d44c	"[""TRV:276446ba01e3aa387c83b06f54fccc5ac65bdc6099157a2a828716eac9c6fd4d"",""TRV:303eafd7c2afb63e99e140c4ba2abd1de5f78f9e8ebbb3040b4531b6df568639"",""TRV:83a2bff84b1d599d9eed884a09666501c96224a0b3b7457699ef0be145e76e73"",""TRV:c82d3d4865e41e2a263ff0427c4df2b8e3e43a85c835404d033d764468b3ba55""]"	"[""R16A-PAIR:2ea00c84f44e9da21aae78f742f5cf6cba09fee7e94d77ff3420dc07dd64cbb5"",""R16A-PAIR:5841a12151ac0ce714f0b8e279e939bed009b3f2be71086cde6033cbbd11b4ea"",""R16A-PAIR:f82795fcaba53ac0c255461d014e82b9e563362b645b4c65a58e27644e22c54c""]"	"[""R14-ASSOC-006"",""R14-ASSOC-008"",""R14-ASSOC-009""]"	4	3	false	LINEAR_PATH	VALID	CONNECTED_TREE_MAX_DEGREE_TWO	efa650553de7aab45f60a49d0bb84cb04f67ac12b12dec2c86b32a2b2810aa73	R16A-ENUM-0045	039d9e1a5ac4dc2c7eb9b42656d04522d611fb14d73902efb0e3bcfdd09492e5	LINEAR_PATH	3	0	0	0	false
R16A-SUBGRAPH-C94160E62A220EB3B75B	c94160e62a220eb3b75b6864936bcb335f6daba3f9cb170371b794c3c860d44c	"[""TRV:276446ba01e3aa387c83b06f54fccc5ac65bdc6099157a2a828716eac9c6fd4d"",""TRV:303eafd7c2afb63e99e140c4ba2abd1de5f78f9e8ebbb3040b4531b6df568639"",""TRV:83a2bff84b1d599d9eed884a09666501c96224a0b3b7457699ef0be145e76e73"",""TRV:c82d3d4865e41e2a263ff0427c4df2b8e3e43a85c835404d033d764468b3ba55""]"	"[""R16A-PAIR:2ea00c84f44e9da21aae78f742f5cf6cba09fee7e94d77ff3420dc07dd64cbb5"",""R16A-PAIR:5841a12151ac0ce714f0b8e279e939bed009b3f2be71086cde6033cbbd11b4ea"",""R16A-PAIR:f82795fcaba53ac0c255461d014e82b9e563362b645b4c65a58e27644e22c54c""]"	"[""R14-ASSOC-006"",""R14-ASSOC-008"",""R14-ASSOC-009""]"	4	3	false	BINARY_FORK	INVALID	BINARY_REQUIRES_EXACTLY_THREE_NODES_TWO_EDGES		R16A-ENUM-0045	039d9e1a5ac4dc2c7eb9b42656d04522d611fb14d73902efb0e3bcfdd09492e5	LINEAR_PATH	3	0	0	0	false
R16A-SUBGRAPH-C94160E62A220EB3B75B	c94160e62a220eb3b75b6864936bcb335f6daba3f9cb170371b794c3c860d44c	"[""TRV:276446ba01e3aa387c83b06f54fccc5ac65bdc6099157a2a828716eac9c6fd4d"",""TRV:303eafd7c2afb63e99e140c4ba2abd1de5f78f9e8ebbb3040b4531b6df568639"",""TRV:83a2bff84b1d599d9eed884a09666501c96224a0b3b7457699ef0be145e76e73"",""TRV:c82d3d4865e41e2a263ff0427c4df2b8e3e43a85c835404d033d764468b3ba55""]"	"[""R16A-PAIR:2ea00c84f44e9da21aae78f742f5cf6cba09fee7e94d77ff3420dc07dd64cbb5"",""R16A-PAIR:5841a12151ac0ce714f0b8e279e939bed009b3f2be71086cde6033cbbd11b4ea"",""R16A-PAIR:f82795fcaba53ac0c255461d014e82b9e563362b645b4c65a58e27644e22c54c""]"	"[""R14-ASSOC-006"",""R14-ASSOC-008"",""R14-ASSOC-009""]"	4	3	false	BINARY_CONVERGENCE	INVALID	BINARY_REQUIRES_EXACTLY_THREE_NODES_TWO_EDGES		R16A-ENUM-0045	039d9e1a5ac4dc2c7eb9b42656d04522d611fb14d73902efb0e3bcfdd09492e5	LINEAR_PATH	3	0	0	0	false
R16A-SUBGRAPH-C94160E62A220EB3B75B	c94160e62a220eb3b75b6864936bcb335f6daba3f9cb170371b794c3c860d44c	"[""TRV:276446ba01e3aa387c83b06f54fccc5ac65bdc6099157a2a828716eac9c6fd4d"",""TRV:303eafd7c2afb63e99e140c4ba2abd1de5f78f9e8ebbb3040b4531b6df568639"",""TRV:83a2bff84b1d599d9eed884a09666501c96224a0b3b7457699ef0be145e76e73"",""TRV:c82d3d4865e41e2a263ff0427c4df2b8e3e43a85c835404d033d764468b3ba55""]"	"[""R16A-PAIR:2ea00c84f44e9da21aae78f742f5cf6cba09fee7e94d77ff3420dc07dd64cbb5"",""R16A-PAIR:5841a12151ac0ce714f0b8e279e939bed009b3f2be71086cde6033cbbd11b4ea"",""R16A-PAIR:f82795fcaba53ac0c255461d014e82b9e563362b645b4c65a58e27644e22c54c""]"	"[""R14-ASSOC-006"",""R14-ASSOC-008"",""R14-ASSOC-009""]"	4	3	false	QUALIFIED_PATH	INVALID	NO_EXPLICIT_GOVERNED_QUALIFICATION_GATE		R16A-ENUM-0045	039d9e1a5ac4dc2c7eb9b42656d04522d611fb14d73902efb0e3bcfdd09492e5	LINEAR_PATH	3	0	0	0	false
R16A-SUBGRAPH-C94160E62A220EB3B75B	c94160e62a220eb3b75b6864936bcb335f6daba3f9cb170371b794c3c860d44c	"[""TRV:276446ba01e3aa387c83b06f54fccc5ac65bdc6099157a2a828716eac9c6fd4d"",""TRV:303eafd7c2afb63e99e140c4ba2abd1de5f78f9e8ebbb3040b4531b6df568639"",""TRV:83a2bff84b1d599d9eed884a09666501c96224a0b3b7457699ef0be145e76e73"",""TRV:c82d3d4865e41e2a263ff0427c4df2b8e3e43a85c835404d033d764468b3ba55""]"	"[""R16A-PAIR:2ea00c84f44e9da21aae78f742f5cf6cba09fee7e94d77ff3420dc07dd64cbb5"",""R16A-PAIR:5841a12151ac0ce714f0b8e279e939bed009b3f2be71086cde6033cbbd11b4ea"",""R16A-PAIR:f82795fcaba53ac0c255461d014e82b9e563362b645b4c65a58e27644e22c54c""]"	"[""R14-ASSOC-006"",""R14-ASSOC-008"",""R14-ASSOC-009""]"	4	3	false	REFLEXIVE_RETURN	INVALID	NO_EXPLICIT_GOVERNED_NAVIGATION_RETURN		R16A-ENUM-0045	039d9e1a5ac4dc2c7eb9b42656d04522d611fb14d73902efb0e3bcfdd09492e5	LINEAR_PATH	3	0	0	0	false
R16A-SUBGRAPH-C94160E62A220EB3B75B	c94160e62a220eb3b75b6864936bcb335f6daba3f9cb170371b794c3c860d44c	"[""TRV:276446ba01e3aa387c83b06f54fccc5ac65bdc6099157a2a828716eac9c6fd4d"",""TRV:303eafd7c2afb63e99e140c4ba2abd1de5f78f9e8ebbb3040b4531b6df568639"",""TRV:83a2bff84b1d599d9eed884a09666501c96224a0b3b7457699ef0be145e76e73"",""TRV:c82d3d4865e41e2a263ff0427c4df2b8e3e43a85c835404d033d764468b3ba55""]"	"[""R16A-PAIR:2ea00c84f44e9da21aae78f742f5cf6cba09fee7e94d77ff3420dc07dd64cbb5"",""R16A-PAIR:5841a12151ac0ce714f0b8e279e939bed009b3f2be71086cde6033cbbd11b4ea"",""R16A-PAIR:f82795fcaba53ac0c255461d014e82b9e563362b645b4c65a58e27644e22c54c""]"	"[""R14-ASSOC-006"",""R14-ASSOC-008"",""R14-ASSOC-009""]"	4	3	false	EVIDENCE_GAP_TREE	INVALID	NO_EXPLICIT_GOVERNED_EVIDENCE_GAP_NODE		R16A-ENUM-0045	039d9e1a5ac4dc2c7eb9b42656d04522d611fb14d73902efb0e3bcfdd09492e5	LINEAR_PATH	3	0	0	0	false
R16A-SUBGRAPH-CD1725030190F2060E72	cd1725030190f2060e728554a893a638d83bae09c5ce9dcb3adeb5869e8f03b4	"[""TRV:303eafd7c2afb63e99e140c4ba2abd1de5f78f9e8ebbb3040b4531b6df568639"",""TRV:83a2bff84b1d599d9eed884a09666501c96224a0b3b7457699ef0be145e76e73"",""TRV:c82d3d4865e41e2a263ff0427c4df2b8e3e43a85c835404d033d764468b3ba55""]"	"[""R16A-PAIR:2ea00c84f44e9da21aae78f742f5cf6cba09fee7e94d77ff3420dc07dd64cbb5"",""R16A-PAIR:5841a12151ac0ce714f0b8e279e939bed009b3f2be71086cde6033cbbd11b4ea""]"	"[""R14-ASSOC-006"",""R14-ASSOC-008""]"	3	2	false	LINEAR_PATH	VALID	CONNECTED_TREE_MAX_DEGREE_TWO	d1c6fe941996ef0f6097c82ff47014de2ced2a0beb667c597911e2c963365165	R16A-ENUM-0046	50b82374fc00bb53a93ffb8abaed3f94cd98978a39f1f7829190599b098500a3	UNRESOLVED	2	0	0	1	false
R16A-SUBGRAPH-CD1725030190F2060E72	cd1725030190f2060e728554a893a638d83bae09c5ce9dcb3adeb5869e8f03b4	"[""TRV:303eafd7c2afb63e99e140c4ba2abd1de5f78f9e8ebbb3040b4531b6df568639"",""TRV:83a2bff84b1d599d9eed884a09666501c96224a0b3b7457699ef0be145e76e73"",""TRV:c82d3d4865e41e2a263ff0427c4df2b8e3e43a85c835404d033d764468b3ba55""]"	"[""R16A-PAIR:2ea00c84f44e9da21aae78f742f5cf6cba09fee7e94d77ff3420dc07dd64cbb5"",""R16A-PAIR:5841a12151ac0ce714f0b8e279e939bed009b3f2be71086cde6033cbbd11b4ea""]"	"[""R14-ASSOC-006"",""R14-ASSOC-008""]"	3	2	false	BINARY_FORK	VALID	EXACT_THREE_NODE_TWO_EDGE_BINARY_SHAPE	324dbc743b547b1609c50601f609e58fa6407c52a37c6a847199ef7ed592c084	R16A-ENUM-0046	50b82374fc00bb53a93ffb8abaed3f94cd98978a39f1f7829190599b098500a3	UNRESOLVED	2	0	0	1	false
R16A-SUBGRAPH-CD1725030190F2060E72	cd1725030190f2060e728554a893a638d83bae09c5ce9dcb3adeb5869e8f03b4	"[""TRV:303eafd7c2afb63e99e140c4ba2abd1de5f78f9e8ebbb3040b4531b6df568639"",""TRV:83a2bff84b1d599d9eed884a09666501c96224a0b3b7457699ef0be145e76e73"",""TRV:c82d3d4865e41e2a263ff0427c4df2b8e3e43a85c835404d033d764468b3ba55""]"	"[""R16A-PAIR:2ea00c84f44e9da21aae78f742f5cf6cba09fee7e94d77ff3420dc07dd64cbb5"",""R16A-PAIR:5841a12151ac0ce714f0b8e279e939bed009b3f2be71086cde6033cbbd11b4ea""]"	"[""R14-ASSOC-006"",""R14-ASSOC-008""]"	3	2	false	BINARY_CONVERGENCE	VALID	EXACT_THREE_NODE_TWO_EDGE_BINARY_SHAPE	7c42f9da2f984c1ecfd2afd7a6202e9690c01eaf7e4a3c00907a0050feacd839	R16A-ENUM-0046	50b82374fc00bb53a93ffb8abaed3f94cd98978a39f1f7829190599b098500a3	UNRESOLVED	2	0	0	1	false
R16A-SUBGRAPH-CD1725030190F2060E72	cd1725030190f2060e728554a893a638d83bae09c5ce9dcb3adeb5869e8f03b4	"[""TRV:303eafd7c2afb63e99e140c4ba2abd1de5f78f9e8ebbb3040b4531b6df568639"",""TRV:83a2bff84b1d599d9eed884a09666501c96224a0b3b7457699ef0be145e76e73"",""TRV:c82d3d4865e41e2a263ff0427c4df2b8e3e43a85c835404d033d764468b3ba55""]"	"[""R16A-PAIR:2ea00c84f44e9da21aae78f742f5cf6cba09fee7e94d77ff3420dc07dd64cbb5"",""R16A-PAIR:5841a12151ac0ce714f0b8e279e939bed009b3f2be71086cde6033cbbd11b4ea""]"	"[""R14-ASSOC-006"",""R14-ASSOC-008""]"	3	2	false	QUALIFIED_PATH	INVALID	NO_EXPLICIT_GOVERNED_QUALIFICATION_GATE		R16A-ENUM-0046	50b82374fc00bb53a93ffb8abaed3f94cd98978a39f1f7829190599b098500a3	UNRESOLVED	2	0	0	1	false
R16A-SUBGRAPH-CD1725030190F2060E72	cd1725030190f2060e728554a893a638d83bae09c5ce9dcb3adeb5869e8f03b4	"[""TRV:303eafd7c2afb63e99e140c4ba2abd1de5f78f9e8ebbb3040b4531b6df568639"",""TRV:83a2bff84b1d599d9eed884a09666501c96224a0b3b7457699ef0be145e76e73"",""TRV:c82d3d4865e41e2a263ff0427c4df2b8e3e43a85c835404d033d764468b3ba55""]"	"[""R16A-PAIR:2ea00c84f44e9da21aae78f742f5cf6cba09fee7e94d77ff3420dc07dd64cbb5"",""R16A-PAIR:5841a12151ac0ce714f0b8e279e939bed009b3f2be71086cde6033cbbd11b4ea""]"	"[""R14-ASSOC-006"",""R14-ASSOC-008""]"	3	2	false	REFLEXIVE_RETURN	INVALID	NO_EXPLICIT_GOVERNED_NAVIGATION_RETURN		R16A-ENUM-0046	50b82374fc00bb53a93ffb8abaed3f94cd98978a39f1f7829190599b098500a3	UNRESOLVED	2	0	0	1	false
R16A-SUBGRAPH-CD1725030190F2060E72	cd1725030190f2060e728554a893a638d83bae09c5ce9dcb3adeb5869e8f03b4	"[""TRV:303eafd7c2afb63e99e140c4ba2abd1de5f78f9e8ebbb3040b4531b6df568639"",""TRV:83a2bff84b1d599d9eed884a09666501c96224a0b3b7457699ef0be145e76e73"",""TRV:c82d3d4865e41e2a263ff0427c4df2b8e3e43a85c835404d033d764468b3ba55""]"	"[""R16A-PAIR:2ea00c84f44e9da21aae78f742f5cf6cba09fee7e94d77ff3420dc07dd64cbb5"",""R16A-PAIR:5841a12151ac0ce714f0b8e279e939bed009b3f2be71086cde6033cbbd11b4ea""]"	"[""R14-ASSOC-006"",""R14-ASSOC-008""]"	3	2	false	EVIDENCE_GAP_TREE	INVALID	NO_EXPLICIT_GOVERNED_EVIDENCE_GAP_NODE		R16A-ENUM-0046	50b82374fc00bb53a93ffb8abaed3f94cd98978a39f1f7829190599b098500a3	UNRESOLVED	2	0	0	1	false
R16A-SUBGRAPH-D1CE6EDF4995F6C2B6BA	d1ce6edf4995f6c2b6ba69d8d3d8481f61bcfee315f1b475ff2f9086f87e4be3	"[""TRV:276446ba01e3aa387c83b06f54fccc5ac65bdc6099157a2a828716eac9c6fd4d"",""TRV:303eafd7c2afb63e99e140c4ba2abd1de5f78f9e8ebbb3040b4531b6df568639"",""TRV:83a2bff84b1d599d9eed884a09666501c96224a0b3b7457699ef0be145e76e73"",""TRV:c82d3d4865e41e2a263ff0427c4df2b8e3e43a85c835404d033d764468b3ba55""]"	"[""R16A-PAIR:2ea00c84f44e9da21aae78f742f5cf6cba09fee7e94d77ff3420dc07dd64cbb5"",""R16A-PAIR:5841a12151ac0ce714f0b8e279e939bed009b3f2be71086cde6033cbbd11b4ea"",""R16A-PAIR:db9e8b1d1d7e17983872e3600cd1a3ce5ae7f3c907ae70bdeafcbd0b2c6a0460"",""R16A-PAIR:e153332b67669fdaa24f256bfcf61135e56eb2894e48481afc71ae4327c81422""]"	"[""R14-ASSOC-005"",""R14-ASSOC-006"",""R14-ASSOC-007"",""R14-ASSOC-008""]"	4	4	false	LINEAR_PATH	INVALID	NOT_A_CONNECTED_LINEAR_TREE		R16A-ENUM-0047	9aa26a80635153c8e002d4ab919e6446f8d27e8fc7153ddd9dc1cfb84015794c	UNRESOLVED	3	1	1	1	false
R16A-SUBGRAPH-D1CE6EDF4995F6C2B6BA	d1ce6edf4995f6c2b6ba69d8d3d8481f61bcfee315f1b475ff2f9086f87e4be3	"[""TRV:276446ba01e3aa387c83b06f54fccc5ac65bdc6099157a2a828716eac9c6fd4d"",""TRV:303eafd7c2afb63e99e140c4ba2abd1de5f78f9e8ebbb3040b4531b6df568639"",""TRV:83a2bff84b1d599d9eed884a09666501c96224a0b3b7457699ef0be145e76e73"",""TRV:c82d3d4865e41e2a263ff0427c4df2b8e3e43a85c835404d033d764468b3ba55""]"	"[""R16A-PAIR:2ea00c84f44e9da21aae78f742f5cf6cba09fee7e94d77ff3420dc07dd64cbb5"",""R16A-PAIR:5841a12151ac0ce714f0b8e279e939bed009b3f2be71086cde6033cbbd11b4ea"",""R16A-PAIR:db9e8b1d1d7e17983872e3600cd1a3ce5ae7f3c907ae70bdeafcbd0b2c6a0460"",""R16A-PAIR:e153332b67669fdaa24f256bfcf61135e56eb2894e48481afc71ae4327c81422""]"	"[""R14-ASSOC-005"",""R14-ASSOC-006"",""R14-ASSOC-007"",""R14-ASSOC-008""]"	4	4	false	BINARY_FORK	INVALID	BINARY_REQUIRES_EXACTLY_THREE_NODES_TWO_EDGES		R16A-ENUM-0047	9aa26a80635153c8e002d4ab919e6446f8d27e8fc7153ddd9dc1cfb84015794c	UNRESOLVED	3	1	1	1	false
R16A-SUBGRAPH-D1CE6EDF4995F6C2B6BA	d1ce6edf4995f6c2b6ba69d8d3d8481f61bcfee315f1b475ff2f9086f87e4be3	"[""TRV:276446ba01e3aa387c83b06f54fccc5ac65bdc6099157a2a828716eac9c6fd4d"",""TRV:303eafd7c2afb63e99e140c4ba2abd1de5f78f9e8ebbb3040b4531b6df568639"",""TRV:83a2bff84b1d599d9eed884a09666501c96224a0b3b7457699ef0be145e76e73"",""TRV:c82d3d4865e41e2a263ff0427c4df2b8e3e43a85c835404d033d764468b3ba55""]"	"[""R16A-PAIR:2ea00c84f44e9da21aae78f742f5cf6cba09fee7e94d77ff3420dc07dd64cbb5"",""R16A-PAIR:5841a12151ac0ce714f0b8e279e939bed009b3f2be71086cde6033cbbd11b4ea"",""R16A-PAIR:db9e8b1d1d7e17983872e3600cd1a3ce5ae7f3c907ae70bdeafcbd0b2c6a0460"",""R16A-PAIR:e153332b67669fdaa24f256bfcf61135e56eb2894e48481afc71ae4327c81422""]"	"[""R14-ASSOC-005"",""R14-ASSOC-006"",""R14-ASSOC-007"",""R14-ASSOC-008""]"	4	4	false	BINARY_CONVERGENCE	INVALID	BINARY_REQUIRES_EXACTLY_THREE_NODES_TWO_EDGES		R16A-ENUM-0047	9aa26a80635153c8e002d4ab919e6446f8d27e8fc7153ddd9dc1cfb84015794c	UNRESOLVED	3	1	1	1	false
R16A-SUBGRAPH-D1CE6EDF4995F6C2B6BA	d1ce6edf4995f6c2b6ba69d8d3d8481f61bcfee315f1b475ff2f9086f87e4be3	"[""TRV:276446ba01e3aa387c83b06f54fccc5ac65bdc6099157a2a828716eac9c6fd4d"",""TRV:303eafd7c2afb63e99e140c4ba2abd1de5f78f9e8ebbb3040b4531b6df568639"",""TRV:83a2bff84b1d599d9eed884a09666501c96224a0b3b7457699ef0be145e76e73"",""TRV:c82d3d4865e41e2a263ff0427c4df2b8e3e43a85c835404d033d764468b3ba55""]"	"[""R16A-PAIR:2ea00c84f44e9da21aae78f742f5cf6cba09fee7e94d77ff3420dc07dd64cbb5"",""R16A-PAIR:5841a12151ac0ce714f0b8e279e939bed009b3f2be71086cde6033cbbd11b4ea"",""R16A-PAIR:db9e8b1d1d7e17983872e3600cd1a3ce5ae7f3c907ae70bdeafcbd0b2c6a0460"",""R16A-PAIR:e153332b67669fdaa24f256bfcf61135e56eb2894e48481afc71ae4327c81422""]"	"[""R14-ASSOC-005"",""R14-ASSOC-006"",""R14-ASSOC-007"",""R14-ASSOC-008""]"	4	4	false	QUALIFIED_PATH	INVALID	NO_EXPLICIT_GOVERNED_QUALIFICATION_GATE		R16A-ENUM-0047	9aa26a80635153c8e002d4ab919e6446f8d27e8fc7153ddd9dc1cfb84015794c	UNRESOLVED	3	1	1	1	false
R16A-SUBGRAPH-D1CE6EDF4995F6C2B6BA	d1ce6edf4995f6c2b6ba69d8d3d8481f61bcfee315f1b475ff2f9086f87e4be3	"[""TRV:276446ba01e3aa387c83b06f54fccc5ac65bdc6099157a2a828716eac9c6fd4d"",""TRV:303eafd7c2afb63e99e140c4ba2abd1de5f78f9e8ebbb3040b4531b6df568639"",""TRV:83a2bff84b1d599d9eed884a09666501c96224a0b3b7457699ef0be145e76e73"",""TRV:c82d3d4865e41e2a263ff0427c4df2b8e3e43a85c835404d033d764468b3ba55""]"	"[""R16A-PAIR:2ea00c84f44e9da21aae78f742f5cf6cba09fee7e94d77ff3420dc07dd64cbb5"",""R16A-PAIR:5841a12151ac0ce714f0b8e279e939bed009b3f2be71086cde6033cbbd11b4ea"",""R16A-PAIR:db9e8b1d1d7e17983872e3600cd1a3ce5ae7f3c907ae70bdeafcbd0b2c6a0460"",""R16A-PAIR:e153332b67669fdaa24f256bfcf61135e56eb2894e48481afc71ae4327c81422""]"	"[""R14-ASSOC-005"",""R14-ASSOC-006"",""R14-ASSOC-007"",""R14-ASSOC-008""]"	4	4	false	REFLEXIVE_RETURN	INVALID	NO_EXPLICIT_GOVERNED_NAVIGATION_RETURN		R16A-ENUM-0047	9aa26a80635153c8e002d4ab919e6446f8d27e8fc7153ddd9dc1cfb84015794c	UNRESOLVED	3	1	1	1	false
R16A-SUBGRAPH-D1CE6EDF4995F6C2B6BA	d1ce6edf4995f6c2b6ba69d8d3d8481f61bcfee315f1b475ff2f9086f87e4be3	"[""TRV:276446ba01e3aa387c83b06f54fccc5ac65bdc6099157a2a828716eac9c6fd4d"",""TRV:303eafd7c2afb63e99e140c4ba2abd1de5f78f9e8ebbb3040b4531b6df568639"",""TRV:83a2bff84b1d599d9eed884a09666501c96224a0b3b7457699ef0be145e76e73"",""TRV:c82d3d4865e41e2a263ff0427c4df2b8e3e43a85c835404d033d764468b3ba55""]"	"[""R16A-PAIR:2ea00c84f44e9da21aae78f742f5cf6cba09fee7e94d77ff3420dc07dd64cbb5"",""R16A-PAIR:5841a12151ac0ce714f0b8e279e939bed009b3f2be71086cde6033cbbd11b4ea"",""R16A-PAIR:db9e8b1d1d7e17983872e3600cd1a3ce5ae7f3c907ae70bdeafcbd0b2c6a0460"",""R16A-PAIR:e153332b67669fdaa24f256bfcf61135e56eb2894e48481afc71ae4327c81422""]"	"[""R14-ASSOC-005"",""R14-ASSOC-006"",""R14-ASSOC-007"",""R14-ASSOC-008""]"	4	4	false	EVIDENCE_GAP_TREE	INVALID	NO_EXPLICIT_GOVERNED_EVIDENCE_GAP_NODE		R16A-ENUM-0047	9aa26a80635153c8e002d4ab919e6446f8d27e8fc7153ddd9dc1cfb84015794c	UNRESOLVED	3	1	1	1	false
R16A-SUBGRAPH-D30D267A21A6CCE32B05	d30d267a21a6cce32b054464b852ad5fc8bb8bea03c2c265ed74446f8578d70c	"[""TRV:276446ba01e3aa387c83b06f54fccc5ac65bdc6099157a2a828716eac9c6fd4d"",""TRV:303eafd7c2afb63e99e140c4ba2abd1de5f78f9e8ebbb3040b4531b6df568639"",""TRV:83a2bff84b1d599d9eed884a09666501c96224a0b3b7457699ef0be145e76e73"",""TRV:c82d3d4865e41e2a263ff0427c4df2b8e3e43a85c835404d033d764468b3ba55""]"	"[""R16A-PAIR:5841a12151ac0ce714f0b8e279e939bed009b3f2be71086cde6033cbbd11b4ea"",""R16A-PAIR:e153332b67669fdaa24f256bfcf61135e56eb2894e48481afc71ae4327c81422"",""R16A-PAIR:f82795fcaba53ac0c255461d014e82b9e563362b645b4c65a58e27644e22c54c""]"	"[""R14-ASSOC-007"",""R14-ASSOC-008"",""R14-ASSOC-009""]"	4	3	false	LINEAR_PATH	VALID	CONNECTED_TREE_MAX_DEGREE_TWO	b17477021f7cdca80e532ee34e63db6b309b1bf714b7c8f0f83f4dd0e75ab96c	R16A-ENUM-0048	039e0511065adfe0544336b3f8af4fd820753dc53ee1719de9231c8ab430d954	LINEAR_PATH	3	0	0	0	false
R16A-SUBGRAPH-D30D267A21A6CCE32B05	d30d267a21a6cce32b054464b852ad5fc8bb8bea03c2c265ed74446f8578d70c	"[""TRV:276446ba01e3aa387c83b06f54fccc5ac65bdc6099157a2a828716eac9c6fd4d"",""TRV:303eafd7c2afb63e99e140c4ba2abd1de5f78f9e8ebbb3040b4531b6df568639"",""TRV:83a2bff84b1d599d9eed884a09666501c96224a0b3b7457699ef0be145e76e73"",""TRV:c82d3d4865e41e2a263ff0427c4df2b8e3e43a85c835404d033d764468b3ba55""]"	"[""R16A-PAIR:5841a12151ac0ce714f0b8e279e939bed009b3f2be71086cde6033cbbd11b4ea"",""R16A-PAIR:e153332b67669fdaa24f256bfcf61135e56eb2894e48481afc71ae4327c81422"",""R16A-PAIR:f82795fcaba53ac0c255461d014e82b9e563362b645b4c65a58e27644e22c54c""]"	"[""R14-ASSOC-007"",""R14-ASSOC-008"",""R14-ASSOC-009""]"	4	3	false	BINARY_FORK	INVALID	BINARY_REQUIRES_EXACTLY_THREE_NODES_TWO_EDGES		R16A-ENUM-0048	039e0511065adfe0544336b3f8af4fd820753dc53ee1719de9231c8ab430d954	LINEAR_PATH	3	0	0	0	false
R16A-SUBGRAPH-D30D267A21A6CCE32B05	d30d267a21a6cce32b054464b852ad5fc8bb8bea03c2c265ed74446f8578d70c	"[""TRV:276446ba01e3aa387c83b06f54fccc5ac65bdc6099157a2a828716eac9c6fd4d"",""TRV:303eafd7c2afb63e99e140c4ba2abd1de5f78f9e8ebbb3040b4531b6df568639"",""TRV:83a2bff84b1d599d9eed884a09666501c96224a0b3b7457699ef0be145e76e73"",""TRV:c82d3d4865e41e2a263ff0427c4df2b8e3e43a85c835404d033d764468b3ba55""]"	"[""R16A-PAIR:5841a12151ac0ce714f0b8e279e939bed009b3f2be71086cde6033cbbd11b4ea"",""R16A-PAIR:e153332b67669fdaa24f256bfcf61135e56eb2894e48481afc71ae4327c81422"",""R16A-PAIR:f82795fcaba53ac0c255461d014e82b9e563362b645b4c65a58e27644e22c54c""]"	"[""R14-ASSOC-007"",""R14-ASSOC-008"",""R14-ASSOC-009""]"	4	3	false	BINARY_CONVERGENCE	INVALID	BINARY_REQUIRES_EXACTLY_THREE_NODES_TWO_EDGES		R16A-ENUM-0048	039e0511065adfe0544336b3f8af4fd820753dc53ee1719de9231c8ab430d954	LINEAR_PATH	3	0	0	0	false
R16A-SUBGRAPH-D30D267A21A6CCE32B05	d30d267a21a6cce32b054464b852ad5fc8bb8bea03c2c265ed74446f8578d70c	"[""TRV:276446ba01e3aa387c83b06f54fccc5ac65bdc6099157a2a828716eac9c6fd4d"",""TRV:303eafd7c2afb63e99e140c4ba2abd1de5f78f9e8ebbb3040b4531b6df568639"",""TRV:83a2bff84b1d599d9eed884a09666501c96224a0b3b7457699ef0be145e76e73"",""TRV:c82d3d4865e41e2a263ff0427c4df2b8e3e43a85c835404d033d764468b3ba55""]"	"[""R16A-PAIR:5841a12151ac0ce714f0b8e279e939bed009b3f2be71086cde6033cbbd11b4ea"",""R16A-PAIR:e153332b67669fdaa24f256bfcf61135e56eb2894e48481afc71ae4327c81422"",""R16A-PAIR:f82795fcaba53ac0c255461d014e82b9e563362b645b4c65a58e27644e22c54c""]"	"[""R14-ASSOC-007"",""R14-ASSOC-008"",""R14-ASSOC-009""]"	4	3	false	QUALIFIED_PATH	INVALID	NO_EXPLICIT_GOVERNED_QUALIFICATION_GATE		R16A-ENUM-0048	039e0511065adfe0544336b3f8af4fd820753dc53ee1719de9231c8ab430d954	LINEAR_PATH	3	0	0	0	false
R16A-SUBGRAPH-D30D267A21A6CCE32B05	d30d267a21a6cce32b054464b852ad5fc8bb8bea03c2c265ed74446f8578d70c	"[""TRV:276446ba01e3aa387c83b06f54fccc5ac65bdc6099157a2a828716eac9c6fd4d"",""TRV:303eafd7c2afb63e99e140c4ba2abd1de5f78f9e8ebbb3040b4531b6df568639"",""TRV:83a2bff84b1d599d9eed884a09666501c96224a0b3b7457699ef0be145e76e73"",""TRV:c82d3d4865e41e2a263ff0427c4df2b8e3e43a85c835404d033d764468b3ba55""]"	"[""R16A-PAIR:5841a12151ac0ce714f0b8e279e939bed009b3f2be71086cde6033cbbd11b4ea"",""R16A-PAIR:e153332b67669fdaa24f256bfcf61135e56eb2894e48481afc71ae4327c81422"",""R16A-PAIR:f82795fcaba53ac0c255461d014e82b9e563362b645b4c65a58e27644e22c54c""]"	"[""R14-ASSOC-007"",""R14-ASSOC-008"",""R14-ASSOC-009""]"	4	3	false	REFLEXIVE_RETURN	INVALID	NO_EXPLICIT_GOVERNED_NAVIGATION_RETURN		R16A-ENUM-0048	039e0511065adfe0544336b3f8af4fd820753dc53ee1719de9231c8ab430d954	LINEAR_PATH	3	0	0	0	false
R16A-SUBGRAPH-D30D267A21A6CCE32B05	d30d267a21a6cce32b054464b852ad5fc8bb8bea03c2c265ed74446f8578d70c	"[""TRV:276446ba01e3aa387c83b06f54fccc5ac65bdc6099157a2a828716eac9c6fd4d"",""TRV:303eafd7c2afb63e99e140c4ba2abd1de5f78f9e8ebbb3040b4531b6df568639"",""TRV:83a2bff84b1d599d9eed884a09666501c96224a0b3b7457699ef0be145e76e73"",""TRV:c82d3d4865e41e2a263ff0427c4df2b8e3e43a85c835404d033d764468b3ba55""]"	"[""R16A-PAIR:5841a12151ac0ce714f0b8e279e939bed009b3f2be71086cde6033cbbd11b4ea"",""R16A-PAIR:e153332b67669fdaa24f256bfcf61135e56eb2894e48481afc71ae4327c81422"",""R16A-PAIR:f82795fcaba53ac0c255461d014e82b9e563362b645b4c65a58e27644e22c54c""]"	"[""R14-ASSOC-007"",""R14-ASSOC-008"",""R14-ASSOC-009""]"	4	3	false	EVIDENCE_GAP_TREE	INVALID	NO_EXPLICIT_GOVERNED_EVIDENCE_GAP_NODE		R16A-ENUM-0048	039e0511065adfe0544336b3f8af4fd820753dc53ee1719de9231c8ab430d954	LINEAR_PATH	3	0	0	0	false
R16A-SUBGRAPH-D561EED608514B45C08E	d561eed608514b45c08e8846b89877893ed9f1709147cbea9afa6d435a39c271	"[""TRV:276446ba01e3aa387c83b06f54fccc5ac65bdc6099157a2a828716eac9c6fd4d"",""TRV:303eafd7c2afb63e99e140c4ba2abd1de5f78f9e8ebbb3040b4531b6df568639"",""TRV:c82d3d4865e41e2a263ff0427c4df2b8e3e43a85c835404d033d764468b3ba55""]"	"[""R16A-PAIR:2ea00c84f44e9da21aae78f742f5cf6cba09fee7e94d77ff3420dc07dd64cbb5"",""R16A-PAIR:e153332b67669fdaa24f256bfcf61135e56eb2894e48481afc71ae4327c81422"",""R16A-PAIR:f82795fcaba53ac0c255461d014e82b9e563362b645b4c65a58e27644e22c54c""]"	"[""R14-ASSOC-006"",""R14-ASSOC-007"",""R14-ASSOC-009""]"	3	3	true	LINEAR_PATH	INVALID	NOT_A_CONNECTED_LINEAR_TREE		R16A-ENUM-0049	38cdeb6104cd6d75ba693ed0c06f5554605c28e834cc565105161927950e14e3	UNRESOLVED	3	0	0	1	false
R16A-SUBGRAPH-D561EED608514B45C08E	d561eed608514b45c08e8846b89877893ed9f1709147cbea9afa6d435a39c271	"[""TRV:276446ba01e3aa387c83b06f54fccc5ac65bdc6099157a2a828716eac9c6fd4d"",""TRV:303eafd7c2afb63e99e140c4ba2abd1de5f78f9e8ebbb3040b4531b6df568639"",""TRV:c82d3d4865e41e2a263ff0427c4df2b8e3e43a85c835404d033d764468b3ba55""]"	"[""R16A-PAIR:2ea00c84f44e9da21aae78f742f5cf6cba09fee7e94d77ff3420dc07dd64cbb5"",""R16A-PAIR:e153332b67669fdaa24f256bfcf61135e56eb2894e48481afc71ae4327c81422"",""R16A-PAIR:f82795fcaba53ac0c255461d014e82b9e563362b645b4c65a58e27644e22c54c""]"	"[""R14-ASSOC-006"",""R14-ASSOC-007"",""R14-ASSOC-009""]"	3	3	true	BINARY_FORK	INVALID	BINARY_REQUIRES_EXACTLY_THREE_NODES_TWO_EDGES		R16A-ENUM-0049	38cdeb6104cd6d75ba693ed0c06f5554605c28e834cc565105161927950e14e3	UNRESOLVED	3	0	0	1	false
R16A-SUBGRAPH-D561EED608514B45C08E	d561eed608514b45c08e8846b89877893ed9f1709147cbea9afa6d435a39c271	"[""TRV:276446ba01e3aa387c83b06f54fccc5ac65bdc6099157a2a828716eac9c6fd4d"",""TRV:303eafd7c2afb63e99e140c4ba2abd1de5f78f9e8ebbb3040b4531b6df568639"",""TRV:c82d3d4865e41e2a263ff0427c4df2b8e3e43a85c835404d033d764468b3ba55""]"	"[""R16A-PAIR:2ea00c84f44e9da21aae78f742f5cf6cba09fee7e94d77ff3420dc07dd64cbb5"",""R16A-PAIR:e153332b67669fdaa24f256bfcf61135e56eb2894e48481afc71ae4327c81422"",""R16A-PAIR:f82795fcaba53ac0c255461d014e82b9e563362b645b4c65a58e27644e22c54c""]"	"[""R14-ASSOC-006"",""R14-ASSOC-007"",""R14-ASSOC-009""]"	3	3	true	BINARY_CONVERGENCE	INVALID	BINARY_REQUIRES_EXACTLY_THREE_NODES_TWO_EDGES		R16A-ENUM-0049	38cdeb6104cd6d75ba693ed0c06f5554605c28e834cc565105161927950e14e3	UNRESOLVED	3	0	0	1	false
R16A-SUBGRAPH-D561EED608514B45C08E	d561eed608514b45c08e8846b89877893ed9f1709147cbea9afa6d435a39c271	"[""TRV:276446ba01e3aa387c83b06f54fccc5ac65bdc6099157a2a828716eac9c6fd4d"",""TRV:303eafd7c2afb63e99e140c4ba2abd1de5f78f9e8ebbb3040b4531b6df568639"",""TRV:c82d3d4865e41e2a263ff0427c4df2b8e3e43a85c835404d033d764468b3ba55""]"	"[""R16A-PAIR:2ea00c84f44e9da21aae78f742f5cf6cba09fee7e94d77ff3420dc07dd64cbb5"",""R16A-PAIR:e153332b67669fdaa24f256bfcf61135e56eb2894e48481afc71ae4327c81422"",""R16A-PAIR:f82795fcaba53ac0c255461d014e82b9e563362b645b4c65a58e27644e22c54c""]"	"[""R14-ASSOC-006"",""R14-ASSOC-007"",""R14-ASSOC-009""]"	3	3	true	QUALIFIED_PATH	INVALID	NO_EXPLICIT_GOVERNED_QUALIFICATION_GATE		R16A-ENUM-0049	38cdeb6104cd6d75ba693ed0c06f5554605c28e834cc565105161927950e14e3	UNRESOLVED	3	0	0	1	false
R16A-SUBGRAPH-D561EED608514B45C08E	d561eed608514b45c08e8846b89877893ed9f1709147cbea9afa6d435a39c271	"[""TRV:276446ba01e3aa387c83b06f54fccc5ac65bdc6099157a2a828716eac9c6fd4d"",""TRV:303eafd7c2afb63e99e140c4ba2abd1de5f78f9e8ebbb3040b4531b6df568639"",""TRV:c82d3d4865e41e2a263ff0427c4df2b8e3e43a85c835404d033d764468b3ba55""]"	"[""R16A-PAIR:2ea00c84f44e9da21aae78f742f5cf6cba09fee7e94d77ff3420dc07dd64cbb5"",""R16A-PAIR:e153332b67669fdaa24f256bfcf61135e56eb2894e48481afc71ae4327c81422"",""R16A-PAIR:f82795fcaba53ac0c255461d014e82b9e563362b645b4c65a58e27644e22c54c""]"	"[""R14-ASSOC-006"",""R14-ASSOC-007"",""R14-ASSOC-009""]"	3	3	true	REFLEXIVE_RETURN	INVALID	NO_EXPLICIT_GOVERNED_NAVIGATION_RETURN		R16A-ENUM-0049	38cdeb6104cd6d75ba693ed0c06f5554605c28e834cc565105161927950e14e3	UNRESOLVED	3	0	0	1	false
R16A-SUBGRAPH-D561EED608514B45C08E	d561eed608514b45c08e8846b89877893ed9f1709147cbea9afa6d435a39c271	"[""TRV:276446ba01e3aa387c83b06f54fccc5ac65bdc6099157a2a828716eac9c6fd4d"",""TRV:303eafd7c2afb63e99e140c4ba2abd1de5f78f9e8ebbb3040b4531b6df568639"",""TRV:c82d3d4865e41e2a263ff0427c4df2b8e3e43a85c835404d033d764468b3ba55""]"	"[""R16A-PAIR:2ea00c84f44e9da21aae78f742f5cf6cba09fee7e94d77ff3420dc07dd64cbb5"",""R16A-PAIR:e153332b67669fdaa24f256bfcf61135e56eb2894e48481afc71ae4327c81422"",""R16A-PAIR:f82795fcaba53ac0c255461d014e82b9e563362b645b4c65a58e27644e22c54c""]"	"[""R14-ASSOC-006"",""R14-ASSOC-007"",""R14-ASSOC-009""]"	3	3	true	EVIDENCE_GAP_TREE	INVALID	NO_EXPLICIT_GOVERNED_EVIDENCE_GAP_NODE		R16A-ENUM-0049	38cdeb6104cd6d75ba693ed0c06f5554605c28e834cc565105161927950e14e3	UNRESOLVED	3	0	0	1	false
R16A-SUBGRAPH-DA88A78578BD92B43923	da88a78578bd92b439239633d0df6e96d9e5b0ecb1fd7aa9a1de8a0242b51413	"[""TRV:276446ba01e3aa387c83b06f54fccc5ac65bdc6099157a2a828716eac9c6fd4d"",""TRV:303eafd7c2afb63e99e140c4ba2abd1de5f78f9e8ebbb3040b4531b6df568639""]"	"[""R16A-PAIR:f82795fcaba53ac0c255461d014e82b9e563362b645b4c65a58e27644e22c54c""]"	"[""R14-ASSOC-009""]"	2	1	true	LINEAR_PATH	VALID	CONNECTED_TREE_MAX_DEGREE_TWO	60854881d3f83115301931471dfb042aa6c54effc06244ab3e9b18514966d092	R16A-ENUM-0050	e0dbafa926ae4412adaca33883ad7fc995e18de166c839817820f2b99f2f52bd	LINEAR_PATH	1	0	0	0	false
R16A-SUBGRAPH-DA88A78578BD92B43923	da88a78578bd92b439239633d0df6e96d9e5b0ecb1fd7aa9a1de8a0242b51413	"[""TRV:276446ba01e3aa387c83b06f54fccc5ac65bdc6099157a2a828716eac9c6fd4d"",""TRV:303eafd7c2afb63e99e140c4ba2abd1de5f78f9e8ebbb3040b4531b6df568639""]"	"[""R16A-PAIR:f82795fcaba53ac0c255461d014e82b9e563362b645b4c65a58e27644e22c54c""]"	"[""R14-ASSOC-009""]"	2	1	true	BINARY_FORK	INVALID	BINARY_REQUIRES_EXACTLY_THREE_NODES_TWO_EDGES		R16A-ENUM-0050	e0dbafa926ae4412adaca33883ad7fc995e18de166c839817820f2b99f2f52bd	LINEAR_PATH	1	0	0	0	false
R16A-SUBGRAPH-DA88A78578BD92B43923	da88a78578bd92b439239633d0df6e96d9e5b0ecb1fd7aa9a1de8a0242b51413	"[""TRV:276446ba01e3aa387c83b06f54fccc5ac65bdc6099157a2a828716eac9c6fd4d"",""TRV:303eafd7c2afb63e99e140c4ba2abd1de5f78f9e8ebbb3040b4531b6df568639""]"	"[""R16A-PAIR:f82795fcaba53ac0c255461d014e82b9e563362b645b4c65a58e27644e22c54c""]"	"[""R14-ASSOC-009""]"	2	1	true	BINARY_CONVERGENCE	INVALID	BINARY_REQUIRES_EXACTLY_THREE_NODES_TWO_EDGES		R16A-ENUM-0050	e0dbafa926ae4412adaca33883ad7fc995e18de166c839817820f2b99f2f52bd	LINEAR_PATH	1	0	0	0	false
R16A-SUBGRAPH-DA88A78578BD92B43923	da88a78578bd92b439239633d0df6e96d9e5b0ecb1fd7aa9a1de8a0242b51413	"[""TRV:276446ba01e3aa387c83b06f54fccc5ac65bdc6099157a2a828716eac9c6fd4d"",""TRV:303eafd7c2afb63e99e140c4ba2abd1de5f78f9e8ebbb3040b4531b6df568639""]"	"[""R16A-PAIR:f82795fcaba53ac0c255461d014e82b9e563362b645b4c65a58e27644e22c54c""]"	"[""R14-ASSOC-009""]"	2	1	true	QUALIFIED_PATH	INVALID	NO_EXPLICIT_GOVERNED_QUALIFICATION_GATE		R16A-ENUM-0050	e0dbafa926ae4412adaca33883ad7fc995e18de166c839817820f2b99f2f52bd	LINEAR_PATH	1	0	0	0	false
R16A-SUBGRAPH-DA88A78578BD92B43923	da88a78578bd92b439239633d0df6e96d9e5b0ecb1fd7aa9a1de8a0242b51413	"[""TRV:276446ba01e3aa387c83b06f54fccc5ac65bdc6099157a2a828716eac9c6fd4d"",""TRV:303eafd7c2afb63e99e140c4ba2abd1de5f78f9e8ebbb3040b4531b6df568639""]"	"[""R16A-PAIR:f82795fcaba53ac0c255461d014e82b9e563362b645b4c65a58e27644e22c54c""]"	"[""R14-ASSOC-009""]"	2	1	true	REFLEXIVE_RETURN	INVALID	NO_EXPLICIT_GOVERNED_NAVIGATION_RETURN		R16A-ENUM-0050	e0dbafa926ae4412adaca33883ad7fc995e18de166c839817820f2b99f2f52bd	LINEAR_PATH	1	0	0	0	false
R16A-SUBGRAPH-DA88A78578BD92B43923	da88a78578bd92b439239633d0df6e96d9e5b0ecb1fd7aa9a1de8a0242b51413	"[""TRV:276446ba01e3aa387c83b06f54fccc5ac65bdc6099157a2a828716eac9c6fd4d"",""TRV:303eafd7c2afb63e99e140c4ba2abd1de5f78f9e8ebbb3040b4531b6df568639""]"	"[""R16A-PAIR:f82795fcaba53ac0c255461d014e82b9e563362b645b4c65a58e27644e22c54c""]"	"[""R14-ASSOC-009""]"	2	1	true	EVIDENCE_GAP_TREE	INVALID	NO_EXPLICIT_GOVERNED_EVIDENCE_GAP_NODE		R16A-ENUM-0050	e0dbafa926ae4412adaca33883ad7fc995e18de166c839817820f2b99f2f52bd	LINEAR_PATH	1	0	0	0	false
R16A-SUBGRAPH-DE7B402C24AAB93C037C	de7b402c24aab93c037c302a59d1b5a396511c3166134cf4563b6b8b70e04900	"[""TRV:276446ba01e3aa387c83b06f54fccc5ac65bdc6099157a2a828716eac9c6fd4d"",""TRV:303eafd7c2afb63e99e140c4ba2abd1de5f78f9e8ebbb3040b4531b6df568639"",""TRV:83a2bff84b1d599d9eed884a09666501c96224a0b3b7457699ef0be145e76e73"",""TRV:c82d3d4865e41e2a263ff0427c4df2b8e3e43a85c835404d033d764468b3ba55""]"	"[""R16A-PAIR:2ea00c84f44e9da21aae78f742f5cf6cba09fee7e94d77ff3420dc07dd64cbb5"",""R16A-PAIR:5841a12151ac0ce714f0b8e279e939bed009b3f2be71086cde6033cbbd11b4ea"",""R16A-PAIR:db9e8b1d1d7e17983872e3600cd1a3ce5ae7f3c907ae70bdeafcbd0b2c6a0460"",""R16A-PAIR:f82795fcaba53ac0c255461d014e82b9e563362b645b4c65a58e27644e22c54c""]"	"[""R14-ASSOC-005"",""R14-ASSOC-006"",""R14-ASSOC-008"",""R14-ASSOC-009""]"	4	4	false	LINEAR_PATH	INVALID	NOT_A_CONNECTED_LINEAR_TREE		R16A-ENUM-0051	d70b5b09be467bf9eaa70b6b1983c2d3f6d980c114a902c28c0ea42685d17170	UNRESOLVED	3	1	1	1	false
R16A-SUBGRAPH-DE7B402C24AAB93C037C	de7b402c24aab93c037c302a59d1b5a396511c3166134cf4563b6b8b70e04900	"[""TRV:276446ba01e3aa387c83b06f54fccc5ac65bdc6099157a2a828716eac9c6fd4d"",""TRV:303eafd7c2afb63e99e140c4ba2abd1de5f78f9e8ebbb3040b4531b6df568639"",""TRV:83a2bff84b1d599d9eed884a09666501c96224a0b3b7457699ef0be145e76e73"",""TRV:c82d3d4865e41e2a263ff0427c4df2b8e3e43a85c835404d033d764468b3ba55""]"	"[""R16A-PAIR:2ea00c84f44e9da21aae78f742f5cf6cba09fee7e94d77ff3420dc07dd64cbb5"",""R16A-PAIR:5841a12151ac0ce714f0b8e279e939bed009b3f2be71086cde6033cbbd11b4ea"",""R16A-PAIR:db9e8b1d1d7e17983872e3600cd1a3ce5ae7f3c907ae70bdeafcbd0b2c6a0460"",""R16A-PAIR:f82795fcaba53ac0c255461d014e82b9e563362b645b4c65a58e27644e22c54c""]"	"[""R14-ASSOC-005"",""R14-ASSOC-006"",""R14-ASSOC-008"",""R14-ASSOC-009""]"	4	4	false	BINARY_FORK	INVALID	BINARY_REQUIRES_EXACTLY_THREE_NODES_TWO_EDGES		R16A-ENUM-0051	d70b5b09be467bf9eaa70b6b1983c2d3f6d980c114a902c28c0ea42685d17170	UNRESOLVED	3	1	1	1	false
R16A-SUBGRAPH-DE7B402C24AAB93C037C	de7b402c24aab93c037c302a59d1b5a396511c3166134cf4563b6b8b70e04900	"[""TRV:276446ba01e3aa387c83b06f54fccc5ac65bdc6099157a2a828716eac9c6fd4d"",""TRV:303eafd7c2afb63e99e140c4ba2abd1de5f78f9e8ebbb3040b4531b6df568639"",""TRV:83a2bff84b1d599d9eed884a09666501c96224a0b3b7457699ef0be145e76e73"",""TRV:c82d3d4865e41e2a263ff0427c4df2b8e3e43a85c835404d033d764468b3ba55""]"	"[""R16A-PAIR:2ea00c84f44e9da21aae78f742f5cf6cba09fee7e94d77ff3420dc07dd64cbb5"",""R16A-PAIR:5841a12151ac0ce714f0b8e279e939bed009b3f2be71086cde6033cbbd11b4ea"",""R16A-PAIR:db9e8b1d1d7e17983872e3600cd1a3ce5ae7f3c907ae70bdeafcbd0b2c6a0460"",""R16A-PAIR:f82795fcaba53ac0c255461d014e82b9e563362b645b4c65a58e27644e22c54c""]"	"[""R14-ASSOC-005"",""R14-ASSOC-006"",""R14-ASSOC-008"",""R14-ASSOC-009""]"	4	4	false	BINARY_CONVERGENCE	INVALID	BINARY_REQUIRES_EXACTLY_THREE_NODES_TWO_EDGES		R16A-ENUM-0051	d70b5b09be467bf9eaa70b6b1983c2d3f6d980c114a902c28c0ea42685d17170	UNRESOLVED	3	1	1	1	false
R16A-SUBGRAPH-DE7B402C24AAB93C037C	de7b402c24aab93c037c302a59d1b5a396511c3166134cf4563b6b8b70e04900	"[""TRV:276446ba01e3aa387c83b06f54fccc5ac65bdc6099157a2a828716eac9c6fd4d"",""TRV:303eafd7c2afb63e99e140c4ba2abd1de5f78f9e8ebbb3040b4531b6df568639"",""TRV:83a2bff84b1d599d9eed884a09666501c96224a0b3b7457699ef0be145e76e73"",""TRV:c82d3d4865e41e2a263ff0427c4df2b8e3e43a85c835404d033d764468b3ba55""]"	"[""R16A-PAIR:2ea00c84f44e9da21aae78f742f5cf6cba09fee7e94d77ff3420dc07dd64cbb5"",""R16A-PAIR:5841a12151ac0ce714f0b8e279e939bed009b3f2be71086cde6033cbbd11b4ea"",""R16A-PAIR:db9e8b1d1d7e17983872e3600cd1a3ce5ae7f3c907ae70bdeafcbd0b2c6a0460"",""R16A-PAIR:f82795fcaba53ac0c255461d014e82b9e563362b645b4c65a58e27644e22c54c""]"	"[""R14-ASSOC-005"",""R14-ASSOC-006"",""R14-ASSOC-008"",""R14-ASSOC-009""]"	4	4	false	QUALIFIED_PATH	INVALID	NO_EXPLICIT_GOVERNED_QUALIFICATION_GATE		R16A-ENUM-0051	d70b5b09be467bf9eaa70b6b1983c2d3f6d980c114a902c28c0ea42685d17170	UNRESOLVED	3	1	1	1	false
R16A-SUBGRAPH-DE7B402C24AAB93C037C	de7b402c24aab93c037c302a59d1b5a396511c3166134cf4563b6b8b70e04900	"[""TRV:276446ba01e3aa387c83b06f54fccc5ac65bdc6099157a2a828716eac9c6fd4d"",""TRV:303eafd7c2afb63e99e140c4ba2abd1de5f78f9e8ebbb3040b4531b6df568639"",""TRV:83a2bff84b1d599d9eed884a09666501c96224a0b3b7457699ef0be145e76e73"",""TRV:c82d3d4865e41e2a263ff0427c4df2b8e3e43a85c835404d033d764468b3ba55""]"	"[""R16A-PAIR:2ea00c84f44e9da21aae78f742f5cf6cba09fee7e94d77ff3420dc07dd64cbb5"",""R16A-PAIR:5841a12151ac0ce714f0b8e279e939bed009b3f2be71086cde6033cbbd11b4ea"",""R16A-PAIR:db9e8b1d1d7e17983872e3600cd1a3ce5ae7f3c907ae70bdeafcbd0b2c6a0460"",""R16A-PAIR:f82795fcaba53ac0c255461d014e82b9e563362b645b4c65a58e27644e22c54c""]"	"[""R14-ASSOC-005"",""R14-ASSOC-006"",""R14-ASSOC-008"",""R14-ASSOC-009""]"	4	4	false	REFLEXIVE_RETURN	INVALID	NO_EXPLICIT_GOVERNED_NAVIGATION_RETURN		R16A-ENUM-0051	d70b5b09be467bf9eaa70b6b1983c2d3f6d980c114a902c28c0ea42685d17170	UNRESOLVED	3	1	1	1	false
R16A-SUBGRAPH-DE7B402C24AAB93C037C	de7b402c24aab93c037c302a59d1b5a396511c3166134cf4563b6b8b70e04900	"[""TRV:276446ba01e3aa387c83b06f54fccc5ac65bdc6099157a2a828716eac9c6fd4d"",""TRV:303eafd7c2afb63e99e140c4ba2abd1de5f78f9e8ebbb3040b4531b6df568639"",""TRV:83a2bff84b1d599d9eed884a09666501c96224a0b3b7457699ef0be145e76e73"",""TRV:c82d3d4865e41e2a263ff0427c4df2b8e3e43a85c835404d033d764468b3ba55""]"	"[""R16A-PAIR:2ea00c84f44e9da21aae78f742f5cf6cba09fee7e94d77ff3420dc07dd64cbb5"",""R16A-PAIR:5841a12151ac0ce714f0b8e279e939bed009b3f2be71086cde6033cbbd11b4ea"",""R16A-PAIR:db9e8b1d1d7e17983872e3600cd1a3ce5ae7f3c907ae70bdeafcbd0b2c6a0460"",""R16A-PAIR:f82795fcaba53ac0c255461d014e82b9e563362b645b4c65a58e27644e22c54c""]"	"[""R14-ASSOC-005"",""R14-ASSOC-006"",""R14-ASSOC-008"",""R14-ASSOC-009""]"	4	4	false	EVIDENCE_GAP_TREE	INVALID	NO_EXPLICIT_GOVERNED_EVIDENCE_GAP_NODE		R16A-ENUM-0051	d70b5b09be467bf9eaa70b6b1983c2d3f6d980c114a902c28c0ea42685d17170	UNRESOLVED	3	1	1	1	false
R16A-SUBGRAPH-DFA219F50E1ECBE69535	dfa219f50e1ecbe695350e896d30fe961e516cdb4972ef644ffa818713d5b523	"[""TRV:177025b0eec6e5e441b7f637224e31440c6cc60afd1d06ced1ad993d4ac8988c"",""TRV:d366de58d3002458bfb404ee505621e926c518871a4caeffcdfb89b45f8112ef""]"	"[""R16A-PAIR:c36555188472ea5287ed70295a1b85e92e2ba9468fc703d2fe8893de3fc55a1f""]"	"[""R14-ASSOC-010""]"	2	1	true	LINEAR_PATH	VALID	CONNECTED_TREE_MAX_DEGREE_TWO	bbda548cfc4eb7b59541ffcb6f9d4f45eb9965e081817de4b9870bacfb14b1af	R16A-ENUM-0052	a278484b96011b34533f2a4a041b52db7cb9e6cd9f02704158f7a4ed7e8603e5	LINEAR_PATH	1	0	0	0	false
R16A-SUBGRAPH-DFA219F50E1ECBE69535	dfa219f50e1ecbe695350e896d30fe961e516cdb4972ef644ffa818713d5b523	"[""TRV:177025b0eec6e5e441b7f637224e31440c6cc60afd1d06ced1ad993d4ac8988c"",""TRV:d366de58d3002458bfb404ee505621e926c518871a4caeffcdfb89b45f8112ef""]"	"[""R16A-PAIR:c36555188472ea5287ed70295a1b85e92e2ba9468fc703d2fe8893de3fc55a1f""]"	"[""R14-ASSOC-010""]"	2	1	true	BINARY_FORK	INVALID	BINARY_REQUIRES_EXACTLY_THREE_NODES_TWO_EDGES		R16A-ENUM-0052	a278484b96011b34533f2a4a041b52db7cb9e6cd9f02704158f7a4ed7e8603e5	LINEAR_PATH	1	0	0	0	false
R16A-SUBGRAPH-DFA219F50E1ECBE69535	dfa219f50e1ecbe695350e896d30fe961e516cdb4972ef644ffa818713d5b523	"[""TRV:177025b0eec6e5e441b7f637224e31440c6cc60afd1d06ced1ad993d4ac8988c"",""TRV:d366de58d3002458bfb404ee505621e926c518871a4caeffcdfb89b45f8112ef""]"	"[""R16A-PAIR:c36555188472ea5287ed70295a1b85e92e2ba9468fc703d2fe8893de3fc55a1f""]"	"[""R14-ASSOC-010""]"	2	1	true	BINARY_CONVERGENCE	INVALID	BINARY_REQUIRES_EXACTLY_THREE_NODES_TWO_EDGES		R16A-ENUM-0052	a278484b96011b34533f2a4a041b52db7cb9e6cd9f02704158f7a4ed7e8603e5	LINEAR_PATH	1	0	0	0	false
R16A-SUBGRAPH-DFA219F50E1ECBE69535	dfa219f50e1ecbe695350e896d30fe961e516cdb4972ef644ffa818713d5b523	"[""TRV:177025b0eec6e5e441b7f637224e31440c6cc60afd1d06ced1ad993d4ac8988c"",""TRV:d366de58d3002458bfb404ee505621e926c518871a4caeffcdfb89b45f8112ef""]"	"[""R16A-PAIR:c36555188472ea5287ed70295a1b85e92e2ba9468fc703d2fe8893de3fc55a1f""]"	"[""R14-ASSOC-010""]"	2	1	true	QUALIFIED_PATH	INVALID	NO_EXPLICIT_GOVERNED_QUALIFICATION_GATE		R16A-ENUM-0052	a278484b96011b34533f2a4a041b52db7cb9e6cd9f02704158f7a4ed7e8603e5	LINEAR_PATH	1	0	0	0	false
R16A-SUBGRAPH-DFA219F50E1ECBE69535	dfa219f50e1ecbe695350e896d30fe961e516cdb4972ef644ffa818713d5b523	"[""TRV:177025b0eec6e5e441b7f637224e31440c6cc60afd1d06ced1ad993d4ac8988c"",""TRV:d366de58d3002458bfb404ee505621e926c518871a4caeffcdfb89b45f8112ef""]"	"[""R16A-PAIR:c36555188472ea5287ed70295a1b85e92e2ba9468fc703d2fe8893de3fc55a1f""]"	"[""R14-ASSOC-010""]"	2	1	true	REFLEXIVE_RETURN	INVALID	NO_EXPLICIT_GOVERNED_NAVIGATION_RETURN		R16A-ENUM-0052	a278484b96011b34533f2a4a041b52db7cb9e6cd9f02704158f7a4ed7e8603e5	LINEAR_PATH	1	0	0	0	false
R16A-SUBGRAPH-DFA219F50E1ECBE69535	dfa219f50e1ecbe695350e896d30fe961e516cdb4972ef644ffa818713d5b523	"[""TRV:177025b0eec6e5e441b7f637224e31440c6cc60afd1d06ced1ad993d4ac8988c"",""TRV:d366de58d3002458bfb404ee505621e926c518871a4caeffcdfb89b45f8112ef""]"	"[""R16A-PAIR:c36555188472ea5287ed70295a1b85e92e2ba9468fc703d2fe8893de3fc55a1f""]"	"[""R14-ASSOC-010""]"	2	1	true	EVIDENCE_GAP_TREE	INVALID	NO_EXPLICIT_GOVERNED_EVIDENCE_GAP_NODE		R16A-ENUM-0052	a278484b96011b34533f2a4a041b52db7cb9e6cd9f02704158f7a4ed7e8603e5	LINEAR_PATH	1	0	0	0	false
R16A-SUBGRAPH-E0919986FAC2FE26ED15	e0919986fac2fe26ed158d3d8e7c49c1f90aad26b732e617d9ce9f710ad798a3	"[""TRV:303eafd7c2afb63e99e140c4ba2abd1de5f78f9e8ebbb3040b4531b6df568639"",""TRV:83a2bff84b1d599d9eed884a09666501c96224a0b3b7457699ef0be145e76e73"",""TRV:c82d3d4865e41e2a263ff0427c4df2b8e3e43a85c835404d033d764468b3ba55""]"	"[""R16A-PAIR:2ea00c84f44e9da21aae78f742f5cf6cba09fee7e94d77ff3420dc07dd64cbb5"",""R16A-PAIR:db9e8b1d1d7e17983872e3600cd1a3ce5ae7f3c907ae70bdeafcbd0b2c6a0460""]"	"[""R14-ASSOC-005"",""R14-ASSOC-006""]"	3	2	false	LINEAR_PATH	VALID	CONNECTED_TREE_MAX_DEGREE_TWO	8777ca52318680854b323c8b873c23d3d3d6df41379bf2a02b7f1e868c8faf2a	R16A-ENUM-0053	3ba287c0c485e1dc4211b171efaed01c11791cfdb6fef50b63acb5a4a5df535c	UNRESOLVED	2	0	0	1	false
R16A-SUBGRAPH-E0919986FAC2FE26ED15	e0919986fac2fe26ed158d3d8e7c49c1f90aad26b732e617d9ce9f710ad798a3	"[""TRV:303eafd7c2afb63e99e140c4ba2abd1de5f78f9e8ebbb3040b4531b6df568639"",""TRV:83a2bff84b1d599d9eed884a09666501c96224a0b3b7457699ef0be145e76e73"",""TRV:c82d3d4865e41e2a263ff0427c4df2b8e3e43a85c835404d033d764468b3ba55""]"	"[""R16A-PAIR:2ea00c84f44e9da21aae78f742f5cf6cba09fee7e94d77ff3420dc07dd64cbb5"",""R16A-PAIR:db9e8b1d1d7e17983872e3600cd1a3ce5ae7f3c907ae70bdeafcbd0b2c6a0460""]"	"[""R14-ASSOC-005"",""R14-ASSOC-006""]"	3	2	false	BINARY_FORK	VALID	EXACT_THREE_NODE_TWO_EDGE_BINARY_SHAPE	9642c1f06ca76d0aa1f4f37ba343afb4a45ab06c4e9de9ac627906ebd2c4b0c9	R16A-ENUM-0053	3ba287c0c485e1dc4211b171efaed01c11791cfdb6fef50b63acb5a4a5df535c	UNRESOLVED	2	0	0	1	false
R16A-SUBGRAPH-E0919986FAC2FE26ED15	e0919986fac2fe26ed158d3d8e7c49c1f90aad26b732e617d9ce9f710ad798a3	"[""TRV:303eafd7c2afb63e99e140c4ba2abd1de5f78f9e8ebbb3040b4531b6df568639"",""TRV:83a2bff84b1d599d9eed884a09666501c96224a0b3b7457699ef0be145e76e73"",""TRV:c82d3d4865e41e2a263ff0427c4df2b8e3e43a85c835404d033d764468b3ba55""]"	"[""R16A-PAIR:2ea00c84f44e9da21aae78f742f5cf6cba09fee7e94d77ff3420dc07dd64cbb5"",""R16A-PAIR:db9e8b1d1d7e17983872e3600cd1a3ce5ae7f3c907ae70bdeafcbd0b2c6a0460""]"	"[""R14-ASSOC-005"",""R14-ASSOC-006""]"	3	2	false	BINARY_CONVERGENCE	VALID	EXACT_THREE_NODE_TWO_EDGE_BINARY_SHAPE	e02892b8f8833e943c761aff283c866af3d37fdc75e7cfc13fffe994f5ba0754	R16A-ENUM-0053	3ba287c0c485e1dc4211b171efaed01c11791cfdb6fef50b63acb5a4a5df535c	UNRESOLVED	2	0	0	1	false
R16A-SUBGRAPH-E0919986FAC2FE26ED15	e0919986fac2fe26ed158d3d8e7c49c1f90aad26b732e617d9ce9f710ad798a3	"[""TRV:303eafd7c2afb63e99e140c4ba2abd1de5f78f9e8ebbb3040b4531b6df568639"",""TRV:83a2bff84b1d599d9eed884a09666501c96224a0b3b7457699ef0be145e76e73"",""TRV:c82d3d4865e41e2a263ff0427c4df2b8e3e43a85c835404d033d764468b3ba55""]"	"[""R16A-PAIR:2ea00c84f44e9da21aae78f742f5cf6cba09fee7e94d77ff3420dc07dd64cbb5"",""R16A-PAIR:db9e8b1d1d7e17983872e3600cd1a3ce5ae7f3c907ae70bdeafcbd0b2c6a0460""]"	"[""R14-ASSOC-005"",""R14-ASSOC-006""]"	3	2	false	QUALIFIED_PATH	INVALID	NO_EXPLICIT_GOVERNED_QUALIFICATION_GATE		R16A-ENUM-0053	3ba287c0c485e1dc4211b171efaed01c11791cfdb6fef50b63acb5a4a5df535c	UNRESOLVED	2	0	0	1	false
R16A-SUBGRAPH-E0919986FAC2FE26ED15	e0919986fac2fe26ed158d3d8e7c49c1f90aad26b732e617d9ce9f710ad798a3	"[""TRV:303eafd7c2afb63e99e140c4ba2abd1de5f78f9e8ebbb3040b4531b6df568639"",""TRV:83a2bff84b1d599d9eed884a09666501c96224a0b3b7457699ef0be145e76e73"",""TRV:c82d3d4865e41e2a263ff0427c4df2b8e3e43a85c835404d033d764468b3ba55""]"	"[""R16A-PAIR:2ea00c84f44e9da21aae78f742f5cf6cba09fee7e94d77ff3420dc07dd64cbb5"",""R16A-PAIR:db9e8b1d1d7e17983872e3600cd1a3ce5ae7f3c907ae70bdeafcbd0b2c6a0460""]"	"[""R14-ASSOC-005"",""R14-ASSOC-006""]"	3	2	false	REFLEXIVE_RETURN	INVALID	NO_EXPLICIT_GOVERNED_NAVIGATION_RETURN		R16A-ENUM-0053	3ba287c0c485e1dc4211b171efaed01c11791cfdb6fef50b63acb5a4a5df535c	UNRESOLVED	2	0	0	1	false
R16A-SUBGRAPH-E0919986FAC2FE26ED15	e0919986fac2fe26ed158d3d8e7c49c1f90aad26b732e617d9ce9f710ad798a3	"[""TRV:303eafd7c2afb63e99e140c4ba2abd1de5f78f9e8ebbb3040b4531b6df568639"",""TRV:83a2bff84b1d599d9eed884a09666501c96224a0b3b7457699ef0be145e76e73"",""TRV:c82d3d4865e41e2a263ff0427c4df2b8e3e43a85c835404d033d764468b3ba55""]"	"[""R16A-PAIR:2ea00c84f44e9da21aae78f742f5cf6cba09fee7e94d77ff3420dc07dd64cbb5"",""R16A-PAIR:db9e8b1d1d7e17983872e3600cd1a3ce5ae7f3c907ae70bdeafcbd0b2c6a0460""]"	"[""R14-ASSOC-005"",""R14-ASSOC-006""]"	3	2	false	EVIDENCE_GAP_TREE	INVALID	NO_EXPLICIT_GOVERNED_EVIDENCE_GAP_NODE		R16A-ENUM-0053	3ba287c0c485e1dc4211b171efaed01c11791cfdb6fef50b63acb5a4a5df535c	UNRESOLVED	2	0	0	1	false
R16A-SUBGRAPH-E7175FBB08506D3EAD55	e7175fbb08506d3ead5510b8508da3c69d2194b52bd9f29e6bfb38e407323961	"[""TRV:276446ba01e3aa387c83b06f54fccc5ac65bdc6099157a2a828716eac9c6fd4d"",""TRV:303eafd7c2afb63e99e140c4ba2abd1de5f78f9e8ebbb3040b4531b6df568639"",""TRV:c82d3d4865e41e2a263ff0427c4df2b8e3e43a85c835404d033d764468b3ba55""]"	"[""R16A-PAIR:e153332b67669fdaa24f256bfcf61135e56eb2894e48481afc71ae4327c81422"",""R16A-PAIR:f82795fcaba53ac0c255461d014e82b9e563362b645b4c65a58e27644e22c54c""]"	"[""R14-ASSOC-007"",""R14-ASSOC-009""]"	3	2	false	LINEAR_PATH	VALID	CONNECTED_TREE_MAX_DEGREE_TWO	f121bca3c83a91f050e02b84571e0bdb64686bf4cb58bd206625bcf3f9a86c61	R16A-ENUM-0054	532f7d3d7cfbf0fb4c842734e194a81bb9db560056c170ac31a56138a5eedfdc	UNRESOLVED	2	0	0	1	false
R16A-SUBGRAPH-E7175FBB08506D3EAD55	e7175fbb08506d3ead5510b8508da3c69d2194b52bd9f29e6bfb38e407323961	"[""TRV:276446ba01e3aa387c83b06f54fccc5ac65bdc6099157a2a828716eac9c6fd4d"",""TRV:303eafd7c2afb63e99e140c4ba2abd1de5f78f9e8ebbb3040b4531b6df568639"",""TRV:c82d3d4865e41e2a263ff0427c4df2b8e3e43a85c835404d033d764468b3ba55""]"	"[""R16A-PAIR:e153332b67669fdaa24f256bfcf61135e56eb2894e48481afc71ae4327c81422"",""R16A-PAIR:f82795fcaba53ac0c255461d014e82b9e563362b645b4c65a58e27644e22c54c""]"	"[""R14-ASSOC-007"",""R14-ASSOC-009""]"	3	2	false	BINARY_FORK	VALID	EXACT_THREE_NODE_TWO_EDGE_BINARY_SHAPE	5c2735bd4daf1a8f6ab11807afb6be6e0c4898567cddf4b571409569e5e5c35d	R16A-ENUM-0054	532f7d3d7cfbf0fb4c842734e194a81bb9db560056c170ac31a56138a5eedfdc	UNRESOLVED	2	0	0	1	false
R16A-SUBGRAPH-E7175FBB08506D3EAD55	e7175fbb08506d3ead5510b8508da3c69d2194b52bd9f29e6bfb38e407323961	"[""TRV:276446ba01e3aa387c83b06f54fccc5ac65bdc6099157a2a828716eac9c6fd4d"",""TRV:303eafd7c2afb63e99e140c4ba2abd1de5f78f9e8ebbb3040b4531b6df568639"",""TRV:c82d3d4865e41e2a263ff0427c4df2b8e3e43a85c835404d033d764468b3ba55""]"	"[""R16A-PAIR:e153332b67669fdaa24f256bfcf61135e56eb2894e48481afc71ae4327c81422"",""R16A-PAIR:f82795fcaba53ac0c255461d014e82b9e563362b645b4c65a58e27644e22c54c""]"	"[""R14-ASSOC-007"",""R14-ASSOC-009""]"	3	2	false	BINARY_CONVERGENCE	VALID	EXACT_THREE_NODE_TWO_EDGE_BINARY_SHAPE	0e46c4d028c2dbdd76c6cdf259321707862bad59ef48fa64557e70b74f5e687c	R16A-ENUM-0054	532f7d3d7cfbf0fb4c842734e194a81bb9db560056c170ac31a56138a5eedfdc	UNRESOLVED	2	0	0	1	false
R16A-SUBGRAPH-E7175FBB08506D3EAD55	e7175fbb08506d3ead5510b8508da3c69d2194b52bd9f29e6bfb38e407323961	"[""TRV:276446ba01e3aa387c83b06f54fccc5ac65bdc6099157a2a828716eac9c6fd4d"",""TRV:303eafd7c2afb63e99e140c4ba2abd1de5f78f9e8ebbb3040b4531b6df568639"",""TRV:c82d3d4865e41e2a263ff0427c4df2b8e3e43a85c835404d033d764468b3ba55""]"	"[""R16A-PAIR:e153332b67669fdaa24f256bfcf61135e56eb2894e48481afc71ae4327c81422"",""R16A-PAIR:f82795fcaba53ac0c255461d014e82b9e563362b645b4c65a58e27644e22c54c""]"	"[""R14-ASSOC-007"",""R14-ASSOC-009""]"	3	2	false	QUALIFIED_PATH	INVALID	NO_EXPLICIT_GOVERNED_QUALIFICATION_GATE		R16A-ENUM-0054	532f7d3d7cfbf0fb4c842734e194a81bb9db560056c170ac31a56138a5eedfdc	UNRESOLVED	2	0	0	1	false
R16A-SUBGRAPH-E7175FBB08506D3EAD55	e7175fbb08506d3ead5510b8508da3c69d2194b52bd9f29e6bfb38e407323961	"[""TRV:276446ba01e3aa387c83b06f54fccc5ac65bdc6099157a2a828716eac9c6fd4d"",""TRV:303eafd7c2afb63e99e140c4ba2abd1de5f78f9e8ebbb3040b4531b6df568639"",""TRV:c82d3d4865e41e2a263ff0427c4df2b8e3e43a85c835404d033d764468b3ba55""]"	"[""R16A-PAIR:e153332b67669fdaa24f256bfcf61135e56eb2894e48481afc71ae4327c81422"",""R16A-PAIR:f82795fcaba53ac0c255461d014e82b9e563362b645b4c65a58e27644e22c54c""]"	"[""R14-ASSOC-007"",""R14-ASSOC-009""]"	3	2	false	REFLEXIVE_RETURN	INVALID	NO_EXPLICIT_GOVERNED_NAVIGATION_RETURN		R16A-ENUM-0054	532f7d3d7cfbf0fb4c842734e194a81bb9db560056c170ac31a56138a5eedfdc	UNRESOLVED	2	0	0	1	false
R16A-SUBGRAPH-E7175FBB08506D3EAD55	e7175fbb08506d3ead5510b8508da3c69d2194b52bd9f29e6bfb38e407323961	"[""TRV:276446ba01e3aa387c83b06f54fccc5ac65bdc6099157a2a828716eac9c6fd4d"",""TRV:303eafd7c2afb63e99e140c4ba2abd1de5f78f9e8ebbb3040b4531b6df568639"",""TRV:c82d3d4865e41e2a263ff0427c4df2b8e3e43a85c835404d033d764468b3ba55""]"	"[""R16A-PAIR:e153332b67669fdaa24f256bfcf61135e56eb2894e48481afc71ae4327c81422"",""R16A-PAIR:f82795fcaba53ac0c255461d014e82b9e563362b645b4c65a58e27644e22c54c""]"	"[""R14-ASSOC-007"",""R14-ASSOC-009""]"	3	2	false	EVIDENCE_GAP_TREE	INVALID	NO_EXPLICIT_GOVERNED_EVIDENCE_GAP_NODE		R16A-ENUM-0054	532f7d3d7cfbf0fb4c842734e194a81bb9db560056c170ac31a56138a5eedfdc	UNRESOLVED	2	0	0	1	false
R16A-SUBGRAPH-E7C15FA5CD45AC12C958	e7c15fa5cd45ac12c958d716338b134178edfcb15ba8610102a7162788df9794	"[""TRV:9e44dae2c5ca8dc916878b28f5ec3720e42ea22d2add139759780727e6f487ce"",""TRV:ab8e18ef4ebebeddc0b3152ce9c9006e14fc05242e3fc9ce32246ea6a9543074"",""TRV:ad8c6f6e417a6d2db992c155701ed13494624142922d58eda2e4ad0fa4672fa8""]"	"[""R16A-PAIR:27598c04934f3d33ad80dfb1aecc18d272cf86ee7fe3a726a95aae81144dfb06"",""R16A-PAIR:a364e4ea20e2f9e24e1fc980dc1ab703ae69a0fc86aa626a14e45cca0ea3bbb2""]"	"[""R14-ASSOC-002"",""R14-ASSOC-004""]"	3	2	false	LINEAR_PATH	VALID	CONNECTED_TREE_MAX_DEGREE_TWO	dca1be6c1fa5a4c9210a11ec74bace764a95f9e24ff4152578a5b1485d25b948	R16A-ENUM-0055	4d4dfcbc7bb69ccf52686df44e3300d4c52d06c02a421acd3ebcfbffde43b8eb	UNRESOLVED	2	0	0	1	false
R16A-SUBGRAPH-E7C15FA5CD45AC12C958	e7c15fa5cd45ac12c958d716338b134178edfcb15ba8610102a7162788df9794	"[""TRV:9e44dae2c5ca8dc916878b28f5ec3720e42ea22d2add139759780727e6f487ce"",""TRV:ab8e18ef4ebebeddc0b3152ce9c9006e14fc05242e3fc9ce32246ea6a9543074"",""TRV:ad8c6f6e417a6d2db992c155701ed13494624142922d58eda2e4ad0fa4672fa8""]"	"[""R16A-PAIR:27598c04934f3d33ad80dfb1aecc18d272cf86ee7fe3a726a95aae81144dfb06"",""R16A-PAIR:a364e4ea20e2f9e24e1fc980dc1ab703ae69a0fc86aa626a14e45cca0ea3bbb2""]"	"[""R14-ASSOC-002"",""R14-ASSOC-004""]"	3	2	false	BINARY_FORK	VALID	EXACT_THREE_NODE_TWO_EDGE_BINARY_SHAPE	a2467aca76f10cc08e98014462fe80e6cada194cbd4e3ceed7a75318d3bb2bdc	R16A-ENUM-0055	4d4dfcbc7bb69ccf52686df44e3300d4c52d06c02a421acd3ebcfbffde43b8eb	UNRESOLVED	2	0	0	1	false
R16A-SUBGRAPH-E7C15FA5CD45AC12C958	e7c15fa5cd45ac12c958d716338b134178edfcb15ba8610102a7162788df9794	"[""TRV:9e44dae2c5ca8dc916878b28f5ec3720e42ea22d2add139759780727e6f487ce"",""TRV:ab8e18ef4ebebeddc0b3152ce9c9006e14fc05242e3fc9ce32246ea6a9543074"",""TRV:ad8c6f6e417a6d2db992c155701ed13494624142922d58eda2e4ad0fa4672fa8""]"	"[""R16A-PAIR:27598c04934f3d33ad80dfb1aecc18d272cf86ee7fe3a726a95aae81144dfb06"",""R16A-PAIR:a364e4ea20e2f9e24e1fc980dc1ab703ae69a0fc86aa626a14e45cca0ea3bbb2""]"	"[""R14-ASSOC-002"",""R14-ASSOC-004""]"	3	2	false	BINARY_CONVERGENCE	VALID	EXACT_THREE_NODE_TWO_EDGE_BINARY_SHAPE	012c0aaf66e604cac38cdb523f1d69d2a041f5e3394ede6c8cc4dfd22b603b06	R16A-ENUM-0055	4d4dfcbc7bb69ccf52686df44e3300d4c52d06c02a421acd3ebcfbffde43b8eb	UNRESOLVED	2	0	0	1	false
R16A-SUBGRAPH-E7C15FA5CD45AC12C958	e7c15fa5cd45ac12c958d716338b134178edfcb15ba8610102a7162788df9794	"[""TRV:9e44dae2c5ca8dc916878b28f5ec3720e42ea22d2add139759780727e6f487ce"",""TRV:ab8e18ef4ebebeddc0b3152ce9c9006e14fc05242e3fc9ce32246ea6a9543074"",""TRV:ad8c6f6e417a6d2db992c155701ed13494624142922d58eda2e4ad0fa4672fa8""]"	"[""R16A-PAIR:27598c04934f3d33ad80dfb1aecc18d272cf86ee7fe3a726a95aae81144dfb06"",""R16A-PAIR:a364e4ea20e2f9e24e1fc980dc1ab703ae69a0fc86aa626a14e45cca0ea3bbb2""]"	"[""R14-ASSOC-002"",""R14-ASSOC-004""]"	3	2	false	QUALIFIED_PATH	INVALID	NO_EXPLICIT_GOVERNED_QUALIFICATION_GATE		R16A-ENUM-0055	4d4dfcbc7bb69ccf52686df44e3300d4c52d06c02a421acd3ebcfbffde43b8eb	UNRESOLVED	2	0	0	1	false
R16A-SUBGRAPH-E7C15FA5CD45AC12C958	e7c15fa5cd45ac12c958d716338b134178edfcb15ba8610102a7162788df9794	"[""TRV:9e44dae2c5ca8dc916878b28f5ec3720e42ea22d2add139759780727e6f487ce"",""TRV:ab8e18ef4ebebeddc0b3152ce9c9006e14fc05242e3fc9ce32246ea6a9543074"",""TRV:ad8c6f6e417a6d2db992c155701ed13494624142922d58eda2e4ad0fa4672fa8""]"	"[""R16A-PAIR:27598c04934f3d33ad80dfb1aecc18d272cf86ee7fe3a726a95aae81144dfb06"",""R16A-PAIR:a364e4ea20e2f9e24e1fc980dc1ab703ae69a0fc86aa626a14e45cca0ea3bbb2""]"	"[""R14-ASSOC-002"",""R14-ASSOC-004""]"	3	2	false	REFLEXIVE_RETURN	INVALID	NO_EXPLICIT_GOVERNED_NAVIGATION_RETURN		R16A-ENUM-0055	4d4dfcbc7bb69ccf52686df44e3300d4c52d06c02a421acd3ebcfbffde43b8eb	UNRESOLVED	2	0	0	1	false
R16A-SUBGRAPH-E7C15FA5CD45AC12C958	e7c15fa5cd45ac12c958d716338b134178edfcb15ba8610102a7162788df9794	"[""TRV:9e44dae2c5ca8dc916878b28f5ec3720e42ea22d2add139759780727e6f487ce"",""TRV:ab8e18ef4ebebeddc0b3152ce9c9006e14fc05242e3fc9ce32246ea6a9543074"",""TRV:ad8c6f6e417a6d2db992c155701ed13494624142922d58eda2e4ad0fa4672fa8""]"	"[""R16A-PAIR:27598c04934f3d33ad80dfb1aecc18d272cf86ee7fe3a726a95aae81144dfb06"",""R16A-PAIR:a364e4ea20e2f9e24e1fc980dc1ab703ae69a0fc86aa626a14e45cca0ea3bbb2""]"	"[""R14-ASSOC-002"",""R14-ASSOC-004""]"	3	2	false	EVIDENCE_GAP_TREE	INVALID	NO_EXPLICIT_GOVERNED_EVIDENCE_GAP_NODE		R16A-ENUM-0055	4d4dfcbc7bb69ccf52686df44e3300d4c52d06c02a421acd3ebcfbffde43b8eb	UNRESOLVED	2	0	0	1	false
R16A-SUBGRAPH-EDE74C528D9161D59276	ede74c528d9161d59276eefd674cdc70b6476b07d3705e6965548704f68c7463	"[""TRV:276446ba01e3aa387c83b06f54fccc5ac65bdc6099157a2a828716eac9c6fd4d"",""TRV:303eafd7c2afb63e99e140c4ba2abd1de5f78f9e8ebbb3040b4531b6df568639"",""TRV:83a2bff84b1d599d9eed884a09666501c96224a0b3b7457699ef0be145e76e73"",""TRV:c82d3d4865e41e2a263ff0427c4df2b8e3e43a85c835404d033d764468b3ba55""]"	"[""R16A-PAIR:2ea00c84f44e9da21aae78f742f5cf6cba09fee7e94d77ff3420dc07dd64cbb5"",""R16A-PAIR:5841a12151ac0ce714f0b8e279e939bed009b3f2be71086cde6033cbbd11b4ea"",""R16A-PAIR:db9e8b1d1d7e17983872e3600cd1a3ce5ae7f3c907ae70bdeafcbd0b2c6a0460"",""R16A-PAIR:e153332b67669fdaa24f256bfcf61135e56eb2894e48481afc71ae4327c81422"",""R16A-PAIR:f82795fcaba53ac0c255461d014e82b9e563362b645b4c65a58e27644e22c54c""]"	"[""R14-ASSOC-005"",""R14-ASSOC-006"",""R14-ASSOC-007"",""R14-ASSOC-008"",""R14-ASSOC-009""]"	4	5	true	LINEAR_PATH	INVALID	NOT_A_CONNECTED_LINEAR_TREE		R16A-ENUM-0056	9f7082cb30ca74206b9fb27de8a41ea5fd8217c8053b544e95c7711f72653e99	UNRESOLVED	3	2	1	1	false
R16A-SUBGRAPH-EDE74C528D9161D59276	ede74c528d9161d59276eefd674cdc70b6476b07d3705e6965548704f68c7463	"[""TRV:276446ba01e3aa387c83b06f54fccc5ac65bdc6099157a2a828716eac9c6fd4d"",""TRV:303eafd7c2afb63e99e140c4ba2abd1de5f78f9e8ebbb3040b4531b6df568639"",""TRV:83a2bff84b1d599d9eed884a09666501c96224a0b3b7457699ef0be145e76e73"",""TRV:c82d3d4865e41e2a263ff0427c4df2b8e3e43a85c835404d033d764468b3ba55""]"	"[""R16A-PAIR:2ea00c84f44e9da21aae78f742f5cf6cba09fee7e94d77ff3420dc07dd64cbb5"",""R16A-PAIR:5841a12151ac0ce714f0b8e279e939bed009b3f2be71086cde6033cbbd11b4ea"",""R16A-PAIR:db9e8b1d1d7e17983872e3600cd1a3ce5ae7f3c907ae70bdeafcbd0b2c6a0460"",""R16A-PAIR:e153332b67669fdaa24f256bfcf61135e56eb2894e48481afc71ae4327c81422"",""R16A-PAIR:f82795fcaba53ac0c255461d014e82b9e563362b645b4c65a58e27644e22c54c""]"	"[""R14-ASSOC-005"",""R14-ASSOC-006"",""R14-ASSOC-007"",""R14-ASSOC-008"",""R14-ASSOC-009""]"	4	5	true	BINARY_FORK	INVALID	BINARY_REQUIRES_EXACTLY_THREE_NODES_TWO_EDGES		R16A-ENUM-0056	9f7082cb30ca74206b9fb27de8a41ea5fd8217c8053b544e95c7711f72653e99	UNRESOLVED	3	2	1	1	false
R16A-SUBGRAPH-EDE74C528D9161D59276	ede74c528d9161d59276eefd674cdc70b6476b07d3705e6965548704f68c7463	"[""TRV:276446ba01e3aa387c83b06f54fccc5ac65bdc6099157a2a828716eac9c6fd4d"",""TRV:303eafd7c2afb63e99e140c4ba2abd1de5f78f9e8ebbb3040b4531b6df568639"",""TRV:83a2bff84b1d599d9eed884a09666501c96224a0b3b7457699ef0be145e76e73"",""TRV:c82d3d4865e41e2a263ff0427c4df2b8e3e43a85c835404d033d764468b3ba55""]"	"[""R16A-PAIR:2ea00c84f44e9da21aae78f742f5cf6cba09fee7e94d77ff3420dc07dd64cbb5"",""R16A-PAIR:5841a12151ac0ce714f0b8e279e939bed009b3f2be71086cde6033cbbd11b4ea"",""R16A-PAIR:db9e8b1d1d7e17983872e3600cd1a3ce5ae7f3c907ae70bdeafcbd0b2c6a0460"",""R16A-PAIR:e153332b67669fdaa24f256bfcf61135e56eb2894e48481afc71ae4327c81422"",""R16A-PAIR:f82795fcaba53ac0c255461d014e82b9e563362b645b4c65a58e27644e22c54c""]"	"[""R14-ASSOC-005"",""R14-ASSOC-006"",""R14-ASSOC-007"",""R14-ASSOC-008"",""R14-ASSOC-009""]"	4	5	true	BINARY_CONVERGENCE	INVALID	BINARY_REQUIRES_EXACTLY_THREE_NODES_TWO_EDGES		R16A-ENUM-0056	9f7082cb30ca74206b9fb27de8a41ea5fd8217c8053b544e95c7711f72653e99	UNRESOLVED	3	2	1	1	false
R16A-SUBGRAPH-EDE74C528D9161D59276	ede74c528d9161d59276eefd674cdc70b6476b07d3705e6965548704f68c7463	"[""TRV:276446ba01e3aa387c83b06f54fccc5ac65bdc6099157a2a828716eac9c6fd4d"",""TRV:303eafd7c2afb63e99e140c4ba2abd1de5f78f9e8ebbb3040b4531b6df568639"",""TRV:83a2bff84b1d599d9eed884a09666501c96224a0b3b7457699ef0be145e76e73"",""TRV:c82d3d4865e41e2a263ff0427c4df2b8e3e43a85c835404d033d764468b3ba55""]"	"[""R16A-PAIR:2ea00c84f44e9da21aae78f742f5cf6cba09fee7e94d77ff3420dc07dd64cbb5"",""R16A-PAIR:5841a12151ac0ce714f0b8e279e939bed009b3f2be71086cde6033cbbd11b4ea"",""R16A-PAIR:db9e8b1d1d7e17983872e3600cd1a3ce5ae7f3c907ae70bdeafcbd0b2c6a0460"",""R16A-PAIR:e153332b67669fdaa24f256bfcf61135e56eb2894e48481afc71ae4327c81422"",""R16A-PAIR:f82795fcaba53ac0c255461d014e82b9e563362b645b4c65a58e27644e22c54c""]"	"[""R14-ASSOC-005"",""R14-ASSOC-006"",""R14-ASSOC-007"",""R14-ASSOC-008"",""R14-ASSOC-009""]"	4	5	true	QUALIFIED_PATH	INVALID	NO_EXPLICIT_GOVERNED_QUALIFICATION_GATE		R16A-ENUM-0056	9f7082cb30ca74206b9fb27de8a41ea5fd8217c8053b544e95c7711f72653e99	UNRESOLVED	3	2	1	1	false
R16A-SUBGRAPH-EDE74C528D9161D59276	ede74c528d9161d59276eefd674cdc70b6476b07d3705e6965548704f68c7463	"[""TRV:276446ba01e3aa387c83b06f54fccc5ac65bdc6099157a2a828716eac9c6fd4d"",""TRV:303eafd7c2afb63e99e140c4ba2abd1de5f78f9e8ebbb3040b4531b6df568639"",""TRV:83a2bff84b1d599d9eed884a09666501c96224a0b3b7457699ef0be145e76e73"",""TRV:c82d3d4865e41e2a263ff0427c4df2b8e3e43a85c835404d033d764468b3ba55""]"	"[""R16A-PAIR:2ea00c84f44e9da21aae78f742f5cf6cba09fee7e94d77ff3420dc07dd64cbb5"",""R16A-PAIR:5841a12151ac0ce714f0b8e279e939bed009b3f2be71086cde6033cbbd11b4ea"",""R16A-PAIR:db9e8b1d1d7e17983872e3600cd1a3ce5ae7f3c907ae70bdeafcbd0b2c6a0460"",""R16A-PAIR:e153332b67669fdaa24f256bfcf61135e56eb2894e48481afc71ae4327c81422"",""R16A-PAIR:f82795fcaba53ac0c255461d014e82b9e563362b645b4c65a58e27644e22c54c""]"	"[""R14-ASSOC-005"",""R14-ASSOC-006"",""R14-ASSOC-007"",""R14-ASSOC-008"",""R14-ASSOC-009""]"	4	5	true	REFLEXIVE_RETURN	INVALID	NO_EXPLICIT_GOVERNED_NAVIGATION_RETURN		R16A-ENUM-0056	9f7082cb30ca74206b9fb27de8a41ea5fd8217c8053b544e95c7711f72653e99	UNRESOLVED	3	2	1	1	false
R16A-SUBGRAPH-EDE74C528D9161D59276	ede74c528d9161d59276eefd674cdc70b6476b07d3705e6965548704f68c7463	"[""TRV:276446ba01e3aa387c83b06f54fccc5ac65bdc6099157a2a828716eac9c6fd4d"",""TRV:303eafd7c2afb63e99e140c4ba2abd1de5f78f9e8ebbb3040b4531b6df568639"",""TRV:83a2bff84b1d599d9eed884a09666501c96224a0b3b7457699ef0be145e76e73"",""TRV:c82d3d4865e41e2a263ff0427c4df2b8e3e43a85c835404d033d764468b3ba55""]"	"[""R16A-PAIR:2ea00c84f44e9da21aae78f742f5cf6cba09fee7e94d77ff3420dc07dd64cbb5"",""R16A-PAIR:5841a12151ac0ce714f0b8e279e939bed009b3f2be71086cde6033cbbd11b4ea"",""R16A-PAIR:db9e8b1d1d7e17983872e3600cd1a3ce5ae7f3c907ae70bdeafcbd0b2c6a0460"",""R16A-PAIR:e153332b67669fdaa24f256bfcf61135e56eb2894e48481afc71ae4327c81422"",""R16A-PAIR:f82795fcaba53ac0c255461d014e82b9e563362b645b4c65a58e27644e22c54c""]"	"[""R14-ASSOC-005"",""R14-ASSOC-006"",""R14-ASSOC-007"",""R14-ASSOC-008"",""R14-ASSOC-009""]"	4	5	true	EVIDENCE_GAP_TREE	INVALID	NO_EXPLICIT_GOVERNED_EVIDENCE_GAP_NODE		R16A-ENUM-0056	9f7082cb30ca74206b9fb27de8a41ea5fd8217c8053b544e95c7711f72653e99	UNRESOLVED	3	2	1	1	false
R16A-SUBGRAPH-F7CE9082FC65E34BBED8	f7ce9082fc65e34bbed848afa166776d3095b048afaa8dbdf200b0036661cee2	"[""TRV:276446ba01e3aa387c83b06f54fccc5ac65bdc6099157a2a828716eac9c6fd4d"",""TRV:303eafd7c2afb63e99e140c4ba2abd1de5f78f9e8ebbb3040b4531b6df568639"",""TRV:83a2bff84b1d599d9eed884a09666501c96224a0b3b7457699ef0be145e76e73"",""TRV:c82d3d4865e41e2a263ff0427c4df2b8e3e43a85c835404d033d764468b3ba55""]"	"[""R16A-PAIR:5841a12151ac0ce714f0b8e279e939bed009b3f2be71086cde6033cbbd11b4ea"",""R16A-PAIR:db9e8b1d1d7e17983872e3600cd1a3ce5ae7f3c907ae70bdeafcbd0b2c6a0460"",""R16A-PAIR:f82795fcaba53ac0c255461d014e82b9e563362b645b4c65a58e27644e22c54c""]"	"[""R14-ASSOC-005"",""R14-ASSOC-008"",""R14-ASSOC-009""]"	4	3	false	LINEAR_PATH	VALID	CONNECTED_TREE_MAX_DEGREE_TWO	a355f81b3cce64f6ce4078b1a44f249b4083ff889eacc095d24531ee972e0a69	R16A-ENUM-0057	3fcf5a9db6b2cf23dd9a4e9c729d7bd82eff208b1fc366efb848280700bcc854	LINEAR_PATH	3	0	0	0	false
R16A-SUBGRAPH-F7CE9082FC65E34BBED8	f7ce9082fc65e34bbed848afa166776d3095b048afaa8dbdf200b0036661cee2	"[""TRV:276446ba01e3aa387c83b06f54fccc5ac65bdc6099157a2a828716eac9c6fd4d"",""TRV:303eafd7c2afb63e99e140c4ba2abd1de5f78f9e8ebbb3040b4531b6df568639"",""TRV:83a2bff84b1d599d9eed884a09666501c96224a0b3b7457699ef0be145e76e73"",""TRV:c82d3d4865e41e2a263ff0427c4df2b8e3e43a85c835404d033d764468b3ba55""]"	"[""R16A-PAIR:5841a12151ac0ce714f0b8e279e939bed009b3f2be71086cde6033cbbd11b4ea"",""R16A-PAIR:db9e8b1d1d7e17983872e3600cd1a3ce5ae7f3c907ae70bdeafcbd0b2c6a0460"",""R16A-PAIR:f82795fcaba53ac0c255461d014e82b9e563362b645b4c65a58e27644e22c54c""]"	"[""R14-ASSOC-005"",""R14-ASSOC-008"",""R14-ASSOC-009""]"	4	3	false	BINARY_FORK	INVALID	BINARY_REQUIRES_EXACTLY_THREE_NODES_TWO_EDGES		R16A-ENUM-0057	3fcf5a9db6b2cf23dd9a4e9c729d7bd82eff208b1fc366efb848280700bcc854	LINEAR_PATH	3	0	0	0	false
R16A-SUBGRAPH-F7CE9082FC65E34BBED8	f7ce9082fc65e34bbed848afa166776d3095b048afaa8dbdf200b0036661cee2	"[""TRV:276446ba01e3aa387c83b06f54fccc5ac65bdc6099157a2a828716eac9c6fd4d"",""TRV:303eafd7c2afb63e99e140c4ba2abd1de5f78f9e8ebbb3040b4531b6df568639"",""TRV:83a2bff84b1d599d9eed884a09666501c96224a0b3b7457699ef0be145e76e73"",""TRV:c82d3d4865e41e2a263ff0427c4df2b8e3e43a85c835404d033d764468b3ba55""]"	"[""R16A-PAIR:5841a12151ac0ce714f0b8e279e939bed009b3f2be71086cde6033cbbd11b4ea"",""R16A-PAIR:db9e8b1d1d7e17983872e3600cd1a3ce5ae7f3c907ae70bdeafcbd0b2c6a0460"",""R16A-PAIR:f82795fcaba53ac0c255461d014e82b9e563362b645b4c65a58e27644e22c54c""]"	"[""R14-ASSOC-005"",""R14-ASSOC-008"",""R14-ASSOC-009""]"	4	3	false	BINARY_CONVERGENCE	INVALID	BINARY_REQUIRES_EXACTLY_THREE_NODES_TWO_EDGES		R16A-ENUM-0057	3fcf5a9db6b2cf23dd9a4e9c729d7bd82eff208b1fc366efb848280700bcc854	LINEAR_PATH	3	0	0	0	false
R16A-SUBGRAPH-F7CE9082FC65E34BBED8	f7ce9082fc65e34bbed848afa166776d3095b048afaa8dbdf200b0036661cee2	"[""TRV:276446ba01e3aa387c83b06f54fccc5ac65bdc6099157a2a828716eac9c6fd4d"",""TRV:303eafd7c2afb63e99e140c4ba2abd1de5f78f9e8ebbb3040b4531b6df568639"",""TRV:83a2bff84b1d599d9eed884a09666501c96224a0b3b7457699ef0be145e76e73"",""TRV:c82d3d4865e41e2a263ff0427c4df2b8e3e43a85c835404d033d764468b3ba55""]"	"[""R16A-PAIR:5841a12151ac0ce714f0b8e279e939bed009b3f2be71086cde6033cbbd11b4ea"",""R16A-PAIR:db9e8b1d1d7e17983872e3600cd1a3ce5ae7f3c907ae70bdeafcbd0b2c6a0460"",""R16A-PAIR:f82795fcaba53ac0c255461d014e82b9e563362b645b4c65a58e27644e22c54c""]"	"[""R14-ASSOC-005"",""R14-ASSOC-008"",""R14-ASSOC-009""]"	4	3	false	QUALIFIED_PATH	INVALID	NO_EXPLICIT_GOVERNED_QUALIFICATION_GATE		R16A-ENUM-0057	3fcf5a9db6b2cf23dd9a4e9c729d7bd82eff208b1fc366efb848280700bcc854	LINEAR_PATH	3	0	0	0	false
R16A-SUBGRAPH-F7CE9082FC65E34BBED8	f7ce9082fc65e34bbed848afa166776d3095b048afaa8dbdf200b0036661cee2	"[""TRV:276446ba01e3aa387c83b06f54fccc5ac65bdc6099157a2a828716eac9c6fd4d"",""TRV:303eafd7c2afb63e99e140c4ba2abd1de5f78f9e8ebbb3040b4531b6df568639"",""TRV:83a2bff84b1d599d9eed884a09666501c96224a0b3b7457699ef0be145e76e73"",""TRV:c82d3d4865e41e2a263ff0427c4df2b8e3e43a85c835404d033d764468b3ba55""]"	"[""R16A-PAIR:5841a12151ac0ce714f0b8e279e939bed009b3f2be71086cde6033cbbd11b4ea"",""R16A-PAIR:db9e8b1d1d7e17983872e3600cd1a3ce5ae7f3c907ae70bdeafcbd0b2c6a0460"",""R16A-PAIR:f82795fcaba53ac0c255461d014e82b9e563362b645b4c65a58e27644e22c54c""]"	"[""R14-ASSOC-005"",""R14-ASSOC-008"",""R14-ASSOC-009""]"	4	3	false	REFLEXIVE_RETURN	INVALID	NO_EXPLICIT_GOVERNED_NAVIGATION_RETURN		R16A-ENUM-0057	3fcf5a9db6b2cf23dd9a4e9c729d7bd82eff208b1fc366efb848280700bcc854	LINEAR_PATH	3	0	0	0	false
R16A-SUBGRAPH-F7CE9082FC65E34BBED8	f7ce9082fc65e34bbed848afa166776d3095b048afaa8dbdf200b0036661cee2	"[""TRV:276446ba01e3aa387c83b06f54fccc5ac65bdc6099157a2a828716eac9c6fd4d"",""TRV:303eafd7c2afb63e99e140c4ba2abd1de5f78f9e8ebbb3040b4531b6df568639"",""TRV:83a2bff84b1d599d9eed884a09666501c96224a0b3b7457699ef0be145e76e73"",""TRV:c82d3d4865e41e2a263ff0427c4df2b8e3e43a85c835404d033d764468b3ba55""]"	"[""R16A-PAIR:5841a12151ac0ce714f0b8e279e939bed009b3f2be71086cde6033cbbd11b4ea"",""R16A-PAIR:db9e8b1d1d7e17983872e3600cd1a3ce5ae7f3c907ae70bdeafcbd0b2c6a0460"",""R16A-PAIR:f82795fcaba53ac0c255461d014e82b9e563362b645b4c65a58e27644e22c54c""]"	"[""R14-ASSOC-005"",""R14-ASSOC-008"",""R14-ASSOC-009""]"	4	3	false	EVIDENCE_GAP_TREE	INVALID	NO_EXPLICIT_GOVERNED_EVIDENCE_GAP_NODE		R16A-ENUM-0057	3fcf5a9db6b2cf23dd9a4e9c729d7bd82eff208b1fc366efb848280700bcc854	LINEAR_PATH	3	0	0	0	false
R16A-SUBGRAPH-FC5650812195A5BD76D6	fc5650812195a5bd76d654f8cbec9bc79e46d60d7dbc83620351c9630d534955	"[""TRV:5660ce124250ffd0ecbcf64a7359315bd26afdb0d89c559c03a491cc2138e4ed"",""TRV:fd793986cd6d45968d3c7103e778813542e6a9979a85e9cf512450307c9f7342""]"	"[""R16A-PAIR:591aa3897c3e0e455ef4bc05b36550f3d010af9e84be8a08c199676025fdeb04""]"	"[""R14-ASSOC-015""]"	2	1	true	LINEAR_PATH	VALID	CONNECTED_TREE_MAX_DEGREE_TWO	e1333d8d6786c082790cc4272c857315a8e1b637c73005db82ee030cbde6567f	R16A-ENUM-0058	e5040bb1cb4ca4fb647c9b52bba79ce5230f794908305ec159e8a1de5c07c371	LINEAR_PATH	1	0	0	0	false
R16A-SUBGRAPH-FC5650812195A5BD76D6	fc5650812195a5bd76d654f8cbec9bc79e46d60d7dbc83620351c9630d534955	"[""TRV:5660ce124250ffd0ecbcf64a7359315bd26afdb0d89c559c03a491cc2138e4ed"",""TRV:fd793986cd6d45968d3c7103e778813542e6a9979a85e9cf512450307c9f7342""]"	"[""R16A-PAIR:591aa3897c3e0e455ef4bc05b36550f3d010af9e84be8a08c199676025fdeb04""]"	"[""R14-ASSOC-015""]"	2	1	true	BINARY_FORK	INVALID	BINARY_REQUIRES_EXACTLY_THREE_NODES_TWO_EDGES		R16A-ENUM-0058	e5040bb1cb4ca4fb647c9b52bba79ce5230f794908305ec159e8a1de5c07c371	LINEAR_PATH	1	0	0	0	false
R16A-SUBGRAPH-FC5650812195A5BD76D6	fc5650812195a5bd76d654f8cbec9bc79e46d60d7dbc83620351c9630d534955	"[""TRV:5660ce124250ffd0ecbcf64a7359315bd26afdb0d89c559c03a491cc2138e4ed"",""TRV:fd793986cd6d45968d3c7103e778813542e6a9979a85e9cf512450307c9f7342""]"	"[""R16A-PAIR:591aa3897c3e0e455ef4bc05b36550f3d010af9e84be8a08c199676025fdeb04""]"	"[""R14-ASSOC-015""]"	2	1	true	BINARY_CONVERGENCE	INVALID	BINARY_REQUIRES_EXACTLY_THREE_NODES_TWO_EDGES		R16A-ENUM-0058	e5040bb1cb4ca4fb647c9b52bba79ce5230f794908305ec159e8a1de5c07c371	LINEAR_PATH	1	0	0	0	false
R16A-SUBGRAPH-FC5650812195A5BD76D6	fc5650812195a5bd76d654f8cbec9bc79e46d60d7dbc83620351c9630d534955	"[""TRV:5660ce124250ffd0ecbcf64a7359315bd26afdb0d89c559c03a491cc2138e4ed"",""TRV:fd793986cd6d45968d3c7103e778813542e6a9979a85e9cf512450307c9f7342""]"	"[""R16A-PAIR:591aa3897c3e0e455ef4bc05b36550f3d010af9e84be8a08c199676025fdeb04""]"	"[""R14-ASSOC-015""]"	2	1	true	QUALIFIED_PATH	INVALID	NO_EXPLICIT_GOVERNED_QUALIFICATION_GATE		R16A-ENUM-0058	e5040bb1cb4ca4fb647c9b52bba79ce5230f794908305ec159e8a1de5c07c371	LINEAR_PATH	1	0	0	0	false
R16A-SUBGRAPH-FC5650812195A5BD76D6	fc5650812195a5bd76d654f8cbec9bc79e46d60d7dbc83620351c9630d534955	"[""TRV:5660ce124250ffd0ecbcf64a7359315bd26afdb0d89c559c03a491cc2138e4ed"",""TRV:fd793986cd6d45968d3c7103e778813542e6a9979a85e9cf512450307c9f7342""]"	"[""R16A-PAIR:591aa3897c3e0e455ef4bc05b36550f3d010af9e84be8a08c199676025fdeb04""]"	"[""R14-ASSOC-015""]"	2	1	true	REFLEXIVE_RETURN	INVALID	NO_EXPLICIT_GOVERNED_NAVIGATION_RETURN		R16A-ENUM-0058	e5040bb1cb4ca4fb647c9b52bba79ce5230f794908305ec159e8a1de5c07c371	LINEAR_PATH	1	0	0	0	false
R16A-SUBGRAPH-FC5650812195A5BD76D6	fc5650812195a5bd76d654f8cbec9bc79e46d60d7dbc83620351c9630d534955	"[""TRV:5660ce124250ffd0ecbcf64a7359315bd26afdb0d89c559c03a491cc2138e4ed"",""TRV:fd793986cd6d45968d3c7103e778813542e6a9979a85e9cf512450307c9f7342""]"	"[""R16A-PAIR:591aa3897c3e0e455ef4bc05b36550f3d010af9e84be8a08c199676025fdeb04""]"	"[""R14-ASSOC-015""]"	2	1	true	EVIDENCE_GAP_TREE	INVALID	NO_EXPLICIT_GOVERNED_EVIDENCE_GAP_NODE		R16A-ENUM-0058	e5040bb1cb4ca4fb647c9b52bba79ce5230f794908305ec159e8a1de5c07c371	LINEAR_PATH	1	0	0	0	false
