ordinal	pair_id	vocabulary_id_a	vocabulary_id_b	label_a	label_b	normalized_label_a	normalized_label_b	canonical_pair_key	structurally_excluded	pair_universe_hash
1	R16A-PAIR:512afb082fa5749ed840f6f64398636c16cdf16e130752d42ee1d3a876ed29cb	TRV:12c360cc0c3231a45d5841e63ee7f3377be76ee0fa28c3f4dda803186cbbc829	TRV:177025b0eec6e5e441b7f637224e31440c6cc60afd1d06ced1ad993d4ac8988c	consumer culture	supply chain	consumer culture	supply chain	TRV:12c360cc0c3231a45d5841e63ee7f3377be76ee0fa28c3f4dda803186cbbc829|TRV:177025b0eec6e5e441b7f637224e31440c6cc60afd1d06ced1ad993d4ac8988c	false	f060a55bd53f6c963bddeea330165abfd238113ea7b158c2e3614e09bebe453f
2	R16A-PAIR:d1be77b51a32e286fd9758b3d925a996ec762d4b84e8d46c829c2d631b4c1c2c	TRV:12c360cc0c3231a45d5841e63ee7f3377be76ee0fa28c3f4dda803186cbbc829	TRV:20f9f4ed48de5d0e333c767bae2d1a50022c17b7aa2d67b9a00007ee179e4a97	consumer culture	design education	consumer culture	design education	TRV:12c360cc0c3231a45d5841e63ee7f3377be76ee0fa28c3f4dda803186cbbc829|TRV:20f9f4ed48de5d0e333c767bae2d1a50022c17b7aa2d67b9a00007ee179e4a97	false	f060a55bd53f6c963bddeea330165abfd238113ea7b158c2e3614e09bebe453f
3	R16A-PAIR:375d16ae3f308f7385c7f7861fc1ce791ac17d74b0686fbeea96963298af0453	TRV:12c360cc0c3231a45d5841e63ee7f3377be76ee0fa28c3f4dda803186cbbc829	TRV:25f3aeb51f1cc784d9d0bcc166bd876f80678d5528c3e5db0e627a3991ab8fea	consumer culture	photography	consumer culture	photography	TRV:12c360cc0c3231a45d5841e63ee7f3377be76ee0fa28c3f4dda803186cbbc829|TRV:25f3aeb51f1cc784d9d0bcc166bd876f80678d5528c3e5db0e627a3991ab8fea	false	f060a55bd53f6c963bddeea330165abfd238113ea7b158c2e3614e09bebe453f
4	R16A-PAIR:b99cb1170e7b7412e507ba97848ad6583b7364bc9b9cb1724bd77cc60521a224	TRV:12c360cc0c3231a45d5841e63ee7f3377be76ee0fa28c3f4dda803186cbbc829	TRV:276446ba01e3aa387c83b06f54fccc5ac65bdc6099157a2a828716eac9c6fd4d	consumer culture	trade	consumer culture	trade	TRV:12c360cc0c3231a45d5841e63ee7f3377be76ee0fa28c3f4dda803186cbbc829|TRV:276446ba01e3aa387c83b06f54fccc5ac65bdc6099157a2a828716eac9c6fd4d	false	f060a55bd53f6c963bddeea330165abfd238113ea7b158c2e3614e09bebe453f
5	R16A-PAIR:fd1e0bad39c6a9e2ec1d51cd1e0ce2c5cb7a6cafebcff68665a52e4d2c9fb931	TRV:12c360cc0c3231a45d5841e63ee7f3377be76ee0fa28c3f4dda803186cbbc829	TRV:2fe1d615f7fb24b99fb828c5ceadcf06635e7fb6f47910f32d2daf1f6bd763f0	consumer culture	adaptation	consumer culture	adaptation	TRV:12c360cc0c3231a45d5841e63ee7f3377be76ee0fa28c3f4dda803186cbbc829|TRV:2fe1d615f7fb24b99fb828c5ceadcf06635e7fb6f47910f32d2daf1f6bd763f0	false	f060a55bd53f6c963bddeea330165abfd238113ea7b158c2e3614e09bebe453f
6	R16A-PAIR:0ab42b7a3823a04c08bfa27cd989ba4ddad3bb3a4e4fed529eb98abf341c3c08	TRV:12c360cc0c3231a45d5841e63ee7f3377be76ee0fa28c3f4dda803186cbbc829	TRV:303eafd7c2afb63e99e140c4ba2abd1de5f78f9e8ebbb3040b4531b6df568639	consumer culture	design diplomacy	consumer culture	design diplomacy	TRV:12c360cc0c3231a45d5841e63ee7f3377be76ee0fa28c3f4dda803186cbbc829|TRV:303eafd7c2afb63e99e140c4ba2abd1de5f78f9e8ebbb3040b4531b6df568639	false	f060a55bd53f6c963bddeea330165abfd238113ea7b158c2e3614e09bebe453f
7	R16A-PAIR:47b9721b10442a072759ce8410309ebaa69ef0f044e68ca75bf9fda4b5614515	TRV:12c360cc0c3231a45d5841e63ee7f3377be76ee0fa28c3f4dda803186cbbc829	TRV:355543f790a3b210ecf36c82a2738896d9574c17e963a63633febac1f2386737	consumer culture	craft	consumer culture	craft	TRV:12c360cc0c3231a45d5841e63ee7f3377be76ee0fa28c3f4dda803186cbbc829|TRV:355543f790a3b210ecf36c82a2738896d9574c17e963a63633febac1f2386737	false	f060a55bd53f6c963bddeea330165abfd238113ea7b158c2e3614e09bebe453f
8	R16A-PAIR:c91f02319b97d31b8d9b3a785453f6f9b6161e92f362208f69b39e36b8fa1432	TRV:12c360cc0c3231a45d5841e63ee7f3377be76ee0fa28c3f4dda803186cbbc829	TRV:448547bdedc22e5502256bdbd2714b8f2f4d7a5cbf8ce1dc30d21f16b18878a8	consumer culture	self-exoticization	consumer culture	self-exoticization	TRV:12c360cc0c3231a45d5841e63ee7f3377be76ee0fa28c3f4dda803186cbbc829|TRV:448547bdedc22e5502256bdbd2714b8f2f4d7a5cbf8ce1dc30d21f16b18878a8	false	f060a55bd53f6c963bddeea330165abfd238113ea7b158c2e3614e09bebe453f
9	R16A-PAIR:7eca7d97f5a18f9212fd9ccad29b93d24d63826d3508d61788d240b0c9b66ada	TRV:12c360cc0c3231a45d5841e63ee7f3377be76ee0fa28c3f4dda803186cbbc829	TRV:48047b49b975ee8880742ea2544b30e8965f1675df787e9d832f8e0c2db87630	consumer culture	typography	consumer culture	typography	TRV:12c360cc0c3231a45d5841e63ee7f3377be76ee0fa28c3f4dda803186cbbc829|TRV:48047b49b975ee8880742ea2544b30e8965f1675df787e9d832f8e0c2db87630	false	f060a55bd53f6c963bddeea330165abfd238113ea7b158c2e3614e09bebe453f
10	R16A-PAIR:fcbc3657fdfa087345f06d142e688019112d5738b82314d793cdee8a8606c40d	TRV:12c360cc0c3231a45d5841e63ee7f3377be76ee0fa28c3f4dda803186cbbc829	TRV:54d55704f5d7e2caa927feedf94edf8b9dd2ebfafc4b0aa68875bcbcbabaaa79	consumer culture	institutionalization	consumer culture	institutionalization	TRV:12c360cc0c3231a45d5841e63ee7f3377be76ee0fa28c3f4dda803186cbbc829|TRV:54d55704f5d7e2caa927feedf94edf8b9dd2ebfafc4b0aa68875bcbcbabaaa79	false	f060a55bd53f6c963bddeea330165abfd238113ea7b158c2e3614e09bebe453f
11	R16A-PAIR:601c4871b884db52115d02679acd732d12dfbf5298b167d43f925264c4a43e23	TRV:12c360cc0c3231a45d5841e63ee7f3377be76ee0fa28c3f4dda803186cbbc829	TRV:5660ce124250ffd0ecbcf64a7359315bd26afdb0d89c559c03a491cc2138e4ed	consumer culture	cultural negotiation	consumer culture	cultural negotiation	TRV:12c360cc0c3231a45d5841e63ee7f3377be76ee0fa28c3f4dda803186cbbc829|TRV:5660ce124250ffd0ecbcf64a7359315bd26afdb0d89c559c03a491cc2138e4ed	false	f060a55bd53f6c963bddeea330165abfd238113ea7b158c2e3614e09bebe453f
12	R16A-PAIR:ba848777333c4701d428bf6eacff0963e41b9d3ef726788a9530f45b03c273de	TRV:12c360cc0c3231a45d5841e63ee7f3377be76ee0fa28c3f4dda803186cbbc829	TRV:628bbc2d6553accb5320993afff75b39993c7ae9514d1f39d8a28834bfaf8170	consumer culture	gendering	consumer culture	gendering	TRV:12c360cc0c3231a45d5841e63ee7f3377be76ee0fa28c3f4dda803186cbbc829|TRV:628bbc2d6553accb5320993afff75b39993c7ae9514d1f39d8a28834bfaf8170	false	f060a55bd53f6c963bddeea330165abfd238113ea7b158c2e3614e09bebe453f
13	R16A-PAIR:dc99c43f0c0bb3ca4f9c86d23b6725f38c7a01422ec5645ff2f43f99eb334e59	TRV:12c360cc0c3231a45d5841e63ee7f3377be76ee0fa28c3f4dda803186cbbc829	TRV:68bf0109c6f8a87bfa96d1ecd9503326ba35cf4a6086988a1d2c8a20fbef00d1	consumer culture	education	consumer culture	education	TRV:12c360cc0c3231a45d5841e63ee7f3377be76ee0fa28c3f4dda803186cbbc829|TRV:68bf0109c6f8a87bfa96d1ecd9503326ba35cf4a6086988a1d2c8a20fbef00d1	false	f060a55bd53f6c963bddeea330165abfd238113ea7b158c2e3614e09bebe453f
14	R16A-PAIR:82740b2bee70808ca036b1b1090b8f40de13d4096abd1079cd96610ec51b7089	TRV:12c360cc0c3231a45d5841e63ee7f3377be76ee0fa28c3f4dda803186cbbc829	TRV:83a2bff84b1d599d9eed884a09666501c96224a0b3b7457699ef0be145e76e73	consumer culture	exhibition	consumer culture	exhibition	TRV:12c360cc0c3231a45d5841e63ee7f3377be76ee0fa28c3f4dda803186cbbc829|TRV:83a2bff84b1d599d9eed884a09666501c96224a0b3b7457699ef0be145e76e73	false	f060a55bd53f6c963bddeea330165abfd238113ea7b158c2e3614e09bebe453f
15	R16A-PAIR:76211b0df21c40f4ca25724ed0d0c64cc85faa6ebba9d3bd3d44eee5e4b95a19	TRV:12c360cc0c3231a45d5841e63ee7f3377be76ee0fa28c3f4dda803186cbbc829	TRV:9e44dae2c5ca8dc916878b28f5ec3720e42ea22d2add139759780727e6f487ce	consumer culture	mediation	consumer culture	mediation	TRV:12c360cc0c3231a45d5841e63ee7f3377be76ee0fa28c3f4dda803186cbbc829|TRV:9e44dae2c5ca8dc916878b28f5ec3720e42ea22d2add139759780727e6f487ce	false	f060a55bd53f6c963bddeea330165abfd238113ea7b158c2e3614e09bebe453f
16	R16A-PAIR:2dfe497496ed4fea19f0ff6bf7b66c675be2fbc2eb46283e06a5a0e1ef4d54d1	TRV:12c360cc0c3231a45d5841e63ee7f3377be76ee0fa28c3f4dda803186cbbc829	TRV:a7835c05c37c3352068d6c2aff509f141e085c6bc072303d3e6676035dc483d4	consumer culture	cultural transformation	consumer culture	cultural transformation	TRV:12c360cc0c3231a45d5841e63ee7f3377be76ee0fa28c3f4dda803186cbbc829|TRV:a7835c05c37c3352068d6c2aff509f141e085c6bc072303d3e6676035dc483d4	false	f060a55bd53f6c963bddeea330165abfd238113ea7b158c2e3614e09bebe453f
17	R16A-PAIR:656ce1e05f4bb0a35a9a7197442a155a5e2524168e84c3ba0906ff4e31027e56	TRV:12c360cc0c3231a45d5841e63ee7f3377be76ee0fa28c3f4dda803186cbbc829	TRV:a85f306d70c2839db5dad35765d50a5b17eec2c9d0dee0641333805efede7b28	consumer culture	mobile object	consumer culture	mobile object	TRV:12c360cc0c3231a45d5841e63ee7f3377be76ee0fa28c3f4dda803186cbbc829|TRV:a85f306d70c2839db5dad35765d50a5b17eec2c9d0dee0641333805efede7b28	false	f060a55bd53f6c963bddeea330165abfd238113ea7b158c2e3614e09bebe453f
18	R16A-PAIR:430b040777f0bff00af249e16d3c9d50cfb948421d8d8161726891731309236f	TRV:12c360cc0c3231a45d5841e63ee7f3377be76ee0fa28c3f4dda803186cbbc829	TRV:ab8e18ef4ebebeddc0b3152ce9c9006e14fc05242e3fc9ce32246ea6a9543074	consumer culture	production	consumer culture	production	TRV:12c360cc0c3231a45d5841e63ee7f3377be76ee0fa28c3f4dda803186cbbc829|TRV:ab8e18ef4ebebeddc0b3152ce9c9006e14fc05242e3fc9ce32246ea6a9543074	false	f060a55bd53f6c963bddeea330165abfd238113ea7b158c2e3614e09bebe453f
19	R16A-PAIR:f75f7d21422caa87c18be45501b1d743a7233117b3125b33d699e42100f126cc	TRV:12c360cc0c3231a45d5841e63ee7f3377be76ee0fa28c3f4dda803186cbbc829	TRV:ad8c6f6e417a6d2db992c155701ed13494624142922d58eda2e4ad0fa4672fa8	consumer culture	consumption	consumer culture	consumption	TRV:12c360cc0c3231a45d5841e63ee7f3377be76ee0fa28c3f4dda803186cbbc829|TRV:ad8c6f6e417a6d2db992c155701ed13494624142922d58eda2e4ad0fa4672fa8	false	f060a55bd53f6c963bddeea330165abfd238113ea7b158c2e3614e09bebe453f
20	R16A-PAIR:7b92238e56778f5f91fe866af9a82ba83a4fdd6883b1b8d67bc0b809ce15107c	TRV:12c360cc0c3231a45d5841e63ee7f3377be76ee0fa28c3f4dda803186cbbc829	TRV:b1195fbfc5f343ebd84eb46acece15907e639a564f04af5d04d58c70e127a14b	consumer culture	professionalization	consumer culture	professionalization	TRV:12c360cc0c3231a45d5841e63ee7f3377be76ee0fa28c3f4dda803186cbbc829|TRV:b1195fbfc5f343ebd84eb46acece15907e639a564f04af5d04d58c70e127a14b	false	f060a55bd53f6c963bddeea330165abfd238113ea7b158c2e3614e09bebe453f
21	R16A-PAIR:68dddaf826f6b33f2b9c27fec07c9c39104e138d6cceda9201c62c864a494e25	TRV:12c360cc0c3231a45d5841e63ee7f3377be76ee0fa28c3f4dda803186cbbc829	TRV:b57559d1d19ef1967b6015fa23577c3fac4b79ae3ca54ef4eb760e18300875a3	consumer culture	commodification	consumer culture	commodification	TRV:12c360cc0c3231a45d5841e63ee7f3377be76ee0fa28c3f4dda803186cbbc829|TRV:b57559d1d19ef1967b6015fa23577c3fac4b79ae3ca54ef4eb760e18300875a3	false	f060a55bd53f6c963bddeea330165abfd238113ea7b158c2e3614e09bebe453f
22	R16A-PAIR:b44cd30a985bce693685ec7e6ddbec6d084068f9646ca21a83a4992951af9fe4	TRV:12c360cc0c3231a45d5841e63ee7f3377be76ee0fa28c3f4dda803186cbbc829	TRV:be33e16d8f585c08bb0efe6f0df92659a22d534298639f5318d2a2580546fdcc	consumer culture	production site	consumer culture	production site	TRV:12c360cc0c3231a45d5841e63ee7f3377be76ee0fa28c3f4dda803186cbbc829|TRV:be33e16d8f585c08bb0efe6f0df92659a22d534298639f5318d2a2580546fdcc	false	f060a55bd53f6c963bddeea330165abfd238113ea7b158c2e3614e09bebe453f
23	R16A-PAIR:3792664875b60650e12e1cb945e9b55574bd8083bded50c7ed177306e62d6c87	TRV:12c360cc0c3231a45d5841e63ee7f3377be76ee0fa28c3f4dda803186cbbc829	TRV:c460d6a56db8d84e6ee3a5c96c4a72ce1170116cab3ad0659544494547ecae77	consumer culture	piracy	consumer culture	piracy	TRV:12c360cc0c3231a45d5841e63ee7f3377be76ee0fa28c3f4dda803186cbbc829|TRV:c460d6a56db8d84e6ee3a5c96c4a72ce1170116cab3ad0659544494547ecae77	false	f060a55bd53f6c963bddeea330165abfd238113ea7b158c2e3614e09bebe453f
24	R16A-PAIR:6feaa6790e3450794f0b2f5e47a8d4ebf84f43cb907f3b63cc428127099a2cc6	TRV:12c360cc0c3231a45d5841e63ee7f3377be76ee0fa28c3f4dda803186cbbc829	TRV:c76c09a3f32430db9b00d1c47eaf288d54331355f666dfcb11e4f4ef3a965212	consumer culture	cultural transfer	consumer culture	cultural transfer	TRV:12c360cc0c3231a45d5841e63ee7f3377be76ee0fa28c3f4dda803186cbbc829|TRV:c76c09a3f32430db9b00d1c47eaf288d54331355f666dfcb11e4f4ef3a965212	false	f060a55bd53f6c963bddeea330165abfd238113ea7b158c2e3614e09bebe453f
25	R16A-PAIR:dfff663c8edc2e739b856e88ae00536b66e1892ae0af031f0cfb85eeda292e11	TRV:12c360cc0c3231a45d5841e63ee7f3377be76ee0fa28c3f4dda803186cbbc829	TRV:c82d3d4865e41e2a263ff0427c4df2b8e3e43a85c835404d033d764468b3ba55	consumer culture	propaganda	consumer culture	propaganda	TRV:12c360cc0c3231a45d5841e63ee7f3377be76ee0fa28c3f4dda803186cbbc829|TRV:c82d3d4865e41e2a263ff0427c4df2b8e3e43a85c835404d033d764468b3ba55	false	f060a55bd53f6c963bddeea330165abfd238113ea7b158c2e3614e09bebe453f
26	R16A-PAIR:2f2ea4ddf1a964b76fab37c87c58dcc09f56dedf86f676fc6d2c6b17d3100ca0	TRV:12c360cc0c3231a45d5841e63ee7f3377be76ee0fa28c3f4dda803186cbbc829	TRV:d27a4a1080657098835b014b8f47529c5be746cb60b043fb2400fec1a6948185	consumer culture	advertising	consumer culture	advertising	TRV:12c360cc0c3231a45d5841e63ee7f3377be76ee0fa28c3f4dda803186cbbc829|TRV:d27a4a1080657098835b014b8f47529c5be746cb60b043fb2400fec1a6948185	false	f060a55bd53f6c963bddeea330165abfd238113ea7b158c2e3614e09bebe453f
27	R16A-PAIR:0a517802bed526dd5523a0af511ca3a3a980d7c35567c502e483a595728605b4	TRV:12c360cc0c3231a45d5841e63ee7f3377be76ee0fa28c3f4dda803186cbbc829	TRV:d366de58d3002458bfb404ee505621e926c518871a4caeffcdfb89b45f8112ef	consumer culture	material displacement	consumer culture	material displacement	TRV:12c360cc0c3231a45d5841e63ee7f3377be76ee0fa28c3f4dda803186cbbc829|TRV:d366de58d3002458bfb404ee505621e926c518871a4caeffcdfb89b45f8112ef	false	f060a55bd53f6c963bddeea330165abfd238113ea7b158c2e3614e09bebe453f
28	R16A-PAIR:4dc7f9f1de747f21547a2da34bfd2f8835cf1c1374d8af1fba9fa26bd898919e	TRV:12c360cc0c3231a45d5841e63ee7f3377be76ee0fa28c3f4dda803186cbbc829	TRV:e581bd8a1b6363a295216bc7c9f8d958e26ef7406beab6becbf90ff8e2680bd5	consumer culture	canonization	consumer culture	canonization	TRV:12c360cc0c3231a45d5841e63ee7f3377be76ee0fa28c3f4dda803186cbbc829|TRV:e581bd8a1b6363a295216bc7c9f8d958e26ef7406beab6becbf90ff8e2680bd5	false	f060a55bd53f6c963bddeea330165abfd238113ea7b158c2e3614e09bebe453f
29	R16A-PAIR:0d641ed01d98495f2f9a948b087ea3a578f57185b55d19a787a0580a315b38e1	TRV:12c360cc0c3231a45d5841e63ee7f3377be76ee0fa28c3f4dda803186cbbc829	TRV:f921321aaedb0bb53398796772f843dc4a5963edfba778ee3a6bd9f592e21795	consumer culture	imitation	consumer culture	imitation	TRV:12c360cc0c3231a45d5841e63ee7f3377be76ee0fa28c3f4dda803186cbbc829|TRV:f921321aaedb0bb53398796772f843dc4a5963edfba778ee3a6bd9f592e21795	false	f060a55bd53f6c963bddeea330165abfd238113ea7b158c2e3614e09bebe453f
30	R16A-PAIR:e8d9b82dd805d7346674d4a5eb2a2ade3121496a0f11ae9bc236632102a1e416	TRV:12c360cc0c3231a45d5841e63ee7f3377be76ee0fa28c3f4dda803186cbbc829	TRV:fd793986cd6d45968d3c7103e778813542e6a9979a85e9cf512450307c9f7342	consumer culture	rejection	consumer culture	rejection	TRV:12c360cc0c3231a45d5841e63ee7f3377be76ee0fa28c3f4dda803186cbbc829|TRV:fd793986cd6d45968d3c7103e778813542e6a9979a85e9cf512450307c9f7342	false	f060a55bd53f6c963bddeea330165abfd238113ea7b158c2e3614e09bebe453f
31	R16A-PAIR:281560a5a2da8170ffcf85638e22528cf6a3452d9a1cdd58c692ca5e87292714	TRV:177025b0eec6e5e441b7f637224e31440c6cc60afd1d06ced1ad993d4ac8988c	TRV:20f9f4ed48de5d0e333c767bae2d1a50022c17b7aa2d67b9a00007ee179e4a97	supply chain	design education	supply chain	design education	TRV:177025b0eec6e5e441b7f637224e31440c6cc60afd1d06ced1ad993d4ac8988c|TRV:20f9f4ed48de5d0e333c767bae2d1a50022c17b7aa2d67b9a00007ee179e4a97	false	f060a55bd53f6c963bddeea330165abfd238113ea7b158c2e3614e09bebe453f
32	R16A-PAIR:6da4524d78c646cff0eafdb52daac96ddbb37a49b35a8277652e5c725f0ec26b	TRV:177025b0eec6e5e441b7f637224e31440c6cc60afd1d06ced1ad993d4ac8988c	TRV:25f3aeb51f1cc784d9d0bcc166bd876f80678d5528c3e5db0e627a3991ab8fea	supply chain	photography	supply chain	photography	TRV:177025b0eec6e5e441b7f637224e31440c6cc60afd1d06ced1ad993d4ac8988c|TRV:25f3aeb51f1cc784d9d0bcc166bd876f80678d5528c3e5db0e627a3991ab8fea	false	f060a55bd53f6c963bddeea330165abfd238113ea7b158c2e3614e09bebe453f
33	R16A-PAIR:d5c3206ec75a19936cf2b1d09cfc17476ecf965e732ef4e1d070a6a61239e9ba	TRV:177025b0eec6e5e441b7f637224e31440c6cc60afd1d06ced1ad993d4ac8988c	TRV:276446ba01e3aa387c83b06f54fccc5ac65bdc6099157a2a828716eac9c6fd4d	supply chain	trade	supply chain	trade	TRV:177025b0eec6e5e441b7f637224e31440c6cc60afd1d06ced1ad993d4ac8988c|TRV:276446ba01e3aa387c83b06f54fccc5ac65bdc6099157a2a828716eac9c6fd4d	false	f060a55bd53f6c963bddeea330165abfd238113ea7b158c2e3614e09bebe453f
34	R16A-PAIR:f8f2f51424cb9f939c0d6b4e37804ee4bd71e558cd37dc39563097cae91f7458	TRV:177025b0eec6e5e441b7f637224e31440c6cc60afd1d06ced1ad993d4ac8988c	TRV:2fe1d615f7fb24b99fb828c5ceadcf06635e7fb6f47910f32d2daf1f6bd763f0	supply chain	adaptation	supply chain	adaptation	TRV:177025b0eec6e5e441b7f637224e31440c6cc60afd1d06ced1ad993d4ac8988c|TRV:2fe1d615f7fb24b99fb828c5ceadcf06635e7fb6f47910f32d2daf1f6bd763f0	false	f060a55bd53f6c963bddeea330165abfd238113ea7b158c2e3614e09bebe453f
35	R16A-PAIR:72a55676cb9d416fd2f7244a899652e94256ef44bdaa0fe156b305f52153a702	TRV:177025b0eec6e5e441b7f637224e31440c6cc60afd1d06ced1ad993d4ac8988c	TRV:303eafd7c2afb63e99e140c4ba2abd1de5f78f9e8ebbb3040b4531b6df568639	supply chain	design diplomacy	supply chain	design diplomacy	TRV:177025b0eec6e5e441b7f637224e31440c6cc60afd1d06ced1ad993d4ac8988c|TRV:303eafd7c2afb63e99e140c4ba2abd1de5f78f9e8ebbb3040b4531b6df568639	false	f060a55bd53f6c963bddeea330165abfd238113ea7b158c2e3614e09bebe453f
36	R16A-PAIR:ccf9ae174dc6f51c8d6247f01ca34c0fd6a48b639535009b68c477d9a6f4f732	TRV:177025b0eec6e5e441b7f637224e31440c6cc60afd1d06ced1ad993d4ac8988c	TRV:355543f790a3b210ecf36c82a2738896d9574c17e963a63633febac1f2386737	supply chain	craft	supply chain	craft	TRV:177025b0eec6e5e441b7f637224e31440c6cc60afd1d06ced1ad993d4ac8988c|TRV:355543f790a3b210ecf36c82a2738896d9574c17e963a63633febac1f2386737	false	f060a55bd53f6c963bddeea330165abfd238113ea7b158c2e3614e09bebe453f
37	R16A-PAIR:43ad8b3a3aa8c43af3534e24dd00fe027b0dd36eb96afaf73663c4688848a79b	TRV:177025b0eec6e5e441b7f637224e31440c6cc60afd1d06ced1ad993d4ac8988c	TRV:448547bdedc22e5502256bdbd2714b8f2f4d7a5cbf8ce1dc30d21f16b18878a8	supply chain	self-exoticization	supply chain	self-exoticization	TRV:177025b0eec6e5e441b7f637224e31440c6cc60afd1d06ced1ad993d4ac8988c|TRV:448547bdedc22e5502256bdbd2714b8f2f4d7a5cbf8ce1dc30d21f16b18878a8	false	f060a55bd53f6c963bddeea330165abfd238113ea7b158c2e3614e09bebe453f
38	R16A-PAIR:ff6c090dc4ea6b53c3c0049e967adf3a9fe3ece4d017f2597521be22d10228d7	TRV:177025b0eec6e5e441b7f637224e31440c6cc60afd1d06ced1ad993d4ac8988c	TRV:48047b49b975ee8880742ea2544b30e8965f1675df787e9d832f8e0c2db87630	supply chain	typography	supply chain	typography	TRV:177025b0eec6e5e441b7f637224e31440c6cc60afd1d06ced1ad993d4ac8988c|TRV:48047b49b975ee8880742ea2544b30e8965f1675df787e9d832f8e0c2db87630	false	f060a55bd53f6c963bddeea330165abfd238113ea7b158c2e3614e09bebe453f
39	R16A-PAIR:cf938d05fa99737a735557f18d217466a01f62ae189fd3e80c9ca78ddb96ce14	TRV:177025b0eec6e5e441b7f637224e31440c6cc60afd1d06ced1ad993d4ac8988c	TRV:54d55704f5d7e2caa927feedf94edf8b9dd2ebfafc4b0aa68875bcbcbabaaa79	supply chain	institutionalization	supply chain	institutionalization	TRV:177025b0eec6e5e441b7f637224e31440c6cc60afd1d06ced1ad993d4ac8988c|TRV:54d55704f5d7e2caa927feedf94edf8b9dd2ebfafc4b0aa68875bcbcbabaaa79	false	f060a55bd53f6c963bddeea330165abfd238113ea7b158c2e3614e09bebe453f
40	R16A-PAIR:e31d962e90e59d9c1f76bcbd120ddc3830e40b308d6b815b1221be19930e83f3	TRV:177025b0eec6e5e441b7f637224e31440c6cc60afd1d06ced1ad993d4ac8988c	TRV:5660ce124250ffd0ecbcf64a7359315bd26afdb0d89c559c03a491cc2138e4ed	supply chain	cultural negotiation	supply chain	cultural negotiation	TRV:177025b0eec6e5e441b7f637224e31440c6cc60afd1d06ced1ad993d4ac8988c|TRV:5660ce124250ffd0ecbcf64a7359315bd26afdb0d89c559c03a491cc2138e4ed	false	f060a55bd53f6c963bddeea330165abfd238113ea7b158c2e3614e09bebe453f
41	R16A-PAIR:6cfe23ba9f5647f31e70131933d6bba575c1c9bd8baafc5c0b1720f50265daa4	TRV:177025b0eec6e5e441b7f637224e31440c6cc60afd1d06ced1ad993d4ac8988c	TRV:628bbc2d6553accb5320993afff75b39993c7ae9514d1f39d8a28834bfaf8170	supply chain	gendering	supply chain	gendering	TRV:177025b0eec6e5e441b7f637224e31440c6cc60afd1d06ced1ad993d4ac8988c|TRV:628bbc2d6553accb5320993afff75b39993c7ae9514d1f39d8a28834bfaf8170	false	f060a55bd53f6c963bddeea330165abfd238113ea7b158c2e3614e09bebe453f
42	R16A-PAIR:66a8a90665d651cd868f894dd9abab6e966dc84d7b4b6b34a6d8fbcf2260b263	TRV:177025b0eec6e5e441b7f637224e31440c6cc60afd1d06ced1ad993d4ac8988c	TRV:68bf0109c6f8a87bfa96d1ecd9503326ba35cf4a6086988a1d2c8a20fbef00d1	supply chain	education	supply chain	education	TRV:177025b0eec6e5e441b7f637224e31440c6cc60afd1d06ced1ad993d4ac8988c|TRV:68bf0109c6f8a87bfa96d1ecd9503326ba35cf4a6086988a1d2c8a20fbef00d1	false	f060a55bd53f6c963bddeea330165abfd238113ea7b158c2e3614e09bebe453f
43	R16A-PAIR:613ba94679c77dc27ca160580cec9396ff163e9b313a70d080334ecad9e7feff	TRV:177025b0eec6e5e441b7f637224e31440c6cc60afd1d06ced1ad993d4ac8988c	TRV:83a2bff84b1d599d9eed884a09666501c96224a0b3b7457699ef0be145e76e73	supply chain	exhibition	supply chain	exhibition	TRV:177025b0eec6e5e441b7f637224e31440c6cc60afd1d06ced1ad993d4ac8988c|TRV:83a2bff84b1d599d9eed884a09666501c96224a0b3b7457699ef0be145e76e73	false	f060a55bd53f6c963bddeea330165abfd238113ea7b158c2e3614e09bebe453f
44	R16A-PAIR:ef3a34fe875e6454d8a649664201fd0647a84b5a56c127ea36184805667c36cb	TRV:177025b0eec6e5e441b7f637224e31440c6cc60afd1d06ced1ad993d4ac8988c	TRV:9e44dae2c5ca8dc916878b28f5ec3720e42ea22d2add139759780727e6f487ce	supply chain	mediation	supply chain	mediation	TRV:177025b0eec6e5e441b7f637224e31440c6cc60afd1d06ced1ad993d4ac8988c|TRV:9e44dae2c5ca8dc916878b28f5ec3720e42ea22d2add139759780727e6f487ce	false	f060a55bd53f6c963bddeea330165abfd238113ea7b158c2e3614e09bebe453f
45	R16A-PAIR:40b38ff5eecb015c5ccde4959544622d545ce438b7057f329463277e3772f88d	TRV:177025b0eec6e5e441b7f637224e31440c6cc60afd1d06ced1ad993d4ac8988c	TRV:a7835c05c37c3352068d6c2aff509f141e085c6bc072303d3e6676035dc483d4	supply chain	cultural transformation	supply chain	cultural transformation	TRV:177025b0eec6e5e441b7f637224e31440c6cc60afd1d06ced1ad993d4ac8988c|TRV:a7835c05c37c3352068d6c2aff509f141e085c6bc072303d3e6676035dc483d4	false	f060a55bd53f6c963bddeea330165abfd238113ea7b158c2e3614e09bebe453f
46	R16A-PAIR:c5d67f7a8fd8297fd26a456f6a3b84c65131f7989dcd2fd5c181f9bb5fd76fe0	TRV:177025b0eec6e5e441b7f637224e31440c6cc60afd1d06ced1ad993d4ac8988c	TRV:a85f306d70c2839db5dad35765d50a5b17eec2c9d0dee0641333805efede7b28	supply chain	mobile object	supply chain	mobile object	TRV:177025b0eec6e5e441b7f637224e31440c6cc60afd1d06ced1ad993d4ac8988c|TRV:a85f306d70c2839db5dad35765d50a5b17eec2c9d0dee0641333805efede7b28	false	f060a55bd53f6c963bddeea330165abfd238113ea7b158c2e3614e09bebe453f
47	R16A-PAIR:7ebd53103267c86315e34529330e894e3589ddd68f05b5174fab38a43b986f3c	TRV:177025b0eec6e5e441b7f637224e31440c6cc60afd1d06ced1ad993d4ac8988c	TRV:ab8e18ef4ebebeddc0b3152ce9c9006e14fc05242e3fc9ce32246ea6a9543074	supply chain	production	supply chain	production	TRV:177025b0eec6e5e441b7f637224e31440c6cc60afd1d06ced1ad993d4ac8988c|TRV:ab8e18ef4ebebeddc0b3152ce9c9006e14fc05242e3fc9ce32246ea6a9543074	false	f060a55bd53f6c963bddeea330165abfd238113ea7b158c2e3614e09bebe453f
48	R16A-PAIR:dc9cf356be5a5b0e210071c79f2d2eedcc06a134f53091af6e507353167b1bd9	TRV:177025b0eec6e5e441b7f637224e31440c6cc60afd1d06ced1ad993d4ac8988c	TRV:ad8c6f6e417a6d2db992c155701ed13494624142922d58eda2e4ad0fa4672fa8	supply chain	consumption	supply chain	consumption	TRV:177025b0eec6e5e441b7f637224e31440c6cc60afd1d06ced1ad993d4ac8988c|TRV:ad8c6f6e417a6d2db992c155701ed13494624142922d58eda2e4ad0fa4672fa8	false	f060a55bd53f6c963bddeea330165abfd238113ea7b158c2e3614e09bebe453f
49	R16A-PAIR:79e82ab47bf720b0e12c9fb4e5c158facadae89666eed2370ee8dc02aabf69d6	TRV:177025b0eec6e5e441b7f637224e31440c6cc60afd1d06ced1ad993d4ac8988c	TRV:b1195fbfc5f343ebd84eb46acece15907e639a564f04af5d04d58c70e127a14b	supply chain	professionalization	supply chain	professionalization	TRV:177025b0eec6e5e441b7f637224e31440c6cc60afd1d06ced1ad993d4ac8988c|TRV:b1195fbfc5f343ebd84eb46acece15907e639a564f04af5d04d58c70e127a14b	false	f060a55bd53f6c963bddeea330165abfd238113ea7b158c2e3614e09bebe453f
50	R16A-PAIR:a89c0003edcb226f4fa9c99d9bacb8a3e7223005277f9dbe4c3a0460411bba7a	TRV:177025b0eec6e5e441b7f637224e31440c6cc60afd1d06ced1ad993d4ac8988c	TRV:b57559d1d19ef1967b6015fa23577c3fac4b79ae3ca54ef4eb760e18300875a3	supply chain	commodification	supply chain	commodification	TRV:177025b0eec6e5e441b7f637224e31440c6cc60afd1d06ced1ad993d4ac8988c|TRV:b57559d1d19ef1967b6015fa23577c3fac4b79ae3ca54ef4eb760e18300875a3	false	f060a55bd53f6c963bddeea330165abfd238113ea7b158c2e3614e09bebe453f
51	R16A-PAIR:891e0c3d300d8c4af59fbef2f00d164ee9c22df4148122c54ed84daee1dcb37e	TRV:177025b0eec6e5e441b7f637224e31440c6cc60afd1d06ced1ad993d4ac8988c	TRV:be33e16d8f585c08bb0efe6f0df92659a22d534298639f5318d2a2580546fdcc	supply chain	production site	supply chain	production site	TRV:177025b0eec6e5e441b7f637224e31440c6cc60afd1d06ced1ad993d4ac8988c|TRV:be33e16d8f585c08bb0efe6f0df92659a22d534298639f5318d2a2580546fdcc	false	f060a55bd53f6c963bddeea330165abfd238113ea7b158c2e3614e09bebe453f
52	R16A-PAIR:52929057de70e3556f59af414b4a516785a2ba2128fefa4c622aa34c5c1fcc97	TRV:177025b0eec6e5e441b7f637224e31440c6cc60afd1d06ced1ad993d4ac8988c	TRV:c460d6a56db8d84e6ee3a5c96c4a72ce1170116cab3ad0659544494547ecae77	supply chain	piracy	supply chain	piracy	TRV:177025b0eec6e5e441b7f637224e31440c6cc60afd1d06ced1ad993d4ac8988c|TRV:c460d6a56db8d84e6ee3a5c96c4a72ce1170116cab3ad0659544494547ecae77	false	f060a55bd53f6c963bddeea330165abfd238113ea7b158c2e3614e09bebe453f
53	R16A-PAIR:7c4b8f6ca069c509c134fcebcaec646437279d883a14df3edee207da59558699	TRV:177025b0eec6e5e441b7f637224e31440c6cc60afd1d06ced1ad993d4ac8988c	TRV:c76c09a3f32430db9b00d1c47eaf288d54331355f666dfcb11e4f4ef3a965212	supply chain	cultural transfer	supply chain	cultural transfer	TRV:177025b0eec6e5e441b7f637224e31440c6cc60afd1d06ced1ad993d4ac8988c|TRV:c76c09a3f32430db9b00d1c47eaf288d54331355f666dfcb11e4f4ef3a965212	false	f060a55bd53f6c963bddeea330165abfd238113ea7b158c2e3614e09bebe453f
54	R16A-PAIR:1f71df34fccdf470397ec0b47c9effbc31f543152a0dc7cad2a2c9c31b5f2fb2	TRV:177025b0eec6e5e441b7f637224e31440c6cc60afd1d06ced1ad993d4ac8988c	TRV:c82d3d4865e41e2a263ff0427c4df2b8e3e43a85c835404d033d764468b3ba55	supply chain	propaganda	supply chain	propaganda	TRV:177025b0eec6e5e441b7f637224e31440c6cc60afd1d06ced1ad993d4ac8988c|TRV:c82d3d4865e41e2a263ff0427c4df2b8e3e43a85c835404d033d764468b3ba55	false	f060a55bd53f6c963bddeea330165abfd238113ea7b158c2e3614e09bebe453f
55	R16A-PAIR:17e0897310c9dbf30f6253a9f29001dd8024b2fac34e8039c70a43b77840e909	TRV:177025b0eec6e5e441b7f637224e31440c6cc60afd1d06ced1ad993d4ac8988c	TRV:d27a4a1080657098835b014b8f47529c5be746cb60b043fb2400fec1a6948185	supply chain	advertising	supply chain	advertising	TRV:177025b0eec6e5e441b7f637224e31440c6cc60afd1d06ced1ad993d4ac8988c|TRV:d27a4a1080657098835b014b8f47529c5be746cb60b043fb2400fec1a6948185	false	f060a55bd53f6c963bddeea330165abfd238113ea7b158c2e3614e09bebe453f
56	R16A-PAIR:c36555188472ea5287ed70295a1b85e92e2ba9468fc703d2fe8893de3fc55a1f	TRV:177025b0eec6e5e441b7f637224e31440c6cc60afd1d06ced1ad993d4ac8988c	TRV:d366de58d3002458bfb404ee505621e926c518871a4caeffcdfb89b45f8112ef	supply chain	material displacement	supply chain	material displacement	TRV:177025b0eec6e5e441b7f637224e31440c6cc60afd1d06ced1ad993d4ac8988c|TRV:d366de58d3002458bfb404ee505621e926c518871a4caeffcdfb89b45f8112ef	false	f060a55bd53f6c963bddeea330165abfd238113ea7b158c2e3614e09bebe453f
57	R16A-PAIR:7a4d2398299bd38c29f3501e6e5ce7f54740225f57829bd87df9e4ad746711b1	TRV:177025b0eec6e5e441b7f637224e31440c6cc60afd1d06ced1ad993d4ac8988c	TRV:e581bd8a1b6363a295216bc7c9f8d958e26ef7406beab6becbf90ff8e2680bd5	supply chain	canonization	supply chain	canonization	TRV:177025b0eec6e5e441b7f637224e31440c6cc60afd1d06ced1ad993d4ac8988c|TRV:e581bd8a1b6363a295216bc7c9f8d958e26ef7406beab6becbf90ff8e2680bd5	false	f060a55bd53f6c963bddeea330165abfd238113ea7b158c2e3614e09bebe453f
58	R16A-PAIR:88d29cf8d1686b277e8602c09ba325dfe5665a11d19ddfccf21b082cf3743a08	TRV:177025b0eec6e5e441b7f637224e31440c6cc60afd1d06ced1ad993d4ac8988c	TRV:f921321aaedb0bb53398796772f843dc4a5963edfba778ee3a6bd9f592e21795	supply chain	imitation	supply chain	imitation	TRV:177025b0eec6e5e441b7f637224e31440c6cc60afd1d06ced1ad993d4ac8988c|TRV:f921321aaedb0bb53398796772f843dc4a5963edfba778ee3a6bd9f592e21795	false	f060a55bd53f6c963bddeea330165abfd238113ea7b158c2e3614e09bebe453f
59	R16A-PAIR:792522727720368e28159e9534b876a052445bdcabb8f167d2975c2cf4f6dba1	TRV:177025b0eec6e5e441b7f637224e31440c6cc60afd1d06ced1ad993d4ac8988c	TRV:fd793986cd6d45968d3c7103e778813542e6a9979a85e9cf512450307c9f7342	supply chain	rejection	supply chain	rejection	TRV:177025b0eec6e5e441b7f637224e31440c6cc60afd1d06ced1ad993d4ac8988c|TRV:fd793986cd6d45968d3c7103e778813542e6a9979a85e9cf512450307c9f7342	false	f060a55bd53f6c963bddeea330165abfd238113ea7b158c2e3614e09bebe453f
60	R16A-PAIR:4ff11a60e8960496aa182a1e33050d973e8d2ca99f0428d1c7cde97394a646ad	TRV:20f9f4ed48de5d0e333c767bae2d1a50022c17b7aa2d67b9a00007ee179e4a97	TRV:25f3aeb51f1cc784d9d0bcc166bd876f80678d5528c3e5db0e627a3991ab8fea	design education	photography	design education	photography	TRV:20f9f4ed48de5d0e333c767bae2d1a50022c17b7aa2d67b9a00007ee179e4a97|TRV:25f3aeb51f1cc784d9d0bcc166bd876f80678d5528c3e5db0e627a3991ab8fea	false	f060a55bd53f6c963bddeea330165abfd238113ea7b158c2e3614e09bebe453f
61	R16A-PAIR:1b4e3ac19dd57c5252f969151c8e429f1937ad4166c6cb27c03741829a1040f9	TRV:20f9f4ed48de5d0e333c767bae2d1a50022c17b7aa2d67b9a00007ee179e4a97	TRV:276446ba01e3aa387c83b06f54fccc5ac65bdc6099157a2a828716eac9c6fd4d	design education	trade	design education	trade	TRV:20f9f4ed48de5d0e333c767bae2d1a50022c17b7aa2d67b9a00007ee179e4a97|TRV:276446ba01e3aa387c83b06f54fccc5ac65bdc6099157a2a828716eac9c6fd4d	false	f060a55bd53f6c963bddeea330165abfd238113ea7b158c2e3614e09bebe453f
62	R16A-PAIR:bfe03a20708888f356a7088fa39fa7b50a17c63a55bf7ee93d0b34c18e48fbb7	TRV:20f9f4ed48de5d0e333c767bae2d1a50022c17b7aa2d67b9a00007ee179e4a97	TRV:2fe1d615f7fb24b99fb828c5ceadcf06635e7fb6f47910f32d2daf1f6bd763f0	design education	adaptation	design education	adaptation	TRV:20f9f4ed48de5d0e333c767bae2d1a50022c17b7aa2d67b9a00007ee179e4a97|TRV:2fe1d615f7fb24b99fb828c5ceadcf06635e7fb6f47910f32d2daf1f6bd763f0	false	f060a55bd53f6c963bddeea330165abfd238113ea7b158c2e3614e09bebe453f
63	R16A-PAIR:adb25e2f4703feb4b33019f8a69125c57e44dbd225d057322e1c449910729695	TRV:20f9f4ed48de5d0e333c767bae2d1a50022c17b7aa2d67b9a00007ee179e4a97	TRV:303eafd7c2afb63e99e140c4ba2abd1de5f78f9e8ebbb3040b4531b6df568639	design education	design diplomacy	design education	design diplomacy	TRV:20f9f4ed48de5d0e333c767bae2d1a50022c17b7aa2d67b9a00007ee179e4a97|TRV:303eafd7c2afb63e99e140c4ba2abd1de5f78f9e8ebbb3040b4531b6df568639	false	f060a55bd53f6c963bddeea330165abfd238113ea7b158c2e3614e09bebe453f
64	R16A-PAIR:77d7512d6d110c40570c411fa25b425da21c84ecdbf696a806b66be4d57a6d86	TRV:20f9f4ed48de5d0e333c767bae2d1a50022c17b7aa2d67b9a00007ee179e4a97	TRV:355543f790a3b210ecf36c82a2738896d9574c17e963a63633febac1f2386737	design education	craft	design education	craft	TRV:20f9f4ed48de5d0e333c767bae2d1a50022c17b7aa2d67b9a00007ee179e4a97|TRV:355543f790a3b210ecf36c82a2738896d9574c17e963a63633febac1f2386737	false	f060a55bd53f6c963bddeea330165abfd238113ea7b158c2e3614e09bebe453f
65	R16A-PAIR:416f4be603d0311e47af52fd48970e4b0daa0e10d13bce75a81ed5be88371149	TRV:20f9f4ed48de5d0e333c767bae2d1a50022c17b7aa2d67b9a00007ee179e4a97	TRV:448547bdedc22e5502256bdbd2714b8f2f4d7a5cbf8ce1dc30d21f16b18878a8	design education	self-exoticization	design education	self-exoticization	TRV:20f9f4ed48de5d0e333c767bae2d1a50022c17b7aa2d67b9a00007ee179e4a97|TRV:448547bdedc22e5502256bdbd2714b8f2f4d7a5cbf8ce1dc30d21f16b18878a8	false	f060a55bd53f6c963bddeea330165abfd238113ea7b158c2e3614e09bebe453f
66	R16A-PAIR:1df4d58dc39eb1b620f552a6316274cf8c7d06a8160f057893b349ce10b52b6b	TRV:20f9f4ed48de5d0e333c767bae2d1a50022c17b7aa2d67b9a00007ee179e4a97	TRV:48047b49b975ee8880742ea2544b30e8965f1675df787e9d832f8e0c2db87630	design education	typography	design education	typography	TRV:20f9f4ed48de5d0e333c767bae2d1a50022c17b7aa2d67b9a00007ee179e4a97|TRV:48047b49b975ee8880742ea2544b30e8965f1675df787e9d832f8e0c2db87630	false	f060a55bd53f6c963bddeea330165abfd238113ea7b158c2e3614e09bebe453f
67	R16A-PAIR:09108fb32fbc17acaa1205d07d048a5e74371e81f8c5919a24f86af4ddc3d677	TRV:20f9f4ed48de5d0e333c767bae2d1a50022c17b7aa2d67b9a00007ee179e4a97	TRV:54d55704f5d7e2caa927feedf94edf8b9dd2ebfafc4b0aa68875bcbcbabaaa79	design education	institutionalization	design education	institutionalization	TRV:20f9f4ed48de5d0e333c767bae2d1a50022c17b7aa2d67b9a00007ee179e4a97|TRV:54d55704f5d7e2caa927feedf94edf8b9dd2ebfafc4b0aa68875bcbcbabaaa79	false	f060a55bd53f6c963bddeea330165abfd238113ea7b158c2e3614e09bebe453f
68	R16A-PAIR:341bedba63600563117a75a13876093cc5a9d3a3568aacda2cea43457ae1da9e	TRV:20f9f4ed48de5d0e333c767bae2d1a50022c17b7aa2d67b9a00007ee179e4a97	TRV:5660ce124250ffd0ecbcf64a7359315bd26afdb0d89c559c03a491cc2138e4ed	design education	cultural negotiation	design education	cultural negotiation	TRV:20f9f4ed48de5d0e333c767bae2d1a50022c17b7aa2d67b9a00007ee179e4a97|TRV:5660ce124250ffd0ecbcf64a7359315bd26afdb0d89c559c03a491cc2138e4ed	false	f060a55bd53f6c963bddeea330165abfd238113ea7b158c2e3614e09bebe453f
69	R16A-PAIR:e3b2144bc27792ed2c5f4548e9513f9ff8550eaa148c01004bfb8ef332f57c6f	TRV:20f9f4ed48de5d0e333c767bae2d1a50022c17b7aa2d67b9a00007ee179e4a97	TRV:628bbc2d6553accb5320993afff75b39993c7ae9514d1f39d8a28834bfaf8170	design education	gendering	design education	gendering	TRV:20f9f4ed48de5d0e333c767bae2d1a50022c17b7aa2d67b9a00007ee179e4a97|TRV:628bbc2d6553accb5320993afff75b39993c7ae9514d1f39d8a28834bfaf8170	false	f060a55bd53f6c963bddeea330165abfd238113ea7b158c2e3614e09bebe453f
70	R16A-PAIR:b8cad97feea225b8c22b89e4a881d6b5fa7cd2d8748f73abd2d60e715783bf74	TRV:20f9f4ed48de5d0e333c767bae2d1a50022c17b7aa2d67b9a00007ee179e4a97	TRV:68bf0109c6f8a87bfa96d1ecd9503326ba35cf4a6086988a1d2c8a20fbef00d1	design education	education	design education	education	TRV:20f9f4ed48de5d0e333c767bae2d1a50022c17b7aa2d67b9a00007ee179e4a97|TRV:68bf0109c6f8a87bfa96d1ecd9503326ba35cf4a6086988a1d2c8a20fbef00d1	false	f060a55bd53f6c963bddeea330165abfd238113ea7b158c2e3614e09bebe453f
71	R16A-PAIR:a25418a2bbebfa48c11acb94fed7053e62d3b8fd774476f4d7383f104d1e0035	TRV:20f9f4ed48de5d0e333c767bae2d1a50022c17b7aa2d67b9a00007ee179e4a97	TRV:83a2bff84b1d599d9eed884a09666501c96224a0b3b7457699ef0be145e76e73	design education	exhibition	design education	exhibition	TRV:20f9f4ed48de5d0e333c767bae2d1a50022c17b7aa2d67b9a00007ee179e4a97|TRV:83a2bff84b1d599d9eed884a09666501c96224a0b3b7457699ef0be145e76e73	false	f060a55bd53f6c963bddeea330165abfd238113ea7b158c2e3614e09bebe453f
72	R16A-PAIR:09940533bc7a99c9f347d673d6be0f2aab34b8d3c17d682e3577fdcf68d5647e	TRV:20f9f4ed48de5d0e333c767bae2d1a50022c17b7aa2d67b9a00007ee179e4a97	TRV:9e44dae2c5ca8dc916878b28f5ec3720e42ea22d2add139759780727e6f487ce	design education	mediation	design education	mediation	TRV:20f9f4ed48de5d0e333c767bae2d1a50022c17b7aa2d67b9a00007ee179e4a97|TRV:9e44dae2c5ca8dc916878b28f5ec3720e42ea22d2add139759780727e6f487ce	false	f060a55bd53f6c963bddeea330165abfd238113ea7b158c2e3614e09bebe453f
73	R16A-PAIR:fae7bb61107f92937bfae3ad23c4c58e22a9c2d71d83e306632ea12d45642354	TRV:20f9f4ed48de5d0e333c767bae2d1a50022c17b7aa2d67b9a00007ee179e4a97	TRV:a7835c05c37c3352068d6c2aff509f141e085c6bc072303d3e6676035dc483d4	design education	cultural transformation	design education	cultural transformation	TRV:20f9f4ed48de5d0e333c767bae2d1a50022c17b7aa2d67b9a00007ee179e4a97|TRV:a7835c05c37c3352068d6c2aff509f141e085c6bc072303d3e6676035dc483d4	false	f060a55bd53f6c963bddeea330165abfd238113ea7b158c2e3614e09bebe453f
74	R16A-PAIR:3fcd55475bb13e4114c5b0b438402583da3b02856a0058863ef624a0e1f3788b	TRV:20f9f4ed48de5d0e333c767bae2d1a50022c17b7aa2d67b9a00007ee179e4a97	TRV:a85f306d70c2839db5dad35765d50a5b17eec2c9d0dee0641333805efede7b28	design education	mobile object	design education	mobile object	TRV:20f9f4ed48de5d0e333c767bae2d1a50022c17b7aa2d67b9a00007ee179e4a97|TRV:a85f306d70c2839db5dad35765d50a5b17eec2c9d0dee0641333805efede7b28	false	f060a55bd53f6c963bddeea330165abfd238113ea7b158c2e3614e09bebe453f
75	R16A-PAIR:0726c34ba7385282b28d1824ab7e2a22b212a6000a22bc5adefe1683b984662d	TRV:20f9f4ed48de5d0e333c767bae2d1a50022c17b7aa2d67b9a00007ee179e4a97	TRV:ab8e18ef4ebebeddc0b3152ce9c9006e14fc05242e3fc9ce32246ea6a9543074	design education	production	design education	production	TRV:20f9f4ed48de5d0e333c767bae2d1a50022c17b7aa2d67b9a00007ee179e4a97|TRV:ab8e18ef4ebebeddc0b3152ce9c9006e14fc05242e3fc9ce32246ea6a9543074	false	f060a55bd53f6c963bddeea330165abfd238113ea7b158c2e3614e09bebe453f
76	R16A-PAIR:6d282ad0cf64d7660c7a5e3722728c107525fa2a43f267188a3b2f1769bff6a1	TRV:20f9f4ed48de5d0e333c767bae2d1a50022c17b7aa2d67b9a00007ee179e4a97	TRV:ad8c6f6e417a6d2db992c155701ed13494624142922d58eda2e4ad0fa4672fa8	design education	consumption	design education	consumption	TRV:20f9f4ed48de5d0e333c767bae2d1a50022c17b7aa2d67b9a00007ee179e4a97|TRV:ad8c6f6e417a6d2db992c155701ed13494624142922d58eda2e4ad0fa4672fa8	false	f060a55bd53f6c963bddeea330165abfd238113ea7b158c2e3614e09bebe453f
77	R16A-PAIR:3220da570cdd3f5e3ecddc909d486316b7aa297cde59c96dde7685891fcc984a	TRV:20f9f4ed48de5d0e333c767bae2d1a50022c17b7aa2d67b9a00007ee179e4a97	TRV:b1195fbfc5f343ebd84eb46acece15907e639a564f04af5d04d58c70e127a14b	design education	professionalization	design education	professionalization	TRV:20f9f4ed48de5d0e333c767bae2d1a50022c17b7aa2d67b9a00007ee179e4a97|TRV:b1195fbfc5f343ebd84eb46acece15907e639a564f04af5d04d58c70e127a14b	false	f060a55bd53f6c963bddeea330165abfd238113ea7b158c2e3614e09bebe453f
78	R16A-PAIR:091f8507fa62134f0bd0d718357a195bb1b80c6e56618bceec5a76f9c4ca359e	TRV:20f9f4ed48de5d0e333c767bae2d1a50022c17b7aa2d67b9a00007ee179e4a97	TRV:b57559d1d19ef1967b6015fa23577c3fac4b79ae3ca54ef4eb760e18300875a3	design education	commodification	design education	commodification	TRV:20f9f4ed48de5d0e333c767bae2d1a50022c17b7aa2d67b9a00007ee179e4a97|TRV:b57559d1d19ef1967b6015fa23577c3fac4b79ae3ca54ef4eb760e18300875a3	false	f060a55bd53f6c963bddeea330165abfd238113ea7b158c2e3614e09bebe453f
79	R16A-PAIR:2e550aa73e0ef1234ac7c21326badd469d52aed592d515fce922bdb80a62f072	TRV:20f9f4ed48de5d0e333c767bae2d1a50022c17b7aa2d67b9a00007ee179e4a97	TRV:be33e16d8f585c08bb0efe6f0df92659a22d534298639f5318d2a2580546fdcc	design education	production site	design education	production site	TRV:20f9f4ed48de5d0e333c767bae2d1a50022c17b7aa2d67b9a00007ee179e4a97|TRV:be33e16d8f585c08bb0efe6f0df92659a22d534298639f5318d2a2580546fdcc	false	f060a55bd53f6c963bddeea330165abfd238113ea7b158c2e3614e09bebe453f
80	R16A-PAIR:bf8407a87968ae487f3a5f79f7f9618458bebb67691cc706704f63f808129da4	TRV:20f9f4ed48de5d0e333c767bae2d1a50022c17b7aa2d67b9a00007ee179e4a97	TRV:c460d6a56db8d84e6ee3a5c96c4a72ce1170116cab3ad0659544494547ecae77	design education	piracy	design education	piracy	TRV:20f9f4ed48de5d0e333c767bae2d1a50022c17b7aa2d67b9a00007ee179e4a97|TRV:c460d6a56db8d84e6ee3a5c96c4a72ce1170116cab3ad0659544494547ecae77	false	f060a55bd53f6c963bddeea330165abfd238113ea7b158c2e3614e09bebe453f
81	R16A-PAIR:c3d2d988d9bbc2537272c1823011f2d7fa7792875800837b87c696d322a3bd78	TRV:20f9f4ed48de5d0e333c767bae2d1a50022c17b7aa2d67b9a00007ee179e4a97	TRV:c76c09a3f32430db9b00d1c47eaf288d54331355f666dfcb11e4f4ef3a965212	design education	cultural transfer	design education	cultural transfer	TRV:20f9f4ed48de5d0e333c767bae2d1a50022c17b7aa2d67b9a00007ee179e4a97|TRV:c76c09a3f32430db9b00d1c47eaf288d54331355f666dfcb11e4f4ef3a965212	false	f060a55bd53f6c963bddeea330165abfd238113ea7b158c2e3614e09bebe453f
82	R16A-PAIR:b94636369485b9f30621607ca1c77c40a1b23b96405e546113b3f54f43297299	TRV:20f9f4ed48de5d0e333c767bae2d1a50022c17b7aa2d67b9a00007ee179e4a97	TRV:c82d3d4865e41e2a263ff0427c4df2b8e3e43a85c835404d033d764468b3ba55	design education	propaganda	design education	propaganda	TRV:20f9f4ed48de5d0e333c767bae2d1a50022c17b7aa2d67b9a00007ee179e4a97|TRV:c82d3d4865e41e2a263ff0427c4df2b8e3e43a85c835404d033d764468b3ba55	false	f060a55bd53f6c963bddeea330165abfd238113ea7b158c2e3614e09bebe453f
83	R16A-PAIR:a4ef9e047fe42fe9726140786f5bceeb8e43a8d14b30223b55c51fb7101c9d5f	TRV:20f9f4ed48de5d0e333c767bae2d1a50022c17b7aa2d67b9a00007ee179e4a97	TRV:d27a4a1080657098835b014b8f47529c5be746cb60b043fb2400fec1a6948185	design education	advertising	design education	advertising	TRV:20f9f4ed48de5d0e333c767bae2d1a50022c17b7aa2d67b9a00007ee179e4a97|TRV:d27a4a1080657098835b014b8f47529c5be746cb60b043fb2400fec1a6948185	false	f060a55bd53f6c963bddeea330165abfd238113ea7b158c2e3614e09bebe453f
84	R16A-PAIR:f635e2ce628cb86ac23034efb8ccc136b33d7b74efeb526a0277bc5d268cf2de	TRV:20f9f4ed48de5d0e333c767bae2d1a50022c17b7aa2d67b9a00007ee179e4a97	TRV:d366de58d3002458bfb404ee505621e926c518871a4caeffcdfb89b45f8112ef	design education	material displacement	design education	material displacement	TRV:20f9f4ed48de5d0e333c767bae2d1a50022c17b7aa2d67b9a00007ee179e4a97|TRV:d366de58d3002458bfb404ee505621e926c518871a4caeffcdfb89b45f8112ef	false	f060a55bd53f6c963bddeea330165abfd238113ea7b158c2e3614e09bebe453f
85	R16A-PAIR:9ba0fe0cb3ade157893a3160fa1a0abd1914c9ba76dc155eb131508c0300c2a5	TRV:20f9f4ed48de5d0e333c767bae2d1a50022c17b7aa2d67b9a00007ee179e4a97	TRV:e581bd8a1b6363a295216bc7c9f8d958e26ef7406beab6becbf90ff8e2680bd5	design education	canonization	design education	canonization	TRV:20f9f4ed48de5d0e333c767bae2d1a50022c17b7aa2d67b9a00007ee179e4a97|TRV:e581bd8a1b6363a295216bc7c9f8d958e26ef7406beab6becbf90ff8e2680bd5	false	f060a55bd53f6c963bddeea330165abfd238113ea7b158c2e3614e09bebe453f
86	R16A-PAIR:f3d03b1786a3fd03e078a1f2bc0e5ae3b624cb762382e03d70ed94a7a3e6585a	TRV:20f9f4ed48de5d0e333c767bae2d1a50022c17b7aa2d67b9a00007ee179e4a97	TRV:f921321aaedb0bb53398796772f843dc4a5963edfba778ee3a6bd9f592e21795	design education	imitation	design education	imitation	TRV:20f9f4ed48de5d0e333c767bae2d1a50022c17b7aa2d67b9a00007ee179e4a97|TRV:f921321aaedb0bb53398796772f843dc4a5963edfba778ee3a6bd9f592e21795	false	f060a55bd53f6c963bddeea330165abfd238113ea7b158c2e3614e09bebe453f
87	R16A-PAIR:effc948921c968d010eaa9f238310f753467a2419622d8516ecc1ba3b3050d4e	TRV:20f9f4ed48de5d0e333c767bae2d1a50022c17b7aa2d67b9a00007ee179e4a97	TRV:fd793986cd6d45968d3c7103e778813542e6a9979a85e9cf512450307c9f7342	design education	rejection	design education	rejection	TRV:20f9f4ed48de5d0e333c767bae2d1a50022c17b7aa2d67b9a00007ee179e4a97|TRV:fd793986cd6d45968d3c7103e778813542e6a9979a85e9cf512450307c9f7342	false	f060a55bd53f6c963bddeea330165abfd238113ea7b158c2e3614e09bebe453f
88	R16A-PAIR:47f2ee12db7146a0ea92560327f12497bbcf91d14a0f7e0790a3c4096bc9a48d	TRV:25f3aeb51f1cc784d9d0bcc166bd876f80678d5528c3e5db0e627a3991ab8fea	TRV:276446ba01e3aa387c83b06f54fccc5ac65bdc6099157a2a828716eac9c6fd4d	photography	trade	photography	trade	TRV:25f3aeb51f1cc784d9d0bcc166bd876f80678d5528c3e5db0e627a3991ab8fea|TRV:276446ba01e3aa387c83b06f54fccc5ac65bdc6099157a2a828716eac9c6fd4d	false	f060a55bd53f6c963bddeea330165abfd238113ea7b158c2e3614e09bebe453f
89	R16A-PAIR:e70a10ba9670ba73bfa6db1b3304a2baaefd89c370ec1ee88fd9ebbf99699383	TRV:25f3aeb51f1cc784d9d0bcc166bd876f80678d5528c3e5db0e627a3991ab8fea	TRV:2fe1d615f7fb24b99fb828c5ceadcf06635e7fb6f47910f32d2daf1f6bd763f0	photography	adaptation	photography	adaptation	TRV:25f3aeb51f1cc784d9d0bcc166bd876f80678d5528c3e5db0e627a3991ab8fea|TRV:2fe1d615f7fb24b99fb828c5ceadcf06635e7fb6f47910f32d2daf1f6bd763f0	false	f060a55bd53f6c963bddeea330165abfd238113ea7b158c2e3614e09bebe453f
90	R16A-PAIR:c79532217b22afe5f8452066e7acf8ab00418e9c286a6fcc674a6bab67625e0a	TRV:25f3aeb51f1cc784d9d0bcc166bd876f80678d5528c3e5db0e627a3991ab8fea	TRV:303eafd7c2afb63e99e140c4ba2abd1de5f78f9e8ebbb3040b4531b6df568639	photography	design diplomacy	photography	design diplomacy	TRV:25f3aeb51f1cc784d9d0bcc166bd876f80678d5528c3e5db0e627a3991ab8fea|TRV:303eafd7c2afb63e99e140c4ba2abd1de5f78f9e8ebbb3040b4531b6df568639	false	f060a55bd53f6c963bddeea330165abfd238113ea7b158c2e3614e09bebe453f
91	R16A-PAIR:5ef2754b1380e65519be532646e9182272ee4811e90cdd6a6cac329073fa81e9	TRV:25f3aeb51f1cc784d9d0bcc166bd876f80678d5528c3e5db0e627a3991ab8fea	TRV:355543f790a3b210ecf36c82a2738896d9574c17e963a63633febac1f2386737	photography	craft	photography	craft	TRV:25f3aeb51f1cc784d9d0bcc166bd876f80678d5528c3e5db0e627a3991ab8fea|TRV:355543f790a3b210ecf36c82a2738896d9574c17e963a63633febac1f2386737	false	f060a55bd53f6c963bddeea330165abfd238113ea7b158c2e3614e09bebe453f
92	R16A-PAIR:faedc91d0f9460bc11c33a92ef16b6a7f4b92c7cf4d569eec854c48635594c3e	TRV:25f3aeb51f1cc784d9d0bcc166bd876f80678d5528c3e5db0e627a3991ab8fea	TRV:448547bdedc22e5502256bdbd2714b8f2f4d7a5cbf8ce1dc30d21f16b18878a8	photography	self-exoticization	photography	self-exoticization	TRV:25f3aeb51f1cc784d9d0bcc166bd876f80678d5528c3e5db0e627a3991ab8fea|TRV:448547bdedc22e5502256bdbd2714b8f2f4d7a5cbf8ce1dc30d21f16b18878a8	false	f060a55bd53f6c963bddeea330165abfd238113ea7b158c2e3614e09bebe453f
93	R16A-PAIR:0c8c2331a9ba240c16d983a310a9cb7e83f44710cb57828cca8860aaf7799937	TRV:25f3aeb51f1cc784d9d0bcc166bd876f80678d5528c3e5db0e627a3991ab8fea	TRV:48047b49b975ee8880742ea2544b30e8965f1675df787e9d832f8e0c2db87630	photography	typography	photography	typography	TRV:25f3aeb51f1cc784d9d0bcc166bd876f80678d5528c3e5db0e627a3991ab8fea|TRV:48047b49b975ee8880742ea2544b30e8965f1675df787e9d832f8e0c2db87630	false	f060a55bd53f6c963bddeea330165abfd238113ea7b158c2e3614e09bebe453f
94	R16A-PAIR:154799d8fbc46ed2f27dfe075188eefe74136da744e1af8fd4d2e2eb7ee790db	TRV:25f3aeb51f1cc784d9d0bcc166bd876f80678d5528c3e5db0e627a3991ab8fea	TRV:54d55704f5d7e2caa927feedf94edf8b9dd2ebfafc4b0aa68875bcbcbabaaa79	photography	institutionalization	photography	institutionalization	TRV:25f3aeb51f1cc784d9d0bcc166bd876f80678d5528c3e5db0e627a3991ab8fea|TRV:54d55704f5d7e2caa927feedf94edf8b9dd2ebfafc4b0aa68875bcbcbabaaa79	false	f060a55bd53f6c963bddeea330165abfd238113ea7b158c2e3614e09bebe453f
95	R16A-PAIR:a94cb485816ce1425256697bd5b77bb83a1dc33e5b478a4bece5593e272d8db2	TRV:25f3aeb51f1cc784d9d0bcc166bd876f80678d5528c3e5db0e627a3991ab8fea	TRV:5660ce124250ffd0ecbcf64a7359315bd26afdb0d89c559c03a491cc2138e4ed	photography	cultural negotiation	photography	cultural negotiation	TRV:25f3aeb51f1cc784d9d0bcc166bd876f80678d5528c3e5db0e627a3991ab8fea|TRV:5660ce124250ffd0ecbcf64a7359315bd26afdb0d89c559c03a491cc2138e4ed	false	f060a55bd53f6c963bddeea330165abfd238113ea7b158c2e3614e09bebe453f
96	R16A-PAIR:5d061ca3d1f185d3c5ff197a0427a8a4c7cb68eb2b1bb231c9a4c9a148d51721	TRV:25f3aeb51f1cc784d9d0bcc166bd876f80678d5528c3e5db0e627a3991ab8fea	TRV:628bbc2d6553accb5320993afff75b39993c7ae9514d1f39d8a28834bfaf8170	photography	gendering	photography	gendering	TRV:25f3aeb51f1cc784d9d0bcc166bd876f80678d5528c3e5db0e627a3991ab8fea|TRV:628bbc2d6553accb5320993afff75b39993c7ae9514d1f39d8a28834bfaf8170	false	f060a55bd53f6c963bddeea330165abfd238113ea7b158c2e3614e09bebe453f
97	R16A-PAIR:2ba7e2199ba76b5d8551bc0efb519c8f40a408ee8c353365512c25dd585f8efc	TRV:25f3aeb51f1cc784d9d0bcc166bd876f80678d5528c3e5db0e627a3991ab8fea	TRV:68bf0109c6f8a87bfa96d1ecd9503326ba35cf4a6086988a1d2c8a20fbef00d1	photography	education	photography	education	TRV:25f3aeb51f1cc784d9d0bcc166bd876f80678d5528c3e5db0e627a3991ab8fea|TRV:68bf0109c6f8a87bfa96d1ecd9503326ba35cf4a6086988a1d2c8a20fbef00d1	false	f060a55bd53f6c963bddeea330165abfd238113ea7b158c2e3614e09bebe453f
98	R16A-PAIR:e9a311c451a59b79fc914e0fb49c863931776e6b50f82adb4b91fbfc401f2193	TRV:25f3aeb51f1cc784d9d0bcc166bd876f80678d5528c3e5db0e627a3991ab8fea	TRV:83a2bff84b1d599d9eed884a09666501c96224a0b3b7457699ef0be145e76e73	photography	exhibition	photography	exhibition	TRV:25f3aeb51f1cc784d9d0bcc166bd876f80678d5528c3e5db0e627a3991ab8fea|TRV:83a2bff84b1d599d9eed884a09666501c96224a0b3b7457699ef0be145e76e73	false	f060a55bd53f6c963bddeea330165abfd238113ea7b158c2e3614e09bebe453f
99	R16A-PAIR:94af5b6300732cb0c2a10515e3102bdede518c1eeb9f7fe5ede26c1501a43780	TRV:25f3aeb51f1cc784d9d0bcc166bd876f80678d5528c3e5db0e627a3991ab8fea	TRV:9e44dae2c5ca8dc916878b28f5ec3720e42ea22d2add139759780727e6f487ce	photography	mediation	photography	mediation	TRV:25f3aeb51f1cc784d9d0bcc166bd876f80678d5528c3e5db0e627a3991ab8fea|TRV:9e44dae2c5ca8dc916878b28f5ec3720e42ea22d2add139759780727e6f487ce	false	f060a55bd53f6c963bddeea330165abfd238113ea7b158c2e3614e09bebe453f
100	R16A-PAIR:31364dbdc156d047039bccb98c532cf3d57ddbc6d9a2e21586b4ba2fc8c2734b	TRV:25f3aeb51f1cc784d9d0bcc166bd876f80678d5528c3e5db0e627a3991ab8fea	TRV:a7835c05c37c3352068d6c2aff509f141e085c6bc072303d3e6676035dc483d4	photography	cultural transformation	photography	cultural transformation	TRV:25f3aeb51f1cc784d9d0bcc166bd876f80678d5528c3e5db0e627a3991ab8fea|TRV:a7835c05c37c3352068d6c2aff509f141e085c6bc072303d3e6676035dc483d4	false	f060a55bd53f6c963bddeea330165abfd238113ea7b158c2e3614e09bebe453f
101	R16A-PAIR:3bbd1305fcad0ce76a08ec56ed3b974329bbeca47b7f0e501efca826eec83ded	TRV:25f3aeb51f1cc784d9d0bcc166bd876f80678d5528c3e5db0e627a3991ab8fea	TRV:a85f306d70c2839db5dad35765d50a5b17eec2c9d0dee0641333805efede7b28	photography	mobile object	photography	mobile object	TRV:25f3aeb51f1cc784d9d0bcc166bd876f80678d5528c3e5db0e627a3991ab8fea|TRV:a85f306d70c2839db5dad35765d50a5b17eec2c9d0dee0641333805efede7b28	false	f060a55bd53f6c963bddeea330165abfd238113ea7b158c2e3614e09bebe453f
102	R16A-PAIR:bd59f9c68aeb89f89c744a7e39169709e7ad041b8ea32497ed6cbdaa280f6f9b	TRV:25f3aeb51f1cc784d9d0bcc166bd876f80678d5528c3e5db0e627a3991ab8fea	TRV:ab8e18ef4ebebeddc0b3152ce9c9006e14fc05242e3fc9ce32246ea6a9543074	photography	production	photography	production	TRV:25f3aeb51f1cc784d9d0bcc166bd876f80678d5528c3e5db0e627a3991ab8fea|TRV:ab8e18ef4ebebeddc0b3152ce9c9006e14fc05242e3fc9ce32246ea6a9543074	false	f060a55bd53f6c963bddeea330165abfd238113ea7b158c2e3614e09bebe453f
103	R16A-PAIR:47c0dabab18d73bd6ef7ad6c67d35daf242bc13fa9549d5220c9219790e32d2a	TRV:25f3aeb51f1cc784d9d0bcc166bd876f80678d5528c3e5db0e627a3991ab8fea	TRV:ad8c6f6e417a6d2db992c155701ed13494624142922d58eda2e4ad0fa4672fa8	photography	consumption	photography	consumption	TRV:25f3aeb51f1cc784d9d0bcc166bd876f80678d5528c3e5db0e627a3991ab8fea|TRV:ad8c6f6e417a6d2db992c155701ed13494624142922d58eda2e4ad0fa4672fa8	false	f060a55bd53f6c963bddeea330165abfd238113ea7b158c2e3614e09bebe453f
104	R16A-PAIR:2c1bc8b0cd17ea4481af6d24c379b6473779faa030ae7daa0cf1c18740e1f7f7	TRV:25f3aeb51f1cc784d9d0bcc166bd876f80678d5528c3e5db0e627a3991ab8fea	TRV:b1195fbfc5f343ebd84eb46acece15907e639a564f04af5d04d58c70e127a14b	photography	professionalization	photography	professionalization	TRV:25f3aeb51f1cc784d9d0bcc166bd876f80678d5528c3e5db0e627a3991ab8fea|TRV:b1195fbfc5f343ebd84eb46acece15907e639a564f04af5d04d58c70e127a14b	false	f060a55bd53f6c963bddeea330165abfd238113ea7b158c2e3614e09bebe453f
105	R16A-PAIR:f35cbfdbc9278877516a43ff4fd1f50b238921d7f620baa0c19615d29ea8d5d6	TRV:25f3aeb51f1cc784d9d0bcc166bd876f80678d5528c3e5db0e627a3991ab8fea	TRV:b57559d1d19ef1967b6015fa23577c3fac4b79ae3ca54ef4eb760e18300875a3	photography	commodification	photography	commodification	TRV:25f3aeb51f1cc784d9d0bcc166bd876f80678d5528c3e5db0e627a3991ab8fea|TRV:b57559d1d19ef1967b6015fa23577c3fac4b79ae3ca54ef4eb760e18300875a3	false	f060a55bd53f6c963bddeea330165abfd238113ea7b158c2e3614e09bebe453f
106	R16A-PAIR:34eb4c8fd09e19f2ada0395a535e4d1c18eeee25b8513b25d5e686a028c45c9a	TRV:25f3aeb51f1cc784d9d0bcc166bd876f80678d5528c3e5db0e627a3991ab8fea	TRV:be33e16d8f585c08bb0efe6f0df92659a22d534298639f5318d2a2580546fdcc	photography	production site	photography	production site	TRV:25f3aeb51f1cc784d9d0bcc166bd876f80678d5528c3e5db0e627a3991ab8fea|TRV:be33e16d8f585c08bb0efe6f0df92659a22d534298639f5318d2a2580546fdcc	false	f060a55bd53f6c963bddeea330165abfd238113ea7b158c2e3614e09bebe453f
107	R16A-PAIR:fdc54931de4f24b88447b2fe6ef751419965d04198e2ad69a7c525ff2fa4941c	TRV:25f3aeb51f1cc784d9d0bcc166bd876f80678d5528c3e5db0e627a3991ab8fea	TRV:c460d6a56db8d84e6ee3a5c96c4a72ce1170116cab3ad0659544494547ecae77	photography	piracy	photography	piracy	TRV:25f3aeb51f1cc784d9d0bcc166bd876f80678d5528c3e5db0e627a3991ab8fea|TRV:c460d6a56db8d84e6ee3a5c96c4a72ce1170116cab3ad0659544494547ecae77	false	f060a55bd53f6c963bddeea330165abfd238113ea7b158c2e3614e09bebe453f
108	R16A-PAIR:2f45329a14278eb5d8df880e449b89ae80f91d0009e3ecd926e31c8e3ed72598	TRV:25f3aeb51f1cc784d9d0bcc166bd876f80678d5528c3e5db0e627a3991ab8fea	TRV:c76c09a3f32430db9b00d1c47eaf288d54331355f666dfcb11e4f4ef3a965212	photography	cultural transfer	photography	cultural transfer	TRV:25f3aeb51f1cc784d9d0bcc166bd876f80678d5528c3e5db0e627a3991ab8fea|TRV:c76c09a3f32430db9b00d1c47eaf288d54331355f666dfcb11e4f4ef3a965212	false	f060a55bd53f6c963bddeea330165abfd238113ea7b158c2e3614e09bebe453f
109	R16A-PAIR:f7bbcfaebbde840be27c2b672ded140ec2a98650635b4504bd5bd83ebdd9f20d	TRV:25f3aeb51f1cc784d9d0bcc166bd876f80678d5528c3e5db0e627a3991ab8fea	TRV:c82d3d4865e41e2a263ff0427c4df2b8e3e43a85c835404d033d764468b3ba55	photography	propaganda	photography	propaganda	TRV:25f3aeb51f1cc784d9d0bcc166bd876f80678d5528c3e5db0e627a3991ab8fea|TRV:c82d3d4865e41e2a263ff0427c4df2b8e3e43a85c835404d033d764468b3ba55	false	f060a55bd53f6c963bddeea330165abfd238113ea7b158c2e3614e09bebe453f
110	R16A-PAIR:0d7fb5b9f8f50a5aada942ffcb8a4d17c38f6e40f9f46a2e4f6db7573bfa2a73	TRV:25f3aeb51f1cc784d9d0bcc166bd876f80678d5528c3e5db0e627a3991ab8fea	TRV:d27a4a1080657098835b014b8f47529c5be746cb60b043fb2400fec1a6948185	photography	advertising	photography	advertising	TRV:25f3aeb51f1cc784d9d0bcc166bd876f80678d5528c3e5db0e627a3991ab8fea|TRV:d27a4a1080657098835b014b8f47529c5be746cb60b043fb2400fec1a6948185	false	f060a55bd53f6c963bddeea330165abfd238113ea7b158c2e3614e09bebe453f
111	R16A-PAIR:6fd295bb1168cdf985018db0ec996ab10baac8d7f94886ab0289bfeba76f255c	TRV:25f3aeb51f1cc784d9d0bcc166bd876f80678d5528c3e5db0e627a3991ab8fea	TRV:d366de58d3002458bfb404ee505621e926c518871a4caeffcdfb89b45f8112ef	photography	material displacement	photography	material displacement	TRV:25f3aeb51f1cc784d9d0bcc166bd876f80678d5528c3e5db0e627a3991ab8fea|TRV:d366de58d3002458bfb404ee505621e926c518871a4caeffcdfb89b45f8112ef	false	f060a55bd53f6c963bddeea330165abfd238113ea7b158c2e3614e09bebe453f
112	R16A-PAIR:61b0ef05eb2ca767f6ac7347f78cc23e9577608ef52b7be9cd1ec507858f65ec	TRV:25f3aeb51f1cc784d9d0bcc166bd876f80678d5528c3e5db0e627a3991ab8fea	TRV:e581bd8a1b6363a295216bc7c9f8d958e26ef7406beab6becbf90ff8e2680bd5	photography	canonization	photography	canonization	TRV:25f3aeb51f1cc784d9d0bcc166bd876f80678d5528c3e5db0e627a3991ab8fea|TRV:e581bd8a1b6363a295216bc7c9f8d958e26ef7406beab6becbf90ff8e2680bd5	false	f060a55bd53f6c963bddeea330165abfd238113ea7b158c2e3614e09bebe453f
113	R16A-PAIR:3ae55fb38a0647c53b702385797583c6d568d90cebe213614772ac9a6300e7ac	TRV:25f3aeb51f1cc784d9d0bcc166bd876f80678d5528c3e5db0e627a3991ab8fea	TRV:f921321aaedb0bb53398796772f843dc4a5963edfba778ee3a6bd9f592e21795	photography	imitation	photography	imitation	TRV:25f3aeb51f1cc784d9d0bcc166bd876f80678d5528c3e5db0e627a3991ab8fea|TRV:f921321aaedb0bb53398796772f843dc4a5963edfba778ee3a6bd9f592e21795	false	f060a55bd53f6c963bddeea330165abfd238113ea7b158c2e3614e09bebe453f
114	R16A-PAIR:dc3a38710fc927aa07b8a08bf2b67bfa16155b374ac83e5fe68ea789dabb622c	TRV:25f3aeb51f1cc784d9d0bcc166bd876f80678d5528c3e5db0e627a3991ab8fea	TRV:fd793986cd6d45968d3c7103e778813542e6a9979a85e9cf512450307c9f7342	photography	rejection	photography	rejection	TRV:25f3aeb51f1cc784d9d0bcc166bd876f80678d5528c3e5db0e627a3991ab8fea|TRV:fd793986cd6d45968d3c7103e778813542e6a9979a85e9cf512450307c9f7342	false	f060a55bd53f6c963bddeea330165abfd238113ea7b158c2e3614e09bebe453f
115	R16A-PAIR:e070952c5fbe23e5925470361fae9f6d73bdeb111beb4b49ec8523c1c1f1e76c	TRV:276446ba01e3aa387c83b06f54fccc5ac65bdc6099157a2a828716eac9c6fd4d	TRV:2fe1d615f7fb24b99fb828c5ceadcf06635e7fb6f47910f32d2daf1f6bd763f0	trade	adaptation	trade	adaptation	TRV:276446ba01e3aa387c83b06f54fccc5ac65bdc6099157a2a828716eac9c6fd4d|TRV:2fe1d615f7fb24b99fb828c5ceadcf06635e7fb6f47910f32d2daf1f6bd763f0	false	f060a55bd53f6c963bddeea330165abfd238113ea7b158c2e3614e09bebe453f
116	R16A-PAIR:f82795fcaba53ac0c255461d014e82b9e563362b645b4c65a58e27644e22c54c	TRV:276446ba01e3aa387c83b06f54fccc5ac65bdc6099157a2a828716eac9c6fd4d	TRV:303eafd7c2afb63e99e140c4ba2abd1de5f78f9e8ebbb3040b4531b6df568639	trade	design diplomacy	trade	design diplomacy	TRV:276446ba01e3aa387c83b06f54fccc5ac65bdc6099157a2a828716eac9c6fd4d|TRV:303eafd7c2afb63e99e140c4ba2abd1de5f78f9e8ebbb3040b4531b6df568639	false	f060a55bd53f6c963bddeea330165abfd238113ea7b158c2e3614e09bebe453f
117	R16A-PAIR:4278ea4f49f01a3ad340ad99e048b24da1d3cc50cff82a3c7c541d9d75ab1cf1	TRV:276446ba01e3aa387c83b06f54fccc5ac65bdc6099157a2a828716eac9c6fd4d	TRV:355543f790a3b210ecf36c82a2738896d9574c17e963a63633febac1f2386737	trade	craft	trade	craft	TRV:276446ba01e3aa387c83b06f54fccc5ac65bdc6099157a2a828716eac9c6fd4d|TRV:355543f790a3b210ecf36c82a2738896d9574c17e963a63633febac1f2386737	false	f060a55bd53f6c963bddeea330165abfd238113ea7b158c2e3614e09bebe453f
118	R16A-PAIR:98cd0d92bb191bf7ba84ded8b918d85c6c4ea18ac998b40e669778c97acc06ee	TRV:276446ba01e3aa387c83b06f54fccc5ac65bdc6099157a2a828716eac9c6fd4d	TRV:448547bdedc22e5502256bdbd2714b8f2f4d7a5cbf8ce1dc30d21f16b18878a8	trade	self-exoticization	trade	self-exoticization	TRV:276446ba01e3aa387c83b06f54fccc5ac65bdc6099157a2a828716eac9c6fd4d|TRV:448547bdedc22e5502256bdbd2714b8f2f4d7a5cbf8ce1dc30d21f16b18878a8	false	f060a55bd53f6c963bddeea330165abfd238113ea7b158c2e3614e09bebe453f
119	R16A-PAIR:c0229588b172496124223bf6396f7fe6163d1fb829a7d7f15868d288e2e05203	TRV:276446ba01e3aa387c83b06f54fccc5ac65bdc6099157a2a828716eac9c6fd4d	TRV:48047b49b975ee8880742ea2544b30e8965f1675df787e9d832f8e0c2db87630	trade	typography	trade	typography	TRV:276446ba01e3aa387c83b06f54fccc5ac65bdc6099157a2a828716eac9c6fd4d|TRV:48047b49b975ee8880742ea2544b30e8965f1675df787e9d832f8e0c2db87630	false	f060a55bd53f6c963bddeea330165abfd238113ea7b158c2e3614e09bebe453f
120	R16A-PAIR:6af5b6c74e783255796a0c3c3381d2e93532b2c448c27465ac9e11f10e5c1bfd	TRV:276446ba01e3aa387c83b06f54fccc5ac65bdc6099157a2a828716eac9c6fd4d	TRV:54d55704f5d7e2caa927feedf94edf8b9dd2ebfafc4b0aa68875bcbcbabaaa79	trade	institutionalization	trade	institutionalization	TRV:276446ba01e3aa387c83b06f54fccc5ac65bdc6099157a2a828716eac9c6fd4d|TRV:54d55704f5d7e2caa927feedf94edf8b9dd2ebfafc4b0aa68875bcbcbabaaa79	false	f060a55bd53f6c963bddeea330165abfd238113ea7b158c2e3614e09bebe453f
121	R16A-PAIR:dbd15ecef31545400b6af2249407d801efc9ed8eaea686fd9edf8cf2a14e0693	TRV:276446ba01e3aa387c83b06f54fccc5ac65bdc6099157a2a828716eac9c6fd4d	TRV:5660ce124250ffd0ecbcf64a7359315bd26afdb0d89c559c03a491cc2138e4ed	trade	cultural negotiation	trade	cultural negotiation	TRV:276446ba01e3aa387c83b06f54fccc5ac65bdc6099157a2a828716eac9c6fd4d|TRV:5660ce124250ffd0ecbcf64a7359315bd26afdb0d89c559c03a491cc2138e4ed	false	f060a55bd53f6c963bddeea330165abfd238113ea7b158c2e3614e09bebe453f
122	R16A-PAIR:277a43732747af9d90964f46f44a0e92938167305e04721935de313035c0f00c	TRV:276446ba01e3aa387c83b06f54fccc5ac65bdc6099157a2a828716eac9c6fd4d	TRV:628bbc2d6553accb5320993afff75b39993c7ae9514d1f39d8a28834bfaf8170	trade	gendering	trade	gendering	TRV:276446ba01e3aa387c83b06f54fccc5ac65bdc6099157a2a828716eac9c6fd4d|TRV:628bbc2d6553accb5320993afff75b39993c7ae9514d1f39d8a28834bfaf8170	false	f060a55bd53f6c963bddeea330165abfd238113ea7b158c2e3614e09bebe453f
123	R16A-PAIR:7ffafafc9e483b759fb0e339ef3a2a491c25b19a4d0a36a499fe065f4803ffb9	TRV:276446ba01e3aa387c83b06f54fccc5ac65bdc6099157a2a828716eac9c6fd4d	TRV:68bf0109c6f8a87bfa96d1ecd9503326ba35cf4a6086988a1d2c8a20fbef00d1	trade	education	trade	education	TRV:276446ba01e3aa387c83b06f54fccc5ac65bdc6099157a2a828716eac9c6fd4d|TRV:68bf0109c6f8a87bfa96d1ecd9503326ba35cf4a6086988a1d2c8a20fbef00d1	false	f060a55bd53f6c963bddeea330165abfd238113ea7b158c2e3614e09bebe453f
124	R16A-PAIR:ace59e4893e84c56b9bd4ea3a7e1ccdef0854579ec84567af4a24a71e90b44a8	TRV:276446ba01e3aa387c83b06f54fccc5ac65bdc6099157a2a828716eac9c6fd4d	TRV:83a2bff84b1d599d9eed884a09666501c96224a0b3b7457699ef0be145e76e73	trade	exhibition	trade	exhibition	TRV:276446ba01e3aa387c83b06f54fccc5ac65bdc6099157a2a828716eac9c6fd4d|TRV:83a2bff84b1d599d9eed884a09666501c96224a0b3b7457699ef0be145e76e73	false	f060a55bd53f6c963bddeea330165abfd238113ea7b158c2e3614e09bebe453f
125	R16A-PAIR:4884411b6140eb1ad038653faebf3f3e04889d9c22bf808f7697591cf9db9e84	TRV:276446ba01e3aa387c83b06f54fccc5ac65bdc6099157a2a828716eac9c6fd4d	TRV:9e44dae2c5ca8dc916878b28f5ec3720e42ea22d2add139759780727e6f487ce	trade	mediation	trade	mediation	TRV:276446ba01e3aa387c83b06f54fccc5ac65bdc6099157a2a828716eac9c6fd4d|TRV:9e44dae2c5ca8dc916878b28f5ec3720e42ea22d2add139759780727e6f487ce	false	f060a55bd53f6c963bddeea330165abfd238113ea7b158c2e3614e09bebe453f
126	R16A-PAIR:6263f2c7292a5166f92be8eecc1fe3d9f19038dff67834eff32bbe08f55977bc	TRV:276446ba01e3aa387c83b06f54fccc5ac65bdc6099157a2a828716eac9c6fd4d	TRV:a7835c05c37c3352068d6c2aff509f141e085c6bc072303d3e6676035dc483d4	trade	cultural transformation	trade	cultural transformation	TRV:276446ba01e3aa387c83b06f54fccc5ac65bdc6099157a2a828716eac9c6fd4d|TRV:a7835c05c37c3352068d6c2aff509f141e085c6bc072303d3e6676035dc483d4	false	f060a55bd53f6c963bddeea330165abfd238113ea7b158c2e3614e09bebe453f
127	R16A-PAIR:e79f8ad53053a50c4d34cafadf79a874e0289ee2418a9f20b804870b066e8d86	TRV:276446ba01e3aa387c83b06f54fccc5ac65bdc6099157a2a828716eac9c6fd4d	TRV:a85f306d70c2839db5dad35765d50a5b17eec2c9d0dee0641333805efede7b28	trade	mobile object	trade	mobile object	TRV:276446ba01e3aa387c83b06f54fccc5ac65bdc6099157a2a828716eac9c6fd4d|TRV:a85f306d70c2839db5dad35765d50a5b17eec2c9d0dee0641333805efede7b28	false	f060a55bd53f6c963bddeea330165abfd238113ea7b158c2e3614e09bebe453f
128	R16A-PAIR:12a798105e7ba689f5f932ed1bd709c6203d7e32adc89d5644392b7349b9adff	TRV:276446ba01e3aa387c83b06f54fccc5ac65bdc6099157a2a828716eac9c6fd4d	TRV:ab8e18ef4ebebeddc0b3152ce9c9006e14fc05242e3fc9ce32246ea6a9543074	trade	production	trade	production	TRV:276446ba01e3aa387c83b06f54fccc5ac65bdc6099157a2a828716eac9c6fd4d|TRV:ab8e18ef4ebebeddc0b3152ce9c9006e14fc05242e3fc9ce32246ea6a9543074	false	f060a55bd53f6c963bddeea330165abfd238113ea7b158c2e3614e09bebe453f
129	R16A-PAIR:53042462a181b7f7858458c84f5c514584eb92ae5519e9bfd53aaa8f177a863d	TRV:276446ba01e3aa387c83b06f54fccc5ac65bdc6099157a2a828716eac9c6fd4d	TRV:ad8c6f6e417a6d2db992c155701ed13494624142922d58eda2e4ad0fa4672fa8	trade	consumption	trade	consumption	TRV:276446ba01e3aa387c83b06f54fccc5ac65bdc6099157a2a828716eac9c6fd4d|TRV:ad8c6f6e417a6d2db992c155701ed13494624142922d58eda2e4ad0fa4672fa8	false	f060a55bd53f6c963bddeea330165abfd238113ea7b158c2e3614e09bebe453f
130	R16A-PAIR:0f3b161edf5dfd0ce0caa64d82a9d56b4bd9328586a57b56adc3f9a5e5214d4b	TRV:276446ba01e3aa387c83b06f54fccc5ac65bdc6099157a2a828716eac9c6fd4d	TRV:b1195fbfc5f343ebd84eb46acece15907e639a564f04af5d04d58c70e127a14b	trade	professionalization	trade	professionalization	TRV:276446ba01e3aa387c83b06f54fccc5ac65bdc6099157a2a828716eac9c6fd4d|TRV:b1195fbfc5f343ebd84eb46acece15907e639a564f04af5d04d58c70e127a14b	false	f060a55bd53f6c963bddeea330165abfd238113ea7b158c2e3614e09bebe453f
131	R16A-PAIR:e380e4217bcfae4640f9ba142899266c74afb165fedd87fc7a78773fb1f5fe7f	TRV:276446ba01e3aa387c83b06f54fccc5ac65bdc6099157a2a828716eac9c6fd4d	TRV:b57559d1d19ef1967b6015fa23577c3fac4b79ae3ca54ef4eb760e18300875a3	trade	commodification	trade	commodification	TRV:276446ba01e3aa387c83b06f54fccc5ac65bdc6099157a2a828716eac9c6fd4d|TRV:b57559d1d19ef1967b6015fa23577c3fac4b79ae3ca54ef4eb760e18300875a3	false	f060a55bd53f6c963bddeea330165abfd238113ea7b158c2e3614e09bebe453f
132	R16A-PAIR:3eb1f14455d9d1ae1d7ff70a4dceec51ea25d608b2b0725c404f4689d1ab4c06	TRV:276446ba01e3aa387c83b06f54fccc5ac65bdc6099157a2a828716eac9c6fd4d	TRV:be33e16d8f585c08bb0efe6f0df92659a22d534298639f5318d2a2580546fdcc	trade	production site	trade	production site	TRV:276446ba01e3aa387c83b06f54fccc5ac65bdc6099157a2a828716eac9c6fd4d|TRV:be33e16d8f585c08bb0efe6f0df92659a22d534298639f5318d2a2580546fdcc	false	f060a55bd53f6c963bddeea330165abfd238113ea7b158c2e3614e09bebe453f
133	R16A-PAIR:a5ba48362521c20f41bebbcb8842f50247587a15a7922414d213a7c6e2fda2a6	TRV:276446ba01e3aa387c83b06f54fccc5ac65bdc6099157a2a828716eac9c6fd4d	TRV:c460d6a56db8d84e6ee3a5c96c4a72ce1170116cab3ad0659544494547ecae77	trade	piracy	trade	piracy	TRV:276446ba01e3aa387c83b06f54fccc5ac65bdc6099157a2a828716eac9c6fd4d|TRV:c460d6a56db8d84e6ee3a5c96c4a72ce1170116cab3ad0659544494547ecae77	false	f060a55bd53f6c963bddeea330165abfd238113ea7b158c2e3614e09bebe453f
134	R16A-PAIR:d48d94785e1c55d478fc4a9f4a6115f08ba36f949718e4521638e9f31ca167ea	TRV:276446ba01e3aa387c83b06f54fccc5ac65bdc6099157a2a828716eac9c6fd4d	TRV:c76c09a3f32430db9b00d1c47eaf288d54331355f666dfcb11e4f4ef3a965212	trade	cultural transfer	trade	cultural transfer	TRV:276446ba01e3aa387c83b06f54fccc5ac65bdc6099157a2a828716eac9c6fd4d|TRV:c76c09a3f32430db9b00d1c47eaf288d54331355f666dfcb11e4f4ef3a965212	false	f060a55bd53f6c963bddeea330165abfd238113ea7b158c2e3614e09bebe453f
135	R16A-PAIR:e153332b67669fdaa24f256bfcf61135e56eb2894e48481afc71ae4327c81422	TRV:276446ba01e3aa387c83b06f54fccc5ac65bdc6099157a2a828716eac9c6fd4d	TRV:c82d3d4865e41e2a263ff0427c4df2b8e3e43a85c835404d033d764468b3ba55	trade	propaganda	trade	propaganda	TRV:276446ba01e3aa387c83b06f54fccc5ac65bdc6099157a2a828716eac9c6fd4d|TRV:c82d3d4865e41e2a263ff0427c4df2b8e3e43a85c835404d033d764468b3ba55	false	f060a55bd53f6c963bddeea330165abfd238113ea7b158c2e3614e09bebe453f
136	R16A-PAIR:e398555ce15119488ebc647fe885fff13ff8489cd594774c88649ca7bcc61247	TRV:276446ba01e3aa387c83b06f54fccc5ac65bdc6099157a2a828716eac9c6fd4d	TRV:d27a4a1080657098835b014b8f47529c5be746cb60b043fb2400fec1a6948185	trade	advertising	trade	advertising	TRV:276446ba01e3aa387c83b06f54fccc5ac65bdc6099157a2a828716eac9c6fd4d|TRV:d27a4a1080657098835b014b8f47529c5be746cb60b043fb2400fec1a6948185	false	f060a55bd53f6c963bddeea330165abfd238113ea7b158c2e3614e09bebe453f
137	R16A-PAIR:d5e528b9f1bf542546c032fbf339867a9f67b37e6bc747af014ce953a0f8d1db	TRV:276446ba01e3aa387c83b06f54fccc5ac65bdc6099157a2a828716eac9c6fd4d	TRV:d366de58d3002458bfb404ee505621e926c518871a4caeffcdfb89b45f8112ef	trade	material displacement	trade	material displacement	TRV:276446ba01e3aa387c83b06f54fccc5ac65bdc6099157a2a828716eac9c6fd4d|TRV:d366de58d3002458bfb404ee505621e926c518871a4caeffcdfb89b45f8112ef	false	f060a55bd53f6c963bddeea330165abfd238113ea7b158c2e3614e09bebe453f
138	R16A-PAIR:85ea10e7ac1e11a4588de2d670f8d69b8b759161a87d0175ef5dd389f2e88063	TRV:276446ba01e3aa387c83b06f54fccc5ac65bdc6099157a2a828716eac9c6fd4d	TRV:e581bd8a1b6363a295216bc7c9f8d958e26ef7406beab6becbf90ff8e2680bd5	trade	canonization	trade	canonization	TRV:276446ba01e3aa387c83b06f54fccc5ac65bdc6099157a2a828716eac9c6fd4d|TRV:e581bd8a1b6363a295216bc7c9f8d958e26ef7406beab6becbf90ff8e2680bd5	false	f060a55bd53f6c963bddeea330165abfd238113ea7b158c2e3614e09bebe453f
139	R16A-PAIR:71a6920528a60921ea9c9e0cb594eeb56415d566cc318d9b5b8f88a06824a6fe	TRV:276446ba01e3aa387c83b06f54fccc5ac65bdc6099157a2a828716eac9c6fd4d	TRV:f921321aaedb0bb53398796772f843dc4a5963edfba778ee3a6bd9f592e21795	trade	imitation	trade	imitation	TRV:276446ba01e3aa387c83b06f54fccc5ac65bdc6099157a2a828716eac9c6fd4d|TRV:f921321aaedb0bb53398796772f843dc4a5963edfba778ee3a6bd9f592e21795	false	f060a55bd53f6c963bddeea330165abfd238113ea7b158c2e3614e09bebe453f
140	R16A-PAIR:927c8952ee91e3ab428f2837ff2f4bc28e0aaeec9390dafbe9f43b6d96f675a1	TRV:276446ba01e3aa387c83b06f54fccc5ac65bdc6099157a2a828716eac9c6fd4d	TRV:fd793986cd6d45968d3c7103e778813542e6a9979a85e9cf512450307c9f7342	trade	rejection	trade	rejection	TRV:276446ba01e3aa387c83b06f54fccc5ac65bdc6099157a2a828716eac9c6fd4d|TRV:fd793986cd6d45968d3c7103e778813542e6a9979a85e9cf512450307c9f7342	false	f060a55bd53f6c963bddeea330165abfd238113ea7b158c2e3614e09bebe453f
141	R16A-PAIR:ea6a0a2ae380c4b0da738e61a41fd479889829aac8edc6679758b0cd76064d1d	TRV:2fe1d615f7fb24b99fb828c5ceadcf06635e7fb6f47910f32d2daf1f6bd763f0	TRV:303eafd7c2afb63e99e140c4ba2abd1de5f78f9e8ebbb3040b4531b6df568639	adaptation	design diplomacy	adaptation	design diplomacy	TRV:2fe1d615f7fb24b99fb828c5ceadcf06635e7fb6f47910f32d2daf1f6bd763f0|TRV:303eafd7c2afb63e99e140c4ba2abd1de5f78f9e8ebbb3040b4531b6df568639	false	f060a55bd53f6c963bddeea330165abfd238113ea7b158c2e3614e09bebe453f
142	R16A-PAIR:04d35a95702e4c43c0913c9e64dfb1f02728def0b5063fd8c254e56562988be6	TRV:2fe1d615f7fb24b99fb828c5ceadcf06635e7fb6f47910f32d2daf1f6bd763f0	TRV:355543f790a3b210ecf36c82a2738896d9574c17e963a63633febac1f2386737	adaptation	craft	adaptation	craft	TRV:2fe1d615f7fb24b99fb828c5ceadcf06635e7fb6f47910f32d2daf1f6bd763f0|TRV:355543f790a3b210ecf36c82a2738896d9574c17e963a63633febac1f2386737	false	f060a55bd53f6c963bddeea330165abfd238113ea7b158c2e3614e09bebe453f
143	R16A-PAIR:65b7e3c28542f69aad7fece1e66f1fb0f3ed7fbcb9351ac9ba31baf5b3870063	TRV:2fe1d615f7fb24b99fb828c5ceadcf06635e7fb6f47910f32d2daf1f6bd763f0	TRV:448547bdedc22e5502256bdbd2714b8f2f4d7a5cbf8ce1dc30d21f16b18878a8	adaptation	self-exoticization	adaptation	self-exoticization	TRV:2fe1d615f7fb24b99fb828c5ceadcf06635e7fb6f47910f32d2daf1f6bd763f0|TRV:448547bdedc22e5502256bdbd2714b8f2f4d7a5cbf8ce1dc30d21f16b18878a8	false	f060a55bd53f6c963bddeea330165abfd238113ea7b158c2e3614e09bebe453f
144	R16A-PAIR:ccab60f303b740850573b078a73074d90fb80b191f7101a41fac5cba1bfa3fac	TRV:2fe1d615f7fb24b99fb828c5ceadcf06635e7fb6f47910f32d2daf1f6bd763f0	TRV:48047b49b975ee8880742ea2544b30e8965f1675df787e9d832f8e0c2db87630	adaptation	typography	adaptation	typography	TRV:2fe1d615f7fb24b99fb828c5ceadcf06635e7fb6f47910f32d2daf1f6bd763f0|TRV:48047b49b975ee8880742ea2544b30e8965f1675df787e9d832f8e0c2db87630	false	f060a55bd53f6c963bddeea330165abfd238113ea7b158c2e3614e09bebe453f
145	R16A-PAIR:9ca37a62a4add888ee512590b6a4d40e426c5f8c910f5677387870e55cf46c54	TRV:2fe1d615f7fb24b99fb828c5ceadcf06635e7fb6f47910f32d2daf1f6bd763f0	TRV:54d55704f5d7e2caa927feedf94edf8b9dd2ebfafc4b0aa68875bcbcbabaaa79	adaptation	institutionalization	adaptation	institutionalization	TRV:2fe1d615f7fb24b99fb828c5ceadcf06635e7fb6f47910f32d2daf1f6bd763f0|TRV:54d55704f5d7e2caa927feedf94edf8b9dd2ebfafc4b0aa68875bcbcbabaaa79	false	f060a55bd53f6c963bddeea330165abfd238113ea7b158c2e3614e09bebe453f
146	R16A-PAIR:4cf124f8588611ba0a2f76bce26ab0b5890dcfcf71d9283888d62d58bcdb974a	TRV:2fe1d615f7fb24b99fb828c5ceadcf06635e7fb6f47910f32d2daf1f6bd763f0	TRV:5660ce124250ffd0ecbcf64a7359315bd26afdb0d89c559c03a491cc2138e4ed	adaptation	cultural negotiation	adaptation	cultural negotiation	TRV:2fe1d615f7fb24b99fb828c5ceadcf06635e7fb6f47910f32d2daf1f6bd763f0|TRV:5660ce124250ffd0ecbcf64a7359315bd26afdb0d89c559c03a491cc2138e4ed	false	f060a55bd53f6c963bddeea330165abfd238113ea7b158c2e3614e09bebe453f
147	R16A-PAIR:47981c81d762a56a291f36d16fbb57dc4a91ee2f709dfc79e6a2150919b569f1	TRV:2fe1d615f7fb24b99fb828c5ceadcf06635e7fb6f47910f32d2daf1f6bd763f0	TRV:628bbc2d6553accb5320993afff75b39993c7ae9514d1f39d8a28834bfaf8170	adaptation	gendering	adaptation	gendering	TRV:2fe1d615f7fb24b99fb828c5ceadcf06635e7fb6f47910f32d2daf1f6bd763f0|TRV:628bbc2d6553accb5320993afff75b39993c7ae9514d1f39d8a28834bfaf8170	false	f060a55bd53f6c963bddeea330165abfd238113ea7b158c2e3614e09bebe453f
148	R16A-PAIR:32b6825a5559e9009fb93347247b3c901cad591292ed915d6202e4d7b6df0457	TRV:2fe1d615f7fb24b99fb828c5ceadcf06635e7fb6f47910f32d2daf1f6bd763f0	TRV:68bf0109c6f8a87bfa96d1ecd9503326ba35cf4a6086988a1d2c8a20fbef00d1	adaptation	education	adaptation	education	TRV:2fe1d615f7fb24b99fb828c5ceadcf06635e7fb6f47910f32d2daf1f6bd763f0|TRV:68bf0109c6f8a87bfa96d1ecd9503326ba35cf4a6086988a1d2c8a20fbef00d1	false	f060a55bd53f6c963bddeea330165abfd238113ea7b158c2e3614e09bebe453f
149	R16A-PAIR:2b4d65eee423e9642e8f957a5380e6b7fa0c6144a43b10c77564e28053b5a85e	TRV:2fe1d615f7fb24b99fb828c5ceadcf06635e7fb6f47910f32d2daf1f6bd763f0	TRV:83a2bff84b1d599d9eed884a09666501c96224a0b3b7457699ef0be145e76e73	adaptation	exhibition	adaptation	exhibition	TRV:2fe1d615f7fb24b99fb828c5ceadcf06635e7fb6f47910f32d2daf1f6bd763f0|TRV:83a2bff84b1d599d9eed884a09666501c96224a0b3b7457699ef0be145e76e73	false	f060a55bd53f6c963bddeea330165abfd238113ea7b158c2e3614e09bebe453f
150	R16A-PAIR:8b26b95dfcd11f294ab40097eb731a39c1eef3488863ae9c9ad65a16bafa82c6	TRV:2fe1d615f7fb24b99fb828c5ceadcf06635e7fb6f47910f32d2daf1f6bd763f0	TRV:9e44dae2c5ca8dc916878b28f5ec3720e42ea22d2add139759780727e6f487ce	adaptation	mediation	adaptation	mediation	TRV:2fe1d615f7fb24b99fb828c5ceadcf06635e7fb6f47910f32d2daf1f6bd763f0|TRV:9e44dae2c5ca8dc916878b28f5ec3720e42ea22d2add139759780727e6f487ce	false	f060a55bd53f6c963bddeea330165abfd238113ea7b158c2e3614e09bebe453f
151	R16A-PAIR:5a44a126d6427a159cc4d5d5d0e95750ff9020efdd1cace08c226566017858a5	TRV:2fe1d615f7fb24b99fb828c5ceadcf06635e7fb6f47910f32d2daf1f6bd763f0	TRV:a7835c05c37c3352068d6c2aff509f141e085c6bc072303d3e6676035dc483d4	adaptation	cultural transformation	adaptation	cultural transformation	TRV:2fe1d615f7fb24b99fb828c5ceadcf06635e7fb6f47910f32d2daf1f6bd763f0|TRV:a7835c05c37c3352068d6c2aff509f141e085c6bc072303d3e6676035dc483d4	false	f060a55bd53f6c963bddeea330165abfd238113ea7b158c2e3614e09bebe453f
152	R16A-PAIR:c260664d0dcf52233a05697589c32d9ff9442c101a347166462e972931ae4f27	TRV:2fe1d615f7fb24b99fb828c5ceadcf06635e7fb6f47910f32d2daf1f6bd763f0	TRV:a85f306d70c2839db5dad35765d50a5b17eec2c9d0dee0641333805efede7b28	adaptation	mobile object	adaptation	mobile object	TRV:2fe1d615f7fb24b99fb828c5ceadcf06635e7fb6f47910f32d2daf1f6bd763f0|TRV:a85f306d70c2839db5dad35765d50a5b17eec2c9d0dee0641333805efede7b28	false	f060a55bd53f6c963bddeea330165abfd238113ea7b158c2e3614e09bebe453f
153	R16A-PAIR:66f1ea809f5027a2caa56caf3cf419770083ac9b9b4f2bd05580ebac493fc462	TRV:2fe1d615f7fb24b99fb828c5ceadcf06635e7fb6f47910f32d2daf1f6bd763f0	TRV:ab8e18ef4ebebeddc0b3152ce9c9006e14fc05242e3fc9ce32246ea6a9543074	adaptation	production	adaptation	production	TRV:2fe1d615f7fb24b99fb828c5ceadcf06635e7fb6f47910f32d2daf1f6bd763f0|TRV:ab8e18ef4ebebeddc0b3152ce9c9006e14fc05242e3fc9ce32246ea6a9543074	false	f060a55bd53f6c963bddeea330165abfd238113ea7b158c2e3614e09bebe453f
154	R16A-PAIR:313bc5a173f238638eec99b49ab0583563a2c6a45bc02661a4279fe28560def4	TRV:2fe1d615f7fb24b99fb828c5ceadcf06635e7fb6f47910f32d2daf1f6bd763f0	TRV:ad8c6f6e417a6d2db992c155701ed13494624142922d58eda2e4ad0fa4672fa8	adaptation	consumption	adaptation	consumption	TRV:2fe1d615f7fb24b99fb828c5ceadcf06635e7fb6f47910f32d2daf1f6bd763f0|TRV:ad8c6f6e417a6d2db992c155701ed13494624142922d58eda2e4ad0fa4672fa8	false	f060a55bd53f6c963bddeea330165abfd238113ea7b158c2e3614e09bebe453f
155	R16A-PAIR:7fd2bb9cb367c99e93ddac677e9f945f8b31b51e994ab6ea209fdf9fea8e7006	TRV:2fe1d615f7fb24b99fb828c5ceadcf06635e7fb6f47910f32d2daf1f6bd763f0	TRV:b1195fbfc5f343ebd84eb46acece15907e639a564f04af5d04d58c70e127a14b	adaptation	professionalization	adaptation	professionalization	TRV:2fe1d615f7fb24b99fb828c5ceadcf06635e7fb6f47910f32d2daf1f6bd763f0|TRV:b1195fbfc5f343ebd84eb46acece15907e639a564f04af5d04d58c70e127a14b	false	f060a55bd53f6c963bddeea330165abfd238113ea7b158c2e3614e09bebe453f
156	R16A-PAIR:0f25f435a68553b3a9e744795075b47752208fd61d4ef6c31855780c42ce6349	TRV:2fe1d615f7fb24b99fb828c5ceadcf06635e7fb6f47910f32d2daf1f6bd763f0	TRV:b57559d1d19ef1967b6015fa23577c3fac4b79ae3ca54ef4eb760e18300875a3	adaptation	commodification	adaptation	commodification	TRV:2fe1d615f7fb24b99fb828c5ceadcf06635e7fb6f47910f32d2daf1f6bd763f0|TRV:b57559d1d19ef1967b6015fa23577c3fac4b79ae3ca54ef4eb760e18300875a3	false	f060a55bd53f6c963bddeea330165abfd238113ea7b158c2e3614e09bebe453f
157	R16A-PAIR:d23e01a2725409c96af483816e0f2b5d9436ed57430a6f339ec5756789a93ef5	TRV:2fe1d615f7fb24b99fb828c5ceadcf06635e7fb6f47910f32d2daf1f6bd763f0	TRV:be33e16d8f585c08bb0efe6f0df92659a22d534298639f5318d2a2580546fdcc	adaptation	production site	adaptation	production site	TRV:2fe1d615f7fb24b99fb828c5ceadcf06635e7fb6f47910f32d2daf1f6bd763f0|TRV:be33e16d8f585c08bb0efe6f0df92659a22d534298639f5318d2a2580546fdcc	false	f060a55bd53f6c963bddeea330165abfd238113ea7b158c2e3614e09bebe453f
158	R16A-PAIR:ac3649ab230ba6c4e7f33ccfb7ee5e3ea82ea9a813673c7790f49f70d5d9f248	TRV:2fe1d615f7fb24b99fb828c5ceadcf06635e7fb6f47910f32d2daf1f6bd763f0	TRV:c460d6a56db8d84e6ee3a5c96c4a72ce1170116cab3ad0659544494547ecae77	adaptation	piracy	adaptation	piracy	TRV:2fe1d615f7fb24b99fb828c5ceadcf06635e7fb6f47910f32d2daf1f6bd763f0|TRV:c460d6a56db8d84e6ee3a5c96c4a72ce1170116cab3ad0659544494547ecae77	false	f060a55bd53f6c963bddeea330165abfd238113ea7b158c2e3614e09bebe453f
159	R16A-PAIR:452531b8a163bc3a85ed91cfcdc60fae783703955635f923a46558b29d832ad0	TRV:2fe1d615f7fb24b99fb828c5ceadcf06635e7fb6f47910f32d2daf1f6bd763f0	TRV:c76c09a3f32430db9b00d1c47eaf288d54331355f666dfcb11e4f4ef3a965212	adaptation	cultural transfer	adaptation	cultural transfer	TRV:2fe1d615f7fb24b99fb828c5ceadcf06635e7fb6f47910f32d2daf1f6bd763f0|TRV:c76c09a3f32430db9b00d1c47eaf288d54331355f666dfcb11e4f4ef3a965212	false	f060a55bd53f6c963bddeea330165abfd238113ea7b158c2e3614e09bebe453f
160	R16A-PAIR:26a5ab6e589fc29ca7086e98e14a03f9e82a781fe0fce186c9c50258af445335	TRV:2fe1d615f7fb24b99fb828c5ceadcf06635e7fb6f47910f32d2daf1f6bd763f0	TRV:c82d3d4865e41e2a263ff0427c4df2b8e3e43a85c835404d033d764468b3ba55	adaptation	propaganda	adaptation	propaganda	TRV:2fe1d615f7fb24b99fb828c5ceadcf06635e7fb6f47910f32d2daf1f6bd763f0|TRV:c82d3d4865e41e2a263ff0427c4df2b8e3e43a85c835404d033d764468b3ba55	false	f060a55bd53f6c963bddeea330165abfd238113ea7b158c2e3614e09bebe453f
161	R16A-PAIR:4172247222415ae5410d1a79aacda1adce34c702c9a4876f2d871ab19fe4269c	TRV:2fe1d615f7fb24b99fb828c5ceadcf06635e7fb6f47910f32d2daf1f6bd763f0	TRV:d27a4a1080657098835b014b8f47529c5be746cb60b043fb2400fec1a6948185	adaptation	advertising	adaptation	advertising	TRV:2fe1d615f7fb24b99fb828c5ceadcf06635e7fb6f47910f32d2daf1f6bd763f0|TRV:d27a4a1080657098835b014b8f47529c5be746cb60b043fb2400fec1a6948185	false	f060a55bd53f6c963bddeea330165abfd238113ea7b158c2e3614e09bebe453f
162	R16A-PAIR:991b37d7fe525ce8f0c559b89e56fadfbf4c4f8c997b2a0e9c76522a872d56fb	TRV:2fe1d615f7fb24b99fb828c5ceadcf06635e7fb6f47910f32d2daf1f6bd763f0	TRV:d366de58d3002458bfb404ee505621e926c518871a4caeffcdfb89b45f8112ef	adaptation	material displacement	adaptation	material displacement	TRV:2fe1d615f7fb24b99fb828c5ceadcf06635e7fb6f47910f32d2daf1f6bd763f0|TRV:d366de58d3002458bfb404ee505621e926c518871a4caeffcdfb89b45f8112ef	false	f060a55bd53f6c963bddeea330165abfd238113ea7b158c2e3614e09bebe453f
163	R16A-PAIR:c0f7706cffae8a99d1ac52cc2327f4a00b292d46f47e2d37d88150c657af5c0f	TRV:2fe1d615f7fb24b99fb828c5ceadcf06635e7fb6f47910f32d2daf1f6bd763f0	TRV:e581bd8a1b6363a295216bc7c9f8d958e26ef7406beab6becbf90ff8e2680bd5	adaptation	canonization	adaptation	canonization	TRV:2fe1d615f7fb24b99fb828c5ceadcf06635e7fb6f47910f32d2daf1f6bd763f0|TRV:e581bd8a1b6363a295216bc7c9f8d958e26ef7406beab6becbf90ff8e2680bd5	false	f060a55bd53f6c963bddeea330165abfd238113ea7b158c2e3614e09bebe453f
164	R16A-PAIR:16416e93bf18a65a3d41980d70916ea54d9d6654e226672f3e702fba06994c34	TRV:2fe1d615f7fb24b99fb828c5ceadcf06635e7fb6f47910f32d2daf1f6bd763f0	TRV:f921321aaedb0bb53398796772f843dc4a5963edfba778ee3a6bd9f592e21795	adaptation	imitation	adaptation	imitation	TRV:2fe1d615f7fb24b99fb828c5ceadcf06635e7fb6f47910f32d2daf1f6bd763f0|TRV:f921321aaedb0bb53398796772f843dc4a5963edfba778ee3a6bd9f592e21795	false	f060a55bd53f6c963bddeea330165abfd238113ea7b158c2e3614e09bebe453f
165	R16A-PAIR:c58fe913fc06f2896c1022f7ccc0e9de1b0f7f1121f09c7d18162d40fe764cf9	TRV:2fe1d615f7fb24b99fb828c5ceadcf06635e7fb6f47910f32d2daf1f6bd763f0	TRV:fd793986cd6d45968d3c7103e778813542e6a9979a85e9cf512450307c9f7342	adaptation	rejection	adaptation	rejection	TRV:2fe1d615f7fb24b99fb828c5ceadcf06635e7fb6f47910f32d2daf1f6bd763f0|TRV:fd793986cd6d45968d3c7103e778813542e6a9979a85e9cf512450307c9f7342	false	f060a55bd53f6c963bddeea330165abfd238113ea7b158c2e3614e09bebe453f
166	R16A-PAIR:80281c11240e2664fdc3d4b0a36d6a76e0cbf2fbdd0fc71753b46528285ae31e	TRV:303eafd7c2afb63e99e140c4ba2abd1de5f78f9e8ebbb3040b4531b6df568639	TRV:355543f790a3b210ecf36c82a2738896d9574c17e963a63633febac1f2386737	design diplomacy	craft	design diplomacy	craft	TRV:303eafd7c2afb63e99e140c4ba2abd1de5f78f9e8ebbb3040b4531b6df568639|TRV:355543f790a3b210ecf36c82a2738896d9574c17e963a63633febac1f2386737	false	f060a55bd53f6c963bddeea330165abfd238113ea7b158c2e3614e09bebe453f
167	R16A-PAIR:cc852b7fae6f31b0e29b3f9ba4cf73e49aecbe8988357eb46d2c044aaa0f1e77	TRV:303eafd7c2afb63e99e140c4ba2abd1de5f78f9e8ebbb3040b4531b6df568639	TRV:448547bdedc22e5502256bdbd2714b8f2f4d7a5cbf8ce1dc30d21f16b18878a8	design diplomacy	self-exoticization	design diplomacy	self-exoticization	TRV:303eafd7c2afb63e99e140c4ba2abd1de5f78f9e8ebbb3040b4531b6df568639|TRV:448547bdedc22e5502256bdbd2714b8f2f4d7a5cbf8ce1dc30d21f16b18878a8	false	f060a55bd53f6c963bddeea330165abfd238113ea7b158c2e3614e09bebe453f
168	R16A-PAIR:43cf7b40e525e7e3944a25de4583d7184b28965d6e1ed48004c4aef2e7c509ee	TRV:303eafd7c2afb63e99e140c4ba2abd1de5f78f9e8ebbb3040b4531b6df568639	TRV:48047b49b975ee8880742ea2544b30e8965f1675df787e9d832f8e0c2db87630	design diplomacy	typography	design diplomacy	typography	TRV:303eafd7c2afb63e99e140c4ba2abd1de5f78f9e8ebbb3040b4531b6df568639|TRV:48047b49b975ee8880742ea2544b30e8965f1675df787e9d832f8e0c2db87630	false	f060a55bd53f6c963bddeea330165abfd238113ea7b158c2e3614e09bebe453f
169	R16A-PAIR:4a599a1064b6a96ffe69cb257dce235f5b59c778338c729ba52ba4347f669b08	TRV:303eafd7c2afb63e99e140c4ba2abd1de5f78f9e8ebbb3040b4531b6df568639	TRV:54d55704f5d7e2caa927feedf94edf8b9dd2ebfafc4b0aa68875bcbcbabaaa79	design diplomacy	institutionalization	design diplomacy	institutionalization	TRV:303eafd7c2afb63e99e140c4ba2abd1de5f78f9e8ebbb3040b4531b6df568639|TRV:54d55704f5d7e2caa927feedf94edf8b9dd2ebfafc4b0aa68875bcbcbabaaa79	false	f060a55bd53f6c963bddeea330165abfd238113ea7b158c2e3614e09bebe453f
170	R16A-PAIR:7a4f081702e3e80efe57e7bcd0a0ea46330065f527fe2aba434bcaf394812a30	TRV:303eafd7c2afb63e99e140c4ba2abd1de5f78f9e8ebbb3040b4531b6df568639	TRV:5660ce124250ffd0ecbcf64a7359315bd26afdb0d89c559c03a491cc2138e4ed	design diplomacy	cultural negotiation	design diplomacy	cultural negotiation	TRV:303eafd7c2afb63e99e140c4ba2abd1de5f78f9e8ebbb3040b4531b6df568639|TRV:5660ce124250ffd0ecbcf64a7359315bd26afdb0d89c559c03a491cc2138e4ed	false	f060a55bd53f6c963bddeea330165abfd238113ea7b158c2e3614e09bebe453f
171	R16A-PAIR:8a748b2d2d0dd5ca1d4098148c55fd8d501aa7619605e61e37fc14be83159258	TRV:303eafd7c2afb63e99e140c4ba2abd1de5f78f9e8ebbb3040b4531b6df568639	TRV:628bbc2d6553accb5320993afff75b39993c7ae9514d1f39d8a28834bfaf8170	design diplomacy	gendering	design diplomacy	gendering	TRV:303eafd7c2afb63e99e140c4ba2abd1de5f78f9e8ebbb3040b4531b6df568639|TRV:628bbc2d6553accb5320993afff75b39993c7ae9514d1f39d8a28834bfaf8170	false	f060a55bd53f6c963bddeea330165abfd238113ea7b158c2e3614e09bebe453f
172	R16A-PAIR:95b8a17885d231f030b15f8b4f027c71313290e4c1ec5857f1ee22395abb6a16	TRV:303eafd7c2afb63e99e140c4ba2abd1de5f78f9e8ebbb3040b4531b6df568639	TRV:68bf0109c6f8a87bfa96d1ecd9503326ba35cf4a6086988a1d2c8a20fbef00d1	design diplomacy	education	design diplomacy	education	TRV:303eafd7c2afb63e99e140c4ba2abd1de5f78f9e8ebbb3040b4531b6df568639|TRV:68bf0109c6f8a87bfa96d1ecd9503326ba35cf4a6086988a1d2c8a20fbef00d1	false	f060a55bd53f6c963bddeea330165abfd238113ea7b158c2e3614e09bebe453f
173	R16A-PAIR:db9e8b1d1d7e17983872e3600cd1a3ce5ae7f3c907ae70bdeafcbd0b2c6a0460	TRV:303eafd7c2afb63e99e140c4ba2abd1de5f78f9e8ebbb3040b4531b6df568639	TRV:83a2bff84b1d599d9eed884a09666501c96224a0b3b7457699ef0be145e76e73	design diplomacy	exhibition	design diplomacy	exhibition	TRV:303eafd7c2afb63e99e140c4ba2abd1de5f78f9e8ebbb3040b4531b6df568639|TRV:83a2bff84b1d599d9eed884a09666501c96224a0b3b7457699ef0be145e76e73	false	f060a55bd53f6c963bddeea330165abfd238113ea7b158c2e3614e09bebe453f
174	R16A-PAIR:3a6b41fc0f7f4a2180311b797730b162cd49b537cd52055441c0c7238a51d468	TRV:303eafd7c2afb63e99e140c4ba2abd1de5f78f9e8ebbb3040b4531b6df568639	TRV:9e44dae2c5ca8dc916878b28f5ec3720e42ea22d2add139759780727e6f487ce	design diplomacy	mediation	design diplomacy	mediation	TRV:303eafd7c2afb63e99e140c4ba2abd1de5f78f9e8ebbb3040b4531b6df568639|TRV:9e44dae2c5ca8dc916878b28f5ec3720e42ea22d2add139759780727e6f487ce	false	f060a55bd53f6c963bddeea330165abfd238113ea7b158c2e3614e09bebe453f
175	R16A-PAIR:7ffe6c5db5049aeb6b7b4785a9e05db3cb4eebc1c9c0cbfda7734335be42c0ce	TRV:303eafd7c2afb63e99e140c4ba2abd1de5f78f9e8ebbb3040b4531b6df568639	TRV:a7835c05c37c3352068d6c2aff509f141e085c6bc072303d3e6676035dc483d4	design diplomacy	cultural transformation	design diplomacy	cultural transformation	TRV:303eafd7c2afb63e99e140c4ba2abd1de5f78f9e8ebbb3040b4531b6df568639|TRV:a7835c05c37c3352068d6c2aff509f141e085c6bc072303d3e6676035dc483d4	false	f060a55bd53f6c963bddeea330165abfd238113ea7b158c2e3614e09bebe453f
176	R16A-PAIR:63c73a970c91877296b43bd820fa3ac8cdff43a198566a6ee31a6886c795c727	TRV:303eafd7c2afb63e99e140c4ba2abd1de5f78f9e8ebbb3040b4531b6df568639	TRV:a85f306d70c2839db5dad35765d50a5b17eec2c9d0dee0641333805efede7b28	design diplomacy	mobile object	design diplomacy	mobile object	TRV:303eafd7c2afb63e99e140c4ba2abd1de5f78f9e8ebbb3040b4531b6df568639|TRV:a85f306d70c2839db5dad35765d50a5b17eec2c9d0dee0641333805efede7b28	false	f060a55bd53f6c963bddeea330165abfd238113ea7b158c2e3614e09bebe453f
177	R16A-PAIR:a5bb36a31e3a2c27132603f673484d1a9ed4ac5ef65a965f36799631f4e391a0	TRV:303eafd7c2afb63e99e140c4ba2abd1de5f78f9e8ebbb3040b4531b6df568639	TRV:ab8e18ef4ebebeddc0b3152ce9c9006e14fc05242e3fc9ce32246ea6a9543074	design diplomacy	production	design diplomacy	production	TRV:303eafd7c2afb63e99e140c4ba2abd1de5f78f9e8ebbb3040b4531b6df568639|TRV:ab8e18ef4ebebeddc0b3152ce9c9006e14fc05242e3fc9ce32246ea6a9543074	false	f060a55bd53f6c963bddeea330165abfd238113ea7b158c2e3614e09bebe453f
178	R16A-PAIR:281f040a6fd8125434134905aa8bb2284f4dc2ed491f0c4d503ed2be5637b8a5	TRV:303eafd7c2afb63e99e140c4ba2abd1de5f78f9e8ebbb3040b4531b6df568639	TRV:ad8c6f6e417a6d2db992c155701ed13494624142922d58eda2e4ad0fa4672fa8	design diplomacy	consumption	design diplomacy	consumption	TRV:303eafd7c2afb63e99e140c4ba2abd1de5f78f9e8ebbb3040b4531b6df568639|TRV:ad8c6f6e417a6d2db992c155701ed13494624142922d58eda2e4ad0fa4672fa8	false	f060a55bd53f6c963bddeea330165abfd238113ea7b158c2e3614e09bebe453f
179	R16A-PAIR:3007d99a085ca8c99b86475b8aafd8361477a99f2fd9cedf993aa074799fe522	TRV:303eafd7c2afb63e99e140c4ba2abd1de5f78f9e8ebbb3040b4531b6df568639	TRV:b1195fbfc5f343ebd84eb46acece15907e639a564f04af5d04d58c70e127a14b	design diplomacy	professionalization	design diplomacy	professionalization	TRV:303eafd7c2afb63e99e140c4ba2abd1de5f78f9e8ebbb3040b4531b6df568639|TRV:b1195fbfc5f343ebd84eb46acece15907e639a564f04af5d04d58c70e127a14b	false	f060a55bd53f6c963bddeea330165abfd238113ea7b158c2e3614e09bebe453f
180	R16A-PAIR:dfc723d7ead11ef954f835ea17e8dd9e6a8524e667d20b83b8fa097bd66714f8	TRV:303eafd7c2afb63e99e140c4ba2abd1de5f78f9e8ebbb3040b4531b6df568639	TRV:b57559d1d19ef1967b6015fa23577c3fac4b79ae3ca54ef4eb760e18300875a3	design diplomacy	commodification	design diplomacy	commodification	TRV:303eafd7c2afb63e99e140c4ba2abd1de5f78f9e8ebbb3040b4531b6df568639|TRV:b57559d1d19ef1967b6015fa23577c3fac4b79ae3ca54ef4eb760e18300875a3	false	f060a55bd53f6c963bddeea330165abfd238113ea7b158c2e3614e09bebe453f
181	R16A-PAIR:96fdd1f24d8163c32490ddd3e6a3b8cb57bc328238696941e38d4ad1aab107e8	TRV:303eafd7c2afb63e99e140c4ba2abd1de5f78f9e8ebbb3040b4531b6df568639	TRV:be33e16d8f585c08bb0efe6f0df92659a22d534298639f5318d2a2580546fdcc	design diplomacy	production site	design diplomacy	production site	TRV:303eafd7c2afb63e99e140c4ba2abd1de5f78f9e8ebbb3040b4531b6df568639|TRV:be33e16d8f585c08bb0efe6f0df92659a22d534298639f5318d2a2580546fdcc	false	f060a55bd53f6c963bddeea330165abfd238113ea7b158c2e3614e09bebe453f
182	R16A-PAIR:aa60ed98e9e787a39ad6b2f09dff9d849f052df8da15b15bbc2ec6579910a5ea	TRV:303eafd7c2afb63e99e140c4ba2abd1de5f78f9e8ebbb3040b4531b6df568639	TRV:c460d6a56db8d84e6ee3a5c96c4a72ce1170116cab3ad0659544494547ecae77	design diplomacy	piracy	design diplomacy	piracy	TRV:303eafd7c2afb63e99e140c4ba2abd1de5f78f9e8ebbb3040b4531b6df568639|TRV:c460d6a56db8d84e6ee3a5c96c4a72ce1170116cab3ad0659544494547ecae77	false	f060a55bd53f6c963bddeea330165abfd238113ea7b158c2e3614e09bebe453f
183	R16A-PAIR:f6a1c2ca20f3430dd11d3d485d64fd7affffc03c93f0ff7ed1f4eaecd6243988	TRV:303eafd7c2afb63e99e140c4ba2abd1de5f78f9e8ebbb3040b4531b6df568639	TRV:c76c09a3f32430db9b00d1c47eaf288d54331355f666dfcb11e4f4ef3a965212	design diplomacy	cultural transfer	design diplomacy	cultural transfer	TRV:303eafd7c2afb63e99e140c4ba2abd1de5f78f9e8ebbb3040b4531b6df568639|TRV:c76c09a3f32430db9b00d1c47eaf288d54331355f666dfcb11e4f4ef3a965212	false	f060a55bd53f6c963bddeea330165abfd238113ea7b158c2e3614e09bebe453f
184	R16A-PAIR:2ea00c84f44e9da21aae78f742f5cf6cba09fee7e94d77ff3420dc07dd64cbb5	TRV:303eafd7c2afb63e99e140c4ba2abd1de5f78f9e8ebbb3040b4531b6df568639	TRV:c82d3d4865e41e2a263ff0427c4df2b8e3e43a85c835404d033d764468b3ba55	design diplomacy	propaganda	design diplomacy	propaganda	TRV:303eafd7c2afb63e99e140c4ba2abd1de5f78f9e8ebbb3040b4531b6df568639|TRV:c82d3d4865e41e2a263ff0427c4df2b8e3e43a85c835404d033d764468b3ba55	false	f060a55bd53f6c963bddeea330165abfd238113ea7b158c2e3614e09bebe453f
185	R16A-PAIR:5a70767bae3336f6ab7e7154a8f103d4fc5d53daabdaaa1416c2409ff3207b0d	TRV:303eafd7c2afb63e99e140c4ba2abd1de5f78f9e8ebbb3040b4531b6df568639	TRV:d27a4a1080657098835b014b8f47529c5be746cb60b043fb2400fec1a6948185	design diplomacy	advertising	design diplomacy	advertising	TRV:303eafd7c2afb63e99e140c4ba2abd1de5f78f9e8ebbb3040b4531b6df568639|TRV:d27a4a1080657098835b014b8f47529c5be746cb60b043fb2400fec1a6948185	false	f060a55bd53f6c963bddeea330165abfd238113ea7b158c2e3614e09bebe453f
186	R16A-PAIR:964dde7c261f66acbbc2946b0f33a9366ef6a4ec2442fd8747d2957fc9c372a9	TRV:303eafd7c2afb63e99e140c4ba2abd1de5f78f9e8ebbb3040b4531b6df568639	TRV:d366de58d3002458bfb404ee505621e926c518871a4caeffcdfb89b45f8112ef	design diplomacy	material displacement	design diplomacy	material displacement	TRV:303eafd7c2afb63e99e140c4ba2abd1de5f78f9e8ebbb3040b4531b6df568639|TRV:d366de58d3002458bfb404ee505621e926c518871a4caeffcdfb89b45f8112ef	false	f060a55bd53f6c963bddeea330165abfd238113ea7b158c2e3614e09bebe453f
187	R16A-PAIR:9bb6714b401f5895e7effea4d43fd9ce1c6e8945bfd336b37f6a7ad3f9a6f953	TRV:303eafd7c2afb63e99e140c4ba2abd1de5f78f9e8ebbb3040b4531b6df568639	TRV:e581bd8a1b6363a295216bc7c9f8d958e26ef7406beab6becbf90ff8e2680bd5	design diplomacy	canonization	design diplomacy	canonization	TRV:303eafd7c2afb63e99e140c4ba2abd1de5f78f9e8ebbb3040b4531b6df568639|TRV:e581bd8a1b6363a295216bc7c9f8d958e26ef7406beab6becbf90ff8e2680bd5	false	f060a55bd53f6c963bddeea330165abfd238113ea7b158c2e3614e09bebe453f
188	R16A-PAIR:22fa65f66dff996254515a1cf3443765b93db6bb30df98a75443c0c106c24e2e	TRV:303eafd7c2afb63e99e140c4ba2abd1de5f78f9e8ebbb3040b4531b6df568639	TRV:f921321aaedb0bb53398796772f843dc4a5963edfba778ee3a6bd9f592e21795	design diplomacy	imitation	design diplomacy	imitation	TRV:303eafd7c2afb63e99e140c4ba2abd1de5f78f9e8ebbb3040b4531b6df568639|TRV:f921321aaedb0bb53398796772f843dc4a5963edfba778ee3a6bd9f592e21795	false	f060a55bd53f6c963bddeea330165abfd238113ea7b158c2e3614e09bebe453f
189	R16A-PAIR:ade268be1a8116c744ba5c8966c75fc41ca28ec9ea088f26b8fff83b728dc7be	TRV:303eafd7c2afb63e99e140c4ba2abd1de5f78f9e8ebbb3040b4531b6df568639	TRV:fd793986cd6d45968d3c7103e778813542e6a9979a85e9cf512450307c9f7342	design diplomacy	rejection	design diplomacy	rejection	TRV:303eafd7c2afb63e99e140c4ba2abd1de5f78f9e8ebbb3040b4531b6df568639|TRV:fd793986cd6d45968d3c7103e778813542e6a9979a85e9cf512450307c9f7342	false	f060a55bd53f6c963bddeea330165abfd238113ea7b158c2e3614e09bebe453f
190	R16A-PAIR:5f9b59eb03b455e990d1bed0cd4942f8325a1052ec3f5e3ecd09aea6f14fee47	TRV:355543f790a3b210ecf36c82a2738896d9574c17e963a63633febac1f2386737	TRV:448547bdedc22e5502256bdbd2714b8f2f4d7a5cbf8ce1dc30d21f16b18878a8	craft	self-exoticization	craft	self-exoticization	TRV:355543f790a3b210ecf36c82a2738896d9574c17e963a63633febac1f2386737|TRV:448547bdedc22e5502256bdbd2714b8f2f4d7a5cbf8ce1dc30d21f16b18878a8	false	f060a55bd53f6c963bddeea330165abfd238113ea7b158c2e3614e09bebe453f
191	R16A-PAIR:02e09c6d5dafe37269672d34f6caf7c185ef2325d3d63bded424897e99188a88	TRV:355543f790a3b210ecf36c82a2738896d9574c17e963a63633febac1f2386737	TRV:48047b49b975ee8880742ea2544b30e8965f1675df787e9d832f8e0c2db87630	craft	typography	craft	typography	TRV:355543f790a3b210ecf36c82a2738896d9574c17e963a63633febac1f2386737|TRV:48047b49b975ee8880742ea2544b30e8965f1675df787e9d832f8e0c2db87630	false	f060a55bd53f6c963bddeea330165abfd238113ea7b158c2e3614e09bebe453f
192	R16A-PAIR:5a6ef66c9b0f2b2fd478a58c2ae2cd5101da88cab935ef0a6a64c30892738326	TRV:355543f790a3b210ecf36c82a2738896d9574c17e963a63633febac1f2386737	TRV:54d55704f5d7e2caa927feedf94edf8b9dd2ebfafc4b0aa68875bcbcbabaaa79	craft	institutionalization	craft	institutionalization	TRV:355543f790a3b210ecf36c82a2738896d9574c17e963a63633febac1f2386737|TRV:54d55704f5d7e2caa927feedf94edf8b9dd2ebfafc4b0aa68875bcbcbabaaa79	false	f060a55bd53f6c963bddeea330165abfd238113ea7b158c2e3614e09bebe453f
193	R16A-PAIR:d2f9ea70ce539eab0add8d8a3d0893538b4f44d2dba4831b2f398c7ffd00bbe7	TRV:355543f790a3b210ecf36c82a2738896d9574c17e963a63633febac1f2386737	TRV:5660ce124250ffd0ecbcf64a7359315bd26afdb0d89c559c03a491cc2138e4ed	craft	cultural negotiation	craft	cultural negotiation	TRV:355543f790a3b210ecf36c82a2738896d9574c17e963a63633febac1f2386737|TRV:5660ce124250ffd0ecbcf64a7359315bd26afdb0d89c559c03a491cc2138e4ed	false	f060a55bd53f6c963bddeea330165abfd238113ea7b158c2e3614e09bebe453f
194	R16A-PAIR:d74b21179b7e64db828210b73163823c32fe30212a4679e5469b6a255c400d39	TRV:355543f790a3b210ecf36c82a2738896d9574c17e963a63633febac1f2386737	TRV:628bbc2d6553accb5320993afff75b39993c7ae9514d1f39d8a28834bfaf8170	craft	gendering	craft	gendering	TRV:355543f790a3b210ecf36c82a2738896d9574c17e963a63633febac1f2386737|TRV:628bbc2d6553accb5320993afff75b39993c7ae9514d1f39d8a28834bfaf8170	false	f060a55bd53f6c963bddeea330165abfd238113ea7b158c2e3614e09bebe453f
195	R16A-PAIR:ddf7068abba0b034d15023b3a2a2a74b3a892cbbd7c38a505f9168dece946905	TRV:355543f790a3b210ecf36c82a2738896d9574c17e963a63633febac1f2386737	TRV:68bf0109c6f8a87bfa96d1ecd9503326ba35cf4a6086988a1d2c8a20fbef00d1	craft	education	craft	education	TRV:355543f790a3b210ecf36c82a2738896d9574c17e963a63633febac1f2386737|TRV:68bf0109c6f8a87bfa96d1ecd9503326ba35cf4a6086988a1d2c8a20fbef00d1	false	f060a55bd53f6c963bddeea330165abfd238113ea7b158c2e3614e09bebe453f
196	R16A-PAIR:8ee76ab1a7dc935a9467114d62af7a1921438f497419eaedbfe3b7986fb092c7	TRV:355543f790a3b210ecf36c82a2738896d9574c17e963a63633febac1f2386737	TRV:83a2bff84b1d599d9eed884a09666501c96224a0b3b7457699ef0be145e76e73	craft	exhibition	craft	exhibition	TRV:355543f790a3b210ecf36c82a2738896d9574c17e963a63633febac1f2386737|TRV:83a2bff84b1d599d9eed884a09666501c96224a0b3b7457699ef0be145e76e73	false	f060a55bd53f6c963bddeea330165abfd238113ea7b158c2e3614e09bebe453f
197	R16A-PAIR:b41f71b08cf347a94210113693fb6278b456963bc1340069ee39b3a4f99c1f07	TRV:355543f790a3b210ecf36c82a2738896d9574c17e963a63633febac1f2386737	TRV:9e44dae2c5ca8dc916878b28f5ec3720e42ea22d2add139759780727e6f487ce	craft	mediation	craft	mediation	TRV:355543f790a3b210ecf36c82a2738896d9574c17e963a63633febac1f2386737|TRV:9e44dae2c5ca8dc916878b28f5ec3720e42ea22d2add139759780727e6f487ce	false	f060a55bd53f6c963bddeea330165abfd238113ea7b158c2e3614e09bebe453f
198	R16A-PAIR:53cee69840861c2d2898cbc6b0022868457c482513e4bf0ae5eeda43899b4ac0	TRV:355543f790a3b210ecf36c82a2738896d9574c17e963a63633febac1f2386737	TRV:a7835c05c37c3352068d6c2aff509f141e085c6bc072303d3e6676035dc483d4	craft	cultural transformation	craft	cultural transformation	TRV:355543f790a3b210ecf36c82a2738896d9574c17e963a63633febac1f2386737|TRV:a7835c05c37c3352068d6c2aff509f141e085c6bc072303d3e6676035dc483d4	false	f060a55bd53f6c963bddeea330165abfd238113ea7b158c2e3614e09bebe453f
199	R16A-PAIR:3a7d3939ef0c0de96c8f8d60c80cb5c49118a668b5b22e4279e7f71217cc8b8a	TRV:355543f790a3b210ecf36c82a2738896d9574c17e963a63633febac1f2386737	TRV:a85f306d70c2839db5dad35765d50a5b17eec2c9d0dee0641333805efede7b28	craft	mobile object	craft	mobile object	TRV:355543f790a3b210ecf36c82a2738896d9574c17e963a63633febac1f2386737|TRV:a85f306d70c2839db5dad35765d50a5b17eec2c9d0dee0641333805efede7b28	false	f060a55bd53f6c963bddeea330165abfd238113ea7b158c2e3614e09bebe453f
200	R16A-PAIR:7cf6e970f812b4a4bb2980fa59015f62bd12663be74cabb4fd0f00f1cc5efd22	TRV:355543f790a3b210ecf36c82a2738896d9574c17e963a63633febac1f2386737	TRV:ab8e18ef4ebebeddc0b3152ce9c9006e14fc05242e3fc9ce32246ea6a9543074	craft	production	craft	production	TRV:355543f790a3b210ecf36c82a2738896d9574c17e963a63633febac1f2386737|TRV:ab8e18ef4ebebeddc0b3152ce9c9006e14fc05242e3fc9ce32246ea6a9543074	false	f060a55bd53f6c963bddeea330165abfd238113ea7b158c2e3614e09bebe453f
201	R16A-PAIR:9f1ddc712cf2256ea3ac6c9f5ea2a50935d51f3a605131ffc0b730cf832deffa	TRV:355543f790a3b210ecf36c82a2738896d9574c17e963a63633febac1f2386737	TRV:ad8c6f6e417a6d2db992c155701ed13494624142922d58eda2e4ad0fa4672fa8	craft	consumption	craft	consumption	TRV:355543f790a3b210ecf36c82a2738896d9574c17e963a63633febac1f2386737|TRV:ad8c6f6e417a6d2db992c155701ed13494624142922d58eda2e4ad0fa4672fa8	false	f060a55bd53f6c963bddeea330165abfd238113ea7b158c2e3614e09bebe453f
202	R16A-PAIR:5d591246297504558dafa6290919c0936b91b7c604e27cdd12b816cd44eef745	TRV:355543f790a3b210ecf36c82a2738896d9574c17e963a63633febac1f2386737	TRV:b1195fbfc5f343ebd84eb46acece15907e639a564f04af5d04d58c70e127a14b	craft	professionalization	craft	professionalization	TRV:355543f790a3b210ecf36c82a2738896d9574c17e963a63633febac1f2386737|TRV:b1195fbfc5f343ebd84eb46acece15907e639a564f04af5d04d58c70e127a14b	false	f060a55bd53f6c963bddeea330165abfd238113ea7b158c2e3614e09bebe453f
203	R16A-PAIR:150203906641755f56f9f1a271a9b59cc4e794bd7fe18ed5aa498261d6caa8a1	TRV:355543f790a3b210ecf36c82a2738896d9574c17e963a63633febac1f2386737	TRV:b57559d1d19ef1967b6015fa23577c3fac4b79ae3ca54ef4eb760e18300875a3	craft	commodification	craft	commodification	TRV:355543f790a3b210ecf36c82a2738896d9574c17e963a63633febac1f2386737|TRV:b57559d1d19ef1967b6015fa23577c3fac4b79ae3ca54ef4eb760e18300875a3	false	f060a55bd53f6c963bddeea330165abfd238113ea7b158c2e3614e09bebe453f
204	R16A-PAIR:4549e0d7a89f8037691dc17ba4726c6a8d9dd5bdf5a85832b5a3011ab85f3f56	TRV:355543f790a3b210ecf36c82a2738896d9574c17e963a63633febac1f2386737	TRV:be33e16d8f585c08bb0efe6f0df92659a22d534298639f5318d2a2580546fdcc	craft	production site	craft	production site	TRV:355543f790a3b210ecf36c82a2738896d9574c17e963a63633febac1f2386737|TRV:be33e16d8f585c08bb0efe6f0df92659a22d534298639f5318d2a2580546fdcc	false	f060a55bd53f6c963bddeea330165abfd238113ea7b158c2e3614e09bebe453f
205	R16A-PAIR:3538f2b914c77da940e7a8a6fa141c362ecf623ea66d654d3532eb6092749a66	TRV:355543f790a3b210ecf36c82a2738896d9574c17e963a63633febac1f2386737	TRV:c460d6a56db8d84e6ee3a5c96c4a72ce1170116cab3ad0659544494547ecae77	craft	piracy	craft	piracy	TRV:355543f790a3b210ecf36c82a2738896d9574c17e963a63633febac1f2386737|TRV:c460d6a56db8d84e6ee3a5c96c4a72ce1170116cab3ad0659544494547ecae77	false	f060a55bd53f6c963bddeea330165abfd238113ea7b158c2e3614e09bebe453f
206	R16A-PAIR:13d4c3cbf8fe018ee94cc32831163dff84f84a7e24b6ad59902ff81444c630a7	TRV:355543f790a3b210ecf36c82a2738896d9574c17e963a63633febac1f2386737	TRV:c76c09a3f32430db9b00d1c47eaf288d54331355f666dfcb11e4f4ef3a965212	craft	cultural transfer	craft	cultural transfer	TRV:355543f790a3b210ecf36c82a2738896d9574c17e963a63633febac1f2386737|TRV:c76c09a3f32430db9b00d1c47eaf288d54331355f666dfcb11e4f4ef3a965212	false	f060a55bd53f6c963bddeea330165abfd238113ea7b158c2e3614e09bebe453f
207	R16A-PAIR:09609b72710b934e9aef9c61165ed53e9e1484543313a16eb7689599e00b584e	TRV:355543f790a3b210ecf36c82a2738896d9574c17e963a63633febac1f2386737	TRV:c82d3d4865e41e2a263ff0427c4df2b8e3e43a85c835404d033d764468b3ba55	craft	propaganda	craft	propaganda	TRV:355543f790a3b210ecf36c82a2738896d9574c17e963a63633febac1f2386737|TRV:c82d3d4865e41e2a263ff0427c4df2b8e3e43a85c835404d033d764468b3ba55	false	f060a55bd53f6c963bddeea330165abfd238113ea7b158c2e3614e09bebe453f
208	R16A-PAIR:3a37464a140155e0ac31098fe6f166d94992fd5a8bd1ead265297b1858aef344	TRV:355543f790a3b210ecf36c82a2738896d9574c17e963a63633febac1f2386737	TRV:d27a4a1080657098835b014b8f47529c5be746cb60b043fb2400fec1a6948185	craft	advertising	craft	advertising	TRV:355543f790a3b210ecf36c82a2738896d9574c17e963a63633febac1f2386737|TRV:d27a4a1080657098835b014b8f47529c5be746cb60b043fb2400fec1a6948185	false	f060a55bd53f6c963bddeea330165abfd238113ea7b158c2e3614e09bebe453f
209	R16A-PAIR:3b80f0929e6eb9c7e434011418f6ad8347549aa8c5bda37b3bb509330f6497b0	TRV:355543f790a3b210ecf36c82a2738896d9574c17e963a63633febac1f2386737	TRV:d366de58d3002458bfb404ee505621e926c518871a4caeffcdfb89b45f8112ef	craft	material displacement	craft	material displacement	TRV:355543f790a3b210ecf36c82a2738896d9574c17e963a63633febac1f2386737|TRV:d366de58d3002458bfb404ee505621e926c518871a4caeffcdfb89b45f8112ef	false	f060a55bd53f6c963bddeea330165abfd238113ea7b158c2e3614e09bebe453f
210	R16A-PAIR:89ae1a8a710d212483846349147212ab8b99d8c7ec42ad064c9bbd36608557c8	TRV:355543f790a3b210ecf36c82a2738896d9574c17e963a63633febac1f2386737	TRV:e581bd8a1b6363a295216bc7c9f8d958e26ef7406beab6becbf90ff8e2680bd5	craft	canonization	craft	canonization	TRV:355543f790a3b210ecf36c82a2738896d9574c17e963a63633febac1f2386737|TRV:e581bd8a1b6363a295216bc7c9f8d958e26ef7406beab6becbf90ff8e2680bd5	false	f060a55bd53f6c963bddeea330165abfd238113ea7b158c2e3614e09bebe453f
211	R16A-PAIR:23cc756f7b434a0abe122758f97966de3c697b1a661c41292587387bf05e87a0	TRV:355543f790a3b210ecf36c82a2738896d9574c17e963a63633febac1f2386737	TRV:f921321aaedb0bb53398796772f843dc4a5963edfba778ee3a6bd9f592e21795	craft	imitation	craft	imitation	TRV:355543f790a3b210ecf36c82a2738896d9574c17e963a63633febac1f2386737|TRV:f921321aaedb0bb53398796772f843dc4a5963edfba778ee3a6bd9f592e21795	false	f060a55bd53f6c963bddeea330165abfd238113ea7b158c2e3614e09bebe453f
212	R16A-PAIR:14591889976fcc56c4870d90d6cf4b1c8ee32b515e1709e65d5d9296cc6eee11	TRV:355543f790a3b210ecf36c82a2738896d9574c17e963a63633febac1f2386737	TRV:fd793986cd6d45968d3c7103e778813542e6a9979a85e9cf512450307c9f7342	craft	rejection	craft	rejection	TRV:355543f790a3b210ecf36c82a2738896d9574c17e963a63633febac1f2386737|TRV:fd793986cd6d45968d3c7103e778813542e6a9979a85e9cf512450307c9f7342	false	f060a55bd53f6c963bddeea330165abfd238113ea7b158c2e3614e09bebe453f
213	R16A-PAIR:1da43bef9cfc411fbbb760c9e5005599492abce60ba574217cfa34af16d46489	TRV:448547bdedc22e5502256bdbd2714b8f2f4d7a5cbf8ce1dc30d21f16b18878a8	TRV:48047b49b975ee8880742ea2544b30e8965f1675df787e9d832f8e0c2db87630	self-exoticization	typography	self-exoticization	typography	TRV:448547bdedc22e5502256bdbd2714b8f2f4d7a5cbf8ce1dc30d21f16b18878a8|TRV:48047b49b975ee8880742ea2544b30e8965f1675df787e9d832f8e0c2db87630	false	f060a55bd53f6c963bddeea330165abfd238113ea7b158c2e3614e09bebe453f
214	R16A-PAIR:441b549be22379f1e400f4f0074024e0643baa46f64fdccb046309bd1ca9af0f	TRV:448547bdedc22e5502256bdbd2714b8f2f4d7a5cbf8ce1dc30d21f16b18878a8	TRV:54d55704f5d7e2caa927feedf94edf8b9dd2ebfafc4b0aa68875bcbcbabaaa79	self-exoticization	institutionalization	self-exoticization	institutionalization	TRV:448547bdedc22e5502256bdbd2714b8f2f4d7a5cbf8ce1dc30d21f16b18878a8|TRV:54d55704f5d7e2caa927feedf94edf8b9dd2ebfafc4b0aa68875bcbcbabaaa79	false	f060a55bd53f6c963bddeea330165abfd238113ea7b158c2e3614e09bebe453f
215	R16A-PAIR:de499dd2833aafa612703f3fd41661e62e7c179f43d2a94b8228a10173e19c51	TRV:448547bdedc22e5502256bdbd2714b8f2f4d7a5cbf8ce1dc30d21f16b18878a8	TRV:5660ce124250ffd0ecbcf64a7359315bd26afdb0d89c559c03a491cc2138e4ed	self-exoticization	cultural negotiation	self-exoticization	cultural negotiation	TRV:448547bdedc22e5502256bdbd2714b8f2f4d7a5cbf8ce1dc30d21f16b18878a8|TRV:5660ce124250ffd0ecbcf64a7359315bd26afdb0d89c559c03a491cc2138e4ed	false	f060a55bd53f6c963bddeea330165abfd238113ea7b158c2e3614e09bebe453f
216	R16A-PAIR:ba832fe4cc08658601a7722e8df3f54f4931f122c5b21d60af0c5c27674ec03e	TRV:448547bdedc22e5502256bdbd2714b8f2f4d7a5cbf8ce1dc30d21f16b18878a8	TRV:628bbc2d6553accb5320993afff75b39993c7ae9514d1f39d8a28834bfaf8170	self-exoticization	gendering	self-exoticization	gendering	TRV:448547bdedc22e5502256bdbd2714b8f2f4d7a5cbf8ce1dc30d21f16b18878a8|TRV:628bbc2d6553accb5320993afff75b39993c7ae9514d1f39d8a28834bfaf8170	false	f060a55bd53f6c963bddeea330165abfd238113ea7b158c2e3614e09bebe453f
217	R16A-PAIR:e92ee11464fb4152b70e6d97bf0b4602685452a3fbcd63d61c5b6f568c7b4fab	TRV:448547bdedc22e5502256bdbd2714b8f2f4d7a5cbf8ce1dc30d21f16b18878a8	TRV:68bf0109c6f8a87bfa96d1ecd9503326ba35cf4a6086988a1d2c8a20fbef00d1	self-exoticization	education	self-exoticization	education	TRV:448547bdedc22e5502256bdbd2714b8f2f4d7a5cbf8ce1dc30d21f16b18878a8|TRV:68bf0109c6f8a87bfa96d1ecd9503326ba35cf4a6086988a1d2c8a20fbef00d1	false	f060a55bd53f6c963bddeea330165abfd238113ea7b158c2e3614e09bebe453f
218	R16A-PAIR:dac3c1ce55b12531b379661691c14b5a6e3f3df6b694d439e29edcbf7f3b4319	TRV:448547bdedc22e5502256bdbd2714b8f2f4d7a5cbf8ce1dc30d21f16b18878a8	TRV:83a2bff84b1d599d9eed884a09666501c96224a0b3b7457699ef0be145e76e73	self-exoticization	exhibition	self-exoticization	exhibition	TRV:448547bdedc22e5502256bdbd2714b8f2f4d7a5cbf8ce1dc30d21f16b18878a8|TRV:83a2bff84b1d599d9eed884a09666501c96224a0b3b7457699ef0be145e76e73	false	f060a55bd53f6c963bddeea330165abfd238113ea7b158c2e3614e09bebe453f
219	R16A-PAIR:8e918a4da349a07a6785f96c2a53470b07c2c89157798a244950d3d8008f1bc6	TRV:448547bdedc22e5502256bdbd2714b8f2f4d7a5cbf8ce1dc30d21f16b18878a8	TRV:9e44dae2c5ca8dc916878b28f5ec3720e42ea22d2add139759780727e6f487ce	self-exoticization	mediation	self-exoticization	mediation	TRV:448547bdedc22e5502256bdbd2714b8f2f4d7a5cbf8ce1dc30d21f16b18878a8|TRV:9e44dae2c5ca8dc916878b28f5ec3720e42ea22d2add139759780727e6f487ce	false	f060a55bd53f6c963bddeea330165abfd238113ea7b158c2e3614e09bebe453f
220	R16A-PAIR:4b61e5f09d646aaf9ee9b4f5be7e451578338391cfb88c2660319651382e96ac	TRV:448547bdedc22e5502256bdbd2714b8f2f4d7a5cbf8ce1dc30d21f16b18878a8	TRV:a7835c05c37c3352068d6c2aff509f141e085c6bc072303d3e6676035dc483d4	self-exoticization	cultural transformation	self-exoticization	cultural transformation	TRV:448547bdedc22e5502256bdbd2714b8f2f4d7a5cbf8ce1dc30d21f16b18878a8|TRV:a7835c05c37c3352068d6c2aff509f141e085c6bc072303d3e6676035dc483d4	false	f060a55bd53f6c963bddeea330165abfd238113ea7b158c2e3614e09bebe453f
221	R16A-PAIR:1d642511c13711d051bcb971d3f76225a5e14fbe5d090edcadf129721f9f2b10	TRV:448547bdedc22e5502256bdbd2714b8f2f4d7a5cbf8ce1dc30d21f16b18878a8	TRV:a85f306d70c2839db5dad35765d50a5b17eec2c9d0dee0641333805efede7b28	self-exoticization	mobile object	self-exoticization	mobile object	TRV:448547bdedc22e5502256bdbd2714b8f2f4d7a5cbf8ce1dc30d21f16b18878a8|TRV:a85f306d70c2839db5dad35765d50a5b17eec2c9d0dee0641333805efede7b28	false	f060a55bd53f6c963bddeea330165abfd238113ea7b158c2e3614e09bebe453f
222	R16A-PAIR:8411328934cb465edd35ddd29b7a0b8ded536074c2e3559afba15a547a57244b	TRV:448547bdedc22e5502256bdbd2714b8f2f4d7a5cbf8ce1dc30d21f16b18878a8	TRV:ab8e18ef4ebebeddc0b3152ce9c9006e14fc05242e3fc9ce32246ea6a9543074	self-exoticization	production	self-exoticization	production	TRV:448547bdedc22e5502256bdbd2714b8f2f4d7a5cbf8ce1dc30d21f16b18878a8|TRV:ab8e18ef4ebebeddc0b3152ce9c9006e14fc05242e3fc9ce32246ea6a9543074	false	f060a55bd53f6c963bddeea330165abfd238113ea7b158c2e3614e09bebe453f
223	R16A-PAIR:b4cdea11dbc66d3ecca4d9550d9b67f918a6a0a2a1c339c0a5c281fe8a553abd	TRV:448547bdedc22e5502256bdbd2714b8f2f4d7a5cbf8ce1dc30d21f16b18878a8	TRV:ad8c6f6e417a6d2db992c155701ed13494624142922d58eda2e4ad0fa4672fa8	self-exoticization	consumption	self-exoticization	consumption	TRV:448547bdedc22e5502256bdbd2714b8f2f4d7a5cbf8ce1dc30d21f16b18878a8|TRV:ad8c6f6e417a6d2db992c155701ed13494624142922d58eda2e4ad0fa4672fa8	false	f060a55bd53f6c963bddeea330165abfd238113ea7b158c2e3614e09bebe453f
224	R16A-PAIR:e129753b9e632ff1da43c6386fc8720e42ce09730bf5021ff8101d9841fcd627	TRV:448547bdedc22e5502256bdbd2714b8f2f4d7a5cbf8ce1dc30d21f16b18878a8	TRV:b1195fbfc5f343ebd84eb46acece15907e639a564f04af5d04d58c70e127a14b	self-exoticization	professionalization	self-exoticization	professionalization	TRV:448547bdedc22e5502256bdbd2714b8f2f4d7a5cbf8ce1dc30d21f16b18878a8|TRV:b1195fbfc5f343ebd84eb46acece15907e639a564f04af5d04d58c70e127a14b	false	f060a55bd53f6c963bddeea330165abfd238113ea7b158c2e3614e09bebe453f
225	R16A-PAIR:80daff60cb000e31a69953ab16a57ecffb88e35c6e1d577bea2cebae514a08a9	TRV:448547bdedc22e5502256bdbd2714b8f2f4d7a5cbf8ce1dc30d21f16b18878a8	TRV:b57559d1d19ef1967b6015fa23577c3fac4b79ae3ca54ef4eb760e18300875a3	self-exoticization	commodification	self-exoticization	commodification	TRV:448547bdedc22e5502256bdbd2714b8f2f4d7a5cbf8ce1dc30d21f16b18878a8|TRV:b57559d1d19ef1967b6015fa23577c3fac4b79ae3ca54ef4eb760e18300875a3	false	f060a55bd53f6c963bddeea330165abfd238113ea7b158c2e3614e09bebe453f
226	R16A-PAIR:cdc84d10a66072ae9198855b59310f21d8165013104542b38041741fe2421e57	TRV:448547bdedc22e5502256bdbd2714b8f2f4d7a5cbf8ce1dc30d21f16b18878a8	TRV:be33e16d8f585c08bb0efe6f0df92659a22d534298639f5318d2a2580546fdcc	self-exoticization	production site	self-exoticization	production site	TRV:448547bdedc22e5502256bdbd2714b8f2f4d7a5cbf8ce1dc30d21f16b18878a8|TRV:be33e16d8f585c08bb0efe6f0df92659a22d534298639f5318d2a2580546fdcc	false	f060a55bd53f6c963bddeea330165abfd238113ea7b158c2e3614e09bebe453f
227	R16A-PAIR:d221c558861d7095f23b5308b15455a0a8b4260be6c5ee1b41c4bf5fcfacf7c3	TRV:448547bdedc22e5502256bdbd2714b8f2f4d7a5cbf8ce1dc30d21f16b18878a8	TRV:c460d6a56db8d84e6ee3a5c96c4a72ce1170116cab3ad0659544494547ecae77	self-exoticization	piracy	self-exoticization	piracy	TRV:448547bdedc22e5502256bdbd2714b8f2f4d7a5cbf8ce1dc30d21f16b18878a8|TRV:c460d6a56db8d84e6ee3a5c96c4a72ce1170116cab3ad0659544494547ecae77	false	f060a55bd53f6c963bddeea330165abfd238113ea7b158c2e3614e09bebe453f
228	R16A-PAIR:31071f9cd47a5233a896086d1fcf8c5169852df0833229c5c0f47a83ae9c0789	TRV:448547bdedc22e5502256bdbd2714b8f2f4d7a5cbf8ce1dc30d21f16b18878a8	TRV:c76c09a3f32430db9b00d1c47eaf288d54331355f666dfcb11e4f4ef3a965212	self-exoticization	cultural transfer	self-exoticization	cultural transfer	TRV:448547bdedc22e5502256bdbd2714b8f2f4d7a5cbf8ce1dc30d21f16b18878a8|TRV:c76c09a3f32430db9b00d1c47eaf288d54331355f666dfcb11e4f4ef3a965212	false	f060a55bd53f6c963bddeea330165abfd238113ea7b158c2e3614e09bebe453f
229	R16A-PAIR:0a2a7c8035cc085dc2abb889edae203d700cfbfe4bd140a1fa7ca310b1c954b1	TRV:448547bdedc22e5502256bdbd2714b8f2f4d7a5cbf8ce1dc30d21f16b18878a8	TRV:c82d3d4865e41e2a263ff0427c4df2b8e3e43a85c835404d033d764468b3ba55	self-exoticization	propaganda	self-exoticization	propaganda	TRV:448547bdedc22e5502256bdbd2714b8f2f4d7a5cbf8ce1dc30d21f16b18878a8|TRV:c82d3d4865e41e2a263ff0427c4df2b8e3e43a85c835404d033d764468b3ba55	false	f060a55bd53f6c963bddeea330165abfd238113ea7b158c2e3614e09bebe453f
230	R16A-PAIR:a1f522e4552c882bf175d63f26799e5563c3e858d400c5b7e67920490fb6ed6a	TRV:448547bdedc22e5502256bdbd2714b8f2f4d7a5cbf8ce1dc30d21f16b18878a8	TRV:d27a4a1080657098835b014b8f47529c5be746cb60b043fb2400fec1a6948185	self-exoticization	advertising	self-exoticization	advertising	TRV:448547bdedc22e5502256bdbd2714b8f2f4d7a5cbf8ce1dc30d21f16b18878a8|TRV:d27a4a1080657098835b014b8f47529c5be746cb60b043fb2400fec1a6948185	false	f060a55bd53f6c963bddeea330165abfd238113ea7b158c2e3614e09bebe453f
231	R16A-PAIR:5323fa62063fbba9cdd90849338c476b3554177c780fcbd74e6789f42fb52b03	TRV:448547bdedc22e5502256bdbd2714b8f2f4d7a5cbf8ce1dc30d21f16b18878a8	TRV:d366de58d3002458bfb404ee505621e926c518871a4caeffcdfb89b45f8112ef	self-exoticization	material displacement	self-exoticization	material displacement	TRV:448547bdedc22e5502256bdbd2714b8f2f4d7a5cbf8ce1dc30d21f16b18878a8|TRV:d366de58d3002458bfb404ee505621e926c518871a4caeffcdfb89b45f8112ef	false	f060a55bd53f6c963bddeea330165abfd238113ea7b158c2e3614e09bebe453f
232	R16A-PAIR:3c771bedb254b8328a46d42e6000d273395b1449b89a817c488ab64ed4e32dfa	TRV:448547bdedc22e5502256bdbd2714b8f2f4d7a5cbf8ce1dc30d21f16b18878a8	TRV:e581bd8a1b6363a295216bc7c9f8d958e26ef7406beab6becbf90ff8e2680bd5	self-exoticization	canonization	self-exoticization	canonization	TRV:448547bdedc22e5502256bdbd2714b8f2f4d7a5cbf8ce1dc30d21f16b18878a8|TRV:e581bd8a1b6363a295216bc7c9f8d958e26ef7406beab6becbf90ff8e2680bd5	false	f060a55bd53f6c963bddeea330165abfd238113ea7b158c2e3614e09bebe453f
233	R16A-PAIR:9415f5d2fcac7ac525618aac199da6870a58362f887644b1b8389ed0499e7de7	TRV:448547bdedc22e5502256bdbd2714b8f2f4d7a5cbf8ce1dc30d21f16b18878a8	TRV:f921321aaedb0bb53398796772f843dc4a5963edfba778ee3a6bd9f592e21795	self-exoticization	imitation	self-exoticization	imitation	TRV:448547bdedc22e5502256bdbd2714b8f2f4d7a5cbf8ce1dc30d21f16b18878a8|TRV:f921321aaedb0bb53398796772f843dc4a5963edfba778ee3a6bd9f592e21795	false	f060a55bd53f6c963bddeea330165abfd238113ea7b158c2e3614e09bebe453f
234	R16A-PAIR:ee9a9a0c0619c0aaff5bafecd07a10f178e1843a882cc22fc0543b09275cccaa	TRV:448547bdedc22e5502256bdbd2714b8f2f4d7a5cbf8ce1dc30d21f16b18878a8	TRV:fd793986cd6d45968d3c7103e778813542e6a9979a85e9cf512450307c9f7342	self-exoticization	rejection	self-exoticization	rejection	TRV:448547bdedc22e5502256bdbd2714b8f2f4d7a5cbf8ce1dc30d21f16b18878a8|TRV:fd793986cd6d45968d3c7103e778813542e6a9979a85e9cf512450307c9f7342	false	f060a55bd53f6c963bddeea330165abfd238113ea7b158c2e3614e09bebe453f
235	R16A-PAIR:95e7ca783acbb975b593138cdffa4280970265681ae82b5dd5555c8e36e89c72	TRV:48047b49b975ee8880742ea2544b30e8965f1675df787e9d832f8e0c2db87630	TRV:54d55704f5d7e2caa927feedf94edf8b9dd2ebfafc4b0aa68875bcbcbabaaa79	typography	institutionalization	typography	institutionalization	TRV:48047b49b975ee8880742ea2544b30e8965f1675df787e9d832f8e0c2db87630|TRV:54d55704f5d7e2caa927feedf94edf8b9dd2ebfafc4b0aa68875bcbcbabaaa79	false	f060a55bd53f6c963bddeea330165abfd238113ea7b158c2e3614e09bebe453f
236	R16A-PAIR:87712109fd850370f17b57573d499de9cadb2583aae04da81c4789c6975eed8e	TRV:48047b49b975ee8880742ea2544b30e8965f1675df787e9d832f8e0c2db87630	TRV:5660ce124250ffd0ecbcf64a7359315bd26afdb0d89c559c03a491cc2138e4ed	typography	cultural negotiation	typography	cultural negotiation	TRV:48047b49b975ee8880742ea2544b30e8965f1675df787e9d832f8e0c2db87630|TRV:5660ce124250ffd0ecbcf64a7359315bd26afdb0d89c559c03a491cc2138e4ed	false	f060a55bd53f6c963bddeea330165abfd238113ea7b158c2e3614e09bebe453f
237	R16A-PAIR:3209613b0d474f585730f43884e333278c8864da31488ebe364ef7049af933bc	TRV:48047b49b975ee8880742ea2544b30e8965f1675df787e9d832f8e0c2db87630	TRV:628bbc2d6553accb5320993afff75b39993c7ae9514d1f39d8a28834bfaf8170	typography	gendering	typography	gendering	TRV:48047b49b975ee8880742ea2544b30e8965f1675df787e9d832f8e0c2db87630|TRV:628bbc2d6553accb5320993afff75b39993c7ae9514d1f39d8a28834bfaf8170	false	f060a55bd53f6c963bddeea330165abfd238113ea7b158c2e3614e09bebe453f
238	R16A-PAIR:7da7dfea11e8b1ff8c1bba0bc5d5f6352b22873f31f55de5bb9a6428ec83c6ad	TRV:48047b49b975ee8880742ea2544b30e8965f1675df787e9d832f8e0c2db87630	TRV:68bf0109c6f8a87bfa96d1ecd9503326ba35cf4a6086988a1d2c8a20fbef00d1	typography	education	typography	education	TRV:48047b49b975ee8880742ea2544b30e8965f1675df787e9d832f8e0c2db87630|TRV:68bf0109c6f8a87bfa96d1ecd9503326ba35cf4a6086988a1d2c8a20fbef00d1	false	f060a55bd53f6c963bddeea330165abfd238113ea7b158c2e3614e09bebe453f
239	R16A-PAIR:81ed51c947cde42c0a5e2523e4553eb1c0637fca0a348baa56ab29c54db933e1	TRV:48047b49b975ee8880742ea2544b30e8965f1675df787e9d832f8e0c2db87630	TRV:83a2bff84b1d599d9eed884a09666501c96224a0b3b7457699ef0be145e76e73	typography	exhibition	typography	exhibition	TRV:48047b49b975ee8880742ea2544b30e8965f1675df787e9d832f8e0c2db87630|TRV:83a2bff84b1d599d9eed884a09666501c96224a0b3b7457699ef0be145e76e73	false	f060a55bd53f6c963bddeea330165abfd238113ea7b158c2e3614e09bebe453f
240	R16A-PAIR:75976d0c563863bef91cb51443596cc3854ebd1865207758ef421004c83f5a5c	TRV:48047b49b975ee8880742ea2544b30e8965f1675df787e9d832f8e0c2db87630	TRV:9e44dae2c5ca8dc916878b28f5ec3720e42ea22d2add139759780727e6f487ce	typography	mediation	typography	mediation	TRV:48047b49b975ee8880742ea2544b30e8965f1675df787e9d832f8e0c2db87630|TRV:9e44dae2c5ca8dc916878b28f5ec3720e42ea22d2add139759780727e6f487ce	false	f060a55bd53f6c963bddeea330165abfd238113ea7b158c2e3614e09bebe453f
241	R16A-PAIR:1a04e85c70786c43b62fb62eeec31029442604090f398b556a337693855b5699	TRV:48047b49b975ee8880742ea2544b30e8965f1675df787e9d832f8e0c2db87630	TRV:a7835c05c37c3352068d6c2aff509f141e085c6bc072303d3e6676035dc483d4	typography	cultural transformation	typography	cultural transformation	TRV:48047b49b975ee8880742ea2544b30e8965f1675df787e9d832f8e0c2db87630|TRV:a7835c05c37c3352068d6c2aff509f141e085c6bc072303d3e6676035dc483d4	false	f060a55bd53f6c963bddeea330165abfd238113ea7b158c2e3614e09bebe453f
242	R16A-PAIR:199024538efaf5d6d1f635a0ff84e060d9bce28b77851f5f55130c1073329b53	TRV:48047b49b975ee8880742ea2544b30e8965f1675df787e9d832f8e0c2db87630	TRV:a85f306d70c2839db5dad35765d50a5b17eec2c9d0dee0641333805efede7b28	typography	mobile object	typography	mobile object	TRV:48047b49b975ee8880742ea2544b30e8965f1675df787e9d832f8e0c2db87630|TRV:a85f306d70c2839db5dad35765d50a5b17eec2c9d0dee0641333805efede7b28	false	f060a55bd53f6c963bddeea330165abfd238113ea7b158c2e3614e09bebe453f
243	R16A-PAIR:430b57dd3272710d6928e229494dbac0a78ef05f79c94438a0a15d1c3d09fc0d	TRV:48047b49b975ee8880742ea2544b30e8965f1675df787e9d832f8e0c2db87630	TRV:ab8e18ef4ebebeddc0b3152ce9c9006e14fc05242e3fc9ce32246ea6a9543074	typography	production	typography	production	TRV:48047b49b975ee8880742ea2544b30e8965f1675df787e9d832f8e0c2db87630|TRV:ab8e18ef4ebebeddc0b3152ce9c9006e14fc05242e3fc9ce32246ea6a9543074	false	f060a55bd53f6c963bddeea330165abfd238113ea7b158c2e3614e09bebe453f
244	R16A-PAIR:52e969b1224b6d9156582a7f31028334249625db270ada5b3e5c6ad709c8e93e	TRV:48047b49b975ee8880742ea2544b30e8965f1675df787e9d832f8e0c2db87630	TRV:ad8c6f6e417a6d2db992c155701ed13494624142922d58eda2e4ad0fa4672fa8	typography	consumption	typography	consumption	TRV:48047b49b975ee8880742ea2544b30e8965f1675df787e9d832f8e0c2db87630|TRV:ad8c6f6e417a6d2db992c155701ed13494624142922d58eda2e4ad0fa4672fa8	false	f060a55bd53f6c963bddeea330165abfd238113ea7b158c2e3614e09bebe453f
245	R16A-PAIR:fe4795eb92f0a0a109aabf7cd08012d44d0173a851cec1d565497cbc3e1a4d30	TRV:48047b49b975ee8880742ea2544b30e8965f1675df787e9d832f8e0c2db87630	TRV:b1195fbfc5f343ebd84eb46acece15907e639a564f04af5d04d58c70e127a14b	typography	professionalization	typography	professionalization	TRV:48047b49b975ee8880742ea2544b30e8965f1675df787e9d832f8e0c2db87630|TRV:b1195fbfc5f343ebd84eb46acece15907e639a564f04af5d04d58c70e127a14b	false	f060a55bd53f6c963bddeea330165abfd238113ea7b158c2e3614e09bebe453f
246	R16A-PAIR:5eafc9c09ea74f99662912f12bf88c64ab1510ffa7c83bf2aedde77b7c482701	TRV:48047b49b975ee8880742ea2544b30e8965f1675df787e9d832f8e0c2db87630	TRV:b57559d1d19ef1967b6015fa23577c3fac4b79ae3ca54ef4eb760e18300875a3	typography	commodification	typography	commodification	TRV:48047b49b975ee8880742ea2544b30e8965f1675df787e9d832f8e0c2db87630|TRV:b57559d1d19ef1967b6015fa23577c3fac4b79ae3ca54ef4eb760e18300875a3	false	f060a55bd53f6c963bddeea330165abfd238113ea7b158c2e3614e09bebe453f
247	R16A-PAIR:98b04979a6519e89c5521898df28fe93108fb564fd18799d0d87e3065eaac4f9	TRV:48047b49b975ee8880742ea2544b30e8965f1675df787e9d832f8e0c2db87630	TRV:be33e16d8f585c08bb0efe6f0df92659a22d534298639f5318d2a2580546fdcc	typography	production site	typography	production site	TRV:48047b49b975ee8880742ea2544b30e8965f1675df787e9d832f8e0c2db87630|TRV:be33e16d8f585c08bb0efe6f0df92659a22d534298639f5318d2a2580546fdcc	false	f060a55bd53f6c963bddeea330165abfd238113ea7b158c2e3614e09bebe453f
248	R16A-PAIR:f09da9f7c1a00adbc91841b0a9c026f5cd0c666ab394ff39a491e8d74d356058	TRV:48047b49b975ee8880742ea2544b30e8965f1675df787e9d832f8e0c2db87630	TRV:c460d6a56db8d84e6ee3a5c96c4a72ce1170116cab3ad0659544494547ecae77	typography	piracy	typography	piracy	TRV:48047b49b975ee8880742ea2544b30e8965f1675df787e9d832f8e0c2db87630|TRV:c460d6a56db8d84e6ee3a5c96c4a72ce1170116cab3ad0659544494547ecae77	false	f060a55bd53f6c963bddeea330165abfd238113ea7b158c2e3614e09bebe453f
249	R16A-PAIR:b5255b96e88860f01377c8b375e7d0e6465a8647ae40e0835c732bca0c499418	TRV:48047b49b975ee8880742ea2544b30e8965f1675df787e9d832f8e0c2db87630	TRV:c76c09a3f32430db9b00d1c47eaf288d54331355f666dfcb11e4f4ef3a965212	typography	cultural transfer	typography	cultural transfer	TRV:48047b49b975ee8880742ea2544b30e8965f1675df787e9d832f8e0c2db87630|TRV:c76c09a3f32430db9b00d1c47eaf288d54331355f666dfcb11e4f4ef3a965212	false	f060a55bd53f6c963bddeea330165abfd238113ea7b158c2e3614e09bebe453f
250	R16A-PAIR:becaa2b78bb18f6f2979851dade7462574b0b1fc182f1572b73a19fc2b75612c	TRV:48047b49b975ee8880742ea2544b30e8965f1675df787e9d832f8e0c2db87630	TRV:c82d3d4865e41e2a263ff0427c4df2b8e3e43a85c835404d033d764468b3ba55	typography	propaganda	typography	propaganda	TRV:48047b49b975ee8880742ea2544b30e8965f1675df787e9d832f8e0c2db87630|TRV:c82d3d4865e41e2a263ff0427c4df2b8e3e43a85c835404d033d764468b3ba55	false	f060a55bd53f6c963bddeea330165abfd238113ea7b158c2e3614e09bebe453f
251	R16A-PAIR:457de9d9ce6da362d8d9659a5b2c8865f5e31f822e6f4da02aa494a1651472e0	TRV:48047b49b975ee8880742ea2544b30e8965f1675df787e9d832f8e0c2db87630	TRV:d27a4a1080657098835b014b8f47529c5be746cb60b043fb2400fec1a6948185	typography	advertising	typography	advertising	TRV:48047b49b975ee8880742ea2544b30e8965f1675df787e9d832f8e0c2db87630|TRV:d27a4a1080657098835b014b8f47529c5be746cb60b043fb2400fec1a6948185	false	f060a55bd53f6c963bddeea330165abfd238113ea7b158c2e3614e09bebe453f
252	R16A-PAIR:6d7b7b19e73bccb8cfa7090c04efdad4a0aa780927a24a98314e34d26252f2b8	TRV:48047b49b975ee8880742ea2544b30e8965f1675df787e9d832f8e0c2db87630	TRV:d366de58d3002458bfb404ee505621e926c518871a4caeffcdfb89b45f8112ef	typography	material displacement	typography	material displacement	TRV:48047b49b975ee8880742ea2544b30e8965f1675df787e9d832f8e0c2db87630|TRV:d366de58d3002458bfb404ee505621e926c518871a4caeffcdfb89b45f8112ef	false	f060a55bd53f6c963bddeea330165abfd238113ea7b158c2e3614e09bebe453f
253	R16A-PAIR:07f20cb4b7aebd4b308a292a44166ced233eee2313fbd8282c2f0d60b5783ae7	TRV:48047b49b975ee8880742ea2544b30e8965f1675df787e9d832f8e0c2db87630	TRV:e581bd8a1b6363a295216bc7c9f8d958e26ef7406beab6becbf90ff8e2680bd5	typography	canonization	typography	canonization	TRV:48047b49b975ee8880742ea2544b30e8965f1675df787e9d832f8e0c2db87630|TRV:e581bd8a1b6363a295216bc7c9f8d958e26ef7406beab6becbf90ff8e2680bd5	false	f060a55bd53f6c963bddeea330165abfd238113ea7b158c2e3614e09bebe453f
254	R16A-PAIR:b3523de24fcd2a79e6ef719e61874cdb8878a570216a96fa41cc07ba9cd9be11	TRV:48047b49b975ee8880742ea2544b30e8965f1675df787e9d832f8e0c2db87630	TRV:f921321aaedb0bb53398796772f843dc4a5963edfba778ee3a6bd9f592e21795	typography	imitation	typography	imitation	TRV:48047b49b975ee8880742ea2544b30e8965f1675df787e9d832f8e0c2db87630|TRV:f921321aaedb0bb53398796772f843dc4a5963edfba778ee3a6bd9f592e21795	false	f060a55bd53f6c963bddeea330165abfd238113ea7b158c2e3614e09bebe453f
255	R16A-PAIR:90621e38d2e21c589211fed4c67a34ca435047e094f9dd13688d7158dd487047	TRV:48047b49b975ee8880742ea2544b30e8965f1675df787e9d832f8e0c2db87630	TRV:fd793986cd6d45968d3c7103e778813542e6a9979a85e9cf512450307c9f7342	typography	rejection	typography	rejection	TRV:48047b49b975ee8880742ea2544b30e8965f1675df787e9d832f8e0c2db87630|TRV:fd793986cd6d45968d3c7103e778813542e6a9979a85e9cf512450307c9f7342	false	f060a55bd53f6c963bddeea330165abfd238113ea7b158c2e3614e09bebe453f
256	R16A-PAIR:2bcc6f7d462a2b173933ba70541d7c4a8bd498f2bfa0e408f529d928559c367b	TRV:54d55704f5d7e2caa927feedf94edf8b9dd2ebfafc4b0aa68875bcbcbabaaa79	TRV:5660ce124250ffd0ecbcf64a7359315bd26afdb0d89c559c03a491cc2138e4ed	institutionalization	cultural negotiation	institutionalization	cultural negotiation	TRV:54d55704f5d7e2caa927feedf94edf8b9dd2ebfafc4b0aa68875bcbcbabaaa79|TRV:5660ce124250ffd0ecbcf64a7359315bd26afdb0d89c559c03a491cc2138e4ed	false	f060a55bd53f6c963bddeea330165abfd238113ea7b158c2e3614e09bebe453f
257	R16A-PAIR:8c8deda61e0a64f953702f82780089cfae55eeb9c8812ecc10e92b98f67d4446	TRV:54d55704f5d7e2caa927feedf94edf8b9dd2ebfafc4b0aa68875bcbcbabaaa79	TRV:628bbc2d6553accb5320993afff75b39993c7ae9514d1f39d8a28834bfaf8170	institutionalization	gendering	institutionalization	gendering	TRV:54d55704f5d7e2caa927feedf94edf8b9dd2ebfafc4b0aa68875bcbcbabaaa79|TRV:628bbc2d6553accb5320993afff75b39993c7ae9514d1f39d8a28834bfaf8170	false	f060a55bd53f6c963bddeea330165abfd238113ea7b158c2e3614e09bebe453f
258	R16A-PAIR:5f5be4050efde24f657ef72cc5e9385aea3a299e8707f77310043be0f536b828	TRV:54d55704f5d7e2caa927feedf94edf8b9dd2ebfafc4b0aa68875bcbcbabaaa79	TRV:68bf0109c6f8a87bfa96d1ecd9503326ba35cf4a6086988a1d2c8a20fbef00d1	institutionalization	education	institutionalization	education	TRV:54d55704f5d7e2caa927feedf94edf8b9dd2ebfafc4b0aa68875bcbcbabaaa79|TRV:68bf0109c6f8a87bfa96d1ecd9503326ba35cf4a6086988a1d2c8a20fbef00d1	false	f060a55bd53f6c963bddeea330165abfd238113ea7b158c2e3614e09bebe453f
259	R16A-PAIR:189571f1c543bdb45ee92818f83b1ad78494d0981255cca2f75d9380de9ec510	TRV:54d55704f5d7e2caa927feedf94edf8b9dd2ebfafc4b0aa68875bcbcbabaaa79	TRV:83a2bff84b1d599d9eed884a09666501c96224a0b3b7457699ef0be145e76e73	institutionalization	exhibition	institutionalization	exhibition	TRV:54d55704f5d7e2caa927feedf94edf8b9dd2ebfafc4b0aa68875bcbcbabaaa79|TRV:83a2bff84b1d599d9eed884a09666501c96224a0b3b7457699ef0be145e76e73	false	f060a55bd53f6c963bddeea330165abfd238113ea7b158c2e3614e09bebe453f
260	R16A-PAIR:f3895183062d5fb62978c229f1d1eaa0a17d1418e9997e243a8b8ae538160560	TRV:54d55704f5d7e2caa927feedf94edf8b9dd2ebfafc4b0aa68875bcbcbabaaa79	TRV:9e44dae2c5ca8dc916878b28f5ec3720e42ea22d2add139759780727e6f487ce	institutionalization	mediation	institutionalization	mediation	TRV:54d55704f5d7e2caa927feedf94edf8b9dd2ebfafc4b0aa68875bcbcbabaaa79|TRV:9e44dae2c5ca8dc916878b28f5ec3720e42ea22d2add139759780727e6f487ce	false	f060a55bd53f6c963bddeea330165abfd238113ea7b158c2e3614e09bebe453f
261	R16A-PAIR:2bd53d3159bf99b5adf1adfd6dee018c53db8a2506c08a3096046cdba531189c	TRV:54d55704f5d7e2caa927feedf94edf8b9dd2ebfafc4b0aa68875bcbcbabaaa79	TRV:a7835c05c37c3352068d6c2aff509f141e085c6bc072303d3e6676035dc483d4	institutionalization	cultural transformation	institutionalization	cultural transformation	TRV:54d55704f5d7e2caa927feedf94edf8b9dd2ebfafc4b0aa68875bcbcbabaaa79|TRV:a7835c05c37c3352068d6c2aff509f141e085c6bc072303d3e6676035dc483d4	false	f060a55bd53f6c963bddeea330165abfd238113ea7b158c2e3614e09bebe453f
262	R16A-PAIR:cef6577758d76ccd99bd238ba0ca0c65a68ab2bb6873cc7030ed1516e677bbe0	TRV:54d55704f5d7e2caa927feedf94edf8b9dd2ebfafc4b0aa68875bcbcbabaaa79	TRV:a85f306d70c2839db5dad35765d50a5b17eec2c9d0dee0641333805efede7b28	institutionalization	mobile object	institutionalization	mobile object	TRV:54d55704f5d7e2caa927feedf94edf8b9dd2ebfafc4b0aa68875bcbcbabaaa79|TRV:a85f306d70c2839db5dad35765d50a5b17eec2c9d0dee0641333805efede7b28	false	f060a55bd53f6c963bddeea330165abfd238113ea7b158c2e3614e09bebe453f
263	R16A-PAIR:59df391217488ab4aa221fd52428863a33bb8ed5e2e4d08dbb5ae9ba08439541	TRV:54d55704f5d7e2caa927feedf94edf8b9dd2ebfafc4b0aa68875bcbcbabaaa79	TRV:ab8e18ef4ebebeddc0b3152ce9c9006e14fc05242e3fc9ce32246ea6a9543074	institutionalization	production	institutionalization	production	TRV:54d55704f5d7e2caa927feedf94edf8b9dd2ebfafc4b0aa68875bcbcbabaaa79|TRV:ab8e18ef4ebebeddc0b3152ce9c9006e14fc05242e3fc9ce32246ea6a9543074	false	f060a55bd53f6c963bddeea330165abfd238113ea7b158c2e3614e09bebe453f
264	R16A-PAIR:9f7b62374330d7a9e63551939a143089ccbda1540b2948308271e4d4b3f78aa0	TRV:54d55704f5d7e2caa927feedf94edf8b9dd2ebfafc4b0aa68875bcbcbabaaa79	TRV:ad8c6f6e417a6d2db992c155701ed13494624142922d58eda2e4ad0fa4672fa8	institutionalization	consumption	institutionalization	consumption	TRV:54d55704f5d7e2caa927feedf94edf8b9dd2ebfafc4b0aa68875bcbcbabaaa79|TRV:ad8c6f6e417a6d2db992c155701ed13494624142922d58eda2e4ad0fa4672fa8	false	f060a55bd53f6c963bddeea330165abfd238113ea7b158c2e3614e09bebe453f
265	R16A-PAIR:9d6b149f9ea2e617d5b45153c18bed1eeff22bd4c979cc8d6767b8c213e4d419	TRV:54d55704f5d7e2caa927feedf94edf8b9dd2ebfafc4b0aa68875bcbcbabaaa79	TRV:b1195fbfc5f343ebd84eb46acece15907e639a564f04af5d04d58c70e127a14b	institutionalization	professionalization	institutionalization	professionalization	TRV:54d55704f5d7e2caa927feedf94edf8b9dd2ebfafc4b0aa68875bcbcbabaaa79|TRV:b1195fbfc5f343ebd84eb46acece15907e639a564f04af5d04d58c70e127a14b	false	f060a55bd53f6c963bddeea330165abfd238113ea7b158c2e3614e09bebe453f
266	R16A-PAIR:f5359142afc7c04e6307b8067e0d2ce9b0630699a3ab7783209027a477e374a8	TRV:54d55704f5d7e2caa927feedf94edf8b9dd2ebfafc4b0aa68875bcbcbabaaa79	TRV:b57559d1d19ef1967b6015fa23577c3fac4b79ae3ca54ef4eb760e18300875a3	institutionalization	commodification	institutionalization	commodification	TRV:54d55704f5d7e2caa927feedf94edf8b9dd2ebfafc4b0aa68875bcbcbabaaa79|TRV:b57559d1d19ef1967b6015fa23577c3fac4b79ae3ca54ef4eb760e18300875a3	false	f060a55bd53f6c963bddeea330165abfd238113ea7b158c2e3614e09bebe453f
267	R16A-PAIR:ed0878e5200162c4f736e2d12d9b5c0178743e637c97051e017ec0c7e0def70c	TRV:54d55704f5d7e2caa927feedf94edf8b9dd2ebfafc4b0aa68875bcbcbabaaa79	TRV:be33e16d8f585c08bb0efe6f0df92659a22d534298639f5318d2a2580546fdcc	institutionalization	production site	institutionalization	production site	TRV:54d55704f5d7e2caa927feedf94edf8b9dd2ebfafc4b0aa68875bcbcbabaaa79|TRV:be33e16d8f585c08bb0efe6f0df92659a22d534298639f5318d2a2580546fdcc	false	f060a55bd53f6c963bddeea330165abfd238113ea7b158c2e3614e09bebe453f
268	R16A-PAIR:a747a5968474a5cd4622a99dc951be618ceabf4079ecf770e0414d35e3ce8e52	TRV:54d55704f5d7e2caa927feedf94edf8b9dd2ebfafc4b0aa68875bcbcbabaaa79	TRV:c460d6a56db8d84e6ee3a5c96c4a72ce1170116cab3ad0659544494547ecae77	institutionalization	piracy	institutionalization	piracy	TRV:54d55704f5d7e2caa927feedf94edf8b9dd2ebfafc4b0aa68875bcbcbabaaa79|TRV:c460d6a56db8d84e6ee3a5c96c4a72ce1170116cab3ad0659544494547ecae77	false	f060a55bd53f6c963bddeea330165abfd238113ea7b158c2e3614e09bebe453f
269	R16A-PAIR:4f44fe1d241e7a7603fa0ae1f356bfc0ab6175f0bee8ee0813db472d2b83214c	TRV:54d55704f5d7e2caa927feedf94edf8b9dd2ebfafc4b0aa68875bcbcbabaaa79	TRV:c76c09a3f32430db9b00d1c47eaf288d54331355f666dfcb11e4f4ef3a965212	institutionalization	cultural transfer	institutionalization	cultural transfer	TRV:54d55704f5d7e2caa927feedf94edf8b9dd2ebfafc4b0aa68875bcbcbabaaa79|TRV:c76c09a3f32430db9b00d1c47eaf288d54331355f666dfcb11e4f4ef3a965212	false	f060a55bd53f6c963bddeea330165abfd238113ea7b158c2e3614e09bebe453f
270	R16A-PAIR:93eebaf488c56d4d77c4136eab00225c4f5274dd156c8842efe58fd36d231ed2	TRV:54d55704f5d7e2caa927feedf94edf8b9dd2ebfafc4b0aa68875bcbcbabaaa79	TRV:c82d3d4865e41e2a263ff0427c4df2b8e3e43a85c835404d033d764468b3ba55	institutionalization	propaganda	institutionalization	propaganda	TRV:54d55704f5d7e2caa927feedf94edf8b9dd2ebfafc4b0aa68875bcbcbabaaa79|TRV:c82d3d4865e41e2a263ff0427c4df2b8e3e43a85c835404d033d764468b3ba55	false	f060a55bd53f6c963bddeea330165abfd238113ea7b158c2e3614e09bebe453f
271	R16A-PAIR:4e5806cf19493b3f04a21dac15c9366fc5594c8626f3d3fb38c35b912dd2cd8f	TRV:54d55704f5d7e2caa927feedf94edf8b9dd2ebfafc4b0aa68875bcbcbabaaa79	TRV:d27a4a1080657098835b014b8f47529c5be746cb60b043fb2400fec1a6948185	institutionalization	advertising	institutionalization	advertising	TRV:54d55704f5d7e2caa927feedf94edf8b9dd2ebfafc4b0aa68875bcbcbabaaa79|TRV:d27a4a1080657098835b014b8f47529c5be746cb60b043fb2400fec1a6948185	false	f060a55bd53f6c963bddeea330165abfd238113ea7b158c2e3614e09bebe453f
272	R16A-PAIR:5feae615f21382a35c1df70827fdc689cb3604849c9039614c87564ea39f2682	TRV:54d55704f5d7e2caa927feedf94edf8b9dd2ebfafc4b0aa68875bcbcbabaaa79	TRV:d366de58d3002458bfb404ee505621e926c518871a4caeffcdfb89b45f8112ef	institutionalization	material displacement	institutionalization	material displacement	TRV:54d55704f5d7e2caa927feedf94edf8b9dd2ebfafc4b0aa68875bcbcbabaaa79|TRV:d366de58d3002458bfb404ee505621e926c518871a4caeffcdfb89b45f8112ef	false	f060a55bd53f6c963bddeea330165abfd238113ea7b158c2e3614e09bebe453f
273	R16A-PAIR:f253345300e12ce78454f8582ea0c9c953e873a4148c06a82eb905ca2dead987	TRV:54d55704f5d7e2caa927feedf94edf8b9dd2ebfafc4b0aa68875bcbcbabaaa79	TRV:e581bd8a1b6363a295216bc7c9f8d958e26ef7406beab6becbf90ff8e2680bd5	institutionalization	canonization	institutionalization	canonization	TRV:54d55704f5d7e2caa927feedf94edf8b9dd2ebfafc4b0aa68875bcbcbabaaa79|TRV:e581bd8a1b6363a295216bc7c9f8d958e26ef7406beab6becbf90ff8e2680bd5	false	f060a55bd53f6c963bddeea330165abfd238113ea7b158c2e3614e09bebe453f
274	R16A-PAIR:349eff5380c258e011f72ad8980d5909b3df42c82b0f68ebb06ba1408ce762b4	TRV:54d55704f5d7e2caa927feedf94edf8b9dd2ebfafc4b0aa68875bcbcbabaaa79	TRV:f921321aaedb0bb53398796772f843dc4a5963edfba778ee3a6bd9f592e21795	institutionalization	imitation	institutionalization	imitation	TRV:54d55704f5d7e2caa927feedf94edf8b9dd2ebfafc4b0aa68875bcbcbabaaa79|TRV:f921321aaedb0bb53398796772f843dc4a5963edfba778ee3a6bd9f592e21795	false	f060a55bd53f6c963bddeea330165abfd238113ea7b158c2e3614e09bebe453f
275	R16A-PAIR:dcaaf95d6ff6f0c793bddbaa39d0cfeb607f98a43e7e7df20bc42b1480ff3112	TRV:54d55704f5d7e2caa927feedf94edf8b9dd2ebfafc4b0aa68875bcbcbabaaa79	TRV:fd793986cd6d45968d3c7103e778813542e6a9979a85e9cf512450307c9f7342	institutionalization	rejection	institutionalization	rejection	TRV:54d55704f5d7e2caa927feedf94edf8b9dd2ebfafc4b0aa68875bcbcbabaaa79|TRV:fd793986cd6d45968d3c7103e778813542e6a9979a85e9cf512450307c9f7342	false	f060a55bd53f6c963bddeea330165abfd238113ea7b158c2e3614e09bebe453f
276	R16A-PAIR:e888c996c166797b927a81a2cf9f5e6a867176e1802f778d292a759777c66bc1	TRV:5660ce124250ffd0ecbcf64a7359315bd26afdb0d89c559c03a491cc2138e4ed	TRV:628bbc2d6553accb5320993afff75b39993c7ae9514d1f39d8a28834bfaf8170	cultural negotiation	gendering	cultural negotiation	gendering	TRV:5660ce124250ffd0ecbcf64a7359315bd26afdb0d89c559c03a491cc2138e4ed|TRV:628bbc2d6553accb5320993afff75b39993c7ae9514d1f39d8a28834bfaf8170	false	f060a55bd53f6c963bddeea330165abfd238113ea7b158c2e3614e09bebe453f
277	R16A-PAIR:d7026eced07d2a2990c6a16fda2b5ed12ad82d881a512726d35bfcd682c249b4	TRV:5660ce124250ffd0ecbcf64a7359315bd26afdb0d89c559c03a491cc2138e4ed	TRV:68bf0109c6f8a87bfa96d1ecd9503326ba35cf4a6086988a1d2c8a20fbef00d1	cultural negotiation	education	cultural negotiation	education	TRV:5660ce124250ffd0ecbcf64a7359315bd26afdb0d89c559c03a491cc2138e4ed|TRV:68bf0109c6f8a87bfa96d1ecd9503326ba35cf4a6086988a1d2c8a20fbef00d1	false	f060a55bd53f6c963bddeea330165abfd238113ea7b158c2e3614e09bebe453f
278	R16A-PAIR:e2357ff2bbf5697807d1f9015bb2c881eeb07d89c3fb9faba3a1f1fba3c756e6	TRV:5660ce124250ffd0ecbcf64a7359315bd26afdb0d89c559c03a491cc2138e4ed	TRV:83a2bff84b1d599d9eed884a09666501c96224a0b3b7457699ef0be145e76e73	cultural negotiation	exhibition	cultural negotiation	exhibition	TRV:5660ce124250ffd0ecbcf64a7359315bd26afdb0d89c559c03a491cc2138e4ed|TRV:83a2bff84b1d599d9eed884a09666501c96224a0b3b7457699ef0be145e76e73	false	f060a55bd53f6c963bddeea330165abfd238113ea7b158c2e3614e09bebe453f
279	R16A-PAIR:16acfdc89400e85d0ec1d231e1548f70f3fc2bb5a70e6fdde96f30bdf1af8da1	TRV:5660ce124250ffd0ecbcf64a7359315bd26afdb0d89c559c03a491cc2138e4ed	TRV:9e44dae2c5ca8dc916878b28f5ec3720e42ea22d2add139759780727e6f487ce	cultural negotiation	mediation	cultural negotiation	mediation	TRV:5660ce124250ffd0ecbcf64a7359315bd26afdb0d89c559c03a491cc2138e4ed|TRV:9e44dae2c5ca8dc916878b28f5ec3720e42ea22d2add139759780727e6f487ce	false	f060a55bd53f6c963bddeea330165abfd238113ea7b158c2e3614e09bebe453f
280	R16A-PAIR:07eb81c37fe660533d02896c7767a4ac859acf0d7c9547ef8ca26c2c76046933	TRV:5660ce124250ffd0ecbcf64a7359315bd26afdb0d89c559c03a491cc2138e4ed	TRV:a7835c05c37c3352068d6c2aff509f141e085c6bc072303d3e6676035dc483d4	cultural negotiation	cultural transformation	cultural negotiation	cultural transformation	TRV:5660ce124250ffd0ecbcf64a7359315bd26afdb0d89c559c03a491cc2138e4ed|TRV:a7835c05c37c3352068d6c2aff509f141e085c6bc072303d3e6676035dc483d4	false	f060a55bd53f6c963bddeea330165abfd238113ea7b158c2e3614e09bebe453f
281	R16A-PAIR:e434151a92c6d3ee0b5ec6418b98078575f004d7066adeb4501748f6cf23a6ff	TRV:5660ce124250ffd0ecbcf64a7359315bd26afdb0d89c559c03a491cc2138e4ed	TRV:a85f306d70c2839db5dad35765d50a5b17eec2c9d0dee0641333805efede7b28	cultural negotiation	mobile object	cultural negotiation	mobile object	TRV:5660ce124250ffd0ecbcf64a7359315bd26afdb0d89c559c03a491cc2138e4ed|TRV:a85f306d70c2839db5dad35765d50a5b17eec2c9d0dee0641333805efede7b28	false	f060a55bd53f6c963bddeea330165abfd238113ea7b158c2e3614e09bebe453f
282	R16A-PAIR:ed76ca31847e7ccbbc16f2b2bb9443d8d1dc83f1ddf5dc88e41e8492f66469dd	TRV:5660ce124250ffd0ecbcf64a7359315bd26afdb0d89c559c03a491cc2138e4ed	TRV:ab8e18ef4ebebeddc0b3152ce9c9006e14fc05242e3fc9ce32246ea6a9543074	cultural negotiation	production	cultural negotiation	production	TRV:5660ce124250ffd0ecbcf64a7359315bd26afdb0d89c559c03a491cc2138e4ed|TRV:ab8e18ef4ebebeddc0b3152ce9c9006e14fc05242e3fc9ce32246ea6a9543074	false	f060a55bd53f6c963bddeea330165abfd238113ea7b158c2e3614e09bebe453f
283	R16A-PAIR:ea8f2f41346eb6e74ee8c61cda67005ac20e7239a2be910d250c78e519ff526f	TRV:5660ce124250ffd0ecbcf64a7359315bd26afdb0d89c559c03a491cc2138e4ed	TRV:ad8c6f6e417a6d2db992c155701ed13494624142922d58eda2e4ad0fa4672fa8	cultural negotiation	consumption	cultural negotiation	consumption	TRV:5660ce124250ffd0ecbcf64a7359315bd26afdb0d89c559c03a491cc2138e4ed|TRV:ad8c6f6e417a6d2db992c155701ed13494624142922d58eda2e4ad0fa4672fa8	false	f060a55bd53f6c963bddeea330165abfd238113ea7b158c2e3614e09bebe453f
284	R16A-PAIR:ffa2a65f38b73a0bfdba4daa4619ae2b07064af2bf18413aefcc3f8a97dc0943	TRV:5660ce124250ffd0ecbcf64a7359315bd26afdb0d89c559c03a491cc2138e4ed	TRV:b1195fbfc5f343ebd84eb46acece15907e639a564f04af5d04d58c70e127a14b	cultural negotiation	professionalization	cultural negotiation	professionalization	TRV:5660ce124250ffd0ecbcf64a7359315bd26afdb0d89c559c03a491cc2138e4ed|TRV:b1195fbfc5f343ebd84eb46acece15907e639a564f04af5d04d58c70e127a14b	false	f060a55bd53f6c963bddeea330165abfd238113ea7b158c2e3614e09bebe453f
285	R16A-PAIR:83e673395cd463d416aef5d0e90be2da4e08cb36c2d14bc652e3bcea88ba054d	TRV:5660ce124250ffd0ecbcf64a7359315bd26afdb0d89c559c03a491cc2138e4ed	TRV:b57559d1d19ef1967b6015fa23577c3fac4b79ae3ca54ef4eb760e18300875a3	cultural negotiation	commodification	cultural negotiation	commodification	TRV:5660ce124250ffd0ecbcf64a7359315bd26afdb0d89c559c03a491cc2138e4ed|TRV:b57559d1d19ef1967b6015fa23577c3fac4b79ae3ca54ef4eb760e18300875a3	false	f060a55bd53f6c963bddeea330165abfd238113ea7b158c2e3614e09bebe453f
286	R16A-PAIR:0f29710eed73e05b1b19182d10049ed32e1d2744b5ed940b2a05a150e925f4ab	TRV:5660ce124250ffd0ecbcf64a7359315bd26afdb0d89c559c03a491cc2138e4ed	TRV:be33e16d8f585c08bb0efe6f0df92659a22d534298639f5318d2a2580546fdcc	cultural negotiation	production site	cultural negotiation	production site	TRV:5660ce124250ffd0ecbcf64a7359315bd26afdb0d89c559c03a491cc2138e4ed|TRV:be33e16d8f585c08bb0efe6f0df92659a22d534298639f5318d2a2580546fdcc	false	f060a55bd53f6c963bddeea330165abfd238113ea7b158c2e3614e09bebe453f
287	R16A-PAIR:247c41b6385534352e1184ce157aeb08e2f71b2fa3e560b4ef32fdbbf546a0fa	TRV:5660ce124250ffd0ecbcf64a7359315bd26afdb0d89c559c03a491cc2138e4ed	TRV:c460d6a56db8d84e6ee3a5c96c4a72ce1170116cab3ad0659544494547ecae77	cultural negotiation	piracy	cultural negotiation	piracy	TRV:5660ce124250ffd0ecbcf64a7359315bd26afdb0d89c559c03a491cc2138e4ed|TRV:c460d6a56db8d84e6ee3a5c96c4a72ce1170116cab3ad0659544494547ecae77	false	f060a55bd53f6c963bddeea330165abfd238113ea7b158c2e3614e09bebe453f
288	R16A-PAIR:3d61d7d805faa305a676cbdac54f0ac3a84f596f18cc65a747dfe8623626db2b	TRV:5660ce124250ffd0ecbcf64a7359315bd26afdb0d89c559c03a491cc2138e4ed	TRV:c76c09a3f32430db9b00d1c47eaf288d54331355f666dfcb11e4f4ef3a965212	cultural negotiation	cultural transfer	cultural negotiation	cultural transfer	TRV:5660ce124250ffd0ecbcf64a7359315bd26afdb0d89c559c03a491cc2138e4ed|TRV:c76c09a3f32430db9b00d1c47eaf288d54331355f666dfcb11e4f4ef3a965212	false	f060a55bd53f6c963bddeea330165abfd238113ea7b158c2e3614e09bebe453f
289	R16A-PAIR:f039dc12114bf36090c96f531c6d1c387f2a7f958ba737a5318977d2365dbd30	TRV:5660ce124250ffd0ecbcf64a7359315bd26afdb0d89c559c03a491cc2138e4ed	TRV:c82d3d4865e41e2a263ff0427c4df2b8e3e43a85c835404d033d764468b3ba55	cultural negotiation	propaganda	cultural negotiation	propaganda	TRV:5660ce124250ffd0ecbcf64a7359315bd26afdb0d89c559c03a491cc2138e4ed|TRV:c82d3d4865e41e2a263ff0427c4df2b8e3e43a85c835404d033d764468b3ba55	false	f060a55bd53f6c963bddeea330165abfd238113ea7b158c2e3614e09bebe453f
290	R16A-PAIR:29feedfbeb0468da05d88ed005e07ae225a7cbfb0830cb14f4a938abd1793fc9	TRV:5660ce124250ffd0ecbcf64a7359315bd26afdb0d89c559c03a491cc2138e4ed	TRV:d27a4a1080657098835b014b8f47529c5be746cb60b043fb2400fec1a6948185	cultural negotiation	advertising	cultural negotiation	advertising	TRV:5660ce124250ffd0ecbcf64a7359315bd26afdb0d89c559c03a491cc2138e4ed|TRV:d27a4a1080657098835b014b8f47529c5be746cb60b043fb2400fec1a6948185	false	f060a55bd53f6c963bddeea330165abfd238113ea7b158c2e3614e09bebe453f
291	R16A-PAIR:6e1e4deeb4f01c836718fb14840e3268c2dc1899947ab46e484fb9c33b00604a	TRV:5660ce124250ffd0ecbcf64a7359315bd26afdb0d89c559c03a491cc2138e4ed	TRV:d366de58d3002458bfb404ee505621e926c518871a4caeffcdfb89b45f8112ef	cultural negotiation	material displacement	cultural negotiation	material displacement	TRV:5660ce124250ffd0ecbcf64a7359315bd26afdb0d89c559c03a491cc2138e4ed|TRV:d366de58d3002458bfb404ee505621e926c518871a4caeffcdfb89b45f8112ef	false	f060a55bd53f6c963bddeea330165abfd238113ea7b158c2e3614e09bebe453f
292	R16A-PAIR:7f62012e83fa7c77999628dbc74f683c892caf73343864e3ed119ebc2c4f6e55	TRV:5660ce124250ffd0ecbcf64a7359315bd26afdb0d89c559c03a491cc2138e4ed	TRV:e581bd8a1b6363a295216bc7c9f8d958e26ef7406beab6becbf90ff8e2680bd5	cultural negotiation	canonization	cultural negotiation	canonization	TRV:5660ce124250ffd0ecbcf64a7359315bd26afdb0d89c559c03a491cc2138e4ed|TRV:e581bd8a1b6363a295216bc7c9f8d958e26ef7406beab6becbf90ff8e2680bd5	false	f060a55bd53f6c963bddeea330165abfd238113ea7b158c2e3614e09bebe453f
293	R16A-PAIR:7f192bd003d1c03224dfc1d03c9fbfadcbce7ca926ff49a04b29f924a932ae65	TRV:5660ce124250ffd0ecbcf64a7359315bd26afdb0d89c559c03a491cc2138e4ed	TRV:f921321aaedb0bb53398796772f843dc4a5963edfba778ee3a6bd9f592e21795	cultural negotiation	imitation	cultural negotiation	imitation	TRV:5660ce124250ffd0ecbcf64a7359315bd26afdb0d89c559c03a491cc2138e4ed|TRV:f921321aaedb0bb53398796772f843dc4a5963edfba778ee3a6bd9f592e21795	false	f060a55bd53f6c963bddeea330165abfd238113ea7b158c2e3614e09bebe453f
294	R16A-PAIR:591aa3897c3e0e455ef4bc05b36550f3d010af9e84be8a08c199676025fdeb04	TRV:5660ce124250ffd0ecbcf64a7359315bd26afdb0d89c559c03a491cc2138e4ed	TRV:fd793986cd6d45968d3c7103e778813542e6a9979a85e9cf512450307c9f7342	cultural negotiation	rejection	cultural negotiation	rejection	TRV:5660ce124250ffd0ecbcf64a7359315bd26afdb0d89c559c03a491cc2138e4ed|TRV:fd793986cd6d45968d3c7103e778813542e6a9979a85e9cf512450307c9f7342	false	f060a55bd53f6c963bddeea330165abfd238113ea7b158c2e3614e09bebe453f
295	R16A-PAIR:4272bca21c2e95f7e7f18f09075ec5be14d104ad6363d668672ff0ee495a9976	TRV:628bbc2d6553accb5320993afff75b39993c7ae9514d1f39d8a28834bfaf8170	TRV:68bf0109c6f8a87bfa96d1ecd9503326ba35cf4a6086988a1d2c8a20fbef00d1	gendering	education	gendering	education	TRV:628bbc2d6553accb5320993afff75b39993c7ae9514d1f39d8a28834bfaf8170|TRV:68bf0109c6f8a87bfa96d1ecd9503326ba35cf4a6086988a1d2c8a20fbef00d1	false	f060a55bd53f6c963bddeea330165abfd238113ea7b158c2e3614e09bebe453f
296	R16A-PAIR:fc8fef2648fa32b504972a99704a9fcf0681109786f0922aa4ff0676aff316f1	TRV:628bbc2d6553accb5320993afff75b39993c7ae9514d1f39d8a28834bfaf8170	TRV:83a2bff84b1d599d9eed884a09666501c96224a0b3b7457699ef0be145e76e73	gendering	exhibition	gendering	exhibition	TRV:628bbc2d6553accb5320993afff75b39993c7ae9514d1f39d8a28834bfaf8170|TRV:83a2bff84b1d599d9eed884a09666501c96224a0b3b7457699ef0be145e76e73	false	f060a55bd53f6c963bddeea330165abfd238113ea7b158c2e3614e09bebe453f
297	R16A-PAIR:e7b0de459f862336b326b5d734f528ba4c64bd250c1e5df25fed297f238fccaa	TRV:628bbc2d6553accb5320993afff75b39993c7ae9514d1f39d8a28834bfaf8170	TRV:9e44dae2c5ca8dc916878b28f5ec3720e42ea22d2add139759780727e6f487ce	gendering	mediation	gendering	mediation	TRV:628bbc2d6553accb5320993afff75b39993c7ae9514d1f39d8a28834bfaf8170|TRV:9e44dae2c5ca8dc916878b28f5ec3720e42ea22d2add139759780727e6f487ce	false	f060a55bd53f6c963bddeea330165abfd238113ea7b158c2e3614e09bebe453f
298	R16A-PAIR:8af9c9f8dbd52e8d0b899458d8a3250a36c3887de0bb774c37c766770b156e16	TRV:628bbc2d6553accb5320993afff75b39993c7ae9514d1f39d8a28834bfaf8170	TRV:a7835c05c37c3352068d6c2aff509f141e085c6bc072303d3e6676035dc483d4	gendering	cultural transformation	gendering	cultural transformation	TRV:628bbc2d6553accb5320993afff75b39993c7ae9514d1f39d8a28834bfaf8170|TRV:a7835c05c37c3352068d6c2aff509f141e085c6bc072303d3e6676035dc483d4	false	f060a55bd53f6c963bddeea330165abfd238113ea7b158c2e3614e09bebe453f
299	R16A-PAIR:2fb40ef64bcc18fa7dd684c792470cbe5b8a6149ae62e53f69312d9f53f8cad3	TRV:628bbc2d6553accb5320993afff75b39993c7ae9514d1f39d8a28834bfaf8170	TRV:a85f306d70c2839db5dad35765d50a5b17eec2c9d0dee0641333805efede7b28	gendering	mobile object	gendering	mobile object	TRV:628bbc2d6553accb5320993afff75b39993c7ae9514d1f39d8a28834bfaf8170|TRV:a85f306d70c2839db5dad35765d50a5b17eec2c9d0dee0641333805efede7b28	false	f060a55bd53f6c963bddeea330165abfd238113ea7b158c2e3614e09bebe453f
300	R16A-PAIR:41c56402107ccd366d7b7fb1456e5084a1a5e11b960543a756fa6583b451dc2f	TRV:628bbc2d6553accb5320993afff75b39993c7ae9514d1f39d8a28834bfaf8170	TRV:ab8e18ef4ebebeddc0b3152ce9c9006e14fc05242e3fc9ce32246ea6a9543074	gendering	production	gendering	production	TRV:628bbc2d6553accb5320993afff75b39993c7ae9514d1f39d8a28834bfaf8170|TRV:ab8e18ef4ebebeddc0b3152ce9c9006e14fc05242e3fc9ce32246ea6a9543074	false	f060a55bd53f6c963bddeea330165abfd238113ea7b158c2e3614e09bebe453f
301	R16A-PAIR:65b28119cd662815fcee63b117d8f08b9d581e522868088960f4959e05da87f3	TRV:628bbc2d6553accb5320993afff75b39993c7ae9514d1f39d8a28834bfaf8170	TRV:ad8c6f6e417a6d2db992c155701ed13494624142922d58eda2e4ad0fa4672fa8	gendering	consumption	gendering	consumption	TRV:628bbc2d6553accb5320993afff75b39993c7ae9514d1f39d8a28834bfaf8170|TRV:ad8c6f6e417a6d2db992c155701ed13494624142922d58eda2e4ad0fa4672fa8	false	f060a55bd53f6c963bddeea330165abfd238113ea7b158c2e3614e09bebe453f
302	R16A-PAIR:3e8f0f201995cde0bf62e671e3323e1202261371913d27d1bb906e6544cf239f	TRV:628bbc2d6553accb5320993afff75b39993c7ae9514d1f39d8a28834bfaf8170	TRV:b1195fbfc5f343ebd84eb46acece15907e639a564f04af5d04d58c70e127a14b	gendering	professionalization	gendering	professionalization	TRV:628bbc2d6553accb5320993afff75b39993c7ae9514d1f39d8a28834bfaf8170|TRV:b1195fbfc5f343ebd84eb46acece15907e639a564f04af5d04d58c70e127a14b	false	f060a55bd53f6c963bddeea330165abfd238113ea7b158c2e3614e09bebe453f
303	R16A-PAIR:85e32fbf7d295e72068df767318096879ed6af2c4af16cadd1313e3fca88fa26	TRV:628bbc2d6553accb5320993afff75b39993c7ae9514d1f39d8a28834bfaf8170	TRV:b57559d1d19ef1967b6015fa23577c3fac4b79ae3ca54ef4eb760e18300875a3	gendering	commodification	gendering	commodification	TRV:628bbc2d6553accb5320993afff75b39993c7ae9514d1f39d8a28834bfaf8170|TRV:b57559d1d19ef1967b6015fa23577c3fac4b79ae3ca54ef4eb760e18300875a3	false	f060a55bd53f6c963bddeea330165abfd238113ea7b158c2e3614e09bebe453f
304	R16A-PAIR:3bf60e60152aa6ee58b465b8745923497f2a074bc68fc45a7b7032e43f7ae559	TRV:628bbc2d6553accb5320993afff75b39993c7ae9514d1f39d8a28834bfaf8170	TRV:be33e16d8f585c08bb0efe6f0df92659a22d534298639f5318d2a2580546fdcc	gendering	production site	gendering	production site	TRV:628bbc2d6553accb5320993afff75b39993c7ae9514d1f39d8a28834bfaf8170|TRV:be33e16d8f585c08bb0efe6f0df92659a22d534298639f5318d2a2580546fdcc	false	f060a55bd53f6c963bddeea330165abfd238113ea7b158c2e3614e09bebe453f
305	R16A-PAIR:b3d6be3af1f58bc651be84202fc415b3ad527816243e786df8a42653bedae0e3	TRV:628bbc2d6553accb5320993afff75b39993c7ae9514d1f39d8a28834bfaf8170	TRV:c460d6a56db8d84e6ee3a5c96c4a72ce1170116cab3ad0659544494547ecae77	gendering	piracy	gendering	piracy	TRV:628bbc2d6553accb5320993afff75b39993c7ae9514d1f39d8a28834bfaf8170|TRV:c460d6a56db8d84e6ee3a5c96c4a72ce1170116cab3ad0659544494547ecae77	false	f060a55bd53f6c963bddeea330165abfd238113ea7b158c2e3614e09bebe453f
306	R16A-PAIR:50d92fe730f6dc137ed62f34aba13495e17557613b885bc726b327b86474cd51	TRV:628bbc2d6553accb5320993afff75b39993c7ae9514d1f39d8a28834bfaf8170	TRV:c76c09a3f32430db9b00d1c47eaf288d54331355f666dfcb11e4f4ef3a965212	gendering	cultural transfer	gendering	cultural transfer	TRV:628bbc2d6553accb5320993afff75b39993c7ae9514d1f39d8a28834bfaf8170|TRV:c76c09a3f32430db9b00d1c47eaf288d54331355f666dfcb11e4f4ef3a965212	false	f060a55bd53f6c963bddeea330165abfd238113ea7b158c2e3614e09bebe453f
307	R16A-PAIR:4c7bf19224af1607105df4b7e0ebd9df22923a01a2af51c4a1df6290ff1e5ed9	TRV:628bbc2d6553accb5320993afff75b39993c7ae9514d1f39d8a28834bfaf8170	TRV:c82d3d4865e41e2a263ff0427c4df2b8e3e43a85c835404d033d764468b3ba55	gendering	propaganda	gendering	propaganda	TRV:628bbc2d6553accb5320993afff75b39993c7ae9514d1f39d8a28834bfaf8170|TRV:c82d3d4865e41e2a263ff0427c4df2b8e3e43a85c835404d033d764468b3ba55	false	f060a55bd53f6c963bddeea330165abfd238113ea7b158c2e3614e09bebe453f
308	R16A-PAIR:db3fe9d07214e0ae7b2cd1cda5fa169dd883079035b9ebc6b803bbaf085a2a83	TRV:628bbc2d6553accb5320993afff75b39993c7ae9514d1f39d8a28834bfaf8170	TRV:d27a4a1080657098835b014b8f47529c5be746cb60b043fb2400fec1a6948185	gendering	advertising	gendering	advertising	TRV:628bbc2d6553accb5320993afff75b39993c7ae9514d1f39d8a28834bfaf8170|TRV:d27a4a1080657098835b014b8f47529c5be746cb60b043fb2400fec1a6948185	false	f060a55bd53f6c963bddeea330165abfd238113ea7b158c2e3614e09bebe453f
309	R16A-PAIR:ac95487000db3977148f853a207664466450308666dcb865195eec9cb8f57d8a	TRV:628bbc2d6553accb5320993afff75b39993c7ae9514d1f39d8a28834bfaf8170	TRV:d366de58d3002458bfb404ee505621e926c518871a4caeffcdfb89b45f8112ef	gendering	material displacement	gendering	material displacement	TRV:628bbc2d6553accb5320993afff75b39993c7ae9514d1f39d8a28834bfaf8170|TRV:d366de58d3002458bfb404ee505621e926c518871a4caeffcdfb89b45f8112ef	false	f060a55bd53f6c963bddeea330165abfd238113ea7b158c2e3614e09bebe453f
310	R16A-PAIR:1d739bc09b0670071ab4f5a24b4ff21b3afbb99598249b1faa0d6a60b47a9fd6	TRV:628bbc2d6553accb5320993afff75b39993c7ae9514d1f39d8a28834bfaf8170	TRV:e581bd8a1b6363a295216bc7c9f8d958e26ef7406beab6becbf90ff8e2680bd5	gendering	canonization	gendering	canonization	TRV:628bbc2d6553accb5320993afff75b39993c7ae9514d1f39d8a28834bfaf8170|TRV:e581bd8a1b6363a295216bc7c9f8d958e26ef7406beab6becbf90ff8e2680bd5	false	f060a55bd53f6c963bddeea330165abfd238113ea7b158c2e3614e09bebe453f
311	R16A-PAIR:4f6f2ed2a51f3b16ba35598ec72a80939073b42609a1ac5c64bcfc56cbf21c39	TRV:628bbc2d6553accb5320993afff75b39993c7ae9514d1f39d8a28834bfaf8170	TRV:f921321aaedb0bb53398796772f843dc4a5963edfba778ee3a6bd9f592e21795	gendering	imitation	gendering	imitation	TRV:628bbc2d6553accb5320993afff75b39993c7ae9514d1f39d8a28834bfaf8170|TRV:f921321aaedb0bb53398796772f843dc4a5963edfba778ee3a6bd9f592e21795	false	f060a55bd53f6c963bddeea330165abfd238113ea7b158c2e3614e09bebe453f
312	R16A-PAIR:f7be15a75caa4b8d7bd026fe89faaf8470c11709b18e424369d5562f2e6665e8	TRV:628bbc2d6553accb5320993afff75b39993c7ae9514d1f39d8a28834bfaf8170	TRV:fd793986cd6d45968d3c7103e778813542e6a9979a85e9cf512450307c9f7342	gendering	rejection	gendering	rejection	TRV:628bbc2d6553accb5320993afff75b39993c7ae9514d1f39d8a28834bfaf8170|TRV:fd793986cd6d45968d3c7103e778813542e6a9979a85e9cf512450307c9f7342	false	f060a55bd53f6c963bddeea330165abfd238113ea7b158c2e3614e09bebe453f
313	R16A-PAIR:bc7e71b14155e2f52b33bd9e9f93c35c12761bde56c9c141ca8eab8376b0dad4	TRV:68bf0109c6f8a87bfa96d1ecd9503326ba35cf4a6086988a1d2c8a20fbef00d1	TRV:83a2bff84b1d599d9eed884a09666501c96224a0b3b7457699ef0be145e76e73	education	exhibition	education	exhibition	TRV:68bf0109c6f8a87bfa96d1ecd9503326ba35cf4a6086988a1d2c8a20fbef00d1|TRV:83a2bff84b1d599d9eed884a09666501c96224a0b3b7457699ef0be145e76e73	false	f060a55bd53f6c963bddeea330165abfd238113ea7b158c2e3614e09bebe453f
314	R16A-PAIR:3e6d673a9480f6e9e88f423a02092bdd6b8b9d85e807eb1869d3255ff67d697a	TRV:68bf0109c6f8a87bfa96d1ecd9503326ba35cf4a6086988a1d2c8a20fbef00d1	TRV:9e44dae2c5ca8dc916878b28f5ec3720e42ea22d2add139759780727e6f487ce	education	mediation	education	mediation	TRV:68bf0109c6f8a87bfa96d1ecd9503326ba35cf4a6086988a1d2c8a20fbef00d1|TRV:9e44dae2c5ca8dc916878b28f5ec3720e42ea22d2add139759780727e6f487ce	false	f060a55bd53f6c963bddeea330165abfd238113ea7b158c2e3614e09bebe453f
315	R16A-PAIR:70de958f17b24de02e835adc6ca6247f8a520a566ccff00dd15af7acef10c794	TRV:68bf0109c6f8a87bfa96d1ecd9503326ba35cf4a6086988a1d2c8a20fbef00d1	TRV:a7835c05c37c3352068d6c2aff509f141e085c6bc072303d3e6676035dc483d4	education	cultural transformation	education	cultural transformation	TRV:68bf0109c6f8a87bfa96d1ecd9503326ba35cf4a6086988a1d2c8a20fbef00d1|TRV:a7835c05c37c3352068d6c2aff509f141e085c6bc072303d3e6676035dc483d4	false	f060a55bd53f6c963bddeea330165abfd238113ea7b158c2e3614e09bebe453f
316	R16A-PAIR:b4d27111d1d84bbc1f05c8ae5b7513c89fd4305716eca24f36babda5c7d8ad02	TRV:68bf0109c6f8a87bfa96d1ecd9503326ba35cf4a6086988a1d2c8a20fbef00d1	TRV:a85f306d70c2839db5dad35765d50a5b17eec2c9d0dee0641333805efede7b28	education	mobile object	education	mobile object	TRV:68bf0109c6f8a87bfa96d1ecd9503326ba35cf4a6086988a1d2c8a20fbef00d1|TRV:a85f306d70c2839db5dad35765d50a5b17eec2c9d0dee0641333805efede7b28	false	f060a55bd53f6c963bddeea330165abfd238113ea7b158c2e3614e09bebe453f
317	R16A-PAIR:1754aa24ae9fcc1b993ff0b5dd405ce8aebbbebec03e07bdf26e6f5cd8743214	TRV:68bf0109c6f8a87bfa96d1ecd9503326ba35cf4a6086988a1d2c8a20fbef00d1	TRV:ab8e18ef4ebebeddc0b3152ce9c9006e14fc05242e3fc9ce32246ea6a9543074	education	production	education	production	TRV:68bf0109c6f8a87bfa96d1ecd9503326ba35cf4a6086988a1d2c8a20fbef00d1|TRV:ab8e18ef4ebebeddc0b3152ce9c9006e14fc05242e3fc9ce32246ea6a9543074	false	f060a55bd53f6c963bddeea330165abfd238113ea7b158c2e3614e09bebe453f
318	R16A-PAIR:9ce7ee3ca2776ddeb774a9f3cdaff126e8f3f1b14ae0ab5f8b8eca495fc972ed	TRV:68bf0109c6f8a87bfa96d1ecd9503326ba35cf4a6086988a1d2c8a20fbef00d1	TRV:ad8c6f6e417a6d2db992c155701ed13494624142922d58eda2e4ad0fa4672fa8	education	consumption	education	consumption	TRV:68bf0109c6f8a87bfa96d1ecd9503326ba35cf4a6086988a1d2c8a20fbef00d1|TRV:ad8c6f6e417a6d2db992c155701ed13494624142922d58eda2e4ad0fa4672fa8	false	f060a55bd53f6c963bddeea330165abfd238113ea7b158c2e3614e09bebe453f
319	R16A-PAIR:ac3c8b594c6171cc71a174b45ce09e9ec59a6f42f8a07761a0d4961e692f7bf5	TRV:68bf0109c6f8a87bfa96d1ecd9503326ba35cf4a6086988a1d2c8a20fbef00d1	TRV:b1195fbfc5f343ebd84eb46acece15907e639a564f04af5d04d58c70e127a14b	education	professionalization	education	professionalization	TRV:68bf0109c6f8a87bfa96d1ecd9503326ba35cf4a6086988a1d2c8a20fbef00d1|TRV:b1195fbfc5f343ebd84eb46acece15907e639a564f04af5d04d58c70e127a14b	false	f060a55bd53f6c963bddeea330165abfd238113ea7b158c2e3614e09bebe453f
320	R16A-PAIR:b55552e3b9ddc36d2ec21eedfc3d5571d8a9ab773d47d4b11f629818d9f59ab4	TRV:68bf0109c6f8a87bfa96d1ecd9503326ba35cf4a6086988a1d2c8a20fbef00d1	TRV:b57559d1d19ef1967b6015fa23577c3fac4b79ae3ca54ef4eb760e18300875a3	education	commodification	education	commodification	TRV:68bf0109c6f8a87bfa96d1ecd9503326ba35cf4a6086988a1d2c8a20fbef00d1|TRV:b57559d1d19ef1967b6015fa23577c3fac4b79ae3ca54ef4eb760e18300875a3	false	f060a55bd53f6c963bddeea330165abfd238113ea7b158c2e3614e09bebe453f
321	R16A-PAIR:9cd229212a57550702be72742524e644e896c45067877636fec8bbb65f8c8d71	TRV:68bf0109c6f8a87bfa96d1ecd9503326ba35cf4a6086988a1d2c8a20fbef00d1	TRV:be33e16d8f585c08bb0efe6f0df92659a22d534298639f5318d2a2580546fdcc	education	production site	education	production site	TRV:68bf0109c6f8a87bfa96d1ecd9503326ba35cf4a6086988a1d2c8a20fbef00d1|TRV:be33e16d8f585c08bb0efe6f0df92659a22d534298639f5318d2a2580546fdcc	false	f060a55bd53f6c963bddeea330165abfd238113ea7b158c2e3614e09bebe453f
322	R16A-PAIR:0245a1b6c81581ef4e6aa4ff920d6ace4e492acb73af674db68ec372275b8fc0	TRV:68bf0109c6f8a87bfa96d1ecd9503326ba35cf4a6086988a1d2c8a20fbef00d1	TRV:c460d6a56db8d84e6ee3a5c96c4a72ce1170116cab3ad0659544494547ecae77	education	piracy	education	piracy	TRV:68bf0109c6f8a87bfa96d1ecd9503326ba35cf4a6086988a1d2c8a20fbef00d1|TRV:c460d6a56db8d84e6ee3a5c96c4a72ce1170116cab3ad0659544494547ecae77	false	f060a55bd53f6c963bddeea330165abfd238113ea7b158c2e3614e09bebe453f
323	R16A-PAIR:44e6dc3c5b5b3335bbc11bf98f6b0c85bf20a2b31bf383ada7a86befb3a56309	TRV:68bf0109c6f8a87bfa96d1ecd9503326ba35cf4a6086988a1d2c8a20fbef00d1	TRV:c76c09a3f32430db9b00d1c47eaf288d54331355f666dfcb11e4f4ef3a965212	education	cultural transfer	education	cultural transfer	TRV:68bf0109c6f8a87bfa96d1ecd9503326ba35cf4a6086988a1d2c8a20fbef00d1|TRV:c76c09a3f32430db9b00d1c47eaf288d54331355f666dfcb11e4f4ef3a965212	false	f060a55bd53f6c963bddeea330165abfd238113ea7b158c2e3614e09bebe453f
324	R16A-PAIR:67dc3c7c9e357279cce4abb6778e78986097c9a3e32b65222f9449c99024f00a	TRV:68bf0109c6f8a87bfa96d1ecd9503326ba35cf4a6086988a1d2c8a20fbef00d1	TRV:c82d3d4865e41e2a263ff0427c4df2b8e3e43a85c835404d033d764468b3ba55	education	propaganda	education	propaganda	TRV:68bf0109c6f8a87bfa96d1ecd9503326ba35cf4a6086988a1d2c8a20fbef00d1|TRV:c82d3d4865e41e2a263ff0427c4df2b8e3e43a85c835404d033d764468b3ba55	false	f060a55bd53f6c963bddeea330165abfd238113ea7b158c2e3614e09bebe453f
325	R16A-PAIR:f15ea855e0cd0d616e2cc2db6d491e270473171ad741dab6ed530bb519f49dda	TRV:68bf0109c6f8a87bfa96d1ecd9503326ba35cf4a6086988a1d2c8a20fbef00d1	TRV:d27a4a1080657098835b014b8f47529c5be746cb60b043fb2400fec1a6948185	education	advertising	education	advertising	TRV:68bf0109c6f8a87bfa96d1ecd9503326ba35cf4a6086988a1d2c8a20fbef00d1|TRV:d27a4a1080657098835b014b8f47529c5be746cb60b043fb2400fec1a6948185	false	f060a55bd53f6c963bddeea330165abfd238113ea7b158c2e3614e09bebe453f
326	R16A-PAIR:3c9916c90eb5fb1dc45cdda19eb2e4fe994398dad480d58b20dbe74d0cc24f7c	TRV:68bf0109c6f8a87bfa96d1ecd9503326ba35cf4a6086988a1d2c8a20fbef00d1	TRV:d366de58d3002458bfb404ee505621e926c518871a4caeffcdfb89b45f8112ef	education	material displacement	education	material displacement	TRV:68bf0109c6f8a87bfa96d1ecd9503326ba35cf4a6086988a1d2c8a20fbef00d1|TRV:d366de58d3002458bfb404ee505621e926c518871a4caeffcdfb89b45f8112ef	false	f060a55bd53f6c963bddeea330165abfd238113ea7b158c2e3614e09bebe453f
327	R16A-PAIR:cc0420ee848ef8a9b48acb3c7aae0840c7a405a5a84529abcd83a689cd3306e7	TRV:68bf0109c6f8a87bfa96d1ecd9503326ba35cf4a6086988a1d2c8a20fbef00d1	TRV:e581bd8a1b6363a295216bc7c9f8d958e26ef7406beab6becbf90ff8e2680bd5	education	canonization	education	canonization	TRV:68bf0109c6f8a87bfa96d1ecd9503326ba35cf4a6086988a1d2c8a20fbef00d1|TRV:e581bd8a1b6363a295216bc7c9f8d958e26ef7406beab6becbf90ff8e2680bd5	false	f060a55bd53f6c963bddeea330165abfd238113ea7b158c2e3614e09bebe453f
328	R16A-PAIR:53d8018b848b8567ddd72944d2fd3e1d4888d4075a87afbc6453c92ddfadf62a	TRV:68bf0109c6f8a87bfa96d1ecd9503326ba35cf4a6086988a1d2c8a20fbef00d1	TRV:f921321aaedb0bb53398796772f843dc4a5963edfba778ee3a6bd9f592e21795	education	imitation	education	imitation	TRV:68bf0109c6f8a87bfa96d1ecd9503326ba35cf4a6086988a1d2c8a20fbef00d1|TRV:f921321aaedb0bb53398796772f843dc4a5963edfba778ee3a6bd9f592e21795	false	f060a55bd53f6c963bddeea330165abfd238113ea7b158c2e3614e09bebe453f
329	R16A-PAIR:80d06f928b4a4868416157184800c3ecb476180b254e994c36e5f0484a4ed9d9	TRV:68bf0109c6f8a87bfa96d1ecd9503326ba35cf4a6086988a1d2c8a20fbef00d1	TRV:fd793986cd6d45968d3c7103e778813542e6a9979a85e9cf512450307c9f7342	education	rejection	education	rejection	TRV:68bf0109c6f8a87bfa96d1ecd9503326ba35cf4a6086988a1d2c8a20fbef00d1|TRV:fd793986cd6d45968d3c7103e778813542e6a9979a85e9cf512450307c9f7342	false	f060a55bd53f6c963bddeea330165abfd238113ea7b158c2e3614e09bebe453f
330	R16A-PAIR:bff791aa333591aa542a5770b0f828b830c57fbf48b3800d0327e76c900bd33a	TRV:83a2bff84b1d599d9eed884a09666501c96224a0b3b7457699ef0be145e76e73	TRV:9e44dae2c5ca8dc916878b28f5ec3720e42ea22d2add139759780727e6f487ce	exhibition	mediation	exhibition	mediation	TRV:83a2bff84b1d599d9eed884a09666501c96224a0b3b7457699ef0be145e76e73|TRV:9e44dae2c5ca8dc916878b28f5ec3720e42ea22d2add139759780727e6f487ce	false	f060a55bd53f6c963bddeea330165abfd238113ea7b158c2e3614e09bebe453f
331	R16A-PAIR:5200f36ef6eb0905f59a3b2c5a81721f4345a55ba7725c674cd96513a7473292	TRV:83a2bff84b1d599d9eed884a09666501c96224a0b3b7457699ef0be145e76e73	TRV:a7835c05c37c3352068d6c2aff509f141e085c6bc072303d3e6676035dc483d4	exhibition	cultural transformation	exhibition	cultural transformation	TRV:83a2bff84b1d599d9eed884a09666501c96224a0b3b7457699ef0be145e76e73|TRV:a7835c05c37c3352068d6c2aff509f141e085c6bc072303d3e6676035dc483d4	false	f060a55bd53f6c963bddeea330165abfd238113ea7b158c2e3614e09bebe453f
332	R16A-PAIR:a119928283d78650fd9103b6f358df67c995916a480dfc23df763d905b6367c2	TRV:83a2bff84b1d599d9eed884a09666501c96224a0b3b7457699ef0be145e76e73	TRV:a85f306d70c2839db5dad35765d50a5b17eec2c9d0dee0641333805efede7b28	exhibition	mobile object	exhibition	mobile object	TRV:83a2bff84b1d599d9eed884a09666501c96224a0b3b7457699ef0be145e76e73|TRV:a85f306d70c2839db5dad35765d50a5b17eec2c9d0dee0641333805efede7b28	false	f060a55bd53f6c963bddeea330165abfd238113ea7b158c2e3614e09bebe453f
333	R16A-PAIR:681585b082062a10cdae8d32700b6bb152a5095e36ddfefbfe6327eb2ea65a84	TRV:83a2bff84b1d599d9eed884a09666501c96224a0b3b7457699ef0be145e76e73	TRV:ab8e18ef4ebebeddc0b3152ce9c9006e14fc05242e3fc9ce32246ea6a9543074	exhibition	production	exhibition	production	TRV:83a2bff84b1d599d9eed884a09666501c96224a0b3b7457699ef0be145e76e73|TRV:ab8e18ef4ebebeddc0b3152ce9c9006e14fc05242e3fc9ce32246ea6a9543074	false	f060a55bd53f6c963bddeea330165abfd238113ea7b158c2e3614e09bebe453f
334	R16A-PAIR:60e3e44dd0632172ab8ecdbe52be2883835aad79be369d842d7477a89eaaf715	TRV:83a2bff84b1d599d9eed884a09666501c96224a0b3b7457699ef0be145e76e73	TRV:ad8c6f6e417a6d2db992c155701ed13494624142922d58eda2e4ad0fa4672fa8	exhibition	consumption	exhibition	consumption	TRV:83a2bff84b1d599d9eed884a09666501c96224a0b3b7457699ef0be145e76e73|TRV:ad8c6f6e417a6d2db992c155701ed13494624142922d58eda2e4ad0fa4672fa8	false	f060a55bd53f6c963bddeea330165abfd238113ea7b158c2e3614e09bebe453f
335	R16A-PAIR:a2cffca9c8cf9f64c32fb2efac7da085acdb64d15ae7c005dc32c0365fdbcd00	TRV:83a2bff84b1d599d9eed884a09666501c96224a0b3b7457699ef0be145e76e73	TRV:b1195fbfc5f343ebd84eb46acece15907e639a564f04af5d04d58c70e127a14b	exhibition	professionalization	exhibition	professionalization	TRV:83a2bff84b1d599d9eed884a09666501c96224a0b3b7457699ef0be145e76e73|TRV:b1195fbfc5f343ebd84eb46acece15907e639a564f04af5d04d58c70e127a14b	false	f060a55bd53f6c963bddeea330165abfd238113ea7b158c2e3614e09bebe453f
336	R16A-PAIR:b4d6df1d6d9b112a706f0934bdde909d9123548b9068c91c495e2d25794b8077	TRV:83a2bff84b1d599d9eed884a09666501c96224a0b3b7457699ef0be145e76e73	TRV:b57559d1d19ef1967b6015fa23577c3fac4b79ae3ca54ef4eb760e18300875a3	exhibition	commodification	exhibition	commodification	TRV:83a2bff84b1d599d9eed884a09666501c96224a0b3b7457699ef0be145e76e73|TRV:b57559d1d19ef1967b6015fa23577c3fac4b79ae3ca54ef4eb760e18300875a3	false	f060a55bd53f6c963bddeea330165abfd238113ea7b158c2e3614e09bebe453f
337	R16A-PAIR:c5acaa9966388bdb84b003e207bebc8236938e46d3df30d204309873cd56501c	TRV:83a2bff84b1d599d9eed884a09666501c96224a0b3b7457699ef0be145e76e73	TRV:be33e16d8f585c08bb0efe6f0df92659a22d534298639f5318d2a2580546fdcc	exhibition	production site	exhibition	production site	TRV:83a2bff84b1d599d9eed884a09666501c96224a0b3b7457699ef0be145e76e73|TRV:be33e16d8f585c08bb0efe6f0df92659a22d534298639f5318d2a2580546fdcc	false	f060a55bd53f6c963bddeea330165abfd238113ea7b158c2e3614e09bebe453f
338	R16A-PAIR:293dae8fdf84139a8e1dd179c20534d5fe7dec59747189cb17c562c6f321d403	TRV:83a2bff84b1d599d9eed884a09666501c96224a0b3b7457699ef0be145e76e73	TRV:c460d6a56db8d84e6ee3a5c96c4a72ce1170116cab3ad0659544494547ecae77	exhibition	piracy	exhibition	piracy	TRV:83a2bff84b1d599d9eed884a09666501c96224a0b3b7457699ef0be145e76e73|TRV:c460d6a56db8d84e6ee3a5c96c4a72ce1170116cab3ad0659544494547ecae77	false	f060a55bd53f6c963bddeea330165abfd238113ea7b158c2e3614e09bebe453f
339	R16A-PAIR:47772816a932f8088a34252c3a2098125dd17a080461128ae11ec5ec7c47accd	TRV:83a2bff84b1d599d9eed884a09666501c96224a0b3b7457699ef0be145e76e73	TRV:c76c09a3f32430db9b00d1c47eaf288d54331355f666dfcb11e4f4ef3a965212	exhibition	cultural transfer	exhibition	cultural transfer	TRV:83a2bff84b1d599d9eed884a09666501c96224a0b3b7457699ef0be145e76e73|TRV:c76c09a3f32430db9b00d1c47eaf288d54331355f666dfcb11e4f4ef3a965212	false	f060a55bd53f6c963bddeea330165abfd238113ea7b158c2e3614e09bebe453f
340	R16A-PAIR:5841a12151ac0ce714f0b8e279e939bed009b3f2be71086cde6033cbbd11b4ea	TRV:83a2bff84b1d599d9eed884a09666501c96224a0b3b7457699ef0be145e76e73	TRV:c82d3d4865e41e2a263ff0427c4df2b8e3e43a85c835404d033d764468b3ba55	exhibition	propaganda	exhibition	propaganda	TRV:83a2bff84b1d599d9eed884a09666501c96224a0b3b7457699ef0be145e76e73|TRV:c82d3d4865e41e2a263ff0427c4df2b8e3e43a85c835404d033d764468b3ba55	false	f060a55bd53f6c963bddeea330165abfd238113ea7b158c2e3614e09bebe453f
341	R16A-PAIR:a3b977c86eeb2737be866abcdda0793c77a6c18bec0a4cc5ea98af2da38dc71c	TRV:83a2bff84b1d599d9eed884a09666501c96224a0b3b7457699ef0be145e76e73	TRV:d27a4a1080657098835b014b8f47529c5be746cb60b043fb2400fec1a6948185	exhibition	advertising	exhibition	advertising	TRV:83a2bff84b1d599d9eed884a09666501c96224a0b3b7457699ef0be145e76e73|TRV:d27a4a1080657098835b014b8f47529c5be746cb60b043fb2400fec1a6948185	false	f060a55bd53f6c963bddeea330165abfd238113ea7b158c2e3614e09bebe453f
342	R16A-PAIR:e2fcf6a436df5278642d8cdfc9518fef94e4aade1f185062851fc0bc1a924257	TRV:83a2bff84b1d599d9eed884a09666501c96224a0b3b7457699ef0be145e76e73	TRV:d366de58d3002458bfb404ee505621e926c518871a4caeffcdfb89b45f8112ef	exhibition	material displacement	exhibition	material displacement	TRV:83a2bff84b1d599d9eed884a09666501c96224a0b3b7457699ef0be145e76e73|TRV:d366de58d3002458bfb404ee505621e926c518871a4caeffcdfb89b45f8112ef	false	f060a55bd53f6c963bddeea330165abfd238113ea7b158c2e3614e09bebe453f
343	R16A-PAIR:4988bc9b5c9b29f033a800b572f558d8e06b0e9b7847714b44f833697d27819e	TRV:83a2bff84b1d599d9eed884a09666501c96224a0b3b7457699ef0be145e76e73	TRV:e581bd8a1b6363a295216bc7c9f8d958e26ef7406beab6becbf90ff8e2680bd5	exhibition	canonization	exhibition	canonization	TRV:83a2bff84b1d599d9eed884a09666501c96224a0b3b7457699ef0be145e76e73|TRV:e581bd8a1b6363a295216bc7c9f8d958e26ef7406beab6becbf90ff8e2680bd5	false	f060a55bd53f6c963bddeea330165abfd238113ea7b158c2e3614e09bebe453f
344	R16A-PAIR:85d049de8fbba8740e8d7f68439f5729a647af58b4ec94694b21999fcf077769	TRV:83a2bff84b1d599d9eed884a09666501c96224a0b3b7457699ef0be145e76e73	TRV:f921321aaedb0bb53398796772f843dc4a5963edfba778ee3a6bd9f592e21795	exhibition	imitation	exhibition	imitation	TRV:83a2bff84b1d599d9eed884a09666501c96224a0b3b7457699ef0be145e76e73|TRV:f921321aaedb0bb53398796772f843dc4a5963edfba778ee3a6bd9f592e21795	false	f060a55bd53f6c963bddeea330165abfd238113ea7b158c2e3614e09bebe453f
345	R16A-PAIR:7762da04d389d18d563fd7af194846b805e04632b6679fa0479f10ec3e0fc28f	TRV:83a2bff84b1d599d9eed884a09666501c96224a0b3b7457699ef0be145e76e73	TRV:fd793986cd6d45968d3c7103e778813542e6a9979a85e9cf512450307c9f7342	exhibition	rejection	exhibition	rejection	TRV:83a2bff84b1d599d9eed884a09666501c96224a0b3b7457699ef0be145e76e73|TRV:fd793986cd6d45968d3c7103e778813542e6a9979a85e9cf512450307c9f7342	false	f060a55bd53f6c963bddeea330165abfd238113ea7b158c2e3614e09bebe453f
346	R16A-PAIR:17ef5b4f88fee6dbbce01d2b2bf97b4737b71bd1088d1533212dad06f807f42d	TRV:9e44dae2c5ca8dc916878b28f5ec3720e42ea22d2add139759780727e6f487ce	TRV:a7835c05c37c3352068d6c2aff509f141e085c6bc072303d3e6676035dc483d4	mediation	cultural transformation	mediation	cultural transformation	TRV:9e44dae2c5ca8dc916878b28f5ec3720e42ea22d2add139759780727e6f487ce|TRV:a7835c05c37c3352068d6c2aff509f141e085c6bc072303d3e6676035dc483d4	false	f060a55bd53f6c963bddeea330165abfd238113ea7b158c2e3614e09bebe453f
347	R16A-PAIR:729949df63fe66b9678a36f1dd3255e408019232105ca9482bd5df0199a0f150	TRV:9e44dae2c5ca8dc916878b28f5ec3720e42ea22d2add139759780727e6f487ce	TRV:a85f306d70c2839db5dad35765d50a5b17eec2c9d0dee0641333805efede7b28	mediation	mobile object	mediation	mobile object	TRV:9e44dae2c5ca8dc916878b28f5ec3720e42ea22d2add139759780727e6f487ce|TRV:a85f306d70c2839db5dad35765d50a5b17eec2c9d0dee0641333805efede7b28	false	f060a55bd53f6c963bddeea330165abfd238113ea7b158c2e3614e09bebe453f
348	R16A-PAIR:27598c04934f3d33ad80dfb1aecc18d272cf86ee7fe3a726a95aae81144dfb06	TRV:9e44dae2c5ca8dc916878b28f5ec3720e42ea22d2add139759780727e6f487ce	TRV:ab8e18ef4ebebeddc0b3152ce9c9006e14fc05242e3fc9ce32246ea6a9543074	mediation	production	mediation	production	TRV:9e44dae2c5ca8dc916878b28f5ec3720e42ea22d2add139759780727e6f487ce|TRV:ab8e18ef4ebebeddc0b3152ce9c9006e14fc05242e3fc9ce32246ea6a9543074	false	f060a55bd53f6c963bddeea330165abfd238113ea7b158c2e3614e09bebe453f
349	R16A-PAIR:818cc370417319af9a65fec5211969862df5c48a821265533ba289932e57b18c	TRV:9e44dae2c5ca8dc916878b28f5ec3720e42ea22d2add139759780727e6f487ce	TRV:ad8c6f6e417a6d2db992c155701ed13494624142922d58eda2e4ad0fa4672fa8	mediation	consumption	mediation	consumption	TRV:9e44dae2c5ca8dc916878b28f5ec3720e42ea22d2add139759780727e6f487ce|TRV:ad8c6f6e417a6d2db992c155701ed13494624142922d58eda2e4ad0fa4672fa8	false	f060a55bd53f6c963bddeea330165abfd238113ea7b158c2e3614e09bebe453f
350	R16A-PAIR:d74a3f30ad5c0d36e538fc49b0c0fd255cd412dec13fc7ee687d3ad5efc09ac9	TRV:9e44dae2c5ca8dc916878b28f5ec3720e42ea22d2add139759780727e6f487ce	TRV:b1195fbfc5f343ebd84eb46acece15907e639a564f04af5d04d58c70e127a14b	mediation	professionalization	mediation	professionalization	TRV:9e44dae2c5ca8dc916878b28f5ec3720e42ea22d2add139759780727e6f487ce|TRV:b1195fbfc5f343ebd84eb46acece15907e639a564f04af5d04d58c70e127a14b	false	f060a55bd53f6c963bddeea330165abfd238113ea7b158c2e3614e09bebe453f
351	R16A-PAIR:6b7a5f596e929dcd9d2533750d557cd381f2c89418cea4423c91780fdd626bae	TRV:9e44dae2c5ca8dc916878b28f5ec3720e42ea22d2add139759780727e6f487ce	TRV:b57559d1d19ef1967b6015fa23577c3fac4b79ae3ca54ef4eb760e18300875a3	mediation	commodification	mediation	commodification	TRV:9e44dae2c5ca8dc916878b28f5ec3720e42ea22d2add139759780727e6f487ce|TRV:b57559d1d19ef1967b6015fa23577c3fac4b79ae3ca54ef4eb760e18300875a3	false	f060a55bd53f6c963bddeea330165abfd238113ea7b158c2e3614e09bebe453f
352	R16A-PAIR:49290f1446dcc0d33d27d728364dd990cfe94a61b5021ba0ba958e7182da8c8f	TRV:9e44dae2c5ca8dc916878b28f5ec3720e42ea22d2add139759780727e6f487ce	TRV:be33e16d8f585c08bb0efe6f0df92659a22d534298639f5318d2a2580546fdcc	mediation	production site	mediation	production site	TRV:9e44dae2c5ca8dc916878b28f5ec3720e42ea22d2add139759780727e6f487ce|TRV:be33e16d8f585c08bb0efe6f0df92659a22d534298639f5318d2a2580546fdcc	false	f060a55bd53f6c963bddeea330165abfd238113ea7b158c2e3614e09bebe453f
353	R16A-PAIR:49e4efec1f1cf6b7b79ede21e1224a7d4e0fa9cc21039c0087964ce1606cf79a	TRV:9e44dae2c5ca8dc916878b28f5ec3720e42ea22d2add139759780727e6f487ce	TRV:c460d6a56db8d84e6ee3a5c96c4a72ce1170116cab3ad0659544494547ecae77	mediation	piracy	mediation	piracy	TRV:9e44dae2c5ca8dc916878b28f5ec3720e42ea22d2add139759780727e6f487ce|TRV:c460d6a56db8d84e6ee3a5c96c4a72ce1170116cab3ad0659544494547ecae77	false	f060a55bd53f6c963bddeea330165abfd238113ea7b158c2e3614e09bebe453f
354	R16A-PAIR:87541014b4f29242eb9962b8cf24c7ec6e5c732b02c6c969a05fe4182eacc749	TRV:9e44dae2c5ca8dc916878b28f5ec3720e42ea22d2add139759780727e6f487ce	TRV:c76c09a3f32430db9b00d1c47eaf288d54331355f666dfcb11e4f4ef3a965212	mediation	cultural transfer	mediation	cultural transfer	TRV:9e44dae2c5ca8dc916878b28f5ec3720e42ea22d2add139759780727e6f487ce|TRV:c76c09a3f32430db9b00d1c47eaf288d54331355f666dfcb11e4f4ef3a965212	false	f060a55bd53f6c963bddeea330165abfd238113ea7b158c2e3614e09bebe453f
355	R16A-PAIR:9f3092c2b175f75e2e97fd4f9e9466e69a2925cf76edb7bccbc3d8fcb324d05b	TRV:9e44dae2c5ca8dc916878b28f5ec3720e42ea22d2add139759780727e6f487ce	TRV:c82d3d4865e41e2a263ff0427c4df2b8e3e43a85c835404d033d764468b3ba55	mediation	propaganda	mediation	propaganda	TRV:9e44dae2c5ca8dc916878b28f5ec3720e42ea22d2add139759780727e6f487ce|TRV:c82d3d4865e41e2a263ff0427c4df2b8e3e43a85c835404d033d764468b3ba55	false	f060a55bd53f6c963bddeea330165abfd238113ea7b158c2e3614e09bebe453f
356	R16A-PAIR:35a75e0f134a6046b020957c4624c4d67301514e7835b746eb4442885334a6e6	TRV:9e44dae2c5ca8dc916878b28f5ec3720e42ea22d2add139759780727e6f487ce	TRV:d27a4a1080657098835b014b8f47529c5be746cb60b043fb2400fec1a6948185	mediation	advertising	mediation	advertising	TRV:9e44dae2c5ca8dc916878b28f5ec3720e42ea22d2add139759780727e6f487ce|TRV:d27a4a1080657098835b014b8f47529c5be746cb60b043fb2400fec1a6948185	false	f060a55bd53f6c963bddeea330165abfd238113ea7b158c2e3614e09bebe453f
357	R16A-PAIR:3c120640daaf4436ae42aa1a60aaf9dc8362e14a8ec3b7aebd3d469faa68194a	TRV:9e44dae2c5ca8dc916878b28f5ec3720e42ea22d2add139759780727e6f487ce	TRV:d366de58d3002458bfb404ee505621e926c518871a4caeffcdfb89b45f8112ef	mediation	material displacement	mediation	material displacement	TRV:9e44dae2c5ca8dc916878b28f5ec3720e42ea22d2add139759780727e6f487ce|TRV:d366de58d3002458bfb404ee505621e926c518871a4caeffcdfb89b45f8112ef	false	f060a55bd53f6c963bddeea330165abfd238113ea7b158c2e3614e09bebe453f
358	R16A-PAIR:0f5c28e4ab681b9bc0a045167c6b60063543456a7eb77b72458b48dc3d62ed1c	TRV:9e44dae2c5ca8dc916878b28f5ec3720e42ea22d2add139759780727e6f487ce	TRV:e581bd8a1b6363a295216bc7c9f8d958e26ef7406beab6becbf90ff8e2680bd5	mediation	canonization	mediation	canonization	TRV:9e44dae2c5ca8dc916878b28f5ec3720e42ea22d2add139759780727e6f487ce|TRV:e581bd8a1b6363a295216bc7c9f8d958e26ef7406beab6becbf90ff8e2680bd5	false	f060a55bd53f6c963bddeea330165abfd238113ea7b158c2e3614e09bebe453f
359	R16A-PAIR:0471795b66ab53bf966362c86e751036f2262d609e4e32daaf46b5001a5483e7	TRV:9e44dae2c5ca8dc916878b28f5ec3720e42ea22d2add139759780727e6f487ce	TRV:f921321aaedb0bb53398796772f843dc4a5963edfba778ee3a6bd9f592e21795	mediation	imitation	mediation	imitation	TRV:9e44dae2c5ca8dc916878b28f5ec3720e42ea22d2add139759780727e6f487ce|TRV:f921321aaedb0bb53398796772f843dc4a5963edfba778ee3a6bd9f592e21795	false	f060a55bd53f6c963bddeea330165abfd238113ea7b158c2e3614e09bebe453f
360	R16A-PAIR:d444b4c2a0cd3ac2cb901d48037b0cf322a8aac087b5123178d0e88bc144d099	TRV:9e44dae2c5ca8dc916878b28f5ec3720e42ea22d2add139759780727e6f487ce	TRV:fd793986cd6d45968d3c7103e778813542e6a9979a85e9cf512450307c9f7342	mediation	rejection	mediation	rejection	TRV:9e44dae2c5ca8dc916878b28f5ec3720e42ea22d2add139759780727e6f487ce|TRV:fd793986cd6d45968d3c7103e778813542e6a9979a85e9cf512450307c9f7342	false	f060a55bd53f6c963bddeea330165abfd238113ea7b158c2e3614e09bebe453f
361	R16A-PAIR:04d0dec2e661992cb054271581e4559553698033be623f96448cc0bad99cc9b9	TRV:a7835c05c37c3352068d6c2aff509f141e085c6bc072303d3e6676035dc483d4	TRV:a85f306d70c2839db5dad35765d50a5b17eec2c9d0dee0641333805efede7b28	cultural transformation	mobile object	cultural transformation	mobile object	TRV:a7835c05c37c3352068d6c2aff509f141e085c6bc072303d3e6676035dc483d4|TRV:a85f306d70c2839db5dad35765d50a5b17eec2c9d0dee0641333805efede7b28	false	f060a55bd53f6c963bddeea330165abfd238113ea7b158c2e3614e09bebe453f
362	R16A-PAIR:85a1cce7407c8f8863853bc5792c28cb63791e894c6d38609f8834e4ed3c9ede	TRV:a7835c05c37c3352068d6c2aff509f141e085c6bc072303d3e6676035dc483d4	TRV:ab8e18ef4ebebeddc0b3152ce9c9006e14fc05242e3fc9ce32246ea6a9543074	cultural transformation	production	cultural transformation	production	TRV:a7835c05c37c3352068d6c2aff509f141e085c6bc072303d3e6676035dc483d4|TRV:ab8e18ef4ebebeddc0b3152ce9c9006e14fc05242e3fc9ce32246ea6a9543074	false	f060a55bd53f6c963bddeea330165abfd238113ea7b158c2e3614e09bebe453f
363	R16A-PAIR:cf18f103ef277029405f8e6eb53fef5efd1ac29d42c8438d5f42fca0d151ad9c	TRV:a7835c05c37c3352068d6c2aff509f141e085c6bc072303d3e6676035dc483d4	TRV:ad8c6f6e417a6d2db992c155701ed13494624142922d58eda2e4ad0fa4672fa8	cultural transformation	consumption	cultural transformation	consumption	TRV:a7835c05c37c3352068d6c2aff509f141e085c6bc072303d3e6676035dc483d4|TRV:ad8c6f6e417a6d2db992c155701ed13494624142922d58eda2e4ad0fa4672fa8	false	f060a55bd53f6c963bddeea330165abfd238113ea7b158c2e3614e09bebe453f
364	R16A-PAIR:b4c080d160b90a143a8b75902817824710c39b4d2164139880f40934c0b53e80	TRV:a7835c05c37c3352068d6c2aff509f141e085c6bc072303d3e6676035dc483d4	TRV:b1195fbfc5f343ebd84eb46acece15907e639a564f04af5d04d58c70e127a14b	cultural transformation	professionalization	cultural transformation	professionalization	TRV:a7835c05c37c3352068d6c2aff509f141e085c6bc072303d3e6676035dc483d4|TRV:b1195fbfc5f343ebd84eb46acece15907e639a564f04af5d04d58c70e127a14b	false	f060a55bd53f6c963bddeea330165abfd238113ea7b158c2e3614e09bebe453f
365	R16A-PAIR:dcf60c28b1a3169632f8775927403fbb21630d522f45b38932c2afa53ea11562	TRV:a7835c05c37c3352068d6c2aff509f141e085c6bc072303d3e6676035dc483d4	TRV:b57559d1d19ef1967b6015fa23577c3fac4b79ae3ca54ef4eb760e18300875a3	cultural transformation	commodification	cultural transformation	commodification	TRV:a7835c05c37c3352068d6c2aff509f141e085c6bc072303d3e6676035dc483d4|TRV:b57559d1d19ef1967b6015fa23577c3fac4b79ae3ca54ef4eb760e18300875a3	false	f060a55bd53f6c963bddeea330165abfd238113ea7b158c2e3614e09bebe453f
366	R16A-PAIR:b9bce4bb877d347b40758d6fee0e8ec626e40816255606d39942589d2546bb2d	TRV:a7835c05c37c3352068d6c2aff509f141e085c6bc072303d3e6676035dc483d4	TRV:be33e16d8f585c08bb0efe6f0df92659a22d534298639f5318d2a2580546fdcc	cultural transformation	production site	cultural transformation	production site	TRV:a7835c05c37c3352068d6c2aff509f141e085c6bc072303d3e6676035dc483d4|TRV:be33e16d8f585c08bb0efe6f0df92659a22d534298639f5318d2a2580546fdcc	false	f060a55bd53f6c963bddeea330165abfd238113ea7b158c2e3614e09bebe453f
367	R16A-PAIR:dae6d5bdc42db87c65a4d0a33531ff5a2a564d44a23da5ca929889a1cafc187d	TRV:a7835c05c37c3352068d6c2aff509f141e085c6bc072303d3e6676035dc483d4	TRV:c460d6a56db8d84e6ee3a5c96c4a72ce1170116cab3ad0659544494547ecae77	cultural transformation	piracy	cultural transformation	piracy	TRV:a7835c05c37c3352068d6c2aff509f141e085c6bc072303d3e6676035dc483d4|TRV:c460d6a56db8d84e6ee3a5c96c4a72ce1170116cab3ad0659544494547ecae77	false	f060a55bd53f6c963bddeea330165abfd238113ea7b158c2e3614e09bebe453f
368	R16A-PAIR:166da446dda8014a77839456c44894e440e90e02f46824fa5e62d7c490ce9e74	TRV:a7835c05c37c3352068d6c2aff509f141e085c6bc072303d3e6676035dc483d4	TRV:c76c09a3f32430db9b00d1c47eaf288d54331355f666dfcb11e4f4ef3a965212	cultural transformation	cultural transfer	cultural transformation	cultural transfer	TRV:a7835c05c37c3352068d6c2aff509f141e085c6bc072303d3e6676035dc483d4|TRV:c76c09a3f32430db9b00d1c47eaf288d54331355f666dfcb11e4f4ef3a965212	false	f060a55bd53f6c963bddeea330165abfd238113ea7b158c2e3614e09bebe453f
369	R16A-PAIR:d57caa253340dd961ea87f92939a602acd5cbe2f7b471176fe77a197f99c6e41	TRV:a7835c05c37c3352068d6c2aff509f141e085c6bc072303d3e6676035dc483d4	TRV:c82d3d4865e41e2a263ff0427c4df2b8e3e43a85c835404d033d764468b3ba55	cultural transformation	propaganda	cultural transformation	propaganda	TRV:a7835c05c37c3352068d6c2aff509f141e085c6bc072303d3e6676035dc483d4|TRV:c82d3d4865e41e2a263ff0427c4df2b8e3e43a85c835404d033d764468b3ba55	false	f060a55bd53f6c963bddeea330165abfd238113ea7b158c2e3614e09bebe453f
370	R16A-PAIR:4dbee1b2385acb3878c9916b941c0325f321c5dad87831055f6aff3e95c74ded	TRV:a7835c05c37c3352068d6c2aff509f141e085c6bc072303d3e6676035dc483d4	TRV:d27a4a1080657098835b014b8f47529c5be746cb60b043fb2400fec1a6948185	cultural transformation	advertising	cultural transformation	advertising	TRV:a7835c05c37c3352068d6c2aff509f141e085c6bc072303d3e6676035dc483d4|TRV:d27a4a1080657098835b014b8f47529c5be746cb60b043fb2400fec1a6948185	false	f060a55bd53f6c963bddeea330165abfd238113ea7b158c2e3614e09bebe453f
371	R16A-PAIR:c703b382525323876b24536dbeb7ccc3e1567bcdb4c2736d9cf97331c69504c4	TRV:a7835c05c37c3352068d6c2aff509f141e085c6bc072303d3e6676035dc483d4	TRV:d366de58d3002458bfb404ee505621e926c518871a4caeffcdfb89b45f8112ef	cultural transformation	material displacement	cultural transformation	material displacement	TRV:a7835c05c37c3352068d6c2aff509f141e085c6bc072303d3e6676035dc483d4|TRV:d366de58d3002458bfb404ee505621e926c518871a4caeffcdfb89b45f8112ef	false	f060a55bd53f6c963bddeea330165abfd238113ea7b158c2e3614e09bebe453f
372	R16A-PAIR:207e97081cdaf6b41fc085b16655f0a8a81a7e60e4d96bb948822a1aa38b32aa	TRV:a7835c05c37c3352068d6c2aff509f141e085c6bc072303d3e6676035dc483d4	TRV:e581bd8a1b6363a295216bc7c9f8d958e26ef7406beab6becbf90ff8e2680bd5	cultural transformation	canonization	cultural transformation	canonization	TRV:a7835c05c37c3352068d6c2aff509f141e085c6bc072303d3e6676035dc483d4|TRV:e581bd8a1b6363a295216bc7c9f8d958e26ef7406beab6becbf90ff8e2680bd5	false	f060a55bd53f6c963bddeea330165abfd238113ea7b158c2e3614e09bebe453f
373	R16A-PAIR:7f28f2a8fb5488929a28fed2a910f651133eb8c89389c1e8b7747a6d0fbf8379	TRV:a7835c05c37c3352068d6c2aff509f141e085c6bc072303d3e6676035dc483d4	TRV:f921321aaedb0bb53398796772f843dc4a5963edfba778ee3a6bd9f592e21795	cultural transformation	imitation	cultural transformation	imitation	TRV:a7835c05c37c3352068d6c2aff509f141e085c6bc072303d3e6676035dc483d4|TRV:f921321aaedb0bb53398796772f843dc4a5963edfba778ee3a6bd9f592e21795	false	f060a55bd53f6c963bddeea330165abfd238113ea7b158c2e3614e09bebe453f
374	R16A-PAIR:b58d236a197dce9756cd3066684e1e36b6ed1aca92cc83a47b024b9440022cce	TRV:a7835c05c37c3352068d6c2aff509f141e085c6bc072303d3e6676035dc483d4	TRV:fd793986cd6d45968d3c7103e778813542e6a9979a85e9cf512450307c9f7342	cultural transformation	rejection	cultural transformation	rejection	TRV:a7835c05c37c3352068d6c2aff509f141e085c6bc072303d3e6676035dc483d4|TRV:fd793986cd6d45968d3c7103e778813542e6a9979a85e9cf512450307c9f7342	false	f060a55bd53f6c963bddeea330165abfd238113ea7b158c2e3614e09bebe453f
375	R16A-PAIR:0cc0f0b0feef32c10f9a4475d211385f2cdbf195cc0858d614bf884d71592d64	TRV:a85f306d70c2839db5dad35765d50a5b17eec2c9d0dee0641333805efede7b28	TRV:ab8e18ef4ebebeddc0b3152ce9c9006e14fc05242e3fc9ce32246ea6a9543074	mobile object	production	mobile object	production	TRV:a85f306d70c2839db5dad35765d50a5b17eec2c9d0dee0641333805efede7b28|TRV:ab8e18ef4ebebeddc0b3152ce9c9006e14fc05242e3fc9ce32246ea6a9543074	false	f060a55bd53f6c963bddeea330165abfd238113ea7b158c2e3614e09bebe453f
376	R16A-PAIR:44c26d815a938f9b6dd277ac969469420e77d080631ce8edf73ef5019df28f69	TRV:a85f306d70c2839db5dad35765d50a5b17eec2c9d0dee0641333805efede7b28	TRV:ad8c6f6e417a6d2db992c155701ed13494624142922d58eda2e4ad0fa4672fa8	mobile object	consumption	mobile object	consumption	TRV:a85f306d70c2839db5dad35765d50a5b17eec2c9d0dee0641333805efede7b28|TRV:ad8c6f6e417a6d2db992c155701ed13494624142922d58eda2e4ad0fa4672fa8	false	f060a55bd53f6c963bddeea330165abfd238113ea7b158c2e3614e09bebe453f
377	R16A-PAIR:f220fad00ade8f046022951702a22291b2e57c7e3283f691e80d7a4290ca331c	TRV:a85f306d70c2839db5dad35765d50a5b17eec2c9d0dee0641333805efede7b28	TRV:b1195fbfc5f343ebd84eb46acece15907e639a564f04af5d04d58c70e127a14b	mobile object	professionalization	mobile object	professionalization	TRV:a85f306d70c2839db5dad35765d50a5b17eec2c9d0dee0641333805efede7b28|TRV:b1195fbfc5f343ebd84eb46acece15907e639a564f04af5d04d58c70e127a14b	false	f060a55bd53f6c963bddeea330165abfd238113ea7b158c2e3614e09bebe453f
378	R16A-PAIR:97c12e857b872e4a9c2b57062157bddc45c824a1201a2fb6e2043e0d2b782974	TRV:a85f306d70c2839db5dad35765d50a5b17eec2c9d0dee0641333805efede7b28	TRV:b57559d1d19ef1967b6015fa23577c3fac4b79ae3ca54ef4eb760e18300875a3	mobile object	commodification	mobile object	commodification	TRV:a85f306d70c2839db5dad35765d50a5b17eec2c9d0dee0641333805efede7b28|TRV:b57559d1d19ef1967b6015fa23577c3fac4b79ae3ca54ef4eb760e18300875a3	false	f060a55bd53f6c963bddeea330165abfd238113ea7b158c2e3614e09bebe453f
379	R16A-PAIR:b3fc8499c3f58a5b21aab882c18f64c1e571c87d2c02a3cb671dbf04285407ed	TRV:a85f306d70c2839db5dad35765d50a5b17eec2c9d0dee0641333805efede7b28	TRV:be33e16d8f585c08bb0efe6f0df92659a22d534298639f5318d2a2580546fdcc	mobile object	production site	mobile object	production site	TRV:a85f306d70c2839db5dad35765d50a5b17eec2c9d0dee0641333805efede7b28|TRV:be33e16d8f585c08bb0efe6f0df92659a22d534298639f5318d2a2580546fdcc	false	f060a55bd53f6c963bddeea330165abfd238113ea7b158c2e3614e09bebe453f
380	R16A-PAIR:cbfb2a80bfbd0cea34acf5716f440f6a3c41becb385979ec401e1bcbed1e0483	TRV:a85f306d70c2839db5dad35765d50a5b17eec2c9d0dee0641333805efede7b28	TRV:c460d6a56db8d84e6ee3a5c96c4a72ce1170116cab3ad0659544494547ecae77	mobile object	piracy	mobile object	piracy	TRV:a85f306d70c2839db5dad35765d50a5b17eec2c9d0dee0641333805efede7b28|TRV:c460d6a56db8d84e6ee3a5c96c4a72ce1170116cab3ad0659544494547ecae77	false	f060a55bd53f6c963bddeea330165abfd238113ea7b158c2e3614e09bebe453f
381	R16A-PAIR:a69e388401708f3b69a7e44bf99f853709240783978508f0115cdca3ae936801	TRV:a85f306d70c2839db5dad35765d50a5b17eec2c9d0dee0641333805efede7b28	TRV:c76c09a3f32430db9b00d1c47eaf288d54331355f666dfcb11e4f4ef3a965212	mobile object	cultural transfer	mobile object	cultural transfer	TRV:a85f306d70c2839db5dad35765d50a5b17eec2c9d0dee0641333805efede7b28|TRV:c76c09a3f32430db9b00d1c47eaf288d54331355f666dfcb11e4f4ef3a965212	false	f060a55bd53f6c963bddeea330165abfd238113ea7b158c2e3614e09bebe453f
382	R16A-PAIR:ac860ca0b53fe9c47fa2d12bb37a9a902c3c830a353a4f39e89fcdb78f851f68	TRV:a85f306d70c2839db5dad35765d50a5b17eec2c9d0dee0641333805efede7b28	TRV:c82d3d4865e41e2a263ff0427c4df2b8e3e43a85c835404d033d764468b3ba55	mobile object	propaganda	mobile object	propaganda	TRV:a85f306d70c2839db5dad35765d50a5b17eec2c9d0dee0641333805efede7b28|TRV:c82d3d4865e41e2a263ff0427c4df2b8e3e43a85c835404d033d764468b3ba55	false	f060a55bd53f6c963bddeea330165abfd238113ea7b158c2e3614e09bebe453f
383	R16A-PAIR:fc80ee2f4868127e660f87237e280ecba180cccf4f960a2c2262dd2dfd346524	TRV:a85f306d70c2839db5dad35765d50a5b17eec2c9d0dee0641333805efede7b28	TRV:d27a4a1080657098835b014b8f47529c5be746cb60b043fb2400fec1a6948185	mobile object	advertising	mobile object	advertising	TRV:a85f306d70c2839db5dad35765d50a5b17eec2c9d0dee0641333805efede7b28|TRV:d27a4a1080657098835b014b8f47529c5be746cb60b043fb2400fec1a6948185	false	f060a55bd53f6c963bddeea330165abfd238113ea7b158c2e3614e09bebe453f
384	R16A-PAIR:bae7116ba29202118dc6bfce1ad3ebbd0095e18e87c20921a537129bc0e75ff5	TRV:a85f306d70c2839db5dad35765d50a5b17eec2c9d0dee0641333805efede7b28	TRV:d366de58d3002458bfb404ee505621e926c518871a4caeffcdfb89b45f8112ef	mobile object	material displacement	mobile object	material displacement	TRV:a85f306d70c2839db5dad35765d50a5b17eec2c9d0dee0641333805efede7b28|TRV:d366de58d3002458bfb404ee505621e926c518871a4caeffcdfb89b45f8112ef	false	f060a55bd53f6c963bddeea330165abfd238113ea7b158c2e3614e09bebe453f
385	R16A-PAIR:723a3939744b1f21ea64d392594eb590fcde938775d54c11b33b69765a20c305	TRV:a85f306d70c2839db5dad35765d50a5b17eec2c9d0dee0641333805efede7b28	TRV:e581bd8a1b6363a295216bc7c9f8d958e26ef7406beab6becbf90ff8e2680bd5	mobile object	canonization	mobile object	canonization	TRV:a85f306d70c2839db5dad35765d50a5b17eec2c9d0dee0641333805efede7b28|TRV:e581bd8a1b6363a295216bc7c9f8d958e26ef7406beab6becbf90ff8e2680bd5	false	f060a55bd53f6c963bddeea330165abfd238113ea7b158c2e3614e09bebe453f
386	R16A-PAIR:fd9643e1f8821e2a25a1e2ad8780ad5a827894d4567038ccbb50db86ff921d78	TRV:a85f306d70c2839db5dad35765d50a5b17eec2c9d0dee0641333805efede7b28	TRV:f921321aaedb0bb53398796772f843dc4a5963edfba778ee3a6bd9f592e21795	mobile object	imitation	mobile object	imitation	TRV:a85f306d70c2839db5dad35765d50a5b17eec2c9d0dee0641333805efede7b28|TRV:f921321aaedb0bb53398796772f843dc4a5963edfba778ee3a6bd9f592e21795	false	f060a55bd53f6c963bddeea330165abfd238113ea7b158c2e3614e09bebe453f
387	R16A-PAIR:5a5daae65fa799151033ed8851c96ef31d99572228c9da5108df1a794a04ad0c	TRV:a85f306d70c2839db5dad35765d50a5b17eec2c9d0dee0641333805efede7b28	TRV:fd793986cd6d45968d3c7103e778813542e6a9979a85e9cf512450307c9f7342	mobile object	rejection	mobile object	rejection	TRV:a85f306d70c2839db5dad35765d50a5b17eec2c9d0dee0641333805efede7b28|TRV:fd793986cd6d45968d3c7103e778813542e6a9979a85e9cf512450307c9f7342	false	f060a55bd53f6c963bddeea330165abfd238113ea7b158c2e3614e09bebe453f
388	R16A-PAIR:a364e4ea20e2f9e24e1fc980dc1ab703ae69a0fc86aa626a14e45cca0ea3bbb2	TRV:ab8e18ef4ebebeddc0b3152ce9c9006e14fc05242e3fc9ce32246ea6a9543074	TRV:ad8c6f6e417a6d2db992c155701ed13494624142922d58eda2e4ad0fa4672fa8	production	consumption	production	consumption	TRV:ab8e18ef4ebebeddc0b3152ce9c9006e14fc05242e3fc9ce32246ea6a9543074|TRV:ad8c6f6e417a6d2db992c155701ed13494624142922d58eda2e4ad0fa4672fa8	false	f060a55bd53f6c963bddeea330165abfd238113ea7b158c2e3614e09bebe453f
389	R16A-PAIR:7c9d651ab0a98e09150e4c76640ba326cb863ff607956e58952da2e710334c6a	TRV:ab8e18ef4ebebeddc0b3152ce9c9006e14fc05242e3fc9ce32246ea6a9543074	TRV:b1195fbfc5f343ebd84eb46acece15907e639a564f04af5d04d58c70e127a14b	production	professionalization	production	professionalization	TRV:ab8e18ef4ebebeddc0b3152ce9c9006e14fc05242e3fc9ce32246ea6a9543074|TRV:b1195fbfc5f343ebd84eb46acece15907e639a564f04af5d04d58c70e127a14b	false	f060a55bd53f6c963bddeea330165abfd238113ea7b158c2e3614e09bebe453f
390	R16A-PAIR:48b635254690f87ec35eb4c24f50081d99bb884eb4b7518bd5d58c10f7d8d452	TRV:ab8e18ef4ebebeddc0b3152ce9c9006e14fc05242e3fc9ce32246ea6a9543074	TRV:b57559d1d19ef1967b6015fa23577c3fac4b79ae3ca54ef4eb760e18300875a3	production	commodification	production	commodification	TRV:ab8e18ef4ebebeddc0b3152ce9c9006e14fc05242e3fc9ce32246ea6a9543074|TRV:b57559d1d19ef1967b6015fa23577c3fac4b79ae3ca54ef4eb760e18300875a3	false	f060a55bd53f6c963bddeea330165abfd238113ea7b158c2e3614e09bebe453f
391	R16A-PAIR:73d49851436f0847789a03ff72e61c66d4622485b6effbd86d90cd35d5aba1b8	TRV:ab8e18ef4ebebeddc0b3152ce9c9006e14fc05242e3fc9ce32246ea6a9543074	TRV:be33e16d8f585c08bb0efe6f0df92659a22d534298639f5318d2a2580546fdcc	production	production site	production	production site	TRV:ab8e18ef4ebebeddc0b3152ce9c9006e14fc05242e3fc9ce32246ea6a9543074|TRV:be33e16d8f585c08bb0efe6f0df92659a22d534298639f5318d2a2580546fdcc	false	f060a55bd53f6c963bddeea330165abfd238113ea7b158c2e3614e09bebe453f
392	R16A-PAIR:e8df961a2c37ffcd882da31ea4b2cf15d6724562d8a28486627267e340334101	TRV:ab8e18ef4ebebeddc0b3152ce9c9006e14fc05242e3fc9ce32246ea6a9543074	TRV:c460d6a56db8d84e6ee3a5c96c4a72ce1170116cab3ad0659544494547ecae77	production	piracy	production	piracy	TRV:ab8e18ef4ebebeddc0b3152ce9c9006e14fc05242e3fc9ce32246ea6a9543074|TRV:c460d6a56db8d84e6ee3a5c96c4a72ce1170116cab3ad0659544494547ecae77	false	f060a55bd53f6c963bddeea330165abfd238113ea7b158c2e3614e09bebe453f
393	R16A-PAIR:ecdafdf3a96b2391d9365111dc8628a7348ac7d1f4e5981aa7a4923ecd371e79	TRV:ab8e18ef4ebebeddc0b3152ce9c9006e14fc05242e3fc9ce32246ea6a9543074	TRV:c76c09a3f32430db9b00d1c47eaf288d54331355f666dfcb11e4f4ef3a965212	production	cultural transfer	production	cultural transfer	TRV:ab8e18ef4ebebeddc0b3152ce9c9006e14fc05242e3fc9ce32246ea6a9543074|TRV:c76c09a3f32430db9b00d1c47eaf288d54331355f666dfcb11e4f4ef3a965212	false	f060a55bd53f6c963bddeea330165abfd238113ea7b158c2e3614e09bebe453f
394	R16A-PAIR:650624c795924ee850686ed04cf9c227c217ed56a5d45fd970f1781449bb3d82	TRV:ab8e18ef4ebebeddc0b3152ce9c9006e14fc05242e3fc9ce32246ea6a9543074	TRV:c82d3d4865e41e2a263ff0427c4df2b8e3e43a85c835404d033d764468b3ba55	production	propaganda	production	propaganda	TRV:ab8e18ef4ebebeddc0b3152ce9c9006e14fc05242e3fc9ce32246ea6a9543074|TRV:c82d3d4865e41e2a263ff0427c4df2b8e3e43a85c835404d033d764468b3ba55	false	f060a55bd53f6c963bddeea330165abfd238113ea7b158c2e3614e09bebe453f
395	R16A-PAIR:102d400718f7a15e5cb226adbba0a6e03463f33d560a5f81254c15d81de683ab	TRV:ab8e18ef4ebebeddc0b3152ce9c9006e14fc05242e3fc9ce32246ea6a9543074	TRV:d27a4a1080657098835b014b8f47529c5be746cb60b043fb2400fec1a6948185	production	advertising	production	advertising	TRV:ab8e18ef4ebebeddc0b3152ce9c9006e14fc05242e3fc9ce32246ea6a9543074|TRV:d27a4a1080657098835b014b8f47529c5be746cb60b043fb2400fec1a6948185	false	f060a55bd53f6c963bddeea330165abfd238113ea7b158c2e3614e09bebe453f
396	R16A-PAIR:65eb8363e1e3009e59afc3b1bed2a5ffbf9036a6c4fa05e897de6442893dedcf	TRV:ab8e18ef4ebebeddc0b3152ce9c9006e14fc05242e3fc9ce32246ea6a9543074	TRV:d366de58d3002458bfb404ee505621e926c518871a4caeffcdfb89b45f8112ef	production	material displacement	production	material displacement	TRV:ab8e18ef4ebebeddc0b3152ce9c9006e14fc05242e3fc9ce32246ea6a9543074|TRV:d366de58d3002458bfb404ee505621e926c518871a4caeffcdfb89b45f8112ef	false	f060a55bd53f6c963bddeea330165abfd238113ea7b158c2e3614e09bebe453f
397	R16A-PAIR:c1bd9f0127bf760c81892fc86b0cdb4847c5132e44e77d9d077643f9fc2dd2d1	TRV:ab8e18ef4ebebeddc0b3152ce9c9006e14fc05242e3fc9ce32246ea6a9543074	TRV:e581bd8a1b6363a295216bc7c9f8d958e26ef7406beab6becbf90ff8e2680bd5	production	canonization	production	canonization	TRV:ab8e18ef4ebebeddc0b3152ce9c9006e14fc05242e3fc9ce32246ea6a9543074|TRV:e581bd8a1b6363a295216bc7c9f8d958e26ef7406beab6becbf90ff8e2680bd5	false	f060a55bd53f6c963bddeea330165abfd238113ea7b158c2e3614e09bebe453f
398	R16A-PAIR:ba38d2f5551177471b22f26bc94ed3011dae50e6b5dd596f2861cdddc49b126a	TRV:ab8e18ef4ebebeddc0b3152ce9c9006e14fc05242e3fc9ce32246ea6a9543074	TRV:f921321aaedb0bb53398796772f843dc4a5963edfba778ee3a6bd9f592e21795	production	imitation	production	imitation	TRV:ab8e18ef4ebebeddc0b3152ce9c9006e14fc05242e3fc9ce32246ea6a9543074|TRV:f921321aaedb0bb53398796772f843dc4a5963edfba778ee3a6bd9f592e21795	false	f060a55bd53f6c963bddeea330165abfd238113ea7b158c2e3614e09bebe453f
399	R16A-PAIR:9b5f7aa8c9ff89ce9ed2b6ef404938c1f29ea55d90a72942c02102849c8d5b93	TRV:ab8e18ef4ebebeddc0b3152ce9c9006e14fc05242e3fc9ce32246ea6a9543074	TRV:fd793986cd6d45968d3c7103e778813542e6a9979a85e9cf512450307c9f7342	production	rejection	production	rejection	TRV:ab8e18ef4ebebeddc0b3152ce9c9006e14fc05242e3fc9ce32246ea6a9543074|TRV:fd793986cd6d45968d3c7103e778813542e6a9979a85e9cf512450307c9f7342	false	f060a55bd53f6c963bddeea330165abfd238113ea7b158c2e3614e09bebe453f
400	R16A-PAIR:3ea7d9d331c51544118ad2eea993c239e63dd24350a7d837335f2d4019907418	TRV:ad8c6f6e417a6d2db992c155701ed13494624142922d58eda2e4ad0fa4672fa8	TRV:b1195fbfc5f343ebd84eb46acece15907e639a564f04af5d04d58c70e127a14b	consumption	professionalization	consumption	professionalization	TRV:ad8c6f6e417a6d2db992c155701ed13494624142922d58eda2e4ad0fa4672fa8|TRV:b1195fbfc5f343ebd84eb46acece15907e639a564f04af5d04d58c70e127a14b	false	f060a55bd53f6c963bddeea330165abfd238113ea7b158c2e3614e09bebe453f
401	R16A-PAIR:41dab44e27015e399786801e4f8b5425bce7b93fa60f73f0b8b0a4c79a03c362	TRV:ad8c6f6e417a6d2db992c155701ed13494624142922d58eda2e4ad0fa4672fa8	TRV:b57559d1d19ef1967b6015fa23577c3fac4b79ae3ca54ef4eb760e18300875a3	consumption	commodification	consumption	commodification	TRV:ad8c6f6e417a6d2db992c155701ed13494624142922d58eda2e4ad0fa4672fa8|TRV:b57559d1d19ef1967b6015fa23577c3fac4b79ae3ca54ef4eb760e18300875a3	false	f060a55bd53f6c963bddeea330165abfd238113ea7b158c2e3614e09bebe453f
402	R16A-PAIR:f2d15f4eda759cbe3e6fbca4cd7ffd1673aad40370c608bb5dcae8f91134a381	TRV:ad8c6f6e417a6d2db992c155701ed13494624142922d58eda2e4ad0fa4672fa8	TRV:be33e16d8f585c08bb0efe6f0df92659a22d534298639f5318d2a2580546fdcc	consumption	production site	consumption	production site	TRV:ad8c6f6e417a6d2db992c155701ed13494624142922d58eda2e4ad0fa4672fa8|TRV:be33e16d8f585c08bb0efe6f0df92659a22d534298639f5318d2a2580546fdcc	false	f060a55bd53f6c963bddeea330165abfd238113ea7b158c2e3614e09bebe453f
403	R16A-PAIR:356284c9f54f77a58a6b5713953f127a3859886699ec9cf3394b9a1db6a41e24	TRV:ad8c6f6e417a6d2db992c155701ed13494624142922d58eda2e4ad0fa4672fa8	TRV:c460d6a56db8d84e6ee3a5c96c4a72ce1170116cab3ad0659544494547ecae77	consumption	piracy	consumption	piracy	TRV:ad8c6f6e417a6d2db992c155701ed13494624142922d58eda2e4ad0fa4672fa8|TRV:c460d6a56db8d84e6ee3a5c96c4a72ce1170116cab3ad0659544494547ecae77	false	f060a55bd53f6c963bddeea330165abfd238113ea7b158c2e3614e09bebe453f
404	R16A-PAIR:0f7dbf6ce0332e943dab0c0d46ba5808f266816f8c6f1016102b4d5ccc57ef14	TRV:ad8c6f6e417a6d2db992c155701ed13494624142922d58eda2e4ad0fa4672fa8	TRV:c76c09a3f32430db9b00d1c47eaf288d54331355f666dfcb11e4f4ef3a965212	consumption	cultural transfer	consumption	cultural transfer	TRV:ad8c6f6e417a6d2db992c155701ed13494624142922d58eda2e4ad0fa4672fa8|TRV:c76c09a3f32430db9b00d1c47eaf288d54331355f666dfcb11e4f4ef3a965212	false	f060a55bd53f6c963bddeea330165abfd238113ea7b158c2e3614e09bebe453f
405	R16A-PAIR:7536b707e30c6b5bf43a09c3fde1a85fee376fc8b3f93235a5fc12659ed53b2b	TRV:ad8c6f6e417a6d2db992c155701ed13494624142922d58eda2e4ad0fa4672fa8	TRV:c82d3d4865e41e2a263ff0427c4df2b8e3e43a85c835404d033d764468b3ba55	consumption	propaganda	consumption	propaganda	TRV:ad8c6f6e417a6d2db992c155701ed13494624142922d58eda2e4ad0fa4672fa8|TRV:c82d3d4865e41e2a263ff0427c4df2b8e3e43a85c835404d033d764468b3ba55	false	f060a55bd53f6c963bddeea330165abfd238113ea7b158c2e3614e09bebe453f
406	R16A-PAIR:e034ed76deaad734bd9012e026ddcfca25b3ff772b190067832a42b5e5a7aad0	TRV:ad8c6f6e417a6d2db992c155701ed13494624142922d58eda2e4ad0fa4672fa8	TRV:d27a4a1080657098835b014b8f47529c5be746cb60b043fb2400fec1a6948185	consumption	advertising	consumption	advertising	TRV:ad8c6f6e417a6d2db992c155701ed13494624142922d58eda2e4ad0fa4672fa8|TRV:d27a4a1080657098835b014b8f47529c5be746cb60b043fb2400fec1a6948185	false	f060a55bd53f6c963bddeea330165abfd238113ea7b158c2e3614e09bebe453f
407	R16A-PAIR:58e0ce6f12106d2c33065ba5942f27fb41016c379af90511855a3665feb31cb0	TRV:ad8c6f6e417a6d2db992c155701ed13494624142922d58eda2e4ad0fa4672fa8	TRV:d366de58d3002458bfb404ee505621e926c518871a4caeffcdfb89b45f8112ef	consumption	material displacement	consumption	material displacement	TRV:ad8c6f6e417a6d2db992c155701ed13494624142922d58eda2e4ad0fa4672fa8|TRV:d366de58d3002458bfb404ee505621e926c518871a4caeffcdfb89b45f8112ef	false	f060a55bd53f6c963bddeea330165abfd238113ea7b158c2e3614e09bebe453f
408	R16A-PAIR:47797d2b0e16138c64acf3a69571634ae748f035b3f50b44bca1766c37660fba	TRV:ad8c6f6e417a6d2db992c155701ed13494624142922d58eda2e4ad0fa4672fa8	TRV:e581bd8a1b6363a295216bc7c9f8d958e26ef7406beab6becbf90ff8e2680bd5	consumption	canonization	consumption	canonization	TRV:ad8c6f6e417a6d2db992c155701ed13494624142922d58eda2e4ad0fa4672fa8|TRV:e581bd8a1b6363a295216bc7c9f8d958e26ef7406beab6becbf90ff8e2680bd5	false	f060a55bd53f6c963bddeea330165abfd238113ea7b158c2e3614e09bebe453f
409	R16A-PAIR:091ab35ed795f8e113ca5a9f2ab00d2f975cc83c5528df3dcb646eaeb9dbb1bd	TRV:ad8c6f6e417a6d2db992c155701ed13494624142922d58eda2e4ad0fa4672fa8	TRV:f921321aaedb0bb53398796772f843dc4a5963edfba778ee3a6bd9f592e21795	consumption	imitation	consumption	imitation	TRV:ad8c6f6e417a6d2db992c155701ed13494624142922d58eda2e4ad0fa4672fa8|TRV:f921321aaedb0bb53398796772f843dc4a5963edfba778ee3a6bd9f592e21795	false	f060a55bd53f6c963bddeea330165abfd238113ea7b158c2e3614e09bebe453f
410	R16A-PAIR:6a267c66d5231fc8e70bc5d345ad7a5a313c27edc6abb63d77076535274bde24	TRV:ad8c6f6e417a6d2db992c155701ed13494624142922d58eda2e4ad0fa4672fa8	TRV:fd793986cd6d45968d3c7103e778813542e6a9979a85e9cf512450307c9f7342	consumption	rejection	consumption	rejection	TRV:ad8c6f6e417a6d2db992c155701ed13494624142922d58eda2e4ad0fa4672fa8|TRV:fd793986cd6d45968d3c7103e778813542e6a9979a85e9cf512450307c9f7342	false	f060a55bd53f6c963bddeea330165abfd238113ea7b158c2e3614e09bebe453f
411	R16A-PAIR:caed7b4e43164af6978cb85c098af467918204a425d19b21b87c742bee851fe5	TRV:b1195fbfc5f343ebd84eb46acece15907e639a564f04af5d04d58c70e127a14b	TRV:b57559d1d19ef1967b6015fa23577c3fac4b79ae3ca54ef4eb760e18300875a3	professionalization	commodification	professionalization	commodification	TRV:b1195fbfc5f343ebd84eb46acece15907e639a564f04af5d04d58c70e127a14b|TRV:b57559d1d19ef1967b6015fa23577c3fac4b79ae3ca54ef4eb760e18300875a3	false	f060a55bd53f6c963bddeea330165abfd238113ea7b158c2e3614e09bebe453f
412	R16A-PAIR:d18d8696fdbfe89e08c718f72c26fefef2078317766e8bb5b378beba9d205e87	TRV:b1195fbfc5f343ebd84eb46acece15907e639a564f04af5d04d58c70e127a14b	TRV:be33e16d8f585c08bb0efe6f0df92659a22d534298639f5318d2a2580546fdcc	professionalization	production site	professionalization	production site	TRV:b1195fbfc5f343ebd84eb46acece15907e639a564f04af5d04d58c70e127a14b|TRV:be33e16d8f585c08bb0efe6f0df92659a22d534298639f5318d2a2580546fdcc	false	f060a55bd53f6c963bddeea330165abfd238113ea7b158c2e3614e09bebe453f
413	R16A-PAIR:0e188a090a56fca53aecbbf4a1504763780016594938f20f00d66da768ea0a23	TRV:b1195fbfc5f343ebd84eb46acece15907e639a564f04af5d04d58c70e127a14b	TRV:c460d6a56db8d84e6ee3a5c96c4a72ce1170116cab3ad0659544494547ecae77	professionalization	piracy	professionalization	piracy	TRV:b1195fbfc5f343ebd84eb46acece15907e639a564f04af5d04d58c70e127a14b|TRV:c460d6a56db8d84e6ee3a5c96c4a72ce1170116cab3ad0659544494547ecae77	false	f060a55bd53f6c963bddeea330165abfd238113ea7b158c2e3614e09bebe453f
414	R16A-PAIR:204f8f05142e8204e4762471d527bc071f6236cd088a3cad10f04514d8be0247	TRV:b1195fbfc5f343ebd84eb46acece15907e639a564f04af5d04d58c70e127a14b	TRV:c76c09a3f32430db9b00d1c47eaf288d54331355f666dfcb11e4f4ef3a965212	professionalization	cultural transfer	professionalization	cultural transfer	TRV:b1195fbfc5f343ebd84eb46acece15907e639a564f04af5d04d58c70e127a14b|TRV:c76c09a3f32430db9b00d1c47eaf288d54331355f666dfcb11e4f4ef3a965212	false	f060a55bd53f6c963bddeea330165abfd238113ea7b158c2e3614e09bebe453f
415	R16A-PAIR:a675aadf82f5861745da0fcd6ad49a0f117e3b5337d2ab43ce00513c09b25c2b	TRV:b1195fbfc5f343ebd84eb46acece15907e639a564f04af5d04d58c70e127a14b	TRV:c82d3d4865e41e2a263ff0427c4df2b8e3e43a85c835404d033d764468b3ba55	professionalization	propaganda	professionalization	propaganda	TRV:b1195fbfc5f343ebd84eb46acece15907e639a564f04af5d04d58c70e127a14b|TRV:c82d3d4865e41e2a263ff0427c4df2b8e3e43a85c835404d033d764468b3ba55	false	f060a55bd53f6c963bddeea330165abfd238113ea7b158c2e3614e09bebe453f
416	R16A-PAIR:d403ebf0d77e2b3ba51ca355ee589b918f4c3136769a8550b1166c4d0b6d5cff	TRV:b1195fbfc5f343ebd84eb46acece15907e639a564f04af5d04d58c70e127a14b	TRV:d27a4a1080657098835b014b8f47529c5be746cb60b043fb2400fec1a6948185	professionalization	advertising	professionalization	advertising	TRV:b1195fbfc5f343ebd84eb46acece15907e639a564f04af5d04d58c70e127a14b|TRV:d27a4a1080657098835b014b8f47529c5be746cb60b043fb2400fec1a6948185	false	f060a55bd53f6c963bddeea330165abfd238113ea7b158c2e3614e09bebe453f
417	R16A-PAIR:e4dd482b1640cfcb9b444d8f885574701e6114b0ca6a50ff59fc0bf8af5281ed	TRV:b1195fbfc5f343ebd84eb46acece15907e639a564f04af5d04d58c70e127a14b	TRV:d366de58d3002458bfb404ee505621e926c518871a4caeffcdfb89b45f8112ef	professionalization	material displacement	professionalization	material displacement	TRV:b1195fbfc5f343ebd84eb46acece15907e639a564f04af5d04d58c70e127a14b|TRV:d366de58d3002458bfb404ee505621e926c518871a4caeffcdfb89b45f8112ef	false	f060a55bd53f6c963bddeea330165abfd238113ea7b158c2e3614e09bebe453f
418	R16A-PAIR:2459d47b044fa762efb48a3e6b57dfbbb776e9ee102491f43b30d7962bc22bca	TRV:b1195fbfc5f343ebd84eb46acece15907e639a564f04af5d04d58c70e127a14b	TRV:e581bd8a1b6363a295216bc7c9f8d958e26ef7406beab6becbf90ff8e2680bd5	professionalization	canonization	professionalization	canonization	TRV:b1195fbfc5f343ebd84eb46acece15907e639a564f04af5d04d58c70e127a14b|TRV:e581bd8a1b6363a295216bc7c9f8d958e26ef7406beab6becbf90ff8e2680bd5	false	f060a55bd53f6c963bddeea330165abfd238113ea7b158c2e3614e09bebe453f
419	R16A-PAIR:7c6e39100a3d052acb99755557a5077ede2f31db33c49368740948f534d9cb16	TRV:b1195fbfc5f343ebd84eb46acece15907e639a564f04af5d04d58c70e127a14b	TRV:f921321aaedb0bb53398796772f843dc4a5963edfba778ee3a6bd9f592e21795	professionalization	imitation	professionalization	imitation	TRV:b1195fbfc5f343ebd84eb46acece15907e639a564f04af5d04d58c70e127a14b|TRV:f921321aaedb0bb53398796772f843dc4a5963edfba778ee3a6bd9f592e21795	false	f060a55bd53f6c963bddeea330165abfd238113ea7b158c2e3614e09bebe453f
420	R16A-PAIR:eebc639beb212f19d583fc38338d8c51f48d51840f0cfaf625984f0342584a69	TRV:b1195fbfc5f343ebd84eb46acece15907e639a564f04af5d04d58c70e127a14b	TRV:fd793986cd6d45968d3c7103e778813542e6a9979a85e9cf512450307c9f7342	professionalization	rejection	professionalization	rejection	TRV:b1195fbfc5f343ebd84eb46acece15907e639a564f04af5d04d58c70e127a14b|TRV:fd793986cd6d45968d3c7103e778813542e6a9979a85e9cf512450307c9f7342	false	f060a55bd53f6c963bddeea330165abfd238113ea7b158c2e3614e09bebe453f
421	R16A-PAIR:f28638f1355b1140723517940ff90518e070e9119b861357033b7411ff7e0fe9	TRV:b57559d1d19ef1967b6015fa23577c3fac4b79ae3ca54ef4eb760e18300875a3	TRV:be33e16d8f585c08bb0efe6f0df92659a22d534298639f5318d2a2580546fdcc	commodification	production site	commodification	production site	TRV:b57559d1d19ef1967b6015fa23577c3fac4b79ae3ca54ef4eb760e18300875a3|TRV:be33e16d8f585c08bb0efe6f0df92659a22d534298639f5318d2a2580546fdcc	false	f060a55bd53f6c963bddeea330165abfd238113ea7b158c2e3614e09bebe453f
422	R16A-PAIR:eba22512d55d8991f01c0228f56d3fd8dfd4850e4bc4d376c1e7af3e45fe49e8	TRV:b57559d1d19ef1967b6015fa23577c3fac4b79ae3ca54ef4eb760e18300875a3	TRV:c460d6a56db8d84e6ee3a5c96c4a72ce1170116cab3ad0659544494547ecae77	commodification	piracy	commodification	piracy	TRV:b57559d1d19ef1967b6015fa23577c3fac4b79ae3ca54ef4eb760e18300875a3|TRV:c460d6a56db8d84e6ee3a5c96c4a72ce1170116cab3ad0659544494547ecae77	false	f060a55bd53f6c963bddeea330165abfd238113ea7b158c2e3614e09bebe453f
423	R16A-PAIR:25bec46d90a46caf1e421cbf8719ce80ab5d5be4f613ce06099e87705fcbfbe5	TRV:b57559d1d19ef1967b6015fa23577c3fac4b79ae3ca54ef4eb760e18300875a3	TRV:c76c09a3f32430db9b00d1c47eaf288d54331355f666dfcb11e4f4ef3a965212	commodification	cultural transfer	commodification	cultural transfer	TRV:b57559d1d19ef1967b6015fa23577c3fac4b79ae3ca54ef4eb760e18300875a3|TRV:c76c09a3f32430db9b00d1c47eaf288d54331355f666dfcb11e4f4ef3a965212	false	f060a55bd53f6c963bddeea330165abfd238113ea7b158c2e3614e09bebe453f
424	R16A-PAIR:642211dcc4a1e13929b5e3da6ccd253d04aaa2afcd8d0f669ed133677c818bf9	TRV:b57559d1d19ef1967b6015fa23577c3fac4b79ae3ca54ef4eb760e18300875a3	TRV:c82d3d4865e41e2a263ff0427c4df2b8e3e43a85c835404d033d764468b3ba55	commodification	propaganda	commodification	propaganda	TRV:b57559d1d19ef1967b6015fa23577c3fac4b79ae3ca54ef4eb760e18300875a3|TRV:c82d3d4865e41e2a263ff0427c4df2b8e3e43a85c835404d033d764468b3ba55	false	f060a55bd53f6c963bddeea330165abfd238113ea7b158c2e3614e09bebe453f
425	R16A-PAIR:66ec76b4a6267cb8c644104f14860ce7ee763ba8239c8af13a8add50f0cfb341	TRV:b57559d1d19ef1967b6015fa23577c3fac4b79ae3ca54ef4eb760e18300875a3	TRV:d27a4a1080657098835b014b8f47529c5be746cb60b043fb2400fec1a6948185	commodification	advertising	commodification	advertising	TRV:b57559d1d19ef1967b6015fa23577c3fac4b79ae3ca54ef4eb760e18300875a3|TRV:d27a4a1080657098835b014b8f47529c5be746cb60b043fb2400fec1a6948185	false	f060a55bd53f6c963bddeea330165abfd238113ea7b158c2e3614e09bebe453f
426	R16A-PAIR:f551191df90494418f1d9fd26bf5cc72129b1677e6f5d77415452d88057574ca	TRV:b57559d1d19ef1967b6015fa23577c3fac4b79ae3ca54ef4eb760e18300875a3	TRV:d366de58d3002458bfb404ee505621e926c518871a4caeffcdfb89b45f8112ef	commodification	material displacement	commodification	material displacement	TRV:b57559d1d19ef1967b6015fa23577c3fac4b79ae3ca54ef4eb760e18300875a3|TRV:d366de58d3002458bfb404ee505621e926c518871a4caeffcdfb89b45f8112ef	false	f060a55bd53f6c963bddeea330165abfd238113ea7b158c2e3614e09bebe453f
427	R16A-PAIR:d71bbf050c1250fc4023c3d5ce8ffcf14ecd02f5fd14ff556747f51ba9207d75	TRV:b57559d1d19ef1967b6015fa23577c3fac4b79ae3ca54ef4eb760e18300875a3	TRV:e581bd8a1b6363a295216bc7c9f8d958e26ef7406beab6becbf90ff8e2680bd5	commodification	canonization	commodification	canonization	TRV:b57559d1d19ef1967b6015fa23577c3fac4b79ae3ca54ef4eb760e18300875a3|TRV:e581bd8a1b6363a295216bc7c9f8d958e26ef7406beab6becbf90ff8e2680bd5	false	f060a55bd53f6c963bddeea330165abfd238113ea7b158c2e3614e09bebe453f
428	R16A-PAIR:d488e9f212f715cdc2ff4427844f8235dac38bd596100764f4346a083cc5b743	TRV:b57559d1d19ef1967b6015fa23577c3fac4b79ae3ca54ef4eb760e18300875a3	TRV:f921321aaedb0bb53398796772f843dc4a5963edfba778ee3a6bd9f592e21795	commodification	imitation	commodification	imitation	TRV:b57559d1d19ef1967b6015fa23577c3fac4b79ae3ca54ef4eb760e18300875a3|TRV:f921321aaedb0bb53398796772f843dc4a5963edfba778ee3a6bd9f592e21795	false	f060a55bd53f6c963bddeea330165abfd238113ea7b158c2e3614e09bebe453f
429	R16A-PAIR:464b1eb0bd197d1b648e9ab97850c76392d9f55d15e1d54096417381a4b1ba28	TRV:b57559d1d19ef1967b6015fa23577c3fac4b79ae3ca54ef4eb760e18300875a3	TRV:fd793986cd6d45968d3c7103e778813542e6a9979a85e9cf512450307c9f7342	commodification	rejection	commodification	rejection	TRV:b57559d1d19ef1967b6015fa23577c3fac4b79ae3ca54ef4eb760e18300875a3|TRV:fd793986cd6d45968d3c7103e778813542e6a9979a85e9cf512450307c9f7342	false	f060a55bd53f6c963bddeea330165abfd238113ea7b158c2e3614e09bebe453f
430	R16A-PAIR:5fad60d839ca9ca9199b67d6b994185c9cd1fe4798382d440745bba7e6e23281	TRV:be33e16d8f585c08bb0efe6f0df92659a22d534298639f5318d2a2580546fdcc	TRV:c460d6a56db8d84e6ee3a5c96c4a72ce1170116cab3ad0659544494547ecae77	production site	piracy	production site	piracy	TRV:be33e16d8f585c08bb0efe6f0df92659a22d534298639f5318d2a2580546fdcc|TRV:c460d6a56db8d84e6ee3a5c96c4a72ce1170116cab3ad0659544494547ecae77	false	f060a55bd53f6c963bddeea330165abfd238113ea7b158c2e3614e09bebe453f
431	R16A-PAIR:f68293128300d05645fd96b4c9b0d55e383d749faf5ae44377da8168939e2415	TRV:be33e16d8f585c08bb0efe6f0df92659a22d534298639f5318d2a2580546fdcc	TRV:c76c09a3f32430db9b00d1c47eaf288d54331355f666dfcb11e4f4ef3a965212	production site	cultural transfer	production site	cultural transfer	TRV:be33e16d8f585c08bb0efe6f0df92659a22d534298639f5318d2a2580546fdcc|TRV:c76c09a3f32430db9b00d1c47eaf288d54331355f666dfcb11e4f4ef3a965212	false	f060a55bd53f6c963bddeea330165abfd238113ea7b158c2e3614e09bebe453f
432	R16A-PAIR:8b0c8db88c079e0fdf9d3bbdf52bc03b2868e2a58d3c1232f2e3acf08ca79cb3	TRV:be33e16d8f585c08bb0efe6f0df92659a22d534298639f5318d2a2580546fdcc	TRV:c82d3d4865e41e2a263ff0427c4df2b8e3e43a85c835404d033d764468b3ba55	production site	propaganda	production site	propaganda	TRV:be33e16d8f585c08bb0efe6f0df92659a22d534298639f5318d2a2580546fdcc|TRV:c82d3d4865e41e2a263ff0427c4df2b8e3e43a85c835404d033d764468b3ba55	false	f060a55bd53f6c963bddeea330165abfd238113ea7b158c2e3614e09bebe453f
433	R16A-PAIR:37b7fdb6cd3ed8dbbc3141c04eb07add8e21702642c8b2d9a56186b01862b423	TRV:be33e16d8f585c08bb0efe6f0df92659a22d534298639f5318d2a2580546fdcc	TRV:d27a4a1080657098835b014b8f47529c5be746cb60b043fb2400fec1a6948185	production site	advertising	production site	advertising	TRV:be33e16d8f585c08bb0efe6f0df92659a22d534298639f5318d2a2580546fdcc|TRV:d27a4a1080657098835b014b8f47529c5be746cb60b043fb2400fec1a6948185	false	f060a55bd53f6c963bddeea330165abfd238113ea7b158c2e3614e09bebe453f
434	R16A-PAIR:43fa33f1a987090224619eb68e83d246be7705f94d1b2e364bdfb2b73fc1a94f	TRV:be33e16d8f585c08bb0efe6f0df92659a22d534298639f5318d2a2580546fdcc	TRV:d366de58d3002458bfb404ee505621e926c518871a4caeffcdfb89b45f8112ef	production site	material displacement	production site	material displacement	TRV:be33e16d8f585c08bb0efe6f0df92659a22d534298639f5318d2a2580546fdcc|TRV:d366de58d3002458bfb404ee505621e926c518871a4caeffcdfb89b45f8112ef	false	f060a55bd53f6c963bddeea330165abfd238113ea7b158c2e3614e09bebe453f
435	R16A-PAIR:b03893e4ba26caed5075c802e75a1a211480b5c68e0b9ca37b8b5f157ffff675	TRV:be33e16d8f585c08bb0efe6f0df92659a22d534298639f5318d2a2580546fdcc	TRV:e581bd8a1b6363a295216bc7c9f8d958e26ef7406beab6becbf90ff8e2680bd5	production site	canonization	production site	canonization	TRV:be33e16d8f585c08bb0efe6f0df92659a22d534298639f5318d2a2580546fdcc|TRV:e581bd8a1b6363a295216bc7c9f8d958e26ef7406beab6becbf90ff8e2680bd5	false	f060a55bd53f6c963bddeea330165abfd238113ea7b158c2e3614e09bebe453f
436	R16A-PAIR:ada52db07c5318ab96d505f1cbcfcd250010c04cf596afb99acddb43ab334d22	TRV:be33e16d8f585c08bb0efe6f0df92659a22d534298639f5318d2a2580546fdcc	TRV:f921321aaedb0bb53398796772f843dc4a5963edfba778ee3a6bd9f592e21795	production site	imitation	production site	imitation	TRV:be33e16d8f585c08bb0efe6f0df92659a22d534298639f5318d2a2580546fdcc|TRV:f921321aaedb0bb53398796772f843dc4a5963edfba778ee3a6bd9f592e21795	false	f060a55bd53f6c963bddeea330165abfd238113ea7b158c2e3614e09bebe453f
437	R16A-PAIR:1589d5dc216b36d25ca10bd1e886e333b615e1ae3af5ba2d7a9c30aa99478a50	TRV:be33e16d8f585c08bb0efe6f0df92659a22d534298639f5318d2a2580546fdcc	TRV:fd793986cd6d45968d3c7103e778813542e6a9979a85e9cf512450307c9f7342	production site	rejection	production site	rejection	TRV:be33e16d8f585c08bb0efe6f0df92659a22d534298639f5318d2a2580546fdcc|TRV:fd793986cd6d45968d3c7103e778813542e6a9979a85e9cf512450307c9f7342	false	f060a55bd53f6c963bddeea330165abfd238113ea7b158c2e3614e09bebe453f
438	R16A-PAIR:56ce25bdc0aab5d3b552e3d3028ae454a5e8c9428597bbd6a19efb2ea476e607	TRV:c460d6a56db8d84e6ee3a5c96c4a72ce1170116cab3ad0659544494547ecae77	TRV:c76c09a3f32430db9b00d1c47eaf288d54331355f666dfcb11e4f4ef3a965212	piracy	cultural transfer	piracy	cultural transfer	TRV:c460d6a56db8d84e6ee3a5c96c4a72ce1170116cab3ad0659544494547ecae77|TRV:c76c09a3f32430db9b00d1c47eaf288d54331355f666dfcb11e4f4ef3a965212	false	f060a55bd53f6c963bddeea330165abfd238113ea7b158c2e3614e09bebe453f
439	R16A-PAIR:500eac145eb0a814025283079ea676ce3081bf4095724da4ecd0e98995643903	TRV:c460d6a56db8d84e6ee3a5c96c4a72ce1170116cab3ad0659544494547ecae77	TRV:c82d3d4865e41e2a263ff0427c4df2b8e3e43a85c835404d033d764468b3ba55	piracy	propaganda	piracy	propaganda	TRV:c460d6a56db8d84e6ee3a5c96c4a72ce1170116cab3ad0659544494547ecae77|TRV:c82d3d4865e41e2a263ff0427c4df2b8e3e43a85c835404d033d764468b3ba55	false	f060a55bd53f6c963bddeea330165abfd238113ea7b158c2e3614e09bebe453f
440	R16A-PAIR:ddbefb7fb3c1729210988e69be853840ba648b0eda50e84ed00da50c15a047d5	TRV:c460d6a56db8d84e6ee3a5c96c4a72ce1170116cab3ad0659544494547ecae77	TRV:d27a4a1080657098835b014b8f47529c5be746cb60b043fb2400fec1a6948185	piracy	advertising	piracy	advertising	TRV:c460d6a56db8d84e6ee3a5c96c4a72ce1170116cab3ad0659544494547ecae77|TRV:d27a4a1080657098835b014b8f47529c5be746cb60b043fb2400fec1a6948185	false	f060a55bd53f6c963bddeea330165abfd238113ea7b158c2e3614e09bebe453f
441	R16A-PAIR:2321b8c23e476346160f8a870d6b99d3d9a33071961613fbc4e6bd9f3fe61dbc	TRV:c460d6a56db8d84e6ee3a5c96c4a72ce1170116cab3ad0659544494547ecae77	TRV:d366de58d3002458bfb404ee505621e926c518871a4caeffcdfb89b45f8112ef	piracy	material displacement	piracy	material displacement	TRV:c460d6a56db8d84e6ee3a5c96c4a72ce1170116cab3ad0659544494547ecae77|TRV:d366de58d3002458bfb404ee505621e926c518871a4caeffcdfb89b45f8112ef	false	f060a55bd53f6c963bddeea330165abfd238113ea7b158c2e3614e09bebe453f
442	R16A-PAIR:056f2baf267ac9ef82bcc1dcb2385d0392b2e7c948dec1a8423a492ee417bb0b	TRV:c460d6a56db8d84e6ee3a5c96c4a72ce1170116cab3ad0659544494547ecae77	TRV:e581bd8a1b6363a295216bc7c9f8d958e26ef7406beab6becbf90ff8e2680bd5	piracy	canonization	piracy	canonization	TRV:c460d6a56db8d84e6ee3a5c96c4a72ce1170116cab3ad0659544494547ecae77|TRV:e581bd8a1b6363a295216bc7c9f8d958e26ef7406beab6becbf90ff8e2680bd5	false	f060a55bd53f6c963bddeea330165abfd238113ea7b158c2e3614e09bebe453f
443	R16A-PAIR:b4f5681b10410d082921b5dfe618fe94f639c10ae3dcb51eb904a4e02db3b9bf	TRV:c460d6a56db8d84e6ee3a5c96c4a72ce1170116cab3ad0659544494547ecae77	TRV:f921321aaedb0bb53398796772f843dc4a5963edfba778ee3a6bd9f592e21795	piracy	imitation	piracy	imitation	TRV:c460d6a56db8d84e6ee3a5c96c4a72ce1170116cab3ad0659544494547ecae77|TRV:f921321aaedb0bb53398796772f843dc4a5963edfba778ee3a6bd9f592e21795	false	f060a55bd53f6c963bddeea330165abfd238113ea7b158c2e3614e09bebe453f
444	R16A-PAIR:b48c24b7a5eef9236ef9553cee07d02413e257960ea3cfe25c562b6fab42bfb2	TRV:c460d6a56db8d84e6ee3a5c96c4a72ce1170116cab3ad0659544494547ecae77	TRV:fd793986cd6d45968d3c7103e778813542e6a9979a85e9cf512450307c9f7342	piracy	rejection	piracy	rejection	TRV:c460d6a56db8d84e6ee3a5c96c4a72ce1170116cab3ad0659544494547ecae77|TRV:fd793986cd6d45968d3c7103e778813542e6a9979a85e9cf512450307c9f7342	false	f060a55bd53f6c963bddeea330165abfd238113ea7b158c2e3614e09bebe453f
445	R16A-PAIR:32a117d0220e286a1aef6f97356d5778b449100416f800cbb521c1e2497d1317	TRV:c76c09a3f32430db9b00d1c47eaf288d54331355f666dfcb11e4f4ef3a965212	TRV:c82d3d4865e41e2a263ff0427c4df2b8e3e43a85c835404d033d764468b3ba55	cultural transfer	propaganda	cultural transfer	propaganda	TRV:c76c09a3f32430db9b00d1c47eaf288d54331355f666dfcb11e4f4ef3a965212|TRV:c82d3d4865e41e2a263ff0427c4df2b8e3e43a85c835404d033d764468b3ba55	false	f060a55bd53f6c963bddeea330165abfd238113ea7b158c2e3614e09bebe453f
446	R16A-PAIR:753a3d7a1c4880fed1042f8da1643c7e8a01927c7f299e693090e45975136bc8	TRV:c76c09a3f32430db9b00d1c47eaf288d54331355f666dfcb11e4f4ef3a965212	TRV:d27a4a1080657098835b014b8f47529c5be746cb60b043fb2400fec1a6948185	cultural transfer	advertising	cultural transfer	advertising	TRV:c76c09a3f32430db9b00d1c47eaf288d54331355f666dfcb11e4f4ef3a965212|TRV:d27a4a1080657098835b014b8f47529c5be746cb60b043fb2400fec1a6948185	false	f060a55bd53f6c963bddeea330165abfd238113ea7b158c2e3614e09bebe453f
447	R16A-PAIR:fa5bc1c417f203b6d97a31f9c0f715ce6fd10a41d415eeb67d90738187654e75	TRV:c76c09a3f32430db9b00d1c47eaf288d54331355f666dfcb11e4f4ef3a965212	TRV:d366de58d3002458bfb404ee505621e926c518871a4caeffcdfb89b45f8112ef	cultural transfer	material displacement	cultural transfer	material displacement	TRV:c76c09a3f32430db9b00d1c47eaf288d54331355f666dfcb11e4f4ef3a965212|TRV:d366de58d3002458bfb404ee505621e926c518871a4caeffcdfb89b45f8112ef	false	f060a55bd53f6c963bddeea330165abfd238113ea7b158c2e3614e09bebe453f
448	R16A-PAIR:d2e8d32e57819559f6abbdfe016786d04e8273b0d5189dfa3c9cc6b79c607651	TRV:c76c09a3f32430db9b00d1c47eaf288d54331355f666dfcb11e4f4ef3a965212	TRV:e581bd8a1b6363a295216bc7c9f8d958e26ef7406beab6becbf90ff8e2680bd5	cultural transfer	canonization	cultural transfer	canonization	TRV:c76c09a3f32430db9b00d1c47eaf288d54331355f666dfcb11e4f4ef3a965212|TRV:e581bd8a1b6363a295216bc7c9f8d958e26ef7406beab6becbf90ff8e2680bd5	false	f060a55bd53f6c963bddeea330165abfd238113ea7b158c2e3614e09bebe453f
449	R16A-PAIR:249006d60770f176757674b13dbb937d9bdd6af94db61efd6525a0b6b85fce81	TRV:c76c09a3f32430db9b00d1c47eaf288d54331355f666dfcb11e4f4ef3a965212	TRV:f921321aaedb0bb53398796772f843dc4a5963edfba778ee3a6bd9f592e21795	cultural transfer	imitation	cultural transfer	imitation	TRV:c76c09a3f32430db9b00d1c47eaf288d54331355f666dfcb11e4f4ef3a965212|TRV:f921321aaedb0bb53398796772f843dc4a5963edfba778ee3a6bd9f592e21795	false	f060a55bd53f6c963bddeea330165abfd238113ea7b158c2e3614e09bebe453f
450	R16A-PAIR:93a8793d3f10ae18eca94d7bb413af8c2895d486838b29744e788be1ab046ad7	TRV:c76c09a3f32430db9b00d1c47eaf288d54331355f666dfcb11e4f4ef3a965212	TRV:fd793986cd6d45968d3c7103e778813542e6a9979a85e9cf512450307c9f7342	cultural transfer	rejection	cultural transfer	rejection	TRV:c76c09a3f32430db9b00d1c47eaf288d54331355f666dfcb11e4f4ef3a965212|TRV:fd793986cd6d45968d3c7103e778813542e6a9979a85e9cf512450307c9f7342	false	f060a55bd53f6c963bddeea330165abfd238113ea7b158c2e3614e09bebe453f
451	R16A-PAIR:fb45d1972a345d10633d15f9dfbeea6ef72ed206dbd89c170434816ce938ca27	TRV:c82d3d4865e41e2a263ff0427c4df2b8e3e43a85c835404d033d764468b3ba55	TRV:d27a4a1080657098835b014b8f47529c5be746cb60b043fb2400fec1a6948185	propaganda	advertising	propaganda	advertising	TRV:c82d3d4865e41e2a263ff0427c4df2b8e3e43a85c835404d033d764468b3ba55|TRV:d27a4a1080657098835b014b8f47529c5be746cb60b043fb2400fec1a6948185	false	f060a55bd53f6c963bddeea330165abfd238113ea7b158c2e3614e09bebe453f
452	R16A-PAIR:d582d41293cd728cf887c3b187c9d3adfe9cf1942517d1cba9fef43ac517cca6	TRV:c82d3d4865e41e2a263ff0427c4df2b8e3e43a85c835404d033d764468b3ba55	TRV:d366de58d3002458bfb404ee505621e926c518871a4caeffcdfb89b45f8112ef	propaganda	material displacement	propaganda	material displacement	TRV:c82d3d4865e41e2a263ff0427c4df2b8e3e43a85c835404d033d764468b3ba55|TRV:d366de58d3002458bfb404ee505621e926c518871a4caeffcdfb89b45f8112ef	false	f060a55bd53f6c963bddeea330165abfd238113ea7b158c2e3614e09bebe453f
453	R16A-PAIR:b860ca5c95778c5faedfc45fd5cd26427dbc8b584ef338482680902d47755aa3	TRV:c82d3d4865e41e2a263ff0427c4df2b8e3e43a85c835404d033d764468b3ba55	TRV:e581bd8a1b6363a295216bc7c9f8d958e26ef7406beab6becbf90ff8e2680bd5	propaganda	canonization	propaganda	canonization	TRV:c82d3d4865e41e2a263ff0427c4df2b8e3e43a85c835404d033d764468b3ba55|TRV:e581bd8a1b6363a295216bc7c9f8d958e26ef7406beab6becbf90ff8e2680bd5	false	f060a55bd53f6c963bddeea330165abfd238113ea7b158c2e3614e09bebe453f
454	R16A-PAIR:4e57116cc1157e4941a9b4488f865e0f7344a1c220d13684a6f6b60750e0d20d	TRV:c82d3d4865e41e2a263ff0427c4df2b8e3e43a85c835404d033d764468b3ba55	TRV:f921321aaedb0bb53398796772f843dc4a5963edfba778ee3a6bd9f592e21795	propaganda	imitation	propaganda	imitation	TRV:c82d3d4865e41e2a263ff0427c4df2b8e3e43a85c835404d033d764468b3ba55|TRV:f921321aaedb0bb53398796772f843dc4a5963edfba778ee3a6bd9f592e21795	false	f060a55bd53f6c963bddeea330165abfd238113ea7b158c2e3614e09bebe453f
455	R16A-PAIR:6b9b6781a9af9c0a4fefd76e30efcc2197eeecc40f2684b71137a6dfe78b60a1	TRV:c82d3d4865e41e2a263ff0427c4df2b8e3e43a85c835404d033d764468b3ba55	TRV:fd793986cd6d45968d3c7103e778813542e6a9979a85e9cf512450307c9f7342	propaganda	rejection	propaganda	rejection	TRV:c82d3d4865e41e2a263ff0427c4df2b8e3e43a85c835404d033d764468b3ba55|TRV:fd793986cd6d45968d3c7103e778813542e6a9979a85e9cf512450307c9f7342	false	f060a55bd53f6c963bddeea330165abfd238113ea7b158c2e3614e09bebe453f
456	R16A-PAIR:eb946623f09974f0583007ee50adc637f52fac9b2eaf0c64e4313ba54673fd27	TRV:d27a4a1080657098835b014b8f47529c5be746cb60b043fb2400fec1a6948185	TRV:d366de58d3002458bfb404ee505621e926c518871a4caeffcdfb89b45f8112ef	advertising	material displacement	advertising	material displacement	TRV:d27a4a1080657098835b014b8f47529c5be746cb60b043fb2400fec1a6948185|TRV:d366de58d3002458bfb404ee505621e926c518871a4caeffcdfb89b45f8112ef	false	f060a55bd53f6c963bddeea330165abfd238113ea7b158c2e3614e09bebe453f
457	R16A-PAIR:24be93f0bd41e80681fb20f80904f359b13587fc02932d51a1b447db4d07b350	TRV:d27a4a1080657098835b014b8f47529c5be746cb60b043fb2400fec1a6948185	TRV:e581bd8a1b6363a295216bc7c9f8d958e26ef7406beab6becbf90ff8e2680bd5	advertising	canonization	advertising	canonization	TRV:d27a4a1080657098835b014b8f47529c5be746cb60b043fb2400fec1a6948185|TRV:e581bd8a1b6363a295216bc7c9f8d958e26ef7406beab6becbf90ff8e2680bd5	false	f060a55bd53f6c963bddeea330165abfd238113ea7b158c2e3614e09bebe453f
458	R16A-PAIR:a8eaa5cdb4b062cde2258d6bbcad485e65429311fef3ef37ea8e23cc5262787e	TRV:d27a4a1080657098835b014b8f47529c5be746cb60b043fb2400fec1a6948185	TRV:f921321aaedb0bb53398796772f843dc4a5963edfba778ee3a6bd9f592e21795	advertising	imitation	advertising	imitation	TRV:d27a4a1080657098835b014b8f47529c5be746cb60b043fb2400fec1a6948185|TRV:f921321aaedb0bb53398796772f843dc4a5963edfba778ee3a6bd9f592e21795	false	f060a55bd53f6c963bddeea330165abfd238113ea7b158c2e3614e09bebe453f
459	R16A-PAIR:5b6290bd42d1ed5dae26326f71a23ea172d35fbbce03609e5b44a2875c4a1f79	TRV:d27a4a1080657098835b014b8f47529c5be746cb60b043fb2400fec1a6948185	TRV:fd793986cd6d45968d3c7103e778813542e6a9979a85e9cf512450307c9f7342	advertising	rejection	advertising	rejection	TRV:d27a4a1080657098835b014b8f47529c5be746cb60b043fb2400fec1a6948185|TRV:fd793986cd6d45968d3c7103e778813542e6a9979a85e9cf512450307c9f7342	false	f060a55bd53f6c963bddeea330165abfd238113ea7b158c2e3614e09bebe453f
460	R16A-PAIR:4a68b31219215a2afc91664b5b0b0d77d40dc1870d2f5da48ebe4d65402e929b	TRV:d366de58d3002458bfb404ee505621e926c518871a4caeffcdfb89b45f8112ef	TRV:e581bd8a1b6363a295216bc7c9f8d958e26ef7406beab6becbf90ff8e2680bd5	material displacement	canonization	material displacement	canonization	TRV:d366de58d3002458bfb404ee505621e926c518871a4caeffcdfb89b45f8112ef|TRV:e581bd8a1b6363a295216bc7c9f8d958e26ef7406beab6becbf90ff8e2680bd5	false	f060a55bd53f6c963bddeea330165abfd238113ea7b158c2e3614e09bebe453f
461	R16A-PAIR:dd140d6f6d26907891d369171cfc7f9795b31569afed1a1c3d3b3e484c8cd3b5	TRV:d366de58d3002458bfb404ee505621e926c518871a4caeffcdfb89b45f8112ef	TRV:f921321aaedb0bb53398796772f843dc4a5963edfba778ee3a6bd9f592e21795	material displacement	imitation	material displacement	imitation	TRV:d366de58d3002458bfb404ee505621e926c518871a4caeffcdfb89b45f8112ef|TRV:f921321aaedb0bb53398796772f843dc4a5963edfba778ee3a6bd9f592e21795	false	f060a55bd53f6c963bddeea330165abfd238113ea7b158c2e3614e09bebe453f
462	R16A-PAIR:6b35281b988d8d6d1384ef322afa4ee1b380fad2c3c9336115cca69bbd9a26db	TRV:d366de58d3002458bfb404ee505621e926c518871a4caeffcdfb89b45f8112ef	TRV:fd793986cd6d45968d3c7103e778813542e6a9979a85e9cf512450307c9f7342	material displacement	rejection	material displacement	rejection	TRV:d366de58d3002458bfb404ee505621e926c518871a4caeffcdfb89b45f8112ef|TRV:fd793986cd6d45968d3c7103e778813542e6a9979a85e9cf512450307c9f7342	false	f060a55bd53f6c963bddeea330165abfd238113ea7b158c2e3614e09bebe453f
463	R16A-PAIR:21a0b75b9b4c3ddc69417044158bf51ae04775b471c368513dfbd897682cc4a2	TRV:e581bd8a1b6363a295216bc7c9f8d958e26ef7406beab6becbf90ff8e2680bd5	TRV:f921321aaedb0bb53398796772f843dc4a5963edfba778ee3a6bd9f592e21795	canonization	imitation	canonization	imitation	TRV:e581bd8a1b6363a295216bc7c9f8d958e26ef7406beab6becbf90ff8e2680bd5|TRV:f921321aaedb0bb53398796772f843dc4a5963edfba778ee3a6bd9f592e21795	false	f060a55bd53f6c963bddeea330165abfd238113ea7b158c2e3614e09bebe453f
464	R16A-PAIR:7a59ff62b06ca5b4f296dde7224aa0869e725db70750c14964d541cdaf0e196e	TRV:e581bd8a1b6363a295216bc7c9f8d958e26ef7406beab6becbf90ff8e2680bd5	TRV:fd793986cd6d45968d3c7103e778813542e6a9979a85e9cf512450307c9f7342	canonization	rejection	canonization	rejection	TRV:e581bd8a1b6363a295216bc7c9f8d958e26ef7406beab6becbf90ff8e2680bd5|TRV:fd793986cd6d45968d3c7103e778813542e6a9979a85e9cf512450307c9f7342	false	f060a55bd53f6c963bddeea330165abfd238113ea7b158c2e3614e09bebe453f
465	R16A-PAIR:700df166b9e4e0a6ae7a640d0d3124e419c71ec6b7d09eb0dec3bdc22f7990bb	TRV:f921321aaedb0bb53398796772f843dc4a5963edfba778ee3a6bd9f592e21795	TRV:fd793986cd6d45968d3c7103e778813542e6a9979a85e9cf512450307c9f7342	imitation	rejection	imitation	rejection	TRV:f921321aaedb0bb53398796772f843dc4a5963edfba778ee3a6bd9f592e21795|TRV:fd793986cd6d45968d3c7103e778813542e6a9979a85e9cf512450307c9f7342	false	f060a55bd53f6c963bddeea330165abfd238113ea7b158c2e3614e09bebe453f
