capture_id,direction_id,direction_name,source_id,source_name,source_api_url,capture_status,source_identifier,source_record_url,source_title,source_creator,source_date_text,date_start,date_end,source_place_text,source_object_type,source_medium,source_collection,source_description,source_notes,source_subjects,source_rights_text,rights_uri,rights_basis,image_presence_code,image_presence_basis,image_state_evaluation,image_state_confidence,rights_review_required,image_state_review_note,image_frame_behavior,image_url_detected,local_copy_permitted,iiif_or_viewer_available,fallback_required,fallback_reason,raw_json_path,access_date,image_expectation,parser_status,display_mode,ocr_or_excerpt,source_description_raw,editorial_summary,historical_context_note,classification_rationale,uncertainty_note,citation_basis
GAPIT2026R001,GAP01,te_papa_aotearoa_poster_and_public_graphics,SRC138,Te Papa Collections Online,https://collections.tepapa.govt.nz/object/712641,captured,712641,https://collections.tepapa.govt.nz/object/712641,'You are helping by carrying your shopping' poster,,1940,1940,1940,Aotearoa / New Zealand,poster-object / public graphic object,poster / printed public communication,Museum of New Zealand Te Papa Tongarewa,"This poster was printed in Britain during the Second World War (1939-45) to remind people to conserve fuel resources which were rationed. \n \n It was donated to Te Papa by Wellington businessman Mr Cecil H. Andrews. He collected many such posters during the war and distributed them to his clients for display in their shop windows, such as McKenzies, James Smith’s and Woolworths. This particular poster would have been just as resonant in New Zealand as in Britain, as petrol was rationed here from 1939-46. \n \n The poster shows an ordinary person going about their business, which is often a feature of Second World War posters. Civilians were frequently targeted by government campaigns – to volunteer for service, to give money, to recycle and conserve resources. In the Second World War everyone was expected to play a part, and it would have been hard to escape the direct appeal of colourful posters like this on city streets.",Visit,Aotearoa poster culture; protest graphics; public communication; museum object record,"Te Papa exposes a source-hosted preview image; the page is treated as restricted/source-viewer evidence, not reusable image stock.",,"Te Papa exposes a source-hosted preview image; the page is treated as restricted/source-viewer evidence, not reusable image stock.",IMG02,"Te Papa exposes a source-hosted preview image; the page is treated as restricted/source-viewer evidence, not reusable image stock.","IMG02: Te Papa exposes a source-hosted preview image; the page is treated as restricted/source-viewer evidence, not reusable image stock.",high,true,Source-hosted display only; no local image copy or ownership claim.,source_viewer_frame,https://media.tepapa.govt.nz/collection/80257/preview,false,https://collections.tepapa.govt.nz/object/712641,false,,data/capture_batch_gap_noncanonical_image_text_1930_2000_raw/te_papa_object_712641.json,2026-05-31,expected,ok,source_viewer_frame,"This poster was printed in Britain during the Second World War (1939-45) to remind people to conserve fuel resources which were rationed. \n \n It was donated to Te Papa by Wellington businessman Mr Cecil H. Andrews. He collected many such posters during the war and distributed them to his clients for display in their shop windows, such as McKenzies, James Smith’s and Woolworths. This particular poster would have been just as resonant in New Zealand as in Britain, as petrol was rationed here from 1939-46. \n \n The poster shows an ordinary person going about their business, which is often a feature of Second World War posters. Civilians were frequently targeted by government campaigns – to volunteer for service, to give money, to recycle and conserve resources. In the Second World War everyone was expected to play a part, and it would have been hard to escape the direct appeal of colourful posters like this on city streets.","This poster was printed in Britain during the Second World War (1939-45) to remind people to conserve fuel resources which were rationed. \n \n It was donated to Te Papa by Wellington businessman Mr Cecil H. Andrews. He collected many such posters during the war and distributed them to his clients for display in their shop windows, such as McKenzies, James Smith’s and Woolworths. This particular poster would have been just as resonant in New Zealand as in Britain, as petrol was rationed here from 1939-46. \n \n The poster shows an ordinary person going about their business, which is often a feature of Second World War posters. Civilians were frequently targeted by government campaigns – to volunteer for service, to give money, to recycle and conserve resources. In the Second World War everyone was expected to play a part, and it would have been hard to escape the direct appeal of colourful posters like this on city streets.","'You are helping by carrying your shopping' poster is indexed from Te Papa Collections Online. This poster was printed in Britain during the Second World War (1939-45) to remind people to conserve fuel resources which were rationed. \n \n It was donated to Te Papa by Wellington businessman Mr Cecil H. Andrews. He collected many such posters during the war and distributed them to his clients for display in their shop windows, such as McKenzies, James Smith’s and Woolworths. This particular poster would have been just as resonant in New Zealand as in Britain, as petrol was rationed here from 1939-46. \n \n The poster shows an ordinary person going about their business, which is often a feature","Te Papa object records extend the index beyond European/North American museum canons by adding Aotearoa/New Zealand public posters, protest graphics, music-publicity print, and community visual communication.","Captured from Te Papa object search using poster/protest/public communication terms; folder placement should privilege region, medium, and movement/theme evidence from title, date, place, and source description.",Rights are source-specific and frequently restricted; display must remain source-hosted with source return.,Te Papa Collections Online. 'You are helping by carrying your shopping' poster. https://collections.tepapa.govt.nz/object/712641. Accessed 2026-05-31.
GAPIT2026R002,GAP01,te_papa_aotearoa_poster_and_public_graphics,SRC138,Te Papa Collections Online,https://collections.tepapa.govt.nz/object/712243,captured,712243,https://collections.tepapa.govt.nz/object/712243,'You are helping by walking short distances' poster,,1940,1940,1940,Aotearoa / New Zealand,poster-object / public graphic object,poster / printed public communication,Museum of New Zealand Te Papa Tongarewa,"This poster was printed in Britain during the Second World War (1939-45) to remind people to conserve fuel resources which were rationed. \n \n It was donated to Te Papa by Wellington businessman Mr Cecil H. Andrews. He collected many such posters during the war and distributed them to his clients for display in their shop windows, such as McKenzies, James Smith’s and Woolworths. This particular poster would have been just as resonant in New Zealand as in Britain, as petrol was rationed here from 1939-46. \n \n The poster shows an ordinary person going about their business, which is often a feature of Second World War posters. Civilians were frequently targeted by government campaigns – to volunteer for service, to give money, to recycle and conserve resources. In the Second World War everyone was expected to play a part, and it would have been hard to escape the direct appeal of colourful posters like this on city streets. \n",Visit,Aotearoa poster culture; protest graphics; public communication; museum object record,"Te Papa exposes a source-hosted preview image; the page is treated as restricted/source-viewer evidence, not reusable image stock.",,"Te Papa exposes a source-hosted preview image; the page is treated as restricted/source-viewer evidence, not reusable image stock.",IMG02,"Te Papa exposes a source-hosted preview image; the page is treated as restricted/source-viewer evidence, not reusable image stock.","IMG02: Te Papa exposes a source-hosted preview image; the page is treated as restricted/source-viewer evidence, not reusable image stock.",high,true,Source-hosted display only; no local image copy or ownership claim.,source_viewer_frame,https://media.tepapa.govt.nz/collection/80253/preview,false,https://collections.tepapa.govt.nz/object/712243,false,,data/capture_batch_gap_noncanonical_image_text_1930_2000_raw/te_papa_object_712243.json,2026-05-31,expected,ok,source_viewer_frame,"This poster was printed in Britain during the Second World War (1939-45) to remind people to conserve fuel resources which were rationed. \n \n It was donated to Te Papa by Wellington businessman Mr Cecil H. Andrews. He collected many such posters during the war and distributed them to his clients for display in their shop windows, such as McKenzies, James Smith’s and Woolworths. This particular poster would have been just as resonant in New Zealand as in Britain, as petrol was rationed here from 1939-46. \n \n The poster shows an ordinary person going about their business, which is often a feature of Second World War posters. Civilians were frequently targeted by government campaigns – to volunteer for service, to give money, to recycle and conserve resources. In the Second World War everyone was expected to play a part, and it would have been hard to escape the direct appeal of colourful posters like this on city streets. \n","This poster was printed in Britain during the Second World War (1939-45) to remind people to conserve fuel resources which were rationed. \n \n It was donated to Te Papa by Wellington businessman Mr Cecil H. Andrews. He collected many such posters during the war and distributed them to his clients for display in their shop windows, such as McKenzies, James Smith’s and Woolworths. This particular poster would have been just as resonant in New Zealand as in Britain, as petrol was rationed here from 1939-46. \n \n The poster shows an ordinary person going about their business, which is often a feature of Second World War posters. Civilians were frequently targeted by government campaigns – to volunteer for service, to give money, to recycle and conserve resources. In the Second World War everyone was expected to play a part, and it would have been hard to escape the direct appeal of colourful posters like this on city streets. \n","'You are helping by walking short distances' poster is indexed from Te Papa Collections Online. This poster was printed in Britain during the Second World War (1939-45) to remind people to conserve fuel resources which were rationed. \n \n It was donated to Te Papa by Wellington businessman Mr Cecil H. Andrews. He collected many such posters during the war and distributed them to his clients for display in their shop windows, such as McKenzies, James Smith’s and Woolworths. This particular poster would have been just as resonant in New Zealand as in Britain, as petrol was rationed here from 1939-46. \n \n The poster shows an ordinary person going about their business, which is often a featur","Te Papa object records extend the index beyond European/North American museum canons by adding Aotearoa/New Zealand public posters, protest graphics, music-publicity print, and community visual communication.","Captured from Te Papa object search using poster/protest/public communication terms; folder placement should privilege region, medium, and movement/theme evidence from title, date, place, and source description.",Rights are source-specific and frequently restricted; display must remain source-hosted with source return.,Te Papa Collections Online. 'You are helping by walking short distances' poster. https://collections.tepapa.govt.nz/object/712243. Accessed 2026-05-31.
GAPIT2026R003,GAP01,te_papa_aotearoa_poster_and_public_graphics,SRC138,Te Papa Collections Online,https://collections.tepapa.govt.nz/object/768713,captured,768713,https://collections.tepapa.govt.nz/object/768713,"Poster, 'A British Anti-aircraft Battery in action'",,1940,1940,1940,Aotearoa / New Zealand,poster-object / public graphic object,poster / printed public communication,Museum of New Zealand Te Papa Tongarewa,"Find out more about Poster, 'A British Anti-aircraft Battery in action' at Collections Online - Museum of New Zealand Te Papa Tongarewa",Visit,Aotearoa poster culture; protest graphics; public communication; museum object record,"Te Papa exposes a source-hosted preview image; the page is treated as restricted/source-viewer evidence, not reusable image stock.",,"Te Papa exposes a source-hosted preview image; the page is treated as restricted/source-viewer evidence, not reusable image stock.",IMG02,"Te Papa exposes a source-hosted preview image; the page is treated as restricted/source-viewer evidence, not reusable image stock.","IMG02: Te Papa exposes a source-hosted preview image; the page is treated as restricted/source-viewer evidence, not reusable image stock.",high,true,Source-hosted display only; no local image copy or ownership claim.,source_viewer_frame,https://media.tepapa.govt.nz/collection/80331/preview,false,https://collections.tepapa.govt.nz/object/768713,false,,data/capture_batch_gap_noncanonical_image_text_1930_2000_raw/te_papa_object_768713.json,2026-05-31,expected,ok,source_viewer_frame,"Find out more about Poster, 'A British Anti-aircraft Battery in action' at Collections Online - Museum of New Zealand Te Papa Tongarewa","Find out more about Poster, 'A British Anti-aircraft Battery in action' at Collections Online - Museum of New Zealand Te Papa Tongarewa","Poster, 'A British Anti-aircraft Battery in action' is indexed from Te Papa Collections Online. Find out more about Poster, 'A British Anti-aircraft Battery in action' at Collections Online - Museum of New Zealand Te Papa Tongarewa","Te Papa object records extend the index beyond European/North American museum canons by adding Aotearoa/New Zealand public posters, protest graphics, music-publicity print, and community visual communication.","Captured from Te Papa object search using poster/protest/public communication terms; folder placement should privilege region, medium, and movement/theme evidence from title, date, place, and source description.",Rights are source-specific and frequently restricted; display must remain source-hosted with source return.,"Te Papa Collections Online. Poster, 'A British Anti-aircraft Battery in action'. https://collections.tepapa.govt.nz/object/768713. Accessed 2026-05-31."
GAPIT2026R004,GAP01,te_papa_aotearoa_poster_and_public_graphics,SRC138,Te Papa Collections Online,https://collections.tepapa.govt.nz/object/926012,captured,926012,https://collections.tepapa.govt.nz/object/926012,"Poster, 'British Troops in Battle Manoeuvres'",,1940,1940,1940,Aotearoa / New Zealand,poster-object / public graphic object,poster / printed public communication,Museum of New Zealand Te Papa Tongarewa,"Find out more about Poster, 'British Troops in Battle Manoeuvres' at Collections Online - Museum of New Zealand Te Papa Tongarewa",Visit,Aotearoa poster culture; protest graphics; public communication; museum object record,"Te Papa exposes a source-hosted preview image; the page is treated as restricted/source-viewer evidence, not reusable image stock.",,"Te Papa exposes a source-hosted preview image; the page is treated as restricted/source-viewer evidence, not reusable image stock.",IMG02,"Te Papa exposes a source-hosted preview image; the page is treated as restricted/source-viewer evidence, not reusable image stock.","IMG02: Te Papa exposes a source-hosted preview image; the page is treated as restricted/source-viewer evidence, not reusable image stock.",high,true,Source-hosted display only; no local image copy or ownership claim.,source_viewer_frame,https://media.tepapa.govt.nz/collection/128269/preview,false,https://collections.tepapa.govt.nz/object/926012,false,,data/capture_batch_gap_noncanonical_image_text_1930_2000_raw/te_papa_object_926012.json,2026-05-31,expected,ok,source_viewer_frame,"Find out more about Poster, 'British Troops in Battle Manoeuvres' at Collections Online - Museum of New Zealand Te Papa Tongarewa","Find out more about Poster, 'British Troops in Battle Manoeuvres' at Collections Online - Museum of New Zealand Te Papa Tongarewa","Poster, 'British Troops in Battle Manoeuvres' is indexed from Te Papa Collections Online. Find out more about Poster, 'British Troops in Battle Manoeuvres' at Collections Online - Museum of New Zealand Te Papa Tongarewa","Te Papa object records extend the index beyond European/North American museum canons by adding Aotearoa/New Zealand public posters, protest graphics, music-publicity print, and community visual communication.","Captured from Te Papa object search using poster/protest/public communication terms; folder placement should privilege region, medium, and movement/theme evidence from title, date, place, and source description.",Rights are source-specific and frequently restricted; display must remain source-hosted with source return.,"Te Papa Collections Online. Poster, 'British Troops in Battle Manoeuvres'. https://collections.tepapa.govt.nz/object/926012. Accessed 2026-05-31."
GAPIT2026R005,GAP01,te_papa_aotearoa_poster_and_public_graphics,SRC138,Te Papa Collections Online,https://collections.tepapa.govt.nz/object/927284,captured,927284,https://collections.tepapa.govt.nz/object/927284,"Poster, 'Giant of the Air'",,1940,1940,1940,Aotearoa / New Zealand,poster-object / public graphic object,poster / printed public communication,Museum of New Zealand Te Papa Tongarewa,"Find out more about Poster, 'Giant of the Air' at Collections Online - Museum of New Zealand Te Papa Tongarewa",Visit,Aotearoa poster culture; protest graphics; public communication; museum object record,"Te Papa exposes a source-hosted preview image; the page is treated as restricted/source-viewer evidence, not reusable image stock.",,"Te Papa exposes a source-hosted preview image; the page is treated as restricted/source-viewer evidence, not reusable image stock.",IMG02,"Te Papa exposes a source-hosted preview image; the page is treated as restricted/source-viewer evidence, not reusable image stock.","IMG02: Te Papa exposes a source-hosted preview image; the page is treated as restricted/source-viewer evidence, not reusable image stock.",high,true,Source-hosted display only; no local image copy or ownership claim.,source_viewer_frame,https://media.tepapa.govt.nz/collection/128295/preview,false,https://collections.tepapa.govt.nz/object/927284,false,,data/capture_batch_gap_noncanonical_image_text_1930_2000_raw/te_papa_object_927284.json,2026-05-31,expected,ok,source_viewer_frame,"Find out more about Poster, 'Giant of the Air' at Collections Online - Museum of New Zealand Te Papa Tongarewa","Find out more about Poster, 'Giant of the Air' at Collections Online - Museum of New Zealand Te Papa Tongarewa","Poster, 'Giant of the Air' is indexed from Te Papa Collections Online. Find out more about Poster, 'Giant of the Air' at Collections Online - Museum of New Zealand Te Papa Tongarewa","Te Papa object records extend the index beyond European/North American museum canons by adding Aotearoa/New Zealand public posters, protest graphics, music-publicity print, and community visual communication.","Captured from Te Papa object search using poster/protest/public communication terms; folder placement should privilege region, medium, and movement/theme evidence from title, date, place, and source description.",Rights are source-specific and frequently restricted; display must remain source-hosted with source return.,"Te Papa Collections Online. Poster, 'Giant of the Air'. https://collections.tepapa.govt.nz/object/927284. Accessed 2026-05-31."
GAPIT2026R006,GAP01,te_papa_aotearoa_poster_and_public_graphics,SRC138,Te Papa Collections Online,https://collections.tepapa.govt.nz/object/714766,captured,714766,https://collections.tepapa.govt.nz/object/714766,"Poster, 'The Enemy Listens'",,1940,1940,1940,Aotearoa / New Zealand,poster-object / public graphic object,poster / printed public communication,Museum of New Zealand Te Papa Tongarewa,"\n On 7 December 1941, Japan launched a series of attacks on British and American territories in Asia and the Pacific. The attacks shocked the world, although fears about Japan's imperialist aims had in fact been growing for decades. \n This poster refers to the threat and fear of Japanese invasion of Australia during the Second World War (1939-45). It was assumed that the Japanese would continue their southward advance and invade and conquer Australia. Japanese authorities did briefly consider invading northern Australia, but decided to pursue a plan of isolating Australia instead, as their military resourses would not have been strong enough to hold all their conquered territory.",Visit,Aotearoa poster culture; protest graphics; public communication; museum object record,"Te Papa exposes a source-hosted preview image; the page is treated as restricted/source-viewer evidence, not reusable image stock.",,"Te Papa exposes a source-hosted preview image; the page is treated as restricted/source-viewer evidence, not reusable image stock.",IMG02,"Te Papa exposes a source-hosted preview image; the page is treated as restricted/source-viewer evidence, not reusable image stock.","IMG02: Te Papa exposes a source-hosted preview image; the page is treated as restricted/source-viewer evidence, not reusable image stock.",high,true,Source-hosted display only; no local image copy or ownership claim.,source_viewer_frame,https://media.tepapa.govt.nz/collection/80270/preview,false,https://collections.tepapa.govt.nz/object/714766,false,,data/capture_batch_gap_noncanonical_image_text_1930_2000_raw/te_papa_object_714766.json,2026-05-31,expected,ok,source_viewer_frame,"\n On 7 December 1941, Japan launched a series of attacks on British and American territories in Asia and the Pacific. The attacks shocked the world, although fears about Japan's imperialist aims had in fact been growing for decades. \n This poster refers to the threat and fear of Japanese invasion of Australia during the Second World War (1939-45). It was assumed that the Japanese would continue their southward advance and invade and conquer Australia. Japanese authorities did briefly consider invading northern Australia, but decided to pursue a plan of isolating Australia instead, as their military resourses would not have been strong enough to hold all their conquered territory.","\n On 7 December 1941, Japan launched a series of attacks on British and American territories in Asia and the Pacific. The attacks shocked the world, although fears about Japan's imperialist aims had in fact been growing for decades. \n This poster refers to the threat and fear of Japanese invasion of Australia during the Second World War (1939-45). It was assumed that the Japanese would continue their southward advance and invade and conquer Australia. Japanese authorities did briefly consider invading northern Australia, but decided to pursue a plan of isolating Australia instead, as their military resourses would not have been strong enough to hold all their conquered territory.","Poster, 'The Enemy Listens' is indexed from Te Papa Collections Online. \n On 7 December 1941, Japan launched a series of attacks on British and American territories in Asia and the Pacific. The attacks shocked the world, although fears about Japan's imperialist aims had in fact been growing for decades. \n This poster refers to the threat and fear of Japanese invasion of Australia during the Second World War (1939-45). It was assumed that the Japanese would continue their southward advance and invade and conquer Australia. Japanese authorities did briefly consider invading northern Australia, but decided to pursue a plan of isolating Australia instead, as their military resourses would not ","Te Papa object records extend the index beyond European/North American museum canons by adding Aotearoa/New Zealand public posters, protest graphics, music-publicity print, and community visual communication.","Captured from Te Papa object search using poster/protest/public communication terms; folder placement should privilege region, medium, and movement/theme evidence from title, date, place, and source description.",Rights are source-specific and frequently restricted; display must remain source-hosted with source return.,"Te Papa Collections Online. Poster, 'The Enemy Listens'. https://collections.tepapa.govt.nz/object/714766. Accessed 2026-05-31."
GAPIT2026R007,GAP01,te_papa_aotearoa_poster_and_public_graphics,SRC138,Te Papa Collections Online,https://collections.tepapa.govt.nz/object/741600,captured,741600,https://collections.tepapa.govt.nz/object/741600,"Poster, 'War traffic comes first'",,1940,1940,1940,Aotearoa / New Zealand,poster-object / public graphic object,poster / printed public communication,Museum of New Zealand Te Papa Tongarewa,"Find out more about Poster, 'War traffic comes first' at Collections Online - Museum of New Zealand Te Papa Tongarewa",Visit,Aotearoa poster culture; protest graphics; public communication; museum object record,"Te Papa exposes a source-hosted preview image; the page is treated as restricted/source-viewer evidence, not reusable image stock.",,"Te Papa exposes a source-hosted preview image; the page is treated as restricted/source-viewer evidence, not reusable image stock.",IMG02,"Te Papa exposes a source-hosted preview image; the page is treated as restricted/source-viewer evidence, not reusable image stock.","IMG02: Te Papa exposes a source-hosted preview image; the page is treated as restricted/source-viewer evidence, not reusable image stock.",high,true,Source-hosted display only; no local image copy or ownership claim.,source_viewer_frame,https://media.tepapa.govt.nz/collection/128129/preview,false,https://collections.tepapa.govt.nz/object/741600,false,,data/capture_batch_gap_noncanonical_image_text_1930_2000_raw/te_papa_object_741600.json,2026-05-31,expected,ok,source_viewer_frame,"Find out more about Poster, 'War traffic comes first' at Collections Online - Museum of New Zealand Te Papa Tongarewa","Find out more about Poster, 'War traffic comes first' at Collections Online - Museum of New Zealand Te Papa Tongarewa","Poster, 'War traffic comes first' is indexed from Te Papa Collections Online. Find out more about Poster, 'War traffic comes first' at Collections Online - Museum of New Zealand Te Papa Tongarewa","Te Papa object records extend the index beyond European/North American museum canons by adding Aotearoa/New Zealand public posters, protest graphics, music-publicity print, and community visual communication.","Captured from Te Papa object search using poster/protest/public communication terms; folder placement should privilege region, medium, and movement/theme evidence from title, date, place, and source description.",Rights are source-specific and frequently restricted; display must remain source-hosted with source return.,"Te Papa Collections Online. Poster, 'War traffic comes first'. https://collections.tepapa.govt.nz/object/741600. Accessed 2026-05-31."
GAPIT2026R008,GAP01,te_papa_aotearoa_poster_and_public_graphics,SRC138,Te Papa Collections Online,https://collections.tepapa.govt.nz/object/780948,captured,780948,https://collections.tepapa.govt.nz/object/780948,"Poster, 'there's a MAN'S job to be done'",,1940,1940,1940,Aotearoa / New Zealand,poster-object / public graphic object,poster / printed public communication,Museum of New Zealand Te Papa Tongarewa,"\n This poster was one of the first voluntary recruitment posters to be commissioned by the Army Department at the beginning of the Second World War. It was critical for the government to stimulate enthusiasm for voluntary enlistment, partly in the hope of avoiding conscription. The strongly gendered image and message in this poster appealed to masculine ideals of work, honour and commitment. Here war equals work, and a regular soldier does the calling, not the government. \n Very few examples of this poster have survived, and very few are held in public institutions. With the introduction of compulsory military service in June 1940, recruitment posters 'were of course abandoned, and except for a few copies retained for historical purposes no special effort was made to preserve them' (Director of Publicity to C. H. Bateson, 24 April 1941, External Affairs, series 1, 84/12/12, part 1, Archives New Zealand).",Visit,Aotearoa poster culture; protest graphics; public communication; museum object record,"Te Papa exposes a source-hosted preview image; the page is treated as restricted/source-viewer evidence, not reusable image stock.",,"Te Papa exposes a source-hosted preview image; the page is treated as restricted/source-viewer evidence, not reusable image stock.",IMG02,"Te Papa exposes a source-hosted preview image; the page is treated as restricted/source-viewer evidence, not reusable image stock.","IMG02: Te Papa exposes a source-hosted preview image; the page is treated as restricted/source-viewer evidence, not reusable image stock.",high,true,Source-hosted display only; no local image copy or ownership claim.,source_viewer_frame,https://media.tepapa.govt.nz/collection/220229/preview,false,https://collections.tepapa.govt.nz/object/780948,false,,data/capture_batch_gap_noncanonical_image_text_1930_2000_raw/te_papa_object_780948.json,2026-05-31,expected,ok,source_viewer_frame,"\n This poster was one of the first voluntary recruitment posters to be commissioned by the Army Department at the beginning of the Second World War. It was critical for the government to stimulate enthusiasm for voluntary enlistment, partly in the hope of avoiding conscription. The strongly gendered image and message in this poster appealed to masculine ideals of work, honour and commitment. Here war equals work, and a regular soldier does the calling, not the government. \n Very few examples of this poster have survived, and very few are held in public institutions. With the introduction of compulsory military service in June 1940, recruitment posters 'were of course abandoned, and except for a few copies retained for historical purposes no special effort was made to preserve them' (Director of Publicity to C. H. Bateson, 24 April 1941, External Affairs, series 1, 84/12/12, part 1, Archives New Zealand).","\n This poster was one of the first voluntary recruitment posters to be commissioned by the Army Department at the beginning of the Second World War. It was critical for the government to stimulate enthusiasm for voluntary enlistment, partly in the hope of avoiding conscription. The strongly gendered image and message in this poster appealed to masculine ideals of work, honour and commitment. Here war equals work, and a regular soldier does the calling, not the government. \n Very few examples of this poster have survived, and very few are held in public institutions. With the introduction of compulsory military service in June 1940, recruitment posters 'were of course abandoned, and except for a few copies retained for historical purposes no special effort was made to preserve them' (Director of Publicity to C. H. Bateson, 24 April 1941, External Affairs, series 1, 84/12/12, part 1, Archives New Zealand).","Poster, 'there's a MAN'S job to be done' is indexed from Te Papa Collections Online. \n This poster was one of the first voluntary recruitment posters to be commissioned by the Army Department at the beginning of the Second World War. It was critical for the government to stimulate enthusiasm for voluntary enlistment, partly in the hope of avoiding conscription. The strongly gendered image and message in this poster appealed to masculine ideals of work, honour and commitment. Here war equals work, and a regular soldier does the calling, not the government. \n Very few examples of this poster have survived, and very few are held in public institutions. With the introduction of compulsory mili","Te Papa object records extend the index beyond European/North American museum canons by adding Aotearoa/New Zealand public posters, protest graphics, music-publicity print, and community visual communication.","Captured from Te Papa object search using poster/protest/public communication terms; folder placement should privilege region, medium, and movement/theme evidence from title, date, place, and source description.",Rights are source-specific and frequently restricted; display must remain source-hosted with source return.,"Te Papa Collections Online. Poster, 'there's a MAN'S job to be done'. https://collections.tepapa.govt.nz/object/780948. Accessed 2026-05-31."
GAPIT2026R009,GAP01,te_papa_aotearoa_poster_and_public_graphics,SRC138,Te Papa Collections Online,https://collections.tepapa.govt.nz/object/927503,captured,927503,https://collections.tepapa.govt.nz/object/927503,"Poster, 'The Historic Meeting Between Winston Churchill And President Roosevelt'",,1941,1941,1941,Aotearoa / New Zealand,poster-object / public graphic object,poster / printed public communication,Museum of New Zealand Te Papa Tongarewa,"Find out more about Poster, 'The Historic Meeting Between Winston Churchill And President Roosevelt' at Collections Online - Museum of New Zealand Te Papa Tongarewa",Visit,Aotearoa poster culture; protest graphics; public communication; museum object record,"Te Papa exposes a source-hosted preview image; the page is treated as restricted/source-viewer evidence, not reusable image stock.",,"Te Papa exposes a source-hosted preview image; the page is treated as restricted/source-viewer evidence, not reusable image stock.",IMG02,"Te Papa exposes a source-hosted preview image; the page is treated as restricted/source-viewer evidence, not reusable image stock.","IMG02: Te Papa exposes a source-hosted preview image; the page is treated as restricted/source-viewer evidence, not reusable image stock.",high,true,Source-hosted display only; no local image copy or ownership claim.,source_viewer_frame,https://media.tepapa.govt.nz/collection/128319/preview,false,https://collections.tepapa.govt.nz/object/927503,false,,data/capture_batch_gap_noncanonical_image_text_1930_2000_raw/te_papa_object_927503.json,2026-05-31,expected,ok,source_viewer_frame,"Find out more about Poster, 'The Historic Meeting Between Winston Churchill And President Roosevelt' at Collections Online - Museum of New Zealand Te Papa Tongarewa","Find out more about Poster, 'The Historic Meeting Between Winston Churchill And President Roosevelt' at Collections Online - Museum of New Zealand Te Papa Tongarewa","Poster, 'The Historic Meeting Between Winston Churchill And President Roosevelt' is indexed from Te Papa Collections Online. Find out more about Poster, 'The Historic Meeting Between Winston Churchill And President Roosevelt' at Collections Online - Museum of New Zealand Te Papa Tongarewa","Te Papa object records extend the index beyond European/North American museum canons by adding Aotearoa/New Zealand public posters, protest graphics, music-publicity print, and community visual communication.","Captured from Te Papa object search using poster/protest/public communication terms; folder placement should privilege region, medium, and movement/theme evidence from title, date, place, and source description.",Rights are source-specific and frequently restricted; display must remain source-hosted with source return.,"Te Papa Collections Online. Poster, 'The Historic Meeting Between Winston Churchill And President Roosevelt'. https://collections.tepapa.govt.nz/object/927503. Accessed 2026-05-31."
GAPIT2026R010,GAP01,te_papa_aotearoa_poster_and_public_graphics,SRC138,Te Papa Collections Online,https://collections.tepapa.govt.nz/object/775975,captured,775975,https://collections.tepapa.govt.nz/object/775975,"Poster, 'The bombing in daylight'",,1941,1941,1941,Aotearoa / New Zealand,poster-object / public graphic object,poster / printed public communication,Museum of New Zealand Te Papa Tongarewa,"In late 1941, the British Ministry of Information sent a series of war posters called 'Back Them Up' to New Zealand. They were used by the National Savings Office for fund raising campaigns during the Second World War (1939-45), and were seen throughout New Zealand.",Visit,Aotearoa poster culture; protest graphics; public communication; museum object record,"Te Papa exposes a source-hosted preview image; the page is treated as restricted/source-viewer evidence, not reusable image stock.",,"Te Papa exposes a source-hosted preview image; the page is treated as restricted/source-viewer evidence, not reusable image stock.",IMG02,"Te Papa exposes a source-hosted preview image; the page is treated as restricted/source-viewer evidence, not reusable image stock.","IMG02: Te Papa exposes a source-hosted preview image; the page is treated as restricted/source-viewer evidence, not reusable image stock.",high,true,Source-hosted display only; no local image copy or ownership claim.,source_viewer_frame,https://media.tepapa.govt.nz/collection/80355/preview,false,https://collections.tepapa.govt.nz/object/775975,false,,data/capture_batch_gap_noncanonical_image_text_1930_2000_raw/te_papa_object_775975.json,2026-05-31,expected,ok,source_viewer_frame,"In late 1941, the British Ministry of Information sent a series of war posters called 'Back Them Up' to New Zealand. They were used by the National Savings Office for fund raising campaigns during the Second World War (1939-45), and were seen throughout New Zealand.","In late 1941, the British Ministry of Information sent a series of war posters called 'Back Them Up' to New Zealand. They were used by the National Savings Office for fund raising campaigns during the Second World War (1939-45), and were seen throughout New Zealand.","Poster, 'The bombing in daylight' is indexed from Te Papa Collections Online. In late 1941, the British Ministry of Information sent a series of war posters called 'Back Them Up' to New Zealand. They were used by the National Savings Office for fund raising campaigns during the Second World War (1939-45), and were seen throughout New Zealand.","Te Papa object records extend the index beyond European/North American museum canons by adding Aotearoa/New Zealand public posters, protest graphics, music-publicity print, and community visual communication.","Captured from Te Papa object search using poster/protest/public communication terms; folder placement should privilege region, medium, and movement/theme evidence from title, date, place, and source description.",Rights are source-specific and frequently restricted; display must remain source-hosted with source return.,"Te Papa Collections Online. Poster, 'The bombing in daylight'. https://collections.tepapa.govt.nz/object/775975. Accessed 2026-05-31."
GAPIT2026R011,GAP01,te_papa_aotearoa_poster_and_public_graphics,SRC138,Te Papa Collections Online,https://collections.tepapa.govt.nz/object/776181,captured,776181,https://collections.tepapa.govt.nz/object/776181,"Poster, 'Great Britain will pursue'",,1942,1942,1942,Aotearoa / New Zealand,poster-object / public graphic object,poster / printed public communication,Museum of New Zealand Te Papa Tongarewa,"On 7 December 1941, Japan launched a series of attacks on British and American territories in Asia and the Pacific. The attacks shocked the world, although fears about Japan's imperialist aims had in fact been growing for decades. \n The Fall of Singapore sent shockwaves around the British Empire. More than 130,000 troops laid down their arms when the Allies surrendered in Singapore on 15 February, 1942, and Winston Churchill later described it as 'the worst disaster and largest capitulation in British history'. Two years later, his words declare British resolve to 'pursue the War Against Japan to the very end'.",Visit,Aotearoa poster culture; protest graphics; public communication; museum object record,"Te Papa exposes a source-hosted preview image; the page is treated as restricted/source-viewer evidence, not reusable image stock.",,"Te Papa exposes a source-hosted preview image; the page is treated as restricted/source-viewer evidence, not reusable image stock.",IMG02,"Te Papa exposes a source-hosted preview image; the page is treated as restricted/source-viewer evidence, not reusable image stock.","IMG02: Te Papa exposes a source-hosted preview image; the page is treated as restricted/source-viewer evidence, not reusable image stock.",high,true,Source-hosted display only; no local image copy or ownership claim.,source_viewer_frame,https://media.tepapa.govt.nz/collection/80361/preview,false,https://collections.tepapa.govt.nz/object/776181,false,,data/capture_batch_gap_noncanonical_image_text_1930_2000_raw/te_papa_object_776181.json,2026-05-31,expected,ok,source_viewer_frame,"On 7 December 1941, Japan launched a series of attacks on British and American territories in Asia and the Pacific. The attacks shocked the world, although fears about Japan's imperialist aims had in fact been growing for decades. \n The Fall of Singapore sent shockwaves around the British Empire. More than 130,000 troops laid down their arms when the Allies surrendered in Singapore on 15 February, 1942, and Winston Churchill later described it as 'the worst disaster and largest capitulation in British history'. Two years later, his words declare British resolve to 'pursue the War Against Japan to the very end'.","On 7 December 1941, Japan launched a series of attacks on British and American territories in Asia and the Pacific. The attacks shocked the world, although fears about Japan's imperialist aims had in fact been growing for decades. \n The Fall of Singapore sent shockwaves around the British Empire. More than 130,000 troops laid down their arms when the Allies surrendered in Singapore on 15 February, 1942, and Winston Churchill later described it as 'the worst disaster and largest capitulation in British history'. Two years later, his words declare British resolve to 'pursue the War Against Japan to the very end'.","Poster, 'Great Britain will pursue' is indexed from Te Papa Collections Online. On 7 December 1941, Japan launched a series of attacks on British and American territories in Asia and the Pacific. The attacks shocked the world, although fears about Japan's imperialist aims had in fact been growing for decades. \n The Fall of Singapore sent shockwaves around the British Empire. More than 130,000 troops laid down their arms when the Allies surrendered in Singapore on 15 February, 1942, and Winston Churchill later described it as 'the worst disaster and largest capitulation in British history'. Two years later, his words declare British resolve to 'pursue the War Against Japan to the very end'.","Te Papa object records extend the index beyond European/North American museum canons by adding Aotearoa/New Zealand public posters, protest graphics, music-publicity print, and community visual communication.","Captured from Te Papa object search using poster/protest/public communication terms; folder placement should privilege region, medium, and movement/theme evidence from title, date, place, and source description.",Rights are source-specific and frequently restricted; display must remain source-hosted with source return.,"Te Papa Collections Online. Poster, 'Great Britain will pursue'. https://collections.tepapa.govt.nz/object/776181. Accessed 2026-05-31."
GAPIT2026R012,GAP01,te_papa_aotearoa_poster_and_public_graphics,SRC138,Te Papa Collections Online,https://collections.tepapa.govt.nz/object/768715,captured,768715,https://collections.tepapa.govt.nz/object/768715,"Poster, 'The life-line is firm'",,1942,1942,1942,Aotearoa / New Zealand,poster-object / public graphic object,poster / printed public communication,Museum of New Zealand Te Papa Tongarewa,"\n During the Second World War, the United Kingdom relied on supplies from overseas. Keeping its lines of supply open was a major strategic factor in the war. This poster was one in a series about the United Kingdom at war. It pays recognition to the Merchant Navy and reassures those at the home front with its image of strong, competent men.",Visit,Aotearoa poster culture; protest graphics; public communication; museum object record,"Te Papa exposes a source-hosted preview image; the page is treated as restricted/source-viewer evidence, not reusable image stock.",,"Te Papa exposes a source-hosted preview image; the page is treated as restricted/source-viewer evidence, not reusable image stock.",IMG02,"Te Papa exposes a source-hosted preview image; the page is treated as restricted/source-viewer evidence, not reusable image stock.","IMG02: Te Papa exposes a source-hosted preview image; the page is treated as restricted/source-viewer evidence, not reusable image stock.",high,true,Source-hosted display only; no local image copy or ownership claim.,source_viewer_frame,https://media.tepapa.govt.nz/collection/80332/preview,false,https://collections.tepapa.govt.nz/object/768715,false,,data/capture_batch_gap_noncanonical_image_text_1930_2000_raw/te_papa_object_768715.json,2026-05-31,expected,ok,source_viewer_frame,"\n During the Second World War, the United Kingdom relied on supplies from overseas. Keeping its lines of supply open was a major strategic factor in the war. This poster was one in a series about the United Kingdom at war. It pays recognition to the Merchant Navy and reassures those at the home front with its image of strong, competent men.","\n During the Second World War, the United Kingdom relied on supplies from overseas. Keeping its lines of supply open was a major strategic factor in the war. This poster was one in a series about the United Kingdom at war. It pays recognition to the Merchant Navy and reassures those at the home front with its image of strong, competent men.","Poster, 'The life-line is firm' is indexed from Te Papa Collections Online. \n During the Second World War, the United Kingdom relied on supplies from overseas. Keeping its lines of supply open was a major strategic factor in the war. This poster was one in a series about the United Kingdom at war. It pays recognition to the Merchant Navy and reassures those at the home front with its image of strong, competent men.","Te Papa object records extend the index beyond European/North American museum canons by adding Aotearoa/New Zealand public posters, protest graphics, music-publicity print, and community visual communication.","Captured from Te Papa object search using poster/protest/public communication terms; folder placement should privilege region, medium, and movement/theme evidence from title, date, place, and source description.",Rights are source-specific and frequently restricted; display must remain source-hosted with source return.,"Te Papa Collections Online. Poster, 'The life-line is firm'. https://collections.tepapa.govt.nz/object/768715. Accessed 2026-05-31."
GAPIT2026R013,GAP01,te_papa_aotearoa_poster_and_public_graphics,SRC138,Te Papa Collections Online,https://collections.tepapa.govt.nz/object/851876,captured,851876,https://collections.tepapa.govt.nz/object/851876,"Poster, 'Squash the Squander Bug'",,1943,1943,1943,Aotearoa / New Zealand,poster-object / public graphic object,poster / printed public communication,Museum of New Zealand Te Papa Tongarewa,"The New Zealand government financed the Second World War (1930-45) from internal resources, raising substantial amounts through taxation, internal loans and savings. Posters such as this one played a significant part in the associated fund-raising campaigns, making intense appeals to New Zealanders' sense of patriotism and sacrifice. This particular poster was part of a National Savings movement begun by the New Zealand Government in October 1940 to develop a 'thrift' habit among citizens. The Minister of Finance entrusted the administration of the National Savings Act 1940 to a special committee - the New Zealand National Savings Committee. The National Savings Committee delegated the development of the campaign to the Post Office, but the general scheme and the national publicity arrangements remained with the Committee (including the publishing of posters such as this example).",Visit,Aotearoa poster culture; protest graphics; public communication; museum object record,"Te Papa exposes a source-hosted preview image; the page is treated as restricted/source-viewer evidence, not reusable image stock.",,"Te Papa exposes a source-hosted preview image; the page is treated as restricted/source-viewer evidence, not reusable image stock.",IMG02,"Te Papa exposes a source-hosted preview image; the page is treated as restricted/source-viewer evidence, not reusable image stock.","IMG02: Te Papa exposes a source-hosted preview image; the page is treated as restricted/source-viewer evidence, not reusable image stock.",high,true,Source-hosted display only; no local image copy or ownership claim.,source_viewer_frame,https://media.tepapa.govt.nz/collection/220233/preview,false,https://collections.tepapa.govt.nz/object/851876,false,,data/capture_batch_gap_noncanonical_image_text_1930_2000_raw/te_papa_object_851876.json,2026-05-31,expected,ok,source_viewer_frame,"The New Zealand government financed the Second World War (1930-45) from internal resources, raising substantial amounts through taxation, internal loans and savings. Posters such as this one played a significant part in the associated fund-raising campaigns, making intense appeals to New Zealanders' sense of patriotism and sacrifice. This particular poster was part of a National Savings movement begun by the New Zealand Government in October 1940 to develop a 'thrift' habit among citizens. The Minister of Finance entrusted the administration of the National Savings Act 1940 to a special committee - the New Zealand National Savings Committee. The National Savings Committee delegated the development of the campaign to the Post Office, but the general scheme and the national publicity arrangements remained with the Committee (including the publishing of posters such as this example).","The New Zealand government financed the Second World War (1930-45) from internal resources, raising substantial amounts through taxation, internal loans and savings. Posters such as this one played a significant part in the associated fund-raising campaigns, making intense appeals to New Zealanders' sense of patriotism and sacrifice. This particular poster was part of a National Savings movement begun by the New Zealand Government in October 1940 to develop a 'thrift' habit among citizens. The Minister of Finance entrusted the administration of the National Savings Act 1940 to a special committee - the New Zealand National Savings Committee. The National Savings Committee delegated the development of the campaign to the Post Office, but the general scheme and the national publicity arrangements remained with the Committee (including the publishing of posters such as this example).","Poster, 'Squash the Squander Bug' is indexed from Te Papa Collections Online. The New Zealand government financed the Second World War (1930-45) from internal resources, raising substantial amounts through taxation, internal loans and savings. Posters such as this one played a significant part in the associated fund-raising campaigns, making intense appeals to New Zealanders' sense of patriotism and sacrifice. This particular poster was part of a National Savings movement begun by the New Zealand Government in October 1940 to develop a 'thrift' habit among citizens. The Minister of Finance entrusted the administration of the National Savings Act 1940 to a special committee - the New Zealand ","Te Papa object records extend the index beyond European/North American museum canons by adding Aotearoa/New Zealand public posters, protest graphics, music-publicity print, and community visual communication.","Captured from Te Papa object search using poster/protest/public communication terms; folder placement should privilege region, medium, and movement/theme evidence from title, date, place, and source description.",Rights are source-specific and frequently restricted; display must remain source-hosted with source return.,"Te Papa Collections Online. Poster, 'Squash the Squander Bug'. https://collections.tepapa.govt.nz/object/851876. Accessed 2026-05-31."
GAPIT2026R014,GAP01,te_papa_aotearoa_poster_and_public_graphics,SRC138,Te Papa Collections Online,https://collections.tepapa.govt.nz/object/851713,captured,851713,https://collections.tepapa.govt.nz/object/851713,"Poster, 'Come on - New Zealand!'",,1944,1944,1944,Aotearoa / New Zealand,poster-object / public graphic object,poster / printed public communication,Museum of New Zealand Te Papa Tongarewa,"This poster was one of 150,000 posters, window stickers, grille cards and strips produced in 31 different designs and sizes for the New Zealand government's Victory Loan campaign of 1944. The Victory Loan aimed to raise £40 million over a five-week period (28 August to 4 October) to help meet the costs of New Zealand's war expenditure (which was at its highest in the year of 1943-44). \n The posters, including this one, were described as 'Campaign Ammunition' and were widely seen in shop and business windows, railway stations, hotel lobbies, post offices, sport gatherings and campaign meetings.",Visit,Aotearoa poster culture; protest graphics; public communication; museum object record,"Te Papa exposes a source-hosted preview image; the page is treated as restricted/source-viewer evidence, not reusable image stock.",,"Te Papa exposes a source-hosted preview image; the page is treated as restricted/source-viewer evidence, not reusable image stock.",IMG02,"Te Papa exposes a source-hosted preview image; the page is treated as restricted/source-viewer evidence, not reusable image stock.","IMG02: Te Papa exposes a source-hosted preview image; the page is treated as restricted/source-viewer evidence, not reusable image stock.",high,true,Source-hosted display only; no local image copy or ownership claim.,source_viewer_frame,https://media.tepapa.govt.nz/collection/220232/preview,false,https://collections.tepapa.govt.nz/object/851713,false,,data/capture_batch_gap_noncanonical_image_text_1930_2000_raw/te_papa_object_851713.json,2026-05-31,expected,ok,source_viewer_frame,"This poster was one of 150,000 posters, window stickers, grille cards and strips produced in 31 different designs and sizes for the New Zealand government's Victory Loan campaign of 1944. The Victory Loan aimed to raise £40 million over a five-week period (28 August to 4 October) to help meet the costs of New Zealand's war expenditure (which was at its highest in the year of 1943-44). \n The posters, including this one, were described as 'Campaign Ammunition' and were widely seen in shop and business windows, railway stations, hotel lobbies, post offices, sport gatherings and campaign meetings.","This poster was one of 150,000 posters, window stickers, grille cards and strips produced in 31 different designs and sizes for the New Zealand government's Victory Loan campaign of 1944. The Victory Loan aimed to raise £40 million over a five-week period (28 August to 4 October) to help meet the costs of New Zealand's war expenditure (which was at its highest in the year of 1943-44). \n The posters, including this one, were described as 'Campaign Ammunition' and were widely seen in shop and business windows, railway stations, hotel lobbies, post offices, sport gatherings and campaign meetings.","Poster, 'Come on - New Zealand!' is indexed from Te Papa Collections Online. This poster was one of 150,000 posters, window stickers, grille cards and strips produced in 31 different designs and sizes for the New Zealand government's Victory Loan campaign of 1944. The Victory Loan aimed to raise £40 million over a five-week period (28 August to 4 October) to help meet the costs of New Zealand's war expenditure (which was at its highest in the year of 1943-44). \n The posters, including this one, were described as 'Campaign Ammunition' and were widely seen in shop and business windows, railway stations, hotel lobbies, post offices, sport gatherings and campaign meetings.","Te Papa object records extend the index beyond European/North American museum canons by adding Aotearoa/New Zealand public posters, protest graphics, music-publicity print, and community visual communication.","Captured from Te Papa object search using poster/protest/public communication terms; folder placement should privilege region, medium, and movement/theme evidence from title, date, place, and source description.",Rights are source-specific and frequently restricted; display must remain source-hosted with source return.,"Te Papa Collections Online. Poster, 'Come on - New Zealand!'. https://collections.tepapa.govt.nz/object/851713. Accessed 2026-05-31."
GAPIT2026R015,GAP01,te_papa_aotearoa_poster_and_public_graphics,SRC138,Te Papa Collections Online,https://collections.tepapa.govt.nz/object/851697,captured,851697,https://collections.tepapa.govt.nz/object/851697,"Poster, 'How about you?'",,1944,1944,1944,Aotearoa / New Zealand,poster-object / public graphic object,poster / printed public communication,Museum of New Zealand Te Papa Tongarewa,"This poster was one of 150,000 posters, window stickers, grille cards and strips produced in 31 different designs and sizes for the New Zealand government's Victory Loan campaign of 1944. The Victory Loan aimed to raise £40 million over a five-week period (28 August to 4 October) to help meet the costs of New Zealand's war expenditure (which was at its highest in the year of 1943-44). \n The posters, including this one, were described as 'Campaign Ammunition' and were widely seen in shop and business windows, railway stations, hotel lobbies, post offices, sport gatherings and campaign meetings. \n This particular design was used as a lobby poster and was one of the most well-known poster images at the end of the war. Albert O'Dea was a prolific poster artist in New Zealand in the mid 20th century.",Visit,Aotearoa poster culture; protest graphics; public communication; museum object record,"Te Papa exposes a source-hosted preview image; the page is treated as restricted/source-viewer evidence, not reusable image stock.",,"Te Papa exposes a source-hosted preview image; the page is treated as restricted/source-viewer evidence, not reusable image stock.",IMG02,"Te Papa exposes a source-hosted preview image; the page is treated as restricted/source-viewer evidence, not reusable image stock.","IMG02: Te Papa exposes a source-hosted preview image; the page is treated as restricted/source-viewer evidence, not reusable image stock.",high,true,Source-hosted display only; no local image copy or ownership claim.,source_viewer_frame,https://media.tepapa.govt.nz/collection/220231/preview,false,https://collections.tepapa.govt.nz/object/851697,false,,data/capture_batch_gap_noncanonical_image_text_1930_2000_raw/te_papa_object_851697.json,2026-05-31,expected,ok,source_viewer_frame,"This poster was one of 150,000 posters, window stickers, grille cards and strips produced in 31 different designs and sizes for the New Zealand government's Victory Loan campaign of 1944. The Victory Loan aimed to raise £40 million over a five-week period (28 August to 4 October) to help meet the costs of New Zealand's war expenditure (which was at its highest in the year of 1943-44). \n The posters, including this one, were described as 'Campaign Ammunition' and were widely seen in shop and business windows, railway stations, hotel lobbies, post offices, sport gatherings and campaign meetings. \n This particular design was used as a lobby poster and was one of the most well-known poster images at the end of the war. Albert O'Dea was a prolific poster artist in New Zealand in the mid 20th century.","This poster was one of 150,000 posters, window stickers, grille cards and strips produced in 31 different designs and sizes for the New Zealand government's Victory Loan campaign of 1944. The Victory Loan aimed to raise £40 million over a five-week period (28 August to 4 October) to help meet the costs of New Zealand's war expenditure (which was at its highest in the year of 1943-44). \n The posters, including this one, were described as 'Campaign Ammunition' and were widely seen in shop and business windows, railway stations, hotel lobbies, post offices, sport gatherings and campaign meetings. \n This particular design was used as a lobby poster and was one of the most well-known poster images at the end of the war. Albert O'Dea was a prolific poster artist in New Zealand in the mid 20th century.","Poster, 'How about you?' is indexed from Te Papa Collections Online. This poster was one of 150,000 posters, window stickers, grille cards and strips produced in 31 different designs and sizes for the New Zealand government's Victory Loan campaign of 1944. The Victory Loan aimed to raise £40 million over a five-week period (28 August to 4 October) to help meet the costs of New Zealand's war expenditure (which was at its highest in the year of 1943-44). \n The posters, including this one, were described as 'Campaign Ammunition' and were widely seen in shop and business windows, railway stations, hotel lobbies, post offices, sport gatherings and campaign meetings. \n This particular design was","Te Papa object records extend the index beyond European/North American museum canons by adding Aotearoa/New Zealand public posters, protest graphics, music-publicity print, and community visual communication.","Captured from Te Papa object search using poster/protest/public communication terms; folder placement should privilege region, medium, and movement/theme evidence from title, date, place, and source description.",Rights are source-specific and frequently restricted; display must remain source-hosted with source return.,"Te Papa Collections Online. Poster, 'How about you?'. https://collections.tepapa.govt.nz/object/851697. Accessed 2026-05-31."
GAPIT2026R016,GAP01,te_papa_aotearoa_poster_and_public_graphics,SRC138,Te Papa Collections Online,https://collections.tepapa.govt.nz/object/1230647,captured,1230647,https://collections.tepapa.govt.nz/object/1230647,"Poster, 'Salute the Airman'",,1944,1944,1944,Aotearoa / New Zealand,poster-object / public graphic object,poster / printed public communication,Museum of New Zealand Te Papa Tongarewa,"\n This Second World War poster was one of 150,000 posters, window stickers, grille cards and strips produced in 31 different designs and sizes for the Victory Loan campaign of August 1944. The Victory Loan aimed to raise £40 million over a five-week period (28 August to 4 October) to help meet the costs of New Zealand's war expenditure, which was at its highest in the year of 1943-44. \n This poster was considered 'campaign ammunition' and would have been seen in shop and business windows, railway stations, hotel lobbies, post offices, sport gatherings and campaign meetings. The large scale of the Victory Loan required a 'Campaign Handbook' which detailed the importance of posters and how to use them. \n The image in this poster is particularly romantic with its heroic-looking airman gazing up at the machinery of war in the sky.",Visit,Aotearoa poster culture; protest graphics; public communication; museum object record,"Te Papa exposes a source-hosted preview image; the page is treated as restricted/source-viewer evidence, not reusable image stock.",,"Te Papa exposes a source-hosted preview image; the page is treated as restricted/source-viewer evidence, not reusable image stock.",IMG02,"Te Papa exposes a source-hosted preview image; the page is treated as restricted/source-viewer evidence, not reusable image stock.","IMG02: Te Papa exposes a source-hosted preview image; the page is treated as restricted/source-viewer evidence, not reusable image stock.",high,true,Source-hosted display only; no local image copy or ownership claim.,source_viewer_frame,https://media.tepapa.govt.nz/collection/258574/preview,false,https://collections.tepapa.govt.nz/object/1230647,false,,data/capture_batch_gap_noncanonical_image_text_1930_2000_raw/te_papa_object_1230647.json,2026-05-31,expected,ok,source_viewer_frame,"\n This Second World War poster was one of 150,000 posters, window stickers, grille cards and strips produced in 31 different designs and sizes for the Victory Loan campaign of August 1944. The Victory Loan aimed to raise £40 million over a five-week period (28 August to 4 October) to help meet the costs of New Zealand's war expenditure, which was at its highest in the year of 1943-44. \n This poster was considered 'campaign ammunition' and would have been seen in shop and business windows, railway stations, hotel lobbies, post offices, sport gatherings and campaign meetings. The large scale of the Victory Loan required a 'Campaign Handbook' which detailed the importance of posters and how to use them. \n The image in this poster is particularly romantic with its heroic-looking airman gazing up at the machinery of war in the sky.","\n This Second World War poster was one of 150,000 posters, window stickers, grille cards and strips produced in 31 different designs and sizes for the Victory Loan campaign of August 1944. The Victory Loan aimed to raise £40 million over a five-week period (28 August to 4 October) to help meet the costs of New Zealand's war expenditure, which was at its highest in the year of 1943-44. \n This poster was considered 'campaign ammunition' and would have been seen in shop and business windows, railway stations, hotel lobbies, post offices, sport gatherings and campaign meetings. The large scale of the Victory Loan required a 'Campaign Handbook' which detailed the importance of posters and how to use them. \n The image in this poster is particularly romantic with its heroic-looking airman gazing up at the machinery of war in the sky.","Poster, 'Salute the Airman' is indexed from Te Papa Collections Online. \n This Second World War poster was one of 150,000 posters, window stickers, grille cards and strips produced in 31 different designs and sizes for the Victory Loan campaign of August 1944. The Victory Loan aimed to raise £40 million over a five-week period (28 August to 4 October) to help meet the costs of New Zealand's war expenditure, which was at its highest in the year of 1943-44. \n This poster was considered 'campaign ammunition' and would have been seen in shop and business windows, railway stations, hotel lobbies, post offices, sport gatherings and campaign meetings. The large scale of the Victory Loan required ","Te Papa object records extend the index beyond European/North American museum canons by adding Aotearoa/New Zealand public posters, protest graphics, music-publicity print, and community visual communication.","Captured from Te Papa object search using poster/protest/public communication terms; folder placement should privilege region, medium, and movement/theme evidence from title, date, place, and source description.",Rights are source-specific and frequently restricted; display must remain source-hosted with source return.,"Te Papa Collections Online. Poster, 'Salute the Airman'. https://collections.tepapa.govt.nz/object/1230647. Accessed 2026-05-31."
GAPIT2026R017,GAP02,naidoc_indigenous_poster_item_records,SRC136,NAIDOC Poster Gallery,https://www.naidoc.org.au/posters/poster-gallery/naidoc-1974-poster,captured,naidoc-1974,https://www.naidoc.org.au/posters/poster-gallery/naidoc-1974-poster,NAIDOC 1974 Poster,,1974,1974,1974,Australia / Indigenous,poster-object / official poster-gallery item,poster / Indigenous public communication,NAIDOC Poster Gallery,"Poster title: Self-Determination; Image description: Text reads: Land Rights, Aboriginality, Health, Housing, Parliamentary representation, Employment, Mutual Understanding, Implementation of Woodward Report, Identity, Education, Unity of Purpose, N.A.C.C. Industrial Relations, Communication.",Self-Determination,NAIDOC; Aboriginal and Torres Strait Islander poster culture; Indigenous public graphics; annual public communication,NAIDOC exposes source-hosted poster images/download links; the index treats them as source-viewer evidence with Indigenous/community context and no local copy.,,NAIDOC exposes source-hosted poster images/download links; the index treats them as source-viewer evidence with Indigenous/community context and no local copy.,IMG02,NAIDOC exposes source-hosted poster images/download links; the index treats them as source-viewer evidence with Indigenous/community context and no local copy.,IMG02: NAIDOC exposes source-hosted poster images/download links; the index treats them as source-viewer evidence with Indigenous/community context and no local copy.,high,true,Source-hosted display only; no local image copy or ownership claim.,source_viewer_frame,https://www.naidoc.org.au/sites/default/files/images/photo-gallery-items/poster-1974.jpg,false,https://www.naidoc.org.au/posters/poster-gallery/naidoc-1974-poster,false,,data/capture_batch_gap_noncanonical_image_text_1930_2000_raw/naidoc_poster_1974.json,2026-05-31,expected,ok,source_viewer_frame,"Poster title: Self-Determination; Image description: Text reads: Land Rights, Aboriginality, Health, Housing, Parliamentary representation, Employment, Mutual Understanding, Implementation of Woodward Report, Identity, Education, Unity of Purpose, N.A.C.C. Industrial Relations, Communication.","Poster title: Self-Determination; Image description: Text reads: Land Rights, Aboriginality, Health, Housing, Parliamentary representation, Employment, Mutual Understanding, Implementation of Woodward Report, Identity, Education, Unity of Purpose, N.A.C.C. Industrial Relations, Communication.","NAIDOC 1974 Poster | NAIDOC is indexed from the official NAIDOC Poster Gallery. Poster title: Self-Determination; Image description: Text reads: Land Rights, Aboriginality, Health, Housing, Parliamentary representation, Employment, Mutual Understanding, Implementation of Woodward Report, Identity, Education, Unity of Purpose, N.A.C.C. Industrial Relations, Communication.","NAIDOC annual posters document Indigenous public communication, identity, commemoration, and political-cultural visibility. They are treated as source-linked records with cultural and rights caution.","Captured from the official NAIDOC poster gallery as item-level poster records; classify under Australia/Indigenous, poster medium, and Aboriginal land-rights/NAIDOC poster culture where applicable.",Some older item pages provide sparse text; keep source return and avoid treating the image as project-owned.,NAIDOC Poster Gallery. NAIDOC 1974 Poster | NAIDOC. https://www.naidoc.org.au/posters/poster-gallery/naidoc-1974-poster. Accessed 2026-05-31.
GAPIT2026R018,GAP02,naidoc_indigenous_poster_item_records,SRC136,NAIDOC Poster Gallery,https://www.naidoc.org.au/posters/poster-gallery/naidoc-1976-poster,captured,naidoc-1976,https://www.naidoc.org.au/posters/poster-gallery/naidoc-1976-poster,NAIDOC 1976 Poster,,1976,1976,1976,Australia / Indigenous,poster-object / official poster-gallery item,poster / Indigenous public communication,NAIDOC Poster Gallery,"“Oh Trucanini What did your dreamtime spirit feel As it watched them take you after death As a rare museum piece, Oh Trucanini Will the dreamtime spirits of our race One day rise with us As they did with you.” Poem by Oodgeroo Noonuccal (Kath Walker)",Trucanini Last of her People Born 18?? Died 1876. Buried 1976. Received Her Land Rights at Last,NAIDOC; Aboriginal and Torres Strait Islander poster culture; Indigenous public graphics; annual public communication,NAIDOC exposes source-hosted poster images/download links; the index treats them as source-viewer evidence with Indigenous/community context and no local copy.,,NAIDOC exposes source-hosted poster images/download links; the index treats them as source-viewer evidence with Indigenous/community context and no local copy.,IMG02,NAIDOC exposes source-hosted poster images/download links; the index treats them as source-viewer evidence with Indigenous/community context and no local copy.,IMG02: NAIDOC exposes source-hosted poster images/download links; the index treats them as source-viewer evidence with Indigenous/community context and no local copy.,high,true,Source-hosted display only; no local image copy or ownership claim.,source_viewer_frame,https://www.naidoc.org.au/sites/default/files/images/photo-gallery-items/poster-1976.jpg,false,https://www.naidoc.org.au/posters/poster-gallery/naidoc-1976-poster,false,,data/capture_batch_gap_noncanonical_image_text_1930_2000_raw/naidoc_poster_1976.json,2026-05-31,expected,ok,source_viewer_frame,"“Oh Trucanini What did your dreamtime spirit feel As it watched them take you after death As a rare museum piece, Oh Trucanini Will the dreamtime spirits of our race One day rise with us As they did with you.” Poem by Oodgeroo Noonuccal (Kath Walker)","“Oh Trucanini What did your dreamtime spirit feel As it watched them take you after death As a rare museum piece, Oh Trucanini Will the dreamtime spirits of our race One day rise with us As they did with you.” Poem by Oodgeroo Noonuccal (Kath Walker)","NAIDOC 1976 Poster | NAIDOC is indexed from the official NAIDOC Poster Gallery. “Oh Trucanini What did your dreamtime spirit feel As it watched them take you after death As a rare museum piece, Oh Trucanini Will the dreamtime spirits of our race One day rise with us As they did with you.” Poem by Oodgeroo Noonuccal (Kath Walker)","NAIDOC annual posters document Indigenous public communication, identity, commemoration, and political-cultural visibility. They are treated as source-linked records with cultural and rights caution.","Captured from the official NAIDOC poster gallery as item-level poster records; classify under Australia/Indigenous, poster medium, and Aboriginal land-rights/NAIDOC poster culture where applicable.",Some older item pages provide sparse text; keep source return and avoid treating the image as project-owned.,NAIDOC Poster Gallery. NAIDOC 1976 Poster | NAIDOC. https://www.naidoc.org.au/posters/poster-gallery/naidoc-1976-poster. Accessed 2026-05-31.
GAPIT2026R019,GAP02,naidoc_indigenous_poster_item_records,SRC136,NAIDOC Poster Gallery,https://www.naidoc.org.au/posters/poster-gallery/naidoc-1977-poster,captured,naidoc-1977,https://www.naidoc.org.au/posters/poster-gallery/naidoc-1977-poster,NAIDOC 1977 Poster,,1977,1977,1977,Australia / Indigenous,poster-object / official poster-gallery item,poster / Indigenous public communication,NAIDOC Poster Gallery,"Poster produced by the National Aborigines' Day Observance Committee (NADOC) to mark the 10th Anniversary of the 1967 Referendum on National Aborigines Day, 8th July 1977. The poster resembles the Aboriginal Flag. The yellow circle at the centre of the poster featuring an Indigenous man wearing a chain around his neck enclosed by a large white question mark.",Chains or Change,NAIDOC; Aboriginal and Torres Strait Islander poster culture; Indigenous public graphics; annual public communication,NAIDOC exposes source-hosted poster images/download links; the index treats them as source-viewer evidence with Indigenous/community context and no local copy.,,NAIDOC exposes source-hosted poster images/download links; the index treats them as source-viewer evidence with Indigenous/community context and no local copy.,IMG02,NAIDOC exposes source-hosted poster images/download links; the index treats them as source-viewer evidence with Indigenous/community context and no local copy.,IMG02: NAIDOC exposes source-hosted poster images/download links; the index treats them as source-viewer evidence with Indigenous/community context and no local copy.,high,true,Source-hosted display only; no local image copy or ownership claim.,source_viewer_frame,https://www.naidoc.org.au/sites/default/files/images/photo-gallery-items/poster-1977.jpg,false,https://www.naidoc.org.au/posters/poster-gallery/naidoc-1977-poster,false,,data/capture_batch_gap_noncanonical_image_text_1930_2000_raw/naidoc_poster_1977.json,2026-05-31,expected,ok,source_viewer_frame,"Poster produced by the National Aborigines' Day Observance Committee (NADOC) to mark the 10th Anniversary of the 1967 Referendum on National Aborigines Day, 8th July 1977. The poster resembles the Aboriginal Flag. The yellow circle at the centre of the poster featuring an Indigenous man wearing a chain around his neck enclosed by a large white question mark.","Poster produced by the National Aborigines' Day Observance Committee (NADOC) to mark the 10th Anniversary of the 1967 Referendum on National Aborigines Day, 8th July 1977. The poster resembles the Aboriginal Flag. The yellow circle at the centre of the poster featuring an Indigenous man wearing a chain around his neck enclosed by a large white question mark.","NAIDOC 1977 Poster | NAIDOC is indexed from the official NAIDOC Poster Gallery. Poster produced by the National Aborigines' Day Observance Committee (NADOC) to mark the 10th Anniversary of the 1967 Referendum on National Aborigines Day, 8th July 1977. The poster resembles the Aboriginal Flag. The yellow circle at the centre of the poster featuring an Indigenous man wearing a chain around his neck enclosed by a large white question mark.","NAIDOC annual posters document Indigenous public communication, identity, commemoration, and political-cultural visibility. They are treated as source-linked records with cultural and rights caution.","Captured from the official NAIDOC poster gallery as item-level poster records; classify under Australia/Indigenous, poster medium, and Aboriginal land-rights/NAIDOC poster culture where applicable.",Some older item pages provide sparse text; keep source return and avoid treating the image as project-owned.,NAIDOC Poster Gallery. NAIDOC 1977 Poster | NAIDOC. https://www.naidoc.org.au/posters/poster-gallery/naidoc-1977-poster. Accessed 2026-05-31.
GAPIT2026R020,GAP02,naidoc_indigenous_poster_item_records,SRC136,NAIDOC Poster Gallery,https://www.naidoc.org.au/posters/poster-gallery/naidoc-1978-poster,captured,naidoc-1978,https://www.naidoc.org.au/posters/poster-gallery/naidoc-1978-poster,NAIDOC 1978 Poster,,1978,1978,1978,Australia / Indigenous,poster-object / official poster-gallery item,poster / Indigenous public communication,NAIDOC Poster Gallery,"This NADOC [now NAIDOC] poster reflects the decision of the Committee to transition from a day of demonstration to a week- long celebration of the history, culture and achievements of Aboriginal and Torres Strait Islander peoples. The posters title 'Cultural Revival is Survival' represents the decision to introduce ideas of culture and history into what had become predominantly politically based themes for the posters.",Cultural Revival is Survival,NAIDOC; Aboriginal and Torres Strait Islander poster culture; Indigenous public graphics; annual public communication,NAIDOC exposes source-hosted poster images/download links; the index treats them as source-viewer evidence with Indigenous/community context and no local copy.,,NAIDOC exposes source-hosted poster images/download links; the index treats them as source-viewer evidence with Indigenous/community context and no local copy.,IMG02,NAIDOC exposes source-hosted poster images/download links; the index treats them as source-viewer evidence with Indigenous/community context and no local copy.,IMG02: NAIDOC exposes source-hosted poster images/download links; the index treats them as source-viewer evidence with Indigenous/community context and no local copy.,high,true,Source-hosted display only; no local image copy or ownership claim.,source_viewer_frame,https://www.naidoc.org.au/sites/default/files/images/photo-gallery-items/poster-1978.jpg,false,https://www.naidoc.org.au/posters/poster-gallery/naidoc-1978-poster,false,,data/capture_batch_gap_noncanonical_image_text_1930_2000_raw/naidoc_poster_1978.json,2026-05-31,expected,ok,source_viewer_frame,"This NADOC [now NAIDOC] poster reflects the decision of the Committee to transition from a day of demonstration to a week- long celebration of the history, culture and achievements of Aboriginal and Torres Strait Islander peoples. The posters title 'Cultural Revival is Survival' represents the decision to introduce ideas of culture and history into what had become predominantly politically based themes for the posters.","This NADOC [now NAIDOC] poster reflects the decision of the Committee to transition from a day of demonstration to a week- long celebration of the history, culture and achievements of Aboriginal and Torres Strait Islander peoples. The posters title 'Cultural Revival is Survival' represents the decision to introduce ideas of culture and history into what had become predominantly politically based themes for the posters.","NAIDOC 1978 Poster | NAIDOC is indexed from the official NAIDOC Poster Gallery. This NADOC [now NAIDOC] poster reflects the decision of the Committee to transition from a day of demonstration to a week- long celebration of the history, culture and achievements of Aboriginal and Torres Strait Islander peoples. The posters title 'Cultural Revival is Survival' represents the decision to introduce ideas of culture and history into what had become predominantly politically based themes for the posters.","NAIDOC annual posters document Indigenous public communication, identity, commemoration, and political-cultural visibility. They are treated as source-linked records with cultural and rights caution.","Captured from the official NAIDOC poster gallery as item-level poster records; classify under Australia/Indigenous, poster medium, and Aboriginal land-rights/NAIDOC poster culture where applicable.",Some older item pages provide sparse text; keep source return and avoid treating the image as project-owned.,NAIDOC Poster Gallery. NAIDOC 1978 Poster | NAIDOC. https://www.naidoc.org.au/posters/poster-gallery/naidoc-1978-poster. Accessed 2026-05-31.
GAPIT2026R021,GAP02,naidoc_indigenous_poster_item_records,SRC136,NAIDOC Poster Gallery,https://www.naidoc.org.au/posters/poster-gallery/naidoc-1979-poster,captured,naidoc-1979,https://www.naidoc.org.au/posters/poster-gallery/naidoc-1979-poster,NAIDOC 1979 Poster,,1979,1979,1979,Australia / Indigenous,poster-object / official poster-gallery item,poster / Indigenous public communication,NAIDOC Poster Gallery,"Poster title: 1979 International Year of the Child. What About Our Kids!; Image description: Images of a number of Aboriginal children set within the outline of Australia, poses the question in terms of an accusatory exclamation: what about our kids!",1979 International Year of the Child. What About Our Kids!,NAIDOC; Aboriginal and Torres Strait Islander poster culture; Indigenous public graphics; annual public communication,NAIDOC exposes source-hosted poster images/download links; the index treats them as source-viewer evidence with Indigenous/community context and no local copy.,,NAIDOC exposes source-hosted poster images/download links; the index treats them as source-viewer evidence with Indigenous/community context and no local copy.,IMG02,NAIDOC exposes source-hosted poster images/download links; the index treats them as source-viewer evidence with Indigenous/community context and no local copy.,IMG02: NAIDOC exposes source-hosted poster images/download links; the index treats them as source-viewer evidence with Indigenous/community context and no local copy.,high,true,Source-hosted display only; no local image copy or ownership claim.,source_viewer_frame,https://www.naidoc.org.au/sites/default/files/images/photo-gallery-items/poster-1979.jpg,false,https://www.naidoc.org.au/posters/poster-gallery/naidoc-1979-poster,false,,data/capture_batch_gap_noncanonical_image_text_1930_2000_raw/naidoc_poster_1979.json,2026-05-31,expected,ok,source_viewer_frame,"Poster title: 1979 International Year of the Child. What About Our Kids!; Image description: Images of a number of Aboriginal children set within the outline of Australia, poses the question in terms of an accusatory exclamation: what about our kids!","Poster title: 1979 International Year of the Child. What About Our Kids!; Image description: Images of a number of Aboriginal children set within the outline of Australia, poses the question in terms of an accusatory exclamation: what about our kids!","NAIDOC 1979 Poster | NAIDOC is indexed from the official NAIDOC Poster Gallery. Poster title: 1979 International Year of the Child. What About Our Kids!; Image description: Images of a number of Aboriginal children set within the outline of Australia, poses the question in terms of an accusatory exclamation: what about our kids!","NAIDOC annual posters document Indigenous public communication, identity, commemoration, and political-cultural visibility. They are treated as source-linked records with cultural and rights caution.","Captured from the official NAIDOC poster gallery as item-level poster records; classify under Australia/Indigenous, poster medium, and Aboriginal land-rights/NAIDOC poster culture where applicable.",Some older item pages provide sparse text; keep source return and avoid treating the image as project-owned.,NAIDOC Poster Gallery. NAIDOC 1979 Poster | NAIDOC. https://www.naidoc.org.au/posters/poster-gallery/naidoc-1979-poster. Accessed 2026-05-31.
GAPIT2026R022,GAP02,naidoc_indigenous_poster_item_records,SRC136,NAIDOC Poster Gallery,https://www.naidoc.org.au/posters/poster-gallery/naidoc-1980-poster,captured,naidoc-1980,https://www.naidoc.org.au/posters/poster-gallery/naidoc-1980-poster,NAIDOC 1980 Poster,,1980,1980,1980,Australia / Indigenous,poster-object / official poster-gallery item,poster / Indigenous public communication,NAIDOC Poster Gallery,Poster title: Treat Us to a Treaty on Land Rights; Image description: A colour poster issued to promote NAIDOC week in 1980. Features a photograph of a camp site with humpies (or gunyahs) with Uluru (Ayers Rock) in the background.,Treat Us to a Treaty on Land Rights,NAIDOC; Aboriginal and Torres Strait Islander poster culture; Indigenous public graphics; annual public communication,NAIDOC exposes source-hosted poster images/download links; the index treats them as source-viewer evidence with Indigenous/community context and no local copy.,,NAIDOC exposes source-hosted poster images/download links; the index treats them as source-viewer evidence with Indigenous/community context and no local copy.,IMG02,NAIDOC exposes source-hosted poster images/download links; the index treats them as source-viewer evidence with Indigenous/community context and no local copy.,IMG02: NAIDOC exposes source-hosted poster images/download links; the index treats them as source-viewer evidence with Indigenous/community context and no local copy.,high,true,Source-hosted display only; no local image copy or ownership claim.,source_viewer_frame,https://www.naidoc.org.au/sites/default/files/images/photo-gallery-items/poster-1980.jpg,false,https://www.naidoc.org.au/posters/poster-gallery/naidoc-1980-poster,false,,data/capture_batch_gap_noncanonical_image_text_1930_2000_raw/naidoc_poster_1980.json,2026-05-31,expected,ok,source_viewer_frame,Poster title: Treat Us to a Treaty on Land Rights; Image description: A colour poster issued to promote NAIDOC week in 1980. Features a photograph of a camp site with humpies (or gunyahs) with Uluru (Ayers Rock) in the background.,Poster title: Treat Us to a Treaty on Land Rights; Image description: A colour poster issued to promote NAIDOC week in 1980. Features a photograph of a camp site with humpies (or gunyahs) with Uluru (Ayers Rock) in the background.,NAIDOC 1980 Poster | NAIDOC is indexed from the official NAIDOC Poster Gallery. Poster title: Treat Us to a Treaty on Land Rights; Image description: A colour poster issued to promote NAIDOC week in 1980. Features a photograph of a camp site with humpies (or gunyahs) with Uluru (Ayers Rock) in the background.,"NAIDOC annual posters document Indigenous public communication, identity, commemoration, and political-cultural visibility. They are treated as source-linked records with cultural and rights caution.","Captured from the official NAIDOC poster gallery as item-level poster records; classify under Australia/Indigenous, poster medium, and Aboriginal land-rights/NAIDOC poster culture where applicable.",Some older item pages provide sparse text; keep source return and avoid treating the image as project-owned.,NAIDOC Poster Gallery. NAIDOC 1980 Poster | NAIDOC. https://www.naidoc.org.au/posters/poster-gallery/naidoc-1980-poster. Accessed 2026-05-31.
GAPIT2026R023,GAP01,te_papa_aotearoa_poster_and_public_graphics,SRC138,Te Papa Collections Online,https://collections.tepapa.govt.nz/object/1162955,captured,1162955,https://collections.tepapa.govt.nz/object/1162955,"Poster, 'Hiroshima Day March'",,1980,1980,1980,Aotearoa / New Zealand,poster-object / public graphic object,poster / printed public communication,Museum of New Zealand Te Papa Tongarewa,"This poster advertises a march for a Hiroshima Day in the 1980s. At the end of the Second World War, the United States dropped atomic bombs on Hiroshima on 6 August 1945, and Nagasaki on 9 August 1945. Both cities were devastated. At least 70,000 people were killed instantly in the Hiroshima blast and 40,000 instantly in the Nagasaki blast, with tens of thousands more dying or suffering from radiation in years to come. These atomic bombs were the first to be used in war and they kick-started the nuclear-arms race.",Visit,Aotearoa poster culture; protest graphics; public communication; museum object record,"Te Papa exposes a source-hosted preview image; the page is treated as restricted/source-viewer evidence, not reusable image stock.",,"Te Papa exposes a source-hosted preview image; the page is treated as restricted/source-viewer evidence, not reusable image stock.",IMG02,"Te Papa exposes a source-hosted preview image; the page is treated as restricted/source-viewer evidence, not reusable image stock.","IMG02: Te Papa exposes a source-hosted preview image; the page is treated as restricted/source-viewer evidence, not reusable image stock.",high,true,Source-hosted display only; no local image copy or ownership claim.,source_viewer_frame,https://media.tepapa.govt.nz/collection/268434/preview,false,https://collections.tepapa.govt.nz/object/1162955,false,,data/capture_batch_gap_noncanonical_image_text_1930_2000_raw/te_papa_object_1162955.json,2026-05-31,expected,ok,source_viewer_frame,"This poster advertises a march for a Hiroshima Day in the 1980s. At the end of the Second World War, the United States dropped atomic bombs on Hiroshima on 6 August 1945, and Nagasaki on 9 August 1945. Both cities were devastated. At least 70,000 people were killed instantly in the Hiroshima blast and 40,000 instantly in the Nagasaki blast, with tens of thousands more dying or suffering from radiation in years to come. These atomic bombs were the first to be used in war and they kick-started the nuclear-arms race.","This poster advertises a march for a Hiroshima Day in the 1980s. At the end of the Second World War, the United States dropped atomic bombs on Hiroshima on 6 August 1945, and Nagasaki on 9 August 1945. Both cities were devastated. At least 70,000 people were killed instantly in the Hiroshima blast and 40,000 instantly in the Nagasaki blast, with tens of thousands more dying or suffering from radiation in years to come. These atomic bombs were the first to be used in war and they kick-started the nuclear-arms race.","Poster, 'Hiroshima Day March' is indexed from Te Papa Collections Online. This poster advertises a march for a Hiroshima Day in the 1980s. At the end of the Second World War, the United States dropped atomic bombs on Hiroshima on 6 August 1945, and Nagasaki on 9 August 1945. Both cities were devastated. At least 70,000 people were killed instantly in the Hiroshima blast and 40,000 instantly in the Nagasaki blast, with tens of thousands more dying or suffering from radiation in years to come. These atomic bombs were the first to be used in war and they kick-started the nuclear-arms race.","Te Papa object records extend the index beyond European/North American museum canons by adding Aotearoa/New Zealand public posters, protest graphics, music-publicity print, and community visual communication.","Captured from Te Papa object search using poster/protest/public communication terms; folder placement should privilege region, medium, and movement/theme evidence from title, date, place, and source description.",Rights are source-specific and frequently restricted; display must remain source-hosted with source return.,"Te Papa Collections Online. Poster, 'Hiroshima Day March'. https://collections.tepapa.govt.nz/object/1162955. Accessed 2026-05-31."
GAPIT2026R024,GAP01,te_papa_aotearoa_poster_and_public_graphics,SRC138,Te Papa Collections Online,https://collections.tepapa.govt.nz/object/1404758,captured,1404758,https://collections.tepapa.govt.nz/object/1404758,"Poster, 'Stop French N Tests'",,1980,1980,1980,Aotearoa / New Zealand,poster-object / public graphic object,poster / printed public communication,Museum of New Zealand Te Papa Tongarewa,"This poster was made by Greenpeace in protest against French nuclear testing in the Pacific. \n Between 1966 and 1996, France carried out about 190 nuclear tests at Moruroa and Fangataufa atolls in French Polynesia. These caused reef damage, landslides, subsidence, radioactive emissions, and fish poisoning. \n Greenpeace \n Greenpeace was founded in 1971 in response to nuclear weapons testing by the United States. In 1972, Greenpeace held its first protest against French testing at Moruroa.",Visit,Aotearoa poster culture; protest graphics; public communication; museum object record,"Te Papa exposes a source-hosted preview image; the page is treated as restricted/source-viewer evidence, not reusable image stock.",,"Te Papa exposes a source-hosted preview image; the page is treated as restricted/source-viewer evidence, not reusable image stock.",IMG02,"Te Papa exposes a source-hosted preview image; the page is treated as restricted/source-viewer evidence, not reusable image stock.","IMG02: Te Papa exposes a source-hosted preview image; the page is treated as restricted/source-viewer evidence, not reusable image stock.",high,true,Source-hosted display only; no local image copy or ownership claim.,source_viewer_frame,https://media.tepapa.govt.nz/collection/375195/preview,false,https://collections.tepapa.govt.nz/object/1404758,false,,data/capture_batch_gap_noncanonical_image_text_1930_2000_raw/te_papa_object_1404758.json,2026-05-31,expected,ok,source_viewer_frame,"This poster was made by Greenpeace in protest against French nuclear testing in the Pacific. \n Between 1966 and 1996, France carried out about 190 nuclear tests at Moruroa and Fangataufa atolls in French Polynesia. These caused reef damage, landslides, subsidence, radioactive emissions, and fish poisoning. \n Greenpeace \n Greenpeace was founded in 1971 in response to nuclear weapons testing by the United States. In 1972, Greenpeace held its first protest against French testing at Moruroa.","This poster was made by Greenpeace in protest against French nuclear testing in the Pacific. \n Between 1966 and 1996, France carried out about 190 nuclear tests at Moruroa and Fangataufa atolls in French Polynesia. These caused reef damage, landslides, subsidence, radioactive emissions, and fish poisoning. \n Greenpeace \n Greenpeace was founded in 1971 in response to nuclear weapons testing by the United States. In 1972, Greenpeace held its first protest against French testing at Moruroa.","Poster, 'Stop French N Tests' is indexed from Te Papa Collections Online. This poster was made by Greenpeace in protest against French nuclear testing in the Pacific. \n Between 1966 and 1996, France carried out about 190 nuclear tests at Moruroa and Fangataufa atolls in French Polynesia. These caused reef damage, landslides, subsidence, radioactive emissions, and fish poisoning. \n Greenpeace \n Greenpeace was founded in 1971 in response to nuclear weapons testing by the United States. In 1972, Greenpeace held its first protest against French testing at Moruroa.","Te Papa object records extend the index beyond European/North American museum canons by adding Aotearoa/New Zealand public posters, protest graphics, music-publicity print, and community visual communication.","Captured from Te Papa object search using poster/protest/public communication terms; folder placement should privilege region, medium, and movement/theme evidence from title, date, place, and source description.",Rights are source-specific and frequently restricted; display must remain source-hosted with source return.,"Te Papa Collections Online. Poster, 'Stop French N Tests'. https://collections.tepapa.govt.nz/object/1404758. Accessed 2026-05-31."
GAPIT2026R025,GAP01,te_papa_aotearoa_poster_and_public_graphics,SRC138,Te Papa Collections Online,https://collections.tepapa.govt.nz/object/2138747,captured,2138747,https://collections.tepapa.govt.nz/object/2138747,Trident missile poster,,1980,1980,1980,Aotearoa / New Zealand,poster-object / public graphic object,poster / printed public communication,Museum of New Zealand Te Papa Tongarewa,"This poster by David Blair visualises the catastrophic risks to peace posed by the nuclear-armed Trident missile. In his image, a dove of peace is fatally pierced as a missile launches towards the sky. The Trident is a submarine-launched ballistic missile. The first Trident was launched by the United States Navy in 1977, and adopted by Britain in the 1990s. Both programmes were met with sustained protests by the anti-nuclear movement. Blair was part of Auckland Artists Action which began as Artists Against Apartheid during the Springbok rugby tour in 1981. The 'AAA' logo bottom right of the poster, was designed by Stanley Palmer during the tour.",Visit,Aotearoa poster culture; protest graphics; public communication; museum object record,"Te Papa exposes a source-hosted preview image; the page is treated as restricted/source-viewer evidence, not reusable image stock.",,"Te Papa exposes a source-hosted preview image; the page is treated as restricted/source-viewer evidence, not reusable image stock.",IMG02,"Te Papa exposes a source-hosted preview image; the page is treated as restricted/source-viewer evidence, not reusable image stock.","IMG02: Te Papa exposes a source-hosted preview image; the page is treated as restricted/source-viewer evidence, not reusable image stock.",high,true,Source-hosted display only; no local image copy or ownership claim.,source_viewer_frame,https://media.tepapa.govt.nz/collection/830412/preview,false,https://collections.tepapa.govt.nz/object/2138747,false,,data/capture_batch_gap_noncanonical_image_text_1930_2000_raw/te_papa_object_2138747.json,2026-05-31,expected,ok,source_viewer_frame,"This poster by David Blair visualises the catastrophic risks to peace posed by the nuclear-armed Trident missile. In his image, a dove of peace is fatally pierced as a missile launches towards the sky. The Trident is a submarine-launched ballistic missile. The first Trident was launched by the United States Navy in 1977, and adopted by Britain in the 1990s. Both programmes were met with sustained protests by the anti-nuclear movement. Blair was part of Auckland Artists Action which began as Artists Against Apartheid during the Springbok rugby tour in 1981. The 'AAA' logo bottom right of the poster, was designed by Stanley Palmer during the tour.","This poster by David Blair visualises the catastrophic risks to peace posed by the nuclear-armed Trident missile. In his image, a dove of peace is fatally pierced as a missile launches towards the sky. The Trident is a submarine-launched ballistic missile. The first Trident was launched by the United States Navy in 1977, and adopted by Britain in the 1990s. Both programmes were met with sustained protests by the anti-nuclear movement. Blair was part of Auckland Artists Action which began as Artists Against Apartheid during the Springbok rugby tour in 1981. The 'AAA' logo bottom right of the poster, was designed by Stanley Palmer during the tour.","Trident missile poster is indexed from Te Papa Collections Online. This poster by David Blair visualises the catastrophic risks to peace posed by the nuclear-armed Trident missile. In his image, a dove of peace is fatally pierced as a missile launches towards the sky. The Trident is a submarine-launched ballistic missile. The first Trident was launched by the United States Navy in 1977, and adopted by Britain in the 1990s. Both programmes were met with sustained protests by the anti-nuclear movement. Blair was part of Auckland Artists Action which began as Artists Against Apartheid during the Springbok rugby tour in 1981. The 'AAA' logo bottom right of the poster, was designed by Stanley Pal","Te Papa object records extend the index beyond European/North American museum canons by adding Aotearoa/New Zealand public posters, protest graphics, music-publicity print, and community visual communication.","Captured from Te Papa object search using poster/protest/public communication terms; folder placement should privilege region, medium, and movement/theme evidence from title, date, place, and source description.",Rights are source-specific and frequently restricted; display must remain source-hosted with source return.,Te Papa Collections Online. Trident missile poster. https://collections.tepapa.govt.nz/object/2138747. Accessed 2026-05-31.
GAPIT2026R026,GAP02,naidoc_indigenous_poster_item_records,SRC136,NAIDOC Poster Gallery,https://www.naidoc.org.au/posters/poster-gallery/naidoc-1981-poster,captured,naidoc-1981,https://www.naidoc.org.au/posters/poster-gallery/naidoc-1981-poster,NAIDOC 1981 Poster,,1981,1981,1981,Australia / Indigenous,poster-object / official poster-gallery item,poster / Indigenous public communication,NAIDOC Poster Gallery,"Poster title: Sacred Sites Aboriginal Rights-Other Australians Have Their Rites; Image description: A colour poster featuring a photograph of a rocky landscape with a creek and three pelicans in the background. On lower right corner: ""Sacred sites, Aboriginal rights, other Australians have their rites"".",Sacred Sites Aboriginal Rights-Other Australians Have Their Rites,NAIDOC; Aboriginal and Torres Strait Islander poster culture; Indigenous public graphics; annual public communication,NAIDOC exposes source-hosted poster images/download links; the index treats them as source-viewer evidence with Indigenous/community context and no local copy.,,NAIDOC exposes source-hosted poster images/download links; the index treats them as source-viewer evidence with Indigenous/community context and no local copy.,IMG02,NAIDOC exposes source-hosted poster images/download links; the index treats them as source-viewer evidence with Indigenous/community context and no local copy.,IMG02: NAIDOC exposes source-hosted poster images/download links; the index treats them as source-viewer evidence with Indigenous/community context and no local copy.,high,true,Source-hosted display only; no local image copy or ownership claim.,source_viewer_frame,https://www.naidoc.org.au/sites/default/files/images/photo-gallery-items/poster-1981.jpg,false,https://www.naidoc.org.au/posters/poster-gallery/naidoc-1981-poster,false,,data/capture_batch_gap_noncanonical_image_text_1930_2000_raw/naidoc_poster_1981.json,2026-05-31,expected,ok,source_viewer_frame,"Poster title: Sacred Sites Aboriginal Rights-Other Australians Have Their Rites; Image description: A colour poster featuring a photograph of a rocky landscape with a creek and three pelicans in the background. On lower right corner: ""Sacred sites, Aboriginal rights, other Australians have their rites"".","Poster title: Sacred Sites Aboriginal Rights-Other Australians Have Their Rites; Image description: A colour poster featuring a photograph of a rocky landscape with a creek and three pelicans in the background. On lower right corner: ""Sacred sites, Aboriginal rights, other Australians have their rites"".","NAIDOC 1981 Poster | NAIDOC is indexed from the official NAIDOC Poster Gallery. Poster title: Sacred Sites Aboriginal Rights-Other Australians Have Their Rites; Image description: A colour poster featuring a photograph of a rocky landscape with a creek and three pelicans in the background. On lower right corner: ""Sacred sites, Aboriginal rights, other Australians have their rites"".","NAIDOC annual posters document Indigenous public communication, identity, commemoration, and political-cultural visibility. They are treated as source-linked records with cultural and rights caution.","Captured from the official NAIDOC poster gallery as item-level poster records; classify under Australia/Indigenous, poster medium, and Aboriginal land-rights/NAIDOC poster culture where applicable.",Some older item pages provide sparse text; keep source return and avoid treating the image as project-owned.,NAIDOC Poster Gallery. NAIDOC 1981 Poster | NAIDOC. https://www.naidoc.org.au/posters/poster-gallery/naidoc-1981-poster. Accessed 2026-05-31.
GAPIT2026R027,GAP01,te_papa_aotearoa_poster_and_public_graphics,SRC138,Te Papa Collections Online,https://collections.tepapa.govt.nz/object/1355623,captured,1355623,https://collections.tepapa.govt.nz/object/1355623,"Poster, 'The World According to Ronald Reagan'",,1981,1981,1981,Aotearoa / New Zealand,poster-object / public graphic object,poster / printed public communication,Museum of New Zealand Te Papa Tongarewa,"\n This poster presents an ironic map of the world according to United States President Ronald Reagan (1981-89). Nothing is geographically correct, but possibly how many believed it to be in the 1980s. The world is divided between Republicans ('and other real Americans'); those who are useful politically or economically (eg 'Our Oil'); and everyone else (eg 'Democrats and Welfare Bums'). \n Many nations do not count in this world view. New Zealand is simply attached to Australia with both being dismissed as 'Kangaroos'. \n During Ronald Reagan's first term, the Cold War was the most pressing foreign policy issue. He embarked on a massive build-up of weapons and troops. In 1983, he announced the Strategic Defense Initiative, a plan aiming to develop space-based weapons to protect America from attacks by Soviet nuclear missiles.",Visit,Aotearoa poster culture; protest graphics; public communication; museum object record,"Te Papa exposes a source-hosted preview image; the page is treated as restricted/source-viewer evidence, not reusable image stock.",,"Te Papa exposes a source-hosted preview image; the page is treated as restricted/source-viewer evidence, not reusable image stock.",IMG02,"Te Papa exposes a source-hosted preview image; the page is treated as restricted/source-viewer evidence, not reusable image stock.","IMG02: Te Papa exposes a source-hosted preview image; the page is treated as restricted/source-viewer evidence, not reusable image stock.",high,true,Source-hosted display only; no local image copy or ownership claim.,source_viewer_frame,https://media.tepapa.govt.nz/collection/375147/preview,false,https://collections.tepapa.govt.nz/object/1355623,false,,data/capture_batch_gap_noncanonical_image_text_1930_2000_raw/te_papa_object_1355623.json,2026-05-31,expected,ok,source_viewer_frame,"\n This poster presents an ironic map of the world according to United States President Ronald Reagan (1981-89). Nothing is geographically correct, but possibly how many believed it to be in the 1980s. The world is divided between Republicans ('and other real Americans'); those who are useful politically or economically (eg 'Our Oil'); and everyone else (eg 'Democrats and Welfare Bums'). \n Many nations do not count in this world view. New Zealand is simply attached to Australia with both being dismissed as 'Kangaroos'. \n During Ronald Reagan's first term, the Cold War was the most pressing foreign policy issue. He embarked on a massive build-up of weapons and troops. In 1983, he announced the Strategic Defense Initiative, a plan aiming to develop space-based weapons to protect America from attacks by Soviet nuclear missiles.","\n This poster presents an ironic map of the world according to United States President Ronald Reagan (1981-89). Nothing is geographically correct, but possibly how many believed it to be in the 1980s. The world is divided between Republicans ('and other real Americans'); those who are useful politically or economically (eg 'Our Oil'); and everyone else (eg 'Democrats and Welfare Bums'). \n Many nations do not count in this world view. New Zealand is simply attached to Australia with both being dismissed as 'Kangaroos'. \n During Ronald Reagan's first term, the Cold War was the most pressing foreign policy issue. He embarked on a massive build-up of weapons and troops. In 1983, he announced the Strategic Defense Initiative, a plan aiming to develop space-based weapons to protect America from attacks by Soviet nuclear missiles.","Poster, 'The World According to Ronald Reagan' is indexed from Te Papa Collections Online. \n This poster presents an ironic map of the world according to United States President Ronald Reagan (1981-89). Nothing is geographically correct, but possibly how many believed it to be in the 1980s. The world is divided between Republicans ('and other real Americans'); those who are useful politically or economically (eg 'Our Oil'); and everyone else (eg 'Democrats and Welfare Bums'). \n Many nations do not count in this world view. New Zealand is simply attached to Australia with both being dismissed as 'Kangaroos'. \n During Ronald Reagan's first term, the Cold War was the most pressing foreign po","Te Papa object records extend the index beyond European/North American museum canons by adding Aotearoa/New Zealand public posters, protest graphics, music-publicity print, and community visual communication.","Captured from Te Papa object search using poster/protest/public communication terms; folder placement should privilege region, medium, and movement/theme evidence from title, date, place, and source description.",Rights are source-specific and frequently restricted; display must remain source-hosted with source return.,"Te Papa Collections Online. Poster, 'The World According to Ronald Reagan'. https://collections.tepapa.govt.nz/object/1355623. Accessed 2026-05-31."
GAPIT2026R028,GAP02,naidoc_indigenous_poster_item_records,SRC136,NAIDOC Poster Gallery,https://www.naidoc.org.au/posters/poster-gallery/naidoc-1982-poster,captured,naidoc-1982,https://www.naidoc.org.au/posters/poster-gallery/naidoc-1982-poster,NAIDOC 1982 Poster,,1982,1982,1982,Australia / Indigenous,poster-object / official poster-gallery item,poster / Indigenous public communication,NAIDOC Poster Gallery,Poster promoting NADOC Week 1982. The theme 'Race for Life For A Race' was selected to compliment the national focus on the Commonwealth Games in Brisbane.,Race For Life For a Race,NAIDOC; Aboriginal and Torres Strait Islander poster culture; Indigenous public graphics; annual public communication,NAIDOC exposes source-hosted poster images/download links; the index treats them as source-viewer evidence with Indigenous/community context and no local copy.,,NAIDOC exposes source-hosted poster images/download links; the index treats them as source-viewer evidence with Indigenous/community context and no local copy.,IMG02,NAIDOC exposes source-hosted poster images/download links; the index treats them as source-viewer evidence with Indigenous/community context and no local copy.,IMG02: NAIDOC exposes source-hosted poster images/download links; the index treats them as source-viewer evidence with Indigenous/community context and no local copy.,high,true,Source-hosted display only; no local image copy or ownership claim.,source_viewer_frame,https://www.naidoc.org.au/sites/default/files/images/photo-gallery-items/poster-1982.jpg,false,https://www.naidoc.org.au/posters/poster-gallery/naidoc-1982-poster,false,,data/capture_batch_gap_noncanonical_image_text_1930_2000_raw/naidoc_poster_1982.json,2026-05-31,expected,ok,source_viewer_frame,Poster promoting NADOC Week 1982. The theme 'Race for Life For A Race' was selected to compliment the national focus on the Commonwealth Games in Brisbane.,Poster promoting NADOC Week 1982. The theme 'Race for Life For A Race' was selected to compliment the national focus on the Commonwealth Games in Brisbane.,NAIDOC 1982 Poster | NAIDOC is indexed from the official NAIDOC Poster Gallery. Poster promoting NADOC Week 1982. The theme 'Race for Life For A Race' was selected to compliment the national focus on the Commonwealth Games in Brisbane.,"NAIDOC annual posters document Indigenous public communication, identity, commemoration, and political-cultural visibility. They are treated as source-linked records with cultural and rights caution.","Captured from the official NAIDOC poster gallery as item-level poster records; classify under Australia/Indigenous, poster medium, and Aboriginal land-rights/NAIDOC poster culture where applicable.",Some older item pages provide sparse text; keep source return and avoid treating the image as project-owned.,NAIDOC Poster Gallery. NAIDOC 1982 Poster | NAIDOC. https://www.naidoc.org.au/posters/poster-gallery/naidoc-1982-poster. Accessed 2026-05-31.
GAPIT2026R029,GAP02,naidoc_indigenous_poster_item_records,SRC136,NAIDOC Poster Gallery,https://www.naidoc.org.au/posters/poster-gallery/naidoc-1983-poster,captured,naidoc-1983,https://www.naidoc.org.au/posters/poster-gallery/naidoc-1983-poster,NAIDOC 1983 Poster,,1983,1983,1983,Australia / Indigenous,poster-object / official poster-gallery item,poster / Indigenous public communication,NAIDOC Poster Gallery,Poster promoting NAIDOC Week 1983. The theme 'Let's Talk - We Have Something to Say' was selected to complement the United Nations Year of World Communications. Features a colour photograph of a woman using the Aboriginal method of telling traditional stories to young people with string.,Let's Talk - We Have Something To Say,NAIDOC; Aboriginal and Torres Strait Islander poster culture; Indigenous public graphics; annual public communication,NAIDOC exposes source-hosted poster images/download links; the index treats them as source-viewer evidence with Indigenous/community context and no local copy.,,NAIDOC exposes source-hosted poster images/download links; the index treats them as source-viewer evidence with Indigenous/community context and no local copy.,IMG02,NAIDOC exposes source-hosted poster images/download links; the index treats them as source-viewer evidence with Indigenous/community context and no local copy.,IMG02: NAIDOC exposes source-hosted poster images/download links; the index treats them as source-viewer evidence with Indigenous/community context and no local copy.,high,true,Source-hosted display only; no local image copy or ownership claim.,source_viewer_frame,https://www.naidoc.org.au/sites/default/files/images/photo-gallery-items/poster-1983.jpg,false,https://www.naidoc.org.au/posters/poster-gallery/naidoc-1983-poster,false,,data/capture_batch_gap_noncanonical_image_text_1930_2000_raw/naidoc_poster_1983.json,2026-05-31,expected,ok,source_viewer_frame,Poster promoting NAIDOC Week 1983. The theme 'Let's Talk - We Have Something to Say' was selected to complement the United Nations Year of World Communications. Features a colour photograph of a woman using the Aboriginal method of telling traditional stories to young people with string.,Poster promoting NAIDOC Week 1983. The theme 'Let's Talk - We Have Something to Say' was selected to complement the United Nations Year of World Communications. Features a colour photograph of a woman using the Aboriginal method of telling traditional stories to young people with string.,NAIDOC 1983 Poster | NAIDOC is indexed from the official NAIDOC Poster Gallery. Poster promoting NAIDOC Week 1983. The theme 'Let's Talk - We Have Something to Say' was selected to complement the United Nations Year of World Communications. Features a colour photograph of a woman using the Aboriginal method of telling traditional stories to young people with string.,"NAIDOC annual posters document Indigenous public communication, identity, commemoration, and political-cultural visibility. They are treated as source-linked records with cultural and rights caution.","Captured from the official NAIDOC poster gallery as item-level poster records; classify under Australia/Indigenous, poster medium, and Aboriginal land-rights/NAIDOC poster culture where applicable.",Some older item pages provide sparse text; keep source return and avoid treating the image as project-owned.,NAIDOC Poster Gallery. NAIDOC 1983 Poster | NAIDOC. https://www.naidoc.org.au/posters/poster-gallery/naidoc-1983-poster. Accessed 2026-05-31.
GAPIT2026R030,GAP01,te_papa_aotearoa_poster_and_public_graphics,SRC138,Te Papa Collections Online,https://collections.tepapa.govt.nz/object/1438082,captured,1438082,https://collections.tepapa.govt.nz/object/1438082,'International Women's Day for Nuclear Disarmament' poster,,1983,1983,1983,Aotearoa / New Zealand,poster-object / public graphic object,poster / printed public communication,Museum of New Zealand Te Papa Tongarewa,"\n This poster was produced for a demonstration in Wellington on 24 May 1983 when a large group of women roped themselves around the perimeter of the Department of Defence headquarters building in Stout Street, Wellington. Their protest was peaceful and was part of the International Women’s Day for Nuclear Disarmament (which had originated in Europe). \n Impact of protest \n According to a Defence staff member who was in the building at the time, this was an emotional moment. The men in the office were 'full of bravado' but when the women linked hands, they fell silent.",Visit,Aotearoa poster culture; protest graphics; public communication; museum object record,"Te Papa exposes a source-hosted preview image; the page is treated as restricted/source-viewer evidence, not reusable image stock.",,"Te Papa exposes a source-hosted preview image; the page is treated as restricted/source-viewer evidence, not reusable image stock.",IMG02,"Te Papa exposes a source-hosted preview image; the page is treated as restricted/source-viewer evidence, not reusable image stock.","IMG02: Te Papa exposes a source-hosted preview image; the page is treated as restricted/source-viewer evidence, not reusable image stock.",high,true,Source-hosted display only; no local image copy or ownership claim.,source_viewer_frame,https://media.tepapa.govt.nz/collection/380460/preview,false,https://collections.tepapa.govt.nz/object/1438082,false,,data/capture_batch_gap_noncanonical_image_text_1930_2000_raw/te_papa_object_1438082.json,2026-05-31,expected,ok,source_viewer_frame,"\n This poster was produced for a demonstration in Wellington on 24 May 1983 when a large group of women roped themselves around the perimeter of the Department of Defence headquarters building in Stout Street, Wellington. Their protest was peaceful and was part of the International Women’s Day for Nuclear Disarmament (which had originated in Europe). \n Impact of protest \n According to a Defence staff member who was in the building at the time, this was an emotional moment. The men in the office were 'full of bravado' but when the women linked hands, they fell silent.","\n This poster was produced for a demonstration in Wellington on 24 May 1983 when a large group of women roped themselves around the perimeter of the Department of Defence headquarters building in Stout Street, Wellington. Their protest was peaceful and was part of the International Women’s Day for Nuclear Disarmament (which had originated in Europe). \n Impact of protest \n According to a Defence staff member who was in the building at the time, this was an emotional moment. The men in the office were 'full of bravado' but when the women linked hands, they fell silent.","'International Women's Day for Nuclear Disarmament' poster is indexed from Te Papa Collections Online. \n This poster was produced for a demonstration in Wellington on 24 May 1983 when a large group of women roped themselves around the perimeter of the Department of Defence headquarters building in Stout Street, Wellington. Their protest was peaceful and was part of the International Women’s Day for Nuclear Disarmament (which had originated in Europe). \n Impact of protest \n According to a Defence staff member who was in the building at the time, this was an emotional moment. The men in the office were 'full of bravado' but when the women linked hands, they fell silent.","Te Papa object records extend the index beyond European/North American museum canons by adding Aotearoa/New Zealand public posters, protest graphics, music-publicity print, and community visual communication.","Captured from Te Papa object search using poster/protest/public communication terms; folder placement should privilege region, medium, and movement/theme evidence from title, date, place, and source description.",Rights are source-specific and frequently restricted; display must remain source-hosted with source return.,Te Papa Collections Online. 'International Women's Day for Nuclear Disarmament' poster. https://collections.tepapa.govt.nz/object/1438082. Accessed 2026-05-31.
GAPIT2026R031,GAP01,te_papa_aotearoa_poster_and_public_graphics,SRC138,Te Papa Collections Online,https://collections.tepapa.govt.nz/object/1355595,captured,1355595,https://collections.tepapa.govt.nz/object/1355595,"Poster, 'Nuclear Free Independent Pacific'",,1983,1983,1983,Aotearoa / New Zealand,poster-object / public graphic object,poster / printed public communication,Museum of New Zealand Te Papa Tongarewa,"\n This poster was created by the New Zealand Campaign for Nuclear Disarmament as part of the Nuclear Free and Independent Pacific movement. \n The dove holding an olive branch is the international symbol of peace. In this image, it descends from the Pacific Ocean as a seamless whole.",Visit,Aotearoa poster culture; protest graphics; public communication; museum object record,"Te Papa exposes a source-hosted preview image; the page is treated as restricted/source-viewer evidence, not reusable image stock.",,"Te Papa exposes a source-hosted preview image; the page is treated as restricted/source-viewer evidence, not reusable image stock.",IMG02,"Te Papa exposes a source-hosted preview image; the page is treated as restricted/source-viewer evidence, not reusable image stock.","IMG02: Te Papa exposes a source-hosted preview image; the page is treated as restricted/source-viewer evidence, not reusable image stock.",high,true,Source-hosted display only; no local image copy or ownership claim.,source_viewer_frame,https://media.tepapa.govt.nz/collection/375146/preview,false,https://collections.tepapa.govt.nz/object/1355595,false,,data/capture_batch_gap_noncanonical_image_text_1930_2000_raw/te_papa_object_1355595.json,2026-05-31,expected,ok,source_viewer_frame,"\n This poster was created by the New Zealand Campaign for Nuclear Disarmament as part of the Nuclear Free and Independent Pacific movement. \n The dove holding an olive branch is the international symbol of peace. In this image, it descends from the Pacific Ocean as a seamless whole.","\n This poster was created by the New Zealand Campaign for Nuclear Disarmament as part of the Nuclear Free and Independent Pacific movement. \n The dove holding an olive branch is the international symbol of peace. In this image, it descends from the Pacific Ocean as a seamless whole.","Poster, 'Nuclear Free Independent Pacific' is indexed from Te Papa Collections Online. \n This poster was created by the New Zealand Campaign for Nuclear Disarmament as part of the Nuclear Free and Independent Pacific movement. \n The dove holding an olive branch is the international symbol of peace. In this image, it descends from the Pacific Ocean as a seamless whole.","Te Papa object records extend the index beyond European/North American museum canons by adding Aotearoa/New Zealand public posters, protest graphics, music-publicity print, and community visual communication.","Captured from Te Papa object search using poster/protest/public communication terms; folder placement should privilege region, medium, and movement/theme evidence from title, date, place, and source description.",Rights are source-specific and frequently restricted; display must remain source-hosted with source return.,"Te Papa Collections Online. Poster, 'Nuclear Free Independent Pacific'. https://collections.tepapa.govt.nz/object/1355595. Accessed 2026-05-31."
GAPIT2026R032,GAP01,te_papa_aotearoa_poster_and_public_graphics,SRC138,Te Papa Collections Online,https://collections.tepapa.govt.nz/object/1163301,captured,1163301,https://collections.tepapa.govt.nz/object/1163301,"Poster, 'Protest and Survive'",,1983,1983,1983,Aotearoa / New Zealand,poster-object / public graphic object,poster / printed public communication,Museum of New Zealand Te Papa Tongarewa,"\n This poster protested against the visit of the USS Texas to Wellington on 10 August 1983. Over 10,000 people marched in a lunch-time protest during the ship's visit, including School Children Against the Texas (SCAT). Posters and slogans were plastered up throughout the city. \n The poster was created by the Coalition Against Nuclear Warships (CANWAR, founded in 1976) which was a coalition of peace groups opposed to nuclear-armed or powered ships visiting New Zealand ports. For example, Wellington received five such visits between 1976 and 1984: USS Truxton in August 1976, September 1980 and May 1982; the USS Texas in August 1983; and the HMS Invincible in August 1984. As in other ports, each visit was met with protests in the city and on the harbour, with the Peace Squadron confronting the vessels.",Visit,Aotearoa poster culture; protest graphics; public communication; museum object record,"Te Papa exposes a source-hosted preview image; the page is treated as restricted/source-viewer evidence, not reusable image stock.",,"Te Papa exposes a source-hosted preview image; the page is treated as restricted/source-viewer evidence, not reusable image stock.",IMG02,"Te Papa exposes a source-hosted preview image; the page is treated as restricted/source-viewer evidence, not reusable image stock.","IMG02: Te Papa exposes a source-hosted preview image; the page is treated as restricted/source-viewer evidence, not reusable image stock.",high,true,Source-hosted display only; no local image copy or ownership claim.,source_viewer_frame,https://media.tepapa.govt.nz/collection/268441/preview,false,https://collections.tepapa.govt.nz/object/1163301,false,,data/capture_batch_gap_noncanonical_image_text_1930_2000_raw/te_papa_object_1163301.json,2026-05-31,expected,ok,source_viewer_frame,"\n This poster protested against the visit of the USS Texas to Wellington on 10 August 1983. Over 10,000 people marched in a lunch-time protest during the ship's visit, including School Children Against the Texas (SCAT). Posters and slogans were plastered up throughout the city. \n The poster was created by the Coalition Against Nuclear Warships (CANWAR, founded in 1976) which was a coalition of peace groups opposed to nuclear-armed or powered ships visiting New Zealand ports. For example, Wellington received five such visits between 1976 and 1984: USS Truxton in August 1976, September 1980 and May 1982; the USS Texas in August 1983; and the HMS Invincible in August 1984. As in other ports, each visit was met with protests in the city and on the harbour, with the Peace Squadron confronting the vessels.","\n This poster protested against the visit of the USS Texas to Wellington on 10 August 1983. Over 10,000 people marched in a lunch-time protest during the ship's visit, including School Children Against the Texas (SCAT). Posters and slogans were plastered up throughout the city. \n The poster was created by the Coalition Against Nuclear Warships (CANWAR, founded in 1976) which was a coalition of peace groups opposed to nuclear-armed or powered ships visiting New Zealand ports. For example, Wellington received five such visits between 1976 and 1984: USS Truxton in August 1976, September 1980 and May 1982; the USS Texas in August 1983; and the HMS Invincible in August 1984. As in other ports, each visit was met with protests in the city and on the harbour, with the Peace Squadron confronting the vessels.","Poster, 'Protest and Survive' is indexed from Te Papa Collections Online. \n This poster protested against the visit of the USS Texas to Wellington on 10 August 1983. Over 10,000 people marched in a lunch-time protest during the ship's visit, including School Children Against the Texas (SCAT). Posters and slogans were plastered up throughout the city. \n The poster was created by the Coalition Against Nuclear Warships (CANWAR, founded in 1976) which was a coalition of peace groups opposed to nuclear-armed or powered ships visiting New Zealand ports. For example, Wellington received five such visits between 1976 and 1984: USS Truxton in August 1976, September 1980 and May 1982; the USS Texas ","Te Papa object records extend the index beyond European/North American museum canons by adding Aotearoa/New Zealand public posters, protest graphics, music-publicity print, and community visual communication.","Captured from Te Papa object search using poster/protest/public communication terms; folder placement should privilege region, medium, and movement/theme evidence from title, date, place, and source description.",Rights are source-specific and frequently restricted; display must remain source-hosted with source return.,"Te Papa Collections Online. Poster, 'Protest and Survive'. https://collections.tepapa.govt.nz/object/1163301. Accessed 2026-05-31."
GAPIT2026R033,GAP02,naidoc_indigenous_poster_item_records,SRC136,NAIDOC Poster Gallery,https://www.naidoc.org.au/posters/poster-gallery/naidoc-1984-poster,captured,naidoc-1984,https://www.naidoc.org.au/posters/poster-gallery/naidoc-1984-poster,NAIDOC 1984 Poster,Kaapa Mbijana,1984,1984,1984,Australia / Indigenous,poster-object / official poster-gallery item,poster / Indigenous public communication,NAIDOC Poster Gallery,Poster title: Take a Journey of Discovery – To the Land My Mother; Artist: Kaapa Mbijana; Image description: Anmatjira style art. Shown with links to the land in symbolic style.,Take a Journey of Discovery – To the Land My Mother,NAIDOC; Aboriginal and Torres Strait Islander poster culture; Indigenous public graphics; annual public communication,NAIDOC exposes source-hosted poster images/download links; the index treats them as source-viewer evidence with Indigenous/community context and no local copy.,,NAIDOC exposes source-hosted poster images/download links; the index treats them as source-viewer evidence with Indigenous/community context and no local copy.,IMG02,NAIDOC exposes source-hosted poster images/download links; the index treats them as source-viewer evidence with Indigenous/community context and no local copy.,IMG02: NAIDOC exposes source-hosted poster images/download links; the index treats them as source-viewer evidence with Indigenous/community context and no local copy.,high,true,Source-hosted display only; no local image copy or ownership claim.,source_viewer_frame,https://www.naidoc.org.au/sites/default/files/images/photo-gallery-items/poster-1984.jpg,false,https://www.naidoc.org.au/posters/poster-gallery/naidoc-1984-poster,false,,data/capture_batch_gap_noncanonical_image_text_1930_2000_raw/naidoc_poster_1984.json,2026-05-31,expected,ok,source_viewer_frame,Poster title: Take a Journey of Discovery – To the Land My Mother; Artist: Kaapa Mbijana; Image description: Anmatjira style art. Shown with links to the land in symbolic style.,Poster title: Take a Journey of Discovery – To the Land My Mother; Artist: Kaapa Mbijana; Image description: Anmatjira style art. Shown with links to the land in symbolic style.,NAIDOC 1984 Poster | NAIDOC is indexed from the official NAIDOC Poster Gallery. Poster title: Take a Journey of Discovery – To the Land My Mother; Artist: Kaapa Mbijana; Image description: Anmatjira style art. Shown with links to the land in symbolic style.,"NAIDOC annual posters document Indigenous public communication, identity, commemoration, and political-cultural visibility. They are treated as source-linked records with cultural and rights caution.","Captured from the official NAIDOC poster gallery as item-level poster records; classify under Australia/Indigenous, poster medium, and Aboriginal land-rights/NAIDOC poster culture where applicable.",Some older item pages provide sparse text; keep source return and avoid treating the image as project-owned.,NAIDOC Poster Gallery. NAIDOC 1984 Poster | NAIDOC. https://www.naidoc.org.au/posters/poster-gallery/naidoc-1984-poster. Accessed 2026-05-31.
GAPIT2026R034,GAP02,naidoc_indigenous_poster_item_records,SRC136,NAIDOC Poster Gallery,https://www.naidoc.org.au/posters/poster-gallery/naidoc-1985-poster,captured,naidoc-1985,https://www.naidoc.org.au/posters/poster-gallery/naidoc-1985-poster,NAIDOC 1985 Poster,,1985,1985,1985,Australia / Indigenous,poster-object / official poster-gallery item,poster / Indigenous public communication,NAIDOC Poster Gallery,"Poster title: Understanding: It Takes the Two of Us; Image description: The poster also referenced the 1985 International Youth Year, with an image of a smiling younger Indigenous person.",Understanding: It Takes the Two of Us,NAIDOC; Aboriginal and Torres Strait Islander poster culture; Indigenous public graphics; annual public communication,NAIDOC exposes source-hosted poster images/download links; the index treats them as source-viewer evidence with Indigenous/community context and no local copy.,,NAIDOC exposes source-hosted poster images/download links; the index treats them as source-viewer evidence with Indigenous/community context and no local copy.,IMG02,NAIDOC exposes source-hosted poster images/download links; the index treats them as source-viewer evidence with Indigenous/community context and no local copy.,IMG02: NAIDOC exposes source-hosted poster images/download links; the index treats them as source-viewer evidence with Indigenous/community context and no local copy.,high,true,Source-hosted display only; no local image copy or ownership claim.,source_viewer_frame,https://www.naidoc.org.au/sites/default/files/images/photo-gallery-items/poster-1985.jpg,false,https://www.naidoc.org.au/posters/poster-gallery/naidoc-1985-poster,false,,data/capture_batch_gap_noncanonical_image_text_1930_2000_raw/naidoc_poster_1985.json,2026-05-31,expected,ok,source_viewer_frame,"Poster title: Understanding: It Takes the Two of Us; Image description: The poster also referenced the 1985 International Youth Year, with an image of a smiling younger Indigenous person.","Poster title: Understanding: It Takes the Two of Us; Image description: The poster also referenced the 1985 International Youth Year, with an image of a smiling younger Indigenous person.","NAIDOC 1985 Poster | NAIDOC is indexed from the official NAIDOC Poster Gallery. Poster title: Understanding: It Takes the Two of Us; Image description: The poster also referenced the 1985 International Youth Year, with an image of a smiling younger Indigenous person.","NAIDOC annual posters document Indigenous public communication, identity, commemoration, and political-cultural visibility. They are treated as source-linked records with cultural and rights caution.","Captured from the official NAIDOC poster gallery as item-level poster records; classify under Australia/Indigenous, poster medium, and Aboriginal land-rights/NAIDOC poster culture where applicable.",Some older item pages provide sparse text; keep source return and avoid treating the image as project-owned.,NAIDOC Poster Gallery. NAIDOC 1985 Poster | NAIDOC. https://www.naidoc.org.au/posters/poster-gallery/naidoc-1985-poster. Accessed 2026-05-31.
GAPIT2026R035,GAP01,te_papa_aotearoa_poster_and_public_graphics,SRC138,Te Papa Collections Online,https://collections.tepapa.govt.nz/object/1436562,captured,1436562,https://collections.tepapa.govt.nz/object/1436562,'When the earth is sick' poster,,1985,1985,1985,Aotearoa / New Zealand,poster-object / public graphic object,poster / printed public communication,Museum of New Zealand Te Papa Tongarewa,"\n This poster was designed by cartoonist and illustrator Trace Hodgson for Greenpeace a month after the French bombing and sinking of its protest ship Rainbow Warrior in July 1985. \n The Rainbow Warrior was moored in Auckland when two bombs ripped through it. The ship’s photographer died retrieving his camera. The crew had been preparing to set sail for Moruroa to protest against French nuclear weapon testing. \n The poster was screenprinted by Chris McBride and Dave Kent of Wellington Media Collective in an edition of 500. Dave Kent's expertise with technique, colour and composition enhanced the original illustration.",Visit,Aotearoa poster culture; protest graphics; public communication; museum object record,"Te Papa exposes a source-hosted preview image; the page is treated as restricted/source-viewer evidence, not reusable image stock.",,"Te Papa exposes a source-hosted preview image; the page is treated as restricted/source-viewer evidence, not reusable image stock.",IMG02,"Te Papa exposes a source-hosted preview image; the page is treated as restricted/source-viewer evidence, not reusable image stock.","IMG02: Te Papa exposes a source-hosted preview image; the page is treated as restricted/source-viewer evidence, not reusable image stock.",high,true,Source-hosted display only; no local image copy or ownership claim.,source_viewer_frame,https://media.tepapa.govt.nz/collection/380452/preview,false,https://collections.tepapa.govt.nz/object/1436562,false,,data/capture_batch_gap_noncanonical_image_text_1930_2000_raw/te_papa_object_1436562.json,2026-05-31,expected,ok,source_viewer_frame,"\n This poster was designed by cartoonist and illustrator Trace Hodgson for Greenpeace a month after the French bombing and sinking of its protest ship Rainbow Warrior in July 1985. \n The Rainbow Warrior was moored in Auckland when two bombs ripped through it. The ship’s photographer died retrieving his camera. The crew had been preparing to set sail for Moruroa to protest against French nuclear weapon testing. \n The poster was screenprinted by Chris McBride and Dave Kent of Wellington Media Collective in an edition of 500. Dave Kent's expertise with technique, colour and composition enhanced the original illustration.","\n This poster was designed by cartoonist and illustrator Trace Hodgson for Greenpeace a month after the French bombing and sinking of its protest ship Rainbow Warrior in July 1985. \n The Rainbow Warrior was moored in Auckland when two bombs ripped through it. The ship’s photographer died retrieving his camera. The crew had been preparing to set sail for Moruroa to protest against French nuclear weapon testing. \n The poster was screenprinted by Chris McBride and Dave Kent of Wellington Media Collective in an edition of 500. Dave Kent's expertise with technique, colour and composition enhanced the original illustration.","'When the earth is sick' poster is indexed from Te Papa Collections Online. \n This poster was designed by cartoonist and illustrator Trace Hodgson for Greenpeace a month after the French bombing and sinking of its protest ship Rainbow Warrior in July 1985. \n The Rainbow Warrior was moored in Auckland when two bombs ripped through it. The ship’s photographer died retrieving his camera. The crew had been preparing to set sail for Moruroa to protest against French nuclear weapon testing. \n The poster was screenprinted by Chris McBride and Dave Kent of Wellington Media Collective in an edition of 500. Dave Kent's expertise with technique, colour and composition enhanced the original illustrat","Te Papa object records extend the index beyond European/North American museum canons by adding Aotearoa/New Zealand public posters, protest graphics, music-publicity print, and community visual communication.","Captured from Te Papa object search using poster/protest/public communication terms; folder placement should privilege region, medium, and movement/theme evidence from title, date, place, and source description.",Rights are source-specific and frequently restricted; display must remain source-hosted with source return.,Te Papa Collections Online. 'When the earth is sick' poster. https://collections.tepapa.govt.nz/object/1436562. Accessed 2026-05-31.
GAPIT2026R036,GAP01,te_papa_aotearoa_poster_and_public_graphics,SRC138,Te Papa Collections Online,https://collections.tepapa.govt.nz/object/1403926,captured,1403926,https://collections.tepapa.govt.nz/object/1403926,"Poster, 'Herbs Aotearoa Dread Beat & Blood'",,1985,1985,1985,Aotearoa / New Zealand,poster-object / public graphic object,poster / printed public communication,Museum of New Zealand Te Papa Tongarewa,"\n This poster advertises a concert by the Herbs held at Victoria University in 1985. \n The Herbs are a popular New Zealand group producing 'homegrown' music that has become synonymous with New Zealand's cultural identity. They are also among New Zealand's first reggae music bands to produce original, conscious reggae exploring important local issues such as New Zealand's anti-nuclear stance, the Rainbow Warrior affair, and Maori land rights (such as the occupation of Bastion Point). \n The poster design is infused with the Rastafarian colours of black, red, green and gold (yellow in the case of this poster).",Visit,Aotearoa poster culture; protest graphics; public communication; museum object record,"Te Papa exposes a source-hosted preview image; the page is treated as restricted/source-viewer evidence, not reusable image stock.",,"Te Papa exposes a source-hosted preview image; the page is treated as restricted/source-viewer evidence, not reusable image stock.",IMG02,"Te Papa exposes a source-hosted preview image; the page is treated as restricted/source-viewer evidence, not reusable image stock.","IMG02: Te Papa exposes a source-hosted preview image; the page is treated as restricted/source-viewer evidence, not reusable image stock.",high,true,Source-hosted display only; no local image copy or ownership claim.,source_viewer_frame,https://media.tepapa.govt.nz/collection/375189/preview,false,https://collections.tepapa.govt.nz/object/1403926,false,,data/capture_batch_gap_noncanonical_image_text_1930_2000_raw/te_papa_object_1403926.json,2026-05-31,expected,ok,source_viewer_frame,"\n This poster advertises a concert by the Herbs held at Victoria University in 1985. \n The Herbs are a popular New Zealand group producing 'homegrown' music that has become synonymous with New Zealand's cultural identity. They are also among New Zealand's first reggae music bands to produce original, conscious reggae exploring important local issues such as New Zealand's anti-nuclear stance, the Rainbow Warrior affair, and Maori land rights (such as the occupation of Bastion Point). \n The poster design is infused with the Rastafarian colours of black, red, green and gold (yellow in the case of this poster).","\n This poster advertises a concert by the Herbs held at Victoria University in 1985. \n The Herbs are a popular New Zealand group producing 'homegrown' music that has become synonymous with New Zealand's cultural identity. They are also among New Zealand's first reggae music bands to produce original, conscious reggae exploring important local issues such as New Zealand's anti-nuclear stance, the Rainbow Warrior affair, and Maori land rights (such as the occupation of Bastion Point). \n The poster design is infused with the Rastafarian colours of black, red, green and gold (yellow in the case of this poster).","Poster, 'Herbs Aotearoa Dread Beat & Blood' is indexed from Te Papa Collections Online. \n This poster advertises a concert by the Herbs held at Victoria University in 1985. \n The Herbs are a popular New Zealand group producing 'homegrown' music that has become synonymous with New Zealand's cultural identity. They are also among New Zealand's first reggae music bands to produce original, conscious reggae exploring important local issues such as New Zealand's anti-nuclear stance, the Rainbow Warrior affair, and Maori land rights (such as the occupation of Bastion Point). \n The poster design is infused with the Rastafarian colours of black, red, green and gold (yellow in the case of this pos","Te Papa object records extend the index beyond European/North American museum canons by adding Aotearoa/New Zealand public posters, protest graphics, music-publicity print, and community visual communication.","Captured from Te Papa object search using poster/protest/public communication terms; folder placement should privilege region, medium, and movement/theme evidence from title, date, place, and source description.",Rights are source-specific and frequently restricted; display must remain source-hosted with source return.,"Te Papa Collections Online. Poster, 'Herbs Aotearoa Dread Beat & Blood'. https://collections.tepapa.govt.nz/object/1403926. Accessed 2026-05-31."
GAPIT2026R037,GAP02,naidoc_indigenous_poster_item_records,SRC136,NAIDOC Poster Gallery,https://www.naidoc.org.au/posters/poster-gallery/naidoc-1986-poster,captured,naidoc-1986,https://www.naidoc.org.au/posters/poster-gallery/naidoc-1986-poster,NAIDOC 1986 Poster,Photographer: Robert Layton,1986,1986,1986,Australia / Indigenous,poster-object / official poster-gallery item,poster / Indigenous public communication,NAIDOC Poster Gallery,"A NAIDOC poster featuring a photograph by Robert Layton, author of the publication 'Uluru: An Aboriginal History of Ayers Rock'. While researching material for this book, Layton assisted with the preparation of a number of Aboriginal Land Claims including the claim to Uluru National Park.",Peace-Not For You-Not For Me-But For All,NAIDOC; Aboriginal and Torres Strait Islander poster culture; Indigenous public graphics; annual public communication,NAIDOC exposes source-hosted poster images/download links; the index treats them as source-viewer evidence with Indigenous/community context and no local copy.,,NAIDOC exposes source-hosted poster images/download links; the index treats them as source-viewer evidence with Indigenous/community context and no local copy.,IMG02,NAIDOC exposes source-hosted poster images/download links; the index treats them as source-viewer evidence with Indigenous/community context and no local copy.,IMG02: NAIDOC exposes source-hosted poster images/download links; the index treats them as source-viewer evidence with Indigenous/community context and no local copy.,high,true,Source-hosted display only; no local image copy or ownership claim.,source_viewer_frame,https://www.naidoc.org.au/sites/default/files/images/photo-gallery-items/poster-1986.jpg,false,https://www.naidoc.org.au/posters/poster-gallery/naidoc-1986-poster,false,,data/capture_batch_gap_noncanonical_image_text_1930_2000_raw/naidoc_poster_1986.json,2026-05-31,expected,ok,source_viewer_frame,"A NAIDOC poster featuring a photograph by Robert Layton, author of the publication 'Uluru: An Aboriginal History of Ayers Rock'. While researching material for this book, Layton assisted with the preparation of a number of Aboriginal Land Claims including the claim to Uluru National Park.","A NAIDOC poster featuring a photograph by Robert Layton, author of the publication 'Uluru: An Aboriginal History of Ayers Rock'. While researching material for this book, Layton assisted with the preparation of a number of Aboriginal Land Claims including the claim to Uluru National Park.","NAIDOC 1986 Poster | NAIDOC is indexed from the official NAIDOC Poster Gallery. A NAIDOC poster featuring a photograph by Robert Layton, author of the publication 'Uluru: An Aboriginal History of Ayers Rock'. While researching material for this book, Layton assisted with the preparation of a number of Aboriginal Land Claims including the claim to Uluru National Park.","NAIDOC annual posters document Indigenous public communication, identity, commemoration, and political-cultural visibility. They are treated as source-linked records with cultural and rights caution.","Captured from the official NAIDOC poster gallery as item-level poster records; classify under Australia/Indigenous, poster medium, and Aboriginal land-rights/NAIDOC poster culture where applicable.",Some older item pages provide sparse text; keep source return and avoid treating the image as project-owned.,NAIDOC Poster Gallery. NAIDOC 1986 Poster | NAIDOC. https://www.naidoc.org.au/posters/poster-gallery/naidoc-1986-poster. Accessed 2026-05-31.
GAPIT2026R038,GAP01,te_papa_aotearoa_poster_and_public_graphics,SRC138,Te Papa Collections Online,https://collections.tepapa.govt.nz/object/1393337,captured,1393337,https://collections.tepapa.govt.nz/object/1393337,"Poster, 'For good, strong nuclear free legislation'",,1986,1986,1986,Aotearoa / New Zealand,poster-object / public graphic object,poster / printed public communication,Museum of New Zealand Te Papa Tongarewa,"\n This poster advertises a torchlight march and speeches to mark Hiroshima Day in New Zealand in 1986. \n At the end of the Second World War, the United States dropped atomic bombs on Hiroshima on 6 August 1945, and Nagasaki on 9 August 1945. Both cities were devastated. At least 70,000 people were killed in the Hiroshima blast, with many thousands more dying or suffering from radiation in years to come. These atomic bombs were the first to be used in war and they kick-started the nuclear-arms race.",Visit,Aotearoa poster culture; protest graphics; public communication; museum object record,"Te Papa exposes a source-hosted preview image; the page is treated as restricted/source-viewer evidence, not reusable image stock.",,"Te Papa exposes a source-hosted preview image; the page is treated as restricted/source-viewer evidence, not reusable image stock.",IMG02,"Te Papa exposes a source-hosted preview image; the page is treated as restricted/source-viewer evidence, not reusable image stock.","IMG02: Te Papa exposes a source-hosted preview image; the page is treated as restricted/source-viewer evidence, not reusable image stock.",high,true,Source-hosted display only; no local image copy or ownership claim.,source_viewer_frame,https://media.tepapa.govt.nz/collection/375181/preview,false,https://collections.tepapa.govt.nz/object/1393337,false,,data/capture_batch_gap_noncanonical_image_text_1930_2000_raw/te_papa_object_1393337.json,2026-05-31,expected,ok,source_viewer_frame,"\n This poster advertises a torchlight march and speeches to mark Hiroshima Day in New Zealand in 1986. \n At the end of the Second World War, the United States dropped atomic bombs on Hiroshima on 6 August 1945, and Nagasaki on 9 August 1945. Both cities were devastated. At least 70,000 people were killed in the Hiroshima blast, with many thousands more dying or suffering from radiation in years to come. These atomic bombs were the first to be used in war and they kick-started the nuclear-arms race.","\n This poster advertises a torchlight march and speeches to mark Hiroshima Day in New Zealand in 1986. \n At the end of the Second World War, the United States dropped atomic bombs on Hiroshima on 6 August 1945, and Nagasaki on 9 August 1945. Both cities were devastated. At least 70,000 people were killed in the Hiroshima blast, with many thousands more dying or suffering from radiation in years to come. These atomic bombs were the first to be used in war and they kick-started the nuclear-arms race.","Poster, 'For good, strong nuclear free legislation' is indexed from Te Papa Collections Online. \n This poster advertises a torchlight march and speeches to mark Hiroshima Day in New Zealand in 1986. \n At the end of the Second World War, the United States dropped atomic bombs on Hiroshima on 6 August 1945, and Nagasaki on 9 August 1945. Both cities were devastated. At least 70,000 people were killed in the Hiroshima blast, with many thousands more dying or suffering from radiation in years to come. These atomic bombs were the first to be used in war and they kick-started the nuclear-arms race.","Te Papa object records extend the index beyond European/North American museum canons by adding Aotearoa/New Zealand public posters, protest graphics, music-publicity print, and community visual communication.","Captured from Te Papa object search using poster/protest/public communication terms; folder placement should privilege region, medium, and movement/theme evidence from title, date, place, and source description.",Rights are source-specific and frequently restricted; display must remain source-hosted with source return.,"Te Papa Collections Online. Poster, 'For good, strong nuclear free legislation'. https://collections.tepapa.govt.nz/object/1393337. Accessed 2026-05-31."
GAPIT2026R039,GAP02,naidoc_indigenous_poster_item_records,SRC136,NAIDOC Poster Gallery,https://www.naidoc.org.au/posters/poster-gallery/naidoc-1987-poster,captured,naidoc-1987,https://www.naidoc.org.au/posters/poster-gallery/naidoc-1987-poster,NAIDOC 1987 Poster,Laurie Nilsen,1987,1987,1987,Australia / Indigenous,poster-object / official poster-gallery item,poster / Indigenous public communication,NAIDOC Poster Gallery,"Nilsen, Mandandanji descendant, used a palette of warm and natural earthy tones of ochre, red and black to represent Indigenous figures and iconography including a stockman riding a horse in front of Uluru; a man wearing a dhari (traditional dancer’s headdress); rock paintings; a mother and son watching a tall ship; a soldier in a trench and a portrait of rugby player Mark Ella, recipient of Young Australian of the Year in 1982.",White Australia Has a Black History,NAIDOC; Aboriginal and Torres Strait Islander poster culture; Indigenous public graphics; annual public communication,NAIDOC exposes source-hosted poster images/download links; the index treats them as source-viewer evidence with Indigenous/community context and no local copy.,,NAIDOC exposes source-hosted poster images/download links; the index treats them as source-viewer evidence with Indigenous/community context and no local copy.,IMG02,NAIDOC exposes source-hosted poster images/download links; the index treats them as source-viewer evidence with Indigenous/community context and no local copy.,IMG02: NAIDOC exposes source-hosted poster images/download links; the index treats them as source-viewer evidence with Indigenous/community context and no local copy.,high,true,Source-hosted display only; no local image copy or ownership claim.,source_viewer_frame,https://www.naidoc.org.au/sites/default/files/images/photo-gallery-items/poster-1987.jpg,false,https://www.naidoc.org.au/posters/poster-gallery/naidoc-1987-poster,false,,data/capture_batch_gap_noncanonical_image_text_1930_2000_raw/naidoc_poster_1987.json,2026-05-31,expected,ok,source_viewer_frame,"Nilsen, Mandandanji descendant, used a palette of warm and natural earthy tones of ochre, red and black to represent Indigenous figures and iconography including a stockman riding a horse in front of Uluru; a man wearing a dhari (traditional dancer’s headdress); rock paintings; a mother and son watching a tall ship; a soldier in a trench and a portrait of rugby player Mark Ella, recipient of Young Australian of the Year in 1982.","Nilsen, Mandandanji descendant, used a palette of warm and natural earthy tones of ochre, red and black to represent Indigenous figures and iconography including a stockman riding a horse in front of Uluru; a man wearing a dhari (traditional dancer’s headdress); rock paintings; a mother and son watching a tall ship; a soldier in a trench and a portrait of rugby player Mark Ella, recipient of Young Australian of the Year in 1982.","NAIDOC 1987 Poster | NAIDOC is indexed from the official NAIDOC Poster Gallery. Nilsen, Mandandanji descendant, used a palette of warm and natural earthy tones of ochre, red and black to represent Indigenous figures and iconography including a stockman riding a horse in front of Uluru; a man wearing a dhari (traditional dancer’s headdress); rock paintings; a mother and son watching a tall ship; a soldier in a trench and a portrait of rugby player Mark Ella, recipient of Young Australian of the Year in 1982.","NAIDOC annual posters document Indigenous public communication, identity, commemoration, and political-cultural visibility. They are treated as source-linked records with cultural and rights caution.","Captured from the official NAIDOC poster gallery as item-level poster records; classify under Australia/Indigenous, poster medium, and Aboriginal land-rights/NAIDOC poster culture where applicable.",Some older item pages provide sparse text; keep source return and avoid treating the image as project-owned.,NAIDOC Poster Gallery. NAIDOC 1987 Poster | NAIDOC. https://www.naidoc.org.au/posters/poster-gallery/naidoc-1987-poster. Accessed 2026-05-31.
GAPIT2026R040,GAP02,naidoc_indigenous_poster_item_records,SRC136,NAIDOC Poster Gallery,https://www.naidoc.org.au/posters/poster-gallery/naidoc-1988-poster,captured,naidoc-1988,https://www.naidoc.org.au/posters/poster-gallery/naidoc-1988-poster,NAIDOC 1988 Poster,,1988,1988,1988,Australia / Indigenous,poster-object / official poster-gallery item,poster / Indigenous public communication,NAIDOC Poster Gallery,"Poster title: Recognise and Share the Survival of the Oldest Culture in the World; Image description: Pixelated image of Aboriginal person in red, black and yellow. Black wording on white background: Recognise and share the survival of the oldest culture in the world.",Recognise and Share the Survival of the Oldest Culture in the World,NAIDOC; Aboriginal and Torres Strait Islander poster culture; Indigenous public graphics; annual public communication,NAIDOC exposes source-hosted poster images/download links; the index treats them as source-viewer evidence with Indigenous/community context and no local copy.,,NAIDOC exposes source-hosted poster images/download links; the index treats them as source-viewer evidence with Indigenous/community context and no local copy.,IMG02,NAIDOC exposes source-hosted poster images/download links; the index treats them as source-viewer evidence with Indigenous/community context and no local copy.,IMG02: NAIDOC exposes source-hosted poster images/download links; the index treats them as source-viewer evidence with Indigenous/community context and no local copy.,high,true,Source-hosted display only; no local image copy or ownership claim.,source_viewer_frame,https://www.naidoc.org.au/sites/default/files/images/photo-gallery-items/poster-1988.jpg,false,https://www.naidoc.org.au/posters/poster-gallery/naidoc-1988-poster,false,,data/capture_batch_gap_noncanonical_image_text_1930_2000_raw/naidoc_poster_1988.json,2026-05-31,expected,ok,source_viewer_frame,"Poster title: Recognise and Share the Survival of the Oldest Culture in the World; Image description: Pixelated image of Aboriginal person in red, black and yellow. Black wording on white background: Recognise and share the survival of the oldest culture in the world.","Poster title: Recognise and Share the Survival of the Oldest Culture in the World; Image description: Pixelated image of Aboriginal person in red, black and yellow. Black wording on white background: Recognise and share the survival of the oldest culture in the world.","NAIDOC 1988 Poster | NAIDOC is indexed from the official NAIDOC Poster Gallery. Poster title: Recognise and Share the Survival of the Oldest Culture in the World; Image description: Pixelated image of Aboriginal person in red, black and yellow. Black wording on white background: Recognise and share the survival of the oldest culture in the world.","NAIDOC annual posters document Indigenous public communication, identity, commemoration, and political-cultural visibility. They are treated as source-linked records with cultural and rights caution.","Captured from the official NAIDOC poster gallery as item-level poster records; classify under Australia/Indigenous, poster medium, and Aboriginal land-rights/NAIDOC poster culture where applicable.",Some older item pages provide sparse text; keep source return and avoid treating the image as project-owned.,NAIDOC Poster Gallery. NAIDOC 1988 Poster | NAIDOC. https://www.naidoc.org.au/posters/poster-gallery/naidoc-1988-poster. Accessed 2026-05-31.
GAPIT2026R041,GAP01,te_papa_aotearoa_poster_and_public_graphics,SRC138,Te Papa Collections Online,https://collections.tepapa.govt.nz/object/1404831,captured,1404831,https://collections.tepapa.govt.nz/object/1404831,"Poster, 'To the French Government'",,1988,1988,1988,Aotearoa / New Zealand,poster-object / public graphic object,poster / printed public communication,Museum of New Zealand Te Papa Tongarewa,"\n This poster by the Wellington branch of the Campaign for Nuclear Disarmament protests against French power and nuclear testing in the Pacific. \n Between 1966 and 1996, France carried out about 190 nuclear tests at Moruroa and Fangataufa atolls in French Polynesia. These caused reef damage, landslides, subsidence, radioactive emissions, and fish poisoning. \n The poster features the logo for the Nuclear Free and Independent Pacific Movement. The movement was formed in 1980 to widen the struggle against nuclear testing in the Pacific to independence from colonial powers.",Visit,Aotearoa poster culture; protest graphics; public communication; museum object record,"Te Papa exposes a source-hosted preview image; the page is treated as restricted/source-viewer evidence, not reusable image stock.",,"Te Papa exposes a source-hosted preview image; the page is treated as restricted/source-viewer evidence, not reusable image stock.",IMG02,"Te Papa exposes a source-hosted preview image; the page is treated as restricted/source-viewer evidence, not reusable image stock.","IMG02: Te Papa exposes a source-hosted preview image; the page is treated as restricted/source-viewer evidence, not reusable image stock.",high,true,Source-hosted display only; no local image copy or ownership claim.,source_viewer_frame,https://media.tepapa.govt.nz/collection/375200/preview,false,https://collections.tepapa.govt.nz/object/1404831,false,,data/capture_batch_gap_noncanonical_image_text_1930_2000_raw/te_papa_object_1404831.json,2026-05-31,expected,ok,source_viewer_frame,"\n This poster by the Wellington branch of the Campaign for Nuclear Disarmament protests against French power and nuclear testing in the Pacific. \n Between 1966 and 1996, France carried out about 190 nuclear tests at Moruroa and Fangataufa atolls in French Polynesia. These caused reef damage, landslides, subsidence, radioactive emissions, and fish poisoning. \n The poster features the logo for the Nuclear Free and Independent Pacific Movement. The movement was formed in 1980 to widen the struggle against nuclear testing in the Pacific to independence from colonial powers.","\n This poster by the Wellington branch of the Campaign for Nuclear Disarmament protests against French power and nuclear testing in the Pacific. \n Between 1966 and 1996, France carried out about 190 nuclear tests at Moruroa and Fangataufa atolls in French Polynesia. These caused reef damage, landslides, subsidence, radioactive emissions, and fish poisoning. \n The poster features the logo for the Nuclear Free and Independent Pacific Movement. The movement was formed in 1980 to widen the struggle against nuclear testing in the Pacific to independence from colonial powers.","Poster, 'To the French Government' is indexed from Te Papa Collections Online. \n This poster by the Wellington branch of the Campaign for Nuclear Disarmament protests against French power and nuclear testing in the Pacific. \n Between 1966 and 1996, France carried out about 190 nuclear tests at Moruroa and Fangataufa atolls in French Polynesia. These caused reef damage, landslides, subsidence, radioactive emissions, and fish poisoning. \n The poster features the logo for the Nuclear Free and Independent Pacific Movement. The movement was formed in 1980 to widen the struggle against nuclear testing in the Pacific to independence from colonial powers.","Te Papa object records extend the index beyond European/North American museum canons by adding Aotearoa/New Zealand public posters, protest graphics, music-publicity print, and community visual communication.","Captured from Te Papa object search using poster/protest/public communication terms; folder placement should privilege region, medium, and movement/theme evidence from title, date, place, and source description.",Rights are source-specific and frequently restricted; display must remain source-hosted with source return.,"Te Papa Collections Online. Poster, 'To the French Government'. https://collections.tepapa.govt.nz/object/1404831. Accessed 2026-05-31."
GAPIT2026R042,GAP02,naidoc_indigenous_poster_item_records,SRC136,NAIDOC Poster Gallery,https://www.naidoc.org.au/posters/poster-gallery/naidoc-1989-poster,captured,naidoc-1989,https://www.naidoc.org.au/posters/poster-gallery/naidoc-1989-poster,NAIDOC 1989 Poster,,1989,1989,1989,Australia / Indigenous,poster-object / official poster-gallery item,poster / Indigenous public communication,NAIDOC Poster Gallery,"Poster title: The Party is Over-Let’s Be Together as an Aboriginal Nation; Image description: Features a painting of Australia surrounded by rows of black stick figures holding hands, alternated with white stick figures. Text: NAIDOC Week September 4-10 1989. The Party is over. Let’s be together as an Aboriginal nation.",The Party is Over-Let’s Be Together as an Aboriginal Nation,NAIDOC; Aboriginal and Torres Strait Islander poster culture; Indigenous public graphics; annual public communication,NAIDOC exposes source-hosted poster images/download links; the index treats them as source-viewer evidence with Indigenous/community context and no local copy.,,NAIDOC exposes source-hosted poster images/download links; the index treats them as source-viewer evidence with Indigenous/community context and no local copy.,IMG02,NAIDOC exposes source-hosted poster images/download links; the index treats them as source-viewer evidence with Indigenous/community context and no local copy.,IMG02: NAIDOC exposes source-hosted poster images/download links; the index treats them as source-viewer evidence with Indigenous/community context and no local copy.,high,true,Source-hosted display only; no local image copy or ownership claim.,source_viewer_frame,https://www.naidoc.org.au/sites/default/files/images/photo-gallery-items/poster-1989.jpg,false,https://www.naidoc.org.au/posters/poster-gallery/naidoc-1989-poster,false,,data/capture_batch_gap_noncanonical_image_text_1930_2000_raw/naidoc_poster_1989.json,2026-05-31,expected,ok,source_viewer_frame,"Poster title: The Party is Over-Let’s Be Together as an Aboriginal Nation; Image description: Features a painting of Australia surrounded by rows of black stick figures holding hands, alternated with white stick figures. Text: NAIDOC Week September 4-10 1989. The Party is over. Let’s be together as an Aboriginal nation.","Poster title: The Party is Over-Let’s Be Together as an Aboriginal Nation; Image description: Features a painting of Australia surrounded by rows of black stick figures holding hands, alternated with white stick figures. Text: NAIDOC Week September 4-10 1989. The Party is over. Let’s be together as an Aboriginal nation.","NAIDOC 1989 Poster | NAIDOC is indexed from the official NAIDOC Poster Gallery. Poster title: The Party is Over-Let’s Be Together as an Aboriginal Nation; Image description: Features a painting of Australia surrounded by rows of black stick figures holding hands, alternated with white stick figures. Text: NAIDOC Week September 4-10 1989. The Party is over. Let’s be together as an Aboriginal nation.","NAIDOC annual posters document Indigenous public communication, identity, commemoration, and political-cultural visibility. They are treated as source-linked records with cultural and rights caution.","Captured from the official NAIDOC poster gallery as item-level poster records; classify under Australia/Indigenous, poster medium, and Aboriginal land-rights/NAIDOC poster culture where applicable.",Some older item pages provide sparse text; keep source return and avoid treating the image as project-owned.,NAIDOC Poster Gallery. NAIDOC 1989 Poster | NAIDOC. https://www.naidoc.org.au/posters/poster-gallery/naidoc-1989-poster. Accessed 2026-05-31.
GAPIT2026R043,GAP01,te_papa_aotearoa_poster_and_public_graphics,SRC138,Te Papa Collections Online,https://collections.tepapa.govt.nz/object/1409776,captured,1409776,https://collections.tepapa.govt.nz/object/1409776,"Poster, 'Oppose French Terrorism'",,1989,1989,1989,Aotearoa / New Zealand,poster-object / public graphic object,poster / printed public communication,Museum of New Zealand Te Papa Tongarewa,"This poster was made in protest against French military power and nuclear testing in the Pacific . \n For example, b etween 1966 and 1996 France carried out about 190 nuclear tests at Moruroa and Fangataufa atolls in French Polynesia. These caused reef damage, landslides, subsidence, radioactive emissions, and fish poisoning.",Visit,Aotearoa poster culture; protest graphics; public communication; museum object record,"Te Papa exposes a source-hosted preview image; the page is treated as restricted/source-viewer evidence, not reusable image stock.",,"Te Papa exposes a source-hosted preview image; the page is treated as restricted/source-viewer evidence, not reusable image stock.",IMG02,"Te Papa exposes a source-hosted preview image; the page is treated as restricted/source-viewer evidence, not reusable image stock.","IMG02: Te Papa exposes a source-hosted preview image; the page is treated as restricted/source-viewer evidence, not reusable image stock.",high,true,Source-hosted display only; no local image copy or ownership claim.,source_viewer_frame,https://media.tepapa.govt.nz/collection/375205/preview,false,https://collections.tepapa.govt.nz/object/1409776,false,,data/capture_batch_gap_noncanonical_image_text_1930_2000_raw/te_papa_object_1409776.json,2026-05-31,expected,ok,source_viewer_frame,"This poster was made in protest against French military power and nuclear testing in the Pacific . \n For example, b etween 1966 and 1996 France carried out about 190 nuclear tests at Moruroa and Fangataufa atolls in French Polynesia. These caused reef damage, landslides, subsidence, radioactive emissions, and fish poisoning.","This poster was made in protest against French military power and nuclear testing in the Pacific . \n For example, b etween 1966 and 1996 France carried out about 190 nuclear tests at Moruroa and Fangataufa atolls in French Polynesia. These caused reef damage, landslides, subsidence, radioactive emissions, and fish poisoning.","Poster, 'Oppose French Terrorism' is indexed from Te Papa Collections Online. This poster was made in protest against French military power and nuclear testing in the Pacific . \n For example, b etween 1966 and 1996 France carried out about 190 nuclear tests at Moruroa and Fangataufa atolls in French Polynesia. These caused reef damage, landslides, subsidence, radioactive emissions, and fish poisoning.","Te Papa object records extend the index beyond European/North American museum canons by adding Aotearoa/New Zealand public posters, protest graphics, music-publicity print, and community visual communication.","Captured from Te Papa object search using poster/protest/public communication terms; folder placement should privilege region, medium, and movement/theme evidence from title, date, place, and source description.",Rights are source-specific and frequently restricted; display must remain source-hosted with source return.,"Te Papa Collections Online. Poster, 'Oppose French Terrorism'. https://collections.tepapa.govt.nz/object/1409776. Accessed 2026-05-31."
GAPIT2026R044,GAP02,naidoc_indigenous_poster_item_records,SRC136,NAIDOC Poster Gallery,https://www.naidoc.org.au/posters/poster-gallery/naidoc-1990-poster,captured,naidoc-1990,https://www.naidoc.org.au/posters/poster-gallery/naidoc-1990-poster,NAIDOC 1990 Poster,Gloria Beckett,1990,1990,1990,Australia / Indigenous,poster-object / official poster-gallery item,poster / Indigenous public communication,NAIDOC Poster Gallery,"Poster title: New Decade-Don’t Destroy, Learn and Enjoy Our Cultural Heritage; Artist: Gloria Beckett; Image description: A New Decade. “Don’t destroy, Learn and enjoy our cultural heritage” Images of Aboriginal people including: children at desks, women doing traditional dancing, faces, on country, sitting on the ground talking, playing AFL and a city image.","New Decade-Don’t Destroy, Learn and Enjoy Our Cultural Heritage",NAIDOC; Aboriginal and Torres Strait Islander poster culture; Indigenous public graphics; annual public communication,NAIDOC exposes source-hosted poster images/download links; the index treats them as source-viewer evidence with Indigenous/community context and no local copy.,,NAIDOC exposes source-hosted poster images/download links; the index treats them as source-viewer evidence with Indigenous/community context and no local copy.,IMG02,NAIDOC exposes source-hosted poster images/download links; the index treats them as source-viewer evidence with Indigenous/community context and no local copy.,IMG02: NAIDOC exposes source-hosted poster images/download links; the index treats them as source-viewer evidence with Indigenous/community context and no local copy.,high,true,Source-hosted display only; no local image copy or ownership claim.,source_viewer_frame,https://www.naidoc.org.au/sites/default/files/images/photo-gallery-items/poster-1990.jpg,false,https://www.naidoc.org.au/posters/poster-gallery/naidoc-1990-poster,false,,data/capture_batch_gap_noncanonical_image_text_1930_2000_raw/naidoc_poster_1990.json,2026-05-31,expected,ok,source_viewer_frame,"Poster title: New Decade-Don’t Destroy, Learn and Enjoy Our Cultural Heritage; Artist: Gloria Beckett; Image description: A New Decade. “Don’t destroy, Learn and enjoy our cultural heritage” Images of Aboriginal people including: children at desks, women doing traditional dancing, faces, on country, sitting on the ground talking, playing AFL and a city image.","Poster title: New Decade-Don’t Destroy, Learn and Enjoy Our Cultural Heritage; Artist: Gloria Beckett; Image description: A New Decade. “Don’t destroy, Learn and enjoy our cultural heritage” Images of Aboriginal people including: children at desks, women doing traditional dancing, faces, on country, sitting on the ground talking, playing AFL and a city image.","NAIDOC 1990 Poster | NAIDOC is indexed from the official NAIDOC Poster Gallery. Poster title: New Decade-Don’t Destroy, Learn and Enjoy Our Cultural Heritage; Artist: Gloria Beckett; Image description: A New Decade. “Don’t destroy, Learn and enjoy our cultural heritage” Images of Aboriginal people including: children at desks, women doing traditional dancing, faces, on country, sitting on the ground talking, playing AFL and a city image.","NAIDOC annual posters document Indigenous public communication, identity, commemoration, and political-cultural visibility. They are treated as source-linked records with cultural and rights caution.","Captured from the official NAIDOC poster gallery as item-level poster records; classify under Australia/Indigenous, poster medium, and Aboriginal land-rights/NAIDOC poster culture where applicable.",Some older item pages provide sparse text; keep source return and avoid treating the image as project-owned.,NAIDOC Poster Gallery. NAIDOC 1990 Poster | NAIDOC. https://www.naidoc.org.au/posters/poster-gallery/naidoc-1990-poster. Accessed 2026-05-31.
GAPIT2026R045,GAP01,te_papa_aotearoa_poster_and_public_graphics,SRC138,Te Papa Collections Online,https://collections.tepapa.govt.nz/object/1404732,captured,1404732,https://collections.tepapa.govt.nz/object/1404732,"Poster, 'Independence and Peace'",,1990,1990,1990,Aotearoa / New Zealand,poster-object / public graphic object,poster / printed public communication,Museum of New Zealand Te Papa Tongarewa,"\n This poster advertises a march to take place in Wellington, New Zealand, on 4 August 1990, calling for independence from United States military influence in New Zealand. The poster states: \n 'ANZUS: In or out of it, we must exclude the nuclear warships of all nations from our ports. ANZUS links New Zealand to the United States military strategy, through tracking and communications facilities such as Black Birch and Tangimoana, and through the US base at Harewood. Through the 'Memorandum of Understanding', New Zealand has agreed to act as a US base in times of tension. This can only increase the risk of New Zealand becoming a target in the event of nuclear war.'",Visit,Aotearoa poster culture; protest graphics; public communication; museum object record,"Te Papa exposes a source-hosted preview image; the page is treated as restricted/source-viewer evidence, not reusable image stock.",,"Te Papa exposes a source-hosted preview image; the page is treated as restricted/source-viewer evidence, not reusable image stock.",IMG02,"Te Papa exposes a source-hosted preview image; the page is treated as restricted/source-viewer evidence, not reusable image stock.","IMG02: Te Papa exposes a source-hosted preview image; the page is treated as restricted/source-viewer evidence, not reusable image stock.",high,true,Source-hosted display only; no local image copy or ownership claim.,source_viewer_frame,https://media.tepapa.govt.nz/collection/375194/preview,false,https://collections.tepapa.govt.nz/object/1404732,false,,data/capture_batch_gap_noncanonical_image_text_1930_2000_raw/te_papa_object_1404732.json,2026-05-31,expected,ok,source_viewer_frame,"\n This poster advertises a march to take place in Wellington, New Zealand, on 4 August 1990, calling for independence from United States military influence in New Zealand. The poster states: \n 'ANZUS: In or out of it, we must exclude the nuclear warships of all nations from our ports. ANZUS links New Zealand to the United States military strategy, through tracking and communications facilities such as Black Birch and Tangimoana, and through the US base at Harewood. Through the 'Memorandum of Understanding', New Zealand has agreed to act as a US base in times of tension. This can only increase the risk of New Zealand becoming a target in the event of nuclear war.'","\n This poster advertises a march to take place in Wellington, New Zealand, on 4 August 1990, calling for independence from United States military influence in New Zealand. The poster states: \n 'ANZUS: In or out of it, we must exclude the nuclear warships of all nations from our ports. ANZUS links New Zealand to the United States military strategy, through tracking and communications facilities such as Black Birch and Tangimoana, and through the US base at Harewood. Through the 'Memorandum of Understanding', New Zealand has agreed to act as a US base in times of tension. This can only increase the risk of New Zealand becoming a target in the event of nuclear war.'","Poster, 'Independence and Peace' is indexed from Te Papa Collections Online. \n This poster advertises a march to take place in Wellington, New Zealand, on 4 August 1990, calling for independence from United States military influence in New Zealand. The poster states: \n 'ANZUS: In or out of it, we must exclude the nuclear warships of all nations from our ports. ANZUS links New Zealand to the United States military strategy, through tracking and communications facilities such as Black Birch and Tangimoana, and through the US base at Harewood. Through the 'Memorandum of Understanding', New Zealand has agreed to act as a US base in times of tension. This can only increase the risk of New Zeala","Te Papa object records extend the index beyond European/North American museum canons by adding Aotearoa/New Zealand public posters, protest graphics, music-publicity print, and community visual communication.","Captured from Te Papa object search using poster/protest/public communication terms; folder placement should privilege region, medium, and movement/theme evidence from title, date, place, and source description.",Rights are source-specific and frequently restricted; display must remain source-hosted with source return.,"Te Papa Collections Online. Poster, 'Independence and Peace'. https://collections.tepapa.govt.nz/object/1404732. Accessed 2026-05-31."
GAPIT2026R046,GAP02,naidoc_indigenous_poster_item_records,SRC136,NAIDOC Poster Gallery,https://www.naidoc.org.au/posters/poster-gallery/naidoc-1991-poster,captured,naidoc-1991,https://www.naidoc.org.au/posters/poster-gallery/naidoc-1991-poster,NAIDOC 1991 Poster,Ron Hurley,1991,1991,1991,Australia / Indigenous,poster-object / official poster-gallery item,poster / Indigenous public communication,NAIDOC Poster Gallery,Poster title: Community is Unity-Our Future Depends on Us; Artist: Ron Hurley; Image description: Poster divided in to sections coloured in Aboriginal flag- black yellow red. Words Community is Unity and images of male and female Indigenous dancers in cultural costume. Image of child in the bottom panel with wording ‘Our future depends on us”.,Community is Unity-Our Future Depends on Us,NAIDOC; Aboriginal and Torres Strait Islander poster culture; Indigenous public graphics; annual public communication,NAIDOC exposes source-hosted poster images/download links; the index treats them as source-viewer evidence with Indigenous/community context and no local copy.,,NAIDOC exposes source-hosted poster images/download links; the index treats them as source-viewer evidence with Indigenous/community context and no local copy.,IMG02,NAIDOC exposes source-hosted poster images/download links; the index treats them as source-viewer evidence with Indigenous/community context and no local copy.,IMG02: NAIDOC exposes source-hosted poster images/download links; the index treats them as source-viewer evidence with Indigenous/community context and no local copy.,high,true,Source-hosted display only; no local image copy or ownership claim.,source_viewer_frame,https://www.naidoc.org.au/sites/default/files/images/photo-gallery-items/poster-1991.jpg,false,https://www.naidoc.org.au/posters/poster-gallery/naidoc-1991-poster,false,,data/capture_batch_gap_noncanonical_image_text_1930_2000_raw/naidoc_poster_1991.json,2026-05-31,expected,ok,source_viewer_frame,Poster title: Community is Unity-Our Future Depends on Us; Artist: Ron Hurley; Image description: Poster divided in to sections coloured in Aboriginal flag- black yellow red. Words Community is Unity and images of male and female Indigenous dancers in cultural costume. Image of child in the bottom panel with wording ‘Our future depends on us”.,Poster title: Community is Unity-Our Future Depends on Us; Artist: Ron Hurley; Image description: Poster divided in to sections coloured in Aboriginal flag- black yellow red. Words Community is Unity and images of male and female Indigenous dancers in cultural costume. Image of child in the bottom panel with wording ‘Our future depends on us”.,NAIDOC 1991 Poster | NAIDOC is indexed from the official NAIDOC Poster Gallery. Poster title: Community is Unity-Our Future Depends on Us; Artist: Ron Hurley; Image description: Poster divided in to sections coloured in Aboriginal flag- black yellow red. Words Community is Unity and images of male and female Indigenous dancers in cultural costume. Image of child in the bottom panel with wording ‘Our future depends on us”.,"NAIDOC annual posters document Indigenous public communication, identity, commemoration, and political-cultural visibility. They are treated as source-linked records with cultural and rights caution.","Captured from the official NAIDOC poster gallery as item-level poster records; classify under Australia/Indigenous, poster medium, and Aboriginal land-rights/NAIDOC poster culture where applicable.",Some older item pages provide sparse text; keep source return and avoid treating the image as project-owned.,NAIDOC Poster Gallery. NAIDOC 1991 Poster | NAIDOC. https://www.naidoc.org.au/posters/poster-gallery/naidoc-1991-poster. Accessed 2026-05-31.
GAPIT2026R047,GAP01,te_papa_aotearoa_poster_and_public_graphics,SRC138,Te Papa Collections Online,https://collections.tepapa.govt.nz/object/1392361,captured,1392361,https://collections.tepapa.govt.nz/object/1392361,'Back to the Past' poster,,1991,1991,1991,Aotearoa / New Zealand,poster-object / public graphic object,poster / printed public communication,Museum of New Zealand Te Papa Tongarewa,"\n This anti-nuclear protest poster plays on the Hollywood movie 'Back to the Future'. \n 'Back to the Past' stars the Minister of Foreign Affairs in 1991, Don McKinnon, and implies that he wishes to allow American nuclear ships into New Zealand waters.",Visit,Aotearoa poster culture; protest graphics; public communication; museum object record,"Te Papa exposes a source-hosted preview image; the page is treated as restricted/source-viewer evidence, not reusable image stock.",,"Te Papa exposes a source-hosted preview image; the page is treated as restricted/source-viewer evidence, not reusable image stock.",IMG02,"Te Papa exposes a source-hosted preview image; the page is treated as restricted/source-viewer evidence, not reusable image stock.","IMG02: Te Papa exposes a source-hosted preview image; the page is treated as restricted/source-viewer evidence, not reusable image stock.",high,true,Source-hosted display only; no local image copy or ownership claim.,source_viewer_frame,https://media.tepapa.govt.nz/collection/375160/preview,false,https://collections.tepapa.govt.nz/object/1392361,false,,data/capture_batch_gap_noncanonical_image_text_1930_2000_raw/te_papa_object_1392361.json,2026-05-31,expected,ok,source_viewer_frame,"\n This anti-nuclear protest poster plays on the Hollywood movie 'Back to the Future'. \n 'Back to the Past' stars the Minister of Foreign Affairs in 1991, Don McKinnon, and implies that he wishes to allow American nuclear ships into New Zealand waters.","\n This anti-nuclear protest poster plays on the Hollywood movie 'Back to the Future'. \n 'Back to the Past' stars the Minister of Foreign Affairs in 1991, Don McKinnon, and implies that he wishes to allow American nuclear ships into New Zealand waters.","'Back to the Past' poster is indexed from Te Papa Collections Online. \n This anti-nuclear protest poster plays on the Hollywood movie 'Back to the Future'. \n 'Back to the Past' stars the Minister of Foreign Affairs in 1991, Don McKinnon, and implies that he wishes to allow American nuclear ships into New Zealand waters.","Te Papa object records extend the index beyond European/North American museum canons by adding Aotearoa/New Zealand public posters, protest graphics, music-publicity print, and community visual communication.","Captured from Te Papa object search using poster/protest/public communication terms; folder placement should privilege region, medium, and movement/theme evidence from title, date, place, and source description.",Rights are source-specific and frequently restricted; display must remain source-hosted with source return.,Te Papa Collections Online. 'Back to the Past' poster. https://collections.tepapa.govt.nz/object/1392361. Accessed 2026-05-31.
GAPIT2026R048,GAP01,te_papa_aotearoa_poster_and_public_graphics,SRC138,Te Papa Collections Online,https://collections.tepapa.govt.nz/object/1404784,captured,1404784,https://collections.tepapa.govt.nz/object/1404784,"Poster, 'Monsieur Rocard'",,1991,1991,1991,Aotearoa / New Zealand,poster-object / public graphic object,poster / printed public communication,Museum of New Zealand Te Papa Tongarewa,"\n This poster calls for people to join a demonstration against the visit of French Prime Minister Michel Rocard to Wellington, New Zealand on 29 April 1991. \n The protest was against French nuclear testing in the Pacific. Between 1966 and 1996, France carried out about 190 nuclear tests at Moruroa and Fangataufa atolls in French Polynesia. These caused reef damage, landslides, subsidence, radioactive emissions, and fish poisoning. \n Community spirit \n The poster is interesting for its sense of humour and community spirit - not only was there to be a deadly serious demonstration - live entertainment was provided for the crowds turning up to demonstrate.",Visit,Aotearoa poster culture; protest graphics; public communication; museum object record,"Te Papa exposes a source-hosted preview image; the page is treated as restricted/source-viewer evidence, not reusable image stock.",,"Te Papa exposes a source-hosted preview image; the page is treated as restricted/source-viewer evidence, not reusable image stock.",IMG02,"Te Papa exposes a source-hosted preview image; the page is treated as restricted/source-viewer evidence, not reusable image stock.","IMG02: Te Papa exposes a source-hosted preview image; the page is treated as restricted/source-viewer evidence, not reusable image stock.",high,true,Source-hosted display only; no local image copy or ownership claim.,source_viewer_frame,https://media.tepapa.govt.nz/collection/375197/preview,false,https://collections.tepapa.govt.nz/object/1404784,false,,data/capture_batch_gap_noncanonical_image_text_1930_2000_raw/te_papa_object_1404784.json,2026-05-31,expected,ok,source_viewer_frame,"\n This poster calls for people to join a demonstration against the visit of French Prime Minister Michel Rocard to Wellington, New Zealand on 29 April 1991. \n The protest was against French nuclear testing in the Pacific. Between 1966 and 1996, France carried out about 190 nuclear tests at Moruroa and Fangataufa atolls in French Polynesia. These caused reef damage, landslides, subsidence, radioactive emissions, and fish poisoning. \n Community spirit \n The poster is interesting for its sense of humour and community spirit - not only was there to be a deadly serious demonstration - live entertainment was provided for the crowds turning up to demonstrate.","\n This poster calls for people to join a demonstration against the visit of French Prime Minister Michel Rocard to Wellington, New Zealand on 29 April 1991. \n The protest was against French nuclear testing in the Pacific. Between 1966 and 1996, France carried out about 190 nuclear tests at Moruroa and Fangataufa atolls in French Polynesia. These caused reef damage, landslides, subsidence, radioactive emissions, and fish poisoning. \n Community spirit \n The poster is interesting for its sense of humour and community spirit - not only was there to be a deadly serious demonstration - live entertainment was provided for the crowds turning up to demonstrate.","Poster, 'Monsieur Rocard' is indexed from Te Papa Collections Online. \n This poster calls for people to join a demonstration against the visit of French Prime Minister Michel Rocard to Wellington, New Zealand on 29 April 1991. \n The protest was against French nuclear testing in the Pacific. Between 1966 and 1996, France carried out about 190 nuclear tests at Moruroa and Fangataufa atolls in French Polynesia. These caused reef damage, landslides, subsidence, radioactive emissions, and fish poisoning. \n Community spirit \n The poster is interesting for its sense of humour and community spirit - not only was there to be a deadly serious demonstration - live entertainment was provided for the","Te Papa object records extend the index beyond European/North American museum canons by adding Aotearoa/New Zealand public posters, protest graphics, music-publicity print, and community visual communication.","Captured from Te Papa object search using poster/protest/public communication terms; folder placement should privilege region, medium, and movement/theme evidence from title, date, place, and source description.",Rights are source-specific and frequently restricted; display must remain source-hosted with source return.,"Te Papa Collections Online. Poster, 'Monsieur Rocard'. https://collections.tepapa.govt.nz/object/1404784. Accessed 2026-05-31."
GAPIT2026R049,GAP02,naidoc_indigenous_poster_item_records,SRC136,NAIDOC Poster Gallery,https://www.naidoc.org.au/posters/poster-gallery/naidoc-1992-poster,captured,naidoc-1992,https://www.naidoc.org.au/posters/poster-gallery/naidoc-1992-poster,NAIDOC 1992 Poster,Heather Kemarre Shearer,1992,1992,1992,Australia / Indigenous,poster-object / official poster-gallery item,poster / Indigenous public communication,NAIDOC Poster Gallery,"Artwork by Arrernte artist Helen Kemarre Shearer. Of the artwork Shearer writes: 'These are my Dreaming stories from my mother's and my father's country - Arrernte Dreaming tracks. I lived at Atitjere Homelands, which is Harts Range on the white fellas map. Dreaming’s represented are the snake, yalka (bush onion), tjaipa (witchetty grub), honey ant and the seven sisters. Alangwa is shown as a vital food supply which is constant and a strength to and for the people. The hands symbolise the passing down of our Dreaming stories for our future generations.'",Maintain the Dreaming-Our Culture is Our Heritage,NAIDOC; Aboriginal and Torres Strait Islander poster culture; Indigenous public graphics; annual public communication,NAIDOC exposes source-hosted poster images/download links; the index treats them as source-viewer evidence with Indigenous/community context and no local copy.,,NAIDOC exposes source-hosted poster images/download links; the index treats them as source-viewer evidence with Indigenous/community context and no local copy.,IMG02,NAIDOC exposes source-hosted poster images/download links; the index treats them as source-viewer evidence with Indigenous/community context and no local copy.,IMG02: NAIDOC exposes source-hosted poster images/download links; the index treats them as source-viewer evidence with Indigenous/community context and no local copy.,high,true,Source-hosted display only; no local image copy or ownership claim.,source_viewer_frame,https://www.naidoc.org.au/sites/default/files/images/photo-gallery-items/poster-1992.jpg,false,https://www.naidoc.org.au/posters/poster-gallery/naidoc-1992-poster,false,,data/capture_batch_gap_noncanonical_image_text_1930_2000_raw/naidoc_poster_1992.json,2026-05-31,expected,ok,source_viewer_frame,"Artwork by Arrernte artist Helen Kemarre Shearer. Of the artwork Shearer writes: 'These are my Dreaming stories from my mother's and my father's country - Arrernte Dreaming tracks. I lived at Atitjere Homelands, which is Harts Range on the white fellas map. Dreaming’s represented are the snake, yalka (bush onion), tjaipa (witchetty grub), honey ant and the seven sisters. Alangwa is shown as a vital food supply which is constant and a strength to and for the people. The hands symbolise the passing down of our Dreaming stories for our future generations.'","Artwork by Arrernte artist Helen Kemarre Shearer. Of the artwork Shearer writes: 'These are my Dreaming stories from my mother's and my father's country - Arrernte Dreaming tracks. I lived at Atitjere Homelands, which is Harts Range on the white fellas map. Dreaming’s represented are the snake, yalka (bush onion), tjaipa (witchetty grub), honey ant and the seven sisters. Alangwa is shown as a vital food supply which is constant and a strength to and for the people. The hands symbolise the passing down of our Dreaming stories for our future generations.'","NAIDOC 1992 Poster | NAIDOC is indexed from the official NAIDOC Poster Gallery. Artwork by Arrernte artist Helen Kemarre Shearer. Of the artwork Shearer writes: 'These are my Dreaming stories from my mother's and my father's country - Arrernte Dreaming tracks. I lived at Atitjere Homelands, which is Harts Range on the white fellas map. Dreaming’s represented are the snake, yalka (bush onion), tjaipa (witchetty grub), honey ant and the seven sisters. Alangwa is shown as a vital food supply which is constant and a strength to and for the people. The hands symbolise the passing down of our Dreaming stories for our future generations.'","NAIDOC annual posters document Indigenous public communication, identity, commemoration, and political-cultural visibility. They are treated as source-linked records with cultural and rights caution.","Captured from the official NAIDOC poster gallery as item-level poster records; classify under Australia/Indigenous, poster medium, and Aboriginal land-rights/NAIDOC poster culture where applicable.",Some older item pages provide sparse text; keep source return and avoid treating the image as project-owned.,NAIDOC Poster Gallery. NAIDOC 1992 Poster | NAIDOC. https://www.naidoc.org.au/posters/poster-gallery/naidoc-1992-poster. Accessed 2026-05-31.
GAPIT2026R050,GAP01,te_papa_aotearoa_poster_and_public_graphics,SRC138,Te Papa Collections Online,https://collections.tepapa.govt.nz/object/1393334,captured,1393334,https://collections.tepapa.govt.nz/object/1393334,"Poster, 'Hiroshima Day'",,1992,1992,1992,Aotearoa / New Zealand,poster-object / public graphic object,poster / printed public communication,Museum of New Zealand Te Papa Tongarewa,"\n This poster commemorates Hiroshima Day, 6 August 1992, in New Zealand. \n The poster features an image of ground zero in Hiroshima. At the end of the Second World War, the United States dropped atomic bombs on Hiroshima on 6 August 1945, and Nagasaki on 9 August 1945. Both cities were devastated. At least 70,000 people were killed in the Hiroshima blast, with many thousands more dying or suffering from radiation in years to come. These atomic bombs were the first to be used in war and they kick-started the nuclear-arms race.",Visit,Aotearoa poster culture; protest graphics; public communication; museum object record,"Te Papa exposes a source-hosted preview image; the page is treated as restricted/source-viewer evidence, not reusable image stock.",,"Te Papa exposes a source-hosted preview image; the page is treated as restricted/source-viewer evidence, not reusable image stock.",IMG02,"Te Papa exposes a source-hosted preview image; the page is treated as restricted/source-viewer evidence, not reusable image stock.","IMG02: Te Papa exposes a source-hosted preview image; the page is treated as restricted/source-viewer evidence, not reusable image stock.",high,true,Source-hosted display only; no local image copy or ownership claim.,source_viewer_frame,https://media.tepapa.govt.nz/collection/375180/preview,false,https://collections.tepapa.govt.nz/object/1393334,false,,data/capture_batch_gap_noncanonical_image_text_1930_2000_raw/te_papa_object_1393334.json,2026-05-31,expected,ok,source_viewer_frame,"\n This poster commemorates Hiroshima Day, 6 August 1992, in New Zealand. \n The poster features an image of ground zero in Hiroshima. At the end of the Second World War, the United States dropped atomic bombs on Hiroshima on 6 August 1945, and Nagasaki on 9 August 1945. Both cities were devastated. At least 70,000 people were killed in the Hiroshima blast, with many thousands more dying or suffering from radiation in years to come. These atomic bombs were the first to be used in war and they kick-started the nuclear-arms race.","\n This poster commemorates Hiroshima Day, 6 August 1992, in New Zealand. \n The poster features an image of ground zero in Hiroshima. At the end of the Second World War, the United States dropped atomic bombs on Hiroshima on 6 August 1945, and Nagasaki on 9 August 1945. Both cities were devastated. At least 70,000 people were killed in the Hiroshima blast, with many thousands more dying or suffering from radiation in years to come. These atomic bombs were the first to be used in war and they kick-started the nuclear-arms race.","Poster, 'Hiroshima Day' is indexed from Te Papa Collections Online. \n This poster commemorates Hiroshima Day, 6 August 1992, in New Zealand. \n The poster features an image of ground zero in Hiroshima. At the end of the Second World War, the United States dropped atomic bombs on Hiroshima on 6 August 1945, and Nagasaki on 9 August 1945. Both cities were devastated. At least 70,000 people were killed in the Hiroshima blast, with many thousands more dying or suffering from radiation in years to come. These atomic bombs were the first to be used in war and they kick-started the nuclear-arms race.","Te Papa object records extend the index beyond European/North American museum canons by adding Aotearoa/New Zealand public posters, protest graphics, music-publicity print, and community visual communication.","Captured from Te Papa object search using poster/protest/public communication terms; folder placement should privilege region, medium, and movement/theme evidence from title, date, place, and source description.",Rights are source-specific and frequently restricted; display must remain source-hosted with source return.,"Te Papa Collections Online. Poster, 'Hiroshima Day'. https://collections.tepapa.govt.nz/object/1393334. Accessed 2026-05-31."
GAPIT2026R051,GAP02,naidoc_indigenous_poster_item_records,SRC136,NAIDOC Poster Gallery,https://www.naidoc.org.au/posters/poster-gallery/naidoc-1993-poster,captured,naidoc-1993,https://www.naidoc.org.au/posters/poster-gallery/naidoc-1993-poster,NAIDOC 1993 Poster,Danny Eastwood,1993,1993,1993,Australia / Indigenous,poster-object / official poster-gallery item,poster / Indigenous public communication,NAIDOC Poster Gallery,"Poster title: Aboriginal Nations-Owners of the Land Since Time Began-Community is Unity; Artist: Danny Eastwood; Image description: Baby in Coolamon surrounded by ancestor spirits and totem animals, snakes, emu, kangaroo, goanna, turtles. Wording reads: Aboriginal Nations. Owners of the lands since time began. 1993 Aboriginal and Islanders Observance Committee – Community is Unity.",Aboriginal Nations-Owners of the Land Since Time Began-Community is Unity,NAIDOC; Aboriginal and Torres Strait Islander poster culture; Indigenous public graphics; annual public communication,NAIDOC exposes source-hosted poster images/download links; the index treats them as source-viewer evidence with Indigenous/community context and no local copy.,,NAIDOC exposes source-hosted poster images/download links; the index treats them as source-viewer evidence with Indigenous/community context and no local copy.,IMG02,NAIDOC exposes source-hosted poster images/download links; the index treats them as source-viewer evidence with Indigenous/community context and no local copy.,IMG02: NAIDOC exposes source-hosted poster images/download links; the index treats them as source-viewer evidence with Indigenous/community context and no local copy.,high,true,Source-hosted display only; no local image copy or ownership claim.,source_viewer_frame,https://www.naidoc.org.au/sites/default/files/images/photo-gallery-items/poster-1993.jpg,false,https://www.naidoc.org.au/posters/poster-gallery/naidoc-1993-poster,false,,data/capture_batch_gap_noncanonical_image_text_1930_2000_raw/naidoc_poster_1993.json,2026-05-31,expected,ok,source_viewer_frame,"Poster title: Aboriginal Nations-Owners of the Land Since Time Began-Community is Unity; Artist: Danny Eastwood; Image description: Baby in Coolamon surrounded by ancestor spirits and totem animals, snakes, emu, kangaroo, goanna, turtles. Wording reads: Aboriginal Nations. Owners of the lands since time began. 1993 Aboriginal and Islanders Observance Committee – Community is Unity.","Poster title: Aboriginal Nations-Owners of the Land Since Time Began-Community is Unity; Artist: Danny Eastwood; Image description: Baby in Coolamon surrounded by ancestor spirits and totem animals, snakes, emu, kangaroo, goanna, turtles. Wording reads: Aboriginal Nations. Owners of the lands since time began. 1993 Aboriginal and Islanders Observance Committee – Community is Unity.","NAIDOC 1993 Poster | NAIDOC is indexed from the official NAIDOC Poster Gallery. Poster title: Aboriginal Nations-Owners of the Land Since Time Began-Community is Unity; Artist: Danny Eastwood; Image description: Baby in Coolamon surrounded by ancestor spirits and totem animals, snakes, emu, kangaroo, goanna, turtles. Wording reads: Aboriginal Nations. Owners of the lands since time began. 1993 Aboriginal and Islanders Observance Committee – Community is Unity.","NAIDOC annual posters document Indigenous public communication, identity, commemoration, and political-cultural visibility. They are treated as source-linked records with cultural and rights caution.","Captured from the official NAIDOC poster gallery as item-level poster records; classify under Australia/Indigenous, poster medium, and Aboriginal land-rights/NAIDOC poster culture where applicable.",Some older item pages provide sparse text; keep source return and avoid treating the image as project-owned.,NAIDOC Poster Gallery. NAIDOC 1993 Poster | NAIDOC. https://www.naidoc.org.au/posters/poster-gallery/naidoc-1993-poster. Accessed 2026-05-31.
GAPIT2026R052,GAP02,naidoc_indigenous_poster_item_records,SRC136,NAIDOC Poster Gallery,https://www.naidoc.org.au/posters/poster-gallery/naidoc-1994-poster,captured,naidoc-1994,https://www.naidoc.org.au/posters/poster-gallery/naidoc-1994-poster,NAIDOC 1994 Poster,Dale Huddleston,1994,1994,1994,Australia / Indigenous,poster-object / official poster-gallery item,poster / Indigenous public communication,NAIDOC Poster Gallery,Poster title: Families Are the Basis of Our Existence-Maintain the Link; Artist: Dale Huddleston; Image description: Features a family group of Indigenous people with a dingo and a humpy in the background. A border incorporating hand stencils and leaves. Text reads: Families are the basis of our existence maintain the link.,Families Are the Basis of Our Existence-Maintain the Link,NAIDOC; Aboriginal and Torres Strait Islander poster culture; Indigenous public graphics; annual public communication,NAIDOC exposes source-hosted poster images/download links; the index treats them as source-viewer evidence with Indigenous/community context and no local copy.,,NAIDOC exposes source-hosted poster images/download links; the index treats them as source-viewer evidence with Indigenous/community context and no local copy.,IMG02,NAIDOC exposes source-hosted poster images/download links; the index treats them as source-viewer evidence with Indigenous/community context and no local copy.,IMG02: NAIDOC exposes source-hosted poster images/download links; the index treats them as source-viewer evidence with Indigenous/community context and no local copy.,high,true,Source-hosted display only; no local image copy or ownership claim.,source_viewer_frame,https://www.naidoc.org.au/sites/default/files/images/photo-gallery-items/poster-1994.jpg,false,https://www.naidoc.org.au/posters/poster-gallery/naidoc-1994-poster,false,,data/capture_batch_gap_noncanonical_image_text_1930_2000_raw/naidoc_poster_1994.json,2026-05-31,expected,ok,source_viewer_frame,Poster title: Families Are the Basis of Our Existence-Maintain the Link; Artist: Dale Huddleston; Image description: Features a family group of Indigenous people with a dingo and a humpy in the background. A border incorporating hand stencils and leaves. Text reads: Families are the basis of our existence maintain the link.,Poster title: Families Are the Basis of Our Existence-Maintain the Link; Artist: Dale Huddleston; Image description: Features a family group of Indigenous people with a dingo and a humpy in the background. A border incorporating hand stencils and leaves. Text reads: Families are the basis of our existence maintain the link.,NAIDOC 1994 Poster | NAIDOC is indexed from the official NAIDOC Poster Gallery. Poster title: Families Are the Basis of Our Existence-Maintain the Link; Artist: Dale Huddleston; Image description: Features a family group of Indigenous people with a dingo and a humpy in the background. A border incorporating hand stencils and leaves. Text reads: Families are the basis of our existence maintain the link.,"NAIDOC annual posters document Indigenous public communication, identity, commemoration, and political-cultural visibility. They are treated as source-linked records with cultural and rights caution.","Captured from the official NAIDOC poster gallery as item-level poster records; classify under Australia/Indigenous, poster medium, and Aboriginal land-rights/NAIDOC poster culture where applicable.",Some older item pages provide sparse text; keep source return and avoid treating the image as project-owned.,NAIDOC Poster Gallery. NAIDOC 1994 Poster | NAIDOC. https://www.naidoc.org.au/posters/poster-gallery/naidoc-1994-poster. Accessed 2026-05-31.
GAPIT2026R053,GAP02,naidoc_indigenous_poster_item_records,SRC136,NAIDOC Poster Gallery,https://www.naidoc.org.au/posters/poster-gallery/naidoc-1995-poster,captured,naidoc-1995,https://www.naidoc.org.au/posters/poster-gallery/naidoc-1995-poster,NAIDOC 1995 Poster,Ian Wallan Hill,1995,1995,1995,Australia / Indigenous,poster-object / official poster-gallery item,poster / Indigenous public communication,NAIDOC Poster Gallery,"Ian Wallan Hill is a Bibbulmun Noongar from the South West town of Busselton, and has won two NAIDOC poster competitions.",Justice Not Tolerance,NAIDOC; Aboriginal and Torres Strait Islander poster culture; Indigenous public graphics; annual public communication,NAIDOC exposes source-hosted poster images/download links; the index treats them as source-viewer evidence with Indigenous/community context and no local copy.,,NAIDOC exposes source-hosted poster images/download links; the index treats them as source-viewer evidence with Indigenous/community context and no local copy.,IMG02,NAIDOC exposes source-hosted poster images/download links; the index treats them as source-viewer evidence with Indigenous/community context and no local copy.,IMG02: NAIDOC exposes source-hosted poster images/download links; the index treats them as source-viewer evidence with Indigenous/community context and no local copy.,high,true,Source-hosted display only; no local image copy or ownership claim.,source_viewer_frame,https://www.naidoc.org.au/sites/default/files/images/photo-gallery-items/poster-1995.jpg,false,https://www.naidoc.org.au/posters/poster-gallery/naidoc-1995-poster,false,,data/capture_batch_gap_noncanonical_image_text_1930_2000_raw/naidoc_poster_1995.json,2026-05-31,expected,ok,source_viewer_frame,"Ian Wallan Hill is a Bibbulmun Noongar from the South West town of Busselton, and has won two NAIDOC poster competitions.","Ian Wallan Hill is a Bibbulmun Noongar from the South West town of Busselton, and has won two NAIDOC poster competitions.","NAIDOC 1995 Poster | NAIDOC is indexed from the official NAIDOC Poster Gallery. Ian Wallan Hill is a Bibbulmun Noongar from the South West town of Busselton, and has won two NAIDOC poster competitions.","NAIDOC annual posters document Indigenous public communication, identity, commemoration, and political-cultural visibility. They are treated as source-linked records with cultural and rights caution.","Captured from the official NAIDOC poster gallery as item-level poster records; classify under Australia/Indigenous, poster medium, and Aboriginal land-rights/NAIDOC poster culture where applicable.",Some older item pages provide sparse text; keep source return and avoid treating the image as project-owned.,NAIDOC Poster Gallery. NAIDOC 1995 Poster | NAIDOC. https://www.naidoc.org.au/posters/poster-gallery/naidoc-1995-poster. Accessed 2026-05-31.
GAPIT2026R054,GAP02,naidoc_indigenous_poster_item_records,SRC136,NAIDOC Poster Gallery,https://www.naidoc.org.au/posters/poster-gallery/naidoc-1996-poster,captured,naidoc-1996,https://www.naidoc.org.au/posters/poster-gallery/naidoc-1996-poster,NAIDOC 1996 Poster,Ron Corbett,1996,1996,1996,Australia / Indigenous,poster-object / official poster-gallery item,poster / Indigenous public communication,NAIDOC Poster Gallery,"The faces represent the regeneration of families and communities who make up Indigenous peoples of Australia. The animal life form the land and the sea represents the food, knowledge and wisdom of the oldest surviving culture in the world. We come alive through our spiritual connection with the land, our mother.",Survive-Revive-Come Alive,NAIDOC; Aboriginal and Torres Strait Islander poster culture; Indigenous public graphics; annual public communication,NAIDOC exposes source-hosted poster images/download links; the index treats them as source-viewer evidence with Indigenous/community context and no local copy.,,NAIDOC exposes source-hosted poster images/download links; the index treats them as source-viewer evidence with Indigenous/community context and no local copy.,IMG02,NAIDOC exposes source-hosted poster images/download links; the index treats them as source-viewer evidence with Indigenous/community context and no local copy.,IMG02: NAIDOC exposes source-hosted poster images/download links; the index treats them as source-viewer evidence with Indigenous/community context and no local copy.,high,true,Source-hosted display only; no local image copy or ownership claim.,source_viewer_frame,https://www.naidoc.org.au/sites/default/files/images/photo-gallery-items/1996.PNG,false,https://www.naidoc.org.au/posters/poster-gallery/naidoc-1996-poster,false,,data/capture_batch_gap_noncanonical_image_text_1930_2000_raw/naidoc_poster_1996.json,2026-05-31,expected,ok,source_viewer_frame,"The faces represent the regeneration of families and communities who make up Indigenous peoples of Australia. The animal life form the land and the sea represents the food, knowledge and wisdom of the oldest surviving culture in the world. We come alive through our spiritual connection with the land, our mother.","The faces represent the regeneration of families and communities who make up Indigenous peoples of Australia. The animal life form the land and the sea represents the food, knowledge and wisdom of the oldest surviving culture in the world. We come alive through our spiritual connection with the land, our mother.","NAIDOC 1996 Poster | NAIDOC is indexed from the official NAIDOC Poster Gallery. The faces represent the regeneration of families and communities who make up Indigenous peoples of Australia. The animal life form the land and the sea represents the food, knowledge and wisdom of the oldest surviving culture in the world. We come alive through our spiritual connection with the land, our mother.","NAIDOC annual posters document Indigenous public communication, identity, commemoration, and political-cultural visibility. They are treated as source-linked records with cultural and rights caution.","Captured from the official NAIDOC poster gallery as item-level poster records; classify under Australia/Indigenous, poster medium, and Aboriginal land-rights/NAIDOC poster culture where applicable.",Some older item pages provide sparse text; keep source return and avoid treating the image as project-owned.,NAIDOC Poster Gallery. NAIDOC 1996 Poster | NAIDOC. https://www.naidoc.org.au/posters/poster-gallery/naidoc-1996-poster. Accessed 2026-05-31.
GAPIT2026R055,GAP02,naidoc_indigenous_poster_item_records,SRC136,NAIDOC Poster Gallery,https://www.naidoc.org.au/posters/poster-gallery/naidoc-1997-poster,captured,naidoc-1997,https://www.naidoc.org.au/posters/poster-gallery/naidoc-1997-poster,NAIDOC 1997 Poster,Eleanor Binge,1997,1997,1997,Australia / Indigenous,poster-object / official poster-gallery item,poster / Indigenous public communication,NAIDOC Poster Gallery,"Gurindji, Mabo, Wik-Three Strikes for Justice-Celebrating the 30th Anniversary of the 1967 Referendum",The Protector,NAIDOC; Aboriginal and Torres Strait Islander poster culture; Indigenous public graphics; annual public communication,NAIDOC exposes source-hosted poster images/download links; the index treats them as source-viewer evidence with Indigenous/community context and no local copy.,,NAIDOC exposes source-hosted poster images/download links; the index treats them as source-viewer evidence with Indigenous/community context and no local copy.,IMG02,NAIDOC exposes source-hosted poster images/download links; the index treats them as source-viewer evidence with Indigenous/community context and no local copy.,IMG02: NAIDOC exposes source-hosted poster images/download links; the index treats them as source-viewer evidence with Indigenous/community context and no local copy.,high,true,Source-hosted display only; no local image copy or ownership claim.,source_viewer_frame,https://www.naidoc.org.au/sites/default/files/images/photo-gallery-items/1997_0.PNG,false,https://www.naidoc.org.au/posters/poster-gallery/naidoc-1997-poster,false,,data/capture_batch_gap_noncanonical_image_text_1930_2000_raw/naidoc_poster_1997.json,2026-05-31,expected,ok,source_viewer_frame,"Gurindji, Mabo, Wik-Three Strikes for Justice-Celebrating the 30th Anniversary of the 1967 Referendum","Gurindji, Mabo, Wik-Three Strikes for Justice-Celebrating the 30th Anniversary of the 1967 Referendum","NAIDOC 1997 Poster | NAIDOC is indexed from the official NAIDOC Poster Gallery. Gurindji, Mabo, Wik-Three Strikes for Justice-Celebrating the 30th Anniversary of the 1967 Referendum","NAIDOC annual posters document Indigenous public communication, identity, commemoration, and political-cultural visibility. They are treated as source-linked records with cultural and rights caution.","Captured from the official NAIDOC poster gallery as item-level poster records; classify under Australia/Indigenous, poster medium, and Aboriginal land-rights/NAIDOC poster culture where applicable.",Some older item pages provide sparse text; keep source return and avoid treating the image as project-owned.,NAIDOC Poster Gallery. NAIDOC 1997 Poster | NAIDOC. https://www.naidoc.org.au/posters/poster-gallery/naidoc-1997-poster. Accessed 2026-05-31.
GAPIT2026R056,GAP02,naidoc_indigenous_poster_item_records,SRC136,NAIDOC Poster Gallery,https://www.naidoc.org.au/posters/poster-gallery/naidoc-1998-poster,captured,naidoc-1998,https://www.naidoc.org.au/posters/poster-gallery/naidoc-1998-poster,NAIDOC 1998 Poster,Ray Thomas,1998,1998,1998,Australia / Indigenous,poster-object / official poster-gallery item,poster / Indigenous public communication,NAIDOC Poster Gallery,"Poster title: Bringing Them Home; Artist: Ray Thomas; Image description: Features a painting depicting different scenes of Indigenous people, including two men holding up a white banner which contains the title.",Bringing Them Home,NAIDOC; Aboriginal and Torres Strait Islander poster culture; Indigenous public graphics; annual public communication,NAIDOC exposes source-hosted poster images/download links; the index treats them as source-viewer evidence with Indigenous/community context and no local copy.,,NAIDOC exposes source-hosted poster images/download links; the index treats them as source-viewer evidence with Indigenous/community context and no local copy.,IMG02,NAIDOC exposes source-hosted poster images/download links; the index treats them as source-viewer evidence with Indigenous/community context and no local copy.,IMG02: NAIDOC exposes source-hosted poster images/download links; the index treats them as source-viewer evidence with Indigenous/community context and no local copy.,high,true,Source-hosted display only; no local image copy or ownership claim.,source_viewer_frame,https://www.naidoc.org.au/sites/default/files/images/photo-gallery-items/1998.PNG,false,https://www.naidoc.org.au/posters/poster-gallery/naidoc-1998-poster,false,,data/capture_batch_gap_noncanonical_image_text_1930_2000_raw/naidoc_poster_1998.json,2026-05-31,expected,ok,source_viewer_frame,"Poster title: Bringing Them Home; Artist: Ray Thomas; Image description: Features a painting depicting different scenes of Indigenous people, including two men holding up a white banner which contains the title.","Poster title: Bringing Them Home; Artist: Ray Thomas; Image description: Features a painting depicting different scenes of Indigenous people, including two men holding up a white banner which contains the title.","NAIDOC 1998 Poster | NAIDOC is indexed from the official NAIDOC Poster Gallery. Poster title: Bringing Them Home; Artist: Ray Thomas; Image description: Features a painting depicting different scenes of Indigenous people, including two men holding up a white banner which contains the title.","NAIDOC annual posters document Indigenous public communication, identity, commemoration, and political-cultural visibility. They are treated as source-linked records with cultural and rights caution.","Captured from the official NAIDOC poster gallery as item-level poster records; classify under Australia/Indigenous, poster medium, and Aboriginal land-rights/NAIDOC poster culture where applicable.",Some older item pages provide sparse text; keep source return and avoid treating the image as project-owned.,NAIDOC Poster Gallery. NAIDOC 1998 Poster | NAIDOC. https://www.naidoc.org.au/posters/poster-gallery/naidoc-1998-poster. Accessed 2026-05-31.
GAPIT2026R057,GAP02,naidoc_indigenous_poster_item_records,SRC136,NAIDOC Poster Gallery,https://www.naidoc.org.au/posters/poster-gallery/naidoc-1999-poster,captured,naidoc-1999,https://www.naidoc.org.au/posters/poster-gallery/naidoc-1999-poster,NAIDOC 1999 Poster,Warwick Keen,1999,1999,1999,Australia / Indigenous,poster-object / official poster-gallery item,poster / Indigenous public communication,NAIDOC Poster Gallery,"Poster title: Show Some, Earn Some Respect; Artist: Warwick Keen; Image description: Painting of stylised Aboriginal mother and child encircled by the rainbow serpent.","Show Some, Earn Some Respect",NAIDOC; Aboriginal and Torres Strait Islander poster culture; Indigenous public graphics; annual public communication,NAIDOC exposes source-hosted poster images/download links; the index treats them as source-viewer evidence with Indigenous/community context and no local copy.,,NAIDOC exposes source-hosted poster images/download links; the index treats them as source-viewer evidence with Indigenous/community context and no local copy.,IMG02,NAIDOC exposes source-hosted poster images/download links; the index treats them as source-viewer evidence with Indigenous/community context and no local copy.,IMG02: NAIDOC exposes source-hosted poster images/download links; the index treats them as source-viewer evidence with Indigenous/community context and no local copy.,high,true,Source-hosted display only; no local image copy or ownership claim.,source_viewer_frame,https://www.naidoc.org.au/sites/default/files/images/photo-gallery-items/1999.PNG,false,https://www.naidoc.org.au/posters/poster-gallery/naidoc-1999-poster,false,,data/capture_batch_gap_noncanonical_image_text_1930_2000_raw/naidoc_poster_1999.json,2026-05-31,expected,ok,source_viewer_frame,"Poster title: Show Some, Earn Some Respect; Artist: Warwick Keen; Image description: Painting of stylised Aboriginal mother and child encircled by the rainbow serpent.","Poster title: Show Some, Earn Some Respect; Artist: Warwick Keen; Image description: Painting of stylised Aboriginal mother and child encircled by the rainbow serpent.","NAIDOC 1999 Poster | NAIDOC is indexed from the official NAIDOC Poster Gallery. Poster title: Show Some, Earn Some Respect; Artist: Warwick Keen; Image description: Painting of stylised Aboriginal mother and child encircled by the rainbow serpent.","NAIDOC annual posters document Indigenous public communication, identity, commemoration, and political-cultural visibility. They are treated as source-linked records with cultural and rights caution.","Captured from the official NAIDOC poster gallery as item-level poster records; classify under Australia/Indigenous, poster medium, and Aboriginal land-rights/NAIDOC poster culture where applicable.",Some older item pages provide sparse text; keep source return and avoid treating the image as project-owned.,NAIDOC Poster Gallery. NAIDOC 1999 Poster | NAIDOC. https://www.naidoc.org.au/posters/poster-gallery/naidoc-1999-poster. Accessed 2026-05-31.
GAPIT2026R058,GAP02,naidoc_indigenous_poster_item_records,SRC136,NAIDOC Poster Gallery,https://www.naidoc.org.au/posters/poster-gallery/naidoc-2000-poster,captured,naidoc-2000,https://www.naidoc.org.au/posters/poster-gallery/naidoc-2000-poster,NAIDOC 2000 Poster,Cecily Wellington/Carpenter,2000,2000,2000,Australia / Indigenous,poster-object / official poster-gallery item,poster / Indigenous public communication,NAIDOC Poster Gallery,"""Indigenous Unity. Past, present, future. To take pride in our Aboriginal communities. It's all about coming together uniting and gaining strength to survive, aiming for our goals, to be proud of our race and culture."" - Cecily Wellington/Carpenter",Building Pride in our Communities,NAIDOC; Aboriginal and Torres Strait Islander poster culture; Indigenous public graphics; annual public communication,NAIDOC exposes source-hosted poster images/download links; the index treats them as source-viewer evidence with Indigenous/community context and no local copy.,,NAIDOC exposes source-hosted poster images/download links; the index treats them as source-viewer evidence with Indigenous/community context and no local copy.,IMG02,NAIDOC exposes source-hosted poster images/download links; the index treats them as source-viewer evidence with Indigenous/community context and no local copy.,IMG02: NAIDOC exposes source-hosted poster images/download links; the index treats them as source-viewer evidence with Indigenous/community context and no local copy.,high,true,Source-hosted display only; no local image copy or ownership claim.,source_viewer_frame,https://www.naidoc.org.au/sites/default/files/images/photo-gallery-items/2000.PNG,false,https://www.naidoc.org.au/posters/poster-gallery/naidoc-2000-poster,false,,data/capture_batch_gap_noncanonical_image_text_1930_2000_raw/naidoc_poster_2000.json,2026-05-31,expected,ok,source_viewer_frame,"""Indigenous Unity. Past, present, future. To take pride in our Aboriginal communities. It's all about coming together uniting and gaining strength to survive, aiming for our goals, to be proud of our race and culture."" - Cecily Wellington/Carpenter","""Indigenous Unity. Past, present, future. To take pride in our Aboriginal communities. It's all about coming together uniting and gaining strength to survive, aiming for our goals, to be proud of our race and culture."" - Cecily Wellington/Carpenter","NAIDOC 2000 Poster | NAIDOC is indexed from the official NAIDOC Poster Gallery. ""Indigenous Unity. Past, present, future. To take pride in our Aboriginal communities. It's all about coming together uniting and gaining strength to survive, aiming for our goals, to be proud of our race and culture."" - Cecily Wellington/Carpenter","NAIDOC annual posters document Indigenous public communication, identity, commemoration, and political-cultural visibility. They are treated as source-linked records with cultural and rights caution.","Captured from the official NAIDOC poster gallery as item-level poster records; classify under Australia/Indigenous, poster medium, and Aboriginal land-rights/NAIDOC poster culture where applicable.",Some older item pages provide sparse text; keep source return and avoid treating the image as project-owned.,NAIDOC Poster Gallery. NAIDOC 2000 Poster | NAIDOC. https://www.naidoc.org.au/posters/poster-gallery/naidoc-2000-poster. Accessed 2026-05-31.
