source_name,captured_records,image_states,notes
"Wikimedia Commons file source / ""13 - ITALY - Dogliani DOCG superiore (13 vol) Red wine of piedmont - origin Mark of quality (origin controlled and quality garantendo).jpg / page 44122117",1,IMG03:1,Controlled Commons open-license metadata; no image binary downloaded; explicit object-year evidence required
"Wikimedia Commons file source / ""Don't waste food while others starve"" - NARA - 512584.jpg / page 17080343",1,IMG03:1,Controlled Commons open-license metadata; no image binary downloaded; explicit object-year evidence required
"Wikimedia Commons file source / ""Get into khaki""; we are doing our bit - H.M. Burton. LCCN2004675098.jpg / page 66239646",1,IMG03:1,Controlled Commons open-license metadata; no image binary downloaded; explicit object-year evidence required
"Wikimedia Commons file source / ""Metropolis"" (1927 film) (15418159339).jpg / page 51249898",1,IMG03:1,Controlled Commons open-license metadata; no image binary downloaded; explicit object-year evidence required
"Wikimedia Commons file source / ""Paulchens Millionenkuss"".jpg / page 78333275",1,IMG03:1,Controlled Commons open-license metadata; no image binary downloaded; explicit object-year evidence required
"Wikimedia Commons file source / ""The queen of flours"" (back) - 8190857293.jpg / page 107274111",1,IMG03:1,Controlled Commons open-license metadata; no image binary downloaded; explicit object-year evidence required
"Wikimedia Commons file source / ""The queen of flours"" (front) - 8190857213.jpg / page 107274110",1,IMG03:1,Controlled Commons open-license metadata; no image binary downloaded; explicit object-year evidence required
"Wikimedia Commons file source / ""Variable Views"" Cover, Sept. 1977.jpg / page 130302098",1,IMG03:1,Controlled Commons open-license metadata; no image binary downloaded; explicit object-year evidence required
Wikimedia Commons file source / .. Red Indian cut plug .. LCCN2014646800.jpg / page 66272147,1,IMG03:1,Controlled Commons open-license metadata; no image binary downloaded; explicit object-year evidence required
"Wikimedia Commons file source / 050 Saló Imperial, Rambla 201 (Sabadell).jpg / page 28105430",1,IMG03:1,Controlled Commons open-license metadata; no image binary downloaded; explicit object-year evidence required
Wikimedia Commons file source / 1-wanjinyou.jpg / page 58160855,1,IMG03:1,Controlled Commons open-license metadata; no image binary downloaded; explicit object-year evidence required
Wikimedia Commons file source / 1000th birthday Avicenna stamp.jpg / page 19304095,1,IMG03:1,Controlled Commons open-license metadata; no image binary downloaded; explicit object-year evidence required
"Wikimedia Commons file source / 10c. Lire le Chat Noir affiche, L. Burret.jpg / page 147610653",1,IMG03:1,Controlled Commons open-license metadata; no image binary downloaded; explicit object-year evidence required
"Wikimedia Commons file source / 12- 44DEGREES online art magazine-TAMMY MIKE LAUFER founder, editor and designer 2013.jpg / page 51787671",1,IMG03:1,Controlled Commons open-license metadata; no image binary downloaded; explicit object-year evidence required
Wikimedia Commons file source / 1200 anios de iglesia.JPG / page 797514,1,IMG03:1,Controlled Commons open-license metadata; no image binary downloaded; explicit object-year evidence required
Wikimedia Commons file source / 150dpiWalden A1 Poster.jpg / page 115344978,1,IMG03:1,Controlled Commons open-license metadata; no image binary downloaded; explicit object-year evidence required
"Wikimedia Commons file source / 184 Armagh Street, Christchurch (1902).jpg / page 38102115",1,IMG03:1,Controlled Commons open-license metadata; no image binary downloaded; explicit object-year evidence required
Wikimedia Commons file source / 1885 10c RepDominicana 4 Mi64.jpg / page 68458596,1,IMG03:1,Controlled Commons open-license metadata; no image binary downloaded; explicit object-year evidence required
Wikimedia Commons file source / 1893 2half Gold Coast Akropong Yv15 SG14.jpg / page 74806813,1,IMG03:1,Controlled Commons open-license metadata; no image binary downloaded; explicit object-year evidence required
Wikimedia Commons file source / 1899 10c RepDominicana San Mi77.jpg / page 68458595,1,IMG03:1,Controlled Commons open-license metadata; no image binary downloaded; explicit object-year evidence required
Wikimedia Commons file source / 1900 1Peso RepDominicana Mi92.jpg / page 68460439,1,IMG03:1,Controlled Commons open-license metadata; no image binary downloaded; explicit object-year evidence required
Wikimedia Commons file source / 1900 stamp of Dominican Republic.jpg / page 11370950,1,IMG03:1,Controlled Commons open-license metadata; no image binary downloaded; explicit object-year evidence required
Wikimedia Commons file source / 1900issue medio RepDominicana false cancel Mi85.jpg / page 68460440,1,IMG03:1,Controlled Commons open-license metadata; no image binary downloaded; explicit object-year evidence required
Wikimedia Commons file source / 1901 5c RepDominicana plume Mi96.jpg / page 68460995,1,IMG03:1,Controlled Commons open-license metadata; no image binary downloaded; explicit object-year evidence required
Wikimedia Commons file source / 1903 Ramon Carrera photographer Havana Cuba advert.png / page 49384705,1,IMG03:1,Controlled Commons open-license metadata; no image binary downloaded; explicit object-year evidence required
Wikimedia Commons file source / 1903 South Africa newspaper advertisement London.png / page 23437289,1,IMG03:1,Controlled Commons open-license metadata; no image binary downloaded; explicit object-year evidence required
Wikimedia Commons file source / 1909-10-01 Lena Park Polish advertisement.png / page 144774612,1,IMG03:1,Controlled Commons open-license metadata; no image binary downloaded; explicit object-year evidence required
Wikimedia Commons file source / 1911 Ponce Sporting Goods advert Correspondencia de Puerto Rico 1 December.png / page 59285623,1,IMG03:1,Controlled Commons open-license metadata; no image binary downloaded; explicit object-year evidence required
Wikimedia Commons file source / 1911-04-20 Illustrirte Zeitung S. 0002 S. II Änne Koken Hannoversche Bank Hannover Stahlkammer (Ansicht des Safes-Tresors).jpg / page 37542114,1,IMG03:1,Controlled Commons open-license metadata; no image binary downloaded; explicit object-year evidence required
Wikimedia Commons file source / 1911-04-20 Illustrirte Zeitung S. 0004 S. IV noch unidentifizierte Künstler Fotograf Hotel Bristol Hannover Besitzer Friedrich Wilhelm Nolte.jpg / page 37544007,1,IMG03:1,Controlled Commons open-license metadata; no image binary downloaded; explicit object-year evidence required
"Wikimedia Commons file source / 1911-04-20 Illustrirte Zeitung S. 0008 S. VIII Hannoverscher Curier Gebrüder Jänecke, Künstlersignatur AS.jpg / page 37762736",1,IMG03:1,Controlled Commons open-license metadata; no image binary downloaded; explicit object-year evidence required
"Wikimedia Commons file source / 1911-04-20 Illustrirte Zeitung S. 0012 S. XII Das atmende Haus, Spezialfirma für Lüftungen, George Schreider, Hannover, Burgstraße 40, Änne Köken.jpg / page 40917396",1,IMG03:1,Controlled Commons open-license metadata; no image binary downloaded; explicit object-year evidence required
"Wikimedia Commons file source / 1911-04-20 Illustrirte Zeitung S. 0016 S. XVI Lindener Samt Mechanische Weberei Hannover-Linden, Änne Koken.jpg / page 37614771",1,IMG03:1,Controlled Commons open-license metadata; no image binary downloaded; explicit object-year evidence required
"Wikimedia Commons file source / 1911-04-20 Illustrirte Zeitung S. 0021 S. XXI Kammgarn-Spinnerei & Färberei Ludwig Hampe Helmstedt, Änne Koken.jpg / page 37867492",1,IMG03:1,Controlled Commons open-license metadata; no image binary downloaded; explicit object-year evidence required
Wikimedia Commons file source / 1912 Hotel Kalee Shanghai.png / page 24946452,1,IMG03:1,Controlled Commons open-license metadata; no image binary downloaded; explicit object-year evidence required
Wikimedia Commons file source / 1922-11-10 Birthday greeting Gus Reiss A.jpg / page 193361552,1,IMG03:1,Controlled Commons open-license metadata; no image binary downloaded; explicit object-year evidence required
Wikimedia Commons file source / 1935 Sri Krishna Leelalu poster.jpg / page 120001263,1,IMG03:1,Controlled Commons open-license metadata; no image binary downloaded; explicit object-year evidence required
"Wikimedia Commons file source / 1950 ""Avicenna"" stamp of Iran.jpg / page 64290684",1,IMG03:1,Controlled Commons open-license metadata; no image binary downloaded; explicit object-year evidence required
Wikimedia Commons file source / 1950 advertisement for Cole swimsuits.png / page 170292623,1,IMG03:1,Controlled Commons open-license metadata; no image binary downloaded; explicit object-year evidence required
Wikimedia Commons file source / 1951 anti-American demonstration in Tehran.jpg / page 174413246,1,IMG03:1,Controlled Commons open-license metadata; no image binary downloaded; explicit object-year evidence required
"Wikimedia Commons file source / 1952 ""Petroleum of Qom"" stamp of Iran.jpg / page 64290972",1,IMG03:1,Controlled Commons open-license metadata; no image binary downloaded; explicit object-year evidence required
Wikimedia Commons file source / 1960 Maharathi Karna poster.jpg / page 120085934,1,IMG03:1,Controlled Commons open-license metadata; no image binary downloaded; explicit object-year evidence required
Wikimedia Commons file source / 1960 Srikrishna Rayabaramu film poster.jpg / page 120099295,1,IMG03:1,Controlled Commons open-license metadata; no image binary downloaded; explicit object-year evidence required
"Wikimedia Commons file source / 1967 Philippines Convair Jet Service First Flight Cover to Tokyo, Japan.jpg / page 152192823",1,IMG03:1,Controlled Commons open-license metadata; no image binary downloaded; explicit object-year evidence required
Wikimedia Commons file source / 1970 - Carvel - 15 Oct MC - Allentown PA.jpg / page 111022235,1,IMG03:1,Controlled Commons open-license metadata; no image binary downloaded; explicit object-year evidence required
Wikimedia Commons file source / 1970 - Hess Brothers Auto Center - 13 Jan MC - Allentown PA.jpg / page 88673239,1,IMG03:1,Controlled Commons open-license metadata; no image binary downloaded; explicit object-year evidence required
Wikimedia Commons file source / 1970 - Judds - 5 Mar MC - Allentown PA.jpg / page 93297425,1,IMG03:1,Controlled Commons open-license metadata; no image binary downloaded; explicit object-year evidence required
Wikimedia Commons file source / 1971 Holden Torana (LC) Deluxe 1200 4-door sedan (2015-07-15) 02.jpg / page 44957394,1,IMG03:1,Controlled Commons open-license metadata; no image binary downloaded; explicit object-year evidence required
Wikimedia Commons file source / 1972 - Capri Theater Ad - 11 Jun MC - Allentown PA.jpg / page 57703134,1,IMG03:1,Controlled Commons open-license metadata; no image binary downloaded; explicit object-year evidence required
Wikimedia Commons file source / 1974 - Colonial Theater Ad - 28 May MC - Allentown PA.jpg / page 57703438,1,IMG03:1,Controlled Commons open-license metadata; no image binary downloaded; explicit object-year evidence required
"Wikimedia Commons file source / 1977 ""Teacher's Day"" stamps of Iran.jpg / page 64291033",1,IMG03:1,Controlled Commons open-license metadata; no image binary downloaded; explicit object-year evidence required
Wikimedia Commons file source / 1981-Philippine-Airlines-Skybed-First-Class-Print-Ad.jpg / page 144254359,1,IMG03:1,Controlled Commons open-license metadata; no image binary downloaded; explicit object-year evidence required
Wikimedia Commons file source / 2100x1400 CTH Poster Art.jpg / page 138722670,1,IMG03:1,Controlled Commons open-license metadata; no image binary downloaded; explicit object-year evidence required
Wikimedia Commons file source / 2CV no Porto (2).jpg / page 61511654,1,IMG03:1,Controlled Commons open-license metadata; no image binary downloaded; explicit object-year evidence required
Wikimedia Commons file source / 54 first years - Avi Mograbi - poster.jpg / page 113393179,1,IMG03:1,Controlled Commons open-license metadata; no image binary downloaded; explicit object-year evidence required
Wikimedia Commons file source / @Followers poster 2025.jpg / page 164323439,1,IMG03:1,Controlled Commons open-license metadata; no image binary downloaded; explicit object-year evidence required
Wikimedia Commons file source / A 1965 Syrian postage stamp commemorating the Deir Yassin massacre in Palestine (2).jpg / page 174644263,1,IMG03:1,Controlled Commons open-license metadata; no image binary downloaded; explicit object-year evidence required
Wikimedia Commons file source / A 1965 Syrian postage stamp commemorating the Deir Yassin massacre in Palestine.jpg / page 174644262,1,IMG03:1,Controlled Commons open-license metadata; no image binary downloaded; explicit object-year evidence required
"Wikimedia Commons file source / A Syrian postage stamp commemorating the 34th anniversary of the March 8 Revolution that brought the Ba'ath Party to power, 1997.jpg / page 176102287",1,IMG03:1,Controlled Commons open-license metadata; no image binary downloaded; explicit object-year evidence required
"Wikimedia Commons file source / ADVERTISEMENT FOR THE DIAL A RIDE RADIO DISPATCHED DOOR-TO-DOOR BUS SERVICE IN HADDONFIELD, NEW JERSEY. IT BEGAN IN... - NARA - 556751.jpg / page 16926974",1,IMG03:1,Controlled Commons open-license metadata; no image binary downloaded; explicit object-year evidence required
"Wikimedia Commons file source / ADVERTISEMENT FOR THE DIAL A RIDE RADIO DISPATCHED DOOR-TO-DOOR BUS SERVICE IN HADDONFIELD, NEW JERSEY. IT BEGAN IN... - NARA - 556751.tif / page 16827056",1,IMG03:1,Controlled Commons open-license metadata; no image binary downloaded; explicit object-year evidence required
"Wikimedia Commons file source / ADVERTISEMENT PAINTED ON A WALL IN GALVESTON, TEXAS. THIS IS ONE OF A SERIES OF 21 BLACK AND WHITE PHOTOGRAPHS. THEY... - NARA - 557642.tif / page 16825049",1,IMG03:1,Controlled Commons open-license metadata; no image binary downloaded; explicit object-year evidence required
Wikimedia Commons file source / AHSA Cover March1994 Horse Show.jpeg / page 47828910,1,IMG03:1,Controlled Commons open-license metadata; no image binary downloaded; explicit object-year evidence required
Wikimedia Commons file source / AOTS cover print.tif / page 63324248,1,IMG03:1,Controlled Commons open-license metadata; no image binary downloaded; explicit object-year evidence required
Wikimedia Commons file source / ARCH+191-192 cover.jpg / page 19284041,1,IMG03:1,Controlled Commons open-license metadata; no image binary downloaded; explicit object-year evidence required
Wikimedia Commons file source / AU Royal Australian Naval Volunteer Reserve recruiting advertisement 1941.jpg / page 91169062,1,IMG03:1,Controlled Commons open-license metadata; no image binary downloaded; explicit object-year evidence required
Wikimedia Commons file source / Acres made scarce advertisement Door County Advocate 1970.tif / page 113072661,1,IMG03:1,Controlled Commons open-license metadata; no image binary downloaded; explicit object-year evidence required
Wikimedia Commons file source / Adidas aviso dia nino.jpg / page 94917162,1,IMG03:1,Controlled Commons open-license metadata; no image binary downloaded; explicit object-year evidence required
Wikimedia Commons file source / Adolf-Willette pseudo-medieval chastity-belt trade-card Theophile-Bein.jpg / page 3520785,1,IMG03:1,Controlled Commons open-license metadata; no image binary downloaded; explicit object-year evidence required
Wikimedia Commons file source / Adriano Celentano 1970.png / page 140210187,1,IMG03:1,Controlled Commons open-license metadata; no image binary downloaded; explicit object-year evidence required
Wikimedia Commons file source / Advertisement - Caribe Hilton.jpg / page 160517643,1,IMG03:1,Controlled Commons open-license metadata; no image binary downloaded; explicit object-year evidence required
Wikimedia Commons file source / Advertisement - Hotel Normandie.jpg / page 160517636,1,IMG03:1,Controlled Commons open-license metadata; no image binary downloaded; explicit object-year evidence required
Wikimedia Commons file source / Advertisement - Miramar Charterhouse Hotel.jpg / page 160517637,2,IMG03:2,Controlled Commons open-license metadata; no image binary downloaded; explicit object-year evidence required
Wikimedia Commons file source / Advertisement Bernard Kober in Gazeta Poranna (1930).JPG / page 48197915,1,IMG03:1,Controlled Commons open-license metadata; no image binary downloaded; explicit object-year evidence required
Wikimedia Commons file source / Advertisement Davar 16.6.1925.jpg / page 7400928,1,IMG03:1,Controlled Commons open-license metadata; no image binary downloaded; explicit object-year evidence required
Wikimedia Commons file source / Advertisement Henryk Perier (1914).JPG / page 47627480,1,IMG03:1,Controlled Commons open-license metadata; no image binary downloaded; explicit object-year evidence required
Wikimedia Commons file source / Advertisement for K.T. Epicurean's Powder - DPLA - 57b830d7d38ffd41e93eb73258048582.jpg / page 123753008,1,IMG03:1,Controlled Commons open-license metadata; no image binary downloaded; explicit object-year evidence required
Wikimedia Commons file source / Advertisement for People's International Commerce Developing Company.jpg / page 33309396,1,IMG03:1,Controlled Commons open-license metadata; no image binary downloaded; explicit object-year evidence required
Wikimedia Commons file source / Advertisement for Roessle Brewing Co. (Boston Public Library).jpg / page 16003338,1,IMG03:1,Controlled Commons open-license metadata; no image binary downloaded; explicit object-year evidence required
Wikimedia Commons file source / Advertisement for Roessle Brewing Company (Boston Public Library).jpg / page 16003041,1,IMG03:1,Controlled Commons open-license metadata; no image binary downloaded; explicit object-year evidence required
Wikimedia Commons file source / Advertisement for Severin & Andreas Jensen.jpg / page 11812242,1,IMG03:1,Controlled Commons open-license metadata; no image binary downloaded; explicit object-year evidence required
Wikimedia Commons file source / Advertisement for Toyo Cork Kogyo Co.png / page 88201236,1,IMG03:1,Controlled Commons open-license metadata; no image binary downloaded; explicit object-year evidence required
Wikimedia Commons file source / Advertisement in a 1919 newspaper for the kino-drama Uirijeok guto.jpg / page 56848036,1,IMG03:1,Controlled Commons open-license metadata; no image binary downloaded; explicit object-year evidence required
Wikimedia Commons file source / Advertisement of Modess in China in 1930.jpg / page 94832442,1,IMG03:1,Controlled Commons open-license metadata; no image binary downloaded; explicit object-year evidence required
Wikimedia Commons file source / Advertisement of the Railway Ministry of Taiwan.jpg / page 71066491,1,IMG03:1,Controlled Commons open-license metadata; no image binary downloaded; explicit object-year evidence required
"Wikimedia Commons file source / Advertisement, Guy Motors Ltd., Wolverhampton.jpg / page 20705384",1,IMG03:1,Controlled Commons open-license metadata; no image binary downloaded; explicit object-year evidence required
Wikimedia Commons file source / AdvertisementDrCoppsWhiteMountainBitters1883.jpg / page 5394974,1,IMG03:1,Controlled Commons open-license metadata; no image binary downloaded; explicit object-year evidence required
Wikimedia Commons file source / Affiche publicitaire E&C Pasquay Wasselonne.png / page 16182076,1,IMG03:1,Controlled Commons open-license metadata; no image binary downloaded; explicit object-year evidence required
Wikimedia Commons file source / Afisha 1950.jpg / page 117324782,1,IMG03:1,Controlled Commons open-license metadata; no image binary downloaded; explicit object-year evidence required
Wikimedia Commons file source / Agouza advertisement 1940s.jpg / page 78815980,1,IMG03:1,Controlled Commons open-license metadata; no image binary downloaded; explicit object-year evidence required
Wikimedia Commons file source / Aheylite-Cassiterite-rare08-2-01a.jpg / page 10457834,1,IMG03:1,Controlled Commons open-license metadata; no image binary downloaded; explicit object-year evidence required
Wikimedia Commons file source / Aheylite-Cassiterite-rare08-2-01b.jpg / page 10457835,1,IMG03:1,Controlled Commons open-license metadata; no image binary downloaded; explicit object-year evidence required
Wikimedia Commons file source / Air Mata Iboe ad.jpg / page 26169186,1,IMG03:1,Controlled Commons open-license metadata; no image binary downloaded; explicit object-year evidence required
Wikimedia Commons file source / Al Qindeel.png / page 99421213,1,IMG03:1,Controlled Commons open-license metadata; no image binary downloaded; explicit object-year evidence required
Wikimedia Commons file source / Alevosía print edition cover issue 1 2003.jpg / page 189093162,1,IMG03:1,Controlled Commons open-license metadata; no image binary downloaded; explicit object-year evidence required
Wikimedia Commons file source / Alpine wrestling.png / page 74286080,1,IMG03:1,Controlled Commons open-license metadata; no image binary downloaded; explicit object-year evidence required
Wikimedia Commons file source / Amber Chia.jpg / page 3903752,1,IMG03:1,Controlled Commons open-license metadata; no image binary downloaded; explicit object-year evidence required
Wikimedia Commons file source / American Aid Advertisement Poster - NARA - 5900041.jpg / page 73525918,1,IMG03:1,Controlled Commons open-license metadata; no image binary downloaded; explicit object-year evidence required
Wikimedia Commons file source / American Homes and Gardens Magazine Cover - January 1906.jpg / page 76825453,1,IMG03:1,Controlled Commons open-license metadata; no image binary downloaded; explicit object-year evidence required
Wikimedia Commons file source / Amerika magazine cover 1991.jpg / page 91340586,1,IMG03:1,Controlled Commons open-license metadata; no image binary downloaded; explicit object-year evidence required
Wikimedia Commons file source / Amphioplus suspectus - OPH-000256 label.tif / page 127097175,1,IMG03:1,Controlled Commons open-license metadata; no image binary downloaded; explicit object-year evidence required
Wikimedia Commons file source / Amphiura senegalensis - OPH-000257 label.tif / page 127081986,1,IMG03:1,Controlled Commons open-license metadata; no image binary downloaded; explicit object-year evidence required
Wikimedia Commons file source / Amphiura ungulata - OPH-000314 label.tif / page 132419067,1,IMG03:1,Controlled Commons open-license metadata; no image binary downloaded; explicit object-year evidence required
Wikimedia Commons file source / Anglo-Mexican Petroleum advertisement Brasseys 1923.jpeg / page 15328256,1,IMG03:1,Controlled Commons open-license metadata; no image binary downloaded; explicit object-year evidence required
"Wikimedia Commons file source / Anuario del commercio peletero 1964-1965, Argentina, Alberto J. Blumenfeld (fur directory).jpg / page 55808594",1,IMG03:1,Controlled Commons open-license metadata; no image binary downloaded; explicit object-year evidence required
Wikimedia Commons file source / April 2013 NZ North&South magazine cover.jpg / page 78352826,1,IMG03:1,Controlled Commons open-license metadata; no image binary downloaded; explicit object-year evidence required
Wikimedia Commons file source / Architectural Place December 2025 Cover.png / page 179992676,1,IMG03:1,Controlled Commons open-license metadata; no image binary downloaded; explicit object-year evidence required
Wikimedia Commons file source / Arg1936-0445.jpeg / page 491458,1,IMG03:1,Controlled Commons open-license metadata; no image binary downloaded; explicit object-year evidence required
Wikimedia Commons file source / Arg1937-0446.jpeg / page 491464,1,IMG03:1,Controlled Commons open-license metadata; no image binary downloaded; explicit object-year evidence required
Wikimedia Commons file source / Argosy 1923-12-01--cover--The black jarl.jpg / page 89539015,1,IMG03:1,Controlled Commons open-license metadata; no image binary downloaded; explicit object-year evidence required
Wikimedia Commons file source / Argosy 1929-03-16 cover--Saga of Silver Bend.jpg / page 159110843,1,IMG03:1,Controlled Commons open-license metadata; no image binary downloaded; explicit object-year evidence required
Wikimedia Commons file source / Argosy All-Story 1928-10-20--Cover.jpg / page 157876230,1,IMG03:1,Controlled Commons open-license metadata; no image binary downloaded; explicit object-year evidence required
Wikimedia Commons file source / Argus - A.Y.P. ed. - Page 8a.jpg / page 6617656,1,IMG03:1,Controlled Commons open-license metadata; no image binary downloaded; explicit object-year evidence required
Wikimedia Commons file source / Aria and Shahin advertisement.jpg / page 85347250,1,IMG03:1,Controlled Commons open-license metadata; no image binary downloaded; explicit object-year evidence required
Wikimedia Commons file source / Arj advertisement on Ettela'at in 1974.jpg / page 127171043,1,IMG03:1,Controlled Commons open-license metadata; no image binary downloaded; explicit object-year evidence required
Wikimedia Commons file source / Art-forum1.jpg / page 63279867,1,IMG03:1,Controlled Commons open-license metadata; no image binary downloaded; explicit object-year evidence required
Wikimedia Commons file source / Arts-and-letters-Spring-1920.jpg / page 107286004,1,IMG03:1,Controlled Commons open-license metadata; no image binary downloaded; explicit object-year evidence required
"Wikimedia Commons file source / Ask for Dunbar's prize linen threads - see Exhibition main building, Toronto (20166863983).jpg / page 52300767",1,IMG03:1,Controlled Commons open-license metadata; no image binary downloaded; explicit object-year evidence required
Wikimedia Commons file source / Astorhouseca1910.png / page 187133297,1,IMG03:1,Controlled Commons open-license metadata; no image binary downloaded; explicit object-year evidence required
Wikimedia Commons file source / Atacamite-202005.jpg / page 10159359,1,IMG03:1,Controlled Commons open-license metadata; no image binary downloaded; explicit object-year evidence required
Wikimedia Commons file source / Atacamite-202006.jpg / page 10159361,1,IMG03:1,Controlled Commons open-license metadata; no image binary downloaded; explicit object-year evidence required
Wikimedia Commons file source / Atacamite-pas-121d.jpg / page 10456166,1,IMG03:1,Controlled Commons open-license metadata; no image binary downloaded; explicit object-year evidence required
Wikimedia Commons file source / AussieMagazine7cover.jpg / page 66320086,1,IMG03:1,Controlled Commons open-license metadata; no image binary downloaded; explicit object-year evidence required
Wikimedia Commons file source / Aviso crema y manteca la serenisima.jpg / page 122443157,1,IMG03:1,Controlled Commons open-license metadata; no image binary downloaded; explicit object-year evidence required
Wikimedia Commons file source / Aviso dodge argentina.jpg / page 118538734,1,IMG03:1,Controlled Commons open-license metadata; no image binary downloaded; explicit object-year evidence required
Wikimedia Commons file source / BBCover cmxk.tif / page 112060967,1,IMG03:1,Controlled Commons open-license metadata; no image binary downloaded; explicit object-year evidence required
"Wikimedia Commons file source / BK Velo Nørresundby v Aalborg BK cup match advertisement, Aalborg Amtstidende, 21 August 1926.png / page 99802781",1,IMG03:1,Controlled Commons open-license metadata; no image binary downloaded; explicit object-year evidence required
"Wikimedia Commons file source / BNK48 Ad, Bangkok, 2018-05-29 (002).jpg / page 70049375",1,IMG03:1,Controlled Commons open-license metadata; no image binary downloaded; explicit object-year evidence required
Wikimedia Commons file source / Baby Doll Magazine Issue No 2 (1963) Cover.jpg / page 120349064,1,IMG03:1,Controlled Commons open-license metadata; no image binary downloaded; explicit object-year evidence required
Wikimedia Commons file source / Badische Anilin & Soda-Fabrik dye label with deity - DPLA - 6700b5fe42f119c28663827bfa18ff6b.jpg / page 123752623,1,IMG03:1,Controlled Commons open-license metadata; no image binary downloaded; explicit object-year evidence required
"Wikimedia Commons file source / Baseline Drive-in Ad - 21 January 1970, Highland, CA.jpg / page 131303014",1,IMG03:1,Controlled Commons open-license metadata; no image binary downloaded; explicit object-year evidence required
Wikimedia Commons file source / Beco Lighting advertisement.jpg / page 112789100,1,IMG03:1,Controlled Commons open-license metadata; no image binary downloaded; explicit object-year evidence required
Wikimedia Commons file source / Bert Sommer.png / page 27011002,1,IMG03:1,Controlled Commons open-license metadata; no image binary downloaded; explicit object-year evidence required
"Wikimedia Commons file source / Berăria Gambrinus, Caragiale.jpg / page 18803096",1,IMG03:1,Controlled Commons open-license metadata; no image binary downloaded; explicit object-year evidence required
Wikimedia Commons file source / Bibby's Annual.jpg / page 15295860,1,IMG03:1,Controlled Commons open-license metadata; no image binary downloaded; explicit object-year evidence required
Wikimedia Commons file source / Bieckert aviso.jpg / page 53051969,1,IMG03:1,Controlled Commons open-license metadata; no image binary downloaded; explicit object-year evidence required
Wikimedia Commons file source / Bierbrauerei Fohrenburg Plakat.jpg / page 158005324,1,IMG03:1,Controlled Commons open-license metadata; no image binary downloaded; explicit object-year evidence required
Wikimedia Commons file source / Biscoitos Aymore (Jornal do Brasil - 1940).png / page 16205608,1,IMG03:1,Controlled Commons open-license metadata; no image binary downloaded; explicit object-year evidence required
"Wikimedia Commons file source / Black Denim Lit, February, 2014.jpg / page 31969149",1,IMG03:1,Controlled Commons open-license metadata; no image binary downloaded; explicit object-year evidence required
"Wikimedia Commons file source / Blackbird trade card, 1887.jpg / page 182773163",1,IMG03:1,Controlled Commons open-license metadata; no image binary downloaded; explicit object-year evidence required
Wikimedia Commons file source / Blind Faith (1970).jpg / page 28620182,1,IMG03:1,Controlled Commons open-license metadata; no image binary downloaded; explicit object-year evidence required
Wikimedia Commons file source / Boletín de anuncios de La Revista de Mérida 5 Dic 1878 p 1.jpg / page 122868732,1,IMG03:1,Controlled Commons open-license metadata; no image binary downloaded; explicit object-year evidence required
Wikimedia Commons file source / Boletín de anuncios de La Revista de Mérida 5 dic 1878 p 2.jpg / page 122868731,1,IMG03:1,Controlled Commons open-license metadata; no image binary downloaded; explicit object-year evidence required
Wikimedia Commons file source / Bonjour Mag cover by Segar.jpg / page 32557332,1,IMG03:1,Controlled Commons open-license metadata; no image binary downloaded; explicit object-year evidence required
"Wikimedia Commons file source / Bontems calling card, ca. 1890.jpg / page 24478564",1,IMG03:1,Controlled Commons open-license metadata; no image binary downloaded; explicit object-year evidence required
Wikimedia Commons file source / Boraxine advertisement - DPLA - c5e223b3bcb26d66e2d50c4422d6398c (page 1).jpg / page 120688735,1,IMG03:1,Controlled Commons open-license metadata; no image binary downloaded; explicit object-year evidence required
Wikimedia Commons file source / Braden o Perón.jpg / page 7564310,1,IMG03:1,Controlled Commons open-license metadata; no image binary downloaded; explicit object-year evidence required
Wikimedia Commons file source / Brandreth Pill advertisement.jpg / page 119856985,1,IMG03:1,Controlled Commons open-license metadata; no image binary downloaded; explicit object-year evidence required
Wikimedia Commons file source / Buckingham's Dye for the Whiskers 1-2 ca. 1885 (6669220303).jpg / page 41585272,1,IMG03:1,Controlled Commons open-license metadata; no image binary downloaded; explicit object-year evidence required
"Wikimedia Commons file source / Buenos Aires, varios 1994 22.jpg / page 115196818",1,IMG03:1,Controlled Commons open-license metadata; no image binary downloaded; explicit object-year evidence required
Wikimedia Commons file source / Bulgarian metal factory Progress in newspaper Duma ad 1939.png / page 96100215,1,IMG03:1,Controlled Commons open-license metadata; no image binary downloaded; explicit object-year evidence required
"Wikimedia Commons file source / Business card advertising Forrest, Jones & Co. as ""Dealers in Slaves"" 01.jpg / page 141850054",1,IMG03:1,Controlled Commons open-license metadata; no image binary downloaded; explicit object-year evidence required
"Wikimedia Commons file source / Business card advertising Forrest, Jones & Co. as ""Dealers in Slaves"" 02.jpg / page 141850053",1,IMG03:1,Controlled Commons open-license metadata; no image binary downloaded; explicit object-year evidence required
"Wikimedia Commons file source / Butterworth's Fine Boots, Trade Card, circa 1870s - LaPorte, Indiana (54313166037).jpg / page 164179679",1,IMG03:1,Controlled Commons open-license metadata; no image binary downloaded; explicit object-year evidence required
"Wikimedia Commons file source / Buzduganul cu trei peceți promo montage, 1977.png / page 123524906",1,IMG03:1,Controlled Commons open-license metadata; no image binary downloaded; explicit object-year evidence required
Wikimedia Commons file source / Bér Hadikölcsön.jpg / page 36667921,1,IMG03:1,Controlled Commons open-license metadata; no image binary downloaded; explicit object-year evidence required
Wikimedia Commons file source / C188a715 02.jpg / page 159851901,1,IMG03:1,Controlled Commons open-license metadata; no image binary downloaded; explicit object-year evidence required
Wikimedia Commons file source / CDC Get Smart poster healthy adult (hy).png / page 128708199,1,IMG03:1,Controlled Commons open-license metadata; no image binary downloaded; explicit object-year evidence required
Wikimedia Commons file source / CH-NB Poster Collection SNL EXPO 316.jpg / page 157581270,1,IMG03:1,Controlled Commons open-license metadata; no image binary downloaded; explicit object-year evidence required
Wikimedia Commons file source / Camion fargo aliento largo 1962.jpg / page 118580488,1,IMG03:1,Controlled Commons open-license metadata; no image binary downloaded; explicit object-year evidence required
Wikimedia Commons file source / Campaign Edvertising Billboard Ukraine 1999.jpg / page 30442042,1,IMG03:1,Controlled Commons open-license metadata; no image binary downloaded; explicit object-year evidence required
Wikimedia Commons file source / Candido Aragonez de Faria Chamonix-Mont-Blanc.jpg / page 22785112,1,IMG03:1,Controlled Commons open-license metadata; no image binary downloaded; explicit object-year evidence required
Wikimedia Commons file source / Carl Radle - Derek and the Dominos.png / page 138394785,1,IMG03:1,Controlled Commons open-license metadata; no image binary downloaded; explicit object-year evidence required
Wikimedia Commons file source / Carte publicitaire parfum Lariette LT Piver (1910).jpg / page 55289146,1,IMG03:1,Controlled Commons open-license metadata; no image binary downloaded; explicit object-year evidence required
Wikimedia Commons file source / Che Guevara - Propaganda Micrón - 1950.jpg / page 1471917,1,IMG03:1,Controlled Commons open-license metadata; no image binary downloaded; explicit object-year evidence required
Wikimedia Commons file source / Chemical Baking Powder.jpg / page 41522971,1,IMG03:1,Controlled Commons open-license metadata; no image binary downloaded; explicit object-year evidence required
Wikimedia Commons file source / CheongWaDae 청와대 19 (51989858466).jpg / page 118496229,1,IMG03:1,Controlled Commons open-license metadata; no image binary downloaded; explicit object-year evidence required
Wikimedia Commons file source / CheongWaDae 청와대 54 (51989914503).jpg / page 118495985,1,IMG03:1,Controlled Commons open-license metadata; no image binary downloaded; explicit object-year evidence required
Wikimedia Commons file source / CheongWaDae 청와대 61 (51989854541).jpg / page 118495941,1,IMG03:1,Controlled Commons open-license metadata; no image binary downloaded; explicit object-year evidence required
Wikimedia Commons file source / Chevrolet Lower Taranaki Street Wellington.jpg / page 61671904,1,IMG03:1,Controlled Commons open-license metadata; no image binary downloaded; explicit object-year evidence required
Wikimedia Commons file source / Chhoa A-sin midwifery ad 1930.png / page 301213,1,IMG03:1,Controlled Commons open-license metadata; no image binary downloaded; explicit object-year evidence required
Wikimedia Commons file source / China TV 1993 best advertisement agent.jpg / page 11893279,1,IMG03:1,Controlled Commons open-license metadata; no image binary downloaded; explicit object-year evidence required
Wikimedia Commons file source / Chosen Exhibition Advertisement (1929).jpg / page 146639321,1,IMG03:1,Controlled Commons open-license metadata; no image binary downloaded; explicit object-year evidence required
Wikimedia Commons file source / Chosen Savings Bank advertisement.jpg / page 90793359,1,IMG03:1,Controlled Commons open-license metadata; no image binary downloaded; explicit object-year evidence required
Wikimedia Commons file source / Circassian hair dye.jpg / page 11473442,1,IMG03:1,Controlled Commons open-license metadata; no image binary downloaded; explicit object-year evidence required
Wikimedia Commons file source / Colectivo Scania Vabis Diesel propaganda 1956.jpg / page 7154854,1,IMG03:1,Controlled Commons open-license metadata; no image binary downloaded; explicit object-year evidence required
Wikimedia Commons file source / Comercio e Industria em Odemira - Album Alentejano.png / page 127186550,1,IMG03:1,Controlled Commons open-license metadata; no image binary downloaded; explicit object-year evidence required
Wikimedia Commons file source / Comercio e Industria em Odemira 2 - Album Alentejano.png / page 127213440,1,IMG03:1,Controlled Commons open-license metadata; no image binary downloaded; explicit object-year evidence required
Wikimedia Commons file source / Comercio e Industria em Odemira 3 - Album Alentejano.png / page 127297782,1,IMG03:1,Controlled Commons open-license metadata; no image binary downloaded; explicit object-year evidence required
Wikimedia Commons file source / Comercio e Industria em Odemira 4 - Album Alentejano.png / page 127348754,1,IMG03:1,Controlled Commons open-license metadata; no image binary downloaded; explicit object-year evidence required
Wikimedia Commons file source / Comilla Banking Corporation advertisement 16081945.jpg / page 17035746,1,IMG03:1,Controlled Commons open-license metadata; no image binary downloaded; explicit object-year evidence required
Wikimedia Commons file source / Cook-islands-invertedcenter.jpg / page 2920461,1,IMG03:1,Controlled Commons open-license metadata; no image binary downloaded; explicit object-year evidence required
"Wikimedia Commons file source / Correios museum museu, AC Central de Fortaleza, Ceará, Brazil 09 Selos.jpg / page 149649155",1,IMG03:1,Controlled Commons open-license metadata; no image binary downloaded; explicit object-year evidence required
Wikimedia Commons file source / Cover--Tales of the cloister.jpg / page 68620942,1,IMG03:1,Controlled Commons open-license metadata; no image binary downloaded; explicit object-year evidence required
Wikimedia Commons file source / Croatia1918and1941.jpg / page 3933719,1,IMG03:1,Controlled Commons open-license metadata; no image binary downloaded; explicit object-year evidence required
Wikimedia Commons file source / Crystal-2009.jpg / page 5935714,1,IMG03:1,Controlled Commons open-license metadata; no image binary downloaded; explicit object-year evidence required
Wikimedia Commons file source / Curly Howard 1937.jpg / page 163210147,1,IMG03:1,Controlled Commons open-license metadata; no image binary downloaded; explicit object-year evidence required
Wikimedia Commons file source / Czwiklicer 1.jpg / page 1534442,1,IMG03:1,Controlled Commons open-license metadata; no image binary downloaded; explicit object-year evidence required
Wikimedia Commons file source / Danmarksmesterskabsturneringen August 1927 football match advertisement Bornholms Social-Demokrat.png / page 69660281,1,IMG03:1,Controlled Commons open-license metadata; no image binary downloaded; explicit object-year evidence required
Wikimedia Commons file source / Danmarksmesterskabsturneringen football match advertisement Viborg Stifts-Tidende 17.09.1927.png / page 70174399,1,IMG03:1,Controlled Commons open-license metadata; no image binary downloaded; explicit object-year evidence required
Wikimedia Commons file source / Dave Pike.png / page 155624598,1,IMG03:1,Controlled Commons open-license metadata; no image binary downloaded; explicit object-year evidence required
Wikimedia Commons file source / David Axelrod H B Barnum Billboard.png / page 112631535,1,IMG03:1,Controlled Commons open-license metadata; no image binary downloaded; explicit object-year evidence required
Wikimedia Commons file source / De Stem Des Bloed 1930.JPG / page 24315666,1,IMG03:1,Controlled Commons open-license metadata; no image binary downloaded; explicit object-year evidence required
Wikimedia Commons file source / DeLuxeRecord.jpg / page 6857114,1,IMG03:1,Controlled Commons open-license metadata; no image binary downloaded; explicit object-year evidence required
Wikimedia Commons file source / Di stefano caravanas.jpg / page 55412962,1,IMG03:1,Controlled Commons open-license metadata; no image binary downloaded; explicit object-year evidence required
Wikimedia Commons file source / Die Erwartung 2021 06.jpg / page 109641242,1,IMG03:1,Controlled Commons open-license metadata; no image binary downloaded; explicit object-year evidence required
Wikimedia Commons file source / Die Erwartung 2021 24.jpg / page 109641298,1,IMG03:1,Controlled Commons open-license metadata; no image binary downloaded; explicit object-year evidence required
Wikimedia Commons file source / Die Erwartung 2021 44.jpg / page 109641338,1,IMG03:1,Controlled Commons open-license metadata; no image binary downloaded; explicit object-year evidence required
Wikimedia Commons file source / Die-cut Victorian hand fan advertising card.jpg / page 187439771,1,IMG03:1,Controlled Commons open-license metadata; no image binary downloaded; explicit object-year evidence required
Wikimedia Commons file source / Diligencias Arraiolos Evora - Diario Illustrado 2831 1881.jpg / page 56329540,1,IMG03:1,Controlled Commons open-license metadata; no image binary downloaded; explicit object-year evidence required
Wikimedia Commons file source / Dixie Soap.jpg / page 36597777,1,IMG03:1,Controlled Commons open-license metadata; no image binary downloaded; explicit object-year evidence required
Wikimedia Commons file source / Djaoeh Di Mata ad.jpg / page 27548431,1,IMG03:1,Controlled Commons open-license metadata; no image binary downloaded; explicit object-year evidence required
Wikimedia Commons file source / Dodge challenger 1970 ad.jpg / page 57260588,1,IMG03:1,Controlled Commons open-license metadata; no image binary downloaded; explicit object-year evidence required
"Wikimedia Commons file source / Dom, mur. Płock, ul. Kwiatka 31.jpg / page 16777463",1,IMG03:1,Controlled Commons open-license metadata; no image binary downloaded; explicit object-year evidence required
Wikimedia Commons file source / Dominican Republic 1885.jpg / page 20185936,1,IMG03:1,Controlled Commons open-license metadata; no image binary downloaded; explicit object-year evidence required
Wikimedia Commons file source / Dominican Republic 1891 F25.jpg / page 19953706,1,IMG03:1,Controlled Commons open-license metadata; no image binary downloaded; explicit object-year evidence required
Wikimedia Commons file source / Dominican Republic 1891 Sc94.jpg / page 20186025,1,IMG03:1,Controlled Commons open-license metadata; no image binary downloaded; explicit object-year evidence required
"Wikimedia Commons file source / Don't buy a hat without a label, and see that it is sewed in. Don't patronize a dealer who has loose labels on hand and offers to put one in your hat. Loose labels in retail stores are...",1,IMG03:1,Controlled Commons open-license metadata; no image binary downloaded; explicit object-year evidence required
"Wikimedia Commons file source / Dunk, the Romantic Isle, Great Barrier Reef, Australia, c.1930s.jpg / page 94856309",1,IMG03:1,Controlled Commons open-license metadata; no image binary downloaded; explicit object-year evidence required
Wikimedia Commons file source / Dupain Advertisement for Hoover 1937.jpg / page 8979009,1,IMG03:1,Controlled Commons open-license metadata; no image binary downloaded; explicit object-year evidence required
Wikimedia Commons file source / EP19080917.2.25.2-a1-4234-349-3099-7751.png / page 46967883,1,IMG03:1,Controlled Commons open-license metadata; no image binary downloaded; explicit object-year evidence required
Wikimedia Commons file source / ETTV News SNG 800-BK left-end 20130908.jpg / page 28210295,1,IMG03:1,Controlled Commons open-license metadata; no image binary downloaded; explicit object-year evidence required
"Wikimedia Commons file source / Early tennis rackets, newspaper advertisement.jpg / page 22158318",1,IMG03:1,Controlled Commons open-license metadata; no image binary downloaded; explicit object-year evidence required
Wikimedia Commons file source / Edward Penfield - Harper's August. Tom Sawyer Detective - Google Art Project.jpg / page 22492252,1,IMG03:1,Controlled Commons open-license metadata; no image binary downloaded; explicit object-year evidence required
"Wikimedia Commons file source / El Imparcial (Mexico City, Mexico), Vol. 31, No. 6430, Ed. 1 Thursday, November 9, 1911 - DPLA - 239771bb5cc8086e9a92d716ee76550b (page 1).jpg / page 100792639",1,IMG03:1,Controlled Commons open-license metadata; no image binary downloaded; explicit object-year evidence required
"Wikimedia Commons file source / El Imparcial (Mexico City, Mexico), Vol. 31, No. 6430, Ed. 1 Thursday, November 9, 1911 - DPLA - 239771bb5cc8086e9a92d716ee76550b (page 2).jpg / page 100792658",1,IMG03:1,Controlled Commons open-license metadata; no image binary downloaded; explicit object-year evidence required
"Wikimedia Commons file source / El Imparcial (Mexico City, Mexico), Vol. 31, No. 6430, Ed. 1 Thursday, November 9, 1911 - DPLA - 239771bb5cc8086e9a92d716ee76550b (page 3).jpg / page 100792678",1,IMG03:1,Controlled Commons open-license metadata; no image binary downloaded; explicit object-year evidence required
"Wikimedia Commons file source / El Imparcial (Mexico City, Mexico), Vol. 31, No. 6430, Ed. 1 Thursday, November 9, 1911 - DPLA - 239771bb5cc8086e9a92d716ee76550b (page 4).jpg / page 100792704",1,IMG03:1,Controlled Commons open-license metadata; no image binary downloaded; explicit object-year evidence required
"Wikimedia Commons file source / El Imparcial (Mexico City, Mexico), Vol. 31, No. 6430, Ed. 1 Thursday, November 9, 1911 - DPLA - 239771bb5cc8086e9a92d716ee76550b (page 5).jpg / page 100792730",1,IMG03:1,Controlled Commons open-license metadata; no image binary downloaded; explicit object-year evidence required
"Wikimedia Commons file source / El Imparcial (Mexico City, Mexico), Vol. 31, No. 6430, Ed. 1 Thursday, November 9, 1911 - DPLA - 239771bb5cc8086e9a92d716ee76550b (page 6).jpg / page 100792753",1,IMG03:1,Controlled Commons open-license metadata; no image binary downloaded; explicit object-year evidence required
"Wikimedia Commons file source / El Imparcial (Mexico City, Mexico), Vol. 31, No. 6430, Ed. 1 Thursday, November 9, 1911 - DPLA - 239771bb5cc8086e9a92d716ee76550b (page 7).jpg / page 100792779",1,IMG03:1,Controlled Commons open-license metadata; no image binary downloaded; explicit object-year evidence required
"Wikimedia Commons file source / El Imparcial (Mexico City, Mexico), Vol. 31, No. 6430, Ed. 1 Thursday, November 9, 1911 - DPLA - 239771bb5cc8086e9a92d716ee76550b (page 8).jpg / page 100792804",1,IMG03:1,Controlled Commons open-license metadata; no image binary downloaded; explicit object-year evidence required
"Wikimedia Commons file source / El Mañana (McAllen, Tex.), Vol. 1, No. 38, Ed. 1 Saturday, February 9, 1918 - DPLA - d7a3a51c7e18bc1a8d68e40811a4a54a (page 1).jpg / page 100994585",1,IMG03:1,Controlled Commons open-license metadata; no image binary downloaded; explicit object-year evidence required
"Wikimedia Commons file source / El Mañana (McAllen, Tex.), Vol. 1, No. 38, Ed. 1 Saturday, February 9, 1918 - DPLA - d7a3a51c7e18bc1a8d68e40811a4a54a (page 2).jpg / page 100994600",1,IMG03:1,Controlled Commons open-license metadata; no image binary downloaded; explicit object-year evidence required
"Wikimedia Commons file source / El Mañana (McAllen, Tex.), Vol. 1, No. 38, Ed. 1 Saturday, February 9, 1918 - DPLA - d7a3a51c7e18bc1a8d68e40811a4a54a (page 3).jpg / page 100994613",1,IMG03:1,Controlled Commons open-license metadata; no image binary downloaded; explicit object-year evidence required
"Wikimedia Commons file source / El Mañana (McAllen, Tex.), Vol. 1, No. 38, Ed. 1 Saturday, February 9, 1918 - DPLA - d7a3a51c7e18bc1a8d68e40811a4a54a (page 4).jpg / page 100994628",1,IMG03:1,Controlled Commons open-license metadata; no image binary downloaded; explicit object-year evidence required
"Wikimedia Commons file source / El Mañana (McAllen, Tex.), Vol. 1, No. 38, Ed. 1 Saturday, February 9, 1918 - DPLA - d7a3a51c7e18bc1a8d68e40811a4a54a (page 5).jpg / page 100994638",1,IMG03:1,Controlled Commons open-license metadata; no image binary downloaded; explicit object-year evidence required
"Wikimedia Commons file source / El Mañana (McAllen, Tex.), Vol. 1, No. 38, Ed. 1 Saturday, February 9, 1918 - DPLA - d7a3a51c7e18bc1a8d68e40811a4a54a (page 6).jpg / page 100994645",1,IMG03:1,Controlled Commons open-license metadata; no image binary downloaded; explicit object-year evidence required
"Wikimedia Commons file source / El Porvenir (Brownsville, Tex.), Vol. 27, No. 3009, Ed. 1 Saturday, May 12, 1917 - DPLA - b58f13deb0d3e97b66ea933c0dc61908 (page 1).jpg / page 100876159",1,IMG03:1,Controlled Commons open-license metadata; no image binary downloaded; explicit object-year evidence required
"Wikimedia Commons file source / El Porvenir (Brownsville, Tex.), Vol. 27, No. 3009, Ed. 1 Saturday, May 12, 1917 - DPLA - b58f13deb0d3e97b66ea933c0dc61908 (page 2).jpg / page 100876166",1,IMG03:1,Controlled Commons open-license metadata; no image binary downloaded; explicit object-year evidence required
"Wikimedia Commons file source / El Porvenir (Brownsville, Tex.), Vol. 27, No. 3009, Ed. 1 Saturday, May 12, 1917 - DPLA - b58f13deb0d3e97b66ea933c0dc61908 (page 3).jpg / page 100876180",1,IMG03:1,Controlled Commons open-license metadata; no image binary downloaded; explicit object-year evidence required
"Wikimedia Commons file source / El Porvenir (Brownsville, Tex.), Vol. 27, No. 3009, Ed. 1 Saturday, May 12, 1917 - DPLA - b58f13deb0d3e97b66ea933c0dc61908 (page 4).jpg / page 100876188",1,IMG03:1,Controlled Commons open-license metadata; no image binary downloaded; explicit object-year evidence required
"Wikimedia Commons file source / El Sol. (Alice, Tex.), Vol. 14, No. 49, Ed. 1 Wednesday, October 27, 1909 - DPLA - c8da500cc8c9d4597253877105cb3793 (page 1).jpg / page 100439306",1,IMG03:1,Controlled Commons open-license metadata; no image binary downloaded; explicit object-year evidence required
"Wikimedia Commons file source / El Sol. (Alice, Tex.), Vol. 14, No. 49, Ed. 1 Wednesday, October 27, 1909 - DPLA - c8da500cc8c9d4597253877105cb3793 (page 2).jpg / page 100439309",1,IMG03:1,Controlled Commons open-license metadata; no image binary downloaded; explicit object-year evidence required
"Wikimedia Commons file source / El Sol. (Alice, Tex.), Vol. 14, No. 49, Ed. 1 Wednesday, October 27, 1909 - DPLA - c8da500cc8c9d4597253877105cb3793 (page 3).jpg / page 100439315",1,IMG03:1,Controlled Commons open-license metadata; no image binary downloaded; explicit object-year evidence required
"Wikimedia Commons file source / El Sol. (Alice, Tex.), Vol. 14, No. 49, Ed. 1 Wednesday, October 27, 1909 - DPLA - c8da500cc8c9d4597253877105cb3793 (page 4).jpg / page 100439318",1,IMG03:1,Controlled Commons open-license metadata; no image binary downloaded; explicit object-year evidence required
Wikimedia Commons file source / Elizabeth Debicki (8121853617).jpg / page 24789574,1,IMG03:1,Controlled Commons open-license metadata; no image binary downloaded; explicit object-year evidence required
Wikimedia Commons file source / Elizabeth Debicki (8121866884).jpg / page 24789582,1,IMG03:1,Controlled Commons open-license metadata; no image binary downloaded; explicit object-year evidence required
Wikimedia Commons file source / Elizabeth Debicki (8121869622) (cropped).jpg / page 39324368,1,IMG03:1,Controlled Commons open-license metadata; no image binary downloaded; explicit object-year evidence required
"Wikimedia Commons file source / Elton John's first performance in Wales at Queen's Hall, Narberth.jpg / page 134678504",1,IMG03:1,Controlled Commons open-license metadata; no image binary downloaded; explicit object-year evidence required
"Wikimedia Commons file source / Emblemas de la libertad y de la humanidad La Cruz Roja, Madre de todas las naciones. LCCN00651571.jpg / page 66408357",1,IMG03:1,Controlled Commons open-license metadata; no image binary downloaded; explicit object-year evidence required
Wikimedia Commons file source / Emerald Hours in New Zealand (1906) · Lowth · 244a.jpg / page 106893668,1,IMG03:1,Controlled Commons open-license metadata; no image binary downloaded; explicit object-year evidence required
Wikimedia Commons file source / Eng Aun Tong advertisement 1930s.jpg / page 63362899,1,IMG03:1,Controlled Commons open-license metadata; no image binary downloaded; explicit object-year evidence required
Wikimedia Commons file source / Equitable Fire Office - 1851 advertisement.jpg / page 66916746,1,IMG03:1,Controlled Commons open-license metadata; no image binary downloaded; explicit object-year evidence required
Wikimedia Commons file source / Erico aviso aristocrata.jpg / page 78118110,1,IMG03:1,Controlled Commons open-license metadata; no image binary downloaded; explicit object-year evidence required
Wikimedia Commons file source / Espampilla monumento a la bandera.JPG / page 9963398,1,IMG03:1,Controlled Commons open-license metadata; no image binary downloaded; explicit object-year evidence required
Wikimedia Commons file source / Espeletia curialensis Cuatrec. (US00132102).png / page 146142071,1,IMG03:1,Controlled Commons open-license metadata; no image binary downloaded; explicit object-year evidence required
Wikimedia Commons file source / Espeletia curialensis Cuatrec. (US00132103).png / page 146142226,1,IMG03:1,Controlled Commons open-license metadata; no image binary downloaded; explicit object-year evidence required
Wikimedia Commons file source / Espeletia curialensis Cuatrec. (US00132107).png / page 146142517,1,IMG03:1,Controlled Commons open-license metadata; no image binary downloaded; explicit object-year evidence required
"Wikimedia Commons file source / Estey Phonorium. (back) - Estey Organ Works, Brattleboro, VT. Establised, 1846.jpg / page 38618522",1,IMG03:1,Controlled Commons open-license metadata; no image binary downloaded; explicit object-year evidence required
Wikimedia Commons file source / Eulis Atjih p.74.jpg / page 20838844,1,IMG03:1,Controlled Commons open-license metadata; no image binary downloaded; explicit object-year evidence required
Wikimedia Commons file source / Evolution-der-tiere.jpg / page 29153886,1,IMG03:1,Controlled Commons open-license metadata; no image binary downloaded; explicit object-year evidence required
Wikimedia Commons file source / Exeter city tour brazil ad.jpg / page 80718057,1,IMG03:1,Controlled Commons open-license metadata; no image binary downloaded; explicit object-year evidence required
Wikimedia Commons file source / FDC-MeskelFestivities.jpg / page 2711606,1,IMG03:1,Controlled Commons open-license metadata; no image binary downloaded; explicit object-year evidence required
Wikimedia Commons file source / Falcon ranchero aviso.jpg / page 119741365,1,IMG03:1,Controlled Commons open-license metadata; no image binary downloaded; explicit object-year evidence required
Wikimedia Commons file source / Fargo truck argentina 1962.jpg / page 118579991,1,IMG03:1,Controlled Commons open-license metadata; no image binary downloaded; explicit object-year evidence required
"Wikimedia Commons file source / Feats of Staff Captain Nesterov, 1915.jpg / page 71517928",1,IMG03:1,Controlled Commons open-license metadata; no image binary downloaded; explicit object-year evidence required
Wikimedia Commons file source / FinskaAngfartygsManKvinnaV-copy.jpg / page 18015932,1,IMG03:1,Controlled Commons open-license metadata; no image binary downloaded; explicit object-year evidence required
Wikimedia Commons file source / First edition 1941 Independent State of Croatia stamp.jpg / page 163771938,1,IMG03:1,Controlled Commons open-license metadata; no image binary downloaded; explicit object-year evidence required
Wikimedia Commons file source / Fisher and Paykel Dryer (35609155703).jpg / page 97718362,1,IMG03:1,Controlled Commons open-license metadata; no image binary downloaded; explicit object-year evidence required
"Wikimedia Commons file source / Flickr - …trialsanderrors - La Riviera italienne, travel poster for ENIT, ca. 1920.jpg / page 11159779",1,IMG03:1,Controlled Commons open-license metadata; no image binary downloaded; explicit object-year evidence required
"Wikimedia Commons file source / Flickr - …trialsanderrors - Monaco, Monte-Carlo, au pays du soleil, travel poster for PLM, ca. 1920.jpg / page 11159766",1,IMG03:1,Controlled Commons open-license metadata; no image binary downloaded; explicit object-year evidence required
"Wikimedia Commons file source / Flickr - …trialsanderrors - San Remo, travel poster for ENIT, ca. 1920.jpg / page 11159732",1,IMG03:1,Controlled Commons open-license metadata; no image binary downloaded; explicit object-year evidence required
"Wikimedia Commons file source / Flickr - …trialsanderrors - Thurston's greatest mystery, magician poster, ca. 1925.jpg / page 11161197",1,IMG03:1,Controlled Commons open-license metadata; no image binary downloaded; explicit object-year evidence required
Wikimedia Commons file source / Fontaine vinaigre 1855.jpg / page 27833560,1,IMG03:1,Controlled Commons open-license metadata; no image binary downloaded; explicit object-year evidence required
Wikimedia Commons file source / Ford falcon ad argentina.jpg / page 57230801,1,IMG03:1,Controlled Commons open-license metadata; no image binary downloaded; explicit object-year evidence required
Wikimedia Commons file source / Ford taunus aviso 1975.jpg / page 119709564,1,IMG03:1,Controlled Commons open-license metadata; no image binary downloaded; explicit object-year evidence required
"Wikimedia Commons file source / Franz Brantzky - Kölscher Boor in Eisen am Gürzenich, 1915, poster, 32.7 by 62.7 cm.jpg / page 83971585",1,IMG03:1,Controlled Commons open-license metadata; no image binary downloaded; explicit object-year evidence required
"Wikimedia Commons file source / French Laundry, soap advertisement, ca. 1850.jpg / page 11168412",1,IMG03:1,Controlled Commons open-license metadata; no image binary downloaded; explicit object-year evidence required
Wikimedia Commons file source / Full set of Philippine 1989 Christmas postage stamps.png / page 172739628,1,IMG03:1,Controlled Commons open-license metadata; no image binary downloaded; explicit object-year evidence required
"Wikimedia Commons file source / Gisbert Combaz - Poster for the 1895 Expositions Peinture, Sculpture, Architecture, Arts Appliques at La Maison d’art, Brussels.jpg / page 83675896",1,IMG03:1,Controlled Commons open-license metadata; no image binary downloaded; explicit object-year evidence required
Wikimedia Commons file source / Gisbert Combaz - Poster for the Annual Exhibition for La Libre Esthetique of 1897.jpg / page 83765236,1,IMG03:1,Controlled Commons open-license metadata; no image binary downloaded; explicit object-year evidence required
Wikimedia Commons file source / Gisbert Combaz - Poster for the Annual Exhibition for La Libre Esthetique of 1902.jpg / page 83765158,1,IMG03:1,Controlled Commons open-license metadata; no image binary downloaded; explicit object-year evidence required
Wikimedia Commons file source / Gisbert Combaz - Poster for the Annual Salon of La Libre Esthétique of 1897.jpeg / page 83697737,1,IMG03:1,Controlled Commons open-license metadata; no image binary downloaded; explicit object-year evidence required
Wikimedia Commons file source / Gisbert Combaz - Poster promoting the Caves of Han.jpg / page 83706705,1,IMG03:1,Controlled Commons open-license metadata; no image binary downloaded; explicit object-year evidence required
Wikimedia Commons file source / Glenn Thomas Settle.jpg / page 113805378,1,IMG03:1,Controlled Commons open-license metadata; no image binary downloaded; explicit object-year evidence required
Wikimedia Commons file source / Gold Coast Edward im Oval 1948 3d Nsuta-Mine.jpg / page 33244001,1,IMG03:1,Controlled Commons open-license metadata; no image binary downloaded; explicit object-year evidence required
Wikimedia Commons file source / Gombrowicz's Theatre - advertisement.jpg / page 4334204,1,IMG03:1,Controlled Commons open-license metadata; no image binary downloaded; explicit object-year evidence required
Wikimedia Commons file source / Greg Leskiw.png / page 139792426,1,IMG03:1,Controlled Commons open-license metadata; no image binary downloaded; explicit object-year evidence required
"Wikimedia Commons file source / Griffiths Tea sign in Western Desert, North Africa, April 1941 (Aust. War Memorial Collection).jpg / page 147704458",1,IMG03:1,Controlled Commons open-license metadata; no image binary downloaded; explicit object-year evidence required
Wikimedia Commons file source / Grimaults cigarette ad.jpg / page 26819367,1,IMG03:1,Controlled Commons open-license metadata; no image binary downloaded; explicit object-year evidence required
"Wikimedia Commons file source / Guia Comercial de Mérida, Yucatán Sept 1917 - Notcias - 03.png / page 111738316",1,IMG03:1,Controlled Commons open-license metadata; no image binary downloaded; explicit object-year evidence required
"Wikimedia Commons file source / Guia Comercial de Mérida, Yucatán Sept 1917 - Notcias - Hotel Alameda.png / page 111738314",1,IMG03:1,Controlled Commons open-license metadata; no image binary downloaded; explicit object-year evidence required
Wikimedia Commons file source / HK SPK 新蒲崗 San Po Kong 太子道東 Prince Edward Road East Mikiki 近巴士站 bus stop December 2020 SSG 01 05.jpg / page 97732847,1,IMG03:1,Controlled Commons open-license metadata; no image binary downloaded; explicit object-year evidence required
Wikimedia Commons file source / HK SPK 新蒲崗 San Po Kong 太子道東 Prince Edward Road East 天橋 footbridge view bus interchange n Kai Tak 工業貿易大樓 December 2020 SSG 11.jpg / page 97733664,1,IMG03:1,Controlled Commons open-license metadata; no image binary downloaded; explicit object-year evidence required
Wikimedia Commons file source / HK SPK 新蒲崗 San Po Kong 太子道東 Prince Edward Road East 天橋 footbridge view bus interchange n Kai Tak 工業貿易大樓 December 2020 SSG 17.jpg / page 97733674,1,IMG03:1,Controlled Commons open-license metadata; no image binary downloaded; explicit object-year evidence required
Wikimedia Commons file source / HK Sai Ying Pun Tram 29 body ads June 2016 SuperDry clothing.jpg / page 49679334,1,IMG03:1,Controlled Commons open-license metadata; no image binary downloaded; explicit object-year evidence required
Wikimedia Commons file source / HaberSchiele1.jpg / page 1405695,1,IMG03:1,Controlled Commons open-license metadata; no image binary downloaded; explicit object-year evidence required
"Wikimedia Commons file source / Hallstrom refrigerators - 'Silent Kinght' advertisement (Canberra Times, 10 Dec.1970, p.22).jpg / page 130486994",1,IMG03:1,Controlled Commons open-license metadata; no image binary downloaded; explicit object-year evidence required
Wikimedia Commons file source / Hankyu Advertisement in 1936.jpg / page 2136947,1,IMG03:1,Controlled Commons open-license metadata; no image binary downloaded; explicit object-year evidence required
Wikimedia Commons file source / Hans Rudi Erdt Die Suende des Lulatsch Plakat ca. 1914.jpg / page 157717819,1,IMG03:1,Controlled Commons open-license metadata; no image binary downloaded; explicit object-year evidence required
Wikimedia Commons file source / Happy Traum and Artie Traum - oct 1970.jpg / page 31288550,1,IMG03:1,Controlled Commons open-license metadata; no image binary downloaded; explicit object-year evidence required
Wikimedia Commons file source / Harley-Davidson Advertisement Hot Rod October 1970.jpg / page 122385837,1,IMG03:1,Controlled Commons open-license metadata; no image binary downloaded; explicit object-year evidence required
Wikimedia Commons file source / Harper's August - 10713530404.jpg / page 107270798,1,IMG03:1,Controlled Commons open-license metadata; no image binary downloaded; explicit object-year evidence required
Wikimedia Commons file source / Harper's August - 10713714903.jpg / page 107270011,1,IMG03:1,Controlled Commons open-license metadata; no image binary downloaded; explicit object-year evidence required
Wikimedia Commons file source / Harper's August - Edward Penfield. LCCN2001695219.jpg / page 66147876,1,IMG03:1,Controlled Commons open-license metadata; no image binary downloaded; explicit object-year evidence required
Wikimedia Commons file source / Harper's- August MET DP246966.jpg / page 60843171,1,IMG03:1,Controlled Commons open-license metadata; no image binary downloaded; explicit object-year evidence required
Wikimedia Commons file source / Harper's- August MET DP823643.jpg / page 60843169,1,IMG03:1,Controlled Commons open-license metadata; no image binary downloaded; explicit object-year evidence required
Wikimedia Commons file source / Harper's- August MET DP823644.jpg / page 60843157,1,IMG03:1,Controlled Commons open-license metadata; no image binary downloaded; explicit object-year evidence required
Wikimedia Commons file source / Harper's- August MET DP823650.jpg / page 60843168,1,IMG03:1,Controlled Commons open-license metadata; no image binary downloaded; explicit object-year evidence required
Wikimedia Commons file source / Hasana - EM-Fußball-Poster 1996.jpg / page 48760164,1,IMG03:1,Controlled Commons open-license metadata; no image binary downloaded; explicit object-year evidence required
"Wikimedia Commons file source / Helix, v.11, no.13, Mar. 26, 1970 - DPLA - 649bad0ed40aae0bd8bebbca5e1d2dfc (page 18).jpg / page 135590713",1,IMG03:1,Controlled Commons open-license metadata; no image binary downloaded; explicit object-year evidence required
"Wikimedia Commons file source / Helix, v.11, no.13, Mar. 26, 1970 - DPLA - 649bad0ed40aae0bd8bebbca5e1d2dfc (page 2).jpg / page 135590680",1,IMG03:1,Controlled Commons open-license metadata; no image binary downloaded; explicit object-year evidence required
"Wikimedia Commons file source / Helix, v.11, no.13, Mar. 26, 1970 - DPLA - 649bad0ed40aae0bd8bebbca5e1d2dfc (page 20).jpg / page 135590721",1,IMG03:1,Controlled Commons open-license metadata; no image binary downloaded; explicit object-year evidence required
"Wikimedia Commons file source / Helix, v.11, no.13, Mar. 26, 1970 - DPLA - 649bad0ed40aae0bd8bebbca5e1d2dfc (page 3).jpg / page 135590683",1,IMG03:1,Controlled Commons open-license metadata; no image binary downloaded; explicit object-year evidence required
"Wikimedia Commons file source / Helix, v.11, no.13, Mar. 26, 1970 - DPLA - 649bad0ed40aae0bd8bebbca5e1d2dfc (page 5).jpg / page 135590686",1,IMG03:1,Controlled Commons open-license metadata; no image binary downloaded; explicit object-year evidence required
"Wikimedia Commons file source / Helix, v.11, no.18, Apr. 30, 1970 - DPLA - 217e7a98e662a347cf948fa9a21ddc2b (page 12).jpg / page 135600283",1,IMG03:1,Controlled Commons open-license metadata; no image binary downloaded; explicit object-year evidence required
"Wikimedia Commons file source / Helix, v.11, no.18, Apr. 30, 1970 - DPLA - 217e7a98e662a347cf948fa9a21ddc2b (page 14).jpg / page 135600288",1,IMG03:1,Controlled Commons open-license metadata; no image binary downloaded; explicit object-year evidence required
"Wikimedia Commons file source / Helix, v.11, no.18, Apr. 30, 1970 - DPLA - 217e7a98e662a347cf948fa9a21ddc2b (page 16).jpg / page 135600292",1,IMG03:1,Controlled Commons open-license metadata; no image binary downloaded; explicit object-year evidence required
"Wikimedia Commons file source / Helix, v.11, no.18, Apr. 30, 1970 - DPLA - 217e7a98e662a347cf948fa9a21ddc2b (page 17).jpg / page 135600293",1,IMG03:1,Controlled Commons open-license metadata; no image binary downloaded; explicit object-year evidence required
"Wikimedia Commons file source / Helix, v.11, no.18, Apr. 30, 1970 - DPLA - 217e7a98e662a347cf948fa9a21ddc2b (page 22).jpg / page 135600305",1,IMG03:1,Controlled Commons open-license metadata; no image binary downloaded; explicit object-year evidence required
"Wikimedia Commons file source / Helix, v.7, no.2, Mar. 20, 1969 - DPLA - 536d7bcceb91514bc6daf10ba514ac9d (page 15).jpg / page 135594336",1,IMG03:1,Controlled Commons open-license metadata; no image binary downloaded; explicit object-year evidence required
"Wikimedia Commons file source / Helix, v.7, no.2, Mar. 20, 1969 - DPLA - 536d7bcceb91514bc6daf10ba514ac9d (page 17).jpg / page 135594342",1,IMG03:1,Controlled Commons open-license metadata; no image binary downloaded; explicit object-year evidence required
"Wikimedia Commons file source / Helix, v.7, no.2, Mar. 20, 1969 - DPLA - 536d7bcceb91514bc6daf10ba514ac9d (page 22).jpg / page 135594350",1,IMG03:1,Controlled Commons open-license metadata; no image binary downloaded; explicit object-year evidence required
"Wikimedia Commons file source / Helix, v.7, no.2, Mar. 20, 1969 - DPLA - 536d7bcceb91514bc6daf10ba514ac9d (page 26).jpg / page 135594360",1,IMG03:1,Controlled Commons open-license metadata; no image binary downloaded; explicit object-year evidence required
"Wikimedia Commons file source / Helix, v.7, no.2, Mar. 20, 1969 - DPLA - 536d7bcceb91514bc6daf10ba514ac9d (page 3).jpg / page 135594304",1,IMG03:1,Controlled Commons open-license metadata; no image binary downloaded; explicit object-year evidence required
"Wikimedia Commons file source / Helix, v.7, no.2, Mar. 20, 1969 - DPLA - 536d7bcceb91514bc6daf10ba514ac9d (page 6).jpg / page 135594313",1,IMG03:1,Controlled Commons open-license metadata; no image binary downloaded; explicit object-year evidence required
"Wikimedia Commons file source / Helix, v.7, no.2, Mar. 20, 1969 - DPLA - 536d7bcceb91514bc6daf10ba514ac9d (page 7).jpg / page 135594314",1,IMG03:1,Controlled Commons open-license metadata; no image binary downloaded; explicit object-year evidence required
"Wikimedia Commons file source / Helix, v.7, no.2, Mar. 20, 1969 - DPLA - 536d7bcceb91514bc6daf10ba514ac9d (page 8).jpg / page 135594315",1,IMG03:1,Controlled Commons open-license metadata; no image binary downloaded; explicit object-year evidence required
"Wikimedia Commons file source / Helix, v.8, no.1, May 22, 1969 - DPLA - b5763ff3fc95b25d6aa64228009cbee7 (page 11).jpg / page 135598072",1,IMG03:1,Controlled Commons open-license metadata; no image binary downloaded; explicit object-year evidence required
"Wikimedia Commons file source / Helix, v.8, no.1, May 22, 1969 - DPLA - b5763ff3fc95b25d6aa64228009cbee7 (page 15).jpg / page 135598082",1,IMG03:1,Controlled Commons open-license metadata; no image binary downloaded; explicit object-year evidence required
"Wikimedia Commons file source / Helix, v.8, no.1, May 22, 1969 - DPLA - b5763ff3fc95b25d6aa64228009cbee7 (page 16).jpg / page 135598086",1,IMG03:1,Controlled Commons open-license metadata; no image binary downloaded; explicit object-year evidence required
"Wikimedia Commons file source / Helix, v.8, no.1, May 22, 1969 - DPLA - b5763ff3fc95b25d6aa64228009cbee7 (page 17).jpg / page 135598088",1,IMG03:1,Controlled Commons open-license metadata; no image binary downloaded; explicit object-year evidence required
"Wikimedia Commons file source / Helix, v.8, no.1, May 22, 1969 - DPLA - b5763ff3fc95b25d6aa64228009cbee7 (page 18).jpg / page 135598091",1,IMG03:1,Controlled Commons open-license metadata; no image binary downloaded; explicit object-year evidence required
"Wikimedia Commons file source / Helix, v.8, no.1, May 22, 1969 - DPLA - b5763ff3fc95b25d6aa64228009cbee7 (page 22).jpg / page 135598103",1,IMG03:1,Controlled Commons open-license metadata; no image binary downloaded; explicit object-year evidence required
"Wikimedia Commons file source / Helix, v.8, no.1, May 22, 1969 - DPLA - b5763ff3fc95b25d6aa64228009cbee7 (page 3).jpg / page 135598050",1,IMG03:1,Controlled Commons open-license metadata; no image binary downloaded; explicit object-year evidence required
"Wikimedia Commons file source / Helix, v.8, no.1, May 22, 1969 - DPLA - b5763ff3fc95b25d6aa64228009cbee7 (page 4).jpg / page 135598053",1,IMG03:1,Controlled Commons open-license metadata; no image binary downloaded; explicit object-year evidence required
"Wikimedia Commons file source / Helix, v.8, no.1, May 22, 1969 - DPLA - b5763ff3fc95b25d6aa64228009cbee7 (page 9).jpg / page 135598069",1,IMG03:1,Controlled Commons open-license metadata; no image binary downloaded; explicit object-year evidence required
"Wikimedia Commons file source / Helix, v.8, no.5, Jun. 19, 1969 - DPLA - 8b4ece3c85c75b3a1b4b578ca01cc7e3 (page 12).jpg / page 135600679",1,IMG03:1,Controlled Commons open-license metadata; no image binary downloaded; explicit object-year evidence required
"Wikimedia Commons file source / Helix, v.8, no.5, Jun. 19, 1969 - DPLA - 8b4ece3c85c75b3a1b4b578ca01cc7e3 (page 17).jpg / page 135600687",1,IMG03:1,Controlled Commons open-license metadata; no image binary downloaded; explicit object-year evidence required
"Wikimedia Commons file source / Helix, v.8, no.5, Jun. 19, 1969 - DPLA - 8b4ece3c85c75b3a1b4b578ca01cc7e3 (page 18).jpg / page 135600688",1,IMG03:1,Controlled Commons open-license metadata; no image binary downloaded; explicit object-year evidence required
"Wikimedia Commons file source / Helix, v.8, no.5, Jun. 19, 1969 - DPLA - 8b4ece3c85c75b3a1b4b578ca01cc7e3 (page 5).jpg / page 135600636",1,IMG03:1,Controlled Commons open-license metadata; no image binary downloaded; explicit object-year evidence required
"Wikimedia Commons file source / Helix, v.8, no.5, Jun. 19, 1969 - DPLA - 8b4ece3c85c75b3a1b4b578ca01cc7e3 (page 8).jpg / page 135600648",1,IMG03:1,Controlled Commons open-license metadata; no image binary downloaded; explicit object-year evidence required
Wikimedia Commons file source / Heroes Gan Fenchi Kan the great knight.jpg / page 70851575,1,IMG03:1,Controlled Commons open-license metadata; no image binary downloaded; explicit object-year evidence required
Wikimedia Commons file source / Hindenburgwichse.jpg / page 41049265,1,IMG03:1,Controlled Commons open-license metadata; no image binary downloaded; explicit object-year evidence required
Wikimedia Commons file source / Hollywood Detective cover.jpg / page 7889945,1,IMG03:1,Controlled Commons open-license metadata; no image binary downloaded; explicit object-year evidence required
Wikimedia Commons file source / Hotel Excelsior Casablanca.png / page 89824397,1,IMG03:1,Controlled Commons open-license metadata; no image binary downloaded; explicit object-year evidence required
Wikimedia Commons file source / Hotel Kongen af Danmark advertisement.jpg / page 10986519,1,IMG03:1,Controlled Commons open-license metadata; no image binary downloaded; explicit object-year evidence required
Wikimedia Commons file source / Hunter-(dental surgeon 1908).jpeg / page 26188771,1,IMG03:1,Controlled Commons open-license metadata; no image binary downloaded; explicit object-year evidence required
Wikimedia Commons file source / Huwen op Bevel ad.jpg / page 24505735,1,IMG03:1,Controlled Commons open-license metadata; no image binary downloaded; explicit object-year evidence required
Wikimedia Commons file source / HydeParkPerth1925.jpg / page 1634606,1,IMG03:1,Controlled Commons open-license metadata; no image binary downloaded; explicit object-year evidence required
Wikimedia Commons file source / I Hear You Knocking - ad 1970.jpg / page 145584462,1,IMG03:1,Controlled Commons open-license metadata; no image binary downloaded; explicit object-year evidence required
Wikimedia Commons file source / I Met the Walrus.png / page 14796330,1,IMG03:1,Controlled Commons open-license metadata; no image binary downloaded; explicit object-year evidence required
Wikimedia Commons file source / I'm Counting on You! - Don't Discuss- Troop Movements Ship Sailings War Equipment - DPLA - a2ce5805fd3c7770fe9f6fd4c939305a.jpg / page 155735850,1,IMG03:1,Controlled Commons open-license metadata; no image binary downloaded; explicit object-year evidence required
Wikimedia Commons file source / I'm Counting on You! - Don't Discuss- Troop Movements Ship Sailings War Equipment - DPLA - d7eb6a644159f213ad868ee4573f14d4.jpg / page 156251713,1,IMG03:1,Controlled Commons open-license metadata; no image binary downloaded; explicit object-year evidence required
Wikimedia Commons file source / Img325 - Hitler postage stamp.jpg / page 150317211,1,IMG03:1,Controlled Commons open-license metadata; no image binary downloaded; explicit object-year evidence required
"Wikimedia Commons file source / In his studio and art gallery in tiny Hulett, Wyoming, celebrated western artist Bob Coronato stands beside his most famous and controversial painting, of American Indian activist...",1,IMG03:1,Controlled Commons open-license metadata; no image binary downloaded; explicit object-year evidence required
Wikimedia Commons file source / Inter-ministerial meeting on social media and OTT regulation in Bangladesh 2020-07-05 (PID-0033254).jpg / page 176403220,1,IMG03:1,Controlled Commons open-license metadata; no image binary downloaded; explicit object-year evidence required
"Wikimedia Commons file source / Iran 1949 Mi 811 stamp (75th anniversary of the UPU. Hemispheres of Earth, pigeons).jpg / page 120598435",1,IMG03:1,Controlled Commons open-license metadata; no image binary downloaded; explicit object-year evidence required
Wikimedia Commons file source / Iran 1949 Mi 812 stamp (75th anniversary of the UPU. Allegory of transport).jpg / page 120598436,1,IMG03:1,Controlled Commons open-license metadata; no image binary downloaded; explicit object-year evidence required
Wikimedia Commons file source / Iran-jaro-advertisement-1992.jpg / page 178657916,1,IMG03:1,Controlled Commons open-license metadata; no image binary downloaded; explicit object-year evidence required
"Wikimedia Commons file source / Iranian 1950s stamp showing the gunboat Palang, sunk in 1941.jpg / page 16080505",1,IMG03:1,Controlled Commons open-license metadata; no image binary downloaded; explicit object-year evidence required
Wikimedia Commons file source / Iranian Farabi.jpg / page 6823370,1,IMG03:1,Controlled Commons open-license metadata; no image binary downloaded; explicit object-year evidence required
Wikimedia Commons file source / Iranian Roodaki.jpg / page 5180028,1,IMG03:1,Controlled Commons open-license metadata; no image binary downloaded; explicit object-year evidence required
"Wikimedia Commons file source / Is ""Plastics"" the Word? - DPLA - 6127239e7e8d832529c368904a22128b.jpg / page 134208419",1,IMG03:1,Controlled Commons open-license metadata; no image binary downloaded; explicit object-year evidence required
Wikimedia Commons file source / Iwonicz-Zdrój advertisement (1939).jpg / page 52722761,1,IMG03:1,Controlled Commons open-license metadata; no image binary downloaded; explicit object-year evidence required
Wikimedia Commons file source / Jajce Drina Konjic 1941 Independent State of Croatia stamps.jpg / page 163774924,1,IMG03:1,Controlled Commons open-license metadata; no image binary downloaded; explicit object-year evidence required
Wikimedia Commons file source / James Gang.png / page 27027617,1,IMG03:1,Controlled Commons open-license metadata; no image binary downloaded; explicit object-year evidence required
Wikimedia Commons file source / Jewett 1925.JPG / page 12199121,1,IMG03:1,Controlled Commons open-license metadata; no image binary downloaded; explicit object-year evidence required
Wikimedia Commons file source / Jiban Bima Tower advertisement in Bengali.jpg / page 126588098,1,IMG03:1,Controlled Commons open-license metadata; no image binary downloaded; explicit object-year evidence required
Wikimedia Commons file source / Jimmy Dorsey Billboard 2.jpg / page 42629285,1,IMG03:1,Controlled Commons open-license metadata; no image binary downloaded; explicit object-year evidence required
"Wikimedia Commons file source / Joan Baez - One Day At A Time, 1970.png / page 86966791",1,IMG03:1,Controlled Commons open-license metadata; no image binary downloaded; explicit object-year evidence required
Wikimedia Commons file source / John Brown advertisement Brasseys 1915.jpg / page 15253466,1,IMG03:1,Controlled Commons open-license metadata; no image binary downloaded; explicit object-year evidence required
"Wikimedia Commons file source / John Fell & Co. - Advertisement (Northern Times, 17 May 1917, p.1).jpg / page 118206333",1,IMG03:1,Controlled Commons open-license metadata; no image binary downloaded; explicit object-year evidence required
Wikimedia Commons file source / John Robertson Duigan on postal stamp.JPG / page 16874736,1,IMG03:1,Controlled Commons open-license metadata; no image binary downloaded; explicit object-year evidence required
Wikimedia Commons file source / Jordan Marsh advertisement.jpg / page 22614012,1,IMG03:1,Controlled Commons open-license metadata; no image binary downloaded; explicit object-year evidence required
"Wikimedia Commons file source / Jornal da Europa - Associação Comercial do Funchal, Funchal.jpg / page 29212234",1,IMG03:1,Controlled Commons open-license metadata; no image binary downloaded; explicit object-year evidence required
"Wikimedia Commons file source / KITLV - 500058 - Kurkdjian, Photo - Soerabaja - ""Smeroe"", volcano Semeru, Java - circa 1930.tif / page 48356785",1,IMG03:1,Controlled Commons open-license metadata; no image binary downloaded; explicit object-year evidence required
"Wikimedia Commons file source / KLM advertisement for Brazil, 1947.jpg / page 174389843",1,IMG03:1,Controlled Commons open-license metadata; no image binary downloaded; explicit object-year evidence required
Wikimedia Commons file source / KNToosi University.jpg / page 5611622,1,IMG03:1,Controlled Commons open-license metadata; no image binary downloaded; explicit object-year evidence required
"Wikimedia Commons file source / Kanpō No. 2649, Page 17 Advertisement (Published June 1, 1921).png / page 182067767",1,IMG03:1,Controlled Commons open-license metadata; no image binary downloaded; explicit object-year evidence required
"Wikimedia Commons file source / Katalogi i plakaty Dom Artysty Plastyka, 1970.jpg / page 128836879",1,IMG03:1,Controlled Commons open-license metadata; no image binary downloaded; explicit object-year evidence required
Wikimedia Commons file source / Kate Waterhouse.jpg / page 22464893,1,IMG03:1,Controlled Commons open-license metadata; no image binary downloaded; explicit object-year evidence required
Wikimedia Commons file source / Kedok Ketawa ad.jpg / page 24464009,1,IMG03:1,Controlled Commons open-license metadata; no image binary downloaded; explicit object-year evidence required
Wikimedia Commons file source / Keep up the good work. Keep down living costs - DPLA - df12611a24f7cb84a8837cbf47167998.jpg / page 124963929,1,IMG03:1,Controlled Commons open-license metadata; no image binary downloaded; explicit object-year evidence required
Wikimedia Commons file source / King Biscuit Boy.png / page 27010935,1,IMG03:1,Controlled Commons open-license metadata; no image binary downloaded; explicit object-year evidence required
Wikimedia Commons file source / Kolding IF v Roskilde BK match advertisement in Kolding Folkeblad on 2 May 1964.png / page 98148956,1,IMG03:1,Controlled Commons open-license metadata; no image binary downloaded; explicit object-year evidence required
Wikimedia Commons file source / Korean newspaper advertisement ”Hold That Ghost”.png / page 71265723,1,IMG03:1,Controlled Commons open-license metadata; no image binary downloaded; explicit object-year evidence required
Wikimedia Commons file source / Kurt Winter.png / page 139792276,1,IMG03:1,Controlled Commons open-license metadata; no image binary downloaded; explicit object-year evidence required
Wikimedia Commons file source / LIE 1983 MiNr0830 mt B002.jpg / page 73167125,1,IMG03:1,Controlled Commons open-license metadata; no image binary downloaded; explicit object-year evidence required
"Wikimedia Commons file source / La Gaceta (San Diego, Tex.), Vol. 2, No. 45, Ed. 1 Saturday, February 3, 1917 - DPLA - bddeeb9e9e74007e7d8e33de32a40e6c (page 1).jpg / page 100684912",1,IMG03:1,Controlled Commons open-license metadata; no image binary downloaded; explicit object-year evidence required
"Wikimedia Commons file source / La Gaceta (San Diego, Tex.), Vol. 2, No. 45, Ed. 1 Saturday, February 3, 1917 - DPLA - bddeeb9e9e74007e7d8e33de32a40e6c (page 2).jpg / page 100684934",1,IMG03:1,Controlled Commons open-license metadata; no image binary downloaded; explicit object-year evidence required
"Wikimedia Commons file source / La Gaceta (San Diego, Tex.), Vol. 2, No. 45, Ed. 1 Saturday, February 3, 1917 - DPLA - bddeeb9e9e74007e7d8e33de32a40e6c (page 3).jpg / page 100684951",1,IMG03:1,Controlled Commons open-license metadata; no image binary downloaded; explicit object-year evidence required
"Wikimedia Commons file source / La Gaceta (San Diego, Tex.), Vol. 2, No. 45, Ed. 1 Saturday, February 3, 1917 - DPLA - bddeeb9e9e74007e7d8e33de32a40e6c (page 4).jpg / page 100684966",1,IMG03:1,Controlled Commons open-license metadata; no image binary downloaded; explicit object-year evidence required
Wikimedia Commons file source / La Tribuna-1-edicion.jpg / page 63351475,1,IMG03:1,Controlled Commons open-license metadata; no image binary downloaded; explicit object-year evidence required
"Wikimedia Commons file source / La Voz De La Patria (Piedras Negras, Mexico), Vol. 2, No. 16, Ed. 1 Monday, September 27, 1915 - DPLA - 855ae8e2f276f9d13154e0fdbab44841 (page 1).jpg / page 100636822",1,IMG03:1,Controlled Commons open-license metadata; no image binary downloaded; explicit object-year evidence required
"Wikimedia Commons file source / La Voz De La Patria (Piedras Negras, Mexico), Vol. 2, No. 16, Ed. 1 Monday, September 27, 1915 - DPLA - 855ae8e2f276f9d13154e0fdbab44841 (page 2).jpg / page 100636832",1,IMG03:1,Controlled Commons open-license metadata; no image binary downloaded; explicit object-year evidence required
"Wikimedia Commons file source / Las Dos Republicas. (Brownsville, Tex.), Vol. 6, No. 643, Ed. 1 Sunday, April 24, 1898 - DPLA - 7d5daf55551f2a6aec27d29c109ff051 (page 1).jpg / page 100822292",1,IMG03:1,Controlled Commons open-license metadata; no image binary downloaded; explicit object-year evidence required
"Wikimedia Commons file source / Las Dos Republicas. (Brownsville, Tex.), Vol. 6, No. 643, Ed. 1 Sunday, April 24, 1898 - DPLA - 7d5daf55551f2a6aec27d29c109ff051 (page 2).jpg / page 100822313",1,IMG03:1,Controlled Commons open-license metadata; no image binary downloaded; explicit object-year evidence required
"Wikimedia Commons file source / Las Dos Republicas. (Brownsville, Tex.), Vol. 6, No. 643, Ed. 1 Sunday, April 24, 1898 - DPLA - 7d5daf55551f2a6aec27d29c109ff051 (page 3).jpg / page 100822324",1,IMG03:1,Controlled Commons open-license metadata; no image binary downloaded; explicit object-year evidence required
"Wikimedia Commons file source / Las Dos Republicas. (Brownsville, Tex.), Vol. 6, No. 643, Ed. 1 Sunday, April 24, 1898 - DPLA - 7d5daf55551f2a6aec27d29c109ff051 (page 4).jpg / page 100822346",1,IMG03:1,Controlled Commons open-license metadata; no image binary downloaded; explicit object-year evidence required
"Wikimedia Commons file source / Leaflet, promotional (AM 2005.103.7-1).jpg / page 65916486",1,IMG03:1,Controlled Commons open-license metadata; no image binary downloaded; explicit object-year evidence required
"Wikimedia Commons file source / Leaflet, promotional (AM 2005.103.7-2).jpg / page 65916492",1,IMG03:1,Controlled Commons open-license metadata; no image binary downloaded; explicit object-year evidence required
"Wikimedia Commons file source / Leone Friedman's Beauty Institute, Bucharest 1911.JPG / page 20393113",1,IMG03:1,Controlled Commons open-license metadata; no image binary downloaded; explicit object-year evidence required
"Wikimedia Commons file source / Lingeria franceză de vată de turbă a D-ruluĭ Rasurel, Epoca, 30 sept 1898.JPG / page 20555776",1,IMG03:1,Controlled Commons open-license metadata; no image binary downloaded; explicit object-year evidence required
Wikimedia Commons file source / Lost Weekend Festivalplakat 2009.jpg / page 9864402,1,IMG03:1,Controlled Commons open-license metadata; no image binary downloaded; explicit object-year evidence required
Wikimedia Commons file source / Luis Usabal Wintergarten Madge Lessing Plakat ca. 1912.jpg / page 157726705,1,IMG03:1,Controlled Commons open-license metadata; no image binary downloaded; explicit object-year evidence required
Wikimedia Commons file source / MA I291932 TePapa Oreogria-hornabrooki full.jpg / page 101272212,1,IMG03:1,Controlled Commons open-license metadata; no image binary downloaded; explicit object-year evidence required
Wikimedia Commons file source / Made in America - DPLA - e5e0237853138c43fdfa98c85eff2fb4.jpg / page 134148543,1,IMG03:1,Controlled Commons open-license metadata; no image binary downloaded; explicit object-year evidence required
Wikimedia Commons file source / Manchuria and Korea travel advertisement in 1930s.jpg / page 18040260,1,IMG03:1,Controlled Commons open-license metadata; no image binary downloaded; explicit object-year evidence required
Wikimedia Commons file source / Manuel Trujillo Durán advertisement.png / page 82107951,1,IMG03:1,Controlled Commons open-license metadata; no image binary downloaded; explicit object-year evidence required
Wikimedia Commons file source / Matilda Magazine Bob Hawke Wine Cask Ad 1985.jpg / page 172975927,1,IMG03:1,Controlled Commons open-license metadata; no image binary downloaded; explicit object-year evidence required
Wikimedia Commons file source / Matula ad.jpg / page 27763577,1,IMG03:1,Controlled Commons open-license metadata; no image binary downloaded; explicit object-year evidence required
Wikimedia Commons file source / May 2019 Artforum Cover.jpg / page 100476605,1,IMG03:1,Controlled Commons open-license metadata; no image binary downloaded; explicit object-year evidence required
Wikimedia Commons file source / Meczet w Kruszynianach Koran modlitewnik i subha.jpg / page 7365740,1,IMG03:1,Controlled Commons open-license metadata; no image binary downloaded; explicit object-year evidence required
Wikimedia Commons file source / Medicinal Plants in Australia Vol 2 Cover thumb.jpg / page 46793515,1,IMG03:1,Controlled Commons open-license metadata; no image binary downloaded; explicit object-year evidence required
Wikimedia Commons file source / Melanie Safka - Cash Box 1970.jpg / page 131828189,1,IMG03:1,Controlled Commons open-license metadata; no image binary downloaded; explicit object-year evidence required
Wikimedia Commons file source / Millie Rose Heywood LBJ 2012 (2).jpg / page 24789567,1,IMG03:1,Controlled Commons open-license metadata; no image binary downloaded; explicit object-year evidence required
Wikimedia Commons file source / MoirCousins1893.png / page 121609064,1,IMG03:1,Controlled Commons open-license metadata; no image binary downloaded; explicit object-year evidence required
Wikimedia Commons file source / Munchen Citroen 2CV.jpg / page 66503831,1,IMG03:1,Controlled Commons open-license metadata; no image binary downloaded; explicit object-year evidence required
"Wikimedia Commons file source / Myra Breckinridge - Theatre ad - 29 July, 1970.png / page 144228172",1,IMG03:1,Controlled Commons open-license metadata; no image binary downloaded; explicit object-year evidence required
"Wikimedia Commons file source / Mérida, Yucatán 1924 - anuncio - Cerveceria Yucateca.png / page 111736624",1,IMG03:1,Controlled Commons open-license metadata; no image binary downloaded; explicit object-year evidence required
"Wikimedia Commons file source / Mérida, Yucatán 1924 - anuncio - Optica La Nueva Era.png / page 111736626",1,IMG03:1,Controlled Commons open-license metadata; no image binary downloaded; explicit object-year evidence required
Wikimedia Commons file source / NEA No Smoking poster.jpg / page 942438,1,IMG03:1,Controlled Commons open-license metadata; no image binary downloaded; explicit object-year evidence required
Wikimedia Commons file source / NSBEPosterwiki.jpg / page 20086343,1,IMG03:1,Controlled Commons open-license metadata; no image binary downloaded; explicit object-year evidence required
Wikimedia Commons file source / NZ-1940 horseshoe route airmail censor to Ireland.jpg / page 37982869,1,IMG03:1,Controlled Commons open-license metadata; no image binary downloaded; explicit object-year evidence required
Wikimedia Commons file source / Nagano Dento advertisement.jpg / page 118106722,1,IMG03:1,Controlled Commons open-license metadata; no image binary downloaded; explicit object-year evidence required
Wikimedia Commons file source / National Bank of India ad.jpg / page 32789054,1,IMG03:1,Controlled Commons open-license metadata; no image binary downloaded; explicit object-year evidence required
Wikimedia Commons file source / Ndhstamp5kuna1941.jpg / page 8462229,1,IMG03:1,Controlled Commons open-license metadata; no image binary downloaded; explicit object-year evidence required
"Wikimedia Commons file source / Nederlandsche Oliefabriek Delft Delftsche Slaolie, RP-P-1970-8.jpg / page 151714716",1,IMG03:1,Controlled Commons open-license metadata; no image binary downloaded; explicit object-year evidence required
"Wikimedia Commons file source / Negen postzegels als serie uitgegeven door het Poolse Postkantoor, met als thema historische vervoersmiddelen uit het, RP-F-F15840-B.jpg / page 150261272",1,IMG03:1,Controlled Commons open-license metadata; no image binary downloaded; explicit object-year evidence required
"Wikimedia Commons file source / Negen postzegels uitgegeven als serie door het Poolse Postkantoor, met als thema 'De orchideeën', RP-F-F15840-A.jpg / page 150261240",1,IMG03:1,Controlled Commons open-license metadata; no image binary downloaded; explicit object-year evidence required
Wikimedia Commons file source / Nepal transport advertisement.jpg / page 14017678,1,IMG03:1,Controlled Commons open-license metadata; no image binary downloaded; explicit object-year evidence required
"Wikimedia Commons file source / New Zealand ""Pride 2021"" stamp.png / page 150376355",1,IMG03:1,Controlled Commons open-license metadata; no image binary downloaded; explicit object-year evidence required
Wikimedia Commons file source / New Zealand 1984 variable value stamp 00.35 Mi 1.jpg / page 98147075,1,IMG03:1,Controlled Commons open-license metadata; no image binary downloaded; explicit object-year evidence required
Wikimedia Commons file source / New Zealand Invites You - New Zealand Railways Advertising 1924 (10469354535).jpg / page 47037308,1,IMG03:1,Controlled Commons open-license metadata; no image binary downloaded; explicit object-year evidence required
Wikimedia Commons file source / Newpaper clipping in Spanish advertising show at the Lyric Theater 1953.jpg / page 49991791,1,IMG03:1,Controlled Commons open-license metadata; no image binary downloaded; explicit object-year evidence required
Wikimedia Commons file source / Newspaper advertisement for Elsie Lincoln Benedict's lectures.tiff / page 154827325,1,IMG03:1,Controlled Commons open-license metadata; no image binary downloaded; explicit object-year evidence required
Wikimedia Commons file source / November 1943 -- 10 Story Detective.jpg / page 7890058,1,IMG03:1,Controlled Commons open-license metadata; no image binary downloaded; explicit object-year evidence required
"Wikimedia Commons file source / Nysa 522 in Kraków, Crazy Van - rear.jpg / page 12097854",1,IMG03:1,Controlled Commons open-license metadata; no image binary downloaded; explicit object-year evidence required
Wikimedia Commons file source / Obetrol-resized.jpg / page 5803394,1,IMG03:1,Controlled Commons open-license metadata; no image binary downloaded; explicit object-year evidence required
Wikimedia Commons file source / Old stamp of Democratic Republic of Azerbaijan.jpg / page 3499473,1,IMG03:1,Controlled Commons open-license metadata; no image binary downloaded; explicit object-year evidence required
Wikimedia Commons file source / On Stream! New process makes rare earths available at lower cost - DPLA - b1de5c84e0eaff6cd00b4aa9d5c3871d.jpg / page 134194603,1,IMG03:1,Controlled Commons open-license metadata; no image binary downloaded; explicit object-year evidence required
"Wikimedia Commons file source / Organ concert poster, 1970.jpg / page 171724335",1,IMG03:1,Controlled Commons open-license metadata; no image binary downloaded; explicit object-year evidence required
"Wikimedia Commons file source / Packet, food product (AM 2015.4.12-1).jpg / page 64735186",1,IMG03:1,Controlled Commons open-license metadata; no image binary downloaded; explicit object-year evidence required
"Wikimedia Commons file source / Packet, food product (AM 2015.4.12-2).jpg / page 64735216",1,IMG03:1,Controlled Commons open-license metadata; no image binary downloaded; explicit object-year evidence required
"Wikimedia Commons file source / Packet, food product (AM 2015.4.12-7).jpg / page 64735295",1,IMG03:1,Controlled Commons open-license metadata; no image binary downloaded; explicit object-year evidence required
"Wikimedia Commons file source / Packet, food product (AM 2015.4.12-9).jpg / page 64735327",1,IMG03:1,Controlled Commons open-license metadata; no image binary downloaded; explicit object-year evidence required
"Wikimedia Commons file source / Packet, food product (AM 2015.4.16-2).jpg / page 65953371",1,IMG03:1,Controlled Commons open-license metadata; no image binary downloaded; explicit object-year evidence required
"Wikimedia Commons file source / Packet, food product (AM 2015.4.16-4).jpg / page 65953390",1,IMG03:1,Controlled Commons open-license metadata; no image binary downloaded; explicit object-year evidence required
"Wikimedia Commons file source / Packet, food product (AM 2015.4.16-6).jpg / page 65953405",1,IMG03:1,Controlled Commons open-license metadata; no image binary downloaded; explicit object-year evidence required
"Wikimedia Commons file source / Packet, food product (AM 2015.4.17-3).jpg / page 83335455",1,IMG03:1,Controlled Commons open-license metadata; no image binary downloaded; explicit object-year evidence required
"Wikimedia Commons file source / Packet, food product (AM 2015.4.17-4).jpg / page 64726342",1,IMG03:1,Controlled Commons open-license metadata; no image binary downloaded; explicit object-year evidence required
Wikimedia Commons file source / Paeroa water advertisement 1937.jpg / page 138162666,1,IMG03:1,Controlled Commons open-license metadata; no image binary downloaded; explicit object-year evidence required
"Wikimedia Commons file source / Page of a magazine or newspaper, with advertisement of Stigler elevators and the Romanian Technic Group (Grupul Tehnic Român).jpg / page 138170742",1,IMG03:1,Controlled Commons open-license metadata; no image binary downloaded; explicit object-year evidence required
Wikimedia Commons file source / Palace-Hotel-Advertisement.jpg / page 96156948,1,IMG03:1,Controlled Commons open-license metadata; no image binary downloaded; explicit object-year evidence required
Wikimedia Commons file source / Palang Prachachon Chiangmai 2007 (2).jpg / page 3278184,1,IMG03:1,Controlled Commons open-license metadata; no image binary downloaded; explicit object-year evidence required
Wikimedia Commons file source / Paolo Monti - Servizio fotografico - BEIC 6346847.jpg / page 48061505,1,IMG03:1,Controlled Commons open-license metadata; no image binary downloaded; explicit object-year evidence required
Wikimedia Commons file source / Paraguayan postage stamp commemorating Albert Einstein - DPLA - aa7e119b611dd3b6eb9f30de4d11e94f.jpg / page 123788606,1,IMG03:1,Controlled Commons open-license metadata; no image binary downloaded; explicit object-year evidence required
Wikimedia Commons file source / Pedro somay cigarrillos aviso.jpg / page 78597048,1,IMG03:1,Controlled Commons open-license metadata; no image binary downloaded; explicit object-year evidence required
Wikimedia Commons file source / Peru BC5.jpg / page 7534727,1,IMG03:1,Controlled Commons open-license metadata; no image binary downloaded; explicit object-year evidence required
Wikimedia Commons file source / Petróleo Químico Nally - Ilustração Portugueza (6Set1941).png / page 128112657,1,IMG03:1,Controlled Commons open-license metadata; no image binary downloaded; explicit object-year evidence required
Wikimedia Commons file source / Phoebe Tonkin October 2012 (8121867188).jpg / page 24789580,1,IMG03:1,Controlled Commons open-license metadata; no image binary downloaded; explicit object-year evidence required
Wikimedia Commons file source / Phoebe Tonkin October 2012 (8121867792) (cropped).jpg / page 75192065,1,IMG03:1,Controlled Commons open-license metadata; no image binary downloaded; explicit object-year evidence required
Wikimedia Commons file source / Phono 73.png / page 27273769,1,IMG03:1,Controlled Commons open-license metadata; no image binary downloaded; explicit object-year evidence required
Wikimedia Commons file source / Placing posters on the wall.jpg / page 3509042,1,IMG03:1,Controlled Commons open-license metadata; no image binary downloaded; explicit object-year evidence required
Wikimedia Commons file source / Plakáty festivalu Mezipatra 2009.jpg / page 9617614,1,IMG03:1,Controlled Commons open-license metadata; no image binary downloaded; explicit object-year evidence required
Wikimedia Commons file source / Pmt 1.jpg / page 1534412,1,IMG03:1,Controlled Commons open-license metadata; no image binary downloaded; explicit object-year evidence required
Wikimedia Commons file source / Polarfront1 awi hg.jpg / page 1048130,1,IMG03:1,Controlled Commons open-license metadata; no image binary downloaded; explicit object-year evidence required
Wikimedia Commons file source / Polarfront2 dsm balkenhol hg.jpg / page 1048131,1,IMG03:1,Controlled Commons open-license metadata; no image binary downloaded; explicit object-year evidence required
Wikimedia Commons file source / Polarfront3 dsm hg.jpg / page 1048132,1,IMG03:1,Controlled Commons open-license metadata; no image binary downloaded; explicit object-year evidence required
Wikimedia Commons file source / Polson's Coffee & Butter.jpg / page 18586101,1,IMG03:1,Controlled Commons open-license metadata; no image binary downloaded; explicit object-year evidence required
Wikimedia Commons file source / Pontiac six laudausedan ad 1926.jpg / page 122836662,1,IMG03:1,Controlled Commons open-license metadata; no image binary downloaded; explicit object-year evidence required
Wikimedia Commons file source / Poster about migrant rights in Europe.jpeg / page 220354,1,IMG03:1,Controlled Commons open-license metadata; no image binary downloaded; explicit object-year evidence required
"Wikimedia Commons file source / Poster of solo exhibition of Budapest - Paál László Hall, Hungarian Picture Gallery Company (18 September - 3 October, 1970).jpg / page 125061183",1,IMG03:1,Controlled Commons open-license metadata; no image binary downloaded; explicit object-year evidence required
Wikimedia Commons file source / Potret Roekiah1.jpg / page 30413143,1,IMG03:1,Controlled Commons open-license metadata; no image binary downloaded; explicit object-year evidence required
Wikimedia Commons file source / Precious and few by climax Australian single side-A.png / page 132195218,1,IMG03:1,Controlled Commons open-license metadata; no image binary downloaded; explicit object-year evidence required
Wikimedia Commons file source / PrincipiaDiscordia ErrataB.png / page 2912503,1,IMG03:1,Controlled Commons open-license metadata; no image binary downloaded; explicit object-year evidence required
"Wikimedia Commons file source / Prins Bernhard opent World Packaging Congres in Utrech, Bestanddeelnr 934-6553.jpg / page 72322710",1,IMG03:1,Controlled Commons open-license metadata; no image binary downloaded; explicit object-year evidence required
"Wikimedia Commons file source / Print, trade-card (BM D,2.1970).jpg / page 90038683",1,IMG03:1,Controlled Commons open-license metadata; no image binary downloaded; explicit object-year evidence required
Wikimedia Commons file source / Publicidad Rastrojero.jpg / page 19566513,1,IMG03:1,Controlled Commons open-license metadata; no image binary downloaded; explicit object-year evidence required
Wikimedia Commons file source / Publicidad botin pelota argentina.jpg / page 88543678,1,IMG03:1,Controlled Commons open-license metadata; no image binary downloaded; explicit object-year evidence required
Wikimedia Commons file source / Publicidad cuellos punos de mey.jpg / page 80603572,1,IMG03:1,Controlled Commons open-license metadata; no image binary downloaded; explicit object-year evidence required
Wikimedia Commons file source / Publicidade Agua da Matta - O Algarve 277 1913.jpg / page 86637002,1,IMG03:1,Controlled Commons open-license metadata; no image binary downloaded; explicit object-year evidence required
Wikimedia Commons file source / Publicidade Baume Marpent - GazetaCF 1475 1949.jpg / page 87052709,1,IMG03:1,Controlled Commons open-license metadata; no image binary downloaded; explicit object-year evidence required
Wikimedia Commons file source / Publicidade Brown Boveri Caniços - GazetaCF 1211 1938.jpg / page 85448269,1,IMG03:1,Controlled Commons open-license metadata; no image binary downloaded; explicit object-year evidence required
Wikimedia Commons file source / Publicidade Brugeoise Nicaise Delcuve - GazetaCF 1475 1949.jpg / page 88238537,1,IMG03:1,Controlled Commons open-license metadata; no image binary downloaded; explicit object-year evidence required
Wikimedia Commons file source / Publicidade General Electric Portuguesa - GazetaCF 1475 1949.jpg / page 87699190,1,IMG03:1,Controlled Commons open-license metadata; no image binary downloaded; explicit object-year evidence required
Wikimedia Commons file source / Publicidade Irmaos Santos - GazetaCF 1417 1947.png / page 115704752,1,IMG03:1,Controlled Commons open-license metadata; no image binary downloaded; explicit object-year evidence required
Wikimedia Commons file source / Publicidade Maschinenfabrik Esslingen - GazetaCF 1475 1949.jpg / page 86513657,1,IMG03:1,Controlled Commons open-license metadata; no image binary downloaded; explicit object-year evidence required
Wikimedia Commons file source / Publicidade Moagem de Saboia - Album Alentejano.png / page 116212849,1,IMG03:1,Controlled Commons open-license metadata; no image binary downloaded; explicit object-year evidence required
Wikimedia Commons file source / Publicidade Prazeres e Irmao Castro Verde - Album Alentejano Beja.png / page 102303873,1,IMG03:1,Controlled Commons open-license metadata; no image binary downloaded; explicit object-year evidence required
Wikimedia Commons file source / Publicidade Sociedade Vinicola Sul Portugal - GazetaCF 1710 1959.png / page 113301679,1,IMG03:1,Controlled Commons open-license metadata; no image binary downloaded; explicit object-year evidence required
Wikimedia Commons file source / Publicidade Termas Monte Real - GazetaCF 1417 1947.jpg / page 65187158,1,IMG03:1,Controlled Commons open-license metadata; no image binary downloaded; explicit object-year evidence required
Wikimedia Commons file source / Publicidade da Anglo-Portuguese Telephone Company II - GazetaCF 1175 1936.jpg / page 99049168,1,IMG03:1,Controlled Commons open-license metadata; no image binary downloaded; explicit object-year evidence required
Wikimedia Commons file source / Publicidade da Linha da Beira Alta.jpg / page 75101667,1,IMG03:1,Controlled Commons open-license metadata; no image binary downloaded; explicit object-year evidence required
Wikimedia Commons file source / Publicidade da Moagem do Miranda em Odemira - Album Alentejano.png / page 116254234,1,IMG03:1,Controlled Commons open-license metadata; no image binary downloaded; explicit object-year evidence required
Wikimedia Commons file source / Puente Sobreel Lago Maracaibo (24823392610).jpg / page 85582936,1,IMG03:1,Controlled Commons open-license metadata; no image binary downloaded; explicit object-year evidence required
Wikimedia Commons file source / PundalikAd.jpg / page 19747588,1,IMG03:1,Controlled Commons open-license metadata; no image binary downloaded; explicit object-year evidence required
Wikimedia Commons file source / Pyeonghwa Theatre Ad 30MAR1953.jpg / page 30180529,1,IMG03:1,Controlled Commons open-license metadata; no image binary downloaded; explicit object-year evidence required
Wikimedia Commons file source / Qipao1.jpg / page 3611520,1,IMG03:1,Controlled Commons open-license metadata; no image binary downloaded; explicit object-year evidence required
"Wikimedia Commons file source / Radio stations advertisement in KK, Sabah.jpg / page 49872596",1,IMG03:1,Controlled Commons open-license metadata; no image binary downloaded; explicit object-year evidence required
Wikimedia Commons file source / Rafael Trujillo 1933.jpg / page 35288269,1,IMG03:1,Controlled Commons open-license metadata; no image binary downloaded; explicit object-year evidence required
Wikimedia Commons file source / Rah-e Mojahed no 72 advertisement.jpg / page 129792391,1,IMG03:1,Controlled Commons open-license metadata; no image binary downloaded; explicit object-year evidence required
Wikimedia Commons file source / Ramfisbridge.jpg / page 23780453,1,IMG03:1,Controlled Commons open-license metadata; no image binary downloaded; explicit object-year evidence required
Wikimedia Commons file source / Ratanakosin Hotel Advertisement 1954.jpg / page 99465770,1,IMG03:1,Controlled Commons open-license metadata; no image binary downloaded; explicit object-year evidence required
Wikimedia Commons file source / Reklama iz časopisa Godišnjak Jugoslovenskog vazduhoplovstva 13.jpg / page 98853980,1,IMG03:1,Controlled Commons open-license metadata; no image binary downloaded; explicit object-year evidence required
Wikimedia Commons file source / Reklama.jpg / page 50442,1,IMG03:1,Controlled Commons open-license metadata; no image binary downloaded; explicit object-year evidence required
Wikimedia Commons file source / Reklama2.jpg / page 50444,1,IMG03:1,Controlled Commons open-license metadata; no image binary downloaded; explicit object-year evidence required
"Wikimedia Commons file source / Republic of China, 1948 ""AMERICAN AID PRODUCT FOR CHINA"" with Chinese script, American Aid Advertisement Poster - NARA - 5900041 (cropped).jpg / page 76536972",1,IMG03:1,Controlled Commons open-license metadata; no image binary downloaded; explicit object-year evidence required
Wikimedia Commons file source / Restanten van een verwoest station Rotterdam Maas met een kapotte trein 1940.jpg / page 92503651,1,IMG03:1,Controlled Commons open-license metadata; no image binary downloaded; explicit object-year evidence required
Wikimedia Commons file source / Reza-shah mausoleum3.jpg / page 3893107,1,IMG03:1,Controlled Commons open-license metadata; no image binary downloaded; explicit object-year evidence required
"Wikimedia Commons file source / Rhodiatoce, advertisement.jpg / page 179514864",1,IMG03:1,Controlled Commons open-license metadata; no image binary downloaded; explicit object-year evidence required
Wikimedia Commons file source / Rob Grill - The Grass Roots (1970).png / page 113033170,1,IMG03:1,Controlled Commons open-license metadata; no image binary downloaded; explicit object-year evidence required
Wikimedia Commons file source / Roekiah in sandal advertisement.jpg / page 30368334,1,IMG03:1,Controlled Commons open-license metadata; no image binary downloaded; explicit object-year evidence required
Wikimedia Commons file source / Ronnie Dove 2.jpg / page 66752160,1,IMG03:1,Controlled Commons open-license metadata; no image binary downloaded; explicit object-year evidence required
Wikimedia Commons file source / Roosiah Iranian film advertisement.jpg / page 129137402,1,IMG03:1,Controlled Commons open-license metadata; no image binary downloaded; explicit object-year evidence required
Wikimedia Commons file source / Ročno sortiranje ščetin.jpg / page 35896331,1,IMG03:1,Controlled Commons open-license metadata; no image binary downloaded; explicit object-year evidence required
"Wikimedia Commons file source / S. Abdullah, His Master's Voice Advertisement, Surabaya (c 1930s).jpg / page 62663544",1,IMG03:1,Controlled Commons open-license metadata; no image binary downloaded; explicit object-year evidence required
Wikimedia Commons file source / SBUs Mesterskabsrække football match advertisement Kjøbenhavns Amts Avis 12.05.1928.png / page 69987670,1,IMG03:1,Controlled Commons open-license metadata; no image binary downloaded; explicit object-year evidence required
Wikimedia Commons file source / Salgard nejat azarbayjan 1950-1.jpg / page 95746159,1,IMG03:1,Controlled Commons open-license metadata; no image binary downloaded; explicit object-year evidence required
Wikimedia Commons file source / Sampanie Basilescu.jpg / page 132495754,1,IMG03:1,Controlled Commons open-license metadata; no image binary downloaded; explicit object-year evidence required
Wikimedia Commons file source / San Miguel Pale Pilsen Advertisement 1931.jpg / page 157458314,1,IMG03:1,Controlled Commons open-license metadata; no image binary downloaded; explicit object-year evidence required
Wikimedia Commons file source / Sara Donaldson LBJ 2012 (1).jpg / page 24789566,1,IMG03:1,Controlled Commons open-license metadata; no image binary downloaded; explicit object-year evidence required
Wikimedia Commons file source / Sara Donaldson LBJ 2012 (2).jpg / page 24789570,1,IMG03:1,Controlled Commons open-license metadata; no image binary downloaded; explicit object-year evidence required
Wikimedia Commons file source / Sarah McLeod (8121863989).jpg / page 24789536,1,IMG03:1,Controlled Commons open-license metadata; no image binary downloaded; explicit object-year evidence required
Wikimedia Commons file source / Sarah Snook (8121863272).jpg / page 24789587,1,IMG03:1,Controlled Commons open-license metadata; no image binary downloaded; explicit object-year evidence required
Wikimedia Commons file source / Sarah Snook (8121863673).jpg / page 24789539,1,IMG03:1,Controlled Commons open-license metadata; no image binary downloaded; explicit object-year evidence required
"Wikimedia Commons file source / Scala Theatre, Seoul Flyer 27SEP1962.jpg / page 29841282",1,IMG03:1,Controlled Commons open-license metadata; no image binary downloaded; explicit object-year evidence required
Wikimedia Commons file source / Scarboro Fair - 1900 - Advertisement - p 2.jpg / page 92577774,1,IMG03:1,Controlled Commons open-license metadata; no image binary downloaded; explicit object-year evidence required
Wikimedia Commons file source / Second series 1941 Independent State of Croatia stamp.jpg / page 163772025,1,IMG03:1,Controlled Commons open-license metadata; no image binary downloaded; explicit object-year evidence required
Wikimedia Commons file source / Sega - Jet Rocket Airstrike Simulator - July 4th 1970 Cash Box advert.jpg / page 145756329,1,IMG03:1,Controlled Commons open-license metadata; no image binary downloaded; explicit object-year evidence required
Wikimedia Commons file source / Shinano Denki advertisement.jpg / page 117363303,1,IMG03:1,Controlled Commons open-license metadata; no image binary downloaded; explicit object-year evidence required
Wikimedia Commons file source / Signboard Displayed Along Street.jpg / page 130195623,1,IMG03:1,Controlled Commons open-license metadata; no image binary downloaded; explicit object-year evidence required
Wikimedia Commons file source / Signboard for Hook Signs Along the Road.jpg / page 130195828,1,IMG03:1,Controlled Commons open-license metadata; no image binary downloaded; explicit object-year evidence required
Wikimedia Commons file source / Signboard for Hook Signs.jpg / page 130195393,1,IMG03:1,Controlled Commons open-license metadata; no image binary downloaded; explicit object-year evidence required
Wikimedia Commons file source / Skany dokumentow historycznych 005.jpg / page 12268416,1,IMG03:1,Controlled Commons open-license metadata; no image binary downloaded; explicit object-year evidence required
"Wikimedia Commons file source / Skyview Drive-in Ad - 13 July 1970, Santa Cruz, CA.jpg / page 131612267",1,IMG03:1,Controlled Commons open-license metadata; no image binary downloaded; explicit object-year evidence required
"Wikimedia Commons file source / Smelting Company of Australia - Advertisement (Daily Commercial News and Shipping List, 19 Jan 1898, p6).jpg / page 170544654",2,IMG03:2,Controlled Commons open-license metadata; no image binary downloaded; explicit object-year evidence required
Wikimedia Commons file source / Soeara Berbisa ad.jpg / page 32819511,1,IMG03:1,Controlled Commons open-license metadata; no image binary downloaded; explicit object-year evidence required
Wikimedia Commons file source / Soldier blue.jpg / page 17894419,1,IMG03:1,Controlled Commons open-license metadata; no image binary downloaded; explicit object-year evidence required
Wikimedia Commons file source / SoulCityAd.jpg / page 85758923,1,IMG03:1,Controlled Commons open-license metadata; no image binary downloaded; explicit object-year evidence required
Wikimedia Commons file source / South africa 1975 satelite communications.png / page 192891933,1,IMG03:1,Controlled Commons open-license metadata; no image binary downloaded; explicit object-year evidence required
Wikimedia Commons file source / Souto leon plata.jpg / page 7102287,1,IMG03:1,Controlled Commons open-license metadata; no image binary downloaded; explicit object-year evidence required
Wikimedia Commons file source / Sportlandia foto publicidad 1979.jpg / page 192869257,1,IMG03:1,Controlled Commons open-license metadata; no image binary downloaded; explicit object-year evidence required
Wikimedia Commons file source / Sprawa polska 1861 (book cover).jpg / page 27556512,1,IMG03:1,Controlled Commons open-license metadata; no image binary downloaded; explicit object-year evidence required
"Wikimedia Commons file source / Stadsarchief Amsterdam, Afb ANWF00064000001.jpg / page 63910070",1,IMG03:1,Controlled Commons open-license metadata; no image binary downloaded; explicit object-year evidence required
Wikimedia Commons file source / Stamp 1965 NewZealand MiNi0445 pm B002.jpg / page 116401054,1,IMG03:1,Controlled Commons open-license metadata; no image binary downloaded; explicit object-year evidence required
Wikimedia Commons file source / Stamp 1966 NewZealand MiNr0453 pm B002.jpg / page 116381209,1,IMG03:1,Controlled Commons open-license metadata; no image binary downloaded; explicit object-year evidence required
Wikimedia Commons file source / Stamp 1969 Australia MiNr0417 pm B002.jpg / page 116732664,1,IMG03:1,Controlled Commons open-license metadata; no image binary downloaded; explicit object-year evidence required
Wikimedia Commons file source / Stamp 1971 NewZealand MiNr0565 pm B002.jpg / page 116388244,1,IMG03:1,Controlled Commons open-license metadata; no image binary downloaded; explicit object-year evidence required
Wikimedia Commons file source / Stamp Ireland 1957 Admiral Brown set.jpg / page 27999915,1,IMG03:1,Controlled Commons open-license metadata; no image binary downloaded; explicit object-year evidence required
Wikimedia Commons file source / Stamp of Aitutaki - 1924 - Colnect 598388 - Wharf at Avarua.jpeg / page 115645425,1,IMG03:1,Controlled Commons open-license metadata; no image binary downloaded; explicit object-year evidence required
Wikimedia Commons file source / Stamp of Aitutaki - 1927 - Colnect 376944 - Captain Cook landing.jpeg / page 115645434,1,IMG03:1,Controlled Commons open-license metadata; no image binary downloaded; explicit object-year evidence required
Wikimedia Commons file source / Stamp of Aitutaki - 1927 - Colnect 430728 - Te Po Rarotongan chief.jpeg / page 115645441,1,IMG03:1,Controlled Commons open-license metadata; no image binary downloaded; explicit object-year evidence required
Wikimedia Commons file source / Stamp of Azerbaijan - 1995 - Colnect 288055 - Mata Mata Chelus fimbriatus.jpeg / page 98438262,1,IMG03:1,Controlled Commons open-license metadata; no image binary downloaded; explicit object-year evidence required
Wikimedia Commons file source / Stamp of Iran-1949.jpg / page 19304391,1,IMG03:1,Controlled Commons open-license metadata; no image binary downloaded; explicit object-year evidence required
Wikimedia Commons file source / Stamp of Peru - 1866 - Colnect 352996 - Lama Lama glama.jpeg / page 114966499,1,IMG03:1,Controlled Commons open-license metadata; no image binary downloaded; explicit object-year evidence required
Wikimedia Commons file source / Stamp of Peru - 1873 - Colnect 1026088 - Llama on blue.jpeg / page 114967266,1,IMG03:1,Controlled Commons open-license metadata; no image binary downloaded; explicit object-year evidence required
Wikimedia Commons file source / Stamp of Peru - 1874 - Colnect 416878 - Postage due stamps.jpeg / page 114967529,1,IMG03:1,Controlled Commons open-license metadata; no image binary downloaded; explicit object-year evidence required
Wikimedia Commons file source / Stamp of Peru - 1874 - Colnect 416881 - Postage due stamps.jpeg / page 114967695,1,IMG03:1,Controlled Commons open-license metadata; no image binary downloaded; explicit object-year evidence required
Wikimedia Commons file source / Stamp of Peru - 1881 - Colnect 416888 - 1 - Postage due stamps.jpeg / page 114969891,1,IMG03:1,Controlled Commons open-license metadata; no image binary downloaded; explicit object-year evidence required
Wikimedia Commons file source / Stamp of Peru - 1881 - Colnect 416890 - 1 - Postage due stamps.jpeg / page 114970126,1,IMG03:1,Controlled Commons open-license metadata; no image binary downloaded; explicit object-year evidence required
Wikimedia Commons file source / Stamp of Peru - 1881 - Colnect 416892 - 1 - Postage due stamps.jpeg / page 114970277,1,IMG03:1,Controlled Commons open-license metadata; no image binary downloaded; explicit object-year evidence required
Wikimedia Commons file source / Stamp of Peru - 1883 - Colnect 417539 - 1 - Definitives with horseshoe overprint.jpeg / page 114971191,1,IMG03:1,Controlled Commons open-license metadata; no image binary downloaded; explicit object-year evidence required
Wikimedia Commons file source / Stamp of Peru - 1883 - Colnect 417549 - 1 - Definitives with triangle and UPU overprint.jpeg / page 114971524,1,IMG03:1,Controlled Commons open-license metadata; no image binary downloaded; explicit object-year evidence required
Wikimedia Commons file source / Stamp of Peru - 1883 - Colnect 417555 - 1 - Definitives with triangle and UPU overprint.jpeg / page 114971707,1,IMG03:1,Controlled Commons open-license metadata; no image binary downloaded; explicit object-year evidence required
Wikimedia Commons file source / Stamp of Peru - 1884 - Colnect 417575 - 1 - MI 21a Overprinted.jpeg / page 114972910,1,IMG03:1,Controlled Commons open-license metadata; no image binary downloaded; explicit object-year evidence required
Wikimedia Commons file source / Stamp of Peru - 1884 - Colnect 844978 - Postage Due Stamp Overprinted.jpeg / page 114974134,1,IMG03:1,Controlled Commons open-license metadata; no image binary downloaded; explicit object-year evidence required
Wikimedia Commons file source / Stamp of Peru - 1884 - Colnect 844994 - Postage Due stamp Overprinted.jpeg / page 114974200,1,IMG03:1,Controlled Commons open-license metadata; no image binary downloaded; explicit object-year evidence required
Wikimedia Commons file source / Stamp of Peru - 1890 - Colnect 417583 - GOBIERNO on Sun.jpeg / page 114975310,1,IMG03:1,Controlled Commons open-license metadata; no image binary downloaded; explicit object-year evidence required
Wikimedia Commons file source / Stamp of Peru - 1894 - Colnect 417590 - 1 - Pres Remigio Morales Bermúdez.jpeg / page 114975649,1,IMG03:1,Controlled Commons open-license metadata; no image binary downloaded; explicit object-year evidence required
Wikimedia Commons file source / Stamp of Peru - 1894 - Colnect 417593 - 1 - Pres Remigio Morales Bermúdez.jpeg / page 114975877,1,IMG03:1,Controlled Commons open-license metadata; no image binary downloaded; explicit object-year evidence required
Wikimedia Commons file source / Stamp of Peru - 1894 - Colnect 417601 - 1 - Pres Remigio Morales Bermúdez.jpeg / page 114976468,1,IMG03:1,Controlled Commons open-license metadata; no image binary downloaded; explicit object-year evidence required
Wikimedia Commons file source / Stamp of Peru - 1894 - Colnect 417605 - Pres Remigio Morales Bermúdez.jpeg / page 114976600,1,IMG03:1,Controlled Commons open-license metadata; no image binary downloaded; explicit object-year evidence required
Wikimedia Commons file source / Stamp of Peru - 1895 - Colnect 419538 - Lama Lama glama.jpeg / page 114976836,1,IMG03:1,Controlled Commons open-license metadata; no image binary downloaded; explicit object-year evidence required
Wikimedia Commons file source / Stamp of Peru - 1895 - Colnect 419549 - Liberty.jpeg / page 114977249,1,IMG03:1,Controlled Commons open-license metadata; no image binary downloaded; explicit object-year evidence required
Wikimedia Commons file source / Stamp of Peru - 1896 - Colnect 225347 - Francisco Pizarro.jpeg / page 114977608,1,IMG03:1,Controlled Commons open-license metadata; no image binary downloaded; explicit object-year evidence required
Wikimedia Commons file source / Stamp of Peru - 1896 - Colnect 419560 - DEFICIT on Sun behind Mountain.jpeg / page 114977668,1,IMG03:1,Controlled Commons open-license metadata; no image binary downloaded; explicit object-year evidence required
Wikimedia Commons file source / Stamp of Peru - 1896 - Colnect 419565 - General Jose de La Mar.jpeg / page 114977752,1,IMG03:1,Controlled Commons open-license metadata; no image binary downloaded; explicit object-year evidence required
Wikimedia Commons file source / Stamp of Peru - 1896 - Colnect 419566 - General Jose de La Mar.jpeg / page 114977782,1,IMG03:1,Controlled Commons open-license metadata; no image binary downloaded; explicit object-year evidence required
Wikimedia Commons file source / Stamp of Peru - 1896 - Colnect 419567 - General Jose de La Mar.jpeg / page 114977798,1,IMG03:1,Controlled Commons open-license metadata; no image binary downloaded; explicit object-year evidence required
Wikimedia Commons file source / Stamp of Peru - 1896 - Colnect 845006 - Number 1.jpeg / page 114977893,1,IMG03:1,Controlled Commons open-license metadata; no image binary downloaded; explicit object-year evidence required
Wikimedia Commons file source / Stamp of Peru - 1896 - Colnect 845010 - Number 10.jpeg / page 114977988,1,IMG03:1,Controlled Commons open-license metadata; no image binary downloaded; explicit object-year evidence required
Wikimedia Commons file source / Stamp of Peru - 1896 - Colnect 846110 - Sun Overprinted.jpeg / page 114978039,1,IMG03:1,Controlled Commons open-license metadata; no image binary downloaded; explicit object-year evidence required
Wikimedia Commons file source / Stamp of Peru - 1897 - Colnect 419557 - Postage due stamps.jpeg / page 114978198,1,IMG03:1,Controlled Commons open-license metadata; no image binary downloaded; explicit object-year evidence required
Wikimedia Commons file source / Stamp of Peru - 1897 - Colnect 419574 - New post office building Lima.jpeg / page 114978323,1,IMG03:1,Controlled Commons open-license metadata; no image binary downloaded; explicit object-year evidence required
Wikimedia Commons file source / Stamp of Peru - 1897 - Colnect 419575 - Pres Nicolás de Pierola.jpeg / page 114978338,1,IMG03:1,Controlled Commons open-license metadata; no image binary downloaded; explicit object-year evidence required
Wikimedia Commons file source / Stamp of Peru - 1898 - Colnect 846116 - Postage Due Overprinted.jpeg / page 114978381,1,IMG03:1,Controlled Commons open-license metadata; no image binary downloaded; explicit object-year evidence required
Wikimedia Commons file source / Stamp of Peru - 1898 - Colnect 846121 - May 2nd Column.jpeg / page 114978451,1,IMG03:1,Controlled Commons open-license metadata; no image binary downloaded; explicit object-year evidence required
Wikimedia Commons file source / Stamp of Peru - 1899 - Colnect 419576 - Allegory of the Sitting Homeland.jpeg / page 114978524,1,IMG03:1,Controlled Commons open-license metadata; no image binary downloaded; explicit object-year evidence required
Wikimedia Commons file source / Stamp of Peru - 1901 - Colnect 419582 - Col Francisco Bolognes.jpeg / page 114978710,1,IMG03:1,Controlled Commons open-license metadata; no image binary downloaded; explicit object-year evidence required
Wikimedia Commons file source / Stamp of Peru - 1903 - Colnect 845013 - 1 - Number 10 overprinted.jpeg / page 114978948,1,IMG03:1,Controlled Commons open-license metadata; no image binary downloaded; explicit object-year evidence required
Wikimedia Commons file source / Stamp of Peru - 1907 - Colnect 225350 - National Institute of Hygiene in Lima.jpeg / page 114979249,1,IMG03:1,Controlled Commons open-license metadata; no image binary downloaded; explicit object-year evidence required
Wikimedia Commons file source / Stamp of Peru - 1907 - Colnect 225351 - Monument of Bolognesi.jpeg / page 114979334,1,IMG03:1,Controlled Commons open-license metadata; no image binary downloaded; explicit object-year evidence required
Wikimedia Commons file source / Stamp of Peru - 1907 - Colnect 419590 - Admiral Miguel L Grau.jpeg / page 114979499,1,IMG03:1,Controlled Commons open-license metadata; no image binary downloaded; explicit object-year evidence required
Wikimedia Commons file source / Stamp of Peru - 1907 - Colnect 419594 - School of Medicine Lima.jpeg / page 114979763,1,IMG03:1,Controlled Commons open-license metadata; no image binary downloaded; explicit object-year evidence required
Wikimedia Commons file source / Stamp of Peru - 1907 - Colnect 419595 - Post and Telegraph Building Lima.jpeg / page 114979836,1,IMG03:1,Controlled Commons open-license metadata; no image binary downloaded; explicit object-year evidence required
Wikimedia Commons file source / Stamp of Peru - 1907 - Colnect 419597 - Columbus Monument.jpeg / page 114979925,1,IMG03:1,Controlled Commons open-license metadata; no image binary downloaded; explicit object-year evidence required
Wikimedia Commons file source / Stamp of Peru - 1908 - Colnect 846071 - Pizarro Overprinted - back.jpeg / page 114980007,1,IMG03:1,Controlled Commons open-license metadata; no image binary downloaded; explicit object-year evidence required
Wikimedia Commons file source / Stamp of Peru - 1909 - Colnect 225353 - Christoph Columbus.jpeg / page 114980061,1,IMG03:1,Controlled Commons open-license metadata; no image binary downloaded; explicit object-year evidence required
Wikimedia Commons file source / Stamp of Peru - 1909 - Colnect 225354 - José Francisco de San Martín.jpeg / page 114980143,1,IMG03:1,Controlled Commons open-license metadata; no image binary downloaded; explicit object-year evidence required
Wikimedia Commons file source / Stamp of Peru - 1909 - Colnect 225356 - Jose de la Mar.jpeg / page 114980195,1,IMG03:1,Controlled Commons open-license metadata; no image binary downloaded; explicit object-year evidence required
Wikimedia Commons file source / Stamp of Peru - 1909 - Colnect 419603 - Col Francisco Bolognes.jpeg / page 114980581,1,IMG03:1,Controlled Commons open-license metadata; no image binary downloaded; explicit object-year evidence required
Wikimedia Commons file source / Stamp of Peru - 1909 - Colnect 419606 - Number 50.jpeg / page 114980652,1,IMG03:1,Controlled Commons open-license metadata; no image binary downloaded; explicit object-year evidence required
Wikimedia Commons file source / Stamp of Peru - 1909 - Colnect 439441 - Official stamp 10.jpeg / page 114980673,1,IMG03:1,Controlled Commons open-license metadata; no image binary downloaded; explicit object-year evidence required
Wikimedia Commons file source / Stamp of Peru - 1910 - Colnect 846072 - Simon Bolivar Overprinted.jpeg / page 114980769,1,IMG03:1,Controlled Commons open-license metadata; no image binary downloaded; explicit object-year evidence required
Wikimedia Commons file source / Stamp of Peru - 1914 - Colnect 439440 - Official stamp 1.jpeg / page 114980887,1,IMG03:1,Controlled Commons open-license metadata; no image binary downloaded; explicit object-year evidence required
Wikimedia Commons file source / Stamp of Peru - 1915 - Colnect 429277 - Monument of Bolognesi - inverted overprint in red - error.jpeg / page 114980963,1,IMG03:1,Controlled Commons open-license metadata; no image binary downloaded; explicit object-year evidence required
Wikimedia Commons file source / Stamp of Peru - 1915 - Colnect 429279 - Admiral Miguel L Grau - inverted overprint in red - error.jpeg / page 114981018,1,IMG03:1,Controlled Commons open-license metadata; no image binary downloaded; explicit object-year evidence required
Wikimedia Commons file source / Stamp of Peru - 1915 - Colnect 429280 - Llama - overprint in red.jpeg / page 114981065,1,IMG03:1,Controlled Commons open-license metadata; no image binary downloaded; explicit object-year evidence required
Wikimedia Commons file source / Stamp of Peru - 1915 - Colnect 429284 - City Hall Lima - inverted overprint in red - error.jpeg / page 114981226,1,IMG03:1,Controlled Commons open-license metadata; no image binary downloaded; explicit object-year evidence required
Wikimedia Commons file source / Stamp of Peru - 1915 - Colnect 429286 - National Institute of Hygiene in Lima - overprint in red.jpeg / page 114981338,1,IMG03:1,Controlled Commons open-license metadata; no image binary downloaded; explicit object-year evidence required
Wikimedia Commons file source / Stamp of Peru - 1915 - Colnect 429287 - National Institute of Hygiene in Lima - inverted overprint i.jpeg / page 114981384,1,IMG03:1,Controlled Commons open-license metadata; no image binary downloaded; explicit object-year evidence required
Wikimedia Commons file source / Stamp of Peru - 1915 - Colnect 429288 - School of Medicine Lima - overprint in red.jpeg / page 114981422,1,IMG03:1,Controlled Commons open-license metadata; no image binary downloaded; explicit object-year evidence required
Wikimedia Commons file source / Stamp of Peru - 1916 - Colnect 429292 - Ramon Castilla - 1c over 20c brown.jpeg / page 114981638,1,IMG03:1,Controlled Commons open-license metadata; no image binary downloaded; explicit object-year evidence required
Wikimedia Commons file source / Stamp of Peru - 1916 - Colnect 429295 - Col Francisco Bolognes - 10c over 1s red and black.jpeg / page 114981717,1,IMG03:1,Controlled Commons open-license metadata; no image binary downloaded; explicit object-year evidence required
Wikimedia Commons file source / Stamp of Peru - 1918 - Colnect 225357 - Jose Francisco de San Martin.jpeg / page 114981823,1,IMG03:1,Controlled Commons open-license metadata; no image binary downloaded; explicit object-year evidence required
Wikimedia Commons file source / Stamp of Peru - 1918 - Colnect 429304 - José Gálvez.jpeg / page 114981884,1,IMG03:1,Controlled Commons open-license metadata; no image binary downloaded; explicit object-year evidence required
Wikimedia Commons file source / Stamp of Peru - 1918 - Colnect 429305 - Bolognesi.jpeg / page 114981898,1,IMG03:1,Controlled Commons open-license metadata; no image binary downloaded; explicit object-year evidence required
Wikimedia Commons file source / Stamp of Peru - 1921 - Colnect 627530 - Number 2.jpeg / page 114982174,1,IMG03:1,Controlled Commons open-license metadata; no image binary downloaded; explicit object-year evidence required
Wikimedia Commons file source / Stamp of Peru - 1922 - Colnect 429310 - Battle of Arica.jpeg / page 114982375,1,IMG03:1,Controlled Commons open-license metadata; no image binary downloaded; explicit object-year evidence required
Wikimedia Commons file source / Stamp of Peru - 1924 - Colnect 429327 - Simon Bolivar.jpeg / page 114982530,1,IMG03:1,Controlled Commons open-license metadata; no image binary downloaded; explicit object-year evidence required
Wikimedia Commons file source / Stamp of Peru - 1924 - Colnect 429330 - Simon Bolivar.jpeg / page 114982625,1,IMG03:1,Controlled Commons open-license metadata; no image binary downloaded; explicit object-year evidence required
Wikimedia Commons file source / Stamp of Peru - 1924 - Colnect 845845 - SELLO in Circle.jpeg / page 114982706,1,IMG03:1,Controlled Commons open-license metadata; no image binary downloaded; explicit object-year evidence required
Wikimedia Commons file source / Stamp of Peru - 1925 - Colnect 328041 - Augusto B Leguia.jpeg / page 114982840,1,IMG03:1,Controlled Commons open-license metadata; no image binary downloaded; explicit object-year evidence required
Wikimedia Commons file source / Stamp of Peru - 1925 - Colnect 429333 - Pascual Saco Oliveros.jpeg / page 114982880,1,IMG03:1,Controlled Commons open-license metadata; no image binary downloaded; explicit object-year evidence required
Wikimedia Commons file source / Stamp of Peru - 1925 - Colnect 429339 - Morro of Arica.jpeg / page 114983036,1,IMG03:1,Controlled Commons open-license metadata; no image binary downloaded; explicit object-year evidence required
Wikimedia Commons file source / Stamp of Peru - 1925 - Colnect 429342 - Morro of Arica.jpeg / page 114983068,1,IMG03:1,Controlled Commons open-license metadata; no image binary downloaded; explicit object-year evidence required
Wikimedia Commons file source / Stamp of Peru - 1927 - Colnect 429347 - Morro of Arica.jpeg / page 114983179,1,IMG03:1,Controlled Commons open-license metadata; no image binary downloaded; explicit object-year evidence required
Wikimedia Commons file source / Stamp of Peru - 1929 - Colnect 225363 - Jose Olaya - Monument.jpeg / page 114983278,1,IMG03:1,Controlled Commons open-license metadata; no image binary downloaded; explicit object-year evidence required
Wikimedia Commons file source / Stamp of Peru - 1931 - Colnect 431499 - Jose Tejada Rivadeneyra.jpeg / page 114983844,1,IMG03:1,Controlled Commons open-license metadata; no image binary downloaded; explicit object-year evidence required
Wikimedia Commons file source / Stamp of Peru - 1931 - Colnect 431501 - Jose de la Mar.jpeg / page 114983894,1,IMG03:1,Controlled Commons open-license metadata; no image binary downloaded; explicit object-year evidence required
Wikimedia Commons file source / Stamp of Peru - 1931 - Colnect 431502 - Jose Olaya - Monument.jpeg / page 114983912,1,IMG03:1,Controlled Commons open-license metadata; no image binary downloaded; explicit object-year evidence required
Wikimedia Commons file source / Stamp of Peru - 1931 - Colnect 431504 - De Saco.jpeg / page 114983955,1,IMG03:1,Controlled Commons open-license metadata; no image binary downloaded; explicit object-year evidence required
Wikimedia Commons file source / Stamp of Peru - 1931 - Colnect 431508 - Miner Statue.jpeg / page 114984068,1,IMG03:1,Controlled Commons open-license metadata; no image binary downloaded; explicit object-year evidence required
Wikimedia Commons file source / Stamp of Peru - 1931 - Colnect 431510 - Pizzaro First philatelic exhibition - Lima.jpeg / page 114984188,1,IMG03:1,Controlled Commons open-license metadata; no image binary downloaded; explicit object-year evidence required
Wikimedia Commons file source / Stamp of Peru - 1931 - Colnect 431516 - Old Stone Bridge in Lima First philatelic exhibition - Lima.jpeg / page 114984409,1,IMG03:1,Controlled Commons open-license metadata; no image binary downloaded; explicit object-year evidence required
Wikimedia Commons file source / Stamp of Peru - 1932 - Colnect 225367 - Parakas.jpeg / page 114984604,1,IMG03:1,Controlled Commons open-license metadata; no image binary downloaded; explicit object-year evidence required
Wikimedia Commons file source / Stamp of Peru - 1932 - Colnect 225370 - Forger At Ambos.jpeg / page 114984689,1,IMG03:1,Controlled Commons open-license metadata; no image binary downloaded; explicit object-year evidence required
Wikimedia Commons file source / Stamp of Peru - 1932 - Colnect 431520 - Mining.jpeg / page 114984711,1,IMG03:1,Controlled Commons open-license metadata; no image binary downloaded; explicit object-year evidence required
Wikimedia Commons file source / Stamp of Peru - 1932 - Colnect 431526 - Inca.jpeg / page 114984912,1,IMG03:1,Controlled Commons open-license metadata; no image binary downloaded; explicit object-year evidence required
Wikimedia Commons file source / Stamp of Peru - 1932 - Colnect 431527 - Arequipa and El Misti.jpeg / page 114984945,1,IMG03:1,Controlled Commons open-license metadata; no image binary downloaded; explicit object-year evidence required
Wikimedia Commons file source / Stamp of Peru - 1934 - Colnect 200292 - Francisco Pizarro.jpeg / page 114985357,1,IMG03:1,Controlled Commons open-license metadata; no image binary downloaded; explicit object-year evidence required
Wikimedia Commons file source / Stamp of Peru - 1934 - Colnect 431536 - Monument to Simon Bolivar in Lima.jpeg / page 114985541,1,IMG03:1,Controlled Commons open-license metadata; no image binary downloaded; explicit object-year evidence required
Wikimedia Commons file source / Stamp of Peru - 1935 - Colnect 437875 - Don Francisco Pizarro - painting by Hernandez.jpeg / page 114986083,1,IMG03:1,Controlled Commons open-license metadata; no image binary downloaded; explicit object-year evidence required
Wikimedia Commons file source / Stamp of Peru - 1936 - Colnect 200280 - El Chasqui Inca Courier.jpeg / page 114986397,1,IMG03:1,Controlled Commons open-license metadata; no image binary downloaded; explicit object-year evidence required
Wikimedia Commons file source / Stamp of Peru - 1936 - Colnect 203616 - Naval College at Punta.jpeg / page 114986499,1,IMG03:1,Controlled Commons open-license metadata; no image binary downloaded; explicit object-year evidence required
Wikimedia Commons file source / Stamp of Peru - 1936 - Colnect 203621 - Grand Marshal Jose de La Mar.jpeg / page 114986690,1,IMG03:1,Controlled Commons open-license metadata; no image binary downloaded; explicit object-year evidence required
Wikimedia Commons file source / Stamp of Peru - 1936 - Colnect 203622 - Packetboat “Sacramento”.jpeg / page 114986718,1,IMG03:1,Controlled Commons open-license metadata; no image binary downloaded; explicit object-year evidence required
Wikimedia Commons file source / Stamp of Peru - 1936 - Colnect 203624 - Fort Maipu.jpeg / page 114986781,1,IMG03:1,Controlled Commons open-license metadata; no image binary downloaded; explicit object-year evidence required
Wikimedia Commons file source / Stamp of Peru - 1936 - Colnect 437888 - Number 10.jpeg / page 114987055,1,IMG03:1,Controlled Commons open-license metadata; no image binary downloaded; explicit object-year evidence required
Wikimedia Commons file source / Stamp of Peru - 1936 - Colnect 437899 - Avenue of the Republic Lima.jpeg / page 114987278,1,IMG03:1,Controlled Commons open-license metadata; no image binary downloaded; explicit object-year evidence required
Wikimedia Commons file source / Stamp of Peru - 1936 - Colnect 681163 - Type of 1909 33.jpeg / page 114987770,1,IMG03:1,Controlled Commons open-license metadata; no image binary downloaded; explicit object-year evidence required
Wikimedia Commons file source / Stamp of Peru - 1938 - Colnect 203639 - View of Tarma.jpeg / page 114990096,1,IMG03:1,Controlled Commons open-license metadata; no image binary downloaded; explicit object-year evidence required
Wikimedia Commons file source / Stamp of Peru - 1938 - Colnect 203645 - National Radio of Peru.jpeg / page 114990389,1,IMG03:1,Controlled Commons open-license metadata; no image binary downloaded; explicit object-year evidence required
Wikimedia Commons file source / Stamp of Peru - 1938 - Colnect 203646 - Stele from Chavin Temple.jpeg / page 114990442,1,IMG03:1,Controlled Commons open-license metadata; no image binary downloaded; explicit object-year evidence required
Wikimedia Commons file source / Stamp of Peru - 1938 - Colnect 287280 - 1 - John Ward Protection.jpeg / page 114990597,1,IMG03:1,Controlled Commons open-license metadata; no image binary downloaded; explicit object-year evidence required
Wikimedia Commons file source / Stamp of Peru - 1943 - Colnect 437939 - Pro Unemployed.jpeg / page 114991559,1,IMG03:1,Controlled Commons open-license metadata; no image binary downloaded; explicit object-year evidence required
Wikimedia Commons file source / Stamp of Peru - 1943 - Colnect 437957 - Discovery of the Amazon River.jpeg / page 114991836,1,IMG03:1,Controlled Commons open-license metadata; no image binary downloaded; explicit object-year evidence required
Wikimedia Commons file source / Stamp of Peru - 1943 - Colnect 437958 - Francisco de Orellana.jpeg / page 114991904,1,IMG03:1,Controlled Commons open-license metadata; no image binary downloaded; explicit object-year evidence required
Wikimedia Commons file source / Stamp of Peru - 1943 - Colnect 437963 - Francisco Pizarro.jpeg / page 114992176,1,IMG03:1,Controlled Commons open-license metadata; no image binary downloaded; explicit object-year evidence required
Wikimedia Commons file source / Stamp of Peru - 1944 - Colnect 437826 - Samuel Finley Breese Morse.jpeg / page 114992214,1,IMG03:1,Controlled Commons open-license metadata; no image binary downloaded; explicit object-year evidence required
Wikimedia Commons file source / Stamp of Peru - 1945 - Colnect 437830 - Archaeological museum Lima.jpeg / page 114992379,1,IMG03:1,Controlled Commons open-license metadata; no image binary downloaded; explicit object-year evidence required
Wikimedia Commons file source / Stamp of Peru - 1945 - Colnect 437833 - Toribio de Luzuriaga.jpeg / page 114992528,1,IMG03:1,Controlled Commons open-license metadata; no image binary downloaded; explicit object-year evidence required
Wikimedia Commons file source / Stamp of Peru - 1945 - Colnect 437838 - Dam Ica River.jpeg / page 114992764,1,IMG03:1,Controlled Commons open-license metadata; no image binary downloaded; explicit object-year evidence required
Wikimedia Commons file source / Stamp of Peru - 1946 - Colnect 437840 - Toribio de Luzuriaga - surcharged.jpeg / page 114992918,1,IMG03:1,Controlled Commons open-license metadata; no image binary downloaded; explicit object-year evidence required
Wikimedia Commons file source / Stamp of Peru - 1947 - Colnect 437836 - Mt Huascaran.jpeg / page 114993006,1,IMG03:1,Controlled Commons open-license metadata; no image binary downloaded; explicit object-year evidence required
Wikimedia Commons file source / Stamp of Peru - 1947 - Colnect 437841 - overprint PIA.jpeg / page 114993056,1,IMG03:1,Controlled Commons open-license metadata; no image binary downloaded; explicit object-year evidence required
Wikimedia Commons file source / Stamp of Peru - 1947 - Colnect 437847 - Urcos Moscapata Highway.jpeg / page 114993337,1,IMG03:1,Controlled Commons open-license metadata; no image binary downloaded; explicit object-year evidence required
Wikimedia Commons file source / Stamp of Peru - 1948 - Colnect 203611 - Flight Route Peru United Kingdom.jpeg / page 114993419,1,IMG03:1,Controlled Commons open-license metadata; no image binary downloaded; explicit object-year evidence required
Wikimedia Commons file source / Stamp of Peru - 1948 - Colnect 203614 - Shooter.jpeg / page 114993571,1,IMG03:1,Controlled Commons open-license metadata; no image binary downloaded; explicit object-year evidence required
Wikimedia Commons file source / Stamp of Peru - 1949 - Colnect 386547 - Black surcharge - Decreto Ley No 18.jpeg / page 114993909,1,IMG03:1,Controlled Commons open-license metadata; no image binary downloaded; explicit object-year evidence required
Wikimedia Commons file source / Stamp of Peru - 1949 - Colnect 437736 - Government restaurant at Callao.jpeg / page 114994054,1,IMG03:1,Controlled Commons open-license metadata; no image binary downloaded; explicit object-year evidence required
Wikimedia Commons file source / Stamp of Peru - 1949 - Colnect 437740 - Toribio de Luzuriaga.jpeg / page 114994224,1,IMG03:1,Controlled Commons open-license metadata; no image binary downloaded; explicit object-year evidence required
Wikimedia Commons file source / Stamp of Peru - 1950 - Colnect 437857 - National Radio of Peru.jpeg / page 114994622,1,IMG03:1,Controlled Commons open-license metadata; no image binary downloaded; explicit object-year evidence required
Wikimedia Commons file source / Stamp of Peru - 1951 - Colnect 386549 - National Flag.jpeg / page 114994715,1,IMG03:1,Controlled Commons open-license metadata; no image binary downloaded; explicit object-year evidence required
Wikimedia Commons file source / Stamp of Peru - 1951 - Colnect 386550 - Huancayo Tourist Hotel.jpeg / page 114994749,1,IMG03:1,Controlled Commons open-license metadata; no image binary downloaded; explicit object-year evidence required
Wikimedia Commons file source / Stamp of Peru - 1951 - Colnect 386559 - Inka Postman.jpeg / page 114995172,1,IMG03:1,Controlled Commons open-license metadata; no image binary downloaded; explicit object-year evidence required
Wikimedia Commons file source / Stamp of Peru - 1951 - Colnect 386561 - Archbishop´s Palace.jpeg / page 114995271,1,IMG03:1,Controlled Commons open-license metadata; no image binary downloaded; explicit object-year evidence required
Wikimedia Commons file source / Stamp of Peru - 1951 - Colnect 386562 - Ministry of Justice.jpeg / page 114995300,1,IMG03:1,Controlled Commons open-license metadata; no image binary downloaded; explicit object-year evidence required
Wikimedia Commons file source / Stamp of Peru - 1951 - Colnect 386564 - Lake Llanganuco.jpeg / page 114995416,1,IMG03:1,Controlled Commons open-license metadata; no image binary downloaded; explicit object-year evidence required
Wikimedia Commons file source / Stamp of Peru - 1951 - Colnect 386565 - Machu Picchu.jpeg / page 114995464,1,IMG03:1,Controlled Commons open-license metadata; no image binary downloaded; explicit object-year evidence required
Wikimedia Commons file source / Stamp of Peru - 1951 - Colnect 386568 - St Dominic Monastery.jpeg / page 114995565,1,IMG03:1,Controlled Commons open-license metadata; no image binary downloaded; explicit object-year evidence required
Wikimedia Commons file source / Stamp of Peru - 1951 - Colnect 437745 - Industrial bank of Peru.jpeg / page 114995720,1,IMG03:1,Controlled Commons open-license metadata; no image binary downloaded; explicit object-year evidence required
Wikimedia Commons file source / Stamp of Peru - 1951 - Colnect 439436 - Children’s Holiday Center Ancòn - surcharged.jpeg / page 114995969,1,IMG03:1,Controlled Commons open-license metadata; no image binary downloaded; explicit object-year evidence required
Wikimedia Commons file source / Stamp of Peru - 1951 - Colnect 439439 - Dam Ica River surcharged.jpeg / page 114996064,1,IMG03:1,Controlled Commons open-license metadata; no image binary downloaded; explicit object-year evidence required
Wikimedia Commons file source / Stamp of Peru - 1952 - Colnect 315794 - Inka Fortress at Paramonga.jpeg / page 114996281,1,IMG03:1,Controlled Commons open-license metadata; no image binary downloaded; explicit object-year evidence required
Wikimedia Commons file source / Stamp of Peru - 1953 - Colnect 315787 - New Trail Line Matarani La Joya.jpeg / page 114996522,1,IMG03:1,Controlled Commons open-license metadata; no image binary downloaded; explicit object-year evidence required
Wikimedia Commons file source / Stamp of Peru - 1953 - Colnect 315789 - Vicugna Vicugna vicugna.jpeg / page 114996551,1,IMG03:1,Controlled Commons open-license metadata; no image binary downloaded; explicit object-year evidence required
Wikimedia Commons file source / Stamp of Peru - 1953 - Colnect 315792 - Maize Terrace Agriculture.jpeg / page 114996588,1,IMG03:1,Controlled Commons open-license metadata; no image binary downloaded; explicit object-year evidence required
Wikimedia Commons file source / Stamp of Peru - 1953 - Colnect 315800 - Guanay Cormorant Phalacrocorax bougainvillei.jpeg / page 114996675,1,IMG03:1,Controlled Commons open-license metadata; no image binary downloaded; explicit object-year evidence required
Wikimedia Commons file source / Stamp of Peru - 1953 - Colnect 315806 - Monument to Manco Capac.jpeg / page 114996987,1,IMG03:1,Controlled Commons open-license metadata; no image binary downloaded; explicit object-year evidence required
Wikimedia Commons file source / Stamp of Peru - 1953 - Colnect 315807 - Isabella I from Spain.jpeg / page 114997054,1,IMG03:1,Controlled Commons open-license metadata; no image binary downloaded; explicit object-year evidence required
Wikimedia Commons file source / Stamp of Peru - 1953 - Colnect 315808 - Armada from Cristoph Kulumbus.jpeg / page 114997128,1,IMG03:1,Controlled Commons open-license metadata; no image binary downloaded; explicit object-year evidence required
Wikimedia Commons file source / Stamp of Peru - 1957 - Colnect 131361 - 1r Stamp Of 1857.jpeg / page 114997577,1,IMG03:1,Controlled Commons open-license metadata; no image binary downloaded; explicit object-year evidence required
Wikimedia Commons file source / Stamp of Peru - 1957 - Colnect 315799 - River Gunboat - Maranon.jpeg / page 114997883,1,IMG03:1,Controlled Commons open-license metadata; no image binary downloaded; explicit object-year evidence required
Wikimedia Commons file source / Stamp of Peru - 1957 - Colnect 328045 - Admiral Dupetit Thouars and frigate la Victorieuse.jpeg / page 114998130,1,IMG03:1,Controlled Commons open-license metadata; no image binary downloaded; explicit object-year evidence required
Wikimedia Commons file source / Stamp of Peru - 1957 - Colnect 376903 - Shield of Lima containing stamps.jpeg / page 114998249,1,IMG03:1,Controlled Commons open-license metadata; no image binary downloaded; explicit object-year evidence required
Wikimedia Commons file source / Stamp of Peru - 1957 - Colnect 386541 - 1st stamps of Peru.jpeg / page 114998666,1,IMG03:1,Controlled Commons open-license metadata; no image binary downloaded; explicit object-year evidence required
Wikimedia Commons file source / Stamp of Peru - 1958 - Colnect 292153 - St Martin of Porras and Velasquez.jpeg / page 114999010,1,IMG03:1,Controlled Commons open-license metadata; no image binary downloaded; explicit object-year evidence required
Wikimedia Commons file source / Stamp of Peru - 1958 - Colnect 292158 - Allegory of Justice Emblem - green.jpeg / page 114999171,1,IMG03:1,Controlled Commons open-license metadata; no image binary downloaded; explicit object-year evidence required
Wikimedia Commons file source / Stamp of Peru - 1959 - Colnect 386538 - Engineers School Lima.jpeg / page 114999461,1,IMG03:1,Controlled Commons open-license metadata; no image binary downloaded; explicit object-year evidence required
Wikimedia Commons file source / Stamp of Peru - 1959 - Colnect 437859 - Guanay - Phalacrocorax bougainvillii.jpeg / page 114999499,1,IMG03:1,Controlled Commons open-license metadata; no image binary downloaded; explicit object-year evidence required
Wikimedia Commons file source / Stamp of Peru - 1959 - Colnect 437863 - Garcilaso de la Vega.jpeg / page 114999609,1,IMG03:1,Controlled Commons open-license metadata; no image binary downloaded; explicit object-year evidence required
Wikimedia Commons file source / Stamp of Peru - 1960 - Colnect 315791 - Vicuña Peruana.jpeg / page 114999765,1,IMG03:1,Controlled Commons open-license metadata; no image binary downloaded; explicit object-year evidence required
Wikimedia Commons file source / Stamp of Peru - 1960 - Colnect 437858 - Maize Terrace Agriculture.jpeg / page 115000041,1,IMG03:1,Controlled Commons open-license metadata; no image binary downloaded; explicit object-year evidence required
Wikimedia Commons file source / Stamp of Peru - 1960 - Colnect 437860 - Inka Fortress at Paramonga.jpeg / page 115000071,1,IMG03:1,Controlled Commons open-license metadata; no image binary downloaded; explicit object-year evidence required
Wikimedia Commons file source / Stamp of Peru - 1961 - Colnect 386586 - Peruvian frigate - Amazonas.jpeg / page 115000281,1,IMG03:1,Controlled Commons open-license metadata; no image binary downloaded; explicit object-year evidence required
Wikimedia Commons file source / Stamp of Peru - 1961 - Colnect 386588 - Peruvian frigate - Amazonas.jpeg / page 115000340,1,IMG03:1,Controlled Commons open-license metadata; no image binary downloaded; explicit object-year evidence required
Wikimedia Commons file source / Stamp of Peru - 1961 - Colnect 386589 - Olympic Games ROMA.jpeg / page 115000380,1,IMG03:1,Controlled Commons open-license metadata; no image binary downloaded; explicit object-year evidence required
Wikimedia Commons file source / Stamp of Peru - 1961 - Colnect 546296 - Olympic Torch.jpeg / page 115000486,1,IMG03:1,Controlled Commons open-license metadata; no image binary downloaded; explicit object-year evidence required
Wikimedia Commons file source / Stamp of Peru - 1962 - Colnect 152294 - 1 - Solar observatory at Cuzco.jpeg / page 115000547,1,IMG03:1,Controlled Commons open-license metadata; no image binary downloaded; explicit object-year evidence required
Wikimedia Commons file source / Stamp of Peru - 1962 - Colnect 386592 - Emblem.jpeg / page 115000670,1,IMG03:1,Controlled Commons open-license metadata; no image binary downloaded; explicit object-year evidence required
Wikimedia Commons file source / Stamp of Peru - 1962 - Colnect 386594 - Flags Tupac Amaru and Miguel Hidalgo y Costilla.jpeg / page 115000750,1,IMG03:1,Controlled Commons open-license metadata; no image binary downloaded; explicit object-year evidence required
Wikimedia Commons file source / Stamp of Peru - 1962 - Colnect 386598 - VII Congreso Eucarístico.jpeg / page 115000972,1,IMG03:1,Controlled Commons open-license metadata; no image binary downloaded; explicit object-year evidence required
Wikimedia Commons file source / Stamp of Peru - 1962 - Colnect 386600 - Border after Rio de Janeiro Agreement.jpeg / page 115001021,1,IMG03:1,Controlled Commons open-license metadata; no image binary downloaded; explicit object-year evidence required
Wikimedia Commons file source / Stamp of Peru - 1962 - Colnect 386601 - Border after Rio de Janeiro Agreement.jpeg / page 115001077,1,IMG03:1,Controlled Commons open-license metadata; no image binary downloaded; explicit object-year evidence required
Wikimedia Commons file source / Stamp of Peru - 1962 - Colnect 511078 - 1 - Housing complex n° 3 under construction.jpeg / page 115001230,1,IMG03:1,Controlled Commons open-license metadata; no image binary downloaded; explicit object-year evidence required
Wikimedia Commons file source / Stamp of Peru - 1962 - Colnect 511081 - 1 - Tobacco Plant of Tumbes.jpeg / page 115001320,1,IMG03:1,Controlled Commons open-license metadata; no image binary downloaded; explicit object-year evidence required
Wikimedia Commons file source / Stamp of Peru - 1962 - Colnect 578515 - 1 - Tourist hotel at Tacna.jpeg / page 115001378,1,IMG03:1,Controlled Commons open-license metadata; no image binary downloaded; explicit object-year evidence required
Wikimedia Commons file source / Stamp of Peru - 1964 - Colnect 386612 - Emblem.jpeg / page 115001684,1,IMG03:1,Controlled Commons open-license metadata; no image binary downloaded; explicit object-year evidence required
Wikimedia Commons file source / Stamp of Peru - 1964 - Colnect 386614 - Jubilee Emblem Henri Dunant.jpeg / page 115001720,1,IMG03:1,Controlled Commons open-license metadata; no image binary downloaded; explicit object-year evidence required
Wikimedia Commons file source / Stamp of Peru - 1965 - Colnect 386620 - St Martín de Porres Velasquez 1569-1639.jpeg / page 115002286,1,IMG03:1,Controlled Commons open-license metadata; no image binary downloaded; explicit object-year evidence required
Wikimedia Commons file source / Stamp of Peru - 1965 - Colnect 386621 - The Wonder.jpeg / page 115002344,1,IMG03:1,Controlled Commons open-license metadata; no image binary downloaded; explicit object-year evidence required
Wikimedia Commons file source / Stamp of Peru - 1966 - Colnect 152297 - Overprint PE Z 43.jpeg / page 115002567,1,IMG03:1,Controlled Commons open-license metadata; no image binary downloaded; explicit object-year evidence required
Wikimedia Commons file source / Stamp of Peru - 1966 - Colnect 386623 - Pro Peruvian Journalists.jpeg / page 115002976,1,IMG03:1,Controlled Commons open-license metadata; no image binary downloaded; explicit object-year evidence required
Wikimedia Commons file source / Stamp of Peru - 1966 - Colnect 386626 - Decorated Funeral Mask.jpeg / page 115003082,1,IMG03:1,Controlled Commons open-license metadata; no image binary downloaded; explicit object-year evidence required
Wikimedia Commons file source / Stamp of Peru - 1966 - Colnect 386628 - Huaco Jar.jpeg / page 115003173,1,IMG03:1,Controlled Commons open-license metadata; no image binary downloaded; explicit object-year evidence required
Wikimedia Commons file source / Stamp of Peru - 1966 - Colnect 386632 - Callao Fortress.jpeg / page 115003439,1,IMG03:1,Controlled Commons open-license metadata; no image binary downloaded; explicit object-year evidence required
Wikimedia Commons file source / Stamp of Peru - 1966 - Colnect 386633 - José Galvez.jpeg / page 115003506,1,IMG03:1,Controlled Commons open-license metadata; no image binary downloaded; explicit object-year evidence required
Wikimedia Commons file source / Stamp of Peru - 1966 - Colnect 443931 - Maize Terrace Agriculture.jpeg / page 115003719,1,IMG03:1,Controlled Commons open-license metadata; no image binary downloaded; explicit object-year evidence required
Wikimedia Commons file source / Stamp of Peru - 1966 - Colnect 578519 - Solar observatory at Cuzco.jpeg / page 115003988,1,IMG03:1,Controlled Commons open-license metadata; no image binary downloaded; explicit object-year evidence required
Wikimedia Commons file source / Stamp of Peru - 1967 - Colnect 365434 - Allegory of Progress.jpeg / page 115004343,1,IMG03:1,Controlled Commons open-license metadata; no image binary downloaded; explicit object-year evidence required
Wikimedia Commons file source / Stamp of Peru - 1967 - Colnect 386639 - Huaca - El Dragón.jpeg / page 115004577,1,IMG03:1,Controlled Commons open-license metadata; no image binary downloaded; explicit object-year evidence required
Wikimedia Commons file source / Stamp of Peru - 1967 - Colnect 386641 - Stylized Fishes.jpeg / page 115004634,1,IMG03:1,Controlled Commons open-license metadata; no image binary downloaded; explicit object-year evidence required
Wikimedia Commons file source / Stamp of Peru - 1968 - Colnect 277732 - Condor.jpeg / page 115004797,1,IMG03:1,Controlled Commons open-license metadata; no image binary downloaded; explicit object-year evidence required
Wikimedia Commons file source / Stamp of Peru - 1968 - Colnect 277742 - UN Human Rights Emblem.jpeg / page 115005148,1,IMG03:1,Controlled Commons open-license metadata; no image binary downloaded; explicit object-year evidence required
Wikimedia Commons file source / Stamp of Peru - 1968 - Colnect 386638 - Pro Journalists.jpeg / page 115005459,1,IMG03:1,Controlled Commons open-license metadata; no image binary downloaded; explicit object-year evidence required
Wikimedia Commons file source / Stamp of Peru - 1969 - Colnect 386654 - Man holding Flag and Oil Rig.jpeg / page 115006026,1,IMG03:1,Controlled Commons open-license metadata; no image binary downloaded; explicit object-year evidence required
Wikimedia Commons file source / Stamp of Peru - 1969 - Colnect 386657 - Kon Tiki Globe and Douglas DC8.jpeg / page 115006151,1,IMG03:1,Controlled Commons open-license metadata; no image binary downloaded; explicit object-year evidence required
Wikimedia Commons file source / Stamp of Peru - 1969 - Colnect 386659 - Kon Tiki Globe and Douglas DC8.jpeg / page 115006309,1,IMG03:1,Controlled Commons open-license metadata; no image binary downloaded; explicit object-year evidence required
Wikimedia Commons file source / Stamp of Peru - 1969 - Colnect 386663 - World Health Organisation Emblem.jpeg / page 115006727,1,IMG03:1,Controlled Commons open-license metadata; no image binary downloaded; explicit object-year evidence required
Wikimedia Commons file source / Stamp of Peru - 1969 - Colnect 386664 - Freed Andean Farmer.jpeg / page 115006778,1,IMG03:1,Controlled Commons open-license metadata; no image binary downloaded; explicit object-year evidence required
Wikimedia Commons file source / Stamp of Peru - 1969 - Colnect 386674 - Soldier Cor Francisco Bolognesi.jpeg / page 115007095,1,IMG03:1,Controlled Commons open-license metadata; no image binary downloaded; explicit object-year evidence required
Wikimedia Commons file source / Stamp of Peru - 1969 - Colnect 386676 - Christmas 1969.jpeg / page 115007136,1,IMG03:1,Controlled Commons open-license metadata; no image binary downloaded; explicit object-year evidence required
Wikimedia Commons file source / Stamp of Peru - 1970 - Colnect 152299 - Oktoberfest - José Sabogal The Procession.jpeg / page 115007262,1,IMG03:1,Controlled Commons open-license metadata; no image binary downloaded; explicit object-year evidence required
Wikimedia Commons file source / Stamp of Peru - 1970 - Colnect 386982 - Vicus Civilization Puma shaped Jug.jpeg / page 115007445,1,IMG03:1,Controlled Commons open-license metadata; no image binary downloaded; explicit object-year evidence required
Wikimedia Commons file source / Stamp of Peru - 1970 - Colnect 386992 - International Labor Organization.jpeg / page 115007758,1,IMG03:1,Controlled Commons open-license metadata; no image binary downloaded; explicit object-year evidence required
Wikimedia Commons file source / Stamp of Peru - 1970 - Colnect 387004 - Historical Peru - Ruins of Sun Fortress Trujillo.jpeg / page 115008131,1,IMG03:1,Controlled Commons open-license metadata; no image binary downloaded; explicit object-year evidence required
Wikimedia Commons file source / Stamp of Peru - 1970 - Colnect 387014 - Adoration of the Magi - Cuzco School.jpeg / page 115008482,1,IMG03:1,Controlled Commons open-license metadata; no image binary downloaded; explicit object-year evidence required
Wikimedia Commons file source / Stamp of Peru - 1971 - Colnect 352780 - Textile - Tiahuanacoide cloth.jpeg / page 115008541,1,IMG03:1,Controlled Commons open-license metadata; no image binary downloaded; explicit object-year evidence required
Wikimedia Commons file source / Stamp of Peru - 1971 - Colnect 352782 - Fish Sculptures and Fish.jpeg / page 115008602,1,IMG03:1,Controlled Commons open-license metadata; no image binary downloaded; explicit object-year evidence required
Wikimedia Commons file source / Stamp of Peru - 1971 - Colnect 352783 - Independence - Mateo Garcia Pumacahua.jpeg / page 115008644,1,IMG03:1,Controlled Commons open-license metadata; no image binary downloaded; explicit object-year evidence required
Wikimedia Commons file source / Stamp of Peru - 1971 - Colnect 352784 - Independence - Mariano Melgar.jpeg / page 115008677,1,IMG03:1,Controlled Commons open-license metadata; no image binary downloaded; explicit object-year evidence required
Wikimedia Commons file source / Stamp of Peru - 1971 - Colnect 352785 - Independence - Micaela Bastidas.jpeg / page 115008733,1,IMG03:1,Controlled Commons open-license metadata; no image binary downloaded; explicit object-year evidence required
Wikimedia Commons file source / Stamp of Peru - 1971 - Colnect 352790 - Gongora portentosa.jpeg / page 115008881,1,IMG03:1,Controlled Commons open-license metadata; no image binary downloaded; explicit object-year evidence required
Wikimedia Commons file source / Stamp of Peru - 1971 - Colnect 352791 - Peruvian orchids.jpeg / page 115008921,1,IMG03:1,Controlled Commons open-license metadata; no image binary downloaded; explicit object-year evidence required
Wikimedia Commons file source / Stamp of Peru - 1971 - Colnect 352793 - Trichocentrum pulchrum.jpeg / page 115009002,1,IMG03:1,Controlled Commons open-license metadata; no image binary downloaded; explicit object-year evidence required
Wikimedia Commons file source / Stamp of Peru - 1971 - Colnect 352796 - Group of 77.jpeg / page 115009059,1,IMG03:1,Controlled Commons open-license metadata; no image binary downloaded; explicit object-year evidence required
Wikimedia Commons file source / Stamp of Peru - 1971 - Colnect 352797 - Plaza de Armas Lima 1843.jpeg / page 115009082,1,IMG03:1,Controlled Commons open-license metadata; no image binary downloaded; explicit object-year evidence required
Wikimedia Commons file source / Stamp of Peru - 1971 - Colnect 352798 - Plaza de Armas Lima 1971.jpeg / page 115009106,1,IMG03:1,Controlled Commons open-license metadata; no image binary downloaded; explicit object-year evidence required
Wikimedia Commons file source / Stamp of Peru - 1971 - Colnect 352801 - Christmas - Three Kings.jpeg / page 115009162,1,IMG03:1,Controlled Commons open-license metadata; no image binary downloaded; explicit object-year evidence required
Wikimedia Commons file source / Stamp of Peru - 1971 - Colnect 352803 - Fisherman by JM Ugarte Elespuru.jpeg / page 115009299,1,IMG03:1,Controlled Commons open-license metadata; no image binary downloaded; explicit object-year evidence required
Wikimedia Commons file source / Stamp of Peru - 1971 - Colnect 352805 - Huanca Highlanders by Jose Sabogal.jpeg / page 115009474,1,IMG03:1,Controlled Commons open-license metadata; no image binary downloaded; explicit object-year evidence required
Wikimedia Commons file source / Stamp of Peru - 1971 - Colnect 391417 - Tight embrace from ancient monolith.jpeg / page 115009610,1,IMG03:1,Controlled Commons open-license metadata; no image binary downloaded; explicit object-year evidence required
Wikimedia Commons file source / Stamp of Peru - 1971 - Colnect 391419 - Textile - Chancay tapestry.jpeg / page 115009691,1,IMG03:1,Controlled Commons open-license metadata; no image binary downloaded; explicit object-year evidence required
Wikimedia Commons file source / Stamp of Peru - 1971 - Colnect 391427 - Fish Sculptures and Fish.jpeg / page 115009920,1,IMG03:1,Controlled Commons open-license metadata; no image binary downloaded; explicit object-year evidence required
Wikimedia Commons file source / Stamp of Peru - 1971 - Colnect 391429 - Independence - José de la Riva Aguero.jpeg / page 115010129,1,IMG03:1,Controlled Commons open-license metadata; no image binary downloaded; explicit object-year evidence required
Wikimedia Commons file source / Stamp of Peru - 1971 - Colnect 391430 - Independence - Hipolito Unanue.jpeg / page 115010230,1,IMG03:1,Controlled Commons open-license metadata; no image binary downloaded; explicit object-year evidence required
Wikimedia Commons file source / Stamp of Peru - 1971 - Colnect 391433 - Independence - José de San Martin.jpeg / page 115010351,1,IMG03:1,Controlled Commons open-license metadata; no image binary downloaded; explicit object-year evidence required
Wikimedia Commons file source / Stamp of Peru - 1971 - Colnect 391437 - Independence - Liberators’ Monument Lima.jpeg / page 115010466,1,IMG03:1,Controlled Commons open-license metadata; no image binary downloaded; explicit object-year evidence required
Wikimedia Commons file source / Stamp of Peru - 1971 - Colnect 391438 - Ricardo Palma 1884-1912.jpeg / page 115010528,1,IMG03:1,Controlled Commons open-license metadata; no image binary downloaded; explicit object-year evidence required
Wikimedia Commons file source / Stamp of Peru - 1971 - Colnect 391439 - Weight Lifter and Globe.jpeg / page 115010547,1,IMG03:1,Controlled Commons open-license metadata; no image binary downloaded; explicit object-year evidence required
Wikimedia Commons file source / Stamp of Peru - 1971 - Colnect 391440 - Flag Family and Silhouete of Soldier´s Head.jpeg / page 115010572,1,IMG03:1,Controlled Commons open-license metadata; no image binary downloaded; explicit object-year evidence required
Wikimedia Commons file source / StampArmenia1929.jpg / page 8252011,1,IMG03:1,Controlled Commons open-license metadata; no image binary downloaded; explicit object-year evidence required
Wikimedia Commons file source / StampBulgaria1889Michel28A.jpg / page 10104635,1,IMG03:1,Controlled Commons open-license metadata; no image binary downloaded; explicit object-year evidence required
Wikimedia Commons file source / StampNDH1942Michel78.jpg / page 10667457,1,IMG03:1,Controlled Commons open-license metadata; no image binary downloaded; explicit object-year evidence required
Wikimedia Commons file source / StampSerbianKrajina1993Michel1.jpg / page 10563265,1,IMG03:1,Controlled Commons open-license metadata; no image binary downloaded; explicit object-year evidence required
Wikimedia Commons file source / StampSerbianKrajina1993Michel17.jpg / page 10564151,1,IMG03:1,Controlled Commons open-license metadata; no image binary downloaded; explicit object-year evidence required
Wikimedia Commons file source / StampSerbianKrajina1993Michel22.jpg / page 10565043,1,IMG03:1,Controlled Commons open-license metadata; no image binary downloaded; explicit object-year evidence required
Wikimedia Commons file source / StampSplit1945Michel18.jpg / page 10668098,1,IMG03:1,Controlled Commons open-license metadata; no image binary downloaded; explicit object-year evidence required
"Wikimedia Commons file source / StateLibQld 1 108328 Work for Victory pledge from the Trade Union Movement, June 1941.jpg / page 12711002",1,IMG03:1,Controlled Commons open-license metadata; no image binary downloaded; explicit object-year evidence required
"Wikimedia Commons file source / StateLibQld 1 108596 Advertisement for land sales at Rocklea, Brisbane, 1884.jpg / page 12670373",1,IMG03:1,Controlled Commons open-license metadata; no image binary downloaded; explicit object-year evidence required
Wikimedia Commons file source / StateLibQld 1 131015 Advertisement for Allwyn Motors of Toowoomba ca. 1920.jpg / page 14814255,1,IMG03:1,Controlled Commons open-license metadata; no image binary downloaded; explicit object-year evidence required
"Wikimedia Commons file source / StateLibQld 1 139625 Advertisement for Walton Brothers furniture, ca. 1910.jpg / page 12671719",1,IMG03:1,Controlled Commons open-license metadata; no image binary downloaded; explicit object-year evidence required
Wikimedia Commons file source / StateLibQld 1 141447 Experiment (ship).jpg / page 12388731,1,IMG03:1,Controlled Commons open-license metadata; no image binary downloaded; explicit object-year evidence required
Wikimedia Commons file source / StateLibQld 1 163635 Advertisement in the Brisbane Telegraph newspaper from T. C. Beirne department store.jpg / page 14520215,1,IMG03:1,Controlled Commons open-license metadata; no image binary downloaded; explicit object-year evidence required
Wikimedia Commons file source / StateLibQld 1 165291 Advertisement on the occasion of the American naval squadron visiting Brisbane.jpg / page 12650881,1,IMG03:1,Controlled Commons open-license metadata; no image binary downloaded; explicit object-year evidence required
Wikimedia Commons file source / Street in Beirut - 7 January 2001.jpg / page 63914608,1,IMG03:1,Controlled Commons open-license metadata; no image binary downloaded; explicit object-year evidence required
Wikimedia Commons file source / Sud Afrikanische Volks-kalender 1912 cover.jpg / page 137948459,1,IMG03:1,Controlled Commons open-license metadata; no image binary downloaded; explicit object-year evidence required
Wikimedia Commons file source / Sudo Theatre Ad 25MAR1957.jpg / page 29841188,1,IMG03:1,Controlled Commons open-license metadata; no image binary downloaded; explicit object-year evidence required
"Wikimedia Commons file source / Swanston Street Melbourne CBD April 22, 2025 202504221127 IMG 3041.jpg / page 164252269",1,IMG03:1,Controlled Commons open-license metadata; no image binary downloaded; explicit object-year evidence required
Wikimedia Commons file source / Swift Meat Sign.jpg / page 130196626,1,IMG03:1,Controlled Commons open-license metadata; no image binary downloaded; explicit object-year evidence required
Wikimedia Commons file source / Syria 1949 Mi 578 stamp (75th anniversary of the UPU. Ain al-Arous).jpg / page 120422615,1,IMG03:1,Controlled Commons open-license metadata; no image binary downloaded; explicit object-year evidence required
Wikimedia Commons file source / Syria 1949 Mi 579 stamp (75th anniversary of the UPU. Palmyra - part of the Great Colonnade).jpg / page 120422621,1,IMG03:1,Controlled Commons open-license metadata; no image binary downloaded; explicit object-year evidence required
Wikimedia Commons file source / Syria 1949 Mi 580 stamp (75th anniversary of the UPU. Globe with pigeons).jpg / page 120422616,1,IMG03:1,Controlled Commons open-license metadata; no image binary downloaded; explicit object-year evidence required
"Wikimedia Commons file source / Syria 1949 Mi 581 stamp (75th anniversary of the UPU. General Husni al-Za'im (1897-1949), president. Plane over Damascus).jpg / page 120422618",1,IMG03:1,Controlled Commons open-license metadata; no image binary downloaded; explicit object-year evidence required
Wikimedia Commons file source / Syria 1949 Mi Block 26 with 578-581 stamps (75th anniversary of the UPU).jpg / page 120422617,1,IMG03:1,Controlled Commons open-license metadata; no image binary downloaded; explicit object-year evidence required
"Wikimedia Commons file source / Syrian postage stamp commemorating International Workers' Day, 1993.jpg / page 175599675",1,IMG03:1,Controlled Commons open-license metadata; no image binary downloaded; explicit object-year evidence required
"Wikimedia Commons file source / Syrian postage stamp commemorating International Workers' Day, 1997.jpg / page 175599317",1,IMG03:1,Controlled Commons open-license metadata; no image binary downloaded; explicit object-year evidence required
"Wikimedia Commons file source / Syrian postage stamp commemorating the 50th anniversary of al-Ba'ath newspaper, 1996.jpg / page 178425131",1,IMG03:1,Controlled Commons open-license metadata; no image binary downloaded; explicit object-year evidence required
"Wikimedia Commons file source / Syrian postage stamp commemorating the anniversary of independence (so-called Evacuation Day), 1998.jpg / page 176102367",1,IMG03:1,Controlled Commons open-license metadata; no image binary downloaded; explicit object-year evidence required
"Wikimedia Commons file source / Syrian postage stamp commemorating the anniversary of so-called Corrective Movement, 1977.jpg / page 176868015",1,IMG03:1,Controlled Commons open-license metadata; no image binary downloaded; explicit object-year evidence required
"Wikimedia Commons file source / Syrian postage stamp commemorating the anniversary of the March 8 Revolution, 1993.jpg / page 176868106",1,IMG03:1,Controlled Commons open-license metadata; no image binary downloaded; explicit object-year evidence required
"Wikimedia Commons file source / Syrian postage stamp commemorating the fifth anniversary of Hafez al-Assad's rise to power, 1975 (cropped).jpg / page 174338419",1,IMG03:1,Controlled Commons open-license metadata; no image binary downloaded; explicit object-year evidence required
"Wikimedia Commons file source / Syrian postage stamp commemorating the fifth anniversary of Hafez al-Assad's rise to power, 1975.jpg / page 167087467",1,IMG03:1,Controlled Commons open-license metadata; no image binary downloaded; explicit object-year evidence required
"Wikimedia Commons file source / Syrian postage stamp commemorating the first anniversary of Hafez al-Assad's ""Corrective Movement"", 1971.jpg / page 171926604",1,IMG03:1,Controlled Commons open-license metadata; no image binary downloaded; explicit object-year evidence required
"Wikimedia Commons file source / Syrian postage stamp commemorating the fourth general conference of the Revolutionary Youth Union, 1984.jpg / page 176868071",1,IMG03:1,Controlled Commons open-license metadata; no image binary downloaded; explicit object-year evidence required
"Wikimedia Commons file source / Syrian postage stamp marking the 14th anniversary of the Corrective Movement, 1994.jpg / page 172039248",1,IMG03:1,Controlled Commons open-license metadata; no image binary downloaded; explicit object-year evidence required
Wikimedia Commons file source / Szerlok Holmes (1932) - reklama w prasie.jpg / page 189589643,1,IMG03:1,Controlled Commons open-license metadata; no image binary downloaded; explicit object-year evidence required
Wikimedia Commons file source / TV Sol canal 9 (inicios de los años 1960).jpg / page 108351471,1,IMG03:1,Controlled Commons open-license metadata; no image binary downloaded; explicit object-year evidence required
"Wikimedia Commons file source / Take odbornike hočem, takih odbornikov nočem.jpg / page 27294010",1,IMG03:1,Controlled Commons open-license metadata; no image binary downloaded; explicit object-year evidence required
"Wikimedia Commons file source / Tamdhu Ambar Speyside Single Malt Whisky, aged 14 years.jpg / page 148951120",1,IMG03:1,Controlled Commons open-license metadata; no image binary downloaded; explicit object-year evidence required
"Wikimedia Commons file source / Tea Room - Rendez-vous du monde elégant, Passage Imobiliara, Tout-Bucarest 1911.JPG / page 20399588",1,IMG03:1,Controlled Commons open-license metadata; no image binary downloaded; explicit object-year evidence required
Wikimedia Commons file source / Team Korea Russia WorldCup 17.jpg / page 91455507,1,IMG03:1,Controlled Commons open-license metadata; no image binary downloaded; explicit object-year evidence required
Wikimedia Commons file source / Tennis Player 1893.png / page 80266967,1,IMG03:1,Controlled Commons open-license metadata; no image binary downloaded; explicit object-year evidence required
Wikimedia Commons file source / The Band (1969).jpg / page 183094879,1,IMG03:1,Controlled Commons open-license metadata; no image binary downloaded; explicit object-year evidence required
Wikimedia Commons file source / The Dominican Republic 1949 Mi 495 stamp (75th anniversary of the UPU. Globe and pigeon).jpg / page 116540669,1,IMG03:1,Controlled Commons open-license metadata; no image binary downloaded; explicit object-year evidence required
Wikimedia Commons file source / The Dominican Republic 1949 Mi 496 stamp (75th anniversary of the UPU. Globe and pigeon).jpg / page 116540670,1,IMG03:1,Controlled Commons open-license metadata; no image binary downloaded; explicit object-year evidence required
Wikimedia Commons file source / The Dominican Republic 1949 Mi 497 stamp (75th anniversary of the UPU. Globe and pigeon).jpg / page 116540671,1,IMG03:1,Controlled Commons open-license metadata; no image binary downloaded; explicit object-year evidence required
Wikimedia Commons file source / The Dominican Republic 1949 Mi 498 stamp (75th anniversary of the UPU. Globe and pigeon).jpg / page 116540672,1,IMG03:1,Controlled Commons open-license metadata; no image binary downloaded; explicit object-year evidence required
Wikimedia Commons file source / The Junior League News (1942-1984) - DPLA - 5a959c7d727b1f8596558f54a2db694d (page 1).jpg / page 87970082,1,IMG03:1,Controlled Commons open-license metadata; no image binary downloaded; explicit object-year evidence required
Wikimedia Commons file source / The Junior League News (1942-1984) - DPLA - 5a959c7d727b1f8596558f54a2db694d (page 100).jpg / page 87970907,1,IMG03:1,Controlled Commons open-license metadata; no image binary downloaded; explicit object-year evidence required
Wikimedia Commons file source / The Junior League News (1942-1984) - DPLA - 5a959c7d727b1f8596558f54a2db694d (page 101).jpg / page 87970917,1,IMG03:1,Controlled Commons open-license metadata; no image binary downloaded; explicit object-year evidence required
Wikimedia Commons file source / The Junior League News (1942-1984) - DPLA - 5a959c7d727b1f8596558f54a2db694d (page 102).jpg / page 87970925,1,IMG03:1,Controlled Commons open-license metadata; no image binary downloaded; explicit object-year evidence required
Wikimedia Commons file source / The Junior League News (1942-1984) - DPLA - 5a959c7d727b1f8596558f54a2db694d (page 103).jpg / page 87970928,1,IMG03:1,Controlled Commons open-license metadata; no image binary downloaded; explicit object-year evidence required
Wikimedia Commons file source / The Junior League News (1942-1984) - DPLA - 5a959c7d727b1f8596558f54a2db694d (page 111).jpg / page 87970977,1,IMG03:1,Controlled Commons open-license metadata; no image binary downloaded; explicit object-year evidence required
Wikimedia Commons file source / The Junior League News (1942-1984) - DPLA - 5a959c7d727b1f8596558f54a2db694d (page 119).jpg / page 87971028,1,IMG03:1,Controlled Commons open-license metadata; no image binary downloaded; explicit object-year evidence required
Wikimedia Commons file source / The Junior League News (1942-1984) - DPLA - 5a959c7d727b1f8596558f54a2db694d (page 127).jpg / page 87971116,1,IMG03:1,Controlled Commons open-license metadata; no image binary downloaded; explicit object-year evidence required
Wikimedia Commons file source / The Junior League News (1942-1984) - DPLA - 5a959c7d727b1f8596558f54a2db694d (page 129).jpg / page 87971138,1,IMG03:1,Controlled Commons open-license metadata; no image binary downloaded; explicit object-year evidence required
Wikimedia Commons file source / The Junior League News (1942-1984) - DPLA - 5a959c7d727b1f8596558f54a2db694d (page 134).jpg / page 87971189,1,IMG03:1,Controlled Commons open-license metadata; no image binary downloaded; explicit object-year evidence required
Wikimedia Commons file source / The Junior League News (1942-1984) - DPLA - 5a959c7d727b1f8596558f54a2db694d (page 135).jpg / page 87971211,1,IMG03:1,Controlled Commons open-license metadata; no image binary downloaded; explicit object-year evidence required
Wikimedia Commons file source / The Junior League News (1942-1984) - DPLA - 5a959c7d727b1f8596558f54a2db694d (page 136).jpg / page 87971216,1,IMG03:1,Controlled Commons open-license metadata; no image binary downloaded; explicit object-year evidence required
Wikimedia Commons file source / The Junior League News (1942-1984) - DPLA - 5a959c7d727b1f8596558f54a2db694d (page 137).jpg / page 87971225,1,IMG03:1,Controlled Commons open-license metadata; no image binary downloaded; explicit object-year evidence required
Wikimedia Commons file source / The Junior League News (1942-1984) - DPLA - 5a959c7d727b1f8596558f54a2db694d (page 157).jpg / page 87971357,1,IMG03:1,Controlled Commons open-license metadata; no image binary downloaded; explicit object-year evidence required
Wikimedia Commons file source / The Junior League News (1942-1984) - DPLA - 5a959c7d727b1f8596558f54a2db694d (page 161).jpg / page 87971383,1,IMG03:1,Controlled Commons open-license metadata; no image binary downloaded; explicit object-year evidence required
Wikimedia Commons file source / The Junior League News (1942-1984) - DPLA - 5a959c7d727b1f8596558f54a2db694d (page 163).jpg / page 87971402,1,IMG03:1,Controlled Commons open-license metadata; no image binary downloaded; explicit object-year evidence required
Wikimedia Commons file source / The Junior League News (1942-1984) - DPLA - 5a959c7d727b1f8596558f54a2db694d (page 169).jpg / page 87971444,1,IMG03:1,Controlled Commons open-license metadata; no image binary downloaded; explicit object-year evidence required
Wikimedia Commons file source / The Junior League News (1942-1984) - DPLA - 5a959c7d727b1f8596558f54a2db694d (page 175).jpg / page 87971485,1,IMG03:1,Controlled Commons open-license metadata; no image binary downloaded; explicit object-year evidence required
Wikimedia Commons file source / The Junior League News (1942-1984) - DPLA - 5a959c7d727b1f8596558f54a2db694d (page 176).jpg / page 87971492,1,IMG03:1,Controlled Commons open-license metadata; no image binary downloaded; explicit object-year evidence required
Wikimedia Commons file source / The Junior League News (1942-1984) - DPLA - 5a959c7d727b1f8596558f54a2db694d (page 178).jpg / page 87971517,1,IMG03:1,Controlled Commons open-license metadata; no image binary downloaded; explicit object-year evidence required
Wikimedia Commons file source / The Junior League News (1942-1984) - DPLA - 5a959c7d727b1f8596558f54a2db694d (page 181).jpg / page 87971536,1,IMG03:1,Controlled Commons open-license metadata; no image binary downloaded; explicit object-year evidence required
Wikimedia Commons file source / The Junior League News (1942-1984) - DPLA - 5a959c7d727b1f8596558f54a2db694d (page 19).jpg / page 87970181,1,IMG03:1,Controlled Commons open-license metadata; no image binary downloaded; explicit object-year evidence required
Wikimedia Commons file source / The Junior League News (1942-1984) - DPLA - 5a959c7d727b1f8596558f54a2db694d (page 28).jpg / page 87970275,1,IMG03:1,Controlled Commons open-license metadata; no image binary downloaded; explicit object-year evidence required
Wikimedia Commons file source / The Junior League News (1942-1984) - DPLA - 5a959c7d727b1f8596558f54a2db694d (page 31).jpg / page 87970298,1,IMG03:1,Controlled Commons open-license metadata; no image binary downloaded; explicit object-year evidence required
Wikimedia Commons file source / The Junior League News (1942-1984) - DPLA - 5a959c7d727b1f8596558f54a2db694d (page 36).jpg / page 87970355,1,IMG03:1,Controlled Commons open-license metadata; no image binary downloaded; explicit object-year evidence required
Wikimedia Commons file source / The Junior League News (1942-1984) - DPLA - 5a959c7d727b1f8596558f54a2db694d (page 53).jpg / page 87970518,1,IMG03:1,Controlled Commons open-license metadata; no image binary downloaded; explicit object-year evidence required
Wikimedia Commons file source / The Junior League News (1942-1984) - DPLA - 5a959c7d727b1f8596558f54a2db694d (page 58).jpg / page 87970621,1,IMG03:1,Controlled Commons open-license metadata; no image binary downloaded; explicit object-year evidence required
Wikimedia Commons file source / The Junior League News (1942-1984) - DPLA - 5a959c7d727b1f8596558f54a2db694d (page 60).jpg / page 87970640,1,IMG03:1,Controlled Commons open-license metadata; no image binary downloaded; explicit object-year evidence required
Wikimedia Commons file source / The Junior League News (1942-1984) - DPLA - 5a959c7d727b1f8596558f54a2db694d (page 68).jpg / page 87970689,1,IMG03:1,Controlled Commons open-license metadata; no image binary downloaded; explicit object-year evidence required
Wikimedia Commons file source / The Junior League News (1942-1984) - DPLA - 5a959c7d727b1f8596558f54a2db694d (page 69).jpg / page 87970694,1,IMG03:1,Controlled Commons open-license metadata; no image binary downloaded; explicit object-year evidence required
Wikimedia Commons file source / The Junior League News (1942-1984) - DPLA - 5a959c7d727b1f8596558f54a2db694d (page 71).jpg / page 87970706,1,IMG03:1,Controlled Commons open-license metadata; no image binary downloaded; explicit object-year evidence required
Wikimedia Commons file source / The Junior League News (1942-1984) - DPLA - 5a959c7d727b1f8596558f54a2db694d (page 78).jpg / page 87970739,1,IMG03:1,Controlled Commons open-license metadata; no image binary downloaded; explicit object-year evidence required
Wikimedia Commons file source / The Junior League News (1942-1984) - DPLA - 5a959c7d727b1f8596558f54a2db694d (page 84).jpg / page 87970774,1,IMG03:1,Controlled Commons open-license metadata; no image binary downloaded; explicit object-year evidence required
Wikimedia Commons file source / The Junior League News (1942-1984) - DPLA - 5a959c7d727b1f8596558f54a2db694d (page 85).jpg / page 87970783,1,IMG03:1,Controlled Commons open-license metadata; no image binary downloaded; explicit object-year evidence required
Wikimedia Commons file source / The Junior League News (1942-1984) - DPLA - 5a959c7d727b1f8596558f54a2db694d (page 86).jpg / page 87970796,1,IMG03:1,Controlled Commons open-license metadata; no image binary downloaded; explicit object-year evidence required
Wikimedia Commons file source / The Junior League News (1942-1984) - DPLA - 5a959c7d727b1f8596558f54a2db694d (page 95).jpg / page 87970871,1,IMG03:1,Controlled Commons open-license metadata; no image binary downloaded; explicit object-year evidence required
Wikimedia Commons file source / The Junior League News (1942-1984) - DPLA - 5a959c7d727b1f8596558f54a2db694d (page 99).jpg / page 87970900,1,IMG03:1,Controlled Commons open-license metadata; no image binary downloaded; explicit object-year evidence required
Wikimedia Commons file source / The Junior League News (1943-1970) - DPLA - d5dddff51b385d4e7195a06a741c0df3 (page 1).jpg / page 87972585,1,IMG03:1,Controlled Commons open-license metadata; no image binary downloaded; explicit object-year evidence required
Wikimedia Commons file source / The Junior League News (1943-1970) - DPLA - d5dddff51b385d4e7195a06a741c0df3 (page 11).jpg / page 87972676,1,IMG03:1,Controlled Commons open-license metadata; no image binary downloaded; explicit object-year evidence required
Wikimedia Commons file source / The Junior League News (1943-1970) - DPLA - d5dddff51b385d4e7195a06a741c0df3 (page 18).jpg / page 87972727,1,IMG03:1,Controlled Commons open-license metadata; no image binary downloaded; explicit object-year evidence required
Wikimedia Commons file source / The Junior League News (1943-1970) - DPLA - d5dddff51b385d4e7195a06a741c0df3 (page 19).jpg / page 87972740,1,IMG03:1,Controlled Commons open-license metadata; no image binary downloaded; explicit object-year evidence required
Wikimedia Commons file source / The Junior League News (1943-1970) - DPLA - d5dddff51b385d4e7195a06a741c0df3 (page 2).jpg / page 87972590,1,IMG03:1,Controlled Commons open-license metadata; no image binary downloaded; explicit object-year evidence required
Wikimedia Commons file source / The Junior League News (1943-1970) - DPLA - d5dddff51b385d4e7195a06a741c0df3 (page 22).jpg / page 87972773,1,IMG03:1,Controlled Commons open-license metadata; no image binary downloaded; explicit object-year evidence required
Wikimedia Commons file source / The Junior League News (1943-1970) - DPLA - d5dddff51b385d4e7195a06a741c0df3 (page 37).jpg / page 87972885,1,IMG03:1,Controlled Commons open-license metadata; no image binary downloaded; explicit object-year evidence required
Wikimedia Commons file source / The Junior League News (1943-1970) - DPLA - d5dddff51b385d4e7195a06a741c0df3 (page 39).jpg / page 87972910,1,IMG03:1,Controlled Commons open-license metadata; no image binary downloaded; explicit object-year evidence required
Wikimedia Commons file source / The Junior League News (1943-1970) - DPLA - d5dddff51b385d4e7195a06a741c0df3 (page 43).jpg / page 87972972,1,IMG03:1,Controlled Commons open-license metadata; no image binary downloaded; explicit object-year evidence required
Wikimedia Commons file source / The Junior League News (1943-1970) - DPLA - d5dddff51b385d4e7195a06a741c0df3 (page 44).jpg / page 87972977,1,IMG03:1,Controlled Commons open-license metadata; no image binary downloaded; explicit object-year evidence required
Wikimedia Commons file source / The Junior League News (1943-1970) - DPLA - d5dddff51b385d4e7195a06a741c0df3 (page 54).jpg / page 87973058,1,IMG03:1,Controlled Commons open-license metadata; no image binary downloaded; explicit object-year evidence required
Wikimedia Commons file source / The Junior League News (1943-1970) - DPLA - d5dddff51b385d4e7195a06a741c0df3 (page 60).jpg / page 87973122,1,IMG03:1,Controlled Commons open-license metadata; no image binary downloaded; explicit object-year evidence required
Wikimedia Commons file source / The Junior League News (1943-1970) - DPLA - d5dddff51b385d4e7195a06a741c0df3 (page 78).jpg / page 87973303,1,IMG03:1,Controlled Commons open-license metadata; no image binary downloaded; explicit object-year evidence required
Wikimedia Commons file source / The Junior League News (1943-1970) - DPLA - d5dddff51b385d4e7195a06a741c0df3 (page 80).jpg / page 87973323,1,IMG03:1,Controlled Commons open-license metadata; no image binary downloaded; explicit object-year evidence required
"Wikimedia Commons file source / The Lampasas Daily Leader. (Lampasas, Tex.), Vol. 7, No. 1970, Ed. 1 Thursday, July 14, 1910 - DPLA - f884a2eac45d127dc7f3f81030b730eb (page 1).jpg / page 97634967",1,IMG03:1,Controlled Commons open-license metadata; no image binary downloaded; explicit object-year evidence required
"Wikimedia Commons file source / The Lampasas Daily Leader. (Lampasas, Tex.), Vol. 7, No. 1970, Ed. 1 Thursday, July 14, 1910 - DPLA - f884a2eac45d127dc7f3f81030b730eb (page 2).jpg / page 97634969",1,IMG03:1,Controlled Commons open-license metadata; no image binary downloaded; explicit object-year evidence required
"Wikimedia Commons file source / The Lampasas Daily Leader. (Lampasas, Tex.), Vol. 7, No. 1970, Ed. 1 Thursday, July 14, 1910 - DPLA - f884a2eac45d127dc7f3f81030b730eb (page 3).jpg / page 97634972",1,IMG03:1,Controlled Commons open-license metadata; no image binary downloaded; explicit object-year evidence required
"Wikimedia Commons file source / The Lampasas Daily Leader. (Lampasas, Tex.), Vol. 7, No. 1970, Ed. 1 Thursday, July 14, 1910 - DPLA - f884a2eac45d127dc7f3f81030b730eb (page 4).jpg / page 97634974",1,IMG03:1,Controlled Commons open-license metadata; no image binary downloaded; explicit object-year evidence required
Wikimedia Commons file source / The Little Black Jacket (8121857569).jpg / page 24789561,1,IMG03:1,Controlled Commons open-license metadata; no image binary downloaded; explicit object-year evidence required
Wikimedia Commons file source / The Man from Hong Kong ad - 18 July 1975.jpg / page 156543775,1,IMG03:1,Controlled Commons open-license metadata; no image binary downloaded; explicit object-year evidence required
"Wikimedia Commons file source / The Supremes - Stoned Love, 1970.png / page 84627402",1,IMG03:1,Controlled Commons open-license metadata; no image binary downloaded; explicit object-year evidence required
"Wikimedia Commons file source / Thuốc-lá Kim-tiền (金錢煙草 - Cigarettes Sapèque d'Or), Hanoi (1935) 01.jpg / page 132505690",1,IMG03:1,Controlled Commons open-license metadata; no image binary downloaded; explicit object-year evidence required
"Wikimedia Commons file source / Thuốc-lá Kim-tiền (金錢煙草 - Cigarettes Sapèque d'Or), Hanoi (1935) 03.jpg / page 132505687",1,IMG03:1,Controlled Commons open-license metadata; no image binary downloaded; explicit object-year evidence required
Wikimedia Commons file source / Timbre NZ AvenementG6 1p 1937.jpg / page 3170518,1,IMG03:1,Controlled Commons open-license metadata; no image binary downloaded; explicit object-year evidence required
Wikimedia Commons file source / Timbre NZ AvenementG6 2hp 1937.jpg / page 3170523,1,IMG03:1,Controlled Commons open-license metadata; no image binary downloaded; explicit object-year evidence required
Wikimedia Commons file source / Timbre NZ AvenementG6 6p 1937.jpg / page 3170522,1,IMG03:1,Controlled Commons open-license metadata; no image binary downloaded; explicit object-year evidence required
Wikimedia Commons file source / Timbre du laos 1952.jpg / page 78681542,1,IMG03:1,Controlled Commons open-license metadata; no image binary downloaded; explicit object-year evidence required
Wikimedia Commons file source / TimbreCroatie 1941 100k.png / page 3287386,1,IMG03:1,Controlled Commons open-license metadata; no image binary downloaded; explicit object-year evidence required
"Wikimedia Commons file source / Tin, food product (AM 2015.4.10-16).jpg / page 64661001",1,IMG03:1,Controlled Commons open-license metadata; no image binary downloaded; explicit object-year evidence required
"Wikimedia Commons file source / Tin, food product (AM 2015.4.10-6).jpg / page 64660678",1,IMG03:1,Controlled Commons open-license metadata; no image binary downloaded; explicit object-year evidence required
"Wikimedia Commons file source / Tin, food product (AM 2015.4.11-10).jpg / page 65954619",1,IMG03:1,Controlled Commons open-license metadata; no image binary downloaded; explicit object-year evidence required
"Wikimedia Commons file source / Tin, food product (AM 2015.4.11-4).jpg / page 65954549",1,IMG03:1,Controlled Commons open-license metadata; no image binary downloaded; explicit object-year evidence required
"Wikimedia Commons file source / Tin, food product (AM 2015.4.21-1).jpg / page 64844698",1,IMG03:1,Controlled Commons open-license metadata; no image binary downloaded; explicit object-year evidence required
"Wikimedia Commons file source / Tin, food product (AM 2015.4.21-6).jpg / page 64844833",1,IMG03:1,Controlled Commons open-license metadata; no image binary downloaded; explicit object-year evidence required
"Wikimedia Commons file source / Tin, food product (AM 2015.4.22-10).jpg / page 64497898",1,IMG03:1,Controlled Commons open-license metadata; no image binary downloaded; explicit object-year evidence required
"Wikimedia Commons file source / Tin, food product (AM 2015.4.22-12).jpg / page 64497954",1,IMG03:1,Controlled Commons open-license metadata; no image binary downloaded; explicit object-year evidence required
"Wikimedia Commons file source / Tin, food product (AM 2015.4.22-13).jpg / page 64497971",1,IMG03:1,Controlled Commons open-license metadata; no image binary downloaded; explicit object-year evidence required
"Wikimedia Commons file source / Tin, food product (AM 2015.4.22-14).jpg / page 64497992",1,IMG03:1,Controlled Commons open-license metadata; no image binary downloaded; explicit object-year evidence required
"Wikimedia Commons file source / Tin, food product (AM 2015.4.22-6).jpg / page 64497830",1,IMG03:1,Controlled Commons open-license metadata; no image binary downloaded; explicit object-year evidence required
"Wikimedia Commons file source / Tin, food product (AM 2015.4.23-1).jpg / page 64578786",1,IMG03:1,Controlled Commons open-license metadata; no image binary downloaded; explicit object-year evidence required
"Wikimedia Commons file source / Tin, food product (AM 2015.4.23-3).jpg / page 64578796",1,IMG03:1,Controlled Commons open-license metadata; no image binary downloaded; explicit object-year evidence required
"Wikimedia Commons file source / Tin, food product (AM 2015.4.25-6).jpg / page 64497235",1,IMG03:1,Controlled Commons open-license metadata; no image binary downloaded; explicit object-year evidence required
"Wikimedia Commons file source / Tin, food product (AM 2015.4.26-10).jpg / page 65957030",1,IMG03:1,Controlled Commons open-license metadata; no image binary downloaded; explicit object-year evidence required
"Wikimedia Commons file source / Tin, food product (AM 2015.4.3-13).jpg / page 64598430",1,IMG03:1,Controlled Commons open-license metadata; no image binary downloaded; explicit object-year evidence required
"Wikimedia Commons file source / Tin, food product (AM 2015.4.3-14).jpg / page 64598440",1,IMG03:1,Controlled Commons open-license metadata; no image binary downloaded; explicit object-year evidence required
"Wikimedia Commons file source / Tin, food product (AM 2015.4.3-5).jpg / page 64598301",1,IMG03:1,Controlled Commons open-license metadata; no image binary downloaded; explicit object-year evidence required
"Wikimedia Commons file source / Tin, food product (AM 2015.4.3-6).jpg / page 64598307",1,IMG03:1,Controlled Commons open-license metadata; no image binary downloaded; explicit object-year evidence required
"Wikimedia Commons file source / Tin, food product (AM 2015.4.4-2).jpg / page 64577363",1,IMG03:1,Controlled Commons open-license metadata; no image binary downloaded; explicit object-year evidence required
"Wikimedia Commons file source / Tin, food product (AM 2015.4.5-3).jpg / page 65741101",1,IMG03:1,Controlled Commons open-license metadata; no image binary downloaded; explicit object-year evidence required
"Wikimedia Commons file source / Tin, food product (AM 2015.4.6-3).jpg / page 64748713",1,IMG03:1,Controlled Commons open-license metadata; no image binary downloaded; explicit object-year evidence required
Wikimedia Commons file source / Tjerita Si Tjonat cover.jpg / page 26562256,1,IMG03:1,Controlled Commons open-license metadata; no image binary downloaded; explicit object-year evidence required
Wikimedia Commons file source / TokyoYuranNoriaiJidousha ad 19251215.png / page 86288858,1,IMG03:1,Controlled Commons open-license metadata; no image binary downloaded; explicit object-year evidence required
Wikimedia Commons file source / Trams with Paul Smith's Advertisement in Hong Kong 2006.jpg / page 32838239,1,IMG03:1,Controlled Commons open-license metadata; no image binary downloaded; explicit object-year evidence required
Wikimedia Commons file source / Tramwaj Dziennik Dolnośląski.jpg / page 14865752,1,IMG03:1,Controlled Commons open-license metadata; no image binary downloaded; explicit object-year evidence required
Wikimedia Commons file source / Trujillo family stamps D.R..jpg / page 26563182,1,IMG03:1,Controlled Commons open-license metadata; no image binary downloaded; explicit object-year evidence required
Wikimedia Commons file source / TrujilloFamily.jpg / page 23800216,1,IMG03:1,Controlled Commons open-license metadata; no image binary downloaded; explicit object-year evidence required
Wikimedia Commons file source / Tyler Atkins LBJ 2012.jpg / page 24789564,1,IMG03:1,Controlled Commons open-license metadata; no image binary downloaded; explicit object-year evidence required
Wikimedia Commons file source / Tyrone Davis oct 1970.jpg / page 31287158,1,IMG03:1,Controlled Commons open-license metadata; no image binary downloaded; explicit object-year evidence required
Wikimedia Commons file source / UST 1996 ASEANPex Rizal in UST Stamp.jpg / page 175145910,1,IMG03:1,Controlled Commons open-license metadata; no image binary downloaded; explicit object-year evidence required
Wikimedia Commons file source / Uganda railway advertisement.jpg / page 176021719,1,IMG03:1,Controlled Commons open-license metadata; no image binary downloaded; explicit object-year evidence required
Wikimedia Commons file source / Uki Voutilainen vaalimainos 1970.jpg / page 126052027,1,IMG03:1,Controlled Commons open-license metadata; no image binary downloaded; explicit object-year evidence required
"Wikimedia Commons file source / Uniforme școlare pentru băieți și fete, Aug 1967.png / page 114707597",1,IMG03:1,Controlled Commons open-license metadata; no image binary downloaded; explicit object-year evidence required
Wikimedia Commons file source / VII ZJAZD PZPR.png / page 181007314,1,IMG03:1,Controlled Commons open-license metadata; no image binary downloaded; explicit object-year evidence required
Wikimedia Commons file source / Valiant III aviso argentina.jpg / page 118625015,1,IMG03:1,Controlled Commons open-license metadata; no image binary downloaded; explicit object-year evidence required
Wikimedia Commons file source / Velebit Zagreb Hvar 1941 Independent State of Croatia stamps.jpg / page 163772080,1,IMG03:1,Controlled Commons open-license metadata; no image binary downloaded; explicit object-year evidence required
Wikimedia Commons file source / Virginia slims ad 1970.jpg / page 94140763,1,IMG03:1,Controlled Commons open-license metadata; no image binary downloaded; explicit object-year evidence required
Wikimedia Commons file source / Visit Cuba - Price Tours 01.jpg / page 138179334,2,IMG03:2,Controlled Commons open-license metadata; no image binary downloaded; explicit object-year evidence required
Wikimedia Commons file source / Visit Cuba - Price Tours 02.jpg / page 138179333,1,IMG03:1,Controlled Commons open-license metadata; no image binary downloaded; explicit object-year evidence required
"Wikimedia Commons file source / Vorup Frederiksberg BK vs Hellerup IK, DBUs Landspokalturnering 1963-64, advertisement in Randers Amtsavis on 7 September 1963.png / page 95375166",1,IMG03:1,Controlled Commons open-license metadata; no image binary downloaded; explicit object-year evidence required
Wikimedia Commons file source / WCKT Peabody award 1961 ad.jpg / page 115309501,1,IMG03:1,Controlled Commons open-license metadata; no image binary downloaded; explicit object-year evidence required
Wikimedia Commons file source / Waikinos all day Music festival 1976.jpg / page 15141197,1,IMG03:1,Controlled Commons open-license metadata; no image binary downloaded; explicit object-year evidence required
"Wikimedia Commons file source / Wampole's Creo-Terpin for coughs and colds advertising card, circa 1910 (MOHAI 11327).jpg / page 97058983",1,IMG03:1,Controlled Commons open-license metadata; no image binary downloaded; explicit object-year evidence required
Wikimedia Commons file source / Where are you going^ Quo Vadis Fish Restaurant bus ticket advertisement. Edinburgh c 1970 - Flickr - sludgegulper.jpg / page 17548880,1,IMG03:1,Controlled Commons open-license metadata; no image binary downloaded; explicit object-year evidence required
Wikimedia Commons file source / Wong Lo Kat1966.jpg / page 21105872,1,IMG03:1,Controlled Commons open-license metadata; no image binary downloaded; explicit object-year evidence required
"Wikimedia Commons file source / Workers, we've been fooled long enough! (cropped).jpg / page 77622600",1,IMG03:1,Controlled Commons open-license metadata; no image binary downloaded; explicit object-year evidence required
Wikimedia Commons file source / Ypf aviso cachofontana.jpg / page 88886103,1,IMG03:1,Controlled Commons open-license metadata; no image binary downloaded; explicit object-year evidence required
"Wikimedia Commons file source / Z1B-0004 at M Huaihai Rd, S Shaanxi Rd (20191021090449).jpg / page 83258186",1,IMG03:1,Controlled Commons open-license metadata; no image binary downloaded; explicit object-year evidence required
Wikimedia Commons file source / Zamek kapituly warmijskiej w Olsztynie w ktorym czas pewien zarzadza Mikolaj Kopernik. 1946 (119373618).jpg / page 98553405,1,IMG03:1,Controlled Commons open-license metadata; no image binary downloaded; explicit object-year evidence required
Wikimedia Commons file source / Алыш.jpg / page 38111876,1,IMG03:1,Controlled Commons open-license metadata; no image binary downloaded; explicit object-year evidence required
Wikimedia Commons file source / از پاریس برگشته.jpg / page 191323819,1,IMG03:1,Controlled Commons open-license metadata; no image binary downloaded; explicit object-year evidence required
Wikimedia Commons file source / 伊朗國家郵政發行了帶有 Al-Farabi 想像中的面孔的郵票.jpg / page 112365411,1,IMG03:1,Controlled Commons open-license metadata; no image binary downloaded; explicit object-year evidence required
Wikimedia Commons file source / 有轨电车上的味之素广告（满蒙宣传社）.png / page 95472319,1,IMG03:1,Controlled Commons open-license metadata; no image binary downloaded; explicit object-year evidence required
Wikimedia Commons file source / 蔡將軍香煙.jpg / page 72182054,1,IMG03:1,Controlled Commons open-license metadata; no image binary downloaded; explicit object-year evidence required
