candidate_id,source_name,macro_region,subregion,country_or_region,source_class,institutional_level,protocol_family,url,period_start,period_end,period_bands,expected_record_types,capture_route,recommended_adapter,recommended_image_policy,text_enrichment_path,rights_posture,risk_notes,priority,inclusion_status,notes,impact_score,impact_rating,impact_basis,new_source_basis
NLCV30001,National Archives of Nigeria,Africa,West Africa,Nigeria,national archive,national,HTML/catalog,https://nationalarchives.gov.ng/,1900,2026,1830-1930; 1931-1970; 1971-2000; 2001-2026,newspapers; posters; government print; archival records,source-level metadata and source-link discovery,html_metadata_adapter,IMG00/IMG02 only after item-level source and rights review; no IMG01/IMG03 automatic upgrade,"source title, description, collection scope, catalog terms, and stable links",source-hosted review,item rights vary; source-level discovery only,P1,candidate,,92,A,"region=Africa; class=national archive; protocol=HTML/catalog; internal triage only, not public authority or rights clearance","not present in existing source registry, global edge, contemporary scan, or v1 nonmainstream target URL/name keys"
NLCV30002,National Library of Nigeria,Africa,West Africa,Nigeria,national library,national,HTML/catalog,https://nln.gov.ng/,1900,2026,1830-1930; 1931-1970; 1971-2000; 2001-2026,books; newspapers; periodicals; print culture,source-level metadata and source-link discovery,bibliographic_adapter,IMG00/IMG02 only after item-level source and rights review; no IMG01/IMG03 automatic upgrade,"source title, description, collection scope, catalog terms, and stable links",source-hosted review,item rights vary; source-level discovery only,P1,candidate,,82,A,"region=Africa; class=national library; protocol=HTML/catalog; internal triage only, not public authority or rights clearance","not present in existing source registry, global edge, contemporary scan, or v1 nonmainstream target URL/name keys"
NLCV30003,Ghana Library Authority,Africa,West Africa,Ghana,national library,national,HTML/catalog,https://www.ghanalibrary.org/,1900,2026,1830-1930; 1931-1970; 1971-2000; 2001-2026,books; reading campaigns; public communication,source-level metadata and source-link discovery,html_metadata_adapter,IMG00/IMG02 only after item-level source and rights review; no IMG01/IMG03 automatic upgrade,"source title, description, collection scope, catalog terms, and stable links",source-hosted review,item rights vary; source-level discovery only,P2,candidate,,70,B,"region=Africa; class=national library; protocol=HTML/catalog; internal triage only, not public authority or rights clearance","not present in existing source registry, global edge, contemporary scan, or v1 nonmainstream target URL/name keys"
NLCV30004,National Archives of Namibia,Africa,Southern Africa,Namibia,national archive,national,HTML/catalog,https://www.namibiaarchives.gov.na/,1900,2026,1830-1930; 1931-1970; 1971-2000; 2001-2026,archival records; newspapers; public communication,source-level metadata and source-link discovery,html_metadata_adapter,IMG00/IMG02 only after item-level source and rights review; no IMG01/IMG03 automatic upgrade,"source title, description, collection scope, catalog terms, and stable links",source-hosted review,item rights vary; source-level discovery only,P1,candidate,,92,A,"region=Africa; class=national archive; protocol=HTML/catalog; internal triage only, not public authority or rights clearance","not present in existing source registry, global edge, contemporary scan, or v1 nonmainstream target URL/name keys"
NLCV30005,Botswana National Archives and Records Services,Africa,Southern Africa,Botswana,national archive,national,HTML,https://www.gov.bw/ministries/department-national-archives-records-services,1900,2026,1830-1930; 1931-1970; 1971-2000; 2001-2026,archives; government print; source registry,source-level metadata and source-link discovery,manual_source_adapter,IMG00/IMG02 only after item-level source and rights review; no IMG01/IMG03 automatic upgrade,"source title, description, collection scope, catalog terms, and stable links",source-hosted review,item rights vary; source-level discovery only,P2,candidate,,73,B,"region=Africa; class=national archive; protocol=HTML; internal triage only, not public authority or rights clearance","not present in existing source registry, global edge, contemporary scan, or v1 nonmainstream target URL/name keys"
NLCV30006,National Archives of Zambia,Africa,Southern Africa,Zambia,national archive,national,HTML,https://www.nationalarchives.gov.zm/,1900,2026,1830-1930; 1931-1970; 1971-2000; 2001-2026,archives; newspapers; government print,source-level metadata and source-link discovery,html_metadata_adapter,IMG00/IMG02 only after item-level source and rights review; no IMG01/IMG03 automatic upgrade,"source title, description, collection scope, catalog terms, and stable links",source-hosted review,item rights vary; source-level discovery only,P1,candidate,,85,A,"region=Africa; class=national archive; protocol=HTML; internal triage only, not public authority or rights clearance","not present in existing source registry, global edge, contemporary scan, or v1 nonmainstream target URL/name keys"
NLCV30007,National Archives of Zimbabwe,Africa,Southern Africa,Zimbabwe,national archive,national,HTML,https://www.archives.gov.zw/,1900,2026,1830-1930; 1931-1970; 1971-2000; 2001-2026,archives; newspapers; government print,source-level metadata and source-link discovery,html_metadata_adapter,IMG00/IMG02 only after item-level source and rights review; no IMG01/IMG03 automatic upgrade,"source title, description, collection scope, catalog terms, and stable links",source-hosted review,item rights vary; source-level discovery only,P1,candidate,,85,A,"region=Africa; class=national archive; protocol=HTML; internal triage only, not public authority or rights clearance","not present in existing source registry, global edge, contemporary scan, or v1 nonmainstream target URL/name keys"
NLCV30008,National Records and Archives Services Malawi,Africa,Southern Africa,Malawi,national archive,national,HTML,https://www.nationalarchives.gov.mw/,1900,2026,1830-1930; 1931-1970; 1971-2000; 2001-2026,archives; public communication; newspapers,source-level metadata and source-link discovery,html_metadata_adapter,IMG00/IMG02 only after item-level source and rights review; no IMG01/IMG03 automatic upgrade,"source title, description, collection scope, catalog terms, and stable links",source-hosted review,item rights vary; source-level discovery only,P2,candidate,,81,B,"region=Africa; class=national archive; protocol=HTML; internal triage only, not public authority or rights clearance","not present in existing source registry, global edge, contemporary scan, or v1 nonmainstream target URL/name keys"
NLCV30009,Kenya National Library Service,Africa,East Africa,Kenya,national library,national,HTML/catalog,https://knls.ac.ke/,1900,2026,1830-1930; 1931-1970; 1971-2000; 2001-2026,books; newspapers; periodicals,source-level metadata and source-link discovery,bibliographic_adapter,IMG00/IMG02 only after item-level source and rights review; no IMG01/IMG03 automatic upgrade,"source title, description, collection scope, catalog terms, and stable links",source-hosted review,item rights vary; source-level discovery only,P2,candidate,,78,B,"region=Africa; class=national library; protocol=HTML/catalog; internal triage only, not public authority or rights clearance","not present in existing source registry, global edge, contemporary scan, or v1 nonmainstream target URL/name keys"
NLCV30010,Uganda National Library,Africa,East Africa,Uganda,national library,national,HTML,https://unls.go.ug/,1900,2026,1830-1930; 1931-1970; 1971-2000; 2001-2026,books; newspapers; public communication,source-level metadata and source-link discovery,html_metadata_adapter,IMG00/IMG02 only after item-level source and rights review; no IMG01/IMG03 automatic upgrade,"source title, description, collection scope, catalog terms, and stable links",source-hosted review,item rights vary; source-level discovery only,P2,candidate,,71,B,"region=Africa; class=national library; protocol=HTML; internal triage only, not public authority or rights clearance","not present in existing source registry, global edge, contemporary scan, or v1 nonmainstream target URL/name keys"
NLCV30011,National Archives of Tanzania,Africa,East Africa,Tanzania,national archive,national,HTML,https://www.nyaraka.go.tz/,1900,2026,1830-1930; 1931-1970; 1971-2000; 2001-2026,archives; newspapers; government print,source-level metadata and source-link discovery,html_metadata_adapter,IMG00/IMG02 only after item-level source and rights review; no IMG01/IMG03 automatic upgrade,"source title, description, collection scope, catalog terms, and stable links",source-hosted review,item rights vary; source-level discovery only,P1,candidate,,85,A,"region=Africa; class=national archive; protocol=HTML; internal triage only, not public authority or rights clearance","not present in existing source registry, global edge, contemporary scan, or v1 nonmainstream target URL/name keys"
NLCV30012,National Library and Archives of Ethiopia,Africa,East Africa,Ethiopia,national library/archive,national,HTML,https://www.nala.gov.et/,1900,2026,1830-1930; 1931-1970; 1971-2000; 2001-2026,books; manuscripts; periodicals; posters,source-level metadata and source-link discovery,html_metadata_adapter,IMG00/IMG02 only after item-level source and rights review; no IMG01/IMG03 automatic upgrade,"source title, description, collection scope, catalog terms, and stable links",source-hosted review,item rights vary; source-level discovery only,P1,candidate,,85,A,"region=Africa; class=national library/archive; protocol=HTML; internal triage only, not public authority or rights clearance","not present in existing source registry, global edge, contemporary scan, or v1 nonmainstream target URL/name keys"
NLCV30013,Archives du Maroc,Africa,North Africa,Morocco,national archive,national,HTML,https://www.archivesdumaroc.ma/,1900,2026,1830-1930; 1931-1970; 1971-2000; 2001-2026,archives; government print; photographs,source-level metadata and source-link discovery,html_metadata_adapter,IMG00/IMG02 only after item-level source and rights review; no IMG01/IMG03 automatic upgrade,"source title, description, collection scope, catalog terms, and stable links",source-hosted review,item rights vary; source-level discovery only,P1,candidate,,77,B,"region=Africa; class=national archive; protocol=HTML; internal triage only, not public authority or rights clearance","not present in existing source registry, global edge, contemporary scan, or v1 nonmainstream target URL/name keys"
NLCV30014,Archives Nationales de Tunisie,Africa,North Africa,Tunisia,national archive,national,HTML,http://www.archives.nat.tn/,1900,2026,1830-1930; 1931-1970; 1971-2000; 2001-2026,archives; newspapers; government print,source-level metadata and source-link discovery,html_metadata_adapter,IMG00/IMG02 only after item-level source and rights review; no IMG01/IMG03 automatic upgrade,"source title, description, collection scope, catalog terms, and stable links",source-hosted review,item rights vary; source-level discovery only,P1,candidate,,85,A,"region=Africa; class=national archive; protocol=HTML; internal triage only, not public authority or rights clearance","not present in existing source registry, global edge, contemporary scan, or v1 nonmainstream target URL/name keys"
NLCV30015,Bibliotheque Nationale d'Algerie,Africa,North Africa,Algeria,national library,national,catalog/HTML,https://www.biblionat.dz/,1830,2026,1830-1930; 1931-1970; 1971-2000; 2001-2026,books; periodicals; newspapers; print culture,source-level metadata and source-link discovery,bibliographic_adapter,IMG00/IMG02 only after item-level source and rights review; no IMG01/IMG03 automatic upgrade,"source title, description, collection scope, catalog terms, and stable links",source-hosted review,item rights vary; source-level discovery only,P1,candidate,,82,A,"region=Africa; class=national library; protocol=catalog/HTML; internal triage only, not public authority or rights clearance","not present in existing source registry, global edge, contemporary scan, or v1 nonmainstream target URL/name keys"
NLCV30016,Centre de Documentation Saharienne,Africa,North Africa,Algeria,research archive,research,HTML,https://www.crasc.dz/,1900,2026,1830-1930; 1931-1970; 1971-2000; 2001-2026,research publications; visual culture context,source-level metadata and source-link discovery,html_metadata_adapter,IMG00/IMG02 only after item-level source and rights review; no IMG01/IMG03 automatic upgrade,"source title, description, collection scope, catalog terms, and stable links",source-hosted review,item rights vary; source-level discovery only,P2,candidate,,73,B,"region=Africa; class=research archive; protocol=HTML; internal triage only, not public authority or rights clearance","not present in existing source registry, global edge, contemporary scan, or v1 nonmainstream target URL/name keys"
NLCV30017,National Library of Sudan,Africa,North Africa,Sudan,national library,national,HTML,https://www.nls.gov.sd/,1900,2026,1830-1930; 1931-1970; 1971-2000; 2001-2026,books; newspapers; manuscripts; print culture,source-level metadata and source-link discovery,html_metadata_adapter,IMG00/IMG02 only after item-level source and rights review; no IMG01/IMG03 automatic upgrade,"source title, description, collection scope, catalog terms, and stable links",source-hosted review,item rights vary; source-level discovery only,P2,candidate,,71,B,"region=Africa; class=national library; protocol=HTML; internal triage only, not public authority or rights clearance","not present in existing source registry, global edge, contemporary scan, or v1 nonmainstream target URL/name keys"
NLCV30018,Archives Nationales du Senegal,Africa,West Africa,Senegal,national archive,national,HTML,https://archivesdusenegal.gouv.sn/,1900,2026,1830-1930; 1931-1970; 1971-2000; 2001-2026,archives; newspapers; government print,source-level metadata and source-link discovery,html_metadata_adapter,IMG00/IMG02 only after item-level source and rights review; no IMG01/IMG03 automatic upgrade,"source title, description, collection scope, catalog terms, and stable links",source-hosted review,item rights vary; source-level discovery only,P1,candidate,,85,A,"region=Africa; class=national archive; protocol=HTML; internal triage only, not public authority or rights clearance","not present in existing source registry, global edge, contemporary scan, or v1 nonmainstream target URL/name keys"
NLCV30019,Bibliotheque Nationale du Senegal,Africa,West Africa,Senegal,national library,national,HTML,https://bn.gouv.sn/,1900,2026,1830-1930; 1931-1970; 1971-2000; 2001-2026,books; periodicals; public communication,source-level metadata and source-link discovery,html_metadata_adapter,IMG00/IMG02 only after item-level source and rights review; no IMG01/IMG03 automatic upgrade,"source title, description, collection scope, catalog terms, and stable links",source-hosted review,item rights vary; source-level discovery only,P2,candidate,,71,B,"region=Africa; class=national library; protocol=HTML; internal triage only, not public authority or rights clearance","not present in existing source registry, global edge, contemporary scan, or v1 nonmainstream target URL/name keys"
NLCV30020,Archives Nationales de Cote d'Ivoire,Africa,West Africa,Cote d'Ivoire,national archive,national,HTML,https://archivesnationales.gouv.ci/,1900,2026,1830-1930; 1931-1970; 1971-2000; 2001-2026,archives; newspapers; government print,source-level metadata and source-link discovery,html_metadata_adapter,IMG00/IMG02 only after item-level source and rights review; no IMG01/IMG03 automatic upgrade,"source title, description, collection scope, catalog terms, and stable links",source-hosted review,item rights vary; source-level discovery only,P1,candidate,,85,A,"region=Africa; class=national archive; protocol=HTML; internal triage only, not public authority or rights clearance","not present in existing source registry, global edge, contemporary scan, or v1 nonmainstream target URL/name keys"
NLCV30021,Bibliotheque Nationale de Cote d'Ivoire,Africa,West Africa,Cote d'Ivoire,national library,national,HTML,https://bnci.ci/,1900,2026,1830-1930; 1931-1970; 1971-2000; 2001-2026,books; periodicals; posters,source-level metadata and source-link discovery,html_metadata_adapter,IMG00/IMG02 only after item-level source and rights review; no IMG01/IMG03 automatic upgrade,"source title, description, collection scope, catalog terms, and stable links",source-hosted review,item rights vary; source-level discovery only,P2,candidate,,71,B,"region=Africa; class=national library; protocol=HTML; internal triage only, not public authority or rights clearance","not present in existing source registry, global edge, contemporary scan, or v1 nonmainstream target URL/name keys"
NLCV30022,National Archives of The Gambia,Africa,West Africa,Gambia,national archive,national,HTML,https://www.ncac.gm/,1900,2026,1830-1930; 1931-1970; 1971-2000; 2001-2026,archives; cultural heritage; public communication,source-level metadata and source-link discovery,html_metadata_adapter,IMG00/IMG02 only after item-level source and rights review; no IMG01/IMG03 automatic upgrade,"source title, description, collection scope, catalog terms, and stable links",source-hosted review,item rights vary; source-level discovery only,P2,candidate,,73,B,"region=Africa; class=national archive; protocol=HTML; internal triage only, not public authority or rights clearance","not present in existing source registry, global edge, contemporary scan, or v1 nonmainstream target URL/name keys"
NLCV30023,National Library of Sierra Leone,Africa,West Africa,Sierra Leone,national library,national,HTML,https://nationallibrary.gov.sl/,1900,2026,1830-1930; 1931-1970; 1971-2000; 2001-2026,books; newspapers; public communication,source-level metadata and source-link discovery,html_metadata_adapter,IMG00/IMG02 only after item-level source and rights review; no IMG01/IMG03 automatic upgrade,"source title, description, collection scope, catalog terms, and stable links",source-hosted review,item rights vary; source-level discovery only,P2,candidate,,71,B,"region=Africa; class=national library; protocol=HTML; internal triage only, not public authority or rights clearance","not present in existing source registry, global edge, contemporary scan, or v1 nonmainstream target URL/name keys"
NLCV30024,National Archives of Liberia,Africa,West Africa,Liberia,national archive,national,HTML,https://culturalheritage.gov.lr/,1900,2026,1830-1930; 1931-1970; 1971-2000; 2001-2026,archives; government print; documents,source-level metadata and source-link discovery,html_metadata_adapter,IMG00/IMG02 only after item-level source and rights review; no IMG01/IMG03 automatic upgrade,"source title, description, collection scope, catalog terms, and stable links",source-hosted review,item rights vary; source-level discovery only,P2,candidate,,73,B,"region=Africa; class=national archive; protocol=HTML; internal triage only, not public authority or rights clearance","not present in existing source registry, global edge, contemporary scan, or v1 nonmainstream target URL/name keys"
NLCV30025,Rwanda Archives and Library Services Authority,Africa,East Africa,Rwanda,national archive/library,national,HTML,https://ralsa.gov.rw/,1900,2026,1830-1930; 1931-1970; 1971-2000; 2001-2026,archives; books; public communication,source-level metadata and source-link discovery,html_metadata_adapter,IMG00/IMG02 only after item-level source and rights review; no IMG01/IMG03 automatic upgrade,"source title, description, collection scope, catalog terms, and stable links",source-hosted review,item rights vary; source-level discovery only,P1,candidate,,77,B,"region=Africa; class=national archive/library; protocol=HTML; internal triage only, not public authority or rights clearance","not present in existing source registry, global edge, contemporary scan, or v1 nonmainstream target URL/name keys"
NLCV30026,Rwanda Cultural Heritage Academy,Africa,East Africa,Rwanda,cultural heritage archive,national,HTML,https://www.rwandaheritage.gov.rw/,1900,2026,1830-1930; 1931-1970; 1971-2000; 2001-2026,heritage records; public communication; source registry,source-level metadata and source-link discovery,html_metadata_adapter,IMG00/IMG02 only after item-level source and rights review; no IMG01/IMG03 automatic upgrade,"source title, description, collection scope, catalog terms, and stable links",source-hosted review,item rights vary; source-level discovery only,P2,candidate,,73,B,"region=Africa; class=cultural heritage archive; protocol=HTML; internal triage only, not public authority or rights clearance","not present in existing source registry, global edge, contemporary scan, or v1 nonmainstream target URL/name keys"
NLCV30027,Eswatini National Archives,Africa,Southern Africa,Eswatini,national archive,national,HTML,https://www.gov.sz/,1900,2026,1830-1930; 1931-1970; 1971-2000; 2001-2026,archives; government print,source-level metadata and source-link discovery,manual_source_adapter,IMG00/IMG02 only after item-level source and rights review; no IMG01/IMG03 automatic upgrade,"source title, description, collection scope, catalog terms, and stable links",source-hosted review,item rights vary; source-level discovery only,P2,candidate,,73,B,"region=Africa; class=national archive; protocol=HTML; internal triage only, not public authority or rights clearance","not present in existing source registry, global edge, contemporary scan, or v1 nonmainstream target URL/name keys"
NLCV30028,Lesotho National Archives,Africa,Southern Africa,Lesotho,national archive,national,HTML,https://www.gov.ls/,1900,2026,1830-1930; 1931-1970; 1971-2000; 2001-2026,archives; government print,source-level metadata and source-link discovery,manual_source_adapter,IMG00/IMG02 only after item-level source and rights review; no IMG01/IMG03 automatic upgrade,"source title, description, collection scope, catalog terms, and stable links",source-hosted review,item rights vary; source-level discovery only,P2,candidate,,73,B,"region=Africa; class=national archive; protocol=HTML; internal triage only, not public authority or rights clearance","not present in existing source registry, global edge, contemporary scan, or v1 nonmainstream target URL/name keys"
NLCV30029,CeDInCI,Latin America / Caribbean,Southern Cone,Argentina,social history archive,research/nonprofit,HTML/catalog,http://cedinci.unsam.edu.ar/,1900,2026,1830-1930; 1931-1970; 1971-2000; 2001-2026,political posters; periodicals; ephemera; publications,source-level metadata and source-link discovery,html_metadata_adapter,IMG00/IMG02 only after item-level source and rights review; no IMG01/IMG03 automatic upgrade,"source title, description, collection scope, catalog terms, and stable links",community_or_cultural_review,item rights vary; source-level discovery only,P0,candidate,,91,A,"region=Latin America / Caribbean; class=social history archive; protocol=HTML/catalog; internal triage only, not public authority or rights clearance","not present in existing source registry, global edge, contemporary scan, or v1 nonmainstream target URL/name keys"
NLCV30030,Museo de Arte Moderno de Buenos Aires,Latin America / Caribbean,Southern Cone,Argentina,museum archive,museum,HTML,https://museomoderno.org/,1950,2026,1931-1970; 1971-2000; 2001-2026,exhibitions; design; visual culture; catalogues,source-level metadata and source-link discovery,html_metadata_adapter,IMG00/IMG02 only after item-level source and rights review; no IMG01/IMG03 automatic upgrade,"source title, description, collection scope, catalog terms, and stable links",source-hosted review,item rights vary; source-level discovery only,P2,candidate,,70,B,"region=Latin America / Caribbean; class=museum archive; protocol=HTML; internal triage only, not public authority or rights clearance","not present in existing source registry, global edge, contemporary scan, or v1 nonmainstream target URL/name keys"
NLCV30031,Archivo Nacional de Chile,Latin America / Caribbean,Southern Cone,Chile,national archive,national,HTML,https://www.archivonacional.gob.cl/,1830,2026,1830-1930; 1931-1970; 1971-2000; 2001-2026,archives; government print; photographs,source-level metadata and source-link discovery,html_metadata_adapter,IMG00/IMG02 only after item-level source and rights review; no IMG01/IMG03 automatic upgrade,"source title, description, collection scope, catalog terms, and stable links",source-hosted review,item rights vary; source-level discovery only,P1,candidate,,74,B,"region=Latin America / Caribbean; class=national archive; protocol=HTML; internal triage only, not public authority or rights clearance","not present in existing source registry, global edge, contemporary scan, or v1 nonmainstream target URL/name keys"
NLCV30032,Museo de la Memoria y los Derechos Humanos,Latin America / Caribbean,Southern Cone,Chile,memory museum archive,museum,HTML/catalog,https://web.museodelamemoria.cl/,1970,2026,1931-1970; 1971-2000; 2001-2026,posters; campaign graphics; documents; ephemera,source-level metadata and source-link discovery,html_metadata_adapter,IMG00/IMG02 only after item-level source and rights review; no IMG01/IMG03 automatic upgrade,"source title, description, collection scope, catalog terms, and stable links",community_or_cultural_review,item rights vary; source-level discovery only,P0,candidate,,91,A,"region=Latin America / Caribbean; class=memory museum archive; protocol=HTML/catalog; internal triage only, not public authority or rights clearance","not present in existing source registry, global edge, contemporary scan, or v1 nonmainstream target URL/name keys"
NLCV30033,Archivo General de la Nacion Uruguay,Latin America / Caribbean,Southern Cone,Uruguay,national archive,national,HTML,https://www.gub.uy/ministerio-educacion-cultura/archivo-general-nacion,1830,2026,1830-1930; 1931-1970; 1971-2000; 2001-2026,archives; photographs; government print,source-level metadata and source-link discovery,html_metadata_adapter,IMG00/IMG02 only after item-level source and rights review; no IMG01/IMG03 automatic upgrade,"source title, description, collection scope, catalog terms, and stable links",source-hosted review,item rights vary; source-level discovery only,P1,candidate,,74,B,"region=Latin America / Caribbean; class=national archive; protocol=HTML; internal triage only, not public authority or rights clearance","not present in existing source registry, global edge, contemporary scan, or v1 nonmainstream target URL/name keys"
NLCV30034,Biblioteca Nacional del Paraguay,Latin America / Caribbean,Southern Cone,Paraguay,national library,national,HTML,https://www.cultura.gov.py/,1830,2026,1830-1930; 1931-1970; 1971-2000; 2001-2026,books; newspapers; periodicals,source-level metadata and source-link discovery,manual_source_adapter,IMG00/IMG02 only after item-level source and rights review; no IMG01/IMG03 automatic upgrade,"source title, description, collection scope, catalog terms, and stable links",source-hosted review,item rights vary; source-level discovery only,P2,candidate,,68,B,"region=Latin America / Caribbean; class=national library; protocol=HTML; internal triage only, not public authority or rights clearance","not present in existing source registry, global edge, contemporary scan, or v1 nonmainstream target URL/name keys"
NLCV30035,Archivo Nacional de Asuncion,Latin America / Caribbean,Southern Cone,Paraguay,national archive,national,HTML,https://www.archivonacional.gov.py/,1830,2026,1830-1930; 1931-1970; 1971-2000; 2001-2026,archives; government print; newspapers,source-level metadata and source-link discovery,html_metadata_adapter,IMG00/IMG02 only after item-level source and rights review; no IMG01/IMG03 automatic upgrade,"source title, description, collection scope, catalog terms, and stable links",source-hosted review,item rights vary; source-level discovery only,P1,candidate,,82,A,"region=Latin America / Caribbean; class=national archive; protocol=HTML; internal triage only, not public authority or rights clearance","not present in existing source registry, global edge, contemporary scan, or v1 nonmainstream target URL/name keys"
NLCV30036,Repositorio Institucional BNP Peru,Latin America / Caribbean,Andean,Peru,national library repository,national,DSpace/HTML,https://repositorio.bnp.gob.pe/,1830,2026,1830-1930; 1931-1970; 1971-2000; 2001-2026,books; periodicals; digitized print,source-level metadata and source-link discovery,dspace_oai_or_rest_adapter,IMG00/IMG02 only after item-level source and rights review; no IMG01/IMG03 automatic upgrade,"source title, description, collection scope, catalog terms, and stable links",source-hosted review,item rights vary; source-level discovery only,P0,candidate,,76,B,"region=Latin America / Caribbean; class=national library repository; protocol=DSpace/HTML; internal triage only, not public authority or rights clearance","not present in existing source registry, global edge, contemporary scan, or v1 nonmainstream target URL/name keys"
NLCV30037,Archivo General de la Nacion Peru,Latin America / Caribbean,Andean,Peru,national archive,national,HTML,https://agn.gob.pe/,1830,2026,1830-1930; 1931-1970; 1971-2000; 2001-2026,archives; government print; photographs,source-level metadata and source-link discovery,html_metadata_adapter,IMG00/IMG02 only after item-level source and rights review; no IMG01/IMG03 automatic upgrade,"source title, description, collection scope, catalog terms, and stable links",source-hosted review,item rights vary; source-level discovery only,P1,candidate,,74,B,"region=Latin America / Caribbean; class=national archive; protocol=HTML; internal triage only, not public authority or rights clearance","not present in existing source registry, global edge, contemporary scan, or v1 nonmainstream target URL/name keys"
NLCV30038,Biblioteca Nacional de Colombia,Latin America / Caribbean,Andean,Colombia,national library,national,catalog/HTML,https://bibliotecanacional.gov.co/,1830,2026,1830-1930; 1931-1970; 1971-2000; 2001-2026,books; newspapers; periodicals; posters,source-level metadata and source-link discovery,bibliographic_adapter,IMG00/IMG02 only after item-level source and rights review; no IMG01/IMG03 automatic upgrade,"source title, description, collection scope, catalog terms, and stable links",source-hosted review,item rights vary; source-level discovery only,P1,candidate,,79,B,"region=Latin America / Caribbean; class=national library; protocol=catalog/HTML; internal triage only, not public authority or rights clearance","not present in existing source registry, global edge, contemporary scan, or v1 nonmainstream target URL/name keys"
NLCV30039,Biblioteca Digital de Bogota,Latin America / Caribbean,Andean,Colombia,city digital library,public,HTML/catalog,https://www.bibliotecadigitaldebogota.gov.co/,1830,2026,1830-1930; 1931-1970; 1971-2000; 2001-2026,posters; books; photographs; ephemera,source-level metadata and source-link discovery,html_metadata_adapter,IMG00/IMG02 only after item-level source and rights review; no IMG01/IMG03 automatic upgrade,"source title, description, collection scope, catalog terms, and stable links",source-hosted review,item rights vary; source-level discovery only,P0,candidate,,83,A,"region=Latin America / Caribbean; class=city digital library; protocol=HTML/catalog; internal triage only, not public authority or rights clearance","not present in existing source registry, global edge, contemporary scan, or v1 nonmainstream target URL/name keys"
NLCV30040,Senal Memoria Colombia,Latin America / Caribbean,Andean,Colombia,media archive,public,HTML,https://www.senalmemoria.co/,1950,2026,1931-1970; 1971-2000; 2001-2026,broadcast graphics; posters; public communication,source-level metadata and source-link discovery,html_metadata_adapter,IMG00/IMG02 only after item-level source and rights review; no IMG01/IMG03 automatic upgrade,"source title, description, collection scope, catalog terms, and stable links",source-hosted review,item rights vary; source-level discovery only,P1,candidate,,82,A,"region=Latin America / Caribbean; class=media archive; protocol=HTML; internal triage only, not public authority or rights clearance","not present in existing source registry, global edge, contemporary scan, or v1 nonmainstream target URL/name keys"
NLCV30041,Archivo General de la Nacion Colombia,Latin America / Caribbean,Andean,Colombia,national archive,national,HTML,https://www.archivogeneral.gov.co/,1830,2026,1830-1930; 1931-1970; 1971-2000; 2001-2026,archives; government print; photographs,source-level metadata and source-link discovery,html_metadata_adapter,IMG00/IMG02 only after item-level source and rights review; no IMG01/IMG03 automatic upgrade,"source title, description, collection scope, catalog terms, and stable links",source-hosted review,item rights vary; source-level discovery only,P1,candidate,,74,B,"region=Latin America / Caribbean; class=national archive; protocol=HTML; internal triage only, not public authority or rights clearance","not present in existing source registry, global edge, contemporary scan, or v1 nonmainstream target URL/name keys"
NLCV30042,Biblioteca Nacional del Ecuador,Latin America / Caribbean,Andean,Ecuador,national library,national,HTML/catalog,https://www.bibliotecanacional.gob.ec/,1830,2026,1830-1930; 1931-1970; 1971-2000; 2001-2026,books; newspapers; periodicals,source-level metadata and source-link discovery,bibliographic_adapter,IMG00/IMG02 only after item-level source and rights review; no IMG01/IMG03 automatic upgrade,"source title, description, collection scope, catalog terms, and stable links",source-hosted review,item rights vary; source-level discovery only,P1,candidate,,79,B,"region=Latin America / Caribbean; class=national library; protocol=HTML/catalog; internal triage only, not public authority or rights clearance","not present in existing source registry, global edge, contemporary scan, or v1 nonmainstream target URL/name keys"
NLCV30043,Archivo Nacional del Ecuador,Latin America / Caribbean,Andean,Ecuador,national archive,national,HTML,https://www.culturaypatrimonio.gob.ec/archivo-nacional-del-ecuador/,1830,2026,1830-1930; 1931-1970; 1971-2000; 2001-2026,archives; government print,source-level metadata and source-link discovery,html_metadata_adapter,IMG00/IMG02 only after item-level source and rights review; no IMG01/IMG03 automatic upgrade,"source title, description, collection scope, catalog terms, and stable links",source-hosted review,item rights vary; source-level discovery only,P2,candidate,,70,B,"region=Latin America / Caribbean; class=national archive; protocol=HTML; internal triage only, not public authority or rights clearance","not present in existing source registry, global edge, contemporary scan, or v1 nonmainstream target URL/name keys"
NLCV30044,Biblioteca y Archivo Historico de la Asamblea Legislativa Bolivia,Latin America / Caribbean,Andean,Bolivia,legislative archive,national,HTML,https://biblioteca.asambleanacional.gob.bo/,1830,2026,1830-1930; 1931-1970; 1971-2000; 2001-2026,documents; periodicals; government print,source-level metadata and source-link discovery,html_metadata_adapter,IMG00/IMG02 only after item-level source and rights review; no IMG01/IMG03 automatic upgrade,"source title, description, collection scope, catalog terms, and stable links",source-hosted review,item rights vary; source-level discovery only,P2,candidate,,78,B,"region=Latin America / Caribbean; class=legislative archive; protocol=HTML; internal triage only, not public authority or rights clearance","not present in existing source registry, global edge, contemporary scan, or v1 nonmainstream target URL/name keys"
NLCV30045,Biblioteca Nacional de Venezuela,Latin America / Caribbean,Caribbean / North South America,Venezuela,national library,national,HTML/catalog,http://www.bnv.gob.ve/,1830,2026,1830-1930; 1931-1970; 1971-2000; 2001-2026,books; periodicals; newspapers; posters,source-level metadata and source-link discovery,bibliographic_adapter,IMG00/IMG02 only after item-level source and rights review; no IMG01/IMG03 automatic upgrade,"source title, description, collection scope, catalog terms, and stable links",source-hosted review,item rights vary; source-level discovery only,P1,candidate,,79,B,"region=Latin America / Caribbean; class=national library; protocol=HTML/catalog; internal triage only, not public authority or rights clearance","not present in existing source registry, global edge, contemporary scan, or v1 nonmainstream target URL/name keys"
NLCV30046,Archivo General de la Nacion Venezuela,Latin America / Caribbean,Caribbean / North South America,Venezuela,national archive,national,HTML,http://www.agn.gob.ve/,1830,2026,1830-1930; 1931-1970; 1971-2000; 2001-2026,archives; government print; photographs,source-level metadata and source-link discovery,html_metadata_adapter,IMG00/IMG02 only after item-level source and rights review; no IMG01/IMG03 automatic upgrade,"source title, description, collection scope, catalog terms, and stable links",source-hosted review,item rights vary; source-level discovery only,P1,candidate,,74,B,"region=Latin America / Caribbean; class=national archive; protocol=HTML; internal triage only, not public authority or rights clearance","not present in existing source registry, global edge, contemporary scan, or v1 nonmainstream target URL/name keys"
NLCV30047,Biblioteca Nacional de Brasil,Latin America / Caribbean,Brazil,Brazil,national library,national,catalog/HTML,https://www.gov.br/bn/,1830,2026,1830-1930; 1931-1970; 1971-2000; 2001-2026,books; periodicals; posters; newspapers,source-level metadata and source-link discovery,bibliographic_adapter,IMG00/IMG02 only after item-level source and rights review; no IMG01/IMG03 automatic upgrade,"source title, description, collection scope, catalog terms, and stable links",source-hosted review,item rights vary; source-level discovery only,P1,candidate,,79,B,"region=Latin America / Caribbean; class=national library; protocol=catalog/HTML; internal triage only, not public authority or rights clearance","not present in existing source registry, global edge, contemporary scan, or v1 nonmainstream target URL/name keys"
NLCV30048,Itaú Cultural Enciclopedia,Latin America / Caribbean,Brazil,Brazil,arts encyclopedia/archive,institutional,HTML,https://enciclopedia.itaucultural.org.br/,1900,2026,1830-1930; 1931-1970; 1971-2000; 2001-2026,artists; design; visual culture; exhibitions,source-level metadata and source-link discovery,html_metadata_adapter,IMG00/IMG02 only after item-level source and rights review; no IMG01/IMG03 automatic upgrade,"source title, description, collection scope, catalog terms, and stable links",source-hosted review,item rights vary; source-level discovery only,P1,candidate,,74,B,"region=Latin America / Caribbean; class=arts encyclopedia/archive; protocol=HTML; internal triage only, not public authority or rights clearance","not present in existing source registry, global edge, contemporary scan, or v1 nonmainstream target URL/name keys"
NLCV30049,Mediateca INAH,Latin America / Caribbean,Mexico,Mexico,heritage media archive,national,HTML/catalog,https://mediateca.inah.gob.mx/,1830,2026,1830-1930; 1931-1970; 1971-2000; 2001-2026,photographs; posters; ephemera; visual culture,source-level metadata and source-link discovery,html_metadata_adapter,IMG00/IMG02 only after item-level source and rights review; no IMG01/IMG03 automatic upgrade,"source title, description, collection scope, catalog terms, and stable links",source-hosted review,item rights vary; source-level discovery only,P0,candidate,,93,A,"region=Latin America / Caribbean; class=heritage media archive; protocol=HTML/catalog; internal triage only, not public authority or rights clearance","not present in existing source registry, global edge, contemporary scan, or v1 nonmainstream target URL/name keys"
NLCV30050,Museo del Estanquillo,Latin America / Caribbean,Mexico,Mexico,popular culture museum,museum,HTML,https://www.museodelestanquillo.cdmx.gob.mx/,1900,2026,1830-1930; 1931-1970; 1971-2000; 2001-2026,popular prints; posters; caricature; ephemera,source-level metadata and source-link discovery,html_metadata_adapter,IMG00/IMG02 only after item-level source and rights review; no IMG01/IMG03 automatic upgrade,"source title, description, collection scope, catalog terms, and stable links",source-hosted review,item rights vary; source-level discovery only,P1,candidate,,72,B,"region=Latin America / Caribbean; class=popular culture museum; protocol=HTML; internal triage only, not public authority or rights clearance","not present in existing source registry, global edge, contemporary scan, or v1 nonmainstream target URL/name keys"
NLCV30051,Biblioteca Nacional de Guatemala,Latin America / Caribbean,Central America,Guatemala,national library,national,HTML,https://mcd.gob.gt/biblioteca-nacional/,1830,2026,1830-1930; 1931-1970; 1971-2000; 2001-2026,books; newspapers; public print,source-level metadata and source-link discovery,html_metadata_adapter,IMG00/IMG02 only after item-level source and rights review; no IMG01/IMG03 automatic upgrade,"source title, description, collection scope, catalog terms, and stable links",source-hosted review,item rights vary; source-level discovery only,P2,candidate,,68,B,"region=Latin America / Caribbean; class=national library; protocol=HTML; internal triage only, not public authority or rights clearance","not present in existing source registry, global edge, contemporary scan, or v1 nonmainstream target URL/name keys"
NLCV30052,Archivo General de Centro America,Latin America / Caribbean,Central America,Guatemala,regional archive,national,HTML,https://mcd.gob.gt/archivo-general-de-centro-america/,1830,2026,1830-1930; 1931-1970; 1971-2000; 2001-2026,archives; government print; newspapers,source-level metadata and source-link discovery,html_metadata_adapter,IMG00/IMG02 only after item-level source and rights review; no IMG01/IMG03 automatic upgrade,"source title, description, collection scope, catalog terms, and stable links",source-hosted review,item rights vary; source-level discovery only,P1,candidate,,82,A,"region=Latin America / Caribbean; class=regional archive; protocol=HTML; internal triage only, not public authority or rights clearance","not present in existing source registry, global edge, contemporary scan, or v1 nonmainstream target URL/name keys"
NLCV30053,Biblioteca Nacional Miguel Obregon Lizano,Latin America / Caribbean,Central America,Costa Rica,national library,national,HTML,https://www.sinabi.go.cr/,1830,2026,1830-1930; 1931-1970; 1971-2000; 2001-2026,books; periodicals; newspapers; posters,source-level metadata and source-link discovery,bibliographic_adapter,IMG00/IMG02 only after item-level source and rights review; no IMG01/IMG03 automatic upgrade,"source title, description, collection scope, catalog terms, and stable links",source-hosted review,item rights vary; source-level discovery only,P1,candidate,,72,B,"region=Latin America / Caribbean; class=national library; protocol=HTML; internal triage only, not public authority or rights clearance","not present in existing source registry, global edge, contemporary scan, or v1 nonmainstream target URL/name keys"
NLCV30054,Archivo Nacional de Costa Rica,Latin America / Caribbean,Central America,Costa Rica,national archive,national,HTML,https://www.archivonacional.go.cr/,1830,2026,1830-1930; 1931-1970; 1971-2000; 2001-2026,archives; photographs; government print,source-level metadata and source-link discovery,html_metadata_adapter,IMG00/IMG02 only after item-level source and rights review; no IMG01/IMG03 automatic upgrade,"source title, description, collection scope, catalog terms, and stable links",source-hosted review,item rights vary; source-level discovery only,P1,candidate,,74,B,"region=Latin America / Caribbean; class=national archive; protocol=HTML; internal triage only, not public authority or rights clearance","not present in existing source registry, global edge, contemporary scan, or v1 nonmainstream target URL/name keys"
NLCV30055,Biblioteca Nacional de Panama,Latin America / Caribbean,Central America,Panama,national library,national,HTML,https://www.binal.ac.pa/,1830,2026,1830-1930; 1931-1970; 1971-2000; 2001-2026,books; newspapers; periodicals,source-level metadata and source-link discovery,html_metadata_adapter,IMG00/IMG02 only after item-level source and rights review; no IMG01/IMG03 automatic upgrade,"source title, description, collection scope, catalog terms, and stable links",source-hosted review,item rights vary; source-level discovery only,P1,candidate,,72,B,"region=Latin America / Caribbean; class=national library; protocol=HTML; internal triage only, not public authority or rights clearance","not present in existing source registry, global edge, contemporary scan, or v1 nonmainstream target URL/name keys"
NLCV30056,Archivo Nacional de Panama,Latin America / Caribbean,Central America,Panama,national archive,national,HTML,https://www.archivonacional.gob.pa/,1830,2026,1830-1930; 1931-1970; 1971-2000; 2001-2026,archives; government print; photographs,source-level metadata and source-link discovery,html_metadata_adapter,IMG00/IMG02 only after item-level source and rights review; no IMG01/IMG03 automatic upgrade,"source title, description, collection scope, catalog terms, and stable links",source-hosted review,item rights vary; source-level discovery only,P1,candidate,,74,B,"region=Latin America / Caribbean; class=national archive; protocol=HTML; internal triage only, not public authority or rights clearance","not present in existing source registry, global edge, contemporary scan, or v1 nonmainstream target URL/name keys"
NLCV30057,Biblioteca Nacional de El Salvador,Latin America / Caribbean,Central America,El Salvador,national library,national,HTML,https://www.binaes.gob.sv/,1830,2026,1830-1930; 1931-1970; 1971-2000; 2001-2026,books; newspapers; posters; public communication,source-level metadata and source-link discovery,html_metadata_adapter,IMG00/IMG02 only after item-level source and rights review; no IMG01/IMG03 automatic upgrade,"source title, description, collection scope, catalog terms, and stable links",source-hosted review,item rights vary; source-level discovery only,P1,candidate,,72,B,"region=Latin America / Caribbean; class=national library; protocol=HTML; internal triage only, not public authority or rights clearance","not present in existing source registry, global edge, contemporary scan, or v1 nonmainstream target URL/name keys"
NLCV30058,Archivo General de la Nacion El Salvador,Latin America / Caribbean,Central America,El Salvador,national archive,national,HTML,https://www.cultura.gob.sv/,1830,2026,1830-1930; 1931-1970; 1971-2000; 2001-2026,archives; government print,source-level metadata and source-link discovery,manual_source_adapter,IMG00/IMG02 only after item-level source and rights review; no IMG01/IMG03 automatic upgrade,"source title, description, collection scope, catalog terms, and stable links",source-hosted review,item rights vary; source-level discovery only,P2,candidate,,70,B,"region=Latin America / Caribbean; class=national archive; protocol=HTML; internal triage only, not public authority or rights clearance","not present in existing source registry, global edge, contemporary scan, or v1 nonmainstream target URL/name keys"
NLCV30059,Biblioteca Nacional de Honduras,Latin America / Caribbean,Central America,Honduras,national library,national,HTML,https://www.ihah.hn/,1830,2026,1830-1930; 1931-1970; 1971-2000; 2001-2026,books; newspapers; public communication,source-level metadata and source-link discovery,manual_source_adapter,IMG00/IMG02 only after item-level source and rights review; no IMG01/IMG03 automatic upgrade,"source title, description, collection scope, catalog terms, and stable links",source-hosted review,item rights vary; source-level discovery only,P2,candidate,,68,B,"region=Latin America / Caribbean; class=national library; protocol=HTML; internal triage only, not public authority or rights clearance","not present in existing source registry, global edge, contemporary scan, or v1 nonmainstream target URL/name keys"
NLCV30060,Instituto de Historia de Nicaragua y Centroamerica,Latin America / Caribbean,Central America,Nicaragua,research archive,university,HTML,https://ihnca.edu.ni/,1900,2026,1830-1930; 1931-1970; 1971-2000; 2001-2026,posters; periodicals; social movement ephemera,source-level metadata and source-link discovery,html_metadata_adapter,IMG00/IMG02 only after item-level source and rights review; no IMG01/IMG03 automatic upgrade,"source title, description, collection scope, catalog terms, and stable links",community_or_cultural_review,item rights vary; source-level discovery only,P0,candidate,,84,A,"region=Latin America / Caribbean; class=research archive; protocol=HTML; internal triage only, not public authority or rights clearance","not present in existing source registry, global edge, contemporary scan, or v1 nonmainstream target URL/name keys"
NLCV30061,National Library of Jamaica,Latin America / Caribbean,Caribbean,Jamaica,national library,national,HTML/catalog,https://nlj.gov.jm/,1830,2026,1830-1930; 1931-1970; 1971-2000; 2001-2026,posters; newspapers; books; photographs,source-level metadata and source-link discovery,bibliographic_adapter,IMG00/IMG02 only after item-level source and rights review; no IMG01/IMG03 automatic upgrade,"source title, description, collection scope, catalog terms, and stable links",source-hosted review,item rights vary; source-level discovery only,P1,candidate,,79,B,"region=Latin America / Caribbean; class=national library; protocol=HTML/catalog; internal triage only, not public authority or rights clearance","not present in existing source registry, global edge, contemporary scan, or v1 nonmainstream target URL/name keys"
NLCV30062,Jamaica Archives and Records Department,Latin America / Caribbean,Caribbean,Jamaica,national archive,national,HTML,https://jard.gov.jm/,1830,2026,1830-1930; 1931-1970; 1971-2000; 2001-2026,archives; government print; photographs,source-level metadata and source-link discovery,html_metadata_adapter,IMG00/IMG02 only after item-level source and rights review; no IMG01/IMG03 automatic upgrade,"source title, description, collection scope, catalog terms, and stable links",source-hosted review,item rights vary; source-level discovery only,P1,candidate,,74,B,"region=Latin America / Caribbean; class=national archive; protocol=HTML; internal triage only, not public authority or rights clearance","not present in existing source registry, global edge, contemporary scan, or v1 nonmainstream target URL/name keys"
NLCV30063,National Archives of Trinidad and Tobago,Latin America / Caribbean,Caribbean,Trinidad and Tobago,national archive,national,HTML,https://natt.gov.tt/,1830,2026,1830-1930; 1931-1970; 1971-2000; 2001-2026,archives; newspapers; carnival graphics; public print,source-level metadata and source-link discovery,html_metadata_adapter,IMG00/IMG02 only after item-level source and rights review; no IMG01/IMG03 automatic upgrade,"source title, description, collection scope, catalog terms, and stable links",source-hosted review,item rights vary; source-level discovery only,P1,candidate,,82,A,"region=Latin America / Caribbean; class=national archive; protocol=HTML; internal triage only, not public authority or rights clearance","not present in existing source registry, global edge, contemporary scan, or v1 nonmainstream target URL/name keys"
NLCV30064,National Library of Trinidad and Tobago,Latin America / Caribbean,Caribbean,Trinidad and Tobago,national library,national,HTML/catalog,https://www.nalis.gov.tt/,1830,2026,1830-1930; 1931-1970; 1971-2000; 2001-2026,books; newspapers; posters; periodicals,source-level metadata and source-link discovery,bibliographic_adapter,IMG00/IMG02 only after item-level source and rights review; no IMG01/IMG03 automatic upgrade,"source title, description, collection scope, catalog terms, and stable links",source-hosted review,item rights vary; source-level discovery only,P1,candidate,,79,B,"region=Latin America / Caribbean; class=national library; protocol=HTML/catalog; internal triage only, not public authority or rights clearance","not present in existing source registry, global edge, contemporary scan, or v1 nonmainstream target URL/name keys"
NLCV30065,Bibliotheque Nationale d'Haiti,Latin America / Caribbean,Caribbean,Haiti,national library,national,HTML,https://bnhaiti.gouv.ht/,1830,2026,1830-1930; 1931-1970; 1971-2000; 2001-2026,books; newspapers; periodicals,source-level metadata and source-link discovery,html_metadata_adapter,IMG00/IMG02 only after item-level source and rights review; no IMG01/IMG03 automatic upgrade,"source title, description, collection scope, catalog terms, and stable links",source-hosted review,item rights vary; source-level discovery only,P2,candidate,,68,B,"region=Latin America / Caribbean; class=national library; protocol=HTML; internal triage only, not public authority or rights clearance","not present in existing source registry, global edge, contemporary scan, or v1 nonmainstream target URL/name keys"
NLCV30066,Archivo General de la Nacion Republica Dominicana,Latin America / Caribbean,Caribbean,Dominican Republic,national archive,national,HTML,https://agn.gob.do/,1830,2026,1830-1930; 1931-1970; 1971-2000; 2001-2026,archives; newspapers; photographs; government print,source-level metadata and source-link discovery,html_metadata_adapter,IMG00/IMG02 only after item-level source and rights review; no IMG01/IMG03 automatic upgrade,"source title, description, collection scope, catalog terms, and stable links",source-hosted review,item rights vary; source-level discovery only,P1,candidate,,82,A,"region=Latin America / Caribbean; class=national archive; protocol=HTML; internal triage only, not public authority or rights clearance","not present in existing source registry, global edge, contemporary scan, or v1 nonmainstream target URL/name keys"
NLCV30067,Biblioteca Nacional Pedro Henriquez Urena,Latin America / Caribbean,Caribbean,Dominican Republic,national library,national,HTML,https://bnphu.gob.do/,1830,2026,1830-1930; 1931-1970; 1971-2000; 2001-2026,books; periodicals; newspapers,source-level metadata and source-link discovery,html_metadata_adapter,IMG00/IMG02 only after item-level source and rights review; no IMG01/IMG03 automatic upgrade,"source title, description, collection scope, catalog terms, and stable links",source-hosted review,item rights vary; source-level discovery only,P1,candidate,,72,B,"region=Latin America / Caribbean; class=national library; protocol=HTML; internal triage only, not public authority or rights clearance","not present in existing source registry, global edge, contemporary scan, or v1 nonmainstream target URL/name keys"
NLCV30068,Biblioteca Nacional Jose Marti,Latin America / Caribbean,Caribbean,Cuba,national library,national,HTML,http://www.bnjm.cu/,1830,2026,1830-1930; 1931-1970; 1971-2000; 2001-2026,books; periodicals; posters; newspapers,source-level metadata and source-link discovery,bibliographic_adapter,IMG00/IMG02 only after item-level source and rights review; no IMG01/IMG03 automatic upgrade,"source title, description, collection scope, catalog terms, and stable links",source-hosted review,item rights vary; source-level discovery only,P1,candidate,,72,B,"region=Latin America / Caribbean; class=national library; protocol=HTML; internal triage only, not public authority or rights clearance","not present in existing source registry, global edge, contemporary scan, or v1 nonmainstream target URL/name keys"
NLCV30069,Archivo Nacional de Cuba,Latin America / Caribbean,Caribbean,Cuba,national archive,national,HTML,http://www.arnac.cu/,1830,2026,1830-1930; 1931-1970; 1971-2000; 2001-2026,archives; posters; government print; photographs,source-level metadata and source-link discovery,html_metadata_adapter,IMG00/IMG02 only after item-level source and rights review; no IMG01/IMG03 automatic upgrade,"source title, description, collection scope, catalog terms, and stable links",source-hosted review,item rights vary; source-level discovery only,P1,candidate,,82,A,"region=Latin America / Caribbean; class=national archive; protocol=HTML; internal triage only, not public authority or rights clearance","not present in existing source registry, global edge, contemporary scan, or v1 nonmainstream target URL/name keys"
NLCV30070,National Library of Israel Collections,MENA,Levant,Israel/Palestine,national library,national,catalog/IIIF/HTML,https://www.nli.org.il/en,1830,2026,1830-1930; 1931-1970; 1971-2000; 2001-2026,posters; newspapers; books; ephemera,source-level metadata and source-link discovery,bibliographic_or_iiif_adapter,IMG00/IMG02 only after item-level source and rights review; no IMG01/IMG03 automatic upgrade,"source title, description, collection scope, catalog terms, and stable links",source-hosted review,item rights vary; source-level discovery only,P1,candidate,,82,A,"region=MENA; class=national library; protocol=catalog/IIIF/HTML; internal triage only, not public authority or rights clearance","not present in existing source registry, global edge, contemporary scan, or v1 nonmainstream target URL/name keys"
NLCV30071,Iran Data Portal,MENA,Iran,Iran,research data archive,university,HTML/data,https://irandataportal.syr.edu/,1900,2026,1830-1930; 1931-1970; 1971-2000; 2001-2026,political documents; publications; public communication,source-level metadata and source-link discovery,html_metadata_adapter,IMG00/IMG02 only after item-level source and rights review; no IMG01/IMG03 automatic upgrade,"source title, description, collection scope, catalog terms, and stable links",source-hosted review,item rights vary; source-level discovery only,P2,candidate,,73,B,"region=MENA; class=research data archive; protocol=HTML/data; internal triage only, not public authority or rights clearance","not present in existing source registry, global edge, contemporary scan, or v1 nonmainstream target URL/name keys"
NLCV30072,Istanbul University Library Rare Works,MENA,Anatolia,Turkey,university digital library,university,catalog/HTML,https://katalog.istanbul.edu.tr/client/en_US/default,1830,2026,1830-1930; 1931-1970; 1971-2000; 2001-2026,books; manuscripts; Ottoman print; periodicals,source-level metadata and source-link discovery,bibliographic_adapter,IMG00/IMG02 only after item-level source and rights review; no IMG01/IMG03 automatic upgrade,"source title, description, collection scope, catalog terms, and stable links",source-hosted review,item rights vary; source-level discovery only,P1,candidate,,82,A,"region=MENA; class=university digital library; protocol=catalog/HTML; internal triage only, not public authority or rights clearance","not present in existing source registry, global edge, contemporary scan, or v1 nonmainstream target URL/name keys"
NLCV30073,Milli Kutuphane Turkey,MENA,Anatolia,Turkey,national library,national,catalog/HTML,https://www.mkutup.gov.tr/,1830,2026,1830-1930; 1931-1970; 1971-2000; 2001-2026,books; periodicals; posters; newspapers,source-level metadata and source-link discovery,bibliographic_adapter,IMG00/IMG02 only after item-level source and rights review; no IMG01/IMG03 automatic upgrade,"source title, description, collection scope, catalog terms, and stable links",source-hosted review,item rights vary; source-level discovery only,P1,candidate,,82,A,"region=MENA; class=national library; protocol=catalog/HTML; internal triage only, not public authority or rights clearance","not present in existing source registry, global edge, contemporary scan, or v1 nonmainstream target URL/name keys"
NLCV30074,Lebanese National Library,MENA,Levant,Lebanon,national library,national,HTML/catalog,http://www.bnl.gov.lb/,1830,2026,1830-1930; 1931-1970; 1971-2000; 2001-2026,books; newspapers; periodicals; posters,source-level metadata and source-link discovery,html_metadata_adapter,IMG00/IMG02 only after item-level source and rights review; no IMG01/IMG03 automatic upgrade,"source title, description, collection scope, catalog terms, and stable links",source-hosted review,item rights vary; source-level discovery only,P1,candidate,,82,A,"region=MENA; class=national library; protocol=HTML/catalog; internal triage only, not public authority or rights clearance","not present in existing source registry, global edge, contemporary scan, or v1 nonmainstream target URL/name keys"
NLCV30075,American University of Beirut Libraries,MENA,Levant,Lebanon,university library,university,catalog/HTML,https://www.aub.edu.lb/Libraries/,1830,2026,1830-1930; 1931-1970; 1971-2000; 2001-2026,archives; posters; periodicals; regional print,source-level metadata and source-link discovery,bibliographic_adapter,IMG00/IMG02 only after item-level source and rights review; no IMG01/IMG03 automatic upgrade,"source title, description, collection scope, catalog terms, and stable links",source-hosted review,item rights vary; source-level discovery only,P1,candidate,,82,A,"region=MENA; class=university library; protocol=catalog/HTML; internal triage only, not public authority or rights clearance","not present in existing source registry, global edge, contemporary scan, or v1 nonmainstream target URL/name keys"
NLCV30076,Moise A. Khayrallah Center Archive,MENA,Levant diaspora,Arab diaspora,diaspora archive,university,HTML,https://lebanesestudies.ncsu.edu/archives/,1900,2026,1830-1930; 1931-1970; 1971-2000; 2001-2026,ephemera; publications; community print; photographs,source-level metadata and source-link discovery,html_metadata_adapter,IMG00/IMG02 only after item-level source and rights review; no IMG01/IMG03 automatic upgrade,"source title, description, collection scope, catalog terms, and stable links",community_or_cultural_review,item rights vary; source-level discovery only,P1,candidate,,83,A,"region=MENA; class=diaspora archive; protocol=HTML; internal triage only, not public authority or rights clearance","not present in existing source registry, global edge, contemporary scan, or v1 nonmainstream target URL/name keys"
NLCV30077,Jordan National Library,MENA,Levant,Jordan,national library,national,HTML/catalog,https://www.nl.gov.jo/,1900,2026,1830-1930; 1931-1970; 1971-2000; 2001-2026,books; newspapers; public communication,source-level metadata and source-link discovery,bibliographic_adapter,IMG00/IMG02 only after item-level source and rights review; no IMG01/IMG03 automatic upgrade,"source title, description, collection scope, catalog terms, and stable links",source-hosted review,item rights vary; source-level discovery only,P1,candidate,,82,A,"region=MENA; class=national library; protocol=HTML/catalog; internal triage only, not public authority or rights clearance","not present in existing source registry, global edge, contemporary scan, or v1 nonmainstream target URL/name keys"
NLCV30078,Iraq National Library and Archive,MENA,Iraq,Iraq,national library/archive,national,HTML/catalog,https://www.iraqnla.gov.iq/,1900,2026,1830-1930; 1931-1970; 1971-2000; 2001-2026,books; newspapers; archival records; posters,source-level metadata and source-link discovery,html_metadata_adapter,IMG00/IMG02 only after item-level source and rights review; no IMG01/IMG03 automatic upgrade,"source title, description, collection scope, catalog terms, and stable links",source-hosted review,item rights vary; source-level discovery only,P1,candidate,,92,A,"region=MENA; class=national library/archive; protocol=HTML/catalog; internal triage only, not public authority or rights clearance","not present in existing source registry, global edge, contemporary scan, or v1 nonmainstream target URL/name keys"
NLCV30079,Kuwait National Library,MENA,Gulf,Kuwait,national library,national,HTML/catalog,https://nltk.gov.kw/,1900,2026,1830-1930; 1931-1970; 1971-2000; 2001-2026,books; newspapers; public communication,source-level metadata and source-link discovery,html_metadata_adapter,IMG00/IMG02 only after item-level source and rights review; no IMG01/IMG03 automatic upgrade,"source title, description, collection scope, catalog terms, and stable links",source-hosted review,item rights vary; source-level discovery only,P2,candidate,,78,B,"region=MENA; class=national library; protocol=HTML/catalog; internal triage only, not public authority or rights clearance","not present in existing source registry, global edge, contemporary scan, or v1 nonmainstream target URL/name keys"
NLCV30080,King Fahad National Library,MENA,Gulf,Saudi Arabia,national library,national,catalog/HTML,https://kfnl.gov.sa/,1900,2026,1830-1930; 1931-1970; 1971-2000; 2001-2026,books; newspapers; posters; public communication,source-level metadata and source-link discovery,bibliographic_adapter,IMG00/IMG02 only after item-level source and rights review; no IMG01/IMG03 automatic upgrade,"source title, description, collection scope, catalog terms, and stable links",source-hosted review,item rights vary; source-level discovery only,P1,candidate,,82,A,"region=MENA; class=national library; protocol=catalog/HTML; internal triage only, not public authority or rights clearance","not present in existing source registry, global edge, contemporary scan, or v1 nonmainstream target URL/name keys"
NLCV30081,UAE National Library and Archives,MENA,Gulf,United Arab Emirates,national archive/library,national,HTML,https://www.na.ae/,1900,2026,1830-1930; 1931-1970; 1971-2000; 2001-2026,archives; public communication; photographs,source-level metadata and source-link discovery,html_metadata_adapter,IMG00/IMG02 only after item-level source and rights review; no IMG01/IMG03 automatic upgrade,"source title, description, collection scope, catalog terms, and stable links",source-hosted review,item rights vary; source-level discovery only,P1,candidate,,77,B,"region=MENA; class=national archive/library; protocol=HTML; internal triage only, not public authority or rights clearance","not present in existing source registry, global edge, contemporary scan, or v1 nonmainstream target URL/name keys"
NLCV30082,Bahrain Authority for Culture and Antiquities,MENA,Gulf,Bahrain,heritage archive,national,HTML,https://culture.gov.bh/,1900,2026,1830-1930; 1931-1970; 1971-2000; 2001-2026,heritage publications; exhibition graphics; public culture,source-level metadata and source-link discovery,html_metadata_adapter,IMG00/IMG02 only after item-level source and rights review; no IMG01/IMG03 automatic upgrade,"source title, description, collection scope, catalog terms, and stable links",source-hosted review,item rights vary; source-level discovery only,P2,candidate,,73,B,"region=MENA; class=heritage archive; protocol=HTML; internal triage only, not public authority or rights clearance","not present in existing source registry, global edge, contemporary scan, or v1 nonmainstream target URL/name keys"
NLCV30083,Sultan Qaboos University Library,MENA,Gulf,Oman,university library,university,catalog/HTML,https://www.squ.edu.om/libraries/,1900,2026,1830-1930; 1931-1970; 1971-2000; 2001-2026,books; regional print; theses; public communication,source-level metadata and source-link discovery,bibliographic_adapter,IMG00/IMG02 only after item-level source and rights review; no IMG01/IMG03 automatic upgrade,"source title, description, collection scope, catalog terms, and stable links",source-hosted review,item rights vary; source-level discovery only,P2,candidate,,70,B,"region=MENA; class=university library; protocol=catalog/HTML; internal triage only, not public authority or rights clearance","not present in existing source registry, global edge, contemporary scan, or v1 nonmainstream target URL/name keys"
NLCV30084,Oman National Records and Archives Authority,MENA,Gulf,Oman,national archive,national,HTML,https://nraa.gov.om/,1900,2026,1830-1930; 1931-1970; 1971-2000; 2001-2026,archives; government print; exhibitions,source-level metadata and source-link discovery,html_metadata_adapter,IMG00/IMG02 only after item-level source and rights review; no IMG01/IMG03 automatic upgrade,"source title, description, collection scope, catalog terms, and stable links",source-hosted review,item rights vary; source-level discovery only,P1,candidate,,77,B,"region=MENA; class=national archive; protocol=HTML; internal triage only, not public authority or rights clearance","not present in existing source registry, global edge, contemporary scan, or v1 nonmainstream target URL/name keys"
NLCV30085,Yemen National Information Center,MENA,Arabian Peninsula,Yemen,government information archive,national,HTML,https://yemen-nic.info/,1900,2026,1830-1930; 1931-1970; 1971-2000; 2001-2026,public documents; cultural records; newspapers,source-level metadata and source-link discovery,html_metadata_adapter,IMG00/IMG02 only after item-level source and rights review; no IMG01/IMG03 automatic upgrade,"source title, description, collection scope, catalog terms, and stable links",source-hosted review,item rights vary; source-level discovery only,P2,candidate,,81,B,"region=MENA; class=government information archive; protocol=HTML; internal triage only, not public authority or rights clearance","not present in existing source registry, global edge, contemporary scan, or v1 nonmainstream target URL/name keys"
NLCV30086,Bibliotheca Alexandrina Memory of Modern Egypt,MENA,North Africa,Egypt,digital history archive,institutional,HTML/database,https://modernegypt.bibalex.org/,1830,2026,1830-1930; 1931-1970; 1971-2000; 2001-2026,posters; photographs; press; public graphics,source-level metadata and source-link discovery,html_metadata_adapter,IMG00/IMG02 only after item-level source and rights review; no IMG01/IMG03 automatic upgrade,"source title, description, collection scope, catalog terms, and stable links",source-hosted review,item rights vary; source-level discovery only,P0,candidate,,89,A,"region=MENA; class=digital history archive; protocol=HTML/database; internal triage only, not public authority or rights clearance","not present in existing source registry, global edge, contemporary scan, or v1 nonmainstream target URL/name keys"
NLCV30087,National Archives of India Abhilekh Patal,South Asia,India,India,national archive,national,HTML/database,https://www.abhilekh-patal.in/,1830,2026,1830-1930; 1931-1970; 1971-2000; 2001-2026,archives; government print; photographs; posters,source-level metadata and source-link discovery,html_metadata_adapter,IMG00/IMG02 only after item-level source and rights review; no IMG01/IMG03 automatic upgrade,"source title, description, collection scope, catalog terms, and stable links",source-hosted review,item rights vary; source-level discovery only,P1,candidate,,85,A,"region=South Asia; class=national archive; protocol=HTML/database; internal triage only, not public authority or rights clearance","not present in existing source registry, global edge, contemporary scan, or v1 nonmainstream target URL/name keys"
NLCV30088,CSCS Archive,South Asia,India,India,research archive,research,HTML,https://cscs.res.in/,1900,2026,1830-1930; 1931-1970; 1971-2000; 2001-2026,media culture; public communication; research records,source-level metadata and source-link discovery,html_metadata_adapter,IMG00/IMG02 only after item-level source and rights review; no IMG01/IMG03 automatic upgrade,"source title, description, collection scope, catalog terms, and stable links",source-hosted review,item rights vary; source-level discovery only,P2,candidate,,73,B,"region=South Asia; class=research archive; protocol=HTML; internal triage only, not public authority or rights clearance","not present in existing source registry, global edge, contemporary scan, or v1 nonmainstream target URL/name keys"
NLCV30089,Godrej Archives,South Asia,India,India,corporate/design archive,corporate archive,HTML,https://www.godrejarchives.com/,1900,2026,1830-1930; 1931-1970; 1971-2000; 2001-2026,advertising; packaging; identity; corporate print,source-level metadata and source-link discovery,html_metadata_adapter,IMG00/IMG02 only after item-level source and rights review; no IMG01/IMG03 automatic upgrade,"source title, description, collection scope, catalog terms, and stable links",source-hosted review,item rights vary; source-level discovery only,P0,candidate,,89,A,"region=South Asia; class=corporate/design archive; protocol=HTML; internal triage only, not public authority or rights clearance","not present in existing source registry, global edge, contemporary scan, or v1 nonmainstream target URL/name keys"
NLCV30090,Sarmaya Arts Foundation,South Asia,India,India,visual culture collection,nonprofit,HTML,https://sarmaya.in/,1830,2026,1830-1930; 1931-1970; 1971-2000; 2001-2026,popular prints; photographs; maps; visual culture,source-level metadata and source-link discovery,html_metadata_adapter,IMG00/IMG02 only after item-level source and rights review; no IMG01/IMG03 automatic upgrade,"source title, description, collection scope, catalog terms, and stable links",source-hosted review,item rights vary; source-level discovery only,P1,candidate,,77,B,"region=South Asia; class=visual culture collection; protocol=HTML; internal triage only, not public authority or rights clearance","not present in existing source registry, global edge, contemporary scan, or v1 nonmainstream target URL/name keys"
NLCV30091,National Library of Pakistan,South Asia,Pakistan,Pakistan,national library,national,HTML/catalog,https://nlp.gov.pk/,1900,2026,1830-1930; 1931-1970; 1971-2000; 2001-2026,books; periodicals; newspapers; posters,source-level metadata and source-link discovery,bibliographic_adapter,IMG00/IMG02 only after item-level source and rights review; no IMG01/IMG03 automatic upgrade,"source title, description, collection scope, catalog terms, and stable links",source-hosted review,item rights vary; source-level discovery only,P1,candidate,,82,A,"region=South Asia; class=national library; protocol=HTML/catalog; internal triage only, not public authority or rights clearance","not present in existing source registry, global edge, contemporary scan, or v1 nonmainstream target URL/name keys"
NLCV30092,Citizens Archive of Pakistan,South Asia,Pakistan,Pakistan,community archive,nonprofit,HTML,https://www.citizensarchive.org/,1947,2026,1931-1970; 1971-2000; 2001-2026,oral history; ephemera; photographs; public campaigns,source-level metadata and source-link discovery,html_metadata_adapter,IMG00/IMG02 only after item-level source and rights review; no IMG01/IMG03 automatic upgrade,"source title, description, collection scope, catalog terms, and stable links",community_or_cultural_review,item rights vary; source-level discovery only,P1,candidate,,83,A,"region=South Asia; class=community archive; protocol=HTML; internal triage only, not public authority or rights clearance","not present in existing source registry, global edge, contemporary scan, or v1 nonmainstream target URL/name keys"
NLCV30093,Lahore Museum,South Asia,Pakistan,Pakistan,museum archive,museum,HTML,https://lahoremuseum.punjab.gov.pk/,1830,2026,1830-1930; 1931-1970; 1971-2000; 2001-2026,posters; prints; photographs; exhibition records,source-level metadata and source-link discovery,html_metadata_adapter,IMG00/IMG02 only after item-level source and rights review; no IMG01/IMG03 automatic upgrade,"source title, description, collection scope, catalog terms, and stable links",source-hosted review,item rights vary; source-level discovery only,P2,candidate,,81,B,"region=South Asia; class=museum archive; protocol=HTML; internal triage only, not public authority or rights clearance","not present in existing source registry, global edge, contemporary scan, or v1 nonmainstream target URL/name keys"
NLCV30094,Liberation War Museum Bangladesh,South Asia,Bangladesh,Bangladesh,memory museum archive,museum,HTML,https://www.liberationwarmuseumbd.org/,1947,2026,1931-1970; 1971-2000; 2001-2026,posters; documents; photographs; campaign graphics,source-level metadata and source-link discovery,html_metadata_adapter,IMG00/IMG02 only after item-level source and rights review; no IMG01/IMG03 automatic upgrade,"source title, description, collection scope, catalog terms, and stable links",community_or_cultural_review,item rights vary; source-level discovery only,P1,candidate,,83,A,"region=South Asia; class=memory museum archive; protocol=HTML; internal triage only, not public authority or rights clearance","not present in existing source registry, global edge, contemporary scan, or v1 nonmainstream target URL/name keys"
NLCV30095,National Archives of Bangladesh,South Asia,Bangladesh,Bangladesh,national archive,national,HTML,https://www.nanl.gov.bd/site/page/0e8b48c5-59c2-4b5b-8f5a-3f8f5c4b5d2e,1900,2026,1830-1930; 1931-1970; 1971-2000; 2001-2026,archives; government print; newspapers,source-level metadata and source-link discovery,manual_source_adapter,IMG00/IMG02 only after item-level source and rights review; no IMG01/IMG03 automatic upgrade,"source title, description, collection scope, catalog terms, and stable links",source-hosted review,item rights vary; source-level discovery only,P2,candidate,,81,B,"region=South Asia; class=national archive; protocol=HTML; internal triage only, not public authority or rights clearance","not present in existing source registry, global edge, contemporary scan, or v1 nonmainstream target URL/name keys"
NLCV30096,Nepal Archives,South Asia,Nepal,Nepal,national archive,national,HTML,https://nationalarchives.gov.np/,1900,2026,1830-1930; 1931-1970; 1971-2000; 2001-2026,archives; government print; manuscripts,source-level metadata and source-link discovery,html_metadata_adapter,IMG00/IMG02 only after item-level source and rights review; no IMG01/IMG03 automatic upgrade,"source title, description, collection scope, catalog terms, and stable links",source-hosted review,item rights vary; source-level discovery only,P1,candidate,,77,B,"region=South Asia; class=national archive; protocol=HTML; internal triage only, not public authority or rights clearance","not present in existing source registry, global edge, contemporary scan, or v1 nonmainstream target URL/name keys"
NLCV30097,National Library of Bhutan,South Asia,Bhutan,Bhutan,national library,national,HTML,https://www.library.gov.bt/,1900,2026,1830-1930; 1931-1970; 1971-2000; 2001-2026,books; manuscripts; cultural print,source-level metadata and source-link discovery,html_metadata_adapter,IMG00/IMG02 only after item-level source and rights review; no IMG01/IMG03 automatic upgrade,"source title, description, collection scope, catalog terms, and stable links",community_or_cultural_review,item rights vary; source-level discovery only,P2,candidate,,61,C,"region=South Asia; class=national library; protocol=HTML; internal triage only, not public authority or rights clearance","not present in existing source registry, global edge, contemporary scan, or v1 nonmainstream target URL/name keys"
NLCV30098,National Library of Maldives,South Asia,Maldives,Maldives,national library,national,HTML,https://www.nlm.gov.mv/,1900,2026,1830-1930; 1931-1970; 1971-2000; 2001-2026,books; public communication; cultural publications,source-level metadata and source-link discovery,html_metadata_adapter,IMG00/IMG02 only after item-level source and rights review; no IMG01/IMG03 automatic upgrade,"source title, description, collection scope, catalog terms, and stable links",source-hosted review,item rights vary; source-level discovery only,P2,candidate,,63,C,"region=South Asia; class=national library; protocol=HTML; internal triage only, not public authority or rights clearance","not present in existing source registry, global edge, contemporary scan, or v1 nonmainstream target URL/name keys"
NLCV30099,National Library of Myanmar,Southeast Asia,Myanmar,Myanmar,national library,national,HTML,https://www.nlm.gov.mm/,1900,2026,1830-1930; 1931-1970; 1971-2000; 2001-2026,books; newspapers; periodicals,source-level metadata and source-link discovery,html_metadata_adapter,IMG00/IMG02 only after item-level source and rights review; no IMG01/IMG03 automatic upgrade,"source title, description, collection scope, catalog terms, and stable links",source-hosted review,item rights vary; source-level discovery only,P2,candidate,,71,B,"region=Southeast Asia; class=national library; protocol=HTML; internal triage only, not public authority or rights clearance","not present in existing source registry, global edge, contemporary scan, or v1 nonmainstream target URL/name keys"
NLCV30100,Myanmar Book Aid and Preservation Foundation,Southeast Asia,Myanmar,Myanmar,community/library archive,nonprofit,HTML,https://myanmarbookaid.org/,1900,2026,1830-1930; 1931-1970; 1971-2000; 2001-2026,books; library preservation; public communication,source-level metadata and source-link discovery,html_metadata_adapter,IMG00/IMG02 only after item-level source and rights review; no IMG01/IMG03 automatic upgrade,"source title, description, collection scope, catalog terms, and stable links",community_or_cultural_review,item rights vary; source-level discovery only,P2,candidate,,71,B,"region=Southeast Asia; class=community/library archive; protocol=HTML; internal triage only, not public authority or rights clearance","not present in existing source registry, global edge, contemporary scan, or v1 nonmainstream target URL/name keys"
NLCV30101,Princess Maha Chakri Sirindhorn Anthropology Centre Database,Southeast Asia,Thailand,Thailand,research database,research,HTML/database,https://www.sac.or.th/databases/,1900,2026,1830-1930; 1931-1970; 1971-2000; 2001-2026,visual culture; community archives; research records,source-level metadata and source-link discovery,html_metadata_adapter,IMG00/IMG02 only after item-level source and rights review; no IMG01/IMG03 automatic upgrade,"source title, description, collection scope, catalog terms, and stable links",community_or_cultural_review,item rights vary; source-level discovery only,P1,candidate,,65,C,"region=Southeast Asia; class=research database; protocol=HTML/database; internal triage only, not public authority or rights clearance","not present in existing source registry, global edge, contemporary scan, or v1 nonmainstream target URL/name keys"
NLCV30102,National Library of Vietnam Digital Library,Southeast Asia,Vietnam,Vietnam,national library digital portal,national,catalog/HTML,https://thuvienquocgia.vn/,1900,2026,1830-1930; 1931-1970; 1971-2000; 2001-2026,books; newspapers; periodicals; posters,source-level metadata and source-link discovery,bibliographic_adapter,IMG00/IMG02 only after item-level source and rights review; no IMG01/IMG03 automatic upgrade,"source title, description, collection scope, catalog terms, and stable links",source-hosted review,item rights vary; source-level discovery only,P1,candidate,,82,A,"region=Southeast Asia; class=national library digital portal; protocol=catalog/HTML; internal triage only, not public authority or rights clearance","not present in existing source registry, global edge, contemporary scan, or v1 nonmainstream target URL/name keys"
NLCV30103,Philippine Archives Collection,Southeast Asia,Philippines,Philippines,archive collection,public,HTML,https://www.archives.gov.ph/,1830,2026,1830-1930; 1931-1970; 1971-2000; 2001-2026,archives; government print; photographs; ephemera,source-level metadata and source-link discovery,html_metadata_adapter,IMG00/IMG02 only after item-level source and rights review; no IMG01/IMG03 automatic upgrade,"source title, description, collection scope, catalog terms, and stable links",source-hosted review,item rights vary; source-level discovery only,P1,candidate,,85,A,"region=Southeast Asia; class=archive collection; protocol=HTML; internal triage only, not public authority or rights clearance","not present in existing source registry, global edge, contemporary scan, or v1 nonmainstream target URL/name keys"
NLCV30104,National Library of Malaysia,Southeast Asia,Malaysia,Malaysia,national library,national,catalog/HTML,https://www.pnm.gov.my/,1900,2026,1830-1930; 1931-1970; 1971-2000; 2001-2026,books; periodicals; newspapers; posters,source-level metadata and source-link discovery,bibliographic_adapter,IMG00/IMG02 only after item-level source and rights review; no IMG01/IMG03 automatic upgrade,"source title, description, collection scope, catalog terms, and stable links",source-hosted review,item rights vary; source-level discovery only,P1,candidate,,82,A,"region=Southeast Asia; class=national library; protocol=catalog/HTML; internal triage only, not public authority or rights clearance","not present in existing source registry, global edge, contemporary scan, or v1 nonmainstream target URL/name keys"
NLCV30105,National Archives of Malaysia,Southeast Asia,Malaysia,Malaysia,national archive,national,HTML/catalog,https://www.arkib.gov.my/,1900,2026,1830-1930; 1931-1970; 1971-2000; 2001-2026,archives; posters; government print; photographs,source-level metadata and source-link discovery,html_metadata_adapter,IMG00/IMG02 only after item-level source and rights review; no IMG01/IMG03 automatic upgrade,"source title, description, collection scope, catalog terms, and stable links",source-hosted review,item rights vary; source-level discovery only,P1,candidate,,92,A,"region=Southeast Asia; class=national archive; protocol=HTML/catalog; internal triage only, not public authority or rights clearance","not present in existing source registry, global edge, contemporary scan, or v1 nonmainstream target URL/name keys"
NLCV30106,Singapore Memory Project,Southeast Asia,Singapore,Singapore,community memory archive,national/community,HTML,https://www.singaporememory.sg/,1900,2026,1830-1930; 1931-1970; 1971-2000; 2001-2026,ephemera; photographs; public communication; memory records,source-level metadata and source-link discovery,html_metadata_adapter,IMG00/IMG02 only after item-level source and rights review; no IMG01/IMG03 automatic upgrade,"source title, description, collection scope, catalog terms, and stable links",community_or_cultural_review,item rights vary; source-level discovery only,P1,candidate,,83,A,"region=Southeast Asia; class=community memory archive; protocol=HTML; internal triage only, not public authority or rights clearance","not present in existing source registry, global edge, contemporary scan, or v1 nonmainstream target URL/name keys"
NLCV30107,National Library of Laos,Southeast Asia,Laos,Laos,national library,national,HTML,https://www.nationallibraryoflaos.org/,1900,2026,1830-1930; 1931-1970; 1971-2000; 2001-2026,books; public communication; cultural records,source-level metadata and source-link discovery,html_metadata_adapter,IMG00/IMG02 only after item-level source and rights review; no IMG01/IMG03 automatic upgrade,"source title, description, collection scope, catalog terms, and stable links",source-hosted review,item rights vary; source-level discovery only,P2,candidate,,63,C,"region=Southeast Asia; class=national library; protocol=HTML; internal triage only, not public authority or rights clearance","not present in existing source registry, global edge, contemporary scan, or v1 nonmainstream target URL/name keys"
NLCV30108,National Library of Cambodia,Southeast Asia,Cambodia,Cambodia,national library,national,HTML,https://nlc.gov.kh/,1900,2026,1830-1930; 1931-1970; 1971-2000; 2001-2026,books; periodicals; newspapers; cultural print,source-level metadata and source-link discovery,html_metadata_adapter,IMG00/IMG02 only after item-level source and rights review; no IMG01/IMG03 automatic upgrade,"source title, description, collection scope, catalog terms, and stable links",source-hosted review,item rights vary; source-level discovery only,P1,candidate,,75,B,"region=Southeast Asia; class=national library; protocol=HTML; internal triage only, not public authority or rights clearance","not present in existing source registry, global edge, contemporary scan, or v1 nonmainstream target URL/name keys"
NLCV30109,National Library of Brunei Darussalam,Southeast Asia,Brunei,Brunei,national library,national,HTML/catalog,https://www.library.gov.bn/,1900,2026,1830-1930; 1931-1970; 1971-2000; 2001-2026,books; public communication; cultural publications,source-level metadata and source-link discovery,bibliographic_adapter,IMG00/IMG02 only after item-level source and rights review; no IMG01/IMG03 automatic upgrade,"source title, description, collection scope, catalog terms, and stable links",source-hosted review,item rights vary; source-level discovery only,P2,candidate,,70,B,"region=Southeast Asia; class=national library; protocol=HTML/catalog; internal triage only, not public authority or rights clearance","not present in existing source registry, global edge, contemporary scan, or v1 nonmainstream target URL/name keys"
NLCV30110,National Library of Timor-Leste,Southeast Asia,Timor-Leste,Timor-Leste,national library,national,HTML,https://www.mjcc.gov.tl/,1900,2026,1830-1930; 1931-1970; 1971-2000; 2001-2026,books; public communication; cultural records,source-level metadata and source-link discovery,manual_source_adapter,IMG00/IMG02 only after item-level source and rights review; no IMG01/IMG03 automatic upgrade,"source title, description, collection scope, catalog terms, and stable links",source-hosted review,item rights vary; source-level discovery only,P2,candidate,,63,C,"region=Southeast Asia; class=national library; protocol=HTML; internal triage only, not public authority or rights clearance","not present in existing source registry, global edge, contemporary scan, or v1 nonmainstream target URL/name keys"
NLCV30111,National Archives of Kazakhstan,Central Asia,Kazakhstan,Kazakhstan,national archive,national,HTML,https://archive.president.kz/,1900,2026,1830-1930; 1931-1970; 1971-2000; 2001-2026,archives; government print; photographs,source-level metadata and source-link discovery,html_metadata_adapter,IMG00/IMG02 only after item-level source and rights review; no IMG01/IMG03 automatic upgrade,"source title, description, collection scope, catalog terms, and stable links",source-hosted review,item rights vary; source-level discovery only,P1,candidate,,77,B,"region=Central Asia; class=national archive; protocol=HTML; internal triage only, not public authority or rights clearance","not present in existing source registry, global edge, contemporary scan, or v1 nonmainstream target URL/name keys"
NLCV30112,National Library of Uzbekistan,Central Asia,Uzbekistan,Uzbekistan,national library,national,catalog/HTML,https://www.natlib.uz/,1900,2026,1830-1930; 1931-1970; 1971-2000; 2001-2026,books; newspapers; posters; periodicals,source-level metadata and source-link discovery,bibliographic_adapter,IMG00/IMG02 only after item-level source and rights review; no IMG01/IMG03 automatic upgrade,"source title, description, collection scope, catalog terms, and stable links",source-hosted review,item rights vary; source-level discovery only,P1,candidate,,82,A,"region=Central Asia; class=national library; protocol=catalog/HTML; internal triage only, not public authority or rights clearance","not present in existing source registry, global edge, contemporary scan, or v1 nonmainstream target URL/name keys"
NLCV30113,National Archives of Uzbekistan,Central Asia,Uzbekistan,Uzbekistan,national archive,national,HTML,https://archive.uz/,1900,2026,1830-1930; 1931-1970; 1971-2000; 2001-2026,archives; government print; photographs,source-level metadata and source-link discovery,html_metadata_adapter,IMG00/IMG02 only after item-level source and rights review; no IMG01/IMG03 automatic upgrade,"source title, description, collection scope, catalog terms, and stable links",source-hosted review,item rights vary; source-level discovery only,P1,candidate,,77,B,"region=Central Asia; class=national archive; protocol=HTML; internal triage only, not public authority or rights clearance","not present in existing source registry, global edge, contemporary scan, or v1 nonmainstream target URL/name keys"
NLCV30114,National Library of Kyrgyzstan,Central Asia,Kyrgyzstan,Kyrgyzstan,national library,national,catalog/HTML,https://nlkr.gov.kg/,1900,2026,1830-1930; 1931-1970; 1971-2000; 2001-2026,books; newspapers; public print,source-level metadata and source-link discovery,bibliographic_adapter,IMG00/IMG02 only after item-level source and rights review; no IMG01/IMG03 automatic upgrade,"source title, description, collection scope, catalog terms, and stable links",source-hosted review,item rights vary; source-level discovery only,P1,candidate,,82,A,"region=Central Asia; class=national library; protocol=catalog/HTML; internal triage only, not public authority or rights clearance","not present in existing source registry, global edge, contemporary scan, or v1 nonmainstream target URL/name keys"
NLCV30115,National Library of Tajikistan,Central Asia,Tajikistan,Tajikistan,national library,national,HTML/catalog,https://kmt.tj/,1900,2026,1830-1930; 1931-1970; 1971-2000; 2001-2026,books; newspapers; public print,source-level metadata and source-link discovery,bibliographic_adapter,IMG00/IMG02 only after item-level source and rights review; no IMG01/IMG03 automatic upgrade,"source title, description, collection scope, catalog terms, and stable links",source-hosted review,item rights vary; source-level discovery only,P1,candidate,,82,A,"region=Central Asia; class=national library; protocol=HTML/catalog; internal triage only, not public authority or rights clearance","not present in existing source registry, global edge, contemporary scan, or v1 nonmainstream target URL/name keys"
NLCV30116,State Library of Turkmenistan,Central Asia,Turkmenistan,Turkmenistan,national library,national,HTML,https://www.science.gov.tm/,1900,2026,1830-1930; 1931-1970; 1971-2000; 2001-2026,books; public print; cultural publications,source-level metadata and source-link discovery,manual_source_adapter,IMG00/IMG02 only after item-level source and rights review; no IMG01/IMG03 automatic upgrade,"source title, description, collection scope, catalog terms, and stable links",source-hosted review,item rights vary; source-level discovery only,P2,candidate,,63,C,"region=Central Asia; class=national library; protocol=HTML; internal triage only, not public authority or rights clearance","not present in existing source registry, global edge, contemporary scan, or v1 nonmainstream target URL/name keys"
NLCV30117,National Archives of Armenia,Eastern Europe / Caucasus,Caucasus,Armenia,national archive,national,HTML,https://armarchives.am/,1830,2026,1830-1930; 1931-1970; 1971-2000; 2001-2026,archives; photographs; public print,source-level metadata and source-link discovery,html_metadata_adapter,IMG00/IMG02 only after item-level source and rights review; no IMG01/IMG03 automatic upgrade,"source title, description, collection scope, catalog terms, and stable links",source-hosted review,item rights vary; source-level discovery only,P1,candidate,,74,B,"region=Eastern Europe / Caucasus; class=national archive; protocol=HTML; internal triage only, not public authority or rights clearance","not present in existing source registry, global edge, contemporary scan, or v1 nonmainstream target URL/name keys"
NLCV30118,Digital Library Iverieli,Eastern Europe / Caucasus,Caucasus,Georgia,national digital library,national,HTML/catalog,https://dspace.nplg.gov.ge/,1830,2026,1830-1930; 1931-1970; 1971-2000; 2001-2026,books; posters; newspapers; photographs,source-level metadata and source-link discovery,dspace_oai_or_rest_adapter,IMG00/IMG02 only after item-level source and rights review; no IMG01/IMG03 automatic upgrade,"source title, description, collection scope, catalog terms, and stable links",source-hosted review,item rights vary; source-level discovery only,P0,candidate,,83,A,"region=Eastern Europe / Caucasus; class=national digital library; protocol=HTML/catalog; internal triage only, not public authority or rights clearance","not present in existing source registry, global edge, contemporary scan, or v1 nonmainstream target URL/name keys"
NLCV30119,Azerbaijan National Library,Eastern Europe / Caucasus,Caucasus,Azerbaijan,national library,national,catalog/HTML,https://anl.az/,1830,2026,1830-1930; 1931-1970; 1971-2000; 2001-2026,books; newspapers; posters; periodicals,source-level metadata and source-link discovery,bibliographic_adapter,IMG00/IMG02 only after item-level source and rights review; no IMG01/IMG03 automatic upgrade,"source title, description, collection scope, catalog terms, and stable links",source-hosted review,item rights vary; source-level discovery only,P1,candidate,,79,B,"region=Eastern Europe / Caucasus; class=national library; protocol=catalog/HTML; internal triage only, not public authority or rights clearance","not present in existing source registry, global edge, contemporary scan, or v1 nonmainstream target URL/name keys"
NLCV30120,National Library of Montenegro,Eastern Europe / Caucasus,Balkans,Montenegro,national library,national,catalog/HTML,https://www.nb-cg.me/,1830,2026,1830-1930; 1931-1970; 1971-2000; 2001-2026,books; newspapers; posters; periodicals,source-level metadata and source-link discovery,bibliographic_adapter,IMG00/IMG02 only after item-level source and rights review; no IMG01/IMG03 automatic upgrade,"source title, description, collection scope, catalog terms, and stable links",source-hosted review,item rights vary; source-level discovery only,P1,candidate,,79,B,"region=Eastern Europe / Caucasus; class=national library; protocol=catalog/HTML; internal triage only, not public authority or rights clearance","not present in existing source registry, global edge, contemporary scan, or v1 nonmainstream target URL/name keys"
NLCV30121,National and University Library Bosnia and Herzegovina,Eastern Europe / Caucasus,Balkans,Bosnia and Herzegovina,national library,national,catalog/HTML,https://www.nub.ba/,1830,2026,1830-1930; 1931-1970; 1971-2000; 2001-2026,books; newspapers; posters; periodicals,source-level metadata and source-link discovery,bibliographic_adapter,IMG00/IMG02 only after item-level source and rights review; no IMG01/IMG03 automatic upgrade,"source title, description, collection scope, catalog terms, and stable links",source-hosted review,item rights vary; source-level discovery only,P1,candidate,,79,B,"region=Eastern Europe / Caucasus; class=national library; protocol=catalog/HTML; internal triage only, not public authority or rights clearance","not present in existing source registry, global edge, contemporary scan, or v1 nonmainstream target URL/name keys"
NLCV30122,Macedonian Digital Library,Eastern Europe / Caucasus,Balkans,North Macedonia,national digital library,national,HTML/catalog,https://www.nubsk.edu.mk/,1830,2026,1830-1930; 1931-1970; 1971-2000; 2001-2026,books; periodicals; newspapers; posters,source-level metadata and source-link discovery,bibliographic_adapter,IMG00/IMG02 only after item-level source and rights review; no IMG01/IMG03 automatic upgrade,"source title, description, collection scope, catalog terms, and stable links",source-hosted review,item rights vary; source-level discovery only,P1,candidate,,79,B,"region=Eastern Europe / Caucasus; class=national digital library; protocol=HTML/catalog; internal triage only, not public authority or rights clearance","not present in existing source registry, global edge, contemporary scan, or v1 nonmainstream target URL/name keys"
NLCV30123,Romanian National Digital Library,Eastern Europe / Caucasus,Eastern Europe,Romania,national digital library,national,catalog/HTML,https://digitool.bibnat.ro/,1830,2026,1830-1930; 1931-1970; 1971-2000; 2001-2026,books; periodicals; posters; newspapers,source-level metadata and source-link discovery,bibliographic_adapter,IMG00/IMG02 only after item-level source and rights review; no IMG01/IMG03 automatic upgrade,"source title, description, collection scope, catalog terms, and stable links",source-hosted review,item rights vary; source-level discovery only,P1,candidate,,79,B,"region=Eastern Europe / Caucasus; class=national digital library; protocol=catalog/HTML; internal triage only, not public authority or rights clearance","not present in existing source registry, global edge, contemporary scan, or v1 nonmainstream target URL/name keys"
NLCV30124,Moldova National Library,Eastern Europe / Caucasus,Eastern Europe,Moldova,national library,national,catalog/HTML,https://www.bnrm.md/,1830,2026,1830-1930; 1931-1970; 1971-2000; 2001-2026,books; newspapers; posters; periodicals,source-level metadata and source-link discovery,bibliographic_adapter,IMG00/IMG02 only after item-level source and rights review; no IMG01/IMG03 automatic upgrade,"source title, description, collection scope, catalog terms, and stable links",source-hosted review,item rights vary; source-level discovery only,P1,candidate,,79,B,"region=Eastern Europe / Caucasus; class=national library; protocol=catalog/HTML; internal triage only, not public authority or rights clearance","not present in existing source registry, global edge, contemporary scan, or v1 nonmainstream target URL/name keys"
NLCV30125,Ukrainian Institute of National Memory Archive,Eastern Europe / Caucasus,Eastern Europe,Ukraine,memory archive,national,HTML,https://uinp.gov.ua/,1900,2026,1830-1930; 1931-1970; 1971-2000; 2001-2026,posters; documents; public history graphics,source-level metadata and source-link discovery,html_metadata_adapter,IMG00/IMG02 only after item-level source and rights review; no IMG01/IMG03 automatic upgrade,"source title, description, collection scope, catalog terms, and stable links",community_or_cultural_review,item rights vary; source-level discovery only,P1,candidate,,80,B,"region=Eastern Europe / Caucasus; class=memory archive; protocol=HTML; internal triage only, not public authority or rights clearance","not present in existing source registry, global edge, contemporary scan, or v1 nonmainstream target URL/name keys"
NLCV30126,Alexander Turnbull Library,Oceania / Indigenous,Aotearoa/New Zealand,New Zealand,national special collection,national,catalog/HTML,https://natlib.govt.nz/collections/a-z/alexander-turnbull-library,1830,2026,1830-1930; 1931-1970; 1971-2000; 2001-2026,posters; ephemera; books; photographs,source-level metadata and source-link discovery,bibliographic_adapter,IMG00/IMG02 only after item-level source and rights review; no IMG01/IMG03 automatic upgrade,"source title, description, collection scope, catalog terms, and stable links",community_or_cultural_review,item rights vary; source-level discovery only,P1,candidate,,77,B,"region=Oceania / Indigenous; class=national special collection; protocol=catalog/HTML; internal triage only, not public authority or rights clearance","not present in existing source registry, global edge, contemporary scan, or v1 nonmainstream target URL/name keys"
NLCV30127,State Library Victoria Collections,Oceania / Indigenous,Australia,Australia,state library,state,catalog/HTML,https://www.slv.vic.gov.au/search-discover,1830,2026,1830-1930; 1931-1970; 1971-2000; 2001-2026,posters; ephemera; newspapers; photographs,source-level metadata and source-link discovery,bibliographic_adapter,IMG00/IMG02 only after item-level source and rights review; no IMG01/IMG03 automatic upgrade,"source title, description, collection scope, catalog terms, and stable links",source-hosted review,item rights vary; source-level discovery only,P1,candidate,,79,B,"region=Oceania / Indigenous; class=state library; protocol=catalog/HTML; internal triage only, not public authority or rights clearance","not present in existing source registry, global edge, contemporary scan, or v1 nonmainstream target URL/name keys"
NLCV30128,PARADISEC,Oceania / Indigenous,Pacific,Pacific,cultural archive,university/consortium,HTML/catalog,https://www.paradisec.org.au/,1900,2026,1830-1930; 1931-1970; 1971-2000; 2001-2026,cultural records; documentation; visual context,source-level metadata and source-link discovery,html_metadata_adapter,IMG00/IMG02 only after item-level source and rights review; no IMG01/IMG03 automatic upgrade,"source title, description, collection scope, catalog terms, and stable links",community_or_cultural_review,item rights vary; source-level discovery only,P1,candidate,,79,B,"region=Oceania / Indigenous; class=cultural archive; protocol=HTML/catalog; internal triage only, not public authority or rights clearance","not present in existing source registry, global edge, contemporary scan, or v1 nonmainstream target URL/name keys"
NLCV30129,National Library of Fiji,Oceania / Indigenous,Pacific,Fiji,national library,national,HTML,https://www.library.gov.fj/,1900,2026,1830-1930; 1931-1970; 1971-2000; 2001-2026,books; public communication; cultural publications,source-level metadata and source-link discovery,html_metadata_adapter,IMG00/IMG02 only after item-level source and rights review; no IMG01/IMG03 automatic upgrade,"source title, description, collection scope, catalog terms, and stable links",community_or_cultural_review,item rights vary; source-level discovery only,P2,candidate,,58,C,"region=Oceania / Indigenous; class=national library; protocol=HTML; internal triage only, not public authority or rights clearance","not present in existing source registry, global edge, contemporary scan, or v1 nonmainstream target URL/name keys"
NLCV30130,National Archives of Fiji,Oceania / Indigenous,Pacific,Fiji,national archive,national,HTML,https://www.archives.gov.fj/,1900,2026,1830-1930; 1931-1970; 1971-2000; 2001-2026,archives; government print; photographs,source-level metadata and source-link discovery,html_metadata_adapter,IMG00/IMG02 only after item-level source and rights review; no IMG01/IMG03 automatic upgrade,"source title, description, collection scope, catalog terms, and stable links",community_or_cultural_review,item rights vary; source-level discovery only,P1,candidate,,72,B,"region=Oceania / Indigenous; class=national archive; protocol=HTML; internal triage only, not public authority or rights clearance","not present in existing source registry, global edge, contemporary scan, or v1 nonmainstream target URL/name keys"
NLCV30131,Archives Nationales du Burkina Faso,Africa,West Africa,Burkina Faso,national archive,national,HTML,https://archivesnationales.gov.bf/,1900,2026,1830-1930; 1931-1970; 1971-2000; 2001-2026,archives; government print; newspapers; public communication,source-level metadata and source-link discovery,html_metadata_adapter,IMG00/IMG02 only after item-level source and rights review; no IMG01/IMG03 automatic upgrade,"source title, description, collection scope, catalog terms, and stable links",source-hosted review,item rights vary; source-level discovery only,P1,candidate,,85,A,"region=Africa; class=national archive; protocol=HTML; internal triage only, not public authority or rights clearance","not present in existing source registry, global edge, contemporary scan, or v1 nonmainstream target URL/name keys"
NLCV30132,Bibliotheque Nationale du Burkina Faso,Africa,West Africa,Burkina Faso,national library,national,HTML,https://bibliothequenationale.gov.bf/,1900,2026,1830-1930; 1931-1970; 1971-2000; 2001-2026,books; periodicals; public print,source-level metadata and source-link discovery,html_metadata_adapter,IMG00/IMG02 only after item-level source and rights review; no IMG01/IMG03 automatic upgrade,"source title, description, collection scope, catalog terms, and stable links",source-hosted review,item rights vary; source-level discovery only,P2,candidate,,71,B,"region=Africa; class=national library; protocol=HTML; internal triage only, not public authority or rights clearance","not present in existing source registry, global edge, contemporary scan, or v1 nonmainstream target URL/name keys"
NLCV30133,Archives Nationales du Mali,Africa,West Africa,Mali,national archive,national,HTML,https://www.archivesdumali.gouv.ml/,1900,2026,1830-1930; 1931-1970; 1971-2000; 2001-2026,archives; newspapers; government print,source-level metadata and source-link discovery,html_metadata_adapter,IMG00/IMG02 only after item-level source and rights review; no IMG01/IMG03 automatic upgrade,"source title, description, collection scope, catalog terms, and stable links",source-hosted review,item rights vary; source-level discovery only,P1,candidate,,85,A,"region=Africa; class=national archive; protocol=HTML; internal triage only, not public authority or rights clearance","not present in existing source registry, global edge, contemporary scan, or v1 nonmainstream target URL/name keys"
NLCV30134,Bibliotheque Nationale du Mali,Africa,West Africa,Mali,national library,national,HTML,https://www.bn.gouv.ml/,1900,2026,1830-1930; 1931-1970; 1971-2000; 2001-2026,books; periodicals; cultural print,source-level metadata and source-link discovery,html_metadata_adapter,IMG00/IMG02 only after item-level source and rights review; no IMG01/IMG03 automatic upgrade,"source title, description, collection scope, catalog terms, and stable links",source-hosted review,item rights vary; source-level discovery only,P2,candidate,,71,B,"region=Africa; class=national library; protocol=HTML; internal triage only, not public authority or rights clearance","not present in existing source registry, global edge, contemporary scan, or v1 nonmainstream target URL/name keys"
NLCV30135,Archives Nationales du Benin,Africa,West Africa,Benin,national archive,national,HTML,https://archivesnationales.gouv.bj/,1900,2026,1830-1930; 1931-1970; 1971-2000; 2001-2026,archives; public communication; government print,source-level metadata and source-link discovery,html_metadata_adapter,IMG00/IMG02 only after item-level source and rights review; no IMG01/IMG03 automatic upgrade,"source title, description, collection scope, catalog terms, and stable links",source-hosted review,item rights vary; source-level discovery only,P1,candidate,,77,B,"region=Africa; class=national archive; protocol=HTML; internal triage only, not public authority or rights clearance","not present in existing source registry, global edge, contemporary scan, or v1 nonmainstream target URL/name keys"
NLCV30136,Bibliotheque Nationale du Benin,Africa,West Africa,Benin,national library,national,HTML,https://bibliothequenationale.bj/,1900,2026,1830-1930; 1931-1970; 1971-2000; 2001-2026,books; periodicals; newspapers,source-level metadata and source-link discovery,html_metadata_adapter,IMG00/IMG02 only after item-level source and rights review; no IMG01/IMG03 automatic upgrade,"source title, description, collection scope, catalog terms, and stable links",source-hosted review,item rights vary; source-level discovery only,P2,candidate,,71,B,"region=Africa; class=national library; protocol=HTML; internal triage only, not public authority or rights clearance","not present in existing source registry, global edge, contemporary scan, or v1 nonmainstream target URL/name keys"
NLCV30137,Archives Nationales du Togo,Africa,West Africa,Togo,national archive,national,HTML,https://archives.gouv.tg/,1900,2026,1830-1930; 1931-1970; 1971-2000; 2001-2026,archives; government print; public communication,source-level metadata and source-link discovery,html_metadata_adapter,IMG00/IMG02 only after item-level source and rights review; no IMG01/IMG03 automatic upgrade,"source title, description, collection scope, catalog terms, and stable links",source-hosted review,item rights vary; source-level discovery only,P1,candidate,,77,B,"region=Africa; class=national archive; protocol=HTML; internal triage only, not public authority or rights clearance","not present in existing source registry, global edge, contemporary scan, or v1 nonmainstream target URL/name keys"
NLCV30138,Bibliotheque Nationale du Togo,Africa,West Africa,Togo,national library,national,HTML,https://bibliothequenationale.gouv.tg/,1900,2026,1830-1930; 1931-1970; 1971-2000; 2001-2026,books; periodicals; public print,source-level metadata and source-link discovery,html_metadata_adapter,IMG00/IMG02 only after item-level source and rights review; no IMG01/IMG03 automatic upgrade,"source title, description, collection scope, catalog terms, and stable links",source-hosted review,item rights vary; source-level discovery only,P2,candidate,,71,B,"region=Africa; class=national library; protocol=HTML; internal triage only, not public authority or rights clearance","not present in existing source registry, global edge, contemporary scan, or v1 nonmainstream target URL/name keys"
NLCV30139,Archives Nationales du Niger,Africa,West Africa,Niger,national archive,national,HTML,https://www.archivesnationales.ne/,1900,2026,1830-1930; 1931-1970; 1971-2000; 2001-2026,archives; newspapers; government print,source-level metadata and source-link discovery,html_metadata_adapter,IMG00/IMG02 only after item-level source and rights review; no IMG01/IMG03 automatic upgrade,"source title, description, collection scope, catalog terms, and stable links",source-hosted review,item rights vary; source-level discovery only,P1,candidate,,85,A,"region=Africa; class=national archive; protocol=HTML; internal triage only, not public authority or rights clearance","not present in existing source registry, global edge, contemporary scan, or v1 nonmainstream target URL/name keys"
NLCV30140,Bibliotheque Nationale du Niger,Africa,West Africa,Niger,national library,national,HTML,https://www.bnn.ne/,1900,2026,1830-1930; 1931-1970; 1971-2000; 2001-2026,books; periodicals; public print,source-level metadata and source-link discovery,html_metadata_adapter,IMG00/IMG02 only after item-level source and rights review; no IMG01/IMG03 automatic upgrade,"source title, description, collection scope, catalog terms, and stable links",source-hosted review,item rights vary; source-level discovery only,P2,candidate,,71,B,"region=Africa; class=national library; protocol=HTML; internal triage only, not public authority or rights clearance","not present in existing source registry, global edge, contemporary scan, or v1 nonmainstream target URL/name keys"
NLCV30141,Archives Nationales du Cameroun,Africa,Central Africa,Cameroon,national archive,national,HTML,https://www.archivesnationales.cm/,1900,2026,1830-1930; 1931-1970; 1971-2000; 2001-2026,archives; newspapers; government print,source-level metadata and source-link discovery,html_metadata_adapter,IMG00/IMG02 only after item-level source and rights review; no IMG01/IMG03 automatic upgrade,"source title, description, collection scope, catalog terms, and stable links",source-hosted review,item rights vary; source-level discovery only,P1,candidate,,85,A,"region=Africa; class=national archive; protocol=HTML; internal triage only, not public authority or rights clearance","not present in existing source registry, global edge, contemporary scan, or v1 nonmainstream target URL/name keys"
NLCV30142,Bibliotheque Nationale du Cameroun,Africa,Central Africa,Cameroon,national library,national,HTML,https://www.bn.cm/,1900,2026,1830-1930; 1931-1970; 1971-2000; 2001-2026,books; periodicals; public print,source-level metadata and source-link discovery,html_metadata_adapter,IMG00/IMG02 only after item-level source and rights review; no IMG01/IMG03 automatic upgrade,"source title, description, collection scope, catalog terms, and stable links",source-hosted review,item rights vary; source-level discovery only,P2,candidate,,71,B,"region=Africa; class=national library; protocol=HTML; internal triage only, not public authority or rights clearance","not present in existing source registry, global edge, contemporary scan, or v1 nonmainstream target URL/name keys"
NLCV30143,Archives Nationales du Gabon,Africa,Central Africa,Gabon,national archive,national,HTML,https://archivesnationales.ga/,1900,2026,1830-1930; 1931-1970; 1971-2000; 2001-2026,archives; public communication; government print,source-level metadata and source-link discovery,html_metadata_adapter,IMG00/IMG02 only after item-level source and rights review; no IMG01/IMG03 automatic upgrade,"source title, description, collection scope, catalog terms, and stable links",source-hosted review,item rights vary; source-level discovery only,P1,candidate,,77,B,"region=Africa; class=national archive; protocol=HTML; internal triage only, not public authority or rights clearance","not present in existing source registry, global edge, contemporary scan, or v1 nonmainstream target URL/name keys"
NLCV30144,Archives Nationales du Congo,Africa,Central Africa,Republic of the Congo,national archive,national,HTML,https://archivesnationales.gouv.cg/,1900,2026,1830-1930; 1931-1970; 1971-2000; 2001-2026,archives; newspapers; government print,source-level metadata and source-link discovery,html_metadata_adapter,IMG00/IMG02 only after item-level source and rights review; no IMG01/IMG03 automatic upgrade,"source title, description, collection scope, catalog terms, and stable links",source-hosted review,item rights vary; source-level discovery only,P1,candidate,,85,A,"region=Africa; class=national archive; protocol=HTML; internal triage only, not public authority or rights clearance","not present in existing source registry, global edge, contemporary scan, or v1 nonmainstream target URL/name keys"
NLCV30145,Bibliotheque Nationale du Congo,Africa,Central Africa,Republic of the Congo,national library,national,HTML,https://bibliothequenationale.cg/,1900,2026,1830-1930; 1931-1970; 1971-2000; 2001-2026,books; newspapers; cultural publications,source-level metadata and source-link discovery,html_metadata_adapter,IMG00/IMG02 only after item-level source and rights review; no IMG01/IMG03 automatic upgrade,"source title, description, collection scope, catalog terms, and stable links",source-hosted review,item rights vary; source-level discovery only,P2,candidate,,71,B,"region=Africa; class=national library; protocol=HTML; internal triage only, not public authority or rights clearance","not present in existing source registry, global edge, contemporary scan, or v1 nonmainstream target URL/name keys"
NLCV30146,Bibliotheque Nationale de la RD Congo,Africa,Central Africa,Democratic Republic of the Congo,national library,national,HTML,https://bnrdc.cd/,1900,2026,1830-1930; 1931-1970; 1971-2000; 2001-2026,books; newspapers; public print,source-level metadata and source-link discovery,html_metadata_adapter,IMG00/IMG02 only after item-level source and rights review; no IMG01/IMG03 automatic upgrade,"source title, description, collection scope, catalog terms, and stable links",source-hosted review,item rights vary; source-level discovery only,P2,candidate,,71,B,"region=Africa; class=national library; protocol=HTML; internal triage only, not public authority or rights clearance","not present in existing source registry, global edge, contemporary scan, or v1 nonmainstream target URL/name keys"
NLCV30147,Archives Nationales d'Angola,Africa,Southern Africa,Angola,national archive,national,HTML,https://arquivonacional.gov.ao/,1900,2026,1830-1930; 1931-1970; 1971-2000; 2001-2026,archives; government print; newspapers,source-level metadata and source-link discovery,html_metadata_adapter,IMG00/IMG02 only after item-level source and rights review; no IMG01/IMG03 automatic upgrade,"source title, description, collection scope, catalog terms, and stable links",source-hosted review,item rights vary; source-level discovery only,P1,candidate,,85,A,"region=Africa; class=national archive; protocol=HTML; internal triage only, not public authority or rights clearance","not present in existing source registry, global edge, contemporary scan, or v1 nonmainstream target URL/name keys"
NLCV30148,Biblioteca Nacional de Angola,Africa,Southern Africa,Angola,national library,national,HTML,https://www.bibliotecanacional.ao/,1900,2026,1830-1930; 1931-1970; 1971-2000; 2001-2026,books; newspapers; posters; public print,source-level metadata and source-link discovery,html_metadata_adapter,IMG00/IMG02 only after item-level source and rights review; no IMG01/IMG03 automatic upgrade,"source title, description, collection scope, catalog terms, and stable links",source-hosted review,item rights vary; source-level discovery only,P1,candidate,,75,B,"region=Africa; class=national library; protocol=HTML; internal triage only, not public authority or rights clearance","not present in existing source registry, global edge, contemporary scan, or v1 nonmainstream target URL/name keys"
NLCV30149,Arquivo Historico de Mocambique,Africa,Southern Africa,Mozambique,national historical archive,national/university,HTML,https://www.ahm.uem.mz/,1900,2026,1830-1930; 1931-1970; 1971-2000; 2001-2026,archives; newspapers; public print; photographs,source-level metadata and source-link discovery,html_metadata_adapter,IMG00/IMG02 only after item-level source and rights review; no IMG01/IMG03 automatic upgrade,"source title, description, collection scope, catalog terms, and stable links",source-hosted review,item rights vary; source-level discovery only,P1,candidate,,85,A,"region=Africa; class=national historical archive; protocol=HTML; internal triage only, not public authority or rights clearance","not present in existing source registry, global edge, contemporary scan, or v1 nonmainstream target URL/name keys"
NLCV30150,Biblioteca Nacional de Mocambique,Africa,Southern Africa,Mozambique,national library,national,HTML,https://www.bnm.gov.mz/,1900,2026,1830-1930; 1931-1970; 1971-2000; 2001-2026,books; newspapers; cultural publications,source-level metadata and source-link discovery,html_metadata_adapter,IMG00/IMG02 only after item-level source and rights review; no IMG01/IMG03 automatic upgrade,"source title, description, collection scope, catalog terms, and stable links",source-hosted review,item rights vary; source-level discovery only,P2,candidate,,71,B,"region=Africa; class=national library; protocol=HTML; internal triage only, not public authority or rights clearance","not present in existing source registry, global edge, contemporary scan, or v1 nonmainstream target URL/name keys"
NLCV30151,National Archives of Madagascar,Africa,Indian Ocean,Madagascar,national archive,national,HTML,https://www.archivesnationales.gov.mg/,1900,2026,1830-1930; 1931-1970; 1971-2000; 2001-2026,archives; government print; photographs,source-level metadata and source-link discovery,html_metadata_adapter,IMG00/IMG02 only after item-level source and rights review; no IMG01/IMG03 automatic upgrade,"source title, description, collection scope, catalog terms, and stable links",source-hosted review,item rights vary; source-level discovery only,P1,candidate,,77,B,"region=Africa; class=national archive; protocol=HTML; internal triage only, not public authority or rights clearance","not present in existing source registry, global edge, contemporary scan, or v1 nonmainstream target URL/name keys"
NLCV30152,Bibliotheque Nationale de Madagascar,Africa,Indian Ocean,Madagascar,national library,national,HTML,https://www.bnmadagascar.mg/,1900,2026,1830-1930; 1931-1970; 1971-2000; 2001-2026,books; periodicals; newspapers; public print,source-level metadata and source-link discovery,html_metadata_adapter,IMG00/IMG02 only after item-level source and rights review; no IMG01/IMG03 automatic upgrade,"source title, description, collection scope, catalog terms, and stable links",source-hosted review,item rights vary; source-level discovery only,P2,candidate,,71,B,"region=Africa; class=national library; protocol=HTML; internal triage only, not public authority or rights clearance","not present in existing source registry, global edge, contemporary scan, or v1 nonmainstream target URL/name keys"
NLCV30153,National Archives of Mauritius,Africa,Indian Ocean,Mauritius,national archive,national,HTML,https://nationalarchives.govmu.org/,1830,2026,1830-1930; 1931-1970; 1971-2000; 2001-2026,archives; newspapers; government print; photographs,source-level metadata and source-link discovery,html_metadata_adapter,IMG00/IMG02 only after item-level source and rights review; no IMG01/IMG03 automatic upgrade,"source title, description, collection scope, catalog terms, and stable links",source-hosted review,item rights vary; source-level discovery only,P1,candidate,,85,A,"region=Africa; class=national archive; protocol=HTML; internal triage only, not public authority or rights clearance","not present in existing source registry, global edge, contemporary scan, or v1 nonmainstream target URL/name keys"
NLCV30154,National Library of Mauritius,Africa,Indian Ocean,Mauritius,national library,national,HTML/catalog,https://nationallibrary.govmu.org/,1830,2026,1830-1930; 1931-1970; 1971-2000; 2001-2026,books; newspapers; periodicals; posters,source-level metadata and source-link discovery,bibliographic_adapter,IMG00/IMG02 only after item-level source and rights review; no IMG01/IMG03 automatic upgrade,"source title, description, collection scope, catalog terms, and stable links",source-hosted review,item rights vary; source-level discovery only,P1,candidate,,82,A,"region=Africa; class=national library; protocol=HTML/catalog; internal triage only, not public authority or rights clearance","not present in existing source registry, global edge, contemporary scan, or v1 nonmainstream target URL/name keys"
NLCV30155,Seychelles National Archives,Africa,Indian Ocean,Seychelles,national archive,national,HTML,https://www.sna.gov.sc/,1900,2026,1830-1930; 1931-1970; 1971-2000; 2001-2026,archives; photographs; government print,source-level metadata and source-link discovery,html_metadata_adapter,IMG00/IMG02 only after item-level source and rights review; no IMG01/IMG03 automatic upgrade,"source title, description, collection scope, catalog terms, and stable links",source-hosted review,item rights vary; source-level discovery only,P1,candidate,,77,B,"region=Africa; class=national archive; protocol=HTML; internal triage only, not public authority or rights clearance","not present in existing source registry, global edge, contemporary scan, or v1 nonmainstream target URL/name keys"
NLCV30156,Seychelles National Library,Africa,Indian Ocean,Seychelles,national library,national,HTML,https://www.snls.sc/,1900,2026,1830-1930; 1931-1970; 1971-2000; 2001-2026,books; newspapers; cultural publications,source-level metadata and source-link discovery,html_metadata_adapter,IMG00/IMG02 only after item-level source and rights review; no IMG01/IMG03 automatic upgrade,"source title, description, collection scope, catalog terms, and stable links",source-hosted review,item rights vary; source-level discovery only,P2,candidate,,71,B,"region=Africa; class=national library; protocol=HTML; internal triage only, not public authority or rights clearance","not present in existing source registry, global edge, contemporary scan, or v1 nonmainstream target URL/name keys"
NLCV30157,National Library of Cape Verde,Africa,Atlantic Africa,Cape Verde,national library,national,HTML,https://www.bn.cv/,1900,2026,1830-1930; 1931-1970; 1971-2000; 2001-2026,books; newspapers; public print,source-level metadata and source-link discovery,html_metadata_adapter,IMG00/IMG02 only after item-level source and rights review; no IMG01/IMG03 automatic upgrade,"source title, description, collection scope, catalog terms, and stable links",source-hosted review,item rights vary; source-level discovery only,P2,candidate,,71,B,"region=Africa; class=national library; protocol=HTML; internal triage only, not public authority or rights clearance","not present in existing source registry, global edge, contemporary scan, or v1 nonmainstream target URL/name keys"
NLCV30158,Arquivo Nacional de Cabo Verde,Africa,Atlantic Africa,Cape Verde,national archive,national,HTML,https://www.arquivonacional.cv/,1900,2026,1830-1930; 1931-1970; 1971-2000; 2001-2026,archives; government print; photographs,source-level metadata and source-link discovery,html_metadata_adapter,IMG00/IMG02 only after item-level source and rights review; no IMG01/IMG03 automatic upgrade,"source title, description, collection scope, catalog terms, and stable links",source-hosted review,item rights vary; source-level discovery only,P1,candidate,,77,B,"region=Africa; class=national archive; protocol=HTML; internal triage only, not public authority or rights clearance","not present in existing source registry, global edge, contemporary scan, or v1 nonmainstream target URL/name keys"
NLCV30159,Arquivo Historico Nacional da Guine-Bissau,Africa,West Africa,Guinea-Bissau,national archive,national,HTML,https://www.ahngb.org/,1900,2026,1830-1930; 1931-1970; 1971-2000; 2001-2026,archives; government print; newspapers,source-level metadata and source-link discovery,html_metadata_adapter,IMG00/IMG02 only after item-level source and rights review; no IMG01/IMG03 automatic upgrade,"source title, description, collection scope, catalog terms, and stable links",source-hosted review,item rights vary; source-level discovery only,P1,candidate,,85,A,"region=Africa; class=national archive; protocol=HTML; internal triage only, not public authority or rights clearance","not present in existing source registry, global edge, contemporary scan, or v1 nonmainstream target URL/name keys"
NLCV30160,Biblioteca Nacional da Guine-Bissau,Africa,West Africa,Guinea-Bissau,national library,national,HTML,https://www.bn-gb.org/,1900,2026,1830-1930; 1931-1970; 1971-2000; 2001-2026,books; newspapers; cultural print,source-level metadata and source-link discovery,html_metadata_adapter,IMG00/IMG02 only after item-level source and rights review; no IMG01/IMG03 automatic upgrade,"source title, description, collection scope, catalog terms, and stable links",source-hosted review,item rights vary; source-level discovery only,P2,candidate,,71,B,"region=Africa; class=national library; protocol=HTML; internal triage only, not public authority or rights clearance","not present in existing source registry, global edge, contemporary scan, or v1 nonmainstream target URL/name keys"
NLCV30161,Instituto Moreira Salles Acervos,Latin America / Caribbean,Brazil,Brazil,visual culture archive,nonprofit,HTML/catalog,https://ims.com.br/acervos/,1830,2026,1830-1930; 1931-1970; 1971-2000; 2001-2026,photographs; posters; magazines; graphic culture,source-level metadata and source-link discovery,html_metadata_adapter,IMG00/IMG02 only after item-level source and rights review; no IMG01/IMG03 automatic upgrade,"source title, description, collection scope, catalog terms, and stable links",source-hosted review,item rights vary; source-level discovery only,P1,candidate,,89,A,"region=Latin America / Caribbean; class=visual culture archive; protocol=HTML/catalog; internal triage only, not public authority or rights clearance","not present in existing source registry, global edge, contemporary scan, or v1 nonmainstream target URL/name keys"
NLCV30162,Casa de Rui Barbosa Acervo,Latin America / Caribbean,Brazil,Brazil,research archive,national,HTML/catalog,https://www.gov.br/casaruibarbosa/,1830,2026,1830-1930; 1931-1970; 1971-2000; 2001-2026,books; periodicals; archives; public print,source-level metadata and source-link discovery,html_metadata_adapter,IMG00/IMG02 only after item-level source and rights review; no IMG01/IMG03 automatic upgrade,"source title, description, collection scope, catalog terms, and stable links",source-hosted review,item rights vary; source-level discovery only,P1,candidate,,89,A,"region=Latin America / Caribbean; class=research archive; protocol=HTML/catalog; internal triage only, not public authority or rights clearance","not present in existing source registry, global edge, contemporary scan, or v1 nonmainstream target URL/name keys"
NLCV30163,Museu da Imagem e do Som Sao Paulo,Latin America / Caribbean,Brazil,Brazil,media archive,museum,HTML,https://mis-sp.org.br/,1900,2026,1830-1930; 1931-1970; 1971-2000; 2001-2026,posters; media graphics; exhibition records,source-level metadata and source-link discovery,html_metadata_adapter,IMG00/IMG02 only after item-level source and rights review; no IMG01/IMG03 automatic upgrade,"source title, description, collection scope, catalog terms, and stable links",source-hosted review,item rights vary; source-level discovery only,P1,candidate,,82,A,"region=Latin America / Caribbean; class=media archive; protocol=HTML; internal triage only, not public authority or rights clearance","not present in existing source registry, global edge, contemporary scan, or v1 nonmainstream target URL/name keys"
NLCV30164,Centro de Documentacao e Pesquisa Vergueiro,Latin America / Caribbean,Brazil,Brazil,social movement archive,nonprofit,HTML,https://cedem.unesp.br/,1900,2026,1830-1930; 1931-1970; 1971-2000; 2001-2026,posters; pamphlets; periodicals; movement graphics,source-level metadata and source-link discovery,html_metadata_adapter,IMG00/IMG02 only after item-level source and rights review; no IMG01/IMG03 automatic upgrade,"source title, description, collection scope, catalog terms, and stable links",community_or_cultural_review,item rights vary; source-level discovery only,P0,candidate,,84,A,"region=Latin America / Caribbean; class=social movement archive; protocol=HTML; internal triage only, not public authority or rights clearance","not present in existing source registry, global edge, contemporary scan, or v1 nonmainstream target URL/name keys"
NLCV30165,Museo de Arte Contemporaneo de Monterrey MARCO,Latin America / Caribbean,Mexico,Mexico,museum archive,museum,HTML,https://www.marco.org.mx/,1990,2026,1971-2000; 2001-2026,exhibition graphics; catalogues; visual culture,source-level metadata and source-link discovery,html_metadata_adapter,IMG00/IMG02 only after item-level source and rights review; no IMG01/IMG03 automatic upgrade,"source title, description, collection scope, catalog terms, and stable links",source-hosted review,item rights vary; source-level discovery only,P2,candidate,,70,B,"region=Latin America / Caribbean; class=museum archive; protocol=HTML; internal triage only, not public authority or rights clearance","not present in existing source registry, global edge, contemporary scan, or v1 nonmainstream target URL/name keys"
NLCV30166,Centro de la Imagen Mexico,Latin America / Caribbean,Mexico,Mexico,visual culture archive,public,HTML,https://centrodelaimagen.cultura.gob.mx/,1990,2026,1971-2000; 2001-2026,photography; exhibition posters; visual culture,source-level metadata and source-link discovery,html_metadata_adapter,IMG00/IMG02 only after item-level source and rights review; no IMG01/IMG03 automatic upgrade,"source title, description, collection scope, catalog terms, and stable links",source-hosted review,item rights vary; source-level discovery only,P1,candidate,,82,A,"region=Latin America / Caribbean; class=visual culture archive; protocol=HTML; internal triage only, not public authority or rights clearance","not present in existing source registry, global edge, contemporary scan, or v1 nonmainstream target URL/name keys"
NLCV30167,Archivo Historico de la UNAM,Latin America / Caribbean,Mexico,Mexico,university archive,university,HTML,https://www.ahunam.unam.mx/,1900,2026,1830-1930; 1931-1970; 1971-2000; 2001-2026,posters; student publications; archives; public print,source-level metadata and source-link discovery,html_metadata_adapter,IMG00/IMG02 only after item-level source and rights review; no IMG01/IMG03 automatic upgrade,"source title, description, collection scope, catalog terms, and stable links",source-hosted review,item rights vary; source-level discovery only,P1,candidate,,82,A,"region=Latin America / Caribbean; class=university archive; protocol=HTML; internal triage only, not public authority or rights clearance","not present in existing source registry, global edge, contemporary scan, or v1 nonmainstream target URL/name keys"
NLCV30168,Museo Universitario Arte Contemporaneo MUAC,Latin America / Caribbean,Mexico,Mexico,museum archive,university museum,HTML,https://muac.unam.mx/,1950,2026,1931-1970; 1971-2000; 2001-2026,exhibition graphics; design; visual culture,source-level metadata and source-link discovery,html_metadata_adapter,IMG00/IMG02 only after item-level source and rights review; no IMG01/IMG03 automatic upgrade,"source title, description, collection scope, catalog terms, and stable links",source-hosted review,item rights vary; source-level discovery only,P2,candidate,,70,B,"region=Latin America / Caribbean; class=museum archive; protocol=HTML; internal triage only, not public authority or rights clearance","not present in existing source registry, global edge, contemporary scan, or v1 nonmainstream target URL/name keys"
NLCV30169,Biblioteca Nacional de Puerto Rico,Latin America / Caribbean,Caribbean,Puerto Rico,national library,national,HTML/catalog,https://www.icp.pr.gov/biblioteca-nacional,1830,2026,1830-1930; 1931-1970; 1971-2000; 2001-2026,books; newspapers; posters; periodicals,source-level metadata and source-link discovery,bibliographic_adapter,IMG00/IMG02 only after item-level source and rights review; no IMG01/IMG03 automatic upgrade,"source title, description, collection scope, catalog terms, and stable links",source-hosted review,item rights vary; source-level discovery only,P1,candidate,,79,B,"region=Latin America / Caribbean; class=national library; protocol=HTML/catalog; internal triage only, not public authority or rights clearance","not present in existing source registry, global edge, contemporary scan, or v1 nonmainstream target URL/name keys"
NLCV30170,Archivo General de Puerto Rico,Latin America / Caribbean,Caribbean,Puerto Rico,national archive,national,HTML,https://www.icp.pr.gov/archivo-general,1830,2026,1830-1930; 1931-1970; 1971-2000; 2001-2026,archives; posters; photographs; public print,source-level metadata and source-link discovery,html_metadata_adapter,IMG00/IMG02 only after item-level source and rights review; no IMG01/IMG03 automatic upgrade,"source title, description, collection scope, catalog terms, and stable links",source-hosted review,item rights vary; source-level discovery only,P1,candidate,,82,A,"region=Latin America / Caribbean; class=national archive; protocol=HTML; internal triage only, not public authority or rights clearance","not present in existing source registry, global edge, contemporary scan, or v1 nonmainstream target URL/name keys"
NLCV30171,University of Puerto Rico Digital Collections,Latin America / Caribbean,Caribbean,Puerto Rico,university digital collections,university,HTML/repository,https://bibliotecadigital.upr.edu/,1830,2026,1830-1930; 1931-1970; 1971-2000; 2001-2026,books; newspapers; photographs; posters,source-level metadata and source-link discovery,html_metadata_adapter,IMG00/IMG02 only after item-level source and rights review; no IMG01/IMG03 automatic upgrade,"source title, description, collection scope, catalog terms, and stable links",source-hosted review,item rights vary; source-level discovery only,P1,candidate,,72,B,"region=Latin America / Caribbean; class=university digital collections; protocol=HTML/repository; internal triage only, not public authority or rights clearance","not present in existing source registry, global edge, contemporary scan, or v1 nonmainstream target URL/name keys"
NLCV30172,Barbados Department of Archives,Latin America / Caribbean,Caribbean,Barbados,national archive,national,HTML,https://archives.gov.bb/,1830,2026,1830-1930; 1931-1970; 1971-2000; 2001-2026,archives; newspapers; public print,source-level metadata and source-link discovery,html_metadata_adapter,IMG00/IMG02 only after item-level source and rights review; no IMG01/IMG03 automatic upgrade,"source title, description, collection scope, catalog terms, and stable links",source-hosted review,item rights vary; source-level discovery only,P1,candidate,,82,A,"region=Latin America / Caribbean; class=national archive; protocol=HTML; internal triage only, not public authority or rights clearance","not present in existing source registry, global edge, contemporary scan, or v1 nonmainstream target URL/name keys"
NLCV30173,National Library Service Barbados,Latin America / Caribbean,Caribbean,Barbados,national library,national,HTML,https://www.nlis.gov.bb/,1830,2026,1830-1930; 1931-1970; 1971-2000; 2001-2026,books; newspapers; public communication,source-level metadata and source-link discovery,html_metadata_adapter,IMG00/IMG02 only after item-level source and rights review; no IMG01/IMG03 automatic upgrade,"source title, description, collection scope, catalog terms, and stable links",source-hosted review,item rights vary; source-level discovery only,P2,candidate,,68,B,"region=Latin America / Caribbean; class=national library; protocol=HTML; internal triage only, not public authority or rights clearance","not present in existing source registry, global edge, contemporary scan, or v1 nonmainstream target URL/name keys"
NLCV30174,Bahamas National Archives,Latin America / Caribbean,Caribbean,Bahamas,national archive,national,HTML,https://www.bahamasnationalarchives.bs/,1830,2026,1830-1930; 1931-1970; 1971-2000; 2001-2026,archives; newspapers; government print,source-level metadata and source-link discovery,html_metadata_adapter,IMG00/IMG02 only after item-level source and rights review; no IMG01/IMG03 automatic upgrade,"source title, description, collection scope, catalog terms, and stable links",source-hosted review,item rights vary; source-level discovery only,P1,candidate,,82,A,"region=Latin America / Caribbean; class=national archive; protocol=HTML; internal triage only, not public authority or rights clearance","not present in existing source registry, global edge, contemporary scan, or v1 nonmainstream target URL/name keys"
NLCV30175,National Library of The Bahamas,Latin America / Caribbean,Caribbean,Bahamas,national library,national,HTML,https://www.bahamaslibraries.org/,1830,2026,1830-1930; 1931-1970; 1971-2000; 2001-2026,books; newspapers; public communication,source-level metadata and source-link discovery,html_metadata_adapter,IMG00/IMG02 only after item-level source and rights review; no IMG01/IMG03 automatic upgrade,"source title, description, collection scope, catalog terms, and stable links",source-hosted review,item rights vary; source-level discovery only,P2,candidate,,68,B,"region=Latin America / Caribbean; class=national library; protocol=HTML; internal triage only, not public authority or rights clearance","not present in existing source registry, global edge, contemporary scan, or v1 nonmainstream target URL/name keys"
NLCV30176,Belize Archives and Records Service,Latin America / Caribbean,Central America / Caribbean,Belize,national archive,national,HTML,https://www.belizearchives.gov.bz/,1830,2026,1830-1930; 1931-1970; 1971-2000; 2001-2026,archives; newspapers; government print,source-level metadata and source-link discovery,html_metadata_adapter,IMG00/IMG02 only after item-level source and rights review; no IMG01/IMG03 automatic upgrade,"source title, description, collection scope, catalog terms, and stable links",source-hosted review,item rights vary; source-level discovery only,P1,candidate,,82,A,"region=Latin America / Caribbean; class=national archive; protocol=HTML; internal triage only, not public authority or rights clearance","not present in existing source registry, global edge, contemporary scan, or v1 nonmainstream target URL/name keys"
NLCV30177,National Library Service of Belize,Latin America / Caribbean,Central America / Caribbean,Belize,national library,national,HTML,https://www.bnlsis.org/,1830,2026,1830-1930; 1931-1970; 1971-2000; 2001-2026,books; newspapers; cultural publications,source-level metadata and source-link discovery,html_metadata_adapter,IMG00/IMG02 only after item-level source and rights review; no IMG01/IMG03 automatic upgrade,"source title, description, collection scope, catalog terms, and stable links",source-hosted review,item rights vary; source-level discovery only,P2,candidate,,68,B,"region=Latin America / Caribbean; class=national library; protocol=HTML; internal triage only, not public authority or rights clearance","not present in existing source registry, global edge, contemporary scan, or v1 nonmainstream target URL/name keys"
NLCV30178,Afghanistan Digital Library,South Asia,Afghanistan,Afghanistan,digital library,university/institutional,HTML,https://afghanistandl.nyu.edu/,1830,2026,1830-1930; 1931-1970; 1971-2000; 2001-2026,books; newspapers; periodicals; print culture,source-level metadata and source-link discovery,html_metadata_adapter,IMG00/IMG02 only after item-level source and rights review; no IMG01/IMG03 automatic upgrade,"source title, description, collection scope, catalog terms, and stable links",community_or_cultural_review,item rights vary; source-level discovery only,P0,candidate,,77,B,"region=South Asia; class=digital library; protocol=HTML; internal triage only, not public authority or rights clearance","not present in existing source registry, global edge, contemporary scan, or v1 nonmainstream target URL/name keys"
NLCV30179,Afghanistan Centre at Kabul University,South Asia,Afghanistan,Afghanistan,university archive/library,university,HTML,https://acku.edu.af/,1900,2026,1830-1930; 1931-1970; 1971-2000; 2001-2026,books; posters; public communication; documents,source-level metadata and source-link discovery,html_metadata_adapter,IMG00/IMG02 only after item-level source and rights review; no IMG01/IMG03 automatic upgrade,"source title, description, collection scope, catalog terms, and stable links",community_or_cultural_review,item rights vary; source-level discovery only,P0,candidate,,87,A,"region=South Asia; class=university archive/library; protocol=HTML; internal triage only, not public authority or rights clearance","not present in existing source registry, global edge, contemporary scan, or v1 nonmainstream target URL/name keys"
NLCV30180,Korea Democracy Foundation Archives,East Asia,Korea,South Korea,movement archive,foundation,HTML,https://archives.kdemo.or.kr/,1950,2026,1931-1970; 1971-2000; 2001-2026,posters; pamphlets; protest graphics; documents,source-level metadata and source-link discovery,html_metadata_adapter,IMG00/IMG02 only after item-level source and rights review; no IMG01/IMG03 automatic upgrade,"source title, description, collection scope, catalog terms, and stable links",community_or_cultural_review,item rights vary; source-level discovery only,P0,candidate,,79,B,"region=East Asia; class=movement archive; protocol=HTML; internal triage only, not public authority or rights clearance","not present in existing source registry, global edge, contemporary scan, or v1 nonmainstream target URL/name keys"
NLCV30181,Taiwan e-Learning and Digital Archives Program,East Asia,Taiwan,Taiwan,digital archive aggregator,consortium,HTML,https://culture.teldap.tw/,1830,2026,1830-1930; 1931-1970; 1971-2000; 2001-2026,posters; photographs; print culture; collection records,source-level metadata and source-link discovery,aggregator_metadata_adapter,IMG00/IMG02 only after item-level source and rights review; no IMG01/IMG03 automatic upgrade,"source title, description, collection scope, catalog terms, and stable links",source-hosted review,item rights vary; source-level discovery only,P1,candidate,,77,B,"region=East Asia; class=digital archive aggregator; protocol=HTML; internal triage only, not public authority or rights clearance","not present in existing source registry, global edge, contemporary scan, or v1 nonmainstream target URL/name keys"
NLCV30182,Mongolian National Library,Central Asia,Mongolia,Mongolia,national library,national,HTML/catalog,https://nationallibrary.mn/,1900,2026,1830-1930; 1931-1970; 1971-2000; 2001-2026,books; newspapers; public print; posters,source-level metadata and source-link discovery,bibliographic_adapter,IMG00/IMG02 only after item-level source and rights review; no IMG01/IMG03 automatic upgrade,"source title, description, collection scope, catalog terms, and stable links",source-hosted review,item rights vary; source-level discovery only,P1,candidate,,82,A,"region=Central Asia; class=national library; protocol=HTML/catalog; internal triage only, not public authority or rights clearance","not present in existing source registry, global edge, contemporary scan, or v1 nonmainstream target URL/name keys"
NLCV30183,Mongolian National Archives,Central Asia,Mongolia,Mongolia,national archive,national,HTML,https://archives.gov.mn/,1900,2026,1830-1930; 1931-1970; 1971-2000; 2001-2026,archives; government print; photographs,source-level metadata and source-link discovery,html_metadata_adapter,IMG00/IMG02 only after item-level source and rights review; no IMG01/IMG03 automatic upgrade,"source title, description, collection scope, catalog terms, and stable links",source-hosted review,item rights vary; source-level discovery only,P1,candidate,,77,B,"region=Central Asia; class=national archive; protocol=HTML; internal triage only, not public authority or rights clearance","not present in existing source registry, global edge, contemporary scan, or v1 nonmainstream target URL/name keys"
NLCV30184,Lithuanian Integral Museum Information System LIMIS,Eastern Europe / Caucasus,Baltics,Lithuania,museum aggregator,national,HTML/catalog,https://www.limis.lt/,1830,2026,1830-1930; 1931-1970; 1971-2000; 2001-2026,posters; museum objects; photographs; visual culture,source-level metadata and source-link discovery,aggregator_metadata_adapter,IMG00/IMG02 only after item-level source and rights review; no IMG01/IMG03 automatic upgrade,"source title, description, collection scope, catalog terms, and stable links",source-hosted review,item rights vary; source-level discovery only,P0,candidate,,83,A,"region=Eastern Europe / Caucasus; class=museum aggregator; protocol=HTML/catalog; internal triage only, not public authority or rights clearance","not present in existing source registry, global edge, contemporary scan, or v1 nonmainstream target URL/name keys"
NLCV30185,Polish Digital Libraries Federation,Eastern Europe / Caucasus,Central Europe,Poland,digital library federation,consortium,OAI/HTML,https://fbc.pionier.net.pl/,1830,2026,1830-1930; 1931-1970; 1971-2000; 2001-2026,posters; books; newspapers; periodicals,source-level metadata and source-link discovery,oai_router_adapter,IMG00/IMG02 only after item-level source and rights review; no IMG01/IMG03 automatic upgrade,"source title, description, collection scope, catalog terms, and stable links",source-hosted review,item rights vary; source-level discovery only,P0,candidate,,83,A,"region=Eastern Europe / Caucasus; class=digital library federation; protocol=OAI/HTML; internal triage only, not public authority or rights clearance","not present in existing source registry, global edge, contemporary scan, or v1 nonmainstream target URL/name keys"
NLCV30186,National Library of Albania,Eastern Europe / Caucasus,Balkans,Albania,national library,national,HTML/catalog,https://www.bksh.al/,1830,2026,1830-1930; 1931-1970; 1971-2000; 2001-2026,books; newspapers; posters; periodicals,source-level metadata and source-link discovery,bibliographic_adapter,IMG00/IMG02 only after item-level source and rights review; no IMG01/IMG03 automatic upgrade,"source title, description, collection scope, catalog terms, and stable links",source-hosted review,item rights vary; source-level discovery only,P1,candidate,,79,B,"region=Eastern Europe / Caucasus; class=national library; protocol=HTML/catalog; internal triage only, not public authority or rights clearance","not present in existing source registry, global edge, contemporary scan, or v1 nonmainstream target URL/name keys"
NLCV30187,National Library of Kosovo,Eastern Europe / Caucasus,Balkans,Kosovo,national library,national,HTML/catalog,https://www.biblioteka-ks.org/,1900,2026,1830-1930; 1931-1970; 1971-2000; 2001-2026,books; newspapers; posters; public print,source-level metadata and source-link discovery,bibliographic_adapter,IMG00/IMG02 only after item-level source and rights review; no IMG01/IMG03 automatic upgrade,"source title, description, collection scope, catalog terms, and stable links",source-hosted review,item rights vary; source-level discovery only,P1,candidate,,79,B,"region=Eastern Europe / Caucasus; class=national library; protocol=HTML/catalog; internal triage only, not public authority or rights clearance","not present in existing source registry, global edge, contemporary scan, or v1 nonmainstream target URL/name keys"
NLCV30188,National Archives of Estonia,Eastern Europe / Caucasus,Baltics,Estonia,national archive,national,HTML/catalog,https://www.ra.ee/,1830,2026,1830-1930; 1931-1970; 1971-2000; 2001-2026,archives; posters; photographs; public print,source-level metadata and source-link discovery,html_metadata_adapter,IMG00/IMG02 only after item-level source and rights review; no IMG01/IMG03 automatic upgrade,"source title, description, collection scope, catalog terms, and stable links",source-hosted review,item rights vary; source-level discovery only,P1,candidate,,89,A,"region=Eastern Europe / Caucasus; class=national archive; protocol=HTML/catalog; internal triage only, not public authority or rights clearance","not present in existing source registry, global edge, contemporary scan, or v1 nonmainstream target URL/name keys"
NLCV30189,Papua New Guinea National Museum and Art Gallery,Oceania / Indigenous,Pacific,Papua New Guinea,national museum archive,national,HTML,https://www.museumpng.gov.pg/,1900,2026,1830-1930; 1931-1970; 1971-2000; 2001-2026,museum records; posters; public culture; photographs,source-level metadata and source-link discovery,html_metadata_adapter,IMG00/IMG02 only after item-level source and rights review; no IMG01/IMG03 automatic upgrade,"source title, description, collection scope, catalog terms, and stable links",community_or_cultural_review,item rights vary; source-level discovery only,P1,candidate,,80,B,"region=Oceania / Indigenous; class=national museum archive; protocol=HTML; internal triage only, not public authority or rights clearance","not present in existing source registry, global edge, contemporary scan, or v1 nonmainstream target URL/name keys"
NLCV30190,National Library and Archives of Papua New Guinea,Oceania / Indigenous,Pacific,Papua New Guinea,national library/archive,national,HTML,https://www.nlapng.gov.pg/,1900,2026,1830-1930; 1931-1970; 1971-2000; 2001-2026,books; archives; public communication; photographs,source-level metadata and source-link discovery,html_metadata_adapter,IMG00/IMG02 only after item-level source and rights review; no IMG01/IMG03 automatic upgrade,"source title, description, collection scope, catalog terms, and stable links",community_or_cultural_review,item rights vary; source-level discovery only,P1,candidate,,72,B,"region=Oceania / Indigenous; class=national library/archive; protocol=HTML; internal triage only, not public authority or rights clearance","not present in existing source registry, global edge, contemporary scan, or v1 nonmainstream target URL/name keys"
NLCV30191,Vanuatu Cultural Centre,Oceania / Indigenous,Pacific,Vanuatu,cultural archive,national/community,HTML,https://vanuatuculturalcentre.vu/,1900,2026,1830-1930; 1931-1970; 1971-2000; 2001-2026,cultural records; public graphics; photographs,source-level metadata and source-link discovery,html_metadata_adapter,IMG00/IMG02 only after item-level source and rights review; no IMG01/IMG03 automatic upgrade,"source title, description, collection scope, catalog terms, and stable links",community_or_cultural_review,item rights vary; source-level discovery only,P1,candidate,,72,B,"region=Oceania / Indigenous; class=cultural archive; protocol=HTML; internal triage only, not public authority or rights clearance","not present in existing source registry, global edge, contemporary scan, or v1 nonmainstream target URL/name keys"
NLCV30192,Solomon Islands National Museum,Oceania / Indigenous,Pacific,Solomon Islands,national museum/archive,national,HTML,https://www.solomonislandsmuseum.gov.sb/,1900,2026,1830-1930; 1931-1970; 1971-2000; 2001-2026,museum records; cultural print; photographs,source-level metadata and source-link discovery,html_metadata_adapter,IMG00/IMG02 only after item-level source and rights review; no IMG01/IMG03 automatic upgrade,"source title, description, collection scope, catalog terms, and stable links",community_or_cultural_review,item rights vary; source-level discovery only,P2,candidate,,68,B,"region=Oceania / Indigenous; class=national museum/archive; protocol=HTML; internal triage only, not public authority or rights clearance","not present in existing source registry, global edge, contemporary scan, or v1 nonmainstream target URL/name keys"
NLCV30193,Samoa National Archives and Records Authority,Oceania / Indigenous,Pacific,Samoa,national archive,national,HTML,https://www.mesc.gov.ws/,1900,2026,1830-1930; 1931-1970; 1971-2000; 2001-2026,archives; public communication; government print,source-level metadata and source-link discovery,manual_source_adapter,IMG00/IMG02 only after item-level source and rights review; no IMG01/IMG03 automatic upgrade,"source title, description, collection scope, catalog terms, and stable links",community_or_cultural_review,item rights vary; source-level discovery only,P2,candidate,,68,B,"region=Oceania / Indigenous; class=national archive; protocol=HTML; internal triage only, not public authority or rights clearance","not present in existing source registry, global edge, contemporary scan, or v1 nonmainstream target URL/name keys"
NLCV30194,CCA Lagos Archive,Africa,West Africa,Nigeria,contemporary art and visual culture archive,nonprofit,HTML,https://ccalagos.org/,1990,2026,1971-2000; 2001-2026,exhibition graphics; publications; visual culture records,source-level metadata and source-link discovery,html_metadata_adapter,IMG00/IMG02 only after item-level source and rights review; no IMG01/IMG03 automatic upgrade,"source title, description, collection scope, catalog terms, and stable links",community_or_cultural_review,item rights vary; source-level discovery only,P1,candidate,,75,B,"region=Africa; class=contemporary art and visual culture archive; protocol=HTML; internal triage only, not public authority or rights clearance","not present in existing source registry, global edge, contemporary scan, or v1 nonmainstream target URL/name keys"
NLCV30195,Nsibidi Institute,Africa,West Africa,Nigeria,visual culture research archive,research/community,HTML,https://nsibidiinstitute.org/,1900,2026,1830-1930; 1931-1970; 1971-2000; 2001-2026,visual culture; archives; publications; source leads,source-level metadata and source-link discovery,html_metadata_adapter,IMG00/IMG02 only after item-level source and rights review; no IMG01/IMG03 automatic upgrade,"source title, description, collection scope, catalog terms, and stable links",community_or_cultural_review,item rights vary; source-level discovery only,P1,candidate,,75,B,"region=Africa; class=visual culture research archive; protocol=HTML; internal triage only, not public authority or rights clearance","not present in existing source registry, global edge, contemporary scan, or v1 nonmainstream target URL/name keys"
NLCV30196,RAW Material Company,Africa,West Africa,Senegal,art and publication archive,nonprofit,HTML,https://rawmaterialcompany.org/,2000,2026,1971-2000; 2001-2026,publications; exhibition graphics; visual culture,source-level metadata and source-link discovery,html_metadata_adapter,IMG00/IMG02 only after item-level source and rights review; no IMG01/IMG03 automatic upgrade,"source title, description, collection scope, catalog terms, and stable links",community_or_cultural_review,item rights vary; source-level discovery only,P1,candidate,,75,B,"region=Africa; class=art and publication archive; protocol=HTML; internal triage only, not public authority or rights clearance","not present in existing source registry, global edge, contemporary scan, or v1 nonmainstream target URL/name keys"
NLCV30197,Nubuke Foundation,Africa,West Africa,Ghana,art and cultural archive,nonprofit,HTML,https://nubukefoundation.org/,2000,2026,1971-2000; 2001-2026,exhibition graphics; publications; cultural records,source-level metadata and source-link discovery,html_metadata_adapter,IMG00/IMG02 only after item-level source and rights review; no IMG01/IMG03 automatic upgrade,"source title, description, collection scope, catalog terms, and stable links",community_or_cultural_review,item rights vary; source-level discovery only,P2,candidate,,71,B,"region=Africa; class=art and cultural archive; protocol=HTML; internal triage only, not public authority or rights clearance","not present in existing source registry, global edge, contemporary scan, or v1 nonmainstream target URL/name keys"
NLCV30198,GoDown Arts Centre,Africa,East Africa,Kenya,arts archive,nonprofit,HTML,https://thegodownartscentre.com/,2000,2026,1971-2000; 2001-2026,posters; event graphics; publications; visual culture,source-level metadata and source-link discovery,html_metadata_adapter,IMG00/IMG02 only after item-level source and rights review; no IMG01/IMG03 automatic upgrade,"source title, description, collection scope, catalog terms, and stable links",community_or_cultural_review,item rights vary; source-level discovery only,P2,candidate,,79,B,"region=Africa; class=arts archive; protocol=HTML; internal triage only, not public authority or rights clearance","not present in existing source registry, global edge, contemporary scan, or v1 nonmainstream target URL/name keys"
NLCV30199,Market Photo Workshop,Africa,Southern Africa,South Africa,visual culture education archive,nonprofit,HTML,https://marketphotoworkshop.co.za/,1980,2026,1971-2000; 2001-2026,exhibition graphics; publications; community visual culture,source-level metadata and source-link discovery,html_metadata_adapter,IMG00/IMG02 only after item-level source and rights review; no IMG01/IMG03 automatic upgrade,"source title, description, collection scope, catalog terms, and stable links",community_or_cultural_review,item rights vary; source-level discovery only,P2,candidate,,71,B,"region=Africa; class=visual culture education archive; protocol=HTML; internal triage only, not public authority or rights clearance","not present in existing source registry, global edge, contemporary scan, or v1 nonmainstream target URL/name keys"
NLCV30200,Bag Factory Artists' Studios Archive,Africa,Southern Africa,South Africa,arts archive,nonprofit,HTML,https://bagfactoryart.org.za/,1990,2026,1971-2000; 2001-2026,exhibition graphics; posters; publications,source-level metadata and source-link discovery,html_metadata_adapter,IMG00/IMG02 only after item-level source and rights review; no IMG01/IMG03 automatic upgrade,"source title, description, collection scope, catalog terms, and stable links",community_or_cultural_review,item rights vary; source-level discovery only,P2,candidate,,79,B,"region=Africa; class=arts archive; protocol=HTML; internal triage only, not public authority or rights clearance","not present in existing source registry, global edge, contemporary scan, or v1 nonmainstream target URL/name keys"
NLCV30201,Aga Khan Documentation Center Collections,MENA,Islamic world,MENA / South Asia,architecture and visual culture archive,university,HTML/catalog,https://libraries.mit.edu/akdc/,1830,2026,1830-1930; 1931-1970; 1971-2000; 2001-2026,posters; architecture graphics; photographs; visual culture,source-level metadata and source-link discovery,bibliographic_adapter,IMG00/IMG02 only after item-level source and rights review; no IMG01/IMG03 automatic upgrade,"source title, description, collection scope, catalog terms, and stable links",source-hosted review,item rights vary; source-level discovery only,P1,candidate,,92,A,"region=MENA; class=architecture and visual culture archive; protocol=HTML/catalog; internal triage only, not public authority or rights clearance","not present in existing source registry, global edge, contemporary scan, or v1 nonmainstream target URL/name keys"
NLCV30202,Qatar National Library Digital Repository,MENA,Gulf,Qatar,national library repository,national,HTML/catalog,https://www.qnl.qa/,1830,2026,1830-1930; 1931-1970; 1971-2000; 2001-2026,books; newspapers; posters; Gulf print culture,source-level metadata and source-link discovery,bibliographic_adapter,IMG00/IMG02 only after item-level source and rights review; no IMG01/IMG03 automatic upgrade,"source title, description, collection scope, catalog terms, and stable links",source-hosted review,item rights vary; source-level discovery only,P1,candidate,,82,A,"region=MENA; class=national library repository; protocol=HTML/catalog; internal triage only, not public authority or rights clearance","not present in existing source registry, global edge, contemporary scan, or v1 nonmainstream target URL/name keys"
NLCV30203,Mathaf Arab Museum of Modern Art,MENA,Gulf,Qatar / Arab world,museum archive,museum,HTML,https://mathaf.org.qa/,1900,2026,1830-1930; 1931-1970; 1971-2000; 2001-2026,exhibition graphics; publications; visual culture,source-level metadata and source-link discovery,html_metadata_adapter,IMG00/IMG02 only after item-level source and rights review; no IMG01/IMG03 automatic upgrade,"source title, description, collection scope, catalog terms, and stable links",source-hosted review,item rights vary; source-level discovery only,P2,candidate,,73,B,"region=MENA; class=museum archive; protocol=HTML; internal triage only, not public authority or rights clearance","not present in existing source registry, global edge, contemporary scan, or v1 nonmainstream target URL/name keys"
NLCV30204,Sharjah Art Foundation Archive,MENA,Gulf,United Arab Emirates,art and publication archive,foundation,HTML,https://sharjahart.org/,1990,2026,1971-2000; 2001-2026,exhibition graphics; publications; posters; visual culture,source-level metadata and source-link discovery,html_metadata_adapter,IMG00/IMG02 only after item-level source and rights review; no IMG01/IMG03 automatic upgrade,"source title, description, collection scope, catalog terms, and stable links",source-hosted review,item rights vary; source-level discovery only,P1,candidate,,85,A,"region=MENA; class=art and publication archive; protocol=HTML; internal triage only, not public authority or rights clearance","not present in existing source registry, global edge, contemporary scan, or v1 nonmainstream target URL/name keys"
NLCV30205,Dubai Culture and Arts Authority,MENA,Gulf,United Arab Emirates,cultural authority archive,government,HTML,https://dubaiculture.gov.ae/,1990,2026,1971-2000; 2001-2026,public culture campaigns; exhibition graphics; publications,source-level metadata and source-link discovery,html_metadata_adapter,IMG00/IMG02 only after item-level source and rights review; no IMG01/IMG03 automatic upgrade,"source title, description, collection scope, catalog terms, and stable links",source-hosted review,item rights vary; source-level discovery only,P2,candidate,,73,B,"region=MENA; class=cultural authority archive; protocol=HTML; internal triage only, not public authority or rights clearance","not present in existing source registry, global edge, contemporary scan, or v1 nonmainstream target URL/name keys"
NLCV30206,Sahapedia,South Asia,India,India,cultural knowledge archive,nonprofit,HTML,https://www.sahapedia.org/,1830,2026,1830-1930; 1931-1970; 1971-2000; 2001-2026,visual culture essays; craft graphics; public culture,source-level metadata and source-link discovery,html_metadata_adapter,IMG00/IMG02 only after item-level source and rights review; no IMG01/IMG03 automatic upgrade,"source title, description, collection scope, catalog terms, and stable links",community_or_cultural_review,item rights vary; source-level discovery only,P1,candidate,,75,B,"region=South Asia; class=cultural knowledge archive; protocol=HTML; internal triage only, not public authority or rights clearance","not present in existing source registry, global edge, contemporary scan, or v1 nonmainstream target URL/name keys"
NLCV30207,People's Archive of Rural India,South Asia,India,India,community archive,nonprofit,HTML,https://ruralindiaonline.org/,1990,2026,1971-2000; 2001-2026,community print; public communication; visual culture reports,source-level metadata and source-link discovery,html_metadata_adapter,IMG00/IMG02 only after item-level source and rights review; no IMG01/IMG03 automatic upgrade,"source title, description, collection scope, catalog terms, and stable links",community_or_cultural_review,item rights vary; source-level discovery only,P1,candidate,,75,B,"region=South Asia; class=community archive; protocol=HTML; internal triage only, not public authority or rights clearance","not present in existing source registry, global edge, contemporary scan, or v1 nonmainstream target URL/name keys"
NLCV30208,Partition Museum Archive,South Asia,India/Pakistan,South Asia,memory museum archive,museum,HTML,https://www.partitionmuseum.org/,1947,2026,1931-1970; 1971-2000; 2001-2026,posters; documents; photographs; memory graphics,source-level metadata and source-link discovery,html_metadata_adapter,IMG00/IMG02 only after item-level source and rights review; no IMG01/IMG03 automatic upgrade,"source title, description, collection scope, catalog terms, and stable links",community_or_cultural_review,item rights vary; source-level discovery only,P1,candidate,,83,A,"region=South Asia; class=memory museum archive; protocol=HTML; internal triage only, not public authority or rights clearance","not present in existing source registry, global edge, contemporary scan, or v1 nonmainstream target URL/name keys"
NLCV30209,Kiran Nadar Museum of Art,South Asia,India,India,museum archive,museum,HTML,https://www.knma.in/,1950,2026,1931-1970; 1971-2000; 2001-2026,exhibition graphics; catalogues; visual culture,source-level metadata and source-link discovery,html_metadata_adapter,IMG00/IMG02 only after item-level source and rights review; no IMG01/IMG03 automatic upgrade,"source title, description, collection scope, catalog terms, and stable links",source-hosted review,item rights vary; source-level discovery only,P2,candidate,,73,B,"region=South Asia; class=museum archive; protocol=HTML; internal triage only, not public authority or rights clearance","not present in existing source registry, global edge, contemporary scan, or v1 nonmainstream target URL/name keys"
NLCV30210,Nepal Picture Library,South Asia,Nepal,Nepal,community visual archive,nonprofit,HTML,https://nepalpicturelibrary.org/,1900,2026,1830-1930; 1931-1970; 1971-2000; 2001-2026,photographs; public print; community visual culture,source-level metadata and source-link discovery,html_metadata_adapter,IMG00/IMG02 only after item-level source and rights review; no IMG01/IMG03 automatic upgrade,"source title, description, collection scope, catalog terms, and stable links",community_or_cultural_review,item rights vary; source-level discovery only,P1,candidate,,75,B,"region=South Asia; class=community visual archive; protocol=HTML; internal triage only, not public authority or rights clearance","not present in existing source registry, global edge, contemporary scan, or v1 nonmainstream target URL/name keys"
NLCV30211,Bangladesh Shilpakala Academy,South Asia,Bangladesh,Bangladesh,national arts archive,national,HTML,https://shilpakala.gov.bd/,1970,2026,1931-1970; 1971-2000; 2001-2026,posters; exhibition graphics; publications; public culture,source-level metadata and source-link discovery,html_metadata_adapter,IMG00/IMG02 only after item-level source and rights review; no IMG01/IMG03 automatic upgrade,"source title, description, collection scope, catalog terms, and stable links",source-hosted review,item rights vary; source-level discovery only,P2,candidate,,81,B,"region=South Asia; class=national arts archive; protocol=HTML; internal triage only, not public authority or rights clearance","not present in existing source registry, global edge, contemporary scan, or v1 nonmainstream target URL/name keys"
NLCV30212,Pakistan Chowk Community Centre,South Asia,Pakistan,Pakistan,community culture archive,community,HTML,https://pakistanchowk.com/,1900,2026,1830-1930; 1931-1970; 1971-2000; 2001-2026,public art; event graphics; local print culture,source-level metadata and source-link discovery,html_metadata_adapter,IMG00/IMG02 only after item-level source and rights review; no IMG01/IMG03 automatic upgrade,"source title, description, collection scope, catalog terms, and stable links",community_or_cultural_review,item rights vary; source-level discovery only,P2,candidate,,71,B,"region=South Asia; class=community culture archive; protocol=HTML; internal triage only, not public authority or rights clearance","not present in existing source registry, global edge, contemporary scan, or v1 nonmainstream target URL/name keys"
NLCV30213,Vasl Artists' Association Archive,South Asia,Pakistan,Pakistan,artist archive,nonprofit,HTML,https://vaslart.org/,2000,2026,1971-2000; 2001-2026,exhibition graphics; publications; visual culture,source-level metadata and source-link discovery,html_metadata_adapter,IMG00/IMG02 only after item-level source and rights review; no IMG01/IMG03 automatic upgrade,"source title, description, collection scope, catalog terms, and stable links",source-hosted review,item rights vary; source-level discovery only,P2,candidate,,73,B,"region=South Asia; class=artist archive; protocol=HTML; internal triage only, not public authority or rights clearance","not present in existing source registry, global edge, contemporary scan, or v1 nonmainstream target URL/name keys"
NLCV30214,UP Vargas Museum Archive,Southeast Asia,Philippines,Philippines,university museum archive,university museum,HTML,https://vargasmuseum.upd.edu.ph/,1900,2026,1830-1930; 1931-1970; 1971-2000; 2001-2026,exhibition graphics; posters; publications,source-level metadata and source-link discovery,html_metadata_adapter,IMG00/IMG02 only after item-level source and rights review; no IMG01/IMG03 automatic upgrade,"source title, description, collection scope, catalog terms, and stable links",source-hosted review,item rights vary; source-level discovery only,P2,candidate,,81,B,"region=Southeast Asia; class=university museum archive; protocol=HTML; internal triage only, not public authority or rights clearance","not present in existing source registry, global edge, contemporary scan, or v1 nonmainstream target URL/name keys"
NLCV30215,Jakarta Arts Council Archive,Southeast Asia,Indonesia,Indonesia,arts council archive,public/arts,HTML,https://dkj.or.id/,1970,2026,1931-1970; 1971-2000; 2001-2026,event posters; publications; public culture graphics,source-level metadata and source-link discovery,html_metadata_adapter,IMG00/IMG02 only after item-level source and rights review; no IMG01/IMG03 automatic upgrade,"source title, description, collection scope, catalog terms, and stable links",source-hosted review,item rights vary; source-level discovery only,P1,candidate,,85,A,"region=Southeast Asia; class=arts council archive; protocol=HTML; internal triage only, not public authority or rights clearance","not present in existing source registry, global edge, contemporary scan, or v1 nonmainstream target URL/name keys"
NLCV30216,Myanmar Photo Archive,Southeast Asia,Myanmar,Myanmar,visual archive,independent/community,HTML,https://myanmarphotoarchive.org/,1900,2026,1830-1930; 1931-1970; 1971-2000; 2001-2026,photographs; public visual culture; source leads,source-level metadata and source-link discovery,html_metadata_adapter,IMG00/IMG02 only after item-level source and rights review; no IMG01/IMG03 automatic upgrade,"source title, description, collection scope, catalog terms, and stable links",community_or_cultural_review,item rights vary; source-level discovery only,P1,candidate,,75,B,"region=Southeast Asia; class=visual archive; protocol=HTML; internal triage only, not public authority or rights clearance","not present in existing source registry, global edge, contemporary scan, or v1 nonmainstream target URL/name keys"
NLCV30217,Vietnam Fine Arts Museum,Southeast Asia,Vietnam,Vietnam,museum archive,national museum,HTML,https://vnfam.vn/,1900,2026,1830-1930; 1931-1970; 1971-2000; 2001-2026,posters; exhibition graphics; publications; visual culture,source-level metadata and source-link discovery,html_metadata_adapter,IMG00/IMG02 only after item-level source and rights review; no IMG01/IMG03 automatic upgrade,"source title, description, collection scope, catalog terms, and stable links",source-hosted review,item rights vary; source-level discovery only,P2,candidate,,81,B,"region=Southeast Asia; class=museum archive; protocol=HTML; internal triage only, not public authority or rights clearance","not present in existing source registry, global edge, contemporary scan, or v1 nonmainstream target URL/name keys"
NLCV30218,Singapore Art Museum Archive,Southeast Asia,Singapore,Singapore / Southeast Asia,museum archive,museum,HTML,https://www.singaporeartmuseum.sg/,1990,2026,1971-2000; 2001-2026,exhibition graphics; publications; visual culture,source-level metadata and source-link discovery,html_metadata_adapter,IMG00/IMG02 only after item-level source and rights review; no IMG01/IMG03 automatic upgrade,"source title, description, collection scope, catalog terms, and stable links",source-hosted review,item rights vary; source-level discovery only,P2,candidate,,73,B,"region=Southeast Asia; class=museum archive; protocol=HTML; internal triage only, not public authority or rights clearance","not present in existing source registry, global edge, contemporary scan, or v1 nonmainstream target URL/name keys"
NLCV30219,Museum of Modern Art Warsaw Archives,Eastern Europe / Caucasus,Central Europe,Poland,museum archive,museum,HTML,https://artmuseum.pl/,1900,2026,1830-1930; 1931-1970; 1971-2000; 2001-2026,posters; exhibition graphics; publications; design records,source-level metadata and source-link discovery,html_metadata_adapter,IMG00/IMG02 only after item-level source and rights review; no IMG01/IMG03 automatic upgrade,"source title, description, collection scope, catalog terms, and stable links",source-hosted review,item rights vary; source-level discovery only,P1,candidate,,82,A,"region=Eastern Europe / Caucasus; class=museum archive; protocol=HTML; internal triage only, not public authority or rights clearance","not present in existing source registry, global edge, contemporary scan, or v1 nonmainstream target URL/name keys"
NLCV30220,Slovak Design Museum,Eastern Europe / Caucasus,Central Europe,Slovakia,design museum,museum,HTML,https://www.scd.sk/,1900,2026,1830-1930; 1931-1970; 1971-2000; 2001-2026,graphic design; posters; product and visual culture records,source-level metadata and source-link discovery,html_metadata_adapter,IMG00/IMG02 only after item-level source and rights review; no IMG01/IMG03 automatic upgrade,"source title, description, collection scope, catalog terms, and stable links",source-hosted review,item rights vary; source-level discovery only,P0,candidate,,86,A,"region=Eastern Europe / Caucasus; class=design museum; protocol=HTML; internal triage only, not public authority or rights clearance","not present in existing source registry, global edge, contemporary scan, or v1 nonmainstream target URL/name keys"
NLCV30221,Moravian Gallery Brno Design Collection,Eastern Europe / Caucasus,Central Europe,Czech Republic,museum design collection,museum,HTML,https://moravska-galerie.cz/,1900,2026,1830-1930; 1931-1970; 1971-2000; 2001-2026,posters; graphic design; typography; exhibitions,source-level metadata and source-link discovery,html_metadata_adapter,IMG00/IMG02 only after item-level source and rights review; no IMG01/IMG03 automatic upgrade,"source title, description, collection scope, catalog terms, and stable links",source-hosted review,item rights vary; source-level discovery only,P1,candidate,,82,A,"region=Eastern Europe / Caucasus; class=museum design collection; protocol=HTML; internal triage only, not public authority or rights clearance","not present in existing source registry, global edge, contemporary scan, or v1 nonmainstream target URL/name keys"
NLCV30222,Czech Design Archive,Eastern Europe / Caucasus,Central Europe,Czech Republic,design archive/publication,independent,HTML,https://www.czechdesign.cz/,1990,2026,1971-2000; 2001-2026,graphic design; identity; posters; contemporary projects,source-level metadata and source-link discovery,html_metadata_adapter,IMG00/IMG02 only after item-level source and rights review; no IMG01/IMG03 automatic upgrade,"source title, description, collection scope, catalog terms, and stable links",source-hosted review,item rights vary; source-level discovery only,P1,candidate,,82,A,"region=Eastern Europe / Caucasus; class=design archive/publication; protocol=HTML; internal triage only, not public authority or rights clearance","not present in existing source registry, global edge, contemporary scan, or v1 nonmainstream target URL/name keys"
NLCV30223,Estonian Museum of Applied Art and Design,Eastern Europe / Caucasus,Baltics,Estonia,design museum,museum,HTML,https://www.etdm.ee/,1900,2026,1830-1930; 1931-1970; 1971-2000; 2001-2026,graphic design; posters; applied art; exhibitions,source-level metadata and source-link discovery,html_metadata_adapter,IMG00/IMG02 only after item-level source and rights review; no IMG01/IMG03 automatic upgrade,"source title, description, collection scope, catalog terms, and stable links",source-hosted review,item rights vary; source-level discovery only,P1,candidate,,82,A,"region=Eastern Europe / Caucasus; class=design museum; protocol=HTML; internal triage only, not public authority or rights clearance","not present in existing source registry, global edge, contemporary scan, or v1 nonmainstream target URL/name keys"
NLCV30224,Latvian Centre for Contemporary Art Archive,Eastern Europe / Caucasus,Baltics,Latvia,art archive,nonprofit,HTML,https://lcca.lv/,1990,2026,1971-2000; 2001-2026,exhibition graphics; publications; contemporary visual culture,source-level metadata and source-link discovery,html_metadata_adapter,IMG00/IMG02 only after item-level source and rights review; no IMG01/IMG03 automatic upgrade,"source title, description, collection scope, catalog terms, and stable links",source-hosted review,item rights vary; source-level discovery only,P2,candidate,,70,B,"region=Eastern Europe / Caucasus; class=art archive; protocol=HTML; internal triage only, not public authority or rights clearance","not present in existing source registry, global edge, contemporary scan, or v1 nonmainstream target URL/name keys"
NLCV30225,Lithuanian Design Forum,Eastern Europe / Caucasus,Baltics,Lithuania,design organization archive,nonprofit,HTML,https://dizainoforumas.lt/,2000,2026,1971-2000; 2001-2026,graphic design; awards; exhibitions; contemporary projects,source-level metadata and source-link discovery,html_metadata_adapter,IMG00/IMG02 only after item-level source and rights review; no IMG01/IMG03 automatic upgrade,"source title, description, collection scope, catalog terms, and stable links",source-hosted review,item rights vary; source-level discovery only,P2,candidate,,70,B,"region=Eastern Europe / Caucasus; class=design organization archive; protocol=HTML; internal triage only, not public authority or rights clearance","not present in existing source registry, global edge, contemporary scan, or v1 nonmainstream target URL/name keys"
NLCV30226,Cook Islands Library and Museum,Oceania / Indigenous,Pacific,Cook Islands,community library and museum,community,HTML,https://cook-islands-library-museum.org/,1900,2026,1830-1930; 1931-1970; 1971-2000; 2001-2026,archives; photographs; cultural print,source-level metadata and source-link discovery,html_metadata_adapter,IMG00/IMG02 only after item-level source and rights review; no IMG01/IMG03 automatic upgrade,"source title, description, collection scope, catalog terms, and stable links",community_or_cultural_review,item rights vary; source-level discovery only,P2,candidate,,58,C,"region=Oceania / Indigenous; class=community library and museum; protocol=HTML; internal triage only, not public authority or rights clearance","not present in existing source registry, global edge, contemporary scan, or v1 nonmainstream target URL/name keys"
NLCV30227,Tonga National Museum,Oceania / Indigenous,Pacific,Tonga,national museum archive,national,HTML,https://tongamuseum.com/,1900,2026,1830-1930; 1931-1970; 1971-2000; 2001-2026,museum records; cultural print; photographs,source-level metadata and source-link discovery,html_metadata_adapter,IMG00/IMG02 only after item-level source and rights review; no IMG01/IMG03 automatic upgrade,"source title, description, collection scope, catalog terms, and stable links",community_or_cultural_review,item rights vary; source-level discovery only,P2,candidate,,68,B,"region=Oceania / Indigenous; class=national museum archive; protocol=HTML; internal triage only, not public authority or rights clearance","not present in existing source registry, global edge, contemporary scan, or v1 nonmainstream target URL/name keys"
NLCV30228,Pacific Virtual Museum,Oceania / Indigenous,Pacific,Pacific,regional cultural aggregator,regional,HTML,https://pacificvirtualmuseum.org/,1830,2026,1830-1930; 1931-1970; 1971-2000; 2001-2026,cultural records; photographs; source links; visual culture,source-level metadata and source-link discovery,aggregator_metadata_adapter,IMG00/IMG02 only after item-level source and rights review; no IMG01/IMG03 automatic upgrade,"source title, description, collection scope, catalog terms, and stable links",community_or_cultural_review,item rights vary; source-level discovery only,P1,candidate,,62,C,"region=Oceania / Indigenous; class=regional cultural aggregator; protocol=HTML; internal triage only, not public authority or rights clearance","not present in existing source registry, global edge, contemporary scan, or v1 nonmainstream target URL/name keys"
