source_file,capture_id,surface_id,year,current_region,place_text,source_subjects,source_name,title,source_url,suggested_region_label,suggested_region_ids,suggested_geo_ids,decision_type,confidence,evidence_field,evidence_value,guardrail
capture_batch_early_region_1830_1930_records.csv,ER1830R057,SURF-ER1830R057,1897,Unresolved region,Czech Republic,poster; paper (fiber product); print; prints and drawing,Art Institute of Chicago API,La Samaritaine,https://www.artic.edu/artworks/16907,Czech and Slovak contexts,REG002,GEO019,auto_apply_candidate,high,place_text,Czech Republic,"Exact controlled geography match; geography only, no rights or image-state upgrade."
capture_batch_early_region_1830_1930_records.csv,ER1830R055,SURF-ER1830R055,1897,Unresolved region,Czech Republic,poster; paper (fiber product); print; prints and drawing,Art Institute of Chicago API,"Zodiaque (""La Plume"")",https://www.artic.edu/artworks/111986,Czech and Slovak contexts,REG002,GEO019,auto_apply_candidate,high,place_text,Czech Republic,"Exact controlled geography match; geography only, no rights or image-state upgrade."
capture_batch_nonmainstream_region_1990_2026_records.csv,NMR1990R0007,SURF-NMR1990R0007,2017,Unresolved region,MENA,Exhibitions,Barjeel Art Foundation,No to the Invasion,https://www.barjeelartfoundation.org/exhibitions/no-to-the-invasion/,Middle East and North Africa,REG013,GEO055,auto_apply_candidate,high,place_text,MENA,"Exact controlled geography match; geography only, no rights or image-state upgrade."
capture_batch_nonmainstream_region_1990_2026_records.csv,NMR1990R0006,SURF-NMR1990R0006,2023,Unresolved region,MENA,Exhibitions,Barjeel Art Foundation,The jewels of my career,https://www.barjeelartfoundation.org/exhibitions/the-jewels-of-my-career/,Middle East and North Africa,REG013,GEO055,auto_apply_candidate,high,place_text,MENA,"Exact controlled geography match; geography only, no rights or image-state upgrade."
capture_batch_nonmainstream_region_1990_2026_records.csv,NMR1990R0009,SURF-NMR1990R0009,2024,Unresolved region,MENA,Exhibitions,Barjeel Art Foundation,On This Land,https://www.barjeelartfoundation.org/exhibitions/on-this-land/,Middle East and North Africa,REG013,GEO055,auto_apply_candidate,high,place_text,MENA,"Exact controlled geography match; geography only, no rights or image-state upgrade."
capture_batch_001_records.csv,ECAP017,SURF-ECAP017,,Unresolved region,"Flanders, Bruges",,Cleveland Museum Open Access API,Virgin and Child,https://clevelandart.org/art/1934.29,Belgium,REG001,GEO010,auto_apply_candidate,medium,local_marker,"Flanders, Bruges Virgin and Child Cleveland Museum Open Access API https://clevelandart.org/art/1934.29","Exact controlled geography match; geography only, no rights or image-state upgrade."
capture_batch_gsu_contentdm_image_ready_1830_1970_records.csv,GSU1970R005,SURF-GSU1970R005,1936,Unresolved region,Washington (D.C.),Clothing workers; Collective bargaining--Clothing industry; Clothing workers--Labor unions; Textile industry--Labor productivity; Clothing workers; Collective bargaining--Clothing industry; Clothing workers--Labor unions; Textile industry--Labor productivity;,Georgia State University Library Digital Collections / CONTENTdm,"Index card file for plants or locals in Washington, D.C., 1936",https://digitalcollections.library.gsu.edu/digital/collection/ugwa/id/42156,United States,REG003,GEO025,auto_apply_candidate,medium,local_marker,Washington (D.C.) Clothing workers; Collective bargaining--Clothing industry; Clothing workers--Labor unions; Textile industry--Labor productivity; Clothing workers; Collective bargaining--Clothing industry; Clothing wor,"Exact controlled geography match; geography only, no rights or image-state upgrade."
capture_batch_gsu_contentdm_image_ready_1830_1970_records.csv,GSU1970R009,SURF-GSU1970R009,1942,Unresolved region,Washington (State),Aircraft industry--Employees--Labor unions; Aerospace industries--Employees--Labor unions; Machinists--Labor unions; Aircraft industry--Employees--Labor unions; Aerospace industries--Employees--Labor unions; Machinists--Labor unions; International Association,Georgia State University Library Digital Collections / CONTENTdm,"Aero Mechanic, 1942-10-15",https://digitalcollections.library.gsu.edu/digital/collection/IAM/id/103194,United States,REG003,GEO025,auto_apply_candidate,medium,local_marker,Washington (State) Aircraft industry--Employees--Labor unions; Aerospace industries--Employees--Labor unions; Machinists--Labor unions; Aircraft industry--Employees--Labor unions; Aerospace industries--Employees--Labor u,"Exact controlled geography match; geography only, no rights or image-state upgrade."
capture_batch_gsu_contentdm_image_ready_1830_1970_records.csv,GSU1970R013,SURF-GSU1970R013,1945,Unresolved region,Southern States,"Authors, American; Journalism; Labor unions; Civil rights; Authors, American; Journalism; Labor unions; Civil rights; Kennedy, Stetson; Southern States",Georgia State University Library Digital Collections / CONTENTdm,"Worker's Defense League, 1942-1945",https://digitalcollections.library.gsu.edu/digital/collection/SKennedy/id/8297,United States,REG003,GEO025,auto_apply_candidate,medium,local_marker,"Southern States Authors, American; Journalism; Labor unions; Civil rights; Authors, American; Journalism; Labor unions; Civil rights; Kennedy, Stetson; Southern States Worker's Defense League, 1942-1945 Georgia State Uni","Exact controlled geography match; geography only, no rights or image-state upgrade."
capture_batch_gsu_contentdm_image_ready_1830_1970_records.csv,GSU1970R015,SURF-GSU1970R015,1946,Unresolved region,Eastman (Ga.); Dodge County (Ga.);,"Labor unions; Labor unions--Organizing; Political posters;; Labor unions; Labor unions--Organizing; Political posters;; Kennedy, Stetson; Congress of Industrial Organizations (U.S.); Baldanzi, George, 1907-1972;; Eastman (Ga.); Dodge County (Ga.);",Georgia State University Library Digital Collections / CONTENTdm,"Anti-CIO political poster from Eastman, Georgia, circa 1946.",https://digitalcollections.library.gsu.edu/digital/collection/SKennedy/id/13393,United States,REG003,GEO025,auto_apply_candidate,medium,local_marker,"Eastman (Ga.); Dodge County (Ga.); Labor unions; Labor unions--Organizing; Political posters;; Labor unions; Labor unions--Organizing; Political posters;; Kennedy, Stetson; Congress of Industrial Organizations (U.S.); Ba","Exact controlled geography match; geography only, no rights or image-state upgrade."
capture_batch_gsu_contentdm_image_ready_1830_1970_records.csv,GSU1970R017,SURF-GSU1970R017,1950,Unresolved region,Chicago (Ill.);,Labor unions--Political activity; Labor union meetings; Constitutional conventions;; Labor unions--Political activity; Labor union meetings; Constitutional conventions;; Congress of Industrial Organizations (U.S.). Constitutional Convention; Congress of Indust,Georgia State University Library Digital Collections / CONTENTdm,"Man and poster encouraging union members to vote at a CIO Constitutional Convention, Chicago, Illinois, November 1950.",https://digitalcollections.library.gsu.edu/digital/collection/labor/id/3896,United States,REG003,GEO025,auto_apply_candidate,medium,local_marker,Chicago (Ill.); Labor unions--Political activity; Labor union meetings; Constitutional conventions;; Labor unions--Political activity; Labor union meetings; Constitutional conventions;; Congress of Industrial Organizatio,"Exact controlled geography match; geography only, no rights or image-state upgrade."
capture_batch_gsu_contentdm_image_ready_1830_1970_records.csv,GSU1970R007,SURF-GSU1970R007,1951,Unresolved region,Southern States,"Authors, American; Journalism; Labor unions; Civil rights; Authors, American; Journalism; Labor unions; Civil rights; Kennedy, Stetson; Southern States",Georgia State University Library Digital Collections / CONTENTdm,"Periodicals, assorted, 1938-1951",https://digitalcollections.library.gsu.edu/digital/collection/SKennedy/id/9730,United States,REG003,GEO025,auto_apply_candidate,medium,local_marker,"Southern States Authors, American; Journalism; Labor unions; Civil rights; Authors, American; Journalism; Labor unions; Civil rights; Kennedy, Stetson; Southern States Periodicals, assorted, 1938-1951 Georgia State Unive","Exact controlled geography match; geography only, no rights or image-state upgrade."
capture_batch_gsu_contentdm_image_ready_1830_1970_records.csv,GSU1970R021,SURF-GSU1970R021,1960,Unresolved region,Atlanta (Ga.); Fulton County (Ga.),College student newspapers and periodicals; Universities and colleges; College student newspapers and periodicals; Universities and colleges; Georgia State College of Business Administration; Georgia State University;; Atlanta (Ga.); Fulton County (Ga.),Georgia State University Library Digital Collections / CONTENTdm,"Georgia State Signal, 1960-02-02",https://digitalcollections.library.gsu.edu/digital/collection/signal/id/2622,United States,REG003,GEO025,auto_apply_candidate,medium,local_marker,Atlanta (Ga.); Fulton County (Ga.) College student newspapers and periodicals; Universities and colleges; College student newspapers and periodicals; Universities and colleges; Georgia State College of Business Administr,"Exact controlled geography match; geography only, no rights or image-state upgrade."
capture_batch_gsu_contentdm_image_ready_1830_1970_records.csv,GSU1970R026,SURF-GSU1970R026,1965,Unresolved region,Atlanta (Ga.); South Carolina;,Textile industry--Organizing; Textile workers--Labor unions; Textile workers--Labor unions; Textile workers;; Textile industry--Organizing; Textile workers--Labor unions; Textile workers--Labor unions; Textile workers;; J. P. Stevens & Co.; Textile Workers Uni,Georgia State University Library Digital Collections / CONTENTdm,"Dean Girardot scrapbook 1 (J.P. Stevens and Co. campaign), 1963-1965",https://digitalcollections.library.gsu.edu/digital/collection/labor/id/4462,United States,REG003,GEO025,auto_apply_candidate,medium,local_marker,Atlanta (Ga.); South Carolina; Textile industry--Organizing; Textile workers--Labor unions; Textile workers--Labor unions; Textile workers;; Textile industry--Organizing; Textile workers--Labor unions; Textile workers--L,"Exact controlled geography match; geography only, no rights or image-state upgrade."
capture_batch_gsu_contentdm_image_ready_1830_1970_records.csv,GSU1970R027,SURF-GSU1970R027,1966,Unresolved region,Atlanta (Ga.); Fulton County (Ga.),"College student newspapers and periodicals; Universities and colleges; College student newspapers and periodicals; Universities and colleges; Georgia State College (Atlanta, Ga.); Georgia State University;; Atlanta (Ga.); Fulton County (Ga.)",Georgia State University Library Digital Collections / CONTENTdm,"The Georgia State College Signal, 1966-04-28",https://digitalcollections.library.gsu.edu/digital/collection/signal/id/3856,United States,REG003,GEO025,auto_apply_candidate,medium,local_marker,"Atlanta (Ga.); Fulton County (Ga.) College student newspapers and periodicals; Universities and colleges; College student newspapers and periodicals; Universities and colleges; Georgia State College (Atlanta, Ga.); Georg","Exact controlled geography match; geography only, no rights or image-state upgrade."
capture_batch_gsu_contentdm_image_ready_1830_1970_records.csv,GSU1970R028,SURF-GSU1970R028,1968,Unresolved region,Atlanta (Ga.); Fulton County (Ga.),"College student newspapers and periodicals; Universities and colleges; College student newspapers and periodicals; Universities and colleges; Georgia State College (Atlanta, Ga.); Georgia State University;; Atlanta (Ga.); Fulton County (Ga.)",Georgia State University Library Digital Collections / CONTENTdm,"Georgia State College Signal, 1968-10-10",https://digitalcollections.library.gsu.edu/digital/collection/signal/id/10378,United States,REG003,GEO025,auto_apply_candidate,medium,local_marker,"Atlanta (Ga.); Fulton County (Ga.) College student newspapers and periodicals; Universities and colleges; College student newspapers and periodicals; Universities and colleges; Georgia State College (Atlanta, Ga.); Georg","Exact controlled geography match; geography only, no rights or image-state upgrade."
capture_batch_gsu_contentdm_image_ready_1830_1970_records.csv,GSU1970R029,SURF-GSU1970R029,1968,Unresolved region,Atlanta (Ga.); Fulton County (Ga.),Social movements; Underground newspapers; Political ethics; Social movements; Underground newspapers; Political ethics; ; Atlanta (Ga.); Fulton County (Ga.),Georgia State University Library Digital Collections / CONTENTdm,"Great Speckled Bird v. 1 no. 4 (April 26, 1968)",https://digitalcollections.library.gsu.edu/digital/collection/GSB/id/10114,United States,REG003,GEO025,auto_apply_candidate,medium,local_marker,Atlanta (Ga.); Fulton County (Ga.) Social movements; Underground newspapers; Political ethics; Social movements; Underground newspapers; Political ethics; ; Atlanta (Ga.); Fulton County (Ga.) Great Speckled Bird v. 1 no.,"Exact controlled geography match; geography only, no rights or image-state upgrade."
capture_batch_gsu_contentdm_image_ready_1830_1970_records.csv,GSU1970R030,SURF-GSU1970R030,1969,Unresolved region,Atlanta (Ga.); Fulton County (Ga.),Social movements; Underground newspapers; Political ethics; Social movements; Underground newspapers; Political ethics; ; Atlanta (Ga.); Fulton County (Ga.),Georgia State University Library Digital Collections / CONTENTdm,"Great Speckled Bird v. 1 no. 32 [33] (February 7, 1969)",https://digitalcollections.library.gsu.edu/digital/collection/GSB/id/532,United States,REG003,GEO025,auto_apply_candidate,medium,local_marker,Atlanta (Ga.); Fulton County (Ga.) Social movements; Underground newspapers; Political ethics; Social movements; Underground newspapers; Political ethics; ; Atlanta (Ga.); Fulton County (Ga.) Great Speckled Bird v. 1 no.,"Exact controlled geography match; geography only, no rights or image-state upgrade."
capture_batch_gsu_contentdm_image_ready_1830_1970_records.csv,GSU1970R031,SURF-GSU1970R031,1969,Unresolved region,Atlanta (Ga.); Fulton County (Ga.),Social movements; Underground newspapers; Political ethics; Social movements; Underground newspapers; Political ethics; ; Atlanta (Ga.); Fulton County (Ga.),Georgia State University Library Digital Collections / CONTENTdm,"Great Speckled Bird v. 2 no. 23 (August 18, 1969)",https://digitalcollections.library.gsu.edu/digital/collection/GSB/id/1093,United States,REG003,GEO025,auto_apply_candidate,medium,local_marker,Atlanta (Ga.); Fulton County (Ga.) Social movements; Underground newspapers; Political ethics; Social movements; Underground newspapers; Political ethics; ; Atlanta (Ga.); Fulton County (Ga.) Great Speckled Bird v. 2 no.,"Exact controlled geography match; geography only, no rights or image-state upgrade."
capture_batch_gsu_contentdm_image_ready_1830_1970_records.csv,GSU1970R032,SURF-GSU1970R032,1969,Unresolved region,Atlanta (Ga.); Fulton County (Ga.),Social movements; Underground newspapers; Political ethics; Social movements; Underground newspapers; Political ethics; ; Atlanta (Ga.); Fulton County (Ga.),Georgia State University Library Digital Collections / CONTENTdm,"Great Speckled Bird v. 2 no. 39 (December 8, 1969)",https://digitalcollections.library.gsu.edu/digital/collection/GSB/id/1511,United States,REG003,GEO025,auto_apply_candidate,medium,local_marker,Atlanta (Ga.); Fulton County (Ga.) Social movements; Underground newspapers; Political ethics; Social movements; Underground newspapers; Political ethics; ; Atlanta (Ga.); Fulton County (Ga.) Great Speckled Bird v. 2 no.,"Exact controlled geography match; geography only, no rights or image-state upgrade."
capture_batch_gsu_contentdm_image_ready_1830_1970_records.csv,GSU1970R033,SURF-GSU1970R033,1970,Unresolved region,Atlanta (Ga.); Fulton County (Ga.),Social movements; Underground newspapers; Political ethics; Social movements; Underground newspapers; Political ethics; ; Atlanta (Ga.); Fulton County (Ga.),Georgia State University Library Digital Collections / CONTENTdm,"Great Speckled Bird v. 3 no. 18 (May 4, 1970)",https://digitalcollections.library.gsu.edu/digital/collection/GSB/id/1903,United States,REG003,GEO025,auto_apply_candidate,medium,local_marker,Atlanta (Ga.); Fulton County (Ga.) Social movements; Underground newspapers; Political ethics; Social movements; Underground newspapers; Political ethics; ; Atlanta (Ga.); Fulton County (Ga.) Great Speckled Bird v. 3 no.,"Exact controlled geography match; geography only, no rights or image-state upgrade."
capture_batch_gsu_contentdm_image_ready_1971_2026_records.csv,GSU2026R011,SURF-GSU2026R011,1971,Unresolved region,Clarkston (Ga.); DeKalb County (Ga.),Universities and colleges; College student newspapers and periodicals; Universities and colleges; College student newspapers and periodicals; Georgia Perimeter College; DeKalb College; Clarkston (Ga.); DeKalb County (Ga.),Georgia State University Library Digital Collections / CONTENTdm,"Open Door, 1971-03",https://digitalcollections.library.gsu.edu/digital/collection/gpc/id/9099,United States,REG003,GEO025,auto_apply_candidate,medium,local_marker,Clarkston (Ga.); DeKalb County (Ga.) Universities and colleges; College student newspapers and periodicals; Universities and colleges; College student newspapers and periodicals; Georgia Perimeter College; DeKalb College,"Exact controlled geography match; geography only, no rights or image-state upgrade."
capture_batch_gsu_contentdm_image_ready_1971_2026_records.csv,GSU2026R012,SURF-GSU2026R012,1971,Unresolved region,Atlanta (Ga.); Fulton County (Ga.);,"Posters; Patriotism; Recruiting and enlistment; Uncle Sam (Symbolic character);; Posters; Patriotism; Recruiting and enlistment; Uncle Sam (Symbolic character);; Flagg, James Montgomery, 1877-1960;; Atlanta (Ga.); Fulton County (Ga.);",Georgia State University Library Digital Collections / CONTENTdm,"Walter Botts with the famous Uncle Sam poster he posed for, 1971",https://digitalcollections.library.gsu.edu/digital/collection/ajc/id/12490,United States,REG003,GEO025,auto_apply_candidate,medium,local_marker,"Atlanta (Ga.); Fulton County (Ga.); Posters; Patriotism; Recruiting and enlistment; Uncle Sam (Symbolic character);; Posters; Patriotism; Recruiting and enlistment; Uncle Sam (Symbolic character);; Flagg, James Montgomer","Exact controlled geography match; geography only, no rights or image-state upgrade."
capture_batch_gsu_contentdm_image_ready_1971_2026_records.csv,GSU2026R013,SURF-GSU2026R013,1972,Unresolved region,Atlanta (Ga.); Fulton County (Ga.),Social movements; Underground newspapers; Political ethics; Social movements; Underground newspapers; Political ethics; ; Atlanta (Ga.); Fulton County (Ga.),Georgia State University Library Digital Collections / CONTENTdm,"Great Speckled Bird v. 5 no. 26 (July 3, 1972)",https://digitalcollections.library.gsu.edu/digital/collection/GSB/id/4724,United States,REG003,GEO025,auto_apply_candidate,medium,local_marker,Atlanta (Ga.); Fulton County (Ga.) Social movements; Underground newspapers; Political ethics; Social movements; Underground newspapers; Political ethics; ; Atlanta (Ga.); Fulton County (Ga.) Great Speckled Bird v. 5 no.,"Exact controlled geography match; geography only, no rights or image-state upgrade."
capture_batch_gsu_contentdm_image_ready_1971_2026_records.csv,GSU2026R014,SURF-GSU2026R014,1972,Unresolved region,Puerto Rico,Music festivals; Concerts;; Music festivals; Concerts;; ; Puerto Rico,Georgia State University Library Digital Collections / CONTENTdm,"Poster: Mar y Sol; Easter in the Caribbean with Music and Friends, The First International Puerto<br>Rican Pop Festival, April 1-3, 1972",https://digitalcollections.library.gsu.edu/digital/collection/popmusic/id/10760,Puerto Rico,REG003,,auto_specific_uncontrolled_candidate,medium,local_marker,"Puerto Rico Music festivals; Concerts;; Music festivals; Concerts;; ; Puerto Rico Poster: Mar y Sol; Easter in the Caribbean with Music and Friends, The First International Puerto<br>Rican Pop Festival, April 1-3, 1972 G",Puerto Rico is explicit but not yet represented in geographies.csv; keep as folder label and retain North America ref.
capture_batch_gsu_contentdm_image_ready_1971_2026_records.csv,GSU2026R017,SURF-GSU2026R017,1975,Unresolved region,Atlanta (Ga.); Cobb County (Ga.),Local transit; Drama; Music; Books; Art; Schools; Baseball; Finance; Grocers;; Local transit; Drama; Music; Books; Art; Schools; Baseball; Finance; Grocers;; ; Atlanta (Ga.); Cobb County (Ga.),Georgia State University Library Digital Collections / CONTENTdm,"Creative Loafing, 1975-07-12",https://digitalcollections.library.gsu.edu/digital/collection/CLATL/id/7094,United States,REG003,GEO025,auto_apply_candidate,medium,local_marker,Atlanta (Ga.); Cobb County (Ga.) Local transit; Drama; Music; Books; Art; Schools; Baseball; Finance; Grocers;; Local transit; Drama; Music; Books; Art; Schools; Baseball; Finance; Grocers;; ; Atlanta (Ga.); Cobb County ,"Exact controlled geography match; geography only, no rights or image-state upgrade."
capture_batch_gsu_contentdm_image_ready_1971_2026_records.csv,GSU2026R021,SURF-GSU2026R021,1975,Unresolved region,Washington (State),Aircraft industry--Employees--Labor unions; Aerospace industries--Employees--Labor unions; Machinists--Labor unions; Aircraft industry--Employees--Labor unions; Aerospace industries--Employees--Labor unions; Machinists--Labor unions; International Association,Georgia State University Library Digital Collections / CONTENTdm,"The 751 Aero Mechanic, 1975-09-04",https://digitalcollections.library.gsu.edu/digital/collection/IAM/id/113115,United States,REG003,GEO025,auto_apply_candidate,medium,local_marker,Washington (State) Aircraft industry--Employees--Labor unions; Aerospace industries--Employees--Labor unions; Machinists--Labor unions; Aircraft industry--Employees--Labor unions; Aerospace industries--Employees--Labor u,"Exact controlled geography match; geography only, no rights or image-state upgrade."
capture_batch_gsu_contentdm_image_ready_1971_2026_records.csv,GSU2026R001,SURF-GSU2026R001,1976,Unresolved region,Atlanta (Ga.);Fulton County (Ga.),Photographers; Photographers; Lane Brothers Commercial Photographers; Atlanta (Ga.);Fulton County (Ga.),Georgia State University Library Digital Collections / CONTENTdm,"Inventory of unscanned negatives in the Lane Brothers photographic collection, Corporate bodies series (number 5 of 6",https://digitalcollections.library.gsu.edu/digital/collection/lane/id/11520,United States,REG003,GEO025,auto_apply_candidate,medium,local_marker,"Atlanta (Ga.);Fulton County (Ga.) Photographers; Photographers; Lane Brothers Commercial Photographers; Atlanta (Ga.);Fulton County (Ga.) Inventory of unscanned negatives in the Lane Brothers photographic collection, Cor","Exact controlled geography match; geography only, no rights or image-state upgrade."
capture_batch_gsu_contentdm_image_ready_1971_2026_records.csv,GSU2026R002,SURF-GSU2026R002,1976,Unresolved region,Atlanta (Ga.);Fulton County (Ga.),Photographers; Photographers; Lane Brothers Commercial Photographers; Atlanta (Ga.);Fulton County (Ga.),Georgia State University Library Digital Collections / CONTENTdm,"Inventory of unscanned negatives in the Lane Brothers photographic collection, Things series (number 2 of 2)",https://digitalcollections.library.gsu.edu/digital/collection/lane/id/11552,United States,REG003,GEO025,auto_apply_candidate,medium,local_marker,"Atlanta (Ga.);Fulton County (Ga.) Photographers; Photographers; Lane Brothers Commercial Photographers; Atlanta (Ga.);Fulton County (Ga.) Inventory of unscanned negatives in the Lane Brothers photographic collection, Thi","Exact controlled geography match; geography only, no rights or image-state upgrade."
capture_batch_gsu_contentdm_image_ready_1971_2026_records.csv,GSU2026R023,SURF-GSU2026R023,1977,Unresolved region,Decatur (Ga.); DeKalb County (Ga.),Universities and colleges; College student newspapers and periodicals; Universities and colleges; College student newspapers and periodicals; Georgia Perimeter College; DeKalb Community College; Decatur (Ga.); DeKalb County (Ga.),Georgia State University Library Digital Collections / CONTENTdm,"Focus, 1977-03-03",https://digitalcollections.library.gsu.edu/digital/collection/gpc/id/11892,United States,REG003,GEO025,auto_apply_candidate,medium,local_marker,Decatur (Ga.); DeKalb County (Ga.) Universities and colleges; College student newspapers and periodicals; Universities and colleges; College student newspapers and periodicals; Georgia Perimeter College; DeKalb Community,"Exact controlled geography match; geography only, no rights or image-state upgrade."
capture_batch_gsu_contentdm_image_ready_1971_2026_records.csv,GSU2026R025,SURF-GSU2026R025,1979,Unresolved region,Atlanta (Ga.); Fulton County (Ga.);,"Biomass energy--Congresses and conventions--Posters; Biomass energy--Congresses and conventions--Posters; Chambers, Anne Cox, 1919-; Busbee, George, 1927-2004;; Atlanta (Ga.); Fulton County (Ga.);",Georgia State University Library Digital Collections / CONTENTdm,"Otto Kleiman and Anne Cox Chambers presenting Georgia Governor Busbee with a Bio-Energy '80, World Congress poster, Atlanta, Georgia, November 27, 1979.",https://digitalcollections.library.gsu.edu/digital/collection/ajc/id/2520,United States,REG003,GEO025,auto_apply_candidate,medium,local_marker,"Atlanta (Ga.); Fulton County (Ga.); Biomass energy--Congresses and conventions--Posters; Biomass energy--Congresses and conventions--Posters; Chambers, Anne Cox, 1919-; Busbee, George, 1927-2004;; Atlanta (Ga.); Fulton C","Exact controlled geography match; geography only, no rights or image-state upgrade."
capture_batch_gsu_contentdm_image_ready_1971_2026_records.csv,GSU2026R003,SURF-GSU2026R003,1981,Unresolved region,Southern States,"Authors, American; Journalism; Labor unions; Civil rights; Authors, American; Journalism; Labor unions; Civil rights; Kennedy, Stetson; Southern States",Georgia State University Library Digital Collections / CONTENTdm,"Biographical information, 1939-1981; undated",https://digitalcollections.library.gsu.edu/digital/collection/SKennedy/id/335,United States,REG003,GEO025,auto_apply_candidate,medium,local_marker,"Southern States Authors, American; Journalism; Labor unions; Civil rights; Authors, American; Journalism; Labor unions; Civil rights; Kennedy, Stetson; Southern States Biographical information, 1939-1981; undated Georgia","Exact controlled geography match; geography only, no rights or image-state upgrade."
capture_batch_gsu_contentdm_image_ready_1971_2026_records.csv,GSU2026R028,SURF-GSU2026R028,1981,Unresolved region,Atlanta (Ga.); Fulton County (Ga.),College student newspapers and periodicals; Universities and colleges; College student newspapers and periodicals; Universities and colleges; Georgia State University;; Atlanta (Ga.); Fulton County (Ga.),Georgia State University Library Digital Collections / CONTENTdm,"The Georgia State University Signal, 1981-04-28",https://digitalcollections.library.gsu.edu/digital/collection/signal/id/14482,United States,REG003,GEO025,auto_apply_candidate,medium,local_marker,Atlanta (Ga.); Fulton County (Ga.) College student newspapers and periodicals; Universities and colleges; College student newspapers and periodicals; Universities and colleges; Georgia State University;; Atlanta (Ga.); F,"Exact controlled geography match; geography only, no rights or image-state upgrade."
capture_batch_gsu_contentdm_image_ready_1971_2026_records.csv,GSU2026R037,SURF-GSU2026R037,1986,Unresolved region,Atlanta (Ga.); Fulton County (Ga.),College yearbooks; College yearbooks; Georgia State University; Atlanta (Ga.); Fulton County (Ga.),Georgia State University Library Digital Collections / CONTENTdm,"Rampway, 1986",https://digitalcollections.library.gsu.edu/digital/collection/yearbooks/id/10916,United States,REG003,GEO025,auto_apply_candidate,medium,local_marker,"Atlanta (Ga.); Fulton County (Ga.) College yearbooks; College yearbooks; Georgia State University; Atlanta (Ga.); Fulton County (Ga.) Rampway, 1986 Georgia State University Library Digital Collections / CONTENTdm https:/","Exact controlled geography match; geography only, no rights or image-state upgrade."
capture_batch_gsu_contentdm_image_ready_1971_2026_records.csv,GSU2026R038,SURF-GSU2026R038,1986,Unresolved region,Atlanta (Ga.);,; Unitarian Universalists--Periodicals; Gay men--Religious life--Periodicals; Lesbians--Religious life--Periodicals;; ; Unitarian Universalists--Periodicals; Gay men--Religious life--Periodicals; Lesbians--Religious life--Periodicals;; ; Atlanta (Ga.);,Georgia State University Library Digital Collections / CONTENTdm,"Unitarian Universalist Lesbian and Gay Community Newsletters, 1986",https://digitalcollections.library.gsu.edu/digital/collection/lgbtq/id/1107,United States,REG003,GEO025,auto_apply_candidate,medium,local_marker,Atlanta (Ga.); ; Unitarian Universalists--Periodicals; Gay men--Religious life--Periodicals; Lesbians--Religious life--Periodicals;; ; Unitarian Universalists--Periodicals; Gay men--Religious life--Periodicals; Lesbians-,"Exact controlled geography match; geography only, no rights or image-state upgrade."
capture_batch_gsu_contentdm_image_ready_1971_2026_records.csv,GSU2026R033,SURF-GSU2026R033,1988,Unresolved region,Atlanta (Ga.),"Elections; Labor unions; Civil rights;; Elections; Labor unions; Civil rights;; Dukakis, Michael S. (Michael Stanley), 1933-; Bentsen, Lloyd; Mondale, Walter F., 1928-2021; Ferraro, Geraldine; King, Martin Luther, Jr., 1929-1968; Mays, Benjamin E. (Benjamin El",Georgia State University Library Digital Collections / CONTENTdm,Posters and Calendar of Atlanta Black History,https://digitalcollections.library.gsu.edu/digital/collection/AFLCIO/id/137824,United States,REG003,GEO025,auto_apply_candidate,medium,local_marker,"Atlanta (Ga.) Elections; Labor unions; Civil rights;; Elections; Labor unions; Civil rights;; Dukakis, Michael S. (Michael Stanley), 1933-; Bentsen, Lloyd; Mondale, Walter F., 1928-2021; Ferraro, Geraldine; King, Martin ","Exact controlled geography match; geography only, no rights or image-state upgrade."
capture_batch_gsu_contentdm_image_ready_1971_2026_records.csv,GSU2026R039,SURF-GSU2026R039,1989,Unresolved region,Atlanta (Ga.); Fulton County (Ga.),AIDS (Disease); AIDS (Disease)--Prevention; AIDS (Disease)--Government policy; AIDS (Disease)--Patients; AIDS (Disease)--Treatment; Gay men; Protest movements; AIDS (Disease); AIDS (Disease)--Prevention; AIDS (Disease)--Government policy; AIDS (Disease)--Patie,Georgia State University Library Digital Collections / CONTENTdm,"HIV prescription medication, flyers, newspaper clippings, and information, 1987-1989",https://digitalcollections.library.gsu.edu/digital/collection/lgbtq/id/2085,United States,REG003,GEO025,auto_apply_candidate,medium,local_marker,Atlanta (Ga.); Fulton County (Ga.) AIDS (Disease); AIDS (Disease)--Prevention; AIDS (Disease)--Government policy; AIDS (Disease)--Patients; AIDS (Disease)--Treatment; Gay men; Protest movements; AIDS (Disease); AIDS (Dis,"Exact controlled geography match; geography only, no rights or image-state upgrade."
capture_batch_gsu_contentdm_image_ready_1971_2026_records.csv,GSU2026R042,SURF-GSU2026R042,1992,Unresolved region,Atlanta (Ga.); Fulton County (Ga.),College student newspapers and periodicals; Universities and colleges; College student newspapers and periodicals; Universities and colleges; Georgia State University;; Atlanta (Ga.); Fulton County (Ga.),Georgia State University Library Digital Collections / CONTENTdm,"Signal, 1992-03-03",https://digitalcollections.library.gsu.edu/digital/collection/signal/id/29640,United States,REG003,GEO025,auto_apply_candidate,medium,local_marker,Atlanta (Ga.); Fulton County (Ga.) College student newspapers and periodicals; Universities and colleges; College student newspapers and periodicals; Universities and colleges; Georgia State University;; Atlanta (Ga.); F,"Exact controlled geography match; geography only, no rights or image-state upgrade."
capture_batch_gsu_contentdm_image_ready_1971_2026_records.csv,GSU2026R043,SURF-GSU2026R043,1993,Unresolved region,Clarkston (Ga.); DeKalb County (Ga.); Decatur (Ga.); Dunwoody (Ga.),Universities and colleges; College student newspapers and periodicals; Universities and colleges; College student newspapers and periodicals; Georgia Perimeter College; DeKalb College; Clarkston (Ga.); DeKalb County (Ga.); Decatur (Ga.); Dunwoody (Ga.),Georgia State University Library Digital Collections / CONTENTdm,"The DeKalb Collegian, 1993-05-05",https://digitalcollections.library.gsu.edu/digital/collection/gpc/id/12291,United States,REG003,GEO025,auto_apply_candidate,medium,local_marker,Clarkston (Ga.); DeKalb County (Ga.); Decatur (Ga.); Dunwoody (Ga.) Universities and colleges; College student newspapers and periodicals; Universities and colleges; College student newspapers and periodicals; Georgia Pe,"Exact controlled geography match; geography only, no rights or image-state upgrade."
capture_batch_gsu_contentdm_image_ready_1971_2026_records.csv,GSU2026R046,SURF-GSU2026R046,1999,Unresolved region,Atlanta (Ga.); Fulton County (Ga.);,"Theater; Fund raising; Benefit auctions;; Theater; Fund raising; Benefit auctions;; 7 Stages Theatre (Atlanta, Ga.); Boehm, Philip. Mixtitlan;; Atlanta (Ga.); Fulton County (Ga.);",Georgia State University Library Digital Collections / CONTENTdm,"""Mixtitlan,"" by Philip Boehm, silent auction catalog for an ""Opening Night Fiesta,""at 7 Stages Theatre, Atlanta, Georgia, May 7, 1999. (14 pages)",https://digitalcollections.library.gsu.edu/digital/collection/popcul/id/1731,United States,REG003,GEO025,auto_apply_candidate,medium,local_marker,"Atlanta (Ga.); Fulton County (Ga.); Theater; Fund raising; Benefit auctions;; Theater; Fund raising; Benefit auctions;; 7 Stages Theatre (Atlanta, Ga.); Boehm, Philip. Mixtitlan;; Atlanta (Ga.); Fulton County (Ga.); ""Mix","Exact controlled geography match; geography only, no rights or image-state upgrade."
capture_batch_gsu_contentdm_image_ready_1971_2026_records.csv,GSU2026R047,SURF-GSU2026R047,2002,Unresolved region,Atlanta (Ga.); Fulton County (Ga.),College student newspapers and periodicals; Universities and colleges; College student newspapers and periodicals; Universities and colleges; Georgia State University;; Atlanta (Ga.); Fulton County (Ga.),Georgia State University Library Digital Collections / CONTENTdm,"Georgia State University Signal, 2002-10-15",https://digitalcollections.library.gsu.edu/digital/collection/signal/id/45927,United States,REG003,GEO025,auto_apply_candidate,medium,local_marker,Atlanta (Ga.); Fulton County (Ga.) College student newspapers and periodicals; Universities and colleges; College student newspapers and periodicals; Universities and colleges; Georgia State University;; Atlanta (Ga.); F,"Exact controlled geography match; geography only, no rights or image-state upgrade."
capture_batch_gsu_contentdm_image_ready_1971_2026_records.csv,GSU2026R048,SURF-GSU2026R048,2003,Unresolved region,Clarkston (Ga.); DeKalb County (Ga.); Decatur (Ga.); Dunwoody (Ga.); Alpharetta (Ga.); Fulton County (Ga.),Universities and colleges; College student newspapers and periodicals; Universities and colleges; College student newspapers and periodicals; Georgia Perimeter College; Clarkston (Ga.); DeKalb County (Ga.); Decatur (Ga.); Dunwoody (Ga.); Alpharetta (Ga.); Fult,Georgia State University Library Digital Collections / CONTENTdm,"The Collegian, 2003-12-08",https://digitalcollections.library.gsu.edu/digital/collection/gpc/id/14839,United States,REG003,GEO025,auto_apply_candidate,medium,local_marker,Clarkston (Ga.); DeKalb County (Ga.); Decatur (Ga.); Dunwoody (Ga.); Alpharetta (Ga.); Fulton County (Ga.) Universities and colleges; College student newspapers and periodicals; Universities and colleges; College student,"Exact controlled geography match; geography only, no rights or image-state upgrade."
capture_batch_gsu_contentdm_image_ready_1971_2026_records.csv,GSU2026R052,SURF-GSU2026R052,2013,Unresolved region,Atlanta (Ga.); Fulton County (Ga.),College student newspapers and periodicals; Universities and colleges; College student newspapers and periodicals; Universities and colleges; Georgia State University;; Atlanta (Ga.); Fulton County (Ga.),Georgia State University Library Digital Collections / CONTENTdm,"The Signal, 2013-10-08",https://digitalcollections.library.gsu.edu/digital/collection/signal/id/43679,United States,REG003,GEO025,auto_apply_candidate,medium,local_marker,Atlanta (Ga.); Fulton County (Ga.) College student newspapers and periodicals; Universities and colleges; College student newspapers and periodicals; Universities and colleges; Georgia State University;; Atlanta (Ga.); F,"Exact controlled geography match; geography only, no rights or image-state upgrade."
capture_batch_midcentury_expansion_1931_1970_records.csv,MX1970R066,SURF-MX1970R066,1970,Unresolved region,Global / transnational,graphic design history; poster; typography,Getty Research Portal,Graphic design history bibliography seed,https://portal.getty.edu/,Global / transnational,,GEO001,auto_apply_candidate,high,place_text,Global / transnational,"Exact controlled geography match; geography only, no rights or image-state upgrade."
capture_batch_midcentury_expansion_1931_1970_records.csv,MX1970R067,SURF-MX1970R067,1970,Unresolved region,Global / transnational,poster design; affiche; plakat; cartel,Getty Research Portal,Poster design bibliography seed,https://portal.getty.edu/,Global / transnational,,GEO001,auto_apply_candidate,high,place_text,Global / transnational,"Exact controlled geography match; geography only, no rights or image-state upgrade."
capture_batch_midcentury_expansion_1931_1970_records.csv,MX1970R068,SURF-MX1970R068,1970,Unresolved region,Global / transnational,typography; commercial art; advertising art,Getty Research Portal,Typography and commercial art bibliography seed,https://portal.getty.edu/,Global / transnational,,GEO001,auto_apply_candidate,high,place_text,Global / transnational,"Exact controlled geography match; geography only, no rights or image-state upgrade."
capture_batch_midcentury_expansion_1931_1970_records.csv,MX1970R040,SURF-MX1970R040,1931,Unresolved region,,,Internet Archive / text and periodical collections,commercial art and design,https://archive.org/details/commercialartdes0000rayj,,,,insufficient_evidence,low,,,No exact controlled geography or explicit macro path found; leave for manual review.
capture_batch_midcentury_expansion_1931_1970_records.csv,MX1970R026,SURF-MX1970R026,1936,Unresolved region,,,Internet Archive / text and periodical collections,Graphic Design,https://archive.org/details/bwb_S0-EBS-482,,,,insufficient_evidence,low,,,No exact controlled geography or explicit macro path found; leave for manual review.
capture_batch_midcentury_expansion_1931_1970_records.csv,MX1970R044,SURF-MX1970R044,1939,Unresolved region,,,Internet Archive / text and periodical collections,Commercial Art,https://archive.org/details/commercialart0000cewa,,,,insufficient_evidence,low,,,No exact controlled geography or explicit macro path found; leave for manual review.
capture_batch_midcentury_expansion_1931_1970_records.csv,MX1970R045,SURF-MX1970R045,1941,Unresolved region,,,Internet Archive / text and periodical collections,Cartooning and Commercial Art,https://archive.org/details/bwb_S0-DHV-277,,,,insufficient_evidence,low,,,No exact controlled geography or explicit macro path found; leave for manual review.
capture_batch_midcentury_expansion_1931_1970_records.csv,MX1970R046,SURF-MX1970R046,1949,Unresolved region,,,Internet Archive / text and periodical collections,TEACH YOURSELF COMMERCIAL ART.,https://archive.org/details/teachyourselfcom0000unse_h2p8,,,,insufficient_evidence,low,,,No exact controlled geography or explicit macro path found; leave for manual review.
capture_batch_midcentury_expansion_1931_1970_records.csv,MX1970R047,SURF-MX1970R047,1952,Unresolved region,,,Internet Archive / text and periodical collections,Commercial Art Techniques,https://archive.org/details/commercialarttec0000sral_y1y4,,,,insufficient_evidence,low,,,No exact controlled geography or explicit macro path found; leave for manual review.
capture_batch_midcentury_expansion_1931_1970_records.csv,MX1970R049,SURF-MX1970R049,1952,Unresolved region,,Commercial art,Internet Archive / text and periodical collections,Commercial art techniques : a practical self-instruction course and reference handbook. Over 500 illus. of methods and procedures,https://archive.org/details/commercialarttec00maur,,,,insufficient_evidence,low,,,No exact controlled geography or explicit macro path found; leave for manual review.
capture_batch_midcentury_expansion_1931_1970_records.csv,MX1970R048,SURF-MX1970R048,1952,Unresolved region,,,Internet Archive / text and periodical collections,commercial art techniques,https://archive.org/details/commercialarttec0000unse_n1z9,,,,insufficient_evidence,low,,,No exact controlled geography or explicit macro path found; leave for manual review.
capture_batch_midcentury_expansion_1931_1970_records.csv,MX1970R050,SURF-MX1970R050,1952,Unresolved region,,,Internet Archive / text and periodical collections,commercial art techniques,https://archive.org/details/commercialarttec0000unse,,,,insufficient_evidence,low,,,No exact controlled geography or explicit macro path found; leave for manual review.
capture_batch_midcentury_expansion_1931_1970_records.csv,MX1970R027,SURF-MX1970R027,1954,Unresolved region,,,Internet Archive / text and periodical collections,"Graphic Design with special reference to Lettering, Typography and Illustration",https://archive.org/details/graphicdesignwit0000jlew,,,,insufficient_evidence,low,,,No exact controlled geography or explicit macro path found; leave for manual review.
capture_batch_midcentury_expansion_1931_1970_records.csv,MX1970R028,SURF-MX1970R028,1954,Unresolved region,,,Internet Archive / text and periodical collections,graphic design,https://archive.org/details/bwb_Y0-BTJ-958,,,,insufficient_evidence,low,,,No exact controlled geography or explicit macro path found; leave for manual review.
capture_batch_midcentury_expansion_1931_1970_records.csv,MX1970R029,SURF-MX1970R029,1960,Unresolved region,,,Internet Archive / text and periodical collections,graphic design : a creative approach,https://archive.org/details/graphicdesigncre0000unse,,,,insufficient_evidence,low,,,No exact controlled geography or explicit macro path found; leave for manual review.
capture_batch_midcentury_expansion_1931_1970_records.csv,MX1970R052,SURF-MX1970R052,1963,Unresolved region,,,Internet Archive / text and periodical collections,Commercial art techniques;: A practical self-instruction course and reference handbook,https://archive.org/details/commercialarttec0000sral,,,,insufficient_evidence,low,,,No exact controlled geography or explicit macro path found; leave for manual review.
capture_batch_midcentury_expansion_1931_1970_records.csv,MX1970R053,SURF-MX1970R053,1963,Unresolved region,,Industrial arts; Commercial art; Education,Internet Archive / text and periodical collections,"Senior high school curriculum guide, Commercial art 12, 22, 32",https://archive.org/details/shscgcommercialart63albe,,,,insufficient_evidence,low,,,No exact controlled geography or explicit macro path found; leave for manual review.
capture_batch_midcentury_expansion_1931_1970_records.csv,MX1970R054,SURF-MX1970R054,1966,Unresolved region,,,Internet Archive / text and periodical collections,"Fell's Guide to commercial art,",https://archive.org/details/fellsguidetocomm0000royp,,,,insufficient_evidence,low,,,No exact controlled geography or explicit macro path found; leave for manual review.
capture_batch_midcentury_expansion_1931_1970_records.csv,MX1970R034,SURF-MX1970R034,1967,Unresolved region,,,Internet Archive / text and periodical collections,Alphabets and design: a text for beginning students in graphic design,https://archive.org/details/alphabetsdesignt0000mary,,,,insufficient_evidence,low,,,No exact controlled geography or explicit macro path found; leave for manual review.
capture_batch_midcentury_expansion_1931_1970_records.csv,MX1970R032,SURF-MX1970R032,1967,Unresolved region,,Franco Grignani,Internet Archive / text and periodical collections,"graphic design, issue n°28, 1967 – ‘Franco Grignani and his experimental graphics’ by Katzumie Masaru",https://archive.org/details/graphic-design-1967,,,,insufficient_evidence,low,,,No exact controlled geography or explicit macro path found; leave for manual review.
capture_batch_midcentury_expansion_1931_1970_records.csv,MX1970R035,SURF-MX1970R035,1968,Unresolved region,,Graphic arts -- Technique; Graphic design (Typography),Internet Archive / text and periodical collections,Graphic design and reproduction techniques,https://archive.org/details/graphicdesignrep0000croy_x9q8,,,,insufficient_evidence,low,,,No exact controlled geography or explicit macro path found; leave for manual review.
capture_batch_midcentury_expansion_1931_1970_records.csv,MX1970R037,SURF-MX1970R037,1970,Unresolved region,,,Internet Archive / text and periodical collections,Graphic Design for the Computer Age; Visual Communication for all Media.,https://archive.org/details/micro_IA41153118_0683,,,,insufficient_evidence,low,,,No exact controlled geography or explicit macro path found; leave for manual review.
capture_batch_midcentury_expansion_1931_1970_records.csv,MX1970R036,SURF-MX1970R036,1970,Unresolved region,,Commercial art -- Exhibitions; Commercial art -- Canada,Internet Archive / text and periodical collections,Graphic design Canada; Graphisme canadien. --,https://archive.org/details/graphicdesigncan0000soci,Canada,REG003,GEO026,auto_apply_candidate,medium,local_marker,Commercial art -- Exhibitions; Commercial art -- Canada Graphic design Canada; Graphisme canadien. -- Internet Archive / text and periodical collections https://archive.org/details/graphicdesigncan0000soci,"Exact controlled geography match; geography only, no rights or image-state upgrade."
capture_batch_edge_source_registry_context_1931_2026_records.csv,ESR1931R023,SURF-ESR1931R023,,Unresolved region,Czechia / Slovakia,Kramerius source-family discovery; protocol family registry; Eastern Europe; Czechia / Slovakia,Kramerius Registry,Registr Krameriů,https://registr.digitalniknihovna.cz/,Czech and Slovak contexts,REG002,GEO019,auto_apply_candidate,high,place_text,Czechia / Slovakia,"Exact controlled geography match; geography only, no rights or image-state upgrade."
capture_batch_early_region_1830_1880_records.csv,ER1830R004,SURF-ER1830R004,1863,Unresolved region,London,,Library of Congress loc.gov API,[Trade card for McKay Iron and Locomotive Works and an Arkansas railroad],https://www.loc.gov/pictures/item/2010646699/,United Kingdom,REG001,GEO003,auto_apply_candidate,medium,local_marker,London [Trade card for McKay Iron and Locomotive Works and an Arkansas railroad] Library of Congress loc.gov API https://www.loc.gov/pictures/item/2010646699/,"Exact controlled geography match; geography only, no rights or image-state upgrade."
capture_batch_early_region_1830_1880_records.csv,ER1830R008,SURF-ER1830R008,1869,Unresolved region,Berlin,,Library of Congress loc.gov API,Gardner's photographic advertising card,https://www.loc.gov/pictures/item/2007675841/,Germany,REG001,GEO006,auto_apply_candidate,medium,local_marker,Berlin Gardner's photographic advertising card Library of Congress loc.gov API https://www.loc.gov/pictures/item/2007675841/,"Exact controlled geography match; geography only, no rights or image-state upgrade."
capture_batch_early_region_1830_1880_records.csv,ER1830R017,SURF-ER1830R017,1880,Unresolved region,,,Library of Congress loc.gov API,"[Advertising card for play ""Deacon Crankett""]",https://www.loc.gov/pictures/item/2014646356/,,,,insufficient_evidence,low,,,No exact controlled geography or explicit macro path found; leave for manual review.
capture_batch_early_region_1830_1880_records.csv,ER1830R018,SURF-ER1830R018,1880,Unresolved region,"England, 19th century",,Library of Congress loc.gov API,[Pearsall Photography Studio trade card],https://www.loc.gov/pictures/item/2010635174/,United Kingdom,REG001,GEO003,auto_apply_candidate,medium,local_marker,"England, 19th century [Pearsall Photography Studio trade card] Library of Congress loc.gov API https://www.loc.gov/pictures/item/2010635174/","Exact controlled geography match; geography only, no rights or image-state upgrade."
capture_batch_early_region_1830_1880_records.csv,ER1830R019,SURF-ER1830R019,1880,Unresolved region,,,Library of Congress loc.gov API,"[Santa with toys in a sleigh, drawn by reindeer, with a church on the right and another in the distance]",https://www.loc.gov/pictures/item/2015651615/,,,,insufficient_evidence,low,,,No exact controlled geography or explicit macro path found; leave for manual review.
capture_batch_early_region_1830_1880_records.csv,ER1830R020,SURF-ER1830R020,1880,Unresolved region,,,Library of Congress loc.gov API,"[Ship at sea, under full sail, with five men in a rowboat under a partially obscured full moon]",https://www.loc.gov/pictures/item/2015651614/,,,,insufficient_evidence,low,,,No exact controlled geography or explicit macro path found; leave for manual review.
capture_batch_early_region_1830_1880_records.csv,ER1830R021,SURF-ER1830R021,1880,Unresolved region,,,Library of Congress loc.gov API,[Winter outing with people riding in horse-drawn sleighs across a snow covered landscape toward a church in the distance],https://www.loc.gov/pictures/item/2015651618/,,,,insufficient_evidence,low,,,No exact controlled geography or explicit macro path found; leave for manual review.
capture_batch_early_region_1830_1880_records.csv,ER1830R022,SURF-ER1830R022,1880,Unresolved region,,,Library of Congress loc.gov API,"[Winter scene with frozen waterwheel, a man with horse team and load of logs, and a church in the distance, under a full moon]",https://www.loc.gov/pictures/item/2015651616/,,,,insufficient_evidence,low,,,No exact controlled geography or explicit macro path found; leave for manual review.
capture_batch_early_region_1830_1880_records.csv,ER1830R023,SURF-ER1830R023,1880,Unresolved region,,,Library of Congress loc.gov API,"[Winter scene with horse team hauling logs on a sledge past a windmill, with snow covered landscape, under a full moon]",https://www.loc.gov/pictures/item/2015651617/,,,,insufficient_evidence,low,,,No exact controlled geography or explicit macro path found; leave for manual review.
capture_batch_early_region_1830_1930_records.csv,ER1830R024,SURF-ER1830R024,1884,Unresolved region,,,Library of Congress loc.gov API,Pluto,https://www.loc.gov/pictures/item/2010645617/,,,,insufficient_evidence,low,,,No exact controlled geography or explicit macro path found; leave for manual review.
capture_batch_early_region_1830_1930_records.csv,ER1830R026,SURF-ER1830R026,1886,Unresolved region,,"{""link"": ""https://www.loc.gov/pictures/related/?fi=subject&q=Stoves--1880-1890."", ""title"": ""Stoves--1880-1890.""}; {""link"": ""https://www.loc.gov/pictures/related/?fi=subject&q=Bonnets--1880-1890."", ""title"": ""Bonnets--1880-1890.""}",Library of Congress loc.gov API,Acorn stoves and ranges,https://www.loc.gov/pictures/item/2004666589/,,,,insufficient_evidence,low,,,No exact controlled geography or explicit macro path found; leave for manual review.
capture_batch_early_region_1830_1930_records.csv,ER1830R029,SURF-ER1830R029,1889,Unresolved region,,,Library of Congress loc.gov API,[Liebig's Extract of Meat Company trade card sets],https://www.loc.gov/pictures/item/2010646974/,,,,insufficient_evidence,low,,,No exact controlled geography or explicit macro path found; leave for manual review.
capture_batch_early_region_1830_1930_records.csv,ER1830R030,SURF-ER1830R030,1890,Unresolved region,,"{""link"": ""https://www.loc.gov/pictures/related/?fi=subject&q=Washing%20powders--1890-1900."", ""title"": ""Washing powders--1890-1900.""}; {""link"": ""https://www.loc.gov/pictures/related/?fi=subject&q=Cleaning--1890-1900."", ""title"": ""Cleaning--1890-1900.""}; {""link"":",Library of Congress loc.gov API,"Cats can, but Bon Ami can not scratch for it lacks grit",https://www.loc.gov/pictures/item/2015651602/,,,,insufficient_evidence,low,,,No exact controlled geography or explicit macro path found; leave for manual review.
capture_batch_early_region_1830_1930_records.csv,ER1830R062,SURF-ER1830R062,1900,Unresolved region,,,Library of Congress loc.gov API,"Moore, crayon artist and photographer",https://www.loc.gov/pictures/item/2010645616/,,,,insufficient_evidence,low,,,No exact controlled geography or explicit macro path found; leave for manual review.
capture_batch_early_region_1830_1930_records.csv,ER1830R063,SURF-ER1830R063,1902,Unresolved region,,Advertising cards--1900-1960.,Library of Congress loc.gov API,[Liebig Company trade cards],https://www.loc.gov/pictures/item/2020633675/,,,,insufficient_evidence,low,,,No exact controlled geography or explicit macro path found; leave for manual review.
capture_batch_early_region_1830_1930_records.csv,ER1830R077,SURF-ER1830R077,1930,Unresolved region,,"{""link"": ""https://www.loc.gov/pictures/related/?fi=subject&q=United%20States."", ""title"": ""United States.""}",Library of Congress loc.gov API,Schools. Trade card image,https://www.loc.gov/pictures/item/2018750887/,,,,insufficient_evidence,low,,,No exact controlled geography or explicit macro path found; leave for manual review.
capture_batch_midcentury_1930_1970_records.csv,MC1930R008,SURF-MC1930R008,1935,Unresolved region,,,Library of Congress loc.gov API,"[Poster designs for WPA, Army, Air Force, Fitzsimmons General Hospital Reconditioning Service]",https://www.loc.gov/pictures/item/2010633924/,United States,REG003,GEO025,auto_apply_candidate,medium,local_marker,"[Poster designs for WPA, Army, Air Force, Fitzsimmons General Hospital Reconditioning Service] Library of Congress loc.gov API https://www.loc.gov/pictures/item/2010633924/","Exact controlled geography match; geography only, no rights or image-state upgrade."
capture_batch_midcentury_1930_1970_records.csv,MC1930R010,SURF-MC1930R010,1936,Unresolved region,,"{""link"": ""https://www.loc.gov/pictures/related/?fi=subject&q=Books--1930-1940."", ""title"": ""Books--1930-1940.""}; {""link"": ""https://www.loc.gov/pictures/related/?fi=subject&q=Conservation%20%26%20restoration--1930-1940."", ""title"": ""Conservation & restoration--19",Library of Congress loc.gov API,A book mark would be better!,https://www.loc.gov/pictures/item/2011645389/,,,,insufficient_evidence,low,,,No exact controlled geography or explicit macro path found; leave for manual review.
capture_batch_midcentury_1930_1970_records.csv,MC1930R011,SURF-MC1930R011,1936,Unresolved region,,"{""link"": ""https://www.loc.gov/pictures/related/?fi=subject&q=Art%20exhibitions--Massachusetts--Boston--1930-1940."", ""title"": ""Art exhibitions--Massachusetts--Boston--1930-1940.""}",Library of Congress loc.gov API,Exhibition - WPA Federal Art Project,https://www.loc.gov/pictures/item/98513179/,United States,REG003,GEO025,auto_apply_candidate,medium,local_marker,"{""link"": ""https://www.loc.gov/pictures/related/?fi=subject&q=Art%20exhibitions--Massachusetts--Boston--1930-1940."", ""title"": ""Art exhibitions--Massachusetts--Boston--1930-1940.""} Exhibition - WPA Federal Art Project Libr","Exact controlled geography match; geography only, no rights or image-state upgrade."
capture_batch_midcentury_1930_1970_records.csv,MC1930R012,SURF-MC1930R012,1936,Unresolved region,,Animal shows--Illinois--1930-1940.; Recreation--Illinois--1930-1940.; Pets--1930-1940.; Posters--1930-1940.; Screen prints--Color--1930-1940.,Library of Congress loc.gov API,"Pet show WPA recreation project, Dist. No. 2 /",https://www.loc.gov/pictures/item/98510115/,United States,REG003,GEO025,auto_apply_candidate,medium,local_marker,"Animal shows--Illinois--1930-1940.; Recreation--Illinois--1930-1940.; Pets--1930-1940.; Posters--1930-1940.; Screen prints--Color--1930-1940. Pet show WPA recreation project, Dist. No. 2 / Library of Congress loc.gov API","Exact controlled geography match; geography only, no rights or image-state upgrade."
capture_batch_midcentury_1930_1970_records.csv,MC1930R014,SURF-MC1930R014,1936,Unresolved region,,"{""link"": ""https://www.loc.gov/pictures/related/?fi=subject&q=Art%20exhibitions--Massachusetts--Boston--1930-1940."", ""title"": ""Art exhibitions--Massachusetts--Boston--1930-1940.""}",Library of Congress loc.gov API,WPA Federal Art Project exhibition - mural studies,https://www.loc.gov/pictures/item/98513156/,United States,REG003,GEO025,auto_apply_candidate,medium,local_marker,"{""link"": ""https://www.loc.gov/pictures/related/?fi=subject&q=Art%20exhibitions--Massachusetts--Boston--1930-1940."", ""title"": ""Art exhibitions--Massachusetts--Boston--1930-1940.""} WPA Federal Art Project exhibition - mura","Exact controlled geography match; geography only, no rights or image-state upgrade."
capture_batch_midcentury_1930_1970_records.csv,MC1930R016,SURF-MC1930R016,1936,Unresolved region,,Art exhibitions--Massachusetts--Boston--1930-1940.; Printmaking--1930-1940.; Watercolors--1930-1940.; Exhibition posters--1930-1940.; Screen prints--Color--1930-1940.,Library of Congress loc.gov API,"WPA exhibition water colors [and] prints, Federal Art Gallery /",https://www.loc.gov/pictures/item/98518022/,United States,REG003,GEO025,auto_apply_candidate,medium,local_marker,"Art exhibitions--Massachusetts--Boston--1930-1940.; Printmaking--1930-1940.; Watercolors--1930-1940.; Exhibition posters--1930-1940.; Screen prints--Color--1930-1940. WPA exhibition water colors [and] prints, Federal Art","Exact controlled geography match; geography only, no rights or image-state upgrade."
capture_batch_midcentury_1930_1970_records.csv,MC1930R017,SURF-MC1930R017,1936,Unresolved region,,"{""link"": ""https://www.loc.gov/pictures/related/?fi=subject&q=Montclair%20Art%20Museum--Exhibitions%20%26%20displays--1930-1940."", ""title"": ""Montclair Art Museum--Exhibitions & displays--1930-1940.""}; {""link"": ""https://www.loc.gov/pictures/related/?fi=subject&q",Library of Congress loc.gov API,"WPA federal art regional exhibit, Montclair Museum Easel painting, graphic arts, poster display, index of design.",https://www.loc.gov/pictures/item/98513298/,United States,REG003,GEO025,auto_apply_candidate,medium,local_marker,"{""link"": ""https://www.loc.gov/pictures/related/?fi=subject&q=Montclair%20Art%20Museum--Exhibitions%20%26%20displays--1930-1940."", ""title"": ""Montclair Art Museum--Exhibitions & displays--1930-1940.""}; {""link"": ""https://ww","Exact controlled geography match; geography only, no rights or image-state upgrade."
capture_batch_midcentury_1930_1970_records.csv,MC1930R018,SURF-MC1930R018,1936,Unresolved region,,"{""link"": ""https://www.loc.gov/pictures/related/?fi=subject&q=Art%20exhibitions--Massachusetts--Boston--1930-1940."", ""title"": ""Art exhibitions--Massachusetts--Boston--1930-1940.""}",Library of Congress loc.gov API,"WPA water colors, prints exhibition, Federal Art Gallery",https://www.loc.gov/pictures/item/98513183/,United States,REG003,GEO025,auto_apply_candidate,medium,local_marker,"{""link"": ""https://www.loc.gov/pictures/related/?fi=subject&q=Art%20exhibitions--Massachusetts--Boston--1930-1940."", ""title"": ""Art exhibitions--Massachusetts--Boston--1930-1940.""} WPA water colors, prints exhibition, Fede","Exact controlled geography match; geography only, no rights or image-state upgrade."
capture_batch_midcentury_1930_1970_records.csv,MC1930R019,SURF-MC1930R019,1936,Unresolved region,,"{""link"": ""https://www.loc.gov/pictures/related/?fi=subject&q=Art%20exhibitions--Massachusetts--Boston--1930-1940."", ""title"": ""Art exhibitions--Massachusetts--Boston--1930-1940.""}; {""link"": ""https://www.loc.gov/pictures/related/?fi=subject&q=Women--1930-1940."",",Library of Congress loc.gov API,"WPA women painters, Federal Art Gallery, 50 Beacon St., Boston",https://www.loc.gov/pictures/item/98513191/,United States,REG003,GEO025,auto_apply_candidate,medium,local_marker,"{""link"": ""https://www.loc.gov/pictures/related/?fi=subject&q=Art%20exhibitions--Massachusetts--Boston--1930-1940."", ""title"": ""Art exhibitions--Massachusetts--Boston--1930-1940.""}; {""link"": ""https://www.loc.gov/pictures/r","Exact controlled geography match; geography only, no rights or image-state upgrade."
capture_batch_midcentury_1930_1970_records.csv,MC1930R020,SURF-MC1930R020,1936,Unresolved region,,"{""link"": ""https://www.loc.gov/pictures/related/?fi=subject&q=American%20guide%20series."", ""title"": ""American guide series.""}; {""link"": ""https://www.loc.gov/pictures/related/?fi=subject&q=Apes--New%20York%20%28State%29--1930-1940."", ""title"": ""Apes--New York (St",Library of Congress loc.gov API,"Who's who in the zoo Illustrated natural history prepared by the WPA Federal Writers Project : On sale at all book stores, zoos, and museums.",https://www.loc.gov/pictures/item/98514973/,United States,REG003,GEO025,auto_apply_candidate,medium,local_marker,"{""link"": ""https://www.loc.gov/pictures/related/?fi=subject&q=American%20guide%20series."", ""title"": ""American guide series.""}; {""link"": ""https://www.loc.gov/pictures/related/?fi=subject&q=Apes--New%20York%20%28State%29--1","Exact controlled geography match; geography only, no rights or image-state upgrade."
capture_batch_midcentury_1930_1970_records.csv,MC1930R021,SURF-MC1930R021,1936,Unresolved region,,"{""link"": ""https://www.loc.gov/pictures/related/?fi=subject&q=Entertainment--United%20States."", ""title"": ""Entertainment--United States.""}; {""link"": ""https://www.loc.gov/pictures/related/?fi=subject&q=Health--United%20States."", ""title"": ""Health--United States.""}",Library of Congress loc.gov API,Work Projects Administration poster collection (Library of Congress),https://www.loc.gov/pictures/item/2005682800/,United States,REG003,GEO025,auto_apply_candidate,medium,local_marker,"{""link"": ""https://www.loc.gov/pictures/related/?fi=subject&q=Entertainment--United%20States."", ""title"": ""Entertainment--United States.""}; {""link"": ""https://www.loc.gov/pictures/related/?fi=subject&q=Health--United%20Stat","Exact controlled geography match; geography only, no rights or image-state upgrade."
capture_batch_midcentury_1930_1970_records.csv,MC1930R022,SURF-MC1930R022,1936,Unresolved region,,,Library of Congress loc.gov API,[WPA Federal Music Project posters announcing Ernst Bacon musical events],https://www.loc.gov/pictures/item/2010651945/,United States,REG003,GEO025,auto_apply_candidate,medium,local_marker,[WPA Federal Music Project posters announcing Ernst Bacon musical events] Library of Congress loc.gov API https://www.loc.gov/pictures/item/2010651945/,"Exact controlled geography match; geography only, no rights or image-state upgrade."
capture_batch_midcentury_1930_1970_records.csv,MC1930R025,SURF-MC1930R025,1936,Unresolved region,,"{""link"": ""https://www.loc.gov/pictures/related/?fi=subject&q=Economic%20%26%20social%20conditions--New%20York%20%28State%29--New%20York--1930-1950."", ""title"": ""Economic & social conditions--New York (State)--New York--1930-1950.""}",Library of Congress loc.gov API,[WPA poster design showing the head and hands of a woman holding flowers and wheat above a blank banner],https://www.loc.gov/pictures/item/98515019/,United States,REG003,GEO025,auto_apply_candidate,medium,local_marker,"{""link"": ""https://www.loc.gov/pictures/related/?fi=subject&q=Economic%20%26%20social%20conditions--New%20York%20%28State%29--New%20York--1930-1950."", ""title"": ""Economic & social conditions--New York (State)--New York--19","Exact controlled geography match; geography only, no rights or image-state upgrade."
capture_batch_midcentury_1930_1970_records.csv,MC1930R026,SURF-MC1930R026,1936,Unresolved region,,,Library of Congress loc.gov API,[WPA posters],https://www.loc.gov/pictures/item/2010646678/,United States,REG003,GEO025,auto_apply_candidate,medium,local_marker,[WPA posters] Library of Congress loc.gov API https://www.loc.gov/pictures/item/2010646678/,"Exact controlled geography match; geography only, no rights or image-state upgrade."
capture_batch_midcentury_1930_1970_records.csv,MC1930R029,SURF-MC1930R029,1938,Unresolved region,,Art exhibitions--Ohio--1930-1940.; Exhibition posters--1930-1940.; Screen prints--Color--1930-1940.,Library of Congress loc.gov API,Ohio WPA paintings through March,https://www.loc.gov/pictures/item/98517082/,United States,REG003,GEO025,auto_apply_candidate,medium,local_marker,Art exhibitions--Ohio--1930-1940.; Exhibition posters--1930-1940.; Screen prints--Color--1930-1940. Ohio WPA paintings through March Library of Congress loc.gov API https://www.loc.gov/pictures/item/98517082/,"Exact controlled geography match; geography only, no rights or image-state upgrade."
capture_batch_midcentury_1930_1970_records.csv,MC1930R031,SURF-MC1930R031,1938,Unresolved region,,"{""link"": ""https://www.loc.gov/pictures/related/?fi=subject&q=Art%20exhibitions--Massachusetts--Boston--1930-1940."", ""title"": ""Art exhibitions--Massachusetts--Boston--1930-1940.""}",Library of Congress loc.gov API,"WPA Federal Art Project exhibition, 77 Newbury St., Boston, Nov. 28, Dec. 10, 1938",https://www.loc.gov/pictures/item/92510123/,United States,REG003,GEO025,auto_apply_candidate,medium,local_marker,"{""link"": ""https://www.loc.gov/pictures/related/?fi=subject&q=Art%20exhibitions--Massachusetts--Boston--1930-1940."", ""title"": ""Art exhibitions--Massachusetts--Boston--1930-1940.""} WPA Federal Art Project exhibition, 77 Ne","Exact controlled geography match; geography only, no rights or image-state upgrade."
capture_batch_midcentury_1930_1970_records.csv,MC1930R032,SURF-MC1930R032,1939,Unresolved region,,Art exhibitions--Massachusetts--Boston--1930-1940.; Exhibition posters--1930-1940.; Screen prints--Color--1930-1940.; Watercolors--1930-1940.,Library of Congress loc.gov API,Federal Art exhibition WPA water colors.,https://www.loc.gov/pictures/item/98517981/,United States,REG003,GEO025,auto_apply_candidate,medium,local_marker,Art exhibitions--Massachusetts--Boston--1930-1940.; Exhibition posters--1930-1940.; Screen prints--Color--1930-1940.; Watercolors--1930-1940. Federal Art exhibition WPA water colors. Library of Congress loc.gov API https,"Exact controlled geography match; geography only, no rights or image-state upgrade."
capture_batch_midcentury_1930_1970_records.csv,MC1930R033,SURF-MC1930R033,1939,Unresolved region,,Recreation--Illinois--1930-1940.; Sports--Illinois--1930-1940.; Tennis players--Illinois--1930-1940.; Posters--1930-1940.; Screen prints--Color--1930-1940.,Library of Congress loc.gov API,"Field day--WPA recreation project, Dist. No. 2",https://www.loc.gov/pictures/item/98508979/,United States,REG003,GEO025,auto_apply_candidate,medium,local_marker,"Recreation--Illinois--1930-1940.; Sports--Illinois--1930-1940.; Tennis players--Illinois--1930-1940.; Posters--1930-1940.; Screen prints--Color--1930-1940. Field day--WPA recreation project, Dist. No. 2 Library of Congre","Exact controlled geography match; geography only, no rights or image-state upgrade."
capture_batch_midcentury_1930_1970_records.csv,MC1930R034,SURF-MC1930R034,1939,Unresolved region,,"Loeb, Dorothy.; Lazzell, Blanche.; Art exhibitions--Massachusetts--Boston--1930-1940.; Exhibition posters--1930-1940.; Screen prints--Color--1930-1940.",Library of Congress loc.gov API,"WPA exhibition [of] Dorothy Loeb [and] Blanche Lazzell Federal Art Gallery, 77 Newbury St. Boston /",https://www.loc.gov/pictures/item/98513244/,United States,REG003,GEO025,auto_apply_candidate,medium,local_marker,"Loeb, Dorothy.; Lazzell, Blanche.; Art exhibitions--Massachusetts--Boston--1930-1940.; Exhibition posters--1930-1940.; Screen prints--Color--1930-1940. WPA exhibition [of] Dorothy Loeb [and] Blanche Lazzell Federal Art G","Exact controlled geography match; geography only, no rights or image-state upgrade."
capture_batch_midcentury_1930_1970_records.csv,MC1930R035,SURF-MC1930R035,1939,Unresolved region,,"Loeb, Dorothy.; Lazzell, Blanche.; Art exhibitions--Massachusetts--Boston--1930-1940.; Exhibition posters--1930-1940.; Screen prints--Color--1930-1940.",Library of Congress loc.gov API,"WPA exhibition [of] Dorothy Loeb [and] Blanche Lazzell Federal Art Gallery, 77 Newbury St. Boston /",https://www.loc.gov/pictures/item/98513249/,United States,REG003,GEO025,auto_apply_candidate,medium,local_marker,"Loeb, Dorothy.; Lazzell, Blanche.; Art exhibitions--Massachusetts--Boston--1930-1940.; Exhibition posters--1930-1940.; Screen prints--Color--1930-1940. WPA exhibition [of] Dorothy Loeb [and] Blanche Lazzell Federal Art G","Exact controlled geography match; geography only, no rights or image-state upgrade."
capture_batch_midcentury_1930_1970_records.csv,MC1930R036,SURF-MC1930R036,1939,Unresolved region,,Economic & social conditions--1930-1950.; Rumor--1930-1950.; Wolves--1930-1950.; Posters--1930-1950.; Screen prints--Color--1930-1950.,Library of Congress loc.gov API,WPA rumor,https://www.loc.gov/pictures/item/93511160/,United States,REG003,GEO025,auto_apply_candidate,medium,local_marker,Economic & social conditions--1930-1950.; Rumor--1930-1950.; Wolves--1930-1950.; Posters--1930-1950.; Screen prints--Color--1930-1950. WPA rumor Library of Congress loc.gov API https://www.loc.gov/pictures/item/93511160/,"Exact controlled geography match; geography only, no rights or image-state upgrade."
capture_batch_midcentury_1930_1970_records.csv,MC1930R040,SURF-MC1930R040,1941,Unresolved region,,,Library of Congress loc.gov API,"To speak up for democracy read up on democracy; 1791/1941 Freedom of expression and religion, Freedom from want & fear everywhere in the world-FDR; All out for defense of democracy; Strengthen good neighbor policy [WPA posters]",https://www.loc.gov/pictures/item/2010633532/,United States,REG003,GEO025,auto_apply_candidate,medium,local_marker,"To speak up for democracy read up on democracy; 1791/1941 Freedom of expression and religion, Freedom from want & fear everywhere in the world-FDR; All out for defense of democracy; Strengthen good neighbor policy [WPA p","Exact controlled geography match; geography only, no rights or image-state upgrade."
capture_batch_smithsonian_oa_image_ready_1830_1970_records.csv,SI1970R001,SURF-SI1970R001,1830,Unresolved region,USA; USA,Trade cards,Smithsonian Open Access,"Trade Card of John Williams, Clothier",https://collection.cooperhewitt.org/view/objects/asitem/id/79923,United States,REG003,GEO025,auto_apply_candidate,high,place_text,USA; USA,"Exact controlled geography match; geography only, no rights or image-state upgrade."
capture_batch_smithsonian_oa_image_ready_1830_1970_records.csv,SI1970R007,SURF-SI1970R007,1880,Unresolved region,Europe and USA; Europe and USA,Trade cards; Ephemera,Smithsonian Open Access,Advertisement for Hudson Clothier,https://collection.cooperhewitt.org/view/objects/asitem/id/131761,Global / transnational,,GEO001,keep_global_context,medium,place_text,Europe and USA; Europe and USA,Explicit Europe/USA transnational place label; do not collapse to one country.
capture_batch_smithsonian_oa_image_ready_1830_1970_records.csv,SI1970R008,SURF-SI1970R008,1880,Unresolved region,Europe and USA; Europe and USA,Trade cards; Ephemera,Smithsonian Open Access,Advertisement for Patented Medicine,https://collection.cooperhewitt.org/view/objects/asitem/id/131489,Global / transnational,,GEO001,keep_global_context,medium,place_text,Europe and USA; Europe and USA,Explicit Europe/USA transnational place label; do not collapse to one country.
capture_batch_smithsonian_oa_image_ready_1830_1970_records.csv,SI1970R009,SURF-SI1970R009,1880,Unresolved region,Europe and USA; Europe and USA,Trade cards; Ephemera,Smithsonian Open Access,Advertisement for Patented Medicine,https://collection.cooperhewitt.org/view/objects/asitem/id/131499,Global / transnational,,GEO001,keep_global_context,medium,place_text,Europe and USA; Europe and USA,Explicit Europe/USA transnational place label; do not collapse to one country.
capture_batch_smithsonian_oa_image_ready_1830_1970_records.csv,SI1970R010,SURF-SI1970R010,1880,Unresolved region,Europe and USA; Europe and USA,Trade cards; Ephemera,Smithsonian Open Access,Advertisement for Sewing Equipment,https://collection.cooperhewitt.org/view/objects/asitem/id/131734,Global / transnational,,GEO001,keep_global_context,medium,place_text,Europe and USA; Europe and USA,Explicit Europe/USA transnational place label; do not collapse to one country.
capture_batch_midcentury_1930_1970_records.csv,MC1930R007,SURF-MC1930R007,1933,Unresolved region,,,The Met Open Access,Costume Ball Poster,https://www.metmuseum.org/art/collection/search/396097,,,,insufficient_evidence,low,,,No exact controlled geography or explicit macro path found; leave for manual review.
capture_batch_midcentury_1930_1970_records.csv,MC1930R071,SURF-MC1930R071,1963,Unresolved region,,,The Met Open Access,"Danza actual: Marilú Marini, Aida Laib, Ana Kamien",https://www.metmuseum.org/art/collection/search/841349,,,,insufficient_evidence,low,,,No exact controlled geography or explicit macro path found; leave for manual review.
capture_batch_midcentury_1930_1970_records.csv,MC1930R072,SURF-MC1930R072,1963,Unresolved region,,,The Met Open Access,Jewish Museum Poster,https://www.metmuseum.org/art/collection/search/346991,,,,insufficient_evidence,low,,,No exact controlled geography or explicit macro path found; leave for manual review.
capture_batch_midcentury_1930_1970_records.csv,MC1930R073,SURF-MC1930R073,1964,Unresolved region,,,The Met Open Access,"Danza, Primera aproximación",https://www.metmuseum.org/art/collection/search/841355,,,,insufficient_evidence,low,,,No exact controlled geography or explicit macro path found; leave for manual review.
capture_batch_midcentury_1930_1970_records.csv,MC1930R074,SURF-MC1930R074,1964,Unresolved region,,,The Met Open Access,Edgardo Giménez en la galería Rioboo,https://www.metmuseum.org/art/collection/search/841356,,,,insufficient_evidence,low,,,No exact controlled geography or explicit macro path found; leave for manual review.
capture_batch_midcentury_1930_1970_records.csv,MC1930R075,SURF-MC1930R075,1965,Unresolved region,,,The Met Open Access,"Carlos Squirru Produzca más, modifique su esqueleto",https://www.metmuseum.org/art/collection/search/841358,,,,insufficient_evidence,low,,,No exact controlled geography or explicit macro path found; leave for manual review.
capture_batch_midcentury_1930_1970_records.csv,MC1930R076,SURF-MC1930R076,1965,Unresolved region,,,The Met Open Access,Dalila Puzzovio La matabrujas de más calidad,https://www.metmuseum.org/art/collection/search/841359,,,,insufficient_evidence,low,,,No exact controlled geography or explicit macro path found; leave for manual review.
capture_batch_midcentury_1930_1970_records.csv,MC1930R078,SURF-MC1930R078,1965,Unresolved region,,,The Met Open Access,"Phone, for Life Magazine",https://www.metmuseum.org/art/collection/search/662369,,,,insufficient_evidence,low,,,No exact controlled geography or explicit macro path found; leave for manual review.
capture_batch_midcentury_1930_1970_records.csv,MC1930R081,SURF-MC1930R081,1967,Unresolved region,,,The Met Open Access,Arte 67,https://www.metmuseum.org/art/collection/search/841362,,,,insufficient_evidence,low,,,No exact controlled geography or explicit macro path found; leave for manual review.
capture_batch_midcentury_1930_1970_records.csv,MC1930R082,SURF-MC1930R082,1967,Unresolved region,,,The Met Open Access,"Edgardo Giménez, Edgardo Giménez, Edgardo Giménez",https://www.metmuseum.org/art/collection/search/841364,,,,insufficient_evidence,low,,,No exact controlled geography or explicit macro path found; leave for manual review.
capture_batch_midcentury_1930_1970_records.csv,MC1930R085,SURF-MC1930R085,1967,Unresolved region,,,The Met Open Access,Knoll International Poster,https://www.metmuseum.org/art/collection/search/711046,,,,insufficient_evidence,low,,,No exact controlled geography or explicit macro path found; leave for manual review.
capture_batch_midcentury_1930_1970_records.csv,MC1930R092,SURF-MC1930R092,1969,Unresolved region,,,The Met Open Access,Untitled (Green Goat),https://www.metmuseum.org/art/collection/search/841366,,,,insufficient_evidence,low,,,No exact controlled geography or explicit macro path found; leave for manual review.
capture_batch_midcentury_1930_1970_records.csv,MC1930R093,SURF-MC1930R093,1970,Unresolved region,,,The Met Open Access,Love (Butterfly),https://www.metmuseum.org/art/collection/search/841367,,,,insufficient_evidence,low,,,No exact controlled geography or explicit macro path found; leave for manual review.
capture_batch_midcentury_1930_1970_records.csv,MC1930R095,SURF-MC1930R095,1970,Unresolved region,,,The Met Open Access,Untitled (Fuera de caja proof),https://www.metmuseum.org/art/collection/search/841368,,,,insufficient_evidence,low,,,No exact controlled geography or explicit macro path found; leave for manual review.
capture_batch_001_records.csv,ECAP030,SURF-ECAP030,,Unresolved region,USA,,V&A Collections API,Political Poster Show 1977,https://collections.vam.ac.uk/item/O1010317/,United States,REG003,GEO025,auto_apply_candidate,high,place_text,USA,"Exact controlled geography match; geography only, no rights or image-state upgrade."
capture_batch_early_region_1830_1930_records.csv,ER1830R054,SURF-ER1830R054,1896,Unresolved region,USA,Posters; Books; Advertising,V&A Collections API,Picture Posters,https://collections.vam.ac.uk/item/O1024553/,United States,REG003,GEO025,auto_apply_candidate,high,place_text,USA,"Exact controlled geography match; geography only, no rights or image-state upgrade."
capture_batch_midcentury_1930_1970_records.csv,MC1930R009,SURF-MC1930R009,1936,Unresolved region,Union of Soviet Socialist Republics,Prints; Advertising; Posters,V&A Collections API,Poster,https://collections.vam.ac.uk/item/O90294/,Russia / USSR contexts,REG002,GEO016,auto_apply_candidate,high,place_text,Union of Soviet Socialist Republics,"Exact controlled geography match; geography only, no rights or image-state upgrade."
capture_batch_midcentury_1930_1970_records.csv,MC1930R061,SURF-MC1930R061,1951,Unresolved region,Norway,Prints; Advertising; Posters,V&A Collections API,Norway: the Cradle of Skiing,https://collections.vam.ac.uk/item/O591858/,,,,insufficient_evidence,low,,,No exact controlled geography or explicit macro path found; leave for manual review.
capture_batch_midcentury_1930_1970_records.csv,MC1930R079,SURF-MC1930R079,1966,Unresolved region,USA,Prints; Posters; Portraits,V&A Collections API,Toulouse-Lautrec,https://collections.vam.ac.uk/item/O693304/,United States,REG003,GEO025,auto_apply_candidate,high,place_text,USA,"Exact controlled geography match; geography only, no rights or image-state upgrade."
capture_batch_image_ready_1931_1970_records.csv,IR1970R065,SURF-IR1970R065,1967,Unresolved region,Dallas,Prints; Posters,V&A Collections API,"Poster Show...Neiman Marcus, Dallas",https://collections.vam.ac.uk/item/O75374/,,,,insufficient_evidence,low,,,No exact controlled geography or explicit macro path found; leave for manual review.
capture_batch_midcentury_1930_1970_records.csv,MC1930R087,SURF-MC1930R087,1967,Unresolved region,USA,Posters,V&A Collections API,Presented in San Francisco by Bill Graham...,https://collections.vam.ac.uk/item/O693294/,United States,REG003,GEO025,auto_apply_candidate,high,place_text,USA,"Exact controlled geography match; geography only, no rights or image-state upgrade."
capture_batch_midcentury_1930_1970_records.csv,MC1930R091,SURF-MC1930R091,1969,Unresolved region,America,Posters,V&A Collections API,Dionne Warwick,https://collections.vam.ac.uk/item/O1257696/,,,,insufficient_evidence,low,,,No exact controlled geography or explicit macro path found; leave for manual review.
capture_batch_image_ready_1931_1970_records.csv,IR1970R001,SURF-IR1970R001,1931,Unresolved region,,Manufacturing and Industrial Facilities; Tuberculosis - Patients - Rehabilitation; Tuberculosis,Wellcome Collection Catalogue API,"A man happy to be returning to the factory after being cured of tuberculosis. Colour lithograph after W. Heaslip, 1931.",https://wellcomecollection.org/works/wvwxe4py,,,,insufficient_evidence,low,,,No exact controlled geography or explicit macro path found; leave for manual review.
capture_batch_image_ready_1931_1970_records.csv,IR1970R002,SURF-IR1970R002,1935,Unresolved region,,,Wellcome Collection Catalogue API,"Publications about the Experiment (not by GSW or IHP, for which see sections D & E respectively)",https://wellcomecollection.org/works/e3774kr4,,,,insufficient_evidence,low,,,No exact controlled geography or explicit macro path found; leave for manual review.
capture_batch_image_ready_1931_1970_records.csv,IR1970R007,SURF-IR1970R007,1936,Unresolved region,,,Wellcome Collection Catalogue API,Southall - Norwood,https://wellcomecollection.org/works/c3kyq3z9,,,,insufficient_evidence,low,,,No exact controlled geography or explicit macro path found; leave for manual review.
capture_batch_image_ready_1931_1970_records.csv,IR1970R005,SURF-IR1970R005,1937,Unresolved region,,,Wellcome Collection Catalogue API,Birth Control advertisements 1934-1937,https://wellcomecollection.org/works/v7j95msw,,,,insufficient_evidence,low,,,No exact controlled geography or explicit macro path found; leave for manual review.
capture_batch_image_ready_1931_1970_records.csv,IR1970R016,SURF-IR1970R016,1940,Unresolved region,,Tuberculosis; Seals and labels (Philately); Christmas; Carols,Wellcome Collection Catalogue API,"A tuberculosis stamp showing children singing Christmas carols; advertising the sale of tuberculosis stamps. Colour lithograph (?), 1940.",https://wellcomecollection.org/works/hdh9a7xw,,,,insufficient_evidence,low,,,No exact controlled geography or explicit macro path found; leave for manual review.
capture_batch_midcentury_expansion_1931_1970_records.csv,MX1970R013,SURF-MX1970R013,1940,Unresolved region,,Syphilis; Swimming Pools; Blood - Analysis,Wellcome Collection Catalogue API,"Ten people at a swimming pool, one of whom will be infected with syphilis before the age of fifty. Lithograph after D. Fellnagel, 1940.",https://wellcomecollection.org/works/yc2p8ut8,,,,insufficient_evidence,low,,,No exact controlled geography or explicit macro path found; leave for manual review.
capture_batch_image_ready_1931_1970_records.csv,IR1970R025,SURF-IR1970R025,1943,Unresolved region,,,Wellcome Collection Catalogue API,Letters between the Central Council for Health Education and J B S Haldane,https://wellcomecollection.org/works/ukaaax3z,,,,insufficient_evidence,low,,,No exact controlled geography or explicit macro path found; leave for manual review.
capture_batch_midcentury_expansion_1931_1970_records.csv,MX1970R016,SURF-MX1970R016,1943,Unresolved region,,"Medical centers; Rickets; Finsbury Health Centre (London, England)",Wellcome Collection Catalogue API,"Medical facilities available at a modern health centre contrasted with ill health in old-fashioned housing. Colour lithograph after A. Games, 1942.",https://wellcomecollection.org/works/s8vfm4ve,United Kingdom,REG001,GEO003,auto_apply_candidate,medium,local_marker,"Medical centers; Rickets; Finsbury Health Centre (London, England) Medical facilities available at a modern health centre contrasted with ill health in old-fashioned housing. Colour lithograph after A. Games, 1942. Wellc","Exact controlled geography match; geography only, no rights or image-state upgrade."
capture_batch_image_ready_1931_1970_records.csv,IR1970R026,SURF-IR1970R026,1943,Unresolved region,,First Aid; Hemorrhage; World War II; Rhode Island,Wellcome Collection Catalogue API,"Points in arteries where pressure reduces bleeding. Colour lithograph by Rhode Island Council of War Agencies, 194-.",https://wellcomecollection.org/works/r52rvrzz,United States,REG003,GEO025,auto_apply_candidate,medium,local_marker,"First Aid; Hemorrhage; World War II; Rhode Island Points in arteries where pressure reduces bleeding. Colour lithograph by Rhode Island Council of War Agencies, 194-. Wellcome Collection Catalogue API https://wellcomecol","Exact controlled geography match; geography only, no rights or image-state upgrade."
capture_batch_midcentury_expansion_1931_1970_records.csv,MX1970R005,SURF-MX1970R005,1945,Unresolved region,,,Wellcome Collection Catalogue API,"Notes, on `Houses vs Homes'",https://wellcomecollection.org/works/ed87mnjp,,,,insufficient_evidence,low,,,No exact controlled geography or explicit macro path found; leave for manual review.
capture_batch_image_ready_1931_1970_records.csv,IR1970R029,SURF-IR1970R029,1946,Unresolved region,,Tuberculosis - Diagnosis; Health,Wellcome Collection Catalogue API,"A young man and young woman who appear to be healthy, but may have latent tuberculosis; representing the need of a checkup for detection of tuberculosis. Colour lithograph by S. Hansen, ca. 1946.",https://wellcomecollection.org/works/tcygv989,,,,insufficient_evidence,low,,,No exact controlled geography or explicit macro path found; leave for manual review.
capture_batch_image_ready_1931_1970_records.csv,IR1970R032,SURF-IR1970R032,1948,Unresolved region,,Industrial safety; Ladders,Wellcome Collection Catalogue API,"Two men carrying a ladder. Colour lithograph, ca. 1948.",https://wellcomecollection.org/works/tfq7d8t5,,,,insufficient_evidence,low,,,No exact controlled geography or explicit macro path found; leave for manual review.
capture_batch_image_ready_1931_1970_records.csv,IR1970R014,SURF-IR1970R014,1949,Unresolved region,,Family recreation; Outdoor recreation; Exercise; Dogs,Wellcome Collection Catalogue API,A man and wife and their two children and dog climbing up a grassy knoll as exercise in the fresh air. Colour lithograph by Hulls.,https://wellcomecollection.org/works/kx4ecyev,,,,insufficient_evidence,low,,,No exact controlled geography or explicit macro path found; leave for manual review.
capture_batch_image_ready_1931_1970_records.csv,IR1970R017,SURF-IR1970R017,1949,Unresolved region,,"Electric heating; Household appliances, Electric; Children's accidents - Prevention; Children - Books and reading",Wellcome Collection Catalogue API,"An electric fire protected by a guard, in front of which a little girl reads a picture book and a woman does some knitting. Colour process print after Jake and Joyce Jacobs.",https://wellcomecollection.org/works/zftnwty6,,,,insufficient_evidence,low,,,No exact controlled geography or explicit macro path found; leave for manual review.
capture_batch_image_ready_1931_1970_records.csv,IR1970R018,SURF-IR1970R018,1949,Unresolved region,,Public baths; Industrial welfare; Stolberg,Wellcome Collection Catalogue API,"An old man and a boy taking a shower next to the swimming bath at Stolberg, North Rhine-Westphalia; advertising health benefits of baths and treatments available there for young and old. Colour lithograph after H. Lahaye, 194-.",https://wellcomecollection.org/works/ggdrmk5z,,,,insufficient_evidence,low,,,No exact controlled geography or explicit macro path found; leave for manual review.
capture_batch_image_ready_1931_1970_records.csv,IR1970R015,SURF-IR1970R015,1950,Unresolved region,,Industrial accidents; Hoisting machinery,Wellcome Collection Catalogue API,"A rope slung carelessly round the hook of a hoist, not knotted, with a risk of slipping. Colour lithograph after L. Cusden ca. 1940-1950.",https://wellcomecollection.org/works/dbqh2537,,,,insufficient_evidence,low,,,No exact controlled geography or explicit macro path found; leave for manual review.
capture_batch_image_ready_1931_1970_records.csv,IR1970R042,SURF-IR1970R042,1950,Unresolved region,,,Wellcome Collection Catalogue API,Poster,https://wellcomecollection.org/works/u5srsaya,,,,insufficient_evidence,low,,,No exact controlled geography or explicit macro path found; leave for manual review.
capture_batch_image_ready_1931_1970_records.csv,IR1970R044,SURF-IR1970R044,1950,Unresolved region,,"Physical Therapy Specialty; Therapeutics, Physiological; Thoracoplasty; Tuberculosis",Wellcome Collection Catalogue API,Thoracoplasty and apicolysis for pulmonary tuberculosis.,https://wellcomecollection.org/works/zjfcsnmm,,,,insufficient_evidence,low,,,No exact controlled geography or explicit macro path found; leave for manual review.
capture_batch_midcentury_expansion_1931_1970_records.csv,MX1970R023,SURF-MX1970R023,1950,Unresolved region,,,Wellcome Collection Catalogue API,"Various cases of discrimination against women doctors in advertising posts, etc.",https://wellcomecollection.org/works/mxbrbxtt,,,,insufficient_evidence,low,,,No exact controlled geography or explicit macro path found; leave for manual review.
capture_batch_midcentury_expansion_1931_1970_records.csv,MX1970R024,SURF-MX1970R024,1952,Unresolved region,,,Wellcome Collection Catalogue API,Newspaper clipping titled 'Hypnotism be forbidden?' from <i>Picture Post</i>,https://wellcomecollection.org/works/sn2cjdre,,,,insufficient_evidence,low,,,No exact controlled geography or explicit macro path found; leave for manual review.
capture_batch_image_ready_1931_1970_records.csv,IR1970R047,SURF-IR1970R047,1953,Unresolved region,,"Neoplasms; Health Education; Trafalgar Square (London, England)",Wellcome Collection Catalogue API,Onwards to victory.,https://wellcomecollection.org/works/am4wbft7,United Kingdom,REG001,GEO003,auto_apply_candidate,medium,local_marker,"Neoplasms; Health Education; Trafalgar Square (London, England) Onwards to victory. Wellcome Collection Catalogue API https://wellcomecollection.org/works/am4wbft7","Exact controlled geography match; geography only, no rights or image-state upgrade."
capture_batch_midcentury_expansion_1931_1970_records.csv,MX1970R001,SURF-MX1970R001,1954,Unresolved region,,Child Welfare,Wellcome Collection Catalogue API,M0013647: Poster warning of health dangers to a child,https://wellcomecollection.org/works/rh6n7x3e,,,,insufficient_evidence,low,,,No exact controlled geography or explicit macro path found; leave for manual review.
capture_batch_image_ready_1931_1970_records.csv,IR1970R049,SURF-IR1970R049,1955,Unresolved region,,,Wellcome Collection Catalogue API,Old filing list,https://wellcomecollection.org/works/xx9n6mbt,,,,insufficient_evidence,low,,,No exact controlled geography or explicit macro path found; leave for manual review.
capture_batch_image_ready_1931_1970_records.csv,IR1970R050,SURF-IR1970R050,1957,Unresolved region,,Hand - Wounds and injuries; Machinery - Safety appliances; Industrial accidents,Wellcome Collection Catalogue API,"A hand protected by a guard from getting caught in the cogwheels of a machine. Colour lithograph by H. Kominek, ca. 1957.",https://wellcomecollection.org/works/e92kxus2,,,,insufficient_evidence,low,,,No exact controlled geography or explicit macro path found; leave for manual review.
capture_batch_image_ready_1931_1970_records.csv,IR1970R038,SURF-IR1970R038,1959,Unresolved region,,Fruit; Vegetables; Diet; Health Promotion,Wellcome Collection Catalogue API,Eat more fruit and keep fit / Retail Fruit Trade Federation Ltd.,https://wellcomecollection.org/works/hakxam6p,,,,insufficient_evidence,low,,,No exact controlled geography or explicit macro path found; leave for manual review.
capture_batch_image_ready_1931_1970_records.csv,IR1970R051,SURF-IR1970R051,1959,Unresolved region,,,Wellcome Collection Catalogue API,Posters,https://wellcomecollection.org/works/qpnqawjm,,,,insufficient_evidence,low,,,No exact controlled geography or explicit macro path found; leave for manual review.
capture_batch_image_ready_1931_1970_records.csv,IR1970R061,SURF-IR1970R061,1962,Unresolved region,,,Wellcome Collection Catalogue API,Diaphragms/caps,https://wellcomecollection.org/works/zceb8tgt,,,,insufficient_evidence,low,,,No exact controlled geography or explicit macro path found; leave for manual review.
capture_batch_midcentury_expansion_1931_1970_records.csv,MX1970R017,SURF-MX1970R017,1963,Unresolved region,,,Wellcome Collection Catalogue API,Local Government Reorganisation: Standing Committee on Public Health,https://wellcomecollection.org/works/qpx2rj2e,,,,insufficient_evidence,low,,,No exact controlled geography or explicit macro path found; leave for manual review.
capture_batch_image_ready_1931_1970_records.csv,IR1970R064,SURF-IR1970R064,1964,Unresolved region,,,Wellcome Collection Catalogue API,Services and products - marketing,https://wellcomecollection.org/works/y9wvcfmt,,,,insufficient_evidence,low,,,No exact controlled geography or explicit macro path found; leave for manual review.
capture_batch_image_ready_1931_1970_records.csv,IR1970R062,SURF-IR1970R062,1965,Unresolved region,,,Wellcome Collection Catalogue API,"Correspondence with LJ Witts (Chairman of the Sub-committee on Adverse Reactions of the Committee on Safety of Drugs), C Morgan Hall and others about the possible risks of antidepressant drugs",https://wellcomecollection.org/works/c7h6u693,,,,insufficient_evidence,low,,,No exact controlled geography or explicit macro path found; leave for manual review.
capture_batch_image_ready_1931_1970_records.csv,IR1970R046,SURF-IR1970R046,1965,Unresolved region,,,Wellcome Collection Catalogue API,Family Doctor,https://wellcomecollection.org/works/qszd35w4,,,,insufficient_evidence,low,,,No exact controlled geography or explicit macro path found; leave for manual review.
capture_batch_midcentury_expansion_1931_1970_records.csv,MX1970R004,SURF-MX1970R004,1965,Unresolved region,,Leprosy; Vaccination; Russia (Pre-1917),Wellcome Collection Catalogue API,Lepra / prokaza / izlechima / World Health Organization.,https://wellcomecollection.org/works/w3cycghx,,,,insufficient_evidence,low,,,No exact controlled geography or explicit macro path found; leave for manual review.
capture_batch_midcentury_expansion_1931_1970_records.csv,MX1970R012,SURF-MX1970R012,1966,Unresolved region,,,Wellcome Collection Catalogue API,"Correspondence concerning the activities of the Committee on Safety of Drugs (the Dunlop Committee) and the Committee on the Classification of Proprietary Preparations (the Macgregor Committee): with the Ministry of Health, the press and pharmaceutical compani",https://wellcomecollection.org/works/sg2z6zvr,,,,insufficient_evidence,low,,,No exact controlled geography or explicit macro path found; leave for manual review.
capture_batch_image_ready_1931_1970_records.csv,IR1970R066,SURF-IR1970R066,1967,Unresolved region,,,Wellcome Collection Catalogue API,Speakers' Folder,https://wellcomecollection.org/works/g7ww3ujy,,,,insufficient_evidence,low,,,No exact controlled geography or explicit macro path found; leave for manual review.
capture_batch_midcentury_expansion_1931_1970_records.csv,MX1970R006,SURF-MX1970R006,1968,Unresolved region,,,Wellcome Collection Catalogue API,Copy extracts: `L' - Mrs Pearce (LHC) Correspondence between IHP and LHC [Lucy Crocker],https://wellcomecollection.org/works/w378b7bj,,,,insufficient_evidence,low,,,No exact controlled geography or explicit macro path found; leave for manual review.
capture_batch_image_ready_1931_1970_records.csv,IR1970R067,SURF-IR1970R067,1968,Unresolved region,,,Wellcome Collection Catalogue API,Domiciliary family planning services,https://wellcomecollection.org/works/g3kmvude,,,,insufficient_evidence,low,,,No exact controlled geography or explicit macro path found; leave for manual review.
capture_batch_image_ready_1931_1970_records.csv,IR1970R009,SURF-IR1970R009,1968,Unresolved region,,,Wellcome Collection Catalogue API,Offprints and papers by others,https://wellcomecollection.org/works/grndcubz,,,,insufficient_evidence,low,,,No exact controlled geography or explicit macro path found; leave for manual review.
capture_batch_image_ready_1931_1970_records.csv,IR1970R069,SURF-IR1970R069,1969,Unresolved region,,,Wellcome Collection Catalogue API,Birth Control after childbirth,https://wellcomecollection.org/works/cdjeuna7,,,,insufficient_evidence,low,,,No exact controlled geography or explicit macro path found; leave for manual review.
capture_batch_image_ready_1931_1970_records.csv,IR1970R071,SURF-IR1970R071,1969,Unresolved region,,,Wellcome Collection Catalogue API,General Birth Control information leaflets,https://wellcomecollection.org/works/vx9fp8we,,,,insufficient_evidence,low,,,No exact controlled geography or explicit macro path found; leave for manual review.
capture_batch_image_ready_1931_1970_records.csv,IR1970R072,SURF-IR1970R072,1969,Unresolved region,,,Wellcome Collection Catalogue API,Information leaflets,https://wellcomecollection.org/works/ygusya5z,,,,insufficient_evidence,low,,,No exact controlled geography or explicit macro path found; leave for manual review.
capture_batch_image_ready_1931_1970_records.csv,IR1970R054,SURF-IR1970R054,1969,Unresolved region,,Industrial safety; Safety shoes; Skiing; Snowmen,Wellcome Collection Catalogue API,"People on a skiing holiday with safe equipment; promoting use of iron-reinforced safety boots in the industrial workplace. Coloured lithograph by Atelier Börmel, 196- (?).",https://wellcomecollection.org/works/htem54px,,,,insufficient_evidence,low,,,No exact controlled geography or explicit macro path found; leave for manual review.
capture_batch_image_ready_1931_1970_records.csv,IR1970R055,SURF-IR1970R055,1969,Unresolved region,,Traffic safety,Wellcome Collection Catalogue API,"People on motorbicycles and bicycles, shown against the grid of a radar screen, homing in on the centre, returning home in the traffic; representing the need for safe driving. Colour lithograph by Atelier Börmel, 196-.",https://wellcomecollection.org/works/u89u52h5,,,,insufficient_evidence,low,,,No exact controlled geography or explicit macro path found; leave for manual review.
capture_batch_image_ready_1931_1970_records.csv,IR1970R073,SURF-IR1970R073,1969,Unresolved region,,,Wellcome Collection Catalogue API,The Nurse and Family Planning,https://wellcomecollection.org/works/nqfk334g,,,,insufficient_evidence,low,,,No exact controlled geography or explicit macro path found; leave for manual review.
capture_batch_image_ready_1931_1970_records.csv,IR1970R074,SURF-IR1970R074,1969,Unresolved region,,,Wellcome Collection Catalogue API,The Social Worker and Family Planning,https://wellcomecollection.org/works/cz3hddps,,,,insufficient_evidence,low,,,No exact controlled geography or explicit macro path found; leave for manual review.
capture_batch_image_ready_1931_1970_records.csv,IR1970R075,SURF-IR1970R075,1970,Unresolved region,,,Wellcome Collection Catalogue API,'Happy Families' poster,https://wellcomecollection.org/works/eg7fnr8d,,,,insufficient_evidence,low,,,No exact controlled geography or explicit macro path found; leave for manual review.
capture_batch_image_ready_1931_1970_records.csv,IR1970R076,SURF-IR1970R076,1970,Unresolved region,,,Wellcome Collection Catalogue API,FPA Publicity leaflet: versions of leaflet and associated paperwork,https://wellcomecollection.org/works/pfh3gwta,,,,insufficient_evidence,low,,,No exact controlled geography or explicit macro path found; leave for manual review.
capture_batch_image_ready_1931_1970_records.csv,IR1970R077,SURF-IR1970R077,1970,Unresolved region,,,Wellcome Collection Catalogue API,Posters,https://wellcomecollection.org/works/mqrfmkve,,,,insufficient_evidence,low,,,No exact controlled geography or explicit macro path found; leave for manual review.
capture_batch_image_ready_1931_1970_records.csv,IR1970R078,SURF-IR1970R078,1970,Unresolved region,,,Wellcome Collection Catalogue API,Pregnant Man poster competition: Winning entries,https://wellcomecollection.org/works/te9ynpry,,,,insufficient_evidence,low,,,No exact controlled geography or explicit macro path found; leave for manual review.
capture_batch_midcentury_expansion_1931_1970_records.csv,MX1970R008,SURF-MX1970R008,1970,Unresolved region,,,Wellcome Collection Catalogue API,"Public Health (posts, remuneration, etc.)",https://wellcomecollection.org/works/rejn8b4z,,,,insufficient_evidence,low,,,No exact controlled geography or explicit macro path found; leave for manual review.
capture_batch_wikimedia_commons_image_ready_1830_1970_records.csv,COM1970R001,SURF-COM1970R001,1878,Unresolved region,,1878 in Ontario|Immigration to Canada|PD Canada|Images from Archives of Ontario|1878 advertisements|Posters of Canada|Advertising posters|Advertisements in Canada|Land grants|Advertising in Ontario|PD-old missing SDC copyright status,Wikimedia Commons,Ontario Immigration Poster.jpg,https://commons.wikimedia.org/wiki/File:Ontario_Immigration_Poster.jpg,Canada,REG003,GEO026,auto_apply_candidate,medium,local_marker,1878 in Ontario|Immigration to Canada|PD Canada|Images from Archives of Ontario|1878 advertisements|Posters of Canada|Advertising posters|Advertisements in Canada|Land grants|Advertising in Ontario|PD-old missing SDC cop,"Exact controlled geography match; geography only, no rights or image-state upgrade."
capture_batch_wikimedia_commons_image_ready_1830_1970_records.csv,COM1970R003,SURF-COM1970R003,1890,Unresolved region,,Bass Brewery|Barley wines|PD-scan (PD-scan/PD)|English-language posters|Posters of the United Kingdom|Advertising posters|Template Unknown (author)|1890s posters,Wikimedia Commons,Барли Вайн (тип эля) БАСС №1- - лучший зимний напиток!.jpg,https://commons.wikimedia.org/wiki/File:%D0%91%D0%B0%D1%80%D0%BB%D0%B8_%D0%92%D0%B0%D0%B9%D0%BD_(%D1%82%D0%B8%D0%BF_%D1%8D%D0%BB%D1%8F)_%D0%91%D0%90%D0%A1%D0%A1_%E2%84%961-_-_%D0%BB%D1%83%D1%87%D1%88%D0%B8%D0%B9_%D0%B7%D0%B8%D0%BC%D0%BD%D0%B8%D0%B9_%D0%BD%D0%B0%D0%BF%D0%B8%D1%82%D0%BE%D0%BA!.jpg,,,,insufficient_evidence,low,,,No exact controlled geography or explicit macro path found; leave for manual review.
capture_batch_wikimedia_commons_image_ready_1830_1970_records.csv,COM1970R004,SURF-COM1970R004,1892,Unresolved region,,Taken with 5MP-9A3|History of Andalusia|Political posters of Spain|PD Old|1892 advertisements|Posters of Spain|Advertising posters|CC-PD-Mark|1892 in Andalusia|Huelva in the 19th century|PD-old missing SDC copyright status|Allegories of Columbus,Wikimedia Commons,Cartel Colombinas Huelva 0002.jpg,https://commons.wikimedia.org/wiki/File:Cartel_Colombinas_Huelva_0002.jpg,,,,insufficient_evidence,low,,,No exact controlled geography or explicit macro path found; leave for manual review.
capture_batch_wikimedia_commons_image_ready_1830_1970_records.csv,COM1970R005,SURF-COM1970R005,1895,Unresolved region,,"PD-old-70-expired|Advertising posters|CC-PD-Mark|Illustrations by Aubrey Beardsley|The Studio, 1895",Wikimedia Commons,Aubrey Beardsley poster for The Studio.jpg,https://commons.wikimedia.org/wiki/File:Aubrey_Beardsley_poster_for_The_Studio.jpg,,,,insufficient_evidence,low,,,No exact controlled geography or explicit macro path found; leave for manual review.
capture_batch_wikimedia_commons_image_ready_1830_1970_records.csv,COM1970R010,SURF-COM1970R010,1899,Unresolved region,,"Visitor attractions in Oregon|PD US|Advertising posters|Culture of Umatilla County, Oregon|Bingham Springs, Oregon",Wikimedia Commons,Bingham Springs Resort ad.jpeg,https://commons.wikimedia.org/wiki/File:Bingham_Springs_Resort_ad.jpeg,,,,insufficient_evidence,low,,,No exact controlled geography or explicit macro path found; leave for manual review.
capture_batch_wikimedia_commons_image_ready_1830_1970_records.csv,COM1970R011,SURF-COM1970R011,1900,Unresolved region,,20th-century paintings from Sweden|PD Old|Food and drink advertising|1900 advertisements|Advertising posters|Template Unknown (author)|CC-PD-Mark|Milk processing|Girls in advertisements|Girls holding cats in art|Alfa Laval Cream Separators,Wikimedia Commons,Alfa Laval separator reklam.jpg,https://commons.wikimedia.org/wiki/File:Alfa_Laval_separator_reklam.jpg,,,,insufficient_evidence,low,,,No exact controlled geography or explicit macro path found; leave for manual review.
capture_batch_wikimedia_commons_image_ready_1830_1970_records.csv,COM1970R013,SURF-COM1970R013,1907,Unresolved region,,Collections of the Ateneum|Unsupported object|PD-Art (PD-old-auto-expired)|Artworks with Wikidata item|Artworks with known accession number|Posters of Finland|Advertising posters|PD-old-80-expired|CC-PD-Mark|1907 automobile advertisements|1907 posters|Artworks,Wikimedia Commons,"Akseli Gallen-Kallela - Bil-Bol, Poster for an Automobile Retailer.jpg","https://commons.wikimedia.org/wiki/File:Akseli_Gallen-Kallela_-_Bil-Bol,_Poster_for_an_Automobile_Retailer.jpg",,,,insufficient_evidence,low,,,No exact controlled geography or explicit macro path found; leave for manual review.
capture_batch_wikimedia_commons_image_ready_1830_1970_records.csv,COM1970R015,SURF-COM1970R015,1911,Unresolved region,,Albert Bonniers Förlag|Artworks without Wikidata item|Works by August Strindberg|PD-old-100|Posters of Sweden|Advertising posters|CC-PD-Mark|1911 posters|Torchlight processions in Sweden|PD-old missing SDC copyright status|Torches in art|Works by Axel Törneman,Wikimedia Commons,Reklamaffisch August Strindberg.jpg,https://commons.wikimedia.org/wiki/File:Reklamaffisch_August_Strindberg.jpg,,,,insufficient_evidence,low,,,No exact controlled geography or explicit macro path found; leave for manual review.
capture_batch_wikimedia_commons_image_ready_1830_1970_records.csv,COM1970R019,SURF-COM1970R019,1916,Unresolved region,,1916 in Hungary|1916 in Romania|History of beer|Public domain images no longer eligible for claim of authorship|1916 advertisements|Hungarian text|Advertising posters|PD-anon-expired|World War I posters of Romania|Template Unknown (author)|Brewers in art|World,Wikimedia Commons,RomaniaDefeadted1916.jpg,https://commons.wikimedia.org/wiki/File:RomaniaDefeadted1916.jpg,,,,insufficient_evidence,low,,,No exact controlled geography or explicit macro path found; leave for manual review.
capture_batch_wikimedia_commons_image_ready_1830_1970_records.csv,COM1970R021,SURF-COM1970R021,1917,Unresolved region,,Taken with Nikon Coolpix 5000|Artworks without Wikidata item|1917 advertisements|Portraits of women|PD-anon-70-EU|Advertising posters|1917 in Stockholm|Exhibitions in unidentified countries,Wikimedia Commons,Österrikisk konstutställning.jpg,https://commons.wikimedia.org/wiki/File:%C3%96sterrikisk_konstutst%C3%A4llning.jpg,,,,insufficient_evidence,low,,,No exact controlled geography or explicit macro path found; leave for manual review.
capture_batch_wikimedia_commons_image_ready_1830_1970_records.csv,COM1970R024,SURF-COM1970R024,1925,Unresolved region,,"Asturias (ship, 1925)|Alcantara (ship, 1927)|Kenneth Shoesmith|Artworks without Wikidata item|PD Old|CC-PD-Mark|Steamships in art|1930s posters|PD-old missing SDC copyright status|Advertising posters for the Royal Mail Steam Packet Company",Wikimedia Commons,Alcantara et Asturias by Kenneth Shoesmith.jpg,https://commons.wikimedia.org/wiki/File:Alcantara_et_Asturias_by_Kenneth_Shoesmith.jpg,,,,insufficient_evidence,low,,,No exact controlled geography or explicit macro path found; leave for manual review.
capture_batch_wikimedia_commons_image_ready_1830_1970_records.csv,COM1970R025,SURF-COM1970R025,1927,Unresolved region,,"Images by the State Library of New South Wales|Items with VRTS permission confirmed|1927 advertisements|Advertising posters|Answer (text)|Mr. (text)|1927 in Cowra, New South Wales",Wikimedia Commons,"Mr Chidley ""The Answer"" is coming advertising poster A128079h.jpg",https://commons.wikimedia.org/wiki/File:Mr_Chidley_%22The_Answer%22_is_coming_advertising_poster_A128079h.jpg,,,,insufficient_evidence,low,,,No exact controlled geography or explicit macro path found; leave for manual review.
capture_batch_wikimedia_commons_image_ready_1830_1970_records.csv,COM1970R029,SURF-COM1970R029,1930,Unresolved region,,Media contributed by Basel Poster Collection|PD US not renewed|Artworks without Wikidata item|Morf & Co.|PD-Art (PD-old-auto)|Artworks with known accession number|PD-old-70|CC-PD-Mark|1930s posters|Drummers in art|Otto Plattner poster,Wikimedia Commons,CH-000957-X-4455 Plattner.tif,https://commons.wikimedia.org/wiki/File:CH-000957-X-4455_Plattner.tif,,,,insufficient_evidence,low,,,No exact controlled geography or explicit macro path found; leave for manual review.
capture_batch_wikimedia_commons_image_ready_1830_1970_records.csv,COM1970R034,SURF-COM1970R034,1930,Unresolved region,,GFDL|License migration redundant|Self-published work|Advertising posters,Wikimedia Commons,HumoristernasSalong.JPG,https://commons.wikimedia.org/wiki/File:HumoristernasSalong.JPG,,,,insufficient_evidence,low,,,No exact controlled geography or explicit macro path found; leave for manual review.
capture_batch_wikimedia_commons_image_ready_1830_1970_records.csv,COM1970R037,SURF-COM1970R037,1930,Unresolved region,,Molly Picon|Yiddish theatre|Author died more than 70 years ago public domain images|Template Unknown (author)|CC-PD-Mark|1930s posters|PD-old missing SDC copyright status,Wikimedia Commons,Molly Picon.jpg,https://commons.wikimedia.org/wiki/File:Molly_Picon.jpg,,,,insufficient_evidence,low,,,No exact controlled geography or explicit macro path found; leave for manual review.
capture_batch_wikimedia_commons_image_ready_1830_1970_records.csv,COM1970R038,SURF-COM1970R038,1930,Unresolved region,,PD Old|Metal hoses|CC-PD-Mark|1930s posters|PD-old missing SDC copyright status,Wikimedia Commons,Ms-alle Systeme.jpg,https://commons.wikimedia.org/wiki/File:Ms-alle_Systeme.jpg,,,,insufficient_evidence,low,,,No exact controlled geography or explicit macro path found; leave for manual review.
capture_batch_wikimedia_commons_image_ready_1830_1970_records.csv,COM1970R044,SURF-COM1970R044,1930,Unresolved region,,Sweden in the 1930s|Political posters of Sweden|PD-Art (PD-old-70)|PD-Art (PD-old default)|CC-PD-Mark|1930s posters|PD-Art missing SDC copyright status|PD-old missing SDC copyright status,Wikimedia Commons,Vi bygger landet.jpg,https://commons.wikimedia.org/wiki/File:Vi_bygger_landet.jpg,,,,insufficient_evidence,low,,,No exact controlled geography or explicit macro path found; leave for manual review.
capture_batch_wikimedia_commons_image_ready_1830_1970_records.csv,COM1970R057,SURF-COM1970R057,1938,Unresolved region,,Images from Fortepan|Film posters of Hungary|Images uploaded by Fæ|PD-anon-70-EU|People of Hungary in 1938|PD-anon-80-1996|1930s posters,Wikimedia Commons,Poster Fortepan 18332.jpg,https://commons.wikimedia.org/wiki/File:Poster_Fortepan_18332.jpg,,,,insufficient_evidence,low,,,No exact controlled geography or explicit macro path found; leave for manual review.
capture_batch_wikimedia_commons_image_ready_1830_1970_records.csv,COM1970R058,SURF-COM1970R058,1938,Unresolved region,,Clothing of Thailand|Thai cultural mandates|1940s fashion|Political posters|PD-Thailand|Historical drawings of Thailand|Educational posters|1940s posters|PD-old missing SDC copyright status,Wikimedia Commons,Thai culture poster.PNG,https://commons.wikimedia.org/wiki/File:Thai_culture_poster.PNG,,,,insufficient_evidence,low,,,No exact controlled geography or explicit macro path found; leave for manual review.
capture_batch_wikimedia_commons_image_ready_1830_1970_records.csv,COM1970R063,SURF-COM1970R063,1940,Unresolved region,,PD-anon-70|Arabic-language posters|Caricatures of Adolf Hitler|Template Unknown (author)|1940s posters,Wikimedia Commons,Al-Maʿhad aṯ-Ṯaqāfī al-Brīṭānī - Maʿriḍ aṣ-ṣuwar al-hazaliyya at-taqrīʿiyya wa-l-iʿlānāt yuqīmuhu aʿḍāʾ al-Quwwāt al-ʿAskariyya al-Būlūniyya.jpg,https://commons.wikimedia.org/wiki/File:Al-Ma%CA%BFhad_a%E1%B9%AF-%E1%B9%AEaq%C4%81f%C4%AB_al-Br%C4%AB%E1%B9%AD%C4%81n%C4%AB_-_Ma%CA%BFri%E1%B8%8D_a%E1%B9%A3-%E1%B9%A3uwar_al-hazaliyya_at-taqr%C4%AB%CA%BFiyya_wa-l-i%CA%BFl%C4%81n%C4%81t_yuq%C4%ABmuhu_a%CA%BF%E1%B8%8D%C4%81%CA%BE_al-Quww%C4%81t_al-%CA%BFAskariyya_al-B%C5%ABl%C5%ABniyya.jpg,,,,insufficient_evidence,low,,,No exact controlled geography or explicit macro path found; leave for manual review.
capture_batch_wikimedia_commons_image_ready_1830_1970_records.csv,COM1970R064,SURF-COM1970R064,1940,Unresolved region,,Bermuda|PD US not renewed|Large images|Tourism advertising posters|1940s posters|Images from Barry Lawrence Ruderman Antique Maps Inc.,Wikimedia Commons,Bermuda By Air or Sea.jpg,https://commons.wikimedia.org/wiki/File:Bermuda_By_Air_or_Sea.jpg,,,,insufficient_evidence,low,,,No exact controlled geography or explicit macro path found; leave for manual review.
capture_batch_wikimedia_commons_image_ready_1830_1970_records.csv,COM1970R069,SURF-COM1970R069,1940,Unresolved region,,PD-Art (PD-old-auto)|PD-old-80|CC-PD-Mark|1940s posters|PD-Art missing SDC copyright status|PD-old missing SDC copyright status|Posters by Jože Beranek,Wikimedia Commons,Jože Beranek - Plakat Za blagor očetnjave.jpg,https://commons.wikimedia.org/wiki/File:Jo%C5%BEe_Beranek_-_Plakat_Za_blagor_o%C4%8Detnjave.jpg,,,,insufficient_evidence,low,,,No exact controlled geography or explicit macro path found; leave for manual review.
capture_batch_wikimedia_commons_image_ready_1830_1970_records.csv,COM1970R070,SURF-COM1970R070,1940,Unresolved region,,PD US|Files with no machine-readable author|Media contributed by the Digital Public Library of America|Artworks without Wikidata item|Media contributed by the Illinois Digital Heritage Hub|Media contributed by Illinois State University|World War II posters|194,Wikimedia Commons,Jugoslavia's merchant seamen fight - DPLA - ede392cde2103cae518df99095c3d962.jpg,https://commons.wikimedia.org/wiki/File:Jugoslavia%27s_merchant_seamen_fight_-_DPLA_-_ede392cde2103cae518df99095c3d962.jpg,United States,REG003,GEO025,auto_apply_candidate,medium,local_marker,PD US|Files with no machine-readable author|Media contributed by the Digital Public Library of America|Artworks without Wikidata item|Media contributed by the Illinois Digital Heritage Hub|Media contributed by Illinois S,"Exact controlled geography match; geography only, no rights or image-state upgrade."
capture_batch_wikimedia_commons_image_ready_1830_1970_records.csv,COM1970R072,SURF-COM1970R072,1940,Unresolved region,,PD India|Posters of India|Template Unknown (author)|1940s posters|PD-old missing SDC copyright status|Paintings of Kali|Kali trampling Shiva|Religious posters,Wikimedia Commons,Kaliposter1940s.jpg,https://commons.wikimedia.org/wiki/File:Kaliposter1940s.jpg,,,,insufficient_evidence,low,,,No exact controlled geography or explicit macro path found; leave for manual review.
capture_batch_wikimedia_commons_image_ready_1830_1970_records.csv,COM1970R080,SURF-COM1970R080,1940,Unresolved region,,"PD Canada|Large images|World War II posters from Canada|Victory Bonds|Victory (text)|1940s posters|PD-old missing SDC copyright status|Bombs in art|Images from the Region of Peel Archives, Ivan Melhuish war poster collection",Wikimedia Commons,RPA Melhuish poster 069 PN2020 00291-4.jpg,https://commons.wikimedia.org/wiki/File:RPA_Melhuish_poster_069_PN2020_00291-4.jpg,Canada,REG003,GEO026,auto_apply_candidate,medium,local_marker,"PD Canada|Large images|World War II posters from Canada|Victory Bonds|Victory (text)|1940s posters|PD-old missing SDC copyright status|Bombs in art|Images from the Region of Peel Archives, Ivan Melhuish war poster collec","Exact controlled geography match; geography only, no rights or image-state upgrade."
capture_batch_wikimedia_commons_image_ready_1830_1970_records.csv,COM1970R082,SURF-COM1970R082,1940,Unresolved region,,Self-published work|Italian-language posters|1940s posters,Wikimedia Commons,Socialization propaganda.jpg,https://commons.wikimedia.org/wiki/File:Socialization_propaganda.jpg,,,,insufficient_evidence,low,,,No exact controlled geography or explicit macro path found; leave for manual review.
capture_batch_postwar_commons_open_image_1945_2026_records.csv,PWC2026R001,SURF-PWC2026R001,1949,Unresolved region,,Jambi|PD Indonesian Government|Files with coordinates missing SDC location of creation|Museums in Sumatra,Wikimedia Commons,Poster Pertempuran Kuala Tungkal.jpg,https://commons.wikimedia.org/wiki/File:Poster_Pertempuran_Kuala_Tungkal.jpg,,,,insufficient_evidence,low,,,No exact controlled geography or explicit macro path found; leave for manual review.
capture_batch_wikimedia_commons_image_ready_1830_1970_records.csv,COM1970R095,SURF-COM1970R095,1950,Unresolved region,,Air Algérie|Photos uploaded from Flickr by Fæ using a script|Flickr images reviewed by FlickreviewR|Files from Flickr's 'The Commons'|PD-SDASM|Files from the SDASM Archives Flickr stream|1950s posters|Airline posters|Don Thomas Poster Collection,Wikimedia Commons,Air Algerie Caravelle Poster (19291817259).jpg,https://commons.wikimedia.org/wiki/File:Air_Algerie_Caravelle_Poster_(19291817259).jpg,,,,insufficient_evidence,low,,,No exact controlled geography or explicit macro path found; leave for manual review.
capture_batch_wikimedia_commons_image_ready_1830_1970_records.csv,COM1970R096,SURF-COM1970R096,1950,Unresolved region,,PD US not renewed|Film posters|PD-Art (PD-US-not renewed)|1950s posters|Film Posters uploaded by SDudley,Wikimedia Commons,Down Among the Sheltering Palms 1950s poster.jpg,https://commons.wikimedia.org/wiki/File:Down_Among_the_Sheltering_Palms_1950s_poster.jpg,,,,insufficient_evidence,low,,,No exact controlled geography or explicit macro path found; leave for manual review.
capture_batch_wikimedia_commons_image_ready_1830_1970_records.csv,COM1970R098,SURF-COM1970R098,1950,Unresolved region,,Little Richard|PD US no notice|Images from liveauctioneers.com|1950s posters|PD-US missing SDC copyright status,Wikimedia Commons,In Person 'Lucille' Little Richard and his Orchestra.jpg,https://commons.wikimedia.org/wiki/File:In_Person_%27Lucille%27_Little_Richard_and_his_Orchestra.jpg,,,,insufficient_evidence,low,,,No exact controlled geography or explicit macro path found; leave for manual review.
capture_batch_wikimedia_commons_image_ready_1830_1970_records.csv,COM1970R099,SURF-COM1970R099,1950,Unresolved region,,PD US not renewed|Large images|Philippines in art|Tourism advertising posters of the Philippines|1950s posters|Images from Barry Lawrence Ruderman Antique Maps Inc.|Airline advertisements|Northwest Orient Airlines,Wikimedia Commons,Philippines - Fly Northwest Orient Airlines.jpg,https://commons.wikimedia.org/wiki/File:Philippines_-_Fly_Northwest_Orient_Airlines.jpg,,,,insufficient_evidence,low,,,No exact controlled geography or explicit macro path found; leave for manual review.
capture_batch_postwar_commons_open_image_1945_2026_records.csv,PWC2026R002,SURF-PWC2026R002,1950,Unresolved region,,Santos Toledo Argudín|Self-published work|2014 in Havana|Men wearing glasses in Cuba,Wikimedia Commons,Santos Toledo Argudín 2022.jpg,https://commons.wikimedia.org/wiki/File:Santos_Toledo_Argud%C3%ADn_2022.jpg,,,,insufficient_evidence,low,,,No exact controlled geography or explicit macro path found; leave for manual review.
capture_batch_wikimedia_commons_image_ready_1830_1970_records.csv,COM1970R103,SURF-COM1970R103,1960,Unresolved region,,GFDL|Diplomas|License migration redundant|Self-published work|Spanish-language posters|Images containing text|1960s posters|Black and white drawings of buildings,Wikimedia Commons,Claridge-antonetti.jpg,https://commons.wikimedia.org/wiki/File:Claridge-antonetti.jpg,,,,insufficient_evidence,low,,,No exact controlled geography or explicit macro path found; leave for manual review.
capture_batch_wikimedia_commons_image_ready_1830_1970_records.csv,COM1970R104,SURF-COM1970R104,1960,Unresolved region,,Echinococcus|Shumen Province|Self-published work|Veterinary medicine in Bulgaria|1960s posters,Wikimedia Commons,Echinococcosis agitation material 1960s.jpg,https://commons.wikimedia.org/wiki/File:Echinococcosis_agitation_material_1960s.jpg,,,,insufficient_evidence,low,,,No exact controlled geography or explicit macro path found; leave for manual review.
capture_batch_postwar_commons_open_image_1945_2026_records.csv,PWC2026R018,SURF-PWC2026R018,2024,Unresolved region,,Posters of Indonesia,Wikimedia Commons,Poster acara Lokakarya Wikisumber bahasa Indonesia Daring Mei 2024.jpg,https://commons.wikimedia.org/wiki/File:Poster_acara_Lokakarya_Wikisumber_bahasa_Indonesia_Daring_Mei_2024.jpg,,,,insufficient_evidence,low,,,No exact controlled geography or explicit macro path found; leave for manual review.
capture_batch_postwar_commons_open_image_1945_2026_records.csv,PWC2026R020,SURF-PWC2026R020,2025,Unresolved region,,Posters,Wikimedia Commons,Poster Organise Educate Agitate Protest.png,https://commons.wikimedia.org/wiki/File:Poster_Organise_Educate_Agitate_Protest.png,,,,insufficient_evidence,low,,,No exact controlled geography or explicit macro path found; leave for manual review.
capture_batch_postwar_commons_open_image_1945_2026_records.csv,PWC2026R021,SURF-PWC2026R021,2025,Unresolved region,,Self-published work|All media needing categories as of 2025|Media needing categories as of 27 June 2025,Wikimedia Commons,Poster Serikat Pekerja Kampus (2).jpg,https://commons.wikimedia.org/wiki/File:Poster_Serikat_Pekerja_Kampus_(2).jpg,,,,insufficient_evidence,low,,,No exact controlled geography or explicit macro path found; leave for manual review.
