surface_id,capture_id,year,period_band,five_year_bucket,region,theme,source_family,source_name,title,image_state,source_text_chars,generated_text_chars,total_text_chars,cluster_key,cluster_size,dossier_text_pages,dossier_support_pages,compound_children,anchor_strength_score,source_depth_score,relation_density_score,text_depth_score,design_object_confidence_score,risk_pressure_score,region_scarcity_score,period_value_score,editorial_need_score,overall_research_anchor_score,risk_flags,positive_flags,recommended_next_action,action_confidence,action_reason,sample_priority,calibration_question,review_status,reviewer_notes
SURF-ER1830R018,ER1830R018,1880,pre_1930,1880-1884,Unresolved region,Midcentury modern graphic communication,Library of Congress,Library of Congress loc.gov API,[Pearsall Photography Studio trade card],IMG04,593,2045,2638,Unresolved region|Midcentury modern graphic communication|Library of Congress|1880-1884,4,1,1,0,42,74,27,94,0,12,70,0,6,42,source_register:catalog record,,convert_to_text_or_appendix,medium,Source/register evidence should become text or appendix rather than object main.,53,"Should this evidence become text, appendix, or source register?",pending,
SURF-CCT2026R00413,CCT2026R00413,1966,1930_1970,1965-1969,Africa,Modern typography and layout,Wikimedia Commons,Wikimedia Commons file source / Stamp-kenya1966-ant-bear.jpeg / page 69787732,Stamp-kenya1966-ant-bear.jpeg,IMG03,238,2675,2913,Kenya|Modern typography and layout|Wikimedia Commons|1965-1969,8,1,1,0,34,23,47,64,66,62,36,0,36,34,stamp_or_philatelic:postage; stamp_or_philatelic:stamp; stamp_or_philatelic:stamps; commons_file_source,design; graphic; visual communication,downgrade_to_card_candidate,medium,Stamp/philatelic evidence should be card support unless manually justified as a primary design object.,158,Would moving this to card hide any meaningful research path?,pending,
SURF-CAW2026R02743,CAW2026R02743,1968,1930_1970,1965-1969,Albania,Modern typography and layout,Wikimedia Commons,Wikimedia Commons file source / ALB 1968 MiNr1314A pm B002.jpg / page 67993797,ALB 1968 MiNr1314A pm B002.jpg,IMG03,647,2577,3224,Albania|Modern typography and layout|Wikimedia Commons|1965-1969,3,1,1,0,48,74,22,98,66,82,87,0,2,48,stamp_or_philatelic:commemorative; stamp_or_philatelic:postage; stamp_or_philatelic:stamp; non_design_drift:bird; commons_file_source,design; graphic; visual communication,downgrade_to_card_candidate,medium,Stamp/philatelic evidence should be card support unless manually justified as a primary design object.,119,Would moving this to card hide any meaningful research path?,pending,
SURF-CAW2026R02323,CAW2026R02323,1951,1930_1970,1950-1954,Angola,Modern typography and layout,Wikimedia Commons,Wikimedia Commons file source / Stamp of Angola - 1951 - Colnect 167091 - Holy year.jpeg / page 115883526,Stamp of Angola - 1951 - Colnect 167091 - Holy year.jpeg,IMG03,640,2510,3150,Angola|Modern typography and layout|Wikimedia Commons|1950-1954,3,1,1,0,51,74,22,98,66,62,82,0,2,51,stamp_or_philatelic:postage; stamp_or_philatelic:stamp; stamp_or_philatelic:stamps; commons_file_source,design; graphic; visual communication,downgrade_to_card_candidate,medium,Stamp/philatelic evidence should be card support unless manually justified as a primary design object.,99,Would moving this to card hide any meaningful research path?,pending,
SURF-CAW2026R02681,CAW2026R02681,1965,1930_1970,1965-1969,Bahrain,Modern typography and layout,Wikimedia Commons,Wikimedia Commons file source / Stamp of Peru - 1965 - Colnect 349882 - Pacific Fair Emblem.jpeg / page 115002041,Stamp of Peru - 1965 - Colnect 349882 - Pacific Fair Emblem.jpeg,IMG03,285,2642,2927,Bahrain|Modern typography and layout|Wikimedia Commons|1965-1969,3,1,0,0,36,28,10,68,78,62,97,0,32,36,stamp_or_philatelic:postage; stamp_or_philatelic:stamp; stamp_or_philatelic:stamps; commons_file_source,advertisement; design; graphic; visual communication,downgrade_to_card_candidate,medium,Stamp/philatelic evidence should be card support unless manually justified as a primary design object.,129,Would moving this to card hide any meaningful research path?,pending,
SURF-CAW2026R02691,CAW2026R02691,1966,1930_1970,1965-1969,Benin,Modern typography and layout,Wikimedia Commons,Wikimedia Commons file source / BEN 1967 MiNr0324 pm B002a.jpg / page 78262291,BEN 1967 MiNr0324 pm B002a.jpg,IMG03,1006,2557,3563,Benin|Modern typography and layout|Wikimedia Commons|1965-1969,1,1,0,0,55,80,0,100,78,44,96,0,0,55,stamp_or_philatelic:postage; stamp_or_philatelic:stamp; commons_file_source,design; exhibition; graphic; visual communication,downgrade_to_card_candidate,medium,Stamp/philatelic evidence should be card support unless manually justified as a primary design object.,79,Would moving this to card hide any meaningful research path?,pending,
SURF-CAW2026R02181,CAW2026R02181,1945,1930_1970,1945-1949,Bosnia and Herzegovina,Modern typography and layout,Wikimedia Commons,Wikimedia Commons file source / Jugoslavija ustav 2 dinar.png / page 192691643,Jugoslavija ustav 2 dinar.png,IMG03,249,2604,2853,Bosnia and Herzegovina|Modern typography and layout|Wikimedia Commons|1945-1949,11,1,0,0,35,24,35,65,66,62,74,0,35,35,stamp_or_philatelic:postage; stamp_or_philatelic:stamp; stamp_or_philatelic:stamps; commons_file_source,design; graphic; visual communication,downgrade_to_card_candidate,medium,Stamp/philatelic evidence should be card support unless manually justified as a primary design object.,142,Would moving this to card hide any meaningful research path?,pending,
SURF-CCT2026R00318,CCT2026R00318,1961,1930_1970,1960-1964,Cameroon,Modern typography and layout,Wikimedia Commons,"Wikimedia Commons file source / Commemorative stamp of the Reunification of Cameroon on October 1, 1961.webp / page 132171363","Commemorative stamp of the Reunification of Cameroon on October 1, 1961.webp",IMG03,1132,2860,3992,Cameroon|Modern typography and layout|Wikimedia Commons|1960-1964,2,1,1,0,50,80,17,100,66,80,97,0,0,50,stamp_or_philatelic:commemorative; stamp_or_philatelic:postage; stamp_or_philatelic:stamp; stamp_or_philatelic:stamps; commons_file_source,design; graphic; visual communication,downgrade_to_card_candidate,medium,Stamp/philatelic evidence should be card support unless manually justified as a primary design object.,115,Would moving this to card hide any meaningful research path?,pending,
SURF-CAW2026R02766,CAW2026R02766,1969,1930_1970,1965-1969,Cape Verde,Modern typography and layout,Wikimedia Commons,Wikimedia Commons file source / Stamp of Rwanda - 1969 - Colnect 699054 - The Moneylender and his Wife by Marinus van Reymerswaele.jpeg / page 115808510,Stamp of Rwanda - 1969 - Colnect 699054 - The Moneylender and his Wife by Marinus van Reymerswaele.jpeg,IMG03,349,2601,2950,Cape Verde|Modern typography and layout|Wikimedia Commons|1965-1969,3,1,0,0,36,34,10,74,66,62,95,0,26,36,stamp_or_philatelic:postage; stamp_or_philatelic:stamp; stamp_or_philatelic:stamps; commons_file_source,design; graphic; visual communication,downgrade_to_card_candidate,medium,Stamp/philatelic evidence should be card support unless manually justified as a primary design object.,123,Would moving this to card hide any meaningful research path?,pending,
SURF-CAW2026R02113,CAW2026R02113,1942,1930_1970,1940-1944,Croatia,Modern typography and layout,Wikimedia Commons,Wikimedia Commons file source / Matija gubec stamp 1942.jpg / page 174384613,Matija gubec stamp 1942.jpg,IMG03,190,2514,2704,Croatia|Modern typography and layout|Wikimedia Commons|1940-1944,12,1,1,0,38,19,47,60,66,44,84,0,40,38,stamp_or_philatelic:postage; stamp_or_philatelic:stamp; commons_file_source,design; graphic; visual communication,downgrade_to_card_candidate,medium,Stamp/philatelic evidence should be card support unless manually justified as a primary design object.,144,Would moving this to card hide any meaningful research path?,pending,
SURF-CAW2026R02569,CAW2026R02569,1960,1930_1970,1960-1964,Democratic Republic of the Congo,Modern typography and layout,Wikimedia Commons,Wikimedia Commons file source / Unstamp au congo 11.jpg / page 14851080,Unstamp au congo 11.jpg,IMG03,1330,2242,3572,Democratic Republic of the Congo|Modern typography and layout|Wikimedia Commons|1960-1964,8,1,1,0,56,80,47,100,66,62,69,0,0,56,stamp_or_philatelic:postage; stamp_or_philatelic:stamp; stamp_or_philatelic:stamps; commons_file_source,design; graphic; visual communication,downgrade_to_card_candidate,medium,Stamp/philatelic evidence should be card support unless manually justified as a primary design object.,112,Would moving this to card hide any meaningful research path?,pending,
SURF-CCT2026R01175,CCT2026R01175,1949,1930_1970,1945-1949,East Asia,Modern typography and layout,Wikimedia Commons,Wikimedia Commons file source / China 1949 - Non-Denominated Airmail stamp.jpg / page 68004882,China 1949 - Non-Denominated Airmail stamp.jpg,IMG03,166,2669,2835,China / Hong Kong|Modern typography and layout|Wikimedia Commons|1945-1949,14,1,1,0,32,16,47,58,66,62,48,0,42,32,stamp_or_philatelic:postage; stamp_or_philatelic:stamp; stamp_or_philatelic:stamps; commons_file_source,design; graphic; visual communication,downgrade_to_card_candidate,medium,Stamp/philatelic evidence should be card support unless manually justified as a primary design object.,164,Would moving this to card hide any meaningful research path?,pending,
SURF-CCT2026R01629,CCT2026R01629,1958,1930_1970,1955-1959,"Eastern Europe, Balkans, and Central/Eastern socialist contexts",Modern typography and layout,Wikimedia Commons,Wikimedia Commons file source / Foaie cap de bour 1958.jpg / page 19748316,Foaie cap de bour 1958.jpg,IMG03,178,2718,2896,Romania|Modern typography and layout|Wikimedia Commons|1955-1959,7,1,0,0,27,17,30,59,66,62,0,0,41,27,stamp_or_philatelic:postage; stamp_or_philatelic:stamp; stamp_or_philatelic:stamps; commons_file_source,design; graphic; visual communication,downgrade_to_card_candidate,medium,Stamp/philatelic evidence should be card support unless manually justified as a primary design object.,148,Would moving this to card hide any meaningful research path?,pending,
SURF-CAW2026R02091,CAW2026R02091,1941,1930_1970,1940-1944,Estonia,Modern typography and layout,Wikimedia Commons,Wikimedia Commons file source / StampTartu(Estonia)1941Michel8.jpg / page 33416921,StampTartu(Estonia)1941Michel8.jpg,IMG03,183,2545,2728,Estonia|Modern typography and layout|Wikimedia Commons|1940-1944,2,1,1,0,33,18,17,60,66,44,95,0,40,33,stamp_or_philatelic:postage; stamp_or_philatelic:stamp; commons_file_source,design; graphic; visual communication,downgrade_to_card_candidate,medium,Stamp/philatelic evidence should be card support unless manually justified as a primary design object.,129,Would moving this to card hide any meaningful research path?,pending,
SURF-CCT2026R03560,CCT2026R03560,1950,1930_1970,1950-1954,Fiji,Modern typography and layout,Wikimedia Commons,Wikimedia Commons file source / Stamp Fiji 1959 2 6 Nadi Airport.jpg / page 16187525,Stamp Fiji 1959 2 6 Nadi Airport.jpg,IMG03,927,2586,3513,Fiji|Modern typography and layout|Wikimedia Commons|1950-1954,1,1,1,0,49,80,12,100,66,80,98,0,0,49,stamp_or_philatelic:philatelic; stamp_or_philatelic:postage; stamp_or_philatelic:stamp; stamp_or_philatelic:stamps; commons_file_source,design; graphic; visual communication,downgrade_to_card_candidate,medium,Stamp/philatelic evidence should be card support unless manually justified as a primary design object.,115,Would moving this to card hide any meaningful research path?,pending,
SURF-CRG2026R1653,CRG2026R1653,1963,1930_1970,1960-1964,Global / transnational,Modern typography and layout,Wikimedia Commons,Wikimedia Commons file source / Israeli stamps 1963 - series of wall and tower - 1.jpg / page 33595268,Israeli stamps 1963 - series of wall and tower - 1.jpg,IMG03,205,2685,2890,Global / transnational|Modern typography and layout|Wikimedia Commons|1960-1964,56,1,0,0,29,20,35,62,66,62,0,0,38,29,stamp_or_philatelic:philatelic; stamp_or_philatelic:stamp; stamp_or_philatelic:stamps; commons_file_source,design; graphic; visual communication,downgrade_to_card_candidate,medium,Stamp/philatelic evidence should be card support unless manually justified as a primary design object.,145,Would moving this to card hide any meaningful research path?,pending,
SURF-CCT2026R03102,CCT2026R03102,1963,1930_1970,1960-1964,Jordan,Modern typography and layout,Wikimedia Commons,Wikimedia Commons file source / The East Ghor Canal Project.jpg / page 32432690,The East Ghor Canal Project.jpg,IMG03,505,2813,3318,Jordan|Modern typography and layout|Wikimedia Commons|1960-1964,1,1,0,0,40,50,0,87,66,62,92,0,13,40,stamp_or_philatelic:postage; stamp_or_philatelic:stamp; stamp_or_philatelic:stamps; commons_file_source,design; graphic; visual communication,downgrade_to_card_candidate,medium,Stamp/philatelic evidence should be card support unless manually justified as a primary design object.,110,Would moving this to card hide any meaningful research path?,pending,
SURF-CCT2026R04246,CCT2026R04246,1962,1930_1970,1960-1964,Laos,Modern typography and layout,Wikimedia Commons,Wikimedia Commons file source / Stamp of Laos (1962) - Savang Vatthana.jpg / page 125441210,Stamp of Laos (1962) - Savang Vatthana.jpg,IMG03,232,2806,3038,Laos|Modern typography and layout|Wikimedia Commons|1960-1964,2,1,1,0,32,23,17,64,66,62,94,0,36,32,stamp_or_philatelic:postage; stamp_or_philatelic:stamp; stamp_or_philatelic:stamps; commons_file_source,design; graphic; visual communication,downgrade_to_card_candidate,medium,Stamp/philatelic evidence should be card support unless manually justified as a primary design object.,143,Would moving this to card hide any meaningful research path?,pending,
SURF-CCT2026R02529,CCT2026R02529,1936,1930_1970,1935-1939,Latin America and the Caribbean,Modern typography and layout,Wikimedia Commons,Wikimedia Commons file source / Stamp of Peru - 1936 - Colnect 437914 - Mines.jpeg / page 114987600,Stamp of Peru - 1936 - Colnect 437914 - Mines.jpeg,IMG03,237,2765,3002,Peru|Modern typography and layout|Wikimedia Commons|1935-1939,71,1,1,0,32,23,47,64,66,62,0,0,36,32,stamp_or_philatelic:postage; stamp_or_philatelic:stamp; stamp_or_philatelic:stamps; commons_file_source,design; graphic; visual communication,downgrade_to_card_candidate,medium,Stamp/philatelic evidence should be card support unless manually justified as a primary design object.,158,Would moving this to card hide any meaningful research path?,pending,
SURF-CAW2026R02303,CAW2026R02303,1950,1930_1970,1950-1954,Latvia,Modern typography and layout,Wikimedia Commons,Wikimedia Commons file source / Riga 1950 60kop USSR.jpg / page 8458163,Riga 1950 60kop USSR.jpg,IMG03,224,2566,2790,Latvia|Modern typography and layout|Wikimedia Commons|1950-1954,1,1,0,0,31,22,0,63,66,44,86,0,37,31,stamp_or_philatelic:postage; stamp_or_philatelic:stamp; commons_file_source,design; graphic; visual communication,downgrade_to_card_candidate,medium,Stamp/philatelic evidence should be card support unless manually justified as a primary design object.,126,Would moving this to card hide any meaningful research path?,pending,
SURF-CAW2026R01736,CAW2026R01736,1933,1930_1970,1930-1934,Lithuania,Modern typography and layout,Wikimedia Commons,"Wikimedia Commons file source / Lithuanian postage stamps with Žemaitė, 1933.jpg / page 125378328","Lithuanian postage stamps with Žemaitė, 1933.jpg",IMG03,196,2590,2786,Lithuania|Modern typography and layout|Wikimedia Commons|1930-1934,14,1,1,0,35,19,47,61,66,62,74,0,39,35,stamp_or_philatelic:postage; stamp_or_philatelic:stamp; stamp_or_philatelic:stamps; commons_file_source,design; graphic; visual communication,downgrade_to_card_candidate,medium,Stamp/philatelic evidence should be card support unless manually justified as a primary design object.,161,Would moving this to card hide any meaningful research path?,pending,
SURF-CCT2026R00503,CCT2026R00503,1950,1930_1970,1950-1954,Middle East and North Africa,Modern typography and layout,Wikimedia Commons,Wikimedia Commons file source / Stamp MA 1950 15+10 Fr.jpg / page 158873186,Stamp MA 1950 15+10 Fr.jpg,IMG03,143,2570,2713,Morocco|Modern typography and layout|Wikimedia Commons|1950-1954,8,1,1,0,28,14,47,56,66,62,0,0,44,28,stamp_or_philatelic:postage; stamp_or_philatelic:stamp; stamp_or_philatelic:stamps; commons_file_source,design; graphic; visual communication,downgrade_to_card_candidate,medium,Stamp/philatelic evidence should be card support unless manually justified as a primary design object.,166,Would moving this to card hide any meaningful research path?,pending,
SURF-CAW2026R02114,CAW2026R02114,1942,1930_1970,1940-1944,Moldova,Modern typography and layout,Wikimedia Commons,Wikimedia Commons file source / Stamp of Moldova - 2012 - Colnect 272865 - Mihai Dolgan 1942-2008 Singer and Composer.jpeg / page 115752134,Stamp of Moldova - 2012 - Colnect 272865 - Mihai Dolgan 1942-2008 Singer and Composer.jpeg,IMG03,776,2664,3440,Moldova|Modern typography and layout|Wikimedia Commons|1940-1944,1,1,0,0,47,80,0,100,66,74,84,0,0,47,weak_context:anniversary; stamp_or_philatelic:postage; stamp_or_philatelic:stamp; stamp_or_philatelic:stamps; commons_file_source,design; graphic; visual communication,downgrade_to_card_candidate,medium,Stamp/philatelic evidence should be card support unless manually justified as a primary design object.,109,Would moving this to card hide any meaningful research path?,pending,
SURF-CAW2026R02242,CAW2026R02242,1948,1930_1970,1945-1949,Mongolia,Modern typography and layout,Wikimedia Commons,Wikimedia Commons file source / USSR-communicationmeeting-1958.jpg / page 2834140,USSR-communicationmeeting-1958.jpg,IMG03,1782,2504,4286,Mongolia|Modern typography and layout|Wikimedia Commons|1945-1949,1,1,0,0,50,80,0,100,66,62,96,0,0,50,stamp_or_philatelic:postage; stamp_or_philatelic:stamp; stamp_or_philatelic:stamps; commons_file_source,design; graphic; visual communication,downgrade_to_card_candidate,medium,Stamp/philatelic evidence should be card support unless manually justified as a primary design object.,97,Would moving this to card hide any meaningful research path?,pending,
SURF-CAW2026R01710,CAW2026R01710,1932,1930_1970,1930-1934,Mozambique,Modern typography and layout,Wikimedia Commons,Wikimedia Commons file source / Stamp of Peru - 1932 - Colnect 846134 - Number 2.jpeg / page 114985153,Stamp of Peru - 1932 - Colnect 846134 - Number 2.jpeg,IMG03,297,2577,2874,Mozambique|Modern typography and layout|Wikimedia Commons|1930-1934,2,1,0,0,35,29,5,69,78,62,94,0,31,35,stamp_or_philatelic:postage; stamp_or_philatelic:stamp; stamp_or_philatelic:stamps; commons_file_source,advertisement; design; graphic; visual communication,downgrade_to_card_candidate,medium,Stamp/philatelic evidence should be card support unless manually justified as a primary design object.,128,Would moving this to card hide any meaningful research path?,pending,
SURF-CAW2026R02336,CAW2026R02336,1951,1930_1970,1950-1954,North America,Modern typography and layout,Wikimedia Commons,"Wikimedia Commons file source / Myanmar in 1951 art, from- Burma Civil Liberties Poster - NARA - 5729921 (cropped).jpg / page 84930875","Myanmar in 1951 art, from- Burma Civil Liberties Poster - NARA - 5729921 (cropped).jpg",IMG03,221,2552,2773,United States|Modern typography and layout|Wikimedia Commons|1950-1954,2,1,0,0,31,22,5,63,78,44,31,0,37,31,stamp_or_philatelic:postage; stamp_or_philatelic:stamp; commons_file_source,design; graphic; poster; visual communication,downgrade_to_card_candidate,medium,Stamp/philatelic evidence should be card support unless manually justified as a primary design object.,126,Would moving this to card hide any meaningful research path?,pending,
SURF-CCT2026R03487,CCT2026R03487,1937,1930_1970,1935-1939,Oceania and Pacific,Modern typography and layout,Wikimedia Commons,Wikimedia Commons file source / Australianstamp 1442.jpg / page 12597156,Australianstamp 1442.jpg,IMG03,167,2636,2803,Australia / Indigenous|Modern typography and layout|Wikimedia Commons|1935-1939,10,1,1,0,29,16,47,58,66,62,0,0,42,29,stamp_or_philatelic:postage; stamp_or_philatelic:stamp; stamp_or_philatelic:stamps; commons_file_source,design; graphic; visual communication,downgrade_to_card_candidate,medium,Stamp/philatelic evidence should be card support unless manually justified as a primary design object.,164,Would moving this to card hide any meaningful research path?,pending,
SURF-CAW2026R02166,CAW2026R02166,1944,1930_1970,1940-1944,Oman,Travel and transport poster culture,Wikimedia Commons,Wikimedia Commons file source / Zanzibaralbusaid1944.jpg / page 6525200,Zanzibaralbusaid1944.jpg,IMG03,584,2529,3113,Oman|Travel and transport poster culture|Wikimedia Commons|1940-1944,1,1,0,0,43,58,0,93,66,62,98,0,7,43,stamp_or_philatelic:postage; stamp_or_philatelic:stamp; stamp_or_philatelic:stamps; commons_file_source,design; graphic; visual communication,downgrade_to_card_candidate,medium,Stamp/philatelic evidence should be card support unless manually justified as a primary design object.,104,Would moving this to card hide any meaningful research path?,pending,
SURF-CAW2026R02169,CAW2026R02169,1944,1930_1970,1940-1944,Papua New Guinea,Modern typography and layout,Wikimedia Commons,Wikimedia Commons file source / Stamp of Aegean Islands - 1944 - Colnect 413750 - Pro sinistrati di guerra.jpeg / page 115644899,Stamp of Aegean Islands - 1944 - Colnect 413750 - Pro sinistrati di guerra.jpeg,IMG03,749,2613,3362,Papua New Guinea|Modern typography and layout|Wikimedia Commons|1940-1944,7,1,0,0,54,80,30,100,66,62,89,0,0,54,stamp_or_philatelic:postage; stamp_or_philatelic:stamp; stamp_or_philatelic:stamps; commons_file_source,design; graphic; visual communication,downgrade_to_card_candidate,medium,Stamp/philatelic evidence should be card support unless manually justified as a primary design object.,97,Would moving this to card hide any meaningful research path?,pending,
SURF-CAW2026R02768,CAW2026R02768,1969,1930_1970,1965-1969,Rwanda,Modern typography and layout,Wikimedia Commons,Wikimedia Commons file source / Stamp of Rwanda - 1969 - Colnect 988101 - The Moneylender and his Wife by Quentin Matsys.jpeg / page 115808898,Stamp of Rwanda - 1969 - Colnect 988101 - The Moneylender and his Wife by Quentin Matsys.jpeg,IMG03,325,2686,3011,Rwanda|Modern typography and layout|Wikimedia Commons|1965-1969,1,1,0,0,33,32,0,72,66,62,99,0,28,33,stamp_or_philatelic:postage; stamp_or_philatelic:stamp; stamp_or_philatelic:stamps; commons_file_source,design; graphic; visual communication,downgrade_to_card_candidate,medium,Stamp/philatelic evidence should be card support unless manually justified as a primary design object.,125,Would moving this to card hide any meaningful research path?,pending,
SURF-CAW2026R02697,CAW2026R02697,1966,1930_1970,1965-1969,Serbia,Modern typography and layout,Wikimedia Commons,Wikimedia Commons file source / Stamp of Zanzibar - 1966 - Colnect 465791 - Education.jpeg / page 115889903,Stamp of Zanzibar - 1966 - Colnect 465791 - Education.jpeg,IMG03,703,2495,3198,Serbia|Modern typography and layout|Wikimedia Commons|1965-1969,2,1,1,0,49,80,17,100,66,62,30,0,0,49,stamp_or_philatelic:postage; stamp_or_philatelic:stamp; stamp_or_philatelic:stamps; commons_file_source,design; graphic; visual communication,downgrade_to_card_candidate,medium,Stamp/philatelic evidence should be card support unless manually justified as a primary design object.,97,Would moving this to card hide any meaningful research path?,pending,
SURF-CAW2026R02548,CAW2026R02548,1958,1930_1970,1955-1959,Slovenia,Modern typography and layout,Wikimedia Commons,Wikimedia Commons file source / Ironworks-in-Sisak.jpg / page 147140712,Ironworks-in-Sisak.jpg,IMG03,381,2469,2850,Slovenia|Modern typography and layout|Wikimedia Commons|1955-1959,2,1,0,0,36,38,5,76,66,62,90,0,24,36,stamp_or_philatelic:postage; stamp_or_philatelic:stamp; stamp_or_philatelic:stamps; commons_file_source,design; graphic; visual communication,downgrade_to_card_candidate,medium,Stamp/philatelic evidence should be card support unless manually justified as a primary design object.,121,Would moving this to card hide any meaningful research path?,pending,
SURF-CAW2026R02711,CAW2026R02711,1966,1930_1970,1965-1969,Solomon Islands,Modern typography and layout,Wikimedia Commons,Wikimedia Commons file source / FrankLloydWright1966USstamp.jpg / page 698792,FrankLloydWright1966USstamp.jpg,IMG03,1645,2337,3982,Solomon Islands|Modern typography and layout|Wikimedia Commons|1965-1969,2,1,0,0,50,80,5,100,66,62,96,0,0,50,stamp_or_philatelic:postage; stamp_or_philatelic:stamp; stamp_or_philatelic:stamps; commons_file_source,design; graphic; visual communication,downgrade_to_card_candidate,medium,Stamp/philatelic evidence should be card support unless manually justified as a primary design object.,97,Would moving this to card hide any meaningful research path?,pending,
SURF-CCT2026R03741,CCT2026R03741,1950,1930_1970,1950-1954,South Asia,Modern typography and layout,Wikimedia Commons,Wikimedia Commons file source / Stamp of India - 1950 - Colnect 986625 - 1 - Quill ink well and verse.jpeg / page 98491515,Stamp of India - 1950 - Colnect 986625 - 1 - Quill ink well and verse.jpeg,IMG03,318,2851,3169,India|Modern typography and layout|Wikimedia Commons|1950-1954,30,1,1,0,34,31,47,71,66,74,14,0,29,34,weak_context:inauguration; stamp_or_philatelic:postage; stamp_or_philatelic:stamp; stamp_or_philatelic:stamps; commons_file_source,design; graphic; visual communication,downgrade_to_card_candidate,medium,Stamp/philatelic evidence should be card support unless manually justified as a primary design object.,153,Would moving this to card hide any meaningful research path?,pending,
SURF-CCT2026R04325,CCT2026R04325,1969,1930_1970,1965-1969,Southeast Asia,Modern typography and layout,Wikimedia Commons,Wikimedia Commons file source / Dinopium everetti 1969 stamp of the Philippines.jpg / page 49655801,Dinopium everetti 1969 stamp of the Philippines.jpg,IMG03,177,2854,3031,Philippines|Modern typography and layout|Wikimedia Commons|1965-1969,9,1,0,0,28,17,35,59,66,62,0,0,41,28,stamp_or_philatelic:postage; stamp_or_philatelic:stamp; stamp_or_philatelic:stamps; commons_file_source,design; graphic; visual communication,downgrade_to_card_candidate,medium,Stamp/philatelic evidence should be card support unless manually justified as a primary design object.,148,Would moving this to card hide any meaningful research path?,pending,
SURF-CCT2026R03193,CCT2026R03193,1938,1930_1970,1935-1939,Syria,Modern typography and layout,Wikimedia Commons,Wikimedia Commons file source / Stamp Alexandretta 4pi.jpg / page 1561433,Stamp Alexandretta 4pi.jpg,IMG03,463,2754,3217,Syria|Modern typography and layout|Wikimedia Commons|1935-1939,1,1,0,0,38,46,0,83,66,62,84,0,17,38,stamp_or_philatelic:postage; stamp_or_philatelic:stamp; stamp_or_philatelic:stamps; commons_file_source,design; graphic; visual communication,downgrade_to_card_candidate,medium,Stamp/philatelic evidence should be card support unless manually justified as a primary design object.,114,Would moving this to card hide any meaningful research path?,pending,
SURF-CAW2026R01740,CAW2026R01740,1933,1930_1970,1930-1934,Tunisia,Modern typography and layout,Wikimedia Commons,Wikimedia Commons file source / Stamp of Aegean Islands - 1933 - Colnect 177601 - Rodi - Symbolical of Flight.jpeg / page 115644051,Stamp of Aegean Islands - 1933 - Colnect 177601 - Rodi - Symbolical of Flight.jpeg,IMG03,340,2630,2970,Tunisia|Modern typography and layout|Wikimedia Commons|1930-1934,1,1,0,0,33,34,0,73,66,62,87,0,27,33,stamp_or_philatelic:postage; stamp_or_philatelic:stamp; stamp_or_philatelic:stamps; commons_file_source,design; graphic; visual communication,downgrade_to_card_candidate,medium,Stamp/philatelic evidence should be card support unless manually justified as a primary design object.,124,Would moving this to card hide any meaningful research path?,pending,
SURF-CAW2026R02729,CAW2026R02729,1967,1930_1970,1965-1969,United Arab Emirates,Modern typography and layout,Wikimedia Commons,Wikimedia Commons file source / Sheik-Rashid-bin-Said 1967 stamps of Dubai.jpg / page 169092346,Sheik-Rashid-bin-Said 1967 stamps of Dubai.jpg,IMG03,789,2541,3330,United Arab Emirates|Modern typography and layout|Wikimedia Commons|1965-1969,2,1,0,0,50,80,5,100,66,62,92,0,0,50,stamp_or_philatelic:postage; stamp_or_philatelic:stamp; stamp_or_philatelic:stamps; commons_file_source,design; graphic; visual communication,downgrade_to_card_candidate,medium,Stamp/philatelic evidence should be card support unless manually justified as a primary design object.,97,Would moving this to card hide any meaningful research path?,pending,
SURF-IR1970R016,IR1970R016,1940,1930_1970,1940-1944,Unresolved region,Midcentury modern graphic communication,Wellcome Collection,Wellcome Collection Catalogue API,"A tuberculosis stamp showing children singing Christmas carols; advertising the sale of tuberculosis stamps. Colour lithograph (?), 1940.",IMG02,321,2035,2356,Unresolved region|Midcentury modern graphic communication|Wellcome Collection|1940-1944,2,1,0,0,36,47,5,71,50,36,70,0,29,36,stamp_or_philatelic:stamp; stamp_or_philatelic:stamps,advertising; catalogue; poster,downgrade_to_card_candidate,medium,Stamp/philatelic evidence should be card support unless manually justified as a primary design object.,100,Would moving this to card hide any meaningful research path?,pending,
SURF-IR1970R034,IR1970R034,1949,1930_1970,1945-1949,Western and Central Europe,Midcentury modern graphic communication,Wellcome Collection,Wellcome Collection Catalogue API,"A radiologist conducting a chest x-ray of a young man in order to detect early signs of tuberculosis. Colour lithograph after A. Wilquin, 1949.",IMG02,812,2292,3104,France|Midcentury modern graphic communication|Wellcome Collection|1945-1949,1,1,0,0,47,95,0,100,50,36,0,0,0,47,stamp_or_philatelic:stamp; stamp_or_philatelic:stamps,campaign; catalogue; poster,downgrade_to_card_candidate,medium,Stamp/philatelic evidence should be card support unless manually justified as a primary design object.,71,Would moving this to card hide any meaningful research path?,pending,
SURF-CAW2026R01681,CAW2026R01681,1931,1930_1970,1930-1934,Western and Central Europe,Modern typography and layout,Wikimedia Commons,Wikimedia Commons file source / Stamp of Belgian Congo - 1931 - Colnect 156572 - Sir Henry Morton Stanley.jpeg / page 115853451,Stamp of Belgian Congo - 1931 - Colnect 156572 - Sir Henry Morton Stanley.jpeg,IMG03,297,2597,2894,Belgium|Modern typography and layout|Wikimedia Commons|1930-1934,19,1,1,0,34,29,47,69,66,62,0,0,31,34,stamp_or_philatelic:postage; stamp_or_philatelic:stamp; stamp_or_philatelic:stamps; commons_file_source,design; graphic; visual communication,downgrade_to_card_candidate,medium,Stamp/philatelic evidence should be card support unless manually justified as a primary design object.,143,Would moving this to card hide any meaningful research path?,pending,
SURF-CAW2026R02733,CAW2026R02733,1967,1930_1970,1965-1969,Yemen,Modern typography and layout,Wikimedia Commons,Wikimedia Commons file source / Stamps Mahra state 1967 world scout meeting 03.jpg / page 174228778,Stamps Mahra state 1967 world scout meeting 03.jpg,IMG03,327,2621,2948,Yemen|Modern typography and layout|Wikimedia Commons|1965-1969,6,1,0,0,37,32,25,72,66,62,90,0,28,37,stamp_or_philatelic:postage; stamp_or_philatelic:stamp; stamp_or_philatelic:stamps; commons_file_source,design; graphic; visual communication,downgrade_to_card_candidate,medium,Stamp/philatelic evidence should be card support unless manually justified as a primary design object.,125,Would moving this to card hide any meaningful research path?,pending,
SURF-CCT2026R00644,CCT2026R00644,1986,1970_2000,1985-1989,Africa,Modern typography and layout,Wikimedia Commons,"Wikimedia Commons file source / South Africa 1986 variable value stamp 00,14 Mi 1.2.jpg / page 98255414","South Africa 1986 variable value stamp 00,14 Mi 1.2.jpg",IMG03,281,2724,3005,South Africa|Modern typography and layout|Wikimedia Commons|1985-1989,1,1,0,0,29,28,0,68,66,62,36,20,32,29,stamp_or_philatelic:postage; stamp_or_philatelic:stamp; stamp_or_philatelic:stamps; commons_file_source,design; graphic; visual communication,downgrade_to_card_candidate,medium,Stamp/philatelic evidence should be card support unless manually justified as a primary design object.,129,Would moving this to card hide any meaningful research path?,pending,
SURF-CAW2026R03268,CAW2026R03268,1993,1970_2000,1990-1994,Albania,Modern typography and layout,Wikimedia Commons,Wikimedia Commons file source / Stamp of Albania - 1993 - Colnect 369475 - The green stone painting by Edi Hila.jpeg / page 98410847,Stamp of Albania - 1993 - Colnect 369475 - The green stone painting by Edi Hila.jpeg,IMG03,301,2675,2976,Albania|Modern typography and layout|Wikimedia Commons|1990-1994,3,1,0,0,34,30,10,70,66,62,87,20,30,34,stamp_or_philatelic:postage; stamp_or_philatelic:stamp; stamp_or_philatelic:stamps; commons_file_source,design; graphic; visual communication,downgrade_to_card_candidate,medium,Stamp/philatelic evidence should be card support unless manually justified as a primary design object.,127,Would moving this to card hide any meaningful research path?,pending,
SURF-CAW2026R02867,CAW2026R02867,1974,1970_2000,1970-1974,Angola,Modern typography and layout,Wikimedia Commons,Wikimedia Commons file source / Ford A5264 NLGRF photo contact sheet (1975-06-27)(Gerald Ford Library).jpg / page 23393482,Ford A5264 NLGRF photo contact sheet (1975-06-27)(Gerald Ford Library).jpg,IMG03,962,2635,3597,Angola|Modern typography and layout|Wikimedia Commons|1970-1974,1,1,0,0,56,95,0,100,66,44,82,20,0,56,stamp_or_philatelic:postage; stamp_or_philatelic:stamp; commons_file_source,design; graphic; visual communication,downgrade_to_card_candidate,medium,Stamp/philatelic evidence should be card support unless manually justified as a primary design object.,79,Would moving this to card hide any meaningful research path?,pending,
SURF-CAW2026R03041,CAW2026R03041,1983,1970_2000,1980-1984,Bosnia and Herzegovina,Modern typography and layout,Wikimedia Commons,Wikimedia Commons file source / Ivo Andrić 1983 Yugoslavia stamp.jpg / page 34326448,Ivo Andrić 1983 Yugoslavia stamp.jpg,IMG03,644,2526,3170,Bosnia and Herzegovina|Modern typography and layout|Wikimedia Commons|1980-1984,1,1,0,0,50,74,0,98,66,44,74,20,2,50,stamp_or_philatelic:postage; stamp_or_philatelic:stamp; commons_file_source,design; graphic; visual communication,downgrade_to_card_candidate,medium,Stamp/philatelic evidence should be card support unless manually justified as a primary design object.,81,Would moving this to card hide any meaningful research path?,pending,
SURF-CCT2026R00320,CCT2026R00320,1972,1970_2000,1970-1974,Cameroon,Modern typography and layout,Wikimedia Commons,Wikimedia Commons file source / Stamp CAM 1972 40f.jpg / page 146814459,Stamp CAM 1972 40f.jpg,IMG03,592,2518,3110,Cameroon|Modern typography and layout|Wikimedia Commons|1970-1974,1,1,0,0,44,59,0,94,66,62,97,20,6,44,stamp_or_philatelic:postage; stamp_or_philatelic:stamp; stamp_or_philatelic:stamps; commons_file_source,design; graphic; visual communication,downgrade_to_card_candidate,medium,Stamp/philatelic evidence should be card support unless manually justified as a primary design object.,103,Would moving this to card hide any meaningful research path?,pending,
SURF-CAW2026R03380,CAW2026R03380,1998,1970_2000,1995-1999,Croatia,Modern typography and layout,Wikimedia Commons,Wikimedia Commons file source / Stamp of Indonesia - 1998 - Colnect 254744 - Folk Tales.jpeg / page 114799444,Stamp of Indonesia - 1998 - Colnect 254744 - Folk Tales.jpeg,IMG03,272,2622,2894,Croatia|Modern typography and layout|Wikimedia Commons|1995-1999,2,1,0,0,32,27,5,67,66,62,84,20,33,32,stamp_or_philatelic:postage; stamp_or_philatelic:stamp; stamp_or_philatelic:stamps; commons_file_source,design; graphic; visual communication,downgrade_to_card_candidate,medium,Stamp/philatelic evidence should be card support unless manually justified as a primary design object.,130,Would moving this to card hide any meaningful research path?,pending,
SURF-CAW2026R02874,CAW2026R02874,1974,1970_2000,1970-1974,Democratic Republic of the Congo,Modern typography and layout,Wikimedia Commons,Wikimedia Commons file source / Kissinger and Nguza Karl-I-Bond toasting (1976-04-28)(A9606 NLGRF Gerald Ford Library).jpg / page 82776635,Kissinger and Nguza Karl-I-Bond toasting (1976-04-28)(A9606 NLGRF Gerald Ford Library).jpg,IMG03,938,2709,3647,Democratic Republic of the Congo|Modern typography and layout|Wikimedia Commons|1970-1974,8,1,1,0,64,95,47,100,66,44,69,20,0,64,stamp_or_philatelic:postage; stamp_or_philatelic:stamp; commons_file_source,design; graphic; visual communication,downgrade_to_card_candidate,medium,Stamp/philatelic evidence should be card support unless manually justified as a primary design object.,94,Would moving this to card hide any meaningful research path?,pending,
SURF-CCT2026R01294,CCT2026R01294,1983,1970_2000,1980-1984,East Asia,Modern typography and layout,Wikimedia Commons,Wikimedia Commons file source / Korea stamp type B8A.jpg / page 17348630,Korea stamp type B8A.jpg,IMG03,190,2523,2713,Korean Peninsula|Modern typography and layout|Wikimedia Commons|1980-1984,2,1,1,0,29,19,17,60,66,62,48,20,40,29,stamp_or_philatelic:postage; stamp_or_philatelic:stamp; stamp_or_philatelic:stamps; commons_file_source,design; graphic; visual communication,downgrade_to_card_candidate,medium,Stamp/philatelic evidence should be card support unless manually justified as a primary design object.,147,Would moving this to card hide any meaningful research path?,pending,
SURF-CCT2026R00831,CCT2026R00831,1991,1970_2000,1990-1994,"Eastern Europe, Balkans, and Central/Eastern socialist contexts",Modern typography and layout,Wikimedia Commons,Wikimedia Commons file source / Russia stamp 2011 № 1542list.jpg / page 133249949,Russia stamp 2011 № 1542list.jpg,IMG03,209,2704,2913,Kazakhstan|Modern typography and layout|Wikimedia Commons|1990-1994,51,1,1,0,32,20,47,62,66,62,0,20,38,32,stamp_or_philatelic:postage; stamp_or_philatelic:stamp; stamp_or_philatelic:stamps; commons_file_source,design; graphic; visual communication,downgrade_to_card_candidate,medium,Stamp/philatelic evidence should be card support unless manually justified as a primary design object.,160,Would moving this to card hide any meaningful research path?,pending,
SURF-CAW2026R02880,CAW2026R02880,1974,1970_2000,1970-1974,Estonia,Modern typography and layout,Wikimedia Commons,Wikimedia Commons file source / StampUSSR1974 4366.jpg / page 7977842,StampUSSR1974 4366.jpg,IMG03,254,2549,2803,Estonia|Modern typography and layout|Wikimedia Commons|1970-1974,2,1,1,0,37,25,17,66,66,44,95,20,34,37,stamp_or_philatelic:postage; stamp_or_philatelic:stamp; commons_file_source,design; graphic; visual communication,downgrade_to_card_candidate,medium,Stamp/philatelic evidence should be card support unless manually justified as a primary design object.,113,Would moving this to card hide any meaningful research path?,pending,
SURF-CRG2026R2965,CRG2026R2965,1976,1970_2000,1975-1979,Global / transnational,Modern typography and layout,Wikimedia Commons,Wikimedia Commons file source / Stamps 001 ua0028.jpg / page 94265589,Stamps 001 ua0028.jpg,IMG03,148,2451,2599,Global / transnational|Modern typography and layout|Wikimedia Commons|1975-1979,576,1,0,0,27,14,35,57,66,62,0,20,43,27,stamp_or_philatelic:postage; stamp_or_philatelic:stamp; stamp_or_philatelic:stamps; commons_file_source,design; graphic; visual communication,downgrade_to_card_candidate,medium,Stamp/philatelic evidence should be card support unless manually justified as a primary design object.,150,Would moving this to card hide any meaningful research path?,pending,
SURF-CAW2026R02885,CAW2026R02885,1974,1970_2000,1970-1974,Jordan,Modern typography and layout,Wikimedia Commons,Wikimedia Commons file source / Ford A2204 NLGRF photo contact sheet (1974-11-29)(Gerald Ford Library).jpg / page 23376013,Ford A2204 NLGRF photo contact sheet (1974-11-29)(Gerald Ford Library).jpg,IMG03,1460,2658,4118,Jordan|Modern typography and layout|Wikimedia Commons|1970-1974,3,1,1,0,61,95,22,100,66,44,92,20,0,61,stamp_or_philatelic:postage; stamp_or_philatelic:stamp; commons_file_source,design; graphic; visual communication,downgrade_to_card_candidate,medium,Stamp/philatelic evidence should be card support unless manually justified as a primary design object.,79,Would moving this to card hide any meaningful research path?,pending,
SURF-CAW2026R03390,CAW2026R03390,1998,1970_2000,1995-1999,Kiribati,Modern typography and layout,Wikimedia Commons,Wikimedia Commons file source / Stamp of Azerbaijan - 1998 - Colnect 289099 - Israel 98 - World Stamp Exhibition.jpeg / page 98439476,Stamp of Azerbaijan - 1998 - Colnect 289099 - Israel 98 - World Stamp Exhibition.jpeg,IMG03,369,2625,2994,Kiribati|Modern typography and layout|Wikimedia Commons|1995-1999,1,1,0,0,38,36,0,75,78,62,99,20,25,38,stamp_or_philatelic:postage; stamp_or_philatelic:stamp; stamp_or_philatelic:stamps; commons_file_source,design; exhibition; graphic; visual communication,downgrade_to_card_candidate,medium,Stamp/philatelic evidence should be card support unless manually justified as a primary design object.,122,Would moving this to card hide any meaningful research path?,pending,
SURF-CAW2026R02850,CAW2026R02850,1971,1970_2000,1970-1974,Laos,Modern typography and layout,Wikimedia Commons,Wikimedia Commons file source / Stamp of Peru - 1971 - Colnect 352795 - Group of 77.jpeg / page 115009040,Stamp of Peru - 1971 - Colnect 352795 - Group of 77.jpeg,IMG03,302,2603,2905,Laos|Modern typography and layout|Wikimedia Commons|1970-1974,5,1,0,0,39,30,20,70,78,62,94,20,30,39,stamp_or_philatelic:postage; stamp_or_philatelic:stamp; stamp_or_philatelic:stamps; commons_file_source,advertisement; design; graphic; visual communication,downgrade_to_card_candidate,medium,Stamp/philatelic evidence should be card support unless manually justified as a primary design object.,127,Would moving this to card hide any meaningful research path?,pending,
SURF-CCT2026R01852,CCT2026R01852,1996,1970_2000,1995-1999,Latin America and the Caribbean,Modern typography and layout,Wikimedia Commons,Wikimedia Commons file source / Russia stamp 1996 № 271.jpg / page 68417844,Russia stamp 1996 № 271.jpg,IMG03,182,2708,2890,Argentina|Modern typography and layout|Wikimedia Commons|1995-1999,2,1,0,0,24,18,5,60,66,62,0,20,40,24,stamp_or_philatelic:postage; stamp_or_philatelic:stamp; stamp_or_philatelic:stamps; commons_file_source,design; graphic; visual communication,downgrade_to_card_candidate,medium,Stamp/philatelic evidence should be card support unless manually justified as a primary design object.,147,Would moving this to card hide any meaningful research path?,pending,
SURF-CAW2026R03292,CAW2026R03292,1994,1970_2000,1990-1994,Latvia,Modern typography and layout,Wikimedia Commons,Wikimedia Commons file source / 19940621 200sant Latvia Postage Stamp.jpg / page 11653684,19940621 200sant Latvia Postage Stamp.jpg,IMG03,208,2564,2772,Latvia|Modern typography and layout|Wikimedia Commons|1990-1994,6,1,0,0,36,20,25,62,66,44,86,20,38,36,stamp_or_philatelic:postage; stamp_or_philatelic:stamp; commons_file_source,design; graphic; visual communication,downgrade_to_card_candidate,medium,Stamp/philatelic evidence should be card support unless manually justified as a primary design object.,127,Would moving this to card hide any meaningful research path?,pending,
SURF-CAW2026R03272,CAW2026R03272,1993,1970_2000,1990-1994,Lithuania,Modern typography and layout,Wikimedia Commons,Wikimedia Commons file source / Europa 1993 Lietuva.jpg / page 80783546,Europa 1993 Lietuva.jpg,IMG03,222,2554,2776,Lithuania|Modern typography and layout|Wikimedia Commons|1990-1994,12,1,0,0,35,22,35,63,66,62,74,20,37,35,stamp_or_philatelic:postage; stamp_or_philatelic:stamp; stamp_or_philatelic:stamps; commons_file_source,design; graphic; visual communication,downgrade_to_card_candidate,medium,Stamp/philatelic evidence should be card support unless manually justified as a primary design object.,144,Would moving this to card hide any meaningful research path?,pending,
SURF-CAW2026R03127,CAW2026R03127,1988,1970_2000,1985-1989,Middle East and North Africa,World War and public-information graphics,Wikimedia Commons,"Wikimedia Commons file source / Petroxestes pera bivalve borings on limestone hardground (Turkey Track Layer, Waynesville Formation, Upper Ordovician; Caesar Creek Lake's emergency spillway, Warren County, Ohio, USA)...","Petroxestes pera bivalve borings on limestone hardground (Turkey Track Layer, Waynesville Formation, Upper Ordovician; Caesar Creek Lake's emergency spillway, Warren County, Ohio, USA) 32.jpg",IMG03,1239,2827,4066,Turkey|World War and public-information graphics|Wikimedia Commons|1985-1989,53,1,1,0,53,80,47,100,90,100,0,20,0,53,non_design_drift:bivalve; non_design_drift:fossil; non_design_drift:limestone; non_design_drift:ordovician; non_design_drift:specimen; commons_file_source,design; graphic; identity; typography; visual communication,downgrade_to_card_candidate,medium,Context/photo/stamp/source-file risk should be preserved as card support unless reviewed otherwise.,150,Would moving this to card hide any meaningful research path?,pending,
SURF-CAW2026R03336,CAW2026R03336,1996,1970_2000,1995-1999,Moldova,Modern typography and layout,Wikimedia Commons,Wikimedia Commons file source / Stamp of Moldova 083 - 2.png / page 42470476,Stamp of Moldova 083 - 2.png,IMG03,191,2520,2711,Moldova|Modern typography and layout|Wikimedia Commons|1995-1999,19,1,0,0,37,19,35,60,66,44,84,20,40,37,stamp_or_philatelic:postage; stamp_or_philatelic:stamp; commons_file_source,design; graphic; visual communication,downgrade_to_card_candidate,medium,Stamp/philatelic evidence should be card support unless manually justified as a primary design object.,129,Would moving this to card hide any meaningful research path?,pending,
SURF-CAW2026R03022,CAW2026R03022,1981,1970_2000,1980-1984,Mongolia,Modern typography and layout,Wikimedia Commons,Wikimedia Commons file source / The Soviet Union 1981 CPA 5170 stamp (Soviet-Mongolian Space Flight. Moment of launch rocket with Soyuz 39 spacecraft from Baikonur Cosmodrome).jpg / page 104112093,The Soviet Union 1981 CPA 5170 stamp (Soviet-Mongolian Space Flight. Moment of launch rocket with Soyuz 39 spacecraft from Baikonur Cosmodrome).jpg,IMG03,433,2783,3216,Mongolia|Modern typography and layout|Wikimedia Commons|1980-1984,3,1,1,0,45,43,22,81,66,44,96,20,19,45,stamp_or_philatelic:postage; stamp_or_philatelic:stamp; commons_file_source,design; graphic; visual communication,downgrade_to_card_candidate,medium,Stamp/philatelic evidence should be card support unless manually justified as a primary design object.,98,Would moving this to card hide any meaningful research path?,pending,
SURF-CRG2026R2112,CRG2026R2112,1971,1970_2000,1970-1974,North America,Modern typography and layout,Wikimedia Commons,Wikimedia Commons file source / United States Christmas 1971 Postage Stamp First Day of Issue Cover.jpg / page 190512417,United States Christmas 1971 Postage Stamp First Day of Issue Cover.jpg,IMG03,228,2641,2869,United States|Modern typography and layout|Wikimedia Commons|1970-1974,25,1,0,0,35,22,35,64,66,44,31,20,36,35,stamp_or_philatelic:postage; stamp_or_philatelic:stamp; commons_file_source,design; graphic; visual communication,downgrade_to_card_candidate,medium,Stamp/philatelic evidence should be card support unless manually justified as a primary design object.,125,Would moving this to card hide any meaningful research path?,pending,
SURF-CAW2026R03364,CAW2026R03364,1997,1970_2000,1995-1999,North Macedonia,Modern typography and layout,Wikimedia Commons,Wikimedia Commons file source / Cantharellus cibarius. Stamp of Macedonia.jpg / page 76359406,Cantharellus cibarius. Stamp of Macedonia.jpg,IMG03,708,2615,3323,North Macedonia|Modern typography and layout|Wikimedia Commons|1995-1999,1,1,1,0,53,80,12,100,66,62,94,20,0,53,stamp_or_philatelic:postage; stamp_or_philatelic:stamp; stamp_or_philatelic:stamps; commons_file_source,design; graphic; visual communication,downgrade_to_card_candidate,medium,Stamp/philatelic evidence should be card support unless manually justified as a primary design object.,97,Would moving this to card hide any meaningful research path?,pending,
SURF-DNZPOSTR025,DNZPOSTR025,1982,1970_2000,1980-1984,Oceania and Pacific,Postwar exhibition and cultural posters,DigitalNZ,DigitalNZ,Philitelic exhibition poster,IMG03,485,2147,2632,Aotearoa New Zealand|Postwar exhibition and cultural posters|DigitalNZ|1980-1984,2,1,0,0,43,63,5,85,68,36,0,20,15,43,stamp_or_philatelic:philatelic; stamp_or_philatelic:stamps,design; exhibition; graphic; poster,downgrade_to_card_candidate,medium,Stamp/philatelic evidence should be card support unless manually justified as a primary design object.,86,Would moving this to card hide any meaningful research path?,pending,
SURF-CCE2026R00809,CCE2026R00809,1971,1970_2000,1970-1974,Oceania and Pacific,Modern typography and layout,Wikimedia Commons,Wikimedia Commons file source / Stamp 1971 NewZealand MiNr0565 pm B002.jpg / page 116388244,Stamp 1971 NewZealand MiNr0565 pm B002.jpg,IMG03,2102,2548,4650,Aotearoa New Zealand|Modern typography and layout|Wikimedia Commons|1970-1974,5,1,0,0,46,80,20,100,66,80,0,20,0,46,stamp_or_philatelic:commemorative; stamp_or_philatelic:postage; stamp_or_philatelic:stamp; stamp_or_philatelic:stamps; commons_file_source,design; graphic; visual communication,downgrade_to_card_candidate,medium,Stamp/philatelic evidence should be card support unless manually justified as a primary design object.,115,Would moving this to card hide any meaningful research path?,pending,
SURF-CAW2026R03218,CAW2026R03218,1990,1970_2000,1990-1994,Papua New Guinea,Modern typography and layout,Wikimedia Commons,Wikimedia Commons file source / Papua New Guinea 1990 variable value stamp 00.20 Mi 1.jpg / page 98475028,Papua New Guinea 1990 variable value stamp 00.20 Mi 1.jpg,IMG03,300,2632,2932,Papua New Guinea|Modern typography and layout|Wikimedia Commons|1990-1994,1,1,0,0,33,30,0,70,66,62,89,20,30,33,stamp_or_philatelic:postage; stamp_or_philatelic:stamp; stamp_or_philatelic:stamps; commons_file_source,design; graphic; visual communication,downgrade_to_card_candidate,medium,Stamp/philatelic evidence should be card support unless manually justified as a primary design object.,127,Would moving this to card hide any meaningful research path?,pending,
SURF-CAW2026R02841,CAW2026R02841,1971,1970_2000,1970-1974,Qatar,Modern typography and layout,Wikimedia Commons,Wikimedia Commons file source / Stamp of Ajman - 1971 - Colnect 768333 - Collie.jpeg / page 115703282,Stamp of Ajman - 1971 - Colnect 768333 - Collie.jpeg,IMG03,666,2558,3224,Qatar|Modern typography and layout|Wikimedia Commons|1970-1974,1,1,0,0,50,76,0,100,66,62,99,20,0,50,stamp_or_philatelic:postage; stamp_or_philatelic:stamp; stamp_or_philatelic:stamps; commons_file_source,design; graphic; visual communication,downgrade_to_card_candidate,medium,Stamp/philatelic evidence should be card support unless manually justified as a primary design object.,97,Would moving this to card hide any meaningful research path?,pending,
SURF-CAW2026R02960,CAW2026R02960,1978,1970_2000,1975-1979,Serbia,Modern typography and layout,Wikimedia Commons,Wikimedia Commons file source / Europa 1978 Yugoslavia Series.jpg / page 80701157,Europa 1978 Yugoslavia Series.jpg,IMG03,402,2573,2975,Serbia|Modern typography and layout|Wikimedia Commons|1975-1979,2,1,1,0,36,40,17,78,66,62,30,20,22,36,stamp_or_philatelic:postage; stamp_or_philatelic:stamp; stamp_or_philatelic:stamps; commons_file_source,design; graphic; visual communication,downgrade_to_card_candidate,medium,Stamp/philatelic evidence should be card support unless manually justified as a primary design object.,119,Would moving this to card hide any meaningful research path?,pending,
SURF-CAW2026R02845,CAW2026R02845,1971,1970_2000,1970-1974,Solomon Islands,Modern typography and layout,Wikimedia Commons,Wikimedia Commons file source / Stamp of Ajman - 1971 - Colnect 696644 - World Jamboree 1971 with silver overprint.jpeg / page 115702479,Stamp of Ajman - 1971 - Colnect 696644 - World Jamboree 1971 with silver overprint.jpeg,IMG03,745,2633,3378,Solomon Islands|Modern typography and layout|Wikimedia Commons|1970-1974,1,1,0,0,51,80,0,100,66,62,96,20,0,51,stamp_or_philatelic:postage; stamp_or_philatelic:stamp; stamp_or_philatelic:stamps; commons_file_source,design; graphic; visual communication,downgrade_to_card_candidate,medium,Stamp/philatelic evidence should be card support unless manually justified as a primary design object.,97,Would moving this to card hide any meaningful research path?,pending,
SURF-CCT2026R03775,CCT2026R03775,1990,1970_2000,1990-1994,South Asia,Modern typography and layout,Wikimedia Commons,Wikimedia Commons file source / Kanakadaasa postal stamp.jpg / page 115166431,Kanakadaasa postal stamp.jpg,IMG03,193,2658,2851,India|Modern typography and layout|Wikimedia Commons|1990-1994,1,1,0,0,24,19,0,61,66,62,14,20,39,24,stamp_or_philatelic:postage; stamp_or_philatelic:stamp; stamp_or_philatelic:stamps; commons_file_source,design; graphic; visual communication,downgrade_to_card_candidate,medium,Stamp/philatelic evidence should be card support unless manually justified as a primary design object.,146,Would moving this to card hide any meaningful research path?,pending,
SURF-CCT2026R03941,CCT2026R03941,1999,1970_2000,1995-1999,Southeast Asia,Modern typography and layout,Wikimedia Commons,Wikimedia Commons file source / Cambodia stamp type 4.jpg / page 16340178,Cambodia stamp type 4.jpg,IMG03,169,2623,2792,Cambodia|Modern typography and layout|Wikimedia Commons|1995-1999,1,1,0,0,22,16,0,59,66,62,0,20,41,22,stamp_or_philatelic:postage; stamp_or_philatelic:stamp; stamp_or_philatelic:stamps; commons_file_source,design; graphic; visual communication,downgrade_to_card_candidate,medium,Stamp/philatelic evidence should be card support unless manually justified as a primary design object.,148,Would moving this to card hide any meaningful research path?,pending,
SURF-CAW2026R03080,CAW2026R03080,1986,1970_2000,1985-1989,Syria,Modern typography and layout,Wikimedia Commons,"Wikimedia Commons file source / Syrian postage stamp commemorating International Workers' Day, 1986.jpg / page 175600733","Syrian postage stamp commemorating International Workers' Day, 1986.jpg",IMG03,401,2648,3049,Syria|Modern typography and layout|Wikimedia Commons|1985-1989,2,1,1,0,42,40,17,78,66,44,84,20,22,42,stamp_or_philatelic:postage; stamp_or_philatelic:stamp; commons_file_source,design; graphic; visual communication,downgrade_to_card_candidate,medium,Stamp/philatelic evidence should be card support unless manually justified as a primary design object.,101,Would moving this to card hide any meaningful research path?,pending,
SURF-CAW2026R03416,CAW2026R03416,1999,1970_2000,1995-1999,Timor-Leste,Modern typography and layout,Wikimedia Commons,Wikimedia Commons file source / Sc-52-1-baucau-indonesia.jpg / page 157192828,Sc-52-1-baucau-indonesia.jpg,IMG03,373,2551,2924,Timor-Leste|Modern typography and layout|Wikimedia Commons|1995-1999,2,1,1,0,42,37,17,76,66,44,98,20,24,42,stamp_or_philatelic:postage; stamp_or_philatelic:stamp; commons_file_source,design; graphic; visual communication,downgrade_to_card_candidate,medium,Stamp/philatelic evidence should be card support unless manually justified as a primary design object.,103,Would moving this to card hide any meaningful research path?,pending,
SURF-CCT2026R00729,CCT2026R00729,1992,1970_2000,1990-1994,Tunisia,Modern typography and layout,Wikimedia Commons,"Wikimedia Commons file source / Tunisia 1992 variable value stamp 002 0,010 Mi 1.2.jpg / page 98504926","Tunisia 1992 variable value stamp 002 0,010 Mi 1.2.jpg",IMG03,446,2822,3268,Tunisia|Modern typography and layout|Wikimedia Commons|1990-1994,2,1,0,0,39,44,5,82,66,62,87,20,18,39,stamp_or_philatelic:postage; stamp_or_philatelic:stamp; stamp_or_philatelic:stamps; commons_file_source,design; graphic; visual communication,downgrade_to_card_candidate,medium,Stamp/philatelic evidence should be card support unless manually justified as a primary design object.,115,Would moving this to card hide any meaningful research path?,pending,
SURF-CAW2026R02860,CAW2026R02860,1972,1970_2000,1970-1974,United Arab Emirates,Modern typography and layout,Wikimedia Commons,Wikimedia Commons file source / Stamp 1972 UAE-UQ MiNr1176BwBl pm B002.jpg / page 110302313,Stamp 1972 UAE-UQ MiNr1176BwBl pm B002.jpg,IMG03,1048,2622,3670,United Arab Emirates|Modern typography and layout|Wikimedia Commons|1970-1974,3,1,0,0,49,80,10,100,66,80,92,20,0,49,stamp_or_philatelic:commemorative; stamp_or_philatelic:postage; stamp_or_philatelic:stamp; stamp_or_philatelic:stamps; commons_file_source,design; graphic; visual communication,downgrade_to_card_candidate,medium,Stamp/philatelic evidence should be card support unless manually justified as a primary design object.,115,Would moving this to card hide any meaningful research path?,pending,
SURF-CAW2026R02831,CAW2026R02831,1971,1970_2000,1970-1974,Western and Central Europe,Modern typography and layout,Wikimedia Commons,Wikimedia Commons file source / Stamp of Ajman - 1971 - Colnect 852539 - Town Hall.jpeg / page 115704353,Stamp of Ajman - 1971 - Colnect 852539 - Town Hall.jpeg,IMG03,661,2465,3126,Germany|Modern typography and layout|Wikimedia Commons|1970-1974,13,1,1,0,52,76,47,100,66,62,0,20,0,52,stamp_or_philatelic:postage; stamp_or_philatelic:stamp; stamp_or_philatelic:stamps; commons_file_source,design; graphic; visual communication,downgrade_to_card_candidate,medium,Stamp/philatelic evidence should be card support unless manually justified as a primary design object.,112,Would moving this to card hide any meaningful research path?,pending,
SURF-CAW2026R02947,CAW2026R02947,1977,1970_2000,1975-1979,Yemen,Modern typography and layout,Wikimedia Commons,Wikimedia Commons file source / A postage stamp of the Yemen Arab Republic featuring its former president Ibrahim al-Hamdi.jpg / page 164844757,A postage stamp of the Yemen Arab Republic featuring its former president Ibrahim al-Hamdi.jpg,IMG03,619,2691,3310,Yemen|Modern typography and layout|Wikimedia Commons|1975-1979,1,1,0,0,50,71,0,96,66,44,90,20,4,50,stamp_or_philatelic:postage; stamp_or_philatelic:stamp; commons_file_source,design; graphic; visual communication,downgrade_to_card_candidate,medium,Stamp/philatelic evidence should be card support unless manually justified as a primary design object.,83,Would moving this to card hide any meaningful research path?,pending,
SURF-CAW2026R02875,CAW2026R02875,1974,1970_2000,1970-1974,Zambia,Modern typography and layout,Wikimedia Commons,Wikimedia Commons file source / Ford A9592 NLGRF photo contact sheet (1976-04-27)(Gerald Ford Library).jpg / page 23398715,Ford A9592 NLGRF photo contact sheet (1976-04-27)(Gerald Ford Library).jpg,IMG03,1453,2632,4085,Zambia|Modern typography and layout|Wikimedia Commons|1970-1974,2,1,0,0,58,95,5,100,66,44,97,20,0,58,stamp_or_philatelic:postage; stamp_or_philatelic:stamp; commons_file_source,design; graphic; visual communication,downgrade_to_card_candidate,medium,Stamp/philatelic evidence should be card support unless manually justified as a primary design object.,79,Would moving this to card hide any meaningful research path?,pending,
SURF-CCT2026R00770,CCT2026R00770,1985,1970_2000,1985-1989,Zimbabwe,Modern typography and layout,Wikimedia Commons,Wikimedia Commons file source / Zimbabwe 1985 variable value stamp 00.01 Mi 1.jpg / page 98220922,Zimbabwe 1985 variable value stamp 00.01 Mi 1.jpg,IMG03,259,2795,3054,Zimbabwe|Modern typography and layout|Wikimedia Commons|1985-1989,1,1,0,0,31,25,0,66,66,62,97,20,34,31,stamp_or_philatelic:postage; stamp_or_philatelic:stamp; stamp_or_philatelic:stamps; commons_file_source,design; graphic; visual communication,downgrade_to_card_candidate,medium,Stamp/philatelic evidence should be card support unless manually justified as a primary design object.,131,Would moving this to card hide any meaningful research path?,pending,
SURF-CAW2026R03477,CAW2026R03477,2003,2000_2026,2000-2004,Albania,Modern typography and layout,Wikimedia Commons,Wikimedia Commons file source / Stamp of Albania - 2003 - Colnect 373278 - Face from Onufri poster.jpeg / page 98414643,Stamp of Albania - 2003 - Colnect 373278 - Face from Onufri poster.jpeg,IMG03,296,2645,2941,Albania|Modern typography and layout|Wikimedia Commons|2000-2004,3,1,0,0,41,29,10,69,90,62,87,37,31,41,stamp_or_philatelic:postage; stamp_or_philatelic:stamp; stamp_or_philatelic:stamps; commons_file_source,catalogue; design; graphic; poster; visual communication,downgrade_to_card_candidate,medium,Stamp/philatelic evidence should be card support unless manually justified as a primary design object.,128,Would moving this to card hide any meaningful research path?,pending,
SURF-CRB2026V2R0187,CRB2026V2R0187,2002,2000_2026,2000-2004,East Asia,Modern typography and layout,Wikimedia Commons,Wikimedia Commons file source / Stamp of Kyrgyzstan soccer.jpg / page 5352955,Stamp of Kyrgyzstan soccer.jpg,IMG03,616,2441,3057,Korean Peninsula|Modern typography and layout|Wikimedia Commons|2000-2004,3,1,0,0,47,71,10,96,66,62,48,37,4,47,stamp_or_philatelic:postage; stamp_or_philatelic:stamp; stamp_or_philatelic:stamps; commons_file_source,design; graphic; visual communication,downgrade_to_card_candidate,medium,Stamp/philatelic evidence should be card support unless manually justified as a primary design object.,101,Would moving this to card hide any meaningful research path?,pending,
SURF-CRB2026V2R0378,CRB2026V2R0378,2007,2000_2026,2005-2009,"Eastern Europe, Balkans, and Central/Eastern socialist contexts",Modern typography and layout,Wikimedia Commons,Wikimedia Commons file source / Stamps 2007 Ukrposhta 876-881.jpg / page 36367663,Stamps 2007 Ukrposhta 876-881.jpg,IMG03,151,2520,2671,Ukraine|Modern typography and layout|Wikimedia Commons|2005-2009,17,1,1,0,31,15,47,57,66,62,0,37,43,31,stamp_or_philatelic:postage; stamp_or_philatelic:stamp; stamp_or_philatelic:stamps; commons_file_source,design; graphic; visual communication,downgrade_to_card_candidate,medium,Stamp/philatelic evidence should be card support unless manually justified as a primary design object.,165,Would moving this to card hide any meaningful research path?,pending,
SURF-CRG2026R3872,CRG2026R3872,2008,2000_2026,2005-2009,Global / transnational,Modern typography and layout,Wikimedia Commons,Wikimedia Commons file source / Stamp of Belarus - 2008 - Colnect 282327 - Chanterelle.jpeg / page 98455240,Stamp of Belarus - 2008 - Colnect 282327 - Chanterelle.jpeg,IMG03,630,2633,3263,Global / transnational|Modern typography and layout|Wikimedia Commons|2005-2009,18,1,1,0,55,73,47,97,66,44,0,37,3,55,stamp_or_philatelic:stamp; stamp_or_philatelic:stamps; commons_file_source,design; graphic; visual communication,downgrade_to_card_candidate,medium,Stamp/philatelic evidence should be card support unless manually justified as a primary design object.,97,Would moving this to card hide any meaningful research path?,pending,
SURF-CGS2026R0306,CGS2026R0306,2009,2000_2026,2005-2009,Latin America and the Caribbean,Modern typography and layout,Wikimedia Commons,Wikimedia Commons file source / Argentina PO-D6.jpg / page 7605199,Argentina PO-D6.jpg,IMG03,311,2556,2867,Argentina|Modern typography and layout|Wikimedia Commons|2005-2009,12,1,1,0,40,31,47,70,66,44,0,37,30,40,stamp_or_philatelic:stamp; stamp_or_philatelic:stamps; commons_file_source,design; graphic; visual communication,downgrade_to_card_candidate,medium,Stamp/philatelic evidence should be card support unless manually justified as a primary design object.,124,Would moving this to card hide any meaningful research path?,pending,
SURF-CAW2026R03517,CAW2026R03517,2005,2000_2026,2005-2009,Latvia,Modern typography and layout,Wikimedia Commons,"Wikimedia Commons file source / Stamps of Latvia, 2005-13.jpg / page 11661495","Stamps of Latvia, 2005-13.jpg",IMG03,199,2569,2768,Latvia|Modern typography and layout|Wikimedia Commons|2005-2009,4,1,0,0,32,19,15,61,66,62,86,37,39,32,stamp_or_philatelic:postage; stamp_or_philatelic:stamp; stamp_or_philatelic:stamps; commons_file_source,design; graphic; visual communication,downgrade_to_card_candidate,medium,Stamp/philatelic evidence should be card support unless manually justified as a primary design object.,146,Would moving this to card hide any meaningful research path?,pending,
SURF-CCT2026R00513,CCT2026R00513,2008,2000_2026,2005-2009,Middle East and North Africa,Modern typography and layout,Wikimedia Commons,Wikimedia Commons file source / Sellos del Protectorado español de Marruecos.jpg / page 127278586,Sellos del Protectorado español de Marruecos.jpg,IMG03,215,2792,3007,Morocco|Modern typography and layout|Wikimedia Commons|2005-2009,1,1,1,0,27,21,12,62,66,62,0,37,38,27,stamp_or_philatelic:postage; stamp_or_philatelic:stamp; stamp_or_philatelic:stamps; commons_file_source,design; graphic; visual communication,downgrade_to_card_candidate,medium,Stamp/philatelic evidence should be card support unless manually justified as a primary design object.,145,Would moving this to card hide any meaningful research path?,pending,
SURF-CAW2026R03575,CAW2026R03575,2007,2000_2026,2005-2009,Moldova,Modern typography and layout,Wikimedia Commons,Wikimedia Commons file source / Stamp of Moldova - 2007 - Colnect 166517 - Common Zingel Zingel zingel.jpeg / page 115745248,Stamp of Moldova - 2007 - Colnect 166517 - Common Zingel Zingel zingel.jpeg,IMG03,359,2611,2970,Moldova|Modern typography and layout|Wikimedia Commons|2005-2009,2,1,0,0,36,35,5,74,66,62,84,37,26,36,stamp_or_philatelic:postage; stamp_or_philatelic:stamp; stamp_or_philatelic:stamps; commons_file_source,design; graphic; visual communication,downgrade_to_card_candidate,medium,Stamp/philatelic evidence should be card support unless manually justified as a primary design object.,123,Would moving this to card hide any meaningful research path?,pending,
SURF-CCT2026R03791,CCT2026R03791,2008,2000_2026,2005-2009,South Asia,World War and public-information graphics,Wikimedia Commons,Wikimedia Commons file source / Indiabundleware.jpg / page 5145787,Indiabundleware.jpg,IMG03,422,2690,3112,India|World War and public-information graphics|Wikimedia Commons|2005-2009,1,1,0,0,34,42,0,80,66,62,14,37,20,34,stamp_or_philatelic:postage; stamp_or_philatelic:stamp; stamp_or_philatelic:stamps; commons_file_source,design; graphic; visual communication,downgrade_to_card_candidate,medium,Stamp/philatelic evidence should be card support unless manually justified as a primary design object.,117,Would moving this to card hide any meaningful research path?,pending,
SURF-CCT2026R04197,CCT2026R04197,2003,2000_2026,2000-2004,Southeast Asia,Modern typography and layout,Wikimedia Commons,"Wikimedia Commons file source / Stamps Indonesia 2003 - tata surya - solar system (Galaksi Andromeda, Bumi Mars, Satelit Alam Bumi, Gedung Teropom Zeiss, Alat Ukur Astronomi).png / page 93192816","Stamps Indonesia 2003 - tata surya - solar system (Galaksi Andromeda, Bumi Mars, Satelit Alam Bumi, Gedung Teropom Zeiss, Alat Ukur Astronomi).png",IMG03,348,3007,3355,Indonesia|Modern typography and layout|Wikimedia Commons|2000-2004,115,1,1,0,38,34,47,74,66,62,0,37,26,38,stamp_or_philatelic:postage; stamp_or_philatelic:stamp; stamp_or_philatelic:stamps; commons_file_source,design; graphic; visual communication,downgrade_to_card_candidate,medium,Stamp/philatelic evidence should be card support unless manually justified as a primary design object.,138,Would moving this to card hide any meaningful research path?,pending,
SURF-CCT2026R00773,CCT2026R00773,2006,2000_2026,2005-2009,Zimbabwe,Modern typography and layout,Wikimedia Commons,Wikimedia Commons file source / $200 Zimbabwe revenue stamps in block of four.jpg / page 21458958,$200 Zimbabwe revenue stamps in block of four.jpg,IMG03,476,2845,3321,Zimbabwe|Modern typography and layout|Wikimedia Commons|2005-2009,2,1,0,0,39,47,5,84,66,82,97,37,16,39,stamp_or_philatelic:postage; stamp_or_philatelic:stamp; stamp_or_philatelic:stamps; non_design_drift:bird; commons_file_source,design; graphic; visual communication,downgrade_to_card_candidate,medium,Stamp/philatelic evidence should be card support unless manually justified as a primary design object.,133,Would moving this to card hide any meaningful research path?,pending,
SURF-CCT2026R00621,CCT2026R00621,1926,pre_1930,1925-1929,Africa,Modern typography and layout,Wikimedia Commons,Wikimedia Commons file source / South Africa ship 1926-1d.jpg / page 11893763,South Africa ship 1926-1d.jpg,IMG03,195,2657,2852,South Africa|Modern typography and layout|Wikimedia Commons|1925-1929,2,1,0,0,25,19,5,61,66,62,36,0,39,25,stamp_or_philatelic:postage; stamp_or_philatelic:stamp; stamp_or_philatelic:stamps; commons_file_source,design; graphic; visual communication,downgrade_to_card_candidate,medium,Stamp/philatelic evidence should be card support unless manually justified as a primary design object.,146,Would moving this to card hide any meaningful research path?,pending,
SURF-CAW2026R01152,CAW2026R01152,1913,pre_1930,1910-1914,Albania,Modern typography and layout,Wikimedia Commons,Wikimedia Commons file source / Shqipenia E Lire 1 December 1913.jpg / page 18317014,Shqipenia E Lire 1 December 1913.jpg,IMG03,224,2601,2825,Albania|Modern typography and layout|Wikimedia Commons|1910-1914,1,1,0,0,31,22,0,63,66,44,87,0,37,31,stamp_or_philatelic:postage; stamp_or_philatelic:stamp; commons_file_source,design; graphic; visual communication,downgrade_to_card_candidate,medium,Stamp/philatelic evidence should be card support unless manually justified as a primary design object.,126,Would moving this to card hide any meaningful research path?,pending,
SURF-CCT2026R00290,CCT2026R00290,1863,pre_1930,1860-1864,Angola,Modern typography and layout,Wikimedia Commons,Wikimedia Commons file source / Stamp of Angola - 1905 - Colnect 329288 - King Carlos I of Portugal 1863-1908 - surcharged.jpeg / page 115868381,Stamp of Angola - 1905 - Colnect 329288 - King Carlos I of Portugal 1863-1908 - surcharged.jpeg,IMG03,357,2856,3213,Angola|Modern typography and layout|Wikimedia Commons|1860-1864,14,1,0,0,39,35,35,74,66,62,82,0,26,39,stamp_or_philatelic:postage; stamp_or_philatelic:stamp; stamp_or_philatelic:stamps; commons_file_source,design; graphic; visual communication,downgrade_to_card_candidate,medium,Stamp/philatelic evidence should be card support unless manually justified as a primary design object.,123,Would moving this to card hide any meaningful research path?,pending,
SURF-CAW2026R00652,CAW2026R00652,1893,pre_1930,1890-1894,Benin,Modern typography and layout,Wikimedia Commons,Wikimedia Commons file source / Stamp Benin 1893 40c.jpg / page 486039,Stamp Benin 1893 40c.jpg,IMG03,811,2452,3263,Benin|Modern typography and layout|Wikimedia Commons|1890-1894,1,1,0,0,50,80,0,100,66,62,96,0,0,50,stamp_or_philatelic:postage; stamp_or_philatelic:stamp; stamp_or_philatelic:stamps; commons_file_source,design; graphic; visual communication,downgrade_to_card_candidate,medium,Stamp/philatelic evidence should be card support unless manually justified as a primary design object.,97,Would moving this to card hide any meaningful research path?,pending,
SURF-CAW2026R01234,CAW2026R01234,1916,pre_1930,1915-1919,Bosnia and Herzegovina,Modern typography and layout,Wikimedia Commons,Wikimedia Commons file source / 1916 B-H 5h Mi97.jpg / page 31071593,1916 B-H 5h Mi97.jpg,IMG03,262,2553,2815,Bosnia and Herzegovina|Modern typography and layout|Wikimedia Commons|1915-1919,6,1,0,0,34,26,25,66,66,62,74,0,34,34,stamp_or_philatelic:postage; stamp_or_philatelic:stamp; stamp_or_philatelic:stamps; commons_file_source,design; graphic; visual communication,downgrade_to_card_candidate,medium,Stamp/philatelic evidence should be card support unless manually justified as a primary design object.,131,Would moving this to card hide any meaningful research path?,pending,
SURF-CAW2026R01056,CAW2026R01056,1907,pre_1930,1905-1909,Croatia,Modern typography and layout,Wikimedia Commons,Wikimedia Commons file source / Montenegro postage due magenta 25 para.jpg / page 174424924,Montenegro postage due magenta 25 para.jpg,IMG03,239,2606,2845,Croatia|Modern typography and layout|Wikimedia Commons|1905-1909,2,1,0,0,32,23,5,64,66,44,84,0,36,32,stamp_or_philatelic:postage; stamp_or_philatelic:stamp; commons_file_source,design; graphic; visual communication,downgrade_to_card_candidate,medium,Stamp/philatelic evidence should be card support unless manually justified as a primary design object.,125,Would moving this to card hide any meaningful research path?,pending,
SURF-CAW2026R00494,CAW2026R00494,1887,pre_1930,1885-1889,Democratic Republic of the Congo,Modern typography and layout,Wikimedia Commons,"Wikimedia Commons file source / Stamp of Congo, Free State - 1887 - Colnect 563529 - 1 - Parcelpost Leopold II profile to the left.jpeg / page 115849607","Stamp of Congo, Free State - 1887 - Colnect 563529 - 1 - Parcelpost Leopold II profile to the left.jpeg",IMG03,463,2763,3226,Democratic Republic of the Congo|Modern typography and layout|Wikimedia Commons|1885-1889,4,1,0,0,38,46,15,83,66,74,69,0,17,38,weak_context:profile; stamp_or_philatelic:postage; stamp_or_philatelic:stamp; stamp_or_philatelic:stamps; commons_file_source,design; graphic; visual communication,downgrade_to_card_candidate,medium,Stamp/philatelic evidence should be card support unless manually justified as a primary design object.,126,Would moving this to card hide any meaningful research path?,pending,
SURF-CCT2026R01288,CCT2026R01288,1900,pre_1930,1900-1904,East Asia,Modern typography and layout,Wikimedia Commons,Wikimedia Commons file source / Korea 1900 stamp - 3 chon (jeon).jpg / page 4329240,Korea 1900 stamp - 3 chon (jeon).jpg,IMG03,173,2668,2841,Korean Peninsula|Modern typography and layout|Wikimedia Commons|1900-1904,8,1,1,0,33,17,47,59,66,62,48,0,41,33,stamp_or_philatelic:postage; stamp_or_philatelic:stamp; stamp_or_philatelic:stamps; commons_file_source,design; graphic; visual communication,downgrade_to_card_candidate,medium,Stamp/philatelic evidence should be card support unless manually justified as a primary design object.,163,Would moving this to card hide any meaningful research path?,pending,
SURF-CCT2026R01781,CCT2026R01781,1918,pre_1930,1915-1919,"Eastern Europe, Balkans, and Central/Eastern socialist contexts",Modern typography and layout,Wikimedia Commons,Wikimedia Commons file source / Narbut Projects of stamps UPR.jpg / page 5021403,Narbut Projects of stamps UPR.jpg,IMG03,186,2680,2866,Ukraine|Modern typography and layout|Wikimedia Commons|1915-1919,19,1,1,0,30,18,47,60,66,62,0,0,40,30,stamp_or_philatelic:postage; stamp_or_philatelic:stamp; stamp_or_philatelic:stamps; commons_file_source,design; graphic; visual communication,downgrade_to_card_candidate,medium,Stamp/philatelic evidence should be card support unless manually justified as a primary design object.,162,Would moving this to card hide any meaningful research path?,pending,
SURF-CAW2026R00557,CAW2026R00557,1888,pre_1930,1885-1889,Estonia,Modern typography and layout,Wikimedia Commons,"Wikimedia Commons file source / The Soviet Union 1988 CPA 5927 stamp (Birth centenary of Viktor Kingissepp, Estonian communist politician).jpg / page 101700814","The Soviet Union 1988 CPA 5927 stamp (Birth centenary of Viktor Kingissepp, Estonian communist politician).jpg",IMG03,394,2745,3139,Estonia|Modern typography and layout|Wikimedia Commons|1885-1889,2,1,0,0,39,39,5,77,66,44,95,0,23,39,stamp_or_philatelic:postage; stamp_or_philatelic:stamp; commons_file_source,design; graphic; visual communication,downgrade_to_card_candidate,medium,Stamp/philatelic evidence should be card support unless manually justified as a primary design object.,102,Would moving this to card hide any meaningful research path?,pending,
SURF-CCT2026R03552,CCT2026R03552,1910,pre_1930,1910-1914,Fiji,World War and public-information graphics,Wikimedia Commons,Wikimedia Commons file source / 1910 stamp of fiji.jpg / page 12748956,1910 stamp of fiji.jpg,IMG03,907,2725,3632,Fiji|World War and public-information graphics|Wikimedia Commons|1910-1914,1,1,0,0,50,80,0,100,66,62,98,0,0,50,stamp_or_philatelic:postage; stamp_or_philatelic:stamp; stamp_or_philatelic:stamps; commons_file_source,design; graphic; visual communication,downgrade_to_card_candidate,medium,Stamp/philatelic evidence should be card support unless manually justified as a primary design object.,97,Would moving this to card hide any meaningful research path?,pending,
SURF-CRG2026R0308,CRG2026R0308,1914,pre_1930,1910-1914,Global / transnational,Modern typography and layout,Wikimedia Commons,Wikimedia Commons file source / USSR.1976.Ilya Muromets.16k.jpg / page 134259287,USSR.1976.Ilya Muromets.16k.jpg,IMG03,223,2652,2875,Global / transnational|Modern typography and layout|Wikimedia Commons|1910-1914,60,1,1,0,34,22,47,63,66,44,0,0,37,34,stamp_or_philatelic:postage; stamp_or_philatelic:stamp; commons_file_source,design; graphic; visual communication,downgrade_to_card_candidate,medium,Stamp/philatelic evidence should be card support unless manually justified as a primary design object.,141,Would moving this to card hide any meaningful research path?,pending,
SURF-CAW2026R00834,CAW2026R00834,1900,pre_1930,1900-1904,Jordan,Modern typography and layout,Wikimedia Commons,Wikimedia Commons file source / Suruga fundicola.jpg / page 28949526,Suruga fundicola.jpg,IMG03,528,2566,3094,Jordan|Modern typography and layout|Wikimedia Commons|1900-1904,2,1,0,0,44,52,5,89,66,44,92,0,11,44,stamp_or_philatelic:postage; stamp_or_philatelic:stamp; commons_file_source,design; graphic; visual communication,downgrade_to_card_candidate,medium,Stamp/philatelic evidence should be card support unless manually justified as a primary design object.,90,Would moving this to card hide any meaningful research path?,pending,
SURF-CCT2026R04244,CCT2026R04244,1885,pre_1930,1885-1889,Laos,Modern typography and layout,Wikimedia Commons,Wikimedia Commons file source / Sisavang Vong - 1951.jpg / page 9664078,Sisavang Vong - 1951.jpg,IMG03,604,2779,3383,Laos|Modern typography and layout|Wikimedia Commons|1885-1889,1,1,0,0,46,70,0,95,66,62,94,0,5,46,stamp_or_philatelic:postage; stamp_or_philatelic:stamp; stamp_or_philatelic:stamps; commons_file_source,design; graphic; visual communication,downgrade_to_card_candidate,medium,Stamp/philatelic evidence should be card support unless manually justified as a primary design object.,102,Would moving this to card hide any meaningful research path?,pending,
SURF-CCT2026R02336,CCT2026R02336,1903,pre_1930,1900-1904,Latin America and the Caribbean,Modern typography and layout,Wikimedia Commons,Wikimedia Commons file source / Colombia 1903 15p revenue stamp.jpg / page 17800573,Colombia 1903 15p revenue stamp.jpg,IMG03,169,2721,2890,Colombia|Modern typography and layout|Wikimedia Commons|1900-1904,15,1,1,0,29,16,47,59,66,62,0,0,41,29,stamp_or_philatelic:postage; stamp_or_philatelic:stamp; stamp_or_philatelic:stamps; commons_file_source,design; graphic; visual communication,downgrade_to_card_candidate,medium,Stamp/philatelic evidence should be card support unless manually justified as a primary design object.,163,Would moving this to card hide any meaningful research path?,pending,
SURF-CAW2026R01315,CAW2026R01315,1918,pre_1930,1915-1919,Latvia,Modern typography and layout,Wikimedia Commons,Wikimedia Commons file source / StampLatvia1918Michel1.jpg / page 9538921,StampLatvia1918Michel1.jpg,IMG03,196,2528,2724,Latvia|Modern typography and layout|Wikimedia Commons|1915-1919,3,1,0,0,32,19,10,61,66,44,86,0,39,32,stamp_or_philatelic:postage; stamp_or_philatelic:stamp; commons_file_source,design; graphic; visual communication,downgrade_to_card_candidate,medium,Stamp/philatelic evidence should be card support unless manually justified as a primary design object.,128,Would moving this to card hide any meaningful research path?,pending,
SURF-CAW2026R01316,CAW2026R01316,1918,pre_1930,1915-1919,Lithuania,Modern typography and layout,Wikimedia Commons,"Wikimedia Commons file source / Lithuanian postage stamps, issued in 1918.jpg / page 125373963","Lithuanian postage stamps, issued in 1918.jpg",IMG03,189,2572,2761,Lithuania|Modern typography and layout|Wikimedia Commons|1915-1919,7,1,1,0,34,18,42,60,66,62,74,0,40,34,stamp_or_philatelic:postage; stamp_or_philatelic:stamp; stamp_or_philatelic:stamps; commons_file_source,design; graphic; visual communication,downgrade_to_card_candidate,medium,Stamp/philatelic evidence should be card support unless manually justified as a primary design object.,147,Would moving this to card hide any meaningful research path?,pending,
SURF-CAW2026R00105,CAW2026R00105,1832,pre_1930,1830-1834,Madagascar,Modern typography and layout,Wikimedia Commons,Wikimedia Commons file source / Manet Schenke Malagasy Stamp 1982.jpg / page 30412248,Manet Schenke Malagasy Stamp 1982.jpg,IMG03,1799,2584,4383,Madagascar|Modern typography and layout|Wikimedia Commons|1830-1834,2,1,0,0,50,80,5,100,66,62,91,0,0,50,stamp_or_philatelic:postage; stamp_or_philatelic:stamp; stamp_or_philatelic:stamps; commons_file_source,design; graphic; visual communication,downgrade_to_card_candidate,medium,Stamp/philatelic evidence should be card support unless manually justified as a primary design object.,97,Would moving this to card hide any meaningful research path?,pending,
SURF-CCT2026R00492,CCT2026R00492,1922,pre_1930,1920-1924,Middle East and North Africa,Modern typography and layout,Wikimedia Commons,Wikimedia Commons file source / Stamp MA 1922 3 Fr.jpg / page 157461458,Stamp MA 1922 3 Fr.jpg,IMG03,139,2529,2668,Morocco|Modern typography and layout|Wikimedia Commons|1920-1924,11,1,1,0,28,13,47,56,66,62,0,0,44,28,stamp_or_philatelic:postage; stamp_or_philatelic:stamp; stamp_or_philatelic:stamps; commons_file_source,design; graphic; visual communication,downgrade_to_card_candidate,medium,Stamp/philatelic evidence should be card support unless manually justified as a primary design object.,166,Would moving this to card hide any meaningful research path?,pending,
SURF-CAW2026R00166,CAW2026R00166,1850,pre_1930,1850-1854,Moldova,Modern typography and layout,Wikimedia Commons,Wikimedia Commons file source / Stamp of Moldova - 2010 - Colnect 217200 - Mihai Eminescu 1850-1889.jpeg / page 115749387,Stamp of Moldova - 2010 - Colnect 217200 - Mihai Eminescu 1850-1889.jpeg,IMG03,719,2550,3269,Moldova|Modern typography and layout|Wikimedia Commons|1850-1854,1,1,0,0,49,80,0,100,66,62,84,0,0,49,stamp_or_philatelic:postage; stamp_or_philatelic:stamp; stamp_or_philatelic:stamps; commons_file_source,design; graphic; visual communication,downgrade_to_card_candidate,medium,Stamp/philatelic evidence should be card support unless manually justified as a primary design object.,97,Would moving this to card hide any meaningful research path?,pending,
SURF-CAW2026R01641,CAW2026R01641,1930,pre_1930,1930-1934,Mozambique,Modern typography and layout,Wikimedia Commons,Wikimedia Commons file source / Stamp of Peru - 1930 - Colnect 846154 - SELLO in Circle.jpeg / page 114983771,Stamp of Peru - 1930 - Colnect 846154 - SELLO in Circle.jpeg,IMG03,232,2494,2726,Mozambique|Modern typography and layout|Wikimedia Commons|1930-1934,2,1,0,0,33,23,5,64,78,62,94,0,36,33,stamp_or_philatelic:postage; stamp_or_philatelic:stamp; stamp_or_philatelic:stamps; commons_file_source,advertisement; design; graphic; visual communication,downgrade_to_card_candidate,medium,Stamp/philatelic evidence should be card support unless manually justified as a primary design object.,143,Would moving this to card hide any meaningful research path?,pending,
SURF-SI1970R006,SI1970R006,1862,pre_1930,1860-1864,North America,Postwar exhibition and cultural posters,Smithsonian,Smithsonian Open Access,Hunt's Remedy trade card,IMG03,257,1879,2136,United States|Postwar exhibition and cultural posters|Smithsonian|1860-1864,1,1,0,0,25,40,0,66,20,18,31,0,34,25,stamp_or_philatelic:stamps,,downgrade_to_card_candidate,medium,Stamp/philatelic evidence should be card support unless manually justified as a primary design object.,87,Would moving this to card hide any meaningful research path?,pending,
SURF-CAW2026R00339,CAW2026R00339,1874,pre_1930,1870-1874,North America,Modern typography and layout,Wikimedia Commons,Wikimedia Commons file source / Stamp of Peru - 1951 - Colnect 386556 - Flags of American States and Spain.jpeg / page 114995057,Stamp of Peru - 1951 - Colnect 386556 - Flags of American States and Spain.jpeg,IMG03,443,2652,3095,United States|Modern typography and layout|Wikimedia Commons|1870-1874,7,1,1,0,42,44,42,81,78,74,31,0,19,42,weak_context:anniversary; stamp_or_philatelic:postage; stamp_or_philatelic:stamp; stamp_or_philatelic:stamps; commons_file_source,advertisement; design; graphic; visual communication,downgrade_to_card_candidate,medium,Stamp/philatelic evidence should be card support unless manually justified as a primary design object.,128,Would moving this to card hide any meaningful research path?,pending,
SURF-CCT2026R03335,CCT2026R03335,1920,pre_1930,1920-1924,Oceania and Pacific,Modern typography and layout,Wikimedia Commons,Wikimedia Commons file source / Aitutaki 1920 1p stamp.jpg / page 16196688,Aitutaki 1920 1p stamp.jpg,IMG03,191,2732,2923,Aotearoa New Zealand|Modern typography and layout|Wikimedia Commons|1920-1924,21,1,1,0,30,19,47,60,66,62,0,0,40,30,stamp_or_philatelic:postage; stamp_or_philatelic:stamp; stamp_or_philatelic:stamps; commons_file_source,design; graphic; visual communication,downgrade_to_card_candidate,medium,Stamp/philatelic evidence should be card support unless manually justified as a primary design object.,162,Would moving this to card hide any meaningful research path?,pending,
SURF-CAW2026R00895,CAW2026R00895,1901,pre_1930,1900-1904,Papua New Guinea,Modern typography and layout,Wikimedia Commons,Wikimedia Commons file source / Papua-stampelements.jpg / page 50732336,Papua-stampelements.jpg,IMG03,807,2367,3174,Papua New Guinea|Modern typography and layout|Wikimedia Commons|1900-1904,1,1,0,0,49,80,0,100,66,62,89,0,0,49,stamp_or_philatelic:postage; stamp_or_philatelic:stamp; stamp_or_philatelic:stamps; commons_file_source,design; graphic; visual communication,downgrade_to_card_candidate,medium,Stamp/philatelic evidence should be card support unless manually justified as a primary design object.,97,Would moving this to card hide any meaningful research path?,pending,
SURF-CAW2026R00124,CAW2026R00124,1839,pre_1930,1835-1839,Rwanda,Modern typography and layout,Wikimedia Commons,Wikimedia Commons file source / Stamp of Rwanda - 1968 - Colnect 987774 - Alexandre Lenoir 1761-1839 by Jacques L David.jpeg / page 115807534,Stamp of Rwanda - 1968 - Colnect 987774 - Alexandre Lenoir 1761-1839 by Jacques L David.jpeg,IMG03,284,2685,2969,Rwanda|Modern typography and layout|Wikimedia Commons|1835-1839,1,1,0,0,31,28,0,68,66,62,99,0,32,31,stamp_or_philatelic:postage; stamp_or_philatelic:stamp; stamp_or_philatelic:stamps; commons_file_source,design; graphic; visual communication,downgrade_to_card_candidate,medium,Stamp/philatelic evidence should be card support unless manually justified as a primary design object.,129,Would moving this to card hide any meaningful research path?,pending,
SURF-CCT2026R03599,CCT2026R03599,1900,pre_1930,1900-1904,Samoa,Modern typography and layout,Wikimedia Commons,Wikimedia Commons file source / Five shilling Samoa Express stamp-forged.jpg / page 18047317,Five shilling Samoa Express stamp-forged.jpg,IMG03,544,2831,3375,Samoa|Modern typography and layout|Wikimedia Commons|1900-1904,2,1,1,0,45,54,17,90,66,62,99,0,10,45,stamp_or_philatelic:postage; stamp_or_philatelic:stamp; stamp_or_philatelic:stamps; commons_file_source,design; graphic; visual communication,downgrade_to_card_candidate,medium,Stamp/philatelic evidence should be card support unless manually justified as a primary design object.,107,Would moving this to card hide any meaningful research path?,pending,
SURF-CAW2026R00720,CAW2026R00720,1896,pre_1930,1895-1899,Serbia,Modern typography and layout,Wikimedia Commons,Wikimedia Commons file source / Stamp of Peru - 1896 - Colnect 845012 - Number 50.jpeg / page 114978025,Stamp of Peru - 1896 - Colnect 845012 - Number 50.jpeg,IMG03,289,2633,2922,Serbia|Modern typography and layout|Wikimedia Commons|1895-1899,11,1,0,0,37,28,35,69,78,62,30,0,31,37,stamp_or_philatelic:postage; stamp_or_philatelic:stamp; stamp_or_philatelic:stamps; commons_file_source,advertisement; design; graphic; visual communication,downgrade_to_card_candidate,medium,Stamp/philatelic evidence should be card support unless manually justified as a primary design object.,128,Would moving this to card hide any meaningful research path?,pending,
SURF-CAW2026R01078,CAW2026R01078,1909,pre_1930,1905-1909,Seychelles,Modern typography and layout,Wikimedia Commons,Wikimedia Commons file source / Stamp of Peru - 1909 - Colnect 419600 - Simon Bolivar.jpeg / page 114980438,Stamp of Peru - 1909 - Colnect 419600 - Simon Bolivar.jpeg,IMG03,237,2630,2867,Seychelles|Modern typography and layout|Wikimedia Commons|1905-1909,9,1,0,0,37,23,35,64,78,62,64,0,36,37,stamp_or_philatelic:postage; stamp_or_philatelic:stamp; stamp_or_philatelic:stamps; commons_file_source,advertisement; design; graphic; visual communication,downgrade_to_card_candidate,medium,Stamp/philatelic evidence should be card support unless manually justified as a primary design object.,143,Would moving this to card hide any meaningful research path?,pending,
SURF-CAW2026R01382,CAW2026R01382,1919,pre_1930,1915-1919,Slovenia,Modern typography and layout,Wikimedia Commons,Wikimedia Commons file source / DrzavaSHSverigar5h1919imperf.jpg / page 48230582,DrzavaSHSverigar5h1919imperf.jpg,IMG03,268,2543,2811,Slovenia|Modern typography and layout|Wikimedia Commons|1915-1919,16,1,1,0,41,26,47,67,66,44,90,0,33,41,stamp_or_philatelic:postage; stamp_or_philatelic:stamp; commons_file_source,design; graphic; visual communication,downgrade_to_card_candidate,medium,Stamp/philatelic evidence should be card support unless manually justified as a primary design object.,127,Would moving this to card hide any meaningful research path?,pending,
SURF-CAW2026R00218,CAW2026R00218,1856,pre_1930,1855-1859,Solomon Islands,Modern typography and layout,Wikimedia Commons,Wikimedia Commons file source / Back view of the Squaw dance Pine Ridge S.D. 08387v.jpg / page 30871817,Back view of the Squaw dance Pine Ridge S.D. 08387v.jpg,IMG03,1050,2637,3687,Solomon Islands|Modern typography and layout|Wikimedia Commons|1855-1859,1,1,0,0,58,80,0,100,90,44,96,0,0,58,stamp_or_philatelic:postage; stamp_or_philatelic:stamp; commons_file_source,design; graphic; print; publication; visual communication,downgrade_to_card_candidate,medium,Stamp/philatelic evidence should be card support unless manually justified as a primary design object.,79,Would moving this to card hide any meaningful research path?,pending,
SURF-CCT2026R03645,CCT2026R03645,1904,pre_1930,1900-1904,South Asia,Modern typography and layout,Wikimedia Commons,Wikimedia Commons file source / India 1a specimen telegraph stamps overprinted on revenue stamps.jpg / page 22928548,India 1a specimen telegraph stamps overprinted on revenue stamps.jpg,IMG03,213,2828,3041,India|Modern typography and layout|Wikimedia Commons|1900-1904,16,1,1,0,29,21,47,62,66,82,14,0,38,29,stamp_or_philatelic:postage; stamp_or_philatelic:stamp; stamp_or_philatelic:stamps; non_design_drift:specimen; commons_file_source,design; graphic; visual communication,downgrade_to_card_candidate,medium,Stamp/philatelic evidence should be card support unless manually justified as a primary design object.,180,Would moving this to card hide any meaningful research path?,pending,
SURF-CCT2026R04308,CCT2026R04308,1917,pre_1930,1915-1919,Southeast Asia,Modern typography and layout,Wikimedia Commons,Wikimedia Commons file source / Ferdinand Marcos 2017 stamp of the Philippines.jpg / page 62823827,Ferdinand Marcos 2017 stamp of the Philippines.jpg,IMG03,190,2775,2965,Philippines|Modern typography and layout|Wikimedia Commons|1915-1919,1,1,0,0,22,19,0,60,66,62,0,0,40,22,stamp_or_philatelic:postage; stamp_or_philatelic:stamp; stamp_or_philatelic:stamps; commons_file_source,design; graphic; visual communication,downgrade_to_card_candidate,medium,Stamp/philatelic evidence should be card support unless manually justified as a primary design object.,147,Would moving this to card hide any meaningful research path?,pending,
SURF-CAW2026R01566,CAW2026R01566,1925,pre_1930,1925-1929,Syria,Modern typography and layout,Wikimedia Commons,Wikimedia Commons file source / Stamp of Alaouites - 1925 - Colnect 215402 - Daphne Bridge.jpeg / page 115711810,Stamp of Alaouites - 1925 - Colnect 215402 - Daphne Bridge.jpeg,IMG03,268,2549,2817,Syria|Modern typography and layout|Wikimedia Commons|1925-1929,4,1,0,0,33,26,15,67,66,62,84,0,33,33,stamp_or_philatelic:postage; stamp_or_philatelic:stamp; stamp_or_philatelic:stamps; commons_file_source,design; graphic; visual communication,downgrade_to_card_candidate,medium,Stamp/philatelic evidence should be card support unless manually justified as a primary design object.,130,Would moving this to card hide any meaningful research path?,pending,
SURF-CAW2026R00435,CAW2026R00435,1882,pre_1930,1880-1884,United Arab Emirates,Modern typography and layout,Wikimedia Commons,Wikimedia Commons file source / Stamp 1972 UAE-UQ MiNr1172BwBl pm B002.jpg / page 110310540,Stamp 1972 UAE-UQ MiNr1172BwBl pm B002.jpg,IMG03,1048,2640,3688,United Arab Emirates|Modern typography and layout|Wikimedia Commons|1880-1884,1,1,0,0,47,80,0,100,66,80,92,0,0,47,stamp_or_philatelic:commemorative; stamp_or_philatelic:postage; stamp_or_philatelic:stamp; stamp_or_philatelic:stamps; commons_file_source,design; graphic; visual communication,downgrade_to_card_candidate,medium,Stamp/philatelic evidence should be card support unless manually justified as a primary design object.,115,Would moving this to card hide any meaningful research path?,pending,
SURF-CAW2026R01514,CAW2026R01514,1923,pre_1930,1920-1924,Western and Central Europe,Modern typography and layout,Wikimedia Commons,Wikimedia Commons file source / Italian stamps overprinted for Saseno 1923.JPG / page 28799255,Italian stamps overprinted for Saseno 1923.JPG,IMG03,202,2526,2728,Italy|Modern typography and layout|Wikimedia Commons|1920-1924,8,1,0,0,29,20,35,61,66,62,0,0,39,29,stamp_or_philatelic:postage; stamp_or_philatelic:stamp; stamp_or_philatelic:stamps; commons_file_source,design; graphic; visual communication,downgrade_to_card_candidate,medium,Stamp/philatelic evidence should be card support unless manually justified as a primary design object.,146,Would moving this to card hide any meaningful research path?,pending,
SURF-CAW2026R02557,CAW2026R02557,1959,1930_1970,1955-1959,Africa,Modern typography and layout,Wikimedia Commons,Wikimedia Commons file source / Schweppes creative advertisement.png / page 187390657,Schweppes creative advertisement.png,IMG03,156,2358,2514,Nigeria|Modern typography and layout|Wikimedia Commons|1955-1959,95,1,1,0,45,15,47,58,90,8,36,0,42,45,commons_file_source,advertisement; advertising; design; graphic; visual communication,downgrade_to_sub_candidate,medium,"Cluster/relation value is present, but standalone anchor strength is not yet high.",110,Which nearby main should own this as a sub sheet?,pending,
SURF-CAW2026R02187,CAW2026R02187,1945,1930_1970,1945-1949,Bosnia and Herzegovina,Modern typography and layout,Wikimedia Commons,Wikimedia Commons file source / Proslavimo Dan ustanka.webp / page 161495559,Proslavimo Dan ustanka.webp,IMG03,198,2571,2769,Bosnia and Herzegovina|Modern typography and layout|Wikimedia Commons|1945-1949,11,1,1,0,46,19,47,61,78,8,74,0,39,46,commons_file_source,design; graphic; poster; visual communication,downgrade_to_sub_candidate,medium,"Cluster/relation value is present, but standalone anchor strength is not yet high.",107,Which nearby main should own this as a sub sheet?,pending,
SURF-MX1970R055-GROUP,MX1970R055-GROUP,1955,1930_1970,1955-1959,East Asia,World War and public-information graphics,Chinese Posters,Chinese Posters,"Chinese Posters grouped records, 1950-1955",IMG00,207,1235,1442,China / Hong Kong|World War and public-information graphics|Chinese Posters|1955-1959,1,1,10,9,35,20,65,54,24,0,48,0,46,35,,campaign; poster,downgrade_to_sub_candidate,medium,"Cluster/relation value is present, but standalone anchor strength is not yet high.",106,Which nearby main should own this as a sub sheet?,pending,
SURF-CGS2026R0011,CGS2026R0011,1931,1930_1970,1930-1934,East Asia,Modern typography and layout,Wikimedia Commons,Wikimedia Commons file source / Chinese anti-Japanese poster published after the revenge by Koreans.jpg / page 35024360,Chinese anti-Japanese poster published after the revenge by Koreans.jpg,IMG03,234,2629,2863,China / Hong Kong|Modern typography and layout|Wikimedia Commons|1930-1934,11,1,1,0,46,23,47,64,78,8,48,0,36,46,commons_file_source,design; graphic; poster; visual communication,downgrade_to_sub_candidate,medium,"Cluster/relation value is present, but standalone anchor strength is not yet high.",104,Which nearby main should own this as a sub sheet?,pending,
SURF-CAW2026R01889,CAW2026R01889,1939,1930_1970,1935-1939,"Eastern Europe, Balkans, and Central/Eastern socialist contexts",Modern typography and layout,Wikimedia Commons,Wikimedia Commons file source / Poster of Azerbaijan 1939. General elections.jpg / page 31646358,Poster of Azerbaijan 1939. General elections.jpg,IMG03,187,2454,2641,Azerbaijan|Modern typography and layout|Wikimedia Commons|1935-1939,17,1,1,0,41,18,47,60,78,8,0,0,40,41,commons_file_source,design; graphic; poster; visual communication,downgrade_to_sub_candidate,medium,"Cluster/relation value is present, but standalone anchor strength is not yet high.",108,Which nearby main should own this as a sub sheet?,pending,
SURF-CRG2026R0623,CRG2026R0623,1932,1930_1970,1930-1934,Global / transnational,Modern typography and layout,Wikimedia Commons,Wikimedia Commons file source / Poster - White Zombie 01 Crisco restoration.jpg / page 18658597,Poster - White Zombie 01 Crisco restoration.jpg,IMG03,242,2625,2867,Global / transnational|Modern typography and layout|Wikimedia Commons|1930-1934,135,1,1,0,45,24,47,65,90,20,0,0,35,45,weak_context:talk; commons_file_source,design; film poster; graphic; poster; visual communication,downgrade_to_sub_candidate,medium,"Cluster/relation value is present, but standalone anchor strength is not yet high.",115,Which nearby main should own this as a sub sheet?,pending,
SURF-CGS2026R0470,CGS2026R0470,1948,1930_1970,1945-1949,Latin America and the Caribbean,Modern typography and layout,Wikimedia Commons,Wikimedia Commons file source / Inconfidência Mineira (Cover) 1948.jpg / page 83442326,Inconfidência Mineira (Cover) 1948.jpg,IMG03,134,2405,2539,Brazil|Modern typography and layout|Wikimedia Commons|1945-1949,9,1,1,0,39,13,47,56,78,8,0,0,44,39,commons_file_source,design; graphic; poster; visual communication,downgrade_to_sub_candidate,medium,"Cluster/relation value is present, but standalone anchor strength is not yet high.",112,Which nearby main should own this as a sub sheet?,pending,
SURF-CCT2026R02671,CCT2026R02671,1962,1930_1970,1960-1964,Middle East and North Africa,Modern typography and layout,Wikimedia Commons,Wikimedia Commons file source / Horror movie poster (v4).jpg / page 89028932,Horror movie poster (v4).jpg,IMG03,163,2569,2732,Iran|Modern typography and layout|Wikimedia Commons|1960-1964,27,1,1,0,43,16,47,58,90,8,0,0,42,43,commons_file_source,design; film poster; graphic; poster; visual communication,downgrade_to_sub_candidate,medium,"Cluster/relation value is present, but standalone anchor strength is not yet high.",110,Which nearby main should own this as a sub sheet?,pending,
SURF-MC1930R011,MC1930R011,1936,1930_1970,1935-1939,North America,New Deal and civic poster programs,Library of Congress,Library of Congress loc.gov API,Exhibition - WPA Federal Art Project,IMG03,394,1973,2367,United States|New Deal and civic poster programs|Library of Congress|1935-1939,8,1,1,0,51,54,47,77,56,0,31,0,23,51,,exhibition; poster; print,downgrade_to_sub_candidate,medium,"Cluster/relation value is present, but standalone anchor strength is not yet high.",73,Which nearby main should own this as a sub sheet?,pending,
SURF-CRG2026R1223,CRG2026R1223,1944,1930_1970,1940-1944,North America,Modern typography and layout,Wikimedia Commons,Wikimedia Commons file source / The Swedish Angel & The Blimp - Wrestling Advertising Poster - 18 November 1944.jpg / page 78797406,The Swedish Angel & The Blimp - Wrestling Advertising Poster - 18 November 1944.jpg,IMG03,557,2660,3217,United States|Modern typography and layout|Wikimedia Commons|1940-1944,14,1,1,0,60,55,47,91,90,8,31,0,9,60,commons_file_source,advertising; design; graphic; poster; visual communication,downgrade_to_sub_candidate,medium,"Cluster/relation value is present, but standalone anchor strength is not yet high.",67,Which nearby main should own this as a sub sheet?,pending,
SURF-GAPIT2026R007,GAPIT2026R007,1940,1930_1970,1940-1944,Oceania and Pacific,World War and public-information graphics,Te Papa,Te Papa Collections Online,"Poster, 'War traffic comes first'",IMG02,209,2087,2296,Aotearoa New Zealand|World War and public-information graphics|Te Papa|1940-1944,12,1,1,0,37,35,47,62,38,0,0,0,38,37,,graphic; poster,downgrade_to_sub_candidate,medium,"Cluster/relation value is present, but standalone anchor strength is not yet high.",88,Which nearby main should own this as a sub sheet?,pending,
SURF-CAW2026R02168,CAW2026R02168,1944,1930_1970,1940-1944,Oceania and Pacific,Modern typography and layout,Wikimedia Commons,Wikimedia Commons file source / MA I321276 TePapa Acanthoxyla-speciosa full.jpg / page 101208727,MA I321276 TePapa Acanthoxyla-speciosa full.jpg,IMG03,359,2527,2886,Aotearoa New Zealand|Modern typography and layout|Wikimedia Commons|1940-1944,10,1,1,0,45,35,47,74,78,28,0,0,26,45,non_design_drift:specimen; commons_file_source,design; graphic; packaging; visual communication,downgrade_to_sub_candidate,medium,"Cluster/relation value is present, but standalone anchor strength is not yet high.",104,Which nearby main should own this as a sub sheet?,pending,
SURF-CAW2026R01922,CAW2026R01922,1939,1930_1970,1935-1939,South Asia,Modern typography and layout,Wikimedia Commons,Wikimedia Commons file source / Punjab Mail 1939 film.jpg / page 35317086,Punjab Mail 1939 film.jpg,IMG03,132,2440,2572,India|Modern typography and layout|Wikimedia Commons|1935-1939,29,1,1,0,43,13,47,56,90,8,14,0,44,43,commons_file_source,design; film poster; graphic; poster; visual communication,downgrade_to_sub_candidate,medium,"Cluster/relation value is present, but standalone anchor strength is not yet high.",112,Which nearby main should own this as a sub sheet?,pending,
SURF-CAW2026R02413,CAW2026R02413,1953,1930_1970,1950-1954,Southeast Asia,Modern typography and layout,Wikimedia Commons,"Wikimedia Commons file source / Malaya Today (Photo Poster Set ""D"") - NARA - 5730026.jpg / page 22045232","Malaya Today (Photo Poster Set ""D"") - NARA - 5730026.jpg",IMG03,233,2554,2787,Malaysia|Modern typography and layout|Wikimedia Commons|1950-1954,50,1,1,0,43,23,47,64,78,8,0,0,36,43,commons_file_source,design; graphic; poster; visual communication,downgrade_to_sub_candidate,medium,"Cluster/relation value is present, but standalone anchor strength is not yet high.",104,Which nearby main should own this as a sub sheet?,pending,
SURF-GA1970R097,GA1970R097,1939,1930_1970,1935-1939,Western and Central Europe,Midcentury modern graphic communication,Gallica / BnF APIs,Gallica / BnF APIs,"La tentation de St. Antoine, de G. Flaubert. Théâtre du Livre... Art et Action : [affiche] / bois gravé par [Joé Chaine]",IMG03,190,1854,2044,France|Midcentury modern graphic communication|Gallica / BnF APIs|1935-1939,12,1,1,0,35,34,47,60,32,0,0,0,40,35,,catalogue,downgrade_to_sub_candidate,medium,"Cluster/relation value is present, but standalone anchor strength is not yet high.",90,Which nearby main should own this as a sub sheet?,pending,
SURF-CRG2026R1130,CRG2026R1130,1944,1930_1970,1940-1944,Western and Central Europe,World War and public-information graphics,Wikimedia Commons,Wikimedia Commons file source / British pamphlet Greece 1944 13x10cm p2.jpg / page 155519881,British pamphlet Greece 1944 13x10cm p2.jpg,IMG03,243,2615,2858,United Kingdom|World War and public-information graphics|Wikimedia Commons|1940-1944,14,1,1,0,41,24,47,65,66,8,0,0,35,41,commons_file_source,design; graphic; visual communication,downgrade_to_sub_candidate,medium,"Cluster/relation value is present, but standalone anchor strength is not yet high.",103,Which nearby main should own this as a sub sheet?,pending,
SURF-CRG2026R3620,CRG2026R3620,1985,1970_2000,1985-1989,Global / transnational,Modern typography and layout,Wikimedia Commons,Wikimedia Commons file source / بهار (پوستر).jpg / page 157629060,بهار (پوستر).jpg,IMG03,114,2353,2467,Global / transnational|Modern typography and layout|Wikimedia Commons|1985-1989,87,1,1,0,42,11,47,54,90,8,0,20,46,42,commons_file_source,design; film poster; graphic; poster; visual communication,downgrade_to_sub_candidate,medium,"Cluster/relation value is present, but standalone anchor strength is not yet high.",114,Which nearby main should own this as a sub sheet?,pending,
SURF-CGS2026R1281,CGS2026R1281,1975,1970_2000,1975-1979,Latin America and the Caribbean,Modern typography and layout,Wikimedia Commons,Wikimedia Commons file source / Jaws movie poster (cropped).jpg / page 175769820,Jaws movie poster (cropped).jpg,IMG03,180,2346,2526,Mexico|Modern typography and layout|Wikimedia Commons|1975-1979,9,1,1,0,45,18,47,60,90,8,0,20,40,45,commons_file_source,design; film poster; graphic; poster; visual communication,downgrade_to_sub_candidate,medium,"Cluster/relation value is present, but standalone anchor strength is not yet high.",108,Which nearby main should own this as a sub sheet?,pending,
SURF-CCT2026R02718,CCT2026R02718,1971,1970_2000,1970-1974,Middle East and North Africa,Modern typography and layout,Wikimedia Commons,Wikimedia Commons file source / Bird of Happiness movie poster.jpg / page 89024694,Bird of Happiness movie poster.jpg,IMG03,183,2644,2827,Iran|Modern typography and layout|Wikimedia Commons|1970-1974,64,1,1,0,42,18,47,60,90,28,0,20,40,42,non_design_drift:bird; commons_file_source,design; film poster; graphic; poster; visual communication,downgrade_to_sub_candidate,medium,"Cluster/relation value is present, but standalone anchor strength is not yet high.",128,Which nearby main should own this as a sub sheet?,pending,
SURF-CRG2026R3077,CRG2026R3077,1978,1970_2000,1975-1979,North America,Modern typography and layout,Wikimedia Commons,Wikimedia Commons file source / Gates of Heaven (1978 film poster).jpg / page 86502157,Gates of Heaven (1978 film poster).jpg,IMG03,214,2600,2814,United States|Modern typography and layout|Wikimedia Commons|1975-1979,15,1,1,0,48,21,47,62,90,8,31,20,38,48,commons_file_source,design; film poster; graphic; poster; visual communication,downgrade_to_sub_candidate,medium,"Cluster/relation value is present, but standalone anchor strength is not yet high.",106,Which nearby main should own this as a sub sheet?,pending,
SURF-DNZPOSTR031-GROUP,DNZPOSTR031-GROUP,1985,1970_2000,1985-1989,Oceania and Pacific,Midcentury modern graphic communication,DigitalNZ,DigitalNZ,"Copy: Abortion, Apartheid, Unions, Nuclear (posters, handouts, protests) grouped records, 1985",IMG03,202,1120,1322,Aotearoa New Zealand|Midcentury modern graphic communication|DigitalNZ|1985-1989,2,1,5,4,36,35,70,50,20,0,0,20,50,36,,,downgrade_to_sub_candidate,medium,"Cluster/relation value is present, but standalone anchor strength is not yet high.",100,Which nearby main should own this as a sub sheet?,pending,
SURF-GAPIT2026R043,GAPIT2026R043,1989,1970_2000,1985-1989,Oceania and Pacific,Postwar exhibition and cultural posters,Te Papa,Te Papa Collections Online,"Poster, 'Oppose French Terrorism'",IMG02,419,2467,2886,Aotearoa New Zealand|Postwar exhibition and cultural posters|Te Papa|1985-1989,8,1,1,0,46,56,47,79,38,0,0,20,21,46,,graphic; poster,downgrade_to_sub_candidate,medium,"Cluster/relation value is present, but standalone anchor strength is not yet high.",71,Which nearby main should own this as a sub sheet?,pending,
SURF-CRG2026R2377,CRG2026R2377,1973,1970_2000,1970-1974,South Asia,Modern typography and layout,Wikimedia Commons,Wikimedia Commons file source / Indiana Department of Public Instruction - DPLA - 20b9aee889b74fdb46eca24da7a2f2e1 (page 9).jpg / page 177499022,Indiana Department of Public Instruction - DPLA - 20b9aee889b74fdb46eca24da7a2f2e1 (page 9).jpg,IMG03,649,2746,3395,India|Modern typography and layout|Wikimedia Commons|1970-1974,8,1,1,0,61,74,47,99,66,8,14,20,1,61,commons_file_source,design; graphic; visual communication,downgrade_to_sub_candidate,medium,"Cluster/relation value is present, but standalone anchor strength is not yet high.",59,Which nearby main should own this as a sub sheet?,pending,
SURF-CAW2026R03069,CAW2026R03069,1985,1970_2000,1985-1989,Southeast Asia,Modern typography and layout,Wikimedia Commons,Wikimedia Commons file source / KP1 Idham Chalid.jpg / page 119503169,KP1 Idham Chalid.jpg,IMG03,282,2450,2732,Indonesia|Modern typography and layout|Wikimedia Commons|1985-1989,25,1,1,0,46,28,47,68,78,8,0,20,32,46,commons_file_source,design; graphic; poster; visual communication,downgrade_to_sub_candidate,medium,"Cluster/relation value is present, but standalone anchor strength is not yet high.",90,Which nearby main should own this as a sub sheet?,pending,
SURF-CAW2026R02946,CAW2026R02946,1977,1970_2000,1975-1979,Western and Central Europe,Modern typography and layout,Wikimedia Commons,Wikimedia Commons file source / Henry Swinburne - View of a City Harbor - B1977.14.4007 - Yale Center for British Art.jpg / page 113162586,Henry Swinburne - View of a City Harbor - B1977.14.4007 - Yale Center for British Art.jpg,IMG03,310,2645,2955,United Kingdom|Modern typography and layout|Wikimedia Commons|1975-1979,16,1,1,0,47,31,47,70,78,8,0,20,30,47,commons_file_source,design; graphic; packaging; visual communication,downgrade_to_sub_candidate,medium,"Cluster/relation value is present, but standalone anchor strength is not yet high.",88,Which nearby main should own this as a sub sheet?,pending,
SURF-CAW2026R03997,CAW2026R03997,2015,2000_2026,2015-2019,Africa,Modern typography and layout,Wikimedia Commons,Wikimedia Commons file source / Fst value of Ethiopian populations.PNG / page 53148612,Fst value of Ethiopian populations.PNG,IMG03,1173,2546,3719,Ethiopia|Modern typography and layout|Wikimedia Commons|2015-2019,11,1,1,0,67,80,47,100,78,8,36,37,0,67,commons_file_source,design; graphic; packaging; visual communication,downgrade_to_sub_candidate,medium,"Cluster/relation value is present, but standalone anchor strength is not yet high.",58,Which nearby main should own this as a sub sheet?,pending,
SURF-CAW2026R03613,CAW2026R03613,2008,2000_2026,2005-2009,East Asia,Modern typography and layout,Wikimedia Commons,Wikimedia Commons file source / Tibetan peaceful protesters shot and killed by Communist Chinese People's Armed Police in 2008-(cropped).jpg / page 75279829,Tibetan peaceful protesters shot and killed by Communist Chinese People's Armed Police in 2008-(cropped).jpg,IMG03,255,2657,2912,China / Hong Kong|Modern typography and layout|Wikimedia Commons|2005-2009,12,1,1,0,51,25,47,66,90,8,48,37,34,51,commons_file_source,design; film poster; graphic; poster; visual communication,downgrade_to_sub_candidate,medium,"Cluster/relation value is present, but standalone anchor strength is not yet high.",92,Which nearby main should own this as a sub sheet?,pending,
SURF-CAW2026R04225,CAW2026R04225,2017,2000_2026,2015-2019,"Eastern Europe, Balkans, and Central/Eastern socialist contexts",Modern typography and layout,Wikimedia Commons,Wikimedia Commons file source / Poster-2017-WLX-expo-Zaporizhzhia.png / page 69368161,Poster-2017-WLX-expo-Zaporizhzhia.png,IMG03,186,2535,2721,Ukraine|Modern typography and layout|Wikimedia Commons|2015-2019,8,1,1,0,46,18,47,60,90,8,0,37,40,46,commons_file_source,design; graphic; logo; poster; visual communication,downgrade_to_sub_candidate,medium,"Cluster/relation value is present, but standalone anchor strength is not yet high.",108,Which nearby main should own this as a sub sheet?,pending,
SURF-CRG2026R4023,CRG2026R4023,2019,2000_2026,2015-2019,Global / transnational,Modern typography and layout,Wikimedia Commons,Wikimedia Commons file source / Pričte iliti po prostomu poslovice cover 1807.jpg / page 84178466,Pričte iliti po prostomu poslovice cover 1807.jpg,IMG03,225,2692,2917,Global / transnational|Modern typography and layout|Wikimedia Commons|2015-2019,13,1,1,0,44,22,47,63,78,8,0,37,37,44,commons_file_source,book cover; design; graphic; visual communication,downgrade_to_sub_candidate,medium,"Cluster/relation value is present, but standalone anchor strength is not yet high.",105,Which nearby main should own this as a sub sheet?,pending,
SURF-CAW2026R03668,CAW2026R03668,2009,2000_2026,2005-2009,Latin America and the Caribbean,Modern typography and layout,Wikimedia Commons,Wikimedia Commons file source / Pheidole fimbriata casent0178016 label 1.jpg / page 8194160,Pheidole fimbriata casent0178016 label 1.jpg,IMG03,200,2573,2773,Latin America|Modern typography and layout|Wikimedia Commons|2005-2009,30,1,1,0,41,20,47,61,78,28,0,37,39,41,non_design_drift:specimen; commons_file_source,design; graphic; packaging; visual communication,downgrade_to_sub_candidate,medium,"Cluster/relation value is present, but standalone anchor strength is not yet high.",127,Which nearby main should own this as a sub sheet?,pending,
SURF-CAW2026R03507,CAW2026R03507,2005,2000_2026,2005-2009,Madagascar,Modern typography and layout,Wikimedia Commons,Wikimedia Commons file source / Pachycondyla cambouei casent0031004 label 1.jpg / page 8128262,Pachycondyla cambouei casent0031004 label 1.jpg,IMG03,670,2589,3259,Madagascar|Modern typography and layout|Wikimedia Commons|2005-2009,13,1,1,0,67,77,47,100,78,28,91,37,0,67,non_design_drift:specimen; commons_file_source,design; graphic; packaging; visual communication,downgrade_to_sub_candidate,medium,"Cluster/relation value is present, but standalone anchor strength is not yet high.",78,Which nearby main should own this as a sub sheet?,pending,
SURF-CCT2026R02864,CCT2026R02864,2018,2000_2026,2015-2019,Middle East and North Africa,Modern typography and layout,Wikimedia Commons,Wikimedia Commons file source / Khatemehposter2.jpg / page 84485775,Khatemehposter2.jpg,IMG03,161,2578,2739,Iran|Modern typography and layout|Wikimedia Commons|2015-2019,10,1,1,0,45,16,47,58,90,8,0,37,42,45,commons_file_source,design; film poster; graphic; poster; visual communication,downgrade_to_sub_candidate,medium,"Cluster/relation value is present, but standalone anchor strength is not yet high.",110,Which nearby main should own this as a sub sheet?,pending,
SURF-DNZPOSTR105-GROUP,DNZPOSTR105-GROUP,2021,2000_2026,2020-2024,Oceania and Pacific,Midcentury modern graphic communication,DigitalNZ,DigitalNZ,"Covid-19 anti-lockdown protest sticker, Timaru grouped records, 2021",IMG02,197,1147,1344,Aotearoa New Zealand|Midcentury modern graphic communication|DigitalNZ|2020-2024,3,1,4,3,36,34,75,51,14,0,0,37,49,36,,,downgrade_to_sub_candidate,medium,"Cluster/relation value is present, but standalone anchor strength is not yet high.",99,Which nearby main should own this as a sub sheet?,pending,
SURF-CCT2026R03521,CCT2026R03521,2012,2000_2026,2010-2014,Oceania and Pacific,Modern typography and layout,Wikimedia Commons,Wikimedia Commons file source / CSIRO ScienceImage 11537 Adapting Agriculture to Climate Change book cover.jpg / page 35605940,CSIRO ScienceImage 11537 Adapting Agriculture to Climate Change book cover.jpg,IMG03,483,2833,3316,Australia / Indigenous|Modern typography and layout|Wikimedia Commons|2010-2014,10,1,1,0,55,48,47,85,78,8,0,37,15,55,commons_file_source,book cover; design; graphic; visual communication,downgrade_to_sub_candidate,medium,"Cluster/relation value is present, but standalone anchor strength is not yet high.",73,Which nearby main should own this as a sub sheet?,pending,
SURF-CAW2026R04555,CAW2026R04555,2021,2000_2026,2020-2024,Serbia,Modern typography and layout,Wikimedia Commons,Wikimedia Commons file source / Dobrilovi dani 2021 - Od reči do slike - plakat.jpg / page 153797195,Dobrilovi dani 2021 - Od reči do slike - plakat.jpg,IMG03,227,2606,2833,Serbia|Modern typography and layout|Wikimedia Commons|2020-2024,46,1,1,0,46,22,47,63,78,8,30,37,37,46,commons_file_source,design; graphic; poster; visual communication,downgrade_to_sub_candidate,medium,"Cluster/relation value is present, but standalone anchor strength is not yet high.",105,Which nearby main should own this as a sub sheet?,pending,
SURF-CAW2026R04816,CAW2026R04816,2023,2000_2026,2020-2024,Southeast Asia,Modern typography and layout,Wikimedia Commons,Wikimedia Commons file source / WikiSG 20230817 Poster Category 2C8A6554 Edited.jpg / page 139587319,WikiSG 20230817 Poster Category 2C8A6554 Edited.jpg,IMG03,282,2554,2836,Singapore|Modern typography and layout|Wikimedia Commons|2020-2024,8,1,1,0,50,28,47,68,90,8,0,37,32,50,commons_file_source,design; exhibition; graphic; poster; visual communication,downgrade_to_sub_candidate,medium,"Cluster/relation value is present, but standalone anchor strength is not yet high.",90,Which nearby main should own this as a sub sheet?,pending,
SURF-CAW2026R03502,CAW2026R03502,2004,2000_2026,2000-2004,Syria,Modern typography and layout,Wikimedia Commons,"Wikimedia Commons file source / Qawāʻid al-imlāʼ (Majmaʻ Dimashq, 2004) Book Cover.jpg / page 191686579","Qawāʻid al-imlāʼ (Majmaʻ Dimashq, 2004) Book Cover.jpg",IMG03,311,2616,2927,Syria|Modern typography and layout|Wikimedia Commons|2000-2004,9,1,1,0,53,31,47,70,78,8,84,37,30,53,commons_file_source,book cover; design; graphic; visual communication,downgrade_to_sub_candidate,medium,"Cluster/relation value is present, but standalone anchor strength is not yet high.",88,Which nearby main should own this as a sub sheet?,pending,
SURF-CAW2026R01172,CAW2026R01172,1914,pre_1930,1910-1914,Africa,Modern typography and layout,Wikimedia Commons,Wikimedia Commons file source / Ippécourt. Sénégalais - Fonds Berthelé - 49Fi697.jpg / page 37030318,Ippécourt. Sénégalais - Fonds Berthelé - 49Fi697.jpg,IMG03,1155,2544,3699,Senegal|Modern typography and layout|Wikimedia Commons|1910-1914,9,1,1,0,65,80,47,100,78,8,36,0,0,65,commons_file_source,design; graphic; packaging; visual communication,downgrade_to_sub_candidate,medium,"Cluster/relation value is present, but standalone anchor strength is not yet high.",58,Which nearby main should own this as a sub sheet?,pending,
SURF-CAW2026R01646,CAW2026R01646,1930,pre_1930,1930-1934,Bosnia and Herzegovina,Modern typography and layout,Wikimedia Commons,Wikimedia Commons file source / Aeroput Jugoslavija (poster).jpg / page 162836804,Aeroput Jugoslavija (poster).jpg,IMG03,168,2489,2657,Bosnia and Herzegovina|Modern typography and layout|Wikimedia Commons|1930-1934,9,1,1,0,45,16,47,59,78,8,74,0,41,45,commons_file_source,design; graphic; poster; visual communication,downgrade_to_sub_candidate,medium,"Cluster/relation value is present, but standalone anchor strength is not yet high.",109,Which nearby main should own this as a sub sheet?,pending,
SURF-CAW2026R01287,CAW2026R01287,1918,pre_1930,1915-1919,Democratic Republic of the Congo,Modern typography and layout,Wikimedia Commons,Wikimedia Commons file source / Alfred Bastien-VIEW OF PERNES-EN-ARTOIS (CWM 19710261-0071).jpeg / page 90722353,Alfred Bastien-VIEW OF PERNES-EN-ARTOIS (CWM 19710261-0071).jpeg,IMG03,212,2638,2850,Democratic Republic of the Congo|Modern typography and layout|Wikimedia Commons|1915-1919,18,1,1,0,46,21,47,62,78,8,69,0,38,46,commons_file_source,design; graphic; packaging; visual communication,downgrade_to_sub_candidate,medium,"Cluster/relation value is present, but standalone anchor strength is not yet high.",106,Which nearby main should own this as a sub sheet?,pending,
SURF-CAW2026R00885,CAW2026R00885,1901,pre_1930,1900-1904,East Asia,Modern typography and layout,Wikimedia Commons,Wikimedia Commons file source / A troublesome egg to hatch - J.S. Pughe. LCCN2010651397.tif / page 67806973,A troublesome egg to hatch - J.S. Pughe. LCCN2010651397.tif,IMG03,394,2518,2912,China / Hong Kong|Modern typography and layout|Wikimedia Commons|1900-1904,11,1,1,0,55,39,47,77,90,8,48,0,23,55,commons_file_source,design; graphic; poster; print; visual communication,downgrade_to_sub_candidate,medium,"Cluster/relation value is present, but standalone anchor strength is not yet high.",81,Which nearby main should own this as a sub sheet?,pending,
SURF-CCT2026R01779,CCT2026R01779,1917,pre_1930,1915-1919,"Eastern Europe, Balkans, and Central/Eastern socialist contexts",Modern typography and layout,Wikimedia Commons,Wikimedia Commons file source / Ukrainian independence poster (1917).jpg / page 120141831,Ukrainian independence poster (1917).jpg,IMG03,210,2739,2949,Ukraine|Modern typography and layout|Wikimedia Commons|1915-1919,19,1,1,0,42,21,47,62,78,8,0,0,38,42,commons_file_source,design; graphic; poster; visual communication,downgrade_to_sub_candidate,medium,"Cluster/relation value is present, but standalone anchor strength is not yet high.",106,Which nearby main should own this as a sub sheet?,pending,
SURF-CRG2026R0317,CRG2026R0317,1916,pre_1930,1915-1919,Global / transnational,Modern typography and layout,Wikimedia Commons,Wikimedia Commons file source / Al fahrast book cover (1916).jpg / page 111932414,Al fahrast book cover (1916).jpg,IMG03,148,2465,2613,Global / transnational|Modern typography and layout|Wikimedia Commons|1915-1919,47,1,1,0,40,14,47,57,78,8,0,0,43,40,commons_file_source,book cover; design; graphic; visual communication,downgrade_to_sub_candidate,medium,"Cluster/relation value is present, but standalone anchor strength is not yet high.",111,Which nearby main should own this as a sub sheet?,pending,
SURF-CGS2026R0339,CGS2026R0339,1927,pre_1930,1925-1929,Latin America and the Caribbean,Modern typography and layout,Wikimedia Commons,Wikimedia Commons file source / Historia del rugby en argentina mcgough.jpg / page 143986912,Historia del rugby en argentina mcgough.jpg,IMG03,156,2371,2527,Argentina|Modern typography and layout|Wikimedia Commons|1925-1929,15,1,1,0,40,15,47,58,78,8,0,0,42,40,commons_file_source,book cover; design; graphic; visual communication,downgrade_to_sub_candidate,medium,"Cluster/relation value is present, but standalone anchor strength is not yet high.",110,Which nearby main should own this as a sub sheet?,pending,
SURF-CAW2026R01442,CAW2026R01442,1920,pre_1930,1920-1924,Middle East and North Africa,Modern typography and layout,Wikimedia Commons,Wikimedia Commons file source / The Jews in Egypt and in Palestine under the Fatimid Caliphs.jpg / page 17564541,The Jews in Egypt and in Palestine under the Fatimid Caliphs.jpg,IMG03,219,2514,2733,Egypt|Modern typography and layout|Wikimedia Commons|1920-1924,16,1,1,0,42,21,47,63,78,8,0,0,37,42,commons_file_source,book cover; design; graphic; visual communication,downgrade_to_sub_candidate,medium,"Cluster/relation value is present, but standalone anchor strength is not yet high.",105,Which nearby main should own this as a sub sheet?,pending,
SURF-DNZ1970R031-GROUP,DNZ1970R031-GROUP,1905,pre_1930,1905-1909,Oceania and Pacific,Midcentury modern graphic communication,DigitalNZ,DigitalNZ,"Untitled Illustration grouped records, 1903-1905",IMG03,188,1132,1320,Aotearoa New Zealand|Midcentury modern graphic communication|DigitalNZ|1905-1909,1,1,31,30,33,33,65,50,20,0,0,0,50,33,,,downgrade_to_sub_candidate,medium,"Cluster/relation value is present, but standalone anchor strength is not yet high.",100,Which nearby main should own this as a sub sheet?,pending,
SURF-CCT2026R03478,CCT2026R03478,1930,pre_1930,1930-1934,Oceania and Pacific,Modern typography and layout,Wikimedia Commons,Wikimedia Commons file source / Australian Poster(GN12058).jpg / page 86448698,Australian Poster(GN12058).jpg,IMG03,257,2668,2925,Australia / Indigenous|Modern typography and layout|Wikimedia Commons|1930-1934,10,1,1,0,44,25,47,66,78,8,0,0,34,44,commons_file_source,design; graphic; poster; visual communication,downgrade_to_sub_candidate,medium,"Cluster/relation value is present, but standalone anchor strength is not yet high.",92,Which nearby main should own this as a sub sheet?,pending,
SURF-CAW2026R00910,CAW2026R00910,1902,pre_1930,1900-1904,Serbia,Modern typography and layout,Wikimedia Commons,Wikimedia Commons file source / Krivicna kronika 08.jpg / page 119136622,Krivicna kronika 08.jpg,IMG03,238,2572,2810,Serbia|Modern typography and layout|Wikimedia Commons|1900-1904,9,1,1,0,49,23,47,64,95,8,30,0,36,49,commons_file_source,advertisement; advertising; design; graphic; magazine; visual communication,downgrade_to_sub_candidate,medium,"Cluster/relation value is present, but standalone anchor strength is not yet high.",104,Which nearby main should own this as a sub sheet?,pending,
SURF-CAW2026R00067,CAW2026R00067,1830,pre_1930,1830-1834,Seychelles,Modern typography and layout,Wikimedia Commons,Wikimedia Commons file source / Marianne North (1830-1890) - The Asoka - MN312 - Marianne North Gallery.jpg / page 164744197,Marianne North (1830-1890) - The Asoka - MN312 - Marianne North Gallery.jpg,IMG03,195,2664,2859,Seychelles|Modern typography and layout|Wikimedia Commons|1830-1834,52,1,1,0,45,19,47,61,78,8,64,0,39,45,commons_file_source,design; graphic; packaging; visual communication,downgrade_to_sub_candidate,medium,"Cluster/relation value is present, but standalone anchor strength is not yet high.",107,Which nearby main should own this as a sub sheet?,pending,
SURF-CAW2026R01468,CAW2026R01468,1920,pre_1930,1920-1924,South Asia,Modern typography and layout,Wikimedia Commons,Wikimedia Commons file source / Poster of Shakuntala (1920 film).jpg / page 145889404,Poster of Shakuntala (1920 film).jpg,IMG03,166,2511,2677,India|Modern typography and layout|Wikimedia Commons|1920-1924,22,1,1,0,44,16,47,58,90,8,14,0,42,44,commons_file_source,design; film poster; graphic; poster; visual communication,downgrade_to_sub_candidate,medium,"Cluster/relation value is present, but standalone anchor strength is not yet high.",110,Which nearby main should own this as a sub sheet?,pending,
SURF-CAW2026R00866,CAW2026R00866,1900,pre_1930,1900-1904,Southeast Asia,Modern typography and layout,Wikimedia Commons,"Wikimedia Commons file source / Collectie NMvWereldculturen, TM-6477-42, Etiketten van luciferdoosjes, 1900-1949.jpg / page 94209328","Collectie NMvWereldculturen, TM-6477-42, Etiketten van luciferdoosjes, 1900-1949.jpg",IMG03,704,2735,3439,Indonesia|Modern typography and layout|Wikimedia Commons|1900-1904,35,1,1,0,63,80,47,100,78,8,0,0,0,63,commons_file_source,design; graphic; packaging; visual communication,downgrade_to_sub_candidate,medium,"Cluster/relation value is present, but standalone anchor strength is not yet high.",58,Which nearby main should own this as a sub sheet?,pending,
SURF-GA1970R042,GA1970R042,1923,pre_1930,1920-1924,Western and Central Europe,Midcentury modern graphic communication,Gallica / BnF APIs,Gallica / BnF APIs,"Les noces Wesele, libre réalisation en trois phases du drame de Stanislas Wyspianski... Art et Action donnera sa 92e séance le dimanche 4 novembre 1923 en son studio... : [affiche] / [non signé] ; bois gravé non signé",IMG03,151,1876,2027,France|Midcentury modern graphic communication|Gallica / BnF APIs|1920-1924,22,1,1,0,34,30,47,57,32,0,0,0,43,34,,catalogue,downgrade_to_sub_candidate,medium,"Cluster/relation value is present, but standalone anchor strength is not yet high.",93,Which nearby main should own this as a sub sheet?,pending,
SURF-CAW2026R01143,CAW2026R01143,1913,pre_1930,1910-1914,Western and Central Europe,Modern typography and layout,Wikimedia Commons,"Wikimedia Commons file source / Matadi harbour and station, work by Alfred Bastien, 1913, Prints Department of the Royal Library of Belgium (KBR), S.I 24229.jpeg / page 181753792","Matadi harbour and station, work by Alfred Bastien, 1913, Prints Department of the Royal Library of Belgium (KBR), S.I 24229.jpeg",IMG03,401,2736,3137,Belgium|Modern typography and layout|Wikimedia Commons|1910-1914,9,1,1,0,53,55,47,78,78,8,0,0,22,53,commons_file_source,design; graphic; packaging; visual communication,downgrade_to_sub_candidate,medium,"Cluster/relation value is present, but standalone anchor strength is not yet high.",80,Which nearby main should own this as a sub sheet?,pending,
SURF-CRB2026V2R0001,CRB2026V2R0001,1950,1930_1970,1950-1954,Africa,Modern typography and layout,Wikimedia Commons,Wikimedia Commons file source / Kwame Nkrumah-TIME-1953.jpg / page 73222259,Kwame Nkrumah-TIME-1953.jpg,IMG03,607,2501,3108,Ghana|Modern typography and layout|Wikimedia Commons|1950-1954,3,1,0,0,55,70,10,95,78,8,36,0,5,55,commons_file_source,design; graphic; magazine; visual communication,keep_main_add_text,medium,"Promising anchor, but it needs reviewed editorial text before release.",13,What editorial text would justify keeping this as main?,pending,
SURF-CAW2026R02622,CAW2026R02622,1963,1930_1970,1960-1964,Albania,Modern typography and layout,Wikimedia Commons,Wikimedia Commons file source / Albania Fortepan 28340.jpg / page 49821592,Albania Fortepan 28340.jpg,IMG03,645,2383,3028,Albania|Modern typography and layout|Wikimedia Commons|1960-1964,1,1,0,0,58,74,0,98,78,8,87,0,2,58,commons_file_source,design; graphic; poster; visual communication,keep_main_add_text,medium,"Promising anchor, but it needs reviewed editorial text before release.",10,What editorial text would justify keeping this as main?,pending,
SURF-CAW2026R02302,CAW2026R02302,1950,1930_1970,1950-1954,Bosnia and Herzegovina,Modern typography and layout,Wikimedia Commons,Wikimedia Commons file source / Živio 8. mart dan žena (poster).jpg / page 163490511,Živio 8. mart dan žena (poster).jpg,IMG03,598,2439,3037,Bosnia and Herzegovina|Modern typography and layout|Wikimedia Commons|1950-1954,4,1,0,0,56,59,15,94,78,8,74,0,6,56,commons_file_source,design; graphic; poster; visual communication,keep_main_add_text,medium,"Promising anchor, but it needs reviewed editorial text before release.",14,What editorial text would justify keeping this as main?,pending,
SURF-CAW2026R02661,CAW2026R02661,1965,1930_1970,1965-1969,Cameroon,Modern typography and layout,Wikimedia Commons,Wikimedia Commons file source / COLLECTIE TROPENMUSEUM Mensen wachten in de rij voor het stembureau tijdens de presidentsverkiezingen in Kameroen TMnr 20014256.jpg / page 20356819,COLLECTIE TROPENMUSEUM Mensen wachten in de rij voor het stembureau tijdens de presidentsverkiezingen in Kameroen TMnr 20014256.jpg,IMG03,547,2765,3312,Cameroon|Modern typography and layout|Wikimedia Commons|1965-1969,2,1,1,0,59,69,17,90,78,8,97,0,10,59,commons_file_source,design; graphic; packaging; visual communication,keep_main_add_text,medium,"Promising anchor, but it needs reviewed editorial text before release.",18,What editorial text would justify keeping this as main?,pending,
SURF-CAW2026R02207,CAW2026R02207,1947,1930_1970,1945-1949,East Asia,Modern typography and layout,Wikimedia Commons,"Wikimedia Commons file source / Western Electric advertisement, featuring radio station KOMA in Oklahoma City (1947).jpg / page 117891834","Western Electric advertisement, featuring radio station KOMA in Oklahoma City (1947).jpg",IMG03,420,2639,3059,China / Hong Kong|Modern typography and layout|Wikimedia Commons|1945-1949,14,1,0,0,55,42,35,80,95,8,48,0,20,55,commons_file_source,advertisement; advertising; design; graphic; magazine; visual communication,keep_main_add_text,medium,"Promising anchor, but it needs reviewed editorial text before release.",28,What editorial text would justify keeping this as main?,pending,
SURF-CRB2026V2R0353,CRB2026V2R0353,1939,1930_1970,1935-1939,"Eastern Europe, Balkans, and Central/Eastern socialist contexts",Modern typography and layout,Wikimedia Commons,Wikimedia Commons file source / Swastica Fortepan 28732.jpg / page 49843594,Swastica Fortepan 28732.jpg,IMG03,602,2547,3149,Ukraine|Modern typography and layout|Wikimedia Commons|1935-1939,4,1,0,0,57,70,15,95,90,8,0,0,5,57,commons_file_source,advertising; design; graphic; poster; visual communication,keep_main_add_text,medium,"Promising anchor, but it needs reviewed editorial text before release.",13,What editorial text would justify keeping this as main?,pending,
SURF-CPB2026R0002,CPB2026R0002,1935,1930_1970,1935-1939,Global / transnational,Modern typography and layout,Wikimedia Commons,Wikimedia Commons file source / 1935 As Pupilas do Senhor Reitor Perdigao Queiroga.jpg / page 112380707,1935 As Pupilas do Senhor Reitor Perdigao Queiroga.jpg,IMG03,526,2659,3185,Global / transnational|Modern typography and layout|Wikimedia Commons|1935-1939,178,1,0,0,55,52,35,88,90,8,0,0,12,55,commons_file_source,design; film poster; graphic; poster; visual communication,keep_main_add_text,medium,"Promising anchor, but it needs reviewed editorial text before release.",20,What editorial text would justify keeping this as main?,pending,
SURF-SBC1970R0018,SBC1970R0018,1970,1930_1970,1970-1974,Latin America and the Caribbean,Corporate identity and design systems,Los Angeles Public Library Tessa / CONTENTdm,Los Angeles Public Library Tessa / CONTENTdm,African Heritage Festival,IMG02,959,2515,3474,Mexico|Corporate identity and design systems|Los Angeles Public Library Tessa / CONTENTdm|1970-1974,1,1,0,0,59,95,0,100,74,0,0,0,0,59,,design; exhibition; graphic; identity; poster,keep_main_add_text,medium,"Promising anchor, but it needs reviewed editorial text before release.",0,What editorial text would justify keeping this as main?,pending,
SURF-CGS2026R1196,CGS2026R1196,1944,1930_1970,1940-1944,Latin America and the Caribbean,Corporate identity and design systems,Wikimedia Commons,Wikimedia Commons file source / National Fossil Day 2018 artwork.png / page 110122863,National Fossil Day 2018 artwork.png,IMG03,1049,2556,3605,Mexico|Corporate identity and design systems|Wikimedia Commons|1940-1944,1,1,1,0,57,80,12,100,90,28,0,0,0,57,non_design_drift:fossil; commons_file_source,design; graphic; logo; poster; visual communication,keep_main_add_text,medium,"Promising anchor, but it needs reviewed editorial text before release.",28,What editorial text would justify keeping this as main?,pending,
SURF-CCT2026R02687,CCT2026R02687,1965,1930_1970,1965-1969,Middle East and North Africa,Modern typography and layout,Wikimedia Commons,Wikimedia Commons file source / سه تا نخاله.jpg / page 130887460,سه تا نخاله.jpg,IMG03,503,2684,3187,Iran|Modern typography and layout|Wikimedia Commons|1965-1969,26,1,0,0,55,50,35,86,95,8,0,0,14,55,commons_file_source,campaign; design; film poster; graphic; poster; visual communication,keep_main_add_text,medium,"Promising anchor, but it needs reviewed editorial text before release.",22,What editorial text would justify keeping this as main?,pending,
SURF-CRG2026R1408,CRG2026R1408,1951,1930_1970,1950-1954,North America,Travel and transport poster culture,Wikimedia Commons,Wikimedia Commons file source / 1951 SS United States Travel Poster by Lester Thomas Beall (1).jpg / page 146357322,1951 SS United States Travel Poster by Lester Thomas Beall (1).jpg,IMG03,523,2672,3195,United States|Travel and transport poster culture|Wikimedia Commons|1950-1954,3,1,1,0,55,52,22,88,90,8,31,0,12,55,commons_file_source,design; graphic; identity; poster; visual communication,keep_main_add_text,medium,"Promising anchor, but it needs reviewed editorial text before release.",20,What editorial text would justify keeping this as main?,pending,
SURF-DNZPOSTR009,DNZPOSTR009,1955,1930_1970,1955-1959,Oceania and Pacific,Travel and transport poster culture,DigitalNZ,DigitalNZ,Advertising poster for Tasman Empire Airways,IMG02,622,1955,2577,Aotearoa New Zealand|Travel and transport poster culture|DigitalNZ|1955-1959,1,1,0,0,57,87,0,96,79,0,0,0,4,57,,advertising; commercial art; design; graphic; identity; poster,keep_main_add_text,medium,"Promising anchor, but it needs reviewed editorial text before release.",4,What editorial text would justify keeping this as main?,pending,
SURF-CCT2026R03501,CCT2026R03501,1947,1930_1970,1945-1949,Oceania and Pacific,Modern typography and layout,Wikimedia Commons,Wikimedia Commons file source / Lady-in-the-Lake-poster-Australia.jpg / page 93737791,Lady-in-the-Lake-poster-Australia.jpg,IMG03,742,2556,3298,Australia / Indigenous|Modern typography and layout|Wikimedia Commons|1945-1949,2,1,0,0,58,80,5,100,90,8,0,0,0,58,commons_file_source,design; film poster; graphic; poster; visual communication,keep_main_add_text,medium,"Promising anchor, but it needs reviewed editorial text before release.",8,What editorial text would justify keeping this as main?,pending,
SURF-CCT2026R01730,CCT2026R01730,1960,1930_1970,1960-1964,Serbia,Modern typography and layout,Wikimedia Commons,Wikimedia Commons file source / TOM & JERRY NAJBOLJI PRIJATELJI STARI PLAKAT.webp / page 185919635,TOM & JERRY NAJBOLJI PRIJATELJI STARI PLAKAT.webp,IMG03,647,2759,3406,Serbia|Modern typography and layout|Wikimedia Commons|1960-1964,3,1,0,0,59,74,10,98,90,8,30,0,2,59,commons_file_source,design; film poster; graphic; poster; visual communication,keep_main_add_text,medium,"Promising anchor, but it needs reviewed editorial text before release.",10,What editorial text would justify keeping this as main?,pending,
SURF-CAW2026R02736,CAW2026R02736,1967,1930_1970,1965-1969,Solomon Islands,Modern typography and layout,Wikimedia Commons,Wikimedia Commons file source / Solomon Burke (1967).png / page 26964616,Solomon Burke (1967).png,IMG03,508,2576,3084,Solomon Islands|Modern typography and layout|Wikimedia Commons|1965-1969,2,1,0,0,55,50,5,87,90,8,96,0,13,55,commons_file_source,advertisement; advertising; design; graphic; visual communication,keep_main_add_text,medium,"Promising anchor, but it needs reviewed editorial text before release.",21,What editorial text would justify keeping this as main?,pending,
SURF-CCT2026R03673,CCT2026R03673,1937,1930_1970,1935-1939,South Asia,Modern typography and layout,Wikimedia Commons,Wikimedia Commons file source / Ambikapathy 1937 poster.jpg / page 33885536,Ambikapathy 1937 poster.jpg,IMG03,533,2594,3127,India|Modern typography and layout|Wikimedia Commons|1935-1939,29,1,0,0,56,53,35,89,90,8,14,0,11,56,commons_file_source,design; film poster; graphic; poster; visual communication,keep_main_add_text,medium,"Promising anchor, but it needs reviewed editorial text before release.",19,What editorial text would justify keeping this as main?,pending,
SURF-CAW2026R01707,CAW2026R01707,1931,1930_1970,1930-1934,Southeast Asia,Corporate identity and design systems,Wikimedia Commons,Wikimedia Commons file source / Phorocardius magnus (10.3897-zookeys.993.53805) Figure 8.jpg / page 117984307,Phorocardius magnus (10.3897-zookeys.993.53805) Figure 8.jpg,IMG03,1068,2526,3594,Vietnam|Corporate identity and design systems|Wikimedia Commons|1930-1934,1,1,0,0,55,80,0,100,90,28,0,0,0,55,non_design_drift:specimen; commons_file_source,design; graphic; identity; typography; visual communication,keep_main_add_text,medium,"Promising anchor, but it needs reviewed editorial text before release.",28,What editorial text would justify keeping this as main?,pending,
SURF-CAW2026R02142,CAW2026R02142,1943,1930_1970,1940-1944,Tunisia,World War and public-information graphics,Wikimedia Commons,Wikimedia Commons file source / We Have Just Begun to Fight! - DPLA - 12d4fbc095ca96720b96f1559efc8cc1.jpg / page 156152980,We Have Just Begun to Fight! - DPLA - 12d4fbc095ca96720b96f1559efc8cc1.jpg,IMG03,638,2597,3235,Tunisia|World War and public-information graphics|Wikimedia Commons|1940-1944,2,1,0,0,59,73,5,98,78,8,87,0,2,59,commons_file_source,design; graphic; poster; visual communication,keep_main_add_text,medium,"Promising anchor, but it needs reviewed editorial text before release.",10,What editorial text would justify keeping this as main?,pending,
SURF-IR1970R061,IR1970R061,1962,1930_1970,1960-1964,Unresolved region,Public health and social communication,Wellcome Collection,Wellcome Collection Catalogue API,Diaphragms/caps,IMG02,632,2193,2825,Unresolved region|Public health and social communication|Wellcome Collection|1960-1964,2,1,0,0,59,88,5,97,62,0,70,0,3,59,,catalogue; design; graphic; poster,keep_main_add_text,medium,"Promising anchor, but it needs reviewed editorial text before release.",3,What editorial text would justify keeping this as main?,pending,
SURF-CAW2026R02325,CAW2026R02325,1951,1930_1970,1950-1954,Western and Central Europe,Corporate identity and design systems,Wikimedia Commons,Wikimedia Commons file source / Neonauclea foveolata Capuron (P00553250).jpg / page 139777086,Neonauclea foveolata Capuron (P00553250).jpg,IMG03,778,2530,3308,France|Corporate identity and design systems|Wikimedia Commons|1950-1954,1,1,0,0,55,80,0,100,90,28,0,0,0,55,non_design_drift:specimen; commons_file_source,design; graphic; identity; typography; visual communication,keep_main_add_text,medium,"Promising anchor, but it needs reviewed editorial text before release.",28,What editorial text would justify keeping this as main?,pending,
SURF-CAW2026R02572,CAW2026R02572,1960,1930_1970,1960-1964,Zambia,Modern typography and layout,Wikimedia Commons,Wikimedia Commons file source / Tarbuttite-261732.jpg / page 10169431,Tarbuttite-261732.jpg,IMG03,1020,2539,3559,Zambia|Modern typography and layout|Wikimedia Commons|1960-1964,2,1,0,0,58,80,5,100,78,28,97,0,0,58,non_design_drift:specimen; commons_file_source,design; graphic; packaging; visual communication,keep_main_add_text,medium,"Promising anchor, but it needs reviewed editorial text before release.",28,What editorial text would justify keeping this as main?,pending,
SURF-CAW2026R03395,CAW2026R03395,1999,1970_2000,1995-1999,Africa,Corporate identity and design systems,Wikimedia Commons,Wikimedia Commons file source / Andyrobertsite-Calcioandyrobertsite-117541.jpg / page 10138821,Andyrobertsite-Calcioandyrobertsite-117541.jpg,IMG03,1602,2558,4160,Namibia|Corporate identity and design systems|Wikimedia Commons|1995-1999,1,1,0,0,58,80,0,100,90,28,36,20,0,58,non_design_drift:specimen; commons_file_source,design; graphic; identity; typography; visual communication,keep_main_add_text,medium,"Promising anchor, but it needs reviewed editorial text before release.",28,What editorial text would justify keeping this as main?,pending,
SURF-CAW2026R02913,CAW2026R02913,1976,1970_2000,1975-1979,East Asia,Modern typography and layout,Wikimedia Commons,Wikimedia Commons file source / The Digital Group Cassette Storage System - Jul 1976 Byte advert.jpg / page 104841145,The Digital Group Cassette Storage System - Jul 1976 Byte advert.jpg,IMG03,382,2553,2935,China / Hong Kong|Modern typography and layout|Wikimedia Commons|1975-1979,6,1,1,0,55,38,37,76,95,8,48,20,24,55,commons_file_source,advertisement; advertising; design; graphic; magazine; visual communication,keep_main_add_text,medium,"Promising anchor, but it needs reviewed editorial text before release.",32,What editorial text would justify keeping this as main?,pending,
SURF-CCT2026R01598,CCT2026R01598,2000,1970_2000,2000-2004,"Eastern Europe, Balkans, and Central/Eastern socialist contexts",Modern typography and layout,Wikimedia Commons,Wikimedia Commons file source / PL Świąteczna przygoda A Very Christmas Story Dariusz Zawislak.jpg / page 6494639,PL Świąteczna przygoda A Very Christmas Story Dariusz Zawislak.jpg,IMG03,643,2761,3404,Poland|Modern typography and layout|Wikimedia Commons|2000-2004,1,1,0,0,57,74,0,98,90,8,0,20,2,57,commons_file_source,design; film poster; graphic; poster; visual communication,keep_main_add_text,medium,"Promising anchor, but it needs reviewed editorial text before release.",10,What editorial text would justify keeping this as main?,pending,
SURF-CRG2026R2264,CRG2026R2264,1972,1970_2000,1970-1974,Global / transnational,Modern typography and layout,Wikimedia Commons,Wikimedia Commons file source / Star-Spangled Women for McGovern-Shriver.jpg / page 92986644,Star-Spangled Women for McGovern-Shriver.jpg,IMG03,490,2584,3074,Global / transnational|Modern typography and layout|Wikimedia Commons|1970-1974,673,1,0,0,55,49,35,85,90,8,0,20,15,55,commons_file_source,advertising; design; graphic; poster; visual communication,keep_main_add_text,medium,"Promising anchor, but it needs reviewed editorial text before release.",23,What editorial text would justify keeping this as main?,pending,
SURF-CAW2026R02989,CAW2026R02989,1980,1970_2000,1980-1984,Latin America and the Caribbean,Modern typography and layout,Wikimedia Commons,Wikimedia Commons file source / Vivianite-Pyrite-290422.jpg / page 10174349,Vivianite-Pyrite-290422.jpg,IMG03,1170,2506,3676,Bolivia|Modern typography and layout|Wikimedia Commons|1980-1984,1,1,1,0,55,80,12,100,78,28,0,20,0,55,non_design_drift:specimen; commons_file_source,design; graphic; packaging; visual communication,keep_main_add_text,medium,"Promising anchor, but it needs reviewed editorial text before release.",28,What editorial text would justify keeping this as main?,pending,
SURF-CCT2026R02758,CCT2026R02758,1979,1970_2000,1975-1979,Middle East and North Africa,Modern typography and layout,Wikimedia Commons,Wikimedia Commons file source / آزادی امریکایی.jpg / page 155975046,آزادی امریکایی.jpg,IMG03,498,2609,3107,Iran|Modern typography and layout|Wikimedia Commons|1975-1979,98,1,0,0,55,49,35,86,90,8,0,20,14,55,commons_file_source,design; film poster; graphic; poster; visual communication,keep_main_add_text,medium,"Promising anchor, but it needs reviewed editorial text before release.",22,What editorial text would justify keeping this as main?,pending,
SURF-CAW2026R03030,CAW2026R03030,1982,1970_2000,1980-1984,Mozambique,Modern typography and layout,Wikimedia Commons,Wikimedia Commons file source / WIPO Director General Meets Mozambique's Minister of Culture and Tourism Eldevina Materula.jpg / page 125962107,WIPO Director General Meets Mozambique's Minister of Culture and Tourism Eldevina Materula.jpg,IMG03,767,2680,3447,Mozambique|Modern typography and layout|Wikimedia Commons|1980-1984,1,1,0,0,58,80,0,100,66,8,94,20,0,58,commons_file_source,design; graphic; visual communication,keep_main_add_text,medium,"Promising anchor, but it needs reviewed editorial text before release.",8,What editorial text would justify keeping this as main?,pending,
SURF-CRG2026R2156,CRG2026R2156,1972,1970_2000,1970-1974,North America,Modern typography and layout,Wikimedia Commons,"Wikimedia Commons file source / (Sadleria cyatheoides close-up in Konahuanui Peak, United States) - DPLA - 02559039422e74a9035322fabd1c291b.jpg / page 187701258","(Sadleria cyatheoides close-up in Konahuanui Peak, United States) - DPLA - 02559039422e74a9035322fabd1c291b.jpg",IMG03,1044,2773,3817,United States|Modern typography and layout|Wikimedia Commons|1970-1974,25,1,0,0,58,80,35,100,66,28,31,20,0,58,non_design_drift:botanical; commons_file_source,design; graphic; visual communication,keep_main_add_text,medium,"Promising anchor, but it needs reviewed editorial text before release.",28,What editorial text would justify keeping this as main?,pending,
SURF-GAPIT2026R041,GAPIT2026R041,1988,1970_2000,1985-1989,Oceania and Pacific,Corporate identity and design systems,Te Papa,Te Papa Collections Online,"Poster, 'To the French Government'",IMG02,671,2469,3140,Aotearoa New Zealand|Corporate identity and design systems|Te Papa|1985-1989,1,1,0,0,56,92,0,100,62,0,0,20,0,56,,campaign; graphic; logo; poster,keep_main_add_text,medium,"Promising anchor, but it needs reviewed editorial text before release.",0,What editorial text would justify keeping this as main?,pending,
SURF-CCT2026R03510,CCT2026R03510,2000,1970_2000,2000-2004,Oceania and Pacific,Travel and transport poster culture,Wikimedia Commons,Wikimedia Commons file source / CSIRO ScienceImage 469 Dangerous Goods Specimen Container.jpg / page 35438840,CSIRO ScienceImage 469 Dangerous Goods Specimen Container.jpg,IMG03,1034,2798,3832,Australia / Indigenous|Travel and transport poster culture|Wikimedia Commons|2000-2004,3,1,0,0,55,80,10,100,78,28,0,20,0,55,non_design_drift:specimen; commons_file_source,design; graphic; packaging; visual communication,keep_main_add_text,medium,"Promising anchor, but it needs reviewed editorial text before release.",28,What editorial text would justify keeping this as main?,pending,
SURF-CCR2026R0037,CCR2026R0037,2000,1970_2000,2000-2004,South Asia,Modern typography and layout,Wikimedia Commons,Wikimedia Commons file source / Marxiststudycentre.JPG / page 841135,Marxiststudycentre.JPG,IMG03,622,2614,3236,India|Modern typography and layout|Wikimedia Commons|2000-2004,2,1,0,0,55,72,5,96,78,8,14,20,4,55,commons_file_source,design; graphic; poster; visual communication,keep_main_add_text,medium,"Promising anchor, but it needs reviewed editorial text before release.",12,What editorial text would justify keeping this as main?,pending,
SURF-CRB2026V2R0688,CRB2026V2R0688,1988,1970_2000,1985-1989,Southeast Asia,World War and public-information graphics,Wikimedia Commons,"Wikimedia Commons file source / Kamerleden Lankhorst (r) en Dijkstal plakken voor Loesje affiche op Binnenhof, Bestanddeelnr 934-2799.jpg / page 74650914","Kamerleden Lankhorst (r) en Dijkstal plakken voor Loesje affiche op Binnenhof, Bestanddeelnr 934-2799.jpg",IMG03,712,2766,3478,Indonesia|World War and public-information graphics|Wikimedia Commons|1985-1989,3,1,0,0,58,80,10,100,78,8,0,20,0,58,commons_file_source,design; graphic; poster; visual communication,keep_main_add_text,medium,"Promising anchor, but it needs reviewed editorial text before release.",8,What editorial text would justify keeping this as main?,pending,
SURF-CAW2026R03434,CAW2026R03434,2000,1970_2000,2000-2004,Syria,Modern typography and layout,Wikimedia Commons,Wikimedia Commons file source / Kalimat tarbawiyya- 2000-2003 (2005) Book Cover.jpg / page 186657535,Kalimat tarbawiyya- 2000-2003 (2005) Book Cover.jpg,IMG03,448,2557,3005,Syria|Modern typography and layout|Wikimedia Commons|2000-2004,9,1,0,0,55,44,35,82,78,8,84,20,18,55,commons_file_source,book cover; design; graphic; visual communication,keep_main_add_text,medium,"Promising anchor, but it needs reviewed editorial text before release.",26,What editorial text would justify keeping this as main?,pending,
SURF-CAW2026R02843,CAW2026R02843,1971,1970_2000,1970-1974,Tunisia,Modern typography and layout,Wikimedia Commons,"Wikimedia Commons file source / Family, Bizerta - UNESCO - PHOTO0000000897 0001.tiff / page 95837416","Family, Bizerta - UNESCO - PHOTO0000000897 0001.tiff",IMG03,573,2585,3158,Tunisia|Modern typography and layout|Wikimedia Commons|1970-1974,2,1,0,0,55,57,5,92,78,8,87,20,8,55,commons_file_source,design; graphic; poster; visual communication,keep_main_add_text,medium,"Promising anchor, but it needs reviewed editorial text before release.",16,What editorial text would justify keeping this as main?,pending,
SURF-CRG2026R3777,CRG2026R3777,1996,1970_2000,1995-1999,Western and Central Europe,Modern typography and layout,Wikimedia Commons,Wikimedia Commons file source / Silverdale Hoard items with lead container (FindID 462949).jpg / page 55768845,Silverdale Hoard items with lead container (FindID 462949).jpg,IMG03,1213,2630,3843,United Kingdom|Modern typography and layout|Wikimedia Commons|1995-1999,1,1,0,0,56,80,0,100,78,8,0,20,0,56,commons_file_source,book cover; design; graphic; visual communication,keep_main_add_text,medium,"Promising anchor, but it needs reviewed editorial text before release.",8,What editorial text would justify keeping this as main?,pending,
SURF-CAW2026R02985,CAW2026R02985,1980,1970_2000,1980-1984,Zimbabwe,Modern typography and layout,Wikimedia Commons,Wikimedia Commons file source / Topaz-171701.jpg / page 10149960,Topaz-171701.jpg,IMG03,1290,2523,3813,Zimbabwe|Modern typography and layout|Wikimedia Commons|1980-1984,1,1,0,0,59,80,0,100,78,28,97,20,0,59,non_design_drift:specimen; commons_file_source,design; graphic; packaging; visual communication,keep_main_add_text,medium,"Promising anchor, but it needs reviewed editorial text before release.",28,What editorial text would justify keeping this as main?,pending,
SURF-CAW2026R03690,CAW2026R03690,2010,2000_2026,2010-2014,Africa,Modern typography and layout,Wikimedia Commons,Wikimedia Commons file source / Smithsonite-206094.jpg / page 10159879,Smithsonite-206094.jpg,IMG03,970,2557,3527,Namibia|Modern typography and layout|Wikimedia Commons|2010-2014,1,1,0,0,56,80,0,100,78,28,36,37,0,56,non_design_drift:specimen; commons_file_source,design; graphic; packaging; visual communication,keep_main_add_text,medium,"Promising anchor, but it needs reviewed editorial text before release.",28,What editorial text would justify keeping this as main?,pending,
SURF-CAW2026R03769,CAW2026R03769,2011,2000_2026,2010-2014,Bahrain,Modern typography and layout,Wikimedia Commons,Wikimedia Commons file source / Dictator poster - Flickr - Al Jazeera English.jpg / page 17492718,Dictator poster - Flickr - Al Jazeera English.jpg,IMG03,440,2601,3041,Bahrain|Modern typography and layout|Wikimedia Commons|2010-2014,4,1,1,0,58,44,27,81,90,8,97,37,19,58,commons_file_source,design; graphic; poster; visual communication; zine,keep_main_add_text,medium,"Promising anchor, but it needs reviewed editorial text before release.",27,What editorial text would justify keeping this as main?,pending,
SURF-CAW2026R03615,CAW2026R03615,2008,2000_2026,2005-2009,Bosnia and Herzegovina,Modern typography and layout,Wikimedia Commons,Wikimedia Commons file source / Dino Merlin concert poster.jpg / page 10066924,Dino Merlin concert poster.jpg,IMG03,610,2563,3173,Bosnia and Herzegovina|Modern typography and layout|Wikimedia Commons|2005-2009,2,1,0,0,59,71,5,95,78,8,74,37,5,59,commons_file_source,design; graphic; poster; visual communication,keep_main_add_text,medium,"Promising anchor, but it needs reviewed editorial text before release.",13,What editorial text would justify keeping this as main?,pending,
SURF-CAW2026R03820,CAW2026R03820,2013,2000_2026,2010-2014,Democratic Republic of the Congo,Modern typography and layout,Wikimedia Commons,Wikimedia Commons file source / Poster 5- Growth and Inclusiveness (10070615895).jpg / page 46107599,Poster 5- Growth and Inclusiveness (10070615895).jpg,IMG03,559,2639,3198,Democratic Republic of the Congo|Modern typography and layout|Wikimedia Commons|2010-2014,4,1,0,0,56,55,15,91,78,8,69,37,9,56,commons_file_source,design; graphic; poster; visual communication,keep_main_add_text,medium,"Promising anchor, but it needs reviewed editorial text before release.",17,What editorial text would justify keeping this as main?,pending,
SURF-CCT2026R01198,CCT2026R01198,2008,2000_2026,2005-2009,East Asia,Modern typography and layout,Wikimedia Commons,Wikimedia Commons file source / City Without Baseball poster.jpg / page 38760052,City Without Baseball poster.jpg,IMG03,497,2728,3225,China / Hong Kong|Modern typography and layout|Wikimedia Commons|2005-2009,12,1,0,0,59,49,35,86,90,8,48,37,14,59,commons_file_source,design; film poster; graphic; poster; visual communication,keep_main_add_text,medium,"Promising anchor, but it needs reviewed editorial text before release.",22,What editorial text would justify keeping this as main?,pending,
SURF-LPC2026R072,LPC2026R072,2018,2000_2026,2015-2019,"Eastern Europe, Balkans, and Central/Eastern socialist contexts",World War and public-information graphics,Internet Archive,Internet Archive / text and periodical collections,CHIP CD-ROM Romania November 2005,IMG02,1140,2646,3786,Romania|World War and public-information graphics|Internet Archive|2015-2019,1,1,1,0,59,95,12,100,60,0,0,37,0,59,,design; magazine; visual communication,keep_main_add_text,medium,"Promising anchor, but it needs reviewed editorial text before release.",0,What editorial text would justify keeping this as main?,pending,
SURF-CRB2026V2R0131,CRB2026V2R0131,2013,2000_2026,2010-2014,"Eastern Europe, Balkans, and Central/Eastern socialist contexts",Modern typography and layout,Wikimedia Commons,"Wikimedia Commons file source / Фильм ""Охота за призраком"" 2013 производство MG Production.png / page 25091531","Фильм ""Охота за призраком"" 2013 производство MG Production.png",IMG03,570,2878,3448,Kazakhstan|Modern typography and layout|Wikimedia Commons|2010-2014,3,1,1,0,56,57,22,92,90,8,0,37,8,56,commons_file_source,design; film poster; graphic; poster; visual communication,keep_main_add_text,medium,"Promising anchor, but it needs reviewed editorial text before release.",16,What editorial text would justify keeping this as main?,pending,
SURF-EW1970R016,EW1970R016,2025,2000_2026,2025-2029,Global / transnational,World War and public-information graphics,Another Graphic,Another Graphic,"Publication: New Glyphs, New Writings",IMG02,1133,2670,3803,Global / transnational|World War and public-information graphics|Another Graphic|2025-2029,1,1,1,0,59,80,12,100,74,0,0,37,0,59,,design; graphic; poster; publication; typography,keep_main_add_text,medium,"Promising anchor, but it needs reviewed editorial text before release.",0,What editorial text would justify keeping this as main?,pending,
SURF-LPC2026R099,LPC2026R099,2023,2000_2026,2020-2024,Global / transnational,Midcentury modern graphic communication,Internet Archive,Internet Archive / text and periodical collections,KROTCH Zine (Issue 7),IMG02,582,2658,3240,Global / transnational|Midcentury modern graphic communication|Internet Archive|2020-2024,6,1,0,0,58,73,25,93,74,0,0,37,7,58,,design; magazine; poster; print; zine,keep_main_add_text,medium,"Promising anchor, but it needs reviewed editorial text before release.",7,What editorial text would justify keeping this as main?,pending,
SURF-CRG2026R4007,CRG2026R4007,2018,2000_2026,2015-2019,Global / transnational,Modern typography and layout,Wikimedia Commons,Wikimedia Commons file source / Asaduzzaman Noor unveils book cover Dhaka University Cultural and Educational Support Activities Then and Now CARASS Building 2018-07-04 (PID-0043554).jpg / page 176424951,Asaduzzaman Noor unveils book cover Dhaka University Cultural and Educational Support Activities Then and Now CARASS Building 2018-07-04 (PID-0043554).jpg,IMG03,507,2362,2869,Global / transnational|Modern typography and layout|Wikimedia Commons|2015-2019,13,1,0,0,57,65,35,87,78,8,0,37,13,57,commons_file_source,book cover; design; graphic; visual communication,keep_main_add_text,medium,"Promising anchor, but it needs reviewed editorial text before release.",21,What editorial text would justify keeping this as main?,pending,
SURF-CAW2026R03664,CAW2026R03664,2009,2000_2026,2005-2009,Latin America and the Caribbean,Modern typography and layout,Wikimedia Commons,Wikimedia Commons file source / Strumigenys pariensis inbiocri001283773 label 1.jpg / page 8171824,Strumigenys pariensis inbiocri001283773 label 1.jpg,IMG03,617,2576,3193,Latin America|Modern typography and layout|Wikimedia Commons|2005-2009,30,1,0,0,55,71,35,96,78,40,0,37,4,55,weak_context:profile; non_design_drift:specimen; commons_file_source,design; graphic; packaging; visual communication,keep_main_add_text,medium,"Promising anchor, but it needs reviewed editorial text before release.",44,What editorial text would justify keeping this as main?,pending,
SURF-CAW2026R03505,CAW2026R03505,2005,2000_2026,2005-2009,Madagascar,Modern typography and layout,Wikimedia Commons,"Wikimedia Commons file source / Antioch Hall (Main Building), Antioch College, TINTED.jpg / page 112127102","Antioch Hall (Main Building), Antioch College, TINTED.jpg",IMG03,399,2608,3007,Madagascar|Modern typography and layout|Wikimedia Commons|2005-2009,13,1,0,0,55,39,35,78,78,8,91,37,22,55,commons_file_source,design; graphic; poster; visual communication,keep_main_add_text,medium,"Promising anchor, but it needs reviewed editorial text before release.",30,What editorial text would justify keeping this as main?,pending,
SURF-CAW2026R03980,CAW2026R03980,2014,2000_2026,2010-2014,Maldives,Modern typography and layout,Wikimedia Commons,"Wikimedia Commons file source / Street protest calling for Sharia in Maldives, Democracy failed system poster.jpg / page 38161918","Street protest calling for Sharia in Maldives, Democracy failed system poster.jpg",IMG03,596,2648,3244,Maldives|Modern typography and layout|Wikimedia Commons|2010-2014,1,1,0,0,56,59,0,94,78,8,99,37,6,56,commons_file_source,design; graphic; poster; visual communication,keep_main_add_text,medium,"Promising anchor, but it needs reviewed editorial text before release.",14,What editorial text would justify keeping this as main?,pending,
SURF-NMR1990R0007,NMR1990R0007,2017,2000_2026,2015-2019,Middle East and North Africa,World War and public-information graphics,Barjeel Art Foundation,Barjeel Art Foundation,No to the Invasion,IMG02,1161,2664,3825,Middle East and North Africa|World War and public-information graphics|Barjeel Art Foundation|2015-2019,1,1,0,0,58,80,0,100,79,0,0,37,0,58,,design; exhibition; graphic; poster; print; typography,keep_main_add_text,medium,"Promising anchor, but it needs reviewed editorial text before release.",0,What editorial text would justify keeping this as main?,pending,
SURF-CCT2026R02869,CCT2026R02869,2020,2000_2026,2020-2024,Middle East and North Africa,Modern typography and layout,Wikimedia Commons,Wikimedia Commons file source / Homa Official Poster.jpg / page 133123815,Homa Official Poster.jpg,IMG03,521,2610,3131,Iran|Modern typography and layout|Wikimedia Commons|2020-2024,4,1,1,0,55,52,27,88,90,8,0,37,12,55,commons_file_source,design; film poster; graphic; poster; visual communication,keep_main_add_text,medium,"Promising anchor, but it needs reviewed editorial text before release.",20,What editorial text would justify keeping this as main?,pending,
SURF-LPC2026R077,LPC2026R077,2018,2000_2026,2015-2019,North America,Modern typography and layout,Wikimedia Commons,Wikimedia Commons,A green background bearing the white lettering Wellcome L0053638.jpg,IMG03,1143,2694,3837,United States|Modern typography and layout|Wikimedia Commons|2015-2019,2,1,1,0,59,80,17,100,68,8,31,37,0,59,commons_file_source,advertisement; graphic; poster; print,keep_main_add_text,medium,"Promising anchor, but it needs reviewed editorial text before release.",8,What editorial text would justify keeping this as main?,pending,
SURF-DNZPOSTR091,DNZPOSTR091,2014,2000_2026,2010-2014,Oceania and Pacific,Postwar exhibition and cultural posters,DigitalNZ,DigitalNZ,"Poster advertising Ian Scott exhibition, 1978",IMG02,583,2194,2777,Aotearoa New Zealand|Postwar exhibition and cultural posters|DigitalNZ|2010-2014,4,1,0,0,57,73,15,93,74,0,0,37,7,57,,advertising; design; exhibition; graphic; poster,keep_main_add_text,medium,"Promising anchor, but it needs reviewed editorial text before release.",7,What editorial text would justify keeping this as main?,pending,
SURF-CCT2026R03523,CCT2026R03523,2013,2000_2026,2010-2014,Oceania and Pacific,Modern typography and layout,Wikimedia Commons,Wikimedia Commons file source / Poster for the IMAX 3D movie Hidden Universe.jpg / page 27010428,Poster for the IMAX 3D movie Hidden Universe.jpg,IMG03,462,2790,3252,Australia / Indigenous|Modern typography and layout|Wikimedia Commons|2010-2014,10,1,0,0,55,46,35,83,90,8,0,37,17,55,commons_file_source,design; film poster; graphic; poster; visual communication,keep_main_add_text,medium,"Promising anchor, but it needs reviewed editorial text before release.",25,What editorial text would justify keeping this as main?,pending,
SURF-CAW2026R04603,CAW2026R04603,2021,2000_2026,2020-2024,Papua New Guinea,Modern typography and layout,Wikimedia Commons,Wikimedia Commons file source / Xenorhina perexigua (10.3897-zse.97.59696) Figure 5.jpg / page 110169306,Xenorhina perexigua (10.3897-zse.97.59696) Figure 5.jpg,IMG03,440,2652,3092,Papua New Guinea|Modern typography and layout|Wikimedia Commons|2020-2024,3,1,0,0,55,44,10,81,90,8,89,37,19,55,commons_file_source,advertisement; advertising; design; graphic; visual communication,keep_main_add_text,medium,"Promising anchor, but it needs reviewed editorial text before release.",27,What editorial text would justify keeping this as main?,pending,
SURF-CAW2026R04568,CAW2026R04568,2021,2000_2026,2020-2024,Serbia,Modern typography and layout,Wikimedia Commons,Wikimedia Commons file source / Vojvode Dobrnjca 05.jpg / page 113237898,Vojvode Dobrnjca 05.jpg,IMG03,461,2412,2873,Serbia|Modern typography and layout|Wikimedia Commons|2020-2024,46,1,0,0,56,46,35,83,90,8,30,37,17,56,commons_file_source,advertisement; advertising; design; graphic; visual communication,keep_main_add_text,medium,"Promising anchor, but it needs reviewed editorial text before release.",25,What editorial text would justify keeping this as main?,pending,
SURF-NMR1990R0021,NMR1990R0021,2022,2000_2026,2020-2024,South Asia,Midcentury modern graphic communication,Indian Memory Project,Indian Memory Project,On our last name ‘Telang’,IMG02,1670,2581,4251,India|Midcentury modern graphic communication|Indian Memory Project|2020-2024,1,1,0,0,55,80,0,100,74,20,14,37,0,55,non_design_drift:bird,design; graphic; poster; print; typography,keep_main_add_text,medium,"Promising anchor, but it needs reviewed editorial text before release.",20,What editorial text would justify keeping this as main?,pending,
SURF-CAW2026R04514,CAW2026R04514,2020,2000_2026,2020-2024,South Asia,Modern typography and layout,Wikimedia Commons,Wikimedia Commons file source / Raorchestes rezakhani (10.3897-zookeys.927.48733) Figure 4.jpg / page 112438401,Raorchestes rezakhani (10.3897-zookeys.927.48733) Figure 4.jpg,IMG03,489,2603,3092,Bangladesh|Modern typography and layout|Wikimedia Commons|2020-2024,7,1,1,0,57,48,42,85,90,8,14,37,15,57,commons_file_source,advertisement; advertising; design; graphic; visual communication,keep_main_add_text,medium,"Promising anchor, but it needs reviewed editorial text before release.",23,What editorial text would justify keeping this as main?,pending,
SURF-IAC1990R009,IAC1990R009,2025,2000_2026,2025-2029,Southeast Asia,Midcentury modern graphic communication,Malaysia Design Archive,Malaysia Design Archive,Education is Power,IMG02,754,2499,3253,Malaysia|Midcentury modern graphic communication|Malaysia Design Archive|2025-2029,3,1,0,0,59,95,10,100,62,0,0,37,0,59,,design; print; publication; symbol,keep_main_add_text,medium,"Promising anchor, but it needs reviewed editorial text before release.",0,What editorial text would justify keeping this as main?,pending,
SURF-CRB2026V2R0779,CRB2026V2R0779,2015,2000_2026,2015-2019,Southeast Asia,World War and public-information graphics,Wikimedia Commons,Wikimedia Commons file source / Light Pollution Brochure (Filipino) (light-pollution-brochure-filipino).jpg / page 130484833,Light Pollution Brochure (Filipino) (light-pollution-brochure-filipino).jpg,IMG03,960,2765,3725,Philippines|World War and public-information graphics|Wikimedia Commons|2015-2019,1,1,0,0,55,80,0,100,78,20,0,37,0,55,weak_context:profile; commons_file_source,design; graphic; publication; visual communication,keep_main_add_text,medium,"Promising anchor, but it needs reviewed editorial text before release.",20,What editorial text would justify keeping this as main?,pending,
SURF-CCT2026R03198,CCT2026R03198,2003,2000_2026,2000-2004,Syria,Modern typography and layout,Wikimedia Commons,Wikimedia Commons file source / Unshoudat Al Matar.jpg / page 8963997,Unshoudat Al Matar.jpg,IMG03,433,2775,3208,Syria|Modern typography and layout|Wikimedia Commons|2000-2004,9,1,0,0,58,43,35,81,90,8,84,37,19,58,commons_file_source,design; film poster; graphic; poster; visual communication,keep_main_add_text,medium,"Promising anchor, but it needs reviewed editorial text before release.",27,What editorial text would justify keeping this as main?,pending,
SURF-CAW2026R03595,CAW2026R03595,2007,2000_2026,2005-2009,Tunisia,Modern typography and layout,Wikimedia Commons,Wikimedia Commons file source / Zine Ben Ali in front of Tunis cathedral.jpg / page 19334333,Zine Ben Ali in front of Tunis cathedral.jpg,IMG03,506,2595,3101,Tunisia|Modern typography and layout|Wikimedia Commons|2005-2009,4,1,0,0,58,50,15,87,90,8,87,37,13,58,commons_file_source,design; graphic; poster; visual communication; zine,keep_main_add_text,medium,"Promising anchor, but it needs reviewed editorial text before release.",21,What editorial text would justify keeping this as main?,pending,
SURF-CAW2026R03451,CAW2026R03451,2001,2000_2026,2000-2004,United Arab Emirates,Modern typography and layout,Wikimedia Commons,Wikimedia Commons file source / Ilyushin Il-76 AN0193631.jpg / page 27390639,Ilyushin Il-76 AN0193631.jpg,IMG03,507,2616,3123,United Arab Emirates|Modern typography and layout|Wikimedia Commons|2000-2004,2,1,0,0,56,50,5,87,90,8,92,37,13,56,commons_file_source,advertisement; advertising; design; graphic; visual communication,keep_main_add_text,medium,"Promising anchor, but it needs reviewed editorial text before release.",21,What editorial text would justify keeping this as main?,pending,
SURF-CAW2026R03961,CAW2026R03961,2014,2000_2026,2010-2014,Western and Central Europe,Modern typography and layout,Wikimedia Commons,Wikimedia Commons file source / Feminism à la jamaicaine? Reminds me of Asterix and Obelix. (33067901980).jpg / page 57180012,Feminism à la jamaicaine? Reminds me of Asterix and Obelix. (33067901980).jpg,IMG03,941,2650,3591,Germany|Modern typography and layout|Wikimedia Commons|2010-2014,1,1,0,0,59,80,0,100,90,8,0,37,0,59,commons_file_source,advertisement; advertising; design; graphic; visual communication,keep_main_add_text,medium,"Promising anchor, but it needs reviewed editorial text before release.",8,What editorial text would justify keeping this as main?,pending,
SURF-CAW2026R04597,CAW2026R04597,2021,2000_2026,2020-2024,Yemen,Corporate identity and design systems,Wikimedia Commons,Wikimedia Commons file source / Balqees Ad 2.png / page 164645124,Balqees Ad 2.png,IMG03,337,2566,2903,Yemen|Corporate identity and design systems|Wikimedia Commons|2020-2024,4,1,1,0,55,33,27,73,95,8,90,37,27,55,commons_file_source,advertisement; advertising; brand; design; graphic; visual communication,keep_main_add_text,medium,"Promising anchor, but it needs reviewed editorial text before release.",35,What editorial text would justify keeping this as main?,pending,
SURF-CAW2026R03541,CAW2026R03541,2006,2000_2026,2005-2009,Zambia,Modern typography and layout,Wikimedia Commons,Wikimedia Commons file source / ChipataCotton.jpg / page 7895328,ChipataCotton.jpg,IMG03,579,2506,3085,Zambia|Modern typography and layout|Wikimedia Commons|2005-2009,1,1,0,0,58,57,0,93,90,8,97,37,7,58,commons_file_source,advertisement; advertising; design; graphic; visual communication,keep_main_add_text,medium,"Promising anchor, but it needs reviewed editorial text before release.",15,What editorial text would justify keeping this as main?,pending,
SURF-CAW2026R01642,CAW2026R01642,1930,pre_1930,1930-1934,Africa,Modern typography and layout,Wikimedia Commons,Wikimedia Commons file source / Dioptase-232935.jpg / page 10164118,Dioptase-232935.jpg,IMG03,1422,2496,3918,Namibia|Modern typography and layout|Wikimedia Commons|1930-1934,2,1,0,0,58,80,5,100,90,28,36,0,0,58,non_design_drift:specimen; commons_file_source,catalogue; design; graphic; packaging; visual communication,keep_main_add_text,medium,"Promising anchor, but it needs reviewed editorial text before release.",28,What editorial text would justify keeping this as main?,pending,
SURF-CAW2026R01302,CAW2026R01302,1918,pre_1930,1915-1919,Bosnia and Herzegovina,Modern typography and layout,Wikimedia Commons,Wikimedia Commons file source / Nikolapr.jpg / page 1795592,Nikolapr.jpg,IMG03,555,2508,3063,Bosnia and Herzegovina|Modern typography and layout|Wikimedia Commons|1915-1919,6,1,0,0,56,55,25,91,78,8,74,0,9,56,commons_file_source,design; graphic; poster; visual communication,keep_main_add_text,medium,"Promising anchor, but it needs reviewed editorial text before release.",17,What editorial text would justify keeping this as main?,pending,
SURF-CAW2026R01305,CAW2026R01305,1918,pre_1930,1915-1919,Croatia,World War and public-information graphics,Wikimedia Commons,Wikimedia Commons file source / Proglas Međimurje 1918.jpg / page 18836319,Proglas Međimurje 1918.jpg,IMG03,822,2540,3362,Croatia|World War and public-information graphics|Wikimedia Commons|1915-1919,2,1,0,0,58,80,5,100,66,8,84,0,0,58,commons_file_source,design; graphic; visual communication,keep_main_add_text,medium,"Promising anchor, but it needs reviewed editorial text before release.",8,What editorial text would justify keeping this as main?,pending,
SURF-CAW2026R01290,CAW2026R01290,1918,pre_1930,1915-1919,Democratic Republic of the Congo,Modern typography and layout,Wikimedia Commons,Wikimedia Commons file source / Alfred Theodore Joseph Bastien - Canadian Sentry.jpg / page 15458735,Alfred Theodore Joseph Bastien - Canadian Sentry.jpg,IMG03,487,2615,3102,Democratic Republic of the Congo|Modern typography and layout|Wikimedia Commons|1915-1919,18,1,0,0,55,48,35,85,78,8,69,0,15,55,commons_file_source,design; graphic; packaging; visual communication,keep_main_add_text,medium,"Promising anchor, but it needs reviewed editorial text before release.",23,What editorial text would justify keeping this as main?,pending,
SURF-CAW2026R00645,CAW2026R00645,1892,pre_1930,1890-1894,East Asia,Modern typography and layout,Wikimedia Commons,"Wikimedia Commons file source / St. Louis Free Press advertisement of Chinese Herb Remedy Co., 1010 Olive Street, St. Louis, 1892 - DPLA - 10efdd00849ea8f77706ea3a48fd84b0 (page 1).jpg / page 156755039","St. Louis Free Press advertisement of Chinese Herb Remedy Co., 1010 Olive Street, St. Louis, 1892 - DPLA - 10efdd00849ea8f77706ea3a48fd84b0 (page 1).jpg",IMG03,589,2769,3358,China / Hong Kong|Modern typography and layout|Wikimedia Commons|1890-1894,5,1,0,0,58,58,20,94,90,8,48,0,6,58,commons_file_source,advertisement; advertising; design; graphic; visual communication,keep_main_add_text,medium,"Promising anchor, but it needs reviewed editorial text before release.",14,What editorial text would justify keeping this as main?,pending,
SURF-CAW2026R00566,CAW2026R00566,1889,pre_1930,1885-1889,"Eastern Europe, Balkans, and Central/Eastern socialist contexts",Modern typography and layout,Wikimedia Commons,"Wikimedia Commons file source / BASA 690K-1-40 Hristina Morfova, BG Scenic Art 1900-1932 (crop).jpg / page 19437905","BASA 690K-1-40 Hristina Morfova, BG Scenic Art 1900-1932 (crop).jpg",IMG03,1205,2588,3793,Bulgaria|Modern typography and layout|Wikimedia Commons|1885-1889,3,1,1,0,57,80,22,100,78,20,0,0,0,57,source_register:inventory; commons_file_source,design; graphic; poster; visual communication,keep_main_add_text,medium,"Promising anchor, but it needs reviewed editorial text before release.",20,What editorial text would justify keeping this as main?,pending,
SURF-CCE2026R00018,CCE2026R00018,1861,pre_1930,1860-1864,Global / transnational,Modern typography and layout,Wikimedia Commons,Wikimedia Commons file source / Advertisement for Roessle Brewing Co. (Boston Public Library).jpg / page 16003338,Advertisement for Roessle Brewing Co. (Boston Public Library).jpg,IMG03,465,2666,3131,Global / transnational|Modern typography and layout|Wikimedia Commons|1860-1864,4,1,1,0,55,61,27,83,90,8,0,0,17,55,commons_file_source,advertisement; design; graphic; print; visual communication,keep_main_add_text,medium,"Promising anchor, but it needs reviewed editorial text before release.",25,What editorial text would justify keeping this as main?,pending,
SURF-CAW2026R01510,CAW2026R01510,1922,pre_1930,1920-1924,Jordan,World War and public-information graphics,Wikimedia Commons,Wikimedia Commons file source / 1922 theatre ads BostonGlobe December12 part2.png / page 18059163,1922 theatre ads BostonGlobe December12 part2.png,IMG03,593,2570,3163,Jordan|World War and public-information graphics|Wikimedia Commons|1920-1924,1,1,1,0,59,59,12,94,90,8,92,0,6,59,commons_file_source,advertisement; advertising; design; graphic; visual communication,keep_main_add_text,medium,"Promising anchor, but it needs reviewed editorial text before release.",14,What editorial text would justify keeping this as main?,pending,
SURF-CAW2026R01624,CAW2026R01624,1929,pre_1930,1925-1929,Latin America and the Caribbean,Modern typography and layout,Wikimedia Commons,Wikimedia Commons file source / Bismuth-pas-159a.jpg / page 10456306,Bismuth-pas-159a.jpg,IMG03,864,2469,3333,Bolivia|Modern typography and layout|Wikimedia Commons|1925-1929,30,1,0,0,58,80,35,100,78,28,0,0,0,58,non_design_drift:specimen; commons_file_source,design; graphic; packaging; visual communication,keep_main_add_text,medium,"Promising anchor, but it needs reviewed editorial text before release.",28,What editorial text would justify keeping this as main?,pending,
SURF-CAW2026R00090,CAW2026R00090,1830,pre_1930,1830-1834,Lithuania,Modern typography and layout,Wikimedia Commons,"Wikimedia Commons file source / Józef Sobolewski - Wykład wiary machometańskiej (1830, WBC) - cover (1) front.png / page 145765567","Józef Sobolewski - Wykład wiary machometańskiej (1830, WBC) - cover (1) front.png",IMG03,591,2657,3248,Lithuania|Modern typography and layout|Wikimedia Commons|1830-1834,2,1,1,0,56,59,17,94,78,8,74,0,6,56,commons_file_source,book cover; design; graphic; visual communication,keep_main_add_text,medium,"Promising anchor, but it needs reviewed editorial text before release.",14,What editorial text would justify keeping this as main?,pending,
SURF-CAW2026R01127,CAW2026R01127,1911,pre_1930,1910-1914,Middle East and North Africa,World War and public-information graphics,Wikimedia Commons,"Wikimedia Commons file source / ""After you, sir"" - Kep. LCCN2011649067.jpg / page 66960713","""After you, sir"" - Kep. LCCN2011649067.jpg",IMG03,1242,2542,3784,Morocco|World War and public-information graphics|Wikimedia Commons|1910-1914,1,1,0,0,56,80,0,100,95,28,0,0,0,56,non_design_drift:bird; commons_file_source,design; graphic; magazine; poster; print; visual communication,keep_main_add_text,medium,"Promising anchor, but it needs reviewed editorial text before release.",28,What editorial text would justify keeping this as main?,pending,
SURF-CRG2026R0175,CRG2026R0175,1899,pre_1930,1895-1899,North America,Modern typography and layout,Wikimedia Commons,Wikimedia Commons file source / Buffalo Bill's Wild West and congress of rough riders of the world A congress of American Indians (...). LCCN2001696164.jpg / page 67035846,Buffalo Bill's Wild West and congress of rough riders of the world A congress of American Indians (...). LCCN2001696164.jpg,IMG03,546,2786,3332,United States|Modern typography and layout|Wikimedia Commons|1895-1899,7,1,0,0,57,54,30,90,90,8,31,0,10,57,commons_file_source,design; graphic; poster; print; visual communication,keep_main_add_text,medium,"Promising anchor, but it needs reviewed editorial text before release.",18,What editorial text would justify keeping this as main?,pending,
SURF-CCT2026R03477,CCT2026R03477,1930,pre_1930,1930-1934,Oceania and Pacific,Modern typography and layout,Wikimedia Commons,"Wikimedia Commons file source / Advertising billboard for Grace Bros advertising furniture, 1930.jpg / page 23817084","Advertising billboard for Grace Bros advertising furniture, 1930.jpg",IMG03,512,2778,3290,Australia / Indigenous|Modern typography and layout|Wikimedia Commons|1930-1934,10,1,0,0,56,51,35,87,95,8,0,0,13,56,commons_file_source,advertising; design; graphic; poster; publication; visual communication,keep_main_add_text,medium,"Promising anchor, but it needs reviewed editorial text before release.",21,What editorial text would justify keeping this as main?,pending,
SURF-CRG2026R0234,CRG2026R0234,1909,pre_1930,1905-1909,Serbia,Modern typography and layout,Wikimedia Commons,Wikimedia Commons file source / Naslovna strana časopisa Proleće 03.jpg / page 99507226,Naslovna strana časopisa Proleće 03.jpg,IMG03,608,2673,3281,Serbia|Modern typography and layout|Wikimedia Commons|1905-1909,4,1,0,0,56,70,15,95,78,8,30,0,5,56,commons_file_source,design; graphic; magazine; visual communication,keep_main_add_text,medium,"Promising anchor, but it needs reviewed editorial text before release.",13,What editorial text would justify keeping this as main?,pending,
SURF-CAW2026R00080,CAW2026R00080,1830,pre_1930,1830-1834,Seychelles,Modern typography and layout,Wikimedia Commons,"Wikimedia Commons file source / Marianne North (1830-1890) - View of Cadle's Hotel and the Kloof Beyond near Grahamstown - MN444 - Marianne North Gallery, Royal Botanic Gardens, Kew.jpg / page 97451684","Marianne North (1830-1890) - View of Cadle's Hotel and the Kloof Beyond near Grahamstown - MN444 - Marianne North Gallery, Royal Botanic Gardens, Kew.jpg",IMG03,495,2232,2727,Seychelles|Modern typography and layout|Wikimedia Commons|1830-1834,52,1,0,0,55,49,35,86,78,8,64,0,14,55,commons_file_source,design; graphic; packaging; visual communication,keep_main_add_text,medium,"Promising anchor, but it needs reviewed editorial text before release.",22,What editorial text would justify keeping this as main?,pending,
SURF-CAW2026R01569,CAW2026R01569,1925,pre_1930,1925-1929,South Asia,Modern typography and layout,Wikimedia Commons,"Wikimedia Commons file source / India, 19th century - Book Cover - 1925.686 - Cleveland Museum of Art.tif / page 78088305","India, 19th century - Book Cover - 1925.686 - Cleveland Museum of Art.tif",IMG03,563,2352,2915,India|Modern typography and layout|Wikimedia Commons|1925-1929,18,1,0,0,58,71,35,91,78,8,14,0,9,58,commons_file_source,book cover; design; graphic; visual communication,keep_main_add_text,medium,"Promising anchor, but it needs reviewed editorial text before release.",17,What editorial text would justify keeping this as main?,pending,
SURF-CCT2026R03946,CCT2026R03946,1928,pre_1930,1925-1929,Southeast Asia,Modern typography and layout,Wikimedia Commons,Wikimedia Commons file source / Gunung Gelenyu cover.jpg / page 31844936,Gunung Gelenyu cover.jpg,IMG03,612,2656,3268,Indonesia|Modern typography and layout|Wikimedia Commons|1925-1929,5,1,0,0,55,71,20,96,78,8,0,0,4,55,commons_file_source,book cover; design; graphic; visual communication,keep_main_add_text,medium,"Promising anchor, but it needs reviewed editorial text before release.",12,What editorial text would justify keeping this as main?,pending,
SURF-CAW2026R01054,CAW2026R01054,1907,pre_1930,1905-1909,Uganda,Modern typography and layout,Wikimedia Commons,Wikimedia Commons file source / Werner 1907 Orthoptera Blattaeformia Taf III Fig 6.png / page 63961926,Werner 1907 Orthoptera Blattaeformia Taf III Fig 6.png,IMG03,614,2608,3222,Uganda|Modern typography and layout|Wikimedia Commons|1905-1909,1,1,0,0,57,71,0,96,78,8,86,0,4,57,commons_file_source,design; graphic; packaging; visual communication,keep_main_add_text,medium,"Promising anchor, but it needs reviewed editorial text before release.",12,What editorial text would justify keeping this as main?,pending,
SURF-COM1970R015,COM1970R015,1911,pre_1930,1910-1914,Unresolved region,Corporate identity and design systems,Wikimedia Commons,Wikimedia Commons,Reklamaffisch August Strindberg.jpg,IMG03,741,2401,3142,Unresolved region|Corporate identity and design systems|Wikimedia Commons|1910-1914,1,1,0,0,57,80,0,100,68,8,70,0,0,57,commons_file_source,advertising; graphic; poster; print,keep_main_add_text,medium,"Promising anchor, but it needs reviewed editorial text before release.",8,What editorial text would justify keeping this as main?,pending,
SURF-CAW2026R01109,CAW2026R01109,1910,pre_1930,1910-1914,Western and Central Europe,Travel and transport poster culture,Wikimedia Commons,"Wikimedia Commons file source / Flickr - …trialsanderrors - Jamaica, the gem of the tropics, Thomas Cook travel poster, 1910.jpg / page 11159702","Flickr - …trialsanderrors - Jamaica, the gem of the tropics, Thomas Cook travel poster, 1910.jpg",IMG03,861,2655,3516,United Kingdom|Travel and transport poster culture|Wikimedia Commons|1910-1914,3,1,0,0,58,80,10,100,90,20,0,0,0,58,weak_context:talk; commons_file_source,advertising; design; graphic; poster; visual communication,keep_main_add_text,medium,"Promising anchor, but it needs reviewed editorial text before release.",20,What editorial text would justify keeping this as main?,pending,
SURF-CAW2026R01619,CAW2026R01619,1929,pre_1930,1925-1929,Zambia,Modern typography and layout,Wikimedia Commons,Wikimedia Commons file source / Malachite-239936.jpg / page 10165270,Malachite-239936.jpg,IMG03,1286,2500,3786,Zambia|Modern typography and layout|Wikimedia Commons|1925-1929,1,1,0,0,58,80,0,100,78,28,97,0,0,58,non_design_drift:specimen; commons_file_source,design; graphic; packaging; visual communication,keep_main_add_text,medium,"Promising anchor, but it needs reviewed editorial text before release.",28,What editorial text would justify keeping this as main?,pending,
SURF-CAW2026R02558,CAW2026R02558,1959,1930_1970,1955-1959,Africa,Modern typography and layout,Wikimedia Commons,Wikimedia Commons file source / Star beer advertisement.png / page 187390052,Star beer advertisement.png,IMG03,591,2295,2886,Nigeria|Modern typography and layout|Wikimedia Commons|1955-1959,95,1,0,0,60,59,35,94,90,8,36,0,6,60,commons_file_source,advertisement; advertising; design; graphic; visual communication,keep_main_anchor,medium,Enough source depth and design-object evidence for provisional main-anchor treatment.,14,Does this truly define a durable research packet anchor?,pending,
SURF-CAW2026R02249,CAW2026R02249,1949,1930_1970,1945-1949,Angola,Travel and transport poster culture,Wikimedia Commons,Wikimedia Commons file source / Publicidade Caminho de Ferro de Benguela - GazetaCF 1475 1949.jpg / page 86887390,Publicidade Caminho de Ferro de Benguela - GazetaCF 1475 1949.jpg,IMG03,947,2630,3577,Angola|Travel and transport poster culture|Wikimedia Commons|1945-1949,1,1,0,0,64,80,0,100,95,8,82,0,0,64,commons_file_source,advertisement; advertising; design; graphic; magazine; visual communication,keep_main_anchor,medium,Enough source depth and design-object evidence for provisional main-anchor treatment.,8,Does this truly define a durable research packet anchor?,pending,
SURF-CAW2026R02578,CAW2026R02578,1960,1930_1970,1960-1964,Bosnia and Herzegovina,Modern typography and layout,Wikimedia Commons,Wikimedia Commons file source / Popajeve Ludorije.png / page 185919054,Popajeve Ludorije.png,IMG03,1026,2553,3579,Bosnia and Herzegovina|Modern typography and layout|Wikimedia Commons|1960-1964,4,1,0,0,65,80,15,100,90,8,74,0,0,65,commons_file_source,design; exhibition; graphic; poster; visual communication,keep_main_anchor,medium,Enough source depth and design-object evidence for provisional main-anchor treatment.,8,Does this truly define a durable research packet anchor?,pending,
SURF-CCT2026R01512,CCT2026R01512,1960,1930_1970,1960-1964,Croatia,Modern typography and layout,Wikimedia Commons,Wikimedia Commons file source / ŠALJIVI PROGRAM PERE DJETLIĆA.png / page 185919400,ŠALJIVI PROGRAM PERE DJETLIĆA.png,IMG03,693,2797,3490,Croatia|Modern typography and layout|Wikimedia Commons|1960-1964,2,1,0,0,63,79,5,100,90,8,84,0,0,63,commons_file_source,design; film poster; graphic; poster; visual communication,keep_main_anchor,medium,Enough source depth and design-object evidence for provisional main-anchor treatment.,8,Does this truly define a durable research packet anchor?,pending,
SURF-CAW2026R02789,CAW2026R02789,1970,1930_1970,1970-1974,Democratic Republic of the Congo,Modern typography and layout,Wikimedia Commons,Wikimedia Commons file source / Malachite-119957.jpg / page 10139951,Malachite-119957.jpg,IMG03,1109,2588,3697,Democratic Republic of the Congo|Modern typography and layout|Wikimedia Commons|1970-1974,8,1,0,0,65,80,35,100,78,8,69,0,0,65,commons_file_source,design; graphic; packaging; visual communication,keep_main_anchor,medium,Enough source depth and design-object evidence for provisional main-anchor treatment.,8,Does this truly define a durable research packet anchor?,pending,
SURF-CAW2026R02201,CAW2026R02201,1946,1930_1970,1945-1949,East Asia,Modern typography and layout,Wikimedia Commons,Wikimedia Commons file source / A New Chapter in the Story of Textiles - DPLA - a62d20d2c516e0e84bbf8b37ac9d024f.jpg / page 134148173,A New Chapter in the Story of Textiles - DPLA - a62d20d2c516e0e84bbf8b37ac9d024f.jpg,IMG03,988,2621,3609,China / Hong Kong|Modern typography and layout|Wikimedia Commons|1945-1949,14,1,1,0,70,80,47,100,95,8,48,0,0,70,commons_file_source,advertisement; advertising; design; graphic; packaging; print; visual communication,keep_main_anchor,medium,Enough source depth and design-object evidence for provisional main-anchor treatment.,23,Does this truly define a durable research packet anchor?,pending,
SURF-CAW2026R01875,CAW2026R01875,1938,1930_1970,1935-1939,"Eastern Europe, Balkans, and Central/Eastern socialist contexts",World War and public-information graphics,Wikimedia Commons,Wikimedia Commons file source / Vinnytsia. Do not forget what happened! 1943.jpg / page 175791094,Vinnytsia. Do not forget what happened! 1943.jpg,IMG03,753,2504,3257,Ukraine|World War and public-information graphics|Wikimedia Commons|1935-1939,4,1,1,0,60,80,27,100,78,8,0,0,0,60,commons_file_source,design; graphic; poster; visual communication,keep_main_anchor,medium,Enough source depth and design-object evidence for provisional main-anchor treatment.,8,Does this truly define a durable research packet anchor?,pending,
SURF-CRG2026R1619,CRG2026R1619,1961,1930_1970,1960-1964,Global / transnational,Modern typography and layout,Wikimedia Commons,Wikimedia Commons file source / Nude on the moon poster 01 Crisco Edit.jpg / page 18516055,Nude on the moon poster 01 Crisco Edit.jpg,IMG03,1129,2571,3700,Global / transnational|Modern typography and layout|Wikimedia Commons|1960-1964,56,1,0,0,62,80,35,100,90,20,0,0,0,62,weak_context:talk; commons_file_source,design; film poster; graphic; poster; visual communication,keep_main_anchor,medium,Enough source depth and design-object evidence for provisional main-anchor treatment.,20,Does this truly define a durable research packet anchor?,pending,
SURF-CAW2026R02141,CAW2026R02141,1943,1930_1970,1940-1944,Jordan,Modern typography and layout,Wikimedia Commons,Wikimedia Commons file source / Louis Jordan Billboard 3.jpg / page 42670394,Louis Jordan Billboard 3.jpg,IMG03,937,2521,3458,Jordan|Modern typography and layout|Wikimedia Commons|1940-1944,1,1,0,0,63,80,0,100,90,8,92,0,0,63,commons_file_source,advertisement; advertising; design; graphic; visual communication,keep_main_anchor,medium,Enough source depth and design-object evidence for provisional main-anchor treatment.,8,Does this truly define a durable research packet anchor?,pending,
SURF-CAW2026R02244,CAW2026R02244,1948,1930_1970,1945-1949,Latin America and the Caribbean,Modern typography and layout,Wikimedia Commons,Wikimedia Commons file source / John Greenwood - Sea Captains Carousing in Surinam - 256-1948 - Saint Louis Art Museum.jpg / page 84964744,John Greenwood - Sea Captains Carousing in Surinam - 256-1948 - Saint Louis Art Museum.jpg,IMG03,632,2651,3283,Latin America|Modern typography and layout|Wikimedia Commons|1945-1949,7,1,0,0,61,88,30,97,78,8,0,0,3,61,commons_file_source,design; graphic; packaging; visual communication,keep_main_anchor,medium,Enough source depth and design-object evidence for provisional main-anchor treatment.,11,Does this truly define a durable research packet anchor?,pending,
SURF-CCT2026R00340,CCT2026R00340,1936,1930_1970,1935-1939,Middle East and North Africa,Modern typography and layout,Wikimedia Commons,"Wikimedia Commons file source / ModernEgypt, Poster of Inshudat el radio, COV 320.jpg / page 6524900","ModernEgypt, Poster of Inshudat el radio, COV 320.jpg",IMG03,605,2654,3259,Egypt|Modern typography and layout|Wikimedia Commons|1935-1939,8,1,0,0,61,70,35,95,90,8,0,0,5,61,commons_file_source,design; film poster; graphic; poster; visual communication,keep_main_anchor,medium,Enough source depth and design-object evidence for provisional main-anchor treatment.,13,Does this truly define a durable research packet anchor?,pending,
SURF-MX1970R025,MX1970R025,1936,1930_1970,1935-1939,North America,Modern typography and layout,Internet Archive,Internet Archive / text and periodical collections,Graphic design; a library of old and new masters in the graphic arts,IMG02,685,2308,2993,United States|Modern typography and layout|Internet Archive|1935-1939,2,1,0,0,60,93,5,100,79,12,31,0,0,60,source_register:bibliography,advertising; commercial art; design; graphic; poster; typography,keep_main_anchor,medium,Enough source depth and design-object evidence for provisional main-anchor treatment.,12,Does this truly define a durable research packet anchor?,pending,
SURF-CRG2026R1290,CRG2026R1290,1948,1930_1970,1945-1949,North America,World War and public-information graphics,Wikimedia Commons,Wikimedia Commons file source / American Airlines To Washington Night and Day by Edward McKnight Kauffer (1948).jpg / page 175817134,American Airlines To Washington Night and Day by Edward McKnight Kauffer (1948).jpg,IMG03,602,2706,3308,United States|World War and public-information graphics|Wikimedia Commons|1945-1949,2,1,1,0,60,70,17,95,95,8,31,0,5,60,commons_file_source,catalogue; design; graphic; poster; symbol; visual communication,keep_main_anchor,medium,Enough source depth and design-object evidence for provisional main-anchor treatment.,13,Does this truly define a durable research packet anchor?,pending,
SURF-GAPIT2026R015,GAPIT2026R015,1944,1930_1970,1940-1944,Oceania and Pacific,World War and public-information graphics,Te Papa,Te Papa Collections Online,"Poster, 'How about you?'",IMG02,900,2432,3332,Aotearoa New Zealand|World War and public-information graphics|Te Papa|1940-1944,12,1,0,0,62,95,35,100,62,0,0,0,0,62,,campaign; design; graphic; poster,keep_main_anchor,medium,Enough source depth and design-object evidence for provisional main-anchor treatment.,0,Does this truly define a durable research packet anchor?,pending,
SURF-CAW2026R02369,CAW2026R02369,1952,1930_1970,1950-1954,Oceania and Pacific,Corporate identity and design systems,Wikimedia Commons,Wikimedia Commons file source / Tracksuit jacket (AM 2017.66.19-6).jpg / page 83524048,Tracksuit jacket (AM 2017.66.19-6).jpg,IMG03,646,2558,3204,Aotearoa New Zealand|Corporate identity and design systems|Wikimedia Commons|1950-1954,6,1,0,0,62,74,25,98,95,8,0,0,2,62,commons_file_source,catalogue; design; graphic; logo; packaging; print; visual communication,keep_main_anchor,medium,Enough source depth and design-object evidence for provisional main-anchor treatment.,10,Does this truly define a durable research packet anchor?,pending,
SURF-CAW2026R01716,CAW2026R01716,1932,1930_1970,1930-1934,Serbia,Modern typography and layout,Wikimedia Commons,Wikimedia Commons file source / Reklama sa izložbe.jpg / page 98163871,Reklama sa izložbe.jpg,IMG03,1058,2519,3577,Serbia|Modern typography and layout|Wikimedia Commons|1930-1934,1,1,1,0,63,80,12,100,95,8,30,0,0,63,commons_file_source,advertisement; advertising; design; exhibition; graphic; visual communication,keep_main_anchor,medium,Enough source depth and design-object evidence for provisional main-anchor treatment.,8,Does this truly define a durable research packet anchor?,pending,
SURF-CAW2026R01774,CAW2026R01774,1935,1930_1970,1935-1939,Solomon Islands,Modern typography and layout,Wikimedia Commons,"Wikimedia Commons file source / Yiddish theater poster for ""Saints and Sinners"" at Jennie Goldstein's National Theatre (5414697398).jpg / page 41529347","Yiddish theater poster for ""Saints and Sinners"" at Jennie Goldstein's National Theatre (5414697398).jpg",IMG03,2059,2673,4732,Solomon Islands|Modern typography and layout|Wikimedia Commons|1935-1939,1,1,0,0,60,80,0,100,78,8,96,0,0,60,commons_file_source,design; graphic; poster; visual communication,keep_main_anchor,medium,Enough source depth and design-object evidence for provisional main-anchor treatment.,8,Does this truly define a durable research packet anchor?,pending,
SURF-CCT2026R03667,CCT2026R03667,1931,1930_1970,1930-1934,South Asia,Modern typography and layout,Wikimedia Commons,"Wikimedia Commons file source / Alam Ara poster, 1931.jpg / page 4498252","Alam Ara poster, 1931.jpg",IMG03,602,2642,3244,India|Modern typography and layout|Wikimedia Commons|1930-1934,15,1,0,0,61,70,35,95,90,8,14,0,5,61,commons_file_source,design; film poster; graphic; poster; visual communication,keep_main_anchor,medium,Enough source depth and design-object evidence for provisional main-anchor treatment.,13,Does this truly define a durable research packet anchor?,pending,
SURF-CAW2026R02402,CAW2026R02402,1953,1930_1970,1950-1954,Southeast Asia,Modern typography and layout,Wikimedia Commons,"Wikimedia Commons file source / Malaya Today (Photo Poster Set ""D"") - NARA - 5730015.jpg / page 22044812","Malaya Today (Photo Poster Set ""D"") - NARA - 5730015.jpg",IMG03,652,2416,3068,Malaysia|Modern typography and layout|Wikimedia Commons|1950-1954,50,1,0,0,60,75,35,99,78,8,0,0,1,60,commons_file_source,design; graphic; poster; visual communication,keep_main_anchor,medium,Enough source depth and design-object evidence for provisional main-anchor treatment.,9,Does this truly define a durable research packet anchor?,pending,
SURF-CAW2026R02144,CAW2026R02144,1943,1930_1970,1940-1944,Tunisia,World War and public-information graphics,Wikimedia Commons,Wikimedia Commons file source / We have just begun to fight!.jpg / page 108895771,We have just begun to fight!.jpg,IMG03,1040,2517,3557,Tunisia|World War and public-information graphics|Wikimedia Commons|1940-1944,2,1,1,0,66,80,17,100,90,8,87,0,0,66,commons_file_source,design; graphic; poster; print; visual communication,keep_main_anchor,medium,Enough source depth and design-object evidence for provisional main-anchor treatment.,8,Does this truly define a durable research packet anchor?,pending,
SURF-IR1970R071,IR1970R071,1969,1930_1970,1965-1969,Unresolved region,Midcentury modern graphic communication,Wellcome Collection,Wellcome Collection Catalogue API,General Birth Control information leaflets,IMG02,618,2223,2841,Unresolved region|Midcentury modern graphic communication|Wellcome Collection|1965-1969,3,1,1,0,61,86,22,96,62,0,70,0,4,61,,catalogue; design; graphic; publication,keep_main_anchor,medium,Enough source depth and design-object evidence for provisional main-anchor treatment.,4,Does this truly define a durable research packet anchor?,pending,
SURF-COM1970R064,COM1970R064,1940,1930_1970,1940-1944,Unresolved region,Midcentury modern graphic communication,Wikimedia Commons,Wikimedia Commons,Bermuda By Air or Sea.jpg,IMG03,713,2090,2803,Unresolved region|Midcentury modern graphic communication|Wikimedia Commons|1940-1944,3,1,1,0,60,80,22,100,68,8,70,0,0,60,commons_file_source,advertising; graphic; poster; print,keep_main_anchor,medium,Enough source depth and design-object evidence for provisional main-anchor treatment.,8,Does this truly define a durable research packet anchor?,pending,
SURF-CAW2026R01709,CAW2026R01709,1932,1930_1970,1930-1934,Western and Central Europe,Modern typography and layout,Wikimedia Commons,"Wikimedia Commons file source / The Ardennes ham, work by Afred Bastien, 1932, Prints Department of the Royal Library of Belgium (KBR), S.I 23717 (4).jpeg / page 181753829","The Ardennes ham, work by Afred Bastien, 1932, Prints Department of the Royal Library of Belgium (KBR), S.I 23717 (4).jpeg",IMG03,694,2668,3362,Belgium|Modern typography and layout|Wikimedia Commons|1930-1934,19,1,0,0,64,94,35,100,78,8,0,0,0,64,commons_file_source,design; graphic; packaging; visual communication,keep_main_anchor,medium,Enough source depth and design-object evidence for provisional main-anchor treatment.,8,Does this truly define a durable research packet anchor?,pending,
SURF-CAW2026R01753,CAW2026R01753,1934,1930_1970,1930-1934,Yemen,Modern typography and layout,Wikimedia Commons,Wikimedia Commons file source / Azhara Nora'ah.jpg / page 76632316,Azhara Nora'ah.jpg,IMG03,996,2483,3479,Yemen|Modern typography and layout|Wikimedia Commons|1930-1934,1,1,0,0,60,80,0,100,78,8,90,0,0,60,commons_file_source,design; graphic; poster; visual communication,keep_main_anchor,medium,Enough source depth and design-object evidence for provisional main-anchor treatment.,8,Does this truly define a durable research packet anchor?,pending,
SURF-CAW2026R02571,CAW2026R02571,1960,1930_1970,1960-1964,Zambia,World War and public-information graphics,Wikimedia Commons,Wikimedia Commons file source / ASquadron Selous Scouts.PNG / page 32574676,ASquadron Selous Scouts.PNG,IMG03,1058,2550,3608,Zambia|World War and public-information graphics|Wikimedia Commons|1960-1964,1,1,1,0,66,80,12,100,90,8,97,0,0,66,commons_file_source,advertisement; advertising; design; graphic; visual communication,keep_main_anchor,medium,Enough source depth and design-object evidence for provisional main-anchor treatment.,8,Does this truly define a durable research packet anchor?,pending,
SURF-CAW2026R03418,CAW2026R03418,2000,1970_2000,2000-2004,Africa,Modern typography and layout,Wikimedia Commons,Wikimedia Commons file source / Early X-ray figure panel - Google Art Project.jpg / page 21881392,Early X-ray figure panel - Google Art Project.jpg,IMG03,1013,2517,3530,Ghana|Modern typography and layout|Wikimedia Commons|2000-2004,4,1,0,0,61,80,15,100,78,8,36,20,0,61,commons_file_source,design; graphic; packaging; visual communication,keep_main_anchor,medium,Enough source depth and design-object evidence for provisional main-anchor treatment.,8,Does this truly define a durable research packet anchor?,pending,
SURF-CAW2026R02897,CAW2026R02897,1975,1970_2000,1975-1979,Angola,Modern typography and layout,Wikimedia Commons,Wikimedia Commons file source / Looked like everybody in Africa was in there waitin' for us! LCCN2015649159.jpg / page 66131893,Looked like everybody in Africa was in there waitin' for us! LCCN2015649159.jpg,IMG03,1168,2614,3782,Angola|Modern typography and layout|Wikimedia Commons|1975-1979,3,1,0,0,65,80,10,100,90,8,82,20,0,65,commons_file_source,design; graphic; poster; print; visual communication,keep_main_anchor,medium,Enough source depth and design-object evidence for provisional main-anchor treatment.,8,Does this truly define a durable research packet anchor?,pending,
SURF-CAW2026R03017,CAW2026R03017,1981,1970_2000,1980-1984,Benin,Modern typography and layout,Wikimedia Commons,"Wikimedia Commons file source / ASC Leiden - F. van der Kraaij Collection - 09 - 072 - Un groupe enroule un filet de pêche sur la plage de sable - Lomé, Togo - 1981.tif / page 116755834","ASC Leiden - F. van der Kraaij Collection - 09 - 072 - Un groupe enroule un filet de pêche sur la plage de sable - Lomé, Togo - 1981.tif",IMG03,655,2750,3405,Benin|Modern typography and layout|Wikimedia Commons|1980-1984,1,1,1,0,69,90,12,99,90,8,96,20,1,69,commons_file_source,advertisement; advertising; design; graphic; visual communication,keep_main_anchor,medium,Enough source depth and design-object evidence for provisional main-anchor treatment.,9,Does this truly define a durable research packet anchor?,pending,
SURF-CAW2026R03417,CAW2026R03417,2000,1970_2000,2000-2004,Democratic Republic of the Congo,Corporate identity and design systems,Wikimedia Commons,Wikimedia Commons file source / Book of Mormon - Igbo.jpg / page 90929930,Book of Mormon - Igbo.jpg,IMG03,811,2538,3349,Democratic Republic of the Congo|Corporate identity and design systems|Wikimedia Commons|2000-2004,1,1,0,0,60,80,0,100,78,8,69,20,0,60,commons_file_source,book cover; design; graphic; visual communication,keep_main_anchor,medium,Enough source depth and design-object evidence for provisional main-anchor treatment.,8,Does this truly define a durable research packet anchor?,pending,
SURF-CCE2026R00839,CCE2026R00839,1988,1970_2000,1985-1989,East Asia,Modern typography and layout,Wikimedia Commons,Wikimedia Commons file source / CheongWaDae 청와대 19 (51989858466).jpg / page 118496229,CheongWaDae 청와대 19 (51989858466).jpg,IMG03,961,2545,3506,Korean Peninsula|Modern typography and layout|Wikimedia Commons|1985-1989,4,1,0,0,64,80,15,100,90,8,48,20,0,64,commons_file_source,advertisement; design; graphic; publication; visual communication,keep_main_anchor,medium,Enough source depth and design-object evidence for provisional main-anchor treatment.,8,Does this truly define a durable research packet anchor?,pending,
SURF-CCE2026R00829,CCE2026R00829,1977,1970_2000,1975-1979,"Eastern Europe, Balkans, and Central/Eastern socialist contexts",Modern typography and layout,Wikimedia Commons,"Wikimedia Commons file source / Buzduganul cu trei peceți promo montage, 1977.png / page 123524906","Buzduganul cu trei peceți promo montage, 1977.png",IMG03,1087,2561,3648,Romania|Modern typography and layout|Wikimedia Commons|1975-1979,6,1,0,0,64,80,25,100,95,8,0,20,0,64,commons_file_source,advertisement; advertising; design; graphic; print; visual communication,keep_main_anchor,medium,Enough source depth and design-object evidence for provisional main-anchor treatment.,8,Does this truly define a durable research packet anchor?,pending,
SURF-CAW2026R03345,CAW2026R03345,1996,1970_2000,1995-1999,Fiji,Modern typography and layout,Wikimedia Commons,Wikimedia Commons file source / The Venetian (5779341737).jpg / page 24269169,The Venetian (5779341737).jpg,IMG03,1127,2553,3680,Fiji|Modern typography and layout|Wikimedia Commons|1995-1999,1,1,0,0,64,80,0,100,90,8,98,20,0,64,commons_file_source,advertisement; advertising; design; graphic; visual communication,keep_main_anchor,medium,Enough source depth and design-object evidence for provisional main-anchor treatment.,8,Does this truly define a durable research packet anchor?,pending,
SURF-CRG2026R2201,CRG2026R2201,1972,1970_2000,1970-1974,Global / transnational,Modern typography and layout,Wikimedia Commons,Wikimedia Commons file source / Deep throat PD poster (restored).png / page 17756602,Deep throat PD poster (restored).png,IMG03,945,2537,3482,Global / transnational|Modern typography and layout|Wikimedia Commons|1970-1974,673,1,0,0,63,80,35,100,90,20,0,20,0,63,weak_context:talk; commons_file_source,design; film poster; graphic; poster; visual communication,keep_main_anchor,medium,Enough source depth and design-object evidence for provisional main-anchor treatment.,20,Does this truly define a durable research packet anchor?,pending,
SURF-CGS2026R1215,CGS2026R1215,1976,1970_2000,1975-1979,Latin America and the Caribbean,Modern typography and layout,Wikimedia Commons,"Wikimedia Commons file source / A Wrinkle in Time cover – Laurel-Leaf Library, Dell Publishing Co., 1976 ed.jpg / page 136793662","A Wrinkle in Time cover – Laurel-Leaf Library, Dell Publishing Co., 1976 ed.jpg",IMG03,686,2626,3312,Mexico|Modern typography and layout|Wikimedia Commons|1975-1979,9,1,0,0,65,93,35,100,78,8,0,20,0,65,commons_file_source,book cover; design; graphic; visual communication,keep_main_anchor,medium,Enough source depth and design-object evidence for provisional main-anchor treatment.,8,Does this truly define a durable research packet anchor?,pending,
SURF-CAW2026R03266,CAW2026R03266,1993,1970_2000,1990-1994,Mali,Modern typography and layout,Wikimedia Commons,"Wikimedia Commons file source / ASC Leiden - van Achterberg Collection - 03 - 02 - Une rue avec des piétons et des voitures garées à la cathédrale - Bamako, Mali - novembre-décembre 1993.tif / page 85902830","ASC Leiden - van Achterberg Collection - 03 - 02 - Une rue avec des piétons et des voitures garées à la cathédrale - Bamako, Mali - novembre-décembre 1993.tif",IMG03,734,2817,3551,Mali|Modern typography and layout|Wikimedia Commons|1990-1994,1,1,0,0,68,95,0,100,90,8,98,20,0,68,commons_file_source,advertisement; advertising; design; graphic; visual communication,keep_main_anchor,medium,Enough source depth and design-object evidence for provisional main-anchor treatment.,8,Does this truly define a durable research packet anchor?,pending,
SURF-CCT2026R02749,CCT2026R02749,1976,1970_2000,1975-1979,Middle East and North Africa,Modern typography and layout,Wikimedia Commons,Wikimedia Commons file source / سینه چاک.jpg / page 130887466,سینه چاک.jpg,IMG03,635,2606,3241,Iran|Modern typography and layout|Wikimedia Commons|1975-1979,98,1,0,0,64,73,35,97,95,8,0,20,3,64,commons_file_source,campaign; design; film poster; graphic; poster; visual communication,keep_main_anchor,medium,Enough source depth and design-object evidence for provisional main-anchor treatment.,11,Does this truly define a durable research packet anchor?,pending,
SURF-CRG2026R2323,CRG2026R2323,1973,1970_2000,1970-1974,North America,Modern typography and layout,Wikimedia Commons,Wikimedia Commons file source / AVIATION WEEK MAGAZINE COVER - MAY 28 1979 - NARA - 17473066.jpg / page 80119432,AVIATION WEEK MAGAZINE COVER - MAY 28 1979 - NARA - 17473066.jpg,IMG03,900,2658,3558,United States|Modern typography and layout|Wikimedia Commons|1970-1974,25,1,0,0,62,80,35,100,78,20,31,20,0,62,source_register:finding aid; commons_file_source,design; graphic; magazine; visual communication,keep_main_anchor,medium,Enough source depth and design-object evidence for provisional main-anchor treatment.,20,Does this truly define a durable research packet anchor?,pending,
SURF-GAPIT2026R036,GAPIT2026R036,1985,1970_2000,1985-1989,Oceania and Pacific,World War and public-information graphics,Te Papa,Te Papa Collections Online,"Poster, 'Herbs Aotearoa Dread Beat & Blood'",IMG02,709,2475,3184,Aotearoa New Zealand|World War and public-information graphics|Te Papa|1985-1989,3,1,1,0,61,95,22,100,62,0,0,20,0,61,,design; graphic; identity; poster,keep_main_anchor,medium,Enough source depth and design-object evidence for provisional main-anchor treatment.,0,Does this truly define a durable research packet anchor?,pending,
SURF-CCE2026R00838,CCE2026R00838,1985,1970_2000,1985-1989,Oceania and Pacific,Modern typography and layout,Wikimedia Commons,Wikimedia Commons file source / Matilda Magazine Bob Hawke Wine Cask Ad 1985.jpg / page 172975927,Matilda Magazine Bob Hawke Wine Cask Ad 1985.jpg,IMG03,627,2535,3162,Australia / Indigenous|Modern typography and layout|Wikimedia Commons|1985-1989,1,1,1,0,60,72,12,97,95,8,0,20,3,60,commons_file_source,advertisement; design; graphic; magazine; publication; visual communication,keep_main_anchor,medium,Enough source depth and design-object evidence for provisional main-anchor treatment.,11,Does this truly define a durable research packet anchor?,pending,
SURF-CRG2026R2784,CRG2026R2784,1975,1970_2000,1975-1979,South Asia,Modern typography and layout,Wikimedia Commons,Wikimedia Commons file source / Laws of special interest to Indiana women - DPLA - 32731bbec8d7f5d31efd64f289693c10 (page 13).jpg / page 120722534,Laws of special interest to Indiana women - DPLA - 32731bbec8d7f5d31efd64f289693c10 (page 13).jpg,IMG03,720,2750,3470,India|Modern typography and layout|Wikimedia Commons|1975-1979,38,1,0,0,60,80,35,100,66,8,14,20,0,60,commons_file_source,design; graphic; visual communication,keep_main_anchor,medium,Enough source depth and design-object evidence for provisional main-anchor treatment.,8,Does this truly define a durable research packet anchor?,pending,
SURF-CRB2026V2R0697,CRB2026V2R0697,1998,1970_2000,1995-1999,Southeast Asia,Modern typography and layout,Wikimedia Commons,Wikimedia Commons file source / Sts131 crewposter.jpg / page 13250218,Sts131 crewposter.jpg,IMG03,1196,2601,3797,Indonesia|Modern typography and layout|Wikimedia Commons|1995-1999,98,1,0,0,65,80,35,100,90,8,0,20,0,65,commons_file_source,design; film poster; graphic; poster; visual communication,keep_main_anchor,medium,Enough source depth and design-object evidence for provisional main-anchor treatment.,8,Does this truly define a durable research packet anchor?,pending,
SURF-CCT2026R03196,CCT2026R03196,2000,1970_2000,2000-2004,Syria,Modern typography and layout,Wikimedia Commons,Wikimedia Commons file source / The Last Cavalier Poster.jpg / page 8963996,The Last Cavalier Poster.jpg,IMG03,621,2762,3383,Syria|Modern typography and layout|Wikimedia Commons|2000-2004,9,1,0,0,67,72,35,96,90,8,84,20,4,67,commons_file_source,design; film poster; graphic; poster; visual communication,keep_main_anchor,medium,Enough source depth and design-object evidence for provisional main-anchor treatment.,12,Does this truly define a durable research packet anchor?,pending,
SURF-CAW2026R02940,CAW2026R02940,1977,1970_2000,1975-1979,Western and Central Europe,Modern typography and layout,Wikimedia Commons,"Wikimedia Commons file source / Henry Swinburne - One of Four Sketches, of Ceilings, in the Vatican Gallery - B1977.14.4014 - Yale Center for British Art.jpg / page 113162455","Henry Swinburne - One of Four Sketches, of Ceilings, in the Vatican Gallery - B1977.14.4014 - Yale Center for British Art.jpg",IMG03,643,2726,3369,United Kingdom|Modern typography and layout|Wikimedia Commons|1975-1979,16,1,0,0,60,74,35,98,78,8,0,20,2,60,commons_file_source,design; graphic; packaging; visual communication,keep_main_anchor,medium,Enough source depth and design-object evidence for provisional main-anchor treatment.,10,Does this truly define a durable research packet anchor?,pending,
SURF-NMR1990R0011,NMR1990R0011,2024,2000_2026,2020-2024,Africa,Travel and transport poster culture,African Digital Heritage,African Digital Heritage,"Soundscapes: Archives as extensions, inscriptions, and reinventions of ourselves",IMG02,1255,2751,4006,Africa|Travel and transport poster culture|African Digital Heritage|2020-2024,1,1,1,0,61,80,12,100,74,0,36,37,0,61,,design; graphic; poster; print; typography,keep_main_anchor,medium,Enough source depth and design-object evidence for provisional main-anchor treatment.,0,Does this truly define a durable research packet anchor?,pending,
SURF-NMR1990R0016,NMR1990R0016,2025,2000_2026,2025-2029,Africa,Modern typography and layout,GALA Queer Archive,GALA Queer Archive,Open Call: 2025 GALA Internship,IMG02,1178,2605,3783,South Africa|Modern typography and layout|GALA Queer Archive|2025-2029,1,1,0,0,63,95,0,100,74,0,36,37,0,63,,design; graphic; poster; print; typography,keep_main_anchor,medium,Enough source depth and design-object evidence for provisional main-anchor treatment.,0,Does this truly define a durable research packet anchor?,pending,
SURF-CAW2026R04079,CAW2026R04079,2016,2000_2026,2015-2019,Africa,Modern typography and layout,Wikimedia Commons,Wikimedia Commons file source / K Culture in Kenya 13 (27517602685).jpg / page 109100062,K Culture in Kenya 13 (27517602685).jpg,IMG03,890,2543,3433,Kenya|Modern typography and layout|Wikimedia Commons|2015-2019,21,1,1,0,71,80,47,100,95,8,36,37,0,71,commons_file_source,advertisement; advertising; design; graphic; publication; visual communication,keep_main_anchor,medium,Enough source depth and design-object evidence for provisional main-anchor treatment.,23,Does this truly define a durable research packet anchor?,pending,
SURF-CAW2026R03704,CAW2026R03704,2010,2000_2026,2010-2014,Albania,Modern typography and layout,Wikimedia Commons,Wikimedia Commons file source / Out-of-albania-book-cover.jpg / page 20918024,Out-of-albania-book-cover.jpg,IMG03,832,2416,3248,Albania|Modern typography and layout|Wikimedia Commons|2010-2014,1,1,0,0,62,80,0,100,78,8,87,37,0,62,commons_file_source,book cover; design; graphic; visual communication,keep_main_anchor,medium,Enough source depth and design-object evidence for provisional main-anchor treatment.,8,Does this truly define a durable research packet anchor?,pending,
SURF-CAW2026R03731,CAW2026R03731,2011,2000_2026,2010-2014,Angola,Modern typography and layout,Wikimedia Commons,Wikimedia Commons file source / Brooklyn Museum 2011.74 Crucifix Nkangi Kiditu (2).jpg / page 22479608,Brooklyn Museum 2011.74 Crucifix Nkangi Kiditu (2).jpg,IMG03,1812,2623,4435,Angola|Modern typography and layout|Wikimedia Commons|2010-2014,2,1,1,0,68,95,17,100,78,8,82,37,0,68,commons_file_source,design; graphic; packaging; visual communication,keep_main_anchor,medium,Enough source depth and design-object evidence for provisional main-anchor treatment.,8,Does this truly define a durable research packet anchor?,pending,
SURF-CAW2026R03768,CAW2026R03768,2011,2000_2026,2010-2014,Bahrain,Modern typography and layout,Wikimedia Commons,Wikimedia Commons file source / Arab girl holding anti-govt poster.jpg / page 17492580,Arab girl holding anti-govt poster.jpg,IMG03,724,2583,3307,Bahrain|Modern typography and layout|Wikimedia Commons|2010-2014,4,1,0,0,65,80,15,100,78,8,97,37,0,65,commons_file_source,design; graphic; poster; visual communication,keep_main_anchor,medium,Enough source depth and design-object evidence for provisional main-anchor treatment.,8,Does this truly define a durable research packet anchor?,pending,
SURF-CAW2026R03661,CAW2026R03661,2009,2000_2026,2005-2009,Bosnia and Herzegovina,Modern typography and layout,Wikimedia Commons,"Wikimedia Commons file source / Konzum ""Croation word for Supermarket"" (3802582748).jpg / page 24571024","Konzum ""Croation word for Supermarket"" (3802582748).jpg",IMG03,824,2679,3503,Bosnia and Herzegovina|Modern typography and layout|Wikimedia Commons|2005-2009,2,1,0,0,66,80,5,100,95,8,74,37,0,66,commons_file_source,advertisement; advertising; campaign; design; graphic; visual communication,keep_main_anchor,medium,Enough source depth and design-object evidence for provisional main-anchor treatment.,8,Does this truly define a durable research packet anchor?,pending,
SURF-CAW2026R03556,CAW2026R03556,2007,2000_2026,2005-2009,Cameroon,Modern typography and layout,Wikimedia Commons,Wikimedia Commons file source / Psalidomyrmex procerus casent0004984 label 1.jpg / page 8155829,Psalidomyrmex procerus casent0004984 label 1.jpg,IMG03,714,2597,3311,Cameroon|Modern typography and layout|Wikimedia Commons|2005-2009,2,1,1,0,62,80,17,100,78,28,97,37,0,62,non_design_drift:specimen; commons_file_source,design; graphic; packaging; visual communication,keep_main_anchor,medium,Enough source depth and design-object evidence for provisional main-anchor treatment.,28,Does this truly define a durable research packet anchor?,pending,
SURF-CAW2026R03647,CAW2026R03647,2009,2000_2026,2005-2009,Cape Verde,Modern typography and layout,Wikimedia Commons,Wikimedia Commons file source / Bouteilles de Chã branco.jpg / page 17140406,Bouteilles de Chã branco.jpg,IMG03,630,2556,3186,Cape Verde|Modern typography and layout|Wikimedia Commons|2005-2009,1,1,0,0,60,73,0,97,78,8,95,37,3,60,commons_file_source,design; graphic; packaging; visual communication,keep_main_anchor,medium,Enough source depth and design-object evidence for provisional main-anchor treatment.,11,Does this truly define a durable research packet anchor?,pending,
SURF-CCT2026R01515,CCT2026R01515,2007,2000_2026,2005-2009,Croatia,Modern typography and layout,Wikimedia Commons,Wikimedia Commons file source / Vrbovec1740.jpg / page 3696015,Vrbovec1740.jpg,IMG03,913,2690,3603,Croatia|Modern typography and layout|Wikimedia Commons|2005-2009,2,1,0,0,63,80,5,100,78,8,84,37,0,63,commons_file_source,design; graphic; poster; visual communication,keep_main_anchor,medium,Enough source depth and design-object evidence for provisional main-anchor treatment.,8,Does this truly define a durable research packet anchor?,pending,
SURF-CAW2026R04344,CAW2026R04344,2019,2000_2026,2015-2019,Democratic Republic of the Congo,Modern typography and layout,Wikimedia Commons,Wikimedia Commons file source / Africell - Black Santa - DRC (49268350383).jpg / page 86062287,Africell - Black Santa - DRC (49268350383).jpg,IMG03,812,2655,3467,Democratic Republic of the Congo|Modern typography and layout|Wikimedia Commons|2015-2019,1,1,0,0,64,80,0,100,90,8,69,37,0,64,commons_file_source,advertisement; advertising; design; graphic; visual communication,keep_main_anchor,medium,Enough source depth and design-object evidence for provisional main-anchor treatment.,8,Does this truly define a durable research packet anchor?,pending,
SURF-CAW2026R03542,CAW2026R03542,2006,2000_2026,2005-2009,East Asia,Modern typography and layout,Wikimedia Commons,"Wikimedia Commons file source / Siemens, Water Heater Gymnast - Advertising Postcard (4681384825).jpg / page 126416481","Siemens, Water Heater Gymnast - Advertising Postcard (4681384825).jpg",IMG03,549,2609,3158,China / Hong Kong|Modern typography and layout|Wikimedia Commons|2005-2009,12,1,0,0,61,54,35,90,90,8,48,37,10,61,commons_file_source,advertisement; advertising; design; graphic; visual communication,keep_main_anchor,medium,Enough source depth and design-object evidence for provisional main-anchor treatment.,18,Does this truly define a durable research packet anchor?,pending,
SURF-CCT2026R01836,CCT2026R01836,2019,2000_2026,2015-2019,"Eastern Europe, Balkans, and Central/Eastern socialist contexts",Modern typography and layout,Wikimedia Commons,Wikimedia Commons file source / Pulse Poster.jpg / page 77963721,Pulse Poster.jpg,IMG03,616,2507,3123,Ukraine|Modern typography and layout|Wikimedia Commons|2015-2019,8,1,0,0,63,71,35,96,90,8,0,37,4,63,commons_file_source,design; film poster; graphic; poster; visual communication,keep_main_anchor,medium,Enough source depth and design-object evidence for provisional main-anchor treatment.,12,Does this truly define a durable research packet anchor?,pending,
SURF-LPC2026R052,LPC2026R052,2012,2000_2026,2010-2014,Global / transnational,Midcentury modern graphic communication,Internet Archive,Internet Archive / text and periodical collections,Maximum Rocknroll 166 (1997 Mar),IMG02,609,2676,3285,Global / transnational|Midcentury modern graphic communication|Internet Archive|2010-2014,5,1,1,0,60,85,32,95,62,0,0,37,5,60,,design; poster; print; zine,keep_main_anchor,medium,Enough source depth and design-object evidence for provisional main-anchor treatment.,5,Does this truly define a durable research packet anchor?,pending,
SURF-CRG2026R3919,CRG2026R3919,2014,2000_2026,2010-2014,Global / transnational,Modern typography and layout,Wikimedia Commons,"Wikimedia Commons file source / Kate Millet, Flying book cover.jpg / page 36003442","Kate Millet, Flying book cover.jpg",IMG03,658,2516,3174,Global / transnational|Modern typography and layout|Wikimedia Commons|2010-2014,6,1,0,0,60,75,25,99,78,8,0,37,1,60,commons_file_source,book cover; design; graphic; visual communication,keep_main_anchor,medium,Enough source depth and design-object evidence for provisional main-anchor treatment.,9,Does this truly define a durable research packet anchor?,pending,
SURF-CAW2026R03487,CAW2026R03487,2003,2000_2026,2000-2004,Jordan,Modern typography and layout,Wikimedia Commons,Wikimedia Commons file source / Ms. magazine Cover - Fall 2003(1).jpg / page 47476134,Ms. magazine Cover - Fall 2003(1).jpg,IMG03,1102,2579,3681,Jordan|Modern typography and layout|Wikimedia Commons|2000-2004,2,1,0,0,63,80,5,100,78,8,92,37,0,63,commons_file_source,design; graphic; magazine; visual communication,keep_main_anchor,medium,Enough source depth and design-object evidence for provisional main-anchor treatment.,8,Does this truly define a durable research packet anchor?,pending,
SURF-CAW2026R03584,CAW2026R03584,2007,2000_2026,2005-2009,Latin America and the Caribbean,Modern typography and layout,Wikimedia Commons,Wikimedia Commons file source / Tetramorium bicarinatum casent0173283 label 1.jpg / page 8151285,Tetramorium bicarinatum casent0173283 label 1.jpg,IMG03,702,2459,3161,Latin America|Modern typography and layout|Wikimedia Commons|2005-2009,30,1,0,0,60,80,35,100,78,28,0,37,0,60,non_design_drift:specimen; commons_file_source,design; graphic; packaging; visual communication,keep_main_anchor,medium,Enough source depth and design-object evidence for provisional main-anchor treatment.,28,Does this truly define a durable research packet anchor?,pending,
SURF-CAW2026R03512,CAW2026R03512,2005,2000_2026,2005-2009,Madagascar,Modern typography and layout,Wikimedia Commons,Wikimedia Commons file source / Tetramorium kelleri casent0467063 label 1.jpg / page 8146722,Tetramorium kelleri casent0467063 label 1.jpg,IMG03,662,2594,3256,Madagascar|Modern typography and layout|Wikimedia Commons|2005-2009,13,1,0,0,64,76,35,100,78,28,91,37,0,64,non_design_drift:specimen; commons_file_source,design; graphic; packaging; visual communication,keep_main_anchor,medium,Enough source depth and design-object evidence for provisional main-anchor treatment.,28,Does this truly define a durable research packet anchor?,pending,
SURF-CAW2026R03908,CAW2026R03908,2014,2000_2026,2010-2014,Mali,Modern typography and layout,Wikimedia Commons,Wikimedia Commons file source / Livre de calcul en bambara au Mali (12769292193).jpg / page 32404016,Livre de calcul en bambara au Mali (12769292193).jpg,IMG03,638,2403,3041,Mali|Modern typography and layout|Wikimedia Commons|2010-2014,1,1,0,0,63,73,0,98,90,8,98,37,2,63,commons_file_source,advertisement; advertising; design; graphic; visual communication,keep_main_anchor,medium,Enough source depth and design-object evidence for provisional main-anchor treatment.,10,Does this truly define a durable research packet anchor?,pending,
SURF-CAW2026R03533,CAW2026R03533,2006,2000_2026,2005-2009,Mauritius,Modern typography and layout,Wikimedia Commons,Wikimedia Commons file source / Brachymyrmex cordemoyi casent0059598 label 1.jpg / page 8171314,Brachymyrmex cordemoyi casent0059598 label 1.jpg,IMG03,733,2597,3330,Mauritius|Modern typography and layout|Wikimedia Commons|2005-2009,7,1,0,0,65,80,30,100,78,28,96,37,0,65,non_design_drift:specimen; commons_file_source,design; graphic; packaging; visual communication,keep_main_anchor,medium,Enough source depth and design-object evidence for provisional main-anchor treatment.,28,Does this truly define a durable research packet anchor?,pending,
SURF-NMR1990R0009,NMR1990R0009,2024,2000_2026,2020-2024,Middle East and North Africa,Postwar exhibition and cultural posters,Barjeel Art Foundation,Barjeel Art Foundation,On This Land,IMG02,1167,2650,3817,Middle East and North Africa|Postwar exhibition and cultural posters|Barjeel Art Foundation|2020-2024,2,1,1,0,61,80,17,100,79,0,0,37,0,61,,design; exhibition; graphic; poster; print; typography,keep_main_anchor,medium,Enough source depth and design-object evidence for provisional main-anchor treatment.,0,Does this truly define a durable research packet anchor?,pending,
SURF-CRG2026R3909,CRG2026R3909,2014,2000_2026,2010-2014,Middle East and North Africa,World War and public-information graphics,Wikimedia Commons,Wikimedia Commons file source / German to Arabs WW II front.jpg / page 33507422,German to Arabs WW II front.jpg,IMG03,1221,2618,3839,Egypt|World War and public-information graphics|Wikimedia Commons|2010-2014,2,1,0,0,60,80,5,100,90,8,0,37,0,60,commons_file_source,campaign; design; graphic; print; visual communication,keep_main_anchor,medium,Enough source depth and design-object evidence for provisional main-anchor treatment.,8,Does this truly define a durable research packet anchor?,pending,
SURF-EW1970R029,EW1970R029,2026,2000_2026,2025-2029,North America,World War and public-information graphics,Letterform Archive,Letterform Archive,संग्रह से : हिन्दी में लेटरफॉर्म आर्काइव का परिचय,IMG02,1170,2840,4010,United States|World War and public-information graphics|Letterform Archive|2025-2029,2,1,0,0,60,95,5,100,62,0,31,37,0,60,,design; graphic; letterform; typography,keep_main_anchor,medium,Enough source depth and design-object evidence for provisional main-anchor treatment.,0,Does this truly define a durable research packet anchor?,pending,
SURF-LPC2026R078,LPC2026R078,2018,2000_2026,2015-2019,North America,World War and public-information graphics,Wikimedia Commons,Wikimedia Commons,"A middle-aged woman in glasses with her arms crossed, a Wellcome L0052365.jpg",IMG03,1051,2713,3764,United States|World War and public-information graphics|Wikimedia Commons|2015-2019,3,1,1,0,63,80,22,100,80,8,31,37,0,63,commons_file_source,advertising; campaign; graphic; poster; print,keep_main_anchor,medium,Enough source depth and design-object evidence for provisional main-anchor treatment.,8,Does this truly define a durable research packet anchor?,pending,
SURF-DNZPOSTR077,DNZPOSTR077,2011,2000_2026,2010-2014,Oceania and Pacific,Postwar exhibition and cultural posters,DigitalNZ,DigitalNZ,Gardensity poster,IMG02,705,2105,2810,Aotearoa New Zealand|Postwar exhibition and cultural posters|DigitalNZ|2010-2014,4,1,0,0,60,95,15,100,62,0,0,37,0,60,,design; exhibition; graphic; poster,keep_main_anchor,medium,Enough source depth and design-object evidence for provisional main-anchor treatment.,0,Does this truly define a durable research packet anchor?,pending,
SURF-CAW2026R04252,CAW2026R04252,2017,2000_2026,2015-2019,Oceania and Pacific,Modern typography and layout,Wikimedia Commons,Wikimedia Commons file source / May 2017 issue NZ North & South magazine cover John Hart (cropped).jpg / page 128665829,May 2017 issue NZ North & South magazine cover John Hart (cropped).jpg,IMG03,608,2613,3221,Aotearoa New Zealand|Modern typography and layout|Wikimedia Commons|2015-2019,7,1,1,0,61,70,42,95,78,8,0,37,5,61,commons_file_source,design; graphic; magazine; visual communication,keep_main_anchor,medium,Enough source depth and design-object evidence for provisional main-anchor treatment.,13,Does this truly define a durable research packet anchor?,pending,
SURF-CAW2026R04158,CAW2026R04158,2016,2000_2026,2015-2019,Oman,Modern typography and layout,Wikimedia Commons,Wikimedia Commons file source / Oman University Student 08 (28773655505).jpg / page 109109893,Oman University Student 08 (28773655505).jpg,IMG03,860,2618,3478,Oman|Modern typography and layout|Wikimedia Commons|2015-2019,2,1,0,0,71,95,5,100,95,8,98,37,0,71,commons_file_source,advertisement; advertising; design; graphic; publication; visual communication,keep_main_anchor,medium,Enough source depth and design-object evidence for provisional main-anchor treatment.,8,Does this truly define a durable research packet anchor?,pending,
SURF-CAW2026R04604,CAW2026R04604,2021,2000_2026,2020-2024,Papua New Guinea,Modern typography and layout,Wikimedia Commons,Wikimedia Commons file source / Xenorhina pohleorum (10.3897-zse.97.59696) Figure 9.jpg / page 110169320,Xenorhina pohleorum (10.3897-zse.97.59696) Figure 9.jpg,IMG03,572,2654,3226,Papua New Guinea|Modern typography and layout|Wikimedia Commons|2020-2024,3,1,0,0,60,57,10,92,90,8,89,37,8,60,commons_file_source,advertisement; advertising; design; graphic; visual communication,keep_main_anchor,medium,Enough source depth and design-object evidence for provisional main-anchor treatment.,16,Does this truly define a durable research packet anchor?,pending,
SURF-CCT2026R01771,CCT2026R01771,2022,2000_2026,2020-2024,Serbia,Modern typography and layout,Wikimedia Commons,Wikimedia Commons file source / Have You Seen This Woman? official poster.jpg / page 122369180,Have You Seen This Woman? official poster.jpg,IMG03,615,2821,3436,Serbia|Modern typography and layout|Wikimedia Commons|2020-2024,46,1,0,0,65,71,35,96,90,8,30,37,4,65,commons_file_source,design; film poster; graphic; poster; visual communication,keep_main_anchor,medium,Enough source depth and design-object evidence for provisional main-anchor treatment.,12,Does this truly define a durable research packet anchor?,pending,
SURF-CAW2026R03552,CAW2026R03552,2006,2000_2026,2005-2009,Solomon Islands,Modern typography and layout,Wikimedia Commons,Wikimedia Commons file source / Pumpkin Poster-H735-1000.jpg / page 1414493,Pumpkin Poster-H735-1000.jpg,IMG03,678,2535,3213,Solomon Islands|Modern typography and layout|Wikimedia Commons|2005-2009,1,1,0,0,62,77,0,100,78,8,96,37,0,62,commons_file_source,design; graphic; poster; visual communication,keep_main_anchor,medium,Enough source depth and design-object evidence for provisional main-anchor treatment.,8,Does this truly define a durable research packet anchor?,pending,
SURF-NMR1990R0019,NMR1990R0019,2013,2000_2026,2010-2014,South Asia,World War and public-information graphics,Indian Memory Project,Indian Memory Project,Uncannily bonded to a famous grandfather I never knew,IMG02,1668,2604,4272,India|World War and public-information graphics|Indian Memory Project|2010-2014,2,1,1,0,61,80,17,100,74,0,14,37,0,61,,design; graphic; poster; print; typography,keep_main_anchor,medium,Enough source depth and design-object evidence for provisional main-anchor treatment.,0,Does this truly define a durable research packet anchor?,pending,
SURF-CAW2026R03976,CAW2026R03976,2014,2000_2026,2010-2014,South Asia,Modern typography and layout,Wikimedia Commons,Wikimedia Commons file source / Culture Minister Meeting 12 (15553115801).jpg / page 109137135,Culture Minister Meeting 12 (15553115801).jpg,IMG03,1161,2570,3731,Bangladesh|Modern typography and layout|Wikimedia Commons|2010-2014,1,1,1,0,62,80,12,100,90,8,14,37,0,62,commons_file_source,advertisement; advertising; design; graphic; visual communication,keep_main_anchor,medium,Enough source depth and design-object evidence for provisional main-anchor treatment.,8,Does this truly define a durable research packet anchor?,pending,
SURF-CRB2026V2R0781,CRB2026V2R0781,2016,2000_2026,2015-2019,Southeast Asia,Modern typography and layout,Wikimedia Commons,Wikimedia Commons file source / Typography (Unsplash).jpg / page 62150902,Typography (Unsplash).jpg,IMG03,653,2421,3074,Philippines|Modern typography and layout|Wikimedia Commons|2015-2019,6,1,0,0,60,75,25,99,78,8,0,37,1,60,commons_file_source,design; graphic; typography; visual communication,keep_main_anchor,medium,Enough source depth and design-object evidence for provisional main-anchor treatment.,9,Does this truly define a durable research packet anchor?,pending,
SURF-CAW2026R03450,CAW2026R03450,2001,2000_2026,2000-2004,Syria,Modern typography and layout,Wikimedia Commons,Wikimedia Commons file source / Ba'd al-simat al-bariza lil-tarbiya al-'arabiyya al-islamiyya (2001) Book cover.jpg / page 186657402,Ba'd al-simat al-bariza lil-tarbiya al-'arabiyya al-islamiyya (2001) Book cover.jpg,IMG03,702,2647,3349,Syria|Modern typography and layout|Wikimedia Commons|2000-2004,9,1,1,0,70,80,47,100,78,8,84,37,0,70,commons_file_source,book cover; design; graphic; visual communication,keep_main_anchor,medium,Enough source depth and design-object evidence for provisional main-anchor treatment.,23,Does this truly define a durable research packet anchor?,pending,
SURF-CAW2026R03597,CAW2026R03597,2007,2000_2026,2005-2009,Tonga,Modern typography and layout,Wikimedia Commons,Wikimedia Commons file source / Wall painting poster advertising corned beef - a national obsession - panoramio.jpg / page 52233548,Wall painting poster advertising corned beef - a national obsession - panoramio.jpg,IMG03,980,2658,3638,Tonga|Modern typography and layout|Wikimedia Commons|2005-2009,1,1,1,0,68,80,12,100,90,8,100,37,0,68,commons_file_source,advertising; design; graphic; poster; visual communication,keep_main_anchor,medium,Enough source depth and design-object evidence for provisional main-anchor treatment.,8,Does this truly define a durable research packet anchor?,pending,
SURF-CAW2026R03594,CAW2026R03594,2007,2000_2026,2005-2009,Tunisia,Modern typography and layout,Wikimedia Commons,Wikimedia Commons file source / Waiting for clients with mutton bulk as advertisement - panoramio.jpg / page 46550404,Waiting for clients with mutton bulk as advertisement - panoramio.jpg,IMG03,657,2675,3332,Tunisia|Modern typography and layout|Wikimedia Commons|2005-2009,4,1,0,0,66,75,15,99,90,8,87,37,1,66,commons_file_source,advertisement; advertising; design; graphic; visual communication,keep_main_anchor,medium,Enough source depth and design-object evidence for provisional main-anchor treatment.,9,Does this truly define a durable research packet anchor?,pending,
SURF-CAW2026R04110,CAW2026R04110,2016,2000_2026,2015-2019,Uganda,Modern typography and layout,Wikimedia Commons,Wikimedia Commons file source / K Culture in Uganda 17 - Flickr - KOREA.NET - Official page of the Republic of Korea.jpg / page 92859195,K Culture in Uganda 17 - Flickr - KOREA.NET - Official page of the Republic of Korea.jpg,IMG03,957,2689,3646,Uganda|Modern typography and layout|Wikimedia Commons|2015-2019,19,1,1,0,74,80,47,100,95,8,86,37,0,74,commons_file_source,advertisement; advertising; design; graphic; publication; visual communication,keep_main_anchor,medium,Enough source depth and design-object evidence for provisional main-anchor treatment.,23,Does this truly define a durable research packet anchor?,pending,
SURF-CAW2026R04049,CAW2026R04049,2015,2000_2026,2015-2019,United Arab Emirates,Travel and transport poster culture,Wikimedia Commons,Wikimedia Commons file source / Details of a dry dock for the coastal boats (27595323335).jpg / page 80162558,Details of a dry dock for the coastal boats (27595323335).jpg,IMG03,649,2656,3305,United Arab Emirates|Travel and transport poster culture|Wikimedia Commons|2015-2019,1,1,1,0,63,74,12,99,78,8,92,37,1,63,commons_file_source,design; graphic; poster; visual communication,keep_main_anchor,medium,Enough source depth and design-object evidence for provisional main-anchor treatment.,9,Does this truly define a durable research packet anchor?,pending,
SURF-CAW2026R03778,CAW2026R03778,2011,2000_2026,2010-2014,Yemen,Travel and transport poster culture,Wikimedia Commons,Wikimedia Commons file source / Posters - Flickr - Al Jazeera English.jpg / page 17458041,Posters - Flickr - Al Jazeera English.jpg,IMG03,939,2460,3399,Yemen|Travel and transport poster culture|Wikimedia Commons|2010-2014,1,1,1,0,64,80,12,100,78,8,90,37,0,64,commons_file_source,design; graphic; poster; visual communication,keep_main_anchor,medium,Enough source depth and design-object evidence for provisional main-anchor treatment.,8,Does this truly define a durable research packet anchor?,pending,
SURF-CAW2026R03695,CAW2026R03695,2010,2000_2026,2010-2014,Zimbabwe,Modern typography and layout,Wikimedia Commons,Wikimedia Commons file source / Chrysoberyl-40654.jpg / page 10130138,Chrysoberyl-40654.jpg,IMG03,1131,2559,3690,Zimbabwe|Modern typography and layout|Wikimedia Commons|2010-2014,1,1,0,0,62,80,0,100,78,8,97,37,0,62,commons_file_source,design; graphic; packaging; visual communication,keep_main_anchor,medium,Enough source depth and design-object evidence for provisional main-anchor treatment.,8,Does this truly define a durable research packet anchor?,pending,
SURF-CAW2026R01643,CAW2026R01643,1930,pre_1930,1930-1934,Africa,Modern typography and layout,Wikimedia Commons,Wikimedia Commons file source / Dioptase-232936.jpg / page 10164119,Dioptase-232936.jpg,IMG03,1158,2503,3661,Namibia|Modern typography and layout|Wikimedia Commons|1930-1934,2,1,1,0,60,80,17,100,90,28,36,0,0,60,non_design_drift:specimen; commons_file_source,catalogue; design; graphic; packaging; visual communication,keep_main_anchor,medium,Enough source depth and design-object evidence for provisional main-anchor treatment.,28,Does this truly define a durable research packet anchor?,pending,
SURF-CAW2026R01396,CAW2026R01396,1920,pre_1930,1920-1924,Angola,Travel and transport poster culture,Wikimedia Commons,Wikimedia Commons file source / Companhia Nacional de Navegação advertisement.jpg / page 30114657,Companhia Nacional de Navegação advertisement.jpg,IMG03,877,2402,3279,Angola|Travel and transport poster culture|Wikimedia Commons|1920-1924,1,1,0,0,63,80,0,100,90,8,82,0,0,63,commons_file_source,advertisement; advertising; design; graphic; visual communication,keep_main_anchor,medium,Enough source depth and design-object evidence for provisional main-anchor treatment.,8,Does this truly define a durable research packet anchor?,pending,
SURF-CAW2026R00109,CAW2026R00109,1834,pre_1930,1830-1834,Benin,World War and public-information graphics,Wikimedia Commons,"Wikimedia Commons file source / The capture of the slaver 'Formidable' by HMS 'Buzzard', 17 December 1834 RMG BHC0625.tiff / page 62711897","The capture of the slaver 'Formidable' by HMS 'Buzzard', 17 December 1834 RMG BHC0625.tiff",IMG03,1338,2691,4029,Benin|World War and public-information graphics|Wikimedia Commons|1830-1834,1,1,0,0,60,80,0,100,78,8,96,0,0,60,commons_file_source,design; graphic; packaging; visual communication,keep_main_anchor,medium,Enough source depth and design-object evidence for provisional main-anchor treatment.,8,Does this truly define a durable research packet anchor?,pending,
SURF-CAW2026R01648,CAW2026R01648,1930,pre_1930,1930-1934,Bosnia and Herzegovina,Modern typography and layout,Wikimedia Commons,Wikimedia Commons file source / Vero Lemonade - Poster by Pavao Gavranić.jpg / page 162978965,Vero Lemonade - Poster by Pavao Gavranić.jpg,IMG03,652,2487,3139,Bosnia and Herzegovina|Modern typography and layout|Wikimedia Commons|1930-1934,9,1,0,0,64,75,35,99,78,8,74,0,1,64,commons_file_source,design; graphic; poster; visual communication,keep_main_anchor,medium,Enough source depth and design-object evidence for provisional main-anchor treatment.,9,Does this truly define a durable research packet anchor?,pending,
SURF-CAW2026R01065,CAW2026R01065,1908,pre_1930,1905-1909,Cameroon,Modern typography and layout,Wikimedia Commons,Wikimedia Commons file source / Saker baptising.jpg / page 25659900,Saker baptising.jpg,IMG03,837,2495,3332,Cameroon|Modern typography and layout|Wikimedia Commons|1905-1909,1,1,0,0,61,80,0,100,78,8,97,0,0,61,commons_file_source,book cover; design; graphic; visual communication,keep_main_anchor,medium,Enough source depth and design-object evidence for provisional main-anchor treatment.,8,Does this truly define a durable research packet anchor?,pending,
SURF-CAW2026R00151,CAW2026R00151,1847,pre_1930,1845-1849,Cape Verde,Modern typography and layout,Wikimedia Commons,Wikimedia Commons file source / Simplício Rodrigues de Sá - Retrato de D. Manoel Joaquim Gonçalves de Andrade.JPG / page 11826119,Simplício Rodrigues de Sá - Retrato de D. Manoel Joaquim Gonçalves de Andrade.JPG,IMG03,646,2680,3326,Cape Verde|Modern typography and layout|Wikimedia Commons|1845-1849,1,1,1,0,64,74,12,98,90,8,95,0,2,64,commons_file_source,catalogue; design; graphic; packaging; visual communication,keep_main_anchor,medium,Enough source depth and design-object evidence for provisional main-anchor treatment.,10,Does this truly define a durable research packet anchor?,pending,
SURF-CAW2026R00653,CAW2026R00653,1893,pre_1930,1890-1894,Democratic Republic of the Congo,Modern typography and layout,Wikimedia Commons,"Wikimedia Commons file source / 21 July 1893 advertisement for Hattees Congo Oil - One Day Cure Cures Rheumatism Sciatica and Neuralgia made by O.W.R. MF'G. Co. Portland, Oregon in The Oregon Mist (newspaper), page 3...","21 July 1893 advertisement for Hattees Congo Oil - One Day Cure Cures Rheumatism Sciatica and Neuralgia made by O.W.R. MF'G. Co. Portland, Oregon in The Oregon Mist (newspaper), page 3 published in St. Helens, Oregon.jpg",IMG03,594,2258,2852,Democratic Republic of the Congo|Modern typography and layout|Wikimedia Commons|1890-1894,6,1,0,0,60,59,25,94,90,8,69,0,6,60,commons_file_source,advertisement; advertising; design; graphic; visual communication,keep_main_anchor,medium,Enough source depth and design-object evidence for provisional main-anchor treatment.,14,Does this truly define a durable research packet anchor?,pending,
SURF-CRG2026R0189,CRG2026R0189,1902,pre_1930,1900-1904,East Asia,Modern typography and layout,Wikimedia Commons,Wikimedia Commons file source / Arirang 1957 poster.jpg / page 4177650,Arirang 1957 poster.jpg,IMG03,643,2577,3220,Korean Peninsula|Modern typography and layout|Wikimedia Commons|1900-1904,8,1,0,0,65,74,35,98,90,8,48,0,2,65,commons_file_source,design; film poster; graphic; poster; visual communication,keep_main_anchor,medium,Enough source depth and design-object evidence for provisional main-anchor treatment.,10,Does this truly define a durable research packet anchor?,pending,
SURF-CAW2026R00577,CAW2026R00577,1889,pre_1930,1885-1889,"Eastern Europe, Balkans, and Central/Eastern socialist contexts",Modern typography and layout,Wikimedia Commons,"Wikimedia Commons file source / The Alliance Journal. (Clarksville, Tex.), Vol. 2, No. 50, Ed. 1 Wednesday, November 27, 1889 - DPLA - 42e6a7cbafce7343510a43bcdbd0426c (page 3).jpg / page 100831400","The Alliance Journal. (Clarksville, Tex.), Vol. 2, No. 50, Ed. 1 Wednesday, November 27, 1889 - DPLA - 42e6a7cbafce7343510a43bcdbd0426c (page 3).jpg",IMG03,811,2750,3561,Georgia|Modern typography and layout|Wikimedia Commons|1885-1889,21,1,0,0,64,80,35,100,90,8,0,0,0,64,commons_file_source,advertisement; advertising; design; graphic; visual communication,keep_main_anchor,medium,Enough source depth and design-object evidence for provisional main-anchor treatment.,8,Does this truly define a durable research packet anchor?,pending,
SURF-CCE2026R00202,CCE2026R00202,1913,pre_1930,1910-1914,Global / transnational,Modern typography and layout,Wikimedia Commons,Wikimedia Commons file source / Publicidade Agua da Matta - O Algarve 277 1913.jpg / page 86637002,Publicidade Agua da Matta - O Algarve 277 1913.jpg,IMG03,807,2632,3439,Global / transnational|Modern typography and layout|Wikimedia Commons|1910-1914,60,1,0,0,61,80,35,100,90,28,0,0,0,61,non_design_drift:mineral; commons_file_source,advertisement; advertising; design; graphic; visual communication,keep_main_anchor,medium,Enough source depth and design-object evidence for provisional main-anchor treatment.,28,Does this truly define a durable research packet anchor?,pending,
SURF-CAW2026R01073,CAW2026R01073,1908,pre_1930,1905-1909,Jordan,Modern typography and layout,Wikimedia Commons,Wikimedia Commons file source / 1920 theatre ads BostonGlobe Feb10 part2.png / page 18059142,1920 theatre ads BostonGlobe Feb10 part2.png,IMG03,1848,2612,4460,Jordan|Modern typography and layout|Wikimedia Commons|1905-1909,1,1,0,0,63,80,0,100,90,8,92,0,0,63,commons_file_source,advertisement; advertising; design; graphic; visual communication,keep_main_anchor,medium,Enough source depth and design-object evidence for provisional main-anchor treatment.,8,Does this truly define a durable research packet anchor?,pending,
SURF-CAW2026R00480,CAW2026R00480,1885,pre_1930,1885-1889,Laos,World War and public-information graphics,Wikimedia Commons,Wikimedia Commons file source / Krao - The Missing Link Wellcome L0047972.jpg / page 36126363,Krao - The Missing Link Wellcome L0047972.jpg,IMG03,1634,2596,4230,Laos|World War and public-information graphics|Wikimedia Commons|1885-1889,2,1,0,0,69,95,5,100,95,8,94,0,0,69,commons_file_source,advertising; design; exhibition; graphic; poster; visual communication,keep_main_anchor,medium,Enough source depth and design-object evidence for provisional main-anchor treatment.,8,Does this truly define a durable research packet anchor?,pending,
SURF-CAW2026R00912,CAW2026R00912,1902,pre_1930,1900-1904,Latin America and the Caribbean,Modern typography and layout,Wikimedia Commons,Wikimedia Commons file source / Henryk Szczygliński - The Dominican Church in Krakow at Night - MNK II-b-870 - National Museum Kraków.jpg / page 99921805,Henryk Szczygliński - The Dominican Church in Krakow at Night - MNK II-b-870 - National Museum Kraków.jpg,IMG03,610,2709,3319,Latin America|Modern typography and layout|Wikimedia Commons|1900-1904,13,1,0,0,62,86,35,95,78,8,0,0,5,62,commons_file_source,design; graphic; packaging; visual communication,keep_main_anchor,medium,Enough source depth and design-object evidence for provisional main-anchor treatment.,13,Does this truly define a durable research packet anchor?,pending,
SURF-CAW2026R00008,CAW2026R00008,1830,pre_1930,1830-1834,Mauritius,Modern typography and layout,Wikimedia Commons,Wikimedia Commons file source / The ships 'Vigilant' and 'Harpooner' offshore RMG BHC3390.tiff / page 62522013,The ships 'Vigilant' and 'Harpooner' offshore RMG BHC3390.tiff,IMG03,1221,2643,3864,Mauritius|Modern typography and layout|Wikimedia Commons|1830-1834,1,1,0,0,60,80,0,100,78,8,96,0,0,60,commons_file_source,design; graphic; packaging; visual communication,keep_main_anchor,medium,Enough source depth and design-object evidence for provisional main-anchor treatment.,8,Does this truly define a durable research packet anchor?,pending,
SURF-CAW2026R00533,CAW2026R00533,1887,pre_1930,1885-1889,Middle East and North Africa,Travel and transport poster culture,Wikimedia Commons,"Wikimedia Commons file source / The city of Lebanon, Indiana- A directory of its business, 1887 - DPLA - 21a449132bd78a7853cd96e38aaa1554 (page 26).jpg / page 117377631","The city of Lebanon, Indiana- A directory of its business, 1887 - DPLA - 21a449132bd78a7853cd96e38aaa1554 (page 26).jpg",IMG03,803,2724,3527,Lebanon|Travel and transport poster culture|Wikimedia Commons|1885-1889,36,1,0,0,64,80,35,100,90,8,0,0,0,64,commons_file_source,advertisement; advertising; design; graphic; visual communication,keep_main_anchor,medium,Enough source depth and design-object evidence for provisional main-anchor treatment.,8,Does this truly define a durable research packet anchor?,pending,
SURF-CAW2026R00359,CAW2026R00359,1878,pre_1930,1875-1879,North America,Modern typography and layout,Wikimedia Commons,Wikimedia Commons file source / Madame Depret dressmaking establishment advertisement.png / page 60807418,Madame Depret dressmaking establishment advertisement.png,IMG03,847,2560,3407,United States|Modern typography and layout|Wikimedia Commons|1875-1879,3,1,0,0,61,80,10,100,90,8,31,0,0,61,commons_file_source,advertisement; advertising; design; graphic; visual communication,keep_main_anchor,medium,Enough source depth and design-object evidence for provisional main-anchor treatment.,8,Does this truly define a durable research packet anchor?,pending,
SURF-CCT2026R03319,CCT2026R03319,1914,pre_1930,1910-1914,Oceania and Pacific,World War and public-information graphics,Wikimedia Commons,Wikimedia Commons file source / Poster (AM 2001.27.1-2).jpg / page 64476840,Poster (AM 2001.27.1-2).jpg,IMG03,710,2695,3405,Aotearoa New Zealand|World War and public-information graphics|Wikimedia Commons|1910-1914,5,1,0,0,61,80,20,100,90,8,0,0,0,61,commons_file_source,catalogue; design; graphic; poster; visual communication,keep_main_anchor,medium,Enough source depth and design-object evidence for provisional main-anchor treatment.,8,Does this truly define a durable research packet anchor?,pending,
SURF-CAW2026R00438,CAW2026R00438,1882,pre_1930,1880-1884,Samoa,Modern typography and layout,Wikimedia Commons,Wikimedia Commons file source / The Graver and the Pen - Advertisement.jpg / page 39520319,The Graver and the Pen - Advertisement.jpg,IMG03,673,2595,3268,Samoa|Modern typography and layout|Wikimedia Commons|1880-1884,1,1,0,0,63,77,0,100,90,8,99,0,0,63,commons_file_source,advertisement; advertising; design; graphic; visual communication,keep_main_anchor,medium,Enough source depth and design-object evidence for provisional main-anchor treatment.,8,Does this truly define a durable research packet anchor?,pending,
SURF-CRG2026R0166,CRG2026R0166,1898,pre_1930,1895-1899,Serbia,Modern typography and layout,Wikimedia Commons,Wikimedia Commons file source / Časopis Ručni rad.jpg / page 99282459,Časopis Ručni rad.jpg,IMG03,855,2632,3487,Serbia|Modern typography and layout|Wikimedia Commons|1895-1899,11,1,0,0,63,80,35,100,78,8,30,0,0,63,commons_file_source,design; graphic; magazine; visual communication,keep_main_anchor,medium,Enough source depth and design-object evidence for provisional main-anchor treatment.,8,Does this truly define a durable research packet anchor?,pending,
SURF-CAW2026R00197,CAW2026R00197,1851,pre_1930,1850-1854,Solomon Islands,Modern typography and layout,Wikimedia Commons,Wikimedia Commons file source / TheGovernessRebeccaSolomon.jpg / page 1264260,TheGovernessRebeccaSolomon.jpg,IMG03,1862,2541,4403,Solomon Islands|Modern typography and layout|Wikimedia Commons|1850-1854,1,1,0,0,60,80,0,100,78,8,96,0,0,60,commons_file_source,book cover; design; graphic; visual communication,keep_main_anchor,medium,Enough source depth and design-object evidence for provisional main-anchor treatment.,8,Does this truly define a durable research packet anchor?,pending,
SURF-CAW2026R01464,CAW2026R01464,1920,pre_1930,1920-1924,South Asia,Modern typography and layout,Wikimedia Commons,Wikimedia Commons file source / Matchbox label - Sailboat Sunset - India (circa 1920s) - MBP1524929933.jpg / page 188237666,Matchbox label - Sailboat Sunset - India (circa 1920s) - MBP1524929933.jpg,IMG03,653,2725,3378,India|Modern typography and layout|Wikimedia Commons|1920-1924,22,1,0,0,60,75,35,99,78,8,14,0,1,60,commons_file_source,design; graphic; packaging; visual communication,keep_main_anchor,medium,Enough source depth and design-object evidence for provisional main-anchor treatment.,9,Does this truly define a durable research packet anchor?,pending,
SURF-CRB2026V2R0658,CRB2026V2R0658,1895,pre_1930,1895-1899,Southeast Asia,Modern typography and layout,Wikimedia Commons,Wikimedia Commons file source / McKinley Prosperity.jpg / page 13268600,McKinley Prosperity.jpg,IMG03,650,2622,3272,Indonesia|Modern typography and layout|Wikimedia Commons|1895-1899,3,1,1,0,60,75,22,99,90,8,0,0,1,60,commons_file_source,campaign; design; graphic; poster; visual communication,keep_main_anchor,medium,Enough source depth and design-object evidence for provisional main-anchor treatment.,9,Does this truly define a durable research packet anchor?,pending,
SURF-CAW2026R01271,CAW2026R01271,1917,pre_1930,1915-1919,Syria,Modern typography and layout,Wikimedia Commons,"Wikimedia Commons file source / ""The child at your door"" LCCN2002707410.jpg / page 31807543","""The child at your door"" LCCN2002707410.jpg",IMG03,655,2544,3199,Syria|Modern typography and layout|Wikimedia Commons|1915-1919,3,1,0,0,64,75,10,99,95,8,84,0,1,64,commons_file_source,campaign; design; graphic; poster; print; visual communication,keep_main_anchor,medium,Enough source depth and design-object evidence for provisional main-anchor treatment.,9,Does this truly define a durable research packet anchor?,pending,
SURF-CAW2026R01401,CAW2026R01401,1920,pre_1930,1920-1924,Togo,Modern typography and layout,Wikimedia Commons,Wikimedia Commons file source / Pagan Love (1920) - 1.jpg / page 55732053,Pagan Love (1920) - 1.jpg,IMG03,618,2505,3123,Togo|Modern typography and layout|Wikimedia Commons|1920-1924,2,1,0,0,62,71,5,96,90,8,99,0,4,62,commons_file_source,advertisement; advertising; design; graphic; visual communication,keep_main_anchor,medium,Enough source depth and design-object evidence for provisional main-anchor treatment.,12,Does this truly define a durable research packet anchor?,pending,
SURF-CAW2026R00110,CAW2026R00110,1834,pre_1930,1830-1834,Uganda,Modern typography and layout,Wikimedia Commons,"Wikimedia Commons file source / ASC Leiden - NSAG - van Es 2 - 018 - A black man in a western shirt and shorts looks suspiciously - Kampala, Uganda - 29-11-1961 - 4-12-1961.tif / page 86463634","ASC Leiden - NSAG - van Es 2 - 018 - A black man in a western shirt and shorts looks suspiciously - Kampala, Uganda - 29-11-1961 - 4-12-1961.tif",IMG03,1015,2791,3806,Uganda|Modern typography and layout|Wikimedia Commons|1830-1834,1,1,0,0,63,80,0,100,90,8,86,0,0,63,commons_file_source,advertisement; advertising; design; graphic; visual communication,keep_main_anchor,medium,Enough source depth and design-object evidence for provisional main-anchor treatment.,8,Does this truly define a durable research packet anchor?,pending,
SURF-CAW2026R00419,CAW2026R00419,1881,pre_1930,1880-1884,United Arab Emirates,World War and public-information graphics,Wikimedia Commons,Wikimedia Commons file source / First locomotives used on the Nfl Railway were tiny! (27496067892).jpg / page 59903651,First locomotives used on the Nfl Railway were tiny! (27496067892).jpg,IMG03,771,2662,3433,United Arab Emirates|World War and public-information graphics|Wikimedia Commons|1880-1884,1,1,0,0,60,80,0,100,78,8,92,0,0,60,commons_file_source,design; graphic; poster; visual communication,keep_main_anchor,medium,Enough source depth and design-object evidence for provisional main-anchor treatment.,8,Does this truly define a durable research packet anchor?,pending,
SURF-CAW2026R01159,CAW2026R01159,1914,pre_1930,1910-1914,Western and Central Europe,Modern typography and layout,Wikimedia Commons,"Wikimedia Commons file source / Envelope with a reproduction of a drawing of a soldier, work by Afred Bastien, 1914, Prints Department of the Royal Library of Belgium (KBR), F 26687.jpeg / page 181753710","Envelope with a reproduction of a drawing of a soldier, work by Afred Bastien, 1914, Prints Department of the Royal Library of Belgium (KBR), F 26687.jpeg",IMG03,615,2266,2881,Belgium|Modern typography and layout|Wikimedia Commons|1910-1914,9,1,0,0,62,86,35,96,78,8,0,0,4,62,commons_file_source,design; graphic; packaging; visual communication,keep_main_anchor,medium,Enough source depth and design-object evidence for provisional main-anchor treatment.,12,Does this truly define a durable research packet anchor?,pending,
SURF-CAW2026R00400,CAW2026R00400,1881,pre_1930,1880-1884,Zimbabwe,Modern typography and layout,Wikimedia Commons,Wikimedia Commons file source / William George Bevington - 7904115817.jpg / page 156551980,William George Bevington - 7904115817.jpg,IMG03,1021,2559,3580,Zimbabwe|Modern typography and layout|Wikimedia Commons|1880-1884,1,1,1,0,63,80,12,100,78,8,97,0,0,63,commons_file_source,design; graphic; poster; visual communication,keep_main_anchor,medium,Enough source depth and design-object evidence for provisional main-anchor treatment.,8,Does this truly define a durable research packet anchor?,pending,
SURF-CAW2026R02489,CAW2026R02489,1957,1930_1970,1955-1959,Africa,Corporate identity and design systems,Wikimedia Commons,Wikimedia Commons file source / 1957 Advertisement for Bear Brand.png / page 187668446,1957 Advertisement for Bear Brand.png,IMG03,193,2476,2669,Nigeria|Corporate identity and design systems|Wikimedia Commons|1955-1959,1,1,0,0,39,19,0,61,95,8,36,0,39,39,commons_file_source,advertisement; advertising; brand; design; graphic; visual communication,manual_review,low,Signals are mixed; keep in review rather than applying a structural rule.,57,"Which signal is decisive: impact, source depth, relation density, or risk?",pending,
SURF-CAW2026R01933,CAW2026R01933,1940,1930_1970,1940-1944,Albania,Modern typography and layout,Wikimedia Commons,Wikimedia Commons file source / Vjetar i Mbretërisë së Shqipërisë (1940) 03.jpg / page 157343795,Vjetar i Mbretërisë së Shqipërisë (1940) 03.jpg,IMG03,248,2601,2849,Albania|Modern typography and layout|Wikimedia Commons|1940-1944,4,1,0,0,46,24,15,65,90,8,87,0,35,46,commons_file_source,advertisement; advertising; design; graphic; visual communication,manual_review,low,Signals are mixed; keep in review rather than applying a structural rule.,53,"Which signal is decisive: impact, source depth, relation density, or risk?",pending,
SURF-CAW2026R02300,CAW2026R02300,1950,1930_1970,1950-1954,Bosnia and Herzegovina,Modern typography and layout,Wikimedia Commons,Wikimedia Commons file source / JAT Poster 1950's.jpg / page 162633973,JAT Poster 1950's.jpg,IMG03,136,2383,2519,Bosnia and Herzegovina|Modern typography and layout|Wikimedia Commons|1950-1954,4,1,0,0,38,13,15,56,78,8,74,0,44,38,commons_file_source,design; graphic; poster; visual communication,manual_review,low,Signals are mixed; keep in review rather than applying a structural rule.,62,"Which signal is decisive: impact, source depth, relation density, or risk?",pending,
SURF-CAW2026R02754,CAW2026R02754,1968,1930_1970,1965-1969,Brunei,Modern typography and layout,Wikimedia Commons,Wikimedia Commons file source / Gema Dari Menara ad.jpg / page 173629861,Gema Dari Menara ad.jpg,IMG03,281,2555,2836,Brunei|Modern typography and layout|Wikimedia Commons|1965-1969,1,1,0,0,45,28,0,68,90,8,100,0,32,45,commons_file_source,advertisement; advertising; design; graphic; visual communication,manual_review,low,Signals are mixed; keep in review rather than applying a structural rule.,40,"Which signal is decisive: impact, source depth, relation density, or risk?",pending,
SURF-CCT2026R01511,CCT2026R01511,1960,1930_1970,1960-1964,Croatia,Modern typography and layout,Wikimedia Commons,Wikimedia Commons file source / PODVIZI SLAVNOG MORNARA POPAJA STARI PLAKAT.webp / page 185919464,PODVIZI SLAVNOG MORNARA POPAJA STARI PLAKAT.webp,IMG03,204,2801,3005,Croatia|Modern typography and layout|Wikimedia Commons|1960-1964,2,1,1,0,44,20,17,62,90,8,84,0,38,44,commons_file_source,design; film poster; graphic; poster; visual communication,manual_review,low,Signals are mixed; keep in review rather than applying a structural rule.,56,"Which signal is decisive: impact, source depth, relation density, or risk?",pending,
SURF-CAW2026R02663,CAW2026R02663,1965,1930_1970,1965-1969,Democratic Republic of the Congo,Modern typography and layout,Wikimedia Commons,Wikimedia Commons file source / Tshombe campaign poster.png / page 163681055,Tshombe campaign poster.png,IMG03,294,2577,2871,Democratic Republic of the Congo|Modern typography and layout|Wikimedia Commons|1965-1969,1,1,0,0,44,29,0,69,90,8,69,0,31,44,commons_file_source,campaign; design; graphic; poster; visual communication,manual_review,low,Signals are mixed; keep in review rather than applying a structural rule.,39,"Which signal is decisive: impact, source depth, relation density, or risk?",pending,
SURF-IR1970R053,IR1970R053,1958,1930_1970,1955-1959,East Asia,Public health and social communication,Wellcome Collection,Wellcome Collection Catalogue API,"Trachoma: how it is transmitted and prevented. Colour lithographs, 1958.",IMG02,313,2082,2395,Mainland China|Public health and social communication|Wellcome Collection|1955-1959,1,1,1,0,38,46,12,71,38,0,48,0,29,38,,campaign; catalogue,manual_review,low,Signals are mixed; keep in review rather than applying a structural rule.,29,"Which signal is decisive: impact, source depth, relation density, or risk?",pending,
SURF-CCT2026R01364,CCT2026R01364,1935,1930_1970,1935-1939,East Asia,World War and public-information graphics,Wikimedia Commons,Wikimedia Commons file source / Level crossing warning poster Taiwan 1935.jpg / page 53121535,Level crossing warning poster Taiwan 1935.jpg,IMG03,154,2615,2769,Taiwan|World War and public-information graphics|Wikimedia Commons|1935-1939,2,1,1,0,37,15,17,57,78,8,48,0,43,37,commons_file_source,design; graphic; poster; visual communication,manual_review,low,Signals are mixed; keep in review rather than applying a structural rule.,61,"Which signal is decisive: impact, source depth, relation density, or risk?",pending,
SURF-GSU1970R002,GSU1970R002,1932,1930_1970,1930-1934,"Eastern Europe, Balkans, and Central/Eastern socialist contexts",Midcentury modern graphic communication,Georgia State CONTENTdm,Georgia State University Library Digital Collections / CONTENTdm,"Georgia Education Journal, 1932-02",IMG02,301,2090,2391,Georgia|Midcentury modern graphic communication|Georgia State CONTENTdm|1930-1934,1,1,1,0,29,45,12,70,14,0,0,0,30,29,,,manual_review,low,Signals are mixed; keep in review rather than applying a structural rule.,30,"Which signal is decisive: impact, source depth, relation density, or risk?",pending,
SURF-CCT2026R01575,CCT2026R01575,1931,1930_1970,1930-1934,"Eastern Europe, Balkans, and Central/Eastern socialist contexts",Modern typography and layout,Wikimedia Commons,Wikimedia Commons file source / Idąca fala by Zdzisław Dytel (1931).jpg / page 146006272,Idąca fala by Zdzisław Dytel (1931).jpg,IMG03,165,2666,2831,Poland|Modern typography and layout|Wikimedia Commons|1930-1934,6,1,0,0,36,16,25,58,78,8,0,0,42,36,commons_file_source,book cover; design; graphic; visual communication,manual_review,low,Signals are mixed; keep in review rather than applying a structural rule.,60,"Which signal is decisive: impact, source depth, relation density, or risk?",pending,
SURF-CAW2026R01769,CAW2026R01769,1935,1930_1970,1935-1939,Estonia,Modern typography and layout,Wikimedia Commons,"Wikimedia Commons file source / Istuv naine, Karl Pärsimägi, TKM TR 12263 M 2589.jpg / page 95892938","Istuv naine, Karl Pärsimägi, TKM TR 12263 M 2589.jpg",IMG03,192,2597,2789,Estonia|Modern typography and layout|Wikimedia Commons|1935-1939,1,1,0,0,39,19,0,61,78,8,95,0,39,39,commons_file_source,design; graphic; packaging; visual communication,manual_review,low,Signals are mixed; keep in review rather than applying a structural rule.,57,"Which signal is decisive: impact, source depth, relation density, or risk?",pending,
SURF-CRG2026R1280,CRG2026R1280,1947,1930_1970,1945-1949,Global / transnational,World War and public-information graphics,Wikimedia Commons,Wikimedia Commons file source / Yugoslav army day celebration Bački Petrovac 1947.jpg / page 80286737,Yugoslav army day celebration Bački Petrovac 1947.jpg,IMG03,377,2737,3114,Global / transnational|World War and public-information graphics|Wikimedia Commons|1945-1949,3,1,1,0,39,37,22,76,66,20,0,0,24,39,source_register:inventory; commons_file_source,design; graphic; visual communication,manual_review,low,Signals are mixed; keep in review rather than applying a structural rule.,44,"Which signal is decisive: impact, source depth, relation density, or risk?",pending,
SURF-CAW2026R02553,CAW2026R02553,1958,1930_1970,1955-1959,Laos,Modern typography and layout,Wikimedia Commons,Wikimedia Commons file source / 605h84-575h81-1.jpg / page 182416342,605h84-575h81-1.jpg,IMG03,235,2504,2739,Laos|Modern typography and layout|Wikimedia Commons|1955-1959,1,1,0,0,40,23,0,64,78,8,94,0,36,40,commons_file_source,design; graphic; poster; visual communication,manual_review,low,Signals are mixed; keep in review rather than applying a structural rule.,54,"Which signal is decisive: impact, source depth, relation density, or risk?",pending,
SURF-CGS2026R1284,CGS2026R1284,1948,1930_1970,1945-1949,Latin America and the Caribbean,Modern typography and layout,Wikimedia Commons,Wikimedia Commons file source / Je-suis-martiniquaise-630671-250-400.jpg / page 55088316,Je-suis-martiniquaise-630671-250-400.jpg,IMG03,149,2406,2555,Mexico|Modern typography and layout|Wikimedia Commons|1945-1949,4,1,0,0,34,14,15,57,78,8,0,0,43,34,commons_file_source,book cover; design; graphic; visual communication,manual_review,low,Signals are mixed; keep in review rather than applying a structural rule.,61,"Which signal is decisive: impact, source depth, relation density, or risk?",pending,
SURF-MX1970R041,MX1970R041,1938,1930_1970,1935-1939,Middle East and North Africa,Modern typography and layout,Internet Archive,Internet Archive / text and periodical collections,גרפיקה שמושית בארצ-ישדאל | Commercial Art Of Palestine,IMG03,273,2089,2362,Palestine / transnational|Modern typography and layout|Internet Archive|1935-1939,1,1,0,0,38,42,0,67,68,0,0,0,33,38,,commercial art; design; graphic; typography,manual_review,low,Signals are mixed; keep in review rather than applying a structural rule.,33,"Which signal is decisive: impact, source depth, relation density, or risk?",pending,
SURF-CRG2026R1615,CRG2026R1615,1961,1930_1970,1960-1964,Middle East and North Africa,Modern typography and layout,Wikimedia Commons,Wikimedia Commons file source / A Storm of Love.jpg / page 115038842,A Storm of Love.jpg,IMG03,154,2328,2482,Egypt|Modern typography and layout|Wikimedia Commons|1960-1964,5,1,0,0,38,15,20,57,90,8,0,0,43,38,commons_file_source,design; film poster; graphic; poster; visual communication,manual_review,low,Signals are mixed; keep in review rather than applying a structural rule.,61,"Which signal is decisive: impact, source depth, relation density, or risk?",pending,
SURF-MX1970R043,MX1970R043,1939,1930_1970,1935-1939,North America,Modern typography and layout,Internet Archive,Internet Archive / text and periodical collections,Commercial art,IMG02,146,1786,1932,United States|Modern typography and layout|Internet Archive|1935-1939,2,1,0,0,26,29,5,57,26,0,31,0,43,26,,commercial art,manual_review,low,Signals are mixed; keep in review rather than applying a structural rule.,43,"Which signal is decisive: impact, source depth, relation density, or risk?",pending,
SURF-PUL1970R038,PUL1970R038,1945,1930_1970,1945-1949,North America,World War and public-information graphics,Princeton Figgy,Princeton University Library Digital Collections / Figgy,[Anti-Nazi propaganda poster depicting Hitler and Mussolini creating a Frankenstein-like monster].,IMG02,213,2117,2330,United States|World War and public-information graphics|Princeton Figgy|1945-1949,2,1,0,0,29,36,5,62,26,0,31,0,38,29,,poster,manual_review,low,Signals are mixed; keep in review rather than applying a structural rule.,38,"Which signal is decisive: impact, source depth, relation density, or risk?",pending,
SURF-SBC1970R0035,SBC1970R0035,1970,1930_1970,1970-1974,North America,Midcentury modern graphic communication,University of Miami Libraries Digital Collections / CONTENTdm,University of Miami Libraries Digital Collections / CONTENTdm,"A Cuba, con el fusil en la mano",IMG02,175,1952,2127,United States|Midcentury modern graphic communication|University of Miami Libraries Digital Collections / CONTENTdm|1970-1974,3,1,0,0,25,32,10,59,14,0,31,0,41,25,,,manual_review,low,Signals are mixed; keep in review rather than applying a structural rule.,41,"Which signal is decisive: impact, source depth, relation density, or risk?",pending,
SURF-MC1930R058,MC1930R058,1948,1930_1970,1945-1949,North America,Travel and transport poster culture,V&A Collections API,V&A Collections API,American Overseas Airlines shrinking travel time,IMG02,169,1645,1814,United States|Travel and transport poster culture|V&A Collections API|1945-1949,1,1,1,0,31,31,12,59,38,0,31,0,41,31,,advertising; poster,manual_review,low,Signals are mixed; keep in review rather than applying a structural rule.,41,"Which signal is decisive: impact, source depth, relation density, or risk?",pending,
SURF-IR1970R020,IR1970R020,1941,1930_1970,1940-1944,North America,World War and public-information graphics,Wellcome Collection,Wellcome Collection Catalogue API,"A red arrow on a graph pointing upwards through a human body, representing the increase in cancer in the USA. Colour lithograph after D. Fellnagel, 1941.",IMG02,293,2104,2397,United States|World War and public-information graphics|Wellcome Collection|1940-1944,2,1,0,0,32,44,5,69,26,0,31,0,31,32,,catalogue,manual_review,low,Signals are mixed; keep in review rather than applying a structural rule.,31,"Which signal is decisive: impact, source depth, relation density, or risk?",pending,
SURF-CRG2026R1498,CRG2026R1498,1952,1930_1970,1950-1954,North America,Modern typography and layout,Wikimedia Commons,Wikimedia Commons file source / The American Magazine cover (Nov. 1952).jpg / page 89186801,The American Magazine cover (Nov. 1952).jpg,IMG03,225,2630,2855,United States|Modern typography and layout|Wikimedia Commons|1950-1954,2,1,0,0,37,22,5,63,78,8,31,0,37,37,commons_file_source,design; graphic; magazine; visual communication,manual_review,low,Signals are mixed; keep in review rather than applying a structural rule.,55,"Which signal is decisive: impact, source depth, relation density, or risk?",pending,
SURF-CAW2026R01799,CAW2026R01799,1936,1930_1970,1935-1939,North Macedonia,Modern typography and layout,Wikimedia Commons,Wikimedia Commons file source / Печалбари (плакат).jpg / page 47811650,Печалбари (плакат).jpg,IMG03,187,2505,2692,North Macedonia|Modern typography and layout|Wikimedia Commons|1935-1939,1,1,1,0,43,18,12,60,90,8,94,0,40,43,commons_file_source,design; graphic; poster; publication; visual communication,manual_review,low,Signals are mixed; keep in review rather than applying a structural rule.,58,"Which signal is decisive: impact, source depth, relation density, or risk?",pending,
SURF-DNZPOSTR010,DNZPOSTR010,1956,1930_1970,1955-1959,Oceania and Pacific,Midcentury modern graphic communication,DigitalNZ,DigitalNZ,Joy Jobbins Fashion Advertising Archive,IMG02,112,1462,1574,Aotearoa New Zealand|Midcentury modern graphic communication|DigitalNZ|1955-1959,1,1,0,0,22,26,0,51,26,0,0,0,49,22,,advertising,manual_review,low,Signals are mixed; keep in review rather than applying a structural rule.,49,"Which signal is decisive: impact, source depth, relation density, or risk?",pending,
SURF-GAPIT2026R005,GAPIT2026R005,1940,1930_1970,1940-1944,Oceania and Pacific,Postwar exhibition and cultural posters,Te Papa,Te Papa Collections Online,"Poster, 'Giant of the Air'",IMG02,202,2044,2246,Aotearoa New Zealand|Postwar exhibition and cultural posters|Te Papa|1940-1944,4,1,0,0,31,35,15,61,38,0,0,0,39,31,,graphic; poster,manual_review,low,Signals are mixed; keep in review rather than applying a structural rule.,39,"Which signal is decisive: impact, source depth, relation density, or risk?",pending,
SURF-CCE2026R00595,CCE2026R00595,1953,1930_1970,1950-1954,Oceania and Pacific,Modern typography and layout,Wikimedia Commons,Wikimedia Commons file source / Beco Lighting advertisement.jpg / page 112789100,Beco Lighting advertisement.jpg,IMG03,242,2549,2791,Australia / Indigenous|Modern typography and layout|Wikimedia Commons|1950-1954,3,1,1,0,39,24,22,65,78,8,0,0,35,39,commons_file_source,advertisement; design; graphic; visual communication,manual_review,low,Signals are mixed; keep in review rather than applying a structural rule.,53,"Which signal is decisive: impact, source depth, relation density, or risk?",pending,
SURF-CAW2026R02684,CAW2026R02684,1965,1930_1970,1965-1969,Papua New Guinea,Modern typography and layout,Wikimedia Commons,Wikimedia Commons file source / MA I291798 TePapa Figulus-hornabrooki-Bomans full.jpg / page 101717392,MA I291798 TePapa Figulus-hornabrooki-Bomans full.jpg,IMG03,312,2629,2941,Papua New Guinea|Modern typography and layout|Wikimedia Commons|1965-1969,4,1,0,0,46,31,15,71,78,8,89,0,29,46,commons_file_source,design; graphic; packaging; visual communication,manual_review,low,Signals are mixed; keep in review rather than applying a structural rule.,37,"Which signal is decisive: impact, source depth, relation density, or risk?",pending,
SURF-CCT2026R01728,CCT2026R01728,1945,1930_1970,1945-1949,Serbia,Modern typography and layout,Wikimedia Commons,"Wikimedia Commons file source / Plakat- Trazim Anu, 25. decembra 1945, Subotica.jpg / page 75334583","Plakat- Trazim Anu, 25. decembra 1945, Subotica.jpg",IMG03,229,2811,3040,Serbia|Modern typography and layout|Wikimedia Commons|1945-1949,1,1,0,0,36,22,0,64,78,8,30,0,36,36,commons_file_source,design; graphic; poster; visual communication,manual_review,low,Signals are mixed; keep in review rather than applying a structural rule.,54,"Which signal is decisive: impact, source depth, relation density, or risk?",pending,
SURF-CAW2026R01882,CAW2026R01882,1938,1930_1970,1935-1939,South Asia,Corporate identity and design systems,Wikimedia Commons,Wikimedia Commons file source / Platybolium alvearium Blair KG 1938 Tenebrionidae Indian Wax Beetle (14050661114).jpg / page 120269860,Platybolium alvearium Blair KG 1938 Tenebrionidae Indian Wax Beetle (14050661114).jpg,IMG03,280,2569,2849,India|Corporate identity and design systems|Wikimedia Commons|1935-1939,1,1,0,0,34,28,0,68,90,48,14,0,32,34,non_design_drift:natural history; non_design_drift:specimen; commons_file_source,design; graphic; identity; typography; visual communication,manual_review,low,Signals are mixed; keep in review rather than applying a structural rule.,80,"Which signal is decisive: impact, source depth, relation density, or risk?",pending,
SURF-CAW2026R02817,CAW2026R02817,1970,1930_1970,1970-1974,Southeast Asia,Modern typography and layout,Wikimedia Commons,Wikimedia Commons file source / Potliquor1970.png / page 129533557,Potliquor1970.png,IMG03,157,2396,2553,Malaysia|Modern typography and layout|Wikimedia Commons|1970-1974,2,1,1,0,38,15,17,58,90,8,0,0,42,38,commons_file_source,advertisement; advertising; design; graphic; visual communication,manual_review,low,Signals are mixed; keep in review rather than applying a structural rule.,60,"Which signal is decisive: impact, source depth, relation density, or risk?",pending,
SURF-CAW2026R02269,CAW2026R02269,1949,1930_1970,1945-1949,Syria,Modern typography and layout,Wikimedia Commons,Wikimedia Commons file source / Diplomatic Terminology MamunAlHamui.png / page 107099220,Diplomatic Terminology MamunAlHamui.png,IMG03,243,2549,2792,Syria|Modern typography and layout|Wikimedia Commons|1945-1949,1,1,0,0,40,24,0,65,78,8,84,0,35,40,commons_file_source,book cover; design; graphic; visual communication,manual_review,low,Signals are mixed; keep in review rather than applying a structural rule.,53,"Which signal is decisive: impact, source depth, relation density, or risk?",pending,
SURF-MC1930R061,MC1930R061,1951,1930_1970,1950-1954,Unresolved region,Modern typography and layout,V&A Collections API,V&A Collections API,Norway: the Cradle of Skiing,IMG02,202,1609,1811,Unresolved region|Modern typography and layout|V&A Collections API|1950-1954,1,1,0,0,33,35,0,61,38,0,70,0,39,33,,advertising; poster,manual_review,low,Signals are mixed; keep in review rather than applying a structural rule.,39,"Which signal is decisive: impact, source depth, relation density, or risk?",pending,
SURF-IR1970R076,IR1970R076,1970,1930_1970,1970-1974,Unresolved region,Midcentury modern graphic communication,Wellcome Collection,Wellcome Collection Catalogue API,FPA Publicity leaflet: versions of leaflet and associated paperwork,IMG02,121,1652,1773,Unresolved region|Midcentury modern graphic communication|Wellcome Collection|1970-1974,2,1,0,0,36,27,5,55,62,0,70,0,45,36,,advertising; catalogue; design; graphic,manual_review,low,Signals are mixed; keep in review rather than applying a structural rule.,45,"Which signal is decisive: impact, source depth, relation density, or risk?",pending,
SURF-PWC2026R002,PWC2026R002,1950,1930_1970,1950-1954,Unresolved region,World War and public-information graphics,Wikimedia Commons,Wikimedia Commons,Santos Toledo Argudín 2022.jpg,IMG03,241,2385,2626,Unresolved region|World War and public-information graphics|Wikimedia Commons|1950-1954,1,1,0,0,31,24,0,65,44,8,70,0,35,31,commons_file_source,graphic; poster,manual_review,low,Signals are mixed; keep in review rather than applying a structural rule.,53,"Which signal is decisive: impact, source depth, relation density, or risk?",pending,
SURF-GA1970R114,GA1970R114,1961,1930_1970,1960-1964,Western and Central Europe,Midcentury modern graphic communication,Gallica / BnF APIs,Gallica / BnF APIs,"72e Bal de l'X, à l'Opéra, 30 novembre 1961... : [affiche] / lithographie de M.-L. Lorin",IMG03,157,1682,1839,France|Midcentury modern graphic communication|Gallica / BnF APIs|1960-1964,4,1,0,0,28,30,15,58,32,0,0,0,42,28,,catalogue,manual_review,low,Signals are mixed; keep in review rather than applying a structural rule.,42,"Which signal is decisive: impact, source depth, relation density, or risk?",pending,
SURF-MC1930R030,MC1930R030,1938,1930_1970,1935-1939,Western and Central Europe,Travel and transport poster culture,V&A Collections API,V&A Collections API,W.T.A. Summer Holidays,IMG02,154,1481,1635,United Kingdom|Travel and transport poster culture|V&A Collections API|1935-1939,1,1,0,0,26,30,0,54,38,0,0,0,46,26,,advertising; poster,manual_review,low,Signals are mixed; keep in review rather than applying a structural rule.,46,"Which signal is decisive: impact, source depth, relation density, or risk?",pending,
SURF-IR1970R058,IR1970R058,1961,1930_1970,1960-1964,Western and Central Europe,Travel and transport poster culture,Wellcome Collection,Wellcome Collection Catalogue API,Photograph of a picket outside British Transport Commission building over banned FPA poster on London Underground,IMG02,120,1708,1828,United Kingdom|Travel and transport poster culture|Wellcome Collection|1960-1964,2,1,0,0,26,27,5,55,38,0,0,0,45,26,,catalogue; poster,manual_review,low,Signals are mixed; keep in review rather than applying a structural rule.,45,"Which signal is decisive: impact, source depth, relation density, or risk?",pending,
SURF-CAW2026R02374,CAW2026R02374,1953,1930_1970,1950-1954,Western and Central Europe,Travel and transport poster culture,Wikimedia Commons,"Wikimedia Commons file source / Yugoslavia, the Sunny Adriatic (German).jpg / page 163162826","Yugoslavia, the Sunny Adriatic (German).jpg",IMG03,180,2530,2710,Germany|Travel and transport poster culture|Wikimedia Commons|1950-1954,1,1,1,0,35,18,12,60,78,8,0,0,40,35,commons_file_source,design; graphic; poster; visual communication,manual_review,low,Signals are mixed; keep in review rather than applying a structural rule.,58,"Which signal is decisive: impact, source depth, relation density, or risk?",pending,
SURF-CAW2026R02656,CAW2026R02656,1964,1930_1970,1960-1964,Yemen,World War and public-information graphics,Wikimedia Commons,Wikimedia Commons file source / FLOSY propaganda poster.png / page 145582058,FLOSY propaganda poster.png,IMG03,227,2544,2771,Yemen|World War and public-information graphics|Wikimedia Commons|1960-1964,2,1,0,0,40,22,5,63,78,8,90,0,37,40,commons_file_source,design; graphic; poster; visual communication,manual_review,low,Signals are mixed; keep in review rather than applying a structural rule.,55,"Which signal is decisive: impact, source depth, relation density, or risk?",pending,
SURF-CRB2026V3R00005,CRB2026V3R00005,1977,1970_2000,1975-1979,Africa,World War and public-information graphics,Wikimedia Commons,Wikimedia Commons file source / Mengistu Haile Mariam propaganda poster.jpg / page 162641994,Mengistu Haile Mariam propaganda poster.jpg,IMG03,219,2659,2878,Ethiopia|World War and public-information graphics|Wikimedia Commons|1975-1979,2,1,0,0,38,21,5,63,78,8,36,20,37,38,commons_file_source,design; graphic; poster; visual communication,manual_review,low,Signals are mixed; keep in review rather than applying a structural rule.,55,"Which signal is decisive: impact, source depth, relation density, or risk?",pending,
SURF-CAW2026R03397,CAW2026R03397,1999,1970_2000,1995-1999,Albania,Modern typography and layout,Wikimedia Commons,Wikimedia Commons file source / Book of Mormon - Albanian.jpg / page 90920161,Book of Mormon - Albanian.jpg,IMG03,337,2515,2852,Albania|Modern typography and layout|Wikimedia Commons|1995-1999,1,1,0,0,45,33,0,73,78,8,87,20,27,45,commons_file_source,book cover; design; graphic; visual communication,manual_review,low,Signals are mixed; keep in review rather than applying a structural rule.,35,"Which signal is decisive: impact, source depth, relation density, or risk?",pending,
SURF-CAW2026R02896,CAW2026R02896,1975,1970_2000,1975-1979,Angola,Modern typography and layout,Wikimedia Commons,Wikimedia Commons file source / Looked like everybody in Africa was in there waitin' for us! LCCN2015649159 (cropped).jpg / page 134237291,Looked like everybody in Africa was in there waitin' for us! LCCN2015649159 (cropped).jpg,IMG03,439,2638,3077,Angola|Modern typography and layout|Wikimedia Commons|1975-1979,3,1,0,0,53,43,10,81,90,8,82,20,19,53,commons_file_source,design; graphic; poster; print; visual communication,manual_review,low,Signals are mixed; keep in review rather than applying a structural rule.,27,"Which signal is decisive: impact, source depth, relation density, or risk?",pending,
SURF-CAW2026R02949,CAW2026R02949,1978,1970_2000,1975-1979,Democratic Republic of the Congo,World War and public-information graphics,Wikimedia Commons,"Wikimedia Commons file source / Photograph of Nathanael Mbumba, 1978.png / page 83404080","Photograph of Nathanael Mbumba, 1978.png",IMG03,336,2586,2922,Democratic Republic of the Congo|World War and public-information graphics|Wikimedia Commons|1975-1979,1,1,0,0,44,33,0,73,78,8,69,20,27,44,commons_file_source,design; graphic; poster; visual communication,manual_review,low,Signals are mixed; keep in review rather than applying a structural rule.,35,"Which signal is decisive: impact, source depth, relation density, or risk?",pending,
SURF-CAW2026R02951,CAW2026R02951,1978,1970_2000,1975-1979,East Asia,Modern typography and layout,Wikimedia Commons,Wikimedia Commons file source / Head East – Cash Box 1978.jpg / page 137119554,Head East – Cash Box 1978.jpg,IMG03,203,2494,2697,China / Hong Kong|Modern typography and layout|Wikimedia Commons|1975-1979,6,1,0,0,46,20,25,61,95,8,48,20,39,46,commons_file_source,advertisement; advertising; design; graphic; magazine; visual communication,manual_review,low,Signals are mixed; keep in review rather than applying a structural rule.,57,"Which signal is decisive: impact, source depth, relation density, or risk?",pending,
SURF-GSU2026R044,GSU2026R044,1994,1970_2000,1990-1994,"Eastern Europe, Balkans, and Central/Eastern socialist contexts",Midcentury modern graphic communication,Georgia State CONTENTdm,Georgia State University Library Digital Collections / CONTENTdm,"The Update, 1994-03",IMG02,246,2201,2447,Georgia|Midcentury modern graphic communication|Georgia State CONTENTdm|1990-1994,1,1,0,0,25,39,0,65,14,0,0,20,35,25,,,manual_review,low,Signals are mixed; keep in review rather than applying a structural rule.,35,"Which signal is decisive: impact, source depth, relation density, or risk?",pending,
SURF-CRB2026V2R0361,CRB2026V2R0361,1989,1970_2000,1985-1989,"Eastern Europe, Balkans, and Central/Eastern socialist contexts",Modern typography and layout,Wikimedia Commons,Wikimedia Commons file source / Poster denouncing the Molotov–Ribbentrop Pact.jpeg / page 81609660,Poster denouncing the Molotov–Ribbentrop Pact.jpeg,IMG03,189,2677,2866,Ukraine|Modern typography and layout|Wikimedia Commons|1985-1989,2,1,0,0,35,18,5,60,78,8,0,20,40,35,commons_file_source,design; graphic; poster; visual communication,manual_review,low,Signals are mixed; keep in review rather than applying a structural rule.,58,"Which signal is decisive: impact, source depth, relation density, or risk?",pending,
SURF-CAW2026R03086,CAW2026R03086,1987,1970_2000,1985-1989,Fiji,Modern typography and layout,Wikimedia Commons,Wikimedia Commons file source / Book of Mormon - Fijian.jpg / page 90919206,Book of Mormon - Fijian.jpg,IMG03,320,2499,2819,Fiji|Modern typography and layout|Wikimedia Commons|1985-1989,1,1,0,0,45,32,0,71,78,8,98,20,29,45,commons_file_source,book cover; design; graphic; visual communication,manual_review,low,Signals are mixed; keep in review rather than applying a structural rule.,37,"Which signal is decisive: impact, source depth, relation density, or risk?",pending,
SURF-CPB2026R0085,CPB2026R0085,1986,1970_2000,1985-1989,Global / transnational,World War and public-information graphics,Wikimedia Commons,"Wikimedia Commons file source / US Army Reserve recruiting poster, c. 1986.jpg / page 93907998","US Army Reserve recruiting poster, c. 1986.jpg",IMG03,198,2570,2768,Global / transnational|World War and public-information graphics|Wikimedia Commons|1985-1989,1,1,0,0,34,19,0,61,78,8,0,20,39,34,commons_file_source,design; graphic; poster; visual communication,manual_review,low,Signals are mixed; keep in review rather than applying a structural rule.,57,"Which signal is decisive: impact, source depth, relation density, or risk?",pending,
SURF-CAW2026R03298,CAW2026R03298,1994,1970_2000,1990-1994,Jordan,Modern typography and layout,Wikimedia Commons,Wikimedia Commons file source / JADIS book.jpg / page 93045143,JADIS book.jpg,IMG03,267,2485,2752,Jordan|Modern typography and layout|Wikimedia Commons|1990-1994,1,1,1,0,44,26,12,67,78,8,92,20,33,44,commons_file_source,book cover; design; graphic; visual communication,manual_review,low,Signals are mixed; keep in review rather than applying a structural rule.,41,"Which signal is decisive: impact, source depth, relation density, or risk?",pending,
SURF-CAW2026R03052,CAW2026R03052,1984,1970_2000,1980-1984,Latin America and the Caribbean,Modern typography and layout,Wikimedia Commons,Wikimedia Commons file source / 0HINDS5-R1-E042.jpg / page 184622100,0HINDS5-R1-E042.jpg,IMG03,178,2504,2682,Latin America|Modern typography and layout|Wikimedia Commons|1980-1984,6,1,0,0,41,17,25,59,90,8,0,20,41,41,commons_file_source,advertisement; advertising; design; graphic; visual communication,manual_review,low,Signals are mixed; keep in review rather than applying a structural rule.,59,"Which signal is decisive: impact, source depth, relation density, or risk?",pending,
SURF-CAW2026R03429,CAW2026R03429,2000,1970_2000,2000-2004,Latvia,Modern typography and layout,Wikimedia Commons,Wikimedia Commons file source / Book of Mormon - Latvian.jpg / page 90929883,Book of Mormon - Latvian.jpg,IMG03,332,2511,2843,Latvia|Modern typography and layout|Wikimedia Commons|2000-2004,1,1,0,0,45,33,0,72,78,8,86,20,28,45,commons_file_source,book cover; design; graphic; visual communication,manual_review,low,Signals are mixed; keep in review rather than applying a structural rule.,36,"Which signal is decisive: impact, source depth, relation density, or risk?",pending,
SURF-CAW2026R03430,CAW2026R03430,2000,1970_2000,2000-2004,Lithuania,Modern typography and layout,Wikimedia Commons,Wikimedia Commons file source / Book of Mormon - Lithuanian.jpg / page 90929907,Book of Mormon - Lithuanian.jpg,IMG03,342,2521,2863,Lithuania|Modern typography and layout|Wikimedia Commons|2000-2004,1,1,0,0,44,34,0,73,78,8,74,20,27,44,commons_file_source,book cover; design; graphic; visual communication,manual_review,low,Signals are mixed; keep in review rather than applying a structural rule.,35,"Which signal is decisive: impact, source depth, relation density, or risk?",pending,
SURF-CAW2026R03422,CAW2026R03422,2000,1970_2000,2000-2004,Madagascar,Modern typography and layout,Wikimedia Commons,Wikimedia Commons file source / Book of Mormon - Malagasy.jpg / page 90920502,Book of Mormon - Malagasy.jpg,IMG03,323,2500,2823,Madagascar|Modern typography and layout|Wikimedia Commons|2000-2004,1,1,1,0,47,32,12,71,78,8,91,20,29,47,commons_file_source,book cover; design; graphic; visual communication,manual_review,low,Signals are mixed; keep in review rather than applying a structural rule.,37,"Which signal is decisive: impact, source depth, relation density, or risk?",pending,
SURF-CGS2026R1383,CGS2026R1383,1984,1970_2000,1980-1984,Middle East and North Africa,Modern typography and layout,Wikimedia Commons,Wikimedia Commons file source / Bitter Fruit - Land Day 1984.jpg / page 172042829,Bitter Fruit - Land Day 1984.jpg,IMG03,186,2472,2658,Palestine / transnational|Modern typography and layout|Wikimedia Commons|1980-1984,2,1,1,0,37,18,17,60,78,8,0,20,40,37,commons_file_source,design; graphic; poster; visual communication,manual_review,low,Signals are mixed; keep in review rather than applying a structural rule.,58,"Which signal is decisive: impact, source depth, relation density, or risk?",pending,
SURF-GSU2026R011,GSU2026R011,1971,1970_2000,1970-1974,North America,Midcentury modern graphic communication,Georgia State CONTENTdm,Georgia State University Library Digital Collections / CONTENTdm,"Open Door, 1971-03",IMG02,341,2281,2622,United States|Midcentury modern graphic communication|Georgia State CONTENTdm|1970-1974,1,1,0,0,31,49,0,73,14,0,31,20,27,31,,,manual_review,low,Signals are mixed; keep in review rather than applying a structural rule.,27,"Which signal is decisive: impact, source depth, relation density, or risk?",pending,
SURF-SBC1970R0028,SBC1970R0028,1983,1970_2000,1980-1984,North America,Midcentury modern graphic communication,SMU Libraries Digital Collections / CONTENTdm,SMU Libraries Digital Collections / CONTENTdm,1983 aerial poster of campus from the northeast,IMG02,168,2111,2279,United States|Midcentury modern graphic communication|SMU Libraries Digital Collections / CONTENTdm|1980-1984,1,1,0,0,33,31,0,59,50,0,31,20,41,33,,design; graphic; poster,manual_review,low,Signals are mixed; keep in review rather than applying a structural rule.,41,"Which signal is decisive: impact, source depth, relation density, or risk?",pending,
SURF-SBC1970R0036,SBC1970R0036,1995,1970_2000,1995-1999,North America,Midcentury modern graphic communication,Temple University Libraries Digital Collections / CONTENTdm,Temple University Libraries Digital Collections / CONTENTdm,Cover of Pennsylvania Ballet 1994/1995 season flyer,IMG02,178,2100,2278,United States|Midcentury modern graphic communication|Temple University Libraries Digital Collections / CONTENTdm|1995-1999,1,1,1,0,27,32,12,59,14,0,31,20,41,27,,,manual_review,low,Signals are mixed; keep in review rather than applying a structural rule.,41,"Which signal is decisive: impact, source depth, relation density, or risk?",pending,
SURF-SBC1970R0034,SBC1970R0034,1995,1970_2000,1995-1999,North America,Midcentury modern graphic communication,University of Miami Libraries Digital Collections / CONTENTdm,University of Miami Libraries Digital Collections / CONTENTdm,"""Cuba Libre: A Musical Celebration"" flyer and poster",IMG02,134,2073,2207,United States|Midcentury modern graphic communication|University of Miami Libraries Digital Collections / CONTENTdm|1995-1999,1,1,1,0,28,28,12,56,26,0,31,20,44,28,,poster,manual_review,low,Signals are mixed; keep in review rather than applying a structural rule.,44,"Which signal is decisive: impact, source depth, relation density, or risk?",pending,
SURF-CGS2026R0028,CGS2026R0028,1999,1970_2000,1995-1999,North America,Modern typography and layout,Wikimedia Commons,"Wikimedia Commons file source / Serbian poster ""Sorry we didn't know it was invisible"".jpg / page 39804160","Serbian poster ""Sorry we didn't know it was invisible"".jpg",IMG03,249,2637,2886,United States|Modern typography and layout|Wikimedia Commons|1995-1999,4,1,0,0,41,24,15,65,78,8,31,20,35,41,commons_file_source,design; graphic; poster; visual communication,manual_review,low,Signals are mixed; keep in review rather than applying a structural rule.,53,"Which signal is decisive: impact, source depth, relation density, or risk?",pending,
SURF-SBC1970R0003,SBC1970R0003,1978,1970_2000,1975-1979,Oceania and Pacific,Midcentury modern graphic communication,Auckland Libraries Heritage Collections / CONTENTdm,Auckland Libraries Heritage Collections / CONTENTdm,"Gig poster and sign, Parnell, 1978",IMG03,81,1932,2013,Aotearoa New Zealand|Midcentury modern graphic communication|Auckland Libraries Heritage Collections / CONTENTdm|1975-1979,1,1,0,0,29,23,0,51,56,0,0,20,49,29,,design; graphic; poster,manual_review,low,Signals are mixed; keep in review rather than applying a structural rule.,59,"Which signal is decisive: impact, source depth, relation density, or risk?",pending,
SURF-DNZPOSTR026,DNZPOSTR026,1982,1970_2000,1980-1984,Oceania and Pacific,Midcentury modern graphic communication,DigitalNZ,DigitalNZ,Turakina Maori Girls' College poster,IMG02,225,1745,1970,Aotearoa New Zealand|Midcentury modern graphic communication|DigitalNZ|1980-1984,1,1,1,0,32,37,12,63,38,0,0,20,37,32,,poster; print,manual_review,low,Signals are mixed; keep in review rather than applying a structural rule.,37,"Which signal is decisive: impact, source depth, relation density, or risk?",pending,
SURF-GAPIT2026R053,GAPIT2026R053,1995,1970_2000,1995-1999,Oceania and Pacific,Travel and transport poster culture,NAIDOC Poster Gallery,NAIDOC Poster Gallery,NAIDOC 1995 Poster,IMG02,261,2206,2467,Australia / Indigenous|Travel and transport poster culture|NAIDOC Poster Gallery|1995-1999,1,1,1,0,28,26,12,66,26,0,0,20,34,28,,poster,manual_review,low,Signals are mixed; keep in review rather than applying a structural rule.,34,"Which signal is decisive: impact, source depth, relation density, or risk?",pending,
SURF-GAPIT2026R047,GAPIT2026R047,1991,1970_2000,1990-1994,Oceania and Pacific,Postwar exhibition and cultural posters,Te Papa,Te Papa Collections Online,'Back to the Past' poster,IMG02,345,2369,2714,Aotearoa New Zealand|Postwar exhibition and cultural posters|Te Papa|1990-1994,1,1,1,0,37,49,12,73,38,0,0,20,27,37,,graphic; poster,manual_review,low,Signals are mixed; keep in review rather than applying a structural rule.,27,"Which signal is decisive: impact, source depth, relation density, or risk?",pending,
SURF-CAW2026R03408,CAW2026R03408,1999,1970_2000,1995-1999,Oceania and Pacific,Modern typography and layout,Wikimedia Commons,Wikimedia Commons file source / SummerCity1999.jpg / page 124990453,SummerCity1999.jpg,IMG03,245,2476,2721,Aotearoa New Zealand|Modern typography and layout|Wikimedia Commons|1995-1999,2,1,0,0,37,24,5,65,78,8,0,20,35,37,commons_file_source,design; graphic; poster; visual communication,manual_review,low,Signals are mixed; keep in review rather than applying a structural rule.,53,"Which signal is decisive: impact, source depth, relation density, or risk?",pending,
SURF-CCE2026R00815,CCE2026R00815,1972,1970_2000,1970-1974,Papua New Guinea,Modern typography and layout,Wikimedia Commons,Wikimedia Commons file source / MA I291932 TePapa Oreogria-hornabrooki full.jpg / page 101272212,MA I291932 TePapa Oreogria-hornabrooki full.jpg,IMG03,336,2608,2944,Papua New Guinea|Modern typography and layout|Wikimedia Commons|1970-1974,2,1,0,0,40,33,5,73,66,28,89,20,27,40,non_design_drift:specimen; commons_file_source,design; graphic; visual communication,manual_review,low,Signals are mixed; keep in review rather than applying a structural rule.,55,"Which signal is decisive: impact, source depth, relation density, or risk?",pending,
SURF-GSU2026R014,GSU2026R014,1972,1970_2000,1970-1974,Puerto Rico,Postwar exhibition and cultural posters,Georgia State CONTENTdm,Georgia State University Library Digital Collections / CONTENTdm,"Poster: Mar y Sol; Easter in the Caribbean with Music and Friends, The First International Puerto<br>Rican Pop Festival, April 1-3, 1972",IMG02,190,2387,2577,Puerto Rico|Postwar exhibition and cultural posters|Georgia State CONTENTdm|1970-1974,1,1,1,0,34,34,12,60,26,0,100,20,40,34,,poster,manual_review,low,Signals are mixed; keep in review rather than applying a structural rule.,40,"Which signal is decisive: impact, source depth, relation density, or risk?",pending,
SURF-CCT2026R01736,CCT2026R01736,1990,1970_2000,1990-1994,Serbia,Modern typography and layout,Wikimedia Commons,"Wikimedia Commons file source / Plakat - Banovic Strahinja, SNP, 1990-1991.jpg / page 75709965","Plakat - Banovic Strahinja, SNP, 1990-1991.jpg",IMG03,194,2757,2951,Serbia|Modern typography and layout|Wikimedia Commons|1990-1994,6,1,0,0,40,19,25,61,78,8,30,20,39,40,commons_file_source,design; graphic; poster; visual communication,manual_review,low,Signals are mixed; keep in review rather than applying a structural rule.,57,"Which signal is decisive: impact, source depth, relation density, or risk?",pending,
SURF-CCE2026R00816,CCE2026R00816,1972,1970_2000,1970-1974,South Asia,Modern typography and layout,Wikimedia Commons,Wikimedia Commons file source / 1972 - Capri Theater Ad - 11 Jun MC - Allentown PA.jpg / page 57703134,1972 - Capri Theater Ad - 11 Jun MC - Allentown PA.jpg,IMG03,282,2559,2841,Bangladesh|Modern typography and layout|Wikimedia Commons|1970-1974,2,1,0,0,39,28,5,68,78,8,14,20,32,39,commons_file_source,advertisement; design; graphic; visual communication,manual_review,low,Signals are mixed; keep in review rather than applying a structural rule.,40,"Which signal is decisive: impact, source depth, relation density, or risk?",pending,
SURF-CAW2026R03302,CAW2026R03302,1994,1970_2000,1990-1994,Southeast Asia,Modern typography and layout,Wikimedia Commons,"Wikimedia Commons file source / ""The Quests in Concert 1994"" poster.jpg / page 158370361","""The Quests in Concert 1994"" poster.jpg",IMG03,192,2412,2604,Singapore|Modern typography and layout|Wikimedia Commons|1990-1994,1,1,0,0,34,19,0,61,78,8,0,20,39,34,commons_file_source,design; graphic; poster; visual communication,manual_review,low,Signals are mixed; keep in review rather than applying a structural rule.,57,"Which signal is decisive: impact, source depth, relation density, or risk?",pending,
SURF-CAW2026R02921,CAW2026R02921,1976,1970_2000,1975-1979,Syria,Modern typography and layout,Wikimedia Commons,"Wikimedia Commons file source / Advertisement for Syrian ceramics, 1976.jpg / page 179002961","Advertisement for Syrian ceramics, 1976.jpg",IMG03,218,2590,2808,Syria|Modern typography and layout|Wikimedia Commons|1975-1979,1,1,0,0,43,21,0,63,90,8,84,20,37,43,commons_file_source,advertisement; advertising; design; graphic; visual communication,manual_review,low,Signals are mixed; keep in review rather than applying a structural rule.,55,"Which signal is decisive: impact, source depth, relation density, or risk?",pending,
SURF-CAW2026R03068,CAW2026R03068,1985,1970_2000,1985-1989,Vanuatu,Modern typography and layout,Wikimedia Commons,Wikimedia Commons file source / Book of Mormon - Bislama.jpg / page 90930322,Book of Mormon - Bislama.jpg,IMG03,366,2420,2786,Vanuatu|Modern typography and layout|Wikimedia Commons|1985-1989,1,1,0,0,47,36,0,75,78,8,100,20,25,47,commons_file_source,book cover; design; graphic; visual communication,manual_review,low,Signals are mixed; keep in review rather than applying a structural rule.,33,"Which signal is decisive: impact, source depth, relation density, or risk?",pending,
SURF-CRG2026R2245,CRG2026R2245,1972,1970_2000,1970-1974,Western and Central Europe,Modern typography and layout,Wikimedia Commons,Wikimedia Commons file source / Paris and Live poster.jpg / page 140811683,Paris and Live poster.jpg,IMG03,188,2418,2606,France|Modern typography and layout|Wikimedia Commons|1970-1974,2,1,0,0,37,18,5,60,90,8,0,20,40,37,commons_file_source,design; film poster; graphic; poster; visual communication,manual_review,low,Signals are mixed; keep in review rather than applying a structural rule.,58,"Which signal is decisive: impact, source depth, relation density, or risk?",pending,
SURF-CAW2026R03176,CAW2026R03176,1989,1970_2000,1985-1989,Yemen,Modern typography and layout,Wikimedia Commons,Wikimedia Commons file source / Yemeni Socialist Party headquarters in Mukalla.png / page 177932713,Yemeni Socialist Party headquarters in Mukalla.png,IMG03,238,2575,2813,Yemen|Modern typography and layout|Wikimedia Commons|1985-1989,2,1,0,0,42,23,5,64,78,8,90,20,36,42,commons_file_source,design; graphic; poster; visual communication,manual_review,low,Signals are mixed; keep in review rather than applying a structural rule.,54,"Which signal is decisive: impact, source depth, relation density, or risk?",pending,
SURF-SCG1931R0023,SCG1931R0023,2020,2000_2026,2020-2024,Africa,Midcentury modern graphic communication,University of Cape Town Digital Collections,University of Cape Town Digital Collections,CTDPS Student Handbook 2020,IMG02,302,2187,2489,South Africa|Midcentury modern graphic communication|University of Cape Town Digital Collections|2020-2024,1,1,1,0,33,45,12,70,14,0,36,37,30,33,,,manual_review,low,Signals are mixed; keep in review rather than applying a structural rule.,30,"Which signal is decisive: impact, source depth, relation density, or risk?",pending,
SURF-CAW2026R04647,CAW2026R04647,2022,2000_2026,2020-2024,Africa,Modern typography and layout,Wikimedia Commons,Wikimedia Commons file source / Supa Modo Poster.png / page 125514066,Supa Modo Poster.png,IMG03,114,2224,2338,Kenya|Modern typography and layout|Wikimedia Commons|2020-2024,4,1,0,0,39,11,15,54,90,8,36,37,46,39,commons_file_source,design; film poster; graphic; poster; visual communication,manual_review,low,Signals are mixed; keep in review rather than applying a structural rule.,64,"Which signal is decisive: impact, source depth, relation density, or risk?",pending,
SURF-CAW2026R04820,CAW2026R04820,2024,2000_2026,2020-2024,Angola,Modern typography and layout,Wikimedia Commons,Wikimedia Commons file source / Poster - March 2 - Day of Angolan Women.png / page 153416129,Poster - March 2 - Day of Angolan Women.png,IMG03,274,2568,2842,Angola|Modern typography and layout|Wikimedia Commons|2020-2024,1,1,0,0,43,27,0,67,78,8,82,37,33,43,commons_file_source,design; graphic; poster; visual communication,manual_review,low,Signals are mixed; keep in review rather than applying a structural rule.,41,"Which signal is decisive: impact, source depth, relation density, or risk?",pending,
SURF-CAW2026R03770,CAW2026R03770,2011,2000_2026,2010-2014,Bahrain,Modern typography and layout,Wikimedia Commons,Wikimedia Commons file source / Poster of deceased - Flickr - Al Jazeera English.jpg / page 17492843,Poster of deceased - Flickr - Al Jazeera English.jpg,IMG03,192,2598,2790,Bahrain|Modern typography and layout|Wikimedia Commons|2010-2014,4,1,0,0,43,19,15,61,78,8,97,37,39,43,commons_file_source,design; graphic; poster; visual communication,manual_review,low,Signals are mixed; keep in review rather than applying a structural rule.,57,"Which signal is decisive: impact, source depth, relation density, or risk?",pending,
SURF-CCT2026R01516,CCT2026R01516,2009,2000_2026,2005-2009,Croatia,Modern typography and layout,Wikimedia Commons,"Wikimedia Commons file source / Plakat za 2. Clubture Forum, Zagreb 2009.jpg / page 116705173","Plakat za 2. Clubture Forum, Zagreb 2009.jpg",IMG03,223,2814,3037,Croatia|Modern typography and layout|Wikimedia Commons|2005-2009,2,1,1,0,44,22,17,63,78,8,84,37,37,44,commons_file_source,design; graphic; poster; visual communication,manual_review,low,Signals are mixed; keep in review rather than applying a structural rule.,55,"Which signal is decisive: impact, source depth, relation density, or risk?",pending,
SURF-CAW2026R03903,CAW2026R03903,2014,2000_2026,2010-2014,Democratic Republic of the Congo,Travel and transport poster culture,Wikimedia Commons,Wikimedia Commons file source / DSC 2671 (29882822967).jpg / page 85923544,DSC 2671 (29882822967).jpg,IMG03,311,2617,2928,Democratic Republic of the Congo|Travel and transport poster culture|Wikimedia Commons|2010-2014,1,1,0,0,44,31,0,70,78,8,69,37,30,44,commons_file_source,design; graphic; packaging; visual communication,manual_review,low,Signals are mixed; keep in review rather than applying a structural rule.,38,"Which signal is decisive: impact, source depth, relation density, or risk?",pending,
SURF-IAC1990R013,IAC1990R013,2026,2000_2026,2025-2029,East Asia,Midcentury modern graphic communication,Another Graphic,Another Graphic,Hung Chang-Lien,IMG02,192,1848,2040,Taiwan|Midcentury modern graphic communication|Another Graphic|2025-2029,1,1,0,0,29,19,0,61,38,0,48,37,39,29,,graphic; poster,manual_review,low,Signals are mixed; keep in review rather than applying a structural rule.,49,"Which signal is decisive: impact, source depth, relation density, or risk?",pending,
SURF-LPC2026R087,LPC2026R087,2019,2000_2026,2015-2019,East Asia,Midcentury modern graphic communication,Internet Archive,Internet Archive / text and periodical collections,Worlds Of Amano,IMG02,344,2507,2851,Japan|Midcentury modern graphic communication|Internet Archive|2015-2019,1,1,1,0,38,49,12,73,26,0,48,37,27,38,,design,manual_review,low,Signals are mixed; keep in review rather than applying a structural rule.,27,"Which signal is decisive: impact, source depth, relation density, or risk?",pending,
SURF-CAW2026R04127,CAW2026R04127,2016,2000_2026,2015-2019,East Asia,Modern typography and layout,Wikimedia Commons,Wikimedia Commons file source / Poster SCFAI.jpg / page 84256207,Poster SCFAI.jpg,IMG03,152,2333,2485,China / Hong Kong|Modern typography and layout|Wikimedia Commons|2015-2019,1,1,0,0,36,15,0,57,78,8,48,37,43,36,commons_file_source,design; graphic; poster; visual communication,manual_review,low,Signals are mixed; keep in review rather than applying a structural rule.,61,"Which signal is decisive: impact, source depth, relation density, or risk?",pending,
SURF-CAW2026R04464,CAW2026R04464,2020,2000_2026,2020-2024,"Eastern Europe, Balkans, and Central/Eastern socialist contexts",Modern typography and layout,Wikimedia Commons,Wikimedia Commons file source / WP20 mark hy.png / page 98867258,WP20 mark hy.png,IMG03,164,2300,2464,Armenia|Modern typography and layout|Wikimedia Commons|2020-2024,4,1,0,0,36,16,15,58,78,8,0,37,42,36,commons_file_source,design; graphic; poster; visual communication,manual_review,low,Signals are mixed; keep in review rather than applying a structural rule.,60,"Which signal is decisive: impact, source depth, relation density, or risk?",pending,
SURF-ERS1970R005,ERS1970R005,2026,2000_2026,2025-2029,Global / transnational,Corporate identity and design systems,Another Graphic,Another Graphic,João Queirós - Another Graphic,IMG02,351,2448,2799,Global / transnational|Corporate identity and design systems|Another Graphic|2025-2029,1,1,1,0,43,35,12,74,74,0,0,37,26,43,,design; graphic; identity; poster; typography,manual_review,low,Signals are mixed; keep in review rather than applying a structural rule.,26,"Which signal is decisive: impact, source depth, relation density, or risk?",pending,
SURF-CRG2026R3885,CRG2026R3885,2012,2000_2026,2010-2014,Global / transnational,Modern typography and layout,Wikimedia Commons,Wikimedia Commons file source / Poster - Queen Christina 02 Crisco restoration.jpg / page 18565446,Poster - Queen Christina 02 Crisco restoration.jpg,IMG03,225,2712,2937,Global / transnational|Modern typography and layout|Wikimedia Commons|2010-2014,6,1,0,0,42,22,25,63,90,20,0,37,37,42,weak_context:talk; commons_file_source,design; film poster; graphic; poster; visual communication,manual_review,low,Signals are mixed; keep in review rather than applying a structural rule.,67,"Which signal is decisive: impact, source depth, relation density, or risk?",pending,
SURF-CAW2026R04156,CAW2026R04156,2016,2000_2026,2015-2019,Jordan,Modern typography and layout,Wikimedia Commons,Wikimedia Commons file source / The poster of Sukaj series 2016.jpg / page 156957734,The poster of Sukaj series 2016.jpg,IMG03,210,2573,2783,Jordan|Modern typography and layout|Wikimedia Commons|2015-2019,3,1,1,0,45,21,22,62,78,8,92,37,38,45,commons_file_source,design; graphic; poster; visual communication,manual_review,low,Signals are mixed; keep in review rather than applying a structural rule.,56,"Which signal is decisive: impact, source depth, relation density, or risk?",pending,
SURF-CAW2026R03453,CAW2026R03453,2001,2000_2026,2000-2004,Kiribati,Modern typography and layout,Wikimedia Commons,Wikimedia Commons file source / Book of Mormon - Gilbertese.jpg / page 90930130,Book of Mormon - Gilbertese.jpg,IMG03,356,2537,2893,Kiribati|Modern typography and layout|Wikimedia Commons|2000-2004,2,1,0,0,48,35,5,74,78,8,99,37,26,48,commons_file_source,book cover; design; graphic; visual communication,manual_review,low,Signals are mixed; keep in review rather than applying a structural rule.,34,"Which signal is decisive: impact, source depth, relation density, or risk?",pending,
SURF-CAW2026R04787,CAW2026R04787,2023,2000_2026,2020-2024,Kuwait,Modern typography and layout,Wikimedia Commons,Wikimedia Commons file source / US military anti-graffiti poster in Kuwait.png / page 136303676,US military anti-graffiti poster in Kuwait.png,IMG03,275,2599,2874,Kuwait|Modern typography and layout|Wikimedia Commons|2020-2024,1,1,0,0,44,27,0,67,78,8,100,37,33,44,commons_file_source,design; graphic; poster; visual communication,manual_review,low,Signals are mixed; keep in review rather than applying a structural rule.,41,"Which signal is decisive: impact, source depth, relation density, or risk?",pending,
SURF-CAW2026R03991,CAW2026R03991,2014,2000_2026,2010-2014,Laos,Modern typography and layout,Wikimedia Commons,Wikimedia Commons file source / Book of Mormon - Lao.jpg / page 90930472,Book of Mormon - Lao.jpg,IMG03,328,2511,2839,Laos|Modern typography and layout|Wikimedia Commons|2010-2014,1,1,0,0,46,32,0,72,78,8,94,37,28,46,commons_file_source,book cover; design; graphic; visual communication,manual_review,low,Signals are mixed; keep in review rather than applying a structural rule.,36,"Which signal is decisive: impact, source depth, relation density, or risk?",pending,
SURF-CAW2026R04035,CAW2026R04035,2015,2000_2026,2015-2019,Latin America and the Caribbean,Modern typography and layout,Wikimedia Commons,Wikimedia Commons file source / Phantasmidine Proton NMR Label.png / page 39825108,Phantasmidine Proton NMR Label.png,IMG03,148,2476,2624,Latin America|Modern typography and layout|Wikimedia Commons|2015-2019,4,1,1,0,38,14,27,57,78,8,0,37,43,38,commons_file_source,design; graphic; packaging; visual communication,manual_review,low,Signals are mixed; keep in review rather than applying a structural rule.,61,"Which signal is decisive: impact, source depth, relation density, or risk?",pending,
SURF-CAW2026R03557,CAW2026R03557,2007,2000_2026,2005-2009,Madagascar,Travel and transport poster culture,Wikimedia Commons,Wikimedia Commons file source / Monomorium robustior specimen casent0101865 label 1.jpg / page 8147609,Monomorium robustior specimen casent0101865 label 1.jpg,IMG03,187,2615,2802,Madagascar|Travel and transport poster culture|Wikimedia Commons|2005-2009,1,1,0,0,37,18,0,60,78,28,91,37,40,37,non_design_drift:specimen; commons_file_source,design; graphic; packaging; visual communication,manual_review,low,Signals are mixed; keep in review rather than applying a structural rule.,78,"Which signal is decisive: impact, source depth, relation density, or risk?",pending,
SURF-CAW2026R04716,CAW2026R04716,2022,2000_2026,2020-2024,Maldives,Modern typography and layout,Wikimedia Commons,Wikimedia Commons file source / Ifnaz Dharaka.jpg / page 136289385,Ifnaz Dharaka.jpg,IMG03,474,2522,2996,Maldives|Modern typography and layout|Wikimedia Commons|2020-2024,1,1,1,0,54,47,12,84,78,8,99,37,16,54,commons_file_source,design; graphic; poster; visual communication,manual_review,low,Signals are mixed; keep in review rather than applying a structural rule.,24,"Which signal is decisive: impact, source depth, relation density, or risk?",pending,
SURF-CAW2026R03606,CAW2026R03606,2008,2000_2026,2005-2009,Mali,Modern typography and layout,Wikimedia Commons,Wikimedia Commons file source / Daba Modibo Keïta poster bamako market april 2008.jpg / page 4609544,Daba Modibo Keïta poster bamako market april 2008.jpg,IMG03,428,2588,3016,Mali|Modern typography and layout|Wikimedia Commons|2005-2009,2,1,1,0,51,42,17,80,78,20,98,37,20,51,weak_context:talk; commons_file_source,design; graphic; poster; visual communication,manual_review,low,Signals are mixed; keep in review rather than applying a structural rule.,40,"Which signal is decisive: impact, source depth, relation density, or risk?",pending,
SURF-CAW2026R04272,CAW2026R04272,2018,2000_2026,2015-2019,Mauritius,Modern typography and layout,Wikimedia Commons,"Wikimedia Commons file source / Mořic Vilém Trapp, Pohled nad Brno s mostem přes Svratku, Moravská galerie v Brně.jpg / page 66427374","Mořic Vilém Trapp, Pohled nad Brno s mostem přes Svratku, Moravská galerie v Brně.jpg",IMG03,424,2716,3140,Mauritius|Modern typography and layout|Wikimedia Commons|2015-2019,1,1,1,0,52,42,12,80,78,8,96,37,20,52,commons_file_source,design; graphic; packaging; visual communication,manual_review,low,Signals are mixed; keep in review rather than applying a structural rule.,28,"Which signal is decisive: impact, source depth, relation density, or risk?",pending,
SURF-CCT2026R02827,CCT2026R02827,2011,2000_2026,2010-2014,Middle East and North Africa,Modern typography and layout,Wikimedia Commons,Wikimedia Commons file source / Happy Birthday-Poster.jpg / page 118810674,Happy Birthday-Poster.jpg,IMG03,134,2522,2656,Iran|Modern typography and layout|Wikimedia Commons|2010-2014,4,1,1,0,40,13,27,56,90,8,0,37,44,40,commons_file_source,design; film poster; graphic; poster; visual communication,manual_review,low,Signals are mixed; keep in review rather than applying a structural rule.,62,"Which signal is decisive: impact, source depth, relation density, or risk?",pending,
SURF-CAW2026R04296,CAW2026R04296,2018,2000_2026,2015-2019,Moldova,Modern typography and layout,Wikimedia Commons,"Wikimedia Commons file source / Advertisement of fast credits, Floresti, Moldova.jpg / page 163079229","Advertisement of fast credits, Floresti, Moldova.jpg",IMG03,265,2637,2902,Moldova|Modern typography and layout|Wikimedia Commons|2015-2019,1,1,0,0,46,26,0,67,90,8,84,37,33,46,commons_file_source,advertisement; advertising; design; graphic; visual communication,manual_review,low,Signals are mixed; keep in review rather than applying a structural rule.,41,"Which signal is decisive: impact, source depth, relation density, or risk?",pending,
SURF-CAW2026R04185,CAW2026R04185,2017,2000_2026,2015-2019,Mongolia,Modern typography and layout,Wikimedia Commons,Wikimedia Commons file source / 2017 presidential election campaign poster of DP candidate Kh.Battulga.jpg / page 184404471,2017 presidential election campaign poster of DP candidate Kh.Battulga.jpg,IMG03,263,2635,2898,Mongolia|Modern typography and layout|Wikimedia Commons|2015-2019,2,1,0,0,47,26,5,66,90,8,96,37,34,47,commons_file_source,campaign; design; graphic; poster; visual communication,manual_review,low,Signals are mixed; keep in review rather than applying a structural rule.,42,"Which signal is decisive: impact, source depth, relation density, or risk?",pending,
SURF-CCT2026R00571,CCT2026R00571,2009,2000_2026,2005-2009,Mozambique,Modern typography and layout,Wikimedia Commons,Wikimedia Commons file source / Mercado Municipal de Maputo (4107206838).jpg / page 35278106,Mercado Municipal de Maputo (4107206838).jpg,IMG03,205,2817,3022,Mozambique|Modern typography and layout|Wikimedia Commons|2005-2009,2,1,0,0,42,20,5,62,78,8,94,37,38,42,commons_file_source,design; graphic; poster; visual communication,manual_review,low,Signals are mixed; keep in review rather than applying a structural rule.,56,"Which signal is decisive: impact, source depth, relation density, or risk?",pending,
SURF-CAW2026R03499,CAW2026R03499,2004,2000_2026,2000-2004,North America,Modern typography and layout,Wikimedia Commons,Wikimedia Commons file source / Hottentotta scaber.jpg / page 48664897,Hottentotta scaber.jpg,IMG03,250,2502,2752,United States|Modern typography and layout|Wikimedia Commons|2000-2004,1,1,0,0,39,25,0,65,78,8,31,37,35,39,commons_file_source,design; graphic; poster; visual communication,manual_review,low,Signals are mixed; keep in review rather than applying a structural rule.,43,"Which signal is decisive: impact, source depth, relation density, or risk?",pending,
SURF-CAW2026R03714,CAW2026R03714,2010,2000_2026,2010-2014,North Macedonia,Modern typography and layout,Wikimedia Commons,Wikimedia Commons file source / 2010 постер за хуманитарен настан во Велес.jpg / page 152433131,2010 постер за хуманитарен настан во Велес.jpg,IMG03,256,2771,3027,North Macedonia|Modern typography and layout|Wikimedia Commons|2010-2014,2,1,0,0,44,25,5,66,78,8,94,37,34,44,commons_file_source,design; graphic; poster; visual communication,manual_review,low,Signals are mixed; keep in review rather than applying a structural rule.,42,"Which signal is decisive: impact, source depth, relation density, or risk?",pending,
SURF-SBC1970R0006,SBC1970R0006,2009,2000_2026,2005-2009,Oceania and Pacific,Midcentury modern graphic communication,Auckland Libraries Heritage Collections / CONTENTdm,Auckland Libraries Heritage Collections / CONTENTdm,"Sky Tower, Auckland Central, 2009",IMG03,78,1963,2041,Aotearoa New Zealand|Midcentury modern graphic communication|Auckland Libraries Heritage Collections / CONTENTdm|2005-2009,1,1,1,0,27,2,12,51,56,0,0,37,49,27,,design; graphic; poster,manual_review,low,Signals are mixed; keep in review rather than applying a structural rule.,59,"Which signal is decisive: impact, source depth, relation density, or risk?",pending,
SURF-DNZPOSTR090,DNZPOSTR090,2014,2000_2026,2010-2014,Oceania and Pacific,Postwar exhibition and cultural posters,DigitalNZ,DigitalNZ,"Over 200 shows, exhibitions and festivals open here every year. It's an art keeping up.",IMG03,145,1708,1853,Aotearoa New Zealand|Postwar exhibition and cultural posters|DigitalNZ|2010-2014,4,1,0,0,29,29,15,57,32,0,0,37,43,29,,poster,manual_review,low,Signals are mixed; keep in review rather than applying a structural rule.,43,"Which signal is decisive: impact, source depth, relation density, or risk?",pending,
SURF-LPC2026R098,LPC2026R098,2022,2000_2026,2020-2024,Oceania and Pacific,Postwar exhibition and cultural posters,NAIDOC Poster Gallery,NAIDOC Poster Gallery,NAIDOC 2022 Poster,IMG02,255,2199,2454,Australia / Indigenous|Postwar exhibition and cultural posters|NAIDOC Poster Gallery|2020-2024,3,1,1,0,30,25,22,66,26,0,0,37,34,30,,poster,manual_review,low,Signals are mixed; keep in review rather than applying a structural rule.,34,"Which signal is decisive: impact, source depth, relation density, or risk?",pending,
SURF-CAW2026R03644,CAW2026R03644,2008,2000_2026,2005-2009,Oceania and Pacific,Modern typography and layout,Wikimedia Commons,Wikimedia Commons file source / SCMC ShoreisMagic(2008) Poster3.jpg / page 52424323,SCMC ShoreisMagic(2008) Poster3.jpg,IMG03,234,2538,2772,Aotearoa New Zealand|Modern typography and layout|Wikimedia Commons|2005-2009,2,1,1,0,38,23,17,64,78,20,0,37,36,38,weak_context:talk; commons_file_source,design; graphic; poster; visual communication,manual_review,low,Signals are mixed; keep in review rather than applying a structural rule.,66,"Which signal is decisive: impact, source depth, relation density, or risk?",pending,
SURF-CAW2026R03454,CAW2026R03454,2001,2000_2026,2000-2004,Papua New Guinea,Modern typography and layout,Wikimedia Commons,Wikimedia Commons file source / MA I291951 TePapa Fortagonum-hornabrookianum full.jpg / page 101730418,MA I291951 TePapa Fortagonum-hornabrookianum full.jpg,IMG03,301,2652,2953,Papua New Guinea|Modern typography and layout|Wikimedia Commons|2000-2004,2,1,0,0,45,30,5,70,78,8,89,37,30,45,commons_file_source,design; graphic; packaging; visual communication,manual_review,low,Signals are mixed; keep in review rather than applying a structural rule.,38,"Which signal is decisive: impact, source depth, relation density, or risk?",pending,
SURF-CAW2026R04790,CAW2026R04790,2023,2000_2026,2020-2024,Qatar,Modern typography and layout,Wikimedia Commons,Wikimedia Commons file source / An ELAN advertisement in Lusail.png / page 147002113,An ELAN advertisement in Lusail.png,IMG03,274,2546,2820,Qatar|Modern typography and layout|Wikimedia Commons|2020-2024,1,1,0,0,47,27,0,67,90,8,99,37,33,47,commons_file_source,advertisement; advertising; design; graphic; visual communication,manual_review,low,Signals are mixed; keep in review rather than applying a structural rule.,41,"Which signal is decisive: impact, source depth, relation density, or risk?",pending,
SURF-CCT2026R01741,CCT2026R01741,2004,2000_2026,2000-2004,Serbia,Modern typography and layout,Wikimedia Commons,Wikimedia Commons file source / Plakat Tragom Indije 10-20. XII 2004.jpg / page 75709725,Plakat Tragom Indije 10-20. XII 2004.jpg,IMG03,201,2806,3007,Serbia|Modern typography and layout|Wikimedia Commons|2000-2004,2,1,0,0,38,20,5,61,78,8,30,37,39,38,commons_file_source,design; graphic; poster; visual communication,manual_review,low,Signals are mixed; keep in review rather than applying a structural rule.,57,"Which signal is decisive: impact, source depth, relation density, or risk?",pending,
SURF-CAW2026R03504,CAW2026R03504,2004,2000_2026,2000-2004,Solomon Islands,Modern typography and layout,Wikimedia Commons,Wikimedia Commons file source / Poster encouraging tax payments. Solomon Islands 2004. Photo- Peter Davis - AusAID (10714543963).jpg / page 32165642,Poster encouraging tax payments. Solomon Islands 2004. Photo- Peter Davis - AusAID (10714543963).jpg,IMG03,346,2710,3056,Solomon Islands|Modern typography and layout|Wikimedia Commons|2000-2004,1,1,0,0,46,34,0,73,78,8,96,37,27,46,commons_file_source,design; graphic; poster; visual communication,manual_review,low,Signals are mixed; keep in review rather than applying a structural rule.,35,"Which signal is decisive: impact, source depth, relation density, or risk?",pending,
SURF-CAW2026R04902,CAW2026R04902,2024,2000_2026,2020-2024,South Asia,Modern typography and layout,Wikimedia Commons,Wikimedia Commons file source / Sloka 2.png / page 160983319,Sloka 2.png,IMG03,127,2395,2522,India|Modern typography and layout|Wikimedia Commons|2020-2024,3,1,0,0,38,12,10,55,90,8,14,37,45,38,commons_file_source,design; film poster; graphic; poster; visual communication,manual_review,low,Signals are mixed; keep in review rather than applying a structural rule.,63,"Which signal is decisive: impact, source depth, relation density, or risk?",pending,
SURF-IAC1990R011,IAC1990R011,2025,2000_2026,2025-2029,Southeast Asia,Midcentury modern graphic communication,Malaysia Design Archive,Malaysia Design Archive,Trying to Silence the LGBTQ+ Community? Good Luck Babe!,IMG02,340,2286,2626,Malaysia|Midcentury modern graphic communication|Malaysia Design Archive|2025-2029,3,1,1,0,43,49,22,73,50,0,0,37,27,43,,design; print; publication,manual_review,low,Signals are mixed; keep in review rather than applying a structural rule.,27,"Which signal is decisive: impact, source depth, relation density, or risk?",pending,
SURF-CRB2026V3R00411,CRB2026V3R00411,2012,2000_2026,2010-2014,Southeast Asia,Modern typography and layout,Wikimedia Commons,Wikimedia Commons file source / School children passing street posters; June 2012.jpg / page 55268889,School children passing street posters; June 2012.jpg,IMG03,176,2675,2851,Indonesia|Modern typography and layout|Wikimedia Commons|2010-2014,3,1,0,0,36,17,10,59,78,8,0,37,41,36,commons_file_source,design; graphic; poster; visual communication,manual_review,low,Signals are mixed; keep in review rather than applying a structural rule.,59,"Which signal is decisive: impact, source depth, relation density, or risk?",pending,
SURF-CAW2026R03524,CAW2026R03524,2005,2000_2026,2005-2009,Syria,Modern typography and layout,Wikimedia Commons,Wikimedia Commons file source / Kalimat thaqafiyya (1) (2005) Book Cover .jpg / page 186657520,Kalimat thaqafiyya (1) (2005) Book Cover .jpg,IMG03,378,2571,2949,Syria|Modern typography and layout|Wikimedia Commons|2005-2009,2,1,0,0,48,37,5,76,78,8,84,37,24,48,commons_file_source,book cover; design; graphic; visual communication,manual_review,low,Signals are mixed; keep in review rather than applying a structural rule.,32,"Which signal is decisive: impact, source depth, relation density, or risk?",pending,
SURF-CAW2026R03600,CAW2026R03600,2007,2000_2026,2005-2009,Timor-Leste,Modern typography and layout,Wikimedia Commons,Wikimedia Commons file source / Poster Eleisaun Parl.png / page 85100541,Poster Eleisaun Parl.png,IMG03,406,2552,2958,Timor-Leste|Modern typography and layout|Wikimedia Commons|2005-2009,3,1,0,0,51,40,10,78,78,8,98,37,22,51,commons_file_source,design; graphic; poster; visual communication,manual_review,low,Signals are mixed; keep in review rather than applying a structural rule.,30,"Which signal is decisive: impact, source depth, relation density, or risk?",pending,
SURF-CAW2026R04047,CAW2026R04047,2015,2000_2026,2015-2019,Tunisia,Modern typography and layout,Wikimedia Commons,Wikimedia Commons file source / WLE TN 2015.jpg / page 39875659,WLE TN 2015.jpg,IMG03,212,2439,2651,Tunisia|Modern typography and layout|Wikimedia Commons|2015-2019,4,1,1,0,49,21,27,62,90,8,87,37,38,49,commons_file_source,design; graphic; logo; poster; visual communication,manual_review,low,Signals are mixed; keep in review rather than applying a structural rule.,56,"Which signal is decisive: impact, source depth, relation density, or risk?",pending,
SURF-CAW2026R03492,CAW2026R03492,2004,2000_2026,2000-2004,Uganda,Modern typography and layout,Wikimedia Commons,Wikimedia Commons file source / Uganda- poster about UDD toilets (2957888070).jpg / page 36547758,Uganda- poster about UDD toilets (2957888070).jpg,IMG03,205,2548,2753,Uganda|Modern typography and layout|Wikimedia Commons|2000-2004,1,1,0,0,40,20,0,62,78,8,86,37,38,40,commons_file_source,design; graphic; poster; visual communication,manual_review,low,Signals are mixed; keep in review rather than applying a structural rule.,56,"Which signal is decisive: impact, source depth, relation density, or risk?",pending,
SURF-CAW2026R04327,CAW2026R04327,2018,2000_2026,2015-2019,United Arab Emirates,Modern typography and layout,Wikimedia Commons,"Wikimedia Commons file source / Wikidata 6th Birthday at United Arab Emirates, Ajman Poster (1).png / page 73126996","Wikidata 6th Birthday at United Arab Emirates, Ajman Poster (1).png",IMG03,238,2664,2902,United Arab Emirates|Modern typography and layout|Wikimedia Commons|2015-2019,2,1,0,0,43,23,5,64,78,8,92,37,36,43,commons_file_source,design; graphic; poster; visual communication,manual_review,low,Signals are mixed; keep in review rather than applying a structural rule.,54,"Which signal is decisive: impact, source depth, relation density, or risk?",pending,
SURF-PWC2026R018,PWC2026R018,2024,2000_2026,2020-2024,Unresolved region,World War and public-information graphics,Wikimedia Commons,Wikimedia Commons,Poster acara Lokakarya Wikisumber bahasa Indonesia Daring Mei 2024.jpg,IMG03,174,2494,2668,Unresolved region|World War and public-information graphics|Wikimedia Commons|2020-2024,1,1,0,0,30,17,0,59,44,8,70,37,41,30,commons_file_source,graphic; poster,manual_review,low,Signals are mixed; keep in review rather than applying a structural rule.,59,"Which signal is decisive: impact, source depth, relation density, or risk?",pending,
SURF-EW1970R014,EW1970R014,2025,2000_2026,2025-2029,Western and Central Europe,Corporate identity and design systems,Another Graphic,Another Graphic,Anastasia Temirkhan,IMG02,170,2026,2196,Switzerland|Corporate identity and design systems|Another Graphic|2025-2029,1,1,1,0,36,17,12,59,74,0,0,37,41,36,,design; graphic; identity; poster; typography,manual_review,low,Signals are mixed; keep in review rather than applying a structural rule.,51,"Which signal is decisive: impact, source depth, relation density, or risk?",pending,
SURF-CAW2026R04135,CAW2026R04135,2016,2000_2026,2015-2019,Western and Central Europe,Modern typography and layout,Wikimedia Commons,"Wikimedia Commons file source / Dublin Airport ""Croatia"" poster, Belfast (January 2016) - geograph.org.uk - 4803360.jpg / page 132175652","Dublin Airport ""Croatia"" poster, Belfast (January 2016) - geograph.org.uk - 4803360.jpg",IMG03,246,2641,2887,United Kingdom|Modern typography and layout|Wikimedia Commons|2015-2019,1,1,1,0,39,24,12,65,78,8,0,37,35,39,commons_file_source,design; graphic; poster; visual communication,manual_review,low,Signals are mixed; keep in review rather than applying a structural rule.,53,"Which signal is decisive: impact, source depth, relation density, or risk?",pending,
SURF-CAW2026R04595,CAW2026R04595,2021,2000_2026,2020-2024,Yemen,Corporate identity and design systems,Wikimedia Commons,Wikimedia Commons file source / Balqees 2021.png / page 164645268,Balqees 2021.png,IMG03,282,2563,2845,Yemen|Corporate identity and design systems|Wikimedia Commons|2020-2024,4,1,0,0,51,28,15,68,95,8,90,37,32,51,commons_file_source,advertisement; advertising; brand; design; graphic; visual communication,manual_review,low,Signals are mixed; keep in review rather than applying a structural rule.,40,"Which signal is decisive: impact, source depth, relation density, or risk?",pending,
SURF-CAW2026R01228,CAW2026R01228,1916,pre_1930,1915-1919,Africa,Modern typography and layout,Wikimedia Commons,Wikimedia Commons file source / The Star of Ethiopia Philadelphia 1916 full color poster.jpg / page 144971975,The Star of Ethiopia Philadelphia 1916 full color poster.jpg,IMG03,212,2512,2724,Ethiopia|Modern typography and layout|Wikimedia Commons|1915-1919,1,1,0,0,36,21,0,62,78,8,36,0,38,36,commons_file_source,design; graphic; poster; visual communication,manual_review,low,Signals are mixed; keep in review rather than applying a structural rule.,56,"Which signal is decisive: impact, source depth, relation density, or risk?",pending,
