sample_id,sample_type,target_display_labels,target_region_ids,target_geo_ids,surface_id,source_record_id,title,date_text,period_band,source_name,current_region_label,candidate_action,confidence,evidence_fields,evidence_snippet,review_question
RGN-QA-001,auto_map_stratified,Aotearoa New Zealand,REG015,GEO070,SURF-DNZ1970R001,DNZ1970R001,"Untitled Illustration (Otago Daily Times, 15 August 1867)",15-08-1867; 1867-08-15T00:00:00.000Z; 1867-08-15T00:00:00.000Z; 2012-04-20T19:55:34.000+12:00,pre_1930,DigitalNZ,Unresolved region,auto_map_from_unresolved,high,placeText; sourceSubjects; title; sourceDescription; sourceNotes; sourceName,"placeText: Aotearoa New Zealand | sourceSubjects: natlib:online_item | title: Untitled Illustration (Otago Daily Times, 15 August 1867) | sourceDescription: The source does not provide extended descriptive prose. The item metadata gives date evidence: 15-08-1867; 1867-08-15T00:00:00.000Z; …; place evidence: Aotearoa New Zealand. For th",Does high-signal metadata support this target geography?
RGN-QA-002,auto_map_stratified,Aotearoa New Zealand,REG015,GEO070,SURF-DNZ1970R002-GROUP,DNZ1970R002-GROUP,"Untitled Illustration (Otago Witness, 13 December 1879) grouped records, 1879",1879,pre_1930,DigitalNZ,Unresolved region,auto_map_from_unresolved,high,placeText; sourceSubjects; title; sourceDescription; sourceNotes; sourceName,"placeText: Aotearoa New Zealand | sourceSubjects: natlib:online_item | title: Untitled Illustration (Otago Witness, 13 December 1879) grouped records, 1879 | sourceDescription: Grouped duplicate/source-generic records. This prevents repeated archive labels from reading as separate designed sheets.",Does high-signal metadata support this target geography?
RGN-QA-003,auto_map_stratified,Aotearoa New Zealand,REG015,GEO070,SURF-DNZ1970R009-GROUP,DNZ1970R009-GROUP,"Untitled Illustration (Otago Witness, 20 December 1879) grouped records, 1879",1879,pre_1930,DigitalNZ,Unresolved region,auto_map_from_unresolved,high,placeText; sourceSubjects; title; sourceDescription; sourceNotes; sourceName,"placeText: Aotearoa New Zealand | sourceSubjects: natlib:online_item | title: Untitled Illustration (Otago Witness, 20 December 1879) grouped records, 1879 | sourceDescription: Grouped duplicate/source-generic records. This prevents repeated archive labels from reading as separate designed sheets.",Does high-signal metadata support this target geography?
RGN-QA-004,auto_map_stratified,Aotearoa New Zealand,REG015,GEO070,SURF-DNZ1970R012,DNZ1970R012,"Untitled Illustration (Otago Witness, 27 December 1879)",27-12-1879; 1879-12-27T00:00:00.000Z; 1879-12-27T00:00:00.000Z; 2012-04-20T20:17:15.000+12:00,pre_1930,DigitalNZ,Unresolved region,auto_map_from_unresolved,high,placeText; sourceSubjects; title; sourceDescription; sourceNotes; sourceName,"placeText: Aotearoa New Zealand | sourceSubjects: natlib:online_item | title: Untitled Illustration (Otago Witness, 27 December 1879) | sourceDescription: The source does not provide extended descriptive prose. The item metadata gives date evidence: 27-12-1879; 1879-12-27T00:00:00.000Z; …; place evidence: Aotearoa New Zealand. For th",Does high-signal metadata support this target geography?
RGN-QA-005,auto_map_stratified,Aotearoa New Zealand,REG015,GEO070,SURF-DNZ1970R013,DNZ1970R013,"Untitled Illustration (Otago Witness, 03 January 1880)",03-01-1880; 1880-01-03T00:00:00.000Z; 1880-01-03T00:00:00.000Z; 2012-04-20T20:40:57.000+12:00,pre_1930,DigitalNZ,Unresolved region,auto_map_from_unresolved,high,placeText; sourceSubjects; title; sourceDescription; sourceNotes; sourceName,"placeText: Aotearoa New Zealand | sourceSubjects: natlib:online_item | title: Untitled Illustration (Otago Witness, 03 January 1880) | sourceDescription: The source does not provide extended descriptive prose. The item metadata gives date evidence: 03-01-1880; 1880-01-03T00:00:00.000Z; …; place evidence: Aotearoa New Zealand. For th",Does high-signal metadata support this target geography?
RGN-QA-006,auto_map_stratified,Aotearoa New Zealand,REG015,GEO070,SURF-DNZ1970R014,DNZ1970R014,"Untitled Illustration (Otago Witness, 24 July 1880)",24-07-1880; 1880-07-24T00:00:00.000Z; 1880-07-24T00:00:00.000Z; 2012-04-20T20:29:06.000+12:00,pre_1930,DigitalNZ,Unresolved region,auto_map_from_unresolved,high,placeText; sourceSubjects; title; sourceDescription; sourceNotes; sourceName,"placeText: Aotearoa New Zealand | sourceSubjects: natlib:online_item | title: Untitled Illustration (Otago Witness, 24 July 1880) | sourceDescription: The source does not provide extended descriptive prose. The item metadata gives date evidence: 24-07-1880; 1880-07-24T00:00:00.000Z; …; place evidence: Aotearoa New Zealand. For th",Does high-signal metadata support this target geography?
RGN-QA-007,auto_map_stratified,Aotearoa New Zealand,REG015,GEO070,SURF-DNZ1970R015-GROUP,DNZ1970R015-GROUP,"Untitled Illustration (Otago Witness, 20 April 1893) grouped records, 1893",1893,pre_1930,DigitalNZ,Unresolved region,auto_map_from_unresolved,high,placeText; sourceSubjects; title; sourceDescription; sourceNotes; sourceName,"placeText: Aotearoa New Zealand | sourceSubjects: natlib:online_item | title: Untitled Illustration (Otago Witness, 20 April 1893) grouped records, 1893 | sourceDescription: Grouped duplicate/source-generic records. This prevents repeated archive labels from reading as separate designed sheets.",Does high-signal metadata support this target geography?
RGN-QA-008,auto_map_stratified,Aotearoa New Zealand,REG015,GEO070,SURF-DNZ1970R019,DNZ1970R019,"Untitled Illustration (Observer, 06 September 1902)",06-09-1902; 1902-09-06T00:00:00.000Z; 1902-09-06T00:00:00.000Z; 2012-04-20T19:41:02.000+12:00,pre_1930,DigitalNZ,Unresolved region,auto_map_from_unresolved,high,placeText; sourceSubjects; title; sourceDescription; sourceNotes; sourceName,"placeText: Aotearoa New Zealand | sourceSubjects: natlib:online_item | title: Untitled Illustration (Observer, 06 September 1902) | sourceDescription: The source does not provide extended descriptive prose. The item metadata gives date evidence: 06-09-1902; 1902-09-06T00:00:00.000Z; …; place evidence: Aotearoa New Zealand. For th",Does high-signal metadata support this target geography?
RGN-QA-009,auto_map_stratified,United States,REG003,GEO025,SURF-SI1970R001,SI1970R001,"Trade Card of John Williams, Clothier",ca. 1830; 1820s; 1830s,pre_1930,Smithsonian Open Access,Unresolved region,auto_map_from_unresolved,high,placeText; sourceSubjects; title; sourceDescription; sourceNotes; sourceName,"placeText: USA; USA | sourceSubjects: Trade cards | title: Trade Card of John Williams, Clothier | sourceDescription: Lithograph on paper; 8.6 × 12.4 cm (3 3/8 × 4 7/8 in.); Research in Progress; A street corner with a tailor's shop; a woman and two men walk past it. On top are a drapery festoon w",Does high-signal metadata support this target geography?
RGN-QA-010,auto_map_stratified,United States,REG003,GEO025,SURF-ER1830R054,ER1830R054,Picture Posters,1896-early 1900s,pre_1930,V&A Collections API,Unresolved region,auto_map_from_unresolved,high,placeText; sourceSubjects; title; sourceDescription; sourceNotes; sourceName,placeText: USA | sourceSubjects: Posters; Books; Advertising | title: Picture Posters | sourceDescription: Lithograph with red lettering depicting a bill poster preparing a barrel with glue to post a sheet. The poster advertises a book whose full title is 'Picture Posters: A Short Histo,Does high-signal metadata support this target geography?
RGN-QA-011,auto_map_stratified,United States,REG003,GEO025,SURF-CHW2026R053,CHW2026R053,Album: A. P. W. Finest Satin Tissue 1500,1898-1954,pre_1930,Cooper Hewitt Collection GraphQL API,Unresolved region,auto_map_from_unresolved,high,placeText; title; sourceDescription; sourceNotes; sourceName,"placeText: USA | title: Album: A. P. W. Finest Satin Tissue 1500 | sourceDescription: On a red background, in ivory Art Deco block capitals, A.P.W. is imprinted, centered, just below the top edge; and repeated in identical color and style, but smaller, next to the l | sourceNotes: {""credit"": ""Gift of Ellen Gustav Jensen"", ""rights"": [{""details"": ""owner of rights unknown"", ""type"": ""copyright""}]}",Does high-signal metadata support this target geography?
RGN-QA-012,auto_map_stratified,United States,REG003,GEO025,SURF-CHW2026R054,CHW2026R054,Album: Pickwick Beer,1898-1954,pre_1930,Cooper Hewitt Collection GraphQL API,Unresolved region,auto_map_from_unresolved,high,placeText; title; sourceDescription; sourceNotes; sourceName,"placeText: USA | title: Album: Pickwick Beer | sourceDescription: On an off-white background, Pickwick, curved upward, is imprinted across in black serif style capitals. Centered directly underneath, the gilt-colored design is composed of Lager,  | sourceNotes: {""credit"": ""Gift of Ellen Gustav Jensen"", ""rights"": [{""details"": ""owner of rights unknown"", ""type"": ""copyright""}]}",Does high-signal metadata support this target geography?
RGN-QA-013,auto_map_stratified,United States,REG003,GEO025,SURF-CHW2026R055,CHW2026R055,Album: The Cotton Picker,1898-1954,pre_1930,Cooper Hewitt Collection GraphQL API,Unresolved region,auto_map_from_unresolved,high,placeText; title; sourceDescription; sourceNotes; sourceName,"placeText: USA | title: Album: The Cotton Picker | sourceDescription: The present object, a label for a round or oval package designed to dispense absorbent cotton, appears in a flattened state. The lavender background is punctuated from top to botto | sourceNotes: {""credit"": ""Gift of Ellen Gustav Jensen"", ""rights"": [{""details"": ""owner of rights unknown"", ""type"": ""copyright""}]}",Does high-signal metadata support this target geography?
RGN-QA-014,auto_map_stratified,United States,REG003,GEO025,SURF-CHW2026R056,CHW2026R056,Album: pmg/ Gilbert's Oral Antiseptic,1898-1954,pre_1930,Cooper Hewitt Collection GraphQL API,Unresolved region,auto_map_from_unresolved,high,placeText; title; sourceDescription; sourceNotes; sourceName,"placeText: USA | title: Album: pmg/ Gilbert's Oral Antiseptic | sourceDescription: In the present object, although the four items are photographed in black and white, they were presumably fabricated in color. The design scheme uses small, sans-serif type througho | sourceNotes: {""credit"": ""Gift of Ellen Gustav Jensen"", ""rights"": [{""details"": ""owner of rights unknown"", ""type"": ""copyright""}]}",Does high-signal metadata support this target geography?
RGN-QA-015,auto_map_stratified,United States,REG003,GEO025,SURF-CHW2026R059,CHW2026R059,"Two Covered Boxes, One with Tassels",1898-1954,pre_1930,Cooper Hewitt Collection GraphQL API,Unresolved region,auto_map_from_unresolved,high,placeText; title; sourceDescription; sourceNotes; sourceName,"placeText: USA | title: Two Covered Boxes, One with Tassels | sourceDescription: Two square-shaped boxes, designed as product packaging, are framed in actual or simulated wooden or metallic material. Eight foliate forms in brown on a black background are arrang | sourceNotes: {""credit"": ""Gift of Ellen Gustav Jensen""}",Does high-signal metadata support this target geography?
RGN-QA-016,auto_map_stratified,United States,REG003,GEO025,SURF-CHW2026R094,CHW2026R094,. . . . AND National Bohemian Advertisement Proof,20th century,pre_1930,Cooper Hewitt Collection GraphQL API,Unresolved region,auto_map_from_unresolved,high,placeText; title; sourceDescription; sourceNotes; sourceName,"placeText: USA | title: . . . . AND National Bohemian Advertisement Proof | sourceDescription: Black rectangle at center featuring a gray illustration of a lobster with left claw surrounding a conical glass of beer. National Bohemian beer bottle and bottle cap at right. Text | sourceNotes: {""credit"": ""Museum purchase with funding provided by the Buddy Taub Foundation, Dennis A. Roach and Jill Roach Directors""}",Does high-signal metadata support this target geography?
RGN-QA-017,auto_map_stratified,Iran,REG013,GEO057,SURF-CRG2026R0483,CRG2026R0483,Tehrane makhof book cover.jpg,1925,pre_1930,Wikimedia Commons file source / Tehrane makhof book cover.jpg / page 12369156,Unresolved region,auto_map_from_unresolved,high,placeText; sourceSubjects; title; sourceDescription; sourceNotes; sourceName,placeText: Middle East and North Africa / Iran | sourceSubjects: Middle East and North Africa; Iran; book cover; Category:Book covers from Iran Category:Horrible Tehran Category:PD Iran | title: Tehrane makhof book cover.jpg | sourceDescription: طرح روی جلد نسخه اصلی کتاب تهران مخوف، نوشته مشفق کاظمی.,Does high-signal metadata support this target geography?
RGN-QA-018,auto_map_stratified,Iran,REG013,GEO057,SURF-CRG2026R1404,CRG2026R1404,Zalem bala.jpg,1950,1930_1970,Wikimedia Commons file source / Zalem bala.jpg / page 39242244,Unresolved region,auto_map_from_unresolved,high,placeText; sourceSubjects; title; sourceDescription; sourceNotes; sourceName,placeText: Middle East and North Africa / Iran | sourceSubjects: Middle East and North Africa; Iran; film poster; Category:1950s film posters of Iran Category:1957 film posters of Iran Category:PD Iran Category:Template Unknown (author) Category | title: Zalem bala.jpg | sourceDescription: Zalem bala poster - 1956,Does high-signal metadata support this target geography?
RGN-QA-019,auto_map_stratified,Iran,REG013,GEO057,SURF-CRG2026R1504,CRG2026R1504,"Music-e Iran magazine cover, Issue 1.jpg",1952,1930_1970,"Wikimedia Commons file source / Music-e Iran magazine cover, Issue 1.jpg / page 85133713",Unresolved region,auto_map_from_unresolved,high,placeText; sourceSubjects; title; sourceDescription; sourceNotes; sourceName,"placeText: Middle East and North Africa / Iran | sourceSubjects: Middle East and North Africa; Iran; magazine cover; | title: Music-e Iran magazine cover, Issue 1.jpg | sourceDescription: مرتضی محجوبی در حال نواختن ویولن، صفحهٔ اول مجله موزیک ایران",Does high-signal metadata support this target geography?
RGN-QA-020,auto_map_stratified,Iran,REG013,GEO057,SURF-CRG2026R1522,CRG2026R1522,20th anniversary of 1953 Iranian coup d'état.jpg,1953,1930_1970,Wikimedia Commons file source / 20th anniversary of 1953 Iranian coup d'état.jpg / page 19306132,Unresolved region,auto_map_from_unresolved,high,placeText; sourceSubjects; title; sourceDescription; sourceNotes; sourceName,placeText: Middle East and North Africa / Iran | sourceSubjects: Middle East and North Africa; Iran; stamp; Category:1973 stamps of Iran Category:20th anniversaries on stamps Category:Anniversaries on stamps of Iran Category:Anniversary of the 1 | title: 20th anniversary of 1953 Iranian coup d'état.jpg | sourceDescription: 20th anniversary of 1953 Iranian coup d'état stamp,Does high-signal metadata support this target geography?
RGN-QA-021,auto_map_stratified,Iran,REG013,GEO057,SURF-CRG2026R1553,CRG2026R1553,اتهام.jpg,1956,1930_1970,Wikimedia Commons file source / اتهام.jpg / page 155976811,Unresolved region,auto_map_from_unresolved,high,placeText; sourceSubjects; title; sourceDescription; sourceNotes; sourceName,placeText: Middle East and North Africa / Iran | sourceSubjects: Middle East and North Africa; Iran; film poster; Category:1956 film posters of Iran Category:Film posters by Misha Geragosian Category:Film posters of Iran Category:Images with ext | title: اتهام.jpg | sourceDescription: film poster,Does high-signal metadata support this target geography?
RGN-QA-022,auto_map_stratified,Iran,REG013,GEO057,SURF-CRG2026R1564,CRG2026R1564,بلبل مزرعه.jpg,1957,1930_1970,Wikimedia Commons file source / بلبل مزرعه.jpg / page 155978307,Unresolved region,auto_map_from_unresolved,high,placeText; sourceSubjects; title; sourceDescription; sourceNotes; sourceName,placeText: Middle East and North Africa / Iran | sourceSubjects: Middle East and North Africa; Iran; film poster; Category:1957 film posters of Iran Category:Film posters by Jarchi Advertising Category:Film posters of Iran Category:Images with e | title: بلبل مزرعه.jpg | sourceDescription: film poster,Does high-signal metadata support this target geography?
RGN-QA-023,auto_map_stratified,Iran,REG013,GEO057,SURF-CRG2026R1583,CRG2026R1583,اینم یه جورشه.jpg,1959,1930_1970,Wikimedia Commons file source / اینم یه جورشه.jpg / page 155977478,Unresolved region,auto_map_from_unresolved,high,placeText; sourceSubjects; title; sourceDescription; sourceNotes; sourceName,placeText: Middle East and North Africa / Iran | sourceSubjects: Middle East and North Africa; Iran; film poster; Category:1959 film posters of Iran Category:Film posters by Pateh Agency Category:Film posters of Iran Category:Images with extract | title: اینم یه جورشه.jpg | sourceDescription: film poster,Does high-signal metadata support this target geography?
RGN-QA-024,auto_map_stratified,Iran,REG013,GEO057,SURF-CRG2026R1629,CRG2026R1629,آس و پاس (پوستر).jpg,1961,1930_1970,Wikimedia Commons file source / آس و پاس (پوستر).jpg / page 155976915,Unresolved region,auto_map_from_unresolved,high,placeText; sourceSubjects; title; sourceDescription; sourceNotes; sourceName,placeText: Middle East and North Africa / Iran | sourceSubjects: Middle East and North Africa; Iran; film poster; Category:1961 film posters of Iran Category:Film posters by Mohsen Davallou Category:Film posters of Iran Category:PD Iran Category | title: آس و پاس (پوستر).jpg | sourceDescription: film poster,Does high-signal metadata support this target geography?
RGN-QA-025,auto_map_stratified,United Kingdom,REG001,GEO003,SURF-CRG2026R0004,CRG2026R0004,"The Town Hall, Market Place, Tamworth - geograph.org.uk - 1741283.jpg",1834,pre_1930,"Wikimedia Commons file source / The Town Hall, Market Place, Tamworth - geograph.org.uk - 1741283.jpg / page 14476689",Unresolved region,auto_map_from_unresolved,high,placeText; sourceSubjects; title; sourceDescription; sourceNotes; sourceName,"placeText: Global / release gate expansion | sourceSubjects: Global; release gate expansion; leaflet; Category:CC-BY-SA-2.0 Category:Images by Humphrey Bolton Category:Images from Geograph Britain and Ireland Category:Information field templ | title: The Town Hall, Market Place, Tamworth - geograph.org.uk - 1741283.jpg | sourceDescription: The Town Hall, Market Place, Tamworth Built in 1701 by Thomas Guy, M.P. for the town. It is of mellow brick with arcades at ground level, large Jacobean windows and a steeply-pitch",Does high-signal metadata support this target geography?
RGN-QA-026,auto_map_stratified,United Kingdom,REG001,GEO003,SURF-COM1970R003,COM1970R003,Барли Вайн (тип эля) БАСС №1- - лучший зимний напиток!.jpg,1890,pre_1930,Wikimedia Commons,Unresolved region,auto_map_from_unresolved,high,placeText; sourceSubjects; title; sourceDescription; sourceNotes; sourceName,placeText: Unresolved region | sourceSubjects: Bass Brewery|Barley wines|PD-scan (PD-scan/PD)|English-language posters|Posters of the United Kingdom|Advertising posters|Template Unknown (author)|1890s posters | title: Барли Вайн (тип эля) БАСС №1- - лучший зимний напиток!.jpg | sourceDescription: The source does not provide extended descriptive prose. The item metadata gives date evidence: 1890; creator/attribution: Unknown author Unknown author; form/medium: Open image rec,Does high-signal metadata support this target geography?
RGN-QA-027,auto_map_stratified,United Kingdom,REG001,GEO003,SURF-COM1970R006,COM1970R006,PP D211 poster by professor herkomer for the magazine of art.jpg,1896,pre_1930,Wikimedia Commons,Unresolved region,auto_map_from_unresolved,high,placeText; sourceSubjects; title; sourceDescription; sourceNotes; sourceName,placeText: United Kingdom | sourceSubjects: PD US|Hubert von Herkomer|Advertising posters|Picture Posters (book)|1896 posters of the United Kingdom|Posters of England|PD-US missing SDC copyright status|Magazine of Art 1896 | title: PP D211 poster by professor herkomer for the magazine of art.jpg | sourceDescription: poster by professor herkomer for the magazine of art,Does high-signal metadata support this target geography?
RGN-QA-028,auto_map_stratified,United Kingdom,REG001,GEO003,SURF-CRG2026R0199,CRG2026R0199,Stamp Gibraltar 1903 2.5p.jpg,1903,pre_1930,Wikimedia Commons file source / Stamp Gibraltar 1903 2.5p.jpg / page 357580,Unresolved region,auto_map_from_unresolved,high,placeText; sourceSubjects; title; sourceDescription; sourceNotes; sourceName,placeText: Global / release gate expansion | sourceSubjects: Global; release gate expansion; stamp; Category:1903 stamps of Gibraltar Category:1903 stamps of the British Empire Category:Blue stamps Category:Edward VII of the United Kingdom o | title: Stamp Gibraltar 1903 2.5p.jpg | sourceDescription: The source does not provide extended descriptive prose. The item metadata gives date evidence: 1903; place evidence: Global / release gate expansion; form/medium: release-gate open,Does high-signal metadata support this target geography?
RGN-QA-029,auto_map_stratified,United Kingdom,REG001,GEO003,SURF-CRG2026R0247,CRG2026R0247,Stamp GB Edward VII 2d Tyrian plum.jpg,1910,pre_1930,Wikimedia Commons file source / Stamp GB Edward VII 2d Tyrian plum.jpg / page 2964767,Unresolved region,auto_map_from_unresolved,high,placeText; sourceSubjects; title; sourceDescription; sourceNotes; sourceName,placeText: Global / release gate expansion | sourceSubjects: Global; release gate expansion; stamp; Category:1910 stamps of the United Kingdom Category:King Edward VII stamps of the United Kingdom Category:Stamps by Emil Fuchs Category:Stamp | title: Stamp GB Edward VII 2d Tyrian plum.jpg | sourceDescription: en:Edward VII 2d Tyrian plum stamp,Does high-signal metadata support this target geography?
RGN-QA-030,auto_map_stratified,United Kingdom,REG001,GEO003,SURF-COM1970R017,COM1970R017,At the R.A. by the Underground.jpg,1913,pre_1930,Wikimedia Commons,Unresolved region,auto_map_from_unresolved,high,placeText; sourceSubjects; title; sourceDescription; sourceNotes; sourceName,placeText: United Kingdom | sourceSubjects: Tony Sarg|Royal Academy summer exhibition|PD-scan (PD-old-auto)|Advertising posters|PD-old-80|CC-PD-Mark|Paintings in art|1913 posters of the United Kingdom|London Underground post | title: At the R.A. by the Underground.jpg | sourceDescription: Poster for the London Underground with a drawing of patrons of the Royal Academy of Arts. Caption: All truly great art is refreshing. At the R.A. by the Underground. The Humours of,Does high-signal metadata support this target geography?
RGN-QA-031,auto_map_stratified,United Kingdom,REG001,GEO003,SURF-COM1970R018,COM1970R018,Up River by the Underground.jpg,1913,pre_1930,Wikimedia Commons,Unresolved region,auto_map_from_unresolved,high,placeText; sourceSubjects; title; sourceDescription; sourceNotes; sourceName,"placeText: United Kingdom | sourceSubjects: Tony Sarg|Punts|Newspaper posters|PD-scan (PD-old-auto)|1913 advertisements|Advertising posters|PD-old-80|CC-PD-Mark|Posters of the River Thames|1913 posters of the United Kingdom| | title: Up River by the Underground.jpg | sourceDescription: Up river; Humours no. 6, by Tony Sarg",Does high-signal metadata support this target geography?
RGN-QA-032,auto_map_stratified,United Kingdom,REG001,GEO003,SURF-CRG2026R0323,CRG2026R0323,Stamp Nauru 1916 5p.jpg,1916,pre_1930,Wikimedia Commons file source / Stamp Nauru 1916 5p.jpg / page 260229,Unresolved region,auto_map_from_unresolved,high,placeText; sourceSubjects; title; sourceDescription; sourceNotes; sourceName,placeText: Global / release gate expansion | sourceSubjects: Global; release gate expansion; stamp; Category:Files with no machine-readable author Category:Media lacking author information Category:Overprints on stamps of the United Kingdom  | title: Stamp Nauru 1916 5p.jpg | sourceDescription: Nauru 5-penny overprint stamp of 1916,Does high-signal metadata support this target geography?
RGN-QA-033,auto_map_stratified,Turkey,REG013,GEO058,SURF-CRG2026R0099,CRG2026R0099,Amsterdam - Rijksmuseum 1885 - Gallery of Honour (1st Floor) - Still Life with Turkey Pie 1627 by Pieter Claesz..jpg,1885,pre_1930,Wikimedia Commons file source / Amsterdam - Rijksmuseum 1885 - Gallery of Honour (1st Floor) - Still Life with Turkey Pie 1627 by Pieter Claesz..jpg / page 39764452,Unresolved region,auto_map_from_unresolved,high,placeText; sourceSubjects; title; sourceDescription; sourceNotes; sourceName,"placeText: Middle East and North Africa / Turkey | sourceSubjects: Middle East and North Africa; Turkey; book cover; | title: Amsterdam - Rijksmuseum 1885 - Gallery of Honour (1st Floor) - Still Life with Turkey Pie 1627 by Pieter Claesz..jpg | sourceDescription: Still life with a turkey pie. Table laid with a white damast table cloth, dressed with pewter plates containing a pie, oysters, a lemon, salt, pepper and olives (?). On the table a",Does high-signal metadata support this target geography?
RGN-QA-034,auto_map_stratified,Turkey,REG013,GEO058,SURF-CCR2026R0024,CCR2026R0024,1. AUFF.jpg,1988,1970_2000,Wikimedia Commons file source / 1. AUFF.jpg / page 54334764,Unresolved region,auto_map_from_unresolved,high,placeText; sourceSubjects; title; sourceDescription; sourceNotes; sourceName,placeText: Middle East and North Africa / Turkey | sourceSubjects: Middle East and North Africa; Turkey; poster; | title: 1. AUFF.jpg | sourceDescription: 1. ANKARA INTERNATIONAL FILM FESTIVAL,Does high-signal metadata support this target geography?
RGN-QA-035,auto_map_stratified,Turkey,REG013,GEO058,SURF-CCR2026R0025,CCR2026R0025,2. AUFF.jpg,1989,1970_2000,Wikimedia Commons file source / 2. AUFF.jpg / page 54335136,Unresolved region,auto_map_from_unresolved,high,placeText; sourceSubjects; title; sourceDescription; sourceNotes; sourceName,placeText: Middle East and North Africa / Turkey | sourceSubjects: Middle East and North Africa; Turkey; poster; | title: 2. AUFF.jpg | sourceDescription: 2. Ankara Uluslararası Film Festivali,Does high-signal metadata support this target geography?
RGN-QA-036,auto_map_stratified,Turkey,REG013,GEO058,SURF-CCR2026R0026,CCR2026R0026,3. AUFF.jpg,1990,1970_2000,Wikimedia Commons file source / 3. AUFF.jpg / page 54355671,Unresolved region,auto_map_from_unresolved,high,placeText; sourceSubjects; title; sourceDescription; sourceNotes; sourceName,placeText: Middle East and North Africa / Turkey | sourceSubjects: Middle East and North Africa; Turkey; poster; | title: 3. AUFF.jpg | sourceDescription: 3. Ankara Uluslararası Film Festivali,Does high-signal metadata support this target geography?
RGN-QA-037,auto_map_stratified,Turkey,REG013,GEO058,SURF-CCR2026R0027,CCR2026R0027,4. AUFF.jpg,1992,1970_2000,Wikimedia Commons file source / 4. AUFF.jpg / page 54355735,Unresolved region,auto_map_from_unresolved,high,placeText; sourceSubjects; title; sourceDescription; sourceNotes; sourceName,placeText: Middle East and North Africa / Turkey | sourceSubjects: Middle East and North Africa; Turkey; poster; | title: 4. AUFF.jpg | sourceDescription: 4. Ankara Uluslararası Film Festivali,Does high-signal metadata support this target geography?
RGN-QA-038,auto_map_stratified,Turkey,REG013,GEO058,SURF-CCR2026R0028,CCR2026R0028,5. AUFF.jpg,1993,1970_2000,Wikimedia Commons file source / 5. AUFF.jpg / page 54334554,Unresolved region,auto_map_from_unresolved,high,placeText; sourceSubjects; title; sourceDescription; sourceNotes; sourceName,placeText: Middle East and North Africa / Turkey | sourceSubjects: Middle East and North Africa; Turkey; poster; | title: 5. AUFF.jpg | sourceDescription: 5. ANKARA INTERNATIONAL FILM FESTIVAL,Does high-signal metadata support this target geography?
RGN-QA-039,auto_map_stratified,Turkey,REG013,GEO058,SURF-CCR2026R0029,CCR2026R0029,6. AUFF.jpg,1994,1970_2000,Wikimedia Commons file source / 6. AUFF.jpg / page 54334555,Unresolved region,auto_map_from_unresolved,high,placeText; sourceSubjects; title; sourceDescription; sourceNotes; sourceName,placeText: Middle East and North Africa / Turkey | sourceSubjects: Middle East and North Africa; Turkey; poster; | title: 6. AUFF.jpg | sourceDescription: 6. ANKARA INTERNATIONAL FILM FESTIVAL,Does high-signal metadata support this target geography?
RGN-QA-040,auto_map_stratified,Turkey,REG013,GEO058,SURF-CCR2026R0030,CCR2026R0030,7. AUFF.jpg,1995,1970_2000,Wikimedia Commons file source / 7. AUFF.jpg / page 54334556,Unresolved region,auto_map_from_unresolved,high,placeText; sourceSubjects; title; sourceDescription; sourceNotes; sourceName,placeText: Middle East and North Africa / Turkey | sourceSubjects: Middle East and North Africa; Turkey; poster; | title: 7. AUFF.jpg | sourceDescription: 7. ANKARA INTERNATIONAL FILM FESTIVAL,Does high-signal metadata support this target geography?
RGN-QA-041,auto_map_stratified,Egypt,REG013,GEO056,SURF-CRG2026R0660,CRG2026R0660,The White Rose (1933).jpg,1933,1930_1970,Wikimedia Commons file source / The White Rose (1933).jpg / page 143481685,Unresolved region,auto_map_from_unresolved,high,placeText; sourceSubjects; title; sourceDescription; sourceNotes; sourceName,placeText: Africa / Egypt | sourceSubjects: Africa; Egypt; film poster; | title: The White Rose (1933).jpg | sourceDescription: Egyptian film The White Rose (1933) theatrical release poster,Does high-signal metadata support this target geography?
RGN-QA-042,auto_map_stratified,Egypt,REG013,GEO056,SURF-CRG2026R0793,CRG2026R0793,Weddad poster.jpg,1936,1930_1970,Wikimedia Commons file source / Weddad poster.jpg / page 181492148,Unresolved region,auto_map_from_unresolved,high,placeText; sourceSubjects; title; sourceDescription; sourceNotes; sourceName,placeText: Africa / Egypt | sourceSubjects: Africa; Egypt; film poster; | title: Weddad poster.jpg | sourceDescription: Film poster of Egyptian film Weddad,Does high-signal metadata support this target geography?
RGN-QA-043,auto_map_stratified,Egypt,REG013,GEO056,SURF-CRG2026R0865,CRG2026R0865,غلاف يحيا الحب (1938).jpg,1938,1930_1970,Wikimedia Commons file source / غلاف يحيا الحب (1938).jpg / page 140006930,Unresolved region,auto_map_from_unresolved,high,placeText; sourceSubjects; title; sourceDescription; sourceNotes; sourceName,placeText: Africa / Egypt | sourceSubjects: Africa; Egypt; film poster; | title: غلاف يحيا الحب (1938).jpg | sourceDescription: Film poster of Egyptian film Yahia El Hub (1938),Does high-signal metadata support this target geography?
RGN-QA-044,auto_map_stratified,Egypt,REG013,GEO056,SURF-CRG2026R1024,CRG2026R1024,Aydah poster.jpg,1942,1930_1970,Wikimedia Commons file source / Aydah poster.jpg / page 181492147,Unresolved region,auto_map_from_unresolved,high,placeText; sourceSubjects; title; sourceDescription; sourceNotes; sourceName,placeText: Africa / Egypt | sourceSubjects: Africa; Egypt; film poster; | title: Aydah poster.jpg | sourceDescription: Film poster of Egyptian film Aydah,Does high-signal metadata support this target geography?
RGN-QA-045,auto_map_stratified,Egypt,REG013,GEO056,SURF-CRG2026R1121,CRG2026R1121,Berlanti (1944).jpg,1944,1930_1970,Wikimedia Commons file source / Berlanti (1944).jpg / page 140006922,Unresolved region,auto_map_from_unresolved,high,placeText; sourceSubjects; title; sourceDescription; sourceNotes; sourceName,placeText: Africa / Egypt | sourceSubjects: Africa; Egypt; film poster; | title: Berlanti (1944).jpg | sourceDescription: Film poster of Egyptian film Berlanti (1944),Does high-signal metadata support this target geography?
RGN-QA-046,auto_map_stratified,Egypt,REG013,GEO056,SURF-CRG2026R1270,CRG2026R1270,Hedeya (1947).jpg,1947,1930_1970,Wikimedia Commons file source / Hedeya (1947).jpg / page 123589195,Unresolved region,auto_map_from_unresolved,high,placeText; sourceSubjects; title; sourceDescription; sourceNotes; sourceName,placeText: Africa / Egypt | sourceSubjects: Africa; Egypt; film poster; | title: Hedeya (1947).jpg | sourceDescription: Mahmoud Zulfikar on the poster for the 1947 Egyptian film Hedeya.,Does high-signal metadata support this target geography?
RGN-QA-047,auto_map_stratified,Egypt,REG013,GEO056,SURF-CRG2026R1285,CRG2026R1285,Above the Clouds (1948).jpg,1948,1930_1970,Wikimedia Commons file source / Above the Clouds (1948).jpg / page 123429234,Unresolved region,auto_map_from_unresolved,high,placeText; sourceSubjects; title; sourceDescription; sourceNotes; sourceName,"placeText: Africa / Egypt | sourceSubjects: Africa; Egypt; film poster; | title: Above the Clouds (1948).jpg | sourceDescription: Egyptian classical film poster, released in 1948",Does high-signal metadata support this target geography?
RGN-QA-048,auto_map_stratified,Egypt,REG013,GEO056,SURF-CRG2026R1371,CRG2026R1371,Ali Mosharrafa.jpg,1950,1930_1970,Wikimedia Commons file source / Ali Mosharrafa.jpg / page 6989024,Unresolved region,auto_map_from_unresolved,high,placeText; sourceSubjects; title; sourceDescription; sourceNotes; sourceName,"placeText: Africa / Egypt | sourceSubjects: Africa; Egypt; book cover; Category:Ali Moustafa Mosharafa Category:PD Egypt | title: Ali Mosharrafa.jpg | sourceDescription: This is a photo of Ali Moustafa Mosharafa , a famous Egyptian Scientist, shown on the back of the cover of one of his books ""Science and Us"". it is more than 50 years old and repre",Does high-signal metadata support this target geography?
RGN-QA-049,auto_map_stratified,Germany,REG001,GEO006,SURF-CRG2026R0134,CRG2026R0134,DBPB 1952 97 Werner von Siemens.jpg,1892,pre_1930,Wikimedia Commons file source / DBPB 1952 97 Werner von Siemens.jpg / page 4683346,Unresolved region,auto_map_from_unresolved,high,placeText; sourceSubjects; title; sourceDescription; sourceNotes; sourceName,"placeText: Global / release gate expansion | sourceSubjects: Global; release gate expansion; stamp; Category:1952 Deutsche Bundespost Berlin stamps Category:Alfred Goldammer Category:Files using Template:Philately Category:German stamps revi | title: DBPB 1952 97 Werner von Siemens.jpg | sourceDescription: stamp series, men of the history of Berlin I, Werner von Siemens, (1816-1892)",Does high-signal metadata support this target geography?
RGN-QA-050,auto_map_stratified,Germany,REG001,GEO006,SURF-CRG2026R0144,CRG2026R0144,DBP 1994 1753 Willi Richter.jpg,1894,pre_1930,Wikimedia Commons file source / DBP 1994 1753 Willi Richter.jpg / page 12731261,Unresolved region,auto_map_from_unresolved,high,placeText; sourceSubjects; title; sourceDescription; sourceNotes; sourceName,placeText: Global / release gate expansion | sourceSubjects: Global; release gate expansion; stamp; Category:100th birth anniversaries on stamps Category:1994 stamps of Germany Category:Anniversaries on stamps of Germany (birth) Category:Deu | title: DBP 1994 1753 Willi Richter.jpg | sourceDescription: 100th day of birth of Willi Richter (1894—1972),Does high-signal metadata support this target geography?
RGN-QA-051,auto_map_stratified,Germany,REG001,GEO006,SURF-CRG2026R0904,CRG2026R0904,Wechselsteuermarke 0.10M 1938.jpg,1938,1930_1970,Wikimedia Commons file source / Wechselsteuermarke 0.10M 1938.jpg / page 1208802,Unresolved region,auto_map_from_unresolved,high,placeText; sourceSubjects; title; sourceDescription; sourceNotes; sourceName,placeText: Global / release gate expansion | sourceSubjects: Global; release gate expansion; stamp; Category:Bill of exchange tax stamps Category:Files with no machine-readable author Category:Files with no machine-readable source Category:M | title: Wechselsteuermarke 0.10M 1938.jpg | sourceDescription: The source does not provide extended descriptive prose. The item metadata gives date evidence: 1938; place evidence: Global / release gate expansion; form/medium: release-gate open,Does high-signal metadata support this target geography?
RGN-QA-052,auto_map_stratified,Germany,REG001,GEO006,SURF-CRG2026R1256,CRG2026R1256,Alliierte Besetzung 1946 917.jpg,1946,1930_1970,Wikimedia Commons file source / Alliierte Besetzung 1946 917.jpg / page 11517639,Unresolved region,auto_map_from_unresolved,high,placeText; sourceSubjects; title; sourceDescription; sourceNotes; sourceName,"placeText: Global / release gate expansion | sourceSubjects: Global; release gate expansion; stamp; Category:1946 stamps of Germany Category:Files using Template:Philately Category:German stamps review PD-shape Category:PD-Germany-§134-KUG C | title: Alliierte Besetzung 1946 917.jpg | sourceDescription: series of stamps of the allied occupation, Numbers",Does high-signal metadata support this target geography?
RGN-QA-053,auto_map_stratified,Germany,REG001,GEO006,SURF-CRG2026R1411,CRG2026R1411,DBP 1951 123 Posthorn.jpg,1951,1930_1970,Wikimedia Commons file source / DBP 1951 123 Posthorn.jpg / page 4796335,Unresolved region,auto_map_from_unresolved,high,placeText; sourceSubjects; title; sourceDescription; sourceNotes; sourceName,placeText: Global / release gate expansion | sourceSubjects: Global; release gate expansion; stamp; Category:1951 Deutsche Bundespost stamps Category:German stamps review keep Category:PD-Germany-§134-KUG Category:Posthornserie Category:Work | title: DBP 1951 123 Posthorn.jpg | sourceDescription: Stamp description / Briefmarkenbeschreibung Posthorn-Serie Ausgabepreis: 2 Pfennig First Day of Issue / Erstausgabetag: 1. August 1951 Michel-Katalog-Nr: 123,Does high-signal metadata support this target geography?
RGN-QA-054,auto_map_stratified,Germany,REG001,GEO006,SURF-CRG2026R1528,CRG2026R1528,Yemen-fussball-wm-1954.jpg,1954,1930_1970,Wikimedia Commons file source / Yemen-fussball-wm-1954.jpg / page 9562451,Unresolved region,auto_map_from_unresolved,high,placeText; sourceSubjects; title; sourceDescription; sourceNotes; sourceName,placeText: Global / release gate expansion | sourceSubjects: Global; release gate expansion; stamp; Category:1970 stamps of North Yemen Category:Association football balls on stamps Category:Bern on stamps Category:Buildings on stamps Catego | title: Yemen-fussball-wm-1954.jpg | sourceDescription: The source does not provide extended descriptive prose. The item metadata gives date evidence: 1954; place evidence: Global / release gate expansion; form/medium: release-gate open,Does high-signal metadata support this target geography?
RGN-QA-055,auto_map_stratified,Germany,REG001,GEO006,SURF-CRG2026R1556,CRG2026R1556,"Karl Mickel, Gedichte 1957-1974 (1990).jpg",1957,1930_1970,"Wikimedia Commons file source / Karl Mickel, Gedichte 1957-1974 (1990).jpg / page 8458632",Unresolved region,auto_map_from_unresolved,high,placeText; sourceSubjects; title; sourceDescription; sourceNotes; sourceName,"placeText: Global / release gate expansion | sourceSubjects: Global; release gate expansion; book cover; Category:Book covers from Germany Category:Karl Mickel Category:PD ineligible | title: Karl Mickel, Gedichte 1957-1974 (1990).jpg | sourceDescription: Book cover of Karl Mickel, ""Gedichte 1957-1974"" (1990)",Does high-signal metadata support this target geography?
RGN-QA-056,auto_map_stratified,Germany,REG001,GEO006,SURF-CRG2026R1557,CRG2026R1557,"Karl Mickel, Odysseus in Ithaka. Gedichte 1957-1974, 1976.jpg",1957,1930_1970,"Wikimedia Commons file source / Karl Mickel, Odysseus in Ithaka. Gedichte 1957-1974, 1976.jpg / page 8709020",Unresolved region,auto_map_from_unresolved,high,placeText; sourceSubjects; title; sourceDescription; sourceNotes; sourceName,"placeText: Global / release gate expansion | sourceSubjects: Global; release gate expansion; book cover; Category:Book covers from Germany Category:Karl Mickel | title: Karl Mickel, Odysseus in Ithaka. Gedichte 1957-1974, 1976.jpg | sourceDescription: Book cover of Karl Mickel, ""Odysseus in Ithaka. Gedichte 1957-1974"", 1976",Does high-signal metadata support this target geography?
RGN-QA-057,auto_map_stratified,Canada,REG003,GEO026,SURF-CRG2026R0048,CRG2026R0048,Rossin House promotional pamphlet.jpg,1870,pre_1930,Wikimedia Commons file source / Rossin House promotional pamphlet.jpg / page 4320801,Unresolved region,auto_map_from_unresolved,high,placeText; sourceSubjects; title; sourceDescription; sourceNotes; sourceName,"placeText: Global / release gate expansion | sourceSubjects: Global; release gate expansion; pamphlet; Category:1870s advertisements in Canada Category:1873 in Toronto Category:Hotel advertising Category:Images from the City of Toronto Archi | title: Rossin House promotional pamphlet.jpg | sourceDescription: Advertising flyer for Rossin House Hotel, Toronto, Canada.",Does high-signal metadata support this target geography?
RGN-QA-058,auto_map_stratified,Canada,REG003,GEO026,SURF-COM1970R001,COM1970R001,Ontario Immigration Poster.jpg,1878,pre_1930,Wikimedia Commons,Unresolved region,auto_map_from_unresolved,high,placeText; sourceSubjects; title; sourceDescription; sourceNotes; sourceName,"placeText: Unresolved region | sourceSubjects: 1878 in Ontario|Immigration to Canada|PD Canada|Images from Archives of Ontario|1878 advertisements|Posters of Canada|Advertising posters|Advertisements in Canada|Land grants|Adver | title: Ontario Immigration Poster.jpg | sourceDescription: Poster advertising immigration to Ontario, 1878",Does high-signal metadata support this target geography?
RGN-QA-059,auto_map_stratified,Canada,REG003,GEO026,SURF-CRG2026R0244,CRG2026R0244,Laurier 1910 Vol 06 no 07 Man-to-Man Magazine cover.jpg,1910,pre_1930,Wikimedia Commons file source / Laurier 1910 Vol 06 no 07 Man-to-Man Magazine cover.jpg / page 25493424,Unresolved region,auto_map_from_unresolved,high,placeText; sourceSubjects; title; sourceDescription; sourceNotes; sourceName,"placeText: Global / release gate expansion | sourceSubjects: Global; release gate expansion; magazine cover; Category:CC-BY-2.0 Category:Caricatures of Wilfrid Laurier Category:Flickr images verified by UploadWizard Category:Magazines of Can | title: Laurier 1910 Vol 06 no 07 Man-to-Man Magazine cover.jpg | sourceDescription: Man-to-Man Magazine from 1910, with Prime Minister of Canada Wilfrid Laurier on the cover. This is a combined issue for July and August, which messes up the numbering of volumes an",Does high-signal metadata support this target geography?
RGN-QA-060,auto_map_stratified,Canada,REG003,GEO026,SURF-CRG2026R0497,CRG2026R0497,"The Fur-Trade of Canada, by H. A. Innis, 1927.jpg",1927,pre_1930,"Wikimedia Commons file source / The Fur-Trade of Canada, by H. A. Innis, 1927.jpg / page 53823155",Unresolved region,auto_map_from_unresolved,high,placeText; sourceSubjects; title; sourceDescription; sourceNotes; sourceName,"placeText: Global / release gate expansion | sourceSubjects: Global; release gate expansion; book cover; Category:1927 books from Canada Category:1927 in Leipzig Category:Book covers from Canada Category:Brühl (Leipzig) Category:Collection G | title: The Fur-Trade of Canada, by H. A. Innis, 1927.jpg | sourceDescription: H. A. Innis, Ph. D. (Assistent Professor of Political Economy, University of Toronto): The Fur-Trade of Canada . Book cover, title page and contents. University of Toronto Library;",Does high-signal metadata support this target geography?
RGN-QA-061,auto_map_stratified,Canada,REG003,GEO026,SURF-CRG2026R0503,CRG2026R0503,1928072 Cherish Heritage Book cover photo.jpg,1928,pre_1930,Wikimedia Commons file source / 1928072 Cherish Heritage Book cover photo.jpg / page 3191993,Unresolved region,auto_map_from_unresolved,high,placeText; sourceSubjects; title; sourceDescription; sourceNotes; sourceName,"placeText: Global / release gate expansion | sourceSubjects: Global; release gate expansion; book cover; Category:Book covers Category:Gable ornaments Category:PD-old missing SDC copyright status Category:PD Canada Category:Template Unknown  | title: 1928072 Cherish Heritage Book cover photo.jpg | sourceDescription: Waterdown Public School, Waterdown Ontario Canada. Students, Teachers, field trip and camping and farm shots, in Ontario..",Does high-signal metadata support this target geography?
RGN-QA-062,auto_map_stratified,Canada,REG003,GEO026,SURF-CRG2026R0537,CRG2026R0537,Aaheaps.jpg,1930,pre_1930,Wikimedia Commons file source / Aaheaps.jpg / page 3803117,Unresolved region,auto_map_from_unresolved,high,placeText; sourceSubjects; title; sourceDescription; sourceNotes; sourceName,"placeText: Global / release gate expansion | sourceSubjects: Global; release gate expansion; leaflet; Category:Abraham Albert Heaps Category:Canadian federal election, 1930 Category:Election posters and signs in Canada Category:PD-1996 Categ | title: Aaheaps.jpg | sourceDescription: 1930 election leaflet for Abraham Albert Heaps .",Does high-signal metadata support this target geography?
RGN-QA-063,auto_map_stratified,Canada,REG003,GEO026,SURF-COM1970R080,COM1970R080,RPA Melhuish poster 069 PN2020 00291-4.jpg,1940,1930_1970,Wikimedia Commons,Unresolved region,auto_map_from_unresolved,high,placeText; sourceSubjects; title; sourceDescription; sourceNotes; sourceName,"placeText: Unresolved region | sourceSubjects: PD Canada|Large images|World War II posters from Canada|Victory Bonds|Victory (text)|1940s posters|PD-old missing SDC copyright status|Bombs in art|Images from the Region of Peel A | title: RPA Melhuish poster 069 PN2020 00291-4.jpg | sourceDescription: ""I'm making bombs and buying bonds! Buy Victory Bonds.""",Does high-signal metadata support this target geography?
RGN-QA-064,auto_map_stratified,Canada,REG003,GEO026,SURF-CRG2026R1228,CRG2026R1228,Yysegal.jpg,1944,1930_1970,Wikimedia Commons file source / Yysegal.jpg / page 74266609,Unresolved region,auto_map_from_unresolved,high,placeText; sourceSubjects; title; sourceDescription; sourceNotes; sourceName,"placeText: Global / release gate expansion | sourceSubjects: Global; release gate expansion; pamphlet; Category:J. I. Segal Category:PD-1996 Category:PD-1996 (with a reason) Category:PD Canada | title: Yysegal.jpg | sourceDescription: Portrait of J. I. Segal from pamphlet advertising an event for J.I. Segal and the publication of his book Lider un loybn at the Folkshule on 5210 Waverly, ca. 1944.",Does high-signal metadata support this target geography?
RGN-QA-065,auto_map_stratified,Australia,REG015,GEO069,SURF-CRG2026R0178,CRG2026R0178,"StateLibQld 1 102016 Interior of Brisbane Technical College Signwriting class, ca. 1900.jpg",1900,pre_1930,"Wikimedia Commons file source / StateLibQld 1 102016 Interior of Brisbane Technical College Signwriting class, ca. 1900.jpg / page 16232837",Unresolved region,auto_map_from_unresolved,high,placeText; sourceSubjects; title; sourceDescription; sourceNotes; sourceName,"placeText: Global / release gate expansion | sourceSubjects: Global; release gate expansion; pamphlet; Category:1900 in Australia Category:Advertisements in Australia Category:Black and white photographs of Queensland Category:Boys of Austra | title: StateLibQld 1 102016 Interior of Brisbane Technical College Signwriting class, ca. 1900.jpg | sourceDescription: Interior of Brisbane Technical College Signwriting class, ca. 1900 Students practising lettering on blackboards and signboards.",Does high-signal metadata support this target geography?
RGN-QA-066,auto_map_stratified,Australia,REG015,GEO069,SURF-CRG2026R0229,CRG2026R0229,Jarrahland JIngles by Murphy.jpg,1908,pre_1930,Wikimedia Commons file source / Jarrahland JIngles by Murphy.jpg / page 11680605,Unresolved region,auto_map_from_unresolved,high,placeText; sourceSubjects; title; sourceDescription; sourceNotes; sourceName,placeText: Global / release gate expansion | sourceSubjects: Global; release gate expansion; book cover; Category:Book covers from Australia Category:PD-Australia Category:PD-self Category:Self-published work Category:Taken with Pentax K200D | title: Jarrahland JIngles by Murphy.jpg | sourceDescription: Photo of hessian printed cover of book Jarrahland Jingles published in 1908,Does high-signal metadata support this target geography?
RGN-QA-067,auto_map_stratified,Australia,REG015,GEO069,SURF-CRG2026R0330,CRG2026R0330,Blood vote.jpg,1917,pre_1930,Wikimedia Commons file source / Blood vote.jpg / page 810504,Unresolved region,auto_map_from_unresolved,high,placeText; sourceSubjects; title; sourceDescription; sourceNotes; sourceName,"placeText: Global / release gate expansion | sourceSubjects: Global; release gate expansion; leaflet; Category:1917 in art Category:20th-century poems Category:Billy Hughes Category:Conscription in World War I Category:Opposition to conscrip | title: Blood vote.jpg | sourceDescription: The Blood Vote - Anti-conscription handbill poem issued during anti-conscription campaign, 1917. Purportedly written by William Robert Winspear. Note: Leaflet with a verse by W. R.",Does high-signal metadata support this target geography?
RGN-QA-068,auto_map_stratified,Australia,REG015,GEO069,SURF-CRG2026R0358,CRG2026R0358,Spanishinfluenzavictoria.jpg,1918,pre_1930,Wikimedia Commons file source / Spanishinfluenzavictoria.jpg / page 8114092,Unresolved region,auto_map_from_unresolved,high,placeText; sourceSubjects; title; sourceDescription; sourceNotes; sourceName,"placeText: Global / release gate expansion | sourceSubjects: Global; release gate expansion; leaflet; Category:1918 documents of Australia Category:1918 in Victoria, Australia Category:1918 in medicine Category:PD-Australia Category:PD-old m | title: Spanishinfluenzavictoria.jpg | sourceDescription: Spanish Influenza leaflet, 1918 (Australia)",Does high-signal metadata support this target geography?
RGN-QA-069,auto_map_stratified,Australia,REG015,GEO069,SURF-CRG2026R0538,CRG2026R0538,Airace.jpg,1930,pre_1930,Wikimedia Commons file source / Airace.jpg / page 1927086,Unresolved region,auto_map_from_unresolved,high,placeText; sourceSubjects; title; sourceDescription; sourceNotes; sourceName,placeText: Global / release gate expansion | sourceSubjects: Global; release gate expansion; poster; Category:1930s posters of Australia Category:Air show posters Category:English-language posters Category:MacRobertson Air Race Category:Moto | title: Airace.jpg | sourceDescription: MacRobertson airrace poster 1934 Source: http://www.walkingmelbourne.com/forum/viewtopic.php?t=417,Does high-signal metadata support this target geography?
RGN-QA-070,auto_map_stratified,Australia,REG015,GEO069,SURF-CRG2026R0569,CRG2026R0569,"StateLibQld 1 174631 Arcadia Theatre in Stanthorpe, ca. 1933.jpg",1930,pre_1930,"Wikimedia Commons file source / StateLibQld 1 174631 Arcadia Theatre in Stanthorpe, ca. 1933.jpg / page 12375028",Unresolved region,auto_map_from_unresolved,high,placeText; sourceSubjects; title; sourceDescription; sourceNotes; sourceName,"placeText: Global / release gate expansion | sourceSubjects: Global; release gate expansion; advertising poster; Category:1933 film posters of Australia, Category:1933 in Queensland Category:1933 photographs of Australia Category:Advertising | title: StateLibQld 1 174631 Arcadia Theatre in Stanthorpe, ca. 1933.jpg | sourceDescription: Arcadia Theatre in Stanthorpe, ca. 1933. High Street, Stanthorpe, featuring the Arcadia Theatre, Sheahan's Chemist and Stanthorpe Stationers (Prop. J. Cloak). Tom Smith and Sons st",Does high-signal metadata support this target geography?
RGN-QA-071,auto_map_stratified,Australia,REG015,GEO069,SURF-CRG2026R0570,CRG2026R0570,"StateLibQld 2 128363 Dried fruit window display in Brisbane, ca. 1938.jpg",1930,pre_1930,"Wikimedia Commons file source / StateLibQld 2 128363 Dried fruit window display in Brisbane, ca. 1938.jpg / page 26215187",Unresolved region,auto_map_from_unresolved,high,placeText; sourceSubjects; title; sourceDescription; sourceNotes; sourceName,"placeText: Global / release gate expansion | sourceSubjects: Global; release gate expansion; packaging; Category:1938 in Brisbane Category:1938 in commerce Category:Black and white photographs in the 1930s Category:Black and white photograph | title: StateLibQld 2 128363 Dried fruit window display in Brisbane, ca. 1938.jpg | sourceDescription: Dried fruit window display in Brisbane, ca. 1938",Does high-signal metadata support this target geography?
RGN-QA-072,auto_map_stratified,Australia,REG015,GEO069,SURF-CRG2026R0571,CRG2026R0571,"StateLibQld 2 194647 Brisbane city hotel, The Canberra, 1935.jpg",1930,pre_1930,"Wikimedia Commons file source / StateLibQld 2 194647 Brisbane city hotel, The Canberra, 1935.jpg / page 26250791",Unresolved region,auto_map_from_unresolved,high,placeText; sourceSubjects; title; sourceDescription; sourceNotes; sourceName,"placeText: Global / release gate expansion | sourceSubjects: Global; release gate expansion; brochure; Category:1935 advertisements Category:1935 in Queensland Category:Advertisements in Australia Category:Ann Street, Brisbane Category:Archi | title: StateLibQld 2 194647 Brisbane city hotel, The Canberra, 1935.jpg | sourceDescription: Brisbane city hotel, The Canberra, 1935 Sketch of The Canberra hotel located on the corner of Edward and Ann Street in Brisbane. Proported to be, ' Australia's largest, most modern",Does high-signal metadata support this target geography?
RGN-QA-073,auto_map_stratified,Nigeria,REG014,GEO063,SURF-CCR2026R0002,CCR2026R0002,"ASC Leiden - NSAG - van Es 9 - 021 - Two information posters are standing against a wall on the sand, with texts - From Kano, Nigeria to Jos, Nigeria - January 1962.tif",1962,1930_1970,"Wikimedia Commons file source / ASC Leiden - NSAG - van Es 9 - 021 - Two information posters are standing against a wall on the sand, with texts - From Kano, Nigeria to Jos, Nigeria - January 1962.tif / page 90909110",Unresolved region,auto_map_from_unresolved,high,placeText; sourceSubjects; title; sourceDescription; sourceNotes; sourceName,"placeText: Africa / Nigeria | sourceSubjects: Africa; Nigeria; poster; | title: ASC Leiden - NSAG - van Es 9 - 021 - Two information posters are standing against a wall on the sand, with texts - From Kano, Nigeria to Jos, Nigeria - January 1962.tif | sourceDescription: Two posters for information are standing against a wall on the sand, with texts: ""He has NOT learned his telephone drill. Is he going to eat the mouthpiece?"" (drawing of an excited",Does high-signal metadata support this target geography?
RGN-QA-074,auto_map_stratified,Nigeria,REG014,GEO063,SURF-CPB2026R0012,CPB2026R0012,"ASC Leiden - Rietveld Collection - Nigeria 1970 - 1973 - 01 - 092 Biafra stamps. ""Republic of Biafra. May 30. 4D"".jpg",1967,1930_1970,"Wikimedia Commons file source / ASC Leiden - Rietveld Collection - Nigeria 1970 - 1973 - 01 - 092 Biafra stamps. ""Republic of Biafra. May 30. 4D"".jpg / page 81924563",Unresolved region,auto_map_from_unresolved,high,placeText; sourceSubjects; title; sourceDescription; sourceNotes; sourceName,"placeText: Africa / Nigeria | sourceSubjects: Africa; Nigeria; stamp; | title: ASC Leiden - Rietveld Collection - Nigeria 1970 - 1973 - 01 - 092 Biafra stamps. ""Republic of Biafra. May 30. 4D"".jpg | sourceDescription: Biafra stamps. ""Republic of Biafra. May 30. 4D"". (May 30, 1967, the independence of Biafra was declared.) Photo of a sheet of 9x9 identical stamps, received for free in Owerri afte",Does high-signal metadata support this target geography?
RGN-QA-075,auto_map_stratified,Nigeria,REG014,GEO063,SURF-SCG1931R0018,SCG1931R0018,Theory of culture,1978,1970_2000,National Repository of Nigeria,Unresolved region,auto_map_from_unresolved,high,placeText; sourceSubjects; title; sourceDescription; sourceNotes; sourceName,"placeText: Nigeria | sourceSubjects: poster | title: Theory of culture | sourceDescription: Chapter 1- Their Relationship, Chapter 2- Transcending Their Levels, Chapter 3- Diachronic Cultural Movements, Chapter 4- Science and Imagination, Chapter 5- Conditions for a Metho",Does high-signal metadata support this target geography?
RGN-QA-076,auto_map_stratified,Nigeria,REG014,GEO063,SURF-NMSP2026R0101,NMSP2026R0101,"Home - Centre for Contemporary Art, Lagos",1990-2026 coverage target,1970_2000,CCA Lagos Archive,Unresolved region,auto_map_from_unresolved,high,placeText; sourceSubjects; title; sourceDescription; sourceNotes; sourceName,"placeText: Africa / Nigeria | sourceSubjects: Africa; Nigeria; contemporary art and visual culture archive; exhibition graphics; publications; visual culture records; DSpace;RSS/Atom;JSON-LD;WordPress REST;Static JS App | title: Home - Centre for Contemporary Art, Lagos | sourceDescription: exhibition graphics; publications; visual culture records source title, description, collection scope, catalog terms, and stable links",Does high-signal metadata support this target geography?
RGN-QA-077,auto_map_stratified,Nigeria,REG014,GEO063,SURF-SCG1931R0019,SCG1931R0019,"Daily trust newspaper, Tuesday, 11th January, 2005: trust is a burden vol.10, no. 37 dhul hajj1, 1425 a.h.",2005-01-11,2000_2026,National Repository of Nigeria,Unresolved region,auto_map_from_unresolved,high,placeText; sourceSubjects; title; sourceDescription; sourceNotes; sourceName,"placeText: Nigeria | sourceSubjects: poster | title: Daily trust newspaper, Tuesday, 11th January, 2005: trust is a burden vol.10, no. 37 dhul hajj1, 1425 a.h. | sourceDescription:  Uba meets Oyinlola c’ttee  AUDU OGBE’S RESIGNATION: I resigned to save party –Ogbeh  Hajj: Kwara concludes airlift  EFCC confirms probe of ex-UBA chairman  Trust dialogue hol",Does high-signal metadata support this target geography?
RGN-QA-078,auto_map_stratified,Nigeria,REG014,GEO063,SURF-CCR2026R0038,CCR2026R0038,Poster 3- Social Protection and Social Inclusion (10070591174).jpg,2013,2000_2026,Wikimedia Commons file source / Poster 3- Social Protection and Social Inclusion (10070591174).jpg / page 46107582,Unresolved region,auto_map_from_unresolved,high,placeText; sourceSubjects; title; sourceDescription; sourceNotes; sourceName,"placeText: Africa / Nigeria | sourceSubjects: Africa; Nigeria; poster; Category:CC-BY-2.0 Category:Flickr images reviewed by FlickreviewR Category:Images uploaded by Natuur12 from UNU-WIDER's Flickr stream Category:Images uplo | title: Poster 3- Social Protection and Social Inclusion (10070591174).jpg | sourceDescription: Ogbonnaya Ukeh Oteh, Graduate Assistant, Michael Okpara University of Agriculture Presentation: Impact of social inclusiveness on effective poverty reduction programmes in Abia Sta",Does high-signal metadata support this target geography?
RGN-QA-079,auto_map_stratified,Nigeria,REG014,GEO063,SURF-CCR2026R0039,CCR2026R0039,Wiki Lockdown.png,2020,2000_2026,Wikimedia Commons file source / Wiki Lockdown.png / page 94184651,Unresolved region,auto_map_from_unresolved,high,placeText; sourceSubjects; title; sourceDescription; sourceNotes; sourceName,placeText: Africa / Nigeria | sourceSubjects: Africa; Nigeria; poster; | title: Wiki Lockdown.png | sourceDescription: Wiki Lockdown poster,Does high-signal metadata support this target geography?
RGN-QA-080,auto_map_stratified,Nigeria,REG014,GEO063,SURF-NMIIC2026R0004,NMIIC2026R0004,Agen Judi Bola Sbobet Resmi : Link SBOBET Mobile - Taruhan Judi Bola Online Resmi - Sbobet88,source collection scope; object date not itemized,undated_or_unparsed,Centre For Black And African Arts And Civilization,Unresolved region,auto_map_from_unresolved,high,placeText; sourceSubjects; title; sourceDescription; sourceNotes; sourceName,placeText: Africa / Nigeria | sourceSubjects: Africa; Nigeria; museum; IIIF;JSON-LD | title: Agen Judi Bola Sbobet Resmi : Link SBOBET Mobile - Taruhan Judi Bola Online Resmi - Sbobet88 | sourceDescription: Mainkan judi bola sbobet online resmi bersama dengan agen bola sbobet88 resmi terpercaya dan nikmati juga layanan login daftar sbobet yang bisa kamu akses dengan aplikasi link sbob,Does high-signal metadata support this target geography?
RGN-QA-081,auto_map_stratified,Ghana,REG014,GEO064,SURF-NMSP2026R0103,NMSP2026R0103,Nubuke Foundation,2000-2026 coverage target,1970_2000,Nubuke Foundation,Unresolved region,auto_map_from_unresolved,high,placeText; sourceSubjects; title; sourceDescription; sourceNotes; sourceName,"placeText: Africa / Ghana | sourceSubjects: Africa; Ghana; art and cultural archive; exhibition graphics; publications; cultural records; Static JS App | title: Nubuke Foundation | sourceDescription: exhibition graphics; publications; cultural records source title, description, collection scope, catalog terms, and stable links",Does high-signal metadata support this target geography?
RGN-QA-082,auto_map_stratified,Ghana,REG014,GEO064,SURF-PIC1970R0002,PIC1970R0002,"“Street News: The Role of Posters in Democratic Participation in Ghana,”",2010,2000_2026,University of Ghana Digital Collections,Unresolved region,auto_map_from_unresolved,high,placeText; title; sourceDescription; sourceName,"placeText: Ghana | title: “Street News: The Role of Posters in Democratic Participation in Ghana,” | sourceDescription: The source does not provide extended descriptive prose. The item metadata gives date evidence: 2010; creator/attribution: Gadzekpo, A; place evidence: Ghana; form/medium: repositor | sourceName: University of Ghana Digital Collections",Does high-signal metadata support this target geography?
RGN-QA-083,auto_map_stratified,Ghana,REG014,GEO064,SURF-PIC1970R0003,PIC1970R0003,Policy Regulating the Placement of Advertisement (November 2011),2012-06-15,2000_2026,University of Ghana Digital Collections,Unresolved region,auto_map_from_unresolved,high,placeText; sourceSubjects; title; sourceDescription; sourceNotes; sourceName,"placeText: Ghana | sourceSubjects: Report; Policy; University of Ghana; Advertisement | title: Policy Regulating the Placement of Advertisement (November 2011) | sourceDescription: The University has a mission to “develop world-class human resources and capabilities to meet national development needs and global challenges through quality teaching, learning, r",Does high-signal metadata support this target geography?
RGN-QA-084,auto_map_stratified,Ghana,REG014,GEO064,SURF-PIC1970R0001,PIC1970R0001,Where is My Name? – Contemporary Funeral Posters as an Arena of Contestation and (Re)negotiation of Chiefly Relations Among the Ewe of Ghana and Togo,2018-06,2000_2026,University of Ghana Digital Collections,Unresolved region,auto_map_from_unresolved,high,placeText; title; sourceDescription; sourceNotes; sourceName,placeText: Ghana | title: Where is My Name? – Contemporary Funeral Posters as an Arena of Contestation and (Re)negotiation of Chiefly Relations Among the Ewe of Ghana and Togo | sourceDescription: In Ghana and other regions of West Africa a funeral poster is an important part of funerary ritual. Examining two funeral posters – one about omission and the other about inclusion | sourceNotes: In Ghana and other regions of West Africa a funeral poster is an important part of funerary ritual. Examining two funeral posters – one about omission and the other about inclusion,Does high-signal metadata support this target geography?
RGN-QA-085,auto_map_stratified,Ghana,REG014,GEO064,SURF-NMIIC2026R0111,NMIIC2026R0111,ARTEMARTIS,source collection scope; object date not itemized,undated_or_unparsed,Artemartis,Unresolved region,auto_map_from_unresolved,high,placeText; sourceSubjects; title; sourceDescription; sourceNotes; sourceName,placeText: Africa / Ghana | sourceSubjects: Africa; Ghana; art gallery; JSON-LD | title: ARTEMARTIS | sourceDescription: The source does not provide extended descriptive prose. The item metadata gives date evidence: source collection scope; object date not itemized; creator/attribution: Artemartis; p,Does high-signal metadata support this target geography?
RGN-QA-086,auto_map_stratified,Ghana,REG014,GEO064,SURF-NMIIC2026R0414,NMIIC2026R0414,Explore Cape Coast Castles History 2026 Ghana Regions Carousel,source collection scope; object date not itemized,undated_or_unparsed,Cape Coast Castle Museum,Unresolved region,auto_map_from_unresolved,high,placeText; sourceSubjects; title; sourceDescription; sourceNotes; sourceName,placeText: Africa / Ghana | sourceSubjects: Africa; Ghana; museum | title: Explore Cape Coast Castles History 2026 Ghana Regions Carousel | sourceDescription: Uncover the complex history of Cape Coast Castle in 2026. The Transatlantic slave trade. Experience profound stories and guided tours.,Does high-signal metadata support this target geography?
RGN-QA-087,auto_map_stratified,Ghana,REG014,GEO064,SURF-NMIIC2026R0489,NMIIC2026R0489,Gallery 1957,source collection scope; object date not itemized,undated_or_unparsed,Gallery 1957,Unresolved region,auto_map_from_unresolved,high,placeText; sourceSubjects; title; sourceDescription; sourceNotes; sourceName,placeText: Africa / Ghana | sourceSubjects: Africa; Ghana; art gallery; Static JS App | title: Gallery 1957 | sourceDescription: The source does not provide extended descriptive prose. The item metadata gives date evidence: source collection scope; object date not itemized; creator/attribution: Gallery 1957;,Does high-signal metadata support this target geography?
RGN-QA-088,auto_map_stratified,Ghana,REG014,GEO064,SURF-NMSP2026R0002,NMSP2026R0002,Ghana Library Authority,source collection scope; object date not itemized,undated_or_unparsed,Ghana Library Authority,Unresolved region,auto_map_from_unresolved,high,placeText; sourceSubjects; title; sourceDescription; sourceNotes; sourceName,"placeText: Africa / Ghana | sourceSubjects: Africa; Ghana; national library; books; reading campaigns; public communication; HTML/catalog | title: Ghana Library Authority | sourceDescription: books; reading campaigns; public communication source title, description, collection scope, catalog terms, and stable links",Does high-signal metadata support this target geography?
RGN-QA-089,auto_map_stratified,Japan,REG005,GEO036,SURF-CRG2026R0377,CRG2026R0377,AKADAMA sweet wine poster.jpg,1920,pre_1930,Wikimedia Commons file source / AKADAMA sweet wine poster.jpg / page 2975731,Unresolved region,auto_map_from_unresolved,high,placeText; sourceSubjects; title; sourceDescription; sourceNotes; sourceName,"placeText: Global / release gate expansion | sourceSubjects: Global; release gate expansion; advertising poster; Category:1920s posters of Japan Category:1922 advertisements in Japan Category:Alcohol advertising posters of Japan Category:Amb | title: AKADAMA sweet wine poster.jpg | sourceDescription: An advertising poster of "" Akadama Port Wine” for Suntory Limited . This is the first nude advertising poster in Japan. Published in 1922 (Taisho 11). Directed by KATAOKA, Toshiro;",Does high-signal metadata support this target geography?
RGN-QA-090,auto_map_stratified,Japan,REG005,GEO036,SURF-CRG2026R0445,CRG2026R0445,Musen-To-Jikken c1924.jpg,1924,pre_1930,Wikimedia Commons file source / Musen-To-Jikken c1924.jpg / page 12833669,Unresolved region,auto_map_from_unresolved,high,placeText; sourceSubjects; title; sourceDescription; sourceNotes; sourceName,placeText: Global / release gate expansion | sourceSubjects: Global; release gate expansion; magazine cover; Category:1924 black and white photographs Category:Engineers from Japan Category:Images with extracted images Category:Magazine cove | title: Musen-To-Jikken c1924.jpg | sourceDescription: Cover of the Japanese magazine featuring Uichi Torikata ( 鳥潟右一 ).,Does high-signal metadata support this target geography?
RGN-QA-091,auto_map_stratified,Japan,REG005,GEO036,SURF-CRG2026R0449,CRG2026R0449,Uichi Torikata c1924.jpg,1924,pre_1930,Wikimedia Commons file source / Uichi Torikata c1924.jpg / page 12833692,Unresolved region,auto_map_from_unresolved,high,placeText; sourceSubjects; title; sourceDescription; sourceNotes; sourceName,placeText: Global / release gate expansion | sourceSubjects: Global; release gate expansion; magazine cover; Category:1924 black and white portrait photographs of men Category:20th-century black and white portrait photographs of standing men | title: Uichi Torikata c1924.jpg | sourceDescription: Magazine cover photo of Uichi Torikata ( 鳥潟右一 ).,Does high-signal metadata support this target geography?
RGN-QA-092,auto_map_stratified,Japan,REG005,GEO036,SURF-CRG2026R0515,CRG2026R0515,Yofu Gonin Onna Chie crop.tif,1928,pre_1930,Wikimedia Commons file source / Yofu Gonin Onna Chie crop.tif / page 80908948,Unresolved region,auto_map_from_unresolved,high,placeText; sourceSubjects; title; sourceDescription; sourceNotes; sourceName,"placeText: Global / release gate expansion | sourceSubjects: Global; release gate expansion; film poster; Category:Chieko Matsui Category:Extracted images Category:PD-1996 (with a reason) Category:PD-Japan-oldphoto | title: Yofu Gonin Onna Chie crop.tif | sourceDescription: To uploader: Please provide the source and publication date . If the photograph was also published in the United States within 30 days after publication in Japan, it might be copyr",Does high-signal metadata support this target geography?
RGN-QA-093,auto_map_stratified,Japan,REG005,GEO036,SURF-CRG2026R0688,CRG2026R0688,Sumiko Mizukubo.1933.jpg,1933,1930_1970,Wikimedia Commons file source / Sumiko Mizukubo.1933.jpg / page 44636711,Unresolved region,auto_map_from_unresolved,high,placeText; sourceSubjects; title; sourceDescription; sourceNotes; sourceName,"placeText: Global / release gate expansion | sourceSubjects: Global; release gate expansion; magazine cover; Category:1933 magazine covers Category:Eiga no Tomo, 1933 Category:Eiga no Tomo covers Category:PD-1996 (with a reason) Category:PD- | title: Sumiko Mizukubo.1933.jpg | sourceDescription: Japanese actress Sumiko Mizukubo on magazine cover for 'Eiga no Tomo', September 1933. 日本語: 女優・水久保澄子の写真（『映画之友』1933年9月号）",Does high-signal metadata support this target geography?
RGN-QA-094,auto_map_stratified,Japan,REG005,GEO036,SURF-CRG2026R0852,CRG2026R0852,Nagoya Peace Expo 1937.jpg,1937,1930_1970,Wikimedia Commons file source / Nagoya Peace Expo 1937.jpg / page 3682178,Unresolved region,auto_map_from_unresolved,high,placeText; sourceSubjects; title; sourceDescription; sourceNotes; sourceName,placeText: Global / release gate expansion | sourceSubjects: Global; release gate expansion; stamp; Category:1937 postage stamps of Japan Category:Images with extracted images Category:Nagoya Pan-Pacific Peace Exposition Category:PD-1996 (wi | title: Nagoya Peace Expo 1937.jpg | sourceDescription: Commemorative postcard of the Nagoya Pan-Pacific Peace Expo of 1937,Does high-signal metadata support this target geography?
RGN-QA-095,auto_map_stratified,Japan,REG005,GEO036,SURF-CRG2026R1083,CRG2026R1083,Fuji formally King.jpg,1943,1930_1970,Wikimedia Commons file source / Fuji formally King.jpg / page 3117054,Unresolved region,auto_map_from_unresolved,high,placeText; sourceSubjects; title; sourceDescription; sourceNotes; sourceName,"placeText: Global / release gate expansion | sourceSubjects: Global; release gate expansion; magazine cover; Category:Dainihon Yubenkai Kodansha Category:Magazine covers of Japan Category:Magazines of Japan, 1943 Category:PD-1996 (with a rea | title: Fuji formally King.jpg | sourceDescription: Old Japanese magazine cover.",Does high-signal metadata support this target geography?
RGN-QA-096,auto_map_stratified,Japan,REG005,GEO036,SURF-CRG2026R1373,CRG2026R1373,Korean-leaflet-bomb.jpg,1950,1930_1970,Wikimedia Commons file source / Korean-leaflet-bomb.jpg / page 1266358,Unresolved region,auto_map_from_unresolved,high,placeText; sourceSubjects; title; sourceDescription; sourceNotes; sourceName,"placeText: East Asia / Korea | sourceSubjects: East Asia; Korea; leaflet; Category:Aircraft bomb loading Category:Black and white photographs of crouching men Category:Cap brim up Category:Equipment of the Korean War Category:F | title: Korean-leaflet-bomb.jpg | sourceDescription: Photo #: NH 97050 Korean War Psychological Warfare ""SFC Furl A. Krebs loads an M16M1 cluster adapter at the FEC {Far Eastern Command} Printing Plant, Yokohama, Japan. The bomb type",Does high-signal metadata support this target geography?
RGN-QA-097,auto_map_stratified,Italy,REG001,GEO011,SURF-CRG2026R0081,CRG2026R0081,Invidia film poster by Carlo Nicco 1919.jpg,1883,pre_1930,Wikimedia Commons file source / Invidia film poster by Carlo Nicco 1919.jpg / page 33395983,Unresolved region,auto_map_from_unresolved,high,placeText; sourceSubjects; title; sourceDescription; sourceNotes; sourceName,"placeText: Global / release gate expansion | sourceSubjects: Global; release gate expansion; film poster; Category:Allegories of envy Category:CC-PD-Mark Category:Carlo Nicco Category:Envy in art Category:Film posters of Italy Category:Film  | title: Invidia film poster by Carlo Nicco 1919.jpg | sourceDescription: Locandina per il film Invidia , regia di Alfredo De Antoni, 1919, con Francesca Bertini. Illustrazione di Carlo Nicco (1883-1937).",Does high-signal metadata support this target geography?
RGN-QA-098,auto_map_stratified,Italy,REG001,GEO011,SURF-CRG2026R0082,CRG2026R0082,Ira film poster by Carlo Nicco 1919.jpg,1883,pre_1930,Wikimedia Commons file source / Ira film poster by Carlo Nicco 1919.jpg / page 33395984,Unresolved region,auto_map_from_unresolved,high,placeText; sourceSubjects; title; sourceDescription; sourceNotes; sourceName,"placeText: Global / release gate expansion | sourceSubjects: Global; release gate expansion; film poster; Category:CC-PD-Mark Category:Carlo Nicco Category:Film posters of Italy Category:Film serials Category:I sette peccati capitali (film 1 | title: Ira film poster by Carlo Nicco 1919.jpg | sourceDescription: Locandina per il film Ira , regia di Alfredo De Antoni, 1919, con Francesca Bertini. Illustrazione di Carlo Nicco (1883-1937).",Does high-signal metadata support this target geography?
RGN-QA-099,auto_map_stratified,Italy,REG001,GEO011,SURF-CRG2026R0484,CRG2026R0484,Naslovna strana časopisa Vez 01.jpg,1926,pre_1930,Wikimedia Commons file source / Naslovna strana časopisa Vez 01.jpg / page 98815266,Unresolved region,auto_map_from_unresolved,high,placeText; sourceSubjects; title; sourceDescription; sourceNotes; sourceName,"placeText: Eastern Europe / Serbia | sourceSubjects: Eastern Europe; Serbia; magazine cover; Category:Content donations by Belgrade City Library Category:Files with coordinates missing SDC location of creation Category:Magazines of I | title: Naslovna strana časopisa Vez 01.jpg | sourceDescription: Vez is a magazine that was published once a month in the period from 1926 to 1932 in Trieste. It was intended for a female audience, primarily those from Istria, but it also contai",Does high-signal metadata support this target geography?
RGN-QA-100,auto_map_stratified,Italy,REG001,GEO011,SURF-CRG2026R1248,CRG2026R1248,StampRijeka1945Michel33.jpg,1945,1930_1970,Wikimedia Commons file source / StampRijeka1945Michel33.jpg / page 10739714,Unresolved region,auto_map_from_unresolved,high,placeText; sourceSubjects; title; sourceDescription; sourceNotes; sourceName,"placeText: Global / release gate expansion | sourceSubjects: Global; release gate expansion; stamp; Category:1945 stamps of Fiume Category:Architecture on stamps Category:Overprints on stamps of Italy Category:PD-Croatia Category:PD-Yugoslav | title: StampRijeka1945Michel33.jpg | sourceDescription: Yugoslav occupation of Fiume, overprinted on stamp of the Italian Social Republic",Does high-signal metadata support this target geography?
RGN-QA-101,auto_map_stratified,Italy,REG001,GEO011,SURF-CRG2026R1378,CRG2026R1378,DueStampTrieste B1950Michel6.jpg,1950,1930_1970,Wikimedia Commons file source / DueStampTrieste B1950Michel6.jpg / page 10946379,Unresolved region,auto_map_from_unresolved,high,placeText; sourceSubjects; title; sourceDescription; sourceNotes; sourceName,"placeText: Global / release gate expansion | sourceSubjects: Global; release gate expansion; stamp; Category:1950 stamps of the Free Territory of Trieste Category:Actinopterygii on stamps Category:Animals on stamps of Italy | title: DueStampTrieste B1950Michel6.jpg | sourceDescription: Доплатная марка Свободной территории Триест (Зона ""Б"")",Does high-signal metadata support this target geography?
RGN-QA-102,auto_map_stratified,Italy,REG001,GEO011,SURF-CRG2026R1538,CRG2026R1538,Trasmettitore Monte Venda 1.jpg,1955,1930_1970,Wikimedia Commons file source / Trasmettitore Monte Venda 1.jpg / page 66703532,Unresolved region,auto_map_from_unresolved,high,placeText; sourceSubjects; title; sourceDescription; sourceNotes; sourceName,"placeText: Global / release gate expansion | sourceSubjects: Global; release gate expansion; brochure; Category:Monte Venda Category:PD Italy (20 years after creation) Category:RAI (broadcaster) | title: Trasmettitore Monte Venda 1.jpg | sourceDescription: BROCHURE DEL TRASMETTITORE RAI SUL MONTE VENDA, INAUGURATO IL 15 SETTEMBRE 1955.",Does high-signal metadata support this target geography?
RGN-QA-103,auto_map_stratified,Italy,REG001,GEO011,SURF-CRG2026R1539,CRG2026R1539,Trasmettitore Monte Venda 2.jpg,1955,1930_1970,Wikimedia Commons file source / Trasmettitore Monte Venda 2.jpg / page 66703534,Unresolved region,auto_map_from_unresolved,high,placeText; sourceSubjects; title; sourceDescription; sourceNotes; sourceName,"placeText: Global / release gate expansion | sourceSubjects: Global; release gate expansion; brochure; Category:Monte Venda Category:PD Italy (20 years after creation) Category:RAI (broadcaster) | title: Trasmettitore Monte Venda 2.jpg | sourceDescription: BROCHURE DEL TRASMETTITORE RAI SUL MONTE VENDA, INAUGURATO IL 15 SETTEMBRE 1955.",Does high-signal metadata support this target geography?
RGN-QA-104,auto_map_stratified,Italy,REG001,GEO011,SURF-CRG2026R1807,CRG2026R1807,Teorema - Pasolini.JPG,1968,1930_1970,Wikimedia Commons file source / Teorema - Pasolini.JPG / page 46140155,Unresolved region,auto_map_from_unresolved,high,placeText; sourceSubjects; title; sourceDescription; sourceNotes; sourceName,placeText: Global / release gate expansion | sourceSubjects: Global; release gate expansion; stamp; Category:Buildings in Municipio 7 (Milan) Category:Females sitting on outdoor chairs Category:Files with coordinates missing SDC location of  | title: Teorema - Pasolini.JPG | sourceDescription: Screenshot del film Teorema diretto da Pier Paolo Pasolini ( 1968 ),Does high-signal metadata support this target geography?
RGN-QA-105,auto_map_stratified,Netherlands,REG001,GEO009,SURF-CRG2026R0211,CRG2026R0211,"Bandontwerp voor Louis Couperus, Van oude menschen, de dingen die voorbijgaan, RP-T-2015-41-3549.jpg",1906,pre_1930,"Wikimedia Commons file source / Bandontwerp voor Louis Couperus, Van oude menschen, de dingen die voorbijgaan, RP-T-2015-41-3549.jpg / page 85698869",Unresolved region,auto_map_from_unresolved,high,placeText; sourceSubjects; title; sourceDescription; sourceNotes; sourceName,"placeText: Global / release gate expansion | sourceSubjects: Global; release gate expansion; book cover; Category:Black ink drawings in the Rijksmuseum Amsterdam Category:Book cover designs in the Rijksmuseum Amsterdam Category:CC-Zero Categ | title: Bandontwerp voor Louis Couperus, Van oude menschen, de dingen die voorbijgaan, RP-T-2015-41-3549.jpg | sourceDescription: Identificatie Titel(s): Bandontwerp voor: Louis Couperus, Van oude menschen, de dingen die voorbijgaan Objecttype: tekening boekband (ontwerp) Objectnummer: RP-T-2015-41-3549 Opsch",Does high-signal metadata support this target geography?
RGN-QA-106,auto_map_stratified,Netherlands,REG001,GEO009,SURF-CRG2026R0324,CRG2026R0324,Steinmeyer taufgeloebnis 1.png,1916,pre_1930,Wikimedia Commons file source / Steinmeyer taufgeloebnis 1.png / page 5609097,Unresolved region,auto_map_from_unresolved,high,placeText; sourceSubjects; title; sourceDescription; sourceNotes; sourceName,"placeText: Global / release gate expansion | sourceSubjects: Global; release gate expansion; leaflet; Category:CC-PD-Mark Category:De Wikisource book leaflet Category:Literature of the Netherlands Category:PD-old missing SDC copyright status | title: Steinmeyer taufgeloebnis 1.png | sourceDescription: Elias von Steinmeyer (Hg.), Die kleineren althochdeutschen Sprachdenkmäler, Berlin 1916 (Nachdruck Dublin/Zürich 1971), Nr. 3, S. 20-22",Does high-signal metadata support this target geography?
RGN-QA-107,auto_map_stratified,Netherlands,REG001,GEO009,SURF-IR1970R003,IR1970R003,"A strong man supporting a weak and emaciated woman; representing the work of the Zonnestraal sanatorium for the tuberculous. Colour lithograph by A. Hahn, 1932.",25 Juni [1932],1930_1970,Wellcome Collection Catalogue API,Unresolved region,auto_map_from_unresolved,high,placeText; sourceSubjects; title; sourceDescription; sourceNotes; sourceName,"placeText: Unresolved region | sourceSubjects: Tuberculosis; Tuberculosis - Patients; Tuberculosis - Hospitals; Sunlight; Netherlands; Zonnestraal | title: A strong man supporting a weak and emaciated woman; representing the work of the Zonnestraal sanatorium for the tuberculous. Colour lithograph by A. Hahn, 1932. | sourceDescription: A fund-raising poster for the Zonnestraal (""Sunbeam"") sanatorium for the tuberculous in Hilversum, founded in 1928 by the diamond merchant Jan van Zutphen, originally for tuberculo",Does high-signal metadata support this target geography?
RGN-QA-108,auto_map_stratified,Netherlands,REG001,GEO009,SURF-CRG2026R1924,CRG2026R1924,"Prins Bernhard tijdens toespraak, Bestanddeelnr 923-4552.jpg",1970,1930_1970,"Wikimedia Commons file source / Prins Bernhard tijdens toespraak, Bestanddeelnr 923-4552.jpg / page 67171567",Unresolved region,auto_map_from_unresolved,high,placeText; sourceSubjects; title; sourceDescription; sourceNotes; sourceName,"placeText: Global / release gate expansion | sourceSubjects: Global; release gate expansion; packaging; Category:Bernhard of Lippe-Biesterfeld in 1970 Category:CC-Zero Category:Images from Anefo Category:Images from Nationaal Archief Categor | title: Prins Bernhard tijdens toespraak, Bestanddeelnr 923-4552.jpg | sourceDescription: Collectie / Archief : Fotocollectie Anefo Reportage / Serie : Opening van het World Packaging Congres in Utrecht door Prins Bernhard Beschrijving : Prins Bernhard tijdens toespraak",Does high-signal metadata support this target geography?
RGN-QA-109,auto_map_stratified,Switzerland,REG001,GEO007,SURF-CRG2026R2663,CRG2026R2663,Plakate Überfremdungsinitiative - ETH-Bibliothek Com L23-0739-0002-0009.tif,1974,1970_2000,Wikimedia Commons file source / Plakate Überfremdungsinitiative - ETH-Bibliothek Com L23-0739-0002-0009.tif / page 73383731,Unresolved region,auto_map_from_unresolved,high,placeText; sourceSubjects; title; sourceDescription; sourceNotes; sourceName,"placeText: Global / release gate expansion | sourceSubjects: Global; release gate expansion; advertising poster; Category:1974 elections in Switzerland Category:All media supported by Wikimedia CH Category:CC-BY-SA-4.0 Category:Media contrib | title: Plakate Überfremdungsinitiative - ETH-Bibliothek Com L23-0739-0002-0009.tif | sourceDescription: Plakate ""Überfremdungsinitiative"", Volksabstimmung 1974 (Basel, Schweiz)",Does high-signal metadata support this target geography?
RGN-QA-110,auto_map_stratified,Switzerland,REG001,GEO007,SURF-CRG2026R2753,CRG2026R2753,BrochureSRG1975.jpg,1975,1970_2000,Wikimedia Commons file source / BrochureSRG1975.jpg / page 89386478,Unresolved region,auto_map_from_unresolved,high,placeText; sourceSubjects; title; sourceDescription; sourceNotes; sourceName,placeText: Global / release gate expansion | sourceSubjects: Global; release gate expansion; brochure; Category:1975 in Switzerland Category:CC-BY-SA-4.0 Category:International Red Aid Category:Self-published work | title: BrochureSRG1975.jpg | sourceDescription: Couverture de la brochure de 1975 publiée par le Secours Rouge Genève,Does high-signal metadata support this target geography?
RGN-QA-111,auto_map_stratified,Switzerland,REG001,GEO007,SURF-EW1970R014,EW1970R014,Anastasia Temirkhan,2025-07-28,2000_2026,Another Graphic,Unresolved region,auto_map_from_unresolved,high,placeText; sourceSubjects; title; sourceDescription; sourceNotes; sourceName,placeText: post-1990 international | sourceSubjects: Switzerland; Poster | title: Anastasia Temirkhan | sourceDescription: graphic design artwork typography visual identity inspiration editorial,Does high-signal metadata support this target geography?
RGN-QA-112,auto_map_stratified,Austria,REG001,GEO008,SURF-CHW2026R001,CHW2026R001,Die Thierwelt (The Animal Kinggom),ca. 1835,pre_1930,Cooper Hewitt Collection GraphQL API,Unresolved region,auto_map_from_unresolved,high,placeText; title; sourceDescription; sourceNotes; sourceName,"placeText: Austria Vienna Europe / Austria / Vienna / Europe | title: Die Thierwelt (The Animal Kinggom) | sourceDescription: Booklet of ten leaves giving directions as to names of animals and how to play the game; title in German and French. | sourceNotes: {""credit"": ""Gift of Hamill and Barker""}",Does high-signal metadata support this target geography?
RGN-QA-113,auto_map_stratified,Austria,REG001,GEO008,SURF-COM1970R019,COM1970R019,RomaniaDefeadted1916.jpg,1916,pre_1930,Wikimedia Commons,Unresolved region,auto_map_from_unresolved,high,placeText; sourceSubjects; title; sourceDescription; sourceNotes; sourceName,placeText: Unresolved region | sourceSubjects: 1916 in Hungary|1916 in Romania|History of beer|Public domain images no longer eligible for claim of authorship|1916 advertisements|Hungarian text|Advertising posters|PD-anon-expir | title: RomaniaDefeadted1916.jpg | sourceDescription: Austro-Hungarian propaganda poster (in Hungarian language) after the defeat of Romania in World War I.,Does high-signal metadata support this target geography?
RGN-QA-114,auto_map_stratified,France,REG001,GEO005,SURF-CPB2026R0021,CPB2026R0021,Apache annonse.jpg,1970,1930_1970,Wikimedia Commons file source / Apache annonse.jpg / page 7670417,Unresolved region,auto_map_from_unresolved,high,placeText; sourceSubjects; title; sourceDescription; sourceNotes; sourceName,placeText: Global / period balance | sourceSubjects: Global; period balance; advertising; Category:1970s advertisements Category:Advertisements in Norway Category:Bicycle advertisement posters in France Category:CC-BY-SA-3.0 Category | title: Apache annonse.jpg | sourceDescription: The source does not provide extended descriptive prose. The item metadata gives date evidence: 1970; creator/attribution: KEN; place evidence: Global / period balance; form/medium:,Does high-signal metadata support this target geography?
RGN-QA-115,auto_map_stratified,France,REG001,GEO005,SURF-CRG2026R2400,CRG2026R2400,"Revillon 1723-1973, book cover.jpg",1973,1970_2000,"Wikimedia Commons file source / Revillon 1723-1973, book cover.jpg / page 20676188",Unresolved region,auto_map_from_unresolved,high,placeText; sourceSubjects; title; sourceDescription; sourceNotes; sourceName,"placeText: Global / release gate expansion | sourceSubjects: Global; release gate expansion; book cover; Category:Book covers Category:CC-PD-Mark Category:Coats of arms of organisations of France Category:Collection G. & C. Franke Category:F | title: Revillon 1723-1973, book cover.jpg | sourceDescription: Revillon 1723-1973 . Book cover. This publication is made on a text by Guy Guntilhomme, on documents from ""Bibliothèque nationale"", Giraudon and Société Revillon private archives. ",Does high-signal metadata support this target geography?
RGN-QA-116,auto_map_stratified,Mainland China,REG008,GEO040,SURF-IR1970R053,IR1970R053,"Trachoma: how it is transmitted and prevented. Colour lithographs, 1958.",1958.11.1-1958.12.2,1930_1970,Wellcome Collection Catalogue API,Unresolved region,auto_map_from_unresolved,high,placeText; sourceSubjects; title; sourceDescription; sourceNotes; sourceName,"placeText: Unresolved region | sourceSubjects: Trachoma; China | title: Trachoma: how it is transmitted and prevented. Colour lithographs, 1958. | sourceDescription: Two folding posters (with the original paper band printed in red) that were used as part of a health education campaign when China was implementing basic health education in cities",Does high-signal metadata support this target geography?
RGN-QA-117,auto_map_stratified,Mainland China,REG008,GEO040,SURF-IR1970R063,IR1970R063,"Schistosomiasis: how it is transmitted and prevented. Colour lithographs, 1963.",1963-8,1930_1970,Wellcome Collection Catalogue API,Unresolved region,auto_map_from_unresolved,high,placeText; sourceSubjects; title; sourceDescription; sourceNotes; sourceName,"placeText: Unresolved region | sourceSubjects: Schistosomiasis; China | title: Schistosomiasis: how it is transmitted and prevented. Colour lithographs, 1963. | sourceDescription: A set of four Chinese posters from a health education campaign undertaken in the early 1960s which sought to reduce the incidence of schistosomiasis among the rural populace. Each ",Does high-signal metadata support this target geography?
RGN-QA-118,auto_map_stratified,Poland,REG002,GEO018,SURF-CPB2026R0086,CPB2026R0086,FODA Katowice Panewniki poster 2011.JPG,1990,1970_2000,Wikimedia Commons file source / FODA Katowice Panewniki poster 2011.JPG / page 17222439,Unresolved region,auto_map_from_unresolved,high,placeText; sourceSubjects; title; sourceDescription; sourceNotes; sourceName,placeText: Global / period balance | sourceSubjects: Global; period balance; poster; Category:1990s posters Category:CC-BY-SA-3.0 Category:FODA Category:GFDL Category:License migration redundant Category:Members of the Franciscan Ord | title: FODA Katowice Panewniki poster 2011.JPG | sourceDescription: Academic Chaplaincy in Katowice Panewniki (Franciscan monastery),Does high-signal metadata support this target geography?
RGN-QA-119,auto_map_stratified,Poland,REG002,GEO018,SURF-EW1970R015,EW1970R015,Basia Strzeżek,2023-09-28,2000_2026,Another Graphic,Unresolved region,auto_map_from_unresolved,high,placeText; sourceSubjects; title; sourceDescription; sourceNotes; sourceName,placeText: post-1990 international | sourceSubjects: Poland; Poster | title: Basia Strzeżek | sourceDescription: The source does not provide extended descriptive prose. The item metadata gives date evidence: 2023-09-28; place evidence: post-1990 international; form/medium: Poster. For this re,Does high-signal metadata support this target geography?
RGN-QA-120,auto_map_stratified,Russia / USSR contexts,REG002,GEO016,SURF-CRG2026R0235,CRG2026R0235,ApollonMagazine.jpg,1909,pre_1930,Wikimedia Commons file source / ApollonMagazine.jpg / page 4027526,Unresolved region,auto_map_from_unresolved,high,placeText; sourceSubjects; title; sourceDescription; sourceNotes; sourceName,"placeText: Global / release gate expansion | sourceSubjects: Global; release gate expansion; advertising poster; Category:1911 posters of Russia Category:Apollon (magazine) Category:Magazines advertising posters of Russia Category:PD-RusEmpi | title: ApollonMagazine.jpg | sourceDescription: Advertising poster for Apollon , Russian magazine of the arts, music, theatre and literature, connected to the Symbolist movement (published in 1909-17).",Does high-signal metadata support this target geography?
RGN-QA-121,auto_map_stratified,Russia / USSR contexts,REG002,GEO016,SURF-MX1970R004,MX1970R004,Lepra / prokaza / izlechima / World Health Organization.,1965,1930_1970,Wellcome Collection Catalogue API,Unresolved region,auto_map_from_unresolved,high,placeText; sourceSubjects; title; sourceDescription; sourceNotes; sourceName,placeText: Unresolved region | sourceSubjects: Leprosy; Vaccination; Russia (Pre-1917) | title: Lepra / prokaza / izlechima / World Health Organization. | sourceDescription: Lepra / prokaza / izlechima / World Health Organization.,Does high-signal metadata support this target geography?
RGN-QA-122,auto_map_stratified,Argentina,REG004,GEO031,SURF-ESR1931R027,ESR1931R027,Fundacion IDA,source scope: modern-present,undated_or_unparsed,Fundacion IDA,Unresolved region,auto_map_from_unresolved,high,placeText; sourceSubjects; title; sourceDescription; sourceNotes; sourceName,placeText: Argentina | sourceSubjects: Argentine design archive/context; design research/archive foundation; Latin America; Argentina | title: Fundacion IDA | sourceDescription: Argentine design archive/context,Does high-signal metadata support this target geography?
RGN-QA-123,auto_map_stratified,Chile,REG004,GEO032,SURF-ESR1931R028,ESR1931R028,Memoria Chilena: Portal,source scope: pre-WWII-present,undated_or_unparsed,Memoria Chilena,Unresolved region,auto_map_from_unresolved,high,placeText; sourceSubjects; title; sourceDescription; sourceNotes; sourceName,"placeText: Chile | sourceSubjects: Chilean posters, periodicals, political print context; national library portal; Latin America; Chile | title: Memoria Chilena: Portal | sourceDescription: Chilean posters, periodicals, political print context",Does high-signal metadata support this target geography?
RGN-QA-124,auto_map_stratified,Cuba,REG004,GEO029,SURF-PWC2026R002,PWC2026R002,Santos Toledo Argudín 2022.jpg,1950,1930_1970,Wikimedia Commons,Unresolved region,auto_map_from_unresolved,high,placeText; sourceSubjects; title; sourceDescription; sourceNotes; sourceName,placeText: Unresolved region | sourceSubjects: Santos Toledo Argudín|Self-published work|2014 in Havana|Men wearing glasses in Cuba | title: Santos Toledo Argudín 2022.jpg | sourceDescription: Cuban poster designer Santos Toledo (1950-),Does high-signal metadata support this target geography?
RGN-QA-125,auto_map_stratified,India,REG012,GEO051,SURF-COM1970R072,COM1970R072,Kaliposter1940s.jpg,1940,1930_1970,Wikimedia Commons,Unresolved region,auto_map_from_unresolved,high,placeText; sourceSubjects; title; sourceDescription; sourceNotes; sourceName,"placeText: Unresolved region | sourceSubjects: PD India|Posters of India|Template Unknown (author)|1940s posters|PD-old missing SDC copyright status|Paintings of Kali|Kali trampling Shiva|Religious posters | title: Kaliposter1940s.jpg | sourceDescription: With a flaming background that evokes the end of the world (bazaar art, c.1940's)",Does high-signal metadata support this target geography?
RGN-QA-126,low_signal_review,Aotearoa New Zealand,REG015,GEO070,SURF-CRG2026R0005,CRG2026R0005,"The authentic and genuine history of the signing of the Treaty of Waitangi, New Zealand, February 5 and 6, 1840 - Cover.jpg",1840,pre_1930,"Wikimedia Commons file source / The authentic and genuine history of the signing of the Treaty of Waitangi, New Zealand, February 5 and 6, 1840 - Cover.jpg / page 152593751",Unresolved region,review_low_signal_geo_candidates,low,placeText; sourceSubjects; title; sourceDescription; sourceNotes; sourceName,"placeText: Global / release gate expansion | sourceSubjects: Global; release gate expansion; book cover; | title: The authentic and genuine history of the signing of the Treaty of Waitangi, New Zealand, February 5 and 6, 1840 - Cover.jpg | sourceDescription: Cover image extracted from [File:The authentic and genuine history of the signing of the Treaty of Waitangi, New Zealand, February 5 and 6, 1840.pdf]",Is the low-signal location an actual object/source geography or only incidental text?
RGN-QA-127,low_signal_review,United States,REG003,GEO025,SURF-CRG2026R0007,CRG2026R0007,Stamp 1970 UAE-FU MiNr0651A pm B002.jpg,1841,pre_1930,Wikimedia Commons file source / Stamp 1970 UAE-FU MiNr0651A pm B002.jpg / page 117870240,Unresolved region,review_low_signal_geo_candidates,low,placeText; sourceSubjects; title; sourceDescription; sourceNotes; sourceName,"placeText: Global / release gate expansion | sourceSubjects: Global; release gate expansion; stamp; | title: Stamp 1970 UAE-FU MiNr0651A pm B002.jpg | sourceDescription: Airmail stamp of the United Arab Emirates - Emirate Fujeira; 1970: airmail stamp of the issue ""Nude paintings by Renoir""; meant is the French painter and master of the impressionis",Is the low-signal location an actual object/source geography or only incidental text?
RGN-QA-128,low_signal_review,France,REG001,GEO005,SURF-CRG2026R0006,CRG2026R0006,Stamp 1974 Romania MiNr3179 pm B002a.jpg,1841,pre_1930,Wikimedia Commons file source / Stamp 1974 Romania MiNr3179 pm B002a.jpg / page 117737469,Unresolved region,review_low_signal_geo_candidates,low,placeText; sourceSubjects; title; sourceDescription; sourceNotes; sourceName,"placeText: Eastern Europe / Romania | sourceSubjects: Eastern Europe; Romania; stamp; | title: Stamp 1974 Romania MiNr3179 pm B002a.jpg | sourceDescription: Stamp of Romania; 1974; commemorative stamp of the issue ""Impressionist Paintings""; As stamp motive is showing the painting ""Landscape with house"" (Italian title: ""Paessaggio con c",Is the low-signal location an actual object/source geography or only incidental text?
RGN-QA-129,low_signal_review,United States; France; Japan,REG001; REG003; REG005,GEO005; GEO025; GEO036,SURF-CRG2026R0020,CRG2026R0020,Stamp 1968 UAE-RK MiNr0243A pm B002.jpg,1853,pre_1930,Wikimedia Commons file source / Stamp 1968 UAE-RK MiNr0243A pm B002.jpg / page 118013751,Unresolved region,review_low_signal_geo_candidates,low,placeText; sourceSubjects; title; sourceDescription; sourceNotes; sourceName,"placeText: Global / release gate expansion | sourceSubjects: Global; release gate expansion; stamp; | title: Stamp 1968 UAE-RK MiNr0243A pm B002.jpg | sourceDescription: Stamp of the United Arab Emirates - Emirate Ras al-Khaima; 1968; commemorative stamp of the series ""International Museum Campaign - Art Masterpieces""; As stamp motive is shown a de",Is the low-signal location an actual object/source geography or only incidental text?
RGN-QA-130,low_signal_review,Germany,REG001,GEO006,SURF-CRG2026R0033,CRG2026R0033,Exhibit catalog for the Moos Gallery - DPLA - ab678f6f7d2bd55e4bb84b063a4b4a2f (page 2).jpg,1868,pre_1930,Wikimedia Commons file source / Exhibit catalog for the Moos Gallery - DPLA - ab678f6f7d2bd55e4bb84b063a4b4a2f (page 2).jpg / page 134207282,Unresolved region,review_low_signal_geo_candidates,low,placeText; sourceSubjects; title; sourceDescription; sourceNotes; sourceName,"placeText: Global / release gate expansion | sourceSubjects: Global; release gate expansion; pamphlet; | title: Exhibit catalog for the Moos Gallery - DPLA - ab678f6f7d2bd55e4bb84b063a4b4a2f (page 2).jpg | sourceDescription: Pamphlet for the 1919 exhibition of the Gruppe ""RIH"" collected by Georg Bredig (1868-1944). The exhibition was at Gallery Moos, an art gallery founded by Max Moos. The RIH group (1",Is the low-signal location an actual object/source geography or only incidental text?
RGN-QA-131,low_signal_review,Germany,REG001,GEO006,SURF-CRG2026R0034,CRG2026R0034,Exhibit catalog for the Moos Gallery - DPLA - ab678f6f7d2bd55e4bb84b063a4b4a2f (page 3).jpg,1868,pre_1930,Wikimedia Commons file source / Exhibit catalog for the Moos Gallery - DPLA - ab678f6f7d2bd55e4bb84b063a4b4a2f (page 3).jpg / page 134207284,Unresolved region,review_low_signal_geo_candidates,low,placeText; sourceSubjects; title; sourceDescription; sourceNotes; sourceName,"placeText: Global / release gate expansion | sourceSubjects: Global; release gate expansion; pamphlet; | title: Exhibit catalog for the Moos Gallery - DPLA - ab678f6f7d2bd55e4bb84b063a4b4a2f (page 3).jpg | sourceDescription: Pamphlet for the 1919 exhibition of the Gruppe ""RIH"" collected by Georg Bredig (1868-1944). The exhibition was at Gallery Moos, an art gallery founded by Max Moos. The RIH group (1",Is the low-signal location an actual object/source geography or only incidental text?
RGN-QA-132,low_signal_review,United Kingdom,REG001,GEO003,SURF-CRG2026R0049,CRG2026R0049,"Tamworth Registration Office and Old Stone Cross public house, Church Street, Tamworth - geograph.org.uk - 1741874.jpg",1870,pre_1930,"Wikimedia Commons file source / Tamworth Registration Office and Old Stone Cross public house, Church Street, Tamworth - geograph.org.uk - 1741874.jpg / page 14476000",Unresolved region,review_low_signal_geo_candidates,low,placeText; sourceSubjects; title; sourceDescription; sourceNotes; sourceName,"placeText: Global / release gate expansion | sourceSubjects: Global; release gate expansion; leaflet; Category:Buildings in Tamworth Category:CC-BY-SA-2.0 Category:Church Street, Tamworth Category:Grade II listed buildings in Staffordshire C | title: Tamworth Registration Office and Old Stone Cross public house, Church Street, Tamworth - geograph.org.uk - 1741874.jpg | sourceDescription: Tamworth Registration Office and Old Stone Cross public house, Church Street, Tamworth Two conflicting versions of the history of this building. ImagesofEngland states that it was ",Is the low-signal location an actual object/source geography or only incidental text?
RGN-QA-133,low_signal_review,United States; United Kingdom,REG001; REG003,GEO003; GEO025,SURF-CRG2026R0078,CRG2026R0078,"30a Sammlung Eybl Großbritannien. Alfred Leete (1882–1933) Britons (Kitchener) wants you (Briten Kitchener braucht Euch). 1914 (Nachdruck), 74 x 50 cm. (Slg.Nr. 552).jpg",1882,pre_1930,"Wikimedia Commons file source / 30a Sammlung Eybl Großbritannien. Alfred Leete (1882–1933) Britons (Kitchener) wants you (Briten Kitchener braucht Euch). 1914 (Nachdruck), 74 x 50 cm. (Slg.Nr. 552).jpg / page 43336500",Unresolved region,review_low_signal_geo_candidates,low,placeText; sourceSubjects; title; sourceDescription; sourceNotes; sourceName,"placeText: Global / release gate expansion | sourceSubjects: Global; release gate expansion; magazine cover; | title: 30a Sammlung Eybl Großbritannien. Alfred Leete (1882–1933) Britons (Kitchener) wants you (Briten Kitchener braucht Euch). 1914 (Nachdruck), 74 x 50 cm. (Slg.Nr. 552).jpg | sourceDescription: UK. Alfred Leete (1882-1933). Britons (Kitchener) wants you (British / Kitchener / needs you). 1914 (reprint), 74 x 50 cm. (Slg.Nr. 552). The title page of the ""London Opinion"" in ",Is the low-signal location an actual object/source geography or only incidental text?
RGN-QA-134,low_signal_review,Aotearoa New Zealand,REG015,GEO070,SURF-CRG2026R0102,CRG2026R0102,Reid•Rambles·on·the·Golden·Coast•1886•001•Cover.jpg,1886,pre_1930,Wikimedia Commons file source / Reid•Rambles·on·the·Golden·Coast•1886•001•Cover.jpg / page 122406211,Unresolved region,review_low_signal_geo_candidates,low,placeText; sourceSubjects; title; sourceDescription; sourceNotes; sourceName,"placeText: Global / release gate expansion | sourceSubjects: Global; release gate expansion; book cover; | title: Reid•Rambles·on·the·Golden·Coast•1886•001•Cover.jpg | sourceDescription: Book cover for Rambles on the Golden Coast of New Zealand by Robert Caldwell Reid (1886), The Colonial Printing and Publishing Company, London.",Is the low-signal location an actual object/source geography or only incidental text?
RGN-QA-135,low_signal_review,United Kingdom,REG001,GEO003,SURF-CRG2026R0108,CRG2026R0108,Stamp of Zululand - 1888 - Colnect 564761 - Queen Victoria UK Overstamped.jpeg,1888,pre_1930,Wikimedia Commons file source / Stamp of Zululand - 1888 - Colnect 564761 - Queen Victoria UK Overstamped.jpeg / page 115842451,Unresolved region,review_low_signal_geo_candidates,low,placeText; sourceSubjects; title; sourceDescription; sourceNotes; sourceName,placeText: Global / release gate expansion | sourceSubjects: Global; release gate expansion; stamp; | title: Stamp of Zululand - 1888 - Colnect 564761 - Queen Victoria UK Overstamped.jpeg | sourceDescription: The source does not provide extended descriptive prose. The item metadata gives date evidence: 1888; creator/attribution: Post of Zululand; place evidence: Global / release gate ex,Is the low-signal location an actual object/source geography or only incidental text?
RGN-QA-136,low_signal_review,United Kingdom,REG001,GEO003,SURF-CRG2026R0109,CRG2026R0109,Stamp of Zululand - 1888 - Colnect 564763 - Queen Victoria UK Overstamped.jpeg,1888,pre_1930,Wikimedia Commons file source / Stamp of Zululand - 1888 - Colnect 564763 - Queen Victoria UK Overstamped.jpeg / page 115842457,Unresolved region,review_low_signal_geo_candidates,low,placeText; sourceSubjects; title; sourceDescription; sourceNotes; sourceName,placeText: Global / release gate expansion | sourceSubjects: Global; release gate expansion; stamp; | title: Stamp of Zululand - 1888 - Colnect 564763 - Queen Victoria UK Overstamped.jpeg | sourceDescription: The source does not provide extended descriptive prose. The item metadata gives date evidence: 1888; creator/attribution: Post of Zululand; place evidence: Global / release gate ex,Is the low-signal location an actual object/source geography or only incidental text?
RGN-QA-137,low_signal_review,United Kingdom,REG001,GEO003,SURF-CRG2026R0110,CRG2026R0110,Stamp of Zululand - 1888 - Colnect 564764 - Queen Victoria UK Overstamped.jpeg,1888,pre_1930,Wikimedia Commons file source / Stamp of Zululand - 1888 - Colnect 564764 - Queen Victoria UK Overstamped.jpeg / page 115842464,Unresolved region,review_low_signal_geo_candidates,low,placeText; sourceSubjects; title; sourceDescription; sourceNotes; sourceName,placeText: Global / release gate expansion | sourceSubjects: Global; release gate expansion; stamp; | title: Stamp of Zululand - 1888 - Colnect 564764 - Queen Victoria UK Overstamped.jpeg | sourceDescription: The source does not provide extended descriptive prose. The item metadata gives date evidence: 1888; creator/attribution: Post of Zululand; place evidence: Global / release gate ex,Is the low-signal location an actual object/source geography or only incidental text?
RGN-QA-138,low_signal_review,United Kingdom,REG001,GEO003,SURF-CRG2026R0112,CRG2026R0112,Stamp of Zululand - 1888 - Colnect 564769 - Queen Victoria UK Overstamped.jpeg,1888,pre_1930,Wikimedia Commons file source / Stamp of Zululand - 1888 - Colnect 564769 - Queen Victoria UK Overstamped.jpeg / page 115842514,Unresolved region,review_low_signal_geo_candidates,low,placeText; sourceSubjects; title; sourceDescription; sourceNotes; sourceName,placeText: Global / release gate expansion | sourceSubjects: Global; release gate expansion; stamp; | title: Stamp of Zululand - 1888 - Colnect 564769 - Queen Victoria UK Overstamped.jpeg | sourceDescription: The source does not provide extended descriptive prose. The item metadata gives date evidence: 1888; creator/attribution: Post of Zululand; place evidence: Global / release gate ex,Is the low-signal location an actual object/source geography or only incidental text?
RGN-QA-139,low_signal_review,United Kingdom,REG001,GEO003,SURF-CRG2026R0113,CRG2026R0113,Stamp of Zululand - 1888 - Colnect 564771 - Queen Victoria UK Overstamped.jpeg,1888,pre_1930,Wikimedia Commons file source / Stamp of Zululand - 1888 - Colnect 564771 - Queen Victoria UK Overstamped.jpeg / page 115842556,Unresolved region,review_low_signal_geo_candidates,low,placeText; sourceSubjects; title; sourceDescription; sourceNotes; sourceName,placeText: Global / release gate expansion | sourceSubjects: Global; release gate expansion; stamp; | title: Stamp of Zululand - 1888 - Colnect 564771 - Queen Victoria UK Overstamped.jpeg | sourceDescription: The source does not provide extended descriptive prose. The item metadata gives date evidence: 1888; creator/attribution: Post of Zululand; place evidence: Global / release gate ex,Is the low-signal location an actual object/source geography or only incidental text?
RGN-QA-140,low_signal_review,United Kingdom,REG001,GEO003,SURF-CRG2026R0114,CRG2026R0114,Stamp of Zululand - 1888 - Colnect 564772 - Queen Victoria UK Overstamped.jpeg,1888,pre_1930,Wikimedia Commons file source / Stamp of Zululand - 1888 - Colnect 564772 - Queen Victoria UK Overstamped.jpeg / page 115842578,Unresolved region,review_low_signal_geo_candidates,low,placeText; sourceSubjects; title; sourceDescription; sourceNotes; sourceName,placeText: Global / release gate expansion | sourceSubjects: Global; release gate expansion; stamp; | title: Stamp of Zululand - 1888 - Colnect 564772 - Queen Victoria UK Overstamped.jpeg | sourceDescription: The source does not provide extended descriptive prose. The item metadata gives date evidence: 1888; creator/attribution: Post of Zululand; place evidence: Global / release gate ex,Is the low-signal location an actual object/source geography or only incidental text?
RGN-QA-141,low_signal_review,United Kingdom,REG001,GEO003,SURF-CRG2026R0115,CRG2026R0115,Stamp of Zululand - 1888 - Colnect 564773 - Queen Victoria UK Overstamped.jpeg,1888,pre_1930,Wikimedia Commons file source / Stamp of Zululand - 1888 - Colnect 564773 - Queen Victoria UK Overstamped.jpeg / page 115842594,Unresolved region,review_low_signal_geo_candidates,low,placeText; sourceSubjects; title; sourceDescription; sourceNotes; sourceName,placeText: Global / release gate expansion | sourceSubjects: Global; release gate expansion; stamp; | title: Stamp of Zululand - 1888 - Colnect 564773 - Queen Victoria UK Overstamped.jpeg | sourceDescription: The source does not provide extended descriptive prose. The item metadata gives date evidence: 1888; creator/attribution: Post of Zululand; place evidence: Global / release gate ex,Is the low-signal location an actual object/source geography or only incidental text?
RGN-QA-142,low_signal_review,United Kingdom,REG001,GEO003,SURF-CRG2026R0142,CRG2026R0142,Stamp of Zululand - 1893 - Colnect 564762 - Queen Victoria UK Overstamped.jpeg,1893,pre_1930,Wikimedia Commons file source / Stamp of Zululand - 1893 - Colnect 564762 - Queen Victoria UK Overstamped.jpeg / page 115842639,Unresolved region,review_low_signal_geo_candidates,low,placeText; sourceSubjects; title; sourceDescription; sourceNotes; sourceName,placeText: Global / release gate expansion | sourceSubjects: Global; release gate expansion; stamp; | title: Stamp of Zululand - 1893 - Colnect 564762 - Queen Victoria UK Overstamped.jpeg | sourceDescription: The source does not provide extended descriptive prose. The item metadata gives date evidence: 1893; creator/attribution: Post of Zululand; place evidence: Global / release gate ex,Is the low-signal location an actual object/source geography or only incidental text?
RGN-QA-143,low_signal_review,Aotearoa New Zealand,REG015,GEO070,SURF-CRG2026R0225,CRG2026R0225,New Zealand or Ao-Tea-Roa.jpg,1907,pre_1930,Wikimedia Commons file source / New Zealand or Ao-Tea-Roa.jpg / page 126192112,Unresolved region,review_low_signal_geo_candidates,low,placeText; sourceSubjects; title; sourceDescription; sourceNotes; sourceName,placeText: Global / release gate expansion | sourceSubjects: Global; release gate expansion; book cover; | title: New Zealand or Ao-Tea-Roa.jpg | sourceDescription: The source does not provide extended descriptive prose. The item metadata gives date evidence: 1907; creator/attribution: Unknown author Unknown author; place evidence: Global / re,Is the low-signal location an actual object/source geography or only incidental text?
RGN-QA-144,low_signal_review,Germany,REG001,GEO006,SURF-CRG2026R0230,CRG2026R0230,"Münster, LWL-Museum für Kunst und Kultur, Blick auf den Dom -- 2020 -- 8290.jpg",1908,pre_1930,"Wikimedia Commons file source / Münster, LWL-Museum für Kunst und Kultur, Blick auf den Dom -- 2020 -- 8290.jpg / page 93726122",Unresolved region,review_low_signal_geo_candidates,low,placeText; sourceSubjects; title; sourceDescription; sourceNotes; sourceName,"placeText: Global / release gate expansion | sourceSubjects: Global; release gate expansion; poster; | title: Münster, LWL-Museum für Kunst und Kultur, Blick auf den Dom -- 2020 -- 8290.jpg | sourceDescription: St Paul’s Cathedral (view from LWL Museum for Art and Culture ), Münster , North Rhine-Westphalia , Germany The LWL Museum of Art and Culture in Münster is one of the most importan",Is the low-signal location an actual object/source geography or only incidental text?
RGN-QA-145,low_signal_review,United Kingdom,REG001,GEO003,SURF-CRG2026R0306,CRG2026R0306,"THE WOMEN'S WORK IN THE WAR PRODUCTION, 1914-1918 Q107032.jpg",1914,pre_1930,"Wikimedia Commons file source / THE WOMEN'S WORK IN THE WAR PRODUCTION, 1914-1918 Q107032.jpg / page 63213501",Unresolved region,review_low_signal_geo_candidates,low,placeText; sourceSubjects; title; sourceDescription; sourceNotes; sourceName,"placeText: Global / release gate expansion | sourceSubjects: Global; release gate expansion; leaflet; | title: THE WOMEN'S WORK IN THE WAR PRODUCTION, 1914-1918 Q107032.jpg | sourceDescription: THE WOMEN'S WORK IN THE WAR PRODUCTION, 1914-1918 Leaflet by the Queen's Needlework Guild offering advice to women on how to contribute to the war effort by making clothes.",Is the low-signal location an actual object/source geography or only incidental text?
RGN-QA-146,low_signal_review,United Kingdom,REG001,GEO003,SURF-CRG2026R0360,CRG2026R0360,Tentoonstelling van Oorlogs Curiosa (exhibition of War Curiosities) Art.IWMPST13156.jpg,1918,pre_1930,Wikimedia Commons file source / Tentoonstelling van Oorlogs Curiosa (exhibition of War Curiosities) Art.IWMPST13156.jpg / page 24210670,Unresolved region,review_low_signal_geo_candidates,low,placeText; sourceSubjects; title; sourceDescription; sourceNotes; sourceName,"placeText: Global / release gate expansion | sourceSubjects: Global; release gate expansion; poster; | title: Tentoonstelling van Oorlogs Curiosa (exhibition of War Curiosities) Art.IWMPST13156.jpg | sourceDescription: Tentoonstelling van Oorlogs Curiosa [exhibition of War Curiosities] whole: the main image occupies the majority, held within a black border. Smaller images are positioned down the ",Is the low-signal location an actual object/source geography or only incidental text?
RGN-QA-147,low_signal_review,Italy,REG001,GEO011,SURF-COM1970R022,COM1970R022,Prima esposizione (Milan).jpg,1919,pre_1930,Wikimedia Commons,Unresolved region,review_low_signal_geo_candidates,low,placeText; sourceSubjects; title; sourceDescription; sourceNotes; sourceName,"placeText: Unresolved region | sourceSubjects: Società Umanitaria (Milan)|PD Old|1919 advertisements|Advertising posters|Template Unknown (author)|CC-PD-Mark|PD-old missing SDC copyright status|Posters in Milan | title: Prima esposizione (Milan).jpg | sourceDescription: Advertising poster for the first Lombardy Regional Exposition for the Decorative Arts in Milan – 1919, Italy",Is the low-signal location an actual object/source geography or only incidental text?
RGN-QA-148,low_signal_review,Aotearoa New Zealand,REG015,GEO070,SURF-CRG2026R0406,CRG2026R0406,Tutira the story of a New Zealand sheep station (book cover 1921).jpg,1921,pre_1930,Wikimedia Commons file source / Tutira the story of a New Zealand sheep station (book cover 1921).jpg / page 77515031,Unresolved region,review_low_signal_geo_candidates,low,placeText; sourceSubjects; title; sourceDescription; sourceNotes; sourceName,placeText: Global / release gate expansion | sourceSubjects: Global; release gate expansion; book cover; | title: Tutira the story of a New Zealand sheep station (book cover 1921).jpg | sourceDescription: The source does not provide extended descriptive prose. The item metadata gives date evidence: 1921; creator/attribution: Herbert Guthrie-Smith; place evidence: Global / release ga,Is the low-signal location an actual object/source geography or only incidental text?
RGN-QA-149,low_signal_review,Canada,REG003,GEO026,SURF-CRG2026R0413,CRG2026R0413,Dec 1923 CNR magazine.jpg,1923,pre_1930,Wikimedia Commons file source / Dec 1923 CNR magazine.jpg / page 113624118,Unresolved region,review_low_signal_geo_candidates,low,placeText; sourceSubjects; title; sourceDescription; sourceNotes; sourceName,placeText: Global / release gate expansion | sourceSubjects: Global; release gate expansion; magazine cover; | title: Dec 1923 CNR magazine.jpg | sourceDescription: Dec 1923 Canadian National Railways Magazine cover,Is the low-signal location an actual object/source geography or only incidental text?
RGN-QA-150,low_signal_review,United States,REG003,GEO025,SURF-CRG2026R0493,CRG2026R0493,Kingofkings poster.gif,1927,pre_1930,Wikimedia Commons file source / Kingofkings poster.gif / page 47525781,Unresolved region,review_low_signal_geo_candidates,low,placeText; sourceSubjects; title; sourceDescription; sourceNotes; sourceName,placeText: Global / release gate expansion | sourceSubjects: Global; release gate expansion; film poster; | title: Kingofkings poster.gif | sourceDescription: Poster for the 1927 film King of Kings . The item has no copyright markings on it as can be seen in the links above. At bottom left is Country of origin USA. At bottom right is a l,Is the low-signal location an actual object/source geography or only incidental text?
RGN-QA-151,low_signal_review,Aotearoa New Zealand,REG015,GEO070,SURF-CRG2026R0553,CRG2026R0553,"Rotorua. Nature's cure, for thermal waters health and recreation.jpg",1930,pre_1930,"Wikimedia Commons file source / Rotorua. Nature's cure, for thermal waters health and recreation.jpg / page 90561764",Unresolved region,review_low_signal_geo_candidates,low,placeText; sourceSubjects; title; sourceDescription; sourceNotes; sourceName,"placeText: Global / release gate expansion | sourceSubjects: Global; release gate expansion; advertising poster; | title: Rotorua. Nature's cure, for thermal waters health and recreation.jpg | sourceDescription: Rotorua. Nature's cure, for thermal waters health and recreation. Advertising poster by New Zealand Railways publicity and advertising branch produced in the 1930s.",Is the low-signal location an actual object/source geography or only incidental text?
RGN-QA-152,low_signal_review,United Kingdom,REG001,GEO003,SURF-CRG2026R0588,CRG2026R0588,Ireland 1931 Royal Dublin Society 2d.jpg,1931,1930_1970,Wikimedia Commons file source / Ireland 1931 Royal Dublin Society 2d.jpg / page 153687318,Unresolved region,review_low_signal_geo_candidates,low,placeText; sourceSubjects; title; sourceDescription; sourceNotes; sourceName,placeText: Global / release gate expansion | sourceSubjects: Global; release gate expansion; stamp; | title: Ireland 1931 Royal Dublin Society 2d.jpg | sourceDescription: Irish 2d stamp released 1931 for the 200th Anniversary of the Royal Dublin Society,Is the low-signal location an actual object/source geography or only incidental text?
RGN-QA-153,low_signal_review,United States,REG003,GEO025,SURF-CRG2026R0590,CRG2026R0590,Millie 1931 poster.jpg,1931,1930_1970,Wikimedia Commons file source / Millie 1931 poster.jpg / page 57592105,Unresolved region,review_low_signal_geo_candidates,low,placeText; sourceSubjects; title; sourceDescription; sourceNotes; sourceName,placeText: Global / release gate expansion | sourceSubjects: Global; release gate expansion; film poster; | title: Millie 1931 poster.jpg | sourceDescription: Poster for the 1931 film Millie . This is a copy of a window card poster unedited copy . The top was originally blank so a local theater could affix its own information. The top ha,Is the low-signal location an actual object/source geography or only incidental text?
RGN-QA-154,low_signal_review,Canada,REG003,GEO026,SURF-CRG2026R0611,CRG2026R0611,Beth Laemmle magazine cover (cropped).jpg,1932,1930_1970,Wikimedia Commons file source / Beth Laemmle magazine cover (cropped).jpg / page 138515607,Unresolved region,review_low_signal_geo_candidates,low,placeText; sourceSubjects; title; sourceDescription; sourceNotes; sourceName,"placeText: Global / release gate expansion | sourceSubjects: Global; release gate expansion; magazine cover; | title: Beth Laemmle magazine cover (cropped).jpg | sourceDescription: Magazine cover featuring Carla (Beth) Laemmle, silent movie star. From the collection of Conrad Poirier, Montreal national archives. The full provenance isn't completely clear - th",Is the low-signal location an actual object/source geography or only incidental text?
RGN-QA-155,low_signal_review,Canada,REG003,GEO026,SURF-CRG2026R0612,CRG2026R0612,Beth Laemmle magazine cover.jpg,1932,1930_1970,Wikimedia Commons file source / Beth Laemmle magazine cover.jpg / page 138515557,Unresolved region,review_low_signal_geo_candidates,low,placeText; sourceSubjects; title; sourceDescription; sourceNotes; sourceName,"placeText: Global / release gate expansion | sourceSubjects: Global; release gate expansion; magazine cover; | title: Beth Laemmle magazine cover.jpg | sourceDescription: Magazine cover featuring Carla (Beth) Laemmle, silent movie star. From the collection of Conrad Poirier, Montreal national archives. The full provenance isn't completely clear - th",Is the low-signal location an actual object/source geography or only incidental text?
RGN-QA-156,low_signal_review,United States,REG003,GEO025,SURF-CRG2026R0702,CRG2026R0702,Poster- Palooka.jpg,1934,1930_1970,Wikimedia Commons file source / Poster- Palooka.jpg / page 33437409,Unresolved region,review_low_signal_geo_candidates,low,placeText; sourceSubjects; title; sourceDescription; sourceNotes; sourceName,"placeText: Global / release gate expansion | sourceSubjects: Global; release gate expansion; film poster; | title: Poster- Palooka.jpg | sourceDescription: American film poster for the 1934 film Palooka , starring Stuart Erwin, Lupe Vélez , and Jimmy Durante .",Is the low-signal location an actual object/source geography or only incidental text?
RGN-QA-157,low_signal_review,United States,REG003,GEO025,SURF-CRG2026R0733,CRG2026R0733,Dawn Rider poster.jpg,1935,1930_1970,Wikimedia Commons file source / Dawn Rider poster.jpg / page 58466749,Unresolved region,review_low_signal_geo_candidates,low,placeText; sourceSubjects; title; sourceDescription; sourceNotes; sourceName,placeText: Global / release gate expansion | sourceSubjects: Global; release gate expansion; film poster; | title: Dawn Rider poster.jpg | sourceDescription: Poster for the 1935 film The Dawn Rider . There are no copyright marks. At bottom left is Made in USA #6236. At bottom right is the Tooker Litho Company logo-they printed the poste,Is the low-signal location an actual object/source geography or only incidental text?
RGN-QA-158,low_signal_review,United States,REG003,GEO025,SURF-CRG2026R0744,CRG2026R0744,Poster of the movie The Law of 45's.jpg,1935,1930_1970,Wikimedia Commons file source / Poster of the movie The Law of 45's.jpg / page 45116845,Unresolved region,review_low_signal_geo_candidates,low,placeText; sourceSubjects; title; sourceDescription; sourceNotes; sourceName,placeText: Global / release gate expansion | sourceSubjects: Global; release gate expansion; film poster; | title: Poster of the movie The Law of 45's.jpg | sourceDescription: Poster for the 1935 film Law of the 45s . The item has no copyright markings on it as can be seen in the links above. At lower right is Litho in USA. At lower left is M R Litho Co.,Is the low-signal location an actual object/source geography or only incidental text?
RGN-QA-159,low_signal_review,United States; Australia,REG003; REG015,GEO025; GEO069,SURF-CRG2026R0766,CRG2026R0766,The Arizonian (1935) film poster.jpg,1935,1930_1970,Wikimedia Commons file source / The Arizonian (1935) film poster.jpg / page 147051586,Unresolved region,review_low_signal_geo_candidates,low,placeText; sourceSubjects; title; sourceDescription; sourceNotes; sourceName,placeText: Global / release gate expansion | sourceSubjects: Global; release gate expansion; film poster; | title: The Arizonian (1935) film poster.jpg | sourceDescription: From a scan at Heritage Auction. Believed to be public domain in the United States and in Australia.,Is the low-signal location an actual object/source geography or only incidental text?
RGN-QA-160,low_signal_review,United Kingdom,REG001,GEO003,SURF-CRG2026R0767,CRG2026R0767,Trinidad-stamp-lake-asphalt-discovery.jpg,1935,1930_1970,Wikimedia Commons file source / Trinidad-stamp-lake-asphalt-discovery.jpg / page 53179504,Unresolved region,review_low_signal_geo_candidates,low,placeText; sourceSubjects; title; sourceDescription; sourceNotes; sourceName,"placeText: Global / release gate expansion | sourceSubjects: Global; release gate expansion; stamp; | title: Trinidad-stamp-lake-asphalt-discovery.jpg | sourceDescription: Trinidad and Tobago stamp featuring the ‘Discovery of Lake Asphalt by Raleigh, 1595’.",Is the low-signal location an actual object/source geography or only incidental text?
RGN-QA-161,low_signal_review,United States,REG003,GEO025,SURF-CRG2026R0794,CRG2026R0794,Afterthethinman.jpg,1936,1930_1970,Wikimedia Commons file source / Afterthethinman.jpg / page 40715548,Unresolved region,review_low_signal_geo_candidates,low,placeText; sourceSubjects; title; sourceDescription; sourceNotes; sourceName,"placeText: Global / release gate expansion | sourceSubjects: Global; release gate expansion; film poster; | title: Afterthethinman.jpg | sourceDescription: Film poster for After the Thin Man . The item has no copyright markings on it as can be seen in the links above. At lower left is Litho in USA-at lower right-Tooker Litho, NY-the n",Is the low-signal location an actual object/source geography or only incidental text?
RGN-QA-162,low_signal_review,United States,REG003,GEO025,SURF-CRG2026R0799,CRG2026R0799,Devil dollposter.jpg,1936,1930_1970,Wikimedia Commons file source / Devil dollposter.jpg / page 57424100,Unresolved region,review_low_signal_geo_candidates,low,placeText; sourceSubjects; title; sourceDescription; sourceNotes; sourceName,placeText: Global / release gate expansion | sourceSubjects: Global; release gate expansion; film poster; | title: Devil dollposter.jpg | sourceDescription: Poster from the 1936 film The Devil Doll . The item has no copyright markings on it as can be seen in the links above. At lower left is the letter D and Made in USA; at lower right,Is the low-signal location an actual object/source geography or only incidental text?
RGN-QA-163,low_signal_review,Aotearoa New Zealand,REG015,GEO070,SURF-CRG2026R0807,CRG2026R0807,"Packet, food product (AM 2015.4.18-1).jpg",1936,1930_1970,"Wikimedia Commons file source / Packet, food product (AM 2015.4.18-1).jpg / page 65749123",Unresolved region,review_low_signal_geo_candidates,low,placeText; sourceSubjects; title; sourceDescription; sourceNotes; sourceName,"placeText: Global / release gate expansion | sourceSubjects: Global; release gate expansion; packaging; | title: Packet, food product (AM 2015.4.18-1).jpg | sourceDescription: Ovoline - Keeps Fresh Eggs Fresh, MADE BY OVOLINE PROPRIETARY CO. LTD. BLENHEIM, NEW ZEALAND egg preservative small circular cardboard pot with screw-on tin lid in square, printed,",Is the low-signal location an actual object/source geography or only incidental text?
RGN-QA-164,low_signal_review,Aotearoa New Zealand,REG015,GEO070,SURF-CRG2026R0808,CRG2026R0808,"Packet, food product (AM 2015.4.18-13).jpg",1936,1930_1970,"Wikimedia Commons file source / Packet, food product (AM 2015.4.18-13).jpg / page 65749317",Unresolved region,review_low_signal_geo_candidates,low,placeText; sourceSubjects; title; sourceDescription; sourceNotes; sourceName,"placeText: Global / release gate expansion | sourceSubjects: Global; release gate expansion; packaging; | title: Packet, food product (AM 2015.4.18-13).jpg | sourceDescription: Ovoline - Keeps Fresh Eggs Fresh, MADE BY OVOLINE PROPRIETARY CO. LTD. BLENHEIM, NEW ZEALAND egg preservative small circular cardboard pot with screw-on tin lid in square, printed,",Is the low-signal location an actual object/source geography or only incidental text?
RGN-QA-165,low_signal_review,Aotearoa New Zealand,REG015,GEO070,SURF-CRG2026R0809,CRG2026R0809,"Packet, food product (AM 2015.4.18-15).jpg",1936,1930_1970,"Wikimedia Commons file source / Packet, food product (AM 2015.4.18-15).jpg / page 65749391",Unresolved region,review_low_signal_geo_candidates,low,placeText; sourceSubjects; title; sourceDescription; sourceNotes; sourceName,"placeText: Global / release gate expansion | sourceSubjects: Global; release gate expansion; packaging; | title: Packet, food product (AM 2015.4.18-15).jpg | sourceDescription: Ovoline - Keeps Fresh Eggs Fresh, MADE BY OVOLINE PROPRIETARY CO. LTD. BLENHEIM, NEW ZEALAND egg preservative small circular cardboard pot with screw-on tin lid in square, printed,",Is the low-signal location an actual object/source geography or only incidental text?
RGN-QA-166,sensitive_or_multi_review,Western and Central Europe; United States,REG001; REG003,GEO002; GEO025,SURF-SI1970R007,SI1970R007,Advertisement for Hudson Clothier,ca. 1880; 1880s,pre_1930,Smithsonian Open Access,Unresolved region,review_multiple_geo_candidates,medium,placeText; sourceSubjects; title; sourceDescription; sourceNotes; sourceName,placeText: Europe and USA; Europe and USA | sourceSubjects: Trade cards; Ephemera | title: Advertisement for Hudson Clothier | sourceDescription: Chromolithograph; Approximately: 15 x 10 cm (5 7/8 x 3 15/16 in.); Research in Progress; An arabian man standing with a long stick in front of a diamond shaped view of the desert a,"Does this require split, historical, protocol, or multi-geography handling?"
RGN-QA-167,sensitive_or_multi_review,Western and Central Europe; United States,REG001; REG003,GEO002; GEO025,SURF-SI1970R008,SI1970R008,Advertisement for Patented Medicine,ca. 1880; 1880s,pre_1930,Smithsonian Open Access,Unresolved region,review_multiple_geo_candidates,medium,placeText; sourceSubjects; title; sourceDescription; sourceNotes; sourceName,placeText: Europe and USA; Europe and USA | sourceSubjects: Trade cards; Ephemera | title: Advertisement for Patented Medicine | sourceDescription: Chromolithograph; Approximately: 16.5 x 10.5 cm (6 1/2 x 4 1/8 in.); Research in Progress; Depicted on recto: Toll Gate #4; ADVERTISEMENT FOR PATENTED MEDICINE,"Does this require split, historical, protocol, or multi-geography handling?"
RGN-QA-168,sensitive_or_multi_review,Western and Central Europe; United States,REG001; REG003,GEO002; GEO025,SURF-SI1970R009,SI1970R009,Advertisement for Patented Medicine,ca. 1880; 1880s,pre_1930,Smithsonian Open Access,Unresolved region,review_multiple_geo_candidates,medium,placeText; sourceSubjects; title; sourceDescription; sourceNotes; sourceName,"placeText: Europe and USA; Europe and USA | sourceSubjects: Trade cards; Ephemera | title: Advertisement for Patented Medicine | sourceDescription: Chromolithograph; Approximately: 16.5 x 10.5 cm (6 1/2 x 4 1/8 in.); Research in Progress; Depicted on recto is the obelisk in Central Park, New York, NY.; ADVERTISEMENT FOR PATENT","Does this require split, historical, protocol, or multi-geography handling?"
RGN-QA-169,sensitive_or_multi_review,Western and Central Europe; United States,REG001; REG003,GEO002; GEO025,SURF-SI1970R010,SI1970R010,Advertisement for Sewing Equipment,ca. 1880; 1880s,pre_1930,Smithsonian Open Access,Unresolved region,review_multiple_geo_candidates,medium,placeText; sourceSubjects; title; sourceDescription; sourceNotes; sourceName,placeText: Europe and USA; Europe and USA | sourceSubjects: Trade cards; Ephemera | title: Advertisement for Sewing Equipment | sourceDescription: Chromolithograph; Approximately: 12 x 9 cm (4 3/4 x 3 9/16 in.); Research in Progress; A black and orange bird seated on a branch is depicted on the recto.; ADVERTISEMENT FOR SEWIN,"Does this require split, historical, protocol, or multi-geography handling?"
RGN-QA-170,sensitive_or_multi_review,United Kingdom; Ghana,REG001; REG014,GEO003; GEO064,SURF-CRG2026R0293,CRG2026R0293,Gold Coast Stamp George 1d Kriegssteuer-Aufdruck 1914.jpg,1914,pre_1930,Wikimedia Commons file source / Gold Coast Stamp George 1d Kriegssteuer-Aufdruck 1914.jpg / page 32896941,Unresolved region,review_multiple_geo_candidates,medium,placeText; sourceSubjects; title; sourceDescription; sourceNotes; sourceName,"placeText: Africa / Ghana | sourceSubjects: Africa; Ghana; stamp; Category:1918 in Ghana Category:CC-PD-Mark Category:Files using Template:Philately Category:George V of the United Kingdom on stamps Category:PD-old missing S | title: Gold Coast Stamp George 1d Kriegssteuer-Aufdruck 1914.jpg | sourceDescription: Gold Coast 1914 surtax stamp 1 d. + 1 d. with overprint ""war tax / one penny""","Does this require split, historical, protocol, or multi-geography handling?"
RGN-QA-171,sensitive_or_multi_review,United Kingdom; Ghana,REG001; REG014,GEO003; GEO064,SURF-CRG2026R0294,CRG2026R0294,Stamp Togo 1915 1p.jpg,1914,pre_1930,Wikimedia Commons file source / Stamp Togo 1915 1p.jpg / page 283848,Unresolved region,review_multiple_geo_candidates,medium,placeText; sourceSubjects; title; sourceDescription; sourceNotes; sourceName,placeText: Africa / Ghana | sourceSubjects: Africa; Ghana; stamp; Category:1915 in Ghana Category:1915 stamps Category:Files with no machine-readable author Category:George V of the United Kingdom on stamps Category:Media la | title: Stamp Togo 1915 1p.jpg | sourceDescription: Togo 1-penny occupation overprint stamp of 1915,"Does this require split, historical, protocol, or multi-geography handling?"
RGN-QA-172,sensitive_or_multi_review,United States; United Kingdom,REG001; REG003,GEO003; GEO025,SURF-CRG2026R0409,CRG2026R0409,"Furskin Processing, Harry Kaplan, 1971.jpg",1922,pre_1930,"Wikimedia Commons file source / Furskin Processing, Harry Kaplan, 1971.jpg / page 48573760",Unresolved region,review_multiple_geo_candidates,medium,placeText; sourceSubjects; title; sourceDescription; sourceNotes; sourceName,"placeText: Global / release gate expansion | sourceSubjects: Global; release gate expansion; book cover; Category:Book covers from the United Kingdom Category:Collection G. & C. Franke Category:Furriers in the United States | title: Furskin Processing, Harry Kaplan, 1971.jpg | sourceDescription: Harry Kaplan: Furskin Processing, Harry Kaplan . 1971. Book cover and table of contents. Pergamon Press, Oxford a. o., first edition Flexicover edition, 231 pages","Does this require split, historical, protocol, or multi-geography handling?"
RGN-QA-173,sensitive_or_multi_review,United States; Australia,REG003; REG015,GEO025; GEO069,SURF-CRG2026R0436,CRG2026R0436,"""The Sword of Valor"" poster.jpg",1924,pre_1930,"Wikimedia Commons file source / ""The Sword of Valor"" poster.jpg / page 20304442",Unresolved region,review_multiple_geo_candidates,medium,placeText; sourceSubjects; title; sourceDescription; sourceNotes; sourceName,"placeText: Global / release gate expansion | sourceSubjects: Global; release gate expansion; film poster; Category:1924 film posters of Australia Category:1924 films of the United States Category:English-language film posters of Australia Ca | title: ""The Sword of Valor"" poster.jpg | sourceDescription: A film poster for The Sword of Valor , a 1924 motion picture.","Does this require split, historical, protocol, or multi-geography handling?"
RGN-QA-174,sensitive_or_multi_review,Australia; Iran,REG013; REG015,GEO057; GEO069,SURF-CRG2026R0482,CRG2026R0482,"Poster - Freshman, The (1925) 03.jpg",1925,pre_1930,"Wikimedia Commons file source / Poster - Freshman, The (1925) 03.jpg / page 28367577",Unresolved region,review_multiple_geo_candidates,medium,placeText; sourceSubjects; title; sourceDescription; sourceNotes; sourceName,"placeText: Middle East and North Africa / Iran | sourceSubjects: Middle East and North Africa; Iran; film poster; Category:1925 film posters of Australia Category:Featured pictures on Wikipedia, Persian Category:Files with Assessments template m | title: Poster - Freshman, The (1925) 03.jpg | sourceDescription: Film poster for the 1925 Harold Lloyd vehicle The Freshman","Does this require split, historical, protocol, or multi-geography handling?"
RGN-QA-175,sensitive_or_multi_review,United States; Iran,REG003; REG013,GEO025; GEO057,SURF-CRG2026R0502,CRG2026R0502,Wings poster.jpg,1927,pre_1930,Wikimedia Commons file source / Wings poster.jpg / page 10475470,Unresolved region,review_multiple_geo_candidates,medium,placeText; sourceSubjects; title; sourceDescription; sourceNotes; sourceName,"placeText: Middle East and North Africa / Iran | sourceSubjects: Middle East and North Africa; Iran; film poster; Category:1927 film posters of the United States Category:Featured pictures on Wikipedia, Persian Category:Files with Assessments te | title: Wings poster.jpg | sourceDescription: Wings (1927) film poster.","Does this require split, historical, protocol, or multi-geography handling?"
RGN-QA-176,sensitive_or_multi_review,United States; Australia,REG003; REG015,GEO025; GEO069,SURF-CRG2026R0878,CRG2026R0878,"Poster - Young in Heart, The 01.jpg",1938,1930_1970,"Wikimedia Commons file source / Poster - Young in Heart, The 01.jpg / page 18565926",Unresolved region,review_multiple_geo_candidates,medium,placeText; sourceSubjects; title; sourceDescription; sourceNotes; sourceName,"placeText: Global / release gate expansion | sourceSubjects: Global; release gate expansion; film poster; Category:1938 film posters of the United States Category:1939 film posters of Australia Category:Billie Burke in 1938 Category:Douglas  | title: Poster - Young in Heart, The 01.jpg | sourceDescription: Australian film poster for the American film The Young in Heart (1938).","Does this require split, historical, protocol, or multi-geography handling?"
RGN-QA-177,sensitive_or_multi_review,Poland,REG002,GEO018,SURF-CRG2026R0926,CRG2026R0926,Odezwa sowiecka 1939 1.JPG,1939,1930_1970,Wikimedia Commons file source / Odezwa sowiecka 1939 1.JPG / page 1370153,Unresolved region,review_inferred_sensitive_mapping,medium,placeText; sourceSubjects; title; sourceDescription; sourceNotes; sourceName,"placeText: Global / release gate expansion | sourceSubjects: Global; release gate expansion; leaflet; Category:Information warfare Category:PD-RU-exempt Category:Propaganda of the Soviet Union Category:Soviet invasion of Poland of 1939 Categ | title: Odezwa sowiecka 1939 1.JPG | sourceDescription: Soviet propaganda leaflet to the Polish soldiers, issued during the Soviet invasion of Poland.","Does this require split, historical, protocol, or multi-geography handling?"
RGN-QA-178,sensitive_or_multi_review,United States; Iran,REG003; REG013,GEO025; GEO057,SURF-CRG2026R0954,CRG2026R0954,Poster - Island of Lost Men 01.jpg,1939,1930_1970,Wikimedia Commons file source / Poster - Island of Lost Men 01.jpg / page 17480115,Unresolved region,review_multiple_geo_candidates,medium,placeText; sourceSubjects; title; sourceDescription; sourceNotes; sourceName,"placeText: Middle East and North Africa / Iran | sourceSubjects: Middle East and North Africa; Iran; film poster; Category:1939 film posters of the United States Category:Anna May Wong Category:Featured pictures on Wikipedia, English Category:Fe | title: Poster - Island of Lost Men 01.jpg | sourceDescription: American film poster for the 1939 film Island of Lost Men , starring Anna May Wong , Anthony Quinn , and J. Carroll Naish","Does this require split, historical, protocol, or multi-geography handling?"
RGN-QA-179,sensitive_or_multi_review,United Kingdom; Nigeria,REG001; REG014,GEO003; GEO063,SURF-CCR2026R0001,CCR2026R0001,Your Tin Makes Engine Parts For Army Lorries - Thank You Nigeria! Art.IWMPST8268.jpg,1939,1930_1970,Wikimedia Commons file source / Your Tin Makes Engine Parts For Army Lorries - Thank You Nigeria! Art.IWMPST8268.jpg / page 30874777,Unresolved region,review_multiple_geo_candidates,medium,placeText; sourceSubjects; title; sourceDescription; sourceNotes; sourceName,placeText: Africa / Nigeria | sourceSubjects: Africa; Nigeria; poster; Category:Artworks without Wikidata item Category:Images uploaded by Fæ Category:Nigeria in World War II Category:PD-scan (PD-UKGov) Category:Posters of Nig | title: Your Tin Makes Engine Parts For Army Lorries - Thank You Nigeria! Art.IWMPST8268.jpg | sourceDescription: Your Tin Makes Engine Parts For Army Lorries - Thank You Nigeria! Poster divided into two sections top illustration shows scene of tin being quarried with power hoses. Lower illust,"Does this require split, historical, protocol, or multi-geography handling?"
RGN-QA-180,sensitive_or_multi_review,United Kingdom; Australia,REG001; REG015,GEO003; GEO069,SURF-CRG2026R1123,CRG2026R1123,"""Love Story"" (Snap Adds 24-sheeter film poster), 1946, by Sam Hood (12491832193) (2).jpg",1944,1930_1970,"Wikimedia Commons file source / ""Love Story"" (Snap Adds 24-sheeter film poster), 1946, by Sam Hood (12491832193) (2).jpg / page 51240791",Unresolved region,review_multiple_geo_candidates,medium,placeText; sourceSubjects; title; sourceDescription; sourceNotes; sourceName,"placeText: Global / release gate expansion | sourceSubjects: Global; release gate expansion; film poster; Category:1944 films of the United Kingdom Category:1946 in unidentified locations in Sydney Category:Film posters Category:Images from  | title: ""Love Story"" (Snap Adds 24-sheeter film poster), 1946, by Sam Hood (12491832193) (2).jpg | sourceDescription: Poster for the film Love Story, Sydney, 1946, by Sam Hood, from vintage nitrate negative, State Library of New South Wales, NCY32/538","Does this require split, historical, protocol, or multi-geography handling?"
RGN-QA-181,sensitive_or_multi_review,Germany; Turkey,REG001; REG013,GEO006; GEO058,SURF-CRG2026R1269,CRG2026R1269,Magnifying glass2.jpg,1946,1930_1970,Wikimedia Commons file source / Magnifying glass2.jpg / page 3767948,Unresolved region,review_multiple_geo_candidates,medium,placeText; sourceSubjects; title; sourceDescription; sourceNotes; sourceName,"placeText: Middle East and North Africa / Turkey | sourceSubjects: Middle East and North Africa; Turkey; stamp; Category:1946 stamps of Germany Category:CC-BY-SA-4.0,3.0,2.5,2.0,1.0 Category:Featured pictures on Wikimedia Commons Category:Featured | title: Magnifying glass2.jpg | sourceDescription: Philately, Magnifying glass shows the magnified image of the Deutsche Post 1 Reichsmark postage stamp issued on May 12 1946.","Does this require split, historical, protocol, or multi-geography handling?"
RGN-QA-182,sensitive_or_multi_review,Russia / USSR contexts,REG002,GEO016,SURF-CRG2026R2405,CRG2026R2405,"Special cansel of the USSR, 1973.Magazine Morskoj sbornik.jpg",1973,1970_2000,"Wikimedia Commons file source / Special cansel of the USSR, 1973.Magazine Morskoj sbornik.jpg / page 94284868",Unresolved region,review_inferred_sensitive_mapping,medium,placeText; sourceSubjects; title; sourceDescription; sourceNotes; sourceName,"placeText: Global / release gate expansion | sourceSubjects: Global; release gate expansion; stamp; Category:Files uploaded with For the Common Good Category:PD-RU-exempt Category:Stamps of Russia/Temp Category:Uploads by rubin16 | title: Special cansel of the USSR, 1973.Magazine Morskoj sbornik.jpg | sourceDescription: Специальный почтовый штемпель СССР, посвящённый 125-летию журнала «Морской сборник»","Does this require split, historical, protocol, or multi-geography handling?"
RGN-QA-183,sensitive_or_multi_review,United States,REG003,GEO025,SURF-CRG2026R2657,CRG2026R2657,Pamphlet for Sterilization.jpg,1974,1970_2000,Wikimedia Commons file source / Pamphlet for Sterilization.jpg / page 74999259,Unresolved region,review_inferred_sensitive_mapping,medium,placeText; sourceSubjects; title; sourceDescription; sourceNotes; sourceName,placeText: Global / release gate expansion | sourceSubjects: Global; release gate expansion; pamphlet; Category:CC-PD-Mark Category:Indigenous rights Category:Indigenous women Category:Native American people in the United States Category:PD  | title: Pamphlet for Sterilization.jpg | sourceDescription: This is a pamphlet made by the Department of Health and Education urging Native American individuals to be sterilized,"Does this require split, historical, protocol, or multi-geography handling?"
RGN-QA-184,sensitive_or_multi_review,Austria,REG001,GEO008,SURF-CRG2026R2886,CRG2026R2886,1976. XII Зимние Олимпийские игры. Фигурное катание.jpg,1976,1970_2000,Wikimedia Commons file source / 1976. XII Зимние Олимпийские игры. Фигурное катание.jpg / page 4578980,Unresolved region,review_inferred_sensitive_mapping,medium,placeText; sourceSubjects; title; sourceDescription; sourceNotes; sourceName,placeText: Global / release gate expansion | sourceSubjects: Global; release gate expansion; stamp; Category:1976 Winter Olympics on stamps Category:1976 all stamps of the Soviet Union Category:Death spirals Category:Figure skating at the 19 | title: 1976. XII Зимние Олимпийские игры. Фигурное катание.jpg | sourceDescription: Почтовая марка СССР. 1976. XII Зимние Олимпийские игры. Фигурное катание,"Does this require split, historical, protocol, or multi-geography handling?"
RGN-QA-185,sensitive_or_multi_review,Germany; Poland,REG001; REG002,GEO006; GEO018,SURF-CRG2026R2893,CRG2026R2893,Book of Sigismund III Vasa.jpg,1976,1970_2000,Wikimedia Commons file source / Book of Sigismund III Vasa.jpg / page 15304657,Unresolved region,review_multiple_geo_candidates,medium,placeText; sourceSubjects; title; sourceDescription; sourceNotes; sourceName,placeText: Global / release gate expansion | sourceSubjects: Global; release gate expansion; book cover; Category:1604 books from Germany Category:Artworks without Wikidata item Category:Baroque book covers Category:Book cover furniture Cate | title: Book of Sigismund III Vasa.jpg | sourceDescription: The source does not provide extended descriptive prose. The item metadata gives date evidence: 1976; creator/attribution: Unknown author Unknown author; place evidence: Global / re,"Does this require split, historical, protocol, or multi-geography handling?"
RGN-QA-186,sensitive_or_multi_review,Japan; Aotearoa New Zealand,REG005; REG015,GEO036; GEO070,SURF-DNZPOSTR021,DNZPOSTR021,Hiroshima Day,Circa 1980s,1970_2000,DigitalNZ,Unresolved region,review_multiple_geo_candidates,medium,placeText; sourceSubjects; title; sourceDescription; sourceNotes; sourceName,"placeText: Aotearoa New Zealand | sourceSubjects: Hiroshima-shi (Japan)--History--Bombardment, 1945; Atomic bomb--Social aspects--History--20th century--Japan--Hiroshima-shi; Protest movements--New Zealand--Wellington; Antinuclear | title: Hiroshima Day | sourceDescription: Poster. Black text on a red background, with a blotch of yellow colour in the centre. Text reads: ""Hiroshima Day August 6 - Students for a nuclear free Pacific disarmament world pe","Does this require split, historical, protocol, or multi-geography handling?"
RGN-QA-187,sensitive_or_multi_review,Aotearoa New Zealand,REG015,GEO070,SURF-GAPIT2026R027,GAPIT2026R027,"Poster, 'The World According to Ronald Reagan'",1981,1970_2000,Te Papa Collections Online,Unresolved region,review_inferred_sensitive_mapping,medium,placeText; sourceSubjects; title; sourceDescription; sourceNotes; sourceName,"placeText: Aotearoa / New Zealand | sourceSubjects: Aotearoa poster culture; protest graphics; public communication; museum object record | title: Poster, 'The World According to Ronald Reagan' | sourceDescription: \n This poster presents an ironic map of the world according to United States President Ronald Reagan (1981-89). Nothing is geographically correct, but possibly how many believed i","Does this require split, historical, protocol, or multi-geography handling?"
RGN-QA-188,sensitive_or_multi_review,Aotearoa New Zealand,REG015,GEO070,SURF-LPC2026R008,LPC2026R008,"Poster, ""We begin bombing in five minutes""",1984,1970_2000,Te Papa Collections Online,Unresolved region,review_inferred_sensitive_mapping,medium,placeText; sourceSubjects; title; sourceDescription; sourceNotes; sourceName,"placeText: Aotearoa / New Zealand | sourceSubjects: Aotearoa poster culture; protest graphics; public communication; museum object record | title: Poster, ""We begin bombing in five minutes"" | sourceDescription: \n This poster features United States President Ronald Reagan (1981-89) alongside a clock with its hands at 5 to 12 and his controversial joke: \""The bombing begins in five minutes","Does this require split, historical, protocol, or multi-geography handling?"
RGN-QA-189,sensitive_or_multi_review,Taiwan,REG010,GEO042,SURF-ESR1931R020,ESR1931R020,台灣設計研究院 - TDRI,source scope: post-1990-present,1970_2000,Taiwan Design Research Institute,Unresolved region,review_inferred_sensitive_mapping,medium,placeText; sourceSubjects; title; sourceDescription; sourceNotes; sourceName,placeText: Taiwan | sourceSubjects: Taiwan design institution and exhibition context; government/design institution; East Asia; Taiwan | title: 台灣設計研究院 - TDRI | sourceDescription: 財團法人台灣設計研究院將運用「設計力」整合政府跨部會的資源，讓設計成為我國重要施政價值與國家戰略，期許引領產業和社會永續發展，並增進國民生活價值。TDRI將協助政府擬定國家設計政策，提升政府施政效能，同時透過跨領域的知識整合，讓政府導入設計思維，以設計驅動企業賦能，在臺灣打造設計領先型企業。,"Does this require split, historical, protocol, or multi-geography handling?"
RGN-QA-190,sensitive_or_multi_review,United Kingdom,REG001,GEO003,SURF-LPC2026R061,LPC2026R061,Design elements : a graphic style manual : understanding the rules and knowing when to break them,2007-01-01T00:00:00Z,2000_2026,Internet Archive / text and periodical collections,Unresolved region,review_inferred_sensitive_mapping,medium,placeText; sourceSubjects; title; sourceDescription; sourceNotes; sourceName,"placeText: global web / transnational | sourceSubjects: late twentieth-century design periodicals, books, and desktop publishing texts; color; elements; design; visual; designer; text; image; images; type; colors; design elements; desig | title: Design elements : a graphic style manual : understanding the rules and knowing when to break them | sourceDescription: Design Elements, Understanding the rules and knowing when to break them, 2nd Edition by Timothy Samara","Does this require split, historical, protocol, or multi-geography handling?"
RGN-QA-191,sensitive_or_multi_review,Nigeria; Ghana,REG014,GEO063; GEO064,SURF-PIC1970R0004,PIC1970R0004,Online Newspaper Coverage of the “Bring Back Our Girls” Campaign in Nigeria,2015-10,2000_2026,University of Ghana Digital Collections,Unresolved region,review_multiple_geo_candidates,medium,placeText; sourceSubjects; title; sourceDescription; sourceName,"placeText: Ghana | sourceSubjects: Newspaper Coverage; Bring Back Our Girls; Campaign in Nigeria | title: Online Newspaper Coverage of the “Bring Back Our Girls” Campaign in Nigeria | sourceDescription: In this study, attempt has been made to determine the coverage of Bring Back Our Girls (BBOG) campaign in Nigeria by online newspapers. Seventy-one editions of Daily Trust, the Pun","Does this require split, historical, protocol, or multi-geography handling?"
RGN-QA-192,sensitive_or_multi_review,Japan; Aotearoa New Zealand; Australia; Mainland China,REG005; REG008; REG009; REG010; REG015,GEO036; GEO040; GEO041; GEO042; GEO069; GEO070,SURF-DNZPOSTR097,DNZPOSTR097,ORCID in the Asia-Pacific,08 Feb 2018,2000_2026,DigitalNZ,Unresolved region,review_inferred_sensitive_mapping,medium,placeText; sourceSubjects; title; sourceDescription; sourceNotes; sourceName,placeText: Aotearoa New Zealand | sourceSubjects: ORCID; non-profit; researcher identifier; persistent identifier; membership organization; Asia-Pacific; consortiums; China; Japan; Korea; Taiwan; Hong Kong; Singapore; Malaysia; Ne | title: ORCID in the Asia-Pacific | sourceDescription: Poster presented at ORCID Consortium Workshop (2018.01.17-18).; ORCID; non-profit; researcher identifier; persistent identifier; membership organization; Asia-Pacific; consortiums;,"Does this require split, historical, protocol, or multi-geography handling?"
RGN-QA-193,sensitive_or_multi_review,Japan,REG005,GEO036,SURF-LPC2026R087,LPC2026R087,Worlds Of Amano,2007-01-01T00:00:00Z,2000_2026,Internet Archive / text and periodical collections,Unresolved region,review_inferred_sensitive_mapping,medium,placeText; sourceSubjects; title; sourceDescription; sourceNotes; sourceName,"placeText: global web / transnational | sourceSubjects: late twentieth-century design periodicals, books, and desktop publishing texts; Final Fantasy; Yoshitaka Amano; Dragon Quest; anime; manga; video games; Japan | title: Worlds Of Amano | sourceDescription: Artbook for Amano, featuring art from throughout his career.","Does this require split, historical, protocol, or multi-geography handling?"
RGN-QA-194,sensitive_or_multi_review,Nigeria,REG014,GEO063,SURF-SCG1931R0017,SCG1931R0017,A Speech on multilingual education- A necessary tool for educational transformation in Nigeria.,2022,2000_2026,National Repository of Nigeria,Unresolved region,review_inferred_sensitive_mapping,medium,placeText; sourceSubjects; title; sourceDescription; sourceNotes; sourceName,placeText: Nigeria | sourceSubjects: poster | title: A Speech on multilingual education- A necessary tool for educational transformation in Nigeria. | sourceDescription: A speech on multilingual education- a necessary tool for educational transformation in Nigeria By Prof Chinwe Veronica Anunobi; The adoption of multilingual education in Nigeria is,"Does this require split, historical, protocol, or multi-geography handling?"
RGN-QA-195,sensitive_or_multi_review,Taiwan,REG010,GEO042,SURF-IAC1990R013,IAC1990R013,Hung Chang-Lien,2026-04-01,2000_2026,Another Graphic,Unresolved region,review_inferred_sensitive_mapping,medium,placeText; sourceSubjects; title; sourceDescription; sourceNotes; sourceName,placeText: Taiwan | sourceSubjects: Taiwan; Poster | title: Hung Chang-Lien | sourceDescription: Poster work by Kellen Renstrom (USA) — curated on Another Graphic,"Does this require split, historical, protocol, or multi-geography handling?"
RGN-QA-196,sensitive_or_multi_review,Taiwan,REG010,GEO042,SURF-NMIIC2026R0419,NMIIC2026R0419,Beitou Hot Spring Museum,source collection scope; object date not itemized,undated_or_unparsed,Beitou Hot Spring Museum,Unresolved region,review_inferred_sensitive_mapping,medium,placeText; sourceSubjects; title; sourceDescription; sourceNotes; sourceName,"placeText: East Asia / Taiwan | sourceSubjects: East Asia; Taiwan; museum; Static JS App | title: Beitou Hot Spring Museum | sourceDescription: Beitou Hot Spring Museum, formerly known as the ""Beitou Public Bathhouse,"" was completed in 1913 and was the largest public hot spring bathhouse in East Asia at that time. On Octob","Does this require split, historical, protocol, or multi-geography handling?"
RGN-QA-197,sensitive_or_multi_review,Taiwan,REG010,GEO042,SURF-NMIIC2026R0420,NMIIC2026R0420,ChinPaoSan Group,source collection scope; object date not itemized,undated_or_unparsed,Chin Pao San,Unresolved region,review_inferred_sensitive_mapping,medium,placeText; sourceSubjects; title; sourceDescription; sourceNotes; sourceName,placeText: East Asia / Taiwan | sourceSubjects: East Asia; Taiwan; museum | title: ChinPaoSan Group | sourceDescription: 金寶山集團為台北生命禮儀公司，提供代客祭拜、定型化生前契約、塔位諮詢服務；園區位在新北金山，莊嚴安詳的墓園，給予肅穆莊重的靈骨塔位及靈位安置...等服務；園區位在新北市金山，莊嚴安詳的墓園，給予肅穆莊重的靈骨塔位服務，為大家圓滿了孝思，受到推薦。,"Does this require split, historical, protocol, or multi-geography handling?"
RGN-QA-198,sensitive_or_multi_review,Taiwan,REG010,GEO042,SURF-NMIIC2026R0418,NMIIC2026R0418,七星柴魚博物館,source collection scope; object date not itemized,undated_or_unparsed,Chihsing Tan Katsuo Museum,Unresolved region,review_inferred_sensitive_mapping,medium,placeText; sourceSubjects; title; sourceDescription; sourceNotes; sourceName,placeText: East Asia / Taiwan | sourceSubjects: East Asia; Taiwan; museum | title: 七星柴魚博物館 | sourceDescription: The source does not provide extended descriptive prose. The item metadata gives date evidence: source collection scope; object date not itemized; creator/attribution: Chihsing Tan ,"Does this require split, historical, protocol, or multi-geography handling?"
RGN-QA-199,sensitive_or_multi_review,Taiwan,REG010,GEO042,SURF-NMIIC2026R0423,NMIIC2026R0423,傳承藝術中心 Chuan Cheng Art Center,source collection scope; object date not itemized,undated_or_unparsed,Chuan Cheng Art Center,Unresolved region,review_inferred_sensitive_mapping,medium,placeText; sourceSubjects; title; sourceDescription; sourceNotes; sourceName,placeText: East Asia / Taiwan | sourceSubjects: East Asia; Taiwan; museum | title: 傳承藝術中心 Chuan Cheng Art Center | sourceDescription: 傳承藝術中心成立於1990年，二十多年來堅持走專業經紀路線，致力於推廣中國中青輩之現代水墨創作為一貫的經營理念與方向，在眾多的畫廊裡獨樹一格。在此我們願意以一顆誠摯的心，為喜愛藝術的收藏家們構築一個平台，透過這個平台能夠更容易貼切的進入這一片美麗的藝術天地。,"Does this require split, historical, protocol, or multi-geography handling?"
RGN-QA-200,sensitive_or_multi_review,Taiwan,REG010,GEO042,SURF-NMIIC2026R0151,NMIIC2026R0151,嘉義文化創意產業園區,source collection scope; object date not itemized,undated_or_unparsed,Chiayi Cultural and Creative Industries Park,Unresolved region,review_inferred_sensitive_mapping,medium,placeText; sourceSubjects; title; sourceDescription; sourceNotes; sourceName,placeText: East Asia / Taiwan | sourceSubjects: East Asia; Taiwan; cultural center; RSS/Atom;JSON-LD;WordPress REST | title: 嘉義文化創意產業園區 | sourceDescription: 嘉義文化創意產業園區是一個充滿在地生命力的夢想平台，提供各式藝文展演活動、創作課程、空間進駐，讓文化生活與常民美學深耕於常民生活之中。,"Does this require split, historical, protocol, or multi-geography handling?"
RGN-QA-201,sensitive_or_multi_review,Taiwan,REG010,GEO042,SURF-ESR1931R015,ESR1931R015,國立臺灣美術館,source scope: modern-present,undated_or_unparsed,National Taiwan Museum of Fine Arts,Unresolved region,review_inferred_sensitive_mapping,medium,placeText; sourceSubjects; title; sourceDescription; sourceNotes; sourceName,placeText: Taiwan | sourceSubjects: Taiwan modern art/design exhibition and poster context; museum; East Asia; Taiwan | title: 國立臺灣美術館 | sourceDescription: Taiwan modern art/design exhibition and poster context,"Does this require split, historical, protocol, or multi-geography handling?"
RGN-QA-202,sensitive_or_multi_review,Taiwan,REG010,GEO042,SURF-NMIIC2026R0157,NMIIC2026R0157,大觀藝術空間 | Home,source collection scope; object date not itemized,undated_or_unparsed,DaGuan Gallery,Unresolved region,review_inferred_sensitive_mapping,medium,placeText; sourceSubjects; title; sourceDescription; sourceNotes; sourceName,placeText: East Asia / Taiwan | sourceSubjects: East Asia; Taiwan; museum; RSS/Atom;JSON-LD;WordPress REST | title: 大觀藝術空間 | Home | sourceDescription: 2016年於大內藝術特區正式成立的大觀藝術空間，是奠基於美術史觀及學術觀點脈絡下推動優質展覽的畫廊。策展方向瞄準學術議題，進行以博物館級收藏為中心之主題特展的推廣，建立與產官學研長期而密切的合作關係。,"Does this require split, historical, protocol, or multi-geography handling?"
RGN-QA-203,sensitive_or_multi_review,Taiwan,REG010,GEO042,SURF-NMIIC2026R0493,NMIIC2026R0493,政大達賢圖書館,source collection scope; object date not itemized,undated_or_unparsed,"Dah Hsian Seetoo Library, National Chengchi University",Unresolved region,review_inferred_sensitive_mapping,medium,placeText; sourceSubjects; title; sourceDescription; sourceNotes; sourceName,"placeText: East Asia / Taiwan | sourceSubjects: East Asia; Taiwan; library | title: 政大達賢圖書館 | sourceDescription: 達賢圖書館擬型塑「My READ, My libray」理念，R代表Research Education，支援學術深化與研究協作；E代表Exploration，圖書館資源提供讀者探索；A代表Aspiration，提供創意激盪與實驗的空間；D代表Diversity，多樣化的資源與服務滿足師生教學、研究與學習需求。","Does this require split, historical, protocol, or multi-geography handling?"
RGN-QA-204,sensitive_or_multi_review,Taiwan,REG010,GEO042,SURF-NMIIC2026R0417,NMIIC2026R0417,海端鄉布農族文化館 Bunun Cultural Museum of Haiduan Township,source collection scope; object date not itemized,undated_or_unparsed,Bunun Cultural Museum,Unresolved region,review_inferred_sensitive_mapping,medium,placeText; sourceSubjects; title; sourceDescription; sourceNotes; sourceName,placeText: East Asia / Taiwan | sourceSubjects: East Asia; Taiwan; museum | title: 海端鄉布農族文化館 Bunun Cultural Museum of Haiduan Township | sourceDescription: 海端鄉布農族文化館位於海端鄉山平部落內，靠近海端鄉的行政中心區域，其規劃籌備時間為1996年，完工時間為2002年。由於當時地方首長與意見領袖積極爭取文化建設的推動下，海端鄉成為最早一波擁有地方館的原住民地區，這對缺乏重要文化建設的海端鄉而言，文物館的出現確實為地方文化的發展帶來了更多的可能性。,"Does this require split, historical, protocol, or multi-geography handling?"
RGN-QA-205,sensitive_or_multi_review,Taiwan,REG010,GEO042,SURF-NMIIC2026R0152,NMIIC2026R0152,菌寶貝博物館 | 探索微生物世界 | 吃好菌養好菌專家,source collection scope; object date not itemized,undated_or_unparsed,Beneficial Microbes Museum and Tourism Factory,Unresolved region,review_inferred_sensitive_mapping,medium,placeText; sourceSubjects; title; sourceDescription; sourceNotes; sourceName,"placeText: East Asia / Taiwan | sourceSubjects: East Asia; Taiwan; museum; RSS/Atom | title: 菌寶貝博物館 | 探索微生物世界 | 吃好菌養好菌專家 | sourceDescription: 命名「菌寶貝」是取台語發音""很寶貝""的諧音，蘊涵菌的""寶貝或寶藏""的意義。設立的初衷，是有感於一般大眾對於生活週遭無所不在的微生物仍一知半解，甚至排斥與恐懼，我們希望藉由菌寶貝博物館的設立，讓大家對微生物世界能有更進一步的認識，同時了解到，在大自然環境中並不一定都是壞菌，也有各種對人類有益的寶貝菌。","Does this require split, historical, protocol, or multi-geography handling?"
