cluster_key,anchor_review_lane,recommended_next_step,manual_review_priority,can_seed_anchor_review,candidate_count_written,packet_scale,packet_relation_lane,packet_confidence,region,theme,source_family,five_year_bucket,actual_year_span,cluster_size,role_rows,anchor_candidate_count,sub_candidate_count,card_candidate_count,appendix_candidate_count,top_candidate_surface_id,top_candidate_title,top_anchor_review_score,top_candidate_role,top_candidate_risk_flags,blocking_reason
Poland|Modern typography and layout|Wikimedia Commons|1935-1939,strong_packet_anchor_candidate_review,manually_confirm_top_candidate_then_prepare_cover_or_editorial,high,true,5,medium,strong_packet_candidate,high,Poland,Modern typography and layout,Wikimedia Commons,1935-1939,1935-1939,10,10,0,8,2,0,SURF-CCE2026R00403,Reklama.jpg,84.45,sub_under_packet_candidate,commons_file_source,strong packet lane with plausible top anchor candidate
Brazil|Modern typography and layout|Wikimedia Commons|1830-1834,strong_packet_anchor_candidate_review,manually_confirm_top_candidate_then_prepare_cover_or_editorial,high,true,5,medium,strong_packet_candidate,high,Brazil,Modern typography and layout,Wikimedia Commons,1830-1834,1830-1830,9,9,0,9,0,0,SURF-CAW2026R00032,"Marianne North (1830-1890) - Foliage and Flowers of a Climbing Plant with Royal Palms and Sugarloaf Mountain in the Background, Brazil - MN65 - Marianne North Gallery.jpg",81.15,sub_under_packet_candidate,commons_file_source,strong packet lane with plausible top anchor candidate
Aotearoa New Zealand|Postwar exhibition and cultural posters|Te Papa|1985-1989,strong_packet_anchor_candidate_review,manually_confirm_top_candidate_then_prepare_cover_or_editorial,high,true,5,medium,strong_packet_candidate,high,Aotearoa New Zealand,Postwar exhibition and cultural posters,Te Papa,1985-1989,1985-1989,8,8,0,8,0,0,SURF-LPC2026R018,"Poster, 'He's back.....hide your wallets!'",78.35,sub_under_packet_candidate,,strong packet lane with plausible top anchor candidate
United States|New Deal and civic poster programs|Library of Congress|1935-1939,strong_packet_anchor_candidate_review,manually_confirm_top_candidate_then_prepare_cover_or_editorial,high,true,5,medium,strong_packet_candidate,high,United States,New Deal and civic poster programs,Library of Congress,1935-1939,1936-1938,8,8,0,8,0,0,SURF-MC1930R017,"WPA federal art regional exhibit, Montclair Museum Easel painting, graphic arts, poster display, index of design.",86.05,packet_member_review,,strong packet lane with plausible top anchor candidate
Aotearoa New Zealand|World War and public-information graphics|Te Papa|1980-1984,strong_packet_anchor_candidate_review,manually_confirm_top_candidate_then_prepare_cover_or_editorial,high,true,5,medium,strong_packet_candidate,high,Aotearoa New Zealand,World War and public-information graphics,Te Papa,1980-1984,1980-1984,5,5,0,5,0,0,SURF-GAPIT2026R025,Trident missile poster,83.8,packet_member_review,,strong packet lane with plausible top anchor candidate
Brazil|Modern typography and layout|Wikimedia Commons|1925-1929,sub_rich_anchor_candidate_review,manually_test_top_candidate_as_normal_main_anchor,high,true,5,large,packet_parentage_review,medium,Brazil,Modern typography and layout,Wikimedia Commons,1925-1929,1925-1929,45,45,0,6,39,0,SURF-CGS2026R0415,AcabaramSeOsOtariosAd1.jpg,84.45,sub_under_packet_candidate,commons_file_source,sub-rich parentage cluster has a plausible top anchor candidate
Indonesia|Modern typography and layout|Wikimedia Commons|1980-1984,sub_rich_anchor_candidate_review,manually_test_top_candidate_as_normal_main_anchor,high,true,5,large,packet_parentage_review,medium,Indonesia,Modern typography and layout,Wikimedia Commons,1980-1984,1980-1984,45,45,0,3,42,0,SURF-CRB2026V3R00226,COLLECTIE TROPENMUSEUM Filmdoek voor de aankondiging van de film Remaja Pulang Pagi TMnr 4653-111.jpg,73.85,packet_member_review,commons_file_source,sub-rich parentage cluster has a plausible top anchor candidate
Latin America|Modern typography and layout|Wikimedia Commons|1890-1894,sub_rich_anchor_candidate_review,manually_test_top_candidate_as_normal_main_anchor,high,true,5,large,packet_parentage_review,medium,Latin America,Modern typography and layout,Wikimedia Commons,1890-1894,1890-1894,31,31,0,5,25,0,SURF-CAW2026R00594,Bierstadt Albert Island of New Providence.jpg,95.75,manual_relation_review,commons_file_source,sub-rich parentage cluster has a plausible top anchor candidate
Indonesia|Modern typography and layout|Wikimedia Commons|1985-1989,sub_rich_anchor_candidate_review,manually_test_top_candidate_as_normal_main_anchor,high,true,5,large,packet_parentage_review,medium,Indonesia,Modern typography and layout,Wikimedia Commons,1985-1989,1985-1989,25,25,0,5,20,0,SURF-CAW2026R03073,Rachmat Saleh - Ministers of the Third Development Cabinet.jpg,67.55,packet_member_review,commons_file_source,sub-rich parentage cluster has a plausible top anchor candidate
Nigeria|Modern typography and layout|Wikimedia Commons|1945-1949,sub_rich_anchor_candidate_review,manually_test_top_candidate_as_normal_main_anchor,high,true,5,large,packet_parentage_review,medium,Nigeria,Modern typography and layout,Wikimedia Commons,1945-1949,1945-1948,24,24,0,21,3,0,SURF-CAW2026R02234,A 1948 advertisement for The Hercules Cycle & Motor Co. Ltd.jpg,69.95,packet_member_review,commons_file_source,sub-rich parentage cluster has a plausible top anchor candidate
Aotearoa New Zealand|Modern typography and layout|Wikimedia Commons|1920-1924,sub_rich_anchor_candidate_review,manually_test_top_candidate_as_normal_main_anchor,high,true,5,large,packet_parentage_review,medium,Aotearoa New Zealand,Modern typography and layout,Wikimedia Commons,1920-1924,1920-1924,21,21,0,12,9,0,SURF-CAW2026R01526,Advertisement in British & Intercolonial Exhibition 1923 guide – Egg Preservative.tif,74.65,packet_member_review,commons_file_source,sub-rich parentage cluster has a plausible top anchor candidate
Argentina|Modern typography and layout|Wikimedia Commons|1900-1904,sub_rich_anchor_candidate_review,manually_test_top_candidate_as_normal_main_anchor,high,true,5,large,packet_parentage_review,medium,Argentina,Modern typography and layout,Wikimedia Commons,1900-1904,1900-1904,20,20,0,3,14,0,SURF-CGS2026R0075,"Women in 1900 art, Almanaque Sud-Americano para 1900 book cover detail, from- BaANH49565 Almanaque Sud-Americano (1900) (page 1 crop) (cropped).jpg",99.05,manual_relation_review,commons_file_source,sub-rich parentage cluster has a plausible top anchor candidate
Brazil|Modern typography and layout|Wikimedia Commons|1940-1944,sub_rich_anchor_candidate_review,manually_test_top_candidate_as_normal_main_anchor,high,true,5,large,packet_parentage_review,medium,Brazil,Modern typography and layout,Wikimedia Commons,1940-1944,1940-1944,20,20,0,3,16,0,SURF-CCE2026R00431,Biscoitos Aymore (Jornal do Brasil - 1940).png,99.05,manual_relation_review,commons_file_source,sub-rich parentage cluster has a plausible top anchor candidate
Algeria|Modern typography and layout|Wikimedia Commons|1965-1969,sub_rich_anchor_candidate_review,manually_test_top_candidate_as_normal_main_anchor,high,true,5,large,packet_parentage_review,medium,Algeria,Modern typography and layout,Wikimedia Commons,1965-1969,1965-1969,19,19,0,4,15,0,SURF-CCT2026R00242,Une-Si-Jeune-Paix.png,74.25,packet_member_review,commons_file_source,sub-rich parentage cluster has a plausible top anchor candidate
Argentina|Modern typography and layout|Wikimedia Commons|1960-1964,sub_rich_anchor_candidate_review,manually_test_top_candidate_as_normal_main_anchor,high,true,5,large,packet_parentage_review,medium,Argentina,Modern typography and layout,Wikimedia Commons,1960-1964,1961-1964,18,18,0,8,10,0,SURF-CCE2026R00645,Valiant III aviso argentina.jpg,77.55,packet_member_review,commons_file_source,sub-rich parentage cluster has a plausible top anchor candidate
Azerbaijan|Modern typography and layout|Wikimedia Commons|1935-1939,sub_rich_anchor_candidate_review,manually_test_top_candidate_as_normal_main_anchor,high,true,5,large,packet_parentage_review,medium,Azerbaijan,Modern typography and layout,Wikimedia Commons,1935-1939,1935-1939,17,17,0,17,0,0,SURF-CCT2026R01419,Leyli and Majnun poster 1935-1936.jpg,66.65,packet_member_review,commons_file_source,sub-rich parentage cluster has a plausible top anchor candidate
India|Modern typography and layout|Wikimedia Commons|1955-1959,sub_rich_anchor_candidate_review,manually_test_top_candidate_as_normal_main_anchor,high,true,5,large,packet_parentage_review,medium,India,Modern typography and layout,Wikimedia Commons,1955-1959,1955-1958,17,17,0,8,9,0,SURF-CCT2026R03753,Asai anna arumai-thambi 1955 tamil film poster.jpg,69.55,packet_member_review,commons_file_source,sub-rich parentage cluster has a plausible top anchor candidate
Ukraine|Modern typography and layout|Wikimedia Commons|2005-2009,sub_rich_anchor_candidate_review,manually_test_top_candidate_as_normal_main_anchor,high,true,5,large,packet_parentage_review,medium,Ukraine,Modern typography and layout,Wikimedia Commons,2005-2009,2005-2009,17,17,0,6,10,0,SURF-CCT2026R01813,Las Meninas Poster.jpg,99.65,manual_relation_review,commons_file_source,sub-rich parentage cluster has a plausible top anchor candidate
Latin America|Modern typography and layout|Wikimedia Commons|1950-1954,sub_rich_anchor_candidate_review,manually_test_top_candidate_as_normal_main_anchor,high,true,5,large,packet_parentage_review,medium,Latin America,Modern typography and layout,Wikimedia Commons,1950-1954,1950-1952,15,15,0,15,0,0,SURF-CAW2026R02357,"Jacket, formal (AM 2017.66.10-8).jpg",73.15,packet_member_review,commons_file_source,sub-rich parentage cluster has a plausible top anchor candidate
Peru|Modern typography and layout|Wikimedia Commons|1925-1929,sub_rich_anchor_candidate_review,manually_test_top_candidate_as_normal_main_anchor,high,true,5,medium,packet_parentage_review,medium,Peru,Modern typography and layout,Wikimedia Commons,1925-1929,1925-1929,12,12,0,3,8,0,SURF-CRB2026V2R0428,El Peru Cover Page.jpg,95.75,manual_relation_review,commons_file_source,sub-rich parentage cluster has a plausible top anchor candidate
Argentina|Modern typography and layout|Wikimedia Commons|1945-1949,sub_rich_anchor_candidate_review,manually_test_top_candidate_as_normal_main_anchor,high,true,5,large,packet_parentage_review,medium,Argentina,Modern typography and layout,Wikimedia Commons,1945-1949,1945-1948,11,11,0,11,0,0,SURF-CGS2026R0185,Las seis suegras de Barba Azul 1945.jpg,71.25,packet_member_review,commons_file_source,sub-rich parentage cluster has a plausible top anchor candidate
Mexico|Modern typography and layout|Wikimedia Commons|1970-1974,sub_rich_anchor_candidate_review,manually_test_top_candidate_as_normal_main_anchor,high,true,5,medium,packet_parentage_review,medium,Mexico,Modern typography and layout,Wikimedia Commons,1970-1974,1970-1974,11,11,0,4,7,0,SURF-CGS2026R1213,El bueno para nada 1973 theatrical release poster.JPG,74.15,packet_member_review,commons_file_source,sub-rich parentage cluster has a plausible top anchor candidate
Mexico|Modern typography and layout|Wikimedia Commons|1980-1984,sub_rich_anchor_candidate_review,manually_test_top_candidate_as_normal_main_anchor,high,true,5,large,packet_parentage_review,medium,Mexico,Modern typography and layout,Wikimedia Commons,1980-1984,1983-1984,11,11,0,11,0,0,SURF-CCR2026R0015,"Catherine Oxenberg ""Dynasty"" (1984 ABC press photo).jpg",69.65,packet_member_review,commons_file_source,sub-rich parentage cluster has a plausible top anchor candidate
Brazil|Modern typography and layout|Wikimedia Commons|1935-1939,sub_rich_anchor_candidate_review,manually_test_top_candidate_as_normal_main_anchor,high,true,5,medium,packet_parentage_review,medium,Brazil,Modern typography and layout,Wikimedia Commons,1935-1939,1935-1938,10,10,0,4,5,0,SURF-CGS2026R0440,Aloalocarnaval 1936.jpg,95.75,manual_relation_review,commons_file_source,sub-rich parentage cluster has a plausible top anchor candidate
India|Modern typography and layout|Wikimedia Commons|1960-1964,sub_rich_anchor_candidate_review,manually_test_top_candidate_as_normal_main_anchor,high,true,5,medium,packet_parentage_review,medium,India,Modern typography and layout,Wikimedia Commons,1960-1964,1960-1962,10,10,0,9,1,0,SURF-CAW2026R02612,Pelli tambulam poster.jpg,71.65,packet_member_review,commons_file_source,sub-rich parentage cluster has a plausible top anchor candidate
Nigeria|Modern typography and layout|Wikimedia Commons|1950-1954,sub_rich_anchor_candidate_review,manually_test_top_candidate_as_normal_main_anchor,high,true,5,medium,packet_parentage_review,medium,Nigeria,Modern typography and layout,Wikimedia Commons,1950-1954,1950-1954,10,10,0,4,6,0,SURF-CAW2026R02431,Advertisement for Mentholatum 1954.png,81.95,sub_under_packet_candidate,commons_file_source,sub-rich parentage cluster has a plausible top anchor candidate
Brazil|Modern typography and layout|Wikimedia Commons|1945-1949,sub_rich_anchor_candidate_review,manually_test_top_candidate_as_normal_main_anchor,high,true,5,medium,packet_parentage_review,medium,Brazil,Modern typography and layout,Wikimedia Commons,1945-1949,1946-1948,9,9,0,3,6,0,SURF-CCE2026R00527,"KLM advertisement for Brazil, 1947.jpg",67.75,packet_member_review,commons_file_source,sub-rich parentage cluster has a plausible top anchor candidate
Mexico|Modern typography and layout|Wikimedia Commons|1965-1969,sub_rich_anchor_candidate_review,manually_test_top_candidate_as_normal_main_anchor,high,true,5,medium,packet_parentage_review,medium,Mexico,Modern typography and layout,Wikimedia Commons,1965-1969,1965-1968,9,9,0,3,6,0,SURF-CGS2026R1210,A&M Records Publicity 1965.jpg,69.65,packet_member_review,commons_file_source,sub-rich parentage cluster has a plausible top anchor candidate
Aotearoa New Zealand|Modern typography and layout|Wikimedia Commons|1930-1934,sub_rich_anchor_candidate_review,manually_test_top_candidate_as_normal_main_anchor,high,true,5,medium,packet_parentage_review,medium,Aotearoa New Zealand,Modern typography and layout,Wikimedia Commons,1930-1934,1930-1933,8,8,0,3,5,0,SURF-CAW2026R01667,MA I144858 TePapa Hypogastrura-omnigra full.jpg,68.95,packet_member_review,commons_file_source,sub-rich parentage cluster has a plausible top anchor candidate
Aotearoa New Zealand|Modern typography and layout|Wikimedia Commons|1950-1954,sub_rich_anchor_candidate_review,manually_test_top_candidate_as_normal_main_anchor,high,true,5,medium,packet_parentage_review,medium,Aotearoa New Zealand,Modern typography and layout,Wikimedia Commons,1950-1954,1950-1952,8,8,0,8,0,0,SURF-CAW2026R02312,Model truck (AM 2007.17.15-3).jpg,71.55,packet_member_review,commons_file_source,sub-rich parentage cluster has a plausible top anchor candidate
Aotearoa New Zealand|Travel and transport poster culture|Wikimedia Commons|1925-1929,sub_rich_anchor_candidate_review,manually_test_top_candidate_as_normal_main_anchor,high,true,5,medium,packet_parentage_review,medium,Aotearoa New Zealand,Travel and transport poster culture,Wikimedia Commons,1925-1929,1925-1929,8,8,0,8,0,0,SURF-CCT2026R03356,New Zealand Railways - Brochure of Freight by Rail - Freights 1928 (10469465326).jpg,71.65,packet_member_review,commons_file_source,sub-rich parentage cluster has a plausible top anchor candidate
Argentina|Modern typography and layout|Wikimedia Commons|1970-1974,sub_rich_anchor_candidate_review,manually_test_top_candidate_as_normal_main_anchor,high,true,5,medium,packet_parentage_review,medium,Argentina,Modern typography and layout,Wikimedia Commons,1970-1974,1970-1974,8,8,0,3,5,0,SURF-CGS2026R0242,Cuarteto Zupay - Juglares - 1970.jpg,78.95,sub_under_packet_candidate,commons_file_source,sub-rich parentage cluster has a plausible top anchor candidate
China / Hong Kong|Modern typography and layout|Wikimedia Commons|1970-1974,sub_rich_anchor_candidate_review,manually_test_top_candidate_as_normal_main_anchor,high,true,5,medium,packet_parentage_review,medium,China / Hong Kong,Modern typography and layout,Wikimedia Commons,1970-1974,1970-1974,8,8,0,4,4,0,SURF-CAW2026R02878,Doo Doo Doo Doo Doo (Heartbreaker).jpg,74.55,packet_member_review,commons_file_source,sub-rich parentage cluster has a plausible top anchor candidate
Latin America|Modern typography and layout|Wikimedia Commons|1960-1964,sub_rich_anchor_candidate_review,manually_test_top_candidate_as_normal_main_anchor,high,true,5,medium,packet_parentage_review,medium,Latin America,Modern typography and layout,Wikimedia Commons,1960-1964,1960-1964,8,8,0,5,3,0,SURF-CAW2026R02595,Advertisement - San Juan Intercontinental 01.jpg,68.25,packet_member_review,commons_file_source,sub-rich parentage cluster has a plausible top anchor candidate
Singapore|Modern typography and layout|Wikimedia Commons|2020-2024,sub_rich_anchor_candidate_review,manually_test_top_candidate_as_normal_main_anchor,high,true,5,medium,packet_parentage_review,medium,Singapore,Modern typography and layout,Wikimedia Commons,2020-2024,2023-2023,8,8,0,8,0,0,SURF-CAW2026R04817,WikiSG 20230817 Poster Category 2C8A6563 Edited.jpg,69.65,packet_member_review,commons_file_source,sub-rich parentage cluster has a plausible top anchor candidate
Aotearoa New Zealand|Travel and transport poster culture|Wikimedia Commons|1935-1939,sub_rich_anchor_candidate_review,manually_test_top_candidate_as_normal_main_anchor,high,true,5,medium,packet_parentage_review,medium,Aotearoa New Zealand,Travel and transport poster culture,Wikimedia Commons,1935-1939,1935-1939,7,7,0,7,0,0,SURF-CCT2026R03379,"New Zealand Railway poster - 'Get in the Queue', Queenstown c.1935 (10468985865) (cropped).jpg",70.5,packet_member_review,commons_file_source,sub-rich parentage cluster has a plausible top anchor candidate
Global / transnational|Modern typography and layout|Another Graphic|2025-2029,sub_rich_anchor_candidate_review,manually_test_top_candidate_as_normal_main_anchor,high,true,5,medium,packet_parentage_review,medium,Global / transnational,Modern typography and layout,Another Graphic,2025-2029,2026-2026,7,7,0,7,0,0,SURF-ERS1970R003,Flóki Sigurjónsson - Another Graphic,68.9,packet_member_review,,sub-rich parentage cluster has a plausible top anchor candidate
Malaysia|Midcentury modern graphic communication|Malaysia Design Archive|2020-2024,sub_rich_anchor_candidate_review,manually_test_top_candidate_as_normal_main_anchor,high,true,5,medium,packet_parentage_review,medium,Malaysia,Midcentury modern graphic communication,Malaysia Design Archive,2020-2024,2022-2022,7,7,0,7,0,0,SURF-IAC1990R006,In Solidarity With UK Students,62.9,packet_member_review,,sub-rich parentage cluster has a plausible top anchor candidate
North Macedonia|Modern typography and layout|Wikimedia Commons|1920-1924,sub_rich_anchor_candidate_review,manually_test_top_candidate_as_normal_main_anchor,high,true,5,medium,packet_parentage_review,medium,North Macedonia,Modern typography and layout,Wikimedia Commons,1920-1924,1920-1922,7,7,0,7,0,0,SURF-CAW2026R01502,Vasil Dimitroff Add.jpg,69.7,packet_member_review,commons_file_source,sub-rich parentage cluster has a plausible top anchor candidate
United States|Travel and transport poster culture|Georgia State CONTENTdm|1965-1969,sub_rich_anchor_candidate_review,manually_test_top_candidate_as_normal_main_anchor,high,true,5,medium,packet_parentage_review,medium,United States,Travel and transport poster culture,Georgia State CONTENTdm,1965-1969,1966-1969,6,6,0,6,0,0,SURF-GSU1970R028,"Georgia State College Signal, 1968-10-10",67.25,packet_member_review,,sub-rich parentage cluster has a plausible top anchor candidate
Australia / Indigenous|Postwar exhibition and cultural posters|NAIDOC Poster Gallery|1980-1984,sub_rich_anchor_candidate_review,manually_test_top_candidate_as_normal_main_anchor,high,true,5,medium,packet_parentage_review,medium,Australia / Indigenous,Postwar exhibition and cultural posters,NAIDOC Poster Gallery,1980-1984,1980-1984,5,5,0,5,0,0,SURF-GAPIT2026R026,NAIDOC 1981 Poster,62.1,packet_member_review,,sub-rich parentage cluster has a plausible top anchor candidate
Australia / Indigenous|Postwar exhibition and cultural posters|NAIDOC Poster Gallery|2000-2004,sub_rich_anchor_candidate_review,manually_test_top_candidate_as_normal_main_anchor,high,true,5,medium,packet_parentage_review,medium,Australia / Indigenous,Postwar exhibition and cultural posters,NAIDOC Poster Gallery,2000-2004,2000-2004,5,5,0,5,0,0,SURF-LPC2026R027,NAIDOC 2003 Poster,60.7,packet_member_review,,sub-rich parentage cluster has a plausible top anchor candidate
Turkey|World War and public-information graphics|Wikimedia Commons|1985-1989,card_heavy_support_pool,keep_as_card_or_appendix_support_until_stronger_anchor_exists,medium,false,5,large,card_context_cluster,medium,Turkey,World War and public-information graphics,Wikimedia Commons,1985-1989,1988-1988,53,53,0,0,53,0,SURF-CAW2026R03150,"Petroxestes pera bivalve borings on limestone hardground (Turkey Track Layer, Waynesville Formation, Upper Ordovician; Flat Fork, Warren County, Ohio, USA) 10.jpg",19.95,card_context_candidate,non_design_drift:bivalve; non_design_drift:fossil; non_design_drift:limestone; non_design_drift:ordovician; non_design_drift:specimen; commons_file_source,card-heavy cluster has no stable normal-main anchor
Bolivia|Modern typography and layout|Wikimedia Commons|1930-1934,card_heavy_support_pool,keep_as_card_or_appendix_support_until_stronger_anchor_exists,medium,false,5,large,card_context_cluster,medium,Bolivia,Modern typography and layout,Wikimedia Commons,1930-1934,1930-1931,37,37,0,1,35,0,SURF-CAW2026R01654,Jarosite-202065.jpg,95.75,manual_relation_review,commons_file_source,card-heavy cluster has no stable normal-main anchor
Brazil|Modern typography and layout|Wikimedia Commons|1980-1984,card_heavy_support_pool,keep_as_card_or_appendix_support_until_stronger_anchor_exists,medium,false,5,large,card_context_cluster,medium,Brazil,Modern typography and layout,Wikimedia Commons,1980-1984,1980-1983,34,34,0,1,33,0,SURF-CCT2026R02282,Cartaz Lula governador em 1982.jpg,64.95,sub_under_packet_candidate,commons_file_source,card-heavy cluster has no stable normal-main anchor
Algeria|Modern typography and layout|Wikimedia Commons|1945-1949,card_heavy_support_pool,keep_as_card_or_appendix_support_until_stronger_anchor_exists,medium,false,5,large,card_context_cluster,medium,Algeria,Modern typography and layout,Wikimedia Commons,1945-1949,1945-1949,31,31,0,0,31,0,SURF-CCT2026R00212,Stamp of Algeria - 1947 - Colnect 211708 - Poste Aerienne Airmail.jpeg,4.25,card_context_candidate,stamp_or_philatelic:postage; stamp_or_philatelic:stamp; stamp_or_philatelic:stamps; commons_file_source,card-heavy cluster has no stable normal-main anchor
Iraq|Modern typography and layout|Wikimedia Commons|1955-1959,card_heavy_support_pool,keep_as_card_or_appendix_support_until_stronger_anchor_exists,medium,false,5,large,card_context_cluster,medium,Iraq,Modern typography and layout,Wikimedia Commons,1955-1959,1956-1959,31,31,0,0,31,0,SURF-CCT2026R02974,Stamp Iraq 1959 10fils.jpg,3.35,card_context_candidate,stamp_or_philatelic:postage; stamp_or_philatelic:stamp; stamp_or_philatelic:stamps; commons_file_source,card-heavy cluster has no stable normal-main anchor
Peru|Modern typography and layout|Wikimedia Commons|1970-1974,card_heavy_support_pool,keep_as_card_or_appendix_support_until_stronger_anchor_exists,medium,false,5,large,packet_parentage_review,medium,Peru,Modern typography and layout,Wikimedia Commons,1970-1974,1970-1972,31,31,0,2,29,0,SURF-CGS2026R1357,Inca Kola 1971 Advertisement Gladys Arista.png,81.55,sub_under_packet_candidate,commons_file_source,card-heavy cluster has no stable normal-main anchor
Bolivia|Modern typography and layout|Wikimedia Commons|1940-1944,card_heavy_support_pool,keep_as_card_or_appendix_support_until_stronger_anchor_exists,medium,false,5,large,card_context_cluster,medium,Bolivia,Modern typography and layout,Wikimedia Commons,1940-1944,1940-1944,29,29,0,1,28,0,SURF-CAW2026R02138,Historia de la Literatura Boliviana - Enrique Finot Oliva.png,62.15,sub_under_packet_candidate,commons_file_source,card-heavy cluster has no stable normal-main anchor
Italy|Modern typography and layout|Wikimedia Commons|1930-1934,card_heavy_support_pool,keep_as_card_or_appendix_support_until_stronger_anchor_exists,medium,false,5,large,card_context_cluster,medium,Italy,Modern typography and layout,Wikimedia Commons,1930-1934,1930-1934,28,28,0,0,28,0,SURF-CRG2026R0546,ITA 1930 MiNr0327 pm B002.jpg,10.55,card_context_candidate,stamp_or_philatelic:postage; stamp_or_philatelic:stamp; commons_file_source,card-heavy cluster has no stable normal-main anchor
Iraq|Modern typography and layout|Wikimedia Commons|1915-1919,card_heavy_support_pool,keep_as_card_or_appendix_support_until_stronger_anchor_exists,medium,false,5,large,card_context_cluster,medium,Iraq,Modern typography and layout,Wikimedia Commons,1915-1919,1917-1919,27,27,0,0,27,0,SURF-CCT2026R02892,Stamp Mesopotamia 1918 2r.jpg,4.25,card_context_candidate,stamp_or_philatelic:postage; stamp_or_philatelic:stamp; stamp_or_philatelic:stamps; commons_file_source,card-heavy cluster has no stable normal-main anchor
Kazakhstan|Modern typography and layout|Wikimedia Commons|2000-2004,card_heavy_support_pool,keep_as_card_or_appendix_support_until_stronger_anchor_exists,medium,false,5,large,card_context_cluster,medium,Kazakhstan,Modern typography and layout,Wikimedia Commons,2000-2004,2000-2004,27,27,0,0,27,0,SURF-CCT2026R01054,Stamp of Kazakhstan 397-398.jpg,4.85,card_context_candidate,stamp_or_philatelic:postage; stamp_or_philatelic:stamp; stamp_or_philatelic:stamps; commons_file_source,card-heavy cluster has no stable normal-main anchor
Lithuania|Modern typography and layout|Wikimedia Commons|1920-1924,card_heavy_support_pool,keep_as_card_or_appendix_support_until_stronger_anchor_exists,medium,false,5,large,card_context_cluster,medium,Lithuania,Modern typography and layout,Wikimedia Commons,1920-1924,1920-1924,25,25,0,0,25,0,SURF-CAW2026R01413,Central Lithuania 1920 MiNr 003B B002.png,-0.95,card_context_candidate,stamp_or_philatelic:postage; stamp_or_philatelic:stamp; commons_file_source,card-heavy cluster has no stable normal-main anchor
Mexico|Modern typography and layout|Wikimedia Commons|1885-1889,card_heavy_support_pool,keep_as_card_or_appendix_support_until_stronger_anchor_exists,medium,false,5,large,card_context_cluster,medium,Mexico,Modern typography and layout,Wikimedia Commons,1885-1889,1885-1888,24,24,0,1,23,0,SURF-CGS2026R1139,Cinco Escenas Infantiles C. Bouret book 1886 cover.png,58.75,sub_under_packet_candidate,commons_file_source,card-heavy cluster has no stable normal-main anchor
Peru|Modern typography and layout|Wikimedia Commons|1965-1969,card_heavy_support_pool,keep_as_card_or_appendix_support_until_stronger_anchor_exists,medium,false,5,large,card_context_cluster,medium,Peru,Modern typography and layout,Wikimedia Commons,1965-1969,1965-1969,24,24,0,0,24,0,SURF-CCE2026R00671,Stamp of Peru - 1968 - Colnect 386638 - Pro Journalists.jpeg,10.55,card_context_candidate,stamp_or_philatelic:stamp; stamp_or_philatelic:stamps; commons_file_source,card-heavy cluster has no stable normal-main anchor
Peru|Modern typography and layout|Wikimedia Commons|1905-1909,card_heavy_support_pool,keep_as_card_or_appendix_support_until_stronger_anchor_exists,medium,false,5,large,card_context_cluster,medium,Peru,Modern typography and layout,Wikimedia Commons,1905-1909,1905-1909,23,23,0,1,20,0,SURF-CRB2026V2R0425,"Ludwig Hohlwein, Direct China Cotton Importers 1909, poster, 81,7 by 58.7 cm.jpg",95.75,manual_relation_review,commons_file_source,card-heavy cluster has no stable normal-main anchor
Philippines|Modern typography and layout|Wikimedia Commons|1990-1994,card_heavy_support_pool,keep_as_card_or_appendix_support_until_stronger_anchor_exists,medium,false,5,large,card_context_cluster,medium,Philippines,Modern typography and layout,Wikimedia Commons,1990-1994,1991-1994,22,22,0,1,21,0,SURF-CRB2026V3R00487,Union Obrera Democratica.jpg,71.55,packet_member_review,commons_file_source,card-heavy cluster has no stable normal-main anchor
Brazil|Modern typography and layout|Wikimedia Commons|1970-1974,card_heavy_support_pool,keep_as_card_or_appendix_support_until_stronger_anchor_exists,medium,false,5,large,card_context_cluster,medium,Brazil,Modern typography and layout,Wikimedia Commons,1970-1974,1970-1974,21,21,0,1,20,0,SURF-CCE2026R00817,Phono 73.png,61.75,packet_member_review,commons_file_source,card-heavy cluster has no stable normal-main anchor
Brazil|Modern typography and layout|Wikimedia Commons|1975-1979,card_heavy_support_pool,keep_as_card_or_appendix_support_until_stronger_anchor_exists,medium,false,5,large,packet_parentage_review,medium,Brazil,Modern typography and layout,Wikimedia Commons,1975-1979,1975-1979,21,21,0,2,19,0,SURF-CGS2026R0483,Ilsa she wolf of ss poster 02.jpg,84.75,sub_under_packet_candidate,commons_file_source,card-heavy cluster has no stable normal-main anchor
Argentina|Modern typography and layout|Wikimedia Commons|1910-1914,card_heavy_support_pool,keep_as_card_or_appendix_support_until_stronger_anchor_exists,medium,false,5,large,card_context_cluster,medium,Argentina,Modern typography and layout,Wikimedia Commons,1910-1914,1912-1914,20,20,0,1,19,0,SURF-CGS2026R0111,Portada de Los invertidos.png,62.95,packet_member_review,commons_file_source,card-heavy cluster has no stable normal-main anchor
Colombia|Modern typography and layout|Wikimedia Commons|1890-1894,card_heavy_support_pool,keep_as_card_or_appendix_support_until_stronger_anchor_exists,medium,false,5,large,card_context_cluster,medium,Colombia,Modern typography and layout,Wikimedia Commons,1890-1894,1890-1894,20,20,0,0,20,0,SURF-CGS2026R0804,Stamp of Perak - 1891 - Colnect 709672 - Straits Settlements Overprinted - PERAK Two CENTS - and Bar.jpeg,10.95,card_context_candidate,stamp_or_philatelic:stamp; stamp_or_philatelic:stamps; commons_file_source,card-heavy cluster has no stable normal-main anchor
Belgium|Modern typography and layout|Wikimedia Commons|1930-1934,card_heavy_support_pool,keep_as_card_or_appendix_support_until_stronger_anchor_exists,medium,false,5,large,card_context_cluster,medium,Belgium,Modern typography and layout,Wikimedia Commons,1930-1934,1931-1932,19,19,0,0,18,0,SURF-CAW2026R01709,"The Ardennes ham, work by Afred Bastien, 1932, Prints Department of the Royal Library of Belgium (KBR), S.I 23717 (4).jpeg",99.45,manual_relation_review,commons_file_source,card-heavy cluster has no stable normal-main anchor
Moldova|Modern typography and layout|Wikimedia Commons|1995-1999,card_heavy_support_pool,keep_as_card_or_appendix_support_until_stronger_anchor_exists,medium,false,5,large,card_context_cluster,medium,Moldova,Modern typography and layout,Wikimedia Commons,1995-1999,1995-1999,19,19,0,0,19,0,SURF-CAW2026R03339,Stamp of Moldova 384.gif,9.25,card_context_candidate,stamp_or_philatelic:postage; stamp_or_philatelic:stamp; commons_file_source,card-heavy cluster has no stable normal-main anchor
Peru|Modern typography and layout|Wikimedia Commons|1950-1954,card_heavy_support_pool,keep_as_card_or_appendix_support_until_stronger_anchor_exists,medium,false,5,large,card_context_cluster,medium,Peru,Modern typography and layout,Wikimedia Commons,1950-1954,1950-1953,19,19,0,1,18,0,SURF-CAW2026R02304,"A portrait of a maiden (unknown date), by Albert Lynch.jpg",64.65,packet_member_review,commons_file_source,card-heavy cluster has no stable normal-main anchor
Tanzania|Modern typography and layout|Wikimedia Commons|1965-1969,card_heavy_support_pool,keep_as_card_or_appendix_support_until_stronger_anchor_exists,medium,false,5,large,card_context_cluster,medium,Tanzania,Modern typography and layout,Wikimedia Commons,1965-1969,1967-1969,19,19,0,0,19,0,SURF-CCT2026R00712,Stamp of Tanzania - 1967 - Colnect 285661 - White spotted Puffer Arothron hispidus.jpeg,4.85,card_context_candidate,stamp_or_philatelic:postage; stamp_or_philatelic:stamp; stamp_or_philatelic:stamps; commons_file_source,card-heavy cluster has no stable normal-main anchor
Iraq|Modern typography and layout|Wikimedia Commons|1950-1954,card_heavy_support_pool,keep_as_card_or_appendix_support_until_stronger_anchor_exists,medium,false,5,large,card_context_cluster,medium,Iraq,Modern typography and layout,Wikimedia Commons,1950-1954,1951-1954,18,18,0,0,18,0,SURF-CCT2026R02930,Iraqi stamp king faisal II 1953 28f.jpg,1.65,card_context_candidate,stamp_or_philatelic:postage; stamp_or_philatelic:stamp; stamp_or_philatelic:stamps; commons_file_source,card-heavy cluster has no stable normal-main anchor
Kazakhstan|Modern typography and layout|Wikimedia Commons|2005-2009,card_heavy_support_pool,keep_as_card_or_appendix_support_until_stronger_anchor_exists,medium,false,5,large,card_context_cluster,medium,Kazakhstan,Modern typography and layout,Wikimedia Commons,2005-2009,2005-2009,18,18,0,0,17,0,SURF-CRB2026V3R00017,Постер фильма «Двойная фамилия» (вертикальный).jpg,95.65,manual_relation_review,commons_file_source,card-heavy cluster has no stable normal-main anchor
Colombia|Modern typography and layout|Wikimedia Commons|1895-1899,card_heavy_support_pool,keep_as_card_or_appendix_support_until_stronger_anchor_exists,medium,false,5,large,card_context_cluster,medium,Colombia,Modern typography and layout,Wikimedia Commons,1895-1899,1895-1899,17,17,0,0,17,0,SURF-CGS2026R0819,Stamp of Selangor - 1896 - Colnect 709724 - Tiger Panthera tigris.jpeg,11.05,card_context_candidate,stamp_or_philatelic:stamp; stamp_or_philatelic:stamps; commons_file_source,card-heavy cluster has no stable normal-main anchor
Iraq|Modern typography and layout|Wikimedia Commons|1930-1934,card_heavy_support_pool,keep_as_card_or_appendix_support_until_stronger_anchor_exists,medium,false,5,large,card_context_cluster,medium,Iraq,Modern typography and layout,Wikimedia Commons,1930-1934,1930-1932,17,17,0,0,17,0,SURF-CCT2026R02911,Stamp Iraq 1932 3f ovpt.jpg,1.85,card_context_candidate,stamp_or_philatelic:postage; stamp_or_philatelic:stamp; stamp_or_philatelic:stamps; commons_file_source,card-heavy cluster has no stable normal-main anchor
Philippines|Modern typography and layout|Wikimedia Commons|1975-1979,card_heavy_support_pool,keep_as_card_or_appendix_support_until_stronger_anchor_exists,medium,false,5,large,card_context_cluster,medium,Philippines,Modern typography and layout,Wikimedia Commons,1975-1979,1976-1979,17,17,0,1,16,0,SURF-CCT2026R04336,Mabuhay Ang Pilipino Movement Advertisement 1976.jpg,82.85,sub_under_packet_candidate,commons_file_source,card-heavy cluster has no stable normal-main anchor
Slovenia|Modern typography and layout|Wikimedia Commons|1915-1919,card_heavy_support_pool,keep_as_card_or_appendix_support_until_stronger_anchor_exists,medium,false,5,large,card_context_cluster,medium,Slovenia,Modern typography and layout,Wikimedia Commons,1915-1919,1919-1919,16,16,0,0,16,0,SURF-CAW2026R01387,KingdomSHSgirlfalcons60h1919imperf.jpg,-5.85,card_context_candidate,stamp_or_philatelic:postage; stamp_or_philatelic:stamp; commons_file_source,card-heavy cluster has no stable normal-main anchor
Ukraine|Modern typography and layout|Wikimedia Commons|2000-2004,card_heavy_support_pool,keep_as_card_or_appendix_support_until_stronger_anchor_exists,medium,false,5,large,packet_parentage_review,medium,Ukraine,Modern typography and layout,Wikimedia Commons,2000-2004,2000-2004,16,16,0,2,13,0,SURF-CRB2026V3R00050,Vestniki.jpg,94.65,manual_relation_review,commons_file_source,card-heavy cluster has no stable normal-main anchor
Belgium|Modern typography and layout|Wikimedia Commons|1925-1929,card_heavy_support_pool,keep_as_card_or_appendix_support_until_stronger_anchor_exists,medium,false,5,large,packet_parentage_review,medium,Belgium,Modern typography and layout,Wikimedia Commons,1925-1929,1925-1929,15,15,0,2,13,0,SURF-CAW2026R01618,"Après-midi à la campagne, work by Afred Bastien, 1929, Prints Department of the Royal Library of Belgium (KBR), S.I 62841.jpeg",74.55,packet_member_review,commons_file_source,card-heavy cluster has no stable normal-main anchor
Brazil|Modern typography and layout|Wikimedia Commons|1865-1869,card_heavy_support_pool,keep_as_card_or_appendix_support_until_stronger_anchor_exists,medium,false,5,large,card_context_cluster,medium,Brazil,Modern typography and layout,Wikimedia Commons,1865-1869,1865-1869,15,15,0,0,14,0,SURF-CGS2026R0377,"Memoria historica do Templo de S. Fidelis sobre a sua fundac¸a~o ate´ nossos dias. (Rio de Janeiro- Typ. do Apostolo.-Seminario de S. Jose´, 1867.) - Upper cover (c129m3).jpg",94.85,manual_relation_review,commons_file_source,card-heavy cluster has no stable normal-main anchor
Colombia|Modern typography and layout|Wikimedia Commons|1900-1904,card_heavy_support_pool,keep_as_card_or_appendix_support_until_stronger_anchor_exists,medium,false,5,large,card_context_cluster,medium,Colombia,Modern typography and layout,Wikimedia Commons,1900-1904,1900-1903,15,15,0,1,14,0,SURF-CGS2026R0837,"The Tacoma Times, Vol. 1, No. 8, Tuesday, December 29, 1903 (page 1).jpg",70.95,packet_member_review,commons_file_source,card-heavy cluster has no stable normal-main anchor
Indonesia|Modern typography and layout|Wikimedia Commons|1960-1964,card_heavy_support_pool,keep_as_card_or_appendix_support_until_stronger_anchor_exists,medium,false,5,large,packet_parentage_review,medium,Indonesia,Modern typography and layout,Wikimedia Commons,1960-1964,1960-1963,15,15,0,2,13,0,SURF-CRB2026V2R0679,Kennedy FOR THE WEST FOR AMERICA Campaign Brochure (1).jpg,74.15,packet_member_review,commons_file_source,card-heavy cluster has no stable normal-main anchor
Mexico|Modern typography and layout|Wikimedia Commons|1880-1884,card_heavy_support_pool,keep_as_card_or_appendix_support_until_stronger_anchor_exists,medium,false,5,large,card_context_cluster,medium,Mexico,Modern typography and layout,Wikimedia Commons,1880-1884,1880-1883,15,15,0,0,15,0,SURF-CAW2026R00446,Mexico 1883-84 documents revenue F114.jpg,1.85,card_context_candidate,stamp_or_philatelic:postage; stamp_or_philatelic:stamp; stamp_or_philatelic:stamps; commons_file_source,card-heavy cluster has no stable normal-main anchor
Peru|Modern typography and layout|Wikimedia Commons|1960-1964,card_heavy_support_pool,keep_as_card_or_appendix_support_until_stronger_anchor_exists,medium,false,5,large,card_context_cluster,medium,Peru,Modern typography and layout,Wikimedia Commons,1960-1964,1960-1962,15,15,0,0,15,0,SURF-CCE2026R00636,Stamp of Peru - 1962 - Colnect 386601 - Border after Rio de Janeiro Agreement.jpeg,10.55,card_context_candidate,stamp_or_philatelic:stamp; stamp_or_philatelic:stamps; commons_file_source,card-heavy cluster has no stable normal-main anchor
Seychelles|Modern typography and layout|Wikimedia Commons|1895-1899,card_heavy_support_pool,keep_as_card_or_appendix_support_until_stronger_anchor_exists,medium,false,5,large,card_context_cluster,medium,Seychelles,Modern typography and layout,Wikimedia Commons,1895-1899,1895-1899,15,15,0,0,15,0,SURF-CAW2026R00693,Stamp of Peru - 1899 - Colnect 419579 - Allegory of the Sitting Homeland.jpeg,-3.65,card_context_candidate,stamp_or_philatelic:postage; stamp_or_philatelic:stamp; stamp_or_philatelic:stamps; commons_file_source,card-heavy cluster has no stable normal-main anchor
Angola|Modern typography and layout|Wikimedia Commons|1860-1864,card_heavy_support_pool,keep_as_card_or_appendix_support_until_stronger_anchor_exists,medium,false,5,large,card_context_cluster,medium,Angola,Modern typography and layout,Wikimedia Commons,1860-1864,1863-1863,14,14,0,0,14,0,SURF-CCT2026R00289,Stamp of Angola - 1903 - Colnect 329286 - King Carlos I of Portugal 1863-1908.jpeg,5.75,card_context_candidate,stamp_or_philatelic:postage; stamp_or_philatelic:stamp; stamp_or_philatelic:stamps; commons_file_source,card-heavy cluster has no stable normal-main anchor
Aotearoa New Zealand|Modern typography and layout|Wikimedia Commons|1915-1919,card_heavy_support_pool,keep_as_card_or_appendix_support_until_stronger_anchor_exists,medium,false,5,large,card_context_cluster,medium,Aotearoa New Zealand,Modern typography and layout,Wikimedia Commons,1915-1919,1915-1919,14,14,0,0,13,0,SURF-CAW2026R01218,"Boys! Come along, you're wanted LCCN2003663088.tif",99.05,manual_relation_review,commons_file_source,card-heavy cluster has no stable normal-main anchor
Armenia|Modern typography and layout|Wikimedia Commons|1995-1999,card_heavy_support_pool,keep_as_card_or_appendix_support_until_stronger_anchor_exists,medium,false,5,large,card_context_cluster,medium,Armenia,Modern typography and layout,Wikimedia Commons,1995-1999,1996-1999,14,14,0,0,14,0,SURF-CAW2026R03375,ArmenianStamps-142-143.jpg,7.95,card_context_candidate,stamp_or_philatelic:postage; stamp_or_philatelic:stamp; commons_file_source,card-heavy cluster has no stable normal-main anchor
Indonesia|Modern typography and layout|Wikimedia Commons|1955-1959,card_heavy_support_pool,keep_as_card_or_appendix_support_until_stronger_anchor_exists,medium,false,5,large,card_context_cluster,medium,Indonesia,Modern typography and layout,Wikimedia Commons,1955-1959,1955-1958,14,14,0,1,13,0,SURF-CAW2026R02540,"Chairul Saleh at Djuanda Cabinet, Mimbar Penerangan April 1957 p208.jpg",64.55,packet_member_review,commons_file_source,card-heavy cluster has no stable normal-main anchor
Italy|Modern typography and layout|Wikimedia Commons|1925-1929,card_heavy_support_pool,keep_as_card_or_appendix_support_until_stronger_anchor_exists,medium,false,5,large,card_context_cluster,medium,Italy,Modern typography and layout,Wikimedia Commons,1925-1929,1929-1929,14,14,0,0,14,0,SURF-CRG2026R0527,Stamp of Aegean Islands - 1929 - Colnect 399895 - Views - Crusader kneeling in prayer.jpeg,8.15,card_context_candidate,stamp_or_philatelic:stamp; stamp_or_philatelic:stamps; commons_file_source,card-heavy cluster has no stable normal-main anchor
Italy|Modern typography and layout|Wikimedia Commons|1935-1939,card_heavy_support_pool,keep_as_card_or_appendix_support_until_stronger_anchor_exists,medium,false,5,large,card_context_cluster,medium,Italy,Modern typography and layout,Wikimedia Commons,1935-1939,1935-1938,14,14,0,1,13,0,SURF-CRG2026R0732,"Cover L’illustrazione Italiana LXII n.20, 19 May 1935.jpg",74.15,packet_member_review,commons_file_source,card-heavy cluster has no stable normal-main anchor
Lithuania|Modern typography and layout|Wikimedia Commons|1930-1934,card_heavy_support_pool,keep_as_card_or_appendix_support_until_stronger_anchor_exists,medium,false,5,large,card_context_cluster,medium,Lithuania,Modern typography and layout,Wikimedia Commons,1930-1934,1930-1933,14,14,0,0,14,0,SURF-CAW2026R01714,Lithuania 1932 MiNr 327B B003.png,-2.15,card_context_candidate,stamp_or_philatelic:postage; stamp_or_philatelic:stamp; commons_file_source,card-heavy cluster has no stable normal-main anchor
Algeria|Modern typography and layout|Wikimedia Commons|1950-1954,card_heavy_support_pool,keep_as_card_or_appendix_support_until_stronger_anchor_exists,medium,false,5,large,card_context_cluster,medium,Algeria,Modern typography and layout,Wikimedia Commons,1950-1954,1950-1954,13,13,0,1,12,0,SURF-CAW2026R02435,"Affiche FCL ""Vive l'Algérie libre"".jpg",66.65,packet_member_review,commons_file_source,card-heavy cluster has no stable normal-main anchor
Armenia|Modern typography and layout|Wikimedia Commons|1990-1994,card_heavy_support_pool,keep_as_card_or_appendix_support_until_stronger_anchor_exists,medium,false,5,large,card_context_cluster,medium,Armenia,Modern typography and layout,Wikimedia Commons,1990-1994,1990-1993,13,13,0,0,13,0,SURF-CAW2026R03197,"The Soviet Union 1990 CPA 6270-6272-label block of 4 (Armenia '90 Stamp Exhibition, Yerevan. Armenian Earthquake Relief. Armenian History) with right and bottom fields.jpg",10.45,card_context_candidate,stamp_or_philatelic:postage; stamp_or_philatelic:stamp; commons_file_source,card-heavy cluster has no stable normal-main anchor
Bolivia|Modern typography and layout|Wikimedia Commons|1895-1899,card_heavy_support_pool,keep_as_card_or_appendix_support_until_stronger_anchor_exists,medium,false,5,large,card_context_cluster,medium,Bolivia,Modern typography and layout,Wikimedia Commons,1895-1899,1897-1899,13,13,0,1,12,0,SURF-CAW2026R00751,Odas - Franz Tamayo Solares.png,63.15,packet_member_review,commons_file_source,card-heavy cluster has no stable normal-main anchor
Germany|Modern typography and layout|Wikimedia Commons|1970-1974,card_heavy_support_pool,keep_as_card_or_appendix_support_until_stronger_anchor_exists,medium,false,5,large,packet_parentage_review,medium,Germany,Modern typography and layout,Wikimedia Commons,1970-1974,1970-1974,13,13,0,2,11,0,SURF-CRG2026R1881,"Bundesarchiv Bild 183-M0420-0021, Rostock, Überseehafen, Kisten, Container.jpg",81.15,sub_under_packet_candidate,commons_file_source,card-heavy cluster has no stable normal-main anchor
Kenya|Modern typography and layout|Wikimedia Commons|1960-1964,card_heavy_support_pool,keep_as_card_or_appendix_support_until_stronger_anchor_exists,medium,false,5,large,card_context_cluster,medium,Kenya,Modern typography and layout,Wikimedia Commons,1960-1964,1963-1963,13,13,0,0,13,0,SURF-CCT2026R00408,Stamp-kenya1963-harvesting-tea.jpeg,2.45,card_context_candidate,stamp_or_philatelic:postage; stamp_or_philatelic:stamp; stamp_or_philatelic:stamps; commons_file_source,card-heavy cluster has no stable normal-main anchor
Kenya|Modern typography and layout|Wikimedia Commons|1970-1974,card_heavy_support_pool,keep_as_card_or_appendix_support_until_stronger_anchor_exists,medium,false,5,large,card_context_cluster,medium,Kenya,Modern typography and layout,Wikimedia Commons,1970-1974,1971-1973,13,13,0,0,13,0,SURF-CCT2026R00425,Stamp of Kenya - 1971 - Colnect 232836 - Ramose Murex Chicoreus ramosus.jpeg,5.15,card_context_candidate,stamp_or_philatelic:postage; stamp_or_philatelic:stamp; stamp_or_philatelic:stamps; commons_file_source,card-heavy cluster has no stable normal-main anchor
Kyrgyzstan|Modern typography and layout|Wikimedia Commons|1995-1999,card_heavy_support_pool,keep_as_card_or_appendix_support_until_stronger_anchor_exists,medium,false,5,large,card_context_cluster,medium,Kyrgyzstan,Modern typography and layout,Wikimedia Commons,1995-1999,1995-1999,13,13,0,0,13,0,SURF-CAW2026R03309,Stamp of Kyrgyzstan 102.jpg,7.45,card_context_candidate,stamp_or_philatelic:postage; stamp_or_philatelic:stamp; commons_file_source,card-heavy cluster has no stable normal-main anchor
Peru|Modern typography and layout|Wikimedia Commons|1870-1874,card_heavy_support_pool,keep_as_card_or_appendix_support_until_stronger_anchor_exists,medium,false,5,large,card_context_cluster,medium,Peru,Modern typography and layout,Wikimedia Commons,1870-1874,1870-1874,13,13,0,0,13,0,SURF-CCE2026R00037,Stamp of Peru - 1894 - Colnect 417590 - 1 - Pres Remigio Morales Bermúdez.jpeg,13.85,card_context_candidate,stamp_or_philatelic:stamp; stamp_or_philatelic:stamps; commons_file_source,card-heavy cluster has no stable normal-main anchor
Philippines|Modern typography and layout|Wikimedia Commons|1995-1999,card_heavy_support_pool,keep_as_card_or_appendix_support_until_stronger_anchor_exists,medium,false,5,large,card_context_cluster,medium,Philippines,Modern typography and layout,Wikimedia Commons,1995-1999,1995-1999,13,13,0,0,13,0,SURF-CCT2026R04386,Pithecophaga jefferyi 1997 stamp of the Philippines.jpg,4.55,card_context_candidate,stamp_or_philatelic:postage; stamp_or_philatelic:stamp; stamp_or_philatelic:stamps; commons_file_source,card-heavy cluster has no stable normal-main anchor
Argentina|Modern typography and layout|Wikimedia Commons|2005-2009,card_heavy_support_pool,keep_as_card_or_appendix_support_until_stronger_anchor_exists,medium,false,5,medium,card_context_cluster,medium,Argentina,Modern typography and layout,Wikimedia Commons,2005-2009,2008-2009,12,12,0,0,11,0,SURF-CGS2026R0265,SaramagoARG.jpg,99.65,manual_relation_review,commons_file_source,card-heavy cluster has no stable normal-main anchor
Bolivia|Modern typography and layout|Wikimedia Commons|1865-1869,card_heavy_support_pool,keep_as_card_or_appendix_support_until_stronger_anchor_exists,medium,false,5,medium,card_context_cluster,medium,Bolivia,Modern typography and layout,Wikimedia Commons,1865-1869,1867-1867,12,12,0,0,12,0,SURF-CCT2026R01904,Stamp of Bolivia - 1867 - Colnect 226389 - Andean Condor Vultur gryphus.jpeg,-13.85,card_context_candidate,stamp_or_philatelic:postage; stamp_or_philatelic:stamp; stamp_or_philatelic:stamps; commons_file_source,card-heavy cluster has no stable normal-main anchor
Croatia|Modern typography and layout|Wikimedia Commons|1940-1944,card_heavy_support_pool,keep_as_card_or_appendix_support_until_stronger_anchor_exists,medium,false,5,medium,card_context_cluster,medium,Croatia,Modern typography and layout,Wikimedia Commons,1940-1944,1941-1944,12,12,0,0,12,0,SURF-CCE2026R00438,First edition 1941 Independent State of Croatia stamp.jpg,8.55,card_context_candidate,stamp_or_philatelic:stamp; commons_file_source,card-heavy cluster has no stable normal-main anchor
Iraq|Modern typography and layout|Wikimedia Commons|1975-1979,card_heavy_support_pool,keep_as_card_or_appendix_support_until_stronger_anchor_exists,medium,false,5,medium,card_context_cluster,medium,Iraq,Modern typography and layout,Wikimedia Commons,1975-1979,1975-1975,12,12,0,0,12,0,SURF-CRG2026R2855,Iraqi stamp 1975 Buildings-of-the-Telecommunications-Center (2).jpg,9.95,card_context_candidate,stamp_or_philatelic:stamp; commons_file_source,card-heavy cluster has no stable normal-main anchor
Italy|Modern typography and layout|Wikimedia Commons|1940-1944,card_heavy_support_pool,keep_as_card_or_appendix_support_until_stronger_anchor_exists,medium,false,5,medium,card_context_cluster,medium,Italy,Modern typography and layout,Wikimedia Commons,1940-1944,1940-1944,12,12,0,0,12,0,SURF-CRG2026R0980,Stamp of Aegean Islands - 1940 - Colnect 399999 - Triennial of Italy s overseas possessions.jpeg,13.85,card_context_candidate,stamp_or_philatelic:stamp; stamp_or_philatelic:stamps; commons_file_source,card-heavy cluster has no stable normal-main anchor
Kyrgyzstan|Modern typography and layout|Wikimedia Commons|2000-2004,card_heavy_support_pool,keep_as_card_or_appendix_support_until_stronger_anchor_exists,medium,false,5,medium,card_context_cluster,medium,Kyrgyzstan,Modern typography and layout,Wikimedia Commons,2000-2004,2001-2004,12,12,0,0,12,0,SURF-CCT2026R01102,Stamp of Kyrgyzstan olymp games 2.jpg,7.45,card_context_candidate,stamp_or_philatelic:postage; stamp_or_philatelic:stamp; commons_file_source,card-heavy cluster has no stable normal-main anchor
Lithuania|Modern typography and layout|Wikimedia Commons|1990-1994,card_heavy_support_pool,keep_as_card_or_appendix_support_until_stronger_anchor_exists,medium,false,5,medium,card_context_cluster,medium,Lithuania,Modern typography and layout,Wikimedia Commons,1990-1994,1990-1993,12,12,0,0,12,0,SURF-CAW2026R03210,Lithuania 1990 PSE 02 02A diff B002.jpg,14.95,card_context_candidate,stamp_or_philatelic:postage; stamp_or_philatelic:stamp; commons_file_source,card-heavy cluster has no stable normal-main anchor
Nigeria|Modern typography and layout|Wikimedia Commons|1960-1964,card_heavy_support_pool,keep_as_card_or_appendix_support_until_stronger_anchor_exists,medium,false,5,medium,card_context_cluster,medium,Nigeria,Modern typography and layout,Wikimedia Commons,1960-1964,1960-1961,12,12,0,1,11,0,SURF-CCT2026R00578,"Nigeria, billboard advertisement for Raleigh Bicycles.png",70.85,packet_member_review,commons_file_source,card-heavy cluster has no stable normal-main anchor
Algeria|Modern typography and layout|Wikimedia Commons|1955-1959,card_heavy_support_pool,keep_as_card_or_appendix_support_until_stronger_anchor_exists,medium,false,5,medium,card_context_cluster,medium,Algeria,Modern typography and layout,Wikimedia Commons,1955-1959,1955-1958,11,11,0,0,11,0,SURF-CCT2026R00231,Stamp of Algeria - 1956 - Colnect 211621 - Statue.jpeg,2.85,card_context_candidate,stamp_or_philatelic:postage; stamp_or_philatelic:stamp; stamp_or_philatelic:stamps; commons_file_source,card-heavy cluster has no stable normal-main anchor
Bolivia|Modern typography and layout|Wikimedia Commons|1910-1914,card_heavy_support_pool,keep_as_card_or_appendix_support_until_stronger_anchor_exists,medium,false,5,medium,card_context_cluster,medium,Bolivia,Modern typography and layout,Wikimedia Commons,1910-1914,1911-1914,11,11,0,0,11,0,SURF-CCT2026R01947,Stamp of Bolivia - 1914 - Colnect 227789 - Tiahuanacu Ruins.jpeg,4.25,card_context_candidate,stamp_or_philatelic:postage; stamp_or_philatelic:stamp; stamp_or_philatelic:stamps; commons_file_source,card-heavy cluster has no stable normal-main anchor
Colombia|Modern typography and layout|Wikimedia Commons|1880-1884,card_heavy_support_pool,keep_as_card_or_appendix_support_until_stronger_anchor_exists,medium,false,5,medium,card_context_cluster,medium,Colombia,Modern typography and layout,Wikimedia Commons,1880-1884,1880-1884,11,11,0,0,11,0,SURF-CGS2026R0774,Stamp of Perak - 1883 - Colnect 709658 - Straits Settlements Overprinted - PERAK.jpeg,12.15,card_context_candidate,stamp_or_philatelic:stamp; stamp_or_philatelic:stamps; commons_file_source,card-heavy cluster has no stable normal-main anchor
Morocco|Modern typography and layout|Wikimedia Commons|1920-1924,card_heavy_support_pool,keep_as_card_or_appendix_support_until_stronger_anchor_exists,medium,false,5,medium,card_context_cluster,medium,Morocco,Modern typography and layout,Wikimedia Commons,1920-1924,1922-1922,11,11,0,0,11,0,SURF-CCT2026R00488,Stamp MA 1922 1.40 Fr.jpg,4.25,card_context_candidate,stamp_or_philatelic:postage; stamp_or_philatelic:stamp; stamp_or_philatelic:stamps; commons_file_source,card-heavy cluster has no stable normal-main anchor
Peru|Modern typography and layout|Wikimedia Commons|1920-1924,card_heavy_support_pool,keep_as_card_or_appendix_support_until_stronger_anchor_exists,medium,false,5,medium,card_context_cluster,medium,Peru,Modern typography and layout,Wikimedia Commons,1920-1924,1920-1924,11,11,0,0,10,0,SURF-CRB2026V2R0426,MotionPictureOctober1924.jpg,95.75,manual_relation_review,commons_file_source,card-heavy cluster has no stable normal-main anchor
Peru|Modern typography and layout|Wikimedia Commons|1955-1959,card_heavy_support_pool,keep_as_card_or_appendix_support_until_stronger_anchor_exists,medium,false,5,medium,card_context_cluster,medium,Peru,Modern typography and layout,Wikimedia Commons,1955-1959,1956-1959,11,11,0,0,11,0,SURF-CCE2026R00599,Stamp of Peru - 1957 - Colnect 328045 - Admiral Dupetit Thouars and frigate la Victorieuse.jpeg,-0.45,card_context_candidate,stamp_or_philatelic:stamp; stamp_or_philatelic:stamps; commons_file_source,card-heavy cluster has no stable normal-main anchor
South Africa|Modern typography and layout|Wikimedia Commons|1895-1899,card_heavy_support_pool,keep_as_card_or_appendix_support_until_stronger_anchor_exists,medium,false,5,medium,card_context_cluster,medium,South Africa,Modern typography and layout,Wikimedia Commons,1895-1899,1895-1897,11,11,0,0,11,0,SURF-CAW2026R00699,Stamp of Transvaal - 1895 - Colnect 414636 - Wagon with One Shaft.jpeg,3.45,card_context_candidate,stamp_or_philatelic:postage; stamp_or_philatelic:stamp; stamp_or_philatelic:stamps; commons_file_source,card-heavy cluster has no stable normal-main anchor
Aotearoa New Zealand|Modern typography and layout|Wikimedia Commons|1900-1904,card_heavy_support_pool,keep_as_card_or_appendix_support_until_stronger_anchor_exists,medium,false,5,medium,card_context_cluster,medium,Aotearoa New Zealand,Modern typography and layout,Wikimedia Commons,1900-1904,1902-1904,10,10,0,1,9,0,SURF-CAW2026R00915,MA I291802 TePapa Mecodema-infimate-Lewis full.jpg,66.65,packet_member_review,commons_file_source,card-heavy cluster has no stable normal-main anchor
Azerbaijan|Modern typography and layout|Wikimedia Commons|1990-1994,card_heavy_support_pool,keep_as_card_or_appendix_support_until_stronger_anchor_exists,medium,false,5,medium,card_context_cluster,medium,Azerbaijan,Modern typography and layout,Wikimedia Commons,1990-1994,1992-1994,10,10,0,0,9,0,SURF-CAW2026R03251,Şuşa qalası - poster.jpg,95.85,manual_relation_review,commons_file_source,card-heavy cluster has no stable normal-main anchor
Italy|Modern typography and layout|Wikimedia Commons|1870-1874,card_heavy_support_pool,keep_as_card_or_appendix_support_until_stronger_anchor_exists,medium,false,5,medium,card_context_cluster,medium,Italy,Modern typography and layout,Wikimedia Commons,1870-1874,1870-1874,10,10,0,0,10,0,SURF-CRG2026R0066,Italy1874esteroovpt1cent.jpg,11.45,card_context_candidate,stamp_or_philatelic:stamp; stamp_or_philatelic:stamps; commons_file_source,card-heavy cluster has no stable normal-main anchor
Latin America|Modern typography and layout|Wikimedia Commons|1970-1974,card_heavy_support_pool,keep_as_card_or_appendix_support_until_stronger_anchor_exists,medium,false,5,medium,card_context_cluster,medium,Latin America,Modern typography and layout,Wikimedia Commons,1970-1974,1970-1974,10,10,0,0,10,0,SURF-CAW2026R02884,Ford A3419 NLGRF photo contact sheet (1975-02-24)(Gerald Ford Library).jpg,12.35,card_context_candidate,stamp_or_philatelic:postage; stamp_or_philatelic:stamp; commons_file_source,card-heavy cluster has no stable normal-main anchor
Romania|Modern typography and layout|Wikimedia Commons|1960-1964,card_heavy_support_pool,keep_as_card_or_appendix_support_until_stronger_anchor_exists,medium,false,5,medium,card_context_cluster,medium,Romania,Modern typography and layout,Wikimedia Commons,1960-1964,1961-1964,10,10,0,1,9,0,SURF-CAW2026R02625,ARFO commercial poster 1963.jpg,66.95,packet_member_review,commons_file_source,card-heavy cluster has no stable normal-main anchor
Argentina|World War and public-information graphics|Wikimedia Commons|1905-1909,card_heavy_support_pool,keep_as_card_or_appendix_support_until_stronger_anchor_exists,medium,false,5,medium,card_context_cluster,medium,Argentina,World War and public-information graphics,Wikimedia Commons,1905-1909,1905-1909,9,9,0,0,9,0,SURF-CGS2026R0091,Stamp of India - 1909 - Colnect 380644 - 1 - King Edward VII - Overprint - On HMS.jpeg,-2.75,card_context_candidate,stamp_or_philatelic:stamp; stamp_or_philatelic:stamps; commons_file_source,card-heavy cluster has no stable normal-main anchor
Belgium|Modern typography and layout|Wikimedia Commons|1935-1939,card_heavy_support_pool,keep_as_card_or_appendix_support_until_stronger_anchor_exists,medium,false,5,medium,card_context_cluster,medium,Belgium,Modern typography and layout,Wikimedia Commons,1935-1939,1935-1939,9,9,0,0,9,0,SURF-CAW2026R01886,Stamp of Belgian Congo - 1939 - Colnect 156591 - Lion Panthera leo.jpeg,4.25,card_context_candidate,stamp_or_philatelic:postage; stamp_or_philatelic:stamp; stamp_or_philatelic:stamps; commons_file_source,card-heavy cluster has no stable normal-main anchor
Bolivia|Modern typography and layout|Wikimedia Commons|1830-1834,card_heavy_support_pool,keep_as_card_or_appendix_support_until_stronger_anchor_exists,medium,false,5,medium,card_context_cluster,medium,Bolivia,Modern typography and layout,Wikimedia Commons,1830-1834,1830-1833,9,9,0,0,9,0,SURF-CCT2026R01856,Stamp of Bolivia - 1913 - Colnect 226880 - Simon Bolivar.jpeg,1.45,card_context_candidate,stamp_or_philatelic:postage; stamp_or_philatelic:stamp; stamp_or_philatelic:stamps; commons_file_source,card-heavy cluster has no stable normal-main anchor
Bolivia|World War and public-information graphics|Wikimedia Commons|1840-1844,card_heavy_support_pool,keep_as_card_or_appendix_support_until_stronger_anchor_exists,medium,false,5,medium,card_context_cluster,medium,Bolivia,World War and public-information graphics,Wikimedia Commons,1840-1844,1841-1841,9,9,0,0,9,0,SURF-CCT2026R01876,Stamp of Bolivia - 1943 - Colnect 228277 - Gen Ballivian leading cavalry charge.jpeg,0.95,card_context_candidate,stamp_or_philatelic:postage; stamp_or_philatelic:stamp; stamp_or_philatelic:stamps; commons_file_source,card-heavy cluster has no stable normal-main anchor
Italy|Modern typography and layout|Wikimedia Commons|1850-1854,card_heavy_support_pool,keep_as_card_or_appendix_support_until_stronger_anchor_exists,medium,false,5,medium,card_context_cluster,medium,Italy,Modern typography and layout,Wikimedia Commons,1850-1854,1850-1850,9,9,0,0,9,0,SURF-CRG2026R0016,ITA 1865 MiNr0024 pm B002.jpg,10.55,card_context_candidate,stamp_or_philatelic:postage; stamp_or_philatelic:stamp; commons_file_source,card-heavy cluster has no stable normal-main anchor
Malaysia|Modern typography and layout|Wikimedia Commons|1965-1969,card_heavy_support_pool,keep_as_card_or_appendix_support_until_stronger_anchor_exists,medium,false,5,medium,card_context_cluster,medium,Malaysia,Modern typography and layout,Wikimedia Commons,1965-1969,1968-1969,9,9,0,0,9,0,SURF-CAW2026R02785,Stamp of Ajman - 1969 - Colnect 496194 - Tandem Racing.jpeg,3.35,card_context_candidate,stamp_or_philatelic:postage; stamp_or_philatelic:stamp; stamp_or_philatelic:stamps; commons_file_source,card-heavy cluster has no stable normal-main anchor
Philippines|Modern typography and layout|Wikimedia Commons|1965-1969,card_heavy_support_pool,keep_as_card_or_appendix_support_until_stronger_anchor_exists,medium,false,5,medium,card_context_cluster,medium,Philippines,Modern typography and layout,Wikimedia Commons,1965-1969,1967-1969,9,9,0,0,9,0,SURF-CCT2026R04328,Trichoglossus johnstoniae 1969 stamp of the Philippines.jpg,1.85,card_context_candidate,stamp_or_philatelic:postage; stamp_or_philatelic:stamp; stamp_or_philatelic:stamps; commons_file_source,card-heavy cluster has no stable normal-main anchor
Philippines|Modern typography and layout|Wikimedia Commons|1980-1984,card_heavy_support_pool,keep_as_card_or_appendix_support_until_stronger_anchor_exists,medium,false,5,medium,card_context_cluster,medium,Philippines,Modern typography and layout,Wikimedia Commons,1980-1984,1981-1984,9,9,0,0,9,0,SURF-CCT2026R04362,Tanygnathus megalorynchos 1984 stamp of the Philippines.jpg,2.15,card_context_candidate,stamp_or_philatelic:postage; stamp_or_philatelic:stamp; stamp_or_philatelic:stamps; commons_file_source,card-heavy cluster has no stable normal-main anchor
Philippines|Modern typography and layout|Wikimedia Commons|2000-2004,card_heavy_support_pool,keep_as_card_or_appendix_support_until_stronger_anchor_exists,medium,false,5,medium,card_context_cluster,medium,Philippines,Modern typography and layout,Wikimedia Commons,2000-2004,2000-2004,9,9,0,0,9,0,SURF-CCT2026R04399,Ninox philippensis centralis 2004 stamp+card of the Philippines 2.jpg,5.85,card_context_candidate,stamp_or_philatelic:postage; stamp_or_philatelic:stamp; commons_file_source,card-heavy cluster has no stable normal-main anchor
Seychelles|Modern typography and layout|Wikimedia Commons|1905-1909,card_heavy_support_pool,keep_as_card_or_appendix_support_until_stronger_anchor_exists,medium,false,5,medium,card_context_cluster,medium,Seychelles,Modern typography and layout,Wikimedia Commons,1905-1909,1907-1909,9,9,0,0,9,0,SURF-CAW2026R01052,Stamp of Peru - 1907 - Colnect 419593 - City Hall Lima formerly an Exhibition Building.jpeg,-6.35,card_context_candidate,stamp_or_philatelic:postage; stamp_or_philatelic:stamp; stamp_or_philatelic:stamps; commons_file_source,card-heavy cluster has no stable normal-main anchor
South Africa|Modern typography and layout|Wikimedia Commons|1885-1889,card_heavy_support_pool,keep_as_card_or_appendix_support_until_stronger_anchor_exists,medium,false,5,medium,card_context_cluster,medium,South Africa,Modern typography and layout,Wikimedia Commons,1885-1889,1885-1888,9,9,0,0,9,0,SURF-CAW2026R00553,Stamp of Zululand - 1888 - Colnect 564770 - Queen Victoria UK Overstamped.jpeg,3.75,card_context_candidate,stamp_or_philatelic:postage; stamp_or_philatelic:stamp; stamp_or_philatelic:stamps; commons_file_source,card-heavy cluster has no stable normal-main anchor
Azerbaijan|Modern typography and layout|Wikimedia Commons|1995-1999,card_heavy_support_pool,keep_as_card_or_appendix_support_until_stronger_anchor_exists,medium,false,5,medium,card_context_cluster,medium,Azerbaijan,Modern typography and layout,Wikimedia Commons,1995-1999,1995-1998,8,8,0,0,8,0,SURF-CCE2026R00858,Stamp of Azerbaijan - 1995 - Colnect 288055 - Mata Mata Chelus fimbriatus.jpeg,8.45,card_context_candidate,stamp_or_philatelic:stamp; stamp_or_philatelic:stamps; commons_file_source,card-heavy cluster has no stable normal-main anchor
Bolivia|Modern typography and layout|Wikimedia Commons|1870-1874,card_heavy_support_pool,keep_as_card_or_appendix_support_until_stronger_anchor_exists,medium,false,5,medium,card_context_cluster,medium,Bolivia,Modern typography and layout,Wikimedia Commons,1870-1874,1870-1872,8,8,0,0,8,0,SURF-CCT2026R01910,Stamp of Bolivia - 1870 - Colnect 612351 - Symbols of justice.jpeg,1.85,card_context_candidate,stamp_or_philatelic:postage; stamp_or_philatelic:stamp; stamp_or_philatelic:stamps; commons_file_source,card-heavy cluster has no stable normal-main anchor
Bolivia|World War and public-information graphics|Wikimedia Commons|1940-1944,card_heavy_support_pool,keep_as_card_or_appendix_support_until_stronger_anchor_exists,medium,false,5,medium,card_context_cluster,medium,Bolivia,World War and public-information graphics,Wikimedia Commons,1940-1944,1944-1944,8,8,0,0,8,0,SURF-CCT2026R02132,Stamp of Bolivia - 1944 - Colnect 228283 - United for the Country.jpeg,1.85,card_context_candidate,stamp_or_philatelic:postage; stamp_or_philatelic:stamp; stamp_or_philatelic:stamps; commons_file_source,card-heavy cluster has no stable normal-main anchor
Colombia|Modern typography and layout|Wikimedia Commons|1950-1954,card_heavy_support_pool,keep_as_card_or_appendix_support_until_stronger_anchor_exists,medium,false,5,medium,card_context_cluster,medium,Colombia,Modern typography and layout,Wikimedia Commons,1950-1954,1951-1952,8,8,0,0,8,0,SURF-CGS2026R0856,Stamp of Kelantan - 1952 - Colnect 709633 - Sultan Tengku Ibrahim.jpeg,11.05,card_context_candidate,stamp_or_philatelic:stamp; stamp_or_philatelic:stamps; commons_file_source,card-heavy cluster has no stable normal-main anchor
Iraq|Modern typography and layout|Wikimedia Commons|2000-2004,card_heavy_support_pool,keep_as_card_or_appendix_support_until_stronger_anchor_exists,medium,false,5,medium,card_context_cluster,medium,Iraq,Modern typography and layout,Wikimedia Commons,2000-2004,2004-2004,8,8,0,0,8,0,SURF-CRB2026V2R0525,Stamp of Indonesia - 2004 - Colnect 384877 - Flora - Calotropis gigantea.jpeg,4.85,card_context_candidate,stamp_or_philatelic:postage; stamp_or_philatelic:stamp; stamp_or_philatelic:stamps; commons_file_source,card-heavy cluster has no stable normal-main anchor
Italy|Modern typography and layout|Wikimedia Commons|1920-1924,card_heavy_support_pool,keep_as_card_or_appendix_support_until_stronger_anchor_exists,medium,false,5,medium,card_context_cluster,medium,Italy,Modern typography and layout,Wikimedia Commons,1920-1924,1920-1924,8,8,0,0,8,0,SURF-CRG2026R0415,ITA 1923 FiscStHotelTax pm B002.jpg,14.15,card_context_candidate,stamp_or_philatelic:stamp; commons_file_source,card-heavy cluster has no stable normal-main anchor
Kenya|Modern typography and layout|Wikimedia Commons|1965-1969,card_heavy_support_pool,keep_as_card_or_appendix_support_until_stronger_anchor_exists,medium,false,5,medium,card_context_cluster,medium,Kenya,Modern typography and layout,Wikimedia Commons,1965-1969,1966-1966,8,8,0,0,8,0,SURF-CCT2026R00420,Stamp-kenya1966-sable-antelope.jpeg,-10.45,card_context_candidate,stamp_or_philatelic:postage; stamp_or_philatelic:stamp; stamp_or_philatelic:stamps; commons_file_source,card-heavy cluster has no stable normal-main anchor
Moldova|Modern typography and layout|Wikimedia Commons|1990-1994,card_heavy_support_pool,keep_as_card_or_appendix_support_until_stronger_anchor_exists,medium,false,5,medium,card_context_cluster,medium,Moldova,Modern typography and layout,Wikimedia Commons,1990-1994,1991-1992,8,8,0,0,8,0,SURF-CAW2026R03259,Stamp of Moldova md26sh.jpg,9.25,card_context_candidate,stamp_or_philatelic:postage; stamp_or_philatelic:stamp; commons_file_source,card-heavy cluster has no stable normal-main anchor
Morocco|Modern typography and layout|Wikimedia Commons|1950-1954,card_heavy_support_pool,keep_as_card_or_appendix_support_until_stronger_anchor_exists,medium,false,5,medium,card_context_cluster,medium,Morocco,Modern typography and layout,Wikimedia Commons,1950-1954,1950-1954,8,8,0,0,8,0,SURF-CCT2026R00509,Stamp MA 1954 15 Fr Marines.jpg,-20.15,card_context_candidate,stamp_or_philatelic:postage; stamp_or_philatelic:stamp; stamp_or_philatelic:stamps; commons_file_source,card-heavy cluster has no stable normal-main anchor
Russia|World War and public-information graphics|Wikimedia Commons|1915-1919,card_heavy_support_pool,keep_as_card_or_appendix_support_until_stronger_anchor_exists,medium,false,5,medium,card_context_cluster,medium,Russia,World War and public-information graphics,Wikimedia Commons,1915-1919,1918-1918,8,8,0,0,8,0,SURF-CAW2026R01313,RUS-WA 1919 MiNr007B mt B002.jpg,4.25,card_context_candidate,stamp_or_philatelic:postage; stamp_or_philatelic:stamp; stamp_or_philatelic:stamps; commons_file_source,card-heavy cluster has no stable normal-main anchor
France|Midcentury modern graphic communication|Gallica / BnF APIs|1945-1949,manual_anchor_candidate_review,review_top_candidates_for_normal_main_anchor,medium,true,5,medium,mixed_manual_relation_review,low,France,Midcentury modern graphic communication,Gallica / BnF APIs,1945-1949,1945-1945,5,5,0,5,0,0,SURF-GA1970R104,La leçon de flûte / Lancret ; [photogr. des] Arts Graphiques de la Cité,55.5,packet_member_review,,sub candidates exist but anchor role is unset
Aotearoa New Zealand|Postwar exhibition and cultural posters|Te Papa|1980-1984,manual_anchor_candidate_review,review_top_candidates_for_normal_main_anchor,medium,true,4,medium,mixed_manual_relation_review,low,Aotearoa New Zealand,Postwar exhibition and cultural posters,Te Papa,1980-1984,1980-1983,4,4,0,4,0,0,SURF-LPC2026R003,"Poster, 'The 50 Guilty People'",79.45,packet_member_review,,sub candidates exist but anchor role is unset
Australia / Indigenous|Postwar exhibition and cultural posters|NAIDOC Poster Gallery|1990-1994,manual_anchor_candidate_review,review_top_candidates_for_normal_main_anchor,medium,true,4,medium,mixed_manual_relation_review,low,Australia / Indigenous,Postwar exhibition and cultural posters,NAIDOC Poster Gallery,1990-1994,1990-1994,4,4,0,4,0,0,SURF-GAPIT2026R051,NAIDOC 1993 Poster,64.85,packet_member_review,,sub candidates exist but anchor role is unset
Colombia|Modern typography and layout|Wikimedia Commons|1965-1969,manual_anchor_candidate_review,review_top_candidates_for_normal_main_anchor,medium,true,4,medium,mixed_manual_relation_review,low,Colombia,Modern typography and layout,Wikimedia Commons,1965-1969,1965-1969,4,4,0,3,1,0,SURF-CCE2026R00689,Espeletia curialensis Cuatrec. (US00132107).png,66.45,packet_member_review,non_design_drift:specimen; source_register:register; commons_file_source,sub candidates exist but anchor role is unset
France|Midcentury modern graphic communication|Gallica / BnF APIs|1895-1899,manual_anchor_candidate_review,review_top_candidates_for_normal_main_anchor,medium,true,4,medium,mixed_manual_relation_review,low,France,Midcentury modern graphic communication,Gallica / BnF APIs,1895-1899,1896-1898,4,4,0,4,0,0,SURF-GAX1970R085,"Lise Fleuron. Athénée. Cocher, rue Boudreau ! Rôle de la Réclame. Décembre 1897 : [photographie]",64.75,packet_member_review,,sub candidates exist but anchor role is unset
United Kingdom|Travel and transport poster culture|Design Reviewed|2025-2029,manual_anchor_candidate_review,review_top_candidates_for_normal_main_anchor,medium,true,4,medium,mixed_manual_relation_review,low,United Kingdom,Travel and transport poster culture,Design Reviewed,2025-2029,2026-2026,4,4,0,4,0,0,SURF-EW1970R022,"60 Examples of Czech Typography from 1911, Typografia",78.85,packet_member_review,,sub candidates exist but anchor role is unset
Aotearoa New Zealand|Midcentury modern graphic communication|DigitalNZ|1990-1994,manual_anchor_candidate_review,review_top_candidates_for_normal_main_anchor,medium,true,3,medium,mixed_manual_relation_review,low,Aotearoa New Zealand,Midcentury modern graphic communication,DigitalNZ,1990-1994,1991-1994,3,3,0,3,0,0,SURF-DNZPOSTR056,"Papakura Valley poster, ca 1994",69.0,packet_member_review,,sub candidates exist but anchor role is unset
Georgia|Midcentury modern graphic communication|Georgia State CONTENTdm|1970-1974,manual_anchor_candidate_review,review_top_candidates_for_normal_main_anchor,medium,true,3,medium,mixed_manual_relation_review,low,Georgia,Midcentury modern graphic communication,Georgia State CONTENTdm,1970-1974,1971-1974,3,3,0,3,0,0,SURF-GSU2026R007,"News articles (New York Times, New Yorker), 1967-1971",63.8,packet_member_review,,sub candidates exist but anchor role is unset
United States|Travel and transport poster culture|Georgia State CONTENTdm|1970-1974,manual_anchor_candidate_review,review_top_candidates_for_normal_main_anchor,medium,true,3,medium,mixed_manual_relation_review,low,United States,Travel and transport poster culture,Georgia State CONTENTdm,1970-1974,1970-1972,3,3,0,3,0,0,SURF-GSU2026R010,"Executive Board Memoranda, 1971-1972",60.2,packet_member_review,source_register:finding aid,sub candidates exist but anchor role is unset
United States|Travel and transport poster culture|Georgia State CONTENTdm|1975-1979,manual_anchor_candidate_review,review_top_candidates_for_normal_main_anchor,medium,true,3,medium,mixed_manual_relation_review,low,United States,Travel and transport poster culture,Georgia State CONTENTdm,1975-1979,1976-1979,3,3,0,3,0,0,SURF-GSU2026R025,"Otto Kleiman and Anne Cox Chambers presenting Georgia Governor Busbee with a Bio-Energy '80, World Congress poster, Atlanta, Georgia, November 27, 1979.",72.5,packet_member_review,,sub candidates exist but anchor role is unset
United States|Travel and transport poster culture|Georgia State CONTENTdm|1980-1984,manual_anchor_candidate_review,review_top_candidates_for_normal_main_anchor,medium,true,3,medium,mixed_manual_relation_review,low,United States,Travel and transport poster culture,Georgia State CONTENTdm,1980-1984,1980-1981,3,3,0,3,0,0,SURF-GSU2026R028,"The Georgia State University Signal, 1981-04-28",62.0,packet_member_review,,sub candidates exist but anchor role is unset
China / Hong Kong|Modern typography and layout|Wikimedia Commons|1910-1914,parentage_before_anchor,strengthen_parent_member_evidence_before_anchor_selection,medium,false,5,medium,packet_parentage_review,medium,China / Hong Kong,Modern typography and layout,Wikimedia Commons,1910-1914,1910-1912,10,10,0,2,5,0,SURF-CAW2026R01135,"The Temple Daily Telegram (Temple, Tex.), Vol. 5, No. 54, Ed. 1 Sunday, January 21, 1912 - DPLA - db9b80f4dc9dc28f05084a45d154a34d (page 8).jpg",99.95,manual_relation_review,commons_file_source,parentage lane lacks enough anchor confidence
Bosnia and Herzegovina|Modern typography and layout|Wikimedia Commons|1930-1934,parentage_before_anchor,strengthen_parent_member_evidence_before_anchor_selection,medium,false,5,medium,packet_parentage_review,medium,Bosnia and Herzegovina,Modern typography and layout,Wikimedia Commons,1930-1934,1930-1933,9,9,0,2,6,0,SURF-CAW2026R01648,Vero Lemonade - Poster by Pavao Gavranić.jpg,95.55,manual_relation_review,commons_file_source,parentage lane lacks enough anchor confidence
Iraq|Modern typography and layout|Wikimedia Commons|1970-1974,parentage_before_anchor,strengthen_parent_member_evidence_before_anchor_selection,medium,false,5,medium,packet_parentage_review,medium,Iraq,Modern typography and layout,Wikimedia Commons,1970-1974,1970-1974,9,9,0,2,7,0,SURF-CAW2026R02803,Lauranyro1970ad.jpg,65.05,packet_member_review,commons_file_source,parentage lane lacks enough anchor confidence
Romania|Modern typography and layout|Wikimedia Commons|2005-2009,parentage_before_anchor,strengthen_parent_member_evidence_before_anchor_selection,medium,false,5,medium,packet_parentage_review,medium,Romania,Modern typography and layout,Wikimedia Commons,2005-2009,2006-2008,9,9,0,2,5,0,SURF-CCT2026R01640,ארבעה-חודשים-שלושה-שבועות-ויומיים-2-2.jpg,99.65,manual_relation_review,commons_file_source,parentage lane lacks enough anchor confidence
Algeria|Modern typography and layout|Wikimedia Commons|1915-1919,parentage_before_anchor,strengthen_parent_member_evidence_before_anchor_selection,medium,false,5,medium,packet_parentage_review,medium,Algeria,Modern typography and layout,Wikimedia Commons,1915-1919,1916-1918,8,8,0,2,6,0,SURF-CAW2026R01318,Compagnie Algerienne - DPLA - fe5303a6e7c43274fc04df7668fc1564.jpg,80.95,sub_under_packet_candidate,commons_file_source,parentage lane lacks enough anchor confidence
Democratic Republic of the Congo|Modern typography and layout|Wikimedia Commons|1960-1964,parentage_before_anchor,strengthen_parent_member_evidence_before_anchor_selection,medium,false,5,medium,packet_parentage_review,medium,Democratic Republic of the Congo,Modern typography and layout,Wikimedia Commons,1960-1964,1960-1964,8,8,0,2,6,0,SURF-CAW2026R02566,Albert Kalonji campaign poster.jpg,70.25,packet_member_review,commons_file_source,parentage lane lacks enough anchor confidence
Aotearoa New Zealand|Modern typography and layout|Wikimedia Commons|1925-1929,parentage_before_anchor,strengthen_parent_member_evidence_before_anchor_selection,medium,false,5,medium,packet_parentage_review,medium,Aotearoa New Zealand,Modern typography and layout,Wikimedia Commons,1925-1929,1926-1927,7,7,0,2,5,0,SURF-CCE2026R00285,Chevrolet Lower Taranaki Street Wellington.jpg,75.1,packet_member_review,commons_file_source,parentage lane lacks enough anchor confidence
Aotearoa New Zealand|Midcentury modern graphic communication|DigitalNZ|2010-2014,parentage_before_anchor,strengthen_parent_member_evidence_before_anchor_selection,medium,false,2,small,packet_parentage_review,medium,Aotearoa New Zealand,Midcentury modern graphic communication,DigitalNZ,2010-2014,2010-2012,3,2,0,2,0,0,SURF-DNZPOSTR017-GROUP,"Poster grouped records, 1970-2010",58.45,sub_under_packet_candidate,,parentage lane lacks enough anchor confidence
Argentina|World War and public-information graphics|Wikimedia Commons|1910-1914,weak_graphic_anchor_risk,do_not_promote_until_design_object_evidence_is_reviewed,medium,false,5,medium,card_context_cluster,medium,Argentina,World War and public-information graphics,Wikimedia Commons,1910-1914,1911-1911,7,7,0,0,7,0,SURF-CGS2026R0096,Stamp of India - 1911 - Colnect 382082 - 1 - King Edward VII - Overprint - CEF.jpeg,-3.6,card_context_candidate,stamp_or_philatelic:stamp; stamp_or_philatelic:stamps; commons_file_source,top candidate carries weak graphic/object risk flags
Bolivia|World War and public-information graphics|Wikimedia Commons|1910-1914,weak_graphic_anchor_risk,do_not_promote_until_design_object_evidence_is_reviewed,medium,false,5,medium,card_context_cluster,medium,Bolivia,World War and public-information graphics,Wikimedia Commons,1910-1914,1910-1911,7,7,0,0,7,0,SURF-CCT2026R01937,Stamp of Bolivia - 1910 - Colnect 226944 - Esteban Arze.jpeg,6.5,card_context_candidate,stamp_or_philatelic:postage; stamp_or_philatelic:stamp; stamp_or_philatelic:stamps; commons_file_source,top candidate carries weak graphic/object risk flags
China / Hong Kong|Modern typography and layout|Wikimedia Commons|1995-1999,weak_graphic_anchor_risk,do_not_promote_until_design_object_evidence_is_reviewed,medium,false,5,medium,card_context_cluster,medium,China / Hong Kong,Modern typography and layout,Wikimedia Commons,1995-1999,1996-1999,7,7,0,0,7,0,SURF-CAW2026R03353,Stamp of Indonesia - 1997 - Colnect 254148 - Hong Kong - 97 International Stamp Exhibition.jpeg,5.3,card_context_candidate,stamp_or_philatelic:postage; stamp_or_philatelic:stamp; stamp_or_philatelic:stamps; commons_file_source,top candidate carries weak graphic/object risk flags
Georgia|Modern typography and layout|Wikimedia Commons|2000-2004,weak_graphic_anchor_risk,do_not_promote_until_design_object_evidence_is_reviewed,medium,false,5,medium,card_context_cluster,medium,Georgia,Modern typography and layout,Wikimedia Commons,2000-2004,2000-2004,7,7,0,0,7,0,SURF-CRB2026V2R0289,Stamp of Georgia - 2003 - Colnect 292904 - Poster Art.jpeg,9.9,card_context_candidate,stamp_or_philatelic:stamp; stamp_or_philatelic:stamps; commons_file_source,top candidate carries weak graphic/object risk flags
India|Modern typography and layout|Wikimedia Commons|1995-1999,weak_graphic_anchor_risk,do_not_promote_until_design_object_evidence_is_reviewed,medium,false,5,medium,card_context_cluster,medium,India,Modern typography and layout,Wikimedia Commons,1995-1999,1995-1998,7,7,0,0,7,0,SURF-CCT2026R03783,Stamp of Abkhazia - 1998 - Colnect 1000860 - Chess in India.jpeg,1.8,card_context_candidate,stamp_or_philatelic:postage; stamp_or_philatelic:stamp; stamp_or_philatelic:stamps; commons_file_source,top candidate carries weak graphic/object risk flags
Italy|Modern typography and layout|Wikimedia Commons|1905-1909,weak_graphic_anchor_risk,do_not_promote_until_design_object_evidence_is_reviewed,medium,false,5,medium,card_context_cluster,medium,Italy,Modern typography and layout,Wikimedia Commons,1905-1909,1906-1908,7,7,0,0,7,0,SURF-CRG2026R0213,ITA 1906-MiNr0089 pm B002.jpg,12.8,card_context_candidate,stamp_or_philatelic:postage; stamp_or_philatelic:stamp; commons_file_source,top candidate carries weak graphic/object risk flags
Lithuania|Modern typography and layout|Wikimedia Commons|1915-1919,weak_graphic_anchor_risk,do_not_promote_until_design_object_evidence_is_reviewed,medium,false,5,medium,card_context_cluster,medium,Lithuania,Modern typography and layout,Wikimedia Commons,1915-1919,1918-1919,7,7,0,0,7,0,SURF-CAW2026R01365,Lithuania 1919 MiNr 0055.jpg,-3.2,card_context_candidate,stamp_or_philatelic:postage; stamp_or_philatelic:stamp; commons_file_source,top candidate carries weak graphic/object risk flags
Papua New Guinea|Modern typography and layout|Wikimedia Commons|1940-1944,weak_graphic_anchor_risk,do_not_promote_until_design_object_evidence_is_reviewed,medium,false,5,medium,card_context_cluster,medium,Papua New Guinea,Modern typography and layout,Wikimedia Commons,1940-1944,1943-1944,7,7,0,0,7,0,SURF-CAW2026R02170,Stamp of Aegean Islands - 1944 - Colnect 413754 - Pro sinistrati di guerra.jpeg,5.0,card_context_candidate,stamp_or_philatelic:postage; stamp_or_philatelic:stamp; stamp_or_philatelic:stamps; commons_file_source,top candidate carries weak graphic/object risk flags
Peru|Modern typography and layout|Wikimedia Commons|1880-1884,weak_graphic_anchor_risk,do_not_promote_until_design_object_evidence_is_reviewed,medium,false,5,medium,card_context_cluster,medium,Peru,Modern typography and layout,Wikimedia Commons,1880-1884,1880-1884,7,7,0,0,7,0,SURF-CCE2026R00060,Stamp of Peru - 1894 - Colnect 417601 - 1 - Pres Remigio Morales Bermúdez.jpeg,12.8,card_context_candidate,stamp_or_philatelic:stamp; stamp_or_philatelic:stamps; commons_file_source,top candidate carries weak graphic/object risk flags
Romania|Modern typography and layout|Wikimedia Commons|1955-1959,weak_graphic_anchor_risk,do_not_promote_until_design_object_evidence_is_reviewed,medium,false,5,medium,card_context_cluster,medium,Romania,Modern typography and layout,Wikimedia Commons,1955-1959,1956-1958,7,7,0,0,7,0,SURF-CAW2026R02481,Recensamant 1956.JPG,3.2,card_context_candidate,stamp_or_philatelic:postage; stamp_or_philatelic:stamp; stamp_or_philatelic:stamps; commons_file_source,top candidate carries weak graphic/object risk flags
Slovenia|Modern typography and layout|Wikimedia Commons|1920-1924,weak_graphic_anchor_risk,do_not_promote_until_design_object_evidence_is_reviewed,medium,false,5,medium,card_context_cluster,medium,Slovenia,Modern typography and layout,Wikimedia Commons,1920-1924,1920-1920,7,7,0,0,7,0,SURF-CAW2026R01435,KingdomSHSkingpeter20k1920.jpg,-8.3,card_context_candidate,stamp_or_philatelic:postage; stamp_or_philatelic:stamp; commons_file_source,top candidate carries weak graphic/object risk flags
Algeria|Modern typography and layout|Wikimedia Commons|1910-1914,weak_graphic_anchor_risk,do_not_promote_until_design_object_evidence_is_reviewed,medium,false,5,medium,card_context_cluster,medium,Algeria,Modern typography and layout,Wikimedia Commons,1910-1914,1910-1912,6,6,0,0,6,0,SURF-CCT2026R00012,Stamp of Algeria - 1912 - Colnect 757144 - 2 - Valeur Declaree Type III - Yellowish Paper - back.jpeg,2.15,card_context_candidate,stamp_or_philatelic:postage; stamp_or_philatelic:stamp; stamp_or_philatelic:stamps; commons_file_source,top candidate carries weak graphic/object risk flags
Algeria|Modern typography and layout|Wikimedia Commons|1920-1924,weak_graphic_anchor_risk,do_not_promote_until_design_object_evidence_is_reviewed,medium,false,5,medium,card_context_cluster,medium,Algeria,Modern typography and layout,Wikimedia Commons,1920-1924,1920-1924,6,6,0,0,6,0,SURF-CCT2026R00021,Stamp of Algeria - 1920 - Colnect 757147 - 1 - Apport A La Gare - Bluish Paper.jpeg,2.15,card_context_candidate,stamp_or_philatelic:postage; stamp_or_philatelic:stamp; stamp_or_philatelic:stamps; commons_file_source,top candidate carries weak graphic/object risk flags
Algeria|Modern typography and layout|Wikimedia Commons|1925-1929,weak_graphic_anchor_risk,do_not_promote_until_design_object_evidence_is_reviewed,medium,false,5,medium,card_context_cluster,medium,Algeria,Modern typography and layout,Wikimedia Commons,1925-1929,1925-1927,6,6,0,0,6,0,SURF-CCT2026R00030,Stamp of Algeria - 1927 - Colnect 192524 - Mosque of Sidi Abd er Rahman.jpeg,2.15,card_context_candidate,stamp_or_philatelic:postage; stamp_or_philatelic:stamp; stamp_or_philatelic:stamps; commons_file_source,top candidate carries weak graphic/object risk flags
Angola|Modern typography and layout|Wikimedia Commons|1870-1874,weak_graphic_anchor_risk,do_not_promote_until_design_object_evidence_is_reviewed,medium,false,5,medium,card_context_cluster,medium,Angola,Modern typography and layout,Wikimedia Commons,1870-1874,1870-1870,6,6,0,0,6,0,SURF-CCT2026R00292,Stamp of Angola - 1870 - Colnect 172299 - Crown.jpeg,3.65,card_context_candidate,stamp_or_philatelic:postage; stamp_or_philatelic:stamp; stamp_or_philatelic:stamps; commons_file_source,top candidate carries weak graphic/object risk flags
Bolivia|World War and public-information graphics|Wikimedia Commons|1830-1834,weak_graphic_anchor_risk,do_not_promote_until_design_object_evidence_is_reviewed,medium,false,5,medium,card_context_cluster,medium,Bolivia,World War and public-information graphics,Wikimedia Commons,1830-1834,1831-1831,6,6,0,0,6,0,SURF-CCT2026R01864,Stamp of Bolivia - 1911 - Colnect 226948 - Eliodoro Camacho.jpeg,2.15,card_context_candidate,stamp_or_philatelic:postage; stamp_or_philatelic:stamp; stamp_or_philatelic:stamps; commons_file_source,top candidate carries weak graphic/object risk flags
Brazil|Modern typography and layout|Wikimedia Commons|1965-1969,weak_graphic_anchor_risk,do_not_promote_until_design_object_evidence_is_reviewed,medium,false,5,medium,card_context_cluster,medium,Brazil,Modern typography and layout,Wikimedia Commons,1965-1969,1965-1969,6,6,0,0,6,0,SURF-CGS2026R0475,Stamp of Brazil - 1966 - Colnect 213978 - Congregation of the Sisters Dorothean in Brazil.jpeg,4.95,card_context_candidate,stamp_or_philatelic:stamp; stamp_or_philatelic:stamps; commons_file_source,top candidate carries weak graphic/object risk flags
India|Modern typography and layout|Wikimedia Commons|1865-1869,weak_graphic_anchor_risk,do_not_promote_until_design_object_evidence_is_reviewed,medium,false,5,medium,card_context_cluster,medium,India,Modern typography and layout,Wikimedia Commons,1865-1869,1865-1869,6,6,0,0,6,0,SURF-CRG2026R0032,"East India postage Queen Victoria stamp used in Zanzibar- Two annas orange, 1865.jpg",-0.45,card_context_candidate,stamp_or_philatelic:postage; stamp_or_philatelic:stamp; commons_file_source,top candidate carries weak graphic/object risk flags
Italy|Modern typography and layout|Wikimedia Commons|1890-1894,weak_graphic_anchor_risk,do_not_promote_until_design_object_evidence_is_reviewed,medium,false,5,medium,card_context_cluster,medium,Italy,Modern typography and layout,Wikimedia Commons,1890-1894,1890-1894,6,6,0,0,6,0,SURF-CRG2026R0128,ITA 1893 MiNrP019 pm B002.jpg,5.15,card_context_candidate,stamp_or_philatelic:postage; stamp_or_philatelic:stamp; commons_file_source,top candidate carries weak graphic/object risk flags
Latvia|Modern typography and layout|Wikimedia Commons|1990-1994,weak_graphic_anchor_risk,do_not_promote_until_design_object_evidence_is_reviewed,medium,false,5,medium,card_context_cluster,medium,Latvia,Modern typography and layout,Wikimedia Commons,1990-1994,1990-1994,6,6,0,0,6,0,SURF-CAW2026R03222,StampofLatvia3rub.jpg,1.55,card_context_candidate,stamp_or_philatelic:postage; stamp_or_philatelic:stamp; stamp_or_philatelic:stamps; commons_file_source,top candidate carries weak graphic/object risk flags
Moldova|Modern typography and layout|Wikimedia Commons|1985-1989,weak_graphic_anchor_risk,do_not_promote_until_design_object_evidence_is_reviewed,medium,false,5,medium,card_context_cluster,medium,Moldova,Modern typography and layout,Wikimedia Commons,1985-1989,1989-1989,6,6,0,0,6,0,SURF-CAW2026R03168,Stamp of Moldova - 2013 - Colnect 349219 - Dedicaţie 1989 by Vasile Naşcu National Museum of Art of M.jpeg,8.15,card_context_candidate,stamp_or_philatelic:postage; stamp_or_philatelic:stamp; stamp_or_philatelic:stamps; commons_file_source,top candidate carries weak graphic/object risk flags
Philippines|Modern typography and layout|Wikimedia Commons|1970-1974,weak_graphic_anchor_risk,do_not_promote_until_design_object_evidence_is_reviewed,medium,false,5,medium,card_context_cluster,medium,Philippines,Modern typography and layout,Wikimedia Commons,1970-1974,1972-1974,6,6,0,0,6,0,SURF-CCT2026R04334,Marcela Agoncillo 1973 stamp of the Philippines.jpg,0.05,card_context_candidate,stamp_or_philatelic:postage; stamp_or_philatelic:stamp; stamp_or_philatelic:stamps; commons_file_source,top candidate carries weak graphic/object risk flags
South Africa|Modern typography and layout|Wikimedia Commons|1935-1939,weak_graphic_anchor_risk,do_not_promote_until_design_object_evidence_is_reviewed,medium,false,5,medium,card_context_cluster,medium,South Africa,Modern typography and layout,Wikimedia Commons,1935-1939,1935-1939,6,6,0,0,6,0,SURF-CAW2026R01761,ZA 1935 MiNr075A pmKaapstad B002.jpg,3.05,card_context_candidate,stamp_or_philatelic:postage; stamp_or_philatelic:stamp; stamp_or_philatelic:stamps; commons_file_source,top candidate carries weak graphic/object risk flags
Uzbekistan|Modern typography and layout|Wikimedia Commons|1985-1989,weak_graphic_anchor_risk,do_not_promote_until_design_object_evidence_is_reviewed,medium,false,5,medium,card_context_cluster,medium,Uzbekistan,Modern typography and layout,Wikimedia Commons,1985-1989,1988-1989,6,6,0,0,6,0,SURF-CAW2026R03099,"The Soviet Union 1988 CPA 5990 stamp with label (Alpamysh, Uzbek epic poem. R. Khalilov) cancelled.jpg",6.35,card_context_candidate,stamp_or_philatelic:postage; stamp_or_philatelic:stamp; commons_file_source,top candidate carries weak graphic/object risk flags
Uzbekistan|Modern typography and layout|Wikimedia Commons|2000-2004,weak_graphic_anchor_risk,do_not_promote_until_design_object_evidence_is_reviewed,medium,false,5,medium,card_context_cluster,medium,Uzbekistan,Modern typography and layout,Wikimedia Commons,2000-2004,2000-2003,6,6,0,0,6,0,SURF-CRB2026V2R0149,"Stamps of Uzbekistan, 2003-46.jpg",-7.95,card_context_candidate,stamp_or_philatelic:postage; stamp_or_philatelic:stamp; stamp_or_philatelic:stamps; commons_file_source,top candidate carries weak graphic/object risk flags
Yemen|Modern typography and layout|Wikimedia Commons|1965-1969,weak_graphic_anchor_risk,do_not_promote_until_design_object_evidence_is_reviewed,medium,false,5,medium,card_context_cluster,medium,Yemen,Modern typography and layout,Wikimedia Commons,1965-1969,1967-1967,6,6,0,0,6,0,SURF-CAW2026R02730,South Yemeni postage stamp in honor of the October 14 Revolution (Aden Emergency) depicting independence fighter.jpg,-6.55,card_context_candidate,stamp_or_philatelic:postage; stamp_or_philatelic:stamp; commons_file_source,top candidate carries weak graphic/object risk flags
Algeria|Modern typography and layout|Wikimedia Commons|1895-1899,weak_graphic_anchor_risk,do_not_promote_until_design_object_evidence_is_reviewed,medium,false,5,small,card_context_cluster,medium,Algeria,Modern typography and layout,Wikimedia Commons,1895-1899,1899-1899,5,5,0,0,5,0,SURF-CCT2026R00003,Stamp of Algeria - 1899 - Colnect 757146 - Apport A La Gare - Bluish Paper.jpeg,1.4,card_context_candidate,stamp_or_philatelic:postage; stamp_or_philatelic:stamp; stamp_or_philatelic:stamps; commons_file_source,top candidate carries weak graphic/object risk flags
Angola|Modern typography and layout|Wikimedia Commons|1890-1894,weak_graphic_anchor_risk,do_not_promote_until_design_object_evidence_is_reviewed,medium,false,5,small,card_context_cluster,medium,Angola,Modern typography and layout,Wikimedia Commons,1890-1894,1893-1894,5,5,0,0,5,0,SURF-CCT2026R00309,Stamp of Angola - 1894 - Colnect 329279 - Numeral - Surcharge.jpeg,0.9,card_context_candidate,stamp_or_philatelic:postage; stamp_or_philatelic:stamp; stamp_or_philatelic:stamps; commons_file_source,top candidate carries weak graphic/object risk flags
Argentina|World War and public-information graphics|Wikimedia Commons|1900-1904,weak_graphic_anchor_risk,do_not_promote_until_design_object_evidence_is_reviewed,medium,false,5,small,card_context_cluster,medium,Argentina,World War and public-information graphics,Wikimedia Commons,1900-1904,1902-1903,5,5,0,0,5,0,SURF-CGS2026R0080,Stamp of India - 1903 - Colnect 380631 - 1 - King Edward VII - Overprint - On HMS.jpeg,-5.9,card_context_candidate,stamp_or_philatelic:stamp; stamp_or_philatelic:stamps; commons_file_source,top candidate carries weak graphic/object risk flags
Bolivia|Modern typography and layout|Wikimedia Commons|1840-1844,weak_graphic_anchor_risk,do_not_promote_until_design_object_evidence_is_reviewed,medium,false,5,small,card_context_cluster,medium,Bolivia,Modern typography and layout,Wikimedia Commons,1840-1844,1842-1842,5,5,0,0,5,0,SURF-CCT2026R01886,Stamp of Bolivia - 1943 - Colnect 163662 - Gen Ballivian and Trinidad Cathedral.jpeg,-1.3,card_context_candidate,stamp_or_philatelic:postage; stamp_or_philatelic:stamp; stamp_or_philatelic:stamps; commons_file_source,top candidate carries weak graphic/object risk flags
Bolivia|Travel and transport poster culture|Wikimedia Commons|1840-1844,weak_graphic_anchor_risk,do_not_promote_until_design_object_evidence_is_reviewed,medium,false,5,small,card_context_cluster,medium,Bolivia,Travel and transport poster culture,Wikimedia Commons,1840-1844,1842-1842,5,5,0,0,5,0,SURF-CCT2026R01892,Stamp of Bolivia - 1943 - Colnect 228309 - General Jose Ballivian - old and modern transportation.jpeg,0.3,card_context_candidate,stamp_or_philatelic:postage; stamp_or_philatelic:stamp; stamp_or_philatelic:stamps; commons_file_source,top candidate carries weak graphic/object risk flags
Germany|Modern typography and layout|Wikimedia Commons|1965-1969,weak_graphic_anchor_risk,do_not_promote_until_design_object_evidence_is_reviewed,medium,false,5,small,card_context_cluster,medium,Germany,Modern typography and layout,Wikimedia Commons,1965-1969,1968-1969,5,5,0,0,5,0,SURF-CRG2026R1849,"Stamps of Germany (BRD), Olympiade 1972, Ausgabe 1969, 10 Pf, Sonderstempel.jpg",5.0,card_context_candidate,stamp_or_philatelic:stamp; stamp_or_philatelic:stamps; commons_file_source,top candidate carries weak graphic/object risk flags
India|Modern typography and layout|Wikimedia Commons|1890-1894,weak_graphic_anchor_risk,do_not_promote_until_design_object_evidence_is_reviewed,medium,false,5,small,card_context_cluster,medium,India,Modern typography and layout,Wikimedia Commons,1890-1894,1890-1892,5,5,0,0,5,0,SURF-CCT2026R03623,Stamp British East Africa 1895 1a6p.jpg,-1.0,card_context_candidate,stamp_or_philatelic:postage; stamp_or_philatelic:stamp; stamp_or_philatelic:stamps; commons_file_source,top candidate carries weak graphic/object risk flags
Kyrgyzstan|Modern typography and layout|Wikimedia Commons|1990-1994,weak_graphic_anchor_risk,do_not_promote_until_design_object_evidence_is_reviewed,medium,false,5,small,card_context_cluster,medium,Kyrgyzstan,Modern typography and layout,Wikimedia Commons,1990-1994,1990-1994,5,5,0,0,5,0,SURF-CAW2026R03280,Stamp of Kyrgyzstan 043.jpg,1.9,card_context_candidate,stamp_or_philatelic:postage; stamp_or_philatelic:stamp; commons_file_source,top candidate carries weak graphic/object risk flags
Laos|Modern typography and layout|Wikimedia Commons|1970-1974,weak_graphic_anchor_risk,do_not_promote_until_design_object_evidence_is_reviewed,medium,false,5,small,card_context_cluster,medium,Laos,Modern typography and layout,Wikimedia Commons,1970-1974,1971-1971,5,5,0,0,5,0,SURF-CAW2026R02848,Stamp of Peru - 1971 - Colnect 352788 - Independence - Jose Baquijano y Carrillo.jpeg,-8.4,card_context_candidate,stamp_or_philatelic:postage; stamp_or_philatelic:stamp; stamp_or_philatelic:stamps; commons_file_source,top candidate carries weak graphic/object risk flags
Latin America|Corporate identity and design systems|Wikimedia Commons|1880-1884,weak_graphic_anchor_risk,do_not_promote_until_design_object_evidence_is_reviewed,medium,false,5,small,card_context_cluster,medium,Latin America,Corporate identity and design systems,Wikimedia Commons,1880-1884,1881-1881,5,5,0,0,5,0,SURF-CAW2026R00411,Stamp of Peru - 1881 - Colnect 416885 - 1 - Postage due stamps.jpeg,-2.5,card_context_candidate,stamp_or_philatelic:postage; stamp_or_philatelic:stamp; stamp_or_philatelic:stamps; commons_file_source,top candidate carries weak graphic/object risk flags
Peru|Modern typography and layout|Wikimedia Commons|1940-1944,weak_graphic_anchor_risk,do_not_promote_until_design_object_evidence_is_reviewed,medium,false,5,small,card_context_cluster,medium,Peru,Modern typography and layout,Wikimedia Commons,1940-1944,1943-1944,5,5,0,0,5,0,SURF-CCE2026R00517,Stamp of Peru - 1947 - Colnect 437847 - Urcos Moscapata Highway.jpeg,0.8,card_context_candidate,stamp_or_philatelic:stamp; stamp_or_philatelic:stamps; commons_file_source,top candidate carries weak graphic/object risk flags
Philippines|Modern typography and layout|Wikimedia Commons|1895-1899,weak_graphic_anchor_risk,do_not_promote_until_design_object_evidence_is_reviewed,medium,false,5,medium,card_context_cluster,medium,Philippines,Modern typography and layout,Wikimedia Commons,1895-1899,1898-1899,6,5,0,0,5,0,SURF-CCT2026R04302,PhilippineStamp-1898.jpg,-0.15,card_context_candidate,stamp_or_philatelic:postage; stamp_or_philatelic:stamp; stamp_or_philatelic:stamps; commons_file_source,top candidate carries weak graphic/object risk flags
Philippines|Modern typography and layout|Wikimedia Commons|1985-1989,weak_graphic_anchor_risk,do_not_promote_until_design_object_evidence_is_reviewed,medium,false,5,small,card_context_cluster,medium,Philippines,Modern typography and layout,Wikimedia Commons,1985-1989,1987-1989,5,5,0,0,5,0,SURF-CCT2026R04364,Benigno Aquino Jr 1987 stamp of the Philippines.jpg,-1.0,card_context_candidate,stamp_or_philatelic:postage; stamp_or_philatelic:stamp; stamp_or_philatelic:stamps; commons_file_source,top candidate carries weak graphic/object risk flags
Seychelles|Modern typography and layout|Wikimedia Commons|1900-1904,weak_graphic_anchor_risk,do_not_promote_until_design_object_evidence_is_reviewed,medium,false,5,small,card_context_cluster,medium,Seychelles,Modern typography and layout,Wikimedia Commons,1900-1904,1901-1902,5,5,0,0,5,0,SURF-CAW2026R00880,Stamp of Peru - 1901 - Colnect 419581 - Admiral Miguel L Grau.jpeg,-1.0,card_context_candidate,stamp_or_philatelic:postage; stamp_or_philatelic:stamp; stamp_or_philatelic:stamps; commons_file_source,top candidate carries weak graphic/object risk flags
South Africa|Modern typography and layout|Wikimedia Commons|1945-1949,weak_graphic_anchor_risk,do_not_promote_until_design_object_evidence_is_reviewed,medium,false,5,small,card_context_cluster,medium,South Africa,Modern typography and layout,Wikimedia Commons,1945-1949,1947-1949,5,5,0,0,5,0,SURF-CCT2026R00633,SWA sur AfSud filles royales 1947.jpg,2.0,card_context_candidate,stamp_or_philatelic:postage; stamp_or_philatelic:stamp; stamp_or_philatelic:stamps; commons_file_source,top candidate carries weak graphic/object risk flags
South Africa|Modern typography and layout|Wikimedia Commons|1950-1954,weak_graphic_anchor_risk,do_not_promote_until_design_object_evidence_is_reviewed,medium,false,5,small,card_context_cluster,medium,South Africa,Modern typography and layout,Wikimedia Commons,1950-1954,1952-1952,5,5,0,0,5,0,SURF-CCT2026R00640,South africa 1952 one pound.png,-18.5,card_context_candidate,stamp_or_philatelic:postage; stamp_or_philatelic:stamp; stamp_or_philatelic:stamps; commons_file_source,top candidate carries weak graphic/object risk flags
Armenia|Modern typography and layout|Wikimedia Commons|2000-2004,weak_graphic_anchor_risk,do_not_promote_until_design_object_evidence_is_reviewed,medium,false,4,small,card_context_cluster,medium,Armenia,Modern typography and layout,Wikimedia Commons,2000-2004,2002-2003,5,4,0,0,4,0,SURF-CAW2026R03479,Stamp of Armenia - 2003 - Colnect 199050 - Poster Art Armenia our home KKojoyan.jpeg,2.6,card_context_candidate,stamp_or_philatelic:postage; stamp_or_philatelic:stamp; stamp_or_philatelic:stamps; commons_file_source,top candidate carries weak graphic/object risk flags
Azerbaijan|Modern typography and layout|Wikimedia Commons|2000-2004,weak_graphic_anchor_risk,do_not_promote_until_design_object_evidence_is_reviewed,medium,false,4,small,card_context_cluster,medium,Azerbaijan,Modern typography and layout,Wikimedia Commons,2000-2004,2001-2003,4,4,0,0,4,0,SURF-CCT2026R01425,"Stamps of Azerbaijan, 2001-594.jpg",-1.75,card_context_candidate,stamp_or_philatelic:postage; stamp_or_philatelic:stamp; stamp_or_philatelic:stamps; commons_file_source,top candidate carries weak graphic/object risk flags
Bolivia|Modern typography and layout|Wikimedia Commons|1880-1884,weak_graphic_anchor_risk,do_not_promote_until_design_object_evidence_is_reviewed,medium,false,4,small,card_context_cluster,medium,Bolivia,Modern typography and layout,Wikimedia Commons,1880-1884,1880-1882,4,4,0,0,4,0,SURF-CCT2026R01915,Stamp of Bolivia - 1913 - Colnect 226958 - Narciso Campero.jpeg,-10.25,card_context_candidate,stamp_or_philatelic:postage; stamp_or_philatelic:stamp; stamp_or_philatelic:stamps; commons_file_source,top candidate carries weak graphic/object risk flags
Bolivia|Modern typography and layout|Wikimedia Commons|1960-1964,weak_graphic_anchor_risk,do_not_promote_until_design_object_evidence_is_reviewed,medium,false,4,small,card_context_cluster,medium,Bolivia,Modern typography and layout,Wikimedia Commons,1960-1964,1960-1960,4,4,0,0,4,0,SURF-CRG2026R1608,Stamp of Bolivia - 1966 - Colnect 740338 - Jaime Laredo - surcharged.jpeg,-11.85,card_context_candidate,stamp_or_philatelic:stamp; stamp_or_philatelic:stamps; commons_file_source,top candidate carries weak graphic/object risk flags
Brazil|Modern typography and layout|Wikimedia Commons|1960-1964,weak_graphic_anchor_risk,do_not_promote_until_design_object_evidence_is_reviewed,medium,false,4,small,card_context_cluster,medium,Brazil,Modern typography and layout,Wikimedia Commons,1960-1964,1960-1963,5,4,0,0,4,0,SURF-CGS2026R0474,Stamp of Brazil - 1960 - Colnect 189484 - Women s Tennis at Wimbledon - Maria Esther Bueno.jpeg,3.9,card_context_candidate,stamp_or_philatelic:stamp; stamp_or_philatelic:stamps; commons_file_source,top candidate carries weak graphic/object risk flags
Colombia|Modern typography and layout|Wikimedia Commons|1960-1964,weak_graphic_anchor_risk,do_not_promote_until_design_object_evidence_is_reviewed,medium,false,4,small,card_context_cluster,medium,Colombia,Modern typography and layout,Wikimedia Commons,1960-1964,1961-1964,5,4,0,0,4,0,SURF-CGS2026R0861,Stamp of Kelantan - 1961 - Colnect 709636 - Coronation of Sultan Yahya Petra.jpeg,3.0,card_context_candidate,stamp_or_philatelic:stamp; stamp_or_philatelic:stamps; commons_file_source,top candidate carries weak graphic/object risk flags
Egypt|Modern typography and layout|Wikimedia Commons|1925-1929,weak_graphic_anchor_risk,do_not_promote_until_design_object_evidence_is_reviewed,medium,false,4,small,card_context_cluster,medium,Egypt,Modern typography and layout,Wikimedia Commons,1925-1929,1925-1927,5,4,0,0,4,0,SURF-CCT2026R00335,Stamp French PO Alexandria 1927 250m.jpg,-2.1,card_context_candidate,stamp_or_philatelic:postage; stamp_or_philatelic:stamp; stamp_or_philatelic:stamps; commons_file_source,top candidate carries weak graphic/object risk flags
Kazakhstan|Modern typography and layout|Wikimedia Commons|1985-1989,weak_graphic_anchor_risk,do_not_promote_until_design_object_evidence_is_reviewed,medium,false,4,small,card_context_cluster,medium,Kazakhstan,Modern typography and layout,Wikimedia Commons,1985-1989,1988-1988,4,4,0,0,4,0,SURF-CCT2026R00826,KazakhStampOverprint.jpg,-2.05,card_context_candidate,stamp_or_philatelic:postage; stamp_or_philatelic:stamp; stamp_or_philatelic:stamps; commons_file_source,top candidate carries weak graphic/object risk flags
Korean Peninsula|Modern typography and layout|Wikimedia Commons|1885-1889,weak_graphic_anchor_risk,do_not_promote_until_design_object_evidence_is_reviewed,medium,false,4,small,card_context_cluster,medium,Korean Peninsula,Modern typography and layout,Wikimedia Commons,1885-1889,1885-1885,4,4,0,0,4,0,SURF-CCT2026R01282,Korea 1885 stamp - 5 poon (bun).jpg,0.55,card_context_candidate,stamp_or_philatelic:postage; stamp_or_philatelic:stamp; stamp_or_philatelic:stamps; commons_file_source,top candidate carries weak graphic/object risk flags
Latin America|Modern typography and layout|Wikimedia Commons|1980-1984,weak_graphic_anchor_risk,do_not_promote_until_design_object_evidence_is_reviewed,medium,false,4,medium,card_context_cluster,medium,Latin America,Modern typography and layout,Wikimedia Commons,1980-1984,1983-1984,6,4,0,0,4,0,SURF-CAW2026R03055,Stamp of Indonesia - 1984 - Colnect 256050 - Swimming.jpeg,2.45,card_context_candidate,stamp_or_philatelic:postage; stamp_or_philatelic:stamp; stamp_or_philatelic:stamps; commons_file_source,top candidate carries weak graphic/object risk flags
Latvia|Modern typography and layout|Wikimedia Commons|1960-1964,weak_graphic_anchor_risk,do_not_promote_until_design_object_evidence_is_reviewed,medium,false,4,small,card_context_cluster,medium,Latvia,Modern typography and layout,Wikimedia Commons,1960-1964,1964-1964,4,4,0,0,4,0,SURF-CAW2026R02641,The Soviet Union 1964 CPA 3017 stamp (Space Exploration. Friedrich Zander).jpg,-11.65,card_context_candidate,stamp_or_philatelic:postage; stamp_or_philatelic:stamp; commons_file_source,top candidate carries weak graphic/object risk flags
Latvia|Modern typography and layout|Wikimedia Commons|2005-2009,weak_graphic_anchor_risk,do_not_promote_until_design_object_evidence_is_reviewed,medium,false,4,small,card_context_cluster,medium,Latvia,Modern typography and layout,Wikimedia Commons,2005-2009,2005-2007,4,4,0,0,4,0,SURF-CAW2026R03546,"Stamps of Latvia, 2006-28.jpg",-0.25,card_context_candidate,stamp_or_philatelic:postage; stamp_or_philatelic:stamp; stamp_or_philatelic:stamps; commons_file_source,top candidate carries weak graphic/object risk flags
Malaysia|Modern typography and layout|Wikimedia Commons|1975-1979,weak_graphic_anchor_risk,do_not_promote_until_design_object_evidence_is_reviewed,medium,false,4,small,card_context_cluster,medium,Malaysia,Modern typography and layout,Wikimedia Commons,1975-1979,1978-1979,4,4,0,0,4,0,SURF-CAW2026R02965,Stamp of Indonesia - 1978 - Colnect 277301 - Maninjaumeer and Jakarta.jpeg,-2.05,card_context_candidate,stamp_or_philatelic:postage; stamp_or_philatelic:stamp; stamp_or_philatelic:stamps; commons_file_source,top candidate carries weak graphic/object risk flags
Mexico|Modern typography and layout|Wikimedia Commons|1870-1874,weak_graphic_anchor_risk,do_not_promote_until_design_object_evidence_is_reviewed,medium,false,4,small,card_context_cluster,medium,Mexico,Modern typography and layout,Wikimedia Commons,1870-1874,1872-1874,4,4,0,0,4,0,SURF-CCT2026R02441,Mexican 1874-75 documentary revenue stamp.jpg,-8.95,card_context_candidate,stamp_or_philatelic:postage; stamp_or_philatelic:stamp; stamp_or_philatelic:stamps; commons_file_source,top candidate carries weak graphic/object risk flags
Pakistan|Modern typography and layout|Wikimedia Commons|1945-1949,weak_graphic_anchor_risk,do_not_promote_until_design_object_evidence_is_reviewed,medium,false,4,small,card_context_cluster,medium,Pakistan,Modern typography and layout,Wikimedia Commons,1945-1949,1947-1949,4,4,0,0,4,0,SURF-CCT2026R03876,Stamp of Bahawalpur - 1949 - Colnect 285458 - Cotton Gossypium sp Emir of Bahawalpur.jpeg,-2.05,card_context_candidate,stamp_or_philatelic:postage; stamp_or_philatelic:stamp; stamp_or_philatelic:stamps; commons_file_source,top candidate carries weak graphic/object risk flags
Pakistan|Modern typography and layout|Wikimedia Commons|1950-1954,weak_graphic_anchor_risk,do_not_promote_until_design_object_evidence_is_reviewed,medium,false,4,small,card_context_cluster,medium,Pakistan,Modern typography and layout,Wikimedia Commons,1950-1954,1950-1951,5,4,0,0,4,0,SURF-CAW2026R02316,"Pakistan defense savings certificates and stamps advertisement, Pakistan Quarterly (1950).png",5.4,card_context_candidate,stamp_or_philatelic:stamps; commons_file_source,top candidate carries weak graphic/object risk flags
Pakistan|Modern typography and layout|Wikimedia Commons|1980-1984,weak_graphic_anchor_risk,do_not_promote_until_design_object_evidence_is_reviewed,medium,false,4,small,card_context_cluster,medium,Pakistan,Modern typography and layout,Wikimedia Commons,1980-1984,1980-1984,4,4,0,0,4,0,SURF-CCT2026R03882,Stamp of Kazakhstan 570.jpg,-1.75,card_context_candidate,stamp_or_philatelic:postage; stamp_or_philatelic:stamp; stamp_or_philatelic:stamps; commons_file_source,top candidate carries weak graphic/object risk flags
Peru|Modern typography and layout|Wikimedia Commons|1945-1949,weak_graphic_anchor_risk,do_not_promote_until_design_object_evidence_is_reviewed,medium,false,4,small,card_context_cluster,medium,Peru,Modern typography and layout,Wikimedia Commons,1945-1949,1948-1949,4,4,0,0,4,0,SURF-CCE2026R00532,Stamp of Peru - 1948 - Colnect 203611 - Flight Route Peru United Kingdom.jpeg,-2.25,card_context_candidate,stamp_or_philatelic:stamp; stamp_or_philatelic:stamps; commons_file_source,top candidate carries weak graphic/object risk flags
Philippines|Modern typography and layout|Wikimedia Commons|1940-1944,weak_graphic_anchor_risk,do_not_promote_until_design_object_evidence_is_reviewed,medium,false,4,small,card_context_cluster,medium,Philippines,Modern typography and layout,Wikimedia Commons,1940-1944,1942-1944,4,4,0,0,4,0,SURF-CCT2026R04317,Philippines national heroes stamp in 1944.jpg,-4.85,card_context_candidate,stamp_or_philatelic:postage; stamp_or_philatelic:stamp; stamp_or_philatelic:stamps; commons_file_source,top candidate carries weak graphic/object risk flags
Serbia|Modern typography and layout|Wikimedia Commons|1990-1994,weak_graphic_anchor_risk,do_not_promote_until_design_object_evidence_is_reviewed,medium,false,4,medium,card_context_cluster,medium,Serbia,Modern typography and layout,Wikimedia Commons,1990-1994,1990-1993,6,4,0,0,4,0,SURF-CCE2026R00851,StampSerbianKrajina1993Michel17.jpg,1.95,card_context_candidate,stamp_or_philatelic:postage; stamp_or_philatelic:stamp; stamp_or_philatelic:stamps; commons_file_source,top candidate carries weak graphic/object risk flags
South Africa|World War and public-information graphics|Wikimedia Commons|1900-1904,weak_graphic_anchor_risk,do_not_promote_until_design_object_evidence_is_reviewed,medium,false,4,small,card_context_cluster,medium,South Africa,World War and public-information graphics,Wikimedia Commons,1900-1904,1902-1903,4,4,0,0,4,0,SURF-CAW2026R00918,Stamp of Transvaal - 1903 - Colnect 414639 - 1 - Edward VII.jpeg,-3.65,card_context_candidate,stamp_or_philatelic:postage; stamp_or_philatelic:stamp; stamp_or_philatelic:stamps; commons_file_source,top candidate carries weak graphic/object risk flags
South Africa|World War and public-information graphics|Wikimedia Commons|1905-1909,weak_graphic_anchor_risk,do_not_promote_until_design_object_evidence_is_reviewed,medium,false,4,small,card_context_cluster,medium,South Africa,World War and public-information graphics,Wikimedia Commons,1905-1909,1905-1909,4,4,0,0,4,0,SURF-CAW2026R01085,Stamp of Transvaal - 1909 - Colnect 534408 - Edward VII.jpeg,-1.35,card_context_candidate,stamp_or_philatelic:postage; stamp_or_philatelic:stamp; stamp_or_philatelic:stamps; commons_file_source,top candidate carries weak graphic/object risk flags
Syria|Modern typography and layout|Wikimedia Commons|1925-1929,weak_graphic_anchor_risk,do_not_promote_until_design_object_evidence_is_reviewed,medium,false,4,small,card_context_cluster,medium,Syria,Modern typography and layout,Wikimedia Commons,1925-1929,1925-1926,4,4,0,0,4,0,SURF-CAW2026R01580,Stamp of Alaouites - 1926 - Colnect 680257 - Pont de Daphné Bridge Daphné.jpeg,-0.85,card_context_candidate,stamp_or_philatelic:postage; stamp_or_philatelic:stamp; stamp_or_philatelic:stamps; commons_file_source,top candidate carries weak graphic/object risk flags
Tajikistan|Modern typography and layout|Wikimedia Commons|1995-1999,weak_graphic_anchor_risk,do_not_promote_until_design_object_evidence_is_reviewed,medium,false,4,small,card_context_cluster,medium,Tajikistan,Modern typography and layout,Wikimedia Commons,1995-1999,1995-1997,4,4,0,0,4,0,SURF-CAW2026R03351,Stamp of Tajikistan - 1997 - Colnect 290071 - Mountain climber.jpeg,-2.05,card_context_candidate,stamp_or_philatelic:postage; stamp_or_philatelic:stamp; stamp_or_philatelic:stamps; commons_file_source,top candidate carries weak graphic/object risk flags
Turkmenistan|Modern typography and layout|Wikimedia Commons|1990-1994,weak_graphic_anchor_risk,do_not_promote_until_design_object_evidence_is_reviewed,medium,false,4,small,card_context_cluster,medium,Turkmenistan,Modern typography and layout,Wikimedia Commons,1990-1994,1990-1990,4,4,0,0,4,0,SURF-CAW2026R03192,"The Soviet Union 1990 CPA 6205 stamp with label (Koroghlu, Turkmen epic poem. Sleeping woman. man with lute. I. KIychev).png",-12.05,card_context_candidate,stamp_or_philatelic:postage; stamp_or_philatelic:stamp; commons_file_source,top candidate carries weak graphic/object risk flags
Ukraine|Modern typography and layout|Wikimedia Commons|1995-1999,weak_graphic_anchor_risk,do_not_promote_until_design_object_evidence_is_reviewed,medium,false,4,small,card_context_cluster,medium,Ukraine,Modern typography and layout,Wikimedia Commons,1995-1999,1995-1999,4,4,0,0,4,0,SURF-CRB2026V2R0362,Stamp of Ukraine s106.jpg,-2.05,card_context_candidate,stamp_or_philatelic:postage; stamp_or_philatelic:stamp; stamp_or_philatelic:stamps; commons_file_source,top candidate carries weak graphic/object risk flags
Uruguay|Modern typography and layout|Wikimedia Commons|1975-1979,weak_graphic_anchor_risk,do_not_promote_until_design_object_evidence_is_reviewed,medium,false,4,small,card_context_cluster,medium,Uruguay,Modern typography and layout,Wikimedia Commons,1975-1979,1976-1978,4,4,0,0,4,0,SURF-CAW2026R02920,Rhodiesia Endangered Species Wid Dog 8 cents.jpg,-15.75,card_context_candidate,stamp_or_philatelic:postage; stamp_or_philatelic:stamp; commons_file_source,top candidate carries weak graphic/object risk flags
Uzbekistan|Modern typography and layout|Wikimedia Commons|1990-1994,weak_graphic_anchor_risk,do_not_promote_until_design_object_evidence_is_reviewed,medium,false,4,small,card_context_cluster,medium,Uzbekistan,Modern typography and layout,Wikimedia Commons,1990-1994,1990-1993,4,4,0,0,4,0,SURF-CRB2026V2R0140,The Soviet Union 1990 CPA 6196 stamp (Vladimir Lenin. The Lenin Museum (Tashkent)).jpg,6.75,card_context_candidate,stamp_or_philatelic:postage; stamp_or_philatelic:stamp; commons_file_source,top candidate carries weak graphic/object risk flags
Venezuela|Modern typography and layout|Wikimedia Commons|1895-1899,weak_graphic_anchor_risk,do_not_promote_until_design_object_evidence_is_reviewed,medium,false,4,small,card_context_cluster,medium,Venezuela,Modern typography and layout,Wikimedia Commons,1895-1899,1896-1896,4,4,0,0,4,0,SURF-CCT2026R02617,1896 25c telegraph stamp of Venezuela.jpg,-15.45,card_context_candidate,stamp_or_philatelic:postage; stamp_or_philatelic:stamp; stamp_or_philatelic:stamps; commons_file_source,top candidate carries weak graphic/object risk flags
Azerbaijan|Modern typography and layout|Wikimedia Commons|2005-2009,defer_anchor_method_review,defer_until_higher_confidence_packet_work_is_complete,low,false,5,medium,card_context_cluster,medium,Azerbaijan,Modern typography and layout,Wikimedia Commons,2005-2009,2005-2009,8,8,0,1,7,0,SURF-CAW2026R03571,E11 927 (438852241).jpg,59.75,packet_member_review,commons_file_source,no reliable anchor signal yet
Democratic Republic of the Congo|Modern typography and layout|Wikimedia Commons|1970-1974,defer_anchor_method_review,defer_until_higher_confidence_packet_work_is_complete,low,false,5,medium,card_context_cluster,medium,Democratic Republic of the Congo,Modern typography and layout,Wikimedia Commons,1970-1974,1970-1974,8,8,0,0,7,0,SURF-CAW2026R02789,Malachite-119957.jpg,96.95,manual_relation_review,commons_file_source,no reliable anchor signal yet
Korean Peninsula|Modern typography and layout|Wikimedia Commons|1900-1904,defer_anchor_method_review,defer_until_higher_confidence_packet_work_is_complete,low,false,5,medium,card_context_cluster,medium,Korean Peninsula,Modern typography and layout,Wikimedia Commons,1900-1904,1900-1902,8,8,0,0,7,0,SURF-CRG2026R0189,Arirang 1957 poster.jpg,97.95,manual_relation_review,commons_file_source,no reliable anchor signal yet
Peru|World War and public-information graphics|Wikimedia Commons|1935-1939,defer_anchor_method_review,defer_until_higher_confidence_packet_work_is_complete,low,false,5,medium,card_context_cluster,medium,Peru,World War and public-information graphics,Wikimedia Commons,1935-1939,1935-1938,8,8,0,1,7,0,SURF-CGS2026R1337,Partido Social Nacionalista del Perú-1.jpg,73.85,packet_member_review,commons_file_source,no reliable anchor signal yet
South Africa|Modern typography and layout|Wikimedia Commons|1890-1894,defer_anchor_method_review,defer_until_higher_confidence_packet_work_is_complete,low,false,5,medium,card_context_cluster,medium,South Africa,Modern typography and layout,Wikimedia Commons,1890-1894,1891-1894,8,8,0,1,7,0,SURF-CAW2026R00644,Brighter South Africa (1892).png,85.05,sub_under_packet_candidate,commons_file_source,no reliable anchor signal yet
Algeria|Modern typography and layout|Wikimedia Commons|1930-1934,defer_anchor_method_review,defer_until_higher_confidence_packet_work_is_complete,low,false,5,medium,card_context_cluster,medium,Algeria,Modern typography and layout,Wikimedia Commons,1930-1934,1930-1932,7,7,0,1,6,0,SURF-CAW2026R01659,Cauvy-Centennial.jpg,59.3,packet_member_review,commons_file_source,no reliable anchor signal yet
Democratic Republic of the Congo|Modern typography and layout|Wikimedia Commons|1890-1894,defer_anchor_method_review,defer_until_higher_confidence_packet_work_is_complete,low,false,5,medium,card_context_cluster,medium,Democratic Republic of the Congo,Modern typography and layout,Wikimedia Commons,1890-1894,1891-1894,6,6,0,0,5,0,SURF-CAW2026R00653,"21 July 1893 advertisement for Hattees Congo Oil - One Day Cure Cures Rheumatism Sciatica and Neuralgia made by O.W.R. MF'G. Co. Portland, Oregon in The Oregon Mist (newspaper), page 3 published in St. Helens, Oregon.jpg",91.55,manual_relation_review,commons_file_source,no reliable anchor signal yet
South Africa|Modern typography and layout|Wikimedia Commons|1900-1904,defer_anchor_method_review,defer_until_higher_confidence_packet_work_is_complete,low,false,5,medium,card_context_cluster,medium,South Africa,Modern typography and layout,Wikimedia Commons,1900-1904,1900-1903,6,6,0,0,5,0,SURF-CCE2026R00128,1903 South Africa newspaper advertisement London.png,92.85,manual_relation_review,commons_file_source,no reliable anchor signal yet
China / Hong Kong|Modern typography and layout|Wikimedia Commons|1940-1944,defer_anchor_method_review,defer_until_higher_confidence_packet_work_is_complete,low,false,5,medium,mixed_manual_relation_review,low,China / Hong Kong,Modern typography and layout,Wikimedia Commons,1940-1944,1940-1944,6,5,0,0,3,0,SURF-CAW2026R02126,Ada Leonard.jpg,99.15,manual_relation_review,commons_file_source,no reliable anchor signal yet
Egypt|Modern typography and layout|Wikimedia Commons|1905-1909,defer_anchor_method_review,defer_until_higher_confidence_packet_work_is_complete,low,false,5,small,card_context_cluster,medium,Egypt,Modern typography and layout,Wikimedia Commons,1905-1909,1905-1907,5,5,0,0,4,0,SURF-CAW2026R00971,Centipedes (10.3897-zse.93.12882) Figure 3.jpg,97.7,manual_relation_review,commons_file_source,no reliable anchor signal yet
Latin America|Modern typography and layout|Wikimedia Commons|1930-1934,defer_anchor_method_review,defer_until_higher_confidence_packet_work_is_complete,low,false,5,medium,card_context_cluster,medium,Latin America,Modern typography and layout,Wikimedia Commons,1930-1934,1930-1933,6,5,0,1,4,0,SURF-CAW2026R01739,Cayman cover.jpg,62.65,packet_member_review,commons_file_source,no reliable anchor signal yet
Peru|Modern typography and layout|Wikimedia Commons|1915-1919,defer_anchor_method_review,defer_until_higher_confidence_packet_work_is_complete,low,false,5,small,card_context_cluster,medium,Peru,Modern typography and layout,Wikimedia Commons,1915-1919,1915-1919,5,5,0,0,4,0,SURF-CAW2026R01390,"The Clifton Record (Clifton, Tex.), Vol. 25, No. 24, Ed. 1 Friday, August 29, 1919 - DPLA - 309f368d5125ad06ab370900088b3be7 (page 6).jpg",95.9,manual_relation_review,commons_file_source,no reliable anchor signal yet
Romania|Modern typography and layout|Wikimedia Commons|1975-1979,defer_anchor_method_review,defer_until_higher_confidence_packet_work_is_complete,low,false,5,medium,card_context_cluster,medium,Romania,Modern typography and layout,Wikimedia Commons,1975-1979,1976-1979,6,5,0,0,4,0,SURF-CCE2026R00829,"Buzduganul cu trei peceți promo montage, 1977.png",98.55,manual_relation_review,commons_file_source,no reliable anchor signal yet
China / Hong Kong|Modern typography and layout|Wikimedia Commons|1860-1864,defer_anchor_method_review,defer_until_higher_confidence_packet_work_is_complete,low,false,4,small,mixed_manual_relation_review,low,China / Hong Kong,Modern typography and layout,Wikimedia Commons,1860-1864,1860-1863,4,4,0,0,1,0,SURF-CAW2026R00231,"Trade card for celluloid waterproof collars, cuffs, and shirt bosoms - DPLA - 6e2785a1fbea770db7c99687a493b3bf (page 1).jpg",98.15,manual_relation_review,commons_file_source,no reliable anchor signal yet
Democratic Republic of the Congo|World War and public-information graphics|Wikimedia Commons|1915-1919,defer_anchor_method_review,defer_until_higher_confidence_packet_work_is_complete,low,false,4,small,mixed_manual_relation_review,low,Democratic Republic of the Congo,World War and public-information graphics,Wikimedia Commons,1915-1919,1915-1918,4,4,0,0,0,0,SURF-CAW2026R01294,Alfred Theodore Joseph Bastien - Throwing Grenades.jpg,98.75,manual_relation_review,commons_file_source,no reliable anchor signal yet
Ethiopia|World War and public-information graphics|Wikimedia Commons|1940-1944,defer_anchor_method_review,defer_until_higher_confidence_packet_work_is_complete,low,false,4,small,mixed_manual_relation_review,low,Ethiopia,World War and public-information graphics,Wikimedia Commons,1940-1944,1942-1943,4,4,0,0,0,0,SURF-CAW2026R02106,"United Nations ""Fight For Freedom"" poster.jpg",94.85,manual_relation_review,commons_file_source,no reliable anchor signal yet
Iran|Corporate identity and design systems|Wikimedia Commons|1975-1979,defer_anchor_method_review,defer_until_higher_confidence_packet_work_is_complete,low,false,4,small,mixed_manual_relation_review,low,Iran,Corporate identity and design systems,Wikimedia Commons,1975-1979,1978-1979,4,4,0,1,0,0,SURF-CCT2026R02755,"Fonds Christian Bromberger - Affiches de la période de la Révolution islamique (Iran, 1978-1979) - Sous un portrait de Hamid Ashraf et une banderole portant faucille, marteau et slogans rouges, cinq fidayens kurdes (MédiHAL 1789718).jpg",95.15,manual_relation_review,commons_file_source,no reliable anchor signal yet
Iraq|World War and public-information graphics|Wikimedia Commons|1960-1964,defer_anchor_method_review,defer_until_higher_confidence_packet_work_is_complete,low,false,4,small,card_context_cluster,medium,Iraq,World War and public-information graphics,Wikimedia Commons,1960-1964,1960-1964,4,4,0,0,3,0,SURF-CRB2026V2R0521,Cleopatra poster.jpg,94.85,manual_relation_review,commons_file_source,no reliable anchor signal yet
Korean Peninsula|Modern typography and layout|Wikimedia Commons|1950-1954,defer_anchor_method_review,defer_until_higher_confidence_packet_work_is_complete,low,false,4,small,mixed_manual_relation_review,low,Korean Peninsula,Modern typography and layout,Wikimedia Commons,1950-1954,1951-1954,4,4,0,0,2,0,SURF-CAW2026R02433,Dansungsa Mogambo 1954.jpg,95.75,manual_relation_review,commons_file_source,no reliable anchor signal yet
Korean Peninsula|Modern typography and layout|Wikimedia Commons|1985-1989,defer_anchor_method_review,defer_until_higher_confidence_packet_work_is_complete,low,false,4,small,card_context_cluster,medium,Korean Peninsula,Modern typography and layout,Wikimedia Commons,1985-1989,1987-1988,4,4,0,0,3,0,SURF-CCE2026R00839,CheongWaDae 청와대 19 (51989858466).jpg,96.05,manual_relation_review,commons_file_source,no reliable anchor signal yet
Mexico|Modern typography and layout|Wikimedia Commons|1895-1899,defer_anchor_method_review,defer_until_higher_confidence_packet_work_is_complete,low,false,4,small,card_context_cluster,medium,Mexico,Modern typography and layout,Wikimedia Commons,1895-1899,1895-1898,5,4,0,0,3,0,SURF-CGS2026R1254,A trifle embarrassed - Keppler. LCCN2012647587.jpg,95.9,manual_relation_review,commons_file_source,no reliable anchor signal yet
Mexico|Modern typography and layout|Wikimedia Commons|1935-1939,defer_anchor_method_review,defer_until_higher_confidence_packet_work_is_complete,low,false,4,medium,mixed_manual_relation_review,low,Mexico,Modern typography and layout,Wikimedia Commons,1935-1939,1937-1938,6,4,0,1,3,0,SURF-CGS2026R1172,The Life of Emile Zola (1937 film poster).jpg,67.95,packet_member_review,commons_file_source,no reliable anchor signal yet
Senegal|Travel and transport poster culture|Wikimedia Commons|1910-1914,defer_anchor_method_review,defer_until_higher_confidence_packet_work_is_complete,low,false,4,small,mixed_manual_relation_review,low,Senegal,Travel and transport poster culture,Wikimedia Commons,1910-1914,1914-1914,4,4,0,0,0,0,SURF-CAW2026R01177,Ippécourt. Type Wolof - Fonds Berthelé - 49Fi670.jpg,94.85,manual_relation_review,commons_file_source,no reliable anchor signal yet
Taiwan|Modern typography and layout|Wikimedia Commons|1945-1949,defer_anchor_method_review,defer_until_higher_confidence_packet_work_is_complete,low,false,4,medium,mixed_manual_relation_review,low,Taiwan,Modern typography and layout,Wikimedia Commons,1945-1949,1945-1949,6,4,0,0,2,0,SURF-CCT2026R01370,Poster of income tax filing in Taihoku.jpg,92.65,manual_relation_review,commons_file_source,no reliable anchor signal yet
Taiwan|Modern typography and layout|Wikimedia Commons|2005-2009,defer_anchor_method_review,defer_until_higher_confidence_packet_work_is_complete,low,false,4,small,mixed_manual_relation_review,low,Taiwan,Modern typography and layout,Wikimedia Commons,2005-2009,2006-2008,4,4,0,0,0,0,SURF-CCT2026R01377,WIKI-0夏聚.JPG,93.05,manual_relation_review,commons_file_source,no reliable anchor signal yet
Ukraine|Modern typography and layout|Wikimedia Commons|1970-1974,defer_anchor_method_review,defer_until_higher_confidence_packet_work_is_complete,low,false,4,small,card_context_cluster,medium,Ukraine,Modern typography and layout,Wikimedia Commons,1970-1974,1970-1973,4,4,0,0,3,0,SURF-CAW2026R02863,"Joseph Tommasi's Political Terror flyer, other version.jpg",95.15,manual_relation_review,commons_file_source,no reliable anchor signal yet
United Kingdom|Modern typography and layout|Wikimedia Commons|1950-1954,defer_anchor_method_review,defer_until_higher_confidence_packet_work_is_complete,low,false,4,small,mixed_manual_relation_review,low,United Kingdom,Modern typography and layout,Wikimedia Commons,1950-1954,1950-1953,4,4,0,2,2,0,SURF-CRG2026R1422,Divyopadesh (cropped).png,73.05,packet_member_review,commons_file_source,no reliable anchor signal yet
Uruguay|Modern typography and layout|Wikimedia Commons|1925-1929,defer_anchor_method_review,defer_until_higher_confidence_packet_work_is_complete,low,false,4,small,mixed_manual_relation_review,low,Uruguay,Modern typography and layout,Wikimedia Commons,1925-1929,1927-1928,4,4,0,1,2,0,SURF-CAW2026R01588,PeñarolGreiling1927.jpg,94.85,manual_relation_review,commons_file_source,no reliable anchor signal yet
Uruguay|Travel and transport poster culture|Wikimedia Commons|1865-1869,defer_anchor_method_review,defer_until_higher_confidence_packet_work_is_complete,low,false,4,small,mixed_manual_relation_review,low,Uruguay,Travel and transport poster culture,Wikimedia Commons,1865-1869,1865-1865,4,4,0,0,0,0,SURF-CAW2026R00287,Trade card for Véritable Extrait de Viande Liebig (Real Liebig Meat Extract) with Justus von Liebig - DPLA - a4700913151f199e0de464131d6839ba (page 2).jpg,94.85,manual_relation_review,commons_file_source,no reliable anchor signal yet
Australia / Indigenous|Travel and transport poster culture|Wikimedia Commons|1960-1964,defer_anchor_method_review,defer_until_higher_confidence_packet_work_is_complete,low,false,2,medium,mixed_manual_relation_review,low,Australia / Indigenous,Travel and transport poster culture,Wikimedia Commons,1960-1964,1960-1960,6,2,0,2,0,0,SURF-CRG2026R1592,Commonwealth Railways leaflet on Central Australia Railway and North Australia Railway -- map cropped to CAR (in south).png,70.55,packet_member_review,commons_file_source,no reliable anchor signal yet
Latin America|Modern typography and layout|Wikimedia Commons|2020-2024,defer_anchor_method_review,defer_until_higher_confidence_packet_work_is_complete,low,false,2,medium,mixed_manual_relation_review,low,Latin America,Modern typography and layout,Wikimedia Commons,2020-2024,2021-2024,6,2,0,1,0,0,SURF-CAW2026R04574,Pristimantis (10.3897-evolsyst.5.62661) Figure 8.jpg,94.15,manual_relation_review,commons_file_source,no reliable anchor signal yet
Aotearoa New Zealand|Modern typography and layout|Wikimedia Commons|1945-1949,defer_anchor_method_review,defer_until_higher_confidence_packet_work_is_complete,low,false,1,medium,mixed_manual_relation_review,low,Aotearoa New Zealand,Modern typography and layout,Wikimedia Commons,1945-1949,1947-1947,6,1,0,1,0,0,SURF-CAW2026R02211,MA I291068 TePapa Meropathus-campbellensis full.jpg,67.15,packet_member_review,non_design_drift:specimen; commons_file_source,no reliable anchor signal yet
France|Modern typography and layout|Wikimedia Commons|1975-1979,defer_anchor_method_review,defer_until_higher_confidence_packet_work_is_complete,low,false,1,medium,mixed_manual_relation_review,low,France,Modern typography and layout,Wikimedia Commons,1975-1979,1977-1977,6,1,0,1,0,0,SURF-CAW2026R02931,"Henry Swinburne - Beziers, France - B1977.14.4028 - Yale Center for British Art.jpg",66.05,packet_member_review,commons_file_source,no reliable anchor signal yet
Albania|Modern typography and layout|Wikimedia Commons|1965-1969,small_packet_standalone_or_sub_review,decide_if_standalone_normal_main_or_sub_under_nearby_packet,low,false,3,small,card_context_cluster,medium,Albania,Modern typography and layout,Wikimedia Commons,1965-1969,1965-1968,3,3,0,0,3,0,SURF-CAW2026R02695,Stamp of Albania - 1966 - Colnect 197257 - Black Kitten Felis silvestris catus.jpeg,-1.6,card_context_candidate,stamp_or_philatelic:postage; stamp_or_philatelic:stamp; stamp_or_philatelic:stamps; commons_file_source,small packet may not need cover-main treatment
Albania|Modern typography and layout|Wikimedia Commons|1990-1994,small_packet_standalone_or_sub_review,decide_if_standalone_normal_main_or_sub_under_nearby_packet,low,false,3,small,card_context_cluster,medium,Albania,Modern typography and layout,Wikimedia Commons,1990-1994,1992-1993,3,3,0,0,3,0,SURF-CAW2026R03244,Stamp of Albania - 1992 - Colnect 367852 - CEPT Emblem with Label II.jpeg,-1.3,card_context_candidate,stamp_or_philatelic:postage; stamp_or_philatelic:stamp; stamp_or_philatelic:stamps; commons_file_source,small packet may not need cover-main treatment
Albania|Modern typography and layout|Wikimedia Commons|2000-2004,small_packet_standalone_or_sub_review,decide_if_standalone_normal_main_or_sub_under_nearby_packet,low,false,3,small,card_context_cluster,medium,Albania,Modern typography and layout,Wikimedia Commons,2000-2004,2000-2003,3,3,0,0,3,0,SURF-CAW2026R03476,Stamp of Albania - 2003 - Colnect 155646 - Face from Onufri poster.jpeg,4.7,card_context_candidate,stamp_or_philatelic:postage; stamp_or_philatelic:stamp; stamp_or_philatelic:stamps; commons_file_source,small packet may not need cover-main treatment
Algeria|Modern typography and layout|Wikimedia Commons|1960-1964,small_packet_standalone_or_sub_review,decide_if_standalone_normal_main_or_sub_under_nearby_packet,low,true,3,small,mixed_manual_relation_review,low,Algeria,Modern typography and layout,Wikimedia Commons,1960-1964,1962-1964,4,3,0,1,2,0,SURF-CAW2026R02609,Affiche de propagande OAS - 1962 - Archives nationales (France).jpg,70.95,packet_member_review,commons_file_source,small packet may not need cover-main treatment
Angola|Modern typography and layout|Wikimedia Commons|1875-1879,small_packet_standalone_or_sub_review,decide_if_standalone_normal_main_or_sub_under_nearby_packet,low,false,3,small,card_context_cluster,medium,Angola,Modern typography and layout,Wikimedia Commons,1875-1879,1877-1877,3,3,0,0,3,0,SURF-CCT2026R00298,Stamp of Angola - 1877 - Colnect 172305 - Crown.jpeg,-15.0,card_context_candidate,stamp_or_philatelic:postage; stamp_or_philatelic:stamp; stamp_or_philatelic:stamps; commons_file_source,small packet may not need cover-main treatment
Angola|Modern typography and layout|Wikimedia Commons|1880-1884,small_packet_standalone_or_sub_review,decide_if_standalone_normal_main_or_sub_under_nearby_packet,low,false,3,small,card_context_cluster,medium,Angola,Modern typography and layout,Wikimedia Commons,1880-1884,1881-1883,3,3,0,0,3,0,SURF-CCT2026R00302,Stamp of Angola - 1883 - Colnect 172307 - Crown.jpeg,-15.0,card_context_candidate,stamp_or_philatelic:postage; stamp_or_philatelic:stamp; stamp_or_philatelic:stamps; commons_file_source,small packet may not need cover-main treatment
Angola|Modern typography and layout|Wikimedia Commons|1950-1954,small_packet_standalone_or_sub_review,decide_if_standalone_normal_main_or_sub_under_nearby_packet,low,false,3,small,card_context_cluster,medium,Angola,Modern typography and layout,Wikimedia Commons,1950-1954,1950-1951,3,3,0,0,3,0,SURF-CAW2026R02323,Stamp of Angola - 1951 - Colnect 167091 - Holy year.jpeg,-1.2,card_context_candidate,stamp_or_philatelic:postage; stamp_or_philatelic:stamp; stamp_or_philatelic:stamps; commons_file_source,small packet may not need cover-main treatment
Aotearoa New Zealand|Modern typography and layout|Wikimedia Commons|1910-1914,small_packet_standalone_or_sub_review,decide_if_standalone_normal_main_or_sub_under_nearby_packet,low,true,3,small,mixed_manual_relation_review,low,Aotearoa New Zealand,Modern typography and layout,Wikimedia Commons,1910-1914,1911-1914,5,3,0,1,2,0,SURF-CAW2026R01192,I0016381.jpg,75.1,packet_member_review,commons_file_source,small packet may not need cover-main treatment
Aotearoa New Zealand|World War and public-information graphics|Te Papa|1985-1989,small_packet_standalone_or_sub_review,decide_if_standalone_normal_main_or_sub_under_nearby_packet,low,true,3,small,mixed_manual_relation_review,low,Aotearoa New Zealand,World War and public-information graphics,Te Papa,1985-1989,1985-1986,3,3,0,2,0,0,SURF-GAPIT2026R036,"Poster, 'Herbs Aotearoa Dread Beat & Blood'",96.0,manual_relation_review,,small packet may not need cover-main treatment
Armenia|Modern typography and layout|Wikimedia Commons|1920-1924,small_packet_standalone_or_sub_review,decide_if_standalone_normal_main_or_sub_under_nearby_packet,low,false,3,small,card_context_cluster,medium,Armenia,Modern typography and layout,Wikimedia Commons,1920-1924,1920-1923,3,3,0,0,3,0,SURF-CAW2026R01515,"Transcaucasia 1923 CPA 15A stamp (oil derricks, mounts Ararat and Elbrus, rising sun, Soviet symbols - hammer and sickle, red star, star and crescent).jpg",-13.5,card_context_candidate,stamp_or_philatelic:postage; stamp_or_philatelic:stamp; stamp_or_philatelic:stamps; commons_file_source,small packet may not need cover-main treatment
Australia / Indigenous|Modern typography and layout|Wikimedia Commons|1965-1969,small_packet_standalone_or_sub_review,decide_if_standalone_normal_main_or_sub_under_nearby_packet,low,false,3,small,card_context_cluster,medium,Australia / Indigenous,Modern typography and layout,Wikimedia Commons,1965-1969,1966-1967,3,3,0,0,3,0,SURF-CCT2026R03506,Stamp 1967 Australia MiNr0392Er pm B002.jpg,-0.7,card_context_candidate,stamp_or_philatelic:postage; stamp_or_philatelic:stamp; stamp_or_philatelic:stamps; commons_file_source,small packet may not need cover-main treatment
Australia / Indigenous|Modern typography and layout|Wikimedia Commons|2005-2009,small_packet_standalone_or_sub_review,decide_if_standalone_normal_main_or_sub_under_nearby_packet,low,true,3,small,mixed_manual_relation_review,low,Australia / Indigenous,Modern typography and layout,Wikimedia Commons,2005-2009,2007-2008,4,3,0,0,0,0,SURF-CCT2026R03517,Poster - Men's Group 2008.jpg,95.45,manual_relation_review,commons_file_source,small packet may not need cover-main treatment
Bahrain|Modern typography and layout|Wikimedia Commons|1965-1969,small_packet_standalone_or_sub_review,decide_if_standalone_normal_main_or_sub_under_nearby_packet,low,false,3,small,card_context_cluster,medium,Bahrain,Modern typography and layout,Wikimedia Commons,1965-1969,1965-1965,3,3,0,0,3,0,SURF-CAW2026R02679,Stamp of Peru - 1965 - Colnect 349880 - Pacific Fair Emblem.jpeg,-14.9,card_context_candidate,stamp_or_philatelic:postage; stamp_or_philatelic:stamp; stamp_or_philatelic:stamps; commons_file_source,small packet may not need cover-main treatment
Belgium|Modern typography and layout|Wikimedia Commons|1880-1884,small_packet_standalone_or_sub_review,decide_if_standalone_normal_main_or_sub_under_nearby_packet,low,true,3,small,mixed_manual_relation_review,low,Belgium,Modern typography and layout,Wikimedia Commons,1880-1884,1882-1882,4,3,0,2,0,0,SURF-CAW2026R00422,"Horse drawn cart driving along the road next to the sea, near Nieuwpoort, work by Alfred Bastien, 1882, Prints Department of the Royal Library of Belgium (KBR), F 27592.jpeg",95.75,manual_relation_review,commons_file_source,small packet may not need cover-main treatment
Benin|Modern typography and layout|Wikimedia Commons|1910-1914,small_packet_standalone_or_sub_review,decide_if_standalone_normal_main_or_sub_under_nearby_packet,low,false,3,small,card_context_cluster,medium,Benin,Modern typography and layout,Wikimedia Commons,1910-1914,1913-1914,3,3,0,0,3,0,SURF-CAW2026R01140,AOF-DY 1913 MiNr0042 mt B002a.jpg,1.3,card_context_candidate,stamp_or_philatelic:postage; stamp_or_philatelic:stamp; commons_file_source,small packet may not need cover-main treatment
Bolivia|Modern typography and layout|Wikimedia Commons|1835-1839,small_packet_standalone_or_sub_review,decide_if_standalone_normal_main_or_sub_under_nearby_packet,low,false,3,small,card_context_cluster,medium,Bolivia,Modern typography and layout,Wikimedia Commons,1835-1839,1836-1836,4,3,0,0,3,0,SURF-CCT2026R01872,Stamp of Bolivia - 1913 - Colnect 226961 - Andres Santa Cruz.jpeg,0.35,card_context_candidate,stamp_or_philatelic:postage; stamp_or_philatelic:stamp; stamp_or_philatelic:stamps; commons_file_source,small packet may not need cover-main treatment
Bolivia|Modern typography and layout|Wikimedia Commons|1955-1959,small_packet_standalone_or_sub_review,decide_if_standalone_normal_main_or_sub_under_nearby_packet,low,false,3,small,card_context_cluster,medium,Bolivia,Modern typography and layout,Wikimedia Commons,1955-1959,1957-1957,3,3,0,0,3,0,SURF-CCT2026R02144,Stamp of Bolivia - 1957 - Colnect 229193 - Church of San Francisco La Paz.jpeg,-17.5,card_context_candidate,stamp_or_philatelic:postage; stamp_or_philatelic:stamp; stamp_or_philatelic:stamps; commons_file_source,small packet may not need cover-main treatment
Bolivia|World War and public-information graphics|Wikimedia Commons|1930-1934,small_packet_standalone_or_sub_review,decide_if_standalone_normal_main_or_sub_under_nearby_packet,low,false,3,small,card_context_cluster,medium,Bolivia,World War and public-information graphics,Wikimedia Commons,1930-1934,1930-1930,3,3,0,0,3,0,SURF-CCT2026R02000,Stamp of Bolivia - 1930 - Colnect 227042 - Emblem of Lloyd Aereo Boliviano.jpeg,-13.7,card_context_candidate,stamp_or_philatelic:postage; stamp_or_philatelic:stamp; stamp_or_philatelic:stamps; commons_file_source,small packet may not need cover-main treatment
Bosnia and Herzegovina|Modern typography and layout|Wikimedia Commons|1905-1909,small_packet_standalone_or_sub_review,decide_if_standalone_normal_main_or_sub_under_nearby_packet,low,false,3,small,card_context_cluster,medium,Bosnia and Herzegovina,Modern typography and layout,Wikimedia Commons,1905-1909,1906-1906,3,3,0,0,3,0,SURF-CAW2026R00989,1909 B-H 1h ZVORNIK Mi29.jpg,-13.3,card_context_candidate,stamp_or_philatelic:postage; stamp_or_philatelic:stamp; commons_file_source,small packet may not need cover-main treatment
Bosnia and Herzegovina|Modern typography and layout|Wikimedia Commons|1925-1929,small_packet_standalone_or_sub_review,decide_if_standalone_normal_main_or_sub_under_nearby_packet,low,false,3,small,card_context_cluster,medium,Bosnia and Herzegovina,Modern typography and layout,Wikimedia Commons,1925-1929,1929-1929,4,3,0,0,3,0,SURF-CAW2026R01620,1000 years of king tomislav 1 dinar stamp.png,-10.55,card_context_candidate,stamp_or_philatelic:postage; stamp_or_philatelic:stamp; commons_file_source,small packet may not need cover-main treatment
Brazil|Modern typography and layout|Wikimedia Commons|1955-1959,small_packet_standalone_or_sub_review,decide_if_standalone_normal_main_or_sub_under_nearby_packet,low,false,3,small,card_context_cluster,medium,Brazil,Modern typography and layout,Wikimedia Commons,1955-1959,1959-1959,3,3,0,0,3,0,SURF-CCT2026R02238,Pirajá da Silva 1959 Brazil stamp.jpg,-3.1,card_context_candidate,stamp_or_philatelic:postage; stamp_or_philatelic:stamp; stamp_or_philatelic:stamps; commons_file_source,small packet may not need cover-main treatment
Cape Verde|Modern typography and layout|Wikimedia Commons|1965-1969,small_packet_standalone_or_sub_review,decide_if_standalone_normal_main_or_sub_under_nearby_packet,low,false,3,small,card_context_cluster,medium,Cape Verde,Modern typography and layout,Wikimedia Commons,1965-1969,1966-1969,3,3,0,0,3,0,SURF-CAW2026R02692,Stamp of Abu Dhabi - 1966 - Colnect 683730 - 1 - Sheikh Shakhbut bin Sultan Al Nahyan - Surcharged.jpeg,-15.0,card_context_candidate,stamp_or_philatelic:postage; stamp_or_philatelic:stamp; stamp_or_philatelic:stamps; commons_file_source,small packet may not need cover-main treatment
Chile|Modern typography and layout|Wikimedia Commons|1880-1884,small_packet_standalone_or_sub_review,decide_if_standalone_normal_main_or_sub_under_nearby_packet,low,false,3,small,card_context_cluster,medium,Chile,Modern typography and layout,Wikimedia Commons,1880-1884,1881-1881,3,3,0,0,3,0,SURF-CCE2026R00055,Stamp of Peru - 1881 - Colnect 416892 - 1 - Postage due stamps.jpeg,-10.9,card_context_candidate,stamp_or_philatelic:postage; stamp_or_philatelic:stamp; stamp_or_philatelic:stamps; commons_file_source,small packet may not need cover-main treatment
Chile|Modern typography and layout|Wikimedia Commons|1945-1949,small_packet_standalone_or_sub_review,decide_if_standalone_normal_main_or_sub_under_nearby_packet,low,false,3,small,card_context_cluster,medium,Chile,Modern typography and layout,Wikimedia Commons,1945-1949,1947-1947,3,3,0,0,3,0,SURF-CCT2026R02308,Chile antartica.jpg,-3.1,card_context_candidate,stamp_or_philatelic:postage; stamp_or_philatelic:stamp; stamp_or_philatelic:stamps; commons_file_source,small packet may not need cover-main treatment
China / Hong Kong|Modern typography and layout|Wikimedia Commons|1885-1889,small_packet_standalone_or_sub_review,decide_if_standalone_normal_main_or_sub_under_nearby_packet,low,true,3,small,mixed_manual_relation_review,low,China / Hong Kong,Modern typography and layout,Wikimedia Commons,1885-1889,1885-1888,5,3,0,0,1,0,SURF-CAW2026R00472,"Norton's Union Intelligencer. (Dallas, Tex.), Vol. 9, No. 246, Ed. 1 Thursday, February 26, 1885 - DPLA - 4ebcd6aa4c7265b1f5bcc4e4301b655e (page 4).jpg",96.8,manual_relation_review,commons_file_source,small packet may not need cover-main treatment
China / Hong Kong|Modern typography and layout|Wikimedia Commons|1935-1939,small_packet_standalone_or_sub_review,decide_if_standalone_normal_main_or_sub_under_nearby_packet,low,true,3,small,mixed_manual_relation_review,low,China / Hong Kong,Modern typography and layout,Wikimedia Commons,1935-1939,1935-1935,4,3,0,0,1,0,SURF-CCT2026R01165,Sonsanddaughtersintimeofstormmovieposter.jpg,97.55,manual_relation_review,commons_file_source,small packet may not need cover-main treatment
China / Hong Kong|Modern typography and layout|Wikimedia Commons|1960-1964,small_packet_standalone_or_sub_review,decide_if_standalone_normal_main_or_sub_under_nearby_packet,low,true,3,small,mixed_manual_relation_review,low,China / Hong Kong,Modern typography and layout,Wikimedia Commons,1960-1964,1961-1963,3,3,0,0,2,0,SURF-CCE2026R00620,Wong Lo Kat1966.jpg,97.1,manual_relation_review,commons_file_source,small packet may not need cover-main treatment
China / Hong Kong|Modern typography and layout|Wikimedia Commons|1965-1969,small_packet_standalone_or_sub_review,decide_if_standalone_normal_main_or_sub_under_nearby_packet,low,false,3,small,card_context_cluster,medium,China / Hong Kong,Modern typography and layout,Wikimedia Commons,1965-1969,1965-1968,4,3,0,0,3,0,SURF-CAW2026R02741,0LucyStone.jpg,2.55,card_context_candidate,stamp_or_philatelic:postage; stamp_or_philatelic:stamp; commons_file_source,small packet may not need cover-main treatment
Colombia|Modern typography and layout|Wikimedia Commons|1940-1944,small_packet_standalone_or_sub_review,decide_if_standalone_normal_main_or_sub_under_nearby_packet,low,false,3,small,card_context_cluster,medium,Colombia,Modern typography and layout,Wikimedia Commons,1940-1944,1941-1941,3,3,0,0,3,0,SURF-CGS2026R0842,Stamp of Selangor - 1941 - Colnect 709728 - Mosque and Palace in Klang.jpeg,6.4,card_context_candidate,stamp_or_philatelic:stamp; stamp_or_philatelic:stamps; commons_file_source,small packet may not need cover-main treatment
Colombia|Modern typography and layout|Wikimedia Commons|1955-1959,small_packet_standalone_or_sub_review,decide_if_standalone_normal_main_or_sub_under_nearby_packet,low,false,3,small,card_context_cluster,medium,Colombia,Modern typography and layout,Wikimedia Commons,1955-1959,1955-1957,3,3,0,0,3,0,SURF-CGS2026R0858,Stamp of Perak - 1955 - Colnect 709688 - Sultan Yussuf Izzuddin Shah.jpeg,6.3,card_context_candidate,stamp_or_philatelic:stamp; stamp_or_philatelic:stamps; commons_file_source,small packet may not need cover-main treatment
Colombia|Modern typography and layout|Wikimedia Commons|1980-1984,small_packet_standalone_or_sub_review,decide_if_standalone_normal_main_or_sub_under_nearby_packet,low,false,3,small,card_context_cluster,medium,Colombia,Modern typography and layout,Wikimedia Commons,1980-1984,1981-1984,3,3,0,0,3,0,SURF-CGS2026R0867,"Tenth Non-Aligned Summit, 500rp (1992).jpg",3.2,card_context_candidate,stamp_or_philatelic:stamp; stamp_or_philatelic:stamps; commons_file_source,small packet may not need cover-main treatment
Colombia|Travel and transport poster culture|Wikimedia Commons|1945-1949,small_packet_standalone_or_sub_review,decide_if_standalone_normal_main_or_sub_under_nearby_packet,low,false,3,small,card_context_cluster,medium,Colombia,Travel and transport poster culture,Wikimedia Commons,1945-1949,1945-1949,3,3,0,0,3,0,SURF-CGS2026R0845,Stamp of Perak - 1949 - Colnect 709686 - 1 - Hemispheres Vickers Viking Airliner and Steamer.jpeg,-11.8,card_context_candidate,weak_context:anniversary; stamp_or_philatelic:stamp; stamp_or_philatelic:stamps; commons_file_source,small packet may not need cover-main treatment
Croatia|Modern typography and layout|Wikimedia Commons|1945-1949,small_packet_standalone_or_sub_review,decide_if_standalone_normal_main_or_sub_under_nearby_packet,low,false,3,small,card_context_cluster,medium,Croatia,Modern typography and layout,Wikimedia Commons,1945-1949,1945-1949,3,3,0,0,3,0,SURF-CAW2026R02254,Stamp of Indonesia - 1949 - Colnect 696979 - 75 years Universal Postal Union UPU.jpeg,-5.8,card_context_candidate,weak_context:anniversary; stamp_or_philatelic:postage; stamp_or_philatelic:stamp; stamp_or_philatelic:stamps; commons_file_source,small packet may not need cover-main treatment
Democratic Republic of the Congo|Modern typography and layout|Wikimedia Commons|1885-1889,small_packet_standalone_or_sub_review,decide_if_standalone_normal_main_or_sub_under_nearby_packet,low,false,3,small,card_context_cluster,medium,Democratic Republic of the Congo,Modern typography and layout,Wikimedia Commons,1885-1889,1886-1889,4,3,0,0,3,0,SURF-CAW2026R00483,"Stamp of Congo, Free State - 1886 - Colnect 563535 - Leopold II Profile to the Left - Imperforate.jpeg",-6.15,card_context_candidate,weak_context:profile; stamp_or_philatelic:postage; stamp_or_philatelic:stamp; stamp_or_philatelic:stamps; commons_file_source,small packet may not need cover-main treatment
Democratic Republic of the Congo|Modern typography and layout|Wikimedia Commons|1895-1899,small_packet_standalone_or_sub_review,decide_if_standalone_normal_main_or_sub_under_nearby_packet,low,true,3,small,mixed_manual_relation_review,low,Democratic Republic of the Congo,Modern typography and layout,Wikimedia Commons,1895-1899,1895-1898,3,3,0,0,1,0,SURF-CAW2026R00745,The Barnum and Bailey Greatest Show on Earth. The Peerless Prodigies of Physical Phenomena. (with) Smallest Man Alive (and) the Congo Giant LCCN2002719038.tif,93.3,manual_relation_review,commons_file_source,small packet may not need cover-main treatment
Estonia|Modern typography and layout|Wikimedia Commons|1990-1994,small_packet_standalone_or_sub_review,decide_if_standalone_normal_main_or_sub_under_nearby_packet,low,false,3,small,card_context_cluster,medium,Estonia,Modern typography and layout,Wikimedia Commons,1990-1994,1990-1990,3,3,0,0,3,0,SURF-CAW2026R03205,"The Soviet Union 1990 CPA 6236 stamp (St. Nicholas Church. Tallinn, Estonia) small resolution.jpg",-2.3,card_context_candidate,stamp_or_philatelic:postage; stamp_or_philatelic:stamp; stamp_or_philatelic:stamps; commons_file_source,small packet may not need cover-main treatment
Georgia|Modern typography and layout|Wikimedia Commons|1995-1999,small_packet_standalone_or_sub_review,decide_if_standalone_normal_main_or_sub_under_nearby_packet,low,false,3,small,card_context_cluster,medium,Georgia,Modern typography and layout,Wikimedia Commons,1995-1999,1996-1999,3,3,0,0,3,0,SURF-CRB2026V2R0285,Stamp of Abkhazia - 1999 - Colnect 1003149 - Pseudemys Scripta.jpeg,-1.3,card_context_candidate,stamp_or_philatelic:postage; stamp_or_philatelic:stamp; stamp_or_philatelic:stamps; commons_file_source,small packet may not need cover-main treatment
Georgia|Modern typography and layout|Wikimedia Commons|2005-2009,small_packet_standalone_or_sub_review,decide_if_standalone_normal_main_or_sub_under_nearby_packet,low,false,3,small,card_context_cluster,medium,Georgia,Modern typography and layout,Wikimedia Commons,2005-2009,2007-2009,3,3,0,0,3,0,SURF-CRG2026R3865,Stamp of Georgia - 2008 - Colnect 293049 - Georgian letters and stamp.jpeg,2.6,card_context_candidate,stamp_or_philatelic:stamp; stamp_or_philatelic:stamps; commons_file_source,small packet may not need cover-main treatment
Indonesia|Travel and transport poster culture|Wikimedia Commons|1995-1999,small_packet_standalone_or_sub_review,decide_if_standalone_normal_main_or_sub_under_nearby_packet,low,false,3,small,card_context_cluster,medium,Indonesia,Travel and transport poster culture,Wikimedia Commons,1995-1999,1997-1997,3,3,0,0,3,0,SURF-CRG2026R3782,Stamp of Indonesia - 1997 - Colnect 774463 - Indonesian Transportation by land and by rail.jpeg,3.2,card_context_candidate,stamp_or_philatelic:stamp; stamp_or_philatelic:stamps; commons_file_source,small packet may not need cover-main treatment
Indonesia|World War and public-information graphics|Wikimedia Commons|1975-1979,small_packet_standalone_or_sub_review,decide_if_standalone_normal_main_or_sub_under_nearby_packet,low,false,3,small,card_context_cluster,medium,Indonesia,World War and public-information graphics,Wikimedia Commons,1975-1979,1975-1976,3,3,0,0,3,0,SURF-CRG2026R2989,Stamp of Indonesia - 1976 - Colnect 258317 - Victory in World Badminton Championships.jpeg,3.2,card_context_candidate,stamp_or_philatelic:stamp; stamp_or_philatelic:stamps; commons_file_source,small packet may not need cover-main treatment
Iran|Modern typography and layout|Wikimedia Commons|2005-2009,small_packet_standalone_or_sub_review,decide_if_standalone_normal_main_or_sub_under_nearby_packet,low,false,3,small,card_context_cluster,medium,Iran,Modern typography and layout,Wikimedia Commons,2005-2009,2006-2009,4,3,0,0,3,0,SURF-CRB2026V2R0499,Postage stamp-Iran Constitution-100 Aniversary.jpg,4.55,card_context_candidate,stamp_or_philatelic:postage; stamp_or_philatelic:stamp; commons_file_source,small packet may not need cover-main treatment
Italy|Modern typography and layout|Wikimedia Commons|1900-1904,small_packet_standalone_or_sub_review,decide_if_standalone_normal_main_or_sub_under_nearby_packet,low,false,3,small,card_context_cluster,medium,Italy,Modern typography and layout,Wikimedia Commons,1900-1904,1901-1903,3,3,0,0,3,0,SURF-CRG2026R0186,ITA-DA 1919 MiNr0002 mt B002a.jpg,2.9,card_context_candidate,stamp_or_philatelic:stamp; stamp_or_philatelic:stamps; commons_file_source,small packet may not need cover-main treatment
Japan|Modern typography and layout|Wikimedia Commons|1970-1974,small_packet_standalone_or_sub_review,decide_if_standalone_normal_main_or_sub_under_nearby_packet,low,false,3,small,card_context_cluster,medium,Japan,Modern typography and layout,Wikimedia Commons,1970-1974,1971-1971,3,3,0,0,3,0,SURF-CRG2026R2080,Stamp of Ajman - 1971 - Colnect 950602 - Japanese Sparrowhawk Accipiter gularis.jpeg,4.1,card_context_candidate,stamp_or_philatelic:stamp; stamp_or_philatelic:stamps; commons_file_source,small packet may not need cover-main treatment
Korean Peninsula|Modern typography and layout|Wikimedia Commons|2000-2004,small_packet_standalone_or_sub_review,decide_if_standalone_normal_main_or_sub_under_nearby_packet,low,false,3,small,card_context_cluster,medium,Korean Peninsula,Modern typography and layout,Wikimedia Commons,2000-2004,2002-2002,3,3,0,0,3,0,SURF-CRB2026V2R0186,Stamp of Kyrgyzstan football1.jpg,-1.9,card_context_candidate,stamp_or_philatelic:postage; stamp_or_philatelic:stamp; stamp_or_philatelic:stamps; commons_file_source,small packet may not need cover-main treatment
Kyrgyzstan|Modern typography and layout|Wikimedia Commons|1985-1989,small_packet_standalone_or_sub_review,decide_if_standalone_normal_main_or_sub_under_nearby_packet,low,false,3,small,card_context_cluster,medium,Kyrgyzstan,Modern typography and layout,Wikimedia Commons,1985-1989,1988-1988,3,3,0,0,3,0,SURF-CAW2026R03092,1988. Киргизская борзая тайган.jpg,-2.8,card_context_candidate,stamp_or_philatelic:postage; stamp_or_philatelic:stamp; stamp_or_philatelic:stamps; commons_file_source,small packet may not need cover-main treatment
Kyrgyzstan|Modern typography and layout|Wikimedia Commons|2005-2009,small_packet_standalone_or_sub_review,decide_if_standalone_normal_main_or_sub_under_nearby_packet,low,false,3,small,card_context_cluster,medium,Kyrgyzstan,Modern typography and layout,Wikimedia Commons,2005-2009,2005-2009,3,3,0,0,3,0,SURF-CAW2026R03513,Stamp of Kyrgyzstan narodnoe.jpg,2.8,card_context_candidate,stamp_or_philatelic:postage; stamp_or_philatelic:stamp; commons_file_source,small packet may not need cover-main treatment
Kyrgyzstan|World War and public-information graphics|Wikimedia Commons|1990-1994,small_packet_standalone_or_sub_review,decide_if_standalone_normal_main_or_sub_under_nearby_packet,low,false,3,small,card_context_cluster,medium,Kyrgyzstan,World War and public-information graphics,Wikimedia Commons,1990-1994,1990-1990,3,3,0,0,3,0,SURF-CAW2026R03179,"The Soviet Union 1990 CPA 6202 stamp (Manas, Kyrgyz epic poem. Warrior with saber leading battle. T. Gertsen).jpg",-13.7,card_context_candidate,stamp_or_philatelic:postage; stamp_or_philatelic:stamp; commons_file_source,small packet may not need cover-main treatment
Kyrgyzstan|World War and public-information graphics|Wikimedia Commons|2010-2014,small_packet_standalone_or_sub_review,decide_if_standalone_normal_main_or_sub_under_nearby_packet,low,true,3,small,mixed_manual_relation_review,low,Kyrgyzstan,World War and public-information graphics,Wikimedia Commons,2010-2014,2010-2010,3,3,0,0,0,0,SURF-CAW2026R03697,'300 Lives in 30 Days' campaign raises $50k DVIDS282037.jpg,98.4,manual_relation_review,commons_file_source,small packet may not need cover-main treatment
Latin America|Modern typography and layout|Wikimedia Commons|1880-1884,small_packet_standalone_or_sub_review,decide_if_standalone_normal_main_or_sub_under_nearby_packet,low,true,3,small,mixed_manual_relation_review,low,Latin America,Modern typography and layout,Wikimedia Commons,1880-1884,1881-1882,5,3,0,1,2,0,SURF-CAW2026R00434,Alexandre Courtines - Niña al piano.jpg,67.9,packet_member_review,commons_file_source,small packet may not need cover-main treatment
Latvia|Modern typography and layout|Wikimedia Commons|1935-1939,small_packet_standalone_or_sub_review,decide_if_standalone_normal_main_or_sub_under_nearby_packet,low,false,3,small,card_context_cluster,medium,Latvia,Modern typography and layout,Wikimedia Commons,1935-1939,1937-1937,3,3,0,0,3,0,SURF-CAW2026R01846,19370712 5sant Latvia Postage Stamp.jpg,-15.8,card_context_candidate,stamp_or_philatelic:postage; stamp_or_philatelic:stamp; commons_file_source,small packet may not need cover-main treatment
Latvia|Modern typography and layout|Wikimedia Commons|1970-1974,small_packet_standalone_or_sub_review,decide_if_standalone_normal_main_or_sub_under_nearby_packet,low,false,3,small,card_context_cluster,medium,Latvia,Modern typography and layout,Wikimedia Commons,1970-1974,1973-1974,3,3,0,0,3,0,SURF-CAW2026R02882,Ford B0112 NLGRF photo contact sheet (1976-06-06)(Gerald Ford Library).jpg,8.9,card_context_candidate,stamp_or_philatelic:postage; stamp_or_philatelic:stamp; commons_file_source,small packet may not need cover-main treatment
Mexico|Modern typography and layout|Wikimedia Commons|1850-1854,small_packet_standalone_or_sub_review,decide_if_standalone_normal_main_or_sub_under_nearby_packet,low,true,3,small,mixed_manual_relation_review,low,Mexico,Modern typography and layout,Wikimedia Commons,1850-1854,1850-1852,4,3,0,0,2,0,SURF-CGS2026R1133,Calavera garbancera.png,94.25,manual_relation_review,commons_file_source,small packet may not need cover-main treatment
Mexico|Modern typography and layout|Wikimedia Commons|1900-1904,small_packet_standalone_or_sub_review,decide_if_standalone_normal_main_or_sub_under_nearby_packet,low,true,3,small,mixed_manual_relation_review,low,Mexico,Modern typography and layout,Wikimedia Commons,1900-1904,1900-1903,5,3,0,1,1,0,SURF-CAW2026R00833,"Print, trade-card (BM 1983,U.2002).jpg",95.9,manual_relation_review,commons_file_source,small packet may not need cover-main treatment
Mongolia|Modern typography and layout|Wikimedia Commons|1980-1984,small_packet_standalone_or_sub_review,decide_if_standalone_normal_main_or_sub_under_nearby_packet,low,false,3,small,card_context_cluster,medium,Mongolia,Modern typography and layout,Wikimedia Commons,1980-1984,1981-1981,3,3,0,0,3,0,SURF-CAW2026R03023,The Soviet Union 1981 CPA 5171 stamp (Soviet-Mongolian Space Flight. Mongolians watching space flight of orbital complex Salyut 6-Soyuz T4-Soyuz 39 on television).png,-1.6,card_context_candidate,stamp_or_philatelic:postage; stamp_or_philatelic:stamp; commons_file_source,small packet may not need cover-main treatment
Mozambique|Modern typography and layout|Wikimedia Commons|1895-1899,small_packet_standalone_or_sub_review,decide_if_standalone_normal_main_or_sub_under_nearby_packet,low,false,3,small,card_context_cluster,medium,Mozambique,Modern typography and layout,Wikimedia Commons,1895-1899,1895-1895,3,3,0,0,3,0,SURF-CAW2026R00685,Stamp of Peru - 1896 - Colnect 846114 - Sun and Mountain Overprinted.jpeg,-10.6,card_context_candidate,stamp_or_philatelic:postage; stamp_or_philatelic:stamp; stamp_or_philatelic:stamps; commons_file_source,small packet may not need cover-main treatment
Mozambique|Modern typography and layout|Wikimedia Commons|1920-1924,small_packet_standalone_or_sub_review,decide_if_standalone_normal_main_or_sub_under_nearby_packet,low,false,3,small,card_context_cluster,medium,Mozambique,Modern typography and layout,Wikimedia Commons,1920-1924,1921-1921,3,3,0,0,3,0,SURF-CAW2026R01473,Stamp of Peru - 1921 - Colnect 846133 - Number 2.jpeg,-13.7,card_context_candidate,stamp_or_philatelic:postage; stamp_or_philatelic:stamp; stamp_or_philatelic:stamps; commons_file_source,small packet may not need cover-main treatment
Pakistan|Modern typography and layout|Wikimedia Commons|1965-1969,small_packet_standalone_or_sub_review,decide_if_standalone_normal_main_or_sub_under_nearby_packet,low,false,3,small,card_context_cluster,medium,Pakistan,Modern typography and layout,Wikimedia Commons,1965-1969,1966-1968,4,3,0,0,3,0,SURF-CRB2026V2R0644,Pakistan's First Atomic Reactor on Pakistan stamp.jpg,-13.65,card_context_candidate,stamp_or_philatelic:postage; stamp_or_philatelic:stamp; commons_file_source,small packet may not need cover-main treatment
Peru|Modern typography and layout|Wikimedia Commons|1855-1859,small_packet_standalone_or_sub_review,decide_if_standalone_normal_main_or_sub_under_nearby_packet,low,false,3,small,card_context_cluster,medium,Peru,Modern typography and layout,Wikimedia Commons,1855-1859,1856-1857,4,3,0,0,3,0,SURF-CCE2026R00014,Stamp of Peru - 1957 - Colnect 131361 - 1r Stamp Of 1857.jpeg,-15.85,card_context_candidate,stamp_or_philatelic:philatelic; stamp_or_philatelic:postage; stamp_or_philatelic:stamp; stamp_or_philatelic:stamps; commons_file_source,small packet may not need cover-main treatment
Peru|Modern typography and layout|Wikimedia Commons|1885-1889,small_packet_standalone_or_sub_review,decide_if_standalone_normal_main_or_sub_under_nearby_packet,low,false,3,small,card_context_cluster,medium,Peru,Modern typography and layout,Wikimedia Commons,1885-1889,1886-1887,4,3,0,0,3,0,SURF-CCE2026R00065,Stamp of Peru - 1890 - Colnect 417583 - GOBIERNO on Sun.jpeg,-2.95,card_context_candidate,stamp_or_philatelic:stamp; stamp_or_philatelic:stamps; commons_file_source,small packet may not need cover-main treatment
Peru|World War and public-information graphics|Wikimedia Commons|1905-1909,small_packet_standalone_or_sub_review,decide_if_standalone_normal_main_or_sub_under_nearby_packet,low,false,3,small,card_context_cluster,medium,Peru,World War and public-information graphics,Wikimedia Commons,1905-1909,1907-1909,3,3,0,0,3,0,SURF-CCE2026R00138,Stamp of Peru - 1907 - Colnect 225350 - National Institute of Hygiene in Lima.jpeg,-1.3,card_context_candidate,stamp_or_philatelic:stamp; stamp_or_philatelic:stamps; commons_file_source,small packet may not need cover-main treatment
Romania|Modern typography and layout|Wikimedia Commons|1990-1994,small_packet_standalone_or_sub_review,decide_if_standalone_normal_main_or_sub_under_nearby_packet,low,false,3,small,card_context_cluster,medium,Romania,Modern typography and layout,Wikimedia Commons,1990-1994,1990-1994,3,3,0,0,3,0,SURF-CAW2026R03294,Stamp of Indonesia - 1994 - Colnect 775605 - Mask dance East Java.jpeg,-2.8,card_context_candidate,stamp_or_philatelic:postage; stamp_or_philatelic:stamp; stamp_or_philatelic:stamps; commons_file_source,small packet may not need cover-main treatment
Russia|Modern typography and layout|Wikimedia Commons|1970-1974,small_packet_standalone_or_sub_review,decide_if_standalone_normal_main_or_sub_under_nearby_packet,low,false,3,small,card_context_cluster,medium,Russia,Modern typography and layout,Wikimedia Commons,1970-1974,1970-1971,4,3,0,0,3,0,SURF-CRG2026R2059,Russia stamp 2020 № 2622.jpg,11.55,card_context_candidate,stamp_or_philatelic:stamp; commons_file_source,small packet may not need cover-main treatment
Serbia|Modern typography and layout|Wikimedia Commons|1880-1884,small_packet_standalone_or_sub_review,decide_if_standalone_normal_main_or_sub_under_nearby_packet,low,false,3,small,card_context_cluster,medium,Serbia,Modern typography and layout,Wikimedia Commons,1880-1884,1881-1884,3,3,0,0,3,0,SURF-CAW2026R00404,Stamp of Peru - 1881 - Colnect 844941 - Revenue Stamp Overprinted.jpeg,0.5,card_context_candidate,stamp_or_philatelic:postage; stamp_or_philatelic:stamp; stamp_or_philatelic:stamps; commons_file_source,small packet may not need cover-main treatment
Serbia|Modern typography and layout|Wikimedia Commons|1915-1919,small_packet_standalone_or_sub_review,decide_if_standalone_normal_main_or_sub_under_nearby_packet,low,false,3,small,card_context_cluster,medium,Serbia,Modern typography and layout,Wikimedia Commons,1915-1919,1916-1919,3,3,0,0,3,0,SURF-CCT2026R01726,StampAustriaSerbia1916Michel42.jpg,-3.2,card_context_candidate,stamp_or_philatelic:postage; stamp_or_philatelic:stamp; stamp_or_philatelic:stamps; commons_file_source,small packet may not need cover-main treatment
South Africa|Modern typography and layout|Wikimedia Commons|1880-1884,small_packet_standalone_or_sub_review,decide_if_standalone_normal_main_or_sub_under_nearby_packet,low,false,3,small,card_context_cluster,medium,South Africa,Modern typography and layout,Wikimedia Commons,1880-1884,1882-1883,3,3,0,0,3,0,SURF-CAW2026R00426,Stamp of Orange Free State - 1882 - Colnect 627866 - Orange tree.jpeg,-4.2,card_context_candidate,stamp_or_philatelic:postage; stamp_or_philatelic:stamp; stamp_or_philatelic:stamps; commons_file_source,small packet may not need cover-main treatment
South Africa|World War and public-information graphics|Wikimedia Commons|1940-1944,small_packet_standalone_or_sub_review,decide_if_standalone_normal_main_or_sub_under_nearby_packet,low,false,3,small,card_context_cluster,medium,South Africa,World War and public-information graphics,Wikimedia Commons,1940-1944,1940-1940,3,3,0,0,3,0,SURF-CCT2026R00629,South West Africa stamps.jpg,-2.5,card_context_candidate,stamp_or_philatelic:postage; stamp_or_philatelic:stamp; stamp_or_philatelic:stamps; commons_file_source,small packet may not need cover-main treatment
Syria|Modern typography and layout|Wikimedia Commons|1915-1919,small_packet_standalone_or_sub_review,decide_if_standalone_normal_main_or_sub_under_nearby_packet,low,true,3,small,mixed_manual_relation_review,low,Syria,Modern typography and layout,Wikimedia Commons,1915-1919,1916-1918,3,3,0,0,1,0,SURF-CAW2026R01323,Save the survivors LCCN2002719416.tif,96.9,manual_relation_review,commons_file_source,small packet may not need cover-main treatment
Syria|Modern typography and layout|Wikimedia Commons|1990-1994,small_packet_standalone_or_sub_review,decide_if_standalone_normal_main_or_sub_under_nearby_packet,low,false,3,small,card_context_cluster,medium,Syria,Modern typography and layout,Wikimedia Commons,1990-1994,1990-1990,3,3,0,0,3,0,SURF-CCE2026R00844,"Syrian postage stamp commemorating International Workers' Day, 1997.jpg",-2.0,card_context_candidate,stamp_or_philatelic:postage; stamp_or_philatelic:stamp; stamp_or_philatelic:stamps; commons_file_source,small packet may not need cover-main treatment
Tajikistan|World War and public-information graphics|Wikimedia Commons|1990-1994,small_packet_standalone_or_sub_review,decide_if_standalone_normal_main_or_sub_under_nearby_packet,low,false,3,small,card_context_cluster,medium,Tajikistan,World War and public-information graphics,Wikimedia Commons,1990-1994,1990-1990,3,3,0,0,3,0,SURF-CAW2026R03186,"The Soviet Union 1990 CPA 6203 stamp with label (Guraguli, Tadzhik epic poem. Armored warriors. I. Martynov).png",-16.0,card_context_candidate,stamp_or_philatelic:postage; stamp_or_philatelic:stamp; commons_file_source,small packet may not need cover-main treatment
Tunisia|Modern typography and layout|Wikimedia Commons|1960-1964,small_packet_standalone_or_sub_review,decide_if_standalone_normal_main_or_sub_under_nearby_packet,low,false,3,small,card_context_cluster,medium,Tunisia,Modern typography and layout,Wikimedia Commons,1960-1964,1961-1961,3,3,0,0,3,0,SURF-CAW2026R02600,Stamp of Indonesia - 1961 - Colnect 926769 - Tourist - Ambonese boat.jpeg,0.8,card_context_candidate,stamp_or_philatelic:postage; stamp_or_philatelic:stamp; stamp_or_philatelic:stamps; commons_file_source,small packet may not need cover-main treatment
Turkey|Modern typography and layout|Wikimedia Commons|1880-1884,small_packet_standalone_or_sub_review,decide_if_standalone_normal_main_or_sub_under_nearby_packet,low,false,3,small,card_context_cluster,medium,Turkey,Modern typography and layout,Wikimedia Commons,1880-1884,1883-1883,3,3,0,0,3,0,SURF-CAW2026R00450,Austria Levant 1883 Sc13a.jpg,-17.0,card_context_candidate,stamp_or_philatelic:postage; stamp_or_philatelic:stamp; commons_file_source,small packet may not need cover-main treatment
Turkey|Modern typography and layout|Wikimedia Commons|1915-1919,small_packet_standalone_or_sub_review,decide_if_standalone_normal_main_or_sub_under_nearby_packet,low,true,3,small,mixed_manual_relation_review,low,Turkey,Modern typography and layout,Wikimedia Commons,1915-1919,1915-1917,4,3,0,1,2,0,SURF-CAW2026R01216,LittleWonder.jpg,72.55,packet_member_review,commons_file_source,small packet may not need cover-main treatment
Turkey|Modern typography and layout|Wikimedia Commons|1970-1974,small_packet_standalone_or_sub_review,decide_if_standalone_normal_main_or_sub_under_nearby_packet,low,false,3,small,card_context_cluster,medium,Turkey,Modern typography and layout,Wikimedia Commons,1970-1974,1971-1974,3,3,0,0,3,0,SURF-CAW2026R02890,Ford B2342 NLGRF photo contact sheet (1976-11-25)(Gerald Ford Library).jpg,9.8,card_context_candidate,stamp_or_philatelic:postage; stamp_or_philatelic:stamp; commons_file_source,small packet may not need cover-main treatment
Turkey|Modern typography and layout|Wikimedia Commons|2000-2004,small_packet_standalone_or_sub_review,decide_if_standalone_normal_main_or_sub_under_nearby_packet,low,false,3,small,card_context_cluster,medium,Turkey,Modern typography and layout,Wikimedia Commons,2000-2004,2002-2003,3,3,0,0,3,0,SURF-CAW2026R03469,ArmenianStamps-272.jpg,0.4,card_context_candidate,stamp_or_philatelic:postage; stamp_or_philatelic:stamp; commons_file_source,small packet may not need cover-main treatment
Turkey|Travel and transport poster culture|Wikimedia Commons|1880-1884,small_packet_standalone_or_sub_review,decide_if_standalone_normal_main_or_sub_under_nearby_packet,low,false,3,small,card_context_cluster,medium,Turkey,Travel and transport poster culture,Wikimedia Commons,1880-1884,1884-1884,3,3,0,0,3,0,SURF-CCT2026R03201,Turkey katchak contrebande type IV 20pa bisect.jpg,-0.7,card_context_candidate,stamp_or_philatelic:postage; stamp_or_philatelic:stamp; stamp_or_philatelic:stamps; commons_file_source,small packet may not need cover-main treatment
Ukraine|Modern typography and layout|Wikimedia Commons|1920-1924,small_packet_standalone_or_sub_review,decide_if_standalone_normal_main_or_sub_under_nearby_packet,low,false,3,small,card_context_cluster,medium,Ukraine,Modern typography and layout,Wikimedia Commons,1920-1924,1920-1923,4,3,0,0,3,0,SURF-CRB2026V3R00044,"Postage stamp of the West Ukrainian National Republic, 1920. 20 Hr face value.png",-10.85,card_context_candidate,stamp_or_philatelic:postage; stamp_or_philatelic:stamp; commons_file_source,small packet may not need cover-main treatment
Ukraine|Modern typography and layout|Wikimedia Commons|1965-1969,small_packet_standalone_or_sub_review,decide_if_standalone_normal_main_or_sub_under_nearby_packet,low,false,3,small,card_context_cluster,medium,Ukraine,Modern typography and layout,Wikimedia Commons,1965-1969,1968-1969,3,3,0,0,3,0,SURF-CRG2026R1820,Stamp of Ukraine s1969 — 1972.jpg,-2.5,card_context_candidate,stamp_or_philatelic:stamp; commons_file_source,small packet may not need cover-main treatment
United Arab Emirates|Modern typography and layout|Wikimedia Commons|1970-1974,small_packet_standalone_or_sub_review,decide_if_standalone_normal_main_or_sub_under_nearby_packet,low,false,3,small,card_context_cluster,medium,United Arab Emirates,Modern typography and layout,Wikimedia Commons,1970-1974,1970-1972,3,3,0,0,3,0,SURF-CAW2026R02844,Stamp of Ajman - 1971 - Colnect 998732 - In the battle against the Turks.jpeg,-1.3,card_context_candidate,stamp_or_philatelic:postage; stamp_or_philatelic:stamp; stamp_or_philatelic:stamps; commons_file_source,small packet may not need cover-main treatment
United Kingdom|Modern typography and layout|Wikimedia Commons|1965-1969,small_packet_standalone_or_sub_review,decide_if_standalone_normal_main_or_sub_under_nearby_packet,low,false,3,small,card_context_cluster,medium,United Kingdom,Modern typography and layout,Wikimedia Commons,1965-1969,1965-1967,3,3,0,0,3,0,SURF-CRG2026R1693,Stamp of Ajman - 1965 - Colnect 197225 - Stamp of Tuscany - Elizabeth catalogue of 1965.jpeg,9.5,card_context_candidate,stamp_or_philatelic:stamp; stamp_or_philatelic:stamps; commons_file_source,small packet may not need cover-main treatment
United States|Modern typography and layout|Letterform Archive|2025-2029,small_packet_standalone_or_sub_review,decide_if_standalone_normal_main_or_sub_under_nearby_packet,low,true,3,small,mixed_manual_relation_review,low,United States,Modern typography and layout,Letterform Archive,2025-2029,2026-2026,3,3,0,0,0,0,SURF-EW1970R035,"This Just In: Chinese Lettering Manuals, 1930⁠–⁠1971",96.6,manual_relation_review,,small packet may not need cover-main treatment
United States|Modern typography and layout|Wikimedia Commons|1875-1879,small_packet_standalone_or_sub_review,decide_if_standalone_normal_main_or_sub_under_nearby_packet,low,true,3,small,mixed_manual_relation_review,low,United States,Modern typography and layout,Wikimedia Commons,1875-1879,1878-1879,3,3,0,0,2,0,SURF-CAW2026R00359,Madame Depret dressmaking establishment advertisement.png,94.4,manual_relation_review,commons_file_source,small packet may not need cover-main treatment
United States|Modern typography and layout|Wikimedia Commons|1995-1999,small_packet_standalone_or_sub_review,decide_if_standalone_normal_main_or_sub_under_nearby_packet,low,true,3,small,mixed_manual_relation_review,low,United States,Modern typography and layout,Wikimedia Commons,1995-1999,1996-1996,4,3,0,2,0,0,SURF-CAW2026R03342,SAAM-1996.91.8 1.jpg,94.85,manual_relation_review,commons_file_source,small packet may not need cover-main treatment
United States|World War and public-information graphics|Wikimedia Commons|2000-2004,small_packet_standalone_or_sub_review,decide_if_standalone_normal_main_or_sub_under_nearby_packet,low,true,3,small,mixed_manual_relation_review,low,United States,World War and public-information graphics,Wikimedia Commons,2000-2004,2004-2004,3,3,0,0,0,0,SURF-CAW2026R03497,Androctonus amoreuxi.jpg,93.5,manual_relation_review,commons_file_source,small packet may not need cover-main treatment
United States|World War and public-information graphics|Wikimedia Commons|2015-2019,small_packet_standalone_or_sub_review,decide_if_standalone_normal_main_or_sub_under_nearby_packet,low,true,3,small,mixed_manual_relation_review,low,United States,World War and public-information graphics,Wikimedia Commons,2015-2019,2018-2018,3,3,0,0,0,0,SURF-LPC2026R082,Two blurred figures with a warning about the risk of drug Wellcome L0052370.jpg,94.8,manual_relation_review,commons_file_source,small packet may not need cover-main treatment
Uruguay|Modern typography and layout|Wikimedia Commons|1945-1949,small_packet_standalone_or_sub_review,decide_if_standalone_normal_main_or_sub_under_nearby_packet,low,false,3,small,card_context_cluster,medium,Uruguay,Modern typography and layout,Wikimedia Commons,1945-1949,1948-1949,3,3,0,0,3,0,SURF-CAW2026R02264,Stamp of Indonesia - 1949 - Colnect 294960 - Special services Pos Udara Expres.jpeg,-18.2,card_context_candidate,stamp_or_philatelic:postage; stamp_or_philatelic:stamp; stamp_or_philatelic:stamps; commons_file_source,small packet may not need cover-main treatment
Uzbekistan|Modern typography and layout|Wikimedia Commons|2005-2009,small_packet_standalone_or_sub_review,decide_if_standalone_normal_main_or_sub_under_nearby_packet,low,false,3,small,card_context_cluster,medium,Uzbekistan,Modern typography and layout,Wikimedia Commons,2005-2009,2006-2007,3,3,0,0,3,0,SURF-CRB2026V2R0150,"Stamps of Uzbekistan, 2006-072.jpg",-8.4,card_context_candidate,stamp_or_philatelic:postage; stamp_or_philatelic:stamp; stamp_or_philatelic:stamps; commons_file_source,small packet may not need cover-main treatment
Venezuela|Corporate identity and design systems|Wikimedia Commons|1890-1894,small_packet_standalone_or_sub_review,decide_if_standalone_normal_main_or_sub_under_nearby_packet,low,false,3,small,card_context_cluster,medium,Venezuela,Corporate identity and design systems,Wikimedia Commons,1890-1894,1893-1893,3,3,0,0,3,0,SURF-CCT2026R02614,Estampilla de Efigie de Simón Bolívar (escuela) 1893 001.jpg,3.9,card_context_candidate,stamp_or_philatelic:postage; stamp_or_philatelic:stamp; commons_file_source,small packet may not need cover-main treatment
Venezuela|Corporate identity and design systems|Wikimedia Commons|1935-1939,small_packet_standalone_or_sub_review,decide_if_standalone_normal_main_or_sub_under_nearby_packet,low,false,3,small,card_context_cluster,medium,Venezuela,Corporate identity and design systems,Wikimedia Commons,1935-1939,1938-1939,3,3,0,0,3,0,SURF-CCT2026R02625,80 aniversario de la impresión de la primera estampilla venezolana 1939 000.jpg,-0.1,card_context_candidate,stamp_or_philatelic:postage; stamp_or_philatelic:stamp; stamp_or_philatelic:stamps; commons_file_source,small packet may not need cover-main treatment
Africa|Midcentury modern graphic communication|African Digital Heritage|2020-2024,small_packet_standalone_or_sub_review,decide_if_standalone_normal_main_or_sub_under_nearby_packet,low,true,2,small,small_anchor_or_manual,low,Africa,Midcentury modern graphic communication,African Digital Heritage,2020-2024,2024-2024,2,2,0,0,0,0,SURF-NMR1990R0013,Using Digital Tools to Reimagine Cultural Heritage Spaces,94.95,manual_relation_review,,small packet may not need cover-main treatment
Albania|Modern typography and layout|Wikimedia Commons|1950-1954,small_packet_standalone_or_sub_review,decide_if_standalone_normal_main_or_sub_under_nearby_packet,low,false,2,small,mixed_manual_relation_review,low,Albania,Modern typography and layout,Wikimedia Commons,1950-1954,1950-1950,4,2,0,0,2,0,SURF-CAW2026R02294,Sami Frashëri 1950 Albania stamp.jpg,4.05,card_context_candidate,stamp_or_philatelic:postage; stamp_or_philatelic:stamp; commons_file_source,small packet may not need cover-main treatment
Albania|Modern typography and layout|Wikimedia Commons|1985-1989,small_packet_standalone_or_sub_review,decide_if_standalone_normal_main_or_sub_under_nearby_packet,low,false,2,small,mixed_manual_relation_review,low,Albania,Modern typography and layout,Wikimedia Commons,1985-1989,1988-1988,2,2,0,0,2,0,SURF-CAW2026R03103,Stamp of Albania - 1988 - Colnect 366177 - 2 - Flowers - back.jpeg,-3.25,card_context_candidate,stamp_or_philatelic:postage; stamp_or_philatelic:stamp; stamp_or_philatelic:stamps; commons_file_source,small packet may not need cover-main treatment
Algeria|Modern typography and layout|Wikimedia Commons|1830-1834,small_packet_standalone_or_sub_review,decide_if_standalone_normal_main_or_sub_under_nearby_packet,low,true,2,small,small_anchor_or_manual,low,Algeria,Modern typography and layout,Wikimedia Commons,1830-1834,1830-1830,2,2,0,0,0,0,SURF-CAW2026R00097,"Licenced victuallers (BM 1868,0808.12294).jpg",94.35,manual_relation_review,commons_file_source,small packet may not need cover-main treatment
Algeria|Modern typography and layout|Wikimedia Commons|1900-1904,small_packet_standalone_or_sub_review,decide_if_standalone_normal_main_or_sub_under_nearby_packet,low,false,2,small,mixed_manual_relation_review,low,Algeria,Modern typography and layout,Wikimedia Commons,1900-1904,1900-1900,2,2,0,0,2,0,SURF-CCT2026R00006,30c French telephone stamp used Algeria.JPG,-23.55,card_context_candidate,stamp_or_philatelic:postage; stamp_or_philatelic:stamp; stamp_or_philatelic:stamps; commons_file_source,small packet may not need cover-main treatment
Algeria|Modern typography and layout|Wikimedia Commons|1905-1909,small_packet_standalone_or_sub_review,decide_if_standalone_normal_main_or_sub_under_nearby_packet,low,false,2,small,mixed_manual_relation_review,low,Algeria,Modern typography and layout,Wikimedia Commons,1905-1909,1907-1908,2,2,0,0,2,0,SURF-CCT2026R00009,"French telephone stamp used in Tizi Ouzou, Algeria 1908.jpg",-4.15,card_context_candidate,stamp_or_philatelic:postage; stamp_or_philatelic:stamp; stamp_or_philatelic:stamps; commons_file_source,small packet may not need cover-main treatment
Angola|Modern typography and layout|Wikimedia Commons|1885-1889,small_packet_standalone_or_sub_review,decide_if_standalone_normal_main_or_sub_under_nearby_packet,low,false,2,small,mixed_manual_relation_review,low,Angola,Modern typography and layout,Wikimedia Commons,1885-1889,1885-1885,2,2,0,0,2,0,SURF-CCT2026R00304,Stamp of Angola - 1885 - Colnect 172309 - Crown.jpeg,-18.75,card_context_candidate,stamp_or_philatelic:postage; stamp_or_philatelic:stamp; stamp_or_philatelic:stamps; commons_file_source,small packet may not need cover-main treatment
Angola|Modern typography and layout|Wikimedia Commons|1975-1979,small_packet_standalone_or_sub_review,decide_if_standalone_normal_main_or_sub_under_nearby_packet,low,true,2,small,mixed_manual_relation_review,low,Angola,Modern typography and layout,Wikimedia Commons,1975-1979,1975-1975,3,2,0,0,0,0,SURF-CAW2026R02898,Looked like everybody in Africa was in there waitin' for us! LCCN2015649159.tif,95.6,manual_relation_review,commons_file_source,small packet may not need cover-main treatment
Angola|Modern typography and layout|Wikimedia Commons|2010-2014,small_packet_standalone_or_sub_review,decide_if_standalone_normal_main_or_sub_under_nearby_packet,low,true,2,small,small_anchor_or_manual,low,Angola,Modern typography and layout,Wikimedia Commons,2010-2014,2011-2011,2,2,0,0,0,0,SURF-CAW2026R03731,Brooklyn Museum 2011.74 Crucifix Nkangi Kiditu (2).jpg,98.15,manual_relation_review,commons_file_source,small packet may not need cover-main treatment
Aotearoa New Zealand|Modern typography and layout|Wikimedia Commons|1965-1969,small_packet_standalone_or_sub_review,decide_if_standalone_normal_main_or_sub_under_nearby_packet,low,false,2,small,mixed_manual_relation_review,low,Aotearoa New Zealand,Modern typography and layout,Wikimedia Commons,1965-1969,1965-1966,2,2,0,0,2,0,SURF-CCE2026R00663,Stamp 1966 NewZealand MiNr0453 pm B002.jpg,-10.45,card_context_candidate,stamp_or_philatelic:commemorative; stamp_or_philatelic:postage; stamp_or_philatelic:stamp; stamp_or_philatelic:stamps; commons_file_source,small packet may not need cover-main treatment
Aotearoa New Zealand|Modern typography and layout|Wikimedia Commons|1970-1974,small_packet_standalone_or_sub_review,decide_if_standalone_normal_main_or_sub_under_nearby_packet,low,true,2,small,mixed_manual_relation_review,low,Aotearoa New Zealand,Modern typography and layout,Wikimedia Commons,1970-1974,1970-1971,5,2,0,1,1,0,SURF-CAW2026R02809,Rock and roll madonna by elton john New Zealand single.png,66.2,packet_member_review,commons_file_source,small packet may not need cover-main treatment
Aotearoa New Zealand|Postwar exhibition and cultural posters|DigitalNZ|1980-1984,small_packet_standalone_or_sub_review,decide_if_standalone_normal_main_or_sub_under_nearby_packet,low,false,2,small,mixed_manual_relation_review,low,Aotearoa New Zealand,Postwar exhibition and cultural posters,DigitalNZ,1980-1984,1982-1984,2,2,0,1,1,0,SURF-DNZPOSTR029,"Summer City poster, Asia Pacific Festival Kite Day",59.05,packet_member_review,,small packet may not need cover-main treatment
Aotearoa New Zealand|World War and public-information graphics|Te Papa|1990-1994,small_packet_standalone_or_sub_review,decide_if_standalone_normal_main_or_sub_under_nearby_packet,low,true,2,small,mixed_manual_relation_review,low,Aotearoa New Zealand,World War and public-information graphics,Te Papa,1990-1994,1990-1992,2,2,0,2,0,0,SURF-GAPIT2026R045,"Poster, 'Independence and Peace'",77.35,packet_member_review,,small packet may not need cover-main treatment
Argentina|Corporate identity and design systems|Wikimedia Commons|1970-1974,small_packet_standalone_or_sub_review,decide_if_standalone_normal_main_or_sub_under_nearby_packet,low,true,2,small,mixed_manual_relation_review,low,Argentina,Corporate identity and design systems,Wikimedia Commons,1970-1974,1970-1973,2,2,0,1,1,0,SURF-CRG2026R2423,Soldados en la calle Chile-1973.png,74.45,packet_member_review,weak_context:talk; commons_file_source,small packet may not need cover-main treatment
Argentina|Modern typography and layout|Wikimedia Commons|1855-1859,small_packet_standalone_or_sub_review,decide_if_standalone_normal_main_or_sub_under_nearby_packet,low,false,2,small,mixed_manual_relation_review,low,Argentina,Modern typography and layout,Wikimedia Commons,1855-1859,1856-1857,2,2,0,0,2,0,SURF-CGS2026R0035,Timbrepopper.jpg,-9.75,card_context_candidate,stamp_or_philatelic:stamp; stamp_or_philatelic:stamps; commons_file_source,small packet may not need cover-main treatment
Argentina|Modern typography and layout|Wikimedia Commons|1995-1999,small_packet_standalone_or_sub_review,decide_if_standalone_normal_main_or_sub_under_nearby_packet,low,false,2,small,mixed_manual_relation_review,low,Argentina,Modern typography and layout,Wikimedia Commons,1995-1999,1996-1997,2,2,0,0,2,0,SURF-CGS2026R0255,Stamp of Ukraine s149.jpg,2.15,card_context_candidate,stamp_or_philatelic:stamp; stamp_or_philatelic:stamps; commons_file_source,small packet may not need cover-main treatment
Argentina|Modern typography and layout|Wikimedia Commons|2000-2004,small_packet_standalone_or_sub_review,decide_if_standalone_normal_main_or_sub_under_nearby_packet,low,true,2,small,mixed_manual_relation_review,low,Argentina,Modern typography and layout,Wikimedia Commons,2000-2004,2000-2001,3,2,0,1,0,0,SURF-CGS2026R0256,The Head of Geniol.jpg,94.1,manual_relation_review,commons_file_source,small packet may not need cover-main treatment
Armenia|Modern typography and layout|Wikimedia Commons|1960-1964,small_packet_standalone_or_sub_review,decide_if_standalone_normal_main_or_sub_under_nearby_packet,low,false,2,small,mixed_manual_relation_review,low,Armenia,Modern typography and layout,Wikimedia Commons,1960-1964,1963-1963,2,2,0,0,2,0,SURF-CAW2026R02623,The Soviet Union 1963 CPA 2912 stamp (Regional Sports. Armenian wrestling 'Kokh').jpg,-15.05,card_context_candidate,stamp_or_philatelic:postage; stamp_or_philatelic:stamp; commons_file_source,small packet may not need cover-main treatment
Armenia|Modern typography and layout|Wikimedia Commons|1975-1979,small_packet_standalone_or_sub_review,decide_if_standalone_normal_main_or_sub_under_nearby_packet,low,false,2,small,mixed_manual_relation_review,low,Armenia,Modern typography and layout,Wikimedia Commons,1975-1979,1978-1978,2,2,0,0,2,0,SURF-CAW2026R02959,"The Soviet Union 1978 CPA 4889 stamp (Armenian Architecture. Lenin statue and Government House, Lenin Square, Yerevan).png",-14.15,card_context_candidate,stamp_or_philatelic:postage; stamp_or_philatelic:stamp; commons_file_source,small packet may not need cover-main treatment
Australia / Indigenous|Modern typography and layout|Wikimedia Commons|1920-1924,small_packet_standalone_or_sub_review,decide_if_standalone_normal_main_or_sub_under_nearby_packet,low,true,2,small,mixed_manual_relation_review,low,Australia / Indigenous,Modern typography and layout,Wikimedia Commons,1920-1924,1920-1920,5,2,0,0,0,0,SURF-CCT2026R03464,CPNP Poster 1929.tif,98.3,manual_relation_review,commons_file_source,small packet may not need cover-main treatment
Australia / Indigenous|Modern typography and layout|Wikimedia Commons|1970-1974,small_packet_standalone_or_sub_review,decide_if_standalone_normal_main_or_sub_under_nearby_packet,low,false,2,small,mixed_manual_relation_review,low,Australia / Indigenous,Modern typography and layout,Wikimedia Commons,1970-1974,1971-1973,3,2,0,0,2,0,SURF-CCT2026R03508,Stamp 1973 Australia MiNr531I pm B002.jpg,-2.8,card_context_candidate,stamp_or_philatelic:postage; stamp_or_philatelic:stamp; stamp_or_philatelic:stamps; commons_file_source,small packet may not need cover-main treatment
Australia / Indigenous|Modern typography and layout|Wikimedia Commons|2015-2019,small_packet_standalone_or_sub_review,decide_if_standalone_normal_main_or_sub_under_nearby_packet,low,true,2,small,mixed_manual_relation_review,low,Australia / Indigenous,Modern typography and layout,Wikimedia Commons,2015-2019,2015-2016,4,2,0,0,0,0,SURF-CAW2026R04166,AIDS Campaign Poster (31132088120).jpg,95.45,manual_relation_review,commons_file_source,small packet may not need cover-main treatment
Australia / Indigenous|Postwar exhibition and cultural posters|NAIDOC Poster Gallery|2010-2014,small_packet_standalone_or_sub_review,decide_if_standalone_normal_main_or_sub_under_nearby_packet,low,true,2,small,mixed_manual_relation_review,low,Australia / Indigenous,Postwar exhibition and cultural posters,NAIDOC Poster Gallery,2010-2014,2013-2014,3,2,0,2,0,0,SURF-LPC2026R060,NAIDOC 2014 Poster,71.2,packet_member_review,,small packet may not need cover-main treatment
Australia / Indigenous|Postwar exhibition and cultural posters|NAIDOC Poster Gallery|2015-2019,small_packet_standalone_or_sub_review,decide_if_standalone_normal_main_or_sub_under_nearby_packet,low,true,2,small,mixed_manual_relation_review,low,Australia / Indigenous,Postwar exhibition and cultural posters,NAIDOC Poster Gallery,2015-2019,2016-2018,2,2,0,2,0,0,SURF-LPC2026R074,NAIDOC 2018 poster,69.75,packet_member_review,,small packet may not need cover-main treatment
Australia / Indigenous|Travel and transport poster culture|Wikimedia Commons|1830-1834,small_packet_standalone_or_sub_review,decide_if_standalone_normal_main_or_sub_under_nearby_packet,low,true,2,small,mixed_manual_relation_review,low,Australia / Indigenous,Travel and transport poster culture,Wikimedia Commons,1830-1834,1831-1831,2,2,0,2,0,0,SURF-CAW2026R00099,Indianische Buschmenschen.jpg,75.45,packet_member_review,commons_file_source,small packet may not need cover-main treatment
Australia / Indigenous|World War and public-information graphics|NAIDOC Poster Gallery|2005-2009,small_packet_standalone_or_sub_review,decide_if_standalone_normal_main_or_sub_under_nearby_packet,low,false,2,small,mixed_manual_relation_review,low,Australia / Indigenous,World War and public-information graphics,NAIDOC Poster Gallery,2005-2009,2007-2008,2,2,0,2,0,0,SURF-LPC2026R036,NAIDOC 2007 Poster,61.55,packet_member_review,,small packet may not need cover-main treatment
Bangladesh|Modern typography and layout|Wikimedia Commons|1955-1959,small_packet_standalone_or_sub_review,decide_if_standalone_normal_main_or_sub_under_nearby_packet,low,true,2,small,mixed_manual_relation_review,low,Bangladesh,Modern typography and layout,Wikimedia Commons,1955-1959,1959-1959,2,2,0,2,0,0,SURF-CRB2026V3R00159,Akash Ar Mati.jpg,76.25,packet_member_review,commons_file_source,small packet may not need cover-main treatment
Bolivia|Modern typography and layout|Wikimedia Commons|1915-1919,small_packet_standalone_or_sub_review,decide_if_standalone_normal_main_or_sub_under_nearby_packet,low,false,2,small,mixed_manual_relation_review,low,Bolivia,Modern typography and layout,Wikimedia Commons,1915-1919,1918-1918,2,2,0,0,2,0,SURF-CCT2026R01950,Stamp of Bolivia - 1918 - Colnect 226967 - Mt Illimani.jpeg,-5.05,card_context_candidate,stamp_or_philatelic:postage; stamp_or_philatelic:stamp; stamp_or_philatelic:stamps; commons_file_source,small packet may not need cover-main treatment
Bolivia|Modern typography and layout|Wikimedia Commons|1950-1954,small_packet_standalone_or_sub_review,decide_if_standalone_normal_main_or_sub_under_nearby_packet,low,false,2,small,mixed_manual_relation_review,low,Bolivia,Modern typography and layout,Wikimedia Commons,1950-1954,1951-1951,2,2,0,0,2,0,SURF-CCT2026R02141,Stamp of Bolivia - 1951 - Colnect 229179 - Church of San Francisco La Paz.jpeg,-12.05,card_context_candidate,stamp_or_philatelic:postage; stamp_or_philatelic:stamp; stamp_or_philatelic:stamps; commons_file_source,small packet may not need cover-main treatment
Bolivia|Travel and transport poster culture|Wikimedia Commons|2010-2014,small_packet_standalone_or_sub_review,decide_if_standalone_normal_main_or_sub_under_nearby_packet,low,true,2,small,mixed_manual_relation_review,low,Bolivia,Travel and transport poster culture,Wikimedia Commons,2010-2014,2010-2010,2,2,0,2,0,0,SURF-CAW2026R03718,Wurtzite-257282.jpg,72.15,packet_member_review,non_design_drift:specimen; commons_file_source,small packet may not need cover-main treatment
Bosnia and Herzegovina|Modern typography and layout|Wikimedia Commons|1920-1924,small_packet_standalone_or_sub_review,decide_if_standalone_normal_main_or_sub_under_nearby_packet,low,false,2,small,mixed_manual_relation_review,low,Bosnia and Herzegovina,Modern typography and layout,Wikimedia Commons,1920-1924,1921-1921,2,2,0,0,2,0,SURF-CAW2026R01477,Serb croat slovene holding crown 25 para.png,-17.35,card_context_candidate,stamp_or_philatelic:postage; stamp_or_philatelic:stamp; commons_file_source,small packet may not need cover-main treatment
Bosnia and Herzegovina|Modern typography and layout|Wikimedia Commons|1935-1939,small_packet_standalone_or_sub_review,decide_if_standalone_normal_main_or_sub_under_nearby_packet,low,false,2,small,mixed_manual_relation_review,low,Bosnia and Herzegovina,Modern typography and layout,Wikimedia Commons,1935-1939,1936-1936,4,2,0,0,2,0,SURF-CAW2026R01793,Knez Pavle brown semipostal.png,-13.75,card_context_candidate,stamp_or_philatelic:postage; stamp_or_philatelic:stamp; commons_file_source,small packet may not need cover-main treatment
Bulgaria|Modern typography and layout|Wikimedia Commons|1880-1884,small_packet_standalone_or_sub_review,decide_if_standalone_normal_main_or_sub_under_nearby_packet,low,false,2,small,mixed_manual_relation_review,low,Bulgaria,Modern typography and layout,Wikimedia Commons,1880-1884,1880-1882,2,2,0,0,2,0,SURF-CCE2026R00044,StampBulgaria1889Michel28A.jpg,-8.95,card_context_candidate,stamp_or_philatelic:postage; stamp_or_philatelic:stamp; stamp_or_philatelic:stamps; commons_file_source,small packet may not need cover-main treatment
Bulgaria|Modern typography and layout|Wikimedia Commons|2005-2009,small_packet_standalone_or_sub_review,decide_if_standalone_normal_main_or_sub_under_nearby_packet,low,true,2,small,small_anchor_or_manual,low,Bulgaria,Modern typography and layout,Wikimedia Commons,2005-2009,2007-2008,2,2,0,0,0,0,SURF-CCT2026R01493,BG-Policies-on-MK.png,96.05,manual_relation_review,commons_file_source,small packet may not need cover-main treatment
Cameroon|Modern typography and layout|Wikimedia Commons|1960-1964,small_packet_standalone_or_sub_review,decide_if_standalone_normal_main_or_sub_under_nearby_packet,low,false,2,small,mixed_manual_relation_review,low,Cameroon,Modern typography and layout,Wikimedia Commons,1960-1964,1961-1961,2,2,0,0,2,0,SURF-CAW2026R02593,"Local Press, Yaoundé - UNESCO - PHOTO0000003917 0001.tiff",14.95,card_context_candidate,stamp_or_philatelic:stamp; commons_file_source,small packet may not need cover-main treatment
Cameroon|Modern typography and layout|Wikimedia Commons|2005-2009,small_packet_standalone_or_sub_review,decide_if_standalone_normal_main_or_sub_under_nearby_packet,low,true,2,small,small_anchor_or_manual,low,Cameroon,Modern typography and layout,Wikimedia Commons,2005-2009,2006-2007,2,2,0,0,0,0,SURF-CAW2026R03556,Psalidomyrmex procerus casent0004984 label 1.jpg,87.35,manual_relation_review,non_design_drift:specimen; commons_file_source,small packet may not need cover-main treatment
Chile|Corporate identity and design systems|Wikimedia Commons|1970-1974,small_packet_standalone_or_sub_review,decide_if_standalone_normal_main_or_sub_under_nearby_packet,low,true,2,small,mixed_manual_relation_review,low,Chile,Corporate identity and design systems,Wikimedia Commons,1970-1974,1973-1973,2,2,0,2,0,0,SURF-CRG2026R2427,¡¡Fuera Pinochet!!.jpg,75.75,packet_member_review,commons_file_source,small packet may not need cover-main treatment
Chile|Corporate identity and design systems|Wikimedia Commons|1985-1989,small_packet_standalone_or_sub_review,decide_if_standalone_normal_main_or_sub_under_nearby_packet,low,true,2,small,mixed_manual_relation_review,low,Chile,Corporate identity and design systems,Wikimedia Commons,1985-1989,1989-1989,2,2,0,2,0,0,SURF-CGS2026R0699,Errazuriz - Hombre de palabra.jpg,75.35,packet_member_review,commons_file_source,small packet may not need cover-main treatment
Chile|Modern typography and layout|Wikimedia Commons|1970-1974,small_packet_standalone_or_sub_review,decide_if_standalone_normal_main_or_sub_under_nearby_packet,low,false,2,small,mixed_manual_relation_review,low,Chile,Modern typography and layout,Wikimedia Commons,1970-1974,1973-1973,4,2,0,0,2,0,SURF-CRG2026R2425,La Silla stamp (lso-stamp-25apr1973).tiff,8.55,card_context_candidate,stamp_or_philatelic:stamp; commons_file_source,small packet may not need cover-main treatment
China / Hong Kong|Modern typography and layout|Wikimedia Commons|1875-1879,small_packet_standalone_or_sub_review,decide_if_standalone_normal_main_or_sub_under_nearby_packet,low,false,2,small,mixed_manual_relation_review,low,China / Hong Kong,Modern typography and layout,Wikimedia Commons,1875-1879,1877-1877,2,2,0,0,2,0,SURF-CCT2026R01143,Stamp Shanghai 1877 20cash.jpg,-3.25,card_context_candidate,stamp_or_philatelic:postage; stamp_or_philatelic:stamp; stamp_or_philatelic:stamps; commons_file_source,small packet may not need cover-main treatment
China / Hong Kong|Modern typography and layout|Wikimedia Commons|1880-1884,small_packet_standalone_or_sub_review,decide_if_standalone_normal_main_or_sub_under_nearby_packet,low,true,2,small,small_anchor_or_manual,low,China / Hong Kong,Modern typography and layout,Wikimedia Commons,1880-1884,1882-1882,2,2,0,0,0,0,SURF-CAW2026R00427,"Chinese detail, Coolieusa (cropped).jpg",95.45,manual_relation_review,commons_file_source,small packet may not need cover-main treatment
China / Hong Kong|Modern typography and layout|Wikimedia Commons|1920-1924,small_packet_standalone_or_sub_review,decide_if_standalone_normal_main_or_sub_under_nearby_packet,low,true,2,small,mixed_manual_relation_review,low,China / Hong Kong,Modern typography and layout,Wikimedia Commons,1920-1924,1920-1920,4,2,0,0,0,0,SURF-CCT2026R01156,Regulations of Shanghai University cover by Yu Youren 20050807.jpg,96.65,manual_relation_review,commons_file_source,small packet may not need cover-main treatment
China / Hong Kong|Modern typography and layout|Wikimedia Commons|1950-1954,small_packet_standalone_or_sub_review,decide_if_standalone_normal_main_or_sub_under_nearby_packet,low,true,2,small,mixed_manual_relation_review,low,China / Hong Kong,Modern typography and layout,Wikimedia Commons,1950-1954,1952-1952,4,2,0,1,0,0,SURF-CCT2026R01241,HK FPA Poster 1952.jpg,92.45,manual_relation_review,commons_file_source,small packet may not need cover-main treatment
China / Hong Kong|World War and public-information graphics|Wikimedia Commons|2005-2009,small_packet_standalone_or_sub_review,decide_if_standalone_normal_main_or_sub_under_nearby_packet,low,true,2,small,mixed_manual_relation_review,low,China / Hong Kong,World War and public-information graphics,Wikimedia Commons,2005-2009,2008-2009,4,2,0,1,0,0,SURF-CCT2026R01246,卓韻芝《推推推推推推推》(2009) (3724885384).png,93.05,manual_relation_review,commons_file_source,small packet may not need cover-main treatment
Colombia|Modern typography and layout|Wikimedia Commons|1905-1909,small_packet_standalone_or_sub_review,decide_if_standalone_normal_main_or_sub_under_nearby_packet,low,false,2,small,mixed_manual_relation_review,low,Colombia,Modern typography and layout,Wikimedia Commons,1905-1909,1905-1905,2,2,0,0,2,0,SURF-CCT2026R02338,Colombia 1905-06 revenue stamps.JPG,-7.85,card_context_candidate,stamp_or_philatelic:postage; stamp_or_philatelic:stamp; stamp_or_philatelic:stamps; commons_file_source,small packet may not need cover-main treatment
Colombia|Modern typography and layout|Wikimedia Commons|1910-1914,small_packet_standalone_or_sub_review,decide_if_standalone_normal_main_or_sub_under_nearby_packet,low,false,2,small,mixed_manual_relation_review,low,Colombia,Modern typography and layout,Wikimedia Commons,1910-1914,1913-1914,2,2,0,0,2,0,SURF-CGS2026R0838,Stamp of Angola - 1914 - Colnect 163914 - Fleet of Vasco da Gama on the run.jpeg,-19.85,card_context_candidate,weak_context:anniversary; stamp_or_philatelic:stamp; stamp_or_philatelic:stamps; commons_file_source,small packet may not need cover-main treatment
Colombia|Modern typography and layout|Wikimedia Commons|1920-1924,small_packet_standalone_or_sub_review,decide_if_standalone_normal_main_or_sub_under_nearby_packet,low,false,2,small,mixed_manual_relation_review,low,Colombia,Modern typography and layout,Wikimedia Commons,1920-1924,1920-1920,2,2,0,0,2,0,SURF-CGS2026R0839,Colombian Airmails workbook by Dieter Bortfeldt.jpg,1.55,card_context_candidate,stamp_or_philatelic:philatelic; stamp_or_philatelic:stamp; stamp_or_philatelic:stamps; commons_file_source,small packet may not need cover-main treatment
Croatia|Modern typography and layout|Wikimedia Commons|1905-1909,small_packet_standalone_or_sub_review,decide_if_standalone_normal_main_or_sub_under_nearby_packet,low,false,2,small,mixed_manual_relation_review,low,Croatia,Modern typography and layout,Wikimedia Commons,1905-1909,1907-1907,2,2,0,0,2,0,SURF-CAW2026R01057,Montenegro postage due sepia 5 para.jpg,-17.65,card_context_candidate,stamp_or_philatelic:postage; stamp_or_philatelic:stamp; commons_file_source,small packet may not need cover-main treatment
Croatia|Modern typography and layout|Wikimedia Commons|1935-1939,small_packet_standalone_or_sub_review,decide_if_standalone_normal_main_or_sub_under_nearby_packet,low,false,2,small,mixed_manual_relation_review,low,Croatia,Modern typography and layout,Wikimedia Commons,1935-1939,1936-1936,2,2,0,0,2,0,SURF-CAW2026R01797,Stamp mount fuji carmine 6 sen.jpg,-17.65,card_context_candidate,stamp_or_philatelic:postage; stamp_or_philatelic:stamp; commons_file_source,small packet may not need cover-main treatment
Croatia|Modern typography and layout|Wikimedia Commons|1995-1999,small_packet_standalone_or_sub_review,decide_if_standalone_normal_main_or_sub_under_nearby_packet,low,false,2,small,mixed_manual_relation_review,low,Croatia,Modern typography and layout,Wikimedia Commons,1995-1999,1998-1998,2,2,0,0,2,0,SURF-CAW2026R03379,Stamp of Indonesia - 1998 - Colnect 254740 - Folk Tales - Tengger.jpeg,-2.35,card_context_candidate,stamp_or_philatelic:postage; stamp_or_philatelic:stamp; stamp_or_philatelic:stamps; commons_file_source,small packet may not need cover-main treatment
Democratic Republic of the Congo|Modern typography and layout|Wikimedia Commons|1900-1904,small_packet_standalone_or_sub_review,decide_if_standalone_normal_main_or_sub_under_nearby_packet,low,true,2,small,mixed_manual_relation_review,low,Democratic Republic of the Congo,Modern typography and layout,Wikimedia Commons,1900-1904,1900-1902,3,2,0,0,0,0,SURF-CAW2026R00897,"Seguin Zeitung. (Seguin, Tex.), Vol. 11, No. 28, Ed. 1 Thursday, February 13, 1902 - DPLA - e7d6e03334a81a4285f7fdddc902d1e4 (page 7).jpg",95.3,manual_relation_review,commons_file_source,small packet may not need cover-main treatment
Democratic Republic of the Congo|Modern typography and layout|Wikimedia Commons|1930-1934,small_packet_standalone_or_sub_review,decide_if_standalone_normal_main_or_sub_under_nearby_packet,low,true,2,small,mixed_manual_relation_review,low,Democratic Republic of the Congo,Modern typography and layout,Wikimedia Commons,1930-1934,1930-1930,5,2,0,1,0,0,SURF-CAW2026R01634,"'L'AFRIQUE QUI DISPARAÎT, RECUEIL ETHNOGRAPHIQUE SUR L'AFRIQUE NOIRE, .PNG",97.1,manual_relation_review,commons_file_source,small packet may not need cover-main treatment
Egypt|Modern typography and layout|Wikimedia Commons|1880-1884,small_packet_standalone_or_sub_review,decide_if_standalone_normal_main_or_sub_under_nearby_packet,low,false,2,small,mixed_manual_relation_review,low,Egypt,Modern typography and layout,Wikimedia Commons,1880-1884,1880-1883,2,2,0,0,2,0,SURF-CAW2026R00398,Austria Levant 1883 Sc9.jpg,-11.35,card_context_candidate,stamp_or_philatelic:postage; stamp_or_philatelic:stamp; stamp_or_philatelic:stamps; commons_file_source,small packet may not need cover-main treatment
Egypt|Modern typography and layout|Wikimedia Commons|1890-1894,small_packet_standalone_or_sub_review,decide_if_standalone_normal_main_or_sub_under_nearby_packet,low,false,2,small,mixed_manual_relation_review,low,Egypt,Modern typography and layout,Wikimedia Commons,1890-1894,1892-1893,2,2,0,0,2,0,SURF-CAW2026R00656,STM 635.jpg,-19.95,card_context_candidate,stamp_or_philatelic:postage; stamp_or_philatelic:stamp; stamp_or_philatelic:stamps; commons_file_source,small packet may not need cover-main treatment
Egypt|Modern typography and layout|Wikimedia Commons|1965-1969,small_packet_standalone_or_sub_review,decide_if_standalone_normal_main_or_sub_under_nearby_packet,low,true,2,small,mixed_manual_relation_review,low,Egypt,Modern typography and layout,Wikimedia Commons,1965-1969,1969-1969,4,2,0,0,0,0,SURF-CAW2026R02777,"Helix, v.9, no.7, Sep. 11, 1969 - DPLA - a5cc15b9d6f05d8134406530c9af48dc (page 21).jpg",94.85,manual_relation_review,commons_file_source,small packet may not need cover-main treatment
Egypt|Modern typography and layout|Wikimedia Commons|1970-1974,small_packet_standalone_or_sub_review,decide_if_standalone_normal_main_or_sub_under_nearby_packet,low,false,2,small,mixed_manual_relation_review,low,Egypt,Modern typography and layout,Wikimedia Commons,1970-1974,1972-1972,2,2,0,0,2,0,SURF-CAW2026R02857,Stamp 1972 UAE-UQ MiNr1169BwBl pm B002.jpg,-3.85,card_context_candidate,stamp_or_philatelic:commemorative; stamp_or_philatelic:postage; stamp_or_philatelic:stamp; commons_file_source,small packet may not need cover-main treatment
Egypt|World War and public-information graphics|Wikimedia Commons|1915-1919,small_packet_standalone_or_sub_review,decide_if_standalone_normal_main_or_sub_under_nearby_packet,low,true,2,small,mixed_manual_relation_review,low,Egypt,World War and public-information graphics,Wikimedia Commons,1915-1919,1917-1917,2,2,0,2,0,0,SURF-CRG2026R0329,Turks-propaganda2 WW I.jpg,75.45,packet_member_review,commons_file_source,small packet may not need cover-main treatment
Egypt|World War and public-information graphics|Wikimedia Commons|1950-1954,small_packet_standalone_or_sub_review,decide_if_standalone_normal_main_or_sub_under_nearby_packet,low,false,2,small,mixed_manual_relation_review,low,Egypt,World War and public-information graphics,Wikimedia Commons,1950-1954,1950-1952,2,2,0,0,2,0,SURF-CCT2026R00356,23rd of July 1952 revolution stamp.jpg,-2.65,card_context_candidate,stamp_or_philatelic:postage; stamp_or_philatelic:stamp; stamp_or_philatelic:stamps; commons_file_source,small packet may not need cover-main treatment
Estonia|Modern typography and layout|Wikimedia Commons|1885-1889,small_packet_standalone_or_sub_review,decide_if_standalone_normal_main_or_sub_under_nearby_packet,low,false,2,small,mixed_manual_relation_review,low,Estonia,Modern typography and layout,Wikimedia Commons,1885-1889,1888-1888,2,2,0,0,2,0,SURF-CAW2026R00556,"The Soviet Union 1988 CPA 5927 stamp (Birth centenary of Viktor Kingissepp, Estonian communist politician) cancelled.jpg",-0.25,card_context_candidate,stamp_or_philatelic:postage; stamp_or_philatelic:stamp; stamp_or_philatelic:stamps; commons_file_source,small packet may not need cover-main treatment
Estonia|Modern typography and layout|Wikimedia Commons|1940-1944,small_packet_standalone_or_sub_review,decide_if_standalone_normal_main_or_sub_under_nearby_packet,low,false,2,small,mixed_manual_relation_review,low,Estonia,Modern typography and layout,Wikimedia Commons,1940-1944,1941-1941,2,2,0,0,2,0,SURF-CAW2026R02091,StampTartu(Estonia)1941Michel8.jpg,-16.95,card_context_candidate,stamp_or_philatelic:postage; stamp_or_philatelic:stamp; commons_file_source,small packet may not need cover-main treatment
Estonia|Modern typography and layout|Wikimedia Commons|1970-1974,small_packet_standalone_or_sub_review,decide_if_standalone_normal_main_or_sub_under_nearby_packet,low,false,2,small,mixed_manual_relation_review,low,Estonia,Modern typography and layout,Wikimedia Commons,1970-1974,1974-1974,2,2,0,0,2,0,SURF-CAW2026R02879,Ford A3481 NLGRF photo contact sheet (1975-02-27)(Gerald Ford Library).jpg,10.55,card_context_candidate,stamp_or_philatelic:postage; stamp_or_philatelic:stamp; commons_file_source,small packet may not need cover-main treatment
Ethiopia|Modern typography and layout|Wikimedia Commons|1895-1899,small_packet_standalone_or_sub_review,decide_if_standalone_normal_main_or_sub_under_nearby_packet,low,true,2,small,small_anchor_or_manual,low,Ethiopia,Modern typography and layout,Wikimedia Commons,1895-1899,1895-1895,2,2,0,0,0,0,SURF-CAW2026R00682,"I want yer, ma honey (NYPL Hades-463797-1696198).jpg",93.65,manual_relation_review,commons_file_source,small packet may not need cover-main treatment
Ethiopia|Modern typography and layout|Wikimedia Commons|1970-1974,small_packet_standalone_or_sub_review,decide_if_standalone_normal_main_or_sub_under_nearby_packet,low,false,2,small,mixed_manual_relation_review,low,Ethiopia,Modern typography and layout,Wikimedia Commons,1970-1974,1970-1974,2,2,0,0,2,0,SURF-CCE2026R00706,FDC-MeskelFestivities.jpg,-3.55,card_context_candidate,stamp_or_philatelic:postage; stamp_or_philatelic:stamp; stamp_or_philatelic:stamps; commons_file_source,small packet may not need cover-main treatment
France|Midcentury modern graphic communication|Gallica / BnF APIs|1845-1849,small_packet_standalone_or_sub_review,decide_if_standalone_normal_main_or_sub_under_nearby_packet,low,false,2,small,mixed_manual_relation_review,low,France,Midcentury modern graphic communication,Gallica / BnF APIs,1845-1849,1847-1848,3,2,0,2,0,0,SURF-GAX1970R010,"(25 Juin) République Française [...] Pouvoir exécutif Soldats, Le salut de la Patrie vous réclame ! [...]",58.5,packet_member_review,,small packet may not need cover-main treatment
France|Midcentury modern graphic communication|Gallica / BnF APIs|1900-1904,small_packet_standalone_or_sub_review,decide_if_standalone_normal_main_or_sub_under_nearby_packet,low,false,2,small,mixed_manual_relation_review,low,France,Midcentury modern graphic communication,Gallica / BnF APIs,1900-1904,1900-1900,2,2,0,2,0,0,SURF-GAX1970R088,"Collection Charles Cros. Affiches, manuels et documentation. Affiches (média : image fixe). Affiches publicitaires. Musée de la parole : monde sonore, histoire vivante. Phonothèque nationale",60.05,packet_member_review,,small packet may not need cover-main treatment
France|Midcentury modern graphic communication|Gallica / BnF APIs|1910-1914,small_packet_standalone_or_sub_review,decide_if_standalone_normal_main_or_sub_under_nearby_packet,low,false,2,small,mixed_manual_relation_review,low,France,Midcentury modern graphic communication,Gallica / BnF APIs,1910-1914,1912-1914,2,2,0,2,0,0,SURF-GA1970R027,L'Étoile du Nord (Roubaix),57.35,packet_member_review,,small packet may not need cover-main treatment
France|Midcentury modern graphic communication|Gallica / BnF APIs|1955-1959,small_packet_standalone_or_sub_review,decide_if_standalone_normal_main_or_sub_under_nearby_packet,low,false,2,small,mixed_manual_relation_review,low,France,Midcentury modern graphic communication,Gallica / BnF APIs,1955-1959,1956-1956,4,2,0,2,0,0,SURF-GAX1970R118,"[Marcel Maillard à côté d'une bouteille, réclame de cognac Brugerolle]",56.05,packet_member_review,,small packet may not need cover-main treatment
France|Modern typography and layout|Wikimedia Commons|1940-1944,small_packet_standalone_or_sub_review,decide_if_standalone_normal_main_or_sub_under_nearby_packet,low,false,2,small,mixed_manual_relation_review,low,France,Modern typography and layout,Wikimedia Commons,1940-1944,1942-1944,2,2,0,0,2,0,SURF-CRG2026R1221,Stamp of Ajman - 1969 - Colnect 819188 - Pierre Trentin 1944 Cycling France.jpeg,1.85,card_context_candidate,stamp_or_philatelic:stamp; stamp_or_philatelic:stamps; commons_file_source,small packet may not need cover-main treatment
Georgia|Midcentury modern graphic communication|Georgia State CONTENTdm|1950-1954,small_packet_standalone_or_sub_review,decide_if_standalone_normal_main_or_sub_under_nearby_packet,low,false,2,small,mixed_manual_relation_review,low,Georgia,Midcentury modern graphic communication,Georgia State CONTENTdm,1950-1954,1952-1954,2,2,0,2,0,0,SURF-GSU1970R014,"The Union and Winter Soldiers: the Story of a Conspiracy Against the Schools (with an article by M. H. Ross), 1943, 1954",60.05,packet_member_review,,small packet may not need cover-main treatment
Georgia|Midcentury modern graphic communication|Georgia State CONTENTdm|1975-1979,small_packet_standalone_or_sub_review,decide_if_standalone_normal_main_or_sub_under_nearby_packet,low,false,2,small,mixed_manual_relation_review,low,Georgia,Midcentury modern graphic communication,Georgia State CONTENTdm,1975-1979,1975-1979,2,2,0,2,0,0,SURF-GSU2026R004,"Pipestem, [folder 1 of 2], ca 1950s-1970s",60.35,packet_member_review,,small packet may not need cover-main treatment
Georgia|Modern typography and layout|Wikimedia Commons|1985-1989,small_packet_standalone_or_sub_review,decide_if_standalone_normal_main_or_sub_under_nearby_packet,low,false,2,small,mixed_manual_relation_review,low,Georgia,Modern typography and layout,Wikimedia Commons,1985-1989,1989-1989,2,2,0,0,2,0,SURF-CAW2026R03164,"The Soviet Union 1989 CPA 6090 stamp (Amiraniani, Georgian epic poem. V. Oniani).jpg",-15.05,card_context_candidate,stamp_or_philatelic:postage; stamp_or_philatelic:stamp; commons_file_source,small packet may not need cover-main treatment
Germany|Modern typography and layout|Wikimedia Commons|1910-1914,small_packet_standalone_or_sub_review,decide_if_standalone_normal_main_or_sub_under_nearby_packet,low,false,2,small,mixed_manual_relation_review,low,Germany,Modern typography and layout,Wikimedia Commons,1910-1914,1914-1914,4,2,0,0,2,0,SURF-CAW2026R01193,GermanNewGuinea5m1914hohenzollern.jpg,-16.75,card_context_candidate,stamp_or_philatelic:postage; stamp_or_philatelic:stamp; commons_file_source,small packet may not need cover-main treatment
Germany|Modern typography and layout|Wikimedia Commons|1975-1979,small_packet_standalone_or_sub_review,decide_if_standalone_normal_main_or_sub_under_nearby_packet,low,true,2,small,mixed_manual_relation_review,low,Germany,Modern typography and layout,Wikimedia Commons,1975-1979,1976-1976,3,2,0,2,0,0,SURF-CRG2026R2968,Summa Iniuria.jpg,74.1,packet_member_review,commons_file_source,small packet may not need cover-main treatment
Germany|Modern typography and layout|Wikimedia Commons|1990-1994,small_packet_standalone_or_sub_review,decide_if_standalone_normal_main_or_sub_under_nearby_packet,low,false,2,small,mixed_manual_relation_review,low,Germany,Modern typography and layout,Wikimedia Commons,1990-1994,1992-1992,2,2,0,0,2,0,SURF-CAW2026R03242,Stamp of Albania - 1992 - Colnect 367839 - Strip with Label II.jpeg,-5.65,card_context_candidate,weak_context:conference; stamp_or_philatelic:postage; stamp_or_philatelic:stamp; stamp_or_philatelic:stamps; commons_file_source,small packet may not need cover-main treatment
Ghana|Modern typography and layout|Wikimedia Commons|1955-1959,small_packet_standalone_or_sub_review,decide_if_standalone_normal_main_or_sub_under_nearby_packet,low,false,2,small,mixed_manual_relation_review,low,Ghana,Modern typography and layout,Wikimedia Commons,1955-1959,1957-1957,2,2,0,0,2,0,SURF-CCT2026R00379,StampGoldcoast.jpg,-1.15,card_context_candidate,stamp_or_philatelic:postage; stamp_or_philatelic:stamp; stamp_or_philatelic:stamps; commons_file_source,small packet may not need cover-main treatment
Ghana|Modern typography and layout|Wikimedia Commons|2000-2004,small_packet_standalone_or_sub_review,decide_if_standalone_normal_main_or_sub_under_nearby_packet,low,true,2,small,mixed_manual_relation_review,low,Ghana,Modern typography and layout,Wikimedia Commons,2000-2004,2000-2004,4,2,0,0,0,0,SURF-CAW2026R03491,Tema - advertising.jpg,96.05,manual_relation_review,commons_file_source,small packet may not need cover-main treatment
Ghana|World War and public-information graphics|Wikimedia Commons|1910-1914,small_packet_standalone_or_sub_review,decide_if_standalone_normal_main_or_sub_under_nearby_packet,low,false,2,small,mixed_manual_relation_review,low,Ghana,World War and public-information graphics,Wikimedia Commons,1910-1914,1914-1914,2,2,0,0,2,0,SURF-CRG2026R0294,Stamp Togo 1915 1p.jpg,-3.55,card_context_candidate,stamp_or_philatelic:postage; stamp_or_philatelic:stamp; stamp_or_philatelic:stamps; commons_file_source,small packet may not need cover-main treatment
Global / transnational|Corporate identity and design systems|Another Graphic|2015-2019,small_packet_standalone_or_sub_review,decide_if_standalone_normal_main_or_sub_under_nearby_packet,low,true,2,small,mixed_manual_relation_review,low,Global / transnational,Corporate identity and design systems,Another Graphic,2015-2019,2019-2019,2,2,0,2,0,0,SURF-EW1970R019,Tote bag Original,76.75,packet_member_review,,small packet may not need cover-main treatment
India|Modern typography and layout|Wikimedia Commons|1870-1874,small_packet_standalone_or_sub_review,decide_if_standalone_normal_main_or_sub_under_nearby_packet,low,false,2,small,mixed_manual_relation_review,low,India,Modern typography and layout,Wikimedia Commons,1870-1874,1870-1874,2,2,0,0,2,0,SURF-CCT2026R03617,"East India postage Queen Victoria stamps used in Zanzibar - Two and four annas, 1874-78.jpg",-13.85,card_context_candidate,stamp_or_philatelic:postage; stamp_or_philatelic:stamp; stamp_or_philatelic:stamps; commons_file_source,small packet may not need cover-main treatment
India|Modern typography and layout|Wikimedia Commons|1885-1889,small_packet_standalone_or_sub_review,decide_if_standalone_normal_main_or_sub_under_nearby_packet,low,false,2,small,mixed_manual_relation_review,low,India,Modern typography and layout,Wikimedia Commons,1885-1889,1887-1889,2,2,0,0,2,0,SURF-CAW2026R00589,Stamp of Jammu and Kashmir - 1889 - Colnect 790308 - Inscriptions.jpeg,-4.75,card_context_candidate,stamp_or_philatelic:postage; stamp_or_philatelic:stamp; stamp_or_philatelic:stamps; commons_file_source,small packet may not need cover-main treatment
India|Modern typography and layout|Wikimedia Commons|1985-1989,small_packet_standalone_or_sub_review,decide_if_standalone_normal_main_or_sub_under_nearby_packet,low,false,2,small,mixed_manual_relation_review,low,India,Modern typography and layout,Wikimedia Commons,1985-1989,1988-1989,2,2,0,0,2,0,SURF-CCT2026R03774,Stamp of Seychelles - 1989 - Colnect 807073 - Birth Centenary of Jawaharlal Nehru.jpeg,-3.85,card_context_candidate,stamp_or_philatelic:postage; stamp_or_philatelic:stamp; stamp_or_philatelic:stamps; commons_file_source,small packet may not need cover-main treatment
India|Modern typography and layout|Wikimedia Commons|2005-2009,small_packet_standalone_or_sub_review,decide_if_standalone_normal_main_or_sub_under_nearby_packet,low,true,2,small,mixed_manual_relation_review,low,India,Modern typography and layout,Wikimedia Commons,2005-2009,2007-2009,4,2,0,0,0,0,SURF-CAW2026R03678,Reminder of Nandigram - Flickr - Al Jazeera English.jpg,95.75,manual_relation_review,commons_file_source,small packet may not need cover-main treatment
India|World War and public-information graphics|Indian Memory Project|2010-2014,small_packet_standalone_or_sub_review,decide_if_standalone_normal_main_or_sub_under_nearby_packet,low,true,2,small,small_anchor_or_manual,low,India,World War and public-information graphics,Indian Memory Project,2010-2014,2013-2013,2,2,0,0,0,0,SURF-NMR1990R0019,Uncannily bonded to a famous grandfather I never knew,94.65,manual_relation_review,,small packet may not need cover-main treatment
Indonesia|Modern typography and layout|Wikimedia Commons|1895-1899,small_packet_standalone_or_sub_review,decide_if_standalone_normal_main_or_sub_under_nearby_packet,low,true,2,small,mixed_manual_relation_review,low,Indonesia,Modern typography and layout,Wikimedia Commons,1895-1899,1895-1899,3,2,0,1,0,0,SURF-CRB2026V2R0658,McKinley Prosperity.jpg,94.8,manual_relation_review,commons_file_source,small packet may not need cover-main treatment
Indonesia|World War and public-information graphics|Desain Grafis Indonesia|2025-2029,small_packet_standalone_or_sub_review,decide_if_standalone_normal_main_or_sub_under_nearby_packet,low,true,2,small,mixed_manual_relation_review,low,Indonesia,World War and public-information graphics,Desain Grafis Indonesia,2025-2029,2025-2025,2,2,0,2,0,0,SURF-EW1970R011,"Pembelajaran Desain: Durasi, Dampak",74.35,packet_member_review,,small packet may not need cover-main treatment
Indonesia|World War and public-information graphics|Wikimedia Commons|2005-2009,small_packet_standalone_or_sub_review,decide_if_standalone_normal_main_or_sub_under_nearby_packet,low,false,2,small,mixed_manual_relation_review,low,Indonesia,World War and public-information graphics,Wikimedia Commons,2005-2009,2007-2008,3,2,0,0,2,0,SURF-CRB2026V3R00360,Stamp of Indonesia - 2008 - Colnect 248193 - Warna Warni Jakarta.jpeg,0.5,card_context_candidate,stamp_or_philatelic:postage; stamp_or_philatelic:stamp; stamp_or_philatelic:stamps; commons_file_source,small packet may not need cover-main treatment
Iran|Modern typography and layout|Wikimedia Commons|1850-1854,small_packet_standalone_or_sub_review,decide_if_standalone_normal_main_or_sub_under_nearby_packet,low,true,2,small,mixed_manual_relation_review,low,Iran,Modern typography and layout,Wikimedia Commons,1850-1854,1850-1850,2,2,0,2,0,0,SURF-CCT2026R02647,"Book covers from Iran, 19th-century Book Binding (pair of detached covers) LACMA M.73.5.551a-b (2 of 2) (cropped).jpg",70.85,packet_member_review,commons_file_source,small packet may not need cover-main treatment
Iran|Modern typography and layout|Wikimedia Commons|1905-1909,small_packet_standalone_or_sub_review,decide_if_standalone_normal_main_or_sub_under_nearby_packet,low,false,2,small,mixed_manual_relation_review,low,Iran,Modern typography and layout,Wikimedia Commons,1905-1909,1906-1909,3,2,0,0,2,0,SURF-CRB2026V2R0440,Poster of Conquest of Tehran in July 1909 by Bakhtiaris.jpg,14.9,card_context_candidate,stamp_or_philatelic:commemorative; commons_file_source,small packet may not need cover-main treatment
Iran|Modern typography and layout|Wikimedia Commons|1940-1944,small_packet_standalone_or_sub_review,decide_if_standalone_normal_main_or_sub_under_nearby_packet,low,false,2,small,mixed_manual_relation_review,low,Iran,Modern typography and layout,Wikimedia Commons,1940-1944,1940-1940,2,2,0,0,2,0,SURF-CCE2026R00434,Old stamp of Democratic Republic of Azerbaijan.jpg,-4.15,card_context_candidate,stamp_or_philatelic:postage; stamp_or_philatelic:stamp; stamp_or_philatelic:stamps; commons_file_source,small packet may not need cover-main treatment
Iraq|Modern typography and layout|Wikimedia Commons|1920-1924,small_packet_standalone_or_sub_review,decide_if_standalone_normal_main_or_sub_under_nearby_packet,low,false,2,small,mixed_manual_relation_review,low,Iraq,Modern typography and layout,Wikimedia Commons,1920-1924,1921-1923,2,2,0,0,2,0,SURF-CCT2026R02901,"Coronation of H.M King Faisal II, stamp - 2 May 1953.jpg",-4.15,card_context_candidate,stamp_or_philatelic:postage; stamp_or_philatelic:stamp; stamp_or_philatelic:stamps; commons_file_source,small packet may not need cover-main treatment
Iraq|Modern typography and layout|Wikimedia Commons|1935-1939,small_packet_standalone_or_sub_review,decide_if_standalone_normal_main_or_sub_under_nearby_packet,low,false,2,small,mixed_manual_relation_review,low,Iraq,Modern typography and layout,Wikimedia Commons,1935-1939,1936-1936,2,2,0,0,2,0,SURF-CRG2026R0839,Revenue stamp Iraq 1936 2f.jpg,-14.55,card_context_candidate,stamp_or_philatelic:stamp; commons_file_source,small packet may not need cover-main treatment
Italy|Modern typography and layout|Wikimedia Commons|1880-1884,small_packet_standalone_or_sub_review,decide_if_standalone_normal_main_or_sub_under_nearby_packet,low,false,2,small,mixed_manual_relation_review,low,Italy,Modern typography and layout,Wikimedia Commons,1880-1884,1884-1884,2,2,0,0,2,0,SURF-CRG2026R0086,ITA 1890 MiNr0063 mt B002.jpg,4.25,card_context_candidate,stamp_or_philatelic:postage; stamp_or_philatelic:stamp; commons_file_source,small packet may not need cover-main treatment
Italy|World War and public-information graphics|Wikimedia Commons|1940-1944,small_packet_standalone_or_sub_review,decide_if_standalone_normal_main_or_sub_under_nearby_packet,low,false,2,small,mixed_manual_relation_review,low,Italy,World War and public-information graphics,Wikimedia Commons,1940-1944,1944-1944,2,2,0,0,2,0,SURF-CRG2026R1151,ITA 1944 MiNr0659Y mt B002.jpg,-2.65,card_context_candidate,stamp_or_philatelic:commemorative; stamp_or_philatelic:stamp; non_design_drift:bird; commons_file_source,small packet may not need cover-main treatment
Japan|Modern typography and layout|Wikimedia Commons|1935-1939,small_packet_standalone_or_sub_review,decide_if_standalone_normal_main_or_sub_under_nearby_packet,low,false,2,small,mixed_manual_relation_review,low,Japan,Modern typography and layout,Wikimedia Commons,1935-1939,1937-1937,2,2,0,0,2,0,SURF-CPB2026R0004,Stamp of Manchukuo - 1937 - Colnect 365379 - Japanese Resident s Palace.jpeg,4.95,card_context_candidate,stamp_or_philatelic:stamp; stamp_or_philatelic:stamps; commons_file_source,small packet may not need cover-main treatment
Japan|Modern typography and layout|Wikimedia Commons|1940-1944,small_packet_standalone_or_sub_review,decide_if_standalone_normal_main_or_sub_under_nearby_packet,low,false,2,small,mixed_manual_relation_review,low,Japan,Modern typography and layout,Wikimedia Commons,1940-1944,1940-1943,2,2,0,0,2,0,SURF-CRG2026R0968,Japan-iceskating-1949.jpg,-3.25,card_context_candidate,stamp_or_philatelic:postage; stamp_or_philatelic:stamp; stamp_or_philatelic:stamps; commons_file_source,small packet may not need cover-main treatment
Jordan|Modern typography and layout|Wikimedia Commons|1970-1974,small_packet_standalone_or_sub_review,decide_if_standalone_normal_main_or_sub_under_nearby_packet,low,false,2,small,mixed_manual_relation_review,low,Jordan,Modern typography and layout,Wikimedia Commons,1970-1974,1974-1974,3,2,0,0,2,0,SURF-CAW2026R02885,Ford A2204 NLGRF photo contact sheet (1974-11-29)(Gerald Ford Library).jpg,11.6,card_context_candidate,stamp_or_philatelic:postage; stamp_or_philatelic:stamp; commons_file_source,small packet may not need cover-main treatment
Kazakhstan|Modern typography and layout|Wikimedia Commons|1890-1894,small_packet_standalone_or_sub_review,decide_if_standalone_normal_main_or_sub_under_nearby_packet,low,false,2,small,mixed_manual_relation_review,low,Kazakhstan,Modern typography and layout,Wikimedia Commons,1890-1894,1894-1894,2,2,0,0,2,0,SURF-CRB2026V2R0095,"The Soviet Union 1964 CPA 3036 stamp (Writers and poets of our Motherland. Saken Seifullin (1894-1938), a pioneer of modern Kazakh literature, poet and writer).jpg",-9.55,card_context_candidate,stamp_or_philatelic:postage; stamp_or_philatelic:stamp; commons_file_source,small packet may not need cover-main treatment
Kazakhstan|Modern typography and layout|Wikimedia Commons|1970-1974,small_packet_standalone_or_sub_review,decide_if_standalone_normal_main_or_sub_under_nearby_packet,low,false,2,small,mixed_manual_relation_review,low,Kazakhstan,Modern typography and layout,Wikimedia Commons,1970-1974,1970-1972,2,2,0,0,2,0,SURF-CAW2026R02852,1972 CPA 4178.jpg,1.35,card_context_candidate,stamp_or_philatelic:postage; stamp_or_philatelic:stamp; commons_file_source,small packet may not need cover-main treatment
Kazakhstan|Travel and transport poster culture|Wikimedia Commons|1990-1994,small_packet_standalone_or_sub_review,decide_if_standalone_normal_main_or_sub_under_nearby_packet,low,false,2,small,mixed_manual_relation_review,low,Kazakhstan,Travel and transport poster culture,Wikimedia Commons,1990-1994,1991-1992,2,2,0,0,2,0,SURF-CRB2026V2R0102,Stamp of Kazakhstan 006.jpg,-3.85,card_context_candidate,stamp_or_philatelic:postage; stamp_or_philatelic:stamp; stamp_or_philatelic:stamps; commons_file_source,small packet may not need cover-main treatment
Kenya|Travel and transport poster culture|Wikimedia Commons|1965-1969,small_packet_standalone_or_sub_review,decide_if_standalone_normal_main_or_sub_under_nearby_packet,low,false,2,small,mixed_manual_relation_review,low,Kenya,Travel and transport poster culture,Wikimedia Commons,1965-1969,1966-1966,2,2,0,0,2,0,SURF-CCT2026R00418,Stamp-kenya1966-green-monkey.jpeg,-11.85,card_context_candidate,stamp_or_philatelic:postage; stamp_or_philatelic:stamp; stamp_or_philatelic:stamps; commons_file_source,small packet may not need cover-main treatment
Korean Peninsula|Modern typography and layout|Wikimedia Commons|1980-1984,small_packet_standalone_or_sub_review,decide_if_standalone_normal_main_or_sub_under_nearby_packet,low,false,2,small,mixed_manual_relation_review,low,Korean Peninsula,Modern typography and layout,Wikimedia Commons,1980-1984,1983-1984,2,2,0,0,2,0,SURF-CCT2026R01295,Stamp of Indonesia - 1984 - Colnect 256066 - Lauterbach s Bowerbird Superb Bird of paradise.jpeg,-16.15,card_context_candidate,stamp_or_philatelic:philatelic; stamp_or_philatelic:postage; stamp_or_philatelic:stamp; stamp_or_philatelic:stamps; non_design_drift:bird; commons_file_source,small packet may not need cover-main treatment
Korean Peninsula|Modern typography and layout|Wikimedia Commons|2015-2019,small_packet_standalone_or_sub_review,decide_if_standalone_normal_main_or_sub_under_nearby_packet,low,true,2,small,mixed_manual_relation_review,low,Korean Peninsula,Modern typography and layout,Wikimedia Commons,2015-2019,2015-2019,3,2,0,0,0,0,SURF-CAW2026R04004,Gwanakgu Office 20150126 11 (15754796884).jpg,96.6,manual_relation_review,commons_file_source,small packet may not need cover-main treatment
Korean Peninsula|Modern typography and layout|Wikimedia Commons|2020-2024,small_packet_standalone_or_sub_review,decide_if_standalone_normal_main_or_sub_under_nearby_packet,low,true,2,small,mixed_manual_relation_review,low,Korean Peninsula,Modern typography and layout,Wikimedia Commons,2020-2024,2022-2022,3,2,0,0,0,0,SURF-CCE2026R00931,CheongWaDae 청와대 61 (51989854541).jpg,95.3,manual_relation_review,commons_file_source,small packet may not need cover-main treatment
Korean Peninsula|World War and public-information graphics|Wikimedia Commons|1955-1959,small_packet_standalone_or_sub_review,decide_if_standalone_normal_main_or_sub_under_nearby_packet,low,true,2,small,small_anchor_or_manual,low,Korean Peninsula,World War and public-information graphics,Wikimedia Commons,1955-1959,1957-1959,2,2,0,1,0,0,SURF-CRB2026V2R0181,Warlock (1959 film) poster in South Korea.jpg,93.65,manual_relation_review,commons_file_source,small packet may not need cover-main treatment
Korean Peninsula|World War and public-information graphics|Wikimedia Commons|2015-2019,small_packet_standalone_or_sub_review,decide_if_standalone_normal_main_or_sub_under_nearby_packet,low,true,2,small,small_anchor_or_manual,low,Korean Peninsula,World War and public-information graphics,Wikimedia Commons,2015-2019,2015-2016,2,2,0,0,0,0,SURF-CAW2026R04005,Military Guide Tour for Foreign Correspondents 24 (17701284608).jpg,98.25,manual_relation_review,commons_file_source,small packet may not need cover-main treatment
Kyrgyzstan|Travel and transport poster culture|Wikimedia Commons|2005-2009,small_packet_standalone_or_sub_review,decide_if_standalone_normal_main_or_sub_under_nearby_packet,low,false,2,small,mixed_manual_relation_review,low,Kyrgyzstan,Travel and transport poster culture,Wikimedia Commons,2005-2009,2009-2009,2,2,0,0,2,0,SURF-CAW2026R03657,"Stamps of Kyrgyzstan, 2009-596.jpg",-22.75,card_context_candidate,stamp_or_philatelic:postage; stamp_or_philatelic:stamp; stamp_or_philatelic:stamps; commons_file_source,small packet may not need cover-main treatment
Laos|Modern typography and layout|Wikimedia Commons|1960-1964,small_packet_standalone_or_sub_review,decide_if_standalone_normal_main_or_sub_under_nearby_packet,low,false,2,small,mixed_manual_relation_review,low,Laos,Modern typography and layout,Wikimedia Commons,1960-1964,1961-1962,2,2,0,0,2,0,SURF-CCT2026R04245,Postage stamps depicting Funeral of King Sisavang Phoulivong.jpg,-5.15,card_context_candidate,stamp_or_philatelic:postage; stamp_or_philatelic:stamp; stamp_or_philatelic:stamps; commons_file_source,small packet may not need cover-main treatment
Laos|Modern typography and layout|Wikimedia Commons|1995-1999,small_packet_standalone_or_sub_review,decide_if_standalone_normal_main_or_sub_under_nearby_packet,low,false,2,small,mixed_manual_relation_review,low,Laos,Modern typography and layout,Wikimedia Commons,1995-1999,1996-1996,2,2,0,0,2,0,SURF-CAW2026R03349,Stamp of Indonesia - 1996 - Colnect 925970 - Iptn N 250.jpeg,-0.55,card_context_candidate,stamp_or_philatelic:postage; stamp_or_philatelic:stamp; stamp_or_philatelic:stamps; commons_file_source,small packet may not need cover-main treatment
Laos|World War and public-information graphics|Wikimedia Commons|1885-1889,small_packet_standalone_or_sub_review,decide_if_standalone_normal_main_or_sub_under_nearby_packet,low,true,2,small,small_anchor_or_manual,low,Laos,World War and public-information graphics,Wikimedia Commons,1885-1889,1885-1885,2,2,0,0,0,0,SURF-CAW2026R00481,"Krao - The Missing Link, reverse of handbill Wellcome L0048075.jpg",102.45,manual_relation_review,commons_file_source,small packet may not need cover-main treatment
Latin America|Modern typography and layout|Wikimedia Commons|1925-1929,small_packet_standalone_or_sub_review,decide_if_standalone_normal_main_or_sub_under_nearby_packet,low,true,2,small,mixed_manual_relation_review,low,Latin America,Modern typography and layout,Wikimedia Commons,1925-1929,1925-1927,4,2,0,0,1,0,SURF-CAW2026R01564,Waldrop Photographic (1925).jpg,96.65,manual_relation_review,commons_file_source,small packet may not need cover-main treatment
Latvia|Modern typography and layout|Wikimedia Commons|1890-1894,small_packet_standalone_or_sub_review,decide_if_standalone_normal_main_or_sub_under_nearby_packet,low,false,2,small,mixed_manual_relation_review,low,Latvia,Modern typography and layout,Wikimedia Commons,1890-1894,1890-1890,2,2,0,0,2,0,SURF-CAW2026R00592,Riga old.jpg,6.05,card_context_candidate,stamp_or_philatelic:postage; stamp_or_philatelic:stamp; commons_file_source,small packet may not need cover-main treatment
Latvia|Modern typography and layout|Wikimedia Commons|1915-1919,small_packet_standalone_or_sub_review,decide_if_standalone_normal_main_or_sub_under_nearby_packet,low,false,2,small,mixed_manual_relation_review,low,Latvia,Modern typography and layout,Wikimedia Commons,1915-1919,1918-1919,3,2,0,0,2,0,SURF-CAW2026R01362,LAT 1919 MiNr027x imp B002c.jpg,-2.5,card_context_candidate,stamp_or_philatelic:postage; stamp_or_philatelic:stamp; commons_file_source,small packet may not need cover-main treatment
Latvia|World War and public-information graphics|Wikimedia Commons|2005-2009,small_packet_standalone_or_sub_review,decide_if_standalone_normal_main_or_sub_under_nearby_packet,low,false,2,small,mixed_manual_relation_review,low,Latvia,World War and public-information graphics,Wikimedia Commons,2005-2009,2008-2008,2,2,0,0,2,0,SURF-CAW2026R03617,20080315 93sant Latvia Postage Stamp.jpg,-17.05,card_context_candidate,stamp_or_philatelic:postage; stamp_or_philatelic:stamp; commons_file_source,small packet may not need cover-main treatment
Madagascar|Modern typography and layout|Wikimedia Commons|2010-2014,small_packet_standalone_or_sub_review,decide_if_standalone_normal_main_or_sub_under_nearby_packet,low,true,2,small,mixed_manual_relation_review,low,Madagascar,Modern typography and layout,Wikimedia Commons,2010-2014,2010-2010,3,2,0,0,0,0,SURF-CAW2026R03688,Corundum-49172.jpg,92.9,manual_relation_review,commons_file_source,small packet may not need cover-main treatment
Mexico|Corporate identity and design systems|Los Angeles Public Library Tessa / CONTENTdm|1985-1989,small_packet_standalone_or_sub_review,decide_if_standalone_normal_main_or_sub_under_nearby_packet,low,true,2,small,mixed_manual_relation_review,low,Mexico,Corporate identity and design systems,Los Angeles Public Library Tessa / CONTENTdm,1985-1989,1985-1986,2,2,0,2,0,0,SURF-SBC1970R0020,85 Images by 8 L.A. Artists at Brockman Gallery,70.25,packet_member_review,,small packet may not need cover-main treatment
Mexico|Modern typography and layout|Wikimedia Commons|1960-1964,small_packet_standalone_or_sub_review,decide_if_standalone_normal_main_or_sub_under_nearby_packet,low,false,2,small,mixed_manual_relation_review,low,Mexico,Modern typography and layout,Wikimedia Commons,1960-1964,1960-1964,3,2,0,0,2,0,SURF-CCT2026R02443,Mexican indpendence 4c 1960.jpg,-23.5,card_context_candidate,stamp_or_philatelic:postage; stamp_or_philatelic:stamp; stamp_or_philatelic:stamps; commons_file_source,small packet may not need cover-main treatment
Middle East and North Africa|Postwar exhibition and cultural posters|Barjeel Art Foundation|2020-2024,small_packet_standalone_or_sub_review,decide_if_standalone_normal_main_or_sub_under_nearby_packet,low,true,2,small,small_anchor_or_manual,low,Middle East and North Africa,Postwar exhibition and cultural posters,Barjeel Art Foundation,2020-2024,2023-2024,2,2,0,0,0,0,SURF-NMR1990R0006,The jewels of my career,95.65,manual_relation_review,,small packet may not need cover-main treatment
Moldova|Modern typography and layout|Wikimedia Commons|1980-1984,small_packet_standalone_or_sub_review,decide_if_standalone_normal_main_or_sub_under_nearby_packet,low,false,2,small,mixed_manual_relation_review,low,Moldova,Modern typography and layout,Wikimedia Commons,1980-1984,1982-1982,2,2,0,0,2,0,SURF-CAW2026R03036,Stamp of Moldova - 2013 - Colnect 349218 - Mihai Eminescu - 1982 by Emil Childescu National Museum of.jpeg,1.55,card_context_candidate,stamp_or_philatelic:postage; stamp_or_philatelic:stamp; stamp_or_philatelic:stamps; commons_file_source,small packet may not need cover-main treatment
Moldova|Modern typography and layout|Wikimedia Commons|2005-2009,small_packet_standalone_or_sub_review,decide_if_standalone_normal_main_or_sub_under_nearby_packet,low,false,2,small,mixed_manual_relation_review,low,Moldova,Modern typography and layout,Wikimedia Commons,2005-2009,2007-2007,2,2,0,0,2,0,SURF-CAW2026R03576,Stamp of Moldova md597sh.jpg,0.95,card_context_candidate,stamp_or_philatelic:postage; stamp_or_philatelic:stamp; stamp_or_philatelic:stamps; commons_file_source,small packet may not need cover-main treatment
Mongolia|Modern typography and layout|Wikimedia Commons|1975-1979,small_packet_standalone_or_sub_review,decide_if_standalone_normal_main_or_sub_under_nearby_packet,low,false,2,small,mixed_manual_relation_review,low,Mongolia,Modern typography and layout,Wikimedia Commons,1975-1979,1978-1978,2,2,0,0,2,0,SURF-CAW2026R02953,Почтовая марка СССР № 5171. 1981. Международное сотрудничество в космосе.jpg,-2.35,card_context_candidate,stamp_or_philatelic:postage; stamp_or_philatelic:stamp; stamp_or_philatelic:stamps; commons_file_source,small packet may not need cover-main treatment
Morocco|Modern typography and layout|Wikimedia Commons|1935-1939,small_packet_standalone_or_sub_review,decide_if_standalone_normal_main_or_sub_under_nearby_packet,low,false,2,small,mixed_manual_relation_review,low,Morocco,Modern typography and layout,Wikimedia Commons,1935-1939,1935-1937,2,2,0,0,2,0,SURF-CCT2026R00500,Stamp UK Morocco 1937 5cmo.jpg,-27.15,card_context_candidate,stamp_or_philatelic:postage; stamp_or_philatelic:stamp; stamp_or_philatelic:stamps; commons_file_source,small packet may not need cover-main treatment
Mozambique|Modern typography and layout|Wikimedia Commons|1930-1934,small_packet_standalone_or_sub_review,decide_if_standalone_normal_main_or_sub_under_nearby_packet,low,false,2,small,mixed_manual_relation_review,low,Mozambique,Modern typography and layout,Wikimedia Commons,1930-1934,1930-1932,2,2,0,0,2,0,SURF-CAW2026R01710,Stamp of Peru - 1932 - Colnect 846134 - Number 2.jpeg,-18.05,card_context_candidate,stamp_or_philatelic:postage; stamp_or_philatelic:stamp; stamp_or_philatelic:stamps; commons_file_source,small packet may not need cover-main treatment
Mozambique|Travel and transport poster culture|Wikimedia Commons|1895-1899,small_packet_standalone_or_sub_review,decide_if_standalone_normal_main_or_sub_under_nearby_packet,low,false,2,small,mixed_manual_relation_review,low,Mozambique,Travel and transport poster culture,Wikimedia Commons,1895-1899,1898-1898,2,2,0,0,2,0,SURF-CAW2026R00747,Stamp of Peru - 1898 - Colnect 846120 - 1 - Columbus Monument.jpeg,-14.15,card_context_candidate,stamp_or_philatelic:postage; stamp_or_philatelic:stamp; stamp_or_philatelic:stamps; commons_file_source,small packet may not need cover-main treatment
Nepal|Modern typography and layout|Wikimedia Commons|1880-1884,small_packet_standalone_or_sub_review,decide_if_standalone_normal_main_or_sub_under_nearby_packet,low,false,2,small,mixed_manual_relation_review,low,Nepal,Modern typography and layout,Wikimedia Commons,1880-1884,1881-1881,2,2,0,0,2,0,SURF-CCT2026R03867,1881 Nepal stamps.jpg,-4.15,card_context_candidate,stamp_or_philatelic:postage; stamp_or_philatelic:stamp; stamp_or_philatelic:stamps; commons_file_source,small packet may not need cover-main treatment
Nepal|Modern typography and layout|Wikimedia Commons|2015-2019,small_packet_standalone_or_sub_review,decide_if_standalone_normal_main_or_sub_under_nearby_packet,low,true,2,small,mixed_manual_relation_review,low,Nepal,Modern typography and layout,Wikimedia Commons,2015-2019,2015-2017,3,2,0,1,0,0,SURF-CAW2026R04054,Many of the old buildings in the Bhaktapur Durbar Sqr. are in a precarious condition (49738791532).jpg,94.7,manual_relation_review,commons_file_source,small packet may not need cover-main treatment
Nigeria|Modern typography and layout|Wikimedia Commons|1900-1904,small_packet_standalone_or_sub_review,decide_if_standalone_normal_main_or_sub_under_nearby_packet,low,false,2,small,mixed_manual_relation_review,low,Nigeria,Modern typography and layout,Wikimedia Commons,1900-1904,1900-1902,2,2,0,0,2,0,SURF-CCT2026R00573,Stamp Southern Nigeria 1901 1sh.jpg,-14.15,card_context_candidate,stamp_or_philatelic:postage; stamp_or_philatelic:stamp; stamp_or_philatelic:stamps; commons_file_source,small packet may not need cover-main treatment
Oman|Modern typography and layout|Wikimedia Commons|2015-2019,small_packet_standalone_or_sub_review,decide_if_standalone_normal_main_or_sub_under_nearby_packet,low,true,2,small,small_anchor_or_manual,low,Oman,Modern typography and layout,Wikimedia Commons,2015-2019,2016-2016,2,2,0,0,0,0,SURF-CAW2026R04158,Oman University Student 08 (28773655505).jpg,100.65,manual_relation_review,commons_file_source,small packet may not need cover-main treatment
Pakistan|Modern typography and layout|Wikimedia Commons|1990-1994,small_packet_standalone_or_sub_review,decide_if_standalone_normal_main_or_sub_under_nearby_packet,low,false,2,small,mixed_manual_relation_review,low,Pakistan,Modern typography and layout,Wikimedia Commons,1990-1994,1990-1990,4,2,0,0,2,0,SURF-CRB2026V2R0648,Stamp of Indonesia - 1990 - Colnect 252737 - Organization of Petroleum Exporting Countries.jpeg,-1.95,card_context_candidate,stamp_or_philatelic:postage; stamp_or_philatelic:stamp; stamp_or_philatelic:stamps; commons_file_source,small packet may not need cover-main treatment
Peru|Modern typography and layout|Wikimedia Commons|1865-1869,small_packet_standalone_or_sub_review,decide_if_standalone_normal_main_or_sub_under_nearby_packet,low,false,2,small,mixed_manual_relation_review,low,Peru,Modern typography and layout,Wikimedia Commons,1865-1869,1866-1866,3,2,0,0,2,0,SURF-CCE2026R00025,Stamp of Peru - 1866 - Colnect 352996 - Lama Lama glama.jpeg,-0.1,card_context_candidate,stamp_or_philatelic:stamp; stamp_or_philatelic:stamps; commons_file_source,small packet may not need cover-main treatment
Peru|Travel and transport poster culture|Wikimedia Commons|1905-1909,small_packet_standalone_or_sub_review,decide_if_standalone_normal_main_or_sub_under_nearby_packet,low,false,2,small,mixed_manual_relation_review,low,Peru,Travel and transport poster culture,Wikimedia Commons,1905-1909,1907-1909,2,2,0,0,2,0,SURF-CCE2026R00158,Stamp of Peru - 1909 - Colnect 225353 - Christoph Columbus.jpeg,-12.95,card_context_candidate,stamp_or_philatelic:stamp; stamp_or_philatelic:stamps; commons_file_source,small packet may not need cover-main treatment
Peru|Travel and transport poster culture|Wikimedia Commons|1935-1939,small_packet_standalone_or_sub_review,decide_if_standalone_normal_main_or_sub_under_nearby_packet,low,false,2,small,mixed_manual_relation_review,low,Peru,Travel and transport poster culture,Wikimedia Commons,1935-1939,1936-1936,2,2,0,0,2,0,SURF-CGS2026R1344,Sello Peru Trece Gallo 1936.jpg,-7.55,card_context_candidate,stamp_or_philatelic:stamp; commons_file_source,small packet may not need cover-main treatment
Philippines|Modern typography and layout|Wikimedia Commons|1905-1909,small_packet_standalone_or_sub_review,decide_if_standalone_normal_main_or_sub_under_nearby_packet,low,true,2,small,mixed_manual_relation_review,low,Philippines,Modern typography and layout,Wikimedia Commons,1905-1909,1906-1907,5,2,0,1,1,0,SURF-CAW2026R01063,"""Make me an offer, gentlemen!"" - Frank A. Nankivell. LCCN2011647244.jpg",74.6,packet_member_review,commons_file_source,small packet may not need cover-main treatment
Philippines|Modern typography and layout|Wikimedia Commons|1935-1939,small_packet_standalone_or_sub_review,decide_if_standalone_normal_main_or_sub_under_nearby_packet,low,false,2,small,mixed_manual_relation_review,low,Philippines,Modern typography and layout,Wikimedia Commons,1935-1939,1935-1937,4,2,0,0,2,0,SURF-CCT2026R04309,Daitoua Sensou ishuunen Kinen Stamp in Philippine.jpg,0.35,card_context_candidate,stamp_or_philatelic:postage; stamp_or_philatelic:stamp; stamp_or_philatelic:stamps; commons_file_source,small packet may not need cover-main treatment
Philippines|Modern typography and layout|Wikimedia Commons|1945-1949,small_packet_standalone_or_sub_review,decide_if_standalone_normal_main_or_sub_under_nearby_packet,low,false,2,small,mixed_manual_relation_review,low,Philippines,Modern typography and layout,Wikimedia Commons,1945-1949,1946-1949,2,2,0,0,2,0,SURF-CAW2026R02288,Stamp of Indonesia - 1949 - Colnect 515511 - Indonesian archipelago the World Postal monument in Bern an.jpeg,-5.95,card_context_candidate,weak_context:anniversary; stamp_or_philatelic:postage; stamp_or_philatelic:stamp; stamp_or_philatelic:stamps; commons_file_source,small packet may not need cover-main treatment
Poland|World War and public-information graphics|Wikimedia Commons|1965-1969,small_packet_standalone_or_sub_review,decide_if_standalone_normal_main_or_sub_under_nearby_packet,low,false,2,small,mixed_manual_relation_review,low,Poland,World War and public-information graphics,Wikimedia Commons,1965-1969,1965-1968,2,2,0,0,2,0,SURF-CCT2026R01591,II Miedzynarodowe Biennale Plakatu (1968) Polish stamp; poster by Henryk Tomaszewski.jpg,-2.75,card_context_candidate,stamp_or_philatelic:stamp; commons_file_source,small packet may not need cover-main treatment
Romania|Modern typography and layout|Wikimedia Commons|1925-1929,small_packet_standalone_or_sub_review,decide_if_standalone_normal_main_or_sub_under_nearby_packet,low,true,2,small,mixed_manual_relation_review,low,Romania,Modern typography and layout,Wikimedia Commons,1925-1929,1927-1928,2,2,0,1,1,0,SURF-CRG2026R0490,"Mustul care fierbe VR 10, 33.jpg",75.45,packet_member_review,commons_file_source,small packet may not need cover-main treatment
Romania|Modern typography and layout|Wikimedia Commons|1930-1934,small_packet_standalone_or_sub_review,decide_if_standalone_normal_main_or_sub_under_nearby_packet,low,false,2,small,mixed_manual_relation_review,low,Romania,Modern typography and layout,Wikimedia Commons,1930-1934,1931-1934,2,2,0,0,2,0,SURF-CCT2026R01625,Romania 1961 MI 1963 stamp (Yuri Gagarin in space capsule and globe with orbit) cancelled.jpg,-4.15,card_context_candidate,stamp_or_philatelic:postage; stamp_or_philatelic:stamp; stamp_or_philatelic:stamps; commons_file_source,small packet may not need cover-main treatment
Romania|Modern typography and layout|Wikimedia Commons|1970-1974,small_packet_standalone_or_sub_review,decide_if_standalone_normal_main_or_sub_under_nearby_packet,low,false,2,small,mixed_manual_relation_review,low,Romania,Modern typography and layout,Wikimedia Commons,1970-1974,1970-1971,2,2,0,0,2,0,SURF-CRG2026R1963,1971. XI Зимние Олимпийские игры. Фигурное катание.jpg,2.15,card_context_candidate,stamp_or_philatelic:stamp; stamp_or_philatelic:stamps; commons_file_source,small packet may not need cover-main treatment
Romania|Modern typography and layout|Wikimedia Commons|1980-1984,small_packet_standalone_or_sub_review,decide_if_standalone_normal_main_or_sub_under_nearby_packet,low,false,2,small,mixed_manual_relation_review,low,Romania,Modern typography and layout,Wikimedia Commons,1980-1984,1980-1981,2,2,0,0,2,0,SURF-CAW2026R02988,ROM 1980 MiNrBl0171 mt B002a.jpg,1.05,card_context_candidate,stamp_or_philatelic:postage; stamp_or_philatelic:stamp; commons_file_source,small packet may not need cover-main treatment
Russia|Modern typography and layout|Wikimedia Commons|1975-1979,small_packet_standalone_or_sub_review,decide_if_standalone_normal_main_or_sub_under_nearby_packet,low,true,2,small,mixed_manual_relation_review,low,Russia,Modern typography and layout,Wikimedia Commons,1975-1979,1975-1976,2,2,0,1,1,0,SURF-CRG2026R2768,"Garden State Art Center proudly presents Byelorussian Folk Festival, Saturday, June 12, 1976 LCCN2015648263.jpg",74.85,packet_member_review,commons_file_source,small packet may not need cover-main treatment
Russia|Modern typography and layout|Wikimedia Commons|1985-1989,small_packet_standalone_or_sub_review,decide_if_standalone_normal_main_or_sub_under_nearby_packet,low,false,2,small,mixed_manual_relation_review,low,Russia,Modern typography and layout,Wikimedia Commons,1985-1989,1986-1987,2,2,0,0,2,0,SURF-FGC2026R00010,Цветы Постер концерта в Лайм Лайт.jpg,8.85,card_context_candidate,stamp_or_philatelic:stamp; commons_file_source,small packet may not need cover-main treatment
Samoa|Modern typography and layout|Wikimedia Commons|1900-1904,small_packet_standalone_or_sub_review,decide_if_standalone_normal_main_or_sub_under_nearby_packet,low,false,2,small,mixed_manual_relation_review,low,Samoa,Modern typography and layout,Wikimedia Commons,1900-1904,1900-1900,2,2,0,0,2,0,SURF-CCT2026R03599,Five shilling Samoa Express stamp-forged.jpg,-8.55,card_context_candidate,stamp_or_philatelic:postage; stamp_or_philatelic:stamp; stamp_or_philatelic:stamps; commons_file_source,small packet may not need cover-main treatment
Senegal|Modern typography and layout|Wikimedia Commons|1950-1954,small_packet_standalone_or_sub_review,decide_if_standalone_normal_main_or_sub_under_nearby_packet,low,false,2,small,mixed_manual_relation_review,low,Senegal,Modern typography and layout,Wikimedia Commons,1950-1954,1953-1953,2,2,0,0,2,0,SURF-CAW2026R02371,Stamp of Peru - 1953 - Colnect 315804 - Tobacco Plant of Tumbes.jpeg,-15.75,card_context_candidate,stamp_or_philatelic:postage; stamp_or_philatelic:stamp; stamp_or_philatelic:stamps; commons_file_source,small packet may not need cover-main treatment
Serbia|Modern typography and layout|Wikimedia Commons|1885-1889,small_packet_standalone_or_sub_review,decide_if_standalone_normal_main_or_sub_under_nearby_packet,low,false,2,small,mixed_manual_relation_review,low,Serbia,Modern typography and layout,Wikimedia Commons,1885-1889,1885-1885,2,2,0,0,2,0,SURF-CAW2026R00473,Stamp of Peru - 1885 - Colnect 844949 - Col Francisco Bolognesi Overprinted.jpeg,-11.75,card_context_candidate,stamp_or_philatelic:postage; stamp_or_philatelic:stamp; stamp_or_philatelic:stamps; commons_file_source,small packet may not need cover-main treatment
Serbia|Modern typography and layout|Wikimedia Commons|1950-1954,small_packet_standalone_or_sub_review,decide_if_standalone_normal_main_or_sub_under_nearby_packet,low,true,2,small,mixed_manual_relation_review,low,Serbia,Modern typography and layout,Wikimedia Commons,1950-1954,1950-1950,3,2,0,2,0,0,SURF-CRG2026R1374,National loan leaflet.jpg,70.1,packet_member_review,source_register:inventory; commons_file_source,small packet may not need cover-main treatment
Seychelles|Modern typography and layout|Wikimedia Commons|1865-1869,small_packet_standalone_or_sub_review,decide_if_standalone_normal_main_or_sub_under_nearby_packet,low,false,2,small,mixed_manual_relation_review,low,Seychelles,Modern typography and layout,Wikimedia Commons,1865-1869,1866-1866,2,2,0,0,2,0,SURF-CAW2026R00298,Stamp of Peru - 1895 - Colnect 419539 - Lama Lama glama.jpeg,-18.95,card_context_candidate,stamp_or_philatelic:postage; stamp_or_philatelic:stamp; stamp_or_philatelic:stamps; commons_file_source,small packet may not need cover-main treatment
Singapore|Midcentury modern graphic communication|Asian Film Archive|2025-2029,small_packet_standalone_or_sub_review,decide_if_standalone_normal_main_or_sub_under_nearby_packet,low,true,2,small,mixed_manual_relation_review,low,Singapore,Midcentury modern graphic communication,Asian Film Archive,2025-2029,2025-2026,2,2,0,2,0,0,SURF-EW1970R003,Matter Matters | Interview with Elsa Wong about “A Secret Portrait of Wan Hoi-Ling”,74.35,packet_member_review,,small packet may not need cover-main treatment
Singapore|World War and public-information graphics|Asian Film Archive|2020-2024,small_packet_standalone_or_sub_review,decide_if_standalone_normal_main_or_sub_under_nearby_packet,low,true,2,small,mixed_manual_relation_review,low,Singapore,World War and public-information graphics,Asian Film Archive,2020-2024,2023-2024,2,2,0,2,0,0,SURF-EW1970R008,Revisiting the New Windows: Asian Films at the junction of the New Millennium,74.35,packet_member_review,,small packet may not need cover-main treatment
Slovenia|Modern typography and layout|Wikimedia Commons|1955-1959,small_packet_standalone_or_sub_review,decide_if_standalone_normal_main_or_sub_under_nearby_packet,low,false,2,small,mixed_manual_relation_review,low,Slovenia,Modern typography and layout,Wikimedia Commons,1955-1959,1958-1958,2,2,0,0,2,0,SURF-CAW2026R02549,Stamp of Afghanistan - 1958 - Colnect 486784 - President Celâl Bayar.jpeg,-2.65,card_context_candidate,stamp_or_philatelic:postage; stamp_or_philatelic:stamp; stamp_or_philatelic:stamps; commons_file_source,small packet may not need cover-main treatment
South Africa|Modern typography and layout|Wikimedia Commons|1925-1929,small_packet_standalone_or_sub_review,decide_if_standalone_normal_main_or_sub_under_nearby_packet,low,false,2,small,mixed_manual_relation_review,low,South Africa,Modern typography and layout,Wikimedia Commons,1925-1929,1926-1926,2,2,0,0,2,0,SURF-CCT2026R00620,SA-riebeek1926.jpg,-2.05,card_context_candidate,stamp_or_philatelic:postage; stamp_or_philatelic:stamp; stamp_or_philatelic:stamps; commons_file_source,small packet may not need cover-main treatment
Sri Lanka|Modern typography and layout|Wikimedia Commons|1870-1874,small_packet_standalone_or_sub_review,decide_if_standalone_normal_main_or_sub_under_nearby_packet,low,false,2,small,mixed_manual_relation_review,low,Sri Lanka,Modern typography and layout,Wikimedia Commons,1870-1874,1872-1872,2,2,0,0,2,0,SURF-CAW2026R00329,1872ca 16c Ceylon oval B Yv51 Mi48 SG126 pale violet.jpg,-17.95,card_context_candidate,stamp_or_philatelic:postage; stamp_or_philatelic:stamp; stamp_or_philatelic:stamps; commons_file_source,small packet may not need cover-main treatment
Switzerland|Midcentury modern graphic communication|Wikimedia Commons|1940-1944,small_packet_standalone_or_sub_review,decide_if_standalone_normal_main_or_sub_under_nearby_packet,low,true,2,small,mixed_manual_relation_review,low,Switzerland,Midcentury modern graphic communication,Wikimedia Commons,1940-1944,1943-1943,2,2,0,2,0,0,SURF-COM1970R090,CH-NB Poster Collection SNL POL 371.jpg,74.95,packet_member_review,commons_file_source,small packet may not need cover-main treatment
Syria|Modern typography and layout|Wikimedia Commons|1960-1964,small_packet_standalone_or_sub_review,decide_if_standalone_normal_main_or_sub_under_nearby_packet,low,false,2,small,mixed_manual_relation_review,low,Syria,Modern typography and layout,Wikimedia Commons,1960-1964,1961-1961,2,2,0,0,2,0,SURF-CAW2026R02596,"A Syrian postage stamp with the national flag, issued on the day of the 1961 military coup that marked Syria's separation from Egypt and the de facto dissolution of the United Arab Republic (cropped).jpg",4.95,card_context_candidate,stamp_or_philatelic:postage; stamp_or_philatelic:stamp; commons_file_source,small packet may not need cover-main treatment
Tajikistan|Modern typography and layout|Wikimedia Commons|1990-1994,small_packet_standalone_or_sub_review,decide_if_standalone_normal_main_or_sub_under_nearby_packet,low,false,2,small,mixed_manual_relation_review,low,Tajikistan,Modern typography and layout,Wikimedia Commons,1990-1994,1992-1994,2,2,0,0,2,0,SURF-CAW2026R03239,Tajikistan 1992 Mi 7b stamp (Traditional Musical Instruments) blue surcharge.jpg,-3.85,card_context_candidate,stamp_or_philatelic:postage; stamp_or_philatelic:stamp; stamp_or_philatelic:stamps; commons_file_source,small packet may not need cover-main treatment
Tanzania|Modern typography and layout|Wikimedia Commons|1835-1839,small_packet_standalone_or_sub_review,decide_if_standalone_normal_main_or_sub_under_nearby_packet,low,false,2,small,mixed_manual_relation_review,low,Tanzania,Modern typography and layout,Wikimedia Commons,1835-1839,1837-1837,2,2,0,0,2,0,SURF-CCT2026R00698,Stamp of Tanzania - 1967 - Colnect 264718 - Barred Mudskipper Periophthalmus sobrinus.jpeg,-4.65,card_context_candidate,stamp_or_philatelic:postage; stamp_or_philatelic:stamp; stamp_or_philatelic:stamps; commons_file_source,small packet may not need cover-main treatment
Timor-Leste|Modern typography and layout|Wikimedia Commons|1995-1999,small_packet_standalone_or_sub_review,decide_if_standalone_normal_main_or_sub_under_nearby_packet,low,false,2,small,mixed_manual_relation_review,low,Timor-Leste,Modern typography and layout,Wikimedia Commons,1995-1999,1996-1999,2,2,0,0,2,0,SURF-CAW2026R03350,Stamp of Indonesia - 1996 - Colnect 253541 - Traditional Dances.jpeg,-2.05,card_context_candidate,stamp_or_philatelic:postage; stamp_or_philatelic:stamp; stamp_or_philatelic:stamps; commons_file_source,small packet may not need cover-main treatment
Tunisia|Modern typography and layout|Wikimedia Commons|1990-1994,small_packet_standalone_or_sub_review,decide_if_standalone_normal_main_or_sub_under_nearby_packet,low,false,2,small,mixed_manual_relation_review,low,Tunisia,Modern typography and layout,Wikimedia Commons,1990-1994,1992-1992,2,2,0,0,2,0,SURF-CCT2026R00729,"Tunisia 1992 variable value stamp 002 0,010 Mi 1.2.jpg",-14.95,card_context_candidate,stamp_or_philatelic:postage; stamp_or_philatelic:stamp; stamp_or_philatelic:stamps; commons_file_source,small packet may not need cover-main treatment
Tunisia|World War and public-information graphics|Wikimedia Commons|1960-1964,small_packet_standalone_or_sub_review,decide_if_standalone_normal_main_or_sub_under_nearby_packet,low,true,2,small,mixed_manual_relation_review,low,Tunisia,World War and public-information graphics,Wikimedia Commons,1960-1964,1964-1964,2,2,0,2,0,0,SURF-CAW2026R02654,"Primary school students, Tunis - UNESCO - PHOTO0000000421 0000.tiff",71.65,packet_member_review,commons_file_source,small packet may not need cover-main treatment
Turkey|Modern typography and layout|Wikimedia Commons|1940-1944,small_packet_standalone_or_sub_review,decide_if_standalone_normal_main_or_sub_under_nearby_packet,low,false,2,small,mixed_manual_relation_review,low,Turkey,Modern typography and layout,Wikimedia Commons,1940-1944,1940-1943,2,2,0,0,2,0,SURF-CAW2026R02146,Stamp of Finland - 1943 - Colnect 578095 - Saimaa - dark red lilac Re engraving.jpeg,-4.15,card_context_candidate,stamp_or_philatelic:postage; stamp_or_philatelic:stamp; stamp_or_philatelic:stamps; commons_file_source,small packet may not need cover-main treatment
Turkey|Travel and transport poster culture|Wikimedia Commons|1890-1894,small_packet_standalone_or_sub_review,decide_if_standalone_normal_main_or_sub_under_nearby_packet,low,false,2,small,mixed_manual_relation_review,low,Turkey,Travel and transport poster culture,Wikimedia Commons,1890-1894,1890-1890,2,2,0,0,2,0,SURF-CCT2026R03204,Turkey contrebande 1pia.jpg,-1.75,card_context_candidate,stamp_or_philatelic:postage; stamp_or_philatelic:stamp; stamp_or_philatelic:stamps; commons_file_source,small packet may not need cover-main treatment
Uganda|Modern typography and layout|Wikimedia Commons|2010-2014,small_packet_standalone_or_sub_review,decide_if_standalone_normal_main_or_sub_under_nearby_packet,low,true,2,small,mixed_manual_relation_review,low,Uganda,Modern typography and layout,Wikimedia Commons,2010-2014,2011-2011,5,2,0,2,0,0,SURF-CAW2026R03750,Museveni.jpg,70.3,packet_member_review,commons_file_source,small packet may not need cover-main treatment
Ukraine|Modern typography and layout|Wikimedia Commons|1875-1879,small_packet_standalone_or_sub_review,decide_if_standalone_normal_main_or_sub_under_nearby_packet,low,false,2,small,mixed_manual_relation_review,low,Ukraine,Modern typography and layout,Wikimedia Commons,1875-1879,1877-1877,2,2,0,0,2,0,SURF-CCT2026R01774,Stamp of Ukraine s1878.jpg,-18.45,card_context_candidate,stamp_or_philatelic:postage; stamp_or_philatelic:stamp; stamp_or_philatelic:stamps; commons_file_source,small packet may not need cover-main treatment
Ukraine|Modern typography and layout|Wikimedia Commons|1940-1944,small_packet_standalone_or_sub_review,decide_if_standalone_normal_main_or_sub_under_nearby_packet,low,false,2,small,mixed_manual_relation_review,low,Ukraine,Modern typography and layout,Wikimedia Commons,1940-1944,1941-1944,4,2,0,0,2,0,SURF-CAW2026R02164,South-Ukraine 1944 farmer set unused.jpg,-16.45,card_context_candidate,stamp_or_philatelic:postage; stamp_or_philatelic:stamp; stamp_or_philatelic:stamps; commons_file_source,small packet may not need cover-main treatment
Ukraine|World War and public-information graphics|Wikimedia Commons|1870-1874,small_packet_standalone_or_sub_review,decide_if_standalone_normal_main_or_sub_under_nearby_packet,low,true,2,small,small_anchor_or_manual,low,Ukraine,World War and public-information graphics,Wikimedia Commons,1870-1874,1874-1874,2,2,0,0,1,0,SURF-CRB2026V2R0338,Ludwig Hohlwein NEUES VOLK 1938 Kalender des Rassenpolitisches Amtes der NSDAP 85 Rpf. Berlin Nazi Germany Calendar poster cover 43.9x29.5 cm 'Arian' German familyWolfsonian-FIU WOLF026885 No known copyright.tif,94.35,manual_relation_review,commons_file_source,small packet may not need cover-main treatment
United Arab Emirates|Modern typography and layout|Wikimedia Commons|1890-1894,small_packet_standalone_or_sub_review,decide_if_standalone_normal_main_or_sub_under_nearby_packet,low,true,2,small,small_anchor_or_manual,low,United Arab Emirates,Modern typography and layout,Wikimedia Commons,1890-1894,1893-1893,2,2,0,0,0,0,SURF-CAW2026R00659,Poster for the Rideau King- a ferry on the canal (26867283985).jpg,94.55,manual_relation_review,commons_file_source,small packet may not need cover-main treatment
United Arab Emirates|Modern typography and layout|Wikimedia Commons|1965-1969,small_packet_standalone_or_sub_review,decide_if_standalone_normal_main_or_sub_under_nearby_packet,low,false,2,small,mixed_manual_relation_review,low,United Arab Emirates,Modern typography and layout,Wikimedia Commons,1965-1969,1967-1968,2,2,0,0,2,0,SURF-CAW2026R02752,Stamp 1972 Umm MiNr111A pm B002.jpg,0.65,card_context_candidate,stamp_or_philatelic:postage; stamp_or_philatelic:stamp; stamp_or_philatelic:stamps; commons_file_source,small packet may not need cover-main treatment
United Arab Emirates|Travel and transport poster culture|Wikimedia Commons|2005-2009,small_packet_standalone_or_sub_review,decide_if_standalone_normal_main_or_sub_under_nearby_packet,low,true,2,small,small_anchor_or_manual,low,United Arab Emirates,Travel and transport poster culture,Wikimedia Commons,2005-2009,2005-2007,2,2,0,0,0,0,SURF-CAW2026R03525,"Ilyushin Il-76TD, Airline Transport AN0790769.jpg",95.15,manual_relation_review,commons_file_source,small packet may not need cover-main treatment
United Kingdom|Modern typography and layout|Wikimedia Commons|1850-1854,small_packet_standalone_or_sub_review,decide_if_standalone_normal_main_or_sub_under_nearby_packet,low,false,2,small,mixed_manual_relation_review,low,United Kingdom,Modern typography and layout,Wikimedia Commons,1850-1854,1850-1853,2,2,0,0,2,0,SURF-CAW2026R00179,British Guiana 1850 Mi 4.jpg,-6.15,card_context_candidate,stamp_or_philatelic:postage; stamp_or_philatelic:stamp; stamp_or_philatelic:stamps; commons_file_source,small packet may not need cover-main treatment
United States|Midcentury modern graphic communication|Georgia State CONTENTdm|1935-1939,small_packet_standalone_or_sub_review,decide_if_standalone_normal_main_or_sub_under_nearby_packet,low,false,2,small,mixed_manual_relation_review,low,United States,Midcentury modern graphic communication,Georgia State CONTENTdm,1935-1939,1936-1936,2,2,0,2,0,0,SURF-GSU1970R005,"Index card file for plants or locals in Washington, D.C., 1936",56.15,packet_member_review,,small packet may not need cover-main treatment
United States|Midcentury modern graphic communication|Georgia State CONTENTdm|1940-1944,small_packet_standalone_or_sub_review,decide_if_standalone_normal_main_or_sub_under_nearby_packet,low,false,2,small,mixed_manual_relation_review,low,United States,Midcentury modern graphic communication,Georgia State CONTENTdm,1940-1944,1942-1942,2,2,0,2,0,0,SURF-GSU1970R009,"Aero Mechanic, 1942-10-15",60.65,packet_member_review,,small packet may not need cover-main treatment
United States|Midcentury modern graphic communication|Georgia State CONTENTdm|1950-1954,small_packet_standalone_or_sub_review,decide_if_standalone_normal_main_or_sub_under_nearby_packet,low,false,2,small,mixed_manual_relation_review,low,United States,Midcentury modern graphic communication,Georgia State CONTENTdm,1950-1954,1950-1952,2,2,0,2,0,0,SURF-GSU1970R017,"Man and poster encouraging union members to vote at a CIO Constitutional Convention, Chicago, Illinois, November 1950.",63.95,packet_member_review,,small packet may not need cover-main treatment
United States|Midcentury modern graphic communication|Georgia State CONTENTdm|1975-1979,small_packet_standalone_or_sub_review,decide_if_standalone_normal_main_or_sub_under_nearby_packet,low,false,2,small,mixed_manual_relation_review,low,United States,Midcentury modern graphic communication,Georgia State CONTENTdm,1975-1979,1975-1975,3,2,0,2,0,0,SURF-GSU2026R021,"The 751 Aero Mechanic, 1975-09-04",64.4,packet_member_review,,small packet may not need cover-main treatment
United States|Midcentury modern graphic communication|Georgia State CONTENTdm|2005-2009,small_packet_standalone_or_sub_review,decide_if_standalone_normal_main_or_sub_under_nearby_packet,low,false,2,small,mixed_manual_relation_review,low,United States,Midcentury modern graphic communication,Georgia State CONTENTdm,2005-2009,2008-2009,2,2,0,2,0,0,SURF-GSU2026R050,"The IAM District 190 Sparkplug, 2009-06/2009-07",63.65,packet_member_review,,small packet may not need cover-main treatment
United States|Modern typography and layout|Georgia State CONTENTdm|1980-1984,small_packet_standalone_or_sub_review,decide_if_standalone_normal_main_or_sub_under_nearby_packet,low,false,2,small,mixed_manual_relation_review,low,United States,Modern typography and layout,Georgia State CONTENTdm,1980-1984,1981-1984,2,2,0,2,0,0,SURF-GSU2026R034,"MCCL Newsletter, 1984-08",54.35,packet_member_review,,small packet may not need cover-main treatment
United States|Modern typography and layout|Wikimedia Commons|1835-1839,small_packet_standalone_or_sub_review,decide_if_standalone_normal_main_or_sub_under_nearby_packet,low,true,2,small,mixed_manual_relation_review,low,United States,Modern typography and layout,Wikimedia Commons,1835-1839,1835-1835,2,2,0,2,0,0,SURF-CAW2026R00113,Unidentified Puerto Rican Artist - Dama rubia de la familia Canals - 1996.91.25 - Smithsonian American Art Museum.jpg,74.65,packet_member_review,commons_file_source,small packet may not need cover-main treatment
United States|Modern typography and layout|Wikimedia Commons|1845-1849,small_packet_standalone_or_sub_review,decide_if_standalone_normal_main_or_sub_under_nearby_packet,low,true,2,small,small_anchor_or_manual,low,United States,Modern typography and layout,Wikimedia Commons,1845-1849,1846-1847,2,2,0,0,0,0,SURF-CCE2026R00007,"Estey Phonorium. (back) - Estey Organ Works, Brattleboro, VT. Establised, 1846.jpg",97.35,manual_relation_review,commons_file_source,small packet may not need cover-main treatment
United States|Modern typography and layout|Wikimedia Commons|1915-1919,small_packet_standalone_or_sub_review,decide_if_standalone_normal_main_or_sub_under_nearby_packet,low,true,2,small,mixed_manual_relation_review,low,United States,Modern typography and layout,Wikimedia Commons,1915-1919,1917-1918,3,2,0,0,0,0,SURF-CAW2026R01321,"Lest we perish Campaign for $30,000,000 ; American Committee for Relief in the Near East ; Armenia - Greece - Syria - Persia ; One Madison Ave., New York, Cleveland H. Dodge, Treasurer. LCCN98503175.tif",95.7,manual_relation_review,commons_file_source,small packet may not need cover-main treatment
United States|New Deal and civic poster programs|Wikimedia Commons|1935-1939,small_packet_standalone_or_sub_review,decide_if_standalone_normal_main_or_sub_under_nearby_packet,low,true,2,small,mixed_manual_relation_review,low,United States,New Deal and civic poster programs,Wikimedia Commons,1935-1939,1936-1939,2,2,0,2,0,0,SURF-COM1970R054,Rur.jpg,75.55,packet_member_review,commons_file_source,small packet may not need cover-main treatment
United States|Public health and social communication|Wikimedia Commons|2015-2019,small_packet_standalone_or_sub_review,decide_if_standalone_normal_main_or_sub_under_nearby_packet,low,true,2,small,small_anchor_or_manual,low,United States,Public health and social communication,Wikimedia Commons,2015-2019,2018-2018,2,2,0,0,0,0,SURF-LPC2026R081,"Peter Zamara, an HIV positive man, sits leaning against a Wellcome L0052391.jpg",93.75,manual_relation_review,commons_file_source,small packet may not need cover-main treatment
United States|Travel and transport poster culture|Letterform Archive|2025-2029,small_packet_standalone_or_sub_review,decide_if_standalone_normal_main_or_sub_under_nearby_packet,low,true,2,small,small_anchor_or_manual,low,United States,Travel and transport poster culture,Letterform Archive,2025-2029,2026-2026,2,2,0,0,0,0,SURF-EW1970R032,Inside Hotel Retro : Vintage Luggage Labels Get New Life as Charming Stickers in Our Latest Book,95.55,manual_relation_review,,small packet may not need cover-main treatment
United States|Travel and transport poster culture|Wikimedia Commons|1990-1994,small_packet_standalone_or_sub_review,decide_if_standalone_normal_main_or_sub_under_nearby_packet,low,true,2,small,small_anchor_or_manual,low,United States,Travel and transport poster culture,Wikimedia Commons,1990-1994,1993-1993,2,2,0,0,0,0,SURF-LPC2026R024,A man in a white shirt puts his hand on the suit of another Wellcome L0052394.jpg,93.45,manual_relation_review,commons_file_source,small packet may not need cover-main treatment
United States|World War and public-information graphics|Letterform Archive|2025-2029,small_packet_standalone_or_sub_review,decide_if_standalone_normal_main_or_sub_under_nearby_packet,low,true,2,small,small_anchor_or_manual,low,United States,World War and public-information graphics,Letterform Archive,2025-2029,2026-2026,2,2,0,0,0,0,SURF-EW1970R030,"From the Collection: Legacies of Swiss Style, Part 2—Wolfgang Weingart",100.45,manual_relation_review,,small packet may not need cover-main treatment
United States|World War and public-information graphics|Wikimedia Commons|1875-1879,small_packet_standalone_or_sub_review,decide_if_standalone_normal_main_or_sub_under_nearby_packet,low,true,2,small,small_anchor_or_manual,low,United States,World War and public-information graphics,Wikimedia Commons,1875-1879,1877-1877,2,2,0,0,1,0,SURF-CRG2026R0069,30b Sammlung Eybl USA James Montgomery Flagg (1877-1960) I want you for U.S. Army. 1917. 101 x 76 cm. (Coll..Nr. 3116).jpg,93.35,manual_relation_review,commons_file_source,small packet may not need cover-main treatment
United States|World War and public-information graphics|Wikimedia Commons|1910-1914,small_packet_standalone_or_sub_review,decide_if_standalone_normal_main_or_sub_under_nearby_packet,low,true,2,small,small_anchor_or_manual,low,United States,World War and public-information graphics,Wikimedia Commons,1910-1914,1910-1911,2,2,0,1,0,0,SURF-CAW2026R01100,BWIR poster.jpg,92.75,manual_relation_review,commons_file_source,small packet may not need cover-main treatment
United States|World War and public-information graphics|Wikimedia Commons|1935-1939,small_packet_standalone_or_sub_review,decide_if_standalone_normal_main_or_sub_under_nearby_packet,low,false,2,small,mixed_manual_relation_review,low,United States,World War and public-information graphics,Wikimedia Commons,1935-1939,1935-1935,2,2,0,0,2,0,SURF-CAW2026R01783,Japanese pre-war colonization. LOC 80675188-2.jpg,-2.05,card_context_candidate,stamp_or_philatelic:postage; stamp_or_philatelic:stamp; non_design_drift:mineral; commons_file_source,small packet may not need cover-main treatment
United States|World War and public-information graphics|Wikimedia Commons|1945-1949,small_packet_standalone_or_sub_review,decide_if_standalone_normal_main_or_sub_under_nearby_packet,low,true,2,small,small_anchor_or_manual,low,United States,World War and public-information graphics,Wikimedia Commons,1945-1949,1948-1948,2,2,0,0,1,0,SURF-CRG2026R1290,American Airlines To Washington Night and Day by Edward McKnight Kauffer (1948).jpg,93.65,manual_relation_review,commons_file_source,small packet may not need cover-main treatment
Uzbekistan|Modern typography and layout|Wikimedia Commons|1995-1999,small_packet_standalone_or_sub_review,decide_if_standalone_normal_main_or_sub_under_nearby_packet,low,false,2,small,mixed_manual_relation_review,low,Uzbekistan,Modern typography and layout,Wikimedia Commons,1995-1999,1997-1998,2,2,0,0,2,0,SURF-CRB2026V2R0144,Stamp of Uzbekistan 1997 m162b.jpg,-20.25,card_context_candidate,stamp_or_philatelic:postage; stamp_or_philatelic:stamp; commons_file_source,small packet may not need cover-main treatment
Venezuela|Modern typography and layout|Wikimedia Commons|1860-1864,small_packet_standalone_or_sub_review,decide_if_standalone_normal_main_or_sub_under_nearby_packet,low,true,2,small,mixed_manual_relation_review,low,Venezuela,Modern typography and layout,Wikimedia Commons,1860-1864,1860-1863,3,2,0,1,1,0,SURF-CAW2026R00240,Federación Venezolana.jpg,69.7,packet_member_review,commons_file_source,small packet may not need cover-main treatment
Venezuela|Modern typography and layout|Wikimedia Commons|1940-1944,small_packet_standalone_or_sub_review,decide_if_standalone_normal_main_or_sub_under_nearby_packet,low,false,2,small,mixed_manual_relation_review,low,Venezuela,Modern typography and layout,Wikimedia Commons,1940-1944,1944-1944,2,2,0,0,2,0,SURF-CCT2026R02627,Estampilla del seguro social 1944 001.jpg,-7.25,card_context_candidate,stamp_or_philatelic:postage; stamp_or_philatelic:stamp; stamp_or_philatelic:stamps; commons_file_source,small packet may not need cover-main treatment
Zambia|Modern typography and layout|Wikimedia Commons|1970-1974,small_packet_standalone_or_sub_review,decide_if_standalone_normal_main_or_sub_under_nearby_packet,low,false,2,small,mixed_manual_relation_review,low,Zambia,Modern typography and layout,Wikimedia Commons,1970-1974,1974-1974,2,2,0,0,2,0,SURF-CAW2026R02876,Ford A9609 NLGRF photo contact sheet (1976-04-27)(Gerald Ford Library).jpg,8.15,card_context_candidate,stamp_or_philatelic:postage; stamp_or_philatelic:stamp; commons_file_source,small packet may not need cover-main treatment
Zimbabwe|Modern typography and layout|Wikimedia Commons|2005-2009,small_packet_standalone_or_sub_review,decide_if_standalone_normal_main_or_sub_under_nearby_packet,low,false,2,small,mixed_manual_relation_review,low,Zimbabwe,Modern typography and layout,Wikimedia Commons,2005-2009,2006-2006,2,2,0,0,2,0,SURF-CCT2026R00772,$100 Zimbabwe revenue stamps in block of four.jpg,-17.05,card_context_candidate,stamp_or_philatelic:postage; stamp_or_philatelic:stamp; stamp_or_philatelic:stamps; non_design_drift:bird; commons_file_source,small packet may not need cover-main treatment
Africa|Travel and transport poster culture|African Digital Heritage|2020-2024,small_packet_standalone_or_sub_review,decide_if_standalone_normal_main_or_sub_under_nearby_packet,low,true,1,single_or_micro,small_anchor_or_manual,low,Africa,Travel and transport poster culture,African Digital Heritage,2020-2024,2024-2024,1,1,0,0,0,0,SURF-NMR1990R0011,"Soundscapes: Archives as extensions, inscriptions, and reinventions of ourselves",93.9,manual_relation_review,,small packet may not need cover-main treatment
Albania|Modern typography and layout|Wikimedia Commons|1865-1869,small_packet_standalone_or_sub_review,decide_if_standalone_normal_main_or_sub_under_nearby_packet,low,false,1,single_or_micro,mixed_manual_relation_review,low,Albania,Modern typography and layout,Wikimedia Commons,1865-1869,1866-1866,1,1,0,0,1,0,SURF-CAW2026R00299,Stamp of Albania - 1986 - Colnect 366133 - Ndre Mjeda 1866-1937 Albanian Gheg poet.jpeg,-3.7,card_context_candidate,stamp_or_philatelic:postage; stamp_or_philatelic:stamp; stamp_or_philatelic:stamps; commons_file_source,small packet may not need cover-main treatment
Albania|Modern typography and layout|Wikimedia Commons|1910-1914,small_packet_standalone_or_sub_review,decide_if_standalone_normal_main_or_sub_under_nearby_packet,low,false,1,single_or_micro,mixed_manual_relation_review,low,Albania,Modern typography and layout,Wikimedia Commons,1910-1914,1913-1913,1,1,0,0,1,0,SURF-CAW2026R01152,Shqipenia E Lire 1 December 1913.jpg,-19.0,card_context_candidate,stamp_or_philatelic:postage; stamp_or_philatelic:stamp; commons_file_source,small packet may not need cover-main treatment
Albania|Modern typography and layout|Wikimedia Commons|1920-1924,small_packet_standalone_or_sub_review,decide_if_standalone_normal_main_or_sub_under_nearby_packet,low,false,1,single_or_micro,mixed_manual_relation_review,low,Albania,Modern typography and layout,Wikimedia Commons,1920-1924,1924-1924,1,1,0,0,1,0,SURF-CAW2026R01533,Stamp of Albania - 1924 - Colnect 182270 - Kanina overprinted in red and black.jpeg,-3.7,card_context_candidate,stamp_or_philatelic:postage; stamp_or_philatelic:stamp; stamp_or_philatelic:stamps; commons_file_source,small packet may not need cover-main treatment
Albania|Modern typography and layout|Wikimedia Commons|1940-1944,small_packet_standalone_or_sub_review,decide_if_standalone_normal_main_or_sub_under_nearby_packet,low,false,1,small,mixed_manual_relation_review,low,Albania,Modern typography and layout,Wikimedia Commons,1940-1944,1943-1943,4,1,0,0,1,0,SURF-CAW2026R02132,Albanian stamp Victor Emmanuel III.jpg,1.85,card_context_candidate,stamp_or_philatelic:postage; stamp_or_philatelic:stamp; stamp_or_philatelic:stamps; commons_file_source,small packet may not need cover-main treatment
Albania|Modern typography and layout|Wikimedia Commons|1970-1974,small_packet_standalone_or_sub_review,decide_if_standalone_normal_main_or_sub_under_nearby_packet,low,false,1,single_or_micro,mixed_manual_relation_review,low,Albania,Modern typography and layout,Wikimedia Commons,1970-1974,1973-1973,1,1,0,0,1,0,SURF-CAW2026R02861,Stamp of Albania - 1973 - Colnect 354061 - Flowering cacti.jpeg,-1.4,card_context_candidate,stamp_or_philatelic:postage; stamp_or_philatelic:stamp; stamp_or_philatelic:stamps; commons_file_source,small packet may not need cover-main treatment
Albania|Modern typography and layout|Wikimedia Commons|1975-1979,small_packet_standalone_or_sub_review,decide_if_standalone_normal_main_or_sub_under_nearby_packet,low,false,1,single_or_micro,mixed_manual_relation_review,low,Albania,Modern typography and layout,Wikimedia Commons,1975-1979,1975-1975,1,1,0,0,1,0,SURF-CAW2026R02901,Stamp of Albania - 1975 - Colnect 355479 - Adhering an Illegal Poster.jpeg,-4.3,card_context_candidate,weak_context:anniversary; stamp_or_philatelic:postage; stamp_or_philatelic:stamp; stamp_or_philatelic:stamps; commons_file_source,small packet may not need cover-main treatment
Albania|Modern typography and layout|Wikimedia Commons|1980-1984,small_packet_standalone_or_sub_review,decide_if_standalone_normal_main_or_sub_under_nearby_packet,low,false,1,single_or_micro,mixed_manual_relation_review,low,Albania,Modern typography and layout,Wikimedia Commons,1980-1984,1984-1984,1,1,0,0,1,0,SURF-CAW2026R03050,Albania 1984-06-12 15q stamp - UEFA Euro 1984.jpg,-3.4,card_context_candidate,stamp_or_philatelic:postage; stamp_or_philatelic:stamp; stamp_or_philatelic:stamps; commons_file_source,small packet may not need cover-main treatment
Albania|Modern typography and layout|Wikimedia Commons|2010-2014,small_packet_standalone_or_sub_review,decide_if_standalone_normal_main_or_sub_under_nearby_packet,low,true,1,single_or_micro,small_anchor_or_manual,low,Albania,Modern typography and layout,Wikimedia Commons,2010-2014,2010-2010,1,1,0,0,0,0,SURF-CAW2026R03704,Out-of-albania-book-cover.jpg,90.8,manual_relation_review,commons_file_source,small packet may not need cover-main treatment
Algeria|Modern typography and layout|Wikimedia Commons|2010-2014,small_packet_standalone_or_sub_review,decide_if_standalone_normal_main_or_sub_under_nearby_packet,low,true,1,single_or_micro,small_anchor_or_manual,low,Algeria,Modern typography and layout,Wikimedia Commons,2010-2014,2014-2014,1,1,0,0,0,0,SURF-CAW2026R03965,Korea Presidential Gifts Exhibition 05 (15288611249).jpg,93.9,manual_relation_review,commons_file_source,small packet may not need cover-main treatment
Algeria|World War and public-information graphics|Wikimedia Commons|1945-1949,small_packet_standalone_or_sub_review,decide_if_standalone_normal_main_or_sub_under_nearby_packet,low,false,1,single_or_micro,mixed_manual_relation_review,low,Algeria,World War and public-information graphics,Wikimedia Commons,1945-1949,1945-1945,1,1,0,0,1,0,SURF-CCT2026R00186,Stamp of Algeria - 1945 - Colnect 211298 - Victimes de la guerre War Victims.jpeg,-23.0,card_context_candidate,stamp_or_philatelic:postage; stamp_or_philatelic:stamp; stamp_or_philatelic:stamps; commons_file_source,small packet may not need cover-main treatment
Algeria|World War and public-information graphics|Wikimedia Commons|1955-1959,small_packet_standalone_or_sub_review,decide_if_standalone_normal_main_or_sub_under_nearby_packet,low,false,1,single_or_micro,mixed_manual_relation_review,low,Algeria,World War and public-information graphics,Wikimedia Commons,1955-1959,1955-1955,1,1,0,0,1,0,SURF-CCT2026R00230,Stamp of Algeria - 1955 - Colnect 211619 - Pour les oeuvres de guerre For works of war.jpeg,-5.2,card_context_candidate,stamp_or_philatelic:postage; stamp_or_philatelic:stamp; stamp_or_philatelic:stamps; commons_file_source,small packet may not need cover-main treatment
Angola|Modern typography and layout|Wikimedia Commons|1970-1974,small_packet_standalone_or_sub_review,decide_if_standalone_normal_main_or_sub_under_nearby_packet,low,false,1,single_or_micro,mixed_manual_relation_review,low,Angola,Modern typography and layout,Wikimedia Commons,1970-1974,1974-1974,1,1,0,0,1,0,SURF-CAW2026R02867,Ford A5264 NLGRF photo contact sheet (1975-06-27)(Gerald Ford Library).jpg,6.8,card_context_candidate,stamp_or_philatelic:postage; stamp_or_philatelic:stamp; commons_file_source,small packet may not need cover-main treatment
Angola|Travel and transport poster culture|Wikimedia Commons|1920-1924,small_packet_standalone_or_sub_review,decide_if_standalone_normal_main_or_sub_under_nearby_packet,low,true,1,single_or_micro,small_anchor_or_manual,low,Angola,Travel and transport poster culture,Wikimedia Commons,1920-1924,1920-1920,1,1,0,0,0,0,SURF-CAW2026R01396,Companhia Nacional de Navegação advertisement.jpg,93.5,manual_relation_review,commons_file_source,small packet may not need cover-main treatment
Angola|Travel and transport poster culture|Wikimedia Commons|1945-1949,small_packet_standalone_or_sub_review,decide_if_standalone_normal_main_or_sub_under_nearby_packet,low,true,1,single_or_micro,small_anchor_or_manual,low,Angola,Travel and transport poster culture,Wikimedia Commons,1945-1949,1949-1949,1,1,0,0,0,0,SURF-CAW2026R02249,Publicidade Caminho de Ferro de Benguela - GazetaCF 1475 1949.jpg,94.8,manual_relation_review,commons_file_source,small packet may not need cover-main treatment
Aotearoa New Zealand|Midcentury modern graphic communication|DigitalNZ|1905-1909,small_packet_standalone_or_sub_review,decide_if_standalone_normal_main_or_sub_under_nearby_packet,low,false,1,single_or_micro,mixed_manual_relation_review,low,Aotearoa New Zealand,Midcentury modern graphic communication,DigitalNZ,1905-1909,1905-1905,1,1,0,1,0,0,SURF-DNZ1970R031-GROUP,"Untitled Illustration grouped records, 1903-1905",43.25,sub_under_packet_candidate,,small packet may not need cover-main treatment
Aotearoa New Zealand|Midcentury modern graphic communication|DigitalNZ|1965-1969,small_packet_standalone_or_sub_review,decide_if_standalone_normal_main_or_sub_under_nearby_packet,low,false,1,single_or_micro,mixed_manual_relation_review,low,Aotearoa New Zealand,Midcentury modern graphic communication,DigitalNZ,1965-1969,1965-1965,1,1,0,1,0,0,SURF-DNZPOSTR012,South Pacific,61.4,packet_member_review,,small packet may not need cover-main treatment
Aotearoa New Zealand|Midcentury modern graphic communication|DigitalNZ|1975-1979,small_packet_standalone_or_sub_review,decide_if_standalone_normal_main_or_sub_under_nearby_packet,low,false,1,single_or_micro,mixed_manual_relation_review,low,Aotearoa New Zealand,Midcentury modern graphic communication,DigitalNZ,1975-1979,1979-1979,1,1,0,1,0,0,SURF-DNZPOSTR020,Apple Poster 1979,60.6,packet_member_review,,small packet may not need cover-main treatment
Aotearoa New Zealand|Midcentury modern graphic communication|DigitalNZ|1985-1989,small_packet_standalone_or_sub_review,decide_if_standalone_normal_main_or_sub_under_nearby_packet,low,false,1,small,mixed_manual_relation_review,low,Aotearoa New Zealand,Midcentury modern graphic communication,DigitalNZ,1985-1989,1985-1985,2,1,0,1,0,0,SURF-DNZPOSTR031-GROUP,"Copy: Abortion, Apartheid, Unions, Nuclear (posters, handouts, protests) grouped records, 1985",45.3,sub_under_packet_candidate,,small packet may not need cover-main treatment
Aotearoa New Zealand|Midcentury modern graphic communication|DigitalNZ|1995-1999,small_packet_standalone_or_sub_review,decide_if_standalone_normal_main_or_sub_under_nearby_packet,low,false,1,single_or_micro,mixed_manual_relation_review,low,Aotearoa New Zealand,Midcentury modern graphic communication,DigitalNZ,1995-1999,1999-1999,1,1,0,1,0,0,SURF-DNZPOSTR062,Summer City poster (main),57.5,packet_member_review,,small packet may not need cover-main treatment
Aotearoa New Zealand|Midcentury modern graphic communication|DigitalNZ|2000-2004,small_packet_standalone_or_sub_review,decide_if_standalone_normal_main_or_sub_under_nearby_packet,low,false,1,single_or_micro,mixed_manual_relation_review,low,Aotearoa New Zealand,Midcentury modern graphic communication,DigitalNZ,2000-2004,2000-2000,1,1,0,1,0,0,SURF-DNZPOSTR063,Wellington's Inner City Character poster,57.3,packet_member_review,,small packet may not need cover-main treatment
Aotearoa New Zealand|Modern typography and layout|DigitalNZ|1985-1989,small_packet_standalone_or_sub_review,decide_if_standalone_normal_main_or_sub_under_nearby_packet,low,false,1,single_or_micro,mixed_manual_relation_review,low,Aotearoa New Zealand,Modern typography and layout,DigitalNZ,1985-1989,1985-1985,1,1,0,1,0,0,SURF-DNZPOSTR035,Nathalie Brown,45.9,packet_member_review,,small packet may not need cover-main treatment
Aotearoa New Zealand|Modern typography and layout|DigitalNZ|2025-2029,small_packet_standalone_or_sub_review,decide_if_standalone_normal_main_or_sub_under_nearby_packet,low,true,1,single_or_micro,small_anchor_or_manual,low,Aotearoa New Zealand,Modern typography and layout,DigitalNZ,2025-2029,2025-2025,1,1,0,0,0,0,SURF-DNZPOSTR117,Catherine Griffiths: Out of Line,95.9,manual_relation_review,,small packet may not need cover-main treatment
Aotearoa New Zealand|Modern typography and layout|Wikimedia Commons|1835-1839,small_packet_standalone_or_sub_review,decide_if_standalone_normal_main_or_sub_under_nearby_packet,low,false,1,single_or_micro,mixed_manual_relation_review,low,Aotearoa New Zealand,Modern typography and layout,Wikimedia Commons,1835-1839,1838-1838,1,1,0,0,1,0,SURF-CCT2026R03295,"Stamp of the HMS Britomart & Union Jack at Akaroa, 11 August 1840 (16755311366).jpg",-5.2,card_context_candidate,stamp_or_philatelic:postage; stamp_or_philatelic:stamp; stamp_or_philatelic:stamps; commons_file_source,small packet may not need cover-main treatment
Aotearoa New Zealand|Modern typography and layout|Wikimedia Commons|1840-1844,small_packet_standalone_or_sub_review,decide_if_standalone_normal_main_or_sub_under_nearby_packet,low,false,1,small,mixed_manual_relation_review,low,Aotearoa New Zealand,Modern typography and layout,Wikimedia Commons,1840-1844,1840-1840,3,1,0,0,1,0,SURF-CCT2026R03296,"Stamp of NZ Company settlers arriving in Pito-one (Petone), 1840 (16321061201).jpg",-0.7,card_context_candidate,stamp_or_philatelic:postage; stamp_or_philatelic:stamp; stamp_or_philatelic:stamps; commons_file_source,small packet may not need cover-main treatment
Aotearoa New Zealand|Modern typography and layout|Wikimedia Commons|1870-1874,small_packet_standalone_or_sub_review,decide_if_standalone_normal_main_or_sub_under_nearby_packet,low,false,1,single_or_micro,mixed_manual_relation_review,low,Aotearoa New Zealand,Modern typography and layout,Wikimedia Commons,1870-1874,1874-1874,1,1,0,0,1,0,SURF-CAW2026R00344,1874ca 1sh green New Zealand Yv57 Mi49D SG157.jpg,-20.6,card_context_candidate,stamp_or_philatelic:postage; stamp_or_philatelic:stamp; stamp_or_philatelic:stamps; commons_file_source,small packet may not need cover-main treatment
Aotearoa New Zealand|Modern typography and layout|Wikimedia Commons|1880-1884,small_packet_standalone_or_sub_review,decide_if_standalone_normal_main_or_sub_under_nearby_packet,low,false,1,small,mixed_manual_relation_review,low,Aotearoa New Zealand,Modern typography and layout,Wikimedia Commons,1880-1884,1882-1882,2,1,0,0,1,0,SURF-CCT2026R03300,NewZealand6d1893scott65brown.jpg,-19.25,card_context_candidate,stamp_or_philatelic:postage; stamp_or_philatelic:stamp; stamp_or_philatelic:stamps; commons_file_source,small packet may not need cover-main treatment
Aotearoa New Zealand|Modern typography and layout|Wikimedia Commons|1895-1899,small_packet_standalone_or_sub_review,decide_if_standalone_normal_main_or_sub_under_nearby_packet,low,false,1,small,mixed_manual_relation_review,low,Aotearoa New Zealand,Modern typography and layout,Wikimedia Commons,1895-1899,1899-1899,2,1,0,0,1,0,SURF-CAW2026R00776,MA I149530 TePapa Great-Barrier-Pigeongram full.jpg,-19.35,card_context_candidate,stamp_or_philatelic:postage; stamp_or_philatelic:stamp; commons_file_source,small packet may not need cover-main treatment
Aotearoa New Zealand|Modern typography and layout|Wikimedia Commons|1905-1909,small_packet_standalone_or_sub_review,decide_if_standalone_normal_main_or_sub_under_nearby_packet,low,false,1,small,mixed_manual_relation_review,low,Aotearoa New Zealand,Modern typography and layout,Wikimedia Commons,1905-1909,1909-1909,5,1,0,0,1,0,SURF-CCT2026R03313,1909 Dominion Penny Universal Stamp.jpg,-5.8,card_context_candidate,stamp_or_philatelic:postage; stamp_or_philatelic:stamp; stamp_or_philatelic:stamps; commons_file_source,small packet may not need cover-main treatment
Aotearoa New Zealand|Modern typography and layout|Wikimedia Commons|1975-1979,small_packet_standalone_or_sub_review,decide_if_standalone_normal_main_or_sub_under_nearby_packet,low,true,1,small,small_anchor_or_manual,low,Aotearoa New Zealand,Modern typography and layout,Wikimedia Commons,1975-1979,1976-1976,2,1,0,0,0,0,SURF-CCE2026R00828,Waikinos all day Music festival 1976.jpg,95.75,manual_relation_review,commons_file_source,small packet may not need cover-main treatment
Aotearoa New Zealand|Postwar exhibition and cultural posters|DigitalNZ|1950-1954,small_packet_standalone_or_sub_review,decide_if_standalone_normal_main_or_sub_under_nearby_packet,low,false,1,single_or_micro,mixed_manual_relation_review,low,Aotearoa New Zealand,Postwar exhibition and cultural posters,DigitalNZ,1950-1954,1950-1950,1,1,0,1,0,0,SURF-DNZPOSTR002,Cinema Advertising Slide- Advertising Advertising!,62.0,packet_member_review,,small packet may not need cover-main treatment
Aotearoa New Zealand|Postwar exhibition and cultural posters|DigitalNZ|2015-2019,small_packet_standalone_or_sub_review,decide_if_standalone_normal_main_or_sub_under_nearby_packet,low,true,1,single_or_micro,mixed_manual_relation_review,low,Aotearoa New Zealand,Postwar exhibition and cultural posters,DigitalNZ,2015-2019,2015-2015,1,1,0,1,0,0,SURF-DNZPOSTR093,Exhibition poster on museum,77.3,packet_member_review,,small packet may not need cover-main treatment
Aotearoa New Zealand|Postwar exhibition and cultural posters|DigitalNZ|2020-2024,small_packet_standalone_or_sub_review,decide_if_standalone_normal_main_or_sub_under_nearby_packet,low,true,1,single_or_micro,small_anchor_or_manual,low,Aotearoa New Zealand,Postwar exhibition and cultural posters,DigitalNZ,2020-2024,2020-2020,1,1,0,0,0,0,SURF-DNZPOSTR100,Max Gimblett Ocean Wheel exhibition poster on bollard,94.8,manual_relation_review,,small packet may not need cover-main treatment
Aotearoa New Zealand|Public health and social communication|Auckland Libraries Heritage Collections / CONTENTdm|1990-1994,small_packet_standalone_or_sub_review,decide_if_standalone_normal_main_or_sub_under_nearby_packet,low,true,1,single_or_micro,mixed_manual_relation_review,low,Aotearoa New Zealand,Public health and social communication,Auckland Libraries Heritage Collections / CONTENTdm,1990-1994,1993-1993,1,1,0,1,0,0,SURF-SBC1970R0008,"Health policy launch, Papakura, 1993",79.6,packet_member_review,,small packet may not need cover-main treatment
Aotearoa New Zealand|Public health and social communication|DigitalNZ|2010-2014,small_packet_standalone_or_sub_review,decide_if_standalone_normal_main_or_sub_under_nearby_packet,low,false,1,single_or_micro,mixed_manual_relation_review,low,Aotearoa New Zealand,Public health and social communication,DigitalNZ,2010-2014,2011-2011,1,1,0,1,0,0,SURF-DNZPOSTR081,Smokefree poster,61.1,packet_member_review,,small packet may not need cover-main treatment
Aotearoa New Zealand|Travel and transport poster culture|DigitalNZ|1980-1984,small_packet_standalone_or_sub_review,decide_if_standalone_normal_main_or_sub_under_nearby_packet,low,false,1,single_or_micro,mixed_manual_relation_review,low,Aotearoa New Zealand,Travel and transport poster culture,DigitalNZ,1980-1984,1981-1981,1,1,0,0,1,0,SURF-DNZPOSTR024,Ansett Australia advertising and baggage labels and various prestamped and philatelic envelopes,-6.8,card_context_candidate,stamp_or_philatelic:philatelic,small packet may not need cover-main treatment
Aotearoa New Zealand|Travel and transport poster culture|DigitalNZ|2005-2009,small_packet_standalone_or_sub_review,decide_if_standalone_normal_main_or_sub_under_nearby_packet,low,true,1,single_or_micro,mixed_manual_relation_review,low,Aotearoa New Zealand,Travel and transport poster culture,DigitalNZ,2005-2009,2009-2009,1,1,0,1,0,0,SURF-DNZPOSTR068,Tourist poster,69.6,packet_member_review,,small packet may not need cover-main treatment
Aotearoa New Zealand|Travel and transport poster culture|Wikimedia Commons|1895-1899,small_packet_standalone_or_sub_review,decide_if_standalone_normal_main_or_sub_under_nearby_packet,low,true,1,small,mixed_manual_relation_review,low,Aotearoa New Zealand,Travel and transport poster culture,Wikimedia Commons,1895-1899,1899-1899,2,1,0,1,0,0,SURF-CAW2026R00777,MA I321274 TePapa Tectarchus-semilobatus full.jpg,75.65,packet_member_review,commons_file_source,small packet may not need cover-main treatment
Aotearoa New Zealand|Travel and transport poster culture|Wikimedia Commons|1905-1909,small_packet_standalone_or_sub_review,decide_if_standalone_normal_main_or_sub_under_nearby_packet,low,true,1,single_or_micro,mixed_manual_relation_review,low,Aotearoa New Zealand,Travel and transport poster culture,Wikimedia Commons,1905-1909,1906-1906,1,1,0,1,0,0,SURF-CCE2026R00136,Emerald Hours in New Zealand (1906) · Lowth · 244a.jpg,69.8,packet_member_review,commons_file_source,small packet may not need cover-main treatment
Aotearoa New Zealand|World War and public-information graphics|Wikimedia Commons|1905-1909,small_packet_standalone_or_sub_review,decide_if_standalone_normal_main_or_sub_under_nearby_packet,low,false,1,single_or_micro,mixed_manual_relation_review,low,Aotearoa New Zealand,World War and public-information graphics,Wikimedia Commons,1905-1909,1908-1908,1,1,0,0,1,0,SURF-CCT2026R03312,King-Edward-VII-Land-Stamp.gif,-5.4,card_context_candidate,stamp_or_philatelic:postage; stamp_or_philatelic:stamp; stamp_or_philatelic:stamps; commons_file_source,small packet may not need cover-main treatment
Aotearoa New Zealand|World War and public-information graphics|Wikimedia Commons|1915-1919,small_packet_standalone_or_sub_review,decide_if_standalone_normal_main_or_sub_under_nearby_packet,low,false,1,single_or_micro,mixed_manual_relation_review,low,Aotearoa New Zealand,World War and public-information graphics,Wikimedia Commons,1915-1919,1916-1916,1,1,0,0,1,0,SURF-CCT2026R03322,Stamp of Aitutaki - 1916 - Colnect 598378 - King Edward VII.jpeg,-5.2,card_context_candidate,stamp_or_philatelic:postage; stamp_or_philatelic:stamp; stamp_or_philatelic:stamps; commons_file_source,small packet may not need cover-main treatment
Aotearoa New Zealand|World War and public-information graphics|Wikimedia Commons|1925-1929,small_packet_standalone_or_sub_review,decide_if_standalone_normal_main_or_sub_under_nearby_packet,low,true,1,single_or_micro,mixed_manual_relation_review,low,Aotearoa New Zealand,World War and public-information graphics,Wikimedia Commons,1925-1929,1928-1928,1,1,0,1,0,0,SURF-CCT2026R03355,Across the atlantic 1928 poster.jpg,71.1,packet_member_review,commons_file_source,small packet may not need cover-main treatment
Argentina|Corporate identity and design systems|Wikimedia Commons|1965-1969,small_packet_standalone_or_sub_review,decide_if_standalone_normal_main_or_sub_under_nearby_packet,low,true,1,single_or_micro,mixed_manual_relation_review,low,Argentina,Corporate identity and design systems,Wikimedia Commons,1965-1969,1965-1965,1,1,0,1,0,0,SURF-CAW2026R02668,AnteGarmaz1965-2.jpg,68.4,packet_member_review,weak_context:talk; commons_file_source,small packet may not need cover-main treatment
Argentina|Modern typography and layout|Wikimedia Commons|1840-1844,small_packet_standalone_or_sub_review,decide_if_standalone_normal_main_or_sub_under_nearby_packet,low,false,1,single_or_micro,mixed_manual_relation_review,low,Argentina,Modern typography and layout,Wikimedia Commons,1840-1844,1842-1842,1,1,0,0,1,0,SURF-CGS2026R0030,Stamp commemorating the centenary of the birth of José Manuel Estrada.jpg,-5.2,card_context_candidate,stamp_or_philatelic:postage; stamp_or_philatelic:stamp; stamp_or_philatelic:stamps; commons_file_source,small packet may not need cover-main treatment
Argentina|Modern typography and layout|Wikimedia Commons|1875-1879,small_packet_standalone_or_sub_review,decide_if_standalone_normal_main_or_sub_under_nearby_packet,low,false,1,small,mixed_manual_relation_review,low,Argentina,Modern typography and layout,Wikimedia Commons,1875-1879,1877-1877,3,1,0,0,1,0,SURF-CGS2026R0036,Stamp of Brazil - 1954 - Colnect 207822 - Zacarias de Góis and Vasconcellos 1815-1877.jpeg,2.7,card_context_candidate,stamp_or_philatelic:stamp; stamp_or_philatelic:stamps; commons_file_source,small packet may not need cover-main treatment
Argentina|Modern typography and layout|Wikimedia Commons|1895-1899,small_packet_standalone_or_sub_review,decide_if_standalone_normal_main_or_sub_under_nearby_packet,low,true,1,small,mixed_manual_relation_review,low,Argentina,Modern typography and layout,Wikimedia Commons,1895-1899,1898-1898,5,1,0,0,0,0,SURF-CGS2026R0057,"Acatène Velleda - - L. Baylac, Biarritz '98. LCCN2008680366.jpg",95.9,manual_relation_review,commons_file_source,small packet may not need cover-main treatment
Argentina|World War and public-information graphics|Wikimedia Commons|1840-1844,small_packet_standalone_or_sub_review,decide_if_standalone_normal_main_or_sub_under_nearby_packet,low,true,1,single_or_micro,mixed_manual_relation_review,low,Argentina,World War and public-information graphics,Wikimedia Commons,1840-1844,1840-1840,1,1,0,1,0,0,SURF-CGS2026R0328,El restaurador de las leyes.jpg,69.1,packet_member_review,commons_file_source,small packet may not need cover-main treatment
Argentina|World War and public-information graphics|Wikimedia Commons|1850-1854,small_packet_standalone_or_sub_review,decide_if_standalone_normal_main_or_sub_under_nearby_packet,low,true,1,single_or_micro,mixed_manual_relation_review,low,Argentina,World War and public-information graphics,Wikimedia Commons,1850-1854,1850-1850,1,1,0,1,0,0,SURF-CGS2026R0032,"Drawing, Project for a ceiling painting of the Argentina Theater in Rome- Venus, 1850–1900 (CH 18550329).jpg",66.1,packet_member_review,commons_file_source,small packet may not need cover-main treatment
Argentina|World War and public-information graphics|Wikimedia Commons|1925-1929,small_packet_standalone_or_sub_review,decide_if_standalone_normal_main_or_sub_under_nearby_packet,low,false,1,small,mixed_manual_relation_review,low,Argentina,World War and public-information graphics,Wikimedia Commons,1925-1929,1925-1925,2,1,0,0,1,0,SURF-CGS2026R0139,Stamp of India - 1925 - Colnect 380658 - 1 - King Edward VII - overprinted and surcharged.jpeg,-4.85,card_context_candidate,stamp_or_philatelic:stamp; stamp_or_philatelic:stamps; commons_file_source,small packet may not need cover-main treatment
Argentina|World War and public-information graphics|Wikimedia Commons|1940-1944,small_packet_standalone_or_sub_review,decide_if_standalone_normal_main_or_sub_under_nearby_packet,low,true,1,single_or_micro,mixed_manual_relation_review,low,Argentina,World War and public-information graphics,Wikimedia Commons,1940-1944,1942-1942,1,1,0,1,0,0,SURF-CGS2026R0350,La Guerra Gauchaposter.jpg,77.0,packet_member_review,commons_file_source,small packet may not need cover-main treatment
Argentina|World War and public-information graphics|Wikimedia Commons|1950-1954,small_packet_standalone_or_sub_review,decide_if_standalone_normal_main_or_sub_under_nearby_packet,low,true,1,single_or_micro,mixed_manual_relation_review,low,Argentina,World War and public-information graphics,Wikimedia Commons,1950-1954,1950-1950,1,1,0,1,0,0,SURF-CCE2026R00556,Che Guevara - Propaganda Micrón - 1950.jpg,77.2,packet_member_review,commons_file_source,small packet may not need cover-main treatment
Argentina|World War and public-information graphics|Wikimedia Commons|1965-1969,small_packet_standalone_or_sub_review,decide_if_standalone_normal_main_or_sub_under_nearby_packet,low,false,1,single_or_micro,mixed_manual_relation_review,low,Argentina,World War and public-information graphics,Wikimedia Commons,1965-1969,1968-1968,1,1,0,0,1,0,SURF-CGS2026R0241,Stamp of Indonesia - 1968 - Colnect 302624 - Northern Cassowary Casuarius unappendiculatus.jpeg,0.6,card_context_candidate,stamp_or_philatelic:stamp; stamp_or_philatelic:stamps; commons_file_source,small packet may not need cover-main treatment
Armenia|Modern typography and layout|Wikimedia Commons|1860-1864,small_packet_standalone_or_sub_review,decide_if_standalone_normal_main_or_sub_under_nearby_packet,low,false,1,single_or_micro,mixed_manual_relation_review,low,Armenia,Modern typography and layout,Wikimedia Commons,1860-1864,1864-1864,1,1,0,0,1,0,SURF-CAW2026R00255,Stamp of Indonesia - 2014 - Colnect 669195 - First stamp of Netherlands East Indies 1864.jpeg,-7.0,card_context_candidate,weak_context:anniversary; stamp_or_philatelic:postage; stamp_or_philatelic:stamp; stamp_or_philatelic:stamps; commons_file_source,small packet may not need cover-main treatment
Armenia|Modern typography and layout|Wikimedia Commons|1885-1889,small_packet_standalone_or_sub_review,decide_if_standalone_normal_main_or_sub_under_nearby_packet,low,false,1,single_or_micro,mixed_manual_relation_review,low,Armenia,Modern typography and layout,Wikimedia Commons,1885-1889,1888-1888,1,1,0,0,1,0,SURF-CAW2026R00555,"The Soviet Union 1988 CPA 5929 stamp (Birth centenary of Marietta Shaginyan, Soviet writer, historian and activist of Armenian descent).jpg",-5.2,card_context_candidate,stamp_or_philatelic:postage; stamp_or_philatelic:stamp; stamp_or_philatelic:stamps; commons_file_source,small packet may not need cover-main treatment
Armenia|Modern typography and layout|Wikimedia Commons|1905-1909,small_packet_standalone_or_sub_review,decide_if_standalone_normal_main_or_sub_under_nearby_packet,low,false,1,single_or_micro,mixed_manual_relation_review,low,Armenia,Modern typography and layout,Wikimedia Commons,1905-1909,1905-1905,1,1,0,0,1,0,SURF-CAW2026R00966,Fetvadjian Ani cathedral 1905.jpg,0.8,card_context_candidate,stamp_or_philatelic:postage; stamp_or_philatelic:stamp; commons_file_source,small packet may not need cover-main treatment
Armenia|Modern typography and layout|Wikimedia Commons|1925-1929,small_packet_standalone_or_sub_review,decide_if_standalone_normal_main_or_sub_under_nearby_packet,low,false,1,single_or_micro,mixed_manual_relation_review,low,Armenia,Modern typography and layout,Wikimedia Commons,1925-1929,1927-1927,1,1,0,0,1,0,SURF-CCE2026R00286,StampArmenia1929.jpg,-5.2,card_context_candidate,stamp_or_philatelic:postage; stamp_or_philatelic:stamp; stamp_or_philatelic:stamps; commons_file_source,small packet may not need cover-main treatment
Armenia|Modern typography and layout|Wikimedia Commons|1945-1949,small_packet_standalone_or_sub_review,decide_if_standalone_normal_main_or_sub_under_nearby_packet,low,false,1,small,mixed_manual_relation_review,low,Armenia,Modern typography and layout,Wikimedia Commons,1945-1949,1945-1945,3,1,0,0,1,0,SURF-CAW2026R02175,Stamp of Indonesia - 2014 - Colnect 669194 - Indonesian local issue 1945.jpeg,-7.3,card_context_candidate,weak_context:anniversary; stamp_or_philatelic:postage; stamp_or_philatelic:stamp; stamp_or_philatelic:stamps; commons_file_source,small packet may not need cover-main treatment
Armenia|Modern typography and layout|Wikimedia Commons|1950-1954,small_packet_standalone_or_sub_review,decide_if_standalone_normal_main_or_sub_under_nearby_packet,low,false,1,single_or_micro,mixed_manual_relation_review,low,Armenia,Modern typography and layout,Wikimedia Commons,1950-1954,1950-1950,1,1,0,0,1,0,SURF-CAW2026R02297,StampUSSR1950CPA1573.jpg,-17.8,card_context_candidate,stamp_or_philatelic:postage; stamp_or_philatelic:stamp; commons_file_source,small packet may not need cover-main treatment
Armenia|Modern typography and layout|Wikimedia Commons|1985-1989,small_packet_standalone_or_sub_review,decide_if_standalone_normal_main_or_sub_under_nearby_packet,low,false,1,single_or_micro,mixed_manual_relation_review,low,Armenia,Modern typography and layout,Wikimedia Commons,1985-1989,1988-1988,1,1,0,0,1,0,SURF-CAW2026R03104,Stamp of Russia 2001 No 693 Surb Khach Church.jpg,7.7,card_context_candidate,stamp_or_philatelic:postage; stamp_or_philatelic:stamp; commons_file_source,small packet may not need cover-main treatment
Armenia|World War and public-information graphics|Wikimedia Commons|1915-1919,small_packet_standalone_or_sub_review,decide_if_standalone_normal_main_or_sub_under_nearby_packet,low,true,1,single_or_micro,mixed_manual_relation_review,low,Armenia,World War and public-information graphics,Wikimedia Commons,1915-1919,1916-1916,1,1,0,1,0,0,SURF-CAW2026R01230,"Ethel Franklin Betts, Save the Survivors, 1918 Cornell CUL PJM 2029 01.jpg",72.4,packet_member_review,commons_file_source,small packet may not need cover-main treatment
Australia / Indigenous|Modern typography and layout|NAIDOC Poster Gallery|2015-2019,small_packet_standalone_or_sub_review,decide_if_standalone_normal_main_or_sub_under_nearby_packet,low,true,1,single_or_micro,mixed_manual_relation_review,low,Australia / Indigenous,Modern typography and layout,NAIDOC Poster Gallery,2015-2019,2015-2015,1,1,0,1,0,0,SURF-LPC2026R062,NAIDOC 2015 Poster,73.4,packet_member_review,,small packet may not need cover-main treatment
Australia / Indigenous|Modern typography and layout|Wikimedia Commons|1855-1859,small_packet_standalone_or_sub_review,decide_if_standalone_normal_main_or_sub_under_nearby_packet,low,false,1,single_or_micro,mixed_manual_relation_review,low,Australia / Indigenous,Modern typography and layout,Wikimedia Commons,1855-1859,1856-1856,1,1,0,0,1,0,SURF-CRG2026R0022,Stamp Deakin.jpg,-13.6,card_context_candidate,stamp_or_philatelic:stamp; commons_file_source,small packet may not need cover-main treatment
Australia / Indigenous|Modern typography and layout|Wikimedia Commons|1950-1954,small_packet_standalone_or_sub_review,decide_if_standalone_normal_main_or_sub_under_nearby_packet,low,false,1,small,mixed_manual_relation_review,low,Australia / Indigenous,Modern typography and layout,Wikimedia Commons,1950-1954,1953-1953,3,1,0,0,1,0,SURF-CCT2026R03504,Australianstamp 1606.jpg,-26.7,card_context_candidate,stamp_or_philatelic:postage; stamp_or_philatelic:stamp; stamp_or_philatelic:stamps; commons_file_source,small packet may not need cover-main treatment
Australia / Indigenous|Modern typography and layout|Wikimedia Commons|1960-1964,small_packet_standalone_or_sub_review,decide_if_standalone_normal_main_or_sub_under_nearby_packet,low,false,1,single_or_micro,mixed_manual_relation_review,low,Australia / Indigenous,Modern typography and layout,Wikimedia Commons,1960-1964,1960-1960,1,1,0,0,1,0,SURF-CPT2026R00026,Papua new guinea 1968 20c universal suffrage.jpg,-11.4,card_context_candidate,stamp_or_philatelic:postage; stamp_or_philatelic:stamp; stamp_or_philatelic:stamps; commons_file_source,small packet may not need cover-main treatment
Australia / Indigenous|Modern typography and layout|Wikimedia Commons|1985-1989,small_packet_standalone_or_sub_review,decide_if_standalone_normal_main_or_sub_under_nearby_packet,low,true,1,single_or_micro,small_anchor_or_manual,low,Australia / Indigenous,Modern typography and layout,Wikimedia Commons,1985-1989,1985-1985,1,1,0,0,0,0,SURF-CCE2026R00838,Matilda Magazine Bob Hawke Wine Cask Ad 1985.jpg,93.5,manual_relation_review,commons_file_source,small packet may not need cover-main treatment
Australia / Indigenous|Travel and transport poster culture|NAIDOC Poster Gallery|1990-1994,small_packet_standalone_or_sub_review,decide_if_standalone_normal_main_or_sub_under_nearby_packet,low,true,1,single_or_micro,mixed_manual_relation_review,low,Australia / Indigenous,Travel and transport poster culture,NAIDOC Poster Gallery,1990-1994,1992-1992,1,1,0,1,0,0,SURF-GAPIT2026R049,NAIDOC 1992 Poster,69.1,packet_member_review,,small packet may not need cover-main treatment
Australia / Indigenous|World War and public-information graphics|NAIDOC Poster Gallery|1985-1989,small_packet_standalone_or_sub_review,decide_if_standalone_normal_main_or_sub_under_nearby_packet,low,false,1,single_or_micro,mixed_manual_relation_review,low,Australia / Indigenous,World War and public-information graphics,NAIDOC Poster Gallery,1985-1989,1987-1987,1,1,0,1,0,0,SURF-GAPIT2026R039,NAIDOC 1987 Poster,61.9,packet_member_review,,small packet may not need cover-main treatment
Australia / Indigenous|World War and public-information graphics|NAIDOC Poster Gallery|2010-2014,small_packet_standalone_or_sub_review,decide_if_standalone_normal_main_or_sub_under_nearby_packet,low,false,1,single_or_micro,mixed_manual_relation_review,low,Australia / Indigenous,World War and public-information graphics,NAIDOC Poster Gallery,2010-2014,2010-2010,1,1,0,1,0,0,SURF-LPC2026R040,NAIDOC 2010 Poster,59.3,packet_member_review,,small packet may not need cover-main treatment
Australia / Indigenous|World War and public-information graphics|Wikimedia Commons|1890-1894,small_packet_standalone_or_sub_review,decide_if_standalone_normal_main_or_sub_under_nearby_packet,low,false,1,single_or_micro,mixed_manual_relation_review,low,Australia / Indigenous,World War and public-information graphics,Wikimedia Commons,1890-1894,1894-1894,1,1,0,0,1,0,SURF-CCT2026R03450,Stamp 1953 Australia MiNr=229 pm B002.jpg,-5.2,card_context_candidate,stamp_or_philatelic:postage; stamp_or_philatelic:stamp; stamp_or_philatelic:stamps; commons_file_source,small packet may not need cover-main treatment
Australia / Indigenous|World War and public-information graphics|Wikimedia Commons|2010-2014,small_packet_standalone_or_sub_review,decide_if_standalone_normal_main_or_sub_under_nearby_packet,low,true,1,single_or_micro,mixed_manual_relation_review,low,Australia / Indigenous,World War and public-information graphics,Wikimedia Commons,2010-2014,2011-2011,1,1,0,1,0,0,SURF-PWC2026R017,Fahey DSCF2839 (6074653969) 1 1.jpg,66.0,packet_member_review,commons_file_source,small packet may not need cover-main treatment
Azerbaijan|Modern typography and layout|Wikimedia Commons|1945-1949,small_packet_standalone_or_sub_review,decide_if_standalone_normal_main_or_sub_under_nearby_packet,low,false,1,single_or_micro,mixed_manual_relation_review,low,Azerbaijan,Modern typography and layout,Wikimedia Commons,1945-1949,1946-1946,1,1,0,0,1,0,SURF-CAW2026R02203,Stamp of Indonesia - 1946 - Colnect 943332 - Soldier and flag.jpeg,-21.6,card_context_candidate,stamp_or_philatelic:postage; stamp_or_philatelic:stamp; stamp_or_philatelic:stamps; commons_file_source,small packet may not need cover-main treatment
Azerbaijan|Modern typography and layout|Wikimedia Commons|2020-2024,small_packet_standalone_or_sub_review,decide_if_standalone_normal_main_or_sub_under_nearby_packet,low,true,1,small,mixed_manual_relation_review,low,Azerbaijan,Modern typography and layout,Wikimedia Commons,2020-2024,2024-2024,4,1,0,1,0,0,SURF-CAW2026R04860,Syed Reswana Hasan Unveiling Renewable Energy Booklet and Poster COP29 Baku 2024-11-19 (PID-0005127).jpg,71.35,packet_member_review,commons_file_source,small packet may not need cover-main treatment
Azerbaijan|Travel and transport poster culture|Wikimedia Commons|1995-1999,small_packet_standalone_or_sub_review,decide_if_standalone_normal_main_or_sub_under_nearby_packet,low,false,1,single_or_micro,mixed_manual_relation_review,low,Azerbaijan,Travel and transport poster culture,Wikimedia Commons,1995-1999,1997-1997,1,1,0,0,1,0,SURF-CAW2026R03358,Stamp of Azerbaijan - 1997 - Colnect 516732 - Cave paintings from Qobustan.jpeg,-4.9,card_context_candidate,stamp_or_philatelic:postage; stamp_or_philatelic:stamp; stamp_or_philatelic:stamps; commons_file_source,small packet may not need cover-main treatment
Azerbaijan|World War and public-information graphics|Wikimedia Commons|1945-1949,small_packet_standalone_or_sub_review,decide_if_standalone_normal_main_or_sub_under_nearby_packet,low,false,1,single_or_micro,mixed_manual_relation_review,low,Azerbaijan,World War and public-information graphics,Wikimedia Commons,1945-1949,1945-1945,1,1,0,0,1,0,SURF-CAW2026R02178,Stamp of Indonesia - 1945 - Colnect 943336 - War Dance of Nias island - black overprint.jpeg,-19.6,card_context_candidate,stamp_or_philatelic:postage; stamp_or_philatelic:stamp; stamp_or_philatelic:stamps; commons_file_source,small packet may not need cover-main treatment
Bangladesh|Corporate identity and design systems|Wikimedia Commons|1945-1949,small_packet_standalone_or_sub_review,decide_if_standalone_normal_main_or_sub_under_nearby_packet,low,false,1,single_or_micro,mixed_manual_relation_review,low,Bangladesh,Corporate identity and design systems,Wikimedia Commons,1945-1949,1947-1947,1,1,0,0,1,0,SURF-CRB2026V3R00157,Court fee stamp of Dhaka High Court of East Pakistan.jpg,1.1,card_context_candidate,stamp_or_philatelic:stamp; stamp_or_philatelic:stamps; commons_file_source,small packet may not need cover-main treatment
Bangladesh|Modern typography and layout|Wikimedia Commons|1970-1974,small_packet_standalone_or_sub_review,decide_if_standalone_normal_main_or_sub_under_nearby_packet,low,false,1,small,mixed_manual_relation_review,low,Bangladesh,Modern typography and layout,Wikimedia Commons,1970-1974,1974-1974,2,1,0,0,1,0,SURF-CAW2026R02893,Ford A1156 NLGRF photo contact sheet (1974-10-01)(Gerald Ford Library).jpg,6.65,card_context_candidate,stamp_or_philatelic:postage; stamp_or_philatelic:stamp; commons_file_source,small packet may not need cover-main treatment
Bangladesh|Modern typography and layout|Wikimedia Commons|1990-1994,small_packet_standalone_or_sub_review,decide_if_standalone_normal_main_or_sub_under_nearby_packet,low,false,1,single_or_micro,mixed_manual_relation_review,low,Bangladesh,Modern typography and layout,Wikimedia Commons,1990-1994,1992-1992,1,1,0,0,1,0,SURF-CCT2026R03604,Stamp of Indonesia - 1992 - Colnect 252820 - Non Aligned Countries Summit.jpeg,-5.5,card_context_candidate,stamp_or_philatelic:postage; stamp_or_philatelic:stamp; stamp_or_philatelic:stamps; commons_file_source,small packet may not need cover-main treatment
Bangladesh|Modern typography and layout|Wikimedia Commons|2000-2004,small_packet_standalone_or_sub_review,decide_if_standalone_normal_main_or_sub_under_nearby_packet,low,true,1,single_or_micro,mixed_manual_relation_review,low,Bangladesh,Modern typography and layout,Wikimedia Commons,2000-2004,2000-2000,1,1,0,1,0,0,SURF-CRB2026V3R00160,Nandeesha a.jpg,73.0,packet_member_review,commons_file_source,small packet may not need cover-main treatment
Bangladesh|Modern typography and layout|Wikimedia Commons|2010-2014,small_packet_standalone_or_sub_review,decide_if_standalone_normal_main_or_sub_under_nearby_packet,low,true,1,single_or_micro,small_anchor_or_manual,low,Bangladesh,Modern typography and layout,Wikimedia Commons,2010-2014,2014-2014,1,1,0,0,0,0,SURF-CAW2026R03976,Culture Minister Meeting 12 (15553115801).jpg,95.0,manual_relation_review,commons_file_source,small packet may not need cover-main treatment
Bangladesh|Modern typography and layout|Wikimedia Commons|2015-2019,small_packet_standalone_or_sub_review,decide_if_standalone_normal_main_or_sub_under_nearby_packet,low,false,1,small,mixed_manual_relation_review,low,Bangladesh,Modern typography and layout,Wikimedia Commons,2015-2019,2018-2018,2,1,0,0,1,0,SURF-CRG2026R4015,"President Abdul Hamid Unveils Bangladesh Supreme Court Day Commemorative Book Cover, Dhaka, 2018-01-02 (PID-0046320).jpg",-0.05,card_context_candidate,stamp_or_philatelic:commemorative; commons_file_source,small packet may not need cover-main treatment
Bangladesh|World War and public-information graphics|Wikimedia Commons|2015-2019,small_packet_standalone_or_sub_review,decide_if_standalone_normal_main_or_sub_under_nearby_packet,low,true,1,single_or_micro,mixed_manual_relation_review,low,Bangladesh,World War and public-information graphics,Wikimedia Commons,2015-2019,2018-2018,1,1,0,1,0,0,SURF-CRG2026R4014,2018-05-07 Asaduzzaman Noor unveils book cover Women in Bangladesh Liberation War Rediscovered in Madonna Series National Museum Dhaka (PID-0044353).jpg,73.6,packet_member_review,commons_file_source,small packet may not need cover-main treatment
Belgium|Midcentury modern graphic communication|Wikimedia Commons|1945-1949,small_packet_standalone_or_sub_review,decide_if_standalone_normal_main_or_sub_under_nearby_packet,low,true,1,single_or_micro,mixed_manual_relation_review,low,Belgium,Midcentury modern graphic communication,Wikimedia Commons,1945-1949,1947-1947,1,1,0,1,0,0,SURF-COM1970R093,AR-MCR.FOWM VA0003.jpg,71.5,packet_member_review,commons_file_source,small packet may not need cover-main treatment
Belgium|Modern typography and layout|Wikimedia Commons|1890-1894,small_packet_standalone_or_sub_review,decide_if_standalone_normal_main_or_sub_under_nearby_packet,low,false,1,single_or_micro,mixed_manual_relation_review,low,Belgium,Modern typography and layout,Wikimedia Commons,1890-1894,1894-1894,1,1,0,0,1,0,SURF-CAW2026R00660,Stamp Belgian Congo 1894 50c.jpg,-5.9,card_context_candidate,stamp_or_philatelic:postage; stamp_or_philatelic:stamp; stamp_or_philatelic:stamps; commons_file_source,small packet may not need cover-main treatment
Belgium|Modern typography and layout|Wikimedia Commons|1895-1899,small_packet_standalone_or_sub_review,decide_if_standalone_normal_main_or_sub_under_nearby_packet,low,true,1,single_or_micro,mixed_manual_relation_review,low,Belgium,Modern typography and layout,Wikimedia Commons,1895-1899,1897-1897,1,1,0,1,0,0,SURF-CAW2026R00731,"The labourer's death, work by Alfred Bastien, 1897, Prints Department of the Royal Library of Belgium (KBR), S.III 17322.jpeg",68.2,packet_member_review,commons_file_source,small packet may not need cover-main treatment
Belgium|Modern typography and layout|Wikimedia Commons|1900-1904,small_packet_standalone_or_sub_review,decide_if_standalone_normal_main_or_sub_under_nearby_packet,low,true,1,small,mixed_manual_relation_review,low,Belgium,Modern typography and layout,Wikimedia Commons,1900-1904,1900-1900,2,1,0,1,0,0,SURF-CAW2026R00783,"Artist painting in the woods, work by Alfred Bastien, 1900, Prints Department of the Royal Library of Belgium (KBR), F 27593.jpeg",69.95,packet_member_review,commons_file_source,small packet may not need cover-main treatment
Belgium|Modern typography and layout|Wikimedia Commons|1915-1919,small_packet_standalone_or_sub_review,decide_if_standalone_normal_main_or_sub_under_nearby_packet,low,true,1,small,mixed_manual_relation_review,low,Belgium,Modern typography and layout,Wikimedia Commons,1915-1919,1918-1918,2,1,0,1,0,0,SURF-CAW2026R01296,"Sea landscape with a breakwater, work by Alfred Bastien, 1918, Prints Department of the Royal Library of Belgium (KBR), F 27589.jpeg",70.55,packet_member_review,commons_file_source,small packet may not need cover-main treatment
Belgium|Modern typography and layout|Wikimedia Commons|1920-1924,small_packet_standalone_or_sub_review,decide_if_standalone_normal_main_or_sub_under_nearby_packet,low,false,1,small,mixed_manual_relation_review,low,Belgium,Modern typography and layout,Wikimedia Commons,1920-1924,1923-1923,2,1,0,0,1,0,SURF-CAW2026R01513,Belgian congo 1923 issue-10c.jpg,-6.15,card_context_candidate,stamp_or_philatelic:postage; stamp_or_philatelic:stamp; stamp_or_philatelic:stamps; commons_file_source,small packet may not need cover-main treatment
Belgium|Modern typography and layout|Wikimedia Commons|1950-1954,small_packet_standalone_or_sub_review,decide_if_standalone_normal_main_or_sub_under_nearby_packet,low,true,1,single_or_micro,mixed_manual_relation_review,low,Belgium,Modern typography and layout,Wikimedia Commons,1950-1954,1954-1954,1,1,0,1,0,0,SURF-CAW2026R02430,"Souvenir of Suffolk- Heath beach, work by Alfred Bastien, 1954, Prints Department of the Royal Library of Belgium (KBR), F 27587.jpeg",68.4,packet_member_review,commons_file_source,small packet may not need cover-main treatment
Belgium|Travel and transport poster culture|Wikimedia Commons|1935-1939,small_packet_standalone_or_sub_review,decide_if_standalone_normal_main_or_sub_under_nearby_packet,low,false,1,single_or_micro,mixed_manual_relation_review,low,Belgium,Travel and transport poster culture,Wikimedia Commons,1935-1939,1939-1939,1,1,0,0,1,0,SURF-CAW2026R01885,Stamp of Belgian Congo - 1939 - Colnect 156588 - Buffon s Kob Kobus kob kob.jpeg,-5.2,card_context_candidate,stamp_or_philatelic:postage; stamp_or_philatelic:stamp; stamp_or_philatelic:stamps; commons_file_source,small packet may not need cover-main treatment
Benin|Modern typography and layout|Wikimedia Commons|1885-1889,small_packet_standalone_or_sub_review,decide_if_standalone_normal_main_or_sub_under_nearby_packet,low,false,1,small,mixed_manual_relation_review,low,Benin,Modern typography and layout,Wikimedia Commons,1885-1889,1889-1889,2,1,0,0,1,0,SURF-CAW2026R00562,Louis Léon César Faidherbe stamp (green).jpg,-3.05,card_context_candidate,stamp_or_philatelic:postage; stamp_or_philatelic:stamp; stamp_or_philatelic:stamps; commons_file_source,small packet may not need cover-main treatment
Benin|Modern typography and layout|Wikimedia Commons|1890-1894,small_packet_standalone_or_sub_review,decide_if_standalone_normal_main_or_sub_under_nearby_packet,low,false,1,single_or_micro,mixed_manual_relation_review,low,Benin,Modern typography and layout,Wikimedia Commons,1890-1894,1893-1893,1,1,0,0,1,0,SURF-CAW2026R00652,Stamp Benin 1893 40c.jpg,-3.4,card_context_candidate,stamp_or_philatelic:postage; stamp_or_philatelic:stamp; stamp_or_philatelic:stamps; commons_file_source,small packet may not need cover-main treatment
Benin|Modern typography and layout|Wikimedia Commons|1965-1969,small_packet_standalone_or_sub_review,decide_if_standalone_normal_main_or_sub_under_nearby_packet,low,false,1,single_or_micro,mixed_manual_relation_review,low,Benin,Modern typography and layout,Wikimedia Commons,1965-1969,1966-1966,1,1,0,0,1,0,SURF-CAW2026R02691,BEN 1967 MiNr0324 pm B002a.jpg,5.9,card_context_candidate,stamp_or_philatelic:postage; stamp_or_philatelic:stamp; commons_file_source,small packet may not need cover-main treatment
Benin|Modern typography and layout|Wikimedia Commons|1980-1984,small_packet_standalone_or_sub_review,decide_if_standalone_normal_main_or_sub_under_nearby_packet,low,true,1,single_or_micro,small_anchor_or_manual,low,Benin,Modern typography and layout,Wikimedia Commons,1980-1984,1981-1981,1,1,0,0,0,0,SURF-CAW2026R03017,"ASC Leiden - F. van der Kraaij Collection - 09 - 072 - Un groupe enroule un filet de pêche sur la plage de sable - Lomé, Togo - 1981.tif",99.0,manual_relation_review,commons_file_source,small packet may not need cover-main treatment
Benin|Travel and transport poster culture|Wikimedia Commons|1895-1899,small_packet_standalone_or_sub_review,decide_if_standalone_normal_main_or_sub_under_nearby_packet,low,true,1,single_or_micro,small_anchor_or_manual,low,Benin,Travel and transport poster culture,Wikimedia Commons,1895-1899,1897-1897,1,1,0,0,0,0,SURF-CAW2026R00730,West African flag RMG L4479.tiff,90.2,manual_relation_review,commons_file_source,small packet may not need cover-main treatment
Benin|World War and public-information graphics|Wikimedia Commons|1830-1834,small_packet_standalone_or_sub_review,decide_if_standalone_normal_main_or_sub_under_nearby_packet,low,true,1,single_or_micro,small_anchor_or_manual,low,Benin,World War and public-information graphics,Wikimedia Commons,1830-1834,1834-1834,1,1,0,0,0,0,SURF-CAW2026R00109,"The capture of the slaver 'Formidable' by HMS 'Buzzard', 17 December 1834 RMG BHC0625.tiff",90.2,manual_relation_review,commons_file_source,small packet may not need cover-main treatment
Bolivia|Modern typography and layout|Wikimedia Commons|1855-1859,small_packet_standalone_or_sub_review,decide_if_standalone_normal_main_or_sub_under_nearby_packet,low,false,1,single_or_micro,mixed_manual_relation_review,low,Bolivia,Modern typography and layout,Wikimedia Commons,1855-1859,1857-1857,1,1,0,0,1,0,SURF-CCT2026R01893,Stamp of Bolivia - 1897 - Colnect 226904 - José Maria Linares.jpeg,-14.7,card_context_candidate,stamp_or_philatelic:postage; stamp_or_philatelic:stamp; stamp_or_philatelic:stamps; commons_file_source,small packet may not need cover-main treatment
Bolivia|Modern typography and layout|Wikimedia Commons|1900-1904,small_packet_standalone_or_sub_review,decide_if_standalone_normal_main_or_sub_under_nearby_packet,low,false,1,small,mixed_manual_relation_review,low,Bolivia,Modern typography and layout,Wikimedia Commons,1900-1904,1901-1901,2,1,0,0,1,0,SURF-CCT2026R01931,Stamp of Bolivia - 1901 - Colnect 226919 - Antonio José de Sucre.jpeg,-15.65,card_context_candidate,stamp_or_philatelic:postage; stamp_or_philatelic:stamp; stamp_or_philatelic:stamps; commons_file_source,small packet may not need cover-main treatment
Bolivia|Modern typography and layout|Wikimedia Commons|1905-1909,small_packet_standalone_or_sub_review,decide_if_standalone_normal_main_or_sub_under_nearby_packet,low,false,1,single_or_micro,mixed_manual_relation_review,low,Bolivia,Modern typography and layout,Wikimedia Commons,1905-1909,1908-1908,1,1,0,0,1,0,SURF-CAW2026R01068,Stamp of Bolivia - 1968 - Colnect 612339 - President G Villarroel.jpeg,-8.3,card_context_candidate,stamp_or_philatelic:postage; stamp_or_philatelic:stamp; stamp_or_philatelic:stamps; commons_file_source,small packet may not need cover-main treatment
Bolivia|Modern typography and layout|Wikimedia Commons|1920-1924,small_packet_standalone_or_sub_review,decide_if_standalone_normal_main_or_sub_under_nearby_packet,low,true,1,single_or_micro,mixed_manual_relation_review,low,Bolivia,Modern typography and layout,Wikimedia Commons,1920-1924,1922-1922,1,1,0,1,0,0,SURF-CCT2026R01951,Feminiflor portada 1922.jpg,75.1,packet_member_review,commons_file_source,small packet may not need cover-main treatment
Bolivia|Modern typography and layout|Wikimedia Commons|1985-1989,small_packet_standalone_or_sub_review,decide_if_standalone_normal_main_or_sub_under_nearby_packet,low,false,1,single_or_micro,mixed_manual_relation_review,low,Bolivia,Modern typography and layout,Wikimedia Commons,1985-1989,1989-1989,1,1,0,0,1,0,SURF-CCT2026R02151,"Bolivia 1989 variable value stamp ,70 Mi 1.jpg",-22.8,card_context_candidate,stamp_or_philatelic:postage; stamp_or_philatelic:stamp; stamp_or_philatelic:stamps; commons_file_source,small packet may not need cover-main treatment
Bolivia|Modern typography and layout|Wikimedia Commons|2015-2019,small_packet_standalone_or_sub_review,decide_if_standalone_normal_main_or_sub_under_nearby_packet,low,true,1,single_or_micro,mixed_manual_relation_review,low,Bolivia,Modern typography and layout,Wikimedia Commons,2015-2019,2018-2018,1,1,0,1,0,0,SURF-CAW2026R04315,Melchor Pérez Holguin - Saint Christopher - 2018.652.2 - Metropolitan Museum of Art.jpg,68.4,packet_member_review,commons_file_source,small packet may not need cover-main treatment
Bolivia|Travel and transport poster culture|Wikimedia Commons|1900-1904,small_packet_standalone_or_sub_review,decide_if_standalone_normal_main_or_sub_under_nearby_packet,low,true,1,single_or_micro,mixed_manual_relation_review,low,Bolivia,Travel and transport poster culture,Wikimedia Commons,1900-1904,1900-1900,1,1,0,1,0,0,SURF-CAW2026R00824,Vauxite-202003.jpg,73.2,packet_member_review,non_design_drift:specimen; commons_file_source,small packet may not need cover-main treatment
Bolivia|Travel and transport poster culture|Wikimedia Commons|1920-1924,small_packet_standalone_or_sub_review,decide_if_standalone_normal_main_or_sub_under_nearby_packet,low,true,1,single_or_micro,mixed_manual_relation_review,low,Bolivia,Travel and transport poster culture,Wikimedia Commons,1920-1924,1920-1920,1,1,0,1,0,0,SURF-CAW2026R01439,Wavellite-pas-183b.jpg,70.8,packet_member_review,non_design_drift:specimen; commons_file_source,small packet may not need cover-main treatment
Bolivia|World War and public-information graphics|Wikimedia Commons|1835-1839,small_packet_standalone_or_sub_review,decide_if_standalone_normal_main_or_sub_under_nearby_packet,low,false,1,small,mixed_manual_relation_review,low,Bolivia,World War and public-information graphics,Wikimedia Commons,1835-1839,1838-1838,2,1,0,0,1,0,SURF-CCT2026R01873,Stamp of Bolivia - 1930 - Colnect 223082 - Eduardo Abaroa.jpeg,-4.15,card_context_candidate,stamp_or_philatelic:postage; stamp_or_philatelic:stamp; stamp_or_philatelic:stamps; commons_file_source,small packet may not need cover-main treatment
Bolivia|World War and public-information graphics|Wikimedia Commons|1920-1924,small_packet_standalone_or_sub_review,decide_if_standalone_normal_main_or_sub_under_nearby_packet,low,false,1,single_or_micro,mixed_manual_relation_review,low,Bolivia,World War and public-information graphics,Wikimedia Commons,1920-1924,1924-1924,1,1,0,0,1,0,SURF-CCT2026R01952,Paraguay-bolivia-1924-1935.jpg,-2.8,card_context_candidate,stamp_or_philatelic:postage; stamp_or_philatelic:stamp; stamp_or_philatelic:stamps; commons_file_source,small packet may not need cover-main treatment
Bolivia|World War and public-information graphics|Wikimedia Commons|1960-1964,small_packet_standalone_or_sub_review,decide_if_standalone_normal_main_or_sub_under_nearby_packet,low,false,1,single_or_micro,mixed_manual_relation_review,low,Bolivia,World War and public-information graphics,Wikimedia Commons,1960-1964,1962-1962,1,1,0,0,1,0,SURF-CCT2026R02149,Stamp of Bolivia - 1962 - Colnect 230022 - Plane and oxcart.jpeg,-5.2,card_context_candidate,stamp_or_philatelic:postage; stamp_or_philatelic:stamp; stamp_or_philatelic:stamps; commons_file_source,small packet may not need cover-main treatment
Bolivia|World War and public-information graphics|Wikimedia Commons|1965-1969,small_packet_standalone_or_sub_review,decide_if_standalone_normal_main_or_sub_under_nearby_packet,low,false,1,single_or_micro,mixed_manual_relation_review,low,Bolivia,World War and public-information graphics,Wikimedia Commons,1965-1969,1968-1968,1,1,0,0,1,0,SURF-CCT2026R02150,Stamp of Bolivia - 1968 - Colnect 475980 - Arms of Tarija.jpeg,-3.7,card_context_candidate,stamp_or_philatelic:postage; stamp_or_philatelic:stamp; stamp_or_philatelic:stamps; commons_file_source,small packet may not need cover-main treatment
Bosnia and Herzegovina|Modern typography and layout|Wikimedia Commons|1875-1879,small_packet_standalone_or_sub_review,decide_if_standalone_normal_main_or_sub_under_nearby_packet,low,false,1,single_or_micro,mixed_manual_relation_review,low,Bosnia and Herzegovina,Modern typography and layout,Wikimedia Commons,1875-1879,1879-1879,1,1,0,0,1,0,SURF-CAW2026R00367,First series 1879 Bosnia and Herzegovina stamp.jpg,-20.4,card_context_candidate,stamp_or_philatelic:postage; stamp_or_philatelic:stamp; commons_file_source,small packet may not need cover-main treatment
Bosnia and Herzegovina|Modern typography and layout|Wikimedia Commons|1910-1914,small_packet_standalone_or_sub_review,decide_if_standalone_normal_main_or_sub_under_nearby_packet,low,false,1,single_or_micro,mixed_manual_relation_review,low,Bosnia and Herzegovina,Modern typography and layout,Wikimedia Commons,1910-1914,1914-1914,1,1,0,0,1,0,SURF-CAW2026R01179,Franzferdinand40hel1917.jpg,-15.5,card_context_candidate,stamp_or_philatelic:postage; stamp_or_philatelic:stamp; commons_file_source,small packet may not need cover-main treatment
Bosnia and Herzegovina|Modern typography and layout|Wikimedia Commons|1960-1964,small_packet_standalone_or_sub_review,decide_if_standalone_normal_main_or_sub_under_nearby_packet,low,true,1,small,mixed_manual_relation_review,low,Bosnia and Herzegovina,Modern typography and layout,Wikimedia Commons,1960-1964,1960-1960,4,1,0,0,0,0,SURF-CAW2026R02578,Popajeve Ludorije.png,96.35,manual_relation_review,commons_file_source,small packet may not need cover-main treatment
Bosnia and Herzegovina|Modern typography and layout|Wikimedia Commons|1965-1969,small_packet_standalone_or_sub_review,decide_if_standalone_normal_main_or_sub_under_nearby_packet,low,false,1,small,mixed_manual_relation_review,low,Bosnia and Herzegovina,Modern typography and layout,Wikimedia Commons,1965-1969,1969-1969,3,1,0,0,1,0,SURF-CAW2026R02771,Europa 1969 Yugoslavia Series 01.jpg,-22.6,card_context_candidate,stamp_or_philatelic:postage; stamp_or_philatelic:stamp; stamp_or_philatelic:stamps; commons_file_source,small packet may not need cover-main treatment
Bosnia and Herzegovina|Modern typography and layout|Wikimedia Commons|1980-1984,small_packet_standalone_or_sub_review,decide_if_standalone_normal_main_or_sub_under_nearby_packet,low,false,1,single_or_micro,mixed_manual_relation_review,low,Bosnia and Herzegovina,Modern typography and layout,Wikimedia Commons,1980-1984,1983-1983,1,1,0,0,1,0,SURF-CAW2026R03041,Ivo Andrić 1983 Yugoslavia stamp.jpg,0.6,card_context_candidate,stamp_or_philatelic:postage; stamp_or_philatelic:stamp; commons_file_source,small packet may not need cover-main treatment
Bosnia and Herzegovina|Travel and transport poster culture|Wikimedia Commons|1905-1909,small_packet_standalone_or_sub_review,decide_if_standalone_normal_main_or_sub_under_nearby_packet,low,false,1,single_or_micro,mixed_manual_relation_review,low,Bosnia and Herzegovina,Travel and transport poster culture,Wikimedia Commons,1905-1909,1906-1906,1,1,0,0,1,0,SURF-CAW2026R00994,Stamp Bosnia 1906 30h.jpg,-4.0,card_context_candidate,stamp_or_philatelic:postage; stamp_or_philatelic:stamp; stamp_or_philatelic:stamps; commons_file_source,small packet may not need cover-main treatment
Bosnia and Herzegovina|World War and public-information graphics|Wikimedia Commons|1915-1919,small_packet_standalone_or_sub_review,decide_if_standalone_normal_main_or_sub_under_nearby_packet,low,false,1,single_or_micro,mixed_manual_relation_review,low,Bosnia and Herzegovina,World War and public-information graphics,Wikimedia Commons,1915-1919,1915-1915,1,1,0,0,1,0,SURF-CAW2026R01199,Stamp Austria Fldpost-4.jpg,-1.6,card_context_candidate,stamp_or_philatelic:postage; stamp_or_philatelic:stamp; stamp_or_philatelic:stamps; commons_file_source,small packet may not need cover-main treatment
Brazil|Corporate identity and design systems|Wikimedia Commons|2015-2019,small_packet_standalone_or_sub_review,decide_if_standalone_normal_main_or_sub_under_nearby_packet,low,true,1,small,small_anchor_or_manual,low,Brazil,Corporate identity and design systems,Wikimedia Commons,2015-2019,2019-2019,2,1,0,0,0,0,SURF-CGS2026R0520,Arezzo Inverno 2019 com Sasha Meneghel 05.jpg,92.95,manual_relation_review,commons_file_source,small packet may not need cover-main treatment
Brazil|Modern typography and layout|Wikimedia Commons|1845-1849,small_packet_standalone_or_sub_review,decide_if_standalone_normal_main_or_sub_under_nearby_packet,low,false,1,single_or_micro,mixed_manual_relation_review,low,Brazil,Modern typography and layout,Wikimedia Commons,1845-1849,1847-1847,1,1,0,0,1,0,SURF-CCT2026R02155,Stamp of Brazil - 1947 - Colnect 207995 - Centenary of birth of the poet Antônio Castro Alves in 1847.jpeg,-17.8,card_context_candidate,stamp_or_philatelic:postage; stamp_or_philatelic:stamp; stamp_or_philatelic:stamps; commons_file_source,small packet may not need cover-main treatment
Brazil|Modern typography and layout|Wikimedia Commons|1850-1854,small_packet_standalone_or_sub_review,decide_if_standalone_normal_main_or_sub_under_nearby_packet,low,true,1,small,mixed_manual_relation_review,low,Brazil,Modern typography and layout,Wikimedia Commons,1850-1854,1854-1854,2,1,0,1,0,0,SURF-CGS2026R0374,Biography of Mahommah G. Baquaqua.jpg,70.75,packet_member_review,commons_file_source,small packet may not need cover-main treatment
Brazil|Modern typography and layout|Wikimedia Commons|1860-1864,small_packet_standalone_or_sub_review,decide_if_standalone_normal_main_or_sub_under_nearby_packet,low,false,1,single_or_micro,mixed_manual_relation_review,low,Brazil,Modern typography and layout,Wikimedia Commons,1860-1864,1864-1864,1,1,0,0,1,0,SURF-CCT2026R02156,Stamp of Brazil - 1929 - Colnect 187618 - Augusto Severo 1864-1902.jpeg,-5.4,card_context_candidate,stamp_or_philatelic:postage; stamp_or_philatelic:stamp; stamp_or_philatelic:stamps; commons_file_source,small packet may not need cover-main treatment
Brazil|Modern typography and layout|Wikimedia Commons|1870-1874,small_packet_standalone_or_sub_review,decide_if_standalone_normal_main_or_sub_under_nearby_packet,low,false,1,single_or_micro,mixed_manual_relation_review,low,Brazil,Modern typography and layout,Wikimedia Commons,1870-1874,1873-1873,1,1,0,0,1,0,SURF-CCT2026R02158,Stamp of Brazil - 1969 - Colnect 263167 - Santos Dumont Eiffel Tower and Module Landing on Moon.jpeg,-16.7,card_context_candidate,stamp_or_philatelic:postage; stamp_or_philatelic:stamp; stamp_or_philatelic:stamps; commons_file_source,small packet may not need cover-main treatment
Brazil|Modern typography and layout|Wikimedia Commons|1875-1879,small_packet_standalone_or_sub_review,decide_if_standalone_normal_main_or_sub_under_nearby_packet,low,false,1,single_or_micro,mixed_manual_relation_review,low,Brazil,Modern typography and layout,Wikimedia Commons,1875-1879,1877-1877,1,1,0,0,1,0,SURF-CCT2026R02159,Stamp of Brazil - 1947 - Colnect 208002 - Week of the wing.jpeg,-20.8,card_context_candidate,stamp_or_philatelic:postage; stamp_or_philatelic:stamp; stamp_or_philatelic:stamps; commons_file_source,small packet may not need cover-main treatment
Brazil|Modern typography and layout|Wikimedia Commons|1890-1894,small_packet_standalone_or_sub_review,decide_if_standalone_normal_main_or_sub_under_nearby_packet,low,true,1,small,mixed_manual_relation_review,low,Brazil,Modern typography and layout,Wikimedia Commons,1890-1894,1892-1892,3,1,0,0,0,0,SURF-CGS2026R0390,"158 rua do Lavradio. Bellodromo nacional. Grandes corridas de patins et vécolipèdes affiche, non identifié.jpg",95.4,manual_relation_review,commons_file_source,small packet may not need cover-main treatment
Brazil|Modern typography and layout|Wikimedia Commons|1900-1904,small_packet_standalone_or_sub_review,decide_if_standalone_normal_main_or_sub_under_nearby_packet,low,true,1,single_or_micro,small_anchor_or_manual,low,Brazil,Modern typography and layout,Wikimedia Commons,1900-1904,1900-1900,1,1,0,0,0,0,SURF-CCT2026R02161,"A Notre-Dame de Paris. Grandes armazens de fazendas e modas os primeiros do Brazil. Grande venda desconto de 25% sobre os preços marcados em todas as mercadorias. Rio de Janeiro affiche, non identifié.jpg",95.7,manual_relation_review,commons_file_source,small packet may not need cover-main treatment
Brazil|Modern typography and layout|Wikimedia Commons|1990-1994,small_packet_standalone_or_sub_review,decide_if_standalone_normal_main_or_sub_under_nearby_packet,low,false,1,single_or_micro,mixed_manual_relation_review,low,Brazil,Modern typography and layout,Wikimedia Commons,1990-1994,1994-1994,1,1,0,0,1,0,SURF-CCT2026R02302,"Stamps of Azerbaijan, 1997-495.jpg",-23.8,card_context_candidate,stamp_or_philatelic:postage; stamp_or_philatelic:stamp; stamp_or_philatelic:stamps; commons_file_source,small packet may not need cover-main treatment
Brazil|Modern typography and layout|Wikimedia Commons|1995-1999,small_packet_standalone_or_sub_review,decide_if_standalone_normal_main_or_sub_under_nearby_packet,low,true,1,single_or_micro,mixed_manual_relation_review,low,Brazil,Modern typography and layout,Wikimedia Commons,1995-1999,1996-1996,1,1,0,1,0,0,SURF-CGS2026R0495,Atlantic Oceanic-Crust.jpg,71.1,packet_member_review,non_design_drift:geological; commons_file_source,small packet may not need cover-main treatment
Brazil|Travel and transport poster culture|Wikimedia Commons|1955-1959,small_packet_standalone_or_sub_review,decide_if_standalone_normal_main_or_sub_under_nearby_packet,low,false,1,single_or_micro,mixed_manual_relation_review,low,Brazil,Travel and transport poster culture,Wikimedia Commons,1955-1959,1959-1959,1,1,0,0,1,0,SURF-CCT2026R02239,Stamp of Brazil - 1959 - Colnect 264394 - 1 - Map and railway line.jpeg,-5.2,card_context_candidate,stamp_or_philatelic:postage; stamp_or_philatelic:stamp; stamp_or_philatelic:stamps; commons_file_source,small packet may not need cover-main treatment
Brazil|Travel and transport poster culture|Wikimedia Commons|2010-2014,small_packet_standalone_or_sub_review,decide_if_standalone_normal_main_or_sub_under_nearby_packet,low,true,1,small,small_anchor_or_manual,low,Brazil,Travel and transport poster culture,Wikimedia Commons,2010-2014,2014-2014,2,1,0,0,0,0,SURF-CGS2026R0636,"Business logo of the aufeminin group, the world’s No. I digital content provider for women.png",94.95,manual_relation_review,commons_file_source,small packet may not need cover-main treatment
Brazil|World War and public-information graphics|Wikimedia Commons|1905-1909,small_packet_standalone_or_sub_review,decide_if_standalone_normal_main_or_sub_under_nearby_packet,low,true,1,single_or_micro,mixed_manual_relation_review,low,Brazil,World War and public-information graphics,Wikimedia Commons,1905-1909,1906-1906,1,1,0,1,0,0,SURF-CGS2026R0396,"The War of the Worlds - poster by Henrique Alvim Corrêa, original graphic.jpg",71.5,packet_member_review,source_register:inventory; commons_file_source,small packet may not need cover-main treatment
Brazil|World War and public-information graphics|Wikimedia Commons|1925-1929,small_packet_standalone_or_sub_review,decide_if_standalone_normal_main_or_sub_under_nearby_packet,low,true,1,single_or_micro,mixed_manual_relation_review,low,Brazil,World War and public-information graphics,Wikimedia Commons,1925-1929,1928-1928,1,1,0,1,0,0,SURF-CGS2026R0414,Propaganda de 1928 - Jardim Europa.jpg,74.0,packet_member_review,commons_file_source,small packet may not need cover-main treatment
Brazil|World War and public-information graphics|Wikimedia Commons|1945-1949,small_packet_standalone_or_sub_review,decide_if_standalone_normal_main_or_sub_under_nearby_packet,low,false,1,single_or_micro,mixed_manual_relation_review,low,Brazil,World War and public-information graphics,Wikimedia Commons,1945-1949,1945-1945,1,1,0,0,1,0,SURF-CRG2026R1253,Selo da FEB de 2 cruzeiros.jpg,-8.0,card_context_candidate,stamp_or_philatelic:postage; stamp_or_philatelic:stamp; stamp_or_philatelic:stamps; commons_file_source,small packet may not need cover-main treatment
Bulgaria|Modern typography and layout|Wikimedia Commons|1920-1924,small_packet_standalone_or_sub_review,decide_if_standalone_normal_main_or_sub_under_nearby_packet,low,false,1,small,mixed_manual_relation_review,low,Bulgaria,Modern typography and layout,Wikimedia Commons,1920-1924,1920-1920,2,1,0,0,1,0,SURF-CCT2026R01485,StampBulgaria1927Michel206.jpg,-11.25,card_context_candidate,stamp_or_philatelic:postage; stamp_or_philatelic:stamp; stamp_or_philatelic:stamps; commons_file_source,small packet may not need cover-main treatment
Bulgaria|Modern typography and layout|Wikimedia Commons|1935-1939,small_packet_standalone_or_sub_review,decide_if_standalone_normal_main_or_sub_under_nearby_packet,low,true,1,small,mixed_manual_relation_review,low,Bulgaria,Modern typography and layout,Wikimedia Commons,1935-1939,1938-1938,2,1,0,1,0,0,SURF-CAW2026R01872,Kumlisan-1938.jpg,69.55,packet_member_review,commons_file_source,small packet may not need cover-main treatment
Bulgaria|Modern typography and layout|Wikimedia Commons|1970-1974,small_packet_standalone_or_sub_review,decide_if_standalone_normal_main_or_sub_under_nearby_packet,low,false,1,single_or_micro,mixed_manual_relation_review,low,Bulgaria,Modern typography and layout,Wikimedia Commons,1970-1974,1970-1970,1,1,0,0,1,0,SURF-CAW2026R02794,Stamp of Ajman - 1970 - Colnect 402166 - Napoleon as emperor by François Pascal Simon Gérard.jpeg,-5.2,card_context_candidate,stamp_or_philatelic:postage; stamp_or_philatelic:stamp; stamp_or_philatelic:stamps; commons_file_source,small packet may not need cover-main treatment
Bulgaria|Modern typography and layout|Wikimedia Commons|1985-1989,small_packet_standalone_or_sub_review,decide_if_standalone_normal_main_or_sub_under_nearby_packet,low,false,1,single_or_micro,mixed_manual_relation_review,low,Bulgaria,Modern typography and layout,Wikimedia Commons,1985-1989,1986-1986,1,1,0,0,1,0,SURF-CAW2026R03075,Stamp of Finland - 1986 - Colnect 314400 - 1 - Modern Buildings.jpeg,-20.0,card_context_candidate,stamp_or_philatelic:postage; stamp_or_philatelic:stamp; stamp_or_philatelic:stamps; commons_file_source,small packet may not need cover-main treatment
Bulgaria|Modern typography and layout|Wikimedia Commons|2000-2004,small_packet_standalone_or_sub_review,decide_if_standalone_normal_main_or_sub_under_nearby_packet,low,false,1,single_or_micro,mixed_manual_relation_review,low,Bulgaria,Modern typography and layout,Wikimedia Commons,2000-2004,2000-2000,1,1,0,0,1,0,SURF-CAW2026R03428,Souvenir-Sheet-2002.jpg,-11.2,card_context_candidate,stamp_or_philatelic:commemorative; stamp_or_philatelic:postage; stamp_or_philatelic:stamp; stamp_or_philatelic:stamps; commons_file_source,small packet may not need cover-main treatment
Bulgaria|World War and public-information graphics|Wikimedia Commons|1910-1914,small_packet_standalone_or_sub_review,decide_if_standalone_normal_main_or_sub_under_nearby_packet,low,false,1,single_or_micro,mixed_manual_relation_review,low,Bulgaria,World War and public-information graphics,Wikimedia Commons,1910-1914,1910-1910,1,1,0,0,1,0,SURF-CRB2026V3R00041,WWI-Bulgarian-stamp.jpg,-14.4,card_context_candidate,stamp_or_philatelic:postage; stamp_or_philatelic:stamp; stamp_or_philatelic:stamps; commons_file_source,small packet may not need cover-main treatment
Cambodia|Modern typography and layout|Wikimedia Commons|1955-1959,small_packet_standalone_or_sub_review,decide_if_standalone_normal_main_or_sub_under_nearby_packet,low,false,1,single_or_micro,mixed_manual_relation_review,low,Cambodia,Modern typography and layout,Wikimedia Commons,1955-1959,1956-1956,1,1,0,0,1,0,SURF-CCT2026R03940,Cambodia stamp type 1.jpg,-24.8,card_context_candidate,stamp_or_philatelic:postage; stamp_or_philatelic:stamp; stamp_or_philatelic:stamps; commons_file_source,small packet may not need cover-main treatment
Cambodia|Modern typography and layout|Wikimedia Commons|1995-1999,small_packet_standalone_or_sub_review,decide_if_standalone_normal_main_or_sub_under_nearby_packet,low,false,1,single_or_micro,mixed_manual_relation_review,low,Cambodia,Modern typography and layout,Wikimedia Commons,1995-1999,1999-1999,1,1,0,0,1,0,SURF-CCT2026R03941,Cambodia stamp type 4.jpg,-28.7,card_context_candidate,stamp_or_philatelic:postage; stamp_or_philatelic:stamp; stamp_or_philatelic:stamps; commons_file_source,small packet may not need cover-main treatment
Cameroon|Modern typography and layout|Wikimedia Commons|1905-1909,small_packet_standalone_or_sub_review,decide_if_standalone_normal_main_or_sub_under_nearby_packet,low,true,1,single_or_micro,small_anchor_or_manual,low,Cameroon,Modern typography and layout,Wikimedia Commons,1905-1909,1908-1908,1,1,0,0,0,0,SURF-CAW2026R01065,Saker baptising.jpg,90.5,manual_relation_review,commons_file_source,small packet may not need cover-main treatment
Cameroon|Modern typography and layout|Wikimedia Commons|1970-1974,small_packet_standalone_or_sub_review,decide_if_standalone_normal_main_or_sub_under_nearby_packet,low,false,1,single_or_micro,mixed_manual_relation_review,low,Cameroon,Modern typography and layout,Wikimedia Commons,1970-1974,1972-1972,1,1,0,0,1,0,SURF-CCT2026R00320,Stamp CAM 1972 40f.jpg,-10.0,card_context_candidate,stamp_or_philatelic:postage; stamp_or_philatelic:stamp; stamp_or_philatelic:stamps; commons_file_source,small packet may not need cover-main treatment
Canada|Midcentury modern graphic communication|Wikimedia Commons|1875-1879,small_packet_standalone_or_sub_review,decide_if_standalone_normal_main_or_sub_under_nearby_packet,low,true,1,single_or_micro,mixed_manual_relation_review,low,Canada,Midcentury modern graphic communication,Wikimedia Commons,1875-1879,1878-1878,1,1,0,1,0,0,SURF-COM1970R001,Ontario Immigration Poster.jpg,66.8,packet_member_review,commons_file_source,small packet may not need cover-main treatment
Canada|Modern typography and layout|Internet Archive|1970-1974,small_packet_standalone_or_sub_review,decide_if_standalone_normal_main_or_sub_under_nearby_packet,low,true,1,single_or_micro,mixed_manual_relation_review,low,Canada,Modern typography and layout,Internet Archive,1970-1974,1970-1970,1,1,0,1,0,0,SURF-MX1970R036,Graphic design Canada; Graphisme canadien. --,67.7,packet_member_review,,small packet may not need cover-main treatment
Canada|World War and public-information graphics|Wikimedia Commons|1940-1944,small_packet_standalone_or_sub_review,decide_if_standalone_normal_main_or_sub_under_nearby_packet,low,true,1,single_or_micro,mixed_manual_relation_review,low,Canada,World War and public-information graphics,Wikimedia Commons,1940-1944,1940-1940,1,1,0,1,0,0,SURF-COM1970R080,RPA Melhuish poster 069 PN2020 00291-4.jpg,68.7,packet_member_review,commons_file_source,small packet may not need cover-main treatment
Cape Verde|Modern typography and layout|Wikimedia Commons|1830-1834,small_packet_standalone_or_sub_review,decide_if_standalone_normal_main_or_sub_under_nearby_packet,low,true,1,small,mixed_manual_relation_review,low,Cape Verde,Modern typography and layout,Wikimedia Commons,1830-1834,1830-1830,3,1,0,0,0,0,SURF-CAW2026R00003,DpedroI-brasil.png,92.3,manual_relation_review,commons_file_source,small packet may not need cover-main treatment
Cape Verde|Modern typography and layout|Wikimedia Commons|1845-1849,small_packet_standalone_or_sub_review,decide_if_standalone_normal_main_or_sub_under_nearby_packet,low,true,1,single_or_micro,small_anchor_or_manual,low,Cape Verde,Modern typography and layout,Wikimedia Commons,1845-1849,1847-1847,1,1,0,0,0,0,SURF-CAW2026R00151,Simplício Rodrigues de Sá - Retrato de D. Manoel Joaquim Gonçalves de Andrade.JPG,94.2,manual_relation_review,commons_file_source,small packet may not need cover-main treatment
Cape Verde|Modern typography and layout|Wikimedia Commons|1930-1934,small_packet_standalone_or_sub_review,decide_if_standalone_normal_main_or_sub_under_nearby_packet,low,false,1,single_or_micro,mixed_manual_relation_review,low,Cape Verde,Modern typography and layout,Wikimedia Commons,1930-1934,1932-1932,1,1,0,0,1,0,SURF-CAW2026R01708,Stamp of Ajman - 1971 - Colnect 333505 - Lake Placid 1932 - Ice hockey.jpeg,-3.7,card_context_candidate,stamp_or_philatelic:postage; stamp_or_philatelic:stamp; stamp_or_philatelic:stamps; commons_file_source,small packet may not need cover-main treatment
Cape Verde|Modern typography and layout|Wikimedia Commons|1960-1964,small_packet_standalone_or_sub_review,decide_if_standalone_normal_main_or_sub_under_nearby_packet,low,false,1,single_or_micro,mixed_manual_relation_review,low,Cape Verde,Modern typography and layout,Wikimedia Commons,1960-1964,1964-1964,1,1,0,0,1,0,SURF-CAW2026R02632,Stamp of Ajman - 1971 - Colnect 333506 - Tokyo 1964 - Gmynastics rings.jpeg,-3.7,card_context_candidate,stamp_or_philatelic:postage; stamp_or_philatelic:stamp; stamp_or_philatelic:stamps; commons_file_source,small packet may not need cover-main treatment
Cape Verde|Modern typography and layout|Wikimedia Commons|2005-2009,small_packet_standalone_or_sub_review,decide_if_standalone_normal_main_or_sub_under_nearby_packet,low,true,1,single_or_micro,small_anchor_or_manual,low,Cape Verde,Modern typography and layout,Wikimedia Commons,2005-2009,2009-2009,1,1,0,0,0,0,SURF-CAW2026R03647,Bouteilles de Chã branco.jpg,88.5,manual_relation_review,commons_file_source,small packet may not need cover-main treatment
Cape Verde|Travel and transport poster culture|Wikimedia Commons|1830-1834,small_packet_standalone_or_sub_review,decide_if_standalone_normal_main_or_sub_under_nearby_packet,low,true,1,single_or_micro,small_anchor_or_manual,low,Cape Verde,Travel and transport poster culture,Wikimedia Commons,1830-1834,1830-1830,1,1,0,0,0,0,SURF-CAW2026R00002,DpedroI-brasil-full.jpg,90.2,manual_relation_review,commons_file_source,small packet may not need cover-main treatment
Chile|Modern typography and layout|Wikimedia Commons|1835-1839,small_packet_standalone_or_sub_review,decide_if_standalone_normal_main_or_sub_under_nearby_packet,low,false,1,single_or_micro,mixed_manual_relation_review,low,Chile,Modern typography and layout,Wikimedia Commons,1835-1839,1837-1837,1,1,0,0,1,0,SURF-CGS2026R0681,Diego Portales-D S No 20.JPG,-0.6,card_context_candidate,stamp_or_philatelic:postage; stamp_or_philatelic:stamp; commons_file_source,small packet may not need cover-main treatment
Chile|Modern typography and layout|Wikimedia Commons|1885-1889,small_packet_standalone_or_sub_review,decide_if_standalone_normal_main_or_sub_under_nearby_packet,low,true,1,single_or_micro,mixed_manual_relation_review,low,Chile,Modern typography and layout,Wikimedia Commons,1885-1889,1887-1887,1,1,0,1,0,0,SURF-CGS2026R0744,Lejislación Chilena.jpg,76.6,packet_member_review,commons_file_source,small packet may not need cover-main treatment
Chile|Modern typography and layout|Wikimedia Commons|1905-1909,small_packet_standalone_or_sub_review,decide_if_standalone_normal_main_or_sub_under_nearby_packet,low,true,1,single_or_micro,mixed_manual_relation_review,low,Chile,Modern typography and layout,Wikimedia Commons,1905-1909,1908-1908,1,1,0,1,0,0,SURF-CGS2026R0683,Chile-Ecuador (1908).jpg,70.2,packet_member_review,commons_file_source,small packet may not need cover-main treatment
China / Hong Kong|Corporate identity and design systems|Wikimedia Commons|1955-1959,small_packet_standalone_or_sub_review,decide_if_standalone_normal_main_or_sub_under_nearby_packet,low,false,1,single_or_micro,mixed_manual_relation_review,low,China / Hong Kong,Corporate identity and design systems,Wikimedia Commons,1955-1959,1955-1955,1,1,0,0,1,0,SURF-CCT2026R01180,3 kinds of Standard Meter Stamps of PRChina in 1955.jpg,-18.5,card_context_candidate,stamp_or_philatelic:postage; stamp_or_philatelic:stamp; stamp_or_philatelic:stamps; commons_file_source,small packet may not need cover-main treatment
China / Hong Kong|Corporate identity and design systems|Wikimedia Commons|2000-2004,small_packet_standalone_or_sub_review,decide_if_standalone_normal_main_or_sub_under_nearby_packet,low,true,1,single_or_micro,small_anchor_or_manual,low,China / Hong Kong,Corporate identity and design systems,Wikimedia Commons,2000-2004,2000-2000,1,1,0,0,0,0,SURF-CRB2026V3R00033,"Bilingual Books, Inc. Logo.jpg",95.6,manual_relation_review,commons_file_source,small packet may not need cover-main treatment
China / Hong Kong|Modern typography and layout|Wikimedia Commons|1830-1834,small_packet_standalone_or_sub_review,decide_if_standalone_normal_main_or_sub_under_nearby_packet,low,false,1,small,mixed_manual_relation_review,low,China / Hong Kong,Modern typography and layout,Wikimedia Commons,1830-1834,1830-1830,2,1,0,0,1,0,SURF-CCT2026R01140,Stamp Shanghai 1893 1c.jpg,-3.25,card_context_candidate,stamp_or_philatelic:postage; stamp_or_philatelic:stamp; stamp_or_philatelic:stamps; commons_file_source,small packet may not need cover-main treatment
China / Hong Kong|Modern typography and layout|Wikimedia Commons|1850-1854,small_packet_standalone_or_sub_review,decide_if_standalone_normal_main_or_sub_under_nearby_packet,low,false,1,single_or_micro,mixed_manual_relation_review,low,China / Hong Kong,Modern typography and layout,Wikimedia Commons,1850-1854,1850-1850,1,1,0,0,1,0,SURF-CCT2026R01141,Stamp of China FrenchPO.jpg,-21.3,card_context_candidate,stamp_or_philatelic:postage; stamp_or_philatelic:stamp; commons_file_source,small packet may not need cover-main treatment
China / Hong Kong|Modern typography and layout|Wikimedia Commons|1870-1874,small_packet_standalone_or_sub_review,decide_if_standalone_normal_main_or_sub_under_nearby_packet,low,false,1,small,mixed_manual_relation_review,low,China / Hong Kong,Modern typography and layout,Wikimedia Commons,1870-1874,1874-1874,2,1,0,0,1,0,SURF-CCT2026R01240,Hong Kong 1874 telegraph stamp proof.jpg,-6.95,card_context_candidate,stamp_or_philatelic:postage; stamp_or_philatelic:stamp; stamp_or_philatelic:stamps; commons_file_source,small packet may not need cover-main treatment
China / Hong Kong|Modern typography and layout|Wikimedia Commons|1895-1899,small_packet_standalone_or_sub_review,decide_if_standalone_normal_main_or_sub_under_nearby_packet,low,true,1,small,mixed_manual_relation_review,low,China / Hong Kong,Modern typography and layout,Wikimedia Commons,1895-1899,1897-1897,3,1,0,1,0,0,SURF-CAW2026R00735,"Couverture pour 'Les Courtes Joies' (BM 1949,0411.3645).jpg",70.6,packet_member_review,commons_file_source,small packet may not need cover-main treatment
China / Hong Kong|Modern typography and layout|Wikimedia Commons|1905-1909,small_packet_standalone_or_sub_review,decide_if_standalone_normal_main_or_sub_under_nearby_packet,low,false,1,single_or_micro,mixed_manual_relation_review,low,China / Hong Kong,Modern typography and layout,Wikimedia Commons,1905-1909,1907-1907,1,1,0,0,1,0,SURF-CCT2026R01151,Stamp China French Office 4c Mouchon.png,-4.3,card_context_candidate,stamp_or_philatelic:postage; stamp_or_philatelic:stamp; stamp_or_philatelic:stamps; commons_file_source,small packet may not need cover-main treatment
China / Hong Kong|Modern typography and layout|Wikimedia Commons|1915-1919,small_packet_standalone_or_sub_review,decide_if_standalone_normal_main_or_sub_under_nearby_packet,low,false,1,single_or_micro,mixed_manual_relation_review,low,China / Hong Kong,Modern typography and layout,Wikimedia Commons,1915-1919,1916-1916,1,1,0,0,1,0,SURF-CAW2026R01229,ITA BesGebAu 1919 MiNr005 pm B002.jpg,1.7,card_context_candidate,stamp_or_philatelic:postage; stamp_or_philatelic:stamp; commons_file_source,small packet may not need cover-main treatment
China / Hong Kong|Modern typography and layout|Wikimedia Commons|1990-1994,small_packet_standalone_or_sub_review,decide_if_standalone_normal_main_or_sub_under_nearby_packet,low,false,1,single_or_micro,mixed_manual_relation_review,low,China / Hong Kong,Modern typography and layout,Wikimedia Commons,1990-1994,1994-1994,1,1,0,0,1,0,SURF-CCT2026R01187,"Stamps of Azerbaijan, 1998-506.jpg",-21.6,card_context_candidate,stamp_or_philatelic:postage; stamp_or_philatelic:stamp; stamp_or_philatelic:stamps; commons_file_source,small packet may not need cover-main treatment
China / Hong Kong|Travel and transport poster culture|Wellcome Collection|1955-1959,small_packet_standalone_or_sub_review,decide_if_standalone_normal_main_or_sub_under_nearby_packet,low,true,1,single_or_micro,mixed_manual_relation_review,low,China / Hong Kong,Travel and transport poster culture,Wellcome Collection,1955-1959,1957-1957,1,1,0,1,0,0,SURF-IR1970R052,"Prevention of traffic accidents in Shanxi province, China. Colour lithograph, 1957.",74.5,packet_member_review,,small packet may not need cover-main treatment
China / Hong Kong|Travel and transport poster culture|Wikimedia Commons|1930-1934,small_packet_standalone_or_sub_review,decide_if_standalone_normal_main_or_sub_under_nearby_packet,low,true,1,small,small_anchor_or_manual,low,China / Hong Kong,Travel and transport poster culture,Wikimedia Commons,1930-1934,1930-1930,2,1,0,0,0,0,SURF-CRG2026R0536,"Beauty and grandeur, the Yangtze gorges, travel poster, ca. 1930.jpg",96.35,manual_relation_review,commons_file_source,small packet may not need cover-main treatment
China / Hong Kong|Travel and transport poster culture|Wikimedia Commons|1945-1949,small_packet_standalone_or_sub_review,decide_if_standalone_normal_main_or_sub_under_nearby_packet,low,false,1,single_or_micro,mixed_manual_relation_review,low,China / Hong Kong,Travel and transport poster culture,Wikimedia Commons,1945-1949,1947-1947,1,1,0,0,1,0,SURF-CAW2026R02206,Us airmail stamp C36.jpg,-18.9,card_context_candidate,stamp_or_philatelic:postage; stamp_or_philatelic:stamp; commons_file_source,small packet may not need cover-main treatment
China / Hong Kong|Travel and transport poster culture|Wikimedia Commons|1960-1964,small_packet_standalone_or_sub_review,decide_if_standalone_normal_main_or_sub_under_nearby_packet,low,false,1,single_or_micro,mixed_manual_relation_review,low,China / Hong Kong,Travel and transport poster culture,Wikimedia Commons,1960-1964,1960-1960,1,1,0,0,1,0,SURF-CAW2026R02575,IDN 1960 MiNr0270 mt B002.jpg,1.7,card_context_candidate,stamp_or_philatelic:postage; stamp_or_philatelic:stamp; commons_file_source,small packet may not need cover-main treatment
China / Hong Kong|Travel and transport poster culture|Wikimedia Commons|2000-2004,small_packet_standalone_or_sub_review,decide_if_standalone_normal_main_or_sub_under_nearby_packet,low,true,1,single_or_micro,small_anchor_or_manual,low,China / Hong Kong,Travel and transport poster culture,Wikimedia Commons,2000-2004,2002-2002,1,1,0,0,0,0,SURF-CAW2026R03461,Citybus Hong Kong to Vancouver!.jpg,92.8,manual_relation_review,commons_file_source,small packet may not need cover-main treatment
China / Hong Kong|Travel and transport poster culture|Wikimedia Commons|2005-2009,small_packet_standalone_or_sub_review,decide_if_standalone_normal_main_or_sub_under_nearby_packet,low,true,1,single_or_micro,small_anchor_or_manual,low,China / Hong Kong,Travel and transport poster culture,Wikimedia Commons,2005-2009,2006-2006,1,1,0,0,0,0,SURF-CAW2026R03543,Hawkins-GrandWaterfront.jpg,93.2,manual_relation_review,commons_file_source,small packet may not need cover-main treatment
China / Hong Kong|World War and public-information graphics|Chinese Posters|1955-1959,small_packet_standalone_or_sub_review,decide_if_standalone_normal_main_or_sub_under_nearby_packet,low,false,1,single_or_micro,mixed_manual_relation_review,low,China / Hong Kong,World War and public-information graphics,Chinese Posters,1955-1959,1955-1955,1,1,0,1,0,0,SURF-MX1970R055-GROUP,"Chinese Posters grouped records, 1950-1955",50.45,sub_under_packet_candidate,,small packet may not need cover-main treatment
China / Hong Kong|World War and public-information graphics|Wikimedia Commons|1910-1914,small_packet_standalone_or_sub_review,decide_if_standalone_normal_main_or_sub_under_nearby_packet,low,true,1,small,mixed_manual_relation_review,low,China / Hong Kong,World War and public-information graphics,Wikimedia Commons,1910-1914,1912-1912,2,1,0,1,0,0,SURF-CGS2026R0002,Kwang-jeou Hu-man courageous battle poster.jpg,72.65,packet_member_review,commons_file_source,small packet may not need cover-main treatment
China / Hong Kong|World War and public-information graphics|Wikimedia Commons|1915-1919,small_packet_standalone_or_sub_review,decide_if_standalone_normal_main_or_sub_under_nearby_packet,low,true,1,single_or_micro,small_anchor_or_manual,low,China / Hong Kong,World War and public-information graphics,Wikimedia Commons,1915-1919,1919-1919,1,1,0,0,0,0,SURF-CRB2026V3R00023,WhiteArmyPropagandaPosterOfTrotsky.jpg,92.0,manual_relation_review,commons_file_source,small packet may not need cover-main treatment
China / Hong Kong|World War and public-information graphics|Wikimedia Commons|1995-1999,small_packet_standalone_or_sub_review,decide_if_standalone_normal_main_or_sub_under_nearby_packet,low,false,1,small,mixed_manual_relation_review,low,China / Hong Kong,World War and public-information graphics,Wikimedia Commons,1995-1999,1996-1996,2,1,0,1,0,0,SURF-PWC2026R015,1940 Chinese Propaganda Poster Depicting the Collapse of the KMT–CCP United Front and the Merger of the Provisional and Reformed Governments.jpg,60.65,packet_member_review,commons_file_source,small packet may not need cover-main treatment
China / Hong Kong|World War and public-information graphics|Wikimedia Commons|2015-2019,small_packet_standalone_or_sub_review,decide_if_standalone_normal_main_or_sub_under_nearby_packet,low,true,1,single_or_micro,small_anchor_or_manual,low,China / Hong Kong,World War and public-information graphics,Wikimedia Commons,2015-2019,2015-2015,1,1,0,0,0,0,SURF-CAW2026R04003,Repatriation of Chinese Soldiers Remains 09 (16830616111).jpg,94.8,manual_relation_review,commons_file_source,small packet may not need cover-main treatment
Colombia|Modern typography and layout|Wikimedia Commons|1850-1854,small_packet_standalone_or_sub_review,decide_if_standalone_normal_main_or_sub_under_nearby_packet,low,false,1,small,mixed_manual_relation_review,low,Colombia,Modern typography and layout,Wikimedia Commons,1850-1854,1850-1850,2,1,0,0,1,0,SURF-CCT2026R02315,Colombia 1889-90 revenue stamps.JPG,-4.15,card_context_candidate,stamp_or_philatelic:postage; stamp_or_philatelic:stamp; stamp_or_philatelic:stamps; commons_file_source,small packet may not need cover-main treatment
Colombia|Modern typography and layout|Wikimedia Commons|1855-1859,small_packet_standalone_or_sub_review,decide_if_standalone_normal_main_or_sub_under_nearby_packet,low,false,1,small,mixed_manual_relation_review,low,Colombia,Modern typography and layout,Wikimedia Commons,1855-1859,1858-1858,2,1,0,0,1,0,SURF-CGS2026R0765,Colombia 1858-59 F1.jpg,-0.85,card_context_candidate,stamp_or_philatelic:philatelic; stamp_or_philatelic:stamp; stamp_or_philatelic:stamps; commons_file_source,small packet may not need cover-main treatment
Colombia|Modern typography and layout|Wikimedia Commons|1860-1864,small_packet_standalone_or_sub_review,decide_if_standalone_normal_main_or_sub_under_nearby_packet,low,false,1,single_or_micro,mixed_manual_relation_review,low,Colombia,Modern typography and layout,Wikimedia Commons,1860-1864,1860-1860,1,1,0,0,1,0,SURF-CCT2026R02316,1860-1861 revenue stamp of Colombia.jpg,-29.0,card_context_candidate,stamp_or_philatelic:postage; stamp_or_philatelic:stamp; stamp_or_philatelic:stamps; commons_file_source,small packet may not need cover-main treatment
Colombia|Modern typography and layout|Wikimedia Commons|1865-1869,small_packet_standalone_or_sub_review,decide_if_standalone_normal_main_or_sub_under_nearby_packet,low,false,1,small,mixed_manual_relation_review,low,Colombia,Modern typography and layout,Wikimedia Commons,1865-1869,1865-1865,4,1,0,0,1,0,SURF-CGS2026R0766,Colombia 1865 ScF1 used in Medellin.jpg,-10.75,card_context_candidate,stamp_or_philatelic:stamp; stamp_or_philatelic:stamps; commons_file_source,small packet may not need cover-main treatment
Colombia|Modern typography and layout|Wikimedia Commons|1870-1874,small_packet_standalone_or_sub_review,decide_if_standalone_normal_main_or_sub_under_nearby_packet,low,false,1,single_or_micro,mixed_manual_relation_review,low,Colombia,Modern typography and layout,Wikimedia Commons,1870-1874,1870-1870,1,1,0,0,1,0,SURF-CGS2026R0769,1870 10c EU de Colombia penCucuta Yv52.jpg,0.2,card_context_candidate,stamp_or_philatelic:stamp; stamp_or_philatelic:stamps; commons_file_source,small packet may not need cover-main treatment
Colombia|Modern typography and layout|Wikimedia Commons|1875-1879,small_packet_standalone_or_sub_review,decide_if_standalone_normal_main_or_sub_under_nearby_packet,low,false,1,single_or_micro,mixed_manual_relation_review,low,Colombia,Modern typography and layout,Wikimedia Commons,1875-1879,1878-1878,1,1,0,0,1,0,SURF-CGS2026R0770,1878 10c EU de Tolima Tolima Mi8y.jpg,-14.4,card_context_candidate,stamp_or_philatelic:stamp; stamp_or_philatelic:stamps; commons_file_source,small packet may not need cover-main treatment
Colombia|Modern typography and layout|Wikimedia Commons|1915-1919,small_packet_standalone_or_sub_review,decide_if_standalone_normal_main_or_sub_under_nearby_packet,low,false,1,single_or_micro,mixed_manual_relation_review,low,Colombia,Modern typography and layout,Wikimedia Commons,1915-1919,1916-1916,1,1,0,0,1,0,SURF-CCT2026R02340,1c Colombia specimen revenue stamp.jpg,-14.1,card_context_candidate,stamp_or_philatelic:postage; stamp_or_philatelic:stamp; stamp_or_philatelic:stamps; non_design_drift:specimen; commons_file_source,small packet may not need cover-main treatment
Colombia|Modern typography and layout|Wikimedia Commons|1930-1934,small_packet_standalone_or_sub_review,decide_if_standalone_normal_main_or_sub_under_nearby_packet,low,false,1,single_or_micro,mixed_manual_relation_review,low,Colombia,Modern typography and layout,Wikimedia Commons,1930-1934,1932-1932,1,1,0,0,1,0,SURF-CGS2026R0841,Stamp of Sarawak - 1933 - Colnect 885735 - Issue of 1932 Overprinted - Telegraph - and Bar.jpeg,-0.3,card_context_candidate,stamp_or_philatelic:stamp; stamp_or_philatelic:stamps; commons_file_source,small packet may not need cover-main treatment
Colombia|Modern typography and layout|Wikimedia Commons|1935-1939,small_packet_standalone_or_sub_review,decide_if_standalone_normal_main_or_sub_under_nearby_packet,low,false,1,small,mixed_manual_relation_review,low,Colombia,Modern typography and layout,Wikimedia Commons,1935-1939,1939-1939,2,1,0,0,1,0,SURF-CCT2026R02341,Colombia-1939-coffee stamp.jpg,-4.15,card_context_candidate,stamp_or_philatelic:postage; stamp_or_philatelic:stamp; stamp_or_philatelic:stamps; commons_file_source,small packet may not need cover-main treatment
Colombia|Modern typography and layout|Wikimedia Commons|2020-2024,small_packet_standalone_or_sub_review,decide_if_standalone_normal_main_or_sub_under_nearby_packet,low,true,1,small,mixed_manual_relation_review,low,Colombia,Modern typography and layout,Wikimedia Commons,2020-2024,2024-2024,4,1,0,0,0,0,SURF-CGS2026R0885,Era oculta Hidden Era.png,95.45,manual_relation_review,commons_file_source,small packet may not need cover-main treatment
Colombia|Travel and transport poster culture|Wikimedia Commons|1955-1959,small_packet_standalone_or_sub_review,decide_if_standalone_normal_main_or_sub_under_nearby_packet,low,false,1,single_or_micro,mixed_manual_relation_review,low,Colombia,Travel and transport poster culture,Wikimedia Commons,1955-1959,1958-1958,1,1,0,0,1,0,SURF-CGS2026R0860,Colombia.1958.003c.Columbus Lighthouse.jpg,-14.8,card_context_candidate,stamp_or_philatelic:stamp; commons_file_source,small packet may not need cover-main treatment
Colombia|World War and public-information graphics|Wikimedia Commons|1900-1904,small_packet_standalone_or_sub_review,decide_if_standalone_normal_main_or_sub_under_nearby_packet,low,false,1,single_or_micro,mixed_manual_relation_review,low,Colombia,World War and public-information graphics,Wikimedia Commons,1900-1904,1903-1903,1,1,0,0,1,0,SURF-CGS2026R0836,Stamp of Patiala - 1903 - Colnect 614847 - King Edward VII.jpeg,-1.7,card_context_candidate,stamp_or_philatelic:stamp; stamp_or_philatelic:stamps; commons_file_source,small packet may not need cover-main treatment
Croatia|Modern typography and layout|Wikimedia Commons|1850-1854,small_packet_standalone_or_sub_review,decide_if_standalone_normal_main_or_sub_under_nearby_packet,low,false,1,single_or_micro,mixed_manual_relation_review,low,Croatia,Modern typography and layout,Wikimedia Commons,1850-1854,1854-1854,1,1,0,0,1,0,SURF-CAW2026R00208,Austria 1854 IIIa NTZL.jpg,-15.5,card_context_candidate,stamp_or_philatelic:postage; stamp_or_philatelic:stamp; commons_file_source,small packet may not need cover-main treatment
Croatia|Modern typography and layout|Wikimedia Commons|1955-1959,small_packet_standalone_or_sub_review,decide_if_standalone_normal_main_or_sub_under_nearby_packet,low,false,1,single_or_micro,mixed_manual_relation_review,low,Croatia,Modern typography and layout,Wikimedia Commons,1955-1959,1957-1957,1,1,0,0,1,0,SURF-CAW2026R02523,Striped hyena first day cover 1957.png,-16.9,card_context_candidate,stamp_or_philatelic:postage; stamp_or_philatelic:stamp; commons_file_source,small packet may not need cover-main treatment
Croatia|Modern typography and layout|Wikimedia Commons|1960-1964,small_packet_standalone_or_sub_review,decide_if_standalone_normal_main_or_sub_under_nearby_packet,low,true,1,small,small_anchor_or_manual,low,Croatia,Modern typography and layout,Wikimedia Commons,1960-1964,1960-1960,2,1,0,0,0,0,SURF-CCT2026R01512,ŠALJIVI PROGRAM PERE DJETLIĆA.png,94.05,manual_relation_review,commons_file_source,small packet may not need cover-main treatment
Croatia|Modern typography and layout|Wikimedia Commons|2005-2009,small_packet_standalone_or_sub_review,decide_if_standalone_normal_main_or_sub_under_nearby_packet,low,true,1,small,small_anchor_or_manual,low,Croatia,Modern typography and layout,Wikimedia Commons,2005-2009,2007-2007,2,1,0,0,0,0,SURF-CCT2026R01515,Vrbovec1740.jpg,91.85,manual_relation_review,commons_file_source,small packet may not need cover-main treatment
Democratic Republic of the Congo|Corporate identity and design systems|Wikimedia Commons|1900-1904,small_packet_standalone_or_sub_review,decide_if_standalone_normal_main_or_sub_under_nearby_packet,low,true,1,single_or_micro,small_anchor_or_manual,low,Democratic Republic of the Congo,Corporate identity and design systems,Wikimedia Commons,1900-1904,1900-1900,1,1,0,0,0,0,SURF-CAW2026R00784,Brooklyn Museum 73.178 Bwoom Mask.jpg,97.1,manual_relation_review,commons_file_source,small packet may not need cover-main treatment
Democratic Republic of the Congo|Corporate identity and design systems|Wikimedia Commons|2000-2004,small_packet_standalone_or_sub_review,decide_if_standalone_normal_main_or_sub_under_nearby_packet,low,true,1,single_or_micro,small_anchor_or_manual,low,Democratic Republic of the Congo,Corporate identity and design systems,Wikimedia Commons,2000-2004,2000-2000,1,1,0,0,0,0,SURF-CAW2026R03417,Book of Mormon - Igbo.jpg,90.2,manual_relation_review,commons_file_source,small packet may not need cover-main treatment
Democratic Republic of the Congo|Modern typography and layout|Wikimedia Commons|1920-1924,small_packet_standalone_or_sub_review,decide_if_standalone_normal_main_or_sub_under_nearby_packet,low,true,1,small,mixed_manual_relation_review,low,Democratic Republic of the Congo,Modern typography and layout,Wikimedia Commons,1920-1924,1922-1922,2,1,0,1,0,0,SURF-CAW2026R01493,Ciments du Katanga adverisement 1922.png,73.75,packet_member_review,commons_file_source,small packet may not need cover-main treatment
Democratic Republic of the Congo|Modern typography and layout|Wikimedia Commons|2000-2004,small_packet_standalone_or_sub_review,decide_if_standalone_normal_main_or_sub_under_nearby_packet,low,true,1,single_or_micro,mixed_manual_relation_review,low,Democratic Republic of the Congo,Modern typography and layout,Wikimedia Commons,2000-2004,2002-2002,1,1,0,1,0,0,SURF-CAW2026R03456,20190205 tervuren africa museum165.jpg,72.8,packet_member_review,commons_file_source,small packet may not need cover-main treatment
Democratic Republic of the Congo|Modern typography and layout|Wikimedia Commons|2015-2019,small_packet_standalone_or_sub_review,decide_if_standalone_normal_main_or_sub_under_nearby_packet,low,true,1,single_or_micro,small_anchor_or_manual,low,Democratic Republic of the Congo,Modern typography and layout,Wikimedia Commons,2015-2019,2019-2019,1,1,0,0,0,0,SURF-CAW2026R04344,Africell - Black Santa - DRC (49268350383).jpg,93.8,manual_relation_review,commons_file_source,small packet may not need cover-main treatment
Democratic Republic of the Congo|World War and public-information graphics|Wikimedia Commons|1900-1904,small_packet_standalone_or_sub_review,decide_if_standalone_normal_main_or_sub_under_nearby_packet,low,true,1,single_or_micro,mixed_manual_relation_review,low,Democratic Republic of the Congo,World War and public-information graphics,Wikimedia Commons,1900-1904,1900-1900,1,1,0,1,0,0,SURF-CAW2026R00785,"Central Africa, Republic of the Congo, Kongo people - Figurine - 2010.441 - Cleveland Museum of Art.tif",71.6,packet_member_review,commons_file_source,small packet may not need cover-main treatment
Egypt|Modern typography and layout|Wikimedia Commons|1865-1869,small_packet_standalone_or_sub_review,decide_if_standalone_normal_main_or_sub_under_nearby_packet,low,false,1,single_or_micro,mixed_manual_relation_review,low,Egypt,Modern typography and layout,Wikimedia Commons,1865-1869,1866-1866,1,1,0,0,1,0,SURF-CAW2026R00304,Egypt 1866 2pia SG5a on fragment.jpg,-22.2,card_context_candidate,stamp_or_philatelic:postage; stamp_or_philatelic:stamp; commons_file_source,small packet may not need cover-main treatment
Egypt|Modern typography and layout|Wikimedia Commons|1885-1889,small_packet_standalone_or_sub_review,decide_if_standalone_normal_main_or_sub_under_nearby_packet,low,false,1,small,mixed_manual_relation_review,low,Egypt,Modern typography and layout,Wikimedia Commons,1885-1889,1888-1888,2,1,0,0,1,0,SURF-CAW2026R00560,1888issue 5m Egypte AHALLA Yv41 Mi38a.jpg,-16.75,card_context_candidate,stamp_or_philatelic:postage; stamp_or_philatelic:stamp; stamp_or_philatelic:stamps; commons_file_source,small packet may not need cover-main treatment
Egypt|Modern typography and layout|Wikimedia Commons|1900-1904,small_packet_standalone_or_sub_review,decide_if_standalone_normal_main_or_sub_under_nearby_packet,low,false,1,single_or_micro,mixed_manual_relation_review,low,Egypt,Modern typography and layout,Wikimedia Commons,1900-1904,1902-1902,1,1,0,0,1,0,SURF-CCT2026R00332,Stamp French PO Alexandria 1902 50c.jpg,-2.8,card_context_candidate,stamp_or_philatelic:postage; stamp_or_philatelic:stamp; stamp_or_philatelic:stamps; commons_file_source,small packet may not need cover-main treatment
Egypt|World War and public-information graphics|Wikimedia Commons|1955-1959,small_packet_standalone_or_sub_review,decide_if_standalone_normal_main_or_sub_under_nearby_packet,low,false,1,single_or_micro,mixed_manual_relation_review,low,Egypt,World War and public-information graphics,Wikimedia Commons,1955-1959,1956-1956,1,1,0,0,1,0,SURF-CRG2026R1542,Nasser leaflet 1956.jpg,-11.9,card_context_candidate,stamp_or_philatelic:postage; stamp_or_philatelic:stamp; commons_file_source,small packet may not need cover-main treatment
Estonia|Modern typography and layout|Wikimedia Commons|1920-1924,small_packet_standalone_or_sub_review,decide_if_standalone_normal_main_or_sub_under_nearby_packet,low,false,1,single_or_micro,mixed_manual_relation_review,low,Estonia,Modern typography and layout,Wikimedia Commons,1920-1924,1923-1923,1,1,0,0,1,0,SURF-CAW2026R01517,StampEstonia1923Michel43B.jpg,1.9,card_context_candidate,stamp_or_philatelic:postage; stamp_or_philatelic:stamp; commons_file_source,small packet may not need cover-main treatment
Ethiopia|Corporate identity and design systems|Wikimedia Commons|1930-1934,small_packet_standalone_or_sub_review,decide_if_standalone_normal_main_or_sub_under_nearby_packet,low,true,1,single_or_micro,mixed_manual_relation_review,low,Ethiopia,Corporate identity and design systems,Wikimedia Commons,1930-1934,1930-1930,1,1,0,1,0,0,SURF-CAW2026R01639,"Adolf Hitler's Own Book Mein Kampf, p. 30 image.tif",75.0,packet_member_review,commons_file_source,small packet may not need cover-main treatment
Ethiopia|Corporate identity and design systems|Wikimedia Commons|2020-2024,small_packet_standalone_or_sub_review,decide_if_standalone_normal_main_or_sub_under_nearby_packet,low,true,1,single_or_micro,small_anchor_or_manual,low,Ethiopia,Corporate identity and design systems,Wikimedia Commons,2020-2024,2023-2023,1,1,0,0,0,0,SURF-CAW2026R04730,"Rembrandt, The Baptism of the Eunuch, 1626, Museum Catharijneconvent, Utrecht.jpg",93.8,manual_relation_review,commons_file_source,small packet may not need cover-main treatment
Ethiopia|Modern typography and layout|Wikimedia Commons|1840-1844,small_packet_standalone_or_sub_review,decide_if_standalone_normal_main_or_sub_under_nearby_packet,low,true,1,single_or_micro,small_anchor_or_manual,low,Ethiopia,Modern typography and layout,Wikimedia Commons,1840-1844,1840-1840,1,1,0,0,0,0,SURF-CAW2026R00126,Fourteenth appearance in this country of the celebrated New Orleans Ethiopian Serenaders LCCN2014635580.jpg,95.0,manual_relation_review,commons_file_source,small packet may not need cover-main treatment
Ethiopia|Modern typography and layout|Wikimedia Commons|1845-1849,small_packet_standalone_or_sub_review,decide_if_standalone_normal_main_or_sub_under_nearby_packet,low,true,1,single_or_micro,mixed_manual_relation_review,low,Ethiopia,Modern typography and layout,Wikimedia Commons,1845-1849,1847-1847,1,1,0,1,0,0,SURF-CAW2026R00152,Fourteenth appearance in this country of the celebrated New Orleans Ethiopian Serenaders LCCN2014635580.tif,73.0,packet_member_review,commons_file_source,small packet may not need cover-main treatment
Ethiopia|Modern typography and layout|Wikimedia Commons|1920-1924,small_packet_standalone_or_sub_review,decide_if_standalone_normal_main_or_sub_under_nearby_packet,low,true,1,single_or_micro,mixed_manual_relation_review,low,Ethiopia,Modern typography and layout,Wikimedia Commons,1920-1924,1920-1920,1,1,0,1,0,0,SURF-CAW2026R01398,Abdul Qadir al-Rassam - River Scene on the Banks of the Tigris - Google Art Project.jpg,68.8,packet_member_review,commons_file_source,small packet may not need cover-main treatment
Ethiopia|World War and public-information graphics|Wikimedia Commons|1900-1904,small_packet_standalone_or_sub_review,decide_if_standalone_normal_main_or_sub_under_nearby_packet,low,true,1,single_or_micro,small_anchor_or_manual,low,Ethiopia,World War and public-information graphics,Wikimedia Commons,1900-1904,1900-1900,1,1,0,0,0,0,SURF-CAW2026R00786,"Exposition universelle de Paris, 1900.jpg",95.0,manual_relation_review,commons_file_source,small packet may not need cover-main treatment
Ethiopia|World War and public-information graphics|Wikimedia Commons|2015-2019,small_packet_standalone_or_sub_review,decide_if_standalone_normal_main_or_sub_under_nearby_packet,low,true,1,single_or_micro,mixed_manual_relation_review,low,Ethiopia,World War and public-information graphics,Wikimedia Commons,2015-2019,2019-2019,1,1,0,1,0,0,SURF-CAW2026R04345,"""THE UNITED NATIONS FIGHT FOR FREEDOM"" - ""OWI Poster No. 19. Additional copies may be obtained upon request from the Division of Public Inquires, Office of War Information, Washington, D. C.""- 49651767253 1286311f19 o.jpg",70.6,packet_member_review,commons_file_source,small packet may not need cover-main treatment
Fiji|Modern typography and layout|Wikimedia Commons|1950-1954,small_packet_standalone_or_sub_review,decide_if_standalone_normal_main_or_sub_under_nearby_packet,low,false,1,single_or_micro,mixed_manual_relation_review,low,Fiji,Modern typography and layout,Wikimedia Commons,1950-1954,1950-1950,1,1,0,0,1,0,SURF-CCT2026R03560,Stamp Fiji 1959 2 6 Nadi Airport.jpg,-7.3,card_context_candidate,stamp_or_philatelic:philatelic; stamp_or_philatelic:postage; stamp_or_philatelic:stamp; stamp_or_philatelic:stamps; commons_file_source,small packet may not need cover-main treatment
Fiji|Modern typography and layout|Wikimedia Commons|1965-1969,small_packet_standalone_or_sub_review,decide_if_standalone_normal_main_or_sub_under_nearby_packet,low,false,1,single_or_micro,mixed_manual_relation_review,low,Fiji,Modern typography and layout,Wikimedia Commons,1965-1969,1966-1966,1,1,0,0,1,0,SURF-CAW2026R02710,Stamp of Rwanda - 1966 - Colnect 366551 - Myamilanga falls.jpeg,-4.1,card_context_candidate,stamp_or_philatelic:postage; stamp_or_philatelic:stamp; stamp_or_philatelic:stamps; commons_file_source,small packet may not need cover-main treatment
Fiji|Modern typography and layout|Wikimedia Commons|1995-1999,small_packet_standalone_or_sub_review,decide_if_standalone_normal_main_or_sub_under_nearby_packet,low,true,1,single_or_micro,small_anchor_or_manual,low,Fiji,Modern typography and layout,Wikimedia Commons,1995-1999,1996-1996,1,1,0,0,0,0,SURF-CAW2026R03345,The Venetian (5779341737).jpg,93.8,manual_relation_review,commons_file_source,small packet may not need cover-main treatment
Fiji|World War and public-information graphics|Wikimedia Commons|1910-1914,small_packet_standalone_or_sub_review,decide_if_standalone_normal_main_or_sub_under_nearby_packet,low,false,1,single_or_micro,mixed_manual_relation_review,low,Fiji,World War and public-information graphics,Wikimedia Commons,1910-1914,1910-1910,1,1,0,0,1,0,SURF-CCT2026R03552,1910 stamp of fiji.jpg,-3.4,card_context_candidate,stamp_or_philatelic:postage; stamp_or_philatelic:stamp; stamp_or_philatelic:stamps; commons_file_source,small packet may not need cover-main treatment
France|Midcentury modern graphic communication|Art Institute of Chicago API|1890-1894,small_packet_standalone_or_sub_review,decide_if_standalone_normal_main_or_sub_under_nearby_packet,low,false,1,single_or_micro,mixed_manual_relation_review,low,France,Midcentury modern graphic communication,Art Institute of Chicago API,1890-1894,1891-1891,1,1,0,1,0,0,SURF-ER1830R043,"Moulin Rouge, La Goulue",63.7,packet_member_review,,small packet may not need cover-main treatment
France|Midcentury modern graphic communication|Cleveland Museum Open Access API|1895-1899,small_packet_standalone_or_sub_review,decide_if_standalone_normal_main_or_sub_under_nearby_packet,low,false,1,single_or_micro,mixed_manual_relation_review,low,France,Midcentury modern graphic communication,Cleveland Museum Open Access API,1895-1899,1897-1897,1,1,0,1,0,0,SURF-ER1830R056,Blind Man's Bluff,54.1,packet_member_review,,small packet may not need cover-main treatment
France|Midcentury modern graphic communication|Gallica / BnF APIs|1835-1839,small_packet_standalone_or_sub_review,decide_if_standalone_normal_main_or_sub_under_nearby_packet,low,false,1,single_or_micro,mixed_manual_relation_review,low,France,Midcentury modern graphic communication,Gallica / BnF APIs,1835-1839,1839-1839,1,1,0,1,0,0,SURF-GAX1970R004,"Journal spécial de la typographie, imprimerie, gravure, fonderie, papeterie et librairie",53.7,packet_member_review,,small packet may not need cover-main treatment
France|Midcentury modern graphic communication|Gallica / BnF APIs|1870-1874,small_packet_standalone_or_sub_review,decide_if_standalone_normal_main_or_sub_under_nearby_packet,low,false,1,small,mixed_manual_relation_review,low,France,Midcentury modern graphic communication,Gallica / BnF APIs,1870-1874,1874-1874,5,1,0,1,0,0,SURF-GAX1970R051,A tous mes confrères de la littérature et de la typographie / [signé Joseph Boulmier],46.5,packet_member_review,,small packet may not need cover-main treatment
France|Midcentury modern graphic communication|Gallica / BnF APIs|1875-1879,small_packet_standalone_or_sub_review,decide_if_standalone_normal_main_or_sub_under_nearby_packet,low,false,1,small,mixed_manual_relation_review,low,France,Midcentury modern graphic communication,Gallica / BnF APIs,1875-1879,1878-1878,2,1,0,1,0,0,SURF-GAX1970R054,"Réclame pour le jeu du congrès : [jeu de cartes, estampe]",52.75,packet_member_review,,small packet may not need cover-main treatment
France|Midcentury modern graphic communication|Wellcome Collection|1930-1934,small_packet_standalone_or_sub_review,decide_if_standalone_normal_main_or_sub_under_nearby_packet,low,true,1,single_or_micro,mixed_manual_relation_review,low,France,Midcentury modern graphic communication,Wellcome Collection,1930-1934,1933-1933,1,1,0,1,0,0,SURF-IR1970R004,"Tuberculosis patients lying on their beds in a crowded tuberculosis hospital; advertising a tombola in aid of tuberculosis sufferers in L'Hérault, France. Colour lithograph, ca. 1933.",68.0,packet_member_review,,small packet may not need cover-main treatment
France|Midcentury modern graphic communication|Wellcome Collection|1945-1949,small_packet_standalone_or_sub_review,decide_if_standalone_normal_main_or_sub_under_nearby_packet,low,false,1,single_or_micro,mixed_manual_relation_review,low,France,Midcentury modern graphic communication,Wellcome Collection,1945-1949,1949-1949,1,1,0,0,1,0,SURF-IR1970R034,"A radiologist conducting a chest x-ray of a young man in order to detect early signs of tuberculosis. Colour lithograph after A. Wilquin, 1949.",3.3,card_context_candidate,stamp_or_philatelic:stamp; stamp_or_philatelic:stamps,small packet may not need cover-main treatment
France|Midcentury modern graphic communication|Wellcome Collection|1950-1954,small_packet_standalone_or_sub_review,decide_if_standalone_normal_main_or_sub_under_nearby_packet,low,false,1,single_or_micro,mixed_manual_relation_review,low,France,Midcentury modern graphic communication,Wellcome Collection,1950-1954,1954-1954,1,1,0,0,1,0,SURF-IR1970R048,"A stamp showing Einar Holbøll; representing the need for contributions to help the tuberculous. Colour lithograph after R. Serres, 1954.",-13.8,card_context_candidate,stamp_or_philatelic:stamp,small packet may not need cover-main treatment
France|Midcentury modern graphic communication|Wikimedia Commons|1935-1939,small_packet_standalone_or_sub_review,decide_if_standalone_normal_main_or_sub_under_nearby_packet,low,false,1,single_or_micro,mixed_manual_relation_review,low,France,Midcentury modern graphic communication,Wikimedia Commons,1935-1939,1938-1938,1,1,0,1,0,0,SURF-COM1970R055,Affiche Teatro Pacini.png,62.9,packet_member_review,commons_file_source,small packet may not need cover-main treatment
France|Modern typography and layout|Art Institute of Chicago API|1890-1894,small_packet_standalone_or_sub_review,decide_if_standalone_normal_main_or_sub_under_nearby_packet,low,false,1,single_or_micro,mixed_manual_relation_review,low,France,Modern typography and layout,Art Institute of Chicago API,1890-1894,1892-1892,1,1,0,1,0,0,SURF-ER1830R045,Reine de Joie,64.0,packet_member_review,,small packet may not need cover-main treatment
France|Modern typography and layout|Gallica / BnF APIs|1950-1954,small_packet_standalone_or_sub_review,decide_if_standalone_normal_main_or_sub_under_nearby_packet,low,false,1,single_or_micro,mixed_manual_relation_review,low,France,Modern typography and layout,Gallica / BnF APIs,1950-1954,1953-1953,1,1,0,1,0,0,SURF-GAX1970R116,"Cinq siècles d'affiches illustrées françaises : exposition... Bibliothèque nationale, juillet-septembre 1953 / [catalogue par Jean Adhémar, Charles Pérussaux et Jacqueline Amingeat ; préface par Julien Cain]",55.2,packet_member_review,,small packet may not need cover-main treatment
France|Modern typography and layout|Internet Archive|1935-1939,small_packet_standalone_or_sub_review,decide_if_standalone_normal_main_or_sub_under_nearby_packet,low,false,1,single_or_micro,mixed_manual_relation_review,low,France,Modern typography and layout,Internet Archive,1935-1939,1939-1939,1,1,0,1,0,0,SURF-MX1970R042,How To Draw Comics And Commercial Art,64.7,packet_member_review,,small packet may not need cover-main treatment
France|Modern typography and layout|Wikimedia Commons|1905-1909,small_packet_standalone_or_sub_review,decide_if_standalone_normal_main_or_sub_under_nearby_packet,low,false,1,single_or_micro,mixed_manual_relation_review,low,France,Modern typography and layout,Wikimedia Commons,1905-1909,1905-1905,1,1,0,0,1,0,SURF-CAW2026R00976,Timbre Wallis et Futuna 1920 - 40 centimes.jpg,-2.8,card_context_candidate,stamp_or_philatelic:postage; stamp_or_philatelic:stamp; stamp_or_philatelic:stamps; commons_file_source,small packet may not need cover-main treatment
France|Modern typography and layout|Wikimedia Commons|1955-1959,small_packet_standalone_or_sub_review,decide_if_standalone_normal_main_or_sub_under_nearby_packet,low,false,1,single_or_micro,mixed_manual_relation_review,low,France,Modern typography and layout,Wikimedia Commons,1955-1959,1956-1956,1,1,0,0,1,0,SURF-CCT2026R00317,French Africa coffee stamp 1956.jpg,-12.3,card_context_candidate,stamp_or_philatelic:postage; stamp_or_philatelic:stamp; stamp_or_philatelic:stamps; commons_file_source,small packet may not need cover-main treatment
France|Modern typography and layout|Wikimedia Commons|1970-1974,small_packet_standalone_or_sub_review,decide_if_standalone_normal_main_or_sub_under_nearby_packet,low,false,1,small,mixed_manual_relation_review,low,France,Modern typography and layout,Wikimedia Commons,1970-1974,1971-1971,2,1,0,0,1,0,SURF-CRG2026R2070,Stamp of Ajman - 1971 - Colnect 499167 - Cuirassier Dragoon.jpeg,1.05,card_context_candidate,stamp_or_philatelic:stamp; stamp_or_philatelic:stamps; commons_file_source,small packet may not need cover-main treatment
France|Postwar exhibition and cultural posters|Cleveland Museum Open Access API|1895-1899,small_packet_standalone_or_sub_review,decide_if_standalone_normal_main_or_sub_under_nearby_packet,low,false,1,single_or_micro,mixed_manual_relation_review,low,France,Postwar exhibition and cultural posters,Cleveland Museum Open Access API,1895-1899,1895-1895,1,1,0,1,0,0,SURF-ER1830R051,May Milton,57.4,packet_member_review,,small packet may not need cover-main treatment
France|Public health and social communication|Wellcome Collection|1940-1944,small_packet_standalone_or_sub_review,decide_if_standalone_normal_main_or_sub_under_nearby_packet,low,false,1,single_or_micro,mixed_manual_relation_review,low,France,Public health and social communication,Wellcome Collection,1940-1944,1942-1942,1,1,0,1,0,0,SURF-IR1970R022,"A healthy boy, protected from tuberculosis by fresh air and exercise. Colour lithograph by André Wilquin, 1942.",64.7,packet_member_review,,small packet may not need cover-main treatment
France|Travel and transport poster culture|Cleveland Museum Open Access API|1875-1879,small_packet_standalone_or_sub_review,decide_if_standalone_normal_main_or_sub_under_nearby_packet,low,false,1,single_or_micro,mixed_manual_relation_review,low,France,Travel and transport poster culture,Cleveland Museum Open Access API,1875-1879,1875-1875,1,1,0,1,0,0,SURF-ER1830R013,Perched upon a Bust of Pallas,54.1,packet_member_review,,small packet may not need cover-main treatment
France|Travel and transport poster culture|Wikimedia Commons|1830-1834,small_packet_standalone_or_sub_review,decide_if_standalone_normal_main_or_sub_under_nearby_packet,low,true,1,single_or_micro,mixed_manual_relation_review,low,France,Travel and transport poster culture,Wikimedia Commons,1830-1834,1830-1830,1,1,0,1,0,0,SURF-CRG2026R0001,Paganini par David d'Angers (Angers) (14911656518).jpg,74.4,packet_member_review,commons_file_source,small packet may not need cover-main treatment
France|World War and public-information graphics|Art Institute of Chicago API|1915-1919,small_packet_standalone_or_sub_review,decide_if_standalone_normal_main_or_sub_under_nearby_packet,low,false,1,single_or_micro,mixed_manual_relation_review,low,France,World War and public-information graphics,Art Institute of Chicago API,1915-1919,1918-1918,1,1,0,1,0,0,SURF-ER1830R065,To the Amputees—Join the Workforce,61.2,packet_member_review,,small packet may not need cover-main treatment
France|World War and public-information graphics|Wikimedia Commons|1915-1919,small_packet_standalone_or_sub_review,decide_if_standalone_normal_main_or_sub_under_nearby_packet,low,true,1,small,small_anchor_or_manual,low,France,World War and public-information graphics,Wikimedia Commons,1915-1919,1915-1915,2,1,0,0,0,0,SURF-CAW2026R01205,"World War I recruiting poster for the ""B.W.I.R. The boys are doing splendidly in Egypt Mesopotamia France. Another Bahamas contingent will be sailing soon. Roll up men. Make it the best. God save the king"" - LCCN2003675299 (cropped).jpg",95.45,manual_relation_review,commons_file_source,small packet may not need cover-main treatment
France|World War and public-information graphics|Wikimedia Commons|1925-1929,small_packet_standalone_or_sub_review,decide_if_standalone_normal_main_or_sub_under_nearby_packet,low,false,1,single_or_micro,mixed_manual_relation_review,low,France,World War and public-information graphics,Wikimedia Commons,1925-1929,1928-1928,1,1,0,0,1,0,SURF-CAW2026R01616,Stamp 1928 France New Caledonia MiNr0137 mt B002.jpg,-6.1,card_context_candidate,stamp_or_philatelic:postage; stamp_or_philatelic:stamp; non_design_drift:bird; commons_file_source,small packet may not need cover-main treatment
France|World War and public-information graphics|Wikimedia Commons|1930-1934,small_packet_standalone_or_sub_review,decide_if_standalone_normal_main_or_sub_under_nearby_packet,low,false,1,single_or_micro,mixed_manual_relation_review,low,France,World War and public-information graphics,Wikimedia Commons,1930-1934,1930-1930,1,1,0,1,0,0,SURF-COM1970R028,Affiche souvenir des frères Ruellan.jpeg,64.1,packet_member_review,commons_file_source,small packet may not need cover-main treatment
France|World War and public-information graphics|Wikimedia Commons|1935-1939,small_packet_standalone_or_sub_review,decide_if_standalone_normal_main_or_sub_under_nearby_packet,low,true,1,single_or_micro,mixed_manual_relation_review,low,France,World War and public-information graphics,Wikimedia Commons,1935-1939,1939-1939,1,1,0,1,0,0,SURF-CRG2026R0910,102 Squadron Whitley aircrew in France WWII IWM C 837.jpg,76.8,packet_member_review,commons_file_source,small packet may not need cover-main treatment
Georgia|Midcentury modern graphic communication|Georgia State CONTENTdm|1945-1949,small_packet_standalone_or_sub_review,decide_if_standalone_normal_main_or_sub_under_nearby_packet,low,false,1,single_or_micro,mixed_manual_relation_review,low,Georgia,Midcentury modern graphic communication,Georgia State CONTENTdm,1945-1949,1949-1949,1,1,0,1,0,0,SURF-GSU1970R008,"Ross correspondence, ca 1940s",59.0,packet_member_review,,small packet may not need cover-main treatment
Georgia|Modern typography and layout|Georgia State CONTENTdm|1990-1994,small_packet_standalone_or_sub_review,decide_if_standalone_normal_main_or_sub_under_nearby_packet,low,false,1,single_or_micro,mixed_manual_relation_review,low,Georgia,Modern typography and layout,Georgia State CONTENTdm,1990-1994,1990-1990,1,1,0,1,0,0,SURF-GSU2026R005,"American Association of University Women scrapbook 3, 1965-1975 1990",59.3,packet_member_review,,small packet may not need cover-main treatment
Georgia|Modern typography and layout|Wikimedia Commons|1830-1834,small_packet_standalone_or_sub_review,decide_if_standalone_normal_main_or_sub_under_nearby_packet,low,true,1,single_or_micro,small_anchor_or_manual,low,Georgia,Modern typography and layout,Wikimedia Commons,1830-1834,1831-1831,1,1,0,0,0,0,SURF-CRB2026V2R0256,"Poster; theatre performance at Rotunda, London, 1831 Wellcome L0039148.jpg",95.9,manual_relation_review,commons_file_source,small packet may not need cover-main treatment
Georgia|Modern typography and layout|Wikimedia Commons|1910-1914,small_packet_standalone_or_sub_review,decide_if_standalone_normal_main_or_sub_under_nearby_packet,low,false,1,small,mixed_manual_relation_review,low,Georgia,Modern typography and layout,Wikimedia Commons,1910-1914,1914-1914,2,1,0,0,1,0,SURF-CRB2026V2R0270,Stamp of Abkhazia - 2001 - Colnect 1005776 - Sharakh Pachalija 1914-2000.jpeg,-4.15,card_context_candidate,stamp_or_philatelic:postage; stamp_or_philatelic:stamp; stamp_or_philatelic:stamps; commons_file_source,small packet may not need cover-main treatment
Georgia|Modern typography and layout|Wikimedia Commons|1920-1924,small_packet_standalone_or_sub_review,decide_if_standalone_normal_main_or_sub_under_nearby_packet,low,false,1,small,mixed_manual_relation_review,low,Georgia,Modern typography and layout,Wikimedia Commons,1920-1924,1923-1923,2,1,0,0,1,0,SURF-CAW2026R01519,"Transcaucasia 1923 CPA 15 stamp (oil derricks, mounts Ararat and Elbrus, rising sun, Soviet symbols - hammer and sickle, red star, star and crescent).jpg",-14.55,card_context_candidate,stamp_or_philatelic:postage; stamp_or_philatelic:stamp; stamp_or_philatelic:stamps; commons_file_source,small packet may not need cover-main treatment
Georgia|Modern typography and layout|Wikimedia Commons|1950-1954,small_packet_standalone_or_sub_review,decide_if_standalone_normal_main_or_sub_under_nearby_packet,low,true,1,single_or_micro,mixed_manual_relation_review,low,Georgia,Modern typography and layout,Wikimedia Commons,1950-1954,1950-1950,1,1,0,1,0,0,SURF-CRB2026V2R0274,"""Pastures For Habersham County"" brochures by S. C. Gunnels, county agent - DPLA - 61e5c0f2980eaf4b457ddd178e0fce34.jpg",74.4,packet_member_review,commons_file_source,small packet may not need cover-main treatment
Georgia|Modern typography and layout|Wikimedia Commons|1965-1969,small_packet_standalone_or_sub_review,decide_if_standalone_normal_main_or_sub_under_nearby_packet,low,false,1,small,mixed_manual_relation_review,low,Georgia,Modern typography and layout,Wikimedia Commons,1965-1969,1966-1966,2,1,0,0,1,0,SURF-CAW2026R02696,1966 CPA 3397.jpg,-4.15,card_context_candidate,stamp_or_philatelic:postage; stamp_or_philatelic:stamp; stamp_or_philatelic:stamps; commons_file_source,small packet may not need cover-main treatment
Georgia|Modern typography and layout|Wikimedia Commons|1980-1984,small_packet_standalone_or_sub_review,decide_if_standalone_normal_main_or_sub_under_nearby_packet,low,false,1,single_or_micro,mixed_manual_relation_review,low,Georgia,Modern typography and layout,Wikimedia Commons,1980-1984,1981-1981,1,1,0,0,1,0,SURF-CAW2026R03025,Brunswick Georgia 1981.jpg,-27.0,card_context_candidate,stamp_or_philatelic:postage; stamp_or_philatelic:stamp; non_design_drift:geological; commons_file_source,small packet may not need cover-main treatment
Georgia|Modern typography and layout|Wikimedia Commons|1990-1994,small_packet_standalone_or_sub_review,decide_if_standalone_normal_main_or_sub_under_nearby_packet,low,false,1,single_or_micro,mixed_manual_relation_review,low,Georgia,Modern typography and layout,Wikimedia Commons,1990-1994,1993-1993,1,1,0,0,1,0,SURF-CAW2026R03270,StampAbkhazia1993 8-9.jpg,-17.9,card_context_candidate,stamp_or_philatelic:postage; stamp_or_philatelic:stamp; commons_file_source,small packet may not need cover-main treatment
Georgia|Travel and transport poster culture|Georgia State CONTENTdm|1950-1954,small_packet_standalone_or_sub_review,decide_if_standalone_normal_main_or_sub_under_nearby_packet,low,false,1,single_or_micro,mixed_manual_relation_review,low,Georgia,Travel and transport poster culture,Georgia State CONTENTdm,1950-1954,1954-1954,1,1,0,1,0,0,SURF-GSU1970R016,Margaret Whiting scrapbook 3,59.0,packet_member_review,,small packet may not need cover-main treatment
Georgia|Travel and transport poster culture|Georgia State CONTENTdm|1985-1989,small_packet_standalone_or_sub_review,decide_if_standalone_normal_main_or_sub_under_nearby_packet,low,false,1,single_or_micro,mixed_manual_relation_review,low,Georgia,Travel and transport poster culture,Georgia State CONTENTdm,1985-1989,1989-1989,1,1,0,1,0,0,SURF-GSU2026R041,"TWU Express, 1989-06-30",51.5,packet_member_review,,small packet may not need cover-main treatment
Georgia|Travel and transport poster culture|Georgia State CONTENTdm|1995-1999,small_packet_standalone_or_sub_review,decide_if_standalone_normal_main_or_sub_under_nearby_packet,low,false,1,single_or_micro,mixed_manual_relation_review,low,Georgia,Travel and transport poster culture,Georgia State CONTENTdm,1995-1999,1995-1995,1,1,0,1,0,0,SURF-GSU2026R045,"Transit Times, 1995-04",59.3,packet_member_review,,small packet may not need cover-main treatment
Georgia|Travel and transport poster culture|Wikimedia Commons|1830-1834,small_packet_standalone_or_sub_review,decide_if_standalone_normal_main_or_sub_under_nearby_packet,low,true,1,single_or_micro,mixed_manual_relation_review,low,Georgia,Travel and transport poster culture,Wikimedia Commons,1830-1834,1830-1830,1,1,0,1,0,0,SURF-CRB2026V2R0255,Augusta Bridge drawing from 1836.png,76.0,packet_member_review,commons_file_source,small packet may not need cover-main treatment
Georgia|Travel and transport poster culture|Wikimedia Commons|1935-1939,small_packet_standalone_or_sub_review,decide_if_standalone_normal_main_or_sub_under_nearby_packet,low,true,1,single_or_micro,mixed_manual_relation_review,low,Georgia,Travel and transport poster culture,Wikimedia Commons,1935-1939,1938-1938,1,1,0,1,0,0,SURF-CAW2026R01873,Mitchemphoto.JPG,74.4,packet_member_review,commons_file_source,small packet may not need cover-main treatment
Georgia|World War and public-information graphics|Smithsonian|1860-1864,small_packet_standalone_or_sub_review,decide_if_standalone_normal_main_or_sub_under_nearby_packet,low,false,1,single_or_micro,mixed_manual_relation_review,low,Georgia,World War and public-information graphics,Smithsonian,1860-1864,1860-1860,1,1,0,1,0,0,SURF-SI1970R004,"Trade card for the slave dealers Blount & Dawson in Savannah, Georgia",63.8,packet_member_review,,small packet may not need cover-main treatment
Germany|Midcentury modern graphic communication|Wellcome Collection|1945-1949,small_packet_standalone_or_sub_review,decide_if_standalone_normal_main_or_sub_under_nearby_packet,low,false,1,single_or_micro,mixed_manual_relation_review,low,Germany,Midcentury modern graphic communication,Wellcome Collection,1945-1949,1947-1947,1,1,0,1,0,0,SURF-IR1970R030,"A radiograph of the chest; representing the need for early detection of pulmonary tuberculosis. Colour lithograph by G.C. Schulz, ca. 1947.",51.2,packet_member_review,,small packet may not need cover-main treatment
Germany|Midcentury modern graphic communication|Wikimedia Commons|1920-1924,small_packet_standalone_or_sub_review,decide_if_standalone_normal_main_or_sub_under_nearby_packet,low,true,1,single_or_micro,mixed_manual_relation_review,low,Germany,Midcentury modern graphic communication,Wikimedia Commons,1920-1924,1920-1920,1,1,0,1,0,0,SURF-COM1970R023,"Ludwig Hohlwein - Motoring in Germany, 1920s.jpg",74.9,packet_member_review,commons_file_source,small packet may not need cover-main treatment
Germany|Modern typography and layout|Wikimedia Commons|1875-1879,small_packet_standalone_or_sub_review,decide_if_standalone_normal_main_or_sub_under_nearby_packet,low,false,1,single_or_micro,mixed_manual_relation_review,low,Germany,Modern typography and layout,Wikimedia Commons,1875-1879,1879-1879,1,1,0,0,1,0,SURF-CAW2026R00366,Bosnien Hand.jpg,-10.5,card_context_candidate,stamp_or_philatelic:postage; stamp_or_philatelic:stamp; stamp_or_philatelic:stamps; commons_file_source,small packet may not need cover-main treatment
Germany|Modern typography and layout|Wikimedia Commons|1890-1894,small_packet_standalone_or_sub_review,decide_if_standalone_normal_main_or_sub_under_nearby_packet,low,false,1,single_or_micro,mixed_manual_relation_review,low,Germany,Modern typography and layout,Wikimedia Commons,1890-1894,1890-1890,1,1,0,0,1,0,SURF-CAW2026R00631,"Deutsches Reich Kaisl. Schutztruppen in Afrika (Militär-Informations-Tafeln No32 Carl Henckel, Mars Kunst-Verlag Dresden 1900) German Imperial Protection Troops in Africa Colonial military uniforms 1890s Commemorative poster print PD.jpg",13.7,card_context_candidate,stamp_or_philatelic:commemorative; commons_file_source,small packet may not need cover-main treatment
Germany|Modern typography and layout|Wikimedia Commons|1915-1919,small_packet_standalone_or_sub_review,decide_if_standalone_normal_main_or_sub_under_nearby_packet,low,false,1,single_or_micro,mixed_manual_relation_review,low,Germany,Modern typography and layout,Wikimedia Commons,1915-1919,1917-1917,1,1,0,0,1,0,SURF-CRG2026R0336,Stamp of Tanganyika - 1917 - Colnect 614383 - King George V 3 Cent GEA Overprint.jpeg,-17.6,card_context_candidate,stamp_or_philatelic:stamp; stamp_or_philatelic:stamps; commons_file_source,small packet may not need cover-main treatment
Germany|Modern typography and layout|Wikimedia Commons|1920-1924,small_packet_standalone_or_sub_review,decide_if_standalone_normal_main_or_sub_under_nearby_packet,low,true,1,single_or_micro,mixed_manual_relation_review,low,Germany,Modern typography and layout,Wikimedia Commons,1920-1924,1923-1923,1,1,0,1,0,0,SURF-CRG2026R0414,Flugblatt Deutsch-Sowjetisches Fußballspiel 1923.jpg,74.4,packet_member_review,commons_file_source,small packet may not need cover-main treatment
Germany|Modern typography and layout|Wikimedia Commons|1925-1929,small_packet_standalone_or_sub_review,decide_if_standalone_normal_main_or_sub_under_nearby_packet,low,false,1,small,mixed_manual_relation_review,low,Germany,Modern typography and layout,Wikimedia Commons,1925-1929,1928-1928,2,1,0,0,1,0,SURF-CRG2026R0511,Stamp of Ajman - 1969 - Colnect 781522 - Wolfgang Graf Berghe von Trips 1928-1961 Germany.jpeg,4.25,card_context_candidate,stamp_or_philatelic:stamp; stamp_or_philatelic:stamps; commons_file_source,small packet may not need cover-main treatment
Germany|Modern typography and layout|Wikimedia Commons|1950-1954,small_packet_standalone_or_sub_review,decide_if_standalone_normal_main_or_sub_under_nearby_packet,low,false,1,single_or_micro,mixed_manual_relation_review,low,Germany,Modern typography and layout,Wikimedia Commons,1950-1954,1954-1954,1,1,0,0,1,0,SURF-CRG2026R1525,Notopfer Berlin.Einschreben.jpg,-14.0,card_context_candidate,stamp_or_philatelic:stamp; stamp_or_philatelic:stamps; commons_file_source,small packet may not need cover-main treatment
Germany|Postwar exhibition and cultural posters|Wikimedia Commons|1940-1944,small_packet_standalone_or_sub_review,decide_if_standalone_normal_main_or_sub_under_nearby_packet,low,true,1,single_or_micro,mixed_manual_relation_review,low,Germany,Postwar exhibition and cultural posters,Wikimedia Commons,1940-1944,1940-1940,1,1,0,1,0,0,SURF-COM1970R068,Germany Zeppelin Poster (18857329643).jpg,74.8,packet_member_review,commons_file_source,small packet may not need cover-main treatment
Germany|Public health and social communication|Wellcome Collection|1970-1974,small_packet_standalone_or_sub_review,decide_if_standalone_normal_main_or_sub_under_nearby_packet,low,false,1,single_or_micro,mixed_manual_relation_review,low,Germany,Public health and social communication,Wellcome Collection,1970-1974,1970-1970,1,1,0,1,0,0,SURF-MX1970R014,"Tobacco: chemicals contained in its smoke and their effects on human health, especially the heart. Colour lithograph, 197- (?).",60.5,packet_member_review,,small packet may not need cover-main treatment
Germany|World War and public-information graphics|Art Institute of Chicago API|1940-1944,small_packet_standalone_or_sub_review,decide_if_standalone_normal_main_or_sub_under_nearby_packet,low,true,1,single_or_micro,mixed_manual_relation_review,low,Germany,World War and public-information graphics,Art Institute of Chicago API,1940-1944,1944-1944,1,1,0,1,0,0,SURF-MC1930R051,The Search for Human Resources in Germany,70.3,packet_member_review,,small packet may not need cover-main treatment
Germany|World War and public-information graphics|Cleveland Museum Open Access API|1920-1924,small_packet_standalone_or_sub_review,decide_if_standalone_normal_main_or_sub_under_nearby_packet,low,false,1,single_or_micro,mixed_manual_relation_review,low,Germany,World War and public-information graphics,Cleveland Museum Open Access API,1920-1924,1923-1923,1,1,0,1,0,0,SURF-ER1830R074,Merz 3 Portfolio: Plate 1,54.0,packet_member_review,,small packet may not need cover-main treatment
Germany|World War and public-information graphics|Wellcome Collection|1940-1944,small_packet_standalone_or_sub_review,decide_if_standalone_normal_main_or_sub_under_nearby_packet,low,false,1,single_or_micro,mixed_manual_relation_review,low,Germany,World War and public-information graphics,Wellcome Collection,1940-1944,1940-1940,1,1,0,1,0,0,SURF-IR1970R013,"A finger-wound being attacked by germs represented by German soldiers in World War II. Colour lithograph after P. Mendoza, 1940.",63.3,packet_member_review,,small packet may not need cover-main treatment
Germany|World War and public-information graphics|Wikimedia Commons|1890-1894,small_packet_standalone_or_sub_review,decide_if_standalone_normal_main_or_sub_under_nearby_packet,low,true,1,single_or_micro,mixed_manual_relation_review,low,Germany,World War and public-information graphics,Wikimedia Commons,1890-1894,1892-1892,1,1,0,1,0,0,SURF-CRG2026R0133,"3 1 0 17 12960 3 1 45940 Trial against Nazis Gregor Strasser, Wilhelm F. Stegmann, Fritz Weitzel, Edmund Heines Berlin May 1932 defendants bench in Criminal court Narodowe Archiwum Cyfrowe szukajwarchiwach.gov.pl Public d.jpg",74.4,packet_member_review,commons_file_source,small packet may not need cover-main treatment
Germany|World War and public-information graphics|Wikimedia Commons|1945-1949,small_packet_standalone_or_sub_review,decide_if_standalone_normal_main_or_sub_under_nearby_packet,low,true,1,single_or_micro,mixed_manual_relation_review,low,Germany,World War and public-information graphics,Wikimedia Commons,1945-1949,1945-1945,1,1,0,1,0,0,SURF-CRG2026R1252,Wellington loaded with propaganda leaflets for dropping on Germany circa Jan 1945 AWM SUK13691.jpg,71.0,packet_member_review,commons_file_source,small packet may not need cover-main treatment
Ghana|Modern typography and layout|Wikimedia Commons|1850-1854,small_packet_standalone_or_sub_review,decide_if_standalone_normal_main_or_sub_under_nearby_packet,low,true,1,small,small_anchor_or_manual,low,Ghana,Modern typography and layout,Wikimedia Commons,1850-1854,1850-1850,2,1,0,0,0,0,SURF-CAW2026R00163,"Guinea Coast, Ghana, Asante people, 19th century - Jewelry - 1935.310 - Cleveland Museum of Art.tif",94.25,manual_relation_review,commons_file_source,small packet may not need cover-main treatment
Ghana|Modern typography and layout|Wikimedia Commons|1870-1874,small_packet_standalone_or_sub_review,decide_if_standalone_normal_main_or_sub_under_nearby_packet,low,false,1,single_or_micro,mixed_manual_relation_review,low,Ghana,Modern typography and layout,Wikimedia Commons,1870-1874,1874-1874,1,1,0,0,1,0,SURF-CAW2026R00333,The postal services of the Gold Coast to 1901.jpg,-4.3,card_context_candidate,stamp_or_philatelic:philatelic; stamp_or_philatelic:postage; stamp_or_philatelic:stamp; stamp_or_philatelic:stamps; commons_file_source,small packet may not need cover-main treatment
Ghana|Modern typography and layout|Wikimedia Commons|1880-1884,small_packet_standalone_or_sub_review,decide_if_standalone_normal_main_or_sub_under_nearby_packet,low,false,1,single_or_micro,mixed_manual_relation_review,low,Ghana,Modern typography and layout,Wikimedia Commons,1880-1884,1884-1884,1,1,0,0,1,0,SURF-CCE2026R00061,1893 2half Gold Coast Akropong Yv15 SG14.jpg,-12.1,card_context_candidate,stamp_or_philatelic:postage; stamp_or_philatelic:stamp; stamp_or_philatelic:stamps; commons_file_source,small packet may not need cover-main treatment
Ghana|Modern typography and layout|Wikimedia Commons|1965-1969,small_packet_standalone_or_sub_review,decide_if_standalone_normal_main_or_sub_under_nearby_packet,low,false,1,single_or_micro,mixed_manual_relation_review,low,Ghana,Modern typography and layout,Wikimedia Commons,1965-1969,1968-1968,1,1,0,0,1,0,SURF-CCT2026R00380,"Before email 4 Air letter from Saltpond, Ghana to Kabala, Sierra Leone (West Africa) January 1968 (3703187062).jpg",-4.6,card_context_candidate,stamp_or_philatelic:postage; stamp_or_philatelic:stamp; stamp_or_philatelic:stamps; commons_file_source,small packet may not need cover-main treatment
Ghana|World War and public-information graphics|Wikimedia Commons|1900-1904,small_packet_standalone_or_sub_review,decide_if_standalone_normal_main_or_sub_under_nearby_packet,low,true,1,single_or_micro,small_anchor_or_manual,low,Ghana,World War and public-information graphics,Wikimedia Commons,1900-1904,1903-1903,1,1,0,0,0,0,SURF-CAW2026R00917,"Elderslie Estate (Young's Paddock) Southport Parish of Nerang County of Ward to be sold by auction by WC Welsh, 1903.jpg",95.0,manual_relation_review,commons_file_source,small packet may not need cover-main treatment
Ghana|World War and public-information graphics|Wikimedia Commons|1945-1949,small_packet_standalone_or_sub_review,decide_if_standalone_normal_main_or_sub_under_nearby_packet,low,false,1,single_or_micro,mixed_manual_relation_review,low,Ghana,World War and public-information graphics,Wikimedia Commons,1945-1949,1948-1948,1,1,0,0,1,0,SURF-CCE2026R00529,Gold Coast Edward im Oval 1948 3d Nsuta-Mine.jpg,-4.6,card_context_candidate,stamp_or_philatelic:postage; stamp_or_philatelic:stamp; stamp_or_philatelic:stamps; commons_file_source,small packet may not need cover-main treatment
Ghana|World War and public-information graphics|Wikimedia Commons|2015-2019,small_packet_standalone_or_sub_review,decide_if_standalone_normal_main_or_sub_under_nearby_packet,low,true,1,small,mixed_manual_relation_review,low,Ghana,World War and public-information graphics,Wikimedia Commons,2015-2019,2016-2016,2,1,0,1,0,0,SURF-CAW2026R04065,Lot 11588-73 (24886838501).jpg,73.75,packet_member_review,commons_file_source,small packet may not need cover-main treatment
Global / transnational|Corporate identity and design systems|Another Graphic|2020-2024,small_packet_standalone_or_sub_review,decide_if_standalone_normal_main_or_sub_under_nearby_packet,low,true,1,single_or_micro,mixed_manual_relation_review,low,Global / transnational,Corporate identity and design systems,Another Graphic,2020-2024,2020-2020,1,1,0,1,0,0,SURF-EW1970R017,Tote bag Design Challenge,73.3,packet_member_review,,small packet may not need cover-main treatment
India|Corporate identity and design systems|Wikimedia Commons|1930-1934,small_packet_standalone_or_sub_review,decide_if_standalone_normal_main_or_sub_under_nearby_packet,low,true,1,single_or_micro,mixed_manual_relation_review,low,India,Corporate identity and design systems,Wikimedia Commons,1930-1934,1930-1930,1,1,0,1,0,0,SURF-CCE2026R00326,Polson's Coffee & Butter.jpg,67.7,packet_member_review,commons_file_source,small packet may not need cover-main treatment
India|Modern typography and layout|Wikimedia Commons|1990-1994,small_packet_standalone_or_sub_review,decide_if_standalone_normal_main_or_sub_under_nearby_packet,low,false,1,single_or_micro,mixed_manual_relation_review,low,India,Modern typography and layout,Wikimedia Commons,1990-1994,1990-1990,1,1,0,0,1,0,SURF-CCT2026R03775,Kanakadaasa postal stamp.jpg,-27.3,card_context_candidate,stamp_or_philatelic:postage; stamp_or_philatelic:stamp; stamp_or_philatelic:stamps; commons_file_source,small packet may not need cover-main treatment
India|Travel and transport poster culture|Wikimedia Commons|1830-1834,small_packet_standalone_or_sub_review,decide_if_standalone_normal_main_or_sub_under_nearby_packet,low,true,1,single_or_micro,mixed_manual_relation_review,low,India,Travel and transport poster culture,Wikimedia Commons,1830-1834,1833-1833,1,1,0,1,0,0,SURF-CCE2026R00002,"Butterworth's Fine Boots, Trade Card, circa 1870s - LaPorte, Indiana (54313166037).jpg",74.7,packet_member_review,commons_file_source,small packet may not need cover-main treatment
India|Travel and transport poster culture|Wikimedia Commons|1930-1934,small_packet_standalone_or_sub_review,decide_if_standalone_normal_main_or_sub_under_nearby_packet,low,false,1,single_or_micro,mixed_manual_relation_review,low,India,Travel and transport poster culture,Wikimedia Commons,1930-1934,1932-1932,1,1,0,0,1,0,SURF-CAW2026R01720,TataAirlinesLogo.jpg,-6.2,card_context_candidate,stamp_or_philatelic:postage; stamp_or_philatelic:stamp; commons_file_source,small packet may not need cover-main treatment
India|Travel and transport poster culture|Wikimedia Commons|1945-1949,small_packet_standalone_or_sub_review,decide_if_standalone_normal_main_or_sub_under_nearby_packet,low,false,1,single_or_micro,mixed_manual_relation_review,low,India,Travel and transport poster culture,Wikimedia Commons,1945-1949,1948-1948,1,1,0,0,1,0,SURF-CCT2026R03688,A stamp issued in 1948 for official government business only.jpg,-23.3,card_context_candidate,stamp_or_philatelic:postage; stamp_or_philatelic:stamp; stamp_or_philatelic:stamps; commons_file_source,small packet may not need cover-main treatment
India|Travel and transport poster culture|Wikimedia Commons|1950-1954,small_packet_standalone_or_sub_review,decide_if_standalone_normal_main_or_sub_under_nearby_packet,low,true,1,single_or_micro,mixed_manual_relation_review,low,India,Travel and transport poster culture,Wikimedia Commons,1950-1954,1950-1950,1,1,0,1,0,0,SURF-CCE2026R00568,"Advertisement, Guy Motors Ltd., Wolverhampton.jpg",71.0,packet_member_review,commons_file_source,small packet may not need cover-main treatment
India|Travel and transport poster culture|Wikimedia Commons|2010-2014,small_packet_standalone_or_sub_review,decide_if_standalone_normal_main_or_sub_under_nearby_packet,low,true,1,single_or_micro,small_anchor_or_manual,low,India,Travel and transport poster culture,Wikimedia Commons,2010-2014,2014-2014,1,1,0,0,0,0,SURF-CAW2026R03978,"Edmond Halley, 1656-1742, Astronomer Royal RMG BHC2734.tiff",92.0,manual_relation_review,commons_file_source,small packet may not need cover-main treatment
India|World War and public-information graphics|Wikimedia Commons|1895-1899,small_packet_standalone_or_sub_review,decide_if_standalone_normal_main_or_sub_under_nearby_packet,low,true,1,single_or_micro,mixed_manual_relation_review,low,India,World War and public-information graphics,Wikimedia Commons,1895-1899,1895-1895,1,1,0,1,0,0,SURF-CRG2026R0153,"Oud-generaal als straatmuzikant, NG-850-60.jpg",74.7,packet_member_review,commons_file_source,small packet may not need cover-main treatment
India|World War and public-information graphics|Wikimedia Commons|1900-1904,small_packet_standalone_or_sub_review,decide_if_standalone_normal_main_or_sub_under_nearby_packet,low,false,1,single_or_micro,mixed_manual_relation_review,low,India,World War and public-information graphics,Wikimedia Commons,1900-1904,1901-1901,1,1,0,0,1,0,SURF-CCT2026R03640,Edward VII definitive stamps of India.jpg,-28.8,card_context_candidate,stamp_or_philatelic:postage; stamp_or_philatelic:stamp; stamp_or_philatelic:stamps; commons_file_source,small packet may not need cover-main treatment
India|World War and public-information graphics|Wikimedia Commons|2005-2009,small_packet_standalone_or_sub_review,decide_if_standalone_normal_main_or_sub_under_nearby_packet,low,false,1,single_or_micro,mixed_manual_relation_review,low,India,World War and public-information graphics,Wikimedia Commons,2005-2009,2008-2008,1,1,0,0,1,0,SURF-CCT2026R03791,Indiabundleware.jpg,-17.8,card_context_candidate,stamp_or_philatelic:postage; stamp_or_philatelic:stamp; stamp_or_philatelic:stamps; commons_file_source,small packet may not need cover-main treatment
Indonesia|Corporate identity and design systems|Wikimedia Commons|2005-2009,small_packet_standalone_or_sub_review,decide_if_standalone_normal_main_or_sub_under_nearby_packet,low,false,1,single_or_micro,mixed_manual_relation_review,low,Indonesia,Corporate identity and design systems,Wikimedia Commons,2005-2009,2009-2009,1,1,0,0,1,0,SURF-CRB2026V3R00382,Stamp of Indonesia - 2009 - Colnect 248220 - IYA Logo.jpeg,-2.4,card_context_candidate,stamp_or_philatelic:postage; stamp_or_philatelic:stamp; stamp_or_philatelic:stamps; commons_file_source,small packet may not need cover-main treatment
Indonesia|Midcentury modern graphic communication|Desain Grafis Indonesia|2020-2024,small_packet_standalone_or_sub_review,decide_if_standalone_normal_main_or_sub_under_nearby_packet,low,true,1,single_or_micro,mixed_manual_relation_review,low,Indonesia,Midcentury modern graphic communication,Desain Grafis Indonesia,2020-2024,2020-2020,1,1,0,1,0,0,SURF-EW1970R012,Kemungkinan Sejarah Baru Desain Grafis di Normal Baru,75.7,packet_member_review,,small packet may not need cover-main treatment
Indonesia|Modern typography and layout|Wikimedia Commons|1840-1844,small_packet_standalone_or_sub_review,decide_if_standalone_normal_main_or_sub_under_nearby_packet,low,true,1,single_or_micro,mixed_manual_relation_review,low,Indonesia,Modern typography and layout,Wikimedia Commons,1840-1844,1842-1842,1,1,0,1,0,0,SURF-CRB2026V2R0657,Military despotism! Arbitrary arrest of a judge.jpg,74.4,packet_member_review,commons_file_source,small packet may not need cover-main treatment
Indonesia|Modern typography and layout|Wikimedia Commons|1880-1884,small_packet_standalone_or_sub_review,decide_if_standalone_normal_main_or_sub_under_nearby_packet,low,false,1,single_or_micro,mixed_manual_relation_review,low,Indonesia,Modern typography and layout,Wikimedia Commons,1880-1884,1882-1882,1,1,0,0,1,0,SURF-CRB2026V3R00186,Atjeh11.jpg,-12.7,card_context_candidate,stamp_or_philatelic:postage; stamp_or_philatelic:stamp; stamp_or_philatelic:stamps; commons_file_source,small packet may not need cover-main treatment
Indonesia|Travel and transport poster culture|Wikimedia Commons|1930-1934,small_packet_standalone_or_sub_review,decide_if_standalone_normal_main_or_sub_under_nearby_packet,low,true,1,single_or_micro,mixed_manual_relation_review,low,Indonesia,Travel and transport poster culture,Wikimedia Commons,1930-1934,1931-1931,1,1,0,1,0,0,SURF-CRB2026V2R0663,Santa Fe Scout brochure 1937.JPG,74.4,packet_member_review,commons_file_source,small packet may not need cover-main treatment
Indonesia|Travel and transport poster culture|Wikimedia Commons|1985-1989,small_packet_standalone_or_sub_review,decide_if_standalone_normal_main_or_sub_under_nearby_packet,low,false,1,single_or_micro,mixed_manual_relation_review,low,Indonesia,Travel and transport poster culture,Wikimedia Commons,1985-1989,1989-1989,1,1,0,0,1,0,SURF-CCT2026R04093,Stamp of Indonesia - 1989 - Colnect 256565 - Garuda Indonesia Airlines.jpeg,-5.8,card_context_candidate,stamp_or_philatelic:postage; stamp_or_philatelic:stamp; stamp_or_philatelic:stamps; commons_file_source,small packet may not need cover-main treatment
Indonesia|World War and public-information graphics|Wikimedia Commons|1915-1919,small_packet_standalone_or_sub_review,decide_if_standalone_normal_main_or_sub_under_nearby_packet,low,true,1,single_or_micro,mixed_manual_relation_review,low,Indonesia,World War and public-information graphics,Wikimedia Commons,1915-1919,1917-1917,1,1,0,1,0,0,SURF-CAW2026R01278,"Harry R. Hopps, Destroy this mad brute Enlist - U.S. Army, 03216u edit.jpg",71.1,packet_member_review,commons_file_source,small packet may not need cover-main treatment
Indonesia|World War and public-information graphics|Wikimedia Commons|1970-1974,small_packet_standalone_or_sub_review,decide_if_standalone_normal_main_or_sub_under_nearby_packet,low,false,1,single_or_micro,mixed_manual_relation_review,low,Indonesia,World War and public-information graphics,Wikimedia Commons,1970-1974,1974-1974,1,1,0,0,1,0,SURF-CRG2026R2710,Stamp of Indonesia - 1974 - Colnect 257470 - Navy Day.jpeg,-1.5,card_context_candidate,stamp_or_philatelic:stamp; stamp_or_philatelic:stamps; commons_file_source,small packet may not need cover-main treatment
Iran|Modern typography and layout|Wikimedia Commons|1945-1949,small_packet_standalone_or_sub_review,decide_if_standalone_normal_main_or_sub_under_nearby_packet,low,false,1,single_or_micro,mixed_manual_relation_review,low,Iran,Modern typography and layout,Wikimedia Commons,1945-1949,1949-1949,1,1,0,0,1,0,SURF-CCE2026R00548,Stamp of Iran-1949.jpg,-14.9,card_context_candidate,stamp_or_philatelic:stamp; commons_file_source,small packet may not need cover-main treatment
Iran|Modern typography and layout|Wikimedia Commons|2000-2004,small_packet_standalone_or_sub_review,decide_if_standalone_normal_main_or_sub_under_nearby_packet,low,false,1,single_or_micro,mixed_manual_relation_review,low,Iran,Modern typography and layout,Wikimedia Commons,2000-2004,2001-2001,1,1,0,0,1,0,SURF-CRB2026V2R0498,"Stamps of Azerbaijan, 2001-593s.jpg",-2.2,card_context_candidate,stamp_or_philatelic:postage; stamp_or_philatelic:stamp; stamp_or_philatelic:stamps; commons_file_source,small packet may not need cover-main treatment
Iran|World War and public-information graphics|Wikimedia Commons|1930-1934,small_packet_standalone_or_sub_review,decide_if_standalone_normal_main_or_sub_under_nearby_packet,low,false,1,single_or_micro,mixed_manual_relation_review,low,Iran,World War and public-information graphics,Wikimedia Commons,1930-1934,1931-1931,1,1,0,0,1,0,SURF-CCE2026R00342,"Iranian 1950s stamp showing the gunboat Palang, sunk in 1941.jpg",0.4,card_context_candidate,stamp_or_philatelic:postage; stamp_or_philatelic:stamp; commons_file_source,small packet may not need cover-main treatment
Iran|World War and public-information graphics|Wikimedia Commons|1965-1969,small_packet_standalone_or_sub_review,decide_if_standalone_normal_main_or_sub_under_nearby_packet,low,true,1,single_or_micro,mixed_manual_relation_review,low,Iran,World War and public-information graphics,Wikimedia Commons,1965-1969,1965-1965,1,1,0,1,0,0,SURF-CRB2026V3R00126,"Pro-Shah Propaganda Poster, issued by the Government offices.jpg",74.0,packet_member_review,commons_file_source,small packet may not need cover-main treatment
Iraq|Modern typography and layout|Wikimedia Commons|1865-1869,small_packet_standalone_or_sub_review,decide_if_standalone_normal_main_or_sub_under_nearby_packet,low,false,1,single_or_micro,mixed_manual_relation_review,low,Iraq,Modern typography and layout,Wikimedia Commons,1865-1869,1869-1869,1,1,0,0,1,0,SURF-CCT2026R02872,Stamp IQ 1969 15f.jpg,-25.9,card_context_candidate,stamp_or_philatelic:postage; stamp_or_philatelic:stamp; stamp_or_philatelic:stamps; commons_file_source,small packet may not need cover-main treatment
Iraq|Modern typography and layout|Wikimedia Commons|1980-1984,small_packet_standalone_or_sub_review,decide_if_standalone_normal_main_or_sub_under_nearby_packet,low,false,1,single_or_micro,mixed_manual_relation_review,low,Iraq,Modern typography and layout,Wikimedia Commons,1980-1984,1982-1982,1,1,0,0,1,0,SURF-CRB2026V2R0522,Stamp of Finland - 1986 - Colnect 47109 - Congress Palace Baghdad 1982.jpeg,-20.7,card_context_candidate,stamp_or_philatelic:postage; stamp_or_philatelic:stamp; stamp_or_philatelic:stamps; commons_file_source,small packet may not need cover-main treatment
Iraq|Modern typography and layout|Wikimedia Commons|2015-2019,small_packet_standalone_or_sub_review,decide_if_standalone_normal_main_or_sub_under_nearby_packet,low,true,1,small,mixed_manual_relation_review,low,Iraq,Modern typography and layout,Wikimedia Commons,2015-2019,2017-2017,2,1,0,1,0,0,SURF-CRB2026V2R0583,CLOUD MAKING MACHINE Kinoplakat.jpg,75.55,packet_member_review,commons_file_source,small packet may not need cover-main treatment
Iraq|Travel and transport poster culture|Wikimedia Commons|1960-1964,small_packet_standalone_or_sub_review,decide_if_standalone_normal_main_or_sub_under_nearby_packet,low,false,1,single_or_micro,mixed_manual_relation_review,low,Iraq,Travel and transport poster culture,Wikimedia Commons,1960-1964,1960-1960,1,1,0,0,1,0,SURF-CCT2026R02988,Stamp IQ 1969 100f.jpg,-8.9,card_context_candidate,stamp_or_philatelic:postage; stamp_or_philatelic:stamp; stamp_or_philatelic:stamps; commons_file_source,small packet may not need cover-main treatment
Iraq|Travel and transport poster culture|Wikimedia Commons|1975-1979,small_packet_standalone_or_sub_review,decide_if_standalone_normal_main_or_sub_under_nearby_packet,low,false,1,single_or_micro,mixed_manual_relation_review,low,Iraq,Travel and transport poster culture,Wikimedia Commons,1975-1979,1975-1975,1,1,0,0,1,0,SURF-CCT2026R03069,Iraqi stamp 1975 Binni-Barbus-puntius-sharpeyi.jpg,-11.5,card_context_candidate,stamp_or_philatelic:postage; stamp_or_philatelic:stamp; stamp_or_philatelic:stamps; commons_file_source,small packet may not need cover-main treatment
Italy|Modern typography and layout|Wikimedia Commons|1885-1889,small_packet_standalone_or_sub_review,decide_if_standalone_normal_main_or_sub_under_nearby_packet,low,false,1,single_or_micro,mixed_manual_relation_review,low,Italy,Modern typography and layout,Wikimedia Commons,1885-1889,1886-1886,1,1,0,0,1,0,SURF-CRG2026R0101,ITA 1890 MiNr0061 pm B002.jpg,3.5,card_context_candidate,stamp_or_philatelic:postage; stamp_or_philatelic:stamp; commons_file_source,small packet may not need cover-main treatment
Italy|Modern typography and layout|Wikimedia Commons|1910-1914,small_packet_standalone_or_sub_review,decide_if_standalone_normal_main_or_sub_under_nearby_packet,low,false,1,small,mixed_manual_relation_review,low,Italy,Modern typography and layout,Wikimedia Commons,1910-1914,1910-1910,2,1,0,0,1,0,SURF-CRG2026R0242,ITA-ERI 1916 Minr0048 pm B002a.jpg,8.15,card_context_candidate,stamp_or_philatelic:stamp; commons_file_source,small packet may not need cover-main treatment
Italy|Modern typography and layout|Wikimedia Commons|1970-1974,small_packet_standalone_or_sub_review,decide_if_standalone_normal_main_or_sub_under_nearby_packet,low,false,1,single_or_micro,mixed_manual_relation_review,low,Italy,Modern typography and layout,Wikimedia Commons,1970-1974,1970-1970,1,1,0,0,1,0,SURF-CPB2026R0040,"The Soviet Union 1970 CPA 3907 stamp (Cosmonauts Andriyan Nikolayev and Vitaly Sevastyanov, Soyuz 9).png",-9.0,card_context_candidate,stamp_or_philatelic:stamp; commons_file_source,small packet may not need cover-main treatment
Italy|Travel and transport poster culture|Wikimedia Commons|1930-1934,small_packet_standalone_or_sub_review,decide_if_standalone_normal_main_or_sub_under_nearby_packet,low,false,1,single_or_micro,mixed_manual_relation_review,low,Italy,Travel and transport poster culture,Wikimedia Commons,1930-1934,1933-1933,1,1,0,0,1,0,SURF-CRG2026R0668,ITA 1933 MiNr0437 mt B002.jpg,0.8,card_context_candidate,stamp_or_philatelic:postage; stamp_or_philatelic:stamp; commons_file_source,small packet may not need cover-main treatment
Italy|Travel and transport poster culture|Wikimedia Commons|1950-1954,small_packet_standalone_or_sub_review,decide_if_standalone_normal_main_or_sub_under_nearby_packet,low,true,1,single_or_micro,mixed_manual_relation_review,low,Italy,Travel and transport poster culture,Wikimedia Commons,1950-1954,1950-1950,1,1,0,1,0,0,SURF-COM1970R102,TWA Italy Poster (18857334053).jpg,77.2,packet_member_review,commons_file_source,small packet may not need cover-main treatment
Italy|World War and public-information graphics|Wikimedia Commons|1945-1949,small_packet_standalone_or_sub_review,decide_if_standalone_normal_main_or_sub_under_nearby_packet,low,false,1,single_or_micro,mixed_manual_relation_review,low,Italy,World War and public-information graphics,Wikimedia Commons,1945-1949,1947-1947,1,1,0,0,1,0,SURF-CRG2026R1274,ITA 1947 MiNr0P75 pm B002.jpg,4.1,card_context_candidate,stamp_or_philatelic:postage; stamp_or_philatelic:stamp; commons_file_source,small packet may not need cover-main treatment
Japan|Modern typography and layout|Wikimedia Commons|1945-1949,small_packet_standalone_or_sub_review,decide_if_standalone_normal_main_or_sub_under_nearby_packet,low,false,1,single_or_micro,mixed_manual_relation_review,low,Japan,Modern typography and layout,Wikimedia Commons,1945-1949,1946-1946,1,1,0,0,1,0,SURF-CRG2026R1258,Kintaikyo 1.50Yen stamp in 1946.JPG,0.2,card_context_candidate,stamp_or_philatelic:stamp; commons_file_source,small packet may not need cover-main treatment
Japan|Modern typography and layout|Wikimedia Commons|1950-1954,small_packet_standalone_or_sub_review,decide_if_standalone_normal_main_or_sub_under_nearby_packet,low,true,1,single_or_micro,small_anchor_or_manual,low,Japan,Modern typography and layout,Wikimedia Commons,1950-1954,1954-1954,1,1,0,0,0,0,SURF-CAW2026R02434,Gojira 1954 Japanese poster.jpg,92.0,manual_relation_review,commons_file_source,small packet may not need cover-main treatment
Japan|Travel and transport poster culture|Wikimedia Commons|1930-1934,small_packet_standalone_or_sub_review,decide_if_standalone_normal_main_or_sub_under_nearby_packet,low,true,1,single_or_micro,mixed_manual_relation_review,low,Japan,Travel and transport poster culture,Wikimedia Commons,1930-1934,1930-1930,1,1,0,1,0,0,SURF-COM1970R027,1930s Japan Travel Poster - 10.jpg,74.8,packet_member_review,commons_file_source,small packet may not need cover-main treatment
Japan|World War and public-information graphics|Wikimedia Commons|1935-1939,small_packet_standalone_or_sub_review,decide_if_standalone_normal_main_or_sub_under_nearby_packet,low,true,1,single_or_micro,small_anchor_or_manual,low,Japan,World War and public-information graphics,Wikimedia Commons,1935-1939,1938-1938,1,1,0,0,0,0,SURF-CRG2026R0871,Hitlerjugend visits Japan 1938 welcome magazine cover.jpg,92.0,manual_relation_review,commons_file_source,small packet may not need cover-main treatment
Japan|World War and public-information graphics|Wikimedia Commons|1940-1944,small_packet_standalone_or_sub_review,decide_if_standalone_normal_main_or_sub_under_nearby_packet,low,false,1,single_or_micro,mixed_manual_relation_review,low,Japan,World War and public-information graphics,Wikimedia Commons,1940-1944,1943-1943,1,1,0,0,1,0,SURF-CRG2026R1068,1943 Irl-POW Japan censor.tiff,-16.9,card_context_candidate,stamp_or_philatelic:commemorative; stamp_or_philatelic:philatelic; stamp_or_philatelic:postage; stamp_or_philatelic:stamp; stamp_or_philatelic:stamps; commons_file_source,small packet may not need cover-main treatment
Jordan|Modern typography and layout|Wikimedia Commons|1840-1844,small_packet_standalone_or_sub_review,decide_if_standalone_normal_main_or_sub_under_nearby_packet,low,true,1,single_or_micro,mixed_manual_relation_review,low,Jordan,Modern typography and layout,Wikimedia Commons,1840-1844,1841-1841,1,1,0,1,0,0,SURF-CAW2026R00138,"Stud horse poster offering imported Jordan, by L.O. Wilhite, Fayette, Mo., 1841 - DPLA - c34102774eb2e775ba64e4f61e523a43.jpg",72.3,packet_member_review,commons_file_source,small packet may not need cover-main treatment
Jordan|Modern typography and layout|Wikimedia Commons|1870-1874,small_packet_standalone_or_sub_review,decide_if_standalone_normal_main_or_sub_under_nearby_packet,low,true,1,single_or_micro,small_anchor_or_manual,low,Jordan,Modern typography and layout,Wikimedia Commons,1870-1874,1871-1871,1,1,0,0,0,0,SURF-CAW2026R00325,Wilhelm Jordan Neue Lyric Poster 1899.png,94.4,manual_relation_review,commons_file_source,small packet may not need cover-main treatment
Jordan|Modern typography and layout|Wikimedia Commons|1900-1904,small_packet_standalone_or_sub_review,decide_if_standalone_normal_main_or_sub_under_nearby_packet,low,false,1,small,mixed_manual_relation_review,low,Jordan,Modern typography and layout,Wikimedia Commons,1900-1904,1900-1900,2,1,0,0,1,0,SURF-CAW2026R00834,Suruga fundicola.jpg,-5.75,card_context_candidate,stamp_or_philatelic:postage; stamp_or_philatelic:stamp; commons_file_source,small packet may not need cover-main treatment
Jordan|Modern typography and layout|Wikimedia Commons|1905-1909,small_packet_standalone_or_sub_review,decide_if_standalone_normal_main_or_sub_under_nearby_packet,low,true,1,single_or_micro,small_anchor_or_manual,low,Jordan,Modern typography and layout,Wikimedia Commons,1905-1909,1908-1908,1,1,0,0,0,0,SURF-CAW2026R01073,1920 theatre ads BostonGlobe Feb10 part2.png,93.5,manual_relation_review,commons_file_source,small packet may not need cover-main treatment
Jordan|Modern typography and layout|Wikimedia Commons|1940-1944,small_packet_standalone_or_sub_review,decide_if_standalone_normal_main_or_sub_under_nearby_packet,low,true,1,single_or_micro,small_anchor_or_manual,low,Jordan,Modern typography and layout,Wikimedia Commons,1940-1944,1943-1943,1,1,0,0,0,0,SURF-CAW2026R02141,Louis Jordan Billboard 3.jpg,93.5,manual_relation_review,commons_file_source,small packet may not need cover-main treatment
Jordan|Modern typography and layout|Wikimedia Commons|1960-1964,small_packet_standalone_or_sub_review,decide_if_standalone_normal_main_or_sub_under_nearby_packet,low,false,1,single_or_micro,mixed_manual_relation_review,low,Jordan,Modern typography and layout,Wikimedia Commons,1960-1964,1963-1963,1,1,0,0,1,0,SURF-CCT2026R03102,The East Ghor Canal Project.jpg,-13.7,card_context_candidate,stamp_or_philatelic:postage; stamp_or_philatelic:stamp; stamp_or_philatelic:stamps; commons_file_source,small packet may not need cover-main treatment
Jordan|Modern typography and layout|Wikimedia Commons|1965-1969,small_packet_standalone_or_sub_review,decide_if_standalone_normal_main_or_sub_under_nearby_packet,low,false,1,single_or_micro,mixed_manual_relation_review,low,Jordan,Modern typography and layout,Wikimedia Commons,1965-1969,1965-1965,1,1,0,0,1,0,SURF-CCT2026R03103,Jordan Deir Yassin.jpg,-3.7,card_context_candidate,stamp_or_philatelic:postage; stamp_or_philatelic:stamp; stamp_or_philatelic:stamps; commons_file_source,small packet may not need cover-main treatment
Jordan|Modern typography and layout|Wikimedia Commons|2000-2004,small_packet_standalone_or_sub_review,decide_if_standalone_normal_main_or_sub_under_nearby_packet,low,true,1,small,small_anchor_or_manual,low,Jordan,Modern typography and layout,Wikimedia Commons,2000-2004,2003-2003,2,1,0,0,0,0,SURF-CAW2026R03487,Ms. magazine Cover - Fall 2003(1).jpg,91.85,manual_relation_review,commons_file_source,small packet may not need cover-main treatment
Kazakhstan|Corporate identity and design systems|Wikimedia Commons|1995-1999,small_packet_standalone_or_sub_review,decide_if_standalone_normal_main_or_sub_under_nearby_packet,low,false,1,single_or_micro,mixed_manual_relation_review,low,Kazakhstan,Corporate identity and design systems,Wikimedia Commons,1995-1999,1997-1997,1,1,0,0,1,0,SURF-CCT2026R00942,Stamp of Kazakhstan 154.jpg,-1.6,card_context_candidate,stamp_or_philatelic:postage; stamp_or_philatelic:stamp; stamp_or_philatelic:stamps; commons_file_source,small packet may not need cover-main treatment
Kazakhstan|Corporate identity and design systems|Wikimedia Commons|2020-2024,small_packet_standalone_or_sub_review,decide_if_standalone_normal_main_or_sub_under_nearby_packet,low,true,1,single_or_micro,mixed_manual_relation_review,low,Kazakhstan,Corporate identity and design systems,Wikimedia Commons,2020-2024,2023-2023,1,1,0,1,0,0,SURF-CRB2026V3R00019,"Досаев, кет!.png",71.1,packet_member_review,commons_file_source,small packet may not need cover-main treatment
Kazakhstan|Modern typography and layout|Wikimedia Commons|1960-1964,small_packet_standalone_or_sub_review,decide_if_standalone_normal_main_or_sub_under_nearby_packet,low,false,1,single_or_micro,mixed_manual_relation_review,low,Kazakhstan,Modern typography and layout,Wikimedia Commons,1960-1964,1964-1964,1,1,0,0,1,0,SURF-CCT2026R00820,Stamp of Kazakhstan 090.jpg,-13.8,card_context_candidate,stamp_or_philatelic:postage; stamp_or_philatelic:stamp; stamp_or_philatelic:stamps; commons_file_source,small packet may not need cover-main treatment
Kazakhstan|Modern typography and layout|Wikimedia Commons|1965-1969,small_packet_standalone_or_sub_review,decide_if_standalone_normal_main_or_sub_under_nearby_packet,low,false,1,single_or_micro,mixed_manual_relation_review,low,Kazakhstan,Modern typography and layout,Wikimedia Commons,1965-1969,1968-1968,1,1,0,0,1,0,SURF-CCT2026R00821,Stamp of Kazakhstan 057-059.jpg,-5.4,card_context_candidate,stamp_or_philatelic:postage; stamp_or_philatelic:stamp; stamp_or_philatelic:stamps; commons_file_source,small packet may not need cover-main treatment
Kazakhstan|Modern typography and layout|Wikimedia Commons|1975-1979,small_packet_standalone_or_sub_review,decide_if_standalone_normal_main_or_sub_under_nearby_packet,low,false,1,single_or_micro,mixed_manual_relation_review,low,Kazakhstan,Modern typography and layout,Wikimedia Commons,1975-1979,1976-1976,1,1,0,0,1,0,SURF-CCT2026R00822,KazakhstanStampSheetOverprinted1992.jpg,-5.6,card_context_candidate,stamp_or_philatelic:postage; stamp_or_philatelic:stamp; stamp_or_philatelic:stamps; commons_file_source,small packet may not need cover-main treatment
Kazakhstan|Modern typography and layout|Wikimedia Commons|2020-2024,small_packet_standalone_or_sub_review,decide_if_standalone_normal_main_or_sub_under_nearby_packet,low,true,1,single_or_micro,mixed_manual_relation_review,low,Kazakhstan,Modern typography and layout,Wikimedia Commons,2020-2024,2024-2024,1,1,0,1,0,0,SURF-CRB2026V2R0138,Xiongnu museum label.jpg,71.2,packet_member_review,commons_file_source,small packet may not need cover-main treatment
Kazakhstan|World War and public-information graphics|Wikimedia Commons|1990-1994,small_packet_standalone_or_sub_review,decide_if_standalone_normal_main_or_sub_under_nearby_packet,low,false,1,single_or_micro,mixed_manual_relation_review,low,Kazakhstan,World War and public-information graphics,Wikimedia Commons,1990-1994,1992-1992,1,1,0,0,1,0,SURF-CCT2026R00834,Stamp of Kazakhstan 001.jpg,-2.5,card_context_candidate,stamp_or_philatelic:postage; stamp_or_philatelic:stamp; stamp_or_philatelic:stamps; commons_file_source,small packet may not need cover-main treatment
Kenya|Modern typography and layout|Wikimedia Commons|1885-1889,small_packet_standalone_or_sub_review,decide_if_standalone_normal_main_or_sub_under_nearby_packet,low,true,1,single_or_micro,small_anchor_or_manual,low,Kenya,Modern typography and layout,Wikimedia Commons,1885-1889,1889-1889,1,1,0,0,0,0,SURF-CAW2026R00564,"The Galveston Daily News. (Galveston, Tex.), Vol. 47, No. 354, Ed. 1 Tuesday, April 16, 1889 - DPLA - 25e51b62e5faaec3f926beb4cf8e6e33 (page 2).jpg",92.6,manual_relation_review,commons_file_source,small packet may not need cover-main treatment
Kenya|Modern typography and layout|Wikimedia Commons|1905-1909,small_packet_standalone_or_sub_review,decide_if_standalone_normal_main_or_sub_under_nearby_packet,low,true,1,single_or_micro,mixed_manual_relation_review,low,Kenya,Modern typography and layout,Wikimedia Commons,1905-1909,1909-1909,1,1,0,1,0,0,SURF-CRB2026V2R0011,"Roosevelt in Africa (aka Hunting Big Game in Africa), movie poster.jpg",68.0,packet_member_review,commons_file_source,small packet may not need cover-main treatment
Kenya|Modern typography and layout|Wikimedia Commons|1920-1924,small_packet_standalone_or_sub_review,decide_if_standalone_normal_main_or_sub_under_nearby_packet,low,false,1,small,mixed_manual_relation_review,low,Kenya,Modern typography and layout,Wikimedia Commons,1920-1924,1922-1922,2,1,0,0,1,0,SURF-CCT2026R00399,"10s Judicial revenue stamp of Kenya, Uganda & Tanganyika.jpg",-3.55,card_context_candidate,stamp_or_philatelic:postage; stamp_or_philatelic:stamp; stamp_or_philatelic:stamps; commons_file_source,small packet may not need cover-main treatment
Kenya|Modern typography and layout|Wikimedia Commons|1950-1954,small_packet_standalone_or_sub_review,decide_if_standalone_normal_main_or_sub_under_nearby_packet,low,false,1,small,mixed_manual_relation_review,low,Kenya,Modern typography and layout,Wikimedia Commons,1950-1954,1952-1952,2,1,0,0,1,0,SURF-CAW2026R02337,Stamp of Peru - 1952 - Colnect 443930 - Archaeological Museum Lima - surcharged.jpeg,-11.35,card_context_candidate,stamp_or_philatelic:postage; stamp_or_philatelic:stamp; stamp_or_philatelic:stamps; commons_file_source,small packet may not need cover-main treatment
Kenya|Modern typography and layout|Wikimedia Commons|1955-1959,small_packet_standalone_or_sub_review,decide_if_standalone_normal_main_or_sub_under_nearby_packet,low,false,1,single_or_micro,mixed_manual_relation_review,low,Kenya,Modern typography and layout,Wikimedia Commons,1955-1959,1956-1956,1,1,0,0,1,0,SURF-CCT2026R00400,Stamp of Kenya - 1956 - Colnect 833922 - Lion on white background.jpeg,-12.2,card_context_candidate,stamp_or_philatelic:postage; stamp_or_philatelic:stamp; stamp_or_philatelic:stamps; commons_file_source,small packet may not need cover-main treatment
Kenya|World War and public-information graphics|Wikimedia Commons|1965-1969,small_packet_standalone_or_sub_review,decide_if_standalone_normal_main_or_sub_under_nearby_packet,low,false,1,single_or_micro,mixed_manual_relation_review,low,Kenya,World War and public-information graphics,Wikimedia Commons,1965-1969,1966-1966,1,1,0,0,1,0,SURF-CCT2026R00422,Stamp-kenya1966-warthog.jpeg,-22.9,card_context_candidate,stamp_or_philatelic:postage; stamp_or_philatelic:stamp; stamp_or_philatelic:stamps; commons_file_source,small packet may not need cover-main treatment
Kiribati|Modern typography and layout|Wikimedia Commons|1995-1999,small_packet_standalone_or_sub_review,decide_if_standalone_normal_main_or_sub_under_nearby_packet,low,false,1,single_or_micro,mixed_manual_relation_review,low,Kiribati,Modern typography and layout,Wikimedia Commons,1995-1999,1998-1998,1,1,0,0,1,0,SURF-CAW2026R03390,Stamp of Azerbaijan - 1998 - Colnect 289099 - Israel 98 - World Stamp Exhibition.jpeg,-15.9,card_context_candidate,stamp_or_philatelic:postage; stamp_or_philatelic:stamp; stamp_or_philatelic:stamps; commons_file_source,small packet may not need cover-main treatment
Kiribati|Modern typography and layout|Wikimedia Commons|2000-2004,small_packet_standalone_or_sub_review,decide_if_standalone_normal_main_or_sub_under_nearby_packet,low,false,1,small,mixed_manual_relation_review,low,Kiribati,Modern typography and layout,Wikimedia Commons,2000-2004,2000-2000,2,1,0,0,1,0,SURF-CAW2026R03436,Stamp of Azerbaijan - 2000 - Colnect 289136 - Definitive issue.jpeg,-2.55,card_context_candidate,stamp_or_philatelic:postage; stamp_or_philatelic:stamp; stamp_or_philatelic:stamps; commons_file_source,small packet may not need cover-main treatment
Korean Peninsula|Corporate identity and design systems|Wikimedia Commons|2015-2019,small_packet_standalone_or_sub_review,decide_if_standalone_normal_main_or_sub_under_nearby_packet,low,true,1,single_or_micro,mixed_manual_relation_review,low,Korean Peninsula,Corporate identity and design systems,Wikimedia Commons,2015-2019,2019-2019,1,1,0,1,0,0,SURF-CRB2026V2R0212,TheBlackLabel logo.jpg,69.7,packet_member_review,commons_file_source,small packet may not need cover-main treatment
Korean Peninsula|Modern typography and layout|Wikimedia Commons|1930-1934,small_packet_standalone_or_sub_review,decide_if_standalone_normal_main_or_sub_under_nearby_packet,low,true,1,single_or_micro,small_anchor_or_manual,low,Korean Peninsula,Modern typography and layout,Wikimedia Commons,1930-1934,1930-1930,1,1,0,0,0,0,SURF-CCE2026R00310,Chosen Savings Bank advertisement.jpg,92.6,manual_relation_review,commons_file_source,small packet may not need cover-main treatment
Korean Peninsula|Modern typography and layout|Wikimedia Commons|1965-1969,small_packet_standalone_or_sub_review,decide_if_standalone_normal_main_or_sub_under_nearby_packet,low,true,1,single_or_micro,mixed_manual_relation_review,low,Korean Peninsula,Modern typography and layout,Wikimedia Commons,1965-1969,1968-1968,1,1,0,1,0,0,SURF-CRB2026V2R0183,4. “The Confederate High Command International” Brochure entitled “A Program to Erect the Tennessee Monument at the GNMP (16dba8f0-564d-4915-8029-af94b73100bd).jpg,68.4,packet_member_review,non_design_drift:mineral; commons_file_source,small packet may not need cover-main treatment
Korean Peninsula|Modern typography and layout|Wikimedia Commons|1970-1974,small_packet_standalone_or_sub_review,decide_if_standalone_normal_main_or_sub_under_nearby_packet,low,false,1,small,mixed_manual_relation_review,low,Korean Peninsula,Modern typography and layout,Wikimedia Commons,1970-1974,1974-1974,2,1,0,0,1,0,SURF-CCT2026R01293,Pyongyang Metro 1974 stamp.png,-6.45,card_context_candidate,stamp_or_philatelic:postage; stamp_or_philatelic:stamp; stamp_or_philatelic:stamps; commons_file_source,small packet may not need cover-main treatment
Korean Peninsula|Travel and transport poster culture|Wikimedia Commons|1910-1914,small_packet_standalone_or_sub_review,decide_if_standalone_normal_main_or_sub_under_nearby_packet,low,true,1,single_or_micro,small_anchor_or_manual,low,Korean Peninsula,Travel and transport poster culture,Wikimedia Commons,1910-1914,1910-1910,1,1,0,0,0,0,SURF-CRB2026V2R0175,1930s Japan Travel Poster - 12.jpg,92.0,manual_relation_review,commons_file_source,small packet may not need cover-main treatment
Korean Peninsula|Travel and transport poster culture|Wikimedia Commons|1980-1984,small_packet_standalone_or_sub_review,decide_if_standalone_normal_main_or_sub_under_nearby_packet,low,false,1,single_or_micro,mixed_manual_relation_review,low,Korean Peninsula,Travel and transport poster culture,Wikimedia Commons,1980-1984,1982-1982,1,1,0,0,1,0,SURF-CAW2026R03031,The Soviet Union 1982 CPA 5357 stamp under 365nm UV (13th standard issue of Soviet Union. 4th issue. Forms of mail transport).jpg,-14.9,card_context_candidate,stamp_or_philatelic:postage; stamp_or_philatelic:stamp; commons_file_source,small packet may not need cover-main treatment
Korean Peninsula|World War and public-information graphics|Wikimedia Commons|1920-1924,small_packet_standalone_or_sub_review,decide_if_standalone_normal_main_or_sub_under_nearby_packet,low,true,1,single_or_micro,small_anchor_or_manual,low,Korean Peninsula,World War and public-information graphics,Wikimedia Commons,1920-1924,1922-1922,1,1,0,0,0,0,SURF-CRB2026V2R0179,US War Dep Pamphlet No 21-30 OUR RED ARMY ALLY April 1945 - 28 INSIGNIA Red five-pointed star with hammer-and-sickle device - WW2 USSR Soviet Russian soldiers military info Public domain Google scan Archive.org PAM21-30 0031.jpg,92.0,manual_relation_review,commons_file_source,small packet may not need cover-main treatment
Kyrgyzstan|Modern typography and layout|Wikimedia Commons|1860-1864,small_packet_standalone_or_sub_review,decide_if_standalone_normal_main_or_sub_under_nearby_packet,low,false,1,single_or_micro,mixed_manual_relation_review,low,Kyrgyzstan,Modern typography and layout,Wikimedia Commons,1860-1864,1864-1864,1,1,0,0,1,0,SURF-CAW2026R00254,"The Soviet Union 1964 CPA 3039 stamp (Writers and poets of our Motherland. Toktogul Satylganov (1864-1933), a Kyrgyz Akyns - improvising poets and singers).png",-13.2,card_context_candidate,stamp_or_philatelic:postage; stamp_or_philatelic:stamp; commons_file_source,small packet may not need cover-main treatment
Kyrgyzstan|Modern typography and layout|Wikimedia Commons|1960-1964,small_packet_standalone_or_sub_review,decide_if_standalone_normal_main_or_sub_under_nearby_packet,low,false,1,single_or_micro,mixed_manual_relation_review,low,Kyrgyzstan,Modern typography and layout,Wikimedia Commons,1960-1964,1964-1964,1,1,0,0,1,0,SURF-CAW2026R02635,"The Soviet Union 1964 CPA 3139 stamp (Development of mountaineering in Russia. Mountain Khan Tengri (6,995 m) of the Tian Shan mountain range).png",-14.2,card_context_candidate,stamp_or_philatelic:postage; stamp_or_philatelic:stamp; commons_file_source,small packet may not need cover-main treatment
Kyrgyzstan|Modern typography and layout|Wikimedia Commons|1975-1979,small_packet_standalone_or_sub_review,decide_if_standalone_normal_main_or_sub_under_nearby_packet,low,false,1,single_or_micro,mixed_manual_relation_review,low,Kyrgyzstan,Modern typography and layout,Wikimedia Commons,1975-1979,1976-1976,1,1,0,0,1,0,SURF-CAW2026R02911,Stamp of Kyrgyzstan 015.jpg,-4.9,card_context_candidate,stamp_or_philatelic:postage; stamp_or_philatelic:stamp; stamp_or_philatelic:stamps; commons_file_source,small packet may not need cover-main treatment
Kyrgyzstan|Travel and transport poster culture|Wikimedia Commons|1990-1994,small_packet_standalone_or_sub_review,decide_if_standalone_normal_main_or_sub_under_nearby_packet,low,false,1,single_or_micro,mixed_manual_relation_review,low,Kyrgyzstan,Travel and transport poster culture,Wikimedia Commons,1990-1994,1991-1991,1,1,0,0,1,0,SURF-CAW2026R03219,Stamp of Kyrgyzstan 014.jpg,-4.9,card_context_candidate,stamp_or_philatelic:postage; stamp_or_philatelic:stamp; stamp_or_philatelic:stamps; commons_file_source,small packet may not need cover-main treatment
Kyrgyzstan|World War and public-information graphics|Wikimedia Commons|1985-1989,small_packet_standalone_or_sub_review,decide_if_standalone_normal_main_or_sub_under_nearby_packet,low,false,1,single_or_micro,mixed_manual_relation_review,low,Kyrgyzstan,World War and public-information graphics,Wikimedia Commons,1985-1989,1988-1988,1,1,0,0,1,0,SURF-CAW2026R03095,"The Soviet Union 1990 CPA 6202 stamp with label (Manas, Kyrgyz epic poem. Warrior with saber leading battle. T. Gertsen).jpg",-4.9,card_context_candidate,stamp_or_philatelic:postage; stamp_or_philatelic:stamp; stamp_or_philatelic:stamps; commons_file_source,small packet may not need cover-main treatment
Laos|Modern typography and layout|Wikimedia Commons|1885-1889,small_packet_standalone_or_sub_review,decide_if_standalone_normal_main_or_sub_under_nearby_packet,low,false,1,single_or_micro,mixed_manual_relation_review,low,Laos,Modern typography and layout,Wikimedia Commons,1885-1889,1885-1885,1,1,0,0,1,0,SURF-CCT2026R04244,Sisavang Vong - 1951.jpg,-7.1,card_context_candidate,stamp_or_philatelic:postage; stamp_or_philatelic:stamp; stamp_or_philatelic:stamps; commons_file_source,small packet may not need cover-main treatment
Latin America|Corporate identity and design systems|Wikimedia Commons|1970-1974,small_packet_standalone_or_sub_review,decide_if_standalone_normal_main_or_sub_under_nearby_packet,low,true,1,single_or_micro,small_anchor_or_manual,low,Latin America,Corporate identity and design systems,Wikimedia Commons,1970-1974,1971-1971,1,1,0,0,0,0,SURF-CAW2026R02839,Young Lords Party logo.jpg,93.6,manual_relation_review,commons_file_source,small packet may not need cover-main treatment
Latin America|Modern typography and layout|Wikimedia Commons|1885-1889,small_packet_standalone_or_sub_review,decide_if_standalone_normal_main_or_sub_under_nearby_packet,low,true,1,small,mixed_manual_relation_review,low,Latin America,Modern typography and layout,Wikimedia Commons,1885-1889,1889-1889,3,1,0,1,0,0,SURF-CAW2026R00588,Aankondiging van de opening van de fotostudio van Clarisse Heilbron in Paramaribo.png,74.2,packet_member_review,commons_file_source,small packet may not need cover-main treatment
Latin America|Modern typography and layout|Wikimedia Commons|1910-1914,small_packet_standalone_or_sub_review,decide_if_standalone_normal_main_or_sub_under_nearby_packet,low,false,1,small,mixed_manual_relation_review,low,Latin America,Modern typography and layout,Wikimedia Commons,1910-1914,1914-1914,4,1,0,0,1,0,SURF-CAW2026R01186,Trinidad Tobago 1914issue-5s.jpg,-2.35,card_context_candidate,stamp_or_philatelic:postage; stamp_or_philatelic:stamp; stamp_or_philatelic:stamps; commons_file_source,small packet may not need cover-main treatment
Latin America|Modern typography and layout|Wikimedia Commons|1935-1939,small_packet_standalone_or_sub_review,decide_if_standalone_normal_main_or_sub_under_nearby_packet,low,true,1,small,mixed_manual_relation_review,low,Latin America,Modern typography and layout,Wikimedia Commons,1935-1939,1936-1936,3,1,0,1,0,0,SURF-CAW2026R01803,"Dominican Illuminator - The Dominican, Petrus de Croce, Encountering the Devil and Serpents - 1936-4 - Albright–Knox Art Gallery.tiff",72.6,packet_member_review,commons_file_source,small packet may not need cover-main treatment
Latin America|Modern typography and layout|Wikimedia Commons|1990-1994,small_packet_standalone_or_sub_review,decide_if_standalone_normal_main_or_sub_under_nearby_packet,low,false,1,single_or_micro,mixed_manual_relation_review,low,Latin America,Modern typography and layout,Wikimedia Commons,1990-1994,1992-1992,1,1,0,0,1,0,SURF-CAW2026R03261,Stamp of Indonesia - 1992 - Colnect 252800 - Olympic Games.jpeg,-4.9,card_context_candidate,stamp_or_philatelic:postage; stamp_or_philatelic:stamp; stamp_or_philatelic:stamps; commons_file_source,small packet may not need cover-main treatment
Latin America|Modern typography and layout|Wikimedia Commons|1995-1999,small_packet_standalone_or_sub_review,decide_if_standalone_normal_main_or_sub_under_nearby_packet,low,false,1,single_or_micro,mixed_manual_relation_review,low,Latin America,Modern typography and layout,Wikimedia Commons,1995-1999,1996-1996,1,1,0,0,1,0,SURF-CAW2026R03341,Stamp of Belarus - 1996 - Colnect 85717 - Block Summer Olympic Games Atlanta 96.jpeg,-4.9,card_context_candidate,stamp_or_philatelic:postage; stamp_or_philatelic:stamp; stamp_or_philatelic:stamps; commons_file_source,small packet may not need cover-main treatment
Latin America|Travel and transport poster culture|Wikimedia Commons|1910-1914,small_packet_standalone_or_sub_review,decide_if_standalone_normal_main_or_sub_under_nearby_packet,low,true,1,single_or_micro,mixed_manual_relation_review,low,Latin America,Travel and transport poster culture,Wikimedia Commons,1910-1914,1910-1910,1,1,0,1,0,0,SURF-CAW2026R01110,Thomas Cook 1910 Jamaica Poster cropped.jpg,75.7,packet_member_review,commons_file_source,small packet may not need cover-main treatment
Latin America|Travel and transport poster culture|Wikimedia Commons|1945-1949,small_packet_standalone_or_sub_review,decide_if_standalone_normal_main_or_sub_under_nearby_packet,low,false,1,single_or_micro,mixed_manual_relation_review,low,Latin America,Travel and transport poster culture,Wikimedia Commons,1945-1949,1945-1945,1,1,0,0,1,0,SURF-CAW2026R02190,Nicaragua.1945.090c.Columbus Lighthouse.jpg,-20.2,card_context_candidate,stamp_or_philatelic:postage; stamp_or_philatelic:stamp; commons_file_source,small packet may not need cover-main treatment
Latin America|Travel and transport poster culture|Wikimedia Commons|1950-1954,small_packet_standalone_or_sub_review,decide_if_standalone_normal_main_or_sub_under_nearby_packet,low,false,1,single_or_micro,mixed_manual_relation_review,low,Latin America,Travel and transport poster culture,Wikimedia Commons,1950-1954,1951-1951,1,1,0,0,1,0,SURF-CAW2026R02330,Jamaica 2d pair (1951).jpg,-25.0,card_context_candidate,stamp_or_philatelic:postage; stamp_or_philatelic:stamp; stamp_or_philatelic:stamps; commons_file_source,small packet may not need cover-main treatment
Latin America|Travel and transport poster culture|Wikimedia Commons|1990-1994,small_packet_standalone_or_sub_review,decide_if_standalone_normal_main_or_sub_under_nearby_packet,low,false,1,single_or_micro,mixed_manual_relation_review,low,Latin America,Travel and transport poster culture,Wikimedia Commons,1990-1994,1992-1992,1,1,0,0,1,0,SURF-CAW2026R03260,Dominican Republic.1992.030c.Columbus Lighthouse.jpg,-18.8,card_context_candidate,stamp_or_philatelic:postage; stamp_or_philatelic:stamp; commons_file_source,small packet may not need cover-main treatment
Latin America|World War and public-information graphics|Wikimedia Commons|1900-1904,small_packet_standalone_or_sub_review,decide_if_standalone_normal_main_or_sub_under_nearby_packet,low,false,1,single_or_micro,mixed_manual_relation_review,low,Latin America,World War and public-information graphics,Wikimedia Commons,1900-1904,1903-1903,1,1,0,0,1,0,SURF-CAW2026R00924,Stamp of Gwalior - 1903 - Colnect 752342 - King Edward VII.jpeg,-5.2,card_context_candidate,stamp_or_philatelic:postage; stamp_or_philatelic:stamp; stamp_or_philatelic:stamps; commons_file_source,small packet may not need cover-main treatment
Latin America|World War and public-information graphics|Wikimedia Commons|1905-1909,small_packet_standalone_or_sub_review,decide_if_standalone_normal_main_or_sub_under_nearby_packet,low,false,1,single_or_micro,mixed_manual_relation_review,low,Latin America,World War and public-information graphics,Wikimedia Commons,1905-1909,1905-1905,1,1,0,0,1,0,SURF-CAW2026R00969,Stamp of Gwalior - 1905 - Colnect 752331 - King Edward VII overprinted in Hindi - Gwalior Service.jpeg,-22.1,card_context_candidate,stamp_or_philatelic:postage; stamp_or_philatelic:stamp; stamp_or_philatelic:stamps; commons_file_source,small packet may not need cover-main treatment
Latin America|World War and public-information graphics|Wikimedia Commons|1965-1969,small_packet_standalone_or_sub_review,decide_if_standalone_normal_main_or_sub_under_nearby_packet,low,false,1,single_or_micro,mixed_manual_relation_review,low,Latin America,World War and public-information graphics,Wikimedia Commons,1965-1969,1967-1967,1,1,0,0,1,0,SURF-CAW2026R02722,Stamp of Ajman - 1967 - Colnect 497233 - Nur and the warrior girl.jpeg,-2.8,card_context_candidate,stamp_or_philatelic:postage; stamp_or_philatelic:stamp; stamp_or_philatelic:stamps; commons_file_source,small packet may not need cover-main treatment
Latvia|Modern typography and layout|Wikimedia Commons|1860-1864,small_packet_standalone_or_sub_review,decide_if_standalone_normal_main_or_sub_under_nearby_packet,low,false,1,single_or_micro,mixed_manual_relation_review,low,Latvia,Modern typography and layout,Wikimedia Commons,1860-1864,1863-1863,1,1,0,0,1,0,SURF-CAW2026R00248,"The Soviet Union 1963 CPA 2837 stamp (Writers and poets of our Motherland. Rūdolfs Blaumanis (1863–1908), a Latvian writer, journalist and playwright).jpg",-12.0,card_context_candidate,stamp_or_philatelic:postage; stamp_or_philatelic:stamp; commons_file_source,small packet may not need cover-main treatment
Latvia|Modern typography and layout|Wikimedia Commons|1920-1924,small_packet_standalone_or_sub_review,decide_if_standalone_normal_main_or_sub_under_nearby_packet,low,false,1,single_or_micro,mixed_manual_relation_review,low,Latvia,Modern typography and layout,Wikimedia Commons,1920-1924,1920-1920,1,1,0,0,1,0,SURF-CAW2026R01410,Zarinsh 50 kap.jpg,-19.2,card_context_candidate,stamp_or_philatelic:postage; stamp_or_philatelic:stamp; commons_file_source,small packet may not need cover-main treatment
Latvia|Modern typography and layout|Wikimedia Commons|1925-1929,small_packet_standalone_or_sub_review,decide_if_standalone_normal_main_or_sub_under_nearby_packet,low,false,1,single_or_micro,mixed_manual_relation_review,low,Latvia,Modern typography and layout,Wikimedia Commons,1925-1929,1927-1927,1,1,0,0,1,0,SURF-CAW2026R01584,Riga 1950 25kop USSR.jpg,-11.5,card_context_candidate,stamp_or_philatelic:postage; stamp_or_philatelic:stamp; commons_file_source,small packet may not need cover-main treatment
Latvia|Modern typography and layout|Wikimedia Commons|1950-1954,small_packet_standalone_or_sub_review,decide_if_standalone_normal_main_or_sub_under_nearby_packet,low,false,1,single_or_micro,mixed_manual_relation_review,low,Latvia,Modern typography and layout,Wikimedia Commons,1950-1954,1950-1950,1,1,0,0,1,0,SURF-CAW2026R02303,Riga 1950 60kop USSR.jpg,-19.0,card_context_candidate,stamp_or_philatelic:postage; stamp_or_philatelic:stamp; commons_file_source,small packet may not need cover-main treatment
Latvia|Modern typography and layout|Wikimedia Commons|1965-1969,small_packet_standalone_or_sub_review,decide_if_standalone_normal_main_or_sub_under_nearby_packet,low,false,1,single_or_micro,mixed_manual_relation_review,low,Latvia,Modern typography and layout,Wikimedia Commons,1965-1969,1965-1965,1,1,0,0,1,0,SURF-CAW2026R02667,Latvia 1965 4 kop Rainis USSR.jpg,-17.0,card_context_candidate,stamp_or_philatelic:postage; stamp_or_philatelic:stamp; commons_file_source,small packet may not need cover-main treatment
Latvia|Modern typography and layout|Wikimedia Commons|1985-1989,small_packet_standalone_or_sub_review,decide_if_standalone_normal_main_or_sub_under_nearby_packet,low,false,1,single_or_micro,mixed_manual_relation_review,low,Latvia,Modern typography and layout,Wikimedia Commons,1985-1989,1989-1989,1,1,0,0,1,0,SURF-CAW2026R03166,"The Soviet Union 1989 CPA 6094 stamp (Lāčplēsis, Latvian epic poem. G. Wilks).jpg",-17.0,card_context_candidate,stamp_or_philatelic:postage; stamp_or_philatelic:stamp; commons_file_source,small packet may not need cover-main treatment
Latvia|Travel and transport poster culture|Wikimedia Commons|1990-1994,small_packet_standalone_or_sub_review,decide_if_standalone_normal_main_or_sub_under_nearby_packet,low,false,1,single_or_micro,mixed_manual_relation_review,low,Latvia,Travel and transport poster culture,Wikimedia Commons,1990-1994,1991-1991,1,1,0,0,1,0,SURF-CAW2026R03221,StampofLatvia10rub.jpg,-3.4,card_context_candidate,stamp_or_philatelic:postage; stamp_or_philatelic:stamp; stamp_or_philatelic:stamps; commons_file_source,small packet may not need cover-main treatment
Latvia|World War and public-information graphics|Wikimedia Commons|1915-1919,small_packet_standalone_or_sub_review,decide_if_standalone_normal_main_or_sub_under_nearby_packet,low,false,1,single_or_micro,mixed_manual_relation_review,low,Latvia,World War and public-information graphics,Wikimedia Commons,1915-1919,1919-1919,1,1,0,0,1,0,SURF-CAW2026R01363,Libau5pf2jan1919.jpg,-21.2,card_context_candidate,stamp_or_philatelic:postage; stamp_or_philatelic:stamp; stamp_or_philatelic:stamps; commons_file_source,small packet may not need cover-main treatment
Lebanon|Modern typography and layout|Wikimedia Commons|1925-1929,small_packet_standalone_or_sub_review,decide_if_standalone_normal_main_or_sub_under_nearby_packet,low,true,1,single_or_micro,mixed_manual_relation_review,low,Lebanon,Modern typography and layout,Wikimedia Commons,1925-1929,1927-1927,1,1,0,1,0,0,SURF-CAW2026R01591,Ḥurūb Ibrāhīm Bāshā al-Miṣrī fī Sūriyā wa-al-Anāḍūl Book Cover.jpg,68.5,packet_member_review,commons_file_source,small packet may not need cover-main treatment
Lebanon|Modern typography and layout|Wikimedia Commons|1960-1964,small_packet_standalone_or_sub_review,decide_if_standalone_normal_main_or_sub_under_nearby_packet,low,false,1,small,mixed_manual_relation_review,low,Lebanon,Modern typography and layout,Wikimedia Commons,1960-1964,1961-1961,2,1,0,0,1,0,SURF-CCT2026R03128,"Emirs Fakher ad din II & Bashir II, stamp.jpg",-4.15,card_context_candidate,stamp_or_philatelic:postage; stamp_or_philatelic:stamp; stamp_or_philatelic:stamps; commons_file_source,small packet may not need cover-main treatment
Lithuania|Modern typography and layout|Wikimedia Commons|1940-1944,small_packet_standalone_or_sub_review,decide_if_standalone_normal_main_or_sub_under_nearby_packet,low,false,1,single_or_micro,mixed_manual_relation_review,low,Lithuania,Modern typography and layout,Wikimedia Commons,1940-1944,1940-1940,1,1,0,0,1,0,SURF-CAW2026R01934,"Lithuanian postage stamp with the Lithuanian Liberty Bell, 1940.jpg",-7.1,card_context_candidate,stamp_or_philatelic:commemorative; stamp_or_philatelic:postage; stamp_or_philatelic:stamp; commons_file_source,small packet may not need cover-main treatment
Lithuania|Modern typography and layout|Wikimedia Commons|1985-1989,small_packet_standalone_or_sub_review,decide_if_standalone_normal_main_or_sub_under_nearby_packet,low,false,1,single_or_micro,mixed_manual_relation_review,low,Lithuania,Modern typography and layout,Wikimedia Commons,1985-1989,1985-1985,1,1,0,0,1,0,SURF-CAW2026R03060,Stamp of Indonesia - 1985 - Colnect 938729 - Five Year Development Plan.jpeg,-3.7,card_context_candidate,stamp_or_philatelic:postage; stamp_or_philatelic:stamp; stamp_or_philatelic:stamps; commons_file_source,small packet may not need cover-main treatment
Madagascar|Modern typography and layout|Wikimedia Commons|1830-1834,small_packet_standalone_or_sub_review,decide_if_standalone_normal_main_or_sub_under_nearby_packet,low,false,1,small,mixed_manual_relation_review,low,Madagascar,Modern typography and layout,Wikimedia Commons,1830-1834,1832-1832,2,1,0,0,1,0,SURF-CAW2026R00105,Manet Schenke Malagasy Stamp 1982.jpg,-2.65,card_context_candidate,stamp_or_philatelic:postage; stamp_or_philatelic:stamp; stamp_or_philatelic:stamps; commons_file_source,small packet may not need cover-main treatment
Mainland China|Public health and social communication|Wellcome Collection|1960-1964,small_packet_standalone_or_sub_review,decide_if_standalone_normal_main_or_sub_under_nearby_packet,low,true,1,single_or_micro,mixed_manual_relation_review,low,Mainland China,Public health and social communication,Wellcome Collection,1960-1964,1963-1963,1,1,0,1,0,0,SURF-IR1970R063,"Schistosomiasis: how it is transmitted and prevented. Colour lithographs, 1963.",65.2,packet_member_review,,small packet may not need cover-main treatment
Malaysia|Modern typography and layout|Wikimedia Commons|1940-1944,small_packet_standalone_or_sub_review,decide_if_standalone_normal_main_or_sub_under_nearby_packet,low,false,1,small,mixed_manual_relation_review,low,Malaysia,Modern typography and layout,Wikimedia Commons,1940-1944,1942-1942,2,1,0,0,1,0,SURF-CAW2026R02122,Stamp1 of Borneo-JapanOccupation.jpg,-16.95,card_context_candidate,stamp_or_philatelic:postage; stamp_or_philatelic:stamp; commons_file_source,small packet may not need cover-main treatment
Malaysia|Modern typography and layout|Wikimedia Commons|1970-1974,small_packet_standalone_or_sub_review,decide_if_standalone_normal_main_or_sub_under_nearby_packet,low,false,1,small,mixed_manual_relation_review,low,Malaysia,Modern typography and layout,Wikimedia Commons,1970-1974,1972-1972,2,1,0,0,1,0,SURF-CCT2026R04249,Declaration of Kuala Lumpur City commemorative stamp set.jpg,-10.15,card_context_candidate,stamp_or_philatelic:commemorative; stamp_or_philatelic:postage; stamp_or_philatelic:stamp; stamp_or_philatelic:stamps; commons_file_source,small packet may not need cover-main treatment
Malaysia|Modern typography and layout|Wikimedia Commons|1980-1984,small_packet_standalone_or_sub_review,decide_if_standalone_normal_main_or_sub_under_nearby_packet,low,false,1,single_or_micro,mixed_manual_relation_review,low,Malaysia,Modern typography and layout,Wikimedia Commons,1980-1984,1981-1981,1,1,0,0,1,0,SURF-CAW2026R03029,Stamp of Indonesia - 1981 - Colnect 277311 - 2 - President Suharto - back.jpeg,-4.9,card_context_candidate,stamp_or_philatelic:postage; stamp_or_philatelic:stamp; stamp_or_philatelic:stamps; commons_file_source,small packet may not need cover-main treatment
Malaysia|Modern typography and layout|Wikimedia Commons|1990-1994,small_packet_standalone_or_sub_review,decide_if_standalone_normal_main_or_sub_under_nearby_packet,low,false,1,single_or_micro,mixed_manual_relation_review,low,Malaysia,Modern typography and layout,Wikimedia Commons,1990-1994,1994-1994,1,1,0,0,1,0,SURF-CAW2026R03301,Stamp of Indonesia - 1994 - Colnect 277312 - Art and Culture.jpeg,-5.6,card_context_candidate,stamp_or_philatelic:postage; stamp_or_philatelic:stamp; stamp_or_philatelic:stamps; commons_file_source,small packet may not need cover-main treatment
Malaysia|Modern typography and layout|Wikimedia Commons|1995-1999,small_packet_standalone_or_sub_review,decide_if_standalone_normal_main_or_sub_under_nearby_packet,low,false,1,single_or_micro,mixed_manual_relation_review,low,Malaysia,Modern typography and layout,Wikimedia Commons,1995-1999,1997-1997,1,1,0,0,1,0,SURF-CAW2026R03371,Stamp of Indonesia - 1997 - Colnect 254175 - Indonesian Cooperatives - Tasikmalaya.jpeg,-4.9,card_context_candidate,stamp_or_philatelic:postage; stamp_or_philatelic:stamp; stamp_or_philatelic:stamps; commons_file_source,small packet may not need cover-main treatment
Mali|Modern typography and layout|Wikimedia Commons|1990-1994,small_packet_standalone_or_sub_review,decide_if_standalone_normal_main_or_sub_under_nearby_packet,low,true,1,single_or_micro,small_anchor_or_manual,low,Mali,Modern typography and layout,Wikimedia Commons,1990-1994,1993-1993,1,1,0,0,0,0,SURF-CAW2026R03266,"ASC Leiden - van Achterberg Collection - 03 - 02 - Une rue avec des piétons et des voitures garées à la cathédrale - Bamako, Mali - novembre-décembre 1993.tif",98.0,manual_relation_review,commons_file_source,small packet may not need cover-main treatment
Mali|Modern typography and layout|Wikimedia Commons|2005-2009,small_packet_standalone_or_sub_review,decide_if_standalone_normal_main_or_sub_under_nearby_packet,low,true,1,small,small_anchor_or_manual,low,Mali,Modern typography and layout,Wikimedia Commons,2005-2009,2008-2008,2,1,0,0,0,0,SURF-CAW2026R03607,Shop bamako posters marche fadjiguila.jpg,91.85,manual_relation_review,commons_file_source,small packet may not need cover-main treatment
Mali|Modern typography and layout|Wikimedia Commons|2010-2014,small_packet_standalone_or_sub_review,decide_if_standalone_normal_main_or_sub_under_nearby_packet,low,true,1,single_or_micro,small_anchor_or_manual,low,Mali,Modern typography and layout,Wikimedia Commons,2010-2014,2014-2014,1,1,0,0,0,0,SURF-CAW2026R03908,Livre de calcul en bambara au Mali (12769292193).jpg,91.9,manual_relation_review,commons_file_source,small packet may not need cover-main treatment
Mauritius|Modern typography and layout|Wikimedia Commons|1830-1834,small_packet_standalone_or_sub_review,decide_if_standalone_normal_main_or_sub_under_nearby_packet,low,true,1,single_or_micro,small_anchor_or_manual,low,Mauritius,Modern typography and layout,Wikimedia Commons,1830-1834,1830-1830,1,1,0,0,0,0,SURF-CAW2026R00008,The ships 'Vigilant' and 'Harpooner' offshore RMG BHC3390.tiff,90.2,manual_relation_review,commons_file_source,small packet may not need cover-main treatment
Mauritius|Modern typography and layout|Wikimedia Commons|2010-2014,small_packet_standalone_or_sub_review,decide_if_standalone_normal_main_or_sub_under_nearby_packet,low,true,1,single_or_micro,small_anchor_or_manual,low,Mauritius,Modern typography and layout,Wikimedia Commons,2010-2014,2013-2013,1,1,0,0,0,0,SURF-CAW2026R03826,Poster 6- Poverty and Inequality (10070721253).jpg,89.1,manual_relation_review,commons_file_source,small packet may not need cover-main treatment
Mexico|Corporate identity and design systems|Los Angeles Public Library Tessa / CONTENTdm|1975-1979,small_packet_standalone_or_sub_review,decide_if_standalone_normal_main_or_sub_under_nearby_packet,low,true,1,single_or_micro,mixed_manual_relation_review,low,Mexico,Corporate identity and design systems,Los Angeles Public Library Tessa / CONTENTdm,1975-1979,1976-1976,1,1,0,1,0,0,SURF-SBC1970R0019,1976 Brockman Gallery Film Festival,65.0,packet_member_review,,small packet may not need cover-main treatment
Mexico|Corporate identity and design systems|Wikimedia Commons|2015-2019,small_packet_standalone_or_sub_review,decide_if_standalone_normal_main_or_sub_under_nearby_packet,low,true,1,single_or_micro,small_anchor_or_manual,low,Mexico,Corporate identity and design systems,Wikimedia Commons,2015-2019,2016-2016,1,1,0,0,0,0,SURF-CGS2026R1236,Cartel Editatona Cineteca.jpg,95.0,manual_relation_review,commons_file_source,small packet may not need cover-main treatment
Mexico|Modern typography and layout|Wikimedia Commons|2000-2004,small_packet_standalone_or_sub_review,decide_if_standalone_normal_main_or_sub_under_nearby_packet,low,false,1,single_or_micro,mixed_manual_relation_review,low,Mexico,Modern typography and layout,Wikimedia Commons,2000-2004,2003-2003,1,1,0,0,1,0,SURF-CAW2026R03484,"Satellite image of Florida Keys by NASA (credit of Jeff Schmaltz, MODIS Rapid Response Team, NASA,GSFC) with lables.png",-12.7,card_context_candidate,stamp_or_philatelic:postage; stamp_or_philatelic:stamp; commons_file_source,small packet may not need cover-main treatment
Mexico|New Deal and civic poster programs|Wikimedia Commons|1950-1954,small_packet_standalone_or_sub_review,decide_if_standalone_normal_main_or_sub_under_nearby_packet,low,true,1,single_or_micro,mixed_manual_relation_review,low,Mexico,New Deal and civic poster programs,Wikimedia Commons,1950-1954,1953-1953,1,1,0,1,0,0,SURF-CCE2026R00587,Newpaper clipping in Spanish advertising show at the Lyric Theater 1953.jpg,73.3,packet_member_review,commons_file_source,small packet may not need cover-main treatment
Mexico|Travel and transport poster culture|Los Angeles Public Library Tessa / CONTENTdm|1975-1979,small_packet_standalone_or_sub_review,decide_if_standalone_normal_main_or_sub_under_nearby_packet,low,false,1,single_or_micro,mixed_manual_relation_review,low,Mexico,Travel and transport poster culture,Los Angeles Public Library Tessa / CONTENTdm,1975-1979,1975-1975,1,1,0,1,0,0,SURF-SBC1970R0017,9th Annual Berkeley Jazz Festival,62.6,packet_member_review,,small packet may not need cover-main treatment
Mexico|World War and public-information graphics|Wikimedia Commons|1910-1914,small_packet_standalone_or_sub_review,decide_if_standalone_normal_main_or_sub_under_nearby_packet,low,false,1,single_or_micro,mixed_manual_relation_review,low,Mexico,World War and public-information graphics,Wikimedia Commons,1910-1914,1910-1910,1,1,0,0,1,0,SURF-CAW2026R01111,Stamp 1915 Mexico MiNr0326 pm B002.jpg,3.5,card_context_candidate,stamp_or_philatelic:postage; stamp_or_philatelic:stamp; commons_file_source,small packet may not need cover-main treatment
Mexico|World War and public-information graphics|Wikimedia Commons|1965-1969,small_packet_standalone_or_sub_review,decide_if_standalone_normal_main_or_sub_under_nearby_packet,low,false,1,single_or_micro,mixed_manual_relation_review,low,Mexico,World War and public-information graphics,Wikimedia Commons,1965-1969,1968-1968,1,1,0,0,1,0,SURF-CAW2026R02750,TCD 1969 MiNr0263U mt B002.jpg,-11.5,card_context_candidate,stamp_or_philatelic:commemorative; stamp_or_philatelic:postage; stamp_or_philatelic:stamp; stamp_or_philatelic:stamps; commons_file_source,small packet may not need cover-main treatment
Moldova|Modern typography and layout|Wikimedia Commons|1840-1844,small_packet_standalone_or_sub_review,decide_if_standalone_normal_main_or_sub_under_nearby_packet,low,true,1,single_or_micro,mixed_manual_relation_review,low,Moldova,Modern typography and layout,Wikimedia Commons,1840-1844,1840-1840,1,1,0,1,0,0,SURF-CAW2026R00128,Dictionnaire français-arabe-persan et turc (1840) book cover.jpg,70.0,packet_member_review,commons_file_source,small packet may not need cover-main treatment
Moldova|Modern typography and layout|Wikimedia Commons|1850-1854,small_packet_standalone_or_sub_review,decide_if_standalone_normal_main_or_sub_under_nearby_packet,low,false,1,single_or_micro,mixed_manual_relation_review,low,Moldova,Modern typography and layout,Wikimedia Commons,1850-1854,1850-1850,1,1,0,0,1,0,SURF-CAW2026R00166,Stamp of Moldova - 2010 - Colnect 217200 - Mihai Eminescu 1850-1889.jpeg,-3.7,card_context_candidate,stamp_or_philatelic:postage; stamp_or_philatelic:stamp; stamp_or_philatelic:stamps; commons_file_source,small packet may not need cover-main treatment
Moldova|Modern typography and layout|Wikimedia Commons|1940-1944,small_packet_standalone_or_sub_review,decide_if_standalone_normal_main_or_sub_under_nearby_packet,low,false,1,single_or_micro,mixed_manual_relation_review,low,Moldova,Modern typography and layout,Wikimedia Commons,1940-1944,1942-1942,1,1,0,0,1,0,SURF-CAW2026R02114,Stamp of Moldova - 2012 - Colnect 272865 - Mihai Dolgan 1942-2008 Singer and Composer.jpeg,-7.9,card_context_candidate,weak_context:anniversary; stamp_or_philatelic:postage; stamp_or_philatelic:stamp; stamp_or_philatelic:stamps; commons_file_source,small packet may not need cover-main treatment
Mongolia|Modern typography and layout|Wikimedia Commons|1945-1949,small_packet_standalone_or_sub_review,decide_if_standalone_normal_main_or_sub_under_nearby_packet,low,false,1,single_or_micro,mixed_manual_relation_review,low,Mongolia,Modern typography and layout,Wikimedia Commons,1945-1949,1948-1948,1,1,0,0,1,0,SURF-CAW2026R02242,USSR-communicationmeeting-1958.jpg,-3.4,card_context_candidate,stamp_or_philatelic:postage; stamp_or_philatelic:stamp; stamp_or_philatelic:stamps; commons_file_source,small packet may not need cover-main treatment
Morocco|Modern typography and layout|Wikimedia Commons|1855-1859,small_packet_standalone_or_sub_review,decide_if_standalone_normal_main_or_sub_under_nearby_packet,low,false,1,single_or_micro,mixed_manual_relation_review,low,Morocco,Modern typography and layout,Wikimedia Commons,1855-1859,1855-1855,1,1,0,0,1,0,SURF-CAW2026R00216,Stamp of Ras al-Khaimah-1967-Moroccan-Saddling-His-Horse-by-Eugène-Delacroix-1855.jpg,0.2,card_context_candidate,stamp_or_philatelic:postage; stamp_or_philatelic:stamp; commons_file_source,small packet may not need cover-main treatment
Morocco|Modern typography and layout|Wikimedia Commons|1890-1894,small_packet_standalone_or_sub_review,decide_if_standalone_normal_main_or_sub_under_nearby_packet,low,false,1,single_or_micro,mixed_manual_relation_review,low,Morocco,Modern typography and layout,Wikimedia Commons,1890-1894,1890-1890,1,1,0,0,1,0,SURF-CCT2026R00472,Stamp UK Morocco 1898 10cmo.jpg,-5.2,card_context_candidate,stamp_or_philatelic:postage; stamp_or_philatelic:stamp; stamp_or_philatelic:stamps; commons_file_source,small packet may not need cover-main treatment
Morocco|Modern typography and layout|Wikimedia Commons|1900-1904,small_packet_standalone_or_sub_review,decide_if_standalone_normal_main_or_sub_under_nearby_packet,low,false,1,single_or_micro,mixed_manual_relation_review,low,Morocco,Modern typography and layout,Wikimedia Commons,1900-1904,1903-1903,1,1,0,0,1,0,SURF-CAW2026R00929,Spanish Post in Morocco 1903 Mi.5.jpg,-14.6,card_context_candidate,stamp_or_philatelic:postage; stamp_or_philatelic:stamp; stamp_or_philatelic:stamps; commons_file_source,small packet may not need cover-main treatment
Morocco|Modern typography and layout|Wikimedia Commons|1915-1919,small_packet_standalone_or_sub_review,decide_if_standalone_normal_main_or_sub_under_nearby_packet,low,false,1,single_or_micro,mixed_manual_relation_review,low,Morocco,Modern typography and layout,Wikimedia Commons,1915-1919,1917-1917,1,1,0,0,1,0,SURF-CCT2026R00485,Stamp UK Morocco 1917 15cme.jpg,-5.2,card_context_candidate,stamp_or_philatelic:postage; stamp_or_philatelic:stamp; stamp_or_philatelic:stamps; commons_file_source,small packet may not need cover-main treatment
Morocco|Modern typography and layout|Wikimedia Commons|1965-1969,small_packet_standalone_or_sub_review,decide_if_standalone_normal_main_or_sub_under_nearby_packet,low,false,1,single_or_micro,mixed_manual_relation_review,low,Morocco,Modern typography and layout,Wikimedia Commons,1965-1969,1968-1968,1,1,0,0,1,0,SURF-CCT2026R00511,Stamp of Rwanda - 1968 - Colnect 541086 - Morocco.jpeg,-5.2,card_context_candidate,stamp_or_philatelic:postage; stamp_or_philatelic:stamp; stamp_or_philatelic:stamps; commons_file_source,small packet may not need cover-main treatment
Morocco|Modern typography and layout|Wikimedia Commons|1970-1974,small_packet_standalone_or_sub_review,decide_if_standalone_normal_main_or_sub_under_nearby_packet,low,false,1,single_or_micro,mixed_manual_relation_review,low,Morocco,Modern typography and layout,Wikimedia Commons,1970-1974,1974-1974,1,1,0,0,1,0,SURF-CCT2026R00512,Stamp of Algeria - 1974 - Maghreb-States-Committee.jpg,-7.8,card_context_candidate,stamp_or_philatelic:postage; stamp_or_philatelic:stamp; stamp_or_philatelic:stamps; commons_file_source,small packet may not need cover-main treatment
Morocco|Modern typography and layout|Wikimedia Commons|2005-2009,small_packet_standalone_or_sub_review,decide_if_standalone_normal_main_or_sub_under_nearby_packet,low,false,1,single_or_micro,mixed_manual_relation_review,low,Morocco,Modern typography and layout,Wikimedia Commons,2005-2009,2008-2008,1,1,0,0,1,0,SURF-CCT2026R00513,Sellos del Protectorado español de Marruecos.jpg,-24.1,card_context_candidate,stamp_or_philatelic:postage; stamp_or_philatelic:stamp; stamp_or_philatelic:stamps; commons_file_source,small packet may not need cover-main treatment
Morocco|World War and public-information graphics|Wikimedia Commons|1905-1909,small_packet_standalone_or_sub_review,decide_if_standalone_normal_main_or_sub_under_nearby_packet,low,false,1,single_or_micro,mixed_manual_relation_review,low,Morocco,World War and public-information graphics,Wikimedia Commons,1905-1909,1907-1907,1,1,0,0,1,0,SURF-CCT2026R00479,Stamp UK Morocco 1907 6p.jpg,-5.2,card_context_candidate,stamp_or_philatelic:postage; stamp_or_philatelic:stamp; stamp_or_philatelic:stamps; commons_file_source,small packet may not need cover-main treatment
Morocco|World War and public-information graphics|Wikimedia Commons|1915-1919,small_packet_standalone_or_sub_review,decide_if_standalone_normal_main_or_sub_under_nearby_packet,low,true,1,small,small_anchor_or_manual,low,Morocco,World War and public-information graphics,Wikimedia Commons,1915-1919,1917-1917,2,1,0,0,0,0,SURF-CAW2026R01269,"Die Marokko=Deutschen in der Gewalt der Franzosen - film poster, Vienna.jpg",94.35,manual_relation_review,commons_file_source,small packet may not need cover-main treatment
Mozambique|Modern typography and layout|Wikimedia Commons|1900-1904,small_packet_standalone_or_sub_review,decide_if_standalone_normal_main_or_sub_under_nearby_packet,low,false,1,single_or_micro,mixed_manual_relation_review,low,Mozambique,Modern typography and layout,Wikimedia Commons,1900-1904,1901-1901,1,1,0,0,1,0,SURF-CAW2026R00878,Stamp of Peru - 1901 - Colnect 846122 - May 2nd Column.jpeg,-17.4,card_context_candidate,stamp_or_philatelic:postage; stamp_or_philatelic:stamp; stamp_or_philatelic:stamps; commons_file_source,small packet may not need cover-main treatment
Mozambique|Modern typography and layout|Wikimedia Commons|1910-1914,small_packet_standalone_or_sub_review,decide_if_standalone_normal_main_or_sub_under_nearby_packet,low,false,1,single_or_micro,mixed_manual_relation_review,low,Mozambique,Modern typography and layout,Wikimedia Commons,1910-1914,1912-1912,1,1,0,0,1,0,SURF-CCT2026R00570,Inhambane stamp Ceres.jpg,-20.6,card_context_candidate,stamp_or_philatelic:postage; stamp_or_philatelic:stamp; stamp_or_philatelic:stamps; commons_file_source,small packet may not need cover-main treatment
Myanmar|Modern typography and layout|Wikimedia Commons|2005-2009,small_packet_standalone_or_sub_review,decide_if_standalone_normal_main_or_sub_under_nearby_packet,low,true,1,single_or_micro,mixed_manual_relation_review,low,Myanmar,Modern typography and layout,Wikimedia Commons,2005-2009,2005-2005,1,1,0,1,0,0,SURF-CAW2026R03529,Burma Shave slogans.jpg,72.7,packet_member_review,commons_file_source,small packet may not need cover-main treatment
Namibia|Modern typography and layout|Wikimedia Commons|1960-1964,small_packet_standalone_or_sub_review,decide_if_standalone_normal_main_or_sub_under_nearby_packet,low,true,1,single_or_micro,mixed_manual_relation_review,low,Namibia,Modern typography and layout,Wikimedia Commons,1960-1964,1960-1960,1,1,0,1,0,0,SURF-CAW2026R02570,Elbaite-197411.jpg,71.4,packet_member_review,non_design_drift:specimen; commons_file_source,small packet may not need cover-main treatment
Namibia|Modern typography and layout|Wikimedia Commons|2015-2019,small_packet_standalone_or_sub_review,decide_if_standalone_normal_main_or_sub_under_nearby_packet,low,true,1,single_or_micro,mixed_manual_relation_review,low,Namibia,Modern typography and layout,Wikimedia Commons,2015-2019,2019-2019,1,1,0,1,0,0,SURF-CAW2026R04347,Charcoal Packaging - Namibia.jpg,71.6,packet_member_review,commons_file_source,small packet may not need cover-main treatment
Nepal|Modern typography and layout|Wikimedia Commons|1905-1909,small_packet_standalone_or_sub_review,decide_if_standalone_normal_main_or_sub_under_nearby_packet,low,false,1,single_or_micro,mixed_manual_relation_review,low,Nepal,Modern typography and layout,Wikimedia Commons,1905-1909,1907-1907,1,1,0,0,1,0,SURF-CCT2026R03869,Stamp-Nepal Pashupati selection.jpg,-20.4,card_context_candidate,stamp_or_philatelic:philatelic; stamp_or_philatelic:postage; stamp_or_philatelic:stamp; stamp_or_philatelic:stamps; commons_file_source,small packet may not need cover-main treatment
Nepal|Modern typography and layout|Wikimedia Commons|1955-1959,small_packet_standalone_or_sub_review,decide_if_standalone_normal_main_or_sub_under_nearby_packet,low,false,1,single_or_micro,mixed_manual_relation_review,low,Nepal,Modern typography and layout,Wikimedia Commons,1955-1959,1959-1959,1,1,0,0,1,0,SURF-CCT2026R03872,Nepal-1959-Sc120-King Mahendra Opening Parliament.jpg,-11.2,card_context_candidate,stamp_or_philatelic:commemorative; stamp_or_philatelic:postage; stamp_or_philatelic:stamp; stamp_or_philatelic:stamps; commons_file_source,small packet may not need cover-main treatment
Nepal|Modern typography and layout|Wikimedia Commons|1965-1969,small_packet_standalone_or_sub_review,decide_if_standalone_normal_main_or_sub_under_nearby_packet,low,false,1,single_or_micro,mixed_manual_relation_review,low,Nepal,Modern typography and layout,Wikimedia Commons,1965-1969,1969-1969,1,1,0,0,1,0,SURF-CCT2026R03873,Amshuverma stamp.jpg,-2.5,card_context_candidate,stamp_or_philatelic:postage; stamp_or_philatelic:stamp; stamp_or_philatelic:stamps; commons_file_source,small packet may not need cover-main treatment
Nepal|Modern typography and layout|Wikimedia Commons|2000-2004,small_packet_standalone_or_sub_review,decide_if_standalone_normal_main_or_sub_under_nearby_packet,low,true,1,small,mixed_manual_relation_review,low,Nepal,Modern typography and layout,Wikimedia Commons,2000-2004,2004-2004,2,1,0,1,0,0,SURF-CRB2026V2R0629,MET 2004 555 3 F.jpg,71.95,packet_member_review,commons_file_source,small packet may not need cover-main treatment
Nepal|Modern typography and layout|Wikimedia Commons|2010-2014,small_packet_standalone_or_sub_review,decide_if_standalone_normal_main_or_sub_under_nearby_packet,low,true,1,small,small_anchor_or_manual,low,Nepal,Modern typography and layout,Wikimedia Commons,2010-2014,2014-2014,2,1,0,0,0,0,SURF-CAW2026R03986,Korea Presidential Gifts Exhibition 06 (15288795760).jpg,94.95,manual_relation_review,commons_file_source,small packet may not need cover-main treatment
Nepal|World War and public-information graphics|Wikimedia Commons|1970-1974,small_packet_standalone_or_sub_review,decide_if_standalone_normal_main_or_sub_under_nearby_packet,low,false,1,single_or_micro,mixed_manual_relation_review,low,Nepal,World War and public-information graphics,Wikimedia Commons,1970-1974,1970-1970,1,1,0,0,1,0,SURF-CPT2026R00027,Balbhadra Kunwar stamp.jpg,0.8,card_context_candidate,stamp_or_philatelic:postage; stamp_or_philatelic:stamp; stamp_or_philatelic:stamps; commons_file_source,small packet may not need cover-main treatment
Netherlands|Midcentury modern graphic communication|Wellcome Collection|1930-1934,small_packet_standalone_or_sub_review,decide_if_standalone_normal_main_or_sub_under_nearby_packet,low,true,1,single_or_micro,mixed_manual_relation_review,low,Netherlands,Midcentury modern graphic communication,Wellcome Collection,1930-1934,1932-1932,1,1,0,1,0,0,SURF-IR1970R003,"A strong man supporting a weak and emaciated woman; representing the work of the Zonnestraal sanatorium for the tuberculous. Colour lithograph by A. Hahn, 1932.",76.2,packet_member_review,,small packet may not need cover-main treatment
Netherlands|Midcentury modern graphic communication|Wikimedia Commons|1900-1904,small_packet_standalone_or_sub_review,decide_if_standalone_normal_main_or_sub_under_nearby_packet,low,true,1,single_or_micro,mixed_manual_relation_review,low,Netherlands,Midcentury modern graphic communication,Wikimedia Commons,1900-1904,1900-1900,1,1,0,1,0,0,SURF-COM1970R012,"Vos & De Vries, Meubelfabriek De Eenvoud, Amsterdam.jpeg",73.1,packet_member_review,commons_file_source,small packet may not need cover-main treatment
Netherlands|Postwar exhibition and cultural posters|Wellcome Collection|1945-1949,small_packet_standalone_or_sub_review,decide_if_standalone_normal_main_or_sub_under_nearby_packet,low,false,1,single_or_micro,mixed_manual_relation_review,low,Netherlands,Postwar exhibition and cultural posters,Wellcome Collection,1945-1949,1949-1949,1,1,0,1,0,0,SURF-IR1970R033,"A hand which has lost two fingers, owing to attempts to clean dangerous machines while they are running. Colour lithograph by Jacob Jansma, 1949.",49.8,packet_member_review,,small packet may not need cover-main treatment
Netherlands|Postwar exhibition and cultural posters|Wellcome Collection|1950-1954,small_packet_standalone_or_sub_review,decide_if_standalone_normal_main_or_sub_under_nearby_packet,low,false,1,single_or_micro,mixed_manual_relation_review,low,Netherlands,Postwar exhibition and cultural posters,Wellcome Collection,1950-1954,1950-1950,1,1,0,1,0,0,SURF-IR1970R035,"A hand which has suffered a bad wound while in contact with machinery owing to a finger ring which has broken and torn the flesh. Colour lithograph by E. Lukács, 1950.",50.0,packet_member_review,,small packet may not need cover-main treatment
Nigeria|Corporate identity and design systems|Wikimedia Commons|1905-1909,small_packet_standalone_or_sub_review,decide_if_standalone_normal_main_or_sub_under_nearby_packet,low,true,1,single_or_micro,small_anchor_or_manual,low,Nigeria,Corporate identity and design systems,Wikimedia Commons,1905-1909,1907-1907,1,1,0,0,0,0,SURF-CAW2026R01048,"The Hereford Brand (Hereford, Tex.), Vol. 7, No. 43, Ed. 1 Friday, December 6, 1907 - DPLA - 54a4242503ae93d57d9e861ea71cfdb4 (page 10).jpg",93.9,manual_relation_review,commons_file_source,small packet may not need cover-main treatment
Nigeria|Modern typography and layout|Wikimedia Commons|1840-1844,small_packet_standalone_or_sub_review,decide_if_standalone_normal_main_or_sub_under_nearby_packet,low,false,1,single_or_micro,mixed_manual_relation_review,low,Nigeria,Modern typography and layout,Wikimedia Commons,1840-1844,1840-1840,1,1,0,0,1,0,SURF-CRB2026V2R0036,Stamp of Indonesia - 1961 - Colnect 260754 - Teuku Umar 1840-1899.jpeg,-5.7,card_context_candidate,stamp_or_philatelic:postage; stamp_or_philatelic:stamp; stamp_or_philatelic:stamps; commons_file_source,small packet may not need cover-main treatment
Nigeria|Modern typography and layout|Wikimedia Commons|1875-1879,small_packet_standalone_or_sub_review,decide_if_standalone_normal_main_or_sub_under_nearby_packet,low,false,1,single_or_micro,mixed_manual_relation_review,low,Nigeria,Modern typography and layout,Wikimedia Commons,1875-1879,1879-1879,1,1,0,0,1,0,SURF-CRB2026V2R0037,Stamp of Indonesia - 1961 - Colnect 260756 - Raden Adjeng Kartini 1879-1904.jpeg,-2.6,card_context_candidate,stamp_or_philatelic:postage; stamp_or_philatelic:stamp; stamp_or_philatelic:stamps; commons_file_source,small packet may not need cover-main treatment
Nigeria|Modern typography and layout|Wikimedia Commons|1885-1889,small_packet_standalone_or_sub_review,decide_if_standalone_normal_main_or_sub_under_nearby_packet,low,false,1,single_or_micro,mixed_manual_relation_review,low,Nigeria,Modern typography and layout,Wikimedia Commons,1885-1889,1886-1886,1,1,0,0,1,0,SURF-CRB2026V2R0038,Stamp of Indonesia - 1961 - Colnect 260750 - Abdul Muis 1886-1959.jpeg,-5.7,card_context_candidate,stamp_or_philatelic:postage; stamp_or_philatelic:stamp; stamp_or_philatelic:stamps; commons_file_source,small packet may not need cover-main treatment
Nigeria|Modern typography and layout|Wikimedia Commons|1905-1909,small_packet_standalone_or_sub_review,decide_if_standalone_normal_main_or_sub_under_nearby_packet,low,false,1,single_or_micro,mixed_manual_relation_review,low,Nigeria,Modern typography and layout,Wikimedia Commons,1905-1909,1905-1905,1,1,0,0,1,0,SURF-CCT2026R00575,1905 Borgu 1d local stamp with stamps of Northern Nigeria used on piece via Zungeru.jpg,-4.6,card_context_candidate,stamp_or_philatelic:postage; stamp_or_philatelic:stamp; stamp_or_philatelic:stamps; commons_file_source,small packet may not need cover-main treatment
Nigeria|Modern typography and layout|Wikimedia Commons|1910-1914,small_packet_standalone_or_sub_review,decide_if_standalone_normal_main_or_sub_under_nearby_packet,low,false,1,single_or_micro,mixed_manual_relation_review,low,Nigeria,Modern typography and layout,Wikimedia Commons,1910-1914,1912-1912,1,1,0,0,1,0,SURF-CRB2026V2R0039,Stamp of Indonesia - 1961 - Colnect 260760 - Djenderal Sudirman 1912-1950.jpeg,-2.6,card_context_candidate,stamp_or_philatelic:postage; stamp_or_philatelic:stamp; stamp_or_philatelic:stamps; commons_file_source,small packet may not need cover-main treatment
Nigeria|Modern typography and layout|Wikimedia Commons|1965-1969,small_packet_standalone_or_sub_review,decide_if_standalone_normal_main_or_sub_under_nearby_packet,low,true,1,single_or_micro,mixed_manual_relation_review,low,Nigeria,Modern typography and layout,Wikimedia Commons,1965-1969,1966-1966,1,1,0,1,0,0,SURF-CAW2026R02694,Lagos state of nigeria 5022137.JPG,73.6,packet_member_review,commons_file_source,small packet may not need cover-main treatment
Nigeria|World War and public-information graphics|Wikimedia Commons|1905-1909,small_packet_standalone_or_sub_review,decide_if_standalone_normal_main_or_sub_under_nearby_packet,low,false,1,single_or_micro,mixed_manual_relation_review,low,Nigeria,World War and public-information graphics,Wikimedia Commons,1905-1909,1907-1907,1,1,0,0,1,0,SURF-CCT2026R00576,Stamp Southern Nigeria 1907 1p.jpg,-3.3,card_context_candidate,stamp_or_philatelic:postage; stamp_or_philatelic:stamp; stamp_or_philatelic:stamps; commons_file_source,small packet may not need cover-main treatment
Nigeria|World War and public-information graphics|Wikimedia Commons|1940-1944,small_packet_standalone_or_sub_review,decide_if_standalone_normal_main_or_sub_under_nearby_packet,low,false,1,single_or_micro,mixed_manual_relation_review,low,Nigeria,World War and public-information graphics,Wikimedia Commons,1940-1944,1940-1940,1,1,0,0,1,0,SURF-CRB2026V2R0040,Matchbox label - Nigerian Palm Oil Stamp - Nigeria (circa 1940s) - MBP1535907137.jpg,-5.7,card_context_candidate,stamp_or_philatelic:stamp; commons_file_source,small packet may not need cover-main treatment
Nigeria|World War and public-information graphics|Wikimedia Commons|1955-1959,small_packet_standalone_or_sub_review,decide_if_standalone_normal_main_or_sub_under_nearby_packet,low,false,1,small,mixed_manual_relation_review,low,Nigeria,World War and public-information graphics,Wikimedia Commons,1955-1959,1958-1958,2,1,0,0,1,0,SURF-CRB2026V2R0065,Stamp of Indonesia - 1958 - Colnect 260796 - Thomas Cup.jpeg,-19.85,card_context_candidate,stamp_or_philatelic:postage; stamp_or_philatelic:stamp; stamp_or_philatelic:stamps; commons_file_source,small packet may not need cover-main treatment
North Macedonia|Modern typography and layout|Wikimedia Commons|1995-1999,small_packet_standalone_or_sub_review,decide_if_standalone_normal_main_or_sub_under_nearby_packet,low,false,1,single_or_micro,mixed_manual_relation_review,low,North Macedonia,Modern typography and layout,Wikimedia Commons,1995-1999,1997-1997,1,1,0,0,1,0,SURF-CAW2026R03364,Cantharellus cibarius. Stamp of Macedonia.jpg,-0.7,card_context_candidate,stamp_or_philatelic:postage; stamp_or_philatelic:stamp; stamp_or_philatelic:stamps; commons_file_source,small packet may not need cover-main treatment
Oman|Travel and transport poster culture|Wikimedia Commons|1940-1944,small_packet_standalone_or_sub_review,decide_if_standalone_normal_main_or_sub_under_nearby_packet,low,false,1,single_or_micro,mixed_manual_relation_review,low,Oman,Travel and transport poster culture,Wikimedia Commons,1940-1944,1944-1944,1,1,0,0,1,0,SURF-CAW2026R02166,Zanzibaralbusaid1944.jpg,-10.6,card_context_candidate,stamp_or_philatelic:postage; stamp_or_philatelic:stamp; stamp_or_philatelic:stamps; commons_file_source,small packet may not need cover-main treatment
Oman|World War and public-information graphics|Wikimedia Commons|1935-1939,small_packet_standalone_or_sub_review,decide_if_standalone_normal_main_or_sub_under_nearby_packet,low,false,1,single_or_micro,mixed_manual_relation_review,low,Oman,World War and public-information graphics,Wikimedia Commons,1935-1939,1938-1938,1,1,0,0,1,0,SURF-CAW2026R01878,سعيد بن تيمور آل بو سعيد.jpg,11.6,card_context_candidate,stamp_or_philatelic:postage; stamp_or_philatelic:stamp; commons_file_source,small packet may not need cover-main treatment
Pakistan|Modern typography and layout|Wikimedia Commons|1960-1964,small_packet_standalone_or_sub_review,decide_if_standalone_normal_main_or_sub_under_nearby_packet,low,false,1,small,mixed_manual_relation_review,low,Pakistan,Modern typography and layout,Wikimedia Commons,1960-1964,1962-1962,3,1,0,0,1,0,SURF-CAW2026R02614,PAK 1962 MiNr0182 pm B002.jpg,6.5,card_context_candidate,stamp_or_philatelic:postage; stamp_or_philatelic:stamp; commons_file_source,small packet may not need cover-main treatment
Pakistan|Modern typography and layout|Wikimedia Commons|1975-1979,small_packet_standalone_or_sub_review,decide_if_standalone_normal_main_or_sub_under_nearby_packet,low,false,1,single_or_micro,mixed_manual_relation_review,low,Pakistan,Modern typography and layout,Wikimedia Commons,1975-1979,1977-1977,1,1,0,0,1,0,SURF-CRG2026R3035,Stamp of Indonesia - 1977 - Colnect 258384 - Economic Cooperation with Pakistan.jpeg,1.0,card_context_candidate,stamp_or_philatelic:stamp; stamp_or_philatelic:stamps; commons_file_source,small packet may not need cover-main treatment
Pakistan|Modern typography and layout|Wikimedia Commons|1995-1999,small_packet_standalone_or_sub_review,decide_if_standalone_normal_main_or_sub_under_nearby_packet,low,false,1,single_or_micro,mixed_manual_relation_review,low,Pakistan,Modern typography and layout,Wikimedia Commons,1995-1999,1995-1995,1,1,0,0,1,0,SURF-CCT2026R03884,Stamp of Indonesia - 1995 - Colnect 253422 - United Nations Organization.jpeg,-8.8,card_context_candidate,weak_context:anniversary; stamp_or_philatelic:postage; stamp_or_philatelic:stamp; stamp_or_philatelic:stamps; commons_file_source,small packet may not need cover-main treatment
Pakistan|Modern typography and layout|Wikimedia Commons|2000-2004,small_packet_standalone_or_sub_review,decide_if_standalone_normal_main_or_sub_under_nearby_packet,low,false,1,single_or_micro,mixed_manual_relation_review,low,Pakistan,Modern typography and layout,Wikimedia Commons,2000-2004,2002-2002,1,1,0,0,1,0,SURF-CCT2026R03885,2002 Pakistan stamp for Eid al-Fitr.jpg,-14.6,card_context_candidate,stamp_or_philatelic:postage; stamp_or_philatelic:stamp; stamp_or_philatelic:stamps; commons_file_source,small packet may not need cover-main treatment
Pakistan|Modern typography and layout|Wikimedia Commons|2010-2014,small_packet_standalone_or_sub_review,decide_if_standalone_normal_main_or_sub_under_nearby_packet,low,true,1,small,small_anchor_or_manual,low,Pakistan,Modern typography and layout,Wikimedia Commons,2010-2014,2012-2012,2,1,0,0,0,0,SURF-CAW2026R03816,School Poster for Colors of Energy (7179687083).jpg,92.75,manual_relation_review,commons_file_source,small packet may not need cover-main treatment
Pakistan|World War and public-information graphics|Wikimedia Commons|2005-2009,small_packet_standalone_or_sub_review,decide_if_standalone_normal_main_or_sub_under_nearby_packet,low,true,1,single_or_micro,small_anchor_or_manual,low,Pakistan,World War and public-information graphics,Wikimedia Commons,2005-2009,2005-2005,1,1,0,0,0,0,SURF-CAW2026R03528,"Stratford Road, Sparkbrook, Birmingham - geograph.org.uk - 8018.jpg",95.0,manual_relation_review,commons_file_source,small packet may not need cover-main treatment
Pakistan|World War and public-information graphics|Wikimedia Commons|2015-2019,small_packet_standalone_or_sub_review,decide_if_standalone_normal_main_or_sub_under_nearby_packet,low,true,1,single_or_micro,small_anchor_or_manual,low,Pakistan,World War and public-information graphics,Wikimedia Commons,2015-2019,2019-2019,1,1,0,0,0,0,SURF-CAW2026R04410,B W10=.jpg,92.0,manual_relation_review,commons_file_source,small packet may not need cover-main treatment
Papua New Guinea|Modern typography and layout|Wikimedia Commons|1900-1904,small_packet_standalone_or_sub_review,decide_if_standalone_normal_main_or_sub_under_nearby_packet,low,false,1,single_or_micro,mixed_manual_relation_review,low,Papua New Guinea,Modern typography and layout,Wikimedia Commons,1900-1904,1901-1901,1,1,0,0,1,0,SURF-CAW2026R00895,Papua-stampelements.jpg,-3.7,card_context_candidate,stamp_or_philatelic:postage; stamp_or_philatelic:stamp; stamp_or_philatelic:stamps; commons_file_source,small packet may not need cover-main treatment
Papua New Guinea|Modern typography and layout|Wikimedia Commons|1945-1949,small_packet_standalone_or_sub_review,decide_if_standalone_normal_main_or_sub_under_nearby_packet,low,false,1,single_or_micro,mixed_manual_relation_review,low,Papua New Guinea,Modern typography and layout,Wikimedia Commons,1945-1949,1945-1945,1,1,0,0,1,0,SURF-CAW2026R02196,Stamp of Aegean Islands - 1945 - Colnect 413760 - Pro Croce Rossa.jpeg,-3.7,card_context_candidate,stamp_or_philatelic:postage; stamp_or_philatelic:stamp; stamp_or_philatelic:stamps; commons_file_source,small packet may not need cover-main treatment
Papua New Guinea|Modern typography and layout|Wikimedia Commons|1990-1994,small_packet_standalone_or_sub_review,decide_if_standalone_normal_main_or_sub_under_nearby_packet,low,false,1,single_or_micro,mixed_manual_relation_review,low,Papua New Guinea,Modern typography and layout,Wikimedia Commons,1990-1994,1990-1990,1,1,0,0,1,0,SURF-CAW2026R03218,Papua New Guinea 1990 variable value stamp 00.20 Mi 1.jpg,-21.5,card_context_candidate,stamp_or_philatelic:postage; stamp_or_philatelic:stamp; stamp_or_philatelic:stamps; commons_file_source,small packet may not need cover-main treatment
Papua New Guinea|Modern typography and layout|Wikimedia Commons|2000-2004,small_packet_standalone_or_sub_review,decide_if_standalone_normal_main_or_sub_under_nearby_packet,low,true,1,small,small_anchor_or_manual,low,Papua New Guinea,Modern typography and layout,Wikimedia Commons,2000-2004,2004-2004,2,1,0,0,0,0,SURF-CAW2026R03503,Three-new-species-of-Oreophryne-(Anura-Microhylidae)-from-Papua-New-Guinea-ZooKeys-333-093-g007.jpg,95.15,manual_relation_review,commons_file_source,small packet may not need cover-main treatment
Papua New Guinea|Modern typography and layout|Wikimedia Commons|2005-2009,small_packet_standalone_or_sub_review,decide_if_standalone_normal_main_or_sub_under_nearby_packet,low,true,1,single_or_micro,small_anchor_or_manual,low,Papua New Guinea,Modern typography and layout,Wikimedia Commons,2005-2009,2009-2009,1,1,0,0,0,0,SURF-CAW2026R03676,Three-new-species-of-Oreophryne-(Anura-Microhylidae)-from-Papua-New-Guinea-ZooKeys-333-093-g003.jpg,94.1,manual_relation_review,commons_file_source,small packet may not need cover-main treatment
Peru|Modern typography and layout|Wikimedia Commons|1835-1839,small_packet_standalone_or_sub_review,decide_if_standalone_normal_main_or_sub_under_nearby_packet,low,true,1,single_or_micro,mixed_manual_relation_review,low,Peru,Modern typography and layout,Wikimedia Commons,1835-1839,1837-1837,1,1,0,1,0,0,SURF-CAW2026R00121,Federico del Campo (1837-1923) - Canal with a Bridge - VIS.643 - Sheffield Galleries and Museums Trust.jpg,68.8,packet_member_review,commons_file_source,small packet may not need cover-main treatment
Peru|Modern typography and layout|Wikimedia Commons|1860-1864,small_packet_standalone_or_sub_review,decide_if_standalone_normal_main_or_sub_under_nearby_packet,low,false,1,single_or_micro,mixed_manual_relation_review,low,Peru,Modern typography and layout,Wikimedia Commons,1860-1864,1860-1860,1,1,0,0,1,0,SURF-CGS2026R1320,Peru revenue stamps 1860s.JPG,-4.8,card_context_candidate,stamp_or_philatelic:stamp; stamp_or_philatelic:stamps; commons_file_source,small packet may not need cover-main treatment
Peru|Modern typography and layout|Wikimedia Commons|1875-1879,small_packet_standalone_or_sub_review,decide_if_standalone_normal_main_or_sub_under_nearby_packet,low,false,1,single_or_micro,mixed_manual_relation_review,low,Peru,Modern typography and layout,Wikimedia Commons,1875-1879,1879-1879,1,1,0,0,1,0,SURF-CCE2026R00043,Stamp of Peru - 1898 - Colnect 846116 - Postage Due Overprinted.jpeg,-20.1,card_context_candidate,stamp_or_philatelic:postage; stamp_or_philatelic:stamp; stamp_or_philatelic:stamps; commons_file_source,small packet may not need cover-main treatment
Peru|Modern typography and layout|Wikimedia Commons|1975-1979,small_packet_standalone_or_sub_review,decide_if_standalone_normal_main_or_sub_under_nearby_packet,low,true,1,small,mixed_manual_relation_review,low,Peru,Modern typography and layout,Wikimedia Commons,1975-1979,1976-1976,2,1,0,1,0,0,SURF-CGS2026R1360,Moisés Palacios.png,71.65,packet_member_review,commons_file_source,small packet may not need cover-main treatment
Peru|Modern typography and layout|Wikimedia Commons|1985-1989,small_packet_standalone_or_sub_review,decide_if_standalone_normal_main_or_sub_under_nearby_packet,low,true,1,single_or_micro,mixed_manual_relation_review,low,Peru,Modern typography and layout,Wikimedia Commons,1985-1989,1988-1988,1,1,0,1,0,0,SURF-CAW2026R03105,Quartz-Sphalerite-204054.jpg,71.1,packet_member_review,non_design_drift:specimen; commons_file_source,small packet may not need cover-main treatment
Peru|Travel and transport poster culture|Wikimedia Commons|1900-1904,small_packet_standalone_or_sub_review,decide_if_standalone_normal_main_or_sub_under_nearby_packet,low,false,1,single_or_micro,mixed_manual_relation_review,low,Peru,Travel and transport poster culture,Wikimedia Commons,1900-1904,1901-1901,1,1,0,0,1,0,SURF-CGS2026R1325,Stamp of Peru - 1901 - Colnect 846119 - Columbus Monument.jpeg,-16.2,card_context_candidate,stamp_or_philatelic:stamp; stamp_or_philatelic:stamps; commons_file_source,small packet may not need cover-main treatment
Peru|Travel and transport poster culture|Wikimedia Commons|1945-1949,small_packet_standalone_or_sub_review,decide_if_standalone_normal_main_or_sub_under_nearby_packet,low,false,1,single_or_micro,mixed_manual_relation_review,low,Peru,Travel and transport poster culture,Wikimedia Commons,1945-1949,1947-1947,1,1,0,0,1,0,SURF-CCE2026R00528,Stamp of Peru - 1947 - Colnect 437841 - overprint PIA.jpeg,-10.9,card_context_candidate,stamp_or_philatelic:stamp; stamp_or_philatelic:stamps; commons_file_source,small packet may not need cover-main treatment
Peru|Travel and transport poster culture|Wikimedia Commons|1950-1954,small_packet_standalone_or_sub_review,decide_if_standalone_normal_main_or_sub_under_nearby_packet,low,false,1,single_or_micro,mixed_manual_relation_review,low,Peru,Travel and transport poster culture,Wikimedia Commons,1950-1954,1953-1953,1,1,0,0,1,0,SURF-CCE2026R00594,Stamp of Peru - 1953 - Colnect 315808 - Armada from Cristoph Kulumbus.jpeg,-14.6,card_context_candidate,stamp_or_philatelic:stamp; stamp_or_philatelic:stamps; commons_file_source,small packet may not need cover-main treatment
Peru|World War and public-information graphics|Wikimedia Commons|1900-1904,small_packet_standalone_or_sub_review,decide_if_standalone_normal_main_or_sub_under_nearby_packet,low,false,1,single_or_micro,mixed_manual_relation_review,low,Peru,World War and public-information graphics,Wikimedia Commons,1900-1904,1900-1900,1,1,0,0,1,0,SURF-CCE2026R00120,Stamp of Peru - 1908 - Colnect 846071 - Pizarro Overprinted - back.jpeg,-7.6,card_context_candidate,stamp_or_philatelic:stamp; stamp_or_philatelic:stamps; commons_file_source,small packet may not need cover-main treatment
Peru|World War and public-information graphics|Wikimedia Commons|1925-1929,small_packet_standalone_or_sub_review,decide_if_standalone_normal_main_or_sub_under_nearby_packet,low,false,1,small,mixed_manual_relation_review,low,Peru,World War and public-information graphics,Wikimedia Commons,1925-1929,1927-1927,2,1,0,0,1,0,SURF-CCT2026R02517,Stamp of Peru - 1927 - Colnect 429349 - First air post stamp with overprint.jpeg,1.55,card_context_candidate,stamp_or_philatelic:postage; stamp_or_philatelic:stamp; stamp_or_philatelic:stamps; commons_file_source,small packet may not need cover-main treatment
Philippines|Modern typography and layout|Wikimedia Commons|1865-1869,small_packet_standalone_or_sub_review,decide_if_standalone_normal_main_or_sub_under_nearby_packet,low,false,1,single_or_micro,mixed_manual_relation_review,low,Philippines,Modern typography and layout,Wikimedia Commons,1865-1869,1866-1866,1,1,0,0,1,0,SURF-CCT2026R04301,Sun Yat-sen 2016 stampsheet of the Philippines.jpg,-27.0,card_context_candidate,stamp_or_philatelic:postage; stamp_or_philatelic:stamp; stamp_or_philatelic:stamps; commons_file_source,small packet may not need cover-main treatment
Philippines|Modern typography and layout|Wikimedia Commons|1890-1894,small_packet_standalone_or_sub_review,decide_if_standalone_normal_main_or_sub_under_nearby_packet,low,false,1,single_or_micro,mixed_manual_relation_review,low,Philippines,Modern typography and layout,Wikimedia Commons,1890-1894,1890-1890,1,1,0,0,1,0,SURF-CAW2026R00633,Timbre Filipinas Alph13 enfant 1890.jpg,-2.8,card_context_candidate,stamp_or_philatelic:postage; stamp_or_philatelic:stamp; stamp_or_philatelic:stamps; commons_file_source,small packet may not need cover-main treatment
Philippines|Modern typography and layout|Wikimedia Commons|1915-1919,small_packet_standalone_or_sub_review,decide_if_standalone_normal_main_or_sub_under_nearby_packet,low,false,1,single_or_micro,mixed_manual_relation_review,low,Philippines,Modern typography and layout,Wikimedia Commons,1915-1919,1917-1917,1,1,0,0,1,0,SURF-CCT2026R04308,Ferdinand Marcos 2017 stamp of the Philippines.jpg,-28.0,card_context_candidate,stamp_or_philatelic:postage; stamp_or_philatelic:stamp; stamp_or_philatelic:stamps; commons_file_source,small packet may not need cover-main treatment
Philippines|Modern typography and layout|Wikimedia Commons|1925-1929,small_packet_standalone_or_sub_review,decide_if_standalone_normal_main_or_sub_under_nearby_packet,low,false,1,single_or_micro,mixed_manual_relation_review,low,Philippines,Modern typography and layout,Wikimedia Commons,1925-1929,1926-1926,1,1,0,0,1,0,SURF-CAW2026R01581,Krieger 1926 Philippine ethnic weapons Plate 14.png,0.8,card_context_candidate,stamp_or_philatelic:postage; stamp_or_philatelic:stamp; commons_file_source,small packet may not need cover-main treatment
Philippines|Modern typography and layout|Wikimedia Commons|1950-1954,small_packet_standalone_or_sub_review,decide_if_standalone_normal_main_or_sub_under_nearby_packet,low,false,1,single_or_micro,mixed_manual_relation_review,low,Philippines,Modern typography and layout,Wikimedia Commons,1950-1954,1954-1954,1,1,0,0,1,0,SURF-CCT2026R04320,José Laurel Jr 2012 stamp of the Philippines.jpg,0.5,card_context_candidate,stamp_or_philatelic:postage; stamp_or_philatelic:stamp; stamp_or_philatelic:stamps; commons_file_source,small packet may not need cover-main treatment
Philippines|Travel and transport poster culture|Wikimedia Commons|1935-1939,small_packet_standalone_or_sub_review,decide_if_standalone_normal_main_or_sub_under_nearby_packet,low,false,1,single_or_micro,mixed_manual_relation_review,low,Philippines,Travel and transport poster culture,Wikimedia Commons,1935-1939,1935-1935,1,1,0,0,1,0,SURF-CCT2026R04311,PhilippineStamp-OfficialBusinessOverprint-1935.jpg,-23.9,card_context_candidate,stamp_or_philatelic:postage; stamp_or_philatelic:stamp; stamp_or_philatelic:stamps; commons_file_source,small packet may not need cover-main treatment
Philippines|Travel and transport poster culture|Wikimedia Commons|2015-2019,small_packet_standalone_or_sub_review,decide_if_standalone_normal_main_or_sub_under_nearby_packet,low,true,1,single_or_micro,small_anchor_or_manual,low,Philippines,Travel and transport poster culture,Wikimedia Commons,2015-2019,2018-2018,1,1,0,0,0,0,SURF-CAW2026R04337,Duterte Philippines President Business Forum 03 (28703735468).jpg,96.3,manual_relation_review,commons_file_source,small packet may not need cover-main treatment
Poland|Midcentury modern graphic communication|Wikimedia Commons|1930-1934,small_packet_standalone_or_sub_review,decide_if_standalone_normal_main_or_sub_under_nearby_packet,low,false,1,single_or_micro,mixed_manual_relation_review,low,Poland,Midcentury modern graphic communication,Wikimedia Commons,1930-1934,1930-1930,1,1,0,1,0,0,SURF-COM1970R043,Tarbut poster.jpg,62.6,packet_member_review,commons_file_source,small packet may not need cover-main treatment
Poland|Modern typography and layout|Wikimedia Commons|1940-1944,small_packet_standalone_or_sub_review,decide_if_standalone_normal_main_or_sub_under_nearby_packet,low,false,1,single_or_micro,mixed_manual_relation_review,low,Poland,Modern typography and layout,Wikimedia Commons,1940-1944,1940-1940,1,1,0,0,1,0,SURF-CCE2026R00428,Img325 - Hitler postage stamp.jpg,0.8,card_context_candidate,stamp_or_philatelic:postage; stamp_or_philatelic:stamp; commons_file_source,small packet may not need cover-main treatment
Poland|Modern typography and layout|Wikimedia Commons|1945-1949,small_packet_standalone_or_sub_review,decide_if_standalone_normal_main_or_sub_under_nearby_packet,low,false,1,single_or_micro,mixed_manual_relation_review,low,Poland,Modern typography and layout,Wikimedia Commons,1945-1949,1945-1945,1,1,0,0,1,0,SURF-FGC2026R00001,Poster for a musical soiree of Maria Modrakowska.jpg,-1.8,card_context_candidate,stamp_or_philatelic:stamp; commons_file_source,small packet may not need cover-main treatment
Poland|Modern typography and layout|Wikimedia Commons|1965-1969,small_packet_standalone_or_sub_review,decide_if_standalone_normal_main_or_sub_under_nearby_packet,low,false,1,small,mixed_manual_relation_review,low,Poland,Modern typography and layout,Wikimedia Commons,1965-1969,1965-1965,3,1,0,0,1,0,SURF-CCE2026R00648,"Negen postzegels als serie uitgegeven door het Poolse Postkantoor, met als thema historische vervoersmiddelen uit het, RP-F-F15840-B.jpg",2.9,card_context_candidate,stamp_or_philatelic:stamp; stamp_or_philatelic:stamps; commons_file_source,small packet may not need cover-main treatment
Poland|Modern typography and layout|Wikimedia Commons|1970-1974,small_packet_standalone_or_sub_review,decide_if_standalone_normal_main_or_sub_under_nearby_packet,low,false,1,small,mixed_manual_relation_review,low,Poland,Modern typography and layout,Wikimedia Commons,1970-1974,1972-1972,2,1,0,0,1,0,SURF-CRG2026R2247,Poland kuznica.jpg,-0.75,card_context_candidate,stamp_or_philatelic:stamp; stamp_or_philatelic:stamps; commons_file_source,small packet may not need cover-main treatment
Poland|Modern typography and layout|Wikimedia Commons|1975-1979,small_packet_standalone_or_sub_review,decide_if_standalone_normal_main_or_sub_under_nearby_packet,low,false,1,small,mixed_manual_relation_review,low,Poland,Modern typography and layout,Wikimedia Commons,1975-1979,1975-1975,2,1,0,0,1,0,SURF-CCE2026R00824,VII ZJAZD PZPR.png,-19.15,card_context_candidate,stamp_or_philatelic:postage; stamp_or_philatelic:stamp; commons_file_source,small packet may not need cover-main treatment
Poland|Modern typography and layout|Wikimedia Commons|1980-1984,small_packet_standalone_or_sub_review,decide_if_standalone_normal_main_or_sub_under_nearby_packet,low,true,1,single_or_micro,mixed_manual_relation_review,low,Poland,Modern typography and layout,Wikimedia Commons,1980-1984,1984-1984,1,1,0,1,0,0,SURF-CCT2026R01596,Bochnia - fotopolska.eu (286729).jpg,76.0,packet_member_review,commons_file_source,small packet may not need cover-main treatment
Poland|World War and public-information graphics|Wikimedia Commons|1940-1944,small_packet_standalone_or_sub_review,decide_if_standalone_normal_main_or_sub_under_nearby_packet,low,true,1,single_or_micro,mixed_manual_relation_review,low,Poland,World War and public-information graphics,Wikimedia Commons,1940-1944,1940-1940,1,1,0,1,0,0,SURF-COM1970R073,Katyń przestroga Europy!.jpg,70.9,packet_member_review,commons_file_source,small packet may not need cover-main treatment
Poland|World War and public-information graphics|Wikimedia Commons|1950-1954,small_packet_standalone_or_sub_review,decide_if_standalone_normal_main_or_sub_under_nearby_packet,low,true,1,single_or_micro,mixed_manual_relation_review,low,Poland,World War and public-information graphics,Wikimedia Commons,1950-1954,1950-1950,1,1,0,1,0,0,SURF-CRG2026R1380,Gabin radio mast2.png,72.1,packet_member_review,commons_file_source,small packet may not need cover-main treatment
Poland|World War and public-information graphics|Wikimedia Commons|1960-1964,small_packet_standalone_or_sub_review,decide_if_standalone_normal_main_or_sub_under_nearby_packet,low,false,1,single_or_micro,mixed_manual_relation_review,low,Poland,World War and public-information graphics,Wikimedia Commons,1960-1964,1963-1963,1,1,0,0,1,0,SURF-FGC2026R00007,Cleopatra poster (Polish).png,-9.7,card_context_candidate,stamp_or_philatelic:stamp; commons_file_source,small packet may not need cover-main treatment
Qatar|Modern typography and layout|Wikimedia Commons|1970-1974,small_packet_standalone_or_sub_review,decide_if_standalone_normal_main_or_sub_under_nearby_packet,low,false,1,single_or_micro,mixed_manual_relation_review,low,Qatar,Modern typography and layout,Wikimedia Commons,1970-1974,1971-1971,1,1,0,0,1,0,SURF-CAW2026R02841,Stamp of Ajman - 1971 - Colnect 768333 - Collie.jpeg,-4.2,card_context_candidate,stamp_or_philatelic:postage; stamp_or_philatelic:stamp; stamp_or_philatelic:stamps; commons_file_source,small packet may not need cover-main treatment
Romania|Modern typography and layout|Wikimedia Commons|1840-1844,small_packet_standalone_or_sub_review,decide_if_standalone_normal_main_or_sub_under_nearby_packet,low,false,1,single_or_micro,mixed_manual_relation_review,low,Romania,Modern typography and layout,Wikimedia Commons,1840-1844,1841-1841,1,1,0,0,1,0,SURF-CRG2026R0006,Stamp 1974 Romania MiNr3179 pm B002a.jpg,-5.2,card_context_candidate,stamp_or_philatelic:commemorative; stamp_or_philatelic:postage; stamp_or_philatelic:stamp; commons_file_source,small packet may not need cover-main treatment
Romania|Modern typography and layout|Wikimedia Commons|1855-1859,small_packet_standalone_or_sub_review,decide_if_standalone_normal_main_or_sub_under_nearby_packet,low,false,1,single_or_micro,mixed_manual_relation_review,low,Romania,Modern typography and layout,Wikimedia Commons,1855-1859,1858-1858,1,1,0,0,1,0,SURF-CAW2026R00223,Stamp Moldavian Cap de bour 1858.jpg,-20.2,card_context_candidate,stamp_or_philatelic:postage; stamp_or_philatelic:stamp; commons_file_source,small packet may not need cover-main treatment
Romania|Modern typography and layout|Wikimedia Commons|1865-1869,small_packet_standalone_or_sub_review,decide_if_standalone_normal_main_or_sub_under_nearby_packet,low,false,1,single_or_micro,mixed_manual_relation_review,low,Romania,Modern typography and layout,Wikimedia Commons,1865-1869,1865-1865,1,1,0,0,1,0,SURF-CAW2026R00264,StampRomania1865Michel13.JPG,-20.7,card_context_candidate,stamp_or_philatelic:postage; stamp_or_philatelic:stamp; commons_file_source,small packet may not need cover-main treatment
Romania|Modern typography and layout|Wikimedia Commons|1875-1879,small_packet_standalone_or_sub_review,decide_if_standalone_normal_main_or_sub_under_nearby_packet,low,false,1,single_or_micro,mixed_manual_relation_review,low,Romania,Modern typography and layout,Wikimedia Commons,1875-1879,1875-1875,1,1,0,0,1,0,SURF-CRG2026R0068,"Romania stamp - 1975 - 1,85L - Metrology.jpg",-20.2,card_context_candidate,stamp_or_philatelic:postage; stamp_or_philatelic:stamp; commons_file_source,small packet may not need cover-main treatment
Romania|Modern typography and layout|Wikimedia Commons|1880-1884,small_packet_standalone_or_sub_review,decide_if_standalone_normal_main_or_sub_under_nearby_packet,low,false,1,single_or_micro,mixed_manual_relation_review,low,Romania,Modern typography and layout,Wikimedia Commons,1880-1884,1881-1881,1,1,0,0,1,0,SURF-CAW2026R00402,1881 Romanian stamp - 10 bani.jpg,-6.9,card_context_candidate,stamp_or_philatelic:postage; stamp_or_philatelic:stamp; stamp_or_philatelic:stamps; commons_file_source,small packet may not need cover-main treatment
Romania|Modern typography and layout|Wikimedia Commons|1935-1939,small_packet_standalone_or_sub_review,decide_if_standalone_normal_main_or_sub_under_nearby_packet,low,true,1,small,mixed_manual_relation_review,low,Romania,Modern typography and layout,Wikimedia Commons,1935-1939,1939-1939,3,1,0,1,0,0,SURF-CRG2026R0909,Tellurium-214886.jpg,72.9,packet_member_review,non_design_drift:specimen; commons_file_source,small packet may not need cover-main treatment
Romania|Modern typography and layout|Wikimedia Commons|1945-1949,small_packet_standalone_or_sub_review,decide_if_standalone_normal_main_or_sub_under_nearby_packet,low,false,1,small,mixed_manual_relation_review,low,Romania,Modern typography and layout,Wikimedia Commons,1945-1949,1948-1948,2,1,0,0,1,0,SURF-CRB2026V3R00061,"Postage stamp ""Filimon Sârbu"" 1948.png",-19.65,card_context_candidate,stamp_or_philatelic:postage; stamp_or_philatelic:stamp; commons_file_source,small packet may not need cover-main treatment
Romania|Modern typography and layout|Wikimedia Commons|1965-1969,small_packet_standalone_or_sub_review,decide_if_standalone_normal_main_or_sub_under_nearby_packet,low,false,1,small,mixed_manual_relation_review,low,Romania,Modern typography and layout,Wikimedia Commons,1965-1969,1969-1969,2,1,0,0,1,0,SURF-CAW2026R02772,Apollo-XI-Moon-landing-astronaut--amp--globe.jpg,-18.15,card_context_candidate,stamp_or_philatelic:postage; stamp_or_philatelic:stamp; stamp_or_philatelic:stamps; commons_file_source,small packet may not need cover-main treatment
Romania|Modern typography and layout|Wikimedia Commons|1985-1989,small_packet_standalone_or_sub_review,decide_if_standalone_normal_main_or_sub_under_nearby_packet,low,false,1,single_or_micro,mixed_manual_relation_review,low,Romania,Modern typography and layout,Wikimedia Commons,1985-1989,1987-1987,1,1,0,0,1,0,SURF-CAW2026R03084,ROM 1987 MiNr4423 pm B002.jpg,-11.5,card_context_candidate,stamp_or_philatelic:commemorative; stamp_or_philatelic:postage; stamp_or_philatelic:stamp; commons_file_source,small packet may not need cover-main treatment
Romania|World War and public-information graphics|Wikimedia Commons|1935-1939,small_packet_standalone_or_sub_review,decide_if_standalone_normal_main_or_sub_under_nearby_packet,low,false,1,single_or_micro,mixed_manual_relation_review,low,Romania,World War and public-information graphics,Wikimedia Commons,1935-1939,1937-1937,1,1,0,0,1,0,SURF-CAW2026R01847,Ion Mota si Vasile Marin.JPG,-2.0,card_context_candidate,stamp_or_philatelic:postage; stamp_or_philatelic:stamp; commons_file_source,small packet may not need cover-main treatment
Russia / USSR contexts|Travel and transport poster culture|V&A Collections API|1935-1939,small_packet_standalone_or_sub_review,decide_if_standalone_normal_main_or_sub_under_nearby_packet,low,false,1,single_or_micro,mixed_manual_relation_review,low,Russia / USSR contexts,Travel and transport poster culture,V&A Collections API,1935-1939,1936-1936,1,1,0,1,0,0,SURF-MC1930R009,Poster,63.6,packet_member_review,,small packet may not need cover-main treatment
Russia|Midcentury modern graphic communication|Wikimedia Commons|1895-1899,small_packet_standalone_or_sub_review,decide_if_standalone_normal_main_or_sub_under_nearby_packet,low,true,1,single_or_micro,mixed_manual_relation_review,low,Russia,Midcentury modern graphic communication,Wikimedia Commons,1895-1899,1897-1897,1,1,0,1,0,0,SURF-COM1970R007,"Advertisement of Israel Kaplan's progressive Jewish school ""LeTorah VaDa'at"" in Minsk c. 1897.jpg",73.0,packet_member_review,commons_file_source,small packet may not need cover-main treatment
Russia|Midcentury modern graphic communication|Wikimedia Commons|1915-1919,small_packet_standalone_or_sub_review,decide_if_standalone_normal_main_or_sub_under_nearby_packet,low,true,1,single_or_micro,mixed_manual_relation_review,low,Russia,Midcentury modern graphic communication,Wikimedia Commons,1915-1919,1917-1917,1,1,0,1,0,0,SURF-COM1970R020,Day of Saint George.jpg,74.8,packet_member_review,commons_file_source,small packet may not need cover-main treatment
Russia|Modern typography and layout|Wikimedia Commons|1910-1914,small_packet_standalone_or_sub_review,decide_if_standalone_normal_main_or_sub_under_nearby_packet,low,false,1,single_or_micro,mixed_manual_relation_review,low,Russia,Modern typography and layout,Wikimedia Commons,1910-1914,1911-1911,1,1,0,0,1,0,SURF-CAW2026R01125,Stamp of Finland - 1911 - Colnect 269572 - Russian designs m 89 New Russian types.jpeg,-17.5,card_context_candidate,stamp_or_philatelic:postage; stamp_or_philatelic:stamp; stamp_or_philatelic:stamps; commons_file_source,small packet may not need cover-main treatment
Russia|Modern typography and layout|Wikimedia Commons|1980-1984,small_packet_standalone_or_sub_review,decide_if_standalone_normal_main_or_sub_under_nearby_packet,low,false,1,single_or_micro,mixed_manual_relation_review,low,Russia,Modern typography and layout,Wikimedia Commons,1980-1984,1982-1982,1,1,0,0,1,0,SURF-FGC2026R00008,Strimaitis kvadrat.jpg,10.7,card_context_candidate,stamp_or_philatelic:stamp; commons_file_source,small packet may not need cover-main treatment
Russia|Travel and transport poster culture|Wikimedia Commons|1970-1974,small_packet_standalone_or_sub_review,decide_if_standalone_normal_main_or_sub_under_nearby_packet,low,true,1,single_or_micro,mixed_manual_relation_review,low,Russia,Travel and transport poster culture,Wikimedia Commons,1970-1974,1971-1971,1,1,0,1,0,0,SURF-CRG2026R2033,"Octobriana and the Russian Underground book cover, Tom Stacey, 1971).jpg",68.5,packet_member_review,commons_file_source,small packet may not need cover-main treatment
Russia|World War and public-information graphics|Wikimedia Commons|1910-1914,small_packet_standalone_or_sub_review,decide_if_standalone_normal_main_or_sub_under_nearby_packet,low,false,1,single_or_micro,mixed_manual_relation_review,low,Russia,World War and public-information graphics,Wikimedia Commons,1910-1914,1910-1910,1,1,0,0,1,0,SURF-CRG2026R0246,PlumEdwardVII.jpg,-23.9,card_context_candidate,stamp_or_philatelic:postage; stamp_or_philatelic:stamp; stamp_or_philatelic:stamps; commons_file_source,small packet may not need cover-main treatment
Russia|World War and public-information graphics|Wikimedia Commons|1930-1934,small_packet_standalone_or_sub_review,decide_if_standalone_normal_main_or_sub_under_nearby_packet,low,true,1,single_or_micro,mixed_manual_relation_review,low,Russia,World War and public-information graphics,Wikimedia Commons,1930-1934,1930-1930,1,1,0,1,0,0,SURF-COM1970R046,Woman and Man in 1930s Soviet Propaganda Poster - Regional History Museum - Zaporozhye - Ukraine (42302404620).jpg,71.5,packet_member_review,commons_file_source,small packet may not need cover-main treatment
Russia|World War and public-information graphics|Wikimedia Commons|1940-1944,small_packet_standalone_or_sub_review,decide_if_standalone_normal_main_or_sub_under_nearby_packet,low,true,1,single_or_micro,mixed_manual_relation_review,low,Russia,World War and public-information graphics,Wikimedia Commons,1940-1944,1940-1940,1,1,0,1,0,0,SURF-COM1970R081,Rusia es culpable.jpg,74.2,packet_member_review,commons_file_source,small packet may not need cover-main treatment
Russia|World War and public-information graphics|Wikimedia Commons|1955-1959,small_packet_standalone_or_sub_review,decide_if_standalone_normal_main_or_sub_under_nearby_packet,low,false,1,single_or_micro,mixed_manual_relation_review,low,Russia,World War and public-information graphics,Wikimedia Commons,1955-1959,1957-1957,1,1,0,0,1,0,SURF-FGC2026R00004,The Cranes Are Flying - US release poster.jpg,-7.4,card_context_candidate,stamp_or_philatelic:stamp; commons_file_source,small packet may not need cover-main treatment
Rwanda|Modern typography and layout|Wikimedia Commons|1835-1839,small_packet_standalone_or_sub_review,decide_if_standalone_normal_main_or_sub_under_nearby_packet,low,false,1,single_or_micro,mixed_manual_relation_review,low,Rwanda,Modern typography and layout,Wikimedia Commons,1835-1839,1839-1839,1,1,0,0,1,0,SURF-CAW2026R00124,Stamp of Rwanda - 1968 - Colnect 987774 - Alexandre Lenoir 1761-1839 by Jacques L David.jpeg,-22.7,card_context_candidate,stamp_or_philatelic:postage; stamp_or_philatelic:stamp; stamp_or_philatelic:stamps; commons_file_source,small packet may not need cover-main treatment
Rwanda|Modern typography and layout|Wikimedia Commons|1965-1969,small_packet_standalone_or_sub_review,decide_if_standalone_normal_main_or_sub_under_nearby_packet,low,false,1,single_or_micro,mixed_manual_relation_review,low,Rwanda,Modern typography and layout,Wikimedia Commons,1965-1969,1969-1969,1,1,0,0,1,0,SURF-CAW2026R02768,Stamp of Rwanda - 1969 - Colnect 988101 - The Moneylender and his Wife by Quentin Matsys.jpeg,-20.9,card_context_candidate,stamp_or_philatelic:postage; stamp_or_philatelic:stamp; stamp_or_philatelic:stamps; commons_file_source,small packet may not need cover-main treatment
Rwanda|Modern typography and layout|Wikimedia Commons|2020-2024,small_packet_standalone_or_sub_review,decide_if_standalone_normal_main_or_sub_under_nearby_packet,low,true,1,single_or_micro,mixed_manual_relation_review,low,Rwanda,Modern typography and layout,Wikimedia Commons,2020-2024,2021-2021,1,1,0,1,0,0,SURF-CAW2026R04542,"ASC Leiden - Rwanda 2021 - 009 - ""Gakundo Cultural"". A poster for a cultural evening at the Hôtel des Milles Collines - Kigali.jpg",69.8,packet_member_review,commons_file_source,small packet may not need cover-main treatment
Samoa|Modern typography and layout|Wikimedia Commons|1880-1884,small_packet_standalone_or_sub_review,decide_if_standalone_normal_main_or_sub_under_nearby_packet,low,true,1,single_or_micro,small_anchor_or_manual,low,Samoa,Modern typography and layout,Wikimedia Commons,1880-1884,1882-1882,1,1,0,0,0,0,SURF-CAW2026R00438,The Graver and the Pen - Advertisement.jpg,92.9,manual_relation_review,commons_file_source,small packet may not need cover-main treatment
Senegal|Modern typography and layout|Wikimedia Commons|1945-1949,small_packet_standalone_or_sub_review,decide_if_standalone_normal_main_or_sub_under_nearby_packet,low,true,1,single_or_micro,mixed_manual_relation_review,low,Senegal,Modern typography and layout,Wikimedia Commons,1945-1949,1947-1947,1,1,0,1,0,0,SURF-CAW2026R02205,"Les Contes d'Amadou Koumba, édition 1947.jpg",75.5,packet_member_review,commons_file_source,small packet may not need cover-main treatment
Senegal|World War and public-information graphics|Wikimedia Commons|2010-2014,small_packet_standalone_or_sub_review,decide_if_standalone_normal_main_or_sub_under_nearby_packet,low,true,1,single_or_micro,small_anchor_or_manual,low,Senegal,World War and public-information graphics,Wikimedia Commons,2010-2014,2011-2011,1,1,0,0,0,0,SURF-CAW2026R03744,Net Partnership (6977105641).jpg,93.2,manual_relation_review,commons_file_source,small packet may not need cover-main treatment
Serbia|Modern typography and layout|Wikimedia Commons|1850-1854,small_packet_standalone_or_sub_review,decide_if_standalone_normal_main_or_sub_under_nearby_packet,low,false,1,single_or_micro,mixed_manual_relation_review,low,Serbia,Modern typography and layout,Wikimedia Commons,1850-1854,1851-1851,1,1,0,0,1,0,SURF-CAW2026R00196,Rc1 0915.jpg,1.4,card_context_candidate,stamp_or_philatelic:postage; stamp_or_philatelic:stamp; commons_file_source,small packet may not need cover-main treatment
Serbia|Modern typography and layout|Wikimedia Commons|1870-1874,small_packet_standalone_or_sub_review,decide_if_standalone_normal_main_or_sub_under_nearby_packet,low,true,1,single_or_micro,mixed_manual_relation_review,low,Serbia,Modern typography and layout,Wikimedia Commons,1870-1874,1871-1871,1,1,0,1,0,0,SURF-CCT2026R01722,Prvi prevod Komunističkog manifesta na srpski jezik.jpg,74.6,packet_member_review,commons_file_source,small packet may not need cover-main treatment
Serbia|Modern typography and layout|Wikimedia Commons|1875-1879,small_packet_standalone_or_sub_review,decide_if_standalone_normal_main_or_sub_under_nearby_packet,low,false,1,single_or_micro,mixed_manual_relation_review,low,Serbia,Modern typography and layout,Wikimedia Commons,1875-1879,1879-1879,1,1,0,0,1,0,SURF-CAW2026R00368,Stamp of Peru - 1884 - Colnect 844983 - 1 - Sun Overprinted.jpeg,-16.3,card_context_candidate,stamp_or_philatelic:postage; stamp_or_philatelic:stamp; stamp_or_philatelic:stamps; commons_file_source,small packet may not need cover-main treatment
Serbia|Modern typography and layout|Wikimedia Commons|1930-1934,small_packet_standalone_or_sub_review,decide_if_standalone_normal_main_or_sub_under_nearby_packet,low,true,1,single_or_micro,small_anchor_or_manual,low,Serbia,Modern typography and layout,Wikimedia Commons,1930-1934,1932-1932,1,1,0,0,0,0,SURF-CAW2026R01716,Reklama sa izložbe.jpg,96.3,manual_relation_review,commons_file_source,small packet may not need cover-main treatment
Serbia|Modern typography and layout|Wikimedia Commons|1940-1944,small_packet_standalone_or_sub_review,decide_if_standalone_normal_main_or_sub_under_nearby_packet,low,true,1,single_or_micro,mixed_manual_relation_review,low,Serbia,Modern typography and layout,Wikimedia Commons,1940-1944,1941-1941,1,1,0,1,0,0,SURF-CRG2026R0991,Slovak evangelical church Stara Pazova liberation service.jpg,73.2,packet_member_review,source_register:inventory; commons_file_source,small packet may not need cover-main treatment
Serbia|Modern typography and layout|Wikimedia Commons|1965-1969,small_packet_standalone_or_sub_review,decide_if_standalone_normal_main_or_sub_under_nearby_packet,low,false,1,small,mixed_manual_relation_review,low,Serbia,Modern typography and layout,Wikimedia Commons,1965-1969,1966-1966,2,1,0,0,1,0,SURF-CAW2026R02697,Stamp of Zanzibar - 1966 - Colnect 465791 - Education.jpeg,-1.15,card_context_candidate,stamp_or_philatelic:postage; stamp_or_philatelic:stamp; stamp_or_philatelic:stamps; commons_file_source,small packet may not need cover-main treatment
Serbia|Modern typography and layout|Wikimedia Commons|1975-1979,small_packet_standalone_or_sub_review,decide_if_standalone_normal_main_or_sub_under_nearby_packet,low,false,1,small,mixed_manual_relation_review,low,Serbia,Modern typography and layout,Wikimedia Commons,1975-1979,1978-1978,2,1,0,0,1,0,SURF-CAW2026R02960,Europa 1978 Yugoslavia Series.jpg,-15.25,card_context_candidate,stamp_or_philatelic:postage; stamp_or_philatelic:stamp; stamp_or_philatelic:stamps; commons_file_source,small packet may not need cover-main treatment
Serbia|World War and public-information graphics|Wikimedia Commons|1995-1999,small_packet_standalone_or_sub_review,decide_if_standalone_normal_main_or_sub_under_nearby_packet,low,false,1,single_or_micro,mixed_manual_relation_review,low,Serbia,World War and public-information graphics,Wikimedia Commons,1995-1999,1999-1999,1,1,0,0,1,0,SURF-CAW2026R03407,"PSYOPs Leaflet, Kosovo War (B9905e-g).jpg",-17.6,card_context_candidate,stamp_or_philatelic:postage; stamp_or_philatelic:stamp; commons_file_source,small packet may not need cover-main treatment
Seychelles|Modern typography and layout|Wikimedia Commons|1885-1889,small_packet_standalone_or_sub_review,decide_if_standalone_normal_main_or_sub_under_nearby_packet,low,false,1,single_or_micro,mixed_manual_relation_review,low,Seychelles,Modern typography and layout,Wikimedia Commons,1885-1889,1886-1886,1,1,0,0,1,0,SURF-CAW2026R00484,Stamp of Peru - 1896 - Colnect 419561 - DEFICIT on Sun.jpeg,-7.5,card_context_candidate,stamp_or_philatelic:postage; stamp_or_philatelic:stamp; stamp_or_philatelic:stamps; commons_file_source,small packet may not need cover-main treatment
Seychelles|World War and public-information graphics|Wikimedia Commons|1830-1834,small_packet_standalone_or_sub_review,decide_if_standalone_normal_main_or_sub_under_nearby_packet,low,true,1,small,mixed_manual_relation_review,low,Seychelles,World War and public-information graphics,Wikimedia Commons,1830-1834,1830-1830,2,1,0,1,0,0,SURF-CAW2026R00046,"Marianne North (1830-1890) - Looking Seaward from the Mouth of St John's River, Kaffraria - MN359 - Marianne North Gallery.jpg",69.55,packet_member_review,commons_file_source,small packet may not need cover-main treatment
Seychelles|World War and public-information graphics|Wikimedia Commons|1905-1909,small_packet_standalone_or_sub_review,decide_if_standalone_normal_main_or_sub_under_nearby_packet,low,false,1,single_or_micro,mixed_manual_relation_review,low,Seychelles,World War and public-information graphics,Wikimedia Commons,1905-1909,1907-1907,1,1,0,0,1,0,SURF-CAW2026R01049,Stamp of Peru - 1907 - Colnect 419589 - National Institute of Hygiene in Lima.jpeg,-6.4,card_context_candidate,stamp_or_philatelic:postage; stamp_or_philatelic:stamp; stamp_or_philatelic:stamps; commons_file_source,small packet may not need cover-main treatment
Singapore|Midcentury modern graphic communication|Asian Film Archive|2020-2024,small_packet_standalone_or_sub_review,decide_if_standalone_normal_main_or_sub_under_nearby_packet,low,true,1,single_or_micro,mixed_manual_relation_review,low,Singapore,Midcentury modern graphic communication,Asian Film Archive,2020-2024,2024-2024,1,1,0,1,0,0,SURF-EW1970R007,Asian Cinema Digest #44,70.9,packet_member_review,,small packet may not need cover-main treatment
Singapore|Modern typography and layout|Wikimedia Commons|1940-1944,small_packet_standalone_or_sub_review,decide_if_standalone_normal_main_or_sub_under_nearby_packet,low,false,1,single_or_micro,mixed_manual_relation_review,low,Singapore,Modern typography and layout,Wikimedia Commons,1940-1944,1942-1942,1,1,0,0,1,0,SURF-CAW2026R02123,Stamp of Travancore - 1942 - Colnect 476033 - 1 - Maharaja and Marthanda Varma Bridge Alwaye overprint.jpeg,-21.8,card_context_candidate,stamp_or_philatelic:postage; stamp_or_philatelic:stamp; stamp_or_philatelic:stamps; commons_file_source,small packet may not need cover-main treatment
Singapore|Modern typography and layout|Wikimedia Commons|1985-1989,small_packet_standalone_or_sub_review,decide_if_standalone_normal_main_or_sub_under_nearby_packet,low,false,1,single_or_micro,mixed_manual_relation_review,low,Singapore,Modern typography and layout,Wikimedia Commons,1985-1989,1985-1985,1,1,0,0,1,0,SURF-CCT2026R04443,Our Homes - 25th Years and Beyond (Singapore Stamps).png,-11.1,card_context_candidate,stamp_or_philatelic:postage; stamp_or_philatelic:stamp; stamp_or_philatelic:stamps; commons_file_source,small packet may not need cover-main treatment
Singapore|Modern typography and layout|Wikimedia Commons|1995-1999,small_packet_standalone_or_sub_review,decide_if_standalone_normal_main_or_sub_under_nearby_packet,low,false,1,single_or_micro,mixed_manual_relation_review,low,Singapore,Modern typography and layout,Wikimedia Commons,1995-1999,1995-1995,1,1,0,0,1,0,SURF-CAW2026R03319,Russia stamp 1995 № 245 bl.jpg,-21.9,card_context_candidate,stamp_or_philatelic:postage; stamp_or_philatelic:stamp; commons_file_source,small packet may not need cover-main treatment
Singapore|Postwar exhibition and cultural posters|Asian Film Archive|2020-2024,small_packet_standalone_or_sub_review,decide_if_standalone_normal_main_or_sub_under_nearby_packet,low,true,1,single_or_micro,mixed_manual_relation_review,low,Singapore,Postwar exhibition and cultural posters,Asian Film Archive,2020-2024,2024-2024,1,1,0,1,0,0,SURF-EW1970R005,Blueprints For An Ephemeral and Affective Experience,73.3,packet_member_review,,small packet may not need cover-main treatment
Singapore|Postwar exhibition and cultural posters|Asian Film Archive|2025-2029,small_packet_standalone_or_sub_review,decide_if_standalone_normal_main_or_sub_under_nearby_packet,low,true,1,single_or_micro,mixed_manual_relation_review,low,Singapore,Postwar exhibition and cultural posters,Asian Film Archive,2025-2029,2026-2026,1,1,0,1,0,0,SURF-EW1970R001,Asian Cinema Digest #68,73.3,packet_member_review,,small packet may not need cover-main treatment
Singapore|World War and public-information graphics|Wikimedia Commons|1955-1959,small_packet_standalone_or_sub_review,decide_if_standalone_normal_main_or_sub_under_nearby_packet,low,false,1,single_or_micro,mixed_manual_relation_review,low,Singapore,World War and public-information graphics,Wikimedia Commons,1955-1959,1958-1958,1,1,0,0,1,0,SURF-CAW2026R02554,Stamp of Indonesia - 1958 - Colnect 260798 - Thomas Cup.jpeg,-23.6,card_context_candidate,stamp_or_philatelic:postage; stamp_or_philatelic:stamp; stamp_or_philatelic:stamps; commons_file_source,small packet may not need cover-main treatment
Solomon Islands|Modern typography and layout|Wikimedia Commons|1850-1854,small_packet_standalone_or_sub_review,decide_if_standalone_normal_main_or_sub_under_nearby_packet,low,true,1,single_or_micro,small_anchor_or_manual,low,Solomon Islands,Modern typography and layout,Wikimedia Commons,1850-1854,1851-1851,1,1,0,0,0,0,SURF-CAW2026R00197,TheGovernessRebeccaSolomon.jpg,90.2,manual_relation_review,commons_file_source,small packet may not need cover-main treatment
Solomon Islands|Modern typography and layout|Wikimedia Commons|1855-1859,small_packet_standalone_or_sub_review,decide_if_standalone_normal_main_or_sub_under_nearby_packet,low,false,1,single_or_micro,mixed_manual_relation_review,low,Solomon Islands,Modern typography and layout,Wikimedia Commons,1855-1859,1856-1856,1,1,0,0,1,0,SURF-CAW2026R00218,Back view of the Squaw dance Pine Ridge S.D. 08387v.jpg,9.2,card_context_candidate,stamp_or_philatelic:postage; stamp_or_philatelic:stamp; commons_file_source,small packet may not need cover-main treatment
Solomon Islands|Modern typography and layout|Wikimedia Commons|1895-1899,small_packet_standalone_or_sub_review,decide_if_standalone_normal_main_or_sub_under_nearby_packet,low,true,1,single_or_micro,mixed_manual_relation_review,low,Solomon Islands,Modern typography and layout,Wikimedia Commons,1895-1899,1897-1897,1,1,0,1,0,0,SURF-CAW2026R00742,400px-Thalia theatre.jpg,69.4,packet_member_review,commons_file_source,small packet may not need cover-main treatment
Solomon Islands|Modern typography and layout|Wikimedia Commons|1935-1939,small_packet_standalone_or_sub_review,decide_if_standalone_normal_main_or_sub_under_nearby_packet,low,true,1,single_or_micro,small_anchor_or_manual,low,Solomon Islands,Modern typography and layout,Wikimedia Commons,1935-1939,1935-1935,1,1,0,0,0,0,SURF-CAW2026R01774,"Yiddish theater poster for ""Saints and Sinners"" at Jennie Goldstein's National Theatre (5414697398).jpg",90.2,manual_relation_review,commons_file_source,small packet may not need cover-main treatment
Solomon Islands|Modern typography and layout|Wikimedia Commons|1955-1959,small_packet_standalone_or_sub_review,decide_if_standalone_normal_main_or_sub_under_nearby_packet,low,true,1,single_or_micro,mixed_manual_relation_review,low,Solomon Islands,Modern typography and layout,Wikimedia Commons,1955-1959,1959-1959,1,1,0,1,0,0,SURF-CAW2026R02565,Solomon and Sheba theatrical release poster.jpg,70.6,packet_member_review,commons_file_source,small packet may not need cover-main treatment
Solomon Islands|Modern typography and layout|Wikimedia Commons|1970-1974,small_packet_standalone_or_sub_review,decide_if_standalone_normal_main_or_sub_under_nearby_packet,low,false,1,single_or_micro,mixed_manual_relation_review,low,Solomon Islands,Modern typography and layout,Wikimedia Commons,1970-1974,1971-1971,1,1,0,0,1,0,SURF-CAW2026R02845,Stamp of Ajman - 1971 - Colnect 696644 - World Jamboree 1971 with silver overprint.jpeg,-3.1,card_context_candidate,stamp_or_philatelic:postage; stamp_or_philatelic:stamp; stamp_or_philatelic:stamps; commons_file_source,small packet may not need cover-main treatment
Solomon Islands|Modern typography and layout|Wikimedia Commons|2005-2009,small_packet_standalone_or_sub_review,decide_if_standalone_normal_main_or_sub_under_nearby_packet,low,true,1,single_or_micro,small_anchor_or_manual,low,Solomon Islands,Modern typography and layout,Wikimedia Commons,2005-2009,2006-2006,1,1,0,0,0,0,SURF-CAW2026R03552,Pumpkin Poster-H735-1000.jpg,90.2,manual_relation_review,commons_file_source,small packet may not need cover-main treatment
Solomon Islands|World War and public-information graphics|Wikimedia Commons|1940-1944,small_packet_standalone_or_sub_review,decide_if_standalone_normal_main_or_sub_under_nearby_packet,low,false,1,single_or_micro,mixed_manual_relation_review,low,Solomon Islands,World War and public-information graphics,Wikimedia Commons,1940-1944,1943-1943,1,1,0,0,1,0,SURF-CAW2026R02154,BougKoromokinaMarines.jpg,5.9,card_context_candidate,stamp_or_philatelic:postage; stamp_or_philatelic:stamp; commons_file_source,small packet may not need cover-main treatment
South Africa / Botswana|Modern typography and layout|Wikimedia Commons|1995-1999,small_packet_standalone_or_sub_review,decide_if_standalone_normal_main_or_sub_under_nearby_packet,low,false,1,single_or_micro,mixed_manual_relation_review,low,South Africa / Botswana,Modern typography and layout,Wikimedia Commons,1995-1999,1999-1999,1,1,0,0,1,0,SURF-CAW2026R03394,Stamp of Indonesia - 1999 - Colnect 641816 - General Elections.jpeg,-5.2,card_context_candidate,stamp_or_philatelic:postage; stamp_or_philatelic:stamp; stamp_or_philatelic:stamps; commons_file_source,small packet may not need cover-main treatment
South Africa|Corporate identity and design systems|Wikimedia Commons|1925-1929,small_packet_standalone_or_sub_review,decide_if_standalone_normal_main_or_sub_under_nearby_packet,low,true,1,single_or_micro,mixed_manual_relation_review,low,South Africa,Corporate identity and design systems,Wikimedia Commons,1925-1929,1929-1929,1,1,0,1,0,0,SURF-CCT2026R00622,Die Brandwag03.tif,70.8,packet_member_review,commons_file_source,small packet may not need cover-main treatment
South Africa|Modern typography and layout|GALA Queer Archive|2025-2029,small_packet_standalone_or_sub_review,decide_if_standalone_normal_main_or_sub_under_nearby_packet,low,true,1,single_or_micro,small_anchor_or_manual,low,South Africa,Modern typography and layout,GALA Queer Archive,2025-2029,2025-2025,1,1,0,0,0,0,SURF-NMR1990R0016,Open Call: 2025 GALA Internship,95.7,manual_relation_review,,small packet may not need cover-main treatment
South Africa|Modern typography and layout|Wikimedia Commons|1845-1849,small_packet_standalone_or_sub_review,decide_if_standalone_normal_main_or_sub_under_nearby_packet,low,false,1,single_or_micro,mixed_manual_relation_review,low,South Africa,Modern typography and layout,Wikimedia Commons,1845-1849,1849-1849,1,1,0,0,1,0,SURF-CCT2026R00616,SA-natal1949.jpg,-4.6,card_context_candidate,stamp_or_philatelic:postage; stamp_or_philatelic:stamp; stamp_or_philatelic:stamps; commons_file_source,small packet may not need cover-main treatment
South Africa|Modern typography and layout|Wikimedia Commons|1850-1854,small_packet_standalone_or_sub_review,decide_if_standalone_normal_main_or_sub_under_nearby_packet,low,false,1,single_or_micro,mixed_manual_relation_review,low,South Africa,Modern typography and layout,Wikimedia Commons,1850-1854,1850-1850,1,1,0,0,1,0,SURF-CAW2026R00165,Siegelmarke Consulaat General van de Zuid Afrikaansche Republiek te Berlyn W0223524.jpg,-4.6,card_context_candidate,stamp_or_philatelic:postage; stamp_or_philatelic:stamp; stamp_or_philatelic:stamps; commons_file_source,small packet may not need cover-main treatment
South Africa|Modern typography and layout|Wikimedia Commons|1875-1879,small_packet_standalone_or_sub_review,decide_if_standalone_normal_main_or_sub_under_nearby_packet,low,false,1,small,mixed_manual_relation_review,low,South Africa,Modern typography and layout,Wikimedia Commons,1875-1879,1877-1877,2,1,0,0,1,0,SURF-CAW2026R00351,Stamp of Orange Free State - 1877 - Colnect 627858 - Orange tree.jpeg,-5.25,card_context_candidate,stamp_or_philatelic:postage; stamp_or_philatelic:stamp; stamp_or_philatelic:stamps; commons_file_source,small packet may not need cover-main treatment
South Africa|Modern typography and layout|Wikimedia Commons|1940-1944,small_packet_standalone_or_sub_review,decide_if_standalone_normal_main_or_sub_under_nearby_packet,low,false,1,single_or_micro,mixed_manual_relation_review,low,South Africa,Modern typography and layout,Wikimedia Commons,1940-1944,1940-1940,1,1,0,0,1,0,SURF-CCT2026R00630,Stamps JanSmuts.jpg,-12.8,card_context_candidate,stamp_or_philatelic:postage; stamp_or_philatelic:stamp; stamp_or_philatelic:stamps; commons_file_source,small packet may not need cover-main treatment
South Africa|Modern typography and layout|Wikimedia Commons|1955-1959,small_packet_standalone_or_sub_review,decide_if_standalone_normal_main_or_sub_under_nearby_packet,low,false,1,single_or_micro,mixed_manual_relation_review,low,South Africa,Modern typography and layout,Wikimedia Commons,1955-1959,1959-1959,1,1,0,0,1,0,SURF-CCT2026R00642,SA-Antarctica1959.jpg,-4.6,card_context_candidate,stamp_or_philatelic:postage; stamp_or_philatelic:stamp; stamp_or_philatelic:stamps; commons_file_source,small packet may not need cover-main treatment
South Africa|Modern typography and layout|Wikimedia Commons|1960-1964,small_packet_standalone_or_sub_review,decide_if_standalone_normal_main_or_sub_under_nearby_packet,low,false,1,single_or_micro,mixed_manual_relation_review,low,South Africa,Modern typography and layout,Wikimedia Commons,1960-1964,1962-1962,1,1,0,0,1,0,SURF-CAW2026R02606,Stamp of Brazil - 1962 - Colnect 213964 - Brasilia.jpeg,-9.9,card_context_candidate,weak_context:conference; stamp_or_philatelic:postage; stamp_or_philatelic:stamp; stamp_or_philatelic:stamps; commons_file_source,small packet may not need cover-main treatment
South Africa|Modern typography and layout|Wikimedia Commons|1965-1969,small_packet_standalone_or_sub_review,decide_if_standalone_normal_main_or_sub_under_nearby_packet,low,false,1,single_or_micro,mixed_manual_relation_review,low,South Africa,Modern typography and layout,Wikimedia Commons,1965-1969,1966-1966,1,1,0,0,1,0,SURF-CCT2026R00643,Stamps South Africa 1966 Verwoerd Commemoration.jpg,-25.6,card_context_candidate,stamp_or_philatelic:postage; stamp_or_philatelic:stamp; stamp_or_philatelic:stamps; commons_file_source,small packet may not need cover-main treatment
South Africa|Modern typography and layout|Wikimedia Commons|1975-1979,small_packet_standalone_or_sub_review,decide_if_standalone_normal_main_or_sub_under_nearby_packet,low,false,1,single_or_micro,mixed_manual_relation_review,low,South Africa,Modern typography and layout,Wikimedia Commons,1975-1979,1975-1975,1,1,0,0,1,0,SURF-CCE2026R00821,South africa 1975 satelite communications.png,-14.1,card_context_candidate,stamp_or_philatelic:stamp; commons_file_source,small packet may not need cover-main treatment
South Africa|Modern typography and layout|Wikimedia Commons|1985-1989,small_packet_standalone_or_sub_review,decide_if_standalone_normal_main_or_sub_under_nearby_packet,low,false,1,single_or_micro,mixed_manual_relation_review,low,South Africa,Modern typography and layout,Wikimedia Commons,1985-1989,1986-1986,1,1,0,0,1,0,SURF-CCT2026R00644,"South Africa 1986 variable value stamp 00,14 Mi 1.2.jpg",-23.3,card_context_candidate,stamp_or_philatelic:postage; stamp_or_philatelic:stamp; stamp_or_philatelic:stamps; commons_file_source,small packet may not need cover-main treatment
South Africa|Modern typography and layout|Wikimedia Commons|2000-2004,small_packet_standalone_or_sub_review,decide_if_standalone_normal_main_or_sub_under_nearby_packet,low,true,1,single_or_micro,small_anchor_or_manual,low,South Africa,Modern typography and layout,Wikimedia Commons,2000-2004,2001-2001,1,1,0,0,0,0,SURF-CCR2026R0040,ANC-gives-back-district-six-poster.jpg,93.2,manual_relation_review,commons_file_source,small packet may not need cover-main treatment
South Africa|Modern typography and layout|Wikimedia Commons|2005-2009,small_packet_standalone_or_sub_review,decide_if_standalone_normal_main_or_sub_under_nearby_packet,low,true,1,single_or_micro,mixed_manual_relation_review,low,South Africa,Modern typography and layout,Wikimedia Commons,2005-2009,2008-2008,1,1,0,1,0,0,SURF-CCT2026R00646,"Cover of Feminist Africa, issue 11 (2008).jpg",71.4,packet_member_review,commons_file_source,small packet may not need cover-main treatment
South Africa|Postwar exhibition and cultural posters|Wikimedia Commons|1980-1984,small_packet_standalone_or_sub_review,decide_if_standalone_normal_main_or_sub_under_nearby_packet,low,true,1,single_or_micro,mixed_manual_relation_review,low,South Africa,Postwar exhibition and cultural posters,Wikimedia Commons,1980-1984,1982-1982,1,1,0,1,0,0,SURF-NCM2026R004,Thami Mnyele culture and resistance poster.jpg,69.2,packet_member_review,commons_file_source,small packet may not need cover-main treatment
South Africa|Public health and social communication|Georgia State CONTENTdm|1985-1989,small_packet_standalone_or_sub_review,decide_if_standalone_normal_main_or_sub_under_nearby_packet,low,false,1,single_or_micro,mixed_manual_relation_review,low,South Africa,Public health and social communication,Georgia State CONTENTdm,1985-1989,1988-1988,1,1,0,1,0,0,SURF-GSU2026R030,"ACTWU, Deep South Region, 1982-1988",62.3,packet_member_review,,small packet may not need cover-main treatment
South Africa|World War and public-information graphics|Wikimedia Commons|1880-1884,small_packet_standalone_or_sub_review,decide_if_standalone_normal_main_or_sub_under_nearby_packet,low,false,1,single_or_micro,mixed_manual_relation_review,low,South Africa,World War and public-information graphics,Wikimedia Commons,1880-1884,1883-1883,1,1,0,0,1,0,SURF-CAW2026R00441,Edward Charles Moore - 10844e8bbd.jpg,1.7,card_context_candidate,stamp_or_philatelic:postage; stamp_or_philatelic:stamp; commons_file_source,small packet may not need cover-main treatment
South Africa|World War and public-information graphics|Wikimedia Commons|1945-1949,small_packet_standalone_or_sub_review,decide_if_standalone_normal_main_or_sub_under_nearby_packet,low,false,1,single_or_micro,mixed_manual_relation_review,low,South Africa,World War and public-information graphics,Wikimedia Commons,1945-1949,1945-1945,1,1,0,0,1,0,SURF-CCT2026R00631,SWA 1945 Victory.jpg,-19.2,card_context_candidate,stamp_or_philatelic:postage; stamp_or_philatelic:stamp; stamp_or_philatelic:stamps; commons_file_source,small packet may not need cover-main treatment
South Africa|World War and public-information graphics|Wikimedia Commons|1975-1979,small_packet_standalone_or_sub_review,decide_if_standalone_normal_main_or_sub_under_nearby_packet,low,false,1,single_or_micro,mixed_manual_relation_review,low,South Africa,World War and public-information graphics,Wikimedia Commons,1975-1979,1976-1976,1,1,0,0,1,0,SURF-CAW2026R02910,Stamp of Seychelles - 1976 - Colnect 254085 - William H Seward - Alaska.jpeg,-5.0,card_context_candidate,stamp_or_philatelic:postage; stamp_or_philatelic:stamp; stamp_or_philatelic:stamps; commons_file_source,small packet may not need cover-main treatment
Sri Lanka|Corporate identity and design systems|Wikimedia Commons|1965-1969,small_packet_standalone_or_sub_review,decide_if_standalone_normal_main_or_sub_under_nearby_packet,low,false,1,single_or_micro,mixed_manual_relation_review,low,Sri Lanka,Corporate identity and design systems,Wikimedia Commons,1965-1969,1969-1969,1,1,0,0,1,0,SURF-CAW2026R02783,"Stamp of Congo, Republic (Brazzaville) - 1969 - Colnect 162752 - Cement Industry Logo Elephant Bloc 5.jpeg",-1.9,card_context_candidate,stamp_or_philatelic:postage; stamp_or_philatelic:stamp; stamp_or_philatelic:stamps; commons_file_source,small packet may not need cover-main treatment
Sri Lanka|Modern typography and layout|Wikimedia Commons|1865-1869,small_packet_standalone_or_sub_review,decide_if_standalone_normal_main_or_sub_under_nearby_packet,low,false,1,single_or_micro,mixed_manual_relation_review,low,Sri Lanka,Modern typography and layout,Wikimedia Commons,1865-1869,1867-1867,1,1,0,0,1,0,SURF-CAW2026R00308,1867ca 8d Ceylon used Yv38 Mi37II SG68chocolate.jpg,-20.0,card_context_candidate,stamp_or_philatelic:postage; stamp_or_philatelic:stamp; stamp_or_philatelic:stamps; commons_file_source,small packet may not need cover-main treatment
Sri Lanka|Modern typography and layout|Wikimedia Commons|1885-1889,small_packet_standalone_or_sub_review,decide_if_standalone_normal_main_or_sub_under_nearby_packet,low,false,1,single_or_micro,mixed_manual_relation_review,low,Sri Lanka,Modern typography and layout,Wikimedia Commons,1885-1889,1888-1888,1,1,0,0,1,0,SURF-CAW2026R00561,1888ca Two Ceylon used Yv114 Mi103 SG205 rose.jpg,-15.7,card_context_candidate,stamp_or_philatelic:postage; stamp_or_philatelic:stamp; stamp_or_philatelic:stamps; commons_file_source,small packet may not need cover-main treatment
Sri Lanka|Modern typography and layout|Wikimedia Commons|1890-1894,small_packet_standalone_or_sub_review,decide_if_standalone_normal_main_or_sub_under_nearby_packet,low,true,1,single_or_micro,small_anchor_or_manual,low,Sri Lanka,Modern typography and layout,Wikimedia Commons,1890-1894,1892-1892,1,1,0,0,0,0,SURF-CAW2026R00651,"Ceylon, advertisement card for Singer sewing machines, 1892.jpg",93.6,manual_relation_review,commons_file_source,small packet may not need cover-main treatment
Sri Lanka|Modern typography and layout|Wikimedia Commons|1895-1899,small_packet_standalone_or_sub_review,decide_if_standalone_normal_main_or_sub_under_nearby_packet,low,false,1,single_or_micro,mixed_manual_relation_review,low,Sri Lanka,Modern typography and layout,Wikimedia Commons,1895-1899,1899-1899,1,1,0,0,1,0,SURF-CAW2026R00781,1899ca 75c Ceylon used Yv131 Mi124 SG262.jpg,-20.9,card_context_candidate,stamp_or_philatelic:postage; stamp_or_philatelic:stamp; stamp_or_philatelic:stamps; commons_file_source,small packet may not need cover-main treatment
Sri Lanka|Modern typography and layout|Wikimedia Commons|1970-1974,small_packet_standalone_or_sub_review,decide_if_standalone_normal_main_or_sub_under_nearby_packet,low,false,1,single_or_micro,mixed_manual_relation_review,low,Sri Lanka,Modern typography and layout,Wikimedia Commons,1970-1974,1974-1974,1,1,0,0,1,0,SURF-CAW2026R02894,Ford A4774 NLGRF photo contact sheet (1975-06-01)(Gerald Ford Library).jpg,5.6,card_context_candidate,stamp_or_philatelic:postage; stamp_or_philatelic:stamp; commons_file_source,small packet may not need cover-main treatment
Sri Lanka|Modern typography and layout|Wikimedia Commons|1995-1999,small_packet_standalone_or_sub_review,decide_if_standalone_normal_main_or_sub_under_nearby_packet,low,false,1,single_or_micro,mixed_manual_relation_review,low,Sri Lanka,Modern typography and layout,Wikimedia Commons,1995-1999,1999-1999,1,1,0,0,1,0,SURF-CCT2026R03935,"Sri Lanka Post, 1999 stamp 22c Pocillopora eydoux, Collection Georges Declercq.jpg",-0.7,card_context_candidate,stamp_or_philatelic:postage; stamp_or_philatelic:stamp; stamp_or_philatelic:stamps; commons_file_source,small packet may not need cover-main treatment
Sri Lanka|Modern typography and layout|Wikimedia Commons|2010-2014,small_packet_standalone_or_sub_review,decide_if_standalone_normal_main_or_sub_under_nearby_packet,low,true,1,small,mixed_manual_relation_review,low,Sri Lanka,Modern typography and layout,Wikimedia Commons,2010-2014,2011-2011,3,1,0,1,0,0,SURF-CAW2026R03782,Polonnaruwa ruins Gal Vihariya (7567949376).jpg,70.5,packet_member_review,commons_file_source,small packet may not need cover-main treatment
Switzerland|Modern typography and layout|Wikimedia Commons|1950-1954,small_packet_standalone_or_sub_review,decide_if_standalone_normal_main_or_sub_under_nearby_packet,low,false,1,single_or_micro,mixed_manual_relation_review,low,Switzerland,Modern typography and layout,Wikimedia Commons,1950-1954,1950-1950,1,1,0,0,1,0,SURF-CRG2026R1383,LIE 1963 MiNr0433 mt B002.jpg,-5.2,card_context_candidate,stamp_or_philatelic:commemorative; stamp_or_philatelic:postage; stamp_or_philatelic:stamp; commons_file_source,small packet may not need cover-main treatment
Syria|Modern typography and layout|Wikimedia Commons|1890-1894,small_packet_standalone_or_sub_review,decide_if_standalone_normal_main_or_sub_under_nearby_packet,low,true,1,single_or_micro,small_anchor_or_manual,low,Syria,Modern typography and layout,Wikimedia Commons,1890-1894,1891-1891,1,1,0,0,0,0,SURF-CAW2026R00642,"El Paso International Daily Times. (El Paso, Tex.), Vol. ELEVENTH YEAR, No. 13, Ed. 1 Saturday, January 17, 1891 - DPLA - 2ceef5a825de7891cbb6ac5d6afea98f (page 1).jpg",93.5,manual_relation_review,commons_file_source,small packet may not need cover-main treatment
Syria|Modern typography and layout|Wikimedia Commons|1900-1904,small_packet_standalone_or_sub_review,decide_if_standalone_normal_main_or_sub_under_nearby_packet,low,false,1,single_or_micro,mixed_manual_relation_review,low,Syria,Modern typography and layout,Wikimedia Commons,1900-1904,1900-1900,1,1,0,0,1,0,SURF-CCT2026R03190,120 - Danseuse egyptienne.jpg,-3.7,card_context_candidate,stamp_or_philatelic:postage; stamp_or_philatelic:stamp; stamp_or_philatelic:stamps; commons_file_source,small packet may not need cover-main treatment
Syria|Modern typography and layout|Wikimedia Commons|1935-1939,small_packet_standalone_or_sub_review,decide_if_standalone_normal_main_or_sub_under_nearby_packet,low,false,1,single_or_micro,mixed_manual_relation_review,low,Syria,Modern typography and layout,Wikimedia Commons,1935-1939,1938-1938,1,1,0,0,1,0,SURF-CCT2026R03193,Stamp Alexandretta 4pi.jpg,-15.5,card_context_candidate,stamp_or_philatelic:postage; stamp_or_philatelic:stamp; stamp_or_philatelic:stamps; commons_file_source,small packet may not need cover-main treatment
Syria|Modern typography and layout|Wikimedia Commons|1970-1974,small_packet_standalone_or_sub_review,decide_if_standalone_normal_main_or_sub_under_nearby_packet,low,false,1,single_or_micro,mixed_manual_relation_review,low,Syria,Modern typography and layout,Wikimedia Commons,1970-1974,1974-1974,1,1,0,0,1,0,SURF-CAW2026R02887,Ford A5161 NLGRF photo contact sheet (1975-06-20)(Gerald Ford Library).jpg,6.8,card_context_candidate,stamp_or_philatelic:postage; stamp_or_philatelic:stamp; commons_file_source,small packet may not need cover-main treatment
Syria|Modern typography and layout|Wikimedia Commons|1980-1984,small_packet_standalone_or_sub_review,decide_if_standalone_normal_main_or_sub_under_nearby_packet,low,false,1,small,mixed_manual_relation_review,low,Syria,Modern typography and layout,Wikimedia Commons,1980-1984,1980-1980,2,1,0,0,1,0,SURF-CPT2026R00019,"Syrian postage stamp commemorating International Workers' Day, 1988.jpg",-1.85,card_context_candidate,stamp_or_philatelic:postage; stamp_or_philatelic:stamp; stamp_or_philatelic:stamps; commons_file_source,small packet may not need cover-main treatment
Syria|Modern typography and layout|Wikimedia Commons|1995-1999,small_packet_standalone_or_sub_review,decide_if_standalone_normal_main_or_sub_under_nearby_packet,low,true,1,small,mixed_manual_relation_review,low,Syria,Modern typography and layout,Wikimedia Commons,1995-1999,1997-1997,2,1,0,1,0,0,SURF-CAW2026R03366,"Al-Lisānīyāt wa-taʻlīm al-lughah (Dār al-Maʻārif, 1997) Book cover.jpg",71.95,packet_member_review,commons_file_source,small packet may not need cover-main treatment
Syria|World War and public-information graphics|Wikimedia Commons|1995-1999,small_packet_standalone_or_sub_review,decide_if_standalone_normal_main_or_sub_under_nearby_packet,low,false,1,single_or_micro,mixed_manual_relation_review,low,Syria,World War and public-information graphics,Wikimedia Commons,1995-1999,1998-1998,1,1,0,0,1,0,SURF-CAW2026R03389,"Syrian postage stamp commemorating the Yom Kippur War, 1998.jpg",-4.2,card_context_candidate,stamp_or_philatelic:postage; stamp_or_philatelic:stamp; commons_file_source,small packet may not need cover-main treatment
Syria|World War and public-information graphics|Wikimedia Commons|2010-2014,small_packet_standalone_or_sub_review,decide_if_standalone_normal_main_or_sub_under_nearby_packet,low,true,1,single_or_micro,mixed_manual_relation_review,low,Syria,World War and public-information graphics,Wikimedia Commons,2010-2014,2012-2012,1,1,0,1,0,0,SURF-CAW2026R03810,Book prisoners.jpg,71.5,packet_member_review,commons_file_source,small packet may not need cover-main treatment
Taiwan|Corporate identity and design systems|Wikimedia Commons|2015-2019,small_packet_standalone_or_sub_review,decide_if_standalone_normal_main_or_sub_under_nearby_packet,low,true,1,single_or_micro,mixed_manual_relation_review,low,Taiwan,Corporate identity and design systems,Wikimedia Commons,2015-2019,2019-2019,1,1,0,1,0,0,SURF-CRB2026V2R0251,A Sun title.jpg,68.8,packet_member_review,commons_file_source,small packet may not need cover-main treatment
Taiwan|Modern typography and layout|Wikimedia Commons|1875-1879,small_packet_standalone_or_sub_review,decide_if_standalone_normal_main_or_sub_under_nearby_packet,low,false,1,single_or_micro,mixed_manual_relation_review,low,Taiwan,Modern typography and layout,Wikimedia Commons,1875-1879,1878-1878,1,1,0,0,1,0,SURF-CRB2026V2R0215,Big Dragon stamp 3-candareen.jpg,-18.7,card_context_candidate,stamp_or_philatelic:postage; stamp_or_philatelic:stamp; stamp_or_philatelic:stamps; commons_file_source,small packet may not need cover-main treatment
Taiwan|Modern typography and layout|Wikimedia Commons|1940-1944,small_packet_standalone_or_sub_review,decide_if_standalone_normal_main_or_sub_under_nearby_packet,low,true,1,single_or_micro,mixed_manual_relation_review,low,Taiwan,Modern typography and layout,Wikimedia Commons,1940-1944,1943-1943,1,1,0,1,0,0,SURF-CRB2026V2R0237,共產黨在中國封面.jpg,68.5,packet_member_review,commons_file_source,small packet may not need cover-main treatment
Taiwan|Modern typography and layout|Wikimedia Commons|1955-1959,small_packet_standalone_or_sub_review,decide_if_standalone_normal_main_or_sub_under_nearby_packet,low,false,1,small,mixed_manual_relation_review,low,Taiwan,Modern typography and layout,Wikimedia Commons,1955-1959,1955-1955,2,1,0,0,1,0,SURF-CRB2026V2R0239,Chinese Regular 50Fen Stamp in 1955.JPG,-5.25,card_context_candidate,stamp_or_philatelic:postage; stamp_or_philatelic:stamp; commons_file_source,small packet may not need cover-main treatment
Taiwan|Modern typography and layout|Wikimedia Commons|1985-1989,small_packet_standalone_or_sub_review,decide_if_standalone_normal_main_or_sub_under_nearby_packet,low,false,1,single_or_micro,mixed_manual_relation_review,low,Taiwan,Modern typography and layout,Wikimedia Commons,1985-1989,1985-1985,1,1,0,0,1,0,SURF-CRB2026V2R0241,Stamp of Indonesia - 1985 - Colnect 446084 - Teaching.jpeg,-3.3,card_context_candidate,stamp_or_philatelic:postage; stamp_or_philatelic:stamp; stamp_or_philatelic:stamps; commons_file_source,small packet may not need cover-main treatment
Taiwan|Modern typography and layout|Wikimedia Commons|2010-2014,small_packet_standalone_or_sub_review,decide_if_standalone_normal_main_or_sub_under_nearby_packet,low,true,1,single_or_micro,small_anchor_or_manual,low,Taiwan,Modern typography and layout,Wikimedia Commons,2010-2014,2013-2013,1,1,0,0,0,0,SURF-CCT2026R01384,Tinytimes1.jpg,91.8,manual_relation_review,commons_file_source,small packet may not need cover-main treatment
Taiwan|World War and public-information graphics|Wikimedia Commons|1940-1944,small_packet_standalone_or_sub_review,decide_if_standalone_normal_main_or_sub_under_nearby_packet,low,true,1,single_or_micro,small_anchor_or_manual,low,Taiwan,World War and public-information graphics,Wikimedia Commons,1940-1944,1943-1943,1,1,0,0,0,0,SURF-CRB2026V2R0236,1943 Inside wartime China.jpg,92.0,manual_relation_review,commons_file_source,small packet may not need cover-main treatment
Tajikistan|Modern typography and layout|Wikimedia Commons|1945-1949,small_packet_standalone_or_sub_review,decide_if_standalone_normal_main_or_sub_under_nearby_packet,low,false,1,single_or_micro,mixed_manual_relation_review,low,Tajikistan,Modern typography and layout,Wikimedia Commons,1945-1949,1948-1948,1,1,0,0,1,0,SURF-CAW2026R02241,"The Soviet Union 1948 CPA 1300 stamp (Fourth Five-Year Plan - Electrification. Farkhad Dam, Uzbekistan) small resolution.jpg",-18.5,card_context_candidate,stamp_or_philatelic:postage; stamp_or_philatelic:stamp; commons_file_source,small packet may not need cover-main treatment
Tajikistan|Modern typography and layout|Wikimedia Commons|1950-1954,small_packet_standalone_or_sub_review,decide_if_standalone_normal_main_or_sub_under_nearby_packet,low,true,1,single_or_micro,mixed_manual_relation_review,low,Tajikistan,Modern typography and layout,Wikimedia Commons,1950-1954,1952-1952,1,1,0,1,0,0,SURF-CAW2026R02338,Under the Golden Eagle - Stalinabad Theatre Poster (1952).jpg,71.8,packet_member_review,commons_file_source,small packet may not need cover-main treatment
Tajikistan|Modern typography and layout|Wikimedia Commons|1960-1964,small_packet_standalone_or_sub_review,decide_if_standalone_normal_main_or_sub_under_nearby_packet,low,false,1,single_or_micro,mixed_manual_relation_review,low,Tajikistan,Modern typography and layout,Wikimedia Commons,1960-1964,1963-1963,1,1,0,0,1,0,SURF-CAW2026R02620,The Soviet Union 1963 CPA 2846 stamp (Regional Costumes. Tajik сostumes).jpg,-18.2,card_context_candidate,stamp_or_philatelic:postage; stamp_or_philatelic:stamp; commons_file_source,small packet may not need cover-main treatment
Tajikistan|Modern typography and layout|Wikimedia Commons|2000-2004,small_packet_standalone_or_sub_review,decide_if_standalone_normal_main_or_sub_under_nearby_packet,low,false,1,single_or_micro,mixed_manual_relation_review,low,Tajikistan,Modern typography and layout,Wikimedia Commons,2000-2004,2004-2004,1,1,0,0,1,0,SURF-CCT2026R01110,"Stamps of Tajikistan, 002-04.jpg",-4.6,card_context_candidate,stamp_or_philatelic:postage; stamp_or_philatelic:stamp; stamp_or_philatelic:stamps; commons_file_source,small packet may not need cover-main treatment
Tajikistan|World War and public-information graphics|Wikimedia Commons|1985-1989,small_packet_standalone_or_sub_review,decide_if_standalone_normal_main_or_sub_under_nearby_packet,low,false,1,single_or_micro,mixed_manual_relation_review,low,Tajikistan,World War and public-information graphics,Wikimedia Commons,1985-1989,1988-1988,1,1,0,0,1,0,SURF-CAW2026R03096,"The Soviet Union 1990 CPA 6203 stamp with label (Guraguli, Tadzhik epic poem. Armored warriors. I. Martynov).jpg",-4.9,card_context_candidate,stamp_or_philatelic:postage; stamp_or_philatelic:stamp; stamp_or_philatelic:stamps; commons_file_source,small packet may not need cover-main treatment
Tanzania|Modern typography and layout|Wikimedia Commons|1870-1874,small_packet_standalone_or_sub_review,decide_if_standalone_normal_main_or_sub_under_nearby_packet,low,true,1,single_or_micro,small_anchor_or_manual,low,Tanzania,Modern typography and layout,Wikimedia Commons,1870-1874,1873-1873,1,1,0,0,0,0,SURF-CAW2026R00331,Relic (AM 604158).jpg,92.6,manual_relation_review,commons_file_source,small packet may not need cover-main treatment
Tanzania|Modern typography and layout|Wikimedia Commons|1915-1919,small_packet_standalone_or_sub_review,decide_if_standalone_normal_main_or_sub_under_nearby_packet,low,true,1,single_or_micro,small_anchor_or_manual,low,Tanzania,Modern typography and layout,Wikimedia Commons,1915-1919,1918-1918,1,1,0,0,0,0,SURF-CAW2026R01299,"The Abilene Daily Reporter (Abilene, Tex.), Vol. 21, No. 88, Ed. 1 Sunday, June 30, 1918 - DPLA - 303a20090c0898e4056589bc8aa4c8fa (page 11).jpg",92.6,manual_relation_review,commons_file_source,small packet may not need cover-main treatment
Thailand|Modern typography and layout|Wikimedia Commons|1895-1899,small_packet_standalone_or_sub_review,decide_if_standalone_normal_main_or_sub_under_nearby_packet,low,false,1,single_or_micro,mixed_manual_relation_review,low,Thailand,Modern typography and layout,Wikimedia Commons,1895-1899,1896-1896,1,1,0,0,1,0,SURF-CAW2026R00728,Stamp of Peru - 1896 - Colnect 287281 - Francisco Pizarro.jpeg,-21.8,card_context_candidate,stamp_or_philatelic:postage; stamp_or_philatelic:stamp; stamp_or_philatelic:stamps; commons_file_source,small packet may not need cover-main treatment
Thailand|Modern typography and layout|Wikimedia Commons|1915-1919,small_packet_standalone_or_sub_review,decide_if_standalone_normal_main_or_sub_under_nearby_packet,low,false,1,single_or_micro,mixed_manual_relation_review,low,Thailand,Modern typography and layout,Wikimedia Commons,1915-1919,1917-1917,1,1,0,0,1,0,SURF-CAW2026R01279,Rama 6 in stamp.jpg,-9.4,card_context_candidate,stamp_or_philatelic:postage; stamp_or_philatelic:stamp; stamp_or_philatelic:stamps; commons_file_source,small packet may not need cover-main treatment
Thailand|Modern typography and layout|Wikimedia Commons|1925-1929,small_packet_standalone_or_sub_review,decide_if_standalone_normal_main_or_sub_under_nearby_packet,low,false,1,small,mixed_manual_relation_review,low,Thailand,Modern typography and layout,Wikimedia Commons,1925-1929,1925-1925,2,1,0,0,1,0,SURF-CAW2026R01573,Stamp of Peru - 1925 - Colnect 287282 - Iturregui.jpeg,-21.55,card_context_candidate,stamp_or_philatelic:postage; stamp_or_philatelic:stamp; stamp_or_philatelic:stamps; commons_file_source,small packet may not need cover-main treatment
Thailand|Modern typography and layout|Wikimedia Commons|1935-1939,small_packet_standalone_or_sub_review,decide_if_standalone_normal_main_or_sub_under_nearby_packet,low,true,1,small,mixed_manual_relation_review,low,Thailand,Modern typography and layout,Wikimedia Commons,1935-1939,1938-1938,2,1,0,1,0,0,SURF-CCT2026R04465,Quick new learning textbook B.E. 2481 (cover page).jpg,71.85,packet_member_review,commons_file_source,small packet may not need cover-main treatment
Thailand|Modern typography and layout|Wikimedia Commons|1940-1944,small_packet_standalone_or_sub_review,decide_if_standalone_normal_main_or_sub_under_nearby_packet,low,false,1,single_or_micro,mixed_manual_relation_review,low,Thailand,Modern typography and layout,Wikimedia Commons,1940-1944,1941-1941,1,1,0,0,1,0,SURF-CAW2026R02104,Stamp of Peru - 1941 - Colnect 287284 - National Radio Station.jpeg,-17.1,card_context_candidate,stamp_or_philatelic:postage; stamp_or_philatelic:stamp; stamp_or_philatelic:stamps; commons_file_source,small packet may not need cover-main treatment
Thailand|Modern typography and layout|Wikimedia Commons|1950-1954,small_packet_standalone_or_sub_review,decide_if_standalone_normal_main_or_sub_under_nearby_packet,low,false,1,small,mixed_manual_relation_review,low,Thailand,Modern typography and layout,Wikimedia Commons,1950-1954,1953-1953,2,1,0,0,1,0,SURF-CAW2026R02429,Stamp of Peru - 1953 - Colnect 287285 - Touristhotel at Tacna.jpeg,-16.35,card_context_candidate,stamp_or_philatelic:postage; stamp_or_philatelic:stamp; stamp_or_philatelic:stamps; commons_file_source,small packet may not need cover-main treatment
Thailand|World War and public-information graphics|Wikimedia Commons|1965-1969,small_packet_standalone_or_sub_review,decide_if_standalone_normal_main_or_sub_under_nearby_packet,low,false,1,single_or_micro,mixed_manual_relation_review,low,Thailand,World War and public-information graphics,Wikimedia Commons,1965-1969,1969-1969,1,1,0,0,1,0,SURF-CAW2026R02786,40th ARRS pararescueman eases rescue litter into HH-53B.jpg,-9.8,card_context_candidate,stamp_or_philatelic:postage; stamp_or_philatelic:stamp; commons_file_source,small packet may not need cover-main treatment
Thailand|World War and public-information graphics|Wikimedia Commons|1970-1974,small_packet_standalone_or_sub_review,decide_if_standalone_normal_main_or_sub_under_nearby_packet,low,true,1,single_or_micro,mixed_manual_relation_review,low,Thailand,World War and public-information graphics,Wikimedia Commons,1970-1974,1972-1972,1,1,0,1,0,0,SURF-CRG2026R2318,F-105G 17th TFS with six missiles c1972.jpg,74.7,packet_member_review,commons_file_source,small packet may not need cover-main treatment
Togo|Modern typography and layout|Wikimedia Commons|1885-1889,small_packet_standalone_or_sub_review,decide_if_standalone_normal_main_or_sub_under_nearby_packet,low,true,1,single_or_micro,small_anchor_or_manual,low,Togo,Modern typography and layout,Wikimedia Commons,1885-1889,1888-1888,1,1,0,0,0,0,SURF-CAW2026R00554,"Lane at Alchamps, Arles 1888 Paul Gauguin.jpg",90.5,manual_relation_review,commons_file_source,small packet may not need cover-main treatment
Togo|Modern typography and layout|Wikimedia Commons|1920-1924,small_packet_standalone_or_sub_review,decide_if_standalone_normal_main_or_sub_under_nearby_packet,low,true,1,small,small_anchor_or_manual,low,Togo,Modern typography and layout,Wikimedia Commons,1920-1924,1920-1920,2,1,0,0,0,0,SURF-CAW2026R01401,Pagan Love (1920) - 1.jpg,91.75,manual_relation_review,commons_file_source,small packet may not need cover-main treatment
Tonga|Modern typography and layout|Wikimedia Commons|2005-2009,small_packet_standalone_or_sub_review,decide_if_standalone_normal_main_or_sub_under_nearby_packet,low,true,1,single_or_micro,small_anchor_or_manual,low,Tonga,Modern typography and layout,Wikimedia Commons,2005-2009,2007-2007,1,1,0,0,0,0,SURF-CAW2026R03597,Wall painting poster advertising corned beef - a national obsession - panoramio.jpg,96.8,manual_relation_review,commons_file_source,small packet may not need cover-main treatment
Tunisia|Modern typography and layout|Wikimedia Commons|1890-1894,small_packet_standalone_or_sub_review,decide_if_standalone_normal_main_or_sub_under_nearby_packet,low,true,1,single_or_micro,mixed_manual_relation_review,low,Tunisia,Modern typography and layout,Wikimedia Commons,1890-1894,1890-1890,1,1,0,1,0,0,SURF-CAW2026R00630,Immigration tunisia colons around 1890.jpg,69.4,packet_member_review,commons_file_source,small packet may not need cover-main treatment
Tunisia|Modern typography and layout|Wikimedia Commons|1930-1934,small_packet_standalone_or_sub_review,decide_if_standalone_normal_main_or_sub_under_nearby_packet,low,false,1,single_or_micro,mixed_manual_relation_review,low,Tunisia,Modern typography and layout,Wikimedia Commons,1930-1934,1933-1933,1,1,0,0,1,0,SURF-CAW2026R01740,Stamp of Aegean Islands - 1933 - Colnect 177601 - Rodi - Symbolical of Flight.jpeg,-20.4,card_context_candidate,stamp_or_philatelic:postage; stamp_or_philatelic:stamp; stamp_or_philatelic:stamps; commons_file_source,small packet may not need cover-main treatment
Tunisia|Modern typography and layout|Wikimedia Commons|1985-1989,small_packet_standalone_or_sub_review,decide_if_standalone_normal_main_or_sub_under_nearby_packet,low,false,1,single_or_micro,mixed_manual_relation_review,low,Tunisia,Modern typography and layout,Wikimedia Commons,1985-1989,1989-1989,1,1,0,0,1,0,SURF-CAW2026R03175,Stamp of Seychelles - 1989 - Colnect 537404 - Seychelles Fishing Authority HQ.jpeg,-7.6,card_context_candidate,weak_context:anniversary; stamp_or_philatelic:postage; stamp_or_philatelic:stamp; stamp_or_philatelic:stamps; commons_file_source,small packet may not need cover-main treatment
Tunisia|World War and public-information graphics|Wikimedia Commons|1955-1959,small_packet_standalone_or_sub_review,decide_if_standalone_normal_main_or_sub_under_nearby_packet,low,false,1,single_or_micro,mixed_manual_relation_review,low,Tunisia,World War and public-information graphics,Wikimedia Commons,1955-1959,1957-1957,1,1,0,0,1,0,SURF-CAW2026R02533,Army's Fortnight - Tabarka fort - stamp - Tunisia.jpg,-4.6,card_context_candidate,stamp_or_philatelic:postage; stamp_or_philatelic:stamp; stamp_or_philatelic:stamps; commons_file_source,small packet may not need cover-main treatment
Turkey|Modern typography and layout|Wikimedia Commons|1850-1854,small_packet_standalone_or_sub_review,decide_if_standalone_normal_main_or_sub_under_nearby_packet,low,false,1,single_or_micro,mixed_manual_relation_review,low,Turkey,Modern typography and layout,Wikimedia Commons,1850-1854,1852-1852,1,1,0,0,1,0,SURF-CAW2026R00202,Ford A1852 NLGRF photo contact sheet (1974-11-11)(Gerald Ford Library).jpg,7.4,card_context_candidate,stamp_or_philatelic:postage; stamp_or_philatelic:stamp; commons_file_source,small packet may not need cover-main treatment
Turkey|Modern typography and layout|Wikimedia Commons|1870-1874,small_packet_standalone_or_sub_review,decide_if_standalone_normal_main_or_sub_under_nearby_packet,low,false,1,single_or_micro,mixed_manual_relation_review,low,Turkey,Modern typography and layout,Wikimedia Commons,1870-1874,1871-1871,1,1,0,0,1,0,SURF-CCT2026R03199,Turkey J29.jpg,-14.6,card_context_candidate,stamp_or_philatelic:postage; stamp_or_philatelic:stamp; stamp_or_philatelic:stamps; commons_file_source,small packet may not need cover-main treatment
Turkey|Modern typography and layout|Wikimedia Commons|1885-1889,small_packet_standalone_or_sub_review,decide_if_standalone_normal_main_or_sub_under_nearby_packet,low,true,1,single_or_micro,mixed_manual_relation_review,low,Turkey,Modern typography and layout,Wikimedia Commons,1885-1889,1885-1885,1,1,0,1,0,0,SURF-CRG2026R0099,Amsterdam - Rijksmuseum 1885 - Gallery of Honour (1st Floor) - Still Life with Turkey Pie 1627 by Pieter Claesz..jpg,77.4,packet_member_review,commons_file_source,small packet may not need cover-main treatment
Turkey|Modern typography and layout|Wikimedia Commons|1910-1914,small_packet_standalone_or_sub_review,decide_if_standalone_normal_main_or_sub_under_nearby_packet,low,false,1,small,mixed_manual_relation_review,low,Turkey,Modern typography and layout,Wikimedia Commons,1910-1914,1913-1913,3,1,0,0,1,0,SURF-CCT2026R03207,"Turkish postage stamp, Selimiye Mosque, Scott No. J61, issued 1913.jpg",-3.1,card_context_candidate,stamp_or_philatelic:postage; stamp_or_philatelic:stamp; stamp_or_philatelic:stamps; commons_file_source,small packet may not need cover-main treatment
Turkey|Modern typography and layout|Wikimedia Commons|1920-1924,small_packet_standalone_or_sub_review,decide_if_standalone_normal_main_or_sub_under_nearby_packet,low,false,1,small,mixed_manual_relation_review,low,Turkey,Modern typography and layout,Wikimedia Commons,1920-1924,1924-1924,3,1,0,0,1,0,SURF-CAW2026R01550,Question de la frontière entre la Turquie et l'Irak - rapport présenté au Conseil par la Commission constituée en vertu de la résolution du 30 septembre 1924 LOC 92683727-8.jpg,5.3,card_context_candidate,stamp_or_philatelic:postage; stamp_or_philatelic:stamp; commons_file_source,small packet may not need cover-main treatment
Turkey|Modern typography and layout|Wikimedia Commons|1985-1989,small_packet_standalone_or_sub_review,decide_if_standalone_normal_main_or_sub_under_nearby_packet,low,false,1,small,mixed_manual_relation_review,low,Turkey,Modern typography and layout,Wikimedia Commons,1985-1989,1987-1987,2,1,0,0,1,0,SURF-CCT2026R03230,Turkey 1987 variable value stamp 1200 Mi 1.jpg,-15.35,card_context_candidate,stamp_or_philatelic:postage; stamp_or_philatelic:stamp; stamp_or_philatelic:stamps; commons_file_source,small packet may not need cover-main treatment
Turkey|Travel and transport poster culture|Wikimedia Commons|1885-1889,small_packet_standalone_or_sub_review,decide_if_standalone_normal_main_or_sub_under_nearby_packet,low,false,1,single_or_micro,mixed_manual_relation_review,low,Turkey,Travel and transport poster culture,Wikimedia Commons,1885-1889,1888-1888,1,1,0,0,1,0,SURF-CCT2026R03203,Turkey contrebande 5pia.jpg,-5.2,card_context_candidate,stamp_or_philatelic:postage; stamp_or_philatelic:stamp; stamp_or_philatelic:stamps; commons_file_source,small packet may not need cover-main treatment
Turkey|World War and public-information graphics|Wikimedia Commons|1920-1924,small_packet_standalone_or_sub_review,decide_if_standalone_normal_main_or_sub_under_nearby_packet,low,false,1,single_or_micro,mixed_manual_relation_review,low,Turkey,World War and public-information graphics,Wikimedia Commons,1920-1924,1921-1921,1,1,0,0,1,0,SURF-CAW2026R01488,"Russia, Offices in the Turkish Empire - Wrangel Issue 10,000 rubles on 7 kopecks postage stamp (1921).jpg",4.1,card_context_candidate,stamp_or_philatelic:postage; stamp_or_philatelic:stamp; commons_file_source,small packet may not need cover-main treatment
Turkey|World War and public-information graphics|Wikimedia Commons|1940-1944,small_packet_standalone_or_sub_review,decide_if_standalone_normal_main_or_sub_under_nearby_packet,low,false,1,single_or_micro,mixed_manual_relation_review,low,Turkey,World War and public-information graphics,Wikimedia Commons,1940-1944,1943-1943,1,1,0,0,1,0,SURF-CAW2026R02145,"ONI JAN 1 Uniforms and Insignia Page 072 Japanese Navy WW2 Commissioned officers. Summer field dress, helmet cover, officer's sword, marine, tropical leather puttees, cape collar insignia naval ensign. Sept 1943 Field recognition. No kn.jpg",4.1,card_context_candidate,stamp_or_philatelic:postage; stamp_or_philatelic:stamp; commons_file_source,small packet may not need cover-main treatment
Uganda|Modern typography and layout|Wikimedia Commons|1830-1834,small_packet_standalone_or_sub_review,decide_if_standalone_normal_main_or_sub_under_nearby_packet,low,true,1,single_or_micro,small_anchor_or_manual,low,Uganda,Modern typography and layout,Wikimedia Commons,1830-1834,1834-1834,1,1,0,0,0,0,SURF-CAW2026R00110,"ASC Leiden - NSAG - van Es 2 - 018 - A black man in a western shirt and shorts looks suspiciously - Kampala, Uganda - 29-11-1961 - 4-12-1961.tif",93.5,manual_relation_review,commons_file_source,small packet may not need cover-main treatment
Ukraine|Corporate identity and design systems|Wikimedia Commons|1990-1994,small_packet_standalone_or_sub_review,decide_if_standalone_normal_main_or_sub_under_nearby_packet,low,false,1,single_or_micro,mixed_manual_relation_review,low,Ukraine,Corporate identity and design systems,Wikimedia Commons,1990-1994,1993-1993,1,1,0,0,1,0,SURF-CCT2026R01798,Stamp of Ukraine s38.jpg,-4.9,card_context_candidate,stamp_or_philatelic:postage; stamp_or_philatelic:stamp; stamp_or_philatelic:stamps; commons_file_source,small packet may not need cover-main treatment
Ukraine|Corporate identity and design systems|Wikimedia Commons|2005-2009,small_packet_standalone_or_sub_review,decide_if_standalone_normal_main_or_sub_under_nearby_packet,low,true,1,single_or_micro,mixed_manual_relation_review,low,Ukraine,Corporate identity and design systems,Wikimedia Commons,2005-2009,2008-2008,1,1,0,1,0,0,SURF-CRB2026V3R00052,Soyuz Pisateley.jpg,69.7,packet_member_review,commons_file_source,small packet may not need cover-main treatment
Ukraine|Modern typography and layout|Wikimedia Commons|1870-1874,small_packet_standalone_or_sub_review,decide_if_standalone_normal_main_or_sub_under_nearby_packet,low,false,1,single_or_micro,mixed_manual_relation_review,low,Ukraine,Modern typography and layout,Wikimedia Commons,1870-1874,1872-1872,1,1,0,0,1,0,SURF-CRB2026V3R00079,Stamp of Ukraine s1872.jpg,-28.2,card_context_candidate,stamp_or_philatelic:postage; stamp_or_philatelic:stamp; stamp_or_philatelic:stamps; commons_file_source,small packet may not need cover-main treatment
Ukraine|Modern typography and layout|Wikimedia Commons|1990-1994,small_packet_standalone_or_sub_review,decide_if_standalone_normal_main_or_sub_under_nearby_packet,low,false,1,single_or_micro,mixed_manual_relation_review,low,Ukraine,Modern typography and layout,Wikimedia Commons,1990-1994,1994-1994,1,1,0,0,1,0,SURF-CCT2026R01800,Stamp of Ukraine зчіпка 50-річчя визволення.jpg,-0.6,card_context_candidate,stamp_or_philatelic:postage; stamp_or_philatelic:stamp; commons_file_source,small packet may not need cover-main treatment
Ukraine|Travel and transport poster culture|Wikimedia Commons|1990-1994,small_packet_standalone_or_sub_review,decide_if_standalone_normal_main_or_sub_under_nearby_packet,low,false,1,single_or_micro,mixed_manual_relation_review,low,Ukraine,Travel and transport poster culture,Wikimedia Commons,1990-1994,1993-1993,1,1,0,0,1,0,SURF-CCT2026R01799,Stamp of Ukraine s39.jpg,-2.5,card_context_candidate,stamp_or_philatelic:postage; stamp_or_philatelic:stamp; stamp_or_philatelic:stamps; commons_file_source,small packet may not need cover-main treatment
Ukraine|World War and public-information graphics|Wikimedia Commons|1920-1924,small_packet_standalone_or_sub_review,decide_if_standalone_normal_main_or_sub_under_nearby_packet,low,false,1,single_or_micro,mixed_manual_relation_review,low,Ukraine,World War and public-information graphics,Wikimedia Commons,1920-1924,1920-1920,1,1,0,1,0,0,SURF-CAW2026R01437,Diejudeninderkar00fuch 04 Die Juden in der Karikatur (Eduard Fuchs 1921) 302 Antisemitisches Wahlplakat zur Reichstagswahl 1920 Deutschland Anti-Semitic (Nazi propaganda) election poster 1920 Jew Arayn woman swastikas cropped.jpg,51.5,packet_member_review,weak_context:profile; commons_file_source,small packet may not need cover-main treatment
United Arab Emirates|Modern typography and layout|Wikimedia Commons|1860-1864,small_packet_standalone_or_sub_review,decide_if_standalone_normal_main_or_sub_under_nearby_packet,low,false,1,single_or_micro,mixed_manual_relation_review,low,United Arab Emirates,Modern typography and layout,Wikimedia Commons,1860-1864,1864-1864,1,1,0,0,1,0,SURF-CAW2026R00262,Stamp 1968 UAE-RK MiNr0237A pm B002.jpg,6.6,card_context_candidate,stamp_or_philatelic:commemorative; stamp_or_philatelic:postage; stamp_or_philatelic:stamp; commons_file_source,small packet may not need cover-main treatment
United Arab Emirates|Modern typography and layout|Wikimedia Commons|1880-1884,small_packet_standalone_or_sub_review,decide_if_standalone_normal_main_or_sub_under_nearby_packet,low,false,1,single_or_micro,mixed_manual_relation_review,low,United Arab Emirates,Modern typography and layout,Wikimedia Commons,1880-1884,1882-1882,1,1,0,0,1,0,SURF-CAW2026R00435,Stamp 1972 UAE-UQ MiNr1172BwBl pm B002.jpg,-9.7,card_context_candidate,stamp_or_philatelic:commemorative; stamp_or_philatelic:postage; stamp_or_philatelic:stamp; stamp_or_philatelic:stamps; commons_file_source,small packet may not need cover-main treatment
United Arab Emirates|Modern typography and layout|Wikimedia Commons|2010-2014,small_packet_standalone_or_sub_review,decide_if_standalone_normal_main_or_sub_under_nearby_packet,low,true,1,single_or_micro,small_anchor_or_manual,low,United Arab Emirates,Modern typography and layout,Wikimedia Commons,2010-2014,2014-2014,1,1,0,0,0,0,SURF-CAW2026R03973,World's first ad- for a whorehouse! (16127668910).jpg,94.1,manual_relation_review,commons_file_source,small packet may not need cover-main treatment
United Arab Emirates|Travel and transport poster culture|Wikimedia Commons|2015-2019,small_packet_standalone_or_sub_review,decide_if_standalone_normal_main_or_sub_under_nearby_packet,low,true,1,single_or_micro,small_anchor_or_manual,low,United Arab Emirates,Travel and transport poster culture,Wikimedia Commons,2015-2019,2015-2015,1,1,0,0,0,0,SURF-CAW2026R04049,Details of a dry dock for the coastal boats (27595323335).jpg,91.6,manual_relation_review,commons_file_source,small packet may not need cover-main treatment
United Arab Emirates|World War and public-information graphics|Wikimedia Commons|1880-1884,small_packet_standalone_or_sub_review,decide_if_standalone_normal_main_or_sub_under_nearby_packet,low,true,1,single_or_micro,small_anchor_or_manual,low,United Arab Emirates,World War and public-information graphics,Wikimedia Commons,1880-1884,1881-1881,1,1,0,0,0,0,SURF-CAW2026R00419,First locomotives used on the Nfl Railway were tiny! (27496067892).jpg,90.2,manual_relation_review,commons_file_source,small packet may not need cover-main treatment
United Kingdom|Midcentury modern graphic communication|Library of Congress|1885-1889,small_packet_standalone_or_sub_review,decide_if_standalone_normal_main_or_sub_under_nearby_packet,low,true,1,single_or_micro,mixed_manual_relation_review,low,United Kingdom,Midcentury modern graphic communication,Library of Congress,1885-1889,1885-1885,1,1,0,1,0,0,SURF-ER1830R025,"Cadbury's almanack for 2,000 years - a literary & useful curiosity",70.4,packet_member_review,,small packet may not need cover-main treatment
United Kingdom|Midcentury modern graphic communication|V&A Collections API|1970-1974,small_packet_standalone_or_sub_review,decide_if_standalone_normal_main_or_sub_under_nearby_packet,low,false,1,single_or_micro,mixed_manual_relation_review,low,United Kingdom,Midcentury modern graphic communication,V&A Collections API,1970-1974,1970-1970,1,1,0,1,0,0,SURF-MC1930R094,There flows from Latin America,64.9,packet_member_review,,small packet may not need cover-main treatment
United Kingdom|Modern typography and layout|Design Reviewed|2025-2029,small_packet_standalone_or_sub_review,decide_if_standalone_normal_main_or_sub_under_nearby_packet,low,true,1,single_or_micro,mixed_manual_relation_review,low,United Kingdom,Modern typography and layout,Design Reviewed,2025-2029,2026-2026,1,1,0,1,0,0,SURF-EW1970R020,Industry Unions and Design Magazines,70.0,packet_member_review,,small packet may not need cover-main treatment
United Kingdom|Modern typography and layout|Internet Archive|2015-2019,small_packet_standalone_or_sub_review,decide_if_standalone_normal_main_or_sub_under_nearby_packet,low,true,1,single_or_micro,mixed_manual_relation_review,low,United Kingdom,Modern typography and layout,Internet Archive,2015-2019,2015-2015,1,1,0,1,0,0,SURF-LPC2026R061,Design elements : a graphic style manual : understanding the rules and knowing when to break them,75.7,packet_member_review,,small packet may not need cover-main treatment
United Kingdom|Modern typography and layout|Wikimedia Commons|1830-1834,small_packet_standalone_or_sub_review,decide_if_standalone_normal_main_or_sub_under_nearby_packet,low,true,1,small,mixed_manual_relation_review,low,United Kingdom,Modern typography and layout,Wikimedia Commons,1830-1834,1830-1830,3,1,0,1,0,0,SURF-CAW2026R00012,Marianne North (1830-1890) - 'The Kutub. Delhi. India. Novr. 1878' - WD3239 - British Library.jpg,67.9,packet_member_review,commons_file_source,small packet may not need cover-main treatment
United Kingdom|Modern typography and layout|Wikimedia Commons|1865-1869,small_packet_standalone_or_sub_review,decide_if_standalone_normal_main_or_sub_under_nearby_packet,low,false,1,single_or_micro,mixed_manual_relation_review,low,United Kingdom,Modern typography and layout,Wikimedia Commons,1865-1869,1865-1865,1,1,0,0,1,0,SURF-CAW2026R00267,Stamp of Ajman - 1965 - Colnect 679385 - Stamp of British Guiana - Gibbons catalogue of 1865.jpeg,1.4,card_context_candidate,stamp_or_philatelic:postage; stamp_or_philatelic:stamp; stamp_or_philatelic:stamps; commons_file_source,small packet may not need cover-main treatment
United Kingdom|Modern typography and layout|Wikimedia Commons|1870-1874,small_packet_standalone_or_sub_review,decide_if_standalone_normal_main_or_sub_under_nearby_packet,low,true,1,single_or_micro,small_anchor_or_manual,low,United Kingdom,Modern typography and layout,Wikimedia Commons,1870-1874,1870-1870,1,1,0,0,0,0,SURF-CRG2026R0046,"Cover - The Modern Bicycle (1877), cover - BL.jpg",94.4,manual_relation_review,commons_file_source,small packet may not need cover-main treatment
United Kingdom|Modern typography and layout|Wikimedia Commons|1875-1879,small_packet_standalone_or_sub_review,decide_if_standalone_normal_main_or_sub_under_nearby_packet,low,false,1,single_or_micro,mixed_manual_relation_review,low,United Kingdom,Modern typography and layout,Wikimedia Commons,1875-1879,1879-1879,1,1,0,0,1,0,SURF-CRG2026R0072,Stamp of Khor Fakkan 1966-Football-match-England-vs-Scotland-at-Kensington-Oval-1879(3).jpg,4.6,card_context_candidate,stamp_or_philatelic:stamp; commons_file_source,small packet may not need cover-main treatment
United Kingdom|Modern typography and layout|Wikimedia Commons|1880-1884,small_packet_standalone_or_sub_review,decide_if_standalone_normal_main_or_sub_under_nearby_packet,low,true,1,single_or_micro,mixed_manual_relation_review,low,United Kingdom,Modern typography and layout,Wikimedia Commons,1880-1884,1882-1882,1,1,0,1,0,0,SURF-CAW2026R00437,Advertisement of 'Moral Emblems' second collection.jpg,76.9,packet_member_review,commons_file_source,small packet may not need cover-main treatment
United Kingdom|Modern typography and layout|Wikimedia Commons|1885-1889,small_packet_standalone_or_sub_review,decide_if_standalone_normal_main_or_sub_under_nearby_packet,low,false,1,single_or_micro,mixed_manual_relation_review,low,United Kingdom,Modern typography and layout,Wikimedia Commons,1885-1889,1885-1885,1,1,0,0,1,0,SURF-CAW2026R00461,Used 25t 1985 Botswana postage stamp centenary stamp.JPG,-2.8,card_context_candidate,stamp_or_philatelic:postage; stamp_or_philatelic:stamp; stamp_or_philatelic:stamps; commons_file_source,small packet may not need cover-main treatment
United Kingdom|Modern typography and layout|Wikimedia Commons|1915-1919,small_packet_standalone_or_sub_review,decide_if_standalone_normal_main_or_sub_under_nearby_packet,low,false,1,small,mixed_manual_relation_review,low,United Kingdom,Modern typography and layout,Wikimedia Commons,1915-1919,1917-1917,2,1,0,0,1,0,SURF-CCT2026R03554,Fiji 1917 ½d-4d postage due stamps.jpg,-5.85,card_context_candidate,stamp_or_philatelic:postage; stamp_or_philatelic:stamp; stamp_or_philatelic:stamps; commons_file_source,small packet may not need cover-main treatment
United Kingdom|Modern typography and layout|Wikimedia Commons|1920-1924,small_packet_standalone_or_sub_review,decide_if_standalone_normal_main_or_sub_under_nearby_packet,low,true,1,single_or_micro,small_anchor_or_manual,low,United Kingdom,Modern typography and layout,Wikimedia Commons,1920-1924,1920-1920,1,1,0,0,0,0,SURF-CAW2026R01403,BSAC settlers Southern Rhodesia.jpg,94.4,manual_relation_review,commons_file_source,small packet may not need cover-main treatment
United Kingdom|Public health and social communication|Wellcome Collection|1935-1939,small_packet_standalone_or_sub_review,decide_if_standalone_normal_main_or_sub_under_nearby_packet,low,false,1,single_or_micro,mixed_manual_relation_review,low,United Kingdom,Public health and social communication,Wellcome Collection,1935-1939,1938-1938,1,1,0,1,0,0,SURF-IR1970R011,"Get fit, keep fit / B.S.A.",56.4,packet_member_review,,small packet may not need cover-main treatment
United Kingdom|Public health and social communication|Wellcome Collection|1940-1944,small_packet_standalone_or_sub_review,decide_if_standalone_normal_main_or_sub_under_nearby_packet,low,false,1,single_or_micro,mixed_manual_relation_review,low,United Kingdom,Public health and social communication,Wellcome Collection,1940-1944,1943-1943,1,1,0,1,0,0,SURF-MX1970R016,"Medical facilities available at a modern health centre contrasted with ill health in old-fashioned housing. Colour lithograph after A. Games, 1942.",62.4,packet_member_review,,small packet may not need cover-main treatment
United Kingdom|Travel and transport poster culture|Cleveland Museum Open Access API|1875-1879,small_packet_standalone_or_sub_review,decide_if_standalone_normal_main_or_sub_under_nearby_packet,low,true,1,single_or_micro,mixed_manual_relation_review,low,United Kingdom,Travel and transport poster culture,Cleveland Museum Open Access API,1875-1879,1877-1877,1,1,0,1,0,0,SURF-ER1830R016,Street Advertising,71.0,packet_member_review,,small packet may not need cover-main treatment
United Kingdom|Travel and transport poster culture|Smithsonian|1840-1844,small_packet_standalone_or_sub_review,decide_if_standalone_normal_main_or_sub_under_nearby_packet,low,false,1,single_or_micro,mixed_manual_relation_review,low,United Kingdom,Travel and transport poster culture,Smithsonian,1840-1844,1840-1840,1,1,0,1,0,0,SURF-SI1970R002,Trade Card for The Liverpool Cloth Establishment,60.8,packet_member_review,,small packet may not need cover-main treatment
United Kingdom|Travel and transport poster culture|Wellcome Collection|1960-1964,small_packet_standalone_or_sub_review,decide_if_standalone_normal_main_or_sub_under_nearby_packet,low,false,1,small,mixed_manual_relation_review,low,United Kingdom,Travel and transport poster culture,Wellcome Collection,1960-1964,1962-1962,2,1,0,1,0,0,SURF-IR1970R060,Answer to emergency.,52.35,packet_member_review,,small packet may not need cover-main treatment
United Kingdom|World War and public-information graphics|Design Reviewed|2025-2029,small_packet_standalone_or_sub_review,decide_if_standalone_normal_main_or_sub_under_nearby_packet,low,true,1,single_or_micro,mixed_manual_relation_review,low,United Kingdom,World War and public-information graphics,Design Reviewed,2025-2029,2026-2026,1,1,0,1,0,0,SURF-EW1970R026,"50 Examples of Czech Typography from 1908, Typografia",70.0,packet_member_review,,small packet may not need cover-main treatment
United Kingdom|World War and public-information graphics|Wellcome Collection|1935-1939,small_packet_standalone_or_sub_review,decide_if_standalone_normal_main_or_sub_under_nearby_packet,low,true,1,single_or_micro,mixed_manual_relation_review,low,United Kingdom,World War and public-information graphics,Wellcome Collection,1935-1939,1937-1937,1,1,0,1,0,0,SURF-MX1970R002,"Let the toddler's first steps -lead to the welfare centre : get expert attention and advice before and after baby comes, advice on feeding -milk or special food, trained nurses who like children, do what the doctor tells you : Norfolk / Ministry of Health.",67.0,packet_member_review,,small packet may not need cover-main treatment
United Kingdom|World War and public-information graphics|Wikimedia Commons|1830-1834,small_packet_standalone_or_sub_review,decide_if_standalone_normal_main_or_sub_under_nearby_packet,low,true,1,single_or_micro,mixed_manual_relation_review,low,United Kingdom,World War and public-information graphics,Wikimedia Commons,1830-1834,1830-1830,1,1,0,1,0,0,SURF-CAW2026R00011,Marianne North (1830-1890) - 'Street of Hunting Cheetahs and Lynx. Ulwar. India 1878' - WD3244 - British Library.jpg,70.4,packet_member_review,commons_file_source,small packet may not need cover-main treatment
United Kingdom|World War and public-information graphics|Wikimedia Commons|1895-1899,small_packet_standalone_or_sub_review,decide_if_standalone_normal_main_or_sub_under_nearby_packet,low,false,1,single_or_micro,mixed_manual_relation_review,low,United Kingdom,World War and public-information graphics,Wikimedia Commons,1895-1899,1898-1898,1,1,0,0,1,0,SURF-CAW2026R00760,An early Canada stamp showing the extent of the British Empire (24772466501).jpg,0.2,card_context_candidate,stamp_or_philatelic:postage; stamp_or_philatelic:stamp; commons_file_source,small packet may not need cover-main treatment
United States|Corporate identity and design systems|Georgia State CONTENTdm|undated_or_unparsed,small_packet_standalone_or_sub_review,decide_if_standalone_normal_main_or_sub_under_nearby_packet,low,false,1,single_or_micro,mixed_manual_relation_review,low,United States,Corporate identity and design systems,Georgia State CONTENTdm,undated_or_unparsed,,1,1,0,1,0,0,SURF-GSU2026R001,"Inventory of unscanned negatives in the Lane Brothers photographic collection, Corporate bodies series (number 5 of 6",59.3,packet_member_review,source_register:inventory,small packet may not need cover-main treatment
United States|Midcentury modern graphic communication|Georgia State CONTENTdm|1960-1964,small_packet_standalone_or_sub_review,decide_if_standalone_normal_main_or_sub_under_nearby_packet,low,false,1,single_or_micro,mixed_manual_relation_review,low,United States,Midcentury modern graphic communication,Georgia State CONTENTdm,1960-1964,1960-1960,1,1,0,1,0,0,SURF-GSU1970R022,"The Machinist, 1960-11-17",51.3,packet_member_review,,small packet may not need cover-main treatment
United States|Midcentury modern graphic communication|Georgia State CONTENTdm|1965-1969,small_packet_standalone_or_sub_review,decide_if_standalone_normal_main_or_sub_under_nearby_packet,low,false,1,single_or_micro,mixed_manual_relation_review,low,United States,Midcentury modern graphic communication,Georgia State CONTENTdm,1965-1969,1965-1965,1,1,0,1,0,0,SURF-GSU1970R026,"Dean Girardot scrapbook 1 (J.P. Stevens and Co. campaign), 1963-1965",64.4,packet_member_review,,small packet may not need cover-main treatment
United States|Midcentury modern graphic communication|Georgia State CONTENTdm|1980-1984,small_packet_standalone_or_sub_review,decide_if_standalone_normal_main_or_sub_under_nearby_packet,low,false,1,single_or_micro,mixed_manual_relation_review,low,United States,Midcentury modern graphic communication,Georgia State CONTENTdm,1980-1984,1983-1983,1,1,0,1,0,0,SURF-GSU2026R032,"March for Life, 1983-09",51.4,packet_member_review,,small packet may not need cover-main treatment
United States|Midcentury modern graphic communication|Georgia State CONTENTdm|1985-1989,small_packet_standalone_or_sub_review,decide_if_standalone_normal_main_or_sub_under_nearby_packet,low,false,1,single_or_micro,mixed_manual_relation_review,low,United States,Midcentury modern graphic communication,Georgia State CONTENTdm,1985-1989,1989-1989,1,1,0,1,0,0,SURF-GSU2026R039,"HIV prescription medication, flyers, newspaper clippings, and information, 1987-1989",61.9,packet_member_review,,small packet may not need cover-main treatment
United States|Midcentury modern graphic communication|Georgia State CONTENTdm|1990-1994,small_packet_standalone_or_sub_review,decide_if_standalone_normal_main_or_sub_under_nearby_packet,low,false,1,single_or_micro,mixed_manual_relation_review,low,United States,Midcentury modern graphic communication,Georgia State CONTENTdm,1990-1994,1993-1993,1,1,0,1,0,0,SURF-GSU2026R043,"The DeKalb Collegian, 1993-05-05",47.4,packet_member_review,,small packet may not need cover-main treatment
United States|Midcentury modern graphic communication|Georgia State CONTENTdm|1995-1999,small_packet_standalone_or_sub_review,decide_if_standalone_normal_main_or_sub_under_nearby_packet,low,false,1,single_or_micro,mixed_manual_relation_review,low,United States,Midcentury modern graphic communication,Georgia State CONTENTdm,1995-1999,1999-1999,1,1,0,1,0,0,SURF-GSU2026R046,"""Mixtitlan,"" by Philip Boehm, silent auction catalog for an ""Opening Night Fiesta,""at 7 Stages Theatre, Atlanta, Georgia, May 7, 1999. (14 pages)",51.7,packet_member_review,,small packet may not need cover-main treatment
United States|Midcentury modern graphic communication|Georgia State CONTENTdm|2000-2004,small_packet_standalone_or_sub_review,decide_if_standalone_normal_main_or_sub_under_nearby_packet,low,false,1,single_or_micro,mixed_manual_relation_review,low,United States,Midcentury modern graphic communication,Georgia State CONTENTdm,2000-2004,2003-2003,1,1,0,1,0,0,SURF-GSU2026R048,"The Collegian, 2003-12-08",46.4,packet_member_review,,small packet may not need cover-main treatment
United States|Midcentury modern graphic communication|Georgia State CONTENTdm|undated_or_unparsed,small_packet_standalone_or_sub_review,decide_if_standalone_normal_main_or_sub_under_nearby_packet,low,false,1,single_or_micro,mixed_manual_relation_review,low,United States,Midcentury modern graphic communication,Georgia State CONTENTdm,undated_or_unparsed,,1,1,0,1,0,0,SURF-GSU2026R002,"Inventory of unscanned negatives in the Lane Brothers photographic collection, Things series (number 2 of 2)",56.9,packet_member_review,source_register:inventory,small packet may not need cover-main treatment
United States|Midcentury modern graphic communication|Internet Archive|2005-2009,small_packet_standalone_or_sub_review,decide_if_standalone_normal_main_or_sub_under_nearby_packet,low,true,1,single_or_micro,mixed_manual_relation_review,low,United States,Midcentury modern graphic communication,Internet Archive,2005-2009,2007-2007,1,1,0,1,0,0,SURF-LPC2026R033,Design and evaluation of computer/human interfaces : issues for librarians and information scientists,77.4,packet_member_review,,small packet may not need cover-main treatment
United States|Midcentury modern graphic communication|Library of Congress|1915-1919,small_packet_standalone_or_sub_review,decide_if_standalone_normal_main_or_sub_under_nearby_packet,low,false,1,single_or_micro,mixed_manual_relation_review,low,United States,Midcentury modern graphic communication,Library of Congress,1915-1919,1919-1919,1,1,0,1,0,0,SURF-ER1830R070,"A cobbler who doesn't wear shoes. This hole in the wall is a typical cobbler's shop at Skoplje, Serbia. His own shoeless feet wouldn't be considered a very good advertisement for his trade in America. But he has all the trade that he can take care of as leathe",64.4,packet_member_review,,small packet may not need cover-main treatment
United States|Midcentury modern graphic communication|Princeton Figgy|1890-1894,small_packet_standalone_or_sub_review,decide_if_standalone_normal_main_or_sub_under_nearby_packet,low,false,1,single_or_micro,mixed_manual_relation_review,low,United States,Midcentury modern graphic communication,Princeton Figgy,1890-1894,1892-1892,1,1,0,1,0,0,SURF-PUL1970R001,Herr Cohen : [poster and banner advertising phrenology lecture],62.5,packet_member_review,,small packet may not need cover-main treatment
United States|Midcentury modern graphic communication|Princeton Figgy|1895-1899,small_packet_standalone_or_sub_review,decide_if_standalone_normal_main_or_sub_under_nearby_packet,low,false,1,single_or_micro,mixed_manual_relation_review,low,United States,Midcentury modern graphic communication,Princeton Figgy,1895-1899,1896-1896,1,1,0,1,0,0,SURF-PUL1970R002,"Poster lore ... an amateur journal for art students and latter Day enthusiasts. [book 1]-2, pt. 1. (Jan.-Sept. 1896).",61.8,packet_member_review,,small packet may not need cover-main treatment
United States|Midcentury modern graphic communication|Princeton Figgy|1915-1919,small_packet_standalone_or_sub_review,decide_if_standalone_normal_main_or_sub_under_nearby_packet,low,false,1,single_or_micro,mixed_manual_relation_review,low,United States,Midcentury modern graphic communication,Princeton Figgy,1915-1919,1919-1919,1,1,0,1,0,0,SURF-PUL1970R011,City's Future,61.1,packet_member_review,,small packet may not need cover-main treatment
United States|Midcentury modern graphic communication|Princeton Figgy|1920-1924,small_packet_standalone_or_sub_review,decide_if_standalone_normal_main_or_sub_under_nearby_packet,low,false,1,single_or_micro,mixed_manual_relation_review,low,United States,Midcentury modern graphic communication,Princeton Figgy,1920-1924,1924-1924,1,1,0,1,0,0,SURF-PUL1970R026,For Earlier Matinees,62.4,packet_member_review,,small packet may not need cover-main treatment
United States|Midcentury modern graphic communication|Princeton Figgy|1930-1934,small_packet_standalone_or_sub_review,decide_if_standalone_normal_main_or_sub_under_nearby_packet,low,false,1,small,mixed_manual_relation_review,low,United States,Midcentury modern graphic communication,Princeton Figgy,1930-1934,1932-1932,2,1,0,1,0,0,SURF-PUL1970R036,"Every employed New Yorker is urged to share, promptly and liberally",60.55,packet_member_review,,small packet may not need cover-main treatment
United States|Midcentury modern graphic communication|Smithsonian|1925-1929,small_packet_standalone_or_sub_review,decide_if_standalone_normal_main_or_sub_under_nearby_packet,low,true,1,single_or_micro,mixed_manual_relation_review,low,United States,Midcentury modern graphic communication,Smithsonian,1925-1929,1925-1925,1,1,0,1,0,0,SURF-SI1970R011,Advertisement card for gospel singer Rev. Isaac C. Reddie,67.7,packet_member_review,,small packet may not need cover-main treatment
United States|Midcentury modern graphic communication|Smithsonian|1940-1944,small_packet_standalone_or_sub_review,decide_if_standalone_normal_main_or_sub_under_nearby_packet,low,true,1,single_or_micro,mixed_manual_relation_review,low,United States,Midcentury modern graphic communication,Smithsonian,1940-1944,1940-1940,1,1,0,1,0,0,SURF-SI1970R012,Advertisement for Sweet Georgia Brown skin bleaching creams,67.7,packet_member_review,,small packet may not need cover-main treatment
United States|Midcentury modern graphic communication|Wellcome Collection|1940-1944,small_packet_standalone_or_sub_review,decide_if_standalone_normal_main_or_sub_under_nearby_packet,low,false,1,single_or_micro,mixed_manual_relation_review,low,United States,Midcentury modern graphic communication,Wellcome Collection,1940-1944,1941-1941,1,1,0,1,0,0,SURF-MX1970R022,"A lecturer pointing to a large screen, on which projected diagrams of the bodies of a man and a woman are marked with red flags indicating areas where cancer may be first seen. Colour lithograph after D. Fellnagel, 1941.",50.2,packet_member_review,,small packet may not need cover-main treatment
United States|Midcentury modern graphic communication|Wellcome Collection|1955-1959,small_packet_standalone_or_sub_review,decide_if_standalone_normal_main_or_sub_under_nearby_packet,low,true,1,single_or_micro,mixed_manual_relation_review,low,United States,Midcentury modern graphic communication,Wellcome Collection,1955-1959,1959-1959,1,1,0,1,0,0,SURF-IR1970R039,"Li'l Abner (American cartoon hero) telling his girl friend Daisy Mae that he is about to have a chest x-ray for tuberculosis. Colour lithograph after Al Capp, 195-.",68.6,packet_member_review,,small packet may not need cover-main treatment
United States|Midcentury modern graphic communication|Wellcome Collection|1960-1964,small_packet_standalone_or_sub_review,decide_if_standalone_normal_main_or_sub_under_nearby_packet,low,false,1,single_or_micro,mixed_manual_relation_review,low,United States,Midcentury modern graphic communication,Wellcome Collection,1960-1964,1960-1960,1,1,0,1,0,0,SURF-IR1970R056,"Sexually transmitted diseases are rife after plague, tuberculosis and yellow fever have been overcome. Colour lithograph after H. Devitt Welsh.",62.9,packet_member_review,,small packet may not need cover-main treatment
United States|Midcentury modern graphic communication|Wikimedia Commons|1910-1914,small_packet_standalone_or_sub_review,decide_if_standalone_normal_main_or_sub_under_nearby_packet,low,true,1,single_or_micro,mixed_manual_relation_review,low,United States,Midcentury modern graphic communication,Wikimedia Commons,1910-1914,1910-1910,1,1,0,1,0,0,SURF-COM1970R014,Packer's tar soap (2015646924).jpg,75.4,packet_member_review,commons_file_source,small packet may not need cover-main treatment
United States|Modern typography and layout|Georgia State CONTENTdm|1985-1989,small_packet_standalone_or_sub_review,decide_if_standalone_normal_main_or_sub_under_nearby_packet,low,false,1,single_or_micro,mixed_manual_relation_review,low,United States,Modern typography and layout,Georgia State CONTENTdm,1985-1989,1986-1986,1,1,0,1,0,0,SURF-GSU2026R038,"Unitarian Universalist Lesbian and Gay Community Newsletters, 1986",55.7,packet_member_review,,small packet may not need cover-main treatment
United States|Modern typography and layout|Internet Archive|1935-1939,small_packet_standalone_or_sub_review,decide_if_standalone_normal_main_or_sub_under_nearby_packet,low,true,1,small,small_anchor_or_manual,low,United States,Modern typography and layout,Internet Archive,1935-1939,1936-1936,2,1,0,0,0,0,SURF-MX1970R025,Graphic design; a library of old and new masters in the graphic arts,92.55,manual_relation_review,source_register:bibliography,small packet may not need cover-main treatment
United States|Modern typography and layout|Internet Archive|2010-2014,small_packet_standalone_or_sub_review,decide_if_standalone_normal_main_or_sub_under_nearby_packet,low,true,1,single_or_micro,mixed_manual_relation_review,low,United States,Modern typography and layout,Internet Archive,2010-2014,2012-2012,1,1,0,1,0,0,SURF-LPC2026R051,Graphic design for the electronic age,66.0,packet_member_review,,small packet may not need cover-main treatment
United States|Modern typography and layout|Wikimedia Commons|1950-1954,small_packet_standalone_or_sub_review,decide_if_standalone_normal_main_or_sub_under_nearby_packet,low,false,1,small,mixed_manual_relation_review,low,United States,Modern typography and layout,Wikimedia Commons,1950-1954,1951-1951,2,1,0,0,1,0,SURF-CAW2026R02336,"Myanmar in 1951 art, from- Burma Civil Liberties Poster - NARA - 5729921 (cropped).jpg",-15.85,card_context_candidate,stamp_or_philatelic:postage; stamp_or_philatelic:stamp; commons_file_source,small packet may not need cover-main treatment
United States|Modern typography and layout|Wikimedia Commons|1960-1964,small_packet_standalone_or_sub_review,decide_if_standalone_normal_main_or_sub_under_nearby_packet,low,true,1,single_or_micro,mixed_manual_relation_review,low,United States,Modern typography and layout,Wikimedia Commons,1960-1964,1963-1963,1,1,0,1,0,0,SURF-CRG2026R1652,Final Plans for the March on Washington for Jobs and Freedom - DPLA - 7cc8260e8f3c9b2a49d9f141c61e8e75.jpg,74.3,packet_member_review,commons_file_source,small packet may not need cover-main treatment
United States|New Deal and civic poster programs|Wikimedia Commons|1940-1944,small_packet_standalone_or_sub_review,decide_if_standalone_normal_main_or_sub_under_nearby_packet,low,true,1,single_or_micro,mixed_manual_relation_review,low,United States,New Deal and civic poster programs,Wikimedia Commons,1940-1944,1940-1940,1,1,0,1,0,0,SURF-COM1970R065,Cavalcade of the American Negro.jpg,75.4,packet_member_review,commons_file_source,small packet may not need cover-main treatment
United States|Postwar exhibition and cultural posters|Smithsonian|1860-1864,small_packet_standalone_or_sub_review,decide_if_standalone_normal_main_or_sub_under_nearby_packet,low,false,1,single_or_micro,mixed_manual_relation_review,low,United States,Postwar exhibition and cultural posters,Smithsonian,1860-1864,1862-1862,1,1,0,0,1,0,SURF-SI1970R006,Hunt's Remedy trade card,-26.3,card_context_candidate,stamp_or_philatelic:stamps,small packet may not need cover-main treatment
United States|Postwar exhibition and cultural posters|Wikimedia Commons|1930-1934,small_packet_standalone_or_sub_review,decide_if_standalone_normal_main_or_sub_under_nearby_packet,low,true,1,single_or_micro,mixed_manual_relation_review,low,United States,Postwar exhibition and cultural posters,Wikimedia Commons,1930-1934,1930-1930,1,1,0,1,0,0,SURF-COM1970R042,Social Security Poster of an Old Man - DPLA - e8f4291760f8c9b9789ef6a46f14e5b5.gif,74.5,packet_member_review,commons_file_source,small packet may not need cover-main treatment
United States|Public health and social communication|Georgia State CONTENTdm|1945-1949,small_packet_standalone_or_sub_review,decide_if_standalone_normal_main_or_sub_under_nearby_packet,low,true,1,single_or_micro,mixed_manual_relation_review,low,United States,Public health and social communication,Georgia State CONTENTdm,1945-1949,1946-1946,1,1,0,1,0,0,SURF-GSU1970R015,"Anti-CIO political poster from Eastman, Georgia, circa 1946.",73.3,packet_member_review,,small packet may not need cover-main treatment
United States|Public health and social communication|Georgia State CONTENTdm|1985-1989,small_packet_standalone_or_sub_review,decide_if_standalone_normal_main_or_sub_under_nearby_packet,low,true,1,single_or_micro,mixed_manual_relation_review,low,United States,Public health and social communication,Georgia State CONTENTdm,1985-1989,1988-1988,1,1,0,1,0,0,SURF-GSU2026R033,Posters and Calendar of Atlanta Black History,74.5,packet_member_review,,small packet may not need cover-main treatment
United States|Public health and social communication|Wellcome Collection|1950-1954,small_packet_standalone_or_sub_review,decide_if_standalone_normal_main_or_sub_under_nearby_packet,low,true,1,single_or_micro,mixed_manual_relation_review,low,United States,Public health and social communication,Wellcome Collection,1950-1954,1950-1950,1,1,0,1,0,0,SURF-IR1970R037,"A skull seen against a street surface of granite sets; representing the danger of death in traffic accidents. Colour lithograph by Walter Müller, 195-.",69.5,packet_member_review,,small packet may not need cover-main treatment
United States|Public health and social communication|Wikimedia Commons|1990-1994,small_packet_standalone_or_sub_review,decide_if_standalone_normal_main_or_sub_under_nearby_packet,low,true,1,single_or_micro,small_anchor_or_manual,low,United States,Public health and social communication,Wikimedia Commons,1990-1994,1991-1991,1,1,0,0,0,0,SURF-LPC2026R022,A man with his wife and two sons with a message about the Wellcome L0052387.jpg,92.4,manual_relation_review,commons_file_source,small packet may not need cover-main treatment
United States|Travel and transport poster culture|Georgia State CONTENTdm|1960-1964,small_packet_standalone_or_sub_review,decide_if_standalone_normal_main_or_sub_under_nearby_packet,low,false,1,single_or_micro,mixed_manual_relation_review,low,United States,Travel and transport poster culture,Georgia State CONTENTdm,1960-1964,1960-1960,1,1,0,1,0,0,SURF-GSU1970R021,"Georgia State Signal, 1960-02-02",59.6,packet_member_review,,small packet may not need cover-main treatment
United States|Travel and transport poster culture|Georgia State CONTENTdm|1985-1989,small_packet_standalone_or_sub_review,decide_if_standalone_normal_main_or_sub_under_nearby_packet,low,false,1,single_or_micro,mixed_manual_relation_review,low,United States,Travel and transport poster culture,Georgia State CONTENTdm,1985-1989,1986-1986,1,1,0,1,0,0,SURF-GSU2026R037,"Rampway, 1986",63.2,packet_member_review,,small packet may not need cover-main treatment
United States|Travel and transport poster culture|Georgia State CONTENTdm|1990-1994,small_packet_standalone_or_sub_review,decide_if_standalone_normal_main_or_sub_under_nearby_packet,low,false,1,single_or_micro,mixed_manual_relation_review,low,United States,Travel and transport poster culture,Georgia State CONTENTdm,1990-1994,1992-1992,1,1,0,1,0,0,SURF-GSU2026R042,"Signal, 1992-03-03",59.9,packet_member_review,,small packet may not need cover-main treatment
United States|Travel and transport poster culture|Georgia State CONTENTdm|2000-2004,small_packet_standalone_or_sub_review,decide_if_standalone_normal_main_or_sub_under_nearby_packet,low,false,1,single_or_micro,mixed_manual_relation_review,low,United States,Travel and transport poster culture,Georgia State CONTENTdm,2000-2004,2002-2002,1,1,0,1,0,0,SURF-GSU2026R047,"Georgia State University Signal, 2002-10-15",62.6,packet_member_review,,small packet may not need cover-main treatment
United States|Travel and transport poster culture|Georgia State CONTENTdm|2010-2014,small_packet_standalone_or_sub_review,decide_if_standalone_normal_main_or_sub_under_nearby_packet,low,false,1,single_or_micro,mixed_manual_relation_review,low,United States,Travel and transport poster culture,Georgia State CONTENTdm,2010-2014,2013-2013,1,1,0,1,0,0,SURF-GSU2026R052,"The Signal, 2013-10-08",62.6,packet_member_review,,small packet may not need cover-main treatment
United States|Travel and transport poster culture|Smithsonian|1850-1854,small_packet_standalone_or_sub_review,decide_if_standalone_normal_main_or_sub_under_nearby_packet,low,false,1,single_or_micro,mixed_manual_relation_review,low,United States,Travel and transport poster culture,Smithsonian,1850-1854,1850-1850,1,1,0,1,0,0,SURF-SI1970R005,Washington Hotel Trade Card,61.1,packet_member_review,,small packet may not need cover-main treatment
United States|World War and public-information graphics|Art Institute of Chicago API|1930-1934,small_packet_standalone_or_sub_review,decide_if_standalone_normal_main_or_sub_under_nearby_packet,low,false,1,single_or_micro,mixed_manual_relation_review,low,United States,World War and public-information graphics,Art Institute of Chicago API,1930-1934,1932-1932,1,1,0,1,0,0,SURF-MC1930R006,By the Rushy - Fringed Bank,58.4,packet_member_review,,small packet may not need cover-main treatment
United States|World War and public-information graphics|Georgia State CONTENTdm|1945-1949,small_packet_standalone_or_sub_review,decide_if_standalone_normal_main_or_sub_under_nearby_packet,low,false,1,single_or_micro,mixed_manual_relation_review,low,United States,World War and public-information graphics,Georgia State CONTENTdm,1945-1949,1945-1945,1,1,0,1,0,0,SURF-GSU1970R013,"Worker's Defense League, 1942-1945",62.9,packet_member_review,,small packet may not need cover-main treatment
United States|World War and public-information graphics|Georgia State CONTENTdm|1950-1954,small_packet_standalone_or_sub_review,decide_if_standalone_normal_main_or_sub_under_nearby_packet,low,false,1,single_or_micro,mixed_manual_relation_review,low,United States,World War and public-information graphics,Georgia State CONTENTdm,1950-1954,1951-1951,1,1,0,1,0,0,SURF-GSU1970R007,"Periodicals, assorted, 1938-1951",62.9,packet_member_review,,small packet may not need cover-main treatment
United States|World War and public-information graphics|Georgia State CONTENTdm|1970-1974,small_packet_standalone_or_sub_review,decide_if_standalone_normal_main_or_sub_under_nearby_packet,low,true,1,single_or_micro,mixed_manual_relation_review,low,United States,World War and public-information graphics,Georgia State CONTENTdm,1970-1974,1971-1971,1,1,0,1,0,0,SURF-GSU2026R012,"Walter Botts with the famous Uncle Sam poster he posed for, 1971",71.2,packet_member_review,,small packet may not need cover-main treatment
United States|World War and public-information graphics|Georgia State CONTENTdm|1975-1979,small_packet_standalone_or_sub_review,decide_if_standalone_normal_main_or_sub_under_nearby_packet,low,false,1,single_or_micro,mixed_manual_relation_review,low,United States,World War and public-information graphics,Georgia State CONTENTdm,1975-1979,1979-1979,1,1,0,1,0,0,SURF-GSU2026R008,"Solidarity Forever poster, 1970s",63.4,packet_member_review,,small packet may not need cover-main treatment
United States|World War and public-information graphics|Georgia State CONTENTdm|undated_or_unparsed,small_packet_standalone_or_sub_review,decide_if_standalone_normal_main_or_sub_under_nearby_packet,low,true,1,single_or_micro,mixed_manual_relation_review,low,United States,World War and public-information graphics,Georgia State CONTENTdm,undated_or_unparsed,,1,1,0,1,0,0,SURF-GSU2026R003,"Biographical information, 1939-1981; undated",66.8,packet_member_review,,small packet may not need cover-main treatment
United States|World War and public-information graphics|Internet Archive|1960-1964,small_packet_standalone_or_sub_review,decide_if_standalone_normal_main_or_sub_under_nearby_packet,low,true,1,single_or_micro,mixed_manual_relation_review,low,United States,World War and public-information graphics,Internet Archive,1960-1964,1960-1960,1,1,0,1,0,0,SURF-MX1970R030,Graphic design : a creative approach,74.2,packet_member_review,,small packet may not need cover-main treatment
United States|World War and public-information graphics|Internet Archive|2010-2014,small_packet_standalone_or_sub_review,decide_if_standalone_normal_main_or_sub_under_nearby_packet,low,true,1,single_or_micro,mixed_manual_relation_review,low,United States,World War and public-information graphics,Internet Archive,2010-2014,2011-2011,1,1,0,1,0,0,SURF-LPC2026R048,Designing for emotion,77.4,packet_member_review,,small packet may not need cover-main treatment
United States|World War and public-information graphics|Library of Congress|1935-1939,small_packet_standalone_or_sub_review,decide_if_standalone_normal_main_or_sub_under_nearby_packet,low,true,1,single_or_micro,mixed_manual_relation_review,low,United States,World War and public-information graphics,Library of Congress,1935-1939,1936-1936,1,1,0,1,0,0,SURF-MC1930R021,Work Projects Administration poster collection (Library of Congress),75.7,packet_member_review,,small packet may not need cover-main treatment
United States|World War and public-information graphics|Library of Congress|1940-1944,small_packet_standalone_or_sub_review,decide_if_standalone_normal_main_or_sub_under_nearby_packet,low,true,1,single_or_micro,mixed_manual_relation_review,low,United States,World War and public-information graphics,Library of Congress,1940-1944,1940-1940,1,1,0,1,0,0,SURF-MC1930R037,"WPB (War Production Board) poster. This is the official poster which may be displayed on all construction work costing over five hundred thousand dollars with certain exceptions, to show that the work has been authorized by the WPA (Work Projects Administratio",69.1,packet_member_review,,small packet may not need cover-main treatment
United States|World War and public-information graphics|Princeton Figgy|1950-1954,small_packet_standalone_or_sub_review,decide_if_standalone_normal_main_or_sub_under_nearby_packet,low,false,1,single_or_micro,mixed_manual_relation_review,low,United States,World War and public-information graphics,Princeton Figgy,1950-1954,1950-1950,1,1,0,1,0,0,SURF-PUL1970R041,Halte a l'impérialisme communiste!,54.5,packet_member_review,,small packet may not need cover-main treatment
United States|World War and public-information graphics|SMU Libraries Digital Collections / CONTENTdm|1990-1994,small_packet_standalone_or_sub_review,decide_if_standalone_normal_main_or_sub_under_nearby_packet,low,false,1,single_or_micro,mixed_manual_relation_review,low,United States,World War and public-information graphics,SMU Libraries Digital Collections / CONTENTdm,1990-1994,1994-1994,1,1,0,1,0,0,SURF-SBC1970R0029,1994 Literary Festival. An Annual Celebration of the Written Word.,57.5,packet_member_review,non_design_drift:bird,small packet may not need cover-main treatment
United States|World War and public-information graphics|Smithsonian|1830-1834,small_packet_standalone_or_sub_review,decide_if_standalone_normal_main_or_sub_under_nearby_packet,low,false,1,single_or_micro,mixed_manual_relation_review,low,United States,World War and public-information graphics,Smithsonian,1830-1834,1830-1830,1,1,0,1,0,0,SURF-SI1970R001,"Trade Card of John Williams, Clothier",59.8,packet_member_review,,small packet may not need cover-main treatment
United States|World War and public-information graphics|Smithsonian|1860-1864,small_packet_standalone_or_sub_review,decide_if_standalone_normal_main_or_sub_under_nearby_packet,low,false,1,single_or_micro,mixed_manual_relation_review,low,United States,World War and public-information graphics,Smithsonian,1860-1864,1860-1860,1,1,0,1,0,0,SURF-SI1970R003,"Trade card for the ""Great Negro Mart"" in Memphis, Tennessee",64.4,packet_member_review,,small packet may not need cover-main treatment
United States|World War and public-information graphics|Wellcome Collection|1940-1944,small_packet_standalone_or_sub_review,decide_if_standalone_normal_main_or_sub_under_nearby_packet,low,false,1,small,mixed_manual_relation_review,low,United States,World War and public-information graphics,Wellcome Collection,1940-1944,1943-1943,2,1,0,1,0,0,SURF-IR1970R026,"Points in arteries where pressure reduces bleeding. Colour lithograph by Rhode Island Council of War Agencies, 194-.",62.75,packet_member_review,,small packet may not need cover-main treatment
United States|World War and public-information graphics|Wikimedia Commons|1895-1899,small_packet_standalone_or_sub_review,decide_if_standalone_normal_main_or_sub_under_nearby_packet,low,false,1,single_or_micro,mixed_manual_relation_review,low,United States,World War and public-information graphics,Wikimedia Commons,1895-1899,1899-1899,1,1,0,0,1,0,SURF-CAW2026R00773,Supervisors of Puerto Rican census.jpg,7.1,card_context_candidate,stamp_or_philatelic:postage; stamp_or_philatelic:stamp; commons_file_source,small packet may not need cover-main treatment
United States|World War and public-information graphics|Wikimedia Commons|1930-1934,small_packet_standalone_or_sub_review,decide_if_standalone_normal_main_or_sub_under_nearby_packet,low,false,1,single_or_micro,mixed_manual_relation_review,low,United States,World War and public-information graphics,Wikimedia Commons,1930-1934,1930-1930,1,1,0,0,1,0,SURF-CAW2026R01657,Stamp of Ajman - 1968 - Colnect 649855 - Edward White 1930-1967 American astronaut pilot.jpeg,-4.6,card_context_candidate,stamp_or_philatelic:postage; stamp_or_philatelic:stamp; stamp_or_philatelic:stamps; commons_file_source,small packet may not need cover-main treatment
United States|World War and public-information graphics|Wikimedia Commons|1950-1954,small_packet_standalone_or_sub_review,decide_if_standalone_normal_main_or_sub_under_nearby_packet,low,false,1,single_or_micro,mixed_manual_relation_review,low,United States,World War and public-information graphics,Wikimedia Commons,1950-1954,1950-1950,1,1,0,0,1,0,SURF-CAW2026R02321,Burma-American Friendship - NARA - 5729920.jpg,1.4,card_context_candidate,stamp_or_philatelic:postage; stamp_or_philatelic:stamp; commons_file_source,small packet may not need cover-main treatment
United States|World War and public-information graphics|Wikimedia Commons|1960-1964,small_packet_standalone_or_sub_review,decide_if_standalone_normal_main_or_sub_under_nearby_packet,low,false,1,single_or_micro,mixed_manual_relation_review,low,United States,World War and public-information graphics,Wikimedia Commons,1960-1964,1960-1960,1,1,0,0,1,0,SURF-CAW2026R02568,Mess at building in Léopoldville.jpg,-18.7,card_context_candidate,stamp_or_philatelic:postage; stamp_or_philatelic:stamp; commons_file_source,small packet may not need cover-main treatment
Uruguay|Corporate identity and design systems|Wikimedia Commons|1905-1909,small_packet_standalone_or_sub_review,decide_if_standalone_normal_main_or_sub_under_nearby_packet,low,true,1,single_or_micro,mixed_manual_relation_review,low,Uruguay,Corporate identity and design systems,Wikimedia Commons,1905-1909,1906-1906,1,1,0,1,0,0,SURF-CAW2026R00998,Bear brand ad 1906.jpg,75.7,packet_member_review,commons_file_source,small packet may not need cover-main treatment
Uruguay|Modern typography and layout|Wikimedia Commons|1830-1834,small_packet_standalone_or_sub_review,decide_if_standalone_normal_main_or_sub_under_nearby_packet,low,true,1,small,mixed_manual_relation_review,low,Uruguay,Modern typography and layout,Wikimedia Commons,1830-1834,1830-1830,2,1,0,1,0,0,SURF-CAW2026R00095,"Juan Manuel Blanes (1830-1901) - Yellow Fever in Buenos Aires, 1871 - 525072i - Wellcome Collection.jpg",66.55,packet_member_review,commons_file_source,small packet may not need cover-main treatment
Uruguay|Modern typography and layout|Wikimedia Commons|1870-1874,small_packet_standalone_or_sub_review,decide_if_standalone_normal_main_or_sub_under_nearby_packet,low,false,1,small,mixed_manual_relation_review,low,Uruguay,Modern typography and layout,Wikimedia Commons,1870-1874,1871-1871,2,1,0,0,1,0,SURF-CCT2026R02560,Stamp 1948 Uruguay MiNr0732 pm B002.jpg,-10.45,card_context_candidate,stamp_or_philatelic:commemorative; stamp_or_philatelic:postage; stamp_or_philatelic:stamp; stamp_or_philatelic:stamps; commons_file_source,small packet may not need cover-main treatment
Uruguay|Modern typography and layout|Wikimedia Commons|1885-1889,small_packet_standalone_or_sub_review,decide_if_standalone_normal_main_or_sub_under_nearby_packet,low,false,1,single_or_micro,mixed_manual_relation_review,low,Uruguay,Modern typography and layout,Wikimedia Commons,1885-1889,1888-1888,1,1,0,0,1,0,SURF-CAW2026R00559,Stamp of Nabha - 1888 - Colnect 551596 - Queen Victoria.jpeg,-5.2,card_context_candidate,stamp_or_philatelic:postage; stamp_or_philatelic:stamp; stamp_or_philatelic:stamps; commons_file_source,small packet may not need cover-main treatment
Uruguay|Modern typography and layout|Wikimedia Commons|1895-1899,small_packet_standalone_or_sub_review,decide_if_standalone_normal_main_or_sub_under_nearby_packet,low,true,1,small,mixed_manual_relation_review,low,Uruguay,Modern typography and layout,Wikimedia Commons,1895-1899,1896-1896,3,1,0,0,0,0,SURF-CCT2026R02562,Afiche publicitario de J. Fitz-Patrick.jpg,96.5,manual_relation_review,commons_file_source,small packet may not need cover-main treatment
Uruguay|Modern typography and layout|Wikimedia Commons|1935-1939,small_packet_standalone_or_sub_review,decide_if_standalone_normal_main_or_sub_under_nearby_packet,low,true,1,small,mixed_manual_relation_review,low,Uruguay,Modern typography and layout,Wikimedia Commons,1935-1939,1938-1938,3,1,0,1,0,0,SURF-CAW2026R01877,Joaquín Torres García - La tradición del hombre abstracto (doctrina constructivista).jpg,72.6,packet_member_review,commons_file_source,small packet may not need cover-main treatment
Uruguay|Modern typography and layout|Wikimedia Commons|1950-1954,small_packet_standalone_or_sub_review,decide_if_standalone_normal_main_or_sub_under_nearby_packet,low,false,1,single_or_micro,mixed_manual_relation_review,low,Uruguay,Modern typography and layout,Wikimedia Commons,1950-1954,1950-1950,1,1,0,0,1,0,SURF-CAW2026R02306,Yemen-fussball-wm-1950.jpg,-5.2,card_context_candidate,stamp_or_philatelic:postage; stamp_or_philatelic:stamp; stamp_or_philatelic:stamps; commons_file_source,small packet may not need cover-main treatment
Uruguay|Modern typography and layout|Wikimedia Commons|1960-1964,small_packet_standalone_or_sub_review,decide_if_standalone_normal_main_or_sub_under_nearby_packet,low,false,1,single_or_micro,mixed_manual_relation_review,low,Uruguay,Modern typography and layout,Wikimedia Commons,1960-1964,1962-1962,1,1,0,0,1,0,SURF-CAW2026R02608,Stamp of Afghanistan - 1962 - Colnect 485285 - National Assembly Building.jpeg,-5.2,card_context_candidate,stamp_or_philatelic:postage; stamp_or_philatelic:stamp; stamp_or_philatelic:stamps; commons_file_source,small packet may not need cover-main treatment
Uruguay|Travel and transport poster culture|Wikimedia Commons|2015-2019,small_packet_standalone_or_sub_review,decide_if_standalone_normal_main_or_sub_under_nearby_packet,low,true,1,single_or_micro,mixed_manual_relation_review,low,Uruguay,Travel and transport poster culture,Wikimedia Commons,2015-2019,2019-2019,1,1,0,1,0,0,SURF-CAW2026R04391,Kongosan Choanji Hotel label.png,69.7,packet_member_review,commons_file_source,small packet may not need cover-main treatment
Uruguay|World War and public-information graphics|Wikimedia Commons|1980-1984,small_packet_standalone_or_sub_review,decide_if_standalone_normal_main_or_sub_under_nearby_packet,low,true,1,single_or_micro,mixed_manual_relation_review,low,Uruguay,World War and public-information graphics,Wikimedia Commons,1980-1984,1984-1984,1,1,0,1,0,0,SURF-CAW2026R03056,Propaganda del Frente Amplio en 1984.jpg,74.3,packet_member_review,commons_file_source,small packet may not need cover-main treatment
Venezuela|Corporate identity and design systems|Wikimedia Commons|1880-1884,small_packet_standalone_or_sub_review,decide_if_standalone_normal_main_or_sub_under_nearby_packet,low,false,1,single_or_micro,mixed_manual_relation_review,low,Venezuela,Corporate identity and design systems,Wikimedia Commons,1880-1884,1880-1880,1,1,0,0,1,0,SURF-CCT2026R02612,Estampilla efigie de Simón Bolívar (escuelas) 1880 000.jpg,4.1,card_context_candidate,stamp_or_philatelic:postage; stamp_or_philatelic:stamp; commons_file_source,small packet may not need cover-main treatment
Venezuela|Corporate identity and design systems|Wikimedia Commons|1940-1944,small_packet_standalone_or_sub_review,decide_if_standalone_normal_main_or_sub_under_nearby_packet,low,false,1,single_or_micro,mixed_manual_relation_review,low,Venezuela,Corporate identity and design systems,Wikimedia Commons,1940-1944,1944-1944,1,1,0,0,1,0,SURF-CAW2026R02165,Estampillas de Venezuela hoja de recuerdo Cruz Roja 1944 000.jpg,-6.4,card_context_candidate,stamp_or_philatelic:postage; stamp_or_philatelic:stamp; commons_file_source,small packet may not need cover-main treatment
Venezuela|Corporate identity and design systems|Wikimedia Commons|1965-1969,small_packet_standalone_or_sub_review,decide_if_standalone_normal_main_or_sub_under_nearby_packet,low,true,1,single_or_micro,mixed_manual_relation_review,low,Venezuela,Corporate identity and design systems,Wikimedia Commons,1965-1969,1969-1969,1,1,0,1,0,0,SURF-CCT2026R02631,Checoslovaquia el socialismo como problema.png,68.5,packet_member_review,commons_file_source,small packet may not need cover-main treatment
Venezuela|Corporate identity and design systems|Wikimedia Commons|2000-2004,small_packet_standalone_or_sub_review,decide_if_standalone_normal_main_or_sub_under_nearby_packet,low,true,1,single_or_micro,mixed_manual_relation_review,low,Venezuela,Corporate identity and design systems,Wikimedia Commons,2000-2004,2001-2001,1,1,0,1,0,0,SURF-CCT2026R02634,Caracas Illustrated 2001.jpg,68.3,packet_member_review,commons_file_source,small packet may not need cover-main treatment
Venezuela|Modern typography and layout|Wikimedia Commons|1855-1859,small_packet_standalone_or_sub_review,decide_if_standalone_normal_main_or_sub_under_nearby_packet,low,false,1,single_or_micro,mixed_manual_relation_review,low,Venezuela,Modern typography and layout,Wikimedia Commons,1855-1859,1859-1859,1,1,0,0,1,0,SURF-CAW2026R00228,1859 MedioReal orange Venezuela Mi1c.jpg,-23.6,card_context_candidate,stamp_or_philatelic:postage; stamp_or_philatelic:stamp; stamp_or_philatelic:stamps; commons_file_source,small packet may not need cover-main treatment
Venezuela|Modern typography and layout|Wikimedia Commons|1890-1894,small_packet_standalone_or_sub_review,decide_if_standalone_normal_main_or_sub_under_nearby_packet,low,true,1,single_or_micro,mixed_manual_relation_review,low,Venezuela,Modern typography and layout,Wikimedia Commons,1890-1894,1890-1890,1,1,0,1,0,0,SURF-CCE2026R00074,Manuel Trujillo Durán advertisement.png,74.0,packet_member_review,commons_file_source,small packet may not need cover-main treatment
Venezuela|Modern typography and layout|Wikimedia Commons|1910-1914,small_packet_standalone_or_sub_review,decide_if_standalone_normal_main_or_sub_under_nearby_packet,low,false,1,single_or_micro,mixed_manual_relation_review,low,Venezuela,Modern typography and layout,Wikimedia Commons,1910-1914,1913-1913,1,1,0,0,1,0,SURF-CAW2026R01156,Stamp of Jaipur - 1913 - Colnect 792102 - Chariot of Surya.jpeg,-5.9,card_context_candidate,stamp_or_philatelic:postage; stamp_or_philatelic:stamp; stamp_or_philatelic:stamps; commons_file_source,small packet may not need cover-main treatment
Venezuela|Modern typography and layout|Wikimedia Commons|1930-1934,small_packet_standalone_or_sub_review,decide_if_standalone_normal_main_or_sub_under_nearby_packet,low,false,1,single_or_micro,mixed_manual_relation_review,low,Venezuela,Modern typography and layout,Wikimedia Commons,1930-1934,1932-1932,1,1,0,0,1,0,SURF-CCT2026R02621,Telegraph stamps of Venezuela overprinted for postal use 1952.jpg,-5.2,card_context_candidate,stamp_or_philatelic:postage; stamp_or_philatelic:stamp; stamp_or_philatelic:stamps; commons_file_source,small packet may not need cover-main treatment
Venezuela|Modern typography and layout|Wikimedia Commons|1945-1949,small_packet_standalone_or_sub_review,decide_if_standalone_normal_main_or_sub_under_nearby_packet,low,false,1,single_or_micro,mixed_manual_relation_review,low,Venezuela,Modern typography and layout,Wikimedia Commons,1945-1949,1949-1949,1,1,0,0,1,0,SURF-CAW2026R02266,Stamp of Indonesia - 1949 - Colnect 466154 - 75 years Universal Postal Union UPU.jpeg,-9.4,card_context_candidate,weak_context:anniversary; stamp_or_philatelic:postage; stamp_or_philatelic:stamp; stamp_or_philatelic:stamps; commons_file_source,small packet may not need cover-main treatment
Venezuela|Modern typography and layout|Wikimedia Commons|1950-1954,small_packet_standalone_or_sub_review,decide_if_standalone_normal_main_or_sub_under_nearby_packet,low,false,1,single_or_micro,mixed_manual_relation_review,low,Venezuela,Modern typography and layout,Wikimedia Commons,1950-1954,1952-1952,1,1,0,0,1,0,SURF-CCT2026R02629,10c on 1b postal overprint on telegraph stamp of Venezuela.jpg,-21.9,card_context_candidate,stamp_or_philatelic:postage; stamp_or_philatelic:stamp; stamp_or_philatelic:stamps; commons_file_source,small packet may not need cover-main treatment
Venezuela|Modern typography and layout|Wikimedia Commons|1955-1959,small_packet_standalone_or_sub_review,decide_if_standalone_normal_main_or_sub_under_nearby_packet,low,false,1,single_or_micro,mixed_manual_relation_review,low,Venezuela,Modern typography and layout,Wikimedia Commons,1955-1959,1958-1958,1,1,0,0,1,0,SURF-CCT2026R02630,Early Stamps of Venezuela.jpg,-22.9,card_context_candidate,stamp_or_philatelic:postage; stamp_or_philatelic:stamp; stamp_or_philatelic:stamps; commons_file_source,small packet may not need cover-main treatment
Venezuela|Modern typography and layout|Wikimedia Commons|1960-1964,small_packet_standalone_or_sub_review,decide_if_standalone_normal_main_or_sub_under_nearby_packet,low,false,1,single_or_micro,mixed_manual_relation_review,low,Venezuela,Modern typography and layout,Wikimedia Commons,1960-1964,1960-1960,1,1,0,0,1,0,SURF-CCE2026R00619,Puente Sobreel Lago Maracaibo (24823392610).jpg,-5.2,card_context_candidate,stamp_or_philatelic:postage; stamp_or_philatelic:stamp; stamp_or_philatelic:stamps; commons_file_source,small packet may not need cover-main treatment
Venezuela|Modern typography and layout|Wikimedia Commons|1980-1984,small_packet_standalone_or_sub_review,decide_if_standalone_normal_main_or_sub_under_nearby_packet,low,false,1,single_or_micro,mixed_manual_relation_review,low,Venezuela,Modern typography and layout,Wikimedia Commons,1980-1984,1983-1983,1,1,0,0,1,0,SURF-CAW2026R03045,Stamp of Seychelles - Zil Eloigne Sesel - 1983 - Colnect 500897 - Hotel.jpeg,-2.5,card_context_candidate,stamp_or_philatelic:postage; stamp_or_philatelic:stamp; stamp_or_philatelic:stamps; commons_file_source,small packet may not need cover-main treatment
Venezuela|Modern typography and layout|Wikimedia Commons|1995-1999,small_packet_standalone_or_sub_review,decide_if_standalone_normal_main_or_sub_under_nearby_packet,low,false,1,single_or_micro,mixed_manual_relation_review,low,Venezuela,Modern typography and layout,Wikimedia Commons,1995-1999,1995-1995,1,1,0,0,1,0,SURF-CAW2026R03315,2011. Stamp of Belarus 17-2011-06-23-bl.jpg,-2.5,card_context_candidate,stamp_or_philatelic:postage; stamp_or_philatelic:stamp; stamp_or_philatelic:stamps; commons_file_source,small packet may not need cover-main treatment
Venezuela|Travel and transport poster culture|Wikimedia Commons|1880-1884,small_packet_standalone_or_sub_review,decide_if_standalone_normal_main_or_sub_under_nearby_packet,low,false,1,single_or_micro,mixed_manual_relation_review,low,Venezuela,Travel and transport poster culture,Wikimedia Commons,1880-1884,1882-1882,1,1,0,0,1,0,SURF-CCT2026R02613,EstampVen.jpg,-5.2,card_context_candidate,stamp_or_philatelic:postage; stamp_or_philatelic:stamp; stamp_or_philatelic:stamps; commons_file_source,small packet may not need cover-main treatment
Vietnam|Corporate identity and design systems|Wikimedia Commons|2025-2029,small_packet_standalone_or_sub_review,decide_if_standalone_normal_main_or_sub_under_nearby_packet,low,true,1,single_or_micro,small_anchor_or_manual,low,Vietnam,Corporate identity and design systems,Wikimedia Commons,2025-2029,2025-2025,1,1,0,0,0,0,SURF-CAW2026R05002,DFC 2092 Night market food stalls lit up under a glowing billboard motorcycles parked in front as customers dine late into the evening.jpg,93.9,manual_relation_review,commons_file_source,small packet may not need cover-main treatment
Vietnam|Modern typography and layout|Wikimedia Commons|1920-1924,small_packet_standalone_or_sub_review,decide_if_standalone_normal_main_or_sub_under_nearby_packet,low,true,1,single_or_micro,mixed_manual_relation_review,low,Vietnam,Modern typography and layout,Wikimedia Commons,1920-1924,1920-1920,1,1,0,1,0,0,SURF-CCT2026R04475,Viet Nam su luoc.jpg,77.0,packet_member_review,commons_file_source,small packet may not need cover-main treatment
Vietnam|Modern typography and layout|Wikimedia Commons|1940-1944,small_packet_standalone_or_sub_review,decide_if_standalone_normal_main_or_sub_under_nearby_packet,low,false,1,single_or_micro,mixed_manual_relation_review,low,Vietnam,Modern typography and layout,Wikimedia Commons,1940-1944,1943-1943,1,1,0,0,1,0,SURF-CAW2026R02159,Alexandre de Rhodes. Issued on 1943.jpg,-14.7,card_context_candidate,stamp_or_philatelic:postage; stamp_or_philatelic:stamp; stamp_or_philatelic:stamps; commons_file_source,small packet may not need cover-main treatment
Vietnam|Modern typography and layout|Wikimedia Commons|1945-1949,small_packet_standalone_or_sub_review,decide_if_standalone_normal_main_or_sub_under_nearby_packet,low,false,1,small,mixed_manual_relation_review,low,Vietnam,Modern typography and layout,Wikimedia Commons,1945-1949,1945-1945,2,1,0,0,1,0,SURF-FGC2026R00002,Viet Minh poster 1945.jpg,-14.15,card_context_candidate,stamp_or_philatelic:stamp; commons_file_source,small packet may not need cover-main treatment
Vietnam|Modern typography and layout|Wikimedia Commons|1955-1959,small_packet_standalone_or_sub_review,decide_if_standalone_normal_main_or_sub_under_nearby_packet,low,false,1,small,mixed_manual_relation_review,low,Vietnam,Modern typography and layout,Wikimedia Commons,1955-1959,1959-1959,2,1,0,0,1,0,SURF-FGC2026R00005,"UA17-95 000372.jpg Election poster, 1959.jpg",-1.15,card_context_candidate,stamp_or_philatelic:stamp; commons_file_source,small packet may not need cover-main treatment
Vietnam|Modern typography and layout|Wikimedia Commons|1980-1984,small_packet_standalone_or_sub_review,decide_if_standalone_normal_main_or_sub_under_nearby_packet,low,false,1,single_or_micro,mixed_manual_relation_review,low,Vietnam,Modern typography and layout,Wikimedia Commons,1980-1984,1980-1980,1,1,0,0,1,0,SURF-CAW2026R03016,The Soviet Union 1980 CPA 5097 stamp (Soviet-Vietnamese Space Flight. Cosmonauts at work aboard Salyut 6-Soyuz 36-Soyuz 37 complex).jpg,-12.7,card_context_candidate,stamp_or_philatelic:postage; stamp_or_philatelic:stamp; commons_file_source,small packet may not need cover-main treatment
Vietnam|World War and public-information graphics|Wikimedia Commons|1885-1889,small_packet_standalone_or_sub_review,decide_if_standalone_normal_main_or_sub_under_nearby_packet,low,true,1,single_or_micro,mixed_manual_relation_review,low,Vietnam,World War and public-information graphics,Wikimedia Commons,1885-1889,1885-1885,1,1,0,1,0,0,SURF-CRG2026R0100,HYMNES et PAVILLONS DʼINDOCHINE 1941 Leaders flags anthems of French Indochina WW2 Vichy France 50 LUANG-PRABANG Le Patriote Lao Hymne national Laotien Thong Dy 01 - IDEO. Hanoi Unidentified author designer No know copyright restrict.jpg,74.4,packet_member_review,commons_file_source,small packet may not need cover-main treatment
Vietnam|World War and public-information graphics|Wikimedia Commons|1935-1939,small_packet_standalone_or_sub_review,decide_if_standalone_normal_main_or_sub_under_nearby_packet,low,false,1,single_or_micro,mixed_manual_relation_review,low,Vietnam,World War and public-information graphics,Wikimedia Commons,1935-1939,1939-1939,1,1,0,0,1,0,SURF-CAW2026R01927,27-Indochine-pour-UK-1939-recto.jpg,3.5,card_context_candidate,stamp_or_philatelic:postage; stamp_or_philatelic:stamp; commons_file_source,small packet may not need cover-main treatment
Yemen|Modern typography and layout|Wikimedia Commons|1930-1934,small_packet_standalone_or_sub_review,decide_if_standalone_normal_main_or_sub_under_nearby_packet,low,true,1,single_or_micro,small_anchor_or_manual,low,Yemen,Modern typography and layout,Wikimedia Commons,1930-1934,1934-1934,1,1,0,0,0,0,SURF-CAW2026R01753,Azhara Nora'ah.jpg,90.2,manual_relation_review,commons_file_source,small packet may not need cover-main treatment
Yemen|Modern typography and layout|Wikimedia Commons|1940-1944,small_packet_standalone_or_sub_review,decide_if_standalone_normal_main_or_sub_under_nearby_packet,low,false,1,single_or_micro,mixed_manual_relation_review,low,Yemen,Modern typography and layout,Wikimedia Commons,1940-1944,1940-1940,1,1,0,0,1,0,SURF-CAW2026R01943,Stamp of Ajman - 1968 - Colnect 1006776 - Edson Arantes do Nascimento - Pelé - 1940 FC Santos.jpeg,-3.7,card_context_candidate,stamp_or_philatelic:postage; stamp_or_philatelic:stamp; stamp_or_philatelic:stamps; commons_file_source,small packet may not need cover-main treatment
Yemen|Modern typography and layout|Wikimedia Commons|1950-1954,small_packet_standalone_or_sub_review,decide_if_standalone_normal_main_or_sub_under_nearby_packet,low,false,1,single_or_micro,mixed_manual_relation_review,low,Yemen,Modern typography and layout,Wikimedia Commons,1950-1954,1950-1950,1,1,0,0,1,0,SURF-CAW2026R02307,Postage stamp of the People's Republic of Southern Yemen. It shows cotton picking.jpg,-4.9,card_context_candidate,stamp_or_philatelic:postage; stamp_or_philatelic:stamp; commons_file_source,small packet may not need cover-main treatment
Yemen|Modern typography and layout|Wikimedia Commons|1960-1964,small_packet_standalone_or_sub_review,decide_if_standalone_normal_main_or_sub_under_nearby_packet,low,false,1,single_or_micro,mixed_manual_relation_review,low,Yemen,Modern typography and layout,Wikimedia Commons,1960-1964,1960-1960,1,1,0,0,1,0,SURF-CAW2026R02583,Yemencat.jpg,-11.1,card_context_candidate,stamp_or_philatelic:postage; stamp_or_philatelic:stamp; stamp_or_philatelic:stamps; commons_file_source,small packet may not need cover-main treatment
Yemen|Modern typography and layout|Wikimedia Commons|1970-1974,small_packet_standalone_or_sub_review,decide_if_standalone_normal_main_or_sub_under_nearby_packet,low,false,1,single_or_micro,mixed_manual_relation_review,low,Yemen,Modern typography and layout,Wikimedia Commons,1970-1974,1970-1970,1,1,0,0,1,0,SURF-CAW2026R02808,South Yemeni postage stamp in honor of Vladimir Lenin's birthday.jpg,-15.8,card_context_candidate,stamp_or_philatelic:postage; stamp_or_philatelic:stamp; commons_file_source,small packet may not need cover-main treatment
Yemen|Modern typography and layout|Wikimedia Commons|1975-1979,small_packet_standalone_or_sub_review,decide_if_standalone_normal_main_or_sub_under_nearby_packet,low,false,1,single_or_micro,mixed_manual_relation_review,low,Yemen,Modern typography and layout,Wikimedia Commons,1975-1979,1977-1977,1,1,0,0,1,0,SURF-CAW2026R02947,A postage stamp of the Yemen Arab Republic featuring its former president Ibrahim al-Hamdi.jpg,-0.2,card_context_candidate,stamp_or_philatelic:postage; stamp_or_philatelic:stamp; commons_file_source,small packet may not need cover-main treatment
Yemen|Modern typography and layout|Wikimedia Commons|1985-1989,small_packet_standalone_or_sub_review,decide_if_standalone_normal_main_or_sub_under_nearby_packet,low,false,1,small,mixed_manual_relation_review,low,Yemen,Modern typography and layout,Wikimedia Commons,1985-1989,1986-1986,2,1,0,0,1,0,SURF-CAW2026R03081,"South Yemen postage stamp depicting Vladimir Lenin, 1986.jpg",1.95,card_context_candidate,stamp_or_philatelic:postage; stamp_or_philatelic:stamp; commons_file_source,small packet may not need cover-main treatment
Yemen|Travel and transport poster culture|Wikimedia Commons|2010-2014,small_packet_standalone_or_sub_review,decide_if_standalone_normal_main_or_sub_under_nearby_packet,low,true,1,single_or_micro,small_anchor_or_manual,low,Yemen,Travel and transport poster culture,Wikimedia Commons,2010-2014,2011-2011,1,1,0,0,0,0,SURF-CAW2026R03778,Posters - Flickr - Al Jazeera English.jpg,93.2,manual_relation_review,commons_file_source,small packet may not need cover-main treatment
Yemen|World War and public-information graphics|Wikimedia Commons|1960-1964,small_packet_standalone_or_sub_review,decide_if_standalone_normal_main_or_sub_under_nearby_packet,low,false,1,small,mixed_manual_relation_review,low,Yemen,World War and public-information graphics,Wikimedia Commons,1960-1964,1962-1962,2,1,0,0,1,0,SURF-CAW2026R02610,Postage stamp - Yemen before 1962.jpg,-13.85,card_context_candidate,stamp_or_philatelic:postage; stamp_or_philatelic:stamp; commons_file_source,small packet may not need cover-main treatment
Yemen|World War and public-information graphics|Wikimedia Commons|1965-1969,small_packet_standalone_or_sub_review,decide_if_standalone_normal_main_or_sub_under_nearby_packet,low,false,1,single_or_micro,mixed_manual_relation_review,low,Yemen,World War and public-information graphics,Wikimedia Commons,1965-1969,1969-1969,1,1,0,0,1,0,SURF-CAW2026R02780,Jackie Stewart 1969 Yemen stamp.jpg,1.6,card_context_candidate,stamp_or_philatelic:postage; stamp_or_philatelic:stamp; commons_file_source,small packet may not need cover-main treatment
Yemen|World War and public-information graphics|Wikimedia Commons|1970-1974,small_packet_standalone_or_sub_review,decide_if_standalone_normal_main_or_sub_under_nearby_packet,low,false,1,single_or_micro,mixed_manual_relation_review,low,Yemen,World War and public-information graphics,Wikimedia Commons,1970-1974,1970-1970,1,1,0,0,1,0,SURF-CAW2026R02807,South Yemeni postage stamp depicting the People's Army.jpg,-14.0,card_context_candidate,stamp_or_philatelic:postage; stamp_or_philatelic:stamp; commons_file_source,small packet may not need cover-main treatment
Zambia|World War and public-information graphics|Wikimedia Commons|1960-1964,small_packet_standalone_or_sub_review,decide_if_standalone_normal_main_or_sub_under_nearby_packet,low,true,1,single_or_micro,small_anchor_or_manual,low,Zambia,World War and public-information graphics,Wikimedia Commons,1960-1964,1960-1960,1,1,0,0,0,0,SURF-CAW2026R02571,ASquadron Selous Scouts.PNG,96.2,manual_relation_review,commons_file_source,small packet may not need cover-main treatment
Zimbabwe|Modern typography and layout|Wikimedia Commons|1880-1884,small_packet_standalone_or_sub_review,decide_if_standalone_normal_main_or_sub_under_nearby_packet,low,true,1,single_or_micro,small_anchor_or_manual,low,Zimbabwe,Modern typography and layout,Wikimedia Commons,1880-1884,1881-1881,1,1,0,0,0,0,SURF-CAW2026R00400,William George Bevington - 7904115817.jpg,92.9,manual_relation_review,commons_file_source,small packet may not need cover-main treatment
Zimbabwe|Modern typography and layout|Wikimedia Commons|1985-1989,small_packet_standalone_or_sub_review,decide_if_standalone_normal_main_or_sub_under_nearby_packet,low,false,1,single_or_micro,mixed_manual_relation_review,low,Zimbabwe,Modern typography and layout,Wikimedia Commons,1985-1989,1985-1985,1,1,0,0,1,0,SURF-CCT2026R00770,Zimbabwe 1985 variable value stamp 00.01 Mi 1.jpg,-23.5,card_context_candidate,stamp_or_philatelic:postage; stamp_or_philatelic:stamp; stamp_or_philatelic:stamps; commons_file_source,small packet may not need cover-main treatment
Zimbabwe|Modern typography and layout|Wikimedia Commons|2010-2014,small_packet_standalone_or_sub_review,decide_if_standalone_normal_main_or_sub_under_nearby_packet,low,true,1,single_or_micro,small_anchor_or_manual,low,Zimbabwe,Modern typography and layout,Wikimedia Commons,2010-2014,2010-2010,1,1,0,0,0,0,SURF-CAW2026R03695,Chrysoberyl-40654.jpg,90.8,manual_relation_review,commons_file_source,small packet may not need cover-main treatment
