psql:/private/tmp/graphic_design_archive_v49_release_snapshot_db_closure/database/tests/009_release_projection_snapshot_performance_scale.sql:31: LOG:  duration: 3.042 ms  plan:
{
  "Query Text": "SELECT release.create_research_release(\n  'e6000000-0000-4000-8000-000000002000'::uuid, 'final3p2000'::core.release_token, 'schema-v49.0','model-v49.0',\n  'e6100000-0000-4000-8000-000000002000'::uuid, repeat('d',64));",
  "Plan": {
    "Node Type": "Result",
    "Parallel Aware": false,
    "Async Capable": false,
    "Startup Cost": 0.00,
    "Total Cost": 0.27,
    "Plan Rows": 1,
    "Plan Width": 4,
    "Actual Startup Time": 3.039,
    "Actual Total Time": 3.040,
    "Actual Rows": 1,
    "Actual Loops": 1,
    "Output": ["release.create_research_release('e6000000-0000-4000-8000-000000002000'::uuid, ('final3p2000'::text)::core.release_token, ('schema-v49.0'::text)::core.release_token, ('model-v49.0'::text)::core.release_token, 'e6100000-0000-4000-8000-000000002000'::uuid, ('dddddddddddddddddddddddddddddddddddddddddddddddddddddddddddddddd'::text)::core.sha256_hex)"],
    "Shared Hit Blocks": 1106,
    "Shared Read Blocks": 0,
    "Shared Dirtied Blocks": 8,
    "Shared Written Blocks": 8,
    "Local Hit Blocks": 0,
    "Local Read Blocks": 0,
    "Local Dirtied Blocks": 0,
    "Local Written Blocks": 0,
    "Temp Read Blocks": 0,
    "Temp Written Blocks": 0,
    "I/O Read Time": 0.000,
    "I/O Write Time": 0.152,
    "Temp I/O Read Time": 0.000,
    "Temp I/O Write Time": 0.000,
    "WAL Records": 16,
    "WAL FPI": 0,
    "WAL Bytes": 1443
  }
}
psql:/private/tmp/graphic_design_archive_v49_release_snapshot_db_closure/database/tests/009_release_projection_snapshot_performance_scale.sql:34: LOG:  duration: 77.855 ms  plan:
{
  "Query Text": "CREATE TEMPORARY TABLE gda_v5_effective_decisions ON COMMIT DROP AS\n  SELECT d.assignment_review_decision_id,d.canonical_assignment_id,\n    encode(sha256(convert_to(jsonb_build_object('decision',jsonb_build_array(\n      d.assignment_review_decision_id,d.canonical_assignment_id,d.outcome,d.supersedes_decision_id),\n      'supports',jsonb_agg(jsonb_build_array(e.evidence_item_id,e.evidence_role)\n        ORDER BY e.evidence_item_id,e.evidence_role))::text,'UTF8')),'hex')::core.sha256_hex AS decision_snapshot_sha256\n  FROM provenance.assignment_review_decision d\n  JOIN provenance.canonical_assignment a ON a.canonical_assignment_id=d.canonical_assignment_id\n  JOIN provenance.assignment_decision_evidence e ON e.assignment_review_decision_id=d.assignment_review_decision_id\n    AND e.evidence_role='supports'\n  WHERE a.assignment_kind='folder_membership' AND a.status='accepted'\n    AND NOT EXISTS (SELECT 1 FROM provenance.canonical_assignment newer\n      WHERE newer.supersedes_assignment_id=a.canonical_assignment_id)\n    AND d.outcome='accept'\n    AND NOT EXISTS (SELECT 1 FROM provenance.assignment_review_decision newer\n      WHERE newer.supersedes_decision_id=d.assignment_review_decision_id)\n  GROUP BY d.assignment_review_decision_id,d.canonical_assignment_id,d.outcome,d.supersedes_decision_id",
  "Plan": {
    "Node Type": "Aggregate",
    "Strategy": "Sorted",
    "Partial Mode": "Simple",
    "Parallel Aware": false,
    "Async Capable": false,
    "Startup Cost": 1217.83,
    "Total Cost": 1477.38,
    "Plan Rows": 6107,
    "Plan Width": 84,
    "Actual Startup Time": 7.912,
    "Actual Total Time": 74.799,
    "Actual Rows": 6107,
    "Actual Loops": 1,
    "Output": ["d.assignment_review_decision_id", "d.canonical_assignment_id", "(encode(sha256(convert_to((jsonb_build_object('decision', jsonb_build_array(d.assignment_review_decision_id, d.canonical_assignment_id, d.outcome, d.supersedes_decision_id), 'supports', jsonb_agg(jsonb_build_array(e.evidence_item_id, e.evidence_role) ORDER BY e.evidence_item_id, e.evidence_role)))::text, 'UTF8'::name)), 'hex'::text))::core.sha256_hex", "d.outcome", "d.supersedes_decision_id"],
    "Group Key": ["d.assignment_review_decision_id"],
    "Shared Hit Blocks": 204,
    "Shared Read Blocks": 0,
    "Shared Dirtied Blocks": 0,
    "Shared Written Blocks": 0,
    "Local Hit Blocks": 0,
    "Local Read Blocks": 0,
    "Local Dirtied Blocks": 0,
    "Local Written Blocks": 0,
    "Temp Read Blocks": 0,
    "Temp Written Blocks": 0,
    "I/O Read Time": 0.000,
    "I/O Write Time": 0.000,
    "Temp I/O Read Time": 0.000,
    "Temp I/O Write Time": 0.000,
    "WAL Records": 0,
    "WAL FPI": 0,
    "WAL Bytes": 0,
    "Plans": [
      {
        "Node Type": "Sort",
        "Parent Relationship": "Outer",
        "Parallel Aware": false,
        "Async Capable": false,
        "Startup Cost": 1217.83,
        "Total Cost": 1233.10,
        "Plan Rows": 6107,
        "Plan Width": 72,
        "Actual Startup Time": 7.650,
        "Actual Total Time": 7.950,
        "Actual Rows": 6107,
        "Actual Loops": 1,
        "Output": ["d.assignment_review_decision_id", "d.canonical_assignment_id", "d.outcome", "d.supersedes_decision_id", "e.evidence_item_id", "e.evidence_role"],
        "Sort Key": ["d.assignment_review_decision_id", "e.evidence_item_id"],
        "Sort Method": "quicksort",
        "Sort Space Used": 670,
        "Sort Space Type": "Memory",
        "Shared Hit Blocks": 195,
        "Shared Read Blocks": 0,
        "Shared Dirtied Blocks": 0,
        "Shared Written Blocks": 0,
        "Local Hit Blocks": 0,
        "Local Read Blocks": 0,
        "Local Dirtied Blocks": 0,
        "Local Written Blocks": 0,
        "Temp Read Blocks": 0,
        "Temp Written Blocks": 0,
        "I/O Read Time": 0.000,
        "I/O Write Time": 0.000,
        "Temp I/O Read Time": 0.000,
        "Temp I/O Write Time": 0.000,
        "WAL Records": 0,
        "WAL FPI": 0,
        "WAL Bytes": 0,
        "Plans": [
          {
            "Node Type": "Hash Join",
            "Parent Relationship": "Outer",
            "Parallel Aware": false,
            "Async Capable": false,
            "Join Type": "Right Anti",
            "Startup Cost": 802.89,
            "Total Cost": 833.82,
            "Plan Rows": 6107,
            "Plan Width": 72,
            "Actual Startup Time": 5.480,
            "Actual Total Time": 5.811,
            "Actual Rows": 6107,
            "Actual Loops": 1,
            "Output": ["d.assignment_review_decision_id", "d.canonical_assignment_id", "d.outcome", "d.supersedes_decision_id", "e.evidence_item_id", "e.evidence_role"],
            "Inner Unique": false,
            "Hash Cond": "(newer_1.supersedes_decision_id = d.assignment_review_decision_id)",
            "Shared Hit Blocks": 192,
            "Shared Read Blocks": 0,
            "Shared Dirtied Blocks": 0,
            "Shared Written Blocks": 0,
            "Local Hit Blocks": 0,
            "Local Read Blocks": 0,
            "Local Dirtied Blocks": 0,
            "Local Written Blocks": 0,
            "Temp Read Blocks": 0,
            "Temp Written Blocks": 0,
            "I/O Read Time": 0.000,
            "I/O Write Time": 0.000,
            "Temp I/O Read Time": 0.000,
            "Temp I/O Write Time": 0.000,
            "WAL Records": 0,
            "WAL FPI": 0,
            "WAL Bytes": 0,
            "Plans": [
              {
                "Node Type": "Index Only Scan",
                "Parent Relationship": "Outer",
                "Parallel Aware": false,
                "Async Capable": false,
                "Scan Direction": "Forward",
                "Index Name": "assignment_review_decision_current_leaf_v5_idx",
                "Relation Name": "assignment_review_decision",
                "Schema": "provenance",
                "Alias": "newer_1",
                "Startup Cost": 0.12,
                "Total Cost": 8.14,
                "Plan Rows": 6107,
                "Plan Width": 16,
                "Actual Startup Time": 0.004,
                "Actual Total Time": 0.004,
                "Actual Rows": 0,
                "Actual Loops": 1,
                "Output": ["newer_1.supersedes_decision_id"],
                "Heap Fetches": 0,
                "Shared Hit Blocks": 1,
                "Shared Read Blocks": 0,
                "Shared Dirtied Blocks": 0,
                "Shared Written Blocks": 0,
                "Local Hit Blocks": 0,
                "Local Read Blocks": 0,
                "Local Dirtied Blocks": 0,
                "Local Written Blocks": 0,
                "Temp Read Blocks": 0,
                "Temp Written Blocks": 0,
                "I/O Read Time": 0.000,
                "I/O Write Time": 0.000,
                "Temp I/O Read Time": 0.000,
                "Temp I/O Write Time": 0.000,
                "WAL Records": 0,
                "WAL FPI": 0,
                "WAL Bytes": 0
              },
              {
                "Node Type": "Hash",
                "Parent Relationship": "Inner",
                "Parallel Aware": false,
                "Async Capable": false,
                "Startup Cost": 726.43,
                "Total Cost": 726.43,
                "Plan Rows": 6107,
                "Plan Width": 72,
                "Actual Startup Time": 5.465,
                "Actual Total Time": 5.467,
                "Actual Rows": 6107,
                "Actual Loops": 1,
                "Output": ["d.assignment_review_decision_id", "d.canonical_assignment_id", "d.outcome", "d.supersedes_decision_id", "e.evidence_item_id", "e.evidence_role"],
                "Hash Buckets": 8192,
                "Original Hash Buckets": 8192,
                "Hash Batches": 1,
                "Original Hash Batches": 1,
                "Peak Memory Usage": 589,
                "Shared Hit Blocks": 191,
                "Shared Read Blocks": 0,
                "Shared Dirtied Blocks": 0,
                "Shared Written Blocks": 0,
                "Local Hit Blocks": 0,
                "Local Read Blocks": 0,
                "Local Dirtied Blocks": 0,
                "Local Written Blocks": 0,
                "Temp Read Blocks": 0,
                "Temp Written Blocks": 0,
                "I/O Read Time": 0.000,
                "I/O Write Time": 0.000,
                "Temp I/O Read Time": 0.000,
                "Temp I/O Write Time": 0.000,
                "WAL Records": 0,
                "WAL FPI": 0,
                "WAL Bytes": 0,
                "Plans": [
                  {
                    "Node Type": "Hash Join",
                    "Parent Relationship": "Outer",
                    "Parallel Aware": false,
                    "Async Capable": false,
                    "Join Type": "Right Anti",
                    "Startup Cost": 695.50,
                    "Total Cost": 726.43,
                    "Plan Rows": 6107,
                    "Plan Width": 72,
                    "Actual Startup Time": 4.512,
                    "Actual Total Time": 4.889,
                    "Actual Rows": 6107,
                    "Actual Loops": 1,
                    "Output": ["d.assignment_review_decision_id", "d.canonical_assignment_id", "d.outcome", "d.supersedes_decision_id", "e.evidence_item_id", "e.evidence_role"],
                    "Inner Unique": false,
                    "Hash Cond": "(newer.supersedes_assignment_id = a.canonical_assignment_id)",
                    "Shared Hit Blocks": 191,
                    "Shared Read Blocks": 0,
                    "Shared Dirtied Blocks": 0,
                    "Shared Written Blocks": 0,
                    "Local Hit Blocks": 0,
                    "Local Read Blocks": 0,
                    "Local Dirtied Blocks": 0,
                    "Local Written Blocks": 0,
                    "Temp Read Blocks": 0,
                    "Temp Written Blocks": 0,
                    "I/O Read Time": 0.000,
                    "I/O Write Time": 0.000,
                    "Temp I/O Read Time": 0.000,
                    "Temp I/O Write Time": 0.000,
                    "WAL Records": 0,
                    "WAL FPI": 0,
                    "WAL Bytes": 0,
                    "Plans": [
                      {
                        "Node Type": "Index Only Scan",
                        "Parent Relationship": "Outer",
                        "Parallel Aware": false,
                        "Async Capable": false,
                        "Scan Direction": "Forward",
                        "Index Name": "canonical_assignment_current_leaf_v5_idx",
                        "Relation Name": "canonical_assignment",
                        "Schema": "provenance",
                        "Alias": "newer",
                        "Startup Cost": 0.12,
                        "Total Cost": 8.14,
                        "Plan Rows": 6107,
                        "Plan Width": 16,
                        "Actual Startup Time": 0.004,
                        "Actual Total Time": 0.004,
                        "Actual Rows": 0,
                        "Actual Loops": 1,
                        "Output": ["newer.supersedes_assignment_id"],
                        "Heap Fetches": 0,
                        "Shared Hit Blocks": 1,
                        "Shared Read Blocks": 0,
                        "Shared Dirtied Blocks": 0,
                        "Shared Written Blocks": 0,
                        "Local Hit Blocks": 0,
                        "Local Read Blocks": 0,
                        "Local Dirtied Blocks": 0,
                        "Local Written Blocks": 0,
                        "Temp Read Blocks": 0,
                        "Temp Written Blocks": 0,
                        "I/O Read Time": 0.000,
                        "I/O Write Time": 0.000,
                        "Temp I/O Read Time": 0.000,
                        "Temp I/O Write Time": 0.000,
                        "WAL Records": 0,
                        "WAL FPI": 0,
                        "WAL Bytes": 0
                      },
                      {
                        "Node Type": "Hash",
                        "Parent Relationship": "Inner",
                        "Parallel Aware": false,
                        "Async Capable": false,
                        "Startup Cost": 619.04,
                        "Total Cost": 619.04,
                        "Plan Rows": 6107,
                        "Plan Width": 88,
                        "Actual Startup Time": 4.496,
                        "Actual Total Time": 4.498,
                        "Actual Rows": 6107,
                        "Actual Loops": 1,
                        "Output": ["d.assignment_review_decision_id", "d.canonical_assignment_id", "d.outcome", "d.supersedes_decision_id", "a.canonical_assignment_id", "e.evidence_item_id", "e.evidence_role"],
                        "Hash Buckets": 8192,
                        "Original Hash Buckets": 8192,
                        "Hash Batches": 1,
                        "Original Hash Batches": 1,
                        "Peak Memory Usage": 685,
                        "Shared Hit Blocks": 190,
                        "Shared Read Blocks": 0,
                        "Shared Dirtied Blocks": 0,
                        "Shared Written Blocks": 0,
                        "Local Hit Blocks": 0,
                        "Local Read Blocks": 0,
                        "Local Dirtied Blocks": 0,
                        "Local Written Blocks": 0,
                        "Temp Read Blocks": 0,
                        "Temp Written Blocks": 0,
                        "I/O Read Time": 0.000,
                        "I/O Write Time": 0.000,
                        "Temp I/O Read Time": 0.000,
                        "Temp I/O Write Time": 0.000,
                        "WAL Records": 0,
                        "WAL FPI": 0,
                        "WAL Bytes": 0,
                        "Plans": [
                          {
                            "Node Type": "Hash Join",
                            "Parent Relationship": "Outer",
                            "Parallel Aware": false,
                            "Async Capable": false,
                            "Join Type": "Inner",
                            "Startup Cost": 459.62,
                            "Total Cost": 619.04,
                            "Plan Rows": 6107,
                            "Plan Width": 88,
                            "Actual Startup Time": 2.117,
                            "Actual Total Time": 3.851,
                            "Actual Rows": 6107,
                            "Actual Loops": 1,
                            "Output": ["d.assignment_review_decision_id", "d.canonical_assignment_id", "d.outcome", "d.supersedes_decision_id", "a.canonical_assignment_id", "e.evidence_item_id", "e.evidence_role"],
                            "Inner Unique": true,
                            "Hash Cond": "(d.canonical_assignment_id = a.canonical_assignment_id)",
                            "Shared Hit Blocks": 190,
                            "Shared Read Blocks": 0,
                            "Shared Dirtied Blocks": 0,
                            "Shared Written Blocks": 0,
                            "Local Hit Blocks": 0,
                            "Local Read Blocks": 0,
                            "Local Dirtied Blocks": 0,
                            "Local Written Blocks": 0,
                            "Temp Read Blocks": 0,
                            "Temp Written Blocks": 0,
                            "I/O Read Time": 0.000,
                            "I/O Write Time": 0.000,
                            "Temp I/O Read Time": 0.000,
                            "Temp I/O Write Time": 0.000,
                            "WAL Records": 0,
                            "WAL FPI": 0,
                            "WAL Bytes": 0,
                            "Plans": [
                              {
                                "Node Type": "Hash Join",
                                "Parent Relationship": "Outer",
                                "Parallel Aware": false,
                                "Async Capable": false,
                                "Join Type": "Inner",
                                "Startup Cost": 246.68,
                                "Total Cost": 390.05,
                                "Plan Rows": 6107,
                                "Plan Width": 72,
                                "Actual Startup Time": 1.175,
                                "Actual Total Time": 2.299,
                                "Actual Rows": 6107,
                                "Actual Loops": 1,
                                "Output": ["d.assignment_review_decision_id", "d.canonical_assignment_id", "d.outcome", "d.supersedes_decision_id", "e.evidence_item_id", "e.evidence_role"],
                                "Inner Unique": true,
                                "Hash Cond": "(e.assignment_review_decision_id = d.assignment_review_decision_id)",
                                "Shared Hit Blocks": 145,
                                "Shared Read Blocks": 0,
                                "Shared Dirtied Blocks": 0,
                                "Shared Written Blocks": 0,
                                "Local Hit Blocks": 0,
                                "Local Read Blocks": 0,
                                "Local Dirtied Blocks": 0,
                                "Local Written Blocks": 0,
                                "Temp Read Blocks": 0,
                                "Temp Written Blocks": 0,
                                "I/O Read Time": 0.000,
                                "I/O Write Time": 0.000,
                                "Temp I/O Read Time": 0.000,
                                "Temp I/O Write Time": 0.000,
                                "WAL Records": 0,
                                "WAL FPI": 0,
                                "WAL Bytes": 0,
                                "Plans": [
                                  {
                                    "Node Type": "Seq Scan",
                                    "Parent Relationship": "Outer",
                                    "Parallel Aware": false,
                                    "Async Capable": false,
                                    "Relation Name": "assignment_decision_evidence",
                                    "Schema": "provenance",
                                    "Alias": "e",
                                    "Startup Cost": 0.00,
                                    "Total Cost": 127.34,
                                    "Plan Rows": 6107,
                                    "Plan Width": 36,
                                    "Actual Startup Time": 0.008,
                                    "Actual Total Time": 0.432,
                                    "Actual Rows": 6107,
                                    "Actual Loops": 1,
                                    "Output": ["e.assignment_review_decision_id", "e.evidence_item_id", "e.evidence_role"],
                                    "Filter": "(e.evidence_role = 'supports'::provenance.evidence_role)",
                                    "Rows Removed by Filter": 0,
                                    "Shared Hit Blocks": 51,
                                    "Shared Read Blocks": 0,
                                    "Shared Dirtied Blocks": 0,
                                    "Shared Written Blocks": 0,
                                    "Local Hit Blocks": 0,
                                    "Local Read Blocks": 0,
                                    "Local Dirtied Blocks": 0,
                                    "Local Written Blocks": 0,
                                    "Temp Read Blocks": 0,
                                    "Temp Written Blocks": 0,
                                    "I/O Read Time": 0.000,
                                    "I/O Write Time": 0.000,
                                    "Temp I/O Read Time": 0.000,
                                    "Temp I/O Write Time": 0.000,
                                    "WAL Records": 0,
                                    "WAL FPI": 0,
                                    "WAL Bytes": 0
                                  },
                                  {
                                    "Node Type": "Hash",
                                    "Parent Relationship": "Inner",
                                    "Parallel Aware": false,
                                    "Async Capable": false,
                                    "Startup Cost": 170.34,
                                    "Total Cost": 170.34,
                                    "Plan Rows": 6107,
                                    "Plan Width": 52,
                                    "Actual Startup Time": 1.157,
                                    "Actual Total Time": 1.157,
                                    "Actual Rows": 6107,
                                    "Actual Loops": 1,
                                    "Output": ["d.assignment_review_decision_id", "d.canonical_assignment_id", "d.outcome", "d.supersedes_decision_id"],
                                    "Hash Buckets": 8192,
                                    "Original Hash Buckets": 8192,
                                    "Hash Batches": 1,
                                    "Original Hash Batches": 1,
                                    "Peak Memory Usage": 470,
                                    "Shared Hit Blocks": 94,
                                    "Shared Read Blocks": 0,
                                    "Shared Dirtied Blocks": 0,
                                    "Shared Written Blocks": 0,
                                    "Local Hit Blocks": 0,
                                    "Local Read Blocks": 0,
                                    "Local Dirtied Blocks": 0,
                                    "Local Written Blocks": 0,
                                    "Temp Read Blocks": 0,
                                    "Temp Written Blocks": 0,
                                    "I/O Read Time": 0.000,
                                    "I/O Write Time": 0.000,
                                    "Temp I/O Read Time": 0.000,
                                    "Temp I/O Write Time": 0.000,
                                    "WAL Records": 0,
                                    "WAL FPI": 0,
                                    "WAL Bytes": 0,
                                    "Plans": [
                                      {
                                        "Node Type": "Seq Scan",
                                        "Parent Relationship": "Outer",
                                        "Parallel Aware": false,
                                        "Async Capable": false,
                                        "Relation Name": "assignment_review_decision",
                                        "Schema": "provenance",
                                        "Alias": "d",
                                        "Startup Cost": 0.00,
                                        "Total Cost": 170.34,
                                        "Plan Rows": 6107,
                                        "Plan Width": 52,
                                        "Actual Startup Time": 0.007,
                                        "Actual Total Time": 0.654,
                                        "Actual Rows": 6107,
                                        "Actual Loops": 1,
                                        "Output": ["d.assignment_review_decision_id", "d.canonical_assignment_id", "d.outcome", "d.supersedes_decision_id"],
                                        "Filter": "(d.outcome = 'accept'::workflow.review_outcome)",
                                        "Rows Removed by Filter": 0,
                                        "Shared Hit Blocks": 94,
                                        "Shared Read Blocks": 0,
                                        "Shared Dirtied Blocks": 0,
                                        "Shared Written Blocks": 0,
                                        "Local Hit Blocks": 0,
                                        "Local Read Blocks": 0,
                                        "Local Dirtied Blocks": 0,
                                        "Local Written Blocks": 0,
                                        "Temp Read Blocks": 0,
                                        "Temp Written Blocks": 0,
                                        "I/O Read Time": 0.000,
                                        "I/O Write Time": 0.000,
                                        "Temp I/O Read Time": 0.000,
                                        "Temp I/O Write Time": 0.000,
                                        "WAL Records": 0,
                                        "WAL FPI": 0,
                                        "WAL Bytes": 0
                                      }
                                    ]
                                  }
                                ]
                              },
                              {
                                "Node Type": "Hash",
                                "Parent Relationship": "Inner",
                                "Parallel Aware": false,
                                "Async Capable": false,
                                "Startup Cost": 136.60,
                                "Total Cost": 136.60,
                                "Plan Rows": 6107,
                                "Plan Width": 16,
                                "Actual Startup Time": 0.932,
                                "Actual Total Time": 0.932,
                                "Actual Rows": 6107,
                                "Actual Loops": 1,
                                "Output": ["a.canonical_assignment_id"],
                                "Hash Buckets": 8192,
                                "Original Hash Buckets": 8192,
                                "Hash Batches": 1,
                                "Original Hash Batches": 1,
                                "Peak Memory Usage": 351,
                                "Shared Hit Blocks": 45,
                                "Shared Read Blocks": 0,
                                "Shared Dirtied Blocks": 0,
                                "Shared Written Blocks": 0,
                                "Local Hit Blocks": 0,
                                "Local Read Blocks": 0,
                                "Local Dirtied Blocks": 0,
                                "Local Written Blocks": 0,
                                "Temp Read Blocks": 0,
                                "Temp Written Blocks": 0,
                                "I/O Read Time": 0.000,
                                "I/O Write Time": 0.000,
                                "Temp I/O Read Time": 0.000,
                                "Temp I/O Write Time": 0.000,
                                "WAL Records": 0,
                                "WAL FPI": 0,
                                "WAL Bytes": 0,
                                "Plans": [
                                  {
                                    "Node Type": "Seq Scan",
                                    "Parent Relationship": "Outer",
                                    "Parallel Aware": false,
                                    "Async Capable": false,
                                    "Relation Name": "canonical_assignment",
                                    "Schema": "provenance",
                                    "Alias": "a",
                                    "Startup Cost": 0.00,
                                    "Total Cost": 136.60,
                                    "Plan Rows": 6107,
                                    "Plan Width": 16,
                                    "Actual Startup Time": 0.011,
                                    "Actual Total Time": 0.523,
                                    "Actual Rows": 6107,
                                    "Actual Loops": 1,
                                    "Output": ["a.canonical_assignment_id"],
                                    "Filter": "((a.assignment_kind = 'folder_membership'::provenance.assignment_kind) AND (a.status = 'accepted'::provenance.assertion_status))",
                                    "Rows Removed by Filter": 0,
                                    "Shared Hit Blocks": 45,
                                    "Shared Read Blocks": 0,
                                    "Shared Dirtied Blocks": 0,
                                    "Shared Written Blocks": 0,
                                    "Local Hit Blocks": 0,
                                    "Local Read Blocks": 0,
                                    "Local Dirtied Blocks": 0,
                                    "Local Written Blocks": 0,
                                    "Temp Read Blocks": 0,
                                    "Temp Written Blocks": 0,
                                    "I/O Read Time": 0.000,
                                    "I/O Write Time": 0.000,
                                    "Temp I/O Read Time": 0.000,
                                    "Temp I/O Write Time": 0.000,
                                    "WAL Records": 0,
                                    "WAL FPI": 0,
                                    "WAL Bytes": 0
                                  }
                                ]
                              }
                            ]
                          }
                        ]
                      }
                    ]
                  }
                ]
              }
            ]
          }
        ]
      }
    ]
  }
}
psql:/private/tmp/graphic_design_archive_v49_release_snapshot_db_closure/database/tests/009_release_projection_snapshot_performance_scale.sql:34: LOG:  duration: 1.304 ms  plan:
{
  "Query Text": "EXISTS (SELECT 1 FROM gda_v5_effective_decisions GROUP BY canonical_assignment_id HAVING count(*)>1)",
  "Plan": {
    "Node Type": "Result",
    "Parallel Aware": false,
    "Async Capable": false,
    "Startup Cost": 297.00,
    "Total Cost": 297.01,
    "Plan Rows": 1,
    "Plan Width": 1,
    "Actual Startup Time": 1.303,
    "Actual Total Time": 1.303,
    "Actual Rows": 1,
    "Actual Loops": 1,
    "Output": ["$0"],
    "Shared Hit Blocks": 0,
    "Shared Read Blocks": 0,
    "Shared Dirtied Blocks": 0,
    "Shared Written Blocks": 0,
    "Local Hit Blocks": 128,
    "Local Read Blocks": 0,
    "Local Dirtied Blocks": 0,
    "Local Written Blocks": 0,
    "Temp Read Blocks": 0,
    "Temp Written Blocks": 0,
    "I/O Read Time": 0.000,
    "I/O Write Time": 0.000,
    "Temp I/O Read Time": 0.000,
    "Temp I/O Write Time": 0.000,
    "WAL Records": 0,
    "WAL FPI": 0,
    "WAL Bytes": 0,
    "Plans": [
      {
        "Node Type": "Aggregate",
        "Strategy": "Hashed",
        "Partial Mode": "Simple",
        "Parent Relationship": "InitPlan",
        "Subplan Name": "InitPlan 1 (returns $0)",
        "Parallel Aware": false,
        "Async Capable": false,
        "Startup Cost": 296.96,
        "Total Cost": 299.46,
        "Plan Rows": 67,
        "Plan Width": 20,
        "Actual Startup Time": 1.303,
        "Actual Total Time": 1.303,
        "Actual Rows": 0,
        "Actual Loops": 1,
        "Output": ["1", "gda_v5_effective_decisions.canonical_assignment_id"],
        "Group Key": ["gda_v5_effective_decisions.canonical_assignment_id"],
        "Filter": "(count(*) > 1)",
        "Planned Partitions": 0,
        "HashAgg Batches": 1,
        "Peak Memory Usage": 737,
        "Disk Usage": 0,
        "Rows Removed by Filter": 6107,
        "Shared Hit Blocks": 0,
        "Shared Read Blocks": 0,
        "Shared Dirtied Blocks": 0,
        "Shared Written Blocks": 0,
        "Local Hit Blocks": 128,
        "Local Read Blocks": 0,
        "Local Dirtied Blocks": 0,
        "Local Written Blocks": 0,
        "Temp Read Blocks": 0,
        "Temp Written Blocks": 0,
        "I/O Read Time": 0.000,
        "I/O Write Time": 0.000,
        "Temp I/O Read Time": 0.000,
        "Temp I/O Write Time": 0.000,
        "WAL Records": 0,
        "WAL FPI": 0,
        "WAL Bytes": 0,
        "Plans": [
          {
            "Node Type": "Seq Scan",
            "Parent Relationship": "Outer",
            "Parallel Aware": false,
            "Async Capable": false,
            "Relation Name": "gda_v5_effective_decisions",
            "Schema": "pg_temp",
            "Alias": "gda_v5_effective_decisions",
            "Startup Cost": 0.00,
            "Total Cost": 240.64,
            "Plan Rows": 11264,
            "Plan Width": 16,
            "Actual Startup Time": 0.006,
            "Actual Total Time": 0.259,
            "Actual Rows": 6107,
            "Actual Loops": 1,
            "Output": ["gda_v5_effective_decisions.assignment_review_decision_id", "gda_v5_effective_decisions.canonical_assignment_id", "gda_v5_effective_decisions.decision_snapshot_sha256"],
            "Shared Hit Blocks": 0,
            "Shared Read Blocks": 0,
            "Shared Dirtied Blocks": 0,
            "Shared Written Blocks": 0,
            "Local Hit Blocks": 128,
            "Local Read Blocks": 0,
            "Local Dirtied Blocks": 0,
            "Local Written Blocks": 0,
            "Temp Read Blocks": 0,
            "Temp Written Blocks": 0,
            "I/O Read Time": 0.000,
            "I/O Write Time": 0.000,
            "Temp I/O Read Time": 0.000,
            "Temp I/O Write Time": 0.000,
            "WAL Records": 0,
            "WAL FPI": 0,
            "WAL Bytes": 0
          }
        ]
      }
    ]
  }
}
psql:/private/tmp/graphic_design_archive_v49_release_snapshot_db_closure/database/tests/009_release_projection_snapshot_performance_scale.sql:34: LOG:  duration: 92.583 ms  plan:
{
  "Query Text": "CREATE TEMPORARY TABLE gda_v5_expected_memberships ON COMMIT DROP AS\n  WITH current_assignment AS MATERIALIZED (\n    SELECT a.canonical_assignment_id,a.assignment_kind,a.status,a.supersedes_assignment_id\n    FROM provenance.canonical_assignment a\n    WHERE a.assignment_kind='folder_membership' AND a.status='accepted'\n      AND NOT EXISTS (SELECT 1 FROM provenance.canonical_assignment newer\n        WHERE newer.supersedes_assignment_id=a.canonical_assignment_id)\n  ), assignment_snapshots AS MATERIALIZED (\n    SELECT a.canonical_assignment_id,encode(sha256(convert_to(jsonb_build_object(\n      'assignment',jsonb_build_array(a.canonical_assignment_id,a.assignment_kind,a.status,a.supersedes_assignment_id),\n      'memberships',jsonb_agg(jsonb_build_array(fm.folder_id,fm.archive_object_id,fm.membership_role,fm.member_ordinal)\n        ORDER BY fm.folder_id,fm.membership_role,fm.member_ordinal,fm.archive_object_id))::text,'UTF8')),'hex')::core.sha256_hex AS assignment_snapshot_sha256\n    FROM current_assignment a JOIN provenance.assignment_folder_membership fm ON fm.canonical_assignment_id=a.canonical_assignment_id\n    GROUP BY a.canonical_assignment_id,a.assignment_kind,a.status,a.supersedes_assignment_id\n  )\n  SELECT fm.folder_id,fm.archive_object_id,a.canonical_assignment_id AS source_assignment_id,\n    fm.membership_role,fm.member_ordinal,d.assignment_review_decision_id AS effective_decision_id,\n    s.assignment_snapshot_sha256,d.decision_snapshot_sha256\n  FROM current_assignment a JOIN provenance.assignment_folder_membership fm ON fm.canonical_assignment_id=a.canonical_assignment_id\n  JOIN gda_v5_effective_decisions d ON d.canonical_assignment_id=a.canonical_assignment_id\n  JOIN assignment_snapshots s ON s.canonical_assignment_id=a.canonical_assignment_id\n  JOIN raw.legacy_surface_ledger l ON l.archive_object_id=fm.archive_object_id\n    AND l.migration_batch_id=p_migration_batch_id AND l.import_disposition='accounted'\n  JOIN research.corpus_membership cm ON cm.archive_object_id=fm.archive_object_id\n    AND cm.corpus_version_id=v_corpus_version_id AND cm.disposition='eligible'",
  "Plan": {
    "Node Type": "Hash Join",
    "Parallel Aware": false,
    "Async Capable": false,
    "Join Type": "Inner",
    "Startup Cost": 1678.60,
    "Total Cost": 1972.75,
    "Plan Rows": 1127,
    "Plan Width": 140,
    "Actual Startup Time": 88.440,
    "Actual Total Time": 89.855,
    "Actual Rows": 6107,
    "Actual Loops": 1,
    "Output": ["fm.folder_id", "fm.archive_object_id", "a.canonical_assignment_id", "fm.membership_role", "fm.member_ordinal", "d.assignment_review_decision_id", "s.assignment_snapshot_sha256", "d.decision_snapshot_sha256"],
    "Inner Unique": false,
    "Hash Cond": "(d.canonical_assignment_id = fm.canonical_assignment_id)",
    "Shared Hit Blocks": 291,
    "Shared Read Blocks": 0,
    "Shared Dirtied Blocks": 0,
    "Shared Written Blocks": 0,
    "Local Hit Blocks": 128,
    "Local Read Blocks": 0,
    "Local Dirtied Blocks": 0,
    "Local Written Blocks": 0,
    "Temp Read Blocks": 0,
    "Temp Written Blocks": 0,
    "I/O Read Time": 0.000,
    "I/O Write Time": 0.000,
    "Temp I/O Read Time": 0.000,
    "Temp I/O Write Time": 0.000,
    "WAL Records": 0,
    "WAL FPI": 0,
    "WAL Bytes": 0,
    "Plans": [
      {
        "Node Type": "Hash Join",
        "Parent Relationship": "InitPlan",
        "Subplan Name": "CTE current_assignment",
        "Parallel Aware": false,
        "Async Capable": false,
        "Join Type": "Right Anti",
        "Startup Cost": 213.07,
        "Total Cost": 237.11,
        "Plan Rows": 6107,
        "Plan Width": 40,
        "Actual Startup Time": 1.096,
        "Actual Total Time": 1.482,
        "Actual Rows": 6107,
        "Actual Loops": 1,
        "Output": ["a_1.canonical_assignment_id", "a_1.assignment_kind", "a_1.status", "a_1.supersedes_assignment_id"],
        "Inner Unique": true,
        "Hash Cond": "(newer.supersedes_assignment_id = a_1.canonical_assignment_id)",
        "Shared Hit Blocks": 46,
        "Shared Read Blocks": 0,
        "Shared Dirtied Blocks": 0,
        "Shared Written Blocks": 0,
        "Local Hit Blocks": 0,
        "Local Read Blocks": 0,
        "Local Dirtied Blocks": 0,
        "Local Written Blocks": 0,
        "Temp Read Blocks": 0,
        "Temp Written Blocks": 0,
        "I/O Read Time": 0.000,
        "I/O Write Time": 0.000,
        "Temp I/O Read Time": 0.000,
        "Temp I/O Write Time": 0.000,
        "WAL Records": 0,
        "WAL FPI": 0,
        "WAL Bytes": 0,
        "Plans": [
          {
            "Node Type": "Index Only Scan",
            "Parent Relationship": "Outer",
            "Parallel Aware": false,
            "Async Capable": false,
            "Scan Direction": "Forward",
            "Index Name": "canonical_assignment_current_leaf_v5_idx",
            "Relation Name": "canonical_assignment",
            "Schema": "provenance",
            "Alias": "newer",
            "Startup Cost": 0.12,
            "Total Cost": 8.14,
            "Plan Rows": 6107,
            "Plan Width": 16,
            "Actual Startup Time": 0.003,
            "Actual Total Time": 0.003,
            "Actual Rows": 0,
            "Actual Loops": 1,
            "Output": ["newer.supersedes_assignment_id"],
            "Heap Fetches": 0,
            "Shared Hit Blocks": 1,
            "Shared Read Blocks": 0,
            "Shared Dirtied Blocks": 0,
            "Shared Written Blocks": 0,
            "Local Hit Blocks": 0,
            "Local Read Blocks": 0,
            "Local Dirtied Blocks": 0,
            "Local Written Blocks": 0,
            "Temp Read Blocks": 0,
            "Temp Written Blocks": 0,
            "I/O Read Time": 0.000,
            "I/O Write Time": 0.000,
            "Temp I/O Read Time": 0.000,
            "Temp I/O Write Time": 0.000,
            "WAL Records": 0,
            "WAL FPI": 0,
            "WAL Bytes": 0
          },
          {
            "Node Type": "Hash",
            "Parent Relationship": "Inner",
            "Parallel Aware": false,
            "Async Capable": false,
            "Startup Cost": 136.60,
            "Total Cost": 136.60,
            "Plan Rows": 6107,
            "Plan Width": 40,
            "Actual Startup Time": 1.089,
            "Actual Total Time": 1.089,
            "Actual Rows": 6107,
            "Actual Loops": 1,
            "Output": ["a_1.canonical_assignment_id", "a_1.assignment_kind", "a_1.status", "a_1.supersedes_assignment_id"],
            "Hash Buckets": 8192,
            "Original Hash Buckets": 8192,
            "Hash Batches": 1,
            "Original Hash Batches": 1,
            "Peak Memory Usage": 398,
            "Shared Hit Blocks": 45,
            "Shared Read Blocks": 0,
            "Shared Dirtied Blocks": 0,
            "Shared Written Blocks": 0,
            "Local Hit Blocks": 0,
            "Local Read Blocks": 0,
            "Local Dirtied Blocks": 0,
            "Local Written Blocks": 0,
            "Temp Read Blocks": 0,
            "Temp Written Blocks": 0,
            "I/O Read Time": 0.000,
            "I/O Write Time": 0.000,
            "Temp I/O Read Time": 0.000,
            "Temp I/O Write Time": 0.000,
            "WAL Records": 0,
            "WAL FPI": 0,
            "WAL Bytes": 0,
            "Plans": [
              {
                "Node Type": "Seq Scan",
                "Parent Relationship": "Outer",
                "Parallel Aware": false,
                "Async Capable": false,
                "Relation Name": "canonical_assignment",
                "Schema": "provenance",
                "Alias": "a_1",
                "Startup Cost": 0.00,
                "Total Cost": 136.60,
                "Plan Rows": 6107,
                "Plan Width": 40,
                "Actual Startup Time": 0.007,
                "Actual Total Time": 0.564,
                "Actual Rows": 6107,
                "Actual Loops": 1,
                "Output": ["a_1.canonical_assignment_id", "a_1.assignment_kind", "a_1.status", "a_1.supersedes_assignment_id"],
                "Filter": "((a_1.assignment_kind = 'folder_membership'::provenance.assignment_kind) AND (a_1.status = 'accepted'::provenance.assertion_status))",
                "Rows Removed by Filter": 0,
                "Shared Hit Blocks": 45,
                "Shared Read Blocks": 0,
                "Shared Dirtied Blocks": 0,
                "Shared Written Blocks": 0,
                "Local Hit Blocks": 0,
                "Local Read Blocks": 0,
                "Local Dirtied Blocks": 0,
                "Local Written Blocks": 0,
                "Temp Read Blocks": 0,
                "Temp Written Blocks": 0,
                "I/O Read Time": 0.000,
                "I/O Write Time": 0.000,
                "Temp I/O Read Time": 0.000,
                "Temp I/O Write Time": 0.000,
                "WAL Records": 0,
                "WAL FPI": 0,
                "WAL Bytes": 0
              }
            ]
          }
        ]
      },
      {
        "Node Type": "Aggregate",
        "Strategy": "Sorted",
        "Partial Mode": "Simple",
        "Parent Relationship": "InitPlan",
        "Subplan Name": "CTE assignment_snapshots",
        "Parallel Aware": false,
        "Async Capable": false,
        "Startup Cost": 729.61,
        "Total Cost": 856.34,
        "Plan Rows": 611,
        "Plan Width": 72,
        "Actual Startup Time": 5.506,
        "Actual Total Time": 76.647,
        "Actual Rows": 6107,
        "Actual Loops": 1,
        "Output": ["a_2.canonical_assignment_id", "(encode(sha256(convert_to((jsonb_build_object('assignment', jsonb_build_array(a_2.canonical_assignment_id, a_2.assignment_kind, a_2.status, a_2.supersedes_assignment_id), 'memberships', jsonb_agg(jsonb_build_array(fm_1.folder_id, fm_1.archive_object_id, fm_1.membership_role, fm_1.member_ordinal) ORDER BY fm_1.folder_id, fm_1.membership_role, fm_1.member_ordinal, fm_1.archive_object_id)))::text, 'UTF8'::name)), 'hex'::text))::core.sha256_hex", "a_2.assignment_kind", "a_2.status", "a_2.supersedes_assignment_id"],
        "Group Key": ["a_2.canonical_assignment_id", "a_2.assignment_kind", "a_2.status", "a_2.supersedes_assignment_id"],
        "Shared Hit Blocks": 80,
        "Shared Read Blocks": 0,
        "Shared Dirtied Blocks": 0,
        "Shared Written Blocks": 0,
        "Local Hit Blocks": 0,
        "Local Read Blocks": 0,
        "Local Dirtied Blocks": 0,
        "Local Written Blocks": 0,
        "Temp Read Blocks": 0,
        "Temp Written Blocks": 0,
        "I/O Read Time": 0.000,
        "I/O Write Time": 0.000,
        "Temp I/O Read Time": 0.000,
        "Temp I/O Write Time": 0.000,
        "WAL Records": 0,
        "WAL FPI": 0,
        "WAL Bytes": 0,
        "Plans": [
          {
            "Node Type": "Sort",
            "Parent Relationship": "Outer",
            "Parallel Aware": false,
            "Async Capable": false,
            "Startup Cost": 729.61,
            "Total Cost": 744.87,
            "Plan Rows": 6107,
            "Plan Width": 84,
            "Actual Startup Time": 5.423,
            "Actual Total Time": 5.725,
            "Actual Rows": 6107,
            "Actual Loops": 1,
            "Output": ["a_2.canonical_assignment_id", "a_2.assignment_kind", "a_2.status", "a_2.supersedes_assignment_id", "fm_1.folder_id", "fm_1.archive_object_id", "fm_1.membership_role", "fm_1.member_ordinal"],
            "Sort Key": ["a_2.canonical_assignment_id", "a_2.assignment_kind", "a_2.status", "a_2.supersedes_assignment_id", "fm_1.folder_id", "fm_1.membership_role", "fm_1.member_ordinal", "fm_1.archive_object_id"],
            "Sort Method": "quicksort",
            "Sort Space Used": 765,
            "Sort Space Type": "Memory",
            "Shared Hit Blocks": 78,
            "Shared Read Blocks": 0,
            "Shared Dirtied Blocks": 0,
            "Shared Written Blocks": 0,
            "Local Hit Blocks": 0,
            "Local Read Blocks": 0,
            "Local Dirtied Blocks": 0,
            "Local Written Blocks": 0,
            "Temp Read Blocks": 0,
            "Temp Written Blocks": 0,
            "I/O Read Time": 0.000,
            "I/O Write Time": 0.000,
            "Temp I/O Read Time": 0.000,
            "Temp I/O Write Time": 0.000,
            "WAL Records": 0,
            "WAL FPI": 0,
            "WAL Bytes": 0,
            "Plans": [
              {
                "Node Type": "Hash Join",
                "Parent Relationship": "Outer",
                "Parallel Aware": false,
                "Async Capable": false,
                "Join Type": "Inner",
                "Startup Cost": 207.41,
                "Total Cost": 345.59,
                "Plan Rows": 6107,
                "Plan Width": 84,
                "Actual Startup Time": 1.153,
                "Actual Total Time": 3.404,
                "Actual Rows": 6107,
                "Actual Loops": 1,
                "Output": ["a_2.canonical_assignment_id", "a_2.assignment_kind", "a_2.status", "a_2.supersedes_assignment_id", "fm_1.folder_id", "fm_1.archive_object_id", "fm_1.membership_role", "fm_1.member_ordinal"],
                "Inner Unique": true,
                "Hash Cond": "(a_2.canonical_assignment_id = fm_1.canonical_assignment_id)",
                "Shared Hit Blocks": 70,
                "Shared Read Blocks": 0,
                "Shared Dirtied Blocks": 0,
                "Shared Written Blocks": 0,
                "Local Hit Blocks": 0,
                "Local Read Blocks": 0,
                "Local Dirtied Blocks": 0,
                "Local Written Blocks": 0,
                "Temp Read Blocks": 0,
                "Temp Written Blocks": 0,
                "I/O Read Time": 0.000,
                "I/O Write Time": 0.000,
                "Temp I/O Read Time": 0.000,
                "Temp I/O Write Time": 0.000,
                "WAL Records": 0,
                "WAL FPI": 0,
                "WAL Bytes": 0,
                "Plans": [
                  {
                    "Node Type": "CTE Scan",
                    "Parent Relationship": "Outer",
                    "Parallel Aware": false,
                    "Async Capable": false,
                    "CTE Name": "current_assignment",
                    "Alias": "a_2",
                    "Startup Cost": 0.00,
                    "Total Cost": 122.14,
                    "Plan Rows": 6107,
                    "Plan Width": 40,
                    "Actual Startup Time": 0.000,
                    "Actual Total Time": 1.247,
                    "Actual Rows": 6107,
                    "Actual Loops": 1,
                    "Output": ["a_2.canonical_assignment_id", "a_2.assignment_kind", "a_2.status", "a_2.supersedes_assignment_id"],
                    "Shared Hit Blocks": 0,
                    "Shared Read Blocks": 0,
                    "Shared Dirtied Blocks": 0,
                    "Shared Written Blocks": 0,
                    "Local Hit Blocks": 0,
                    "Local Read Blocks": 0,
                    "Local Dirtied Blocks": 0,
                    "Local Written Blocks": 0,
                    "Temp Read Blocks": 0,
                    "Temp Written Blocks": 0,
                    "I/O Read Time": 0.000,
                    "I/O Write Time": 0.000,
                    "Temp I/O Read Time": 0.000,
                    "Temp I/O Write Time": 0.000,
                    "WAL Records": 0,
                    "WAL FPI": 0,
                    "WAL Bytes": 0
                  },
                  {
                    "Node Type": "Hash",
                    "Parent Relationship": "Inner",
                    "Parallel Aware": false,
                    "Async Capable": false,
                    "Startup Cost": 131.07,
                    "Total Cost": 131.07,
                    "Plan Rows": 6107,
                    "Plan Width": 60,
                    "Actual Startup Time": 1.146,
                    "Actual Total Time": 1.146,
                    "Actual Rows": 6107,
                    "Actual Loops": 1,
                    "Output": ["fm_1.folder_id", "fm_1.archive_object_id", "fm_1.membership_role", "fm_1.member_ordinal", "fm_1.canonical_assignment_id"],
                    "Hash Buckets": 8192,
                    "Original Hash Buckets": 8192,
                    "Hash Batches": 1,
                    "Original Hash Batches": 1,
                    "Peak Memory Usage": 613,
                    "Shared Hit Blocks": 70,
                    "Shared Read Blocks": 0,
                    "Shared Dirtied Blocks": 0,
                    "Shared Written Blocks": 0,
                    "Local Hit Blocks": 0,
                    "Local Read Blocks": 0,
                    "Local Dirtied Blocks": 0,
                    "Local Written Blocks": 0,
                    "Temp Read Blocks": 0,
                    "Temp Written Blocks": 0,
                    "I/O Read Time": 0.000,
                    "I/O Write Time": 0.000,
                    "Temp I/O Read Time": 0.000,
                    "Temp I/O Write Time": 0.000,
                    "WAL Records": 0,
                    "WAL FPI": 0,
                    "WAL Bytes": 0,
                    "Plans": [
                      {
                        "Node Type": "Seq Scan",
                        "Parent Relationship": "Outer",
                        "Parallel Aware": false,
                        "Async Capable": false,
                        "Relation Name": "assignment_folder_membership",
                        "Schema": "provenance",
                        "Alias": "fm_1",
                        "Startup Cost": 0.00,
                        "Total Cost": 131.07,
                        "Plan Rows": 6107,
                        "Plan Width": 60,
                        "Actual Startup Time": 0.008,
                        "Actual Total Time": 0.565,
                        "Actual Rows": 6107,
                        "Actual Loops": 1,
                        "Output": ["fm_1.folder_id", "fm_1.archive_object_id", "fm_1.membership_role", "fm_1.member_ordinal", "fm_1.canonical_assignment_id"],
                        "Shared Hit Blocks": 70,
                        "Shared Read Blocks": 0,
                        "Shared Dirtied Blocks": 0,
                        "Shared Written Blocks": 0,
                        "Local Hit Blocks": 0,
                        "Local Read Blocks": 0,
                        "Local Dirtied Blocks": 0,
                        "Local Written Blocks": 0,
                        "Temp Read Blocks": 0,
                        "Temp Written Blocks": 0,
                        "I/O Read Time": 0.000,
                        "I/O Write Time": 0.000,
                        "Temp I/O Read Time": 0.000,
                        "Temp I/O Write Time": 0.000,
                        "WAL Records": 0,
                        "WAL FPI": 0,
                        "WAL Bytes": 0
                      }
                    ]
                  }
                ]
              }
            ]
          }
        ]
      },
      {
        "Node Type": "Seq Scan",
        "Parent Relationship": "Outer",
        "Parallel Aware": false,
        "Async Capable": false,
        "Relation Name": "gda_v5_effective_decisions",
        "Schema": "pg_temp",
        "Alias": "d",
        "Startup Cost": 0.00,
        "Total Cost": 240.64,
        "Plan Rows": 11264,
        "Plan Width": 64,
        "Actual Startup Time": 0.006,
        "Actual Total Time": 0.262,
        "Actual Rows": 6107,
        "Actual Loops": 1,
        "Output": ["d.assignment_review_decision_id", "d.canonical_assignment_id", "d.decision_snapshot_sha256"],
        "Shared Hit Blocks": 0,
        "Shared Read Blocks": 0,
        "Shared Dirtied Blocks": 0,
        "Shared Written Blocks": 0,
        "Local Hit Blocks": 128,
        "Local Read Blocks": 0,
        "Local Dirtied Blocks": 0,
        "Local Written Blocks": 0,
        "Temp Read Blocks": 0,
        "Temp Written Blocks": 0,
        "I/O Read Time": 0.000,
        "I/O Write Time": 0.000,
        "Temp I/O Read Time": 0.000,
        "Temp I/O Write Time": 0.000,
        "WAL Records": 0,
        "WAL FPI": 0,
        "WAL Bytes": 0
      },
      {
        "Node Type": "Hash",
        "Parent Relationship": "Inner",
        "Parallel Aware": false,
        "Async Capable": false,
        "Startup Cost": 577.52,
        "Total Cost": 577.52,
        "Plan Rows": 611,
        "Plan Width": 124,
        "Actual Startup Time": 88.427,
        "Actual Total Time": 88.428,
        "Actual Rows": 6107,
        "Actual Loops": 1,
        "Output": ["a.canonical_assignment_id", "fm.folder_id", "fm.archive_object_id", "fm.membership_role", "fm.member_ordinal", "fm.canonical_assignment_id", "s.assignment_snapshot_sha256", "s.canonical_assignment_id"],
        "Hash Buckets": 8192,
        "Original Hash Buckets": 1024,
        "Hash Batches": 1,
        "Original Hash Batches": 1,
        "Peak Memory Usage": 1192,
        "Shared Hit Blocks": 291,
        "Shared Read Blocks": 0,
        "Shared Dirtied Blocks": 0,
        "Shared Written Blocks": 0,
        "Local Hit Blocks": 0,
        "Local Read Blocks": 0,
        "Local Dirtied Blocks": 0,
        "Local Written Blocks": 0,
        "Temp Read Blocks": 0,
        "Temp Written Blocks": 0,
        "I/O Read Time": 0.000,
        "I/O Write Time": 0.000,
        "Temp I/O Read Time": 0.000,
        "Temp I/O Write Time": 0.000,
        "WAL Records": 0,
        "WAL FPI": 0,
        "WAL Bytes": 0,
        "Plans": [
          {
            "Node Type": "Hash Join",
            "Parent Relationship": "Outer",
            "Parallel Aware": false,
            "Async Capable": false,
            "Join Type": "Inner",
            "Startup Cost": 426.36,
            "Total Cost": 577.52,
            "Plan Rows": 611,
            "Plan Width": 124,
            "Actual Startup Time": 86.453,
            "Actual Total Time": 87.613,
            "Actual Rows": 6107,
            "Actual Loops": 1,
            "Output": ["a.canonical_assignment_id", "fm.folder_id", "fm.archive_object_id", "fm.membership_role", "fm.member_ordinal", "fm.canonical_assignment_id", "s.assignment_snapshot_sha256", "s.canonical_assignment_id"],
            "Inner Unique": false,
            "Hash Cond": "(a.canonical_assignment_id = fm.canonical_assignment_id)",
            "Shared Hit Blocks": 291,
            "Shared Read Blocks": 0,
            "Shared Dirtied Blocks": 0,
            "Shared Written Blocks": 0,
            "Local Hit Blocks": 0,
            "Local Read Blocks": 0,
            "Local Dirtied Blocks": 0,
            "Local Written Blocks": 0,
            "Temp Read Blocks": 0,
            "Temp Written Blocks": 0,
            "I/O Read Time": 0.000,
            "I/O Write Time": 0.000,
            "Temp I/O Read Time": 0.000,
            "Temp I/O Write Time": 0.000,
            "WAL Records": 0,
            "WAL FPI": 0,
            "WAL Bytes": 0,
            "Plans": [
              {
                "Node Type": "CTE Scan",
                "Parent Relationship": "Outer",
                "Parallel Aware": false,
                "Async Capable": false,
                "CTE Name": "current_assignment",
                "Alias": "a",
                "Startup Cost": 0.00,
                "Total Cost": 122.14,
                "Plan Rows": 6107,
                "Plan Width": 16,
                "Actual Startup Time": 1.097,
                "Actual Total Time": 1.307,
                "Actual Rows": 6107,
                "Actual Loops": 1,
                "Output": ["a.canonical_assignment_id", "a.assignment_kind", "a.status", "a.supersedes_assignment_id"],
                "Shared Hit Blocks": 46,
                "Shared Read Blocks": 0,
                "Shared Dirtied Blocks": 0,
                "Shared Written Blocks": 0,
                "Local Hit Blocks": 0,
                "Local Read Blocks": 0,
                "Local Dirtied Blocks": 0,
                "Local Written Blocks": 0,
                "Temp Read Blocks": 0,
                "Temp Written Blocks": 0,
                "I/O Read Time": 0.000,
                "I/O Write Time": 0.000,
                "Temp I/O Read Time": 0.000,
                "Temp I/O Write Time": 0.000,
                "WAL Records": 0,
                "WAL FPI": 0,
                "WAL Bytes": 0
              },
              {
                "Node Type": "Hash",
                "Parent Relationship": "Inner",
                "Parallel Aware": false,
                "Async Capable": false,
                "Startup Cost": 418.73,
                "Total Cost": 418.73,
                "Plan Rows": 611,
                "Plan Width": 108,
                "Actual Startup Time": 85.347,
                "Actual Total Time": 85.348,
                "Actual Rows": 6107,
                "Actual Loops": 1,
                "Output": ["fm.folder_id", "fm.archive_object_id", "fm.membership_role", "fm.member_ordinal", "fm.canonical_assignment_id", "s.assignment_snapshot_sha256", "s.canonical_assignment_id"],
                "Hash Buckets": 8192,
                "Original Hash Buckets": 1024,
                "Hash Batches": 1,
                "Original Hash Batches": 1,
                "Peak Memory Usage": 1096,
                "Shared Hit Blocks": 245,
                "Shared Read Blocks": 0,
                "Shared Dirtied Blocks": 0,
                "Shared Written Blocks": 0,
                "Local Hit Blocks": 0,
                "Local Read Blocks": 0,
                "Local Dirtied Blocks": 0,
                "Local Written Blocks": 0,
                "Temp Read Blocks": 0,
                "Temp Written Blocks": 0,
                "I/O Read Time": 0.000,
                "I/O Write Time": 0.000,
                "Temp I/O Read Time": 0.000,
                "Temp I/O Write Time": 0.000,
                "WAL Records": 0,
                "WAL FPI": 0,
                "WAL Bytes": 0,
                "Plans": [
                  {
                    "Node Type": "Hash Join",
                    "Parent Relationship": "Outer",
                    "Parallel Aware": false,
                    "Async Capable": false,
                    "Join Type": "Inner",
                    "Startup Cost": 311.12,
                    "Total Cost": 418.73,
                    "Plan Rows": 611,
                    "Plan Width": 108,
                    "Actual Startup Time": 83.428,
                    "Actual Total Time": 84.482,
                    "Actual Rows": 6107,
                    "Actual Loops": 1,
                    "Output": ["fm.folder_id", "fm.archive_object_id", "fm.membership_role", "fm.member_ordinal", "fm.canonical_assignment_id", "s.assignment_snapshot_sha256", "s.canonical_assignment_id"],
                    "Inner Unique": false,
                    "Hash Cond": "(l.archive_object_id = fm.archive_object_id)",
                    "Shared Hit Blocks": 245,
                    "Shared Read Blocks": 0,
                    "Shared Dirtied Blocks": 0,
                    "Shared Written Blocks": 0,
                    "Local Hit Blocks": 0,
                    "Local Read Blocks": 0,
                    "Local Dirtied Blocks": 0,
                    "Local Written Blocks": 0,
                    "Temp Read Blocks": 0,
                    "Temp Written Blocks": 0,
                    "I/O Read Time": 0.000,
                    "I/O Write Time": 0.000,
                    "Temp I/O Read Time": 0.000,
                    "Temp I/O Write Time": 0.000,
                    "WAL Records": 0,
                    "WAL FPI": 0,
                    "WAL Bytes": 0,
                    "Plans": [
                      {
                        "Node Type": "Seq Scan",
                        "Parent Relationship": "Outer",
                        "Parallel Aware": false,
                        "Async Capable": false,
                        "Relation Name": "legacy_surface_ledger",
                        "Schema": "raw",
                        "Alias": "l",
                        "Startup Cost": 0.00,
                        "Total Cost": 94.00,
                        "Plan Rows": 2000,
                        "Plan Width": 16,
                        "Actual Startup Time": 0.015,
                        "Actual Total Time": 0.386,
                        "Actual Rows": 2000,
                        "Actual Loops": 1,
                        "Output": ["l.legacy_surface_ledger_id", "l.migration_batch_id", "l.source_record_id", "l.canonical_input_asset_id", "l.input_ordinal", "l.surface_id", "l.legacy_source_record_id", "l.source_fingerprint", "l.import_disposition", "l.archive_object_id", "l.reason_code"],
                        "Filter": "((l.migration_batch_id = 'a0000000-0000-4000-8000-000000000003'::uuid) AND (l.import_disposition = 'accounted'::raw.import_disposition))",
                        "Rows Removed by Filter": 0,
                        "Shared Hit Blocks": 64,
                        "Shared Read Blocks": 0,
                        "Shared Dirtied Blocks": 0,
                        "Shared Written Blocks": 0,
                        "Local Hit Blocks": 0,
                        "Local Read Blocks": 0,
                        "Local Dirtied Blocks": 0,
                        "Local Written Blocks": 0,
                        "Temp Read Blocks": 0,
                        "Temp Written Blocks": 0,
                        "I/O Read Time": 0.000,
                        "I/O Write Time": 0.000,
                        "Temp I/O Read Time": 0.000,
                        "Temp I/O Write Time": 0.000,
                        "WAL Records": 0,
                        "WAL FPI": 0,
                        "WAL Bytes": 0
                      },
                      {
                        "Node Type": "Hash",
                        "Parent Relationship": "Inner",
                        "Parallel Aware": false,
                        "Async Capable": false,
                        "Startup Cost": 303.48,
                        "Total Cost": 303.48,
                        "Plan Rows": 611,
                        "Plan Width": 124,
                        "Actual Startup Time": 83.402,
                        "Actual Total Time": 83.404,
                        "Actual Rows": 6107,
                        "Actual Loops": 1,
                        "Output": ["fm.folder_id", "fm.archive_object_id", "fm.membership_role", "fm.member_ordinal", "fm.canonical_assignment_id", "s.assignment_snapshot_sha256", "s.canonical_assignment_id", "cm.archive_object_id"],
                        "Hash Buckets": 8192,
                        "Original Hash Buckets": 1024,
                        "Hash Batches": 1,
                        "Original Hash Batches": 1,
                        "Peak Memory Usage": 1192,
                        "Shared Hit Blocks": 181,
                        "Shared Read Blocks": 0,
                        "Shared Dirtied Blocks": 0,
                        "Shared Written Blocks": 0,
                        "Local Hit Blocks": 0,
                        "Local Read Blocks": 0,
                        "Local Dirtied Blocks": 0,
                        "Local Written Blocks": 0,
                        "Temp Read Blocks": 0,
                        "Temp Written Blocks": 0,
                        "I/O Read Time": 0.000,
                        "I/O Write Time": 0.000,
                        "Temp I/O Read Time": 0.000,
                        "Temp I/O Write Time": 0.000,
                        "WAL Records": 0,
                        "WAL FPI": 0,
                        "WAL Bytes": 0,
                        "Plans": [
                          {
                            "Node Type": "Hash Join",
                            "Parent Relationship": "Outer",
                            "Parallel Aware": false,
                            "Async Capable": false,
                            "Join Type": "Inner",
                            "Startup Cost": 228.87,
                            "Total Cost": 303.48,
                            "Plan Rows": 611,
                            "Plan Width": 124,
                            "Actual Startup Time": 81.620,
                            "Actual Total Time": 82.553,
                            "Actual Rows": 6107,
                            "Actual Loops": 1,
                            "Output": ["fm.folder_id", "fm.archive_object_id", "fm.membership_role", "fm.member_ordinal", "fm.canonical_assignment_id", "s.assignment_snapshot_sha256", "s.canonical_assignment_id", "cm.archive_object_id"],
                            "Inner Unique": false,
                            "Hash Cond": "(cm.archive_object_id = fm.archive_object_id)",
                            "Shared Hit Blocks": 181,
                            "Shared Read Blocks": 0,
                            "Shared Dirtied Blocks": 0,
                            "Shared Written Blocks": 0,
                            "Local Hit Blocks": 0,
                            "Local Read Blocks": 0,
                            "Local Dirtied Blocks": 0,
                            "Local Written Blocks": 0,
                            "Temp Read Blocks": 0,
                            "Temp Written Blocks": 0,
                            "I/O Read Time": 0.000,
                            "I/O Write Time": 0.000,
                            "Temp I/O Read Time": 0.000,
                            "Temp I/O Write Time": 0.000,
                            "WAL Records": 0,
                            "WAL FPI": 0,
                            "WAL Bytes": 0,
                            "Plans": [
                              {
                                "Node Type": "Seq Scan",
                                "Parent Relationship": "Outer",
                                "Parallel Aware": false,
                                "Async Capable": false,
                                "Relation Name": "corpus_membership",
                                "Schema": "research",
                                "Alias": "cm",
                                "Startup Cost": 0.00,
                                "Total Cost": 61.00,
                                "Plan Rows": 2000,
                                "Plan Width": 16,
                                "Actual Startup Time": 0.004,
                                "Actual Total Time": 0.235,
                                "Actual Rows": 2000,
                                "Actual Loops": 1,
                                "Output": ["cm.corpus_version_id", "cm.archive_object_id", "cm.disposition", "cm.reason_code", "cm.evidence_item_id", "cm.decided_by", "cm.decided_at"],
                                "Filter": "((cm.corpus_version_id = 'a4000000-0000-4000-8000-000000000002'::uuid) AND (cm.disposition = 'eligible'::research.membership_disposition))",
                                "Rows Removed by Filter": 0,
                                "Shared Hit Blocks": 31,
                                "Shared Read Blocks": 0,
                                "Shared Dirtied Blocks": 0,
                                "Shared Written Blocks": 0,
                                "Local Hit Blocks": 0,
                                "Local Read Blocks": 0,
                                "Local Dirtied Blocks": 0,
                                "Local Written Blocks": 0,
                                "Temp Read Blocks": 0,
                                "Temp Written Blocks": 0,
                                "I/O Read Time": 0.000,
                                "I/O Write Time": 0.000,
                                "Temp I/O Read Time": 0.000,
                                "Temp I/O Write Time": 0.000,
                                "WAL Records": 0,
                                "WAL FPI": 0,
                                "WAL Bytes": 0
                              },
                              {
                                "Node Type": "Hash",
                                "Parent Relationship": "Inner",
                                "Parallel Aware": false,
                                "Async Capable": false,
                                "Startup Cost": 221.23,
                                "Total Cost": 221.23,
                                "Plan Rows": 611,
                                "Plan Width": 108,
                                "Actual Startup Time": 81.608,
                                "Actual Total Time": 81.609,
                                "Actual Rows": 6107,
                                "Actual Loops": 1,
                                "Output": ["fm.folder_id", "fm.archive_object_id", "fm.membership_role", "fm.member_ordinal", "fm.canonical_assignment_id", "s.assignment_snapshot_sha256", "s.canonical_assignment_id"],
                                "Hash Buckets": 8192,
                                "Original Hash Buckets": 1024,
                                "Hash Batches": 1,
                                "Original Hash Batches": 1,
                                "Peak Memory Usage": 1096,
                                "Shared Hit Blocks": 150,
                                "Shared Read Blocks": 0,
                                "Shared Dirtied Blocks": 0,
                                "Shared Written Blocks": 0,
                                "Local Hit Blocks": 0,
                                "Local Read Blocks": 0,
                                "Local Dirtied Blocks": 0,
                                "Local Written Blocks": 0,
                                "Temp Read Blocks": 0,
                                "Temp Written Blocks": 0,
                                "I/O Read Time": 0.000,
                                "I/O Write Time": 0.000,
                                "Temp I/O Read Time": 0.000,
                                "Temp I/O Write Time": 0.000,
                                "WAL Records": 0,
                                "WAL FPI": 0,
                                "WAL Bytes": 0,
                                "Plans": [
                                  {
                                    "Node Type": "Hash Join",
                                    "Parent Relationship": "Outer",
                                    "Parallel Aware": false,
                                    "Async Capable": false,
                                    "Join Type": "Inner",
                                    "Startup Cost": 207.41,
                                    "Total Cost": 221.23,
                                    "Plan Rows": 611,
                                    "Plan Width": 108,
                                    "Actual Startup Time": 6.588,
                                    "Actual Total Time": 80.448,
                                    "Actual Rows": 6107,
                                    "Actual Loops": 1,
                                    "Output": ["fm.folder_id", "fm.archive_object_id", "fm.membership_role", "fm.member_ordinal", "fm.canonical_assignment_id", "s.assignment_snapshot_sha256", "s.canonical_assignment_id"],
                                    "Inner Unique": true,
                                    "Hash Cond": "(s.canonical_assignment_id = fm.canonical_assignment_id)",
                                    "Shared Hit Blocks": 150,
                                    "Shared Read Blocks": 0,
                                    "Shared Dirtied Blocks": 0,
                                    "Shared Written Blocks": 0,
                                    "Local Hit Blocks": 0,
                                    "Local Read Blocks": 0,
                                    "Local Dirtied Blocks": 0,
                                    "Local Written Blocks": 0,
                                    "Temp Read Blocks": 0,
                                    "Temp Written Blocks": 0,
                                    "I/O Read Time": 0.000,
                                    "I/O Write Time": 0.000,
                                    "Temp I/O Read Time": 0.000,
                                    "Temp I/O Write Time": 0.000,
                                    "WAL Records": 0,
                                    "WAL FPI": 0,
                                    "WAL Bytes": 0,
                                    "Plans": [
                                      {
                                        "Node Type": "CTE Scan",
                                        "Parent Relationship": "Outer",
                                        "Parallel Aware": false,
                                        "Async Capable": false,
                                        "CTE Name": "assignment_snapshots",
                                        "Alias": "s",
                                        "Startup Cost": 0.00,
                                        "Total Cost": 12.22,
                                        "Plan Rows": 611,
                                        "Plan Width": 48,
                                        "Actual Startup Time": 5.507,
                                        "Actual Total Time": 77.997,
                                        "Actual Rows": 6107,
                                        "Actual Loops": 1,
                                        "Output": ["s.canonical_assignment_id", "s.assignment_snapshot_sha256"],
                                        "Shared Hit Blocks": 80,
                                        "Shared Read Blocks": 0,
                                        "Shared Dirtied Blocks": 0,
                                        "Shared Written Blocks": 0,
                                        "Local Hit Blocks": 0,
                                        "Local Read Blocks": 0,
                                        "Local Dirtied Blocks": 0,
                                        "Local Written Blocks": 0,
                                        "Temp Read Blocks": 0,
                                        "Temp Written Blocks": 0,
                                        "I/O Read Time": 0.000,
                                        "I/O Write Time": 0.000,
                                        "Temp I/O Read Time": 0.000,
                                        "Temp I/O Write Time": 0.000,
                                        "WAL Records": 0,
                                        "WAL FPI": 0,
                                        "WAL Bytes": 0
                                      },
                                      {
                                        "Node Type": "Hash",
                                        "Parent Relationship": "Inner",
                                        "Parallel Aware": false,
                                        "Async Capable": false,
                                        "Startup Cost": 131.07,
                                        "Total Cost": 131.07,
                                        "Plan Rows": 6107,
                                        "Plan Width": 60,
                                        "Actual Startup Time": 1.072,
                                        "Actual Total Time": 1.072,
                                        "Actual Rows": 6107,
                                        "Actual Loops": 1,
                                        "Output": ["fm.folder_id", "fm.archive_object_id", "fm.membership_role", "fm.member_ordinal", "fm.canonical_assignment_id"],
                                        "Hash Buckets": 8192,
                                        "Original Hash Buckets": 8192,
                                        "Hash Batches": 1,
                                        "Original Hash Batches": 1,
                                        "Peak Memory Usage": 613,
                                        "Shared Hit Blocks": 70,
                                        "Shared Read Blocks": 0,
                                        "Shared Dirtied Blocks": 0,
                                        "Shared Written Blocks": 0,
                                        "Local Hit Blocks": 0,
                                        "Local Read Blocks": 0,
                                        "Local Dirtied Blocks": 0,
                                        "Local Written Blocks": 0,
                                        "Temp Read Blocks": 0,
                                        "Temp Written Blocks": 0,
                                        "I/O Read Time": 0.000,
                                        "I/O Write Time": 0.000,
                                        "Temp I/O Read Time": 0.000,
                                        "Temp I/O Write Time": 0.000,
                                        "WAL Records": 0,
                                        "WAL FPI": 0,
                                        "WAL Bytes": 0,
                                        "Plans": [
                                          {
                                            "Node Type": "Seq Scan",
                                            "Parent Relationship": "Outer",
                                            "Parallel Aware": false,
                                            "Async Capable": false,
                                            "Relation Name": "assignment_folder_membership",
                                            "Schema": "provenance",
                                            "Alias": "fm",
                                            "Startup Cost": 0.00,
                                            "Total Cost": 131.07,
                                            "Plan Rows": 6107,
                                            "Plan Width": 60,
                                            "Actual Startup Time": 0.009,
                                            "Actual Total Time": 0.469,
                                            "Actual Rows": 6107,
                                            "Actual Loops": 1,
                                            "Output": ["fm.folder_id", "fm.archive_object_id", "fm.membership_role", "fm.member_ordinal", "fm.canonical_assignment_id"],
                                            "Shared Hit Blocks": 70,
                                            "Shared Read Blocks": 0,
                                            "Shared Dirtied Blocks": 0,
                                            "Shared Written Blocks": 0,
                                            "Local Hit Blocks": 0,
                                            "Local Read Blocks": 0,
                                            "Local Dirtied Blocks": 0,
                                            "Local Written Blocks": 0,
                                            "Temp Read Blocks": 0,
                                            "Temp Written Blocks": 0,
                                            "I/O Read Time": 0.000,
                                            "I/O Write Time": 0.000,
                                            "Temp I/O Read Time": 0.000,
                                            "Temp I/O Write Time": 0.000,
                                            "WAL Records": 0,
                                            "WAL FPI": 0,
                                            "WAL Bytes": 0
                                          }
                                        ]
                                      }
                                    ]
                                  }
                                ]
                              }
                            ]
                          }
                        ]
                      }
                    ]
                  }
                ]
              }
            ]
          }
        ]
      }
    ]
  }
}
psql:/private/tmp/graphic_design_archive_v49_release_snapshot_db_closure/database/tests/009_release_projection_snapshot_performance_scale.sql:34: LOG:  duration: 2.718 ms  plan:
{
  "Query Text": "EXISTS (SELECT 1 FROM gda_v5_expected_memberships e LEFT JOIN research.folder_publication_metadata m ON m.folder_id=e.folder_id WHERE m.folder_id IS NULL)",
  "Plan": {
    "Node Type": "Result",
    "Parallel Aware": false,
    "Async Capable": false,
    "Startup Cost": 0.58,
    "Total Cost": 0.59,
    "Plan Rows": 1,
    "Plan Width": 1,
    "Actual Startup Time": 2.716,
    "Actual Total Time": 2.716,
    "Actual Rows": 1,
    "Actual Loops": 1,
    "Output": ["$1"],
    "Shared Hit Blocks": 12214,
    "Shared Read Blocks": 0,
    "Shared Dirtied Blocks": 0,
    "Shared Written Blocks": 0,
    "Local Hit Blocks": 192,
    "Local Read Blocks": 0,
    "Local Dirtied Blocks": 0,
    "Local Written Blocks": 0,
    "Temp Read Blocks": 0,
    "Temp Written Blocks": 0,
    "I/O Read Time": 0.000,
    "I/O Write Time": 0.000,
    "Temp I/O Read Time": 0.000,
    "Temp I/O Write Time": 0.000,
    "WAL Records": 0,
    "WAL FPI": 0,
    "WAL Bytes": 0,
    "Plans": [
      {
        "Node Type": "Nested Loop",
        "Parent Relationship": "InitPlan",
        "Subplan Name": "InitPlan 1 (returns $1)",
        "Parallel Aware": false,
        "Async Capable": false,
        "Join Type": "Anti",
        "Startup Cost": 0.15,
        "Total Cost": 1318.54,
        "Plan Rows": 3054,
        "Plan Width": 0,
        "Actual Startup Time": 2.714,
        "Actual Total Time": 2.714,
        "Actual Rows": 0,
        "Actual Loops": 1,
        "Inner Unique": false,
        "Shared Hit Blocks": 12214,
        "Shared Read Blocks": 0,
        "Shared Dirtied Blocks": 0,
        "Shared Written Blocks": 0,
        "Local Hit Blocks": 192,
        "Local Read Blocks": 0,
        "Local Dirtied Blocks": 0,
        "Local Written Blocks": 0,
        "Temp Read Blocks": 0,
        "Temp Written Blocks": 0,
        "I/O Read Time": 0.000,
        "I/O Write Time": 0.000,
        "Temp I/O Read Time": 0.000,
        "Temp I/O Write Time": 0.000,
        "WAL Records": 0,
        "WAL FPI": 0,
        "WAL Bytes": 0,
        "Plans": [
          {
            "Node Type": "Seq Scan",
            "Parent Relationship": "Outer",
            "Parallel Aware": false,
            "Async Capable": false,
            "Relation Name": "gda_v5_expected_memberships",
            "Schema": "pg_temp",
            "Alias": "e",
            "Startup Cost": 0.00,
            "Total Cost": 253.07,
            "Plan Rows": 6107,
            "Plan Width": 16,
            "Actual Startup Time": 0.004,
            "Actual Total Time": 0.297,
            "Actual Rows": 6107,
            "Actual Loops": 1,
            "Output": ["e.folder_id", "e.archive_object_id", "e.source_assignment_id", "e.membership_role", "e.member_ordinal", "e.effective_decision_id", "e.assignment_snapshot_sha256", "e.decision_snapshot_sha256"],
            "Shared Hit Blocks": 0,
            "Shared Read Blocks": 0,
            "Shared Dirtied Blocks": 0,
            "Shared Written Blocks": 0,
            "Local Hit Blocks": 192,
            "Local Read Blocks": 0,
            "Local Dirtied Blocks": 0,
            "Local Written Blocks": 0,
            "Temp Read Blocks": 0,
            "Temp Written Blocks": 0,
            "I/O Read Time": 0.000,
            "I/O Write Time": 0.000,
            "Temp I/O Read Time": 0.000,
            "Temp I/O Write Time": 0.000,
            "WAL Records": 0,
            "WAL FPI": 0,
            "WAL Bytes": 0
          },
          {
            "Node Type": "Index Only Scan",
            "Parent Relationship": "Inner",
            "Parallel Aware": false,
            "Async Capable": false,
            "Scan Direction": "Forward",
            "Index Name": "folder_publication_metadata_pkey",
            "Relation Name": "folder_publication_metadata",
            "Schema": "research",
            "Alias": "m",
            "Startup Cost": 0.15,
            "Total Cost": 0.18,
            "Plan Rows": 1,
            "Plan Width": 16,
            "Actual Startup Time": 0.000,
            "Actual Total Time": 0.000,
            "Actual Rows": 1,
            "Actual Loops": 6107,
            "Output": ["m.folder_id"],
            "Index Cond": "(m.folder_id = e.folder_id)",
            "Rows Removed by Index Recheck": 0,
            "Heap Fetches": 6107,
            "Shared Hit Blocks": 12214,
            "Shared Read Blocks": 0,
            "Shared Dirtied Blocks": 0,
            "Shared Written Blocks": 0,
            "Local Hit Blocks": 0,
            "Local Read Blocks": 0,
            "Local Dirtied Blocks": 0,
            "Local Written Blocks": 0,
            "Temp Read Blocks": 0,
            "Temp Written Blocks": 0,
            "I/O Read Time": 0.000,
            "I/O Write Time": 0.000,
            "Temp I/O Read Time": 0.000,
            "Temp I/O Write Time": 0.000,
            "WAL Records": 0,
            "WAL FPI": 0,
            "WAL Bytes": 0
          }
        ]
      }
    ]
  }
}
psql:/private/tmp/graphic_design_archive_v49_release_snapshot_db_closure/database/tests/009_release_projection_snapshot_performance_scale.sql:34: LOG:  duration: 2.680 ms  plan:
{
  "Query Text": "CREATE TEMPORARY TABLE gda_v5_expected_objects ON COMMIT DROP AS\n  SELECT l.archive_object_id,l.surface_id,o.object_urn,o.preferred_label\n  FROM raw.legacy_surface_ledger l JOIN core.archive_object o ON o.archive_object_id=l.archive_object_id\n  JOIN research.corpus_membership cm ON cm.archive_object_id=l.archive_object_id\n    AND cm.corpus_version_id=v_corpus_version_id AND cm.disposition='eligible'\n  WHERE l.migration_batch_id=p_migration_batch_id AND l.import_disposition='accounted'\n    AND l.archive_object_id IS NOT NULL",
  "Plan": {
    "Node Type": "Hash Join",
    "Parallel Aware": false,
    "Async Capable": false,
    "Join Type": "Inner",
    "Startup Cost": 174.97,
    "Total Cost": 279.49,
    "Plan Rows": 1876,
    "Plan Width": 106,
    "Actual Startup Time": 0.701,
    "Actual Total Time": 1.385,
    "Actual Rows": 2000,
    "Actual Loops": 1,
    "Output": ["l.archive_object_id", "l.surface_id", "o.object_urn", "o.preferred_label"],
    "Inner Unique": true,
    "Hash Cond": "(o.archive_object_id = cm.archive_object_id)",
    "Shared Hit Blocks": 136,
    "Shared Read Blocks": 0,
    "Shared Dirtied Blocks": 0,
    "Shared Written Blocks": 0,
    "Local Hit Blocks": 0,
    "Local Read Blocks": 0,
    "Local Dirtied Blocks": 0,
    "Local Written Blocks": 0,
    "Temp Read Blocks": 0,
    "Temp Written Blocks": 0,
    "I/O Read Time": 0.000,
    "I/O Write Time": 0.000,
    "Temp I/O Read Time": 0.000,
    "Temp I/O Write Time": 0.000,
    "WAL Records": 0,
    "WAL FPI": 0,
    "WAL Bytes": 0,
    "Plans": [
      {
        "Node Type": "Hash Join",
        "Parent Relationship": "Outer",
        "Parallel Aware": false,
        "Async Capable": false,
        "Join Type": "Inner",
        "Startup Cost": 88.97,
        "Total Cost": 188.23,
        "Plan Rows": 2000,
        "Plan Width": 122,
        "Actual Startup Time": 0.424,
        "Actual Total Time": 0.901,
        "Actual Rows": 2000,
        "Actual Loops": 1,
        "Output": ["l.archive_object_id", "l.surface_id", "o.object_urn", "o.preferred_label", "o.archive_object_id"],
        "Inner Unique": true,
        "Hash Cond": "(l.archive_object_id = o.archive_object_id)",
        "Shared Hit Blocks": 105,
        "Shared Read Blocks": 0,
        "Shared Dirtied Blocks": 0,
        "Shared Written Blocks": 0,
        "Local Hit Blocks": 0,
        "Local Read Blocks": 0,
        "Local Dirtied Blocks": 0,
        "Local Written Blocks": 0,
        "Temp Read Blocks": 0,
        "Temp Written Blocks": 0,
        "I/O Read Time": 0.000,
        "I/O Write Time": 0.000,
        "Temp I/O Read Time": 0.000,
        "Temp I/O Write Time": 0.000,
        "WAL Records": 0,
        "WAL FPI": 0,
        "WAL Bytes": 0,
        "Plans": [
          {
            "Node Type": "Seq Scan",
            "Parent Relationship": "Outer",
            "Parallel Aware": false,
            "Async Capable": false,
            "Relation Name": "legacy_surface_ledger",
            "Schema": "raw",
            "Alias": "l",
            "Startup Cost": 0.00,
            "Total Cost": 94.00,
            "Plan Rows": 2000,
            "Plan Width": 42,
            "Actual Startup Time": 0.002,
            "Actual Total Time": 0.253,
            "Actual Rows": 2000,
            "Actual Loops": 1,
            "Output": ["l.legacy_surface_ledger_id", "l.migration_batch_id", "l.source_record_id", "l.canonical_input_asset_id", "l.input_ordinal", "l.surface_id", "l.legacy_source_record_id", "l.source_fingerprint", "l.import_disposition", "l.archive_object_id", "l.reason_code"],
            "Filter": "((l.archive_object_id IS NOT NULL) AND (l.migration_batch_id = 'a0000000-0000-4000-8000-000000000003'::uuid) AND (l.import_disposition = 'accounted'::raw.import_disposition))",
            "Rows Removed by Filter": 0,
            "Shared Hit Blocks": 64,
            "Shared Read Blocks": 0,
            "Shared Dirtied Blocks": 0,
            "Shared Written Blocks": 0,
            "Local Hit Blocks": 0,
            "Local Read Blocks": 0,
            "Local Dirtied Blocks": 0,
            "Local Written Blocks": 0,
            "Temp Read Blocks": 0,
            "Temp Written Blocks": 0,
            "I/O Read Time": 0.000,
            "I/O Write Time": 0.000,
            "Temp I/O Read Time": 0.000,
            "Temp I/O Write Time": 0.000,
            "WAL Records": 0,
            "WAL FPI": 0,
            "WAL Bytes": 0
          },
          {
            "Node Type": "Hash",
            "Parent Relationship": "Inner",
            "Parallel Aware": false,
            "Async Capable": false,
            "Startup Cost": 62.32,
            "Total Cost": 62.32,
            "Plan Rows": 2132,
            "Plan Width": 80,
            "Actual Startup Time": 0.419,
            "Actual Total Time": 0.419,
            "Actual Rows": 2000,
            "Actual Loops": 1,
            "Output": ["o.object_urn", "o.preferred_label", "o.archive_object_id"],
            "Hash Buckets": 4096,
            "Original Hash Buckets": 4096,
            "Hash Batches": 1,
            "Original Hash Batches": 1,
            "Peak Memory Usage": 291,
            "Shared Hit Blocks": 41,
            "Shared Read Blocks": 0,
            "Shared Dirtied Blocks": 0,
            "Shared Written Blocks": 0,
            "Local Hit Blocks": 0,
            "Local Read Blocks": 0,
            "Local Dirtied Blocks": 0,
            "Local Written Blocks": 0,
            "Temp Read Blocks": 0,
            "Temp Written Blocks": 0,
            "I/O Read Time": 0.000,
            "I/O Write Time": 0.000,
            "Temp I/O Read Time": 0.000,
            "Temp I/O Write Time": 0.000,
            "WAL Records": 0,
            "WAL FPI": 0,
            "WAL Bytes": 0,
            "Plans": [
              {
                "Node Type": "Seq Scan",
                "Parent Relationship": "Outer",
                "Parallel Aware": false,
                "Async Capable": false,
                "Relation Name": "archive_object",
                "Schema": "core",
                "Alias": "o",
                "Startup Cost": 0.00,
                "Total Cost": 62.32,
                "Plan Rows": 2132,
                "Plan Width": 80,
                "Actual Startup Time": 0.011,
                "Actual Total Time": 0.263,
                "Actual Rows": 2000,
                "Actual Loops": 1,
                "Output": ["o.object_urn", "o.preferred_label", "o.archive_object_id"],
                "Shared Hit Blocks": 41,
                "Shared Read Blocks": 0,
                "Shared Dirtied Blocks": 0,
                "Shared Written Blocks": 0,
                "Local Hit Blocks": 0,
                "Local Read Blocks": 0,
                "Local Dirtied Blocks": 0,
                "Local Written Blocks": 0,
                "Temp Read Blocks": 0,
                "Temp Written Blocks": 0,
                "I/O Read Time": 0.000,
                "I/O Write Time": 0.000,
                "Temp I/O Read Time": 0.000,
                "Temp I/O Write Time": 0.000,
                "WAL Records": 0,
                "WAL FPI": 0,
                "WAL Bytes": 0
              }
            ]
          }
        ]
      },
      {
        "Node Type": "Hash",
        "Parent Relationship": "Inner",
        "Parallel Aware": false,
        "Async Capable": false,
        "Startup Cost": 61.00,
        "Total Cost": 61.00,
        "Plan Rows": 2000,
        "Plan Width": 16,
        "Actual Startup Time": 0.275,
        "Actual Total Time": 0.276,
        "Actual Rows": 2000,
        "Actual Loops": 1,
        "Output": ["cm.archive_object_id"],
        "Hash Buckets": 2048,
        "Original Hash Buckets": 2048,
        "Hash Batches": 1,
        "Original Hash Batches": 1,
        "Peak Memory Usage": 110,
        "Shared Hit Blocks": 31,
        "Shared Read Blocks": 0,
        "Shared Dirtied Blocks": 0,
        "Shared Written Blocks": 0,
        "Local Hit Blocks": 0,
        "Local Read Blocks": 0,
        "Local Dirtied Blocks": 0,
        "Local Written Blocks": 0,
        "Temp Read Blocks": 0,
        "Temp Written Blocks": 0,
        "I/O Read Time": 0.000,
        "I/O Write Time": 0.000,
        "Temp I/O Read Time": 0.000,
        "Temp I/O Write Time": 0.000,
        "WAL Records": 0,
        "WAL FPI": 0,
        "WAL Bytes": 0,
        "Plans": [
          {
            "Node Type": "Seq Scan",
            "Parent Relationship": "Outer",
            "Parallel Aware": false,
            "Async Capable": false,
            "Relation Name": "corpus_membership",
            "Schema": "research",
            "Alias": "cm",
            "Startup Cost": 0.00,
            "Total Cost": 61.00,
            "Plan Rows": 2000,
            "Plan Width": 16,
            "Actual Startup Time": 0.004,
            "Actual Total Time": 0.171,
            "Actual Rows": 2000,
            "Actual Loops": 1,
            "Output": ["cm.archive_object_id"],
            "Filter": "((cm.corpus_version_id = 'a4000000-0000-4000-8000-000000000002'::uuid) AND (cm.disposition = 'eligible'::research.membership_disposition))",
            "Rows Removed by Filter": 0,
            "Shared Hit Blocks": 31,
            "Shared Read Blocks": 0,
            "Shared Dirtied Blocks": 0,
            "Shared Written Blocks": 0,
            "Local Hit Blocks": 0,
            "Local Read Blocks": 0,
            "Local Dirtied Blocks": 0,
            "Local Written Blocks": 0,
            "Temp Read Blocks": 0,
            "Temp Written Blocks": 0,
            "I/O Read Time": 0.000,
            "I/O Write Time": 0.000,
            "Temp I/O Read Time": 0.000,
            "Temp I/O Write Time": 0.000,
            "WAL Records": 0,
            "WAL FPI": 0,
            "WAL Bytes": 0
          }
        ]
      }
    ]
  }
}
psql:/private/tmp/graphic_design_archive_v49_release_snapshot_db_closure/database/tests/009_release_projection_snapshot_performance_scale.sql:34: LOG:  duration: 55.831 ms  plan:
{
  "Query Text": "INSERT INTO release.research_release_object(research_release_id,archive_object_id,object_urn,legacy_surface_id,title,publication_layer,acceptance_state,workflow_state)\n  SELECT p_release_id,archive_object_id,object_urn,surface_id,preferred_label,'active','accepted','resolved'\n  FROM gda_v5_expected_objects",
  "Plan": {
    "Node Type": "ModifyTable",
    "Operation": "Insert",
    "Parallel Aware": false,
    "Async Capable": false,
    "Relation Name": "research_release_object",
    "Schema": "release",
    "Alias": "research_release_object",
    "Startup Cost": 0.00,
    "Total Cost": 84.00,
    "Plan Rows": 0,
    "Plan Width": 0,
    "Actual Startup Time": 43.769,
    "Actual Total Time": 43.770,
    "Actual Rows": 0,
    "Actual Loops": 1,
    "Shared Hit Blocks": 37666,
    "Shared Read Blocks": 0,
    "Shared Dirtied Blocks": 172,
    "Shared Written Blocks": 174,
    "Local Hit Blocks": 64,
    "Local Read Blocks": 0,
    "Local Dirtied Blocks": 0,
    "Local Written Blocks": 0,
    "Temp Read Blocks": 0,
    "Temp Written Blocks": 0,
    "I/O Read Time": 0.000,
    "I/O Write Time": 1.175,
    "Temp I/O Read Time": 0.000,
    "Temp I/O Write Time": 0.000,
    "WAL Records": 12119,
    "WAL FPI": 0,
    "WAL Bytes": 1823760,
    "Plans": [
      {
        "Node Type": "Seq Scan",
        "Parent Relationship": "Outer",
        "Parallel Aware": false,
        "Async Capable": false,
        "Relation Name": "gda_v5_expected_objects",
        "Schema": "pg_temp",
        "Alias": "gda_v5_expected_objects",
        "Startup Cost": 0.00,
        "Total Cost": 84.00,
        "Plan Rows": 2000,
        "Plan Width": 140,
        "Actual Startup Time": 0.004,
        "Actual Total Time": 0.296,
        "Actual Rows": 2000,
        "Actual Loops": 1,
        "Output": ["'e6000000-0000-4000-8000-000000002000'::uuid", "gda_v5_expected_objects.archive_object_id", "gda_v5_expected_objects.object_urn", "gda_v5_expected_objects.surface_id", "gda_v5_expected_objects.preferred_label", "'active'::release.publication_layer", "'accepted'::provenance.assertion_status", "'resolved'::workflow.queue_state"],
        "Shared Hit Blocks": 0,
        "Shared Read Blocks": 0,
        "Shared Dirtied Blocks": 0,
        "Shared Written Blocks": 0,
        "Local Hit Blocks": 64,
        "Local Read Blocks": 0,
        "Local Dirtied Blocks": 0,
        "Local Written Blocks": 0,
        "Temp Read Blocks": 0,
        "Temp Written Blocks": 0,
        "I/O Read Time": 0.000,
        "I/O Write Time": 0.000,
        "Temp I/O Read Time": 0.000,
        "Temp I/O Write Time": 0.000,
        "WAL Records": 0,
        "WAL FPI": 0,
        "WAL Bytes": 0
      }
    ]
  }
}
psql:/private/tmp/graphic_design_archive_v49_release_snapshot_db_closure/database/tests/009_release_projection_snapshot_performance_scale.sql:34: LOG:  duration: 61.011 ms  plan:
{
  "Query Text": "INSERT INTO release.research_surface_presentation_projection_v3(research_release_id,archive_object_id,public_surface_id,title,title_missingness,display_date,display_date_missingness,normalized_year,normalized_year_missingness,place_label,place_missingness,medium_label,medium_missingness,type_label,type_missingness,source_label,description,description_missingness,public_citation_label,public_source_route,publication_layer)\n  SELECT p_release_id,ro.archive_object_id,ro.legacy_surface_id,ro.title,\n    CASE WHEN ro.title IS NULL THEN 'missing' ELSE 'present' END,NULL,'missing',NULL,'missing',NULL,'missing',NULL,'missing',NULL,'missing',allow.citation_label,NULL,'missing',allow.citation_label,\n    '/sources/'||encode(sha256(convert_to(allow.citation_label,'UTF8')),'hex'),ro.publication_layer\n  FROM release.research_release_object ro CROSS JOIN research.public_source_citation_allowlist_v3 allow\n  WHERE ro.research_release_id=p_release_id AND allow.source_asset_id=v_asset_id",
  "Plan": {
    "Node Type": "ModifyTable",
    "Operation": "Insert",
    "Parallel Aware": false,
    "Async Capable": false,
    "Relation Name": "research_surface_presentation_projection_v3",
    "Schema": "release",
    "Alias": "research_surface_presentation_projection_v3",
    "Startup Cost": 4.52,
    "Total Cost": 39.05,
    "Plan Rows": 0,
    "Plan Width": 0,
    "Actual Startup Time": 53.857,
    "Actual Total Time": 53.858,
    "Actual Rows": 0,
    "Actual Loops": 1,
    "Shared Hit Blocks": 20031,
    "Shared Read Blocks": 0,
    "Shared Dirtied Blocks": 126,
    "Shared Written Blocks": 128,
    "Local Hit Blocks": 0,
    "Local Read Blocks": 0,
    "Local Dirtied Blocks": 0,
    "Local Written Blocks": 0,
    "Temp Read Blocks": 0,
    "Temp Written Blocks": 0,
    "I/O Read Time": 0.000,
    "I/O Write Time": 0.888,
    "Temp I/O Read Time": 0.000,
    "Temp I/O Write Time": 0.000,
    "WAL Records": 6039,
    "WAL FPI": 0,
    "WAL Bytes": 1217724,
    "Plans": [
      {
        "Node Type": "Nested Loop",
        "Parent Relationship": "Outer",
        "Parallel Aware": false,
        "Async Capable": false,
        "Join Type": "Inner",
        "Startup Cost": 4.52,
        "Total Cost": 39.05,
        "Plan Rows": 11,
        "Plan Width": 584,
        "Actual Startup Time": 0.112,
        "Actual Total Time": 2.480,
        "Actual Rows": 2000,
        "Actual Loops": 1,
        "Output": ["'e6000000-0000-4000-8000-000000002000'::uuid", "ro.archive_object_id", "ro.legacy_surface_id", "ro.title", "CASE WHEN (ro.title IS NULL) THEN 'missing'::text ELSE 'present'::text END", "NULL::text", "'missing'::text", "NULL::integer", "'missing'::text", "NULL::text", "'missing'::text", "NULL::text", "'missing'::text", "NULL::text", "'missing'::text", "allow.citation_label", "NULL::text", "'missing'::text", "allow.citation_label", "('/sources/'::text || encode(sha256(convert_to(allow.citation_label, 'UTF8'::name)), 'hex'::text))", "ro.publication_layer"],
        "Inner Unique": false,
        "Shared Hit Blocks": 77,
        "Shared Read Blocks": 0,
        "Shared Dirtied Blocks": 0,
        "Shared Written Blocks": 0,
        "Local Hit Blocks": 0,
        "Local Read Blocks": 0,
        "Local Dirtied Blocks": 0,
        "Local Written Blocks": 0,
        "Temp Read Blocks": 0,
        "Temp Written Blocks": 0,
        "I/O Read Time": 0.000,
        "I/O Write Time": 0.000,
        "Temp I/O Read Time": 0.000,
        "Temp I/O Write Time": 0.000,
        "WAL Records": 0,
        "WAL FPI": 0,
        "WAL Bytes": 0,
        "Plans": [
          {
            "Node Type": "Index Scan",
            "Parent Relationship": "Outer",
            "Parallel Aware": false,
            "Async Capable": false,
            "Scan Direction": "Forward",
            "Index Name": "public_source_citation_allowlist_v3_pkey",
            "Relation Name": "public_source_citation_allowlist_v3",
            "Schema": "research",
            "Alias": "allow",
            "Startup Cost": 0.15,
            "Total Cost": 8.17,
            "Plan Rows": 1,
            "Plan Width": 32,
            "Actual Startup Time": 0.002,
            "Actual Total Time": 0.003,
            "Actual Rows": 1,
            "Actual Loops": 1,
            "Output": ["allow.source_asset_id", "allow.citation_label", "allow.created_at"],
            "Index Cond": "(allow.source_asset_id = 'a0000000-0000-4000-8000-000000000001'::uuid)",
            "Rows Removed by Index Recheck": 0,
            "Shared Hit Blocks": 2,
            "Shared Read Blocks": 0,
            "Shared Dirtied Blocks": 0,
            "Shared Written Blocks": 0,
            "Local Hit Blocks": 0,
            "Local Read Blocks": 0,
            "Local Dirtied Blocks": 0,
            "Local Written Blocks": 0,
            "Temp Read Blocks": 0,
            "Temp Written Blocks": 0,
            "I/O Read Time": 0.000,
            "I/O Write Time": 0.000,
            "Temp I/O Read Time": 0.000,
            "Temp I/O Write Time": 0.000,
            "WAL Records": 0,
            "WAL FPI": 0,
            "WAL Bytes": 0
          },
          {
            "Node Type": "Bitmap Heap Scan",
            "Parent Relationship": "Inner",
            "Parallel Aware": false,
            "Async Capable": false,
            "Relation Name": "research_release_object",
            "Schema": "release",
            "Alias": "ro",
            "Startup Cost": 4.37,
            "Total Cost": 30.66,
            "Plan Rows": 11,
            "Plan Width": 84,
            "Actual Startup Time": 0.077,
            "Actual Total Time": 0.282,
            "Actual Rows": 2000,
            "Actual Loops": 1,
            "Output": ["ro.research_release_id", "ro.archive_object_id", "ro.object_urn", "ro.legacy_surface_id", "ro.title", "ro.publication_layer", "ro.acceptance_state", "ro.workflow_state"],
            "Recheck Cond": "(ro.research_release_id = 'e6000000-0000-4000-8000-000000002000'::uuid)",
            "Rows Removed by Index Recheck": 0,
            "Exact Heap Blocks": 47,
            "Lossy Heap Blocks": 0,
            "Shared Hit Blocks": 75,
            "Shared Read Blocks": 0,
            "Shared Dirtied Blocks": 0,
            "Shared Written Blocks": 0,
            "Local Hit Blocks": 0,
            "Local Read Blocks": 0,
            "Local Dirtied Blocks": 0,
            "Local Written Blocks": 0,
            "Temp Read Blocks": 0,
            "Temp Written Blocks": 0,
            "I/O Read Time": 0.000,
            "I/O Write Time": 0.000,
            "Temp I/O Read Time": 0.000,
            "Temp I/O Write Time": 0.000,
            "WAL Records": 0,
            "WAL FPI": 0,
            "WAL Bytes": 0,
            "Plans": [
              {
                "Node Type": "Bitmap Index Scan",
                "Parent Relationship": "Outer",
                "Parallel Aware": false,
                "Async Capable": false,
                "Index Name": "research_release_object_legacy_idx",
                "Startup Cost": 0.00,
                "Total Cost": 4.36,
                "Plan Rows": 11,
                "Plan Width": 0,
                "Actual Startup Time": 0.071,
                "Actual Total Time": 0.071,
                "Actual Rows": 2000,
                "Actual Loops": 1,
                "Index Cond": "(ro.research_release_id = 'e6000000-0000-4000-8000-000000002000'::uuid)",
                "Shared Hit Blocks": 28,
                "Shared Read Blocks": 0,
                "Shared Dirtied Blocks": 0,
                "Shared Written Blocks": 0,
                "Local Hit Blocks": 0,
                "Local Read Blocks": 0,
                "Local Dirtied Blocks": 0,
                "Local Written Blocks": 0,
                "Temp Read Blocks": 0,
                "Temp Written Blocks": 0,
                "I/O Read Time": 0.000,
                "I/O Write Time": 0.000,
                "Temp I/O Read Time": 0.000,
                "Temp I/O Write Time": 0.000,
                "WAL Records": 0,
                "WAL FPI": 0,
                "WAL Bytes": 0
              }
            ]
          }
        ]
      }
    ]
  }
}
psql:/private/tmp/graphic_design_archive_v49_release_snapshot_db_closure/database/tests/009_release_projection_snapshot_performance_scale.sql:34: LOG:  duration: 47.106 ms  plan:
{
  "Query Text": "INSERT INTO release.research_surface_citation_projection_v3\n  SELECT p_release_id,archive_object_id,0,public_citation_label,public_source_route\n  FROM release.research_surface_presentation_projection_v3 WHERE research_release_id=p_release_id",
  "Plan": {
    "Node Type": "ModifyTable",
    "Operation": "Insert",
    "Parallel Aware": false,
    "Async Capable": false,
    "Relation Name": "research_surface_citation_projection_v3",
    "Schema": "release",
    "Alias": "research_surface_citation_projection_v3",
    "Startup Cost": 4.32,
    "Total Cost": 20.72,
    "Plan Rows": 0,
    "Plan Width": 0,
    "Actual Startup Time": 40.129,
    "Actual Total Time": 40.129,
    "Actual Rows": 0,
    "Actual Loops": 1,
    "Shared Hit Blocks": 16092,
    "Shared Read Blocks": 0,
    "Shared Dirtied Blocks": 62,
    "Shared Written Blocks": 64,
    "Local Hit Blocks": 0,
    "Local Read Blocks": 0,
    "Local Dirtied Blocks": 0,
    "Local Written Blocks": 0,
    "Temp Read Blocks": 0,
    "Temp Written Blocks": 0,
    "I/O Read Time": 0.000,
    "I/O Write Time": 0.509,
    "Temp I/O Read Time": 0.000,
    "Temp I/O Write Time": 0.000,
    "WAL Records": 4015,
    "WAL FPI": 0,
    "WAL Bytes": 615020,
    "Plans": [
      {
        "Node Type": "Bitmap Heap Scan",
        "Parent Relationship": "Outer",
        "Parallel Aware": false,
        "Async Capable": false,
        "Relation Name": "research_surface_presentation_projection_v3",
        "Schema": "release",
        "Alias": "research_surface_presentation_projection_v3",
        "Startup Cost": 4.32,
        "Total Cost": 20.72,
        "Plan Rows": 5,
        "Plan Width": 100,
        "Actual Startup Time": 0.106,
        "Actual Total Time": 0.597,
        "Actual Rows": 2000,
        "Actual Loops": 1,
        "Output": ["'e6000000-0000-4000-8000-000000002000'::uuid", "research_surface_presentation_projection_v3.archive_object_id", "0", "research_surface_presentation_projection_v3.public_citation_label", "research_surface_presentation_projection_v3.public_source_route"],
        "Recheck Cond": "(research_surface_presentation_projection_v3.research_release_id = 'e6000000-0000-4000-8000-000000002000'::uuid)",
        "Rows Removed by Index Recheck": 0,
        "Exact Heap Blocks": 84,
        "Lossy Heap Blocks": 0,
        "Shared Hit Blocks": 112,
        "Shared Read Blocks": 0,
        "Shared Dirtied Blocks": 0,
        "Shared Written Blocks": 0,
        "Local Hit Blocks": 0,
        "Local Read Blocks": 0,
        "Local Dirtied Blocks": 0,
        "Local Written Blocks": 0,
        "Temp Read Blocks": 0,
        "Temp Written Blocks": 0,
        "I/O Read Time": 0.000,
        "I/O Write Time": 0.000,
        "Temp I/O Read Time": 0.000,
        "Temp I/O Write Time": 0.000,
        "WAL Records": 0,
        "WAL FPI": 0,
        "WAL Bytes": 0,
        "Plans": [
          {
            "Node Type": "Bitmap Index Scan",
            "Parent Relationship": "Outer",
            "Parallel Aware": false,
            "Async Capable": false,
            "Index Name": "research_surface_presentation_research_release_id_public_su_key",
            "Startup Cost": 0.00,
            "Total Cost": 4.31,
            "Plan Rows": 5,
            "Plan Width": 0,
            "Actual Startup Time": 0.097,
            "Actual Total Time": 0.097,
            "Actual Rows": 2000,
            "Actual Loops": 1,
            "Index Cond": "(research_surface_presentation_projection_v3.research_release_id = 'e6000000-0000-4000-8000-000000002000'::uuid)",
            "Shared Hit Blocks": 28,
            "Shared Read Blocks": 0,
            "Shared Dirtied Blocks": 0,
            "Shared Written Blocks": 0,
            "Local Hit Blocks": 0,
            "Local Read Blocks": 0,
            "Local Dirtied Blocks": 0,
            "Local Written Blocks": 0,
            "Temp Read Blocks": 0,
            "Temp Written Blocks": 0,
            "I/O Read Time": 0.000,
            "I/O Write Time": 0.000,
            "Temp I/O Read Time": 0.000,
            "Temp I/O Write Time": 0.000,
            "WAL Records": 0,
            "WAL FPI": 0,
            "WAL Bytes": 0
          }
        ]
      }
    ]
  }
}
psql:/private/tmp/graphic_design_archive_v49_release_snapshot_db_closure/database/tests/009_release_projection_snapshot_performance_scale.sql:34: LOG:  duration: 3.022 ms  plan:
{
  "Query Text": "INSERT INTO release.research_folder_type_projection_v3\n  SELECT DISTINCT p_release_id,t.folder_type_code,t.type_label,t.type_sort_ordinal\n  FROM research.folder_type_registry t JOIN research.folder_publication_metadata md ON md.folder_type_code=t.folder_type_code\n  JOIN gda_v5_expected_memberships e ON e.folder_id=md.folder_id",
  "Plan": {
    "Node Type": "ModifyTable",
    "Operation": "Insert",
    "Parallel Aware": false,
    "Async Capable": false,
    "Relation Name": "research_folder_type_projection_v3",
    "Schema": "release",
    "Alias": "research_folder_type_projection_v3",
    "Startup Cost": 382.86,
    "Total Cost": 391.36,
    "Plan Rows": 0,
    "Plan Width": 0,
    "Actual Startup Time": 2.975,
    "Actual Total Time": 2.975,
    "Actual Rows": 0,
    "Actual Loops": 1,
    "Shared Hit Blocks": 48,
    "Shared Read Blocks": 0,
    "Shared Dirtied Blocks": 3,
    "Shared Written Blocks": 3,
    "Local Hit Blocks": 192,
    "Local Read Blocks": 0,
    "Local Dirtied Blocks": 0,
    "Local Written Blocks": 0,
    "Temp Read Blocks": 0,
    "Temp Written Blocks": 0,
    "I/O Read Time": 0.000,
    "I/O Write Time": 0.069,
    "Temp I/O Read Time": 0.000,
    "Temp I/O Write Time": 0.000,
    "WAL Records": 5,
    "WAL FPI": 0,
    "WAL Bytes": 431,
    "Plans": [
      {
        "Node Type": "Aggregate",
        "Strategy": "Hashed",
        "Partial Mode": "Simple",
        "Parent Relationship": "Outer",
        "Parallel Aware": false,
        "Async Capable": false,
        "Startup Cost": 382.86,
        "Total Cost": 391.36,
        "Plan Rows": 850,
        "Plan Width": 84,
        "Actual Startup Time": 2.468,
        "Actual Total Time": 2.470,
        "Actual Rows": 1,
        "Actual Loops": 1,
        "Output": ["('e6000000-0000-4000-8000-000000002000'::uuid)", "t.folder_type_code", "t.type_label", "t.type_sort_ordinal"],
        "Group Key": ["t.folder_type_code", "t.type_label", "t.type_sort_ordinal"],
        "Planned Partitions": 0,
        "HashAgg Batches": 1,
        "Peak Memory Usage": 49,
        "Disk Usage": 0,
        "Shared Hit Blocks": 2,
        "Shared Read Blocks": 0,
        "Shared Dirtied Blocks": 0,
        "Shared Written Blocks": 0,
        "Local Hit Blocks": 192,
        "Local Read Blocks": 0,
        "Local Dirtied Blocks": 0,
        "Local Written Blocks": 0,
        "Temp Read Blocks": 0,
        "Temp Written Blocks": 0,
        "I/O Read Time": 0.000,
        "I/O Write Time": 0.000,
        "Temp I/O Read Time": 0.000,
        "Temp I/O Write Time": 0.000,
        "WAL Records": 0,
        "WAL FPI": 0,
        "WAL Bytes": 0,
        "Plans": [
          {
            "Node Type": "Hash Join",
            "Parent Relationship": "Outer",
            "Parallel Aware": false,
            "Async Capable": false,
            "Join Type": "Inner",
            "Startup Cost": 51.73,
            "Total Cost": 337.06,
            "Plan Rows": 6107,
            "Plan Width": 84,
            "Actual Startup Time": 0.024,
            "Actual Total Time": 1.609,
            "Actual Rows": 6107,
            "Actual Loops": 1,
            "Output": ["'e6000000-0000-4000-8000-000000002000'::uuid", "t.folder_type_code", "t.type_label", "t.type_sort_ordinal"],
            "Inner Unique": true,
            "Hash Cond": "(md.folder_type_code = t.folder_type_code)",
            "Shared Hit Blocks": 2,
            "Shared Read Blocks": 0,
            "Shared Dirtied Blocks": 0,
            "Shared Written Blocks": 0,
            "Local Hit Blocks": 192,
            "Local Read Blocks": 0,
            "Local Dirtied Blocks": 0,
            "Local Written Blocks": 0,
            "Temp Read Blocks": 0,
            "Temp Written Blocks": 0,
            "I/O Read Time": 0.000,
            "I/O Write Time": 0.000,
            "Temp I/O Read Time": 0.000,
            "Temp I/O Write Time": 0.000,
            "WAL Records": 0,
            "WAL FPI": 0,
            "WAL Bytes": 0,
            "Plans": [
              {
                "Node Type": "Hash Join",
                "Parent Relationship": "Outer",
                "Parallel Aware": false,
                "Async Capable": false,
                "Join Type": "Inner",
                "Startup Cost": 22.60,
                "Total Cost": 291.82,
                "Plan Rows": 6107,
                "Plan Width": 32,
                "Actual Startup Time": 0.011,
                "Actual Total Time": 0.909,
                "Actual Rows": 6107,
                "Actual Loops": 1,
                "Output": ["md.folder_type_code"],
                "Inner Unique": true,
                "Hash Cond": "(e.folder_id = md.folder_id)",
                "Shared Hit Blocks": 1,
                "Shared Read Blocks": 0,
                "Shared Dirtied Blocks": 0,
                "Shared Written Blocks": 0,
                "Local Hit Blocks": 192,
                "Local Read Blocks": 0,
                "Local Dirtied Blocks": 0,
                "Local Written Blocks": 0,
                "Temp Read Blocks": 0,
                "Temp Written Blocks": 0,
                "I/O Read Time": 0.000,
                "I/O Write Time": 0.000,
                "Temp I/O Read Time": 0.000,
                "Temp I/O Write Time": 0.000,
                "WAL Records": 0,
                "WAL FPI": 0,
                "WAL Bytes": 0,
                "Plans": [
                  {
                    "Node Type": "Seq Scan",
                    "Parent Relationship": "Outer",
                    "Parallel Aware": false,
                    "Async Capable": false,
                    "Relation Name": "gda_v5_expected_memberships",
                    "Schema": "pg_temp",
                    "Alias": "e",
                    "Startup Cost": 0.00,
                    "Total Cost": 253.07,
                    "Plan Rows": 6107,
                    "Plan Width": 16,
                    "Actual Startup Time": 0.003,
                    "Actual Total Time": 0.356,
                    "Actual Rows": 6107,
                    "Actual Loops": 1,
                    "Output": ["e.folder_id", "e.archive_object_id", "e.source_assignment_id", "e.membership_role", "e.member_ordinal", "e.effective_decision_id", "e.assignment_snapshot_sha256", "e.decision_snapshot_sha256"],
                    "Shared Hit Blocks": 0,
                    "Shared Read Blocks": 0,
                    "Shared Dirtied Blocks": 0,
                    "Shared Written Blocks": 0,
                    "Local Hit Blocks": 192,
                    "Local Read Blocks": 0,
                    "Local Dirtied Blocks": 0,
                    "Local Written Blocks": 0,
                    "Temp Read Blocks": 0,
                    "Temp Written Blocks": 0,
                    "I/O Read Time": 0.000,
                    "I/O Write Time": 0.000,
                    "Temp I/O Read Time": 0.000,
                    "Temp I/O Write Time": 0.000,
                    "WAL Records": 0,
                    "WAL FPI": 0,
                    "WAL Bytes": 0
                  },
                  {
                    "Node Type": "Hash",
                    "Parent Relationship": "Inner",
                    "Parallel Aware": false,
                    "Async Capable": false,
                    "Startup Cost": 15.60,
                    "Total Cost": 15.60,
                    "Plan Rows": 560,
                    "Plan Width": 48,
                    "Actual Startup Time": 0.006,
                    "Actual Total Time": 0.006,
                    "Actual Rows": 4,
                    "Actual Loops": 1,
                    "Output": ["md.folder_type_code", "md.folder_id"],
                    "Hash Buckets": 1024,
                    "Original Hash Buckets": 1024,
                    "Hash Batches": 1,
                    "Original Hash Batches": 1,
                    "Peak Memory Usage": 9,
                    "Shared Hit Blocks": 1,
                    "Shared Read Blocks": 0,
                    "Shared Dirtied Blocks": 0,
                    "Shared Written Blocks": 0,
                    "Local Hit Blocks": 0,
                    "Local Read Blocks": 0,
                    "Local Dirtied Blocks": 0,
                    "Local Written Blocks": 0,
                    "Temp Read Blocks": 0,
                    "Temp Written Blocks": 0,
                    "I/O Read Time": 0.000,
                    "I/O Write Time": 0.000,
                    "Temp I/O Read Time": 0.000,
                    "Temp I/O Write Time": 0.000,
                    "WAL Records": 0,
                    "WAL FPI": 0,
                    "WAL Bytes": 0,
                    "Plans": [
                      {
                        "Node Type": "Seq Scan",
                        "Parent Relationship": "Outer",
                        "Parallel Aware": false,
                        "Async Capable": false,
                        "Relation Name": "folder_publication_metadata",
                        "Schema": "research",
                        "Alias": "md",
                        "Startup Cost": 0.00,
                        "Total Cost": 15.60,
                        "Plan Rows": 560,
                        "Plan Width": 48,
                        "Actual Startup Time": 0.005,
                        "Actual Total Time": 0.005,
                        "Actual Rows": 4,
                        "Actual Loops": 1,
                        "Output": ["md.folder_type_code", "md.folder_id"],
                        "Shared Hit Blocks": 1,
                        "Shared Read Blocks": 0,
                        "Shared Dirtied Blocks": 0,
                        "Shared Written Blocks": 0,
                        "Local Hit Blocks": 0,
                        "Local Read Blocks": 0,
                        "Local Dirtied Blocks": 0,
                        "Local Written Blocks": 0,
                        "Temp Read Blocks": 0,
                        "Temp Written Blocks": 0,
                        "I/O Read Time": 0.000,
                        "I/O Write Time": 0.000,
                        "Temp I/O Read Time": 0.000,
                        "Temp I/O Write Time": 0.000,
                        "WAL Records": 0,
                        "WAL FPI": 0,
                        "WAL Bytes": 0
                      }
                    ]
                  }
                ]
              },
              {
                "Node Type": "Hash",
                "Parent Relationship": "Inner",
                "Parallel Aware": false,
                "Async Capable": false,
                "Startup Cost": 18.50,
                "Total Cost": 18.50,
                "Plan Rows": 850,
                "Plan Width": 68,
                "Actual Startup Time": 0.011,
                "Actual Total Time": 0.011,
                "Actual Rows": 1,
                "Actual Loops": 1,
                "Output": ["t.folder_type_code", "t.type_label", "t.type_sort_ordinal"],
                "Hash Buckets": 1024,
                "Original Hash Buckets": 1024,
                "Hash Batches": 1,
                "Original Hash Batches": 1,
                "Peak Memory Usage": 9,
                "Shared Hit Blocks": 1,
                "Shared Read Blocks": 0,
                "Shared Dirtied Blocks": 0,
                "Shared Written Blocks": 0,
                "Local Hit Blocks": 0,
                "Local Read Blocks": 0,
                "Local Dirtied Blocks": 0,
                "Local Written Blocks": 0,
                "Temp Read Blocks": 0,
                "Temp Written Blocks": 0,
                "I/O Read Time": 0.000,
                "I/O Write Time": 0.000,
                "Temp I/O Read Time": 0.000,
                "Temp I/O Write Time": 0.000,
                "WAL Records": 0,
                "WAL FPI": 0,
                "WAL Bytes": 0,
                "Plans": [
                  {
                    "Node Type": "Seq Scan",
                    "Parent Relationship": "Outer",
                    "Parallel Aware": false,
                    "Async Capable": false,
                    "Relation Name": "folder_type_registry",
                    "Schema": "research",
                    "Alias": "t",
                    "Startup Cost": 0.00,
                    "Total Cost": 18.50,
                    "Plan Rows": 850,
                    "Plan Width": 68,
                    "Actual Startup Time": 0.009,
                    "Actual Total Time": 0.009,
                    "Actual Rows": 1,
                    "Actual Loops": 1,
                    "Output": ["t.folder_type_code", "t.type_label", "t.type_sort_ordinal"],
                    "Shared Hit Blocks": 1,
                    "Shared Read Blocks": 0,
                    "Shared Dirtied Blocks": 0,
                    "Shared Written Blocks": 0,
                    "Local Hit Blocks": 0,
                    "Local Read Blocks": 0,
                    "Local Dirtied Blocks": 0,
                    "Local Written Blocks": 0,
                    "Temp Read Blocks": 0,
                    "Temp Written Blocks": 0,
                    "I/O Read Time": 0.000,
                    "I/O Write Time": 0.000,
                    "Temp I/O Read Time": 0.000,
                    "Temp I/O Write Time": 0.000,
                    "WAL Records": 0,
                    "WAL FPI": 0,
                    "WAL Bytes": 0
                  }
                ]
              }
            ]
          }
        ]
      }
    ]
  }
}
psql:/private/tmp/graphic_design_archive_v49_release_snapshot_db_closure/database/tests/009_release_projection_snapshot_performance_scale.sql:34: LOG:  duration: 174.873 ms  plan:
{
  "Query Text": "INSERT INTO release.research_folder_membership_projection_v3\n  SELECT p_release_id,e.folder_id,e.archive_object_id,e.source_assignment_id,e.membership_role,e.member_ordinal,\n    'accepted',e.assignment_snapshot_sha256,e.effective_decision_id,e.decision_snapshot_sha256\n  FROM gda_v5_expected_memberships e",
  "Plan": {
    "Node Type": "ModifyTable",
    "Operation": "Insert",
    "Parallel Aware": false,
    "Async Capable": false,
    "Relation Name": "research_folder_membership_projection_v3",
    "Schema": "release",
    "Alias": "research_folder_membership_projection_v3",
    "Startup Cost": 0.00,
    "Total Cost": 253.07,
    "Plan Rows": 0,
    "Plan Width": 0,
    "Actual Startup Time": 115.839,
    "Actual Total Time": 115.840,
    "Actual Rows": 0,
    "Actual Loops": 1,
    "Shared Hit Blocks": 85822,
    "Shared Read Blocks": 0,
    "Shared Dirtied Blocks": 451,
    "Shared Written Blocks": 453,
    "Local Hit Blocks": 192,
    "Local Read Blocks": 0,
    "Local Dirtied Blocks": 0,
    "Local Written Blocks": 0,
    "Temp Read Blocks": 0,
    "Temp Written Blocks": 0,
    "I/O Read Time": 0.000,
    "I/O Write Time": 2.417,
    "Temp I/O Read Time": 0.000,
    "Temp I/O Write Time": 0.000,
    "WAL Records": 30784,
    "WAL FPI": 0,
    "WAL Bytes": 4861091,
    "Plans": [
      {
        "Node Type": "Seq Scan",
        "Parent Relationship": "Outer",
        "Parallel Aware": false,
        "Async Capable": false,
        "Relation Name": "gda_v5_expected_memberships",
        "Schema": "pg_temp",
        "Alias": "e",
        "Startup Cost": 0.00,
        "Total Cost": 253.07,
        "Plan Rows": 6107,
        "Plan Width": 184,
        "Actual Startup Time": 0.002,
        "Actual Total Time": 1.074,
        "Actual Rows": 6107,
        "Actual Loops": 1,
        "Output": ["'e6000000-0000-4000-8000-000000002000'::uuid", "e.folder_id", "e.archive_object_id", "e.source_assignment_id", "e.membership_role", "e.member_ordinal", "'accepted'::provenance.assertion_status", "e.assignment_snapshot_sha256", "e.effective_decision_id", "e.decision_snapshot_sha256"],
        "Shared Hit Blocks": 0,
        "Shared Read Blocks": 0,
        "Shared Dirtied Blocks": 0,
        "Shared Written Blocks": 0,
        "Local Hit Blocks": 192,
        "Local Read Blocks": 0,
        "Local Dirtied Blocks": 0,
        "Local Written Blocks": 0,
        "Temp Read Blocks": 0,
        "Temp Written Blocks": 0,
        "I/O Read Time": 0.000,
        "I/O Write Time": 0.000,
        "Temp I/O Read Time": 0.000,
        "Temp I/O Write Time": 0.000,
        "WAL Records": 0,
        "WAL FPI": 0,
        "WAL Bytes": 0
      }
    ]
  }
}
psql:/private/tmp/graphic_design_archive_v49_release_snapshot_db_closure/database/tests/009_release_projection_snapshot_performance_scale.sql:34: LOG:  duration: 48.960 ms  plan:
{
  "Query Text": "INSERT INTO release.research_search_document_projection_v3\n  SELECT p_release_id,archive_object_id,public_surface_id,title,coalesce(title,'')||' '||source_label,coalesce(title,'')||' '||public_surface_id\n  FROM release.research_surface_presentation_projection_v3 WHERE research_release_id=p_release_id",
  "Plan": {
    "Node Type": "ModifyTable",
    "Operation": "Insert",
    "Parallel Aware": false,
    "Async Capable": false,
    "Relation Name": "research_search_document_projection_v3",
    "Schema": "release",
    "Alias": "research_search_document_projection_v3",
    "Startup Cost": 4.32,
    "Total Cost": 20.77,
    "Plan Rows": 0,
    "Plan Width": 0,
    "Actual Startup Time": 42.321,
    "Actual Total Time": 42.321,
    "Actual Rows": 0,
    "Actual Loops": 1,
    "Shared Hit Blocks": 20014,
    "Shared Read Blocks": 0,
    "Shared Dirtied Blocks": 101,
    "Shared Written Blocks": 103,
    "Local Hit Blocks": 0,
    "Local Read Blocks": 0,
    "Local Dirtied Blocks": 0,
    "Local Written Blocks": 0,
    "Temp Read Blocks": 0,
    "Temp Written Blocks": 0,
    "I/O Read Time": 0.000,
    "I/O Write Time": 0.634,
    "Temp I/O Read Time": 0.000,
    "Temp I/O Write Time": 0.000,
    "WAL Records": 6039,
    "WAL FPI": 0,
    "WAL Bytes": 1010585,
    "Plans": [
      {
        "Node Type": "Bitmap Heap Scan",
        "Parent Relationship": "Outer",
        "Parallel Aware": false,
        "Async Capable": false,
        "Relation Name": "research_surface_presentation_projection_v3",
        "Schema": "release",
        "Alias": "research_surface_presentation_projection_v3",
        "Startup Cost": 4.32,
        "Total Cost": 20.77,
        "Plan Rows": 5,
        "Plan Width": 160,
        "Actual Startup Time": 0.076,
        "Actual Total Time": 0.737,
        "Actual Rows": 2000,
        "Actual Loops": 1,
        "Output": ["'e6000000-0000-4000-8000-000000002000'::uuid", "research_surface_presentation_projection_v3.archive_object_id", "research_surface_presentation_projection_v3.public_surface_id", "research_surface_presentation_projection_v3.title", "((COALESCE(research_surface_presentation_projection_v3.title, ''::text) || ' '::text) || research_surface_presentation_projection_v3.source_label)", "((COALESCE(research_surface_presentation_projection_v3.title, ''::text) || ' '::text) || research_surface_presentation_projection_v3.public_surface_id)"],
        "Recheck Cond": "(research_surface_presentation_projection_v3.research_release_id = 'e6000000-0000-4000-8000-000000002000'::uuid)",
        "Rows Removed by Index Recheck": 0,
        "Exact Heap Blocks": 84,
        "Lossy Heap Blocks": 0,
        "Shared Hit Blocks": 112,
        "Shared Read Blocks": 0,
        "Shared Dirtied Blocks": 0,
        "Shared Written Blocks": 0,
        "Local Hit Blocks": 0,
        "Local Read Blocks": 0,
        "Local Dirtied Blocks": 0,
        "Local Written Blocks": 0,
        "Temp Read Blocks": 0,
        "Temp Written Blocks": 0,
        "I/O Read Time": 0.000,
        "I/O Write Time": 0.000,
        "Temp I/O Read Time": 0.000,
        "Temp I/O Write Time": 0.000,
        "WAL Records": 0,
        "WAL FPI": 0,
        "WAL Bytes": 0,
        "Plans": [
          {
            "Node Type": "Bitmap Index Scan",
            "Parent Relationship": "Outer",
            "Parallel Aware": false,
            "Async Capable": false,
            "Index Name": "research_surface_presentation_research_release_id_public_su_key",
            "Startup Cost": 0.00,
            "Total Cost": 4.31,
            "Plan Rows": 5,
            "Plan Width": 0,
            "Actual Startup Time": 0.068,
            "Actual Total Time": 0.068,
            "Actual Rows": 2000,
            "Actual Loops": 1,
            "Index Cond": "(research_surface_presentation_projection_v3.research_release_id = 'e6000000-0000-4000-8000-000000002000'::uuid)",
            "Shared Hit Blocks": 28,
            "Shared Read Blocks": 0,
            "Shared Dirtied Blocks": 0,
            "Shared Written Blocks": 0,
            "Local Hit Blocks": 0,
            "Local Read Blocks": 0,
            "Local Dirtied Blocks": 0,
            "Local Written Blocks": 0,
            "Temp Read Blocks": 0,
            "Temp Written Blocks": 0,
            "I/O Read Time": 0.000,
            "I/O Write Time": 0.000,
            "Temp I/O Read Time": 0.000,
            "Temp I/O Write Time": 0.000,
            "WAL Records": 0,
            "WAL FPI": 0,
            "WAL Bytes": 0
          }
        ]
      }
    ]
  }
}
psql:/private/tmp/graphic_design_archive_v49_release_snapshot_db_closure/database/tests/009_release_projection_snapshot_performance_scale.sql:34: LOG:  duration: 1.080 ms  plan:
{
  "Query Text": "INSERT INTO release.research_corpus_summary_projection_v3\n  SELECT p_release_id,cv.corpus_version_id,c.corpus_token,cv.version_token,c.label,\n    count(*) FILTER (WHERE cm.disposition='eligible'),count(*) FILTER (WHERE cm.disposition='held')\n  FROM research.corpus_version cv JOIN research.corpus c ON c.corpus_id=cv.corpus_id\n  LEFT JOIN research.corpus_membership cm ON cm.corpus_version_id=cv.corpus_version_id\n  WHERE cv.corpus_version_id=v_corpus_version_id\n  GROUP BY cv.corpus_version_id,c.corpus_token,cv.version_token,c.label",
  "Plan": {
    "Node Type": "ModifyTable",
    "Operation": "Insert",
    "Parallel Aware": false,
    "Async Capable": false,
    "Relation Name": "research_corpus_summary_projection_v3",
    "Schema": "release",
    "Alias": "research_corpus_summary_projection_v3",
    "Startup Cost": 122.36,
    "Total Cost": 129.36,
    "Plan Rows": 0,
    "Plan Width": 0,
    "Actual Startup Time": 1.080,
    "Actual Total Time": 1.080,
    "Actual Rows": 0,
    "Actual Loops": 1,
    "Shared Hit Blocks": 67,
    "Shared Read Blocks": 0,
    "Shared Dirtied Blocks": 2,
    "Shared Written Blocks": 2,
    "Local Hit Blocks": 0,
    "Local Read Blocks": 0,
    "Local Dirtied Blocks": 0,
    "Local Written Blocks": 0,
    "Temp Read Blocks": 0,
    "Temp Written Blocks": 0,
    "I/O Read Time": 0.000,
    "I/O Write Time": 0.063,
    "Temp I/O Read Time": 0.000,
    "Temp I/O Write Time": 0.000,
    "WAL Records": 3,
    "WAL FPI": 0,
    "WAL Bytes": 353,
    "Plans": [
      {
        "Node Type": "Aggregate",
        "Strategy": "Hashed",
        "Partial Mode": "Simple",
        "Parent Relationship": "Outer",
        "Parallel Aware": false,
        "Async Capable": false,
        "Startup Cost": 122.36,
        "Total Cost": 129.36,
        "Plan Rows": 700,
        "Plan Width": 144,
        "Actual Startup Time": 0.595,
        "Actual Total Time": 0.597,
        "Actual Rows": 1,
        "Actual Loops": 1,
        "Output": ["'e6000000-0000-4000-8000-000000002000'::uuid", "cv.corpus_version_id", "c.corpus_token", "cv.version_token", "c.label", "count(*) FILTER (WHERE (cm.disposition = 'eligible'::research.membership_disposition))", "count(*) FILTER (WHERE (cm.disposition = 'held'::research.membership_disposition))"],
        "Group Key": ["c.corpus_token", "c.label"],
        "Planned Partitions": 0,
        "HashAgg Batches": 1,
        "Peak Memory Usage": 49,
        "Disk Usage": 0,
        "Shared Hit Blocks": 35,
        "Shared Read Blocks": 0,
        "Shared Dirtied Blocks": 0,
        "Shared Written Blocks": 0,
        "Local Hit Blocks": 0,
        "Local Read Blocks": 0,
        "Local Dirtied Blocks": 0,
        "Local Written Blocks": 0,
        "Temp Read Blocks": 0,
        "Temp Written Blocks": 0,
        "I/O Read Time": 0.000,
        "I/O Write Time": 0.000,
        "Temp I/O Read Time": 0.000,
        "Temp I/O Write Time": 0.000,
        "WAL Records": 0,
        "WAL FPI": 0,
        "WAL Bytes": 0,
        "Plans": [
          {
            "Node Type": "Nested Loop",
            "Parent Relationship": "Outer",
            "Parallel Aware": false,
            "Async Capable": false,
            "Join Type": "Left",
            "Startup Cost": 0.30,
            "Total Cost": 92.36,
            "Plan Rows": 2000,
            "Plan Width": 116,
            "Actual Startup Time": 0.027,
            "Actual Total Time": 0.307,
            "Actual Rows": 2000,
            "Actual Loops": 1,
            "Output": ["c.corpus_token", "c.label", "cv.corpus_version_id", "cv.version_token", "cm.disposition"],
            "Inner Unique": false,
            "Shared Hit Blocks": 35,
            "Shared Read Blocks": 0,
            "Shared Dirtied Blocks": 0,
            "Shared Written Blocks": 0,
            "Local Hit Blocks": 0,
            "Local Read Blocks": 0,
            "Local Dirtied Blocks": 0,
            "Local Written Blocks": 0,
            "Temp Read Blocks": 0,
            "Temp Written Blocks": 0,
            "I/O Read Time": 0.000,
            "I/O Write Time": 0.000,
            "Temp I/O Read Time": 0.000,
            "Temp I/O Write Time": 0.000,
            "WAL Records": 0,
            "WAL FPI": 0,
            "WAL Bytes": 0,
            "Plans": [
              {
                "Node Type": "Nested Loop",
                "Parent Relationship": "Outer",
                "Parallel Aware": false,
                "Async Capable": false,
                "Join Type": "Inner",
                "Startup Cost": 0.30,
                "Total Cost": 16.36,
                "Plan Rows": 1,
                "Plan Width": 112,
                "Actual Startup Time": 0.023,
                "Actual Total Time": 0.023,
                "Actual Rows": 1,
                "Actual Loops": 1,
                "Output": ["cv.corpus_version_id", "cv.version_token", "c.corpus_token", "c.label"],
                "Inner Unique": true,
                "Shared Hit Blocks": 4,
                "Shared Read Blocks": 0,
                "Shared Dirtied Blocks": 0,
                "Shared Written Blocks": 0,
                "Local Hit Blocks": 0,
                "Local Read Blocks": 0,
                "Local Dirtied Blocks": 0,
                "Local Written Blocks": 0,
                "Temp Read Blocks": 0,
                "Temp Written Blocks": 0,
                "I/O Read Time": 0.000,
                "I/O Write Time": 0.000,
                "Temp I/O Read Time": 0.000,
                "Temp I/O Write Time": 0.000,
                "WAL Records": 0,
                "WAL FPI": 0,
                "WAL Bytes": 0,
                "Plans": [
                  {
                    "Node Type": "Index Scan",
                    "Parent Relationship": "Outer",
                    "Parallel Aware": false,
                    "Async Capable": false,
                    "Scan Direction": "Forward",
                    "Index Name": "corpus_version_exact_policy_pair",
                    "Relation Name": "corpus_version",
                    "Schema": "research",
                    "Alias": "cv",
                    "Startup Cost": 0.15,
                    "Total Cost": 8.17,
                    "Plan Rows": 1,
                    "Plan Width": 64,
                    "Actual Startup Time": 0.013,
                    "Actual Total Time": 0.013,
                    "Actual Rows": 1,
                    "Actual Loops": 1,
                    "Output": ["cv.corpus_version_id", "cv.corpus_id", "cv.version_token", "cv.policy_version", "cv.policy_sha256", "cv.population_frame", "cv.created_at"],
                    "Index Cond": "(cv.corpus_version_id = 'a4000000-0000-4000-8000-000000000002'::uuid)",
                    "Rows Removed by Index Recheck": 0,
                    "Shared Hit Blocks": 2,
                    "Shared Read Blocks": 0,
                    "Shared Dirtied Blocks": 0,
                    "Shared Written Blocks": 0,
                    "Local Hit Blocks": 0,
                    "Local Read Blocks": 0,
                    "Local Dirtied Blocks": 0,
                    "Local Written Blocks": 0,
                    "Temp Read Blocks": 0,
                    "Temp Written Blocks": 0,
                    "I/O Read Time": 0.000,
                    "I/O Write Time": 0.000,
                    "Temp I/O Read Time": 0.000,
                    "Temp I/O Write Time": 0.000,
                    "WAL Records": 0,
                    "WAL FPI": 0,
                    "WAL Bytes": 0
                  },
                  {
                    "Node Type": "Index Scan",
                    "Parent Relationship": "Inner",
                    "Parallel Aware": false,
                    "Async Capable": false,
                    "Scan Direction": "Forward",
                    "Index Name": "corpus_pkey",
                    "Relation Name": "corpus",
                    "Schema": "research",
                    "Alias": "c",
                    "Startup Cost": 0.15,
                    "Total Cost": 8.17,
                    "Plan Rows": 1,
                    "Plan Width": 80,
                    "Actual Startup Time": 0.008,
                    "Actual Total Time": 0.008,
                    "Actual Rows": 1,
                    "Actual Loops": 1,
                    "Output": ["c.corpus_id", "c.corpus_token", "c.label", "c.created_at"],
                    "Index Cond": "(c.corpus_id = cv.corpus_id)",
                    "Rows Removed by Index Recheck": 0,
                    "Shared Hit Blocks": 2,
                    "Shared Read Blocks": 0,
                    "Shared Dirtied Blocks": 0,
                    "Shared Written Blocks": 0,
                    "Local Hit Blocks": 0,
                    "Local Read Blocks": 0,
                    "Local Dirtied Blocks": 0,
                    "Local Written Blocks": 0,
                    "Temp Read Blocks": 0,
                    "Temp Written Blocks": 0,
                    "I/O Read Time": 0.000,
                    "I/O Write Time": 0.000,
                    "Temp I/O Read Time": 0.000,
                    "Temp I/O Write Time": 0.000,
                    "WAL Records": 0,
                    "WAL FPI": 0,
                    "WAL Bytes": 0
                  }
                ]
              },
              {
                "Node Type": "Seq Scan",
                "Parent Relationship": "Inner",
                "Parallel Aware": false,
                "Async Capable": false,
                "Relation Name": "corpus_membership",
                "Schema": "research",
                "Alias": "cm",
                "Startup Cost": 0.00,
                "Total Cost": 56.00,
                "Plan Rows": 2000,
                "Plan Width": 20,
                "Actual Startup Time": 0.004,
                "Actual Total Time": 0.174,
                "Actual Rows": 2000,
                "Actual Loops": 1,
                "Output": ["cm.corpus_version_id", "cm.archive_object_id", "cm.disposition", "cm.reason_code", "cm.evidence_item_id", "cm.decided_by", "cm.decided_at"],
                "Filter": "(cm.corpus_version_id = 'a4000000-0000-4000-8000-000000000002'::uuid)",
                "Rows Removed by Filter": 0,
                "Shared Hit Blocks": 31,
                "Shared Read Blocks": 0,
                "Shared Dirtied Blocks": 0,
                "Shared Written Blocks": 0,
                "Local Hit Blocks": 0,
                "Local Read Blocks": 0,
                "Local Dirtied Blocks": 0,
                "Local Written Blocks": 0,
                "Temp Read Blocks": 0,
                "Temp Written Blocks": 0,
                "I/O Read Time": 0.000,
                "I/O Write Time": 0.000,
                "Temp I/O Read Time": 0.000,
                "Temp I/O Write Time": 0.000,
                "WAL Records": 0,
                "WAL FPI": 0,
                "WAL Bytes": 0
              }
            ]
          }
        ]
      }
    ]
  }
}
psql:/private/tmp/graphic_design_archive_v49_release_snapshot_db_closure/database/tests/009_release_projection_snapshot_performance_scale.sql:34: LOG:  duration: 4.580 ms  plan:
{
  "Query Text": "INSERT INTO release.research_launch_source_disposition_count_v3\n  SELECT p_release_id,'corpusMemberships',x.disposition,count(cm.*)\n  FROM (VALUES ('eligible'),('held'),('rejected'),('excluded')) x(disposition)\n  LEFT JOIN research.corpus_membership cm ON cm.corpus_version_id=v_corpus_version_id AND cm.disposition::text=x.disposition\n  GROUP BY x.disposition\n  UNION ALL\n  SELECT p_release_id,'folderAssignments',x.disposition,count(a.*)\n  FROM (VALUES ('proposed'),('accepted'),('rejected'),('superseded')) x(disposition)\n  LEFT JOIN provenance.canonical_assignment a ON a.assignment_kind='folder_membership' AND a.status::text=x.disposition\n  GROUP BY x.disposition",
  "Plan": {
    "Node Type": "ModifyTable",
    "Operation": "Insert",
    "Parallel Aware": false,
    "Async Capable": false,
    "Relation Name": "research_launch_source_disposition_count_v3",
    "Schema": "release",
    "Alias": "research_launch_source_disposition_count_v3",
    "Startup Cost": 69.20,
    "Total Cost": 230.76,
    "Plan Rows": 0,
    "Plan Width": 0,
    "Actual Startup Time": 4.444,
    "Actual Total Time": 4.452,
    "Actual Rows": 0,
    "Actual Loops": 1,
    "Shared Hit Blocks": 163,
    "Shared Read Blocks": 0,
    "Shared Dirtied Blocks": 2,
    "Shared Written Blocks": 2,
    "Local Hit Blocks": 0,
    "Local Read Blocks": 0,
    "Local Dirtied Blocks": 0,
    "Local Written Blocks": 0,
    "Temp Read Blocks": 0,
    "Temp Written Blocks": 0,
    "I/O Read Time": 0.000,
    "I/O Write Time": 0.046,
    "Temp I/O Read Time": 0.000,
    "Temp I/O Write Time": 0.000,
    "WAL Records": 17,
    "WAL FPI": 0,
    "WAL Bytes": 1794,
    "Plans": [
      {
        "Node Type": "Append",
        "Parent Relationship": "Outer",
        "Parallel Aware": false,
        "Async Capable": false,
        "Startup Cost": 69.20,
        "Total Cost": 230.76,
        "Plan Rows": 8,
        "Plan Width": 88,
        "Actual Startup Time": 1.015,
        "Actual Total Time": 3.879,
        "Actual Rows": 8,
        "Actual Loops": 1,
        "Shared Hit Blocks": 76,
        "Shared Read Blocks": 0,
        "Shared Dirtied Blocks": 0,
        "Shared Written Blocks": 0,
        "Local Hit Blocks": 0,
        "Local Read Blocks": 0,
        "Local Dirtied Blocks": 0,
        "Local Written Blocks": 0,
        "Temp Read Blocks": 0,
        "Temp Written Blocks": 0,
        "I/O Read Time": 0.000,
        "I/O Write Time": 0.000,
        "Temp I/O Read Time": 0.000,
        "Temp I/O Write Time": 0.000,
        "WAL Records": 0,
        "WAL FPI": 0,
        "WAL Bytes": 0,
        "Subplans Removed": 0,
        "Plans": [
          {
            "Node Type": "Aggregate",
            "Strategy": "Hashed",
            "Partial Mode": "Simple",
            "Parent Relationship": "Member",
            "Parallel Aware": false,
            "Async Capable": false,
            "Startup Cost": 69.20,
            "Total Cost": 69.24,
            "Plan Rows": 4,
            "Plan Width": 88,
            "Actual Startup Time": 1.015,
            "Actual Total Time": 1.017,
            "Actual Rows": 4,
            "Actual Loops": 1,
            "Output": ["'e6000000-0000-4000-8000-000000002000'::uuid", "'corpusMemberships'::text", "\"*VALUES*\".column1", "count(cm.*)"],
            "Group Key": ["\"*VALUES*\".column1"],
            "Planned Partitions": 0,
            "HashAgg Batches": 1,
            "Peak Memory Usage": 24,
            "Disk Usage": 0,
            "Shared Hit Blocks": 31,
            "Shared Read Blocks": 0,
            "Shared Dirtied Blocks": 0,
            "Shared Written Blocks": 0,
            "Local Hit Blocks": 0,
            "Local Read Blocks": 0,
            "Local Dirtied Blocks": 0,
            "Local Written Blocks": 0,
            "Temp Read Blocks": 0,
            "Temp Written Blocks": 0,
            "I/O Read Time": 0.000,
            "I/O Write Time": 0.000,
            "Temp I/O Read Time": 0.000,
            "Temp I/O Write Time": 0.000,
            "WAL Records": 0,
            "WAL FPI": 0,
            "WAL Bytes": 0,
            "Plans": [
              {
                "Node Type": "Hash Join",
                "Parent Relationship": "Outer",
                "Parallel Aware": false,
                "Async Capable": false,
                "Join Type": "Right",
                "Startup Cost": 0.10,
                "Total Cost": 69.00,
                "Plan Rows": 40,
                "Plan Width": 146,
                "Actual Startup Time": 0.011,
                "Actual Total Time": 0.841,
                "Actual Rows": 2003,
                "Actual Loops": 1,
                "Output": ["\"*VALUES*\".column1", "cm.*"],
                "Inner Unique": false,
                "Hash Cond": "((cm.disposition)::text = \"*VALUES*\".column1)",
                "Shared Hit Blocks": 31,
                "Shared Read Blocks": 0,
                "Shared Dirtied Blocks": 0,
                "Shared Written Blocks": 0,
                "Local Hit Blocks": 0,
                "Local Read Blocks": 0,
                "Local Dirtied Blocks": 0,
                "Local Written Blocks": 0,
                "Temp Read Blocks": 0,
                "Temp Written Blocks": 0,
                "I/O Read Time": 0.000,
                "I/O Write Time": 0.000,
                "Temp I/O Read Time": 0.000,
                "Temp I/O Write Time": 0.000,
                "WAL Records": 0,
                "WAL FPI": 0,
                "WAL Bytes": 0,
                "Plans": [
                  {
                    "Node Type": "Seq Scan",
                    "Parent Relationship": "Outer",
                    "Parallel Aware": false,
                    "Async Capable": false,
                    "Relation Name": "corpus_membership",
                    "Schema": "research",
                    "Alias": "cm",
                    "Startup Cost": 0.00,
                    "Total Cost": 56.00,
                    "Plan Rows": 2000,
                    "Plan Width": 118,
                    "Actual Startup Time": 0.005,
                    "Actual Total Time": 0.426,
                    "Actual Rows": 2000,
                    "Actual Loops": 1,
                    "Output": ["cm.*", "cm.disposition"],
                    "Filter": "(cm.corpus_version_id = 'a4000000-0000-4000-8000-000000000002'::uuid)",
                    "Rows Removed by Filter": 0,
                    "Shared Hit Blocks": 31,
                    "Shared Read Blocks": 0,
                    "Shared Dirtied Blocks": 0,
                    "Shared Written Blocks": 0,
                    "Local Hit Blocks": 0,
                    "Local Read Blocks": 0,
                    "Local Dirtied Blocks": 0,
                    "Local Written Blocks": 0,
                    "Temp Read Blocks": 0,
                    "Temp Written Blocks": 0,
                    "I/O Read Time": 0.000,
                    "I/O Write Time": 0.000,
                    "Temp I/O Read Time": 0.000,
                    "Temp I/O Write Time": 0.000,
                    "WAL Records": 0,
                    "WAL FPI": 0,
                    "WAL Bytes": 0
                  },
                  {
                    "Node Type": "Hash",
                    "Parent Relationship": "Inner",
                    "Parallel Aware": false,
                    "Async Capable": false,
                    "Startup Cost": 0.05,
                    "Total Cost": 0.05,
                    "Plan Rows": 4,
                    "Plan Width": 32,
                    "Actual Startup Time": 0.002,
                    "Actual Total Time": 0.002,
                    "Actual Rows": 4,
                    "Actual Loops": 1,
                    "Output": ["\"*VALUES*\".column1"],
                    "Hash Buckets": 1024,
                    "Original Hash Buckets": 1024,
                    "Hash Batches": 1,
                    "Original Hash Batches": 1,
                    "Peak Memory Usage": 9,
                    "Shared Hit Blocks": 0,
                    "Shared Read Blocks": 0,
                    "Shared Dirtied Blocks": 0,
                    "Shared Written Blocks": 0,
                    "Local Hit Blocks": 0,
                    "Local Read Blocks": 0,
                    "Local Dirtied Blocks": 0,
                    "Local Written Blocks": 0,
                    "Temp Read Blocks": 0,
                    "Temp Written Blocks": 0,
                    "I/O Read Time": 0.000,
                    "I/O Write Time": 0.000,
                    "Temp I/O Read Time": 0.000,
                    "Temp I/O Write Time": 0.000,
                    "WAL Records": 0,
                    "WAL FPI": 0,
                    "WAL Bytes": 0,
                    "Plans": [
                      {
                        "Node Type": "Values Scan",
                        "Parent Relationship": "Outer",
                        "Parallel Aware": false,
                        "Async Capable": false,
                        "Alias": "*VALUES*",
                        "Startup Cost": 0.00,
                        "Total Cost": 0.05,
                        "Plan Rows": 4,
                        "Plan Width": 32,
                        "Actual Startup Time": 0.000,
                        "Actual Total Time": 0.001,
                        "Actual Rows": 4,
                        "Actual Loops": 1,
                        "Output": ["\"*VALUES*\".column1"],
                        "Shared Hit Blocks": 0,
                        "Shared Read Blocks": 0,
                        "Shared Dirtied Blocks": 0,
                        "Shared Written Blocks": 0,
                        "Local Hit Blocks": 0,
                        "Local Read Blocks": 0,
                        "Local Dirtied Blocks": 0,
                        "Local Written Blocks": 0,
                        "Temp Read Blocks": 0,
                        "Temp Written Blocks": 0,
                        "I/O Read Time": 0.000,
                        "I/O Write Time": 0.000,
                        "Temp I/O Read Time": 0.000,
                        "Temp I/O Write Time": 0.000,
                        "WAL Records": 0,
                        "WAL FPI": 0,
                        "WAL Bytes": 0
                      }
                    ]
                  }
                ]
              }
            ]
          },
          {
            "Node Type": "Aggregate",
            "Strategy": "Hashed",
            "Partial Mode": "Simple",
            "Parent Relationship": "Member",
            "Parallel Aware": false,
            "Async Capable": false,
            "Startup Cost": 161.44,
            "Total Cost": 161.48,
            "Plan Rows": 4,
            "Plan Width": 88,
            "Actual Startup Time": 2.853,
            "Actual Total Time": 2.860,
            "Actual Rows": 4,
            "Actual Loops": 1,
            "Output": ["'e6000000-0000-4000-8000-000000002000'::uuid", "'folderAssignments'::text", "\"*VALUES*_1\".column1", "count(a.*)"],
            "Group Key": ["\"*VALUES*_1\".column1"],
            "Planned Partitions": 0,
            "HashAgg Batches": 1,
            "Peak Memory Usage": 24,
            "Disk Usage": 0,
            "Shared Hit Blocks": 45,
            "Shared Read Blocks": 0,
            "Shared Dirtied Blocks": 0,
            "Shared Written Blocks": 0,
            "Local Hit Blocks": 0,
            "Local Read Blocks": 0,
            "Local Dirtied Blocks": 0,
            "Local Written Blocks": 0,
            "Temp Read Blocks": 0,
            "Temp Written Blocks": 0,
            "I/O Read Time": 0.000,
            "I/O Write Time": 0.000,
            "Temp I/O Read Time": 0.000,
            "Temp I/O Write Time": 0.000,
            "WAL Records": 0,
            "WAL FPI": 0,
            "WAL Bytes": 0,
            "Plans": [
              {
                "Node Type": "Hash Join",
                "Parent Relationship": "Outer",
                "Parallel Aware": false,
                "Async Capable": false,
                "Join Type": "Right",
                "Startup Cost": 0.10,
                "Total Cost": 160.83,
                "Plan Rows": 122,
                "Plan Width": 104,
                "Actual Startup Time": 0.008,
                "Actual Total Time": 2.296,
                "Actual Rows": 6110,
                "Actual Loops": 1,
                "Output": ["\"*VALUES*_1\".column1", "a.*"],
                "Inner Unique": false,
                "Hash Cond": "((a.status)::text = \"*VALUES*_1\".column1)",
                "Shared Hit Blocks": 45,
                "Shared Read Blocks": 0,
                "Shared Dirtied Blocks": 0,
                "Shared Written Blocks": 0,
                "Local Hit Blocks": 0,
                "Local Read Blocks": 0,
                "Local Dirtied Blocks": 0,
                "Local Written Blocks": 0,
                "Temp Read Blocks": 0,
                "Temp Written Blocks": 0,
                "I/O Read Time": 0.000,
                "I/O Write Time": 0.000,
                "Temp I/O Read Time": 0.000,
                "Temp I/O Write Time": 0.000,
                "WAL Records": 0,
                "WAL FPI": 0,
                "WAL Bytes": 0,
                "Plans": [
                  {
                    "Node Type": "Seq Scan",
                    "Parent Relationship": "Outer",
                    "Parallel Aware": false,
                    "Async Capable": false,
                    "Relation Name": "canonical_assignment",
                    "Schema": "provenance",
                    "Alias": "a",
                    "Startup Cost": 0.00,
                    "Total Cost": 121.34,
                    "Plan Rows": 6107,
                    "Plan Width": 76,
                    "Actual Startup Time": 0.005,
                    "Actual Total Time": 1.035,
                    "Actual Rows": 6107,
                    "Actual Loops": 1,
                    "Output": ["a.*", "a.status"],
                    "Filter": "(a.assignment_kind = 'folder_membership'::provenance.assignment_kind)",
                    "Rows Removed by Filter": 0,
                    "Shared Hit Blocks": 45,
                    "Shared Read Blocks": 0,
                    "Shared Dirtied Blocks": 0,
                    "Shared Written Blocks": 0,
                    "Local Hit Blocks": 0,
                    "Local Read Blocks": 0,
                    "Local Dirtied Blocks": 0,
                    "Local Written Blocks": 0,
                    "Temp Read Blocks": 0,
                    "Temp Written Blocks": 0,
                    "I/O Read Time": 0.000,
                    "I/O Write Time": 0.000,
                    "Temp I/O Read Time": 0.000,
                    "Temp I/O Write Time": 0.000,
                    "WAL Records": 0,
                    "WAL FPI": 0,
                    "WAL Bytes": 0
                  },
                  {
                    "Node Type": "Hash",
                    "Parent Relationship": "Inner",
                    "Parallel Aware": false,
                    "Async Capable": false,
                    "Startup Cost": 0.05,
                    "Total Cost": 0.05,
                    "Plan Rows": 4,
                    "Plan Width": 32,
                    "Actual Startup Time": 0.001,
                    "Actual Total Time": 0.002,
                    "Actual Rows": 4,
                    "Actual Loops": 1,
                    "Output": ["\"*VALUES*_1\".column1"],
                    "Hash Buckets": 1024,
                    "Original Hash Buckets": 1024,
                    "Hash Batches": 1,
                    "Original Hash Batches": 1,
                    "Peak Memory Usage": 9,
                    "Shared Hit Blocks": 0,
                    "Shared Read Blocks": 0,
                    "Shared Dirtied Blocks": 0,
                    "Shared Written Blocks": 0,
                    "Local Hit Blocks": 0,
                    "Local Read Blocks": 0,
                    "Local Dirtied Blocks": 0,
                    "Local Written Blocks": 0,
                    "Temp Read Blocks": 0,
                    "Temp Written Blocks": 0,
                    "I/O Read Time": 0.000,
                    "I/O Write Time": 0.000,
                    "Temp I/O Read Time": 0.000,
                    "Temp I/O Write Time": 0.000,
                    "WAL Records": 0,
                    "WAL FPI": 0,
                    "WAL Bytes": 0,
                    "Plans": [
                      {
                        "Node Type": "Values Scan",
                        "Parent Relationship": "Outer",
                        "Parallel Aware": false,
                        "Async Capable": false,
                        "Alias": "*VALUES*_1",
                        "Startup Cost": 0.00,
                        "Total Cost": 0.05,
                        "Plan Rows": 4,
                        "Plan Width": 32,
                        "Actual Startup Time": 0.000,
                        "Actual Total Time": 0.001,
                        "Actual Rows": 4,
                        "Actual Loops": 1,
                        "Output": ["\"*VALUES*_1\".column1"],
                        "Shared Hit Blocks": 0,
                        "Shared Read Blocks": 0,
                        "Shared Dirtied Blocks": 0,
                        "Shared Written Blocks": 0,
                        "Local Hit Blocks": 0,
                        "Local Read Blocks": 0,
                        "Local Dirtied Blocks": 0,
                        "Local Written Blocks": 0,
                        "Temp Read Blocks": 0,
                        "Temp Written Blocks": 0,
                        "I/O Read Time": 0.000,
                        "I/O Write Time": 0.000,
                        "Temp I/O Read Time": 0.000,
                        "Temp I/O Write Time": 0.000,
                        "WAL Records": 0,
                        "WAL FPI": 0,
                        "WAL Bytes": 0
                      }
                    ]
                  }
                ]
              }
            ]
          }
        ]
      }
    ]
  }
}
psql:/private/tmp/graphic_design_archive_v49_release_snapshot_db_closure/database/tests/009_release_projection_snapshot_performance_scale.sql:34: LOG:  duration: 150.054 ms  plan:
{
  "Query Text": "INSERT INTO gda_v5_component_rows\n  SELECT 'releaseObjects',archive_object_id::text,encode(sha256(convert_to(jsonb_build_array(archive_object_id,object_urn,legacy_surface_id,title,publication_layer,acceptance_state,workflow_state)::text,'UTF8')),'hex')::core.sha256_hex FROM release.research_release_object WHERE research_release_id=p_release_id\n  UNION ALL SELECT 'surfacePresentation',archive_object_id::text,encode(sha256(convert_to(jsonb_build_array(archive_object_id,public_surface_id,title,title_missingness,display_date,display_date_missingness,normalized_year,normalized_year_missingness,place_label,place_missingness,medium_label,medium_missingness,type_label,type_missingness,source_label,description,description_missingness,public_citation_label,public_source_route,publication_layer)::text,'UTF8')),'hex')::core.sha256_hex FROM release.research_surface_presentation_projection_v3 WHERE research_release_id=p_release_id\n  UNION ALL SELECT 'surfaceCredits',archive_object_id::text||':'||lpad(credit_ordinal::text,12,'0'),encode(sha256(convert_to(jsonb_build_array(archive_object_id,credit_ordinal,credited_label,credit_role)::text,'UTF8')),'hex')::core.sha256_hex FROM release.research_surface_credit_projection_v3 WHERE research_release_id=p_release_id\n  UNION ALL SELECT 'surfaceCitations',archive_object_id::text||':'||lpad(citation_ordinal::text,12,'0'),encode(sha256(convert_to(jsonb_build_array(archive_object_id,citation_ordinal,citation_label,public_source_route)::text,'UTF8')),'hex')::core.sha256_hex FROM release.research_surface_citation_projection_v3 WHERE research_release_id=p_release_id\n  UNION ALL SELECT 'folderTypes',lpad(sort_ordinal::text,12,'0')||':'||folder_type_code,encode(sha256(convert_to(jsonb_build_array(folder_type_code,type_label,sort_ordinal)::text,'UTF8')),'hex')::core.sha256_hex FROM release.research_folder_type_projection_v3 WHERE research_release_id=p_release_id\n  UNION ALL SELECT 'folders',folder_type_code||':'||lpad(sort_ordinal::text,12,'0')||':'||folder_id::text,encode(sha256(convert_to(jsonb_build_array(folder_id,folder_token,folder_type_code,slug,label,scope_note,sort_ordinal)::text,'UTF8')),'hex')::core.sha256_hex FROM release.research_folder_projection_v3 WHERE research_release_id=p_release_id\n  UNION ALL SELECT 'folderMemberships',folder_id::text||':'||membership_role||':'||lpad(member_ordinal::text,12,'0')||':'||archive_object_id::text,encode(sha256(convert_to(jsonb_build_array(folder_id,archive_object_id,source_assignment_id,membership_role,member_ordinal,source_assignment_status,source_assignment_snapshot_sha256,effective_decision_id,effective_decision_snapshot_sha256)::text,'UTF8')),'hex')::core.sha256_hex FROM release.research_folder_membership_projection_v3 WHERE research_release_id=p_release_id\n  UNION ALL SELECT 'searchDocuments',sort_key||':'||archive_object_id::text,encode(sha256(convert_to(jsonb_build_array(archive_object_id,public_surface_id,title,search_document,sort_key)::text,'UTF8')),'hex')::core.sha256_hex FROM release.research_search_document_projection_v3 WHERE research_release_id=p_release_id\n  UNION ALL SELECT 'corpusSummary',corpus_version_id::text,encode(sha256(convert_to(jsonb_build_array(corpus_version_id,corpus_token,corpus_version_token,corpus_label,eligible_object_count,held_object_count)::text,'UTF8')),'hex')::core.sha256_hex FROM release.research_corpus_summary_projection_v3 WHERE research_release_id=p_release_id\n  UNION ALL SELECT 'traceAvailability',research_release_id::text,encode(sha256(convert_to(jsonb_build_array(trace_eligible_object_count,trace_relation_count,availability_reason)::text,'UTF8')),'hex')::core.sha256_hex FROM release.research_trace_availability_projection_v3 WHERE research_release_id=p_release_id",
  "Plan": {
    "Node Type": "ModifyTable",
    "Operation": "Insert",
    "Parallel Aware": false,
    "Async Capable": false,
    "Relation Name": "gda_v5_component_rows",
    "Schema": "pg_temp",
    "Alias": "gda_v5_component_rows",
    "Startup Cost": 4.37,
    "Total Cost": 276.94,
    "Plan Rows": 0,
    "Plan Width": 0,
    "Actual Startup Time": 150.050,
    "Actual Total Time": 150.053,
    "Actual Rows": 0,
    "Actual Loops": 1,
    "Shared Hit Blocks": 621,
    "Shared Read Blocks": 0,
    "Shared Dirtied Blocks": 0,
    "Shared Written Blocks": 0,
    "Local Hit Blocks": 14764,
    "Local Read Blocks": 0,
    "Local Dirtied Blocks": 328,
    "Local Written Blocks": 330,
    "Temp Read Blocks": 0,
    "Temp Written Blocks": 0,
    "I/O Read Time": 0.000,
    "I/O Write Time": 0.000,
    "Temp I/O Read Time": 0.000,
    "Temp I/O Write Time": 0.000,
    "WAL Records": 0,
    "WAL FPI": 0,
    "WAL Bytes": 0,
    "Plans": [
      {
        "Node Type": "Append",
        "Parent Relationship": "Outer",
        "Parallel Aware": false,
        "Async Capable": false,
        "Startup Cost": 4.37,
        "Total Cost": 276.94,
        "Plan Rows": 92,
        "Plan Width": 96,
        "Actual Startup Time": 0.100,
        "Actual Total Time": 143.725,
        "Actual Rows": 14114,
        "Actual Loops": 1,
        "Shared Hit Blocks": 621,
        "Shared Read Blocks": 0,
        "Shared Dirtied Blocks": 0,
        "Shared Written Blocks": 0,
        "Local Hit Blocks": 0,
        "Local Read Blocks": 0,
        "Local Dirtied Blocks": 0,
        "Local Written Blocks": 0,
        "Temp Read Blocks": 0,
        "Temp Written Blocks": 0,
        "I/O Read Time": 0.000,
        "I/O Write Time": 0.000,
        "Temp I/O Read Time": 0.000,
        "Temp I/O Write Time": 0.000,
        "WAL Records": 0,
        "WAL FPI": 0,
        "WAL Bytes": 0,
        "Subplans Removed": 0,
        "Plans": [
          {
            "Node Type": "Bitmap Heap Scan",
            "Parent Relationship": "Member",
            "Parallel Aware": false,
            "Async Capable": false,
            "Relation Name": "research_release_object",
            "Schema": "release",
            "Alias": "research_release_object",
            "Startup Cost": 4.37,
            "Total Cost": 30.91,
            "Plan Rows": 11,
            "Plan Width": 96,
            "Actual Startup Time": 0.100,
            "Actual Total Time": 19.398,
            "Actual Rows": 2000,
            "Actual Loops": 1,
            "Output": ["'releaseObjects'::text", "(research_release_object.archive_object_id)::text", "(encode(sha256(convert_to((jsonb_build_array(research_release_object.archive_object_id, research_release_object.object_urn, research_release_object.legacy_surface_id, research_release_object.title, research_release_object.publication_layer, research_release_object.acceptance_state, research_release_object.workflow_state))::text, 'UTF8'::name)), 'hex'::text))::core.sha256_hex"],
            "Recheck Cond": "(research_release_object.research_release_id = 'e6000000-0000-4000-8000-000000002000'::uuid)",
            "Rows Removed by Index Recheck": 0,
            "Exact Heap Blocks": 47,
            "Lossy Heap Blocks": 0,
            "Shared Hit Blocks": 75,
            "Shared Read Blocks": 0,
            "Shared Dirtied Blocks": 0,
            "Shared Written Blocks": 0,
            "Local Hit Blocks": 0,
            "Local Read Blocks": 0,
            "Local Dirtied Blocks": 0,
            "Local Written Blocks": 0,
            "Temp Read Blocks": 0,
            "Temp Written Blocks": 0,
            "I/O Read Time": 0.000,
            "I/O Write Time": 0.000,
            "Temp I/O Read Time": 0.000,
            "Temp I/O Write Time": 0.000,
            "WAL Records": 0,
            "WAL FPI": 0,
            "WAL Bytes": 0,
            "Plans": [
              {
                "Node Type": "Bitmap Index Scan",
                "Parent Relationship": "Outer",
                "Parallel Aware": false,
                "Async Capable": false,
                "Index Name": "research_release_object_legacy_idx",
                "Startup Cost": 0.00,
                "Total Cost": 4.36,
                "Plan Rows": 11,
                "Plan Width": 0,
                "Actual Startup Time": 0.063,
                "Actual Total Time": 0.063,
                "Actual Rows": 2000,
                "Actual Loops": 1,
                "Index Cond": "(research_release_object.research_release_id = 'e6000000-0000-4000-8000-000000002000'::uuid)",
                "Shared Hit Blocks": 28,
                "Shared Read Blocks": 0,
                "Shared Dirtied Blocks": 0,
                "Shared Written Blocks": 0,
                "Local Hit Blocks": 0,
                "Local Read Blocks": 0,
                "Local Dirtied Blocks": 0,
                "Local Written Blocks": 0,
                "Temp Read Blocks": 0,
                "Temp Written Blocks": 0,
                "I/O Read Time": 0.000,
                "I/O Write Time": 0.000,
                "Temp I/O Read Time": 0.000,
                "Temp I/O Write Time": 0.000,
                "WAL Records": 0,
                "WAL FPI": 0,
                "WAL Bytes": 0
              }
            ]
          },
          {
            "Node Type": "Bitmap Heap Scan",
            "Parent Relationship": "Member",
            "Parallel Aware": false,
            "Async Capable": false,
            "Relation Name": "research_surface_presentation_projection_v3",
            "Schema": "release",
            "Alias": "research_surface_presentation_projection_v3",
            "Startup Cost": 4.32,
            "Total Cost": 20.83,
            "Plan Rows": 5,
            "Plan Width": 96,
            "Actual Startup Time": 0.099,
            "Actual Total Time": 22.117,
            "Actual Rows": 2000,
            "Actual Loops": 1,
            "Output": ["'surfacePresentation'::text", "(research_surface_presentation_projection_v3.archive_object_id)::text", "(encode(sha256(convert_to((jsonb_build_array(research_surface_presentation_projection_v3.archive_object_id, research_surface_presentation_projection_v3.public_surface_id, research_surface_presentation_projection_v3.title, research_surface_presentation_projection_v3.title_missingness, research_surface_presentation_projection_v3.display_date, research_surface_presentation_projection_v3.display_date_missingness, research_surface_presentation_projection_v3.normalized_year, research_surface_presentation_projection_v3.normalized_year_missingness, research_surface_presentation_projection_v3.place_label, research_surface_presentation_projection_v3.place_missingness, research_surface_presentation_projection_v3.medium_label, research_surface_presentation_projection_v3.medium_missingness, research_surface_presentation_projection_v3.type_label, research_surface_presentation_projection_v3.type_missingness, research_surface_presentation_projection_v3.source_label, research_surface_presentation_projection_v3.description, research_surface_presentation_projection_v3.description_missingness, research_surface_presentation_projection_v3.public_citation_label, research_surface_presentation_projection_v3.public_source_route, research_surface_presentation_projection_v3.publication_layer))::text, 'UTF8'::name)), 'hex'::text))::core.sha256_hex"],
            "Recheck Cond": "(research_surface_presentation_projection_v3.research_release_id = 'e6000000-0000-4000-8000-000000002000'::uuid)",
            "Rows Removed by Index Recheck": 0,
            "Exact Heap Blocks": 84,
            "Lossy Heap Blocks": 0,
            "Shared Hit Blocks": 112,
            "Shared Read Blocks": 0,
            "Shared Dirtied Blocks": 0,
            "Shared Written Blocks": 0,
            "Local Hit Blocks": 0,
            "Local Read Blocks": 0,
            "Local Dirtied Blocks": 0,
            "Local Written Blocks": 0,
            "Temp Read Blocks": 0,
            "Temp Written Blocks": 0,
            "I/O Read Time": 0.000,
            "I/O Write Time": 0.000,
            "Temp I/O Read Time": 0.000,
            "Temp I/O Write Time": 0.000,
            "WAL Records": 0,
            "WAL FPI": 0,
            "WAL Bytes": 0,
            "Plans": [
              {
                "Node Type": "Bitmap Index Scan",
                "Parent Relationship": "Outer",
                "Parallel Aware": false,
                "Async Capable": false,
                "Index Name": "research_surface_presentation_research_release_id_public_su_key",
                "Startup Cost": 0.00,
                "Total Cost": 4.31,
                "Plan Rows": 5,
                "Plan Width": 0,
                "Actual Startup Time": 0.071,
                "Actual Total Time": 0.071,
                "Actual Rows": 2000,
                "Actual Loops": 1,
                "Index Cond": "(research_surface_presentation_projection_v3.research_release_id = 'e6000000-0000-4000-8000-000000002000'::uuid)",
                "Shared Hit Blocks": 28,
                "Shared Read Blocks": 0,
                "Shared Dirtied Blocks": 0,
                "Shared Written Blocks": 0,
                "Local Hit Blocks": 0,
                "Local Read Blocks": 0,
                "Local Dirtied Blocks": 0,
                "Local Written Blocks": 0,
                "Temp Read Blocks": 0,
                "Temp Written Blocks": 0,
                "I/O Read Time": 0.000,
                "I/O Write Time": 0.000,
                "Temp I/O Read Time": 0.000,
                "Temp I/O Write Time": 0.000,
                "WAL Records": 0,
                "WAL FPI": 0,
                "WAL Bytes": 0
              }
            ]
          },
          {
            "Node Type": "Bitmap Heap Scan",
            "Parent Relationship": "Member",
            "Parallel Aware": false,
            "Async Capable": false,
            "Relation Name": "research_surface_credit_projection_v3",
            "Schema": "release",
            "Alias": "research_surface_credit_projection_v3",
            "Startup Cost": 4.17,
            "Total Cost": 11.39,
            "Plan Rows": 3,
            "Plan Width": 96,
            "Actual Startup Time": 0.014,
            "Actual Total Time": 0.014,
            "Actual Rows": 0,
            "Actual Loops": 1,
            "Output": ["'surfaceCredits'::text", "(((research_surface_credit_projection_v3.archive_object_id)::text || ':'::text) || lpad((research_surface_credit_projection_v3.credit_ordinal)::text, 12, '0'::text))", "(encode(sha256(convert_to((jsonb_build_array(research_surface_credit_projection_v3.archive_object_id, research_surface_credit_projection_v3.credit_ordinal, research_surface_credit_projection_v3.credited_label, research_surface_credit_projection_v3.credit_role))::text, 'UTF8'::name)), 'hex'::text))::core.sha256_hex"],
            "Recheck Cond": "(research_surface_credit_projection_v3.research_release_id = 'e6000000-0000-4000-8000-000000002000'::uuid)",
            "Rows Removed by Index Recheck": 0,
            "Exact Heap Blocks": 0,
            "Lossy Heap Blocks": 0,
            "Shared Hit Blocks": 3,
            "Shared Read Blocks": 0,
            "Shared Dirtied Blocks": 0,
            "Shared Written Blocks": 0,
            "Local Hit Blocks": 0,
            "Local Read Blocks": 0,
            "Local Dirtied Blocks": 0,
            "Local Written Blocks": 0,
            "Temp Read Blocks": 0,
            "Temp Written Blocks": 0,
            "I/O Read Time": 0.000,
            "I/O Write Time": 0.000,
            "Temp I/O Read Time": 0.000,
            "Temp I/O Write Time": 0.000,
            "WAL Records": 0,
            "WAL FPI": 0,
            "WAL Bytes": 0,
            "Plans": [
              {
                "Node Type": "Bitmap Index Scan",
                "Parent Relationship": "Outer",
                "Parallel Aware": false,
                "Async Capable": false,
                "Index Name": "research_surface_credit_projection_v3_pkey",
                "Startup Cost": 0.00,
                "Total Cost": 4.17,
                "Plan Rows": 3,
                "Plan Width": 0,
                "Actual Startup Time": 0.014,
                "Actual Total Time": 0.014,
                "Actual Rows": 0,
                "Actual Loops": 1,
                "Index Cond": "(research_surface_credit_projection_v3.research_release_id = 'e6000000-0000-4000-8000-000000002000'::uuid)",
                "Shared Hit Blocks": 3,
                "Shared Read Blocks": 0,
                "Shared Dirtied Blocks": 0,
                "Shared Written Blocks": 0,
                "Local Hit Blocks": 0,
                "Local Read Blocks": 0,
                "Local Dirtied Blocks": 0,
                "Local Written Blocks": 0,
                "Temp Read Blocks": 0,
                "Temp Written Blocks": 0,
                "I/O Read Time": 0.000,
                "I/O Write Time": 0.000,
                "Temp I/O Read Time": 0.000,
                "Temp I/O Write Time": 0.000,
                "WAL Records": 0,
                "WAL FPI": 0,
                "WAL Bytes": 0
              }
            ]
          },
          {
            "Node Type": "Bitmap Heap Scan",
            "Parent Relationship": "Member",
            "Parallel Aware": false,
            "Async Capable": false,
            "Relation Name": "research_surface_citation_projection_v3",
            "Schema": "release",
            "Alias": "research_surface_citation_projection_v3",
            "Startup Cost": 4.39,
            "Total Cost": 36.09,
            "Plan Rows": 14,
            "Plan Width": 96,
            "Actual Startup Time": 0.081,
            "Actual Total Time": 17.947,
            "Actual Rows": 2000,
            "Actual Loops": 1,
            "Output": ["'surfaceCitations'::text", "(((research_surface_citation_projection_v3.archive_object_id)::text || ':'::text) || lpad((research_surface_citation_projection_v3.citation_ordinal)::text, 12, '0'::text))", "(encode(sha256(convert_to((jsonb_build_array(research_surface_citation_projection_v3.archive_object_id, research_surface_citation_projection_v3.citation_ordinal, research_surface_citation_projection_v3.citation_label, research_surface_citation_projection_v3.public_source_route))::text, 'UTF8'::name)), 'hex'::text))::core.sha256_hex"],
            "Recheck Cond": "(research_surface_citation_projection_v3.research_release_id = 'e6000000-0000-4000-8000-000000002000'::uuid)",
            "Rows Removed by Index Recheck": 0,
            "Exact Heap Blocks": 45,
            "Lossy Heap Blocks": 0,
            "Shared Hit Blocks": 61,
            "Shared Read Blocks": 0,
            "Shared Dirtied Blocks": 0,
            "Shared Written Blocks": 0,
            "Local Hit Blocks": 0,
            "Local Read Blocks": 0,
            "Local Dirtied Blocks": 0,
            "Local Written Blocks": 0,
            "Temp Read Blocks": 0,
            "Temp Written Blocks": 0,
            "I/O Read Time": 0.000,
            "I/O Write Time": 0.000,
            "Temp I/O Read Time": 0.000,
            "Temp I/O Write Time": 0.000,
            "WAL Records": 0,
            "WAL FPI": 0,
            "WAL Bytes": 0,
            "Plans": [
              {
                "Node Type": "Bitmap Index Scan",
                "Parent Relationship": "Outer",
                "Parallel Aware": false,
                "Async Capable": false,
                "Index Name": "research_surface_citation_projection_v3_pkey",
                "Startup Cost": 0.00,
                "Total Cost": 4.39,
                "Plan Rows": 14,
                "Plan Width": 0,
                "Actual Startup Time": 0.060,
                "Actual Total Time": 0.060,
                "Actual Rows": 2000,
                "Actual Loops": 1,
                "Index Cond": "(research_surface_citation_projection_v3.research_release_id = 'e6000000-0000-4000-8000-000000002000'::uuid)",
                "Shared Hit Blocks": 16,
                "Shared Read Blocks": 0,
                "Shared Dirtied Blocks": 0,
                "Shared Written Blocks": 0,
                "Local Hit Blocks": 0,
                "Local Read Blocks": 0,
                "Local Dirtied Blocks": 0,
                "Local Written Blocks": 0,
                "Temp Read Blocks": 0,
                "Temp Written Blocks": 0,
                "I/O Read Time": 0.000,
                "I/O Write Time": 0.000,
                "Temp I/O Read Time": 0.000,
                "Temp I/O Write Time": 0.000,
                "WAL Records": 0,
                "WAL FPI": 0,
                "WAL Bytes": 0
              }
            ]
          },
          {
            "Node Type": "Bitmap Heap Scan",
            "Parent Relationship": "Member",
            "Parallel Aware": false,
            "Async Capable": false,
            "Relation Name": "research_folder_type_projection_v3",
            "Schema": "release",
            "Alias": "research_folder_type_projection_v3",
            "Startup Cost": 4.18,
            "Total Cost": 12.76,
            "Plan Rows": 4,
            "Plan Width": 96,
            "Actual Startup Time": 0.025,
            "Actual Total Time": 0.025,
            "Actual Rows": 1,
            "Actual Loops": 1,
            "Output": ["'folderTypes'::text", "((lpad((research_folder_type_projection_v3.sort_ordinal)::text, 12, '0'::text) || ':'::text) || research_folder_type_projection_v3.folder_type_code)", "(encode(sha256(convert_to((jsonb_build_array(research_folder_type_projection_v3.folder_type_code, research_folder_type_projection_v3.type_label, research_folder_type_projection_v3.sort_ordinal))::text, 'UTF8'::name)), 'hex'::text))::core.sha256_hex"],
            "Recheck Cond": "(research_folder_type_projection_v3.research_release_id = 'e6000000-0000-4000-8000-000000002000'::uuid)",
            "Rows Removed by Index Recheck": 0,
            "Exact Heap Blocks": 1,
            "Lossy Heap Blocks": 0,
            "Shared Hit Blocks": 2,
            "Shared Read Blocks": 0,
            "Shared Dirtied Blocks": 0,
            "Shared Written Blocks": 0,
            "Local Hit Blocks": 0,
            "Local Read Blocks": 0,
            "Local Dirtied Blocks": 0,
            "Local Written Blocks": 0,
            "Temp Read Blocks": 0,
            "Temp Written Blocks": 0,
            "I/O Read Time": 0.000,
            "I/O Write Time": 0.000,
            "Temp I/O Read Time": 0.000,
            "Temp I/O Write Time": 0.000,
            "WAL Records": 0,
            "WAL FPI": 0,
            "WAL Bytes": 0,
            "Plans": [
              {
                "Node Type": "Bitmap Index Scan",
                "Parent Relationship": "Outer",
                "Parallel Aware": false,
                "Async Capable": false,
                "Index Name": "research_folder_type_projecti_research_release_id_sort_ordi_key",
                "Startup Cost": 0.00,
                "Total Cost": 4.18,
                "Plan Rows": 4,
                "Plan Width": 0,
                "Actual Startup Time": 0.011,
                "Actual Total Time": 0.011,
                "Actual Rows": 1,
                "Actual Loops": 1,
                "Index Cond": "(research_folder_type_projection_v3.research_release_id = 'e6000000-0000-4000-8000-000000002000'::uuid)",
                "Shared Hit Blocks": 1,
                "Shared Read Blocks": 0,
                "Shared Dirtied Blocks": 0,
                "Shared Written Blocks": 0,
                "Local Hit Blocks": 0,
                "Local Read Blocks": 0,
                "Local Dirtied Blocks": 0,
                "Local Written Blocks": 0,
                "Temp Read Blocks": 0,
                "Temp Written Blocks": 0,
                "I/O Read Time": 0.000,
                "I/O Write Time": 0.000,
                "Temp I/O Read Time": 0.000,
                "Temp I/O Write Time": 0.000,
                "WAL Records": 0,
                "WAL FPI": 0,
                "WAL Bytes": 0
              }
            ]
          },
          {
            "Node Type": "Bitmap Heap Scan",
            "Parent Relationship": "Member",
            "Parallel Aware": false,
            "Async Capable": false,
            "Relation Name": "research_folder_projection_v3",
            "Schema": "release",
            "Alias": "research_folder_projection_v3",
            "Startup Cost": 4.16,
            "Total Cost": 9.58,
            "Plan Rows": 2,
            "Plan Width": 96,
            "Actual Startup Time": 0.017,
            "Actual Total Time": 0.046,
            "Actual Rows": 4,
            "Actual Loops": 1,
            "Output": ["'folders'::text", "((((research_folder_projection_v3.folder_type_code || ':'::text) || lpad((research_folder_projection_v3.sort_ordinal)::text, 12, '0'::text)) || ':'::text) || (research_folder_projection_v3.folder_id)::text)", "(encode(sha256(convert_to((jsonb_build_array(research_folder_projection_v3.folder_id, research_folder_projection_v3.folder_token, research_folder_projection_v3.folder_type_code, research_folder_projection_v3.slug, research_folder_projection_v3.label, research_folder_projection_v3.scope_note, research_folder_projection_v3.sort_ordinal))::text, 'UTF8'::name)), 'hex'::text))::core.sha256_hex"],
            "Recheck Cond": "(research_folder_projection_v3.research_release_id = 'e6000000-0000-4000-8000-000000002000'::uuid)",
            "Rows Removed by Index Recheck": 0,
            "Exact Heap Blocks": 1,
            "Lossy Heap Blocks": 0,
            "Shared Hit Blocks": 2,
            "Shared Read Blocks": 0,
            "Shared Dirtied Blocks": 0,
            "Shared Written Blocks": 0,
            "Local Hit Blocks": 0,
            "Local Read Blocks": 0,
            "Local Dirtied Blocks": 0,
            "Local Written Blocks": 0,
            "Temp Read Blocks": 0,
            "Temp Written Blocks": 0,
            "I/O Read Time": 0.000,
            "I/O Write Time": 0.000,
            "Temp I/O Read Time": 0.000,
            "Temp I/O Write Time": 0.000,
            "WAL Records": 0,
            "WAL FPI": 0,
            "WAL Bytes": 0,
            "Plans": [
              {
                "Node Type": "Bitmap Index Scan",
                "Parent Relationship": "Outer",
                "Parallel Aware": false,
                "Async Capable": false,
                "Index Name": "research_folder_projection_v3_type_sort_idx",
                "Startup Cost": 0.00,
                "Total Cost": 4.16,
                "Plan Rows": 2,
                "Plan Width": 0,
                "Actual Startup Time": 0.004,
                "Actual Total Time": 0.004,
                "Actual Rows": 4,
                "Actual Loops": 1,
                "Index Cond": "(research_folder_projection_v3.research_release_id = 'e6000000-0000-4000-8000-000000002000'::uuid)",
                "Shared Hit Blocks": 1,
                "Shared Read Blocks": 0,
                "Shared Dirtied Blocks": 0,
                "Shared Written Blocks": 0,
                "Local Hit Blocks": 0,
                "Local Read Blocks": 0,
                "Local Dirtied Blocks": 0,
                "Local Written Blocks": 0,
                "Temp Read Blocks": 0,
                "Temp Written Blocks": 0,
                "I/O Read Time": 0.000,
                "I/O Write Time": 0.000,
                "Temp I/O Read Time": 0.000,
                "Temp I/O Write Time": 0.000,
                "WAL Records": 0,
                "WAL FPI": 0,
                "WAL Bytes": 0
              }
            ]
          },
          {
            "Node Type": "Bitmap Heap Scan",
            "Parent Relationship": "Member",
            "Parallel Aware": false,
            "Async Capable": false,
            "Relation Name": "research_folder_membership_projection_v3",
            "Schema": "release",
            "Alias": "research_folder_membership_projection_v3",
            "Startup Cost": 4.57,
            "Total Cost": 100.51,
            "Plan Rows": 37,
            "Plan Width": 96,
            "Actual Startup Time": 0.293,
            "Actual Total Time": 65.077,
            "Actual Rows": 6107,
            "Actual Loops": 1,
            "Output": ["'folderMemberships'::text", "(((((((research_folder_membership_projection_v3.folder_id)::text || ':'::text) || research_folder_membership_projection_v3.membership_role) || ':'::text) || lpad((research_folder_membership_projection_v3.member_ordinal)::text, 12, '0'::text)) || ':'::text) || (research_folder_membership_projection_v3.archive_object_id)::text)", "(encode(sha256(convert_to((jsonb_build_array(research_folder_membership_projection_v3.folder_id, research_folder_membership_projection_v3.archive_object_id, research_folder_membership_projection_v3.source_assignment_id, research_folder_membership_projection_v3.membership_role, research_folder_membership_projection_v3.member_ordinal, research_folder_membership_projection_v3.source_assignment_status, research_folder_membership_projection_v3.source_assignment_snapshot_sha256, research_folder_membership_projection_v3.effective_decision_id, research_folder_membership_projection_v3.effective_decision_snapshot_sha256))::text, 'UTF8'::name)), 'hex'::text))::core.sha256_hex"],
            "Recheck Cond": "(research_folder_membership_projection_v3.research_release_id = 'e6000000-0000-4000-8000-000000002000'::uuid)",
            "Rows Removed by Index Recheck": 0,
            "Exact Heap Blocks": 197,
            "Lossy Heap Blocks": 0,
            "Shared Hit Blocks": 275,
            "Shared Read Blocks": 0,
            "Shared Dirtied Blocks": 0,
            "Shared Written Blocks": 0,
            "Local Hit Blocks": 0,
            "Local Read Blocks": 0,
            "Local Dirtied Blocks": 0,
            "Local Written Blocks": 0,
            "Temp Read Blocks": 0,
            "Temp Written Blocks": 0,
            "I/O Read Time": 0.000,
            "I/O Write Time": 0.000,
            "Temp I/O Read Time": 0.000,
            "Temp I/O Write Time": 0.000,
            "WAL Records": 0,
            "WAL FPI": 0,
            "WAL Bytes": 0,
            "Plans": [
              {
                "Node Type": "Bitmap Index Scan",
                "Parent Relationship": "Outer",
                "Parallel Aware": false,
                "Async Capable": false,
                "Index Name": "research_folder_membership_v3_object_idx",
                "Startup Cost": 0.00,
                "Total Cost": 4.56,
                "Plan Rows": 37,
                "Plan Width": 0,
                "Actual Startup Time": 0.264,
                "Actual Total Time": 0.264,
                "Actual Rows": 6107,
                "Actual Loops": 1,
                "Index Cond": "(research_folder_membership_projection_v3.research_release_id = 'e6000000-0000-4000-8000-000000002000'::uuid)",
                "Shared Hit Blocks": 78,
                "Shared Read Blocks": 0,
                "Shared Dirtied Blocks": 0,
                "Shared Written Blocks": 0,
                "Local Hit Blocks": 0,
                "Local Read Blocks": 0,
                "Local Dirtied Blocks": 0,
                "Local Written Blocks": 0,
                "Temp Read Blocks": 0,
                "Temp Written Blocks": 0,
                "I/O Read Time": 0.000,
                "I/O Write Time": 0.000,
                "Temp I/O Read Time": 0.000,
                "Temp I/O Write Time": 0.000,
                "WAL Records": 0,
                "WAL FPI": 0,
                "WAL Bytes": 0
              }
            ]
          },
          {
            "Node Type": "Bitmap Heap Scan",
            "Parent Relationship": "Member",
            "Parallel Aware": false,
            "Async Capable": false,
            "Relation Name": "research_search_document_projection_v3",
            "Schema": "release",
            "Alias": "research_search_document_projection_v3",
            "Startup Cost": 4.38,
            "Total Cost": 36.67,
            "Plan Rows": 13,
            "Plan Width": 96,
            "Actual Startup Time": 0.129,
            "Actual Total Time": 18.470,
            "Actual Rows": 2000,
            "Actual Loops": 1,
            "Output": ["'searchDocuments'::text", "((research_search_document_projection_v3.sort_key || ':'::text) || (research_search_document_projection_v3.archive_object_id)::text)", "(encode(sha256(convert_to((jsonb_build_array(research_search_document_projection_v3.archive_object_id, research_search_document_projection_v3.public_surface_id, research_search_document_projection_v3.title, research_search_document_projection_v3.search_document, research_search_document_projection_v3.sort_key))::text, 'UTF8'::name)), 'hex'::text))::core.sha256_hex"],
            "Recheck Cond": "(research_search_document_projection_v3.research_release_id = 'e6000000-0000-4000-8000-000000002000'::uuid)",
            "Rows Removed by Index Recheck": 0,
            "Exact Heap Blocks": 59,
            "Lossy Heap Blocks": 0,
            "Shared Hit Blocks": 87,
            "Shared Read Blocks": 0,
            "Shared Dirtied Blocks": 0,
            "Shared Written Blocks": 0,
            "Local Hit Blocks": 0,
            "Local Read Blocks": 0,
            "Local Dirtied Blocks": 0,
            "Local Written Blocks": 0,
            "Temp Read Blocks": 0,
            "Temp Written Blocks": 0,
            "I/O Read Time": 0.000,
            "I/O Write Time": 0.000,
            "Temp I/O Read Time": 0.000,
            "Temp I/O Write Time": 0.000,
            "WAL Records": 0,
            "WAL FPI": 0,
            "WAL Bytes": 0,
            "Plans": [
              {
                "Node Type": "Bitmap Index Scan",
                "Parent Relationship": "Outer",
                "Parallel Aware": false,
                "Async Capable": false,
                "Index Name": "research_search_document_proj_research_release_id_public_su_key",
                "Startup Cost": 0.00,
                "Total Cost": 4.38,
                "Plan Rows": 13,
                "Plan Width": 0,
                "Actual Startup Time": 0.102,
                "Actual Total Time": 0.102,
                "Actual Rows": 2000,
                "Actual Loops": 1,
                "Index Cond": "(research_search_document_projection_v3.research_release_id = 'e6000000-0000-4000-8000-000000002000'::uuid)",
                "Shared Hit Blocks": 28,
                "Shared Read Blocks": 0,
                "Shared Dirtied Blocks": 0,
                "Shared Written Blocks": 0,
                "Local Hit Blocks": 0,
                "Local Read Blocks": 0,
                "Local Dirtied Blocks": 0,
                "Local Written Blocks": 0,
                "Temp Read Blocks": 0,
                "Temp Written Blocks": 0,
                "I/O Read Time": 0.000,
                "I/O Write Time": 0.000,
                "Temp I/O Read Time": 0.000,
                "Temp I/O Write Time": 0.000,
                "WAL Records": 0,
                "WAL FPI": 0,
                "WAL Bytes": 0
              }
            ]
          },
          {
            "Node Type": "Bitmap Heap Scan",
            "Parent Relationship": "Member",
            "Parallel Aware": false,
            "Async Capable": false,
            "Relation Name": "research_corpus_summary_projection_v3",
            "Schema": "release",
            "Alias": "research_corpus_summary_projection_v3",
            "Startup Cost": 4.16,
            "Total Cost": 9.55,
            "Plan Rows": 2,
            "Plan Width": 96,
            "Actual Startup Time": 0.027,
            "Actual Total Time": 0.028,
            "Actual Rows": 1,
            "Actual Loops": 1,
            "Output": ["'corpusSummary'::text", "(research_corpus_summary_projection_v3.corpus_version_id)::text", "(encode(sha256(convert_to((jsonb_build_array(research_corpus_summary_projection_v3.corpus_version_id, research_corpus_summary_projection_v3.corpus_token, research_corpus_summary_projection_v3.corpus_version_token, research_corpus_summary_projection_v3.corpus_label, research_corpus_summary_projection_v3.eligible_object_count, research_corpus_summary_projection_v3.held_object_count))::text, 'UTF8'::name)), 'hex'::text))::core.sha256_hex"],
            "Recheck Cond": "(research_corpus_summary_projection_v3.research_release_id = 'e6000000-0000-4000-8000-000000002000'::uuid)",
            "Rows Removed by Index Recheck": 0,
            "Exact Heap Blocks": 1,
            "Lossy Heap Blocks": 0,
            "Shared Hit Blocks": 2,
            "Shared Read Blocks": 0,
            "Shared Dirtied Blocks": 0,
            "Shared Written Blocks": 0,
            "Local Hit Blocks": 0,
            "Local Read Blocks": 0,
            "Local Dirtied Blocks": 0,
            "Local Written Blocks": 0,
            "Temp Read Blocks": 0,
            "Temp Written Blocks": 0,
            "I/O Read Time": 0.000,
            "I/O Write Time": 0.000,
            "Temp I/O Read Time": 0.000,
            "Temp I/O Write Time": 0.000,
            "WAL Records": 0,
            "WAL FPI": 0,
            "WAL Bytes": 0,
            "Plans": [
              {
                "Node Type": "Bitmap Index Scan",
                "Parent Relationship": "Outer",
                "Parallel Aware": false,
                "Async Capable": false,
                "Index Name": "research_corpus_summary_projection_v3_pkey",
                "Startup Cost": 0.00,
                "Total Cost": 4.16,
                "Plan Rows": 2,
                "Plan Width": 0,
                "Actual Startup Time": 0.012,
                "Actual Total Time": 0.012,
                "Actual Rows": 1,
                "Actual Loops": 1,
                "Index Cond": "(research_corpus_summary_projection_v3.research_release_id = 'e6000000-0000-4000-8000-000000002000'::uuid)",
                "Shared Hit Blocks": 1,
                "Shared Read Blocks": 0,
                "Shared Dirtied Blocks": 0,
                "Shared Written Blocks": 0,
                "Local Hit Blocks": 0,
                "Local Read Blocks": 0,
                "Local Dirtied Blocks": 0,
                "Local Written Blocks": 0,
                "Temp Read Blocks": 0,
                "Temp Written Blocks": 0,
                "I/O Read Time": 0.000,
                "I/O Write Time": 0.000,
                "Temp I/O Read Time": 0.000,
                "Temp I/O Write Time": 0.000,
                "WAL Records": 0,
                "WAL FPI": 0,
                "WAL Bytes": 0
              }
            ]
          },
          {
            "Node Type": "Index Scan",
            "Parent Relationship": "Member",
            "Parallel Aware": false,
            "Async Capable": false,
            "Scan Direction": "Forward",
            "Index Name": "research_trace_availability_projection_v3_pkey",
            "Relation Name": "research_trace_availability_projection_v3",
            "Schema": "release",
            "Alias": "research_trace_availability_projection_v3",
            "Startup Cost": 0.15,
            "Total Cost": 8.19,
            "Plan Rows": 1,
            "Plan Width": 96,
            "Actual Startup Time": 0.019,
            "Actual Total Time": 0.020,
            "Actual Rows": 1,
            "Actual Loops": 1,
            "Output": ["'traceAvailability'::text", "(research_trace_availability_projection_v3.research_release_id)::text", "(encode(sha256(convert_to((jsonb_build_array(research_trace_availability_projection_v3.trace_eligible_object_count, research_trace_availability_projection_v3.trace_relation_count, research_trace_availability_projection_v3.availability_reason))::text, 'UTF8'::name)), 'hex'::text))::core.sha256_hex"],
            "Index Cond": "(research_trace_availability_projection_v3.research_release_id = 'e6000000-0000-4000-8000-000000002000'::uuid)",
            "Rows Removed by Index Recheck": 0,
            "Shared Hit Blocks": 2,
            "Shared Read Blocks": 0,
            "Shared Dirtied Blocks": 0,
            "Shared Written Blocks": 0,
            "Local Hit Blocks": 0,
            "Local Read Blocks": 0,
            "Local Dirtied Blocks": 0,
            "Local Written Blocks": 0,
            "Temp Read Blocks": 0,
            "Temp Written Blocks": 0,
            "I/O Read Time": 0.000,
            "I/O Write Time": 0.000,
            "Temp I/O Read Time": 0.000,
            "Temp I/O Write Time": 0.000,
            "WAL Records": 0,
            "WAL FPI": 0,
            "WAL Bytes": 0
          }
        ]
      }
    ]
  }
}
psql:/private/tmp/graphic_design_archive_v49_release_snapshot_db_closure/database/tests/009_release_projection_snapshot_performance_scale.sql:34: LOG:  duration: 1.692 ms  plan:
{
  "Query Text": "WITH chunks AS (\n    SELECT ((row_number-1)/1024)::bigint AS chunk_ordinal,count(*)::bigint AS chunk_row_count,\n      encode(sha256(convert_to(jsonb_build_object(\n        'format','gda-v49-research-component-chunk-v5','component',p_component,\n        'chunkSize',1024,'chunkOrdinal',((row_number-1)/1024)::bigint,\n        'rowDigests',jsonb_agg(row_digest ORDER BY row_number)\n      )::text,'UTF8')),'hex') AS chunk_digest\n    FROM (\n      SELECT row_number() OVER (ORDER BY semantic_key) AS row_number,row_digest\n      FROM pg_temp.gda_v5_component_rows WHERE component_code=p_component\n    ) rows GROUP BY ((row_number-1)/1024)\n  )\n  SELECT encode(sha256(convert_to(jsonb_build_object(\n    'format','gda-v49-research-component-merkle-v5','component',p_component,\n    'rowCount',coalesce((SELECT sum(chunk_row_count) FROM chunks),0),\n    'chunkSize',1024,\n    'chunks',coalesce((SELECT jsonb_agg(jsonb_build_array(chunk_ordinal,chunk_row_count,chunk_digest)\n      ORDER BY chunk_ordinal) FROM chunks),'[]'::jsonb)\n  )::text,'UTF8')),'hex')::core.sha256_hex",
  "Plan": {
    "Node Type": "Result",
    "Parallel Aware": false,
    "Async Capable": false,
    "Startup Cost": 198.71,
    "Total Cost": 198.74,
    "Plan Rows": 1,
    "Plan Width": 32,
    "Actual Startup Time": 1.690,
    "Actual Total Time": 1.690,
    "Actual Rows": 1,
    "Actual Loops": 1,
    "Output": ["(encode(sha256(convert_to((jsonb_build_object('format', 'gda-v49-research-component-merkle-v5', 'component', 'releaseObjects'::text, 'rowCount', COALESCE($1, '0'::numeric), 'chunkSize', 1024, 'chunks', COALESCE($2, '[]'::jsonb)))::text, 'UTF8'::name)), 'hex'::text))::core.sha256_hex"],
    "Shared Hit Blocks": 3,
    "Shared Read Blocks": 0,
    "Shared Dirtied Blocks": 0,
    "Shared Written Blocks": 0,
    "Local Hit Blocks": 37,
    "Local Read Blocks": 21,
    "Local Dirtied Blocks": 0,
    "Local Written Blocks": 0,
    "Temp Read Blocks": 0,
    "Temp Written Blocks": 0,
    "I/O Read Time": 0.000,
    "I/O Write Time": 0.000,
    "Temp I/O Read Time": 0.000,
    "Temp I/O Write Time": 0.000,
    "WAL Records": 0,
    "WAL FPI": 0,
    "WAL Bytes": 0,
    "Plans": [
      {
        "Node Type": "Aggregate",
        "Strategy": "Sorted",
        "Partial Mode": "Simple",
        "Parent Relationship": "InitPlan",
        "Subplan Name": "CTE chunks",
        "Parallel Aware": false,
        "Async Capable": false,
        "Startup Cost": 189.58,
        "Total Cost": 192.95,
        "Plan Rows": 71,
        "Plan Width": 48,
        "Actual Startup Time": 1.256,
        "Actual Total Time": 1.661,
        "Actual Rows": 2,
        "Actual Loops": 1,
        "Output": ["(((rows.row_number - 1) / 1024))", "count(*)", "encode(sha256(convert_to((jsonb_build_object('format', 'gda-v49-research-component-chunk-v5', 'component', 'releaseObjects'::text, 'chunkSize', 1024, 'chunkOrdinal', (((rows.row_number - 1) / 1024)), 'rowDigests', jsonb_agg(rows.row_digest ORDER BY rows.row_number)))::text, 'UTF8'::name)), 'hex'::text)"],
        "Group Key": ["(((rows.row_number - 1) / 1024))"],
        "Shared Hit Blocks": 3,
        "Shared Read Blocks": 0,
        "Shared Dirtied Blocks": 0,
        "Shared Written Blocks": 0,
        "Local Hit Blocks": 37,
        "Local Read Blocks": 21,
        "Local Dirtied Blocks": 0,
        "Local Written Blocks": 0,
        "Temp Read Blocks": 0,
        "Temp Written Blocks": 0,
        "I/O Read Time": 0.000,
        "I/O Write Time": 0.000,
        "Temp I/O Read Time": 0.000,
        "Temp I/O Write Time": 0.000,
        "WAL Records": 0,
        "WAL FPI": 0,
        "WAL Bytes": 0,
        "Plans": [
          {
            "Node Type": "Sort",
            "Parent Relationship": "Outer",
            "Parallel Aware": false,
            "Async Capable": false,
            "Startup Cost": 189.58,
            "Total Cost": 189.76,
            "Plan Rows": 71,
            "Plan Width": 48,
            "Actual Startup Time": 0.813,
            "Actual Total Time": 0.857,
            "Actual Rows": 2000,
            "Actual Loops": 1,
            "Output": ["(((rows.row_number - 1) / 1024))", "rows.row_number", "rows.row_digest"],
            "Sort Key": ["(((rows.row_number - 1) / 1024))", "rows.row_number"],
            "Sort Method": "quicksort",
            "Sort Space Used": 267,
            "Sort Space Type": "Memory",
            "Shared Hit Blocks": 3,
            "Shared Read Blocks": 0,
            "Shared Dirtied Blocks": 0,
            "Shared Written Blocks": 0,
            "Local Hit Blocks": 37,
            "Local Read Blocks": 21,
            "Local Dirtied Blocks": 0,
            "Local Written Blocks": 0,
            "Temp Read Blocks": 0,
            "Temp Written Blocks": 0,
            "I/O Read Time": 0.000,
            "I/O Write Time": 0.000,
            "Temp I/O Read Time": 0.000,
            "Temp I/O Write Time": 0.000,
            "WAL Records": 0,
            "WAL FPI": 0,
            "WAL Bytes": 0,
            "Plans": [
              {
                "Node Type": "Subquery Scan",
                "Parent Relationship": "Outer",
                "Parallel Aware": false,
                "Async Capable": false,
                "Alias": "rows",
                "Startup Cost": 185.09,
                "Total Cost": 187.40,
                "Plan Rows": 71,
                "Plan Width": 48,
                "Actual Startup Time": 0.337,
                "Actual Total Time": 0.681,
                "Actual Rows": 2000,
                "Actual Loops": 1,
                "Output": ["((rows.row_number - 1) / 1024)", "rows.row_number", "rows.row_digest"],
                "Shared Hit Blocks": 0,
                "Shared Read Blocks": 0,
                "Shared Dirtied Blocks": 0,
                "Shared Written Blocks": 0,
                "Local Hit Blocks": 37,
                "Local Read Blocks": 21,
                "Local Dirtied Blocks": 0,
                "Local Written Blocks": 0,
                "Temp Read Blocks": 0,
                "Temp Written Blocks": 0,
                "I/O Read Time": 0.000,
                "I/O Write Time": 0.000,
                "Temp I/O Read Time": 0.000,
                "Temp I/O Write Time": 0.000,
                "WAL Records": 0,
                "WAL FPI": 0,
                "WAL Bytes": 0,
                "Plans": [
                  {
                    "Node Type": "WindowAgg",
                    "Parent Relationship": "Subquery",
                    "Parallel Aware": false,
                    "Async Capable": false,
                    "Startup Cost": 185.09,
                    "Total Cost": 186.33,
                    "Plan Rows": 71,
                    "Plan Width": 72,
                    "Actual Startup Time": 0.336,
                    "Actual Total Time": 0.581,
                    "Actual Rows": 2000,
                    "Actual Loops": 1,
                    "Output": ["row_number() OVER (?)", "gda_v5_component_rows.row_digest", "gda_v5_component_rows.semantic_key"],
                    "Shared Hit Blocks": 0,
                    "Shared Read Blocks": 0,
                    "Shared Dirtied Blocks": 0,
                    "Shared Written Blocks": 0,
                    "Local Hit Blocks": 37,
                    "Local Read Blocks": 21,
                    "Local Dirtied Blocks": 0,
                    "Local Written Blocks": 0,
                    "Temp Read Blocks": 0,
                    "Temp Written Blocks": 0,
                    "I/O Read Time": 0.000,
                    "I/O Write Time": 0.000,
                    "Temp I/O Read Time": 0.000,
                    "Temp I/O Write Time": 0.000,
                    "WAL Records": 0,
                    "WAL FPI": 0,
                    "WAL Bytes": 0,
                    "Plans": [
                      {
                        "Node Type": "Sort",
                        "Parent Relationship": "Outer",
                        "Parallel Aware": false,
                        "Async Capable": false,
                        "Startup Cost": 185.09,
                        "Total Cost": 185.27,
                        "Plan Rows": 71,
                        "Plan Width": 64,
                        "Actual Startup Time": 0.335,
                        "Actual Total Time": 0.377,
                        "Actual Rows": 2000,
                        "Actual Loops": 1,
                        "Output": ["gda_v5_component_rows.semantic_key", "gda_v5_component_rows.row_digest"],
                        "Sort Key": ["gda_v5_component_rows.semantic_key"],
                        "Sort Method": "quicksort",
                        "Sort Space Used": 299,
                        "Sort Space Type": "Memory",
                        "Shared Hit Blocks": 0,
                        "Shared Read Blocks": 0,
                        "Shared Dirtied Blocks": 0,
                        "Shared Written Blocks": 0,
                        "Local Hit Blocks": 37,
                        "Local Read Blocks": 21,
                        "Local Dirtied Blocks": 0,
                        "Local Written Blocks": 0,
                        "Temp Read Blocks": 0,
                        "Temp Written Blocks": 0,
                        "I/O Read Time": 0.000,
                        "I/O Write Time": 0.000,
                        "Temp I/O Read Time": 0.000,
                        "Temp I/O Write Time": 0.000,
                        "WAL Records": 0,
                        "WAL FPI": 0,
                        "WAL Bytes": 0,
                        "Plans": [
                          {
                            "Node Type": "Bitmap Heap Scan",
                            "Parent Relationship": "Outer",
                            "Parallel Aware": false,
                            "Async Capable": false,
                            "Relation Name": "gda_v5_component_rows",
                            "Schema": "pg_temp",
                            "Alias": "gda_v5_component_rows",
                            "Startup Cost": 8.96,
                            "Total Cost": 182.91,
                            "Plan Rows": 71,
                            "Plan Width": 64,
                            "Actual Startup Time": 0.104,
                            "Actual Total Time": 0.215,
                            "Actual Rows": 2000,
                            "Actual Loops": 1,
                            "Output": ["gda_v5_component_rows.semantic_key", "gda_v5_component_rows.row_digest"],
                            "Recheck Cond": "(gda_v5_component_rows.component_code = 'releaseObjects'::text)",
                            "Rows Removed by Index Recheck": 0,
                            "Exact Heap Blocks": 37,
                            "Lossy Heap Blocks": 0,
                            "Shared Hit Blocks": 0,
                            "Shared Read Blocks": 0,
                            "Shared Dirtied Blocks": 0,
                            "Shared Written Blocks": 0,
                            "Local Hit Blocks": 37,
                            "Local Read Blocks": 21,
                            "Local Dirtied Blocks": 0,
                            "Local Written Blocks": 0,
                            "Temp Read Blocks": 0,
                            "Temp Written Blocks": 0,
                            "I/O Read Time": 0.000,
                            "I/O Write Time": 0.000,
                            "Temp I/O Read Time": 0.000,
                            "Temp I/O Write Time": 0.000,
                            "WAL Records": 0,
                            "WAL FPI": 0,
                            "WAL Bytes": 0,
                            "Plans": [
                              {
                                "Node Type": "Bitmap Index Scan",
                                "Parent Relationship": "Outer",
                                "Parallel Aware": false,
                                "Async Capable": false,
                                "Index Name": "gda_v5_component_rows_component_code_semantic_key_idx",
                                "Startup Cost": 0.00,
                                "Total Cost": 8.94,
                                "Plan Rows": 71,
                                "Plan Width": 0,
                                "Actual Startup Time": 0.100,
                                "Actual Total Time": 0.100,
                                "Actual Rows": 2000,
                                "Actual Loops": 1,
                                "Index Cond": "(gda_v5_component_rows.component_code = 'releaseObjects'::text)",
                                "Shared Hit Blocks": 0,
                                "Shared Read Blocks": 0,
                                "Shared Dirtied Blocks": 0,
                                "Shared Written Blocks": 0,
                                "Local Hit Blocks": 0,
                                "Local Read Blocks": 21,
                                "Local Dirtied Blocks": 0,
                                "Local Written Blocks": 0,
                                "Temp Read Blocks": 0,
                                "Temp Written Blocks": 0,
                                "I/O Read Time": 0.000,
                                "I/O Write Time": 0.000,
                                "Temp I/O Read Time": 0.000,
                                "Temp I/O Write Time": 0.000,
                                "WAL Records": 0,
                                "WAL FPI": 0,
                                "WAL Bytes": 0
                              }
                            ]
                          }
                        ]
                      }
                    ]
                  }
                ]
              }
            ]
          }
        ]
      },
      {
        "Node Type": "Aggregate",
        "Strategy": "Plain",
        "Partial Mode": "Simple",
        "Parent Relationship": "InitPlan",
        "Subplan Name": "InitPlan 2 (returns $1)",
        "Parallel Aware": false,
        "Async Capable": false,
        "Startup Cost": 1.60,
        "Total Cost": 1.61,
        "Plan Rows": 1,
        "Plan Width": 32,
        "Actual Startup Time": 1.663,
        "Actual Total Time": 1.663,
        "Actual Rows": 1,
        "Actual Loops": 1,
        "Output": ["sum(chunks.chunk_row_count)"],
        "Shared Hit Blocks": 3,
        "Shared Read Blocks": 0,
        "Shared Dirtied Blocks": 0,
        "Shared Written Blocks": 0,
        "Local Hit Blocks": 37,
        "Local Read Blocks": 21,
        "Local Dirtied Blocks": 0,
        "Local Written Blocks": 0,
        "Temp Read Blocks": 0,
        "Temp Written Blocks": 0,
        "I/O Read Time": 0.000,
        "I/O Write Time": 0.000,
        "Temp I/O Read Time": 0.000,
        "Temp I/O Write Time": 0.000,
        "WAL Records": 0,
        "WAL FPI": 0,
        "WAL Bytes": 0,
        "Plans": [
          {
            "Node Type": "CTE Scan",
            "Parent Relationship": "Outer",
            "Parallel Aware": false,
            "Async Capable": false,
            "CTE Name": "chunks",
            "Alias": "chunks",
            "Startup Cost": 0.00,
            "Total Cost": 1.42,
            "Plan Rows": 71,
            "Plan Width": 8,
            "Actual Startup Time": 1.256,
            "Actual Total Time": 1.661,
            "Actual Rows": 2,
            "Actual Loops": 1,
            "Output": ["chunks.chunk_ordinal", "chunks.chunk_row_count", "chunks.chunk_digest"],
            "Shared Hit Blocks": 3,
            "Shared Read Blocks": 0,
            "Shared Dirtied Blocks": 0,
            "Shared Written Blocks": 0,
            "Local Hit Blocks": 37,
            "Local Read Blocks": 21,
            "Local Dirtied Blocks": 0,
            "Local Written Blocks": 0,
            "Temp Read Blocks": 0,
            "Temp Written Blocks": 0,
            "I/O Read Time": 0.000,
            "I/O Write Time": 0.000,
            "Temp I/O Read Time": 0.000,
            "Temp I/O Write Time": 0.000,
            "WAL Records": 0,
            "WAL FPI": 0,
            "WAL Bytes": 0
          }
        ]
      },
      {
        "Node Type": "Aggregate",
        "Strategy": "Plain",
        "Partial Mode": "Simple",
        "Parent Relationship": "InitPlan",
        "Subplan Name": "InitPlan 3 (returns $2)",
        "Parallel Aware": false,
        "Async Capable": false,
        "Startup Cost": 4.14,
        "Total Cost": 4.15,
        "Plan Rows": 1,
        "Plan Width": 32,
        "Actual Startup Time": 0.007,
        "Actual Total Time": 0.007,
        "Actual Rows": 1,
        "Actual Loops": 1,
        "Output": ["jsonb_agg(jsonb_build_array(chunks_1.chunk_ordinal, chunks_1.chunk_row_count, chunks_1.chunk_digest) ORDER BY chunks_1.chunk_ordinal)"],
        "Shared Hit Blocks": 0,
        "Shared Read Blocks": 0,
        "Shared Dirtied Blocks": 0,
        "Shared Written Blocks": 0,
        "Local Hit Blocks": 0,
        "Local Read Blocks": 0,
        "Local Dirtied Blocks": 0,
        "Local Written Blocks": 0,
        "Temp Read Blocks": 0,
        "Temp Written Blocks": 0,
        "I/O Read Time": 0.000,
        "I/O Write Time": 0.000,
        "Temp I/O Read Time": 0.000,
        "Temp I/O Write Time": 0.000,
        "WAL Records": 0,
        "WAL FPI": 0,
        "WAL Bytes": 0,
        "Plans": [
          {
            "Node Type": "Sort",
            "Parent Relationship": "Outer",
            "Parallel Aware": false,
            "Async Capable": false,
            "Startup Cost": 3.60,
            "Total Cost": 3.78,
            "Plan Rows": 71,
            "Plan Width": 48,
            "Actual Startup Time": 0.004,
            "Actual Total Time": 0.004,
            "Actual Rows": 2,
            "Actual Loops": 1,
            "Output": ["chunks_1.chunk_ordinal", "chunks_1.chunk_row_count", "chunks_1.chunk_digest"],
            "Sort Key": ["chunks_1.chunk_ordinal"],
            "Sort Method": "quicksort",
            "Sort Space Used": 25,
            "Sort Space Type": "Memory",
            "Shared Hit Blocks": 0,
            "Shared Read Blocks": 0,
            "Shared Dirtied Blocks": 0,
            "Shared Written Blocks": 0,
            "Local Hit Blocks": 0,
            "Local Read Blocks": 0,
            "Local Dirtied Blocks": 0,
            "Local Written Blocks": 0,
            "Temp Read Blocks": 0,
            "Temp Written Blocks": 0,
            "I/O Read Time": 0.000,
            "I/O Write Time": 0.000,
            "Temp I/O Read Time": 0.000,
            "Temp I/O Write Time": 0.000,
            "WAL Records": 0,
            "WAL FPI": 0,
            "WAL Bytes": 0,
            "Plans": [
              {
                "Node Type": "CTE Scan",
                "Parent Relationship": "Outer",
                "Parallel Aware": false,
                "Async Capable": false,
                "CTE Name": "chunks",
                "Alias": "chunks_1",
                "Startup Cost": 0.00,
                "Total Cost": 1.42,
                "Plan Rows": 71,
                "Plan Width": 48,
                "Actual Startup Time": 0.000,
                "Actual Total Time": 0.000,
                "Actual Rows": 2,
                "Actual Loops": 1,
                "Output": ["chunks_1.chunk_ordinal", "chunks_1.chunk_row_count", "chunks_1.chunk_digest"],
                "Shared Hit Blocks": 0,
                "Shared Read Blocks": 0,
                "Shared Dirtied Blocks": 0,
                "Shared Written Blocks": 0,
                "Local Hit Blocks": 0,
                "Local Read Blocks": 0,
                "Local Dirtied Blocks": 0,
                "Local Written Blocks": 0,
                "Temp Read Blocks": 0,
                "Temp Written Blocks": 0,
                "I/O Read Time": 0.000,
                "I/O Write Time": 0.000,
                "Temp I/O Read Time": 0.000,
                "Temp I/O Write Time": 0.000,
                "WAL Records": 0,
                "WAL FPI": 0,
                "WAL Bytes": 0
              }
            ]
          }
        ]
      }
    ]
  }
}
psql:/private/tmp/graphic_design_archive_v49_release_snapshot_db_closure/database/tests/009_release_projection_snapshot_performance_scale.sql:34: LOG:  duration: 1.710 ms  plan:
{
  "Query Text": "WITH chunks AS (\n    SELECT ((row_number-1)/1024)::bigint AS chunk_ordinal,count(*)::bigint AS chunk_row_count,\n      encode(sha256(convert_to(jsonb_build_object(\n        'format','gda-v49-research-component-chunk-v5','component',p_component,\n        'chunkSize',1024,'chunkOrdinal',((row_number-1)/1024)::bigint,\n        'rowDigests',jsonb_agg(row_digest ORDER BY row_number)\n      )::text,'UTF8')),'hex') AS chunk_digest\n    FROM (\n      SELECT row_number() OVER (ORDER BY semantic_key) AS row_number,row_digest\n      FROM pg_temp.gda_v5_component_rows WHERE component_code=p_component\n    ) rows GROUP BY ((row_number-1)/1024)\n  )\n  SELECT encode(sha256(convert_to(jsonb_build_object(\n    'format','gda-v49-research-component-merkle-v5','component',p_component,\n    'rowCount',coalesce((SELECT sum(chunk_row_count) FROM chunks),0),\n    'chunkSize',1024,\n    'chunks',coalesce((SELECT jsonb_agg(jsonb_build_array(chunk_ordinal,chunk_row_count,chunk_digest)\n      ORDER BY chunk_ordinal) FROM chunks),'[]'::jsonb)\n  )::text,'UTF8')),'hex')::core.sha256_hex",
  "Plan": {
    "Node Type": "Result",
    "Parallel Aware": false,
    "Async Capable": false,
    "Startup Cost": 198.71,
    "Total Cost": 198.74,
    "Plan Rows": 1,
    "Plan Width": 32,
    "Actual Startup Time": 1.709,
    "Actual Total Time": 1.710,
    "Actual Rows": 1,
    "Actual Loops": 1,
    "Output": ["(encode(sha256(convert_to((jsonb_build_object('format', 'gda-v49-research-component-merkle-v5', 'component', 'surfacePresentation'::text, 'rowCount', COALESCE($1, '0'::numeric), 'chunkSize', 1024, 'chunks', COALESCE($2, '[]'::jsonb)))::text, 'UTF8'::name)), 'hex'::text))::core.sha256_hex"],
    "Shared Hit Blocks": 0,
    "Shared Read Blocks": 0,
    "Shared Dirtied Blocks": 0,
    "Shared Written Blocks": 0,
    "Local Hit Blocks": 40,
    "Local Read Blocks": 23,
    "Local Dirtied Blocks": 0,
    "Local Written Blocks": 0,
    "Temp Read Blocks": 0,
    "Temp Written Blocks": 0,
    "I/O Read Time": 0.000,
    "I/O Write Time": 0.000,
    "Temp I/O Read Time": 0.000,
    "Temp I/O Write Time": 0.000,
    "WAL Records": 0,
    "WAL FPI": 0,
    "WAL Bytes": 0,
    "Plans": [
      {
        "Node Type": "Aggregate",
        "Strategy": "Sorted",
        "Partial Mode": "Simple",
        "Parent Relationship": "InitPlan",
        "Subplan Name": "CTE chunks",
        "Parallel Aware": false,
        "Async Capable": false,
        "Startup Cost": 189.58,
        "Total Cost": 192.95,
        "Plan Rows": 71,
        "Plan Width": 48,
        "Actual Startup Time": 1.277,
        "Actual Total Time": 1.684,
        "Actual Rows": 2,
        "Actual Loops": 1,
        "Output": ["(((rows.row_number - 1) / 1024))", "count(*)", "encode(sha256(convert_to((jsonb_build_object('format', 'gda-v49-research-component-chunk-v5', 'component', 'surfacePresentation'::text, 'chunkSize', 1024, 'chunkOrdinal', (((rows.row_number - 1) / 1024)), 'rowDigests', jsonb_agg(rows.row_digest ORDER BY rows.row_number)))::text, 'UTF8'::name)), 'hex'::text)"],
        "Group Key": ["(((rows.row_number - 1) / 1024))"],
        "Shared Hit Blocks": 0,
        "Shared Read Blocks": 0,
        "Shared Dirtied Blocks": 0,
        "Shared Written Blocks": 0,
        "Local Hit Blocks": 40,
        "Local Read Blocks": 23,
        "Local Dirtied Blocks": 0,
        "Local Written Blocks": 0,
        "Temp Read Blocks": 0,
        "Temp Written Blocks": 0,
        "I/O Read Time": 0.000,
        "I/O Write Time": 0.000,
        "Temp I/O Read Time": 0.000,
        "Temp I/O Write Time": 0.000,
        "WAL Records": 0,
        "WAL FPI": 0,
        "WAL Bytes": 0,
        "Plans": [
          {
            "Node Type": "Sort",
            "Parent Relationship": "Outer",
            "Parallel Aware": false,
            "Async Capable": false,
            "Startup Cost": 189.58,
            "Total Cost": 189.76,
            "Plan Rows": 71,
            "Plan Width": 48,
            "Actual Startup Time": 0.839,
            "Actual Total Time": 0.884,
            "Actual Rows": 2000,
            "Actual Loops": 1,
            "Output": ["(((rows.row_number - 1) / 1024))", "rows.row_number", "rows.row_digest"],
            "Sort Key": ["(((rows.row_number - 1) / 1024))", "rows.row_number"],
            "Sort Method": "quicksort",
            "Sort Space Used": 267,
            "Sort Space Type": "Memory",
            "Shared Hit Blocks": 0,
            "Shared Read Blocks": 0,
            "Shared Dirtied Blocks": 0,
            "Shared Written Blocks": 0,
            "Local Hit Blocks": 40,
            "Local Read Blocks": 23,
            "Local Dirtied Blocks": 0,
            "Local Written Blocks": 0,
            "Temp Read Blocks": 0,
            "Temp Written Blocks": 0,
            "I/O Read Time": 0.000,
            "I/O Write Time": 0.000,
            "Temp I/O Read Time": 0.000,
            "Temp I/O Write Time": 0.000,
            "WAL Records": 0,
            "WAL FPI": 0,
            "WAL Bytes": 0,
            "Plans": [
              {
                "Node Type": "Subquery Scan",
                "Parent Relationship": "Outer",
                "Parallel Aware": false,
                "Async Capable": false,
                "Alias": "rows",
                "Startup Cost": 185.09,
                "Total Cost": 187.40,
                "Plan Rows": 71,
                "Plan Width": 48,
                "Actual Startup Time": 0.361,
                "Actual Total Time": 0.718,
                "Actual Rows": 2000,
                "Actual Loops": 1,
                "Output": ["((rows.row_number - 1) / 1024)", "rows.row_number", "rows.row_digest"],
                "Shared Hit Blocks": 0,
                "Shared Read Blocks": 0,
                "Shared Dirtied Blocks": 0,
                "Shared Written Blocks": 0,
                "Local Hit Blocks": 40,
                "Local Read Blocks": 23,
                "Local Dirtied Blocks": 0,
                "Local Written Blocks": 0,
                "Temp Read Blocks": 0,
                "Temp Written Blocks": 0,
                "I/O Read Time": 0.000,
                "I/O Write Time": 0.000,
                "Temp I/O Read Time": 0.000,
                "Temp I/O Write Time": 0.000,
                "WAL Records": 0,
                "WAL FPI": 0,
                "WAL Bytes": 0,
                "Plans": [
                  {
                    "Node Type": "WindowAgg",
                    "Parent Relationship": "Subquery",
                    "Parallel Aware": false,
                    "Async Capable": false,
                    "Startup Cost": 185.09,
                    "Total Cost": 186.33,
                    "Plan Rows": 71,
                    "Plan Width": 72,
                    "Actual Startup Time": 0.361,
                    "Actual Total Time": 0.614,
                    "Actual Rows": 2000,
                    "Actual Loops": 1,
                    "Output": ["row_number() OVER (?)", "gda_v5_component_rows.row_digest", "gda_v5_component_rows.semantic_key"],
                    "Shared Hit Blocks": 0,
                    "Shared Read Blocks": 0,
                    "Shared Dirtied Blocks": 0,
                    "Shared Written Blocks": 0,
                    "Local Hit Blocks": 40,
                    "Local Read Blocks": 23,
                    "Local Dirtied Blocks": 0,
                    "Local Written Blocks": 0,
                    "Temp Read Blocks": 0,
                    "Temp Written Blocks": 0,
                    "I/O Read Time": 0.000,
                    "I/O Write Time": 0.000,
                    "Temp I/O Read Time": 0.000,
                    "Temp I/O Write Time": 0.000,
                    "WAL Records": 0,
                    "WAL FPI": 0,
                    "WAL Bytes": 0,
                    "Plans": [
                      {
                        "Node Type": "Sort",
                        "Parent Relationship": "Outer",
                        "Parallel Aware": false,
                        "Async Capable": false,
                        "Startup Cost": 185.09,
                        "Total Cost": 185.27,
                        "Plan Rows": 71,
                        "Plan Width": 64,
                        "Actual Startup Time": 0.360,
                        "Actual Total Time": 0.403,
                        "Actual Rows": 2000,
                        "Actual Loops": 1,
                        "Output": ["gda_v5_component_rows.semantic_key", "gda_v5_component_rows.row_digest"],
                        "Sort Key": ["gda_v5_component_rows.semantic_key"],
                        "Sort Method": "quicksort",
                        "Sort Space Used": 299,
                        "Sort Space Type": "Memory",
                        "Shared Hit Blocks": 0,
                        "Shared Read Blocks": 0,
                        "Shared Dirtied Blocks": 0,
                        "Shared Written Blocks": 0,
                        "Local Hit Blocks": 40,
                        "Local Read Blocks": 23,
                        "Local Dirtied Blocks": 0,
                        "Local Written Blocks": 0,
                        "Temp Read Blocks": 0,
                        "Temp Written Blocks": 0,
                        "I/O Read Time": 0.000,
                        "I/O Write Time": 0.000,
                        "Temp I/O Read Time": 0.000,
                        "Temp I/O Write Time": 0.000,
                        "WAL Records": 0,
                        "WAL FPI": 0,
                        "WAL Bytes": 0,
                        "Plans": [
                          {
                            "Node Type": "Bitmap Heap Scan",
                            "Parent Relationship": "Outer",
                            "Parallel Aware": false,
                            "Async Capable": false,
                            "Relation Name": "gda_v5_component_rows",
                            "Schema": "pg_temp",
                            "Alias": "gda_v5_component_rows",
                            "Startup Cost": 8.96,
                            "Total Cost": 182.91,
                            "Plan Rows": 71,
                            "Plan Width": 64,
                            "Actual Startup Time": 0.110,
                            "Actual Total Time": 0.237,
                            "Actual Rows": 2000,
                            "Actual Loops": 1,
                            "Output": ["gda_v5_component_rows.semantic_key", "gda_v5_component_rows.row_digest"],
                            "Recheck Cond": "(gda_v5_component_rows.component_code = 'surfacePresentation'::text)",
                            "Rows Removed by Index Recheck": 0,
                            "Exact Heap Blocks": 39,
                            "Lossy Heap Blocks": 0,
                            "Shared Hit Blocks": 0,
                            "Shared Read Blocks": 0,
                            "Shared Dirtied Blocks": 0,
                            "Shared Written Blocks": 0,
                            "Local Hit Blocks": 40,
                            "Local Read Blocks": 23,
                            "Local Dirtied Blocks": 0,
                            "Local Written Blocks": 0,
                            "Temp Read Blocks": 0,
                            "Temp Written Blocks": 0,
                            "I/O Read Time": 0.000,
                            "I/O Write Time": 0.000,
                            "Temp I/O Read Time": 0.000,
                            "Temp I/O Write Time": 0.000,
                            "WAL Records": 0,
                            "WAL FPI": 0,
                            "WAL Bytes": 0,
                            "Plans": [
                              {
                                "Node Type": "Bitmap Index Scan",
                                "Parent Relationship": "Outer",
                                "Parallel Aware": false,
                                "Async Capable": false,
                                "Index Name": "gda_v5_component_rows_component_code_semantic_key_idx",
                                "Startup Cost": 0.00,
                                "Total Cost": 8.94,
                                "Plan Rows": 71,
                                "Plan Width": 0,
                                "Actual Startup Time": 0.106,
                                "Actual Total Time": 0.106,
                                "Actual Rows": 2000,
                                "Actual Loops": 1,
                                "Index Cond": "(gda_v5_component_rows.component_code = 'surfacePresentation'::text)",
                                "Shared Hit Blocks": 0,
                                "Shared Read Blocks": 0,
                                "Shared Dirtied Blocks": 0,
                                "Shared Written Blocks": 0,
                                "Local Hit Blocks": 1,
                                "Local Read Blocks": 23,
                                "Local Dirtied Blocks": 0,
                                "Local Written Blocks": 0,
                                "Temp Read Blocks": 0,
                                "Temp Written Blocks": 0,
                                "I/O Read Time": 0.000,
                                "I/O Write Time": 0.000,
                                "Temp I/O Read Time": 0.000,
                                "Temp I/O Write Time": 0.000,
                                "WAL Records": 0,
                                "WAL FPI": 0,
                                "WAL Bytes": 0
                              }
                            ]
                          }
                        ]
                      }
                    ]
                  }
                ]
              }
            ]
          }
        ]
      },
      {
        "Node Type": "Aggregate",
        "Strategy": "Plain",
        "Partial Mode": "Simple",
        "Parent Relationship": "InitPlan",
        "Subplan Name": "InitPlan 2 (returns $1)",
        "Parallel Aware": false,
        "Async Capable": false,
        "Startup Cost": 1.60,
        "Total Cost": 1.61,
        "Plan Rows": 1,
        "Plan Width": 32,
        "Actual Startup Time": 1.686,
        "Actual Total Time": 1.686,
        "Actual Rows": 1,
        "Actual Loops": 1,
        "Output": ["sum(chunks.chunk_row_count)"],
        "Shared Hit Blocks": 0,
        "Shared Read Blocks": 0,
        "Shared Dirtied Blocks": 0,
        "Shared Written Blocks": 0,
        "Local Hit Blocks": 40,
        "Local Read Blocks": 23,
        "Local Dirtied Blocks": 0,
        "Local Written Blocks": 0,
        "Temp Read Blocks": 0,
        "Temp Written Blocks": 0,
        "I/O Read Time": 0.000,
        "I/O Write Time": 0.000,
        "Temp I/O Read Time": 0.000,
        "Temp I/O Write Time": 0.000,
        "WAL Records": 0,
        "WAL FPI": 0,
        "WAL Bytes": 0,
        "Plans": [
          {
            "Node Type": "CTE Scan",
            "Parent Relationship": "Outer",
            "Parallel Aware": false,
            "Async Capable": false,
            "CTE Name": "chunks",
            "Alias": "chunks",
            "Startup Cost": 0.00,
            "Total Cost": 1.42,
            "Plan Rows": 71,
            "Plan Width": 8,
            "Actual Startup Time": 1.277,
            "Actual Total Time": 1.684,
            "Actual Rows": 2,
            "Actual Loops": 1,
            "Output": ["chunks.chunk_ordinal", "chunks.chunk_row_count", "chunks.chunk_digest"],
            "Shared Hit Blocks": 0,
            "Shared Read Blocks": 0,
            "Shared Dirtied Blocks": 0,
            "Shared Written Blocks": 0,
            "Local Hit Blocks": 40,
            "Local Read Blocks": 23,
            "Local Dirtied Blocks": 0,
            "Local Written Blocks": 0,
            "Temp Read Blocks": 0,
            "Temp Written Blocks": 0,
            "I/O Read Time": 0.000,
            "I/O Write Time": 0.000,
            "Temp I/O Read Time": 0.000,
            "Temp I/O Write Time": 0.000,
            "WAL Records": 0,
            "WAL FPI": 0,
            "WAL Bytes": 0
          }
        ]
      },
      {
        "Node Type": "Aggregate",
        "Strategy": "Plain",
        "Partial Mode": "Simple",
        "Parent Relationship": "InitPlan",
        "Subplan Name": "InitPlan 3 (returns $2)",
        "Parallel Aware": false,
        "Async Capable": false,
        "Startup Cost": 4.14,
        "Total Cost": 4.15,
        "Plan Rows": 1,
        "Plan Width": 32,
        "Actual Startup Time": 0.006,
        "Actual Total Time": 0.006,
        "Actual Rows": 1,
        "Actual Loops": 1,
        "Output": ["jsonb_agg(jsonb_build_array(chunks_1.chunk_ordinal, chunks_1.chunk_row_count, chunks_1.chunk_digest) ORDER BY chunks_1.chunk_ordinal)"],
        "Shared Hit Blocks": 0,
        "Shared Read Blocks": 0,
        "Shared Dirtied Blocks": 0,
        "Shared Written Blocks": 0,
        "Local Hit Blocks": 0,
        "Local Read Blocks": 0,
        "Local Dirtied Blocks": 0,
        "Local Written Blocks": 0,
        "Temp Read Blocks": 0,
        "Temp Written Blocks": 0,
        "I/O Read Time": 0.000,
        "I/O Write Time": 0.000,
        "Temp I/O Read Time": 0.000,
        "Temp I/O Write Time": 0.000,
        "WAL Records": 0,
        "WAL FPI": 0,
        "WAL Bytes": 0,
        "Plans": [
          {
            "Node Type": "Sort",
            "Parent Relationship": "Outer",
            "Parallel Aware": false,
            "Async Capable": false,
            "Startup Cost": 3.60,
            "Total Cost": 3.78,
            "Plan Rows": 71,
            "Plan Width": 48,
            "Actual Startup Time": 0.003,
            "Actual Total Time": 0.003,
            "Actual Rows": 2,
            "Actual Loops": 1,
            "Output": ["chunks_1.chunk_ordinal", "chunks_1.chunk_row_count", "chunks_1.chunk_digest"],
            "Sort Key": ["chunks_1.chunk_ordinal"],
            "Sort Method": "quicksort",
            "Sort Space Used": 25,
            "Sort Space Type": "Memory",
            "Shared Hit Blocks": 0,
            "Shared Read Blocks": 0,
            "Shared Dirtied Blocks": 0,
            "Shared Written Blocks": 0,
            "Local Hit Blocks": 0,
            "Local Read Blocks": 0,
            "Local Dirtied Blocks": 0,
            "Local Written Blocks": 0,
            "Temp Read Blocks": 0,
            "Temp Written Blocks": 0,
            "I/O Read Time": 0.000,
            "I/O Write Time": 0.000,
            "Temp I/O Read Time": 0.000,
            "Temp I/O Write Time": 0.000,
            "WAL Records": 0,
            "WAL FPI": 0,
            "WAL Bytes": 0,
            "Plans": [
              {
                "Node Type": "CTE Scan",
                "Parent Relationship": "Outer",
                "Parallel Aware": false,
                "Async Capable": false,
                "CTE Name": "chunks",
                "Alias": "chunks_1",
                "Startup Cost": 0.00,
                "Total Cost": 1.42,
                "Plan Rows": 71,
                "Plan Width": 48,
                "Actual Startup Time": 0.000,
                "Actual Total Time": 0.000,
                "Actual Rows": 2,
                "Actual Loops": 1,
                "Output": ["chunks_1.chunk_ordinal", "chunks_1.chunk_row_count", "chunks_1.chunk_digest"],
                "Shared Hit Blocks": 0,
                "Shared Read Blocks": 0,
                "Shared Dirtied Blocks": 0,
                "Shared Written Blocks": 0,
                "Local Hit Blocks": 0,
                "Local Read Blocks": 0,
                "Local Dirtied Blocks": 0,
                "Local Written Blocks": 0,
                "Temp Read Blocks": 0,
                "Temp Written Blocks": 0,
                "I/O Read Time": 0.000,
                "I/O Write Time": 0.000,
                "Temp I/O Read Time": 0.000,
                "Temp I/O Write Time": 0.000,
                "WAL Records": 0,
                "WAL FPI": 0,
                "WAL Bytes": 0
              }
            ]
          }
        ]
      }
    ]
  }
}
psql:/private/tmp/graphic_design_archive_v49_release_snapshot_db_closure/database/tests/009_release_projection_snapshot_performance_scale.sql:34: LOG:  duration: 1.740 ms  plan:
{
  "Query Text": "WITH chunks AS (\n    SELECT ((row_number-1)/1024)::bigint AS chunk_ordinal,count(*)::bigint AS chunk_row_count,\n      encode(sha256(convert_to(jsonb_build_object(\n        'format','gda-v49-research-component-chunk-v5','component',p_component,\n        'chunkSize',1024,'chunkOrdinal',((row_number-1)/1024)::bigint,\n        'rowDigests',jsonb_agg(row_digest ORDER BY row_number)\n      )::text,'UTF8')),'hex') AS chunk_digest\n    FROM (\n      SELECT row_number() OVER (ORDER BY semantic_key) AS row_number,row_digest\n      FROM pg_temp.gda_v5_component_rows WHERE component_code=p_component\n    ) rows GROUP BY ((row_number-1)/1024)\n  )\n  SELECT encode(sha256(convert_to(jsonb_build_object(\n    'format','gda-v49-research-component-merkle-v5','component',p_component,\n    'rowCount',coalesce((SELECT sum(chunk_row_count) FROM chunks),0),\n    'chunkSize',1024,\n    'chunks',coalesce((SELECT jsonb_agg(jsonb_build_array(chunk_ordinal,chunk_row_count,chunk_digest)\n      ORDER BY chunk_ordinal) FROM chunks),'[]'::jsonb)\n  )::text,'UTF8')),'hex')::core.sha256_hex",
  "Plan": {
    "Node Type": "Result",
    "Parallel Aware": false,
    "Async Capable": false,
    "Startup Cost": 198.71,
    "Total Cost": 198.74,
    "Plan Rows": 1,
    "Plan Width": 32,
    "Actual Startup Time": 1.739,
    "Actual Total Time": 1.740,
    "Actual Rows": 1,
    "Actual Loops": 1,
    "Output": ["(encode(sha256(convert_to((jsonb_build_object('format', 'gda-v49-research-component-merkle-v5', 'component', 'surfaceCitations'::text, 'rowCount', COALESCE($1, '0'::numeric), 'chunkSize', 1024, 'chunks', COALESCE($2, '[]'::jsonb)))::text, 'UTF8'::name)), 'hex'::text))::core.sha256_hex"],
    "Shared Hit Blocks": 0,
    "Shared Read Blocks": 0,
    "Shared Dirtied Blocks": 0,
    "Shared Written Blocks": 0,
    "Local Hit Blocks": 45,
    "Local Read Blocks": 23,
    "Local Dirtied Blocks": 0,
    "Local Written Blocks": 0,
    "Temp Read Blocks": 0,
    "Temp Written Blocks": 0,
    "I/O Read Time": 0.000,
    "I/O Write Time": 0.000,
    "Temp I/O Read Time": 0.000,
    "Temp I/O Write Time": 0.000,
    "WAL Records": 0,
    "WAL FPI": 0,
    "WAL Bytes": 0,
    "Plans": [
      {
        "Node Type": "Aggregate",
        "Strategy": "Sorted",
        "Partial Mode": "Simple",
        "Parent Relationship": "InitPlan",
        "Subplan Name": "CTE chunks",
        "Parallel Aware": false,
        "Async Capable": false,
        "Startup Cost": 189.58,
        "Total Cost": 192.95,
        "Plan Rows": 71,
        "Plan Width": 48,
        "Actual Startup Time": 1.319,
        "Actual Total Time": 1.721,
        "Actual Rows": 2,
        "Actual Loops": 1,
        "Output": ["(((rows.row_number - 1) / 1024))", "count(*)", "encode(sha256(convert_to((jsonb_build_object('format', 'gda-v49-research-component-chunk-v5', 'component', 'surfaceCitations'::text, 'chunkSize', 1024, 'chunkOrdinal', (((rows.row_number - 1) / 1024)), 'rowDigests', jsonb_agg(rows.row_digest ORDER BY rows.row_number)))::text, 'UTF8'::name)), 'hex'::text)"],
        "Group Key": ["(((rows.row_number - 1) / 1024))"],
        "Shared Hit Blocks": 0,
        "Shared Read Blocks": 0,
        "Shared Dirtied Blocks": 0,
        "Shared Written Blocks": 0,
        "Local Hit Blocks": 45,
        "Local Read Blocks": 23,
        "Local Dirtied Blocks": 0,
        "Local Written Blocks": 0,
        "Temp Read Blocks": 0,
        "Temp Written Blocks": 0,
        "I/O Read Time": 0.000,
        "I/O Write Time": 0.000,
        "Temp I/O Read Time": 0.000,
        "Temp I/O Write Time": 0.000,
        "WAL Records": 0,
        "WAL FPI": 0,
        "WAL Bytes": 0,
        "Plans": [
          {
            "Node Type": "Sort",
            "Parent Relationship": "Outer",
            "Parallel Aware": false,
            "Async Capable": false,
            "Startup Cost": 189.58,
            "Total Cost": 189.76,
            "Plan Rows": 71,
            "Plan Width": 48,
            "Actual Startup Time": 0.870,
            "Actual Total Time": 0.915,
            "Actual Rows": 2000,
            "Actual Loops": 1,
            "Output": ["(((rows.row_number - 1) / 1024))", "rows.row_number", "rows.row_digest"],
            "Sort Key": ["(((rows.row_number - 1) / 1024))", "rows.row_number"],
            "Sort Method": "quicksort",
            "Sort Space Used": 267,
            "Sort Space Type": "Memory",
            "Shared Hit Blocks": 0,
            "Shared Read Blocks": 0,
            "Shared Dirtied Blocks": 0,
            "Shared Written Blocks": 0,
            "Local Hit Blocks": 45,
            "Local Read Blocks": 23,
            "Local Dirtied Blocks": 0,
            "Local Written Blocks": 0,
            "Temp Read Blocks": 0,
            "Temp Written Blocks": 0,
            "I/O Read Time": 0.000,
            "I/O Write Time": 0.000,
            "Temp I/O Read Time": 0.000,
            "Temp I/O Write Time": 0.000,
            "WAL Records": 0,
            "WAL FPI": 0,
            "WAL Bytes": 0,
            "Plans": [
              {
                "Node Type": "Subquery Scan",
                "Parent Relationship": "Outer",
                "Parallel Aware": false,
                "Async Capable": false,
                "Alias": "rows",
                "Startup Cost": 185.09,
                "Total Cost": 187.40,
                "Plan Rows": 71,
                "Plan Width": 48,
                "Actual Startup Time": 0.384,
                "Actual Total Time": 0.746,
                "Actual Rows": 2000,
                "Actual Loops": 1,
                "Output": ["((rows.row_number - 1) / 1024)", "rows.row_number", "rows.row_digest"],
                "Shared Hit Blocks": 0,
                "Shared Read Blocks": 0,
                "Shared Dirtied Blocks": 0,
                "Shared Written Blocks": 0,
                "Local Hit Blocks": 45,
                "Local Read Blocks": 23,
                "Local Dirtied Blocks": 0,
                "Local Written Blocks": 0,
                "Temp Read Blocks": 0,
                "Temp Written Blocks": 0,
                "I/O Read Time": 0.000,
                "I/O Write Time": 0.000,
                "Temp I/O Read Time": 0.000,
                "Temp I/O Write Time": 0.000,
                "WAL Records": 0,
                "WAL FPI": 0,
                "WAL Bytes": 0,
                "Plans": [
                  {
                    "Node Type": "WindowAgg",
                    "Parent Relationship": "Subquery",
                    "Parallel Aware": false,
                    "Async Capable": false,
                    "Startup Cost": 185.09,
                    "Total Cost": 186.33,
                    "Plan Rows": 71,
                    "Plan Width": 72,
                    "Actual Startup Time": 0.384,
                    "Actual Total Time": 0.640,
                    "Actual Rows": 2000,
                    "Actual Loops": 1,
                    "Output": ["row_number() OVER (?)", "gda_v5_component_rows.row_digest", "gda_v5_component_rows.semantic_key"],
                    "Shared Hit Blocks": 0,
                    "Shared Read Blocks": 0,
                    "Shared Dirtied Blocks": 0,
                    "Shared Written Blocks": 0,
                    "Local Hit Blocks": 45,
                    "Local Read Blocks": 23,
                    "Local Dirtied Blocks": 0,
                    "Local Written Blocks": 0,
                    "Temp Read Blocks": 0,
                    "Temp Written Blocks": 0,
                    "I/O Read Time": 0.000,
                    "I/O Write Time": 0.000,
                    "Temp I/O Read Time": 0.000,
                    "Temp I/O Write Time": 0.000,
                    "WAL Records": 0,
                    "WAL FPI": 0,
                    "WAL Bytes": 0,
                    "Plans": [
                      {
                        "Node Type": "Sort",
                        "Parent Relationship": "Outer",
                        "Parallel Aware": false,
                        "Async Capable": false,
                        "Startup Cost": 185.09,
                        "Total Cost": 185.27,
                        "Plan Rows": 71,
                        "Plan Width": 64,
                        "Actual Startup Time": 0.381,
                        "Actual Total Time": 0.426,
                        "Actual Rows": 2000,
                        "Actual Loops": 1,
                        "Output": ["gda_v5_component_rows.semantic_key", "gda_v5_component_rows.row_digest"],
                        "Sort Key": ["gda_v5_component_rows.semantic_key"],
                        "Sort Method": "quicksort",
                        "Sort Space Used": 330,
                        "Sort Space Type": "Memory",
                        "Shared Hit Blocks": 0,
                        "Shared Read Blocks": 0,
                        "Shared Dirtied Blocks": 0,
                        "Shared Written Blocks": 0,
                        "Local Hit Blocks": 45,
                        "Local Read Blocks": 23,
                        "Local Dirtied Blocks": 0,
                        "Local Written Blocks": 0,
                        "Temp Read Blocks": 0,
                        "Temp Written Blocks": 0,
                        "I/O Read Time": 0.000,
                        "I/O Write Time": 0.000,
                        "Temp I/O Read Time": 0.000,
                        "Temp I/O Write Time": 0.000,
                        "WAL Records": 0,
                        "WAL FPI": 0,
                        "WAL Bytes": 0,
                        "Plans": [
                          {
                            "Node Type": "Bitmap Heap Scan",
                            "Parent Relationship": "Outer",
                            "Parallel Aware": false,
                            "Async Capable": false,
                            "Relation Name": "gda_v5_component_rows",
                            "Schema": "pg_temp",
                            "Alias": "gda_v5_component_rows",
                            "Startup Cost": 8.96,
                            "Total Cost": 182.91,
                            "Plan Rows": 71,
                            "Plan Width": 64,
                            "Actual Startup Time": 0.119,
                            "Actual Total Time": 0.260,
                            "Actual Rows": 2000,
                            "Actual Loops": 1,
                            "Output": ["gda_v5_component_rows.semantic_key", "gda_v5_component_rows.row_digest"],
                            "Recheck Cond": "(gda_v5_component_rows.component_code = 'surfaceCitations'::text)",
                            "Rows Removed by Index Recheck": 0,
                            "Exact Heap Blocks": 42,
                            "Lossy Heap Blocks": 0,
                            "Shared Hit Blocks": 0,
                            "Shared Read Blocks": 0,
                            "Shared Dirtied Blocks": 0,
                            "Shared Written Blocks": 0,
                            "Local Hit Blocks": 45,
                            "Local Read Blocks": 23,
                            "Local Dirtied Blocks": 0,
                            "Local Written Blocks": 0,
                            "Temp Read Blocks": 0,
                            "Temp Written Blocks": 0,
                            "I/O Read Time": 0.000,
                            "I/O Write Time": 0.000,
                            "Temp I/O Read Time": 0.000,
                            "Temp I/O Write Time": 0.000,
                            "WAL Records": 0,
                            "WAL FPI": 0,
                            "WAL Bytes": 0,
                            "Plans": [
                              {
                                "Node Type": "Bitmap Index Scan",
                                "Parent Relationship": "Outer",
                                "Parallel Aware": false,
                                "Async Capable": false,
                                "Index Name": "gda_v5_component_rows_component_code_semantic_key_idx",
                                "Startup Cost": 0.00,
                                "Total Cost": 8.94,
                                "Plan Rows": 71,
                                "Plan Width": 0,
                                "Actual Startup Time": 0.115,
                                "Actual Total Time": 0.115,
                                "Actual Rows": 2000,
                                "Actual Loops": 1,
                                "Index Cond": "(gda_v5_component_rows.component_code = 'surfaceCitations'::text)",
                                "Shared Hit Blocks": 0,
                                "Shared Read Blocks": 0,
                                "Shared Dirtied Blocks": 0,
                                "Shared Written Blocks": 0,
                                "Local Hit Blocks": 3,
                                "Local Read Blocks": 23,
                                "Local Dirtied Blocks": 0,
                                "Local Written Blocks": 0,
                                "Temp Read Blocks": 0,
                                "Temp Written Blocks": 0,
                                "I/O Read Time": 0.000,
                                "I/O Write Time": 0.000,
                                "Temp I/O Read Time": 0.000,
                                "Temp I/O Write Time": 0.000,
                                "WAL Records": 0,
                                "WAL FPI": 0,
                                "WAL Bytes": 0
                              }
                            ]
                          }
                        ]
                      }
                    ]
                  }
                ]
              }
            ]
          }
        ]
      },
      {
        "Node Type": "Aggregate",
        "Strategy": "Plain",
        "Partial Mode": "Simple",
        "Parent Relationship": "InitPlan",
        "Subplan Name": "InitPlan 2 (returns $1)",
        "Parallel Aware": false,
        "Async Capable": false,
        "Startup Cost": 1.60,
        "Total Cost": 1.61,
        "Plan Rows": 1,
        "Plan Width": 32,
        "Actual Startup Time": 1.722,
        "Actual Total Time": 1.722,
        "Actual Rows": 1,
        "Actual Loops": 1,
        "Output": ["sum(chunks.chunk_row_count)"],
        "Shared Hit Blocks": 0,
        "Shared Read Blocks": 0,
        "Shared Dirtied Blocks": 0,
        "Shared Written Blocks": 0,
        "Local Hit Blocks": 45,
        "Local Read Blocks": 23,
        "Local Dirtied Blocks": 0,
        "Local Written Blocks": 0,
        "Temp Read Blocks": 0,
        "Temp Written Blocks": 0,
        "I/O Read Time": 0.000,
        "I/O Write Time": 0.000,
        "Temp I/O Read Time": 0.000,
        "Temp I/O Write Time": 0.000,
        "WAL Records": 0,
        "WAL FPI": 0,
        "WAL Bytes": 0,
        "Plans": [
          {
            "Node Type": "CTE Scan",
            "Parent Relationship": "Outer",
            "Parallel Aware": false,
            "Async Capable": false,
            "CTE Name": "chunks",
            "Alias": "chunks",
            "Startup Cost": 0.00,
            "Total Cost": 1.42,
            "Plan Rows": 71,
            "Plan Width": 8,
            "Actual Startup Time": 1.319,
            "Actual Total Time": 1.721,
            "Actual Rows": 2,
            "Actual Loops": 1,
            "Output": ["chunks.chunk_ordinal", "chunks.chunk_row_count", "chunks.chunk_digest"],
            "Shared Hit Blocks": 0,
            "Shared Read Blocks": 0,
            "Shared Dirtied Blocks": 0,
            "Shared Written Blocks": 0,
            "Local Hit Blocks": 45,
            "Local Read Blocks": 23,
            "Local Dirtied Blocks": 0,
            "Local Written Blocks": 0,
            "Temp Read Blocks": 0,
            "Temp Written Blocks": 0,
            "I/O Read Time": 0.000,
            "I/O Write Time": 0.000,
            "Temp I/O Read Time": 0.000,
            "Temp I/O Write Time": 0.000,
            "WAL Records": 0,
            "WAL FPI": 0,
            "WAL Bytes": 0
          }
        ]
      },
      {
        "Node Type": "Aggregate",
        "Strategy": "Plain",
        "Partial Mode": "Simple",
        "Parent Relationship": "InitPlan",
        "Subplan Name": "InitPlan 3 (returns $2)",
        "Parallel Aware": false,
        "Async Capable": false,
        "Startup Cost": 4.14,
        "Total Cost": 4.15,
        "Plan Rows": 1,
        "Plan Width": 32,
        "Actual Startup Time": 0.004,
        "Actual Total Time": 0.004,
        "Actual Rows": 1,
        "Actual Loops": 1,
        "Output": ["jsonb_agg(jsonb_build_array(chunks_1.chunk_ordinal, chunks_1.chunk_row_count, chunks_1.chunk_digest) ORDER BY chunks_1.chunk_ordinal)"],
        "Shared Hit Blocks": 0,
        "Shared Read Blocks": 0,
        "Shared Dirtied Blocks": 0,
        "Shared Written Blocks": 0,
        "Local Hit Blocks": 0,
        "Local Read Blocks": 0,
        "Local Dirtied Blocks": 0,
        "Local Written Blocks": 0,
        "Temp Read Blocks": 0,
        "Temp Written Blocks": 0,
        "I/O Read Time": 0.000,
        "I/O Write Time": 0.000,
        "Temp I/O Read Time": 0.000,
        "Temp I/O Write Time": 0.000,
        "WAL Records": 0,
        "WAL FPI": 0,
        "WAL Bytes": 0,
        "Plans": [
          {
            "Node Type": "Sort",
            "Parent Relationship": "Outer",
            "Parallel Aware": false,
            "Async Capable": false,
            "Startup Cost": 3.60,
            "Total Cost": 3.78,
            "Plan Rows": 71,
            "Plan Width": 48,
            "Actual Startup Time": 0.001,
            "Actual Total Time": 0.001,
            "Actual Rows": 2,
            "Actual Loops": 1,
            "Output": ["chunks_1.chunk_ordinal", "chunks_1.chunk_row_count", "chunks_1.chunk_digest"],
            "Sort Key": ["chunks_1.chunk_ordinal"],
            "Sort Method": "quicksort",
            "Sort Space Used": 25,
            "Sort Space Type": "Memory",
            "Shared Hit Blocks": 0,
            "Shared Read Blocks": 0,
            "Shared Dirtied Blocks": 0,
            "Shared Written Blocks": 0,
            "Local Hit Blocks": 0,
            "Local Read Blocks": 0,
            "Local Dirtied Blocks": 0,
            "Local Written Blocks": 0,
            "Temp Read Blocks": 0,
            "Temp Written Blocks": 0,
            "I/O Read Time": 0.000,
            "I/O Write Time": 0.000,
            "Temp I/O Read Time": 0.000,
            "Temp I/O Write Time": 0.000,
            "WAL Records": 0,
            "WAL FPI": 0,
            "WAL Bytes": 0,
            "Plans": [
              {
                "Node Type": "CTE Scan",
                "Parent Relationship": "Outer",
                "Parallel Aware": false,
                "Async Capable": false,
                "CTE Name": "chunks",
                "Alias": "chunks_1",
                "Startup Cost": 0.00,
                "Total Cost": 1.42,
                "Plan Rows": 71,
                "Plan Width": 48,
                "Actual Startup Time": 0.000,
                "Actual Total Time": 0.000,
                "Actual Rows": 2,
                "Actual Loops": 1,
                "Output": ["chunks_1.chunk_ordinal", "chunks_1.chunk_row_count", "chunks_1.chunk_digest"],
                "Shared Hit Blocks": 0,
                "Shared Read Blocks": 0,
                "Shared Dirtied Blocks": 0,
                "Shared Written Blocks": 0,
                "Local Hit Blocks": 0,
                "Local Read Blocks": 0,
                "Local Dirtied Blocks": 0,
                "Local Written Blocks": 0,
                "Temp Read Blocks": 0,
                "Temp Written Blocks": 0,
                "I/O Read Time": 0.000,
                "I/O Write Time": 0.000,
                "Temp I/O Read Time": 0.000,
                "Temp I/O Write Time": 0.000,
                "WAL Records": 0,
                "WAL FPI": 0,
                "WAL Bytes": 0
              }
            ]
          }
        ]
      }
    ]
  }
}
psql:/private/tmp/graphic_design_archive_v49_release_snapshot_db_closure/database/tests/009_release_projection_snapshot_performance_scale.sql:34: LOG:  duration: 5.264 ms  plan:
{
  "Query Text": "WITH chunks AS (\n    SELECT ((row_number-1)/1024)::bigint AS chunk_ordinal,count(*)::bigint AS chunk_row_count,\n      encode(sha256(convert_to(jsonb_build_object(\n        'format','gda-v49-research-component-chunk-v5','component',p_component,\n        'chunkSize',1024,'chunkOrdinal',((row_number-1)/1024)::bigint,\n        'rowDigests',jsonb_agg(row_digest ORDER BY row_number)\n      )::text,'UTF8')),'hex') AS chunk_digest\n    FROM (\n      SELECT row_number() OVER (ORDER BY semantic_key) AS row_number,row_digest\n      FROM pg_temp.gda_v5_component_rows WHERE component_code=p_component\n    ) rows GROUP BY ((row_number-1)/1024)\n  )\n  SELECT encode(sha256(convert_to(jsonb_build_object(\n    'format','gda-v49-research-component-merkle-v5','component',p_component,\n    'rowCount',coalesce((SELECT sum(chunk_row_count) FROM chunks),0),\n    'chunkSize',1024,\n    'chunks',coalesce((SELECT jsonb_agg(jsonb_build_array(chunk_ordinal,chunk_row_count,chunk_digest)\n      ORDER BY chunk_ordinal) FROM chunks),'[]'::jsonb)\n  )::text,'UTF8')),'hex')::core.sha256_hex",
  "Plan": {
    "Node Type": "Result",
    "Parallel Aware": false,
    "Async Capable": false,
    "Startup Cost": 198.71,
    "Total Cost": 198.74,
    "Plan Rows": 1,
    "Plan Width": 32,
    "Actual Startup Time": 5.262,
    "Actual Total Time": 5.263,
    "Actual Rows": 1,
    "Actual Loops": 1,
    "Output": ["(encode(sha256(convert_to((jsonb_build_object('format', 'gda-v49-research-component-merkle-v5', 'component', $1, 'rowCount', COALESCE($1, '0'::numeric), 'chunkSize', 1024, 'chunks', COALESCE($2, '[]'::jsonb)))::text, 'UTF8'::name)), 'hex'::text))::core.sha256_hex"],
    "Shared Hit Blocks": 0,
    "Shared Read Blocks": 0,
    "Shared Dirtied Blocks": 0,
    "Shared Written Blocks": 0,
    "Local Hit Blocks": 164,
    "Local Read Blocks": 112,
    "Local Dirtied Blocks": 0,
    "Local Written Blocks": 0,
    "Temp Read Blocks": 0,
    "Temp Written Blocks": 0,
    "I/O Read Time": 0.000,
    "I/O Write Time": 0.000,
    "Temp I/O Read Time": 0.000,
    "Temp I/O Write Time": 0.000,
    "WAL Records": 0,
    "WAL FPI": 0,
    "WAL Bytes": 0,
    "Plans": [
      {
        "Node Type": "Aggregate",
        "Strategy": "Sorted",
        "Partial Mode": "Simple",
        "Parent Relationship": "InitPlan",
        "Subplan Name": "CTE chunks",
        "Parallel Aware": false,
        "Async Capable": false,
        "Startup Cost": 189.58,
        "Total Cost": 192.95,
        "Plan Rows": 71,
        "Plan Width": 48,
        "Actual Startup Time": 3.093,
        "Actual Total Time": 5.228,
        "Actual Rows": 6,
        "Actual Loops": 1,
        "Output": ["(((rows.row_number - 1) / 1024))", "count(*)", "encode(sha256(convert_to((jsonb_build_object('format', 'gda-v49-research-component-chunk-v5', 'component', $1, 'chunkSize', 1024, 'chunkOrdinal', (((rows.row_number - 1) / 1024)), 'rowDigests', jsonb_agg(rows.row_digest ORDER BY rows.row_number)))::text, 'UTF8'::name)), 'hex'::text)"],
        "Group Key": ["(((rows.row_number - 1) / 1024))"],
        "Shared Hit Blocks": 0,
        "Shared Read Blocks": 0,
        "Shared Dirtied Blocks": 0,
        "Shared Written Blocks": 0,
        "Local Hit Blocks": 164,
        "Local Read Blocks": 112,
        "Local Dirtied Blocks": 0,
        "Local Written Blocks": 0,
        "Temp Read Blocks": 0,
        "Temp Written Blocks": 0,
        "I/O Read Time": 0.000,
        "I/O Write Time": 0.000,
        "Temp I/O Read Time": 0.000,
        "Temp I/O Write Time": 0.000,
        "WAL Records": 0,
        "WAL FPI": 0,
        "WAL Bytes": 0,
        "Plans": [
          {
            "Node Type": "Sort",
            "Parent Relationship": "Outer",
            "Parallel Aware": false,
            "Async Capable": false,
            "Startup Cost": 189.58,
            "Total Cost": 189.76,
            "Plan Rows": 71,
            "Plan Width": 48,
            "Actual Startup Time": 2.635,
            "Actual Total Time": 2.777,
            "Actual Rows": 6107,
            "Actual Loops": 1,
            "Output": ["(((rows.row_number - 1) / 1024))", "rows.row_number", "rows.row_digest"],
            "Sort Key": ["(((rows.row_number - 1) / 1024))", "rows.row_number"],
            "Sort Method": "quicksort",
            "Sort Space Used": 860,
            "Sort Space Type": "Memory",
            "Shared Hit Blocks": 0,
            "Shared Read Blocks": 0,
            "Shared Dirtied Blocks": 0,
            "Shared Written Blocks": 0,
            "Local Hit Blocks": 164,
            "Local Read Blocks": 112,
            "Local Dirtied Blocks": 0,
            "Local Written Blocks": 0,
            "Temp Read Blocks": 0,
            "Temp Written Blocks": 0,
            "I/O Read Time": 0.000,
            "I/O Write Time": 0.000,
            "Temp I/O Read Time": 0.000,
            "Temp I/O Write Time": 0.000,
            "WAL Records": 0,
            "WAL FPI": 0,
            "WAL Bytes": 0,
            "Plans": [
              {
                "Node Type": "Subquery Scan",
                "Parent Relationship": "Outer",
                "Parallel Aware": false,
                "Async Capable": false,
                "Alias": "rows",
                "Startup Cost": 185.09,
                "Total Cost": 187.40,
                "Plan Rows": 71,
                "Plan Width": 48,
                "Actual Startup Time": 1.143,
                "Actual Total Time": 2.235,
                "Actual Rows": 6107,
                "Actual Loops": 1,
                "Output": ["((rows.row_number - 1) / 1024)", "rows.row_number", "rows.row_digest"],
                "Shared Hit Blocks": 0,
                "Shared Read Blocks": 0,
                "Shared Dirtied Blocks": 0,
                "Shared Written Blocks": 0,
                "Local Hit Blocks": 164,
                "Local Read Blocks": 112,
                "Local Dirtied Blocks": 0,
                "Local Written Blocks": 0,
                "Temp Read Blocks": 0,
                "Temp Written Blocks": 0,
                "I/O Read Time": 0.000,
                "I/O Write Time": 0.000,
                "Temp I/O Read Time": 0.000,
                "Temp I/O Write Time": 0.000,
                "WAL Records": 0,
                "WAL FPI": 0,
                "WAL Bytes": 0,
                "Plans": [
                  {
                    "Node Type": "WindowAgg",
                    "Parent Relationship": "Subquery",
                    "Parallel Aware": false,
                    "Async Capable": false,
                    "Startup Cost": 185.09,
                    "Total Cost": 186.33,
                    "Plan Rows": 71,
                    "Plan Width": 72,
                    "Actual Startup Time": 1.143,
                    "Actual Total Time": 1.924,
                    "Actual Rows": 6107,
                    "Actual Loops": 1,
                    "Output": ["row_number() OVER (?)", "gda_v5_component_rows.row_digest", "gda_v5_component_rows.semantic_key"],
                    "Shared Hit Blocks": 0,
                    "Shared Read Blocks": 0,
                    "Shared Dirtied Blocks": 0,
                    "Shared Written Blocks": 0,
                    "Local Hit Blocks": 164,
                    "Local Read Blocks": 112,
                    "Local Dirtied Blocks": 0,
                    "Local Written Blocks": 0,
                    "Temp Read Blocks": 0,
                    "Temp Written Blocks": 0,
                    "I/O Read Time": 0.000,
                    "I/O Write Time": 0.000,
                    "Temp I/O Read Time": 0.000,
                    "Temp I/O Write Time": 0.000,
                    "WAL Records": 0,
                    "WAL FPI": 0,
                    "WAL Bytes": 0,
                    "Plans": [
                      {
                        "Node Type": "Sort",
                        "Parent Relationship": "Outer",
                        "Parallel Aware": false,
                        "Async Capable": false,
                        "Startup Cost": 185.09,
                        "Total Cost": 185.27,
                        "Plan Rows": 71,
                        "Plan Width": 64,
                        "Actual Startup Time": 1.142,
                        "Actual Total Time": 1.273,
                        "Actual Rows": 6107,
                        "Actual Loops": 1,
                        "Output": ["gda_v5_component_rows.semantic_key", "gda_v5_component_rows.row_digest"],
                        "Sort Key": ["gda_v5_component_rows.semantic_key"],
                        "Sort Method": "quicksort",
                        "Sort Space Used": 1290,
                        "Sort Space Type": "Memory",
                        "Shared Hit Blocks": 0,
                        "Shared Read Blocks": 0,
                        "Shared Dirtied Blocks": 0,
                        "Shared Written Blocks": 0,
                        "Local Hit Blocks": 164,
                        "Local Read Blocks": 112,
                        "Local Dirtied Blocks": 0,
                        "Local Written Blocks": 0,
                        "Temp Read Blocks": 0,
                        "Temp Written Blocks": 0,
                        "I/O Read Time": 0.000,
                        "I/O Write Time": 0.000,
                        "Temp I/O Read Time": 0.000,
                        "Temp I/O Write Time": 0.000,
                        "WAL Records": 0,
                        "WAL FPI": 0,
                        "WAL Bytes": 0,
                        "Plans": [
                          {
                            "Node Type": "Bitmap Heap Scan",
                            "Parent Relationship": "Outer",
                            "Parallel Aware": false,
                            "Async Capable": false,
                            "Relation Name": "gda_v5_component_rows",
                            "Schema": "pg_temp",
                            "Alias": "gda_v5_component_rows",
                            "Startup Cost": 8.96,
                            "Total Cost": 182.91,
                            "Plan Rows": 71,
                            "Plan Width": 64,
                            "Actual Startup Time": 0.390,
                            "Actual Total Time": 0.775,
                            "Actual Rows": 6107,
                            "Actual Loops": 1,
                            "Output": ["gda_v5_component_rows.semantic_key", "gda_v5_component_rows.row_digest"],
                            "Recheck Cond": "(gda_v5_component_rows.component_code = $1)",
                            "Rows Removed by Index Recheck": 0,
                            "Exact Heap Blocks": 162,
                            "Lossy Heap Blocks": 0,
                            "Shared Hit Blocks": 0,
                            "Shared Read Blocks": 0,
                            "Shared Dirtied Blocks": 0,
                            "Shared Written Blocks": 0,
                            "Local Hit Blocks": 164,
                            "Local Read Blocks": 112,
                            "Local Dirtied Blocks": 0,
                            "Local Written Blocks": 0,
                            "Temp Read Blocks": 0,
                            "Temp Written Blocks": 0,
                            "I/O Read Time": 0.000,
                            "I/O Write Time": 0.000,
                            "Temp I/O Read Time": 0.000,
                            "Temp I/O Write Time": 0.000,
                            "WAL Records": 0,
                            "WAL FPI": 0,
                            "WAL Bytes": 0,
                            "Plans": [
                              {
                                "Node Type": "Bitmap Index Scan",
                                "Parent Relationship": "Outer",
                                "Parallel Aware": false,
                                "Async Capable": false,
                                "Index Name": "gda_v5_component_rows_component_code_semantic_key_idx",
                                "Startup Cost": 0.00,
                                "Total Cost": 8.94,
                                "Plan Rows": 71,
                                "Plan Width": 0,
                                "Actual Startup Time": 0.380,
                                "Actual Total Time": 0.381,
                                "Actual Rows": 6107,
                                "Actual Loops": 1,
                                "Index Cond": "(gda_v5_component_rows.component_code = $1)",
                                "Shared Hit Blocks": 0,
                                "Shared Read Blocks": 0,
                                "Shared Dirtied Blocks": 0,
                                "Shared Written Blocks": 0,
                                "Local Hit Blocks": 2,
                                "Local Read Blocks": 112,
                                "Local Dirtied Blocks": 0,
                                "Local Written Blocks": 0,
                                "Temp Read Blocks": 0,
                                "Temp Written Blocks": 0,
                                "I/O Read Time": 0.000,
                                "I/O Write Time": 0.000,
                                "Temp I/O Read Time": 0.000,
                                "Temp I/O Write Time": 0.000,
                                "WAL Records": 0,
                                "WAL FPI": 0,
                                "WAL Bytes": 0
                              }
                            ]
                          }
                        ]
                      }
                    ]
                  }
                ]
              }
            ]
          }
        ]
      },
      {
        "Node Type": "Aggregate",
        "Strategy": "Plain",
        "Partial Mode": "Simple",
        "Parent Relationship": "InitPlan",
        "Subplan Name": "InitPlan 2 (returns $1)",
        "Parallel Aware": false,
        "Async Capable": false,
        "Startup Cost": 1.60,
        "Total Cost": 1.61,
        "Plan Rows": 1,
        "Plan Width": 32,
        "Actual Startup Time": 5.232,
        "Actual Total Time": 5.232,
        "Actual Rows": 1,
        "Actual Loops": 1,
        "Output": ["sum(chunks.chunk_row_count)"],
        "Shared Hit Blocks": 0,
        "Shared Read Blocks": 0,
        "Shared Dirtied Blocks": 0,
        "Shared Written Blocks": 0,
        "Local Hit Blocks": 164,
        "Local Read Blocks": 112,
        "Local Dirtied Blocks": 0,
        "Local Written Blocks": 0,
        "Temp Read Blocks": 0,
        "Temp Written Blocks": 0,
        "I/O Read Time": 0.000,
        "I/O Write Time": 0.000,
        "Temp I/O Read Time": 0.000,
        "Temp I/O Write Time": 0.000,
        "WAL Records": 0,
        "WAL FPI": 0,
        "WAL Bytes": 0,
        "Plans": [
          {
            "Node Type": "CTE Scan",
            "Parent Relationship": "Outer",
            "Parallel Aware": false,
            "Async Capable": false,
            "CTE Name": "chunks",
            "Alias": "chunks",
            "Startup Cost": 0.00,
            "Total Cost": 1.42,
            "Plan Rows": 71,
            "Plan Width": 8,
            "Actual Startup Time": 3.093,
            "Actual Total Time": 5.230,
            "Actual Rows": 6,
            "Actual Loops": 1,
            "Output": ["chunks.chunk_ordinal", "chunks.chunk_row_count", "chunks.chunk_digest"],
            "Shared Hit Blocks": 0,
            "Shared Read Blocks": 0,
            "Shared Dirtied Blocks": 0,
            "Shared Written Blocks": 0,
            "Local Hit Blocks": 164,
            "Local Read Blocks": 112,
            "Local Dirtied Blocks": 0,
            "Local Written Blocks": 0,
            "Temp Read Blocks": 0,
            "Temp Written Blocks": 0,
            "I/O Read Time": 0.000,
            "I/O Write Time": 0.000,
            "Temp I/O Read Time": 0.000,
            "Temp I/O Write Time": 0.000,
            "WAL Records": 0,
            "WAL FPI": 0,
            "WAL Bytes": 0
          }
        ]
      },
      {
        "Node Type": "Aggregate",
        "Strategy": "Plain",
        "Partial Mode": "Simple",
        "Parent Relationship": "InitPlan",
        "Subplan Name": "InitPlan 3 (returns $2)",
        "Parallel Aware": false,
        "Async Capable": false,
        "Startup Cost": 4.14,
        "Total Cost": 4.15,
        "Plan Rows": 1,
        "Plan Width": 32,
        "Actual Startup Time": 0.010,
        "Actual Total Time": 0.010,
        "Actual Rows": 1,
        "Actual Loops": 1,
        "Output": ["jsonb_agg(jsonb_build_array(chunks_1.chunk_ordinal, chunks_1.chunk_row_count, chunks_1.chunk_digest) ORDER BY chunks_1.chunk_ordinal)"],
        "Shared Hit Blocks": 0,
        "Shared Read Blocks": 0,
        "Shared Dirtied Blocks": 0,
        "Shared Written Blocks": 0,
        "Local Hit Blocks": 0,
        "Local Read Blocks": 0,
        "Local Dirtied Blocks": 0,
        "Local Written Blocks": 0,
        "Temp Read Blocks": 0,
        "Temp Written Blocks": 0,
        "I/O Read Time": 0.000,
        "I/O Write Time": 0.000,
        "Temp I/O Read Time": 0.000,
        "Temp I/O Write Time": 0.000,
        "WAL Records": 0,
        "WAL FPI": 0,
        "WAL Bytes": 0,
        "Plans": [
          {
            "Node Type": "Sort",
            "Parent Relationship": "Outer",
            "Parallel Aware": false,
            "Async Capable": false,
            "Startup Cost": 3.60,
            "Total Cost": 3.78,
            "Plan Rows": 71,
            "Plan Width": 48,
            "Actual Startup Time": 0.003,
            "Actual Total Time": 0.004,
            "Actual Rows": 6,
            "Actual Loops": 1,
            "Output": ["chunks_1.chunk_ordinal", "chunks_1.chunk_row_count", "chunks_1.chunk_digest"],
            "Sort Key": ["chunks_1.chunk_ordinal"],
            "Sort Method": "quicksort",
            "Sort Space Used": 25,
            "Sort Space Type": "Memory",
            "Shared Hit Blocks": 0,
            "Shared Read Blocks": 0,
            "Shared Dirtied Blocks": 0,
            "Shared Written Blocks": 0,
            "Local Hit Blocks": 0,
            "Local Read Blocks": 0,
            "Local Dirtied Blocks": 0,
            "Local Written Blocks": 0,
            "Temp Read Blocks": 0,
            "Temp Written Blocks": 0,
            "I/O Read Time": 0.000,
            "I/O Write Time": 0.000,
            "Temp I/O Read Time": 0.000,
            "Temp I/O Write Time": 0.000,
            "WAL Records": 0,
            "WAL FPI": 0,
            "WAL Bytes": 0,
            "Plans": [
              {
                "Node Type": "CTE Scan",
                "Parent Relationship": "Outer",
                "Parallel Aware": false,
                "Async Capable": false,
                "CTE Name": "chunks",
                "Alias": "chunks_1",
                "Startup Cost": 0.00,
                "Total Cost": 1.42,
                "Plan Rows": 71,
                "Plan Width": 48,
                "Actual Startup Time": 0.000,
                "Actual Total Time": 0.000,
                "Actual Rows": 6,
                "Actual Loops": 1,
                "Output": ["chunks_1.chunk_ordinal", "chunks_1.chunk_row_count", "chunks_1.chunk_digest"],
                "Shared Hit Blocks": 0,
                "Shared Read Blocks": 0,
                "Shared Dirtied Blocks": 0,
                "Shared Written Blocks": 0,
                "Local Hit Blocks": 0,
                "Local Read Blocks": 0,
                "Local Dirtied Blocks": 0,
                "Local Written Blocks": 0,
                "Temp Read Blocks": 0,
                "Temp Written Blocks": 0,
                "I/O Read Time": 0.000,
                "I/O Write Time": 0.000,
                "Temp I/O Read Time": 0.000,
                "Temp I/O Write Time": 0.000,
                "WAL Records": 0,
                "WAL FPI": 0,
                "WAL Bytes": 0
              }
            ]
          }
        ]
      }
    ]
  }
}
psql:/private/tmp/graphic_design_archive_v49_release_snapshot_db_closure/database/tests/009_release_projection_snapshot_performance_scale.sql:34: LOG:  duration: 1.972 ms  plan:
{
  "Query Text": "WITH chunks AS (\n    SELECT ((row_number-1)/1024)::bigint AS chunk_ordinal,count(*)::bigint AS chunk_row_count,\n      encode(sha256(convert_to(jsonb_build_object(\n        'format','gda-v49-research-component-chunk-v5','component',p_component,\n        'chunkSize',1024,'chunkOrdinal',((row_number-1)/1024)::bigint,\n        'rowDigests',jsonb_agg(row_digest ORDER BY row_number)\n      )::text,'UTF8')),'hex') AS chunk_digest\n    FROM (\n      SELECT row_number() OVER (ORDER BY semantic_key) AS row_number,row_digest\n      FROM pg_temp.gda_v5_component_rows WHERE component_code=p_component\n    ) rows GROUP BY ((row_number-1)/1024)\n  )\n  SELECT encode(sha256(convert_to(jsonb_build_object(\n    'format','gda-v49-research-component-merkle-v5','component',p_component,\n    'rowCount',coalesce((SELECT sum(chunk_row_count) FROM chunks),0),\n    'chunkSize',1024,\n    'chunks',coalesce((SELECT jsonb_agg(jsonb_build_array(chunk_ordinal,chunk_row_count,chunk_digest)\n      ORDER BY chunk_ordinal) FROM chunks),'[]'::jsonb)\n  )::text,'UTF8')),'hex')::core.sha256_hex",
  "Plan": {
    "Node Type": "Result",
    "Parallel Aware": false,
    "Async Capable": false,
    "Startup Cost": 198.71,
    "Total Cost": 198.74,
    "Plan Rows": 1,
    "Plan Width": 32,
    "Actual Startup Time": 1.971,
    "Actual Total Time": 1.972,
    "Actual Rows": 1,
    "Actual Loops": 1,
    "Output": ["(encode(sha256(convert_to((jsonb_build_object('format', 'gda-v49-research-component-merkle-v5', 'component', $1, 'rowCount', COALESCE($1, '0'::numeric), 'chunkSize', 1024, 'chunks', COALESCE($2, '[]'::jsonb)))::text, 'UTF8'::name)), 'hex'::text))::core.sha256_hex"],
    "Shared Hit Blocks": 0,
    "Shared Read Blocks": 0,
    "Shared Dirtied Blocks": 0,
    "Shared Written Blocks": 0,
    "Local Hit Blocks": 55,
    "Local Read Blocks": 33,
    "Local Dirtied Blocks": 0,
    "Local Written Blocks": 0,
    "Temp Read Blocks": 0,
    "Temp Written Blocks": 0,
    "I/O Read Time": 0.000,
    "I/O Write Time": 0.000,
    "Temp I/O Read Time": 0.000,
    "Temp I/O Write Time": 0.000,
    "WAL Records": 0,
    "WAL FPI": 0,
    "WAL Bytes": 0,
    "Plans": [
      {
        "Node Type": "Aggregate",
        "Strategy": "Sorted",
        "Partial Mode": "Simple",
        "Parent Relationship": "InitPlan",
        "Subplan Name": "CTE chunks",
        "Parallel Aware": false,
        "Async Capable": false,
        "Startup Cost": 189.58,
        "Total Cost": 192.95,
        "Plan Rows": 71,
        "Plan Width": 48,
        "Actual Startup Time": 1.562,
        "Actual Total Time": 1.954,
        "Actual Rows": 2,
        "Actual Loops": 1,
        "Output": ["(((rows.row_number - 1) / 1024))", "count(*)", "encode(sha256(convert_to((jsonb_build_object('format', 'gda-v49-research-component-chunk-v5', 'component', $1, 'chunkSize', 1024, 'chunkOrdinal', (((rows.row_number - 1) / 1024)), 'rowDigests', jsonb_agg(rows.row_digest ORDER BY rows.row_number)))::text, 'UTF8'::name)), 'hex'::text)"],
        "Group Key": ["(((rows.row_number - 1) / 1024))"],
        "Shared Hit Blocks": 0,
        "Shared Read Blocks": 0,
        "Shared Dirtied Blocks": 0,
        "Shared Written Blocks": 0,
        "Local Hit Blocks": 55,
        "Local Read Blocks": 33,
        "Local Dirtied Blocks": 0,
        "Local Written Blocks": 0,
        "Temp Read Blocks": 0,
        "Temp Written Blocks": 0,
        "I/O Read Time": 0.000,
        "I/O Write Time": 0.000,
        "Temp I/O Read Time": 0.000,
        "Temp I/O Write Time": 0.000,
        "WAL Records": 0,
        "WAL FPI": 0,
        "WAL Bytes": 0,
        "Plans": [
          {
            "Node Type": "Sort",
            "Parent Relationship": "Outer",
            "Parallel Aware": false,
            "Async Capable": false,
            "Startup Cost": 189.58,
            "Total Cost": 189.76,
            "Plan Rows": 71,
            "Plan Width": 48,
            "Actual Startup Time": 1.133,
            "Actual Total Time": 1.176,
            "Actual Rows": 2000,
            "Actual Loops": 1,
            "Output": ["(((rows.row_number - 1) / 1024))", "rows.row_number", "rows.row_digest"],
            "Sort Key": ["(((rows.row_number - 1) / 1024))", "rows.row_number"],
            "Sort Method": "quicksort",
            "Sort Space Used": 267,
            "Sort Space Type": "Memory",
            "Shared Hit Blocks": 0,
            "Shared Read Blocks": 0,
            "Shared Dirtied Blocks": 0,
            "Shared Written Blocks": 0,
            "Local Hit Blocks": 55,
            "Local Read Blocks": 33,
            "Local Dirtied Blocks": 0,
            "Local Written Blocks": 0,
            "Temp Read Blocks": 0,
            "Temp Written Blocks": 0,
            "I/O Read Time": 0.000,
            "I/O Write Time": 0.000,
            "Temp I/O Read Time": 0.000,
            "Temp I/O Write Time": 0.000,
            "WAL Records": 0,
            "WAL FPI": 0,
            "WAL Bytes": 0,
            "Plans": [
              {
                "Node Type": "Subquery Scan",
                "Parent Relationship": "Outer",
                "Parallel Aware": false,
                "Async Capable": false,
                "Alias": "rows",
                "Startup Cost": 185.09,
                "Total Cost": 187.40,
                "Plan Rows": 71,
                "Plan Width": 48,
                "Actual Startup Time": 0.658,
                "Actual Total Time": 1.012,
                "Actual Rows": 2000,
                "Actual Loops": 1,
                "Output": ["((rows.row_number - 1) / 1024)", "rows.row_number", "rows.row_digest"],
                "Shared Hit Blocks": 0,
                "Shared Read Blocks": 0,
                "Shared Dirtied Blocks": 0,
                "Shared Written Blocks": 0,
                "Local Hit Blocks": 55,
                "Local Read Blocks": 33,
                "Local Dirtied Blocks": 0,
                "Local Written Blocks": 0,
                "Temp Read Blocks": 0,
                "Temp Written Blocks": 0,
                "I/O Read Time": 0.000,
                "I/O Write Time": 0.000,
                "Temp I/O Read Time": 0.000,
                "Temp I/O Write Time": 0.000,
                "WAL Records": 0,
                "WAL FPI": 0,
                "WAL Bytes": 0,
                "Plans": [
                  {
                    "Node Type": "WindowAgg",
                    "Parent Relationship": "Subquery",
                    "Parallel Aware": false,
                    "Async Capable": false,
                    "Startup Cost": 185.09,
                    "Total Cost": 186.33,
                    "Plan Rows": 71,
                    "Plan Width": 72,
                    "Actual Startup Time": 0.657,
                    "Actual Total Time": 0.911,
                    "Actual Rows": 2000,
                    "Actual Loops": 1,
                    "Output": ["row_number() OVER (?)", "gda_v5_component_rows.row_digest", "gda_v5_component_rows.semantic_key"],
                    "Shared Hit Blocks": 0,
                    "Shared Read Blocks": 0,
                    "Shared Dirtied Blocks": 0,
                    "Shared Written Blocks": 0,
                    "Local Hit Blocks": 55,
                    "Local Read Blocks": 33,
                    "Local Dirtied Blocks": 0,
                    "Local Written Blocks": 0,
                    "Temp Read Blocks": 0,
                    "Temp Written Blocks": 0,
                    "I/O Read Time": 0.000,
                    "I/O Write Time": 0.000,
                    "Temp I/O Read Time": 0.000,
                    "Temp I/O Write Time": 0.000,
                    "WAL Records": 0,
                    "WAL FPI": 0,
                    "WAL Bytes": 0,
                    "Plans": [
                      {
                        "Node Type": "Sort",
                        "Parent Relationship": "Outer",
                        "Parallel Aware": false,
                        "Async Capable": false,
                        "Startup Cost": 185.09,
                        "Total Cost": 185.27,
                        "Plan Rows": 71,
                        "Plan Width": 64,
                        "Actual Startup Time": 0.656,
                        "Actual Total Time": 0.698,
                        "Actual Rows": 2000,
                        "Actual Loops": 1,
                        "Output": ["gda_v5_component_rows.semantic_key", "gda_v5_component_rows.row_digest"],
                        "Sort Key": ["gda_v5_component_rows.semantic_key"],
                        "Sort Method": "quicksort",
                        "Sort Space Used": 407,
                        "Sort Space Type": "Memory",
                        "Shared Hit Blocks": 0,
                        "Shared Read Blocks": 0,
                        "Shared Dirtied Blocks": 0,
                        "Shared Written Blocks": 0,
                        "Local Hit Blocks": 55,
                        "Local Read Blocks": 33,
                        "Local Dirtied Blocks": 0,
                        "Local Written Blocks": 0,
                        "Temp Read Blocks": 0,
                        "Temp Written Blocks": 0,
                        "I/O Read Time": 0.000,
                        "I/O Write Time": 0.000,
                        "Temp I/O Read Time": 0.000,
                        "Temp I/O Write Time": 0.000,
                        "WAL Records": 0,
                        "WAL FPI": 0,
                        "WAL Bytes": 0,
                        "Plans": [
                          {
                            "Node Type": "Bitmap Heap Scan",
                            "Parent Relationship": "Outer",
                            "Parallel Aware": false,
                            "Async Capable": false,
                            "Relation Name": "gda_v5_component_rows",
                            "Schema": "pg_temp",
                            "Alias": "gda_v5_component_rows",
                            "Startup Cost": 8.96,
                            "Total Cost": 182.91,
                            "Plan Rows": 71,
                            "Plan Width": 64,
                            "Actual Startup Time": 0.148,
                            "Actual Total Time": 0.281,
                            "Actual Rows": 2000,
                            "Actual Loops": 1,
                            "Output": ["gda_v5_component_rows.semantic_key", "gda_v5_component_rows.row_digest"],
                            "Recheck Cond": "(gda_v5_component_rows.component_code = $1)",
                            "Rows Removed by Index Recheck": 0,
                            "Exact Heap Blocks": 51,
                            "Lossy Heap Blocks": 0,
                            "Shared Hit Blocks": 0,
                            "Shared Read Blocks": 0,
                            "Shared Dirtied Blocks": 0,
                            "Shared Written Blocks": 0,
                            "Local Hit Blocks": 55,
                            "Local Read Blocks": 33,
                            "Local Dirtied Blocks": 0,
                            "Local Written Blocks": 0,
                            "Temp Read Blocks": 0,
                            "Temp Written Blocks": 0,
                            "I/O Read Time": 0.000,
                            "I/O Write Time": 0.000,
                            "Temp I/O Read Time": 0.000,
                            "Temp I/O Write Time": 0.000,
                            "WAL Records": 0,
                            "WAL FPI": 0,
                            "WAL Bytes": 0,
                            "Plans": [
                              {
                                "Node Type": "Bitmap Index Scan",
                                "Parent Relationship": "Outer",
                                "Parallel Aware": false,
                                "Async Capable": false,
                                "Index Name": "gda_v5_component_rows_component_code_semantic_key_idx",
                                "Startup Cost": 0.00,
                                "Total Cost": 8.94,
                                "Plan Rows": 71,
                                "Plan Width": 0,
                                "Actual Startup Time": 0.143,
                                "Actual Total Time": 0.143,
                                "Actual Rows": 2000,
                                "Actual Loops": 1,
                                "Index Cond": "(gda_v5_component_rows.component_code = $1)",
                                "Shared Hit Blocks": 0,
                                "Shared Read Blocks": 0,
                                "Shared Dirtied Blocks": 0,
                                "Shared Written Blocks": 0,
                                "Local Hit Blocks": 4,
                                "Local Read Blocks": 33,
                                "Local Dirtied Blocks": 0,
                                "Local Written Blocks": 0,
                                "Temp Read Blocks": 0,
                                "Temp Written Blocks": 0,
                                "I/O Read Time": 0.000,
                                "I/O Write Time": 0.000,
                                "Temp I/O Read Time": 0.000,
                                "Temp I/O Write Time": 0.000,
                                "WAL Records": 0,
                                "WAL FPI": 0,
                                "WAL Bytes": 0
                              }
                            ]
                          }
                        ]
                      }
                    ]
                  }
                ]
              }
            ]
          }
        ]
      },
      {
        "Node Type": "Aggregate",
        "Strategy": "Plain",
        "Partial Mode": "Simple",
        "Parent Relationship": "InitPlan",
        "Subplan Name": "InitPlan 2 (returns $1)",
        "Parallel Aware": false,
        "Async Capable": false,
        "Startup Cost": 1.60,
        "Total Cost": 1.61,
        "Plan Rows": 1,
        "Plan Width": 32,
        "Actual Startup Time": 1.955,
        "Actual Total Time": 1.955,
        "Actual Rows": 1,
        "Actual Loops": 1,
        "Output": ["sum(chunks.chunk_row_count)"],
        "Shared Hit Blocks": 0,
        "Shared Read Blocks": 0,
        "Shared Dirtied Blocks": 0,
        "Shared Written Blocks": 0,
        "Local Hit Blocks": 55,
        "Local Read Blocks": 33,
        "Local Dirtied Blocks": 0,
        "Local Written Blocks": 0,
        "Temp Read Blocks": 0,
        "Temp Written Blocks": 0,
        "I/O Read Time": 0.000,
        "I/O Write Time": 0.000,
        "Temp I/O Read Time": 0.000,
        "Temp I/O Write Time": 0.000,
        "WAL Records": 0,
        "WAL FPI": 0,
        "WAL Bytes": 0,
        "Plans": [
          {
            "Node Type": "CTE Scan",
            "Parent Relationship": "Outer",
            "Parallel Aware": false,
            "Async Capable": false,
            "CTE Name": "chunks",
            "Alias": "chunks",
            "Startup Cost": 0.00,
            "Total Cost": 1.42,
            "Plan Rows": 71,
            "Plan Width": 8,
            "Actual Startup Time": 1.562,
            "Actual Total Time": 1.954,
            "Actual Rows": 2,
            "Actual Loops": 1,
            "Output": ["chunks.chunk_ordinal", "chunks.chunk_row_count", "chunks.chunk_digest"],
            "Shared Hit Blocks": 0,
            "Shared Read Blocks": 0,
            "Shared Dirtied Blocks": 0,
            "Shared Written Blocks": 0,
            "Local Hit Blocks": 55,
            "Local Read Blocks": 33,
            "Local Dirtied Blocks": 0,
            "Local Written Blocks": 0,
            "Temp Read Blocks": 0,
            "Temp Written Blocks": 0,
            "I/O Read Time": 0.000,
            "I/O Write Time": 0.000,
            "Temp I/O Read Time": 0.000,
            "Temp I/O Write Time": 0.000,
            "WAL Records": 0,
            "WAL FPI": 0,
            "WAL Bytes": 0
          }
        ]
      },
      {
        "Node Type": "Aggregate",
        "Strategy": "Plain",
        "Partial Mode": "Simple",
        "Parent Relationship": "InitPlan",
        "Subplan Name": "InitPlan 3 (returns $2)",
        "Parallel Aware": false,
        "Async Capable": false,
        "Startup Cost": 4.14,
        "Total Cost": 4.15,
        "Plan Rows": 1,
        "Plan Width": 32,
        "Actual Startup Time": 0.003,
        "Actual Total Time": 0.003,
        "Actual Rows": 1,
        "Actual Loops": 1,
        "Output": ["jsonb_agg(jsonb_build_array(chunks_1.chunk_ordinal, chunks_1.chunk_row_count, chunks_1.chunk_digest) ORDER BY chunks_1.chunk_ordinal)"],
        "Shared Hit Blocks": 0,
        "Shared Read Blocks": 0,
        "Shared Dirtied Blocks": 0,
        "Shared Written Blocks": 0,
        "Local Hit Blocks": 0,
        "Local Read Blocks": 0,
        "Local Dirtied Blocks": 0,
        "Local Written Blocks": 0,
        "Temp Read Blocks": 0,
        "Temp Written Blocks": 0,
        "I/O Read Time": 0.000,
        "I/O Write Time": 0.000,
        "Temp I/O Read Time": 0.000,
        "Temp I/O Write Time": 0.000,
        "WAL Records": 0,
        "WAL FPI": 0,
        "WAL Bytes": 0,
        "Plans": [
          {
            "Node Type": "Sort",
            "Parent Relationship": "Outer",
            "Parallel Aware": false,
            "Async Capable": false,
            "Startup Cost": 3.60,
            "Total Cost": 3.78,
            "Plan Rows": 71,
            "Plan Width": 48,
            "Actual Startup Time": 0.001,
            "Actual Total Time": 0.001,
            "Actual Rows": 2,
            "Actual Loops": 1,
            "Output": ["chunks_1.chunk_ordinal", "chunks_1.chunk_row_count", "chunks_1.chunk_digest"],
            "Sort Key": ["chunks_1.chunk_ordinal"],
            "Sort Method": "quicksort",
            "Sort Space Used": 25,
            "Sort Space Type": "Memory",
            "Shared Hit Blocks": 0,
            "Shared Read Blocks": 0,
            "Shared Dirtied Blocks": 0,
            "Shared Written Blocks": 0,
            "Local Hit Blocks": 0,
            "Local Read Blocks": 0,
            "Local Dirtied Blocks": 0,
            "Local Written Blocks": 0,
            "Temp Read Blocks": 0,
            "Temp Written Blocks": 0,
            "I/O Read Time": 0.000,
            "I/O Write Time": 0.000,
            "Temp I/O Read Time": 0.000,
            "Temp I/O Write Time": 0.000,
            "WAL Records": 0,
            "WAL FPI": 0,
            "WAL Bytes": 0,
            "Plans": [
              {
                "Node Type": "CTE Scan",
                "Parent Relationship": "Outer",
                "Parallel Aware": false,
                "Async Capable": false,
                "CTE Name": "chunks",
                "Alias": "chunks_1",
                "Startup Cost": 0.00,
                "Total Cost": 1.42,
                "Plan Rows": 71,
                "Plan Width": 48,
                "Actual Startup Time": 0.000,
                "Actual Total Time": 0.000,
                "Actual Rows": 2,
                "Actual Loops": 1,
                "Output": ["chunks_1.chunk_ordinal", "chunks_1.chunk_row_count", "chunks_1.chunk_digest"],
                "Shared Hit Blocks": 0,
                "Shared Read Blocks": 0,
                "Shared Dirtied Blocks": 0,
                "Shared Written Blocks": 0,
                "Local Hit Blocks": 0,
                "Local Read Blocks": 0,
                "Local Dirtied Blocks": 0,
                "Local Written Blocks": 0,
                "Temp Read Blocks": 0,
                "Temp Written Blocks": 0,
                "I/O Read Time": 0.000,
                "I/O Write Time": 0.000,
                "Temp I/O Read Time": 0.000,
                "Temp I/O Write Time": 0.000,
                "WAL Records": 0,
                "WAL FPI": 0,
                "WAL Bytes": 0
              }
            ]
          }
        ]
      }
    ]
  }
}
psql:/private/tmp/graphic_design_archive_v49_release_snapshot_db_closure/database/tests/009_release_projection_snapshot_performance_scale.sql:34: LOG:  duration: 17.341 ms  plan:
{
  "Query Text": "INSERT INTO release.research_launch_component_manifest_v3\n  SELECT p_release_id,x.component_code,x.row_count,release.research_launch_component_hash_staged_v5(x.component_code)\n  FROM (VALUES\n    ('releaseObjects',(SELECT count(*) FROM release.research_release_object WHERE research_release_id=p_release_id)),\n    ('surfacePresentation',(SELECT count(*) FROM release.research_surface_presentation_projection_v3 WHERE research_release_id=p_release_id)),\n    ('surfaceCredits',0::bigint),('surfaceCitations',(SELECT count(*) FROM release.research_surface_citation_projection_v3 WHERE research_release_id=p_release_id)),\n    ('folderTypes',(SELECT count(*) FROM release.research_folder_type_projection_v3 WHERE research_release_id=p_release_id)),\n    ('folders',(SELECT count(*) FROM release.research_folder_projection_v3 WHERE research_release_id=p_release_id)),\n    ('folderMemberships',(SELECT count(*) FROM release.research_folder_membership_projection_v3 WHERE research_release_id=p_release_id)),\n    ('searchDocuments',(SELECT count(*) FROM release.research_search_document_projection_v3 WHERE research_release_id=p_release_id)),\n    ('corpusSummary',(SELECT count(*) FROM release.research_corpus_summary_projection_v3 WHERE research_release_id=p_release_id)),\n    ('traceAvailability',(SELECT count(*) FROM release.research_trace_availability_projection_v3 WHERE research_release_id=p_release_id))\n  ) x(component_code,row_count)",
  "Plan": {
    "Node Type": "ModifyTable",
    "Operation": "Insert",
    "Parallel Aware": false,
    "Async Capable": false,
    "Relation Name": "research_launch_component_manifest_v3",
    "Schema": "release",
    "Alias": "research_launch_component_manifest_v3",
    "Startup Cost": 262.08,
    "Total Cost": 264.71,
    "Plan Rows": 0,
    "Plan Width": 0,
    "Actual Startup Time": 17.337,
    "Actual Total Time": 17.341,
    "Actual Rows": 0,
    "Actual Loops": 1,
    "Shared Hit Blocks": 866,
    "Shared Read Blocks": 0,
    "Shared Dirtied Blocks": 2,
    "Shared Written Blocks": 2,
    "Local Hit Blocks": 359,
    "Local Read Blocks": 214,
    "Local Dirtied Blocks": 0,
    "Local Written Blocks": 0,
    "Temp Read Blocks": 0,
    "Temp Written Blocks": 0,
    "I/O Read Time": 0.000,
    "I/O Write Time": 0.045,
    "Temp I/O Read Time": 0.000,
    "Temp I/O Write Time": 0.000,
    "WAL Records": 21,
    "WAL FPI": 0,
    "WAL Bytes": 2618,
    "Plans": [
      {
        "Node Type": "Values Scan",
        "Parent Relationship": "Outer",
        "Parallel Aware": false,
        "Async Capable": false,
        "Alias": "*VALUES*",
        "Startup Cost": 262.08,
        "Total Cost": 264.71,
        "Plan Rows": 10,
        "Plan Width": 88,
        "Actual Startup Time": 2.645,
        "Actual Total Time": 16.657,
        "Actual Rows": 10,
        "Actual Loops": 1,
        "Output": ["'e6000000-0000-4000-8000-000000002000'::uuid", "\"*VALUES*\".column1", "\"*VALUES*\".column2", "release.research_launch_component_hash_staged_v5(\"*VALUES*\".column1)"],
        "Shared Hit Blocks": 768,
        "Shared Read Blocks": 0,
        "Shared Dirtied Blocks": 0,
        "Shared Written Blocks": 0,
        "Local Hit Blocks": 359,
        "Local Read Blocks": 214,
        "Local Dirtied Blocks": 0,
        "Local Written Blocks": 0,
        "Temp Read Blocks": 0,
        "Temp Written Blocks": 0,
        "I/O Read Time": 0.000,
        "I/O Write Time": 0.000,
        "Temp I/O Read Time": 0.000,
        "Temp I/O Write Time": 0.000,
        "WAL Records": 0,
        "WAL FPI": 0,
        "WAL Bytes": 0,
        "Plans": [
          {
            "Node Type": "Aggregate",
            "Strategy": "Plain",
            "Partial Mode": "Simple",
            "Parent Relationship": "InitPlan",
            "Subplan Name": "InitPlan 1 (returns $0)",
            "Parallel Aware": false,
            "Async Capable": false,
            "Startup Cost": 30.69,
            "Total Cost": 30.70,
            "Plan Rows": 1,
            "Plan Width": 8,
            "Actual Startup Time": 0.259,
            "Actual Total Time": 0.259,
            "Actual Rows": 1,
            "Actual Loops": 1,
            "Output": ["count(*)"],
            "Shared Hit Blocks": 75,
            "Shared Read Blocks": 0,
            "Shared Dirtied Blocks": 0,
            "Shared Written Blocks": 0,
            "Local Hit Blocks": 0,
            "Local Read Blocks": 0,
            "Local Dirtied Blocks": 0,
            "Local Written Blocks": 0,
            "Temp Read Blocks": 0,
            "Temp Written Blocks": 0,
            "I/O Read Time": 0.000,
            "I/O Write Time": 0.000,
            "Temp I/O Read Time": 0.000,
            "Temp I/O Write Time": 0.000,
            "WAL Records": 0,
            "WAL FPI": 0,
            "WAL Bytes": 0,
            "Plans": [
              {
                "Node Type": "Bitmap Heap Scan",
                "Parent Relationship": "Outer",
                "Parallel Aware": false,
                "Async Capable": false,
                "Relation Name": "research_release_object",
                "Schema": "release",
                "Alias": "research_release_object",
                "Startup Cost": 4.37,
                "Total Cost": 30.66,
                "Plan Rows": 11,
                "Plan Width": 0,
                "Actual Startup Time": 0.069,
                "Actual Total Time": 0.209,
                "Actual Rows": 2000,
                "Actual Loops": 1,
                "Recheck Cond": "(research_release_object.research_release_id = 'e6000000-0000-4000-8000-000000002000'::uuid)",
                "Rows Removed by Index Recheck": 0,
                "Exact Heap Blocks": 47,
                "Lossy Heap Blocks": 0,
                "Shared Hit Blocks": 75,
                "Shared Read Blocks": 0,
                "Shared Dirtied Blocks": 0,
                "Shared Written Blocks": 0,
                "Local Hit Blocks": 0,
                "Local Read Blocks": 0,
                "Local Dirtied Blocks": 0,
                "Local Written Blocks": 0,
                "Temp Read Blocks": 0,
                "Temp Written Blocks": 0,
                "I/O Read Time": 0.000,
                "I/O Write Time": 0.000,
                "Temp I/O Read Time": 0.000,
                "Temp I/O Write Time": 0.000,
                "WAL Records": 0,
                "WAL FPI": 0,
                "WAL Bytes": 0,
                "Plans": [
                  {
                    "Node Type": "Bitmap Index Scan",
                    "Parent Relationship": "Outer",
                    "Parallel Aware": false,
                    "Async Capable": false,
                    "Index Name": "research_release_object_legacy_idx",
                    "Startup Cost": 0.00,
                    "Total Cost": 4.36,
                    "Plan Rows": 11,
                    "Plan Width": 0,
                    "Actual Startup Time": 0.063,
                    "Actual Total Time": 0.063,
                    "Actual Rows": 2000,
                    "Actual Loops": 1,
                    "Index Cond": "(research_release_object.research_release_id = 'e6000000-0000-4000-8000-000000002000'::uuid)",
                    "Shared Hit Blocks": 28,
                    "Shared Read Blocks": 0,
                    "Shared Dirtied Blocks": 0,
                    "Shared Written Blocks": 0,
                    "Local Hit Blocks": 0,
                    "Local Read Blocks": 0,
                    "Local Dirtied Blocks": 0,
                    "Local Written Blocks": 0,
                    "Temp Read Blocks": 0,
                    "Temp Written Blocks": 0,
                    "I/O Read Time": 0.000,
                    "I/O Write Time": 0.000,
                    "Temp I/O Read Time": 0.000,
                    "Temp I/O Write Time": 0.000,
                    "WAL Records": 0,
                    "WAL FPI": 0,
                    "WAL Bytes": 0
                  }
                ]
              }
            ]
          },
          {
            "Node Type": "Aggregate",
            "Strategy": "Plain",
            "Partial Mode": "Simple",
            "Parent Relationship": "InitPlan",
            "Subplan Name": "InitPlan 2 (returns $1)",
            "Parallel Aware": false,
            "Async Capable": false,
            "Startup Cost": 20.73,
            "Total Cost": 20.74,
            "Plan Rows": 1,
            "Plan Width": 8,
            "Actual Startup Time": 0.355,
            "Actual Total Time": 0.355,
            "Actual Rows": 1,
            "Actual Loops": 1,
            "Output": ["count(*)"],
            "Shared Hit Blocks": 112,
            "Shared Read Blocks": 0,
            "Shared Dirtied Blocks": 0,
            "Shared Written Blocks": 0,
            "Local Hit Blocks": 0,
            "Local Read Blocks": 0,
            "Local Dirtied Blocks": 0,
            "Local Written Blocks": 0,
            "Temp Read Blocks": 0,
            "Temp Written Blocks": 0,
            "I/O Read Time": 0.000,
            "I/O Write Time": 0.000,
            "Temp I/O Read Time": 0.000,
            "Temp I/O Write Time": 0.000,
            "WAL Records": 0,
            "WAL FPI": 0,
            "WAL Bytes": 0,
            "Plans": [
              {
                "Node Type": "Bitmap Heap Scan",
                "Parent Relationship": "Outer",
                "Parallel Aware": false,
                "Async Capable": false,
                "Relation Name": "research_surface_presentation_projection_v3",
                "Schema": "release",
                "Alias": "research_surface_presentation_projection_v3",
                "Startup Cost": 4.32,
                "Total Cost": 20.72,
                "Plan Rows": 5,
                "Plan Width": 0,
                "Actual Startup Time": 0.075,
                "Actual Total Time": 0.304,
                "Actual Rows": 2000,
                "Actual Loops": 1,
                "Recheck Cond": "(research_surface_presentation_projection_v3.research_release_id = 'e6000000-0000-4000-8000-000000002000'::uuid)",
                "Rows Removed by Index Recheck": 0,
                "Exact Heap Blocks": 84,
                "Lossy Heap Blocks": 0,
                "Shared Hit Blocks": 112,
                "Shared Read Blocks": 0,
                "Shared Dirtied Blocks": 0,
                "Shared Written Blocks": 0,
                "Local Hit Blocks": 0,
                "Local Read Blocks": 0,
                "Local Dirtied Blocks": 0,
                "Local Written Blocks": 0,
                "Temp Read Blocks": 0,
                "Temp Written Blocks": 0,
                "I/O Read Time": 0.000,
                "I/O Write Time": 0.000,
                "Temp I/O Read Time": 0.000,
                "Temp I/O Write Time": 0.000,
                "WAL Records": 0,
                "WAL FPI": 0,
                "WAL Bytes": 0,
                "Plans": [
                  {
                    "Node Type": "Bitmap Index Scan",
                    "Parent Relationship": "Outer",
                    "Parallel Aware": false,
                    "Async Capable": false,
                    "Index Name": "research_surface_presentation_research_release_id_public_su_key",
                    "Startup Cost": 0.00,
                    "Total Cost": 4.31,
                    "Plan Rows": 5,
                    "Plan Width": 0,
                    "Actual Startup Time": 0.068,
                    "Actual Total Time": 0.068,
                    "Actual Rows": 2000,
                    "Actual Loops": 1,
                    "Index Cond": "(research_surface_presentation_projection_v3.research_release_id = 'e6000000-0000-4000-8000-000000002000'::uuid)",
                    "Shared Hit Blocks": 28,
                    "Shared Read Blocks": 0,
                    "Shared Dirtied Blocks": 0,
                    "Shared Written Blocks": 0,
                    "Local Hit Blocks": 0,
                    "Local Read Blocks": 0,
                    "Local Dirtied Blocks": 0,
                    "Local Written Blocks": 0,
                    "Temp Read Blocks": 0,
                    "Temp Written Blocks": 0,
                    "I/O Read Time": 0.000,
                    "I/O Write Time": 0.000,
                    "Temp I/O Read Time": 0.000,
                    "Temp I/O Write Time": 0.000,
                    "WAL Records": 0,
                    "WAL FPI": 0,
                    "WAL Bytes": 0
                  }
                ]
              }
            ]
          },
          {
            "Node Type": "Aggregate",
            "Strategy": "Plain",
            "Partial Mode": "Simple",
            "Parent Relationship": "InitPlan",
            "Subplan Name": "InitPlan 3 (returns $2)",
            "Parallel Aware": false,
            "Async Capable": false,
            "Startup Cost": 35.64,
            "Total Cost": 35.65,
            "Plan Rows": 1,
            "Plan Width": 8,
            "Actual Startup Time": 0.284,
            "Actual Total Time": 0.284,
            "Actual Rows": 1,
            "Actual Loops": 1,
            "Output": ["count(*)"],
            "Shared Hit Blocks": 61,
            "Shared Read Blocks": 0,
            "Shared Dirtied Blocks": 0,
            "Shared Written Blocks": 0,
            "Local Hit Blocks": 0,
            "Local Read Blocks": 0,
            "Local Dirtied Blocks": 0,
            "Local Written Blocks": 0,
            "Temp Read Blocks": 0,
            "Temp Written Blocks": 0,
            "I/O Read Time": 0.000,
            "I/O Write Time": 0.000,
            "Temp I/O Read Time": 0.000,
            "Temp I/O Write Time": 0.000,
            "WAL Records": 0,
            "WAL FPI": 0,
            "WAL Bytes": 0,
            "Plans": [
              {
                "Node Type": "Bitmap Heap Scan",
                "Parent Relationship": "Outer",
                "Parallel Aware": false,
                "Async Capable": false,
                "Relation Name": "research_surface_citation_projection_v3",
                "Schema": "release",
                "Alias": "research_surface_citation_projection_v3",
                "Startup Cost": 4.39,
                "Total Cost": 35.60,
                "Plan Rows": 14,
                "Plan Width": 0,
                "Actual Startup Time": 0.060,
                "Actual Total Time": 0.232,
                "Actual Rows": 2000,
                "Actual Loops": 1,
                "Recheck Cond": "(research_surface_citation_projection_v3.research_release_id = 'e6000000-0000-4000-8000-000000002000'::uuid)",
                "Rows Removed by Index Recheck": 0,
                "Exact Heap Blocks": 45,
                "Lossy Heap Blocks": 0,
                "Shared Hit Blocks": 61,
                "Shared Read Blocks": 0,
                "Shared Dirtied Blocks": 0,
                "Shared Written Blocks": 0,
                "Local Hit Blocks": 0,
                "Local Read Blocks": 0,
                "Local Dirtied Blocks": 0,
                "Local Written Blocks": 0,
                "Temp Read Blocks": 0,
                "Temp Written Blocks": 0,
                "I/O Read Time": 0.000,
                "I/O Write Time": 0.000,
                "Temp I/O Read Time": 0.000,
                "Temp I/O Write Time": 0.000,
                "WAL Records": 0,
                "WAL FPI": 0,
                "WAL Bytes": 0,
                "Plans": [
                  {
                    "Node Type": "Bitmap Index Scan",
                    "Parent Relationship": "Outer",
                    "Parallel Aware": false,
                    "Async Capable": false,
                    "Index Name": "research_surface_citation_projection_v3_pkey",
                    "Startup Cost": 0.00,
                    "Total Cost": 4.39,
                    "Plan Rows": 14,
                    "Plan Width": 0,
                    "Actual Startup Time": 0.055,
                    "Actual Total Time": 0.056,
                    "Actual Rows": 2000,
                    "Actual Loops": 1,
                    "Index Cond": "(research_surface_citation_projection_v3.research_release_id = 'e6000000-0000-4000-8000-000000002000'::uuid)",
                    "Shared Hit Blocks": 16,
                    "Shared Read Blocks": 0,
                    "Shared Dirtied Blocks": 0,
                    "Shared Written Blocks": 0,
                    "Local Hit Blocks": 0,
                    "Local Read Blocks": 0,
                    "Local Dirtied Blocks": 0,
                    "Local Written Blocks": 0,
                    "Temp Read Blocks": 0,
                    "Temp Written Blocks": 0,
                    "I/O Read Time": 0.000,
                    "I/O Write Time": 0.000,
                    "Temp I/O Read Time": 0.000,
                    "Temp I/O Write Time": 0.000,
                    "WAL Records": 0,
                    "WAL FPI": 0,
                    "WAL Bytes": 0
                  }
                ]
              }
            ]
          },
          {
            "Node Type": "Aggregate",
            "Strategy": "Plain",
            "Partial Mode": "Simple",
            "Parent Relationship": "InitPlan",
            "Subplan Name": "InitPlan 4 (returns $3)",
            "Parallel Aware": false,
            "Async Capable": false,
            "Startup Cost": 12.65,
            "Total Cost": 12.66,
            "Plan Rows": 1,
            "Plan Width": 8,
            "Actual Startup Time": 0.005,
            "Actual Total Time": 0.005,
            "Actual Rows": 1,
            "Actual Loops": 1,
            "Output": ["count(*)"],
            "Shared Hit Blocks": 2,
            "Shared Read Blocks": 0,
            "Shared Dirtied Blocks": 0,
            "Shared Written Blocks": 0,
            "Local Hit Blocks": 0,
            "Local Read Blocks": 0,
            "Local Dirtied Blocks": 0,
            "Local Written Blocks": 0,
            "Temp Read Blocks": 0,
            "Temp Written Blocks": 0,
            "I/O Read Time": 0.000,
            "I/O Write Time": 0.000,
            "Temp I/O Read Time": 0.000,
            "Temp I/O Write Time": 0.000,
            "WAL Records": 0,
            "WAL FPI": 0,
            "WAL Bytes": 0,
            "Plans": [
              {
                "Node Type": "Bitmap Heap Scan",
                "Parent Relationship": "Outer",
                "Parallel Aware": false,
                "Async Capable": false,
                "Relation Name": "research_folder_type_projection_v3",
                "Schema": "release",
                "Alias": "research_folder_type_projection_v3",
                "Startup Cost": 4.18,
                "Total Cost": 12.64,
                "Plan Rows": 4,
                "Plan Width": 0,
                "Actual Startup Time": 0.004,
                "Actual Total Time": 0.004,
                "Actual Rows": 1,
                "Actual Loops": 1,
                "Recheck Cond": "(research_folder_type_projection_v3.research_release_id = 'e6000000-0000-4000-8000-000000002000'::uuid)",
                "Rows Removed by Index Recheck": 0,
                "Exact Heap Blocks": 1,
                "Lossy Heap Blocks": 0,
                "Shared Hit Blocks": 2,
                "Shared Read Blocks": 0,
                "Shared Dirtied Blocks": 0,
                "Shared Written Blocks": 0,
                "Local Hit Blocks": 0,
                "Local Read Blocks": 0,
                "Local Dirtied Blocks": 0,
                "Local Written Blocks": 0,
                "Temp Read Blocks": 0,
                "Temp Written Blocks": 0,
                "I/O Read Time": 0.000,
                "I/O Write Time": 0.000,
                "Temp I/O Read Time": 0.000,
                "Temp I/O Write Time": 0.000,
                "WAL Records": 0,
                "WAL FPI": 0,
                "WAL Bytes": 0,
                "Plans": [
                  {
                    "Node Type": "Bitmap Index Scan",
                    "Parent Relationship": "Outer",
                    "Parallel Aware": false,
                    "Async Capable": false,
                    "Index Name": "research_folder_type_projecti_research_release_id_sort_ordi_key",
                    "Startup Cost": 0.00,
                    "Total Cost": 4.18,
                    "Plan Rows": 4,
                    "Plan Width": 0,
                    "Actual Startup Time": 0.002,
                    "Actual Total Time": 0.002,
                    "Actual Rows": 1,
                    "Actual Loops": 1,
                    "Index Cond": "(research_folder_type_projection_v3.research_release_id = 'e6000000-0000-4000-8000-000000002000'::uuid)",
                    "Shared Hit Blocks": 1,
                    "Shared Read Blocks": 0,
                    "Shared Dirtied Blocks": 0,
                    "Shared Written Blocks": 0,
                    "Local Hit Blocks": 0,
                    "Local Read Blocks": 0,
                    "Local Dirtied Blocks": 0,
                    "Local Written Blocks": 0,
                    "Temp Read Blocks": 0,
                    "Temp Written Blocks": 0,
                    "I/O Read Time": 0.000,
                    "I/O Write Time": 0.000,
                    "Temp I/O Read Time": 0.000,
                    "Temp I/O Write Time": 0.000,
                    "WAL Records": 0,
                    "WAL FPI": 0,
                    "WAL Bytes": 0
                  }
                ]
              }
            ]
          },
          {
            "Node Type": "Aggregate",
            "Strategy": "Plain",
            "Partial Mode": "Simple",
            "Parent Relationship": "InitPlan",
            "Subplan Name": "InitPlan 5 (returns $4)",
            "Parallel Aware": false,
            "Async Capable": false,
            "Startup Cost": 9.51,
            "Total Cost": 9.52,
            "Plan Rows": 1,
            "Plan Width": 8,
            "Actual Startup Time": 0.004,
            "Actual Total Time": 0.004,
            "Actual Rows": 1,
            "Actual Loops": 1,
            "Output": ["count(*)"],
            "Shared Hit Blocks": 2,
            "Shared Read Blocks": 0,
            "Shared Dirtied Blocks": 0,
            "Shared Written Blocks": 0,
            "Local Hit Blocks": 0,
            "Local Read Blocks": 0,
            "Local Dirtied Blocks": 0,
            "Local Written Blocks": 0,
            "Temp Read Blocks": 0,
            "Temp Written Blocks": 0,
            "I/O Read Time": 0.000,
            "I/O Write Time": 0.000,
            "Temp I/O Read Time": 0.000,
            "Temp I/O Write Time": 0.000,
            "WAL Records": 0,
            "WAL FPI": 0,
            "WAL Bytes": 0,
            "Plans": [
              {
                "Node Type": "Bitmap Heap Scan",
                "Parent Relationship": "Outer",
                "Parallel Aware": false,
                "Async Capable": false,
                "Relation Name": "research_folder_projection_v3",
                "Schema": "release",
                "Alias": "research_folder_projection_v3",
                "Startup Cost": 4.16,
                "Total Cost": 9.50,
                "Plan Rows": 2,
                "Plan Width": 0,
                "Actual Startup Time": 0.003,
                "Actual Total Time": 0.003,
                "Actual Rows": 4,
                "Actual Loops": 1,
                "Recheck Cond": "(research_folder_projection_v3.research_release_id = 'e6000000-0000-4000-8000-000000002000'::uuid)",
                "Rows Removed by Index Recheck": 0,
                "Exact Heap Blocks": 1,
                "Lossy Heap Blocks": 0,
                "Shared Hit Blocks": 2,
                "Shared Read Blocks": 0,
                "Shared Dirtied Blocks": 0,
                "Shared Written Blocks": 0,
                "Local Hit Blocks": 0,
                "Local Read Blocks": 0,
                "Local Dirtied Blocks": 0,
                "Local Written Blocks": 0,
                "Temp Read Blocks": 0,
                "Temp Written Blocks": 0,
                "I/O Read Time": 0.000,
                "I/O Write Time": 0.000,
                "Temp I/O Read Time": 0.000,
                "Temp I/O Write Time": 0.000,
                "WAL Records": 0,
                "WAL FPI": 0,
                "WAL Bytes": 0,
                "Plans": [
                  {
                    "Node Type": "Bitmap Index Scan",
                    "Parent Relationship": "Outer",
                    "Parallel Aware": false,
                    "Async Capable": false,
                    "Index Name": "research_folder_projection_v3_type_sort_idx",
                    "Startup Cost": 0.00,
                    "Total Cost": 4.16,
                    "Plan Rows": 2,
                    "Plan Width": 0,
                    "Actual Startup Time": 0.002,
                    "Actual Total Time": 0.002,
                    "Actual Rows": 4,
                    "Actual Loops": 1,
                    "Index Cond": "(research_folder_projection_v3.research_release_id = 'e6000000-0000-4000-8000-000000002000'::uuid)",
                    "Shared Hit Blocks": 1,
                    "Shared Read Blocks": 0,
                    "Shared Dirtied Blocks": 0,
                    "Shared Written Blocks": 0,
                    "Local Hit Blocks": 0,
                    "Local Read Blocks": 0,
                    "Local Dirtied Blocks": 0,
                    "Local Written Blocks": 0,
                    "Temp Read Blocks": 0,
                    "Temp Written Blocks": 0,
                    "I/O Read Time": 0.000,
                    "I/O Write Time": 0.000,
                    "Temp I/O Read Time": 0.000,
                    "Temp I/O Write Time": 0.000,
                    "WAL Records": 0,
                    "WAL FPI": 0,
                    "WAL Bytes": 0
                  }
                ]
              }
            ]
          },
          {
            "Node Type": "Aggregate",
            "Strategy": "Plain",
            "Partial Mode": "Simple",
            "Parent Relationship": "InitPlan",
            "Subplan Name": "InitPlan 6 (returns $5)",
            "Parallel Aware": false,
            "Async Capable": false,
            "Startup Cost": 98.75,
            "Total Cost": 98.76,
            "Plan Rows": 1,
            "Plan Width": 8,
            "Actual Startup Time": 0.897,
            "Actual Total Time": 0.897,
            "Actual Rows": 1,
            "Actual Loops": 1,
            "Output": ["count(*)"],
            "Shared Hit Blocks": 275,
            "Shared Read Blocks": 0,
            "Shared Dirtied Blocks": 0,
            "Shared Written Blocks": 0,
            "Local Hit Blocks": 0,
            "Local Read Blocks": 0,
            "Local Dirtied Blocks": 0,
            "Local Written Blocks": 0,
            "Temp Read Blocks": 0,
            "Temp Written Blocks": 0,
            "I/O Read Time": 0.000,
            "I/O Write Time": 0.000,
            "Temp I/O Read Time": 0.000,
            "Temp I/O Write Time": 0.000,
            "WAL Records": 0,
            "WAL FPI": 0,
            "WAL Bytes": 0,
            "Plans": [
              {
                "Node Type": "Bitmap Heap Scan",
                "Parent Relationship": "Outer",
                "Parallel Aware": false,
                "Async Capable": false,
                "Relation Name": "research_folder_membership_projection_v3",
                "Schema": "release",
                "Alias": "research_folder_membership_projection_v3",
                "Startup Cost": 4.57,
                "Total Cost": 98.66,
                "Plan Rows": 37,
                "Plan Width": 0,
                "Actual Startup Time": 0.240,
                "Actual Total Time": 0.749,
                "Actual Rows": 6107,
                "Actual Loops": 1,
                "Recheck Cond": "(research_folder_membership_projection_v3.research_release_id = 'e6000000-0000-4000-8000-000000002000'::uuid)",
                "Rows Removed by Index Recheck": 0,
                "Exact Heap Blocks": 197,
                "Lossy Heap Blocks": 0,
                "Shared Hit Blocks": 275,
                "Shared Read Blocks": 0,
                "Shared Dirtied Blocks": 0,
                "Shared Written Blocks": 0,
                "Local Hit Blocks": 0,
                "Local Read Blocks": 0,
                "Local Dirtied Blocks": 0,
                "Local Written Blocks": 0,
                "Temp Read Blocks": 0,
                "Temp Written Blocks": 0,
                "I/O Read Time": 0.000,
                "I/O Write Time": 0.000,
                "Temp I/O Read Time": 0.000,
                "Temp I/O Write Time": 0.000,
                "WAL Records": 0,
                "WAL FPI": 0,
                "WAL Bytes": 0,
                "Plans": [
                  {
                    "Node Type": "Bitmap Index Scan",
                    "Parent Relationship": "Outer",
                    "Parallel Aware": false,
                    "Async Capable": false,
                    "Index Name": "research_folder_membership_v3_object_idx",
                    "Startup Cost": 0.00,
                    "Total Cost": 4.56,
                    "Plan Rows": 37,
                    "Plan Width": 0,
                    "Actual Startup Time": 0.228,
                    "Actual Total Time": 0.228,
                    "Actual Rows": 6107,
                    "Actual Loops": 1,
                    "Index Cond": "(research_folder_membership_projection_v3.research_release_id = 'e6000000-0000-4000-8000-000000002000'::uuid)",
                    "Shared Hit Blocks": 78,
                    "Shared Read Blocks": 0,
                    "Shared Dirtied Blocks": 0,
                    "Shared Written Blocks": 0,
                    "Local Hit Blocks": 0,
                    "Local Read Blocks": 0,
                    "Local Dirtied Blocks": 0,
                    "Local Written Blocks": 0,
                    "Temp Read Blocks": 0,
                    "Temp Written Blocks": 0,
                    "I/O Read Time": 0.000,
                    "I/O Write Time": 0.000,
                    "Temp I/O Read Time": 0.000,
                    "Temp I/O Write Time": 0.000,
                    "WAL Records": 0,
                    "WAL FPI": 0,
                    "WAL Bytes": 0
                  }
                ]
              }
            ]
          },
          {
            "Node Type": "Aggregate",
            "Strategy": "Plain",
            "Partial Mode": "Simple",
            "Parent Relationship": "InitPlan",
            "Subplan Name": "InitPlan 7 (returns $6)",
            "Parallel Aware": false,
            "Async Capable": false,
            "Startup Cost": 36.34,
            "Total Cost": 36.35,
            "Plan Rows": 1,
            "Plan Width": 8,
            "Actual Startup Time": 0.339,
            "Actual Total Time": 0.340,
            "Actual Rows": 1,
            "Actual Loops": 1,
            "Output": ["count(*)"],
            "Shared Hit Blocks": 87,
            "Shared Read Blocks": 0,
            "Shared Dirtied Blocks": 0,
            "Shared Written Blocks": 0,
            "Local Hit Blocks": 0,
            "Local Read Blocks": 0,
            "Local Dirtied Blocks": 0,
            "Local Written Blocks": 0,
            "Temp Read Blocks": 0,
            "Temp Written Blocks": 0,
            "I/O Read Time": 0.000,
            "I/O Write Time": 0.000,
            "Temp I/O Read Time": 0.000,
            "Temp I/O Write Time": 0.000,
            "WAL Records": 0,
            "WAL FPI": 0,
            "WAL Bytes": 0,
            "Plans": [
              {
                "Node Type": "Bitmap Heap Scan",
                "Parent Relationship": "Outer",
                "Parallel Aware": false,
                "Async Capable": false,
                "Relation Name": "research_search_document_projection_v3",
                "Schema": "release",
                "Alias": "research_search_document_projection_v3",
                "Startup Cost": 4.38,
                "Total Cost": 36.31,
                "Plan Rows": 13,
                "Plan Width": 0,
                "Actual Startup Time": 0.077,
                "Actual Total Time": 0.288,
                "Actual Rows": 2000,
                "Actual Loops": 1,
                "Recheck Cond": "(research_search_document_projection_v3.research_release_id = 'e6000000-0000-4000-8000-000000002000'::uuid)",
                "Rows Removed by Index Recheck": 0,
                "Exact Heap Blocks": 59,
                "Lossy Heap Blocks": 0,
                "Shared Hit Blocks": 87,
                "Shared Read Blocks": 0,
                "Shared Dirtied Blocks": 0,
                "Shared Written Blocks": 0,
                "Local Hit Blocks": 0,
                "Local Read Blocks": 0,
                "Local Dirtied Blocks": 0,
                "Local Written Blocks": 0,
                "Temp Read Blocks": 0,
                "Temp Written Blocks": 0,
                "I/O Read Time": 0.000,
                "I/O Write Time": 0.000,
                "Temp I/O Read Time": 0.000,
                "Temp I/O Write Time": 0.000,
                "WAL Records": 0,
                "WAL FPI": 0,
                "WAL Bytes": 0,
                "Plans": [
                  {
                    "Node Type": "Bitmap Index Scan",
                    "Parent Relationship": "Outer",
                    "Parallel Aware": false,
                    "Async Capable": false,
                    "Index Name": "research_search_document_proj_research_release_id_public_su_key",
                    "Startup Cost": 0.00,
                    "Total Cost": 4.38,
                    "Plan Rows": 13,
                    "Plan Width": 0,
                    "Actual Startup Time": 0.071,
                    "Actual Total Time": 0.071,
                    "Actual Rows": 2000,
                    "Actual Loops": 1,
                    "Index Cond": "(research_search_document_projection_v3.research_release_id = 'e6000000-0000-4000-8000-000000002000'::uuid)",
                    "Shared Hit Blocks": 28,
                    "Shared Read Blocks": 0,
                    "Shared Dirtied Blocks": 0,
                    "Shared Written Blocks": 0,
                    "Local Hit Blocks": 0,
                    "Local Read Blocks": 0,
                    "Local Dirtied Blocks": 0,
                    "Local Written Blocks": 0,
                    "Temp Read Blocks": 0,
                    "Temp Written Blocks": 0,
                    "I/O Read Time": 0.000,
                    "I/O Write Time": 0.000,
                    "Temp I/O Read Time": 0.000,
                    "Temp I/O Write Time": 0.000,
                    "WAL Records": 0,
                    "WAL FPI": 0,
                    "WAL Bytes": 0
                  }
                ]
              }
            ]
          },
          {
            "Node Type": "Aggregate",
            "Strategy": "Plain",
            "Partial Mode": "Simple",
            "Parent Relationship": "InitPlan",
            "Subplan Name": "InitPlan 8 (returns $7)",
            "Parallel Aware": false,
            "Async Capable": false,
            "Startup Cost": 9.51,
            "Total Cost": 9.52,
            "Plan Rows": 1,
            "Plan Width": 8,
            "Actual Startup Time": 0.003,
            "Actual Total Time": 0.003,
            "Actual Rows": 1,
            "Actual Loops": 1,
            "Output": ["count(*)"],
            "Shared Hit Blocks": 2,
            "Shared Read Blocks": 0,
            "Shared Dirtied Blocks": 0,
            "Shared Written Blocks": 0,
            "Local Hit Blocks": 0,
            "Local Read Blocks": 0,
            "Local Dirtied Blocks": 0,
            "Local Written Blocks": 0,
            "Temp Read Blocks": 0,
            "Temp Written Blocks": 0,
            "I/O Read Time": 0.000,
            "I/O Write Time": 0.000,
            "Temp I/O Read Time": 0.000,
            "Temp I/O Write Time": 0.000,
            "WAL Records": 0,
            "WAL FPI": 0,
            "WAL Bytes": 0,
            "Plans": [
              {
                "Node Type": "Bitmap Heap Scan",
                "Parent Relationship": "Outer",
                "Parallel Aware": false,
                "Async Capable": false,
                "Relation Name": "research_corpus_summary_projection_v3",
                "Schema": "release",
                "Alias": "research_corpus_summary_projection_v3",
                "Startup Cost": 4.16,
                "Total Cost": 9.50,
                "Plan Rows": 2,
                "Plan Width": 0,
                "Actual Startup Time": 0.002,
                "Actual Total Time": 0.003,
                "Actual Rows": 1,
                "Actual Loops": 1,
                "Recheck Cond": "(research_corpus_summary_projection_v3.research_release_id = 'e6000000-0000-4000-8000-000000002000'::uuid)",
                "Rows Removed by Index Recheck": 0,
                "Exact Heap Blocks": 1,
                "Lossy Heap Blocks": 0,
                "Shared Hit Blocks": 2,
                "Shared Read Blocks": 0,
                "Shared Dirtied Blocks": 0,
                "Shared Written Blocks": 0,
                "Local Hit Blocks": 0,
                "Local Read Blocks": 0,
                "Local Dirtied Blocks": 0,
                "Local Written Blocks": 0,
                "Temp Read Blocks": 0,
                "Temp Written Blocks": 0,
                "I/O Read Time": 0.000,
                "I/O Write Time": 0.000,
                "Temp I/O Read Time": 0.000,
                "Temp I/O Write Time": 0.000,
                "WAL Records": 0,
                "WAL FPI": 0,
                "WAL Bytes": 0,
                "Plans": [
                  {
                    "Node Type": "Bitmap Index Scan",
                    "Parent Relationship": "Outer",
                    "Parallel Aware": false,
                    "Async Capable": false,
                    "Index Name": "research_corpus_summary_projection_v3_pkey",
                    "Startup Cost": 0.00,
                    "Total Cost": 4.16,
                    "Plan Rows": 2,
                    "Plan Width": 0,
                    "Actual Startup Time": 0.001,
                    "Actual Total Time": 0.001,
                    "Actual Rows": 1,
                    "Actual Loops": 1,
                    "Index Cond": "(research_corpus_summary_projection_v3.research_release_id = 'e6000000-0000-4000-8000-000000002000'::uuid)",
                    "Shared Hit Blocks": 1,
                    "Shared Read Blocks": 0,
                    "Shared Dirtied Blocks": 0,
                    "Shared Written Blocks": 0,
                    "Local Hit Blocks": 0,
                    "Local Read Blocks": 0,
                    "Local Dirtied Blocks": 0,
                    "Local Written Blocks": 0,
                    "Temp Read Blocks": 0,
                    "Temp Written Blocks": 0,
                    "I/O Read Time": 0.000,
                    "I/O Write Time": 0.000,
                    "Temp I/O Read Time": 0.000,
                    "Temp I/O Write Time": 0.000,
                    "WAL Records": 0,
                    "WAL FPI": 0,
                    "WAL Bytes": 0
                  }
                ]
              }
            ]
          },
          {
            "Node Type": "Aggregate",
            "Strategy": "Plain",
            "Partial Mode": "Simple",
            "Parent Relationship": "InitPlan",
            "Subplan Name": "InitPlan 9 (returns $8)",
            "Parallel Aware": false,
            "Async Capable": false,
            "Startup Cost": 8.17,
            "Total Cost": 8.18,
            "Plan Rows": 1,
            "Plan Width": 8,
            "Actual Startup Time": 0.025,
            "Actual Total Time": 0.025,
            "Actual Rows": 1,
            "Actual Loops": 1,
            "Output": ["count(*)"],
            "Shared Hit Blocks": 2,
            "Shared Read Blocks": 0,
            "Shared Dirtied Blocks": 0,
            "Shared Written Blocks": 0,
            "Local Hit Blocks": 0,
            "Local Read Blocks": 0,
            "Local Dirtied Blocks": 0,
            "Local Written Blocks": 0,
            "Temp Read Blocks": 0,
            "Temp Written Blocks": 0,
            "I/O Read Time": 0.000,
            "I/O Write Time": 0.000,
            "Temp I/O Read Time": 0.000,
            "Temp I/O Write Time": 0.000,
            "WAL Records": 0,
            "WAL FPI": 0,
            "WAL Bytes": 0,
            "Plans": [
              {
                "Node Type": "Index Only Scan",
                "Parent Relationship": "Outer",
                "Parallel Aware": false,
                "Async Capable": false,
                "Scan Direction": "Forward",
                "Index Name": "research_trace_availability_projection_v3_pkey",
                "Relation Name": "research_trace_availability_projection_v3",
                "Schema": "release",
                "Alias": "research_trace_availability_projection_v3",
                "Startup Cost": 0.15,
                "Total Cost": 8.17,
                "Plan Rows": 1,
                "Plan Width": 0,
                "Actual Startup Time": 0.024,
                "Actual Total Time": 0.024,
                "Actual Rows": 1,
                "Actual Loops": 1,
                "Output": ["research_trace_availability_projection_v3.research_release_id"],
                "Index Cond": "(research_trace_availability_projection_v3.research_release_id = 'e6000000-0000-4000-8000-000000002000'::uuid)",
                "Rows Removed by Index Recheck": 0,
                "Heap Fetches": 1,
                "Shared Hit Blocks": 2,
                "Shared Read Blocks": 0,
                "Shared Dirtied Blocks": 0,
                "Shared Written Blocks": 0,
                "Local Hit Blocks": 0,
                "Local Read Blocks": 0,
                "Local Dirtied Blocks": 0,
                "Local Written Blocks": 0,
                "Temp Read Blocks": 0,
                "Temp Written Blocks": 0,
                "I/O Read Time": 0.000,
                "I/O Write Time": 0.000,
                "Temp I/O Read Time": 0.000,
                "Temp I/O Write Time": 0.000,
                "WAL Records": 0,
                "WAL FPI": 0,
                "WAL Bytes": 0
              }
            ]
          }
        ]
      }
    ]
  }
}
psql:/private/tmp/graphic_design_archive_v49_release_snapshot_db_closure/database/tests/009_release_projection_snapshot_performance_scale.sql:34: LOG:  duration: 5.182 ms  plan:
{
  "Query Text": "(SELECT count(*) FROM gda_v5_expected_objects)<>(SELECT count(*) FROM release.research_release_object WHERE research_release_id=p_release_id)\n    OR EXISTS (SELECT 1 FROM gda_v5_expected_objects e LEFT JOIN release.research_release_object r ON r.research_release_id=p_release_id AND r.archive_object_id=e.archive_object_id WHERE r.archive_object_id IS NULL)\n    OR (SELECT count(*) FROM gda_v5_expected_memberships)<>(SELECT count(*) FROM release.research_folder_membership_projection_v3 WHERE research_release_id=p_release_id)\n    OR EXISTS (SELECT 1 FROM gda_v5_expected_memberships e LEFT JOIN release.research_folder_membership_projection_v3 r ON r.research_release_id=p_release_id AND r.folder_id=e.folder_id AND r.archive_object_id=e.archive_object_id\n      AND r.membership_role=e.membership_role AND r.member_ordinal=e.member_ordinal\n      WHERE r.archive_object_id IS NULL)",
  "Plan": {
    "Node Type": "Result",
    "Parallel Aware": false,
    "Async Capable": false,
    "Startup Cost": 488.33,
    "Total Cost": 488.34,
    "Plan Rows": 1,
    "Plan Width": 1,
    "Actual Startup Time": 5.176,
    "Actual Total Time": 5.180,
    "Actual Rows": 1,
    "Actual Loops": 1,
    "Output": ["(($0 <> $1) OR $2 OR ($3 <> $4) OR $5)"],
    "Shared Hit Blocks": 672,
    "Shared Read Blocks": 0,
    "Shared Dirtied Blocks": 0,
    "Shared Written Blocks": 0,
    "Local Hit Blocks": 480,
    "Local Read Blocks": 42,
    "Local Dirtied Blocks": 0,
    "Local Written Blocks": 0,
    "Temp Read Blocks": 0,
    "Temp Written Blocks": 0,
    "I/O Read Time": 0.000,
    "I/O Write Time": 0.000,
    "Temp I/O Read Time": 0.000,
    "Temp I/O Write Time": 0.000,
    "WAL Records": 0,
    "WAL FPI": 0,
    "WAL Bytes": 0,
    "Plans": [
      {
        "Node Type": "Aggregate",
        "Strategy": "Plain",
        "Partial Mode": "Simple",
        "Parent Relationship": "InitPlan",
        "Subplan Name": "InitPlan 1 (returns $0)",
        "Parallel Aware": false,
        "Async Capable": false,
        "Startup Cost": 89.00,
        "Total Cost": 89.01,
        "Plan Rows": 1,
        "Plan Width": 8,
        "Actual Startup Time": 0.166,
        "Actual Total Time": 0.166,
        "Actual Rows": 1,
        "Actual Loops": 1,
        "Output": ["count(*)"],
        "Shared Hit Blocks": 0,
        "Shared Read Blocks": 0,
        "Shared Dirtied Blocks": 0,
        "Shared Written Blocks": 0,
        "Local Hit Blocks": 64,
        "Local Read Blocks": 0,
        "Local Dirtied Blocks": 0,
        "Local Written Blocks": 0,
        "Temp Read Blocks": 0,
        "Temp Written Blocks": 0,
        "I/O Read Time": 0.000,
        "I/O Write Time": 0.000,
        "Temp I/O Read Time": 0.000,
        "Temp I/O Write Time": 0.000,
        "WAL Records": 0,
        "WAL FPI": 0,
        "WAL Bytes": 0,
        "Plans": [
          {
            "Node Type": "Seq Scan",
            "Parent Relationship": "Outer",
            "Parallel Aware": false,
            "Async Capable": false,
            "Relation Name": "gda_v5_expected_objects",
            "Schema": "pg_temp",
            "Alias": "gda_v5_expected_objects",
            "Startup Cost": 0.00,
            "Total Cost": 84.00,
            "Plan Rows": 2000,
            "Plan Width": 0,
            "Actual Startup Time": 0.002,
            "Actual Total Time": 0.117,
            "Actual Rows": 2000,
            "Actual Loops": 1,
            "Output": ["gda_v5_expected_objects.archive_object_id", "gda_v5_expected_objects.surface_id", "gda_v5_expected_objects.object_urn", "gda_v5_expected_objects.preferred_label"],
            "Shared Hit Blocks": 0,
            "Shared Read Blocks": 0,
            "Shared Dirtied Blocks": 0,
            "Shared Written Blocks": 0,
            "Local Hit Blocks": 64,
            "Local Read Blocks": 0,
            "Local Dirtied Blocks": 0,
            "Local Written Blocks": 0,
            "Temp Read Blocks": 0,
            "Temp Written Blocks": 0,
            "I/O Read Time": 0.000,
            "I/O Write Time": 0.000,
            "Temp I/O Read Time": 0.000,
            "Temp I/O Write Time": 0.000,
            "WAL Records": 0,
            "WAL FPI": 0,
            "WAL Bytes": 0
          }
        ]
      },
      {
        "Node Type": "Aggregate",
        "Strategy": "Plain",
        "Partial Mode": "Simple",
        "Parent Relationship": "InitPlan",
        "Subplan Name": "InitPlan 2 (returns $1)",
        "Parallel Aware": false,
        "Async Capable": false,
        "Startup Cost": 30.69,
        "Total Cost": 30.70,
        "Plan Rows": 1,
        "Plan Width": 8,
        "Actual Startup Time": 0.262,
        "Actual Total Time": 0.262,
        "Actual Rows": 1,
        "Actual Loops": 1,
        "Output": ["count(*)"],
        "Shared Hit Blocks": 75,
        "Shared Read Blocks": 0,
        "Shared Dirtied Blocks": 0,
        "Shared Written Blocks": 0,
        "Local Hit Blocks": 0,
        "Local Read Blocks": 0,
        "Local Dirtied Blocks": 0,
        "Local Written Blocks": 0,
        "Temp Read Blocks": 0,
        "Temp Written Blocks": 0,
        "I/O Read Time": 0.000,
        "I/O Write Time": 0.000,
        "Temp I/O Read Time": 0.000,
        "Temp I/O Write Time": 0.000,
        "WAL Records": 0,
        "WAL FPI": 0,
        "WAL Bytes": 0,
        "Plans": [
          {
            "Node Type": "Bitmap Heap Scan",
            "Parent Relationship": "Outer",
            "Parallel Aware": false,
            "Async Capable": false,
            "Relation Name": "research_release_object",
            "Schema": "release",
            "Alias": "research_release_object",
            "Startup Cost": 4.37,
            "Total Cost": 30.66,
            "Plan Rows": 11,
            "Plan Width": 0,
            "Actual Startup Time": 0.067,
            "Actual Total Time": 0.213,
            "Actual Rows": 2000,
            "Actual Loops": 1,
            "Recheck Cond": "(research_release_object.research_release_id = 'e6000000-0000-4000-8000-000000002000'::uuid)",
            "Rows Removed by Index Recheck": 0,
            "Exact Heap Blocks": 47,
            "Lossy Heap Blocks": 0,
            "Shared Hit Blocks": 75,
            "Shared Read Blocks": 0,
            "Shared Dirtied Blocks": 0,
            "Shared Written Blocks": 0,
            "Local Hit Blocks": 0,
            "Local Read Blocks": 0,
            "Local Dirtied Blocks": 0,
            "Local Written Blocks": 0,
            "Temp Read Blocks": 0,
            "Temp Written Blocks": 0,
            "I/O Read Time": 0.000,
            "I/O Write Time": 0.000,
            "Temp I/O Read Time": 0.000,
            "Temp I/O Write Time": 0.000,
            "WAL Records": 0,
            "WAL FPI": 0,
            "WAL Bytes": 0,
            "Plans": [
              {
                "Node Type": "Bitmap Index Scan",
                "Parent Relationship": "Outer",
                "Parallel Aware": false,
                "Async Capable": false,
                "Index Name": "research_release_object_legacy_idx",
                "Startup Cost": 0.00,
                "Total Cost": 4.36,
                "Plan Rows": 11,
                "Plan Width": 0,
                "Actual Startup Time": 0.062,
                "Actual Total Time": 0.062,
                "Actual Rows": 2000,
                "Actual Loops": 1,
                "Index Cond": "(research_release_object.research_release_id = 'e6000000-0000-4000-8000-000000002000'::uuid)",
                "Shared Hit Blocks": 28,
                "Shared Read Blocks": 0,
                "Shared Dirtied Blocks": 0,
                "Shared Written Blocks": 0,
                "Local Hit Blocks": 0,
                "Local Read Blocks": 0,
                "Local Dirtied Blocks": 0,
                "Local Written Blocks": 0,
                "Temp Read Blocks": 0,
                "Temp Written Blocks": 0,
                "I/O Read Time": 0.000,
                "I/O Write Time": 0.000,
                "Temp I/O Read Time": 0.000,
                "Temp I/O Write Time": 0.000,
                "WAL Records": 0,
                "WAL FPI": 0,
                "WAL Bytes": 0
              }
            ]
          }
        ]
      },
      {
        "Node Type": "Merge Join",
        "Parent Relationship": "InitPlan",
        "Subplan Name": "InitPlan 3 (returns $2)",
        "Parallel Aware": false,
        "Async Capable": false,
        "Join Type": "Anti",
        "Startup Cost": 0.56,
        "Total Cost": 375.89,
        "Plan Rows": 1989,
        "Plan Width": 0,
        "Actual Startup Time": 0.575,
        "Actual Total Time": 0.575,
        "Actual Rows": 0,
        "Actual Loops": 1,
        "Inner Unique": false,
        "Merge Cond": "(e.archive_object_id = r.archive_object_id)",
        "Shared Hit Blocks": 60,
        "Shared Read Blocks": 0,
        "Shared Dirtied Blocks": 0,
        "Shared Written Blocks": 0,
        "Local Hit Blocks": 39,
        "Local Read Blocks": 9,
        "Local Dirtied Blocks": 0,
        "Local Written Blocks": 0,
        "Temp Read Blocks": 0,
        "Temp Written Blocks": 0,
        "I/O Read Time": 0.000,
        "I/O Write Time": 0.000,
        "Temp I/O Read Time": 0.000,
        "Temp I/O Write Time": 0.000,
        "WAL Records": 0,
        "WAL FPI": 0,
        "WAL Bytes": 0,
        "Plans": [
          {
            "Node Type": "Index Only Scan",
            "Parent Relationship": "Outer",
            "Parallel Aware": false,
            "Async Capable": false,
            "Scan Direction": "Forward",
            "Index Name": "gda_v5_expected_objects_archive_object_id_idx",
            "Relation Name": "gda_v5_expected_objects",
            "Schema": "pg_temp",
            "Alias": "e",
            "Startup Cost": 0.28,
            "Total Cost": 326.28,
            "Plan Rows": 2000,
            "Plan Width": 16,
            "Actual Startup Time": 0.021,
            "Actual Total Time": 0.179,
            "Actual Rows": 2000,
            "Actual Loops": 1,
            "Output": ["e.archive_object_id"],
            "Heap Fetches": 2000,
            "Shared Hit Blocks": 0,
            "Shared Read Blocks": 0,
            "Shared Dirtied Blocks": 0,
            "Shared Written Blocks": 0,
            "Local Hit Blocks": 39,
            "Local Read Blocks": 9,
            "Local Dirtied Blocks": 0,
            "Local Written Blocks": 0,
            "Temp Read Blocks": 0,
            "Temp Written Blocks": 0,
            "I/O Read Time": 0.000,
            "I/O Write Time": 0.000,
            "Temp I/O Read Time": 0.000,
            "Temp I/O Write Time": 0.000,
            "WAL Records": 0,
            "WAL FPI": 0,
            "WAL Bytes": 0
          },
          {
            "Node Type": "Index Only Scan",
            "Parent Relationship": "Inner",
            "Parallel Aware": false,
            "Async Capable": false,
            "Scan Direction": "Forward",
            "Index Name": "research_release_object_pkey",
            "Relation Name": "research_release_object",
            "Schema": "release",
            "Alias": "r",
            "Startup Cost": 0.28,
            "Total Cost": 44.47,
            "Plan Rows": 11,
            "Plan Width": 16,
            "Actual Startup Time": 0.009,
            "Actual Total Time": 0.225,
            "Actual Rows": 2000,
            "Actual Loops": 1,
            "Output": ["r.research_release_id", "r.archive_object_id"],
            "Index Cond": "(r.research_release_id = 'e6000000-0000-4000-8000-000000002000'::uuid)",
            "Rows Removed by Index Recheck": 0,
            "Heap Fetches": 2000,
            "Shared Hit Blocks": 60,
            "Shared Read Blocks": 0,
            "Shared Dirtied Blocks": 0,
            "Shared Written Blocks": 0,
            "Local Hit Blocks": 0,
            "Local Read Blocks": 0,
            "Local Dirtied Blocks": 0,
            "Local Written Blocks": 0,
            "Temp Read Blocks": 0,
            "Temp Written Blocks": 0,
            "I/O Read Time": 0.000,
            "I/O Write Time": 0.000,
            "Temp I/O Read Time": 0.000,
            "Temp I/O Write Time": 0.000,
            "WAL Records": 0,
            "WAL FPI": 0,
            "WAL Bytes": 0
          }
        ]
      },
      {
        "Node Type": "Aggregate",
        "Strategy": "Plain",
        "Partial Mode": "Simple",
        "Parent Relationship": "InitPlan",
        "Subplan Name": "InitPlan 4 (returns $3)",
        "Parallel Aware": false,
        "Async Capable": false,
        "Startup Cost": 268.34,
        "Total Cost": 268.35,
        "Plan Rows": 1,
        "Plan Width": 8,
        "Actual Startup Time": 0.605,
        "Actual Total Time": 0.605,
        "Actual Rows": 1,
        "Actual Loops": 1,
        "Output": ["count(*)"],
        "Shared Hit Blocks": 0,
        "Shared Read Blocks": 0,
        "Shared Dirtied Blocks": 0,
        "Shared Written Blocks": 0,
        "Local Hit Blocks": 192,
        "Local Read Blocks": 0,
        "Local Dirtied Blocks": 0,
        "Local Written Blocks": 0,
        "Temp Read Blocks": 0,
        "Temp Written Blocks": 0,
        "I/O Read Time": 0.000,
        "I/O Write Time": 0.000,
        "Temp I/O Read Time": 0.000,
        "Temp I/O Write Time": 0.000,
        "WAL Records": 0,
        "WAL FPI": 0,
        "WAL Bytes": 0,
        "Plans": [
          {
            "Node Type": "Seq Scan",
            "Parent Relationship": "Outer",
            "Parallel Aware": false,
            "Async Capable": false,
            "Relation Name": "gda_v5_expected_memberships",
            "Schema": "pg_temp",
            "Alias": "gda_v5_expected_memberships",
            "Startup Cost": 0.00,
            "Total Cost": 253.07,
            "Plan Rows": 6107,
            "Plan Width": 0,
            "Actual Startup Time": 0.005,
            "Actual Total Time": 0.455,
            "Actual Rows": 6107,
            "Actual Loops": 1,
            "Output": ["gda_v5_expected_memberships.folder_id", "gda_v5_expected_memberships.archive_object_id", "gda_v5_expected_memberships.source_assignment_id", "gda_v5_expected_memberships.membership_role", "gda_v5_expected_memberships.member_ordinal", "gda_v5_expected_memberships.effective_decision_id", "gda_v5_expected_memberships.assignment_snapshot_sha256", "gda_v5_expected_memberships.decision_snapshot_sha256"],
            "Shared Hit Blocks": 0,
            "Shared Read Blocks": 0,
            "Shared Dirtied Blocks": 0,
            "Shared Written Blocks": 0,
            "Local Hit Blocks": 192,
            "Local Read Blocks": 0,
            "Local Dirtied Blocks": 0,
            "Local Written Blocks": 0,
            "Temp Read Blocks": 0,
            "Temp Written Blocks": 0,
            "I/O Read Time": 0.000,
            "I/O Write Time": 0.000,
            "Temp I/O Read Time": 0.000,
            "Temp I/O Write Time": 0.000,
            "WAL Records": 0,
            "WAL FPI": 0,
            "WAL Bytes": 0
          }
        ]
      },
      {
        "Node Type": "Aggregate",
        "Strategy": "Plain",
        "Partial Mode": "Simple",
        "Parent Relationship": "InitPlan",
        "Subplan Name": "InitPlan 5 (returns $4)",
        "Parallel Aware": false,
        "Async Capable": false,
        "Startup Cost": 98.75,
        "Total Cost": 98.76,
        "Plan Rows": 1,
        "Plan Width": 8,
        "Actual Startup Time": 0.822,
        "Actual Total Time": 0.822,
        "Actual Rows": 1,
        "Actual Loops": 1,
        "Output": ["count(*)"],
        "Shared Hit Blocks": 275,
        "Shared Read Blocks": 0,
        "Shared Dirtied Blocks": 0,
        "Shared Written Blocks": 0,
        "Local Hit Blocks": 0,
        "Local Read Blocks": 0,
        "Local Dirtied Blocks": 0,
        "Local Written Blocks": 0,
        "Temp Read Blocks": 0,
        "Temp Written Blocks": 0,
        "I/O Read Time": 0.000,
        "I/O Write Time": 0.000,
        "Temp I/O Read Time": 0.000,
        "Temp I/O Write Time": 0.000,
        "WAL Records": 0,
        "WAL FPI": 0,
        "WAL Bytes": 0,
        "Plans": [
          {
            "Node Type": "Bitmap Heap Scan",
            "Parent Relationship": "Outer",
            "Parallel Aware": false,
            "Async Capable": false,
            "Relation Name": "research_folder_membership_projection_v3",
            "Schema": "release",
            "Alias": "research_folder_membership_projection_v3",
            "Startup Cost": 4.57,
            "Total Cost": 98.66,
            "Plan Rows": 37,
            "Plan Width": 0,
            "Actual Startup Time": 0.216,
            "Actual Total Time": 0.670,
            "Actual Rows": 6107,
            "Actual Loops": 1,
            "Recheck Cond": "(research_folder_membership_projection_v3.research_release_id = 'e6000000-0000-4000-8000-000000002000'::uuid)",
            "Rows Removed by Index Recheck": 0,
            "Exact Heap Blocks": 197,
            "Lossy Heap Blocks": 0,
            "Shared Hit Blocks": 275,
            "Shared Read Blocks": 0,
            "Shared Dirtied Blocks": 0,
            "Shared Written Blocks": 0,
            "Local Hit Blocks": 0,
            "Local Read Blocks": 0,
            "Local Dirtied Blocks": 0,
            "Local Written Blocks": 0,
            "Temp Read Blocks": 0,
            "Temp Written Blocks": 0,
            "I/O Read Time": 0.000,
            "I/O Write Time": 0.000,
            "Temp I/O Read Time": 0.000,
            "Temp I/O Write Time": 0.000,
            "WAL Records": 0,
            "WAL FPI": 0,
            "WAL Bytes": 0,
            "Plans": [
              {
                "Node Type": "Bitmap Index Scan",
                "Parent Relationship": "Outer",
                "Parallel Aware": false,
                "Async Capable": false,
                "Index Name": "research_folder_membership_v3_object_idx",
                "Startup Cost": 0.00,
                "Total Cost": 4.56,
                "Plan Rows": 37,
                "Plan Width": 0,
                "Actual Startup Time": 0.204,
                "Actual Total Time": 0.204,
                "Actual Rows": 6107,
                "Actual Loops": 1,
                "Index Cond": "(research_folder_membership_projection_v3.research_release_id = 'e6000000-0000-4000-8000-000000002000'::uuid)",
                "Shared Hit Blocks": 78,
                "Shared Read Blocks": 0,
                "Shared Dirtied Blocks": 0,
                "Shared Written Blocks": 0,
                "Local Hit Blocks": 0,
                "Local Read Blocks": 0,
                "Local Dirtied Blocks": 0,
                "Local Written Blocks": 0,
                "Temp Read Blocks": 0,
                "Temp Written Blocks": 0,
                "I/O Read Time": 0.000,
                "I/O Write Time": 0.000,
                "Temp I/O Read Time": 0.000,
                "Temp I/O Write Time": 0.000,
                "WAL Records": 0,
                "WAL FPI": 0,
                "WAL Bytes": 0
              }
            ]
          }
        ]
      },
      {
        "Node Type": "Merge Join",
        "Parent Relationship": "InitPlan",
        "Subplan Name": "InitPlan 6 (returns $5)",
        "Parallel Aware": false,
        "Async Capable": false,
        "Join Type": "Anti",
        "Startup Cost": 0.56,
        "Total Cost": 1202.91,
        "Plan Rows": 6100,
        "Plan Width": 0,
        "Actual Startup Time": 2.745,
        "Actual Total Time": 2.745,
        "Actual Rows": 0,
        "Actual Loops": 1,
        "Inner Unique": false,
        "Merge Cond": "((e_1.folder_id = r_1.folder_id) AND (e_1.membership_role = r_1.membership_role) AND (e_1.member_ordinal = r_1.member_ordinal))",
        "Join Filter": "(r_1.archive_object_id = e_1.archive_object_id)",
        "Rows Removed by Join Filter": 0,
        "Shared Hit Blocks": 262,
        "Shared Read Blocks": 0,
        "Shared Dirtied Blocks": 0,
        "Shared Written Blocks": 0,
        "Local Hit Blocks": 185,
        "Local Read Blocks": 33,
        "Local Dirtied Blocks": 0,
        "Local Written Blocks": 0,
        "Temp Read Blocks": 0,
        "Temp Written Blocks": 0,
        "I/O Read Time": 0.000,
        "I/O Write Time": 0.000,
        "Temp I/O Read Time": 0.000,
        "Temp I/O Write Time": 0.000,
        "WAL Records": 0,
        "WAL FPI": 0,
        "WAL Bytes": 0,
        "Plans": [
          {
            "Node Type": "Index Scan",
            "Parent Relationship": "Outer",
            "Parallel Aware": false,
            "Async Capable": false,
            "Scan Direction": "Forward",
            "Index Name": "gda_v5_expected_memberships_folder_id_membership_role_membe_idx",
            "Relation Name": "gda_v5_expected_memberships",
            "Schema": "pg_temp",
            "Alias": "e_1",
            "Startup Cost": 0.28,
            "Total Cost": 1015.89,
            "Plan Rows": 6107,
            "Plan Width": 68,
            "Actual Startup Time": 0.007,
            "Actual Total Time": 0.617,
            "Actual Rows": 6107,
            "Actual Loops": 1,
            "Output": ["e_1.folder_id", "e_1.archive_object_id", "e_1.source_assignment_id", "e_1.membership_role", "e_1.member_ordinal", "e_1.effective_decision_id", "e_1.assignment_snapshot_sha256", "e_1.decision_snapshot_sha256"],
            "Shared Hit Blocks": 0,
            "Shared Read Blocks": 0,
            "Shared Dirtied Blocks": 0,
            "Shared Written Blocks": 0,
            "Local Hit Blocks": 185,
            "Local Read Blocks": 33,
            "Local Dirtied Blocks": 0,
            "Local Written Blocks": 0,
            "Temp Read Blocks": 0,
            "Temp Written Blocks": 0,
            "I/O Read Time": 0.000,
            "I/O Write Time": 0.000,
            "Temp I/O Read Time": 0.000,
            "Temp I/O Write Time": 0.000,
            "WAL Records": 0,
            "WAL FPI": 0,
            "WAL Bytes": 0
          },
          {
            "Node Type": "Index Only Scan",
            "Parent Relationship": "Inner",
            "Parallel Aware": false,
            "Async Capable": false,
            "Scan Direction": "Forward",
            "Index Name": "research_folder_membership_v3_folder_idx",
            "Relation Name": "research_folder_membership_projection_v3",
            "Schema": "release",
            "Alias": "r_1",
            "Startup Cost": 0.28,
            "Total Cost": 140.93,
            "Plan Rows": 37,
            "Plan Width": 68,
            "Actual Startup Time": 0.025,
            "Actual Total Time": 0.859,
            "Actual Rows": 6107,
            "Actual Loops": 1,
            "Output": ["r_1.research_release_id", "r_1.folder_id", "r_1.membership_role", "r_1.member_ordinal", "r_1.archive_object_id"],
            "Index Cond": "(r_1.research_release_id = 'e6000000-0000-4000-8000-000000002000'::uuid)",
            "Rows Removed by Index Recheck": 0,
            "Heap Fetches": 6107,
            "Shared Hit Blocks": 262,
            "Shared Read Blocks": 0,
            "Shared Dirtied Blocks": 0,
            "Shared Written Blocks": 0,
            "Local Hit Blocks": 0,
            "Local Read Blocks": 0,
            "Local Dirtied Blocks": 0,
            "Local Written Blocks": 0,
            "Temp Read Blocks": 0,
            "Temp Written Blocks": 0,
            "I/O Read Time": 0.000,
            "I/O Write Time": 0.000,
            "Temp I/O Read Time": 0.000,
            "Temp I/O Write Time": 0.000,
            "WAL Records": 0,
            "WAL FPI": 0,
            "WAL Bytes": 0
          }
        ]
      }
    ]
  }
}
psql:/private/tmp/graphic_design_archive_v49_release_snapshot_db_closure/database/tests/009_release_projection_snapshot_performance_scale.sql:34: LOG:  duration: 799.294 ms  plan:
{
  "Query Text": "SELECT release.build_research_launch_snapshot_v5(\n  'e6000000-0000-4000-8000-000000002000'::uuid,'a0000000-0000-4000-8000-000000000003',\n  'a8000000-0000-4000-8000-000000000010','e6200000-0000-4000-8000-000000002000'::uuid,repeat('e',64)) AS candidate_fingerprint ",
  "Plan": {
    "Node Type": "Result",
    "Parallel Aware": false,
    "Async Capable": false,
    "Startup Cost": 0.00,
    "Total Cost": 0.26,
    "Plan Rows": 1,
    "Plan Width": 32,
    "Actual Startup Time": 799.292,
    "Actual Total Time": 799.293,
    "Actual Rows": 1,
    "Actual Loops": 1,
    "Output": ["release.build_research_launch_snapshot_v5('e6000000-0000-4000-8000-000000002000'::uuid, 'a0000000-0000-4000-8000-000000000003'::uuid, 'a8000000-0000-4000-8000-000000000010'::uuid, 'e6200000-0000-4000-8000-000000002000'::uuid, ('eeeeeeeeeeeeeeeeeeeeeeeeeeeeeeeeeeeeeeeeeeeeeeeeeeeeeeeeeeeeeeee'::text)::core.sha256_hex)"],
    "Shared Hit Blocks": 334632,
    "Shared Read Blocks": 0,
    "Shared Dirtied Blocks": 935,
    "Shared Written Blocks": 945,
    "Local Hit Blocks": 17577,
    "Local Read Blocks": 264,
    "Local Dirtied Blocks": 648,
    "Local Written Blocks": 714,
    "Temp Read Blocks": 0,
    "Temp Written Blocks": 0,
    "I/O Read Time": 0.000,
    "I/O Write Time": 6.132,
    "Temp I/O Read Time": 0.000,
    "Temp I/O Write Time": 0.000,
    "WAL Records": 65599,
    "WAL FPI": 0,
    "WAL Bytes": 9917522
  }
}
psql:/private/tmp/graphic_design_archive_v49_release_snapshot_db_closure/database/tests/009_release_projection_snapshot_performance_scale.sql:42: LOG:  duration: 1.308 ms  plan:
{
  "Query Text": "SELECT jsonb_build_object(\n  'objectCount',(SELECT count(*) FROM release.research_release_object WHERE research_release_id='e6000000-0000-4000-8000-000000002000'::uuid),\n  'membershipCount',(SELECT count(*) FROM release.research_folder_membership_projection_v3 WHERE research_release_id='e6000000-0000-4000-8000-000000002000'::uuid),\n  'componentManifest',release.research_launch_component_manifest_sha_v5('e6000000-0000-4000-8000-000000002000'::uuid),\n  'candidateFingerprint','7fdfc45a4325fac0574fff708204a171b6b7570d6fe8215ef566f642b218d5a0',\n  'content',(SELECT projection_content_sha256 FROM release.research_launch_build_receipt_v3 WHERE research_release_id='e6000000-0000-4000-8000-000000002000'::uuid)\n)::text;",
  "Plan": {
    "Node Type": "Result",
    "Parallel Aware": false,
    "Async Capable": false,
    "Startup Cost": 137.62,
    "Total Cost": 137.89,
    "Plan Rows": 1,
    "Plan Width": 32,
    "Actual Startup Time": 1.307,
    "Actual Total Time": 1.307,
    "Actual Rows": 1,
    "Actual Loops": 1,
    "Output": ["(jsonb_build_object('objectCount', $0, 'membershipCount', $1, 'componentManifest', release.research_launch_component_manifest_sha_v5('e6000000-0000-4000-8000-000000002000'::uuid), 'candidateFingerprint', '7fdfc45a4325fac0574fff708204a171b6b7570d6fe8215ef566f642b218d5a0', 'content', $2))::text"],
    "Shared Hit Blocks": 354,
    "Shared Read Blocks": 0,
    "Shared Dirtied Blocks": 0,
    "Shared Written Blocks": 0,
    "Local Hit Blocks": 0,
    "Local Read Blocks": 0,
    "Local Dirtied Blocks": 0,
    "Local Written Blocks": 0,
    "Temp Read Blocks": 0,
    "Temp Written Blocks": 0,
    "I/O Read Time": 0.000,
    "I/O Write Time": 0.000,
    "Temp I/O Read Time": 0.000,
    "Temp I/O Write Time": 0.000,
    "WAL Records": 0,
    "WAL FPI": 0,
    "WAL Bytes": 0,
    "Plans": [
      {
        "Node Type": "Aggregate",
        "Strategy": "Plain",
        "Partial Mode": "Simple",
        "Parent Relationship": "InitPlan",
        "Subplan Name": "InitPlan 1 (returns $0)",
        "Parallel Aware": false,
        "Async Capable": false,
        "Startup Cost": 30.69,
        "Total Cost": 30.70,
        "Plan Rows": 1,
        "Plan Width": 8,
        "Actual Startup Time": 0.258,
        "Actual Total Time": 0.259,
        "Actual Rows": 1,
        "Actual Loops": 1,
        "Output": ["count(*)"],
        "Shared Hit Blocks": 75,
        "Shared Read Blocks": 0,
        "Shared Dirtied Blocks": 0,
        "Shared Written Blocks": 0,
        "Local Hit Blocks": 0,
        "Local Read Blocks": 0,
        "Local Dirtied Blocks": 0,
        "Local Written Blocks": 0,
        "Temp Read Blocks": 0,
        "Temp Written Blocks": 0,
        "I/O Read Time": 0.000,
        "I/O Write Time": 0.000,
        "Temp I/O Read Time": 0.000,
        "Temp I/O Write Time": 0.000,
        "WAL Records": 0,
        "WAL FPI": 0,
        "WAL Bytes": 0,
        "Plans": [
          {
            "Node Type": "Bitmap Heap Scan",
            "Parent Relationship": "Outer",
            "Parallel Aware": false,
            "Async Capable": false,
            "Relation Name": "research_release_object",
            "Schema": "release",
            "Alias": "research_release_object",
            "Startup Cost": 4.37,
            "Total Cost": 30.66,
            "Plan Rows": 11,
            "Plan Width": 0,
            "Actual Startup Time": 0.067,
            "Actual Total Time": 0.209,
            "Actual Rows": 2000,
            "Actual Loops": 1,
            "Recheck Cond": "(research_release_object.research_release_id = 'e6000000-0000-4000-8000-000000002000'::uuid)",
            "Rows Removed by Index Recheck": 0,
            "Exact Heap Blocks": 47,
            "Lossy Heap Blocks": 0,
            "Shared Hit Blocks": 75,
            "Shared Read Blocks": 0,
            "Shared Dirtied Blocks": 0,
            "Shared Written Blocks": 0,
            "Local Hit Blocks": 0,
            "Local Read Blocks": 0,
            "Local Dirtied Blocks": 0,
            "Local Written Blocks": 0,
            "Temp Read Blocks": 0,
            "Temp Written Blocks": 0,
            "I/O Read Time": 0.000,
            "I/O Write Time": 0.000,
            "Temp I/O Read Time": 0.000,
            "Temp I/O Write Time": 0.000,
            "WAL Records": 0,
            "WAL FPI": 0,
            "WAL Bytes": 0,
            "Plans": [
              {
                "Node Type": "Bitmap Index Scan",
                "Parent Relationship": "Outer",
                "Parallel Aware": false,
                "Async Capable": false,
                "Index Name": "research_release_object_legacy_idx",
                "Startup Cost": 0.00,
                "Total Cost": 4.36,
                "Plan Rows": 11,
                "Plan Width": 0,
                "Actual Startup Time": 0.062,
                "Actual Total Time": 0.062,
                "Actual Rows": 2000,
                "Actual Loops": 1,
                "Index Cond": "(research_release_object.research_release_id = 'e6000000-0000-4000-8000-000000002000'::uuid)",
                "Shared Hit Blocks": 28,
                "Shared Read Blocks": 0,
                "Shared Dirtied Blocks": 0,
                "Shared Written Blocks": 0,
                "Local Hit Blocks": 0,
                "Local Read Blocks": 0,
                "Local Dirtied Blocks": 0,
                "Local Written Blocks": 0,
                "Temp Read Blocks": 0,
                "Temp Written Blocks": 0,
                "I/O Read Time": 0.000,
                "I/O Write Time": 0.000,
                "Temp I/O Read Time": 0.000,
                "Temp I/O Write Time": 0.000,
                "WAL Records": 0,
                "WAL FPI": 0,
                "WAL Bytes": 0
              }
            ]
          }
        ]
      },
      {
        "Node Type": "Aggregate",
        "Strategy": "Plain",
        "Partial Mode": "Simple",
        "Parent Relationship": "InitPlan",
        "Subplan Name": "InitPlan 2 (returns $1)",
        "Parallel Aware": false,
        "Async Capable": false,
        "Startup Cost": 98.75,
        "Total Cost": 98.76,
        "Plan Rows": 1,
        "Plan Width": 8,
        "Actual Startup Time": 0.748,
        "Actual Total Time": 0.749,
        "Actual Rows": 1,
        "Actual Loops": 1,
        "Output": ["count(*)"],
        "Shared Hit Blocks": 275,
        "Shared Read Blocks": 0,
        "Shared Dirtied Blocks": 0,
        "Shared Written Blocks": 0,
        "Local Hit Blocks": 0,
        "Local Read Blocks": 0,
        "Local Dirtied Blocks": 0,
        "Local Written Blocks": 0,
        "Temp Read Blocks": 0,
        "Temp Written Blocks": 0,
        "I/O Read Time": 0.000,
        "I/O Write Time": 0.000,
        "Temp I/O Read Time": 0.000,
        "Temp I/O Write Time": 0.000,
        "WAL Records": 0,
        "WAL FPI": 0,
        "WAL Bytes": 0,
        "Plans": [
          {
            "Node Type": "Bitmap Heap Scan",
            "Parent Relationship": "Outer",
            "Parallel Aware": false,
            "Async Capable": false,
            "Relation Name": "research_folder_membership_projection_v3",
            "Schema": "release",
            "Alias": "research_folder_membership_projection_v3",
            "Startup Cost": 4.57,
            "Total Cost": 98.66,
            "Plan Rows": 37,
            "Plan Width": 0,
            "Actual Startup Time": 0.201,
            "Actual Total Time": 0.599,
            "Actual Rows": 6107,
            "Actual Loops": 1,
            "Recheck Cond": "(research_folder_membership_projection_v3.research_release_id = 'e6000000-0000-4000-8000-000000002000'::uuid)",
            "Rows Removed by Index Recheck": 0,
            "Exact Heap Blocks": 197,
            "Lossy Heap Blocks": 0,
            "Shared Hit Blocks": 275,
            "Shared Read Blocks": 0,
            "Shared Dirtied Blocks": 0,
            "Shared Written Blocks": 0,
            "Local Hit Blocks": 0,
            "Local Read Blocks": 0,
            "Local Dirtied Blocks": 0,
            "Local Written Blocks": 0,
            "Temp Read Blocks": 0,
            "Temp Written Blocks": 0,
            "I/O Read Time": 0.000,
            "I/O Write Time": 0.000,
            "Temp I/O Read Time": 0.000,
            "Temp I/O Write Time": 0.000,
            "WAL Records": 0,
            "WAL FPI": 0,
            "WAL Bytes": 0,
            "Plans": [
              {
                "Node Type": "Bitmap Index Scan",
                "Parent Relationship": "Outer",
                "Parallel Aware": false,
                "Async Capable": false,
                "Index Name": "research_folder_membership_v3_object_idx",
                "Startup Cost": 0.00,
                "Total Cost": 4.56,
                "Plan Rows": 37,
                "Plan Width": 0,
                "Actual Startup Time": 0.189,
                "Actual Total Time": 0.189,
                "Actual Rows": 6107,
                "Actual Loops": 1,
                "Index Cond": "(research_folder_membership_projection_v3.research_release_id = 'e6000000-0000-4000-8000-000000002000'::uuid)",
                "Shared Hit Blocks": 78,
                "Shared Read Blocks": 0,
                "Shared Dirtied Blocks": 0,
                "Shared Written Blocks": 0,
                "Local Hit Blocks": 0,
                "Local Read Blocks": 0,
                "Local Dirtied Blocks": 0,
                "Local Written Blocks": 0,
                "Temp Read Blocks": 0,
                "Temp Written Blocks": 0,
                "I/O Read Time": 0.000,
                "I/O Write Time": 0.000,
                "Temp I/O Read Time": 0.000,
                "Temp I/O Write Time": 0.000,
                "WAL Records": 0,
                "WAL FPI": 0,
                "WAL Bytes": 0
              }
            ]
          }
        ]
      },
      {
        "Node Type": "Index Scan",
        "Parent Relationship": "InitPlan",
        "Subplan Name": "InitPlan 3 (returns $2)",
        "Parallel Aware": false,
        "Async Capable": false,
        "Scan Direction": "Forward",
        "Index Name": "research_launch_build_receipt_v3_pkey",
        "Relation Name": "research_launch_build_receipt_v3",
        "Schema": "release",
        "Alias": "research_launch_build_receipt_v3",
        "Startup Cost": 0.14,
        "Total Cost": 8.16,
        "Plan Rows": 1,
        "Plan Width": 32,
        "Actual Startup Time": 0.002,
        "Actual Total Time": 0.002,
        "Actual Rows": 1,
        "Actual Loops": 1,
        "Output": ["research_launch_build_receipt_v3.projection_content_sha256"],
        "Index Cond": "(research_launch_build_receipt_v3.research_release_id = 'e6000000-0000-4000-8000-000000002000'::uuid)",
        "Rows Removed by Index Recheck": 0,
        "Shared Hit Blocks": 2,
        "Shared Read Blocks": 0,
        "Shared Dirtied Blocks": 0,
        "Shared Written Blocks": 0,
        "Local Hit Blocks": 0,
        "Local Read Blocks": 0,
        "Local Dirtied Blocks": 0,
        "Local Written Blocks": 0,
        "Temp Read Blocks": 0,
        "Temp Written Blocks": 0,
        "I/O Read Time": 0.000,
        "I/O Write Time": 0.000,
        "Temp I/O Read Time": 0.000,
        "Temp I/O Write Time": 0.000,
        "WAL Records": 0,
        "WAL FPI": 0,
        "WAL Bytes": 0
      }
    ]
  }
}
