psql:/private/tmp/graphic_design_archive_v49_repository_hygiene/database/tests/009_release_projection_snapshot_performance_scale.sql:31: LOG:  duration: 1.043 ms  plan:
{
  "Query Text": "INSERT INTO release.research_release(research_release_id,release_token,release_state,schema_version,model_version,created_at,validation_profile_id,validation_boundary)\n  VALUES(p_release_id,p_release_token,'draft',p_schema_version,p_model_version,v_now,v_profile,'research')",
  "Plan": {
    "Node Type": "ModifyTable",
    "Operation": "Insert",
    "Parallel Aware": false,
    "Async Capable": false,
    "Relation Name": "research_release",
    "Schema": "release",
    "Alias": "research_release",
    "Startup Cost": 0.00,
    "Total Cost": 0.01,
    "Plan Rows": 0,
    "Plan Width": 0,
    "Actual Startup Time": 0.928,
    "Actual Total Time": 0.928,
    "Actual Rows": 0,
    "Actual Loops": 1,
    "Shared Hit Blocks": 70,
    "Shared Read Blocks": 0,
    "Shared Dirtied Blocks": 9,
    "Shared Written Blocks": 5,
    "Local Hit Blocks": 0,
    "Local Read Blocks": 0,
    "Local Dirtied Blocks": 0,
    "Local Written Blocks": 0,
    "Temp Read Blocks": 0,
    "Temp Written Blocks": 0,
    "I/O Read Time": 0.000,
    "I/O Write Time": 0.326,
    "Temp I/O Read Time": 0.000,
    "Temp I/O Write Time": 0.000,
    "WAL Records": 9,
    "WAL FPI": 0,
    "WAL Bytes": 811,
    "Plans": [
      {
        "Node Type": "Result",
        "Parent Relationship": "Outer",
        "Parallel Aware": false,
        "Async Capable": false,
        "Startup Cost": 0.00,
        "Total Cost": 0.01,
        "Plan Rows": 1,
        "Plan Width": 232,
        "Actual Startup Time": 0.001,
        "Actual Total Time": 0.001,
        "Actual Rows": 1,
        "Actual Loops": 1,
        "Output": ["'af000000-0000-4000-8000-000000000001'::uuid", "'fresh-d-15923'::core.release_token", "'draft'::release.release_state", "'schema-v49.0'::core.release_token", "'model-v49.0'::core.release_token", "NULL::text", "NULL::text", "'2026-08-21 15:11:47.983774+10'::timestamp with time zone", "NULL::timestamp with time zone", "NULL::timestamp with time zone", "NULL::timestamp with time zone", "'a9000000-0000-4000-8000-000000000001'::uuid", "'research'::release.boundary_kind"],
        "Shared Hit Blocks": 0,
        "Shared Read Blocks": 0,
        "Shared Dirtied Blocks": 0,
        "Shared Written Blocks": 0,
        "Local Hit Blocks": 0,
        "Local Read Blocks": 0,
        "Local Dirtied Blocks": 0,
        "Local Written Blocks": 0,
        "Temp Read Blocks": 0,
        "Temp Written Blocks": 0,
        "I/O Read Time": 0.000,
        "I/O Write Time": 0.000,
        "Temp I/O Read Time": 0.000,
        "Temp I/O Write Time": 0.000,
        "WAL Records": 0,
        "WAL FPI": 0,
        "WAL Bytes": 0
      }
    ]
  }
}
psql:/private/tmp/graphic_design_archive_v49_repository_hygiene/database/tests/009_release_projection_snapshot_performance_scale.sql:31: LOG:  duration: 1.591 ms  plan:
{
  "Query Text": "INSERT INTO audit.research_release_event VALUES(p_event_id,p_release_id,NULL,'draft',session_user::text,v_now,p_event_sha256)",
  "Plan": {
    "Node Type": "ModifyTable",
    "Operation": "Insert",
    "Parallel Aware": false,
    "Async Capable": false,
    "Relation Name": "research_release_event",
    "Schema": "audit",
    "Alias": "research_release_event",
    "Startup Cost": 0.00,
    "Total Cost": 0.01,
    "Plan Rows": 0,
    "Plan Width": 0,
    "Actual Startup Time": 1.540,
    "Actual Total Time": 1.540,
    "Actual Rows": 0,
    "Actual Loops": 1,
    "Shared Hit Blocks": 35,
    "Shared Read Blocks": 2,
    "Shared Dirtied Blocks": 5,
    "Shared Written Blocks": 3,
    "Local Hit Blocks": 0,
    "Local Read Blocks": 0,
    "Local Dirtied Blocks": 0,
    "Local Written Blocks": 0,
    "Temp Read Blocks": 0,
    "Temp Written Blocks": 0,
    "I/O Read Time": 0.064,
    "I/O Write Time": 0.323,
    "Temp I/O Read Time": 0.000,
    "Temp I/O Write Time": 0.000,
    "WAL Records": 5,
    "WAL FPI": 0,
    "WAL Bytes": 524,
    "Plans": [
      {
        "Node Type": "Result",
        "Parent Relationship": "Outer",
        "Parallel Aware": false,
        "Async Capable": false,
        "Startup Cost": 0.00,
        "Total Cost": 0.01,
        "Plan Rows": 1,
        "Plan Width": 112,
        "Actual Startup Time": 0.001,
        "Actual Total Time": 0.001,
        "Actual Rows": 1,
        "Actual Loops": 1,
        "Output": ["'af000000-0000-4000-8000-000000000002'::uuid", "'af000000-0000-4000-8000-000000000001'::uuid", "NULL::release.release_state", "'draft'::release.release_state", "(SESSION_USER)::text", "'2026-08-21 15:11:47.983774+10'::timestamp with time zone", "'dddddddddddddddddddddddddddddddddddddddddddddddddddddddddddddddd'::core.sha256_hex"],
        "Shared Hit Blocks": 0,
        "Shared Read Blocks": 0,
        "Shared Dirtied Blocks": 0,
        "Shared Written Blocks": 0,
        "Local Hit Blocks": 0,
        "Local Read Blocks": 0,
        "Local Dirtied Blocks": 0,
        "Local Written Blocks": 0,
        "Temp Read Blocks": 0,
        "Temp Written Blocks": 0,
        "I/O Read Time": 0.000,
        "I/O Write Time": 0.000,
        "Temp I/O Read Time": 0.000,
        "Temp I/O Write Time": 0.000,
        "WAL Records": 0,
        "WAL FPI": 0,
        "WAL Bytes": 0
      }
    ]
  }
}
psql:/private/tmp/graphic_design_archive_v49_repository_hygiene/database/tests/009_release_projection_snapshot_performance_scale.sql:31: LOG:  duration: 5.150 ms  plan:
{
  "Query Text": "SELECT release.create_research_release(\n  'af000000-0000-4000-8000-000000000001'::uuid, 'fresh-d-15923'::core.release_token, 'schema-v49.0','model-v49.0',\n  'af000000-0000-4000-8000-000000000002'::uuid, repeat('d',64));",
  "Plan": {
    "Node Type": "Result",
    "Parallel Aware": false,
    "Async Capable": false,
    "Startup Cost": 0.00,
    "Total Cost": 0.27,
    "Plan Rows": 1,
    "Plan Width": 4,
    "Actual Startup Time": 5.147,
    "Actual Total Time": 5.148,
    "Actual Rows": 1,
    "Actual Loops": 1,
    "Output": ["release.create_research_release('af000000-0000-4000-8000-000000000001'::uuid, ('fresh-d-15923'::text)::core.release_token, ('schema-v49.0'::text)::core.release_token, ('model-v49.0'::text)::core.release_token, 'af000000-0000-4000-8000-000000000002'::uuid, ('dddddddddddddddddddddddddddddddddddddddddddddddddddddddddddddddd'::text)::core.sha256_hex)"],
    "Shared Hit Blocks": 1107,
    "Shared Read Blocks": 6,
    "Shared Dirtied Blocks": 16,
    "Shared Written Blocks": 8,
    "Local Hit Blocks": 0,
    "Local Read Blocks": 0,
    "Local Dirtied Blocks": 0,
    "Local Written Blocks": 0,
    "Temp Read Blocks": 0,
    "Temp Written Blocks": 0,
    "I/O Read Time": 0.076,
    "I/O Write Time": 0.648,
    "Temp I/O Read Time": 0.000,
    "Temp I/O Write Time": 0.000,
    "WAL Records": 18,
    "WAL FPI": 3,
    "WAL Bytes": 9128
  }
}
psql:/private/tmp/graphic_design_archive_v49_repository_hygiene/database/tests/009_release_projection_snapshot_performance_scale.sql:34: LOG:  duration: 571.023 ms  plan:
{
  "Query Text": "CREATE TEMPORARY TABLE gda_v5_effective_decisions ON COMMIT DROP AS\n  SELECT d.assignment_review_decision_id,d.canonical_assignment_id,\n    encode(sha256(convert_to(jsonb_build_object('decision',jsonb_build_array(\n      d.assignment_review_decision_id,d.canonical_assignment_id,d.outcome,d.supersedes_decision_id),\n      'supports',jsonb_agg(jsonb_build_array(e.evidence_item_id,e.evidence_role)\n        ORDER BY e.evidence_item_id,e.evidence_role))::text,'UTF8')),'hex')::core.sha256_hex AS decision_snapshot_sha256\n  FROM provenance.assignment_review_decision d\n  JOIN provenance.canonical_assignment a ON a.canonical_assignment_id=d.canonical_assignment_id\n  JOIN provenance.assignment_decision_evidence e ON e.assignment_review_decision_id=d.assignment_review_decision_id\n    AND e.evidence_role='supports'\n  WHERE a.assignment_kind='folder_membership' AND a.status='accepted'\n    AND NOT EXISTS (SELECT 1 FROM provenance.canonical_assignment newer\n      WHERE newer.supersedes_assignment_id=a.canonical_assignment_id)\n    AND d.outcome='accept'\n    AND NOT EXISTS (SELECT 1 FROM provenance.assignment_review_decision newer\n      WHERE newer.supersedes_decision_id=d.assignment_review_decision_id)\n  GROUP BY d.assignment_review_decision_id,d.canonical_assignment_id,d.outcome,d.supersedes_decision_id",
  "Plan": {
    "Node Type": "Aggregate",
    "Strategy": "Sorted",
    "Partial Mode": "Simple",
    "Parallel Aware": false,
    "Async Capable": false,
    "Startup Cost": 7672.60,
    "Total Cost": 13817.56,
    "Plan Rows": 47982,
    "Plan Width": 84,
    "Actual Startup Time": 39.100,
    "Actual Total Time": 559.784,
    "Actual Rows": 47982,
    "Actual Loops": 1,
    "Output": ["d.assignment_review_decision_id", "d.canonical_assignment_id", "(encode(sha256(convert_to((jsonb_build_object('decision', jsonb_build_array(d.assignment_review_decision_id, d.canonical_assignment_id, d.outcome, d.supersedes_decision_id), 'supports', jsonb_agg(jsonb_build_array(e.evidence_item_id, e.evidence_role) ORDER BY e.evidence_item_id, e.evidence_role)))::text, 'UTF8'::name)), 'hex'::text))::core.sha256_hex", "d.outcome", "d.supersedes_decision_id"],
    "Group Key": ["d.assignment_review_decision_id"],
    "Shared Hit Blocks": 1848,
    "Shared Read Blocks": 0,
    "Shared Dirtied Blocks": 0,
    "Shared Written Blocks": 0,
    "Local Hit Blocks": 0,
    "Local Read Blocks": 0,
    "Local Dirtied Blocks": 0,
    "Local Written Blocks": 0,
    "Temp Read Blocks": 588,
    "Temp Written Blocks": 589,
    "I/O Read Time": 0.000,
    "I/O Write Time": 0.000,
    "Temp I/O Read Time": 0.582,
    "Temp I/O Write Time": 2.298,
    "WAL Records": 0,
    "WAL FPI": 0,
    "WAL Bytes": 0,
    "Plans": [
      {
        "Node Type": "Merge Join",
        "Parent Relationship": "Outer",
        "Parallel Aware": false,
        "Async Capable": false,
        "Join Type": "Anti",
        "Startup Cost": 7672.60,
        "Total Cost": 11898.28,
        "Plan Rows": 47982,
        "Plan Width": 72,
        "Actual Startup Time": 38.898,
        "Actual Total Time": 60.411,
        "Actual Rows": 47982,
        "Actual Loops": 1,
        "Output": ["d.assignment_review_decision_id", "d.canonical_assignment_id", "d.outcome", "d.supersedes_decision_id", "e.evidence_item_id", "e.evidence_role"],
        "Inner Unique": false,
        "Merge Cond": "(d.assignment_review_decision_id = newer_1.supersedes_decision_id)",
        "Shared Hit Blocks": 1839,
        "Shared Read Blocks": 0,
        "Shared Dirtied Blocks": 0,
        "Shared Written Blocks": 0,
        "Local Hit Blocks": 0,
        "Local Read Blocks": 0,
        "Local Dirtied Blocks": 0,
        "Local Written Blocks": 0,
        "Temp Read Blocks": 588,
        "Temp Written Blocks": 589,
        "I/O Read Time": 0.000,
        "I/O Write Time": 0.000,
        "Temp I/O Read Time": 0.582,
        "Temp I/O Write Time": 2.298,
        "WAL Records": 0,
        "WAL FPI": 0,
        "WAL Bytes": 0,
        "Plans": [
          {
            "Node Type": "Merge Join",
            "Parent Relationship": "Outer",
            "Parallel Aware": false,
            "Async Capable": false,
            "Join Type": "Inner",
            "Startup Cost": 7672.48,
            "Total Cost": 11650.22,
            "Plan Rows": 47982,
            "Plan Width": 72,
            "Actual Startup Time": 38.888,
            "Actual Total Time": 57.913,
            "Actual Rows": 47982,
            "Actual Loops": 1,
            "Output": ["d.assignment_review_decision_id", "d.canonical_assignment_id", "d.outcome", "d.supersedes_decision_id", "e.evidence_item_id", "e.evidence_role"],
            "Inner Unique": false,
            "Merge Cond": "(e.assignment_review_decision_id = d.assignment_review_decision_id)",
            "Shared Hit Blocks": 1838,
            "Shared Read Blocks": 0,
            "Shared Dirtied Blocks": 0,
            "Shared Written Blocks": 0,
            "Local Hit Blocks": 0,
            "Local Read Blocks": 0,
            "Local Dirtied Blocks": 0,
            "Local Written Blocks": 0,
            "Temp Read Blocks": 588,
            "Temp Written Blocks": 589,
            "I/O Read Time": 0.000,
            "I/O Write Time": 0.000,
            "Temp I/O Read Time": 0.582,
            "Temp I/O Write Time": 2.298,
            "WAL Records": 0,
            "WAL FPI": 0,
            "WAL Bytes": 0,
            "Plans": [
              {
                "Node Type": "Index Only Scan",
                "Parent Relationship": "Outer",
                "Parallel Aware": false,
                "Async Capable": false,
                "Scan Direction": "Forward",
                "Index Name": "assignment_decision_evidence_pkey",
                "Relation Name": "assignment_decision_evidence",
                "Schema": "provenance",
                "Alias": "e",
                "Startup Cost": 0.41,
                "Total Cost": 3154.79,
                "Plan Rows": 47982,
                "Plan Width": 36,
                "Actual Startup Time": 0.006,
                "Actual Total Time": 9.189,
                "Actual Rows": 47982,
                "Actual Loops": 1,
                "Output": ["e.assignment_review_decision_id", "e.evidence_item_id", "e.evidence_role"],
                "Index Cond": "(e.evidence_role = 'supports'::provenance.evidence_role)",
                "Rows Removed by Index Recheck": 0,
                "Heap Fetches": 47982,
                "Shared Hit Blocks": 745,
                "Shared Read Blocks": 0,
                "Shared Dirtied Blocks": 0,
                "Shared Written Blocks": 0,
                "Local Hit Blocks": 0,
                "Local Read Blocks": 0,
                "Local Dirtied Blocks": 0,
                "Local Written Blocks": 0,
                "Temp Read Blocks": 0,
                "Temp Written Blocks": 0,
                "I/O Read Time": 0.000,
                "I/O Write Time": 0.000,
                "Temp I/O Read Time": 0.000,
                "Temp I/O Write Time": 0.000,
                "WAL Records": 0,
                "WAL FPI": 0,
                "WAL Bytes": 0
              },
              {
                "Node Type": "Sort",
                "Parent Relationship": "Inner",
                "Parallel Aware": false,
                "Async Capable": false,
                "Startup Cost": 7655.75,
                "Total Cost": 7775.71,
                "Plan Rows": 47982,
                "Plan Width": 52,
                "Actual Startup Time": 38.880,
                "Actual Total Time": 41.405,
                "Actual Rows": 47982,
                "Actual Loops": 1,
                "Output": ["d.assignment_review_decision_id", "d.canonical_assignment_id", "d.outcome", "d.supersedes_decision_id"],
                "Sort Key": ["d.assignment_review_decision_id"],
                "Sort Method": "external sort",
                "Sort Space Used": 2352,
                "Sort Space Type": "Disk",
                "Shared Hit Blocks": 1093,
                "Shared Read Blocks": 0,
                "Shared Dirtied Blocks": 0,
                "Shared Written Blocks": 0,
                "Local Hit Blocks": 0,
                "Local Read Blocks": 0,
                "Local Dirtied Blocks": 0,
                "Local Written Blocks": 0,
                "Temp Read Blocks": 588,
                "Temp Written Blocks": 589,
                "I/O Read Time": 0.000,
                "I/O Write Time": 0.000,
                "Temp I/O Read Time": 0.582,
                "Temp I/O Write Time": 2.298,
                "WAL Records": 0,
                "WAL FPI": 0,
                "WAL Bytes": 0,
                "Plans": [
                  {
                    "Node Type": "Hash Join",
                    "Parent Relationship": "Outer",
                    "Parallel Aware": false,
                    "Async Capable": false,
                    "Join Type": "Right Anti",
                    "Startup Cost": 3737.14,
                    "Total Cost": 3925.10,
                    "Plan Rows": 47982,
                    "Plan Width": 52,
                    "Actual Startup Time": 19.707,
                    "Actual Total Time": 22.324,
                    "Actual Rows": 47982,
                    "Actual Loops": 1,
                    "Output": ["d.assignment_review_decision_id", "d.canonical_assignment_id", "d.outcome", "d.supersedes_decision_id"],
                    "Inner Unique": false,
                    "Hash Cond": "(newer.supersedes_assignment_id = a.canonical_assignment_id)",
                    "Shared Hit Blocks": 1093,
                    "Shared Read Blocks": 0,
                    "Shared Dirtied Blocks": 0,
                    "Shared Written Blocks": 0,
                    "Local Hit Blocks": 0,
                    "Local Read Blocks": 0,
                    "Local Dirtied Blocks": 0,
                    "Local Written Blocks": 0,
                    "Temp Read Blocks": 0,
                    "Temp Written Blocks": 0,
                    "I/O Read Time": 0.000,
                    "I/O Write Time": 0.000,
                    "Temp I/O Read Time": 0.000,
                    "Temp I/O Write Time": 0.000,
                    "WAL Records": 0,
                    "WAL FPI": 0,
                    "WAL Bytes": 0,
                    "Plans": [
                      {
                        "Node Type": "Index Only Scan",
                        "Parent Relationship": "Outer",
                        "Parallel Aware": false,
                        "Async Capable": false,
                        "Scan Direction": "Forward",
                        "Index Name": "canonical_assignment_current_leaf_v5_idx",
                        "Relation Name": "canonical_assignment",
                        "Schema": "provenance",
                        "Alias": "newer",
                        "Startup Cost": 0.12,
                        "Total Cost": 8.14,
                        "Plan Rows": 47982,
                        "Plan Width": 16,
                        "Actual Startup Time": 0.008,
                        "Actual Total Time": 0.008,
                        "Actual Rows": 0,
                        "Actual Loops": 1,
                        "Output": ["newer.supersedes_assignment_id"],
                        "Heap Fetches": 0,
                        "Shared Hit Blocks": 1,
                        "Shared Read Blocks": 0,
                        "Shared Dirtied Blocks": 0,
                        "Shared Written Blocks": 0,
                        "Local Hit Blocks": 0,
                        "Local Read Blocks": 0,
                        "Local Dirtied Blocks": 0,
                        "Local Written Blocks": 0,
                        "Temp Read Blocks": 0,
                        "Temp Written Blocks": 0,
                        "I/O Read Time": 0.000,
                        "I/O Write Time": 0.000,
                        "Temp I/O Read Time": 0.000,
                        "Temp I/O Write Time": 0.000,
                        "WAL Records": 0,
                        "WAL FPI": 0,
                        "WAL Bytes": 0
                      },
                      {
                        "Node Type": "Hash",
                        "Parent Relationship": "Inner",
                        "Parallel Aware": false,
                        "Async Capable": false,
                        "Startup Cost": 3137.24,
                        "Total Cost": 3137.24,
                        "Plan Rows": 47982,
                        "Plan Width": 68,
                        "Actual Startup Time": 19.663,
                        "Actual Total Time": 19.664,
                        "Actual Rows": 47982,
                        "Actual Loops": 1,
                        "Output": ["d.assignment_review_decision_id", "d.canonical_assignment_id", "d.outcome", "d.supersedes_decision_id", "a.canonical_assignment_id"],
                        "Hash Buckets": 65536,
                        "Original Hash Buckets": 65536,
                        "Hash Batches": 1,
                        "Original Hash Batches": 1,
                        "Peak Memory Usage": 4449,
                        "Shared Hit Blocks": 1092,
                        "Shared Read Blocks": 0,
                        "Shared Dirtied Blocks": 0,
                        "Shared Written Blocks": 0,
                        "Local Hit Blocks": 0,
                        "Local Read Blocks": 0,
                        "Local Dirtied Blocks": 0,
                        "Local Written Blocks": 0,
                        "Temp Read Blocks": 0,
                        "Temp Written Blocks": 0,
                        "I/O Read Time": 0.000,
                        "I/O Write Time": 0.000,
                        "Temp I/O Read Time": 0.000,
                        "Temp I/O Write Time": 0.000,
                        "WAL Records": 0,
                        "WAL FPI": 0,
                        "WAL Bytes": 0,
                        "Plans": [
                          {
                            "Node Type": "Hash Join",
                            "Parent Relationship": "Outer",
                            "Parallel Aware": false,
                            "Async Capable": false,
                            "Join Type": "Inner",
                            "Startup Cost": 1672.51,
                            "Total Cost": 3137.24,
                            "Plan Rows": 47982,
                            "Plan Width": 68,
                            "Actual Startup Time": 6.285,
                            "Actual Total Time": 15.613,
                            "Actual Rows": 47982,
                            "Actual Loops": 1,
                            "Output": ["d.assignment_review_decision_id", "d.canonical_assignment_id", "d.outcome", "d.supersedes_decision_id", "a.canonical_assignment_id"],
                            "Inner Unique": true,
                            "Hash Cond": "(d.canonical_assignment_id = a.canonical_assignment_id)",
                            "Shared Hit Blocks": 1092,
                            "Shared Read Blocks": 0,
                            "Shared Dirtied Blocks": 0,
                            "Shared Written Blocks": 0,
                            "Local Hit Blocks": 0,
                            "Local Read Blocks": 0,
                            "Local Dirtied Blocks": 0,
                            "Local Written Blocks": 0,
                            "Temp Read Blocks": 0,
                            "Temp Written Blocks": 0,
                            "I/O Read Time": 0.000,
                            "I/O Write Time": 0.000,
                            "Temp I/O Read Time": 0.000,
                            "Temp I/O Write Time": 0.000,
                            "WAL Records": 0,
                            "WAL FPI": 0,
                            "WAL Bytes": 0,
                            "Plans": [
                              {
                                "Node Type": "Seq Scan",
                                "Parent Relationship": "Outer",
                                "Parallel Aware": false,
                                "Async Capable": false,
                                "Relation Name": "assignment_review_decision",
                                "Schema": "provenance",
                                "Alias": "d",
                                "Startup Cost": 0.00,
                                "Total Cost": 1338.78,
                                "Plan Rows": 47982,
                                "Plan Width": 52,
                                "Actual Startup Time": 0.004,
                                "Actual Total Time": 3.727,
                                "Actual Rows": 47982,
                                "Actual Loops": 1,
                                "Output": ["d.assignment_review_decision_id", "d.canonical_assignment_id", "d.outcome", "d.reviewer_actor", "d.rationale", "d.supersedes_decision_id", "d.decided_at"],
                                "Filter": "(d.outcome = 'accept'::workflow.review_outcome)",
                                "Rows Removed by Filter": 0,
                                "Shared Hit Blocks": 739,
                                "Shared Read Blocks": 0,
                                "Shared Dirtied Blocks": 0,
                                "Shared Written Blocks": 0,
                                "Local Hit Blocks": 0,
                                "Local Read Blocks": 0,
                                "Local Dirtied Blocks": 0,
                                "Local Written Blocks": 0,
                                "Temp Read Blocks": 0,
                                "Temp Written Blocks": 0,
                                "I/O Read Time": 0.000,
                                "I/O Write Time": 0.000,
                                "Temp I/O Read Time": 0.000,
                                "Temp I/O Write Time": 0.000,
                                "WAL Records": 0,
                                "WAL FPI": 0,
                                "WAL Bytes": 0
                              },
                              {
                                "Node Type": "Hash",
                                "Parent Relationship": "Inner",
                                "Parallel Aware": false,
                                "Async Capable": false,
                                "Startup Cost": 1072.73,
                                "Total Cost": 1072.73,
                                "Plan Rows": 47982,
                                "Plan Width": 16,
                                "Actual Startup Time": 6.241,
                                "Actual Total Time": 6.242,
                                "Actual Rows": 47982,
                                "Actual Loops": 1,
                                "Output": ["a.canonical_assignment_id"],
                                "Hash Buckets": 65536,
                                "Original Hash Buckets": 65536,
                                "Hash Batches": 1,
                                "Original Hash Batches": 1,
                                "Peak Memory Usage": 2762,
                                "Shared Hit Blocks": 353,
                                "Shared Read Blocks": 0,
                                "Shared Dirtied Blocks": 0,
                                "Shared Written Blocks": 0,
                                "Local Hit Blocks": 0,
                                "Local Read Blocks": 0,
                                "Local Dirtied Blocks": 0,
                                "Local Written Blocks": 0,
                                "Temp Read Blocks": 0,
                                "Temp Written Blocks": 0,
                                "I/O Read Time": 0.000,
                                "I/O Write Time": 0.000,
                                "Temp I/O Read Time": 0.000,
                                "Temp I/O Write Time": 0.000,
                                "WAL Records": 0,
                                "WAL FPI": 0,
                                "WAL Bytes": 0,
                                "Plans": [
                                  {
                                    "Node Type": "Seq Scan",
                                    "Parent Relationship": "Outer",
                                    "Parallel Aware": false,
                                    "Async Capable": false,
                                    "Relation Name": "canonical_assignment",
                                    "Schema": "provenance",
                                    "Alias": "a",
                                    "Startup Cost": 0.00,
                                    "Total Cost": 1072.73,
                                    "Plan Rows": 47982,
                                    "Plan Width": 16,
                                    "Actual Startup Time": 0.003,
                                    "Actual Total Time": 3.707,
                                    "Actual Rows": 47982,
                                    "Actual Loops": 1,
                                    "Output": ["a.canonical_assignment_id"],
                                    "Filter": "((a.assignment_kind = 'folder_membership'::provenance.assignment_kind) AND (a.status = 'accepted'::provenance.assertion_status))",
                                    "Rows Removed by Filter": 0,
                                    "Shared Hit Blocks": 353,
                                    "Shared Read Blocks": 0,
                                    "Shared Dirtied Blocks": 0,
                                    "Shared Written Blocks": 0,
                                    "Local Hit Blocks": 0,
                                    "Local Read Blocks": 0,
                                    "Local Dirtied Blocks": 0,
                                    "Local Written Blocks": 0,
                                    "Temp Read Blocks": 0,
                                    "Temp Written Blocks": 0,
                                    "I/O Read Time": 0.000,
                                    "I/O Write Time": 0.000,
                                    "Temp I/O Read Time": 0.000,
                                    "Temp I/O Write Time": 0.000,
                                    "WAL Records": 0,
                                    "WAL FPI": 0,
                                    "WAL Bytes": 0
                                  }
                                ]
                              }
                            ]
                          }
                        ]
                      }
                    ]
                  }
                ]
              }
            ]
          },
          {
            "Node Type": "Index Only Scan",
            "Parent Relationship": "Inner",
            "Parallel Aware": false,
            "Async Capable": false,
            "Scan Direction": "Forward",
            "Index Name": "assignment_review_decision_current_leaf_v5_idx",
            "Relation Name": "assignment_review_decision",
            "Schema": "provenance",
            "Alias": "newer_1",
            "Startup Cost": 0.12,
            "Total Cost": 8.14,
            "Plan Rows": 47982,
            "Plan Width": 16,
            "Actual Startup Time": 0.008,
            "Actual Total Time": 0.008,
            "Actual Rows": 0,
            "Actual Loops": 1,
            "Output": ["newer_1.supersedes_decision_id"],
            "Heap Fetches": 0,
            "Shared Hit Blocks": 1,
            "Shared Read Blocks": 0,
            "Shared Dirtied Blocks": 0,
            "Shared Written Blocks": 0,
            "Local Hit Blocks": 0,
            "Local Read Blocks": 0,
            "Local Dirtied Blocks": 0,
            "Local Written Blocks": 0,
            "Temp Read Blocks": 0,
            "Temp Written Blocks": 0,
            "I/O Read Time": 0.000,
            "I/O Write Time": 0.000,
            "Temp I/O Read Time": 0.000,
            "Temp I/O Write Time": 0.000,
            "WAL Records": 0,
            "WAL FPI": 0,
            "WAL Bytes": 0
          }
        ]
      }
    ]
  }
}
psql:/private/tmp/graphic_design_archive_v49_repository_hygiene/database/tests/009_release_projection_snapshot_performance_scale.sql:34: LOG:  duration: 11.525 ms  plan:
{
  "Query Text": "EXISTS (SELECT 1 FROM gda_v5_effective_decisions GROUP BY canonical_assignment_id HAVING count(*)>1)",
  "Plan": {
    "Node Type": "Result",
    "Parallel Aware": false,
    "Async Capable": false,
    "Startup Cost": 1930.28,
    "Total Cost": 1930.29,
    "Plan Rows": 1,
    "Plan Width": 1,
    "Actual Startup Time": 11.524,
    "Actual Total Time": 11.524,
    "Actual Rows": 1,
    "Actual Loops": 1,
    "Output": ["$0"],
    "Shared Hit Blocks": 0,
    "Shared Read Blocks": 0,
    "Shared Dirtied Blocks": 0,
    "Shared Written Blocks": 0,
    "Local Hit Blocks": 832,
    "Local Read Blocks": 0,
    "Local Dirtied Blocks": 0,
    "Local Written Blocks": 0,
    "Temp Read Blocks": 0,
    "Temp Written Blocks": 0,
    "I/O Read Time": 0.000,
    "I/O Write Time": 0.000,
    "Temp I/O Read Time": 0.000,
    "Temp I/O Write Time": 0.000,
    "WAL Records": 0,
    "WAL FPI": 0,
    "WAL Bytes": 0,
    "Plans": [
      {
        "Node Type": "Aggregate",
        "Strategy": "Hashed",
        "Partial Mode": "Simple",
        "Parent Relationship": "InitPlan",
        "Subplan Name": "InitPlan 1 (returns $0)",
        "Parallel Aware": false,
        "Async Capable": false,
        "Startup Cost": 1930.24,
        "Total Cost": 1932.74,
        "Plan Rows": 67,
        "Plan Width": 20,
        "Actual Startup Time": 11.523,
        "Actual Total Time": 11.523,
        "Actual Rows": 0,
        "Actual Loops": 1,
        "Output": ["1", "gda_v5_effective_decisions.canonical_assignment_id"],
        "Group Key": ["gda_v5_effective_decisions.canonical_assignment_id"],
        "Filter": "(count(*) > 1)",
        "Planned Partitions": 0,
        "HashAgg Batches": 1,
        "Peak Memory Usage": 6177,
        "Disk Usage": 0,
        "Rows Removed by Filter": 47982,
        "Shared Hit Blocks": 0,
        "Shared Read Blocks": 0,
        "Shared Dirtied Blocks": 0,
        "Shared Written Blocks": 0,
        "Local Hit Blocks": 832,
        "Local Read Blocks": 0,
        "Local Dirtied Blocks": 0,
        "Local Written Blocks": 0,
        "Temp Read Blocks": 0,
        "Temp Written Blocks": 0,
        "I/O Read Time": 0.000,
        "I/O Write Time": 0.000,
        "Temp I/O Read Time": 0.000,
        "Temp I/O Write Time": 0.000,
        "WAL Records": 0,
        "WAL FPI": 0,
        "WAL Bytes": 0,
        "Plans": [
          {
            "Node Type": "Seq Scan",
            "Parent Relationship": "Outer",
            "Parallel Aware": false,
            "Async Capable": false,
            "Relation Name": "gda_v5_effective_decisions",
            "Schema": "pg_temp",
            "Alias": "gda_v5_effective_decisions",
            "Startup Cost": 0.00,
            "Total Cost": 1564.16,
            "Plan Rows": 73216,
            "Plan Width": 16,
            "Actual Startup Time": 0.003,
            "Actual Total Time": 2.035,
            "Actual Rows": 47982,
            "Actual Loops": 1,
            "Output": ["gda_v5_effective_decisions.assignment_review_decision_id", "gda_v5_effective_decisions.canonical_assignment_id", "gda_v5_effective_decisions.decision_snapshot_sha256"],
            "Shared Hit Blocks": 0,
            "Shared Read Blocks": 0,
            "Shared Dirtied Blocks": 0,
            "Shared Written Blocks": 0,
            "Local Hit Blocks": 832,
            "Local Read Blocks": 0,
            "Local Dirtied Blocks": 0,
            "Local Written Blocks": 0,
            "Temp Read Blocks": 0,
            "Temp Written Blocks": 0,
            "I/O Read Time": 0.000,
            "I/O Write Time": 0.000,
            "Temp I/O Read Time": 0.000,
            "Temp I/O Write Time": 0.000,
            "WAL Records": 0,
            "WAL FPI": 0,
            "WAL Bytes": 0
          }
        ]
      }
    ]
  }
}
psql:/private/tmp/graphic_design_archive_v49_repository_hygiene/database/tests/009_release_projection_snapshot_performance_scale.sql:34: LOG:  duration: 755.125 ms  plan:
{
  "Query Text": "CREATE TEMPORARY TABLE gda_v5_expected_memberships ON COMMIT DROP AS\n  WITH current_assignment AS MATERIALIZED (\n    SELECT a.canonical_assignment_id,a.assignment_kind,a.status,a.supersedes_assignment_id\n    FROM provenance.canonical_assignment a\n    WHERE a.assignment_kind='folder_membership' AND a.status='accepted'\n      AND NOT EXISTS (SELECT 1 FROM provenance.canonical_assignment newer\n        WHERE newer.supersedes_assignment_id=a.canonical_assignment_id)\n  ), assignment_snapshots AS MATERIALIZED (\n    SELECT a.canonical_assignment_id,encode(sha256(convert_to(jsonb_build_object(\n      'assignment',jsonb_build_array(a.canonical_assignment_id,a.assignment_kind,a.status,a.supersedes_assignment_id),\n      'memberships',jsonb_agg(jsonb_build_array(fm.folder_id,fm.archive_object_id,fm.membership_role,fm.member_ordinal)\n        ORDER BY fm.folder_id,fm.membership_role,fm.member_ordinal,fm.archive_object_id))::text,'UTF8')),'hex')::core.sha256_hex AS assignment_snapshot_sha256\n    FROM current_assignment a JOIN provenance.assignment_folder_membership fm ON fm.canonical_assignment_id=a.canonical_assignment_id\n    GROUP BY a.canonical_assignment_id,a.assignment_kind,a.status,a.supersedes_assignment_id\n  )\n  SELECT fm.folder_id,fm.archive_object_id,a.canonical_assignment_id AS source_assignment_id,\n    fm.membership_role,fm.member_ordinal,d.assignment_review_decision_id AS effective_decision_id,\n    s.assignment_snapshot_sha256,d.decision_snapshot_sha256\n  FROM current_assignment a JOIN provenance.assignment_folder_membership fm ON fm.canonical_assignment_id=a.canonical_assignment_id\n  JOIN gda_v5_effective_decisions d ON d.canonical_assignment_id=a.canonical_assignment_id\n  JOIN assignment_snapshots s ON s.canonical_assignment_id=a.canonical_assignment_id\n  JOIN raw.legacy_surface_ledger l ON l.archive_object_id=fm.archive_object_id\n    AND l.migration_batch_id=p_migration_batch_id AND l.import_disposition='accounted'\n  JOIN research.corpus_membership cm ON cm.archive_object_id=fm.archive_object_id\n    AND cm.corpus_version_id=v_corpus_version_id AND cm.disposition='eligible'",
  "Plan": {
    "Node Type": "Hash Join",
    "Parallel Aware": false,
    "Async Capable": false,
    "Join Type": "Inner",
    "Startup Cost": 16155.62,
    "Total Cost": 18067.43,
    "Plan Rows": 7309,
    "Plan Width": 140,
    "Actual Startup Time": 707.785,
    "Actual Total Time": 737.882,
    "Actual Rows": 47982,
    "Actual Loops": 1,
    "Output": ["fm.folder_id", "fm.archive_object_id", "a.canonical_assignment_id", "fm.membership_role", "fm.member_ordinal", "d.assignment_review_decision_id", "s.assignment_snapshot_sha256", "d.decision_snapshot_sha256"],
    "Inner Unique": false,
    "Hash Cond": "(d.canonical_assignment_id = fm.canonical_assignment_id)",
    "Shared Hit Blocks": 2214,
    "Shared Read Blocks": 0,
    "Shared Dirtied Blocks": 0,
    "Shared Written Blocks": 0,
    "Local Hit Blocks": 428,
    "Local Read Blocks": 404,
    "Local Dirtied Blocks": 0,
    "Local Written Blocks": 404,
    "Temp Read Blocks": 3258,
    "Temp Written Blocks": 3856,
    "I/O Read Time": 0.000,
    "I/O Write Time": 0.000,
    "Temp I/O Read Time": 3.282,
    "Temp I/O Write Time": 26.138,
    "WAL Records": 0,
    "WAL FPI": 0,
    "WAL Bytes": 0,
    "Plans": [
      {
        "Node Type": "Hash Join",
        "Parent Relationship": "InitPlan",
        "Subplan Name": "CTE current_assignment",
        "Parallel Aware": false,
        "Async Capable": false,
        "Join Type": "Right Anti",
        "Startup Cost": 1672.63,
        "Total Cost": 1806.60,
        "Plan Rows": 47982,
        "Plan Width": 40,
        "Actual Startup Time": 7.393,
        "Actual Total Time": 10.081,
        "Actual Rows": 47982,
        "Actual Loops": 1,
        "Output": ["a_1.canonical_assignment_id", "a_1.assignment_kind", "a_1.status", "a_1.supersedes_assignment_id"],
        "Inner Unique": true,
        "Hash Cond": "(newer.supersedes_assignment_id = a_1.canonical_assignment_id)",
        "Shared Hit Blocks": 354,
        "Shared Read Blocks": 0,
        "Shared Dirtied Blocks": 0,
        "Shared Written Blocks": 0,
        "Local Hit Blocks": 0,
        "Local Read Blocks": 0,
        "Local Dirtied Blocks": 0,
        "Local Written Blocks": 0,
        "Temp Read Blocks": 0,
        "Temp Written Blocks": 0,
        "I/O Read Time": 0.000,
        "I/O Write Time": 0.000,
        "Temp I/O Read Time": 0.000,
        "Temp I/O Write Time": 0.000,
        "WAL Records": 0,
        "WAL FPI": 0,
        "WAL Bytes": 0,
        "Plans": [
          {
            "Node Type": "Index Only Scan",
            "Parent Relationship": "Outer",
            "Parallel Aware": false,
            "Async Capable": false,
            "Scan Direction": "Forward",
            "Index Name": "canonical_assignment_current_leaf_v5_idx",
            "Relation Name": "canonical_assignment",
            "Schema": "provenance",
            "Alias": "newer",
            "Startup Cost": 0.12,
            "Total Cost": 8.14,
            "Plan Rows": 47982,
            "Plan Width": 16,
            "Actual Startup Time": 0.002,
            "Actual Total Time": 0.002,
            "Actual Rows": 0,
            "Actual Loops": 1,
            "Output": ["newer.supersedes_assignment_id"],
            "Heap Fetches": 0,
            "Shared Hit Blocks": 1,
            "Shared Read Blocks": 0,
            "Shared Dirtied Blocks": 0,
            "Shared Written Blocks": 0,
            "Local Hit Blocks": 0,
            "Local Read Blocks": 0,
            "Local Dirtied Blocks": 0,
            "Local Written Blocks": 0,
            "Temp Read Blocks": 0,
            "Temp Written Blocks": 0,
            "I/O Read Time": 0.000,
            "I/O Write Time": 0.000,
            "Temp I/O Read Time": 0.000,
            "Temp I/O Write Time": 0.000,
            "WAL Records": 0,
            "WAL FPI": 0,
            "WAL Bytes": 0
          },
          {
            "Node Type": "Hash",
            "Parent Relationship": "Inner",
            "Parallel Aware": false,
            "Async Capable": false,
            "Startup Cost": 1072.73,
            "Total Cost": 1072.73,
            "Plan Rows": 47982,
            "Plan Width": 40,
            "Actual Startup Time": 7.387,
            "Actual Total Time": 7.388,
            "Actual Rows": 47982,
            "Actual Loops": 1,
            "Output": ["a_1.canonical_assignment_id", "a_1.assignment_kind", "a_1.status", "a_1.supersedes_assignment_id"],
            "Hash Buckets": 65536,
            "Original Hash Buckets": 65536,
            "Hash Batches": 1,
            "Original Hash Batches": 1,
            "Peak Memory Usage": 3137,
            "Shared Hit Blocks": 353,
            "Shared Read Blocks": 0,
            "Shared Dirtied Blocks": 0,
            "Shared Written Blocks": 0,
            "Local Hit Blocks": 0,
            "Local Read Blocks": 0,
            "Local Dirtied Blocks": 0,
            "Local Written Blocks": 0,
            "Temp Read Blocks": 0,
            "Temp Written Blocks": 0,
            "I/O Read Time": 0.000,
            "I/O Write Time": 0.000,
            "Temp I/O Read Time": 0.000,
            "Temp I/O Write Time": 0.000,
            "WAL Records": 0,
            "WAL FPI": 0,
            "WAL Bytes": 0,
            "Plans": [
              {
                "Node Type": "Seq Scan",
                "Parent Relationship": "Outer",
                "Parallel Aware": false,
                "Async Capable": false,
                "Relation Name": "canonical_assignment",
                "Schema": "provenance",
                "Alias": "a_1",
                "Startup Cost": 0.00,
                "Total Cost": 1072.73,
                "Plan Rows": 47982,
                "Plan Width": 40,
                "Actual Startup Time": 0.005,
                "Actual Total Time": 4.004,
                "Actual Rows": 47982,
                "Actual Loops": 1,
                "Output": ["a_1.canonical_assignment_id", "a_1.assignment_kind", "a_1.status", "a_1.supersedes_assignment_id"],
                "Filter": "((a_1.assignment_kind = 'folder_membership'::provenance.assignment_kind) AND (a_1.status = 'accepted'::provenance.assertion_status))",
                "Rows Removed by Filter": 0,
                "Shared Hit Blocks": 353,
                "Shared Read Blocks": 0,
                "Shared Dirtied Blocks": 0,
                "Shared Written Blocks": 0,
                "Local Hit Blocks": 0,
                "Local Read Blocks": 0,
                "Local Dirtied Blocks": 0,
                "Local Written Blocks": 0,
                "Temp Read Blocks": 0,
                "Temp Written Blocks": 0,
                "I/O Read Time": 0.000,
                "I/O Write Time": 0.000,
                "Temp I/O Read Time": 0.000,
                "Temp I/O Write Time": 0.000,
                "WAL Records": 0,
                "WAL FPI": 0,
                "WAL Bytes": 0
              }
            ]
          }
        ]
      },
      {
        "Node Type": "Aggregate",
        "Strategy": "Sorted",
        "Partial Mode": "Simple",
        "Parent Relationship": "InitPlan",
        "Subplan Name": "CTE assignment_snapshots",
        "Parallel Aware": false,
        "Async Capable": false,
        "Startup Cost": 8741.35,
        "Total Cost": 9736.97,
        "Plan Rows": 4798,
        "Plan Width": 72,
        "Actual Startup Time": 40.032,
        "Actual Total Time": 572.888,
        "Actual Rows": 47982,
        "Actual Loops": 1,
        "Output": ["a_2.canonical_assignment_id", "(encode(sha256(convert_to((jsonb_build_object('assignment', jsonb_build_array(a_2.canonical_assignment_id, a_2.assignment_kind, a_2.status, a_2.supersedes_assignment_id), 'memberships', jsonb_agg(jsonb_build_array(fm_1.folder_id, fm_1.archive_object_id, fm_1.membership_role, fm_1.member_ordinal) ORDER BY fm_1.folder_id, fm_1.membership_role, fm_1.member_ordinal, fm_1.archive_object_id)))::text, 'UTF8'::name)), 'hex'::text))::core.sha256_hex", "a_2.assignment_kind", "a_2.status", "a_2.supersedes_assignment_id"],
        "Group Key": ["a_2.canonical_assignment_id", "a_2.assignment_kind", "a_2.status", "a_2.supersedes_assignment_id"],
        "Shared Hit Blocks": 556,
        "Shared Read Blocks": 0,
        "Shared Dirtied Blocks": 0,
        "Shared Written Blocks": 0,
        "Local Hit Blocks": 0,
        "Local Read Blocks": 0,
        "Local Dirtied Blocks": 0,
        "Local Written Blocks": 0,
        "Temp Read Blocks": 459,
        "Temp Written Blocks": 460,
        "I/O Read Time": 0.000,
        "I/O Write Time": 0.000,
        "Temp I/O Read Time": 0.403,
        "Temp I/O Write Time": 2.544,
        "WAL Records": 0,
        "WAL FPI": 0,
        "WAL Bytes": 0,
        "Plans": [
          {
            "Node Type": "Sort",
            "Parent Relationship": "Outer",
            "Parallel Aware": false,
            "Async Capable": false,
            "Startup Cost": 8741.35,
            "Total Cost": 8861.30,
            "Plan Rows": 47982,
            "Plan Width": 84,
            "Actual Startup Time": 39.962,
            "Actual Total Time": 43.032,
            "Actual Rows": 47982,
            "Actual Loops": 1,
            "Output": ["a_2.canonical_assignment_id", "a_2.assignment_kind", "a_2.status", "a_2.supersedes_assignment_id", "fm_1.folder_id", "fm_1.archive_object_id", "fm_1.membership_role", "fm_1.member_ordinal"],
            "Sort Key": ["a_2.canonical_assignment_id", "a_2.assignment_kind", "a_2.status", "a_2.supersedes_assignment_id", "fm_1.folder_id", "fm_1.membership_role", "fm_1.member_ordinal", "fm_1.archive_object_id"],
            "Sort Method": "external merge",
            "Sort Space Used": 3672,
            "Sort Space Type": "Disk",
            "Shared Hit Blocks": 554,
            "Shared Read Blocks": 0,
            "Shared Dirtied Blocks": 0,
            "Shared Written Blocks": 0,
            "Local Hit Blocks": 0,
            "Local Read Blocks": 0,
            "Local Dirtied Blocks": 0,
            "Local Written Blocks": 0,
            "Temp Read Blocks": 459,
            "Temp Written Blocks": 460,
            "I/O Read Time": 0.000,
            "I/O Write Time": 0.000,
            "Temp I/O Read Time": 0.403,
            "Temp I/O Write Time": 2.544,
            "WAL Records": 0,
            "WAL FPI": 0,
            "WAL Bytes": 0,
            "Plans": [
              {
                "Node Type": "Hash Join",
                "Parent Relationship": "Outer",
                "Parallel Aware": false,
                "Async Capable": false,
                "Join Type": "Inner",
                "Startup Cost": 1625.60,
                "Total Cost": 2711.20,
                "Plan Rows": 47982,
                "Plan Width": 84,
                "Actual Startup Time": 8.065,
                "Actual Total Time": 24.039,
                "Actual Rows": 47982,
                "Actual Loops": 1,
                "Output": ["a_2.canonical_assignment_id", "a_2.assignment_kind", "a_2.status", "a_2.supersedes_assignment_id", "fm_1.folder_id", "fm_1.archive_object_id", "fm_1.membership_role", "fm_1.member_ordinal"],
                "Inner Unique": true,
                "Hash Cond": "(a_2.canonical_assignment_id = fm_1.canonical_assignment_id)",
                "Shared Hit Blocks": 546,
                "Shared Read Blocks": 0,
                "Shared Dirtied Blocks": 0,
                "Shared Written Blocks": 0,
                "Local Hit Blocks": 0,
                "Local Read Blocks": 0,
                "Local Dirtied Blocks": 0,
                "Local Written Blocks": 0,
                "Temp Read Blocks": 0,
                "Temp Written Blocks": 0,
                "I/O Read Time": 0.000,
                "I/O Write Time": 0.000,
                "Temp I/O Read Time": 0.000,
                "Temp I/O Write Time": 0.000,
                "WAL Records": 0,
                "WAL FPI": 0,
                "WAL Bytes": 0,
                "Plans": [
                  {
                    "Node Type": "CTE Scan",
                    "Parent Relationship": "Outer",
                    "Parallel Aware": false,
                    "Async Capable": false,
                    "CTE Name": "current_assignment",
                    "Alias": "a_2",
                    "Startup Cost": 0.00,
                    "Total Cost": 959.64,
                    "Plan Rows": 47982,
                    "Plan Width": 40,
                    "Actual Startup Time": 0.000,
                    "Actual Total Time": 8.928,
                    "Actual Rows": 47982,
                    "Actual Loops": 1,
                    "Output": ["a_2.canonical_assignment_id", "a_2.assignment_kind", "a_2.status", "a_2.supersedes_assignment_id"],
                    "Shared Hit Blocks": 0,
                    "Shared Read Blocks": 0,
                    "Shared Dirtied Blocks": 0,
                    "Shared Written Blocks": 0,
                    "Local Hit Blocks": 0,
                    "Local Read Blocks": 0,
                    "Local Dirtied Blocks": 0,
                    "Local Written Blocks": 0,
                    "Temp Read Blocks": 0,
                    "Temp Written Blocks": 0,
                    "I/O Read Time": 0.000,
                    "I/O Write Time": 0.000,
                    "Temp I/O Read Time": 0.000,
                    "Temp I/O Write Time": 0.000,
                    "WAL Records": 0,
                    "WAL FPI": 0,
                    "WAL Bytes": 0
                  },
                  {
                    "Node Type": "Hash",
                    "Parent Relationship": "Inner",
                    "Parallel Aware": false,
                    "Async Capable": false,
                    "Startup Cost": 1025.82,
                    "Total Cost": 1025.82,
                    "Plan Rows": 47982,
                    "Plan Width": 60,
                    "Actual Startup Time": 8.055,
                    "Actual Total Time": 8.055,
                    "Actual Rows": 47982,
                    "Actual Loops": 1,
                    "Output": ["fm_1.folder_id", "fm_1.archive_object_id", "fm_1.membership_role", "fm_1.member_ordinal", "fm_1.canonical_assignment_id"],
                    "Hash Buckets": 65536,
                    "Original Hash Buckets": 65536,
                    "Hash Batches": 1,
                    "Original Hash Batches": 1,
                    "Peak Memory Usage": 4823,
                    "Shared Hit Blocks": 546,
                    "Shared Read Blocks": 0,
                    "Shared Dirtied Blocks": 0,
                    "Shared Written Blocks": 0,
                    "Local Hit Blocks": 0,
                    "Local Read Blocks": 0,
                    "Local Dirtied Blocks": 0,
                    "Local Written Blocks": 0,
                    "Temp Read Blocks": 0,
                    "Temp Written Blocks": 0,
                    "I/O Read Time": 0.000,
                    "I/O Write Time": 0.000,
                    "Temp I/O Read Time": 0.000,
                    "Temp I/O Write Time": 0.000,
                    "WAL Records": 0,
                    "WAL FPI": 0,
                    "WAL Bytes": 0,
                    "Plans": [
                      {
                        "Node Type": "Seq Scan",
                        "Parent Relationship": "Outer",
                        "Parallel Aware": false,
                        "Async Capable": false,
                        "Relation Name": "assignment_folder_membership",
                        "Schema": "provenance",
                        "Alias": "fm_1",
                        "Startup Cost": 0.00,
                        "Total Cost": 1025.82,
                        "Plan Rows": 47982,
                        "Plan Width": 60,
                        "Actual Startup Time": 0.004,
                        "Actual Total Time": 3.904,
                        "Actual Rows": 47982,
                        "Actual Loops": 1,
                        "Output": ["fm_1.folder_id", "fm_1.archive_object_id", "fm_1.membership_role", "fm_1.member_ordinal", "fm_1.canonical_assignment_id"],
                        "Shared Hit Blocks": 546,
                        "Shared Read Blocks": 0,
                        "Shared Dirtied Blocks": 0,
                        "Shared Written Blocks": 0,
                        "Local Hit Blocks": 0,
                        "Local Read Blocks": 0,
                        "Local Dirtied Blocks": 0,
                        "Local Written Blocks": 0,
                        "Temp Read Blocks": 0,
                        "Temp Written Blocks": 0,
                        "I/O Read Time": 0.000,
                        "I/O Write Time": 0.000,
                        "Temp I/O Read Time": 0.000,
                        "Temp I/O Write Time": 0.000,
                        "WAL Records": 0,
                        "WAL FPI": 0,
                        "WAL Bytes": 0
                      }
                    ]
                  }
                ]
              }
            ]
          }
        ]
      },
      {
        "Node Type": "Seq Scan",
        "Parent Relationship": "Outer",
        "Parallel Aware": false,
        "Async Capable": false,
        "Relation Name": "gda_v5_effective_decisions",
        "Schema": "pg_temp",
        "Alias": "d",
        "Startup Cost": 0.00,
        "Total Cost": 1564.16,
        "Plan Rows": 73216,
        "Plan Width": 64,
        "Actual Startup Time": 0.002,
        "Actual Total Time": 3.055,
        "Actual Rows": 47982,
        "Actual Loops": 1,
        "Output": ["d.assignment_review_decision_id", "d.canonical_assignment_id", "d.decision_snapshot_sha256"],
        "Shared Hit Blocks": 0,
        "Shared Read Blocks": 0,
        "Shared Dirtied Blocks": 0,
        "Shared Written Blocks": 0,
        "Local Hit Blocks": 428,
        "Local Read Blocks": 404,
        "Local Dirtied Blocks": 0,
        "Local Written Blocks": 404,
        "Temp Read Blocks": 0,
        "Temp Written Blocks": 0,
        "I/O Read Time": 0.000,
        "I/O Write Time": 0.000,
        "Temp I/O Read Time": 0.000,
        "Temp I/O Write Time": 0.000,
        "WAL Records": 0,
        "WAL FPI": 0,
        "WAL Bytes": 0
      },
      {
        "Node Type": "Hash",
        "Parent Relationship": "Inner",
        "Parallel Aware": false,
        "Async Capable": false,
        "Startup Cost": 4552.18,
        "Total Cost": 4552.18,
        "Plan Rows": 4790,
        "Plan Width": 124,
        "Actual Startup Time": 707.719,
        "Actual Total Time": 707.721,
        "Actual Rows": 47982,
        "Actual Loops": 1,
        "Output": ["a.canonical_assignment_id", "fm.folder_id", "fm.archive_object_id", "fm.membership_role", "fm.member_ordinal", "fm.canonical_assignment_id", "s.assignment_snapshot_sha256", "s.canonical_assignment_id"],
        "Hash Buckets": 65536,
        "Original Hash Buckets": 8192,
        "Hash Batches": 2,
        "Original Hash Batches": 1,
        "Peak Memory Usage": 7681,
        "Shared Hit Blocks": 2214,
        "Shared Read Blocks": 0,
        "Shared Dirtied Blocks": 0,
        "Shared Written Blocks": 0,
        "Local Hit Blocks": 0,
        "Local Read Blocks": 0,
        "Local Dirtied Blocks": 0,
        "Local Written Blocks": 0,
        "Temp Read Blocks": 2394,
        "Temp Written Blocks": 3511,
        "I/O Read Time": 0.000,
        "I/O Write Time": 0.000,
        "Temp I/O Read Time": 2.382,
        "Temp I/O Write Time": 23.734,
        "WAL Records": 0,
        "WAL FPI": 0,
        "WAL Bytes": 0,
        "Plans": [
          {
            "Node Type": "Hash Join",
            "Parent Relationship": "Outer",
            "Parallel Aware": false,
            "Async Capable": false,
            "Join Type": "Inner",
            "Startup Cost": 3364.71,
            "Total Cost": 4552.18,
            "Plan Rows": 4790,
            "Plan Width": 124,
            "Actual Startup Time": 676.332,
            "Actual Total Time": 698.013,
            "Actual Rows": 47982,
            "Actual Loops": 1,
            "Output": ["a.canonical_assignment_id", "fm.folder_id", "fm.archive_object_id", "fm.membership_role", "fm.member_ordinal", "fm.canonical_assignment_id", "s.assignment_snapshot_sha256", "s.canonical_assignment_id"],
            "Inner Unique": false,
            "Hash Cond": "(a.canonical_assignment_id = fm.canonical_assignment_id)",
            "Shared Hit Blocks": 2214,
            "Shared Read Blocks": 0,
            "Shared Dirtied Blocks": 0,
            "Shared Written Blocks": 0,
            "Local Hit Blocks": 0,
            "Local Read Blocks": 0,
            "Local Dirtied Blocks": 0,
            "Local Written Blocks": 0,
            "Temp Read Blocks": 2394,
            "Temp Written Blocks": 2992,
            "I/O Read Time": 0.000,
            "I/O Write Time": 0.000,
            "Temp I/O Read Time": 2.382,
            "Temp I/O Write Time": 20.317,
            "WAL Records": 0,
            "WAL FPI": 0,
            "WAL Bytes": 0,
            "Plans": [
              {
                "Node Type": "CTE Scan",
                "Parent Relationship": "Outer",
                "Parallel Aware": false,
                "Async Capable": false,
                "CTE Name": "current_assignment",
                "Alias": "a",
                "Startup Cost": 0.00,
                "Total Cost": 959.64,
                "Plan Rows": 47982,
                "Plan Width": 16,
                "Actual Startup Time": 7.394,
                "Actual Total Time": 8.811,
                "Actual Rows": 47982,
                "Actual Loops": 1,
                "Output": ["a.canonical_assignment_id", "a.assignment_kind", "a.status", "a.supersedes_assignment_id"],
                "Shared Hit Blocks": 354,
                "Shared Read Blocks": 0,
                "Shared Dirtied Blocks": 0,
                "Shared Written Blocks": 0,
                "Local Hit Blocks": 0,
                "Local Read Blocks": 0,
                "Local Dirtied Blocks": 0,
                "Local Written Blocks": 0,
                "Temp Read Blocks": 0,
                "Temp Written Blocks": 0,
                "I/O Read Time": 0.000,
                "I/O Write Time": 0.000,
                "Temp I/O Read Time": 0.000,
                "Temp I/O Write Time": 0.000,
                "WAL Records": 0,
                "WAL FPI": 0,
                "WAL Bytes": 0
              },
              {
                "Node Type": "Hash",
                "Parent Relationship": "Inner",
                "Parallel Aware": false,
                "Async Capable": false,
                "Startup Cost": 3304.83,
                "Total Cost": 3304.83,
                "Plan Rows": 4790,
                "Plan Width": 108,
                "Actual Startup Time": 668.931,
                "Actual Total Time": 668.933,
                "Actual Rows": 47982,
                "Actual Loops": 1,
                "Output": ["fm.folder_id", "fm.archive_object_id", "fm.membership_role", "fm.member_ordinal", "fm.canonical_assignment_id", "s.assignment_snapshot_sha256", "s.canonical_assignment_id"],
                "Hash Buckets": 65536,
                "Original Hash Buckets": 8192,
                "Hash Batches": 2,
                "Original Hash Batches": 1,
                "Peak Memory Usage": 7681,
                "Shared Hit Blocks": 1860,
                "Shared Read Blocks": 0,
                "Shared Dirtied Blocks": 0,
                "Shared Written Blocks": 0,
                "Local Hit Blocks": 0,
                "Local Read Blocks": 0,
                "Local Dirtied Blocks": 0,
                "Local Written Blocks": 0,
                "Temp Read Blocks": 1791,
                "Temp Written Blocks": 2861,
                "I/O Read Time": 0.000,
                "I/O Write Time": 0.000,
                "Temp I/O Read Time": 1.761,
                "Temp I/O Write Time": 19.229,
                "WAL Records": 0,
                "WAL FPI": 0,
                "WAL Bytes": 0,
                "Plans": [
                  {
                    "Node Type": "Hash Join",
                    "Parent Relationship": "Outer",
                    "Parallel Aware": false,
                    "Async Capable": false,
                    "Join Type": "Inner",
                    "Startup Cost": 2445.46,
                    "Total Cost": 3304.83,
                    "Plan Rows": 4790,
                    "Plan Width": 108,
                    "Actual Startup Time": 638.581,
                    "Actual Total Time": 659.198,
                    "Actual Rows": 47982,
                    "Actual Loops": 1,
                    "Output": ["fm.folder_id", "fm.archive_object_id", "fm.membership_role", "fm.member_ordinal", "fm.canonical_assignment_id", "s.assignment_snapshot_sha256", "s.canonical_assignment_id"],
                    "Inner Unique": false,
                    "Hash Cond": "(l.archive_object_id = fm.archive_object_id)",
                    "Shared Hit Blocks": 1860,
                    "Shared Read Blocks": 0,
                    "Shared Dirtied Blocks": 0,
                    "Shared Written Blocks": 0,
                    "Local Hit Blocks": 0,
                    "Local Read Blocks": 0,
                    "Local Dirtied Blocks": 0,
                    "Local Written Blocks": 0,
                    "Temp Read Blocks": 1791,
                    "Temp Written Blocks": 2389,
                    "I/O Read Time": 0.000,
                    "I/O Write Time": 0.000,
                    "Temp I/O Read Time": 1.761,
                    "Temp I/O Write Time": 16.076,
                    "WAL Records": 0,
                    "WAL FPI": 0,
                    "WAL Bytes": 0,
                    "Plans": [
                      {
                        "Node Type": "Seq Scan",
                        "Parent Relationship": "Outer",
                        "Parallel Aware": false,
                        "Async Capable": false,
                        "Relation Name": "legacy_surface_ledger",
                        "Schema": "raw",
                        "Alias": "l",
                        "Startup Cost": 0.00,
                        "Total Cost": 751.85,
                        "Plan Rows": 15923,
                        "Plan Width": 16,
                        "Actual Startup Time": 0.007,
                        "Actual Total Time": 2.323,
                        "Actual Rows": 15923,
                        "Actual Loops": 1,
                        "Output": ["l.legacy_surface_ledger_id", "l.migration_batch_id", "l.source_record_id", "l.canonical_input_asset_id", "l.input_ordinal", "l.surface_id", "l.legacy_source_record_id", "l.source_fingerprint", "l.import_disposition", "l.archive_object_id", "l.reason_code"],
                        "Filter": "((l.migration_batch_id = 'a0000000-0000-4000-8000-000000000003'::uuid) AND (l.import_disposition = 'accounted'::raw.import_disposition))",
                        "Rows Removed by Filter": 0,
                        "Shared Hit Blocks": 513,
                        "Shared Read Blocks": 0,
                        "Shared Dirtied Blocks": 0,
                        "Shared Written Blocks": 0,
                        "Local Hit Blocks": 0,
                        "Local Read Blocks": 0,
                        "Local Dirtied Blocks": 0,
                        "Local Written Blocks": 0,
                        "Temp Read Blocks": 0,
                        "Temp Written Blocks": 0,
                        "I/O Read Time": 0.000,
                        "I/O Write Time": 0.000,
                        "Temp I/O Read Time": 0.000,
                        "Temp I/O Write Time": 0.000,
                        "WAL Records": 0,
                        "WAL FPI": 0,
                        "WAL Bytes": 0
                      },
                      {
                        "Node Type": "Hash",
                        "Parent Relationship": "Inner",
                        "Parallel Aware": false,
                        "Async Capable": false,
                        "Startup Cost": 2385.58,
                        "Total Cost": 2385.58,
                        "Plan Rows": 4790,
                        "Plan Width": 124,
                        "Actual Startup Time": 638.568,
                        "Actual Total Time": 638.569,
                        "Actual Rows": 47982,
                        "Actual Loops": 1,
                        "Output": ["fm.folder_id", "fm.archive_object_id", "fm.membership_role", "fm.member_ordinal", "fm.canonical_assignment_id", "s.assignment_snapshot_sha256", "s.canonical_assignment_id", "cm.archive_object_id"],
                        "Hash Buckets": 65536,
                        "Original Hash Buckets": 8192,
                        "Hash Batches": 2,
                        "Original Hash Batches": 1,
                        "Peak Memory Usage": 7681,
                        "Shared Hit Blocks": 1347,
                        "Shared Read Blocks": 0,
                        "Shared Dirtied Blocks": 0,
                        "Shared Written Blocks": 0,
                        "Local Hit Blocks": 0,
                        "Local Read Blocks": 0,
                        "Local Dirtied Blocks": 0,
                        "Local Written Blocks": 0,
                        "Temp Read Blocks": 1039,
                        "Temp Written Blocks": 2151,
                        "I/O Read Time": 0.000,
                        "I/O Write Time": 0.000,
                        "Temp I/O Read Time": 1.015,
                        "Temp I/O Write Time": 14.512,
                        "WAL Records": 0,
                        "WAL FPI": 0,
                        "WAL Bytes": 0,
                        "Plans": [
                          {
                            "Node Type": "Hash Join",
                            "Parent Relationship": "Outer",
                            "Parallel Aware": false,
                            "Async Capable": false,
                            "Join Type": "Inner",
                            "Startup Cost": 1794.12,
                            "Total Cost": 2385.58,
                            "Plan Rows": 4790,
                            "Plan Width": 124,
                            "Actual Startup Time": 614.889,
                            "Actual Total Time": 628.381,
                            "Actual Rows": 47982,
                            "Actual Loops": 1,
                            "Output": ["fm.folder_id", "fm.archive_object_id", "fm.membership_role", "fm.member_ordinal", "fm.canonical_assignment_id", "s.assignment_snapshot_sha256", "s.canonical_assignment_id", "cm.archive_object_id"],
                            "Inner Unique": false,
                            "Hash Cond": "(cm.archive_object_id = fm.archive_object_id)",
                            "Shared Hit Blocks": 1347,
                            "Shared Read Blocks": 0,
                            "Shared Dirtied Blocks": 0,
                            "Shared Written Blocks": 0,
                            "Local Hit Blocks": 0,
                            "Local Read Blocks": 0,
                            "Local Dirtied Blocks": 0,
                            "Local Written Blocks": 0,
                            "Temp Read Blocks": 1039,
                            "Temp Written Blocks": 1637,
                            "I/O Read Time": 0.000,
                            "I/O Write Time": 0.000,
                            "Temp I/O Read Time": 1.015,
                            "Temp I/O Write Time": 10.922,
                            "WAL Records": 0,
                            "WAL FPI": 0,
                            "WAL Bytes": 0,
                            "Plans": [
                              {
                                "Node Type": "Seq Scan",
                                "Parent Relationship": "Outer",
                                "Parallel Aware": false,
                                "Async Capable": false,
                                "Relation Name": "corpus_membership",
                                "Schema": "research",
                                "Alias": "cm",
                                "Startup Cost": 0.00,
                                "Total Cost": 483.85,
                                "Plan Rows": 15923,
                                "Plan Width": 16,
                                "Actual Startup Time": 0.004,
                                "Actual Total Time": 1.410,
                                "Actual Rows": 15923,
                                "Actual Loops": 1,
                                "Output": ["cm.corpus_version_id", "cm.archive_object_id", "cm.disposition", "cm.reason_code", "cm.evidence_item_id", "cm.decided_by", "cm.decided_at"],
                                "Filter": "((cm.corpus_version_id = 'a4000000-0000-4000-8000-000000000002'::uuid) AND (cm.disposition = 'eligible'::research.membership_disposition))",
                                "Rows Removed by Filter": 0,
                                "Shared Hit Blocks": 245,
                                "Shared Read Blocks": 0,
                                "Shared Dirtied Blocks": 0,
                                "Shared Written Blocks": 0,
                                "Local Hit Blocks": 0,
                                "Local Read Blocks": 0,
                                "Local Dirtied Blocks": 0,
                                "Local Written Blocks": 0,
                                "Temp Read Blocks": 0,
                                "Temp Written Blocks": 0,
                                "I/O Read Time": 0.000,
                                "I/O Write Time": 0.000,
                                "Temp I/O Read Time": 0.000,
                                "Temp I/O Write Time": 0.000,
                                "WAL Records": 0,
                                "WAL FPI": 0,
                                "WAL Bytes": 0
                              },
                              {
                                "Node Type": "Hash",
                                "Parent Relationship": "Inner",
                                "Parallel Aware": false,
                                "Async Capable": false,
                                "Startup Cost": 1734.15,
                                "Total Cost": 1734.15,
                                "Plan Rows": 4798,
                                "Plan Width": 108,
                                "Actual Startup Time": 614.878,
                                "Actual Total Time": 614.879,
                                "Actual Rows": 47982,
                                "Actual Loops": 1,
                                "Output": ["fm.folder_id", "fm.archive_object_id", "fm.membership_role", "fm.member_ordinal", "fm.canonical_assignment_id", "s.assignment_snapshot_sha256", "s.canonical_assignment_id"],
                                "Hash Buckets": 65536,
                                "Original Hash Buckets": 8192,
                                "Hash Batches": 2,
                                "Original Hash Batches": 1,
                                "Peak Memory Usage": 7681,
                                "Shared Hit Blocks": 1102,
                                "Shared Read Blocks": 0,
                                "Shared Dirtied Blocks": 0,
                                "Shared Written Blocks": 0,
                                "Local Hit Blocks": 0,
                                "Local Read Blocks": 0,
                                "Local Dirtied Blocks": 0,
                                "Local Written Blocks": 0,
                                "Temp Read Blocks": 459,
                                "Temp Written Blocks": 1524,
                                "I/O Read Time": 0.000,
                                "I/O Write Time": 0.000,
                                "Temp I/O Read Time": 0.403,
                                "Temp I/O Write Time": 10.023,
                                "WAL Records": 0,
                                "WAL FPI": 0,
                                "WAL Bytes": 0,
                                "Plans": [
                                  {
                                    "Node Type": "Hash Join",
                                    "Parent Relationship": "Outer",
                                    "Parallel Aware": false,
                                    "Async Capable": false,
                                    "Join Type": "Inner",
                                    "Startup Cost": 1625.60,
                                    "Total Cost": 1734.15,
                                    "Plan Rows": 4798,
                                    "Plan Width": 108,
                                    "Actual Startup Time": 47.887,
                                    "Actual Total Time": 604.137,
                                    "Actual Rows": 47982,
                                    "Actual Loops": 1,
                                    "Output": ["fm.folder_id", "fm.archive_object_id", "fm.membership_role", "fm.member_ordinal", "fm.canonical_assignment_id", "s.assignment_snapshot_sha256", "s.canonical_assignment_id"],
                                    "Inner Unique": true,
                                    "Hash Cond": "(s.canonical_assignment_id = fm.canonical_assignment_id)",
                                    "Shared Hit Blocks": 1102,
                                    "Shared Read Blocks": 0,
                                    "Shared Dirtied Blocks": 0,
                                    "Shared Written Blocks": 0,
                                    "Local Hit Blocks": 0,
                                    "Local Read Blocks": 0,
                                    "Local Dirtied Blocks": 0,
                                    "Local Written Blocks": 0,
                                    "Temp Read Blocks": 459,
                                    "Temp Written Blocks": 1057,
                                    "I/O Read Time": 0.000,
                                    "I/O Write Time": 0.000,
                                    "Temp I/O Read Time": 0.403,
                                    "Temp I/O Write Time": 6.802,
                                    "WAL Records": 0,
                                    "WAL FPI": 0,
                                    "WAL Bytes": 0,
                                    "Plans": [
                                      {
                                        "Node Type": "CTE Scan",
                                        "Parent Relationship": "Outer",
                                        "Parallel Aware": false,
                                        "Async Capable": false,
                                        "CTE Name": "assignment_snapshots",
                                        "Alias": "s",
                                        "Startup Cost": 0.00,
                                        "Total Cost": 95.96,
                                        "Plan Rows": 4798,
                                        "Plan Width": 48,
                                        "Actual Startup Time": 40.033,
                                        "Actual Total Time": 587.074,
                                        "Actual Rows": 47982,
                                        "Actual Loops": 1,
                                        "Output": ["s.canonical_assignment_id", "s.assignment_snapshot_sha256"],
                                        "Shared Hit Blocks": 556,
                                        "Shared Read Blocks": 0,
                                        "Shared Dirtied Blocks": 0,
                                        "Shared Written Blocks": 0,
                                        "Local Hit Blocks": 0,
                                        "Local Read Blocks": 0,
                                        "Local Dirtied Blocks": 0,
                                        "Local Written Blocks": 0,
                                        "Temp Read Blocks": 459,
                                        "Temp Written Blocks": 1057,
                                        "I/O Read Time": 0.000,
                                        "I/O Write Time": 0.000,
                                        "Temp I/O Read Time": 0.403,
                                        "Temp I/O Write Time": 6.802,
                                        "WAL Records": 0,
                                        "WAL FPI": 0,
                                        "WAL Bytes": 0
                                      },
                                      {
                                        "Node Type": "Hash",
                                        "Parent Relationship": "Inner",
                                        "Parallel Aware": false,
                                        "Async Capable": false,
                                        "Startup Cost": 1025.82,
                                        "Total Cost": 1025.82,
                                        "Plan Rows": 47982,
                                        "Plan Width": 60,
                                        "Actual Startup Time": 7.843,
                                        "Actual Total Time": 7.843,
                                        "Actual Rows": 47982,
                                        "Actual Loops": 1,
                                        "Output": ["fm.folder_id", "fm.archive_object_id", "fm.membership_role", "fm.member_ordinal", "fm.canonical_assignment_id"],
                                        "Hash Buckets": 65536,
                                        "Original Hash Buckets": 65536,
                                        "Hash Batches": 1,
                                        "Original Hash Batches": 1,
                                        "Peak Memory Usage": 4823,
                                        "Shared Hit Blocks": 546,
                                        "Shared Read Blocks": 0,
                                        "Shared Dirtied Blocks": 0,
                                        "Shared Written Blocks": 0,
                                        "Local Hit Blocks": 0,
                                        "Local Read Blocks": 0,
                                        "Local Dirtied Blocks": 0,
                                        "Local Written Blocks": 0,
                                        "Temp Read Blocks": 0,
                                        "Temp Written Blocks": 0,
                                        "I/O Read Time": 0.000,
                                        "I/O Write Time": 0.000,
                                        "Temp I/O Read Time": 0.000,
                                        "Temp I/O Write Time": 0.000,
                                        "WAL Records": 0,
                                        "WAL FPI": 0,
                                        "WAL Bytes": 0,
                                        "Plans": [
                                          {
                                            "Node Type": "Seq Scan",
                                            "Parent Relationship": "Outer",
                                            "Parallel Aware": false,
                                            "Async Capable": false,
                                            "Relation Name": "assignment_folder_membership",
                                            "Schema": "provenance",
                                            "Alias": "fm",
                                            "Startup Cost": 0.00,
                                            "Total Cost": 1025.82,
                                            "Plan Rows": 47982,
                                            "Plan Width": 60,
                                            "Actual Startup Time": 0.006,
                                            "Actual Total Time": 3.419,
                                            "Actual Rows": 47982,
                                            "Actual Loops": 1,
                                            "Output": ["fm.folder_id", "fm.archive_object_id", "fm.membership_role", "fm.member_ordinal", "fm.canonical_assignment_id"],
                                            "Shared Hit Blocks": 546,
                                            "Shared Read Blocks": 0,
                                            "Shared Dirtied Blocks": 0,
                                            "Shared Written Blocks": 0,
                                            "Local Hit Blocks": 0,
                                            "Local Read Blocks": 0,
                                            "Local Dirtied Blocks": 0,
                                            "Local Written Blocks": 0,
                                            "Temp Read Blocks": 0,
                                            "Temp Written Blocks": 0,
                                            "I/O Read Time": 0.000,
                                            "I/O Write Time": 0.000,
                                            "Temp I/O Read Time": 0.000,
                                            "Temp I/O Write Time": 0.000,
                                            "WAL Records": 0,
                                            "WAL FPI": 0,
                                            "WAL Bytes": 0
                                          }
                                        ]
                                      }
                                    ]
                                  }
                                ]
                              }
                            ]
                          }
                        ]
                      }
                    ]
                  }
                ]
              }
            ]
          }
        ]
      }
    ]
  }
}
psql:/private/tmp/graphic_design_archive_v49_repository_hygiene/database/tests/009_release_projection_snapshot_performance_scale.sql:34: LOG:  duration: 21.909 ms  plan:
{
  "Query Text": "EXISTS (SELECT 1 FROM gda_v5_expected_memberships e LEFT JOIN research.folder_publication_metadata m ON m.folder_id=e.folder_id WHERE m.folder_id IS NULL)",
  "Plan": {
    "Node Type": "Result",
    "Parallel Aware": false,
    "Async Capable": false,
    "Startup Cost": 0.57,
    "Total Cost": 0.58,
    "Plan Rows": 1,
    "Plan Width": 1,
    "Actual Startup Time": 21.907,
    "Actual Total Time": 21.908,
    "Actual Rows": 1,
    "Actual Loops": 1,
    "Output": ["$1"],
    "Shared Hit Blocks": 95964,
    "Shared Read Blocks": 0,
    "Shared Dirtied Blocks": 0,
    "Shared Written Blocks": 0,
    "Local Hit Blocks": 0,
    "Local Read Blocks": 1472,
    "Local Dirtied Blocks": 0,
    "Local Written Blocks": 0,
    "Temp Read Blocks": 0,
    "Temp Written Blocks": 0,
    "I/O Read Time": 0.000,
    "I/O Write Time": 0.000,
    "Temp I/O Read Time": 0.000,
    "Temp I/O Write Time": 0.000,
    "WAL Records": 0,
    "WAL FPI": 0,
    "WAL Bytes": 0,
    "Plans": [
      {
        "Node Type": "Nested Loop",
        "Parent Relationship": "InitPlan",
        "Subplan Name": "InitPlan 1 (returns $1)",
        "Parallel Aware": false,
        "Async Capable": false,
        "Join Type": "Anti",
        "Startup Cost": 0.15,
        "Total Cost": 10048.80,
        "Plan Rows": 23991,
        "Plan Width": 0,
        "Actual Startup Time": 21.906,
        "Actual Total Time": 21.907,
        "Actual Rows": 0,
        "Actual Loops": 1,
        "Inner Unique": false,
        "Shared Hit Blocks": 95964,
        "Shared Read Blocks": 0,
        "Shared Dirtied Blocks": 0,
        "Shared Written Blocks": 0,
        "Local Hit Blocks": 0,
        "Local Read Blocks": 1472,
        "Local Dirtied Blocks": 0,
        "Local Written Blocks": 0,
        "Temp Read Blocks": 0,
        "Temp Written Blocks": 0,
        "I/O Read Time": 0.000,
        "I/O Write Time": 0.000,
        "Temp I/O Read Time": 0.000,
        "Temp I/O Write Time": 0.000,
        "WAL Records": 0,
        "WAL FPI": 0,
        "WAL Bytes": 0,
        "Plans": [
          {
            "Node Type": "Seq Scan",
            "Parent Relationship": "Outer",
            "Parallel Aware": false,
            "Async Capable": false,
            "Relation Name": "gda_v5_expected_memberships",
            "Schema": "pg_temp",
            "Alias": "e",
            "Startup Cost": 0.00,
            "Total Cost": 1951.82,
            "Plan Rows": 47982,
            "Plan Width": 16,
            "Actual Startup Time": 0.004,
            "Actual Total Time": 4.243,
            "Actual Rows": 47982,
            "Actual Loops": 1,
            "Output": ["e.folder_id", "e.archive_object_id", "e.source_assignment_id", "e.membership_role", "e.member_ordinal", "e.effective_decision_id", "e.assignment_snapshot_sha256", "e.decision_snapshot_sha256"],
            "Shared Hit Blocks": 0,
            "Shared Read Blocks": 0,
            "Shared Dirtied Blocks": 0,
            "Shared Written Blocks": 0,
            "Local Hit Blocks": 0,
            "Local Read Blocks": 1472,
            "Local Dirtied Blocks": 0,
            "Local Written Blocks": 0,
            "Temp Read Blocks": 0,
            "Temp Written Blocks": 0,
            "I/O Read Time": 0.000,
            "I/O Write Time": 0.000,
            "Temp I/O Read Time": 0.000,
            "Temp I/O Write Time": 0.000,
            "WAL Records": 0,
            "WAL FPI": 0,
            "WAL Bytes": 0
          },
          {
            "Node Type": "Index Only Scan",
            "Parent Relationship": "Inner",
            "Parallel Aware": false,
            "Async Capable": false,
            "Scan Direction": "Forward",
            "Index Name": "folder_publication_metadata_pkey",
            "Relation Name": "folder_publication_metadata",
            "Schema": "research",
            "Alias": "m",
            "Startup Cost": 0.15,
            "Total Cost": 0.17,
            "Plan Rows": 1,
            "Plan Width": 16,
            "Actual Startup Time": 0.000,
            "Actual Total Time": 0.000,
            "Actual Rows": 1,
            "Actual Loops": 47982,
            "Output": ["m.folder_id"],
            "Index Cond": "(m.folder_id = e.folder_id)",
            "Rows Removed by Index Recheck": 0,
            "Heap Fetches": 47982,
            "Shared Hit Blocks": 95964,
            "Shared Read Blocks": 0,
            "Shared Dirtied Blocks": 0,
            "Shared Written Blocks": 0,
            "Local Hit Blocks": 0,
            "Local Read Blocks": 0,
            "Local Dirtied Blocks": 0,
            "Local Written Blocks": 0,
            "Temp Read Blocks": 0,
            "Temp Written Blocks": 0,
            "I/O Read Time": 0.000,
            "I/O Write Time": 0.000,
            "Temp I/O Read Time": 0.000,
            "Temp I/O Write Time": 0.000,
            "WAL Records": 0,
            "WAL FPI": 0,
            "WAL Bytes": 0
          }
        ]
      }
    ]
  }
}
psql:/private/tmp/graphic_design_archive_v49_repository_hygiene/database/tests/009_release_projection_snapshot_performance_scale.sql:34: LOG:  duration: 14.358 ms  plan:
{
  "Query Text": "CREATE TEMPORARY TABLE gda_v5_expected_objects ON COMMIT DROP AS\n  SELECT l.archive_object_id,l.surface_id,o.object_urn,o.preferred_label\n  FROM raw.legacy_surface_ledger l JOIN core.archive_object o ON o.archive_object_id=l.archive_object_id\n  JOIN research.corpus_membership cm ON cm.archive_object_id=l.archive_object_id\n    AND cm.corpus_version_id=v_corpus_version_id AND cm.disposition='eligible'\n  WHERE l.migration_batch_id=p_migration_batch_id AND l.import_disposition='accounted'\n    AND l.archive_object_id IS NOT NULL",
  "Plan": {
    "Node Type": "Hash Join",
    "Parallel Aware": false,
    "Async Capable": false,
    "Join Type": "Inner",
    "Startup Cost": 1388.13,
    "Total Cost": 2223.60,
    "Plan Rows": 15002,
    "Plan Width": 107,
    "Actual Startup Time": 4.948,
    "Actual Total Time": 10.358,
    "Actual Rows": 15923,
    "Actual Loops": 1,
    "Output": ["l.archive_object_id", "l.surface_id", "o.object_urn", "o.preferred_label"],
    "Inner Unique": true,
    "Hash Cond": "(o.archive_object_id = cm.archive_object_id)",
    "Shared Hit Blocks": 1083,
    "Shared Read Blocks": 0,
    "Shared Dirtied Blocks": 0,
    "Shared Written Blocks": 0,
    "Local Hit Blocks": 0,
    "Local Read Blocks": 0,
    "Local Dirtied Blocks": 0,
    "Local Written Blocks": 0,
    "Temp Read Blocks": 0,
    "Temp Written Blocks": 0,
    "I/O Read Time": 0.000,
    "I/O Write Time": 0.000,
    "Temp I/O Read Time": 0.000,
    "Temp I/O Write Time": 0.000,
    "WAL Records": 0,
    "WAL FPI": 0,
    "WAL Bytes": 0,
    "Plans": [
      {
        "Node Type": "Hash Join",
        "Parent Relationship": "Outer",
        "Parallel Aware": false,
        "Async Capable": false,
        "Join Type": "Inner",
        "Startup Cost": 705.25,
        "Total Cost": 1498.90,
        "Plan Rows": 15923,
        "Plan Width": 123,
        "Actual Startup Time": 2.915,
        "Actual Total Time": 6.615,
        "Actual Rows": 15923,
        "Actual Loops": 1,
        "Output": ["l.archive_object_id", "l.surface_id", "o.object_urn", "o.preferred_label", "o.archive_object_id"],
        "Inner Unique": true,
        "Hash Cond": "(l.archive_object_id = o.archive_object_id)",
        "Shared Hit Blocks": 838,
        "Shared Read Blocks": 0,
        "Shared Dirtied Blocks": 0,
        "Shared Written Blocks": 0,
        "Local Hit Blocks": 0,
        "Local Read Blocks": 0,
        "Local Dirtied Blocks": 0,
        "Local Written Blocks": 0,
        "Temp Read Blocks": 0,
        "Temp Written Blocks": 0,
        "I/O Read Time": 0.000,
        "I/O Write Time": 0.000,
        "Temp I/O Read Time": 0.000,
        "Temp I/O Write Time": 0.000,
        "WAL Records": 0,
        "WAL FPI": 0,
        "WAL Bytes": 0,
        "Plans": [
          {
            "Node Type": "Seq Scan",
            "Parent Relationship": "Outer",
            "Parallel Aware": false,
            "Async Capable": false,
            "Relation Name": "legacy_surface_ledger",
            "Schema": "raw",
            "Alias": "l",
            "Startup Cost": 0.00,
            "Total Cost": 751.85,
            "Plan Rows": 15923,
            "Plan Width": 43,
            "Actual Startup Time": 0.003,
            "Actual Total Time": 1.888,
            "Actual Rows": 15923,
            "Actual Loops": 1,
            "Output": ["l.legacy_surface_ledger_id", "l.migration_batch_id", "l.source_record_id", "l.canonical_input_asset_id", "l.input_ordinal", "l.surface_id", "l.legacy_source_record_id", "l.source_fingerprint", "l.import_disposition", "l.archive_object_id", "l.reason_code"],
            "Filter": "((l.archive_object_id IS NOT NULL) AND (l.migration_batch_id = 'a0000000-0000-4000-8000-000000000003'::uuid) AND (l.import_disposition = 'accounted'::raw.import_disposition))",
            "Rows Removed by Filter": 0,
            "Shared Hit Blocks": 513,
            "Shared Read Blocks": 0,
            "Shared Dirtied Blocks": 0,
            "Shared Written Blocks": 0,
            "Local Hit Blocks": 0,
            "Local Read Blocks": 0,
            "Local Dirtied Blocks": 0,
            "Local Written Blocks": 0,
            "Temp Read Blocks": 0,
            "Temp Written Blocks": 0,
            "I/O Read Time": 0.000,
            "I/O Write Time": 0.000,
            "Temp I/O Read Time": 0.000,
            "Temp I/O Write Time": 0.000,
            "WAL Records": 0,
            "WAL FPI": 0,
            "WAL Bytes": 0
          },
          {
            "Node Type": "Hash",
            "Parent Relationship": "Inner",
            "Parallel Aware": false,
            "Async Capable": false,
            "Startup Cost": 494.00,
            "Total Cost": 494.00,
            "Plan Rows": 16900,
            "Plan Width": 80,
            "Actual Startup Time": 2.908,
            "Actual Total Time": 2.908,
            "Actual Rows": 15923,
            "Actual Loops": 1,
            "Output": ["o.object_urn", "o.preferred_label", "o.archive_object_id"],
            "Hash Buckets": 32768,
            "Original Hash Buckets": 32768,
            "Hash Batches": 1,
            "Original Hash Batches": 1,
            "Peak Memory Usage": 2329,
            "Shared Hit Blocks": 325,
            "Shared Read Blocks": 0,
            "Shared Dirtied Blocks": 0,
            "Shared Written Blocks": 0,
            "Local Hit Blocks": 0,
            "Local Read Blocks": 0,
            "Local Dirtied Blocks": 0,
            "Local Written Blocks": 0,
            "Temp Read Blocks": 0,
            "Temp Written Blocks": 0,
            "I/O Read Time": 0.000,
            "I/O Write Time": 0.000,
            "Temp I/O Read Time": 0.000,
            "Temp I/O Write Time": 0.000,
            "WAL Records": 0,
            "WAL FPI": 0,
            "WAL Bytes": 0,
            "Plans": [
              {
                "Node Type": "Seq Scan",
                "Parent Relationship": "Outer",
                "Parallel Aware": false,
                "Async Capable": false,
                "Relation Name": "archive_object",
                "Schema": "core",
                "Alias": "o",
                "Startup Cost": 0.00,
                "Total Cost": 494.00,
                "Plan Rows": 16900,
                "Plan Width": 80,
                "Actual Startup Time": 0.010,
                "Actual Total Time": 1.763,
                "Actual Rows": 15923,
                "Actual Loops": 1,
                "Output": ["o.object_urn", "o.preferred_label", "o.archive_object_id"],
                "Shared Hit Blocks": 325,
                "Shared Read Blocks": 0,
                "Shared Dirtied Blocks": 0,
                "Shared Written Blocks": 0,
                "Local Hit Blocks": 0,
                "Local Read Blocks": 0,
                "Local Dirtied Blocks": 0,
                "Local Written Blocks": 0,
                "Temp Read Blocks": 0,
                "Temp Written Blocks": 0,
                "I/O Read Time": 0.000,
                "I/O Write Time": 0.000,
                "Temp I/O Read Time": 0.000,
                "Temp I/O Write Time": 0.000,
                "WAL Records": 0,
                "WAL FPI": 0,
                "WAL Bytes": 0
              }
            ]
          }
        ]
      },
      {
        "Node Type": "Hash",
        "Parent Relationship": "Inner",
        "Parallel Aware": false,
        "Async Capable": false,
        "Startup Cost": 483.85,
        "Total Cost": 483.85,
        "Plan Rows": 15923,
        "Plan Width": 16,
        "Actual Startup Time": 2.030,
        "Actual Total Time": 2.030,
        "Actual Rows": 15923,
        "Actual Loops": 1,
        "Output": ["cm.archive_object_id"],
        "Hash Buckets": 16384,
        "Original Hash Buckets": 16384,
        "Hash Batches": 1,
        "Original Hash Batches": 1,
        "Peak Memory Usage": 875,
        "Shared Hit Blocks": 245,
        "Shared Read Blocks": 0,
        "Shared Dirtied Blocks": 0,
        "Shared Written Blocks": 0,
        "Local Hit Blocks": 0,
        "Local Read Blocks": 0,
        "Local Dirtied Blocks": 0,
        "Local Written Blocks": 0,
        "Temp Read Blocks": 0,
        "Temp Written Blocks": 0,
        "I/O Read Time": 0.000,
        "I/O Write Time": 0.000,
        "Temp I/O Read Time": 0.000,
        "Temp I/O Write Time": 0.000,
        "WAL Records": 0,
        "WAL FPI": 0,
        "WAL Bytes": 0,
        "Plans": [
          {
            "Node Type": "Seq Scan",
            "Parent Relationship": "Outer",
            "Parallel Aware": false,
            "Async Capable": false,
            "Relation Name": "corpus_membership",
            "Schema": "research",
            "Alias": "cm",
            "Startup Cost": 0.00,
            "Total Cost": 483.85,
            "Plan Rows": 15923,
            "Plan Width": 16,
            "Actual Startup Time": 0.004,
            "Actual Total Time": 1.249,
            "Actual Rows": 15923,
            "Actual Loops": 1,
            "Output": ["cm.archive_object_id"],
            "Filter": "((cm.corpus_version_id = 'a4000000-0000-4000-8000-000000000002'::uuid) AND (cm.disposition = 'eligible'::research.membership_disposition))",
            "Rows Removed by Filter": 0,
            "Shared Hit Blocks": 245,
            "Shared Read Blocks": 0,
            "Shared Dirtied Blocks": 0,
            "Shared Written Blocks": 0,
            "Local Hit Blocks": 0,
            "Local Read Blocks": 0,
            "Local Dirtied Blocks": 0,
            "Local Written Blocks": 0,
            "Temp Read Blocks": 0,
            "Temp Written Blocks": 0,
            "I/O Read Time": 0.000,
            "I/O Write Time": 0.000,
            "Temp I/O Read Time": 0.000,
            "Temp I/O Write Time": 0.000,
            "WAL Records": 0,
            "WAL FPI": 0,
            "WAL Bytes": 0
          }
        ]
      }
    ]
  }
}
psql:/private/tmp/graphic_design_archive_v49_repository_hygiene/database/tests/009_release_projection_snapshot_performance_scale.sql:34: LOG:  duration: 1.628 ms  plan:
{
  "Query Text": "SELECT 1 FROM ONLY \"core\".\"archive_object\" x WHERE \"archive_object_id\" OPERATOR(pg_catalog.=) $1 FOR KEY SHARE OF x",
  "Query Parameters": "$1 = 'a2000000-0000-4000-8000-000001002990'",
  "Plan": {
    "Node Type": "LockRows",
    "Parallel Aware": false,
    "Async Capable": false,
    "Startup Cost": 0.29,
    "Total Cost": 8.31,
    "Plan Rows": 1,
    "Plan Width": 10,
    "Actual Startup Time": 1.628,
    "Actual Total Time": 1.628,
    "Actual Rows": 1,
    "Actual Loops": 1,
    "Output": ["1", "ctid"],
    "Shared Hit Blocks": 4,
    "Shared Read Blocks": 0,
    "Shared Dirtied Blocks": 0,
    "Shared Written Blocks": 0,
    "Local Hit Blocks": 0,
    "Local Read Blocks": 0,
    "Local Dirtied Blocks": 0,
    "Local Written Blocks": 0,
    "Temp Read Blocks": 0,
    "Temp Written Blocks": 0,
    "I/O Read Time": 0.000,
    "I/O Write Time": 0.000,
    "Temp I/O Read Time": 0.000,
    "Temp I/O Write Time": 0.000,
    "WAL Records": 1,
    "WAL FPI": 1,
    "WAL Bytes": 8119,
    "Plans": [
      {
        "Node Type": "Index Scan",
        "Parent Relationship": "Outer",
        "Parallel Aware": false,
        "Async Capable": false,
        "Scan Direction": "Forward",
        "Index Name": "archive_object_pkey",
        "Relation Name": "archive_object",
        "Schema": "core",
        "Alias": "x",
        "Startup Cost": 0.29,
        "Total Cost": 8.30,
        "Plan Rows": 1,
        "Plan Width": 10,
        "Actual Startup Time": 0.001,
        "Actual Total Time": 0.001,
        "Actual Rows": 1,
        "Actual Loops": 1,
        "Output": ["1", "ctid"],
        "Index Cond": "(x.archive_object_id = $1)",
        "Rows Removed by Index Recheck": 0,
        "Shared Hit Blocks": 3,
        "Shared Read Blocks": 0,
        "Shared Dirtied Blocks": 0,
        "Shared Written Blocks": 0,
        "Local Hit Blocks": 0,
        "Local Read Blocks": 0,
        "Local Dirtied Blocks": 0,
        "Local Written Blocks": 0,
        "Temp Read Blocks": 0,
        "Temp Written Blocks": 0,
        "I/O Read Time": 0.000,
        "I/O Write Time": 0.000,
        "Temp I/O Read Time": 0.000,
        "Temp I/O Write Time": 0.000,
        "WAL Records": 0,
        "WAL FPI": 0,
        "WAL Bytes": 0
      }
    ]
  }
}
psql:/private/tmp/graphic_design_archive_v49_repository_hygiene/database/tests/009_release_projection_snapshot_performance_scale.sql:34: LOG:  duration: 1.685 ms  plan:
{
  "Query Text": "SELECT 1 FROM ONLY \"core\".\"archive_object\" x WHERE \"archive_object_id\" OPERATOR(pg_catalog.=) $1 FOR KEY SHARE OF x",
  "Query Parameters": "$1 = 'a2000000-0000-4000-8000-000001003049'",
  "Plan": {
    "Node Type": "LockRows",
    "Parallel Aware": false,
    "Async Capable": false,
    "Startup Cost": 0.29,
    "Total Cost": 8.31,
    "Plan Rows": 1,
    "Plan Width": 10,
    "Actual Startup Time": 1.684,
    "Actual Total Time": 1.684,
    "Actual Rows": 1,
    "Actual Loops": 1,
    "Output": ["1", "ctid"],
    "Shared Hit Blocks": 4,
    "Shared Read Blocks": 0,
    "Shared Dirtied Blocks": 0,
    "Shared Written Blocks": 0,
    "Local Hit Blocks": 0,
    "Local Read Blocks": 0,
    "Local Dirtied Blocks": 0,
    "Local Written Blocks": 0,
    "Temp Read Blocks": 0,
    "Temp Written Blocks": 0,
    "I/O Read Time": 0.000,
    "I/O Write Time": 0.000,
    "Temp I/O Read Time": 0.000,
    "Temp I/O Write Time": 0.000,
    "WAL Records": 1,
    "WAL FPI": 0,
    "WAL Bytes": 54,
    "Plans": [
      {
        "Node Type": "Index Scan",
        "Parent Relationship": "Outer",
        "Parallel Aware": false,
        "Async Capable": false,
        "Scan Direction": "Forward",
        "Index Name": "archive_object_pkey",
        "Relation Name": "archive_object",
        "Schema": "core",
        "Alias": "x",
        "Startup Cost": 0.29,
        "Total Cost": 8.30,
        "Plan Rows": 1,
        "Plan Width": 10,
        "Actual Startup Time": 0.001,
        "Actual Total Time": 0.001,
        "Actual Rows": 1,
        "Actual Loops": 1,
        "Output": ["1", "ctid"],
        "Index Cond": "(x.archive_object_id = $1)",
        "Rows Removed by Index Recheck": 0,
        "Shared Hit Blocks": 3,
        "Shared Read Blocks": 0,
        "Shared Dirtied Blocks": 0,
        "Shared Written Blocks": 0,
        "Local Hit Blocks": 0,
        "Local Read Blocks": 0,
        "Local Dirtied Blocks": 0,
        "Local Written Blocks": 0,
        "Temp Read Blocks": 0,
        "Temp Written Blocks": 0,
        "I/O Read Time": 0.000,
        "I/O Write Time": 0.000,
        "Temp I/O Read Time": 0.000,
        "Temp I/O Write Time": 0.000,
        "WAL Records": 0,
        "WAL FPI": 0,
        "WAL Bytes": 0
      }
    ]
  }
}
psql:/private/tmp/graphic_design_archive_v49_repository_hygiene/database/tests/009_release_projection_snapshot_performance_scale.sql:34: LOG:  duration: 1.896 ms  plan:
{
  "Query Text": "SELECT 1 FROM ONLY \"core\".\"archive_object\" x WHERE \"archive_object_id\" OPERATOR(pg_catalog.=) $1 FOR KEY SHARE OF x",
  "Query Parameters": "$1 = 'a2000000-0000-4000-8000-000001004261'",
  "Plan": {
    "Node Type": "LockRows",
    "Parallel Aware": false,
    "Async Capable": false,
    "Startup Cost": 0.29,
    "Total Cost": 8.31,
    "Plan Rows": 1,
    "Plan Width": 10,
    "Actual Startup Time": 1.896,
    "Actual Total Time": 1.896,
    "Actual Rows": 1,
    "Actual Loops": 1,
    "Output": ["1", "ctid"],
    "Shared Hit Blocks": 4,
    "Shared Read Blocks": 0,
    "Shared Dirtied Blocks": 0,
    "Shared Written Blocks": 0,
    "Local Hit Blocks": 0,
    "Local Read Blocks": 0,
    "Local Dirtied Blocks": 0,
    "Local Written Blocks": 0,
    "Temp Read Blocks": 0,
    "Temp Written Blocks": 0,
    "I/O Read Time": 0.000,
    "I/O Write Time": 0.000,
    "Temp I/O Read Time": 0.000,
    "Temp I/O Write Time": 0.000,
    "WAL Records": 1,
    "WAL FPI": 0,
    "WAL Bytes": 54,
    "Plans": [
      {
        "Node Type": "Index Scan",
        "Parent Relationship": "Outer",
        "Parallel Aware": false,
        "Async Capable": false,
        "Scan Direction": "Forward",
        "Index Name": "archive_object_pkey",
        "Relation Name": "archive_object",
        "Schema": "core",
        "Alias": "x",
        "Startup Cost": 0.29,
        "Total Cost": 8.30,
        "Plan Rows": 1,
        "Plan Width": 10,
        "Actual Startup Time": 0.001,
        "Actual Total Time": 0.001,
        "Actual Rows": 1,
        "Actual Loops": 1,
        "Output": ["1", "ctid"],
        "Index Cond": "(x.archive_object_id = $1)",
        "Rows Removed by Index Recheck": 0,
        "Shared Hit Blocks": 3,
        "Shared Read Blocks": 0,
        "Shared Dirtied Blocks": 0,
        "Shared Written Blocks": 0,
        "Local Hit Blocks": 0,
        "Local Read Blocks": 0,
        "Local Dirtied Blocks": 0,
        "Local Written Blocks": 0,
        "Temp Read Blocks": 0,
        "Temp Written Blocks": 0,
        "I/O Read Time": 0.000,
        "I/O Write Time": 0.000,
        "Temp I/O Read Time": 0.000,
        "Temp I/O Write Time": 0.000,
        "WAL Records": 0,
        "WAL FPI": 0,
        "WAL Bytes": 0
      }
    ]
  }
}
psql:/private/tmp/graphic_design_archive_v49_repository_hygiene/database/tests/009_release_projection_snapshot_performance_scale.sql:34: LOG:  duration: 1.648 ms  plan:
{
  "Query Text": "SELECT 1 FROM ONLY \"core\".\"archive_object\" x WHERE \"archive_object_id\" OPERATOR(pg_catalog.=) $1 FOR KEY SHARE OF x",
  "Query Parameters": "$1 = 'a2000000-0000-4000-8000-000001005489'",
  "Plan": {
    "Node Type": "LockRows",
    "Parallel Aware": false,
    "Async Capable": false,
    "Startup Cost": 0.29,
    "Total Cost": 8.31,
    "Plan Rows": 1,
    "Plan Width": 10,
    "Actual Startup Time": 1.647,
    "Actual Total Time": 1.648,
    "Actual Rows": 1,
    "Actual Loops": 1,
    "Output": ["1", "ctid"],
    "Shared Hit Blocks": 4,
    "Shared Read Blocks": 0,
    "Shared Dirtied Blocks": 0,
    "Shared Written Blocks": 0,
    "Local Hit Blocks": 0,
    "Local Read Blocks": 0,
    "Local Dirtied Blocks": 0,
    "Local Written Blocks": 0,
    "Temp Read Blocks": 0,
    "Temp Written Blocks": 0,
    "I/O Read Time": 0.000,
    "I/O Write Time": 0.000,
    "Temp I/O Read Time": 0.000,
    "Temp I/O Write Time": 0.000,
    "WAL Records": 1,
    "WAL FPI": 1,
    "WAL Bytes": 8119,
    "Plans": [
      {
        "Node Type": "Index Scan",
        "Parent Relationship": "Outer",
        "Parallel Aware": false,
        "Async Capable": false,
        "Scan Direction": "Forward",
        "Index Name": "archive_object_pkey",
        "Relation Name": "archive_object",
        "Schema": "core",
        "Alias": "x",
        "Startup Cost": 0.29,
        "Total Cost": 8.30,
        "Plan Rows": 1,
        "Plan Width": 10,
        "Actual Startup Time": 0.001,
        "Actual Total Time": 0.001,
        "Actual Rows": 1,
        "Actual Loops": 1,
        "Output": ["1", "ctid"],
        "Index Cond": "(x.archive_object_id = $1)",
        "Rows Removed by Index Recheck": 0,
        "Shared Hit Blocks": 3,
        "Shared Read Blocks": 0,
        "Shared Dirtied Blocks": 0,
        "Shared Written Blocks": 0,
        "Local Hit Blocks": 0,
        "Local Read Blocks": 0,
        "Local Dirtied Blocks": 0,
        "Local Written Blocks": 0,
        "Temp Read Blocks": 0,
        "Temp Written Blocks": 0,
        "I/O Read Time": 0.000,
        "I/O Write Time": 0.000,
        "Temp I/O Read Time": 0.000,
        "Temp I/O Write Time": 0.000,
        "WAL Records": 0,
        "WAL FPI": 0,
        "WAL Bytes": 0
      }
    ]
  }
}
psql:/private/tmp/graphic_design_archive_v49_repository_hygiene/database/tests/009_release_projection_snapshot_performance_scale.sql:34: LOG:  duration: 1.597 ms  plan:
{
  "Query Text": "SELECT 1 FROM ONLY \"core\".\"archive_object\" x WHERE \"archive_object_id\" OPERATOR(pg_catalog.=) $1 FOR KEY SHARE OF x",
  "Query Parameters": "$1 = 'a2000000-0000-4000-8000-000001006839'",
  "Plan": {
    "Node Type": "LockRows",
    "Parallel Aware": false,
    "Async Capable": false,
    "Startup Cost": 0.29,
    "Total Cost": 8.31,
    "Plan Rows": 1,
    "Plan Width": 10,
    "Actual Startup Time": 1.597,
    "Actual Total Time": 1.597,
    "Actual Rows": 1,
    "Actual Loops": 1,
    "Output": ["1", "ctid"],
    "Shared Hit Blocks": 4,
    "Shared Read Blocks": 0,
    "Shared Dirtied Blocks": 0,
    "Shared Written Blocks": 0,
    "Local Hit Blocks": 0,
    "Local Read Blocks": 0,
    "Local Dirtied Blocks": 0,
    "Local Written Blocks": 0,
    "Temp Read Blocks": 0,
    "Temp Written Blocks": 0,
    "I/O Read Time": 0.000,
    "I/O Write Time": 0.000,
    "Temp I/O Read Time": 0.000,
    "Temp I/O Write Time": 0.000,
    "WAL Records": 1,
    "WAL FPI": 0,
    "WAL Bytes": 54,
    "Plans": [
      {
        "Node Type": "Index Scan",
        "Parent Relationship": "Outer",
        "Parallel Aware": false,
        "Async Capable": false,
        "Scan Direction": "Forward",
        "Index Name": "archive_object_pkey",
        "Relation Name": "archive_object",
        "Schema": "core",
        "Alias": "x",
        "Startup Cost": 0.29,
        "Total Cost": 8.30,
        "Plan Rows": 1,
        "Plan Width": 10,
        "Actual Startup Time": 0.001,
        "Actual Total Time": 0.001,
        "Actual Rows": 1,
        "Actual Loops": 1,
        "Output": ["1", "ctid"],
        "Index Cond": "(x.archive_object_id = $1)",
        "Rows Removed by Index Recheck": 0,
        "Shared Hit Blocks": 3,
        "Shared Read Blocks": 0,
        "Shared Dirtied Blocks": 0,
        "Shared Written Blocks": 0,
        "Local Hit Blocks": 0,
        "Local Read Blocks": 0,
        "Local Dirtied Blocks": 0,
        "Local Written Blocks": 0,
        "Temp Read Blocks": 0,
        "Temp Written Blocks": 0,
        "I/O Read Time": 0.000,
        "I/O Write Time": 0.000,
        "Temp I/O Read Time": 0.000,
        "Temp I/O Write Time": 0.000,
        "WAL Records": 0,
        "WAL FPI": 0,
        "WAL Bytes": 0
      }
    ]
  }
}
psql:/private/tmp/graphic_design_archive_v49_repository_hygiene/database/tests/009_release_projection_snapshot_performance_scale.sql:34: LOG:  duration: 1.472 ms  plan:
{
  "Query Text": "SELECT 1 FROM ONLY \"core\".\"archive_object\" x WHERE \"archive_object_id\" OPERATOR(pg_catalog.=) $1 FOR KEY SHARE OF x",
  "Query Parameters": "$1 = 'a2000000-0000-4000-8000-000001008037'",
  "Plan": {
    "Node Type": "LockRows",
    "Parallel Aware": false,
    "Async Capable": false,
    "Startup Cost": 0.29,
    "Total Cost": 8.31,
    "Plan Rows": 1,
    "Plan Width": 10,
    "Actual Startup Time": 1.471,
    "Actual Total Time": 1.472,
    "Actual Rows": 1,
    "Actual Loops": 1,
    "Output": ["1", "ctid"],
    "Shared Hit Blocks": 4,
    "Shared Read Blocks": 0,
    "Shared Dirtied Blocks": 0,
    "Shared Written Blocks": 0,
    "Local Hit Blocks": 0,
    "Local Read Blocks": 0,
    "Local Dirtied Blocks": 0,
    "Local Written Blocks": 0,
    "Temp Read Blocks": 0,
    "Temp Written Blocks": 0,
    "I/O Read Time": 0.000,
    "I/O Write Time": 0.000,
    "Temp I/O Read Time": 0.000,
    "Temp I/O Write Time": 0.000,
    "WAL Records": 1,
    "WAL FPI": 1,
    "WAL Bytes": 8119,
    "Plans": [
      {
        "Node Type": "Index Scan",
        "Parent Relationship": "Outer",
        "Parallel Aware": false,
        "Async Capable": false,
        "Scan Direction": "Forward",
        "Index Name": "archive_object_pkey",
        "Relation Name": "archive_object",
        "Schema": "core",
        "Alias": "x",
        "Startup Cost": 0.29,
        "Total Cost": 8.30,
        "Plan Rows": 1,
        "Plan Width": 10,
        "Actual Startup Time": 0.001,
        "Actual Total Time": 0.001,
        "Actual Rows": 1,
        "Actual Loops": 1,
        "Output": ["1", "ctid"],
        "Index Cond": "(x.archive_object_id = $1)",
        "Rows Removed by Index Recheck": 0,
        "Shared Hit Blocks": 3,
        "Shared Read Blocks": 0,
        "Shared Dirtied Blocks": 0,
        "Shared Written Blocks": 0,
        "Local Hit Blocks": 0,
        "Local Read Blocks": 0,
        "Local Dirtied Blocks": 0,
        "Local Written Blocks": 0,
        "Temp Read Blocks": 0,
        "Temp Written Blocks": 0,
        "I/O Read Time": 0.000,
        "I/O Write Time": 0.000,
        "Temp I/O Read Time": 0.000,
        "Temp I/O Write Time": 0.000,
        "WAL Records": 0,
        "WAL FPI": 0,
        "WAL Bytes": 0
      }
    ]
  }
}
psql:/private/tmp/graphic_design_archive_v49_repository_hygiene/database/tests/009_release_projection_snapshot_performance_scale.sql:34: LOG:  duration: 1.909 ms  plan:
{
  "Query Text": "SELECT 1 FROM ONLY \"core\".\"archive_object\" x WHERE \"archive_object_id\" OPERATOR(pg_catalog.=) $1 FOR KEY SHARE OF x",
  "Query Parameters": "$1 = 'a2000000-0000-4000-8000-000001009507'",
  "Plan": {
    "Node Type": "LockRows",
    "Parallel Aware": false,
    "Async Capable": false,
    "Startup Cost": 0.29,
    "Total Cost": 8.31,
    "Plan Rows": 1,
    "Plan Width": 10,
    "Actual Startup Time": 1.908,
    "Actual Total Time": 1.909,
    "Actual Rows": 1,
    "Actual Loops": 1,
    "Output": ["1", "ctid"],
    "Shared Hit Blocks": 4,
    "Shared Read Blocks": 0,
    "Shared Dirtied Blocks": 0,
    "Shared Written Blocks": 0,
    "Local Hit Blocks": 0,
    "Local Read Blocks": 0,
    "Local Dirtied Blocks": 0,
    "Local Written Blocks": 0,
    "Temp Read Blocks": 0,
    "Temp Written Blocks": 0,
    "I/O Read Time": 0.000,
    "I/O Write Time": 0.000,
    "Temp I/O Read Time": 0.000,
    "Temp I/O Write Time": 0.000,
    "WAL Records": 1,
    "WAL FPI": 1,
    "WAL Bytes": 8119,
    "Plans": [
      {
        "Node Type": "Index Scan",
        "Parent Relationship": "Outer",
        "Parallel Aware": false,
        "Async Capable": false,
        "Scan Direction": "Forward",
        "Index Name": "archive_object_pkey",
        "Relation Name": "archive_object",
        "Schema": "core",
        "Alias": "x",
        "Startup Cost": 0.29,
        "Total Cost": 8.30,
        "Plan Rows": 1,
        "Plan Width": 10,
        "Actual Startup Time": 0.001,
        "Actual Total Time": 0.001,
        "Actual Rows": 1,
        "Actual Loops": 1,
        "Output": ["1", "ctid"],
        "Index Cond": "(x.archive_object_id = $1)",
        "Rows Removed by Index Recheck": 0,
        "Shared Hit Blocks": 3,
        "Shared Read Blocks": 0,
        "Shared Dirtied Blocks": 0,
        "Shared Written Blocks": 0,
        "Local Hit Blocks": 0,
        "Local Read Blocks": 0,
        "Local Dirtied Blocks": 0,
        "Local Written Blocks": 0,
        "Temp Read Blocks": 0,
        "Temp Written Blocks": 0,
        "I/O Read Time": 0.000,
        "I/O Write Time": 0.000,
        "Temp I/O Read Time": 0.000,
        "Temp I/O Write Time": 0.000,
        "WAL Records": 0,
        "WAL FPI": 0,
        "WAL Bytes": 0
      }
    ]
  }
}
psql:/private/tmp/graphic_design_archive_v49_repository_hygiene/database/tests/009_release_projection_snapshot_performance_scale.sql:34: LOG:  duration: 1.453 ms  plan:
{
  "Query Text": "SELECT 1 FROM ONLY \"core\".\"archive_object\" x WHERE \"archive_object_id\" OPERATOR(pg_catalog.=) $1 FOR KEY SHARE OF x",
  "Query Parameters": "$1 = 'a2000000-0000-4000-8000-000001010536'",
  "Plan": {
    "Node Type": "LockRows",
    "Parallel Aware": false,
    "Async Capable": false,
    "Startup Cost": 0.29,
    "Total Cost": 8.31,
    "Plan Rows": 1,
    "Plan Width": 10,
    "Actual Startup Time": 1.453,
    "Actual Total Time": 1.453,
    "Actual Rows": 1,
    "Actual Loops": 1,
    "Output": ["1", "ctid"],
    "Shared Hit Blocks": 4,
    "Shared Read Blocks": 0,
    "Shared Dirtied Blocks": 0,
    "Shared Written Blocks": 0,
    "Local Hit Blocks": 0,
    "Local Read Blocks": 0,
    "Local Dirtied Blocks": 0,
    "Local Written Blocks": 0,
    "Temp Read Blocks": 0,
    "Temp Written Blocks": 0,
    "I/O Read Time": 0.000,
    "I/O Write Time": 0.000,
    "Temp I/O Read Time": 0.000,
    "Temp I/O Write Time": 0.000,
    "WAL Records": 1,
    "WAL FPI": 1,
    "WAL Bytes": 8119,
    "Plans": [
      {
        "Node Type": "Index Scan",
        "Parent Relationship": "Outer",
        "Parallel Aware": false,
        "Async Capable": false,
        "Scan Direction": "Forward",
        "Index Name": "archive_object_pkey",
        "Relation Name": "archive_object",
        "Schema": "core",
        "Alias": "x",
        "Startup Cost": 0.29,
        "Total Cost": 8.30,
        "Plan Rows": 1,
        "Plan Width": 10,
        "Actual Startup Time": 0.001,
        "Actual Total Time": 0.001,
        "Actual Rows": 1,
        "Actual Loops": 1,
        "Output": ["1", "ctid"],
        "Index Cond": "(x.archive_object_id = $1)",
        "Rows Removed by Index Recheck": 0,
        "Shared Hit Blocks": 3,
        "Shared Read Blocks": 0,
        "Shared Dirtied Blocks": 0,
        "Shared Written Blocks": 0,
        "Local Hit Blocks": 0,
        "Local Read Blocks": 0,
        "Local Dirtied Blocks": 0,
        "Local Written Blocks": 0,
        "Temp Read Blocks": 0,
        "Temp Written Blocks": 0,
        "I/O Read Time": 0.000,
        "I/O Write Time": 0.000,
        "Temp I/O Read Time": 0.000,
        "Temp I/O Write Time": 0.000,
        "WAL Records": 0,
        "WAL FPI": 0,
        "WAL Bytes": 0
      }
    ]
  }
}
psql:/private/tmp/graphic_design_archive_v49_repository_hygiene/database/tests/009_release_projection_snapshot_performance_scale.sql:34: LOG:  duration: 1.694 ms  plan:
{
  "Query Text": "SELECT 1 FROM ONLY \"core\".\"archive_object\" x WHERE \"archive_object_id\" OPERATOR(pg_catalog.=) $1 FOR KEY SHARE OF x",
  "Query Parameters": "$1 = 'a2000000-0000-4000-8000-000001011859'",
  "Plan": {
    "Node Type": "LockRows",
    "Parallel Aware": false,
    "Async Capable": false,
    "Startup Cost": 0.29,
    "Total Cost": 8.31,
    "Plan Rows": 1,
    "Plan Width": 10,
    "Actual Startup Time": 1.694,
    "Actual Total Time": 1.694,
    "Actual Rows": 1,
    "Actual Loops": 1,
    "Output": ["1", "ctid"],
    "Shared Hit Blocks": 4,
    "Shared Read Blocks": 0,
    "Shared Dirtied Blocks": 0,
    "Shared Written Blocks": 0,
    "Local Hit Blocks": 0,
    "Local Read Blocks": 0,
    "Local Dirtied Blocks": 0,
    "Local Written Blocks": 0,
    "Temp Read Blocks": 0,
    "Temp Written Blocks": 0,
    "I/O Read Time": 0.000,
    "I/O Write Time": 0.000,
    "Temp I/O Read Time": 0.000,
    "Temp I/O Write Time": 0.000,
    "WAL Records": 1,
    "WAL FPI": 1,
    "WAL Bytes": 8119,
    "Plans": [
      {
        "Node Type": "Index Scan",
        "Parent Relationship": "Outer",
        "Parallel Aware": false,
        "Async Capable": false,
        "Scan Direction": "Forward",
        "Index Name": "archive_object_pkey",
        "Relation Name": "archive_object",
        "Schema": "core",
        "Alias": "x",
        "Startup Cost": 0.29,
        "Total Cost": 8.30,
        "Plan Rows": 1,
        "Plan Width": 10,
        "Actual Startup Time": 0.001,
        "Actual Total Time": 0.001,
        "Actual Rows": 1,
        "Actual Loops": 1,
        "Output": ["1", "ctid"],
        "Index Cond": "(x.archive_object_id = $1)",
        "Rows Removed by Index Recheck": 0,
        "Shared Hit Blocks": 3,
        "Shared Read Blocks": 0,
        "Shared Dirtied Blocks": 0,
        "Shared Written Blocks": 0,
        "Local Hit Blocks": 0,
        "Local Read Blocks": 0,
        "Local Dirtied Blocks": 0,
        "Local Written Blocks": 0,
        "Temp Read Blocks": 0,
        "Temp Written Blocks": 0,
        "I/O Read Time": 0.000,
        "I/O Write Time": 0.000,
        "Temp I/O Read Time": 0.000,
        "Temp I/O Write Time": 0.000,
        "WAL Records": 0,
        "WAL FPI": 0,
        "WAL Bytes": 0
      }
    ]
  }
}
psql:/private/tmp/graphic_design_archive_v49_repository_hygiene/database/tests/009_release_projection_snapshot_performance_scale.sql:34: LOG:  duration: 1.603 ms  plan:
{
  "Query Text": "SELECT 1 FROM ONLY \"core\".\"archive_object\" x WHERE \"archive_object_id\" OPERATOR(pg_catalog.=) $1 FOR KEY SHARE OF x",
  "Query Parameters": "$1 = 'a2000000-0000-4000-8000-000001013055'",
  "Plan": {
    "Node Type": "LockRows",
    "Parallel Aware": false,
    "Async Capable": false,
    "Startup Cost": 0.29,
    "Total Cost": 8.31,
    "Plan Rows": 1,
    "Plan Width": 10,
    "Actual Startup Time": 1.603,
    "Actual Total Time": 1.603,
    "Actual Rows": 1,
    "Actual Loops": 1,
    "Output": ["1", "ctid"],
    "Shared Hit Blocks": 4,
    "Shared Read Blocks": 0,
    "Shared Dirtied Blocks": 0,
    "Shared Written Blocks": 0,
    "Local Hit Blocks": 0,
    "Local Read Blocks": 0,
    "Local Dirtied Blocks": 0,
    "Local Written Blocks": 0,
    "Temp Read Blocks": 0,
    "Temp Written Blocks": 0,
    "I/O Read Time": 0.000,
    "I/O Write Time": 0.000,
    "Temp I/O Read Time": 0.000,
    "Temp I/O Write Time": 0.000,
    "WAL Records": 1,
    "WAL FPI": 0,
    "WAL Bytes": 54,
    "Plans": [
      {
        "Node Type": "Index Scan",
        "Parent Relationship": "Outer",
        "Parallel Aware": false,
        "Async Capable": false,
        "Scan Direction": "Forward",
        "Index Name": "archive_object_pkey",
        "Relation Name": "archive_object",
        "Schema": "core",
        "Alias": "x",
        "Startup Cost": 0.29,
        "Total Cost": 8.30,
        "Plan Rows": 1,
        "Plan Width": 10,
        "Actual Startup Time": 0.001,
        "Actual Total Time": 0.001,
        "Actual Rows": 1,
        "Actual Loops": 1,
        "Output": ["1", "ctid"],
        "Index Cond": "(x.archive_object_id = $1)",
        "Rows Removed by Index Recheck": 0,
        "Shared Hit Blocks": 3,
        "Shared Read Blocks": 0,
        "Shared Dirtied Blocks": 0,
        "Shared Written Blocks": 0,
        "Local Hit Blocks": 0,
        "Local Read Blocks": 0,
        "Local Dirtied Blocks": 0,
        "Local Written Blocks": 0,
        "Temp Read Blocks": 0,
        "Temp Written Blocks": 0,
        "I/O Read Time": 0.000,
        "I/O Write Time": 0.000,
        "Temp I/O Read Time": 0.000,
        "Temp I/O Write Time": 0.000,
        "WAL Records": 0,
        "WAL FPI": 0,
        "WAL Bytes": 0
      }
    ]
  }
}
psql:/private/tmp/graphic_design_archive_v49_repository_hygiene/database/tests/009_release_projection_snapshot_performance_scale.sql:34: LOG:  duration: 1.900 ms  plan:
{
  "Query Text": "SELECT 1 FROM ONLY \"core\".\"archive_object\" x WHERE \"archive_object_id\" OPERATOR(pg_catalog.=) $1 FOR KEY SHARE OF x",
  "Query Parameters": "$1 = 'a2000000-0000-4000-8000-000001014309'",
  "Plan": {
    "Node Type": "LockRows",
    "Parallel Aware": false,
    "Async Capable": false,
    "Startup Cost": 0.29,
    "Total Cost": 8.31,
    "Plan Rows": 1,
    "Plan Width": 10,
    "Actual Startup Time": 1.899,
    "Actual Total Time": 1.899,
    "Actual Rows": 1,
    "Actual Loops": 1,
    "Output": ["1", "ctid"],
    "Shared Hit Blocks": 4,
    "Shared Read Blocks": 0,
    "Shared Dirtied Blocks": 0,
    "Shared Written Blocks": 0,
    "Local Hit Blocks": 0,
    "Local Read Blocks": 0,
    "Local Dirtied Blocks": 0,
    "Local Written Blocks": 0,
    "Temp Read Blocks": 0,
    "Temp Written Blocks": 0,
    "I/O Read Time": 0.000,
    "I/O Write Time": 0.000,
    "Temp I/O Read Time": 0.000,
    "Temp I/O Write Time": 0.000,
    "WAL Records": 1,
    "WAL FPI": 1,
    "WAL Bytes": 8119,
    "Plans": [
      {
        "Node Type": "Index Scan",
        "Parent Relationship": "Outer",
        "Parallel Aware": false,
        "Async Capable": false,
        "Scan Direction": "Forward",
        "Index Name": "archive_object_pkey",
        "Relation Name": "archive_object",
        "Schema": "core",
        "Alias": "x",
        "Startup Cost": 0.29,
        "Total Cost": 8.30,
        "Plan Rows": 1,
        "Plan Width": 10,
        "Actual Startup Time": 0.001,
        "Actual Total Time": 0.001,
        "Actual Rows": 1,
        "Actual Loops": 1,
        "Output": ["1", "ctid"],
        "Index Cond": "(x.archive_object_id = $1)",
        "Rows Removed by Index Recheck": 0,
        "Shared Hit Blocks": 3,
        "Shared Read Blocks": 0,
        "Shared Dirtied Blocks": 0,
        "Shared Written Blocks": 0,
        "Local Hit Blocks": 0,
        "Local Read Blocks": 0,
        "Local Dirtied Blocks": 0,
        "Local Written Blocks": 0,
        "Temp Read Blocks": 0,
        "Temp Written Blocks": 0,
        "I/O Read Time": 0.000,
        "I/O Write Time": 0.000,
        "Temp I/O Read Time": 0.000,
        "Temp I/O Write Time": 0.000,
        "WAL Records": 0,
        "WAL FPI": 0,
        "WAL Bytes": 0
      }
    ]
  }
}
psql:/private/tmp/graphic_design_archive_v49_repository_hygiene/database/tests/009_release_projection_snapshot_performance_scale.sql:34: LOG:  duration: 607.192 ms  plan:
{
  "Query Text": "INSERT INTO release.research_release_object(research_release_id,archive_object_id,object_urn,legacy_surface_id,title,publication_layer,acceptance_state,workflow_state)\n  SELECT p_release_id,archive_object_id,object_urn,surface_id,preferred_label,'active','accepted','resolved'\n  FROM gda_v5_expected_objects",
  "Plan": {
    "Node Type": "ModifyTable",
    "Operation": "Insert",
    "Parallel Aware": false,
    "Async Capable": false,
    "Relation Name": "research_release_object",
    "Schema": "release",
    "Alias": "research_release_object",
    "Startup Cost": 0.00,
    "Total Cost": 479.23,
    "Plan Rows": 0,
    "Plan Width": 0,
    "Actual Startup Time": 463.883,
    "Actual Total Time": 463.883,
    "Actual Rows": 0,
    "Actual Loops": 1,
    "Shared Hit Blocks": 313870,
    "Shared Read Blocks": 0,
    "Shared Dirtied Blocks": 1368,
    "Shared Written Blocks": 1364,
    "Local Hit Blocks": 320,
    "Local Read Blocks": 0,
    "Local Dirtied Blocks": 0,
    "Local Written Blocks": 0,
    "Temp Read Blocks": 0,
    "Temp Written Blocks": 0,
    "I/O Read Time": 0.000,
    "I/O Write Time": 5.537,
    "Temp I/O Read Time": 0.000,
    "Temp I/O Write Time": 0.000,
    "WAL Records": 96520,
    "WAL FPI": 1,
    "WAL Bytes": 14890589,
    "Plans": [
      {
        "Node Type": "Seq Scan",
        "Parent Relationship": "Outer",
        "Parallel Aware": false,
        "Async Capable": false,
        "Relation Name": "gda_v5_expected_objects",
        "Schema": "pg_temp",
        "Alias": "gda_v5_expected_objects",
        "Startup Cost": 0.00,
        "Total Cost": 479.23,
        "Plan Rows": 15923,
        "Plan Width": 140,
        "Actual Startup Time": 0.003,
        "Actual Total Time": 2.247,
        "Actual Rows": 15923,
        "Actual Loops": 1,
        "Output": ["'af000000-0000-4000-8000-000000000001'::uuid", "gda_v5_expected_objects.archive_object_id", "gda_v5_expected_objects.object_urn", "gda_v5_expected_objects.surface_id", "gda_v5_expected_objects.preferred_label", "'active'::release.publication_layer", "'accepted'::provenance.assertion_status", "'resolved'::workflow.queue_state"],
        "Shared Hit Blocks": 0,
        "Shared Read Blocks": 0,
        "Shared Dirtied Blocks": 0,
        "Shared Written Blocks": 0,
        "Local Hit Blocks": 320,
        "Local Read Blocks": 0,
        "Local Dirtied Blocks": 0,
        "Local Written Blocks": 0,
        "Temp Read Blocks": 0,
        "Temp Written Blocks": 0,
        "I/O Read Time": 0.000,
        "I/O Write Time": 0.000,
        "Temp I/O Read Time": 0.000,
        "Temp I/O Write Time": 0.000,
        "WAL Records": 0,
        "WAL FPI": 0,
        "WAL Bytes": 0
      }
    ]
  }
}
psql:/private/tmp/graphic_design_archive_v49_repository_hygiene/database/tests/009_release_projection_snapshot_performance_scale.sql:34: LOG:  duration: 1.208 ms  plan:
{
  "Query Text": "SELECT 1 FROM ONLY \"release\".\"research_release_object\" x WHERE \"research_release_id\" OPERATOR(pg_catalog.=) $1 AND \"archive_object_id\" OPERATOR(pg_catalog.=) $2 FOR KEY SHARE OF x",
  "Query Parameters": "$1 = 'af000000-0000-4000-8000-000000000001', $2 = 'a2000000-0000-4000-8000-000001002317'",
  "Plan": {
    "Node Type": "LockRows",
    "Parallel Aware": false,
    "Async Capable": false,
    "Startup Cost": 0.29,
    "Total Cost": 8.32,
    "Plan Rows": 1,
    "Plan Width": 10,
    "Actual Startup Time": 1.208,
    "Actual Total Time": 1.208,
    "Actual Rows": 1,
    "Actual Loops": 1,
    "Output": ["1", "ctid"],
    "Shared Hit Blocks": 4,
    "Shared Read Blocks": 0,
    "Shared Dirtied Blocks": 0,
    "Shared Written Blocks": 0,
    "Local Hit Blocks": 0,
    "Local Read Blocks": 0,
    "Local Dirtied Blocks": 0,
    "Local Written Blocks": 0,
    "Temp Read Blocks": 0,
    "Temp Written Blocks": 0,
    "I/O Read Time": 0.000,
    "I/O Write Time": 0.000,
    "Temp I/O Read Time": 0.000,
    "Temp I/O Write Time": 0.000,
    "WAL Records": 1,
    "WAL FPI": 0,
    "WAL Bytes": 54,
    "Plans": [
      {
        "Node Type": "Index Scan",
        "Parent Relationship": "Outer",
        "Parallel Aware": false,
        "Async Capable": false,
        "Scan Direction": "Forward",
        "Index Name": "research_release_object_pkey",
        "Relation Name": "research_release_object",
        "Schema": "release",
        "Alias": "x",
        "Startup Cost": 0.29,
        "Total Cost": 8.31,
        "Plan Rows": 1,
        "Plan Width": 10,
        "Actual Startup Time": 0.001,
        "Actual Total Time": 0.001,
        "Actual Rows": 1,
        "Actual Loops": 1,
        "Output": ["1", "ctid"],
        "Index Cond": "((x.research_release_id = $1) AND (x.archive_object_id = $2))",
        "Rows Removed by Index Recheck": 0,
        "Shared Hit Blocks": 3,
        "Shared Read Blocks": 0,
        "Shared Dirtied Blocks": 0,
        "Shared Written Blocks": 0,
        "Local Hit Blocks": 0,
        "Local Read Blocks": 0,
        "Local Dirtied Blocks": 0,
        "Local Written Blocks": 0,
        "Temp Read Blocks": 0,
        "Temp Written Blocks": 0,
        "I/O Read Time": 0.000,
        "I/O Write Time": 0.000,
        "Temp I/O Read Time": 0.000,
        "Temp I/O Write Time": 0.000,
        "WAL Records": 0,
        "WAL FPI": 0,
        "WAL Bytes": 0
      }
    ]
  }
}
psql:/private/tmp/graphic_design_archive_v49_repository_hygiene/database/tests/009_release_projection_snapshot_performance_scale.sql:34: LOG:  duration: 1.211 ms  plan:
{
  "Query Text": "SELECT 1 FROM ONLY \"release\".\"research_release_object\" x WHERE \"research_release_id\" OPERATOR(pg_catalog.=) $1 AND \"archive_object_id\" OPERATOR(pg_catalog.=) $2 FOR KEY SHARE OF x",
  "Query Parameters": "$1 = 'af000000-0000-4000-8000-000000000001', $2 = 'a2000000-0000-4000-8000-000001007568'",
  "Plan": {
    "Node Type": "LockRows",
    "Parallel Aware": false,
    "Async Capable": false,
    "Startup Cost": 0.29,
    "Total Cost": 8.32,
    "Plan Rows": 1,
    "Plan Width": 10,
    "Actual Startup Time": 1.211,
    "Actual Total Time": 1.211,
    "Actual Rows": 1,
    "Actual Loops": 1,
    "Output": ["1", "ctid"],
    "Shared Hit Blocks": 4,
    "Shared Read Blocks": 0,
    "Shared Dirtied Blocks": 0,
    "Shared Written Blocks": 0,
    "Local Hit Blocks": 0,
    "Local Read Blocks": 0,
    "Local Dirtied Blocks": 0,
    "Local Written Blocks": 0,
    "Temp Read Blocks": 0,
    "Temp Written Blocks": 0,
    "I/O Read Time": 0.000,
    "I/O Write Time": 0.000,
    "Temp I/O Read Time": 0.000,
    "Temp I/O Write Time": 0.000,
    "WAL Records": 1,
    "WAL FPI": 0,
    "WAL Bytes": 54,
    "Plans": [
      {
        "Node Type": "Index Scan",
        "Parent Relationship": "Outer",
        "Parallel Aware": false,
        "Async Capable": false,
        "Scan Direction": "Forward",
        "Index Name": "research_release_object_pkey",
        "Relation Name": "research_release_object",
        "Schema": "release",
        "Alias": "x",
        "Startup Cost": 0.29,
        "Total Cost": 8.31,
        "Plan Rows": 1,
        "Plan Width": 10,
        "Actual Startup Time": 0.001,
        "Actual Total Time": 0.001,
        "Actual Rows": 1,
        "Actual Loops": 1,
        "Output": ["1", "ctid"],
        "Index Cond": "((x.research_release_id = $1) AND (x.archive_object_id = $2))",
        "Rows Removed by Index Recheck": 0,
        "Shared Hit Blocks": 3,
        "Shared Read Blocks": 0,
        "Shared Dirtied Blocks": 0,
        "Shared Written Blocks": 0,
        "Local Hit Blocks": 0,
        "Local Read Blocks": 0,
        "Local Dirtied Blocks": 0,
        "Local Written Blocks": 0,
        "Temp Read Blocks": 0,
        "Temp Written Blocks": 0,
        "I/O Read Time": 0.000,
        "I/O Write Time": 0.000,
        "Temp I/O Read Time": 0.000,
        "Temp I/O Write Time": 0.000,
        "WAL Records": 0,
        "WAL FPI": 0,
        "WAL Bytes": 0
      }
    ]
  }
}
psql:/private/tmp/graphic_design_archive_v49_repository_hygiene/database/tests/009_release_projection_snapshot_performance_scale.sql:34: LOG:  duration: 1.160 ms  plan:
{
  "Query Text": "SELECT 1 FROM ONLY \"release\".\"research_release_object\" x WHERE \"research_release_id\" OPERATOR(pg_catalog.=) $1 AND \"archive_object_id\" OPERATOR(pg_catalog.=) $2 FOR KEY SHARE OF x",
  "Query Parameters": "$1 = 'af000000-0000-4000-8000-000000000001', $2 = 'a2000000-0000-4000-8000-000001012235'",
  "Plan": {
    "Node Type": "LockRows",
    "Parallel Aware": false,
    "Async Capable": false,
    "Startup Cost": 0.29,
    "Total Cost": 8.32,
    "Plan Rows": 1,
    "Plan Width": 10,
    "Actual Startup Time": 1.160,
    "Actual Total Time": 1.160,
    "Actual Rows": 1,
    "Actual Loops": 1,
    "Output": ["1", "ctid"],
    "Shared Hit Blocks": 4,
    "Shared Read Blocks": 0,
    "Shared Dirtied Blocks": 0,
    "Shared Written Blocks": 0,
    "Local Hit Blocks": 0,
    "Local Read Blocks": 0,
    "Local Dirtied Blocks": 0,
    "Local Written Blocks": 0,
    "Temp Read Blocks": 0,
    "Temp Written Blocks": 0,
    "I/O Read Time": 0.000,
    "I/O Write Time": 0.000,
    "Temp I/O Read Time": 0.000,
    "Temp I/O Write Time": 0.000,
    "WAL Records": 1,
    "WAL FPI": 0,
    "WAL Bytes": 54,
    "Plans": [
      {
        "Node Type": "Index Scan",
        "Parent Relationship": "Outer",
        "Parallel Aware": false,
        "Async Capable": false,
        "Scan Direction": "Forward",
        "Index Name": "research_release_object_pkey",
        "Relation Name": "research_release_object",
        "Schema": "release",
        "Alias": "x",
        "Startup Cost": 0.29,
        "Total Cost": 8.31,
        "Plan Rows": 1,
        "Plan Width": 10,
        "Actual Startup Time": 0.001,
        "Actual Total Time": 0.001,
        "Actual Rows": 1,
        "Actual Loops": 1,
        "Output": ["1", "ctid"],
        "Index Cond": "((x.research_release_id = $1) AND (x.archive_object_id = $2))",
        "Rows Removed by Index Recheck": 0,
        "Shared Hit Blocks": 3,
        "Shared Read Blocks": 0,
        "Shared Dirtied Blocks": 0,
        "Shared Written Blocks": 0,
        "Local Hit Blocks": 0,
        "Local Read Blocks": 0,
        "Local Dirtied Blocks": 0,
        "Local Written Blocks": 0,
        "Temp Read Blocks": 0,
        "Temp Written Blocks": 0,
        "I/O Read Time": 0.000,
        "I/O Write Time": 0.000,
        "Temp I/O Read Time": 0.000,
        "Temp I/O Write Time": 0.000,
        "WAL Records": 0,
        "WAL FPI": 0,
        "WAL Bytes": 0
      }
    ]
  }
}
psql:/private/tmp/graphic_design_archive_v49_repository_hygiene/database/tests/009_release_projection_snapshot_performance_scale.sql:34: LOG:  duration: 603.203 ms  plan:
{
  "Query Text": "INSERT INTO release.research_surface_presentation_projection_v3(research_release_id,archive_object_id,public_surface_id,title,title_missingness,display_date,display_date_missingness,normalized_year,normalized_year_missingness,place_label,place_missingness,medium_label,medium_missingness,type_label,type_missingness,source_label,description,description_missingness,public_citation_label,public_source_route,publication_layer)\n  SELECT p_release_id,ro.archive_object_id,ro.legacy_surface_id,ro.title,\n    CASE WHEN ro.title IS NULL THEN 'missing' ELSE 'present' END,NULL,'missing',NULL,'missing',NULL,'missing',NULL,'missing',NULL,'missing',allow.citation_label,NULL,'missing',allow.citation_label,\n    '/sources/'||encode(sha256(convert_to(allow.citation_label,'UTF8')),'hex'),ro.publication_layer\n  FROM release.research_release_object ro CROSS JOIN research.public_source_citation_allowlist_v3 allow\n  WHERE ro.research_release_id=p_release_id AND allow.source_asset_id=v_asset_id",
  "Plan": {
    "Node Type": "ModifyTable",
    "Operation": "Insert",
    "Parallel Aware": false,
    "Async Capable": false,
    "Relation Name": "research_surface_presentation_projection_v3",
    "Schema": "release",
    "Alias": "research_surface_presentation_projection_v3",
    "Startup Cost": 5.13,
    "Total Cost": 224.59,
    "Plan Rows": 0,
    "Plan Width": 0,
    "Actual Startup Time": 533.681,
    "Actual Total Time": 533.682,
    "Actual Rows": 0,
    "Actual Loops": 1,
    "Shared Hit Blocks": 167253,
    "Shared Read Blocks": 2,
    "Shared Dirtied Blocks": 993,
    "Shared Written Blocks": 993,
    "Local Hit Blocks": 0,
    "Local Read Blocks": 0,
    "Local Dirtied Blocks": 0,
    "Local Written Blocks": 0,
    "Temp Read Blocks": 0,
    "Temp Written Blocks": 0,
    "I/O Read Time": 0.068,
    "I/O Write Time": 28.283,
    "Temp I/O Read Time": 0.000,
    "Temp I/O Write Time": 0.000,
    "WAL Records": 48092,
    "WAL FPI": 0,
    "WAL Bytes": 9837767,
    "Plans": [
      {
        "Node Type": "Nested Loop",
        "Parent Relationship": "Outer",
        "Parallel Aware": false,
        "Async Capable": false,
        "Join Type": "Inner",
        "Startup Cost": 5.13,
        "Total Cost": 224.59,
        "Plan Rows": 89,
        "Plan Width": 584,
        "Actual Startup Time": 0.941,
        "Actual Total Time": 19.062,
        "Actual Rows": 15923,
        "Actual Loops": 1,
        "Output": ["'af000000-0000-4000-8000-000000000001'::uuid", "ro.archive_object_id", "ro.legacy_surface_id", "ro.title", "CASE WHEN (ro.title IS NULL) THEN 'missing'::text ELSE 'present'::text END", "NULL::text", "'missing'::text", "NULL::integer", "'missing'::text", "NULL::text", "'missing'::text", "NULL::text", "'missing'::text", "NULL::text", "'missing'::text", "allow.citation_label", "NULL::text", "'missing'::text", "allow.citation_label", "('/sources/'::text || encode(sha256(convert_to(allow.citation_label, 'UTF8'::name)), 'hex'::text))", "ro.publication_layer"],
        "Inner Unique": false,
        "Shared Hit Blocks": 470,
        "Shared Read Blocks": 0,
        "Shared Dirtied Blocks": 0,
        "Shared Written Blocks": 0,
        "Local Hit Blocks": 0,
        "Local Read Blocks": 0,
        "Local Dirtied Blocks": 0,
        "Local Written Blocks": 0,
        "Temp Read Blocks": 0,
        "Temp Written Blocks": 0,
        "I/O Read Time": 0.000,
        "I/O Write Time": 0.000,
        "Temp I/O Read Time": 0.000,
        "Temp I/O Write Time": 0.000,
        "WAL Records": 0,
        "WAL FPI": 0,
        "WAL Bytes": 0,
        "Plans": [
          {
            "Node Type": "Index Scan",
            "Parent Relationship": "Outer",
            "Parallel Aware": false,
            "Async Capable": false,
            "Scan Direction": "Forward",
            "Index Name": "public_source_citation_allowlist_v3_pkey",
            "Relation Name": "public_source_citation_allowlist_v3",
            "Schema": "research",
            "Alias": "allow",
            "Startup Cost": 0.15,
            "Total Cost": 8.17,
            "Plan Rows": 1,
            "Plan Width": 32,
            "Actual Startup Time": 0.002,
            "Actual Total Time": 0.003,
            "Actual Rows": 1,
            "Actual Loops": 1,
            "Output": ["allow.source_asset_id", "allow.citation_label", "allow.created_at"],
            "Index Cond": "(allow.source_asset_id = 'a0000000-0000-4000-8000-000000000001'::uuid)",
            "Rows Removed by Index Recheck": 0,
            "Shared Hit Blocks": 2,
            "Shared Read Blocks": 0,
            "Shared Dirtied Blocks": 0,
            "Shared Written Blocks": 0,
            "Local Hit Blocks": 0,
            "Local Read Blocks": 0,
            "Local Dirtied Blocks": 0,
            "Local Written Blocks": 0,
            "Temp Read Blocks": 0,
            "Temp Written Blocks": 0,
            "I/O Read Time": 0.000,
            "I/O Write Time": 0.000,
            "Temp I/O Read Time": 0.000,
            "Temp I/O Write Time": 0.000,
            "WAL Records": 0,
            "WAL FPI": 0,
            "WAL Bytes": 0
          },
          {
            "Node Type": "Bitmap Heap Scan",
            "Parent Relationship": "Inner",
            "Parallel Aware": false,
            "Async Capable": false,
            "Relation Name": "research_release_object",
            "Schema": "release",
            "Alias": "ro",
            "Startup Cost": 4.98,
            "Total Cost": 214.64,
            "Plan Rows": 89,
            "Plan Width": 84,
            "Actual Startup Time": 0.925,
            "Actual Total Time": 2.359,
            "Actual Rows": 15923,
            "Actual Loops": 1,
            "Output": ["ro.research_release_id", "ro.archive_object_id", "ro.object_urn", "ro.legacy_surface_id", "ro.title", "ro.publication_layer", "ro.acceptance_state", "ro.workflow_state"],
            "Recheck Cond": "(ro.research_release_id = 'af000000-0000-4000-8000-000000000001'::uuid)",
            "Rows Removed by Index Recheck": 0,
            "Exact Heap Blocks": 371,
            "Lossy Heap Blocks": 0,
            "Shared Hit Blocks": 468,
            "Shared Read Blocks": 0,
            "Shared Dirtied Blocks": 0,
            "Shared Written Blocks": 0,
            "Local Hit Blocks": 0,
            "Local Read Blocks": 0,
            "Local Dirtied Blocks": 0,
            "Local Written Blocks": 0,
            "Temp Read Blocks": 0,
            "Temp Written Blocks": 0,
            "I/O Read Time": 0.000,
            "I/O Write Time": 0.000,
            "Temp I/O Read Time": 0.000,
            "Temp I/O Write Time": 0.000,
            "WAL Records": 0,
            "WAL FPI": 0,
            "WAL Bytes": 0,
            "Plans": [
              {
                "Node Type": "Bitmap Index Scan",
                "Parent Relationship": "Outer",
                "Parallel Aware": false,
                "Async Capable": false,
                "Index Name": "research_release_object_pkey",
                "Startup Cost": 0.00,
                "Total Cost": 4.95,
                "Plan Rows": 89,
                "Plan Width": 0,
                "Actual Startup Time": 0.901,
                "Actual Total Time": 0.901,
                "Actual Rows": 15923,
                "Actual Loops": 1,
                "Index Cond": "(ro.research_release_id = 'af000000-0000-4000-8000-000000000001'::uuid)",
                "Shared Hit Blocks": 97,
                "Shared Read Blocks": 0,
                "Shared Dirtied Blocks": 0,
                "Shared Written Blocks": 0,
                "Local Hit Blocks": 0,
                "Local Read Blocks": 0,
                "Local Dirtied Blocks": 0,
                "Local Written Blocks": 0,
                "Temp Read Blocks": 0,
                "Temp Written Blocks": 0,
                "I/O Read Time": 0.000,
                "I/O Write Time": 0.000,
                "Temp I/O Read Time": 0.000,
                "Temp I/O Write Time": 0.000,
                "WAL Records": 0,
                "WAL FPI": 0,
                "WAL Bytes": 0
              }
            ]
          }
        ]
      }
    ]
  }
}
psql:/private/tmp/graphic_design_archive_v49_repository_hygiene/database/tests/009_release_projection_snapshot_performance_scale.sql:34: LOG:  duration: 394.026 ms  plan:
{
  "Query Text": "INSERT INTO release.research_surface_citation_projection_v3\n  SELECT p_release_id,archive_object_id,0,public_citation_label,public_source_route\n  FROM release.research_surface_presentation_projection_v3 WHERE research_release_id=p_release_id",
  "Plan": {
    "Node Type": "ModifyTable",
    "Operation": "Insert",
    "Parallel Aware": false,
    "Async Capable": false,
    "Relation Name": "research_surface_citation_projection_v3",
    "Schema": "release",
    "Alias": "research_surface_citation_projection_v3",
    "Startup Cost": 4.62,
    "Total Cost": 141.47,
    "Plan Rows": 0,
    "Plan Width": 0,
    "Actual Startup Time": 341.119,
    "Actual Total Time": 341.119,
    "Actual Rows": 0,
    "Actual Loops": 1,
    "Shared Hit Blocks": 128841,
    "Shared Read Blocks": 1,
    "Shared Dirtied Blocks": 471,
    "Shared Written Blocks": 472,
    "Local Hit Blocks": 0,
    "Local Read Blocks": 0,
    "Local Dirtied Blocks": 0,
    "Local Written Blocks": 0,
    "Temp Read Blocks": 0,
    "Temp Written Blocks": 0,
    "I/O Read Time": 0.038,
    "I/O Write Time": 34.888,
    "Temp I/O Read Time": 0.000,
    "Temp I/O Write Time": 0.000,
    "WAL Records": 31960,
    "WAL FPI": 0,
    "WAL Bytes": 4896923,
    "Plans": [
      {
        "Node Type": "Bitmap Heap Scan",
        "Parent Relationship": "Outer",
        "Parallel Aware": false,
        "Async Capable": false,
        "Relation Name": "research_surface_presentation_projection_v3",
        "Schema": "release",
        "Alias": "research_surface_presentation_projection_v3",
        "Startup Cost": 4.62,
        "Total Cost": 141.47,
        "Plan Rows": 43,
        "Plan Width": 100,
        "Actual Startup Time": 0.491,
        "Actual Total Time": 3.871,
        "Actual Rows": 15923,
        "Actual Loops": 1,
        "Output": ["'af000000-0000-4000-8000-000000000001'::uuid", "research_surface_presentation_projection_v3.archive_object_id", "0", "research_surface_presentation_projection_v3.public_citation_label", "research_surface_presentation_projection_v3.public_source_route"],
        "Recheck Cond": "(research_surface_presentation_projection_v3.research_release_id = 'af000000-0000-4000-8000-000000000001'::uuid)",
        "Rows Removed by Index Recheck": 0,
        "Exact Heap Blocks": 664,
        "Lossy Heap Blocks": 0,
        "Shared Hit Blocks": 761,
        "Shared Read Blocks": 0,
        "Shared Dirtied Blocks": 0,
        "Shared Written Blocks": 0,
        "Local Hit Blocks": 0,
        "Local Read Blocks": 0,
        "Local Dirtied Blocks": 0,
        "Local Written Blocks": 0,
        "Temp Read Blocks": 0,
        "Temp Written Blocks": 0,
        "I/O Read Time": 0.000,
        "I/O Write Time": 0.000,
        "Temp I/O Read Time": 0.000,
        "Temp I/O Write Time": 0.000,
        "WAL Records": 0,
        "WAL FPI": 0,
        "WAL Bytes": 0,
        "Plans": [
          {
            "Node Type": "Bitmap Index Scan",
            "Parent Relationship": "Outer",
            "Parallel Aware": false,
            "Async Capable": false,
            "Index Name": "research_surface_presentation_projection_v3_pkey",
            "Startup Cost": 0.00,
            "Total Cost": 4.61,
            "Plan Rows": 43,
            "Plan Width": 0,
            "Actual Startup Time": 0.448,
            "Actual Total Time": 0.448,
            "Actual Rows": 15923,
            "Actual Loops": 1,
            "Index Cond": "(research_surface_presentation_projection_v3.research_release_id = 'af000000-0000-4000-8000-000000000001'::uuid)",
            "Shared Hit Blocks": 97,
            "Shared Read Blocks": 0,
            "Shared Dirtied Blocks": 0,
            "Shared Written Blocks": 0,
            "Local Hit Blocks": 0,
            "Local Read Blocks": 0,
            "Local Dirtied Blocks": 0,
            "Local Written Blocks": 0,
            "Temp Read Blocks": 0,
            "Temp Written Blocks": 0,
            "I/O Read Time": 0.000,
            "I/O Write Time": 0.000,
            "Temp I/O Read Time": 0.000,
            "Temp I/O Write Time": 0.000,
            "WAL Records": 0,
            "WAL FPI": 0,
            "WAL Bytes": 0
          }
        ]
      }
    ]
  }
}
psql:/private/tmp/graphic_design_archive_v49_repository_hygiene/database/tests/009_release_projection_snapshot_performance_scale.sql:34: LOG:  duration: 20.784 ms  plan:
{
  "Query Text": "INSERT INTO release.research_folder_type_projection_v3\n  SELECT DISTINCT p_release_id,t.folder_type_code,t.type_label,t.type_sort_ordinal\n  FROM research.folder_type_registry t JOIN research.folder_publication_metadata md ON md.folder_type_code=t.folder_type_code\n  JOIN gda_v5_expected_memberships e ON e.folder_id=md.folder_id",
  "Plan": {
    "Node Type": "ModifyTable",
    "Operation": "Insert",
    "Parallel Aware": false,
    "Async Capable": false,
    "Relation Name": "research_folder_type_projection_v3",
    "Schema": "release",
    "Alias": "research_folder_type_projection_v3",
    "Startup Cost": 2616.90,
    "Total Cost": 2625.40,
    "Plan Rows": 0,
    "Plan Width": 0,
    "Actual Startup Time": 20.732,
    "Actual Total Time": 20.733,
    "Actual Rows": 0,
    "Actual Loops": 1,
    "Shared Hit Blocks": 47,
    "Shared Read Blocks": 2,
    "Shared Dirtied Blocks": 5,
    "Shared Written Blocks": 3,
    "Local Hit Blocks": 0,
    "Local Read Blocks": 1472,
    "Local Dirtied Blocks": 0,
    "Local Written Blocks": 11,
    "Temp Read Blocks": 0,
    "Temp Written Blocks": 0,
    "I/O Read Time": 0.206,
    "I/O Write Time": 0.048,
    "Temp I/O Read Time": 0.000,
    "Temp I/O Write Time": 0.000,
    "WAL Records": 5,
    "WAL FPI": 0,
    "WAL Bytes": 431,
    "Plans": [
      {
        "Node Type": "Aggregate",
        "Strategy": "Hashed",
        "Partial Mode": "Simple",
        "Parent Relationship": "Outer",
        "Parallel Aware": false,
        "Async Capable": false,
        "Startup Cost": 2616.90,
        "Total Cost": 2625.40,
        "Plan Rows": 850,
        "Plan Width": 84,
        "Actual Startup Time": 20.056,
        "Actual Total Time": 20.059,
        "Actual Rows": 1,
        "Actual Loops": 1,
        "Output": ["('af000000-0000-4000-8000-000000000001'::uuid)", "t.folder_type_code", "t.type_label", "t.type_sort_ordinal"],
        "Group Key": ["t.folder_type_code", "t.type_label", "t.type_sort_ordinal"],
        "Planned Partitions": 0,
        "HashAgg Batches": 1,
        "Peak Memory Usage": 49,
        "Disk Usage": 0,
        "Shared Hit Blocks": 2,
        "Shared Read Blocks": 0,
        "Shared Dirtied Blocks": 0,
        "Shared Written Blocks": 0,
        "Local Hit Blocks": 0,
        "Local Read Blocks": 1472,
        "Local Dirtied Blocks": 0,
        "Local Written Blocks": 11,
        "Temp Read Blocks": 0,
        "Temp Written Blocks": 0,
        "I/O Read Time": 0.000,
        "I/O Write Time": 0.000,
        "Temp I/O Read Time": 0.000,
        "Temp I/O Write Time": 0.000,
        "WAL Records": 0,
        "WAL FPI": 0,
        "WAL Bytes": 0,
        "Plans": [
          {
            "Node Type": "Hash Join",
            "Parent Relationship": "Outer",
            "Parallel Aware": false,
            "Async Capable": false,
            "Join Type": "Inner",
            "Startup Cost": 51.73,
            "Total Cost": 2257.03,
            "Plan Rows": 47982,
            "Plan Width": 84,
            "Actual Startup Time": 0.025,
            "Actual Total Time": 13.652,
            "Actual Rows": 47982,
            "Actual Loops": 1,
            "Output": ["'af000000-0000-4000-8000-000000000001'::uuid", "t.folder_type_code", "t.type_label", "t.type_sort_ordinal"],
            "Inner Unique": true,
            "Hash Cond": "(md.folder_type_code = t.folder_type_code)",
            "Shared Hit Blocks": 2,
            "Shared Read Blocks": 0,
            "Shared Dirtied Blocks": 0,
            "Shared Written Blocks": 0,
            "Local Hit Blocks": 0,
            "Local Read Blocks": 1472,
            "Local Dirtied Blocks": 0,
            "Local Written Blocks": 11,
            "Temp Read Blocks": 0,
            "Temp Written Blocks": 0,
            "I/O Read Time": 0.000,
            "I/O Write Time": 0.000,
            "Temp I/O Read Time": 0.000,
            "Temp I/O Write Time": 0.000,
            "WAL Records": 0,
            "WAL FPI": 0,
            "WAL Bytes": 0,
            "Plans": [
              {
                "Node Type": "Hash Join",
                "Parent Relationship": "Outer",
                "Parallel Aware": false,
                "Async Capable": false,
                "Join Type": "Inner",
                "Startup Cost": 22.60,
                "Total Cost": 2101.33,
                "Plan Rows": 47982,
                "Plan Width": 32,
                "Actual Startup Time": 0.013,
                "Actual Total Time": 8.385,
                "Actual Rows": 47982,
                "Actual Loops": 1,
                "Output": ["md.folder_type_code"],
                "Inner Unique": true,
                "Hash Cond": "(e.folder_id = md.folder_id)",
                "Shared Hit Blocks": 1,
                "Shared Read Blocks": 0,
                "Shared Dirtied Blocks": 0,
                "Shared Written Blocks": 0,
                "Local Hit Blocks": 0,
                "Local Read Blocks": 1472,
                "Local Dirtied Blocks": 0,
                "Local Written Blocks": 11,
                "Temp Read Blocks": 0,
                "Temp Written Blocks": 0,
                "I/O Read Time": 0.000,
                "I/O Write Time": 0.000,
                "Temp I/O Read Time": 0.000,
                "Temp I/O Write Time": 0.000,
                "WAL Records": 0,
                "WAL FPI": 0,
                "WAL Bytes": 0,
                "Plans": [
                  {
                    "Node Type": "Seq Scan",
                    "Parent Relationship": "Outer",
                    "Parallel Aware": false,
                    "Async Capable": false,
                    "Relation Name": "gda_v5_expected_memberships",
                    "Schema": "pg_temp",
                    "Alias": "e",
                    "Startup Cost": 0.00,
                    "Total Cost": 1951.82,
                    "Plan Rows": 47982,
                    "Plan Width": 16,
                    "Actual Startup Time": 0.005,
                    "Actual Total Time": 4.225,
                    "Actual Rows": 47982,
                    "Actual Loops": 1,
                    "Output": ["e.folder_id", "e.archive_object_id", "e.source_assignment_id", "e.membership_role", "e.member_ordinal", "e.effective_decision_id", "e.assignment_snapshot_sha256", "e.decision_snapshot_sha256"],
                    "Shared Hit Blocks": 0,
                    "Shared Read Blocks": 0,
                    "Shared Dirtied Blocks": 0,
                    "Shared Written Blocks": 0,
                    "Local Hit Blocks": 0,
                    "Local Read Blocks": 1472,
                    "Local Dirtied Blocks": 0,
                    "Local Written Blocks": 11,
                    "Temp Read Blocks": 0,
                    "Temp Written Blocks": 0,
                    "I/O Read Time": 0.000,
                    "I/O Write Time": 0.000,
                    "Temp I/O Read Time": 0.000,
                    "Temp I/O Write Time": 0.000,
                    "WAL Records": 0,
                    "WAL FPI": 0,
                    "WAL Bytes": 0
                  },
                  {
                    "Node Type": "Hash",
                    "Parent Relationship": "Inner",
                    "Parallel Aware": false,
                    "Async Capable": false,
                    "Startup Cost": 15.60,
                    "Total Cost": 15.60,
                    "Plan Rows": 560,
                    "Plan Width": 48,
                    "Actual Startup Time": 0.004,
                    "Actual Total Time": 0.005,
                    "Actual Rows": 4,
                    "Actual Loops": 1,
                    "Output": ["md.folder_type_code", "md.folder_id"],
                    "Hash Buckets": 1024,
                    "Original Hash Buckets": 1024,
                    "Hash Batches": 1,
                    "Original Hash Batches": 1,
                    "Peak Memory Usage": 9,
                    "Shared Hit Blocks": 1,
                    "Shared Read Blocks": 0,
                    "Shared Dirtied Blocks": 0,
                    "Shared Written Blocks": 0,
                    "Local Hit Blocks": 0,
                    "Local Read Blocks": 0,
                    "Local Dirtied Blocks": 0,
                    "Local Written Blocks": 0,
                    "Temp Read Blocks": 0,
                    "Temp Written Blocks": 0,
                    "I/O Read Time": 0.000,
                    "I/O Write Time": 0.000,
                    "Temp I/O Read Time": 0.000,
                    "Temp I/O Write Time": 0.000,
                    "WAL Records": 0,
                    "WAL FPI": 0,
                    "WAL Bytes": 0,
                    "Plans": [
                      {
                        "Node Type": "Seq Scan",
                        "Parent Relationship": "Outer",
                        "Parallel Aware": false,
                        "Async Capable": false,
                        "Relation Name": "folder_publication_metadata",
                        "Schema": "research",
                        "Alias": "md",
                        "Startup Cost": 0.00,
                        "Total Cost": 15.60,
                        "Plan Rows": 560,
                        "Plan Width": 48,
                        "Actual Startup Time": 0.003,
                        "Actual Total Time": 0.003,
                        "Actual Rows": 4,
                        "Actual Loops": 1,
                        "Output": ["md.folder_type_code", "md.folder_id"],
                        "Shared Hit Blocks": 1,
                        "Shared Read Blocks": 0,
                        "Shared Dirtied Blocks": 0,
                        "Shared Written Blocks": 0,
                        "Local Hit Blocks": 0,
                        "Local Read Blocks": 0,
                        "Local Dirtied Blocks": 0,
                        "Local Written Blocks": 0,
                        "Temp Read Blocks": 0,
                        "Temp Written Blocks": 0,
                        "I/O Read Time": 0.000,
                        "I/O Write Time": 0.000,
                        "Temp I/O Read Time": 0.000,
                        "Temp I/O Write Time": 0.000,
                        "WAL Records": 0,
                        "WAL FPI": 0,
                        "WAL Bytes": 0
                      }
                    ]
                  }
                ]
              },
              {
                "Node Type": "Hash",
                "Parent Relationship": "Inner",
                "Parallel Aware": false,
                "Async Capable": false,
                "Startup Cost": 18.50,
                "Total Cost": 18.50,
                "Plan Rows": 850,
                "Plan Width": 68,
                "Actual Startup Time": 0.010,
                "Actual Total Time": 0.010,
                "Actual Rows": 1,
                "Actual Loops": 1,
                "Output": ["t.folder_type_code", "t.type_label", "t.type_sort_ordinal"],
                "Hash Buckets": 1024,
                "Original Hash Buckets": 1024,
                "Hash Batches": 1,
                "Original Hash Batches": 1,
                "Peak Memory Usage": 9,
                "Shared Hit Blocks": 1,
                "Shared Read Blocks": 0,
                "Shared Dirtied Blocks": 0,
                "Shared Written Blocks": 0,
                "Local Hit Blocks": 0,
                "Local Read Blocks": 0,
                "Local Dirtied Blocks": 0,
                "Local Written Blocks": 0,
                "Temp Read Blocks": 0,
                "Temp Written Blocks": 0,
                "I/O Read Time": 0.000,
                "I/O Write Time": 0.000,
                "Temp I/O Read Time": 0.000,
                "Temp I/O Write Time": 0.000,
                "WAL Records": 0,
                "WAL FPI": 0,
                "WAL Bytes": 0,
                "Plans": [
                  {
                    "Node Type": "Seq Scan",
                    "Parent Relationship": "Outer",
                    "Parallel Aware": false,
                    "Async Capable": false,
                    "Relation Name": "folder_type_registry",
                    "Schema": "research",
                    "Alias": "t",
                    "Startup Cost": 0.00,
                    "Total Cost": 18.50,
                    "Plan Rows": 850,
                    "Plan Width": 68,
                    "Actual Startup Time": 0.009,
                    "Actual Total Time": 0.009,
                    "Actual Rows": 1,
                    "Actual Loops": 1,
                    "Output": ["t.folder_type_code", "t.type_label", "t.type_sort_ordinal"],
                    "Shared Hit Blocks": 1,
                    "Shared Read Blocks": 0,
                    "Shared Dirtied Blocks": 0,
                    "Shared Written Blocks": 0,
                    "Local Hit Blocks": 0,
                    "Local Read Blocks": 0,
                    "Local Dirtied Blocks": 0,
                    "Local Written Blocks": 0,
                    "Temp Read Blocks": 0,
                    "Temp Written Blocks": 0,
                    "I/O Read Time": 0.000,
                    "I/O Write Time": 0.000,
                    "Temp I/O Read Time": 0.000,
                    "Temp I/O Write Time": 0.000,
                    "WAL Records": 0,
                    "WAL FPI": 0,
                    "WAL Bytes": 0
                  }
                ]
              }
            ]
          }
        ]
      }
    ]
  }
}
psql:/private/tmp/graphic_design_archive_v49_repository_hygiene/database/tests/009_release_projection_snapshot_performance_scale.sql:34: LOG:  duration: 1642.078 ms  plan:
{
  "Query Text": "INSERT INTO release.research_folder_membership_projection_v3\n  SELECT p_release_id,e.folder_id,e.archive_object_id,e.source_assignment_id,e.membership_role,e.member_ordinal,\n    'accepted',e.assignment_snapshot_sha256,e.effective_decision_id,e.decision_snapshot_sha256\n  FROM gda_v5_expected_memberships e",
  "Plan": {
    "Node Type": "ModifyTable",
    "Operation": "Insert",
    "Parallel Aware": false,
    "Async Capable": false,
    "Relation Name": "research_folder_membership_projection_v3",
    "Schema": "release",
    "Alias": "research_folder_membership_projection_v3",
    "Startup Cost": 0.00,
    "Total Cost": 1951.82,
    "Plan Rows": 0,
    "Plan Width": 0,
    "Actual Startup Time": 1189.607,
    "Actual Total Time": 1189.607,
    "Actual Rows": 0,
    "Actual Loops": 1,
    "Shared Hit Blocks": 755991,
    "Shared Read Blocks": 4,
    "Shared Dirtied Blocks": 3865,
    "Shared Written Blocks": 5937,
    "Local Hit Blocks": 3,
    "Local Read Blocks": 1469,
    "Local Dirtied Blocks": 0,
    "Local Written Blocks": 303,
    "Temp Read Blocks": 0,
    "Temp Written Blocks": 0,
    "I/O Read Time": 0.106,
    "I/O Write Time": 36.936,
    "Temp I/O Read Time": 0.000,
    "Temp I/O Write Time": 0.000,
    "WAL Records": 242214,
    "WAL FPI": 0,
    "WAL Bytes": 41990718,
    "Plans": [
      {
        "Node Type": "Seq Scan",
        "Parent Relationship": "Outer",
        "Parallel Aware": false,
        "Async Capable": false,
        "Relation Name": "gda_v5_expected_memberships",
        "Schema": "pg_temp",
        "Alias": "e",
        "Startup Cost": 0.00,
        "Total Cost": 1951.82,
        "Plan Rows": 47982,
        "Plan Width": 184,
        "Actual Startup Time": 0.004,
        "Actual Total Time": 10.548,
        "Actual Rows": 47982,
        "Actual Loops": 1,
        "Output": ["'af000000-0000-4000-8000-000000000001'::uuid", "e.folder_id", "e.archive_object_id", "e.source_assignment_id", "e.membership_role", "e.member_ordinal", "'accepted'::provenance.assertion_status", "e.assignment_snapshot_sha256", "e.effective_decision_id", "e.decision_snapshot_sha256"],
        "Shared Hit Blocks": 0,
        "Shared Read Blocks": 0,
        "Shared Dirtied Blocks": 0,
        "Shared Written Blocks": 0,
        "Local Hit Blocks": 3,
        "Local Read Blocks": 1469,
        "Local Dirtied Blocks": 0,
        "Local Written Blocks": 303,
        "Temp Read Blocks": 0,
        "Temp Written Blocks": 0,
        "I/O Read Time": 0.000,
        "I/O Write Time": 0.000,
        "Temp I/O Read Time": 0.000,
        "Temp I/O Write Time": 0.000,
        "WAL Records": 0,
        "WAL FPI": 0,
        "WAL Bytes": 0
      }
    ]
  }
}
psql:/private/tmp/graphic_design_archive_v49_repository_hygiene/database/tests/009_release_projection_snapshot_performance_scale.sql:34: LOG:  duration: 260.160 ms  plan:
{
  "Query Text": "INSERT INTO release.research_search_document_projection_v3\n  SELECT p_release_id,archive_object_id,public_surface_id,title,coalesce(title,'')||' '||source_label,coalesce(title,'')||' '||public_surface_id\n  FROM release.research_surface_presentation_projection_v3 WHERE research_release_id=p_release_id",
  "Plan": {
    "Node Type": "ModifyTable",
    "Operation": "Insert",
    "Parallel Aware": false,
    "Async Capable": false,
    "Relation Name": "research_search_document_projection_v3",
    "Schema": "release",
    "Alias": "research_search_document_projection_v3",
    "Startup Cost": 4.62,
    "Total Cost": 141.90,
    "Plan Rows": 0,
    "Plan Width": 0,
    "Actual Startup Time": 209.555,
    "Actual Total Time": 209.555,
    "Actual Rows": 0,
    "Actual Loops": 1,
    "Shared Hit Blocks": 167161,
    "Shared Read Blocks": 3,
    "Shared Dirtied Blocks": 803,
    "Shared Written Blocks": 1235,
    "Local Hit Blocks": 0,
    "Local Read Blocks": 0,
    "Local Dirtied Blocks": 0,
    "Local Written Blocks": 0,
    "Temp Read Blocks": 0,
    "Temp Written Blocks": 0,
    "I/O Read Time": 0.070,
    "I/O Write Time": 5.399,
    "Temp I/O Read Time": 0.000,
    "Temp I/O Write Time": 0.000,
    "WAL Records": 48092,
    "WAL FPI": 0,
    "WAL Bytes": 8230329,
    "Plans": [
      {
        "Node Type": "Bitmap Heap Scan",
        "Parent Relationship": "Outer",
        "Parallel Aware": false,
        "Async Capable": false,
        "Relation Name": "research_surface_presentation_projection_v3",
        "Schema": "release",
        "Alias": "research_surface_presentation_projection_v3",
        "Startup Cost": 4.62,
        "Total Cost": 141.90,
        "Plan Rows": 43,
        "Plan Width": 160,
        "Actual Startup Time": 0.422,
        "Actual Total Time": 5.265,
        "Actual Rows": 15923,
        "Actual Loops": 1,
        "Output": ["'af000000-0000-4000-8000-000000000001'::uuid", "research_surface_presentation_projection_v3.archive_object_id", "research_surface_presentation_projection_v3.public_surface_id", "research_surface_presentation_projection_v3.title", "((COALESCE(research_surface_presentation_projection_v3.title, ''::text) || ' '::text) || research_surface_presentation_projection_v3.source_label)", "((COALESCE(research_surface_presentation_projection_v3.title, ''::text) || ' '::text) || research_surface_presentation_projection_v3.public_surface_id)"],
        "Recheck Cond": "(research_surface_presentation_projection_v3.research_release_id = 'af000000-0000-4000-8000-000000000001'::uuid)",
        "Rows Removed by Index Recheck": 0,
        "Exact Heap Blocks": 664,
        "Lossy Heap Blocks": 0,
        "Shared Hit Blocks": 761,
        "Shared Read Blocks": 0,
        "Shared Dirtied Blocks": 0,
        "Shared Written Blocks": 0,
        "Local Hit Blocks": 0,
        "Local Read Blocks": 0,
        "Local Dirtied Blocks": 0,
        "Local Written Blocks": 0,
        "Temp Read Blocks": 0,
        "Temp Written Blocks": 0,
        "I/O Read Time": 0.000,
        "I/O Write Time": 0.000,
        "Temp I/O Read Time": 0.000,
        "Temp I/O Write Time": 0.000,
        "WAL Records": 0,
        "WAL FPI": 0,
        "WAL Bytes": 0,
        "Plans": [
          {
            "Node Type": "Bitmap Index Scan",
            "Parent Relationship": "Outer",
            "Parallel Aware": false,
            "Async Capable": false,
            "Index Name": "research_surface_presentation_projection_v3_pkey",
            "Startup Cost": 0.00,
            "Total Cost": 4.61,
            "Plan Rows": 43,
            "Plan Width": 0,
            "Actual Startup Time": 0.377,
            "Actual Total Time": 0.377,
            "Actual Rows": 15923,
            "Actual Loops": 1,
            "Index Cond": "(research_surface_presentation_projection_v3.research_release_id = 'af000000-0000-4000-8000-000000000001'::uuid)",
            "Shared Hit Blocks": 97,
            "Shared Read Blocks": 0,
            "Shared Dirtied Blocks": 0,
            "Shared Written Blocks": 0,
            "Local Hit Blocks": 0,
            "Local Read Blocks": 0,
            "Local Dirtied Blocks": 0,
            "Local Written Blocks": 0,
            "Temp Read Blocks": 0,
            "Temp Written Blocks": 0,
            "I/O Read Time": 0.000,
            "I/O Write Time": 0.000,
            "Temp I/O Read Time": 0.000,
            "Temp I/O Write Time": 0.000,
            "WAL Records": 0,
            "WAL FPI": 0,
            "WAL Bytes": 0
          }
        ]
      }
    ]
  }
}
psql:/private/tmp/graphic_design_archive_v49_repository_hygiene/database/tests/009_release_projection_snapshot_performance_scale.sql:34: LOG:  duration: 4.330 ms  plan:
{
  "Query Text": "INSERT INTO release.research_corpus_summary_projection_v3\n  SELECT p_release_id,cv.corpus_version_id,c.corpus_token,cv.version_token,c.label,\n    count(*) FILTER (WHERE cm.disposition='eligible'),count(*) FILTER (WHERE cm.disposition='held')\n  FROM research.corpus_version cv JOIN research.corpus c ON c.corpus_id=cv.corpus_id\n  LEFT JOIN research.corpus_membership cm ON cm.corpus_version_id=cv.corpus_version_id\n  WHERE cv.corpus_version_id=v_corpus_version_id\n  GROUP BY cv.corpus_version_id,c.corpus_token,cv.version_token,c.label",
  "Plan": {
    "Node Type": "ModifyTable",
    "Operation": "Insert",
    "Parallel Aware": false,
    "Async Capable": false,
    "Relation Name": "research_corpus_summary_projection_v3",
    "Schema": "release",
    "Alias": "research_corpus_summary_projection_v3",
    "Startup Cost": 858.47,
    "Total Cost": 865.47,
    "Plan Rows": 0,
    "Plan Width": 0,
    "Actual Startup Time": 4.329,
    "Actual Total Time": 4.330,
    "Actual Rows": 0,
    "Actual Loops": 1,
    "Shared Hit Blocks": 277,
    "Shared Read Blocks": 4,
    "Shared Dirtied Blocks": 4,
    "Shared Written Blocks": 2,
    "Local Hit Blocks": 0,
    "Local Read Blocks": 0,
    "Local Dirtied Blocks": 0,
    "Local Written Blocks": 0,
    "Temp Read Blocks": 0,
    "Temp Written Blocks": 0,
    "I/O Read Time": 0.041,
    "I/O Write Time": 0.058,
    "Temp I/O Read Time": 0.000,
    "Temp I/O Write Time": 0.000,
    "WAL Records": 3,
    "WAL FPI": 0,
    "WAL Bytes": 353,
    "Plans": [
      {
        "Node Type": "Aggregate",
        "Strategy": "Hashed",
        "Partial Mode": "Simple",
        "Parent Relationship": "Outer",
        "Parallel Aware": false,
        "Async Capable": false,
        "Startup Cost": 858.47,
        "Total Cost": 865.47,
        "Plan Rows": 700,
        "Plan Width": 144,
        "Actual Startup Time": 3.964,
        "Actual Total Time": 3.966,
        "Actual Rows": 1,
        "Actual Loops": 1,
        "Output": ["'af000000-0000-4000-8000-000000000001'::uuid", "cv.corpus_version_id", "c.corpus_token", "cv.version_token", "c.label", "count(*) FILTER (WHERE (cm.disposition = 'eligible'::research.membership_disposition))", "count(*) FILTER (WHERE (cm.disposition = 'held'::research.membership_disposition))"],
        "Group Key": ["c.corpus_token", "c.label"],
        "Planned Partitions": 0,
        "HashAgg Batches": 1,
        "Peak Memory Usage": 49,
        "Disk Usage": 0,
        "Shared Hit Blocks": 247,
        "Shared Read Blocks": 2,
        "Shared Dirtied Blocks": 1,
        "Shared Written Blocks": 0,
        "Local Hit Blocks": 0,
        "Local Read Blocks": 0,
        "Local Dirtied Blocks": 0,
        "Local Written Blocks": 0,
        "Temp Read Blocks": 0,
        "Temp Written Blocks": 0,
        "I/O Read Time": 0.004,
        "I/O Write Time": 0.000,
        "Temp I/O Read Time": 0.000,
        "Temp I/O Write Time": 0.000,
        "WAL Records": 0,
        "WAL FPI": 0,
        "WAL Bytes": 0,
        "Plans": [
          {
            "Node Type": "Nested Loop",
            "Parent Relationship": "Outer",
            "Parallel Aware": false,
            "Async Capable": false,
            "Join Type": "Left",
            "Startup Cost": 0.30,
            "Total Cost": 619.62,
            "Plan Rows": 15923,
            "Plan Width": 116,
            "Actual Startup Time": 0.021,
            "Actual Total Time": 1.821,
            "Actual Rows": 15923,
            "Actual Loops": 1,
            "Output": ["c.corpus_token", "c.label", "cv.corpus_version_id", "cv.version_token", "cm.disposition"],
            "Inner Unique": false,
            "Shared Hit Blocks": 247,
            "Shared Read Blocks": 2,
            "Shared Dirtied Blocks": 1,
            "Shared Written Blocks": 0,
            "Local Hit Blocks": 0,
            "Local Read Blocks": 0,
            "Local Dirtied Blocks": 0,
            "Local Written Blocks": 0,
            "Temp Read Blocks": 0,
            "Temp Written Blocks": 0,
            "I/O Read Time": 0.004,
            "I/O Write Time": 0.000,
            "Temp I/O Read Time": 0.000,
            "Temp I/O Write Time": 0.000,
            "WAL Records": 0,
            "WAL FPI": 0,
            "WAL Bytes": 0,
            "Plans": [
              {
                "Node Type": "Nested Loop",
                "Parent Relationship": "Outer",
                "Parallel Aware": false,
                "Async Capable": false,
                "Join Type": "Inner",
                "Startup Cost": 0.30,
                "Total Cost": 16.36,
                "Plan Rows": 1,
                "Plan Width": 112,
                "Actual Startup Time": 0.017,
                "Actual Total Time": 0.017,
                "Actual Rows": 1,
                "Actual Loops": 1,
                "Output": ["cv.corpus_version_id", "cv.version_token", "c.corpus_token", "c.label"],
                "Inner Unique": true,
                "Shared Hit Blocks": 2,
                "Shared Read Blocks": 2,
                "Shared Dirtied Blocks": 1,
                "Shared Written Blocks": 0,
                "Local Hit Blocks": 0,
                "Local Read Blocks": 0,
                "Local Dirtied Blocks": 0,
                "Local Written Blocks": 0,
                "Temp Read Blocks": 0,
                "Temp Written Blocks": 0,
                "I/O Read Time": 0.004,
                "I/O Write Time": 0.000,
                "Temp I/O Read Time": 0.000,
                "Temp I/O Write Time": 0.000,
                "WAL Records": 0,
                "WAL FPI": 0,
                "WAL Bytes": 0,
                "Plans": [
                  {
                    "Node Type": "Index Scan",
                    "Parent Relationship": "Outer",
                    "Parallel Aware": false,
                    "Async Capable": false,
                    "Scan Direction": "Forward",
                    "Index Name": "corpus_version_exact_policy_pair",
                    "Relation Name": "corpus_version",
                    "Schema": "research",
                    "Alias": "cv",
                    "Startup Cost": 0.15,
                    "Total Cost": 8.17,
                    "Plan Rows": 1,
                    "Plan Width": 64,
                    "Actual Startup Time": 0.008,
                    "Actual Total Time": 0.009,
                    "Actual Rows": 1,
                    "Actual Loops": 1,
                    "Output": ["cv.corpus_version_id", "cv.corpus_id", "cv.version_token", "cv.policy_version", "cv.policy_sha256", "cv.population_frame", "cv.created_at"],
                    "Index Cond": "(cv.corpus_version_id = 'a4000000-0000-4000-8000-000000000002'::uuid)",
                    "Rows Removed by Index Recheck": 0,
                    "Shared Hit Blocks": 2,
                    "Shared Read Blocks": 0,
                    "Shared Dirtied Blocks": 0,
                    "Shared Written Blocks": 0,
                    "Local Hit Blocks": 0,
                    "Local Read Blocks": 0,
                    "Local Dirtied Blocks": 0,
                    "Local Written Blocks": 0,
                    "Temp Read Blocks": 0,
                    "Temp Written Blocks": 0,
                    "I/O Read Time": 0.000,
                    "I/O Write Time": 0.000,
                    "Temp I/O Read Time": 0.000,
                    "Temp I/O Write Time": 0.000,
                    "WAL Records": 0,
                    "WAL FPI": 0,
                    "WAL Bytes": 0
                  },
                  {
                    "Node Type": "Index Scan",
                    "Parent Relationship": "Inner",
                    "Parallel Aware": false,
                    "Async Capable": false,
                    "Scan Direction": "Forward",
                    "Index Name": "corpus_pkey",
                    "Relation Name": "corpus",
                    "Schema": "research",
                    "Alias": "c",
                    "Startup Cost": 0.15,
                    "Total Cost": 8.17,
                    "Plan Rows": 1,
                    "Plan Width": 80,
                    "Actual Startup Time": 0.007,
                    "Actual Total Time": 0.007,
                    "Actual Rows": 1,
                    "Actual Loops": 1,
                    "Output": ["c.corpus_id", "c.corpus_token", "c.label", "c.created_at"],
                    "Index Cond": "(c.corpus_id = cv.corpus_id)",
                    "Rows Removed by Index Recheck": 0,
                    "Shared Hit Blocks": 0,
                    "Shared Read Blocks": 2,
                    "Shared Dirtied Blocks": 1,
                    "Shared Written Blocks": 0,
                    "Local Hit Blocks": 0,
                    "Local Read Blocks": 0,
                    "Local Dirtied Blocks": 0,
                    "Local Written Blocks": 0,
                    "Temp Read Blocks": 0,
                    "Temp Written Blocks": 0,
                    "I/O Read Time": 0.004,
                    "I/O Write Time": 0.000,
                    "Temp I/O Read Time": 0.000,
                    "Temp I/O Write Time": 0.000,
                    "WAL Records": 0,
                    "WAL FPI": 0,
                    "WAL Bytes": 0
                  }
                ]
              },
              {
                "Node Type": "Seq Scan",
                "Parent Relationship": "Inner",
                "Parallel Aware": false,
                "Async Capable": false,
                "Relation Name": "corpus_membership",
                "Schema": "research",
                "Alias": "cm",
                "Startup Cost": 0.00,
                "Total Cost": 444.04,
                "Plan Rows": 15923,
                "Plan Width": 20,
                "Actual Startup Time": 0.004,
                "Actual Total Time": 0.984,
                "Actual Rows": 15923,
                "Actual Loops": 1,
                "Output": ["cm.corpus_version_id", "cm.archive_object_id", "cm.disposition", "cm.reason_code", "cm.evidence_item_id", "cm.decided_by", "cm.decided_at"],
                "Filter": "(cm.corpus_version_id = 'a4000000-0000-4000-8000-000000000002'::uuid)",
                "Rows Removed by Filter": 0,
                "Shared Hit Blocks": 245,
                "Shared Read Blocks": 0,
                "Shared Dirtied Blocks": 0,
                "Shared Written Blocks": 0,
                "Local Hit Blocks": 0,
                "Local Read Blocks": 0,
                "Local Dirtied Blocks": 0,
                "Local Written Blocks": 0,
                "Temp Read Blocks": 0,
                "Temp Written Blocks": 0,
                "I/O Read Time": 0.000,
                "I/O Write Time": 0.000,
                "Temp I/O Read Time": 0.000,
                "Temp I/O Write Time": 0.000,
                "WAL Records": 0,
                "WAL FPI": 0,
                "WAL Bytes": 0
              }
            ]
          }
        ]
      }
    ]
  }
}
psql:/private/tmp/graphic_design_archive_v49_repository_hygiene/database/tests/009_release_projection_snapshot_performance_scale.sql:34: LOG:  duration: 29.026 ms  plan:
{
  "Query Text": "INSERT INTO release.research_launch_source_disposition_count_v3\n  SELECT p_release_id,'corpusMemberships',x.disposition,count(cm.*)\n  FROM (VALUES ('eligible'),('held'),('rejected'),('excluded')) x(disposition)\n  LEFT JOIN research.corpus_membership cm ON cm.corpus_version_id=v_corpus_version_id AND cm.disposition::text=x.disposition\n  GROUP BY x.disposition\n  UNION ALL\n  SELECT p_release_id,'folderAssignments',x.disposition,count(a.*)\n  FROM (VALUES ('proposed'),('accepted'),('rejected'),('superseded')) x(disposition)\n  LEFT JOIN provenance.canonical_assignment a ON a.assignment_kind='folder_membership' AND a.status::text=x.disposition\n  GROUP BY x.disposition",
  "Plan": {
    "Node Type": "ModifyTable",
    "Operation": "Insert",
    "Parallel Aware": false,
    "Async Capable": false,
    "Relation Name": "research_launch_source_disposition_count_v3",
    "Schema": "release",
    "Alias": "research_launch_source_disposition_count_v3",
    "Startup Cost": 548.43,
    "Total Cost": 1815.71,
    "Plan Rows": 0,
    "Plan Width": 0,
    "Actual Startup Time": 28.916,
    "Actual Total Time": 28.917,
    "Actual Rows": 0,
    "Actual Loops": 1,
    "Shared Hit Blocks": 684,
    "Shared Read Blocks": 1,
    "Shared Dirtied Blocks": 3,
    "Shared Written Blocks": 2,
    "Local Hit Blocks": 0,
    "Local Read Blocks": 0,
    "Local Dirtied Blocks": 0,
    "Local Written Blocks": 0,
    "Temp Read Blocks": 0,
    "Temp Written Blocks": 0,
    "I/O Read Time": 0.033,
    "I/O Write Time": 0.043,
    "Temp I/O Read Time": 0.000,
    "Temp I/O Write Time": 0.000,
    "WAL Records": 17,
    "WAL FPI": 0,
    "WAL Bytes": 1794,
    "Plans": [
      {
        "Node Type": "Append",
        "Parent Relationship": "Outer",
        "Parallel Aware": false,
        "Async Capable": false,
        "Startup Cost": 548.43,
        "Total Cost": 1815.71,
        "Plan Rows": 8,
        "Plan Width": 88,
        "Actual Startup Time": 7.514,
        "Actual Total Time": 28.338,
        "Actual Rows": 8,
        "Actual Loops": 1,
        "Shared Hit Blocks": 598,
        "Shared Read Blocks": 0,
        "Shared Dirtied Blocks": 0,
        "Shared Written Blocks": 0,
        "Local Hit Blocks": 0,
        "Local Read Blocks": 0,
        "Local Dirtied Blocks": 0,
        "Local Written Blocks": 0,
        "Temp Read Blocks": 0,
        "Temp Written Blocks": 0,
        "I/O Read Time": 0.000,
        "I/O Write Time": 0.000,
        "Temp I/O Read Time": 0.000,
        "Temp I/O Write Time": 0.000,
        "WAL Records": 0,
        "WAL FPI": 0,
        "WAL Bytes": 0,
        "Subplans Removed": 0,
        "Plans": [
          {
            "Node Type": "Aggregate",
            "Strategy": "Hashed",
            "Partial Mode": "Simple",
            "Parent Relationship": "Member",
            "Parallel Aware": false,
            "Async Capable": false,
            "Startup Cost": 548.43,
            "Total Cost": 548.47,
            "Plan Rows": 4,
            "Plan Width": 88,
            "Actual Startup Time": 7.514,
            "Actual Total Time": 7.516,
            "Actual Rows": 4,
            "Actual Loops": 1,
            "Output": ["'af000000-0000-4000-8000-000000000001'::uuid", "'corpusMemberships'::text", "\"*VALUES*\".column1", "count(cm.*)"],
            "Group Key": ["\"*VALUES*\".column1"],
            "Planned Partitions": 0,
            "HashAgg Batches": 1,
            "Peak Memory Usage": 24,
            "Disk Usage": 0,
            "Shared Hit Blocks": 245,
            "Shared Read Blocks": 0,
            "Shared Dirtied Blocks": 0,
            "Shared Written Blocks": 0,
            "Local Hit Blocks": 0,
            "Local Read Blocks": 0,
            "Local Dirtied Blocks": 0,
            "Local Written Blocks": 0,
            "Temp Read Blocks": 0,
            "Temp Written Blocks": 0,
            "I/O Read Time": 0.000,
            "I/O Write Time": 0.000,
            "Temp I/O Read Time": 0.000,
            "Temp I/O Write Time": 0.000,
            "WAL Records": 0,
            "WAL FPI": 0,
            "WAL Bytes": 0,
            "Plans": [
              {
                "Node Type": "Hash Join",
                "Parent Relationship": "Outer",
                "Parallel Aware": false,
                "Async Capable": false,
                "Join Type": "Right",
                "Startup Cost": 0.10,
                "Total Cost": 546.84,
                "Plan Rows": 318,
                "Plan Width": 146,
                "Actual Startup Time": 0.008,
                "Actual Total Time": 6.177,
                "Actual Rows": 15926,
                "Actual Loops": 1,
                "Output": ["\"*VALUES*\".column1", "cm.*"],
                "Inner Unique": false,
                "Hash Cond": "((cm.disposition)::text = \"*VALUES*\".column1)",
                "Shared Hit Blocks": 245,
                "Shared Read Blocks": 0,
                "Shared Dirtied Blocks": 0,
                "Shared Written Blocks": 0,
                "Local Hit Blocks": 0,
                "Local Read Blocks": 0,
                "Local Dirtied Blocks": 0,
                "Local Written Blocks": 0,
                "Temp Read Blocks": 0,
                "Temp Written Blocks": 0,
                "I/O Read Time": 0.000,
                "I/O Write Time": 0.000,
                "Temp I/O Read Time": 0.000,
                "Temp I/O Write Time": 0.000,
                "WAL Records": 0,
                "WAL FPI": 0,
                "WAL Bytes": 0,
                "Plans": [
                  {
                    "Node Type": "Seq Scan",
                    "Parent Relationship": "Outer",
                    "Parallel Aware": false,
                    "Async Capable": false,
                    "Relation Name": "corpus_membership",
                    "Schema": "research",
                    "Alias": "cm",
                    "Startup Cost": 0.00,
                    "Total Cost": 444.04,
                    "Plan Rows": 15923,
                    "Plan Width": 118,
                    "Actual Startup Time": 0.004,
                    "Actual Total Time": 3.041,
                    "Actual Rows": 15923,
                    "Actual Loops": 1,
                    "Output": ["cm.*", "cm.disposition"],
                    "Filter": "(cm.corpus_version_id = 'a4000000-0000-4000-8000-000000000002'::uuid)",
                    "Rows Removed by Filter": 0,
                    "Shared Hit Blocks": 245,
                    "Shared Read Blocks": 0,
                    "Shared Dirtied Blocks": 0,
                    "Shared Written Blocks": 0,
                    "Local Hit Blocks": 0,
                    "Local Read Blocks": 0,
                    "Local Dirtied Blocks": 0,
                    "Local Written Blocks": 0,
                    "Temp Read Blocks": 0,
                    "Temp Written Blocks": 0,
                    "I/O Read Time": 0.000,
                    "I/O Write Time": 0.000,
                    "Temp I/O Read Time": 0.000,
                    "Temp I/O Write Time": 0.000,
                    "WAL Records": 0,
                    "WAL FPI": 0,
                    "WAL Bytes": 0
                  },
                  {
                    "Node Type": "Hash",
                    "Parent Relationship": "Inner",
                    "Parallel Aware": false,
                    "Async Capable": false,
                    "Startup Cost": 0.05,
                    "Total Cost": 0.05,
                    "Plan Rows": 4,
                    "Plan Width": 32,
                    "Actual Startup Time": 0.002,
                    "Actual Total Time": 0.002,
                    "Actual Rows": 4,
                    "Actual Loops": 1,
                    "Output": ["\"*VALUES*\".column1"],
                    "Hash Buckets": 1024,
                    "Original Hash Buckets": 1024,
                    "Hash Batches": 1,
                    "Original Hash Batches": 1,
                    "Peak Memory Usage": 9,
                    "Shared Hit Blocks": 0,
                    "Shared Read Blocks": 0,
                    "Shared Dirtied Blocks": 0,
                    "Shared Written Blocks": 0,
                    "Local Hit Blocks": 0,
                    "Local Read Blocks": 0,
                    "Local Dirtied Blocks": 0,
                    "Local Written Blocks": 0,
                    "Temp Read Blocks": 0,
                    "Temp Written Blocks": 0,
                    "I/O Read Time": 0.000,
                    "I/O Write Time": 0.000,
                    "Temp I/O Read Time": 0.000,
                    "Temp I/O Write Time": 0.000,
                    "WAL Records": 0,
                    "WAL FPI": 0,
                    "WAL Bytes": 0,
                    "Plans": [
                      {
                        "Node Type": "Values Scan",
                        "Parent Relationship": "Outer",
                        "Parallel Aware": false,
                        "Async Capable": false,
                        "Alias": "*VALUES*",
                        "Startup Cost": 0.00,
                        "Total Cost": 0.05,
                        "Plan Rows": 4,
                        "Plan Width": 32,
                        "Actual Startup Time": 0.000,
                        "Actual Total Time": 0.001,
                        "Actual Rows": 4,
                        "Actual Loops": 1,
                        "Output": ["\"*VALUES*\".column1"],
                        "Shared Hit Blocks": 0,
                        "Shared Read Blocks": 0,
                        "Shared Dirtied Blocks": 0,
                        "Shared Written Blocks": 0,
                        "Local Hit Blocks": 0,
                        "Local Read Blocks": 0,
                        "Local Dirtied Blocks": 0,
                        "Local Written Blocks": 0,
                        "Temp Read Blocks": 0,
                        "Temp Written Blocks": 0,
                        "I/O Read Time": 0.000,
                        "I/O Write Time": 0.000,
                        "Temp I/O Read Time": 0.000,
                        "Temp I/O Write Time": 0.000,
                        "WAL Records": 0,
                        "WAL FPI": 0,
                        "WAL Bytes": 0
                      }
                    ]
                  }
                ]
              }
            ]
          },
          {
            "Node Type": "Aggregate",
            "Strategy": "Hashed",
            "Partial Mode": "Simple",
            "Parent Relationship": "Member",
            "Parallel Aware": false,
            "Async Capable": false,
            "Startup Cost": 1267.16,
            "Total Cost": 1267.20,
            "Plan Rows": 4,
            "Plan Width": 88,
            "Actual Startup Time": 20.821,
            "Actual Total Time": 20.821,
            "Actual Rows": 4,
            "Actual Loops": 1,
            "Output": ["'af000000-0000-4000-8000-000000000001'::uuid", "'folderAssignments'::text", "\"*VALUES*_1\".column1", "count(a.*)"],
            "Group Key": ["\"*VALUES*_1\".column1"],
            "Planned Partitions": 0,
            "HashAgg Batches": 1,
            "Peak Memory Usage": 24,
            "Disk Usage": 0,
            "Shared Hit Blocks": 353,
            "Shared Read Blocks": 0,
            "Shared Dirtied Blocks": 0,
            "Shared Written Blocks": 0,
            "Local Hit Blocks": 0,
            "Local Read Blocks": 0,
            "Local Dirtied Blocks": 0,
            "Local Written Blocks": 0,
            "Temp Read Blocks": 0,
            "Temp Written Blocks": 0,
            "I/O Read Time": 0.000,
            "I/O Write Time": 0.000,
            "Temp I/O Read Time": 0.000,
            "Temp I/O Write Time": 0.000,
            "WAL Records": 0,
            "WAL FPI": 0,
            "WAL Bytes": 0,
            "Plans": [
              {
                "Node Type": "Hash Join",
                "Parent Relationship": "Outer",
                "Parallel Aware": false,
                "Async Capable": false,
                "Join Type": "Right",
                "Startup Cost": 0.10,
                "Total Cost": 1262.36,
                "Plan Rows": 960,
                "Plan Width": 104,
                "Actual Startup Time": 0.008,
                "Actual Total Time": 16.798,
                "Actual Rows": 47985,
                "Actual Loops": 1,
                "Output": ["\"*VALUES*_1\".column1", "a.*"],
                "Inner Unique": false,
                "Hash Cond": "((a.status)::text = \"*VALUES*_1\".column1)",
                "Shared Hit Blocks": 353,
                "Shared Read Blocks": 0,
                "Shared Dirtied Blocks": 0,
                "Shared Written Blocks": 0,
                "Local Hit Blocks": 0,
                "Local Read Blocks": 0,
                "Local Dirtied Blocks": 0,
                "Local Written Blocks": 0,
                "Temp Read Blocks": 0,
                "Temp Written Blocks": 0,
                "I/O Read Time": 0.000,
                "I/O Write Time": 0.000,
                "Temp I/O Read Time": 0.000,
                "Temp I/O Write Time": 0.000,
                "WAL Records": 0,
                "WAL FPI": 0,
                "WAL Bytes": 0,
                "Plans": [
                  {
                    "Node Type": "Seq Scan",
                    "Parent Relationship": "Outer",
                    "Parallel Aware": false,
                    "Async Capable": false,
                    "Relation Name": "canonical_assignment",
                    "Schema": "provenance",
                    "Alias": "a",
                    "Startup Cost": 0.00,
                    "Total Cost": 952.77,
                    "Plan Rows": 47982,
                    "Plan Width": 76,
                    "Actual Startup Time": 0.005,
                    "Actual Total Time": 7.357,
                    "Actual Rows": 47982,
                    "Actual Loops": 1,
                    "Output": ["a.*", "a.status"],
                    "Filter": "(a.assignment_kind = 'folder_membership'::provenance.assignment_kind)",
                    "Rows Removed by Filter": 0,
                    "Shared Hit Blocks": 353,
                    "Shared Read Blocks": 0,
                    "Shared Dirtied Blocks": 0,
                    "Shared Written Blocks": 0,
                    "Local Hit Blocks": 0,
                    "Local Read Blocks": 0,
                    "Local Dirtied Blocks": 0,
                    "Local Written Blocks": 0,
                    "Temp Read Blocks": 0,
                    "Temp Written Blocks": 0,
                    "I/O Read Time": 0.000,
                    "I/O Write Time": 0.000,
                    "Temp I/O Read Time": 0.000,
                    "Temp I/O Write Time": 0.000,
                    "WAL Records": 0,
                    "WAL FPI": 0,
                    "WAL Bytes": 0
                  },
                  {
                    "Node Type": "Hash",
                    "Parent Relationship": "Inner",
                    "Parallel Aware": false,
                    "Async Capable": false,
                    "Startup Cost": 0.05,
                    "Total Cost": 0.05,
                    "Plan Rows": 4,
                    "Plan Width": 32,
                    "Actual Startup Time": 0.002,
                    "Actual Total Time": 0.002,
                    "Actual Rows": 4,
                    "Actual Loops": 1,
                    "Output": ["\"*VALUES*_1\".column1"],
                    "Hash Buckets": 1024,
                    "Original Hash Buckets": 1024,
                    "Hash Batches": 1,
                    "Original Hash Batches": 1,
                    "Peak Memory Usage": 9,
                    "Shared Hit Blocks": 0,
                    "Shared Read Blocks": 0,
                    "Shared Dirtied Blocks": 0,
                    "Shared Written Blocks": 0,
                    "Local Hit Blocks": 0,
                    "Local Read Blocks": 0,
                    "Local Dirtied Blocks": 0,
                    "Local Written Blocks": 0,
                    "Temp Read Blocks": 0,
                    "Temp Written Blocks": 0,
                    "I/O Read Time": 0.000,
                    "I/O Write Time": 0.000,
                    "Temp I/O Read Time": 0.000,
                    "Temp I/O Write Time": 0.000,
                    "WAL Records": 0,
                    "WAL FPI": 0,
                    "WAL Bytes": 0,
                    "Plans": [
                      {
                        "Node Type": "Values Scan",
                        "Parent Relationship": "Outer",
                        "Parallel Aware": false,
                        "Async Capable": false,
                        "Alias": "*VALUES*_1",
                        "Startup Cost": 0.00,
                        "Total Cost": 0.05,
                        "Plan Rows": 4,
                        "Plan Width": 32,
                        "Actual Startup Time": 0.000,
                        "Actual Total Time": 0.001,
                        "Actual Rows": 4,
                        "Actual Loops": 1,
                        "Output": ["\"*VALUES*_1\".column1"],
                        "Shared Hit Blocks": 0,
                        "Shared Read Blocks": 0,
                        "Shared Dirtied Blocks": 0,
                        "Shared Written Blocks": 0,
                        "Local Hit Blocks": 0,
                        "Local Read Blocks": 0,
                        "Local Dirtied Blocks": 0,
                        "Local Written Blocks": 0,
                        "Temp Read Blocks": 0,
                        "Temp Written Blocks": 0,
                        "I/O Read Time": 0.000,
                        "I/O Write Time": 0.000,
                        "Temp I/O Read Time": 0.000,
                        "Temp I/O Write Time": 0.000,
                        "WAL Records": 0,
                        "WAL FPI": 0,
                        "WAL Bytes": 0
                      }
                    ]
                  }
                ]
              }
            ]
          }
        ]
      }
    ]
  }
}
psql:/private/tmp/graphic_design_archive_v49_repository_hygiene/database/tests/009_release_projection_snapshot_performance_scale.sql:34: LOG:  duration: 1162.995 ms  plan:
{
  "Query Text": "INSERT INTO gda_v5_component_rows\n  SELECT 'releaseObjects',archive_object_id::text,encode(sha256(convert_to(jsonb_build_array(archive_object_id,object_urn,legacy_surface_id,title,publication_layer,acceptance_state,workflow_state)::text,'UTF8')),'hex')::core.sha256_hex FROM release.research_release_object WHERE research_release_id=p_release_id\n  UNION ALL SELECT 'surfacePresentation',archive_object_id::text,encode(sha256(convert_to(jsonb_build_array(archive_object_id,public_surface_id,title,title_missingness,display_date,display_date_missingness,normalized_year,normalized_year_missingness,place_label,place_missingness,medium_label,medium_missingness,type_label,type_missingness,source_label,description,description_missingness,public_citation_label,public_source_route,publication_layer)::text,'UTF8')),'hex')::core.sha256_hex FROM release.research_surface_presentation_projection_v3 WHERE research_release_id=p_release_id\n  UNION ALL SELECT 'surfaceCredits',archive_object_id::text||':'||lpad(credit_ordinal::text,12,'0'),encode(sha256(convert_to(jsonb_build_array(archive_object_id,credit_ordinal,credited_label,credit_role)::text,'UTF8')),'hex')::core.sha256_hex FROM release.research_surface_credit_projection_v3 WHERE research_release_id=p_release_id\n  UNION ALL SELECT 'surfaceCitations',archive_object_id::text||':'||lpad(citation_ordinal::text,12,'0'),encode(sha256(convert_to(jsonb_build_array(archive_object_id,citation_ordinal,citation_label,public_source_route)::text,'UTF8')),'hex')::core.sha256_hex FROM release.research_surface_citation_projection_v3 WHERE research_release_id=p_release_id\n  UNION ALL SELECT 'folderTypes',lpad(sort_ordinal::text,12,'0')||':'||folder_type_code,encode(sha256(convert_to(jsonb_build_array(folder_type_code,type_label,sort_ordinal)::text,'UTF8')),'hex')::core.sha256_hex FROM release.research_folder_type_projection_v3 WHERE research_release_id=p_release_id\n  UNION ALL SELECT 'folders',folder_type_code||':'||lpad(sort_ordinal::text,12,'0')||':'||folder_id::text,encode(sha256(convert_to(jsonb_build_array(folder_id,folder_token,folder_type_code,slug,label,scope_note,sort_ordinal)::text,'UTF8')),'hex')::core.sha256_hex FROM release.research_folder_projection_v3 WHERE research_release_id=p_release_id\n  UNION ALL SELECT 'folderMemberships',folder_id::text||':'||membership_role||':'||lpad(member_ordinal::text,12,'0')||':'||archive_object_id::text,encode(sha256(convert_to(jsonb_build_array(folder_id,archive_object_id,source_assignment_id,membership_role,member_ordinal,source_assignment_status,source_assignment_snapshot_sha256,effective_decision_id,effective_decision_snapshot_sha256)::text,'UTF8')),'hex')::core.sha256_hex FROM release.research_folder_membership_projection_v3 WHERE research_release_id=p_release_id\n  UNION ALL SELECT 'searchDocuments',sort_key||':'||archive_object_id::text,encode(sha256(convert_to(jsonb_build_array(archive_object_id,public_surface_id,title,search_document,sort_key)::text,'UTF8')),'hex')::core.sha256_hex FROM release.research_search_document_projection_v3 WHERE research_release_id=p_release_id\n  UNION ALL SELECT 'corpusSummary',corpus_version_id::text,encode(sha256(convert_to(jsonb_build_array(corpus_version_id,corpus_token,corpus_version_token,corpus_label,eligible_object_count,held_object_count)::text,'UTF8')),'hex')::core.sha256_hex FROM release.research_corpus_summary_projection_v3 WHERE research_release_id=p_release_id\n  UNION ALL SELECT 'traceAvailability',research_release_id::text,encode(sha256(convert_to(jsonb_build_array(trace_eligible_object_count,trace_relation_count,availability_reason)::text,'UTF8')),'hex')::core.sha256_hex FROM release.research_trace_availability_projection_v3 WHERE research_release_id=p_release_id",
  "Plan": {
    "Node Type": "ModifyTable",
    "Operation": "Insert",
    "Parallel Aware": false,
    "Async Capable": false,
    "Relation Name": "gda_v5_component_rows",
    "Schema": "pg_temp",
    "Alias": "gda_v5_component_rows",
    "Startup Cost": 4.98,
    "Total Cost": 1690.20,
    "Plan Rows": 0,
    "Plan Width": 0,
    "Actual Startup Time": 1162.992,
    "Actual Total Time": 1162.994,
    "Actual Rows": 0,
    "Actual Loops": 1,
    "Shared Hit Blocks": 4406,
    "Shared Read Blocks": 0,
    "Shared Dirtied Blocks": 0,
    "Shared Written Blocks": 0,
    "Local Hit Blocks": 116841,
    "Local Read Blocks": 0,
    "Local Dirtied Blocks": 2583,
    "Local Written Blocks": 4145,
    "Temp Read Blocks": 0,
    "Temp Written Blocks": 0,
    "I/O Read Time": 0.000,
    "I/O Write Time": 0.000,
    "Temp I/O Read Time": 0.000,
    "Temp I/O Write Time": 0.000,
    "WAL Records": 0,
    "WAL FPI": 0,
    "WAL Bytes": 0,
    "Plans": [
      {
        "Node Type": "Append",
        "Parent Relationship": "Outer",
        "Parallel Aware": false,
        "Async Capable": false,
        "Startup Cost": 4.98,
        "Total Cost": 1690.20,
        "Plan Rows": 652,
        "Plan Width": 96,
        "Actual Startup Time": 0.467,
        "Actual Total Time": 1111.480,
        "Actual Rows": 111681,
        "Actual Loops": 1,
        "Shared Hit Blocks": 4406,
        "Shared Read Blocks": 0,
        "Shared Dirtied Blocks": 0,
        "Shared Written Blocks": 0,
        "Local Hit Blocks": 0,
        "Local Read Blocks": 0,
        "Local Dirtied Blocks": 0,
        "Local Written Blocks": 0,
        "Temp Read Blocks": 0,
        "Temp Written Blocks": 0,
        "I/O Read Time": 0.000,
        "I/O Write Time": 0.000,
        "Temp I/O Read Time": 0.000,
        "Temp I/O Write Time": 0.000,
        "WAL Records": 0,
        "WAL FPI": 0,
        "WAL Bytes": 0,
        "Subplans Removed": 0,
        "Plans": [
          {
            "Node Type": "Bitmap Heap Scan",
            "Parent Relationship": "Member",
            "Parallel Aware": false,
            "Async Capable": false,
            "Relation Name": "research_release_object",
            "Schema": "release",
            "Alias": "research_release_object",
            "Startup Cost": 4.98,
            "Total Cost": 216.65,
            "Plan Rows": 89,
            "Plan Width": 96,
            "Actual Startup Time": 0.467,
            "Actual Total Time": 151.222,
            "Actual Rows": 15923,
            "Actual Loops": 1,
            "Output": ["'releaseObjects'::text", "(research_release_object.archive_object_id)::text", "(encode(sha256(convert_to((jsonb_build_array(research_release_object.archive_object_id, research_release_object.object_urn, research_release_object.legacy_surface_id, research_release_object.title, research_release_object.publication_layer, research_release_object.acceptance_state, research_release_object.workflow_state))::text, 'UTF8'::name)), 'hex'::text))::core.sha256_hex"],
            "Recheck Cond": "(research_release_object.research_release_id = 'af000000-0000-4000-8000-000000000001'::uuid)",
            "Rows Removed by Index Recheck": 0,
            "Exact Heap Blocks": 371,
            "Lossy Heap Blocks": 0,
            "Shared Hit Blocks": 468,
            "Shared Read Blocks": 0,
            "Shared Dirtied Blocks": 0,
            "Shared Written Blocks": 0,
            "Local Hit Blocks": 0,
            "Local Read Blocks": 0,
            "Local Dirtied Blocks": 0,
            "Local Written Blocks": 0,
            "Temp Read Blocks": 0,
            "Temp Written Blocks": 0,
            "I/O Read Time": 0.000,
            "I/O Write Time": 0.000,
            "Temp I/O Read Time": 0.000,
            "Temp I/O Write Time": 0.000,
            "WAL Records": 0,
            "WAL FPI": 0,
            "WAL Bytes": 0,
            "Plans": [
              {
                "Node Type": "Bitmap Index Scan",
                "Parent Relationship": "Outer",
                "Parallel Aware": false,
                "Async Capable": false,
                "Index Name": "research_release_object_pkey",
                "Startup Cost": 0.00,
                "Total Cost": 4.95,
                "Plan Rows": 89,
                "Plan Width": 0,
                "Actual Startup Time": 0.413,
                "Actual Total Time": 0.413,
                "Actual Rows": 15923,
                "Actual Loops": 1,
                "Index Cond": "(research_release_object.research_release_id = 'af000000-0000-4000-8000-000000000001'::uuid)",
                "Shared Hit Blocks": 97,
                "Shared Read Blocks": 0,
                "Shared Dirtied Blocks": 0,
                "Shared Written Blocks": 0,
                "Local Hit Blocks": 0,
                "Local Read Blocks": 0,
                "Local Dirtied Blocks": 0,
                "Local Written Blocks": 0,
                "Temp Read Blocks": 0,
                "Temp Written Blocks": 0,
                "I/O Read Time": 0.000,
                "I/O Write Time": 0.000,
                "Temp I/O Read Time": 0.000,
                "Temp I/O Write Time": 0.000,
                "WAL Records": 0,
                "WAL FPI": 0,
                "WAL Bytes": 0
              }
            ]
          },
          {
            "Node Type": "Bitmap Heap Scan",
            "Parent Relationship": "Member",
            "Parallel Aware": false,
            "Async Capable": false,
            "Relation Name": "research_surface_presentation_projection_v3",
            "Schema": "release",
            "Alias": "research_surface_presentation_projection_v3",
            "Startup Cost": 4.62,
            "Total Cost": 142.43,
            "Plan Rows": 43,
            "Plan Width": 96,
            "Actual Startup Time": 0.490,
            "Actual Total Time": 172.631,
            "Actual Rows": 15923,
            "Actual Loops": 1,
            "Output": ["'surfacePresentation'::text", "(research_surface_presentation_projection_v3.archive_object_id)::text", "(encode(sha256(convert_to((jsonb_build_array(research_surface_presentation_projection_v3.archive_object_id, research_surface_presentation_projection_v3.public_surface_id, research_surface_presentation_projection_v3.title, research_surface_presentation_projection_v3.title_missingness, research_surface_presentation_projection_v3.display_date, research_surface_presentation_projection_v3.display_date_missingness, research_surface_presentation_projection_v3.normalized_year, research_surface_presentation_projection_v3.normalized_year_missingness, research_surface_presentation_projection_v3.place_label, research_surface_presentation_projection_v3.place_missingness, research_surface_presentation_projection_v3.medium_label, research_surface_presentation_projection_v3.medium_missingness, research_surface_presentation_projection_v3.type_label, research_surface_presentation_projection_v3.type_missingness, research_surface_presentation_projection_v3.source_label, research_surface_presentation_projection_v3.description, research_surface_presentation_projection_v3.description_missingness, research_surface_presentation_projection_v3.public_citation_label, research_surface_presentation_projection_v3.public_source_route, research_surface_presentation_projection_v3.publication_layer))::text, 'UTF8'::name)), 'hex'::text))::core.sha256_hex"],
            "Recheck Cond": "(research_surface_presentation_projection_v3.research_release_id = 'af000000-0000-4000-8000-000000000001'::uuid)",
            "Rows Removed by Index Recheck": 0,
            "Exact Heap Blocks": 664,
            "Lossy Heap Blocks": 0,
            "Shared Hit Blocks": 761,
            "Shared Read Blocks": 0,
            "Shared Dirtied Blocks": 0,
            "Shared Written Blocks": 0,
            "Local Hit Blocks": 0,
            "Local Read Blocks": 0,
            "Local Dirtied Blocks": 0,
            "Local Written Blocks": 0,
            "Temp Read Blocks": 0,
            "Temp Written Blocks": 0,
            "I/O Read Time": 0.000,
            "I/O Write Time": 0.000,
            "Temp I/O Read Time": 0.000,
            "Temp I/O Write Time": 0.000,
            "WAL Records": 0,
            "WAL FPI": 0,
            "WAL Bytes": 0,
            "Plans": [
              {
                "Node Type": "Bitmap Index Scan",
                "Parent Relationship": "Outer",
                "Parallel Aware": false,
                "Async Capable": false,
                "Index Name": "research_surface_presentation_projection_v3_pkey",
                "Startup Cost": 0.00,
                "Total Cost": 4.61,
                "Plan Rows": 43,
                "Plan Width": 0,
                "Actual Startup Time": 0.428,
                "Actual Total Time": 0.428,
                "Actual Rows": 15923,
                "Actual Loops": 1,
                "Index Cond": "(research_surface_presentation_projection_v3.research_release_id = 'af000000-0000-4000-8000-000000000001'::uuid)",
                "Shared Hit Blocks": 97,
                "Shared Read Blocks": 0,
                "Shared Dirtied Blocks": 0,
                "Shared Written Blocks": 0,
                "Local Hit Blocks": 0,
                "Local Read Blocks": 0,
                "Local Dirtied Blocks": 0,
                "Local Written Blocks": 0,
                "Temp Read Blocks": 0,
                "Temp Written Blocks": 0,
                "I/O Read Time": 0.000,
                "I/O Write Time": 0.000,
                "Temp I/O Read Time": 0.000,
                "Temp I/O Write Time": 0.000,
                "WAL Records": 0,
                "WAL FPI": 0,
                "WAL Bytes": 0
              }
            ]
          },
          {
            "Node Type": "Bitmap Heap Scan",
            "Parent Relationship": "Member",
            "Parallel Aware": false,
            "Async Capable": false,
            "Relation Name": "research_surface_credit_projection_v3",
            "Schema": "release",
            "Alias": "research_surface_credit_projection_v3",
            "Startup Cost": 4.17,
            "Total Cost": 11.39,
            "Plan Rows": 3,
            "Plan Width": 96,
            "Actual Startup Time": 0.009,
            "Actual Total Time": 0.009,
            "Actual Rows": 0,
            "Actual Loops": 1,
            "Output": ["'surfaceCredits'::text", "(((research_surface_credit_projection_v3.archive_object_id)::text || ':'::text) || lpad((research_surface_credit_projection_v3.credit_ordinal)::text, 12, '0'::text))", "(encode(sha256(convert_to((jsonb_build_array(research_surface_credit_projection_v3.archive_object_id, research_surface_credit_projection_v3.credit_ordinal, research_surface_credit_projection_v3.credited_label, research_surface_credit_projection_v3.credit_role))::text, 'UTF8'::name)), 'hex'::text))::core.sha256_hex"],
            "Recheck Cond": "(research_surface_credit_projection_v3.research_release_id = 'af000000-0000-4000-8000-000000000001'::uuid)",
            "Rows Removed by Index Recheck": 0,
            "Exact Heap Blocks": 0,
            "Lossy Heap Blocks": 0,
            "Shared Hit Blocks": 3,
            "Shared Read Blocks": 0,
            "Shared Dirtied Blocks": 0,
            "Shared Written Blocks": 0,
            "Local Hit Blocks": 0,
            "Local Read Blocks": 0,
            "Local Dirtied Blocks": 0,
            "Local Written Blocks": 0,
            "Temp Read Blocks": 0,
            "Temp Written Blocks": 0,
            "I/O Read Time": 0.000,
            "I/O Write Time": 0.000,
            "Temp I/O Read Time": 0.000,
            "Temp I/O Write Time": 0.000,
            "WAL Records": 0,
            "WAL FPI": 0,
            "WAL Bytes": 0,
            "Plans": [
              {
                "Node Type": "Bitmap Index Scan",
                "Parent Relationship": "Outer",
                "Parallel Aware": false,
                "Async Capable": false,
                "Index Name": "research_surface_credit_projection_v3_pkey",
                "Startup Cost": 0.00,
                "Total Cost": 4.17,
                "Plan Rows": 3,
                "Plan Width": 0,
                "Actual Startup Time": 0.007,
                "Actual Total Time": 0.007,
                "Actual Rows": 0,
                "Actual Loops": 1,
                "Index Cond": "(research_surface_credit_projection_v3.research_release_id = 'af000000-0000-4000-8000-000000000001'::uuid)",
                "Shared Hit Blocks": 3,
                "Shared Read Blocks": 0,
                "Shared Dirtied Blocks": 0,
                "Shared Written Blocks": 0,
                "Local Hit Blocks": 0,
                "Local Read Blocks": 0,
                "Local Dirtied Blocks": 0,
                "Local Written Blocks": 0,
                "Temp Read Blocks": 0,
                "Temp Written Blocks": 0,
                "I/O Read Time": 0.000,
                "I/O Write Time": 0.000,
                "Temp I/O Read Time": 0.000,
                "Temp I/O Write Time": 0.000,
                "WAL Records": 0,
                "WAL FPI": 0,
                "WAL Bytes": 0
              }
            ]
          },
          {
            "Node Type": "Bitmap Heap Scan",
            "Parent Relationship": "Member",
            "Parallel Aware": false,
            "Async Capable": false,
            "Relation Name": "research_surface_citation_projection_v3",
            "Schema": "release",
            "Alias": "research_surface_citation_projection_v3",
            "Startup Cost": 5.16,
            "Total Cost": 246.15,
            "Plan Rows": 112,
            "Plan Width": 96,
            "Actual Startup Time": 0.447,
            "Actual Total Time": 138.663,
            "Actual Rows": 15923,
            "Actual Loops": 1,
            "Output": ["'surfaceCitations'::text", "(((research_surface_citation_projection_v3.archive_object_id)::text || ':'::text) || lpad((research_surface_citation_projection_v3.citation_ordinal)::text, 12, '0'::text))", "(encode(sha256(convert_to((jsonb_build_array(research_surface_citation_projection_v3.archive_object_id, research_surface_citation_projection_v3.citation_ordinal, research_surface_citation_projection_v3.citation_label, research_surface_citation_projection_v3.public_source_route))::text, 'UTF8'::name)), 'hex'::text))::core.sha256_hex"],
            "Recheck Cond": "(research_surface_citation_projection_v3.research_release_id = 'af000000-0000-4000-8000-000000000001'::uuid)",
            "Rows Removed by Index Recheck": 0,
            "Exact Heap Blocks": 354,
            "Lossy Heap Blocks": 0,
            "Shared Hit Blocks": 469,
            "Shared Read Blocks": 0,
            "Shared Dirtied Blocks": 0,
            "Shared Written Blocks": 0,
            "Local Hit Blocks": 0,
            "Local Read Blocks": 0,
            "Local Dirtied Blocks": 0,
            "Local Written Blocks": 0,
            "Temp Read Blocks": 0,
            "Temp Written Blocks": 0,
            "I/O Read Time": 0.000,
            "I/O Write Time": 0.000,
            "Temp I/O Read Time": 0.000,
            "Temp I/O Write Time": 0.000,
            "WAL Records": 0,
            "WAL FPI": 0,
            "WAL Bytes": 0,
            "Plans": [
              {
                "Node Type": "Bitmap Index Scan",
                "Parent Relationship": "Outer",
                "Parallel Aware": false,
                "Async Capable": false,
                "Index Name": "research_surface_citation_projection_v3_pkey",
                "Startup Cost": 0.00,
                "Total Cost": 5.13,
                "Plan Rows": 112,
                "Plan Width": 0,
                "Actual Startup Time": 0.411,
                "Actual Total Time": 0.411,
                "Actual Rows": 15923,
                "Actual Loops": 1,
                "Index Cond": "(research_surface_citation_projection_v3.research_release_id = 'af000000-0000-4000-8000-000000000001'::uuid)",
                "Shared Hit Blocks": 115,
                "Shared Read Blocks": 0,
                "Shared Dirtied Blocks": 0,
                "Shared Written Blocks": 0,
                "Local Hit Blocks": 0,
                "Local Read Blocks": 0,
                "Local Dirtied Blocks": 0,
                "Local Written Blocks": 0,
                "Temp Read Blocks": 0,
                "Temp Written Blocks": 0,
                "I/O Read Time": 0.000,
                "I/O Write Time": 0.000,
                "Temp I/O Read Time": 0.000,
                "Temp I/O Write Time": 0.000,
                "WAL Records": 0,
                "WAL FPI": 0,
                "WAL Bytes": 0
              }
            ]
          },
          {
            "Node Type": "Bitmap Heap Scan",
            "Parent Relationship": "Member",
            "Parallel Aware": false,
            "Async Capable": false,
            "Relation Name": "research_folder_type_projection_v3",
            "Schema": "release",
            "Alias": "research_folder_type_projection_v3",
            "Startup Cost": 4.18,
            "Total Cost": 12.76,
            "Plan Rows": 4,
            "Plan Width": 96,
            "Actual Startup Time": 0.017,
            "Actual Total Time": 0.018,
            "Actual Rows": 1,
            "Actual Loops": 1,
            "Output": ["'folderTypes'::text", "((lpad((research_folder_type_projection_v3.sort_ordinal)::text, 12, '0'::text) || ':'::text) || research_folder_type_projection_v3.folder_type_code)", "(encode(sha256(convert_to((jsonb_build_array(research_folder_type_projection_v3.folder_type_code, research_folder_type_projection_v3.type_label, research_folder_type_projection_v3.sort_ordinal))::text, 'UTF8'::name)), 'hex'::text))::core.sha256_hex"],
            "Recheck Cond": "(research_folder_type_projection_v3.research_release_id = 'af000000-0000-4000-8000-000000000001'::uuid)",
            "Rows Removed by Index Recheck": 0,
            "Exact Heap Blocks": 1,
            "Lossy Heap Blocks": 0,
            "Shared Hit Blocks": 2,
            "Shared Read Blocks": 0,
            "Shared Dirtied Blocks": 0,
            "Shared Written Blocks": 0,
            "Local Hit Blocks": 0,
            "Local Read Blocks": 0,
            "Local Dirtied Blocks": 0,
            "Local Written Blocks": 0,
            "Temp Read Blocks": 0,
            "Temp Written Blocks": 0,
            "I/O Read Time": 0.000,
            "I/O Write Time": 0.000,
            "Temp I/O Read Time": 0.000,
            "Temp I/O Write Time": 0.000,
            "WAL Records": 0,
            "WAL FPI": 0,
            "WAL Bytes": 0,
            "Plans": [
              {
                "Node Type": "Bitmap Index Scan",
                "Parent Relationship": "Outer",
                "Parallel Aware": false,
                "Async Capable": false,
                "Index Name": "research_folder_type_projecti_research_release_id_sort_ordi_key",
                "Startup Cost": 0.00,
                "Total Cost": 4.18,
                "Plan Rows": 4,
                "Plan Width": 0,
                "Actual Startup Time": 0.007,
                "Actual Total Time": 0.007,
                "Actual Rows": 1,
                "Actual Loops": 1,
                "Index Cond": "(research_folder_type_projection_v3.research_release_id = 'af000000-0000-4000-8000-000000000001'::uuid)",
                "Shared Hit Blocks": 1,
                "Shared Read Blocks": 0,
                "Shared Dirtied Blocks": 0,
                "Shared Written Blocks": 0,
                "Local Hit Blocks": 0,
                "Local Read Blocks": 0,
                "Local Dirtied Blocks": 0,
                "Local Written Blocks": 0,
                "Temp Read Blocks": 0,
                "Temp Written Blocks": 0,
                "I/O Read Time": 0.000,
                "I/O Write Time": 0.000,
                "Temp I/O Read Time": 0.000,
                "Temp I/O Write Time": 0.000,
                "WAL Records": 0,
                "WAL FPI": 0,
                "WAL Bytes": 0
              }
            ]
          },
          {
            "Node Type": "Bitmap Heap Scan",
            "Parent Relationship": "Member",
            "Parallel Aware": false,
            "Async Capable": false,
            "Relation Name": "research_folder_projection_v3",
            "Schema": "release",
            "Alias": "research_folder_projection_v3",
            "Startup Cost": 4.16,
            "Total Cost": 9.58,
            "Plan Rows": 2,
            "Plan Width": 96,
            "Actual Startup Time": 0.015,
            "Actual Total Time": 0.043,
            "Actual Rows": 4,
            "Actual Loops": 1,
            "Output": ["'folders'::text", "((((research_folder_projection_v3.folder_type_code || ':'::text) || lpad((research_folder_projection_v3.sort_ordinal)::text, 12, '0'::text)) || ':'::text) || (research_folder_projection_v3.folder_id)::text)", "(encode(sha256(convert_to((jsonb_build_array(research_folder_projection_v3.folder_id, research_folder_projection_v3.folder_token, research_folder_projection_v3.folder_type_code, research_folder_projection_v3.slug, research_folder_projection_v3.label, research_folder_projection_v3.scope_note, research_folder_projection_v3.sort_ordinal))::text, 'UTF8'::name)), 'hex'::text))::core.sha256_hex"],
            "Recheck Cond": "(research_folder_projection_v3.research_release_id = 'af000000-0000-4000-8000-000000000001'::uuid)",
            "Rows Removed by Index Recheck": 0,
            "Exact Heap Blocks": 1,
            "Lossy Heap Blocks": 0,
            "Shared Hit Blocks": 2,
            "Shared Read Blocks": 0,
            "Shared Dirtied Blocks": 0,
            "Shared Written Blocks": 0,
            "Local Hit Blocks": 0,
            "Local Read Blocks": 0,
            "Local Dirtied Blocks": 0,
            "Local Written Blocks": 0,
            "Temp Read Blocks": 0,
            "Temp Written Blocks": 0,
            "I/O Read Time": 0.000,
            "I/O Write Time": 0.000,
            "Temp I/O Read Time": 0.000,
            "Temp I/O Write Time": 0.000,
            "WAL Records": 0,
            "WAL FPI": 0,
            "WAL Bytes": 0,
            "Plans": [
              {
                "Node Type": "Bitmap Index Scan",
                "Parent Relationship": "Outer",
                "Parallel Aware": false,
                "Async Capable": false,
                "Index Name": "research_folder_projection_v3_type_sort_idx",
                "Startup Cost": 0.00,
                "Total Cost": 4.16,
                "Plan Rows": 2,
                "Plan Width": 0,
                "Actual Startup Time": 0.002,
                "Actual Total Time": 0.002,
                "Actual Rows": 4,
                "Actual Loops": 1,
                "Index Cond": "(research_folder_projection_v3.research_release_id = 'af000000-0000-4000-8000-000000000001'::uuid)",
                "Shared Hit Blocks": 1,
                "Shared Read Blocks": 0,
                "Shared Dirtied Blocks": 0,
                "Shared Written Blocks": 0,
                "Local Hit Blocks": 0,
                "Local Read Blocks": 0,
                "Local Dirtied Blocks": 0,
                "Local Written Blocks": 0,
                "Temp Read Blocks": 0,
                "Temp Written Blocks": 0,
                "I/O Read Time": 0.000,
                "I/O Write Time": 0.000,
                "Temp I/O Read Time": 0.000,
                "Temp I/O Write Time": 0.000,
                "WAL Records": 0,
                "WAL FPI": 0,
                "WAL Bytes": 0
              }
            ]
          },
          {
            "Node Type": "Bitmap Heap Scan",
            "Parent Relationship": "Member",
            "Parallel Aware": false,
            "Async Capable": false,
            "Relation Name": "research_folder_membership_projection_v3",
            "Schema": "release",
            "Alias": "research_folder_membership_projection_v3",
            "Startup Cost": 14.69,
            "Total Cost": 772.66,
            "Plan Rows": 294,
            "Plan Width": 96,
            "Actual Startup Time": 2.034,
            "Actual Total Time": 502.434,
            "Actual Rows": 47982,
            "Actual Loops": 1,
            "Output": ["'folderMemberships'::text", "(((((((research_folder_membership_projection_v3.folder_id)::text || ':'::text) || research_folder_membership_projection_v3.membership_role) || ':'::text) || lpad((research_folder_membership_projection_v3.member_ordinal)::text, 12, '0'::text)) || ':'::text) || (research_folder_membership_projection_v3.archive_object_id)::text)", "(encode(sha256(convert_to((jsonb_build_array(research_folder_membership_projection_v3.folder_id, research_folder_membership_projection_v3.archive_object_id, research_folder_membership_projection_v3.source_assignment_id, research_folder_membership_projection_v3.membership_role, research_folder_membership_projection_v3.member_ordinal, research_folder_membership_projection_v3.source_assignment_status, research_folder_membership_projection_v3.source_assignment_snapshot_sha256, research_folder_membership_projection_v3.effective_decision_id, research_folder_membership_projection_v3.effective_decision_snapshot_sha256))::text, 'UTF8'::name)), 'hex'::text))::core.sha256_hex"],
            "Recheck Cond": "(research_folder_membership_projection_v3.research_release_id = 'af000000-0000-4000-8000-000000000001'::uuid)",
            "Rows Removed by Index Recheck": 0,
            "Exact Heap Blocks": 1548,
            "Lossy Heap Blocks": 0,
            "Shared Hit Blocks": 2126,
            "Shared Read Blocks": 0,
            "Shared Dirtied Blocks": 0,
            "Shared Written Blocks": 0,
            "Local Hit Blocks": 0,
            "Local Read Blocks": 0,
            "Local Dirtied Blocks": 0,
            "Local Written Blocks": 0,
            "Temp Read Blocks": 0,
            "Temp Written Blocks": 0,
            "I/O Read Time": 0.000,
            "I/O Write Time": 0.000,
            "Temp I/O Read Time": 0.000,
            "Temp I/O Write Time": 0.000,
            "WAL Records": 0,
            "WAL FPI": 0,
            "WAL Bytes": 0,
            "Plans": [
              {
                "Node Type": "Bitmap Index Scan",
                "Parent Relationship": "Outer",
                "Parallel Aware": false,
                "Async Capable": false,
                "Index Name": "research_folder_membership_v3_object_idx",
                "Startup Cost": 0.00,
                "Total Cost": 14.62,
                "Plan Rows": 294,
                "Plan Width": 0,
                "Actual Startup Time": 1.915,
                "Actual Total Time": 1.915,
                "Actual Rows": 47982,
                "Actual Loops": 1,
                "Index Cond": "(research_folder_membership_projection_v3.research_release_id = 'af000000-0000-4000-8000-000000000001'::uuid)",
                "Shared Hit Blocks": 578,
                "Shared Read Blocks": 0,
                "Shared Dirtied Blocks": 0,
                "Shared Written Blocks": 0,
                "Local Hit Blocks": 0,
                "Local Read Blocks": 0,
                "Local Dirtied Blocks": 0,
                "Local Written Blocks": 0,
                "Temp Read Blocks": 0,
                "Temp Written Blocks": 0,
                "I/O Read Time": 0.000,
                "I/O Write Time": 0.000,
                "Temp I/O Read Time": 0.000,
                "Temp I/O Write Time": 0.000,
                "WAL Records": 0,
                "WAL FPI": 0,
                "WAL Bytes": 0
              }
            ]
          },
          {
            "Node Type": "Bitmap Heap Scan",
            "Parent Relationship": "Member",
            "Parallel Aware": false,
            "Async Capable": false,
            "Relation Name": "research_search_document_projection_v3",
            "Schema": "release",
            "Alias": "research_search_document_projection_v3",
            "Startup Cost": 5.08,
            "Total Cost": 257.58,
            "Plan Rows": 102,
            "Plan Width": 96,
            "Actual Startup Time": 0.491,
            "Actual Total Time": 142.030,
            "Actual Rows": 15923,
            "Actual Loops": 1,
            "Output": ["'searchDocuments'::text", "((research_search_document_projection_v3.sort_key || ':'::text) || (research_search_document_projection_v3.archive_object_id)::text)", "(encode(sha256(convert_to((jsonb_build_array(research_search_document_projection_v3.archive_object_id, research_search_document_projection_v3.public_surface_id, research_search_document_projection_v3.title, research_search_document_projection_v3.search_document, research_search_document_projection_v3.sort_key))::text, 'UTF8'::name)), 'hex'::text))::core.sha256_hex"],
            "Recheck Cond": "(research_search_document_projection_v3.research_release_id = 'af000000-0000-4000-8000-000000000001'::uuid)",
            "Rows Removed by Index Recheck": 0,
            "Exact Heap Blocks": 474,
            "Lossy Heap Blocks": 0,
            "Shared Hit Blocks": 571,
            "Shared Read Blocks": 0,
            "Shared Dirtied Blocks": 0,
            "Shared Written Blocks": 0,
            "Local Hit Blocks": 0,
            "Local Read Blocks": 0,
            "Local Dirtied Blocks": 0,
            "Local Written Blocks": 0,
            "Temp Read Blocks": 0,
            "Temp Written Blocks": 0,
            "I/O Read Time": 0.000,
            "I/O Write Time": 0.000,
            "Temp I/O Read Time": 0.000,
            "Temp I/O Write Time": 0.000,
            "WAL Records": 0,
            "WAL FPI": 0,
            "WAL Bytes": 0,
            "Plans": [
              {
                "Node Type": "Bitmap Index Scan",
                "Parent Relationship": "Outer",
                "Parallel Aware": false,
                "Async Capable": false,
                "Index Name": "research_search_document_projection_v3_pkey",
                "Startup Cost": 0.00,
                "Total Cost": 5.05,
                "Plan Rows": 102,
                "Plan Width": 0,
                "Actual Startup Time": 0.446,
                "Actual Total Time": 0.446,
                "Actual Rows": 15923,
                "Actual Loops": 1,
                "Index Cond": "(research_search_document_projection_v3.research_release_id = 'af000000-0000-4000-8000-000000000001'::uuid)",
                "Shared Hit Blocks": 97,
                "Shared Read Blocks": 0,
                "Shared Dirtied Blocks": 0,
                "Shared Written Blocks": 0,
                "Local Hit Blocks": 0,
                "Local Read Blocks": 0,
                "Local Dirtied Blocks": 0,
                "Local Written Blocks": 0,
                "Temp Read Blocks": 0,
                "Temp Written Blocks": 0,
                "I/O Read Time": 0.000,
                "I/O Write Time": 0.000,
                "Temp I/O Read Time": 0.000,
                "Temp I/O Write Time": 0.000,
                "WAL Records": 0,
                "WAL FPI": 0,
                "WAL Bytes": 0
              }
            ]
          },
          {
            "Node Type": "Bitmap Heap Scan",
            "Parent Relationship": "Member",
            "Parallel Aware": false,
            "Async Capable": false,
            "Relation Name": "research_corpus_summary_projection_v3",
            "Schema": "release",
            "Alias": "research_corpus_summary_projection_v3",
            "Startup Cost": 4.16,
            "Total Cost": 9.55,
            "Plan Rows": 2,
            "Plan Width": 96,
            "Actual Startup Time": 0.020,
            "Actual Total Time": 0.021,
            "Actual Rows": 1,
            "Actual Loops": 1,
            "Output": ["'corpusSummary'::text", "(research_corpus_summary_projection_v3.corpus_version_id)::text", "(encode(sha256(convert_to((jsonb_build_array(research_corpus_summary_projection_v3.corpus_version_id, research_corpus_summary_projection_v3.corpus_token, research_corpus_summary_projection_v3.corpus_version_token, research_corpus_summary_projection_v3.corpus_label, research_corpus_summary_projection_v3.eligible_object_count, research_corpus_summary_projection_v3.held_object_count))::text, 'UTF8'::name)), 'hex'::text))::core.sha256_hex"],
            "Recheck Cond": "(research_corpus_summary_projection_v3.research_release_id = 'af000000-0000-4000-8000-000000000001'::uuid)",
            "Rows Removed by Index Recheck": 0,
            "Exact Heap Blocks": 1,
            "Lossy Heap Blocks": 0,
            "Shared Hit Blocks": 2,
            "Shared Read Blocks": 0,
            "Shared Dirtied Blocks": 0,
            "Shared Written Blocks": 0,
            "Local Hit Blocks": 0,
            "Local Read Blocks": 0,
            "Local Dirtied Blocks": 0,
            "Local Written Blocks": 0,
            "Temp Read Blocks": 0,
            "Temp Written Blocks": 0,
            "I/O Read Time": 0.000,
            "I/O Write Time": 0.000,
            "Temp I/O Read Time": 0.000,
            "Temp I/O Write Time": 0.000,
            "WAL Records": 0,
            "WAL FPI": 0,
            "WAL Bytes": 0,
            "Plans": [
              {
                "Node Type": "Bitmap Index Scan",
                "Parent Relationship": "Outer",
                "Parallel Aware": false,
                "Async Capable": false,
                "Index Name": "research_corpus_summary_projection_v3_pkey",
                "Startup Cost": 0.00,
                "Total Cost": 4.16,
                "Plan Rows": 2,
                "Plan Width": 0,
                "Actual Startup Time": 0.007,
                "Actual Total Time": 0.007,
                "Actual Rows": 1,
                "Actual Loops": 1,
                "Index Cond": "(research_corpus_summary_projection_v3.research_release_id = 'af000000-0000-4000-8000-000000000001'::uuid)",
                "Shared Hit Blocks": 1,
                "Shared Read Blocks": 0,
                "Shared Dirtied Blocks": 0,
                "Shared Written Blocks": 0,
                "Local Hit Blocks": 0,
                "Local Read Blocks": 0,
                "Local Dirtied Blocks": 0,
                "Local Written Blocks": 0,
                "Temp Read Blocks": 0,
                "Temp Written Blocks": 0,
                "I/O Read Time": 0.000,
                "I/O Write Time": 0.000,
                "Temp I/O Read Time": 0.000,
                "Temp I/O Write Time": 0.000,
                "WAL Records": 0,
                "WAL FPI": 0,
                "WAL Bytes": 0
              }
            ]
          },
          {
            "Node Type": "Index Scan",
            "Parent Relationship": "Member",
            "Parallel Aware": false,
            "Async Capable": false,
            "Scan Direction": "Forward",
            "Index Name": "research_trace_availability_projection_v3_pkey",
            "Relation Name": "research_trace_availability_projection_v3",
            "Schema": "release",
            "Alias": "research_trace_availability_projection_v3",
            "Startup Cost": 0.15,
            "Total Cost": 8.19,
            "Plan Rows": 1,
            "Plan Width": 96,
            "Actual Startup Time": 0.014,
            "Actual Total Time": 0.014,
            "Actual Rows": 1,
            "Actual Loops": 1,
            "Output": ["'traceAvailability'::text", "(research_trace_availability_projection_v3.research_release_id)::text", "(encode(sha256(convert_to((jsonb_build_array(research_trace_availability_projection_v3.trace_eligible_object_count, research_trace_availability_projection_v3.trace_relation_count, research_trace_availability_projection_v3.availability_reason))::text, 'UTF8'::name)), 'hex'::text))::core.sha256_hex"],
            "Index Cond": "(research_trace_availability_projection_v3.research_release_id = 'af000000-0000-4000-8000-000000000001'::uuid)",
            "Rows Removed by Index Recheck": 0,
            "Shared Hit Blocks": 2,
            "Shared Read Blocks": 0,
            "Shared Dirtied Blocks": 0,
            "Shared Written Blocks": 0,
            "Local Hit Blocks": 0,
            "Local Read Blocks": 0,
            "Local Dirtied Blocks": 0,
            "Local Written Blocks": 0,
            "Temp Read Blocks": 0,
            "Temp Written Blocks": 0,
            "I/O Read Time": 0.000,
            "I/O Write Time": 0.000,
            "Temp I/O Read Time": 0.000,
            "Temp I/O Write Time": 0.000,
            "WAL Records": 0,
            "WAL FPI": 0,
            "WAL Bytes": 0
          }
        ]
      }
    ]
  }
}
psql:/private/tmp/graphic_design_archive_v49_repository_hygiene/database/tests/009_release_projection_snapshot_performance_scale.sql:34: LOG:  duration: 13.304 ms  plan:
{
  "Query Text": "WITH chunks AS (\n    SELECT ((row_number-1)/1024)::bigint AS chunk_ordinal,count(*)::bigint AS chunk_row_count,\n      encode(sha256(convert_to(jsonb_build_object(\n        'format','gda-v49-research-component-chunk-v5','component',p_component,\n        'chunkSize',1024,'chunkOrdinal',((row_number-1)/1024)::bigint,\n        'rowDigests',jsonb_agg(row_digest ORDER BY row_number)\n      )::text,'UTF8')),'hex') AS chunk_digest\n    FROM (\n      SELECT row_number() OVER (ORDER BY semantic_key) AS row_number,row_digest\n      FROM pg_temp.gda_v5_component_rows WHERE component_code=p_component\n    ) rows GROUP BY ((row_number-1)/1024)\n  )\n  SELECT encode(sha256(convert_to(jsonb_build_object(\n    'format','gda-v49-research-component-merkle-v5','component',p_component,\n    'rowCount',coalesce((SELECT sum(chunk_row_count) FROM chunks),0),\n    'chunkSize',1024,\n    'chunks',coalesce((SELECT jsonb_agg(jsonb_build_array(chunk_ordinal,chunk_row_count,chunk_digest)\n      ORDER BY chunk_ordinal) FROM chunks),'[]'::jsonb)\n  )::text,'UTF8')),'hex')::core.sha256_hex",
  "Plan": {
    "Node Type": "Result",
    "Parallel Aware": false,
    "Async Capable": false,
    "Startup Cost": 1495.49,
    "Total Cost": 1495.52,
    "Plan Rows": 1,
    "Plan Width": 32,
    "Actual Startup Time": 13.301,
    "Actual Total Time": 13.302,
    "Actual Rows": 1,
    "Actual Loops": 1,
    "Output": ["(encode(sha256(convert_to((jsonb_build_object('format', 'gda-v49-research-component-merkle-v5', 'component', 'releaseObjects'::text, 'rowCount', COALESCE($1, '0'::numeric), 'chunkSize', 1024, 'chunks', COALESCE($2, '[]'::jsonb)))::text, 'UTF8'::name)), 'hex'::text))::core.sha256_hex"],
    "Shared Hit Blocks": 3,
    "Shared Read Blocks": 0,
    "Shared Dirtied Blocks": 0,
    "Shared Written Blocks": 0,
    "Local Hit Blocks": 0,
    "Local Read Blocks": 442,
    "Local Dirtied Blocks": 0,
    "Local Written Blocks": 0,
    "Temp Read Blocks": 0,
    "Temp Written Blocks": 0,
    "I/O Read Time": 0.000,
    "I/O Write Time": 0.000,
    "Temp I/O Read Time": 0.000,
    "Temp I/O Write Time": 0.000,
    "WAL Records": 0,
    "WAL FPI": 0,
    "WAL Bytes": 0,
    "Plans": [
      {
        "Node Type": "Aggregate",
        "Strategy": "Sorted",
        "Partial Mode": "Simple",
        "Parent Relationship": "InitPlan",
        "Subplan Name": "CTE chunks",
        "Parallel Aware": false,
        "Async Capable": false,
        "Startup Cost": 1464.75,
        "Total Cost": 1477.83,
        "Plan Rows": 200,
        "Plan Width": 48,
        "Actual Startup Time": 7.216,
        "Actual Total Time": 13.247,
        "Actual Rows": 16,
        "Actual Loops": 1,
        "Output": ["(((rows.row_number - 1) / 1024))", "count(*)", "encode(sha256(convert_to((jsonb_build_object('format', 'gda-v49-research-component-chunk-v5', 'component', 'releaseObjects'::text, 'chunkSize', 1024, 'chunkOrdinal', (((rows.row_number - 1) / 1024)), 'rowDigests', jsonb_agg(rows.row_digest ORDER BY rows.row_number)))::text, 'UTF8'::name)), 'hex'::text)"],
        "Group Key": ["(((rows.row_number - 1) / 1024))"],
        "Shared Hit Blocks": 3,
        "Shared Read Blocks": 0,
        "Shared Dirtied Blocks": 0,
        "Shared Written Blocks": 0,
        "Local Hit Blocks": 0,
        "Local Read Blocks": 442,
        "Local Dirtied Blocks": 0,
        "Local Written Blocks": 0,
        "Temp Read Blocks": 0,
        "Temp Written Blocks": 0,
        "I/O Read Time": 0.000,
        "I/O Write Time": 0.000,
        "Temp I/O Read Time": 0.000,
        "Temp I/O Write Time": 0.000,
        "WAL Records": 0,
        "WAL FPI": 0,
        "WAL Bytes": 0,
        "Plans": [
          {
            "Node Type": "Sort",
            "Parent Relationship": "Outer",
            "Parallel Aware": false,
            "Async Capable": false,
            "Startup Cost": 1464.75,
            "Total Cost": 1466.14,
            "Plan Rows": 558,
            "Plan Width": 48,
            "Actual Startup Time": 6.770,
            "Actual Total Time": 7.118,
            "Actual Rows": 15923,
            "Actual Loops": 1,
            "Output": ["(((rows.row_number - 1) / 1024))", "rows.row_number", "rows.row_digest"],
            "Sort Key": ["(((rows.row_number - 1) / 1024))", "rows.row_number"],
            "Sort Method": "quicksort",
            "Sort Space Used": 2126,
            "Sort Space Type": "Memory",
            "Shared Hit Blocks": 3,
            "Shared Read Blocks": 0,
            "Shared Dirtied Blocks": 0,
            "Shared Written Blocks": 0,
            "Local Hit Blocks": 0,
            "Local Read Blocks": 442,
            "Local Dirtied Blocks": 0,
            "Local Written Blocks": 0,
            "Temp Read Blocks": 0,
            "Temp Written Blocks": 0,
            "I/O Read Time": 0.000,
            "I/O Write Time": 0.000,
            "Temp I/O Read Time": 0.000,
            "Temp I/O Write Time": 0.000,
            "WAL Records": 0,
            "WAL FPI": 0,
            "WAL Bytes": 0,
            "Plans": [
              {
                "Node Type": "Subquery Scan",
                "Parent Relationship": "Outer",
                "Parallel Aware": false,
                "Async Capable": false,
                "Alias": "rows",
                "Startup Cost": 1421.15,
                "Total Cost": 1439.29,
                "Plan Rows": 558,
                "Plan Width": 48,
                "Actual Startup Time": 3.020,
                "Actual Total Time": 5.814,
                "Actual Rows": 15923,
                "Actual Loops": 1,
                "Output": ["((rows.row_number - 1) / 1024)", "rows.row_number", "rows.row_digest"],
                "Shared Hit Blocks": 0,
                "Shared Read Blocks": 0,
                "Shared Dirtied Blocks": 0,
                "Shared Written Blocks": 0,
                "Local Hit Blocks": 0,
                "Local Read Blocks": 442,
                "Local Dirtied Blocks": 0,
                "Local Written Blocks": 0,
                "Temp Read Blocks": 0,
                "Temp Written Blocks": 0,
                "I/O Read Time": 0.000,
                "I/O Write Time": 0.000,
                "Temp I/O Read Time": 0.000,
                "Temp I/O Write Time": 0.000,
                "WAL Records": 0,
                "WAL FPI": 0,
                "WAL Bytes": 0,
                "Plans": [
                  {
                    "Node Type": "WindowAgg",
                    "Parent Relationship": "Subquery",
                    "Parallel Aware": false,
                    "Async Capable": false,
                    "Startup Cost": 1421.15,
                    "Total Cost": 1430.92,
                    "Plan Rows": 558,
                    "Plan Width": 72,
                    "Actual Startup Time": 3.020,
                    "Actual Total Time": 4.996,
                    "Actual Rows": 15923,
                    "Actual Loops": 1,
                    "Output": ["row_number() OVER (?)", "gda_v5_component_rows.row_digest", "gda_v5_component_rows.semantic_key"],
                    "Shared Hit Blocks": 0,
                    "Shared Read Blocks": 0,
                    "Shared Dirtied Blocks": 0,
                    "Shared Written Blocks": 0,
                    "Local Hit Blocks": 0,
                    "Local Read Blocks": 442,
                    "Local Dirtied Blocks": 0,
                    "Local Written Blocks": 0,
                    "Temp Read Blocks": 0,
                    "Temp Written Blocks": 0,
                    "I/O Read Time": 0.000,
                    "I/O Write Time": 0.000,
                    "Temp I/O Read Time": 0.000,
                    "Temp I/O Write Time": 0.000,
                    "WAL Records": 0,
                    "WAL FPI": 0,
                    "WAL Bytes": 0,
                    "Plans": [
                      {
                        "Node Type": "Sort",
                        "Parent Relationship": "Outer",
                        "Parallel Aware": false,
                        "Async Capable": false,
                        "Startup Cost": 1421.15,
                        "Total Cost": 1422.55,
                        "Plan Rows": 558,
                        "Plan Width": 64,
                        "Actual Startup Time": 3.018,
                        "Actual Total Time": 3.362,
                        "Actual Rows": 15923,
                        "Actual Loops": 1,
                        "Output": ["gda_v5_component_rows.semantic_key", "gda_v5_component_rows.row_digest"],
                        "Sort Key": ["gda_v5_component_rows.semantic_key"],
                        "Sort Method": "quicksort",
                        "Sort Space Used": 2375,
                        "Sort Space Type": "Memory",
                        "Shared Hit Blocks": 0,
                        "Shared Read Blocks": 0,
                        "Shared Dirtied Blocks": 0,
                        "Shared Written Blocks": 0,
                        "Local Hit Blocks": 0,
                        "Local Read Blocks": 442,
                        "Local Dirtied Blocks": 0,
                        "Local Written Blocks": 0,
                        "Temp Read Blocks": 0,
                        "Temp Written Blocks": 0,
                        "I/O Read Time": 0.000,
                        "I/O Write Time": 0.000,
                        "Temp I/O Read Time": 0.000,
                        "Temp I/O Write Time": 0.000,
                        "WAL Records": 0,
                        "WAL FPI": 0,
                        "WAL Bytes": 0,
                        "Plans": [
                          {
                            "Node Type": "Bitmap Heap Scan",
                            "Parent Relationship": "Outer",
                            "Parallel Aware": false,
                            "Async Capable": false,
                            "Relation Name": "gda_v5_component_rows",
                            "Schema": "pg_temp",
                            "Alias": "gda_v5_component_rows",
                            "Startup Cost": 40.74,
                            "Total Cost": 1395.70,
                            "Plan Rows": 558,
                            "Plan Width": 64,
                            "Actual Startup Time": 0.761,
                            "Actual Total Time": 2.160,
                            "Actual Rows": 15923,
                            "Actual Loops": 1,
                            "Output": ["gda_v5_component_rows.semantic_key", "gda_v5_component_rows.row_digest"],
                            "Recheck Cond": "(gda_v5_component_rows.component_code = 'releaseObjects'::text)",
                            "Rows Removed by Index Recheck": 0,
                            "Exact Heap Blocks": 290,
                            "Lossy Heap Blocks": 0,
                            "Shared Hit Blocks": 0,
                            "Shared Read Blocks": 0,
                            "Shared Dirtied Blocks": 0,
                            "Shared Written Blocks": 0,
                            "Local Hit Blocks": 0,
                            "Local Read Blocks": 442,
                            "Local Dirtied Blocks": 0,
                            "Local Written Blocks": 0,
                            "Temp Read Blocks": 0,
                            "Temp Written Blocks": 0,
                            "I/O Read Time": 0.000,
                            "I/O Write Time": 0.000,
                            "Temp I/O Read Time": 0.000,
                            "Temp I/O Write Time": 0.000,
                            "WAL Records": 0,
                            "WAL FPI": 0,
                            "WAL Bytes": 0,
                            "Plans": [
                              {
                                "Node Type": "Bitmap Index Scan",
                                "Parent Relationship": "Outer",
                                "Parallel Aware": false,
                                "Async Capable": false,
                                "Index Name": "gda_v5_component_rows_component_code_semantic_key_idx",
                                "Startup Cost": 0.00,
                                "Total Cost": 40.60,
                                "Plan Rows": 558,
                                "Plan Width": 0,
                                "Actual Startup Time": 0.741,
                                "Actual Total Time": 0.741,
                                "Actual Rows": 15923,
                                "Actual Loops": 1,
                                "Index Cond": "(gda_v5_component_rows.component_code = 'releaseObjects'::text)",
                                "Shared Hit Blocks": 0,
                                "Shared Read Blocks": 0,
                                "Shared Dirtied Blocks": 0,
                                "Shared Written Blocks": 0,
                                "Local Hit Blocks": 0,
                                "Local Read Blocks": 152,
                                "Local Dirtied Blocks": 0,
                                "Local Written Blocks": 0,
                                "Temp Read Blocks": 0,
                                "Temp Written Blocks": 0,
                                "I/O Read Time": 0.000,
                                "I/O Write Time": 0.000,
                                "Temp I/O Read Time": 0.000,
                                "Temp I/O Write Time": 0.000,
                                "WAL Records": 0,
                                "WAL FPI": 0,
                                "WAL Bytes": 0
                              }
                            ]
                          }
                        ]
                      }
                    ]
                  }
                ]
              }
            ]
          }
        ]
      },
      {
        "Node Type": "Aggregate",
        "Strategy": "Plain",
        "Partial Mode": "Simple",
        "Parent Relationship": "InitPlan",
        "Subplan Name": "InitPlan 2 (returns $1)",
        "Parallel Aware": false,
        "Async Capable": false,
        "Startup Cost": 4.50,
        "Total Cost": 4.51,
        "Plan Rows": 1,
        "Plan Width": 32,
        "Actual Startup Time": 13.253,
        "Actual Total Time": 13.253,
        "Actual Rows": 1,
        "Actual Loops": 1,
        "Output": ["sum(chunks.chunk_row_count)"],
        "Shared Hit Blocks": 3,
        "Shared Read Blocks": 0,
        "Shared Dirtied Blocks": 0,
        "Shared Written Blocks": 0,
        "Local Hit Blocks": 0,
        "Local Read Blocks": 442,
        "Local Dirtied Blocks": 0,
        "Local Written Blocks": 0,
        "Temp Read Blocks": 0,
        "Temp Written Blocks": 0,
        "I/O Read Time": 0.000,
        "I/O Write Time": 0.000,
        "Temp I/O Read Time": 0.000,
        "Temp I/O Write Time": 0.000,
        "WAL Records": 0,
        "WAL FPI": 0,
        "WAL Bytes": 0,
        "Plans": [
          {
            "Node Type": "CTE Scan",
            "Parent Relationship": "Outer",
            "Parallel Aware": false,
            "Async Capable": false,
            "CTE Name": "chunks",
            "Alias": "chunks",
            "Startup Cost": 0.00,
            "Total Cost": 4.00,
            "Plan Rows": 200,
            "Plan Width": 8,
            "Actual Startup Time": 7.216,
            "Actual Total Time": 13.250,
            "Actual Rows": 16,
            "Actual Loops": 1,
            "Output": ["chunks.chunk_ordinal", "chunks.chunk_row_count", "chunks.chunk_digest"],
            "Shared Hit Blocks": 3,
            "Shared Read Blocks": 0,
            "Shared Dirtied Blocks": 0,
            "Shared Written Blocks": 0,
            "Local Hit Blocks": 0,
            "Local Read Blocks": 442,
            "Local Dirtied Blocks": 0,
            "Local Written Blocks": 0,
            "Temp Read Blocks": 0,
            "Temp Written Blocks": 0,
            "I/O Read Time": 0.000,
            "I/O Write Time": 0.000,
            "Temp I/O Read Time": 0.000,
            "Temp I/O Write Time": 0.000,
            "WAL Records": 0,
            "WAL FPI": 0,
            "WAL Bytes": 0
          }
        ]
      },
      {
        "Node Type": "Aggregate",
        "Strategy": "Plain",
        "Partial Mode": "Simple",
        "Parent Relationship": "InitPlan",
        "Subplan Name": "InitPlan 3 (returns $2)",
        "Parallel Aware": false,
        "Async Capable": false,
        "Startup Cost": 13.15,
        "Total Cost": 13.16,
        "Plan Rows": 1,
        "Plan Width": 32,
        "Actual Startup Time": 0.022,
        "Actual Total Time": 0.022,
        "Actual Rows": 1,
        "Actual Loops": 1,
        "Output": ["jsonb_agg(jsonb_build_array(chunks_1.chunk_ordinal, chunks_1.chunk_row_count, chunks_1.chunk_digest) ORDER BY chunks_1.chunk_ordinal)"],
        "Shared Hit Blocks": 0,
        "Shared Read Blocks": 0,
        "Shared Dirtied Blocks": 0,
        "Shared Written Blocks": 0,
        "Local Hit Blocks": 0,
        "Local Read Blocks": 0,
        "Local Dirtied Blocks": 0,
        "Local Written Blocks": 0,
        "Temp Read Blocks": 0,
        "Temp Written Blocks": 0,
        "I/O Read Time": 0.000,
        "I/O Write Time": 0.000,
        "Temp I/O Read Time": 0.000,
        "Temp I/O Write Time": 0.000,
        "WAL Records": 0,
        "WAL FPI": 0,
        "WAL Bytes": 0,
        "Plans": [
          {
            "Node Type": "Sort",
            "Parent Relationship": "Outer",
            "Parallel Aware": false,
            "Async Capable": false,
            "Startup Cost": 11.64,
            "Total Cost": 12.14,
            "Plan Rows": 200,
            "Plan Width": 48,
            "Actual Startup Time": 0.007,
            "Actual Total Time": 0.008,
            "Actual Rows": 16,
            "Actual Loops": 1,
            "Output": ["chunks_1.chunk_ordinal", "chunks_1.chunk_row_count", "chunks_1.chunk_digest"],
            "Sort Key": ["chunks_1.chunk_ordinal"],
            "Sort Method": "quicksort",
            "Sort Space Used": 26,
            "Sort Space Type": "Memory",
            "Shared Hit Blocks": 0,
            "Shared Read Blocks": 0,
            "Shared Dirtied Blocks": 0,
            "Shared Written Blocks": 0,
            "Local Hit Blocks": 0,
            "Local Read Blocks": 0,
            "Local Dirtied Blocks": 0,
            "Local Written Blocks": 0,
            "Temp Read Blocks": 0,
            "Temp Written Blocks": 0,
            "I/O Read Time": 0.000,
            "I/O Write Time": 0.000,
            "Temp I/O Read Time": 0.000,
            "Temp I/O Write Time": 0.000,
            "WAL Records": 0,
            "WAL FPI": 0,
            "WAL Bytes": 0,
            "Plans": [
              {
                "Node Type": "CTE Scan",
                "Parent Relationship": "Outer",
                "Parallel Aware": false,
                "Async Capable": false,
                "CTE Name": "chunks",
                "Alias": "chunks_1",
                "Startup Cost": 0.00,
                "Total Cost": 4.00,
                "Plan Rows": 200,
                "Plan Width": 48,
                "Actual Startup Time": 0.000,
                "Actual Total Time": 0.001,
                "Actual Rows": 16,
                "Actual Loops": 1,
                "Output": ["chunks_1.chunk_ordinal", "chunks_1.chunk_row_count", "chunks_1.chunk_digest"],
                "Shared Hit Blocks": 0,
                "Shared Read Blocks": 0,
                "Shared Dirtied Blocks": 0,
                "Shared Written Blocks": 0,
                "Local Hit Blocks": 0,
                "Local Read Blocks": 0,
                "Local Dirtied Blocks": 0,
                "Local Written Blocks": 0,
                "Temp Read Blocks": 0,
                "Temp Written Blocks": 0,
                "I/O Read Time": 0.000,
                "I/O Write Time": 0.000,
                "Temp I/O Read Time": 0.000,
                "Temp I/O Write Time": 0.000,
                "WAL Records": 0,
                "WAL FPI": 0,
                "WAL Bytes": 0
              }
            ]
          }
        ]
      }
    ]
  }
}
psql:/private/tmp/graphic_design_archive_v49_repository_hygiene/database/tests/009_release_projection_snapshot_performance_scale.sql:34: LOG:  duration: 13.447 ms  plan:
{
  "Query Text": "WITH chunks AS (\n    SELECT ((row_number-1)/1024)::bigint AS chunk_ordinal,count(*)::bigint AS chunk_row_count,\n      encode(sha256(convert_to(jsonb_build_object(\n        'format','gda-v49-research-component-chunk-v5','component',p_component,\n        'chunkSize',1024,'chunkOrdinal',((row_number-1)/1024)::bigint,\n        'rowDigests',jsonb_agg(row_digest ORDER BY row_number)\n      )::text,'UTF8')),'hex') AS chunk_digest\n    FROM (\n      SELECT row_number() OVER (ORDER BY semantic_key) AS row_number,row_digest\n      FROM pg_temp.gda_v5_component_rows WHERE component_code=p_component\n    ) rows GROUP BY ((row_number-1)/1024)\n  )\n  SELECT encode(sha256(convert_to(jsonb_build_object(\n    'format','gda-v49-research-component-merkle-v5','component',p_component,\n    'rowCount',coalesce((SELECT sum(chunk_row_count) FROM chunks),0),\n    'chunkSize',1024,\n    'chunks',coalesce((SELECT jsonb_agg(jsonb_build_array(chunk_ordinal,chunk_row_count,chunk_digest)\n      ORDER BY chunk_ordinal) FROM chunks),'[]'::jsonb)\n  )::text,'UTF8')),'hex')::core.sha256_hex",
  "Plan": {
    "Node Type": "Result",
    "Parallel Aware": false,
    "Async Capable": false,
    "Startup Cost": 1495.49,
    "Total Cost": 1495.52,
    "Plan Rows": 1,
    "Plan Width": 32,
    "Actual Startup Time": 13.445,
    "Actual Total Time": 13.446,
    "Actual Rows": 1,
    "Actual Loops": 1,
    "Output": ["(encode(sha256(convert_to((jsonb_build_object('format', 'gda-v49-research-component-merkle-v5', 'component', 'surfacePresentation'::text, 'rowCount', COALESCE($1, '0'::numeric), 'chunkSize', 1024, 'chunks', COALESCE($2, '[]'::jsonb)))::text, 'UTF8'::name)), 'hex'::text))::core.sha256_hex"],
    "Shared Hit Blocks": 0,
    "Shared Read Blocks": 0,
    "Shared Dirtied Blocks": 0,
    "Shared Written Blocks": 0,
    "Local Hit Blocks": 2,
    "Local Read Blocks": 474,
    "Local Dirtied Blocks": 0,
    "Local Written Blocks": 0,
    "Temp Read Blocks": 0,
    "Temp Written Blocks": 0,
    "I/O Read Time": 0.000,
    "I/O Write Time": 0.000,
    "Temp I/O Read Time": 0.000,
    "Temp I/O Write Time": 0.000,
    "WAL Records": 0,
    "WAL FPI": 0,
    "WAL Bytes": 0,
    "Plans": [
      {
        "Node Type": "Aggregate",
        "Strategy": "Sorted",
        "Partial Mode": "Simple",
        "Parent Relationship": "InitPlan",
        "Subplan Name": "CTE chunks",
        "Parallel Aware": false,
        "Async Capable": false,
        "Startup Cost": 1464.75,
        "Total Cost": 1477.83,
        "Plan Rows": 200,
        "Plan Width": 48,
        "Actual Startup Time": 7.335,
        "Actual Total Time": 13.391,
        "Actual Rows": 16,
        "Actual Loops": 1,
        "Output": ["(((rows.row_number - 1) / 1024))", "count(*)", "encode(sha256(convert_to((jsonb_build_object('format', 'gda-v49-research-component-chunk-v5', 'component', 'surfacePresentation'::text, 'chunkSize', 1024, 'chunkOrdinal', (((rows.row_number - 1) / 1024)), 'rowDigests', jsonb_agg(rows.row_digest ORDER BY rows.row_number)))::text, 'UTF8'::name)), 'hex'::text)"],
        "Group Key": ["(((rows.row_number - 1) / 1024))"],
        "Shared Hit Blocks": 0,
        "Shared Read Blocks": 0,
        "Shared Dirtied Blocks": 0,
        "Shared Written Blocks": 0,
        "Local Hit Blocks": 2,
        "Local Read Blocks": 474,
        "Local Dirtied Blocks": 0,
        "Local Written Blocks": 0,
        "Temp Read Blocks": 0,
        "Temp Written Blocks": 0,
        "I/O Read Time": 0.000,
        "I/O Write Time": 0.000,
        "Temp I/O Read Time": 0.000,
        "Temp I/O Write Time": 0.000,
        "WAL Records": 0,
        "WAL FPI": 0,
        "WAL Bytes": 0,
        "Plans": [
          {
            "Node Type": "Sort",
            "Parent Relationship": "Outer",
            "Parallel Aware": false,
            "Async Capable": false,
            "Startup Cost": 1464.75,
            "Total Cost": 1466.14,
            "Plan Rows": 558,
            "Plan Width": 48,
            "Actual Startup Time": 6.897,
            "Actual Total Time": 7.247,
            "Actual Rows": 15923,
            "Actual Loops": 1,
            "Output": ["(((rows.row_number - 1) / 1024))", "rows.row_number", "rows.row_digest"],
            "Sort Key": ["(((rows.row_number - 1) / 1024))", "rows.row_number"],
            "Sort Method": "quicksort",
            "Sort Space Used": 2126,
            "Sort Space Type": "Memory",
            "Shared Hit Blocks": 0,
            "Shared Read Blocks": 0,
            "Shared Dirtied Blocks": 0,
            "Shared Written Blocks": 0,
            "Local Hit Blocks": 2,
            "Local Read Blocks": 474,
            "Local Dirtied Blocks": 0,
            "Local Written Blocks": 0,
            "Temp Read Blocks": 0,
            "Temp Written Blocks": 0,
            "I/O Read Time": 0.000,
            "I/O Write Time": 0.000,
            "Temp I/O Read Time": 0.000,
            "Temp I/O Write Time": 0.000,
            "WAL Records": 0,
            "WAL FPI": 0,
            "WAL Bytes": 0,
            "Plans": [
              {
                "Node Type": "Subquery Scan",
                "Parent Relationship": "Outer",
                "Parallel Aware": false,
                "Async Capable": false,
                "Alias": "rows",
                "Startup Cost": 1421.15,
                "Total Cost": 1439.29,
                "Plan Rows": 558,
                "Plan Width": 48,
                "Actual Startup Time": 3.064,
                "Actual Total Time": 5.921,
                "Actual Rows": 15923,
                "Actual Loops": 1,
                "Output": ["((rows.row_number - 1) / 1024)", "rows.row_number", "rows.row_digest"],
                "Shared Hit Blocks": 0,
                "Shared Read Blocks": 0,
                "Shared Dirtied Blocks": 0,
                "Shared Written Blocks": 0,
                "Local Hit Blocks": 2,
                "Local Read Blocks": 474,
                "Local Dirtied Blocks": 0,
                "Local Written Blocks": 0,
                "Temp Read Blocks": 0,
                "Temp Written Blocks": 0,
                "I/O Read Time": 0.000,
                "I/O Write Time": 0.000,
                "Temp I/O Read Time": 0.000,
                "Temp I/O Write Time": 0.000,
                "WAL Records": 0,
                "WAL FPI": 0,
                "WAL Bytes": 0,
                "Plans": [
                  {
                    "Node Type": "WindowAgg",
                    "Parent Relationship": "Subquery",
                    "Parallel Aware": false,
                    "Async Capable": false,
                    "Startup Cost": 1421.15,
                    "Total Cost": 1430.92,
                    "Plan Rows": 558,
                    "Plan Width": 72,
                    "Actual Startup Time": 3.064,
                    "Actual Total Time": 5.094,
                    "Actual Rows": 15923,
                    "Actual Loops": 1,
                    "Output": ["row_number() OVER (?)", "gda_v5_component_rows.row_digest", "gda_v5_component_rows.semantic_key"],
                    "Shared Hit Blocks": 0,
                    "Shared Read Blocks": 0,
                    "Shared Dirtied Blocks": 0,
                    "Shared Written Blocks": 0,
                    "Local Hit Blocks": 2,
                    "Local Read Blocks": 474,
                    "Local Dirtied Blocks": 0,
                    "Local Written Blocks": 0,
                    "Temp Read Blocks": 0,
                    "Temp Written Blocks": 0,
                    "I/O Read Time": 0.000,
                    "I/O Write Time": 0.000,
                    "Temp I/O Read Time": 0.000,
                    "Temp I/O Write Time": 0.000,
                    "WAL Records": 0,
                    "WAL FPI": 0,
                    "WAL Bytes": 0,
                    "Plans": [
                      {
                        "Node Type": "Sort",
                        "Parent Relationship": "Outer",
                        "Parallel Aware": false,
                        "Async Capable": false,
                        "Startup Cost": 1421.15,
                        "Total Cost": 1422.55,
                        "Plan Rows": 558,
                        "Plan Width": 64,
                        "Actual Startup Time": 3.062,
                        "Actual Total Time": 3.407,
                        "Actual Rows": 15923,
                        "Actual Loops": 1,
                        "Output": ["gda_v5_component_rows.semantic_key", "gda_v5_component_rows.row_digest"],
                        "Sort Key": ["gda_v5_component_rows.semantic_key"],
                        "Sort Method": "quicksort",
                        "Sort Space Used": 2375,
                        "Sort Space Type": "Memory",
                        "Shared Hit Blocks": 0,
                        "Shared Read Blocks": 0,
                        "Shared Dirtied Blocks": 0,
                        "Shared Written Blocks": 0,
                        "Local Hit Blocks": 2,
                        "Local Read Blocks": 474,
                        "Local Dirtied Blocks": 0,
                        "Local Written Blocks": 0,
                        "Temp Read Blocks": 0,
                        "Temp Written Blocks": 0,
                        "I/O Read Time": 0.000,
                        "I/O Write Time": 0.000,
                        "Temp I/O Read Time": 0.000,
                        "Temp I/O Write Time": 0.000,
                        "WAL Records": 0,
                        "WAL FPI": 0,
                        "WAL Bytes": 0,
                        "Plans": [
                          {
                            "Node Type": "Bitmap Heap Scan",
                            "Parent Relationship": "Outer",
                            "Parallel Aware": false,
                            "Async Capable": false,
                            "Relation Name": "gda_v5_component_rows",
                            "Schema": "pg_temp",
                            "Alias": "gda_v5_component_rows",
                            "Startup Cost": 40.74,
                            "Total Cost": 1395.70,
                            "Plan Rows": 558,
                            "Plan Width": 64,
                            "Actual Startup Time": 0.751,
                            "Actual Total Time": 2.198,
                            "Actual Rows": 15923,
                            "Actual Loops": 1,
                            "Output": ["gda_v5_component_rows.semantic_key", "gda_v5_component_rows.row_digest"],
                            "Recheck Cond": "(gda_v5_component_rows.component_code = 'surfacePresentation'::text)",
                            "Rows Removed by Index Recheck": 0,
                            "Exact Heap Blocks": 307,
                            "Lossy Heap Blocks": 0,
                            "Shared Hit Blocks": 0,
                            "Shared Read Blocks": 0,
                            "Shared Dirtied Blocks": 0,
                            "Shared Written Blocks": 0,
                            "Local Hit Blocks": 2,
                            "Local Read Blocks": 474,
                            "Local Dirtied Blocks": 0,
                            "Local Written Blocks": 0,
                            "Temp Read Blocks": 0,
                            "Temp Written Blocks": 0,
                            "I/O Read Time": 0.000,
                            "I/O Write Time": 0.000,
                            "Temp I/O Read Time": 0.000,
                            "Temp I/O Write Time": 0.000,
                            "WAL Records": 0,
                            "WAL FPI": 0,
                            "WAL Bytes": 0,
                            "Plans": [
                              {
                                "Node Type": "Bitmap Index Scan",
                                "Parent Relationship": "Outer",
                                "Parallel Aware": false,
                                "Async Capable": false,
                                "Index Name": "gda_v5_component_rows_component_code_semantic_key_idx",
                                "Startup Cost": 0.00,
                                "Total Cost": 40.60,
                                "Plan Rows": 558,
                                "Plan Width": 0,
                                "Actual Startup Time": 0.732,
                                "Actual Total Time": 0.732,
                                "Actual Rows": 15923,
                                "Actual Loops": 1,
                                "Index Cond": "(gda_v5_component_rows.component_code = 'surfacePresentation'::text)",
                                "Shared Hit Blocks": 0,
                                "Shared Read Blocks": 0,
                                "Shared Dirtied Blocks": 0,
                                "Shared Written Blocks": 0,
                                "Local Hit Blocks": 1,
                                "Local Read Blocks": 168,
                                "Local Dirtied Blocks": 0,
                                "Local Written Blocks": 0,
                                "Temp Read Blocks": 0,
                                "Temp Written Blocks": 0,
                                "I/O Read Time": 0.000,
                                "I/O Write Time": 0.000,
                                "Temp I/O Read Time": 0.000,
                                "Temp I/O Write Time": 0.000,
                                "WAL Records": 0,
                                "WAL FPI": 0,
                                "WAL Bytes": 0
                              }
                            ]
                          }
                        ]
                      }
                    ]
                  }
                ]
              }
            ]
          }
        ]
      },
      {
        "Node Type": "Aggregate",
        "Strategy": "Plain",
        "Partial Mode": "Simple",
        "Parent Relationship": "InitPlan",
        "Subplan Name": "InitPlan 2 (returns $1)",
        "Parallel Aware": false,
        "Async Capable": false,
        "Startup Cost": 4.50,
        "Total Cost": 4.51,
        "Plan Rows": 1,
        "Plan Width": 32,
        "Actual Startup Time": 13.397,
        "Actual Total Time": 13.397,
        "Actual Rows": 1,
        "Actual Loops": 1,
        "Output": ["sum(chunks.chunk_row_count)"],
        "Shared Hit Blocks": 0,
        "Shared Read Blocks": 0,
        "Shared Dirtied Blocks": 0,
        "Shared Written Blocks": 0,
        "Local Hit Blocks": 2,
        "Local Read Blocks": 474,
        "Local Dirtied Blocks": 0,
        "Local Written Blocks": 0,
        "Temp Read Blocks": 0,
        "Temp Written Blocks": 0,
        "I/O Read Time": 0.000,
        "I/O Write Time": 0.000,
        "Temp I/O Read Time": 0.000,
        "Temp I/O Write Time": 0.000,
        "WAL Records": 0,
        "WAL FPI": 0,
        "WAL Bytes": 0,
        "Plans": [
          {
            "Node Type": "CTE Scan",
            "Parent Relationship": "Outer",
            "Parallel Aware": false,
            "Async Capable": false,
            "CTE Name": "chunks",
            "Alias": "chunks",
            "Startup Cost": 0.00,
            "Total Cost": 4.00,
            "Plan Rows": 200,
            "Plan Width": 8,
            "Actual Startup Time": 7.336,
            "Actual Total Time": 13.393,
            "Actual Rows": 16,
            "Actual Loops": 1,
            "Output": ["chunks.chunk_ordinal", "chunks.chunk_row_count", "chunks.chunk_digest"],
            "Shared Hit Blocks": 0,
            "Shared Read Blocks": 0,
            "Shared Dirtied Blocks": 0,
            "Shared Written Blocks": 0,
            "Local Hit Blocks": 2,
            "Local Read Blocks": 474,
            "Local Dirtied Blocks": 0,
            "Local Written Blocks": 0,
            "Temp Read Blocks": 0,
            "Temp Written Blocks": 0,
            "I/O Read Time": 0.000,
            "I/O Write Time": 0.000,
            "Temp I/O Read Time": 0.000,
            "Temp I/O Write Time": 0.000,
            "WAL Records": 0,
            "WAL FPI": 0,
            "WAL Bytes": 0
          }
        ]
      },
      {
        "Node Type": "Aggregate",
        "Strategy": "Plain",
        "Partial Mode": "Simple",
        "Parent Relationship": "InitPlan",
        "Subplan Name": "InitPlan 3 (returns $2)",
        "Parallel Aware": false,
        "Async Capable": false,
        "Startup Cost": 13.15,
        "Total Cost": 13.16,
        "Plan Rows": 1,
        "Plan Width": 32,
        "Actual Startup Time": 0.022,
        "Actual Total Time": 0.022,
        "Actual Rows": 1,
        "Actual Loops": 1,
        "Output": ["jsonb_agg(jsonb_build_array(chunks_1.chunk_ordinal, chunks_1.chunk_row_count, chunks_1.chunk_digest) ORDER BY chunks_1.chunk_ordinal)"],
        "Shared Hit Blocks": 0,
        "Shared Read Blocks": 0,
        "Shared Dirtied Blocks": 0,
        "Shared Written Blocks": 0,
        "Local Hit Blocks": 0,
        "Local Read Blocks": 0,
        "Local Dirtied Blocks": 0,
        "Local Written Blocks": 0,
        "Temp Read Blocks": 0,
        "Temp Written Blocks": 0,
        "I/O Read Time": 0.000,
        "I/O Write Time": 0.000,
        "Temp I/O Read Time": 0.000,
        "Temp I/O Write Time": 0.000,
        "WAL Records": 0,
        "WAL FPI": 0,
        "WAL Bytes": 0,
        "Plans": [
          {
            "Node Type": "Sort",
            "Parent Relationship": "Outer",
            "Parallel Aware": false,
            "Async Capable": false,
            "Startup Cost": 11.64,
            "Total Cost": 12.14,
            "Plan Rows": 200,
            "Plan Width": 48,
            "Actual Startup Time": 0.008,
            "Actual Total Time": 0.008,
            "Actual Rows": 16,
            "Actual Loops": 1,
            "Output": ["chunks_1.chunk_ordinal", "chunks_1.chunk_row_count", "chunks_1.chunk_digest"],
            "Sort Key": ["chunks_1.chunk_ordinal"],
            "Sort Method": "quicksort",
            "Sort Space Used": 26,
            "Sort Space Type": "Memory",
            "Shared Hit Blocks": 0,
            "Shared Read Blocks": 0,
            "Shared Dirtied Blocks": 0,
            "Shared Written Blocks": 0,
            "Local Hit Blocks": 0,
            "Local Read Blocks": 0,
            "Local Dirtied Blocks": 0,
            "Local Written Blocks": 0,
            "Temp Read Blocks": 0,
            "Temp Written Blocks": 0,
            "I/O Read Time": 0.000,
            "I/O Write Time": 0.000,
            "Temp I/O Read Time": 0.000,
            "Temp I/O Write Time": 0.000,
            "WAL Records": 0,
            "WAL FPI": 0,
            "WAL Bytes": 0,
            "Plans": [
              {
                "Node Type": "CTE Scan",
                "Parent Relationship": "Outer",
                "Parallel Aware": false,
                "Async Capable": false,
                "CTE Name": "chunks",
                "Alias": "chunks_1",
                "Startup Cost": 0.00,
                "Total Cost": 4.00,
                "Plan Rows": 200,
                "Plan Width": 48,
                "Actual Startup Time": 0.000,
                "Actual Total Time": 0.001,
                "Actual Rows": 16,
                "Actual Loops": 1,
                "Output": ["chunks_1.chunk_ordinal", "chunks_1.chunk_row_count", "chunks_1.chunk_digest"],
                "Shared Hit Blocks": 0,
                "Shared Read Blocks": 0,
                "Shared Dirtied Blocks": 0,
                "Shared Written Blocks": 0,
                "Local Hit Blocks": 0,
                "Local Read Blocks": 0,
                "Local Dirtied Blocks": 0,
                "Local Written Blocks": 0,
                "Temp Read Blocks": 0,
                "Temp Written Blocks": 0,
                "I/O Read Time": 0.000,
                "I/O Write Time": 0.000,
                "Temp I/O Read Time": 0.000,
                "Temp I/O Write Time": 0.000,
                "WAL Records": 0,
                "WAL FPI": 0,
                "WAL Bytes": 0
              }
            ]
          }
        ]
      }
    ]
  }
}
psql:/private/tmp/graphic_design_archive_v49_repository_hygiene/database/tests/009_release_projection_snapshot_performance_scale.sql:34: LOG:  duration: 13.481 ms  plan:
{
  "Query Text": "WITH chunks AS (\n    SELECT ((row_number-1)/1024)::bigint AS chunk_ordinal,count(*)::bigint AS chunk_row_count,\n      encode(sha256(convert_to(jsonb_build_object(\n        'format','gda-v49-research-component-chunk-v5','component',p_component,\n        'chunkSize',1024,'chunkOrdinal',((row_number-1)/1024)::bigint,\n        'rowDigests',jsonb_agg(row_digest ORDER BY row_number)\n      )::text,'UTF8')),'hex') AS chunk_digest\n    FROM (\n      SELECT row_number() OVER (ORDER BY semantic_key) AS row_number,row_digest\n      FROM pg_temp.gda_v5_component_rows WHERE component_code=p_component\n    ) rows GROUP BY ((row_number-1)/1024)\n  )\n  SELECT encode(sha256(convert_to(jsonb_build_object(\n    'format','gda-v49-research-component-merkle-v5','component',p_component,\n    'rowCount',coalesce((SELECT sum(chunk_row_count) FROM chunks),0),\n    'chunkSize',1024,\n    'chunks',coalesce((SELECT jsonb_agg(jsonb_build_array(chunk_ordinal,chunk_row_count,chunk_digest)\n      ORDER BY chunk_ordinal) FROM chunks),'[]'::jsonb)\n  )::text,'UTF8')),'hex')::core.sha256_hex",
  "Plan": {
    "Node Type": "Result",
    "Parallel Aware": false,
    "Async Capable": false,
    "Startup Cost": 1495.49,
    "Total Cost": 1495.52,
    "Plan Rows": 1,
    "Plan Width": 32,
    "Actual Startup Time": 13.479,
    "Actual Total Time": 13.480,
    "Actual Rows": 1,
    "Actual Loops": 1,
    "Output": ["(encode(sha256(convert_to((jsonb_build_object('format', 'gda-v49-research-component-merkle-v5', 'component', 'surfaceCitations'::text, 'rowCount', COALESCE($1, '0'::numeric), 'chunkSize', 1024, 'chunks', COALESCE($2, '[]'::jsonb)))::text, 'UTF8'::name)), 'hex'::text))::core.sha256_hex"],
    "Shared Hit Blocks": 0,
    "Shared Read Blocks": 0,
    "Shared Dirtied Blocks": 0,
    "Shared Written Blocks": 0,
    "Local Hit Blocks": 3,
    "Local Read Blocks": 509,
    "Local Dirtied Blocks": 0,
    "Local Written Blocks": 0,
    "Temp Read Blocks": 0,
    "Temp Written Blocks": 0,
    "I/O Read Time": 0.000,
    "I/O Write Time": 0.000,
    "Temp I/O Read Time": 0.000,
    "Temp I/O Write Time": 0.000,
    "WAL Records": 0,
    "WAL FPI": 0,
    "WAL Bytes": 0,
    "Plans": [
      {
        "Node Type": "Aggregate",
        "Strategy": "Sorted",
        "Partial Mode": "Simple",
        "Parent Relationship": "InitPlan",
        "Subplan Name": "CTE chunks",
        "Parallel Aware": false,
        "Async Capable": false,
        "Startup Cost": 1464.75,
        "Total Cost": 1477.83,
        "Plan Rows": 200,
        "Plan Width": 48,
        "Actual Startup Time": 7.377,
        "Actual Total Time": 13.434,
        "Actual Rows": 16,
        "Actual Loops": 1,
        "Output": ["(((rows.row_number - 1) / 1024))", "count(*)", "encode(sha256(convert_to((jsonb_build_object('format', 'gda-v49-research-component-chunk-v5', 'component', 'surfaceCitations'::text, 'chunkSize', 1024, 'chunkOrdinal', (((rows.row_number - 1) / 1024)), 'rowDigests', jsonb_agg(rows.row_digest ORDER BY rows.row_number)))::text, 'UTF8'::name)), 'hex'::text)"],
        "Group Key": ["(((rows.row_number - 1) / 1024))"],
        "Shared Hit Blocks": 0,
        "Shared Read Blocks": 0,
        "Shared Dirtied Blocks": 0,
        "Shared Written Blocks": 0,
        "Local Hit Blocks": 3,
        "Local Read Blocks": 509,
        "Local Dirtied Blocks": 0,
        "Local Written Blocks": 0,
        "Temp Read Blocks": 0,
        "Temp Written Blocks": 0,
        "I/O Read Time": 0.000,
        "I/O Write Time": 0.000,
        "Temp I/O Read Time": 0.000,
        "Temp I/O Write Time": 0.000,
        "WAL Records": 0,
        "WAL FPI": 0,
        "WAL Bytes": 0,
        "Plans": [
          {
            "Node Type": "Sort",
            "Parent Relationship": "Outer",
            "Parallel Aware": false,
            "Async Capable": false,
            "Startup Cost": 1464.75,
            "Total Cost": 1466.14,
            "Plan Rows": 558,
            "Plan Width": 48,
            "Actual Startup Time": 6.938,
            "Actual Total Time": 7.289,
            "Actual Rows": 15923,
            "Actual Loops": 1,
            "Output": ["(((rows.row_number - 1) / 1024))", "rows.row_number", "rows.row_digest"],
            "Sort Key": ["(((rows.row_number - 1) / 1024))", "rows.row_number"],
            "Sort Method": "quicksort",
            "Sort Space Used": 2126,
            "Sort Space Type": "Memory",
            "Shared Hit Blocks": 0,
            "Shared Read Blocks": 0,
            "Shared Dirtied Blocks": 0,
            "Shared Written Blocks": 0,
            "Local Hit Blocks": 3,
            "Local Read Blocks": 509,
            "Local Dirtied Blocks": 0,
            "Local Written Blocks": 0,
            "Temp Read Blocks": 0,
            "Temp Written Blocks": 0,
            "I/O Read Time": 0.000,
            "I/O Write Time": 0.000,
            "Temp I/O Read Time": 0.000,
            "Temp I/O Write Time": 0.000,
            "WAL Records": 0,
            "WAL FPI": 0,
            "WAL Bytes": 0,
            "Plans": [
              {
                "Node Type": "Subquery Scan",
                "Parent Relationship": "Outer",
                "Parallel Aware": false,
                "Async Capable": false,
                "Alias": "rows",
                "Startup Cost": 1421.15,
                "Total Cost": 1439.29,
                "Plan Rows": 558,
                "Plan Width": 48,
                "Actual Startup Time": 3.158,
                "Actual Total Time": 5.974,
                "Actual Rows": 15923,
                "Actual Loops": 1,
                "Output": ["((rows.row_number - 1) / 1024)", "rows.row_number", "rows.row_digest"],
                "Shared Hit Blocks": 0,
                "Shared Read Blocks": 0,
                "Shared Dirtied Blocks": 0,
                "Shared Written Blocks": 0,
                "Local Hit Blocks": 3,
                "Local Read Blocks": 509,
                "Local Dirtied Blocks": 0,
                "Local Written Blocks": 0,
                "Temp Read Blocks": 0,
                "Temp Written Blocks": 0,
                "I/O Read Time": 0.000,
                "I/O Write Time": 0.000,
                "Temp I/O Read Time": 0.000,
                "Temp I/O Write Time": 0.000,
                "WAL Records": 0,
                "WAL FPI": 0,
                "WAL Bytes": 0,
                "Plans": [
                  {
                    "Node Type": "WindowAgg",
                    "Parent Relationship": "Subquery",
                    "Parallel Aware": false,
                    "Async Capable": false,
                    "Startup Cost": 1421.15,
                    "Total Cost": 1430.92,
                    "Plan Rows": 558,
                    "Plan Width": 72,
                    "Actual Startup Time": 3.157,
                    "Actual Total Time": 5.140,
                    "Actual Rows": 15923,
                    "Actual Loops": 1,
                    "Output": ["row_number() OVER (?)", "gda_v5_component_rows.row_digest", "gda_v5_component_rows.semantic_key"],
                    "Shared Hit Blocks": 0,
                    "Shared Read Blocks": 0,
                    "Shared Dirtied Blocks": 0,
                    "Shared Written Blocks": 0,
                    "Local Hit Blocks": 3,
                    "Local Read Blocks": 509,
                    "Local Dirtied Blocks": 0,
                    "Local Written Blocks": 0,
                    "Temp Read Blocks": 0,
                    "Temp Written Blocks": 0,
                    "I/O Read Time": 0.000,
                    "I/O Write Time": 0.000,
                    "Temp I/O Read Time": 0.000,
                    "Temp I/O Write Time": 0.000,
                    "WAL Records": 0,
                    "WAL FPI": 0,
                    "WAL Bytes": 0,
                    "Plans": [
                      {
                        "Node Type": "Sort",
                        "Parent Relationship": "Outer",
                        "Parallel Aware": false,
                        "Async Capable": false,
                        "Startup Cost": 1421.15,
                        "Total Cost": 1422.55,
                        "Plan Rows": 558,
                        "Plan Width": 64,
                        "Actual Startup Time": 3.155,
                        "Actual Total Time": 3.501,
                        "Actual Rows": 15923,
                        "Actual Loops": 1,
                        "Output": ["gda_v5_component_rows.semantic_key", "gda_v5_component_rows.row_digest"],
                        "Sort Key": ["gda_v5_component_rows.semantic_key"],
                        "Sort Method": "quicksort",
                        "Sort Space Used": 2624,
                        "Sort Space Type": "Memory",
                        "Shared Hit Blocks": 0,
                        "Shared Read Blocks": 0,
                        "Shared Dirtied Blocks": 0,
                        "Shared Written Blocks": 0,
                        "Local Hit Blocks": 3,
                        "Local Read Blocks": 509,
                        "Local Dirtied Blocks": 0,
                        "Local Written Blocks": 0,
                        "Temp Read Blocks": 0,
                        "Temp Written Blocks": 0,
                        "I/O Read Time": 0.000,
                        "I/O Write Time": 0.000,
                        "Temp I/O Read Time": 0.000,
                        "Temp I/O Write Time": 0.000,
                        "WAL Records": 0,
                        "WAL FPI": 0,
                        "WAL Bytes": 0,
                        "Plans": [
                          {
                            "Node Type": "Bitmap Heap Scan",
                            "Parent Relationship": "Outer",
                            "Parallel Aware": false,
                            "Async Capable": false,
                            "Relation Name": "gda_v5_component_rows",
                            "Schema": "pg_temp",
                            "Alias": "gda_v5_component_rows",
                            "Startup Cost": 40.74,
                            "Total Cost": 1395.70,
                            "Plan Rows": 558,
                            "Plan Width": 64,
                            "Actual Startup Time": 0.800,
                            "Actual Total Time": 2.297,
                            "Actual Rows": 15923,
                            "Actual Loops": 1,
                            "Output": ["gda_v5_component_rows.semantic_key", "gda_v5_component_rows.row_digest"],
                            "Recheck Cond": "(gda_v5_component_rows.component_code = 'surfaceCitations'::text)",
                            "Rows Removed by Index Recheck": 0,
                            "Exact Heap Blocks": 326,
                            "Lossy Heap Blocks": 0,
                            "Shared Hit Blocks": 0,
                            "Shared Read Blocks": 0,
                            "Shared Dirtied Blocks": 0,
                            "Shared Written Blocks": 0,
                            "Local Hit Blocks": 3,
                            "Local Read Blocks": 509,
                            "Local Dirtied Blocks": 0,
                            "Local Written Blocks": 0,
                            "Temp Read Blocks": 0,
                            "Temp Written Blocks": 0,
                            "I/O Read Time": 0.000,
                            "I/O Write Time": 0.000,
                            "Temp I/O Read Time": 0.000,
                            "Temp I/O Write Time": 0.000,
                            "WAL Records": 0,
                            "WAL FPI": 0,
                            "WAL Bytes": 0,
                            "Plans": [
                              {
                                "Node Type": "Bitmap Index Scan",
                                "Parent Relationship": "Outer",
                                "Parallel Aware": false,
                                "Async Capable": false,
                                "Index Name": "gda_v5_component_rows_component_code_semantic_key_idx",
                                "Startup Cost": 0.00,
                                "Total Cost": 40.60,
                                "Plan Rows": 558,
                                "Plan Width": 0,
                                "Actual Startup Time": 0.780,
                                "Actual Total Time": 0.780,
                                "Actual Rows": 15923,
                                "Actual Loops": 1,
                                "Index Cond": "(gda_v5_component_rows.component_code = 'surfaceCitations'::text)",
                                "Shared Hit Blocks": 0,
                                "Shared Read Blocks": 0,
                                "Shared Dirtied Blocks": 0,
                                "Shared Written Blocks": 0,
                                "Local Hit Blocks": 2,
                                "Local Read Blocks": 184,
                                "Local Dirtied Blocks": 0,
                                "Local Written Blocks": 0,
                                "Temp Read Blocks": 0,
                                "Temp Written Blocks": 0,
                                "I/O Read Time": 0.000,
                                "I/O Write Time": 0.000,
                                "Temp I/O Read Time": 0.000,
                                "Temp I/O Write Time": 0.000,
                                "WAL Records": 0,
                                "WAL FPI": 0,
                                "WAL Bytes": 0
                              }
                            ]
                          }
                        ]
                      }
                    ]
                  }
                ]
              }
            ]
          }
        ]
      },
      {
        "Node Type": "Aggregate",
        "Strategy": "Plain",
        "Partial Mode": "Simple",
        "Parent Relationship": "InitPlan",
        "Subplan Name": "InitPlan 2 (returns $1)",
        "Parallel Aware": false,
        "Async Capable": false,
        "Startup Cost": 4.50,
        "Total Cost": 4.51,
        "Plan Rows": 1,
        "Plan Width": 32,
        "Actual Startup Time": 13.440,
        "Actual Total Time": 13.440,
        "Actual Rows": 1,
        "Actual Loops": 1,
        "Output": ["sum(chunks.chunk_row_count)"],
        "Shared Hit Blocks": 0,
        "Shared Read Blocks": 0,
        "Shared Dirtied Blocks": 0,
        "Shared Written Blocks": 0,
        "Local Hit Blocks": 3,
        "Local Read Blocks": 509,
        "Local Dirtied Blocks": 0,
        "Local Written Blocks": 0,
        "Temp Read Blocks": 0,
        "Temp Written Blocks": 0,
        "I/O Read Time": 0.000,
        "I/O Write Time": 0.000,
        "Temp I/O Read Time": 0.000,
        "Temp I/O Write Time": 0.000,
        "WAL Records": 0,
        "WAL FPI": 0,
        "WAL Bytes": 0,
        "Plans": [
          {
            "Node Type": "CTE Scan",
            "Parent Relationship": "Outer",
            "Parallel Aware": false,
            "Async Capable": false,
            "CTE Name": "chunks",
            "Alias": "chunks",
            "Startup Cost": 0.00,
            "Total Cost": 4.00,
            "Plan Rows": 200,
            "Plan Width": 8,
            "Actual Startup Time": 7.378,
            "Actual Total Time": 13.438,
            "Actual Rows": 16,
            "Actual Loops": 1,
            "Output": ["chunks.chunk_ordinal", "chunks.chunk_row_count", "chunks.chunk_digest"],
            "Shared Hit Blocks": 0,
            "Shared Read Blocks": 0,
            "Shared Dirtied Blocks": 0,
            "Shared Written Blocks": 0,
            "Local Hit Blocks": 3,
            "Local Read Blocks": 509,
            "Local Dirtied Blocks": 0,
            "Local Written Blocks": 0,
            "Temp Read Blocks": 0,
            "Temp Written Blocks": 0,
            "I/O Read Time": 0.000,
            "I/O Write Time": 0.000,
            "Temp I/O Read Time": 0.000,
            "Temp I/O Write Time": 0.000,
            "WAL Records": 0,
            "WAL FPI": 0,
            "WAL Bytes": 0
          }
        ]
      },
      {
        "Node Type": "Aggregate",
        "Strategy": "Plain",
        "Partial Mode": "Simple",
        "Parent Relationship": "InitPlan",
        "Subplan Name": "InitPlan 3 (returns $2)",
        "Parallel Aware": false,
        "Async Capable": false,
        "Startup Cost": 13.15,
        "Total Cost": 13.16,
        "Plan Rows": 1,
        "Plan Width": 32,
        "Actual Startup Time": 0.017,
        "Actual Total Time": 0.017,
        "Actual Rows": 1,
        "Actual Loops": 1,
        "Output": ["jsonb_agg(jsonb_build_array(chunks_1.chunk_ordinal, chunks_1.chunk_row_count, chunks_1.chunk_digest) ORDER BY chunks_1.chunk_ordinal)"],
        "Shared Hit Blocks": 0,
        "Shared Read Blocks": 0,
        "Shared Dirtied Blocks": 0,
        "Shared Written Blocks": 0,
        "Local Hit Blocks": 0,
        "Local Read Blocks": 0,
        "Local Dirtied Blocks": 0,
        "Local Written Blocks": 0,
        "Temp Read Blocks": 0,
        "Temp Written Blocks": 0,
        "I/O Read Time": 0.000,
        "I/O Write Time": 0.000,
        "Temp I/O Read Time": 0.000,
        "Temp I/O Write Time": 0.000,
        "WAL Records": 0,
        "WAL FPI": 0,
        "WAL Bytes": 0,
        "Plans": [
          {
            "Node Type": "Sort",
            "Parent Relationship": "Outer",
            "Parallel Aware": false,
            "Async Capable": false,
            "Startup Cost": 11.64,
            "Total Cost": 12.14,
            "Plan Rows": 200,
            "Plan Width": 48,
            "Actual Startup Time": 0.004,
            "Actual Total Time": 0.004,
            "Actual Rows": 16,
            "Actual Loops": 1,
            "Output": ["chunks_1.chunk_ordinal", "chunks_1.chunk_row_count", "chunks_1.chunk_digest"],
            "Sort Key": ["chunks_1.chunk_ordinal"],
            "Sort Method": "quicksort",
            "Sort Space Used": 26,
            "Sort Space Type": "Memory",
            "Shared Hit Blocks": 0,
            "Shared Read Blocks": 0,
            "Shared Dirtied Blocks": 0,
            "Shared Written Blocks": 0,
            "Local Hit Blocks": 0,
            "Local Read Blocks": 0,
            "Local Dirtied Blocks": 0,
            "Local Written Blocks": 0,
            "Temp Read Blocks": 0,
            "Temp Written Blocks": 0,
            "I/O Read Time": 0.000,
            "I/O Write Time": 0.000,
            "Temp I/O Read Time": 0.000,
            "Temp I/O Write Time": 0.000,
            "WAL Records": 0,
            "WAL FPI": 0,
            "WAL Bytes": 0,
            "Plans": [
              {
                "Node Type": "CTE Scan",
                "Parent Relationship": "Outer",
                "Parallel Aware": false,
                "Async Capable": false,
                "CTE Name": "chunks",
                "Alias": "chunks_1",
                "Startup Cost": 0.00,
                "Total Cost": 4.00,
                "Plan Rows": 200,
                "Plan Width": 48,
                "Actual Startup Time": 0.000,
                "Actual Total Time": 0.001,
                "Actual Rows": 16,
                "Actual Loops": 1,
                "Output": ["chunks_1.chunk_ordinal", "chunks_1.chunk_row_count", "chunks_1.chunk_digest"],
                "Shared Hit Blocks": 0,
                "Shared Read Blocks": 0,
                "Shared Dirtied Blocks": 0,
                "Shared Written Blocks": 0,
                "Local Hit Blocks": 0,
                "Local Read Blocks": 0,
                "Local Dirtied Blocks": 0,
                "Local Written Blocks": 0,
                "Temp Read Blocks": 0,
                "Temp Written Blocks": 0,
                "I/O Read Time": 0.000,
                "I/O Write Time": 0.000,
                "Temp I/O Read Time": 0.000,
                "Temp I/O Write Time": 0.000,
                "WAL Records": 0,
                "WAL FPI": 0,
                "WAL Bytes": 0
              }
            ]
          }
        ]
      }
    ]
  }
}
psql:/private/tmp/graphic_design_archive_v49_repository_hygiene/database/tests/009_release_projection_snapshot_performance_scale.sql:34: LOG:  duration: 62.682 ms  plan:
{
  "Query Text": "WITH chunks AS (\n    SELECT ((row_number-1)/1024)::bigint AS chunk_ordinal,count(*)::bigint AS chunk_row_count,\n      encode(sha256(convert_to(jsonb_build_object(\n        'format','gda-v49-research-component-chunk-v5','component',p_component,\n        'chunkSize',1024,'chunkOrdinal',((row_number-1)/1024)::bigint,\n        'rowDigests',jsonb_agg(row_digest ORDER BY row_number)\n      )::text,'UTF8')),'hex') AS chunk_digest\n    FROM (\n      SELECT row_number() OVER (ORDER BY semantic_key) AS row_number,row_digest\n      FROM pg_temp.gda_v5_component_rows WHERE component_code=p_component\n    ) rows GROUP BY ((row_number-1)/1024)\n  )\n  SELECT encode(sha256(convert_to(jsonb_build_object(\n    'format','gda-v49-research-component-merkle-v5','component',p_component,\n    'rowCount',coalesce((SELECT sum(chunk_row_count) FROM chunks),0),\n    'chunkSize',1024,\n    'chunks',coalesce((SELECT jsonb_agg(jsonb_build_array(chunk_ordinal,chunk_row_count,chunk_digest)\n      ORDER BY chunk_ordinal) FROM chunks),'[]'::jsonb)\n  )::text,'UTF8')),'hex')::core.sha256_hex",
  "Plan": {
    "Node Type": "Result",
    "Parallel Aware": false,
    "Async Capable": false,
    "Startup Cost": 1495.49,
    "Total Cost": 1495.52,
    "Plan Rows": 1,
    "Plan Width": 32,
    "Actual Startup Time": 62.680,
    "Actual Total Time": 62.681,
    "Actual Rows": 1,
    "Actual Loops": 1,
    "Output": ["(encode(sha256(convert_to((jsonb_build_object('format', 'gda-v49-research-component-merkle-v5', 'component', $1, 'rowCount', COALESCE($1, '0'::numeric), 'chunkSize', 1024, 'chunks', COALESCE($2, '[]'::jsonb)))::text, 'UTF8'::name)), 'hex'::text))::core.sha256_hex"],
    "Shared Hit Blocks": 0,
    "Shared Read Blocks": 0,
    "Shared Dirtied Blocks": 0,
    "Shared Written Blocks": 0,
    "Local Hit Blocks": 3,
    "Local Read Blocks": 2136,
    "Local Dirtied Blocks": 0,
    "Local Written Blocks": 0,
    "Temp Read Blocks": 1534,
    "Temp Written Blocks": 1537,
    "I/O Read Time": 0.000,
    "I/O Write Time": 0.000,
    "Temp I/O Read Time": 1.334,
    "Temp I/O Write Time": 11.363,
    "WAL Records": 0,
    "WAL FPI": 0,
    "WAL Bytes": 0,
    "Plans": [
      {
        "Node Type": "Aggregate",
        "Strategy": "Sorted",
        "Partial Mode": "Simple",
        "Parent Relationship": "InitPlan",
        "Subplan Name": "CTE chunks",
        "Parallel Aware": false,
        "Async Capable": false,
        "Startup Cost": 1464.75,
        "Total Cost": 1477.83,
        "Plan Rows": 200,
        "Plan Width": 48,
        "Actual Startup Time": 42.679,
        "Actual Total Time": 62.587,
        "Actual Rows": 47,
        "Actual Loops": 1,
        "Output": ["(((rows.row_number - 1) / 1024))", "count(*)", "encode(sha256(convert_to((jsonb_build_object('format', 'gda-v49-research-component-chunk-v5', 'component', $1, 'chunkSize', 1024, 'chunkOrdinal', (((rows.row_number - 1) / 1024)), 'rowDigests', jsonb_agg(rows.row_digest ORDER BY rows.row_number)))::text, 'UTF8'::name)), 'hex'::text)"],
        "Group Key": ["(((rows.row_number - 1) / 1024))"],
        "Shared Hit Blocks": 0,
        "Shared Read Blocks": 0,
        "Shared Dirtied Blocks": 0,
        "Shared Written Blocks": 0,
        "Local Hit Blocks": 3,
        "Local Read Blocks": 2136,
        "Local Dirtied Blocks": 0,
        "Local Written Blocks": 0,
        "Temp Read Blocks": 1534,
        "Temp Written Blocks": 1537,
        "I/O Read Time": 0.000,
        "I/O Write Time": 0.000,
        "Temp I/O Read Time": 1.334,
        "Temp I/O Write Time": 11.363,
        "WAL Records": 0,
        "WAL FPI": 0,
        "WAL Bytes": 0,
        "Plans": [
          {
            "Node Type": "Sort",
            "Parent Relationship": "Outer",
            "Parallel Aware": false,
            "Async Capable": false,
            "Startup Cost": 1464.75,
            "Total Cost": 1466.14,
            "Plan Rows": 558,
            "Plan Width": 48,
            "Actual Startup Time": 42.216,
            "Actual Total Time": 44.056,
            "Actual Rows": 47982,
            "Actual Loops": 1,
            "Output": ["(((rows.row_number - 1) / 1024))", "rows.row_number", "rows.row_digest"],
            "Sort Key": ["(((rows.row_number - 1) / 1024))", "rows.row_number"],
            "Sort Method": "external merge",
            "Sort Space Used": 4280,
            "Sort Space Type": "Disk",
            "Shared Hit Blocks": 0,
            "Shared Read Blocks": 0,
            "Shared Dirtied Blocks": 0,
            "Shared Written Blocks": 0,
            "Local Hit Blocks": 3,
            "Local Read Blocks": 2136,
            "Local Dirtied Blocks": 0,
            "Local Written Blocks": 0,
            "Temp Read Blocks": 1534,
            "Temp Written Blocks": 1537,
            "I/O Read Time": 0.000,
            "I/O Write Time": 0.000,
            "Temp I/O Read Time": 1.334,
            "Temp I/O Write Time": 11.363,
            "WAL Records": 0,
            "WAL FPI": 0,
            "WAL Bytes": 0,
            "Plans": [
              {
                "Node Type": "Subquery Scan",
                "Parent Relationship": "Outer",
                "Parallel Aware": false,
                "Async Capable": false,
                "Alias": "rows",
                "Startup Cost": 1421.15,
                "Total Cost": 1439.29,
                "Plan Rows": 558,
                "Plan Width": 48,
                "Actual Startup Time": 22.625,
                "Actual Total Time": 33.850,
                "Actual Rows": 47982,
                "Actual Loops": 1,
                "Output": ["((rows.row_number - 1) / 1024)", "rows.row_number", "rows.row_digest"],
                "Shared Hit Blocks": 0,
                "Shared Read Blocks": 0,
                "Shared Dirtied Blocks": 0,
                "Shared Written Blocks": 0,
                "Local Hit Blocks": 3,
                "Local Read Blocks": 2136,
                "Local Dirtied Blocks": 0,
                "Local Written Blocks": 0,
                "Temp Read Blocks": 999,
                "Temp Written Blocks": 1001,
                "I/O Read Time": 0.000,
                "I/O Write Time": 0.000,
                "Temp I/O Read Time": 0.922,
                "Temp I/O Write Time": 7.194,
                "WAL Records": 0,
                "WAL FPI": 0,
                "WAL Bytes": 0,
                "Plans": [
                  {
                    "Node Type": "WindowAgg",
                    "Parent Relationship": "Subquery",
                    "Parallel Aware": false,
                    "Async Capable": false,
                    "Startup Cost": 1421.15,
                    "Total Cost": 1430.92,
                    "Plan Rows": 558,
                    "Plan Width": 72,
                    "Actual Startup Time": 22.624,
                    "Actual Total Time": 31.339,
                    "Actual Rows": 47982,
                    "Actual Loops": 1,
                    "Output": ["row_number() OVER (?)", "gda_v5_component_rows.row_digest", "gda_v5_component_rows.semantic_key"],
                    "Shared Hit Blocks": 0,
                    "Shared Read Blocks": 0,
                    "Shared Dirtied Blocks": 0,
                    "Shared Written Blocks": 0,
                    "Local Hit Blocks": 3,
                    "Local Read Blocks": 2136,
                    "Local Dirtied Blocks": 0,
                    "Local Written Blocks": 0,
                    "Temp Read Blocks": 999,
                    "Temp Written Blocks": 1001,
                    "I/O Read Time": 0.000,
                    "I/O Write Time": 0.000,
                    "Temp I/O Read Time": 0.922,
                    "Temp I/O Write Time": 7.194,
                    "WAL Records": 0,
                    "WAL FPI": 0,
                    "WAL Bytes": 0,
                    "Plans": [
                      {
                        "Node Type": "Sort",
                        "Parent Relationship": "Outer",
                        "Parallel Aware": false,
                        "Async Capable": false,
                        "Startup Cost": 1421.15,
                        "Total Cost": 1422.55,
                        "Plan Rows": 558,
                        "Plan Width": 64,
                        "Actual Startup Time": 22.620,
                        "Actual Total Time": 25.993,
                        "Actual Rows": 47982,
                        "Actual Loops": 1,
                        "Output": ["gda_v5_component_rows.semantic_key", "gda_v5_component_rows.row_digest"],
                        "Sort Key": ["gda_v5_component_rows.semantic_key"],
                        "Sort Method": "external merge",
                        "Sort Space Used": 7992,
                        "Sort Space Type": "Disk",
                        "Shared Hit Blocks": 0,
                        "Shared Read Blocks": 0,
                        "Shared Dirtied Blocks": 0,
                        "Shared Written Blocks": 0,
                        "Local Hit Blocks": 3,
                        "Local Read Blocks": 2136,
                        "Local Dirtied Blocks": 0,
                        "Local Written Blocks": 0,
                        "Temp Read Blocks": 999,
                        "Temp Written Blocks": 1001,
                        "I/O Read Time": 0.000,
                        "I/O Write Time": 0.000,
                        "Temp I/O Read Time": 0.922,
                        "Temp I/O Write Time": 7.194,
                        "WAL Records": 0,
                        "WAL FPI": 0,
                        "WAL Bytes": 0,
                        "Plans": [
                          {
                            "Node Type": "Bitmap Heap Scan",
                            "Parent Relationship": "Outer",
                            "Parallel Aware": false,
                            "Async Capable": false,
                            "Relation Name": "gda_v5_component_rows",
                            "Schema": "pg_temp",
                            "Alias": "gda_v5_component_rows",
                            "Startup Cost": 40.74,
                            "Total Cost": 1395.70,
                            "Plan Rows": 558,
                            "Plan Width": 64,
                            "Actual Startup Time": 3.303,
                            "Actual Total Time": 8.295,
                            "Actual Rows": 47982,
                            "Actual Loops": 1,
                            "Output": ["gda_v5_component_rows.semantic_key", "gda_v5_component_rows.row_digest"],
                            "Recheck Cond": "(gda_v5_component_rows.component_code = $1)",
                            "Rows Removed by Index Recheck": 0,
                            "Exact Heap Blocks": 1264,
                            "Lossy Heap Blocks": 0,
                            "Shared Hit Blocks": 0,
                            "Shared Read Blocks": 0,
                            "Shared Dirtied Blocks": 0,
                            "Shared Written Blocks": 0,
                            "Local Hit Blocks": 3,
                            "Local Read Blocks": 2136,
                            "Local Dirtied Blocks": 0,
                            "Local Written Blocks": 0,
                            "Temp Read Blocks": 0,
                            "Temp Written Blocks": 0,
                            "I/O Read Time": 0.000,
                            "I/O Write Time": 0.000,
                            "Temp I/O Read Time": 0.000,
                            "Temp I/O Write Time": 0.000,
                            "WAL Records": 0,
                            "WAL FPI": 0,
                            "WAL Bytes": 0,
                            "Plans": [
                              {
                                "Node Type": "Bitmap Index Scan",
                                "Parent Relationship": "Outer",
                                "Parallel Aware": false,
                                "Async Capable": false,
                                "Index Name": "gda_v5_component_rows_component_code_semantic_key_idx",
                                "Startup Cost": 0.00,
                                "Total Cost": 40.60,
                                "Plan Rows": 558,
                                "Plan Width": 0,
                                "Actual Startup Time": 3.215,
                                "Actual Total Time": 3.215,
                                "Actual Rows": 47982,
                                "Actual Loops": 1,
                                "Index Cond": "(gda_v5_component_rows.component_code = $1)",
                                "Shared Hit Blocks": 0,
                                "Shared Read Blocks": 0,
                                "Shared Dirtied Blocks": 0,
                                "Shared Written Blocks": 0,
                                "Local Hit Blocks": 2,
                                "Local Read Blocks": 873,
                                "Local Dirtied Blocks": 0,
                                "Local Written Blocks": 0,
                                "Temp Read Blocks": 0,
                                "Temp Written Blocks": 0,
                                "I/O Read Time": 0.000,
                                "I/O Write Time": 0.000,
                                "Temp I/O Read Time": 0.000,
                                "Temp I/O Write Time": 0.000,
                                "WAL Records": 0,
                                "WAL FPI": 0,
                                "WAL Bytes": 0
                              }
                            ]
                          }
                        ]
                      }
                    ]
                  }
                ]
              }
            ]
          }
        ]
      },
      {
        "Node Type": "Aggregate",
        "Strategy": "Plain",
        "Partial Mode": "Simple",
        "Parent Relationship": "InitPlan",
        "Subplan Name": "InitPlan 2 (returns $1)",
        "Parallel Aware": false,
        "Async Capable": false,
        "Startup Cost": 4.50,
        "Total Cost": 4.51,
        "Plan Rows": 1,
        "Plan Width": 32,
        "Actual Startup Time": 62.599,
        "Actual Total Time": 62.599,
        "Actual Rows": 1,
        "Actual Loops": 1,
        "Output": ["sum(chunks.chunk_row_count)"],
        "Shared Hit Blocks": 0,
        "Shared Read Blocks": 0,
        "Shared Dirtied Blocks": 0,
        "Shared Written Blocks": 0,
        "Local Hit Blocks": 3,
        "Local Read Blocks": 2136,
        "Local Dirtied Blocks": 0,
        "Local Written Blocks": 0,
        "Temp Read Blocks": 1534,
        "Temp Written Blocks": 1537,
        "I/O Read Time": 0.000,
        "I/O Write Time": 0.000,
        "Temp I/O Read Time": 1.334,
        "Temp I/O Write Time": 11.363,
        "WAL Records": 0,
        "WAL FPI": 0,
        "WAL Bytes": 0,
        "Plans": [
          {
            "Node Type": "CTE Scan",
            "Parent Relationship": "Outer",
            "Parallel Aware": false,
            "Async Capable": false,
            "CTE Name": "chunks",
            "Alias": "chunks",
            "Startup Cost": 0.00,
            "Total Cost": 4.00,
            "Plan Rows": 200,
            "Plan Width": 8,
            "Actual Startup Time": 42.680,
            "Actual Total Time": 62.594,
            "Actual Rows": 47,
            "Actual Loops": 1,
            "Output": ["chunks.chunk_ordinal", "chunks.chunk_row_count", "chunks.chunk_digest"],
            "Shared Hit Blocks": 0,
            "Shared Read Blocks": 0,
            "Shared Dirtied Blocks": 0,
            "Shared Written Blocks": 0,
            "Local Hit Blocks": 3,
            "Local Read Blocks": 2136,
            "Local Dirtied Blocks": 0,
            "Local Written Blocks": 0,
            "Temp Read Blocks": 1534,
            "Temp Written Blocks": 1537,
            "I/O Read Time": 0.000,
            "I/O Write Time": 0.000,
            "Temp I/O Read Time": 1.334,
            "Temp I/O Write Time": 11.363,
            "WAL Records": 0,
            "WAL FPI": 0,
            "WAL Bytes": 0
          }
        ]
      },
      {
        "Node Type": "Aggregate",
        "Strategy": "Plain",
        "Partial Mode": "Simple",
        "Parent Relationship": "InitPlan",
        "Subplan Name": "InitPlan 3 (returns $2)",
        "Parallel Aware": false,
        "Async Capable": false,
        "Startup Cost": 13.15,
        "Total Cost": 13.16,
        "Plan Rows": 1,
        "Plan Width": 32,
        "Actual Startup Time": 0.044,
        "Actual Total Time": 0.045,
        "Actual Rows": 1,
        "Actual Loops": 1,
        "Output": ["jsonb_agg(jsonb_build_array(chunks_1.chunk_ordinal, chunks_1.chunk_row_count, chunks_1.chunk_digest) ORDER BY chunks_1.chunk_ordinal)"],
        "Shared Hit Blocks": 0,
        "Shared Read Blocks": 0,
        "Shared Dirtied Blocks": 0,
        "Shared Written Blocks": 0,
        "Local Hit Blocks": 0,
        "Local Read Blocks": 0,
        "Local Dirtied Blocks": 0,
        "Local Written Blocks": 0,
        "Temp Read Blocks": 0,
        "Temp Written Blocks": 0,
        "I/O Read Time": 0.000,
        "I/O Write Time": 0.000,
        "Temp I/O Read Time": 0.000,
        "Temp I/O Write Time": 0.000,
        "WAL Records": 0,
        "WAL FPI": 0,
        "WAL Bytes": 0,
        "Plans": [
          {
            "Node Type": "Sort",
            "Parent Relationship": "Outer",
            "Parallel Aware": false,
            "Async Capable": false,
            "Startup Cost": 11.64,
            "Total Cost": 12.14,
            "Plan Rows": 200,
            "Plan Width": 48,
            "Actual Startup Time": 0.006,
            "Actual Total Time": 0.007,
            "Actual Rows": 47,
            "Actual Loops": 1,
            "Output": ["chunks_1.chunk_ordinal", "chunks_1.chunk_row_count", "chunks_1.chunk_digest"],
            "Sort Key": ["chunks_1.chunk_ordinal"],
            "Sort Method": "quicksort",
            "Sort Space Used": 30,
            "Sort Space Type": "Memory",
            "Shared Hit Blocks": 0,
            "Shared Read Blocks": 0,
            "Shared Dirtied Blocks": 0,
            "Shared Written Blocks": 0,
            "Local Hit Blocks": 0,
            "Local Read Blocks": 0,
            "Local Dirtied Blocks": 0,
            "Local Written Blocks": 0,
            "Temp Read Blocks": 0,
            "Temp Written Blocks": 0,
            "I/O Read Time": 0.000,
            "I/O Write Time": 0.000,
            "Temp I/O Read Time": 0.000,
            "Temp I/O Write Time": 0.000,
            "WAL Records": 0,
            "WAL FPI": 0,
            "WAL Bytes": 0,
            "Plans": [
              {
                "Node Type": "CTE Scan",
                "Parent Relationship": "Outer",
                "Parallel Aware": false,
                "Async Capable": false,
                "CTE Name": "chunks",
                "Alias": "chunks_1",
                "Startup Cost": 0.00,
                "Total Cost": 4.00,
                "Plan Rows": 200,
                "Plan Width": 48,
                "Actual Startup Time": 0.000,
                "Actual Total Time": 0.002,
                "Actual Rows": 47,
                "Actual Loops": 1,
                "Output": ["chunks_1.chunk_ordinal", "chunks_1.chunk_row_count", "chunks_1.chunk_digest"],
                "Shared Hit Blocks": 0,
                "Shared Read Blocks": 0,
                "Shared Dirtied Blocks": 0,
                "Shared Written Blocks": 0,
                "Local Hit Blocks": 0,
                "Local Read Blocks": 0,
                "Local Dirtied Blocks": 0,
                "Local Written Blocks": 0,
                "Temp Read Blocks": 0,
                "Temp Written Blocks": 0,
                "I/O Read Time": 0.000,
                "I/O Write Time": 0.000,
                "Temp I/O Read Time": 0.000,
                "Temp I/O Write Time": 0.000,
                "WAL Records": 0,
                "WAL FPI": 0,
                "WAL Bytes": 0
              }
            ]
          }
        ]
      }
    ]
  }
}
psql:/private/tmp/graphic_design_archive_v49_repository_hygiene/database/tests/009_release_projection_snapshot_performance_scale.sql:34: LOG:  duration: 16.441 ms  plan:
{
  "Query Text": "WITH chunks AS (\n    SELECT ((row_number-1)/1024)::bigint AS chunk_ordinal,count(*)::bigint AS chunk_row_count,\n      encode(sha256(convert_to(jsonb_build_object(\n        'format','gda-v49-research-component-chunk-v5','component',p_component,\n        'chunkSize',1024,'chunkOrdinal',((row_number-1)/1024)::bigint,\n        'rowDigests',jsonb_agg(row_digest ORDER BY row_number)\n      )::text,'UTF8')),'hex') AS chunk_digest\n    FROM (\n      SELECT row_number() OVER (ORDER BY semantic_key) AS row_number,row_digest\n      FROM pg_temp.gda_v5_component_rows WHERE component_code=p_component\n    ) rows GROUP BY ((row_number-1)/1024)\n  )\n  SELECT encode(sha256(convert_to(jsonb_build_object(\n    'format','gda-v49-research-component-merkle-v5','component',p_component,\n    'rowCount',coalesce((SELECT sum(chunk_row_count) FROM chunks),0),\n    'chunkSize',1024,\n    'chunks',coalesce((SELECT jsonb_agg(jsonb_build_array(chunk_ordinal,chunk_row_count,chunk_digest)\n      ORDER BY chunk_ordinal) FROM chunks),'[]'::jsonb)\n  )::text,'UTF8')),'hex')::core.sha256_hex",
  "Plan": {
    "Node Type": "Result",
    "Parallel Aware": false,
    "Async Capable": false,
    "Startup Cost": 1495.49,
    "Total Cost": 1495.52,
    "Plan Rows": 1,
    "Plan Width": 32,
    "Actual Startup Time": 16.440,
    "Actual Total Time": 16.441,
    "Actual Rows": 1,
    "Actual Loops": 1,
    "Output": ["(encode(sha256(convert_to((jsonb_build_object('format', 'gda-v49-research-component-merkle-v5', 'component', $1, 'rowCount', COALESCE($1, '0'::numeric), 'chunkSize', 1024, 'chunks', COALESCE($2, '[]'::jsonb)))::text, 'UTF8'::name)), 'hex'::text))::core.sha256_hex"],
    "Shared Hit Blocks": 0,
    "Shared Read Blocks": 0,
    "Shared Dirtied Blocks": 0,
    "Shared Written Blocks": 0,
    "Local Hit Blocks": 2,
    "Local Read Blocks": 670,
    "Local Dirtied Blocks": 0,
    "Local Written Blocks": 0,
    "Temp Read Blocks": 0,
    "Temp Written Blocks": 0,
    "I/O Read Time": 0.000,
    "I/O Write Time": 0.000,
    "Temp I/O Read Time": 0.000,
    "Temp I/O Write Time": 0.000,
    "WAL Records": 0,
    "WAL FPI": 0,
    "WAL Bytes": 0,
    "Plans": [
      {
        "Node Type": "Aggregate",
        "Strategy": "Sorted",
        "Partial Mode": "Simple",
        "Parent Relationship": "InitPlan",
        "Subplan Name": "CTE chunks",
        "Parallel Aware": false,
        "Async Capable": false,
        "Startup Cost": 1464.75,
        "Total Cost": 1477.83,
        "Plan Rows": 200,
        "Plan Width": 48,
        "Actual Startup Time": 10.284,
        "Actual Total Time": 16.395,
        "Actual Rows": 16,
        "Actual Loops": 1,
        "Output": ["(((rows.row_number - 1) / 1024))", "count(*)", "encode(sha256(convert_to((jsonb_build_object('format', 'gda-v49-research-component-chunk-v5', 'component', $1, 'chunkSize', 1024, 'chunkOrdinal', (((rows.row_number - 1) / 1024)), 'rowDigests', jsonb_agg(rows.row_digest ORDER BY rows.row_number)))::text, 'UTF8'::name)), 'hex'::text)"],
        "Group Key": ["(((rows.row_number - 1) / 1024))"],
        "Shared Hit Blocks": 0,
        "Shared Read Blocks": 0,
        "Shared Dirtied Blocks": 0,
        "Shared Written Blocks": 0,
        "Local Hit Blocks": 2,
        "Local Read Blocks": 670,
        "Local Dirtied Blocks": 0,
        "Local Written Blocks": 0,
        "Temp Read Blocks": 0,
        "Temp Written Blocks": 0,
        "I/O Read Time": 0.000,
        "I/O Write Time": 0.000,
        "Temp I/O Read Time": 0.000,
        "Temp I/O Write Time": 0.000,
        "WAL Records": 0,
        "WAL FPI": 0,
        "WAL Bytes": 0,
        "Plans": [
          {
            "Node Type": "Sort",
            "Parent Relationship": "Outer",
            "Parallel Aware": false,
            "Async Capable": false,
            "Startup Cost": 1464.75,
            "Total Cost": 1466.14,
            "Plan Rows": 558,
            "Plan Width": 48,
            "Actual Startup Time": 9.849,
            "Actual Total Time": 10.196,
            "Actual Rows": 15923,
            "Actual Loops": 1,
            "Output": ["(((rows.row_number - 1) / 1024))", "rows.row_number", "rows.row_digest"],
            "Sort Key": ["(((rows.row_number - 1) / 1024))", "rows.row_number"],
            "Sort Method": "quicksort",
            "Sort Space Used": 2126,
            "Sort Space Type": "Memory",
            "Shared Hit Blocks": 0,
            "Shared Read Blocks": 0,
            "Shared Dirtied Blocks": 0,
            "Shared Written Blocks": 0,
            "Local Hit Blocks": 2,
            "Local Read Blocks": 670,
            "Local Dirtied Blocks": 0,
            "Local Written Blocks": 0,
            "Temp Read Blocks": 0,
            "Temp Written Blocks": 0,
            "I/O Read Time": 0.000,
            "I/O Write Time": 0.000,
            "Temp I/O Read Time": 0.000,
            "Temp I/O Write Time": 0.000,
            "WAL Records": 0,
            "WAL FPI": 0,
            "WAL Bytes": 0,
            "Plans": [
              {
                "Node Type": "Subquery Scan",
                "Parent Relationship": "Outer",
                "Parallel Aware": false,
                "Async Capable": false,
                "Alias": "rows",
                "Startup Cost": 1421.15,
                "Total Cost": 1439.29,
                "Plan Rows": 558,
                "Plan Width": 48,
                "Actual Startup Time": 5.986,
                "Actual Total Time": 8.892,
                "Actual Rows": 15923,
                "Actual Loops": 1,
                "Output": ["((rows.row_number - 1) / 1024)", "rows.row_number", "rows.row_digest"],
                "Shared Hit Blocks": 0,
                "Shared Read Blocks": 0,
                "Shared Dirtied Blocks": 0,
                "Shared Written Blocks": 0,
                "Local Hit Blocks": 2,
                "Local Read Blocks": 670,
                "Local Dirtied Blocks": 0,
                "Local Written Blocks": 0,
                "Temp Read Blocks": 0,
                "Temp Written Blocks": 0,
                "I/O Read Time": 0.000,
                "I/O Write Time": 0.000,
                "Temp I/O Read Time": 0.000,
                "Temp I/O Write Time": 0.000,
                "WAL Records": 0,
                "WAL FPI": 0,
                "WAL Bytes": 0,
                "Plans": [
                  {
                    "Node Type": "WindowAgg",
                    "Parent Relationship": "Subquery",
                    "Parallel Aware": false,
                    "Async Capable": false,
                    "Startup Cost": 1421.15,
                    "Total Cost": 1430.92,
                    "Plan Rows": 558,
                    "Plan Width": 72,
                    "Actual Startup Time": 5.986,
                    "Actual Total Time": 8.045,
                    "Actual Rows": 15923,
                    "Actual Loops": 1,
                    "Output": ["row_number() OVER (?)", "gda_v5_component_rows.row_digest", "gda_v5_component_rows.semantic_key"],
                    "Shared Hit Blocks": 0,
                    "Shared Read Blocks": 0,
                    "Shared Dirtied Blocks": 0,
                    "Shared Written Blocks": 0,
                    "Local Hit Blocks": 2,
                    "Local Read Blocks": 670,
                    "Local Dirtied Blocks": 0,
                    "Local Written Blocks": 0,
                    "Temp Read Blocks": 0,
                    "Temp Written Blocks": 0,
                    "I/O Read Time": 0.000,
                    "I/O Write Time": 0.000,
                    "Temp I/O Read Time": 0.000,
                    "Temp I/O Write Time": 0.000,
                    "WAL Records": 0,
                    "WAL FPI": 0,
                    "WAL Bytes": 0,
                    "Plans": [
                      {
                        "Node Type": "Sort",
                        "Parent Relationship": "Outer",
                        "Parallel Aware": false,
                        "Async Capable": false,
                        "Startup Cost": 1421.15,
                        "Total Cost": 1422.55,
                        "Plan Rows": 558,
                        "Plan Width": 64,
                        "Actual Startup Time": 5.983,
                        "Actual Total Time": 6.331,
                        "Actual Rows": 15923,
                        "Actual Loops": 1,
                        "Output": ["gda_v5_component_rows.semantic_key", "gda_v5_component_rows.row_digest"],
                        "Sort Key": ["gda_v5_component_rows.semantic_key"],
                        "Sort Method": "quicksort",
                        "Sort Space Used": 3245,
                        "Sort Space Type": "Memory",
                        "Shared Hit Blocks": 0,
                        "Shared Read Blocks": 0,
                        "Shared Dirtied Blocks": 0,
                        "Shared Written Blocks": 0,
                        "Local Hit Blocks": 2,
                        "Local Read Blocks": 670,
                        "Local Dirtied Blocks": 0,
                        "Local Written Blocks": 0,
                        "Temp Read Blocks": 0,
                        "Temp Written Blocks": 0,
                        "I/O Read Time": 0.000,
                        "I/O Write Time": 0.000,
                        "Temp I/O Read Time": 0.000,
                        "Temp I/O Write Time": 0.000,
                        "WAL Records": 0,
                        "WAL FPI": 0,
                        "WAL Bytes": 0,
                        "Plans": [
                          {
                            "Node Type": "Bitmap Heap Scan",
                            "Parent Relationship": "Outer",
                            "Parallel Aware": false,
                            "Async Capable": false,
                            "Relation Name": "gda_v5_component_rows",
                            "Schema": "pg_temp",
                            "Alias": "gda_v5_component_rows",
                            "Startup Cost": 40.74,
                            "Total Cost": 1395.70,
                            "Plan Rows": 558,
                            "Plan Width": 64,
                            "Actual Startup Time": 1.004,
                            "Actual Total Time": 2.650,
                            "Actual Rows": 15923,
                            "Actual Loops": 1,
                            "Output": ["gda_v5_component_rows.semantic_key", "gda_v5_component_rows.row_digest"],
                            "Recheck Cond": "(gda_v5_component_rows.component_code = $1)",
                            "Rows Removed by Index Recheck": 0,
                            "Exact Heap Blocks": 399,
                            "Lossy Heap Blocks": 0,
                            "Shared Hit Blocks": 0,
                            "Shared Read Blocks": 0,
                            "Shared Dirtied Blocks": 0,
                            "Shared Written Blocks": 0,
                            "Local Hit Blocks": 2,
                            "Local Read Blocks": 670,
                            "Local Dirtied Blocks": 0,
                            "Local Written Blocks": 0,
                            "Temp Read Blocks": 0,
                            "Temp Written Blocks": 0,
                            "I/O Read Time": 0.000,
                            "I/O Write Time": 0.000,
                            "Temp I/O Read Time": 0.000,
                            "Temp I/O Write Time": 0.000,
                            "WAL Records": 0,
                            "WAL FPI": 0,
                            "WAL Bytes": 0,
                            "Plans": [
                              {
                                "Node Type": "Bitmap Index Scan",
                                "Parent Relationship": "Outer",
                                "Parallel Aware": false,
                                "Async Capable": false,
                                "Index Name": "gda_v5_component_rows_component_code_semantic_key_idx",
                                "Startup Cost": 0.00,
                                "Total Cost": 40.60,
                                "Plan Rows": 558,
                                "Plan Width": 0,
                                "Actual Startup Time": 0.980,
                                "Actual Total Time": 0.980,
                                "Actual Rows": 15923,
                                "Actual Loops": 1,
                                "Index Cond": "(gda_v5_component_rows.component_code = $1)",
                                "Shared Hit Blocks": 0,
                                "Shared Read Blocks": 0,
                                "Shared Dirtied Blocks": 0,
                                "Shared Written Blocks": 0,
                                "Local Hit Blocks": 1,
                                "Local Read Blocks": 272,
                                "Local Dirtied Blocks": 0,
                                "Local Written Blocks": 0,
                                "Temp Read Blocks": 0,
                                "Temp Written Blocks": 0,
                                "I/O Read Time": 0.000,
                                "I/O Write Time": 0.000,
                                "Temp I/O Read Time": 0.000,
                                "Temp I/O Write Time": 0.000,
                                "WAL Records": 0,
                                "WAL FPI": 0,
                                "WAL Bytes": 0
                              }
                            ]
                          }
                        ]
                      }
                    ]
                  }
                ]
              }
            ]
          }
        ]
      },
      {
        "Node Type": "Aggregate",
        "Strategy": "Plain",
        "Partial Mode": "Simple",
        "Parent Relationship": "InitPlan",
        "Subplan Name": "InitPlan 2 (returns $1)",
        "Parallel Aware": false,
        "Async Capable": false,
        "Startup Cost": 4.50,
        "Total Cost": 4.51,
        "Plan Rows": 1,
        "Plan Width": 32,
        "Actual Startup Time": 16.400,
        "Actual Total Time": 16.400,
        "Actual Rows": 1,
        "Actual Loops": 1,
        "Output": ["sum(chunks.chunk_row_count)"],
        "Shared Hit Blocks": 0,
        "Shared Read Blocks": 0,
        "Shared Dirtied Blocks": 0,
        "Shared Written Blocks": 0,
        "Local Hit Blocks": 2,
        "Local Read Blocks": 670,
        "Local Dirtied Blocks": 0,
        "Local Written Blocks": 0,
        "Temp Read Blocks": 0,
        "Temp Written Blocks": 0,
        "I/O Read Time": 0.000,
        "I/O Write Time": 0.000,
        "Temp I/O Read Time": 0.000,
        "Temp I/O Write Time": 0.000,
        "WAL Records": 0,
        "WAL FPI": 0,
        "WAL Bytes": 0,
        "Plans": [
          {
            "Node Type": "CTE Scan",
            "Parent Relationship": "Outer",
            "Parallel Aware": false,
            "Async Capable": false,
            "CTE Name": "chunks",
            "Alias": "chunks",
            "Startup Cost": 0.00,
            "Total Cost": 4.00,
            "Plan Rows": 200,
            "Plan Width": 8,
            "Actual Startup Time": 10.284,
            "Actual Total Time": 16.398,
            "Actual Rows": 16,
            "Actual Loops": 1,
            "Output": ["chunks.chunk_ordinal", "chunks.chunk_row_count", "chunks.chunk_digest"],
            "Shared Hit Blocks": 0,
            "Shared Read Blocks": 0,
            "Shared Dirtied Blocks": 0,
            "Shared Written Blocks": 0,
            "Local Hit Blocks": 2,
            "Local Read Blocks": 670,
            "Local Dirtied Blocks": 0,
            "Local Written Blocks": 0,
            "Temp Read Blocks": 0,
            "Temp Written Blocks": 0,
            "I/O Read Time": 0.000,
            "I/O Write Time": 0.000,
            "Temp I/O Read Time": 0.000,
            "Temp I/O Write Time": 0.000,
            "WAL Records": 0,
            "WAL FPI": 0,
            "WAL Bytes": 0
          }
        ]
      },
      {
        "Node Type": "Aggregate",
        "Strategy": "Plain",
        "Partial Mode": "Simple",
        "Parent Relationship": "InitPlan",
        "Subplan Name": "InitPlan 3 (returns $2)",
        "Parallel Aware": false,
        "Async Capable": false,
        "Startup Cost": 13.15,
        "Total Cost": 13.16,
        "Plan Rows": 1,
        "Plan Width": 32,
        "Actual Startup Time": 0.017,
        "Actual Total Time": 0.017,
        "Actual Rows": 1,
        "Actual Loops": 1,
        "Output": ["jsonb_agg(jsonb_build_array(chunks_1.chunk_ordinal, chunks_1.chunk_row_count, chunks_1.chunk_digest) ORDER BY chunks_1.chunk_ordinal)"],
        "Shared Hit Blocks": 0,
        "Shared Read Blocks": 0,
        "Shared Dirtied Blocks": 0,
        "Shared Written Blocks": 0,
        "Local Hit Blocks": 0,
        "Local Read Blocks": 0,
        "Local Dirtied Blocks": 0,
        "Local Written Blocks": 0,
        "Temp Read Blocks": 0,
        "Temp Written Blocks": 0,
        "I/O Read Time": 0.000,
        "I/O Write Time": 0.000,
        "Temp I/O Read Time": 0.000,
        "Temp I/O Write Time": 0.000,
        "WAL Records": 0,
        "WAL FPI": 0,
        "WAL Bytes": 0,
        "Plans": [
          {
            "Node Type": "Sort",
            "Parent Relationship": "Outer",
            "Parallel Aware": false,
            "Async Capable": false,
            "Startup Cost": 11.64,
            "Total Cost": 12.14,
            "Plan Rows": 200,
            "Plan Width": 48,
            "Actual Startup Time": 0.003,
            "Actual Total Time": 0.004,
            "Actual Rows": 16,
            "Actual Loops": 1,
            "Output": ["chunks_1.chunk_ordinal", "chunks_1.chunk_row_count", "chunks_1.chunk_digest"],
            "Sort Key": ["chunks_1.chunk_ordinal"],
            "Sort Method": "quicksort",
            "Sort Space Used": 26,
            "Sort Space Type": "Memory",
            "Shared Hit Blocks": 0,
            "Shared Read Blocks": 0,
            "Shared Dirtied Blocks": 0,
            "Shared Written Blocks": 0,
            "Local Hit Blocks": 0,
            "Local Read Blocks": 0,
            "Local Dirtied Blocks": 0,
            "Local Written Blocks": 0,
            "Temp Read Blocks": 0,
            "Temp Written Blocks": 0,
            "I/O Read Time": 0.000,
            "I/O Write Time": 0.000,
            "Temp I/O Read Time": 0.000,
            "Temp I/O Write Time": 0.000,
            "WAL Records": 0,
            "WAL FPI": 0,
            "WAL Bytes": 0,
            "Plans": [
              {
                "Node Type": "CTE Scan",
                "Parent Relationship": "Outer",
                "Parallel Aware": false,
                "Async Capable": false,
                "CTE Name": "chunks",
                "Alias": "chunks_1",
                "Startup Cost": 0.00,
                "Total Cost": 4.00,
                "Plan Rows": 200,
                "Plan Width": 48,
                "Actual Startup Time": 0.000,
                "Actual Total Time": 0.001,
                "Actual Rows": 16,
                "Actual Loops": 1,
                "Output": ["chunks_1.chunk_ordinal", "chunks_1.chunk_row_count", "chunks_1.chunk_digest"],
                "Shared Hit Blocks": 0,
                "Shared Read Blocks": 0,
                "Shared Dirtied Blocks": 0,
                "Shared Written Blocks": 0,
                "Local Hit Blocks": 0,
                "Local Read Blocks": 0,
                "Local Dirtied Blocks": 0,
                "Local Written Blocks": 0,
                "Temp Read Blocks": 0,
                "Temp Written Blocks": 0,
                "I/O Read Time": 0.000,
                "I/O Write Time": 0.000,
                "Temp I/O Read Time": 0.000,
                "Temp I/O Write Time": 0.000,
                "WAL Records": 0,
                "WAL FPI": 0,
                "WAL Bytes": 0
              }
            ]
          }
        ]
      }
    ]
  }
}
psql:/private/tmp/graphic_design_archive_v49_repository_hygiene/database/tests/009_release_projection_snapshot_performance_scale.sql:34: LOG:  duration: 144.200 ms  plan:
{
  "Query Text": "INSERT INTO release.research_launch_component_manifest_v3\n  SELECT p_release_id,x.component_code,x.row_count,release.research_launch_component_hash_staged_v5(x.component_code)\n  FROM (VALUES\n    ('releaseObjects',(SELECT count(*) FROM release.research_release_object WHERE research_release_id=p_release_id)),\n    ('surfacePresentation',(SELECT count(*) FROM release.research_surface_presentation_projection_v3 WHERE research_release_id=p_release_id)),\n    ('surfaceCredits',0::bigint),('surfaceCitations',(SELECT count(*) FROM release.research_surface_citation_projection_v3 WHERE research_release_id=p_release_id)),\n    ('folderTypes',(SELECT count(*) FROM release.research_folder_type_projection_v3 WHERE research_release_id=p_release_id)),\n    ('folders',(SELECT count(*) FROM release.research_folder_projection_v3 WHERE research_release_id=p_release_id)),\n    ('folderMemberships',(SELECT count(*) FROM release.research_folder_membership_projection_v3 WHERE research_release_id=p_release_id)),\n    ('searchDocuments',(SELECT count(*) FROM release.research_search_document_projection_v3 WHERE research_release_id=p_release_id)),\n    ('corpusSummary',(SELECT count(*) FROM release.research_corpus_summary_projection_v3 WHERE research_release_id=p_release_id)),\n    ('traceAvailability',(SELECT count(*) FROM release.research_trace_availability_projection_v3 WHERE research_release_id=p_release_id))\n  ) x(component_code,row_count)",
  "Plan": {
    "Node Type": "ModifyTable",
    "Operation": "Insert",
    "Parallel Aware": false,
    "Async Capable": false,
    "Relation Name": "research_launch_component_manifest_v3",
    "Schema": "release",
    "Alias": "research_launch_component_manifest_v3",
    "Startup Cost": 1652.60,
    "Total Cost": 1655.23,
    "Plan Rows": 0,
    "Plan Width": 0,
    "Actual Startup Time": 144.195,
    "Actual Total Time": 144.199,
    "Actual Rows": 0,
    "Actual Loops": 1,
    "Shared Hit Blocks": 4647,
    "Shared Read Blocks": 5,
    "Shared Dirtied Blocks": 4,
    "Shared Written Blocks": 2,
    "Local Hit Blocks": 23,
    "Local Read Blocks": 4238,
    "Local Dirtied Blocks": 0,
    "Local Written Blocks": 0,
    "Temp Read Blocks": 1534,
    "Temp Written Blocks": 1537,
    "I/O Read Time": 0.048,
    "I/O Write Time": 0.056,
    "Temp I/O Read Time": 1.334,
    "Temp I/O Write Time": 11.363,
    "WAL Records": 22,
    "WAL FPI": 1,
    "WAL Bytes": 10158,
    "Plans": [
      {
        "Node Type": "Values Scan",
        "Parent Relationship": "Outer",
        "Parallel Aware": false,
        "Async Capable": false,
        "Alias": "*VALUES*",
        "Startup Cost": 1652.60,
        "Total Cost": 1655.23,
        "Plan Rows": 10,
        "Plan Width": 88,
        "Actual Startup Time": 15.872,
        "Actual Total Time": 143.317,
        "Actual Rows": 10,
        "Actual Loops": 1,
        "Output": ["'af000000-0000-4000-8000-000000000001'::uuid", "\"*VALUES*\".column1", "\"*VALUES*\".column2", "release.research_launch_component_hash_staged_v5(\"*VALUES*\".column1)"],
        "Shared Hit Blocks": 4549,
        "Shared Read Blocks": 4,
        "Shared Dirtied Blocks": 1,
        "Shared Written Blocks": 0,
        "Local Hit Blocks": 23,
        "Local Read Blocks": 4238,
        "Local Dirtied Blocks": 0,
        "Local Written Blocks": 0,
        "Temp Read Blocks": 1534,
        "Temp Written Blocks": 1537,
        "I/O Read Time": 0.010,
        "I/O Write Time": 0.000,
        "Temp I/O Read Time": 1.334,
        "Temp I/O Write Time": 11.363,
        "WAL Records": 1,
        "WAL FPI": 1,
        "WAL Bytes": 7540,
        "Plans": [
          {
            "Node Type": "Aggregate",
            "Strategy": "Plain",
            "Partial Mode": "Simple",
            "Parent Relationship": "InitPlan",
            "Subplan Name": "InitPlan 1 (returns $0)",
            "Parallel Aware": false,
            "Async Capable": false,
            "Startup Cost": 214.87,
            "Total Cost": 214.88,
            "Plan Rows": 1,
            "Plan Width": 8,
            "Actual Startup Time": 1.888,
            "Actual Total Time": 1.888,
            "Actual Rows": 1,
            "Actual Loops": 1,
            "Output": ["count(*)"],
            "Shared Hit Blocks": 468,
            "Shared Read Blocks": 0,
            "Shared Dirtied Blocks": 0,
            "Shared Written Blocks": 0,
            "Local Hit Blocks": 0,
            "Local Read Blocks": 0,
            "Local Dirtied Blocks": 0,
            "Local Written Blocks": 0,
            "Temp Read Blocks": 0,
            "Temp Written Blocks": 0,
            "I/O Read Time": 0.000,
            "I/O Write Time": 0.000,
            "Temp I/O Read Time": 0.000,
            "Temp I/O Write Time": 0.000,
            "WAL Records": 0,
            "WAL FPI": 0,
            "WAL Bytes": 0,
            "Plans": [
              {
                "Node Type": "Bitmap Heap Scan",
                "Parent Relationship": "Outer",
                "Parallel Aware": false,
                "Async Capable": false,
                "Relation Name": "research_release_object",
                "Schema": "release",
                "Alias": "research_release_object",
                "Startup Cost": 4.98,
                "Total Cost": 214.64,
                "Plan Rows": 89,
                "Plan Width": 0,
                "Actual Startup Time": 0.429,
                "Actual Total Time": 1.511,
                "Actual Rows": 15923,
                "Actual Loops": 1,
                "Recheck Cond": "(research_release_object.research_release_id = 'af000000-0000-4000-8000-000000000001'::uuid)",
                "Rows Removed by Index Recheck": 0,
                "Exact Heap Blocks": 371,
                "Lossy Heap Blocks": 0,
                "Shared Hit Blocks": 468,
                "Shared Read Blocks": 0,
                "Shared Dirtied Blocks": 0,
                "Shared Written Blocks": 0,
                "Local Hit Blocks": 0,
                "Local Read Blocks": 0,
                "Local Dirtied Blocks": 0,
                "Local Written Blocks": 0,
                "Temp Read Blocks": 0,
                "Temp Written Blocks": 0,
                "I/O Read Time": 0.000,
                "I/O Write Time": 0.000,
                "Temp I/O Read Time": 0.000,
                "Temp I/O Write Time": 0.000,
                "WAL Records": 0,
                "WAL FPI": 0,
                "WAL Bytes": 0,
                "Plans": [
                  {
                    "Node Type": "Bitmap Index Scan",
                    "Parent Relationship": "Outer",
                    "Parallel Aware": false,
                    "Async Capable": false,
                    "Index Name": "research_release_object_pkey",
                    "Startup Cost": 0.00,
                    "Total Cost": 4.95,
                    "Plan Rows": 89,
                    "Plan Width": 0,
                    "Actual Startup Time": 0.406,
                    "Actual Total Time": 0.406,
                    "Actual Rows": 15923,
                    "Actual Loops": 1,
                    "Index Cond": "(research_release_object.research_release_id = 'af000000-0000-4000-8000-000000000001'::uuid)",
                    "Shared Hit Blocks": 97,
                    "Shared Read Blocks": 0,
                    "Shared Dirtied Blocks": 0,
                    "Shared Written Blocks": 0,
                    "Local Hit Blocks": 0,
                    "Local Read Blocks": 0,
                    "Local Dirtied Blocks": 0,
                    "Local Written Blocks": 0,
                    "Temp Read Blocks": 0,
                    "Temp Written Blocks": 0,
                    "I/O Read Time": 0.000,
                    "I/O Write Time": 0.000,
                    "Temp I/O Read Time": 0.000,
                    "Temp I/O Write Time": 0.000,
                    "WAL Records": 0,
                    "WAL FPI": 0,
                    "WAL Bytes": 0
                  }
                ]
              }
            ]
          },
          {
            "Node Type": "Aggregate",
            "Strategy": "Plain",
            "Partial Mode": "Simple",
            "Parent Relationship": "InitPlan",
            "Subplan Name": "InitPlan 2 (returns $1)",
            "Parallel Aware": false,
            "Async Capable": false,
            "Startup Cost": 141.57,
            "Total Cost": 141.58,
            "Plan Rows": 1,
            "Plan Width": 8,
            "Actual Startup Time": 2.471,
            "Actual Total Time": 2.471,
            "Actual Rows": 1,
            "Actual Loops": 1,
            "Output": ["count(*)"],
            "Shared Hit Blocks": 761,
            "Shared Read Blocks": 0,
            "Shared Dirtied Blocks": 0,
            "Shared Written Blocks": 0,
            "Local Hit Blocks": 0,
            "Local Read Blocks": 0,
            "Local Dirtied Blocks": 0,
            "Local Written Blocks": 0,
            "Temp Read Blocks": 0,
            "Temp Written Blocks": 0,
            "I/O Read Time": 0.000,
            "I/O Write Time": 0.000,
            "Temp I/O Read Time": 0.000,
            "Temp I/O Write Time": 0.000,
            "WAL Records": 0,
            "WAL FPI": 0,
            "WAL Bytes": 0,
            "Plans": [
              {
                "Node Type": "Bitmap Heap Scan",
                "Parent Relationship": "Outer",
                "Parallel Aware": false,
                "Async Capable": false,
                "Relation Name": "research_surface_presentation_projection_v3",
                "Schema": "release",
                "Alias": "research_surface_presentation_projection_v3",
                "Startup Cost": 4.62,
                "Total Cost": 141.47,
                "Plan Rows": 43,
                "Plan Width": 0,
                "Actual Startup Time": 0.471,
                "Actual Total Time": 2.087,
                "Actual Rows": 15923,
                "Actual Loops": 1,
                "Recheck Cond": "(research_surface_presentation_projection_v3.research_release_id = 'af000000-0000-4000-8000-000000000001'::uuid)",
                "Rows Removed by Index Recheck": 0,
                "Exact Heap Blocks": 664,
                "Lossy Heap Blocks": 0,
                "Shared Hit Blocks": 761,
                "Shared Read Blocks": 0,
                "Shared Dirtied Blocks": 0,
                "Shared Written Blocks": 0,
                "Local Hit Blocks": 0,
                "Local Read Blocks": 0,
                "Local Dirtied Blocks": 0,
                "Local Written Blocks": 0,
                "Temp Read Blocks": 0,
                "Temp Written Blocks": 0,
                "I/O Read Time": 0.000,
                "I/O Write Time": 0.000,
                "Temp I/O Read Time": 0.000,
                "Temp I/O Write Time": 0.000,
                "WAL Records": 0,
                "WAL FPI": 0,
                "WAL Bytes": 0,
                "Plans": [
                  {
                    "Node Type": "Bitmap Index Scan",
                    "Parent Relationship": "Outer",
                    "Parallel Aware": false,
                    "Async Capable": false,
                    "Index Name": "research_surface_presentation_projection_v3_pkey",
                    "Startup Cost": 0.00,
                    "Total Cost": 4.61,
                    "Plan Rows": 43,
                    "Plan Width": 0,
                    "Actual Startup Time": 0.427,
                    "Actual Total Time": 0.427,
                    "Actual Rows": 15923,
                    "Actual Loops": 1,
                    "Index Cond": "(research_surface_presentation_projection_v3.research_release_id = 'af000000-0000-4000-8000-000000000001'::uuid)",
                    "Shared Hit Blocks": 97,
                    "Shared Read Blocks": 0,
                    "Shared Dirtied Blocks": 0,
                    "Shared Written Blocks": 0,
                    "Local Hit Blocks": 0,
                    "Local Read Blocks": 0,
                    "Local Dirtied Blocks": 0,
                    "Local Written Blocks": 0,
                    "Temp Read Blocks": 0,
                    "Temp Written Blocks": 0,
                    "I/O Read Time": 0.000,
                    "I/O Write Time": 0.000,
                    "Temp I/O Read Time": 0.000,
                    "Temp I/O Write Time": 0.000,
                    "WAL Records": 0,
                    "WAL FPI": 0,
                    "WAL Bytes": 0
                  }
                ]
              }
            ]
          },
          {
            "Node Type": "Aggregate",
            "Strategy": "Plain",
            "Partial Mode": "Simple",
            "Parent Relationship": "InitPlan",
            "Subplan Name": "InitPlan 3 (returns $2)",
            "Parallel Aware": false,
            "Async Capable": false,
            "Startup Cost": 242.51,
            "Total Cost": 242.52,
            "Plan Rows": 1,
            "Plan Width": 8,
            "Actual Startup Time": 1.920,
            "Actual Total Time": 1.921,
            "Actual Rows": 1,
            "Actual Loops": 1,
            "Output": ["count(*)"],
            "Shared Hit Blocks": 469,
            "Shared Read Blocks": 0,
            "Shared Dirtied Blocks": 0,
            "Shared Written Blocks": 0,
            "Local Hit Blocks": 0,
            "Local Read Blocks": 0,
            "Local Dirtied Blocks": 0,
            "Local Written Blocks": 0,
            "Temp Read Blocks": 0,
            "Temp Written Blocks": 0,
            "I/O Read Time": 0.000,
            "I/O Write Time": 0.000,
            "Temp I/O Read Time": 0.000,
            "Temp I/O Write Time": 0.000,
            "WAL Records": 0,
            "WAL FPI": 0,
            "WAL Bytes": 0,
            "Plans": [
              {
                "Node Type": "Bitmap Heap Scan",
                "Parent Relationship": "Outer",
                "Parallel Aware": false,
                "Async Capable": false,
                "Relation Name": "research_surface_citation_projection_v3",
                "Schema": "release",
                "Alias": "research_surface_citation_projection_v3",
                "Startup Cost": 5.16,
                "Total Cost": 242.23,
                "Plan Rows": 112,
                "Plan Width": 0,
                "Actual Startup Time": 0.447,
                "Actual Total Time": 1.529,
                "Actual Rows": 15923,
                "Actual Loops": 1,
                "Recheck Cond": "(research_surface_citation_projection_v3.research_release_id = 'af000000-0000-4000-8000-000000000001'::uuid)",
                "Rows Removed by Index Recheck": 0,
                "Exact Heap Blocks": 354,
                "Lossy Heap Blocks": 0,
                "Shared Hit Blocks": 469,
                "Shared Read Blocks": 0,
                "Shared Dirtied Blocks": 0,
                "Shared Written Blocks": 0,
                "Local Hit Blocks": 0,
                "Local Read Blocks": 0,
                "Local Dirtied Blocks": 0,
                "Local Written Blocks": 0,
                "Temp Read Blocks": 0,
                "Temp Written Blocks": 0,
                "I/O Read Time": 0.000,
                "I/O Write Time": 0.000,
                "Temp I/O Read Time": 0.000,
                "Temp I/O Write Time": 0.000,
                "WAL Records": 0,
                "WAL FPI": 0,
                "WAL Bytes": 0,
                "Plans": [
                  {
                    "Node Type": "Bitmap Index Scan",
                    "Parent Relationship": "Outer",
                    "Parallel Aware": false,
                    "Async Capable": false,
                    "Index Name": "research_surface_citation_projection_v3_pkey",
                    "Startup Cost": 0.00,
                    "Total Cost": 5.13,
                    "Plan Rows": 112,
                    "Plan Width": 0,
                    "Actual Startup Time": 0.423,
                    "Actual Total Time": 0.423,
                    "Actual Rows": 15923,
                    "Actual Loops": 1,
                    "Index Cond": "(research_surface_citation_projection_v3.research_release_id = 'af000000-0000-4000-8000-000000000001'::uuid)",
                    "Shared Hit Blocks": 115,
                    "Shared Read Blocks": 0,
                    "Shared Dirtied Blocks": 0,
                    "Shared Written Blocks": 0,
                    "Local Hit Blocks": 0,
                    "Local Read Blocks": 0,
                    "Local Dirtied Blocks": 0,
                    "Local Written Blocks": 0,
                    "Temp Read Blocks": 0,
                    "Temp Written Blocks": 0,
                    "I/O Read Time": 0.000,
                    "I/O Write Time": 0.000,
                    "Temp I/O Read Time": 0.000,
                    "Temp I/O Write Time": 0.000,
                    "WAL Records": 0,
                    "WAL FPI": 0,
                    "WAL Bytes": 0
                  }
                ]
              }
            ]
          },
          {
            "Node Type": "Aggregate",
            "Strategy": "Plain",
            "Partial Mode": "Simple",
            "Parent Relationship": "InitPlan",
            "Subplan Name": "InitPlan 4 (returns $3)",
            "Parallel Aware": false,
            "Async Capable": false,
            "Startup Cost": 12.65,
            "Total Cost": 12.66,
            "Plan Rows": 1,
            "Plan Width": 8,
            "Actual Startup Time": 0.003,
            "Actual Total Time": 0.004,
            "Actual Rows": 1,
            "Actual Loops": 1,
            "Output": ["count(*)"],
            "Shared Hit Blocks": 2,
            "Shared Read Blocks": 0,
            "Shared Dirtied Blocks": 0,
            "Shared Written Blocks": 0,
            "Local Hit Blocks": 0,
            "Local Read Blocks": 0,
            "Local Dirtied Blocks": 0,
            "Local Written Blocks": 0,
            "Temp Read Blocks": 0,
            "Temp Written Blocks": 0,
            "I/O Read Time": 0.000,
            "I/O Write Time": 0.000,
            "Temp I/O Read Time": 0.000,
            "Temp I/O Write Time": 0.000,
            "WAL Records": 0,
            "WAL FPI": 0,
            "WAL Bytes": 0,
            "Plans": [
              {
                "Node Type": "Bitmap Heap Scan",
                "Parent Relationship": "Outer",
                "Parallel Aware": false,
                "Async Capable": false,
                "Relation Name": "research_folder_type_projection_v3",
                "Schema": "release",
                "Alias": "research_folder_type_projection_v3",
                "Startup Cost": 4.18,
                "Total Cost": 12.64,
                "Plan Rows": 4,
                "Plan Width": 0,
                "Actual Startup Time": 0.003,
                "Actual Total Time": 0.003,
                "Actual Rows": 1,
                "Actual Loops": 1,
                "Recheck Cond": "(research_folder_type_projection_v3.research_release_id = 'af000000-0000-4000-8000-000000000001'::uuid)",
                "Rows Removed by Index Recheck": 0,
                "Exact Heap Blocks": 1,
                "Lossy Heap Blocks": 0,
                "Shared Hit Blocks": 2,
                "Shared Read Blocks": 0,
                "Shared Dirtied Blocks": 0,
                "Shared Written Blocks": 0,
                "Local Hit Blocks": 0,
                "Local Read Blocks": 0,
                "Local Dirtied Blocks": 0,
                "Local Written Blocks": 0,
                "Temp Read Blocks": 0,
                "Temp Written Blocks": 0,
                "I/O Read Time": 0.000,
                "I/O Write Time": 0.000,
                "Temp I/O Read Time": 0.000,
                "Temp I/O Write Time": 0.000,
                "WAL Records": 0,
                "WAL FPI": 0,
                "WAL Bytes": 0,
                "Plans": [
                  {
                    "Node Type": "Bitmap Index Scan",
                    "Parent Relationship": "Outer",
                    "Parallel Aware": false,
                    "Async Capable": false,
                    "Index Name": "research_folder_type_projecti_research_release_id_sort_ordi_key",
                    "Startup Cost": 0.00,
                    "Total Cost": 4.18,
                    "Plan Rows": 4,
                    "Plan Width": 0,
                    "Actual Startup Time": 0.002,
                    "Actual Total Time": 0.002,
                    "Actual Rows": 1,
                    "Actual Loops": 1,
                    "Index Cond": "(research_folder_type_projection_v3.research_release_id = 'af000000-0000-4000-8000-000000000001'::uuid)",
                    "Shared Hit Blocks": 1,
                    "Shared Read Blocks": 0,
                    "Shared Dirtied Blocks": 0,
                    "Shared Written Blocks": 0,
                    "Local Hit Blocks": 0,
                    "Local Read Blocks": 0,
                    "Local Dirtied Blocks": 0,
                    "Local Written Blocks": 0,
                    "Temp Read Blocks": 0,
                    "Temp Written Blocks": 0,
                    "I/O Read Time": 0.000,
                    "I/O Write Time": 0.000,
                    "Temp I/O Read Time": 0.000,
                    "Temp I/O Write Time": 0.000,
                    "WAL Records": 0,
                    "WAL FPI": 0,
                    "WAL Bytes": 0
                  }
                ]
              }
            ]
          },
          {
            "Node Type": "Aggregate",
            "Strategy": "Plain",
            "Partial Mode": "Simple",
            "Parent Relationship": "InitPlan",
            "Subplan Name": "InitPlan 5 (returns $4)",
            "Parallel Aware": false,
            "Async Capable": false,
            "Startup Cost": 9.51,
            "Total Cost": 9.52,
            "Plan Rows": 1,
            "Plan Width": 8,
            "Actual Startup Time": 0.004,
            "Actual Total Time": 0.005,
            "Actual Rows": 1,
            "Actual Loops": 1,
            "Output": ["count(*)"],
            "Shared Hit Blocks": 2,
            "Shared Read Blocks": 0,
            "Shared Dirtied Blocks": 0,
            "Shared Written Blocks": 0,
            "Local Hit Blocks": 0,
            "Local Read Blocks": 0,
            "Local Dirtied Blocks": 0,
            "Local Written Blocks": 0,
            "Temp Read Blocks": 0,
            "Temp Written Blocks": 0,
            "I/O Read Time": 0.000,
            "I/O Write Time": 0.000,
            "Temp I/O Read Time": 0.000,
            "Temp I/O Write Time": 0.000,
            "WAL Records": 0,
            "WAL FPI": 0,
            "WAL Bytes": 0,
            "Plans": [
              {
                "Node Type": "Bitmap Heap Scan",
                "Parent Relationship": "Outer",
                "Parallel Aware": false,
                "Async Capable": false,
                "Relation Name": "research_folder_projection_v3",
                "Schema": "release",
                "Alias": "research_folder_projection_v3",
                "Startup Cost": 4.16,
                "Total Cost": 9.50,
                "Plan Rows": 2,
                "Plan Width": 0,
                "Actual Startup Time": 0.003,
                "Actual Total Time": 0.004,
                "Actual Rows": 4,
                "Actual Loops": 1,
                "Recheck Cond": "(research_folder_projection_v3.research_release_id = 'af000000-0000-4000-8000-000000000001'::uuid)",
                "Rows Removed by Index Recheck": 0,
                "Exact Heap Blocks": 1,
                "Lossy Heap Blocks": 0,
                "Shared Hit Blocks": 2,
                "Shared Read Blocks": 0,
                "Shared Dirtied Blocks": 0,
                "Shared Written Blocks": 0,
                "Local Hit Blocks": 0,
                "Local Read Blocks": 0,
                "Local Dirtied Blocks": 0,
                "Local Written Blocks": 0,
                "Temp Read Blocks": 0,
                "Temp Written Blocks": 0,
                "I/O Read Time": 0.000,
                "I/O Write Time": 0.000,
                "Temp I/O Read Time": 0.000,
                "Temp I/O Write Time": 0.000,
                "WAL Records": 0,
                "WAL FPI": 0,
                "WAL Bytes": 0,
                "Plans": [
                  {
                    "Node Type": "Bitmap Index Scan",
                    "Parent Relationship": "Outer",
                    "Parallel Aware": false,
                    "Async Capable": false,
                    "Index Name": "research_folder_projection_v3_type_sort_idx",
                    "Startup Cost": 0.00,
                    "Total Cost": 4.16,
                    "Plan Rows": 2,
                    "Plan Width": 0,
                    "Actual Startup Time": 0.002,
                    "Actual Total Time": 0.002,
                    "Actual Rows": 4,
                    "Actual Loops": 1,
                    "Index Cond": "(research_folder_projection_v3.research_release_id = 'af000000-0000-4000-8000-000000000001'::uuid)",
                    "Shared Hit Blocks": 1,
                    "Shared Read Blocks": 0,
                    "Shared Dirtied Blocks": 0,
                    "Shared Written Blocks": 0,
                    "Local Hit Blocks": 0,
                    "Local Read Blocks": 0,
                    "Local Dirtied Blocks": 0,
                    "Local Written Blocks": 0,
                    "Temp Read Blocks": 0,
                    "Temp Written Blocks": 0,
                    "I/O Read Time": 0.000,
                    "I/O Write Time": 0.000,
                    "Temp I/O Read Time": 0.000,
                    "Temp I/O Write Time": 0.000,
                    "WAL Records": 0,
                    "WAL FPI": 0,
                    "WAL Bytes": 0
                  }
                ]
              }
            ]
          },
          {
            "Node Type": "Aggregate",
            "Strategy": "Plain",
            "Partial Mode": "Simple",
            "Parent Relationship": "InitPlan",
            "Subplan Name": "InitPlan 6 (returns $5)",
            "Parallel Aware": false,
            "Async Capable": false,
            "Startup Cost": 758.70,
            "Total Cost": 758.71,
            "Plan Rows": 1,
            "Plan Width": 8,
            "Actual Startup Time": 6.692,
            "Actual Total Time": 6.693,
            "Actual Rows": 1,
            "Actual Loops": 1,
            "Output": ["count(*)"],
            "Shared Hit Blocks": 2126,
            "Shared Read Blocks": 0,
            "Shared Dirtied Blocks": 0,
            "Shared Written Blocks": 0,
            "Local Hit Blocks": 0,
            "Local Read Blocks": 0,
            "Local Dirtied Blocks": 0,
            "Local Written Blocks": 0,
            "Temp Read Blocks": 0,
            "Temp Written Blocks": 0,
            "I/O Read Time": 0.000,
            "I/O Write Time": 0.000,
            "Temp I/O Read Time": 0.000,
            "Temp I/O Write Time": 0.000,
            "WAL Records": 0,
            "WAL FPI": 0,
            "WAL Bytes": 0,
            "Plans": [
              {
                "Node Type": "Bitmap Heap Scan",
                "Parent Relationship": "Outer",
                "Parallel Aware": false,
                "Async Capable": false,
                "Relation Name": "research_folder_membership_projection_v3",
                "Schema": "release",
                "Alias": "research_folder_membership_projection_v3",
                "Startup Cost": 14.69,
                "Total Cost": 757.96,
                "Plan Rows": 294,
                "Plan Width": 0,
                "Actual Startup Time": 2.079,
                "Actual Total Time": 5.515,
                "Actual Rows": 47982,
                "Actual Loops": 1,
                "Recheck Cond": "(research_folder_membership_projection_v3.research_release_id = 'af000000-0000-4000-8000-000000000001'::uuid)",
                "Rows Removed by Index Recheck": 0,
                "Exact Heap Blocks": 1548,
                "Lossy Heap Blocks": 0,
                "Shared Hit Blocks": 2126,
                "Shared Read Blocks": 0,
                "Shared Dirtied Blocks": 0,
                "Shared Written Blocks": 0,
                "Local Hit Blocks": 0,
                "Local Read Blocks": 0,
                "Local Dirtied Blocks": 0,
                "Local Written Blocks": 0,
                "Temp Read Blocks": 0,
                "Temp Written Blocks": 0,
                "I/O Read Time": 0.000,
                "I/O Write Time": 0.000,
                "Temp I/O Read Time": 0.000,
                "Temp I/O Write Time": 0.000,
                "WAL Records": 0,
                "WAL FPI": 0,
                "WAL Bytes": 0,
                "Plans": [
                  {
                    "Node Type": "Bitmap Index Scan",
                    "Parent Relationship": "Outer",
                    "Parallel Aware": false,
                    "Async Capable": false,
                    "Index Name": "research_folder_membership_v3_object_idx",
                    "Startup Cost": 0.00,
                    "Total Cost": 14.62,
                    "Plan Rows": 294,
                    "Plan Width": 0,
                    "Actual Startup Time": 1.973,
                    "Actual Total Time": 1.973,
                    "Actual Rows": 47982,
                    "Actual Loops": 1,
                    "Index Cond": "(research_folder_membership_projection_v3.research_release_id = 'af000000-0000-4000-8000-000000000001'::uuid)",
                    "Shared Hit Blocks": 578,
                    "Shared Read Blocks": 0,
                    "Shared Dirtied Blocks": 0,
                    "Shared Written Blocks": 0,
                    "Local Hit Blocks": 0,
                    "Local Read Blocks": 0,
                    "Local Dirtied Blocks": 0,
                    "Local Written Blocks": 0,
                    "Temp Read Blocks": 0,
                    "Temp Written Blocks": 0,
                    "I/O Read Time": 0.000,
                    "I/O Write Time": 0.000,
                    "Temp I/O Read Time": 0.000,
                    "Temp I/O Write Time": 0.000,
                    "WAL Records": 0,
                    "WAL FPI": 0,
                    "WAL Bytes": 0
                  }
                ]
              }
            ]
          },
          {
            "Node Type": "Aggregate",
            "Strategy": "Plain",
            "Partial Mode": "Simple",
            "Parent Relationship": "InitPlan",
            "Subplan Name": "InitPlan 7 (returns $6)",
            "Parallel Aware": false,
            "Async Capable": false,
            "Startup Cost": 255.03,
            "Total Cost": 255.04,
            "Plan Rows": 1,
            "Plan Width": 8,
            "Actual Startup Time": 2.287,
            "Actual Total Time": 2.287,
            "Actual Rows": 1,
            "Actual Loops": 1,
            "Output": ["count(*)"],
            "Shared Hit Blocks": 571,
            "Shared Read Blocks": 0,
            "Shared Dirtied Blocks": 0,
            "Shared Written Blocks": 0,
            "Local Hit Blocks": 0,
            "Local Read Blocks": 0,
            "Local Dirtied Blocks": 0,
            "Local Written Blocks": 0,
            "Temp Read Blocks": 0,
            "Temp Written Blocks": 0,
            "I/O Read Time": 0.000,
            "I/O Write Time": 0.000,
            "Temp I/O Read Time": 0.000,
            "Temp I/O Write Time": 0.000,
            "WAL Records": 0,
            "WAL FPI": 0,
            "WAL Bytes": 0,
            "Plans": [
              {
                "Node Type": "Bitmap Heap Scan",
                "Parent Relationship": "Outer",
                "Parallel Aware": false,
                "Async Capable": false,
                "Relation Name": "research_search_document_projection_v3",
                "Schema": "release",
                "Alias": "research_search_document_projection_v3",
                "Startup Cost": 5.08,
                "Total Cost": 254.77,
                "Plan Rows": 102,
                "Plan Width": 0,
                "Actual Startup Time": 0.435,
                "Actual Total Time": 1.899,
                "Actual Rows": 15923,
                "Actual Loops": 1,
                "Recheck Cond": "(research_search_document_projection_v3.research_release_id = 'af000000-0000-4000-8000-000000000001'::uuid)",
                "Rows Removed by Index Recheck": 0,
                "Exact Heap Blocks": 474,
                "Lossy Heap Blocks": 0,
                "Shared Hit Blocks": 571,
                "Shared Read Blocks": 0,
                "Shared Dirtied Blocks": 0,
                "Shared Written Blocks": 0,
                "Local Hit Blocks": 0,
                "Local Read Blocks": 0,
                "Local Dirtied Blocks": 0,
                "Local Written Blocks": 0,
                "Temp Read Blocks": 0,
                "Temp Written Blocks": 0,
                "I/O Read Time": 0.000,
                "I/O Write Time": 0.000,
                "Temp I/O Read Time": 0.000,
                "Temp I/O Write Time": 0.000,
                "WAL Records": 0,
                "WAL FPI": 0,
                "WAL Bytes": 0,
                "Plans": [
                  {
                    "Node Type": "Bitmap Index Scan",
                    "Parent Relationship": "Outer",
                    "Parallel Aware": false,
                    "Async Capable": false,
                    "Index Name": "research_search_document_projection_v3_pkey",
                    "Startup Cost": 0.00,
                    "Total Cost": 5.05,
                    "Plan Rows": 102,
                    "Plan Width": 0,
                    "Actual Startup Time": 0.402,
                    "Actual Total Time": 0.402,
                    "Actual Rows": 15923,
                    "Actual Loops": 1,
                    "Index Cond": "(research_search_document_projection_v3.research_release_id = 'af000000-0000-4000-8000-000000000001'::uuid)",
                    "Shared Hit Blocks": 97,
                    "Shared Read Blocks": 0,
                    "Shared Dirtied Blocks": 0,
                    "Shared Written Blocks": 0,
                    "Local Hit Blocks": 0,
                    "Local Read Blocks": 0,
                    "Local Dirtied Blocks": 0,
                    "Local Written Blocks": 0,
                    "Temp Read Blocks": 0,
                    "Temp Written Blocks": 0,
                    "I/O Read Time": 0.000,
                    "I/O Write Time": 0.000,
                    "Temp I/O Read Time": 0.000,
                    "Temp I/O Write Time": 0.000,
                    "WAL Records": 0,
                    "WAL FPI": 0,
                    "WAL Bytes": 0
                  }
                ]
              }
            ]
          },
          {
            "Node Type": "Aggregate",
            "Strategy": "Plain",
            "Partial Mode": "Simple",
            "Parent Relationship": "InitPlan",
            "Subplan Name": "InitPlan 8 (returns $7)",
            "Parallel Aware": false,
            "Async Capable": false,
            "Startup Cost": 9.51,
            "Total Cost": 9.52,
            "Plan Rows": 1,
            "Plan Width": 8,
            "Actual Startup Time": 0.006,
            "Actual Total Time": 0.007,
            "Actual Rows": 1,
            "Actual Loops": 1,
            "Output": ["count(*)"],
            "Shared Hit Blocks": 2,
            "Shared Read Blocks": 0,
            "Shared Dirtied Blocks": 0,
            "Shared Written Blocks": 0,
            "Local Hit Blocks": 0,
            "Local Read Blocks": 0,
            "Local Dirtied Blocks": 0,
            "Local Written Blocks": 0,
            "Temp Read Blocks": 0,
            "Temp Written Blocks": 0,
            "I/O Read Time": 0.000,
            "I/O Write Time": 0.000,
            "Temp I/O Read Time": 0.000,
            "Temp I/O Write Time": 0.000,
            "WAL Records": 0,
            "WAL FPI": 0,
            "WAL Bytes": 0,
            "Plans": [
              {
                "Node Type": "Bitmap Heap Scan",
                "Parent Relationship": "Outer",
                "Parallel Aware": false,
                "Async Capable": false,
                "Relation Name": "research_corpus_summary_projection_v3",
                "Schema": "release",
                "Alias": "research_corpus_summary_projection_v3",
                "Startup Cost": 4.16,
                "Total Cost": 9.50,
                "Plan Rows": 2,
                "Plan Width": 0,
                "Actual Startup Time": 0.005,
                "Actual Total Time": 0.005,
                "Actual Rows": 1,
                "Actual Loops": 1,
                "Recheck Cond": "(research_corpus_summary_projection_v3.research_release_id = 'af000000-0000-4000-8000-000000000001'::uuid)",
                "Rows Removed by Index Recheck": 0,
                "Exact Heap Blocks": 1,
                "Lossy Heap Blocks": 0,
                "Shared Hit Blocks": 2,
                "Shared Read Blocks": 0,
                "Shared Dirtied Blocks": 0,
                "Shared Written Blocks": 0,
                "Local Hit Blocks": 0,
                "Local Read Blocks": 0,
                "Local Dirtied Blocks": 0,
                "Local Written Blocks": 0,
                "Temp Read Blocks": 0,
                "Temp Written Blocks": 0,
                "I/O Read Time": 0.000,
                "I/O Write Time": 0.000,
                "Temp I/O Read Time": 0.000,
                "Temp I/O Write Time": 0.000,
                "WAL Records": 0,
                "WAL FPI": 0,
                "WAL Bytes": 0,
                "Plans": [
                  {
                    "Node Type": "Bitmap Index Scan",
                    "Parent Relationship": "Outer",
                    "Parallel Aware": false,
                    "Async Capable": false,
                    "Index Name": "research_corpus_summary_projection_v3_pkey",
                    "Startup Cost": 0.00,
                    "Total Cost": 4.16,
                    "Plan Rows": 2,
                    "Plan Width": 0,
                    "Actual Startup Time": 0.003,
                    "Actual Total Time": 0.003,
                    "Actual Rows": 1,
                    "Actual Loops": 1,
                    "Index Cond": "(research_corpus_summary_projection_v3.research_release_id = 'af000000-0000-4000-8000-000000000001'::uuid)",
                    "Shared Hit Blocks": 1,
                    "Shared Read Blocks": 0,
                    "Shared Dirtied Blocks": 0,
                    "Shared Written Blocks": 0,
                    "Local Hit Blocks": 0,
                    "Local Read Blocks": 0,
                    "Local Dirtied Blocks": 0,
                    "Local Written Blocks": 0,
                    "Temp Read Blocks": 0,
                    "Temp Written Blocks": 0,
                    "I/O Read Time": 0.000,
                    "I/O Write Time": 0.000,
                    "Temp I/O Read Time": 0.000,
                    "Temp I/O Write Time": 0.000,
                    "WAL Records": 0,
                    "WAL FPI": 0,
                    "WAL Bytes": 0
                  }
                ]
              }
            ]
          },
          {
            "Node Type": "Aggregate",
            "Strategy": "Plain",
            "Partial Mode": "Simple",
            "Parent Relationship": "InitPlan",
            "Subplan Name": "InitPlan 9 (returns $8)",
            "Parallel Aware": false,
            "Async Capable": false,
            "Startup Cost": 8.17,
            "Total Cost": 8.18,
            "Plan Rows": 1,
            "Plan Width": 8,
            "Actual Startup Time": 0.018,
            "Actual Total Time": 0.018,
            "Actual Rows": 1,
            "Actual Loops": 1,
            "Output": ["count(*)"],
            "Shared Hit Blocks": 2,
            "Shared Read Blocks": 0,
            "Shared Dirtied Blocks": 0,
            "Shared Written Blocks": 0,
            "Local Hit Blocks": 0,
            "Local Read Blocks": 0,
            "Local Dirtied Blocks": 0,
            "Local Written Blocks": 0,
            "Temp Read Blocks": 0,
            "Temp Written Blocks": 0,
            "I/O Read Time": 0.000,
            "I/O Write Time": 0.000,
            "Temp I/O Read Time": 0.000,
            "Temp I/O Write Time": 0.000,
            "WAL Records": 0,
            "WAL FPI": 0,
            "WAL Bytes": 0,
            "Plans": [
              {
                "Node Type": "Index Only Scan",
                "Parent Relationship": "Outer",
                "Parallel Aware": false,
                "Async Capable": false,
                "Scan Direction": "Forward",
                "Index Name": "research_trace_availability_projection_v3_pkey",
                "Relation Name": "research_trace_availability_projection_v3",
                "Schema": "release",
                "Alias": "research_trace_availability_projection_v3",
                "Startup Cost": 0.15,
                "Total Cost": 8.17,
                "Plan Rows": 1,
                "Plan Width": 0,
                "Actual Startup Time": 0.017,
                "Actual Total Time": 0.017,
                "Actual Rows": 1,
                "Actual Loops": 1,
                "Output": ["research_trace_availability_projection_v3.research_release_id"],
                "Index Cond": "(research_trace_availability_projection_v3.research_release_id = 'af000000-0000-4000-8000-000000000001'::uuid)",
                "Rows Removed by Index Recheck": 0,
                "Heap Fetches": 1,
                "Shared Hit Blocks": 2,
                "Shared Read Blocks": 0,
                "Shared Dirtied Blocks": 0,
                "Shared Written Blocks": 0,
                "Local Hit Blocks": 0,
                "Local Read Blocks": 0,
                "Local Dirtied Blocks": 0,
                "Local Written Blocks": 0,
                "Temp Read Blocks": 0,
                "Temp Written Blocks": 0,
                "I/O Read Time": 0.000,
                "I/O Write Time": 0.000,
                "Temp I/O Read Time": 0.000,
                "Temp I/O Write Time": 0.000,
                "WAL Records": 0,
                "WAL FPI": 0,
                "WAL Bytes": 0
              }
            ]
          }
        ]
      }
    ]
  }
}
psql:/private/tmp/graphic_design_archive_v49_repository_hygiene/database/tests/009_release_projection_snapshot_performance_scale.sql:34: LOG:  duration: 45.622 ms  plan:
{
  "Query Text": "(SELECT count(*) FROM gda_v5_expected_objects)<>(SELECT count(*) FROM release.research_release_object WHERE research_release_id=p_release_id)\n    OR EXISTS (SELECT 1 FROM gda_v5_expected_objects e LEFT JOIN release.research_release_object r ON r.research_release_id=p_release_id AND r.archive_object_id=e.archive_object_id WHERE r.archive_object_id IS NULL)\n    OR (SELECT count(*) FROM gda_v5_expected_memberships)<>(SELECT count(*) FROM release.research_folder_membership_projection_v3 WHERE research_release_id=p_release_id)\n    OR EXISTS (SELECT 1 FROM gda_v5_expected_memberships e LEFT JOIN release.research_folder_membership_projection_v3 r ON r.research_release_id=p_release_id AND r.folder_id=e.folder_id AND r.archive_object_id=e.archive_object_id\n      AND r.membership_role=e.membership_role AND r.member_ordinal=e.member_ordinal\n      WHERE r.archive_object_id IS NULL)",
  "Plan": {
    "Node Type": "Result",
    "Parallel Aware": false,
    "Async Capable": false,
    "Startup Cost": 3566.16,
    "Total Cost": 3566.17,
    "Plan Rows": 1,
    "Plan Width": 1,
    "Actual Startup Time": 45.618,
    "Actual Total Time": 45.620,
    "Actual Rows": 1,
    "Actual Loops": 1,
    "Output": ["(($0 <> $1) OR $2 OR ($3 <> $4) OR $5)"],
    "Shared Hit Blocks": 28479,
    "Shared Read Blocks": 0,
    "Shared Dirtied Blocks": 0,
    "Shared Written Blocks": 0,
    "Local Hit Blocks": 23781,
    "Local Read Blocks": 3377,
    "Local Dirtied Blocks": 0,
    "Local Written Blocks": 0,
    "Temp Read Blocks": 0,
    "Temp Written Blocks": 0,
    "I/O Read Time": 0.000,
    "I/O Write Time": 0.000,
    "Temp I/O Read Time": 0.000,
    "Temp I/O Write Time": 0.000,
    "WAL Records": 0,
    "WAL FPI": 0,
    "WAL Bytes": 0,
    "Plans": [
      {
        "Node Type": "Aggregate",
        "Strategy": "Plain",
        "Partial Mode": "Simple",
        "Parent Relationship": "InitPlan",
        "Subplan Name": "InitPlan 1 (returns $0)",
        "Parallel Aware": false,
        "Async Capable": false,
        "Startup Cost": 519.04,
        "Total Cost": 519.05,
        "Plan Rows": 1,
        "Plan Width": 8,
        "Actual Startup Time": 1.479,
        "Actual Total Time": 1.479,
        "Actual Rows": 1,
        "Actual Loops": 1,
        "Output": ["count(*)"],
        "Shared Hit Blocks": 0,
        "Shared Read Blocks": 0,
        "Shared Dirtied Blocks": 0,
        "Shared Written Blocks": 0,
        "Local Hit Blocks": 0,
        "Local Read Blocks": 320,
        "Local Dirtied Blocks": 0,
        "Local Written Blocks": 0,
        "Temp Read Blocks": 0,
        "Temp Written Blocks": 0,
        "I/O Read Time": 0.000,
        "I/O Write Time": 0.000,
        "Temp I/O Read Time": 0.000,
        "Temp I/O Write Time": 0.000,
        "WAL Records": 0,
        "WAL FPI": 0,
        "WAL Bytes": 0,
        "Plans": [
          {
            "Node Type": "Seq Scan",
            "Parent Relationship": "Outer",
            "Parallel Aware": false,
            "Async Capable": false,
            "Relation Name": "gda_v5_expected_objects",
            "Schema": "pg_temp",
            "Alias": "gda_v5_expected_objects",
            "Startup Cost": 0.00,
            "Total Cost": 479.23,
            "Plan Rows": 15923,
            "Plan Width": 0,
            "Actual Startup Time": 0.005,
            "Actual Total Time": 1.094,
            "Actual Rows": 15923,
            "Actual Loops": 1,
            "Output": ["gda_v5_expected_objects.archive_object_id", "gda_v5_expected_objects.surface_id", "gda_v5_expected_objects.object_urn", "gda_v5_expected_objects.preferred_label"],
            "Shared Hit Blocks": 0,
            "Shared Read Blocks": 0,
            "Shared Dirtied Blocks": 0,
            "Shared Written Blocks": 0,
            "Local Hit Blocks": 0,
            "Local Read Blocks": 320,
            "Local Dirtied Blocks": 0,
            "Local Written Blocks": 0,
            "Temp Read Blocks": 0,
            "Temp Written Blocks": 0,
            "I/O Read Time": 0.000,
            "I/O Write Time": 0.000,
            "Temp I/O Read Time": 0.000,
            "Temp I/O Write Time": 0.000,
            "WAL Records": 0,
            "WAL FPI": 0,
            "WAL Bytes": 0
          }
        ]
      },
      {
        "Node Type": "Aggregate",
        "Strategy": "Plain",
        "Partial Mode": "Simple",
        "Parent Relationship": "InitPlan",
        "Subplan Name": "InitPlan 2 (returns $1)",
        "Parallel Aware": false,
        "Async Capable": false,
        "Startup Cost": 214.87,
        "Total Cost": 214.88,
        "Plan Rows": 1,
        "Plan Width": 8,
        "Actual Startup Time": 2.127,
        "Actual Total Time": 2.127,
        "Actual Rows": 1,
        "Actual Loops": 1,
        "Output": ["count(*)"],
        "Shared Hit Blocks": 468,
        "Shared Read Blocks": 0,
        "Shared Dirtied Blocks": 0,
        "Shared Written Blocks": 0,
        "Local Hit Blocks": 0,
        "Local Read Blocks": 0,
        "Local Dirtied Blocks": 0,
        "Local Written Blocks": 0,
        "Temp Read Blocks": 0,
        "Temp Written Blocks": 0,
        "I/O Read Time": 0.000,
        "I/O Write Time": 0.000,
        "Temp I/O Read Time": 0.000,
        "Temp I/O Write Time": 0.000,
        "WAL Records": 0,
        "WAL FPI": 0,
        "WAL Bytes": 0,
        "Plans": [
          {
            "Node Type": "Bitmap Heap Scan",
            "Parent Relationship": "Outer",
            "Parallel Aware": false,
            "Async Capable": false,
            "Relation Name": "research_release_object",
            "Schema": "release",
            "Alias": "research_release_object",
            "Startup Cost": 4.98,
            "Total Cost": 214.64,
            "Plan Rows": 89,
            "Plan Width": 0,
            "Actual Startup Time": 0.430,
            "Actual Total Time": 1.734,
            "Actual Rows": 15923,
            "Actual Loops": 1,
            "Recheck Cond": "(research_release_object.research_release_id = 'af000000-0000-4000-8000-000000000001'::uuid)",
            "Rows Removed by Index Recheck": 0,
            "Exact Heap Blocks": 371,
            "Lossy Heap Blocks": 0,
            "Shared Hit Blocks": 468,
            "Shared Read Blocks": 0,
            "Shared Dirtied Blocks": 0,
            "Shared Written Blocks": 0,
            "Local Hit Blocks": 0,
            "Local Read Blocks": 0,
            "Local Dirtied Blocks": 0,
            "Local Written Blocks": 0,
            "Temp Read Blocks": 0,
            "Temp Written Blocks": 0,
            "I/O Read Time": 0.000,
            "I/O Write Time": 0.000,
            "Temp I/O Read Time": 0.000,
            "Temp I/O Write Time": 0.000,
            "WAL Records": 0,
            "WAL FPI": 0,
            "WAL Bytes": 0,
            "Plans": [
              {
                "Node Type": "Bitmap Index Scan",
                "Parent Relationship": "Outer",
                "Parallel Aware": false,
                "Async Capable": false,
                "Index Name": "research_release_object_pkey",
                "Startup Cost": 0.00,
                "Total Cost": 4.95,
                "Plan Rows": 89,
                "Plan Width": 0,
                "Actual Startup Time": 0.407,
                "Actual Total Time": 0.407,
                "Actual Rows": 15923,
                "Actual Loops": 1,
                "Index Cond": "(research_release_object.research_release_id = 'af000000-0000-4000-8000-000000000001'::uuid)",
                "Shared Hit Blocks": 97,
                "Shared Read Blocks": 0,
                "Shared Dirtied Blocks": 0,
                "Shared Written Blocks": 0,
                "Local Hit Blocks": 0,
                "Local Read Blocks": 0,
                "Local Dirtied Blocks": 0,
                "Local Written Blocks": 0,
                "Temp Read Blocks": 0,
                "Temp Written Blocks": 0,
                "I/O Read Time": 0.000,
                "I/O Write Time": 0.000,
                "Temp I/O Read Time": 0.000,
                "Temp I/O Write Time": 0.000,
                "WAL Records": 0,
                "WAL FPI": 0,
                "WAL Bytes": 0
              }
            ]
          }
        ]
      },
      {
        "Node Type": "Merge Join",
        "Parent Relationship": "InitPlan",
        "Subplan Name": "InitPlan 3 (returns $2)",
        "Parallel Aware": false,
        "Async Capable": false,
        "Join Type": "Anti",
        "Startup Cost": 0.57,
        "Total Cost": 2141.90,
        "Plan Rows": 15834,
        "Plan Width": 0,
        "Actual Startup Time": 4.380,
        "Actual Total Time": 4.381,
        "Actual Rows": 0,
        "Actual Loops": 1,
        "Inner Unique": false,
        "Merge Cond": "(e.archive_object_id = r.archive_object_id)",
        "Shared Hit Blocks": 468,
        "Shared Read Blocks": 0,
        "Shared Dirtied Blocks": 0,
        "Shared Written Blocks": 0,
        "Local Hit Blocks": 314,
        "Local Read Blocks": 63,
        "Local Dirtied Blocks": 0,
        "Local Written Blocks": 0,
        "Temp Read Blocks": 0,
        "Temp Written Blocks": 0,
        "I/O Read Time": 0.000,
        "I/O Write Time": 0.000,
        "Temp I/O Read Time": 0.000,
        "Temp I/O Write Time": 0.000,
        "WAL Records": 0,
        "WAL FPI": 0,
        "WAL Bytes": 0,
        "Plans": [
          {
            "Node Type": "Index Only Scan",
            "Parent Relationship": "Outer",
            "Parallel Aware": false,
            "Async Capable": false,
            "Scan Direction": "Forward",
            "Index Name": "gda_v5_expected_objects_archive_object_id_idx",
            "Relation Name": "gda_v5_expected_objects",
            "Schema": "pg_temp",
            "Alias": "e",
            "Startup Cost": 0.29,
            "Total Cost": 1775.13,
            "Plan Rows": 15923,
            "Plan Width": 16,
            "Actual Startup Time": 0.022,
            "Actual Total Time": 1.269,
            "Actual Rows": 15923,
            "Actual Loops": 1,
            "Output": ["e.archive_object_id"],
            "Heap Fetches": 15923,
            "Shared Hit Blocks": 0,
            "Shared Read Blocks": 0,
            "Shared Dirtied Blocks": 0,
            "Shared Written Blocks": 0,
            "Local Hit Blocks": 314,
            "Local Read Blocks": 63,
            "Local Dirtied Blocks": 0,
            "Local Written Blocks": 0,
            "Temp Read Blocks": 0,
            "Temp Written Blocks": 0,
            "I/O Read Time": 0.000,
            "I/O Write Time": 0.000,
            "Temp I/O Read Time": 0.000,
            "Temp I/O Write Time": 0.000,
            "WAL Records": 0,
            "WAL FPI": 0,
            "WAL Bytes": 0
          },
          {
            "Node Type": "Index Only Scan",
            "Parent Relationship": "Inner",
            "Parallel Aware": false,
            "Async Capable": false,
            "Scan Direction": "Forward",
            "Index Name": "research_release_object_pkey",
            "Relation Name": "research_release_object",
            "Schema": "release",
            "Alias": "r",
            "Startup Cost": 0.29,
            "Total Cost": 325.85,
            "Plan Rows": 89,
            "Plan Width": 16,
            "Actual Startup Time": 0.045,
            "Actual Total Time": 1.755,
            "Actual Rows": 15923,
            "Actual Loops": 1,
            "Output": ["r.research_release_id", "r.archive_object_id"],
            "Index Cond": "(r.research_release_id = 'af000000-0000-4000-8000-000000000001'::uuid)",
            "Rows Removed by Index Recheck": 0,
            "Heap Fetches": 15923,
            "Shared Hit Blocks": 468,
            "Shared Read Blocks": 0,
            "Shared Dirtied Blocks": 0,
            "Shared Written Blocks": 0,
            "Local Hit Blocks": 0,
            "Local Read Blocks": 0,
            "Local Dirtied Blocks": 0,
            "Local Written Blocks": 0,
            "Temp Read Blocks": 0,
            "Temp Written Blocks": 0,
            "I/O Read Time": 0.000,
            "I/O Write Time": 0.000,
            "Temp I/O Read Time": 0.000,
            "Temp I/O Write Time": 0.000,
            "WAL Records": 0,
            "WAL FPI": 0,
            "WAL Bytes": 0
          }
        ]
      },
      {
        "Node Type": "Aggregate",
        "Strategy": "Plain",
        "Partial Mode": "Simple",
        "Parent Relationship": "InitPlan",
        "Subplan Name": "InitPlan 4 (returns $3)",
        "Parallel Aware": false,
        "Async Capable": false,
        "Startup Cost": 2071.78,
        "Total Cost": 2071.79,
        "Plan Rows": 1,
        "Plan Width": 8,
        "Actual Startup Time": 5.341,
        "Actual Total Time": 5.341,
        "Actual Rows": 1,
        "Actual Loops": 1,
        "Output": ["count(*)"],
        "Shared Hit Blocks": 0,
        "Shared Read Blocks": 0,
        "Shared Dirtied Blocks": 0,
        "Shared Written Blocks": 0,
        "Local Hit Blocks": 0,
        "Local Read Blocks": 1472,
        "Local Dirtied Blocks": 0,
        "Local Written Blocks": 0,
        "Temp Read Blocks": 0,
        "Temp Written Blocks": 0,
        "I/O Read Time": 0.000,
        "I/O Write Time": 0.000,
        "Temp I/O Read Time": 0.000,
        "Temp I/O Write Time": 0.000,
        "WAL Records": 0,
        "WAL FPI": 0,
        "WAL Bytes": 0,
        "Plans": [
          {
            "Node Type": "Seq Scan",
            "Parent Relationship": "Outer",
            "Parallel Aware": false,
            "Async Capable": false,
            "Relation Name": "gda_v5_expected_memberships",
            "Schema": "pg_temp",
            "Alias": "gda_v5_expected_memberships",
            "Startup Cost": 0.00,
            "Total Cost": 1951.82,
            "Plan Rows": 47982,
            "Plan Width": 0,
            "Actual Startup Time": 0.006,
            "Actual Total Time": 4.160,
            "Actual Rows": 47982,
            "Actual Loops": 1,
            "Output": ["gda_v5_expected_memberships.folder_id", "gda_v5_expected_memberships.archive_object_id", "gda_v5_expected_memberships.source_assignment_id", "gda_v5_expected_memberships.membership_role", "gda_v5_expected_memberships.member_ordinal", "gda_v5_expected_memberships.effective_decision_id", "gda_v5_expected_memberships.assignment_snapshot_sha256", "gda_v5_expected_memberships.decision_snapshot_sha256"],
            "Shared Hit Blocks": 0,
            "Shared Read Blocks": 0,
            "Shared Dirtied Blocks": 0,
            "Shared Written Blocks": 0,
            "Local Hit Blocks": 0,
            "Local Read Blocks": 1472,
            "Local Dirtied Blocks": 0,
            "Local Written Blocks": 0,
            "Temp Read Blocks": 0,
            "Temp Written Blocks": 0,
            "I/O Read Time": 0.000,
            "I/O Write Time": 0.000,
            "Temp I/O Read Time": 0.000,
            "Temp I/O Write Time": 0.000,
            "WAL Records": 0,
            "WAL FPI": 0,
            "WAL Bytes": 0
          }
        ]
      },
      {
        "Node Type": "Aggregate",
        "Strategy": "Plain",
        "Partial Mode": "Simple",
        "Parent Relationship": "InitPlan",
        "Subplan Name": "InitPlan 5 (returns $4)",
        "Parallel Aware": false,
        "Async Capable": false,
        "Startup Cost": 758.70,
        "Total Cost": 758.71,
        "Plan Rows": 1,
        "Plan Width": 8,
        "Actual Startup Time": 6.785,
        "Actual Total Time": 6.786,
        "Actual Rows": 1,
        "Actual Loops": 1,
        "Output": ["count(*)"],
        "Shared Hit Blocks": 2126,
        "Shared Read Blocks": 0,
        "Shared Dirtied Blocks": 0,
        "Shared Written Blocks": 0,
        "Local Hit Blocks": 0,
        "Local Read Blocks": 0,
        "Local Dirtied Blocks": 0,
        "Local Written Blocks": 0,
        "Temp Read Blocks": 0,
        "Temp Written Blocks": 0,
        "I/O Read Time": 0.000,
        "I/O Write Time": 0.000,
        "Temp I/O Read Time": 0.000,
        "Temp I/O Write Time": 0.000,
        "WAL Records": 0,
        "WAL FPI": 0,
        "WAL Bytes": 0,
        "Plans": [
          {
            "Node Type": "Bitmap Heap Scan",
            "Parent Relationship": "Outer",
            "Parallel Aware": false,
            "Async Capable": false,
            "Relation Name": "research_folder_membership_projection_v3",
            "Schema": "release",
            "Alias": "research_folder_membership_projection_v3",
            "Startup Cost": 14.69,
            "Total Cost": 757.96,
            "Plan Rows": 294,
            "Plan Width": 0,
            "Actual Startup Time": 2.076,
            "Actual Total Time": 5.611,
            "Actual Rows": 47982,
            "Actual Loops": 1,
            "Recheck Cond": "(research_folder_membership_projection_v3.research_release_id = 'af000000-0000-4000-8000-000000000001'::uuid)",
            "Rows Removed by Index Recheck": 0,
            "Exact Heap Blocks": 1548,
            "Lossy Heap Blocks": 0,
            "Shared Hit Blocks": 2126,
            "Shared Read Blocks": 0,
            "Shared Dirtied Blocks": 0,
            "Shared Written Blocks": 0,
            "Local Hit Blocks": 0,
            "Local Read Blocks": 0,
            "Local Dirtied Blocks": 0,
            "Local Written Blocks": 0,
            "Temp Read Blocks": 0,
            "Temp Written Blocks": 0,
            "I/O Read Time": 0.000,
            "I/O Write Time": 0.000,
            "Temp I/O Read Time": 0.000,
            "Temp I/O Write Time": 0.000,
            "WAL Records": 0,
            "WAL FPI": 0,
            "WAL Bytes": 0,
            "Plans": [
              {
                "Node Type": "Bitmap Index Scan",
                "Parent Relationship": "Outer",
                "Parallel Aware": false,
                "Async Capable": false,
                "Index Name": "research_folder_membership_v3_object_idx",
                "Startup Cost": 0.00,
                "Total Cost": 14.62,
                "Plan Rows": 294,
                "Plan Width": 0,
                "Actual Startup Time": 1.970,
                "Actual Total Time": 1.970,
                "Actual Rows": 47982,
                "Actual Loops": 1,
                "Index Cond": "(research_folder_membership_projection_v3.research_release_id = 'af000000-0000-4000-8000-000000000001'::uuid)",
                "Shared Hit Blocks": 578,
                "Shared Read Blocks": 0,
                "Shared Dirtied Blocks": 0,
                "Shared Written Blocks": 0,
                "Local Hit Blocks": 0,
                "Local Read Blocks": 0,
                "Local Dirtied Blocks": 0,
                "Local Written Blocks": 0,
                "Temp Read Blocks": 0,
                "Temp Written Blocks": 0,
                "I/O Read Time": 0.000,
                "I/O Write Time": 0.000,
                "Temp I/O Read Time": 0.000,
                "Temp I/O Write Time": 0.000,
                "WAL Records": 0,
                "WAL FPI": 0,
                "WAL Bytes": 0
              }
            ]
          }
        ]
      },
      {
        "Node Type": "Merge Join",
        "Parent Relationship": "InitPlan",
        "Subplan Name": "InitPlan 6 (returns $5)",
        "Parallel Aware": false,
        "Async Capable": false,
        "Join Type": "Anti",
        "Startup Cost": 0.83,
        "Total Cost": 9247.80,
        "Plan Rows": 44983,
        "Plan Width": 0,
        "Actual Startup Time": 25.500,
        "Actual Total Time": 25.501,
        "Actual Rows": 0,
        "Actual Loops": 1,
        "Inner Unique": false,
        "Merge Cond": "((e_1.folder_id = r_1.folder_id) AND (e_1.membership_role = r_1.membership_role) AND (e_1.member_ordinal = r_1.member_ordinal))",
        "Join Filter": "(r_1.archive_object_id = e_1.archive_object_id)",
        "Rows Removed by Join Filter": 0,
        "Shared Hit Blocks": 25417,
        "Shared Read Blocks": 0,
        "Shared Dirtied Blocks": 0,
        "Shared Written Blocks": 0,
        "Local Hit Blocks": 23467,
        "Local Read Blocks": 1522,
        "Local Dirtied Blocks": 0,
        "Local Written Blocks": 0,
        "Temp Read Blocks": 0,
        "Temp Written Blocks": 0,
        "I/O Read Time": 0.000,
        "I/O Write Time": 0.000,
        "Temp I/O Read Time": 0.000,
        "Temp I/O Write Time": 0.000,
        "WAL Records": 0,
        "WAL FPI": 0,
        "WAL Bytes": 0,
        "Plans": [
          {
            "Node Type": "Index Scan",
            "Parent Relationship": "Outer",
            "Parallel Aware": false,
            "Async Capable": false,
            "Scan Direction": "Forward",
            "Index Name": "gda_v5_expected_memberships_folder_id_membership_role_membe_idx",
            "Relation Name": "gda_v5_expected_memberships",
            "Schema": "pg_temp",
            "Alias": "e_1",
            "Startup Cost": 0.41,
            "Total Cost": 7788.14,
            "Plan Rows": 47982,
            "Plan Width": 68,
            "Actual Startup Time": 0.014,
            "Actual Total Time": 7.127,
            "Actual Rows": 47982,
            "Actual Loops": 1,
            "Output": ["e_1.folder_id", "e_1.archive_object_id", "e_1.source_assignment_id", "e_1.membership_role", "e_1.member_ordinal", "e_1.effective_decision_id", "e_1.assignment_snapshot_sha256", "e_1.decision_snapshot_sha256"],
            "Shared Hit Blocks": 0,
            "Shared Read Blocks": 0,
            "Shared Dirtied Blocks": 0,
            "Shared Written Blocks": 0,
            "Local Hit Blocks": 23467,
            "Local Read Blocks": 1522,
            "Local Dirtied Blocks": 0,
            "Local Written Blocks": 0,
            "Temp Read Blocks": 0,
            "Temp Written Blocks": 0,
            "I/O Read Time": 0.000,
            "I/O Write Time": 0.000,
            "Temp I/O Read Time": 0.000,
            "Temp I/O Write Time": 0.000,
            "WAL Records": 0,
            "WAL FPI": 0,
            "WAL Bytes": 0
          },
          {
            "Node Type": "Index Only Scan",
            "Parent Relationship": "Inner",
            "Parallel Aware": false,
            "Async Capable": false,
            "Scan Direction": "Forward",
            "Index Name": "research_folder_membership_v3_folder_idx",
            "Relation Name": "research_folder_membership_projection_v3",
            "Schema": "release",
            "Alias": "r_1",
            "Startup Cost": 0.41,
            "Total Cost": 1097.56,
            "Plan Rows": 294,
            "Plan Width": 68,
            "Actual Startup Time": 0.026,
            "Actual Total Time": 8.437,
            "Actual Rows": 47982,
            "Actual Loops": 1,
            "Output": ["r_1.research_release_id", "r_1.folder_id", "r_1.membership_role", "r_1.member_ordinal", "r_1.archive_object_id"],
            "Index Cond": "(r_1.research_release_id = 'af000000-0000-4000-8000-000000000001'::uuid)",
            "Rows Removed by Index Recheck": 0,
            "Heap Fetches": 47982,
            "Shared Hit Blocks": 25417,
            "Shared Read Blocks": 0,
            "Shared Dirtied Blocks": 0,
            "Shared Written Blocks": 0,
            "Local Hit Blocks": 0,
            "Local Read Blocks": 0,
            "Local Dirtied Blocks": 0,
            "Local Written Blocks": 0,
            "Temp Read Blocks": 0,
            "Temp Written Blocks": 0,
            "I/O Read Time": 0.000,
            "I/O Write Time": 0.000,
            "Temp I/O Read Time": 0.000,
            "Temp I/O Write Time": 0.000,
            "WAL Records": 0,
            "WAL FPI": 0,
            "WAL Bytes": 0
          }
        ]
      }
    ]
  }
}
psql:/private/tmp/graphic_design_archive_v49_repository_hygiene/database/tests/009_release_projection_snapshot_performance_scale.sql:34: LOG:  duration: 6531.935 ms  plan:
{
  "Query Text": "SELECT release.build_research_launch_snapshot_v5(\n  'af000000-0000-4000-8000-000000000001'::uuid,'a0000000-0000-4000-8000-000000000003',\n  'a8000000-0000-4000-8000-000000000010','af000000-0000-4000-8000-000000000003'::uuid,repeat('e',64)) AS candidate_fingerprint ",
  "Plan": {
    "Node Type": "Result",
    "Parallel Aware": false,
    "Async Capable": false,
    "Startup Cost": 0.00,
    "Total Cost": 0.26,
    "Plan Rows": 1,
    "Plan Width": 32,
    "Actual Startup Time": 6531.934,
    "Actual Total Time": 6531.934,
    "Actual Rows": 1,
    "Actual Loops": 1,
    "Output": ["release.build_research_launch_snapshot_v5('af000000-0000-4000-8000-000000000001'::uuid, 'a0000000-0000-4000-8000-000000000003'::uuid, 'a8000000-0000-4000-8000-000000000010'::uuid, 'af000000-0000-4000-8000-000000000003'::uuid, ('eeeeeeeeeeeeeeeeeeeeeeeeeeeeeeeeeeeeeeeeeeeeeeeeeeeeeeeeeeeeeeee'::text)::core.sha256_hex)"],
    "Shared Hit Blocks": 2732860,
    "Shared Read Blocks": 127,
    "Shared Dirtied Blocks": 7593,
    "Shared Written Blocks": 10022,
    "Local Hit Blocks": 145008,
    "Local Read Blocks": 17971,
    "Local Dirtied Blocks": 5096,
    "Local Written Blocks": 10305,
    "Temp Read Blocks": 5380,
    "Temp Written Blocks": 5983,
    "I/O Read Time": 1.618,
    "I/O Write Time": 111.435,
    "Temp I/O Read Time": 5.198,
    "Temp I/O Write Time": 39.809,
    "WAL Records": 515260,
    "WAL FPI": 382,
    "WAL Bytes": 85429315
  }
}
psql:/private/tmp/graphic_design_archive_v49_repository_hygiene/database/tests/009_release_projection_snapshot_performance_scale.sql:42: LOG:  duration: 8.978 ms  plan:
{
  "Query Text": "SELECT jsonb_build_object(\n  'objectCount',(SELECT count(*) FROM release.research_release_object WHERE research_release_id='af000000-0000-4000-8000-000000000001'::uuid),\n  'membershipCount',(SELECT count(*) FROM release.research_folder_membership_projection_v3 WHERE research_release_id='af000000-0000-4000-8000-000000000001'::uuid),\n  'componentManifest',release.research_launch_component_manifest_sha_v5('af000000-0000-4000-8000-000000000001'::uuid),\n  'candidateFingerprint','110ffba36c89db10bd2cb0ad6e003b9d880e6fc188dd6ec3f932afcc3d90d4f5',\n  'content',(SELECT projection_content_sha256 FROM release.research_launch_build_receipt_v3 WHERE research_release_id='af000000-0000-4000-8000-000000000001'::uuid)\n)::text;",
  "Plan": {
    "Node Type": "Result",
    "Parallel Aware": false,
    "Async Capable": false,
    "Startup Cost": 981.74,
    "Total Cost": 982.01,
    "Plan Rows": 1,
    "Plan Width": 32,
    "Actual Startup Time": 8.976,
    "Actual Total Time": 8.977,
    "Actual Rows": 1,
    "Actual Loops": 1,
    "Output": ["(jsonb_build_object('objectCount', $0, 'membershipCount', $1, 'componentManifest', release.research_launch_component_manifest_sha_v5('af000000-0000-4000-8000-000000000001'::uuid), 'candidateFingerprint', '110ffba36c89db10bd2cb0ad6e003b9d880e6fc188dd6ec3f932afcc3d90d4f5', 'content', $2))::text"],
    "Shared Hit Blocks": 2598,
    "Shared Read Blocks": 0,
    "Shared Dirtied Blocks": 0,
    "Shared Written Blocks": 0,
    "Local Hit Blocks": 0,
    "Local Read Blocks": 0,
    "Local Dirtied Blocks": 0,
    "Local Written Blocks": 0,
    "Temp Read Blocks": 0,
    "Temp Written Blocks": 0,
    "I/O Read Time": 0.000,
    "I/O Write Time": 0.000,
    "Temp I/O Read Time": 0.000,
    "Temp I/O Write Time": 0.000,
    "WAL Records": 0,
    "WAL FPI": 0,
    "WAL Bytes": 0,
    "Plans": [
      {
        "Node Type": "Aggregate",
        "Strategy": "Plain",
        "Partial Mode": "Simple",
        "Parent Relationship": "InitPlan",
        "Subplan Name": "InitPlan 1 (returns $0)",
        "Parallel Aware": false,
        "Async Capable": false,
        "Startup Cost": 214.87,
        "Total Cost": 214.88,
        "Plan Rows": 1,
        "Plan Width": 8,
        "Actual Startup Time": 1.934,
        "Actual Total Time": 1.934,
        "Actual Rows": 1,
        "Actual Loops": 1,
        "Output": ["count(*)"],
        "Shared Hit Blocks": 468,
        "Shared Read Blocks": 0,
        "Shared Dirtied Blocks": 0,
        "Shared Written Blocks": 0,
        "Local Hit Blocks": 0,
        "Local Read Blocks": 0,
        "Local Dirtied Blocks": 0,
        "Local Written Blocks": 0,
        "Temp Read Blocks": 0,
        "Temp Written Blocks": 0,
        "I/O Read Time": 0.000,
        "I/O Write Time": 0.000,
        "Temp I/O Read Time": 0.000,
        "Temp I/O Write Time": 0.000,
        "WAL Records": 0,
        "WAL FPI": 0,
        "WAL Bytes": 0,
        "Plans": [
          {
            "Node Type": "Bitmap Heap Scan",
            "Parent Relationship": "Outer",
            "Parallel Aware": false,
            "Async Capable": false,
            "Relation Name": "research_release_object",
            "Schema": "release",
            "Alias": "research_release_object",
            "Startup Cost": 4.98,
            "Total Cost": 214.64,
            "Plan Rows": 89,
            "Plan Width": 0,
            "Actual Startup Time": 0.438,
            "Actual Total Time": 1.547,
            "Actual Rows": 15923,
            "Actual Loops": 1,
            "Recheck Cond": "(research_release_object.research_release_id = 'af000000-0000-4000-8000-000000000001'::uuid)",
            "Rows Removed by Index Recheck": 0,
            "Exact Heap Blocks": 371,
            "Lossy Heap Blocks": 0,
            "Shared Hit Blocks": 468,
            "Shared Read Blocks": 0,
            "Shared Dirtied Blocks": 0,
            "Shared Written Blocks": 0,
            "Local Hit Blocks": 0,
            "Local Read Blocks": 0,
            "Local Dirtied Blocks": 0,
            "Local Written Blocks": 0,
            "Temp Read Blocks": 0,
            "Temp Written Blocks": 0,
            "I/O Read Time": 0.000,
            "I/O Write Time": 0.000,
            "Temp I/O Read Time": 0.000,
            "Temp I/O Write Time": 0.000,
            "WAL Records": 0,
            "WAL FPI": 0,
            "WAL Bytes": 0,
            "Plans": [
              {
                "Node Type": "Bitmap Index Scan",
                "Parent Relationship": "Outer",
                "Parallel Aware": false,
                "Async Capable": false,
                "Index Name": "research_release_object_pkey",
                "Startup Cost": 0.00,
                "Total Cost": 4.95,
                "Plan Rows": 89,
                "Plan Width": 0,
                "Actual Startup Time": 0.415,
                "Actual Total Time": 0.415,
                "Actual Rows": 15923,
                "Actual Loops": 1,
                "Index Cond": "(research_release_object.research_release_id = 'af000000-0000-4000-8000-000000000001'::uuid)",
                "Shared Hit Blocks": 97,
                "Shared Read Blocks": 0,
                "Shared Dirtied Blocks": 0,
                "Shared Written Blocks": 0,
                "Local Hit Blocks": 0,
                "Local Read Blocks": 0,
                "Local Dirtied Blocks": 0,
                "Local Written Blocks": 0,
                "Temp Read Blocks": 0,
                "Temp Written Blocks": 0,
                "I/O Read Time": 0.000,
                "I/O Write Time": 0.000,
                "Temp I/O Read Time": 0.000,
                "Temp I/O Write Time": 0.000,
                "WAL Records": 0,
                "WAL FPI": 0,
                "WAL Bytes": 0
              }
            ]
          }
        ]
      },
      {
        "Node Type": "Aggregate",
        "Strategy": "Plain",
        "Partial Mode": "Simple",
        "Parent Relationship": "InitPlan",
        "Subplan Name": "InitPlan 2 (returns $1)",
        "Parallel Aware": false,
        "Async Capable": false,
        "Startup Cost": 758.70,
        "Total Cost": 758.71,
        "Plan Rows": 1,
        "Plan Width": 8,
        "Actual Startup Time": 6.666,
        "Actual Total Time": 6.666,
        "Actual Rows": 1,
        "Actual Loops": 1,
        "Output": ["count(*)"],
        "Shared Hit Blocks": 2126,
        "Shared Read Blocks": 0,
        "Shared Dirtied Blocks": 0,
        "Shared Written Blocks": 0,
        "Local Hit Blocks": 0,
        "Local Read Blocks": 0,
        "Local Dirtied Blocks": 0,
        "Local Written Blocks": 0,
        "Temp Read Blocks": 0,
        "Temp Written Blocks": 0,
        "I/O Read Time": 0.000,
        "I/O Write Time": 0.000,
        "Temp I/O Read Time": 0.000,
        "Temp I/O Write Time": 0.000,
        "WAL Records": 0,
        "WAL FPI": 0,
        "WAL Bytes": 0,
        "Plans": [
          {
            "Node Type": "Bitmap Heap Scan",
            "Parent Relationship": "Outer",
            "Parallel Aware": false,
            "Async Capable": false,
            "Relation Name": "research_folder_membership_projection_v3",
            "Schema": "release",
            "Alias": "research_folder_membership_projection_v3",
            "Startup Cost": 14.69,
            "Total Cost": 757.96,
            "Plan Rows": 294,
            "Plan Width": 0,
            "Actual Startup Time": 2.145,
            "Actual Total Time": 5.490,
            "Actual Rows": 47982,
            "Actual Loops": 1,
            "Recheck Cond": "(research_folder_membership_projection_v3.research_release_id = 'af000000-0000-4000-8000-000000000001'::uuid)",
            "Rows Removed by Index Recheck": 0,
            "Exact Heap Blocks": 1548,
            "Lossy Heap Blocks": 0,
            "Shared Hit Blocks": 2126,
            "Shared Read Blocks": 0,
            "Shared Dirtied Blocks": 0,
            "Shared Written Blocks": 0,
            "Local Hit Blocks": 0,
            "Local Read Blocks": 0,
            "Local Dirtied Blocks": 0,
            "Local Written Blocks": 0,
            "Temp Read Blocks": 0,
            "Temp Written Blocks": 0,
            "I/O Read Time": 0.000,
            "I/O Write Time": 0.000,
            "Temp I/O Read Time": 0.000,
            "Temp I/O Write Time": 0.000,
            "WAL Records": 0,
            "WAL FPI": 0,
            "WAL Bytes": 0,
            "Plans": [
              {
                "Node Type": "Bitmap Index Scan",
                "Parent Relationship": "Outer",
                "Parallel Aware": false,
                "Async Capable": false,
                "Index Name": "research_folder_membership_v3_object_idx",
                "Startup Cost": 0.00,
                "Total Cost": 14.62,
                "Plan Rows": 294,
                "Plan Width": 0,
                "Actual Startup Time": 2.040,
                "Actual Total Time": 2.040,
                "Actual Rows": 47982,
                "Actual Loops": 1,
                "Index Cond": "(research_folder_membership_projection_v3.research_release_id = 'af000000-0000-4000-8000-000000000001'::uuid)",
                "Shared Hit Blocks": 578,
                "Shared Read Blocks": 0,
                "Shared Dirtied Blocks": 0,
                "Shared Written Blocks": 0,
                "Local Hit Blocks": 0,
                "Local Read Blocks": 0,
                "Local Dirtied Blocks": 0,
                "Local Written Blocks": 0,
                "Temp Read Blocks": 0,
                "Temp Written Blocks": 0,
                "I/O Read Time": 0.000,
                "I/O Write Time": 0.000,
                "Temp I/O Read Time": 0.000,
                "Temp I/O Write Time": 0.000,
                "WAL Records": 0,
                "WAL FPI": 0,
                "WAL Bytes": 0
              }
            ]
          }
        ]
      },
      {
        "Node Type": "Index Scan",
        "Parent Relationship": "InitPlan",
        "Subplan Name": "InitPlan 3 (returns $2)",
        "Parallel Aware": false,
        "Async Capable": false,
        "Scan Direction": "Forward",
        "Index Name": "research_launch_build_receipt_v3_pkey",
        "Relation Name": "research_launch_build_receipt_v3",
        "Schema": "release",
        "Alias": "research_launch_build_receipt_v3",
        "Startup Cost": 0.14,
        "Total Cost": 8.16,
        "Plan Rows": 1,
        "Plan Width": 32,
        "Actual Startup Time": 0.003,
        "Actual Total Time": 0.003,
        "Actual Rows": 1,
        "Actual Loops": 1,
        "Output": ["research_launch_build_receipt_v3.projection_content_sha256"],
        "Index Cond": "(research_launch_build_receipt_v3.research_release_id = 'af000000-0000-4000-8000-000000000001'::uuid)",
        "Rows Removed by Index Recheck": 0,
        "Shared Hit Blocks": 2,
        "Shared Read Blocks": 0,
        "Shared Dirtied Blocks": 0,
        "Shared Written Blocks": 0,
        "Local Hit Blocks": 0,
        "Local Read Blocks": 0,
        "Local Dirtied Blocks": 0,
        "Local Written Blocks": 0,
        "Temp Read Blocks": 0,
        "Temp Written Blocks": 0,
        "I/O Read Time": 0.000,
        "I/O Write Time": 0.000,
        "Temp I/O Read Time": 0.000,
        "Temp I/O Write Time": 0.000,
        "WAL Records": 0,
        "WAL FPI": 0,
        "WAL Bytes": 0
      }
    ]
  }
}
