selection_rank	source_ordinal	archive_object_id	source_record_id	research_disposition	tier_class	visual_present	folder_count	folder_quantile	literal_count	literal_quantile	rights_state	source_sha256	source_bucket	selection_priority_sha256
1	3497	e25cdf20-669b-5453-98ec-0b8d1db84d45	f332a79a-733a-5354-a570-ea6455e878e0	eligible	source_verified	true	3	4	226	3	source_viewer_candidate	a8e60ead06dd30adb0e988b8d5809afe5c86d183e94227a497d00914e7030e8a	6	0003fbe9739d052c3e9f1c9c0289057f2c73589b82777d8614a6dca2d09369a1
2	4868	2b66ff6b-7a54-5f55-8560-f585802b7f89	520df9b6-07eb-5bb8-a526-b03303300c0b	held	missing	true	3	4	218	2	open_candidate	ce13526429def2a8da1f86b30897b84df96759926fdf083ce4ec5fd430dff2c5	3	000068e72819e5cc1a4e8cbeabe756ab3238b024d29e531898a560d4ba14d4ca
3	10265	cf2f8831-ef13-5768-87a5-d58d3f24331e	0378a340-74b0-5c6d-9727-918ac136f005	held	metadata_supported	true	3	4	226	3	source_viewer_candidate	f5281f1e38e33476d97862fba7b62ec146da28257fc88e62e86de6379f65cebf	0	000e91bd7ca3963322edf9dcca95ab57ed1e54b00f90802f51986e55656d47b3
4	4325	934f6e65-cdb7-5836-8c01-a8d3ad6ed31f	99442788-6ac9-58a6-9f99-40215a3afa0f	held	metadata_supported	false	3	4	231	4	rights_review_required	3a184875d2c874dd4aee0b7438fee6f2555dab63754d5cdf12b52e527f35de9f	0	02f695a6f6278921d952929e46292aba61f04e13d845406255b38e16b17fa14d
5	11077	69389dfe-5069-5a48-b3e1-39a508c89c2b	9ec57aa3-c8d8-5de5-b396-7e7ae7298920	eligible	source_verified	true	3	4	214	0	source_viewer_candidate	436a336f9d82eff6e82d10cb6535c14ef535149378be9e921ff731e3a3246e0e	2	001e9f4d6b8aa59595458ff115fbfa56882bac9b0b7ee1b9aa231495609a422f
6	15651	ab3596ec-f608-5222-81e2-6176826bfb8e	6d9e6d18-b510-56b6-bc4f-4d4da9d6d8ec	eligible	source_verified	true	3	4	216	1	source_viewer_candidate	afb9f5afa500f5cb97a845d53ed8adf94fda2e02a1a4aa6c9aad16cbc56c5f77	1	0007109ba43ce28a777b149e3b9452f2701bec0fe7f6ea3af8b7ebe507f8b577
7	14201	7edc1219-1ee7-5f47-abd1-4ee213c1a624	90126990-df11-5d03-8d0b-10da13ea1537	held	metadata_supported	true	3	4	247	4	open_candidate	e67758697408c16f4017f6334674139c7e4a494edb5ac8f9f54a1c69fa2aec05	7	00205ff1d09022b8c2063394bc6538cd476e0bc7380695daa282e1bd3267ab48
8	518	00c1f4e7-d0cd-549d-bbf6-7532c67c8d07	f8427c60-f246-514a-98e7-64311630cd2f	eligible	source_verified	false	5	4	239	4	compound_member_rights	436a336f9d82eff6e82d10cb6535c14ef535149378be9e921ff731e3a3246e0e	2	4fd8906e9fc78c72d917d8564ec4a57d44b0757652dff5066947c15045815190
9	4954	6aee3cb4-c349-5260-a2fe-592b646c72e9	56bb4f2f-e824-50fb-b729-871c8446ef75	held	metadata_supported	false	3	4	242	4	source_link_only	b1f1b3f5a7ab62246f5507b11f9703efae2b7bd57d6d9a5e2e332f275db798b3	1	6cf3d782da15eebf3c338bd14336f82f0f5ff0b7ab415a8f095ed5b209ef4d1f
10	3752	b2677d9a-5d76-5ba6-ac26-5bae09f6a054	bc300e06-1780-570b-b486-7e38cfa3ada0	eligible	source_verified	true	3	4	231	4	thumbnail_candidate	e712d1697775f728053fd9234295603b3c0993ad13a391b40ce55e87db1f141d	2	008a7cb006989178bbc61bf237ba415a58b3399583619df975d59f2d203de0b1
11	4816	259be066-cdf8-5802-86a7-a8d031c7c6fa	98bcb7f0-5c2c-5dc5-a4e6-5a227bc53646	held	missing	true	3	4	220	2	open_candidate	18d4ad8ddccc9819038cbcee8a6962dc643f644d50cd858fd2d16b29568ce4da	4	00073d5224c37e2d2a56653eb382be33236bdd002e1d7c16c9ddb896767935db
12	4221	afede6d4-428e-5020-95b5-c7413e3e8030	a892b218-ada9-5732-be5c-0b27b04038fd	eligible	source_verified	true	3	4	226	3	source_viewer_candidate	884d0bba04f878989279721c4cbc99d2a6cfa510ff2e5466f6f75b4cc6ef287f	5	001a94c0fc118a95ae1d6db05e6e5d98209e05aa6aadfc79b15c6586cbec7dcc
13	2737	7f9fa18f-df96-519a-8649-57044367f9e0	7045928d-f3eb-53dd-9cf0-865318229ba0	eligible	source_verified	true	3	4	565	4	source_viewer_candidate	436a336f9d82eff6e82d10cb6535c14ef535149378be9e921ff731e3a3246e0e	2	ae6a27fe6f069f1687e7d330d71ad2ca39e3adbcdbbfa760cab32ba86e460ada
14	4993	e87fbc9f-1fa7-5a3a-953a-adee6ac4dce3	fc04fcbb-27a4-5547-97aa-bd94757627a1	held	metadata_supported	true	3	4	266	4	open_candidate	ce13526429def2a8da1f86b30897b84df96759926fdf083ce4ec5fd430dff2c5	3	59c51aa4b89a457bfd5e5eaf13187b3db7e541eb9a17a01d73e2c093b9a9acfc
15	7721	7a23c14a-9817-50de-9e92-56258b9f8eb7	daa9de6a-f805-5f6c-b4c8-f2ddd53f744f	held	metadata_supported	true	3	4	261	4	open_candidate	ce13526429def2a8da1f86b30897b84df96759926fdf083ce4ec5fd430dff2c5	3	18ddeece2ac124b3dc68bfc9de1c400f8c6a34ac91b5d06086cfb25fa8208842
16	7725	0c1b168a-127e-532d-9ede-c04840d72696	52142683-6b2a-5579-985a-2ade1bc1325e	held	metadata_supported	true	3	4	261	4	open_candidate	ce13526429def2a8da1f86b30897b84df96759926fdf083ce4ec5fd430dff2c5	3	290fcd518d4e63760b9ca26c62c3413efee5fa26ab1da6ca624f891606592ecf
17	3541	cbd3679c-45be-562a-a9a7-1b93ab13a0ba	72f895ac-644b-58c7-832b-cb7dc97b8578	held	metadata_supported	true	3	4	261	4	open_candidate	9d568141ebd970b17e95a29ab8ae7c467d17d2153e9db23c5309674c88ff6c8e	6	390b79945fc82619dfc04dd32379f3fdc356ef8410d136eb6ad41999952bb4d9
18	7476	09396a6e-957c-52ae-86c6-59825c8f2076	1d515a75-1244-5577-bf5c-622ee7be3e49	held	metadata_supported	true	3	4	261	4	open_candidate	ce13526429def2a8da1f86b30897b84df96759926fdf083ce4ec5fd430dff2c5	3	393e0215be5637e6b2a743f1be3d57affd7749e9c0bdc4cc7b45ed9417c7bf75
19	7715	fb057c9c-6437-5601-b538-7a77b0fce0f4	3d8969cd-ae37-5776-a806-8422268d40fa	held	metadata_supported	true	3	4	261	4	open_candidate	ce13526429def2a8da1f86b30897b84df96759926fdf083ce4ec5fd430dff2c5	3	3c7c411e2b439543d1156a8ce16eb54637f46e089bed9d6a9ba3c03e6e58bfdc
20	7724	e9724b8a-9d72-5e1e-9153-851314e923c0	229d02f3-c48e-5e06-aa18-679fbdb923a7	held	metadata_supported	true	3	4	261	4	open_candidate	ce13526429def2a8da1f86b30897b84df96759926fdf083ce4ec5fd430dff2c5	3	641952fa80978e8a6adf3c2350c39ff212e8aa98326bbb90565624d609567f51
21	8502	d667218c-0e70-5ee4-9dc8-235ddd5144e1	93d7d56c-beae-5867-b39a-83a23df2398f	eligible	source_verified	true	5	4	234	4	source_viewer_candidate	884d0bba04f878989279721c4cbc99d2a6cfa510ff2e5466f6f75b4cc6ef287f	5	912abd7477ea5c540e72fcc4c6385a2988ab944b5295ad6c5a75995ba6490d53
22	6786	e1a18d94-13f5-5302-adb8-0c185ffa150a	a5a1f635-10bf-5a29-b0d9-42149df99516	eligible	source_verified	true	5	4	233	4	source_viewer_candidate	884d0bba04f878989279721c4cbc99d2a6cfa510ff2e5466f6f75b4cc6ef287f	5	b00672350fecce9e97d9c3a192e9512ba9ff4ff7711f172dea70e55827e12a24
23	6804	9691231b-646d-5869-88eb-b9edc405e2ad	04a518b5-328f-5c9f-bfaf-f9301ebd5164	eligible	source_verified	true	5	4	235	4	source_viewer_candidate	884d0bba04f878989279721c4cbc99d2a6cfa510ff2e5466f6f75b4cc6ef287f	5	b98eb46258a50bc6d9b38e2b30400f751b96e7c59ad86dddaa590e797a03058d
24	7876	970a8969-5434-5840-acc5-e4b330e904b2	9dcfb94a-b532-51e2-bbe1-19dfa029955a	eligible	source_verified	true	5	4	235	4	source_viewer_candidate	884d0bba04f878989279721c4cbc99d2a6cfa510ff2e5466f6f75b4cc6ef287f	5	f7b025a757b8a3596278e9165321e6ea27ac6555dba13f0b857f1906f00ec62e
25	9021	0723cdb6-d33a-54db-a744-902559867998	d461cdd8-35e3-5ea4-ac4f-2e6f2fc12876	eligible	source_verified	true	5	4	234	4	source_viewer_candidate	884d0bba04f878989279721c4cbc99d2a6cfa510ff2e5466f6f75b4cc6ef287f	5	f9188629e5b87de4ead30c103ba9125a72621899246e4c6e6b86d731be738941
26	11767	7a582f0c-106e-5834-bc77-8bf0aba6eddd	544b61af-22a3-5d7c-b2d9-d60b11e3f02e	held	metadata_supported	true	4	4	234	4	source_viewer_candidate	497adecf79849ad2e546759b47539c9c2fd2e339242dadbbc6e5618044646b39	2	004114277c377555866cd10fac47b666500a707b8ec070129e4f1321bc1644d7
27	8635	22dcb152-d52e-57d2-9417-4b6e9b05e2a6	c42a0ecd-43de-5f2d-9d34-081bba73d9d7	eligible	source_verified	true	4	4	230	4	source_viewer_candidate	884d0bba04f878989279721c4cbc99d2a6cfa510ff2e5466f6f75b4cc6ef287f	5	01488b27f2ba023c067b608424c48802f7bba5ad2d32e7f28539a597eb9ae373
28	5322	28f01a12-d43e-5704-ab2a-ef1d4237a2fd	76593c2d-72e7-52d3-9a49-a4d6f0fb7fa7	eligible	source_verified	false	3	4	212	0	rights_review_required	afb9f5afa500f5cb97a845d53ed8adf94fda2e02a1a4aa6c9aad16cbc56c5f77	1	070ebb547a643109cc25e1b7cb8e945afd02700e59590110915ea06f0e701429
29	4964	2da18234-9b95-55eb-86a0-1c25c1e0296b	074acc3a-b393-5b85-ab60-a6591c3c69d6	eligible	source_verified	false	3	4	211	0	rights_review_required	436a336f9d82eff6e82d10cb6535c14ef535149378be9e921ff731e3a3246e0e	2	23f4c56b9f7d66241e97e113f630e5784a0d1f8faa52eb5f7169fd8eb1bf1a18
30	6153	a27e8352-3bb9-5680-a1ac-fa94e25380dd	0681e6d1-dc38-5836-b28f-a929aa5e2fda	eligible	source_verified	false	3	4	206	0	rights_review_required	19dee214942adad17a440254a87b8f3cbc1ac465b3c61ae4571b4a110bb0c63c	6	40310714c5946decb0dd3780cd665069ac78b4bbf1f8208f8a39e143fc9c13fd
31	15649	fec6e61b-22cb-5d98-9409-4d444e824086	842259d1-8b1f-5d5d-bb6b-b030df75cc1c	eligible	source_verified	false	3	4	216	1	rights_review_required	afb9f5afa500f5cb97a845d53ed8adf94fda2e02a1a4aa6c9aad16cbc56c5f77	1	20778c71782d993429b185c85ed7337f1e6f38b2b3f6786863e41169e2ff4fff
32	5399	896c753a-8114-58a4-b2e7-914f624b66de	829d3b95-8f65-58a4-8685-9b2161d210c7	eligible	source_verified	false	3	4	216	1	rights_review_required	436a336f9d82eff6e82d10cb6535c14ef535149378be9e921ff731e3a3246e0e	2	2dbaf5e1078d9c220f9200a7cccf9b7ab97ec28af2352ffdef0de73c0837748b
33	3884	6c17bf1f-3c81-5d0b-9bea-e2248be245fd	c7a07d8f-d102-58f0-b500-adaad8f380b0	eligible	source_verified	false	3	4	219	2	rights_review_required	436a336f9d82eff6e82d10cb6535c14ef535149378be9e921ff731e3a3246e0e	2	2bfaae998383917f91f48975673a3f9eab927812f483b4b7549b283856f50849
34	1735	3896f5bd-c917-587a-9587-04f3941d9c73	fef6932f-49f3-5883-aea8-d42824067894	eligible	source_verified	false	3	4	226	3	rights_review_required	e712d1697775f728053fd9234295603b3c0993ad13a391b40ce55e87db1f141d	2	5f8d982cefb2814583ac3c0d18622edd2d8d6707fa7dac43f0a2db0663d5c932
35	1055	af39197b-b509-55a8-87f1-d97098707f39	5963a8f2-4ef0-5af7-aaac-5f0120a638a5	eligible	source_verified	false	3	4	235	4	compound_member_rights	436a336f9d82eff6e82d10cb6535c14ef535149378be9e921ff731e3a3246e0e	2	7fec96daaa477144b052db2273d771c2877e504eec142f70cfb946bfd78a4382
36	1218	964ac05b-8404-517b-96a6-fc7d81565d17	6308f838-b7fe-51ca-a393-9dcf024b0e5d	eligible	source_verified	true	3	4	214	0	open_candidate	86665ecc5119deb7ae812739e8af3a20ff4dd498311e00a487a84b95c393e8c4	6	01d4fe18bc00c91f1a79e00f6d830d4f1b7f89c2a3af282d647ec3eed285378d
37	11499	b5af7d06-9435-583e-b5a9-2406d0d7dc7d	47175000-902f-50d7-a2a2-08d46f513f79	eligible	source_verified	true	3	4	213	0	source_viewer_candidate	3a184875d2c874dd4aee0b7438fee6f2555dab63754d5cdf12b52e527f35de9f	0	0137c044c266acc0dd8d2fbdca8059d9f72aa2fb8751a59d5b0e83bdb13fce2b
38	5134	1fad1830-cb82-5c4e-b441-5631ef302af7	a4ff0c18-0c02-5c05-9eca-c026880a181e	eligible	source_verified	true	3	4	211	0	source_viewer_candidate	a4a993cc53d58d20c3f58bc334a65558933f4e4fbcb7dffd05c5900f9e9fa6a5	1	0700e6cc40e50d1c7ff83f06137531c9710ecd4afed257a290690880210eef19
39	3970	3d069aa9-540e-546d-be7a-d5e5a0533e3e	1efefc42-a833-5c7e-877a-5969f64c9eb7	eligible	source_verified	true	3	4	214	0	source_viewer_candidate	436a336f9d82eff6e82d10cb6535c14ef535149378be9e921ff731e3a3246e0e	2	00218c3fe3ed67edbcf6f1af9c2f2ad727b46cf478da824bb7909244677c1604
40	13909	ccf0e613-15d4-51f6-9d40-1b21d95b5da2	0fc1cc83-483e-528c-8f5c-a8d96d348e4b	eligible	source_verified	true	3	4	209	0	source_viewer_candidate	19dee214942adad17a440254a87b8f3cbc1ac465b3c61ae4571b4a110bb0c63c	6	05d51afe8120e7730645773df7ecbebfc644134ff4c6d98b3b0ef8fbb5b727eb
41	1268	24fd0b66-b483-58b9-a638-7fecb089d0d5	a30f4790-11f0-5323-9c03-73ee673d886c	eligible	source_verified	true	3	4	215	1	open_candidate	86665ecc5119deb7ae812739e8af3a20ff4dd498311e00a487a84b95c393e8c4	6	0706f3cf4001e1e874e87117dc3e06c97bd4526f7c8112c58a34e770bc099120
42	15660	5f660dfe-1982-5ff0-9fed-b2df52102142	ac804229-bdd6-5abc-a06f-db2dc30afd1c	eligible	source_verified	true	3	4	216	1	source_viewer_candidate	afb9f5afa500f5cb97a845d53ed8adf94fda2e02a1a4aa6c9aad16cbc56c5f77	1	07af670fbcc00ac86e29dcce644a907ecf2346ee146b452c59a97e29e399d790
43	9838	74e1e8e6-be6e-5096-a999-f6128d4bdbaf	6d5ce8fc-01a7-52a8-8a6a-f804734e3985	eligible	source_verified	true	3	4	215	1	source_viewer_candidate	436a336f9d82eff6e82d10cb6535c14ef535149378be9e921ff731e3a3246e0e	2	003d17f19b0a800aab8ab677b9be68c1105277028a75af2011894b5e9a6be907
44	6701	700634c6-d42f-55e5-85e2-e662f158fbca	fd2fb7fc-e6ae-5b9a-89ca-0c734808eb58	eligible	source_verified	true	3	4	217	1	source_viewer_candidate	884d0bba04f878989279721c4cbc99d2a6cfa510ff2e5466f6f75b4cc6ef287f	5	0286685f0ef8e4b397668dd4e029495c78aa6cddb627fcae48361cf59ea4e435
45	2292	7157f8c7-9b9d-5c01-8d44-410a868f617d	67407d10-ee9f-5306-9832-269426826608	eligible	source_verified	true	3	4	215	1	source_viewer_candidate	86665ecc5119deb7ae812739e8af3a20ff4dd498311e00a487a84b95c393e8c4	6	0026d5d42a227edb7e6ac62e399c7038ee3362b0653a1f89ef6f29a2d914d662
46	2530	d704962d-b2fa-5aab-aef8-71f3e27103a1	1dbe0d38-17fb-560b-b22a-6fac5e9572d7	eligible	source_verified	true	3	4	217	1	thumbnail_candidate	e712d1697775f728053fd9234295603b3c0993ad13a391b40ce55e87db1f141d	2	f5d1ebd9708ba50ecd367dbe0e51c1d5c2cf71d5256d2d07c65dfe45dcf5f2e4
47	13929	915458f7-f843-5ccc-9270-3271b7a96f60	ef79e24a-af7b-5395-919d-76f6c2794597	eligible	source_verified	true	4	4	219	2	source_viewer_candidate	3a184875d2c874dd4aee0b7438fee6f2555dab63754d5cdf12b52e527f35de9f	0	2c8875beae56845063755e48b013a225cd1a4a3b2644ce5125b77956a6bb40ab
48	15197	32b3f4e8-ff66-51e5-ac1b-f36b9db8ceac	3182d223-f8d1-5e1f-b167-d3da2c63c288	eligible	source_verified	true	3	4	223	2	source_viewer_candidate	5489a6970e7df484aa394c3b34d0f69fc5f4c7c88e570bc1eb2df907346da70d	1	02dde79d53297574db01337a334c6e9ccdd067e99d90121a195e8665356375be
49	12702	8244183f-d344-54de-af2c-a73ca079f5b7	c2bbf86a-9ac3-505a-a4b1-433a4b99b487	eligible	source_verified	true	3	4	220	2	source_viewer_candidate	436a336f9d82eff6e82d10cb6535c14ef535149378be9e921ff731e3a3246e0e	2	027a0c1cc1b8d8b25685c1217e8630b098528824e20c2c418e75b7ca07ab1391
50	8655	a70e97ef-1d42-551c-be1b-8146daa855c1	2ead3b83-019f-5830-9ec8-2a6155e385bb	eligible	source_verified	true	3	4	223	2	source_viewer_candidate	884d0bba04f878989279721c4cbc99d2a6cfa510ff2e5466f6f75b4cc6ef287f	5	0059a9e493e12b4db253d9d07c7ae665a23fc747115dfcd74b0f25629289103f
51	4223	52d75502-6157-5237-9d8c-6937954a376f	32715f12-d8cb-5d2a-b541-369367e6dace	eligible	source_verified	true	3	4	219	2	thumbnail_candidate	e712d1697775f728053fd9234295603b3c0993ad13a391b40ce55e87db1f141d	2	046c43aadea6e0fb536b4a4697b47106dd95ec71656691c4eb21d7b35a4de828
52	1252	d3691d1d-0115-5dae-a5fb-45ab0f6252dd	8bca302a-bf2e-52bc-8d09-2a0c0ac08556	eligible	source_verified	true	3	4	226	3	open_candidate	3a184875d2c874dd4aee0b7438fee6f2555dab63754d5cdf12b52e527f35de9f	0	0d312128cda607e1395359fba0a5d532011aefd2fdbe94d33b2d0c709f154cb6
53	5041	7dfc25b6-20d7-53dc-a459-67331abfd594	cbc5cb79-0c92-52fa-a59d-6bd0ada0933f	eligible	source_verified	true	3	4	226	3	source_viewer_candidate	3a184875d2c874dd4aee0b7438fee6f2555dab63754d5cdf12b52e527f35de9f	0	026c6f84b403b8c71b7b436958d1abf5e0b9c43f415e35a7eeea01a04b7cc6d7
54	14908	0e8470de-c994-51f3-90cc-2f78e976c07e	2db1c066-991d-5fc1-ad25-0203ad54ed11	eligible	source_verified	true	3	4	226	3	source_viewer_candidate	5489a6970e7df484aa394c3b34d0f69fc5f4c7c88e570bc1eb2df907346da70d	1	1deba600bca7bb12dd1bccbd13fd3865dc1a6e9c107a58aa8c63579e0bef9575
55	11271	3e752dba-7b75-551e-9eaf-6930c63f9b9c	1595abc5-59bf-50a5-85b4-8bb70023214f	eligible	source_verified	true	3	4	224	3	source_viewer_candidate	436a336f9d82eff6e82d10cb6535c14ef535149378be9e921ff731e3a3246e0e	2	00a59b132f90d096e68c728c071f345104c6599cfc6dfdf4befa4a214ad13f77
56	12937	93315347-0e3b-58c5-944d-b0dda413455a	9b249b20-7cc4-5f72-8fa8-0ddbd09f54d9	eligible	source_verified	true	3	4	226	3	source_viewer_candidate	769462c4f46dd6ed56e8680c5358c9ed627ef1589500c8b818a57c71e1e3e68c	4	011385bae4d1a259a3dcb833649a94515cfa560c19d58a8105d6ec5dd3dc9442
57	8505	c6a3905b-0af3-5c6e-a24a-6138cebe690e	d3f66747-0bba-5675-b56c-c372091e4f5a	eligible	source_verified	true	3	4	225	3	source_viewer_candidate	884d0bba04f878989279721c4cbc99d2a6cfa510ff2e5466f6f75b4cc6ef287f	5	006f71b53163296c6e4b7a78d84b954699551a6f65d6f154f9a0c165a921f8be
58	4775	7ed92a99-c79e-5153-8cf5-9ca638c2565e	ff4c0b30-83e4-5482-9396-90510d661d2d	eligible	source_verified	true	3	4	226	3	source_viewer_candidate	a8e60ead06dd30adb0e988b8d5809afe5c86d183e94227a497d00914e7030e8a	6	005ae2f64a1c9e98bbfb6d2e6fb262d928bb609ac7b36768fcaf341cf480dd9f
59	11801	4e4e9afe-142b-581c-84ac-def90c353165	13c3f09e-f161-597f-991d-582600d6b072	eligible	source_verified	true	3	4	228	3	source_viewer_candidate	a1a791cb7cd269685c534e2cf479e1865a585772b0b5126ee4abf4dc87dfd72b	7	06a8f92db3f134c3e0c6a4e70503903382b0262b68f74c948188476c7220e49f
60	3753	1a9008bf-77a1-528e-8d6a-bbb2cbaabd44	653ab786-e27f-5f8f-b2e1-2c70a1274a20	eligible	source_verified	true	3	4	224	3	thumbnail_candidate	e712d1697775f728053fd9234295603b3c0993ad13a391b40ce55e87db1f141d	2	51cbdc5cea5683f70470bf719b20835b496bd361cbd4773901b96c0a89478862
61	1042	cfad9bac-ebcb-5990-8873-9fe7b65edf93	29de2a27-f9bc-548f-b8aa-00ca7626ba73	eligible	source_verified	true	3	4	235	4	open_candidate	e712d1697775f728053fd9234295603b3c0993ad13a391b40ce55e87db1f141d	2	1fa6e6443a3edc7dd2c1ba2bfe405f3732b924a98007a6ddc7d511e0fab1f997
62	4882	9ab69353-f847-55e4-bd28-a8d78f83c0fe	7e722c60-339c-57d5-8c16-cd71db32b898	eligible	source_verified	true	4	4	232	4	source_viewer_candidate	3a184875d2c874dd4aee0b7438fee6f2555dab63754d5cdf12b52e527f35de9f	0	3b8b92876d14cd14028e2d37780cff26aeea79c2424c3e78c8399816d1034cf0
63	15678	53fe1d21-8aad-512a-966e-25cff3e2c6ee	74c8a763-6c64-583f-9e9f-524e27cb3f44	eligible	source_verified	true	3	4	233	4	source_viewer_candidate	5489a6970e7df484aa394c3b34d0f69fc5f4c7c88e570bc1eb2df907346da70d	1	003aaa47f5d1036c3cf909c937e5bcd37ed5b03539d6a0f70f73b4a5b0c4efaf
64	5083	88859d7a-2c1b-55cc-9853-810391d07814	f7ec1e4e-6110-5b0f-9e9a-efc2bc2ecc88	eligible	source_verified	true	3	4	229	4	source_viewer_candidate	436a336f9d82eff6e82d10cb6535c14ef535149378be9e921ff731e3a3246e0e	2	01e63aea885c0afb4ccf5d78fc941d2e986fe63ec29a2901fe57187f39f30b57
65	9133	a2989b15-ce52-5cf1-a173-cafd03b1da74	85c97081-383b-526f-9cec-78e534fedccd	eligible	source_verified	true	3	4	230	4	source_viewer_candidate	884d0bba04f878989279721c4cbc99d2a6cfa510ff2e5466f6f75b4cc6ef287f	5	00692da2dd29e4200d4ed1f1bd562abc17c12f3de21092b3ef56f7c21ca0502d
66	660	273bd0f1-8fb6-5b65-8874-f391f63d7a35	4b68ca27-7b44-5226-8727-2588a46261dc	eligible	source_verified	true	3	4	233	4	thumbnail_candidate	e712d1697775f728053fd9234295603b3c0993ad13a391b40ce55e87db1f141d	2	0408359bb67025df41e7431d95cba86d9688965df9edf33e0939358d36728628
67	7979	b6141e6c-3bd3-5475-9e62-e0ab8b70c4d4	195e95fb-ec0d-5a37-8d6f-b4408e23885c	held	metadata_supported	false	3	4	226	3	rights_review_required	2a20168e0eeaebd0d42fe337859fb66ca91d71c09624efb622281629c22ed5ae	0	1b6286326b493c83634093d28db592d64d2258a8bf4ee3adfb939941a60ce72e
68	12914	5d727c60-a2c3-5340-89fd-b2f1aa5b0c9f	4570eda2-9547-5114-a9fe-71c15364655d	held	metadata_supported	false	3	4	226	3	rights_review_required	49e12693a392e800241da9038e348fc97febe142a5b181981beff74227881508	1	2f37c4656983a980f3e35301f343193f8996dd739dc2970393c416953d155acf
69	12572	f2fa1b38-7de6-5b6a-be84-28527be09d88	70f19973-cec9-515c-9549-65fe927529e0	held	metadata_supported	false	3	4	226	3	rights_review_required	3e8643e0257d447a4f35ec2b2ea1632ed9bf2737108c5820785ec4a95a818523	6	f4b4946b3e01b473c0069c8fc8d7fd8c63f98a99106dfdd52fb32843d2434acc
70	15672	bce132bd-2e97-5652-aedf-615947af256e	87569582-f741-561c-a5e3-025dde2a6aa4	held	metadata_supported	false	3	4	226	3	rights_review_required	63ffcb6482277213040dbf949d0ee55de36f06c295fc250edbf6c607a50ba7ed	7	48d1120ba05aeac77ff12f37dc3df1e9056f8ba74ef614dcb60bb471fc8ae9fa
71	4323	e2ba76e5-2a48-5cc3-9a4b-d8d71c89dc05	98e5c008-0079-5f66-88a8-7a1751823bd9	held	metadata_supported	false	3	4	231	4	rights_review_required	3a184875d2c874dd4aee0b7438fee6f2555dab63754d5cdf12b52e527f35de9f	0	04734c523553879a6e3e945f064d2248996f8fbe38d74557e2b458e76e71d736
72	14061	bc9204f2-0439-5e07-9912-2d28cd269f5a	c2e8bd40-b815-55d9-a3b2-91d6116fe6ba	held	metadata_supported	false	3	4	230	4	rights_review_required	49e12693a392e800241da9038e348fc97febe142a5b181981beff74227881508	1	29b08ed28558afcdb51372b8868625e10ca7c28e9662963459c8eeb72b871f51
73	24	6d28fed5-ce81-5aec-9ac7-5b104a1fe66c	7d4c5227-9120-51bf-85ef-8798f5a43708	held	metadata_supported	false	3	4	230	4	rights_review_required	e712d1697775f728053fd9234295603b3c0993ad13a391b40ce55e87db1f141d	2	1bd8b0ee42b19b19c03fd2ca0b299106eb84e5070534b9a549fe8a8ebf6063a9
74	14452	2d741a0d-8201-5b79-b435-de05011306df	926d9e81-ebd8-5672-a613-f0ca70b0bbf9	held	metadata_supported	false	3	4	230	4	rights_review_required	0bdc1db99e420cd0508357a39f95b3fbca78c8e830c1d79f3d2f30d1f07549a6	4	154f35d350371e7641f19de1a819d04d90dea6627e3e6db5aab300db453b56e5
75	9066	05d8a07c-2d94-5acf-813a-c1ea6c8bdaa1	10ff7ee5-b06a-504f-82eb-7a5ebfd7ba6e	held	metadata_supported	false	3	4	230	4	rights_review_required	0765e525d3642c957bcafc65c3b6f0e3c163f2110946a8f1b13b759f8161b496	5	3e8ad938b5b5b11e769862bf451ffb47b95fe5e34902d1563487c46ef65af02a
76	12575	b6e4cc10-2ee2-5348-accb-c3b330dcc16f	b67db037-023d-5439-a4f5-00296f02f046	held	metadata_supported	false	3	4	230	4	rights_review_required	3e8643e0257d447a4f35ec2b2ea1632ed9bf2737108c5820785ec4a95a818523	6	36906cf87465996a4f5b305d8e556a1cc648b5749c26d9a546861da85c356c86
77	15532	fb48a0bb-1fb9-5101-8290-642f59b729a7	bf56b41f-0186-5dff-b7e4-1bc83847a3b6	held	metadata_supported	false	3	4	230	4	rights_review_required	a3c7b69fe1ae8b530d68af245917d9d3237f725068f240de969863786bbc9355	7	096fc30738c5fff84a4f35c1d880a0f029b76dfbcd9616df19a5c76c83b0ff86
78	5933	9ba4847f-7fee-5e37-aa2f-38aca865bb9d	a93445a5-1a49-5203-9baa-1475ddd9c509	held	metadata_supported	false	3	4	238	4	source_link_only	b1f1b3f5a7ab62246f5507b11f9703efae2b7bd57d6d9a5e2e332f275db798b3	1	a66954dae1d9f500ea802156526bc30771cbef4a8b2d9232a6016a9170402373
79	476	fc309b8c-612a-5949-9963-87afd1848fda	0b687be6-4b23-5107-9aed-022027c62473	held	metadata_supported	true	3	4	226	3	open_candidate	3280c3edab3ed2fc72aa2092c98de2c145777e08d0bc8c544b619332e48c7877	0	00adff8bb2f88f42a42561636f014a164779b9e5696fcec1f88f6638d0463b83
80	456	81323eaf-2de5-562f-8d67-c5291aac8936	06190589-3f71-53af-b8d2-07c2945eb1fc	held	metadata_supported	true	3	4	226	3	open_candidate	fc6579c8960bb74c453c193f0bd3797c6b18563bb804549bf3465c5043624a9d	5	b4581597d8984f8243ebe86d719f6fc32f083f523465f0d455cdfe682f728d40
81	9236	3133df5e-036d-566b-a9a6-d9832cc0ca64	c1bae054-568d-569a-bf26-8047eb0c272a	held	metadata_supported	true	3	4	226	3	open_candidate	b5d6db725c1b8d72087639beb24c1beb8979f14b9c63ff71b406488e2566eaa7	6	08fd00de7c1cba0451df7d0643eb2ad425cdd10562b49891fb3124bd98953f75
82	9600	90b646f4-7af5-524b-96d0-9573f43de41a	19369bd9-d217-5d24-a593-5dc23ac18fd7	held	metadata_supported	true	3	4	226	3	open_candidate	46bfc88338119efd35cf6dfb57bd7083a9a05ab824d3bd8a874ae8cf3f3f7fcd	7	1b08afd1612bab194feb669370589cee3a5064d032f13c355dfa124a8e39da65
83	10257	4ab3129d-4e4f-51cd-8cde-59a6bbabf631	da35784f-0397-5e0f-9ebe-ad31fc68a33c	held	metadata_supported	true	3	4	226	3	source_viewer_candidate	f5281f1e38e33476d97862fba7b62ec146da28257fc88e62e86de6379f65cebf	0	01037a089b07a0f0395c305a67a331c21a8e6587967ab08397625759d485b118
84	15848	f7b831f2-8cd2-55dd-ac3c-b07747e26ba2	ace86a33-37da-5518-9a23-248534fc47ab	held	metadata_supported	true	3	4	225	3	source_viewer_candidate	afb9f5afa500f5cb97a845d53ed8adf94fda2e02a1a4aa6c9aad16cbc56c5f77	1	00e1ae03b0e9891b70ce243883cefea97b8ae15cb86acbcf16a3c356148e68da
85	8787	e230c0c0-74ed-5b8f-947b-46bd157d132a	caeb6dd8-71c2-5dd0-bac4-bb711d4539f7	held	metadata_supported	true	3	4	226	3	source_viewer_candidate	be5a5dc7f3392fceb41c8b90c27867606fbf993f112959e82f03f33587630f2e	2	1078788da40a98c703f1dec4a5381451ab5f18657bf8ba5f3f4d4bb9eec7c2d9
86	10276	5f85b90d-b32c-57a4-a277-5278cd959d8e	214ee3f9-9184-5871-a375-5925256f03f7	held	metadata_supported	true	3	4	226	3	source_viewer_candidate	75844126fb72420dee1e63653bd541e97499b8c467a7382ae9a76f7f95a68e75	4	39876ece45521706bb3fecf57da48297bb018c16a30594a79bd04602ac2f691a
87	15910	a2de6e9c-2557-5938-b9c2-c7404f5a5055	d4b95b2d-c70b-5243-a691-c2c10b0e2842	held	metadata_supported	true	3	4	226	3	source_viewer_candidate	a0b5fff55510cba6f95fa8025630944db5a41bf85582618f624149a45fedacf9	5	28e79b19d521e8dc99d343960e9adb6d6c3677befe4a1a209870802473bf3f5a
88	9718	6ec2b96f-71fb-54a7-9f09-7c4ad8e90265	75f893e0-c3c2-5add-ad22-974873b567b5	held	metadata_supported	true	3	4	226	3	source_viewer_candidate	33bea5ff053758f1f2f5f66775538170de236d2e201da81dd0f9a9ed56dcce47	6	0dde22a08fad56a769c3a8fdb2c0c380e7abeb7bebce2140ad97137fd307a6ba
89	13674	700a55c8-46ec-5d20-9be7-7cd29c8511af	b0037183-9da7-5aaa-b342-0ae049d38d12	held	metadata_supported	true	3	4	226	3	source_viewer_candidate	84cf5cc09554c708787c465df238da4163a0805594a9be425cfa1ad3a24e2781	7	05d91d5f99ded41dafd602ae2d54eeaab31fac621acb5b9532063a4afcca31a3
90	3367	5605a5a0-ecdf-5530-aaf0-325846870972	0ede179d-1c45-5ee6-9699-def4554e56f0	held	metadata_supported	true	3	4	230	4	open_candidate	3280c3edab3ed2fc72aa2092c98de2c145777e08d0bc8c544b619332e48c7877	0	007ee74a9dc39f6b3742d25c45445d8c3d6dc2f0596d3764e6704419a8eee372
91	13964	4142d6be-7506-5a03-beab-136d3e680e8d	d629f8f7-5718-5c29-b0d5-ce81fbd97720	held	metadata_supported	true	3	4	249	4	open_candidate	abf16db7f0dea6114b13fe85334738f34e68ef7027b9832e37ab88a0f016f353	1	1f00f36de1de3904312ccee5a414cba10c0fc7c937f11d44a9ee63afd81dcfac
92	15270	3ebc5117-66a7-5cd5-b111-e16175ea04d8	3e30f471-3929-558e-adad-01be1a0c8e01	held	metadata_supported	true	3	4	249	4	open_candidate	47ea5a46a28fbfe12856faded1545bb8d3ee36e56341c20f25564505e8878eb3	2	016570689a410355a3d05ef7425e94576e018a5bbf1c862ec244d009a4f84721
93	3115	b687cedb-f891-52d1-a7bd-b8207bdcb0ea	a7343d1a-c0a9-54a3-bc1d-8eabcb4c5f37	held	metadata_supported	true	3	4	249	4	open_candidate	ce13526429def2a8da1f86b30897b84df96759926fdf083ce4ec5fd430dff2c5	3	00edf976efdc561b62be30f4ad79146ae858a4c141c5fb51f8fc3996fc1d585d
94	15507	08d46f58-59c9-53af-bf6f-61bd44005f8f	213dad7c-1147-584d-b225-2713f3ebb7d4	held	metadata_supported	true	3	4	260	4	open_candidate	4c94a0e3d66996169b12ff2aa671da357ecc9f331867c5ff04e2acd91f2c082b	4	0021d164fafc0e653319477361b99b4d013110c44e7394c2c6cf58b304830cf1
95	3366	a4d30bf4-be65-598d-8801-2a774f6d814b	c356f7e8-418a-5706-8090-978cb79c2769	held	metadata_supported	true	3	4	247	4	open_candidate	28b5aa7b3434bf4b05d460b753fda57948a937094213d70201a5a1f904228877	5	00ca4bcff26125043f5a86ddc796788ae636d0caf34bb50dfa8f27e59e1cd3a9
96	11496	406b6bb1-857e-5536-ae33-f04343be2d99	60e57c42-9457-5521-a643-018e97942516	held	metadata_supported	true	3	4	230	4	open_candidate	b5d6db725c1b8d72087639beb24c1beb8979f14b9c63ff71b406488e2566eaa7	6	03f47158acd056503e553e581f78aa5a30ab2aa0859424dacdd1dc87dab78aae
97	15570	264dcba1-c2d3-567c-b9dc-a239214f5a45	ffed4625-5971-5b6a-9cf1-0ee55516fe4f	held	metadata_supported	true	3	4	247	4	open_candidate	e67758697408c16f4017f6334674139c7e4a494edb5ac8f9f54a1c69fa2aec05	7	0071aa692466d1d023ef23d6ebf21f8746e0bea0cd2a2fb4da8b937530526920
98	2912	bb964441-0b8a-52d1-b9c3-ed5094388e29	1c145287-4594-5bec-a8ee-6e3cf803b977	held	metadata_supported	true	3	4	230	4	source_viewer_candidate	1bc8ece4fab2c3593afd95fc69a7d0badb171298379f775ad7b713ad9d3d9312	0	03b7f947b50a90b5629ebf3cd797124b2cc3e7603d7dfb4417367f1993a32dcb
99	4950	d71cb62c-ca08-5b46-a0c0-550f681c8197	df828822-3fd3-568d-969b-983e432e40dc	held	metadata_supported	true	3	4	230	4	source_viewer_candidate	b1f1b3f5a7ab62246f5507b11f9703efae2b7bd57d6d9a5e2e332f275db798b3	1	011dcf6cd046b5cf6cf48a34fa722730c06655c9a7877e38793a24f546b1289b
100	13149	65ec3181-7f77-5e10-b96c-dbb43f5274e5	57d09be4-63b7-592d-a562-35f9ac01f3c0	held	metadata_supported	true	4	4	234	4	source_viewer_candidate	497adecf79849ad2e546759b47539c9c2fd2e339242dadbbc6e5618044646b39	2	09f6f87927a6ac551d8ee9fe975a38112962fe94119f04590cb71f5ddeafd080
101	14774	4aaaca1e-1c57-56b6-a28d-5e95ed90d0f5	8c40325c-1eff-5fed-b88e-99c6183107d6	held	metadata_supported	true	3	4	230	4	source_viewer_candidate	75844126fb72420dee1e63653bd541e97499b8c467a7382ae9a76f7f95a68e75	4	93921c632d1fb9b8e0fe0ed7bc3abe7d4c5da62ff51bcc935d31ba026c157f42
102	4930	5c47467b-ccda-532f-8287-ac570a367cfe	5ff0ef45-f9da-58db-9746-ad60c975511d	held	metadata_supported	true	3	4	236	4	source_viewer_candidate	10f50e98203c4bae4009987d0a9c7bda038c9ace8ba0d985702ecf450c9f21ae	5	00dd6534c1dd93f75e94495fc00c75e9274ca190ce0c736a60eb92b238d91b7d
103	9977	9ae6dd38-ec8c-54ab-8b4f-5336c5de4a71	17f83ffd-681c-5eef-9423-b6aaa03245b9	held	metadata_supported	true	4	4	230	4	source_viewer_candidate	e6ae54059480e4076c9e8aded7ed5ad7a9391c3f68c69b38839074cf3a380763	6	0cd25c8f7069ef5b57d5998dd34b4af3bc8047ddadbc18b0b35d1a9e37d2a73f
104	11925	e90419d8-e90f-5857-ac77-6b6bc339a6a3	55983dc7-da7b-5587-b914-2131196bdfec	held	metadata_supported	true	3	4	230	4	source_viewer_candidate	84cf5cc09554c708787c465df238da4163a0805594a9be425cfa1ad3a24e2781	7	054367b783e257ddb576c520a1efa29c45257adf86ed1db9ab59110e51c46d76
105	4060	5c8e3f9e-309d-518b-b3e0-d7881acca283	1643a831-4b37-568f-9a65-38b9ff205efe	held	metadata_supported	true	3	4	242	4	thumbnail_candidate	e712d1697775f728053fd9234295603b3c0993ad13a391b40ce55e87db1f141d	2	8614b364667e52e4ca9e5676033217bf40633ed836d7fb78ff301e91fe0d9878
106	10803	da87d977-fc1f-5313-a3a1-af3cc0734b56	ba874524-d017-5ef1-a9f9-df25e0bcad72	held	missing	true	3	4	215	1	open_candidate	f498d85db75decf8f507e0eb30c4ee330058dc83b98f9f041da0799cf88ac344	0	01abf2c68d6dc41d4ecd2ad95e664e10004887b13df1aa460950cbeee6cc391c
107	1868	b49b6b6d-d6eb-564b-a1cb-1afcf04d7350	94562562-a195-5b82-95b5-d3f09d6706fd	held	missing	true	3	4	217	1	open_candidate	4bd1fa3f3998fa26898f9a3265341e50955d2985268e599af7db5348fdfe4255	1	00b2cde8f502ee3da21790bc6c4853e33515e1bbdb98a252c477afb44ed9f4d7
108	2081	1a45b328-c8ea-5527-bb74-712d13012e47	3495cbff-b0d7-5018-a81c-6b401f20f13b	held	missing	true	3	4	217	1	open_candidate	ea325d0efb7a648ea36c8548653e51f41509532a8c546bf185254d2f07ae303c	2	029c77056b92d3faa3f6a91873b32777568d0dab91e04bbb2d40df252dd6e506
109	4351	5e59dfb4-0dc5-5bc0-9069-3c155b4c1627	36b612b3-f894-52c6-88d7-f04002c53f63	held	missing	true	3	4	215	1	open_candidate	123bc7e257fdf11877370f5b1d1c1ab70e7d60bf4be176f8ed74a1febe44a2b0	3	00dd7ec3d2d21eded109ba065a36a862815c81ffe27af2bae472c4d7b3559e23
110	3705	c1f2ad8f-deae-5255-8587-22b38a1a4427	6bfe2b3a-eeb9-5cc6-9641-01957aa5f623	held	missing	true	3	4	217	1	open_candidate	11cccfee5337c032112cde5a91667139ea0d14495e0c76f3b810dfa6d7c503d2	4	152e10fd6610a966375efc7cdc436f40a1a345ce3c47f00b6b95851663105b4d
111	5235	60f57d7f-e3b2-56fa-959f-a8d74e279ded	97a60dad-45f6-5cb2-b87f-a735e507c927	held	missing	true	3	4	216	1	open_candidate	28b5aa7b3434bf4b05d460b753fda57948a937094213d70201a5a1f904228877	5	00b4b6e38517c412c09b3fd1ff35f9fcd6b9e87e062d9d50602df5355d50d72d
112	2355	4420c9fe-17e7-583b-ba1f-ea73efe9a857	73b1a5f9-ca25-5710-9fa5-b53939e37487	held	missing	true	3	4	217	1	open_candidate	f40e920f73ce5cf88840b1c14c1b4bd6f173daaf120d39c9e36d4d2c0965547b	6	16ae4acde8677462d2d93597a367d85a64f79fb6828aed566031bd48f54cb0e7
113	15776	e617364b-5e2f-5c27-a048-b3809ed103cf	e7b4c1fd-14bf-51c0-963c-92f3fe95d9e7	held	missing	true	3	4	215	1	open_candidate	e67758697408c16f4017f6334674139c7e4a494edb5ac8f9f54a1c69fa2aec05	7	00be0d77bd413e8a00de83e697d0bf89d4753ea093dd52eb41ca39acbf0f87b4
114	3532	42268ca8-da78-52df-9669-bc64426b3d0a	484f013d-495d-5907-9146-66efc0fb7c0e	held	missing	true	3	4	219	2	open_candidate	f498d85db75decf8f507e0eb30c4ee330058dc83b98f9f041da0799cf88ac344	0	0088440ce6619e3e857836e20af34d25196c0c9d338be6abbcf569092e0a6d19
115	3231	46e9a62c-fd85-5dd8-83a7-7ee8c7a85de5	73024007-5b82-5d5e-a2f5-8a3522c11520	held	missing	true	3	4	221	2	open_candidate	712959d214b2f3357b8529b616ceb863afe9df0568092cefb41879ba9f5a9044	1	029ebc5523d45d8f2b182f6525364f711f24ead08de083ef994e6a3e6423b4ec
116	10238	8984ae5f-3cf0-5883-a23e-da5e03decbc0	85042acf-6f66-5015-996a-7c600da00c6b	held	missing	true	3	4	220	2	open_candidate	2ca266d349ce8db8bf14425ccd6cf679a1bb863504a9f80c507e23f2c2a8acfa	2	333a1aeb9ac0299096e121788fcfc53a6f96c068b17bfa5de62ee766f2efb258
117	3697	905f9331-b417-5394-abac-0ea2c4e67858	4ec8869b-6b4c-52f3-917b-1d7bea40d5f6	held	missing	true	3	4	218	2	open_candidate	ce13526429def2a8da1f86b30897b84df96759926fdf083ce4ec5fd430dff2c5	3	00295dcdb7745ed43a27bc3aa51c3f32dc8d6e52a4bdcc8a171cfe879996f5f4
118	2424	8ec19c30-4b9d-5ac5-ae7a-41c2a899e17d	07f0bf3a-ce1c-5d05-b0b1-3858c6d36197	held	missing	true	3	4	218	2	open_candidate	9d64f998ea5699e43f452a57227b356ae5dab03d5b027a867d49b80af01d6692	4	065246c0cd5e10e063c44c99386e48e3525e10a419f348d133c730811c095076
119	14400	0a572aff-07af-54fd-954e-489e1d8ecb94	7fa1a839-934f-5dba-99e4-ef24cbc50b09	held	missing	true	3	4	218	2	open_candidate	28b5aa7b3434bf4b05d460b753fda57948a937094213d70201a5a1f904228877	5	008fa7087dbfe96e677041001c032453b4d321f5bd60a7df2b74b31ef08355ae
120	1476	bc419334-629c-507d-afbc-dcfcf200f231	71f1e402-11f4-531a-8f5c-fbddcfdb4e1d	held	missing	true	3	4	220	2	open_candidate	cc1e672a8164b8644d68842badf3c7bddb15ce3c89d48e6e515baf782c667347	6	0015b3853852b9dbb52d2a230a8487a262e195fd139ed68841ace3b758065841
121	15603	df8edcbd-89a7-5b8b-9625-c874512c1995	a6417b8c-d6d6-59fa-a4dc-323193ef7ae7	held	missing	true	3	4	219	2	open_candidate	e67758697408c16f4017f6334674139c7e4a494edb5ac8f9f54a1c69fa2aec05	7	01c1110ceb6689d1bab9ae3f912d74b2a37016d628b7b8ca466f82b288990252
122	7013	d16dba02-985b-50ab-899e-87c7150ea066	028fdf2e-5921-559c-a4ff-190d2913cfdf	held	missing	true	3	4	225	3	open_candidate	f498d85db75decf8f507e0eb30c4ee330058dc83b98f9f041da0799cf88ac344	0	04c225ad3502994047865b90fd4f5c20ecc36470740879d9a054eb3b1f452872
123	46	8e404ddd-0533-524c-9594-5f38ed9eec8e	ffba5262-6feb-5fc4-9ae9-afb4462c96a9	held	missing	true	3	4	226	3	open_candidate	672997e322a4d5e958fb4836047c5c2cf62f219710a4f7ac511376a377977808	1	06cea5f556eb1568a692daf28cfe065e9f768c1a724171a65a49de2d208919d4
124	15826	03f78d99-61eb-501b-a331-8e4d1672b7a2	2f2a0529-a952-59d6-9ba6-7e52920c40ff	held	missing	true	3	4	226	3	open_candidate	40129f3edb56fa0be47344ce4d066cab01adc1cdd472d264be4d4578c3565bb3	2	0401a8cb9c77a5a81cd6ff8fb1141ddca0b2f3b53c19b62df91f65e3992fa1d6
125	13980	b58f2f46-9b7d-55a5-a774-121369ec1541	779b848c-a58a-53ab-a0f2-c2f409b5f692	held	missing	true	3	4	224	3	open_candidate	ce13526429def2a8da1f86b30897b84df96759926fdf083ce4ec5fd430dff2c5	3	0013ff4fa1b364fa9cb958488f18b37b1ce55b1511a9b84b30accb8c3f8ecba8
126	908	b11cd6c2-5e20-5b75-93b5-37a3eb9857dc	f181e079-69fa-52d2-841e-e97bbb4e7f26	held	missing	true	3	4	224	3	open_candidate	b624a2ab1f8c81bac3256b97afe951457bf51f48c3898d2d31d2813bfe647aa2	4	ca9b16313763dc611aefa604fc2a470640dc9dd0e9727ea537b3c7cf9fca16fe
127	0	f6cd2d9b-5225-541e-93e1-2e24debdd11b	35cee30f-f7e8-589f-9ec9-610c2bceeb5d	held	missing	true	3	4	224	3	open_candidate	28b5aa7b3434bf4b05d460b753fda57948a937094213d70201a5a1f904228877	5	0c9c3751821c9a83d30faa480b6efcc38ad225d4a2478dea099743919bacc5ac
128	1967	67145b1b-3a69-5bb2-a709-552fe0c24964	3cc7d793-93df-5389-a30c-ff0ee469aeec	held	missing	true	3	4	226	3	open_candidate	4ed60da066a1d54214b4ea8863c48f2b656c7fa42d20a95a836006594e5c820a	6	d573acf28a8a78ac4687544a5e174d7c340d5131f6d05f94e4421e492d4cb8e7
129	11493	ad8897b0-5875-5389-9e0d-ddbf6c58a531	62a1e8d8-0245-5d79-80b8-192bfcd32d8e	held	missing	true	3	4	224	3	open_candidate	e67758697408c16f4017f6334674139c7e4a494edb5ac8f9f54a1c69fa2aec05	7	18075ed49826e3167d3ea943e7b07f3dd3e530da26a84d31f8bd930ea64be086
130	3226	58d5e78a-4d64-520a-9f49-c397ab4b43e4	043396c1-f7ef-5550-9b3f-ee8cbd248e9f	held	missing	true	3	4	231	4	open_candidate	f498d85db75decf8f507e0eb30c4ee330058dc83b98f9f041da0799cf88ac344	0	367825bb8d4656036e1609666692cf38811e4f8c02526f5887449a51d0799b77
131	13308	92f8f60f-edf9-571c-b354-a8c24c0e0ff5	d2c05cfb-7c3f-5ac1-a4b6-928077c186bb	held	missing	true	3	4	229	4	open_candidate	88b10ffdcd212b802f52339f4f7669d32437aa3883999600c7193f36a8ced50a	1	7128dbf8b3e8125437bcc792e7c95c52746c793ab1384622d29f4f6ec516b70a
132	8960	7ab2b444-5ad7-5066-b9ae-f89ef65a1eae	549768ac-90a8-5498-9c9e-063e10014e13	held	missing	true	3	4	229	4	open_candidate	ce13526429def2a8da1f86b30897b84df96759926fdf083ce4ec5fd430dff2c5	3	09245297db3363b9bc81aaa4052ceda6de971448f04d4c65dfc6ccc052e2ca62
133	2650	ce371ccc-e3d2-51b1-a2a0-0ccc0d02656b	d73cd046-d140-5fbe-87c2-4e568a647f74	held	missing	true	3	4	229	4	open_candidate	4c94a0e3d66996169b12ff2aa671da357ecc9f331867c5ff04e2acd91f2c082b	4	c2788ec544d1b093125c7d277d338b8726f51e43ae256028967217c9474193ce
134	13107	e53cd278-feb8-5cf1-aac9-c7ecff512e5c	00db2035-4f50-5e49-8bf1-258a5cbb7a0d	held	missing	true	3	4	232	4	open_candidate	412574b38f00ced0627422089fcc1bcaad110675eda655c5ef07ba177b37589b	5	797d5930a170e0bb589de511bef3a53b12f10661a74221fcc834a1706384462b
135	1898	98674065-06b5-5e39-ac3e-69168356d118	ed44eb49-7a56-5a34-9447-aaf7ae091464	held	missing	true	3	4	230	4	open_candidate	e67758697408c16f4017f6334674139c7e4a494edb5ac8f9f54a1c69fa2aec05	7	21b39d18513de8a0950f47b477009e2adabc9629b216aaebbddb5d9fa8deebef
136	12198	9c72c7a5-3b30-57f4-a85f-df9fa990d1e2	6d46a717-c59d-5160-b746-a0f257acb608	eligible	source_verified	false	3	4	206	0	rights_review_required	afb9f5afa500f5cb97a845d53ed8adf94fda2e02a1a4aa6c9aad16cbc56c5f77	1	097957c40f029fbef7aa6cb47a7d7144f6099331745b204e0a2b0899be1fe327
137	5567	de5547b1-914c-557b-93ce-f53551a5d5ce	c1e93c5d-4390-5722-8591-143c25d10826	eligible	source_verified	false	3	4	212	0	rights_review_required	436a336f9d82eff6e82d10cb6535c14ef535149378be9e921ff731e3a3246e0e	2	4b8a3cb49ec431eb7c9976147080913540a942b711c427316a55de90f4aa2ec8
138	15859	580bc2bc-63b1-53d4-8a0c-a3a3cda98228	641ef712-c246-5cce-98ea-463563159776	eligible	source_verified	false	3	4	216	1	rights_review_required	afb9f5afa500f5cb97a845d53ed8adf94fda2e02a1a4aa6c9aad16cbc56c5f77	1	93fb1f6353206b5403b1111c295344800faa923f78c796c1d44c105d1878345f
139	3885	d48458a6-3ad2-55b2-8826-309740ca59cd	8ebc2a29-7f91-5fe6-b24c-7799db132295	eligible	source_verified	false	3	4	215	1	rights_review_required	436a336f9d82eff6e82d10cb6535c14ef535149378be9e921ff731e3a3246e0e	2	61567d9d98788140c280edf8c4b2d41212ee2baaa20dc953ec9464efa0cea0d3
140	3386	dc702714-f602-5ebc-bf3d-5171ade7d587	d92b0491-7763-5a8c-b3d5-588423365988	eligible	source_verified	false	3	4	218	2	rights_review_required	436a336f9d82eff6e82d10cb6535c14ef535149378be9e921ff731e3a3246e0e	2	3466ce5629ab8f3b5ddab87b6d8e15e3447aa2348892227d6e233f0d9fae5f96
141	632	6d0e0dbe-8f2c-5039-9005-308cc1e4cfc3	159d6e39-4bbe-5fa4-bd91-a7e0acbd5f7d	eligible	source_verified	false	3	4	225	3	rights_review_required	e712d1697775f728053fd9234295603b3c0993ad13a391b40ce55e87db1f141d	2	dca64866702e67dc59c68062805fb6518b7a284c05e83ef815caec952e3e58b6
142	2255	731ad5b1-1b4b-5232-94f2-6e7980d87699	a896e0f4-be3b-5004-9b9d-9885c9c0fc50	eligible	source_verified	true	3	4	214	0	open_candidate	86665ecc5119deb7ae812739e8af3a20ff4dd498311e00a487a84b95c393e8c4	6	073880be08a3bd7147d35ee82bc872e384220da9b3aab4ba959955407152464c
143	15065	7136df93-8d45-50fd-b092-4d79a486200a	8e9c944c-9309-59ef-a58d-463b9be08c36	eligible	source_verified	true	3	4	213	0	source_viewer_candidate	3a184875d2c874dd4aee0b7438fee6f2555dab63754d5cdf12b52e527f35de9f	0	01b49b896974d9f08082c40ecc59232deab7fb689ddf73b154ef56d63235c372
144	5614	de142433-eb2d-5937-8374-7dd04f469768	f32f2e5f-bc97-57f0-93ef-e7b9cc418f82	eligible	source_verified	true	3	4	211	0	source_viewer_candidate	a4a993cc53d58d20c3f58bc334a65558933f4e4fbcb7dffd05c5900f9e9fa6a5	1	076d1c4ea12c7115faf688213461f1ed146bb3b43b5f5e0aa11dd5fb6448d903
145	1456	e7c823f3-6974-5b35-b014-9429c583866a	fe92f48f-c709-571a-87d8-cda04ae80c47	eligible	source_verified	true	3	4	214	0	source_viewer_candidate	436a336f9d82eff6e82d10cb6535c14ef535149378be9e921ff731e3a3246e0e	2	004e0fb0b7934731c0d50ee42ba3a678a64d77e0b5dbcc43b4065bb641bd9acf
146	1395	6f26caac-811a-5338-87de-ddc84a63549e	14e9df17-c18a-5335-a269-d0d257166aed	eligible	source_verified	true	3	4	214	0	source_viewer_candidate	86665ecc5119deb7ae812739e8af3a20ff4dd498311e00a487a84b95c393e8c4	6	0844ce0746a64f8857d28504ab660732cfa62d6b94b0c45a206d994934d2aabd
147	2811	24e213ce-c072-514b-b6a5-e74facfb58cf	10852b20-2cdc-5fd0-8ab9-4a801cb9bf92	eligible	source_verified	true	3	4	215	1	open_candidate	86665ecc5119deb7ae812739e8af3a20ff4dd498311e00a487a84b95c393e8c4	6	08b31751e02d96e62045d22899d22d776b765e39e39fca5e019efdbb2ab5c582
148	3892	922e5538-58a6-5bd6-a88f-2752a54df36e	7b1ec2dd-b837-5888-a605-66f7fad17525	eligible	source_verified	true	3	4	217	1	source_viewer_candidate	a4a993cc53d58d20c3f58bc334a65558933f4e4fbcb7dffd05c5900f9e9fa6a5	1	0b2c85bddb447560953ee63cfbe0ce94c4e81209d4d89083170ec6841edd9e33
149	11606	31406932-d8ef-59ca-8e9b-952eb4ee6109	d159cc95-d3ff-59bb-92fa-fb976610a4e5	eligible	source_verified	true	3	4	217	1	source_viewer_candidate	436a336f9d82eff6e82d10cb6535c14ef535149378be9e921ff731e3a3246e0e	2	00d102a4a85e27f2646b62d9950c8123429efc5e52ec473c9e70f8f321f762ae
150	6892	a8b39c71-3571-57f2-8fc8-9e2f0d620ae8	3e69d091-a95c-55a6-a9aa-4f83a80d9f6b	eligible	source_verified	true	3	4	217	1	source_viewer_candidate	884d0bba04f878989279721c4cbc99d2a6cfa510ff2e5466f6f75b4cc6ef287f	5	08bb443ab9c4f17c73d0ba9c6718078a3669d8c65cdcc4f5c453393871c0b8a0
151	9975	5402a726-eef9-5093-8322-8aa3ee6e1289	596a61ea-7f81-5c8e-8663-6b1218cf33a1	eligible	source_verified	true	3	4	215	1	source_viewer_candidate	86665ecc5119deb7ae812739e8af3a20ff4dd498311e00a487a84b95c393e8c4	6	010a00e57839e144bce906c184484787f4ea325d7d2debf2770ed3693be92483
152	13927	9f2eec79-fde0-5be4-aad0-f2f4848d1228	10471cd2-bc60-5b47-81f6-0144f865046b	eligible	source_verified	true	4	4	219	2	source_viewer_candidate	3a184875d2c874dd4aee0b7438fee6f2555dab63754d5cdf12b52e527f35de9f	0	899c00b451e43c5e7a76e00f89ffa156cd861148da635119e75d4663e0b69818
153	14911	1fb7f977-3f48-5558-9fc2-8791a19a9f75	2b1a0c65-798b-5994-b018-b43956f8fd24	eligible	source_verified	true	3	4	223	2	source_viewer_candidate	5489a6970e7df484aa394c3b34d0f69fc5f4c7c88e570bc1eb2df907346da70d	1	03e13bc468795aab6671017b2fae48d61a63cb156c8024d7dab5e8c8e6d22078
154	74	d0ace250-551b-57b4-92f5-71a975b197c4	46dfb584-24ff-58c7-becd-32fda0d877d5	eligible	source_verified	true	3	4	220	2	source_viewer_candidate	436a336f9d82eff6e82d10cb6535c14ef535149378be9e921ff731e3a3246e0e	2	02c73ebc6c184ff875632c893ac94e790c17c1100bed8b44f3446b3770056115
155	4956	b1967968-6db6-5e70-b9a8-587af10bfe5d	36dc0319-7a8e-580b-9084-2b5d1ae218f3	eligible	source_verified	true	3	4	223	2	source_viewer_candidate	884d0bba04f878989279721c4cbc99d2a6cfa510ff2e5466f6f75b4cc6ef287f	5	009845e685c76477a5a6b7c39a7f32892d2a0c708dc6992c71f2a7414ce4ec0f
156	4153	abff1ec9-ac7c-5bb6-bd63-33eb8c5c23e1	a733dd0d-22f6-5fc7-85a5-deaccc0c90b1	eligible	source_verified	true	3	4	220	2	thumbnail_candidate	e712d1697775f728053fd9234295603b3c0993ad13a391b40ce55e87db1f141d	2	c4077ee2396f5971cbd578ff1c54c4799fcba1fe2ec724f66fb33c0c0cce750e
157	1160	2e95d9c9-1962-538d-8d9b-0e54fb664d5f	4554f5c6-5d79-5cc7-9cbc-51a01f11a5f8	eligible	source_verified	true	3	4	226	3	open_candidate	3a184875d2c874dd4aee0b7438fee6f2555dab63754d5cdf12b52e527f35de9f	0	1814c735567f38bf22e7db628dba2ede4e274709c4145a2c2ca326a55e6999f1
158	2889	e2fe6ea9-f7fc-5470-92c0-8c05e476a2c4	f6305bae-029a-59a7-9bf2-c72fd436fece	eligible	source_verified	true	3	4	226	3	source_viewer_candidate	3a184875d2c874dd4aee0b7438fee6f2555dab63754d5cdf12b52e527f35de9f	0	038ecd06a05c436f963682d9dec68b48c7c3d36ed3a19eda026c594137925c3c
159	14903	e1de189e-88f8-54e5-8b6d-d77d006885fd	69c21c4d-0e96-53c0-a3c0-a6138e14271e	eligible	source_verified	true	3	4	226	3	source_viewer_candidate	5489a6970e7df484aa394c3b34d0f69fc5f4c7c88e570bc1eb2df907346da70d	1	2ecfa396215346e2f037508bb84ab34128c54bfc799ade63dfdb98b4289c4fac
160	1714	28b6a1ca-a0f3-5bec-a2d6-fae402e110c3	0c016dad-a2b5-54c6-a341-62692fcefc4e	eligible	source_verified	true	3	4	224	3	source_viewer_candidate	436a336f9d82eff6e82d10cb6535c14ef535149378be9e921ff731e3a3246e0e	2	013d3ca89684ecd31adecc65f3abf98b5abc2098d9c5a2d01127c8df239c86c0
161	12714	9047bf02-e938-5287-b947-9fc199d5f171	8f8958be-cf7d-5346-aaaa-55eaa1761225	eligible	source_verified	true	3	4	226	3	source_viewer_candidate	769462c4f46dd6ed56e8680c5358c9ed627ef1589500c8b818a57c71e1e3e68c	4	01b0861c705ce980e76710a6004a03bd61c4389f9298b2087e46c343551708b1
162	6763	3055eb07-1394-5bed-a1b1-b09b01e62830	fd791f79-9666-541a-9a95-5b890a65c80a	eligible	source_verified	true	3	4	225	3	source_viewer_candidate	884d0bba04f878989279721c4cbc99d2a6cfa510ff2e5466f6f75b4cc6ef287f	5	0078f0465b5b1d1ad146a9c357a0d04ac0ce561cbac6280adfc08a7a12e6cd40
163	4574	1ed11938-59e3-56f3-abcf-019535a41940	17806a1f-f2b4-5737-9fa4-d6783c3b1cbf	eligible	source_verified	true	3	4	226	3	source_viewer_candidate	a8e60ead06dd30adb0e988b8d5809afe5c86d183e94227a497d00914e7030e8a	6	022db854cd03c9aa667064ec970b7ae9f9de7c3a5806ea397e2f7eb00d1d1fc9
164	7226	507e1173-29da-58a5-b41f-c93141f67dd9	b9b8e7ba-4774-5b9e-901e-820aafd15aeb	eligible	source_verified	true	3	4	228	3	source_viewer_candidate	a1a791cb7cd269685c534e2cf479e1865a585772b0b5126ee4abf4dc87dfd72b	7	08afdfaff345525057136955fcee3fb19576e260f373af0bd1ae9bb9cef892e9
165	795	ae4cc3bf-4fd2-5ffc-904c-0215f9b9e597	4199a2f3-9e45-59ce-b0af-d9c99d077731	eligible	source_verified	true	3	4	226	3	thumbnail_candidate	e712d1697775f728053fd9234295603b3c0993ad13a391b40ce55e87db1f141d	2	929ca53c33a3fec748c8d9be817dd6c604770d1cf9c813959a4ffe22c3acbc7b
166	2117	2809392d-00f2-5d68-843b-7ee6f5b74fa7	78b9760d-d0cd-5945-8779-edf1d010c4be	eligible	source_verified	true	3	4	235	4	open_candidate	e712d1697775f728053fd9234295603b3c0993ad13a391b40ce55e87db1f141d	2	3db680732ef621c471057c6c7ee991ab72ada933b74ad0df6d1fb2db64590b79
167	2444	9f61d702-f143-5800-b9e9-37f38d029bec	7023ca9a-4e9d-5c16-9c69-270117e8fc2f	eligible	source_verified	true	4	4	232	4	source_viewer_candidate	3a184875d2c874dd4aee0b7438fee6f2555dab63754d5cdf12b52e527f35de9f	0	57353a5af7b24fca7ef4f83e5f8669124d37d849f0d7849f561612ec98d8f25f
168	15536	78de2fe5-6f25-550a-baa3-e805ab857b5e	1ffaeab8-46d6-5663-b849-1d3fb7ce70e7	eligible	source_verified	true	3	4	233	4	source_viewer_candidate	5489a6970e7df484aa394c3b34d0f69fc5f4c7c88e570bc1eb2df907346da70d	1	04a19409f76f9961d1f378bce1b2a3404756243c41052ca8451ae8f6abc3190b
169	14342	558354bb-bca5-5f37-a296-da2e634d8bb7	625cfaca-cb30-59d1-88c2-cd9076937e4a	eligible	source_verified	true	3	4	230	4	source_viewer_candidate	436a336f9d82eff6e82d10cb6535c14ef535149378be9e921ff731e3a3246e0e	2	0de6cc83eeb30be0741b0de6d90288b718c062f7c6536e41be10290e2b802313
170	6180	e287e8d3-9699-5770-88bc-64891ad24c2d	8623b8b5-5c77-5791-8ad8-48247f0254f3	eligible	source_verified	true	3	4	230	4	source_viewer_candidate	884d0bba04f878989279721c4cbc99d2a6cfa510ff2e5466f6f75b4cc6ef287f	5	00968f76c1a5efbb20cf651d33525b0d36ee374c62244944b5521ccdbb92ce73
171	3755	e0680992-9fe7-5179-a493-f7e9dcf1400e	5c83989d-b6ec-516d-ade7-b77a398f1ed6	eligible	source_verified	true	3	4	236	4	thumbnail_candidate	e712d1697775f728053fd9234295603b3c0993ad13a391b40ce55e87db1f141d	2	05c7f4ddb29b799522204ea8104b721d7fda946563594d3aeffe80d891e34bfd
172	10024	6733fad4-c9b8-5088-aeb7-166bfc5dec3a	8caf3255-ade0-579d-9729-be1f5e6c46ca	held	metadata_supported	false	3	4	227	3	rights_review_required	f5281f1e38e33476d97862fba7b62ec146da28257fc88e62e86de6379f65cebf	0	3a4f5d011d477c9ca5223aeab827748eb573116ce510711be88cbfe9d0f08bbc
173	15324	a6251c3d-4a4c-5bca-aaea-5186ee207251	e639931c-7fbe-5cd3-9711-66400951b98b	held	metadata_supported	false	3	4	226	3	rights_review_required	afb9f5afa500f5cb97a845d53ed8adf94fda2e02a1a4aa6c9aad16cbc56c5f77	1	308f93fc5cbac159d618cee59824388e8652b68bb3dc693b9064f52e2317396a
174	15339	96f1e054-6385-59a9-bc96-d555deb02b4f	713e3b43-aa0f-53a7-b132-8d13baab2599	held	metadata_supported	false	3	4	226	3	rights_review_required	63ffcb6482277213040dbf949d0ee55de36f06c295fc250edbf6c607a50ba7ed	7	9cafb3bead76c687215a5c873ae0b75b73d4a632ac60e80dcc05c2337b5d6af3
175	4518	f688d3ca-f101-5b86-b573-dbb7406c2d05	b4041f7f-12ab-5a03-a7ab-54383021ac8b	held	metadata_supported	false	3	4	231	4	rights_review_required	3a184875d2c874dd4aee0b7438fee6f2555dab63754d5cdf12b52e527f35de9f	0	052f9b56fd38999aed57390537acf6c605e94c3807eb6931da2b11b70400ffeb
176	13164	c59e97b6-4fef-555f-85d3-e88a1389d694	c58dbe5e-6258-568c-80c2-75d2fcbcc29e	held	metadata_supported	false	3	4	230	4	rights_review_required	49e12693a392e800241da9038e348fc97febe142a5b181981beff74227881508	1	30b822b427a15cafd5fb9b118b1da7a6a6c288b5a709ee4722497e04306c19a0
177	22	0968b80e-1409-57f1-8e46-8703fba75c1d	c56d1c04-485a-5b49-b793-946467d6d37d	held	metadata_supported	false	3	4	230	4	rights_review_required	e712d1697775f728053fd9234295603b3c0993ad13a391b40ce55e87db1f141d	2	3484cf52120078db9f0d3550f7d36c9a1fe5db718df4ceab7e6cf17e643d31f9
178	13933	19d178ed-2d39-5ba3-983b-4ecb98927cfd	b2017b0f-f98a-516d-a093-160050275e72	held	metadata_supported	false	3	4	230	4	rights_review_required	0bdc1db99e420cd0508357a39f95b3fbca78c8e830c1d79f3d2f30d1f07549a6	4	7cb082399b47326b05506f4bab09f2d4587c526dc3bec3a16fb262c1dc3aac0c
179	13550	4072e47a-4c35-5dcd-8f79-5d812f265285	8a235c4b-6264-5941-a315-62d03a54f989	held	metadata_supported	false	3	4	230	4	rights_review_required	915d54464c35ca25edbba2aa044ee1d02fc03fb3c79e9a32014bcf37f325bcbf	5	84d1517758d67a12baec5dad62442854b7e0d3b3c7f79e5695dd45a4a73827bf
180	12570	45661677-5960-53a6-b071-c545565c9b90	903d3ae8-6e7a-5cf3-888c-fafe7658c9f1	held	metadata_supported	false	3	4	230	4	rights_review_required	3e8643e0257d447a4f35ec2b2ea1632ed9bf2737108c5820785ec4a95a818523	6	ac7ccebe7dc5ecad84519565745566730676cf9b40e0392361cf738919241592
181	15179	f215ff5c-b684-5f88-aea0-1cac3c1efa42	f96ed38b-4eb8-578e-86cc-4b5e6ec942f7	held	metadata_supported	false	3	4	230	4	rights_review_required	a3c7b69fe1ae8b530d68af245917d9d3237f725068f240de969863786bbc9355	7	159ec5c617ac2533bc216ef80a1516c636ff434e5995f04307e60f33dd35f704
182	1387	1a6a7116-ad99-579e-a38c-c56e7cae1561	babbb98f-ca47-57d8-b980-8cb28dcc4f02	held	metadata_supported	true	3	4	226	3	open_candidate	3280c3edab3ed2fc72aa2092c98de2c145777e08d0bc8c544b619332e48c7877	0	011f129156dfb7cc52b09fa23ad086085c9245a75624f5f604de22c359f16a81
183	1781	22a9a96e-ad64-5ef3-9233-9442b0d1b9de	f037524c-6bec-5385-9b39-c46439d74aec	held	metadata_supported	true	3	4	226	3	open_candidate	b5d6db725c1b8d72087639beb24c1beb8979f14b9c63ff71b406488e2566eaa7	6	0effa870a75ba6d353713c5a620d66e54ae5e0067389388b3f7acaec79776442
184	1920	d2571a65-b9f4-58bd-81ac-fdb40b0f99bc	adc76014-d1ea-5561-a2ac-0d28947106e6	held	metadata_supported	true	3	4	226	3	open_candidate	46bfc88338119efd35cf6dfb57bd7083a9a05ab824d3bd8a874ae8cf3f3f7fcd	7	22a32397683d363b49ef090d9392afee51c0738f8e4783024683e10da2c42326
185	4488	4632e1e9-5357-591a-af08-a502102344b0	d2b967ed-ed6f-5b88-aa0a-8e3f625791d9	held	metadata_supported	true	3	4	226	3	source_viewer_candidate	f5281f1e38e33476d97862fba7b62ec146da28257fc88e62e86de6379f65cebf	0	04692e9d72026a4378974f4bb5d6306920458db5b2931a1e924ea4b3f9a1fc39
186	15850	d14f7be8-95f7-5d8f-b927-6a232bc8d3e5	59c83d02-14e0-52a9-9c9b-a51cdee7db45	held	metadata_supported	true	3	4	225	3	source_viewer_candidate	afb9f5afa500f5cb97a845d53ed8adf94fda2e02a1a4aa6c9aad16cbc56c5f77	1	0112c148462c4f3f747cfa2306b8c45f5e635335a31ce6a19b06710d27cb7b7e
187	10313	ab650eb7-50cb-505f-97d9-7e97692290e5	036d2e0b-66f4-560c-aca1-d1a28bd1a5ce	held	metadata_supported	true	3	4	226	3	source_viewer_candidate	be5a5dc7f3392fceb41c8b90c27867606fbf993f112959e82f03f33587630f2e	2	20f1332849c9e47f0af2e09ec7d72aeaa8d91043d2e07e47f0f7127a4cb6b13b
188	15071	d125cd51-a999-5ac0-9614-21688e0c9da2	992e661d-05f7-5a25-91f1-18b0209b3e5b	held	metadata_supported	true	3	4	226	3	source_viewer_candidate	75844126fb72420dee1e63653bd541e97499b8c467a7382ae9a76f7f95a68e75	4	97dce9439cfe47b5e2cd82246432cfbdb6f5ca43ca89537e773c03f3a956e6a8
189	15911	59089950-a22c-59f4-b77a-9d69b612ba08	dff35753-588d-5e64-a46c-3af39e8c6d16	held	metadata_supported	true	3	4	226	3	source_viewer_candidate	a0b5fff55510cba6f95fa8025630944db5a41bf85582618f624149a45fedacf9	5	2b16fbd4c6a244b1509ce45e3dddb2b0b9f84e775007849fa4bf1b929291e2da
190	13781	f82b772a-02b3-5558-a1ea-d35166bfd97b	ab975ab2-a816-59a1-824c-268dd79cb236	held	metadata_supported	true	3	4	226	3	source_viewer_candidate	b5d6db725c1b8d72087639beb24c1beb8979f14b9c63ff71b406488e2566eaa7	6	21d19e523c3f7ea04e3a8fd805a23ee6ade63d7c6ca60441e06357528afb373c
191	8472	70639cb6-ab4a-520f-83a8-6c042c7318c5	a8865ce8-3d55-5190-b757-9bc108a83a0a	held	metadata_supported	true	3	4	226	3	source_viewer_candidate	84cf5cc09554c708787c465df238da4163a0805594a9be425cfa1ad3a24e2781	7	1f51101206ffdc94ce98562954ed5deb4e4fa56b9e34081f133a3238448d062c
192	578	6c833da9-979e-5c2c-8e47-36f23e6aab75	95c7b417-1b7b-58ec-8bd1-dc796fdb5f3f	held	metadata_supported	true	3	4	230	4	open_candidate	3280c3edab3ed2fc72aa2092c98de2c145777e08d0bc8c544b619332e48c7877	0	00c33ca91609031825bd674dd7ac2cef58eba407ab25758a6ed8dbb148127fdb
193	5720	c06f917f-31ee-51ac-81e7-951fa5ac011b	a2d81afd-761e-531e-b66c-7a9fbdaf9189	held	metadata_supported	true	3	4	243	4	open_candidate	3ad1dd9bea5bfcf3da649374ce8f188cd13d3ed29fbe9bf42161710bb58461f0	1	29915e3a126c39ec981ca40a3c4874d693c40aba65396deaa54f924cc1745d7f
194	15272	5f10c8f5-0b3c-55ae-b391-b1110f9edf9e	2c6d7dc5-70de-58bf-b122-73fc4fb00813	held	metadata_supported	true	3	4	249	4	open_candidate	47ea5a46a28fbfe12856faded1545bb8d3ee36e56341c20f25564505e8878eb3	2	0b17fa2bb74ac92be8673956c7a7ebca047017406ddb542150c5c795386ec0ed
195	3569	655f5d5a-239e-54c2-b05c-d7105a1592fd	2a02d998-c29a-51f0-9bad-006062fcf0ab	held	metadata_supported	true	3	4	249	4	open_candidate	ce13526429def2a8da1f86b30897b84df96759926fdf083ce4ec5fd430dff2c5	3	00f18c88d25236ac2f6139c13ccb6b9b2d0fd8d2b660d12ef6b398029321fd75
196	5929	d6c57657-abd3-585b-b21f-fa2d1b5b0578	dd146c68-3acc-56b0-b97e-891f8210d974	held	metadata_supported	true	3	4	249	4	open_candidate	4c94a0e3d66996169b12ff2aa671da357ecc9f331867c5ff04e2acd91f2c082b	4	012dc2225ddf3d7a51f03939b52c30b4fb37a677dbe584aeef76f5ca4d5917a6
197	15141	7a2bcc3f-eb0e-58eb-a058-5035db761353	f0ee01a5-a1f6-5c27-9504-9906287d9c0c	held	metadata_supported	true	3	4	249	4	open_candidate	586d89e5c84b4b5d17dc796498820fd3da3df1befa5193073a5c1c414307ea2f	5	0538d99944bf16bfd2beb0ab00235d5de088ad2ac03d119cc117dccf33d8fbcf
198	10297	ba3f3885-7476-5ada-b504-989dcabb27fd	353d96a0-f47f-5e0f-a932-087d8c5de3f6	held	metadata_supported	true	3	4	230	4	open_candidate	b5d6db725c1b8d72087639beb24c1beb8979f14b9c63ff71b406488e2566eaa7	6	070321f12a77210881f272ef57f2e3d8e8ca0153671a7bb5d1d569b4e0b987ee
199	13729	e7ecb0cb-5628-5103-a486-9f4610299dd6	d6e45ff0-7415-50ea-8ee4-215a7cdc87f0	held	metadata_supported	true	3	4	237	4	open_candidate	e67758697408c16f4017f6334674139c7e4a494edb5ac8f9f54a1c69fa2aec05	7	00774300fd185d9f38b5edd561e57093296c3d9ffa47476cd3e2710b082471ae
200	7982	f4a0286a-a067-5bb0-b465-4cfb87bba8e1	cff6b029-b4ed-5263-b7b1-418de18dea41	held	metadata_supported	true	3	4	230	4	source_viewer_candidate	c118a7ff442b170d7a75620d5956da2b9cfef9d789711e02679d325108f74126	0	03fad2525147f4571709ef26774ba3c947c92a981ea41def225ef960fcdc8cd9
201	4422	9dc04c5f-33c2-583a-9ca4-80d607b5e24a	81d410b3-f1f8-5d6c-ac15-996e8989f70d	held	metadata_supported	true	3	4	230	4	source_viewer_candidate	b1f1b3f5a7ab62246f5507b11f9703efae2b7bd57d6d9a5e2e332f275db798b3	1	07576cb96dbc3cf5b3a28705fbeff24c7f71f2b4d5176848e664ec03ffa6cc3c
202	9980	d75e51ac-88de-5890-99d6-523f08269ed1	bd06d225-5c3e-54ff-b89e-442013ba9024	held	metadata_supported	true	3	4	238	4	source_viewer_candidate	6912c03132757b06476cb1b89900919c72abbe8f0465fb62a4308ad281ffdd0d	2	15110501bf85d3b6f04e64555d7907bdeb3e2622fb4f261c9a79b63654e04c3c
203	14775	75cff611-5902-5dcd-bfe5-f567af8fae3b	6fc76360-8dbe-5ac4-bac8-152f925fbead	held	metadata_supported	true	3	4	230	4	source_viewer_candidate	75844126fb72420dee1e63653bd541e97499b8c467a7382ae9a76f7f95a68e75	4	bc62b1532bd74b08e358a294d46e41e7089f7c36b755d807f5881eda76c59f0d
204	7709	13775c55-92cf-5a5a-b13d-af95cc6eb195	113d1f10-bbf8-5ccf-9f76-b8066cf9ec0c	held	metadata_supported	true	3	4	230	4	source_viewer_candidate	10f50e98203c4bae4009987d0a9c7bda038c9ace8ba0d985702ecf450c9f21ae	5	00ffa450d8e47471bda561faf59f9bc6a2c14541d010c72686d253bb819d856f
205	9716	3989aef9-2dde-51bf-a596-128dcd4644ba	6101ab54-b1c8-57b9-9e35-155d8892d528	held	metadata_supported	true	4	4	230	4	source_viewer_candidate	e6ae54059480e4076c9e8aded7ed5ad7a9391c3f68c69b38839074cf3a380763	6	1efda22c3d12cc34ff1b8a67b7e8bfca0d9ee349415b63f8918973cc9d4f3a0e
206	12770	a0d44718-83e9-53e4-baf1-fa599146f9b2	b84d9bc0-acd2-5a59-bc78-0a7fadba228b	held	metadata_supported	true	3	4	232	4	source_viewer_candidate	84cf5cc09554c708787c465df238da4163a0805594a9be425cfa1ad3a24e2781	7	05ce5e09049628c455db697c34e9ab712b1a9f1deb5009eab9771046537499b3
207	4224	ac1144c8-3953-51fe-b5a0-81dcf4b9b4fa	4d840569-1b73-528c-97c4-b3c4ceaf1d97	held	metadata_supported	true	3	4	236	4	thumbnail_candidate	e712d1697775f728053fd9234295603b3c0993ad13a391b40ce55e87db1f141d	2	913ccd74d4544ad8c2d2d2b23d0aaec58713e46642ffe8da1613fbe63ebd8963
208	2648	569a25ab-8d65-5d58-a3b4-4bb5295969fa	56962969-a116-596c-abd0-7b7bfeaeb5dc	held	missing	true	3	4	216	1	open_candidate	f498d85db75decf8f507e0eb30c4ee330058dc83b98f9f041da0799cf88ac344	0	01d76c7bb38a957da56a9633842b6d8360523935b977036a6c526ee1510f2560
209	1554	4bf3487b-3f4c-5a08-8b05-bc8334b0a425	f75e32a4-94cc-5057-8e17-b4aba102bdea	held	missing	true	3	4	215	1	open_candidate	3ad1dd9bea5bfcf3da649374ce8f188cd13d3ed29fbe9bf42161710bb58461f0	1	08f5bea2b93109492fa9aba44881be37060faf821139dad3488210f608487128
210	5112	cc6f3ce9-876b-5bf5-b5f1-937374144f9c	f7f0f3bf-8a21-5928-9636-2092373eb051	held	missing	true	3	4	217	1	open_candidate	4c6a281aa85ccc5ac8ce150eb847ab3d1a334310d17b02ecf2517d555f4ecddc	2	25928f664ec57c552c88362f0630c05555ace3286460753c3afc72f7ef6dfe92
211	925	f223e6c0-d966-5a05-ad10-7d68733dd924	36e0cbfb-2381-5913-be76-f5eb5e91ed16	held	missing	true	3	4	217	1	open_candidate	ce13526429def2a8da1f86b30897b84df96759926fdf083ce4ec5fd430dff2c5	3	01403267033ec34cb9ae867eb22ffe704349330bd09f05bb1023ed11ac478380
212	12873	63161e24-5e09-5aee-b924-a9ce87ca248b	82956dab-4693-572e-8df3-f47aca8e10d6	held	missing	true	3	4	215	1	open_candidate	e5f498916cde8ab94e125ac072eef892495094d5ff1b0a61fd49ff1aa09a5e71	4	1d86fe012c336af01735e74d89629d30f2a23c5383481d9cd95fca59cd5be7ba
213	3250	d38c92e7-7001-5b4e-9c2b-d0c0586cf230	992213cc-2439-5e44-9ea3-6f349111e300	held	missing	true	3	4	215	1	open_candidate	28b5aa7b3434bf4b05d460b753fda57948a937094213d70201a5a1f904228877	5	00fe5fc0b832cd8c86f645dab37b2d0cebda1614d1bd4c2851641aa8ad3153d8
214	2357	6e5a32d5-2399-5efc-a190-54389c55c25a	4c788ea7-5b2a-55af-827d-0b895b4f4d34	held	missing	true	3	4	217	1	open_candidate	f40e920f73ce5cf88840b1c14c1b4bd6f173daaf120d39c9e36d4d2c0965547b	6	16fc8493126ac128715900d72c74f68c3fe5bd2aab624b3bc14976d8f5e3b473
215	15365	5f190c6b-a452-56f9-ab3f-2a4c1f8d892a	419ed369-c1c8-53c3-a733-4422b0f5197d	held	missing	true	3	4	215	1	open_candidate	e67758697408c16f4017f6334674139c7e4a494edb5ac8f9f54a1c69fa2aec05	7	015612cac58dfda95d18c76d4188b0a47e0e49b6a7d99c27536757816189f94b
216	10242	2585b4dc-325f-58ae-b08b-a2fc72c3dbcf	0668ee98-b264-5a48-b2b8-b9da338716f7	held	missing	true	3	4	219	2	open_candidate	f498d85db75decf8f507e0eb30c4ee330058dc83b98f9f041da0799cf88ac344	0	01bec0ce98e6a2b1b5dda87ac0a480132db37f94fa0f1c2622632ce7616a522a
217	13242	4bf57082-e663-5853-916c-373f1c26a698	7c1b8db4-365f-52bb-84ca-69868d5c8b6a	held	missing	true	3	4	221	2	open_candidate	88b10ffdcd212b802f52339f4f7669d32437aa3883999600c7193f36a8ced50a	1	0698fdc3dc65fdff6609cb99b47340896f13e8ebf84b7a9239be70bb02d1925d
218	10240	e6392d5e-8fcc-5d9c-8a15-edf4b0aeb0c7	b0932a96-a359-53b1-959c-fc30069d8563	held	missing	true	3	4	220	2	open_candidate	2ca266d349ce8db8bf14425ccd6cf679a1bb863504a9f80c507e23f2c2a8acfa	2	3453ddbfd9866905ee2c3173cf4fe739f70537d904828eb30ef7d38081e3ab3b
219	2856	b23169ee-afd0-59f7-8097-1cc81db77929	d4fbc6b1-aa48-5b52-85cb-62d96d15f889	held	missing	true	3	4	218	2	open_candidate	ce13526429def2a8da1f86b30897b84df96759926fdf083ce4ec5fd430dff2c5	3	008f3312ec48bb45a7a88c4d8afd21bf1ca8b1044bddce23128a9aae5dfc5b2f
220	15004	6dbfc526-d5f7-5ad9-be31-72c10cf1fda0	25bd0741-ec5c-54fc-b4df-555b787e88c8	held	missing	true	3	4	218	2	open_candidate	9d64f998ea5699e43f452a57227b356ae5dab03d5b027a867d49b80af01d6692	4	0b2ca37710b4ed852ae88da1ca84344f9454f88e4d4c222c787387efd58a4bd2
221	12149	30bbe6d0-c63a-5429-b575-0000d68bbd86	449fa54b-5644-50a6-a607-ed5ddfd6721f	held	missing	true	3	4	218	2	open_candidate	412574b38f00ced0627422089fcc1bcaad110675eda655c5ef07ba177b37589b	5	00e1b8fca520f34bd1d7595d44a3113ffca9f51f719f2326d50ce8d94f7b6aaa
222	824	f5fb005a-aa84-58c7-8b95-3fce48a8c2a7	67352dc1-cfe6-52dc-85e7-f582c1f5d474	held	missing	true	3	4	220	2	open_candidate	92be242a3982e77fe2e2b4f30c9d97f7beb15f7f773811922fe4cc4e72fc1104	6	16d3eaadd0b551c14e1cf87d64d42e4d81f84ea9428c8744043490209913b8fd
223	5018	34f9b8d8-6c67-5679-8f79-2737bcab04bb	5b15af0f-e67b-57a6-8238-d6d59573fb4b	held	missing	true	3	4	219	2	open_candidate	e67758697408c16f4017f6334674139c7e4a494edb5ac8f9f54a1c69fa2aec05	7	01eb0d5305b7a05e9322daf0d08ebf27725f7a29644a51b509f72fc01cbb88f0
224	3460	1d997482-b94a-543f-a5c5-ab6bc7ecbe4f	c92412ae-19be-5e4e-a50e-4b0304ec0f90	held	missing	true	3	4	227	3	open_candidate	f498d85db75decf8f507e0eb30c4ee330058dc83b98f9f041da0799cf88ac344	0	0607e55c46c6da17b2b23cb8cbca3a4fd358f5d3461991a126f3f7184fb274e8
225	38	a954deb0-76f8-5cbb-abd7-3e4af1687600	714fc256-585f-54e1-88ce-7fea9f1d5335	held	missing	true	3	4	226	3	open_candidate	1d62013f524dd808aaf68a5b8f25b7cf2c7054d70fa7dbfd4ffe28fb71b46dad	2	a90dd7641e4467284e8cfbd1914591efcd314d523e0a3de08f1f3877ff77f95d
226	1285	5423a828-f23c-53f4-a4f2-e138254f9137	470afab7-5edf-5b7a-b521-5f15dbbab778	held	missing	true	3	4	228	3	open_candidate	ce13526429def2a8da1f86b30897b84df96759926fdf083ce4ec5fd430dff2c5	3	00b696c51556fc9be4b748c9ccfcbb8a08b8ed8f2359b2282d4e0690002842e8
227	11968	bfb57c46-6fe5-5798-93ee-2c131bbd9b4c	55aeee08-c6a2-5202-a1fb-b00e4290028f	held	missing	true	3	4	224	3	open_candidate	412574b38f00ced0627422089fcc1bcaad110675eda655c5ef07ba177b37589b	5	31d1ac29a9babc2b39a66e5e3e49a3d7616652fd4827d15a9292677f3b1dfb28
228	13907	07db0deb-9255-5f55-a7db-d355b6796abb	12548741-c095-5d9c-9128-d04fbcf206ba	held	missing	true	3	4	224	3	open_candidate	e67758697408c16f4017f6334674139c7e4a494edb5ac8f9f54a1c69fa2aec05	7	18e5606df2459e432861873be96df811ac8dc02bbde73c22b1ffb56a21fef495
229	10235	0931fdad-3d07-5173-9516-fc26b5fcd0b3	90464e21-1fb6-51b7-9462-e4b9af521d4c	held	missing	true	3	4	236	4	open_candidate	f498d85db75decf8f507e0eb30c4ee330058dc83b98f9f041da0799cf88ac344	0	4e556e0df2fb634747f487c4b7816943e2332f5f10591fe2b0c649d76c26d7fb
230	13115	c403f92d-9b58-5ca4-930c-5a90422d5142	730e085b-147d-5631-b322-e074434ff913	held	missing	true	3	4	229	4	open_candidate	88b10ffdcd212b802f52339f4f7669d32437aa3883999600c7193f36a8ced50a	1	7eb8f5bd93eba9e3315ac1e14f39c4b4ba02107317ac6eef0cb22ae0badb3df4
231	11751	b85e5255-bfeb-5726-a9fd-7e764b0a0e80	1320b9fc-8435-54ef-adb6-b720ffc2b0a2	held	missing	true	3	4	229	4	open_candidate	ce13526429def2a8da1f86b30897b84df96759926fdf083ce4ec5fd430dff2c5	3	0a8c4d229d2440fc553a1dbfa936b6bd434180b82f05f9b6ab6685c592133239
232	10508	30104c67-8a6c-52f8-ae99-772b04f21894	0fb74ac5-7760-5d0d-84c9-c291618c6566	held	missing	true	3	4	230	4	open_candidate	28b5aa7b3434bf4b05d460b753fda57948a937094213d70201a5a1f904228877	5	f924c1c053ce5b476e7affd472034eb41ca2514fc057c8a184474be04b7d6121
233	558	8835e133-0291-54b2-83aa-9f9b75354f62	6e5f20f6-9c27-5ce1-9ac8-3f092e4378c6	held	missing	true	3	4	230	4	open_candidate	e67758697408c16f4017f6334674139c7e4a494edb5ac8f9f54a1c69fa2aec05	7	27c868e679a6389e9bb938632afe18383d1980b691096e91568675ac56f3d692
234	14538	7c12952c-121a-542b-ab1b-70e23a0541be	36537c99-d613-546c-a2c7-13e9314ad774	eligible	source_verified	false	3	4	206	0	rights_review_required	afb9f5afa500f5cb97a845d53ed8adf94fda2e02a1a4aa6c9aad16cbc56c5f77	1	0f09f42ce525d5591e801ad9565cd6f3b26aba6f3ad744ae8050eee7244b0b20
235	7405	fc8083be-7f49-5edb-82a2-a5a1378470ca	f772dc84-09b3-5f6e-a39c-4a4a4a40fd38	eligible	source_verified	false	3	4	213	0	rights_review_required	436a336f9d82eff6e82d10cb6535c14ef535149378be9e921ff731e3a3246e0e	2	6e7e3caea559c1fa10b09d66d597c6435f85dbfe80727cb21e3632f7e8c02dc3
236	15858	ff7e7d74-d53a-52b9-88ae-499c6831b650	0ebf4a84-7554-5c15-8ef2-5a701ee60bd4	eligible	source_verified	false	3	4	216	1	rights_review_required	afb9f5afa500f5cb97a845d53ed8adf94fda2e02a1a4aa6c9aad16cbc56c5f77	1	9ab541755e7086204fd0a1b3b441f34b250077d4aa7ea7f2ce1ffe8d2f8fb9a9
237	3446	c2cd102d-98fe-5324-803d-b75e57553214	811f6c9b-3be0-5971-95ae-6f31fc14507d	eligible	source_verified	false	3	4	217	1	rights_review_required	436a336f9d82eff6e82d10cb6535c14ef535149378be9e921ff731e3a3246e0e	2	c69248e148df47d63f2e43eb6f9c787755f2eb0d8f22ae356e7616cff5e02bde
238	3763	843b2ee6-905a-5cc9-9006-bcde1ecc79ff	22e46da6-3855-540f-9cb6-f2fbef6be1a9	eligible	source_verified	false	3	4	223	2	rights_review_required	e712d1697775f728053fd9234295603b3c0993ad13a391b40ce55e87db1f141d	2	66e242f5584b9648576e7d65c2c9201dce51dc193f0a00eb75ec0edc8de9b14a
239	1265	e2b317df-b4dd-501a-83de-25543ed353a7	ef8da74d-5225-52f1-8c51-796103e3889c	eligible	source_verified	true	3	4	214	0	open_candidate	86665ecc5119deb7ae812739e8af3a20ff4dd498311e00a487a84b95c393e8c4	6	0fc68d02102f60ea3e9ada6143b61811b2812423375b57759a544dc80bd881a4
240	12384	7df07373-96b0-517a-a076-89fddfedcd07	226a7356-3944-54b5-9d20-1562a5bb45d7	eligible	source_verified	true	3	4	213	0	source_viewer_candidate	3a184875d2c874dd4aee0b7438fee6f2555dab63754d5cdf12b52e527f35de9f	0	0269ac52d68cdf70fda6c39e4d371eef68caf8488cbbe64bbfd459be2a7668ff
241	9079	e983d4f1-37f7-5b31-9589-e6685d441ef9	e8f60a4d-2d92-50fb-8545-69fd471ca905	eligible	source_verified	true	3	4	213	0	source_viewer_candidate	a4a993cc53d58d20c3f58bc334a65558933f4e4fbcb7dffd05c5900f9e9fa6a5	1	093750cc6399a830067f28bd9f35ad663304effd4c163b156d66cd9423a92bf3
242	11363	c22cfd75-acf4-536a-a8ee-4d277880ffa1	720f4be2-cf94-507c-9bb8-b33ca1f8cadd	eligible	source_verified	true	3	4	214	0	source_viewer_candidate	436a336f9d82eff6e82d10cb6535c14ef535149378be9e921ff731e3a3246e0e	2	0081b8668a8dcbc7e8a1996cedbefc601cfdab2c820a593f686a56cf206312ec
243	3455	b0dc537c-e553-56f5-a542-86d719af3399	b5139dfa-8347-52d5-9ff3-57094f115bc7	eligible	source_verified	true	3	4	211	0	source_viewer_candidate	86665ecc5119deb7ae812739e8af3a20ff4dd498311e00a487a84b95c393e8c4	6	094155a4818f202248a5dc25ba50e30139d375fac168dd2ac0ac13fabef62ec3
244	2256	0dff042e-092a-5665-a362-552e22de1b16	6bd6fd6e-1087-530e-9d15-d3f709f7d539	eligible	source_verified	true	3	4	216	1	open_candidate	86665ecc5119deb7ae812739e8af3a20ff4dd498311e00a487a84b95c393e8c4	6	0c36e786abc95e2c942e008c176d8da1ef49824cbef2ed2422f4aa83475be345
245	10001	99f046fc-c2c4-52bd-bc0e-dca21d010fcd	23790bd6-d9c3-5819-953c-1c3c74a3a867	eligible	source_verified	true	3	4	215	1	source_viewer_candidate	a4a993cc53d58d20c3f58bc334a65558933f4e4fbcb7dffd05c5900f9e9fa6a5	1	191d8ea0d9de79685d2cf21c522f94783f02492335ec0fcf1be2cf99c4415165
246	10071	b627e8c2-6d23-50bb-a79d-14108277f802	7dc301c2-c3c0-54da-a0b9-3694f544114e	eligible	source_verified	true	3	4	215	1	source_viewer_candidate	436a336f9d82eff6e82d10cb6535c14ef535149378be9e921ff731e3a3246e0e	2	01295a58486a18e0979b9ba337a917840fe9a8f5098bc71d58c03e339b666717
247	6864	6ad4746b-41e2-52c5-a41e-024559cb95d7	a7d25d0f-38c2-53c1-81fc-bb73afbd7c48	eligible	source_verified	true	3	4	217	1	source_viewer_candidate	884d0bba04f878989279721c4cbc99d2a6cfa510ff2e5466f6f75b4cc6ef287f	5	231165b1799b30517a5c9a534ed8cdc4a9f47de8b017fccd4a860e97a53fa753
248	6081	4e484fff-084f-5cbf-8375-6fa18959900a	f5cf6f09-ef7c-532f-abcd-07ffe1347640	eligible	source_verified	true	3	4	215	1	source_viewer_candidate	86665ecc5119deb7ae812739e8af3a20ff4dd498311e00a487a84b95c393e8c4	6	0f60198c309b950554a75c2d04cb9b1a87d1725b9714618e4885520729980c8b
249	13928	10fd6c69-79e5-5423-84c2-7fa7c0059059	b01ead8a-bf39-558a-8d0c-a338312b47e5	eligible	source_verified	true	4	4	219	2	source_viewer_candidate	3a184875d2c874dd4aee0b7438fee6f2555dab63754d5cdf12b52e527f35de9f	0	e90204a484f8109c88dcd856832fe1f2df777f03c6c2eab29590d80d1c47bd17
250	14907	f1b94170-0e70-5c2b-b1c1-50d89082347d	bae2fe60-14d6-5838-b44f-9646e12186ed	eligible	source_verified	true	3	4	223	2	source_viewer_candidate	5489a6970e7df484aa394c3b34d0f69fc5f4c7c88e570bc1eb2df907346da70d	1	07aa56e16ec5c6a429abffd6e73716ad4dfbf6673be9581904e73d05ab93d68a
251	12592	b26d0911-9a7d-5d1a-bcda-76f1097155bd	842cb0a2-3690-53bd-8066-1af30914df83	eligible	source_verified	true	3	4	221	2	source_viewer_candidate	436a336f9d82eff6e82d10cb6535c14ef535149378be9e921ff731e3a3246e0e	2	0380d2cc8fb96e6cb5ffbc8b16c98ca3cecb0f8eda0c3182455093bd726efe59
252	6432	59481176-741d-5366-b8da-bfe81b9ba7cf	0fe7390d-8825-58d7-ad1e-6b201b831ad8	eligible	source_verified	true	3	4	221	2	source_viewer_candidate	884d0bba04f878989279721c4cbc99d2a6cfa510ff2e5466f6f75b4cc6ef287f	5	0151dccb56fc8d041aa9133390e1bab759cd5645a5e5591c803480f4c10b3e78
253	942	c9b36bd5-ecd5-55df-8bc3-47d5abe8491f	aea78d73-a88f-5ca8-840c-3086a2132ccb	eligible	source_verified	true	3	4	223	2	thumbnail_candidate	e712d1697775f728053fd9234295603b3c0993ad13a391b40ce55e87db1f141d	2	d914d68c32081bf8ceeb8101f2cc202208b4fa3f20529fcfc70196c7d3b0fc7f
254	1324	11f71d7b-ed0f-5708-8719-7134313264d6	5a3ad5a9-8ed6-59c0-a9f5-13e9dcd07cf4	eligible	source_verified	true	3	4	226	3	open_candidate	3a184875d2c874dd4aee0b7438fee6f2555dab63754d5cdf12b52e527f35de9f	0	18dca6559be7f4dd0d89abedd80a1d9a099302d14ab364d254cdf1699c0c5667
255	3084	d1efc251-ef20-5da8-a4cb-ba5fe9129b2f	2eb386a1-0f9a-577a-af8d-30706b5fdf56	eligible	source_verified	true	3	4	226	3	source_viewer_candidate	3a184875d2c874dd4aee0b7438fee6f2555dab63754d5cdf12b52e527f35de9f	0	05e08814b8a9538427d1eadef7b0d0c4277051f886edc82af09938482228b8ec
256	15200	d87ce058-fd74-59a2-a37e-d17b482c0670	1ccb06a7-4fb3-5db4-bf5c-3efc87258c0f	eligible	source_verified	true	3	4	226	3	source_viewer_candidate	5489a6970e7df484aa394c3b34d0f69fc5f4c7c88e570bc1eb2df907346da70d	1	321df07a018ddcab0221aceb99f12c75487d5bae0b905585cf0a01a08b048094
257	4647	f22f101e-0c69-5cfe-b1d9-55767f6be87d	79b17cb9-6c49-5bcb-8d35-8a86aed28c37	eligible	source_verified	true	3	4	227	3	source_viewer_candidate	436a336f9d82eff6e82d10cb6535c14ef535149378be9e921ff731e3a3246e0e	2	02f0bb56d5a36552fa272e47286407b48eb6529a62440eb96ed25f3e972310be
258	12518	e73faf04-06fe-58f6-ad20-5093b3322bf1	e30cb14e-a6fd-504e-bac9-054ae37c59bc	eligible	source_verified	true	3	4	226	3	source_viewer_candidate	769462c4f46dd6ed56e8680c5358c9ed627ef1589500c8b818a57c71e1e3e68c	4	01f0db37b642160315bfc3f30cc95057a83ee5869f5b885ab43dee226a86e450
259	7773	7d8bda46-348d-5f0f-94f8-a173bfb93cb5	c24d9d83-1131-58f8-8a2b-4e6f022d4df2	eligible	source_verified	true	3	4	225	3	source_viewer_candidate	884d0bba04f878989279721c4cbc99d2a6cfa510ff2e5466f6f75b4cc6ef287f	5	00d83ef29e0d1d8ff96acb02630a781c4fb4e7cc898cdf3707f67e63beaf7808
260	5526	47ec0a51-fb22-5e46-8a74-151c4a9baa92	70332e2a-2347-5fdd-adca-cf5c08bb0fa1	eligible	source_verified	true	3	4	226	3	source_viewer_candidate	a8e60ead06dd30adb0e988b8d5809afe5c86d183e94227a497d00914e7030e8a	6	02a199d5e0e7c515774c160bf28d3dffb6ac83f6a25549b1a90e8e590a5ad9cc
261	8162	d2bc119f-6a5b-5923-83ba-9a348b61d77f	33dad41a-bd67-5477-adda-77f9e0e51c17	eligible	source_verified	true	3	4	228	3	source_viewer_candidate	a1a791cb7cd269685c534e2cf479e1865a585772b0b5126ee4abf4dc87dfd72b	7	09986060405cd0535d67b1e74342eacb4711c4d5a9d4967b1ba157ab1f4023d7
262	3533	3a85cc44-cec4-517f-b0dd-cfd5c28e3550	9a84c6de-3c8c-542a-b07b-2debd8179639	eligible	source_verified	true	3	4	241	4	open_candidate	e712d1697775f728053fd9234295603b3c0993ad13a391b40ce55e87db1f141d	2	7a06270e3fbe5655aa433f93dc67b37d6f0871a96caab722530ed06cdc6dceb8
263	4946	c7294f6c-af0e-5530-b105-ae498d0908da	3eed9b7b-8847-5bb3-98e1-9620ea60abb2	eligible	source_verified	true	4	4	232	4	source_viewer_candidate	3a184875d2c874dd4aee0b7438fee6f2555dab63754d5cdf12b52e527f35de9f	0	6257d317242349374a54fd435e4c1b6f3340cfeb43a2ef446ab9d2783ba83cc1
264	15921	df0cb219-34c8-55f4-8d80-a1dc95770e69	3392c2b9-adee-5756-b67e-7f3d249f538b	eligible	source_verified	true	3	4	233	4	source_viewer_candidate	5489a6970e7df484aa394c3b34d0f69fc5f4c7c88e570bc1eb2df907346da70d	1	06ed8f0a6f610357b6b2423c2e6af3e2dc248634ef5f1fd08699fe2a87cc4100
265	2141	a6911ed7-064e-5c70-bc24-573b5cf623a2	17aeb63a-2e4a-5e52-918d-60730f3c5ea6	eligible	source_verified	true	3	4	229	4	source_viewer_candidate	436a336f9d82eff6e82d10cb6535c14ef535149378be9e921ff731e3a3246e0e	2	100358e2ca855d7f1ec7105698c02e6e31f0ac644f1643c488d2f2b0bc3ae467
266	8858	acd196bd-3620-5f3a-b758-88e04409b6d6	a6a83f6f-9a08-5bee-b3d7-16ff24ac13fd	eligible	source_verified	true	3	4	230	4	source_viewer_candidate	884d0bba04f878989279721c4cbc99d2a6cfa510ff2e5466f6f75b4cc6ef287f	5	00a8b3c264a0eaa43675f0212e366cbfcedaf6840ea0e2acf9d8cd07a15e7277
267	3761	0fbd5bff-31ed-5868-a768-eae52bbd2166	9de674cd-d07c-5a66-b613-61444657bca7	eligible	source_verified	true	3	4	231	4	thumbnail_candidate	e712d1697775f728053fd9234295603b3c0993ad13a391b40ce55e87db1f141d	2	1d94f533b98af071e73730f2ffd16d01557549fc0448ccff13b8e931d62b0329
268	12452	b47ea782-9070-5600-8584-0ba53d2c83f3	7c433150-d7a6-55c7-b529-9bf2c12844b2	held	metadata_supported	false	3	4	226	3	rights_review_required	2a20168e0eeaebd0d42fe337859fb66ca91d71c09624efb622281629c22ed5ae	0	4ab25825f9a72ef6ec7ebbcaa5138ea1e62033108107928b795fb12f22cc16d2
269	14424	3589dfc5-ad70-594b-a58c-d7698b1e335e	fad78bf1-6fc6-555e-acba-3e698db92e7c	held	metadata_supported	false	3	4	226	3	rights_review_required	b98170f95060e5a5826f98b38eb69fd90db198d31ff0dd1f1579ed259ae0d21b	1	b205888daeb67ff9e20525d96ff7b7cd0707aa5e70bfb2208b3c6f17176ac6a8
270	15340	654bb367-15d0-5bae-9d32-33b8265262e4	8bec06a0-32db-57d2-807a-8af3e2e25d4c	held	metadata_supported	false	3	4	226	3	rights_review_required	63ffcb6482277213040dbf949d0ee55de36f06c295fc250edbf6c607a50ba7ed	7	a231b6d0e99b5d70c32cf9460da5cf957f466f52792a106025c34e27dc463e9e
271	4513	3489e78d-1ae8-5990-87f1-3655cf065233	61340343-38ab-5e87-bf00-364d30fab740	held	metadata_supported	false	3	4	231	4	rights_review_required	3a184875d2c874dd4aee0b7438fee6f2555dab63754d5cdf12b52e527f35de9f	0	09ec1a51f07a81b878c024f98a6e651a3ebb6b7dde69e4ffadaf12fb0cad1528
272	13058	c16fd394-c3a9-52e0-849a-a238b2831a49	73d7b33c-3db3-54b0-bb3f-620cc436b4c2	held	metadata_supported	false	3	4	230	4	rights_review_required	49e12693a392e800241da9038e348fc97febe142a5b181981beff74227881508	1	5cbee51c5e89733e023158efa0b64cfb1a57304358eae2b4d0e9bb0466c7bf69
273	13404	b86c2be3-d9ed-5289-b18b-bd4d3868f6c5	b6f7a80d-e0c5-5e51-94d9-007c144b1d28	held	metadata_supported	false	3	4	230	4	rights_review_required	18723d4583831fbe281b9374fdd681fc113059dd3fb605af7025c50d84be26db	2	53fd3dffb0b9ce91072e9cbb7c1c673a8df7885789b3896d8ba0f211135a9b22
274	14771	e7bbc54e-7dca-5e8f-a90e-5f97eeb6edb6	73c2edbe-00e6-52f0-ac1d-d2c72c87f263	held	metadata_supported	false	3	4	230	4	rights_review_required	0bdc1db99e420cd0508357a39f95b3fbca78c8e830c1d79f3d2f30d1f07549a6	4	e0eb7992d551f58eda05bf5aa8318a942f7f42e8efffdc5f4be9e4313c75eeb6
275	15341	8e82fe57-5595-53e8-a5b6-e8c76e38e787	45ad4298-557e-50fd-8d7f-253c37659d6a	held	metadata_supported	false	3	4	230	4	rights_review_required	0765e525d3642c957bcafc65c3b6f0e3c163f2110946a8f1b13b759f8161b496	5	9ecb42f9f77eb9528307fbf62694c7391438d4888e5beaf124d5fb5fe344820c
276	12571	bc91259a-9c8e-5b37-9fda-efa5e614fefc	9ec16f32-a476-5444-bb52-cfb312ee6db3	held	metadata_supported	false	3	4	230	4	rights_review_required	3e8643e0257d447a4f35ec2b2ea1632ed9bf2737108c5820785ec4a95a818523	6	b1d67b2d0d7f9af1c958e14a90a96ebaddb0f26bc8d4d1d2d6a3bce7f42be99d
277	13272	9f16973d-58b2-5d6f-b9ff-c932f80184fb	558f4805-5cb4-54ca-b4f7-a25e7c5dbe02	held	metadata_supported	false	3	4	230	4	rights_review_required	a3c7b69fe1ae8b530d68af245917d9d3237f725068f240de969863786bbc9355	7	7777fed7e2920f515c6c85ad7e68e58b95e09fa135a70f3bbe901ece736b0e87
278	5211	ef982c03-4c07-5554-90c4-32d3194d9529	50d7bff1-bc16-5eed-a6f5-2c2dc0997787	held	metadata_supported	true	3	4	226	3	open_candidate	3280c3edab3ed2fc72aa2092c98de2c145777e08d0bc8c544b619332e48c7877	0	09e1d3caf5a7c1405741e6e5650a1429ec1fabae61e6c41906571e1d2898ea1c
279	4940	13a88fe0-04ec-579e-86f3-6f79d4b5b65c	23aa3baa-bf1c-5a03-b109-82701a2f7b79	held	metadata_supported	true	3	4	226	3	open_candidate	b5d6db725c1b8d72087639beb24c1beb8979f14b9c63ff71b406488e2566eaa7	6	122ce1dd2c6cc1db65bb59a06519af956b6e16d66b12de9df2afbef76fae18ad
280	9601	b2a3e099-dbc8-5d6b-9d53-4e16d198df68	14df452c-bf86-5dc8-bef8-b409226d9072	held	metadata_supported	true	3	4	226	3	open_candidate	46bfc88338119efd35cf6dfb57bd7083a9a05ab824d3bd8a874ae8cf3f3f7fcd	7	77c517c6e1fb202a14277ad3736466ec9521c9516bbb5c06d6aebbf69a50137b
281	11562	5a3bf277-6f88-53f9-b9da-6bbaafba0657	1bb7a536-04ac-56d1-8af1-9d2d4fec9e90	held	metadata_supported	true	3	4	226	3	source_viewer_candidate	f5281f1e38e33476d97862fba7b62ec146da28257fc88e62e86de6379f65cebf	0	051788a9814b300c98429f029e14d196f0bb3cb80b0ef517b659a0ed13502591
282	13676	e5fb0ace-47b6-5bd8-80a5-341f5b6e9bf7	68d424d5-f612-5ed5-bd7a-bd2db09a028f	held	metadata_supported	true	3	4	225	3	source_viewer_candidate	afb9f5afa500f5cb97a845d53ed8adf94fda2e02a1a4aa6c9aad16cbc56c5f77	1	02b44d2ffad71039ebd5452b0ecdb88c02577b2842d57fc6184612328f35aaa3
283	15917	7553bfce-62d3-5b86-8466-69428074fac1	393e1cb7-5630-5db4-b945-45279099e45f	held	metadata_supported	true	3	4	226	3	source_viewer_candidate	50f235137b73d5d134e08db3bf36e74acb398c525e14a1d00450b775f45c51ed	2	31f92448b0db21a9fb438065fdc165c74f1a1e1dfe66f166c6eef97d8e5194a8
284	4576	ceba5b99-5186-56d9-915e-6bf0bf623692	b1d94b45-d869-5b4c-9d04-b89efb3e9cdb	held	metadata_supported	true	3	4	226	3	source_viewer_candidate	75844126fb72420dee1e63653bd541e97499b8c467a7382ae9a76f7f95a68e75	4	ab17fbdc2c2b879e2806494faf113ad4d2fd12d5bd615f02667d3183dc0f96e5
285	15529	03cd8d08-cd20-52ac-890d-dcf1b1bd0c20	10b2063b-e8d1-5191-8226-f15f564ed90e	held	metadata_supported	true	3	4	226	3	source_viewer_candidate	a0b5fff55510cba6f95fa8025630944db5a41bf85582618f624149a45fedacf9	5	385e82912fd0c1a853222fb8ee9f30ef02a4f22a9edf6bc0e37b22370f1bc907
286	15035	a08b4edc-12d9-5e1e-a594-98703bd98804	9a5fe5b8-c9da-5577-855b-58c3c6192126	held	metadata_supported	true	3	4	226	3	source_viewer_candidate	19dee214942adad17a440254a87b8f3cbc1ac465b3c61ae4571b4a110bb0c63c	6	2287f5b9d4edc618800e5fec747ebba362c8fcabafc45a28e56baf48f7a78ba8
287	14175	533de3e6-f72e-5b51-ac69-5bf7a2eae5a7	e4c8676a-6813-5a2e-befc-2a09aee01872	held	metadata_supported	true	3	4	247	4	open_candidate	f498d85db75decf8f507e0eb30c4ee330058dc83b98f9f041da0799cf88ac344	0	01db8daf5522976e0aed4941ea6df862eedd628b84ec44719f5cd603322cb1da
288	15312	61eb7339-4c05-59ac-a488-f6afd6f8ad00	865483aa-bc08-510f-8fb9-0b95651296fe	held	metadata_supported	true	3	4	249	4	open_candidate	6279c369c2dfac6105032f140be5b97a5c7aaaa04e0af2dd92ded2cbc0592aea	1	2b7fb58c717a485f86c50f5280097ee81c81fb590459a69f8b83690727fd6202
289	15393	55579787-42ee-51d6-b5cf-3f7b8debdc00	2e30c49b-2300-5944-96a3-051186e7b655	held	metadata_supported	true	3	4	249	4	open_candidate	24e26f1321505902bba04d6db61e1f1cee8d5fc9f23875b3a7da177d6255c54f	2	146ed9fea29e51b5fb71d93c4b3304d23bb9836d2d05ecc26e32c066c0c0d392
290	3325	604bca9c-3fa6-50b9-be12-50c854172870	51b2f622-4f6e-5a2a-a95b-dd47eea07c1c	held	metadata_supported	true	3	4	249	4	open_candidate	ce13526429def2a8da1f86b30897b84df96759926fdf083ce4ec5fd430dff2c5	3	01110c8c4352e40840aa91a23206cdc18211aa414f42eba9246406fcf7c00da9
291	13880	d5c81214-256d-5840-8dd5-ee0af9337209	0144bb30-4fd6-59bc-8372-6bd9971e8f7f	held	metadata_supported	true	3	4	249	4	open_candidate	4c94a0e3d66996169b12ff2aa671da357ecc9f331867c5ff04e2acd91f2c082b	4	01e27fda036dee28ae29c46e770b45b6902bcbf1994e90dacd7a1bf0e892b5ea
292	13726	5f59a37b-abb5-51a1-840f-adf34c7c7eb2	94cf22fe-bc28-560b-89cd-6cae71cfd83a	held	metadata_supported	true	3	4	247	4	open_candidate	28b5aa7b3434bf4b05d460b753fda57948a937094213d70201a5a1f904228877	5	093e94d22c81d0f52406644c3c170d309aa11d465fbf3b87d5c91369c4fe03d1
293	5117	089eb3f9-8040-501c-9771-87e9495f6625	2c475252-8416-5567-97d6-763d2f052f5d	held	metadata_supported	true	3	4	230	4	open_candidate	b5d6db725c1b8d72087639beb24c1beb8979f14b9c63ff71b406488e2566eaa7	6	0ada936feb2c646791f2a57cd9e46fac3698c4b8dca92b9819725607a2f120df
294	15689	593220e9-30eb-59aa-a231-a835760bf40b	8f9ccf39-d737-5949-871e-481df12a2808	held	metadata_supported	true	3	4	247	4	open_candidate	e67758697408c16f4017f6334674139c7e4a494edb5ac8f9f54a1c69fa2aec05	7	00dcc72ad17147e320fd2ee96325da5c6ed8f19eedcf5557de495d457f1e8812
295	9668	9c431826-e0ea-5c3e-8878-0b80e588925b	af2269ac-8849-5456-b8ed-5ec6474093e5	held	metadata_supported	true	3	4	242	4	source_viewer_candidate	3280c3edab3ed2fc72aa2092c98de2c145777e08d0bc8c544b619332e48c7877	0	08ad5e2dd10421a373b0d9397b046626999eed27f68504e5aa2e78cf42f6ed8b
296	3379	526a7af8-22a0-5cf4-9898-3bca926ad710	e4de25d6-a6dc-52f5-b17b-25d32d682a22	held	metadata_supported	true	3	4	242	4	source_viewer_candidate	b1f1b3f5a7ab62246f5507b11f9703efae2b7bd57d6d9a5e2e332f275db798b3	1	1fd044ee45f6c4169a03a6622b180939a4e828df57dc91c15de15e15a4f7dfe9
297	15834	fd5cb229-c983-5cd6-b7c3-09b202aba287	56bffc1b-bab0-5561-9f7a-c47d5592e4b1	held	metadata_supported	true	4	4	234	4	source_viewer_candidate	497adecf79849ad2e546759b47539c9c2fd2e339242dadbbc6e5618044646b39	2	1976d26fcdeeae18e5ff287511ba7c15d0f1d0ea1b7cc14504af92802361bf94
298	14773	340b377e-8a84-5318-bb0f-4e962cebaf88	9f865d3c-09a2-54b5-965e-023829fce253	held	metadata_supported	true	3	4	230	4	source_viewer_candidate	75844126fb72420dee1e63653bd541e97499b8c467a7382ae9a76f7f95a68e75	4	d33ca0a11550b0f3ab5f2bd48b191d6d1f65c5699b15a4d35befcb86ca73055f
299	7695	e1d16c8e-b0c7-53af-bd8b-ee4d4239093a	b5f906e0-cd2e-5bd3-86ae-5b3b69f4598d	held	metadata_supported	true	3	4	230	4	source_viewer_candidate	10f50e98203c4bae4009987d0a9c7bda038c9ace8ba0d985702ecf450c9f21ae	5	02f9902208813e4cc601479e3aaadeb2389b8865a9b6c9a401a1719f011605d9
300	13786	c7067b61-5b31-5b1a-8729-70d52e86aa22	1c29b8a3-93bd-5a8e-9f96-247bb7750c85	held	metadata_supported	true	3	4	230	4	source_viewer_candidate	b5d6db725c1b8d72087639beb24c1beb8979f14b9c63ff71b406488e2566eaa7	6	2cf911ce190ad9ec7fea55b261a73f2d956fe425a414a761895ed46f31e631a3
301	11857	f020d1c7-80ae-57e1-a45e-803308a5c59d	3e79eafd-fc0f-52f0-be61-c5adbc731950	held	metadata_supported	true	3	4	232	4	source_viewer_candidate	84cf5cc09554c708787c465df238da4163a0805594a9be425cfa1ad3a24e2781	7	08dfdc268b2f2a598116df8724b7bfd4750e498b20d93bde43f4ff3c34ce71bc
302	3754	2de058a5-b2c4-55af-aa99-8b69b191dc45	f105394b-a83b-5317-94e8-47556252ddfa	held	metadata_supported	true	3	4	238	4	thumbnail_candidate	e712d1697775f728053fd9234295603b3c0993ad13a391b40ce55e87db1f141d	2	d8ca5c505a739a204ac18dcefbd9cc1d76404cea47263e921053f8a2d035d96c
303	967	94ae3d16-3876-58a7-90f4-1e2567fd41f9	f2f42748-7c9c-5796-b018-01be06219d9b	held	missing	true	3	4	216	1	open_candidate	f498d85db75decf8f507e0eb30c4ee330058dc83b98f9f041da0799cf88ac344	0	034af59f68d136a3fc40b5f0ee39cf7d456bac3ea3433cece1d33af767199a02
304	1553	66b39a10-5571-524b-9f4f-5b042ec07c64	81e643b6-45df-5aa4-ae35-57349b924217	held	missing	true	3	4	215	1	open_candidate	3ad1dd9bea5bfcf3da649374ce8f188cd13d3ed29fbe9bf42161710bb58461f0	1	0f25021eb88e2d56928e1060da4742a3ca95871ce08c23bd97b7672cfc1d0535
305	2921	f5dd8651-e329-5bdf-a8f8-a91341714ccf	366eeb46-6c53-555b-bc7b-f39112497272	held	missing	true	3	4	217	1	open_candidate	f5caaf23a82e49d47f652398f39235668bc1e0b2bc80e60f3853b82feca9f8c7	2	31e2dfac7a7aa9612d56bd99afb519d316671a63dfe133e5cbee79b4c8bbbebc
306	5501	c807d308-7889-5a88-8bf5-e76d180856e3	a1fa3541-b15e-5895-9196-d559a57a0f74	held	missing	true	3	4	216	1	open_candidate	ce13526429def2a8da1f86b30897b84df96759926fdf083ce4ec5fd430dff2c5	3	026c46027dd3011d8b0be644576574136ae05530066e61a5fb92ad5ad3a2b844
307	14403	4e436c09-bee8-5539-ae4f-ba3060c5809a	884dc5f4-5dbe-57c2-8106-44473c1fdb0d	held	missing	true	3	4	217	1	open_candidate	4c94a0e3d66996169b12ff2aa671da357ecc9f331867c5ff04e2acd91f2c082b	4	238bf1039217823f06e3f8876340d57807427bdcd51c34ded28d1d121838342b
308	2583	eb2d0b01-ef0f-5d62-b560-65f5daae10a9	2a55e7f7-da82-5e1c-bc54-bfd69a97382c	held	missing	true	3	4	217	1	open_candidate	b9d585543cd8daee9e522ad9b5789279f40382da68d65f6c82546db212b193e6	5	026bc5f4c001a9f5ec08164922647524d312888dfd5f991eabd10bd3b0c28438
309	2072	3de48328-dc82-55b5-a195-aba97d64c246	0bd5ce90-7474-59c3-99d5-9e6b1d45ab13	held	missing	true	3	4	217	1	open_candidate	f40e920f73ce5cf88840b1c14c1b4bd6f173daaf120d39c9e36d4d2c0965547b	6	1a2c9899482bfc143a00143f0523b31e917d049ce4063cf1bdf44f74abd21bce
310	14973	6c8bea1b-bc84-5dba-a85d-6abf7e44ccad	ca67006d-0ba0-5c9d-b461-d41411bbe018	held	missing	true	3	4	215	1	open_candidate	e67758697408c16f4017f6334674139c7e4a494edb5ac8f9f54a1c69fa2aec05	7	01d5fc36c1274556002c0d4e4597c9e59cf7c4f16396450a4ce64e22462a7891
311	10810	d1278eca-33e1-5646-91b6-e1644b5abfa9	35ada53d-0b04-5f6d-ae5c-a83df121c1ab	held	missing	true	3	4	219	2	open_candidate	f498d85db75decf8f507e0eb30c4ee330058dc83b98f9f041da0799cf88ac344	0	0200d2bd39b72721cd92ed4e1a256a9ac2d0b704b1487d16310b766f0431e60d
312	13366	52c034e3-7967-5c25-971a-f3707fbcf873	eb0c0898-c2e1-5364-b9d0-81d4f657bb2d	held	missing	true	3	4	221	2	open_candidate	88b10ffdcd212b802f52339f4f7669d32437aa3883999600c7193f36a8ced50a	1	07fa56ddfb412ac9c2e650ec5d80b6c6cadedbeae1a914413e1a403fd2b60ba7
313	3624	d541f3bc-5d7c-559b-a293-07cf3f1d0602	ff666e4d-7283-501f-afe9-a9b5921056eb	held	missing	true	3	4	220	2	open_candidate	e19a7b810afb8014c0a40b163c8fecf60bd01bb7f11a511838c84d88c9a2ea93	2	3615b2a7213b2f4be32d086077f9a92346c373fc50198b90a8ffac51e80e8c2c
314	4260	e108cce5-ff1d-5ac1-8855-d39ccfecab9e	d1d52d88-63e7-5b7c-b555-4b5e0087f032	held	missing	true	3	4	218	2	open_candidate	ce13526429def2a8da1f86b30897b84df96759926fdf083ce4ec5fd430dff2c5	3	0096ee510ec70acec8345fb124cbfc662e030d1ad0ce88ed9c16f6a1690edbe0
315	13339	da46a3fc-797e-5720-87e2-ac7d1cceb48e	1f7708d1-1379-536d-965a-8f34bcc1ed45	held	missing	true	3	4	220	2	open_candidate	08dc0a877257ddbee9808c74eb5d3fb3c013352ae4253de19ef94743270a2052	4	0be4abe4fba50b81a92cf0c343f80453a3aa0b51fe50e07f3d485299cb292af3
316	11826	d663dc50-985a-525c-bd0d-5a8d3d2263ce	54c124ac-0030-55d8-9785-574271171404	held	missing	true	3	4	218	2	open_candidate	412574b38f00ced0627422089fcc1bcaad110675eda655c5ef07ba177b37589b	5	013963ec780f42422c9f8c84385fc021a82ff6d0bbdf6680c8da5ebf2a3236fa
317	5487	1d7e84f2-6782-5a96-b118-18ac326be8bc	96926776-a91f-558e-b256-003c8c1af6b7	held	missing	true	3	4	221	2	open_candidate	175e37d6dee7c38c1874dcce8b2c85b2ac0a8e0ca5dcc02bba2bd271d5e30f9e	6	31097f3c371f273f250af37d6c07248f198a587c72ea02676f875111a1f97863
318	11843	8aab905f-8173-5778-96b5-deaa38c9e381	b8fffc2c-94ba-52ca-89bd-fab3d87737f1	held	missing	true	3	4	219	2	open_candidate	e67758697408c16f4017f6334674139c7e4a494edb5ac8f9f54a1c69fa2aec05	7	024423d104c0449ddc39874e0b1bd765e24d3c1e0a8ef52ba6c59b1614ffae7a
319	880	0c8d4022-0057-5ede-b8d1-d49c2f60a9ec	9ab5a772-442e-5638-a4d8-014d47b63678	held	missing	true	3	4	225	3	open_candidate	f498d85db75decf8f507e0eb30c4ee330058dc83b98f9f041da0799cf88ac344	0	11eec51b9557516868d28e1dad9815eb521e6890c07097f849f3187c3a1c86a7
320	12682	39c36463-b236-5fd1-9e9d-9de519972c48	25e6df78-525a-55fa-b6ac-51454d5cbb75	held	missing	true	3	4	226	3	open_candidate	85ea22e4eb195d607d3a5daa1d09d6621d3cb343e74a0e59cdf5c906ca629cde	2	e6c55dd33cfe5df9dc0c12cf836c7afecb457b104f19b75c4c837e5085bca30e
321	6010	5c6b9c9e-1a33-594f-9aca-75517bdeeb0d	e2c3967a-b02c-578b-90f2-eeb4410ba6ea	held	missing	true	3	4	228	3	open_candidate	ce13526429def2a8da1f86b30897b84df96759926fdf083ce4ec5fd430dff2c5	3	0112b3af7eb540288f5a325fd9af2e8864fdb1a00d3df8d1b2a8928a3e02c0cc
322	8710	a1283f95-5d04-57b0-84f8-03f733b6e772	da3dc428-9e44-5d92-a679-03569f90d732	held	missing	true	3	4	224	3	open_candidate	28b5aa7b3434bf4b05d460b753fda57948a937094213d70201a5a1f904228877	5	34666f8e6ba579119abc007b0237c450284ac14d4f89d835e3d2a513b87e04fa
323	15630	a2885162-1ebb-53c2-94b5-34e39ff5d61a	bc52fe0b-118e-571f-9d0f-2732e6d3729f	held	missing	true	3	4	224	3	open_candidate	e67758697408c16f4017f6334674139c7e4a494edb5ac8f9f54a1c69fa2aec05	7	2c86ebaf257f16c06f88cf456931a69dd26bc1ce094d73d87a3e3e6ba351b808
324	5251	d01b32df-3e68-58c5-a27b-91996b7aba5f	6763e767-3e82-5f85-99ee-b1268ff873d1	held	missing	true	3	4	236	4	open_candidate	f498d85db75decf8f507e0eb30c4ee330058dc83b98f9f041da0799cf88ac344	0	eb19a0f26a20b55642ecb6751ef9bd4ed3cab94b5f3f86011481fc9308869bbd
325	13511	fe93b20a-7f8e-573d-b4a9-11fbd6ae3dd1	2c7ca6b9-5b56-563a-972a-c78c25849a0d	held	missing	true	3	4	229	4	open_candidate	88b10ffdcd212b802f52339f4f7669d32437aa3883999600c7193f36a8ced50a	1	91713a8f309e2dc03bfa48738003e683135fc18022c2b9b21e0905809d805210
326	5558	46c97506-0664-5624-949e-eb2aedc48828	92205b8b-058f-5e3d-b0b5-3f5eee7c392c	held	missing	true	3	4	229	4	open_candidate	ce13526429def2a8da1f86b30897b84df96759926fdf083ce4ec5fd430dff2c5	3	0c0dbb36ab07e53bb211f33a0d02d8f8306df5f3ad2768445eab834188f83a07
327	1895	8d4b658c-8ff6-5e42-8988-f0b5e7a9f719	c4e37f74-325d-5502-9e24-4813d0cd8880	held	missing	true	3	4	230	4	open_candidate	e67758697408c16f4017f6334674139c7e4a494edb5ac8f9f54a1c69fa2aec05	7	2dc25a13860259a165d18075ea415d600e8dfed70cc36174a33dd65eb66daab5
328	3563	53ab9dad-9391-5004-a1a1-f412d1bc2126	79999c6d-b4bc-5a89-aedb-02da6c153879	eligible	source_verified	false	3	4	209	0	rights_review_required	afb9f5afa500f5cb97a845d53ed8adf94fda2e02a1a4aa6c9aad16cbc56c5f77	1	1003c811f4e7dc2a77f53bb5f9fd91a54df5374006fd3fb63fcc9dc03e50c3f2
329	7211	559898db-48d2-5852-93d2-56255bc3a6ac	8b04f0dc-9847-59b1-9925-d925c6c085d4	eligible	source_verified	false	3	4	213	0	rights_review_required	436a336f9d82eff6e82d10cb6535c14ef535149378be9e921ff731e3a3246e0e	2	7a9dec06c987a273c7c827ad3d6cd2f3c0534fe0323e8cb5fd02c73b5db29791
330	7038	aff7aec8-a40b-5e51-adcb-ae85af7d512f	6f809c58-83f2-5bcc-bea9-5774a68656c5	eligible	source_verified	false	3	4	218	2	rights_review_required	436a336f9d82eff6e82d10cb6535c14ef535149378be9e921ff731e3a3246e0e	2	77680a29d6b6c1485918d370638a8ca42521706b79df364ff020a1ae53aa8ba8
331	1214	31ad4c0e-a6c3-53ce-9bfc-f7f7c7353f29	0af3c74f-92fc-5569-9657-cfdc20923656	eligible	source_verified	true	3	4	214	0	open_candidate	86665ecc5119deb7ae812739e8af3a20ff4dd498311e00a487a84b95c393e8c4	6	156d445c1f4cb30253dcc6eb83fbc4b5e762820f57c5e9f4e3a0d8045b624ef0
332	13153	2d255c6f-eb98-53d2-bb58-dac04a0ca03e	6620fd66-421e-5ad7-89c5-606d77602b72	eligible	source_verified	true	3	4	213	0	source_viewer_candidate	3a184875d2c874dd4aee0b7438fee6f2555dab63754d5cdf12b52e527f35de9f	0	044c04f59bdc4a1117616f2839049bc3c1f029edd0a456a60e1d5e5d47ab3fec
333	8148	d35d4a9a-c645-552e-a905-d1c09550abda	006ba360-9239-573e-8c1e-c26c0b39b8bb	eligible	source_verified	true	3	4	208	0	source_viewer_candidate	a4a993cc53d58d20c3f58bc334a65558933f4e4fbcb7dffd05c5900f9e9fa6a5	1	0db59da90c79a96269d063a4cd9c3f84b4a40a0aaf38954f6badaaa302da1814
334	5065	41bf0e17-a6eb-5c20-8408-67072c8f406c	9115b12d-dddc-5dc1-b295-749fe615a7a1	eligible	source_verified	true	3	4	209	0	source_viewer_candidate	436a336f9d82eff6e82d10cb6535c14ef535149378be9e921ff731e3a3246e0e	2	008d5c514773e31d1ae1234a94dfcf6c46f8963b5f8ad4b4bfca9399b82c8c80
335	11557	71a4c5f1-bf43-533e-bdee-54d061d60ba4	f92e095b-49b7-5117-abc4-07369866413f	eligible	source_verified	true	3	4	209	0	source_viewer_candidate	19dee214942adad17a440254a87b8f3cbc1ac465b3c61ae4571b4a110bb0c63c	6	09ff02e7af3470b90d0f848f5d0104926f38294448cb54eb1da42210cc7fa942
336	1216	eb2a0ce3-51f9-5aca-b5c4-ea1557b894a6	35117d7b-124e-54f9-99b4-3acd4bfb79c4	eligible	source_verified	true	3	4	215	1	open_candidate	86665ecc5119deb7ae812739e8af3a20ff4dd498311e00a487a84b95c393e8c4	6	141d836bfc1abc142256cd1a4b28f72c79d27eff0c67b94fb983e5adb966ca3b
337	2636	ca82553f-394e-503d-a041-147f886dabdb	54878c2c-d6d3-5419-927d-6d6494a2824c	eligible	source_verified	true	3	4	215	1	source_viewer_candidate	a4a993cc53d58d20c3f58bc334a65558933f4e4fbcb7dffd05c5900f9e9fa6a5	1	1a8291f6b57af677089cafbbc7461fbc7a3bc5eadd3982c5f1baf6178f33a9da
338	12044	a35de79e-e9bb-5f39-a88a-c19ec86d9dcb	ad4b1217-ead0-58a2-821d-30934c7afd41	eligible	source_verified	true	3	4	217	1	source_viewer_candidate	436a336f9d82eff6e82d10cb6535c14ef535149378be9e921ff731e3a3246e0e	2	017f4a64f01b0f6c92e598e93b43ed90a06e3da58e389eb60e8fd3c370f02441
339	8753	8a91471e-139a-5505-a903-f1b0d6cd8acf	43865a76-ac98-5427-8118-dbd093e5adad	eligible	source_verified	true	3	4	217	1	source_viewer_candidate	884d0bba04f878989279721c4cbc99d2a6cfa510ff2e5466f6f75b4cc6ef287f	5	3648bce4704a7b8624a32158b4388d1ec0f6f6cf8048ca39316cbd04d9cc4299
340	4777	86f7b8d8-0685-5b5b-be3c-b30222c6926d	c20a70fd-4a7e-5229-9df3-9c4d56d6bf32	eligible	source_verified	true	3	4	215	1	source_viewer_candidate	86665ecc5119deb7ae812739e8af3a20ff4dd498311e00a487a84b95c393e8c4	6	105d1d807c1ff51560ff08e381704d728b1a9fdbb61b8a53443676bf496fafa6
341	15922	0df94ecd-ce60-5a23-992b-890ef953af9d	267956cb-c0f1-5d8e-8482-1833e4787f22	eligible	source_verified	true	3	4	223	2	source_viewer_candidate	5489a6970e7df484aa394c3b34d0f69fc5f4c7c88e570bc1eb2df907346da70d	1	07eb4fd992688652eccc878936618c94bab0d2c6364d592a2c41f42a6d4236a8
342	13555	cf56d760-0cd7-53d4-a4c9-ba67e7ca22bf	3982a9e9-9c4d-5c51-9dd8-5f389588e5ba	eligible	source_verified	true	3	4	218	2	source_viewer_candidate	436a336f9d82eff6e82d10cb6535c14ef535149378be9e921ff731e3a3246e0e	2	046b444b773a2e9067b02c4ecb821db1474b735278c966ec6ca13f80c404b822
343	6499	fd3f5727-7c51-5e13-9728-2a3050de0243	7b68c9ab-6869-56ac-a03d-ee8b3037c80d	eligible	source_verified	true	3	4	223	2	source_viewer_candidate	884d0bba04f878989279721c4cbc99d2a6cfa510ff2e5466f6f75b4cc6ef287f	5	01698511590cac3d4087927bd8762b147928e52b837a68dc2d44368ef19dee02
344	1322	29fb9ec3-a8b9-528c-9013-c7555df8ec72	e9dcdd58-a514-5bf4-b9aa-692cc0a25b87	eligible	source_verified	true	3	4	226	3	open_candidate	3a184875d2c874dd4aee0b7438fee6f2555dab63754d5cdf12b52e527f35de9f	0	278e769129ce1babc07dd09f2ba5ef1dc503b028e47449c965eba0e1fd5f6513
345	2930	dc9b5b62-94aa-555e-9618-e02e6aee3160	75a7ab80-67bf-55d0-ade2-1fec42f31df8	eligible	source_verified	true	3	4	226	3	source_viewer_candidate	3a184875d2c874dd4aee0b7438fee6f2555dab63754d5cdf12b52e527f35de9f	0	062c95b2125ca60d0bb354b8d060b1e936dd35b75722b811c8cd54d2c833c83f
346	10	f7b2d75a-f140-5f28-82a2-395aed8a7526	78d37587-9d8c-58e2-b4fa-fa3c1aa7fcce	eligible	source_verified	true	3	4	226	3	source_viewer_candidate	8159fd9dc8fee879cf050da994ca432564fa0870c4e5fa4b756325c9051f4055	1	5d794e7aa3b1e0c34a89feb773c31ab8a8d1b95bcfda635917d38a16ebf7ed6f
347	5888	860521bc-3c6a-5a60-a010-266a1964a7ae	88469f59-ccd6-5a0a-9289-8ac94534c9f7	eligible	source_verified	true	3	4	226	3	source_viewer_candidate	436a336f9d82eff6e82d10cb6535c14ef535149378be9e921ff731e3a3246e0e	2	05ccfed1136fb05de3b583974012765688093e80b56d489badf6f241214286e1
348	13944	09418e0b-92e8-5a03-a5e2-453374137f77	c9db15a0-9999-5cb1-8a5d-4b18ecf4268b	eligible	source_verified	true	3	4	226	3	source_viewer_candidate	769462c4f46dd6ed56e8680c5358c9ed627ef1589500c8b818a57c71e1e3e68c	4	01f991ac8b4a997988251dd18190a3aa31e450c9f1bf428e1a6110bda4437669
349	4143	efb7247c-5793-5687-af79-3798fb3a5b23	ebbfe4ae-f749-5587-b3c6-cb7a8e1f22e1	eligible	source_verified	true	3	4	225	3	source_viewer_candidate	884d0bba04f878989279721c4cbc99d2a6cfa510ff2e5466f6f75b4cc6ef287f	5	00de20cfa614208029644a7d5a12eab71aa6a56da08decd798d1168765530723
350	8537	7df9f583-346f-5389-a4ce-30ef0afc1ac1	721bd6d3-14e0-5dc2-911b-b552e38ad94a	eligible	source_verified	true	3	4	226	3	source_viewer_candidate	a8e60ead06dd30adb0e988b8d5809afe5c86d183e94227a497d00914e7030e8a	6	02e4204d87cf9e77f2ec34f706ff054f66d8547f62131a6d3c85ff50bfd65963
351	12399	d5389610-e319-5114-801b-78415d532c7e	fed0f781-c2d6-5ae5-8596-b0599d151700	eligible	source_verified	true	3	4	228	3	source_viewer_candidate	a1a791cb7cd269685c534e2cf479e1865a585772b0b5126ee4abf4dc87dfd72b	7	0d8ddf019206522218e96543b6d281a18b196be201bdd59e3a407435c600020a
352	791	ca119cbb-5476-5436-9e0f-7154de4dbdbf	227d15d9-97dc-53aa-8218-9a25cce6dc69	eligible	source_verified	true	3	4	235	4	open_candidate	e712d1697775f728053fd9234295603b3c0993ad13a391b40ce55e87db1f141d	2	7f6721d49dc18af55b8ed5c2e7e8347ca368cd3f9622d441cc2b09a8bd201297
353	5565	e63e5e63-b34f-5629-a7cd-24cde4abe5ee	2fbd68c0-c32d-5a64-903e-dcc148a5474e	eligible	source_verified	true	4	4	232	4	source_viewer_candidate	3a184875d2c874dd4aee0b7438fee6f2555dab63754d5cdf12b52e527f35de9f	0	68fd62aacf6262ee88d25b55b8920660f615a230ebe9f24a2c4a3c65094d7bd5
354	15676	e45d6e95-ac02-5848-9e1d-f2a79110d39c	1a2dad6c-86fd-5754-a2b2-948df2323d14	eligible	source_verified	true	3	4	233	4	source_viewer_candidate	5489a6970e7df484aa394c3b34d0f69fc5f4c7c88e570bc1eb2df907346da70d	1	09eb112843537d50c11c4e2375570b1d723ed6f8731cd2a41bcc64158c50bb30
355	10230	b059bd71-ad9e-5534-b0fa-fb39ccf1d02e	74f8e4b1-5d7a-5006-98af-b344a2a999c0	eligible	source_verified	true	3	4	229	4	source_viewer_candidate	436a336f9d82eff6e82d10cb6535c14ef535149378be9e921ff731e3a3246e0e	2	1a7e5cd1907d5dee92bcb7a7264395df9d2b36b276cc374e233716ddb6e571a7
356	8318	3612999b-2ed0-522a-b571-217b5637ad8c	bc36ba66-eb8c-52da-a6ec-8d5f694539da	eligible	source_verified	true	3	4	232	4	source_viewer_candidate	884d0bba04f878989279721c4cbc99d2a6cfa510ff2e5466f6f75b4cc6ef287f	5	01a19a8e6bad34f79b826051cb54886b9655c706c0955244ffb2995ca4346f6f
357	4062	3091ac8a-1d19-5809-8799-45e4e9fa3289	f2fc3796-4c8d-5858-8503-aae67b6127f0	eligible	source_verified	true	3	4	236	4	thumbnail_candidate	e712d1697775f728053fd9234295603b3c0993ad13a391b40ce55e87db1f141d	2	20df1e787ad2d3b66f0c8bb361211863039615939ae45528a5587ae8b66681a5
358	15861	d599f53e-d7c4-583c-a55e-0bd07cb9f1d4	eefe53d7-036e-5290-9a36-73698faaf46a	held	metadata_supported	false	3	4	226	3	rights_review_required	63ffcb6482277213040dbf949d0ee55de36f06c295fc250edbf6c607a50ba7ed	7	e93d69160356eb02237eaee3b3c9f5a1c95384ea5936dafcd15daadb5e647ca6
359	1250	df4ea279-abd2-50e8-b52a-4e7d0e5f8edb	a9453089-e782-5aa1-ad06-0f431e084cb5	held	metadata_supported	false	3	4	231	4	rights_review_required	3a184875d2c874dd4aee0b7438fee6f2555dab63754d5cdf12b52e527f35de9f	0	0b66b316ba16470ba01973cb4f9399b3b11958735c99b74838e2a7246e647fc4
360	26	d300175c-572b-53ac-b114-cbf038712096	507a065f-a139-5141-9a84-10da9f794000	held	metadata_supported	false	3	4	230	4	rights_review_required	e712d1697775f728053fd9234295603b3c0993ad13a391b40ce55e87db1f141d	2	5447b8799e6ba1580aab5e60a68a637074557493f49370e0bdc79c5124986cb6
361	13701	721d3ef9-563a-581b-90a4-ef945c6d9b7d	cd74d2ed-1d9e-5da9-bb3a-58230b275d62	held	metadata_supported	false	3	4	230	4	rights_review_required	0bdc1db99e420cd0508357a39f95b3fbca78c8e830c1d79f3d2f30d1f07549a6	4	ef3701411709b1ac880918963d33ca59496ef6942853766b4706281e2a272202
362	13059	b056f5d8-b0bf-59e8-bf87-60c0bd4ada0d	9535864a-4817-5b16-a3eb-c8efe74e55de	held	metadata_supported	false	3	4	230	4	rights_review_required	0765e525d3642c957bcafc65c3b6f0e3c163f2110946a8f1b13b759f8161b496	5	cb7ab6ef176ab900d5633a530a0f61039ecfb7048d368d136147181ae03c5ad8
363	12574	18122bc6-20de-5a35-bf23-43429a88e100	94caae96-2cbd-55c8-9458-fb659628d37c	held	metadata_supported	false	3	4	230	4	rights_review_required	3e8643e0257d447a4f35ec2b2ea1632ed9bf2737108c5820785ec4a95a818523	6	b8d75a7f9f9969c03eaa056e850221a709df6b8eae002bd7674afe9c800bb55c
364	15070	04bd8ee9-4e0a-5f0f-86de-a436565a3556	878ed3fd-629c-5e52-90a9-65e9f7e4f91d	held	metadata_supported	false	3	4	230	4	rights_review_required	a3c7b69fe1ae8b530d68af245917d9d3237f725068f240de969863786bbc9355	7	8957ef9cccc479e496c522fb500477610184e55d75c5632c0fe0bd1f2321ca62
365	1136	9ebbb945-76e6-5777-a658-9229ce6be5bc	3959c003-a63b-56b5-84f5-aed972f25c23	held	metadata_supported	true	3	4	226	3	open_candidate	3280c3edab3ed2fc72aa2092c98de2c145777e08d0bc8c544b619332e48c7877	0	0b6874b8da154ff0ed70c85f5a13b9ae5ddc8b499dc18a7ea61442543cce66a4
366	7756	d7ec17c2-9521-58d9-af9d-51fd6d18d272	a804d7fc-e5cc-5dc5-b2a9-579ddf288685	held	metadata_supported	true	3	4	226	3	open_candidate	b5d6db725c1b8d72087639beb24c1beb8979f14b9c63ff71b406488e2566eaa7	6	154c2d8178da75b16eae6a2953c5f735c380f02e25e93328213fe96713de9902
367	695	fc7a17a9-269b-5e12-96c3-f6e4ed2dd8bd	f12f850a-5263-5263-b179-d818d7f0fdca	held	metadata_supported	true	3	4	226	3	open_candidate	46bfc88338119efd35cf6dfb57bd7083a9a05ab824d3bd8a874ae8cf3f3f7fcd	7	7d86dc48e3b9383a443be0a32e86728f89b3312a80e8321644ee88374e7766ff
368	9959	9ce66ff5-c230-5086-ae54-3d40fa16e578	d0fb4d61-0540-5b4c-abbf-33efd4c75f42	held	metadata_supported	true	3	4	226	3	source_viewer_candidate	f5281f1e38e33476d97862fba7b62ec146da28257fc88e62e86de6379f65cebf	0	0caa0d63ba3d23a5b075fef54b7325d067cf75c032387bf7939d3f9ef4459dda
369	15831	1ac013fe-f2b0-5bf4-91a7-49487dc16272	e6d2258f-0d7b-5262-9780-0282d35a4a7b	held	metadata_supported	true	3	4	226	3	source_viewer_candidate	afb9f5afa500f5cb97a845d53ed8adf94fda2e02a1a4aa6c9aad16cbc56c5f77	1	09a7e2e86611710e118ab51c8a6414e79a802113af5f9d7c35b313cba2eb356a
370	15918	b419a7e3-8316-5e4c-9ba8-6cd8128256d0	e623f5a4-a1ac-5e4a-b424-f830d0bc38f6	held	metadata_supported	true	3	4	226	3	source_viewer_candidate	50f235137b73d5d134e08db3bf36e74acb398c525e14a1d00450b775f45c51ed	2	35dededaa292718ed8fc85323ed091ed7b7fb1476dd2ab30ca93395d0342b931
371	14894	40e52576-b7c1-5a09-a0ff-4ea2e26408a4	fe8c784c-1f7a-57aa-82c8-524766c0e81b	held	metadata_supported	true	3	4	226	3	source_viewer_candidate	75844126fb72420dee1e63653bd541e97499b8c467a7382ae9a76f7f95a68e75	4	d4e61f3a259f075043c47814ac9f4fbbf90df893716abee72cf76fa99d25991f
372	15635	bbfdfc0c-58d3-5483-8ac6-e6f0a48af9ac	53f49ff1-feb8-5e54-9498-90989b5335e6	held	metadata_supported	true	3	4	226	3	source_viewer_candidate	a0b5fff55510cba6f95fa8025630944db5a41bf85582618f624149a45fedacf9	5	4d614017add69b31062ffd038e0a9dca960d00011374ff81ee5bac3dc0953b71
373	9109	11b5fdea-4705-5af0-9018-cbbda5ec944b	5cb54758-ab11-55c3-b7e7-d9b67a75e5e0	held	metadata_supported	true	3	4	226	3	source_viewer_candidate	b5d6db725c1b8d72087639beb24c1beb8979f14b9c63ff71b406488e2566eaa7	6	247bc30ed2a7cc0d772c56f87bb488273eb020954db0db39eef41c46de603153
374	997	e4740e41-2c98-54de-95d6-1093d1ed8ed9	2530e979-001d-5606-817f-e82d1512c481	held	metadata_supported	true	3	4	247	4	open_candidate	f498d85db75decf8f507e0eb30c4ee330058dc83b98f9f041da0799cf88ac344	0	023e301f88ef8f6e26fafe09c643faf355a8b67825dcfcca8c045ebbe32523b6
375	3439	a24272f0-726d-5337-9bc6-99dc56c98de8	f80c7f19-2e74-5c05-9d2a-948e9769e07e	held	metadata_supported	true	3	4	242	4	open_candidate	b1f1b3f5a7ab62246f5507b11f9703efae2b7bd57d6d9a5e2e332f275db798b3	1	33a034ac284b45048f1088c11c20d477765e6a345485cd6089aaff4936f7e664
376	14026	6eb28943-d4ee-597d-8279-ca8120a40a14	9906b039-98d9-5db8-b6b7-e74e7c90b363	held	metadata_supported	true	3	4	249	4	open_candidate	47ea5a46a28fbfe12856faded1545bb8d3ee36e56341c20f25564505e8878eb3	2	1a6b2ede6f55ca05fadaf5296bc74d7a6e3d00b0840d6aa1e2909a33a66b61aa
377	8005	74f3f1cd-9ad1-521e-b030-22be5ac47c44	671e91fe-0279-58dd-9678-3ce26d824e05	held	metadata_supported	true	3	4	249	4	open_candidate	ce13526429def2a8da1f86b30897b84df96759926fdf083ce4ec5fd430dff2c5	3	0118decc7c49f8544c2b1efc1c88a6834477e0b6cab80d76f0a4f77eba829bbf
378	15489	47e2aabc-0f3a-5897-a3c1-e6f99c4e3ca8	a121a348-2795-5cd1-a7b4-3e8103f7ccba	held	metadata_supported	true	3	4	249	4	open_candidate	4c94a0e3d66996169b12ff2aa671da357ecc9f331867c5ff04e2acd91f2c082b	4	02f47daec3d1d9489e9ac9d27a534b92ccbdbfd01eaa9e3779e3e214d2c4694f
379	13761	12796e84-25b9-52ec-96e4-d9df5a023dc1	6d6c6af8-69c2-54b9-8bcf-e43c3f310199	held	metadata_supported	true	3	4	247	4	open_candidate	28b5aa7b3434bf4b05d460b753fda57948a937094213d70201a5a1f904228877	5	0db670d1278bddc3f251c64a61d1cfe8e2cb22077c85102f46ba69235bc0de65
380	2765	d63972e1-e1fe-5071-9690-263c5c1af314	8af53076-1f67-5b12-a7d2-17be9034e7e2	held	metadata_supported	true	3	4	249	4	open_candidate	5e76e65cd8285a990800b3835114b3edb4a20eb977ce1904df0c0e980fd6c4a9	6	1382b6903c1c8e1e06254706b12e5cb157d928da6e7fb01749a40d55225e69ae
381	14196	36ffac2c-a4ca-5079-acdc-74d1b3a898e7	9565b9d1-7bca-5323-940b-a2010e632982	held	metadata_supported	true	3	4	247	4	open_candidate	e67758697408c16f4017f6334674139c7e4a494edb5ac8f9f54a1c69fa2aec05	7	00e2ebc8fda08840fc10dd5c0cd6b506b32488d7b72820e2a04a69779c1d6bf9
382	2758	354de638-4e04-5ab0-8bf9-dba2566620fe	fc0dd36e-75b5-5bc4-8fc6-bea49f86efca	held	metadata_supported	true	3	4	230	4	source_viewer_candidate	1bc8ece4fab2c3593afd95fc69a7d0badb171298379f775ad7b713ad9d3d9312	0	08dfabba48bf67a9bb7104930af5a552c9ebd790533a160c6dbb68bbc4f07164
383	4131	f988775a-bda6-528d-8089-ee6d6ec36e6c	3647445d-fb4c-5e5d-9efa-bc5e0c162cfa	held	metadata_supported	true	3	4	242	4	source_viewer_candidate	b1f1b3f5a7ab62246f5507b11f9703efae2b7bd57d6d9a5e2e332f275db798b3	1	21b40437182e5793d2e76698b6165c962e71b0c271b43a3517204c366023a7d8
384	7978	7fb2a02c-892a-5693-b6cd-82812a49fac9	11a5d9db-18b9-59de-b848-c751b69d1f26	held	metadata_supported	true	4	4	230	4	source_viewer_candidate	a1ea135765c19b7b314881b9c2e97ee5dba5ed8579ba06dae66a6cd6d1628de2	2	1a1af3217ea952e2aa1d2db3c1f0bc1f7ae9b3ae472cdb5bf7588d7067e3b3f3
385	14772	b75c78e3-019a-5ec6-974b-598326560e25	e5d57f6b-1652-5557-add2-3dd52208d729	held	metadata_supported	true	3	4	230	4	source_viewer_candidate	75844126fb72420dee1e63653bd541e97499b8c467a7382ae9a76f7f95a68e75	4	dba74e32b6997813293b7ed92cbdec6bdfe055d6ec44792e3ec0008231198a87
386	7680	3678cebd-74f1-511e-8bdb-dfaaf9f98f55	dfc882dd-b0fc-5cd2-a5b0-9517077c4ab5	held	metadata_supported	true	3	4	232	4	source_viewer_candidate	10f50e98203c4bae4009987d0a9c7bda038c9ace8ba0d985702ecf450c9f21ae	5	05029b637fec39909c09585d85e8eb116e9a6569d3bae0220c28ddc72c5b1eaa
387	9626	0911f8e7-a79b-512a-b8b8-1c949257bf16	890c2150-5ff7-5ad0-a409-2e2bbf15de32	held	metadata_supported	true	3	4	230	4	source_viewer_candidate	b5d6db725c1b8d72087639beb24c1beb8979f14b9c63ff71b406488e2566eaa7	6	328313757687ba6a11c9741f711cd067cba47e6240d2e276d309f18cfcc3ada2
388	6016	4c3aef54-68b1-5934-ab65-8e046e3c248b	466837e4-6d03-51d5-bc29-65429315e6d8	held	metadata_supported	true	3	4	236	4	source_viewer_candidate	84cf5cc09554c708787c465df238da4163a0805594a9be425cfa1ad3a24e2781	7	099ddc3b8ffb9c1e54b1974bcb8ce0b732fd534a2f0902f5583802bca2417a4d
389	8069	dac30d17-ac2c-5999-8135-fcbfb3ac15a5	769d322b-282e-5e1b-bbc2-f76c813bf879	held	missing	true	3	4	216	1	open_candidate	f498d85db75decf8f507e0eb30c4ee330058dc83b98f9f041da0799cf88ac344	0	03a6422ecfc56074f9b96d15f12b0be4eb03d1d3b227770b65a5e1c33d7d3740
390	1562	92caee41-b6ef-5fa9-93eb-0d9104c0ae24	c1cd76cf-4c95-5cbe-adef-190dac3dfeff	held	missing	true	3	4	215	1	open_candidate	3ad1dd9bea5bfcf3da649374ce8f188cd13d3ed29fbe9bf42161710bb58461f0	1	1821a2986d2945230eb0fa06f331492bafb2e11dfe64a307d3f291fe77fd9dc3
391	15443	56a5470a-810f-597a-a7fa-80556aa852e9	77b91176-7d88-544e-b4bc-835e5dfaac42	held	missing	true	3	4	217	1	open_candidate	47ea5a46a28fbfe12856faded1545bb8d3ee36e56341c20f25564505e8878eb3	2	45ddaf0674e579ecabe18c68e7a7648d3540c88fcc071b6f35e76b6cd1116fc9
392	899	4bdda11b-6c25-5d68-a06e-dda54c2b5ea7	e176c839-9262-506c-bd03-589a82707a6f	held	missing	true	3	4	217	1	open_candidate	ce13526429def2a8da1f86b30897b84df96759926fdf083ce4ec5fd430dff2c5	3	02e864465aace6905279281c06a8ec79efd73c029f3394fd66331327a4b2868e
393	10011	ca1c5238-8b16-5c28-8fdf-de21bcb74a10	a7b15d64-2607-5f7d-b7f9-2a10704c873c	held	missing	true	3	4	215	1	open_candidate	e5f498916cde8ab94e125ac072eef892495094d5ff1b0a61fd49ff1aa09a5e71	4	265673dabb62c54a91e5d30f4a81fb3527fb86d605966abb68178cc5c2d046d1
394	2697	ac602945-9d61-514e-aed3-9359c3c6360b	7c356061-b211-533f-821f-d7c09e30e3d2	held	missing	true	3	4	216	1	open_candidate	28b5aa7b3434bf4b05d460b753fda57948a937094213d70201a5a1f904228877	5	0646c94cbcad9c1fefb390f900e53a17829e2c49f3eec119fffcd6f648c53ce2
395	2399	891cfff5-695a-577f-9f33-ac25af4013e9	3d197d45-8a97-5553-9c7a-6d8c9bfb1afe	held	missing	true	3	4	217	1	open_candidate	f40e920f73ce5cf88840b1c14c1b4bd6f173daaf120d39c9e36d4d2c0965547b	6	1a94e4d2a547deda4c2fddb86ef86cef110f04bf1001e9fe073a146b870c3599
396	11839	c0dbc0cb-8726-5f75-882d-cb3bea107b81	73d0d730-a080-50e8-b420-57005639c62c	held	missing	true	3	4	215	1	open_candidate	e67758697408c16f4017f6334674139c7e4a494edb5ac8f9f54a1c69fa2aec05	7	020d01a5d3ac126a8879edd2fc4a0f8a325e1d27d5a9c21369fe560a5164180e
397	2484	853b8b9a-8b01-5d89-bd2e-2f5bce5995bb	6439d6fe-ad41-53e7-a744-204d20c7e19d	held	missing	true	3	4	219	2	open_candidate	f498d85db75decf8f507e0eb30c4ee330058dc83b98f9f041da0799cf88ac344	0	0248417bf8df4e182be8e5c87baa4bdd5a3533d4a0312801f7d56d1477889ae4
398	13032	435a18ae-c542-50b3-8ff6-c0eea8371d7d	8aebeaf0-0f23-5198-9709-f186f5826d57	held	missing	true	3	4	218	2	open_candidate	88b10ffdcd212b802f52339f4f7669d32437aa3883999600c7193f36a8ced50a	1	0c0e533f5ad8f257018c38a95e9bb5746dc63c4fa700afa3350bbee6b1ed2c18
399	3186	98f7dbfa-5b99-577b-95d5-fae21558901e	b31381b4-f2a1-550a-b2bc-fd0ad1242bab	held	missing	true	3	4	221	2	open_candidate	43d2d450b88a772122b4c367025c6d100f5e36cd75d70bfa3e749baf5405c85d	2	52be4668b94a6761c914a5f666be90713497ab60ecdc5c12955c32589337bd60
400	7086	93b7cd73-f597-5715-9a85-e3a5054be547	562231b8-153a-561a-8d16-5f5f7b5dc8dd	held	missing	true	3	4	221	2	open_candidate	ce13526429def2a8da1f86b30897b84df96759926fdf083ce4ec5fd430dff2c5	3	00b90564c0513f89f6d3b0c3a63c0fbf2a7aca045c4f55e6233c8a1fbcdd5134
401	5638	4e1836fa-fa93-5dcb-a97d-dcbd7c3c5dba	178cbeb3-cbe6-5277-a36e-5e9532925c7c	held	missing	true	3	4	221	2	open_candidate	4c94a0e3d66996169b12ff2aa671da357ecc9f331867c5ff04e2acd91f2c082b	4	0ca04976a1f17427a67918cf3fb820151be3f9dea88ce24de8acbcd4fd11c431
402	2689	8040d9f1-5a44-5812-b922-41ce9d34ba81	282ec12b-42e4-577e-a57d-7c5bdade588e	held	missing	true	3	4	219	2	open_candidate	28b5aa7b3434bf4b05d460b753fda57948a937094213d70201a5a1f904228877	5	02a43674b3ab12e29803ff1cce9cd89d7d9348ed7b248f76962e45c037787c51
403	3526	77c7f3fd-e57e-54a8-b0c3-60cdd5c6b335	c0ff2fea-3983-5500-bed4-fd71cb12092a	held	missing	true	3	4	220	2	open_candidate	4b0e96a7c9c769b1f25e2f41086c3424bf36886b7e9723e6df7863243ca2be02	6	3f9c2b943ab8c7035a15f125369cf23dc514679c14e625f927b45e1b1e4af5e6
404	4199	89b0a3bb-9d39-5fa1-b197-004435a7afb0	56a43272-52b3-5f33-895a-42565d4b74dc	held	missing	true	3	4	219	2	open_candidate	e67758697408c16f4017f6334674139c7e4a494edb5ac8f9f54a1c69fa2aec05	7	0795f840bcb7a5b0eb1eae0b7ea0e04bcfb7931c05728c5e7880f530763196b7
405	8469	787f86ee-af21-5d01-937f-e00de31999d5	2c563241-0db8-55a5-bce8-a28fec757225	held	missing	true	3	4	224	3	open_candidate	f498d85db75decf8f507e0eb30c4ee330058dc83b98f9f041da0799cf88ac344	0	1712fa92a427a63b2217a67ad46cc737ed9d7c9931f7e22e200e840ce70e32f2
406	14624	71df9234-eb3a-5b09-b204-a7b9a064edb3	9167a20d-9860-5140-892b-8bff9e94dced	held	missing	true	3	4	228	3	open_candidate	ce13526429def2a8da1f86b30897b84df96759926fdf083ce4ec5fd430dff2c5	3	0173f93bfdf02c1c9f6669b34aa5d1aaad241690fd055022d14065ebf21620c2
407	10014	a17df3a2-e4e3-5b84-b5ef-85551210ebf7	71b76946-f8fd-58a9-843e-cdf99828bdee	held	missing	true	3	4	224	3	open_candidate	28b5aa7b3434bf4b05d460b753fda57948a937094213d70201a5a1f904228877	5	3b8a5e1a7dda6573f93b0d869b6b3fcdfed9b2c40f4ecb04a8f7587148aa54bc
408	14881	2573e238-b090-521d-8f2e-a9a8044df986	82e4d767-26e0-554a-87df-56a85652ce51	held	missing	true	3	4	224	3	open_candidate	e67758697408c16f4017f6334674139c7e4a494edb5ac8f9f54a1c69fa2aec05	7	572646625941fe4ba023e948da3f691832933c2bbc95fa9dca008c968cd07761
409	2262	2df5e409-9e48-515d-a9ec-37f9a9e536a1	f1dcdbba-2f16-5b15-bc39-5e7119e5ade5	held	missing	true	3	4	230	4	open_candidate	f498d85db75decf8f507e0eb30c4ee330058dc83b98f9f041da0799cf88ac344	0	ee4593e20a239b324624a9a0ad10c925d0d9c2fe9e1aea89e94e7d524c0157d9
410	14650	1158a7df-0441-56ea-b385-f34fb4413531	fb8436c2-e5cb-563f-a32e-4590d37fdc5c	held	missing	true	3	4	229	4	open_candidate	ce13526429def2a8da1f86b30897b84df96759926fdf083ce4ec5fd430dff2c5	3	0c342cabb9917191f393054e43c4d03c2e64ec81ce0f2bcd15e967a4eca195c9
411	1897	ab8c0d0d-1e2d-53f9-874a-bb88598b30bf	bf364f1a-db64-5f4a-8cb5-df4c0194860a	held	missing	true	3	4	230	4	open_candidate	e67758697408c16f4017f6334674139c7e4a494edb5ac8f9f54a1c69fa2aec05	7	b626028c7ec2d98900e6fcdbf49f74d9d604531f10964a221b1423d8838ac14f
412	5047	940444c0-c56c-5907-a14e-9aeab158bb4e	8d84d1e0-8738-5c3b-a2c2-ccd6a5a71948	eligible	source_verified	false	3	4	212	0	rights_review_required	afb9f5afa500f5cb97a845d53ed8adf94fda2e02a1a4aa6c9aad16cbc56c5f77	1	109fcc3b6eeabb1e3a09ee8946025e5d9181c1056d58e1e869bd7793d36464ee
413	5775	ef0b1510-5ef3-5d3b-8609-27c32106261e	848c9a23-5ca5-51e2-bde4-8e5c8dd91574	eligible	source_verified	false	3	4	211	0	rights_review_required	436a336f9d82eff6e82d10cb6535c14ef535149378be9e921ff731e3a3246e0e	2	8d32176cdf2c06e2d00d4a00350925f40e405827144242b396dcfc3748416d4b
414	498	770a3bef-198d-5bd8-8ce6-bbc51f5c97b9	bd2f248c-a4c9-5314-bfdb-aeaed9e6c9f7	eligible	source_verified	false	3	4	219	2	rights_review_required	e712d1697775f728053fd9234295603b3c0993ad13a391b40ce55e87db1f141d	2	9243f982f3993583cb5d0293b8714fddaaf1fc8ea44a9e59ead5e995abfed3c9
415	1073	ef76141d-2cb9-5750-bae8-9910d911460b	44088bee-0331-5654-a27e-7a2d5df191ef	eligible	source_verified	true	3	4	214	0	open_candidate	86665ecc5119deb7ae812739e8af3a20ff4dd498311e00a487a84b95c393e8c4	6	2caeed84bcbd308051193d2e9c6dbf120b6c4ce7a3a3834fa0bf87bd840075c0
416	13930	3b3f32ac-d012-5925-801e-9e7bc8425fea	47169899-6e07-54c4-b1ac-1a263cbe4491	eligible	source_verified	true	3	4	213	0	source_viewer_candidate	3a184875d2c874dd4aee0b7438fee6f2555dab63754d5cdf12b52e527f35de9f	0	0486741c931703d41f0b81f7e93a2c0c1a779f1909ed3ec74a07521cc4a96b37
417	1413	89933290-56e4-5b7a-b721-b9bf2c9782b8	25909111-df38-54cc-9baf-13f33a059913	eligible	source_verified	true	3	4	213	0	source_viewer_candidate	a4a993cc53d58d20c3f58bc334a65558933f4e4fbcb7dffd05c5900f9e9fa6a5	1	0debf6be48d0d519f25113d51ef16ff2882658c145d6fcea8aa2a05d1451edf5
418	9520	96a07c7f-874c-5350-b605-4853dc3caf9d	f10047f0-10d4-516b-b90f-db9708a3c586	eligible	source_verified	true	3	4	214	0	source_viewer_candidate	436a336f9d82eff6e82d10cb6535c14ef535149378be9e921ff731e3a3246e0e	2	00b8d8c7ea7aca8dfdd05842e4ef60f039a7d80a0fbc095344d4164fa34b8e4a
419	1330	f30c8276-a9fd-568a-be5b-e0a71289716d	aa387126-ceab-5edb-8e0a-502899245e14	eligible	source_verified	true	3	4	214	0	source_viewer_candidate	86665ecc5119deb7ae812739e8af3a20ff4dd498311e00a487a84b95c393e8c4	6	0beaf06b889a196b3f983bd5fb0141cca28b7b758d1591ee037c5f6901a9e5e7
420	1266	650b31d7-dc64-5683-ad19-c2f2160ea5d3	53e2a177-8b76-527c-9be0-45d7c5fdd8d8	eligible	source_verified	true	3	4	215	1	open_candidate	86665ecc5119deb7ae812739e8af3a20ff4dd498311e00a487a84b95c393e8c4	6	228fb4da2acb9ec50c4bca6911af60f640003e0576eabe30067a31723b6d8d9d
421	15668	78433627-7a24-5574-971f-d69fad50faf9	7a54e67d-2fa9-5a45-a315-b3aa748a585d	eligible	source_verified	true	3	4	216	1	source_viewer_candidate	afb9f5afa500f5cb97a845d53ed8adf94fda2e02a1a4aa6c9aad16cbc56c5f77	1	21a1f3c6bd0e8668e9556f70fa2e5c1b48f8672f39119211c7e1f1d201aea525
422	10205	b088fe3d-033e-5d4f-8038-324126e5d794	ec573fa0-711f-5883-a32c-f0452ad2e285	eligible	source_verified	true	3	4	216	1	source_viewer_candidate	436a336f9d82eff6e82d10cb6535c14ef535149378be9e921ff731e3a3246e0e	2	01fa0cec3ccb42f8faf2aab3581e42d6f21464ffeb3415a1849bbf05eaaf9948
423	6642	2bcc3e46-f543-5cbc-83a4-78615d9bcda5	206bd3ab-d1de-5987-9b13-0c361441d646	eligible	source_verified	true	3	4	217	1	source_viewer_candidate	884d0bba04f878989279721c4cbc99d2a6cfa510ff2e5466f6f75b4cc6ef287f	5	5ad1c6018bbc22663007dee41346308af904a64f9c22cafe69b8d9495961a04a
424	9714	b495822c-e60d-599c-abe2-bb8bf007ab51	8a6770bc-c7b2-5a13-b96f-391320318ebd	eligible	source_verified	true	3	4	215	1	source_viewer_candidate	86665ecc5119deb7ae812739e8af3a20ff4dd498311e00a487a84b95c393e8c4	6	11cf7df64b93a2954b188d0fdddef6de3685b4b5edf9ac328e6f55720a5691e8
425	13274	3e5f1bd2-f38d-59a1-be54-c29c0632b0fa	842e223a-e82b-5ef2-a430-77a6303018f4	eligible	source_verified	true	3	4	223	2	source_viewer_candidate	5489a6970e7df484aa394c3b34d0f69fc5f4c7c88e570bc1eb2df907346da70d	1	0b19cda25449ed28383278965fa253f82267e892fb06dfd554879af02eb2650a
426	10462	08f9724d-ac65-5250-aece-b924224ff9c4	0274bff0-66ff-57b9-b5a3-06cd51a592c8	eligible	source_verified	true	3	4	218	2	source_viewer_candidate	436a336f9d82eff6e82d10cb6535c14ef535149378be9e921ff731e3a3246e0e	2	047c5c2b02d40a0d4c2049b417eacd54b54a9d4d11057d2627d8fd79037b92cf
427	7918	b1ebb690-949f-50d2-940c-ef6653ad8b81	59cc4857-11d1-57fb-8fdd-b17eb325fa0b	eligible	source_verified	true	3	4	223	2	source_viewer_candidate	884d0bba04f878989279721c4cbc99d2a6cfa510ff2e5466f6f75b4cc6ef287f	5	0194036740d70c5d68bd8cf7cb273ce1261f2ad76c132d5a778f29e624420175
428	1140	c64fc6c4-e255-52ae-af0b-b99b2e7eadf3	878d8103-75ca-53d4-813f-fbb404ecf60e	eligible	source_verified	true	3	4	226	3	open_candidate	3a184875d2c874dd4aee0b7438fee6f2555dab63754d5cdf12b52e527f35de9f	0	3b2ccf05a7bf804daa7fcb094ffc7284da57544b7b47d2b7202fe63ff607951c
429	1209	4f69fa19-33f5-5e14-b531-fdca8f7fc3a8	abe24243-1615-5430-b7fa-bdd3b6ed32ee	eligible	source_verified	true	3	4	226	3	source_viewer_candidate	3a184875d2c874dd4aee0b7438fee6f2555dab63754d5cdf12b52e527f35de9f	0	06580116942c2840ae1dd7d28da7ab0931626bd5d2357cd1578961a79cdd1f82
430	13064	6f7780d8-016e-5760-b95e-d208da951e96	519fd102-421d-5525-87ff-b5afa0732116	eligible	source_verified	true	3	4	226	3	source_viewer_candidate	5489a6970e7df484aa394c3b34d0f69fc5f4c7c88e570bc1eb2df907346da70d	1	65984207c9c22441fbdf3fa326f16d22c06afd2a601ada8e2e5aa98e645c52e5
431	13444	184f8e01-ce01-542d-a5da-1ddc3d38bfa9	e3e74ee9-b387-57e6-a2a9-ecded11d41b5	eligible	source_verified	true	3	4	224	3	source_viewer_candidate	436a336f9d82eff6e82d10cb6535c14ef535149378be9e921ff731e3a3246e0e	2	0640864fc294d73c8b2c2691b1334fd0209e8d3f24d9ebf3c3f6ee84bf55b024
432	12492	d3b3237f-2ec5-536a-bbe9-178237455097	de807d33-7e05-587e-837e-580b3d059a33	eligible	source_verified	true	3	4	226	3	source_viewer_candidate	769462c4f46dd6ed56e8680c5358c9ed627ef1589500c8b818a57c71e1e3e68c	4	02a3c408f5b4a775af23ee612a3db418b519a9d1fcbda17ee527c76c06729951
433	3739	f17c98ae-909d-5a1f-9af7-24b06f1a3dc9	5079dfbb-70ea-5f02-8973-d693106748d7	eligible	source_verified	true	3	4	225	3	source_viewer_candidate	884d0bba04f878989279721c4cbc99d2a6cfa510ff2e5466f6f75b4cc6ef287f	5	00f45763861864a629e7febe94fc4906dc854be11ab3e2f9629cc0920430b5cf
434	10308	5cf70438-2aa9-53a5-85ef-5cc244f459d0	190a2246-f828-5259-a6a7-0bf2eadc0c07	eligible	source_verified	true	3	4	226	3	source_viewer_candidate	a8e60ead06dd30adb0e988b8d5809afe5c86d183e94227a497d00914e7030e8a	6	045dc299fa363c87c11d561e71fb89977731ae62fbd96549f565b4ae07b0487e
435	6961	e3b97281-6a13-5840-8a41-7449e5a406e5	c89784af-3812-57f5-9e07-6ca78f79e1e4	eligible	source_verified	true	3	4	228	3	source_viewer_candidate	a1a791cb7cd269685c534e2cf479e1865a585772b0b5126ee4abf4dc87dfd72b	7	0eb974e5a0acf06814e30d3693a2bc28a1fd8f9fa97040df3877fec3ee008775
436	8467	b4ae3f2b-591e-5103-8d33-20cb0a06430a	bad81329-4f74-5e9f-ad25-c5c0f733dd66	eligible	source_verified	true	3	4	237	4	open_candidate	e712d1697775f728053fd9234295603b3c0993ad13a391b40ce55e87db1f141d	2	925212f2b28a5d696b7f1139c0b2ddce4af9f7b272646a756a4f49e797bae44b
437	4947	1fb7d70a-dd8b-59f3-9ca6-8e9328d6cef2	74341985-5d38-58b0-8621-5ab9b656c43f	eligible	source_verified	true	4	4	232	4	source_viewer_candidate	3a184875d2c874dd4aee0b7438fee6f2555dab63754d5cdf12b52e527f35de9f	0	8fbd4f9f0c8357478e53e70a23d6ac73b20ef55b19f469c0013a79a331de88a4
438	15535	23d8659e-5cd0-5752-be43-cb785bb80eda	b783a51c-471d-53fd-ab6e-2f76e0e98dd1	eligible	source_verified	true	3	4	233	4	source_viewer_candidate	5489a6970e7df484aa394c3b34d0f69fc5f4c7c88e570bc1eb2df907346da70d	1	1cea4b4c2e182a9083cc5354872097ca0942a4cb59c3e3d7033b2b964f267c92
439	13813	7a2c3e3d-6491-5c0b-907f-32e5a5734384	f99d2aa8-50b4-5217-ae93-d28ddc4b6e3e	eligible	source_verified	true	3	4	229	4	source_viewer_candidate	436a336f9d82eff6e82d10cb6535c14ef535149378be9e921ff731e3a3246e0e	2	315f295309a9f2233faca0bd57ce727580d1494aa7cfc056ac4014aa36a5634d
440	6318	dab99781-4c58-5b4d-9a05-6368ed24b125	6e41c166-8b05-5a07-99cf-e4d75e6b703f	eligible	source_verified	true	3	4	231	4	source_viewer_candidate	884d0bba04f878989279721c4cbc99d2a6cfa510ff2e5466f6f75b4cc6ef287f	5	02e8f85a748a810159cea29d9a4b2a3206b265f872ba520986481aaa719c5551
441	3962	bae61039-fe93-5e3a-8e5c-fa5c0a47ff5a	8175be93-46f6-5635-8238-f164f82b1c16	eligible	source_verified	true	3	4	234	4	thumbnail_candidate	e712d1697775f728053fd9234295603b3c0993ad13a391b40ce55e87db1f141d	2	2c5908f04c95fe1eb34b357cf32a1b93778126edab789cc4374157e27a500eb2
442	15673	0ae8594b-790d-5cf0-84f9-fd6dcd794ce1	eab7b71a-f890-5c9b-88cb-07c1c4c3ebd9	held	metadata_supported	false	3	4	226	3	rights_review_required	63ffcb6482277213040dbf949d0ee55de36f06c295fc250edbf6c607a50ba7ed	7	efa59d03abb5ff5f57506c90b9460d563de76d4de2f919ed3f8782b6d09fdbfd
443	1205	9c8a2282-0d13-5702-bca9-c3611556a0c3	e2a6905d-e536-5623-8163-2e05e8c32619	held	metadata_supported	false	3	4	230	4	rights_review_required	3a184875d2c874dd4aee0b7438fee6f2555dab63754d5cdf12b52e527f35de9f	0	12648fb5fa3cc5de20f9cdc96a88f77e5fbc062ac359ae75ecdef134304a1b0f
444	25	a09e396d-0440-5403-b8fb-98e61a431df1	547abe1a-628e-5ea9-b012-f4cda80f31e9	held	metadata_supported	false	3	4	230	4	rights_review_required	e712d1697775f728053fd9234295603b3c0993ad13a391b40ce55e87db1f141d	2	5ce01cb6e6250d2e6de41c4f61e37262161c359d864fe065cb80a1b617ae1cd6
445	14551	805d56ce-6da5-5cd6-8cb6-79d5e50689f3	5b179e23-eba6-5db7-a6aa-46924bed5b10	held	metadata_supported	false	3	4	230	4	rights_review_required	915d54464c35ca25edbba2aa044ee1d02fc03fb3c79e9a32014bcf37f325bcbf	5	e441507eaa6c26b002f844c6bbf1697c622a445c1063133e882908d851993793
446	12573	b7b7ba1d-71b6-5d1e-b09c-fb738b371162	ace040cd-6e50-51b4-8f6a-ec9ce4f23f29	held	metadata_supported	false	3	4	230	4	rights_review_required	3e8643e0257d447a4f35ec2b2ea1632ed9bf2737108c5820785ec4a95a818523	6	d54470dbb6e25c36a029b3bc6610e8dac115f8ecdea956d1ab44c7b106543261
447	943	7a188457-0311-5400-87fc-554a0f54ee60	6b13d177-14b4-52d5-bfc9-4c2452408b60	held	metadata_supported	true	3	4	226	3	open_candidate	3280c3edab3ed2fc72aa2092c98de2c145777e08d0bc8c544b619332e48c7877	0	0b79dfdcf24981540923b95b421274fad1672dcb7b502aa40d6c7944151f698e
448	14339	9f0c5de0-63dc-53fb-ae20-a373aa63a042	db4d139b-7be4-5e20-abbb-039abe9ff77a	held	metadata_supported	true	3	4	226	3	open_candidate	33bea5ff053758f1f2f5f66775538170de236d2e201da81dd0f9a9ed56dcce47	6	29a73dfc7af387e697207baec85c2aec9732015b77a61375fefa9b31e136395e
449	3891	fb648a9e-48ec-5c61-af0b-6b37ad2d6853	6b7821fd-aece-591e-b071-985e4166eaf5	held	metadata_supported	true	3	4	226	3	open_candidate	46bfc88338119efd35cf6dfb57bd7083a9a05ab824d3bd8a874ae8cf3f3f7fcd	7	995b33cb216025ee736d10f78416aaab682a6e2b9469e54a471b8a112c1b5784
450	2816	56787b19-80d5-5a22-87d2-a4c500e2154e	b9b78ed2-bfe7-576b-bed6-0400d2ce5bfe	held	metadata_supported	true	3	4	226	3	source_viewer_candidate	1bc8ece4fab2c3593afd95fc69a7d0badb171298379f775ad7b713ad9d3d9312	0	0fcd19bfb8572f876933b0e882d3a77da9f13206a9e9b7908f8da68d0d3147a2
451	15835	f8a122d8-1333-516a-880f-58bc3148b158	eb915724-8059-53d2-afb9-415d8c6844fa	held	metadata_supported	true	3	4	225	3	source_viewer_candidate	afb9f5afa500f5cb97a845d53ed8adf94fda2e02a1a4aa6c9aad16cbc56c5f77	1	0b3b5d06057dd2a10677a71e14ab3f73c51b5a746bc8c45bb1a269458742f8c6
452	15913	d6a9b50a-4623-5553-8b3f-ea8dc850e671	3ecce34f-04f2-546e-8f27-a3ac7a00a6d7	held	metadata_supported	true	3	4	226	3	source_viewer_candidate	50f235137b73d5d134e08db3bf36e74acb398c525e14a1d00450b775f45c51ed	2	43976bb385ceca91e1880f65ba5820f75223f1431bac66bcd295346272a733a5
453	15828	6838d583-506e-5863-a953-8ecd808fa542	838fe1f6-b854-5c9b-af27-10048406d4ec	held	metadata_supported	true	3	4	226	3	source_viewer_candidate	a0b5fff55510cba6f95fa8025630944db5a41bf85582618f624149a45fedacf9	5	56a534fa9712179b42115b7312cd7dd1d3dd66351b9d44f948fe7f7d92220eae
454	13921	b935ed05-0012-5a73-8e5d-87fe5b545716	11a9bc0f-9e30-5882-a2f8-2bd85ef9a86d	held	metadata_supported	true	3	4	226	3	source_viewer_candidate	b5d6db725c1b8d72087639beb24c1beb8979f14b9c63ff71b406488e2566eaa7	6	27cf26a6fb94b9d6fbf803722683d8f4726f60578d443efbc3188c082c7d6915
455	4010	5afcc747-5de3-5b83-9a67-0cbfcb802ffc	5c1e5898-0300-5c4a-bb0d-04ef1ecd35aa	held	metadata_supported	true	3	4	247	4	open_candidate	f498d85db75decf8f507e0eb30c4ee330058dc83b98f9f041da0799cf88ac344	0	02c8a7c21e51294afdd05d26d8fab08289153b9e1b9f905ac803ade24e80bae9
456	2409	16f1a9ac-68ae-512e-b2f9-75fbecd009b9	81cae11b-6e9e-5eb4-8ff0-f3487719ab9a	held	metadata_supported	true	3	4	245	4	open_candidate	4131fad8df00df2379cef85d9973d0e0ffe2747cbbdc32e8d2d8054c6d49a3ca	1	3dc46c822396b157e53f36b8c7eec8bf0aeab0d311b8fb26b871efde36732e0c
457	366	9637361d-f4ef-5587-b1cd-da05e167d15f	31896283-75db-594a-888d-4e407b5652d3	held	metadata_supported	true	3	4	249	4	open_candidate	3ee2508941501a9a57c277625fe27c43f669b0dcd419ff480414e1be84c2bde4	2	1d363c43e041ff13090b1a49f944fb50a0e469d291d4a99670a25a3084c08d9e
458	1835	8e5456b4-a8e4-558d-80c9-fc07df72325c	59ee78f7-c3a4-5965-93ff-54b7ef9e47d2	held	metadata_supported	true	3	4	249	4	open_candidate	9f63ca6e9a5a527ff8214a4d05f43373b67377396810d1fb158d396ac2097005	3	016b18ce588595081ce6919a6a4fcc31549294ee31d20d2994d50e3ff56d6237
459	644	c5ce0918-5d97-5af5-86e1-9ce8655c5192	3cdc989c-844e-5221-bac0-584fe2828220	held	metadata_supported	true	3	4	249	4	open_candidate	4c94a0e3d66996169b12ff2aa671da357ecc9f331867c5ff04e2acd91f2c082b	4	095648269830ae548278a47a794f01d969ac2be85941c7dd0e8c4bda240513f7
460	64	802505f0-b3ca-5c1e-8d7f-649d9f682cc4	28f82f01-b3eb-5f5f-acc4-624091df794d	held	metadata_supported	true	3	4	245	4	open_candidate	bf45f6545f8265a356bf87a1c2512b719d1e74747603744208c6d2dc94eacc40	5	114ad450124390854a58a0fc21a72dec1aede1b3f3edcfbd9b60b7496d96297e
461	11559	97ed9a83-aeea-5d5b-84be-29fa43fe843c	78726ca2-8c5f-5ea1-bc88-10ae12dd30f2	held	metadata_supported	true	3	4	230	4	open_candidate	b5d6db725c1b8d72087639beb24c1beb8979f14b9c63ff71b406488e2566eaa7	6	1877d2c6f4b43e237c5c03f6d4034153b383001afdd3707cd15ec40b0a9449c6
462	14695	e8718466-b80b-507f-8880-c61b95117b62	a2b565f1-9c6d-5515-97dc-2c77328b38cd	held	metadata_supported	true	3	4	247	4	open_candidate	e67758697408c16f4017f6334674139c7e4a494edb5ac8f9f54a1c69fa2aec05	7	00e87b46e5fb4d18ef73e78b45c48138402e7979b96194a60948cd1b905ceefb
463	9673	c0cab2d8-5a91-5c48-a529-674f2c53dc71	573656ee-eeb9-5681-8fb2-a1742d7f4578	held	metadata_supported	true	3	4	242	4	source_viewer_candidate	3280c3edab3ed2fc72aa2092c98de2c145777e08d0bc8c544b619332e48c7877	0	0d605784c8927d0884d947295b41a86924197166783d408ff4d0ea68ab691050
464	5522	546085a5-957c-59cc-a9fb-560be35c4617	2379ff87-d649-5810-ab10-b50215f24af2	held	metadata_supported	true	3	4	232	4	source_viewer_candidate	b1f1b3f5a7ab62246f5507b11f9703efae2b7bd57d6d9a5e2e332f275db798b3	1	3b5d0088c4fa67af9966b30addcd225a5c6476703f0067648548fa564a7e88a6
465	11497	68e516a6-cc49-58c0-841e-5c4727b44569	22ee3c7d-2e0a-59b7-b463-b89480c36195	held	metadata_supported	true	4	4	234	4	source_viewer_candidate	497adecf79849ad2e546759b47539c9c2fd2e339242dadbbc6e5618044646b39	2	1a3ebbd2e11c7e95a4eb4cdc9e2a86127bf95de481fd1abeb474c46e442c8e8e
466	7689	989ba4b1-9095-5bfc-91ed-66ee2231317a	ee255a5f-116d-5740-ad13-bfc47c288a49	held	metadata_supported	true	3	4	236	4	source_viewer_candidate	10f50e98203c4bae4009987d0a9c7bda038c9ace8ba0d985702ecf450c9f21ae	5	05a1f14329b51896b47f58c38e53edfa4bf442433f10fb7de4c890edb501fa3e
467	13535	1cbe5a96-3a47-5a2d-86ba-777f8a45d3a9	d640d1a2-a26d-52d2-9719-6a92fabc21cf	held	metadata_supported	true	3	4	230	4	source_viewer_candidate	b5d6db725c1b8d72087639beb24c1beb8979f14b9c63ff71b406488e2566eaa7	6	3a0d6ec28fc6f16bdf135cb4b8e622537d3aebd80430a6cdb8426ac293ef651a
468	3732	37abb550-be56-5c7f-bd04-a42738202703	04f5e14b-e8b6-5700-9559-cdd953bd5fda	held	metadata_supported	true	3	4	236	4	source_viewer_candidate	84cf5cc09554c708787c465df238da4163a0805594a9be425cfa1ad3a24e2781	7	0aff93699d3bfb8e48cc894905d2a163b5e259626a2a25f3d2909569d84be2b4
469	8176	5fa390c1-9937-5f14-a510-2fd9d2351509	37cba93f-2d7f-5e73-b7c3-a6da49028fca	held	missing	true	3	4	215	1	open_candidate	f498d85db75decf8f507e0eb30c4ee330058dc83b98f9f041da0799cf88ac344	0	03afa63f7078f1f18c6867a91091d0e366e6b480a3f0a334fcbb43e1c7457508
470	1569	5032c56b-cebf-5959-b3da-4ac5d4714938	8312b4f1-5274-5aad-b8c4-a177e71925d8	held	missing	true	3	4	215	1	open_candidate	3ad1dd9bea5bfcf3da649374ce8f188cd13d3ed29fbe9bf42161710bb58461f0	1	1c7faae52d46bd3a085e63486876416663db79c2221a177e5f52a7281b61c021
471	7644	bb138f5c-494a-5fbb-b2b2-58cbf31d1e89	bd71b5f1-2347-54ef-9ff6-f57e532303bf	held	missing	true	3	4	217	1	open_candidate	bb22cd608dcfa3f86566cc3c0240d0c459674e33870d2a95b0c3759db7b7393f	2	57fb3bbc56ae65af5f3d4fcfd467adf5981847d4966fabfc5aec2a0798486c0a
472	1720	8c4414ec-a74a-58b6-82ca-cc3b4a26c9e0	c659775f-02ad-57c5-8c8a-5ae414cdff39	held	missing	true	3	4	217	1	open_candidate	ce13526429def2a8da1f86b30897b84df96759926fdf083ce4ec5fd430dff2c5	3	0327ca865bcd14d58d7bf9174d7b97df78bf7a9bfb34ca2815911e1dd88ea0b0
473	10815	9adddd28-301d-5c95-b630-2b5c906e0fcf	e4dd9479-dd99-5a6f-bb9b-1de2958c3997	held	missing	true	3	4	217	1	open_candidate	c7ccfd10bd3f180450038f76f06f66820737f688ebf562a4950a4c08a503c7c9	4	26dffb15b0b3a32317153e147c8296a8218c8577824f3d3ebaf5c433ae936ef2
474	403	331130f6-5d1e-5c2b-8a5e-870d0ed8b502	ba8133b6-c22e-586f-9792-7b34f257c607	held	missing	true	3	4	217	1	open_candidate	ef85468e667ba8425f89823435728ba258287599222a61958613356f3f77fd0a	5	0727aba1b1864ba6ed80897bd3df39c4ed2efb8caa48e895618e03cf67861832
475	2071	bc301f18-61c2-5b46-8fcd-c89840d3ce49	b8313fa3-260d-5835-ba70-582ac8f31e7a	held	missing	true	3	4	217	1	open_candidate	f40e920f73ce5cf88840b1c14c1b4bd6f173daaf120d39c9e36d4d2c0965547b	6	1cf3f733ba31abd18fa5959c104b7155b8787bd432bf9c9ec70a1af618248d83
476	12373	7a40358b-3d08-5b5d-8285-ef12747259bc	f5a43933-ee4f-5c2c-b41c-301524e58579	held	missing	true	3	4	216	1	open_candidate	e67758697408c16f4017f6334674139c7e4a494edb5ac8f9f54a1c69fa2aec05	7	023f8d9fdcdf3031adce39608e60c6fb7adc3b5950a5716485d14b2b554acfac
477	7263	f2541c89-3998-57e1-8a1f-9a8f4a2d484a	caf7b474-0bf5-5570-9c55-9850ee9ffb44	held	missing	true	3	4	218	2	open_candidate	f498d85db75decf8f507e0eb30c4ee330058dc83b98f9f041da0799cf88ac344	0	03677e3783fdd691b5e965f76a9f0a41c94b20b775b1d9090b3d8924db4bf613
478	13026	98623125-4f7c-510b-bcb0-e8167e5a166b	2c8bb2c3-60d2-52cd-8650-9f5d7d662b0e	held	missing	true	3	4	218	2	open_candidate	88b10ffdcd212b802f52339f4f7669d32437aa3883999600c7193f36a8ced50a	1	0c11d425f362d2d123c50c7dff7c54d3416834b491a06d86c7d2c81e1bca991d
479	3998	4435caaa-efb5-5393-9097-9a3de89ee119	81a0a8cb-362e-5322-b5e5-b7cffe884acd	held	missing	true	3	4	220	2	open_candidate	c2c2106056e59f1be51f92131fea8b6de4ae7b4538c4ac656a9391869bf85098	2	618c51f32d013bb7e270089b7065b02074dc026844b3b574e63b647812d12eac
480	13903	9eb16165-5d96-5f7d-831d-b2d7b24e5d8b	4a045585-3928-591d-9c3c-7e34d0b79ab9	held	missing	true	3	4	218	2	open_candidate	ce13526429def2a8da1f86b30897b84df96759926fdf083ce4ec5fd430dff2c5	3	00b981a61bb9919d6b595dac29e6e4a8a3611eab07883c6cc1411f2707587676
481	2421	87826b00-979f-55ad-abb7-770184b0c386	2569e5e5-e7ee-5005-8493-cdc5bee44c3c	held	missing	true	3	4	218	2	open_candidate	9d64f998ea5699e43f452a57227b356ae5dab03d5b027a867d49b80af01d6692	4	131c47dd4f075db1e3c75cd9e84bf1d60ef6e4f2b52dc31d05899330c0d6a88d
482	12016	a415d18f-c5c2-563a-817c-59765cb57192	fb061e5a-6fcd-51b4-89ad-9fd0512e0712	held	missing	true	3	4	218	2	open_candidate	412574b38f00ced0627422089fcc1bcaad110675eda655c5ef07ba177b37589b	5	031d0007fef24c452e881e4fb5c5cf9ed7c6fb579e75c91509fc22f17e9c3a9a
483	873	bad88a1c-1161-5c9a-9994-f57fb85aee8b	5f4f8cdf-9a61-579f-99d6-96627cc13d08	held	missing	true	3	4	221	2	open_candidate	33de0f64e9a7933cba206d407207660ae1dc3facf5fc1509b606d5a63d84d5a2	6	4f0e35b91fb4b8510f482efe34da08ce4c6955778e3eadf33462204533f4ec3c
484	870	84c666d9-7beb-53e2-92ec-70a90af7eb5f	9b34cf98-1c84-57e5-96ce-5ad51b535c68	held	missing	true	3	4	218	2	open_candidate	e67758697408c16f4017f6334674139c7e4a494edb5ac8f9f54a1c69fa2aec05	7	07cf177debddfeb0e0aca9d320c6a35bfbeb525d7da75e0a29138b92cdc5d9d0
485	70	e8cd3bbe-5f5c-5b29-b709-be6f2905eda1	768d3bdd-635b-52c0-959e-84a6a0547155	held	missing	true	3	4	226	3	open_candidate	fa78cfefccaf9340501f485da0330a2d9fbd37db2658a5f5915b31d984382ce2	0	1acfb2fdbefa53baaade1fb72b473803d7440d6fa794c27615c48156c6da000d
486	2178	c5d0f669-5636-5b98-86e7-cf8208db3427	74f58254-389e-579d-9da4-6ec79a7a5864	held	missing	true	3	4	228	3	open_candidate	ce13526429def2a8da1f86b30897b84df96759926fdf083ce4ec5fd430dff2c5	3	0246103d12baa03f373d3304e67b13da0b1f06417acd13cfb0cb76c4872c0f1e
487	5726	bba10a2b-0736-5427-be8c-b29801d5e904	0e3d144d-1b9a-58da-b7a0-6307fb856c30	held	missing	true	3	4	224	3	open_candidate	64a5bad05ac4270d12c06c3c346ef86232f056155617aaa8f97dc731a32f3878	5	3fbc069d39ded2d174336d66c932ef60268d1b2d7dbb647ce248ae4a73a0c050
488	15028	8670cea0-f0ae-56dc-9c88-21e228f0e789	fc549076-3485-50d2-bd39-705a24f195b3	held	missing	true	3	4	224	3	open_candidate	e67758697408c16f4017f6334674139c7e4a494edb5ac8f9f54a1c69fa2aec05	7	6161f3e701fcbff8dac6fb66a4876950b62e2a97ca101a9559566119a5d7f26d
489	4818	c9a2d7bc-6035-5543-bb5c-9530e0c4d691	1751cfaa-45de-5fc0-a41a-6c10572196ed	held	missing	true	3	4	232	4	open_candidate	ce13526429def2a8da1f86b30897b84df96759926fdf083ce4ec5fd430dff2c5	3	0cbdbd95ba635ed6a06f38a5cec2fd045bcb681a3cd4c02e5bdde5d940f2669c
490	1896	3f301b97-017f-5466-b34e-7c5234dd67db	62474835-10b3-57e7-9f43-d0a149f4ba54	held	missing	true	3	4	230	4	open_candidate	e67758697408c16f4017f6334674139c7e4a494edb5ac8f9f54a1c69fa2aec05	7	fe6f71904af4961a42a6c349e5ea00f7208ac22bf1808d2bbf0336778f009fd3
491	12383	deb0481c-c6e6-544d-bd41-0c0c74998d9a	c87248f2-080c-5d81-bcdf-bd2744ac9e48	eligible	source_verified	false	3	4	206	0	rights_review_required	afb9f5afa500f5cb97a845d53ed8adf94fda2e02a1a4aa6c9aad16cbc56c5f77	1	2445323b8e078407a3e2912057c6d6161db1bff91823566ae18238ef29dbe678
492	7210	b70bfaa0-adfc-5a1c-954e-f6cc3b965b29	13a1999e-2779-5d77-a0c5-2dffa2826b22	eligible	source_verified	false	3	4	213	0	rights_review_required	436a336f9d82eff6e82d10cb6535c14ef535149378be9e921ff731e3a3246e0e	2	b32f053e07ad75a35120c8bf040a5d58a94bc0e174365084a867301415e42098
493	7605	66b92bdd-4438-5788-9ac8-0a7a44e3508c	d9bec85f-2416-58a5-b672-e4333a168f00	eligible	source_verified	false	3	4	218	2	rights_review_required	436a336f9d82eff6e82d10cb6535c14ef535149378be9e921ff731e3a3246e0e	2	a2237bb9a85a99cea94ec792fe3636ec22dcd4611f749354fe3414b965934e41
494	2291	0a0e8998-0201-5178-b86f-2d61c56c9e85	1629f3b2-212b-5740-b62f-2c25a45ea882	eligible	source_verified	true	3	4	214	0	open_candidate	86665ecc5119deb7ae812739e8af3a20ff4dd498311e00a487a84b95c393e8c4	6	47f1b03fcb84d16f3494e46a5bbc133c8f4e4f920587ce1c994c58046b8817eb
495	15040	5b9477c1-7e4f-559c-af85-c4485880fa5d	082c28eb-99ff-54ec-bcf9-034e265cc837	eligible	source_verified	true	3	4	213	0	source_viewer_candidate	3a184875d2c874dd4aee0b7438fee6f2555dab63754d5cdf12b52e527f35de9f	0	052428ec47b5e4ee3a5be34becf4bb28b4ea5376d5f3a9b9a4b7259995a6b181
496	4992	04f086f9-38e1-5663-abb6-aa68f013e1e9	f40815d0-4ceb-598f-905c-36b903897498	eligible	source_verified	true	3	4	209	0	source_viewer_candidate	a4a993cc53d58d20c3f58bc334a65558933f4e4fbcb7dffd05c5900f9e9fa6a5	1	15c0c283b747bf62893c7ce5e736f487b800e177a3fd9befcff40a434a8a51a1
497	11379	fb5fd00a-ce6a-5414-90ac-20646433d031	445b6f94-c447-5759-8fa3-db90f9f6e583	eligible	source_verified	true	3	4	213	0	source_viewer_candidate	436a336f9d82eff6e82d10cb6535c14ef535149378be9e921ff731e3a3246e0e	2	00d4353a2ccab5708d0bd2b20fd60cb6eaeb857d368689e30f405ebc79508ce7
498	3393	73424ae4-e66e-5793-b2f2-29601b4f65c8	1e18450e-fbfb-57e8-a7fe-ca8731291080	eligible	source_verified	true	3	4	211	0	source_viewer_candidate	86665ecc5119deb7ae812739e8af3a20ff4dd498311e00a487a84b95c393e8c4	6	0bf763feb1cce4856ba17ba722bff9caa6aa16bee3397ea1d14069c75873ef69
499	1336	1db251a6-db91-5d2b-a2cb-6137b5d8b64c	bb7cdb43-4f4e-520f-8ee9-af6646a44c05	eligible	source_verified	true	3	4	215	1	open_candidate	86665ecc5119deb7ae812739e8af3a20ff4dd498311e00a487a84b95c393e8c4	6	33a48eae7fe31739ff7a1bdba08e0db03248831555eaa5118fca9aa92d95ae8e
500	15652	a6e12eba-e929-59d0-b3ab-b95265de3d9d	5f4de3c9-eca7-59d8-91cb-103d622e2eb6	eligible	source_verified	true	3	4	216	1	source_viewer_candidate	afb9f5afa500f5cb97a845d53ed8adf94fda2e02a1a4aa6c9aad16cbc56c5f77	1	22ed410c3e1b5cb581e160a729012dd7229d8696c07e3496cbbbc2af982629b5
501	1033	f8bd35c6-603e-534a-8fff-ba64e37d8141	734be829-00da-50ba-a99c-a6466e44709b	eligible	source_verified	true	3	4	216	1	source_viewer_candidate	436a336f9d82eff6e82d10cb6535c14ef535149378be9e921ff731e3a3246e0e	2	028d8defdd4c77f3ab4a71f3a71dd6e20352bcb39e9ec2190a346d86c7a2d494
502	6607	87e976ef-b2b4-525d-b3c4-4fe6fb715e46	50fd7a2a-d8dc-5721-bfb7-a25eefc523a5	eligible	source_verified	true	3	4	217	1	source_viewer_candidate	884d0bba04f878989279721c4cbc99d2a6cfa510ff2e5466f6f75b4cc6ef287f	5	77ce5e0e656be59d3e95eb6da6f03ce6e1cc5404d44cf36fcdd5b649108fd50e
503	1339	1de80137-15e8-5535-9758-2091fd65d07c	9ec3039a-c051-55a0-83eb-a81364d8a0c4	eligible	source_verified	true	3	4	215	1	source_viewer_candidate	86665ecc5119deb7ae812739e8af3a20ff4dd498311e00a487a84b95c393e8c4	6	2a1141885edf0d25d068f81a6a3afaa4c47c65923c3307d3931084305bbae70c
504	15193	7be061d9-4ce0-541b-867c-4e27afbb5380	9b5fd8e8-a80e-57dc-8cc7-112b0805471c	eligible	source_verified	true	3	4	223	2	source_viewer_candidate	5489a6970e7df484aa394c3b34d0f69fc5f4c7c88e570bc1eb2df907346da70d	1	0d884a21fae392ee3910af3f20fa47ce5fa54131fcec2b0bb1e10dc1ae63ea77
505	9885	5514b9da-6839-59b0-8930-5af4082002c7	dca65a62-669a-5b7d-a64b-b7a02569eff9	eligible	source_verified	true	3	4	218	2	source_viewer_candidate	436a336f9d82eff6e82d10cb6535c14ef535149378be9e921ff731e3a3246e0e	2	06ef4aa5d3a66ca039ca157d05cd9eec4132cd1d3a60f39f05e4f8bdcd2c96d8
506	6624	5313574d-312d-5b22-a0ac-3c0629a3b6c8	b10d379c-c25e-50f0-8083-cf131cf8c122	eligible	source_verified	true	3	4	222	2	source_viewer_candidate	884d0bba04f878989279721c4cbc99d2a6cfa510ff2e5466f6f75b4cc6ef287f	5	01e5953be6896a2f7279f6b728bd0befa3e57656c3ab3eefa0ae8b8ee2077901
507	2289	8064ff93-7c39-5a80-8384-f8092353fb2a	b7700dda-4c0a-5a8a-9495-3ce288557dfe	eligible	source_verified	true	3	4	226	3	open_candidate	3a184875d2c874dd4aee0b7438fee6f2555dab63754d5cdf12b52e527f35de9f	0	3d8d7bcb98daf1fe2b50a7e0b9701ee2e5104ed5f1d00d7293e6e438efe6761b
508	4498	baefb66e-f95a-53da-aaab-f57eb5a0ce4f	5bc22a16-524b-542a-820f-b30ec927541c	eligible	source_verified	true	3	4	226	3	source_viewer_candidate	3a184875d2c874dd4aee0b7438fee6f2555dab63754d5cdf12b52e527f35de9f	0	07018526202b2f781fc5c5fb12d4a217635789933f558b8d12f399dbdae431f1
509	12781	95933508-112f-5861-a513-2ad4f2919a91	969cfe65-ec4c-5670-92e0-06e89f19e228	eligible	source_verified	true	3	4	226	3	source_viewer_candidate	5489a6970e7df484aa394c3b34d0f69fc5f4c7c88e570bc1eb2df907346da70d	1	7cc455190249306a82d4277710d31b949af9804ae0a0acedfb6e773e3caa2874
510	5087	05ae4bf3-8f28-5d20-8f19-9cc51951d826	c9c30bc7-047a-582d-99ee-7f2e1e1a6c0b	eligible	source_verified	true	3	4	225	3	source_viewer_candidate	436a336f9d82eff6e82d10cb6535c14ef535149378be9e921ff731e3a3246e0e	2	0bf05ae489fd6d22ec9c77662900c9a38a0071ba7a85ac76bc0cbc5291a83f3c
511	13589	b82e62f1-d891-53da-a698-dad9f9eae928	50902cac-2213-5b62-a652-4ecc0248ee46	eligible	source_verified	true	3	4	226	3	source_viewer_candidate	769462c4f46dd6ed56e8680c5358c9ed627ef1589500c8b818a57c71e1e3e68c	4	0383f28bd063784a477470298f80a8888360a392da172ef60e30706b8bc9acfd
512	8618	b677d175-c3a3-55e5-88c9-eb4dcc64dd33	bee27b6f-7c2f-5fec-aa46-6644e2fe1326	eligible	source_verified	true	3	4	227	3	source_viewer_candidate	884d0bba04f878989279721c4cbc99d2a6cfa510ff2e5466f6f75b4cc6ef287f	5	010e5c65e80728114ffff3bb1fb05e01a47912133914b5c1214c423a3b23174d
513	4771	ce9067d5-67cf-5746-a718-bd2992843ef8	0e405113-c8da-587d-a014-0be97df7de2f	eligible	source_verified	true	3	4	226	3	source_viewer_candidate	a8e60ead06dd30adb0e988b8d5809afe5c86d183e94227a497d00914e7030e8a	6	04625a3d3e676910255ead18efedfbd0a376522fe901edd866e899d698db2a83
514	10796	797434a4-c6c3-5b19-956e-4f18baca4213	312c572a-a8d4-58a9-94b1-401f744731c6	eligible	source_verified	true	3	4	228	3	source_viewer_candidate	a1a791cb7cd269685c534e2cf479e1865a585772b0b5126ee4abf4dc87dfd72b	7	0f68b19e2e957bda60951f979cb8e33d691bda0a8c7c333d6763a19b6292ab45
515	1630	8bb48dd2-540f-53d8-958b-1f87500c56f7	9882f2b1-27ad-5c52-9d6b-ef38c7e6f578	eligible	source_verified	true	3	4	235	4	open_candidate	e712d1697775f728053fd9234295603b3c0993ad13a391b40ce55e87db1f141d	2	ab78b89a894732648f6bc75cfbdb0ad1221880216715425e9a3bbc21c879d4fd
516	2443	f7949105-1d94-56dc-b0eb-9802d4fe8829	42631075-1bc1-5092-a59e-1f81a7025abe	eligible	source_verified	true	4	4	232	4	source_viewer_candidate	3a184875d2c874dd4aee0b7438fee6f2555dab63754d5cdf12b52e527f35de9f	0	a2aba2c56a2eb82c481f155b65810f9ddfe5136dd8ab045c8b7f32a69deaf2c3
517	14679	a6aa76f5-9b39-5d1f-8087-a4961aef85a3	d2b5b9d2-1849-5f56-bbf0-8a0d7610e5b7	eligible	source_verified	true	3	4	230	4	source_viewer_candidate	5489a6970e7df484aa394c3b34d0f69fc5f4c7c88e570bc1eb2df907346da70d	1	200a09063f9a02514d6b473aebe676ae9f200c18d8c4f6edf106f2b2b21dc40d
518	999	85331592-3f90-579b-b79e-44ab418f9f23	b2601db7-2efe-5664-ae1a-aeda41a8bb06	eligible	source_verified	true	3	4	233	4	source_viewer_candidate	436a336f9d82eff6e82d10cb6535c14ef535149378be9e921ff731e3a3246e0e	2	3a9de2bc1eef1ba0710b5971e83b3602d3f9151e7839db14fe7fa1c55a6d7c6a
519	8722	984fd2b6-6455-56eb-9407-0800e582ac7b	dbf06db8-1b32-5dc7-95cc-9e6e25406e7b	eligible	source_verified	true	3	4	230	4	source_viewer_candidate	884d0bba04f878989279721c4cbc99d2a6cfa510ff2e5466f6f75b4cc6ef287f	5	0386f3e7b5f4c49e213636c77ced14763d4e08046cdecc36b26d03854c7109fa
520	3751	849dc3db-efc1-57a4-afea-30da81849330	b468042a-f8ce-5cbf-8dda-c50ed21d4520	eligible	source_verified	true	3	4	235	4	thumbnail_candidate	e712d1697775f728053fd9234295603b3c0993ad13a391b40ce55e87db1f141d	2	5eb0320d6607fd7e40532f0be1a837b7f77377bc7652085594db0c3486c42afb
521	2375	54c526d2-0d67-5005-baca-4c17800a4208	3f0ca22f-0db7-5d72-8b73-99a38e5a9a13	held	metadata_supported	false	3	4	231	4	rights_review_required	3a184875d2c874dd4aee0b7438fee6f2555dab63754d5cdf12b52e527f35de9f	0	188cd877535f4c36f66e4153fa3bb102ae759c3ee9ede0bc7cee2f3035607114
522	21	f60ab2a4-db09-50f9-8c6e-c0d13647b709	a1f6a0ad-820a-560a-96a0-65c91b7d823f	held	metadata_supported	false	3	4	230	4	rights_review_required	e712d1697775f728053fd9234295603b3c0993ad13a391b40ce55e87db1f141d	2	5f25c5a0e854b605f943d6b48c8b1919303dc42c5ad3dc4c1c3254d358793b96
523	14062	a4a5c573-ea9e-5201-a4e9-67a3d439ffa5	57bbd505-e618-5491-8cc8-31bffe8a7666	held	metadata_supported	false	3	4	230	4	rights_review_required	915d54464c35ca25edbba2aa044ee1d02fc03fb3c79e9a32014bcf37f325bcbf	5	e8e5ad4953c217b0af3e2ed072a044057cb3090400d18b6c0a1e0c91a1e090e7
524	61	c09f2d27-88a2-5c2e-a192-a7901f6b1b3b	ff549bae-f57a-5345-82d3-19f2fbe038d4	held	metadata_supported	true	3	4	226	3	open_candidate	3280c3edab3ed2fc72aa2092c98de2c145777e08d0bc8c544b619332e48c7877	0	0d540b83ab5d5f9a5ce4857cb8ef06d0da80761e8571a2e9901fed9028178e14
525	1734	40a2b433-f719-5b68-b859-ecd41df8e85a	752c8165-bcab-5435-9386-cc0ef2d9ab03	held	metadata_supported	true	3	4	226	3	open_candidate	b5d6db725c1b8d72087639beb24c1beb8979f14b9c63ff71b406488e2566eaa7	6	2ec44bf6ea489a1bd4eae2df93d43a2b770b2ccbb0dcfca6e626d3539be8c706
526	904	aab0e464-2cd7-55c8-9aae-4f1baf79d569	3c3fcf70-e768-5139-9d9b-bbdfdb5420c7	held	metadata_supported	true	3	4	226	3	open_candidate	46bfc88338119efd35cf6dfb57bd7083a9a05ab824d3bd8a874ae8cf3f3f7fcd	7	fa5aeaa52974e7923d250b7269564ffa847ed9933e233aba948caf21ae54ed1c
527	7970	93f3343d-7f61-5b6d-947e-f8fe349e34c9	e68769ba-5dd0-5d72-ad2f-18df872c29fe	held	metadata_supported	true	3	4	226	3	source_viewer_candidate	f5281f1e38e33476d97862fba7b62ec146da28257fc88e62e86de6379f65cebf	0	104e703b13b5c7b200c7005ee57bf2af7d4263dd44196b45cf524e5a5fdf2f16
528	15326	73da6490-b29e-51a3-9a61-6a54c992ddd3	dbed185d-168e-5a21-be87-a2d69ca1dc64	held	metadata_supported	true	3	4	226	3	source_viewer_candidate	afb9f5afa500f5cb97a845d53ed8adf94fda2e02a1a4aa6c9aad16cbc56c5f77	1	0e4e1d68441ad7be8aa7cf7b6aaf37ad9c750fcf951ceebbe5a260d46d41bff4
529	15916	4cb0240a-0468-5cef-9d73-1abff95d2322	9de8ac3b-94d9-528d-8e72-3b727440f66e	held	metadata_supported	true	3	4	226	3	source_viewer_candidate	50f235137b73d5d134e08db3bf36e74acb398c525e14a1d00450b775f45c51ed	2	82ba270127fd8ea7a14dd5208d373b4f341059e34eb99e31e45fc9779dbddddb
530	15633	9e751672-f641-5239-9d27-e1fcff7aa78a	2b281833-5ff0-53e5-8d75-a004cba68ad5	held	metadata_supported	true	3	4	226	3	source_viewer_candidate	a0b5fff55510cba6f95fa8025630944db5a41bf85582618f624149a45fedacf9	5	7803aa5e55f12a1b6dd78056860f79aa883c52f698f7330bab39a2bd03e23981
531	15032	284a39cd-8a37-5011-bd23-c5c88031ff3c	9dd9c8e2-4abf-5673-8a93-f17709e3568c	held	metadata_supported	true	3	4	226	3	source_viewer_candidate	b5d6db725c1b8d72087639beb24c1beb8979f14b9c63ff71b406488e2566eaa7	6	284adf361f00fc42f55b4c58ff30ca8493cbbc5c2c34e77d00c1b06f8bb9dd07
532	1063	1899baf9-b280-51f7-b548-5e2a9ac9ae17	4b13fd84-f4f8-5c9b-9411-5aad011318e9	held	metadata_supported	true	3	4	230	4	open_candidate	3280c3edab3ed2fc72aa2092c98de2c145777e08d0bc8c544b619332e48c7877	0	030ce87a266742461fa9977a5423ded639718e06132e40ac524af4783467bdcd
533	3886	1654d354-0189-5ae9-8cca-88e2a63ed36b	b9498329-273b-52ba-a8cc-53b3901c0671	held	metadata_supported	true	3	4	230	4	open_candidate	b1f1b3f5a7ab62246f5507b11f9703efae2b7bd57d6d9a5e2e332f275db798b3	1	581d5aaf4ff51b5e8e188d61c537acae93d196a52306390d9197d38e3b20bbdb
534	3070	cc26f9c1-ff7c-5807-a183-35286ab284c6	5ece4a93-b941-52fd-af71-40ae02088777	held	metadata_supported	true	3	4	249	4	open_candidate	6f828dceacb14a1c57113dba885f3ff53e683dfbc695caa67507a4c197002b6c	2	2160efbe5c8685225a2a29362c28236acb6aaf656978fb32b1f7e0726d67b383
535	173	205b03a6-4cb1-5a29-afa4-d1c36f78af52	732a0ec6-e53c-5cd4-a2e8-ce828f7aa293	held	metadata_supported	true	3	4	249	4	open_candidate	123bc7e257fdf11877370f5b1d1c1ab70e7d60bf4be176f8ed74a1febe44a2b0	3	02d1c1eaa6cf8c985eb36144b5be426fd7c3b29d8dae4218a0a860f32d5f6aa5
536	450	2dcf1f42-54e9-5641-8f59-bec2b41dc304	2230bfec-a86e-5c17-abc9-5cda19dabfe0	held	metadata_supported	true	3	4	243	4	open_candidate	19445551a692516c3bee1bbf6e1f5ecdc7409571d3a5f1da17d6d44410e7a5c9	4	09a41378ea8c5a71759e95c8ced1e871e8e3a0ccd505beb89925fe8447cfbcbf
537	464	c262d02f-9e6f-5a86-947d-e9fd0b0aab15	74ecd40d-cf71-5bd9-8e08-f98c8f57d652	held	metadata_supported	true	3	4	247	4	open_candidate	28b5aa7b3434bf4b05d460b753fda57948a937094213d70201a5a1f904228877	5	1295ae6a75db1c971da6e1c62cd6f42d4b63f38321119191edb84bea795a1440
538	14761	45e26ff1-7694-50e0-a87b-ddae5e66cab6	68fb6c1b-1281-545a-ac93-9ceffb805e93	held	metadata_supported	true	3	4	230	4	open_candidate	b5d6db725c1b8d72087639beb24c1beb8979f14b9c63ff71b406488e2566eaa7	6	18b3d635847ed587611816e427f623c811d701268bd2ac07494a0007813c5fd9
539	15747	1e5cb3d9-64d0-5a87-8b55-66c62bb463e6	f1406bf3-e27a-5cda-9aa7-65cd25bb4f42	held	metadata_supported	true	3	4	247	4	open_candidate	e67758697408c16f4017f6334674139c7e4a494edb5ac8f9f54a1c69fa2aec05	7	00fa3db0977480f0b4b40d2827d1a064b13e6f331835b8d0197ecac7bd3e7bf3
540	2674	df6b7d2d-2544-576f-9321-2d256ddda572	d63334e6-84a1-5abe-8d99-9c6997ecaaef	held	metadata_supported	true	3	4	230	4	source_viewer_candidate	1bc8ece4fab2c3593afd95fc69a7d0badb171298379f775ad7b713ad9d3d9312	0	0d982d8151e2bb8d74d82f81c4161cf823efb59e54bf7632e3c01a441b44f851
541	5521	4aac589a-86c8-5235-9bcd-826d8f517815	66ce4327-d71b-501c-bf8a-ace3b39404fe	held	metadata_supported	true	3	4	242	4	source_viewer_candidate	b1f1b3f5a7ab62246f5507b11f9703efae2b7bd57d6d9a5e2e332f275db798b3	1	4b758b6b6dd979dcd31f8c3ea6b62071000c3ca892c64204b378a457d2330bf1
542	14425	f7bac909-395c-579e-ad7f-a6f81e59fc14	c50cdc81-4473-58b8-a8da-be1cc082b301	held	metadata_supported	true	4	4	234	4	source_viewer_candidate	497adecf79849ad2e546759b47539c9c2fd2e339242dadbbc6e5618044646b39	2	1e5606888557255b0aee2d1a1a30637b4d3e3f6b8967377ea0da70fb39599be2
543	5743	3145d211-c4fa-55cd-927d-ba632da24094	1dc0c715-1fdc-510f-a5b4-b22fd91b36db	held	metadata_supported	true	3	4	236	4	source_viewer_candidate	10f50e98203c4bae4009987d0a9c7bda038c9ace8ba0d985702ecf450c9f21ae	5	07fe5e1061e5b9c63984fe2525a715a6d7fdca58e15c18000567cd847b1bf5dc
544	6154	3386664f-ed15-50d7-b60a-0aac5148604f	121f41f2-5b22-51ae-ad5b-c900e7076e57	held	metadata_supported	true	3	4	230	4	source_viewer_candidate	b5d6db725c1b8d72087639beb24c1beb8979f14b9c63ff71b406488e2566eaa7	6	3a0d78b810f75867b6f349c66dfb7562804db922646fa0bd40da63d0655c0a81
545	12028	200e6e00-1a7a-5d54-ae78-de3b599d059e	e5945f10-ac5f-57d1-ac3c-01f9c4105a29	held	metadata_supported	true	3	4	230	4	source_viewer_candidate	84cf5cc09554c708787c465df238da4163a0805594a9be425cfa1ad3a24e2781	7	0b1ed256402fc94bd5d5b67ee4f19006893ae364c433c0ebc744a807ff179c04
546	973	78046859-d607-58e7-a8c6-949437913a3c	b6f2f8b9-9b4d-5936-9cfd-2a9b3fb9135f	held	missing	true	3	4	215	1	open_candidate	f498d85db75decf8f507e0eb30c4ee330058dc83b98f9f041da0799cf88ac344	0	03c812ce2455f774960a5a2de5aa3badb0cd27f111eff3ff8f7cc22bd4e33223
547	1574	e5aee642-3c77-54ec-90ca-cbbdde76c7bf	1a2ce4a6-a4e2-5c28-8173-aa7cf3a01e07	held	missing	true	3	4	215	1	open_candidate	3ad1dd9bea5bfcf3da649374ce8f188cd13d3ed29fbe9bf42161710bb58461f0	1	2063648ddebfadea3f4112435956e5d793ac8f3b546e1eec1a579f45a68a989a
548	12898	46652120-4744-57c9-9990-890a1573cc1c	e2727a6f-9d02-5ff6-852a-0ac3b7728e8e	held	missing	true	3	4	217	1	open_candidate	55224624565c55193c9bd27d4144d23400842c7c07b094d26f9cad7ed99590eb	2	58ae485195571ac128256d4b2a344d94d03a7163662eb2a5795abad659d28933
549	13204	230aafa8-1522-587c-bce6-d52180345a56	b91eea26-a5ff-5cef-bb12-263cdce6f806	held	missing	true	3	4	217	1	open_candidate	ce13526429def2a8da1f86b30897b84df96759926fdf083ce4ec5fd430dff2c5	3	034407ffd3ca8de552b456b1b3e07ced2c04f467023c1cc088e4c75253aa182e
550	1875	be7fedca-ca2a-5cc5-af64-702ad9fea69d	8516bc5e-fdaf-5b67-8e0e-ee14f91668aa	held	missing	true	3	4	217	1	open_candidate	b824b9ac086481378afa7b0b70f69bfb1030056bae81a227168fd8408aafdd0e	4	2b20dcf50f0e9691d12eeabee7ac8f6a8890d73c0f564f853bbb0deec855bc18
551	2701	90a77fff-50f7-534d-83fd-e86aa32e7bde	b79f9dca-ddae-5f10-a4ba-fbd32a583f3b	held	missing	true	3	4	217	1	open_candidate	447d94336b09ba337fce13be3e99a335d0582d712f276d368f27736ad56e461c	5	077889d893965a74b5bac148996a00f2494a8bcabd0d698a4b6629f53a92fcea
552	7651	4d93d292-8237-59eb-b725-b3153622dc1a	b0676ace-4254-5ae1-9c43-4f04a51e5580	held	missing	true	3	4	217	1	open_candidate	3ed6b2b8512d625e04a5ea641eb91770c0ba99bf642afa17e20505866c8e4f85	6	22ba5b9bed078ba3b92e7d838c6922b5e08113c750e46a489f9123fadb54043f
553	1416	080406c6-3781-505e-9f46-7ae62f0b8106	c59dac07-7159-5805-9c08-cb0b6c077200	held	missing	true	3	4	216	1	open_candidate	e67758697408c16f4017f6334674139c7e4a494edb5ac8f9f54a1c69fa2aec05	7	048b64638f16e20c8654747948dd68bfa7660fa71c96ad800ebda802c18a77f4
554	11722	bc43e11c-8909-5ede-a267-a036f8286c9b	4e39c9a7-1090-5ada-9e9a-d1efc3bc09f4	held	missing	true	3	4	218	2	open_candidate	f498d85db75decf8f507e0eb30c4ee330058dc83b98f9f041da0799cf88ac344	0	04418bc650700c4ef6187f42b40ab8c6298b8ca254016ebc3db9a85281fc3486
555	12877	d807e461-74df-523c-be1d-4a78156f5249	1527322e-50ca-53b5-94de-5b3c80c6efec	held	missing	true	3	4	221	2	open_candidate	88b10ffdcd212b802f52339f4f7669d32437aa3883999600c7193f36a8ced50a	1	0cd4a24ddc2cd9b26a2fe62453dccb5a3687c4964a1f889f62a4a475653c13da
556	11840	3cd433da-c113-5cc9-91dd-59e24c3d02e2	e6a60dc7-e71f-5278-b686-7a1eca78b65a	held	missing	true	3	4	221	2	open_candidate	438ac127277553d6a35253f4f4f3649a9bba492b5afabbfacf13998dd15879d7	2	65a8b57cc74c478bcb06ac970d38aa1ea6b5deddfbb07cdac7b48131e6364be4
557	656	79abdfa0-7f41-5a7b-9c1f-304af6c5e3c9	0541da12-9b4f-521b-9faf-550c693140d4	held	missing	true	3	4	221	2	open_candidate	ce13526429def2a8da1f86b30897b84df96759926fdf083ce4ec5fd430dff2c5	3	00bdb5cc4e801308a4d1eb1429c5049d32ed1a580e51494d74cc1f1a5d469c61
558	2427	aeed5a3a-8fd2-5bcb-94e9-418d75d91392	1e685eae-ef21-5511-b84a-377f10dbedd5	held	missing	true	3	4	218	2	open_candidate	9d64f998ea5699e43f452a57227b356ae5dab03d5b027a867d49b80af01d6692	4	139475d147424da9ad6a665289e9cbaefd5953d0c2e8d425dca41092ac17614b
559	12087	84af78e1-8ff4-5891-a9bc-c3a3f9e3aed5	e9e58643-8450-5e16-9265-ae8dfb40bf6f	held	missing	true	3	4	218	2	open_candidate	412574b38f00ced0627422089fcc1bcaad110675eda655c5ef07ba177b37589b	5	03de730cc40de8c35a2885633a455d1d018abfaf53b1ec50b74d88f7b83e7e21
560	4746	80cfb1c0-8d8d-5004-b9c6-e13c6f6c7a49	362aa30b-03e8-5cd3-a94e-3790192ef2b6	held	missing	true	3	4	218	2	open_candidate	9a86e3e1f3cb514be66f0dfa7a5b91baa65590cbea4b5e31525d7593ead06fcc	6	5310a0a285317b09b7b5fb0fa19b0b5943b3e54ed3204f0ff53be563413852e6
561	4926	8928fae1-f860-5733-9458-5842340b647f	22801387-e961-5760-bd73-5f5c1c1b94cc	held	missing	true	3	4	218	2	open_candidate	e67758697408c16f4017f6334674139c7e4a494edb5ac8f9f54a1c69fa2aec05	7	09a970c9ca7bda57c91764e5ddf6cc9095bdcea18e44cdba642e014a08e3d54c
562	4296	e546fae8-2b65-5ead-a4e0-aab3a9f8b381	7f73152c-1700-58c6-b7ff-2f1f50f1c04f	held	missing	true	3	4	225	3	open_candidate	f498d85db75decf8f507e0eb30c4ee330058dc83b98f9f041da0799cf88ac344	0	1b24a7ff7221b720e5629661de3cbef17abd94d52af71a7cb67754136cc09544
563	2089	0bebf2a8-9c1f-523d-b7bd-73292e10520f	51d539fc-c023-5692-b7b3-73d07b2f8dac	held	missing	true	3	4	228	3	open_candidate	ce13526429def2a8da1f86b30897b84df96759926fdf083ce4ec5fd430dff2c5	3	024baa4331c37a1a0f66fe281fcccb6074493373d684fe9bb287960b56943c70
564	5727	b7663791-5354-5203-8294-08b1ac02714b	aa4e7237-91b7-58fc-a0e6-2689a94a2cd6	held	missing	true	3	4	224	3	open_candidate	64a5bad05ac4270d12c06c3c346ef86232f056155617aaa8f97dc731a32f3878	5	43ab8ab78192ca5855d5d367dede16534d06847c666a5c613cb03e39c54c46c8
565	15631	3455e02f-937c-5f3a-9172-6f80aa776f85	88ff7268-1bf0-5b4c-8998-6a103996b95f	held	missing	true	3	4	224	3	open_candidate	e67758697408c16f4017f6334674139c7e4a494edb5ac8f9f54a1c69fa2aec05	7	b24b6e0db675219959ce6641a24fc514e5814acbe6d60017bdaf379a0a269c25
566	13362	30833261-e53d-5507-b8b9-9e9aaa1aaa40	bb528d9f-9dd4-51a3-af93-64a7f1eeb15e	held	missing	true	3	4	229	4	open_candidate	ce13526429def2a8da1f86b30897b84df96759926fdf083ce4ec5fd430dff2c5	3	0e28653c9788792daf6cb0301d39581eeeb3c9f64cf8f33055f75d297da93e21
567	5653	89303406-375d-532b-82aa-c0b26a15a20d	2cd49a3c-fe46-57ef-8e6c-7ae957e6a326	eligible	source_verified	false	3	4	209	0	rights_review_required	afb9f5afa500f5cb97a845d53ed8adf94fda2e02a1a4aa6c9aad16cbc56c5f77	1	2fe5b7f5c48d2b1023826eb24972dad1da2ee3a8f07f7955acbcbea20155b0d8
568	5216	15ad9082-7fb0-5560-96f3-22732c9145e1	76630fbb-161a-5ba4-a682-34317fc8c52a	eligible	source_verified	false	3	4	213	0	rights_review_required	436a336f9d82eff6e82d10cb6535c14ef535149378be9e921ff731e3a3246e0e	2	be6060e7f56bebf166bd297444f052044f4d2cebdcb6ff5330db9ec6e49ec831
569	7213	6cd5e389-8470-5d39-a08f-c37b402a9353	966bb009-b4a0-5e89-b626-ddff05c48c71	eligible	source_verified	false	3	4	218	2	rights_review_required	436a336f9d82eff6e82d10cb6535c14ef535149378be9e921ff731e3a3246e0e	2	bf7e7ba0e771fe10cac896d6e1262b5d98b92fc6068a15950ca8789fb493fe3c
570	1215	37117fa5-007f-5c93-8294-81caab82f609	45a1ec2b-bdc6-5768-b625-fdc2690f2534	eligible	source_verified	true	3	4	214	0	open_candidate	86665ecc5119deb7ae812739e8af3a20ff4dd498311e00a487a84b95c393e8c4	6	5a204748005c274148c12599538cc07eb8cc267738cb934efcd5b6a4acb8f052
571	13796	704d0b71-d4e4-5870-9622-81a3a1c912c0	18a7b8e7-72b1-501e-9edb-4d9040222968	eligible	source_verified	true	3	4	213	0	source_viewer_candidate	3a184875d2c874dd4aee0b7438fee6f2555dab63754d5cdf12b52e527f35de9f	0	07540c7f521169ab212fd4bc2fa7800c3047035607b437e2d8e2726cc652b3fc
572	8805	44c24a38-3707-5e5b-904a-f6f558f0b49e	9d45c2b7-0644-529a-bd9e-86492edc7561	eligible	source_verified	true	3	4	211	0	source_viewer_candidate	a4a993cc53d58d20c3f58bc334a65558933f4e4fbcb7dffd05c5900f9e9fa6a5	1	2ad5e18cf6aed0df8e5a2f039000f207563843b6dc490c1b0ce4f840bbaf4791
573	608	1acd7cd3-aa7b-52de-a539-00e64a6f7e13	44b92b68-2a5a-5702-b065-c8f6e16e7665	eligible	source_verified	true	3	4	214	0	source_viewer_candidate	436a336f9d82eff6e82d10cb6535c14ef535149378be9e921ff731e3a3246e0e	2	00df9133f8265a0820530606cbea0943a05dcda64f734ea1edf153e07a4e6838
574	9108	0ed889ae-a7d4-5280-9626-f21092b8bd88	e834d999-4277-50a1-8549-d18b7c858aa7	eligible	source_verified	true	3	4	210	0	source_viewer_candidate	19dee214942adad17a440254a87b8f3cbc1ac465b3c61ae4571b4a110bb0c63c	6	0de039bc4573db8e5e5650e804a689bbdb79146c350f6e6ca6ac0818324afd6a
575	1910	14133814-2868-504b-9046-21a901b0ad17	6481b608-adce-5887-80a5-163292576054	eligible	source_verified	true	3	4	216	1	open_candidate	86665ecc5119deb7ae812739e8af3a20ff4dd498311e00a487a84b95c393e8c4	6	390d1150588510d658f52adb189dab89cae7b6104a23f6ba32de07932b959ecf
576	15654	8508f0de-363b-571d-8e9b-3c42e8d6ab68	553a9d48-c2b5-513a-8086-7b527ed64f43	eligible	source_verified	true	3	4	216	1	source_viewer_candidate	afb9f5afa500f5cb97a845d53ed8adf94fda2e02a1a4aa6c9aad16cbc56c5f77	1	235d271e3605be5fa32b1072720a1db1c9fcd3c7dc7b56f260287815b5fbfdde
577	10213	d2cf7cf2-6a8d-5fd5-83ba-2583fa7ade87	aced479b-03e0-53fe-85f2-590b1686baf6	eligible	source_verified	true	3	4	217	1	source_viewer_candidate	436a336f9d82eff6e82d10cb6535c14ef535149378be9e921ff731e3a3246e0e	2	02c0cec3a03b0f1c6d35e2d77d33d6a7733fb185500c187d32f4cdd272aceedb
578	6719	9bb37a53-e2c5-5e19-b901-87e2c13e6e5d	d125ff6d-9067-584c-a031-a6f1f993991f	eligible	source_verified	true	3	4	217	1	source_viewer_candidate	884d0bba04f878989279721c4cbc99d2a6cfa510ff2e5466f6f75b4cc6ef287f	5	f615beb381b660f08407fa41f94ef7515c7e1671ccfa4ef8d9a341db38b6d1ea
579	2908	7daf2746-a7e5-5165-adc6-1fe777d4a750	b95e618f-d64e-5aab-b420-28cee6e9199c	eligible	source_verified	true	3	4	215	1	source_viewer_candidate	86665ecc5119deb7ae812739e8af3a20ff4dd498311e00a487a84b95c393e8c4	6	2c08a80833d5d220e5ed3e99c9a3ad0e0ab06be124e917e574723073331f40be
580	12693	f15297ab-928f-5a58-9b97-6a637bdf1a3d	446989e1-2e02-5c56-8375-38c4ed9a8448	eligible	source_verified	true	3	4	223	2	source_viewer_candidate	5489a6970e7df484aa394c3b34d0f69fc5f4c7c88e570bc1eb2df907346da70d	1	1314fbb7e9319df8903ef13f56a05b6a5e42e515faadc303c8905f2ebc7a393a
581	10953	413b9e39-25b2-5d04-a0c3-b484f3ff9b32	b97467b5-3591-571a-beb6-ff8b924b64de	eligible	source_verified	true	3	4	219	2	source_viewer_candidate	436a336f9d82eff6e82d10cb6535c14ef535149378be9e921ff731e3a3246e0e	2	0779bfe438362155686222ff30dfa5066751a2422ce43d4416a357ca7e291028
582	7893	1b0a38ce-36c1-5165-9024-f2434885e329	0d0281cb-8c98-5493-a48f-221bbe75abbe	eligible	source_verified	true	3	4	223	2	source_viewer_candidate	884d0bba04f878989279721c4cbc99d2a6cfa510ff2e5466f6f75b4cc6ef287f	5	02507cf555fd6e2dc48ab11055e946214665a4303c2322542b71dece17cb0803
583	1389	ceae4ace-1b48-524f-8e4b-d7c8c508ed77	6e30ee7d-1c51-5d9d-a7de-7267ccabccd1	eligible	source_verified	true	3	4	226	3	open_candidate	3a184875d2c874dd4aee0b7438fee6f2555dab63754d5cdf12b52e527f35de9f	0	4f659e200b83805fdf285f27277f7d27af0a3883c06aa961da0006b92e9f4bf0
584	14316	bb30e554-a61a-5195-ba6e-e344fa62ed54	34f4abf5-a1a5-521b-9c48-ab15ca937280	eligible	source_verified	true	3	4	226	3	source_viewer_candidate	3a184875d2c874dd4aee0b7438fee6f2555dab63754d5cdf12b52e527f35de9f	0	075553f7c5b021bf26a99d711668107295702dbe6cb5ed8626d36bed744648ad
585	14553	8c52eb20-8dd4-55d2-bc6e-970505e7c86d	f526809d-7699-570f-a532-731862730f50	eligible	source_verified	true	3	4	226	3	source_viewer_candidate	5489a6970e7df484aa394c3b34d0f69fc5f4c7c88e570bc1eb2df907346da70d	1	7e228743e214667582145564c0ecd71130325afbd6b787b031a0283d37544408
586	1919	6ed62dcc-dadf-55ea-8649-8e24bfbf2523	b671cc97-50ef-53ec-8353-335f03c76ada	eligible	source_verified	true	3	4	226	3	source_viewer_candidate	436a336f9d82eff6e82d10cb6535c14ef535149378be9e921ff731e3a3246e0e	2	0d2a55ad0224174dc2deb116c25108ba7a9c05b128bda6bb55679b5e7f06a312
587	12517	b9ca3898-3119-5933-94ed-ca6693f682ee	f509d849-2b7e-5a82-8458-0cde8b838393	eligible	source_verified	true	3	4	226	3	source_viewer_candidate	769462c4f46dd6ed56e8680c5358c9ed627ef1589500c8b818a57c71e1e3e68c	4	05162bcbe7b64ec77c43595b48d3c9276dcc767055b9b9f8d13c6c0bc661ca4d
588	7965	bdec0598-85c1-5762-994a-b41bbe3ba8d1	64416ce1-9532-5aca-8495-c2791131d4db	eligible	source_verified	true	3	4	224	3	source_viewer_candidate	884d0bba04f878989279721c4cbc99d2a6cfa510ff2e5466f6f75b4cc6ef287f	5	0110115d8e0b72550b963ec3f6856ee471f084a325ba2b90c1374ed20f2de20b
589	3888	725451b7-6caf-5b4b-98a4-37d095c92645	512f76c0-8289-5efb-a9aa-f1648553243d	eligible	source_verified	true	3	4	226	3	source_viewer_candidate	a8e60ead06dd30adb0e988b8d5809afe5c86d183e94227a497d00914e7030e8a	6	05c6c85f12edacf8966c407a0ac34277a8226d9596e28a6e44853a3fff82869c
590	7222	fe4fee09-c1cc-5b37-a26c-085e64af421d	9f9cb64e-bb04-5b8e-82be-ff7a8a79c514	eligible	source_verified	true	3	4	228	3	source_viewer_candidate	a1a791cb7cd269685c534e2cf479e1865a585772b0b5126ee4abf4dc87dfd72b	7	14cbbd3018d58b06e7c2a75adb21e000b8ed654ab31ca4dadd476801b25b1562
591	2770	b6fd2e23-d43d-5e6c-a03a-483e1c866983	6d155779-e6e7-549b-b972-ceeb96aacedb	eligible	source_verified	true	3	4	239	4	open_candidate	e712d1697775f728053fd9234295603b3c0993ad13a391b40ce55e87db1f141d	2	ed3e9ca639ab2967995022b429cb1aabab1e1bb172fee21fd11fcaff9db32bee
592	4948	87028d68-00f8-56bc-a851-15552b45ab23	0e308810-33af-5c26-9548-946c8de9d6c2	eligible	source_verified	true	4	4	232	4	source_viewer_candidate	3a184875d2c874dd4aee0b7438fee6f2555dab63754d5cdf12b52e527f35de9f	0	c00b8e8026d0a7d2272a1ada97fe0a82ac6b2dbf451ccedbfbd67bc8230c24f6
593	15674	86504dc1-865a-5b15-b122-5e7de2eb4ff9	b5e58c81-0aea-5a64-988f-6075854648d1	eligible	source_verified	true	3	4	233	4	source_viewer_candidate	5489a6970e7df484aa394c3b34d0f69fc5f4c7c88e570bc1eb2df907346da70d	1	21cddbdaa320bd3ef86189a9a5faa0289f5435d23e9941d19563438a6c90c169
594	2142	e08c96d7-2bfd-59f9-b2c5-e7fcced5ec9c	cb83bb1f-a011-533b-b050-5b69affec014	eligible	source_verified	true	3	4	231	4	source_viewer_candidate	436a336f9d82eff6e82d10cb6535c14ef535149378be9e921ff731e3a3246e0e	2	3ea597fa0929d6baf01515b2c410c8dbaa4e613bec1a0ca5988dc1ea17097d67
595	3558	d46c98cc-ca59-560f-8fd6-cab01469b708	c7e1f368-153f-5dd4-a2d4-c970d349bc5b	eligible	source_verified	true	3	4	229	4	source_viewer_candidate	884d0bba04f878989279721c4cbc99d2a6cfa510ff2e5466f6f75b4cc6ef287f	5	04383d31558c8c252e6e3a13ee4b903bb3cc5aac3cf0afbf98cda5af71f7f9e3
596	3757	001a364d-00d0-5018-9bf0-3cf4cd10d9f9	38884053-53f8-5d1f-862b-a6e6d136e31d	eligible	source_verified	true	3	4	232	4	thumbnail_candidate	e712d1697775f728053fd9234295603b3c0993ad13a391b40ce55e87db1f141d	2	65578f1188c92454e8b488a46a1178a743cf0d69441378cde449d0571c73d400
597	4517	b8191b92-c135-56da-a909-95290509765a	1e816e9e-8fe6-573d-be65-47cfe0cb868b	held	metadata_supported	false	3	4	237	4	rights_review_required	3a184875d2c874dd4aee0b7438fee6f2555dab63754d5cdf12b52e527f35de9f	0	1a48c1fa63487423d7fafaf8554bd0f6ad3bc73fa77a45048689a9b7c0d50117
598	14677	88151d75-f7fc-5e99-9c81-72ef91d6d286	a1e3b233-9382-5599-af85-cf3833ff6f12	held	metadata_supported	false	4	4	234	4	rights_review_required	18723d4583831fbe281b9374fdd681fc113059dd3fb605af7025c50d84be26db	2	7280792d8d55a7b2cd85694779787cb8336688bf91f0a71a2c0876794e3623c0
599	13702	a5796d86-4557-5486-b758-cbbf6f888147	c3736e3f-e1b2-5377-b197-6c5f74f5112f	held	metadata_supported	false	3	4	230	4	rights_review_required	915d54464c35ca25edbba2aa044ee1d02fc03fb3c79e9a32014bcf37f325bcbf	5	ecf8a2ab7972928b42424e3dedf92b801b638414e23ef08dd92cfc7497b7ffb4
600	3876	db2507c7-c7d0-53ba-92ad-cfc91ecbfe96	7187e7e8-2cc3-5fcc-b326-02ceec240ee9	held	metadata_supported	true	3	4	226	3	open_candidate	3280c3edab3ed2fc72aa2092c98de2c145777e08d0bc8c544b619332e48c7877	0	0dcdf2423df120417f6fa751733b01090b8f48442fb6f0edbda47437d244620e
601	12109	fb3562ab-621c-5f93-ae4f-763845a16ad3	e996ea63-f55f-5f96-bc54-81477ceccdb0	held	metadata_supported	true	3	4	226	3	open_candidate	b5d6db725c1b8d72087639beb24c1beb8979f14b9c63ff71b406488e2566eaa7	6	4f7622ee38b5b8b5b01a16fa48d6aab932963d20cdfe7cd9a7494714911ccf7d
602	11180	8980360b-59d6-5e46-a53d-88057d7c8f82	5fc9e70b-6c06-53b2-bed5-7f6bcc2e3240	held	metadata_supported	true	3	4	226	3	source_viewer_candidate	f5281f1e38e33476d97862fba7b62ec146da28257fc88e62e86de6379f65cebf	0	132635949a073fe2551822bb885d4a9c0acd6de01e7ef64d1959a2d1f5b972d6
603	15641	3800e396-eb1b-54e1-ab86-0c9a01dfef65	3935a772-db2e-5887-8edf-9bf700dcc8ea	held	metadata_supported	true	3	4	225	3	source_viewer_candidate	afb9f5afa500f5cb97a845d53ed8adf94fda2e02a1a4aa6c9aad16cbc56c5f77	1	10c13f6d31a00a74bd33f70b6208ccb39699d603025d61c3f57f05ab47816421
604	10275	521f28ff-234f-5e4c-ab04-02372f8f4602	22c5436b-42a4-55c2-86d8-8a21cc590b89	held	metadata_supported	true	3	4	226	3	source_viewer_candidate	be5a5dc7f3392fceb41c8b90c27867606fbf993f112959e82f03f33587630f2e	2	8ef9e57879e31b6aa38d966c2c968ec7fab785bce1e137454d38fb46f4bc5003
605	15636	58d14e4f-64cf-5edb-8eab-85b3dbce8fd9	c989595d-bab5-5fe5-94a3-b9fa224600cd	held	metadata_supported	true	3	4	226	3	source_viewer_candidate	a0b5fff55510cba6f95fa8025630944db5a41bf85582618f624149a45fedacf9	5	86b7ef57e0d79c7268288d9ec7018f5d629f39f5a70c6f51fb57c38128327cd7
606	15030	e3ab428e-aa99-52ff-a53c-981053a451ed	61d12673-0179-5376-8ab1-03564bf1eaa0	held	metadata_supported	true	3	4	226	3	source_viewer_candidate	b5d6db725c1b8d72087639beb24c1beb8979f14b9c63ff71b406488e2566eaa7	6	28a34fda7d619da5534d1e380cb93e07ac2b5338b9d813272b1e4cd7c2ef6aa1
607	57	0d9bc1fe-7fff-58b4-a1e2-6de473495583	0f835698-82ba-5fb7-9c84-0f172aae71a5	held	metadata_supported	true	3	4	238	4	open_candidate	3280c3edab3ed2fc72aa2092c98de2c145777e08d0bc8c544b619332e48c7877	0	0374a541bf6518cc26b9ce6db5f8cc691bc038a9470998750eb3feeb9ef57036
608	13967	a24a808c-dd4a-5a83-a956-4ff33185f4d1	9686b72e-d488-50e3-9591-955f02cedc90	held	metadata_supported	true	3	4	249	4	open_candidate	abf16db7f0dea6114b13fe85334738f34e68ef7027b9832e37ab88a0f016f353	1	67a21768bc751957c1dbf38019c1edfc73426ea495ef6b1016fd6c9f01acb41e
609	15268	60a3ecb4-2fd3-5b3f-a0e5-19f187bdf690	2be47bca-c827-5bdb-b76e-89bd79a4f0c1	held	metadata_supported	true	3	4	249	4	open_candidate	47ea5a46a28fbfe12856faded1545bb8d3ee36e56341c20f25564505e8878eb3	2	237f057e1d6019b9f3ad72907bcf9172a17125213d57ee39ba38cd1dbdcddd0b
610	1845	8c041ffa-49e3-5948-ac45-cfc61d43b742	68723ed2-f0c6-5a5e-a206-18f7482decc2	held	metadata_supported	true	3	4	249	4	open_candidate	9f63ca6e9a5a527ff8214a4d05f43373b67377396810d1fb158d396ac2097005	3	02f3a6321408735c8bb5461695dddc825eccc6c713ee36f65af084223447a9c8
611	5229	92f02768-9a79-555f-ad40-4dbc62e098fa	23cdf466-6b7c-5eb1-a9c8-f6f4d6d3c95a	held	metadata_supported	true	3	4	249	4	open_candidate	4c94a0e3d66996169b12ff2aa671da357ecc9f331867c5ff04e2acd91f2c082b	4	11379c8c372787e31fae7af1b657d961e683d7bfdcb3b4ee42fced90a73f3115
612	13496	077a7111-2a99-516e-b5a7-8ec55b833e76	c1852221-ab9b-5586-88cd-600ced8a4661	held	metadata_supported	true	3	4	243	4	open_candidate	28b5aa7b3434bf4b05d460b753fda57948a937094213d70201a5a1f904228877	5	144f69266e039b5e7b4b4c483209a22b1c098477f8855150ff0a62d10c6fbc47
613	14822	9ca68812-837a-58f0-9b7f-7a3575ff3ad2	659fb553-7c06-524c-96ad-28f17ec0e67d	held	metadata_supported	true	3	4	249	4	open_candidate	bf0e9099628ddbbc5cd10d82e6f9ae587c163fd93b372a11f71f4ea4d2c3b2da	6	1aaea8a0733b0260215f116f8a028ad39ba7e04405328d8f720764bae33f205b
614	14482	50333b93-e59b-5ae4-b4ca-e8cfc297714b	e295f29d-9397-5612-abbd-d47d36a0ddf3	held	metadata_supported	true	3	4	247	4	open_candidate	e67758697408c16f4017f6334674139c7e4a494edb5ac8f9f54a1c69fa2aec05	7	00ff2a4d7fb0f5db92dd73b63d795dc561173e3a11d0f7d24e889750004e03e3
615	2538	0495032d-49ae-5bdc-b334-74438d4e14bb	7811f08b-e18b-5bfe-bc6c-9960ea724b15	held	metadata_supported	true	3	4	230	4	source_viewer_candidate	1bc8ece4fab2c3593afd95fc69a7d0badb171298379f775ad7b713ad9d3d9312	0	15540e463ca4e2e4621cc871512404891932b451d4b3ea0adbd89458f905702d
616	4883	4192f215-dd8c-5d52-af0a-8157dc4497c8	56321fdd-20de-5b07-b0ba-43ce87e10ae9	held	metadata_supported	true	3	4	230	4	source_viewer_candidate	b1f1b3f5a7ab62246f5507b11f9703efae2b7bd57d6d9a5e2e332f275db798b3	1	4dbb960df366905190e1ae1a62279937e4f3c821506abb917bcfca63c7196dc2
617	12899	0abf18c2-aa34-5602-8587-658665996b5a	aa446de4-3a57-5ff7-8b1d-cadc52ee7ad6	held	metadata_supported	true	4	4	234	4	source_viewer_candidate	497adecf79849ad2e546759b47539c9c2fd2e339242dadbbc6e5618044646b39	2	1ea722fa4011173ac4fe3e5231a69f395e445e8a8b1cbae5a7df8f79f8ab6f4d
618	3073	8da116ae-c0dc-508f-85cf-ae924a4955d5	a0156d22-aa8f-53f4-8460-fea417469a6d	held	metadata_supported	true	4	4	234	4	source_viewer_candidate	10f50e98203c4bae4009987d0a9c7bda038c9ace8ba0d985702ecf450c9f21ae	5	08972ea5df4a635650e52b043120137e83867a2526bae9070a009da7611800e5
619	13915	2f53b667-1c36-594b-803f-ff6259c99344	49fe0b55-71a8-5628-a8eb-138e407ba45a	held	metadata_supported	true	3	4	230	4	source_viewer_candidate	b5d6db725c1b8d72087639beb24c1beb8979f14b9c63ff71b406488e2566eaa7	6	4817cc096af567dae1d123faea1b8ba021be247cc7775c460adda0bc5f81c175
620	10259	4e08e243-5168-56f3-a888-7ba7d7840ad7	cfa4c8e8-39e5-5e10-b8da-01ca499a46c6	held	metadata_supported	true	3	4	230	4	source_viewer_candidate	84cf5cc09554c708787c465df238da4163a0805594a9be425cfa1ad3a24e2781	7	160d1bc0333d285b9eaa4a4269759397120f9beac6304670635bf77727ab28cb
621	11537	28627d9a-6233-56ae-9c0d-54daf72207bc	7406c66d-9423-5ce6-8792-16da08b81b31	held	missing	true	3	4	216	1	open_candidate	f498d85db75decf8f507e0eb30c4ee330058dc83b98f9f041da0799cf88ac344	0	03e42ae574067d4a8134ab1915283955064e32c1fca6b08571956a8463e8fe35
622	734	ebb88004-5ba5-5c5e-beb8-af99829f3047	19a8735f-781e-5f85-99a0-8aa69c04a209	held	missing	true	3	4	217	1	open_candidate	4131fad8df00df2379cef85d9973d0e0ffe2747cbbdc32e8d2d8054c6d49a3ca	1	2220dc82da929cbae546ff5dbecdef91b3d8929a91cb197493bc24cc70b6f287
623	15444	e774a1c8-0a31-5c3d-8539-f740cdd77781	2f6d5165-667d-5bfc-b025-a2471014fb63	held	missing	true	3	4	217	1	open_candidate	47ea5a46a28fbfe12856faded1545bb8d3ee36e56341c20f25564505e8878eb3	2	61d6357911d8c95a4d38931844c09d1b0e1d6ba31a305e30ff9150dfaa13e98e
624	7745	928aab77-7f32-5d2a-ab72-81431c9645c4	da272507-17d3-5577-a257-c22ffe6cdc1a	held	missing	true	3	4	217	1	open_candidate	ce13526429def2a8da1f86b30897b84df96759926fdf083ce4ec5fd430dff2c5	3	039d92fd25d8f36ab89410e07eb1d75f9223d97ba7f77bfebe6959f9febc953e
625	1805	766b327e-f20b-5c0b-8b50-92fd2e038d5d	ce41200d-e950-5674-85ca-fc6027c84920	held	missing	true	3	4	215	1	open_candidate	e1fc4e41acd804b693061b26962d2af69e03b50df5c55fe9ca0ee97d011cbc51	4	2eef8d6c7ddfb745cbef905d89dd970eba02343d241fc3436a8da3dba6fd67c4
626	5234	9c2784c9-fe0e-52f4-94f0-68ae42209303	7e6d37dc-a1f6-5f36-a39d-0141ff3ed925	held	missing	true	3	4	216	1	open_candidate	28b5aa7b3434bf4b05d460b753fda57948a937094213d70201a5a1f904228877	5	0e7e3d165c8881225101e579fda51ad7ffcf6d5bac284431daede36ff2d9212a
627	1980	33fc2c54-4d11-5366-81ea-46f0a2f990d7	de38c156-ff51-58f9-83c5-c89d406c963d	held	missing	true	3	4	217	1	open_candidate	f40e920f73ce5cf88840b1c14c1b4bd6f173daaf120d39c9e36d4d2c0965547b	6	2372032ebed9dd9e9a4545b10d6d188cfd6216aaf4324bf56cf78c2ae812715b
628	11900	13a5ef19-70fa-5747-830b-a9d4953808d5	b3ea8106-7107-5898-bfb8-9a6dc34eede4	held	missing	true	3	4	215	1	open_candidate	e67758697408c16f4017f6334674139c7e4a494edb5ac8f9f54a1c69fa2aec05	7	0544fcd34dd083090630da90970bc0afd85674a923cc7c8772a69cc291d5054e
629	1309	eabff7f4-9e81-52a3-852e-f5fe7a1fd91d	50727b07-a8f2-56b4-a7b7-5a34ccb9fc10	held	missing	true	3	4	219	2	open_candidate	f498d85db75decf8f507e0eb30c4ee330058dc83b98f9f041da0799cf88ac344	0	06a4fad1b62452c09b7889a4d2bd818538974defcf879d235e6d532e7e742f5b
630	13992	ebfc1c70-5d32-5c1d-b69a-f9493bb34d4b	2226fd80-2920-52b7-ab7d-610bc31978c3	held	missing	true	3	4	218	2	open_candidate	88b10ffdcd212b802f52339f4f7669d32437aa3883999600c7193f36a8ced50a	1	141662f4c509a7cffe6a2e460378c0fcb7be1a09fa3cfa78dc78b9cf5c235cc6
631	3069	f2aeefe2-366f-5895-be88-440908aeea8b	75199768-68e8-50b9-95db-4db1b3c94b2b	held	missing	true	3	4	223	2	open_candidate	20eacd3892d99202c981ef52ffc6c45f1434c617b2ed7468ad5515fcbc956d05	2	660cf67f2bcc40f15f75c5e7482a69b789df6d804efa995e2f54ca7216685ee7
632	598	851b95c9-d7b9-501f-8eec-44f89be174ff	338df4a9-9099-53f0-90cb-ce91c1940e84	held	missing	true	3	4	218	2	open_candidate	ce13526429def2a8da1f86b30897b84df96759926fdf083ce4ec5fd430dff2c5	3	00c3e10729a5a3107b1c0f7b3abb464e1cb16b245e032181dd3395a90fa86f08
633	3474	da289969-e640-5ce8-b421-8b33fd215fa2	71d6b451-2cf6-5796-8132-ee378d6bd886	held	missing	true	3	4	220	2	open_candidate	aa14a0d492a6faf3f47df76e704b02acb13dfa891dce679cd0ed0f71168011fb	4	16e77aa2f8827892ca86912e57cc734e65a9900215e40bc4189dfc619507bc49
634	11733	5042c8ec-da80-595d-8638-d77688ee7813	853430c6-c7f6-57ec-ba2a-15ccaf0aaaa4	held	missing	true	3	4	218	2	open_candidate	412574b38f00ced0627422089fcc1bcaad110675eda655c5ef07ba177b37589b	5	04945556574b018ba1463d9e022ed2712b65b0ecb3bea0971a929dda57dc1f51
635	1906	1ad54a47-5d89-56b5-986a-42a64b9cc596	e13ed834-852d-5110-be42-520cac409a6f	held	missing	true	3	4	218	2	open_candidate	b4ae2db555bb69cebcf874c3359c9e1efa8997ddadcfa58811842a598b7680a1	6	9c34d648a247ebd87ab7b5c6ea448e224e649a6c658ad49775edb9310255fde0
636	8428	b4a5965f-5449-5430-a6ea-1547db1924bd	26d95568-4811-50d6-8ed2-ea0649cbd519	held	missing	true	3	4	219	2	open_candidate	e67758697408c16f4017f6334674139c7e4a494edb5ac8f9f54a1c69fa2aec05	7	0bbd2930548424ee65bd725189af1c30616c2ea3bdf4f2b08d92db32c24c6de8
637	7467	6341fc08-7f90-5794-9d3a-b7940b04e2bd	3a083a07-53af-5741-aedc-c08584066425	held	missing	true	3	4	225	3	open_candidate	f498d85db75decf8f507e0eb30c4ee330058dc83b98f9f041da0799cf88ac344	0	1c67a8d73a7c6981851656c13d6235d10b49bf98f13f7c7a2b83c8b7c5cf2c2f
638	13953	b68baaaf-93f5-5744-968a-22c8bb8ccc9a	fc491e7d-401f-524b-939f-789c01f9c163	held	missing	true	3	4	224	3	open_candidate	ce13526429def2a8da1f86b30897b84df96759926fdf083ce4ec5fd430dff2c5	3	02aec6303a393b4410bbf219105fbf6f147530dbcaa1796341025ab236c0a72a
639	955	5e899bf1-4c80-5f00-afde-82f2c15f7d34	57aa0195-9f61-5d9e-a7ba-8b9a058d9827	held	missing	true	3	4	224	3	open_candidate	28b5aa7b3434bf4b05d460b753fda57948a937094213d70201a5a1f904228877	5	4e41e85afd947a5252ed5dcf6455631f4d3729874f235bffcaca1ca4c1ba5cdc
640	15632	fc4ae365-8931-52da-aecb-9227578ee65c	662ac629-743b-504b-9b57-32691533dbfb	held	missing	true	3	4	224	3	open_candidate	e67758697408c16f4017f6334674139c7e4a494edb5ac8f9f54a1c69fa2aec05	7	ee3a104982c1001f460165d0a8d5dd38b4a9cf48dd50d4059b7cc082b36ff32d
641	1464	5f528d93-fcf1-5c8c-b2a3-cabe95297e7c	fc7c9618-b8d5-52c4-add5-db3e69d7d36b	held	missing	true	3	4	234	4	open_candidate	ce13526429def2a8da1f86b30897b84df96759926fdf083ce4ec5fd430dff2c5	3	0ebf81939f6bd6dfa3f48a0bd9eba127c95c8874826270ce02fd50dd0ebaa8f8
642	15531	8e55075d-306b-55d5-aee2-014a47713856	56af0400-a922-5241-9b21-d4a2ae119d0c	eligible	source_verified	false	3	4	209	0	rights_review_required	afb9f5afa500f5cb97a845d53ed8adf94fda2e02a1a4aa6c9aad16cbc56c5f77	1	3626a95e6c42618a4975f5927e628b796c1c69f4a6d9c118cd37ee337c5e0936
643	5217	fd4eb260-5884-57ac-94eb-6c8e2182b20b	4e6f0099-4962-5e1b-98bf-759b5538d004	eligible	source_verified	false	3	4	213	0	rights_review_required	436a336f9d82eff6e82d10cb6535c14ef535149378be9e921ff731e3a3246e0e	2	c10fc9d1be727c59032727c41cdb206d5de5ad05ebf5550defc5df4d3c1273a2
644	1331	59522fa1-6d59-56f2-9f63-0b511a4eaecb	3a4d244c-9142-574f-9211-aa851fe40345	eligible	source_verified	true	3	4	214	0	open_candidate	86665ecc5119deb7ae812739e8af3a20ff4dd498311e00a487a84b95c393e8c4	6	5f18b5f15f811fe2e176654c222aaf2f03eed8da27c7ea666f427bfe348178a5
645	7	8c2d8986-0da5-5b4c-a001-b0e1cdd05f68	68e805cd-f601-5a52-9904-0cf3c8d9fb0a	eligible	source_verified	true	3	4	204	0	source_viewer_candidate	3280c3edab3ed2fc72aa2092c98de2c145777e08d0bc8c544b619332e48c7877	0	078ac5ecea24392a093121c6199701129025ef53307c8f070f43e06cbc882c3f
646	2638	4b9c272f-1995-5044-887d-5b8c37ca40ed	94e587d3-ddf6-5471-b31f-b72980a7da86	eligible	source_verified	true	3	4	212	0	source_viewer_candidate	a4a993cc53d58d20c3f58bc334a65558933f4e4fbcb7dffd05c5900f9e9fa6a5	1	3cbda76efee19ac6aa340962cd5f0928f16d3ac6528b9b5eead7ee3d622de8ea
647	11955	8c08d407-a2f3-5e98-889e-9487210a751d	b89b221e-be27-5d33-bfae-9b56cfce9b2d	eligible	source_verified	true	3	4	211	0	source_viewer_candidate	436a336f9d82eff6e82d10cb6535c14ef535149378be9e921ff731e3a3246e0e	2	0142fab142889a23271d57106e99be9de0e3d1b1635a63102ae18fca1d2ac468
648	8828	a4955f61-bc52-54ce-b50d-e489e452eefb	81d6747d-58a8-5339-8abe-32cede8b2b22	eligible	source_verified	true	3	4	210	0	source_viewer_candidate	19dee214942adad17a440254a87b8f3cbc1ac465b3c61ae4571b4a110bb0c63c	6	0ebac87d6d59044856d6c65beae32442bd9cec7de610f9be85800ef080d9a224
649	1271	4089dd5d-2191-573c-a90c-efc55854cfb3	02253163-c9d4-5e5e-969c-6bfe9d6c9d1a	eligible	source_verified	true	3	4	215	1	open_candidate	86665ecc5119deb7ae812739e8af3a20ff4dd498311e00a487a84b95c393e8c4	6	4a4a594f71c53cc79c9e463b5704f6a54a6213f01e61f9457f249bc7cc060955
650	15663	88c8ffe4-75a5-5d29-b919-9535ce85987e	76da1f8b-68ab-51fa-8a4b-955fb4206618	eligible	source_verified	true	3	4	216	1	source_viewer_candidate	afb9f5afa500f5cb97a845d53ed8adf94fda2e02a1a4aa6c9aad16cbc56c5f77	1	2d091be8201b13868320341fed78f8b29ccb60dfd64d1de5746a87727192d121
651	10399	f6e2e8e1-f8e7-553b-844e-64b2e54f0e03	7d6e851d-230d-5abb-97f1-5bed0d15b27e	eligible	source_verified	true	3	4	215	1	source_viewer_candidate	436a336f9d82eff6e82d10cb6535c14ef535149378be9e921ff731e3a3246e0e	2	034212c5d419bb0a0e1931ff1c2b65f5c5714843595692aa2dbcb4e67e9ee04f
652	10038	f361e40a-60c2-566e-8192-968745974143	9e3b4dd5-f715-55fd-a198-edb30c9e76c9	eligible	source_verified	true	3	4	215	1	source_viewer_candidate	86665ecc5119deb7ae812739e8af3a20ff4dd498311e00a487a84b95c393e8c4	6	31392f008010b678a8d196bb0b59d9df6cb21006ad3c4f73f7ee37649d7c4312
653	13062	a29148b1-241f-5183-8365-8ae3fb8ecd23	d74728fb-6d94-5884-bec3-b41dee1d9ed9	eligible	source_verified	true	3	4	223	2	source_viewer_candidate	5489a6970e7df484aa394c3b34d0f69fc5f4c7c88e570bc1eb2df907346da70d	1	15647e3ba2e15f8d73b024d7ebdb59c971823c797b8f4e6a56900bac46fea91c
654	13437	7c1b76c8-146e-5447-8d6a-704d06234e6f	6998b5fd-5b5b-5eee-8000-4d057ad5831d	eligible	source_verified	true	3	4	220	2	source_viewer_candidate	436a336f9d82eff6e82d10cb6535c14ef535149378be9e921ff731e3a3246e0e	2	078f298cefff547eb7fe496ddd5ff79a3439b5672b6bd32d8bf3e1ac48e6099c
655	8498	2e688ce4-bb5a-5f5c-a90a-c60516a52702	b2a47837-bebd-5f07-90a4-2c740f915b1f	eligible	source_verified	true	3	4	223	2	source_viewer_candidate	884d0bba04f878989279721c4cbc99d2a6cfa510ff2e5466f6f75b4cc6ef287f	5	03677a8b91058bb52b32fd98f8b7b13f8b8d8af7b19228bdce6bab285fa9450c
656	1500	73f9a687-f466-5a2c-ac92-4d2a1f40b1de	159250a3-a72e-5be1-af92-5043c4126c5f	eligible	source_verified	true	3	4	226	3	open_candidate	3a184875d2c874dd4aee0b7438fee6f2555dab63754d5cdf12b52e527f35de9f	0	5aa0013352ecf4d4f7f8d3be00e78356d66d81f1c2470d61c386ba126ad747a4
657	4561	b29b32dd-ef5e-5956-838a-28ff18f0f586	a83a20d2-9b6e-5f5a-a315-bc2d27f17be6	eligible	source_verified	true	3	4	226	3	source_viewer_candidate	3a184875d2c874dd4aee0b7438fee6f2555dab63754d5cdf12b52e527f35de9f	0	094168abe38c3d966ffaf5658e91ef596f00847f1558069d9420c2c16ebb0631
658	13063	9995d63e-7cd2-5a7f-b842-bce76c2fe58b	a7620274-2ae0-5df4-b65b-5fc9c0cac916	eligible	source_verified	true	3	4	226	3	source_viewer_candidate	5489a6970e7df484aa394c3b34d0f69fc5f4c7c88e570bc1eb2df907346da70d	1	80fb2cb452a1511bd9af016b288a4ceea9332183f48cbd800163c688d3a51930
659	588	5359b581-ce05-568b-a31b-cdb98c8d321b	0b21d2b4-e1b0-5be2-81e8-42ead8f4d54f	eligible	source_verified	true	3	4	227	3	source_viewer_candidate	436a336f9d82eff6e82d10cb6535c14ef535149378be9e921ff731e3a3246e0e	2	1664e6d190b4614356e08a93d3cc897754172f3795793097977e50d5e1502f8f
660	12814	d5ca9f86-04b6-57fe-9cfd-c0899588dccc	e0384130-7e89-56a0-b70e-f9a2953e0e73	eligible	source_verified	true	3	4	226	3	source_viewer_candidate	769462c4f46dd6ed56e8680c5358c9ed627ef1589500c8b818a57c71e1e3e68c	4	05eaad4d8a7107853eac9df8d8a4d2742c129d3a5ec0de1c43da925347b24c25
661	6272	18005e05-2e0d-54ec-9f45-cf17761fe159	f47fe1ad-22ce-507b-8b88-00a86427dc19	eligible	source_verified	true	3	4	225	3	source_viewer_candidate	884d0bba04f878989279721c4cbc99d2a6cfa510ff2e5466f6f75b4cc6ef287f	5	011b8a2b5ed37c41c68f34e8741f2fcfc953bf48b26b80234403f3cd73f89fae
662	13803	f4501728-3d46-52f1-8a95-c5f62272cdb5	7d7a7bdb-ec70-5cd9-9c3b-ad988a14c38c	eligible	source_verified	true	3	4	226	3	source_viewer_candidate	a8e60ead06dd30adb0e988b8d5809afe5c86d183e94227a497d00914e7030e8a	6	05d0e457c615e9c957d2e75ac523abd7d48f228a3018762447dd2baa912b162f
663	12537	78dc10a1-b191-5781-ac67-d755f1dd39e5	31aeecb5-1057-54cd-a28b-5cfd828a1bee	eligible	source_verified	true	3	4	228	3	source_viewer_candidate	a1a791cb7cd269685c534e2cf479e1865a585772b0b5126ee4abf4dc87dfd72b	7	164baff7b41c8172ec301c996ce9ae523242367b1ef025b5590d420e2cf58cd0
664	4755	829ace10-0e7d-55b6-b232-ebedb70550a2	f5421fca-20c6-55e0-8ef7-048b8c292cb6	eligible	source_verified	true	4	4	232	4	source_viewer_candidate	3a184875d2c874dd4aee0b7438fee6f2555dab63754d5cdf12b52e527f35de9f	0	e32b6388e63c31a61a18250dccf68cf15206d05f2a0e30a9c3e4fa2f1f72ac13
665	15344	5fc84b71-0125-59cd-96a3-4359608a2a93	4eb426dc-be86-5b73-960a-51a66ec53c4e	eligible	source_verified	true	3	4	233	4	source_viewer_candidate	5489a6970e7df484aa394c3b34d0f69fc5f4c7c88e570bc1eb2df907346da70d	1	2863309bc9f80f8021bd67cf6b5fd917838a5ecf45d127a7567264043450ae0e
666	2137	96388dbb-1cdc-5935-8d97-8081af0b3391	d864a7b4-69db-5215-98e8-dbe6af9b1ce6	eligible	source_verified	true	3	4	232	4	source_viewer_candidate	436a336f9d82eff6e82d10cb6535c14ef535149378be9e921ff731e3a3246e0e	2	6f97ddcea35545b18692a48aaa6c359753ac478908cec186628798be8b0254f3
667	6936	12a23c36-f3e9-5542-941e-fb336941ff84	56694991-4038-5f86-9029-305c8c6cbcde	eligible	source_verified	true	4	4	230	4	source_viewer_candidate	884d0bba04f878989279721c4cbc99d2a6cfa510ff2e5466f6f75b4cc6ef287f	5	059788802a728bfe1cb1637b9f1c0f36addf162661f7df32596515c05b51f34b
668	4061	e896e33b-6eeb-5a16-b83c-9e90a544b0b5	f952be5c-ee49-5755-b205-d7d634e4247c	eligible	source_verified	true	3	4	232	4	thumbnail_candidate	e712d1697775f728053fd9234295603b3c0993ad13a391b40ce55e87db1f141d	2	91df035147207c360b177e105297a0a45ea103db72bb90d1d1589521cc3d4d5c
669	2241	88060da2-af95-50b1-981b-08eba4ea58c7	16a2e6bf-59f2-5690-93db-989605c9cd69	held	metadata_supported	false	3	4	231	4	rights_review_required	3a184875d2c874dd4aee0b7438fee6f2555dab63754d5cdf12b52e527f35de9f	0	25c395803f0c37bcbeec58bc6366e1b12c05bc89e157e4bf591a92fb374f56d5
670	23	8c10ef66-d70e-539c-a5a5-f584ba6612dc	b3c5ebc3-37e0-5c64-9365-ad04ab79a80a	held	metadata_supported	false	3	4	230	4	rights_review_required	e712d1697775f728053fd9234295603b3c0993ad13a391b40ce55e87db1f141d	2	b0fdda9702991b6c4bcc5629cdc3c1f5252416f63b23eb8954af030e4cd03a46
671	483	392a428a-dda9-55de-aff5-2aff840ecaf2	58fbc872-96d9-5c92-9fbf-e21018d39e95	held	metadata_supported	true	3	4	226	3	open_candidate	3280c3edab3ed2fc72aa2092c98de2c145777e08d0bc8c544b619332e48c7877	0	0f8f16486556820f54599c44639a2d626b4ef66822aa6bf949e0c46cef933ee3
672	794	b05cc836-70fc-5953-ad4d-732a9659f575	f7d36960-719b-5f05-ba90-18d0996bc9eb	held	metadata_supported	true	3	4	226	3	open_candidate	b5d6db725c1b8d72087639beb24c1beb8979f14b9c63ff71b406488e2566eaa7	6	510ef71f6e51c462cee08659181f7906705a4154d03ae12bfe7581497c3bfb65
673	4118	46c099f0-100b-56a8-b654-6b34dc7697c9	ab5dd21a-a2e2-5fe2-b12d-82f3f7d58597	held	metadata_supported	true	3	4	226	3	source_viewer_candidate	f5281f1e38e33476d97862fba7b62ec146da28257fc88e62e86de6379f65cebf	0	19c341b6d02bd8aca75e7967dbfd0364f8da12ca4ca30dd54b54b8868ac4b271
674	15851	02c0e5e6-4ba9-5cb9-9c4f-86618a1d8d5c	5844a47b-6220-5863-b09d-b3cb236e490e	held	metadata_supported	true	3	4	225	3	source_viewer_candidate	afb9f5afa500f5cb97a845d53ed8adf94fda2e02a1a4aa6c9aad16cbc56c5f77	1	18928de88bcded38e057a7dad3beea3636aac9dc7f0187774974a06eeeeb7b1c
675	7980	c40a6c10-a4d6-5c61-b3dd-24c3c6ec1ab3	33ae8588-e9e7-54fa-8858-7616d0d055aa	held	metadata_supported	true	3	4	226	3	source_viewer_candidate	be5a5dc7f3392fceb41c8b90c27867606fbf993f112959e82f03f33587630f2e	2	9ca7949d54c31fe58f42fd9bd7163f87f6f33048aaad59f2f8384e63c0947315
676	15634	ff3a685f-8d0d-5db9-aa79-f42d9583a642	7f5bdf4b-db2a-565f-bcdf-cbe384d221c8	held	metadata_supported	true	3	4	226	3	source_viewer_candidate	a0b5fff55510cba6f95fa8025630944db5a41bf85582618f624149a45fedacf9	5	e5642c1df65a295f1172e345e540238be7a574a6b6951bfe796794701e7ff585
677	13785	1539cf24-b70d-59bf-af2c-ec1943e9a0d0	66d4d739-a7ab-5ca7-91ae-f095f2bac853	held	metadata_supported	true	3	4	226	3	source_viewer_candidate	b5d6db725c1b8d72087639beb24c1beb8979f14b9c63ff71b406488e2566eaa7	6	2cb7ac6c4eaf4d40cee75bf458ca7ea668a8e7f783b8bf9b18a720a65b2f2925
678	4943	03cef590-e7ea-5cd2-961e-23de5d706ea8	a4da1b46-65f6-53ce-8157-c95d73d069ae	held	metadata_supported	true	3	4	230	4	open_candidate	3280c3edab3ed2fc72aa2092c98de2c145777e08d0bc8c544b619332e48c7877	0	048a24e0ffd106f193edf1c163cdd799f0662b1e2d91b3d2e31891f04db9d2cc
679	4693	732e88b3-0de6-5f80-8aeb-cb0373f0c64f	10c39bf8-2bcb-597e-bec0-8d5bf6826d0b	held	metadata_supported	true	3	4	230	4	open_candidate	b1f1b3f5a7ab62246f5507b11f9703efae2b7bd57d6d9a5e2e332f275db798b3	1	76b4e82e8cf675ae1f93e330a787fccef7736377d994731f15382a5a2d8c7d73
680	10816	628eb074-2fa7-5553-97b6-8aadde8b075c	0fc075e6-b0c9-5dab-8731-8305f1313261	held	metadata_supported	true	3	4	245	4	open_candidate	2ca266d349ce8db8bf14425ccd6cf679a1bb863504a9f80c507e23f2c2a8acfa	2	3388bc90634b2a1ac7f081259a0be4d69577b91c4ba75efbca1c348bad932558
681	3317	94152ca0-deb4-5189-8891-f872dcecb694	c7687274-d858-5677-9b39-d5d512384cac	held	metadata_supported	true	3	4	249	4	open_candidate	ce13526429def2a8da1f86b30897b84df96759926fdf083ce4ec5fd430dff2c5	3	03b5251635564f2340a5f93642ea50d6ebdf9fbdfdb7106795d7597b3c35da50
682	13731	08acf6eb-cf20-5e35-ab3f-899f399ff76c	430b21da-ca06-53e7-a214-31dd5208398e	held	metadata_supported	true	3	4	249	4	open_candidate	4c94a0e3d66996169b12ff2aa671da357ecc9f331867c5ff04e2acd91f2c082b	4	1364d7bb0d14ff31edf78514eaef664e3b3724dfafe67ce1a3f11e29acc9f1f0
683	4485	755ea051-f0fc-5da5-847c-273b7f532eb3	21d752fa-0fd3-5414-a25c-3283ccaeae73	held	metadata_supported	true	3	4	249	4	open_candidate	cd0de910e9f8a151b3e4220d3d897d131020baf6fc9b890942886ab1879430bf	5	1656629fc5353f468b9f767e84da0ed5417047e6186f0793c6e5c3fa4e4704ee
684	10296	2b82034e-a28d-55b5-9e31-d66e955a95a8	4a71dc89-68e4-528a-b108-f765dd4a67c0	held	metadata_supported	true	3	4	230	4	open_candidate	b5d6db725c1b8d72087639beb24c1beb8979f14b9c63ff71b406488e2566eaa7	6	1c9ea9e12d14169e0ef0978a90b8bd1739ae6a595029a21c871dde4747c54553
685	14038	27c04f62-d37b-5531-806b-e3839e466d45	2fc5ec6a-b70d-5191-8e07-39515ddd73f6	held	metadata_supported	true	3	4	247	4	open_candidate	e67758697408c16f4017f6334674139c7e4a494edb5ac8f9f54a1c69fa2aec05	7	01083450cea391d62e69ba9a0bea6cea755ccb35c70870d620f882754638da85
686	2913	7de994e6-d973-5db0-a288-2520bd9c1eb1	949deb24-56af-5f1b-8074-dcc27cd853b5	held	metadata_supported	true	3	4	230	4	source_viewer_candidate	1bc8ece4fab2c3593afd95fc69a7d0badb171298379f775ad7b713ad9d3d9312	0	16315711e8b12422f53e1174cf8304cd69b31bfbcad28bd8b2a460da364191f9
687	4884	74f0b090-5044-597c-b1cb-c88acd3ca288	ba1bf85d-2dfa-5e21-ad7d-95b01ef051fa	held	metadata_supported	true	3	4	230	4	source_viewer_candidate	b1f1b3f5a7ab62246f5507b11f9703efae2b7bd57d6d9a5e2e332f275db798b3	1	6beb44c2f03c9a8baf02cb0eb9f737c96056be98cf69271837816015cff6dc0c
688	12562	f32b1778-13d2-569e-9c2e-308cba7e7aa9	67d0dfa4-7ba8-560b-af2a-b206ef06e5b4	held	metadata_supported	true	4	4	234	4	source_viewer_candidate	497adecf79849ad2e546759b47539c9c2fd2e339242dadbbc6e5618044646b39	2	2611d27dbb2044219a6c7003caa34562244e2e058eb6619b1e0dd25ae28ad981
689	7704	cb8f1f02-6a01-573d-aecc-af90aa283b61	158a8200-4cff-5e32-a786-45fed2fe73f7	held	metadata_supported	true	3	4	230	4	source_viewer_candidate	10f50e98203c4bae4009987d0a9c7bda038c9ace8ba0d985702ecf450c9f21ae	5	0c34a153fa19f96703696029056af356c204b1f1bc21669422b831e0c9aa6804
690	14422	102ee3d4-0a24-5084-b63f-bb824b44fd70	afdabf46-ac34-5191-8d1e-88abfbf88e4d	held	metadata_supported	true	3	4	230	4	source_viewer_candidate	b5d6db725c1b8d72087639beb24c1beb8979f14b9c63ff71b406488e2566eaa7	6	487d7b3499e2a56aaeb73762fbf82bfad62e46bff2be733ab0026e21d217a365
691	8197	6432933b-8ad2-5a09-ab4b-1fe49f57ce56	146d023e-5454-5e34-af43-87a2654b08c7	held	metadata_supported	true	3	4	230	4	source_viewer_candidate	84cf5cc09554c708787c465df238da4163a0805594a9be425cfa1ad3a24e2781	7	18b7b4e63f80f67332177bae99a2d74f2797e08aa2e2145a83b0463da5dcd259
692	2550	a69310b4-0e6e-5ef8-864e-1f42776a7233	c7247cff-2c51-5549-8b7f-c236635bcfd9	held	missing	true	3	4	216	1	open_candidate	f498d85db75decf8f507e0eb30c4ee330058dc83b98f9f041da0799cf88ac344	0	03ea0565c783560e47a87f273a5a6b48ee9ef7cfc2d92e1f827cbfa74d35e606
693	4803	c3bcc98f-10c8-50c5-a7d9-52a0f7df4fd2	8bbc1f9a-cfd1-55b6-a6cb-2fff5af6443b	held	missing	true	3	4	217	1	open_candidate	d661daba1fef7f5f83d68cd0524344eb18cceabbd477dea5ef43d8702f7ae377	1	2423b4ecb66bfa1f1f2d153bedb2c06acd8b2113522522c2dbeff5599fce55d1
694	3664	29f6172a-941c-5687-81e6-52734eda56ae	7d5f44e0-ee41-5cc5-9805-890a4de892af	held	missing	true	3	4	217	1	open_candidate	8eda353fe0257724d8b9f634a7da98455ae0c79aa2400101a5c8824349eaa56b	2	7782c3b86881a84e30f66ef861fbf425bcecdc16bc1f82a9984b70630b760d36
695	8575	df6c529e-b19e-51ad-88a5-521770675e0a	c34023a5-c49b-5258-8738-afc139b93c6e	held	missing	true	3	4	216	1	open_candidate	ce13526429def2a8da1f86b30897b84df96759926fdf083ce4ec5fd430dff2c5	3	0435012957e3b6c99058c98083431b134b0681b9699e094228966b6e35ee69d7
696	3067	4c8da72e-9723-527c-a5d0-3d09d2475676	dca5e1dd-fe58-5618-a59f-d55e2f4cd89c	held	missing	true	3	4	215	1	open_candidate	b624a2ab1f8c81bac3256b97afe951457bf51f48c3898d2d31d2813bfe647aa2	4	3c37d8d5d39a567b479619cd341e4bb74f94a6cd06592b3492650b7ebf814869
697	2696	443805af-0655-5eef-ad24-adffbd698ac6	09c77826-8e3b-5c77-99d0-dccacf2d2873	held	missing	true	3	4	216	1	open_candidate	28b5aa7b3434bf4b05d460b753fda57948a937094213d70201a5a1f904228877	5	128c95739689a47e3d1f1f38c80154e9d9ae0b96074fb944c7cfce3b56c75974
698	2400	bdaac85d-bd67-581e-a9eb-6064a02d436f	3a7a2ad4-efcd-5923-a3d4-45f84bce7e45	held	missing	true	3	4	217	1	open_candidate	f40e920f73ce5cf88840b1c14c1b4bd6f173daaf120d39c9e36d4d2c0965547b	6	24a44b25cbc84e3f7da263ccda7ae03010271463efa5b8667e32adec89a36727
699	9692	ac0c5fb4-a2d7-5859-8fdb-0929fee2af8e	ea61ce55-7b44-562f-8b8a-60acf98353b8	held	missing	true	3	4	215	1	open_candidate	e67758697408c16f4017f6334674139c7e4a494edb5ac8f9f54a1c69fa2aec05	7	065d2a438fd956908ceb2cc1b22802f16265fbe4216f392f15addc8fe133eae3
700	15317	90c9ee25-d2c3-5ce7-b956-14dc10c5057a	8fd692d1-bffc-56dd-88b3-c1909618c533	held	missing	true	3	4	218	2	open_candidate	600830d137343a97411ce0b6a35d77a4bfdd547daa83f45b35ea52c9969c6b29	0	078820e16e2815cc6e8c2159d532fd593c774cfbb7f5e14ddf6e7959ece1e426
701	1551	3864bcca-0e35-5720-a292-e8e80078a7de	d5076d80-6fd6-553c-978b-bee4099fc301	held	missing	true	3	4	218	2	open_candidate	3ad1dd9bea5bfcf3da649374ce8f188cd13d3ed29fbe9bf42161710bb58461f0	1	1ed0c6f79df66d79e053ca6f6a4ff8d1ab1fbdd1d9ceaa4a9708d530acc80b34
702	12020	3e7555a3-14ac-5e03-ab4d-51c09e6f1051	7ec00430-751c-51af-9c19-51ba55ccffcb	held	missing	true	3	4	221	2	open_candidate	438ac127277553d6a35253f4f4f3649a9bba492b5afabbfacf13998dd15879d7	2	730f0a00a324d4ced84b4cc12d7f8b7b829f376750e5bd8d8d51deb6907be0b3
703	3923	370ce2ac-0ff8-59ce-93ff-bdcc7ea9d916	9d33c964-2856-5a02-91fe-911f06487a73	held	missing	true	3	4	218	2	open_candidate	ce13526429def2a8da1f86b30897b84df96759926fdf083ce4ec5fd430dff2c5	3	00e15101c4029d46c71a56820338bb1f96796d79731b9d0b4a9220ccfbd99aba
704	4294	17645000-693f-5ae0-80d7-4aac1d28128c	723cd621-9236-565a-937b-838298d5298a	held	missing	true	3	4	218	2	open_candidate	b624a2ab1f8c81bac3256b97afe951457bf51f48c3898d2d31d2813bfe647aa2	4	205ca63df3f9594aa9b052a010993b4e3413f1edae7fa6a236daa0e4f60dff25
705	11974	61469b1f-62a2-59b1-b264-e69ad354e48e	7ed19cb5-ca63-542a-9bd2-28109f1b7e13	held	missing	true	3	4	218	2	open_candidate	412574b38f00ced0627422089fcc1bcaad110675eda655c5ef07ba177b37589b	5	05a9151dd0a77a5ee1ad7470e0c863e99c345ee28218278e2bda139fa2a4bfe8
706	3868	7070c2b2-8b5c-560b-9d43-caeb06204cb2	d676f06b-6486-518f-8fa7-4fc7441ef2c7	held	missing	true	3	4	220	2	open_candidate	9c0eee51d46ff9ac7cf7620676dee9919c202347a31f74de81adcf65752f2608	6	a83671bcb19f5404e0734e4972c8a30cdceda8bc2350130b20d977e9f6dcb3e6
707	14324	cd45dbdf-74ad-5ed1-83bb-8bc232b12dea	5a746c5f-85c8-5f43-8880-a9bb34d0afc7	held	missing	true	3	4	218	2	open_candidate	e67758697408c16f4017f6334674139c7e4a494edb5ac8f9f54a1c69fa2aec05	7	0d0aa28c8f872c9dd14f7bde1c342dc4157fa8c1d20f65f5607fb758b0fd43af
708	3107	dd31d08f-8ec2-52f3-82ea-8887ba61a012	c130547f-6ad0-5024-8c5a-aa02f879b870	held	missing	true	3	4	226	3	open_candidate	c22056834024ba5a7882480256a84be3010676004c6f62c43ee0820618848e99	0	240765be8c72e85216d2c9ea864bba095d7c891b95c7d4c17d5e79d2f9ff6218
709	1415	196bd56e-970c-552e-b4a0-eada1c743a49	aae18b3d-4451-5c87-8af2-44c4d6d3cfea	held	missing	true	3	4	228	3	open_candidate	ce13526429def2a8da1f86b30897b84df96759926fdf083ce4ec5fd430dff2c5	3	0316a27b4046e06c4556fb09c28d4b5aba377ad656168c5f19ec5b79bde20936
710	8180	2603a9ba-6185-5448-9230-e3a0958fac49	e93531fb-458f-528f-ba85-c754fb59c82a	held	missing	true	3	4	224	3	open_candidate	28b5aa7b3434bf4b05d460b753fda57948a937094213d70201a5a1f904228877	5	72cd461cc47ed380063e11178c59f56d67baf331acf46252081a08db94c80b05
711	12368	49a9ad4a-0afa-58d5-87c6-0555016e7975	8fb8dc47-ffdf-5f2f-bcca-7323f8f8291a	held	missing	true	3	4	227	3	open_candidate	e67758697408c16f4017f6334674139c7e4a494edb5ac8f9f54a1c69fa2aec05	7	f385d3b14332d36ad290f528b7fad40f61ad92b06724468478765dcdb8758598
712	13640	7345de0b-86ab-5884-b333-c156ef82731f	4a49ec95-7dae-54fe-9d8c-1a0d92eefa67	held	missing	true	3	4	229	4	open_candidate	ce13526429def2a8da1f86b30897b84df96759926fdf083ce4ec5fd430dff2c5	3	0f0b1cce9d322aaf2bae60e03c35fcfe565d04f40fb3be6996b22c7c88851b15
713	7606	71adc80c-d5f8-5b66-b58c-7391086b27bc	0db95551-9871-5f74-8835-42dbd98d08b8	eligible	source_verified	false	3	4	209	0	rights_review_required	afb9f5afa500f5cb97a845d53ed8adf94fda2e02a1a4aa6c9aad16cbc56c5f77	1	56b6b83ba10079ffbcdb73a15fd0e865c8855da91ee1557848d96f9a635a484f
714	7209	ab8bbfe6-9a9a-5d18-a964-fcab8101f23a	783452eb-87fb-5ce9-b320-73d2d542fa7f	eligible	source_verified	false	3	4	211	0	rights_review_required	436a336f9d82eff6e82d10cb6535c14ef535149378be9e921ff731e3a3246e0e	2	c2607110eb37e01d974658fb9ab7a04a47bee27c49dfb9b6804c239df707a78c
715	2000	bd85c97a-6559-5202-a5b3-2fd393f1444f	730bf653-302b-507d-84e6-b91fd0ad436e	eligible	source_verified	true	3	4	214	0	open_candidate	86665ecc5119deb7ae812739e8af3a20ff4dd498311e00a487a84b95c393e8c4	6	70bf64d169a09d5a68a1e132ebd0f26bb99ddd04a416f6ae2b67e68a3fe88d2b
716	14539	a677d9ce-08d6-5a9c-8c27-6e0bd5dbe860	689fe136-dba7-507f-b210-69487d5048d4	eligible	source_verified	true	3	4	213	0	source_viewer_candidate	3a184875d2c874dd4aee0b7438fee6f2555dab63754d5cdf12b52e527f35de9f	0	09148444c6afa811a45cd5923e5701208a7dbfa644cf46ca44260c01c3c7a6f3
717	14569	3a2172a5-59b3-5349-ac8a-9dc12d05a467	2f08f6ef-ff18-551b-8391-6059c64ac414	eligible	source_verified	true	3	4	212	0	source_viewer_candidate	a4a993cc53d58d20c3f58bc334a65558933f4e4fbcb7dffd05c5900f9e9fa6a5	1	4c44e3eeb906b641345193ae459c527454bb57f7f87b712d0f13f0a5521a2c73
718	5589	2841997e-55f8-5f2f-ae5e-f0d5ab5c9499	ed885f4a-001b-54a7-8e3a-0a2d45023a2d	eligible	source_verified	true	3	4	211	0	source_viewer_candidate	436a336f9d82eff6e82d10cb6535c14ef535149378be9e921ff731e3a3246e0e	2	014411c02f0b96ecd9beaad22b896ebf4d9aca866f1b0f20171716e1c7a69ecd
719	10515	e80687ec-dde8-56b2-9ff7-2b6ce38111bb	b2cf8a44-0f73-54d2-9642-2b1091e0669e	eligible	source_verified	true	3	4	212	0	source_viewer_candidate	19dee214942adad17a440254a87b8f3cbc1ac465b3c61ae4571b4a110bb0c63c	6	1003f69b459743752b20139778d93d5ceabd0ca0f59aa36cce3c22e034d9244c
720	1344	1a950dfc-5277-57dd-8a58-4a8b2e6f7dcf	515c68ea-07c3-5372-b56b-64c68fb38425	eligible	source_verified	true	3	4	215	1	open_candidate	86665ecc5119deb7ae812739e8af3a20ff4dd498311e00a487a84b95c393e8c4	6	5e8e3b251c5cba6f269f7804bda372d639fcbe8011630fd9b4f186bf8f1aa681
721	9652	c39762c5-2ec8-5a3b-8bfb-b8ad950df2ab	380799e7-030a-5b4e-a80d-8832ff64dc9d	eligible	source_verified	true	3	4	217	1	source_viewer_candidate	a4a993cc53d58d20c3f58bc334a65558933f4e4fbcb7dffd05c5900f9e9fa6a5	1	37c63a0fab48c59597fa37794be18bd5ad4fab97a4ac0713150967a72ca3d4da
722	11263	5162bbb1-bbd8-5cb5-a111-feb03ca38376	c28c9128-fee3-52eb-9bb1-d5c76716f53e	eligible	source_verified	true	3	4	217	1	source_viewer_candidate	436a336f9d82eff6e82d10cb6535c14ef535149378be9e921ff731e3a3246e0e	2	03c694fbae89e355e377225a5644330d18df644abdecd2c915255b1bc4c27385
723	1337	8e2376b8-21da-56cc-9acc-2115fffb73cb	2271ce84-234f-578f-ac4a-dc090247b220	eligible	source_verified	true	3	4	216	1	source_viewer_candidate	86665ecc5119deb7ae812739e8af3a20ff4dd498311e00a487a84b95c393e8c4	6	37859bc3293d0e37eec3d7f31c6204b25fe200153b578309e448f71ccf392519
724	15539	913add2c-0b23-54a1-91ae-acea993480e0	9a0c6594-b9f3-58b5-a175-fd40d4dc8874	eligible	source_verified	true	3	4	223	2	source_viewer_candidate	5489a6970e7df484aa394c3b34d0f69fc5f4c7c88e570bc1eb2df907346da70d	1	1778ca5626a20daf47c69fd4ac3dcb81ec1a6555f556a5a829b8eb0bfbedc41d
725	3033	ae91337d-52be-5cf7-9a5d-bdd2b9bb671b	ff223201-79b2-5376-a789-6dfc70518694	eligible	source_verified	true	3	4	223	2	source_viewer_candidate	436a336f9d82eff6e82d10cb6535c14ef535149378be9e921ff731e3a3246e0e	2	0897b01f8e5a73b12b7bc3b6720432e6fb20006bdc021ff3a8e6fb19d5d20b05
726	6814	0a2f67f8-c623-5717-bb28-ce46f06ec576	79a1d453-6a71-5f6a-ab1c-4bb812eb3623	eligible	source_verified	true	3	4	220	2	source_viewer_candidate	884d0bba04f878989279721c4cbc99d2a6cfa510ff2e5466f6f75b4cc6ef287f	5	038c7fce034a315c6699603cbbacfb0dac3659376120bb36cb7b17d457744716
727	1441	169028a1-c194-546d-8771-23406938f3f7	c664fe9d-6e97-5ba6-954d-6b7041a6fe42	eligible	source_verified	true	3	4	226	3	open_candidate	3a184875d2c874dd4aee0b7438fee6f2555dab63754d5cdf12b52e527f35de9f	0	5d3703a32c8a4cddf8c3038edc05fd18efb0fcbef0aec672d2403648dd97dc0c
728	2722	b8ab4826-625c-598b-812b-314d4c99bfd7	1073be22-4e16-5d77-a71a-49f236c0a0ec	eligible	source_verified	true	3	4	226	3	source_viewer_candidate	3a184875d2c874dd4aee0b7438fee6f2555dab63754d5cdf12b52e527f35de9f	0	0affd98bab33a354861e3f3477b80267c17cb8f0aaff0eaa821184c081b6b5e1
729	15203	70ae8f0a-2e7b-537d-917c-16bbbe80d827	288914e4-e214-5f55-bfb0-f7330b9a198f	eligible	source_verified	true	3	4	226	3	source_viewer_candidate	5489a6970e7df484aa394c3b34d0f69fc5f4c7c88e570bc1eb2df907346da70d	1	8caf9895cad55ac895a7c03030b5b4b0406157953d8c10e074dec35c7f53f99f
730	2201	efccb92e-19e7-5515-9e7f-13b36ea63870	0e359b69-3b04-5bb6-b8dc-9438cfbefbbb	eligible	source_verified	true	3	4	225	3	source_viewer_candidate	436a336f9d82eff6e82d10cb6535c14ef535149378be9e921ff731e3a3246e0e	2	16a165499b3db2724f77d0c0975ce216f3031d3eeac197b00c067e34670d8a0f
731	12724	95f162be-dcf1-5bcc-8399-103627155fc1	f01129d7-2c8c-5848-b3cc-03806501e271	eligible	source_verified	true	3	4	226	3	source_viewer_candidate	769462c4f46dd6ed56e8680c5358c9ed627ef1589500c8b818a57c71e1e3e68c	4	060ed3d74b11ff31ff5fa73399b80450cec90af786960c8438b4965e5c0fc84d
732	8492	9c8bb500-a25e-5888-86f2-b68779875e7f	f0d4f3ef-1839-5cda-b986-d81edfcf04bb	eligible	source_verified	true	3	4	226	3	source_viewer_candidate	884d0bba04f878989279721c4cbc99d2a6cfa510ff2e5466f6f75b4cc6ef287f	5	01b138fcac4d141a8df7ced34d63d1c84e7ff28604db92482bba44fe9aff751a
733	5844	d2144a22-e211-575a-ba35-ab9cc502dbda	6b10d150-0bf0-5171-9fbb-ae3b96b1768d	eligible	source_verified	true	3	4	226	3	source_viewer_candidate	a8e60ead06dd30adb0e988b8d5809afe5c86d183e94227a497d00914e7030e8a	6	06155a0ca1f6b721bc31a43d2b5bf1ffdda6e6b60e4c9a9ff3e4afef2495a4ef
734	8163	21f3b638-b2c4-5241-9ccc-27a7dee84ad9	56c6020a-6843-5651-8527-4536a936400e	eligible	source_verified	true	3	4	228	3	source_viewer_candidate	a1a791cb7cd269685c534e2cf479e1865a585772b0b5126ee4abf4dc87dfd72b	7	16a025384eea85bff449124baf847eed5bca18fc2608f4a3569fc35b7a26b828
735	5520	6bbeb2cc-1a2e-5e12-af0f-a712bed04d8a	6149cbff-7cc9-5350-b31b-a337310efca6	eligible	source_verified	true	4	4	232	4	source_viewer_candidate	3a184875d2c874dd4aee0b7438fee6f2555dab63754d5cdf12b52e527f35de9f	0	ecd785b528daaa37fbd4a4cd7aad38ed1d4bc7d508a363cc5d48041f9daa1a36
736	14776	f5b96c2d-7d5f-5917-b90c-af92dd8924d0	b0efe436-966f-5f83-b2c2-62f05eac6150	eligible	source_verified	true	3	4	233	4	source_viewer_candidate	5489a6970e7df484aa394c3b34d0f69fc5f4c7c88e570bc1eb2df907346da70d	1	2ba9c5fa6f3290733fb0a3ec4faf93e6072e54419a75b38e034b39d470999a56
737	2136	2cd908e0-709d-582a-9ceb-ca6ffc74972a	82cdf889-1ec2-5e9e-a89c-2843c1ab1687	eligible	source_verified	true	3	4	231	4	source_viewer_candidate	436a336f9d82eff6e82d10cb6535c14ef535149378be9e921ff731e3a3246e0e	2	735628f1b9fe00410f606273bdb3175c1f3ec714f145892f198d3f42a532673c
738	4886	2799f806-6121-5a4f-a436-cceb6d80064a	3d593d2b-5e01-54ca-95d2-7182ca83aeff	eligible	source_verified	true	4	4	229	4	source_viewer_candidate	884d0bba04f878989279721c4cbc99d2a6cfa510ff2e5466f6f75b4cc6ef287f	5	060f08dacd4a02d8de20b249c039cb2cf8fcfcb4c2f8cb6aeefc52de62ba52fb
739	3760	d41fda06-a1a6-5c18-90fd-6b952f0e507d	933f628b-b6e9-5bcd-a426-923c9806040c	eligible	source_verified	true	3	4	231	4	thumbnail_candidate	e712d1697775f728053fd9234295603b3c0993ad13a391b40ce55e87db1f141d	2	947f085d86b4ddc933f9a18997e51e6a303bb89077c521f338f033b70abed73c
740	4572	3afc63b6-0d93-5ca8-a988-7bb967092178	9e64ccfb-b023-58fe-ad19-d85adb623726	held	metadata_supported	false	3	4	231	4	rights_review_required	3a184875d2c874dd4aee0b7438fee6f2555dab63754d5cdf12b52e527f35de9f	0	3203c2363a5d16a30b7d73493d9e2ae21122e0d7c976f3f900b0969724897de5
741	14678	804f0807-e6d8-5d9b-a7ec-94f0a4e26fc6	a0131962-b610-5c51-8c99-7830ed2d5895	held	metadata_supported	false	3	4	230	4	rights_review_required	18723d4583831fbe281b9374fdd681fc113059dd3fb605af7025c50d84be26db	2	cfc50997cba09843725de585e1dabd2e78527a399de6e0fec088c91b99ea23d6
742	956	2bd81b1e-eec2-5dea-8060-57105c0d52f0	70461de2-ef42-5052-a96e-cb7a9a4def23	held	metadata_supported	true	3	4	226	3	open_candidate	3280c3edab3ed2fc72aa2092c98de2c145777e08d0bc8c544b619332e48c7877	0	104524a95796fc0bea17469542934985bcfd7eda937ee8dda7ca6814ae5766e9
743	793	10d8331f-2589-5ced-af8a-5c26e4e0511f	cbfb68e0-45f3-51e3-85ea-07acb4b867b7	held	metadata_supported	true	3	4	226	3	open_candidate	b5d6db725c1b8d72087639beb24c1beb8979f14b9c63ff71b406488e2566eaa7	6	5390c7c9c8c067251f5d570a5650a8dffd73f68cf2e1567f729c3658c62679d1
744	2182	d522fd05-2e2e-50fe-9ad2-9ede39ded27e	a83f0e49-82bd-5c43-a7db-71688ba883ed	held	metadata_supported	true	3	4	226	3	source_viewer_candidate	3280c3edab3ed2fc72aa2092c98de2c145777e08d0bc8c544b619332e48c7877	0	1cbb398f23ee468f6bc0e201c99d88245d5d36e8564bb946459186ea5d015123
745	7039	29fcdb2f-c5c8-5e4b-9160-342f43b1ae0c	41614f6a-ffe5-57cb-ae2b-bf3724c18aa8	held	metadata_supported	true	3	4	225	3	source_viewer_candidate	afb9f5afa500f5cb97a845d53ed8adf94fda2e02a1a4aa6c9aad16cbc56c5f77	1	1e98ee2e90a6939ced1ddc5480fe958fc75cffc767c16e6b9b446cdc2c9fadb4
746	15912	15f6823e-0975-50bb-a610-74fc92641816	f68e7a4e-951e-5a68-b804-95fdd8ff7869	held	metadata_supported	true	3	4	226	3	source_viewer_candidate	50f235137b73d5d134e08db3bf36e74acb398c525e14a1d00450b775f45c51ed	2	cd6a3d8ffbc43ea26f0a2d5265e106881c0255437a4e0d627b398f7d76e80184
747	9979	ef15276a-cc7e-5712-ab68-ca2c9517d0e1	cac22288-817b-5a1e-9fae-4921878ffef2	held	metadata_supported	true	3	4	226	3	source_viewer_candidate	33bea5ff053758f1f2f5f66775538170de236d2e201da81dd0f9a9ed56dcce47	6	338f83b4f448595467de5608cc1b25f794ba1c497a80e6b04fc6e3eb064ea7e7
748	5172	1fa785cb-f20b-5cbd-ab69-c5a924634031	d97e09be-76c7-50e1-b69e-f45d5f580461	held	metadata_supported	true	3	4	247	4	open_candidate	f7a0c7e86d60988e82892f782bab4500c2a2a55843bf72a7113884401dcc23d0	0	06ec5eb40e1af145c968d5bdc901930addcf7695be01d063010c378e6dda5a61
749	13629	0297ceb2-1f15-50b9-b582-30266564ab5e	55a82d50-4467-5231-97c6-d8ddf998d014	held	metadata_supported	true	3	4	249	4	open_candidate	0e59b72698b32eaed48fd843207cf4755d06bce55d4b805b7ac130950f15bb00	1	7fb1e3ccc9b76e14ba2b24a86474f7e66619dacd091b2143b9bfbcade135b7f1
750	15266	a8c595f9-780b-5ae3-a2dd-e3df1f84e4dc	4a0f8674-8501-595f-91f4-f9a5e18a63bd	held	metadata_supported	true	3	4	249	4	open_candidate	47ea5a46a28fbfe12856faded1545bb8d3ee36e56341c20f25564505e8878eb3	2	379f975b75e36752075aa702fb86359de207e790ac44589b50efa91b08b6d0e8
751	254	96c3c8f6-33bf-5fb1-a759-4bf14d799ead	754944d3-8293-58fd-893f-339ee8924dc0	held	metadata_supported	true	3	4	249	4	open_candidate	123bc7e257fdf11877370f5b1d1c1ab70e7d60bf4be176f8ed74a1febe44a2b0	3	040d333a3b42f59e630221ed48733b89d57fbdd209c98d32c9ced23bb2f316ec
752	550	144c9768-ed7c-50d1-9127-2bc953a086df	70097523-b975-5568-9809-bb888c30e879	held	metadata_supported	true	3	4	243	4	open_candidate	19445551a692516c3bee1bbf6e1f5ecdc7409571d3a5f1da17d6d44410e7a5c9	4	13bafdd57416ecdf733919ed796bfc5a6b9d2509155b1561f94a0e0e98353815
753	15241	d92ed204-3563-5d06-8171-05382a589d06	f63da8b3-4e36-59b8-8469-163755a4be25	held	metadata_supported	true	3	4	247	4	open_candidate	28b5aa7b3434bf4b05d460b753fda57948a937094213d70201a5a1f904228877	5	16b786c5f357040390c6af5369eea96cb473abe68833c798aacd3d1001ff6e43
754	7754	be4763a4-e85d-50cb-93a0-3a112f1536b0	b6fb451b-3eb1-56c9-b1f7-3992f406cc87	held	metadata_supported	true	3	4	230	4	open_candidate	b5d6db725c1b8d72087639beb24c1beb8979f14b9c63ff71b406488e2566eaa7	6	219aa0f7c38291f1dbfe1644a5c9869997ed7f787fb5df8f7a0a1f0431bf6afb
755	15294	fd99a0fa-2d1b-5575-891f-a348d78c2fef	a0df6dbd-06e1-5b2b-a209-16784dfbbfc8	held	metadata_supported	true	3	4	247	4	open_candidate	e67758697408c16f4017f6334674139c7e4a494edb5ac8f9f54a1c69fa2aec05	7	010f178fe0dc90aa85b95d0380f8251a4d6133e245c807124472316e03dc05e0
756	5616	90672a38-307c-5344-9119-e32ec7155837	2ce70990-9fb3-5f84-adec-0e32a850ecfc	held	metadata_supported	true	3	4	242	4	source_viewer_candidate	3280c3edab3ed2fc72aa2092c98de2c145777e08d0bc8c544b619332e48c7877	0	17483606ed789ee1b6805a2fe49d45ab6e4296556d3e02cfc24876f2aeaeefd1
757	4132	814fcaf4-8440-5a8d-831a-64eb5f310a9d	d94a749b-cc9f-50e8-9bd7-bb4c88c0e0a3	held	metadata_supported	true	3	4	242	4	source_viewer_candidate	b1f1b3f5a7ab62246f5507b11f9703efae2b7bd57d6d9a5e2e332f275db798b3	1	6e443c562ecf96ad508258916027b3112e587ef0dc7907de17ed0753664c2822
758	12447	f2e4fb37-31bd-5cc7-8047-7c195b79c0e5	93bf27c7-9c0d-53dc-b645-5af698f27d94	held	metadata_supported	true	4	4	234	4	source_viewer_candidate	497adecf79849ad2e546759b47539c9c2fd2e339242dadbbc6e5618044646b39	2	27a921ea89fb10a6372847d6a549d1cedb1ccf347d3fcafcd160249632bc0e6c
759	1631	025c442d-be63-57a9-bcb9-3357a6294c2f	a512c08d-508d-56b8-98ba-e6b19031e8e2	held	metadata_supported	true	3	4	232	4	source_viewer_candidate	10f50e98203c4bae4009987d0a9c7bda038c9ace8ba0d985702ecf450c9f21ae	5	0df0ac2a6c33d7d91df7123bb7938c4de2b770d3c69d7eb0fb95fe8ed02c8058
760	13918	41c144b7-71ff-5c9b-a30e-d0346be73e35	65ee7a31-328d-5482-9f78-e289d163b5a9	held	metadata_supported	true	3	4	230	4	source_viewer_candidate	b5d6db725c1b8d72087639beb24c1beb8979f14b9c63ff71b406488e2566eaa7	6	904da1cb644c77cb0d4bd9ccf3581f6067fbef0619521f8513d8de7b4e7f8804
761	5931	357c5846-e7d2-5cdc-bd2b-b680d8af0195	dfb3f297-65c9-5395-9e5d-522006ea52d7	held	metadata_supported	true	3	4	230	4	source_viewer_candidate	84cf5cc09554c708787c465df238da4163a0805594a9be425cfa1ad3a24e2781	7	18ef7c42b37339f9670dbb689e900ae39c350e214dd0495fe356a64bd51713e6
762	2499	9eb29fc3-591d-555c-83bb-6c83655d6529	fba9a239-630a-54ab-99de-34241919a054	held	missing	true	3	4	216	1	open_candidate	f498d85db75decf8f507e0eb30c4ee330058dc83b98f9f041da0799cf88ac344	0	0454ddeedd631d9510b6271dc162a72a42d87eaaa0efb67225fcc6672b9155d8
763	1580	7211aafb-441b-5ccc-894c-9cdd4c4ecceb	b92f4630-76f5-5d04-8acc-604389da768b	held	missing	true	3	4	215	1	open_candidate	3ad1dd9bea5bfcf3da649374ce8f188cd13d3ed29fbe9bf42161710bb58461f0	1	2610724e6fdef30675f67d3e305f8c510e92b89507f16979207316ca023f5271
764	3583	357f9d3e-7a18-5979-8321-d50e36d743ed	f7f87636-1bc1-5aaf-b911-e1b5b16b946e	held	missing	true	3	4	217	1	open_candidate	31da86e1e7c133e493ae58eec540f78a233a36f1e66e67a26ae28a4770e19bc6	2	815819a56e4968e6477d9239b1ab51a39f623a732b44821a45a23f30af45f709
765	1238	327bcb30-f98c-553f-9843-2db9484c0d00	7c531cc3-e0d8-573c-9b95-8dd8b684cfe4	held	missing	true	3	4	217	1	open_candidate	ce13526429def2a8da1f86b30897b84df96759926fdf083ce4ec5fd430dff2c5	3	0760fafdeb36c3430daec34e156faea63b4cde235e3ae7e8b525a9505d86bd6c
766	7457	5217cfdc-df6b-5a46-867e-67ba5cab641b	a9f53486-c129-585b-8f2d-d03ce93d6c35	held	missing	true	3	4	215	1	open_candidate	435c3ecb9e6a4faebfee90bcdc4407ee810fb3a2199a2b4594efa8ef1a6b83e1	4	3ca999b11abb63607c391a655f16796a93258b33cef810b79cf5f58918fbd788
767	3634	9c322173-7f83-54e6-ae2b-05d5ab58bb76	837ebb20-f711-58d9-bf75-817521d9ee1a	held	missing	true	3	4	216	1	open_candidate	28b5aa7b3434bf4b05d460b753fda57948a937094213d70201a5a1f904228877	5	1477779fb2e3b6defdd6062f6ee59d7650ef7a922e9ab3d61be4ed63948bdda2
768	1422	e93249b6-fe65-5e04-897e-72442aa1ce26	dfa9daa5-3812-5295-9c3f-4b96b6d1ec8e	held	missing	true	3	4	217	1	open_candidate	f40e920f73ce5cf88840b1c14c1b4bd6f173daaf120d39c9e36d4d2c0965547b	6	25c9c692ba9b3c28a8403e91ef70886ef83e49babc954f8f39bac8c13d68ad05
769	15872	9de5da19-cb79-5402-af49-01386d5e36a1	40d56111-b01b-5c01-af0e-ce4fa8a2816c	held	missing	true	3	4	215	1	open_candidate	e67758697408c16f4017f6334674139c7e4a494edb5ac8f9f54a1c69fa2aec05	7	0696908572320725df6211f8d144287369100ceea6dfebd96da20da90251cc12
770	1937	43fe6eb5-f9da-5f65-8845-23d11ecebcc9	f8f5592c-c4d3-5880-a027-c46a23adbf6f	held	missing	true	3	4	219	2	open_candidate	f498d85db75decf8f507e0eb30c4ee330058dc83b98f9f041da0799cf88ac344	0	093e6f3f8fc3aec2cc3e346a2ac5950bec472a0554382f8017a2279d3ec071fc
771	13027	0c95f66f-e1db-57ee-99d0-ac179ab6430c	4f8c97b7-56c6-59d3-b33f-f194355fa618	held	missing	true	3	4	218	2	open_candidate	88b10ffdcd212b802f52339f4f7669d32437aa3883999600c7193f36a8ced50a	1	2d43e36dfee6944ad7bdbcb7db618afc4d48fb0277b9a5d5942cb7cc35a3cd73
772	12442	957f264e-9b88-53c6-a5cc-d777addcd782	f657eb2a-a405-5f9c-801a-179d5bc58097	held	missing	true	3	4	221	2	open_candidate	438ac127277553d6a35253f4f4f3649a9bba492b5afabbfacf13998dd15879d7	2	7f820f7148c5c34bb4b45d7d6a66701f1a7ce9d0ea50d6fb2ef006d990b7f23e
773	7073	e1fb09d2-4725-5713-9eec-ee2c7a851a14	fc59da35-e7eb-5a5b-96ce-c11b70ab1078	held	missing	true	3	4	218	2	open_candidate	ce13526429def2a8da1f86b30897b84df96759926fdf083ce4ec5fd430dff2c5	3	00f2e8a2732b76c5c7033d2e52cef45a6b4ae2ab47e92606686ac749f6f347c5
774	5817	1de9e6a3-5769-5a66-82de-c15687dc3de1	67ca7e94-77b9-52e9-9744-32f1b76c2b38	held	missing	true	3	4	221	2	open_candidate	85f45f400d6d314327ff3162a44d2e6c94dc0245b130980d4300680542ac5ad6	4	249f601457e90c1862e6b6843ef28c40918e2e0f61b3fdcb1a04abe13faa46fd
775	12315	9ce2f1e6-e8aa-5d18-aed8-457859a1ead6	e0254eee-7d7b-59cf-967e-422ec8ef72ab	held	missing	true	3	4	218	2	open_candidate	412574b38f00ced0627422089fcc1bcaad110675eda655c5ef07ba177b37589b	5	07711b10e9fe0f093433a7554e3d3d2880e1441c85a6e54313a6bd5c8653e771
776	893	e16968e2-06b2-5bda-9e2f-10f315c39e89	9c2df92a-e20f-56ee-a958-3e1edf032771	held	missing	true	3	4	220	2	open_candidate	9c0eee51d46ff9ac7cf7620676dee9919c202347a31f74de81adcf65752f2608	6	c35889f46cf47e475c9d81758bbea65ccc8f04ace56643e0f0e002c1e9d9c51e
777	14744	3c4cdc9c-c517-56df-8d5e-d11f09d6f6ce	9df9281a-326c-5e14-ba3f-4ad18e5b17aa	held	missing	true	3	4	218	2	open_candidate	e67758697408c16f4017f6334674139c7e4a494edb5ac8f9f54a1c69fa2aec05	7	0e9fccdb3a64af1ce9032217542e92c2b2160e704a9d108c2756bc2a6fd9e188
778	1084	1f38012e-0a37-5640-8545-d584bb4dcc96	76386abd-e5c1-529d-859d-37e1c71f706a	held	missing	true	3	4	225	3	open_candidate	f498d85db75decf8f507e0eb30c4ee330058dc83b98f9f041da0799cf88ac344	0	294a541b7f234fc84162c83dc86cbf23e08a1289cdb75b58bfbb8270b68ee47d
779	5507	6f1771ea-7a2d-5779-9317-da862f0733b5	c1eb65d8-30c7-5d53-85fb-6a0ffbf8b444	held	missing	true	3	4	228	3	open_candidate	ce13526429def2a8da1f86b30897b84df96759926fdf083ce4ec5fd430dff2c5	3	03aff1dbf02b86e93048fdb543d3c59ba7518e3d239a331943438da66379c202
780	10015	3c797339-8468-56cc-a2cd-c1a8dd6ab24e	0fd4f89a-03f6-5c1d-bdfa-2f5b16e25538	held	missing	true	3	4	224	3	open_candidate	28b5aa7b3434bf4b05d460b753fda57948a937094213d70201a5a1f904228877	5	823569372813d2b0f1c98fbccbaa7b0300ae45b434c960d38d190fe52544922d
781	5260	0483c8f5-a40a-5bc2-a7c4-15f713c7f781	95d7c152-4f65-5670-8314-778d8295bd39	held	missing	true	3	4	229	4	open_candidate	ce13526429def2a8da1f86b30897b84df96759926fdf083ce4ec5fd430dff2c5	3	12fca819b07727d17893e7e9f428bcb47a0a819286b488ecdc117ed3aed4d1fc
782	5654	09ef660d-378d-5cc7-99d3-7d3736ce9770	955aa4e5-d5e4-5c20-b238-e69ca84cde4a	eligible	source_verified	false	3	4	209	0	rights_review_required	afb9f5afa500f5cb97a845d53ed8adf94fda2e02a1a4aa6c9aad16cbc56c5f77	1	70d75652ac69801d06a9e03d0236a83798152d0c413c32d56bd78b1e7782e907
783	1909	a1524b42-fa66-51c8-9f77-85ae3bc05fb4	de61f524-728b-5f80-9d98-e78f85add11a	eligible	source_verified	true	3	4	214	0	open_candidate	86665ecc5119deb7ae812739e8af3a20ff4dd498311e00a487a84b95c393e8c4	6	7825011ef243cd7560c03123ed94c5d390558e3f59387c7ab6f02974e1193c1f
784	12775	413b10cb-88c0-5ad3-a182-17f00a220a3d	2a66d132-805e-59c8-a7ea-2fe1b5f0bcf5	eligible	source_verified	true	3	4	213	0	source_viewer_candidate	3a184875d2c874dd4aee0b7438fee6f2555dab63754d5cdf12b52e527f35de9f	0	097d65b173f355eca27d97601f62443e7686b2a2e6ef27aaa6a8779ad4155f99
785	14793	4e39ef14-785a-530d-8f53-28fad9137b76	e10ec7b3-fd17-5871-9737-b931f8d2982c	eligible	source_verified	true	3	4	212	0	source_viewer_candidate	a4a993cc53d58d20c3f58bc334a65558933f4e4fbcb7dffd05c5900f9e9fa6a5	1	55a4969912e5df8c65388246a6b66ffbd591ea42a08afaa5263f7cda59404f5c
786	9582	fa331db8-c683-5632-943e-2109eced8a31	b932b373-09cd-5747-8d14-f737c04cfe6f	eligible	source_verified	true	3	4	214	0	source_viewer_candidate	436a336f9d82eff6e82d10cb6535c14ef535149378be9e921ff731e3a3246e0e	2	0155717b430547c90e2f6fc5c7a8bb77f054004fefb1408ac63cb0ee624a6351
787	7041	4e4dc163-0e99-5d7f-8457-991ee1b4c7d7	48a7426e-9c6b-5f48-9fa8-66ea76a019ff	eligible	source_verified	true	3	4	211	0	source_viewer_candidate	86665ecc5119deb7ae812739e8af3a20ff4dd498311e00a487a84b95c393e8c4	6	12d9aebdfa7dfd0cb031cdb63615796c6356ef82bd54b2f19005792e7a0cba94
788	1217	223ced62-98c2-58ce-9602-4e2d7263e9cc	c13f0b21-730c-5657-b5e1-5efb34f57671	eligible	source_verified	true	3	4	215	1	open_candidate	86665ecc5119deb7ae812739e8af3a20ff4dd498311e00a487a84b95c393e8c4	6	6178971c14db9569b14b56c833623cec1b79771bbe9df84a5932db89f1b4cabb
789	15662	c5b67ed5-8391-54bd-8e01-d10cae29ff6b	485f815d-970c-54ec-8871-91da3020524a	eligible	source_verified	true	3	4	216	1	source_viewer_candidate	afb9f5afa500f5cb97a845d53ed8adf94fda2e02a1a4aa6c9aad16cbc56c5f77	1	419c273c5e63a6d0238bd1161f269055b11821093a11922193a1390c5a00af9d
790	9585	d8710f3d-46a0-5c13-bc0a-b7dba60be1c3	1ba46970-70ed-558a-b60a-fb8a69d4880e	eligible	source_verified	true	3	4	217	1	source_viewer_candidate	436a336f9d82eff6e82d10cb6535c14ef535149378be9e921ff731e3a3246e0e	2	04309ce20db9d01bc8f6bfc97fb1d8da341a622b855a2c403f70977c22dda788
791	1272	659c66b3-e249-50db-98f9-ba85df61d4f0	c50efda6-8f37-524c-972b-1888e3c07d57	eligible	source_verified	true	3	4	215	1	source_viewer_candidate	86665ecc5119deb7ae812739e8af3a20ff4dd498311e00a487a84b95c393e8c4	6	4652f7ca0b3875dcbb8978ca786cd3793184bea959af1e1ed88c7b49aacc935e
792	15681	32025d62-efad-5bba-bcf5-5848fd205a33	75c12367-d7c4-57e7-ba07-444240469d18	eligible	source_verified	true	3	4	223	2	source_viewer_candidate	5489a6970e7df484aa394c3b34d0f69fc5f4c7c88e570bc1eb2df907346da70d	1	19042c75131e9148fe9539dba249080a45c57f272244125f105bba030b20f633
793	13072	500af540-be59-57af-8921-cc81fb8a38b5	dadda9e0-7959-5ac9-9cdd-9c70e38b8a59	eligible	source_verified	true	3	4	222	2	source_viewer_candidate	436a336f9d82eff6e82d10cb6535c14ef535149378be9e921ff731e3a3246e0e	2	09393c089e7446ecae0bdc39b5b5d2d5c7b7ef2b2f4755bdae8062c58325264d
794	6440	a92a47ad-efc3-54a0-ac20-1f4b17079809	ee51adbf-533b-536f-a4a9-12c720331ded	eligible	source_verified	true	3	4	222	2	source_viewer_candidate	884d0bba04f878989279721c4cbc99d2a6cfa510ff2e5466f6f75b4cc6ef287f	5	041225ec453c4dc42caed654129a02794b0d300ae7c29d0315cc74878cd3c675
795	2380	173f6d69-9f57-502f-b503-2fd2b3abf13e	eb83130f-7e37-526c-a626-25ad9e023120	eligible	source_verified	true	3	4	226	3	open_candidate	3a184875d2c874dd4aee0b7438fee6f2555dab63754d5cdf12b52e527f35de9f	0	6132def9faa777bbe0b05617e6b17213abc550971330347250a879a8db355a84
796	2723	7b3e392f-50c9-547c-b7a0-8bf05938b0f6	f92603df-7ed4-5e38-930c-55e5be0b9a9a	eligible	source_verified	true	3	4	226	3	source_viewer_candidate	3a184875d2c874dd4aee0b7438fee6f2555dab63754d5cdf12b52e527f35de9f	0	0b77f7f1f1f97f18d257374f4af29c9ccaaf0faef47d0f95ab38186ee6c0c719
797	9	11f43774-5f48-5d87-a81a-2060bfece475	a9056f9e-e215-5fb5-8cb9-8c81330d2536	eligible	source_verified	true	3	4	226	3	source_viewer_candidate	8159fd9dc8fee879cf050da994ca432564fa0870c4e5fa4b756325c9051f4055	1	bd2536866af045b4b5e6ea22e89f8179eb701f817c7748213141dddf1ef551f6
798	2304	be21640b-b2a4-5d48-8724-6e543fb07b18	b26716f0-632c-511e-b1db-10386284c318	eligible	source_verified	true	3	4	226	3	source_viewer_candidate	436a336f9d82eff6e82d10cb6535c14ef535149378be9e921ff731e3a3246e0e	2	1ae016f70f40691fc1e936841145fb90b0ad87ffb9760129543b16b26fee8b0c
799	13593	82ab2c0f-dcbf-545d-a091-ca3750a56866	d34e1ff6-b9ec-5742-a2dc-d83ade61df42	eligible	source_verified	true	3	4	226	3	source_viewer_candidate	769462c4f46dd6ed56e8680c5358c9ed627ef1589500c8b818a57c71e1e3e68c	4	0666dd918e44a302e11a1bec396efd810db87efaa06204047b0adc17d6c3fae2
800	6587	392648ce-3240-575c-bad4-f339d981cafd	2e58c68f-af73-5706-a364-74cec200ad0a	eligible	source_verified	true	3	4	225	3	source_viewer_candidate	884d0bba04f878989279721c4cbc99d2a6cfa510ff2e5466f6f75b4cc6ef287f	5	01d509dbb6e89ae6f6a7899005dce67296f6ce8f4cfa094132f03ac4e9c59871
801	4156	28763962-bcc8-5333-8ea9-ddc6ca3eb3b8	3e7ed292-85b0-58a4-8927-b617b864b216	eligible	source_verified	true	3	4	226	3	source_viewer_candidate	a8e60ead06dd30adb0e988b8d5809afe5c86d183e94227a497d00914e7030e8a	6	06bcd1c7fc4db024c23d29d2842dd342898e3ad77c7c6f69f6dc444dc7117f53
802	7998	6fc7d4a5-510f-57ef-80fc-5e3f4d8bdf07	97dd371b-f369-5bf2-b300-2bb138190587	eligible	source_verified	true	3	4	228	3	source_viewer_candidate	a1a791cb7cd269685c534e2cf479e1865a585772b0b5126ee4abf4dc87dfd72b	7	1f76f381f3afcae8e41d988ffe3a40636fbf98418ed5918fa85399c96df18c72
803	5320	0cfbba61-1e4c-50fd-8d5a-8f6d725e44c5	12737444-1efc-5ce0-b094-00ae78718625	eligible	source_verified	true	4	4	232	4	source_viewer_candidate	3a184875d2c874dd4aee0b7438fee6f2555dab63754d5cdf12b52e527f35de9f	0	fae727f7656d01f46bbcfc514f01733d45e1c9b8975ed1a2a3404f039019935a
804	15675	985cebdb-41df-54fe-ae15-ec8b096e70d0	82d94822-9566-5d10-97e6-a1b2e9a8e51a	eligible	source_verified	true	3	4	233	4	source_viewer_candidate	5489a6970e7df484aa394c3b34d0f69fc5f4c7c88e570bc1eb2df907346da70d	1	3394ce81535bc37264b81ae14f484525763d7f2e82cc003192f3d80a0d800cb8
805	2149	f8d62cfd-a034-5036-9eac-4dc8af3598ca	534268dc-cf36-5da6-8bac-3d4bb56eccba	eligible	source_verified	true	3	4	230	4	source_viewer_candidate	436a336f9d82eff6e82d10cb6535c14ef535149378be9e921ff731e3a3246e0e	2	799be18b2811b73bdcd38a12d34cbdaefb261b7bcdadfcfc026fadea00421f5d
806	3295	bbd7f7df-dc09-5dc5-af65-01da65885294	f4ac02b0-2360-535c-ac9b-2b20ee55662e	eligible	source_verified	true	3	4	229	4	source_viewer_candidate	884d0bba04f878989279721c4cbc99d2a6cfa510ff2e5466f6f75b4cc6ef287f	5	06c8f96b00c2b07305faa24353680c5705341f54a27b7ae82e49097c0c433d7e
807	1056	aac4b3a9-1476-53ef-8294-742970e7b976	14af46e8-8929-5d76-8d07-8aebac992359	eligible	source_verified	true	3	4	236	4	thumbnail_candidate	e712d1697775f728053fd9234295603b3c0993ad13a391b40ce55e87db1f141d	2	98c251234c1682d7dd3d63c641374b83c7b42760ea01779bc338684e9a98c67f
808	2242	74679928-187b-53ff-9aaa-410bdc53ee23	22d6d482-571b-54b3-a2b5-479eba07e498	held	metadata_supported	false	3	4	231	4	rights_review_required	3a184875d2c874dd4aee0b7438fee6f2555dab63754d5cdf12b52e527f35de9f	0	3b6d07bd19aa481514b35fbc1e64a1097ff997ff70f0f2aef0a9a87aca5d4bba
809	1642	a3706a6f-5b66-5708-98ab-f6aaf8bff9d3	7f3ff6a5-347e-592b-82f9-3c95c825d254	held	metadata_supported	false	3	4	232	4	rights_review_required	e712d1697775f728053fd9234295603b3c0993ad13a391b40ce55e87db1f141d	2	d41350972ecad5a5a73b931b776e6d2b6a7c49d6b61a4a7652f44ea7395deebe
810	4558	b65664c0-ee4c-5337-9187-b0a104147162	0cbf5786-e3f3-5022-b867-d1d084483214	held	metadata_supported	true	3	4	226	3	open_candidate	3280c3edab3ed2fc72aa2092c98de2c145777e08d0bc8c544b619332e48c7877	0	10926291d2e799f4d12979e1f353898596df901f15c5256ec9cbd2f003e5b074
811	1812	86cc4a67-6095-5083-9a59-33a6dad3482a	254e4679-7f82-5593-9561-a65e79dfc54a	held	metadata_supported	true	3	4	226	3	open_candidate	b5d6db725c1b8d72087639beb24c1beb8979f14b9c63ff71b406488e2566eaa7	6	72065aeb9b8ce8f61c334158333b4acdf51f1a225df86e9dc3132c8fc17c27cd
812	11176	c181caac-a0e5-5b0d-94bc-6ec714aa695d	012747b9-b4a5-5c6e-a612-5a3f5779d51d	held	metadata_supported	true	3	4	226	3	source_viewer_candidate	f5281f1e38e33476d97862fba7b62ec146da28257fc88e62e86de6379f65cebf	0	1d14b625098c486ddac57f73e3045eb2f1e1310c48f9a262099e3dd73e080606
813	15844	4154679c-d37e-5a19-9893-861d599e279d	ca53b0d5-7594-54c0-ba46-5bd116756680	held	metadata_supported	true	3	4	225	3	source_viewer_candidate	afb9f5afa500f5cb97a845d53ed8adf94fda2e02a1a4aa6c9aad16cbc56c5f77	1	258d0616280ab4de2cd4ba6995263e02f7eda065a15e8f448007383b39ab9d71
814	8680	e48182da-57c7-5707-b3ca-2598b2351b55	2cad250c-040a-5bd5-bcf2-a5e9db3aa369	held	metadata_supported	true	3	4	226	3	source_viewer_candidate	be5a5dc7f3392fceb41c8b90c27867606fbf993f112959e82f03f33587630f2e	2	cf88813887b744dc5d07a8595c370da7f720dce0c3e1a2a5a2cf08a284770d03
815	15031	d80566ca-cab6-5357-9085-360176a95ea0	3ffb03bc-160d-531e-89ac-d638494d8cd4	held	metadata_supported	true	3	4	226	3	source_viewer_candidate	b5d6db725c1b8d72087639beb24c1beb8979f14b9c63ff71b406488e2566eaa7	6	358a94ac013212cb01696a2f2f7a97b3e90de0ecae4409873eeadd138815207a
816	2681	f793e5fb-2aea-5d01-9c9a-62d170d71ff6	a389dd97-75b9-59f5-829b-c373daa231d4	held	metadata_supported	true	3	4	236	4	open_candidate	3280c3edab3ed2fc72aa2092c98de2c145777e08d0bc8c544b619332e48c7877	0	071a845b715940bbf2fdf010d16f316ca7fd7a2bf06719b24d91e2a2d8d851c6
817	14032	cc423332-e3b1-5872-8e3a-b23ecc7ed9e8	3ef73691-1fe8-5a60-addf-2ed57f529c95	held	metadata_supported	true	3	4	249	4	open_candidate	8f69fe4c56c25125323627fd7ad9492cf3ce85abab6cc6aee1fc429b9126bb48	1	aef4119912259021aaaa61ae5ae2c7a9ec9aadb3c20dacedb06dda69614bca3f
818	15157	1a1ca88e-7e1b-572b-b955-4049b50f8f8c	6c05a755-ca8c-53f9-afcd-436643eb25a0	held	metadata_supported	true	3	4	249	4	open_candidate	31ea7ba99df31a90ceb3870ffcc4a5378f7fe88603693629fda27f6736060a06	2	434a1fd448c873e7407c1022506978a54a724196bd331cff7cc2d69c6dd6a909
819	3048	5926cdbf-af23-5e81-a9de-4b8c20c9816d	1749ad9f-8794-5c75-b7e7-600559664128	held	metadata_supported	true	3	4	249	4	open_candidate	ce13526429def2a8da1f86b30897b84df96759926fdf083ce4ec5fd430dff2c5	3	042da68d12f92052a25f7e97b071e2cf73e5946c66f55cbebfca29158eaaf190
820	15142	8310e888-de9e-5d5f-b8c1-4d9a737e7e1f	935ce6a5-6efa-50f1-af7a-f1d0d12b0268	held	metadata_supported	true	3	4	249	4	open_candidate	4c94a0e3d66996169b12ff2aa671da357ecc9f331867c5ff04e2acd91f2c082b	4	1605af82c48311752d7b1a4c1b19076abc4dbddcf067fc4b8ffa6f1b70f48183
821	799	2a8a0c20-a02c-5f40-8290-f7355ab14e0d	3f31a1ee-7086-5d1e-8356-c6a9c95eec9b	held	metadata_supported	true	3	4	238	4	open_candidate	fc6579c8960bb74c453c193f0bd3797c6b18563bb804549bf3465c5043624a9d	5	19f00ea5f67171ee3c9f07dde9c356f55752eb930d6b8b1f41d173e23bc06483
822	12196	b1d6f766-fece-5f5e-a2d9-37d71d5c1afe	b08ab1d4-2ebd-5355-a584-1a2f6b9aa685	held	metadata_supported	true	3	4	230	4	open_candidate	b5d6db725c1b8d72087639beb24c1beb8979f14b9c63ff71b406488e2566eaa7	6	23a2f7c42b712584721092818742087798f4a6a622ff3b7e5ea2dc9d6783c65c
823	14271	0437c8bc-7c61-50d2-ad5b-de9a6530b88a	4d65c013-4e88-5827-9bb7-50ca17bf1bfb	held	metadata_supported	true	3	4	247	4	open_candidate	e67758697408c16f4017f6334674139c7e4a494edb5ac8f9f54a1c69fa2aec05	7	0130fdf84e53d909093f92d8c6427f1100b88bd00ea091d36682c73e7440b156
824	5615	bea4031c-056f-5a9f-85c8-cf6c7948e234	65742974-e628-59f0-ba66-4e9dc57965b3	held	metadata_supported	true	3	4	242	4	source_viewer_candidate	3280c3edab3ed2fc72aa2092c98de2c145777e08d0bc8c544b619332e48c7877	0	312be4c696d5e7b40e0c8a26d8810df43a6d549d7df00e782ed0c8fbe3a29a80
825	4130	dd8266d9-5026-51f2-afd1-bb95763f1a2b	c117640a-31f0-5296-9272-a7d0644f0d03	held	metadata_supported	true	3	4	242	4	source_viewer_candidate	b1f1b3f5a7ab62246f5507b11f9703efae2b7bd57d6d9a5e2e332f275db798b3	1	75ae3ff36992dde59a7570865e805022117dd5c3a6473069b5218384a1d0b3f9
826	12110	9be8de0b-0e48-5b36-8601-cc630667cc37	62dec0c2-fd4f-5129-9618-71cbf6a5071f	held	metadata_supported	true	4	4	234	4	source_viewer_candidate	497adecf79849ad2e546759b47539c9c2fd2e339242dadbbc6e5618044646b39	2	2b4fe85e221ec4f323f44fce5f15dff59c69be1f87a45fb126397e06c8ffc22d
827	3239	8f8f99a4-448c-5029-a681-81d71ce76076	b619da49-9342-52a2-be2f-f382e362d8d5	held	metadata_supported	true	3	4	230	4	source_viewer_candidate	10f50e98203c4bae4009987d0a9c7bda038c9ace8ba0d985702ecf450c9f21ae	5	0df378ae834a513adf51abb3851f6c2c2a53ffcd44b75af1ba3b81d2820edcb7
828	13917	23ba9dc1-7481-54c2-b0d8-1d1395d666a9	9799a9c8-9c38-546d-a72e-701514f6bf1f	held	metadata_supported	true	3	4	230	4	source_viewer_candidate	b5d6db725c1b8d72087639beb24c1beb8979f14b9c63ff71b406488e2566eaa7	6	93c90d1649eb35b5ac7de1bc933c7727e52dfdd3227413e45fa56d263cc2da0f
829	11177	a6e1eb4b-72c4-549e-ad99-00a4a08b1d60	bf0229e6-efff-5cc1-b3a7-22ca6e5360b0	held	metadata_supported	true	3	4	230	4	source_viewer_candidate	84cf5cc09554c708787c465df238da4163a0805594a9be425cfa1ad3a24e2781	7	1952128aee02f8a3dcd7036ba581be50aa6fdd3e9d0870fa69ce8a392e33354d
830	11809	85358e07-4c7d-52a6-9273-43d5f6a20e35	16cf823b-6f9b-5740-ad1a-cae828f027bf	held	missing	true	3	4	215	1	open_candidate	f498d85db75decf8f507e0eb30c4ee330058dc83b98f9f041da0799cf88ac344	0	0458b2aaf2bd36fb77ff9f92f1d9aa602044ff7772f05c92ef8914b9435ff383
831	1565	88f35edf-f623-594a-be64-cb86ecd35d37	7e78cb57-b85c-5462-a958-ed1691f2abef	held	missing	true	3	4	215	1	open_candidate	3ad1dd9bea5bfcf3da649374ce8f188cd13d3ed29fbe9bf42161710bb58461f0	1	367c8e5dedcd52c85337ce69ba4af0eeac34004cfa9b3464e291a63ff8ec43e2
832	1151	a180f033-48e8-5670-9354-82ffc6faa86d	1436554c-3560-5055-990b-806a15997bb1	held	missing	true	3	4	217	1	open_candidate	bb22cd608dcfa3f86566cc3c0240d0c459674e33870d2a95b0c3759db7b7393f	2	ae31b86c6896fef1277d55aebbc38bb40d71dd32312315e90f98fffc7fc7845c
833	7733	b22cb41f-6da0-5511-9feb-6af6aa689b01	789e4cc3-8790-5b8a-a238-7ece151f51a2	held	missing	true	3	4	217	1	open_candidate	ce13526429def2a8da1f86b30897b84df96759926fdf083ce4ec5fd430dff2c5	3	07b32eb5cefdf99c8b96c92d99ce191694cd28d91525f2d7036fa896e732664e
834	7456	d7b0a628-4443-5291-94a9-17928d9f6644	cda14764-e097-5707-a345-ca5075e3a6ab	held	missing	true	3	4	215	1	open_candidate	435c3ecb9e6a4faebfee90bcdc4407ee810fb3a2199a2b4594efa8ef1a6b83e1	4	413d134ea4175ce993167a20d3f891d015627903058f243bf5e042aa1499e320
835	2562	43e0e56c-30f0-522d-be51-5949f6209478	67bed659-a76b-5c57-a381-0872e7cdf9fd	held	missing	true	3	4	215	1	open_candidate	28b5aa7b3434bf4b05d460b753fda57948a937094213d70201a5a1f904228877	5	1554636031f9e4096930d0859c1598e953da388b4d802eb8b37f9e6ce1739601
836	3428	6eb4f162-d429-5533-a42b-6ed6bfda2144	cd190ea5-25fe-5226-b7c3-620ac400b6f9	held	missing	true	3	4	217	1	open_candidate	8b36b513bff3a10f9130271ece4ec065694a5930bc77d1ea97a4e7c682b1d49c	6	373b1db44b9b792c5a17897085c8d5127a150fd7b52fd833b7f606841a17e7df
837	14972	69b4caac-6465-531c-811f-9ef5a74ecb8b	e42e564a-37a2-5941-ad03-075d9cba756e	held	missing	true	3	4	215	1	open_candidate	e67758697408c16f4017f6334674139c7e4a494edb5ac8f9f54a1c69fa2aec05	7	06c559c4c66034242b19328229cde78d9eb3836715a2b4fbcb456425e1aca521
838	3118	1e18ebef-9248-5548-8bdf-4aad9c1d3ce3	7587e994-7133-5ea7-aeb8-5e63c1add4e6	held	missing	true	3	4	219	2	open_candidate	f498d85db75decf8f507e0eb30c4ee330058dc83b98f9f041da0799cf88ac344	0	0a609f44c6bbc11ddc280de1db76096d1434edb486165c0e0397f80cfb4eff19
839	13036	4d5d5f47-38b0-5a94-9be5-9e771d4bfc87	f1d375d9-0ac6-5b34-b43f-a6d49b784d60	held	missing	true	3	4	218	2	open_candidate	88b10ffdcd212b802f52339f4f7669d32437aa3883999600c7193f36a8ced50a	1	2d7ce066f56e7b5ade177a3b20d6bf637841b9206ff36d5ba3031f426975eda7
840	12439	2ce86d69-9683-5e22-89f2-2495d2b30f77	065d76fc-578a-5bb0-9014-0772c910216a	held	missing	true	3	4	218	2	open_candidate	438ac127277553d6a35253f4f4f3649a9bba492b5afabbfacf13998dd15879d7	2	bbfa152f138cb38ddd73502e2b97ad72e6f2ab627a14c1c5ac2e044902bc26a8
841	1901	e74d59cd-9e16-5076-99da-75585d417e21	54911e45-64d0-5a3a-b128-7a7bc40a2513	held	missing	true	3	4	218	2	open_candidate	ce13526429def2a8da1f86b30897b84df96759926fdf083ce4ec5fd430dff2c5	3	00ff958e3639a2aa4960a718408f61fb35b56a257727dbd264f99ef4803d13fb
842	3475	808992a5-45ba-5941-8a81-dc8d60ca7dfa	f42a1654-72ec-53c6-89d5-e24165ab4129	held	missing	true	3	4	223	2	open_candidate	1afcf0e397c03d653d4d448c63baa2b62b93f2b975b467d3d12d7d2ebad69458	4	2a609a6f0423ea5ac0adba4a2c4e3c292f4065e7254bafe078d0130a8ec5990c
843	3423	e6e2f047-af38-5290-9983-811a01531c5c	43023b40-d006-50c3-a92e-a0690d5a5319	held	missing	true	3	4	220	2	open_candidate	cd0de910e9f8a151b3e4220d3d897d131020baf6fc9b890942886ab1879430bf	5	09fb6fab19a0267dca6e45e7adeb2fd0c3a83b4b113c59a3b93d2f417fd557a6
844	5650	e63ce238-5779-53f6-a9cc-83b18833aee6	35118a5b-ca70-5031-81ea-1aaf07eec81c	held	missing	true	3	4	220	2	open_candidate	ac768fed12ae188c42821a6dbeba74f4b17a3d5f8cc13925b23cdaf644dc79bd	6	cb073fdb883d9785aa3f29f0f214b6c6edc787f249ae132fc0ab6c4b70472b74
845	15291	ef0a1c92-c856-51e9-a6c1-74db43ad7546	797fef36-7744-51f4-b9a8-310c84cc3d9f	held	missing	true	3	4	218	2	open_candidate	e67758697408c16f4017f6334674139c7e4a494edb5ac8f9f54a1c69fa2aec05	7	0ef78c927600e9ba30cacd36672e2b9fd9e1963709b3fc803a689ab7750535b7
846	1081	c21b6c94-b332-5331-99d2-e7b884306c85	8e3a3682-a42d-56ed-a0e6-25b7b77989f5	held	missing	true	3	4	225	3	open_candidate	f498d85db75decf8f507e0eb30c4ee330058dc83b98f9f041da0799cf88ac344	0	2ab70bdbc3d5a163104089e15f4029606fe301cdb7e7ead43618407b44fcaec4
847	84	7fdf8648-ab10-5658-bc02-5484a099a86d	9e031acc-009c-5b27-bc63-9d79f653ba91	held	missing	true	3	4	226	3	open_candidate	8cd3b1ae1bd5a8dcfde7f350b9d071a588bd7c51f26cbe6b81e75414ba8dc0b1	3	03d9dcb3ad46d2c02ff7edb6624c5c33500a5861f5ae70844b2096d2b65a6f25
848	85	fb495fbb-8d72-5b5e-a5a7-b1e0c3846045	bb4471bb-d0cf-51bb-8be3-e30c054a9b8a	held	missing	true	3	4	224	3	open_candidate	28b5aa7b3434bf4b05d460b753fda57948a937094213d70201a5a1f904228877	5	a90202bb0db0cd69a6af17a5acb49aa4ff42c51656859d24669cd12c9870d6e8
849	4879	4761bd75-45e0-581a-8f6e-a35a662be961	15fd5286-1dee-5f95-adb5-93580c7da469	held	missing	true	3	4	229	4	open_candidate	ce13526429def2a8da1f86b30897b84df96759926fdf083ce4ec5fd430dff2c5	3	1435b0b0a76d3e47fabecf930c0e0932a3fa29678bbe6c18a566abacf2ef5028
850	8535	f252f3b9-79f8-59ca-92bc-b580e0cac712	59422e38-5f08-5df9-8d84-c7a2f6528098	eligible	source_verified	false	3	4	209	0	rights_review_required	afb9f5afa500f5cb97a845d53ed8adf94fda2e02a1a4aa6c9aad16cbc56c5f77	1	70e99da3d8066409298c3a99c3de8580dad440d8d3fff97755e4306456bd627e
851	1334	d8b1c5ab-bdb8-55cd-96ce-7153ce66720f	f69d5617-0aea-56a8-b5b9-88a72be0fdde	eligible	source_verified	true	3	4	214	0	open_candidate	86665ecc5119deb7ae812739e8af3a20ff4dd498311e00a487a84b95c393e8c4	6	8a02ce0f69b5ec2c73c42079e5a4f4adbf1449cdd1f0a22e9be570c06cae127d
852	12908	315210db-3567-516d-8c73-4bebc9df1424	4bde29bf-5f0a-5d79-bd77-afdc8acfbd45	eligible	source_verified	true	3	4	213	0	source_viewer_candidate	3a184875d2c874dd4aee0b7438fee6f2555dab63754d5cdf12b52e527f35de9f	0	0b289ab731bd0f04d02f2d13ce9b5dfff1d64feaa2cdbd14a8ac50e35a082b9d
853	7221	76a4cb05-c611-5c1e-979b-b94689277c19	6c2fb19f-d6fa-550a-8779-e74d37704423	eligible	source_verified	true	3	4	212	0	source_viewer_candidate	a4a993cc53d58d20c3f58bc334a65558933f4e4fbcb7dffd05c5900f9e9fa6a5	1	5af266fe9f1e43fdba5f72d4fd57968c24ed11c5f65f5bee2865c250f5900978
854	3167	22303f5f-8b27-5d2d-a9de-0ecfa931b0f7	9a7cfb72-f63b-56ef-89c5-2bad067c4eac	eligible	source_verified	true	3	4	210	0	source_viewer_candidate	436a336f9d82eff6e82d10cb6535c14ef535149378be9e921ff731e3a3246e0e	2	015a91f7f5985f3b8d096ff5c8dfb304eea684783280e8fe6ee350bad798d0ad
855	10516	3d59c1d8-13dd-55e7-8a47-f05dca3b1771	7e672694-9cd6-5e29-8cad-1fe11b267b5c	eligible	source_verified	true	3	4	212	0	source_viewer_candidate	19dee214942adad17a440254a87b8f3cbc1ac465b3c61ae4571b4a110bb0c63c	6	152b122534c743a72d13dcb68551174b0fe77e5157c9e12a5609e0707f4d6a1c
856	2293	c2a9bd80-15b2-525c-b6f9-02adafebbf3c	b38f66ba-e505-55eb-9ac4-5419d8c641f5	eligible	source_verified	true	3	4	215	1	open_candidate	86665ecc5119deb7ae812739e8af3a20ff4dd498311e00a487a84b95c393e8c4	6	6d0495ca63cea7ae47a5929a393c2d6a0489d48c06c846c9799c20bbfafb2301
857	9658	60621ba0-750f-598b-ae89-5f42968cd3c1	b03bfad2-7edd-5c85-9628-00250808e35e	eligible	source_verified	true	3	4	216	1	source_viewer_candidate	a4a993cc53d58d20c3f58bc334a65558933f4e4fbcb7dffd05c5900f9e9fa6a5	1	590346a0706f8e15c381093d146a8715625e74fcb1d57734b5fcda03fd3e82a6
858	10168	cad77e2c-340b-5d1a-ae03-0176109a9411	c65a3ecc-4cf1-5089-a874-607ffd883ba7	eligible	source_verified	true	3	4	217	1	source_viewer_candidate	436a336f9d82eff6e82d10cb6535c14ef535149378be9e921ff731e3a3246e0e	2	04c0c4c16ce1f2e525760bd389791edbf935509d874d60ae0e8c8a81e8feb672
859	9713	38645b77-fad6-5fa7-a456-0ae2cb762a52	20369579-78be-5f10-a210-dc28654fb6e2	eligible	source_verified	true	3	4	215	1	source_viewer_candidate	86665ecc5119deb7ae812739e8af3a20ff4dd498311e00a487a84b95c393e8c4	6	491ae6ad4f4434df0291ec592ddca82de9ae260fc8cf632bb3f681134001b6b5
860	15548	95eec8f3-34da-527b-84e8-b04a7b6ec5d4	4b2b3707-13a3-5f2b-a3b6-3b3aaf9707f5	eligible	source_verified	true	3	4	223	2	source_viewer_candidate	5489a6970e7df484aa394c3b34d0f69fc5f4c7c88e570bc1eb2df907346da70d	1	19e904687ea85be5e0ada18d3e264db008140e77c7864aec7a24ff5ba0959894
861	13425	261fd56d-ffe5-5192-aab7-2a9e2c4eed49	e17359e9-12d3-57c1-aac9-38faca028e53	eligible	source_verified	true	3	4	220	2	source_viewer_candidate	436a336f9d82eff6e82d10cb6535c14ef535149378be9e921ff731e3a3246e0e	2	0a290ff5048508827417b326899e765e3346d9796c310f749f6d570aca4740ff
862	6575	17a9a11d-5562-5757-b9b1-b151374cb9e5	6b934cdb-0d16-5cb5-808f-7428ef50512c	eligible	source_verified	true	3	4	223	2	source_viewer_candidate	884d0bba04f878989279721c4cbc99d2a6cfa510ff2e5466f6f75b4cc6ef287f	5	04b9daf0026abe4e9046da8ee71cf1cdd724e644005f3d72a635174b36f8115e
863	1320	43e50680-72c5-5b0c-94da-a254e851309b	1f34999a-891f-548d-8e51-5bbcb81dc767	eligible	source_verified	true	3	4	226	3	open_candidate	3a184875d2c874dd4aee0b7438fee6f2555dab63754d5cdf12b52e527f35de9f	0	6d4e9c99a4396d3f8105b1d8cc58a6da56552cb0a73ba1eb0c3634f0568c2105
864	2448	c9ad0cdd-0440-5965-b00b-bc473041dda4	31aed834-776b-5b4f-96a2-54b5fd75940c	eligible	source_verified	true	3	4	226	3	source_viewer_candidate	3a184875d2c874dd4aee0b7438fee6f2555dab63754d5cdf12b52e527f35de9f	0	0c6765bca976b76384d4d4e1567b81efa12152fed2a5758c02a331f3a5f4cb2d
865	14552	a927f8a6-961b-591a-a46c-bdb324f90d86	ee6de7f2-6b0d-5e0b-bd24-53b2b69e808c	eligible	source_verified	true	3	4	226	3	source_viewer_candidate	5489a6970e7df484aa394c3b34d0f69fc5f4c7c88e570bc1eb2df907346da70d	1	d0dbfc0bd9d6b09871e67837f33c653af9bbe64906a885b070ef0a48d7c5a846
866	5613	69cae051-009e-5e9a-ae8b-7b37277dd3b1	b73d2d5a-548a-5f7b-b26f-89ce78e3009d	eligible	source_verified	true	3	4	224	3	source_viewer_candidate	436a336f9d82eff6e82d10cb6535c14ef535149378be9e921ff731e3a3246e0e	2	1b3b58c151ed314e00c0a6739b297afbc325ae11dd92c1b8454dd5980728fd1f
867	12501	1b8c57b5-6e7c-5b92-9cea-7e35ee229655	b5f22008-6155-57a2-8b1b-f326565d7bce	eligible	source_verified	true	3	4	226	3	source_viewer_candidate	769462c4f46dd6ed56e8680c5358c9ed627ef1589500c8b818a57c71e1e3e68c	4	06975220686b1183c2ff0fac2717997bf1019f033c921d0811e00efc7de8493f
868	12362	ae9f3d6f-d61c-593e-ab8d-73583dfa4dd6	6e2a0251-c0c9-5a6e-8924-2dc425aef003	eligible	source_verified	true	3	4	226	3	source_viewer_candidate	10f50e98203c4bae4009987d0a9c7bda038c9ace8ba0d985702ecf450c9f21ae	5	01d9ef6f828de251e420d5c34c1cdbc0f88b462dd9298c2bc3de076fa264905c
869	10536	5dc0028d-6807-5d16-9b4b-24c7e0b10b0b	4e661f35-7e08-5d47-a448-08f4e495995e	eligible	source_verified	true	3	4	226	3	source_viewer_candidate	a8e60ead06dd30adb0e988b8d5809afe5c86d183e94227a497d00914e7030e8a	6	075eaa4803e33ada9a7fa0fb12ed96ca0e358fc477a04ea36faf44ad27e0fcb4
870	11705	eb1d799b-fdb2-582f-a2f4-bebe032f5d2c	43d8191c-e87f-5a4e-9c48-cd0538820ffe	eligible	source_verified	true	3	4	228	3	source_viewer_candidate	a1a791cb7cd269685c534e2cf479e1865a585772b0b5126ee4abf4dc87dfd72b	7	29ee2f516e22795d780f134c2651f4d3e295e187b33f42b41d41dde576faf896
871	4127	99d6ce04-fc63-5aeb-859b-ccb4a6cc8e4f	6d5aa741-9791-51d6-8b53-1f3b37fbe677	eligible	source_verified	true	4	4	232	4	source_viewer_candidate	3a184875d2c874dd4aee0b7438fee6f2555dab63754d5cdf12b52e527f35de9f	0	fe5ddca86820b9a7e37657486f0d0d21af352902e0bb81b1749bdba0b969830c
872	15186	e2ac5511-c5e0-5afc-a2f4-d9882c184495	3b631ab5-1c74-5ab7-aa10-06029504cdd6	eligible	source_verified	true	3	4	233	4	source_viewer_candidate	5489a6970e7df484aa394c3b34d0f69fc5f4c7c88e570bc1eb2df907346da70d	1	3a07e9756fa0f800338e5d9c9291a32fd85f88fb340b37ece6dd6f9d3530dd78
873	2135	53ae93be-e59c-5b8a-8a67-b3d574897c4f	0ebc8c69-e9c5-5502-8b5a-504582524ed3	eligible	source_verified	true	3	4	231	4	source_viewer_candidate	436a336f9d82eff6e82d10cb6535c14ef535149378be9e921ff731e3a3246e0e	2	7ad6b0ca7903d7360970d1dc8c61fed6480e8858b72ee37109dc60b7cd4e2a15
874	8211	74dd03d6-bc5f-5601-a5a4-a3d33519d295	61cc8a5c-46d3-5e9f-a9f8-4b13c052ba20	eligible	source_verified	true	3	4	231	4	source_viewer_candidate	884d0bba04f878989279721c4cbc99d2a6cfa510ff2e5466f6f75b4cc6ef287f	5	078391ed83c4eff15159097f67f9a1229437515154c6a2c2d49323312c850151
875	3749	001dc517-433a-577a-83dd-ac0cf1fa1fb4	1f29e1a9-32de-5bb9-8e86-beda757b61ee	eligible	source_verified	true	3	4	231	4	thumbnail_candidate	e712d1697775f728053fd9234295603b3c0993ad13a391b40ce55e87db1f141d	2	9dabf3f12aaa654e1e8ff168d7e642770ab152c8f96c498e26d4f1027c1caf3e
876	4573	16e6458d-4504-5266-bb8a-a614e7b102c4	56123d43-8135-5ab5-9a57-931472a9edc0	held	metadata_supported	false	4	4	235	4	rights_review_required	3a184875d2c874dd4aee0b7438fee6f2555dab63754d5cdf12b52e527f35de9f	0	49df0a82eb80435c3398821ce5e1f03950f5bb45e14f3639afe2a580133ce98e
877	14676	37076f45-04aa-5d38-bedf-5e230dc43a6e	1b916e72-91ba-534c-ae7b-1515fb137761	held	metadata_supported	false	4	4	234	4	rights_review_required	18723d4583831fbe281b9374fdd681fc113059dd3fb605af7025c50d84be26db	2	faed8a116a13709af4cb2415b49e4e302a52d6dce60d55a763237e42ac4172a9
878	427	c06d4ccb-6874-50ac-929d-e04d31d1e427	7e0aec73-ef65-5947-9696-f9a66b6a2b8f	held	metadata_supported	true	3	4	226	3	open_candidate	3280c3edab3ed2fc72aa2092c98de2c145777e08d0bc8c544b619332e48c7877	0	112b50a31d3a765d66d617dc55df4140f837f92fdee7c42496b45df58bfd48bb
879	9700	2b73df36-7b6c-526f-b40c-361bd330f3df	ec528844-f3dd-5442-a2cf-14eda2c5f44c	held	metadata_supported	true	3	4	226	3	open_candidate	b5d6db725c1b8d72087639beb24c1beb8979f14b9c63ff71b406488e2566eaa7	6	7208f9dd6fcfd49399ba3a96abc3627fd0e2ed2ae74b0f68009ae7d94a932cd6
880	4117	eb9497b9-5aba-5bec-8fbc-7005afa7c4fb	e4d6bd21-ae39-5176-9e58-86849e5b13e9	held	metadata_supported	true	3	4	226	3	source_viewer_candidate	f5281f1e38e33476d97862fba7b62ec146da28257fc88e62e86de6379f65cebf	0	20c886300a52b1ea10a30dc8feb20091e2c603bf6041bd180206f2c3f2c3644c
881	15647	d08c66f1-691c-5867-bc70-85dcb6ef2dcf	c9eb2005-e159-5331-8b57-9cc101a68ead	held	metadata_supported	true	3	4	225	3	source_viewer_candidate	afb9f5afa500f5cb97a845d53ed8adf94fda2e02a1a4aa6c9aad16cbc56c5f77	1	324ffad00e4d2de877c7a5fb9138fd0311c6301bafbb3cd855a94e221180a2d5
882	15919	31cd9a5c-4cb9-546e-91b5-4e1422d69ac9	4de677fe-06a3-5976-aa75-e537caf7dd0f	held	metadata_supported	true	3	4	226	3	source_viewer_candidate	50f235137b73d5d134e08db3bf36e74acb398c525e14a1d00450b775f45c51ed	2	dce07709271c5df4a72ae7a9147b0e374da9b1ac1f0095f2d9e91784e12ad9c5
883	14332	cf23e421-a7bc-56e1-8bba-29f043c8e54e	33a70772-ca20-5c3e-bfc7-f889d07246f1	held	metadata_supported	true	3	4	226	3	source_viewer_candidate	b5d6db725c1b8d72087639beb24c1beb8979f14b9c63ff71b406488e2566eaa7	6	37b873c1772868d5e1d78d76731383325233cf7f7dd0d202c7f877cdf80edbdc
884	5160	8a4e42da-a840-50b9-90f2-ed9bd2ba0a86	78d91fc2-f083-5a34-a9fb-b14fceb08fe3	held	metadata_supported	true	3	4	247	4	open_candidate	f7a0c7e86d60988e82892f782bab4500c2a2a55843bf72a7113884401dcc23d0	0	0859393b2a46c8c96f0d71054b813689dc8abc3cd6ee18317229df393e32db61
885	13966	6762a581-0070-539d-941c-1f83af3e3ee7	2b0c0920-06ed-5b59-b037-2b832451e635	held	metadata_supported	true	3	4	249	4	open_candidate	abf16db7f0dea6114b13fe85334738f34e68ef7027b9832e37ab88a0f016f353	1	bc5a28796ef9909e5c537eaec15d769e4505f394611b0d857f722e3a9a2fadd0
886	15271	cc688893-c7eb-5462-9826-06618f882dcd	c233d756-8ad2-57c5-a4b9-741530a3d88b	held	metadata_supported	true	3	4	249	4	open_candidate	47ea5a46a28fbfe12856faded1545bb8d3ee36e56341c20f25564505e8878eb3	2	498d30cdb7bc2bc28c390719d60ef291084b903dd5f9c4f89671752c9c3b58f7
887	2323	afbb4d05-60c3-5f2d-8c0a-8507a6333eb2	67257524-9514-5d81-925b-59cb5f280ca0	held	metadata_supported	true	3	4	249	4	open_candidate	123bc7e257fdf11877370f5b1d1c1ab70e7d60bf4be176f8ed74a1febe44a2b0	3	04e969c2794f21d3715140bca9eacda8bfe6417597229721b42ba130affcf0f8
888	7438	129d3cf1-44d3-58d5-9763-7a381aa0dd26	c2233b52-55c9-5668-978f-83e069a205f6	held	metadata_supported	true	3	4	249	4	open_candidate	9d64f998ea5699e43f452a57227b356ae5dab03d5b027a867d49b80af01d6692	4	1659079059cba74e64b9216862ff034be108d7c2f411a99fb6dfa6ff27d70ea5
889	13755	c2ee00b0-b38a-596b-a231-31126f0928af	0e026534-c232-554d-80fc-96220d6c3250	held	metadata_supported	true	3	4	247	4	open_candidate	28b5aa7b3434bf4b05d460b753fda57948a937094213d70201a5a1f904228877	5	1b77c87ee440f4b0db4eb2a772c0736b86f0fab23dedc483f2b792af79ec4528
890	15827	ba822310-d108-509a-8229-246327b41d72	61cccf6a-0e13-54ab-beaf-434e9fcc2740	held	metadata_supported	true	3	4	230	4	open_candidate	b5d6db725c1b8d72087639beb24c1beb8979f14b9c63ff71b406488e2566eaa7	6	23b12390c9c291f819c92ce8ac25144582bd832e8f302bdfa80fa5721eed2c89
891	13999	50c1e75b-13a6-55d2-b617-b5ef1b4488a5	ca079590-3acc-55ee-8711-fec9dc0ec5e0	held	metadata_supported	true	3	4	247	4	open_candidate	e67758697408c16f4017f6334674139c7e4a494edb5ac8f9f54a1c69fa2aec05	7	016a863cc586d9cec1cca1f215bea82b062ed93889d7c5dc4b38965ced1c9310
892	2814	0342a3f4-44b5-57d8-8d39-8b4ec22466ab	af4d70bd-d803-52c4-bdf5-9eaf28e03e3a	held	metadata_supported	true	3	4	230	4	source_viewer_candidate	1bc8ece4fab2c3593afd95fc69a7d0badb171298379f775ad7b713ad9d3d9312	0	34f4849663632b4636cd3e848d7872084e3c1074189500e7488e012d7a909325
893	3641	71d9848d-32c9-5ed7-96b3-99bd52593950	7c3fa9e6-869c-5f5f-a625-c57d0e81759b	held	metadata_supported	true	3	4	230	4	source_viewer_candidate	b1f1b3f5a7ab62246f5507b11f9703efae2b7bd57d6d9a5e2e332f275db798b3	1	79faac9894c0c081478307f370cec2ab7a1e2146a5f51b077dd3dce854d0062c
894	10825	44864f1f-3836-5fe2-9dab-eff0ecea02e2	34b3610f-0006-586f-9b3b-a394cf58a660	held	metadata_supported	true	4	4	230	4	source_viewer_candidate	497adecf79849ad2e546759b47539c9c2fd2e339242dadbbc6e5618044646b39	2	2ccfc3fe319e88299018d5eb367ee01ea21329377bd318094bc51b74a8993762
895	3234	2156aa9e-4965-5f1d-8d62-159ae882cdcb	c8cae8db-1c8e-5387-bfa3-5611c0105b90	held	metadata_supported	true	4	4	240	4	source_viewer_candidate	10f50e98203c4bae4009987d0a9c7bda038c9ace8ba0d985702ecf450c9f21ae	5	0e8218e30a544c3bb5ce66e284a01e5324984e67192601d733ba0063a0835459
896	10312	cc7c2b77-922b-5b38-9e39-216e64c77976	7e0a04c2-8d1f-5f7c-900b-33a23043c3f4	held	metadata_supported	true	4	4	230	4	source_viewer_candidate	e6ae54059480e4076c9e8aded7ed5ad7a9391c3f68c69b38839074cf3a380763	6	95e7a2c5ff0aaf4476567618f3c0533e0df57c7b3ab99434f66fcc66dd00c062
897	8195	5f0e49c6-a838-5f72-9557-5d05c9d0cc04	e40e36d7-8510-522c-abb5-85e7dd10ab9a	held	metadata_supported	true	3	4	236	4	source_viewer_candidate	84cf5cc09554c708787c465df238da4163a0805594a9be425cfa1ad3a24e2781	7	19a7579b07327b0418dff9640376643ea9c54077187f42a998cb3bb4a6d62c0d
898	10818	01f06434-2330-57e5-af4d-5099e376ee9c	d1c05778-2475-515c-90ae-d55e3fbdfd64	held	missing	true	3	4	215	1	open_candidate	f498d85db75decf8f507e0eb30c4ee330058dc83b98f9f041da0799cf88ac344	0	0547038b15064ba51e195db974eb8b59a48728de35b69d39d07b2dc27ba364b9
899	1567	21b9afb2-8095-5c9c-9e53-dbbfc0d54330	bd17bae1-a883-5979-802c-0c52a89593b0	held	missing	true	3	4	215	1	open_candidate	3ad1dd9bea5bfcf3da649374ce8f188cd13d3ed29fbe9bf42161710bb58461f0	1	434008d0aa32c6d51c90922c2195c2d436dc1a90e2140f1ed13aee11738b31f6
900	3584	a7217e5c-e912-548b-aa4d-ddef241f357d	595b5051-c9b8-5af5-a8f7-58e65ad5ee9d	held	missing	true	3	4	217	1	open_candidate	31da86e1e7c133e493ae58eec540f78a233a36f1e66e67a26ae28a4770e19bc6	2	b01db77b5cb8a9e3937e9e33369b4206b358d436ea4e93f9685719bad2ec2f6e
901	7743	d985a077-2b6d-5509-8088-b14443196304	63d4d508-e2c9-56ae-88be-324afb56bf3d	held	missing	true	3	4	217	1	open_candidate	ce13526429def2a8da1f86b30897b84df96759926fdf083ce4ec5fd430dff2c5	3	093ff75cb2943d56ad8ee7644241542d9a42fe38d18d44e78c75d084edd08d65
902	2505	1ca816be-18eb-5f64-9031-c0a1e488c52d	e85498b4-6a4c-58d2-ad7a-81b35451988a	held	missing	true	3	4	215	1	open_candidate	19445551a692516c3bee1bbf6e1f5ecdc7409571d3a5f1da17d6d44410e7a5c9	4	4450501f615c59e33fddb29d411241a8f3b319eb5c1cb31d76b80676b39187c7
903	4939	1438413e-fd24-5e25-a24d-17c8c70054da	f8ac9b8e-adb3-5fd5-b4f1-c96a6d56e841	held	missing	true	3	4	215	1	open_candidate	28b5aa7b3434bf4b05d460b753fda57948a937094213d70201a5a1f904228877	5	221d810038da016a333d07678f8489bfa54f557f13c74764ba882f0643c89f92
904	2276	5cfdc0e9-52a5-54a3-8a05-1aabf79a1ab2	40a0520e-353f-5290-b6aa-0c8b14e675c1	held	missing	true	3	4	217	1	open_candidate	f40e920f73ce5cf88840b1c14c1b4bd6f173daaf120d39c9e36d4d2c0965547b	6	42b8b864b29de2b1e988c398171436e736b81ba3d1e9793faaf33ed53fef8baa
905	15429	1ddf3a55-3242-5236-98ac-5ab72a07750c	4401f592-f789-5525-af79-547d84b9cf3c	held	missing	true	3	4	215	1	open_candidate	e67758697408c16f4017f6334674139c7e4a494edb5ac8f9f54a1c69fa2aec05	7	06d4403971476c6aee9b02bfdf5bc5e6f30136a63558db326de6046a567cb146
906	1004	e554f865-cddd-5e98-a6a1-5571e1116548	1726a69f-a43e-5fbb-8a90-e54fc047b0b4	held	missing	true	3	4	219	2	open_candidate	f498d85db75decf8f507e0eb30c4ee330058dc83b98f9f041da0799cf88ac344	0	0a927c244b661b70e24e9635fb0d556798f9fab6515b21ccb6bad798e0958465
907	2024	c309d052-89a9-5a18-a497-8eba7d37792b	fae1b3b6-8125-58d4-a1bf-2862603414ec	held	missing	true	3	4	220	2	open_candidate	79792db1c27f267887d18b8e6170ee5fd8d2cce8888d8b6a502e060ed028195d	1	36b7671eec448db27f4a03e9ec490dd0737337c93bf16fc0d61c4b5b307ee2fc
908	12554	d3c584d2-24ea-5754-8c9e-be034ef03d3a	28da7cff-7e3c-5833-bf37-a4d6b44e28a0	held	missing	true	3	4	218	2	open_candidate	ffea0edf12ddb517952b3767ca5483718501e64434b444d0f2eb185bf970a8b8	2	c68071758607453bd7a6f168f6fcba84478d1b39980f5ab126a68007a7a454ca
909	8187	e2953641-5cf9-5d1d-82c4-841e89db4378	493d7ad1-e11d-5df8-bdc6-1e5f6114cda5	held	missing	true	3	4	218	2	open_candidate	ce13526429def2a8da1f86b30897b84df96759926fdf083ce4ec5fd430dff2c5	3	014e7409c39b1b5eb50c93fcd73f602130888ca6ad15e17f19f60b7ef388cacc
910	5544	b7cc8cac-a2a1-587c-a118-0c633f65d434	ccaa0cf6-9801-5ca1-923c-07548f3e50f2	held	missing	true	3	4	220	2	open_candidate	a1fc48bfca74666bc01361ea7f8597a3bc13975d97be7b2422e9b0495c41a86e	4	2ac535d01b5f6fe0206b9bc7b01743402ff2c18931a0ea9cf1b4a8618dc24f44
911	2209	aeb86d65-4fee-5afc-b133-13411d13fe18	ac7b0c7c-e6e6-52ca-b207-63e1286530a2	held	missing	true	3	4	220	2	open_candidate	6bb5b12d53a1693652b3e9c037ecb623e09793aa911b3ea45e620cda0db1094d	5	0b0727de3067ae0fbcdc9ee0cac0e3a653bc3d97681bb4dd78dce0d8f14c79ac
912	4235	d22a41ac-2857-5684-a02f-9136238857d6	246af6e4-dd84-5325-8e59-c78c7cf0be6c	held	missing	true	3	4	220	2	open_candidate	c4d67403ea190e7bbe2b879fcd71c15b8c77e1d9e735d5a36a7a4d5660f57e11	6	e51c1d756fa51b214b3a009392f742fb8c81b5cbed3d9aa27154a532fe083864
913	11749	b2fdfc9f-423c-5539-b279-80c400f4e732	a5aeaecd-ca02-5b57-995f-4cbc5f73293e	held	missing	true	3	4	219	2	open_candidate	e67758697408c16f4017f6334674139c7e4a494edb5ac8f9f54a1c69fa2aec05	7	0f1e0b6d29e4272726475aed100dbc4d121e6e53e5dc32f2f5a8654f3d47d4dc
914	7466	d9b539f0-45a5-5d4a-a647-39dc7477e2be	ed759ae2-ba71-502e-bd00-a83e6e114bd2	held	missing	true	3	4	225	3	open_candidate	f498d85db75decf8f507e0eb30c4ee330058dc83b98f9f041da0799cf88ac344	0	2bf316e01ead89566944bc58ee4d7b20e197e77430789fc1692682f483ea5c81
915	1619	9ec229f9-2c15-5143-9d0e-e671c26b7782	e31e432a-9346-5f47-92c4-7b32a983eafa	held	missing	true	3	4	228	3	open_candidate	ce13526429def2a8da1f86b30897b84df96759926fdf083ce4ec5fd430dff2c5	3	03e7dc8b0eb8966bac6e3ab5207ccd9ec768a6849c4f830d6fae5e1ada50932b
916	1952	6b28e2c7-8d39-57bd-bdb5-f515e353d341	3014ca1d-8719-581b-976a-df999da377a9	held	missing	true	3	4	225	3	open_candidate	28b5aa7b3434bf4b05d460b753fda57948a937094213d70201a5a1f904228877	5	adb55126d3b130dd2a9f7cfa4f168480dcce9abae29904ba35d5897fec0702aa
917	6975	7eaedd08-ae96-5a71-80bd-2023fd4fbb38	95695157-374b-5f7b-a9cc-eb14014b6ba1	held	missing	true	3	4	229	4	open_candidate	ce13526429def2a8da1f86b30897b84df96759926fdf083ce4ec5fd430dff2c5	3	143a44ad943954aae9965c1bea90874f3bf33004ffd7553175783d8367586d6a
918	9179	172f621e-8f14-50aa-81ad-75ae54ebd194	33b45f8f-f4a7-5d22-a65b-d990f74e7206	eligible	source_verified	false	3	4	209	0	rights_review_required	afb9f5afa500f5cb97a845d53ed8adf94fda2e02a1a4aa6c9aad16cbc56c5f77	1	7b82cc4bb3066ed6bd68053691bd857e9fa4d856d37d508a3f7e37c159c85224
919	1264	47487fab-c78e-557e-b97a-466c6ef65118	d49c76ae-980d-5155-a072-28439f5be168	eligible	source_verified	true	3	4	214	0	open_candidate	86665ecc5119deb7ae812739e8af3a20ff4dd498311e00a487a84b95c393e8c4	6	9ac333e25229658d94517e3c92980f1aad8a72c6f0087baf66dd7e544ce7428e
920	13922	c793df8a-ca3f-583a-80af-69df7b26eefb	5c3d6f01-d2f4-54fa-962e-8ae62b127663	eligible	source_verified	true	3	4	213	0	source_viewer_candidate	3a184875d2c874dd4aee0b7438fee6f2555dab63754d5cdf12b52e527f35de9f	0	0b3d3ab9cd421b5e2dae57e42f1630d779919c9b4deb71d8dbc36cf7825c18be
921	5534	8e5afa7d-3d8e-55d6-b6ce-361326dfada2	25ff40ef-8c49-51b9-8ff8-f2b0e74cae26	eligible	source_verified	true	3	4	211	0	source_viewer_candidate	a4a993cc53d58d20c3f58bc334a65558933f4e4fbcb7dffd05c5900f9e9fa6a5	1	643632e170b54b186227820508db4c8d51a35d73d1d7a19a882486e9d82378a5
922	10920	6fd40dbb-1557-5a29-93c3-62b569424302	1b48e417-f44f-59d8-bdb2-f7adfb7ad2a5	eligible	source_verified	true	3	4	210	0	source_viewer_candidate	436a336f9d82eff6e82d10cb6535c14ef535149378be9e921ff731e3a3246e0e	2	016dc0361505c116f0bb262ad40b144ebf51b279f3874aae009c4a7d7530fb8f
923	13910	4b6d7ff5-ec00-5d4e-a173-efe75cbefc27	cdd0b075-cad0-5831-9eae-914e9c598809	eligible	source_verified	true	3	4	209	0	source_viewer_candidate	19dee214942adad17a440254a87b8f3cbc1ac465b3c61ae4571b4a110bb0c63c	6	170967c52547b4a8ea50fe643c4c461081999ef8c57958e830d0ce341cba4992
924	1267	bf21a779-0c72-5cc5-b93c-62491874e211	220bcc07-b973-5483-85e1-fe3e4ba26cb1	eligible	source_verified	true	3	4	215	1	open_candidate	86665ecc5119deb7ae812739e8af3a20ff4dd498311e00a487a84b95c393e8c4	6	74bfb5a4a8fe46cc0530b0002b897298bf698bdc38210e0d391768cdd3226cd7
925	15670	f97c092a-e0f1-5f6f-a9bb-a87b02f2ae6b	15010a79-71c4-5440-b04c-9e92f2493c8e	eligible	source_verified	true	3	4	216	1	source_viewer_candidate	afb9f5afa500f5cb97a845d53ed8adf94fda2e02a1a4aa6c9aad16cbc56c5f77	1	5d16067ce56b2a98832e5344b83c548f8e6f3cb208fca3d5f33b7352bdfee5c5
926	11031	c2590128-17b7-5385-a09c-c99d32f36636	27dc65bc-02f8-53ef-8b1a-895af39a5819	eligible	source_verified	true	3	4	215	1	source_viewer_candidate	436a336f9d82eff6e82d10cb6535c14ef535149378be9e921ff731e3a3246e0e	2	055da72877ec535ca69eb16c7e02b4e7dfd32588360b2c04f16538bed4f628d8
927	9712	f1e6fd0f-84fa-50d3-ab6a-5bf355ef7b2e	228e6dc6-08b6-59c2-90a1-f4ceb8ae3c06	eligible	source_verified	true	3	4	215	1	source_viewer_candidate	86665ecc5119deb7ae812739e8af3a20ff4dd498311e00a487a84b95c393e8c4	6	4b80f3d6628407618855dfb60225e3546781892144ee14a9598a266939c7aed2
928	15544	2c64126d-1d02-531e-a1c8-baa873a51a0d	bde90fd3-ceb0-57e3-8d69-defdbdb06cbd	eligible	source_verified	true	3	4	223	2	source_viewer_candidate	5489a6970e7df484aa394c3b34d0f69fc5f4c7c88e570bc1eb2df907346da70d	1	1a5503d9910b0c8f1b46acba3358bc0d840f9752590757e691374d1124be4dca
929	672	9d342dc2-ab64-5ed9-a8fb-2c69c240f6d7	6b56220f-09d6-52f7-aabf-2575f53388c0	eligible	source_verified	true	3	4	219	2	source_viewer_candidate	436a336f9d82eff6e82d10cb6535c14ef535149378be9e921ff731e3a3246e0e	2	0b12af7807213d28c893ba85e1d8c26511acef084f19e5a3f9ebd5e01a2e460f
930	6647	f89b7359-24fa-5651-8c1a-25c6873b36bb	9e251c2a-3dcc-5479-846b-c2557931f9d1	eligible	source_verified	true	3	4	223	2	source_viewer_candidate	884d0bba04f878989279721c4cbc99d2a6cfa510ff2e5466f6f75b4cc6ef287f	5	051d4188acf1c06c2c6de0544d96028e19c894a3f7a52d14f027fd47d121d4c9
931	1321	a481288e-5082-5480-a803-943c6d6bc675	11e58f20-0c7d-5f5d-9605-d7140081316a	eligible	source_verified	true	3	4	226	3	open_candidate	3a184875d2c874dd4aee0b7438fee6f2555dab63754d5cdf12b52e527f35de9f	0	70c89311736cd79868d49835bc8c065a4adce1647ec1dbc7cd4cb6be24770fd4
932	9115	928373fc-30b8-53da-b91b-4930863da9b3	d4c233ad-cecd-51e4-8756-073d6b826558	eligible	source_verified	true	3	4	226	3	source_viewer_candidate	3a184875d2c874dd4aee0b7438fee6f2555dab63754d5cdf12b52e527f35de9f	0	0f9f75a2d9bdd42eac02fae0484ccb51b20280cbe616b9061f2ac7351df23eb8
933	13936	a7296152-d40c-599b-a52c-99184c505f53	99058b5f-6c42-5dd7-ac4b-bbc53e35977a	eligible	source_verified	true	3	4	226	3	source_viewer_candidate	5489a6970e7df484aa394c3b34d0f69fc5f4c7c88e570bc1eb2df907346da70d	1	e494e707691923d274c738fd00fa0bab883c5e14794e3a563e613cb23f208d8b
934	4731	4a993506-8ae1-518b-b489-ba5f846454fe	d3383334-20ed-5bdc-8ca2-1da4db76a2b2	eligible	source_verified	true	3	4	225	3	source_viewer_candidate	436a336f9d82eff6e82d10cb6535c14ef535149378be9e921ff731e3a3246e0e	2	1d1d28315f8b5e9a0db051d7b4e3a328fe0303fd17f6359210eec23cd12f9720
935	12048	12dd7718-ba11-548e-a0c4-80eafd51fd31	aa1b3eb9-e262-5111-b95c-34ed88f59a79	eligible	source_verified	true	3	4	226	3	source_viewer_candidate	769462c4f46dd6ed56e8680c5358c9ed627ef1589500c8b818a57c71e1e3e68c	4	07445e8e7cc71b8271c74f23e1e21f0bd5180fddc1c073ad2afdbe9f9e1faa12
936	8199	79e6b35a-b693-59da-8b38-a94ab367c6c2	5703b41d-046e-564b-a4b2-08e55c1ca7d0	eligible	source_verified	true	3	4	227	3	source_viewer_candidate	884d0bba04f878989279721c4cbc99d2a6cfa510ff2e5466f6f75b4cc6ef287f	5	024cdf235a0ec9533a07c216720150ad61df3d44649070f0e70813e283a7c6ff
937	2462	e649f767-beed-5781-9b97-51b19039b4b1	64d50158-78ba-5404-bbf3-41e100fdd67f	eligible	source_verified	true	3	4	226	3	source_viewer_candidate	a8e60ead06dd30adb0e988b8d5809afe5c86d183e94227a497d00914e7030e8a	6	07976ad6d9948cf41d67b2f7503f1351cbf47df6938c0aed935bdf6e413bbecf
938	7630	d7bb7c72-3fa8-534d-8351-caf518cb4b99	544951ad-be27-57d2-b308-a2378bd2dc43	eligible	source_verified	true	3	4	228	3	source_viewer_candidate	a1a791cb7cd269685c534e2cf479e1865a585772b0b5126ee4abf4dc87dfd72b	7	30537320231db9ddcc53583a5be5ff0897e71e390ec0de7442374489de849cdd
939	15862	6cd7c67f-ba11-51ba-be1e-210b89cf18ed	c1329d0a-ecc7-5337-a240-46c6c4d47bdd	eligible	source_verified	true	3	4	233	4	source_viewer_candidate	5489a6970e7df484aa394c3b34d0f69fc5f4c7c88e570bc1eb2df907346da70d	1	4bf21503796154f3e527de32bfa7fe2fb8c2e65bf8b1ef878fb92bde1b7ab485
940	2147	a0305d72-5926-527d-bd34-5e11f9bf9173	3bab4510-6b14-52dc-b11c-fc1b99eccd43	eligible	source_verified	true	3	4	230	4	source_viewer_candidate	436a336f9d82eff6e82d10cb6535c14ef535149378be9e921ff731e3a3246e0e	2	83467b31b13222f03709604f36aca2402c083e724511311577404b3f2d3e12db
941	7491	115b9f6b-d4a7-5c0c-923f-eb3483dd102f	09ff5a3b-0b7c-5b8c-8433-89b568b8f638	eligible	source_verified	true	3	4	230	4	source_viewer_candidate	884d0bba04f878989279721c4cbc99d2a6cfa510ff2e5466f6f75b4cc6ef287f	5	08c4fe275d834feafcdd1c406cbcf3b5727e7832e7e98f61fac64a98e95be59f
942	3253	c7ac73d4-5bd7-5ceb-bf35-fecd1331b2ee	275d35b1-54c0-5115-b0bb-08bde2e9a2a3	eligible	source_verified	true	3	4	231	4	thumbnail_candidate	e712d1697775f728053fd9234295603b3c0993ad13a391b40ce55e87db1f141d	2	9dba07eda56cf6499285512874862a9190953834aa91326eb6ca458028fc43c7
943	4570	f19854d5-bd16-52a0-8ce4-43b71c9abfa1	8ee188db-7584-594e-9299-cba04aa191da	held	metadata_supported	false	3	4	237	4	rights_review_required	3a184875d2c874dd4aee0b7438fee6f2555dab63754d5cdf12b52e527f35de9f	0	4b90d2208d04967b503a0dcfdd8b4deb05895cdd776678c60b997bc28db5c48e
944	3556	13a0896d-df56-57a2-9e26-d789771b3bad	33c048e4-7dff-59af-9f44-cad1765e2514	held	metadata_supported	true	3	4	226	3	open_candidate	3280c3edab3ed2fc72aa2092c98de2c145777e08d0bc8c544b619332e48c7877	0	131886ac5377d1e220dc0fa26c3b54738e4ea133ebee369a27b0093992dc5014
945	1907	1f73a8a4-56f5-5b31-a2ba-dd8f8d0f8842	2e2b66b7-13a9-5d9b-873c-53c969f59bd2	held	metadata_supported	true	3	4	226	3	open_candidate	b5d6db725c1b8d72087639beb24c1beb8979f14b9c63ff71b406488e2566eaa7	6	7b2497704e2e07bcd768d0b5c5f0345d3f0b23e7605944966aa8243af7c8a5e0
946	88	20f00079-192c-524f-a831-f1a46f4e9ab3	dfd16e0c-8997-554a-93ca-091c63eb79fd	held	metadata_supported	true	3	4	226	3	source_viewer_candidate	3280c3edab3ed2fc72aa2092c98de2c145777e08d0bc8c544b619332e48c7877	0	228251db3069704b46552b06905153c979007f199814f9e3f44434e0aaf4a67d
947	15857	74a5a5a7-9d9f-5a8f-bec9-16285dbe054d	ec735528-8665-535f-b14f-191ea759e2c4	held	metadata_supported	true	3	4	225	3	source_viewer_candidate	afb9f5afa500f5cb97a845d53ed8adf94fda2e02a1a4aa6c9aad16cbc56c5f77	1	36988d9ccc98b1c260cacc2bac1630ed416f6605b8b242a30ab956ac636ed21d
948	11948	2ce390b0-9056-530a-b980-fcf4d1d821c7	85a44377-dbb2-5b24-9c8e-1d1d6475d651	held	metadata_supported	true	3	4	226	3	source_viewer_candidate	9cca9cec7dd4f6df5affe73440c5fa867c30b6cfe70c2888721528a2e4eeb320	2	de5f0a24e70944ed3fd7e7de0e5a901ed181fc5edb4f92322830cfc811eaeadb
949	15029	3db0bc27-d65f-56c9-b0b3-50d09ce7583d	7ccc8e8f-040e-594c-b816-4c0ebbbc95b4	held	metadata_supported	true	3	4	226	3	source_viewer_candidate	b5d6db725c1b8d72087639beb24c1beb8979f14b9c63ff71b406488e2566eaa7	6	39f5d0c9e1a87637f8a0fb5c67677feac66ed0a6ca8a3dc469b374c6a7fa7c84
950	5465	200b1b3f-bc94-5bd1-9b9e-ab702315c521	2246ad9e-3037-5d39-948d-0147b7495405	held	metadata_supported	true	3	4	247	4	open_candidate	f7a0c7e86d60988e82892f782bab4500c2a2a55843bf72a7113884401dcc23d0	0	0879e9bf475711ca02c79b721c8a586242de9c31fc6f7f1cf710b6d5a6e31218
951	1595	a12a06c2-8479-5b44-b63c-09a92714881a	2e2e64ce-254f-5d91-bf73-98f037d96d65	held	metadata_supported	true	3	4	249	4	open_candidate	38d9fe2c1b73273a920cbf9c7af9479b4a1b5085aaf5b1083ba52b5a4488802e	1	c26565f4c3e579d4c9bf92739cee34bf7a8257194e92141e52f92f26972505a1
952	14659	fd8657ee-76e6-5f91-a99e-3cf415f06cb5	02e1c323-693e-5574-8144-91966367aa12	held	metadata_supported	true	3	4	249	4	open_candidate	b68a9c89f346a5a458498bfe3476dae8db4e13f501b407558a422ef3d1a9623e	2	4d7094ffd0305733d866890af50e253d3474b67f73bb7478f8b0a5e1b3f40766
953	322	aba4ae51-b8bb-5687-a158-e643cd09bf44	d2fe7916-5ad7-5d7d-b6d7-1110baa0a086	held	metadata_supported	true	3	4	249	4	open_candidate	123bc7e257fdf11877370f5b1d1c1ab70e7d60bf4be176f8ed74a1febe44a2b0	3	058249fc6074d1247ee67f39a20696d4f5ad7343ae59c71cd37b955ff00eb672
954	544	7c1d8317-b9df-571f-9979-71cf318dd995	40a9f506-6a56-5ffd-a6c5-b2228d0d20e5	held	metadata_supported	true	3	4	243	4	open_candidate	19445551a692516c3bee1bbf6e1f5ecdc7409571d3a5f1da17d6d44410e7a5c9	4	1666e7378b418922cbb3ff147171cdaab7b2efc8ac8e871a73c3de48d1076b06
955	13331	d66feb94-abe2-529d-a90b-e0ec8eb75935	9a286345-dc7b-5efe-9076-378440338afb	held	metadata_supported	true	3	4	247	4	open_candidate	28b5aa7b3434bf4b05d460b753fda57948a937094213d70201a5a1f904228877	5	1bcab405d29648b55b56c896e8231a442bbd07323018e5926ceff3e5d2f20c4b
956	14330	1c88e152-fa6b-5df3-8802-10621a821801	162ddab0-a08a-5179-8b21-0be8e973a15a	held	metadata_supported	true	3	4	230	4	open_candidate	b5d6db725c1b8d72087639beb24c1beb8979f14b9c63ff71b406488e2566eaa7	6	2661b2b346aedb27a20faa65c5a475361ef2a53d72030f027356da8923d01da9
957	11166	3658bbc0-7085-58c4-b1bb-b23fb8823097	28a14a28-c435-5982-94b0-e11ad6025976	held	metadata_supported	true	3	4	237	4	open_candidate	e67758697408c16f4017f6334674139c7e4a494edb5ac8f9f54a1c69fa2aec05	7	0172171e2a43e99bd678cd27318e68ebf240b8508457e0103adf9e67bf7a1c41
958	8265	3939d10b-b7f9-5a9e-bcc8-73187337670e	59f3b4bf-f772-58c5-b103-bd90b8b1db7d	held	metadata_supported	true	3	4	230	4	source_viewer_candidate	c118a7ff442b170d7a75620d5956da2b9cfef9d789711e02679d325108f74126	0	3c1ebc4794ecda9c179d0fe8ade98f3327cc681fc5d77d5417ac5a2abae67540
959	4417	effbfb6f-590a-549d-97d4-00b2ac416a52	af556708-2d27-5344-9d91-5a3bbc000bfa	held	metadata_supported	true	3	4	242	4	source_viewer_candidate	b1f1b3f5a7ab62246f5507b11f9703efae2b7bd57d6d9a5e2e332f275db798b3	1	7baec1df4b39539033f365dcd3a3525f9fc471e64f75e5ac2fff605d006d3120
960	15331	e639587b-d7d5-58b6-b130-179216c2d4b2	97836f84-47b1-54b4-85af-5a40abd9fe27	held	metadata_supported	true	4	4	234	4	source_viewer_candidate	497adecf79849ad2e546759b47539c9c2fd2e339242dadbbc6e5618044646b39	2	2fa86ab66b457e9b9c0fb1905b8a5866ab786811325e82ce757092c1b64596af
961	3244	4350efe1-8c95-5883-81e4-c7be4653c33e	4e5b01f3-c8c7-57a5-a8e1-04265105a893	held	metadata_supported	true	3	4	230	4	source_viewer_candidate	10f50e98203c4bae4009987d0a9c7bda038c9ace8ba0d985702ecf450c9f21ae	5	10678d5db0aa0a00bdf81eeaba2d8878156d89015ff3456b2473c389c867cbc9
962	9699	3b09abb9-81f2-52bf-81b0-c56a17b9254d	fd60c464-dcf3-5dca-9f29-7af20115758c	held	metadata_supported	true	3	4	230	4	source_viewer_candidate	b5d6db725c1b8d72087639beb24c1beb8979f14b9c63ff71b406488e2566eaa7	6	ada12598cf22c454c6ebb824758ed8643aa9c1a776f1bdf004ee86f3f0a5dab1
963	10300	0d561c21-f7b6-5e53-a64f-6a2f132a0b94	c478752f-9b8b-56d9-baa8-119d841f9ab7	held	metadata_supported	true	3	4	232	4	source_viewer_candidate	84cf5cc09554c708787c465df238da4163a0805594a9be425cfa1ad3a24e2781	7	1a59a8f5cad77836748b766e8d60b63b318f34cd061b11f6c1d7e56d6116c4bb
964	3334	190c58ea-025c-5da1-a4af-597a56256df6	9ba91ec5-ac48-5182-aacb-5de8c5fecdb3	held	missing	true	3	4	216	1	open_candidate	f498d85db75decf8f507e0eb30c4ee330058dc83b98f9f041da0799cf88ac344	0	0963cab3f7bf4d6d0547e2cc929f488fe22871e8d537612b6f4559220599fef1
965	1575	414c8fdc-3283-51e2-bfbe-de3ce54ea679	d9f5a85e-658e-551d-b5bb-a6900d07afd1	held	missing	true	3	4	215	1	open_candidate	3ad1dd9bea5bfcf3da649374ce8f188cd13d3ed29fbe9bf42161710bb58461f0	1	53977a07a5191df3b683413ad38f24cfd39fafd0da21b4e0b2b6ec84535dca75
966	3542	df61c1e4-108d-5a0c-8eae-f89d5d2cd610	67276c5e-bc90-5067-9e70-40d9fcf4dfe4	held	missing	true	3	4	217	1	open_candidate	2d8a7a2ffbaca280ac0876c1e827195fb7e1495bcbc8ecaa961b96049bea8464	2	c3f476f2e80815faa9ff9bff24478ddc723ac64826896681e4ff341370635795
967	5030	cc5518cf-c535-5e35-8ae5-402d386e022a	dfe29b26-1b59-56b2-bb31-95ac70dd03c3	held	missing	true	3	4	217	1	open_candidate	ce13526429def2a8da1f86b30897b84df96759926fdf083ce4ec5fd430dff2c5	3	09601ba9dbc62f7f16e8c0246310f1daae66b37ccf06210a57ea08916ef95cdd
968	3470	0ab98b8b-1818-546f-bf79-22f8234e8bad	3a1288d5-6d26-538b-9003-7137b2a8e6bb	held	missing	true	3	4	217	1	open_candidate	4c94a0e3d66996169b12ff2aa671da357ecc9f331867c5ff04e2acd91f2c082b	4	464f3d2b06ba0bcd51bd3568defc472fa8d61b1ae56517a15737d14526461483
969	2014	4d9a5760-a11a-579f-845c-54f51e94e3f9	57385928-db84-5d09-8193-44aef428731a	held	missing	true	3	4	215	1	open_candidate	28b5aa7b3434bf4b05d460b753fda57948a937094213d70201a5a1f904228877	5	26150b58e4e34e340d4806ba49bd5b56630884465047ccb5ef35497e20190248
970	2068	850cc133-b5d0-5a36-96b4-9122c125e42e	0c3fee7c-bda7-516b-a6ee-fe41442d8fe9	held	missing	true	3	4	217	1	open_candidate	f40e920f73ce5cf88840b1c14c1b4bd6f173daaf120d39c9e36d4d2c0965547b	6	47298d792e437feb287175db650cd0639d58ae83d7240e37b768534788f31ab1
971	15751	2553efc5-4409-5b21-b3bb-d613cda3d3ce	0398b82d-5ead-5783-bc61-c11a9d312f1c	held	missing	true	3	4	215	1	open_candidate	e67758697408c16f4017f6334674139c7e4a494edb5ac8f9f54a1c69fa2aec05	7	078fae04f797e387bb003dba32b9ad923a482bdfbbab70689388e3311fea9ed2
972	4546	53b4be35-bb46-592f-9f55-344e858b62b9	471a4718-8b91-5726-b41b-054febbab76b	held	missing	true	3	4	219	2	open_candidate	f498d85db75decf8f507e0eb30c4ee330058dc83b98f9f041da0799cf88ac344	0	0aaf9a1977f94e4a813682baafb232a92a6b256efe74c4fcff43fe90e176a349
973	13367	950a8db5-7d1f-588a-adf6-f6dc8245806b	15d9eccb-7fcf-50fb-9586-ebfde07f80a4	held	missing	true	3	4	218	2	open_candidate	88b10ffdcd212b802f52339f4f7669d32437aa3883999600c7193f36a8ced50a	1	39187d3b29debace95361dae50f94c5f2b42ac7fd4320b3d31e4b8c98cdaebea
974	11841	40a61992-d5f6-51fc-b863-558d1bd3f3ca	d67fc6e7-d1ec-5f90-a069-04f81e86d8fb	held	missing	true	3	4	221	2	open_candidate	438ac127277553d6a35253f4f4f3649a9bba492b5afabbfacf13998dd15879d7	2	cb09dd02f731620ddee679edd296eb113242dc175a8ff10da010146eb03e6bd3
975	2656	88d33f74-7e27-51a6-9c72-291183cff421	0a8cb837-cdf5-5a08-a854-d0439407dc17	held	missing	true	3	4	221	2	open_candidate	ce13526429def2a8da1f86b30897b84df96759926fdf083ce4ec5fd430dff2c5	3	01f0b27e11bf44bf4853cf27033e430449521275575bc312ff130d3e37c3af40
976	4109	67a4370f-1453-5422-9aa7-ec1e706649af	395fd03b-ee5f-551a-addf-b876e3120b65	held	missing	true	3	4	220	2	open_candidate	4c94a0e3d66996169b12ff2aa671da357ecc9f331867c5ff04e2acd91f2c082b	4	2f0bbdbdf75cabefee55c19a8f6f483bb1d86c225fccf412871aa2b7f94af5c1
977	11833	7160d1a4-bac1-57c4-975e-af187232c7f1	0206d2b7-d2d6-5930-80b0-48c2eb25e31d	held	missing	true	3	4	221	2	open_candidate	412574b38f00ced0627422089fcc1bcaad110675eda655c5ef07ba177b37589b	5	0b0d4b02b73071421066eac8c68aaca60cf35d28ea6bbbc82dfe7958aad7a70e
978	14321	041b9de6-2224-5c1f-b431-a3ec13d39a10	0f8d8415-10ac-5b92-b037-3ceed1a8639b	held	missing	true	3	4	220	2	open_candidate	00b65d03a1fe847a5a78a45accc6b46cd03f2789d0da10758b60918c98081f0c	6	e7016f793e8d5670e49574f689bef68b15c3b2d085c9edcc21155e0dc9ffea40
979	13742	27e67a61-882b-5235-ac51-e03fa8129bbd	ff6e015e-c8c4-5531-b336-3d3cc4880eb6	held	missing	true	3	4	218	2	open_candidate	e67758697408c16f4017f6334674139c7e4a494edb5ac8f9f54a1c69fa2aec05	7	108e35549f833180314a3c890e714c41b65de604c5a61e562fb96b7b5d735f5b
980	11707	ba51861c-8f79-573d-8293-43add56fc963	7e0d4872-5dc0-5b82-8a94-0d2f1292278e	held	missing	true	3	4	225	3	open_candidate	f498d85db75decf8f507e0eb30c4ee330058dc83b98f9f041da0799cf88ac344	0	34ca73b4e702cff47b984e95817465831738232e08e1247988cbd7ae79953921
981	817	bf39f45a-08b7-53d3-b59a-71a4a00e45f3	69bc20e0-aeec-5cfd-8e8e-8852a31135b9	held	missing	true	3	4	228	3	open_candidate	ce13526429def2a8da1f86b30897b84df96759926fdf083ce4ec5fd430dff2c5	3	03ea4333956aae329aaead36f8e18ad9f00aaea0821cfb04584e652a6ed6959a
982	29	e9248306-f184-5064-bf36-733107e6c2ef	0e0c6584-dc21-5692-b392-550a3628b211	held	missing	true	3	4	224	3	open_candidate	28b5aa7b3434bf4b05d460b753fda57948a937094213d70201a5a1f904228877	5	b0e1348a76952b439166f90ebb666caa8fa2203894f02179ad343726470ed951
983	12749	4f9d4b9b-1d01-5cab-b13e-499d667e1ec9	982062d2-1902-550f-914a-a3a2737cd5da	held	missing	true	3	4	229	4	open_candidate	ce13526429def2a8da1f86b30897b84df96759926fdf083ce4ec5fd430dff2c5	3	16ee01af09b456ed448e8375b4212e20bd7a417ba33b85df8a7fe321bb309387
984	12111	f5b8b8cd-cd8e-5fab-81d7-355fece40baf	2c48d8ea-ba16-5fda-9b8b-d1e6756c352b	eligible	source_verified	false	3	4	206	0	rights_review_required	afb9f5afa500f5cb97a845d53ed8adf94fda2e02a1a4aa6c9aad16cbc56c5f77	1	90acbdacc0dbcfa0d1a98d46a7072a860a6720f431bd7b5425cc49cbc3f57785
985	1030	8c1ec934-a16f-54d0-a3c1-d36f8e672e03	9ba3b65f-b2b2-596f-8769-8206b13693ad	eligible	source_verified	true	3	4	214	0	open_candidate	86665ecc5119deb7ae812739e8af3a20ff4dd498311e00a487a84b95c393e8c4	6	c459f1d551c591f1b4ae49aff17ecf78d1213f68e6920e10c7fcd2e158d4f4bd
986	11931	2b205332-3b7a-5ad3-8eb8-9e5143502c6a	a7486d4a-e924-5627-a155-4c9a60601cda	eligible	source_verified	true	3	4	213	0	source_viewer_candidate	3a184875d2c874dd4aee0b7438fee6f2555dab63754d5cdf12b52e527f35de9f	0	0c47b095730f7081e1f6b33e0b5702458bb39e0200c77a738ac48b0fcb6e736b
987	5297	5721e8a7-083a-58f6-8ca4-fba309d4361e	1b641784-ee7b-55f9-ba57-27dea0c6d978	eligible	source_verified	true	3	4	212	0	source_viewer_candidate	a4a993cc53d58d20c3f58bc334a65558933f4e4fbcb7dffd05c5900f9e9fa6a5	1	667450e36d37b293b6c71babd8821f270d1e78e7e9cdda57671ef930e109c97c
988	10410	7c85b4de-dd60-5a94-9205-0ad0b5b12fb7	bc4f91f9-693e-505c-b7bc-d6e66c30a3a5	eligible	source_verified	true	3	4	213	0	source_viewer_candidate	436a336f9d82eff6e82d10cb6535c14ef535149378be9e921ff731e3a3246e0e	2	0173b2b63ccd30992b145b40e6385c0f0374b0ebac45b7704b80814d2829728d
989	9623	8b067c00-42f9-5db9-8707-0e68c0844b68	bcc2f57b-4d3b-5c2c-9991-9e533fb87e3a	eligible	source_verified	true	3	4	212	0	source_viewer_candidate	19dee214942adad17a440254a87b8f3cbc1ac465b3c61ae4571b4a110bb0c63c	6	187a6bd65481a5141d94ad003656139e9fd84fa9a6381bb4d54adb758aa4a7c9
990	1343	2ef680dc-7896-5f30-936b-e87cc84d1886	2e0401aa-7360-51ec-b766-1e8b17cc4317	eligible	source_verified	true	3	4	215	1	open_candidate	86665ecc5119deb7ae812739e8af3a20ff4dd498311e00a487a84b95c393e8c4	6	8fbe87730f100497627a27139ee4fb2ed3a986c2623daddef0b6d458c179bfd9
991	15665	f86d752a-60ec-5bc5-b7b1-5cfb5c30b9f1	82089fc8-bea2-535f-84df-a6d5b64edff2	eligible	source_verified	true	3	4	216	1	source_viewer_candidate	afb9f5afa500f5cb97a845d53ed8adf94fda2e02a1a4aa6c9aad16cbc56c5f77	1	5edcc6bf36d825d032ef5a51f3eabd639f12492a097005da85c91d70a11d6dab
992	11353	32046f6a-d7ce-5173-b9b1-a97dc43e1d31	e89c2c72-5d84-589c-b8b4-432c63c6bbbd	eligible	source_verified	true	3	4	215	1	source_viewer_candidate	436a336f9d82eff6e82d10cb6535c14ef535149378be9e921ff731e3a3246e0e	2	05a2fe43aeef5fa1804d683064cef340f4baa86ac531d7629ef2d78a719f59af
993	1445	c670d680-417b-5f01-a475-560475fa37f8	b04f1f86-6011-5c56-bc11-f2ecc4480ae5	eligible	source_verified	true	3	4	215	1	source_viewer_candidate	86665ecc5119deb7ae812739e8af3a20ff4dd498311e00a487a84b95c393e8c4	6	573a61d3e880dee0d2b9ebbac92fe86a1d1f5a7f7eef9f29fd5b4aa33989d1dd
994	14905	8e5c368b-4b87-59ee-ae50-ed32a1ef59cf	bba791ff-c86c-544f-b02e-1d59887904b6	eligible	source_verified	true	3	4	223	2	source_viewer_candidate	5489a6970e7df484aa394c3b34d0f69fc5f4c7c88e570bc1eb2df907346da70d	1	1c58ec88c90bbd4172eb09caf90ef12e8a65759638cac88c5b95f8fc7ec5f402
995	13809	8aa6ac43-ea6f-5b5f-b95b-6dc5947f745e	a7558db2-8b74-54d4-ad6f-376b1de91ae6	eligible	source_verified	true	3	4	222	2	source_viewer_candidate	436a336f9d82eff6e82d10cb6535c14ef535149378be9e921ff731e3a3246e0e	2	0b714a21801507fe70c7bcc7be14dbf0ed59eb099816a2ec5dd41e32f5c2d74c
996	7872	839ef7da-e026-5ab3-a1ac-744a11a7f62a	4ded6158-83e5-56d7-9ad7-2609ea565af5	eligible	source_verified	true	3	4	223	2	source_viewer_candidate	884d0bba04f878989279721c4cbc99d2a6cfa510ff2e5466f6f75b4cc6ef287f	5	057089a333c30362e518ebb4d618e92c88e9c64ad3a393b8aa34a3b3739edd34
997	1323	942d5aa7-ed3c-55ea-ab64-0e9bac686c84	a41ce2cc-73d9-5b9f-9ff6-882998b46054	eligible	source_verified	true	3	4	226	3	open_candidate	3a184875d2c874dd4aee0b7438fee6f2555dab63754d5cdf12b52e527f35de9f	0	8db7abcc87bc1a60d15f8e6c08a4cf3b6025b06adf289e7a77d014b1ef48ef88
998	2449	6ab4b9c9-21fd-5318-8427-5a0fb9953bb7	a781092f-a8e3-5d65-a15c-f61b1145039f	eligible	source_verified	true	3	4	226	3	source_viewer_candidate	3a184875d2c874dd4aee0b7438fee6f2555dab63754d5cdf12b52e527f35de9f	0	11176e7d80e88d53c840025dd236116ed6adb8f548fc02ad9f405c3038efbf01
999	15206	8a4b8dce-366f-5a31-8d65-53357ee6a547	ccacfbd4-05c2-5e54-810b-329dde4cc6b6	eligible	source_verified	true	3	4	226	3	source_viewer_candidate	5489a6970e7df484aa394c3b34d0f69fc5f4c7c88e570bc1eb2df907346da70d	1	ec802a78f9fa6963fcaf5b4d8a9efdb29b3114980db90b49171bebdd5b5ccc8b
1000	5702	e82b5dec-712f-5100-bfd2-512f3f5b0189	e1bb2598-eaeb-5f57-8216-9db648efe6f6	eligible	source_verified	true	3	4	226	3	source_viewer_candidate	436a336f9d82eff6e82d10cb6535c14ef535149378be9e921ff731e3a3246e0e	2	21a880799cb909abf31c8473c836ce8b02ea4ff1c4c8c0b8bea834feee566922
